frame,wall_ms,sim_ms,gpu_ms,phase,shot_requested,x,y,z,yaw,ready,aa,screen_percentage,motion_blur_quality,dynamic_res,vsync,frame_cap
397,20.234319,276.042988,7.494000,1,0,0.0000,0.0000,88.0000,0.0000,0,4.0,100.00,0.0,0.0,0.0,0.0
398,14.336837,20.187606,7.494000,1,0,0.0000,0.0000,90.0000,0.0000,0,4.0,100.00,0.0,0.0,0.0,0.0
399,16.876163,14.399138,13.756000,1,0,0.0000,0.0000,90.0000,0.0000,0,4.0,100.00,0.0,0.0,0.0,0.0
400,19.580993,16.876634,6.480000,1,0,0.0000,0.0000,90.0000,0.0000,0,4.0,100.00,0.0,0.0,0.0,0.0
401,16.822372,19.559983,7.009000,1,0,6000.0000,-1000.0000,90.0000,0.0000,0,4.0,100.00,0.0,0.0,0.0,0.0
402,18.501670,16.806652,6.856000,1,0,6000.0000,-1000.0000,90.0000,0.0000,1,4.0,100.00,0.0,0.0,0.0,0.0
403,16.099316,18.492759,8.005000,1,0,6000.0000,-1000.0000,90.0000,0.0000,1,4.0,100.00,0.0,0.0,0.0,0.0
404,11.754571,16.102446,8.005000,1,0,6000.0000,-1000.0000,90.0000,0.0000,1,4.0,100.00,0.0,0.0,0.0,0.0
405,15.504282,11.655438,7.011000,1,0,6000.0000,-1000.0000,90.0000,0.0000,1,4.0,100.00,0.0,0.0,0.0,0.0
406,14.212725,15.632396,6.841000,1,0,6000.0000,-1000.0000,90.0000,0.0000,1,4.0,100.00,0.0,0.0,0.0,0.0
407,14.196084,14.166854,6.742000,1,0,6000.0000,-1000.0000,90.0000,0.0000,1,4.0,100.00,0.0,0.0,0.0,0.0
408,14.236745,14.204284,6.469000,1,0,6000.0000,-1000.0000,90.0000,0.0000,1,4.0,100.00,0.0,0.0,0.0,0.0
409,12.719561,14.231895,6.496000,1,0,6000.0000,-1000.0000,90.0000,0.0000,1,4.0,100.00,0.0,0.0,0.0,0.0
410,13.978029,12.720171,6.497000,1,0,6000.0000,-1000.0000,90.0000,0.0000,1,4.0,100.00,0.0,0.0,0.0,0.0
411,10.584425,13.983750,6.497000,1,0,6000.0000,-1000.0000,90.0000,0.0000,1,4.0,100.00,0.0,0.0,0.0,0.0
412,13.526690,10.541743,6.601000,1,0,6000.0000,-1000.0000,90.0000,0.0000,1,4.0,100.00,0.0,0.0,0.0,0.0
413,11.500114,13.569310,6.482000,1,0,6000.0000,-1000.0000,90.0000,0.0000,1,4.0,100.00,0.0,0.0,0.0,0.0
414,11.343750,11.499774,6.482000,1,0,6000.0000,-1000.0000,90.0000,0.0000,1,4.0,100.00,0.0,0.0,0.0,0.0
415,11.985606,11.353322,6.618000,1,0,6000.0000,-1000.0000,90.0000,0.0000,1,4.0,100.00,0.0,0.0,0.0,0.0
416,12.334213,12.053357,6.474000,1,0,6000.0000,-1000.0000,90.0000,0.0000,1,4.0,100.00,0.0,0.0,0.0,0.0
417,11.816622,12.220970,6.483000,1,0,6000.0000,-1000.0000,90.0000,0.0000,1,4.0,100.00,0.0,0.0,0.0,0.0
418,11.079275,11.843432,6.547000,1,0,6000.0000,-1000.0000,90.0000,0.0000,1,4.0,100.00,0.0,0.0,0.0,0.0
419,12.165249,11.055835,6.517000,1,0,6000.0000,-1000.0000,90.0000,0.0000,1,4.0,100.00,0.0,0.0,0.0,0.0
420,11.119466,12.164899,6.256000,1,0,6000.0000,-1000.0000,90.0000,0.0000,1,4.0,100.00,0.0,0.0,0.0,0.0
421,10.962462,11.101965,6.289000,1,0,6000.0000,-1000.0000,90.0000,0.0000,1,4.0,100.00,0.0,0.0,0.0,0.0
422,11.391322,10.965533,6.204000,1,0,6000.0000,-1000.0000,90.0000,0.0000,1,4.0,100.00,0.0,0.0,0.0,0.0
423,10.749488,11.382341,6.244000,1,0,6000.0000,-1000.0000,90.0000,0.0000,1,4.0,100.00,0.0,0.0,0.0,0.0
424,12.086167,10.749979,6.266000,1,0,6000.0000,-1000.0000,90.0000,0.0000,1,4.0,100.00,0.0,0.0,0.0,0.0
425,13.437237,12.150908,6.240000,1,0,6000.0000,-1000.0000,90.0000,0.0000,1,4.0,100.00,0.0,0.0,0.0,0.0
426,12.246332,13.440488,6.416000,1,0,6000.0000,-1000.0000,90.0000,0.0000,1,4.0,100.00,0.0,0.0,0.0,0.0
427,11.716909,12.282212,6.162000,1,0,6000.0000,-1000.0000,90.0000,0.0000,1,4.0,100.00,0.0,0.0,0.0,0.0
428,11.684559,11.691969,6.513000,1,0,6000.0000,-1000.0000,90.0000,0.0000,1,4.0,100.00,0.0,0.0,0.0,0.0
429,11.997865,11.644707,6.223000,1,0,6000.0000,-1000.0000,90.0000,0.0000,1,4.0,100.00,0.0,0.0,0.0,0.0
430,16.290800,12.039226,6.239000,1,0,6000.0000,-1000.0000,90.0000,0.0000,1,4.0,100.00,0.0,0.0,0.0,0.0
431,12.946707,16.277491,6.135000,1,0,6000.0000,-1000.0000,90.0000,0.0000,1,4.0,100.00,0.0,0.0,0.0,0.0
432,13.017978,12.809943,6.241000,1,0,6000.0000,-1000.0000,90.0000,0.0000,1,4.0,100.00,0.0,0.0,0.0,0.0
433,12.531707,13.006317,6.229000,1,0,6000.0000,-1000.0000,90.0000,0.0000,1,4.0,100.00,0.0,0.0,0.0,0.0
434,12.577818,12.528178,6.311000,1,0,6000.0000,-1000.0000,90.0000,0.0000,1,4.0,100.00,0.0,0.0,0.0,0.0
435,12.787853,12.815604,6.237000,1,0,6000.0000,-1000.0000,90.0000,0.0000,1,4.0,100.00,0.0,0.0,0.0,0.0
436,10.979983,12.721732,6.195000,1,0,6000.0000,-1000.0000,90.0000,0.0000,1,4.0,100.00,0.0,0.0,0.0,0.0
437,14.074692,10.929070,6.174000,1,0,6000.0000,-1000.0000,90.0000,0.0000,1,4.0,100.00,0.0,0.0,0.0,0.0
438,14.038050,14.113834,6.267000,1,0,6000.0000,-1000.0000,90.0000,0.0000,1,4.0,100.00,0.0,0.0,0.0,0.0
439,14.004070,14.035280,6.194000,1,0,6000.0000,-1000.0000,90.0000,0.0000,1,4.0,100.00,0.0,0.0,0.0,0.0
440,12.410985,14.002010,6.259000,1,0,6000.0000,-1000.0000,90.0000,0.0000,1,4.0,100.00,0.0,0.0,0.0,0.0
441,11.807522,12.528367,6.266000,1,0,6000.0000,-1000.0000,90.0000,0.0000,1,4.0,100.00,0.0,0.0,0.0,0.0
442,11.437972,11.669678,6.341000,1,0,6000.0000,-1000.0000,90.0000,0.0000,1,4.0,100.00,0.0,0.0,0.0,0.0
443,11.776891,11.402182,6.290000,1,0,6000.0000,-1000.0000,90.0000,0.0000,1,4.0,100.00,0.0,0.0,0.0,0.0
444,10.925872,11.783181,6.213000,1,0,6000.0000,-1000.0000,90.0000,0.0000,1,4.0,100.00,0.0,0.0,0.0,0.0
445,10.900571,10.916632,6.223000,1,0,6000.0000,-1000.0000,90.0000,0.0000,1,4.0,100.00,0.0,0.0,0.0,0.0
446,10.670076,10.925292,6.263000,1,0,6000.0000,-1000.0000,90.0000,0.0000,1,4.0,100.00,0.0,0.0,0.0,0.0
447,12.541618,10.644154,6.220000,1,0,6000.0000,-1000.0000,90.0000,0.0000,1,4.0,100.00,0.0,0.0,0.0,0.0
448,12.762402,12.546808,6.166000,1,0,6000.0000,-1000.0000,90.0000,0.0000,1,4.0,100.00,0.0,0.0,0.0,0.0
449,12.388864,12.755403,6.338000,1,0,6000.0000,-1000.0000,90.0000,0.0000,1,4.0,100.00,0.0,0.0,0.0,0.0
450,12.437765,12.431845,6.250000,1,0,6000.0000,-1000.0000,90.0000,0.0000,1,4.0,100.00,0.0,0.0,0.0,0.0
451,13.129410,12.449786,6.246000,1,0,6000.0000,-1000.0000,90.0000,0.0000,1,4.0,100.00,0.0,0.0,0.0,0.0
452,12.594949,13.082439,6.166000,1,0,6000.0000,-1000.0000,90.0000,0.0000,1,4.0,100.00,0.0,0.0,0.0,0.0
453,11.681679,12.589998,6.176000,1,0,6000.0000,-1000.0000,90.0000,0.0000,1,4.0,100.00,0.0,0.0,0.0,0.0
454,11.154237,11.938884,6.248000,1,0,6000.0000,-1000.0000,90.0000,0.0000,1,4.0,100.00,0.0,0.0,0.0,0.0
455,11.417372,11.021124,6.255000,1,0,6000.0000,-1000.0000,90.0000,0.0000,1,4.0,100.00,0.0,0.0,0.0,0.0
456,11.993915,11.448874,6.261000,1,0,6000.0000,-1000.0000,90.0000,0.0000,1,4.0,100.00,0.0,0.0,0.0,0.0
457,11.027314,11.976325,6.233000,1,0,6000.0000,-1000.0000,90.0000,0.0000,1,4.0,100.00,0.0,0.0,0.0,0.0
458,11.077615,11.021084,6.231000,1,0,6000.0000,-1000.0000,90.0000,0.0000,1,4.0,100.00,0.0,0.0,0.0,0.0
459,10.587205,10.975683,6.119000,1,0,6000.0000,-1000.0000,90.0000,0.0000,1,4.0,100.00,0.0,0.0,0.0,0.0
460,10.169555,10.553203,6.280000,1,0,6000.0000,-1000.0000,90.0000,0.0000,1,4.0,100.00,0.0,0.0,0.0,0.0
461,9.503061,10.278937,6.175000,1,0,6000.0000,-1000.0000,90.0000,0.0000,1,4.0,100.00,0.0,0.0,0.0,0.0
462,11.657967,9.409919,6.253000,1,0,6000.0000,-1000.0000,90.0000,0.0000,1,4.0,100.00,0.0,0.0,0.0,0.0
463,10.532373,11.687098,6.269000,1,0,6000.0000,-1000.0000,90.0000,0.0000,1,4.0,100.00,0.0,0.0,0.0,0.0
464,10.748919,10.503182,6.213000,1,0,6000.0000,-1000.0000,90.0000,0.0000,1,4.0,100.00,0.0,0.0,0.0,0.0
465,11.262928,10.730908,6.207000,1,0,6000.0000,-1000.0000,90.0000,0.0000,1,4.0,100.00,0.0,0.0,0.0,0.0
466,12.590228,11.260349,6.224000,1,0,6000.0000,-1000.0000,90.0000,0.0000,1,4.0,100.00,0.0,0.0,0.0,0.0
467,11.770541,12.594089,6.269000,1,0,6000.0000,-1000.0000,90.0000,0.0000,1,4.0,100.00,0.0,0.0,0.0,0.0
468,11.246989,11.803810,6.282000,1,0,6000.0000,-1000.0000,90.0000,0.0000,1,4.0,100.00,0.0,0.0,0.0,0.0
469,10.722997,11.235780,6.129000,1,0,6000.0000,-1000.0000,90.0000,0.0000,1,4.0,100.00,0.0,0.0,0.0,0.0
470,9.949880,10.692016,6.181000,1,0,6000.0000,-1000.0000,90.0000,0.0000,1,4.0,100.00,0.0,0.0,0.0,0.0
471,11.117256,9.945980,6.319000,1,0,6000.0000,-1000.0000,90.0000,0.0000,1,4.0,100.00,0.0,0.0,0.0,0.0
472,10.245097,11.136006,6.225000,1,0,6000.0000,-1000.0000,90.0000,0.0000,1,4.0,100.00,0.0,0.0,0.0,0.0
473,10.595445,10.252868,6.226000,1,0,6000.0000,-1000.0000,90.0000,0.0000,1,4.0,100.00,0.0,0.0,0.0,0.0
474,10.395739,10.568303,6.262000,1,0,6000.0000,-1000.0000,90.0000,0.0000,1,4.0,100.00,0.0,0.0,0.0,0.0
475,11.646908,10.391570,6.187000,1,0,6000.0000,-1000.0000,90.0000,0.0000,1,4.0,100.00,0.0,0.0,0.0,0.0
476,11.736310,11.667398,6.241000,1,0,6000.0000,-1000.0000,90.0000,0.0000,1,4.0,100.00,0.0,0.0,0.0,0.0
477,11.108186,11.732960,6.614000,1,0,6000.0000,-1000.0000,90.0000,0.0000,1,4.0,100.00,0.0,0.0,0.0,0.0
478,11.256649,11.131806,6.614000,1,0,6000.0000,-1000.0000,90.0000,0.0000,1,4.0,100.00,0.0,0.0,0.0,0.0
479,12.469796,11.305610,6.637000,1,0,6000.0000,-1000.0000,90.0000,0.0000,1,4.0,100.00,0.0,0.0,0.0,0.0
480,12.102708,12.414965,6.544000,1,0,6000.0000,-1000.0000,90.0000,0.0000,1,4.0,100.00,0.0,0.0,0.0,0.0
481,13.267643,12.129288,6.499000,1,0,6000.0000,-1000.0000,90.0000,0.0000,1,4.0,100.00,0.0,0.0,0.0,0.0
482,11.599637,13.235033,6.596000,1,0,6000.0000,-1000.0000,90.0000,0.0000,1,4.0,100.00,0.0,0.0,0.0,0.0
483,12.368244,11.628608,6.513000,1,0,6000.0000,-1000.0000,90.0000,0.0000,1,4.0,100.00,0.0,0.0,0.0,0.0
484,11.667818,12.333512,6.647000,1,0,6000.0000,-1000.0000,90.0000,0.0000,1,4.0,100.00,0.0,0.0,0.0,0.0
485,12.038586,11.695059,6.464000,1,0,6000.0000,-1000.0000,90.0000,0.0000,1,4.0,100.00,0.0,0.0,0.0,0.0
486,11.570526,12.029606,6.180000,1,0,6000.0000,-1000.0000,90.0000,0.0000,1,4.0,100.00,0.0,0.0,0.0,0.0
487,12.393925,11.592326,6.170000,1,0,6000.0000,-1000.0000,90.0000,0.0000,1,4.0,100.00,0.0,0.0,0.0,0.0
488,12.299821,12.371285,6.194000,1,0,6000.0000,-1000.0000,90.0000,0.0000,1,4.0,100.00,0.0,0.0,0.0,0.0
489,13.477968,12.308362,6.152000,1,0,6000.0000,-1000.0000,90.0000,0.0000,1,4.0,100.00,0.0,0.0,0.0,0.0
490,13.311185,13.452678,6.147000,1,0,6000.0000,-1000.0000,90.0000,0.0000,1,4.0,100.00,0.0,0.0,0.0,0.0
491,11.942795,13.287544,6.132000,1,0,6000.0000,-1000.0000,90.0000,0.0000,1,4.0,100.00,0.0,0.0,0.0,0.0
492,14.739755,11.936854,6.404000,1,0,6000.0000,-1000.0000,90.0000,0.0000,1,4.0,100.00,0.0,0.0,0.0,0.0
493,13.254694,14.740276,6.254000,1,0,6000.0000,-1000.0000,90.0000,0.0000,1,4.0,100.00,0.0,0.0,0.0,0.0
494,12.930275,13.254623,6.553000,1,0,6000.0000,-1000.0000,90.0000,0.0000,1,4.0,100.00,0.0,0.0,0.0,0.0
495,11.432184,12.940107,6.228000,1,0,6000.0000,-1000.0000,90.0000,0.0000,1,4.0,100.00,0.0,0.0,0.0,0.0
496,11.312750,11.416112,6.149000,1,0,6000.0000,-1000.0000,90.0000,0.0000,1,4.0,100.00,0.0,0.0,0.0,0.0
497,13.716274,11.408883,6.151000,1,0,6000.0000,-1000.0000,90.0000,0.0000,1,4.0,100.00,0.0,0.0,0.0,0.0
498,13.352855,13.642121,6.455000,1,0,6000.0000,-1000.0000,90.0000,0.0000,1,4.0,100.00,0.0,0.0,0.0,0.0
499,11.928304,13.399057,6.215000,1,0,6000.0000,-1000.0000,90.0000,0.0000,1,4.0,100.00,0.0,0.0,0.0,0.0
500,11.167517,11.939403,6.218000,1,0,6000.0000,-1000.0000,90.0000,0.0000,1,4.0,100.00,0.0,0.0,0.0,0.0
501,10.636345,11.139668,6.277000,1,0,6000.0000,-1000.0000,90.0000,0.0000,1,4.0,100.00,0.0,0.0,0.0,0.0
502,12.249141,10.675215,6.373000,1,0,6000.0000,-1000.0000,90.0000,0.0000,1,4.0,100.00,0.0,0.0,0.0,0.0
503,11.134026,12.185040,6.020000,1,0,6000.0000,-1000.0000,90.0000,0.0000,1,4.0,100.00,0.0,0.0,0.0,0.0
504,11.791151,11.145007,6.224000,1,0,6000.0000,-1000.0000,90.0000,0.0000,1,4.0,100.00,0.0,0.0,0.0,0.0
505,11.485385,11.861632,6.137000,1,0,6000.0000,-1000.0000,90.0000,0.0000,1,4.0,100.00,0.0,0.0,0.0,0.0
506,11.046734,11.393562,6.484000,1,0,6000.0000,-1000.0000,90.0000,0.0000,1,4.0,100.00,0.0,0.0,0.0,0.0
507,10.786898,11.036415,6.125000,1,0,6000.0000,-1000.0000,90.0000,0.0000,1,4.0,100.00,0.0,0.0,0.0,0.0
508,11.929154,11.249818,6.096000,1,0,6000.0000,-1000.0000,90.0000,0.0000,1,4.0,100.00,0.0,0.0,0.0,0.0
509,10.698207,11.911044,6.163000,1,0,6000.0000,-1000.0000,90.0000,0.0000,1,4.0,100.00,0.0,0.0,0.0,0.0
510,12.239591,10.390959,6.154000,1,0,6000.0000,-1000.0000,90.0000,0.0000,1,4.0,100.00,0.0,0.0,0.0,0.0
511,8.938048,12.259032,6.154000,1,0,6000.0000,-1000.0000,90.0000,0.0000,1,4.0,100.00,0.0,0.0,0.0,0.0
512,10.833480,9.112372,6.154000,1,0,6000.0000,-1000.0000,90.0000,0.0000,1,4.0,100.00,0.0,0.0,0.0,0.0
513,9.895379,10.649065,6.156000,1,0,6000.0000,-1000.0000,90.0000,0.0000,1,4.0,100.00,0.0,0.0,0.0,0.0
514,13.472127,9.806897,6.125000,1,0,6000.0000,-1000.0000,90.0000,0.0000,1,4.0,100.00,0.0,0.0,0.0,0.0
515,15.434052,13.444348,6.247000,1,0,6000.0000,-1000.0000,90.0000,0.0000,1,4.0,100.00,0.0,0.0,0.0,0.0
516,14.832559,15.657636,6.232000,1,0,6000.0000,-1000.0000,90.0000,0.0000,1,4.0,100.00,0.0,0.0,0.0,0.0
517,13.645181,14.677835,6.156000,1,0,6000.0000,-1000.0000,90.0000,0.0000,1,4.0,100.00,0.0,0.0,0.0,0.0
518,12.729802,13.649452,6.113000,1,0,6000.0000,-1000.0000,90.0000,0.0000,1,4.0,100.00,0.0,0.0,0.0,0.0
519,13.796385,12.700951,6.167000,1,0,6000.0000,-1000.0000,90.0000,0.0000,1,4.0,100.00,0.0,0.0,0.0,0.0
520,13.119391,13.849026,6.169000,1,0,6000.0000,-1000.0000,90.0000,0.0000,1,4.0,100.00,0.0,0.0,0.0,0.0
521,15.878801,13.066029,6.208000,1,0,6000.0000,-1000.0000,90.0000,0.0000,1,4.0,100.00,0.0,0.0,0.0,0.0
522,13.083689,16.070396,6.159000,1,0,6000.0000,-1000.0000,90.0000,0.0000,1,4.0,100.00,0.0,0.0,0.0,0.0
523,12.623430,12.962827,6.212000,1,0,6000.0000,-1000.0000,90.0000,0.0000,1,4.0,100.00,0.0,0.0,0.0,0.0
524,12.961097,12.581838,6.183000,1,0,6000.0000,-1000.0000,90.0000,0.0000,1,4.0,100.00,0.0,0.0,0.0,0.0
525,12.922205,12.843685,6.110000,1,0,6000.0000,-1000.0000,90.0000,0.0000,1,4.0,100.00,0.0,0.0,0.0,0.0
526,12.438336,12.907515,6.129000,1,0,6000.0000,-1000.0000,90.0000,0.0000,1,4.0,100.00,0.0,0.0,0.0,0.0
527,11.437052,12.433435,6.172000,1,0,6000.0000,-1000.0000,90.0000,0.0000,1,4.0,100.00,0.0,0.0,0.0,0.0
528,11.731090,11.585087,6.144000,1,0,6000.0000,-1000.0000,90.0000,0.0000,1,4.0,100.00,0.0,0.0,0.0,0.0
529,14.407079,11.716628,6.153000,1,0,6000.0000,-1000.0000,90.0000,0.0000,1,4.0,100.00,0.0,0.0,0.0,0.0
530,13.703993,14.362749,6.143000,1,0,6000.0000,-1000.0000,90.0000,0.0000,1,4.0,100.00,0.0,0.0,0.0,0.0
531,15.090234,13.712052,6.217000,1,0,6000.0000,-1000.0000,90.0000,0.0000,1,4.0,100.00,0.0,0.0,0.0,0.0
532,14.086781,15.122315,6.336000,1,0,6000.0000,-1000.0000,90.0000,0.0000,1,4.0,100.00,0.0,0.0,0.0,0.0
533,13.522750,14.046142,6.187000,1,0,6000.0000,-1000.0000,90.0000,0.0000,1,4.0,100.00,0.0,0.0,0.0,0.0
534,13.294674,13.511348,6.184000,1,0,6000.0000,-1000.0000,90.0000,0.0000,1,4.0,100.00,0.0,0.0,0.0,0.0
535,12.724402,13.293004,6.120000,1,0,6000.0000,-1000.0000,90.0000,0.0000,1,4.0,100.00,0.0,0.0,0.0,0.0
536,13.136520,12.771563,6.138000,1,0,6000.0000,-1000.0000,90.0000,0.0000,1,4.0,100.00,0.0,0.0,0.0,0.0
537,12.458446,13.158911,6.276000,1,0,6000.0000,-1000.0000,90.0000,0.0000,1,4.0,100.00,0.0,0.0,0.0,0.0
538,11.348191,12.411975,6.140000,1,0,6000.0000,-1000.0000,90.0000,0.0000,1,4.0,100.00,0.0,0.0,0.0,0.0
539,13.722513,11.347191,6.146000,1,0,6000.0000,-1000.0000,90.0000,0.0000,1,4.0,100.00,0.0,0.0,0.0,0.0
540,12.854865,13.750004,6.153000,1,0,6000.0000,-1000.0000,90.0000,0.0000,1,4.0,100.00,0.0,0.0,0.0,0.0
541,12.783883,12.834064,6.215000,1,0,6000.0000,-1000.0000,90.0000,0.0000,1,4.0,100.00,0.0,0.0,0.0,0.0
542,11.183347,12.764112,6.440000,1,0,6000.0000,-1000.0000,90.0000,0.0000,1,4.0,100.00,0.0,0.0,0.0,0.0
543,12.136848,11.164547,6.509000,1,0,6000.0000,-1000.0000,90.0000,0.0000,1,4.0,100.00,0.0,0.0,0.0,0.0
544,11.941545,12.145959,6.358000,1,0,6000.0000,-1000.0000,90.0000,0.0000,1,4.0,100.00,0.0,0.0,0.0,0.0
545,13.330975,11.944255,6.383000,1,0,6000.0000,-1000.0000,90.0000,0.0000,1,4.0,100.00,0.0,0.0,0.0,0.0
546,14.912020,13.346715,6.469000,1,0,6000.0000,-1000.0000,90.0000,0.0000,1,4.0,100.00,0.0,0.0,0.0,0.0
547,14.905389,14.900490,6.588000,1,0,6000.0000,-1000.0000,90.0000,0.0000,1,4.0,100.00,0.0,0.0,0.0,0.0
548,13.798936,14.908580,6.572000,1,0,6000.0000,-1000.0000,90.0000,0.0000,1,4.0,100.00,0.0,0.0,0.0,0.0
549,11.348412,13.794855,6.511000,1,0,6000.0000,-1000.0000,90.0000,0.0000,1,4.0,100.00,0.0,0.0,0.0,0.0
550,12.573157,11.341841,6.410000,1,0,6000.0000,-1000.0000,90.0000,0.0000,1,4.0,100.00,0.0,0.0,0.0,0.0
551,16.868834,12.572877,6.121000,1,0,6000.0000,-1000.0000,90.0000,0.0000,1,4.0,100.00,0.0,0.0,0.0,0.0
552,12.119068,17.837855,6.167000,1,0,6000.0000,-1000.0000,90.0000,0.0000,1,4.0,100.00,0.0,0.0,0.0,0.0
553,13.792735,11.137786,6.240000,1,0,6000.0000,-1000.0000,90.0000,0.0000,1,4.0,100.00,0.0,0.0,0.0,0.0
554,12.288152,13.894028,6.148000,1,0,6000.0000,-1000.0000,90.0000,0.0000,1,4.0,100.00,0.0,0.0,0.0,0.0
555,10.779078,12.225040,6.419000,1,0,6000.0000,-1000.0000,90.0000,0.0000,1,4.0,100.00,0.0,0.0,0.0,0.0
556,11.007564,10.784699,6.014000,1,0,6000.0000,-1000.0000,90.0000,0.0000,1,4.0,100.00,0.0,0.0,0.0,0.0
557,13.242723,10.979853,6.242000,1,0,6000.0000,-1000.0000,90.0000,0.0000,1,4.0,100.00,0.0,0.0,0.0,0.0
558,10.725747,13.232962,6.242000,1,0,6000.0000,-1000.0000,90.0000,0.0000,1,4.0,100.00,0.0,0.0,0.0,0.0
559,11.841202,10.708018,6.148000,1,0,6000.0000,-1000.0000,90.0000,0.0000,1,4.0,100.00,0.0,0.0,0.0,0.0
560,9.849088,11.895023,6.148000,1,0,6000.0000,-1000.0000,90.0000,0.0000,1,4.0,100.00,0.0,0.0,0.0,0.0
561,12.337513,9.793437,6.027000,1,0,6000.0000,-1000.0000,90.0000,0.0000,1,4.0,100.00,0.0,0.0,0.0,0.0
562,12.044537,12.333422,6.027000,1,0,6000.0000,-1000.0000,90.0000,0.0000,1,4.0,100.00,0.0,0.0,0.0,0.0
563,10.823829,12.059577,6.067000,1,0,6000.0000,-1000.0000,90.0000,0.0000,1,4.0,100.00,0.0,0.0,0.0,0.0
564,10.192176,10.857571,6.213000,1,0,6000.0000,-1000.0000,90.0000,0.0000,1,4.0,100.00,0.0,0.0,0.0,0.0
565,11.783920,10.150014,6.109000,1,0,6000.0000,-1000.0000,90.0000,0.0000,1,4.0,100.00,0.0,0.0,0.0,0.0
566,10.779649,11.824102,6.101000,1,0,6000.0000,-1000.0000,90.0000,0.0000,1,4.0,100.00,0.0,0.0,0.0,0.0
567,11.617927,10.743958,6.039000,1,0,6000.0000,-1000.0000,90.0000,0.0000,1,4.0,100.00,0.0,0.0,0.0,0.0
568,11.326861,11.610556,6.039000,1,0,6000.0000,-1000.0000,90.0000,0.0000,1,4.0,100.00,0.0,0.0,0.0,0.0
569,11.862952,11.338472,6.006000,1,0,6000.0000,-1000.0000,90.0000,0.0000,1,4.0,100.00,0.0,0.0,0.0,0.0
570,10.656146,11.869162,6.006000,1,0,6000.0000,-1000.0000,90.0000,0.0000,1,4.0,100.00,0.0,0.0,0.0,0.0
571,11.457383,10.669896,6.161000,1,0,6000.0000,-1000.0000,90.0000,0.0000,1,4.0,100.00,0.0,0.0,0.0,0.0
572,11.234029,11.623337,6.196000,1,0,6000.0000,-1000.0000,90.0000,0.0000,1,4.0,100.00,0.0,0.0,0.0,0.0
573,12.040186,11.105156,6.083000,1,0,6000.0000,-1000.0000,90.0000,0.0000,1,4.0,100.00,0.0,0.0,0.0,0.0
574,11.409442,12.049636,6.097000,1,0,6000.0000,-1000.0000,90.0000,0.0000,1,4.0,100.00,0.0,0.0,0.0,0.0
575,12.278902,11.343901,6.129000,1,0,6000.0000,-1000.0000,90.0000,0.0000,1,4.0,100.00,0.0,0.0,0.0,0.0
576,9.605403,12.288303,6.129000,1,0,6000.0000,-1000.0000,90.0000,0.0000,1,4.0,100.00,0.0,0.0,0.0,0.0
577,12.455495,9.590411,6.153000,1,0,6000.0000,-1000.0000,90.0000,0.0000,1,4.0,100.00,0.0,0.0,0.0,0.0
578,11.269610,12.483597,6.123000,1,0,6000.0000,-1000.0000,90.0000,0.0000,1,4.0,100.00,0.0,0.0,0.0,0.0
579,10.639855,11.288379,6.148000,1,0,6000.0000,-1000.0000,90.0000,0.0000,1,4.0,100.00,0.0,0.0,0.0,0.0
580,11.337041,10.649596,6.117000,1,0,6000.0000,-1000.0000,90.0000,0.0000,1,4.0,100.00,0.0,0.0,0.0,0.0
581,11.485104,11.347131,6.179000,1,0,6000.0000,-1000.0000,90.0000,0.0000,1,4.0,100.00,0.0,0.0,0.0,0.0
582,11.532926,11.425083,6.143000,1,0,6000.0000,-1000.0000,90.0000,0.0000,1,4.0,100.00,0.0,0.0,0.0,0.0
583,11.777939,11.621107,6.102000,1,0,6000.0000,-1000.0000,90.0000,0.0000,1,4.0,100.00,0.0,0.0,0.0,0.0
584,11.052536,11.685919,6.173000,1,0,6000.0000,-1000.0000,90.0000,0.0000,1,4.0,100.00,0.0,0.0,0.0,0.0
585,11.044494,11.046794,6.352000,1,0,6000.0000,-1000.0000,90.0000,0.0000,1,4.0,100.00,0.0,0.0,0.0,0.0
586,11.759300,11.049685,6.177000,1,0,6000.0000,-1000.0000,90.0000,0.0000,1,4.0,100.00,0.0,0.0,0.0,0.0
587,11.059574,11.766580,6.189000,1,0,6000.0000,-1000.0000,90.0000,0.0000,1,4.0,100.00,0.0,0.0,0.0,0.0
588,12.097818,11.126126,5.958000,1,0,6000.0000,-1000.0000,90.0000,0.0000,1,4.0,100.00,0.0,0.0,0.0,0.0
589,12.204411,12.106228,6.093000,1,0,6000.0000,-1000.0000,90.0000,0.0000,1,4.0,100.00,0.0,0.0,0.0,0.0
590,13.180601,12.306792,5.910000,1,0,6000.0000,-1000.0000,90.0000,0.0000,1,4.0,100.00,0.0,0.0,0.0,0.0
591,11.062545,13.026218,6.029000,1,0,6000.0000,-1000.0000,90.0000,0.0000,1,4.0,100.00,0.0,0.0,0.0,0.0
592,10.267497,11.075035,6.073000,1,0,6000.0000,-1000.0000,90.0000,0.0000,1,4.0,100.00,0.0,0.0,0.0,0.0
593,11.152206,10.238187,6.154000,1,0,6000.0000,-1000.0000,90.0000,0.0000,1,4.0,100.00,0.0,0.0,0.0,0.0
594,11.155837,11.150997,5.985000,1,0,6000.0000,-1000.0000,90.0000,0.0000,1,4.0,100.00,0.0,0.0,0.0,0.0
595,12.013266,11.149277,6.107000,1,0,6000.0000,-1000.0000,90.0000,0.0000,1,4.0,100.00,0.0,0.0,0.0,0.0
596,12.052387,12.123608,6.137000,1,0,6000.0000,-1000.0000,90.0000,0.0000,1,4.0,100.00,0.0,0.0,0.0,0.0
597,12.575208,11.944634,6.167000,1,0,6000.0000,-1000.0000,90.0000,0.0000,1,4.0,100.00,0.0,0.0,0.0,0.0
598,12.184299,12.561758,5.984000,1,0,6000.0000,-1000.0000,90.0000,0.0000,1,4.0,100.00,0.0,0.0,0.0,0.0
599,11.911904,12.181230,6.155000,1,0,6000.0000,-1000.0000,90.0000,0.0000,1,4.0,100.00,0.0,0.0,0.0,0.0
600,10.680807,11.914623,6.049000,1,0,6000.0000,-1000.0000,90.0000,0.0000,1,4.0,100.00,0.0,0.0,0.0,0.0
601,11.753780,10.712337,6.070000,1,0,6000.0000,-1000.0000,90.0000,0.0000,1,4.0,100.00,0.0,0.0,0.0,0.0
602,11.419562,11.770371,6.026000,1,0,6000.0000,-1000.0000,90.0000,0.0000,1,4.0,100.00,0.0,0.0,0.0,0.0
603,10.833470,11.393231,6.223000,1,0,6000.0000,-1000.0000,90.0000,0.0000,1,4.0,100.00,0.0,0.0,0.0,0.0
604,11.457183,10.903642,6.135000,1,0,6000.0000,-1000.0000,90.0000,0.0000,1,4.0,100.00,0.0,0.0,0.0,0.0
605,11.700929,11.417073,6.051000,1,0,6000.0000,-1000.0000,90.0000,0.0000,1,4.0,100.00,0.0,0.0,0.0,0.0
606,10.149205,11.660227,6.051000,1,0,6000.0000,-1000.0000,90.0000,0.0000,1,4.0,100.00,0.0,0.0,0.0,0.0
607,11.686949,10.136204,6.420000,1,0,6000.0000,-1000.0000,90.0000,0.0000,1,4.0,100.00,0.0,0.0,0.0,0.0
608,12.159049,11.694929,6.241000,1,0,6000.0000,-1000.0000,90.0000,0.0000,1,4.0,100.00,0.0,0.0,0.0,0.0
609,11.638918,12.170639,6.184000,1,0,6000.0000,-1000.0000,90.0000,0.0000,1,4.0,100.00,0.0,0.0,0.0,0.0
610,11.758889,11.666569,6.469000,1,0,6000.0000,-1000.0000,90.0000,0.0000,1,4.0,100.00,0.0,0.0,0.0,0.0
611,11.519515,11.724550,6.528000,1,0,6000.0000,-1000.0000,90.0000,0.0000,1,4.0,100.00,0.0,0.0,0.0,0.0
612,9.499870,11.518044,6.528000,1,0,6000.0000,-1000.0000,90.0000,0.0000,1,4.0,100.00,0.0,0.0,0.0,0.0
613,11.604107,9.491800,6.436000,1,0,6000.0000,-1000.0000,90.0000,0.0000,1,4.0,100.00,0.0,0.0,0.0,0.0
614,11.741730,11.612747,6.462000,1,0,6000.0000,-1000.0000,90.0000,0.0000,1,4.0,100.00,0.0,0.0,0.0,0.0
615,12.013126,11.743410,6.020000,1,0,6000.0000,-1000.0000,90.0000,0.0000,1,4.0,100.00,0.0,0.0,0.0,0.0
616,10.918472,12.043136,6.121000,1,0,6000.0000,-1000.0000,90.0000,0.0000,1,4.0,100.00,0.0,0.0,0.0,0.0
617,11.318570,10.926912,6.134000,1,0,6000.0000,-1000.0000,90.0000,0.0000,1,4.0,100.00,0.0,0.0,0.0,0.0
618,11.540065,11.303260,6.156000,1,0,6000.0000,-1000.0000,90.0000,0.0000,1,4.0,100.00,0.0,0.0,0.0,0.0
619,11.570496,11.573336,6.440000,1,0,6000.0000,-1000.0000,90.0000,0.0000,1,4.0,100.00,0.0,0.0,0.0,0.0
620,11.072305,11.527965,5.991000,2,0,6000.0000,-1000.0000,90.0000,0.0000,1,4.0,100.00,0.0,0.0,0.0,0.0
621,11.677379,11.073225,6.101000,2,0,6000.0000,-1000.0000,90.0000,0.0000,1,4.0,100.00,0.0,0.0,0.0,0.0
622,11.023943,11.697699,6.422000,2,0,6000.0000,-1000.0000,90.0000,0.0000,1,4.0,100.00,0.0,0.0,0.0,0.0
623,11.095796,11.011324,6.112000,2,0,6000.0000,-1000.0000,90.0000,0.0000,1,4.0,100.00,0.0,0.0,0.0,0.0
624,12.707651,11.105615,6.109000,2,0,6000.0000,-1000.0000,90.0000,0.0000,1,4.0,100.00,0.0,0.0,0.0,0.0
625,10.600374,12.716552,6.114000,2,0,6000.0000,-1000.0000,90.0000,0.0000,1,4.0,100.00,0.0,0.0,0.0,0.0
626,10.089433,10.549513,6.228000,2,0,6000.0000,-1000.0000,90.0000,0.0000,1,4.0,100.00,0.0,0.0,0.0,0.0
627,10.736348,10.088274,6.150000,2,0,6000.0000,-1000.0000,90.0000,0.0000,1,4.0,100.00,0.0,0.0,0.0,0.0
628,9.536022,10.770437,6.035000,2,0,6000.0000,-1000.0000,90.0000,0.0000,1,4.0,100.00,0.0,0.0,0.0,0.0
629,9.099021,9.523782,6.035000,2,0,6000.0000,-1000.0000,90.0000,0.0000,1,4.0,100.00,0.0,0.0,0.0,0.0
630,9.633052,9.089311,5.925000,2,0,6000.0000,-1000.0000,90.0000,0.0000,1,4.0,100.00,0.0,0.0,0.0,0.0
631,9.001370,9.612433,6.190000,2,0,6000.0000,-1000.0000,90.0000,0.0000,1,4.0,100.00,0.0,0.0,0.0,0.0
632,11.289190,9.005229,6.006000,2,0,6000.0000,-1000.0000,90.0000,0.0000,1,4.0,100.00,0.0,0.0,0.0,0.0
633,12.563547,11.317740,6.071000,2,0,6000.0000,-1000.0000,90.0000,0.0000,1,4.0,100.00,0.0,0.0,0.0,0.0
634,11.289050,12.547177,6.112000,2,0,6000.0000,-1000.0000,90.0000,0.0000,1,4.0,100.00,0.0,0.0,0.0,0.0
635,9.624423,11.325291,5.871000,2,0,6000.0000,-1000.0000,90.0000,0.0000,1,4.0,100.00,0.0,0.0,0.0,0.0
636,10.495363,9.572822,5.871000,2,0,6000.0000,-1000.0000,90.0000,0.0000,1,4.0,100.00,0.0,0.0,0.0,0.0
637,10.368459,10.535253,6.210000,2,0,6000.0000,-1000.0000,90.0000,0.0000,1,4.0,100.00,0.0,0.0,0.0,0.0
638,11.190947,10.356399,6.097000,2,0,6000.0000,-1000.0000,90.0000,0.0000,1,4.0,100.00,0.0,0.0,0.0,0.0
639,10.090174,11.188547,6.042000,2,0,6000.0000,-1000.0000,90.0000,0.0000,1,4.0,100.00,0.0,0.0,0.0,0.0
640,10.105243,10.076373,6.244000,2,0,6000.0000,-1000.0000,90.0000,0.0000,1,4.0,100.00,0.0,0.0,0.0,0.0
641,8.223343,10.108405,6.244000,2,0,6000.0000,-1000.0000,90.0000,0.0000,1,4.0,100.00,0.0,0.0,0.0,0.0
642,10.919781,8.249682,6.137000,2,0,6000.0000,-1000.0000,90.0000,0.0000,1,4.0,100.00,0.0,0.0,0.0,0.0
643,7.856583,10.924192,6.137000,2,0,6000.0000,-1000.0000,90.0000,0.0000,1,4.0,100.00,0.0,0.0,0.0,0.0
644,10.413991,7.808982,6.120000,2,0,6000.0000,-1000.0000,90.0000,0.0000,1,4.0,100.00,0.0,0.0,0.0,0.0
645,10.236107,10.417451,6.136000,2,0,6000.0000,-1000.0000,90.0000,0.0000,1,4.0,100.00,0.0,0.0,0.0,0.0
646,8.898507,10.239466,6.136000,2,0,6000.0000,-1000.0000,90.0000,0.0000,1,4.0,100.00,0.0,0.0,0.0,0.0
647,10.057022,8.901557,6.103000,2,0,6000.0000,-1000.0000,90.0000,0.0000,1,4.0,100.00,0.0,0.0,0.0,0.0
648,9.955300,10.060083,6.103000,2,0,6000.0000,-1000.0000,90.0000,0.0000,1,4.0,100.00,0.0,0.0,0.0,0.0
649,9.012640,9.966280,6.157000,2,0,6000.0000,-1000.0000,90.0000,0.0000,1,4.0,100.00,0.0,0.0,0.0,0.0
650,11.103405,9.025310,6.159000,2,0,6000.0000,-1000.0000,90.0000,0.0000,1,4.0,100.00,0.0,0.0,0.0,0.0
651,9.321386,11.082965,6.159000,2,0,6000.0000,-1000.0000,90.0000,0.0000,1,4.0,100.00,0.0,0.0,0.0,0.0
652,10.967543,9.314886,6.071000,2,0,6000.0000,-1000.0000,90.0000,0.0000,1,4.0,100.00,0.0,0.0,0.0,0.0
653,9.513511,11.003933,6.071000,2,0,6000.0000,-1000.0000,90.0000,0.0000,1,4.0,100.00,0.0,0.0,0.0,0.0
654,10.290977,9.475120,6.172000,2,0,6000.0000,-1000.0000,90.0000,0.0000,1,4.0,100.00,0.0,0.0,0.0,0.0
655,10.358549,10.308118,6.212000,2,0,6000.0000,-1000.0000,90.0000,0.0000,1,4.0,100.00,0.0,0.0,0.0,0.0
656,10.867971,10.390941,6.172000,2,0,6000.0000,-1000.0000,90.0000,0.0000,1,4.0,100.00,0.0,0.0,0.0,0.0
657,8.605781,10.828388,6.172000,2,0,6000.0000,-1000.0000,90.0000,0.0000,1,4.0,100.00,0.0,0.0,0.0,0.0
658,11.289829,8.602621,6.137000,2,0,6000.0000,-1000.0000,90.0000,0.0000,1,4.0,100.00,0.0,0.0,0.0,0.0
659,10.453842,11.289540,6.086000,2,0,6000.0000,-1000.0000,90.0000,0.0000,1,4.0,100.00,0.0,0.0,0.0,0.0
660,11.449873,10.482922,6.280000,2,0,6000.0000,-1000.0000,90.0000,0.0000,1,4.0,100.00,0.0,0.0,0.0,0.0
661,10.255996,11.445223,6.179000,2,0,6000.0000,-1000.0000,90.0000,0.0000,1,4.0,100.00,0.0,0.0,0.0,0.0
662,11.667979,10.236776,6.059000,2,0,6000.0000,-1000.0000,90.0000,0.0000,1,4.0,100.00,0.0,0.0,0.0,0.0
663,10.837720,11.674069,6.174000,2,0,6000.0000,-1000.0000,90.0000,0.0000,1,4.0,100.00,0.0,0.0,0.0,0.0
664,11.686018,10.822949,6.128000,2,0,6000.0000,-1000.0000,90.0000,0.0000,1,4.0,100.00,0.0,0.0,0.0,0.0
665,10.619015,11.717610,6.130000,2,0,6000.0000,-1000.0000,90.0000,0.0000,1,4.0,100.00,0.0,0.0,0.0,0.0
666,10.963203,10.594044,6.227000,2,0,6000.0000,-1000.0000,90.0000,0.0000,1,4.0,100.00,0.0,0.0,0.0,0.0
667,10.623265,10.953932,6.174000,2,0,6000.0000,-1000.0000,90.0000,0.0000,1,4.0,100.00,0.0,0.0,0.0,0.0
668,10.918362,10.647946,5.989000,2,0,6000.0000,-1000.0000,90.0000,0.0000,1,4.0,100.00,0.0,0.0,0.0,0.0
669,10.853689,10.895641,6.132000,2,0,6000.0000,-1000.0000,90.0000,0.0000,1,4.0,100.00,0.0,0.0,0.0,0.0
670,10.814610,10.899762,6.503000,2,0,6000.0000,-1000.0000,90.0000,0.0000,1,4.0,100.00,0.0,0.0,0.0,0.0
671,11.231578,10.763547,6.363000,2,0,6000.0000,-1000.0000,90.0000,0.0000,1,4.0,100.00,0.0,0.0,0.0,0.0
672,10.727378,11.261960,6.218000,2,0,6000.0000,-1000.0000,90.0000,0.0000,1,4.0,100.00,0.0,0.0,0.0,0.0
673,9.899459,10.706596,6.452000,2,0,6000.0000,-1000.0000,90.0000,0.0000,1,4.0,100.00,0.0,0.0,0.0,0.0
674,10.188755,9.896869,6.452000,2,0,6000.0000,-1000.0000,90.0000,0.0000,1,4.0,100.00,0.0,0.0,0.0,0.0
675,11.025994,10.257068,6.440000,2,0,6000.0000,-1000.0000,90.0000,0.0000,1,4.0,100.00,0.0,0.0,0.0,0.0
676,9.589782,11.025164,6.509000,2,0,6000.0000,-1000.0000,90.0000,0.0000,1,4.0,100.00,0.0,0.0,0.0,0.0
677,9.435129,9.548730,6.509000,2,0,6000.0000,-1000.0000,90.0000,0.0000,1,4.0,100.00,0.0,0.0,0.0,0.0
678,9.941720,9.437380,6.107000,2,0,6000.0000,-1000.0000,90.0000,0.0000,1,4.0,100.00,0.0,0.0,0.0,0.0
679,9.492390,9.911848,5.996000,2,0,6000.0000,-1000.0000,90.0000,0.0000,1,4.0,100.00,0.0,0.0,0.0,0.0
680,8.983609,9.503791,5.996000,2,0,6000.0000,-1000.0000,90.0000,0.0000,1,4.0,100.00,0.0,0.0,0.0,0.0
681,11.009984,8.993829,6.102000,2,0,6000.0000,-1000.0000,90.0000,0.0000,1,4.0,100.00,0.0,0.0,0.0,0.0
682,8.465707,10.992813,6.102000,2,0,6000.0000,-1000.0000,90.0000,0.0000,1,4.0,100.00,0.0,0.0,0.0,0.0
683,10.435001,8.448597,6.076000,2,0,6000.0000,-1000.0000,90.0000,0.0000,1,4.0,100.00,0.0,0.0,0.0,0.0
684,11.039864,10.507593,6.425000,2,0,6000.0000,-1000.0000,90.0000,0.0000,1,4.0,100.00,0.0,0.0,0.0,0.0
685,11.646037,10.995663,6.425000,2,0,6000.0000,-1000.0000,90.0000,0.0000,1,4.0,100.00,0.0,0.0,0.0,0.0
686,13.070509,11.668138,6.218000,2,0,6000.0000,-1000.0000,90.0000,0.0000,1,4.0,100.00,0.0,0.0,0.0,0.0
687,12.778563,13.084680,6.257000,2,0,6000.0000,-1000.0000,90.0000,0.0000,1,4.0,100.00,0.0,0.0,0.0,0.0
688,12.656011,12.739521,6.213000,2,0,6000.0000,-1000.0000,90.0000,0.0000,1,4.0,100.00,0.0,0.0,0.0,0.0
689,13.770924,12.643540,6.118000,2,0,6000.0000,-1000.0000,90.0000,0.0000,1,4.0,100.00,0.0,0.0,0.0,0.0
690,12.920785,13.769405,6.141000,2,0,6000.0000,-1000.0000,90.0000,0.0000,1,4.0,100.00,0.0,0.0,0.0,0.0
691,12.786394,12.930266,6.245000,2,0,6000.0000,-1000.0000,90.0000,0.0000,1,4.0,100.00,0.0,0.0,0.0,0.0
692,13.655932,12.812973,6.145000,2,0,6000.0000,-1000.0000,90.0000,0.0000,1,4.0,100.00,0.0,0.0,0.0,0.0
693,12.031046,13.613901,6.178000,2,0,6000.0000,-1000.0000,90.0000,0.0000,1,4.0,100.00,0.0,0.0,0.0,0.0
694,12.275582,12.049187,6.184000,2,0,6000.0000,-1000.0000,90.0000,0.0000,1,4.0,100.00,0.0,0.0,0.0,0.0
695,11.701069,12.265551,6.106000,2,0,6000.0000,-1000.0000,90.0000,0.0000,1,4.0,100.00,0.0,0.0,0.0,0.0
696,11.826842,11.707049,6.118000,2,0,6000.0000,-1000.0000,90.0000,0.0000,1,4.0,100.00,0.0,0.0,0.0,0.0
697,11.709128,11.816952,6.055000,2,0,6000.0000,-1000.0000,90.0000,0.0000,1,4.0,100.00,0.0,0.0,0.0,0.0
698,12.380865,11.720780,6.107000,2,0,6000.0000,-1000.0000,90.0000,0.0000,1,4.0,100.00,0.0,0.0,0.0,0.0
699,11.262308,12.388463,6.235000,2,0,6000.0000,-1000.0000,90.0000,0.0000,1,4.0,100.00,0.0,0.0,0.0,0.0
700,12.072558,11.241149,6.128000,2,0,6000.0000,-1000.0000,90.0000,0.0000,1,4.0,100.00,0.0,0.0,0.0,0.0
701,12.012065,12.205980,6.102000,2,0,6000.0000,-1000.0000,90.0000,0.0000,1,4.0,100.00,0.0,0.0,0.0,0.0
702,11.677919,11.981105,6.152000,2,0,6000.0000,-1000.0000,90.0000,0.0000,1,4.0,100.00,0.0,0.0,0.0,0.0
703,11.728990,11.583187,6.154000,2,0,6000.0000,-1000.0000,90.0000,0.0000,1,4.0,100.00,0.0,0.0,0.0,0.0
704,10.528682,11.735649,6.131000,2,0,6000.0000,-1000.0000,90.0000,0.0000,1,4.0,100.00,0.0,0.0,0.0,0.0
705,10.161615,10.512613,6.121000,2,0,6000.0000,-1000.0000,90.0000,0.0000,1,4.0,100.00,0.0,0.0,0.0,0.0
706,10.937662,10.198525,6.124000,2,0,6000.0000,-1000.0000,90.0000,0.0000,1,4.0,100.00,0.0,0.0,0.0,0.0
707,10.556414,10.886401,6.183000,2,0,6000.0000,-1000.0000,90.0000,0.0000,1,4.0,100.00,0.0,0.0,0.0,0.0
708,11.005153,10.567784,6.211000,2,0,6000.0000,-1000.0000,90.0000,0.0000,1,4.0,100.00,0.0,0.0,0.0,0.0
709,10.539533,11.007864,5.971000,2,0,6000.0000,-1000.0000,90.0000,0.0000,1,4.0,100.00,0.0,0.0,0.0,0.0
710,10.688557,10.562873,6.071000,2,0,6000.0000,-1000.0000,90.0000,0.0000,1,4.0,100.00,0.0,0.0,0.0,0.0
711,10.899241,10.658326,6.165000,2,0,6000.0000,-1000.0000,90.0000,0.0000,1,4.0,100.00,0.0,0.0,0.0,0.0
712,11.116056,10.891551,6.128000,2,0,6000.0000,-1000.0000,90.0000,0.0000,1,4.0,100.00,0.0,0.0,0.0,0.0
713,10.886471,11.120406,6.104000,2,0,6000.0000,-1000.0000,90.0000,0.0000,1,4.0,100.00,0.0,0.0,0.0,0.0
714,9.955920,10.891441,6.285000,2,0,6000.0000,-1000.0000,90.0000,0.0000,1,4.0,100.00,0.0,0.0,0.0,0.0
715,12.459195,9.956330,6.122000,2,0,6000.0000,-1000.0000,90.0000,0.0000,1,4.0,100.00,0.0,0.0,0.0,0.0
716,11.959775,12.494106,6.075000,2,0,6000.0000,-1000.0000,90.0000,0.0000,1,4.0,100.00,0.0,0.0,0.0,0.0
717,10.986403,11.955525,5.817000,2,0,6000.0000,-1000.0000,90.0000,0.0000,1,4.0,100.00,0.0,0.0,0.0,0.0
718,11.470325,10.993923,6.221000,2,0,6000.0000,-1000.0000,90.0000,0.0000,1,4.0,100.00,0.0,0.0,0.0,0.0
719,10.918831,11.436474,6.156000,2,0,6000.0000,-1000.0000,90.0000,0.0000,1,4.0,100.00,0.0,0.0,0.0,0.0
720,11.890542,10.914771,6.092000,2,0,6000.0000,-1000.0000,90.0000,0.0000,1,4.0,100.00,0.0,0.0,0.0,0.0
721,10.861571,11.886624,6.203000,2,0,6000.0000,-1000.0000,90.0000,0.0000,1,4.0,100.00,0.0,0.0,0.0,0.0
722,11.893303,10.926381,6.138000,2,0,6000.0000,-1000.0000,90.0000,0.0000,1,4.0,100.00,0.0,0.0,0.0,0.0
723,11.061045,11.867392,6.173000,2,0,6000.0000,-1000.0000,90.0000,0.0000,1,4.0,100.00,0.0,0.0,0.0,0.0
724,11.481284,11.049054,6.251000,2,0,6000.0000,-1000.0000,90.0000,0.0000,1,4.0,100.00,0.0,0.0,0.0,0.0
725,10.499482,11.453684,6.157000,2,0,6000.0000,-1000.0000,90.0000,0.0000,1,4.0,100.00,0.0,0.0,0.0,0.0
726,10.652286,10.545483,6.094000,2,0,6000.0000,-1000.0000,90.0000,0.0000,1,4.0,100.00,0.0,0.0,0.0,0.0
727,10.702357,10.609715,6.052000,2,0,6000.0000,-1000.0000,90.0000,0.0000,1,4.0,100.00,0.0,0.0,0.0,0.0
728,11.665088,10.696927,6.180000,2,0,6000.0000,-1000.0000,90.0000,0.0000,1,4.0,100.00,0.0,0.0,0.0,0.0
729,11.018193,11.699478,6.206000,2,0,6000.0000,-1000.0000,90.0000,0.0000,1,4.0,100.00,0.0,0.0,0.0,0.0
730,11.311321,10.999244,6.165000,2,0,6000.0000,-1000.0000,90.0000,0.0000,1,4.0,100.00,0.0,0.0,0.0,0.0
731,11.172607,11.312671,6.145000,2,0,6000.0000,-1000.0000,90.0000,0.0000,1,4.0,100.00,0.0,0.0,0.0,0.0
732,12.407664,11.161657,6.146000,2,0,6000.0000,-1000.0000,90.0000,0.0000,1,4.0,100.00,0.0,0.0,0.0,0.0
733,12.431576,12.458545,6.569000,2,0,6000.0000,-1000.0000,90.0000,0.0000,1,4.0,100.00,0.0,0.0,0.0,0.0
734,13.430977,12.377824,6.493000,2,0,6000.0000,-1000.0000,90.0000,0.0000,1,4.0,100.00,0.0,0.0,0.0,0.0
735,12.908526,13.415947,6.432000,2,0,6000.0000,-1000.0000,90.0000,0.0000,1,4.0,100.00,0.0,0.0,0.0,0.0
736,12.771222,12.875285,6.499000,2,0,6000.0000,-1000.0000,90.0000,0.0000,1,4.0,100.00,0.0,0.0,0.0,0.0
737,14.153833,12.776893,6.543000,2,0,6000.0000,-1000.0000,90.0000,0.0000,1,4.0,100.00,0.0,0.0,0.0,0.0
738,13.712553,14.168093,6.383000,2,0,6000.0000,-1000.0000,90.0000,0.0000,1,4.0,100.00,0.0,0.0,0.0,0.0
739,10.298819,13.847166,6.481000,2,0,6000.0000,-1000.0000,90.0000,0.0000,1,4.0,100.00,0.0,0.0,0.0,0.0
740,9.716164,10.203016,6.449000,2,0,6000.0000,-1000.0000,90.0000,0.0000,1,4.0,100.00,0.0,0.0,0.0,0.0
741,10.108634,9.710705,6.223000,2,0,6000.0000,-1000.0000,90.0000,0.0000,1,4.0,100.00,0.0,0.0,0.0,0.0
742,10.146065,10.099453,6.121000,2,0,6000.0000,-1000.0000,90.0000,0.0000,1,4.0,100.00,0.0,0.0,0.0,0.0
743,9.183093,10.146505,6.121000,2,0,6000.0000,-1000.0000,90.0000,0.0000,1,4.0,100.00,0.0,0.0,0.0,0.0
744,9.218483,9.213723,6.454000,2,0,6000.0000,-1000.0000,90.0000,0.0000,1,4.0,100.00,0.0,0.0,0.0,0.0
745,10.378030,9.231524,6.154000,2,0,6000.0000,-1000.0000,90.0000,0.0000,1,4.0,100.00,0.0,0.0,0.0,0.0
746,8.644571,10.345690,6.154000,2,0,6000.0000,-1000.0000,90.0000,0.0000,1,4.0,100.00,0.0,0.0,0.0,0.0
747,9.653674,8.663761,6.238000,2,0,6000.0000,-1000.0000,90.0000,0.0000,1,4.0,100.00,0.0,0.0,0.0,0.0
748,9.615272,9.634093,6.161000,2,0,6000.0000,-1000.0000,90.0000,0.0000,1,4.0,100.00,0.0,0.0,0.0,0.0
749,7.977197,9.610703,6.161000,2,0,6000.0000,-1000.0000,90.0000,0.0000,1,4.0,100.00,0.0,0.0,0.0,0.0
750,8.735563,7.976967,6.190000,2,0,6000.0000,-1000.0000,90.0000,0.0000,1,4.0,100.00,0.0,0.0,0.0,0.0
751,9.874709,8.767213,6.144000,2,0,6000.0000,-1000.0000,90.0000,0.0000,1,4.0,100.00,0.0,0.0,0.0,0.0
752,8.314584,9.891669,6.120000,2,0,6000.0000,-1000.0000,90.0000,0.0000,1,4.0,100.00,0.0,0.0,0.0,0.0
753,9.444329,8.261103,6.146000,2,0,6000.0000,-1000.0000,90.0000,0.0000,1,4.0,100.00,0.0,0.0,0.0,0.0
754,8.591480,9.451889,6.055000,2,0,6000.0000,-1000.0000,90.0000,0.0000,1,4.0,100.00,0.0,0.0,0.0,0.0
755,10.539013,8.587221,6.139000,2,0,6000.0000,-1000.0000,90.0000,0.0000,1,4.0,100.00,0.0,0.0,0.0,0.0
756,9.040760,10.548533,6.147000,2,0,6000.0000,-1000.0000,90.0000,0.0000,1,4.0,100.00,0.0,0.0,0.0,0.0
757,12.384934,9.062960,6.078000,2,0,6000.0000,-1000.0000,90.0000,0.0000,1,4.0,100.00,0.0,0.0,0.0,0.0
758,11.173197,12.359583,6.200000,2,0,6000.0000,-1000.0000,90.0000,0.0000,1,4.0,100.00,0.0,0.0,0.0,0.0
759,11.168488,11.172798,6.082000,2,0,6000.0000,-1000.0000,90.0000,0.0000,1,4.0,100.00,0.0,0.0,0.0,0.0
760,10.851189,11.162607,6.113000,2,0,6000.0000,-1000.0000,90.0000,0.0000,1,4.0,100.00,0.0,0.0,0.0,0.0
761,11.442944,10.854000,6.242000,2,0,6000.0000,-1000.0000,90.0000,0.0000,1,4.0,100.00,0.0,0.0,0.0,0.0
762,10.979883,11.448033,6.217000,2,0,6000.0000,-1000.0000,90.0000,0.0000,1,4.0,100.00,0.0,0.0,0.0,0.0
763,9.385857,10.978643,6.217000,2,0,6000.0000,-1000.0000,90.0000,0.0000,1,4.0,100.00,0.0,0.0,0.0,0.0
764,10.905931,9.423828,6.065000,2,0,6000.0000,-1000.0000,90.0000,0.0000,1,4.0,100.00,0.0,0.0,0.0,0.0
765,11.157277,10.938342,6.193000,2,0,6000.0000,-1000.0000,90.0000,0.0000,1,4.0,100.00,0.0,0.0,0.0,0.0
766,11.881503,11.082405,6.193000,2,0,6000.0000,-1000.0000,90.0000,0.0000,1,4.0,100.00,0.0,0.0,0.0,0.0
767,11.524656,11.888513,6.137000,2,0,6000.0000,-1000.0000,90.0000,0.0000,1,4.0,100.00,0.0,0.0,0.0,0.0
768,11.586755,11.519546,6.172000,2,0,6000.0000,-1000.0000,90.0000,0.0000,1,4.0,100.00,0.0,0.0,0.0,0.0
769,11.243950,11.632108,6.146000,2,0,6000.0000,-1000.0000,90.0000,0.0000,1,4.0,100.00,0.0,0.0,0.0,0.0
770,10.706146,11.201437,6.102000,2,0,6000.0000,-1000.0000,90.0000,0.0000,1,4.0,100.00,0.0,0.0,0.0,0.0
771,11.263789,10.715617,6.093000,2,0,6000.0000,-1000.0000,90.0000,0.0000,1,4.0,100.00,0.0,0.0,0.0,0.0
772,12.054908,11.261759,6.165000,2,0,6000.0000,-1000.0000,90.0000,0.0000,1,4.0,100.00,0.0,0.0,0.0,0.0
773,15.927691,12.049077,6.137000,2,0,6000.0000,-1000.0000,90.0000,0.0000,1,4.0,100.00,0.0,0.0,0.0,0.0
774,11.186798,15.935913,6.106000,2,0,6000.0000,-1000.0000,90.0000,0.0000,1,4.0,100.00,0.0,0.0,0.0,0.0
775,10.942123,11.173917,6.184000,2,0,6000.0000,-1000.0000,90.0000,0.0000,1,4.0,100.00,0.0,0.0,0.0,0.0
776,10.700786,10.951162,6.168000,2,0,6000.0000,-1000.0000,90.0000,0.0000,1,4.0,100.00,0.0,0.0,0.0,0.0
777,10.935032,10.691196,6.094000,2,0,6000.0000,-1000.0000,90.0000,0.0000,1,4.0,100.00,0.0,0.0,0.0,0.0
778,10.864240,10.942562,6.125000,2,0,6000.0000,-1000.0000,90.0000,0.0000,1,4.0,100.00,0.0,0.0,0.0,0.0
779,10.282177,10.890381,6.116000,2,0,6000.0000,-1000.0000,90.0000,0.0000,1,4.0,100.00,0.0,0.0,0.0,0.0
780,10.466573,10.256378,6.224000,2,0,6000.0000,-1000.0000,90.0000,0.0000,1,4.0,100.00,0.0,0.0,0.0,0.0
781,9.533910,10.461451,6.193000,2,0,6000.0000,-1000.0000,90.0000,0.0000,1,4.0,100.00,0.0,0.0,0.0,0.0
782,8.637681,9.531921,6.193000,2,0,6000.0000,-1000.0000,90.0000,0.0000,1,4.0,100.00,0.0,0.0,0.0,0.0
783,10.353429,8.663761,6.225000,2,0,6000.0000,-1000.0000,90.0000,0.0000,1,4.0,100.00,0.0,0.0,0.0,0.0
784,9.207795,10.322569,6.156000,2,0,6000.0000,-1000.0000,90.0000,0.0000,1,4.0,100.00,0.0,0.0,0.0,0.0
785,9.808466,9.211704,6.188000,2,0,6000.0000,-1000.0000,90.0000,0.0000,1,4.0,100.00,0.0,0.0,0.0,0.0
786,10.354620,9.811197,6.216000,2,0,6000.0000,-1000.0000,90.0000,0.0000,1,4.0,100.00,0.0,0.0,0.0,0.0
787,10.675705,10.351459,6.216000,2,0,6000.0000,-1000.0000,90.0000,0.0000,1,4.0,100.00,0.0,0.0,0.0,0.0
788,12.623890,10.698907,6.190000,2,0,6000.0000,-1000.0000,90.0000,0.0000,1,4.0,100.00,0.0,0.0,0.0,0.0
789,12.326702,12.630269,6.148000,2,0,6000.0000,-1000.0000,90.0000,0.0000,1,4.0,100.00,0.0,0.0,0.0,0.0
790,12.583509,12.305642,6.235000,2,0,6000.0000,-1000.0000,90.0000,0.0000,1,4.0,100.00,0.0,0.0,0.0,0.0
791,13.330315,12.614199,6.174000,2,0,6000.0000,-1000.0000,90.0000,0.0000,1,4.0,100.00,0.0,0.0,0.0,0.0
792,12.569878,13.342575,6.096000,2,0,6000.0000,-1000.0000,90.0000,0.0000,1,4.0,100.00,0.0,0.0,0.0,0.0
793,11.466453,12.525538,6.172000,2,0,6000.0000,-1000.0000,90.0000,0.0000,1,4.0,100.00,0.0,0.0,0.0,0.0
794,12.041657,11.463573,6.411000,2,0,6000.0000,-1000.0000,90.0000,0.0000,1,4.0,100.00,0.0,0.0,0.0,0.0
795,12.190379,12.052556,6.559000,2,0,6000.0000,-1000.0000,90.0000,0.0000,1,4.0,100.00,0.0,0.0,0.0,0.0
796,10.352460,12.177440,6.475000,2,0,6000.0000,-1000.0000,90.0000,0.0000,1,4.0,100.00,0.0,0.0,0.0,0.0
797,11.385011,10.391930,6.544000,2,0,6000.0000,-1000.0000,90.0000,0.0000,1,4.0,100.00,0.0,0.0,0.0,0.0
798,11.385703,11.353251,6.572000,2,0,6000.0000,-1000.0000,90.0000,0.0000,1,4.0,100.00,0.0,0.0,0.0,0.0
799,12.312812,11.375052,6.464000,2,0,6000.0000,-1000.0000,90.0000,0.0000,1,4.0,100.00,0.0,0.0,0.0,0.0
800,11.192277,12.352783,6.493000,2,0,6000.0000,-1000.0000,90.0000,0.0000,1,4.0,100.00,0.0,0.0,0.0,0.0
801,8.363055,11.156857,6.493000,2,0,6000.0000,-1000.0000,90.0000,0.0000,1,4.0,100.00,0.0,0.0,0.0,0.0
802,10.278688,8.359075,6.470000,2,0,6000.0000,-1000.0000,90.0000,0.0000,1,4.0,100.00,0.0,0.0,0.0,0.0
803,11.227009,10.284478,6.107000,2,0,6000.0000,-1000.0000,90.0000,0.0000,1,4.0,100.00,0.0,0.0,0.0,0.0
804,10.026091,11.256719,6.203000,2,0,6000.0000,-1000.0000,90.0000,0.0000,1,4.0,100.00,0.0,0.0,0.0,0.0
805,10.960443,10.014941,6.203000,2,0,6000.0000,-1000.0000,90.0000,0.0000,1,4.0,100.00,0.0,0.0,0.0,0.0
806,13.517238,10.969333,6.097000,2,0,6000.0000,-1000.0000,90.0000,0.0000,1,4.0,100.00,0.0,0.0,0.0,0.0
807,12.295063,13.491689,6.125000,2,0,6000.0000,-1000.0000,90.0000,0.0000,1,4.0,100.00,0.0,0.0,0.0,0.0
808,10.774218,12.291131,6.125000,2,0,6000.0000,-1000.0000,90.0000,0.0000,1,4.0,100.00,0.0,0.0,0.0,0.0
809,12.304753,10.770589,6.539000,2,0,6000.0000,-1000.0000,90.0000,0.0000,1,4.0,100.00,0.0,0.0,0.0,0.0
810,12.110357,12.346593,6.180000,2,0,6000.0000,-1000.0000,90.0000,0.0000,1,4.0,100.00,0.0,0.0,0.0,0.0
811,11.999596,12.100317,6.134000,2,0,6000.0000,-1000.0000,90.0000,0.0000,1,4.0,100.00,0.0,0.0,0.0,0.0
812,11.115056,12.000376,6.134000,2,0,6000.0000,-1000.0000,90.0000,0.0000,1,4.0,100.00,0.0,0.0,0.0,0.0
813,11.107595,11.080835,6.105000,2,0,6000.0000,-1000.0000,90.0000,0.0000,1,4.0,100.00,0.0,0.0,0.0,0.0
814,11.628078,11.108846,6.214000,2,0,6000.0000,-1000.0000,90.0000,0.0000,1,4.0,100.00,0.0,0.0,0.0,0.0
815,11.556425,11.572596,6.241000,2,0,6000.0000,-1000.0000,90.0000,0.0000,1,4.0,100.00,0.0,0.0,0.0,0.0
816,12.016296,11.551255,6.006000,2,0,6000.0000,-1000.0000,90.0000,0.0000,1,4.0,100.00,0.0,0.0,0.0,0.0
817,11.622528,12.006356,6.123000,2,0,6000.0000,-1000.0000,90.0000,0.0000,1,4.0,100.00,0.0,0.0,0.0,0.0
818,11.873292,11.642278,6.100000,2,0,6000.0000,-1000.0000,90.0000,0.0000,1,4.0,100.00,0.0,0.0,0.0,0.0
819,12.011216,11.853002,6.135000,2,0,6000.0000,-1000.0000,90.0000,0.0000,1,4.0,100.00,0.0,0.0,0.0,0.0
820,12.292822,12.038096,6.250000,2,0,6000.0000,-1000.0000,90.0000,0.0000,1,4.0,100.00,0.0,0.0,0.0,0.0
821,11.502845,12.268812,6.213000,2,0,6000.0000,-1000.0000,90.0000,0.0000,1,4.0,100.00,0.0,0.0,0.0,0.0
822,12.325292,11.516495,6.143000,2,0,6000.0000,-1000.0000,90.0000,0.0000,1,4.0,100.00,0.0,0.0,0.0,0.0
823,12.255171,12.332292,6.160000,2,0,6000.0000,-1000.0000,90.0000,0.0000,1,4.0,100.00,0.0,0.0,0.0,0.0
824,10.130914,12.228651,6.124000,2,0,6000.0000,-1000.0000,90.0000,0.0000,1,4.0,100.00,0.0,0.0,0.0,0.0
825,11.429283,10.117373,6.123000,2,0,6000.0000,-1000.0000,90.0000,0.0000,1,4.0,100.00,0.0,0.0,0.0,0.0
826,10.322069,11.418544,6.123000,2,0,6000.0000,-1000.0000,90.0000,0.0000,1,4.0,100.00,0.0,0.0,0.0,0.0
827,10.707727,10.333798,6.149000,2,0,6000.0000,-1000.0000,90.0000,0.0000,1,4.0,100.00,0.0,0.0,0.0,0.0
828,10.871260,10.891691,6.201000,2,0,6000.0000,-1000.0000,90.0000,0.0000,1,4.0,100.00,0.0,0.0,0.0,0.0
829,9.814787,10.779409,6.121000,2,0,6000.0000,-1000.0000,90.0000,0.0000,1,4.0,100.00,0.0,0.0,0.0,0.0
830,10.279578,9.789797,6.277000,2,0,6000.0000,-1000.0000,90.0000,0.0000,1,4.0,100.00,0.0,0.0,0.0,0.0
831,10.442010,10.250526,6.176000,2,0,6000.0000,-1000.0000,90.0000,0.0000,1,4.0,100.00,0.0,0.0,0.0,0.0
832,10.781069,10.440671,6.160000,2,0,6000.0000,-1000.0000,90.0000,0.0000,1,4.0,100.00,0.0,0.0,0.0,0.0
833,10.693997,10.756878,6.103000,2,0,6000.0000,-1000.0000,90.0000,0.0000,1,4.0,100.00,0.0,0.0,0.0,0.0
834,11.302570,10.700017,6.082000,2,0,6000.0000,-1000.0000,90.0000,0.0000,1,4.0,100.00,0.0,0.0,0.0,0.0
835,10.931422,11.319390,6.159000,2,0,6000.0000,-1000.0000,90.0000,0.0000,1,4.0,100.00,0.0,0.0,0.0,0.0
836,10.811339,10.932552,6.210000,2,0,6000.0000,-1000.0000,90.0000,0.0000,1,4.0,100.00,0.0,0.0,0.0,0.0
837,11.543555,10.841970,6.150000,2,0,6000.0000,-1000.0000,90.0000,0.0000,1,4.0,100.00,0.0,0.0,0.0,0.0
838,11.070915,11.508184,6.118000,2,0,6000.0000,-1000.0000,90.0000,0.0000,1,4.0,100.00,0.0,0.0,0.0,0.0
839,11.015364,11.221268,6.197000,2,0,6000.0000,-1000.0000,90.0000,0.0000,1,4.0,100.00,0.0,0.0,0.0,0.0
840,10.903101,10.981123,6.083000,2,0,6000.0000,-1000.0000,90.0000,0.0000,1,4.0,100.00,0.0,0.0,0.0,0.0
841,11.435053,10.907202,6.191000,2,0,6000.0000,-1000.0000,90.0000,0.0000,1,4.0,100.00,0.0,0.0,0.0,0.0
842,10.079163,11.417503,6.135000,2,0,6000.0000,-1000.0000,90.0000,0.0000,1,4.0,100.00,0.0,0.0,0.0,0.0
843,11.929284,10.098363,6.148000,2,0,6000.0000,-1000.0000,90.0000,0.0000,1,4.0,100.00,0.0,0.0,0.0,0.0
844,11.944304,11.888443,6.148000,2,0,6000.0000,-1000.0000,90.0000,0.0000,1,4.0,100.00,0.0,0.0,0.0,0.0
845,13.665592,11.969095,6.183000,2,0,6000.0000,-1000.0000,90.0000,0.0000,1,4.0,100.00,0.0,0.0,0.0,0.0
846,12.842925,13.634771,6.151000,2,0,6000.0000,-1000.0000,90.0000,0.0000,1,4.0,100.00,0.0,0.0,0.0,0.0
847,13.763224,12.845374,6.143000,2,0,6000.0000,-1000.0000,90.0000,0.0000,1,4.0,100.00,0.0,0.0,0.0,0.0
848,13.667162,13.828677,6.098000,2,0,6000.0000,-1000.0000,90.0000,0.0000,1,4.0,100.00,0.0,0.0,0.0,0.0
849,14.081502,13.610151,6.174000,2,0,6000.0000,-1000.0000,90.0000,0.0000,1,4.0,100.00,0.0,0.0,0.0,0.0
850,12.923406,14.075721,6.189000,2,0,6000.0000,-1000.0000,90.0000,0.0000,1,4.0,100.00,0.0,0.0,0.0,0.0
851,13.655052,12.958777,6.142000,2,0,6000.0000,-1000.0000,90.0000,0.0000,1,4.0,100.00,0.0,0.0,0.0,0.0
852,14.085352,13.617911,6.141000,2,0,6000.0000,-1000.0000,90.0000,0.0000,1,4.0,100.00,0.0,0.0,0.0,0.0
853,14.207674,14.085631,6.163000,2,0,6000.0000,-1000.0000,90.0000,0.0000,1,4.0,100.00,0.0,0.0,0.0,0.0
854,14.660004,14.211036,6.179000,2,0,6000.0000,-1000.0000,90.0000,0.0000,1,4.0,100.00,0.0,0.0,0.0,0.0
855,13.654713,14.663983,6.163000,2,0,6000.0000,-1000.0000,90.0000,0.0000,1,4.0,100.00,0.0,0.0,0.0,0.0
856,14.525441,13.677833,6.548000,2,0,6000.0000,-1000.0000,90.0000,0.0000,1,4.0,100.00,0.0,0.0,0.0,0.0
857,14.334897,14.789248,6.437000,2,0,6000.0000,-1000.0000,90.0000,0.0000,1,4.0,100.00,0.0,0.0,0.0,0.0
858,13.606151,13.953048,6.450000,2,0,6000.0000,-1000.0000,90.0000,0.0000,1,4.0,100.00,0.0,0.0,0.0,0.0
859,12.961077,13.585880,6.591000,2,0,6000.0000,-1000.0000,90.0000,0.0000,1,4.0,100.00,0.0,0.0,0.0,0.0
860,12.373633,12.957497,6.417000,2,0,6000.0000,-1000.0000,90.0000,0.0000,1,4.0,100.00,0.0,0.0,0.0,0.0
861,13.689953,12.360653,6.488000,2,0,6000.0000,-1000.0000,90.0000,0.0000,1,4.0,100.00,0.0,0.0,0.0,0.0
862,13.531950,13.689283,6.498000,2,0,6000.0000,-1000.0000,90.0000,0.0000,1,4.0,100.00,0.0,0.0,0.0,0.0
863,12.684750,13.829817,6.523000,2,0,6000.0000,-1000.0000,90.0000,0.0000,1,4.0,100.00,0.0,0.0,0.0,0.0
864,10.908852,12.936636,6.523000,2,0,6000.0000,-1000.0000,90.0000,0.0000,1,4.0,100.00,0.0,0.0,0.0,0.0
865,11.140916,10.660806,6.190000,2,0,6000.0000,-1000.0000,90.0000,0.0000,1,4.0,100.00,0.0,0.0,0.0,0.0
866,12.236511,11.644267,6.070000,2,0,6000.0000,-1000.0000,90.0000,0.0000,1,4.0,100.00,0.0,0.0,0.0,0.0
867,11.649198,11.604347,6.167000,2,0,6000.0000,-1000.0000,90.0000,0.0000,1,4.0,100.00,0.0,0.0,0.0,0.0
868,11.832092,11.784481,6.497000,2,0,6000.0000,-1000.0000,90.0000,0.0000,1,4.0,100.00,0.0,0.0,0.0,0.0
869,12.250260,11.956065,6.132000,2,0,6000.0000,-1000.0000,90.0000,0.0000,1,4.0,100.00,0.0,0.0,0.0,0.0
870,10.480193,11.960314,6.132000,2,0,6000.0000,-1000.0000,90.0000,0.0000,1,4.0,100.00,0.0,0.0,0.0,0.0
871,11.291279,11.065625,6.455000,2,0,6000.0000,-1000.0000,90.0000,0.0000,1,4.0,100.00,0.0,0.0,0.0,0.0
872,11.439553,11.387882,6.225000,2,0,6000.0000,-1000.0000,90.0000,0.0000,1,4.0,100.00,0.0,0.0,0.0,0.0
873,12.368934,11.382861,6.240000,2,0,6000.0000,-1000.0000,90.0000,0.0000,1,4.0,100.00,0.0,0.0,0.0,0.0
874,14.488670,11.690139,6.213000,2,0,6000.0000,-1000.0000,90.0000,0.0000,1,4.0,100.00,0.0,0.0,0.0,0.0
875,11.433944,14.410169,6.165000,2,0,6000.0000,-1000.0000,90.0000,0.0000,1,4.0,100.00,0.0,0.0,0.0,0.0
876,11.372951,11.593056,6.130000,2,0,6000.0000,-1000.0000,90.0000,0.0000,1,4.0,100.00,0.0,0.0,0.0,0.0
877,11.126666,11.292530,6.212000,2,0,6000.0000,-1000.0000,90.0000,0.0000,1,4.0,100.00,0.0,0.0,0.0,0.0
878,11.957595,11.163537,6.119000,2,0,6000.0000,-1000.0000,90.0000,0.0000,1,4.0,100.00,0.0,0.0,0.0,0.0
879,12.825864,11.930764,6.187000,2,0,6000.0000,-1000.0000,90.0000,0.0000,1,4.0,100.00,0.0,0.0,0.0,0.0
880,13.569990,12.940876,6.212000,2,0,6000.0000,-1000.0000,90.0000,0.0000,1,4.0,100.00,0.0,0.0,0.0,0.0
881,12.531817,13.545320,6.133000,2,0,6000.0000,-1000.0000,90.0000,0.0000,1,4.0,100.00,0.0,0.0,0.0,0.0
882,12.462966,12.489816,6.139000,2,0,6000.0000,-1000.0000,90.0000,0.0000,1,4.0,100.00,0.0,0.0,0.0,0.0
883,13.261423,12.481907,6.174000,2,0,6000.0000,-1000.0000,90.0000,0.0000,1,4.0,100.00,0.0,0.0,0.0,0.0
884,11.958115,13.243613,6.121000,2,0,6000.0000,-1000.0000,90.0000,0.0000,1,4.0,100.00,0.0,0.0,0.0,0.0
885,12.158529,11.949774,6.143000,2,0,6000.0000,-1000.0000,90.0000,0.0000,1,4.0,100.00,0.0,0.0,0.0,0.0
886,11.884903,12.160739,6.131000,2,0,6000.0000,-1000.0000,90.0000,0.0000,1,4.0,100.00,0.0,0.0,0.0,0.0
887,12.133508,11.869343,6.176000,2,0,6000.0000,-1000.0000,90.0000,0.0000,1,4.0,100.00,0.0,0.0,0.0,0.0
888,11.323860,12.360573,6.155000,2,0,6000.0000,-1000.0000,90.0000,0.0000,1,4.0,100.00,0.0,0.0,0.0,0.0
889,10.365710,11.146777,6.121000,2,0,6000.0000,-1000.0000,90.0000,0.0000,1,4.0,100.00,0.0,0.0,0.0,0.0
890,10.336169,10.386000,6.064000,2,0,6000.0000,-1000.0000,90.0000,0.0000,1,4.0,100.00,0.0,0.0,0.0,0.0
891,10.132984,10.283307,6.189000,2,0,6000.0000,-1000.0000,90.0000,0.0000,1,4.0,100.00,0.0,0.0,0.0,0.0
892,12.922856,10.125484,6.215000,2,0,6000.0000,-1000.0000,90.0000,0.0000,1,4.0,100.00,0.0,0.0,0.0,0.0
893,9.872038,12.924106,6.159000,2,0,6000.0000,-1000.0000,90.0000,0.0000,1,4.0,100.00,0.0,0.0,0.0,0.0
894,13.383596,9.843958,6.303000,2,0,6000.0000,-1000.0000,90.0000,0.0000,1,4.0,100.00,0.0,0.0,0.0,0.0
895,13.557921,13.407996,6.094000,2,0,6000.0000,-1000.0000,90.0000,0.0000,1,4.0,100.00,0.0,0.0,0.0,0.0
896,11.569645,13.496019,6.135000,2,0,6000.0000,-1000.0000,90.0000,0.0000,1,4.0,100.00,0.0,0.0,0.0,0.0
897,10.063822,11.554666,6.099000,2,0,6000.0000,-1000.0000,90.0000,0.0000,1,4.0,100.00,0.0,0.0,0.0,0.0
898,11.044765,10.110704,6.165000,2,0,6000.0000,-1000.0000,90.0000,0.0000,1,4.0,100.00,0.0,0.0,0.0,0.0
899,10.915361,11.029004,6.136000,2,0,6000.0000,-1000.0000,90.0000,0.0000,1,4.0,100.00,0.0,0.0,0.0,0.0
900,14.527502,10.938132,6.240000,2,0,6000.0000,-1000.0000,90.0000,0.0000,1,4.0,100.00,0.0,0.0,0.0,0.0
901,12.485716,14.486150,6.148000,2,0,6000.0000,-1000.0000,90.0000,0.0000,1,4.0,100.00,0.0,0.0,0.0,0.0
902,13.398107,12.532508,6.166000,2,0,6000.0000,-1000.0000,90.0000,0.0000,1,4.0,100.00,0.0,0.0,0.0,0.0
903,12.539497,13.354885,6.190000,2,0,6000.0000,-1000.0000,90.0000,0.0000,1,4.0,100.00,0.0,0.0,0.0,0.0
904,12.241221,12.535667,6.134000,2,0,6000.0000,-1000.0000,90.0000,0.0000,1,4.0,100.00,0.0,0.0,0.0,0.0
905,13.081070,12.256671,6.145000,2,0,6000.0000,-1000.0000,90.0000,0.0000,1,4.0,100.00,0.0,0.0,0.0,0.0
906,12.289611,13.072130,6.213000,2,0,6000.0000,-1000.0000,90.0000,0.0000,1,4.0,100.00,0.0,0.0,0.0,0.0
907,13.772255,12.384133,6.110000,2,0,6000.0000,-1000.0000,90.0000,0.0000,1,4.0,100.00,0.0,0.0,0.0,0.0
908,11.433813,13.698813,6.139000,2,0,6000.0000,-1000.0000,90.0000,0.0000,1,4.0,100.00,0.0,0.0,0.0,0.0
909,11.427333,11.396142,6.131000,2,0,6000.0000,-1000.0000,90.0000,0.0000,1,4.0,100.00,0.0,0.0,0.0,0.0
910,9.359857,11.411603,6.131000,2,0,6000.0000,-1000.0000,90.0000,0.0000,1,4.0,100.00,0.0,0.0,0.0,0.0
911,10.367879,9.327666,6.133000,2,0,6000.0000,-1000.0000,90.0000,0.0000,1,4.0,100.00,0.0,0.0,0.0,0.0
912,10.449982,10.385370,6.203000,2,0,6000.0000,-1000.0000,90.0000,0.0000,1,4.0,100.00,0.0,0.0,0.0,0.0
913,9.105711,10.451191,6.203000,2,0,6000.0000,-1000.0000,90.0000,0.0000,1,4.0,100.00,0.0,0.0,0.0,0.0
914,10.772959,9.085761,6.163000,2,0,6000.0000,-1000.0000,90.0000,0.0000,1,4.0,100.00,0.0,0.0,0.0,0.0
915,10.173575,10.818130,6.093000,2,0,6000.0000,-1000.0000,90.0000,0.0000,1,4.0,100.00,0.0,0.0,0.0,0.0
916,10.157074,10.238136,6.203000,2,0,6000.0000,-1000.0000,90.0000,0.0000,1,4.0,100.00,0.0,0.0,0.0,0.0
917,11.114886,10.107984,6.340000,2,0,6000.0000,-1000.0000,90.0000,0.0000,1,4.0,100.00,0.0,0.0,0.0,0.0
918,9.075641,11.084995,6.340000,2,0,6000.0000,-1000.0000,90.0000,0.0000,1,4.0,100.00,0.0,0.0,0.0,0.0
919,13.474288,9.077481,6.279000,2,0,6000.0000,-1000.0000,90.0000,0.0000,1,4.0,100.00,0.0,0.0,0.0,0.0
920,14.527671,13.477158,6.497000,2,0,6000.0000,-1000.0000,90.0000,0.0000,1,4.0,100.00,0.0,0.0,0.0,0.0
921,14.330277,14.536791,6.480000,2,0,6000.0000,-1000.0000,90.0000,0.0000,1,4.0,100.00,0.0,0.0,0.0,0.0
922,14.266126,14.385379,6.424000,2,0,6000.0000,-1000.0000,90.0000,0.0000,1,4.0,100.00,0.0,0.0,0.0,0.0
923,13.624431,14.201904,6.470000,2,0,6000.0000,-1000.0000,90.0000,0.0000,1,4.0,100.00,0.0,0.0,0.0,0.0
924,14.255996,13.948839,6.486000,2,0,6000.0000,-1000.0000,90.0000,0.0000,1,4.0,100.00,0.0,0.0,0.0,0.0
925,13.251373,14.143463,6.454000,2,0,6000.0000,-1000.0000,90.0000,0.0000,1,4.0,100.00,0.0,0.0,0.0,0.0
926,13.315164,13.293434,6.326000,2,0,6000.0000,-1000.0000,90.0000,0.0000,1,4.0,100.00,0.0,0.0,0.0,0.0
927,13.264484,13.338785,6.074000,2,0,6000.0000,-1000.0000,90.0000,0.0000,1,4.0,100.00,0.0,0.0,0.0,0.0
928,13.793155,13.191782,6.179000,2,0,6000.0000,-1000.0000,90.0000,0.0000,1,4.0,100.00,0.0,0.0,0.0,0.0
929,13.505429,13.770154,6.058000,2,0,6000.0000,-1000.0000,90.0000,0.0000,1,4.0,100.00,0.0,0.0,0.0,0.0
930,11.607006,13.510839,6.372000,2,0,6000.0000,-1000.0000,90.0000,0.0000,1,4.0,100.00,0.0,0.0,0.0,0.0
931,11.121256,11.541336,6.237000,2,0,6000.0000,-1000.0000,90.0000,0.0000,1,4.0,100.00,0.0,0.0,0.0,0.0
932,10.453852,11.078515,6.289000,2,0,6000.0000,-1000.0000,90.0000,0.0000,1,4.0,100.00,0.0,0.0,0.0,0.0
933,10.366519,10.445341,6.481000,2,0,6000.0000,-1000.0000,90.0000,0.0000,1,4.0,100.00,0.0,0.0,0.0,0.0
934,10.645816,10.428350,6.086000,2,0,6000.0000,-1000.0000,90.0000,0.0000,1,4.0,100.00,0.0,0.0,0.0,0.0
935,10.596784,10.510083,6.233000,2,0,6000.0000,-1000.0000,90.0000,0.0000,1,4.0,100.00,0.0,0.0,0.0,0.0
936,10.817539,10.587675,6.094000,2,0,6000.0000,-1000.0000,90.0000,0.0000,1,4.0,100.00,0.0,0.0,0.0,0.0
937,10.336520,10.817758,6.212000,2,0,6000.0000,-1000.0000,90.0000,0.0000,1,4.0,100.00,0.0,0.0,0.0,0.0
938,9.630922,10.500413,6.141000,2,0,6000.0000,-1000.0000,90.0000,0.0000,1,4.0,100.00,0.0,0.0,0.0,0.0
939,9.611553,9.673054,6.141000,2,0,6000.0000,-1000.0000,90.0000,0.0000,1,4.0,100.00,0.0,0.0,0.0,0.0
940,9.416868,9.522261,6.038000,2,0,6000.0000,-1000.0000,90.0000,0.0000,1,4.0,100.00,0.0,0.0,0.0,0.0
941,9.358828,9.447798,6.231000,2,0,6000.0000,-1000.0000,90.0000,0.0000,1,4.0,100.00,0.0,0.0,0.0,0.0
942,10.443971,9.330297,6.104000,2,0,6000.0000,-1000.0000,90.0000,0.0000,1,4.0,100.00,0.0,0.0,0.0,0.0
943,8.847935,10.413470,6.124000,2,0,6000.0000,-1000.0000,90.0000,0.0000,1,4.0,100.00,0.0,0.0,0.0,0.0
944,9.143993,8.896657,6.142000,2,0,6000.0000,-1000.0000,90.0000,0.0000,1,4.0,100.00,0.0,0.0,0.0,0.0
945,9.648153,9.106242,6.068000,2,0,6000.0000,-1000.0000,90.0000,0.0000,1,4.0,100.00,0.0,0.0,0.0,0.0
946,9.009100,9.674304,6.082000,2,0,6000.0000,-1000.0000,90.0000,0.0000,1,4.0,100.00,0.0,0.0,0.0,0.0
947,8.854475,8.986319,6.114000,2,0,6000.0000,-1000.0000,90.0000,0.0000,1,4.0,100.00,0.0,0.0,0.0,0.0
948,9.378278,8.861586,6.155000,2,0,6000.0000,-1000.0000,90.0000,0.0000,1,4.0,100.00,0.0,0.0,0.0,0.0
949,9.301605,9.365297,6.173000,2,0,6000.0000,-1000.0000,90.0000,0.0000,1,4.0,100.00,0.0,0.0,0.0,0.0
950,9.054641,9.356756,6.174000,2,0,6000.0000,-1000.0000,90.0000,0.0000,1,4.0,100.00,0.0,0.0,0.0,0.0
951,9.642523,9.069602,6.160000,2,0,6000.0000,-1000.0000,90.0000,0.0000,1,4.0,100.00,0.0,0.0,0.0,0.0
952,9.352717,9.577101,6.167000,2,0,6000.0000,-1000.0000,90.0000,0.0000,1,4.0,100.00,0.0,0.0,0.0,0.0
953,9.941340,9.419738,6.182000,2,0,6000.0000,-1000.0000,90.0000,0.0000,1,4.0,100.00,0.0,0.0,0.0,0.0
954,9.413889,9.905370,6.068000,2,0,6000.0000,-1000.0000,90.0000,0.0000,1,4.0,100.00,0.0,0.0,0.0,0.0
955,12.708770,9.377808,6.191000,2,0,6000.0000,-1000.0000,90.0000,0.0000,1,4.0,100.00,0.0,0.0,0.0,0.0
956,13.093240,12.740372,6.128000,2,0,6000.0000,-1000.0000,90.0000,0.0000,1,4.0,100.00,0.0,0.0,0.0,0.0
957,12.931466,13.084779,6.141000,2,0,6000.0000,-1000.0000,90.0000,0.0000,1,4.0,100.00,0.0,0.0,0.0,0.0
958,10.718107,12.941997,6.206000,2,0,6000.0000,-1000.0000,90.0000,0.0000,1,4.0,100.00,0.0,0.0,0.0,0.0
959,11.986386,10.684295,6.132000,2,0,6000.0000,-1000.0000,90.0000,0.0000,1,4.0,100.00,0.0,0.0,0.0,0.0
960,12.035016,11.997786,6.105000,2,0,6000.0000,-1000.0000,90.0000,0.0000,1,4.0,100.00,0.0,0.0,0.0,0.0
961,10.689887,12.029956,6.145000,2,0,6000.0000,-1000.0000,90.0000,0.0000,1,4.0,100.00,0.0,0.0,0.0,0.0
962,10.317528,10.684766,6.194000,2,0,6000.0000,-1000.0000,90.0000,0.0000,1,4.0,100.00,0.0,0.0,0.0,0.0
963,10.760598,10.312028,6.160000,2,0,6000.0000,-1000.0000,90.0000,0.0000,1,4.0,100.00,0.0,0.0,0.0,0.0
964,10.004161,10.756519,6.226000,2,0,6000.0000,-1000.0000,90.0000,0.0000,1,4.0,100.00,0.0,0.0,0.0,0.0
965,11.581986,10.010841,6.121000,2,0,6000.0000,-1000.0000,90.0000,0.0000,1,4.0,100.00,0.0,0.0,0.0,0.0
966,12.293783,11.568766,6.133000,2,0,6000.0000,-1000.0000,90.0000,0.0000,1,4.0,100.00,0.0,0.0,0.0,0.0
967,11.800710,12.294182,6.061000,2,0,6000.0000,-1000.0000,90.0000,0.0000,1,4.0,100.00,0.0,0.0,0.0,0.0
968,11.534295,11.830412,6.189000,2,0,6000.0000,-1000.0000,90.0000,0.0000,1,4.0,100.00,0.0,0.0,0.0,0.0
969,11.599388,11.498264,6.086000,2,0,6000.0000,-1000.0000,90.0000,0.0000,1,4.0,100.00,0.0,0.0,0.0,0.0
970,11.452392,11.594797,6.137000,2,0,6000.0000,-1000.0000,90.0000,0.0000,1,4.0,100.00,0.0,0.0,0.0,0.0
971,11.705330,11.449723,6.152000,2,0,6000.0000,-1000.0000,90.0000,0.0000,1,4.0,100.00,0.0,0.0,0.0,0.0
972,12.701130,11.702469,6.184000,2,0,6000.0000,-1000.0000,90.0000,0.0000,1,4.0,100.00,0.0,0.0,0.0,0.0
973,11.807742,12.723422,6.210000,2,0,6000.0000,-1000.0000,90.0000,0.0000,1,4.0,100.00,0.0,0.0,0.0,0.0
974,11.661408,11.829591,6.108000,2,0,6000.0000,-1000.0000,90.0000,0.0000,1,4.0,100.00,0.0,0.0,0.0,0.0
975,11.204097,11.647978,6.143000,2,0,6000.0000,-1000.0000,90.0000,0.0000,1,4.0,100.00,0.0,0.0,0.0,0.0
976,12.252731,11.210757,6.076000,3,0,6000.0000,-1000.0000,90.0000,0.0000,1,4.0,100.00,0.0,0.0,0.0,0.0
977,11.383413,12.224631,6.166000,3,1,6000.0000,-1000.0000,90.0000,0.0000,1,4.0,100.00,0.0,0.0,0.0,0.0
978,170.053182,11.386512,6.640000,3,0,6000.0000,-1000.0000,90.0000,0.0000,1,4.0,100.00,0.0,0.0,0.0,0.0
979,6.166226,170.039602,6.640000,3,1,6000.0000,-1000.0000,90.0000,0.0000,1,4.0,100.00,0.0,0.0,0.0,0.0
980,168.035698,6.075504,6.615000,3,0,6000.0000,-1000.0000,90.0000,0.0000,1,4.0,100.00,0.0,0.0,0.0,0.0
981,6.073394,168.092459,6.615000,3,1,6000.0000,-1000.0000,90.0000,0.0000,1,4.0,100.00,0.0,0.0,0.0,0.0
982,170.546913,6.018413,6.597000,3,0,6000.0000,-1000.0000,90.0000,0.0000,1,4.0,100.00,0.0,0.0,0.0,0.0
983,5.923861,170.638816,6.597000,3,1,6000.0000,-1000.0000,90.0000,0.0000,1,4.0,100.00,0.0,0.0,0.0,0.0
984,173.505139,5.851728,6.536000,3,0,6000.0000,-1000.0000,90.0000,0.0000,1,4.0,100.00,0.0,0.0,0.0,0.0
985,6.046344,173.542690,6.536000,3,1,6000.0000,-1000.0000,90.0000,0.0000,1,4.0,100.00,0.0,0.0,0.0,0.0
986,167.166278,5.982513,6.577000,3,0,6000.0000,-1000.0000,90.0000,0.0000,1,4.0,100.00,0.0,0.0,0.0,0.0
987,6.216457,167.275270,6.577000,3,1,6000.0000,-1000.0000,90.0000,0.0000,1,4.0,100.00,0.0,0.0,0.0,0.0
988,167.284211,6.119405,6.306000,3,0,6000.0000,-1000.0000,90.0000,0.0000,1,4.0,100.00,0.0,0.0,0.0,0.0
989,5.836369,167.337892,6.306000,3,1,6000.0000,-1000.0000,90.0000,0.0000,1,4.0,100.00,0.0,0.0,0.0,0.0
990,170.536363,5.787319,6.500000,3,0,6000.0000,-1000.0000,90.0000,0.0000,1,4.0,100.00,0.0,0.0,0.0,0.0
991,5.512312,170.635955,6.500000,3,1,6000.0000,-1000.0000,90.0000,0.0000,1,4.0,100.00,0.0,0.0,0.0,0.0
992,170.189185,5.388709,6.496000,3,0,6000.0000,-1000.0000,90.0000,0.0000,1,4.0,100.00,0.0,0.0,0.0,0.0
993,5.719437,170.255726,6.496000,3,1,6000.0000,-1000.0000,90.0000,0.0000,1,4.0,100.00,0.0,0.0,0.0,0.0
994,198.049851,5.649155,6.356000,3,0,6000.0000,-1000.0000,90.0000,0.0000,1,4.0,100.00,0.0,0.0,0.0,0.0
995,4.946220,198.156534,6.356000,3,1,6000.0000,-1000.0000,90.0000,0.0000,1,4.0,100.00,0.0,0.0,0.0,0.0
996,168.138749,4.875278,6.268000,4,0,6000.0000,-1000.0000,90.0000,-25.0000,1,4.0,100.00,0.0,0.0,0.0,0.0
997,5.659166,168.180321,6.268000,4,0,6000.0000,-1000.0000,90.0000,-22.8977,1,4.0,100.00,0.0,0.0,0.0,0.0
998,8.765743,5.628625,6.198000,4,0,6000.0000,-1000.0000,90.0000,-22.8274,1,4.0,100.00,0.0,0.0,0.0,0.0
999,13.795555,8.753104,6.920000,4,0,6000.0000,-1000.0000,90.0000,-22.7180,1,4.0,100.00,0.0,0.0,0.0,0.0
1000,14.002850,13.812374,6.394000,4,0,6000.0000,-1000.0000,90.0000,-22.5453,1,4.0,100.00,0.0,0.0,0.0,0.0
1001,13.769385,13.982850,6.394000,4,0,6000.0000,-1000.0000,90.0000,-22.3705,1,4.0,100.00,0.0,0.0,0.0,0.0
1002,13.336355,13.796275,6.626000,4,0,6000.0000,-1000.0000,90.0000,-22.1981,1,4.0,100.00,0.0,0.0,0.0,0.0
1003,13.735064,13.331405,6.096000,4,0,6000.0000,-1000.0000,90.0000,-22.0314,1,4.0,100.00,0.0,0.0,0.0,0.0
1004,13.008358,13.782665,6.183000,4,0,6000.0000,-1000.0000,90.0000,-21.8592,1,4.0,100.00,0.0,0.0,0.0,0.0
1005,12.255710,12.954577,6.183000,4,0,6000.0000,-1000.0000,90.0000,-21.6972,1,4.0,100.00,0.0,0.0,0.0,0.0
1006,13.271605,12.457966,6.171000,4,0,6000.0000,-1000.0000,90.0000,-21.5415,1,4.0,100.00,0.0,0.0,0.0,0.0
1007,13.273063,13.212952,6.158000,4,0,6000.0000,-1000.0000,90.0000,-21.3763,1,4.0,100.00,0.0,0.0,0.0,0.0
1008,12.196990,13.216002,6.241000,4,0,6000.0000,-1000.0000,90.0000,-21.2111,1,4.0,100.00,0.0,0.0,0.0,0.0
1009,13.859847,12.182039,6.021000,4,0,6000.0000,-1000.0000,90.0000,-21.0589,1,4.0,100.00,0.0,0.0,0.0,0.0
1010,13.999859,13.865097,6.189000,4,0,6000.0000,-1000.0000,90.0000,-20.8855,1,4.0,100.00,0.0,0.0,0.0,0.0
1011,13.909148,14.014650,6.160000,4,0,6000.0000,-1000.0000,90.0000,-20.7104,1,4.0,100.00,0.0,0.0,0.0,0.0
1012,12.882185,13.900498,6.149000,4,0,6000.0000,-1000.0000,90.0000,-20.5366,1,4.0,100.00,0.0,0.0,0.0,0.0
1013,13.355325,12.899935,6.161000,4,0,6000.0000,-1000.0000,90.0000,-20.3754,1,4.0,100.00,0.0,0.0,0.0,0.0
1014,13.673763,13.371946,6.289000,4,0,6000.0000,-1000.0000,90.0000,-20.2082,1,4.0,100.00,0.0,0.0,0.0,0.0
1015,13.739823,13.597511,6.096000,4,0,6000.0000,-1000.0000,90.0000,-20.0382,1,4.0,100.00,0.0,0.0,0.0,0.0
1016,14.323998,13.760725,6.138000,4,0,6000.0000,-1000.0000,90.0000,-19.8662,1,4.0,100.00,0.0,0.0,0.0,0.0
1017,13.622301,14.305796,6.102000,4,0,6000.0000,-1000.0000,90.0000,-19.6874,1,4.0,100.00,0.0,0.0,0.0,0.0
1018,13.982869,13.648882,6.221000,4,0,6000.0000,-1000.0000,90.0000,-19.5168,1,4.0,100.00,0.0,0.0,0.0,0.0
1019,12.893576,14.605763,6.182000,4,0,6000.0000,-1000.0000,90.0000,-19.3342,1,4.0,100.00,0.0,0.0,0.0,0.0
1020,12.515187,12.290771,6.178000,4,0,6000.0000,-1000.0000,90.0000,-19.1806,1,4.0,100.00,0.0,0.0,0.0,0.0
1021,12.139418,12.510998,6.142000,4,0,6000.0000,-1000.0000,90.0000,-19.0242,1,4.0,100.00,0.0,0.0,0.0,0.0
1022,12.295692,12.139478,6.104000,4,0,6000.0000,-1000.0000,90.0000,-18.8725,1,4.0,100.00,0.0,0.0,0.0,0.0
1023,12.099598,12.325322,6.214000,4,0,6000.0000,-1000.0000,90.0000,-18.7184,1,4.0,100.00,0.0,0.0,0.0,0.0
1024,12.098967,12.077677,6.268000,4,0,6000.0000,-1000.0000,90.0000,-18.5674,1,4.0,100.00,0.0,0.0,0.0,0.0
1025,11.865063,12.153590,6.182000,4,0,6000.0000,-1000.0000,90.0000,-18.4155,1,4.0,100.00,0.0,0.0,0.0,0.0
1026,12.190669,11.807061,6.155000,4,0,6000.0000,-1000.0000,90.0000,-18.2679,1,4.0,100.00,0.0,0.0,0.0,0.0
1027,11.761701,12.214901,6.059000,4,0,6000.0000,-1000.0000,90.0000,-18.1152,1,4.0,100.00,0.0,0.0,0.0,0.0
1028,11.761570,11.727498,6.215000,4,0,6000.0000,-1000.0000,90.0000,-17.9686,1,4.0,100.00,0.0,0.0,0.0,0.0
1029,12.688551,11.799942,6.191000,4,0,6000.0000,-1000.0000,90.0000,-17.8211,1,4.0,100.00,0.0,0.0,0.0,0.0
1030,11.465473,12.659390,6.334000,4,0,6000.0000,-1000.0000,90.0000,-17.6629,1,4.0,100.00,0.0,0.0,0.0,0.0
1031,10.682277,11.483734,6.187000,4,0,6000.0000,-1000.0000,90.0000,-17.5193,1,4.0,100.00,0.0,0.0,0.0,0.0
1032,12.110008,10.682366,6.163000,4,0,6000.0000,-1000.0000,90.0000,-17.3858,1,4.0,100.00,0.0,0.0,0.0,0.0
1033,10.850770,12.662971,6.205000,4,0,6000.0000,-1000.0000,90.0000,-17.2275,1,4.0,100.00,0.0,0.0,0.0,0.0
1034,10.817238,10.372609,6.284000,4,0,6000.0000,-1000.0000,90.0000,-17.0979,1,4.0,100.00,0.0,0.0,0.0,0.0
1035,11.404813,10.801789,6.189000,4,0,6000.0000,-1000.0000,90.0000,-16.9628,1,4.0,100.00,0.0,0.0,0.0,0.0
1036,9.924850,11.443273,6.141000,4,0,6000.0000,-1000.0000,90.0000,-16.8198,1,4.0,100.00,0.0,0.0,0.0,0.0
1037,11.381041,9.790656,6.169000,4,0,6000.0000,-1000.0000,90.0000,-16.6974,1,4.0,100.00,0.0,0.0,0.0,0.0
1038,10.550344,11.387082,6.168000,4,0,6000.0000,-1000.0000,90.0000,-16.5551,1,4.0,100.00,0.0,0.0,0.0,0.0
1039,10.540803,10.545744,6.168000,4,0,6000.0000,-1000.0000,90.0000,-16.4233,1,4.0,100.00,0.0,0.0,0.0,0.0
1040,10.719867,10.574463,6.182000,4,0,6000.0000,-1000.0000,90.0000,-16.2911,1,4.0,100.00,0.0,0.0,0.0,0.0
1041,13.222773,10.690857,6.527000,4,0,6000.0000,-1000.0000,90.0000,-16.1574,1,4.0,100.00,0.0,0.0,0.0,0.0
1042,10.379060,13.260363,6.527000,4,0,6000.0000,-1000.0000,90.0000,-15.9917,1,4.0,100.00,0.0,0.0,0.0,0.0
1043,11.328390,10.332069,6.436000,4,0,6000.0000,-1000.0000,90.0000,-15.8625,1,4.0,100.00,0.0,0.0,0.0,0.0
1044,11.032414,11.346331,6.544000,4,0,6000.0000,-1000.0000,90.0000,-15.7207,1,4.0,100.00,0.0,0.0,0.0,0.0
1045,9.448199,11.047044,6.544000,4,0,6000.0000,-1000.0000,90.0000,-15.5826,1,4.0,100.00,0.0,0.0,0.0,0.0
1046,11.262570,9.435940,6.491000,4,0,6000.0000,-1000.0000,90.0000,-15.4647,1,4.0,100.00,0.0,0.0,0.0,0.0
1047,14.104962,11.253658,6.501000,4,0,6000.0000,-1000.0000,90.0000,-15.3240,1,4.0,100.00,0.0,0.0,0.0,0.0
1048,12.776511,14.104602,6.499000,4,0,6000.0000,-1000.0000,90.0000,-15.1477,1,4.0,100.00,0.0,0.0,0.0,0.0
1049,11.935595,12.772463,6.529000,4,0,6000.0000,-1000.0000,90.0000,-14.9880,1,4.0,100.00,0.0,0.0,0.0,0.0
1050,11.991445,11.960045,6.181000,4,0,6000.0000,-1000.0000,90.0000,-14.8385,1,4.0,100.00,0.0,0.0,0.0,0.0
1051,12.518327,11.963114,6.315000,4,0,6000.0000,-1000.0000,90.0000,-14.6890,1,4.0,100.00,0.0,0.0,0.0,0.0
1052,12.603580,12.526537,6.315000,4,0,6000.0000,-1000.0000,90.0000,-14.5324,1,4.0,100.00,0.0,0.0,0.0,0.0
1053,13.177411,12.613269,6.214000,4,0,6000.0000,-1000.0000,90.0000,-14.3748,1,4.0,100.00,0.0,0.0,0.0,0.0
1054,12.837374,13.250633,6.212000,4,0,6000.0000,-1000.0000,90.0000,-14.2091,1,4.0,100.00,0.0,0.0,0.0,0.0
1055,11.872392,12.797664,6.147000,4,0,6000.0000,-1000.0000,90.0000,-14.0492,1,4.0,100.00,0.0,0.0,0.0,0.0
1056,11.048264,11.853612,6.118000,4,0,6000.0000,-1000.0000,90.0000,-13.9010,1,4.0,100.00,0.0,0.0,0.0,0.0
1057,10.849580,11.109546,6.196000,4,0,6000.0000,-1000.0000,90.0000,-13.7621,1,4.0,100.00,0.0,0.0,0.0,0.0
1058,10.316069,10.902481,6.522000,4,0,6000.0000,-1000.0000,90.0000,-13.6258,1,4.0,100.00,0.0,0.0,0.0,0.0
1059,9.833907,10.206045,6.147000,4,0,6000.0000,-1000.0000,90.0000,-13.4983,1,4.0,100.00,0.0,0.0,0.0,0.0
1060,8.738684,9.826618,6.147000,4,0,6000.0000,-1000.0000,90.0000,-13.3754,1,4.0,100.00,0.0,0.0,0.0,0.0
1061,12.791733,8.769033,6.209000,4,0,6000.0000,-1000.0000,90.0000,-13.2658,1,4.0,100.00,0.0,0.0,0.0,0.0
1062,11.769550,12.757723,6.167000,4,0,6000.0000,-1000.0000,90.0000,-13.1063,1,4.0,100.00,0.0,0.0,0.0,0.0
1063,11.870263,11.764750,6.265000,4,0,6000.0000,-1000.0000,90.0000,-12.9593,1,4.0,100.00,0.0,0.0,0.0,0.0
1064,11.896382,11.866813,6.223000,4,0,6000.0000,-1000.0000,90.0000,-12.8109,1,4.0,100.00,0.0,0.0,0.0,0.0
1065,12.463837,11.891903,6.494000,4,0,6000.0000,-1000.0000,90.0000,-12.6623,1,4.0,100.00,0.0,0.0,0.0,0.0
1066,10.298807,12.458645,6.149000,4,0,6000.0000,-1000.0000,90.0000,-12.5066,1,4.0,100.00,0.0,0.0,0.0,0.0
1067,10.436332,10.391461,6.201000,4,0,6000.0000,-1000.0000,90.0000,-12.3767,1,4.0,100.00,0.0,0.0,0.0,0.0
1068,8.814244,10.353708,6.201000,4,0,6000.0000,-1000.0000,90.0000,-12.2472,1,4.0,100.00,0.0,0.0,0.0,0.0
1069,10.427471,8.796615,6.235000,4,0,6000.0000,-1000.0000,90.0000,-12.1373,1,4.0,100.00,0.0,0.0,0.0,0.0
1070,10.085093,10.436141,6.257000,4,0,6000.0000,-1000.0000,90.0000,-12.0068,1,4.0,100.00,0.0,0.0,0.0,0.0
1071,11.456573,10.083993,6.197000,4,0,6000.0000,-1000.0000,90.0000,-11.8808,1,4.0,100.00,0.0,0.0,0.0,0.0
1072,11.901134,11.457294,6.184000,4,0,6000.0000,-1000.0000,90.0000,-11.7376,1,4.0,100.00,0.0,0.0,0.0,0.0
1073,11.845632,12.025376,6.441000,4,0,6000.0000,-1000.0000,90.0000,-11.5873,1,4.0,100.00,0.0,0.0,0.0,0.0
1074,11.228408,11.799480,6.166000,4,0,6000.0000,-1000.0000,90.0000,-11.4398,1,4.0,100.00,0.0,0.0,0.0,0.0
1075,11.344382,11.349702,6.164000,4,0,6000.0000,-1000.0000,90.0000,-11.2979,1,4.0,100.00,0.0,0.0,0.0,0.0
1076,11.479813,11.183097,6.295000,4,0,6000.0000,-1000.0000,90.0000,-11.1581,1,4.0,100.00,0.0,0.0,0.0,0.0
1077,12.795313,11.467163,6.155000,4,0,6000.0000,-1000.0000,90.0000,-11.0148,1,4.0,100.00,0.0,0.0,0.0,0.0
1078,12.584399,13.141762,6.254000,4,0,6000.0000,-1000.0000,90.0000,-10.8505,1,4.0,100.00,0.0,0.0,0.0,0.0
1079,12.922085,12.237570,6.204000,4,0,6000.0000,-1000.0000,90.0000,-10.6975,1,4.0,100.00,0.0,0.0,0.0,0.0
1080,12.189101,13.024168,6.168000,4,0,6000.0000,-1000.0000,90.0000,-10.5347,1,4.0,100.00,0.0,0.0,0.0,0.0
1081,9.626922,12.206810,6.246000,4,0,6000.0000,-1000.0000,90.0000,-10.3821,1,4.0,100.00,0.0,0.0,0.0,0.0
1082,9.757186,9.559532,6.197000,4,0,6000.0000,-1000.0000,90.0000,-10.2626,1,4.0,100.00,0.0,0.0,0.0,0.0
1083,9.784927,9.705384,6.231000,4,0,6000.0000,-1000.0000,90.0000,-10.1413,1,4.0,100.00,0.0,0.0,0.0,0.0
1084,9.180603,9.755266,6.274000,4,0,6000.0000,-1000.0000,90.0000,-10.0194,1,4.0,100.00,0.0,0.0,0.0,0.0
1085,9.631153,9.162633,6.236000,4,0,6000.0000,-1000.0000,90.0000,-9.9048,1,4.0,100.00,0.0,0.0,0.0,0.0
1086,9.993071,9.642913,6.281000,4,0,6000.0000,-1000.0000,90.0000,-9.7843,1,4.0,100.00,0.0,0.0,0.0,0.0
1087,10.048612,9.999762,6.155000,4,0,6000.0000,-1000.0000,90.0000,-9.6593,1,4.0,100.00,0.0,0.0,0.0,0.0
1088,9.914110,10.044112,6.392000,4,0,6000.0000,-1000.0000,90.0000,-9.5338,1,4.0,100.00,0.0,0.0,0.0,0.0
1089,10.362379,9.941210,6.271000,4,0,6000.0000,-1000.0000,90.0000,-9.4095,1,4.0,100.00,0.0,0.0,0.0,0.0
1090,10.093973,10.359429,6.177000,4,0,6000.0000,-1000.0000,90.0000,-9.2800,1,4.0,100.00,0.0,0.0,0.0,0.0
1091,9.191263,10.150844,6.136000,4,0,6000.0000,-1000.0000,90.0000,-9.1531,1,4.0,100.00,0.0,0.0,0.0,0.0
1092,10.028662,9.123962,6.152000,4,0,6000.0000,-1000.0000,90.0000,-9.0391,1,4.0,100.00,0.0,0.0,0.0,0.0
1093,9.573902,10.034392,6.246000,4,0,6000.0000,-1000.0000,90.0000,-8.9136,1,4.0,100.00,0.0,0.0,0.0,0.0
1094,9.506990,9.537861,6.175000,4,0,6000.0000,-1000.0000,90.0000,-8.7944,1,4.0,100.00,0.0,0.0,0.0,0.0
1095,9.406179,9.514991,6.271000,4,0,6000.0000,-1000.0000,90.0000,-8.6755,1,4.0,100.00,0.0,0.0,0.0,0.0
1096,9.919529,9.446119,6.204000,4,0,6000.0000,-1000.0000,90.0000,-8.5574,1,4.0,100.00,0.0,0.0,0.0,0.0
1097,9.170203,9.933259,6.230000,4,0,6000.0000,-1000.0000,90.0000,-8.4332,1,4.0,100.00,0.0,0.0,0.0,0.0
1098,9.294855,9.146613,6.195000,4,0,6000.0000,-1000.0000,90.0000,-8.3189,1,4.0,100.00,0.0,0.0,0.0,0.0
1099,9.528601,9.321406,6.217000,4,0,6000.0000,-1000.0000,90.0000,-8.2024,1,4.0,100.00,0.0,0.0,0.0,0.0
1100,9.330487,9.508941,6.196000,4,0,6000.0000,-1000.0000,90.0000,-8.0835,1,4.0,100.00,0.0,0.0,0.0,0.0
1101,10.581064,9.391507,6.247000,4,0,6000.0000,-1000.0000,90.0000,-7.9661,1,4.0,100.00,0.0,0.0,0.0,0.0
1102,9.664823,10.525203,6.146000,4,0,6000.0000,-1000.0000,90.0000,-7.8346,1,4.0,100.00,0.0,0.0,0.0,0.0
1103,12.038977,9.650333,6.166000,4,0,6000.0000,-1000.0000,90.0000,-7.7139,1,4.0,100.00,0.0,0.0,0.0,0.0
1104,12.517877,12.057957,6.585000,4,0,6000.0000,-1000.0000,90.0000,-7.5632,1,4.0,100.00,0.0,0.0,0.0,0.0
1105,12.343653,12.482196,6.532000,4,0,6000.0000,-1000.0000,90.0000,-7.4072,1,4.0,100.00,0.0,0.0,0.0,0.0
1106,12.672450,12.451995,6.524000,4,0,6000.0000,-1000.0000,90.0000,-7.2515,1,4.0,100.00,0.0,0.0,0.0,0.0
1107,10.313158,12.604600,6.462000,4,0,6000.0000,-1000.0000,90.0000,-7.0940,1,4.0,100.00,0.0,0.0,0.0,0.0
1108,10.273697,10.329658,6.507000,4,0,6000.0000,-1000.0000,90.0000,-6.9649,1,4.0,100.00,0.0,0.0,0.0,0.0
1109,10.304239,10.238207,6.569000,4,0,6000.0000,-1000.0000,90.0000,-6.8369,1,4.0,100.00,0.0,0.0,0.0,0.0
1110,9.917359,10.303438,6.598000,4,0,6000.0000,-1000.0000,90.0000,-6.7081,1,4.0,100.00,0.0,0.0,0.0,0.0
1111,10.399480,9.919579,6.595000,4,0,6000.0000,-1000.0000,90.0000,-6.5841,1,4.0,100.00,0.0,0.0,0.0,0.0
1112,9.384337,10.425270,6.525000,4,0,6000.0000,-1000.0000,90.0000,-6.4538,1,4.0,100.00,0.0,0.0,0.0,0.0
1113,12.316833,9.347898,6.253000,4,0,6000.0000,-1000.0000,90.0000,-6.3369,1,4.0,100.00,0.0,0.0,0.0,0.0
1114,10.116124,12.302882,6.196000,4,0,6000.0000,-1000.0000,90.0000,-6.1831,1,4.0,100.00,0.0,0.0,0.0,0.0
1115,11.271249,10.113653,6.188000,4,0,6000.0000,-1000.0000,90.0000,-6.0567,1,4.0,100.00,0.0,0.0,0.0,0.0
1116,10.351699,11.332291,6.189000,4,0,6000.0000,-1000.0000,90.0000,-5.9151,1,4.0,100.00,0.0,0.0,0.0,0.0
1117,10.338249,10.367460,6.488000,4,0,6000.0000,-1000.0000,90.0000,-5.7855,1,4.0,100.00,0.0,0.0,0.0,0.0
1118,9.670053,10.318808,6.488000,4,0,6000.0000,-1000.0000,90.0000,-5.6565,1,4.0,100.00,0.0,0.0,0.0,0.0
1119,10.002702,9.610063,6.251000,4,0,6000.0000,-1000.0000,90.0000,-5.5364,1,4.0,100.00,0.0,0.0,0.0,0.0
1120,11.152706,10.019501,6.184000,4,0,6000.0000,-1000.0000,90.0000,-5.4111,1,4.0,100.00,0.0,0.0,0.0,0.0
1121,10.464812,11.151387,6.261000,4,0,6000.0000,-1000.0000,90.0000,-5.2717,1,4.0,100.00,0.0,0.0,0.0,0.0
1122,11.942605,10.470581,6.261000,4,0,6000.0000,-1000.0000,90.0000,-5.1408,1,4.0,100.00,0.0,0.0,0.0,0.0
1123,12.659120,11.917924,6.386000,4,0,6000.0000,-1000.0000,90.0000,-4.9919,1,4.0,100.00,0.0,0.0,0.0,0.0
1124,12.120628,12.724872,6.503000,4,0,6000.0000,-1000.0000,90.0000,-4.8328,1,4.0,100.00,0.0,0.0,0.0,0.0
1125,11.723389,12.127598,6.172000,4,0,6000.0000,-1000.0000,90.0000,-4.6812,1,4.0,100.00,0.0,0.0,0.0,0.0
1126,12.257792,11.727870,6.179000,4,0,6000.0000,-1000.0000,90.0000,-4.5346,1,4.0,100.00,0.0,0.0,0.0,0.0
1127,12.541887,12.246040,6.215000,4,0,6000.0000,-1000.0000,90.0000,-4.3815,1,4.0,100.00,0.0,0.0,0.0,0.0
1128,12.450405,12.488016,6.219000,4,0,6000.0000,-1000.0000,90.0000,-4.2254,1,4.0,100.00,0.0,0.0,0.0,0.0
1129,12.063067,12.422605,6.274000,4,0,6000.0000,-1000.0000,90.0000,-4.0702,1,4.0,100.00,0.0,0.0,0.0,0.0
1130,12.034466,12.081197,6.169000,4,0,6000.0000,-1000.0000,90.0000,-3.9191,1,4.0,100.00,0.0,0.0,0.0,0.0
1131,12.636339,12.020446,6.234000,4,0,6000.0000,-1000.0000,90.0000,-3.7689,1,4.0,100.00,0.0,0.0,0.0,0.0
1132,12.941167,12.637520,6.275000,4,0,6000.0000,-1000.0000,90.0000,-3.6109,1,4.0,100.00,0.0,0.0,0.0,0.0
1133,13.307865,12.950756,6.262000,4,0,6000.0000,-1000.0000,90.0000,-3.4490,1,4.0,100.00,0.0,0.0,0.0,0.0
1134,11.098095,13.296165,6.208000,4,0,6000.0000,-1000.0000,90.0000,-3.2828,1,4.0,100.00,0.0,0.0,0.0,0.0
1135,11.074855,11.104445,6.208000,4,0,6000.0000,-1000.0000,90.0000,-3.1440,1,4.0,100.00,0.0,0.0,0.0,0.0
1136,10.879001,11.063395,6.257000,4,0,6000.0000,-1000.0000,90.0000,-3.0057,1,4.0,100.00,0.0,0.0,0.0,0.0
1137,11.902993,10.848020,6.445000,4,0,6000.0000,-1000.0000,90.0000,-2.8701,1,4.0,100.00,0.0,0.0,0.0,0.0
1138,12.280472,11.942094,6.213000,4,0,6000.0000,-1000.0000,90.0000,-2.7209,1,4.0,100.00,0.0,0.0,0.0,0.0
1139,12.285891,12.243871,6.179000,4,0,6000.0000,-1000.0000,90.0000,-2.5678,1,4.0,100.00,0.0,0.0,0.0,0.0
1140,12.768233,12.450135,6.197000,4,0,6000.0000,-1000.0000,90.0000,-2.4122,1,4.0,100.00,0.0,0.0,0.0,0.0
1141,11.935044,12.766423,6.207000,4,0,6000.0000,-1000.0000,90.0000,-2.2526,1,4.0,100.00,0.0,0.0,0.0,0.0
1142,12.153499,11.974175,6.247000,4,0,6000.0000,-1000.0000,90.0000,-2.1029,1,4.0,100.00,0.0,0.0,0.0,0.0
1143,11.777711,12.062906,6.283000,4,0,6000.0000,-1000.0000,90.0000,-1.9521,1,4.0,100.00,0.0,0.0,0.0,0.0
1144,12.415914,11.756221,6.156000,4,0,6000.0000,-1000.0000,90.0000,-1.8052,1,4.0,100.00,0.0,0.0,0.0,0.0
1145,12.080877,12.482985,6.274000,4,0,6000.0000,-1000.0000,90.0000,-1.6491,1,4.0,100.00,0.0,0.0,0.0,0.0
1146,11.933114,12.057597,6.178000,4,0,6000.0000,-1000.0000,90.0000,-1.4984,1,4.0,100.00,0.0,0.0,0.0,0.0
1147,10.286517,11.838432,6.266000,4,0,6000.0000,-1000.0000,90.0000,-1.3504,1,4.0,100.00,0.0,0.0,0.0,0.0
1148,13.253574,10.263258,6.264000,4,0,6000.0000,-1000.0000,90.0000,-1.2222,1,4.0,100.00,0.0,0.0,0.0,0.0
1149,8.993179,13.269153,6.264000,4,0,6000.0000,-1000.0000,90.0000,-1.0563,1,4.0,100.00,0.0,0.0,0.0,0.0
1150,10.719897,8.995039,6.430000,4,0,6000.0000,-1000.0000,90.0000,-0.9439,1,4.0,100.00,0.0,0.0,0.0,0.0
1151,8.036207,10.874011,6.430000,4,0,6000.0000,-1000.0000,90.0000,-0.8079,1,4.0,100.00,0.0,0.0,0.0,0.0
1152,9.526412,7.886324,6.442000,4,0,6000.0000,-1000.0000,90.0000,-0.7094,1,4.0,100.00,0.0,0.0,0.0,0.0
1153,9.451398,9.481490,6.211000,4,0,6000.0000,-1000.0000,90.0000,-0.5908,1,4.0,100.00,0.0,0.0,0.0,0.0
1154,9.153953,9.455338,6.205000,4,0,6000.0000,-1000.0000,90.0000,-0.4726,1,4.0,100.00,0.0,0.0,0.0,0.0
1155,8.694022,9.157494,6.345000,4,0,6000.0000,-1000.0000,90.0000,-0.3582,1,4.0,100.00,0.0,0.0,0.0,0.0
1156,11.183857,8.675421,6.179000,4,0,6000.0000,-1000.0000,90.0000,-0.2497,1,4.0,100.00,0.0,0.0,0.0,0.0
1157,8.562660,11.196519,6.179000,4,0,6000.0000,-1000.0000,90.0000,-0.1098,1,4.0,100.00,0.0,0.0,0.0,0.0
1158,8.959619,8.568199,6.543000,4,0,6000.0000,-1000.0000,90.0000,-0.0027,1,4.0,100.00,0.0,0.0,0.0,0.0
1159,9.575711,8.953558,6.142000,4,0,6000.0000,-1000.0000,90.0000,0.1092,1,4.0,100.00,0.0,0.0,0.0,0.0
1160,9.256455,9.577562,6.204000,4,0,6000.0000,-1000.0000,90.0000,0.2290,1,4.0,100.00,0.0,0.0,0.0,0.0
1161,8.578810,9.253184,6.166000,4,0,6000.0000,-1000.0000,90.0000,0.3446,1,4.0,100.00,0.0,0.0,0.0,0.0
1162,9.828037,8.590690,6.218000,4,0,6000.0000,-1000.0000,90.0000,0.4520,1,4.0,100.00,0.0,0.0,0.0,0.0
1163,9.176823,9.807737,6.118000,4,0,6000.0000,-1000.0000,90.0000,0.5746,1,4.0,100.00,0.0,0.0,0.0,0.0
1164,8.912737,9.159903,6.124000,4,0,6000.0000,-1000.0000,90.0000,0.6891,1,4.0,100.00,0.0,0.0,0.0,0.0
1165,9.625804,8.942447,6.203000,4,0,6000.0000,-1000.0000,90.0000,0.8009,1,4.0,100.00,0.0,0.0,0.0,0.0
1166,9.289185,9.623154,6.239000,4,0,6000.0000,-1000.0000,90.0000,0.9212,1,4.0,100.00,0.0,0.0,0.0,0.0
1167,10.403420,9.264774,6.186000,4,0,6000.0000,-1000.0000,90.0000,1.0370,1,4.0,100.00,0.0,0.0,0.0,0.0
1168,11.117976,10.412641,6.198000,4,0,6000.0000,-1000.0000,90.0000,1.1672,1,4.0,100.00,0.0,0.0,0.0,0.0
1169,12.635759,11.123646,6.277000,4,0,6000.0000,-1000.0000,90.0000,1.3062,1,4.0,100.00,0.0,0.0,0.0,0.0
1170,11.683689,12.665840,6.427000,4,0,6000.0000,-1000.0000,90.0000,1.4645,1,4.0,100.00,0.0,0.0,0.0,0.0
1171,12.175969,11.678349,6.449000,4,0,6000.0000,-1000.0000,90.0000,1.6105,1,4.0,100.00,0.0,0.0,0.0,0.0
1172,16.073406,12.174639,6.538000,4,0,6000.0000,-1000.0000,90.0000,1.7627,1,4.0,100.00,0.0,0.0,0.0,0.0
1173,13.394547,16.115446,6.561000,4,0,6000.0000,-1000.0000,90.0000,1.9641,1,4.0,100.00,0.0,0.0,0.0,0.0
1174,12.254301,13.383417,6.474000,4,0,6000.0000,-1000.0000,90.0000,2.1314,1,4.0,100.00,0.0,0.0,0.0,0.0
1175,11.061284,12.266331,6.492000,4,0,6000.0000,-1000.0000,90.0000,2.2847,1,4.0,100.00,0.0,0.0,0.0,0.0
1176,9.423038,11.052154,6.347000,4,0,6000.0000,-1000.0000,90.0000,2.4229,1,4.0,100.00,0.0,0.0,0.0,0.0
1177,12.198380,9.416088,6.274000,4,0,6000.0000,-1000.0000,90.0000,2.5406,1,4.0,100.00,0.0,0.0,0.0,0.0
1178,11.216489,12.211211,6.556000,4,0,6000.0000,-1000.0000,90.0000,2.6932,1,4.0,100.00,0.0,0.0,0.0,0.0
1179,11.225708,11.231018,6.587000,4,0,6000.0000,-1000.0000,90.0000,2.8336,1,4.0,100.00,0.0,0.0,0.0,0.0
1180,9.676064,11.210748,6.598000,4,0,6000.0000,-1000.0000,90.0000,2.9738,1,4.0,100.00,0.0,0.0,0.0,0.0
1181,9.269605,9.662474,6.598000,4,0,6000.0000,-1000.0000,90.0000,3.0945,1,4.0,100.00,0.0,0.0,0.0,0.0
1182,10.193795,9.270415,6.184000,4,0,6000.0000,-1000.0000,90.0000,3.2104,1,4.0,100.00,0.0,0.0,0.0,0.0
1183,9.999952,10.424490,6.204000,4,0,6000.0000,-1000.0000,90.0000,3.3407,1,4.0,100.00,0.0,0.0,0.0,0.0
1184,9.022489,9.855208,6.204000,4,0,6000.0000,-1000.0000,90.0000,3.4639,1,4.0,100.00,0.0,0.0,0.0,0.0
1185,9.675265,8.984059,6.187000,4,0,6000.0000,-1000.0000,90.0000,3.5762,1,4.0,100.00,0.0,0.0,0.0,0.0
1186,8.800584,9.743296,6.187000,4,0,6000.0000,-1000.0000,90.0000,3.6980,1,4.0,100.00,0.0,0.0,0.0,0.0
1187,9.275625,8.750774,6.273000,4,0,6000.0000,-1000.0000,90.0000,3.8074,1,4.0,100.00,0.0,0.0,0.0,0.0
1188,9.402378,9.322646,6.171000,4,0,6000.0000,-1000.0000,90.0000,3.9239,1,4.0,100.00,0.0,0.0,0.0,0.0
1189,9.527241,9.396107,6.140000,4,0,6000.0000,-1000.0000,90.0000,4.0414,1,4.0,100.00,0.0,0.0,0.0,0.0
1190,11.890293,9.487241,6.140000,4,0,6000.0000,-1000.0000,90.0000,4.1600,1,4.0,100.00,0.0,0.0,0.0,0.0
1191,13.057369,11.885573,6.269000,4,0,6000.0000,-1000.0000,90.0000,4.3085,1,4.0,100.00,0.0,0.0,0.0,0.0
1192,14.202494,13.057219,6.227000,4,0,6000.0000,-1000.0000,90.0000,4.4718,1,4.0,100.00,0.0,0.0,0.0,0.0
1193,13.379476,14.179073,6.451000,4,0,6000.0000,-1000.0000,90.0000,4.6490,1,4.0,100.00,0.0,0.0,0.0,0.0
1194,14.080601,13.385346,6.238000,4,0,6000.0000,-1000.0000,90.0000,4.8163,1,4.0,100.00,0.0,0.0,0.0,0.0
1195,12.507377,14.105553,6.229000,4,0,6000.0000,-1000.0000,90.0000,4.9926,1,4.0,100.00,0.0,0.0,0.0,0.0
1196,12.501887,12.660149,6.191000,4,0,6000.0000,-1000.0000,90.0000,5.1509,1,4.0,100.00,0.0,0.0,0.0,0.0
1197,13.090249,12.317043,6.374000,4,0,6000.0000,-1000.0000,90.0000,5.3048,1,4.0,100.00,0.0,0.0,0.0,0.0
1198,13.828746,13.105650,6.245000,4,0,6000.0000,-1000.0000,90.0000,5.4687,1,4.0,100.00,0.0,0.0,0.0,0.0
1199,12.743392,13.815115,6.240000,4,0,6000.0000,-1000.0000,90.0000,5.6414,1,4.0,100.00,0.0,0.0,0.0,0.0
1200,13.005808,12.927356,6.245000,4,0,6000.0000,-1000.0000,90.0000,5.8029,1,4.0,100.00,0.0,0.0,0.0,0.0
1201,12.887005,12.793313,6.255000,4,0,6000.0000,-1000.0000,90.0000,5.9629,1,4.0,100.00,0.0,0.0,0.0,0.0
1202,11.098056,12.826874,6.440000,4,0,6000.0000,-1000.0000,90.0000,6.1232,1,4.0,100.00,0.0,0.0,0.0,0.0
1203,9.362686,11.063535,6.440000,4,0,6000.0000,-1000.0000,90.0000,6.2615,1,4.0,100.00,0.0,0.0,0.0,0.0
1204,10.382791,9.358176,6.198000,4,0,6000.0000,-1000.0000,90.0000,6.3785,1,4.0,100.00,0.0,0.0,0.0,0.0
1205,9.915199,10.406251,6.198000,4,0,6000.0000,-1000.0000,90.0000,6.5085,1,4.0,100.00,0.0,0.0,0.0,0.0
1206,10.796818,9.894269,6.392000,4,0,6000.0000,-1000.0000,90.0000,6.6322,1,4.0,100.00,0.0,0.0,0.0,0.0
1207,9.940130,10.804069,6.293000,4,0,6000.0000,-1000.0000,90.0000,6.7673,1,4.0,100.00,0.0,0.0,0.0,0.0
1208,11.073265,9.963540,6.129000,4,0,6000.0000,-1000.0000,90.0000,6.8918,1,4.0,100.00,0.0,0.0,0.0,0.0
1209,12.837674,11.037694,6.261000,4,0,6000.0000,-1000.0000,90.0000,7.0298,1,4.0,100.00,0.0,0.0,0.0,0.0
1210,10.068303,12.856565,6.204000,4,0,6000.0000,-1000.0000,90.0000,7.1905,1,4.0,100.00,0.0,0.0,0.0,0.0
1211,10.112953,10.051932,6.204000,4,0,6000.0000,-1000.0000,90.0000,7.3161,1,4.0,100.00,0.0,0.0,0.0,0.0
1212,10.404531,10.115484,6.313000,4,0,6000.0000,-1000.0000,90.0000,7.4426,1,4.0,100.00,0.0,0.0,0.0,0.0
1213,10.731598,10.406710,6.313000,4,0,6000.0000,-1000.0000,90.0000,7.5727,1,4.0,100.00,0.0,0.0,0.0,0.0
1214,11.403992,10.728768,6.279000,4,0,6000.0000,-1000.0000,90.0000,7.7068,1,4.0,100.00,0.0,0.0,0.0,0.0
1215,12.792533,11.402942,6.278000,4,0,6000.0000,-1000.0000,90.0000,7.8493,1,4.0,100.00,0.0,0.0,0.0,0.0
1216,12.758441,12.803653,6.268000,4,0,6000.0000,-1000.0000,90.0000,8.0094,1,4.0,100.00,0.0,0.0,0.0,0.0
1217,12.803814,12.748073,6.139000,4,0,6000.0000,-1000.0000,90.0000,8.1687,1,4.0,100.00,0.0,0.0,0.0,0.0
1218,11.580996,12.804682,6.320000,4,0,6000.0000,-1000.0000,90.0000,8.3288,1,4.0,100.00,0.0,0.0,0.0,0.0
1219,12.031577,11.598667,6.320000,4,0,6000.0000,-1000.0000,90.0000,8.4738,1,4.0,100.00,0.0,0.0,0.0,0.0
1220,13.304294,12.038216,6.254000,4,0,6000.0000,-1000.0000,90.0000,8.6242,1,4.0,100.00,0.0,0.0,0.0,0.0
1221,13.891467,13.283424,6.440000,4,0,6000.0000,-1000.0000,90.0000,8.7903,1,4.0,100.00,0.0,0.0,0.0,0.0
1222,12.681851,13.894937,6.163000,4,0,6000.0000,-1000.0000,90.0000,8.9640,1,4.0,100.00,0.0,0.0,0.0,0.0
1223,12.409224,12.832014,6.165000,4,0,6000.0000,-1000.0000,90.0000,9.1244,1,4.0,100.00,0.0,0.0,0.0,0.0
1224,11.149047,12.422935,6.275000,4,0,6000.0000,-1000.0000,90.0000,9.2797,1,4.0,100.00,0.0,0.0,0.0,0.0
1225,10.527593,11.039324,6.307000,4,0,6000.0000,-1000.0000,90.0000,9.4176,1,4.0,100.00,0.0,0.0,0.0,0.0
1226,11.269339,10.501183,6.221000,4,0,6000.0000,-1000.0000,90.0000,9.5489,1,4.0,100.00,0.0,0.0,0.0,0.0
1227,12.152029,11.264859,6.307000,4,0,6000.0000,-1000.0000,90.0000,9.6897,1,4.0,100.00,0.0,0.0,0.0,0.0
1228,10.924231,12.276241,6.465000,4,0,6000.0000,-1000.0000,90.0000,9.8432,1,4.0,100.00,0.0,0.0,0.0,0.0
1229,10.655386,10.904881,6.179000,4,0,6000.0000,-1000.0000,90.0000,9.9795,1,4.0,100.00,0.0,0.0,0.0,0.0
1230,10.983163,10.700177,6.157000,4,0,6000.0000,-1000.0000,90.0000,10.1132,1,4.0,100.00,0.0,0.0,0.0,0.0
1231,11.554015,10.935782,6.130000,4,0,6000.0000,-1000.0000,90.0000,10.2499,1,4.0,100.00,0.0,0.0,0.0,0.0
1232,11.123356,11.549426,6.273000,4,0,6000.0000,-1000.0000,90.0000,10.3943,1,4.0,100.00,0.0,0.0,0.0,0.0
1233,12.360754,11.155487,6.267000,4,0,6000.0000,-1000.0000,90.0000,10.5337,1,4.0,100.00,0.0,0.0,0.0,0.0
1234,11.283360,12.330572,6.300000,4,0,6000.0000,-1000.0000,90.0000,10.6879,1,4.0,100.00,0.0,0.0,0.0,0.0
1235,11.452144,11.382992,6.300000,4,0,6000.0000,-1000.0000,90.0000,10.8302,1,4.0,100.00,0.0,0.0,0.0,0.0
1236,11.774699,12.013956,6.219000,4,0,6000.0000,-1000.0000,90.0000,10.9803,1,4.0,100.00,0.0,0.0,0.0,0.0
1237,11.032024,11.640657,6.226000,4,0,6000.0000,-1000.0000,90.0000,11.1259,1,4.0,100.00,0.0,0.0,0.0,0.0
1238,11.874643,10.898352,6.147000,4,0,6000.0000,-1000.0000,90.0000,11.2621,1,4.0,100.00,0.0,0.0,0.0,0.0
1239,11.744530,12.046146,6.244000,4,0,6000.0000,-1000.0000,90.0000,11.4127,1,4.0,100.00,0.0,0.0,0.0,0.0
1240,11.994846,11.495174,6.548000,4,0,6000.0000,-1000.0000,90.0000,11.5563,1,4.0,100.00,0.0,0.0,0.0,0.0
1241,11.762600,11.664808,6.550000,4,0,6000.0000,-1000.0000,90.0000,11.7022,1,4.0,100.00,0.0,0.0,0.0,0.0
1242,12.054177,11.769971,6.694000,4,0,6000.0000,-1000.0000,90.0000,11.8493,1,4.0,100.00,0.0,0.0,0.0,0.0
1243,11.533504,12.142718,6.631000,4,0,6000.0000,-1000.0000,90.0000,12.0011,1,4.0,100.00,0.0,0.0,0.0,0.0
1244,12.666861,11.461803,6.598000,4,0,6000.0000,-1000.0000,90.0000,12.1443,1,4.0,100.00,0.0,0.0,0.0,0.0
1245,12.054317,12.651591,6.523000,4,0,6000.0000,-1000.0000,90.0000,12.3025,1,4.0,100.00,0.0,0.0,0.0,0.0
1246,11.802861,12.047156,6.270000,4,0,6000.0000,-1000.0000,90.0000,12.4531,1,4.0,100.00,0.0,0.0,0.0,0.0
1247,12.090157,11.803561,6.197000,4,0,6000.0000,-1000.0000,90.0000,12.6006,1,4.0,100.00,0.0,0.0,0.0,0.0
1248,12.256391,12.079728,6.570000,4,0,6000.0000,-1000.0000,90.0000,12.7516,1,4.0,100.00,0.0,0.0,0.0,0.0
1249,12.615230,12.272361,6.579000,4,0,6000.0000,-1000.0000,90.0000,12.9050,1,4.0,100.00,0.0,0.0,0.0,0.0
1250,11.878812,13.137960,6.627000,4,0,6000.0000,-1000.0000,90.0000,13.0692,1,4.0,100.00,0.0,0.0,0.0,0.0
1251,11.585656,11.431794,6.603000,4,0,6000.0000,-1000.0000,90.0000,13.2121,1,4.0,100.00,0.0,0.0,0.0,0.0
1252,11.981065,11.789241,6.280000,4,0,6000.0000,-1000.0000,90.0000,13.3595,1,4.0,100.00,0.0,0.0,0.0,0.0
1253,11.372322,12.401644,6.383000,4,0,6000.0000,-1000.0000,90.0000,13.5145,1,4.0,100.00,0.0,0.0,0.0,0.0
1254,11.535535,11.019354,6.355000,4,0,6000.0000,-1000.0000,90.0000,13.6523,1,4.0,100.00,0.0,0.0,0.0,0.0
1255,10.999713,11.556776,6.235000,4,0,6000.0000,-1000.0000,90.0000,13.7967,1,4.0,100.00,0.0,0.0,0.0,0.0
1256,12.250521,11.000333,6.257000,4,0,6000.0000,-1000.0000,90.0000,13.9342,1,4.0,100.00,0.0,0.0,0.0,0.0
1257,10.764879,11.928834,6.257000,4,0,6000.0000,-1000.0000,90.0000,14.0833,1,4.0,100.00,0.0,0.0,0.0,0.0
1258,11.647498,10.723506,6.190000,4,0,6000.0000,-1000.0000,90.0000,14.2174,1,4.0,100.00,0.0,0.0,0.0,0.0
1259,11.923763,11.827682,6.222000,4,0,6000.0000,-1000.0000,90.0000,14.3652,1,4.0,100.00,0.0,0.0,0.0,0.0
1260,12.212780,12.190470,6.239000,4,0,6000.0000,-1000.0000,90.0000,14.5176,1,4.0,100.00,0.0,0.0,0.0,0.0
1261,12.302402,11.916213,6.401000,4,0,6000.0000,-1000.0000,90.0000,14.6666,1,4.0,100.00,0.0,0.0,0.0,0.0
1262,11.939024,12.150579,6.222000,4,0,6000.0000,-1000.0000,90.0000,14.8184,1,4.0,100.00,0.0,0.0,0.0,0.0
1263,11.582977,12.408445,6.389000,4,0,6000.0000,-1000.0000,90.0000,14.9736,1,4.0,100.00,0.0,0.0,0.0,0.0
1264,11.677718,11.342321,6.175000,4,0,6000.0000,-1000.0000,90.0000,15.1153,1,4.0,100.00,0.0,0.0,0.0,0.0
1265,12.164899,11.764780,6.286000,4,0,6000.0000,-1000.0000,90.0000,15.2624,1,4.0,100.00,0.0,0.0,0.0,0.0
1266,14.360498,11.968755,6.286000,4,0,6000.0000,-1000.0000,90.0000,15.4120,1,4.0,100.00,0.0,0.0,0.0,0.0
1267,11.784311,14.604343,6.166000,4,0,6000.0000,-1000.0000,90.0000,15.5946,1,4.0,100.00,0.0,0.0,0.0,0.0
1268,13.220712,11.480484,6.248000,4,0,6000.0000,-1000.0000,90.0000,15.7381,1,4.0,100.00,0.0,0.0,0.0,0.0
1269,12.005186,13.172471,6.333000,4,0,6000.0000,-1000.0000,90.0000,15.9027,1,4.0,100.00,0.0,0.0,0.0,0.0
1270,12.514376,11.998136,6.223000,4,0,6000.0000,-1000.0000,90.0000,16.0527,1,4.0,100.00,0.0,0.0,0.0,0.0
1271,12.500147,12.605159,6.334000,4,0,6000.0000,-1000.0000,90.0000,16.2103,1,4.0,100.00,0.0,0.0,0.0,0.0
1272,13.668492,12.405634,6.382000,4,0,6000.0000,-1000.0000,90.0000,16.3653,1,4.0,100.00,0.0,0.0,0.0,0.0
1273,13.360596,13.882367,6.136000,4,0,6000.0000,-1000.0000,90.0000,16.5389,1,4.0,100.00,0.0,0.0,0.0,0.0
1274,12.260981,13.182722,6.546000,4,0,6000.0000,-1000.0000,90.0000,16.7036,1,4.0,100.00,0.0,0.0,0.0,0.0
1275,12.476017,12.217710,6.266000,4,0,6000.0000,-1000.0000,90.0000,16.8564,1,4.0,100.00,0.0,0.0,0.0,0.0
1276,11.570125,12.567858,6.274000,4,0,6000.0000,-1000.0000,90.0000,17.0135,1,4.0,100.00,0.0,0.0,0.0,0.0
1277,12.444596,11.620497,6.309000,4,0,6000.0000,-1000.0000,90.0000,17.1587,1,4.0,100.00,0.0,0.0,0.0,0.0
1278,12.824223,12.292242,6.221000,4,0,6000.0000,-1000.0000,90.0000,17.3124,1,4.0,100.00,0.0,0.0,0.0,0.0
1279,10.863220,12.807524,6.254000,4,0,6000.0000,-1000.0000,90.0000,17.4725,1,4.0,100.00,0.0,0.0,0.0,0.0
1280,11.174627,10.862379,6.219000,4,0,6000.0000,-1000.0000,90.0000,17.6082,1,4.0,100.00,0.0,0.0,0.0,0.0
1281,11.914884,11.184178,6.317000,4,0,6000.0000,-1000.0000,90.0000,17.7480,1,4.0,100.00,0.0,0.0,0.0,0.0
1282,12.005095,11.924384,6.419000,4,0,6000.0000,-1000.0000,90.0000,17.8971,1,4.0,100.00,0.0,0.0,0.0,0.0
1283,11.891174,12.004306,6.190000,4,0,6000.0000,-1000.0000,90.0000,18.0472,1,4.0,100.00,0.0,0.0,0.0,0.0
1284,11.799401,11.915013,6.108000,4,0,6000.0000,-1000.0000,90.0000,18.1961,1,4.0,100.00,0.0,0.0,0.0,0.0
1285,11.782081,11.677798,6.147000,4,0,6000.0000,-1000.0000,90.0000,18.3421,1,4.0,100.00,0.0,0.0,0.0,0.0
1286,11.355730,11.853483,6.454000,4,0,6000.0000,-1000.0000,90.0000,18.4902,1,4.0,100.00,0.0,0.0,0.0,0.0
1287,10.117324,11.292569,6.454000,4,0,6000.0000,-1000.0000,90.0000,18.6314,1,4.0,100.00,0.0,0.0,0.0,0.0
1288,10.700997,10.140174,6.192000,4,0,6000.0000,-1000.0000,90.0000,18.7581,1,4.0,100.00,0.0,0.0,0.0,0.0
1289,11.023724,10.725448,6.250000,4,0,6000.0000,-1000.0000,90.0000,18.8922,1,4.0,100.00,0.0,0.0,0.0,0.0
1290,11.546086,11.051924,6.177000,4,0,6000.0000,-1000.0000,90.0000,19.0304,1,4.0,100.00,0.0,0.0,0.0,0.0
1291,11.479223,11.488845,6.190000,4,0,6000.0000,-1000.0000,90.0000,19.1740,1,4.0,100.00,0.0,0.0,0.0,0.0
1292,12.080018,11.531164,6.230000,4,0,6000.0000,-1000.0000,90.0000,19.3181,1,4.0,100.00,0.0,0.0,0.0,0.0
1293,11.342870,12.124249,6.317000,4,0,6000.0000,-1000.0000,90.0000,19.4697,1,4.0,100.00,0.0,0.0,0.0,0.0
1294,12.120349,11.311681,6.094000,4,0,6000.0000,-1000.0000,90.0000,19.6111,1,4.0,100.00,0.0,0.0,0.0,0.0
1295,11.724839,12.126798,6.432000,4,0,6000.0000,-1000.0000,90.0000,19.7626,1,4.0,100.00,0.0,0.0,0.0,0.0
1296,11.436293,11.695468,6.240000,4,0,6000.0000,-1000.0000,90.0000,19.9088,1,4.0,100.00,0.0,0.0,0.0,0.0
1297,11.483184,11.485474,6.241000,4,0,6000.0000,-1000.0000,90.0000,20.0524,1,4.0,100.00,0.0,0.0,0.0,0.0
1298,10.708117,11.415172,6.552000,4,0,6000.0000,-1000.0000,90.0000,20.1951,1,4.0,100.00,0.0,0.0,0.0,0.0
1299,10.051012,10.859741,6.198000,4,0,6000.0000,-1000.0000,90.0000,20.3308,1,4.0,100.00,0.0,0.0,0.0,0.0
1300,11.210508,9.966540,6.205000,4,0,6000.0000,-1000.0000,90.0000,20.4554,1,4.0,100.00,0.0,0.0,0.0,0.0
1301,10.155335,11.248309,6.192000,4,0,6000.0000,-1000.0000,90.0000,20.5960,1,4.0,100.00,0.0,0.0,0.0,0.0
1302,10.359559,10.054132,6.101000,4,0,6000.0000,-1000.0000,90.0000,20.7217,1,4.0,100.00,0.0,0.0,0.0,0.0
1303,9.769826,10.539924,6.184000,4,0,6000.0000,-1000.0000,90.0000,20.8535,1,4.0,100.00,0.0,0.0,0.0,0.0
1304,10.678946,9.733105,6.202000,4,0,6000.0000,-1000.0000,90.0000,20.9751,1,4.0,100.00,0.0,0.0,0.0,0.0
1305,10.682357,10.701286,6.227000,4,0,6000.0000,-1000.0000,90.0000,21.1089,1,4.0,100.00,0.0,0.0,0.0,0.0
1306,11.353321,10.585345,6.266000,4,0,6000.0000,-1000.0000,90.0000,21.2412,1,4.0,100.00,0.0,0.0,0.0,0.0
1307,10.939952,11.395042,6.255000,4,0,6000.0000,-1000.0000,90.0000,21.3836,1,4.0,100.00,0.0,0.0,0.0,0.0
1308,12.112908,10.978463,6.268000,4,0,6000.0000,-1000.0000,90.0000,21.5209,1,4.0,100.00,0.0,0.0,0.0,0.0
1309,12.258261,12.118408,6.075000,4,0,6000.0000,-1000.0000,90.0000,21.6724,1,4.0,100.00,0.0,0.0,0.0,0.0
1310,11.575606,12.232841,6.790000,4,0,6000.0000,-1000.0000,90.0000,21.8253,1,4.0,100.00,0.0,0.0,0.0,0.0
1311,11.172167,11.563215,6.546000,4,0,6000.0000,-1000.0000,90.0000,21.9698,1,4.0,100.00,0.0,0.0,0.0,0.0
1312,12.392345,11.216378,6.594000,4,0,6000.0000,-1000.0000,90.0000,22.1100,1,4.0,100.00,0.0,0.0,0.0,0.0
1313,13.202812,12.341144,6.568000,4,0,6000.0000,-1000.0000,90.0000,22.2643,1,4.0,100.00,0.0,0.0,0.0,0.0
1314,13.260603,13.195651,6.512000,4,0,6000.0000,-1000.0000,90.0000,22.4292,1,4.0,100.00,0.0,0.0,0.0,0.0
1315,13.257173,13.230423,6.770000,4,0,6000.0000,-1000.0000,90.0000,22.5946,1,4.0,100.00,0.0,0.0,0.0,0.0
1316,13.667802,13.270093,6.178000,4,0,6000.0000,-1000.0000,90.0000,22.7605,1,4.0,100.00,0.0,0.0,0.0,0.0
1317,12.433445,13.684763,6.588000,4,0,6000.0000,-1000.0000,90.0000,22.9315,1,4.0,100.00,0.0,0.0,0.0,0.0
1318,13.028388,12.397845,6.649000,4,0,6000.0000,-1000.0000,90.0000,23.0865,1,4.0,100.00,0.0,0.0,0.0,0.0
1319,13.399347,13.044099,6.560000,4,0,6000.0000,-1000.0000,90.0000,23.2496,1,4.0,100.00,0.0,0.0,0.0,0.0
1320,12.997718,13.390485,6.568000,4,0,6000.0000,-1000.0000,90.0000,23.4169,1,4.0,100.00,0.0,0.0,0.0,0.0
1321,12.426824,13.007998,6.556000,4,0,6000.0000,-1000.0000,90.0000,23.5795,1,4.0,100.00,0.0,0.0,0.0,0.0
1322,13.633082,12.451795,6.202000,4,0,6000.0000,-1000.0000,90.0000,23.7352,1,4.0,100.00,0.0,0.0,0.0,0.0
1323,12.782433,13.595121,6.224000,4,0,6000.0000,-1000.0000,90.0000,23.9051,1,4.0,100.00,0.0,0.0,0.0,0.0
1324,14.523801,12.788813,6.234000,4,0,6000.0000,-1000.0000,90.0000,24.0650,1,4.0,100.00,0.0,0.0,0.0,0.0
1325,13.886477,14.556592,6.313000,4,0,6000.0000,-1000.0000,90.0000,24.2469,1,4.0,100.00,0.0,0.0,0.0,0.0
1326,12.670901,13.849156,6.281000,4,0,6000.0000,-1000.0000,90.0000,24.4201,1,4.0,100.00,0.0,0.0,0.0,0.0
1327,13.233612,12.675261,6.315000,4,0,6000.0000,-1000.0000,90.0000,24.5785,1,4.0,100.00,0.0,0.0,0.0,0.0
1328,13.884078,13.251433,6.308000,4,0,6000.0000,-1000.0000,90.0000,24.7441,1,4.0,100.00,0.0,0.0,0.0,0.0
1329,14.104412,13.870377,6.225000,4,0,6000.0000,-1000.0000,90.0000,24.9175,1,4.0,100.00,0.0,0.0,0.0,0.0
1330,13.261953,14.103982,6.154000,5,0,6000.0000,-1000.0000,90.0000,-25.0000,1,4.0,100.00,0.0,0.0,0.0,0.0
1331,14.493111,13.293524,6.210000,5,0,6000.0000,-1000.0000,90.0000,-25.0000,1,4.0,100.00,0.0,0.0,0.0,0.0
1332,13.505678,14.540992,6.229000,5,0,6000.0000,-1000.0000,90.0000,-25.0000,1,4.0,100.00,0.0,0.0,0.0,0.0
1333,13.548510,13.441797,6.581000,5,0,6000.0000,-1000.0000,90.0000,-25.0000,1,4.0,100.00,0.0,0.0,0.0,0.0
1334,14.198504,13.523369,6.788000,5,0,6000.0000,-1000.0000,90.0000,-25.0000,1,4.0,100.00,0.0,0.0,0.0,0.0
1335,13.328695,14.173544,6.633000,5,0,6000.0000,-1000.0000,90.0000,-25.0000,1,4.0,100.00,0.0,0.0,0.0,0.0
1336,12.243260,14.179533,6.153000,5,0,6000.0000,-1000.0000,90.0000,-25.0000,1,4.0,100.00,0.0,0.0,0.0,0.0
1337,12.956297,11.497035,6.276000,5,0,6000.0000,-1000.0000,90.0000,-25.0000,1,4.0,100.00,0.0,0.0,0.0,0.0
1338,12.215011,12.922096,6.159000,5,0,6000.0000,-1000.0000,90.0000,-25.0000,1,4.0,100.00,0.0,0.0,0.0,0.0
1339,12.180679,12.198920,6.110000,5,0,6000.0000,-1000.0000,90.0000,-25.0000,1,4.0,100.00,0.0,0.0,0.0,0.0
1340,11.771710,12.162169,6.162000,5,0,6000.0000,-1000.0000,90.0000,-25.0000,1,4.0,100.00,0.0,0.0,0.0,0.0
1341,10.851650,11.996735,6.124000,5,0,6000.0000,-1000.0000,90.0000,-25.0000,1,4.0,100.00,0.0,0.0,0.0,0.0
1342,12.520058,10.871891,6.184000,5,0,6000.0000,-1000.0000,90.0000,-25.0000,1,4.0,100.00,0.0,0.0,0.0,0.0
1343,11.913943,12.414134,6.038000,5,0,6000.0000,-1000.0000,90.0000,-25.0000,1,4.0,100.00,0.0,0.0,0.0,0.0
1344,12.049227,11.771290,6.169000,5,0,6000.0000,-1000.0000,90.0000,-25.0000,1,4.0,100.00,0.0,0.0,0.0,0.0
1345,11.540584,12.113148,6.097000,5,0,6000.0000,-1000.0000,90.0000,-25.0000,1,4.0,100.00,0.0,0.0,0.0,0.0
1346,11.880973,11.488265,6.116000,5,0,6000.0000,-1000.0000,90.0000,-25.0000,1,4.0,100.00,0.0,0.0,0.0,0.0
1347,11.567047,11.886802,6.026000,5,0,6000.0000,-1000.0000,90.0000,-25.0000,1,4.0,100.00,0.0,0.0,0.0,0.0
1348,11.225718,11.564956,6.211000,5,0,6000.0000,-1000.0000,90.0000,-25.0000,1,4.0,100.00,0.0,0.0,0.0,0.0
1349,11.040954,11.242779,6.086000,5,0,6000.0000,-1000.0000,90.0000,-25.0000,1,4.0,100.00,0.0,0.0,0.0,0.0
1350,10.746858,11.022934,6.086000,5,0,6000.0000,-1000.0000,90.0000,-25.0000,1,4.0,100.00,0.0,0.0,0.0,0.0
1351,11.253279,10.747918,6.064000,5,0,6000.0000,-1000.0000,90.0000,-25.0000,1,4.0,100.00,0.0,0.0,0.0,0.0
1352,9.582542,11.285519,6.064000,5,0,6000.0000,-1000.0000,90.0000,-25.0000,1,4.0,100.00,0.0,0.0,0.0,0.0
1353,11.378711,9.562532,6.081000,5,0,6000.0000,-1000.0000,90.0000,-25.0000,1,4.0,100.00,0.0,0.0,0.0,0.0
1354,13.015798,11.381581,6.115000,5,0,6000.0000,-1000.0000,90.0000,-25.0000,1,4.0,100.00,0.0,0.0,0.0,0.0
1355,11.593377,13.011878,6.149000,5,0,6000.0000,-1000.0000,90.0000,-25.0000,1,4.0,100.00,0.0,0.0,0.0,0.0
1356,9.635993,11.867393,6.149000,5,0,6000.0000,-1000.0000,90.0000,-25.0000,1,4.0,100.00,0.0,0.0,0.0,0.0
1357,11.345111,9.352826,6.192000,5,0,6000.0000,-1000.0000,90.0000,-25.0000,1,4.0,100.00,0.0,0.0,0.0,0.0
1358,11.034604,11.352472,6.095000,5,0,6000.0000,-1000.0000,90.0000,-25.0000,1,4.0,100.00,0.0,0.0,0.0,0.0
1359,12.408985,10.979233,6.145000,5,0,6000.0000,-1000.0000,90.0000,-25.0000,1,4.0,100.00,0.0,0.0,0.0,0.0
1360,13.495428,12.460815,6.054000,5,0,6000.0000,-1000.0000,90.0000,-25.0000,1,4.0,100.00,0.0,0.0,0.0,0.0
1361,13.946948,13.525360,6.048000,5,0,6000.0000,-1000.0000,90.0000,-25.0000,1,4.0,100.00,0.0,0.0,0.0,0.0
1362,13.384427,13.882697,6.103000,5,0,6000.0000,-1000.0000,90.0000,-25.0000,1,4.0,100.00,0.0,0.0,0.0,0.0
1363,11.914244,13.393546,6.076000,5,0,6000.0000,-1000.0000,90.0000,-25.0000,1,4.0,100.00,0.0,0.0,0.0,0.0
1364,12.419404,11.896243,6.168000,5,0,6000.0000,-1000.0000,90.0000,-25.0000,1,4.0,100.00,0.0,0.0,0.0,0.0
1365,12.906765,12.430025,6.166000,5,0,6000.0000,-1000.0000,90.0000,-25.0000,1,4.0,100.00,0.0,0.0,0.0,0.0
1366,11.274400,12.953816,6.166000,5,0,6000.0000,-1000.0000,90.0000,-25.0000,1,4.0,100.00,0.0,0.0,0.0,0.0
1367,12.647780,11.229010,6.429000,5,0,6000.0000,-1000.0000,90.0000,-25.0000,1,4.0,100.00,0.0,0.0,0.0,0.0
1368,12.618449,12.669549,6.465000,5,0,6000.0000,-1000.0000,90.0000,-25.0000,1,4.0,100.00,0.0,0.0,0.0,0.0
1369,15.705037,12.620800,6.427000,5,0,6000.0000,-1000.0000,90.0000,-25.0000,1,4.0,100.00,0.0,0.0,0.0,0.0
1370,15.024672,15.679916,6.526000,5,0,6000.0000,-1000.0000,90.0000,-25.0000,1,4.0,100.00,0.0,0.0,0.0,0.0
1371,15.149455,15.038294,6.434000,5,0,6000.0000,-1000.0000,90.0000,-25.0000,1,4.0,100.00,0.0,0.0,0.0,0.0
1372,14.476041,15.128044,6.605000,5,0,6000.0000,-1000.0000,90.0000,-25.0000,1,4.0,100.00,0.0,0.0,0.0,0.0
1373,13.167311,14.512151,6.484000,5,0,6000.0000,-1000.0000,90.0000,-25.0000,1,4.0,100.00,0.0,0.0,0.0,0.0
1374,13.153931,13.133600,6.408000,5,0,6000.0000,-1000.0000,90.0000,-25.0000,1,4.0,100.00,0.0,0.0,0.0,0.0
1375,13.474599,13.164471,6.413000,5,0,6000.0000,-1000.0000,90.0000,-25.0000,1,4.0,100.00,0.0,0.0,0.0,0.0
1376,13.923958,13.462838,6.140000,5,0,6000.0000,-1000.0000,90.0000,-25.0000,1,4.0,100.00,0.0,0.0,0.0,0.0
1377,11.987805,13.946149,6.125000,5,0,6000.0000,-1000.0000,90.0000,-25.0000,1,4.0,100.00,0.0,0.0,0.0,0.0
1378,13.112650,11.964345,6.088000,5,0,6000.0000,-1000.0000,90.0000,-25.0000,1,4.0,100.00,0.0,0.0,0.0,0.0
1379,12.479265,13.116320,6.111000,5,0,6000.0000,-1000.0000,90.0000,-25.0000,1,4.0,100.00,0.0,0.0,0.0,0.0
1380,12.489267,12.502636,6.146000,5,0,6000.0000,-1000.0000,90.0000,-25.0000,1,4.0,100.00,0.0,0.0,0.0,0.0
1381,12.230880,12.501737,6.109000,5,0,6000.0000,-1000.0000,90.0000,-25.0000,1,4.0,100.00,0.0,0.0,0.0,0.0
1382,12.655181,12.232570,6.051000,5,0,6000.0000,-1000.0000,90.0000,-25.0000,1,4.0,100.00,0.0,0.0,0.0,0.0
1383,14.812797,12.619060,6.125000,5,0,6000.0000,-1000.0000,90.0000,-25.0000,1,4.0,100.00,0.0,0.0,0.0,0.0
1384,11.313491,14.794657,6.125000,5,0,6000.0000,-1000.0000,90.0000,-25.0000,1,4.0,100.00,0.0,0.0,0.0,0.0
1385,12.480705,11.309010,6.306000,5,0,6000.0000,-1000.0000,90.0000,-25.0000,1,4.0,100.00,0.0,0.0,0.0,0.0
1386,12.019166,12.499366,6.119000,5,0,6000.0000,-1000.0000,90.0000,-25.0000,1,4.0,100.00,0.0,0.0,0.0,0.0
1387,13.255233,12.021496,6.089000,5,0,6000.0000,-1000.0000,90.0000,-25.0000,1,4.0,100.00,0.0,0.0,0.0,0.0
1388,10.533674,13.236044,6.080000,5,0,6000.0000,-1000.0000,90.0000,-25.0000,1,4.0,100.00,0.0,0.0,0.0,0.0
1389,11.318160,10.536432,6.146000,5,0,6000.0000,-1000.0000,90.0000,-25.0000,1,4.0,100.00,0.0,0.0,0.0,0.0
1390,12.425915,11.307400,6.342000,5,0,6000.0000,-1000.0000,90.0000,-25.0000,1,4.0,100.00,0.0,0.0,0.0,0.0
1391,11.085275,12.428336,6.454000,5,0,6000.0000,-1000.0000,90.0000,-25.0000,1,4.0,100.00,0.0,0.0,0.0,0.0
1392,11.457873,11.119615,6.032000,5,0,6000.0000,-1000.0000,90.0000,-25.0000,1,4.0,100.00,0.0,0.0,0.0,0.0
1393,11.300940,11.414732,6.122000,5,0,6000.0000,-1000.0000,90.0000,-25.0000,1,4.0,100.00,0.0,0.0,0.0,0.0
1394,13.171222,11.311351,6.138000,5,0,6000.0000,-1000.0000,90.0000,-25.0000,1,4.0,100.00,0.0,0.0,0.0,0.0
1395,11.490604,13.172402,6.103000,5,0,6000.0000,-1000.0000,90.0000,-25.0000,1,4.0,100.00,0.0,0.0,0.0,0.0
1396,10.697797,11.487883,6.195000,5,0,6000.0000,-1000.0000,90.0000,-25.0000,1,4.0,100.00,0.0,0.0,0.0,0.0
1397,11.173807,10.751148,6.067000,5,0,6000.0000,-1000.0000,90.0000,-25.0000,1,4.0,100.00,0.0,0.0,0.0,0.0
1398,10.770468,11.167957,6.113000,5,0,6000.0000,-1000.0000,90.0000,-25.0000,1,4.0,100.00,0.0,0.0,0.0,0.0
1399,10.238976,10.750008,6.119000,5,0,6000.0000,-1000.0000,90.0000,-25.0000,1,4.0,100.00,0.0,0.0,0.0,0.0
1400,11.170037,10.205506,6.124000,5,0,6000.0000,-1000.0000,90.0000,-25.0000,1,4.0,100.00,0.0,0.0,0.0,0.0
1401,10.669047,11.183267,6.104000,5,0,6000.0000,-1000.0000,90.0000,-25.0000,1,4.0,100.00,0.0,0.0,0.0,0.0
1402,9.953960,10.681267,6.104000,5,0,6000.0000,-1000.0000,90.0000,-25.0000,1,4.0,100.00,0.0,0.0,0.0,0.0
1403,13.962809,9.980300,6.150000,5,0,6000.0000,-1000.0000,90.0000,-25.0000,1,4.0,100.00,0.0,0.0,0.0,0.0
1404,13.828666,13.958099,6.089000,5,0,6000.0000,-1000.0000,90.0000,-25.0000,1,4.0,100.00,0.0,0.0,0.0,0.0
1405,13.763804,13.792746,6.101000,5,0,6000.0000,-1000.0000,90.0000,-25.0000,1,4.0,100.00,0.0,0.0,0.0,0.0
1406,13.175331,13.758864,6.099000,5,0,6000.0000,-1000.0000,90.0000,-25.0000,1,4.0,100.00,0.0,0.0,0.0,0.0
1407,14.222715,13.168231,6.090000,5,0,6000.0000,-1000.0000,90.0000,-25.0000,1,4.0,100.00,0.0,0.0,0.0,0.0
1408,14.592913,14.412239,6.082000,5,0,6000.0000,-1000.0000,90.0000,-25.0000,1,4.0,100.00,0.0,0.0,0.0,0.0
1409,12.013895,14.438420,6.124000,5,0,6000.0000,-1000.0000,90.0000,-25.0000,1,4.0,100.00,0.0,0.0,0.0,0.0
1410,13.280945,12.014505,6.108000,5,0,6000.0000,-1000.0000,90.0000,-25.0000,1,4.0,100.00,0.0,0.0,0.0,0.0
1411,11.457943,13.343635,6.108000,5,0,6000.0000,-1000.0000,90.0000,-25.0000,1,4.0,100.00,0.0,0.0,0.0,0.0
1412,11.918554,11.363611,6.150000,5,0,6000.0000,-1000.0000,90.0000,-25.0000,1,4.0,100.00,0.0,0.0,0.0,0.0
1413,13.264523,11.902084,6.102000,5,0,6000.0000,-1000.0000,90.0000,-25.0000,1,4.0,100.00,0.0,0.0,0.0,0.0
1414,12.612799,13.265103,6.148000,5,0,6000.0000,-1000.0000,90.0000,-25.0000,1,4.0,100.00,0.0,0.0,0.0,0.0
1415,12.853285,12.619829,6.029000,5,0,6000.0000,-1000.0000,90.0000,-25.0000,1,4.0,100.00,0.0,0.0,0.0,0.0
1416,11.929904,12.885875,6.009000,5,0,6000.0000,-1000.0000,90.0000,-25.0000,1,4.0,100.00,0.0,0.0,0.0,0.0
1417,11.943384,11.892024,6.180000,5,0,6000.0000,-1000.0000,90.0000,-25.0000,1,4.0,100.00,0.0,0.0,0.0,0.0
1418,12.333542,11.915573,6.156000,5,0,6000.0000,-1000.0000,90.0000,-25.0000,1,4.0,100.00,0.0,0.0,0.0,0.0
1419,12.121258,12.394594,6.083000,5,0,6000.0000,-1000.0000,90.0000,-25.0000,1,4.0,100.00,0.0,0.0,0.0,0.0
1420,11.989286,12.079837,6.084000,5,0,6000.0000,-1000.0000,90.0000,-25.0000,1,4.0,100.00,0.0,0.0,0.0,0.0
1421,12.025796,11.997566,6.113000,5,0,6000.0000,-1000.0000,90.0000,-25.0000,1,4.0,100.00,0.0,0.0,0.0,0.0
1422,12.404584,12.029256,6.119000,5,0,6000.0000,-1000.0000,90.0000,-25.0000,1,4.0,100.00,0.0,0.0,0.0,0.0
1423,12.131468,12.380364,6.127000,5,0,6000.0000,-1000.0000,90.0000,-25.0000,1,4.0,100.00,0.0,0.0,0.0,0.0
1424,11.958294,12.126228,6.131000,5,0,6000.0000,-1000.0000,90.0000,-25.0000,1,4.0,100.00,0.0,0.0,0.0,0.0
1425,12.654191,11.960865,6.177000,5,0,6000.0000,-1000.0000,90.0000,-25.0000,1,4.0,100.00,0.0,0.0,0.0,0.0
1426,12.478706,12.651219,6.432000,5,0,6000.0000,-1000.0000,90.0000,-25.0000,1,4.0,100.00,0.0,0.0,0.0,0.0
1427,12.041647,12.484377,6.345000,5,0,6000.0000,-1000.0000,90.0000,-25.0000,1,4.0,100.00,0.0,0.0,0.0,0.0
1428,12.894354,12.104478,6.439000,5,0,6000.0000,-1000.0000,90.0000,-25.0000,1,4.0,100.00,0.0,0.0,0.0,0.0
1429,12.907056,12.838524,6.461000,5,0,6000.0000,-1000.0000,90.0000,-25.0000,1,4.0,100.00,0.0,0.0,0.0,0.0
1430,13.501249,13.013718,6.525000,5,0,6000.0000,-1000.0000,90.0000,-25.0000,1,4.0,100.00,0.0,0.0,0.0,0.0
1431,12.905645,13.480937,6.336000,5,0,6000.0000,-1000.0000,90.0000,-25.0000,1,4.0,100.00,0.0,0.0,0.0,0.0
1432,13.456528,12.875545,6.443000,5,0,6000.0000,-1000.0000,90.0000,-25.0000,1,4.0,100.00,0.0,0.0,0.0,0.0
1433,13.136860,13.467938,6.556000,5,0,6000.0000,-1000.0000,90.0000,-25.0000,1,4.0,100.00,0.0,0.0,0.0,0.0
1434,13.256464,13.186872,6.520000,5,0,6000.0000,-1000.0000,90.0000,-25.0000,1,4.0,100.00,0.0,0.0,0.0,0.0
1435,13.395546,13.218462,6.401000,5,0,6000.0000,-1000.0000,90.0000,-25.0000,1,4.0,100.00,0.0,0.0,0.0,0.0
1436,12.822154,13.360956,6.071000,5,0,6000.0000,-1000.0000,90.0000,-25.0000,1,4.0,100.00,0.0,0.0,0.0,0.0
1437,14.239935,12.831234,5.964000,5,0,6000.0000,-1000.0000,90.0000,-25.0000,1,4.0,100.00,0.0,0.0,0.0,0.0
1438,12.705431,14.219884,6.154000,5,0,6000.0000,-1000.0000,90.0000,-25.0000,1,4.0,100.00,0.0,0.0,0.0,0.0
1439,12.473075,12.748492,6.131000,5,0,6000.0000,-1000.0000,90.0000,-25.0000,1,4.0,100.00,0.0,0.0,0.0,0.0
1440,12.474247,12.442385,6.039000,5,0,6000.0000,-1000.0000,90.0000,-25.0000,1,4.0,100.00,0.0,0.0,0.0,0.0
1441,12.485886,12.493537,6.139000,5,0,6000.0000,-1000.0000,90.0000,-25.0000,1,4.0,100.00,0.0,0.0,0.0,0.0
1442,12.750402,12.470015,6.084000,5,0,6000.0000,-1000.0000,90.0000,-25.0000,1,4.0,100.00,0.0,0.0,0.0,0.0
1443,12.275391,12.748373,6.031000,5,0,6000.0000,-1000.0000,90.0000,-25.0000,1,4.0,100.00,0.0,0.0,0.0,0.0
1444,13.428698,12.269601,6.396000,5,0,6000.0000,-1000.0000,90.0000,-25.0000,1,4.0,100.00,0.0,0.0,0.0,0.0
1445,13.287893,13.434827,6.513000,5,0,6000.0000,-1000.0000,90.0000,-25.0000,1,4.0,100.00,0.0,0.0,0.0,0.0
1446,17.013057,13.263974,6.065000,5,0,6000.0000,-1000.0000,90.0000,-25.0000,1,4.0,100.00,0.0,0.0,0.0,0.0
1447,12.562197,17.029036,6.364000,5,0,6000.0000,-1000.0000,90.0000,-25.0000,1,4.0,100.00,0.0,0.0,0.0,0.0
1448,13.076320,12.592409,6.128000,5,0,6000.0000,-1000.0000,90.0000,-25.0000,1,4.0,100.00,0.0,0.0,0.0,0.0
1449,12.987067,13.061999,6.104000,5,0,6000.0000,-1000.0000,90.0000,-25.0000,1,4.0,100.00,0.0,0.0,0.0,0.0
1450,13.576380,12.993408,6.122000,5,0,6000.0000,-1000.0000,90.0000,-25.0000,1,4.0,100.00,0.0,0.0,0.0,0.0
1451,13.025428,13.538629,6.331000,5,0,6000.0000,-1000.0000,90.0000,-25.0000,1,4.0,100.00,0.0,0.0,0.0,0.0
1452,12.780213,13.022318,6.130000,5,0,6000.0000,-1000.0000,90.0000,-25.0000,1,4.0,100.00,0.0,0.0,0.0,0.0
1453,12.546987,12.786503,6.065000,5,0,6000.0000,-1000.0000,90.0000,-25.0000,1,4.0,100.00,0.0,0.0,0.0,0.0
1454,12.458376,12.795173,6.028000,5,0,6000.0000,-1000.0000,90.0000,-25.0000,1,4.0,100.00,0.0,0.0,0.0,0.0
1455,12.395034,12.291882,6.118000,5,0,6000.0000,-1000.0000,90.0000,-25.0000,1,4.0,100.00,0.0,0.0,0.0,0.0
1456,12.431076,12.362454,6.215000,5,0,6000.0000,-1000.0000,90.0000,-25.0000,1,4.0,100.00,0.0,0.0,0.0,0.0
1457,13.733263,12.408164,6.081000,5,0,6000.0000,-1000.0000,90.0000,-25.0000,1,4.0,100.00,0.0,0.0,0.0,0.0
1458,13.534930,13.786125,6.168000,5,0,6000.0000,-1000.0000,90.0000,-25.0000,1,4.0,100.00,0.0,0.0,0.0,0.0
1459,13.010177,13.534419,6.059000,5,0,6000.0000,-1000.0000,90.0000,-25.0000,1,4.0,100.00,0.0,0.0,0.0,0.0
1460,12.211070,12.961096,6.114000,5,0,6000.0000,-1000.0000,90.0000,-25.0000,1,4.0,100.00,0.0,0.0,0.0,0.0
1461,12.872585,12.210220,6.123000,5,0,6000.0000,-1000.0000,90.0000,-25.0000,1,4.0,100.00,0.0,0.0,0.0,0.0
1462,12.571949,12.866595,6.033000,5,0,6000.0000,-1000.0000,90.0000,-25.0000,1,4.0,100.00,0.0,0.0,0.0,0.0
1463,12.696970,12.573539,6.126000,5,0,6000.0000,-1000.0000,90.0000,-25.0000,1,4.0,100.00,0.0,0.0,0.0,0.0
1464,14.022380,12.782503,6.085000,5,0,6000.0000,-1000.0000,90.0000,-25.0000,1,4.0,100.00,0.0,0.0,0.0,0.0
1465,12.073227,14.064711,6.116000,5,0,6000.0000,-1000.0000,90.0000,-25.0000,1,4.0,100.00,0.0,0.0,0.0,0.0
1466,12.286763,12.014405,6.163000,5,0,6000.0000,-1000.0000,90.0000,-25.0000,1,4.0,100.00,0.0,0.0,0.0,0.0
1467,13.013827,12.244481,6.011000,5,0,6000.0000,-1000.0000,90.0000,-25.0000,1,4.0,100.00,0.0,0.0,0.0,0.0
1468,13.789615,13.008418,6.064000,5,0,6000.0000,-1000.0000,90.0000,-25.0000,1,4.0,100.00,0.0,0.0,0.0,0.0
1469,12.833654,13.897467,6.008000,5,0,6000.0000,-1000.0000,90.0000,-25.0000,1,4.0,100.00,0.0,0.0,0.0,0.0
1470,13.653512,12.698622,6.094000,5,0,6000.0000,-1000.0000,90.0000,-25.0000,1,4.0,100.00,0.0,0.0,0.0,0.0
1471,13.049149,13.643071,6.071000,5,0,6000.0000,-1000.0000,90.0000,-25.0000,1,4.0,100.00,0.0,0.0,0.0,0.0
1472,14.266165,13.046158,6.082000,5,0,6000.0000,-1000.0000,90.0000,-25.0000,1,4.0,100.00,0.0,0.0,0.0,0.0
1473,14.162243,14.272656,6.091000,5,0,6000.0000,-1000.0000,90.0000,-25.0000,1,4.0,100.00,0.0,0.0,0.0,0.0
1474,13.721024,14.206315,6.015000,5,0,6000.0000,-1000.0000,90.0000,-25.0000,1,4.0,100.00,0.0,0.0,0.0,0.0
1475,12.607909,13.669051,6.026000,5,0,6000.0000,-1000.0000,90.0000,-25.0000,1,4.0,100.00,0.0,0.0,0.0,0.0
1476,12.078907,12.609110,6.106000,5,0,6000.0000,-1000.0000,90.0000,-25.0000,1,4.0,100.00,0.0,0.0,0.0,0.0
1477,12.453955,12.078617,6.099000,5,0,6000.0000,-1000.0000,90.0000,-25.0000,1,4.0,100.00,0.0,0.0,0.0,0.0
1478,12.354684,12.457165,6.170000,5,0,6000.0000,-1000.0000,90.0000,-25.0000,1,4.0,100.00,0.0,0.0,0.0,0.0
1479,12.459136,12.415905,6.113000,5,0,6000.0000,-1000.0000,90.0000,-25.0000,1,4.0,100.00,0.0,0.0,0.0,0.0
1480,12.395073,12.392474,6.044000,5,0,6000.0000,-1000.0000,90.0000,-25.0000,1,4.0,100.00,0.0,0.0,0.0,0.0
1481,13.573731,12.430336,6.071000,5,0,6000.0000,-1000.0000,90.0000,-25.0000,1,4.0,100.00,0.0,0.0,0.0,0.0
1482,13.563431,13.543359,6.075000,5,0,6000.0000,-1000.0000,90.0000,-25.0000,1,4.0,100.00,0.0,0.0,0.0,0.0
1483,13.705662,13.680603,6.125000,5,0,6000.0000,-1000.0000,90.0000,-25.0000,1,4.0,100.00,0.0,0.0,0.0,0.0
1484,13.623062,13.629371,6.066000,5,0,6000.0000,-1000.0000,90.0000,-25.0000,1,4.0,100.00,0.0,0.0,0.0,0.0
1485,13.418716,13.587590,6.074000,5,0,6000.0000,-1000.0000,90.0000,-25.0000,1,4.0,100.00,0.0,0.0,0.0,0.0
1486,11.924574,13.457259,6.269000,5,0,6000.0000,-1000.0000,90.0000,-25.0000,1,4.0,100.00,0.0,0.0,0.0,0.0
1487,14.194014,11.883182,6.476000,5,0,6000.0000,-1000.0000,90.0000,-25.0000,1,4.0,100.00,0.0,0.0,0.0,0.0
1488,13.066469,14.245905,6.273000,5,0,6000.0000,-1000.0000,90.0000,-25.0000,1,4.0,100.00,0.0,0.0,0.0,0.0
1489,13.022768,13.053469,6.540000,6,0,6000.0000,-1000.0000,90.0000,-25.0000,1,4.0,100.00,0.0,0.0,0.0,0.0
1490,11.438103,13.009778,6.442000,6,1,6000.0000,-1000.0000,90.0000,-24.8374,1,4.0,100.00,0.0,0.0,0.0,0.0
1491,191.757843,11.433012,6.522000,6,0,6000.0000,-1000.0000,90.0000,-24.6945,1,4.0,100.00,0.0,0.0,0.0,0.0
1492,6.301809,191.747612,6.522000,6,1,6000.0000,-1000.0000,90.0000,-22.2976,1,4.0,100.00,0.0,0.0,0.0,0.0
1493,164.534299,6.170187,6.744000,6,0,6000.0000,-1000.0000,90.0000,-22.2205,1,4.0,100.00,0.0,0.0,0.0,0.0
1494,6.470443,164.610941,6.744000,6,1,6000.0000,-1000.0000,90.0000,-20.1629,1,4.0,100.00,0.0,0.0,0.0,0.0
1495,189.627384,6.393061,6.344000,6,0,6000.0000,-1000.0000,90.0000,-20.0829,1,4.0,100.00,0.0,0.0,0.0,0.0
1496,2.746771,189.720697,6.344000,6,1,6000.0000,-1000.0000,90.0000,-17.7114,1,4.0,100.00,0.0,0.0,0.0,0.0
1497,180.707478,2.664419,6.229000,6,0,6000.0000,-1000.0000,90.0000,-17.6781,1,4.0,100.00,0.0,0.0,0.0,0.0
1498,4.254854,180.791779,6.229000,6,1,6000.0000,-1000.0000,90.0000,-15.4182,1,4.0,100.00,0.0,0.0,0.0,0.0
1499,156.885620,4.247064,6.296000,6,0,6000.0000,-1000.0000,90.0000,-15.3651,1,4.0,100.00,0.0,0.0,0.0,0.0
1500,6.262449,156.917311,6.412000,6,1,6000.0000,-1000.0000,90.0000,-13.4037,1,4.0,100.00,0.0,0.0,0.0,0.0
1501,154.365284,6.201967,6.273000,6,0,6000.0000,-1000.0000,90.0000,-13.3262,1,4.0,100.00,0.0,0.0,0.0,0.0
1502,5.642385,154.402476,6.273000,6,1,6000.0000,-1000.0000,90.0000,-11.3961,1,4.0,100.00,0.0,0.0,0.0,0.0
1503,157.142106,5.596543,6.321000,6,0,6000.0000,-1000.0000,90.0000,-11.3262,1,4.0,100.00,0.0,0.0,0.0,0.0
1504,6.594926,157.205247,6.321000,6,1,6000.0000,-1000.0000,90.0000,-9.3611,1,4.0,100.00,0.0,0.0,0.0,0.0
1505,156.061273,6.555756,6.411000,6,0,6000.0000,-1000.0000,90.0000,-9.2792,1,4.0,100.00,0.0,0.0,0.0,0.0
1506,5.847949,156.109153,6.411000,6,1,6000.0000,-1000.0000,90.0000,-7.3278,1,4.0,100.00,0.0,0.0,0.0,0.0
1507,157.495763,5.777238,6.516000,6,0,6000.0000,-1000.0000,90.0000,-7.2556,1,4.0,100.00,0.0,0.0,0.0,0.0
1508,7.498617,157.539924,6.516000,6,1,6000.0000,-1000.0000,90.0000,-5.2863,1,4.0,100.00,0.0,0.0,0.0,0.0
1509,198.390988,7.422145,6.359000,6,0,6000.0000,-1000.0000,90.0000,-5.1935,1,4.0,100.00,0.0,0.0,0.0,0.0
1510,2.046235,198.434259,6.359000,6,1,6000.0000,-1000.0000,90.0000,-2.7131,1,4.0,100.00,0.0,0.0,0.0,0.0
1511,167.990116,1.989794,6.289000,6,0,6000.0000,-1000.0000,90.0000,-2.6882,1,4.0,100.00,0.0,0.0,0.0,0.0
1512,7.177848,168.080758,6.289000,6,1,6000.0000,-1000.0000,90.0000,-0.5872,1,4.0,100.00,0.0,0.0,0.0,0.0
1513,163.204520,7.117077,6.345000,6,0,6000.0000,-1000.0000,90.0000,-0.4983,1,4.0,100.00,0.0,0.0,0.0,0.0
1514,1.891302,163.233871,6.345000,6,1,6000.0000,-1000.0000,90.0000,1.5422,1,4.0,100.00,0.0,0.0,0.0,0.0
1515,171.969394,1.823580,6.773000,6,0,6000.0000,-1000.0000,90.0000,1.5649,1,4.0,100.00,0.0,0.0,0.0,0.0
1516,6.729930,172.065856,6.773000,6,1,6000.0000,-1000.0000,90.0000,3.7158,1,4.0,100.00,0.0,0.0,0.0,0.0
1517,165.394188,6.678058,6.382000,6,0,6000.0000,-1000.0000,90.0000,3.7992,1,4.0,100.00,0.0,0.0,0.0,0.0
1518,4.507740,165.418789,6.382000,6,1,6000.0000,-1000.0000,90.0000,5.8670,1,4.0,100.00,0.0,0.0,0.0,0.0
1519,166.439361,4.492440,6.304000,6,0,6000.0000,-1000.0000,90.0000,5.9231,1,4.0,100.00,0.0,0.0,0.0,0.0
1520,5.167994,166.509193,6.304000,6,1,6000.0000,-1000.0000,90.0000,8.0045,1,4.0,100.00,0.0,0.0,0.0,0.0
1521,167.208149,5.139633,6.268000,6,0,6000.0000,-1000.0000,90.0000,8.0687,1,4.0,100.00,0.0,0.0,0.0,0.0
1522,5.101502,167.190898,6.268000,6,1,6000.0000,-1000.0000,90.0000,10.1586,1,4.0,100.00,0.0,0.0,0.0,0.0
1523,166.938513,5.077212,6.461000,6,0,6000.0000,-1000.0000,90.0000,10.2221,1,4.0,100.00,0.0,0.0,0.0,0.0
1524,5.634665,166.999654,6.461000,6,1,6000.0000,-1000.0000,90.0000,12.3096,1,4.0,100.00,0.0,0.0,0.0,0.0
1525,164.911018,5.562754,6.284000,6,0,6000.0000,-1000.0000,90.0000,12.3791,1,4.0,100.00,0.0,0.0,0.0,0.0
1526,5.488151,164.940838,6.284000,6,1,6000.0000,-1000.0000,90.0000,14.4409,1,4.0,100.00,0.0,0.0,0.0,0.0
1527,167.445864,5.481581,6.487000,6,0,6000.0000,-1000.0000,90.0000,14.5094,1,4.0,100.00,0.0,0.0,0.0,0.0
1528,5.253446,167.481795,6.487000,6,1,6000.0000,-1000.0000,90.0000,16.6029,1,4.0,100.00,0.0,0.0,0.0,0.0
1529,166.929713,5.198755,6.278000,6,0,6000.0000,-1000.0000,90.0000,16.6679,1,4.0,100.00,0.0,0.0,0.0,0.0
1530,5.368628,166.954493,6.278000,6,1,6000.0000,-1000.0000,90.0000,18.7548,1,4.0,100.00,0.0,0.0,0.0,0.0
1531,166.287538,5.351538,6.290000,6,0,6000.0000,-1000.0000,90.0000,18.8217,1,4.0,100.00,0.0,0.0,0.0,0.0
1532,4.892738,166.345139,6.290000,6,1,6000.0000,-1000.0000,90.0000,20.9011,1,4.0,100.00,0.0,0.0,0.0,0.0
1533,200.869213,4.823077,6.352000,6,0,6000.0000,-1000.0000,90.0000,20.9613,1,4.0,100.00,0.0,0.0,0.0,0.0
1534,5.895061,200.924924,6.352000,6,1,6000.0000,-1000.0000,90.0000,23.4729,1,4.0,100.00,0.0,0.0,0.0,0.0
1535,167.701260,5.838660,6.270000,6,0,6000.0000,-1000.0000,90.0000,23.5459,1,4.0,100.00,0.0,0.0,0.0,0.0
1536,6.196196,167.772751,6.270000,6,1,6000.0000,-1000.0000,90.0000,25.0000,1,4.0,100.00,0.0,0.0,0.0,0.0
1537,166.941293,6.114555,6.239000,6,0,6000.0000,-1000.0000,90.0000,25.0000,1,4.0,100.00,0.0,0.0,0.0,0.0
1538,5.777977,166.983774,6.239000,6,1,6000.0000,-1000.0000,90.0000,25.0000,1,4.0,100.00,0.0,0.0,0.0,0.0
1539,185.268089,5.744006,6.185000,6,0,6000.0000,-1000.0000,90.0000,25.0000,1,4.0,100.00,0.0,0.0,0.0,0.0
1540,5.328847,185.323060,6.185000,6,1,6000.0000,-1000.0000,90.0000,25.0000,1,4.0,100.00,0.0,0.0,0.0,0.0
1541,172.659299,5.257886,6.584000,6,0,6000.0000,-1000.0000,90.0000,25.0000,1,4.0,100.00,0.0,0.0,0.0,0.0
1542,5.957902,172.701910,6.584000,6,1,6000.0000,-1000.0000,90.0000,25.0000,1,4.0,100.00,0.0,0.0,0.0,0.0
1543,165.136393,5.914091,6.605000,6,0,6000.0000,-1000.0000,90.0000,25.0000,1,4.0,100.00,0.0,0.0,0.0,0.0
1544,1.948042,165.218714,6.605000,6,1,6000.0000,-1000.0000,90.0000,25.0000,1,4.0,100.00,0.0,0.0,0.0,0.0
1545,204.992774,1.836021,6.674000,6,0,6000.0000,-1000.0000,90.0000,25.0000,1,4.0,100.00,0.0,0.0,0.0,0.0
1546,5.913521,205.130357,6.674000,6,1,6000.0000,-1000.0000,90.0000,25.0000,1,4.0,100.00,0.0,0.0,0.0,0.0
1547,170.042601,5.793398,6.599000,6,0,6000.0000,-1000.0000,90.0000,25.0000,1,4.0,100.00,0.0,0.0,0.0,0.0
1548,5.775648,170.209695,6.599000,6,1,6000.0000,-1000.0000,90.0000,25.0000,1,4.0,100.00,0.0,0.0,0.0,0.0
1549,202.386237,5.642264,6.564000,6,0,6000.0000,-1000.0000,90.0000,25.0000,1,4.0,100.00,0.0,0.0,0.0,0.0
1550,6.031903,202.433138,6.564000,6,1,6000.0000,-1000.0000,90.0000,25.0000,1,4.0,100.00,0.0,0.0,0.0,0.0
1551,201.404055,5.939701,6.230000,6,0,6000.0000,-1000.0000,90.0000,25.0000,1,4.0,100.00,0.0,0.0,0.0,0.0
1552,6.448793,201.588359,6.230000,6,1,6000.0000,-1000.0000,90.0000,25.0000,1,4.0,100.00,0.0,0.0,0.0,0.0
1553,177.670010,6.405711,6.217000,7,0,6000.0000,-1000.0000,90.0000,0.0000,1,4.0,100.00,0.0,0.0,0.0,0.0
1554,5.385868,177.676201,6.217000,7,0,6075.7652,-1000.0000,90.0000,0.0000,1,4.0,100.00,0.0,0.0,0.0,0.0
1555,8.577381,5.314787,6.507000,7,0,6078.0993,-1000.0000,90.0000,0.0000,1,4.0,100.00,0.0,0.0,0.0,0.0
1556,12.338272,8.585130,6.507000,7,0,6082.0466,-1000.0000,90.0000,0.0000,1,4.0,100.00,0.0,0.0,0.0,0.0
1557,13.490409,12.363203,6.736000,7,0,6088.0979,-1000.0000,90.0000,0.0000,1,4.0,100.00,0.0,0.0,0.0,0.0
1558,14.287526,13.458369,6.121000,7,0,6095.0962,-1000.0000,90.0000,0.0000,1,4.0,100.00,0.0,0.0,0.0,0.0
1559,13.257043,14.295215,6.121000,7,0,6102.5297,-1000.0000,90.0000,0.0000,1,4.0,100.00,0.0,0.0,0.0,0.0
1560,13.660862,13.306164,6.095000,7,0,6109.4489,-1000.0000,90.0000,0.0000,1,4.0,100.00,0.0,0.0,0.0,0.0
1561,13.404836,13.633082,6.308000,7,0,6116.5381,-1000.0000,90.0000,0.0000,1,4.0,100.00,0.0,0.0,0.0,0.0
1562,14.295746,13.392386,6.558000,7,0,6123.5022,-1000.0000,90.0000,0.0000,1,4.0,100.00,0.0,0.0,0.0,0.0
1563,14.674925,14.309637,6.558000,7,0,6130.9432,-1000.0000,90.0000,0.0000,1,4.0,100.00,0.0,0.0,0.0,0.0
1564,12.624610,14.672664,6.650000,7,0,6138.5730,-1000.0000,90.0000,0.0000,1,4.0,100.00,0.0,0.0,0.0,0.0
1565,13.301284,12.756513,6.321000,7,0,6145.2064,-1000.0000,90.0000,0.0000,1,4.0,100.00,0.0,0.0,0.0,0.0
1566,13.329534,13.245652,6.408000,7,0,6152.0941,-1000.0000,90.0000,0.0000,1,4.0,100.00,0.0,0.0,0.0,0.0
1567,13.909598,13.286775,6.627000,7,0,6159.0032,-1000.0000,90.0000,0.0000,1,4.0,100.00,0.0,0.0,0.0,0.0
1568,13.785485,13.934327,6.196000,7,0,6166.2491,-1000.0000,90.0000,0.0000,1,4.0,100.00,0.0,0.0,0.0,0.0
1569,14.771287,13.755605,6.305000,7,0,6173.4020,-1000.0000,90.0000,0.0000,1,4.0,100.00,0.0,0.0,0.0,0.0
1570,13.658401,14.775327,6.358000,7,0,6181.0851,-1000.0000,90.0000,0.0000,1,4.0,100.00,0.0,0.0,0.0,0.0
1571,13.318136,13.688153,6.309000,7,0,6188.2030,-1000.0000,90.0000,0.0000,1,4.0,100.00,0.0,0.0,0.0,0.0
1572,12.362053,13.299994,6.536000,7,0,6195.1190,-1000.0000,90.0000,0.0000,1,4.0,100.00,0.0,0.0,0.0,0.0
1573,13.199232,12.389063,6.324000,7,0,6201.5613,-1000.0000,90.0000,0.0000,1,4.0,100.00,0.0,0.0,0.0,0.0
1574,14.481130,13.163862,6.149000,7,0,6208.4065,-1000.0000,90.0000,0.0000,1,4.0,100.00,0.0,0.0,0.0,0.0
1575,12.437195,14.477420,6.285000,7,0,6215.9348,-1000.0000,90.0000,0.0000,1,4.0,100.00,0.0,0.0,0.0,0.0
1576,11.765340,12.471515,6.365000,7,0,6222.4200,-1000.0000,90.0000,0.0000,1,4.0,100.00,0.0,0.0,0.0,0.0
1577,14.813678,11.718930,6.306000,7,0,6228.5138,-1000.0000,90.0000,0.0000,1,4.0,100.00,0.0,0.0,0.0,0.0
1578,11.955975,14.815738,6.239000,7,0,6236.2180,-1000.0000,90.0000,0.0000,1,4.0,100.00,0.0,0.0,0.0,0.0
1579,14.073301,11.987155,6.239000,7,0,6242.4513,-1000.0000,90.0000,0.0000,1,4.0,100.00,0.0,0.0,0.0,0.0
1580,15.622655,14.047461,6.621000,7,0,6249.7560,-1000.0000,90.0000,0.0000,1,4.0,100.00,0.0,0.0,0.0,0.0
1581,14.361768,15.638006,6.357000,7,0,6257.8877,-1000.0000,90.0000,0.0000,1,4.0,100.00,0.0,0.0,0.0,0.0
1582,14.734876,14.344937,6.495000,7,0,6265.3471,-1000.0000,90.0000,0.0000,1,4.0,100.00,0.0,0.0,0.0,0.0
1583,14.098152,14.732466,6.503000,7,0,6273.0080,-1000.0000,90.0000,0.0000,1,4.0,100.00,0.0,0.0,0.0,0.0
1584,13.803135,14.092332,6.200000,7,0,6280.3360,-1000.0000,90.0000,0.0000,1,4.0,100.00,0.0,0.0,0.0,0.0
1585,13.305215,13.816295,6.240000,7,0,6287.5205,-1000.0000,90.0000,0.0000,1,4.0,100.00,0.0,0.0,0.0,0.0
1586,13.981369,13.304414,6.375000,7,0,6294.4388,-1000.0000,90.0000,0.0000,1,4.0,100.00,0.0,0.0,0.0,0.0
1587,13.575350,13.980550,6.419000,7,0,6301.7087,-1000.0000,90.0000,0.0000,1,4.0,100.00,0.0,0.0,0.0,0.0
1588,12.998027,13.657642,6.216000,7,0,6308.8106,-1000.0000,90.0000,0.0000,1,4.0,100.00,0.0,0.0,0.0,0.0
1589,12.949386,12.915385,6.497000,7,0,6315.5266,-1000.0000,90.0000,0.0000,1,4.0,100.00,0.0,0.0,0.0,0.0
1590,12.794314,12.971727,6.269000,7,0,6322.2719,-1000.0000,90.0000,0.0000,1,4.0,100.00,0.0,0.0,0.0,0.0
1591,12.352323,12.916396,6.250000,7,0,6328.9885,-1000.0000,90.0000,0.0000,1,4.0,100.00,0.0,0.0,0.0,0.0
1592,12.755582,12.250481,6.279000,7,0,6335.3587,-1000.0000,90.0000,0.0000,1,4.0,100.00,0.0,0.0,0.0,0.0
1593,12.796233,12.772802,6.329000,7,0,6342.0006,-1000.0000,90.0000,0.0000,1,4.0,100.00,0.0,0.0,0.0,0.0
1594,13.954029,12.763363,6.411000,7,0,6348.6375,-1000.0000,90.0000,0.0000,1,4.0,100.00,0.0,0.0,0.0,0.0
1595,13.601530,13.952738,6.528000,7,0,6355.8929,-1000.0000,90.0000,0.0000,1,4.0,100.00,0.0,0.0,0.0,0.0
1596,12.524278,13.587601,6.263000,7,0,6362.9585,-1000.0000,90.0000,0.0000,1,4.0,100.00,0.0,0.0,0.0,0.0
1597,11.352980,12.508776,6.528000,7,0,6369.4631,-1000.0000,90.0000,0.0000,1,4.0,100.00,0.0,0.0,0.0,0.0
1598,11.651038,11.381943,6.436000,7,0,6375.3817,-1000.0000,90.0000,0.0000,1,4.0,100.00,0.0,0.0,0.0,0.0
1599,13.519559,11.618156,6.231000,7,0,6381.4231,-1000.0000,90.0000,0.0000,1,4.0,100.00,0.0,0.0,0.0,0.0
1600,14.644924,13.528680,6.400000,7,0,6388.4580,-1000.0000,90.0000,0.0000,1,4.0,100.00,0.0,0.0,0.0,0.0
1601,14.529472,14.668503,6.310000,7,0,6396.0856,-1000.0000,90.0000,0.0000,1,4.0,100.00,0.0,0.0,0.0,0.0
1602,14.440719,14.498942,6.481000,7,0,6403.6251,-1000.0000,90.0000,0.0000,1,4.0,100.00,0.0,0.0,0.0,0.0
1603,13.000978,14.489670,6.298000,7,0,6411.1597,-1000.0000,90.0000,0.0000,1,4.0,100.00,0.0,0.0,0.0,0.0
1604,13.677002,13.057948,6.488000,7,0,6417.9499,-1000.0000,90.0000,0.0000,1,4.0,100.00,0.0,0.0,0.0,0.0
1605,14.993132,13.630062,6.711000,7,0,6425.0375,-1000.0000,90.0000,0.0000,1,4.0,100.00,0.0,0.0,0.0,0.0
1606,12.471195,14.970571,6.495000,7,0,6432.8222,-1000.0000,90.0000,0.0000,1,4.0,100.00,0.0,0.0,0.0,0.0
1607,12.068827,12.458466,6.486000,7,0,6439.3006,-1000.0000,90.0000,0.0000,1,4.0,100.00,0.0,0.0,0.0,0.0
1608,13.042189,12.104337,6.711000,7,0,6445.5948,-1000.0000,90.0000,0.0000,1,4.0,100.00,0.0,0.0,0.0,0.0
1609,9.608313,13.010579,6.711000,7,0,6452.3603,-1000.0000,90.0000,0.0000,1,4.0,100.00,0.0,0.0,0.0,0.0
1610,12.353382,9.646623,6.593000,7,0,6457.3766,-1000.0000,90.0000,0.0000,1,4.0,100.00,0.0,0.0,0.0,0.0
1611,11.584347,12.347382,6.663000,7,0,6463.7972,-1000.0000,90.0000,0.0000,1,4.0,100.00,0.0,0.0,0.0,0.0
1612,11.528145,11.590667,6.808000,7,0,6469.8244,-1000.0000,90.0000,0.0000,1,4.0,100.00,0.0,0.0,0.0,0.0
1613,11.964124,11.497345,6.281000,7,0,6475.8030,-1000.0000,90.0000,0.0000,1,4.0,100.00,0.0,0.0,0.0,0.0
1614,11.897773,11.948464,6.180000,7,0,6482.0162,-1000.0000,90.0000,0.0000,1,4.0,100.00,0.0,0.0,0.0,0.0
1615,11.350052,11.935533,6.284000,7,0,6488.2227,-1000.0000,90.0000,0.0000,1,4.0,100.00,0.0,0.0,0.0,0.0
1616,11.215338,11.373332,6.710000,7,0,6494.1368,-1000.0000,90.0000,0.0000,1,4.0,100.00,0.0,0.0,0.0,0.0
1617,10.220966,11.200968,6.148000,7,0,6499.9613,-1000.0000,90.0000,0.0000,1,4.0,100.00,0.0,0.0,0.0,0.0
1618,13.506858,10.353899,6.148000,7,0,6505.3453,-1000.0000,90.0000,0.0000,1,4.0,100.00,0.0,0.0,0.0,0.0
1619,15.415692,13.525519,6.420000,7,0,6512.3786,-1000.0000,90.0000,0.0000,1,4.0,100.00,0.0,0.0,0.0,0.0
1620,12.621038,15.338579,6.442000,7,0,6520.3547,-1000.0000,90.0000,0.0000,1,4.0,100.00,0.0,0.0,0.0,0.0
1621,14.994422,12.469647,6.303000,7,0,6526.8389,-1000.0000,90.0000,0.0000,1,4.0,100.00,0.0,0.0,0.0,0.0
1622,13.497109,15.274937,6.329000,7,0,6534.7818,-1000.0000,90.0000,0.0000,1,4.0,100.00,0.0,0.0,0.0,0.0
1623,14.513070,13.354065,6.646000,7,0,6541.7260,-1000.0000,90.0000,0.0000,1,4.0,100.00,0.0,0.0,0.0,0.0
1624,12.863495,14.522642,6.441000,7,0,6549.2777,-1000.0000,90.0000,0.0000,1,4.0,100.00,0.0,0.0,0.0,0.0
1625,13.527720,12.783983,6.200000,7,0,6555.9254,-1000.0000,90.0000,0.0000,1,4.0,100.00,0.0,0.0,0.0,0.0
1626,13.342494,13.562419,6.276000,7,0,6562.9779,-1000.0000,90.0000,0.0000,1,4.0,100.00,0.0,0.0,0.0,0.0
1627,12.364445,13.320315,6.178000,7,0,6569.9044,-1000.0000,90.0000,0.0000,1,4.0,100.00,0.0,0.0,0.0,0.0
1628,12.152028,12.297612,6.302000,7,0,6576.2992,-1000.0000,90.0000,0.0000,1,4.0,100.00,0.0,0.0,0.0,0.0
1629,12.023586,12.197690,6.209000,7,0,6582.6420,-1000.0000,90.0000,0.0000,1,4.0,100.00,0.0,0.0,0.0,0.0
1630,12.113408,11.992125,6.432000,7,0,6588.8779,-1000.0000,90.0000,0.0000,1,4.0,100.00,0.0,0.0,0.0,0.0
1631,12.050886,12.170499,6.264000,7,0,6595.2065,-1000.0000,90.0000,0.0000,1,4.0,100.00,0.0,0.0,0.0,0.0
1632,12.026796,11.999555,6.575000,7,0,6601.4463,-1000.0000,90.0000,0.0000,1,4.0,100.00,0.0,0.0,0.0,0.0
1633,13.076760,12.106568,6.266000,7,0,6607.7417,-1000.0000,90.0000,0.0000,1,4.0,100.00,0.0,0.0,0.0,0.0
1634,12.333062,13.037088,6.555000,7,0,6614.5210,-1000.0000,90.0000,0.0000,1,4.0,100.00,0.0,0.0,0.0,0.0
1635,12.452126,12.335544,6.256000,7,0,6620.9355,-1000.0000,90.0000,0.0000,1,4.0,100.00,0.0,0.0,0.0,0.0
1636,12.053307,12.485536,6.226000,7,0,6627.4280,-1000.0000,90.0000,0.0000,1,4.0,100.00,0.0,0.0,0.0,0.0
1637,11.600586,12.070507,6.320000,7,0,6633.7046,-1000.0000,90.0000,0.0000,1,4.0,100.00,0.0,0.0,0.0,0.0
1638,12.228031,11.517875,6.168000,7,0,6639.6939,-1000.0000,90.0000,0.0000,1,4.0,100.00,0.0,0.0,0.0,0.0
1639,12.096917,12.264561,6.529000,7,0,6646.0715,-1000.0000,90.0000,0.0000,1,4.0,100.00,0.0,0.0,0.0,0.0
1640,12.334623,12.040816,6.519000,7,0,6652.3327,-1000.0000,90.0000,0.0000,1,4.0,100.00,0.0,0.0,0.0,0.0
1641,11.960734,12.365493,6.304000,7,0,6658.7628,-1000.0000,90.0000,0.0000,1,4.0,100.00,0.0,0.0,0.0,0.0
1642,13.862707,11.930494,6.647000,7,0,6664.9666,-1000.0000,90.0000,0.0000,1,4.0,100.00,0.0,0.0,0.0,0.0
1643,12.408494,13.921048,6.457000,7,0,6672.2056,-1000.0000,90.0000,0.0000,1,4.0,100.00,0.0,0.0,0.0,0.0
1644,11.903653,12.348313,6.796000,7,0,6678.6267,-1000.0000,90.0000,0.0000,1,4.0,100.00,0.0,0.0,0.0,0.0
1645,11.689969,11.923594,6.215000,7,0,6684.8270,-1000.0000,90.0000,0.0000,1,4.0,100.00,0.0,0.0,0.0,0.0
1646,13.060319,11.713269,6.234000,7,0,6690.9179,-1000.0000,90.0000,0.0000,1,4.0,100.00,0.0,0.0,0.0,0.0
1647,14.286706,13.092960,6.259000,7,0,6697.7262,-1000.0000,90.0000,0.0000,1,4.0,100.00,0.0,0.0,0.0,0.0
1648,12.148468,14.313526,6.307000,7,0,6705.1693,-1000.0000,90.0000,0.0000,1,4.0,100.00,0.0,0.0,0.0,0.0
1649,11.595597,12.046587,6.606000,7,0,6711.4335,-1000.0000,90.0000,0.0000,1,4.0,100.00,0.0,0.0,0.0,0.0
1650,14.527811,11.492684,6.579000,7,0,6717.4097,-1000.0000,90.0000,0.0000,1,4.0,100.00,0.0,0.0,0.0,0.0
1651,15.354340,14.525262,6.303000,7,0,6724.9628,-1000.0000,90.0000,0.0000,1,4.0,100.00,0.0,0.0,0.0,0.0
1652,14.209394,15.383140,6.294000,7,0,6732.9620,-1000.0000,90.0000,0.0000,1,4.0,100.00,0.0,0.0,0.0,0.0
1653,13.051999,14.184013,6.309000,7,0,6740.3377,-1000.0000,90.0000,0.0000,1,4.0,100.00,0.0,0.0,0.0,0.0
1654,12.296732,13.039769,6.515000,7,0,6747.1184,-1000.0000,90.0000,0.0000,1,4.0,100.00,0.0,0.0,0.0,0.0
1655,12.009655,12.292781,6.379000,7,0,6753.5107,-1000.0000,90.0000,0.0000,1,4.0,100.00,0.0,0.0,0.0,0.0
1656,12.011526,12.002876,6.379000,7,0,6759.7522,-1000.0000,90.0000,0.0000,1,4.0,100.00,0.0,0.0,0.0,0.0
1657,10.640606,12.014365,6.269000,7,0,6765.9996,-1000.0000,90.0000,0.0000,1,4.0,100.00,0.0,0.0,0.0,0.0
1658,10.755198,10.661456,6.198000,7,0,6771.5436,-1000.0000,90.0000,0.0000,1,4.0,100.00,0.0,0.0,0.0,0.0
1659,11.406642,10.792169,6.198000,7,0,6777.1555,-1000.0000,90.0000,0.0000,1,4.0,100.00,0.0,0.0,0.0,0.0
1660,9.993371,11.355851,6.320000,7,0,6783.0605,-1000.0000,90.0000,0.0000,1,4.0,100.00,0.0,0.0,0.0,0.0
1661,9.776236,9.992971,6.442000,7,0,6788.2569,-1000.0000,90.0000,0.0000,1,4.0,100.00,0.0,0.0,0.0,0.0
1662,10.813950,9.769177,6.309000,7,0,6793.3369,-1000.0000,90.0000,0.0000,1,4.0,100.00,0.0,0.0,0.0,0.0
1663,10.570163,10.819859,6.431000,7,0,6798.9632,-1000.0000,90.0000,0.0000,1,4.0,100.00,0.0,0.0,0.0,0.0
1664,10.187305,10.568403,6.297000,7,0,6804.4588,-1000.0000,90.0000,0.0000,1,4.0,100.00,0.0,0.0,0.0,0.0
1665,10.156915,10.190256,6.160000,7,0,6809.7577,-1000.0000,90.0000,0.0000,1,4.0,100.00,0.0,0.0,0.0,0.0
1666,12.527297,10.165135,6.357000,7,0,6815.0436,-1000.0000,90.0000,0.0000,1,4.0,100.00,0.0,0.0,0.0,0.0
1667,13.510579,12.529947,6.313000,7,0,6821.5591,-1000.0000,90.0000,0.0000,1,4.0,100.00,0.0,0.0,0.0,0.0
1668,12.199560,13.504719,6.254000,7,0,6828.5816,-1000.0000,90.0000,0.0000,1,4.0,100.00,0.0,0.0,0.0,0.0
1669,11.592546,12.214080,6.281000,7,0,6834.9329,-1000.0000,90.0000,0.0000,1,4.0,100.00,0.0,0.0,0.0,0.0
1670,11.450164,11.591017,6.173000,7,0,6840.9602,-1000.0000,90.0000,0.0000,1,4.0,100.00,0.0,0.0,0.0,0.0
1671,11.289529,11.451402,6.212000,7,0,6846.9150,-1000.0000,90.0000,0.0000,1,4.0,100.00,0.0,0.0,0.0,0.0
1672,12.002135,11.286970,6.136000,7,0,6852.7842,-1000.0000,90.0000,0.0000,1,4.0,100.00,0.0,0.0,0.0,0.0
1673,12.945497,12.000665,6.249000,7,0,6859.0245,-1000.0000,90.0000,0.0000,1,4.0,100.00,0.0,0.0,0.0,0.0
1674,10.771858,12.969297,6.261000,7,0,6865.7686,-1000.0000,90.0000,0.0000,1,4.0,100.00,0.0,0.0,0.0,0.0
1675,10.530373,10.787999,6.365000,7,0,6871.3783,-1000.0000,90.0000,0.0000,1,4.0,100.00,0.0,0.0,0.0,0.0
1676,10.880630,10.505523,6.318000,7,0,6876.8412,-1000.0000,90.0000,0.0000,1,4.0,100.00,0.0,0.0,0.0,0.0
1677,11.203328,10.893970,6.260000,7,0,6882.5061,-1000.0000,90.0000,0.0000,1,4.0,100.00,0.0,0.0,0.0,0.0
1678,10.493853,11.200058,6.403000,7,0,6888.3301,-1000.0000,90.0000,0.0000,1,4.0,100.00,0.0,0.0,0.0,0.0
1679,11.302709,10.479172,6.605000,7,0,6893.7793,-1000.0000,90.0000,0.0000,1,4.0,100.00,0.0,0.0,0.0,0.0
1680,12.459676,11.307559,6.883000,7,0,6899.6592,-1000.0000,90.0000,0.0000,1,4.0,100.00,0.0,0.0,0.0,0.0
1681,11.427933,12.473677,6.678000,7,0,6906.1455,-1000.0000,90.0000,0.0000,1,4.0,100.00,0.0,0.0,0.0,0.0
1682,12.178739,11.518064,6.729000,7,0,6912.1349,-1000.0000,90.0000,0.0000,1,4.0,100.00,0.0,0.0,0.0,0.0
1683,11.121026,12.083917,6.601000,7,0,6918.4185,-1000.0000,90.0000,0.0000,1,4.0,100.00,0.0,0.0,0.0,0.0
1684,11.706389,11.100947,6.443000,7,0,6924.1910,-1000.0000,90.0000,0.0000,1,4.0,100.00,0.0,0.0,0.0,0.0
1685,14.035130,11.714078,6.713000,7,0,6930.2824,-1000.0000,90.0000,0.0000,1,4.0,100.00,0.0,0.0,0.0,0.0
1686,13.708004,14.023620,6.806000,7,0,6937.5746,-1000.0000,90.0000,0.0000,1,4.0,100.00,0.0,0.0,0.0,0.0
1687,13.767235,13.690653,6.132000,7,0,6944.6938,-1000.0000,90.0000,0.0000,1,4.0,100.00,0.0,0.0,0.0,0.0
1688,13.533999,13.767575,6.473000,7,0,6951.8529,-1000.0000,90.0000,0.0000,1,4.0,100.00,0.0,0.0,0.0,0.0
1689,13.038768,13.536179,6.597000,7,0,6958.8917,-1000.0000,90.0000,0.0000,1,4.0,100.00,0.0,0.0,0.0,0.0
1690,13.177561,13.228862,6.602000,7,0,6965.7707,-1000.0000,90.0000,0.0000,1,4.0,100.00,0.0,0.0,0.0,0.0
1691,13.007718,12.992338,6.526000,7,0,6972.5268,-1000.0000,90.0000,0.0000,1,4.0,100.00,0.0,0.0,0.0,0.0
1692,13.056899,12.985487,6.376000,7,0,6979.2792,-1000.0000,90.0000,0.0000,1,4.0,100.00,0.0,0.0,0.0,0.0
1693,12.300532,13.058779,6.366000,7,0,6986.0698,-1000.0000,90.0000,0.0000,1,4.0,100.00,0.0,0.0,0.0,0.0
1694,12.819654,12.317713,6.242000,7,0,6992.4750,-1000.0000,90.0000,0.0000,1,4.0,100.00,0.0,0.0,0.0,0.0
1695,12.895804,12.807753,6.303000,7,0,6999.1350,-1000.0000,90.0000,0.0000,1,4.0,100.00,0.0,0.0,0.0,0.0
1696,12.454916,12.890244,6.518000,7,0,7005.8379,-1000.0000,90.0000,0.0000,1,4.0,100.00,0.0,0.0,0.0,0.0
1697,11.554475,12.452266,6.552000,7,0,7012.3131,-1000.0000,90.0000,0.0000,1,4.0,100.00,0.0,0.0,0.0,0.0
1698,12.472747,11.559707,6.371000,7,0,7018.3242,-1000.0000,90.0000,0.0000,1,4.0,100.00,0.0,0.0,0.0,0.0
1699,11.192687,12.477475,6.224000,8,1,7024.8125,-1000.0000,90.0000,0.0000,1,4.0,100.00,0.0,0.0,0.0,0.0
1700,162.666068,11.380471,6.423000,8,0,7030.3936,-1000.0000,90.0000,0.0000,1,4.0,100.00,0.0,0.0,0.0,0.0
1701,4.767295,162.580127,6.423000,8,0,7041.4006,-1000.0000,90.0000,0.0000,1,4.0,100.00,0.0,0.0,0.0,0.0
1702,7.239381,4.655513,6.430000,8,0,7041.6595,-1000.0000,90.0000,0.0000,1,4.0,100.00,0.0,0.0,0.0,0.0
1703,11.494984,7.477005,6.430000,8,0,7041.9298,-1000.0000,90.0000,0.0000,1,4.0,100.00,0.0,0.0,0.0,0.0
1704,12.985097,11.385401,6.446000,8,0,7042.0045,-1000.0000,90.0000,0.0000,1,4.0,100.00,0.0,0.0,0.0,0.0
1705,12.565438,13.046939,6.116000,8,0,7042.0045,-1000.0000,90.0000,0.0000,1,4.0,100.00,0.0,0.0,0.0,0.0
1706,11.818352,12.542348,6.457000,8,0,7042.0045,-1000.0000,90.0000,0.0000,1,4.0,100.00,0.0,0.0,0.0,0.0
1707,12.512886,11.833742,6.512000,8,0,7042.0045,-1000.0000,90.0000,0.0000,1,4.0,100.00,0.0,0.0,0.0,0.0
1708,11.041434,12.499856,6.186000,8,0,7042.0045,-1000.0000,90.0000,0.0000,1,4.0,100.00,0.0,0.0,0.0,0.0
1709,12.267241,11.039854,6.229000,8,0,7042.0045,-1000.0000,90.0000,0.0000,1,4.0,100.00,0.0,0.0,0.0,0.0
1710,10.521753,12.250671,6.229000,8,0,7042.0045,-1000.0000,90.0000,0.0000,1,4.0,100.00,0.0,0.0,0.0,0.0
1711,10.883741,10.516353,6.212000,8,0,7042.0045,-1000.0000,90.0000,0.0000,1,4.0,100.00,0.0,0.0,0.0,0.0
1712,12.467105,10.896421,6.212000,8,0,7042.0045,-1000.0000,90.0000,0.0000,1,4.0,100.00,0.0,0.0,0.0,0.0
1713,12.664171,12.448815,6.194000,8,0,7042.0045,-1000.0000,90.0000,0.0000,1,4.0,100.00,0.0,0.0,0.0,0.0
1714,11.323470,12.657180,6.217000,8,0,7042.0045,-1000.0000,90.0000,0.0000,1,4.0,100.00,0.0,0.0,0.0,0.0
1715,10.135594,11.313280,6.490000,8,0,7042.0045,-1000.0000,90.0000,0.0000,1,4.0,100.00,0.0,0.0,0.0,0.0
1716,10.888601,10.142155,6.248000,8,0,7042.0045,-1000.0000,90.0000,0.0000,1,4.0,100.00,0.0,0.0,0.0,0.0
1717,10.472602,10.886650,6.438000,8,0,7042.0045,-1000.0000,90.0000,0.0000,1,4.0,100.00,0.0,0.0,0.0,0.0
1718,10.344889,10.469442,6.077000,8,0,7042.0045,-1000.0000,90.0000,0.0000,1,4.0,100.00,0.0,0.0,0.0,0.0
1719,10.086833,10.349248,6.077000,8,0,7042.0045,-1000.0000,90.0000,0.0000,1,4.0,100.00,0.0,0.0,0.0,0.0
1720,12.141838,10.176385,6.172000,8,0,7042.0045,-1000.0000,90.0000,0.0000,1,4.0,100.00,0.0,0.0,0.0,0.0
1721,13.566211,12.072777,6.172000,8,0,7042.0045,-1000.0000,90.0000,0.0000,1,4.0,100.00,0.0,0.0,0.0,0.0
1722,13.997819,13.565331,6.508000,8,0,7042.0045,-1000.0000,90.0000,0.0000,1,4.0,100.00,0.0,0.0,0.0,0.0
1723,13.427987,13.993839,6.221000,8,0,7042.0045,-1000.0000,90.0000,0.0000,1,4.0,100.00,0.0,0.0,0.0,0.0
1724,13.052868,13.453617,6.263000,8,0,7042.0045,-1000.0000,90.0000,0.0000,1,4.0,100.00,0.0,0.0,0.0,0.0
1725,12.834694,13.022038,6.078000,8,0,7042.0045,-1000.0000,90.0000,0.0000,1,4.0,100.00,0.0,0.0,0.0,0.0
1726,12.751083,12.827444,6.207000,8,0,7042.0045,-1000.0000,90.0000,0.0000,1,4.0,100.00,0.0,0.0,0.0,0.0
1727,12.434464,12.771463,6.164000,8,0,7042.0045,-1000.0000,90.0000,0.0000,1,4.0,100.00,0.0,0.0,0.0,0.0
1728,12.097458,12.418564,6.132000,8,0,7042.0045,-1000.0000,90.0000,0.0000,1,4.0,100.00,0.0,0.0,0.0,0.0
1729,12.461286,12.129159,6.214000,8,0,7042.0045,-1000.0000,90.0000,0.0000,1,4.0,100.00,0.0,0.0,0.0,0.0
1730,12.699420,12.416895,6.129000,8,0,7042.0045,-1000.0000,90.0000,0.0000,1,4.0,100.00,0.0,0.0,0.0,0.0
1731,12.878415,12.722861,6.114000,8,0,7042.0045,-1000.0000,90.0000,0.0000,1,4.0,100.00,0.0,0.0,0.0,0.0
1732,13.351206,12.891796,6.199000,8,0,7042.0045,-1000.0000,90.0000,0.0000,1,4.0,100.00,0.0,0.0,0.0,0.0
1733,13.323984,13.312324,6.255000,8,0,7042.0045,-1000.0000,90.0000,0.0000,1,4.0,100.00,0.0,0.0,0.0,0.0
1734,13.398706,13.329204,6.144000,8,0,7042.0045,-1000.0000,90.0000,0.0000,1,4.0,100.00,0.0,0.0,0.0,0.0
1735,12.834824,13.426838,6.151000,8,0,7042.0045,-1000.0000,90.0000,0.0000,1,4.0,100.00,0.0,0.0,0.0,0.0
1736,13.790526,12.804332,6.131000,8,0,7042.0045,-1000.0000,90.0000,0.0000,1,4.0,100.00,0.0,0.0,0.0,0.0
1737,13.332364,13.787665,6.218000,8,0,7042.0045,-1000.0000,90.0000,0.0000,1,4.0,100.00,0.0,0.0,0.0,0.0
1738,12.454666,13.370717,6.182000,8,0,7042.0045,-1000.0000,90.0000,0.0000,1,4.0,100.00,0.0,0.0,0.0,0.0
1739,12.809094,12.417484,6.166000,8,0,7042.0045,-1000.0000,90.0000,0.0000,1,4.0,100.00,0.0,0.0,0.0,0.0
1740,13.602540,12.812023,6.116000,8,0,7042.0045,-1000.0000,90.0000,0.0000,1,4.0,100.00,0.0,0.0,0.0,0.0
1741,13.498769,14.011850,6.186000,8,0,7042.0045,-1000.0000,90.0000,0.0000,1,4.0,100.00,0.0,0.0,0.0,0.0
1742,12.944416,13.543569,6.148000,8,0,7042.0045,-1000.0000,90.0000,0.0000,1,4.0,100.00,0.0,0.0,0.0,0.0
1743,12.358923,12.913416,6.125000,8,0,7042.0045,-1000.0000,90.0000,0.0000,1,4.0,100.00,0.0,0.0,0.0,0.0
1744,12.372414,12.150279,6.198000,8,0,7042.0045,-1000.0000,90.0000,0.0000,1,4.0,100.00,0.0,0.0,0.0,0.0
1745,12.225361,12.297982,6.103000,8,0,7042.0045,-1000.0000,90.0000,0.0000,1,4.0,100.00,0.0,0.0,0.0,0.0
1746,11.218848,12.162039,6.179000,8,0,7042.0045,-1000.0000,90.0000,0.0000,1,4.0,100.00,0.0,0.0,0.0,0.0
1747,10.956522,11.143506,6.252000,8,0,7042.0045,-1000.0000,90.0000,0.0000,1,4.0,100.00,0.0,0.0,0.0,0.0
1748,9.637903,10.964963,6.090000,8,0,7042.0045,-1000.0000,90.0000,0.0000,1,4.0,100.00,0.0,0.0,0.0,0.0
1749,9.909699,9.606753,6.090000,8,0,7042.0045,-1000.0000,90.0000,0.0000,1,4.0,100.00,0.0,0.0,0.0,0.0
1750,10.011971,10.061732,6.151000,8,0,7042.0045,-1000.0000,90.0000,0.0000,1,4.0,100.00,0.0,0.0,0.0,0.0
1751,14.498851,9.926190,6.223000,8,0,7042.0045,-1000.0000,90.0000,0.0000,1,4.0,100.00,0.0,0.0,0.0,0.0
1752,13.502929,14.456379,6.194000,8,0,7042.0045,-1000.0000,90.0000,0.0000,1,4.0,100.00,0.0,0.0,0.0,0.0
1753,14.319427,13.539370,6.473000,8,0,7042.0045,-1000.0000,90.0000,0.0000,1,4.0,100.00,0.0,0.0,0.0,0.0
1754,12.961427,14.288326,6.539000,8,0,7042.0045,-1000.0000,90.0000,0.0000,1,4.0,100.00,0.0,0.0,0.0,0.0
1755,14.103682,13.030428,6.370000,8,0,7042.0045,-1000.0000,90.0000,0.0000,1,4.0,100.00,0.0,0.0,0.0,0.0
1756,12.176559,14.053071,6.599000,8,0,7042.0045,-1000.0000,90.0000,0.0000,1,4.0,100.00,0.0,0.0,0.0,0.0
1757,12.288261,12.182929,6.530000,8,0,7042.0045,-1000.0000,90.0000,0.0000,1,4.0,100.00,0.0,0.0,0.0,0.0
1758,12.879255,12.271851,6.553000,8,0,7042.0045,-1000.0000,90.0000,0.0000,1,4.0,100.00,0.0,0.0,0.0,0.0
1759,12.146309,12.929516,6.509000,8,0,7042.0045,-1000.0000,90.0000,0.0000,1,4.0,100.00,0.0,0.0,0.0,0.0
1760,12.621369,12.157789,6.495000,8,0,7042.0045,-1000.0000,90.0000,0.0000,1,4.0,100.00,0.0,0.0,0.0,0.0
1761,12.682940,12.556968,6.063000,8,0,7042.0045,-1000.0000,90.0000,0.0000,1,4.0,100.00,0.0,0.0,0.0,0.0
1762,13.294485,12.702921,6.443000,8,0,7042.0045,-1000.0000,90.0000,0.0000,1,4.0,100.00,0.0,0.0,0.0,0.0
1763,10.981233,13.269384,6.398000,8,0,7042.0045,-1000.0000,90.0000,0.0000,1,4.0,100.00,0.0,0.0,0.0,0.0
1764,11.524464,10.987673,6.198000,8,0,7042.0045,-1000.0000,90.0000,0.0000,1,4.0,100.00,0.0,0.0,0.0,0.0
1765,11.487645,11.584236,6.339000,8,0,7042.0045,-1000.0000,90.0000,0.0000,1,4.0,100.00,0.0,0.0,0.0,0.0
1766,11.972824,11.413992,6.400000,8,0,7042.0045,-1000.0000,90.0000,0.0000,1,4.0,100.00,0.0,0.0,0.0,0.0
1767,11.585456,12.014706,6.129000,8,0,7042.0045,-1000.0000,90.0000,0.0000,1,4.0,100.00,0.0,0.0,0.0,0.0
1768,10.960303,11.629358,6.161000,8,0,7042.0045,-1000.0000,90.0000,0.0000,1,4.0,100.00,0.0,0.0,0.0,0.0
1769,10.416021,10.957032,6.142000,8,0,7042.0045,-1000.0000,90.0000,0.0000,1,4.0,100.00,0.0,0.0,0.0,0.0
