frame,phase,mounted,alive,enabled,stable,visible,blockout,seated,pelvis_error,feet_error,hands_error,length_error,root_error,wheel_visible,wheel_collision,action_weight,steering,grip_error
602,1,0,1,0,0,1,0,0,0.000000,0.000000,0.000000,0.000000,0.000000,1,0,0.000000,0.000000,0.000000
603,1,0,1,0,0,1,0,0,0.000000,0.000000,0.000000,0.000000,0.000000,1,0,0.389622,0.000000,0.000000
604,1,0,1,0,1,1,0,0,0.000000,0.000000,0.000000,0.000000,0.000000,1,0,0.801468,0.000000,0.000000
605,1,0,1,0,1,1,0,0,0.000000,0.000000,0.000000,0.000000,0.000000,1,0,1.250893,0.000000,0.000000
606,1,0,1,0,1,1,0,0,0.000000,0.000000,0.000000,0.000000,0.000000,1,0,1.617589,0.000000,0.000000
607,1,0,1,0,1,1,0,0,0.000000,0.000000,0.000000,0.000000,0.000000,1,0,2.014696,0.000000,0.000000
608,1,0,1,0,1,1,0,0,0.000000,0.000000,0.000000,0.000000,0.000000,1,0,2.381382,0.000000,0.000000
609,1,0,1,0,1,1,0,0,0.000000,0.000000,0.000000,0.000000,0.000000,1,0,2.748098,0.000000,0.000000
610,1,0,1,0,1,1,0,0,0.000000,0.000000,0.000000,0.000000,0.000000,1,0,2.849484,0.000000,0.000000
611,1,0,1,0,1,1,0,0,0.000000,0.000000,0.000000,0.000000,0.000000,1,0,2.949490,0.000000,0.000000
612,1,0,1,0,1,1,0,0,0.000000,0.000000,0.000000,0.000000,0.000000,1,0,3.000000,0.000000,0.000000
613,1,0,1,0,1,1,0,0,0.000000,0.000000,0.000000,0.000000,0.000000,1,0,3.000000,0.000000,0.000000
614,1,0,1,0,1,1,0,0,0.000000,0.000000,0.000000,0.000000,0.000000,1,0,3.000000,0.000000,0.000000
615,1,0,1,0,1,1,0,0,0.000000,0.000000,0.000000,0.000000,0.000000,1,0,3.000000,0.000000,0.000000
616,1,0,1,0,1,1,0,0,0.000000,0.000000,0.000000,0.000000,0.000000,1,0,3.000000,0.000000,0.000000
617,1,0,1,0,1,1,0,0,0.000000,0.000000,0.000000,0.000000,0.000000,1,0,3.000000,0.000000,0.000000
618,1,0,1,0,1,1,0,0,0.000000,0.000000,0.000000,0.000000,0.000000,1,0,3.000000,0.000000,0.000000
619,1,0,1,0,1,1,0,0,0.000000,0.000000,0.000000,0.000000,0.000000,1,0,3.000000,0.000000,0.000000
620,1,0,1,0,1,1,0,0,0.000000,0.000000,0.000000,0.000000,0.000000,1,0,3.000000,0.000000,0.000000
621,1,0,1,0,1,1,0,0,0.000000,0.000000,0.000000,0.000000,0.000000,1,0,3.000000,0.000000,0.000000
622,1,0,1,0,1,1,0,0,0.000000,0.000000,0.000000,0.000000,0.000000,1,0,3.000000,0.000000,0.000000
623,1,0,1,0,1,1,0,0,0.000000,0.000000,0.000000,0.000000,0.000000,1,0,3.000000,0.000000,0.000000
624,1,0,1,0,1,1,0,0,0.000000,0.000000,0.000000,0.000000,0.000000,1,0,3.000000,0.000000,0.000000
625,1,0,1,0,1,1,0,0,0.000000,0.000000,0.000000,0.000000,0.000000,1,0,3.000000,0.000000,0.000000
626,1,0,1,0,1,1,0,0,0.000000,0.000000,0.000000,0.000000,0.000000,1,0,3.000000,0.000000,0.000000
627,1,0,1,0,1,1,0,0,0.000000,0.000000,0.000000,0.000000,0.000000,1,0,3.000000,0.000000,0.000000
628,1,0,1,0,1,1,0,0,0.000000,0.000000,0.000000,0.000000,0.000000,1,0,3.000000,0.000000,0.000000
629,1,0,1,0,1,1,0,0,0.000000,0.000000,0.000000,0.000000,0.000000,1,0,3.000000,0.000000,0.000000
630,1,0,1,0,1,1,0,0,0.000000,0.000000,0.000000,0.000000,0.000000,1,0,3.000000,0.000000,0.000000
631,1,0,1,0,1,1,0,0,0.000000,0.000000,0.000000,0.000000,0.000000,1,0,3.000000,0.000000,0.000000
632,1,0,1,0,1,1,0,0,0.000000,0.000000,0.000000,0.000000,0.000000,1,0,3.000000,0.000000,0.000000
633,1,0,1,0,1,1,0,0,0.000000,0.000000,0.000000,0.000000,0.000000,1,0,3.000000,0.000000,0.000000
634,1,0,1,0,1,1,0,0,0.000000,0.000000,0.000000,0.000000,0.000000,1,0,3.000000,0.000000,0.000000
635,1,0,1,0,1,1,0,0,0.000000,0.000000,0.000000,0.000000,0.000000,1,0,3.000000,0.000000,0.000000
636,1,0,1,0,1,1,0,0,0.000000,0.000000,0.000000,0.000000,0.000000,1,0,3.000000,0.000000,0.000000
637,1,0,1,0,1,1,0,0,0.000000,0.000000,0.000000,0.000000,0.000000,1,0,3.000000,0.000000,0.000000
638,1,0,1,0,1,1,0,0,0.000000,0.000000,0.000000,0.000000,0.000000,1,0,3.000000,0.000000,0.000000
639,1,0,1,0,1,1,0,0,0.000000,0.000000,0.000000,0.000000,0.000000,1,0,3.000000,0.000000,0.000000
640,1,0,1,0,1,1,0,0,0.000000,0.000000,0.000000,0.000000,0.000000,1,0,3.000000,0.000000,0.000000
641,1,0,1,0,1,1,0,0,0.000000,0.000000,0.000000,0.000000,0.000000,1,0,3.000000,0.000000,0.000000
642,1,0,1,0,1,1,0,0,0.000000,0.000000,0.000000,0.000000,0.000000,1,0,3.000000,0.000000,0.000000
643,1,0,1,0,1,1,0,0,0.000000,0.000000,0.000000,0.000000,0.000000,1,0,3.000000,0.000000,0.000000
644,1,0,1,0,1,1,0,0,0.000000,0.000000,0.000000,0.000000,0.000000,1,0,3.000000,0.000000,0.000000
645,1,0,1,0,1,1,0,0,0.000000,0.000000,0.000000,0.000000,0.000000,1,0,3.000000,0.000000,0.000000
646,1,0,1,0,1,1,0,0,0.000000,0.000000,0.000000,0.000000,0.000000,1,0,3.000000,0.000000,0.000000
647,1,0,1,0,1,1,0,0,0.000000,0.000000,0.000000,0.000000,0.000000,1,0,3.000000,0.000000,0.000000
648,1,0,1,0,1,1,0,0,0.000000,0.000000,0.000000,0.000000,0.000000,1,0,3.000000,0.000000,0.000000
649,1,0,1,0,1,1,0,0,0.000000,0.000000,0.000000,0.000000,0.000000,1,0,3.000000,0.000000,0.000000
650,1,0,1,0,1,1,0,0,0.000000,0.000000,0.000000,0.000000,0.000000,1,0,3.000000,0.000000,0.000000
651,1,0,1,0,1,1,0,0,0.000000,0.000000,0.000000,0.000000,0.000000,1,0,3.000000,0.000000,0.000000
652,1,0,1,0,1,1,0,0,0.000000,0.000000,0.000000,0.000000,0.000000,1,0,3.000000,0.000000,0.000000
653,1,0,1,0,1,1,0,0,0.000000,0.000000,0.000000,0.000000,0.000000,1,0,3.000000,0.000000,0.000000
654,1,0,1,0,1,1,0,0,0.000000,0.000000,0.000000,0.000000,0.000000,1,0,3.000000,0.000000,0.000000
655,1,0,1,0,1,1,0,0,0.000000,0.000000,0.000000,0.000000,0.000000,1,0,3.000000,0.000000,0.000000
656,1,0,1,0,1,1,0,0,0.000000,0.000000,0.000000,0.000000,0.000000,1,0,3.000000,0.000000,0.000000
657,1,0,1,0,1,1,0,0,0.000000,0.000000,0.000000,0.000000,0.000000,1,0,3.000000,0.000000,0.000000
658,1,0,1,0,1,1,0,0,0.000000,0.000000,0.000000,0.000000,0.000000,1,0,3.000000,0.000000,0.000000
659,1,0,1,0,1,1,0,0,0.000000,0.000000,0.000000,0.000000,0.000000,1,0,3.000000,0.000000,0.000000
660,1,0,1,0,1,1,0,0,0.000000,0.000000,0.000000,0.000000,0.000000,1,0,3.000000,0.000000,0.000000
661,1,0,1,0,1,1,0,0,0.000000,0.000000,0.000000,0.000000,0.000000,1,0,3.000000,0.000000,0.000000
662,1,0,1,0,1,1,0,0,0.000000,0.000000,0.000000,0.000000,0.000000,1,0,3.000000,0.000000,0.000000
663,1,0,1,0,1,1,0,0,0.000000,0.000000,0.000000,0.000000,0.000000,1,0,3.000000,0.000000,0.000000
664,1,0,1,0,1,1,0,0,0.000000,0.000000,0.000000,0.000000,0.000000,1,0,3.000000,0.000000,0.000000
665,1,0,1,0,1,1,0,0,0.000000,0.000000,0.000000,0.000000,0.000000,1,0,3.000000,0.000000,0.000000
666,1,0,1,0,1,1,0,0,0.000000,0.000000,0.000000,0.000000,0.000000,1,0,3.000000,0.000000,0.000000
667,1,0,1,0,1,1,0,0,0.000000,0.000000,0.000000,0.000000,0.000000,1,0,3.000000,0.000000,0.000000
668,1,0,1,0,1,1,0,0,0.000000,0.000000,0.000000,0.000000,0.000000,1,0,3.000000,0.000000,0.000000
669,1,0,1,0,1,1,0,0,0.000000,0.000000,0.000000,0.000000,0.000000,1,0,3.000000,0.000000,0.000000
670,1,0,1,0,1,1,0,0,0.000000,0.000000,0.000000,0.000000,0.000000,1,0,3.000000,0.000000,0.000000
671,1,0,1,0,1,1,0,0,0.000000,0.000000,0.000000,0.000000,0.000000,1,0,3.000000,0.000000,0.000000
672,1,0,1,0,1,1,0,0,0.000000,0.000000,0.000000,0.000000,0.000000,1,0,3.000000,0.000000,0.000000
673,1,0,1,0,1,1,0,0,0.000000,0.000000,0.000000,0.000000,0.000000,1,0,3.000000,0.000000,0.000000
674,1,0,1,0,1,1,0,0,0.000000,0.000000,0.000000,0.000000,0.000000,1,0,3.000000,0.000000,0.000000
675,1,0,1,0,1,1,0,0,0.000000,0.000000,0.000000,0.000000,0.000000,1,0,3.000000,0.000000,0.000000
676,1,0,1,0,1,1,0,0,0.000000,0.000000,0.000000,0.000000,0.000000,1,0,3.000000,0.000000,0.000000
677,1,0,1,0,1,1,0,0,0.000000,0.000000,0.000000,0.000000,0.000000,1,0,3.000000,0.000000,0.000000
678,1,0,1,0,1,1,0,0,0.000000,0.000000,0.000000,0.000000,0.000000,1,0,3.000000,0.000000,0.000000
679,1,0,1,0,1,1,0,0,0.000000,0.000000,0.000000,0.000000,0.000000,1,0,3.000000,0.000000,0.000000
680,1,0,1,0,1,1,0,0,0.000000,0.000000,0.000000,0.000000,0.000000,1,0,3.000000,0.000000,0.000000
681,1,0,1,0,1,1,0,0,0.000000,0.000000,0.000000,0.000000,0.000000,1,0,3.000000,0.000000,0.000000
682,1,0,1,0,1,1,0,0,0.000000,0.000000,0.000000,0.000000,0.000000,1,0,3.000000,0.000000,0.000000
683,1,0,1,0,1,1,0,0,0.000000,0.000000,0.000000,0.000000,0.000000,1,0,3.000000,0.000000,0.000000
684,1,0,1,0,1,1,0,0,0.000000,0.000000,0.000000,0.000000,0.000000,1,0,3.000000,0.000000,0.000000
685,1,0,1,0,1,1,0,0,0.000000,0.000000,0.000000,0.000000,0.000000,1,0,3.000000,0.000000,0.000000
686,1,0,1,0,1,1,0,0,0.000000,0.000000,0.000000,0.000000,0.000000,1,0,3.000000,0.000000,0.000000
687,1,0,1,0,1,1,0,0,0.000000,0.000000,0.000000,0.000000,0.000000,1,0,3.000000,0.000000,0.000000
688,1,0,1,0,1,1,0,0,0.000000,0.000000,0.000000,0.000000,0.000000,1,0,3.000000,0.000000,0.000000
689,1,0,1,0,1,1,0,0,0.000000,0.000000,0.000000,0.000000,0.000000,1,0,3.000000,0.000000,0.000000
690,1,0,1,0,1,1,0,0,0.000000,0.000000,0.000000,0.000000,0.000000,1,0,3.000000,0.000000,0.000000
691,1,0,1,0,1,1,0,0,0.000000,0.000000,0.000000,0.000000,0.000000,1,0,3.000000,0.000000,0.000000
692,1,0,1,0,1,1,0,0,0.000000,0.000000,0.000000,0.000000,0.000000,1,0,3.000000,0.000000,0.000000
693,1,0,1,0,1,1,0,0,0.000000,0.000000,0.000000,0.000000,0.000000,1,0,3.000000,0.000000,0.000000
694,1,0,1,0,1,1,0,0,0.000000,0.000000,0.000000,0.000000,0.000000,1,0,3.000000,0.000000,0.000000
695,1,0,1,0,1,1,0,0,0.000000,0.000000,0.000000,0.000000,0.000000,1,0,3.000000,0.000000,0.000000
696,1,0,1,0,1,1,0,0,0.000000,0.000000,0.000000,0.000000,0.000000,1,0,3.000000,0.000000,0.000000
697,1,0,1,0,1,1,0,0,0.000000,0.000000,0.000000,0.000000,0.000000,1,0,3.000000,0.000000,0.000000
698,1,0,1,0,1,1,0,0,0.000000,0.000000,0.000000,0.000000,0.000000,1,0,3.000000,0.000000,0.000000
699,1,0,1,0,1,1,0,0,0.000000,0.000000,0.000000,0.000000,0.000000,1,0,3.000000,0.000000,0.000000
700,1,0,1,0,1,1,0,0,0.000000,0.000000,0.000000,0.000000,0.000000,1,0,3.000000,0.000000,0.000000
701,1,0,1,0,1,1,0,0,0.000000,0.000000,0.000000,0.000000,0.000000,1,0,3.000000,0.000000,0.000000
702,1,0,1,0,1,1,0,0,0.000000,0.000000,0.000000,0.000000,0.000000,1,0,3.000000,0.000000,0.000000
703,1,0,1,0,1,1,0,0,0.000000,0.000000,0.000000,0.000000,0.000000,1,0,3.000000,0.000000,0.000000
704,1,0,1,0,1,1,0,0,0.000000,0.000000,0.000000,0.000000,0.000000,1,0,3.000000,0.000000,0.000000
705,1,0,1,0,1,1,0,0,0.000000,0.000000,0.000000,0.000000,0.000000,1,0,3.000000,0.000000,0.000000
706,1,0,1,0,1,1,0,0,0.000000,0.000000,0.000000,0.000000,0.000000,1,0,3.000000,0.000000,0.000000
707,1,0,1,0,1,1,0,0,0.000000,0.000000,0.000000,0.000000,0.000000,1,0,3.000000,0.000000,0.000000
708,1,0,1,0,1,1,0,0,0.000000,0.000000,0.000000,0.000000,0.000000,1,0,3.000000,0.000000,0.000000
709,1,0,1,0,1,1,0,0,0.000000,0.000000,0.000000,0.000000,0.000000,1,0,3.000000,0.000000,0.000000
710,1,0,1,0,1,1,0,0,0.000000,0.000000,0.000000,0.000000,0.000000,1,0,3.000000,0.000000,0.000000
711,1,0,1,0,1,1,0,0,0.000000,0.000000,0.000000,0.000000,0.000000,1,0,3.000000,0.000000,0.000000
712,1,0,1,0,1,1,0,0,0.000000,0.000000,0.000000,0.000000,0.000000,1,0,3.000000,0.000000,0.000000
713,1,0,1,0,1,1,0,0,0.000000,0.000000,0.000000,0.000000,0.000000,1,0,3.000000,0.000000,0.000000
714,1,0,1,0,1,1,0,0,0.000000,0.000000,0.000000,0.000000,0.000000,1,0,3.000000,0.000000,0.000000
715,1,0,1,0,1,1,0,0,0.000000,0.000000,0.000000,0.000000,0.000000,1,0,3.000000,0.000000,0.000000
716,1,0,1,0,1,1,0,0,0.000000,0.000000,0.000000,0.000000,0.000000,1,0,3.000000,0.000000,0.000000
717,1,0,1,0,1,1,0,0,0.000000,0.000000,0.000000,0.000000,0.000000,1,0,3.000000,0.000000,0.000000
718,1,0,1,0,1,1,0,0,0.000000,0.000000,0.000000,0.000000,0.000000,1,0,3.000000,0.000000,0.000000
719,1,0,1,0,1,1,0,0,0.000000,0.000000,0.000000,0.000000,0.000000,1,0,3.000000,0.000000,0.000000
720,1,0,1,0,1,1,0,0,0.000000,0.000000,0.000000,0.000000,0.000000,1,0,3.000000,0.000000,0.000000
721,1,0,1,0,1,1,0,0,0.000000,0.000000,0.000000,0.000000,0.000000,1,0,3.000000,0.000000,0.000000
722,1,0,1,0,1,1,0,0,0.000000,0.000000,0.000000,0.000000,0.000000,1,0,3.000000,0.000000,0.000000
723,1,0,1,0,1,1,0,0,0.000000,0.000000,0.000000,0.000000,0.000000,1,0,3.000000,0.000000,0.000000
724,1,0,1,0,1,1,0,0,0.000000,0.000000,0.000000,0.000000,0.000000,1,0,3.000000,0.000000,0.000000
725,1,0,1,0,1,1,0,0,0.000000,0.000000,0.000000,0.000000,0.000000,1,0,3.000000,0.000000,0.000000
726,1,0,1,0,1,1,0,0,0.000000,0.000000,0.000000,0.000000,0.000000,1,0,3.000000,0.000000,0.000000
727,1,0,1,0,1,1,0,0,0.000000,0.000000,0.000000,0.000000,0.000000,1,0,3.000000,0.000000,0.000000
728,1,0,1,0,1,1,0,0,0.000000,0.000000,0.000000,0.000000,0.000000,1,0,3.000000,0.000000,0.000000
729,1,0,1,0,1,1,0,0,0.000000,0.000000,0.000000,0.000000,0.000000,1,0,3.000000,0.000000,0.000000
730,1,0,1,0,1,1,0,0,0.000000,0.000000,0.000000,0.000000,0.000000,1,0,3.000000,0.000000,0.000000
731,1,0,1,0,1,1,0,0,0.000000,0.000000,0.000000,0.000000,0.000000,1,0,3.000000,0.000000,0.000000
732,1,0,1,0,1,1,0,0,0.000000,0.000000,0.000000,0.000000,0.000000,1,0,3.000000,0.000000,0.000000
733,1,0,1,0,1,1,0,0,0.000000,0.000000,0.000000,0.000000,0.000000,1,0,3.000000,0.000000,0.000000
734,1,0,1,0,1,1,0,0,0.000000,0.000000,0.000000,0.000000,0.000000,1,0,3.000000,0.000000,0.000000
735,1,0,1,0,1,1,0,0,0.000000,0.000000,0.000000,0.000000,0.000000,1,0,3.000000,0.000000,0.000000
736,1,0,1,0,1,1,0,0,0.000000,0.000000,0.000000,0.000000,0.000000,1,0,3.000000,0.000000,0.000000
737,1,0,1,0,1,1,0,0,0.000000,0.000000,0.000000,0.000000,0.000000,1,0,3.000000,0.000000,0.000000
738,1,0,1,0,1,1,0,0,0.000000,0.000000,0.000000,0.000000,0.000000,1,0,3.000000,0.000000,0.000000
739,1,0,1,0,1,1,0,0,0.000000,0.000000,0.000000,0.000000,0.000000,1,0,3.000000,0.000000,0.000000
740,1,0,1,0,1,1,0,0,0.000000,0.000000,0.000000,0.000000,0.000000,1,0,3.000000,0.000000,0.000000
741,1,0,1,0,1,1,0,0,0.000000,0.000000,0.000000,0.000000,0.000000,1,0,3.000000,0.000000,0.000000
742,1,0,1,0,1,1,0,0,0.000000,0.000000,0.000000,0.000000,0.000000,1,0,3.000000,0.000000,0.000000
743,1,0,1,0,1,1,0,0,0.000000,0.000000,0.000000,0.000000,0.000000,1,0,3.000000,0.000000,0.000000
744,1,0,1,0,1,1,0,0,0.000000,0.000000,0.000000,0.000000,0.000000,1,0,3.000000,0.000000,0.000000
745,1,0,1,0,1,1,0,0,0.000000,0.000000,0.000000,0.000000,0.000000,1,0,3.000000,0.000000,0.000000
746,1,0,1,0,1,1,0,0,0.000000,0.000000,0.000000,0.000000,0.000000,1,0,3.000000,0.000000,0.000000
747,1,0,1,0,1,1,0,0,0.000000,0.000000,0.000000,0.000000,0.000000,1,0,3.000000,0.000000,0.000000
748,1,0,1,0,1,1,0,0,0.000000,0.000000,0.000000,0.000000,0.000000,1,0,3.000000,0.000000,0.000000
749,1,0,1,0,1,1,0,0,0.000000,0.000000,0.000000,0.000000,0.000000,1,0,3.000000,0.000000,0.000000
750,1,0,1,0,1,1,0,0,0.000000,0.000000,0.000000,0.000000,0.000000,1,0,3.000000,0.000000,0.000000
751,1,0,1,0,1,1,0,0,0.000000,0.000000,0.000000,0.000000,0.000000,1,0,3.000000,0.000000,0.000000
752,1,0,1,0,1,1,0,0,0.000000,0.000000,0.000000,0.000000,0.000000,1,0,3.000000,0.000000,0.000000
753,1,0,1,0,1,1,0,0,0.000000,0.000000,0.000000,0.000000,0.000000,1,0,3.000000,0.000000,0.000000
754,1,0,1,0,1,1,0,0,0.000000,0.000000,0.000000,0.000000,0.000000,1,0,3.000000,0.000000,0.000000
755,1,0,1,0,1,1,0,0,0.000000,0.000000,0.000000,0.000000,0.000000,1,0,3.000000,0.000000,0.000000
756,1,0,1,0,1,1,0,0,0.000000,0.000000,0.000000,0.000000,0.000000,1,0,3.000000,0.000000,0.000000
757,1,0,1,0,1,1,0,0,0.000000,0.000000,0.000000,0.000000,0.000000,1,0,3.000000,0.000000,0.000000
758,1,0,1,0,1,1,0,0,0.000000,0.000000,0.000000,0.000000,0.000000,1,0,3.000000,0.000000,0.000000
759,1,0,1,0,1,1,0,0,0.000000,0.000000,0.000000,0.000000,0.000000,1,0,3.000000,0.000000,0.000000
760,1,0,1,0,1,1,0,0,0.000000,0.000000,0.000000,0.000000,0.000000,1,0,3.000000,0.000000,0.000000
761,1,0,1,0,1,1,0,0,0.000000,0.000000,0.000000,0.000000,0.000000,1,0,3.000000,0.000000,0.000000
762,1,0,1,0,1,1,0,0,0.000000,0.000000,0.000000,0.000000,0.000000,1,0,3.000000,0.000000,0.000000
763,1,0,1,0,1,1,0,0,0.000000,0.000000,0.000000,0.000000,0.000000,1,0,3.000000,0.000000,0.000000
764,1,0,1,0,1,1,0,0,0.000000,0.000000,0.000000,0.000000,0.000000,1,0,3.000000,0.000000,0.000000
765,1,0,1,0,1,1,0,0,0.000000,0.000000,0.000000,0.000000,0.000000,1,0,3.000000,0.000000,0.000000
766,1,0,1,0,1,1,0,0,0.000000,0.000000,0.000000,0.000000,0.000000,1,0,3.000000,0.000000,0.000000
767,1,0,1,0,1,1,0,0,0.000000,0.000000,0.000000,0.000000,0.000000,1,0,3.000000,0.000000,0.000000
768,22,0,1,0,1,1,0,0,0.000000,0.000000,0.000000,0.000000,0.000000,1,0,3.000000,0.000000,0.000000
769,22,0,1,0,1,1,0,0,0.000000,0.000000,0.000000,0.000000,0.000000,1,0,3.000000,0.000000,0.000000
770,2,0,1,0,1,1,0,0,0.000000,0.000000,0.000000,0.000000,0.000000,1,0,0.000000,0.000000,0.000000
771,2,1,1,1,0,1,0,1,0.000000,0.000000,0.000000,0.000000,0.000000,1,0,0.000000,0.000000,0.000000
772,2,1,1,1,0,1,0,1,0.000000,0.000000,0.000000,0.000000,0.000000,1,0,0.000000,0.000000,0.000000
773,2,1,1,1,1,1,0,1,0.000000,0.000000,0.000000,0.000076,0.000000,1,0,0.000000,0.000000,0.000000
774,2,1,1,1,1,1,0,1,0.000000,0.000000,0.000000,0.000076,0.000000,1,0,0.000000,0.000000,0.000000
775,2,1,1,1,1,1,0,1,0.000000,0.000000,0.000000,0.000076,0.000000,1,0,0.000000,0.000000,0.000000
776,2,1,1,1,1,1,0,1,0.000000,0.000000,0.000000,0.000076,0.000000,1,0,0.000000,0.000000,0.000000
777,2,1,1,1,1,1,0,1,0.000000,0.000000,0.000000,0.000076,0.000000,1,0,0.000000,0.000000,0.000000
778,2,1,1,1,1,1,0,1,0.000000,0.000000,0.000000,0.000076,0.000000,1,0,0.000000,0.000000,0.000000
779,2,1,1,1,1,1,0,1,0.000000,0.000000,0.000000,0.000076,0.000000,1,0,0.000000,0.000000,0.000000
780,2,1,1,1,1,1,0,1,0.000000,0.000000,0.000000,0.000076,0.000000,1,0,0.000000,0.000000,0.000000
781,2,1,1,1,1,1,0,1,0.000000,0.000000,0.000000,0.000076,0.000000,1,0,0.000000,0.000000,0.000000
782,2,1,1,1,1,1,0,1,0.000000,0.000000,0.000000,0.000076,0.000000,1,0,0.000000,0.000000,0.000000
783,2,1,1,1,1,1,0,1,0.000000,0.000000,0.000000,0.000076,0.000000,1,0,0.000000,0.000000,0.000000
784,2,1,1,1,1,1,0,1,0.000000,0.000000,0.000000,0.000076,0.000000,1,0,0.000000,0.000000,0.000000
785,2,1,1,1,1,1,0,1,0.000000,0.000000,0.000000,0.000076,0.000000,1,0,0.000000,0.000000,0.000000
786,2,1,1,1,1,1,0,1,0.000000,0.000000,0.000000,0.000076,0.000000,1,0,0.000000,0.000000,0.000000
787,2,1,1,1,1,1,0,1,0.000000,0.000000,0.000000,0.000076,0.000000,1,0,0.000000,0.000000,0.000000
788,2,1,1,1,1,1,0,1,0.000000,0.000000,0.000000,0.000076,0.000000,1,0,0.000000,0.000000,0.000000
789,2,1,1,1,1,1,0,1,0.000000,0.000000,0.000000,0.000076,0.000000,1,0,0.000000,0.000000,0.000000
790,2,1,1,1,1,1,0,1,0.000000,0.000000,0.000000,0.000076,0.000000,1,0,0.000000,0.000000,0.000000
791,2,1,1,1,1,1,0,1,0.000000,0.000000,0.000000,0.000076,0.000000,1,0,0.000000,0.000000,0.000000
792,2,1,1,1,1,1,0,1,0.000000,0.000000,0.000000,0.000076,0.000000,1,0,0.000000,0.000000,0.000000
793,2,1,1,1,1,1,0,1,0.000000,0.000000,0.000000,0.000076,0.000000,1,0,0.000000,0.000000,0.000000
794,2,1,1,1,1,1,0,1,0.000000,0.000000,0.000000,0.000076,0.000000,1,0,0.000000,0.000000,0.000000
795,2,1,1,1,1,1,0,1,0.000000,0.000000,0.000000,0.000076,0.000000,1,0,0.000000,0.000000,0.000000
796,2,1,1,1,1,1,0,1,0.000000,0.000000,0.000000,0.000076,0.000000,1,0,0.000000,0.000000,0.000000
797,2,1,1,1,1,1,0,1,0.000000,0.000000,0.000000,0.000076,0.000000,1,0,0.000000,0.000000,0.000000
798,2,1,1,1,1,1,0,1,0.000000,0.000000,0.000000,0.000076,0.000000,1,0,0.000000,0.000000,0.000000
799,2,1,1,1,1,1,0,1,0.000000,0.000000,0.000000,0.000076,0.000000,1,0,0.000000,0.000000,0.000000
800,2,1,1,1,1,1,0,1,0.000000,0.000000,0.000000,0.000076,0.000000,1,0,0.000000,0.000000,0.000000
801,2,1,1,1,1,1,0,1,0.000000,0.000000,0.000000,0.000076,0.000000,1,0,0.000000,0.000000,0.000000
802,2,1,1,1,1,1,0,1,0.000000,0.000000,0.000000,0.000076,0.000000,1,0,0.000000,0.000000,0.000000
803,2,1,1,1,1,1,0,1,0.000000,0.000000,0.000000,0.000076,0.000000,1,0,0.000000,0.000000,0.000000
804,2,1,1,1,1,1,0,1,0.000000,0.000000,0.000000,0.000076,0.000000,1,0,0.000000,0.000000,0.000000
805,2,1,1,1,1,1,0,1,0.000000,0.000000,0.000000,0.000076,0.000000,1,0,0.000000,0.000000,0.000000
806,2,1,1,1,1,1,0,1,0.000000,0.000000,0.000000,0.000076,0.000000,1,0,0.000000,0.000000,0.000000
807,2,1,1,1,1,1,0,1,0.000000,0.000000,0.000000,0.000076,0.000000,1,0,0.000000,0.000000,0.000000
808,2,1,1,1,1,1,0,1,0.000000,0.000000,0.000000,0.000076,0.000000,1,0,0.000000,0.000000,0.000000
809,2,1,1,1,1,1,0,1,0.000000,0.000000,0.000000,0.000076,0.000000,1,0,0.000000,0.000000,0.000000
810,2,1,1,1,1,1,0,1,0.000000,0.000000,0.000000,0.000076,0.000000,1,0,0.000000,0.000000,0.000000
811,2,1,1,1,1,1,0,1,0.000000,0.000000,0.000000,0.000076,0.000000,1,0,0.000000,0.000000,0.000000
812,2,1,1,1,1,1,0,1,0.000000,0.000000,0.000000,0.000076,0.000000,1,0,0.000000,0.000000,0.000000
813,2,1,1,1,1,1,0,1,0.000000,0.000000,0.000000,0.000076,0.000000,1,0,0.000000,0.000000,0.000000
814,2,1,1,1,1,1,0,1,0.000000,0.000000,0.000000,0.000076,0.000000,1,0,0.000000,0.000000,0.000000
815,2,1,1,1,1,1,0,1,0.000000,0.000000,0.000000,0.000076,0.000000,1,0,0.000000,0.000000,0.000000
816,2,1,1,1,1,1,0,1,0.000000,0.000000,0.000000,0.000076,0.000000,1,0,0.000000,0.000000,0.000000
817,2,1,1,1,1,1,0,1,0.000000,0.000000,0.000000,0.000076,0.000000,1,0,0.000000,0.000000,0.000000
818,2,1,1,1,1,1,0,1,0.000000,0.000000,0.000000,0.000076,0.000000,1,0,0.000000,0.000000,0.000000
819,2,1,1,1,1,1,0,1,0.000000,0.000000,0.000000,0.000076,0.000000,1,0,0.000000,0.000000,0.000000
820,2,1,1,1,1,1,0,1,0.000000,0.000000,0.000000,0.000076,0.000000,1,0,0.000000,0.000000,0.000000
821,2,1,1,1,1,1,0,1,0.000000,0.000000,0.000000,0.000076,0.000000,1,0,0.000000,0.000000,0.000000
822,2,1,1,1,1,1,0,1,0.000000,0.000000,0.000000,0.000076,0.000000,1,0,0.000000,0.000000,0.000000
823,2,1,1,1,1,1,0,1,0.000000,0.000000,0.000000,0.000076,0.000000,1,0,0.000000,0.000000,0.000000
824,2,1,1,1,1,1,0,1,0.000000,0.000000,0.000000,0.000076,0.000000,1,0,0.000000,0.000000,0.000000
825,2,1,1,1,1,1,0,1,0.000000,0.000000,0.000000,0.000076,0.000000,1,0,0.000000,0.000000,0.000000
826,2,1,1,1,1,1,0,1,0.000000,0.000000,0.000000,0.000076,0.000000,1,0,0.000000,0.000000,0.000000
827,2,1,1,1,1,1,0,1,0.000000,0.000000,0.000000,0.000076,0.000000,1,0,0.000000,0.000000,0.000000
828,2,1,1,1,1,1,0,1,0.000000,0.000000,0.000000,0.000076,0.000000,1,0,0.000000,0.000000,0.000000
829,2,1,1,1,1,1,0,1,0.000000,0.000000,0.000000,0.000076,0.000000,1,0,0.000000,0.000000,0.000000
830,2,1,1,1,1,1,0,1,0.000000,0.000000,0.000000,0.000076,0.000000,1,0,0.000000,0.000000,0.000000
831,2,1,1,1,1,1,0,1,0.000000,0.000000,0.000000,0.000076,0.000000,1,0,0.000000,0.000000,0.000000
832,2,1,1,1,1,1,0,1,0.000000,0.000000,0.000000,0.000076,0.000000,1,0,0.000000,0.000000,0.000000
833,2,1,1,1,1,1,0,1,0.000000,0.000000,0.000000,0.000076,0.000000,1,0,0.000000,0.000000,0.000000
834,2,1,1,1,1,1,0,1,0.000000,0.000000,0.000000,0.000076,0.000000,1,0,0.000000,0.000000,0.000000
835,2,1,1,1,1,1,0,1,0.000000,0.000000,0.000000,0.000076,0.000000,1,0,0.000000,0.000000,0.000000
836,2,1,1,1,1,1,0,1,0.000000,0.000000,0.000000,0.000076,0.000000,1,0,0.000000,0.000000,0.000000
837,2,1,1,1,1,1,0,1,0.000000,0.000000,0.000000,0.000076,0.000000,1,0,0.000000,0.000000,0.000000
838,2,1,1,1,1,1,0,1,0.000000,0.000000,0.000000,0.000076,0.000000,1,0,0.000000,0.000000,0.000000
839,2,1,1,1,1,1,0,1,0.000000,0.000000,0.000000,0.000076,0.000000,1,0,0.000000,0.000000,0.000000
840,2,1,1,1,1,1,0,1,0.000000,0.000000,0.000000,0.000076,0.000000,1,0,0.000000,0.000000,0.000000
841,2,1,1,1,1,1,0,1,0.000000,0.000000,0.000000,0.000076,0.000000,1,0,0.000000,0.000000,0.000000
842,2,1,1,1,1,1,0,1,0.000000,0.000000,0.000000,0.000076,0.000000,1,0,0.000000,0.000000,0.000000
843,2,1,1,1,1,1,0,1,0.000000,0.000000,0.000000,0.000076,0.000000,1,0,0.000000,0.000000,0.000000
844,2,1,1,1,1,1,0,1,0.000000,0.000000,0.000000,0.000076,0.000000,1,0,0.000000,0.000000,0.000000
845,2,1,1,1,1,1,0,1,0.000000,0.000000,0.000000,0.000076,0.000000,1,0,0.000000,0.000000,0.000000
846,2,1,1,1,1,1,0,1,0.000000,0.000000,0.000000,0.000076,0.000000,1,0,0.000000,0.000000,0.000000
847,2,1,1,1,1,1,0,1,0.000000,0.000000,0.000000,0.000076,0.000000,1,0,0.000000,0.000000,0.000000
848,2,1,1,1,1,1,0,1,0.000000,0.000000,0.000000,0.000076,0.000000,1,0,0.000000,0.000000,0.000000
849,2,1,1,1,1,1,0,1,0.000000,0.000000,0.000000,0.000076,0.000000,1,0,0.000000,0.000000,0.000000
850,2,1,1,1,1,1,0,1,0.000000,0.000000,0.000000,0.000076,0.000000,1,0,0.000000,0.000000,0.000000
851,2,1,1,1,1,1,0,1,0.000000,0.000000,0.000000,0.000076,0.000000,1,0,0.000000,0.000000,0.000000
852,2,1,1,1,1,1,0,1,0.000000,0.000000,0.000000,0.000076,0.000000,1,0,0.000000,0.000000,0.000000
853,2,1,1,1,1,1,0,1,0.000000,0.000000,0.000000,0.000076,0.000000,1,0,0.000000,0.000000,0.000000
854,2,1,1,1,1,1,0,1,0.000000,0.000000,0.000000,0.000076,0.000000,1,0,0.000000,0.000000,0.000000
855,2,1,1,1,1,1,0,1,0.000000,0.000000,0.000000,0.000076,0.000000,1,0,0.000000,0.000000,0.000000
856,2,1,1,1,1,1,0,1,0.000000,0.000000,0.000000,0.000076,0.000000,1,0,0.000000,0.000000,0.000000
857,2,1,1,1,1,1,0,1,0.000000,0.000000,0.000000,0.000076,0.000000,1,0,0.000000,0.000000,0.000000
858,2,1,1,1,1,1,0,1,0.000000,0.000000,0.000000,0.000076,0.000000,1,0,0.000000,0.000000,0.000000
859,2,1,1,1,1,1,0,1,0.000000,0.000000,0.000000,0.000076,0.000000,1,0,0.000000,0.000000,0.000000
860,2,1,1,1,1,1,0,1,0.000000,0.000000,0.000000,0.000076,0.000000,1,0,0.000000,0.000000,0.000000
861,2,1,1,1,1,1,0,1,0.000000,0.000000,0.000000,0.000076,0.000000,1,0,0.000000,0.000000,0.000000
862,2,1,1,1,1,1,0,1,0.000000,0.000000,0.000000,0.000076,0.000000,1,0,0.000000,0.000000,0.000000
863,2,1,1,1,1,1,0,1,0.000000,0.000000,0.000000,0.000076,0.000000,1,0,0.000000,0.000000,0.000000
864,2,1,1,1,1,1,0,1,0.000000,0.000000,0.000000,0.000076,0.000000,1,0,0.000000,0.000000,0.000000
865,2,1,1,1,1,1,0,1,0.000000,0.000000,0.000000,0.000076,0.000000,1,0,0.000000,0.000000,0.000000
866,2,1,1,1,1,1,0,1,0.000000,0.000000,0.000000,0.000076,0.000000,1,0,0.000000,0.000000,0.000000
867,2,1,1,1,1,1,0,1,0.000000,0.000000,0.000000,0.000076,0.000000,1,0,0.000000,0.000000,0.000000
868,2,1,1,1,1,1,0,1,0.000000,0.000000,0.000000,0.000076,0.000000,1,0,0.000000,0.000000,0.000000
869,2,1,1,1,1,1,0,1,0.000000,0.000000,0.000000,0.000076,0.000000,1,0,0.000000,0.000000,0.000000
870,2,1,1,1,1,1,0,1,0.000000,0.000000,0.000000,0.000076,0.000000,1,0,0.000000,0.000000,0.000000
871,2,1,1,1,1,1,0,1,0.000000,0.000000,0.000000,0.000076,0.000000,1,0,0.000000,0.000000,0.000000
872,2,1,1,1,1,1,0,1,0.000000,0.000000,0.000000,0.000076,0.000000,1,0,0.000000,0.000000,0.000000
873,2,1,1,1,1,1,0,1,0.000000,0.000000,0.000000,0.000076,0.000000,1,0,0.000000,0.000000,0.000000
874,2,1,1,1,1,1,0,1,0.000000,0.000000,0.000000,0.000076,0.000000,1,0,0.000000,0.000000,0.000000
875,2,1,1,1,1,1,0,1,0.000000,0.000000,0.000000,0.000076,0.000000,1,0,0.000000,0.000000,0.000000
876,2,1,1,1,1,1,0,1,0.000000,0.000000,0.000000,0.000076,0.000000,1,0,0.000000,0.000000,0.000000
877,2,1,1,1,1,1,0,1,0.000000,0.000000,0.000000,0.000076,0.000000,1,0,0.000000,0.000000,0.000000
878,2,1,1,1,1,1,0,1,0.000000,0.000000,0.000000,0.000076,0.000000,1,0,0.000000,0.000000,0.000000
879,2,1,1,1,1,1,0,1,0.000000,0.000000,0.000000,0.000076,0.000000,1,0,0.000000,0.000000,0.000000
880,2,1,1,1,1,1,0,1,0.000000,0.000000,0.000000,0.000076,0.000000,1,0,0.000000,0.000000,0.000000
881,2,1,1,1,1,1,0,1,0.000000,0.000000,0.000000,0.000076,0.000000,1,0,0.000000,0.000000,0.000000
882,2,1,1,1,1,1,0,1,0.000000,0.000000,0.000000,0.000076,0.000000,1,0,0.000000,0.000000,0.000000
883,2,1,1,1,1,1,0,1,0.000000,0.000000,0.000000,0.000076,0.000000,1,0,0.000000,0.000000,0.000000
884,2,1,1,1,1,1,0,1,0.000000,0.000000,0.000000,0.000076,0.000000,1,0,0.000000,0.000000,0.000000
885,3,1,1,1,1,1,0,1,0.000000,0.000000,0.000000,0.000076,0.000000,1,0,0.000000,0.000000,0.000000
886,3,1,1,1,1,1,0,1,0.000000,0.000000,0.000000,0.000076,0.000000,1,0,0.000000,0.000000,0.000000
887,3,1,1,1,1,1,0,1,0.000000,0.000000,0.000000,0.000076,0.000000,1,0,0.000000,0.000000,0.000000
888,3,1,1,1,1,1,0,1,0.000000,0.000000,0.000000,0.000076,0.000000,1,0,0.000000,0.000000,0.000000
889,3,1,1,1,1,1,0,1,0.000000,0.000000,0.000000,0.000076,0.000000,1,0,0.000000,0.000000,0.000000
890,3,1,1,1,1,1,0,1,0.000000,0.000000,0.000000,0.000076,0.000000,1,0,0.000000,0.000000,0.000000
891,3,1,1,1,1,1,0,1,0.000000,0.000000,0.000000,0.000076,0.000000,1,0,0.000000,0.000000,0.000000
892,3,1,1,1,1,1,0,1,0.000000,0.000000,0.000000,0.000076,0.000000,1,0,0.000000,0.000000,0.000000
893,3,1,1,1,1,1,0,1,0.000000,0.000000,0.000000,0.000076,0.000000,1,0,0.000000,0.000000,0.000000
894,3,1,1,1,1,1,0,1,0.000000,0.000000,0.000000,0.000076,0.000000,1,0,0.000000,0.000000,0.000000
895,3,1,1,1,1,1,0,1,0.000000,0.000000,0.000000,0.000076,0.000000,1,0,0.000000,0.000000,0.000000
896,3,1,1,1,1,1,0,1,0.000000,0.000000,0.000000,0.000076,0.000000,1,0,0.000000,0.000000,0.000000
897,3,1,1,1,1,1,0,1,0.000000,0.000000,0.000000,0.000076,0.000000,1,0,0.000000,0.000000,0.000000
898,3,1,1,1,1,1,0,1,0.000000,0.000000,0.000000,0.000076,0.000000,1,0,0.000000,0.000000,0.000000
899,3,1,1,1,1,1,0,1,0.000000,0.000000,0.000000,0.000076,0.000000,1,0,0.000000,0.000000,0.000000
900,3,1,1,1,1,1,0,1,0.000000,0.000000,0.000000,0.000076,0.000000,1,0,0.000000,0.000000,0.000000
901,3,1,1,1,1,1,0,1,0.000000,0.000000,0.000000,0.000076,0.000000,1,0,0.000000,0.000000,0.000000
902,3,1,1,1,1,1,0,1,0.000000,0.000000,0.000000,0.000076,0.000000,1,0,0.000000,0.000000,0.000000
903,3,1,1,1,1,1,0,1,0.000000,0.000000,0.000000,0.000076,0.000000,1,0,0.000000,0.000000,0.000000
904,3,1,1,1,1,1,0,1,0.000000,0.000000,0.000000,0.000076,0.000000,1,0,0.000000,0.000000,0.000000
905,3,1,1,1,1,1,0,1,0.000000,0.000000,0.000000,0.000076,0.000000,1,0,0.000000,0.000000,0.000000
906,3,1,1,1,1,1,0,1,0.000000,0.000000,0.000000,0.000076,0.000000,1,0,0.000000,0.000000,0.000000
907,3,1,1,1,1,1,0,1,0.000000,0.000000,0.000000,0.000076,0.000000,1,0,0.000000,0.000000,0.000000
908,3,1,1,1,1,1,0,1,0.000000,0.000000,0.000000,0.000076,0.000000,1,0,0.000000,0.000000,0.000000
909,3,1,1,1,1,1,0,1,0.000000,0.000000,0.000000,0.000076,0.000000,1,0,0.000000,0.000000,0.000000
910,3,1,1,1,1,1,0,1,0.000000,0.000000,0.000000,0.000076,0.000000,1,0,0.000000,0.000000,0.000000
911,3,1,1,1,1,1,0,1,0.000000,0.000000,0.000000,0.000076,0.000000,1,0,0.000000,0.000000,0.000000
912,3,1,1,1,1,1,0,1,0.000000,0.000000,0.000000,0.000076,0.000000,1,0,0.000000,0.000000,0.000000
913,3,1,1,1,1,1,0,1,0.000000,0.000000,0.000000,0.000076,0.000000,1,0,0.000000,0.000000,0.000000
914,3,1,1,1,1,1,0,1,0.000000,0.000000,0.000000,0.000076,0.000000,1,0,0.000000,0.000000,0.000000
915,3,1,1,1,1,1,0,1,0.000000,0.000000,0.000000,0.000076,0.000000,1,0,0.000000,0.000000,0.000000
916,3,1,1,1,1,1,0,1,0.000000,0.000000,0.000000,0.000076,0.000000,1,0,0.000000,0.000000,0.000000
917,3,1,1,1,1,1,0,1,0.000000,0.000000,0.000000,0.000076,0.000000,1,0,0.000000,0.000000,0.000000
918,3,1,1,1,1,1,0,1,0.000000,0.000000,0.000000,0.000076,0.000000,1,0,0.000000,0.000000,0.000000
919,3,1,1,1,1,1,0,1,0.000000,0.000000,0.000000,0.000076,0.000000,1,0,0.000000,0.000000,0.000000
920,3,1,1,1,1,1,0,1,0.000000,0.000000,0.000000,0.000076,0.000000,1,0,0.000000,0.000000,0.000000
921,3,1,1,1,1,1,0,1,0.000000,0.000000,0.000000,0.000076,0.000000,1,0,0.000000,0.000000,0.000000
922,3,1,1,1,1,1,0,1,0.000000,0.000000,0.000000,0.000076,0.000000,1,0,0.000000,0.000000,0.000000
923,3,1,1,1,1,1,0,1,0.000000,0.000000,0.000000,0.000076,0.000000,1,0,0.000000,0.000000,0.000000
924,3,1,1,1,1,1,0,1,0.000000,0.000000,0.000000,0.000076,0.000000,1,0,0.000000,0.000000,0.000000
925,3,1,1,1,1,1,0,1,0.000000,0.000000,0.000000,0.000076,0.000000,1,0,0.000000,0.000000,0.000000
926,3,1,1,1,1,1,0,1,0.000000,0.000000,0.000000,0.000076,0.000000,1,0,0.000000,0.000000,0.000000
927,3,1,1,1,1,1,0,1,0.000000,0.000000,0.000000,0.000076,0.000000,1,0,0.000000,0.000000,0.000000
928,3,1,1,1,1,1,0,1,0.000000,0.000000,0.000000,0.000076,0.000000,1,0,0.000000,0.000000,0.000000
929,3,1,1,1,1,1,0,1,0.000000,0.000000,0.000000,0.000076,0.000000,1,0,0.000000,0.000000,0.000000
930,3,1,1,1,1,1,0,1,0.000000,0.000000,0.000000,0.000076,0.000000,1,0,0.000000,0.000000,0.000000
931,3,1,1,1,1,1,0,1,0.000000,0.000000,0.000000,0.000076,0.000000,1,0,0.000000,0.000000,0.000000
932,3,1,1,1,1,1,0,1,0.000000,0.000000,0.000000,0.000076,0.000000,1,0,0.000000,0.000000,0.000000
933,3,1,1,1,1,1,0,1,0.000000,0.000000,0.000000,0.000076,0.000000,1,0,0.000000,0.000000,0.000000
934,3,1,1,1,1,1,0,1,0.000000,0.000000,0.000000,0.000076,0.000000,1,0,0.000000,0.000000,0.000000
935,3,1,1,1,1,1,0,1,0.000000,0.000000,0.000000,0.000076,0.000000,1,0,0.000000,0.000000,0.000000
936,3,1,1,1,1,1,0,1,0.000000,0.000000,0.000000,0.000076,0.000000,1,0,0.000000,0.000000,0.000000
937,3,1,1,1,1,1,0,1,0.000000,0.000000,0.000000,0.000076,0.000000,1,0,0.000000,0.000000,0.000000
938,3,1,1,1,1,1,0,1,0.000000,0.000000,0.000000,0.000076,0.000000,1,0,0.000000,0.000000,0.000000
939,3,1,1,1,1,1,0,1,0.000000,0.000000,0.000000,0.000076,0.000000,1,0,0.000000,0.000000,0.000000
940,3,1,1,1,1,1,0,1,0.000000,0.000000,0.000000,0.000076,0.000000,1,0,0.000000,0.000000,0.000000
941,3,1,1,1,1,1,0,1,0.000000,0.000000,0.000000,0.000076,0.000000,1,0,0.000000,0.000000,0.000000
942,3,1,1,1,1,1,0,1,0.000000,0.000000,0.000000,0.000076,0.000000,1,0,0.000000,0.000000,0.000000
943,3,1,1,1,1,1,0,1,0.000000,0.000000,0.000000,0.000076,0.000000,1,0,0.000000,0.000000,0.000000
944,3,1,1,1,1,1,0,1,0.000000,0.000000,0.000000,0.000076,0.000000,1,0,0.000000,0.000000,0.000000
945,3,1,1,1,1,1,0,1,0.000000,0.000000,0.000000,0.000076,0.000000,1,0,0.000000,0.000000,0.000000
946,3,1,1,1,1,1,0,1,0.000000,0.000000,0.000000,0.000076,0.000000,1,0,0.000000,0.000000,0.000000
947,3,1,1,1,1,1,0,1,0.000000,0.000000,0.000000,0.000076,0.000000,1,0,0.000000,0.000000,0.000000
948,3,1,1,1,1,1,0,1,0.000000,0.000000,0.000000,0.000076,0.000000,1,0,0.000000,0.000000,0.000000
949,3,1,1,1,1,1,0,1,0.000000,0.000000,0.000000,0.000076,0.000000,1,0,0.000000,0.000000,0.000000
950,3,1,1,1,1,1,0,1,0.000000,0.000000,0.000000,0.000076,0.000000,1,0,0.000000,0.000000,0.000000
951,3,1,1,1,1,1,0,1,0.000000,0.000000,0.000000,0.000076,0.000000,1,0,0.000000,0.000000,0.000000
952,3,1,1,1,1,1,0,1,0.000000,0.000000,0.000000,0.000076,0.000000,1,0,0.000000,0.000000,0.000000
953,3,1,1,1,1,1,0,1,0.000000,0.000000,0.000000,0.000076,0.000000,1,0,0.000000,0.000000,0.000000
954,3,1,1,1,1,1,0,1,0.000000,0.000000,0.000000,0.000076,0.000000,1,0,0.000000,0.000000,0.000000
955,3,1,1,1,1,1,0,1,0.000000,0.000000,0.000000,0.000076,0.000000,1,0,0.000000,0.000000,0.000000
956,3,1,1,1,1,1,0,1,0.000000,0.000000,0.000000,0.000076,0.000000,1,0,0.000000,0.000000,0.000000
957,3,1,1,1,1,1,0,1,0.000000,0.000000,0.000000,0.000076,0.000000,1,0,0.000000,0.000000,0.000000
958,3,1,1,1,1,1,0,1,0.000000,0.000000,0.000000,0.000076,0.000000,1,0,0.000000,0.000000,0.000000
959,3,1,1,1,1,1,0,1,0.000000,0.000000,0.000000,0.000076,0.000000,1,0,0.000000,0.000000,0.000000
960,3,1,1,1,1,1,0,1,0.000000,0.000000,0.000000,0.000076,0.000000,1,0,0.000000,0.000000,0.000000
961,3,1,1,1,1,1,0,1,0.000000,0.000000,0.000000,0.000076,0.000000,1,0,0.000000,0.000000,0.000000
962,3,1,1,1,1,1,0,1,0.000000,0.000000,0.000000,0.000076,0.000000,1,0,0.000000,0.000000,0.000000
963,3,1,1,1,1,1,0,1,0.000000,0.000000,0.000000,0.000076,0.000000,1,0,0.000000,0.000000,0.000000
964,3,1,1,1,1,1,0,1,0.000000,0.000000,0.000000,0.000076,0.000000,1,0,0.000000,0.000000,0.000000
965,3,1,1,1,1,1,0,1,0.000000,0.000000,0.000000,0.000076,0.000000,1,0,0.000000,0.000000,0.000000
966,3,1,1,1,1,1,0,1,0.000000,0.000000,0.000000,0.000076,0.000000,1,0,0.000000,0.000000,0.000000
967,3,1,1,1,1,1,0,1,0.000000,0.000000,0.000000,0.000076,0.000000,1,0,0.000000,0.000000,0.000000
968,3,1,1,1,1,1,0,1,0.000000,0.000000,0.000000,0.000076,0.000000,1,0,0.000000,0.000000,0.000000
969,3,1,1,1,1,1,0,1,0.000000,0.000000,0.000000,0.000076,0.000000,1,0,0.000000,0.000000,0.000000
970,3,1,1,1,1,1,0,1,0.000000,0.000000,0.000000,0.000076,0.000000,1,0,0.000000,0.000000,0.000000
971,3,1,1,1,1,1,0,1,0.000000,0.000000,0.000000,0.000076,0.000000,1,0,0.000000,0.000000,0.000000
972,3,1,1,1,1,1,0,1,0.000000,0.000000,0.000000,0.000076,0.000000,1,0,0.000000,0.000000,0.000000
973,3,1,1,1,1,1,0,1,0.000000,0.000000,0.000000,0.000076,0.000000,1,0,0.000000,0.000000,0.000000
974,3,1,1,1,1,1,0,1,0.000000,0.000000,0.000000,0.000076,0.000000,1,0,0.000000,0.000000,0.000000
975,4,1,1,1,1,1,0,1,0.000000,0.000000,0.000000,0.000076,0.000000,1,0,0.000000,0.000000,0.000000
976,4,1,1,1,1,1,0,1,0.000000,0.000000,0.000000,0.000076,0.000000,1,0,0.000000,1.000000,0.000000
977,4,1,1,1,1,1,0,1,0.000000,0.000000,0.000000,0.000076,0.000000,1,0,0.000000,1.000000,0.000000
978,4,1,1,1,1,1,0,1,0.000000,0.000000,0.000000,0.000076,0.000000,1,0,0.000000,1.000000,0.000000
979,4,1,1,1,1,1,0,1,0.000000,0.000000,0.000000,0.000076,0.000000,1,0,0.000000,1.000000,0.000000
980,4,1,1,1,1,1,0,1,0.000000,0.000000,0.000000,0.000076,0.000000,1,0,0.000000,1.000000,0.000000
981,4,1,1,1,1,1,0,1,0.000000,0.000000,0.000000,0.000076,0.000000,1,0,0.000000,1.000000,0.000000
982,4,1,1,1,1,1,0,1,0.000000,0.000000,0.000000,0.000076,0.000000,1,0,0.000000,1.000000,0.000000
983,4,1,1,1,1,1,0,1,0.000000,0.000000,0.000000,0.000076,0.000000,1,0,0.000000,1.000000,0.000000
984,4,1,1,1,1,1,0,1,0.000000,0.000000,0.000000,0.000076,0.000000,1,0,0.000000,1.000000,0.000000
985,4,1,1,1,1,1,0,1,0.000000,0.000000,0.000000,0.000076,0.000000,1,0,0.000000,1.000000,0.000000
986,4,1,1,1,1,1,0,1,0.000000,0.000000,0.000000,0.000076,0.000000,1,0,0.000000,1.000000,0.000000
987,4,1,1,1,1,1,0,1,0.000000,0.000000,0.000000,0.000076,0.000000,1,0,0.000000,1.000000,0.000000
988,4,1,1,1,1,1,0,1,0.000000,0.000000,0.000000,0.000076,0.000000,1,0,0.000000,1.000000,0.000000
989,4,1,1,1,1,1,0,1,0.000000,0.000000,0.000000,0.000076,0.000000,1,0,0.000000,1.000000,0.000000
990,4,1,1,1,1,1,0,1,0.000000,0.000000,0.000000,0.000076,0.000000,1,0,0.000000,1.000000,0.000000
991,4,1,1,1,1,1,0,1,0.000000,0.000000,0.000000,0.000076,0.000000,1,0,0.000000,1.000000,0.000000
992,4,1,1,1,1,1,0,1,0.000000,0.000000,0.000000,0.000076,0.000000,1,0,0.000000,1.000000,0.000000
993,5,1,1,1,1,1,0,1,0.000000,0.000000,0.000000,0.000076,0.000000,1,0,0.000000,1.000000,0.000000
994,5,1,1,1,1,1,0,1,0.000000,0.000000,0.000000,0.000076,0.000000,1,0,0.000000,-1.000000,0.000000
995,5,1,1,1,1,1,0,1,0.000000,0.000000,0.000000,0.000076,0.000000,1,0,0.000000,-1.000000,0.000000
996,5,1,1,1,1,1,0,1,0.000000,0.000000,0.000000,0.000076,0.000000,1,0,0.000000,-1.000000,0.000000
997,5,1,1,1,1,1,0,1,0.000000,0.000000,0.000000,0.000076,0.000000,1,0,0.000000,-1.000000,0.000000
998,5,1,1,1,1,1,0,1,0.000000,0.000000,0.000000,0.000076,0.000000,1,0,0.000000,-1.000000,0.000000
999,5,1,1,1,1,1,0,1,0.000000,0.000000,0.000000,0.000076,0.000000,1,0,0.000000,-1.000000,0.000000
1000,5,1,1,1,1,1,0,1,0.000000,0.000000,0.000000,0.000076,0.000000,1,0,0.000000,-1.000000,0.000000
1001,5,1,1,1,1,1,0,1,0.000000,0.000000,0.000000,0.000076,0.000000,1,0,0.000000,-1.000000,0.000000
1002,5,1,1,1,1,1,0,1,0.000000,0.000000,0.000000,0.000076,0.000000,1,0,0.000000,-1.000000,0.000000
1003,5,1,1,1,1,1,0,1,0.000000,0.000000,0.000000,0.000076,0.000000,1,0,0.000000,-1.000000,0.000000
1004,5,1,1,1,1,1,0,1,0.000000,0.000000,0.000000,0.000076,0.000000,1,0,0.000000,-1.000000,0.000000
1005,5,1,1,1,1,1,0,1,0.000000,0.000000,0.000000,0.000076,0.000000,1,0,0.000000,-1.000000,0.000000
1006,5,1,1,1,1,1,0,1,0.000000,0.000000,0.000000,0.000076,0.000000,1,0,0.000000,-1.000000,0.000000
1007,5,1,1,1,1,1,0,1,0.000000,0.000000,0.000000,0.000076,0.000000,1,0,0.000000,-1.000000,0.000000
1008,5,1,1,1,1,1,0,1,0.000000,0.000000,0.000000,0.000076,0.000000,1,0,0.000000,-1.000000,0.000000
1009,5,1,1,1,1,1,0,1,0.000000,0.000000,0.000000,0.000076,0.000000,1,0,0.000000,-1.000000,0.000000
1010,5,1,1,1,1,1,0,1,0.000000,0.000000,0.000000,0.000076,0.000000,1,0,0.000000,-1.000000,0.000000
1011,6,1,1,1,1,1,0,1,0.000000,0.000000,0.000000,0.000076,0.000000,1,0,0.000000,-1.000000,0.000000
1012,6,1,1,1,1,1,0,1,0.000000,0.000000,0.000000,0.000076,0.000000,1,0,0.000000,0.000000,0.000000
1013,6,1,1,1,1,1,0,1,0.000000,0.000000,0.000000,0.000076,0.000000,1,0,0.000000,0.000000,0.000000
1014,6,1,1,1,1,1,0,1,0.000000,0.000000,0.000000,0.000076,0.000000,1,0,0.000000,0.000000,0.000000
1015,6,1,1,1,1,1,0,1,0.000000,0.000000,0.000000,0.000076,0.000000,1,0,0.000000,0.000000,0.000000
1016,6,1,1,1,1,1,0,1,0.000000,0.000000,0.000000,0.000076,0.000000,1,0,0.000000,0.000000,0.000000
1017,6,1,1,1,1,1,0,1,0.000000,0.000000,0.000000,0.000076,0.000000,1,0,0.000000,0.000000,0.000000
1018,6,1,1,1,1,1,0,1,0.000000,0.000000,0.000000,0.000076,0.000000,1,0,0.000000,0.000000,0.000000
1019,6,1,1,1,1,1,0,1,0.000000,0.000000,0.000000,0.000076,0.000000,1,0,0.000000,0.000000,0.000000
1020,6,1,1,1,1,1,0,1,0.000000,0.000000,0.000000,0.000076,0.000000,1,0,0.000000,0.000000,0.000000
1021,6,1,1,1,1,1,0,1,0.000000,0.000000,0.000000,0.000076,0.000000,1,0,0.000000,0.000000,0.000000
1022,6,1,1,1,1,1,0,1,0.000000,0.000000,0.000000,0.000076,0.000000,1,0,0.000000,0.000000,0.000000
1023,6,1,1,1,1,1,0,1,0.000000,0.000000,0.000000,0.000076,0.000000,1,0,0.000000,0.000000,0.000000
1024,6,1,1,1,1,1,0,1,0.000000,0.000000,0.000000,0.000076,0.000000,1,0,0.000000,0.000000,0.000000
1025,6,1,1,1,1,1,0,1,0.000000,0.000000,0.000000,0.000076,0.000000,1,0,0.000000,0.000000,0.000000
1026,6,1,1,1,1,1,0,1,0.000000,0.000000,0.000000,0.000076,0.000000,1,0,0.000000,0.000000,0.000000
1027,6,1,1,1,1,1,0,1,0.000000,0.000000,0.000000,0.000076,0.000000,1,0,0.000000,0.000000,0.000000
1028,6,1,1,1,1,1,0,1,0.000000,0.000000,0.000000,0.000076,0.000000,1,0,0.000000,0.000000,0.000000
1029,6,1,1,1,1,1,0,1,0.000000,0.000000,0.000000,0.000076,0.000000,1,0,0.000000,0.000000,0.000000
1030,6,1,1,1,1,1,0,1,0.000000,0.000000,0.000000,0.000076,0.000000,1,0,0.000000,0.000000,0.000000
1031,6,1,1,1,1,1,0,1,0.000000,0.000000,0.000000,0.000076,0.000000,1,0,0.000000,0.000000,0.000000
1032,6,1,1,1,1,1,0,1,0.000000,0.000000,0.000000,0.000076,0.000000,1,0,0.000000,0.000000,0.000000
1033,6,1,1,1,1,1,0,1,0.000000,0.000000,0.000000,0.000076,0.000000,1,0,0.000000,0.000000,0.000000
1034,6,1,1,1,1,1,0,1,0.000000,0.000000,0.000000,0.000076,0.000000,1,0,0.000000,0.000000,0.000000
1035,6,1,1,1,1,1,0,1,0.000000,0.000000,0.000000,0.000076,0.000000,1,0,0.000000,0.000000,0.000000
1036,6,1,1,1,1,1,0,1,0.000000,0.000000,0.000000,0.000076,0.000000,1,0,0.000000,0.000000,0.000000
1037,6,1,1,1,1,1,0,1,0.000000,0.000000,0.000000,0.000076,0.000000,1,0,0.000000,0.000000,0.000000
1038,6,1,1,1,1,1,0,1,0.000000,0.000000,0.000000,0.000076,0.000000,1,0,0.000000,0.000000,0.000000
1039,6,1,1,1,1,1,0,1,0.000000,0.000000,0.000000,0.000076,0.000000,1,0,0.000000,0.000000,0.000000
1040,6,1,1,1,1,1,0,1,0.000000,0.000000,0.000000,0.000076,0.000000,1,0,0.000000,0.000000,0.000000
1041,6,1,1,1,1,1,0,1,0.000000,0.000000,0.000000,0.000076,0.000000,1,0,0.000000,0.000000,0.000000
1042,6,1,1,1,1,1,0,1,0.000000,0.000000,0.000000,0.000076,0.000000,1,0,0.000000,0.000000,0.000000
1043,6,1,1,1,1,1,0,1,0.000000,0.000000,0.000000,0.000076,0.000000,1,0,0.000000,0.000000,0.000000
1044,6,1,1,1,1,1,0,1,0.000000,0.000000,0.000000,0.000076,0.000000,1,0,0.000000,0.000000,0.000000
1045,6,1,1,1,1,1,0,1,0.000000,0.000000,0.000000,0.000076,0.000000,1,0,0.000000,0.000000,0.000000
1046,6,1,1,1,1,1,0,1,0.000000,0.000000,0.000000,0.000076,0.000000,1,0,0.000000,0.000000,0.000000
1047,6,1,1,1,1,1,0,1,0.000000,0.000000,0.000000,0.000076,0.000000,1,0,0.000000,0.000000,0.000000
1048,6,1,1,1,1,1,0,1,0.000000,0.000000,0.000000,0.000076,0.000000,1,0,0.000000,0.000000,0.000000
1049,6,1,1,1,1,1,0,1,0.000000,0.000000,0.000000,0.000076,0.000000,1,0,0.000000,0.000000,0.000000
1050,6,1,1,1,1,1,0,1,0.000000,0.000000,0.000000,0.000076,0.000000,1,0,0.000000,0.000000,0.000000
1051,6,1,1,1,1,1,0,1,0.000000,0.000000,0.000000,0.000076,0.000000,1,0,0.000000,0.000000,0.000000
1052,6,1,1,1,1,1,0,1,0.000000,0.000000,0.000000,0.000076,0.000000,1,0,0.000000,0.000000,0.000000
1053,6,1,1,1,1,1,0,1,0.000000,0.000000,0.000000,0.000076,0.000000,1,0,0.000000,0.000000,0.000000
1054,6,1,1,1,1,1,0,1,0.000000,0.000000,0.000000,0.000076,0.000000,1,0,0.000000,0.000000,0.000000
1055,6,1,1,1,1,1,0,1,0.000000,0.000000,0.000000,0.000076,0.000000,1,0,0.000000,0.000000,0.000000
1056,6,1,1,1,1,1,0,1,0.000000,0.000000,0.000000,0.000076,0.000000,1,0,0.000000,0.000000,0.000000
1057,6,1,1,1,1,1,0,1,0.000000,0.000000,0.000000,0.000076,0.000000,1,0,0.000000,0.000000,0.000000
1058,6,1,1,1,1,1,0,1,0.000000,0.000000,0.000000,0.000076,0.000000,1,0,0.000000,0.000000,0.000000
1059,6,1,1,1,1,1,0,1,0.000000,0.000000,0.000000,0.000076,0.000000,1,0,0.000000,0.000000,0.000000
1060,6,1,1,1,1,1,0,1,0.000000,0.000000,0.000000,0.000076,0.000000,1,0,0.000000,0.000000,0.000000
1061,6,1,1,1,1,1,0,1,0.000000,0.000000,0.000000,0.000076,0.000000,1,0,0.000000,0.000000,0.000000
1062,6,1,1,1,1,1,0,1,0.000000,0.000000,0.000000,0.000076,0.000000,1,0,0.000000,0.000000,0.000000
1063,6,1,1,1,1,1,0,1,0.000000,0.000000,0.000000,0.000076,0.000000,1,0,0.000000,0.000000,0.000000
1064,6,1,1,1,1,1,0,1,0.000000,0.000000,0.000000,0.000076,0.000000,1,0,0.000000,0.000000,0.000000
1065,6,1,1,1,1,1,0,1,0.000000,0.000000,0.000000,0.000076,0.000000,1,0,0.000000,0.000000,0.000000
1066,6,1,1,1,1,1,0,1,0.000000,0.000000,0.000000,0.000076,0.000000,1,0,0.000000,0.000000,0.000000
1067,6,1,1,1,1,1,0,1,0.000000,0.000000,0.000000,0.000076,0.000000,1,0,0.000000,0.000000,0.000000
1068,6,1,1,1,1,1,0,1,0.000000,0.000000,0.000000,0.000076,0.000000,1,0,0.000000,0.000000,0.000000
1069,6,1,1,1,1,1,0,1,0.000000,0.000000,0.000000,0.000076,0.000000,1,0,0.000000,0.000000,0.000000
1070,6,1,1,1,1,1,0,1,0.000000,0.000000,0.000000,0.000076,0.000000,1,0,0.000000,0.000000,0.000000
1071,6,1,1,1,1,1,0,1,0.000000,0.000000,0.000000,0.000076,0.000000,1,0,0.000000,0.000000,0.000000
1072,6,1,1,1,1,1,0,1,0.000000,0.000000,0.000000,0.000076,0.000000,1,0,0.000000,0.000000,0.000000
1073,6,1,1,1,1,1,0,1,0.000000,0.000000,0.000000,0.000076,0.000000,1,0,0.000000,0.000000,0.000000
1074,6,1,1,1,1,1,0,1,0.000000,0.000000,0.000000,0.000076,0.000000,1,0,0.000000,0.000000,0.000000
1075,6,1,1,1,1,1,0,1,0.000000,0.000000,0.000000,0.000076,0.000000,1,0,0.000000,0.000000,0.000000
1076,6,1,1,1,1,1,0,1,0.000000,0.000000,0.000000,0.000076,0.000000,1,0,0.000000,0.000000,0.000000
1077,6,1,1,1,1,1,0,1,0.000000,0.000000,0.000000,0.000076,0.000000,1,0,0.000000,0.000000,0.000000
1078,6,1,1,1,1,1,0,1,0.000000,0.000000,0.000000,0.000076,0.000000,1,0,0.000000,0.000000,0.000000
1079,6,1,1,1,1,1,0,1,0.000000,0.000000,0.000000,0.000076,0.000000,1,0,0.000000,0.000000,0.000000
1080,6,1,1,1,1,1,0,1,0.000000,0.000000,0.000000,0.000076,0.000000,1,0,0.000000,0.000000,0.000000
1081,6,1,1,1,1,1,0,1,0.000000,0.000000,0.000000,0.000076,0.000000,1,0,0.000000,0.000000,0.000000
1082,6,1,1,1,1,1,0,1,0.000000,0.000000,0.000000,0.000076,0.000000,1,0,0.000000,0.000000,0.000000
1083,6,1,1,1,1,1,0,1,0.000000,0.000000,0.000000,0.000076,0.000000,1,0,0.000000,0.000000,0.000000
1084,6,1,1,1,1,1,0,1,0.000000,0.000000,0.000000,0.000076,0.000000,1,0,0.000000,0.000000,0.000000
1085,6,1,1,1,1,1,0,1,0.000000,0.000000,0.000000,0.000076,0.000000,1,0,0.000000,0.000000,0.000000
1086,6,1,1,1,1,1,0,1,0.000000,0.000000,0.000000,0.000076,0.000000,1,0,0.000000,0.000000,0.000000
1087,6,1,1,1,1,1,0,1,0.000000,0.000000,0.000000,0.000076,0.000000,1,0,0.000000,0.000000,0.000000
1088,6,1,1,1,1,1,0,1,0.000000,0.000000,0.000000,0.000076,0.000000,1,0,0.000000,0.000000,0.000000
1089,6,1,1,1,1,1,0,1,0.000000,0.000000,0.000000,0.000076,0.000000,1,0,0.000000,0.000000,0.000000
1090,6,1,1,1,1,1,0,1,0.000000,0.000000,0.000000,0.000076,0.000000,1,0,0.000000,0.000000,0.000000
1091,6,1,1,1,1,1,0,1,0.000000,0.000000,0.000000,0.000076,0.000000,1,0,0.000000,0.000000,0.000000
1092,6,1,1,1,1,1,0,1,0.000000,0.000000,0.000000,0.000076,0.000000,1,0,0.000000,0.000000,0.000000
1093,6,1,1,1,1,1,0,1,0.000000,0.000000,0.000000,0.000076,0.000000,1,0,0.000000,0.000000,0.000000
1094,6,1,1,1,1,1,0,1,0.000000,0.000000,0.000000,0.000076,0.000000,1,0,0.000000,0.000000,0.000000
1095,6,1,1,1,1,1,0,1,0.000000,0.000000,0.000000,0.000076,0.000000,1,0,0.000000,0.000000,0.000000
1096,6,1,1,1,1,1,0,1,0.000000,0.000000,0.000000,0.000076,0.000000,1,0,0.000000,0.000000,0.000000
1097,6,1,1,1,1,1,0,1,0.000000,0.000000,0.000000,0.000076,0.000000,1,0,0.000000,0.000000,0.000000
1098,6,1,1,1,1,1,0,1,0.000000,0.000000,0.000000,0.000076,0.000000,1,0,0.000000,0.000000,0.000000
1099,6,1,1,1,1,1,0,1,0.000000,0.000000,0.000000,0.000076,0.000000,1,0,0.000000,0.000000,0.000000
1100,6,1,1,1,1,1,0,1,0.000000,0.000000,0.000000,0.000076,0.000000,1,0,0.000000,0.000000,0.000000
1101,6,1,1,1,1,1,0,1,0.000000,0.000000,0.000000,0.000076,0.000000,1,0,0.000000,0.000000,0.000000
1102,6,1,1,1,1,1,0,1,0.000000,0.000000,0.000000,0.000076,0.000000,1,0,0.000000,0.000000,0.000000
1103,6,1,1,1,1,1,0,1,0.000000,0.000000,0.000000,0.000076,0.000000,1,0,0.000000,0.000000,0.000000
1104,6,1,1,1,1,1,0,1,0.000000,0.000000,0.000000,0.000076,0.000000,1,0,0.000000,0.000000,0.000000
1105,6,1,1,1,1,1,0,1,0.000000,0.000000,0.000000,0.000076,0.000000,1,0,0.000000,0.000000,0.000000
1106,6,1,1,1,1,1,0,1,0.000000,0.000000,0.000000,0.000076,0.000000,1,0,0.000000,0.000000,0.000000
1107,6,1,1,1,1,1,0,1,0.000000,0.000000,0.000000,0.000076,0.000000,1,0,0.000000,0.000000,0.000000
1108,6,1,1,1,1,1,0,1,0.000000,0.000000,0.000000,0.000076,0.000000,1,0,0.000000,0.000000,0.000000
1109,6,1,1,1,1,1,0,1,0.000000,0.000000,0.000000,0.000076,0.000000,1,0,0.000000,0.000000,0.000000
1110,6,1,1,1,1,1,0,1,0.000000,0.000000,0.000000,0.000076,0.000000,1,0,0.000000,0.000000,0.000000
1111,6,1,1,1,1,1,0,1,0.000000,0.000000,0.000000,0.000076,0.000000,1,0,0.000000,0.000000,0.000000
1112,6,1,1,1,1,1,0,1,0.000000,0.000000,0.000000,0.000076,0.000000,1,0,0.000000,0.000000,0.000000
1113,6,1,1,1,1,1,0,1,0.000000,0.000000,0.000000,0.000076,0.000000,1,0,0.000000,0.000000,0.000000
1114,6,1,1,1,1,1,0,1,0.000000,0.000000,0.000000,0.000076,0.000000,1,0,0.000000,0.000000,0.000000
1115,6,1,1,1,1,1,0,1,0.000000,0.000000,0.000000,0.000076,0.000000,1,0,0.000000,0.000000,0.000000
1116,6,1,1,1,1,1,0,1,0.000000,0.000000,0.000000,0.000076,0.000000,1,0,0.000000,0.000000,0.000000
1117,6,1,1,1,1,1,0,1,0.000000,0.000000,0.000000,0.000076,0.000000,1,0,0.000000,0.000000,0.000000
1118,6,1,1,1,1,1,0,1,0.000000,0.000000,0.000000,0.000076,0.000000,1,0,0.000000,0.000000,0.000000
1119,6,1,1,1,1,1,0,1,0.000000,0.000000,0.000000,0.000076,0.000000,1,0,0.000000,0.000000,0.000000
1120,6,1,1,1,1,1,0,1,0.000000,0.000000,0.000000,0.000076,0.000000,1,0,0.000000,0.000000,0.000000
1121,6,1,1,1,1,1,0,1,0.000000,0.000000,0.000000,0.000076,0.000000,1,0,0.000000,0.000000,0.000000
1122,6,1,1,1,1,1,0,1,0.000000,0.000000,0.000000,0.000076,0.000000,1,0,0.000000,0.000000,0.000000
1123,6,1,1,1,1,1,0,1,0.000000,0.000000,0.000000,0.000076,0.000000,1,0,0.000000,0.000000,0.000000
1124,6,1,1,1,1,1,0,1,0.000000,0.000000,0.000000,0.000076,0.000000,1,0,0.000000,0.000000,0.000000
1125,6,1,1,1,1,1,0,1,0.000000,0.000000,0.000000,0.000076,0.000000,1,0,0.000000,0.000000,0.000000
1126,6,1,1,1,1,1,0,1,0.000000,0.000000,0.000000,0.000076,0.000000,1,0,0.000000,0.000000,0.000000
1127,6,1,1,1,1,1,0,1,0.000000,0.000000,0.000000,0.000076,0.000000,1,0,0.000000,0.000000,0.000000
1128,6,1,1,1,1,1,0,1,0.000000,0.000000,0.000000,0.000076,0.000000,1,0,0.000000,0.000000,0.000000
1129,6,1,1,1,1,1,0,1,0.000000,0.000000,0.000000,0.000076,0.000000,1,0,0.000000,0.000000,0.000000
1130,6,1,1,1,1,1,0,1,0.000000,0.000000,0.000000,0.000076,0.000000,1,0,0.000000,0.000000,0.000000
1131,6,1,1,1,1,1,0,1,0.000000,0.000000,0.000000,0.000076,0.000000,1,0,0.000000,0.000000,0.000000
1132,6,1,1,1,1,1,0,1,0.000000,0.000000,0.000000,0.000076,0.000000,1,0,0.000000,0.000000,0.000000
1133,6,1,1,1,1,1,0,1,0.000000,0.000000,0.000000,0.000076,0.000000,1,0,0.000000,0.000000,0.000000
1134,6,1,1,1,1,1,0,1,0.000000,0.000000,0.000000,0.000076,0.000000,1,0,0.000000,0.000000,0.000000
1135,6,1,1,1,1,1,0,1,0.000000,0.000000,0.000000,0.000076,0.000000,1,0,0.000000,0.000000,0.000000
1136,6,1,1,1,1,1,0,1,0.000000,0.000000,0.000000,0.000076,0.000000,1,0,0.000000,0.000000,0.000000
1137,6,1,1,1,1,1,0,1,0.000000,0.000000,0.000000,0.000076,0.000000,1,0,0.000000,0.000000,0.000000
1138,6,1,1,1,1,1,0,1,0.000000,0.000000,0.000000,0.000076,0.000000,1,0,0.000000,0.000000,0.000000
1139,6,1,1,1,1,1,0,1,0.000000,0.000000,0.000000,0.000076,0.000000,1,0,0.000000,0.000000,0.000000
1140,6,1,1,1,1,1,0,1,0.000000,0.000000,0.000000,0.000076,0.000000,1,0,0.000000,0.000000,0.000000
1141,6,1,1,1,1,1,0,1,0.000000,0.000000,0.000000,0.000076,0.000000,1,0,0.000000,0.000000,0.000000
1142,6,1,1,1,1,1,0,1,0.000000,0.000000,0.000000,0.000076,0.000000,1,0,0.000000,0.000000,0.000000
1143,6,1,1,1,1,1,0,1,0.000000,0.000000,0.000000,0.000076,0.000000,1,0,0.000000,0.000000,0.000000
1144,6,1,1,1,1,1,0,1,0.000000,0.000000,0.000000,0.000076,0.000000,1,0,0.000000,0.000000,0.000000
1145,6,1,1,1,1,1,0,1,0.000000,0.000000,0.000000,0.000076,0.000000,1,0,0.000000,0.000000,0.000000
1146,6,1,1,1,1,1,0,1,0.000000,0.000000,0.000000,0.000076,0.000000,1,0,0.000000,0.000000,0.000000
1147,6,1,1,1,1,1,0,1,0.000000,0.000000,0.000000,0.000076,0.000000,1,0,0.000000,0.000000,0.000000
1148,6,1,1,1,1,1,0,1,0.000000,0.000000,0.000000,0.000076,0.000000,1,0,0.000000,0.000000,0.000000
1149,6,1,1,1,1,1,0,1,0.000000,0.000000,0.000000,0.000076,0.000000,1,0,0.000000,0.000000,0.000000
1150,6,1,1,1,1,1,0,1,0.000000,0.000000,0.000000,0.000076,0.000000,1,0,0.000000,0.000000,0.000000
1151,6,1,1,1,1,1,0,1,0.000000,0.000000,0.000000,0.000076,0.000000,1,0,0.000000,0.000000,0.000000
1152,6,1,1,1,1,1,0,1,0.000000,0.000000,0.000000,0.000076,0.000000,1,0,0.000000,0.000000,0.000000
1153,6,1,1,1,1,1,0,1,0.000000,0.000000,0.000000,0.000076,0.000000,1,0,0.000000,0.000000,0.000000
1154,6,1,1,1,1,1,0,1,0.000000,0.000000,0.000000,0.000076,0.000000,1,0,0.000000,0.000000,0.000000
1155,6,1,1,1,1,1,0,1,0.000000,0.000000,0.000000,0.000076,0.000000,1,0,0.000000,0.000000,0.000000
1156,6,1,1,1,1,1,0,1,0.000000,0.000000,0.000000,0.000076,0.000000,1,0,0.000000,0.000000,0.000000
1157,6,1,1,1,1,1,0,1,0.000000,0.000000,0.000000,0.000076,0.000000,1,0,0.000000,0.000000,0.000000
1158,6,1,1,1,1,1,0,1,0.000000,0.000000,0.000000,0.000076,0.000000,1,0,0.000000,0.000000,0.000000
1159,6,1,1,1,1,1,0,1,0.000000,0.000000,0.000000,0.000076,0.000000,1,0,0.000000,0.000000,0.000000
1160,6,1,1,1,1,1,0,1,0.000000,0.000000,0.000000,0.000076,0.000000,1,0,0.000000,0.000000,0.000000
1161,6,1,1,1,1,1,0,1,0.000000,0.000000,0.000000,0.000076,0.000000,1,0,0.000000,0.000000,0.000000
1162,6,1,1,1,1,1,0,1,0.000000,0.000000,0.000000,0.000076,0.000000,1,0,0.000000,0.000000,0.000000
1163,6,1,1,1,1,1,0,1,0.000000,0.000000,0.000000,0.000076,0.000000,1,0,0.000000,0.000000,0.000000
1164,6,1,1,1,1,1,0,1,0.000000,0.000000,0.000000,0.000076,0.000000,1,0,0.000000,0.000000,0.000000
1165,6,1,1,1,1,1,0,1,0.000000,0.000000,0.000000,0.000076,0.000000,1,0,0.000000,0.000000,0.000000
1166,6,1,1,1,1,1,0,1,0.000000,0.000000,0.000000,0.000076,0.000000,1,0,0.000000,0.000000,0.000000
1167,6,1,1,1,1,1,0,1,0.000000,0.000000,0.000000,0.000076,0.000000,1,0,0.000000,0.000000,0.000000
1168,6,1,1,1,1,1,0,1,0.000000,0.000000,0.000000,0.000076,0.000000,1,0,0.000000,0.000000,0.000000
1169,6,1,1,1,1,1,0,1,0.000000,0.000000,0.000000,0.000076,0.000000,1,0,0.000000,0.000000,0.000000
1170,6,1,1,1,1,1,0,1,0.000000,0.000000,0.000000,0.000076,0.000000,1,0,0.000000,0.000000,0.000000
1171,6,1,1,1,1,1,0,1,0.000000,0.000000,0.000000,0.000076,0.000000,1,0,0.000000,0.000000,0.000000
1172,6,1,1,1,1,1,0,1,0.000000,0.000000,0.000000,0.000076,0.000000,1,0,0.000000,0.000000,0.000000
1173,6,1,1,1,1,1,0,1,0.000000,0.000000,0.000000,0.000076,0.000000,1,0,0.000000,0.000000,0.000000
1174,6,1,1,1,1,1,0,1,0.000000,0.000000,0.000000,0.000076,0.000000,1,0,0.000000,0.000000,0.000000
1175,6,1,1,1,1,1,0,1,0.000000,0.000000,0.000000,0.000076,0.000000,1,0,0.000000,0.000000,0.000000
1176,6,1,1,1,1,1,0,1,0.000000,0.000000,0.000000,0.000076,0.000000,1,0,0.000000,0.000000,0.000000
1177,6,1,1,1,1,1,0,1,0.000000,0.000000,0.000000,0.000076,0.000000,1,0,0.000000,0.000000,0.000000
1178,6,1,1,1,1,1,0,1,0.000000,0.000000,0.000000,0.000076,0.000000,1,0,0.000000,0.000000,0.000000
1179,6,1,1,1,1,1,0,1,0.000000,0.000000,0.000000,0.000076,0.000000,1,0,0.000000,0.000000,0.000000
1180,6,1,1,1,1,1,0,1,0.000000,0.000000,0.000000,0.000076,0.000000,1,0,0.000000,0.000000,0.000000
1181,6,1,1,1,1,1,0,1,0.000000,0.000000,0.000000,0.000076,0.000000,1,0,0.000000,0.000000,0.000000
1182,6,1,1,1,1,1,0,1,0.000000,0.000000,0.000000,0.000076,0.000000,1,0,0.000000,0.000000,0.000000
1183,6,1,1,1,1,1,0,1,0.000000,0.000000,0.000000,0.000076,0.000000,1,0,0.000000,0.000000,0.000000
1184,6,1,1,1,1,1,0,1,0.000000,0.000000,0.000000,0.000076,0.000000,1,0,0.000000,0.000000,0.000000
1185,6,1,1,1,1,1,0,1,0.000000,0.000000,0.000000,0.000076,0.000000,1,0,0.000000,0.000000,0.000000
1186,6,1,1,1,1,1,0,1,0.000000,0.000000,0.000000,0.000076,0.000000,1,0,0.000000,0.000000,0.000000
1187,6,1,1,1,1,1,0,1,0.000000,0.000000,0.000000,0.000076,0.000000,1,0,0.000000,0.000000,0.000000
1188,6,1,1,1,1,1,0,1,0.000000,0.000000,0.000000,0.000076,0.000000,1,0,0.000000,0.000000,0.000000
1189,6,1,1,1,1,1,0,1,0.000000,0.000000,0.000000,0.000076,0.000000,1,0,0.000000,0.000000,0.000000
1190,6,1,1,1,1,1,0,1,0.000000,0.000000,0.000000,0.000076,0.000000,1,0,0.000000,0.000000,0.000000
1191,6,1,1,1,1,1,0,1,0.000000,0.000000,0.000000,0.000076,0.000000,1,0,0.000000,0.000000,0.000000
1192,6,1,1,1,1,1,0,1,0.000000,0.000000,0.000000,0.000076,0.000000,1,0,0.000000,0.000000,0.000000
1193,6,1,1,1,1,1,0,1,0.000000,0.000000,0.000000,0.000076,0.000000,1,0,0.000000,0.000000,0.000000
1194,6,1,1,1,1,1,0,1,0.000000,0.000000,0.000000,0.000076,0.000000,1,0,0.000000,0.000000,0.000000
1195,6,1,1,1,1,1,0,1,0.000000,0.000000,0.000000,0.000076,0.000000,1,0,0.000000,0.000000,0.000000
1196,6,1,1,1,1,1,0,1,0.000000,0.000000,0.000000,0.000076,0.000000,1,0,0.000000,0.000000,0.000000
1197,6,1,1,1,1,1,0,1,0.000000,0.000000,0.000000,0.000076,0.000000,1,0,0.000000,0.000000,0.000000
1198,6,1,1,1,1,1,0,1,0.000000,0.000000,0.000000,0.000076,0.000000,1,0,0.000000,0.000000,0.000000
1199,6,1,1,1,1,1,0,1,0.000000,0.000000,0.000000,0.000076,0.000000,1,0,0.000000,0.000000,0.000000
1200,6,1,1,1,1,1,0,1,0.000000,0.000000,0.000000,0.000076,0.000000,1,0,0.000000,0.000000,0.000000
1201,6,1,1,1,1,1,0,1,0.000000,0.000000,0.000000,0.000076,0.000000,1,0,0.000000,0.000000,0.000000
1202,6,1,1,1,1,1,0,1,0.000000,0.000000,0.000000,0.000076,0.000000,1,0,0.000000,0.000000,0.000000
1203,6,1,1,1,1,1,0,1,0.000000,0.000000,0.000000,0.000076,0.000000,1,0,0.000000,0.000000,0.000000
1204,6,1,1,1,1,1,0,1,0.000000,0.000000,0.000000,0.000076,0.000000,1,0,0.000000,0.000000,0.000000
1205,6,1,1,1,1,1,0,1,0.000000,0.000000,0.000000,0.000076,0.000000,1,0,0.000000,0.000000,0.000000
1206,6,1,1,1,1,1,0,1,0.000000,0.000000,0.000000,0.000076,0.000000,1,0,0.000000,0.000000,0.000000
1207,6,1,1,1,1,1,0,1,0.000000,0.000000,0.000000,0.000076,0.000000,1,0,0.000000,0.000000,0.000000
1208,6,1,1,1,1,1,0,1,0.000000,0.000000,0.000000,0.000076,0.000000,1,0,0.000000,0.000000,0.000000
1209,6,1,1,1,1,1,0,1,0.000000,0.000000,0.000000,0.000076,0.000000,1,0,0.000000,0.000000,0.000000
1210,6,1,1,1,1,1,0,1,0.000000,0.000000,0.000000,0.000076,0.000000,1,0,0.000000,0.000000,0.000000
1211,6,1,1,1,1,1,0,1,0.000000,0.000000,0.000000,0.000076,0.000000,1,0,0.000000,0.000000,0.000000
1212,6,1,1,1,1,1,0,1,0.000000,0.000000,0.000000,0.000076,0.000000,1,0,0.000000,0.000000,0.000000
1213,6,1,1,1,1,1,0,1,0.000000,0.000000,0.000000,0.000076,0.000000,1,0,0.000000,0.000000,0.000000
1214,6,1,1,1,1,1,0,1,0.000000,0.000000,0.000000,0.000076,0.000000,1,0,0.000000,0.000000,0.000000
1215,6,1,1,1,1,1,0,1,0.000000,0.000000,0.000000,0.000076,0.000000,1,0,0.000000,0.000000,0.000000
1216,6,1,1,1,1,1,0,1,0.000000,0.000000,0.000000,0.000076,0.000000,1,0,0.000000,0.000000,0.000000
1217,6,1,1,1,1,1,0,1,0.000000,0.000000,0.000000,0.000076,0.000000,1,0,0.000000,0.000000,0.000000
1218,6,1,1,1,1,1,0,1,0.000000,0.000000,0.000000,0.000076,0.000000,1,0,0.000000,0.000000,0.000000
1219,6,1,1,1,1,1,0,1,0.000000,0.000000,0.000000,0.000076,0.000000,1,0,0.000000,0.000000,0.000000
1220,6,1,1,1,1,1,0,1,0.000000,0.000000,0.000000,0.000076,0.000000,1,0,0.000000,0.000000,0.000000
1221,6,1,1,1,1,1,0,1,0.000000,0.000000,0.000000,0.000076,0.000000,1,0,0.000000,0.000000,0.000000
1222,6,1,1,1,1,1,0,1,0.000000,0.000000,0.000000,0.000076,0.000000,1,0,0.000000,0.000000,0.000000
1223,6,1,1,1,1,1,0,1,0.000000,0.000000,0.000000,0.000076,0.000000,1,0,0.000000,0.000000,0.000000
1224,6,1,1,1,1,1,0,1,0.000000,0.000000,0.000000,0.000076,0.000000,1,0,0.000000,0.000000,0.000000
1225,6,1,1,1,1,1,0,1,0.000000,0.000000,0.000000,0.000076,0.000000,1,0,0.000000,0.000000,0.000000
1226,6,1,1,1,1,1,0,1,0.000000,0.000000,0.000000,0.000076,0.000000,1,0,0.000000,0.000000,0.000000
1227,6,1,1,1,1,1,0,1,0.000000,0.000000,0.000000,0.000076,0.000000,1,0,0.000000,0.000000,0.000000
1228,6,1,1,1,1,1,0,1,0.000000,0.000000,0.000000,0.000076,0.000000,1,0,0.000000,0.000000,0.000000
1229,6,1,1,1,1,1,0,1,0.000000,0.000000,0.000000,0.000076,0.000000,1,0,0.000000,0.000000,0.000000
1230,6,1,1,1,1,1,0,1,0.000000,0.000000,0.000000,0.000076,0.000000,1,0,0.000000,0.000000,0.000000
1231,6,1,1,1,1,1,0,1,0.000000,0.000000,0.000000,0.000076,0.000000,1,0,0.000000,0.000000,0.000000
1232,6,1,1,1,1,1,0,1,0.000000,0.000000,0.000000,0.000076,0.000000,1,0,0.000000,0.000000,0.000000
1233,6,1,1,1,1,1,0,1,0.000000,0.000000,0.000000,0.000076,0.000000,1,0,0.000000,0.000000,0.000000
1234,6,1,1,1,1,1,0,1,0.000000,0.000000,0.000000,0.000076,0.000000,1,0,0.000000,0.000000,0.000000
1235,6,1,1,1,1,1,0,1,0.000000,0.000000,0.000000,0.000076,0.000000,1,0,0.000000,0.000000,0.000000
1236,6,1,1,1,1,1,0,1,0.000000,0.000000,0.000000,0.000076,0.000000,1,0,0.000000,0.000000,0.000000
1237,6,1,1,1,1,1,0,1,0.000000,0.000000,0.000000,0.000076,0.000000,1,0,0.000000,0.000000,0.000000
1238,6,1,1,1,1,1,0,1,0.000000,0.000000,0.000000,0.000076,0.000000,1,0,0.000000,0.000000,0.000000
1239,6,1,1,1,1,1,0,1,0.000000,0.000000,0.000000,0.000076,0.000000,1,0,0.000000,0.000000,0.000000
1240,6,1,1,1,1,1,0,1,0.000000,0.000000,0.000000,0.000076,0.000000,1,0,0.000000,0.000000,0.000000
1241,6,1,1,1,1,1,0,1,0.000000,0.000000,0.000000,0.000076,0.000000,1,0,0.000000,0.000000,0.000000
1242,6,1,1,1,1,1,0,1,0.000000,0.000000,0.000000,0.000076,0.000000,1,0,0.000000,0.000000,0.000000
1243,6,1,1,1,1,1,0,1,0.000000,0.000000,0.000000,0.000076,0.000000,1,0,0.000000,0.000000,0.000000
1244,6,1,1,1,1,1,0,1,0.000000,0.000000,0.000000,0.000076,0.000000,1,0,0.000000,0.000000,0.000000
1245,6,1,1,1,1,1,0,1,0.000000,0.000000,0.000000,0.000076,0.000000,1,0,0.000000,0.000000,0.000000
1246,6,1,1,1,1,1,0,1,0.000000,0.000000,0.000000,0.000076,0.000000,1,0,0.000000,0.000000,0.000000
1247,6,1,1,1,1,1,0,1,0.000000,0.000000,0.000000,0.000076,0.000000,1,0,0.000000,0.000000,0.000000
1248,6,1,1,1,1,1,0,1,0.000000,0.000000,0.000000,0.000076,0.000000,1,0,0.000000,0.000000,0.000000
1249,6,1,1,1,1,1,0,1,0.000000,0.000000,0.000000,0.000076,0.000000,1,0,0.000000,0.000000,0.000000
1250,6,1,1,1,1,1,0,1,0.000000,0.000000,0.000000,0.000076,0.000000,1,0,0.000000,0.000000,0.000000
1251,6,1,1,1,1,1,0,1,0.000000,0.000000,0.000000,0.000076,0.000000,1,0,0.000000,0.000000,0.000000
1252,6,1,1,1,1,1,0,1,0.000000,0.000000,0.000000,0.000076,0.000000,1,0,0.000000,0.000000,0.000000
1253,6,1,1,1,1,1,0,1,0.000000,0.000000,0.000000,0.000076,0.000000,1,0,0.000000,0.000000,0.000000
1254,6,1,1,1,1,1,0,1,0.000000,0.000000,0.000000,0.000076,0.000000,1,0,0.000000,0.000000,0.000000
1255,6,1,1,1,1,1,0,1,0.000000,0.000000,0.000000,0.000076,0.000000,1,0,0.000000,0.000000,0.000000
1256,6,1,1,1,1,1,0,1,0.000000,0.000000,0.000000,0.000076,0.000000,1,0,0.000000,0.000000,0.000000
1257,6,1,1,1,1,1,0,1,0.000000,0.000000,0.000000,0.000076,0.000000,1,0,0.000000,0.000000,0.000000
1258,6,1,1,1,1,1,0,1,0.000000,0.000000,0.000000,0.000076,0.000000,1,0,0.000000,0.000000,0.000000
1259,6,1,1,1,1,1,0,1,0.000000,0.000000,0.000000,0.000076,0.000000,1,0,0.000000,0.000000,0.000000
1260,6,1,1,1,1,1,0,1,0.000000,0.000000,0.000000,0.000076,0.000000,1,0,0.000000,0.000000,0.000000
1261,6,1,1,1,1,1,0,1,0.000000,0.000000,0.000000,0.000076,0.000000,1,0,0.000000,0.000000,0.000000
1262,6,1,1,1,1,1,0,1,0.000000,0.000000,0.000000,0.000076,0.000000,1,0,0.000000,0.000000,0.000000
1263,6,1,1,1,1,1,0,1,0.000000,0.000000,0.000000,0.000076,0.000000,1,0,0.000000,0.000000,0.000000
1264,6,1,1,1,1,1,0,1,0.000000,0.000000,0.000000,0.000076,0.000000,1,0,0.000000,0.000000,0.000000
1265,6,1,1,1,1,1,0,1,0.000000,0.000000,0.000000,0.000076,0.000000,1,0,0.000000,0.000000,0.000000
1266,6,1,1,1,1,1,0,1,0.000000,0.000000,0.000000,0.000076,0.000000,1,0,0.000000,0.000000,0.000000
1267,6,1,1,1,1,1,0,1,0.000000,0.000000,0.000000,0.000076,0.000000,1,0,0.000000,0.000000,0.000000
1268,6,1,1,1,1,1,0,1,0.000000,0.000000,0.000000,0.000076,0.000000,1,0,0.000000,0.000000,0.000000
1269,6,1,1,1,1,1,0,1,0.000000,0.000000,0.000000,0.000076,0.000000,1,0,0.000000,0.000000,0.000000
1270,6,1,1,1,1,1,0,1,0.000000,0.000000,0.000000,0.000076,0.000000,1,0,0.000000,0.000000,0.000000
1271,6,1,1,1,1,1,0,1,0.000000,0.000000,0.000000,0.000076,0.000000,1,0,0.000000,0.000000,0.000000
1272,6,1,1,1,1,1,0,1,0.000000,0.000000,0.000000,0.000076,0.000000,1,0,0.000000,0.000000,0.000000
1273,6,1,1,1,1,1,0,1,0.000000,0.000000,0.000000,0.000076,0.000000,1,0,0.000000,0.000000,0.000000
1274,6,1,1,1,1,1,0,1,0.000000,0.000000,0.000000,0.000076,0.000000,1,0,0.000000,0.000000,0.000000
1275,6,1,1,1,1,1,0,1,0.000000,0.000000,0.000000,0.000076,0.000000,1,0,0.000000,0.000000,0.000000
1276,6,1,1,1,1,1,0,1,0.000000,0.000000,0.000000,0.000076,0.000000,1,0,0.000000,0.000000,0.000000
1277,6,1,1,1,1,1,0,1,0.000000,0.000000,0.000000,0.000076,0.000000,1,0,0.000000,0.000000,0.000000
1278,6,1,1,1,1,1,0,1,0.000000,0.000000,0.000000,0.000076,0.000000,1,0,0.000000,0.000000,0.000000
1279,6,1,1,1,1,1,0,1,0.000000,0.000000,0.000000,0.000076,0.000000,1,0,0.000000,0.000000,0.000000
1280,6,1,1,1,1,1,0,1,0.000000,0.000000,0.000000,0.000076,0.000000,1,0,0.000000,0.000000,0.000000
1281,6,1,1,1,1,1,0,1,0.000000,0.000000,0.000000,0.000076,0.000000,1,0,0.000000,0.000000,0.000000
1282,6,1,1,1,1,1,0,1,0.000000,0.000000,0.000000,0.000076,0.000000,1,0,0.000000,0.000000,0.000000
1283,6,1,1,1,1,1,0,1,0.000000,0.000000,0.000000,0.000076,0.000000,1,0,0.000000,0.000000,0.000000
1284,6,1,1,1,1,1,0,1,0.000000,0.000000,0.000000,0.000076,0.000000,1,0,0.000000,0.000000,0.000000
1285,6,1,1,1,1,1,0,1,0.000000,0.000000,0.000000,0.000076,0.000000,1,0,0.000000,0.000000,0.000000
1286,6,1,1,1,1,1,0,1,0.000000,0.000000,0.000000,0.000076,0.000000,1,0,0.000000,0.000000,0.000000
1287,6,1,1,1,1,1,0,1,0.000000,0.000000,0.000000,0.000076,0.000000,1,0,0.000000,0.000000,0.000000
1288,6,1,1,1,1,1,0,1,0.000000,0.000000,0.000000,0.000076,0.000000,1,0,0.000000,0.000000,0.000000
1289,6,1,1,1,1,1,0,1,0.000000,0.000000,0.000000,0.000076,0.000000,1,0,0.000000,0.000000,0.000000
1290,6,1,1,1,1,1,0,1,0.000000,0.000000,0.000000,0.000076,0.000000,1,0,0.000000,0.000000,0.000000
1291,6,1,1,1,1,1,0,1,0.000000,0.000000,0.000000,0.000076,0.000000,1,0,0.000000,0.000000,0.000000
1292,6,1,1,1,1,1,0,1,0.000000,0.000000,0.000000,0.000076,0.000000,1,0,0.000000,0.000000,0.000000
1293,6,1,1,1,1,1,0,1,0.000000,0.000000,0.000000,0.000076,0.000000,1,0,0.000000,0.000000,0.000000
1294,6,1,1,1,1,1,0,1,0.000000,0.000000,0.000000,0.000076,0.000000,1,0,0.000000,0.000000,0.000000
1295,6,1,1,1,1,1,0,1,0.000000,0.000000,0.000000,0.000076,0.000000,1,0,0.000000,0.000000,0.000000
1296,6,1,1,1,1,1,0,1,0.000000,0.000000,0.000000,0.000076,0.000000,1,0,0.000000,0.000000,0.000000
1297,6,1,1,1,1,1,0,1,0.000000,0.000000,0.000000,0.000076,0.000000,1,0,0.000000,0.000000,0.000000
1298,6,1,1,1,1,1,0,1,0.000000,0.000000,0.000000,0.000076,0.000000,1,0,0.000000,0.000000,0.000000
1299,6,1,1,1,1,1,0,1,0.000000,0.000000,0.000000,0.000076,0.000000,1,0,0.000000,0.000000,0.000000
1300,6,1,1,1,1,1,0,1,0.000000,0.000000,0.000000,0.000076,0.000000,1,0,0.000000,0.000000,0.000000
1301,6,1,1,1,1,1,0,1,0.000000,0.000000,0.000000,0.000076,0.000000,1,0,0.000000,0.000000,0.000000
1302,6,1,1,1,1,1,0,1,0.000000,0.000000,0.000000,0.000076,0.000000,1,0,0.000000,0.000000,0.000000
1303,6,1,1,1,1,1,0,1,0.000000,0.000000,0.000000,0.000076,0.000000,1,0,0.000000,0.000000,0.000000
1304,6,1,1,1,1,1,0,1,0.000000,0.000000,0.000000,0.000076,0.000000,1,0,0.000000,0.000000,0.000000
1305,6,1,1,1,1,1,0,1,0.000000,0.000000,0.000000,0.000076,0.000000,1,0,0.000000,0.000000,0.000000
1306,6,1,1,1,1,1,0,1,0.000000,0.000000,0.000000,0.000076,0.000000,1,0,0.000000,0.000000,0.000000
1307,6,1,1,1,1,1,0,1,0.000000,0.000000,0.000000,0.000076,0.000000,1,0,0.000000,0.000000,0.000000
1308,6,1,1,1,1,1,0,1,0.000000,0.000000,0.000000,0.000076,0.000000,1,0,0.000000,0.000000,0.000000
1309,6,1,1,1,1,1,0,1,0.000000,0.000000,0.000000,0.000076,0.000000,1,0,0.000000,0.000000,0.000000
1310,6,1,1,1,1,1,0,1,0.000000,0.000000,0.000000,0.000076,0.000000,1,0,0.000000,0.000000,0.000000
1311,6,1,1,1,1,1,0,1,0.000000,0.000000,0.000000,0.000076,0.000000,1,0,0.000000,0.000000,0.000000
1312,6,1,1,1,1,1,0,1,0.000000,0.000000,0.000000,0.000076,0.000000,1,0,0.000000,0.000000,0.000000
1313,6,1,1,1,1,1,0,1,0.000000,0.000000,0.000000,0.000076,0.000000,1,0,0.000000,0.000000,0.000000
1314,6,1,1,1,1,1,0,1,0.000000,0.000000,0.000000,0.000076,0.000000,1,0,0.000000,0.000000,0.000000
1315,6,1,1,1,1,1,0,1,0.000000,0.000000,0.000000,0.000076,0.000000,1,0,0.000000,0.000000,0.000000
1316,6,1,1,1,1,1,0,1,0.000000,0.000000,0.000000,0.000076,0.000000,1,0,0.000000,0.000000,0.000000
1317,6,1,1,1,1,1,0,1,0.000000,0.000000,0.000000,0.000076,0.000000,1,0,0.000000,0.000000,0.000000
1318,6,1,1,1,1,1,0,1,0.000000,0.000000,0.000000,0.000076,0.000000,1,0,0.000000,0.000000,0.000000
1319,6,1,1,1,1,1,0,1,0.000000,0.000000,0.000000,0.000076,0.000000,1,0,0.000000,0.000000,0.000000
1320,6,1,1,1,1,1,0,1,0.000000,0.000000,0.000000,0.000076,0.000000,1,0,0.000000,0.000000,0.000000
1321,6,1,1,1,1,1,0,1,0.000000,0.000000,0.000000,0.000076,0.000000,1,0,0.000000,0.000000,0.000000
1322,6,1,1,1,1,1,0,1,0.000000,0.000000,0.000000,0.000076,0.000000,1,0,0.000000,0.000000,0.000000
1323,6,1,1,1,1,1,0,1,0.000000,0.000000,0.000000,0.000076,0.000000,1,0,0.000000,0.000000,0.000000
1324,6,1,1,1,1,1,0,1,0.000000,0.000000,0.000000,0.000076,0.000000,1,0,0.000000,0.000000,0.000000
1325,6,1,1,1,1,1,0,1,0.000000,0.000000,0.000000,0.000076,0.000000,1,0,0.000000,0.000000,0.000000
1326,6,1,1,1,1,1,0,1,0.000000,0.000000,0.000000,0.000076,0.000000,1,0,0.000000,0.000000,0.000000
1327,6,1,1,1,1,1,0,1,0.000000,0.000000,0.000000,0.000076,0.000000,1,0,0.000000,0.000000,0.000000
1328,6,1,1,1,1,1,0,1,0.000000,0.000000,0.000000,0.000076,0.000000,1,0,0.000000,0.000000,0.000000
1329,6,1,1,1,1,1,0,1,0.000000,0.000000,0.000000,0.000076,0.000000,1,0,0.000000,0.000000,0.000000
1330,6,1,1,1,1,1,0,1,0.000000,0.000000,0.000000,0.000076,0.000000,1,0,0.000000,0.000000,0.000000
1331,6,1,1,1,1,1,0,1,0.000000,0.000000,0.000000,0.000076,0.000000,1,0,0.000000,0.000000,0.000000
1332,6,1,1,1,1,1,0,1,0.000000,0.000000,0.000000,0.000076,0.000000,1,0,0.000000,0.000000,0.000000
1333,6,1,1,1,1,1,0,1,0.000000,0.000000,0.000000,0.000076,0.000000,1,0,0.000000,0.000000,0.000000
1334,6,1,1,1,1,1,0,1,0.000000,0.000000,0.000000,0.000076,0.000000,1,0,0.000000,0.000000,0.000000
1335,6,1,1,1,1,1,0,1,0.000000,0.000000,0.000000,0.000076,0.000000,1,0,0.000000,0.000000,0.000000
1336,6,1,1,1,1,1,0,1,0.000000,0.000000,0.000000,0.000076,0.000000,1,0,0.000000,0.000000,0.000000
1337,6,1,1,1,1,1,0,1,0.000000,0.000000,0.000000,0.000076,0.000000,1,0,0.000000,0.000000,0.000000
1338,6,1,1,1,1,1,0,1,0.000000,0.000000,0.000000,0.000076,0.000000,1,0,0.000000,0.000000,0.000000
1339,6,1,1,1,1,1,0,1,0.000000,0.000000,0.000000,0.000076,0.000000,1,0,0.000000,0.000000,0.000000
1340,6,1,1,1,1,1,0,1,0.000000,0.000000,0.000000,0.000076,0.000000,1,0,0.000000,0.000000,0.000000
1341,6,1,1,1,1,1,0,1,0.000000,0.000000,0.000000,0.000076,0.000000,1,0,0.000000,0.000000,0.000000
1342,6,1,1,1,1,1,0,1,0.000000,0.000000,0.000000,0.000076,0.000000,1,0,0.000000,0.000000,0.000000
1343,6,1,1,1,1,1,0,1,0.000000,0.000000,0.000000,0.000076,0.000000,1,0,0.000000,0.000000,0.000000
1344,6,1,1,1,1,1,0,1,0.000000,0.000000,0.000000,0.000076,0.000000,1,0,0.000000,0.000000,0.000000
1345,6,1,1,1,1,1,0,1,0.000000,0.000000,0.000000,0.000076,0.000000,1,0,0.000000,0.000000,0.000000
1346,6,1,1,1,1,1,0,1,0.000000,0.000000,0.000000,0.000076,0.000000,1,0,0.000000,0.000000,0.000000
1347,6,1,1,1,1,1,0,1,0.000000,0.000000,0.000000,0.000076,0.000000,1,0,0.000000,0.000000,0.000000
1348,6,1,1,1,1,1,0,1,0.000000,0.000000,0.000000,0.000076,0.000000,1,0,0.000000,0.000000,0.000000
1349,6,1,1,1,1,1,0,1,0.000000,0.000000,0.000000,0.000076,0.000000,1,0,0.000000,0.000000,0.000000
1350,6,1,1,1,1,1,0,1,0.000000,0.000000,0.000000,0.000076,0.000000,1,0,0.000000,0.000000,0.000000
1351,6,1,1,1,1,1,0,1,0.000000,0.000000,0.000000,0.000076,0.000000,1,0,0.000000,0.000000,0.000000
1352,6,1,1,1,1,1,0,1,0.000000,0.000000,0.000000,0.000076,0.000000,1,0,0.000000,0.000000,0.000000
1353,6,1,1,1,1,1,0,1,0.000000,0.000000,0.000000,0.000076,0.000000,1,0,0.000000,0.000000,0.000000
1354,6,1,1,1,1,1,0,1,0.000000,0.000000,0.000000,0.000076,0.000000,1,0,0.000000,0.000000,0.000000
1355,6,1,1,1,1,1,0,1,0.000000,0.000000,0.000000,0.000076,0.000000,1,0,0.000000,0.000000,0.000000
1356,6,1,1,1,1,1,0,1,0.000000,0.000000,0.000000,0.000076,0.000000,1,0,0.000000,0.000000,0.000000
1357,6,1,1,1,1,1,0,1,0.000000,0.000000,0.000000,0.000076,0.000000,1,0,0.000000,0.000000,0.000000
1358,6,1,1,1,1,1,0,1,0.000000,0.000000,0.000000,0.000076,0.000000,1,0,0.000000,0.000000,0.000000
1359,6,1,1,1,1,1,0,1,0.000000,0.000000,0.000000,0.000076,0.000000,1,0,0.000000,0.000000,0.000000
1360,6,1,1,1,1,1,0,1,0.000000,0.000000,0.000000,0.000076,0.000000,1,0,0.000000,0.000000,0.000000
1361,6,1,1,1,1,1,0,1,0.000000,0.000000,0.000000,0.000076,0.000000,1,0,0.000000,0.000000,0.000000
1362,6,1,1,1,1,1,0,1,0.000000,0.000000,0.000000,0.000076,0.000000,1,0,0.000000,0.000000,0.000000
1363,6,1,1,1,1,1,0,1,0.000000,0.000000,0.000000,0.000076,0.000000,1,0,0.000000,0.000000,0.000000
1364,6,1,1,1,1,1,0,1,0.000000,0.000000,0.000000,0.000076,0.000000,1,0,0.000000,0.000000,0.000000
1365,6,1,1,1,1,1,0,1,0.000000,0.000000,0.000000,0.000076,0.000000,1,0,0.000000,0.000000,0.000000
1366,6,1,1,1,1,1,0,1,0.000000,0.000000,0.000000,0.000076,0.000000,1,0,0.000000,0.000000,0.000000
1367,6,1,1,1,1,1,0,1,0.000000,0.000000,0.000000,0.000076,0.000000,1,0,0.000000,0.000000,0.000000
1368,6,1,1,1,1,1,0,1,0.000000,0.000000,0.000000,0.000076,0.000000,1,0,0.000000,0.000000,0.000000
1369,6,1,1,1,1,1,0,1,0.000000,0.000000,0.000000,0.000076,0.000000,1,0,0.000000,0.000000,0.000000
1370,6,1,1,1,1,1,0,1,0.000000,0.000000,0.000000,0.000076,0.000000,1,0,0.000000,0.000000,0.000000
1371,6,1,1,1,1,1,0,1,0.000000,0.000000,0.000000,0.000076,0.000000,1,0,0.000000,0.000000,0.000000
1372,6,1,1,1,1,1,0,1,0.000000,0.000000,0.000000,0.000076,0.000000,1,0,0.000000,0.000000,0.000000
1373,6,1,1,1,1,1,0,1,0.000000,0.000000,0.000000,0.000076,0.000000,1,0,0.000000,0.000000,0.000000
1374,6,1,1,1,1,1,0,1,0.000000,0.000000,0.000000,0.000076,0.000000,1,0,0.000000,0.000000,0.000000
1375,6,1,1,1,1,1,0,1,0.000000,0.000000,0.000000,0.000076,0.000000,1,0,0.000000,0.000000,0.000000
1376,6,1,1,1,1,1,0,1,0.000000,0.000000,0.000000,0.000076,0.000000,1,0,0.000000,0.000000,0.000000
1377,6,1,1,1,1,1,0,1,0.000000,0.000000,0.000000,0.000076,0.000000,1,0,0.000000,0.000000,0.000000
1378,6,1,1,1,1,1,0,1,0.000000,0.000000,0.000000,0.000076,0.000000,1,0,0.000000,0.000000,0.000000
1379,6,1,1,1,1,1,0,1,0.000000,0.000000,0.000000,0.000076,0.000000,1,0,0.000000,0.000000,0.000000
1380,6,1,1,1,1,1,0,1,0.000000,0.000000,0.000000,0.000076,0.000000,1,0,0.000000,0.000000,0.000000
1381,6,1,1,1,1,1,0,1,0.000000,0.000000,0.000000,0.000076,0.000000,1,0,0.000000,0.000000,0.000000
1382,6,1,1,1,1,1,0,1,0.000000,0.000000,0.000000,0.000076,0.000000,1,0,0.000000,0.000000,0.000000
1383,6,1,1,1,1,1,0,1,0.000000,0.000000,0.000000,0.000076,0.000000,1,0,0.000000,0.000000,0.000000
1384,6,1,1,1,1,1,0,1,0.000000,0.000000,0.000000,0.000076,0.000000,1,0,0.000000,0.000000,0.000000
1385,6,1,1,1,1,1,0,1,0.000000,0.000000,0.000000,0.000076,0.000000,1,0,0.000000,0.000000,0.000000
1386,6,1,1,1,1,1,0,1,0.000000,0.000000,0.000000,0.000076,0.000000,1,0,0.000000,0.000000,0.000000
1387,6,1,1,1,1,1,0,1,0.000000,0.000000,0.000000,0.000076,0.000000,1,0,0.000000,0.000000,0.000000
1388,6,1,1,1,1,1,0,1,0.000000,0.000000,0.000000,0.000076,0.000000,1,0,0.000000,0.000000,0.000000
1389,6,1,1,1,1,1,0,1,0.000000,0.000000,0.000000,0.000076,0.000000,1,0,0.000000,0.000000,0.000000
1390,6,1,1,1,1,1,0,1,0.000000,0.000000,0.000000,0.000076,0.000000,1,0,0.000000,0.000000,0.000000
1391,6,1,1,1,1,1,0,1,0.000000,0.000000,0.000000,0.000076,0.000000,1,0,0.000000,0.000000,0.000000
1392,6,1,1,1,1,1,0,1,0.000000,0.000000,0.000000,0.000076,0.000000,1,0,0.000000,0.000000,0.000000
1393,6,1,1,1,1,1,0,1,0.000000,0.000000,0.000000,0.000076,0.000000,1,0,0.000000,0.000000,0.000000
1394,6,1,1,1,1,1,0,1,0.000000,0.000000,0.000000,0.000076,0.000000,1,0,0.000000,0.000000,0.000000
1395,6,1,1,1,1,1,0,1,0.000000,0.000000,0.000000,0.000076,0.000000,1,0,0.000000,0.000000,0.000000
1396,6,1,1,1,1,1,0,1,0.000000,0.000000,0.000000,0.000076,0.000000,1,0,0.000000,0.000000,0.000000
1397,6,1,1,1,1,1,0,1,0.000000,0.000000,0.000000,0.000076,0.000000,1,0,0.000000,0.000000,0.000000
1398,6,1,1,1,1,1,0,1,0.000000,0.000000,0.000000,0.000076,0.000000,1,0,0.000000,0.000000,0.000000
1399,6,1,1,1,1,1,0,1,0.000000,0.000000,0.000000,0.000076,0.000000,1,0,0.000000,0.000000,0.000000
1400,6,1,1,1,1,1,0,1,0.000000,0.000000,0.000000,0.000076,0.000000,1,0,0.000000,0.000000,0.000000
1401,6,1,1,1,1,1,0,1,0.000000,0.000000,0.000000,0.000076,0.000000,1,0,0.000000,0.000000,0.000000
1402,6,1,1,1,1,1,0,1,0.000000,0.000000,0.000000,0.000076,0.000000,1,0,0.000000,0.000000,0.000000
1403,6,1,1,1,1,1,0,1,0.000000,0.000000,0.000000,0.000076,0.000000,1,0,0.000000,0.000000,0.000000
1404,6,1,1,1,1,1,0,1,0.000000,0.000000,0.000000,0.000076,0.000000,1,0,0.000000,0.000000,0.000000
1405,6,1,1,1,1,1,0,1,0.000000,0.000000,0.000000,0.000076,0.000000,1,0,0.000000,0.000000,0.000000
1406,6,1,1,1,1,1,0,1,0.000000,0.000000,0.000000,0.000076,0.000000,1,0,0.000000,0.000000,0.000000
1407,6,1,1,1,1,1,0,1,0.000000,0.000000,0.000000,0.000076,0.000000,1,0,0.000000,0.000000,0.000000
1408,6,1,1,1,1,1,0,1,0.000000,0.000000,0.000000,0.000076,0.000000,1,0,0.000000,0.000000,0.000000
1409,6,1,1,1,1,1,0,1,0.000000,0.000000,0.000000,0.000076,0.000000,1,0,0.000000,0.000000,0.000000
1410,6,1,1,1,1,1,0,1,0.000000,0.000000,0.000000,0.000076,0.000000,1,0,0.000000,0.000000,0.000000
1411,6,1,1,1,1,1,0,1,0.000000,0.000000,0.000000,0.000076,0.000000,1,0,0.000000,0.000000,0.000000
1412,6,1,1,1,1,1,0,1,0.000000,0.000000,0.000000,0.000076,0.000000,1,0,0.000000,0.000000,0.000000
1413,6,1,1,1,1,1,0,1,0.000000,0.000000,0.000000,0.000076,0.000000,1,0,0.000000,0.000000,0.000000
1414,6,1,1,1,1,1,0,1,0.000000,0.000000,0.000000,0.000076,0.000000,1,0,0.000000,0.000000,0.000000
1415,6,1,1,1,1,1,0,1,0.000000,0.000000,0.000000,0.000076,0.000000,1,0,0.000000,0.000000,0.000000
1416,6,1,1,1,1,1,0,1,0.000000,0.000000,0.000000,0.000076,0.000000,1,0,0.000000,0.000000,0.000000
1417,6,1,1,1,1,1,0,1,0.000000,0.000000,0.000000,0.000076,0.000000,1,0,0.000000,0.000000,0.000000
1418,6,1,1,1,1,1,0,1,0.000000,0.000000,0.000000,0.000076,0.000000,1,0,0.000000,0.000000,0.000000
1419,6,1,1,1,1,1,0,1,0.000000,0.000000,0.000000,0.000076,0.000000,1,0,0.000000,0.000000,0.000000
1420,6,1,1,1,1,1,0,1,0.000000,0.000000,0.000000,0.000076,0.000000,1,0,0.000000,0.000000,0.000000
1421,6,1,1,1,1,1,0,1,0.000000,0.000000,0.000000,0.000076,0.000000,1,0,0.000000,0.000000,0.000000
1422,6,1,1,1,1,1,0,1,0.000000,0.000000,0.000000,0.000076,0.000000,1,0,0.000000,0.000000,0.000000
1423,6,1,1,1,1,1,0,1,0.000000,0.000000,0.000000,0.000076,0.000000,1,0,0.000000,0.000000,0.000000
1424,6,1,1,1,1,1,0,1,0.000000,0.000000,0.000000,0.000076,0.000000,1,0,0.000000,0.000000,0.000000
1425,6,1,1,1,1,1,0,1,0.000000,0.000000,0.000000,0.000076,0.000000,1,0,0.000000,0.000000,0.000000
1426,6,1,1,1,1,1,0,1,0.000000,0.000000,0.000000,0.000076,0.000000,1,0,0.000000,0.000000,0.000000
1427,6,1,1,1,1,1,0,1,0.000000,0.000000,0.000000,0.000076,0.000000,1,0,0.000000,0.000000,0.000000
1428,6,1,1,1,1,1,0,1,0.000000,0.000000,0.000000,0.000076,0.000000,1,0,0.000000,0.000000,0.000000
1429,6,1,1,1,1,1,0,1,0.000000,0.000000,0.000000,0.000076,0.000000,1,0,0.000000,0.000000,0.000000
1430,6,1,1,1,1,1,0,1,0.000000,0.000000,0.000000,0.000076,0.000000,1,0,0.000000,0.000000,0.000000
1431,6,1,1,1,1,1,0,1,0.000000,0.000000,0.000000,0.000076,0.000000,1,0,0.000000,0.000000,0.000000
1432,6,1,1,1,1,1,0,1,0.000000,0.000000,0.000000,0.000076,0.000000,1,0,0.000000,0.000000,0.000000
1433,6,1,1,1,1,1,0,1,0.000000,0.000000,0.000000,0.000076,0.000000,1,0,0.000000,0.000000,0.000000
1434,6,1,1,1,1,1,0,1,0.000000,0.000000,0.000000,0.000076,0.000000,1,0,0.000000,0.000000,0.000000
1435,6,1,1,1,1,1,0,1,0.000000,0.000000,0.000000,0.000076,0.000000,1,0,0.000000,0.000000,0.000000
1436,6,1,1,1,1,1,0,1,0.000000,0.000000,0.000000,0.000076,0.000000,1,0,0.000000,0.000000,0.000000
1437,6,1,1,1,1,1,0,1,0.000000,0.000000,0.000000,0.000076,0.000000,1,0,0.000000,0.000000,0.000000
1438,6,1,1,1,1,1,0,1,0.000000,0.000000,0.000000,0.000076,0.000000,1,0,0.000000,0.000000,0.000000
1439,6,1,1,1,1,1,0,1,0.000000,0.000000,0.000000,0.000076,0.000000,1,0,0.000000,0.000000,0.000000
1440,6,1,1,1,1,1,0,1,0.000000,0.000000,0.000000,0.000076,0.000000,1,0,0.000000,0.000000,0.000000
1441,6,1,1,1,1,1,0,1,0.000000,0.000000,0.000000,0.000076,0.000000,1,0,0.000000,0.000000,0.000000
1442,6,1,1,1,1,1,0,1,0.000000,0.000000,0.000000,0.000076,0.000000,1,0,0.000000,0.000000,0.000000
1443,6,1,1,1,1,1,0,1,0.000000,0.000000,0.000000,0.000076,0.000000,1,0,0.000000,0.000000,0.000000
1444,6,1,1,1,1,1,0,1,0.000000,0.000000,0.000000,0.000076,0.000000,1,0,0.000000,0.000000,0.000000
1445,6,1,1,1,1,1,0,1,0.000000,0.000000,0.000000,0.000076,0.000000,1,0,0.000000,0.000000,0.000000
1446,7,1,1,1,1,1,0,1,0.000000,0.000000,0.000000,0.000076,0.000000,1,0,0.000000,0.000000,0.000000
1447,7,1,1,1,1,1,0,1,0.000000,0.000000,0.000000,0.000076,0.000000,1,0,0.000000,0.000000,0.000000
1448,7,1,1,1,1,1,0,1,0.000000,0.000000,0.000000,0.000076,0.000000,1,0,0.000000,0.000000,0.000000
1449,7,1,1,1,1,1,0,1,0.000000,0.000000,0.000000,0.000076,0.000000,1,0,0.000000,0.000000,0.000000
1450,7,1,1,1,1,1,0,1,0.000000,0.000000,0.000000,0.000076,0.000000,1,0,0.000000,0.000000,0.000000
1451,7,1,1,1,1,1,0,1,0.000000,0.000000,0.000000,0.000076,0.000000,1,0,0.000000,0.000000,0.000000
1452,7,1,1,1,1,1,0,1,0.000000,0.000000,0.000000,0.000076,0.000000,1,0,0.000000,0.000000,0.000000
1453,7,1,1,1,1,1,0,1,0.000000,0.000000,0.000000,0.000076,0.000000,1,0,0.000000,0.000000,0.000000
1454,7,1,1,1,1,1,0,1,0.000000,0.000000,0.000000,0.000076,0.000000,1,0,0.000000,0.000000,0.000000
1455,7,1,1,1,1,1,0,1,0.000000,0.000000,0.000000,0.000076,0.000000,1,0,0.000000,0.000000,0.000000
1456,7,1,1,1,1,1,0,1,0.000000,0.000000,0.000000,0.000076,0.000000,1,0,0.000000,0.000000,0.000000
1457,7,1,1,1,1,1,0,1,0.000000,0.000000,0.000000,0.000076,0.000000,1,0,0.000000,0.000000,0.000000
1458,7,1,1,1,1,1,0,1,0.000000,0.000000,0.000000,0.000076,0.000000,1,0,0.000000,0.000000,0.000000
1459,7,1,1,1,1,1,0,1,0.000000,0.000000,0.000000,0.000076,0.000000,1,0,0.000000,0.000000,0.000000
1460,7,1,1,1,1,1,0,1,0.000000,0.000000,0.000000,0.000076,0.000000,1,0,0.000000,0.000000,0.000000
1461,7,1,1,1,1,1,0,1,0.000000,0.000000,0.000000,0.000076,0.000000,1,0,0.000000,0.000000,0.000000
1462,7,1,1,1,1,1,0,1,0.000000,0.000000,0.000000,0.000076,0.000000,1,0,0.000000,0.000000,0.000000
1463,7,1,1,0,0,1,0,1,0.000000,0.000000,0.000000,0.000000,0.000000,1,0,0.000000,0.000000,0.000000
1464,7,1,1,0,0,0,1,0,0.000000,0.000000,0.000000,0.000000,0.000000,0,0,0.000000,0.000000,0.000000
1465,7,1,1,0,1,0,1,0,0.000000,0.000000,0.000000,0.000000,0.000000,0,0,0.000000,0.000000,0.000000
1466,7,1,1,0,1,0,1,0,0.000000,0.000000,0.000000,0.000000,0.000000,0,0,0.000000,0.000000,0.000000
1467,7,1,1,0,1,0,1,0,0.000000,0.000000,0.000000,0.000000,0.000000,0,0,0.000000,0.000000,0.000000
1468,7,1,1,0,1,0,1,0,0.000000,0.000000,0.000000,0.000000,0.000000,0,0,0.000000,0.000000,0.000000
1469,7,1,1,0,1,0,1,0,0.000000,0.000000,0.000000,0.000000,0.000000,0,0,0.000000,0.000000,0.000000
1470,7,1,1,0,1,0,1,0,0.000000,0.000000,0.000000,0.000000,0.000000,0,0,0.000000,0.000000,0.000000
1471,7,1,1,0,1,0,1,0,0.000000,0.000000,0.000000,0.000000,0.000000,0,0,0.000000,0.000000,0.000000
1472,7,1,1,0,1,0,1,0,0.000000,0.000000,0.000000,0.000000,0.000000,0,0,0.000000,0.000000,0.000000
1473,7,1,1,0,1,0,1,0,0.000000,0.000000,0.000000,0.000000,0.000000,0,0,0.000000,0.000000,0.000000
1474,7,1,1,0,1,0,1,0,0.000000,0.000000,0.000000,0.000000,0.000000,0,0,0.000000,0.000000,0.000000
1475,7,1,1,0,1,0,1,0,0.000000,0.000000,0.000000,0.000000,0.000000,0,0,0.000000,0.000000,0.000000
1476,7,1,1,0,1,0,1,0,0.000000,0.000000,0.000000,0.000000,0.000000,0,0,0.000000,0.000000,0.000000
1477,7,1,1,0,1,0,1,0,0.000000,0.000000,0.000000,0.000000,0.000000,0,0,0.000000,0.000000,0.000000
1478,7,1,1,0,1,0,1,0,0.000000,0.000000,0.000000,0.000000,0.000000,0,0,0.000000,0.000000,0.000000
1479,7,1,1,0,1,0,1,0,0.000000,0.000000,0.000000,0.000000,0.000000,0,0,0.000000,0.000000,0.000000
1480,7,1,1,0,1,0,1,0,0.000000,0.000000,0.000000,0.000000,0.000000,0,0,0.000000,0.000000,0.000000
1481,7,1,1,0,1,0,1,0,0.000000,0.000000,0.000000,0.000000,0.000000,0,0,0.000000,0.000000,0.000000
1482,7,1,1,0,1,0,1,0,0.000000,0.000000,0.000000,0.000000,0.000000,0,0,0.000000,0.000000,0.000000
1483,7,1,1,0,1,0,1,0,0.000000,0.000000,0.000000,0.000000,0.000000,0,0,0.000000,0.000000,0.000000
1484,7,1,1,0,1,0,1,0,0.000000,0.000000,0.000000,0.000000,0.000000,0,0,0.000000,0.000000,0.000000
1485,7,1,1,0,1,0,1,0,0.000000,0.000000,0.000000,0.000000,0.000000,0,0,0.000000,0.000000,0.000000
1486,7,1,1,0,1,0,1,0,0.000000,0.000000,0.000000,0.000000,0.000000,0,0,0.000000,0.000000,0.000000
1487,7,1,1,0,1,0,1,0,0.000000,0.000000,0.000000,0.000000,0.000000,0,0,0.000000,0.000000,0.000000
1488,7,1,1,0,1,0,1,0,0.000000,0.000000,0.000000,0.000000,0.000000,0,0,0.000000,0.000000,0.000000
1489,7,1,1,0,1,0,1,0,0.000000,0.000000,0.000000,0.000000,0.000000,0,0,0.000000,0.000000,0.000000
1490,7,1,1,0,1,0,1,0,0.000000,0.000000,0.000000,0.000000,0.000000,0,0,0.000000,0.000000,0.000000
1491,7,1,1,0,1,0,1,0,0.000000,0.000000,0.000000,0.000000,0.000000,0,0,0.000000,0.000000,0.000000
1492,7,1,1,0,1,0,1,0,0.000000,0.000000,0.000000,0.000000,0.000000,0,0,0.000000,0.000000,0.000000
1493,7,1,1,0,1,0,1,0,0.000000,0.000000,0.000000,0.000000,0.000000,0,0,0.000000,0.000000,0.000000
1494,7,1,1,0,1,0,1,0,0.000000,0.000000,0.000000,0.000000,0.000000,0,0,0.000000,0.000000,0.000000
1495,7,1,1,0,1,0,1,0,0.000000,0.000000,0.000000,0.000000,0.000000,0,0,0.000000,0.000000,0.000000
1496,7,1,1,0,1,0,1,0,0.000000,0.000000,0.000000,0.000000,0.000000,0,0,0.000000,0.000000,0.000000
1497,7,1,1,0,1,0,1,0,0.000000,0.000000,0.000000,0.000000,0.000000,0,0,0.000000,0.000000,0.000000
1498,7,1,1,0,1,0,1,0,0.000000,0.000000,0.000000,0.000000,0.000000,0,0,0.000000,0.000000,0.000000
1499,7,1,1,0,1,0,1,0,0.000000,0.000000,0.000000,0.000000,0.000000,0,0,0.000000,0.000000,0.000000
1500,7,1,1,0,1,0,1,0,0.000000,0.000000,0.000000,0.000000,0.000000,0,0,0.000000,0.000000,0.000000
1501,7,1,1,0,1,0,1,0,0.000000,0.000000,0.000000,0.000000,0.000000,0,0,0.000000,0.000000,0.000000
1502,7,1,1,0,1,0,1,0,0.000000,0.000000,0.000000,0.000000,0.000000,0,0,0.000000,0.000000,0.000000
1503,7,1,1,0,1,0,1,0,0.000000,0.000000,0.000000,0.000000,0.000000,0,0,0.000000,0.000000,0.000000
1504,7,1,1,0,1,0,1,0,0.000000,0.000000,0.000000,0.000000,0.000000,0,0,0.000000,0.000000,0.000000
1505,7,1,1,0,1,0,1,0,0.000000,0.000000,0.000000,0.000000,0.000000,0,0,0.000000,0.000000,0.000000
1506,7,1,1,0,1,0,1,0,0.000000,0.000000,0.000000,0.000000,0.000000,0,0,0.000000,0.000000,0.000000
1507,7,1,1,0,1,0,1,0,0.000000,0.000000,0.000000,0.000000,0.000000,0,0,0.000000,0.000000,0.000000
1508,7,1,1,0,1,0,1,0,0.000000,0.000000,0.000000,0.000000,0.000000,0,0,0.000000,0.000000,0.000000
1509,7,1,1,0,1,0,1,0,0.000000,0.000000,0.000000,0.000000,0.000000,0,0,0.000000,0.000000,0.000000
1510,7,1,1,0,1,0,1,0,0.000000,0.000000,0.000000,0.000000,0.000000,0,0,0.000000,0.000000,0.000000
1511,7,1,1,0,1,0,1,0,0.000000,0.000000,0.000000,0.000000,0.000000,0,0,0.000000,0.000000,0.000000
1512,7,1,1,0,1,0,1,0,0.000000,0.000000,0.000000,0.000000,0.000000,0,0,0.000000,0.000000,0.000000
1513,7,1,1,0,1,0,1,0,0.000000,0.000000,0.000000,0.000000,0.000000,0,0,0.000000,0.000000,0.000000
1514,7,1,1,0,1,0,1,0,0.000000,0.000000,0.000000,0.000000,0.000000,0,0,0.000000,0.000000,0.000000
1515,7,1,1,0,1,0,1,0,0.000000,0.000000,0.000000,0.000000,0.000000,0,0,0.000000,0.000000,0.000000
1516,7,1,1,0,1,0,1,0,0.000000,0.000000,0.000000,0.000000,0.000000,0,0,0.000000,0.000000,0.000000
1517,7,1,1,0,1,0,1,0,0.000000,0.000000,0.000000,0.000000,0.000000,0,0,0.000000,0.000000,0.000000
1518,7,1,1,0,1,0,1,0,0.000000,0.000000,0.000000,0.000000,0.000000,0,0,0.000000,0.000000,0.000000
1519,7,1,1,0,1,0,1,0,0.000000,0.000000,0.000000,0.000000,0.000000,0,0,0.000000,0.000000,0.000000
1520,7,1,1,0,1,0,1,0,0.000000,0.000000,0.000000,0.000000,0.000000,0,0,0.000000,0.000000,0.000000
1521,7,1,1,0,1,0,1,0,0.000000,0.000000,0.000000,0.000000,0.000000,0,0,0.000000,0.000000,0.000000
1522,7,1,1,0,1,0,1,0,0.000000,0.000000,0.000000,0.000000,0.000000,0,0,0.000000,0.000000,0.000000
1523,7,1,1,0,1,0,1,0,0.000000,0.000000,0.000000,0.000000,0.000000,0,0,0.000000,0.000000,0.000000
1524,7,1,1,0,1,0,1,0,0.000000,0.000000,0.000000,0.000000,0.000000,0,0,0.000000,0.000000,0.000000
1525,7,1,1,0,1,0,1,0,0.000000,0.000000,0.000000,0.000000,0.000000,0,0,0.000000,0.000000,0.000000
1526,7,1,1,0,1,0,1,0,0.000000,0.000000,0.000000,0.000000,0.000000,0,0,0.000000,0.000000,0.000000
1527,7,1,1,0,1,0,1,0,0.000000,0.000000,0.000000,0.000000,0.000000,0,0,0.000000,0.000000,0.000000
1528,7,1,1,0,1,0,1,0,0.000000,0.000000,0.000000,0.000000,0.000000,0,0,0.000000,0.000000,0.000000
1529,8,1,1,1,0,0,1,0,0.000000,0.000000,0.000000,0.000000,0.000000,0,0,0.000000,0.000000,0.000000
1530,8,1,1,1,0,1,0,0,0.000000,0.000000,0.000000,0.000000,0.000000,1,0,0.000000,0.000000,0.000000
1531,8,1,1,1,1,1,0,1,0.000000,0.000000,0.000000,0.000076,0.000000,1,0,0.000000,0.000000,0.000000
1532,8,1,1,1,1,1,0,1,0.000000,0.000000,0.000000,0.000076,0.000000,1,0,0.000000,0.000000,0.000000
1533,8,1,1,1,1,1,0,1,0.000000,0.000000,0.000000,0.000076,0.000000,1,0,0.000000,0.000000,0.000000
1534,8,1,1,1,1,1,0,1,0.000000,0.000000,0.000000,0.000076,0.000000,1,0,0.000000,0.000000,0.000000
1535,8,1,1,1,1,1,0,1,0.000000,0.000000,0.000000,0.000076,0.000000,1,0,0.000000,0.000000,0.000000
1536,8,1,1,1,1,1,0,1,0.000000,0.000000,0.000000,0.000076,0.000000,1,0,0.000000,0.000000,0.000000
1537,8,1,1,1,1,1,0,1,0.000000,0.000000,0.000000,0.000076,0.000000,1,0,0.000000,0.000000,0.000000
1538,8,1,1,1,1,1,0,1,0.000000,0.000000,0.000000,0.000076,0.000000,1,0,0.000000,0.000000,0.000000
1539,8,1,1,1,1,1,0,1,0.000000,0.000000,0.000000,0.000076,0.000000,1,0,0.000000,0.000000,0.000000
1540,8,1,1,1,1,1,0,1,0.000000,0.000000,0.000000,0.000076,0.000000,1,0,0.000000,0.000000,0.000000
1541,8,1,1,1,1,1,0,1,0.000000,0.000000,0.000000,0.000076,0.000000,1,0,0.000000,0.000000,0.000000
1542,8,1,1,1,1,1,0,1,0.000000,0.000000,0.000000,0.000076,0.000000,1,0,0.000000,0.000000,0.000000
1543,8,1,1,1,1,1,0,1,0.000000,0.000000,0.000000,0.000076,0.000000,1,0,0.000000,0.000000,0.000000
1544,8,1,1,1,1,1,0,1,0.000000,0.000000,0.000000,0.000076,0.000000,1,0,0.000000,0.000000,0.000000
1545,8,1,1,1,1,1,0,1,0.000000,0.000000,0.000000,0.000076,0.000000,1,0,0.000000,0.000000,0.000000
1546,8,1,1,1,1,1,0,1,0.000000,0.000000,0.000000,0.000076,0.000000,1,0,0.000000,0.000000,0.000000
1547,8,1,1,1,1,1,0,1,0.000000,0.000000,0.000000,0.000076,0.000000,1,0,0.000000,0.000000,0.000000
1548,8,1,1,1,1,1,0,1,0.000000,0.000000,0.000000,0.000076,0.000000,1,0,0.000000,0.000000,0.000000
1549,8,1,1,1,1,1,0,1,0.000000,0.000000,0.000000,0.000076,0.000000,1,0,0.000000,0.000000,0.000000
1550,8,1,1,1,1,1,0,1,0.000000,0.000000,0.000000,0.000076,0.000000,1,0,0.000000,0.000000,0.000000
1551,8,1,1,1,1,1,0,1,0.000000,0.000000,0.000000,0.000076,0.000000,1,0,0.000000,0.000000,0.000000
1552,8,1,1,1,1,1,0,1,0.000000,0.000000,0.000000,0.000076,0.000000,1,0,0.000000,0.000000,0.000000
1553,8,1,1,1,1,1,0,1,0.000000,0.000000,0.000000,0.000076,0.000000,1,0,0.000000,0.000000,0.000000
1554,8,1,1,1,1,1,0,1,0.000000,0.000000,0.000000,0.000076,0.000000,1,0,0.000000,0.000000,0.000000
1555,8,1,1,1,1,1,0,1,0.000000,0.000000,0.000000,0.000076,0.000000,1,0,0.000000,0.000000,0.000000
1556,8,1,1,1,1,1,0,1,0.000000,0.000000,0.000000,0.000076,0.000000,1,0,0.000000,0.000000,0.000000
1557,8,1,1,1,1,1,0,1,0.000000,0.000000,0.000000,0.000076,0.000000,1,0,0.000000,0.000000,0.000000
1558,8,1,1,1,1,1,0,1,0.000000,0.000000,0.000000,0.000076,0.000000,1,0,0.000000,0.000000,0.000000
1559,8,1,1,1,1,1,0,1,0.000000,0.000000,0.000000,0.000076,0.000000,1,0,0.000000,0.000000,0.000000
1560,8,1,1,1,1,1,0,1,0.000000,0.000000,0.000000,0.000076,0.000000,1,0,0.000000,0.000000,0.000000
1561,8,1,1,1,1,1,0,1,0.000000,0.000000,0.000000,0.000076,0.000000,1,0,0.000000,0.000000,0.000000
1562,8,1,1,1,1,1,0,1,0.000000,0.000000,0.000000,0.000076,0.000000,1,0,0.000000,0.000000,0.000000
1563,8,1,1,1,1,1,0,1,0.000000,0.000000,0.000000,0.000076,0.000000,1,0,0.000000,0.000000,0.000000
1564,8,1,1,1,1,1,0,1,0.000000,0.000000,0.000000,0.000076,0.000000,1,0,0.000000,0.000000,0.000000
1565,8,1,1,1,1,1,0,1,0.000000,0.000000,0.000000,0.000076,0.000000,1,0,0.000000,0.000000,0.000000
1566,8,1,1,1,1,1,0,1,0.000000,0.000000,0.000000,0.000076,0.000000,1,0,0.000000,0.000000,0.000000
1567,8,1,1,1,1,1,0,1,0.000000,0.000000,0.000000,0.000076,0.000000,1,0,0.000000,0.000000,0.000000
1568,8,1,1,1,1,1,0,1,0.000000,0.000000,0.000000,0.000076,0.000000,1,0,0.000000,0.000000,0.000000
1569,8,1,1,1,1,1,0,1,0.000000,0.000000,0.000000,0.000076,0.000000,1,0,0.000000,0.000000,0.000000
1570,8,1,1,1,1,1,0,1,0.000000,0.000000,0.000000,0.000076,0.000000,1,0,0.000000,0.000000,0.000000
1571,8,1,1,1,1,1,0,1,0.000000,0.000000,0.000000,0.000076,0.000000,1,0,0.000000,0.000000,0.000000
1572,8,1,1,1,1,1,0,1,0.000000,0.000000,0.000000,0.000076,0.000000,1,0,0.000000,0.000000,0.000000
1573,8,1,1,1,1,1,0,1,0.000000,0.000000,0.000000,0.000076,0.000000,1,0,0.000000,0.000000,0.000000
1574,8,1,1,1,1,1,0,1,0.000000,0.000000,0.000000,0.000076,0.000000,1,0,0.000000,0.000000,0.000000
1575,8,1,1,1,1,1,0,1,0.000000,0.000000,0.000000,0.000076,0.000000,1,0,0.000000,0.000000,0.000000
1576,8,1,1,1,1,1,0,1,0.000000,0.000000,0.000000,0.000076,0.000000,1,0,0.000000,0.000000,0.000000
1577,8,1,1,1,1,1,0,1,0.000000,0.000000,0.000000,0.000076,0.000000,1,0,0.000000,0.000000,0.000000
1578,8,1,1,1,1,1,0,1,0.000000,0.000000,0.000000,0.000076,0.000000,1,0,0.000000,0.000000,0.000000
1579,8,1,1,1,1,1,0,1,0.000000,0.000000,0.000000,0.000076,0.000000,1,0,0.000000,0.000000,0.000000
1580,8,1,1,1,1,1,0,1,0.000000,0.000000,0.000000,0.000076,0.000000,1,0,0.000000,0.000000,0.000000
1581,8,1,1,1,1,1,0,1,0.000000,0.000000,0.000000,0.000076,0.000000,1,0,0.000000,0.000000,0.000000
1582,8,1,1,1,1,1,0,1,0.000000,0.000000,0.000000,0.000076,0.000000,1,0,0.000000,0.000000,0.000000
1583,8,1,1,1,1,1,0,1,0.000000,0.000000,0.000000,0.000076,0.000000,1,0,0.000000,0.000000,0.000000
1584,8,1,1,1,1,1,0,1,0.000000,0.000000,0.000000,0.000076,0.000000,1,0,0.000000,0.000000,0.000000
1585,8,1,1,1,1,1,0,1,0.000000,0.000000,0.000000,0.000076,0.000000,1,0,0.000000,0.000000,0.000000
1586,8,1,1,1,1,1,0,1,0.000000,0.000000,0.000000,0.000076,0.000000,1,0,0.000000,0.000000,0.000000
1587,8,1,1,1,1,1,0,1,0.000000,0.000000,0.000000,0.000076,0.000000,1,0,0.000000,0.000000,0.000000
1588,8,1,1,1,1,1,0,1,0.000000,0.000000,0.000000,0.000076,0.000000,1,0,0.000000,0.000000,0.000000
1589,8,1,1,1,1,1,0,1,0.000000,0.000000,0.000000,0.000076,0.000000,1,0,0.000000,0.000000,0.000000
1590,8,1,1,1,1,1,0,1,0.000000,0.000000,0.000000,0.000076,0.000000,1,0,0.000000,0.000000,0.000000
1591,8,1,1,1,1,1,0,1,0.000000,0.000000,0.000000,0.000076,0.000000,1,0,0.000000,0.000000,0.000000
1592,8,1,1,1,1,1,0,1,0.000000,0.000000,0.000000,0.000076,0.000000,1,0,0.000000,0.000000,0.000000
1593,8,1,1,1,1,1,0,1,0.000000,0.000000,0.000000,0.000076,0.000000,1,0,0.000000,0.000000,0.000000
1594,8,1,1,1,1,1,0,1,0.000000,0.000000,0.000000,0.000076,0.000000,1,0,0.000000,0.000000,0.000000
1595,8,1,1,1,1,1,0,1,0.000000,0.000000,0.000000,0.000076,0.000000,1,0,0.000000,0.000000,0.000000
1596,8,1,1,1,1,1,0,1,0.000000,0.000000,0.000000,0.000076,0.000000,1,0,0.000000,0.000000,0.000000
1597,8,1,1,1,1,1,0,1,0.000000,0.000000,0.000000,0.000076,0.000000,1,0,0.000000,0.000000,0.000000
1598,8,1,1,1,1,1,0,1,0.000000,0.000000,0.000000,0.000076,0.000000,1,0,0.000000,0.000000,0.000000
1599,8,1,1,1,1,1,0,1,0.000000,0.000000,0.000000,0.000076,0.000000,1,0,0.000000,0.000000,0.000000
1600,8,1,1,1,1,1,0,1,0.000000,0.000000,0.000000,0.000076,0.000000,1,0,0.000000,0.000000,0.000000
1601,8,1,1,1,1,1,0,1,0.000000,0.000000,0.000000,0.000076,0.000000,1,0,0.000000,0.000000,0.000000
1602,8,1,1,1,1,1,0,1,0.000000,0.000000,0.000000,0.000076,0.000000,1,0,0.000000,0.000000,0.000000
1603,8,1,1,1,1,1,0,1,0.000000,0.000000,0.000000,0.000076,0.000000,1,0,0.000000,0.000000,0.000000
1604,8,1,1,1,1,1,0,1,0.000000,0.000000,0.000000,0.000076,0.000000,1,0,0.000000,0.000000,0.000000
1605,8,1,1,1,1,1,0,1,0.000000,0.000000,0.000000,0.000076,0.000000,1,0,0.000000,0.000000,0.000000
1606,8,1,1,1,1,1,0,1,0.000000,0.000000,0.000000,0.000076,0.000000,1,0,0.000000,0.000000,0.000000
1607,8,1,1,1,1,1,0,1,0.000000,0.000000,0.000000,0.000076,0.000000,1,0,0.000000,0.000000,0.000000
1608,8,1,1,1,1,1,0,1,0.000000,0.000000,0.000000,0.000076,0.000000,1,0,0.000000,0.000000,0.000000
1609,8,1,1,1,1,1,0,1,0.000000,0.000000,0.000000,0.000076,0.000000,1,0,0.000000,0.000000,0.000000
1610,8,1,1,1,1,1,0,1,0.000000,0.000000,0.000000,0.000076,0.000000,1,0,0.000000,0.000000,0.000000
1611,8,1,1,1,1,1,0,1,0.000000,0.000000,0.000000,0.000076,0.000000,1,0,0.000000,0.000000,0.000000
1612,8,1,1,1,1,1,0,1,0.000000,0.000000,0.000000,0.000076,0.000000,1,0,0.000000,0.000000,0.000000
1613,8,1,1,1,1,1,0,1,0.000000,0.000000,0.000000,0.000076,0.000000,1,0,0.000000,0.000000,0.000000
1614,8,1,1,1,1,1,0,1,0.000000,0.000000,0.000000,0.000076,0.000000,1,0,0.000000,0.000000,0.000000
1615,8,1,1,1,1,1,0,1,0.000000,0.000000,0.000000,0.000076,0.000000,1,0,0.000000,0.000000,0.000000
1616,8,1,1,1,1,1,0,1,0.000000,0.000000,0.000000,0.000076,0.000000,1,0,0.000000,0.000000,0.000000
1617,8,1,1,1,1,1,0,1,0.000000,0.000000,0.000000,0.000076,0.000000,1,0,0.000000,0.000000,0.000000
1618,8,1,1,1,1,1,0,1,0.000000,0.000000,0.000000,0.000076,0.000000,1,0,0.000000,0.000000,0.000000
1619,9,1,1,1,1,1,0,1,0.000000,0.000000,0.000000,0.000076,0.000000,1,0,0.000000,0.000000,0.000000
1620,9,1,1,1,1,1,0,1,0.000000,0.000000,0.000000,0.000076,0.000000,1,0,0.000000,0.000000,0.000000
1621,9,1,1,1,1,1,0,1,0.000000,0.000000,0.000000,0.000076,0.000000,1,0,0.000000,0.000000,0.000000
1622,9,1,1,1,1,1,0,1,0.000000,0.000000,0.000000,0.000076,0.000000,1,0,0.000000,0.000000,0.000000
1623,9,1,1,1,1,1,0,1,0.000000,0.000000,0.000000,0.000076,0.000000,1,0,0.000000,0.000000,0.000000
1624,9,1,1,1,1,1,0,1,0.000000,0.000000,0.000000,0.000076,0.000000,1,0,0.000000,0.000000,0.000000
1625,9,1,1,1,1,1,0,1,0.000000,0.000000,0.000000,0.000076,0.000000,1,0,0.000000,0.000000,0.000000
1626,9,1,1,1,1,1,0,1,0.000000,0.000000,0.000000,0.000076,0.000000,1,0,0.000000,0.000000,0.000000
1627,9,1,1,1,1,1,0,1,0.000000,0.000000,0.000000,0.000076,0.000000,1,0,0.000000,0.000000,0.000000
1628,9,1,1,1,1,1,0,1,0.000000,0.000000,0.000000,0.000076,0.000000,1,0,0.000000,0.000000,0.000000
1629,9,1,1,1,1,1,0,1,0.000000,0.000000,0.000000,0.000076,0.000000,1,0,0.000000,0.000000,0.000000
1630,9,1,1,1,1,1,0,1,0.000000,0.000000,0.000000,0.000076,0.000000,1,0,0.000000,0.000000,0.000000
1631,9,1,1,1,1,1,0,1,0.000000,0.000000,0.000000,0.000076,0.000000,1,0,0.000000,0.000000,0.000000
1632,9,1,1,1,1,1,0,1,0.000000,0.000000,0.000000,0.000076,0.000000,1,0,0.000000,0.000000,0.000000
1633,9,1,1,1,1,1,0,1,0.000000,0.000000,0.000000,0.000076,0.000000,1,0,0.000000,0.000000,0.000000
1634,9,1,1,1,1,1,0,1,0.000000,0.000000,0.000000,0.000076,0.000000,1,0,0.000000,0.000000,0.000000
1635,9,1,1,1,1,1,0,1,0.000000,0.000000,0.000000,0.000076,0.000000,1,0,0.000000,0.000000,0.000000
1636,9,1,1,1,1,1,0,1,0.000000,0.000000,0.000000,0.000076,0.000000,1,0,0.000000,0.000000,0.000000
1637,9,1,1,1,1,1,0,1,0.000000,0.000000,0.000000,0.000076,0.000000,1,0,0.000000,0.000000,0.000000
1638,9,1,1,1,1,1,0,1,0.000000,0.000000,0.000000,0.000076,0.000000,1,0,0.000000,0.000000,0.000000
1639,9,1,1,1,1,1,0,1,0.000000,0.000000,0.000000,0.000076,0.000000,1,0,0.000000,0.000000,0.000000
1640,9,1,1,1,1,1,0,1,0.000000,0.000000,0.000000,0.000076,0.000000,1,0,0.000000,0.000000,0.000000
1641,9,1,1,1,1,1,0,1,0.000000,0.000000,0.000000,0.000076,0.000000,1,0,0.000000,0.000000,0.000000
1642,9,1,1,1,1,1,0,1,0.000000,0.000000,0.000000,0.000076,0.000000,1,0,0.000000,0.000000,0.000000
1643,9,1,1,1,1,1,0,1,0.000000,0.000000,0.000000,0.000076,0.000000,1,0,0.000000,0.000000,0.000000
1644,9,1,1,1,1,1,0,1,0.000000,0.000000,0.000000,0.000076,0.000000,1,0,0.000000,0.000000,0.000000
1645,9,1,1,1,1,1,0,1,0.000000,0.000000,0.000000,0.000076,0.000000,1,0,0.000000,0.000000,0.000000
1646,9,1,1,1,1,1,0,1,0.000000,0.000000,0.000000,0.000076,0.000000,1,0,0.000000,0.000000,0.000000
1647,9,1,1,1,1,1,0,1,0.000000,0.000000,0.000000,0.000076,0.000000,1,0,0.000000,0.000000,0.000000
1648,9,1,1,1,1,1,0,1,0.000000,0.000000,0.000000,0.000076,0.000000,1,0,0.000000,0.000000,0.000000
1649,9,1,1,1,1,1,0,1,0.000000,0.000000,0.000000,0.000076,0.000000,1,0,0.000000,0.000000,0.000000
1650,9,1,1,1,1,1,0,1,0.000000,0.000000,0.000000,0.000076,0.000000,1,0,0.000000,0.000000,0.000000
1651,9,1,1,1,1,1,0,1,0.000000,0.000000,0.000000,0.000076,0.000000,1,0,0.000000,0.000000,0.000000
1652,9,1,1,1,1,1,0,1,0.000000,0.000000,0.000000,0.000076,0.000000,1,0,0.000000,0.000000,0.000000
1653,9,1,1,1,1,1,0,1,0.000000,0.000000,0.000000,0.000076,0.000000,1,0,0.000000,0.000000,0.000000
1654,9,1,1,1,1,1,0,1,0.000000,0.000000,0.000000,0.000076,0.000000,1,0,0.000000,0.000000,0.000000
1655,9,1,1,1,1,1,0,1,0.000000,0.000000,0.000000,0.000076,0.000000,1,0,0.000000,0.000000,0.000000
1656,9,1,1,1,1,1,0,1,0.000000,0.000000,0.000000,0.000076,0.000000,1,0,0.000000,0.000000,0.000000
1657,9,1,1,1,1,1,0,1,0.000000,0.000000,0.000000,0.000076,0.000000,1,0,0.000000,0.000000,0.000000
1658,9,1,1,1,1,1,0,1,0.000000,0.000000,0.000000,0.000076,0.000000,1,0,0.000000,0.000000,0.000000
1659,9,1,1,1,1,1,0,1,0.000000,0.000000,0.000000,0.000076,0.000000,1,0,0.000000,0.000000,0.000000
1660,9,1,1,1,1,1,0,1,0.000000,0.000000,0.000000,0.000076,0.000000,1,0,0.000000,0.000000,0.000000
1661,9,1,1,1,1,1,0,1,0.000000,0.000000,0.000000,0.000076,0.000000,1,0,0.000000,0.000000,0.000000
1662,9,1,1,1,1,1,0,1,0.000000,0.000000,0.000000,0.000076,0.000000,1,0,0.000000,0.000000,0.000000
1663,9,1,1,1,1,1,0,1,0.000000,0.000000,0.000000,0.000076,0.000000,1,0,0.000000,0.000000,0.000000
1664,9,1,1,1,1,1,0,1,0.000000,0.000000,0.000000,0.000076,0.000000,1,0,0.000000,0.000000,0.000000
1665,9,1,1,1,1,1,0,1,0.000000,0.000000,0.000000,0.000076,0.000000,1,0,0.000000,0.000000,0.000000
1666,9,1,1,1,1,1,0,1,0.000000,0.000000,0.000000,0.000076,0.000000,1,0,0.000000,0.000000,0.000000
1667,9,1,1,1,1,1,0,1,0.000000,0.000000,0.000000,0.000076,0.000000,1,0,0.000000,0.000000,0.000000
1668,9,1,1,1,1,1,0,1,0.000000,0.000000,0.000000,0.000076,0.000000,1,0,0.000000,0.000000,0.000000
1669,9,1,1,1,1,1,0,1,0.000000,0.000000,0.000000,0.000076,0.000000,1,0,0.000000,0.000000,0.000000
1670,9,1,1,1,1,1,0,1,0.000000,0.000000,0.000000,0.000076,0.000000,1,0,0.000000,0.000000,0.000000
1671,9,1,1,1,1,1,0,1,0.000000,0.000000,0.000000,0.000076,0.000000,1,0,0.000000,0.000000,0.000000
1672,9,1,1,1,1,1,0,1,0.000000,0.000000,0.000000,0.000076,0.000000,1,0,0.000000,0.000000,0.000000
1673,9,1,1,1,1,1,0,1,0.000000,0.000000,0.000000,0.000076,0.000000,1,0,0.000000,0.000000,0.000000
1674,9,1,1,1,1,1,0,1,0.000000,0.000000,0.000000,0.000076,0.000000,1,0,0.000000,0.000000,0.000000
1675,9,1,1,1,1,1,0,1,0.000000,0.000000,0.000000,0.000076,0.000000,1,0,0.000000,0.000000,0.000000
1676,9,1,1,1,1,1,0,1,0.000000,0.000000,0.000000,0.000076,0.000000,1,0,0.000000,0.000000,0.000000
1677,9,1,1,1,1,1,0,1,0.000000,0.000000,0.000000,0.000076,0.000000,1,0,0.000000,0.000000,0.000000
1678,9,1,1,1,1,1,0,1,0.000000,0.000000,0.000000,0.000076,0.000000,1,0,0.000000,0.000000,0.000000
1679,9,1,1,1,1,1,0,1,0.000000,0.000000,0.000000,0.000076,0.000000,1,0,0.000000,0.000000,0.000000
1680,9,1,1,1,1,1,0,1,0.000000,0.000000,0.000000,0.000076,0.000000,1,0,0.000000,0.000000,0.000000
1681,9,1,1,1,1,1,0,1,0.000000,0.000000,0.000000,0.000076,0.000000,1,0,0.000000,0.000000,0.000000
1682,9,1,1,1,1,1,0,1,0.000000,0.000000,0.000000,0.000076,0.000000,1,0,0.000000,0.000000,0.000000
1683,9,1,1,1,1,1,0,1,0.000000,0.000000,0.000000,0.000076,0.000000,1,0,0.000000,0.000000,0.000000
1684,9,1,1,1,1,1,0,1,0.000000,0.000000,0.000000,0.000076,0.000000,1,0,0.000000,0.000000,0.000000
1685,9,1,1,1,1,1,0,1,0.000000,0.000000,0.000000,0.000076,0.000000,1,0,0.000000,0.000000,0.000000
1686,9,1,1,1,1,1,0,1,0.000000,0.000000,0.000000,0.000076,0.000000,1,0,0.000000,0.000000,0.000000
1687,9,1,1,1,1,1,0,1,0.000000,0.000000,0.000000,0.000076,0.000000,1,0,0.000000,0.000000,0.000000
1688,9,1,1,1,1,1,0,1,0.000000,0.000000,0.000000,0.000076,0.000000,1,0,0.000000,0.000000,0.000000
1689,9,1,1,1,1,1,0,1,0.000000,0.000000,0.000000,0.000076,0.000000,1,0,0.000000,0.000000,0.000000
1690,9,1,1,1,1,1,0,1,0.000000,0.000000,0.000000,0.000076,0.000000,1,0,0.000000,0.000000,0.000000
1691,9,1,1,1,1,1,0,1,0.000000,0.000000,0.000000,0.000076,0.000000,1,0,0.000000,0.000000,0.000000
1692,9,1,1,1,1,1,0,1,0.000000,0.000000,0.000000,0.000076,0.000000,1,0,0.000000,0.000000,0.000000
1693,9,1,1,1,1,1,0,1,0.000000,0.000000,0.000000,0.000076,0.000000,1,0,0.000000,0.000000,0.000000
1694,9,1,1,1,1,1,0,1,0.000000,0.000000,0.000000,0.000076,0.000000,1,0,0.000000,0.000000,0.000000
1695,9,1,1,1,1,1,0,1,0.000000,0.000000,0.000000,0.000076,0.000000,1,0,0.000000,0.000000,0.000000
1696,9,1,1,1,1,1,0,1,0.000000,0.000000,0.000000,0.000076,0.000000,1,0,0.000000,0.000000,0.000000
1697,9,1,1,1,1,1,0,1,0.000000,0.000000,0.000000,0.000076,0.000000,1,0,0.000000,0.000000,0.000000
1698,9,1,1,1,1,1,0,1,0.000000,0.000000,0.000000,0.000076,0.000000,1,0,0.000000,0.000000,0.000000
1699,9,1,1,1,1,1,0,1,0.000000,0.000000,0.000000,0.000076,0.000000,1,0,0.000000,0.000000,0.000000
1700,9,1,1,1,1,1,0,1,0.000000,0.000000,0.000000,0.000076,0.000000,1,0,0.000000,0.000000,0.000000
1701,9,1,1,1,1,1,0,1,0.000000,0.000000,0.000000,0.000076,0.000000,1,0,0.000000,0.000000,0.000000
1702,9,1,1,1,1,1,0,1,0.000000,0.000000,0.000000,0.000076,0.000000,1,0,0.000000,0.000000,0.000000
1703,9,1,1,1,1,1,0,1,0.000000,0.000000,0.000000,0.000076,0.000000,1,0,0.000000,0.000000,0.000000
1704,9,1,1,1,1,1,0,1,0.000000,0.000000,0.000000,0.000076,0.000000,1,0,0.000000,0.000000,0.000000
1705,9,1,1,1,1,1,0,1,0.000000,0.000000,0.000000,0.000076,0.000000,1,0,0.000000,0.000000,0.000000
1706,9,1,1,1,1,1,0,1,0.000000,0.000000,0.000000,0.000076,0.000000,1,0,0.000000,0.000000,0.000000
1707,9,1,1,1,1,1,0,1,0.000000,0.000000,0.000000,0.000076,0.000000,1,0,0.000000,0.000000,0.000000
1708,9,1,1,1,1,1,0,1,0.000000,0.000000,0.000000,0.000076,0.000000,1,0,0.000000,0.000000,0.000000
1709,10,1,1,1,1,1,0,1,0.000000,0.000000,0.000000,0.000076,0.000000,1,0,0.000000,0.000000,0.000000
1710,10,1,1,1,1,1,0,1,0.000000,0.000000,0.000000,0.000076,0.000000,1,0,0.000000,0.000000,0.000000
1711,10,1,1,1,1,1,0,1,0.000000,0.000000,0.000000,0.000076,0.000000,1,0,0.000000,0.000000,0.000000
1712,10,1,1,1,1,1,0,1,0.000000,0.000000,0.000000,0.000076,0.000000,1,0,0.000000,0.000000,0.000000
1713,10,1,1,1,1,1,0,1,0.000000,0.000000,0.000000,0.000076,0.000000,1,0,0.000000,0.000000,0.000000
1714,10,1,1,1,1,1,0,1,0.000000,0.000000,0.000000,0.000076,0.000000,1,0,0.000000,0.000000,0.000000
1715,10,1,1,1,1,1,0,1,0.000000,0.000000,0.000000,0.000076,0.000000,1,0,0.000000,0.000000,0.000000
1716,10,1,1,1,1,1,0,1,0.000000,0.000000,0.000000,0.000076,0.000000,1,0,0.000000,0.000000,0.000000
1717,10,1,1,1,1,1,0,1,0.000000,0.000000,0.000000,0.000076,0.000000,1,0,0.000000,0.000000,0.000000
1718,10,1,1,1,1,1,0,1,0.000000,0.000000,0.000000,0.000076,0.000000,1,0,0.000000,0.000000,0.000000
1719,10,1,1,1,1,1,0,1,0.000000,0.000000,0.000000,0.000076,0.000000,1,0,0.000000,0.000000,0.000000
1720,10,1,1,1,1,1,0,1,0.000000,0.000000,0.000000,0.000076,0.000000,1,0,0.000000,0.000000,0.000000
1721,10,1,1,1,1,1,0,1,0.000000,0.000000,0.000000,0.000076,0.000000,1,0,0.000000,0.000000,0.000000
1722,10,1,1,1,1,1,0,1,0.000000,0.000000,0.000000,0.000076,0.000000,1,0,0.000000,0.000000,0.000000
1723,10,1,1,1,1,1,0,1,0.000000,0.000000,0.000000,0.000076,0.000000,1,0,0.000000,0.000000,0.000000
1724,10,1,1,1,1,1,0,1,0.000000,0.000000,0.000000,0.000076,0.000000,1,0,0.000000,0.000000,0.000000
1725,10,1,1,1,1,1,0,1,0.000000,0.000000,0.000000,0.000076,0.000000,1,0,0.000000,0.000000,0.000000
1726,10,1,1,1,1,1,0,1,0.000000,0.000000,0.000000,0.000076,0.000000,1,0,0.000000,0.000000,0.000000
1727,10,1,1,1,1,1,0,1,0.000000,0.000000,0.000000,0.000076,0.000000,1,0,0.000000,0.000000,0.000000
1728,10,1,1,1,1,1,0,1,0.000000,0.000000,0.000000,0.000076,0.000000,1,0,0.000000,0.000000,0.000000
1729,10,1,1,1,1,1,0,1,0.000000,0.000000,0.000000,0.000076,0.000000,1,0,0.000000,0.000000,0.000000
1730,10,1,1,1,1,1,0,1,0.000000,0.000000,0.000000,0.000076,0.000000,1,0,0.000000,0.000000,0.000000
1731,10,1,1,1,1,1,0,1,0.000000,0.000000,0.000000,0.000076,0.000000,1,0,0.000000,0.000000,0.000000
1732,10,1,1,1,1,1,0,1,0.000000,0.000000,0.000000,0.000076,0.000000,1,0,0.000000,0.000000,0.000000
1733,10,1,1,1,1,1,0,1,0.000000,0.000000,0.000000,0.000076,0.000000,1,0,0.000000,0.000000,0.000000
1734,10,1,1,1,1,1,0,1,0.000000,0.000000,0.000000,0.000076,0.000000,1,0,0.000000,0.000000,0.000000
1735,10,1,1,1,1,1,0,1,0.000000,0.000000,0.000000,0.000076,0.000000,1,0,0.000000,0.000000,0.000000
1736,10,1,1,1,1,1,0,1,0.000000,0.000000,0.000000,0.000076,0.000000,1,0,0.000000,0.000000,0.000000
1737,10,1,1,1,1,1,0,1,0.000000,0.000000,0.000000,0.000076,0.000000,1,0,0.000000,0.000000,0.000000
1738,10,1,1,1,1,1,0,1,0.000000,0.000000,0.000000,0.000076,0.000000,1,0,0.000000,0.000000,0.000000
1739,10,1,1,1,1,1,0,1,0.000000,0.000000,0.000000,0.000076,0.000000,1,0,0.000000,0.000000,0.000000
1740,10,1,1,1,1,1,0,1,0.000000,0.000000,0.000000,0.000076,0.000000,1,0,0.000000,0.000000,0.000000
1741,10,1,1,1,1,1,0,1,0.000000,0.000000,0.000000,0.000076,0.000000,1,0,0.000000,0.000000,0.000000
1742,10,1,1,1,1,1,0,1,0.000000,0.000000,0.000000,0.000076,0.000000,1,0,0.000000,0.000000,0.000000
1743,10,1,1,1,1,1,0,1,0.000000,0.000000,0.000000,0.000076,0.000000,1,0,0.000000,0.000000,0.000000
1744,10,1,1,1,1,1,0,1,0.000000,0.000000,0.000000,0.000076,0.000000,1,0,0.000000,0.000000,0.000000
1745,10,1,1,1,1,1,0,1,0.000000,0.000000,0.000000,0.000076,0.000000,1,0,0.000000,0.000000,0.000000
1746,10,1,1,1,1,1,0,1,0.000000,0.000000,0.000000,0.000076,0.000000,1,0,0.000000,0.000000,0.000000
1747,10,1,1,1,1,1,0,1,0.000000,0.000000,0.000000,0.000076,0.000000,1,0,0.000000,0.000000,0.000000
1748,10,1,1,1,1,1,0,1,0.000000,0.000000,0.000000,0.000076,0.000000,1,0,0.000000,0.000000,0.000000
1749,10,1,1,1,1,1,0,1,0.000000,0.000000,0.000000,0.000076,0.000000,1,0,0.000000,0.000000,0.000000
1750,10,1,1,1,1,1,0,1,0.000000,0.000000,0.000000,0.000076,0.000000,1,0,0.000000,0.000000,0.000000
1751,10,1,1,1,1,1,0,1,0.000000,0.000000,0.000000,0.000076,0.000000,1,0,0.000000,0.000000,0.000000
1752,10,1,1,1,1,1,0,1,0.000000,0.000000,0.000000,0.000076,0.000000,1,0,0.000000,0.000000,0.000000
1753,10,1,1,1,1,1,0,1,0.000000,0.000000,0.000000,0.000076,0.000000,1,0,0.000000,0.000000,0.000000
1754,10,1,1,1,1,1,0,1,0.000000,0.000000,0.000000,0.000076,0.000000,1,0,0.000000,0.000000,0.000000
1755,10,1,1,1,1,1,0,1,0.000000,0.000000,0.000000,0.000076,0.000000,1,0,0.000000,0.000000,0.000000
1756,10,1,1,1,1,1,0,1,0.000000,0.000000,0.000000,0.000076,0.000000,1,0,0.000000,0.000000,0.000000
1757,10,1,1,1,1,1,0,1,0.000000,0.000000,0.000000,0.000076,0.000000,1,0,0.000000,0.000000,0.000000
1758,10,1,1,1,1,1,0,1,0.000000,0.000000,0.000000,0.000076,0.000000,1,0,0.000000,0.000000,0.000000
1759,10,1,1,1,1,1,0,1,0.000000,0.000000,0.000000,0.000076,0.000000,1,0,0.000000,0.000000,0.000000
1760,10,1,1,1,1,1,0,1,0.000000,0.000000,0.000000,0.000076,0.000000,1,0,0.000000,0.000000,0.000000
1761,10,1,1,1,1,1,0,1,0.000000,0.000000,0.000000,0.000076,0.000000,1,0,0.000000,0.000000,0.000000
1762,10,1,1,1,1,1,0,1,0.000000,0.000000,0.000000,0.000076,0.000000,1,0,0.000000,0.000000,0.000000
1763,10,1,1,1,1,1,0,1,0.000000,0.000000,0.000000,0.000076,0.000000,1,0,0.000000,0.000000,0.000000
1764,10,1,1,1,1,1,0,1,0.000000,0.000000,0.000000,0.000076,0.000000,1,0,0.000000,0.000000,0.000000
1765,10,1,1,1,1,1,0,1,0.000000,0.000000,0.000000,0.000076,0.000000,1,0,0.000000,0.000000,0.000000
1766,10,1,1,1,1,1,0,1,0.000000,0.000000,0.000000,0.000076,0.000000,1,0,0.000000,0.000000,0.000000
1767,10,1,1,1,1,1,0,1,0.000000,0.000000,0.000000,0.000076,0.000000,1,0,0.000000,0.000000,0.000000
1768,10,1,1,1,1,1,0,1,0.000000,0.000000,0.000000,0.000076,0.000000,1,0,0.000000,0.000000,0.000000
1769,10,1,1,1,1,1,0,1,0.000000,0.000000,0.000000,0.000076,0.000000,1,0,0.000000,0.000000,0.000000
1770,10,1,1,1,1,1,0,1,0.000000,0.000000,0.000000,0.000076,0.000000,1,0,0.000000,0.000000,0.000000
1771,10,1,1,1,1,1,0,1,0.000000,0.000000,0.000000,0.000076,0.000000,1,0,0.000000,0.000000,0.000000
1772,10,1,1,1,1,1,0,1,0.000000,0.000000,0.000000,0.000076,0.000000,1,0,0.000000,0.000000,0.000000
1773,10,1,1,1,1,1,0,1,0.000000,0.000000,0.000000,0.000076,0.000000,1,0,0.000000,0.000000,0.000000
1774,10,1,1,1,1,1,0,1,0.000000,0.000000,0.000000,0.000076,0.000000,1,0,0.000000,0.000000,0.000000
1775,10,1,1,1,1,1,0,1,0.000000,0.000000,0.000000,0.000076,0.000000,1,0,0.000000,0.000000,0.000000
1776,10,1,1,1,1,1,0,1,0.000000,0.000000,0.000000,0.000076,0.000000,1,0,0.000000,0.000000,0.000000
1777,10,1,1,1,1,1,0,1,0.000000,0.000000,0.000000,0.000076,0.000000,1,0,0.000000,0.000000,0.000000
1778,10,1,1,1,1,1,0,1,0.000000,0.000000,0.000000,0.000076,0.000000,1,0,0.000000,0.000000,0.000000
1779,10,1,1,1,1,1,0,1,0.000000,0.000000,0.000000,0.000076,0.000000,1,0,0.000000,0.000000,0.000000
1780,10,1,1,1,1,1,0,1,0.000000,0.000000,0.000000,0.000076,0.000000,1,0,0.000000,0.000000,0.000000
1781,10,1,1,1,1,1,0,1,0.000000,0.000000,0.000000,0.000076,0.000000,1,0,0.000000,0.000000,0.000000
1782,10,1,1,1,1,1,0,1,0.000000,0.000000,0.000000,0.000076,0.000000,1,0,0.000000,0.000000,0.000000
1783,10,1,1,1,1,1,0,1,0.000000,0.000000,0.000000,0.000076,0.000000,1,0,0.000000,0.000000,0.000000
1784,10,1,1,1,1,1,0,1,0.000000,0.000000,0.000000,0.000076,0.000000,1,0,0.000000,0.000000,0.000000
1785,10,1,1,1,1,1,0,1,0.000000,0.000000,0.000000,0.000076,0.000000,1,0,0.000000,0.000000,0.000000
1786,10,1,1,1,1,1,0,1,0.000000,0.000000,0.000000,0.000076,0.000000,1,0,0.000000,0.000000,0.000000
1787,10,1,1,1,1,1,0,1,0.000000,0.000000,0.000000,0.000076,0.000000,1,0,0.000000,0.000000,0.000000
1788,10,1,1,1,1,1,0,1,0.000000,0.000000,0.000000,0.000076,0.000000,1,0,0.000000,0.000000,0.000000
1789,10,1,1,1,1,1,0,1,0.000000,0.000000,0.000000,0.000076,0.000000,1,0,0.000000,0.000000,0.000000
1790,10,1,1,1,1,1,0,1,0.000000,0.000000,0.000000,0.000076,0.000000,1,0,0.000000,0.000000,0.000000
1791,10,1,1,1,1,1,0,1,0.000000,0.000000,0.000000,0.000076,0.000000,1,0,0.000000,0.000000,0.000000
1792,10,1,1,1,1,1,0,1,0.000000,0.000000,0.000000,0.000076,0.000000,1,0,0.000000,0.000000,0.000000
1793,10,1,1,1,1,1,0,1,0.000000,0.000000,0.000000,0.000076,0.000000,1,0,0.000000,0.000000,0.000000
1794,10,1,1,1,1,1,0,1,0.000000,0.000000,0.000000,0.000076,0.000000,1,0,0.000000,0.000000,0.000000
1795,10,1,1,1,1,1,0,1,0.000000,0.000000,0.000000,0.000076,0.000000,1,0,0.000000,0.000000,0.000000
1796,10,1,1,1,1,1,0,1,0.000000,0.000000,0.000000,0.000076,0.000000,1,0,0.000000,0.000000,0.000000
1797,10,1,1,1,1,1,0,1,0.000000,0.000000,0.000000,0.000076,0.000000,1,0,0.000000,0.000000,0.000000
1798,10,1,1,1,1,1,0,1,0.000000,0.000000,0.000000,0.000076,0.000000,1,0,0.000000,0.000000,0.000000
1799,10,1,1,1,1,1,0,1,0.000000,0.000000,0.000000,0.000076,0.000000,1,0,0.000000,0.000000,0.000000
1800,10,1,1,1,1,1,0,1,0.000000,0.000000,0.000000,0.000076,0.000000,1,0,0.000000,0.000000,0.000000
1801,10,1,1,1,1,1,0,1,0.000000,0.000000,0.000000,0.000076,0.000000,1,0,0.000000,0.000000,0.000000
1802,10,1,1,1,1,1,0,1,0.000000,0.000000,0.000000,0.000076,0.000000,1,0,0.000000,0.000000,0.000000
1803,10,1,1,1,1,1,0,1,0.000000,0.000000,0.000000,0.000076,0.000000,1,0,0.000000,0.000000,0.000000
1804,10,1,1,1,1,1,0,1,0.000000,0.000000,0.000000,0.000076,0.000000,1,0,0.000000,0.000000,0.000000
1805,10,1,1,1,1,1,0,1,0.000000,0.000000,0.000000,0.000076,0.000000,1,0,0.000000,0.000000,0.000000
1806,10,1,1,1,1,1,0,1,0.000000,0.000000,0.000000,0.000076,0.000000,1,0,0.000000,0.000000,0.000000
1807,10,1,1,1,1,1,0,1,0.000000,0.000000,0.000000,0.000076,0.000000,1,0,0.000000,0.000000,0.000000
1808,10,1,1,1,1,1,0,1,0.000000,0.000000,0.000000,0.000076,0.000000,1,0,0.000000,0.000000,0.000000
1809,10,1,1,1,1,1,0,1,0.000000,0.000000,0.000000,0.000076,0.000000,1,0,0.000000,0.000000,0.000000
1810,10,1,1,1,1,1,0,1,0.000000,0.000000,0.000000,0.000076,0.000000,1,0,0.000000,0.000000,0.000000
1811,10,1,1,1,1,1,0,1,0.000000,0.000000,0.000000,0.000076,0.000000,1,0,0.000000,0.000000,0.000000
1812,10,1,1,1,1,1,0,1,0.000000,0.000000,0.000000,0.000076,0.000000,1,0,0.000000,0.000000,0.000000
1813,10,1,1,1,1,1,0,1,0.000000,0.000000,0.000000,0.000076,0.000000,1,0,0.000000,0.000000,0.000000
1814,10,1,1,1,1,1,0,1,0.000000,0.000000,0.000000,0.000076,0.000000,1,0,0.000000,0.000000,0.000000
1815,10,1,1,1,1,1,0,1,0.000000,0.000000,0.000000,0.000076,0.000000,1,0,0.000000,0.000000,0.000000
1816,10,1,1,1,1,1,0,1,0.000000,0.000000,0.000000,0.000076,0.000000,1,0,0.000000,0.000000,0.000000
1817,10,1,1,1,1,1,0,1,0.000000,0.000000,0.000000,0.000076,0.000000,1,0,0.000000,0.000000,0.000000
1818,10,1,1,1,1,1,0,1,0.000000,0.000000,0.000000,0.000076,0.000000,1,0,0.000000,0.000000,0.000000
1819,10,1,1,1,1,1,0,1,0.000000,0.000000,0.000000,0.000076,0.000000,1,0,0.000000,0.000000,0.000000
1820,10,1,1,1,1,1,0,1,0.000000,0.000000,0.000000,0.000076,0.000000,1,0,0.000000,0.000000,0.000000
1821,10,1,1,1,1,1,0,1,0.000000,0.000000,0.000000,0.000076,0.000000,1,0,0.000000,0.000000,0.000000
1822,10,1,1,1,1,1,0,1,0.000000,0.000000,0.000000,0.000076,0.000000,1,0,0.000000,0.000000,0.000000
1823,10,1,1,1,1,1,0,1,0.000000,0.000000,0.000000,0.000076,0.000000,1,0,0.000000,0.000000,0.000000
1824,10,1,1,1,1,1,0,1,0.000000,0.000000,0.000000,0.000076,0.000000,1,0,0.000000,0.000000,0.000000
1825,10,1,1,1,1,1,0,1,0.000000,0.000000,0.000000,0.000076,0.000000,1,0,0.000000,0.000000,0.000000
1826,10,1,1,1,1,1,0,1,0.000000,0.000000,0.000000,0.000076,0.000000,1,0,0.000000,0.000000,0.000000
1827,10,1,1,1,1,1,0,1,0.000000,0.000000,0.000000,0.000076,0.000000,1,0,0.000000,0.000000,0.000000
1828,10,1,1,1,1,1,0,1,0.000000,0.000000,0.000000,0.000076,0.000000,1,0,0.000000,0.000000,0.000000
1829,10,1,1,1,1,1,0,1,0.000000,0.000000,0.000000,0.000076,0.000000,1,0,0.000000,0.000000,0.000000
1830,10,1,1,1,1,1,0,1,0.000000,0.000000,0.000000,0.000076,0.000000,1,0,0.000000,0.000000,0.000000
1831,10,1,1,1,1,1,0,1,0.000000,0.000000,0.000000,0.000076,0.000000,1,0,0.000000,0.000000,0.000000
1832,10,1,1,1,1,1,0,1,0.000000,0.000000,0.000000,0.000076,0.000000,1,0,0.000000,0.000000,0.000000
1833,10,1,1,1,1,1,0,1,0.000000,0.000000,0.000000,0.000076,0.000000,1,0,0.000000,0.000000,0.000000
1834,10,1,1,1,1,1,0,1,0.000000,0.000000,0.000000,0.000076,0.000000,1,0,0.000000,0.000000,0.000000
1835,10,1,1,1,1,1,0,1,0.000000,0.000000,0.000000,0.000076,0.000000,1,0,0.000000,0.000000,0.000000
1836,10,1,1,1,1,1,0,1,0.000000,0.000000,0.000000,0.000076,0.000000,1,0,0.000000,0.000000,0.000000
1837,10,1,1,1,1,1,0,1,0.000000,0.000000,0.000000,0.000076,0.000000,1,0,0.000000,0.000000,0.000000
1838,10,1,1,1,1,1,0,1,0.000000,0.000000,0.000000,0.000076,0.000000,1,0,0.000000,0.000000,0.000000
1839,10,1,1,1,1,1,0,1,0.000000,0.000000,0.000000,0.000076,0.000000,1,0,0.000000,0.000000,0.000000
1840,10,1,1,1,1,1,0,1,0.000000,0.000000,0.000000,0.000076,0.000000,1,0,0.000000,0.000000,0.000000
1841,10,1,1,1,1,1,0,1,0.000000,0.000000,0.000000,0.000076,0.000000,1,0,0.000000,0.000000,0.000000
1842,10,1,1,1,1,1,0,1,0.000000,0.000000,0.000000,0.000076,0.000000,1,0,0.000000,0.000000,0.000000
1843,10,1,1,1,1,1,0,1,0.000000,0.000000,0.000000,0.000076,0.000000,1,0,0.000000,0.000000,0.000000
1844,10,1,1,1,1,1,0,1,0.000000,0.000000,0.000000,0.000076,0.000000,1,0,0.000000,0.000000,0.000000
1845,10,1,1,1,1,1,0,1,0.000000,0.000000,0.000000,0.000076,0.000000,1,0,0.000000,0.000000,0.000000
1846,10,1,1,1,1,1,0,1,0.000000,0.000000,0.000000,0.000076,0.000000,1,0,0.000000,0.000000,0.000000
1847,10,1,1,1,1,1,0,1,0.000000,0.000000,0.000000,0.000076,0.000000,1,0,0.000000,0.000000,0.000000
1848,10,1,1,1,1,1,0,1,0.000000,0.000000,0.000000,0.000076,0.000000,1,0,0.000000,0.000000,0.000000
1849,10,1,1,1,1,1,0,1,0.000000,0.000000,0.000000,0.000076,0.000000,1,0,0.000000,0.000000,0.000000
1850,10,1,1,1,1,1,0,1,0.000000,0.000000,0.000000,0.000076,0.000000,1,0,0.000000,0.000000,0.000000
1851,10,1,1,1,1,1,0,1,0.000000,0.000000,0.000000,0.000076,0.000000,1,0,0.000000,0.000000,0.000000
1852,10,1,1,1,1,1,0,1,0.000000,0.000000,0.000000,0.000076,0.000000,1,0,0.000000,0.000000,0.000000
1853,10,1,1,1,1,1,0,1,0.000000,0.000000,0.000000,0.000076,0.000000,1,0,0.000000,0.000000,0.000000
1854,10,1,1,1,1,1,0,1,0.000000,0.000000,0.000000,0.000076,0.000000,1,0,0.000000,0.000000,0.000000
1855,10,1,1,1,1,1,0,1,0.000000,0.000000,0.000000,0.000076,0.000000,1,0,0.000000,0.000000,0.000000
1856,10,1,1,1,1,1,0,1,0.000000,0.000000,0.000000,0.000076,0.000000,1,0,0.000000,0.000000,0.000000
1857,10,1,1,1,1,1,0,1,0.000000,0.000000,0.000000,0.000076,0.000000,1,0,0.000000,0.000000,0.000000
1858,10,1,1,1,1,1,0,1,0.000000,0.000000,0.000000,0.000076,0.000000,1,0,0.000000,0.000000,0.000000
1859,10,1,1,1,1,1,0,1,0.000000,0.000000,0.000000,0.000076,0.000000,1,0,0.000000,0.000000,0.000000
1860,10,1,1,1,1,1,0,1,0.000000,0.000000,0.000000,0.000076,0.000000,1,0,0.000000,0.000000,0.000000
1861,10,1,1,1,1,1,0,1,0.000000,0.000000,0.000000,0.000076,0.000000,1,0,0.000000,0.000000,0.000000
1862,10,1,1,1,1,1,0,1,0.000000,0.000000,0.000000,0.000076,0.000000,1,0,0.000000,0.000000,0.000000
1863,10,1,1,1,1,1,0,1,0.000000,0.000000,0.000000,0.000076,0.000000,1,0,0.000000,0.000000,0.000000
1864,10,1,1,1,1,1,0,1,0.000000,0.000000,0.000000,0.000076,0.000000,1,0,0.000000,0.000000,0.000000
1865,10,1,1,1,1,1,0,1,0.000000,0.000000,0.000000,0.000076,0.000000,1,0,0.000000,0.000000,0.000000
1866,10,1,1,1,1,1,0,1,0.000000,0.000000,0.000000,0.000076,0.000000,1,0,0.000000,0.000000,0.000000
1867,10,1,1,1,1,1,0,1,0.000000,0.000000,0.000000,0.000076,0.000000,1,0,0.000000,0.000000,0.000000
1868,11,1,1,1,1,1,0,1,0.000000,0.000000,0.000000,0.000076,0.000000,1,0,0.000000,0.000000,0.000000
1869,11,1,1,1,1,1,0,1,0.000000,0.000000,0.000000,0.000076,0.000000,1,0,0.000000,0.000000,0.000000
1870,11,1,1,1,1,1,0,1,0.000000,0.000000,0.000000,0.000076,0.000000,1,0,0.000000,0.000000,0.000000
1871,11,1,1,1,1,1,0,1,0.000000,0.000000,0.000000,0.000076,0.000000,1,0,0.000000,0.000000,0.000000
1872,11,1,1,1,1,1,0,1,0.000000,0.000000,0.000000,0.000076,0.000000,1,0,0.000000,0.000000,0.000000
1873,11,1,1,1,1,1,0,1,0.000000,0.000000,0.000000,0.000076,0.000000,1,0,0.000000,0.000000,0.000000
1874,11,1,1,1,1,1,0,1,0.000000,0.000000,0.000000,0.000076,0.000000,1,0,0.000000,0.000000,0.000000
1875,11,1,1,1,1,1,0,1,0.000000,0.000000,0.000000,0.000076,0.000000,1,0,0.000000,0.000000,0.000000
1876,11,1,1,1,1,1,0,1,0.000000,0.000000,0.000000,0.000076,0.000000,1,0,0.000000,0.000000,0.000000
1877,11,1,1,1,1,1,0,1,0.000000,0.000000,0.000000,0.000076,0.000000,1,0,0.000000,0.000000,0.000000
1878,11,1,1,1,1,1,0,1,0.000000,0.000000,0.000000,0.000076,0.000000,1,0,0.000000,0.000000,0.000000
1879,11,1,1,1,1,1,0,1,0.000000,0.000000,0.000000,0.000076,0.000000,1,0,0.000000,0.000000,0.000000
1880,11,1,1,1,1,1,0,1,0.000000,0.000000,0.000000,0.000076,0.000000,1,0,0.000000,0.000000,0.000000
1881,11,1,1,1,1,1,0,1,0.000000,0.000000,0.000000,0.000076,0.000000,1,0,0.000000,0.000000,0.000000
1882,11,1,1,1,1,1,0,1,0.000000,0.000000,0.000000,0.000076,0.000000,1,0,0.000000,0.000000,0.000000
1883,11,1,1,1,1,1,0,1,0.000000,0.000000,0.000000,0.000076,0.000000,1,0,0.000000,0.000000,0.000000
1884,11,1,1,1,1,1,0,1,0.000000,0.000000,0.000000,0.000076,0.000000,1,0,0.000000,0.000000,0.000000
1885,11,1,1,1,1,1,0,1,0.000000,0.000000,0.000000,0.000076,0.000000,1,0,0.000000,0.000000,0.000000
1886,11,1,1,1,1,1,0,1,0.000000,0.000000,0.000000,0.000076,0.000000,1,0,0.000000,0.000000,0.000000
1887,11,1,1,1,1,1,0,1,0.000000,0.000000,0.000000,0.000076,0.000000,1,0,0.000000,0.000000,0.000000
1888,11,1,1,1,1,1,0,1,0.000000,0.000000,0.000000,0.000076,0.000000,1,0,0.000000,0.000000,0.000000
1889,11,1,1,1,1,1,0,1,0.000000,0.000000,0.000000,0.000076,0.000000,1,0,0.000000,0.000000,0.000000
1890,11,1,1,1,1,1,0,1,0.000000,0.000000,0.000000,0.000076,0.000000,1,0,0.000000,0.000000,0.000000
1891,11,1,1,1,1,1,0,1,0.000000,0.000000,0.000000,0.000076,0.000000,1,0,0.000000,0.000000,0.000000
1892,11,1,1,1,1,1,0,1,0.000000,0.000000,0.000000,0.000076,0.000000,1,0,0.000000,0.000000,0.000000
1893,11,1,1,1,1,1,0,1,0.000000,0.000000,0.000000,0.000076,0.000000,1,0,0.000000,0.000000,0.000000
1894,11,1,1,1,1,1,0,1,0.000000,0.000000,0.000000,0.000076,0.000000,1,0,0.000000,0.000000,0.000000
1895,11,1,1,1,1,1,0,1,0.000000,0.000000,0.000000,0.000076,0.000000,1,0,0.000000,0.000000,0.000000
1896,11,1,1,1,1,1,0,1,0.000000,0.000000,0.000000,0.000076,0.000000,1,0,0.000000,0.000000,0.000000
1897,11,1,1,1,1,1,0,1,0.000000,0.000000,0.000000,0.000076,0.000000,1,0,0.000000,0.000000,0.000000
1898,11,1,1,1,1,1,0,1,0.000000,0.000000,0.000000,0.000076,0.000000,1,0,0.000000,0.000000,0.000000
1899,11,1,1,1,1,1,0,1,0.000000,0.000000,0.000000,0.000076,0.000000,1,0,0.000000,0.000000,0.000000
1900,11,1,1,1,1,1,0,1,0.000000,0.000000,0.000000,0.000076,0.000000,1,0,0.000000,0.000000,0.000000
1901,11,1,1,1,1,1,0,1,0.000000,0.000000,0.000000,0.000076,0.000000,1,0,0.000000,0.000000,0.000000
1902,11,1,1,1,1,1,0,1,0.000000,0.000000,0.000000,0.000076,0.000000,1,0,0.000000,0.000000,0.000000
1903,11,1,1,1,1,1,0,1,0.000000,0.000000,0.000000,0.000076,0.000000,1,0,0.000000,0.000000,0.000000
1904,11,1,1,1,1,1,0,1,0.000000,0.000000,0.000000,0.000076,0.000000,1,0,0.000000,0.000000,0.000000
1905,11,1,1,1,1,1,0,1,0.000000,0.000000,0.000000,0.000076,0.000000,1,0,0.000000,0.000000,0.000000
1906,11,1,1,1,1,1,0,1,0.000000,0.000000,0.000000,0.000076,0.000000,1,0,0.000000,0.000000,0.000000
1907,11,1,1,1,1,1,0,1,0.000000,0.000000,0.000000,0.000076,0.000000,1,0,0.000000,0.000000,0.000000
1908,11,1,1,1,1,1,0,1,0.000000,0.000000,0.000000,0.000076,0.000000,1,0,0.000000,0.000000,0.000000
1909,11,1,1,1,1,1,0,1,0.000000,0.000000,0.000000,0.000076,0.000000,1,0,0.000000,0.000000,0.000000
1910,11,1,1,1,1,1,0,1,0.000000,0.000000,0.000000,0.000076,0.000000,1,0,0.000000,0.000000,0.000000
1911,11,1,1,1,1,1,0,1,0.000000,0.000000,0.000000,0.000076,0.000000,1,0,0.000000,0.000000,0.000000
1912,11,1,1,1,1,1,0,1,0.000000,0.000000,0.000000,0.000076,0.000000,1,0,0.000000,0.000000,0.000000
1913,11,1,1,1,1,1,0,1,0.000000,0.000000,0.000000,0.000076,0.000000,1,0,0.000000,0.000000,0.000000
1914,11,1,1,1,1,1,0,1,0.000000,0.000000,0.000000,0.000076,0.000000,1,0,0.000000,0.000000,0.000000
1915,11,1,1,1,1,1,0,1,0.000000,0.000000,0.000000,0.000076,0.000000,1,0,0.000000,0.000000,0.000000
1916,11,1,1,1,1,1,0,1,0.000000,0.000000,0.000000,0.000076,0.000000,1,0,0.000000,0.000000,0.000000
1917,11,1,1,1,1,1,0,1,0.000000,0.000000,0.000000,0.000076,0.000000,1,0,0.000000,0.000000,0.000000
1918,11,1,1,1,1,1,0,1,0.000000,0.000000,0.000000,0.000076,0.000000,1,0,0.000000,0.000000,0.000000
1919,11,1,1,1,1,1,0,1,0.000000,0.000000,0.000000,0.000076,0.000000,1,0,0.000000,0.000000,0.000000
1920,11,1,1,1,1,1,0,1,0.000000,0.000000,0.000000,0.000076,0.000000,1,0,0.000000,0.000000,0.000000
1921,11,1,1,1,1,1,0,1,0.000000,0.000000,0.000000,0.000076,0.000000,1,0,0.000000,0.000000,0.000000
1922,11,1,1,1,1,1,0,1,0.000000,0.000000,0.000000,0.000076,0.000000,1,0,0.000000,0.000000,0.000000
1923,11,1,1,1,1,1,0,1,0.000000,0.000000,0.000000,0.000076,0.000000,1,0,0.000000,0.000000,0.000000
1924,11,1,1,1,1,1,0,1,0.000000,0.000000,0.000000,0.000076,0.000000,1,0,0.000000,0.000000,0.000000
1925,11,1,1,1,1,1,0,1,0.000000,0.000000,0.000000,0.000076,0.000000,1,0,0.000000,0.000000,0.000000
1926,11,1,1,1,1,1,0,1,0.000000,0.000000,0.000000,0.000076,0.000000,1,0,0.000000,0.000000,0.000000
1927,11,1,1,1,1,1,0,1,0.000000,0.000000,0.000000,0.000076,0.000000,1,0,0.000000,0.000000,0.000000
1928,11,1,1,1,1,1,0,1,0.000000,0.000000,0.000000,0.000076,0.000000,1,0,0.000000,0.000000,0.000000
1929,11,1,1,1,1,1,0,1,0.000000,0.000000,0.000000,0.000076,0.000000,1,0,0.000000,0.000000,0.000000
1930,11,1,1,1,1,1,0,1,0.000000,0.000000,0.000000,0.000076,0.000000,1,0,0.000000,0.000000,0.000000
1931,11,1,1,1,1,1,0,1,0.000000,0.000000,0.000000,0.000076,0.000000,1,0,0.000000,0.000000,0.000000
1932,11,1,1,1,1,1,0,1,0.000000,0.000000,0.000000,0.000076,0.000000,1,0,0.000000,0.000000,0.000000
1933,11,1,1,1,1,1,0,1,0.000000,0.000000,0.000000,0.000076,0.000000,1,0,0.000000,0.000000,0.000000
1934,11,1,1,1,1,1,0,1,0.000000,0.000000,0.000000,0.000076,0.000000,1,0,0.000000,0.000000,0.000000
1935,11,1,1,1,1,1,0,1,0.000000,0.000000,0.000000,0.000076,0.000000,1,0,0.000000,0.000000,0.000000
1936,11,1,1,1,1,1,0,1,0.000000,0.000000,0.000000,0.000076,0.000000,1,0,0.000000,0.000000,0.000000
1937,11,1,1,1,1,1,0,1,0.000000,0.000000,0.000000,0.000076,0.000000,1,0,0.000000,0.000000,0.000000
1938,11,1,1,1,1,1,0,1,0.000000,0.000000,0.000000,0.000076,0.000000,1,0,0.000000,0.000000,0.000000
1939,11,1,1,1,1,1,0,1,0.000000,0.000000,0.000000,0.000076,0.000000,1,0,0.000000,0.000000,0.000000
1940,11,1,1,1,1,1,0,1,0.000000,0.000000,0.000000,0.000076,0.000000,1,0,0.000000,0.000000,0.000000
1941,11,1,1,1,1,1,0,1,0.000000,0.000000,0.000000,0.000076,0.000000,1,0,0.000000,0.000000,0.000000
1942,11,1,1,1,1,1,0,1,0.000000,0.000000,0.000000,0.000076,0.000000,1,0,0.000000,0.000000,0.000000
1943,11,1,1,1,1,1,0,1,0.000000,0.000000,0.000000,0.000076,0.000000,1,0,0.000000,0.000000,0.000000
1944,11,1,1,1,1,1,0,1,0.000000,0.000000,0.000000,0.000076,0.000000,1,0,0.000000,0.000000,0.000000
1945,11,1,1,1,1,1,0,1,0.000000,0.000000,0.000000,0.000076,0.000000,1,0,0.000000,0.000000,0.000000
1946,11,1,1,1,1,1,0,1,0.000000,0.000000,0.000000,0.000076,0.000000,1,0,0.000000,0.000000,0.000000
1947,11,1,1,1,1,1,0,1,0.000000,0.000000,0.000000,0.000076,0.000000,1,0,0.000000,0.000000,0.000000
1948,11,1,1,1,1,1,0,1,0.000000,0.000000,0.000000,0.000076,0.000000,1,0,0.000000,0.000000,0.000000
1949,11,1,1,1,1,1,0,1,0.000000,0.000000,0.000000,0.000076,0.000000,1,0,0.000000,0.000000,0.000000
1950,12,1,1,1,1,1,0,1,0.000000,0.000000,0.000000,0.000076,0.000000,1,0,0.000000,0.000000,0.000000
1951,12,0,1,0,0,1,0,0,0.000000,0.000000,0.000000,0.000000,0.000000,1,0,0.000000,0.000000,0.000000
1952,12,0,1,0,0,1,0,0,0.000000,0.000000,0.000000,0.000000,0.000000,1,0,0.366689,0.000000,0.000000
1953,12,0,1,0,1,1,0,0,0.000000,0.000000,0.000000,0.000000,0.000000,1,0,0.733392,0.000000,0.000000
1954,12,0,1,0,1,1,0,0,0.000000,0.000000,0.000000,0.000000,0.000000,1,0,1.100068,0.000000,0.000000
1955,12,0,1,0,1,1,0,0,0.000000,0.000000,0.000000,0.000000,0.000000,1,0,1.466767,0.000000,0.000000
1956,12,0,1,0,1,1,0,0,0.000000,0.000000,0.000000,0.000000,0.000000,1,0,1.833459,0.000000,0.000000
1957,12,0,1,0,1,1,0,0,0.000000,0.000000,0.000000,0.000000,0.000000,1,0,2.200165,0.000000,0.000000
1958,12,0,1,0,1,1,0,0,0.000000,0.000000,0.000000,0.000000,0.000000,1,0,2.566873,0.000000,0.000000
1959,12,0,1,0,1,1,0,0,0.000000,0.000000,0.000000,0.000000,0.000000,1,0,2.800059,0.000000,0.000000
1960,12,0,1,0,1,1,0,0,0.000000,0.000000,0.000000,0.000000,0.000000,1,0,2.900068,0.000000,0.000000
1961,12,0,1,0,1,1,0,0,0.000000,0.000000,0.000000,0.000000,0.000000,1,0,3.000000,0.000000,0.000000
1962,12,0,1,0,1,1,0,0,0.000000,0.000000,0.000000,0.000000,0.000000,1,0,3.000000,0.000000,0.000000
1963,12,0,1,0,1,1,0,0,0.000000,0.000000,0.000000,0.000000,0.000000,1,0,3.000000,0.000000,0.000000
1964,12,0,1,0,1,1,0,0,0.000000,0.000000,0.000000,0.000000,0.000000,1,0,3.000000,0.000000,0.000000
1965,12,0,1,0,1,1,0,0,0.000000,0.000000,0.000000,0.000000,0.000000,1,0,3.000000,0.000000,0.000000
1966,12,0,1,0,1,1,0,0,0.000000,0.000000,0.000000,0.000000,0.000000,1,0,3.000000,0.000000,0.000000
1967,12,0,1,0,1,1,0,0,0.000000,0.000000,0.000000,0.000000,0.000000,1,0,3.000000,0.000000,0.000000
1968,12,0,1,0,1,1,0,0,0.000000,0.000000,0.000000,0.000000,0.000000,1,0,3.000000,0.000000,0.000000
1969,12,0,1,0,1,1,0,0,0.000000,0.000000,0.000000,0.000000,0.000000,1,0,3.000000,0.000000,0.000000
1970,12,0,1,0,1,1,0,0,0.000000,0.000000,0.000000,0.000000,0.000000,1,0,3.000000,0.000000,0.000000
1971,12,0,1,0,1,1,0,0,0.000000,0.000000,0.000000,0.000000,0.000000,1,0,3.000000,0.000000,0.000000
1972,12,0,1,0,1,1,0,0,0.000000,0.000000,0.000000,0.000000,0.000000,1,0,3.000000,0.000000,0.000000
1973,12,0,1,0,1,1,0,0,0.000000,0.000000,0.000000,0.000000,0.000000,1,0,3.000000,0.000000,0.000000
1974,13,0,1,0,1,1,0,0,0.000000,0.000000,0.000000,0.000000,0.000000,1,0,3.000000,0.000000,0.000000
1975,13,0,1,0,1,1,0,0,0.000000,0.000000,0.000000,0.000000,0.000000,1,0,3.000000,0.000000,0.000000
1976,13,0,1,0,1,1,0,0,0.000000,0.000000,0.000000,0.000000,0.000000,1,0,3.000000,0.000000,0.000000
1977,13,0,1,0,1,1,0,0,0.000000,0.000000,0.000000,0.000000,0.000000,1,0,3.000000,0.000000,0.000000
1978,13,0,1,0,1,1,0,0,0.000000,0.000000,0.000000,0.000000,0.000000,1,0,3.000000,0.000000,0.000000
1979,13,0,1,0,1,1,0,0,0.000000,0.000000,0.000000,0.000000,0.000000,1,0,3.000000,0.000000,0.000000
1980,13,0,1,0,1,1,0,0,0.000000,0.000000,0.000000,0.000000,0.000000,1,0,3.000000,0.000000,0.000000
1981,13,0,1,0,1,1,0,0,0.000000,0.000000,0.000000,0.000000,0.000000,1,0,3.000000,0.000000,0.000000
1982,13,0,1,0,1,1,0,0,0.000000,0.000000,0.000000,0.000000,0.000000,1,0,3.000000,0.000000,0.000000
1983,13,0,1,0,1,1,0,0,0.000000,0.000000,0.000000,0.000000,0.000000,1,0,3.000000,0.000000,0.000000
1984,13,0,1,0,1,1,0,0,0.000000,0.000000,0.000000,0.000000,0.000000,1,0,3.000000,0.000000,0.000000
1985,13,0,1,0,1,1,0,0,0.000000,0.000000,0.000000,0.000000,0.000000,1,0,3.000000,0.000000,0.000000
1986,13,0,1,0,1,1,0,0,0.000000,0.000000,0.000000,0.000000,0.000000,1,0,3.000000,0.000000,0.000000
1987,13,0,1,0,1,1,0,0,0.000000,0.000000,0.000000,0.000000,0.000000,1,0,3.000000,0.000000,0.000000
1988,13,0,1,0,1,1,0,0,0.000000,0.000000,0.000000,0.000000,0.000000,1,0,3.000000,0.000000,0.000000
1989,13,0,1,0,1,1,0,0,0.000000,0.000000,0.000000,0.000000,0.000000,1,0,3.000000,0.000000,0.000000
1990,13,0,1,0,1,1,0,0,0.000000,0.000000,0.000000,0.000000,0.000000,1,0,3.000000,0.000000,0.000000
1991,13,0,1,0,1,1,0,0,0.000000,0.000000,0.000000,0.000000,0.000000,1,0,3.000000,0.000000,0.000000
1992,13,0,1,0,1,1,0,0,0.000000,0.000000,0.000000,0.000000,0.000000,1,0,3.000000,0.000000,0.000000
1993,13,0,1,0,1,1,0,0,0.000000,0.000000,0.000000,0.000000,0.000000,1,0,3.000000,0.000000,0.000000
1994,13,0,1,0,1,1,0,0,0.000000,0.000000,0.000000,0.000000,0.000000,1,0,3.000000,0.000000,0.000000
1995,13,0,1,0,1,1,0,0,0.000000,0.000000,0.000000,0.000000,0.000000,1,0,3.000000,0.000000,0.000000
1996,13,0,1,0,1,1,0,0,0.000000,0.000000,0.000000,0.000000,0.000000,1,0,3.000000,0.000000,0.000000
1997,13,0,1,0,1,1,0,0,0.000000,0.000000,0.000000,0.000000,0.000000,1,0,3.000000,0.000000,0.000000
1998,13,0,1,0,1,1,0,0,0.000000,0.000000,0.000000,0.000000,0.000000,1,0,3.000000,0.000000,0.000000
1999,13,0,1,0,1,1,0,0,0.000000,0.000000,0.000000,0.000000,0.000000,1,0,3.000000,0.000000,0.000000
2000,13,0,1,0,1,1,0,0,0.000000,0.000000,0.000000,0.000000,0.000000,1,0,3.000000,0.000000,0.000000
2001,13,0,1,0,1,1,0,0,0.000000,0.000000,0.000000,0.000000,0.000000,1,0,3.000000,0.000000,0.000000
2002,13,0,1,0,1,1,0,0,0.000000,0.000000,0.000000,0.000000,0.000000,1,0,3.000000,0.000000,0.000000
2003,13,0,1,0,1,1,0,0,0.000000,0.000000,0.000000,0.000000,0.000000,1,0,3.000000,0.000000,0.000000
2004,13,0,1,0,1,1,0,0,0.000000,0.000000,0.000000,0.000000,0.000000,1,0,3.000000,0.000000,0.000000
2005,13,0,1,0,1,1,0,0,0.000000,0.000000,0.000000,0.000000,0.000000,1,0,3.000000,0.000000,0.000000
2006,13,0,1,0,1,1,0,0,0.000000,0.000000,0.000000,0.000000,0.000000,1,0,3.000000,0.000000,0.000000
2007,14,0,1,0,1,1,0,0,0.000000,0.000000,0.000000,0.000000,0.000000,1,0,3.000000,0.000000,0.000000
2008,14,0,1,0,1,1,0,0,0.000000,0.000000,0.000000,0.000000,0.000000,1,0,3.000000,0.000000,0.000000
2009,14,0,1,0,1,1,0,0,0.000000,0.000000,0.000000,0.000000,0.000000,1,0,3.000000,0.000000,0.000000
2010,14,0,1,0,1,1,0,0,0.000000,0.000000,0.000000,0.000000,0.000000,1,0,3.000000,0.000000,0.000000
2011,14,0,1,0,1,1,0,0,0.000000,0.000000,0.000000,0.000000,0.000000,1,0,3.000000,0.000000,0.000000
2012,14,0,1,0,1,1,0,0,0.000000,0.000000,0.000000,0.000000,0.000000,1,0,0.000000,0.000000,0.000000
2013,14,0,1,0,1,1,0,0,0.000000,0.000000,0.000000,0.000000,0.000000,0,0,0.366677,0.000000,0.000000
2014,14,0,1,0,1,1,0,0,0.000000,0.000000,0.000000,0.000000,0.000000,0,0,0.733354,0.000000,0.000000
2015,14,0,1,0,1,1,0,0,0.000000,0.000000,0.000000,0.000000,0.000000,0,0,1.100056,0.000000,0.000000
2016,14,0,1,0,1,1,0,0,0.000000,0.000000,0.000000,0.000000,0.000000,0,0,1.466751,0.000000,0.000000
2017,14,0,1,0,1,1,0,0,0.000000,0.000000,0.000000,0.000000,0.000000,0,0,1.833466,0.000000,0.000000
2018,14,0,1,0,1,1,0,0,0.000000,0.000000,0.000000,0.000000,0.000000,0,0,2.200159,0.000000,0.000000
2019,14,0,1,0,1,1,0,0,0.000000,0.000000,0.000000,0.000000,0.000000,0,0,2.566864,0.000000,0.000000
2020,14,0,1,0,1,1,0,0,0.000000,0.000000,0.000000,0.000000,0.000000,0,0,2.800062,0.000000,0.000000
2021,14,0,1,0,1,1,0,0,0.000000,0.000000,0.000000,0.000000,0.000000,0,0,2.900069,0.000000,0.000000
2022,14,0,1,0,1,1,0,0,0.000000,0.000000,0.000000,0.000000,0.000000,0,0,3.000000,0.000000,0.000000
2023,14,0,1,0,1,1,0,0,0.000000,0.000000,0.000000,0.000000,0.000000,0,0,3.000000,0.000000,0.000000
2024,14,0,1,0,1,1,0,0,0.000000,0.000000,0.000000,0.000000,0.000000,0,0,3.000000,0.000000,0.000000
2025,14,0,1,0,1,1,0,0,0.000000,0.000000,0.000000,0.000000,0.000000,0,0,3.000000,0.000000,0.000000
2026,14,0,1,0,1,1,0,0,0.000000,0.000000,0.000000,0.000000,0.000000,0,0,3.000000,0.000000,0.000000
2027,14,0,1,0,1,1,0,0,0.000000,0.000000,0.000000,0.000000,0.000000,0,0,3.000000,0.000000,0.000000
2028,14,0,1,0,1,1,0,0,0.000000,0.000000,0.000000,0.000000,0.000000,0,0,3.000000,0.000000,0.000000
2029,14,0,1,0,1,1,0,0,0.000000,0.000000,0.000000,0.000000,0.000000,0,0,3.000000,0.000000,0.000000
2030,14,0,1,0,1,1,0,0,0.000000,0.000000,0.000000,0.000000,0.000000,0,0,3.000000,0.000000,0.000000
2031,14,0,1,0,1,1,0,0,0.000000,0.000000,0.000000,0.000000,0.000000,0,0,3.000000,0.000000,0.000000
2032,14,0,1,0,1,1,0,0,0.000000,0.000000,0.000000,0.000000,0.000000,0,0,3.000000,0.000000,0.000000
2033,14,0,1,0,1,1,0,0,0.000000,0.000000,0.000000,0.000000,0.000000,0,0,3.000000,0.000000,0.000000
2034,14,0,1,0,1,1,0,0,0.000000,0.000000,0.000000,0.000000,0.000000,0,0,3.000000,0.000000,0.000000
2035,14,0,1,0,1,1,0,0,0.000000,0.000000,0.000000,0.000000,0.000000,0,0,3.000000,0.000000,0.000000
2036,14,0,1,0,1,1,0,0,0.000000,0.000000,0.000000,0.000000,0.000000,0,0,3.000000,0.000000,0.000000
2037,14,0,1,0,1,1,0,0,0.000000,0.000000,0.000000,0.000000,0.000000,0,0,3.000000,0.000000,0.000000
2038,14,0,1,0,1,1,0,0,0.000000,0.000000,0.000000,0.000000,0.000000,0,0,3.000000,0.000000,0.000000
2039,14,0,1,0,1,1,0,0,0.000000,0.000000,0.000000,0.000000,0.000000,0,0,3.000000,0.000000,0.000000
2040,14,0,1,0,1,1,0,0,0.000000,0.000000,0.000000,0.000000,0.000000,0,0,3.000000,0.000000,0.000000
2041,14,0,1,0,1,1,0,0,0.000000,0.000000,0.000000,0.000000,0.000000,0,0,3.000000,0.000000,0.000000
2042,14,0,1,0,1,1,0,0,0.000000,0.000000,0.000000,0.000000,0.000000,0,0,3.000000,0.000000,0.000000
2043,14,0,1,0,1,1,0,0,0.000000,0.000000,0.000000,0.000000,0.000000,0,0,3.000000,0.000000,0.000000
2044,14,0,1,0,1,1,0,0,0.000000,0.000000,0.000000,0.000000,0.000000,0,0,3.000000,0.000000,0.000000
2045,14,0,1,0,1,1,0,0,0.000000,0.000000,0.000000,0.000000,0.000000,0,0,3.000000,0.000000,0.000000
2046,14,0,1,0,1,1,0,0,0.000000,0.000000,0.000000,0.000000,0.000000,0,0,3.000000,0.000000,0.000000
2047,14,0,1,0,1,1,0,0,0.000000,0.000000,0.000000,0.000000,0.000000,0,0,3.000000,0.000000,0.000000
2048,14,0,1,0,1,1,0,0,0.000000,0.000000,0.000000,0.000000,0.000000,0,0,3.000000,0.000000,0.000000
2049,14,0,1,0,1,1,0,0,0.000000,0.000000,0.000000,0.000000,0.000000,0,0,3.000000,0.000000,0.000000
2050,14,0,1,0,1,1,0,0,0.000000,0.000000,0.000000,0.000000,0.000000,0,0,3.000000,0.000000,0.000000
2051,14,0,1,0,1,1,0,0,0.000000,0.000000,0.000000,0.000000,0.000000,0,0,3.000000,0.000000,0.000000
2052,14,0,1,0,1,1,0,0,0.000000,0.000000,0.000000,0.000000,0.000000,0,0,3.000000,0.000000,0.000000
2053,14,0,1,0,1,1,0,0,0.000000,0.000000,0.000000,0.000000,0.000000,0,0,3.000000,0.000000,0.000000
2054,14,0,1,0,1,1,0,0,0.000000,0.000000,0.000000,0.000000,0.000000,0,0,3.000000,0.000000,0.000000
2055,14,0,1,0,1,1,0,0,0.000000,0.000000,0.000000,0.000000,0.000000,0,0,3.000000,0.000000,0.000000
2056,14,0,1,0,1,1,0,0,0.000000,0.000000,0.000000,0.000000,0.000000,0,0,3.000000,0.000000,0.000000
2057,14,0,1,0,1,1,0,0,0.000000,0.000000,0.000000,0.000000,0.000000,0,0,3.000000,0.000000,0.000000
2058,14,0,1,0,1,1,0,0,0.000000,0.000000,0.000000,0.000000,0.000000,0,0,3.000000,0.000000,0.000000
2059,14,0,1,0,1,1,0,0,0.000000,0.000000,0.000000,0.000000,0.000000,0,0,3.000000,0.000000,0.000000
2060,14,0,1,0,1,1,0,0,0.000000,0.000000,0.000000,0.000000,0.000000,0,0,3.000000,0.000000,0.000000
2061,14,0,1,0,1,1,0,0,0.000000,0.000000,0.000000,0.000000,0.000000,0,0,3.000000,0.000000,0.000000
2062,14,0,1,0,1,1,0,0,0.000000,0.000000,0.000000,0.000000,0.000000,0,0,3.000000,0.000000,0.000000
2063,14,0,1,0,1,1,0,0,0.000000,0.000000,0.000000,0.000000,0.000000,0,0,3.000000,0.000000,0.000000
2064,14,0,1,0,1,1,0,0,0.000000,0.000000,0.000000,0.000000,0.000000,0,0,3.000000,0.000000,0.000000
2065,14,0,1,0,1,1,0,0,0.000000,0.000000,0.000000,0.000000,0.000000,0,0,3.000000,0.000000,0.000000
2066,14,0,1,0,1,1,0,0,0.000000,0.000000,0.000000,0.000000,0.000000,0,0,3.000000,0.000000,0.000000
2067,14,0,1,0,1,1,0,0,0.000000,0.000000,0.000000,0.000000,0.000000,0,0,3.000000,0.000000,0.000000
2068,14,0,1,0,1,1,0,0,0.000000,0.000000,0.000000,0.000000,0.000000,0,0,3.000000,0.000000,0.000000
2069,14,0,1,0,1,1,0,0,0.000000,0.000000,0.000000,0.000000,0.000000,0,0,3.000000,0.000000,0.000000
2070,14,0,1,0,1,1,0,0,0.000000,0.000000,0.000000,0.000000,0.000000,0,0,3.000000,0.000000,0.000000
2071,14,0,1,0,1,1,0,0,0.000000,0.000000,0.000000,0.000000,0.000000,0,0,3.000000,0.000000,0.000000
2072,14,0,1,0,1,1,0,0,0.000000,0.000000,0.000000,0.000000,0.000000,0,0,3.000000,0.000000,0.000000
2073,14,0,1,0,1,1,0,0,0.000000,0.000000,0.000000,0.000000,0.000000,0,0,3.000000,0.000000,0.000000
2074,14,0,1,0,1,1,0,0,0.000000,0.000000,0.000000,0.000000,0.000000,0,0,3.000000,0.000000,0.000000
2075,14,0,1,0,1,1,0,0,0.000000,0.000000,0.000000,0.000000,0.000000,0,0,3.000000,0.000000,0.000000
2076,14,0,1,0,1,1,0,0,0.000000,0.000000,0.000000,0.000000,0.000000,0,0,3.000000,0.000000,0.000000
2077,14,0,1,0,1,1,0,0,0.000000,0.000000,0.000000,0.000000,0.000000,0,0,3.000000,0.000000,0.000000
2078,14,0,1,0,1,1,0,0,0.000000,0.000000,0.000000,0.000000,0.000000,0,0,3.000000,0.000000,0.000000
2079,14,0,1,0,1,1,0,0,0.000000,0.000000,0.000000,0.000000,0.000000,0,0,3.000000,0.000000,0.000000
2080,14,0,1,0,1,1,0,0,0.000000,0.000000,0.000000,0.000000,0.000000,0,0,3.000000,0.000000,0.000000
2081,14,0,1,0,1,1,0,0,0.000000,0.000000,0.000000,0.000000,0.000000,0,0,3.000000,0.000000,0.000000
2082,14,0,1,0,1,1,0,0,0.000000,0.000000,0.000000,0.000000,0.000000,0,0,3.000000,0.000000,0.000000
2083,14,0,1,0,1,1,0,0,0.000000,0.000000,0.000000,0.000000,0.000000,0,0,3.000000,0.000000,0.000000
2084,14,0,1,0,1,1,0,0,0.000000,0.000000,0.000000,0.000000,0.000000,0,0,3.000000,0.000000,0.000000
2085,14,0,1,0,1,1,0,0,0.000000,0.000000,0.000000,0.000000,0.000000,0,0,3.000000,0.000000,0.000000
2086,14,0,1,0,1,1,0,0,0.000000,0.000000,0.000000,0.000000,0.000000,0,0,3.000000,0.000000,0.000000
2087,14,0,1,0,1,1,0,0,0.000000,0.000000,0.000000,0.000000,0.000000,0,0,3.000000,0.000000,0.000000
2088,14,0,1,0,1,1,0,0,0.000000,0.000000,0.000000,0.000000,0.000000,0,0,3.000000,0.000000,0.000000
2089,14,0,1,0,1,1,0,0,0.000000,0.000000,0.000000,0.000000,0.000000,0,0,3.000000,0.000000,0.000000
2090,14,0,1,0,1,1,0,0,0.000000,0.000000,0.000000,0.000000,0.000000,0,0,3.000000,0.000000,0.000000
2091,14,0,1,0,1,1,0,0,0.000000,0.000000,0.000000,0.000000,0.000000,0,0,3.000000,0.000000,0.000000
2092,14,0,1,0,1,1,0,0,0.000000,0.000000,0.000000,0.000000,0.000000,0,0,3.000000,0.000000,0.000000
2093,14,0,1,0,1,1,0,0,0.000000,0.000000,0.000000,0.000000,0.000000,0,0,3.000000,0.000000,0.000000
2094,14,0,1,0,1,1,0,0,0.000000,0.000000,0.000000,0.000000,0.000000,0,0,3.000000,0.000000,0.000000
2095,14,0,1,0,1,1,0,0,0.000000,0.000000,0.000000,0.000000,0.000000,0,0,3.000000,0.000000,0.000000
2096,14,0,1,0,1,1,0,0,0.000000,0.000000,0.000000,0.000000,0.000000,0,0,3.000000,0.000000,0.000000
2097,14,0,1,0,1,1,0,0,0.000000,0.000000,0.000000,0.000000,0.000000,0,0,3.000000,0.000000,0.000000
2098,14,0,1,0,1,1,0,0,0.000000,0.000000,0.000000,0.000000,0.000000,0,0,3.000000,0.000000,0.000000
2099,14,0,1,0,1,1,0,0,0.000000,0.000000,0.000000,0.000000,0.000000,0,0,3.000000,0.000000,0.000000
2100,14,0,1,0,1,1,0,0,0.000000,0.000000,0.000000,0.000000,0.000000,0,0,3.000000,0.000000,0.000000
2101,14,0,1,0,1,1,0,0,0.000000,0.000000,0.000000,0.000000,0.000000,0,0,3.000000,0.000000,0.000000
2102,14,0,1,0,1,1,0,0,0.000000,0.000000,0.000000,0.000000,0.000000,0,0,3.000000,0.000000,0.000000
2103,14,0,1,0,1,1,0,0,0.000000,0.000000,0.000000,0.000000,0.000000,0,0,3.000000,0.000000,0.000000
2104,14,0,1,0,1,1,0,0,0.000000,0.000000,0.000000,0.000000,0.000000,0,0,3.000000,0.000000,0.000000
2105,14,0,1,0,1,1,0,0,0.000000,0.000000,0.000000,0.000000,0.000000,0,0,3.000000,0.000000,0.000000
2106,14,0,1,0,1,1,0,0,0.000000,0.000000,0.000000,0.000000,0.000000,0,0,3.000000,0.000000,0.000000
2107,14,0,1,0,1,1,0,0,0.000000,0.000000,0.000000,0.000000,0.000000,0,0,3.000000,0.000000,0.000000
2108,14,0,1,0,1,1,0,0,0.000000,0.000000,0.000000,0.000000,0.000000,0,0,3.000000,0.000000,0.000000
2109,14,0,1,0,1,1,0,0,0.000000,0.000000,0.000000,0.000000,0.000000,0,0,3.000000,0.000000,0.000000
2110,14,0,1,0,1,1,0,0,0.000000,0.000000,0.000000,0.000000,0.000000,0,0,3.000000,0.000000,0.000000
2111,14,0,1,0,1,1,0,0,0.000000,0.000000,0.000000,0.000000,0.000000,0,0,3.000000,0.000000,0.000000
2112,14,0,1,0,1,1,0,0,0.000000,0.000000,0.000000,0.000000,0.000000,0,0,3.000000,0.000000,0.000000
2113,14,0,1,0,1,1,0,0,0.000000,0.000000,0.000000,0.000000,0.000000,0,0,3.000000,0.000000,0.000000
2114,14,0,1,0,1,1,0,0,0.000000,0.000000,0.000000,0.000000,0.000000,0,0,3.000000,0.000000,0.000000
2115,14,0,1,0,1,1,0,0,0.000000,0.000000,0.000000,0.000000,0.000000,0,0,3.000000,0.000000,0.000000
2116,14,0,1,0,1,1,0,0,0.000000,0.000000,0.000000,0.000000,0.000000,0,0,3.000000,0.000000,0.000000
2117,14,0,1,0,1,1,0,0,0.000000,0.000000,0.000000,0.000000,0.000000,0,0,3.000000,0.000000,0.000000
2118,14,0,1,0,1,1,0,0,0.000000,0.000000,0.000000,0.000000,0.000000,0,0,3.000000,0.000000,0.000000
2119,14,0,1,0,1,1,0,0,0.000000,0.000000,0.000000,0.000000,0.000000,0,0,3.000000,0.000000,0.000000
2120,14,0,1,0,1,1,0,0,0.000000,0.000000,0.000000,0.000000,0.000000,0,0,3.000000,0.000000,0.000000
2121,14,0,1,0,1,1,0,0,0.000000,0.000000,0.000000,0.000000,0.000000,0,0,3.000000,0.000000,0.000000
2122,14,0,1,0,1,1,0,0,0.000000,0.000000,0.000000,0.000000,0.000000,0,0,3.000000,0.000000,0.000000
2123,14,0,1,0,1,1,0,0,0.000000,0.000000,0.000000,0.000000,0.000000,0,0,3.000000,0.000000,0.000000
2124,14,0,1,0,1,1,0,0,0.000000,0.000000,0.000000,0.000000,0.000000,0,0,3.000000,0.000000,0.000000
2125,14,0,1,0,1,1,0,0,0.000000,0.000000,0.000000,0.000000,0.000000,0,0,3.000000,0.000000,0.000000
2126,14,0,1,0,1,1,0,0,0.000000,0.000000,0.000000,0.000000,0.000000,0,0,3.000000,0.000000,0.000000
2127,14,0,1,0,1,1,0,0,0.000000,0.000000,0.000000,0.000000,0.000000,0,0,3.000000,0.000000,0.000000
2128,14,0,1,0,1,1,0,0,0.000000,0.000000,0.000000,0.000000,0.000000,0,0,3.000000,0.000000,0.000000
2129,14,0,1,0,1,1,0,0,0.000000,0.000000,0.000000,0.000000,0.000000,0,0,3.000000,0.000000,0.000000
2130,14,0,1,0,1,1,0,0,0.000000,0.000000,0.000000,0.000000,0.000000,0,0,3.000000,0.000000,0.000000
2131,14,0,1,0,1,1,0,0,0.000000,0.000000,0.000000,0.000000,0.000000,0,0,3.000000,0.000000,0.000000
2132,14,0,1,0,1,1,0,0,0.000000,0.000000,0.000000,0.000000,0.000000,0,0,3.000000,0.000000,0.000000
2133,14,0,1,0,1,1,0,0,0.000000,0.000000,0.000000,0.000000,0.000000,0,0,3.000000,0.000000,0.000000
2134,14,0,1,0,1,1,0,0,0.000000,0.000000,0.000000,0.000000,0.000000,0,0,3.000000,0.000000,0.000000
2135,14,0,1,0,1,1,0,0,0.000000,0.000000,0.000000,0.000000,0.000000,0,0,3.000000,0.000000,0.000000
2136,14,0,1,0,1,1,0,0,0.000000,0.000000,0.000000,0.000000,0.000000,0,0,3.000000,0.000000,0.000000
2137,14,0,1,0,1,1,0,0,0.000000,0.000000,0.000000,0.000000,0.000000,0,0,3.000000,0.000000,0.000000
2138,14,0,1,0,1,1,0,0,0.000000,0.000000,0.000000,0.000000,0.000000,0,0,3.000000,0.000000,0.000000
2139,14,0,1,0,1,1,0,0,0.000000,0.000000,0.000000,0.000000,0.000000,0,0,3.000000,0.000000,0.000000
2140,14,0,1,0,1,1,0,0,0.000000,0.000000,0.000000,0.000000,0.000000,0,0,3.000000,0.000000,0.000000
2141,14,0,1,0,1,1,0,0,0.000000,0.000000,0.000000,0.000000,0.000000,0,0,3.000000,0.000000,0.000000
2142,14,0,1,0,1,1,0,0,0.000000,0.000000,0.000000,0.000000,0.000000,0,0,3.000000,0.000000,0.000000
2143,14,0,1,0,1,1,0,0,0.000000,0.000000,0.000000,0.000000,0.000000,0,0,3.000000,0.000000,0.000000
2144,14,0,1,0,1,1,0,0,0.000000,0.000000,0.000000,0.000000,0.000000,0,0,3.000000,0.000000,0.000000
2145,14,0,1,0,1,1,0,0,0.000000,0.000000,0.000000,0.000000,0.000000,0,0,3.000000,0.000000,0.000000
2146,14,0,1,0,1,1,0,0,0.000000,0.000000,0.000000,0.000000,0.000000,0,0,3.000000,0.000000,0.000000
2147,14,0,1,0,1,1,0,0,0.000000,0.000000,0.000000,0.000000,0.000000,0,0,3.000000,0.000000,0.000000
2148,14,0,1,0,1,1,0,0,0.000000,0.000000,0.000000,0.000000,0.000000,0,0,3.000000,0.000000,0.000000
2149,14,0,1,0,1,1,0,0,0.000000,0.000000,0.000000,0.000000,0.000000,0,0,3.000000,0.000000,0.000000
2150,14,0,1,0,1,1,0,0,0.000000,0.000000,0.000000,0.000000,0.000000,0,0,3.000000,0.000000,0.000000
2151,14,0,1,0,1,1,0,0,0.000000,0.000000,0.000000,0.000000,0.000000,0,0,3.000000,0.000000,0.000000
2152,14,0,1,0,1,1,0,0,0.000000,0.000000,0.000000,0.000000,0.000000,0,0,3.000000,0.000000,0.000000
2153,14,0,1,0,1,1,0,0,0.000000,0.000000,0.000000,0.000000,0.000000,0,0,3.000000,0.000000,0.000000
2154,14,0,1,0,1,1,0,0,0.000000,0.000000,0.000000,0.000000,0.000000,0,0,3.000000,0.000000,0.000000
2155,14,0,1,0,1,1,0,0,0.000000,0.000000,0.000000,0.000000,0.000000,0,0,3.000000,0.000000,0.000000
2156,14,0,1,0,1,1,0,0,0.000000,0.000000,0.000000,0.000000,0.000000,0,0,3.000000,0.000000,0.000000
2157,14,0,1,0,1,1,0,0,0.000000,0.000000,0.000000,0.000000,0.000000,0,0,3.000000,0.000000,0.000000
2158,14,0,1,0,1,1,0,0,0.000000,0.000000,0.000000,0.000000,0.000000,0,0,3.000000,0.000000,0.000000
2159,14,0,1,0,1,1,0,0,0.000000,0.000000,0.000000,0.000000,0.000000,0,0,3.000000,0.000000,0.000000
2160,14,0,1,0,1,1,0,0,0.000000,0.000000,0.000000,0.000000,0.000000,0,0,3.000000,0.000000,0.000000
2161,14,0,1,0,1,1,0,0,0.000000,0.000000,0.000000,0.000000,0.000000,0,0,3.000000,0.000000,0.000000
2162,14,0,1,0,1,1,0,0,0.000000,0.000000,0.000000,0.000000,0.000000,0,0,3.000000,0.000000,0.000000
2163,14,0,1,0,1,1,0,0,0.000000,0.000000,0.000000,0.000000,0.000000,0,0,3.000000,0.000000,0.000000
2164,14,0,1,0,1,1,0,0,0.000000,0.000000,0.000000,0.000000,0.000000,0,0,3.000000,0.000000,0.000000
2165,14,0,1,0,1,1,0,0,0.000000,0.000000,0.000000,0.000000,0.000000,0,0,3.000000,0.000000,0.000000
2166,14,0,1,0,1,1,0,0,0.000000,0.000000,0.000000,0.000000,0.000000,0,0,3.000000,0.000000,0.000000
2167,14,0,1,0,1,1,0,0,0.000000,0.000000,0.000000,0.000000,0.000000,0,0,3.000000,0.000000,0.000000
2168,14,0,1,0,1,1,0,0,0.000000,0.000000,0.000000,0.000000,0.000000,0,0,3.000000,0.000000,0.000000
2169,14,0,1,0,1,1,0,0,0.000000,0.000000,0.000000,0.000000,0.000000,0,0,3.000000,0.000000,0.000000
2170,14,0,1,0,1,1,0,0,0.000000,0.000000,0.000000,0.000000,0.000000,0,0,3.000000,0.000000,0.000000
2171,14,0,1,0,1,1,0,0,0.000000,0.000000,0.000000,0.000000,0.000000,0,0,3.000000,0.000000,0.000000
2172,14,0,1,0,1,1,0,0,0.000000,0.000000,0.000000,0.000000,0.000000,0,0,3.000000,0.000000,0.000000
2173,14,0,1,0,1,1,0,0,0.000000,0.000000,0.000000,0.000000,0.000000,0,0,3.000000,0.000000,0.000000
2174,14,0,1,0,1,1,0,0,0.000000,0.000000,0.000000,0.000000,0.000000,0,0,3.000000,0.000000,0.000000
2175,14,0,1,0,1,1,0,0,0.000000,0.000000,0.000000,0.000000,0.000000,0,0,3.000000,0.000000,0.000000
2176,14,0,1,0,1,1,0,0,0.000000,0.000000,0.000000,0.000000,0.000000,0,0,3.000000,0.000000,0.000000
2177,14,0,1,0,1,1,0,0,0.000000,0.000000,0.000000,0.000000,0.000000,0,0,3.000000,0.000000,0.000000
2178,14,0,1,0,1,1,0,0,0.000000,0.000000,0.000000,0.000000,0.000000,0,0,3.000000,0.000000,0.000000
2179,14,0,1,0,1,1,0,0,0.000000,0.000000,0.000000,0.000000,0.000000,0,0,3.000000,0.000000,0.000000
2180,14,0,1,0,1,1,0,0,0.000000,0.000000,0.000000,0.000000,0.000000,0,0,3.000000,0.000000,0.000000
2181,14,0,1,0,1,1,0,0,0.000000,0.000000,0.000000,0.000000,0.000000,0,0,3.000000,0.000000,0.000000
2182,14,0,1,0,1,1,0,0,0.000000,0.000000,0.000000,0.000000,0.000000,0,0,3.000000,0.000000,0.000000
2183,14,0,1,0,1,1,0,0,0.000000,0.000000,0.000000,0.000000,0.000000,0,0,3.000000,0.000000,0.000000
2184,14,0,1,0,1,1,0,0,0.000000,0.000000,0.000000,0.000000,0.000000,0,0,3.000000,0.000000,0.000000
2185,15,0,1,0,1,1,0,0,0.000000,0.000000,0.000000,0.000000,0.000000,0,0,3.000000,0.000000,0.000000
2186,15,0,1,0,1,1,0,0,0.000000,0.000000,0.000000,0.000000,0.000000,0,0,3.000000,0.000000,0.000000
2187,15,0,1,0,1,1,0,0,0.000000,0.000000,0.000000,0.000000,0.000000,0,0,3.000000,0.000000,0.000000
2188,15,0,1,0,1,1,0,0,0.000000,0.000000,0.000000,0.000000,0.000000,0,0,3.000000,0.000000,0.000000
2189,15,0,1,0,1,1,0,0,0.000000,0.000000,0.000000,0.000000,0.000000,0,0,3.000000,0.000000,0.000000
2190,15,0,1,0,1,1,0,0,0.000000,0.000000,0.000000,0.000000,0.000000,0,0,3.000000,0.000000,0.000000
2191,15,0,1,0,1,1,0,0,0.000000,0.000000,0.000000,0.000000,0.000000,0,0,3.000000,0.000000,0.000000
2192,15,0,1,0,1,1,0,0,0.000000,0.000000,0.000000,0.000000,0.000000,0,0,3.000000,0.000000,0.000000
2193,15,0,1,0,1,1,0,0,0.000000,0.000000,0.000000,0.000000,0.000000,0,0,3.000000,0.000000,0.000000
2194,15,0,1,0,1,1,0,0,0.000000,0.000000,0.000000,0.000000,0.000000,0,0,3.000000,0.000000,0.000000
2195,15,0,1,0,1,1,0,0,0.000000,0.000000,0.000000,0.000000,0.000000,0,0,3.000000,0.000000,0.000000
2196,15,0,1,0,1,1,0,0,0.000000,0.000000,0.000000,0.000000,0.000000,0,0,3.000000,0.000000,0.000000
2197,15,0,1,0,1,1,0,0,0.000000,0.000000,0.000000,0.000000,0.000000,0,0,3.000000,0.000000,0.000000
2198,15,0,1,0,1,1,0,0,0.000000,0.000000,0.000000,0.000000,0.000000,0,0,3.000000,0.000000,0.000000
2199,15,0,1,0,1,1,0,0,0.000000,0.000000,0.000000,0.000000,0.000000,0,0,3.000000,0.000000,0.000000
2200,15,0,1,0,1,1,0,0,0.000000,0.000000,0.000000,0.000000,0.000000,0,0,3.000000,0.000000,0.000000
2201,15,0,1,0,1,1,0,0,0.000000,0.000000,0.000000,0.000000,0.000000,0,0,3.000000,0.000000,0.000000
2202,15,0,1,0,1,1,0,0,0.000000,0.000000,0.000000,0.000000,0.000000,0,0,3.000000,0.000000,0.000000
2203,15,0,1,0,1,1,0,0,0.000000,0.000000,0.000000,0.000000,0.000000,0,0,3.000000,0.000000,0.000000
2204,15,0,1,0,1,1,0,0,0.000000,0.000000,0.000000,0.000000,0.000000,0,0,3.000000,0.000000,0.000000
2205,15,0,1,0,1,1,0,0,0.000000,0.000000,0.000000,0.000000,0.000000,0,0,3.000000,0.000000,0.000000
2206,15,0,1,0,1,1,0,0,0.000000,0.000000,0.000000,0.000000,0.000000,0,0,3.000000,0.000000,0.000000
2207,15,0,1,0,1,1,0,0,0.000000,0.000000,0.000000,0.000000,0.000000,0,0,3.000000,0.000000,0.000000
2208,15,0,1,0,1,1,0,0,0.000000,0.000000,0.000000,0.000000,0.000000,0,0,3.000000,0.000000,0.000000
2209,15,0,1,0,1,1,0,0,0.000000,0.000000,0.000000,0.000000,0.000000,0,0,3.000000,0.000000,0.000000
2210,15,0,1,0,1,1,0,0,0.000000,0.000000,0.000000,0.000000,0.000000,0,0,3.000000,0.000000,0.000000
2211,15,0,1,0,1,1,0,0,0.000000,0.000000,0.000000,0.000000,0.000000,0,0,3.000000,0.000000,0.000000
2212,15,0,1,0,1,1,0,0,0.000000,0.000000,0.000000,0.000000,0.000000,0,0,3.000000,0.000000,0.000000
2213,15,0,1,0,1,1,0,0,0.000000,0.000000,0.000000,0.000000,0.000000,0,0,3.000000,0.000000,0.000000
2214,15,0,1,0,1,1,0,0,0.000000,0.000000,0.000000,0.000000,0.000000,0,0,3.000000,0.000000,0.000000
2215,15,0,1,0,1,1,0,0,0.000000,0.000000,0.000000,0.000000,0.000000,0,0,3.000000,0.000000,0.000000
2216,15,0,1,0,1,1,0,0,0.000000,0.000000,0.000000,0.000000,0.000000,0,0,3.000000,0.000000,0.000000
2217,15,0,1,0,1,1,0,0,0.000000,0.000000,0.000000,0.000000,0.000000,0,0,3.000000,0.000000,0.000000
2218,15,0,1,0,1,1,0,0,0.000000,0.000000,0.000000,0.000000,0.000000,0,0,3.000000,0.000000,0.000000
2219,15,0,1,0,1,1,0,0,0.000000,0.000000,0.000000,0.000000,0.000000,0,0,3.000000,0.000000,0.000000
2220,15,0,1,0,1,1,0,0,0.000000,0.000000,0.000000,0.000000,0.000000,0,0,3.000000,0.000000,0.000000
2221,15,0,1,0,1,1,0,0,0.000000,0.000000,0.000000,0.000000,0.000000,0,0,3.000000,0.000000,0.000000
2222,15,0,1,0,1,1,0,0,0.000000,0.000000,0.000000,0.000000,0.000000,0,0,3.000000,0.000000,0.000000
2223,15,0,1,0,1,1,0,0,0.000000,0.000000,0.000000,0.000000,0.000000,0,0,3.000000,0.000000,0.000000
2224,15,0,1,0,1,1,0,0,0.000000,0.000000,0.000000,0.000000,0.000000,0,0,3.000000,0.000000,0.000000
2225,15,0,1,0,1,1,0,0,0.000000,0.000000,0.000000,0.000000,0.000000,0,0,3.000000,0.000000,0.000000
2226,15,0,1,0,1,1,0,0,0.000000,0.000000,0.000000,0.000000,0.000000,0,0,3.000000,0.000000,0.000000
2227,15,0,1,0,1,1,0,0,0.000000,0.000000,0.000000,0.000000,0.000000,0,0,3.000000,0.000000,0.000000
2228,15,0,1,0,1,1,0,0,0.000000,0.000000,0.000000,0.000000,0.000000,0,0,3.000000,0.000000,0.000000
2229,15,0,1,0,1,1,0,0,0.000000,0.000000,0.000000,0.000000,0.000000,0,0,3.000000,0.000000,0.000000
2230,15,0,1,0,1,1,0,0,0.000000,0.000000,0.000000,0.000000,0.000000,0,0,3.000000,0.000000,0.000000
2231,15,0,1,0,1,1,0,0,0.000000,0.000000,0.000000,0.000000,0.000000,0,0,3.000000,0.000000,0.000000
2232,15,0,1,0,1,1,0,0,0.000000,0.000000,0.000000,0.000000,0.000000,0,0,3.000000,0.000000,0.000000
2233,15,0,1,0,1,1,0,0,0.000000,0.000000,0.000000,0.000000,0.000000,0,0,3.000000,0.000000,0.000000
2234,15,0,1,0,1,1,0,0,0.000000,0.000000,0.000000,0.000000,0.000000,0,0,3.000000,0.000000,0.000000
2235,15,0,1,0,1,1,0,0,0.000000,0.000000,0.000000,0.000000,0.000000,0,0,3.000000,0.000000,0.000000
2236,15,0,1,0,1,1,0,0,0.000000,0.000000,0.000000,0.000000,0.000000,0,0,3.000000,0.000000,0.000000
2237,15,0,1,0,1,1,0,0,0.000000,0.000000,0.000000,0.000000,0.000000,0,0,3.000000,0.000000,0.000000
2238,15,0,1,0,1,1,0,0,0.000000,0.000000,0.000000,0.000000,0.000000,0,0,3.000000,0.000000,0.000000
2239,15,0,1,0,1,1,0,0,0.000000,0.000000,0.000000,0.000000,0.000000,0,0,3.000000,0.000000,0.000000
2240,15,0,1,0,1,1,0,0,0.000000,0.000000,0.000000,0.000000,0.000000,0,0,3.000000,0.000000,0.000000
2241,15,0,1,0,1,1,0,0,0.000000,0.000000,0.000000,0.000000,0.000000,0,0,3.000000,0.000000,0.000000
2242,15,0,1,0,1,1,0,0,0.000000,0.000000,0.000000,0.000000,0.000000,0,0,3.000000,0.000000,0.000000
2243,15,0,1,0,1,1,0,0,0.000000,0.000000,0.000000,0.000000,0.000000,0,0,3.000000,0.000000,0.000000
2244,15,0,1,0,1,1,0,0,0.000000,0.000000,0.000000,0.000000,0.000000,0,0,3.000000,0.000000,0.000000
2245,15,0,1,0,1,1,0,0,0.000000,0.000000,0.000000,0.000000,0.000000,0,0,3.000000,0.000000,0.000000
2246,15,0,1,0,1,1,0,0,0.000000,0.000000,0.000000,0.000000,0.000000,0,0,3.000000,0.000000,0.000000
2247,15,0,1,0,1,1,0,0,0.000000,0.000000,0.000000,0.000000,0.000000,0,0,3.000000,0.000000,0.000000
2248,15,0,1,0,1,1,0,0,0.000000,0.000000,0.000000,0.000000,0.000000,0,0,3.000000,0.000000,0.000000
2249,15,0,1,0,1,1,0,0,0.000000,0.000000,0.000000,0.000000,0.000000,0,0,3.000000,0.000000,0.000000
2250,15,0,1,0,1,1,0,0,0.000000,0.000000,0.000000,0.000000,0.000000,0,0,3.000000,0.000000,0.000000
2251,15,0,1,0,1,1,0,0,0.000000,0.000000,0.000000,0.000000,0.000000,0,0,3.000000,0.000000,0.000000
2252,15,0,1,0,1,1,0,0,0.000000,0.000000,0.000000,0.000000,0.000000,0,0,3.000000,0.000000,0.000000
2253,15,0,1,0,1,1,0,0,0.000000,0.000000,0.000000,0.000000,0.000000,0,0,3.000000,0.000000,0.000000
2254,15,0,1,0,1,1,0,0,0.000000,0.000000,0.000000,0.000000,0.000000,0,0,3.000000,0.000000,0.000000
2255,15,0,1,0,1,1,0,0,0.000000,0.000000,0.000000,0.000000,0.000000,0,0,3.000000,0.000000,0.000000
2256,15,0,1,0,1,1,0,0,0.000000,0.000000,0.000000,0.000000,0.000000,0,0,3.000000,0.000000,0.000000
2257,15,0,1,0,1,1,0,0,0.000000,0.000000,0.000000,0.000000,0.000000,0,0,3.000000,0.000000,0.000000
2258,15,0,1,0,1,1,0,0,0.000000,0.000000,0.000000,0.000000,0.000000,0,0,3.000000,0.000000,0.000000
2259,15,0,1,0,1,1,0,0,0.000000,0.000000,0.000000,0.000000,0.000000,0,0,3.000000,0.000000,0.000000
2260,15,0,1,0,1,1,0,0,0.000000,0.000000,0.000000,0.000000,0.000000,0,0,3.000000,0.000000,0.000000
2261,15,0,1,0,1,1,0,0,0.000000,0.000000,0.000000,0.000000,0.000000,0,0,3.000000,0.000000,0.000000
2262,15,0,1,0,1,1,0,0,0.000000,0.000000,0.000000,0.000000,0.000000,0,0,3.000000,0.000000,0.000000
2263,15,0,1,0,1,1,0,0,0.000000,0.000000,0.000000,0.000000,0.000000,0,0,3.000000,0.000000,0.000000
2264,15,0,1,0,1,1,0,0,0.000000,0.000000,0.000000,0.000000,0.000000,0,0,3.000000,0.000000,0.000000
2265,15,0,1,0,1,1,0,0,0.000000,0.000000,0.000000,0.000000,0.000000,0,0,3.000000,0.000000,0.000000
2266,15,0,1,0,1,1,0,0,0.000000,0.000000,0.000000,0.000000,0.000000,0,0,3.000000,0.000000,0.000000
2267,15,0,1,0,1,1,0,0,0.000000,0.000000,0.000000,0.000000,0.000000,0,0,3.000000,0.000000,0.000000
2268,15,0,1,0,1,1,0,0,0.000000,0.000000,0.000000,0.000000,0.000000,0,0,3.000000,0.000000,0.000000
2269,15,0,1,0,1,1,0,0,0.000000,0.000000,0.000000,0.000000,0.000000,0,0,3.000000,0.000000,0.000000
2270,15,0,1,0,1,1,0,0,0.000000,0.000000,0.000000,0.000000,0.000000,0,0,3.000000,0.000000,0.000000
2271,15,0,1,0,1,1,0,0,0.000000,0.000000,0.000000,0.000000,0.000000,0,0,3.000000,0.000000,0.000000
2272,15,0,1,0,1,1,0,0,0.000000,0.000000,0.000000,0.000000,0.000000,0,0,3.000000,0.000000,0.000000
2273,15,0,1,0,1,1,0,0,0.000000,0.000000,0.000000,0.000000,0.000000,0,0,3.000000,0.000000,0.000000
2274,15,0,1,0,1,1,0,0,0.000000,0.000000,0.000000,0.000000,0.000000,0,0,3.000000,0.000000,0.000000
2275,15,0,1,0,1,1,0,0,0.000000,0.000000,0.000000,0.000000,0.000000,0,0,3.000000,0.000000,0.000000
2276,15,0,1,0,1,1,0,0,0.000000,0.000000,0.000000,0.000000,0.000000,0,0,3.000000,0.000000,0.000000
2277,15,0,1,0,1,1,0,0,0.000000,0.000000,0.000000,0.000000,0.000000,0,0,3.000000,0.000000,0.000000
2278,15,0,1,0,1,1,0,0,0.000000,0.000000,0.000000,0.000000,0.000000,0,0,3.000000,0.000000,0.000000
2279,15,0,1,0,1,1,0,0,0.000000,0.000000,0.000000,0.000000,0.000000,0,0,3.000000,0.000000,0.000000
2280,15,0,1,0,1,1,0,0,0.000000,0.000000,0.000000,0.000000,0.000000,0,0,3.000000,0.000000,0.000000
2281,15,0,1,0,1,1,0,0,0.000000,0.000000,0.000000,0.000000,0.000000,0,0,3.000000,0.000000,0.000000
2282,15,0,1,0,1,1,0,0,0.000000,0.000000,0.000000,0.000000,0.000000,0,0,3.000000,0.000000,0.000000
2283,15,0,1,0,1,1,0,0,0.000000,0.000000,0.000000,0.000000,0.000000,0,0,3.000000,0.000000,0.000000
2284,15,0,1,0,1,1,0,0,0.000000,0.000000,0.000000,0.000000,0.000000,0,0,3.000000,0.000000,0.000000
2285,15,0,1,0,1,1,0,0,0.000000,0.000000,0.000000,0.000000,0.000000,0,0,3.000000,0.000000,0.000000
2286,15,0,1,0,1,1,0,0,0.000000,0.000000,0.000000,0.000000,0.000000,0,0,3.000000,0.000000,0.000000
2287,15,0,1,0,1,1,0,0,0.000000,0.000000,0.000000,0.000000,0.000000,0,0,3.000000,0.000000,0.000000
2288,15,0,1,0,1,1,0,0,0.000000,0.000000,0.000000,0.000000,0.000000,0,0,3.000000,0.000000,0.000000
2289,15,0,1,0,1,1,0,0,0.000000,0.000000,0.000000,0.000000,0.000000,0,0,3.000000,0.000000,0.000000
2290,15,0,1,0,1,1,0,0,0.000000,0.000000,0.000000,0.000000,0.000000,0,0,3.000000,0.000000,0.000000
2291,15,0,1,0,1,1,0,0,0.000000,0.000000,0.000000,0.000000,0.000000,0,0,3.000000,0.000000,0.000000
2292,15,0,1,0,1,1,0,0,0.000000,0.000000,0.000000,0.000000,0.000000,0,0,3.000000,0.000000,0.000000
2293,15,0,1,0,1,1,0,0,0.000000,0.000000,0.000000,0.000000,0.000000,0,0,3.000000,0.000000,0.000000
2294,15,0,1,0,1,1,0,0,0.000000,0.000000,0.000000,0.000000,0.000000,0,0,3.000000,0.000000,0.000000
2295,15,0,1,0,1,1,0,0,0.000000,0.000000,0.000000,0.000000,0.000000,0,0,3.000000,0.000000,0.000000
2296,15,0,1,0,1,1,0,0,0.000000,0.000000,0.000000,0.000000,0.000000,0,0,3.000000,0.000000,0.000000
2297,15,0,1,0,1,1,0,0,0.000000,0.000000,0.000000,0.000000,0.000000,0,0,3.000000,0.000000,0.000000
2298,15,0,1,0,1,1,0,0,0.000000,0.000000,0.000000,0.000000,0.000000,0,0,3.000000,0.000000,0.000000
2299,15,0,1,0,1,1,0,0,0.000000,0.000000,0.000000,0.000000,0.000000,0,0,3.000000,0.000000,0.000000
2300,15,0,1,0,1,1,0,0,0.000000,0.000000,0.000000,0.000000,0.000000,0,0,3.000000,0.000000,0.000000
2301,15,0,1,0,1,1,0,0,0.000000,0.000000,0.000000,0.000000,0.000000,0,0,3.000000,0.000000,0.000000
2302,15,0,1,0,1,1,0,0,0.000000,0.000000,0.000000,0.000000,0.000000,0,0,3.000000,0.000000,0.000000
2303,15,0,1,0,1,1,0,0,0.000000,0.000000,0.000000,0.000000,0.000000,0,0,3.000000,0.000000,0.000000
2304,15,0,1,0,1,1,0,0,0.000000,0.000000,0.000000,0.000000,0.000000,0,0,3.000000,0.000000,0.000000
2305,16,0,1,0,1,1,0,0,0.000000,0.000000,0.000000,0.000000,0.000000,0,0,3.000000,0.000000,0.000000
2306,16,0,1,0,1,1,0,0,0.000000,0.000000,0.000000,0.000000,0.000000,0,0,3.000000,0.000000,0.000000
2307,16,0,1,0,1,1,0,0,0.000000,0.000000,0.000000,0.000000,0.000000,0,0,3.000000,0.000000,0.000000
2308,16,0,1,0,1,1,0,0,0.000000,0.000000,0.000000,0.000000,0.000000,0,0,0.000000,0.000000,0.000000
2309,16,0,1,0,1,1,0,0,0.000000,0.000000,0.000000,0.000000,0.000000,1,0,0.366681,0.000000,0.000000
2310,16,0,1,0,1,1,0,0,0.000000,0.000000,0.000000,0.000000,0.000000,1,0,0.733406,0.000000,0.000000
2311,16,0,1,0,1,1,0,0,0.000000,0.000000,0.000000,0.000000,0.000000,1,0,1.100095,0.000000,0.000000
2312,16,0,1,0,1,1,0,0,0.000000,0.000000,0.000000,0.000000,0.000000,1,0,1.466807,0.000000,0.000000
2313,16,0,1,0,1,1,0,0,0.000000,0.000000,0.000000,0.000000,0.000000,1,0,1.833510,0.000000,0.000000
2314,16,0,1,0,1,1,0,0,0.000000,0.000000,0.000000,0.000000,0.000000,1,0,2.200219,0.000000,0.000000
2315,16,0,1,0,1,1,0,0,0.000000,0.000000,0.000000,0.000000,0.000000,1,0,2.566908,0.000000,0.000000
2316,16,0,1,0,1,1,0,0,0.000000,0.000000,0.000000,0.000000,0.000000,1,0,2.800076,0.000000,0.000000
2317,16,0,1,0,1,1,0,0,0.000000,0.000000,0.000000,0.000000,0.000000,1,0,2.900080,0.000000,0.000000
2318,16,0,1,0,1,1,0,0,0.000000,0.000000,0.000000,0.000000,0.000000,1,0,3.000000,0.000000,0.000000
2319,16,0,1,0,1,1,0,0,0.000000,0.000000,0.000000,0.000000,0.000000,1,0,3.000000,0.000000,0.000000
2320,16,0,1,0,1,1,0,0,0.000000,0.000000,0.000000,0.000000,0.000000,1,0,3.000000,0.000000,0.000000
2321,16,0,1,0,1,1,0,0,0.000000,0.000000,0.000000,0.000000,0.000000,1,0,3.000000,0.000000,0.000000
2322,16,0,1,0,1,1,0,0,0.000000,0.000000,0.000000,0.000000,0.000000,1,0,3.000000,0.000000,0.000000
2323,16,0,1,0,1,1,0,0,0.000000,0.000000,0.000000,0.000000,0.000000,1,0,3.000000,0.000000,0.000000
2324,16,0,1,0,1,1,0,0,0.000000,0.000000,0.000000,0.000000,0.000000,1,0,3.000000,0.000000,0.000000
2325,16,0,1,0,1,1,0,0,0.000000,0.000000,0.000000,0.000000,0.000000,1,0,3.000000,0.000000,0.000000
2326,16,0,1,0,1,1,0,0,0.000000,0.000000,0.000000,0.000000,0.000000,1,0,3.000000,0.000000,0.000000
2327,16,0,1,0,1,1,0,0,0.000000,0.000000,0.000000,0.000000,0.000000,1,0,3.000000,0.000000,0.000000
2328,16,0,1,0,1,1,0,0,0.000000,0.000000,0.000000,0.000000,0.000000,1,0,3.000000,0.000000,0.000000
2329,16,0,1,0,1,1,0,0,0.000000,0.000000,0.000000,0.000000,0.000000,1,0,3.000000,0.000000,0.000000
2330,16,0,1,0,1,1,0,0,0.000000,0.000000,0.000000,0.000000,0.000000,1,0,3.000000,0.000000,0.000000
2331,16,0,1,0,1,1,0,0,0.000000,0.000000,0.000000,0.000000,0.000000,1,0,3.000000,0.000000,0.000000
2332,16,0,1,0,1,1,0,0,0.000000,0.000000,0.000000,0.000000,0.000000,1,0,3.000000,0.000000,0.000000
2333,16,0,1,0,1,1,0,0,0.000000,0.000000,0.000000,0.000000,0.000000,1,0,3.000000,0.000000,0.000000
2334,16,0,1,0,1,1,0,0,0.000000,0.000000,0.000000,0.000000,0.000000,1,0,3.000000,0.000000,0.000000
2335,16,0,1,0,1,1,0,0,0.000000,0.000000,0.000000,0.000000,0.000000,1,0,3.000000,0.000000,0.000000
2336,16,0,1,0,1,1,0,0,0.000000,0.000000,0.000000,0.000000,0.000000,1,0,3.000000,0.000000,0.000000
2337,16,0,1,0,1,1,0,0,0.000000,0.000000,0.000000,0.000000,0.000000,1,0,3.000000,0.000000,0.000000
2338,16,0,1,0,1,1,0,0,0.000000,0.000000,0.000000,0.000000,0.000000,1,0,3.000000,0.000000,0.000000
2339,16,0,1,0,1,1,0,0,0.000000,0.000000,0.000000,0.000000,0.000000,1,0,3.000000,0.000000,0.000000
2340,16,0,1,0,1,1,0,0,0.000000,0.000000,0.000000,0.000000,0.000000,1,0,3.000000,0.000000,0.000000
2341,16,0,1,0,1,1,0,0,0.000000,0.000000,0.000000,0.000000,0.000000,1,0,3.000000,0.000000,0.000000
2342,16,0,1,0,1,1,0,0,0.000000,0.000000,0.000000,0.000000,0.000000,1,0,3.000000,0.000000,0.000000
2343,16,0,1,0,1,1,0,0,0.000000,0.000000,0.000000,0.000000,0.000000,1,0,3.000000,0.000000,0.000000
2344,16,0,1,0,1,1,0,0,0.000000,0.000000,0.000000,0.000000,0.000000,1,0,3.000000,0.000000,0.000000
2345,16,0,1,0,1,1,0,0,0.000000,0.000000,0.000000,0.000000,0.000000,1,0,3.000000,0.000000,0.000000
2346,16,0,1,0,1,1,0,0,0.000000,0.000000,0.000000,0.000000,0.000000,1,0,3.000000,0.000000,0.000000
2347,16,0,1,0,1,1,0,0,0.000000,0.000000,0.000000,0.000000,0.000000,1,0,3.000000,0.000000,0.000000
2348,16,0,1,0,1,1,0,0,0.000000,0.000000,0.000000,0.000000,0.000000,1,0,3.000000,0.000000,0.000000
2349,16,0,1,0,1,1,0,0,0.000000,0.000000,0.000000,0.000000,0.000000,1,0,3.000000,0.000000,0.000000
2350,16,0,1,0,1,1,0,0,0.000000,0.000000,0.000000,0.000000,0.000000,1,0,3.000000,0.000000,0.000000
2351,16,0,1,0,1,1,0,0,0.000000,0.000000,0.000000,0.000000,0.000000,1,0,3.000000,0.000000,0.000000
2352,16,0,1,0,1,1,0,0,0.000000,0.000000,0.000000,0.000000,0.000000,1,0,3.000000,0.000000,0.000000
2353,16,0,1,0,1,1,0,0,0.000000,0.000000,0.000000,0.000000,0.000000,1,0,3.000000,0.000000,0.000000
2354,16,0,1,0,1,1,0,0,0.000000,0.000000,0.000000,0.000000,0.000000,1,0,3.000000,0.000000,0.000000
2355,16,0,1,0,1,1,0,0,0.000000,0.000000,0.000000,0.000000,0.000000,1,0,3.000000,0.000000,0.000000
2356,16,0,1,0,1,1,0,0,0.000000,0.000000,0.000000,0.000000,0.000000,1,0,3.000000,0.000000,0.000000
2357,16,0,1,0,1,1,0,0,0.000000,0.000000,0.000000,0.000000,0.000000,1,0,3.000000,0.000000,0.000000
2358,16,0,1,0,1,1,0,0,0.000000,0.000000,0.000000,0.000000,0.000000,1,0,3.000000,0.000000,0.000000
2359,16,0,1,0,1,1,0,0,0.000000,0.000000,0.000000,0.000000,0.000000,1,0,3.000000,0.000000,0.000000
2360,16,0,1,0,1,1,0,0,0.000000,0.000000,0.000000,0.000000,0.000000,1,0,3.000000,0.000000,0.000000
2361,16,0,1,0,1,1,0,0,0.000000,0.000000,0.000000,0.000000,0.000000,1,0,3.000000,0.000000,0.000000
2362,16,0,1,0,1,1,0,0,0.000000,0.000000,0.000000,0.000000,0.000000,1,0,3.000000,0.000000,0.000000
2363,16,0,1,0,1,1,0,0,0.000000,0.000000,0.000000,0.000000,0.000000,1,0,3.000000,0.000000,0.000000
2364,16,0,1,0,1,1,0,0,0.000000,0.000000,0.000000,0.000000,0.000000,1,0,3.000000,0.000000,0.000000
2365,16,0,1,0,1,1,0,0,0.000000,0.000000,0.000000,0.000000,0.000000,1,0,3.000000,0.000000,0.000000
2366,16,0,1,0,1,1,0,0,0.000000,0.000000,0.000000,0.000000,0.000000,1,0,3.000000,0.000000,0.000000
2367,16,0,1,0,1,1,0,0,0.000000,0.000000,0.000000,0.000000,0.000000,1,0,3.000000,0.000000,0.000000
2368,16,0,1,0,1,1,0,0,0.000000,0.000000,0.000000,0.000000,0.000000,1,0,3.000000,0.000000,0.000000
2369,16,0,1,0,1,1,0,0,0.000000,0.000000,0.000000,0.000000,0.000000,1,0,3.000000,0.000000,0.000000
2370,16,0,1,0,1,1,0,0,0.000000,0.000000,0.000000,0.000000,0.000000,1,0,3.000000,0.000000,0.000000
2371,16,0,1,0,1,1,0,0,0.000000,0.000000,0.000000,0.000000,0.000000,1,0,3.000000,0.000000,0.000000
2372,16,0,1,0,1,1,0,0,0.000000,0.000000,0.000000,0.000000,0.000000,1,0,3.000000,0.000000,0.000000
2373,16,0,1,0,1,1,0,0,0.000000,0.000000,0.000000,0.000000,0.000000,1,0,3.000000,0.000000,0.000000
2374,16,0,1,0,1,1,0,0,0.000000,0.000000,0.000000,0.000000,0.000000,1,0,3.000000,0.000000,0.000000
2375,16,0,1,0,1,1,0,0,0.000000,0.000000,0.000000,0.000000,0.000000,1,0,3.000000,0.000000,0.000000
2376,16,0,1,0,1,1,0,0,0.000000,0.000000,0.000000,0.000000,0.000000,1,0,3.000000,0.000000,0.000000
2377,16,0,1,0,1,1,0,0,0.000000,0.000000,0.000000,0.000000,0.000000,1,0,3.000000,0.000000,0.000000
2378,16,0,1,0,1,1,0,0,0.000000,0.000000,0.000000,0.000000,0.000000,1,0,3.000000,0.000000,0.000000
2379,16,0,1,0,1,1,0,0,0.000000,0.000000,0.000000,0.000000,0.000000,1,0,3.000000,0.000000,0.000000
2380,16,0,1,0,1,1,0,0,0.000000,0.000000,0.000000,0.000000,0.000000,1,0,3.000000,0.000000,0.000000
2381,16,0,1,0,1,1,0,0,0.000000,0.000000,0.000000,0.000000,0.000000,1,0,3.000000,0.000000,0.000000
2382,16,0,1,0,1,1,0,0,0.000000,0.000000,0.000000,0.000000,0.000000,1,0,3.000000,0.000000,0.000000
2383,16,0,1,0,1,1,0,0,0.000000,0.000000,0.000000,0.000000,0.000000,1,0,3.000000,0.000000,0.000000
2384,16,0,1,0,1,1,0,0,0.000000,0.000000,0.000000,0.000000,0.000000,1,0,3.000000,0.000000,0.000000
2385,16,0,1,0,1,1,0,0,0.000000,0.000000,0.000000,0.000000,0.000000,1,0,3.000000,0.000000,0.000000
2386,16,0,1,0,1,1,0,0,0.000000,0.000000,0.000000,0.000000,0.000000,1,0,3.000000,0.000000,0.000000
2387,16,0,1,0,1,1,0,0,0.000000,0.000000,0.000000,0.000000,0.000000,1,0,3.000000,0.000000,0.000000
2388,16,0,1,0,1,1,0,0,0.000000,0.000000,0.000000,0.000000,0.000000,1,0,3.000000,0.000000,0.000000
2389,16,0,1,0,1,1,0,0,0.000000,0.000000,0.000000,0.000000,0.000000,1,0,3.000000,0.000000,0.000000
2390,16,0,1,0,1,1,0,0,0.000000,0.000000,0.000000,0.000000,0.000000,1,0,3.000000,0.000000,0.000000
2391,16,0,1,0,1,1,0,0,0.000000,0.000000,0.000000,0.000000,0.000000,1,0,3.000000,0.000000,0.000000
2392,16,0,1,0,1,1,0,0,0.000000,0.000000,0.000000,0.000000,0.000000,1,0,3.000000,0.000000,0.000000
2393,16,0,1,0,1,1,0,0,0.000000,0.000000,0.000000,0.000000,0.000000,1,0,3.000000,0.000000,0.000000
2394,16,0,1,0,1,1,0,0,0.000000,0.000000,0.000000,0.000000,0.000000,1,0,3.000000,0.000000,0.000000
2395,16,0,1,0,1,1,0,0,0.000000,0.000000,0.000000,0.000000,0.000000,1,0,3.000000,0.000000,0.000000
2396,16,0,1,0,1,1,0,0,0.000000,0.000000,0.000000,0.000000,0.000000,1,0,3.000000,0.000000,0.000000
2397,16,0,1,0,1,1,0,0,0.000000,0.000000,0.000000,0.000000,0.000000,1,0,3.000000,0.000000,0.000000
2398,16,0,1,0,1,1,0,0,0.000000,0.000000,0.000000,0.000000,0.000000,1,0,3.000000,0.000000,0.000000
2399,16,0,1,0,1,1,0,0,0.000000,0.000000,0.000000,0.000000,0.000000,1,0,3.000000,0.000000,0.000000
2400,16,0,1,0,1,1,0,0,0.000000,0.000000,0.000000,0.000000,0.000000,1,0,3.000000,0.000000,0.000000
2401,16,0,1,0,1,1,0,0,0.000000,0.000000,0.000000,0.000000,0.000000,1,0,3.000000,0.000000,0.000000
2402,16,0,1,0,1,1,0,0,0.000000,0.000000,0.000000,0.000000,0.000000,1,0,3.000000,0.000000,0.000000
2403,16,0,1,0,1,1,0,0,0.000000,0.000000,0.000000,0.000000,0.000000,1,0,3.000000,0.000000,0.000000
2404,16,0,1,0,1,1,0,0,0.000000,0.000000,0.000000,0.000000,0.000000,1,0,3.000000,0.000000,0.000000
2405,16,0,1,0,1,1,0,0,0.000000,0.000000,0.000000,0.000000,0.000000,1,0,3.000000,0.000000,0.000000
2406,16,0,1,0,1,1,0,0,0.000000,0.000000,0.000000,0.000000,0.000000,1,0,3.000000,0.000000,0.000000
2407,16,0,1,0,1,1,0,0,0.000000,0.000000,0.000000,0.000000,0.000000,1,0,3.000000,0.000000,0.000000
2408,16,0,1,0,1,1,0,0,0.000000,0.000000,0.000000,0.000000,0.000000,1,0,3.000000,0.000000,0.000000
2409,16,0,1,0,1,1,0,0,0.000000,0.000000,0.000000,0.000000,0.000000,1,0,3.000000,0.000000,0.000000
2410,16,0,1,0,1,1,0,0,0.000000,0.000000,0.000000,0.000000,0.000000,1,0,3.000000,0.000000,0.000000
2411,16,0,1,0,1,1,0,0,0.000000,0.000000,0.000000,0.000000,0.000000,1,0,3.000000,0.000000,0.000000
2412,16,0,1,0,1,1,0,0,0.000000,0.000000,0.000000,0.000000,0.000000,1,0,3.000000,0.000000,0.000000
2413,16,0,1,0,1,1,0,0,0.000000,0.000000,0.000000,0.000000,0.000000,1,0,3.000000,0.000000,0.000000
2414,16,0,1,0,1,1,0,0,0.000000,0.000000,0.000000,0.000000,0.000000,1,0,3.000000,0.000000,0.000000
2415,16,0,1,0,1,1,0,0,0.000000,0.000000,0.000000,0.000000,0.000000,1,0,3.000000,0.000000,0.000000
2416,16,0,1,0,1,1,0,0,0.000000,0.000000,0.000000,0.000000,0.000000,1,0,3.000000,0.000000,0.000000
2417,16,0,1,0,1,1,0,0,0.000000,0.000000,0.000000,0.000000,0.000000,1,0,3.000000,0.000000,0.000000
2418,16,0,1,0,1,1,0,0,0.000000,0.000000,0.000000,0.000000,0.000000,1,0,3.000000,0.000000,0.000000
2419,16,0,1,0,1,1,0,0,0.000000,0.000000,0.000000,0.000000,0.000000,1,0,3.000000,0.000000,0.000000
2420,16,0,1,0,1,1,0,0,0.000000,0.000000,0.000000,0.000000,0.000000,1,0,3.000000,0.000000,0.000000
2421,16,0,1,0,1,1,0,0,0.000000,0.000000,0.000000,0.000000,0.000000,1,0,3.000000,0.000000,0.000000
2422,16,0,1,0,1,1,0,0,0.000000,0.000000,0.000000,0.000000,0.000000,1,0,3.000000,0.000000,0.000000
2423,16,0,1,0,1,1,0,0,0.000000,0.000000,0.000000,0.000000,0.000000,1,0,3.000000,0.000000,0.000000
2424,16,0,1,0,1,1,0,0,0.000000,0.000000,0.000000,0.000000,0.000000,1,0,3.000000,0.000000,0.000000
2425,16,0,1,0,1,1,0,0,0.000000,0.000000,0.000000,0.000000,0.000000,1,0,3.000000,0.000000,0.000000
2426,16,0,1,0,1,1,0,0,0.000000,0.000000,0.000000,0.000000,0.000000,1,0,3.000000,0.000000,0.000000
2427,16,0,1,0,1,1,0,0,0.000000,0.000000,0.000000,0.000000,0.000000,1,0,3.000000,0.000000,0.000000
2428,16,0,1,0,1,1,0,0,0.000000,0.000000,0.000000,0.000000,0.000000,1,0,3.000000,0.000000,0.000000
2429,16,0,1,0,1,1,0,0,0.000000,0.000000,0.000000,0.000000,0.000000,1,0,3.000000,0.000000,0.000000
2430,16,0,1,0,1,1,0,0,0.000000,0.000000,0.000000,0.000000,0.000000,1,0,3.000000,0.000000,0.000000
2431,16,0,1,0,1,1,0,0,0.000000,0.000000,0.000000,0.000000,0.000000,1,0,3.000000,0.000000,0.000000
2432,16,0,1,0,1,1,0,0,0.000000,0.000000,0.000000,0.000000,0.000000,1,0,3.000000,0.000000,0.000000
2433,16,0,1,0,1,1,0,0,0.000000,0.000000,0.000000,0.000000,0.000000,1,0,3.000000,0.000000,0.000000
2434,16,0,1,0,1,1,0,0,0.000000,0.000000,0.000000,0.000000,0.000000,1,0,3.000000,0.000000,0.000000
2435,16,0,1,0,1,1,0,0,0.000000,0.000000,0.000000,0.000000,0.000000,1,0,3.000000,0.000000,0.000000
2436,16,0,1,0,1,1,0,0,0.000000,0.000000,0.000000,0.000000,0.000000,1,0,3.000000,0.000000,0.000000
2437,16,0,1,0,1,1,0,0,0.000000,0.000000,0.000000,0.000000,0.000000,1,0,3.000000,0.000000,0.000000
2438,16,0,1,0,1,1,0,0,0.000000,0.000000,0.000000,0.000000,0.000000,1,0,3.000000,0.000000,0.000000
2439,16,0,1,0,1,1,0,0,0.000000,0.000000,0.000000,0.000000,0.000000,1,0,3.000000,0.000000,0.000000
2440,16,0,1,0,1,1,0,0,0.000000,0.000000,0.000000,0.000000,0.000000,1,0,3.000000,0.000000,0.000000
2441,16,0,1,0,1,1,0,0,0.000000,0.000000,0.000000,0.000000,0.000000,1,0,3.000000,0.000000,0.000000
2442,16,0,1,0,1,1,0,0,0.000000,0.000000,0.000000,0.000000,0.000000,1,0,3.000000,0.000000,0.000000
2443,16,0,1,0,1,1,0,0,0.000000,0.000000,0.000000,0.000000,0.000000,1,0,3.000000,0.000000,0.000000
2444,16,0,1,0,1,1,0,0,0.000000,0.000000,0.000000,0.000000,0.000000,1,0,3.000000,0.000000,0.000000
2445,16,0,1,0,1,1,0,0,0.000000,0.000000,0.000000,0.000000,0.000000,1,0,3.000000,0.000000,0.000000
2446,16,0,1,0,1,1,0,0,0.000000,0.000000,0.000000,0.000000,0.000000,1,0,3.000000,0.000000,0.000000
2447,16,0,1,0,1,1,0,0,0.000000,0.000000,0.000000,0.000000,0.000000,1,0,3.000000,0.000000,0.000000
2448,16,0,1,0,1,1,0,0,0.000000,0.000000,0.000000,0.000000,0.000000,1,0,3.000000,0.000000,0.000000
2449,16,0,1,0,1,1,0,0,0.000000,0.000000,0.000000,0.000000,0.000000,1,0,3.000000,0.000000,0.000000
2450,16,0,1,0,1,1,0,0,0.000000,0.000000,0.000000,0.000000,0.000000,1,0,3.000000,0.000000,0.000000
2451,16,0,1,0,1,1,0,0,0.000000,0.000000,0.000000,0.000000,0.000000,1,0,3.000000,0.000000,0.000000
2452,16,0,1,0,1,1,0,0,0.000000,0.000000,0.000000,0.000000,0.000000,1,0,3.000000,0.000000,0.000000
2453,16,0,1,0,1,1,0,0,0.000000,0.000000,0.000000,0.000000,0.000000,1,0,3.000000,0.000000,0.000000
2454,16,0,1,0,1,1,0,0,0.000000,0.000000,0.000000,0.000000,0.000000,1,0,3.000000,0.000000,0.000000
2455,16,0,1,0,1,1,0,0,0.000000,0.000000,0.000000,0.000000,0.000000,1,0,3.000000,0.000000,0.000000
2456,16,0,1,0,1,1,0,0,0.000000,0.000000,0.000000,0.000000,0.000000,1,0,3.000000,0.000000,0.000000
2457,16,0,1,0,1,1,0,0,0.000000,0.000000,0.000000,0.000000,0.000000,1,0,3.000000,0.000000,0.000000
2458,16,0,1,0,1,1,0,0,0.000000,0.000000,0.000000,0.000000,0.000000,1,0,3.000000,0.000000,0.000000
2459,16,0,1,0,1,1,0,0,0.000000,0.000000,0.000000,0.000000,0.000000,1,0,3.000000,0.000000,0.000000
2460,16,0,1,0,1,1,0,0,0.000000,0.000000,0.000000,0.000000,0.000000,1,0,3.000000,0.000000,0.000000
2461,16,0,1,0,1,1,0,0,0.000000,0.000000,0.000000,0.000000,0.000000,1,0,3.000000,0.000000,0.000000
2462,16,0,1,0,1,1,0,0,0.000000,0.000000,0.000000,0.000000,0.000000,1,0,3.000000,0.000000,0.000000
2463,16,0,1,0,1,1,0,0,0.000000,0.000000,0.000000,0.000000,0.000000,1,0,3.000000,0.000000,0.000000
2464,16,0,1,0,1,1,0,0,0.000000,0.000000,0.000000,0.000000,0.000000,1,0,3.000000,0.000000,0.000000
2465,16,0,1,0,1,1,0,0,0.000000,0.000000,0.000000,0.000000,0.000000,1,0,3.000000,0.000000,0.000000
2466,16,0,1,0,1,1,0,0,0.000000,0.000000,0.000000,0.000000,0.000000,1,0,3.000000,0.000000,0.000000
2467,16,0,1,0,1,1,0,0,0.000000,0.000000,0.000000,0.000000,0.000000,1,0,3.000000,0.000000,0.000000
2468,16,0,1,0,1,1,0,0,0.000000,0.000000,0.000000,0.000000,0.000000,1,0,3.000000,0.000000,0.000000
2469,16,0,1,0,1,1,0,0,0.000000,0.000000,0.000000,0.000000,0.000000,1,0,3.000000,0.000000,0.000000
2470,16,0,1,0,1,1,0,0,0.000000,0.000000,0.000000,0.000000,0.000000,1,0,3.000000,0.000000,0.000000
2471,16,0,1,0,1,1,0,0,0.000000,0.000000,0.000000,0.000000,0.000000,1,0,3.000000,0.000000,0.000000
2472,16,0,1,0,1,1,0,0,0.000000,0.000000,0.000000,0.000000,0.000000,1,0,3.000000,0.000000,0.000000
2473,16,0,1,0,1,1,0,0,0.000000,0.000000,0.000000,0.000000,0.000000,1,0,3.000000,0.000000,0.000000
2474,16,0,1,0,1,1,0,0,0.000000,0.000000,0.000000,0.000000,0.000000,1,0,3.000000,0.000000,0.000000
2475,16,0,1,0,1,1,0,0,0.000000,0.000000,0.000000,0.000000,0.000000,1,0,3.000000,0.000000,0.000000
2476,16,0,1,0,1,1,0,0,0.000000,0.000000,0.000000,0.000000,0.000000,1,0,3.000000,0.000000,0.000000
2477,16,0,1,0,1,1,0,0,0.000000,0.000000,0.000000,0.000000,0.000000,1,0,3.000000,0.000000,0.000000
2478,16,0,1,0,1,1,0,0,0.000000,0.000000,0.000000,0.000000,0.000000,1,0,3.000000,0.000000,0.000000
2479,16,0,1,0,1,1,0,0,0.000000,0.000000,0.000000,0.000000,0.000000,1,0,3.000000,0.000000,0.000000
2480,16,0,1,0,1,1,0,0,0.000000,0.000000,0.000000,0.000000,0.000000,1,0,3.000000,0.000000,0.000000
2481,16,0,1,0,1,1,0,0,0.000000,0.000000,0.000000,0.000000,0.000000,1,0,3.000000,0.000000,0.000000
2482,16,0,1,0,1,1,0,0,0.000000,0.000000,0.000000,0.000000,0.000000,1,0,3.000000,0.000000,0.000000
2483,16,0,1,0,1,1,0,0,0.000000,0.000000,0.000000,0.000000,0.000000,1,0,3.000000,0.000000,0.000000
2484,16,0,1,0,1,1,0,0,0.000000,0.000000,0.000000,0.000000,0.000000,1,0,3.000000,0.000000,0.000000
2485,17,0,1,0,1,1,0,0,0.000000,0.000000,0.000000,0.000000,0.000000,1,0,3.000000,0.000000,0.000000
2486,17,1,1,1,0,1,0,1,0.000000,0.000000,0.000000,0.000000,0.000000,1,0,0.000000,0.000000,0.000000
2487,17,1,1,1,0,1,0,1,0.000000,0.000000,0.000000,0.000000,0.000000,1,0,0.000000,0.000000,0.000000
2488,17,1,1,1,1,1,0,1,0.000000,0.000000,0.000000,0.000076,0.000000,1,0,0.000000,0.000000,0.000000
2489,17,1,1,1,1,1,0,1,0.000000,0.000000,0.000000,0.000076,0.000000,1,0,0.000000,0.000000,0.000000
2490,17,1,1,1,1,1,0,1,0.000000,0.000000,0.000000,0.000076,0.000000,1,0,0.000000,0.000000,0.000000
2491,17,1,1,1,1,1,0,1,0.000000,0.000000,0.000000,0.000076,0.000000,1,0,0.000000,0.000000,0.000000
2492,17,1,1,1,1,1,0,1,0.000000,0.000000,0.000000,0.000076,0.000000,1,0,0.000000,0.000000,0.000000
2493,17,1,1,1,1,1,0,1,0.000000,0.000000,0.000000,0.000076,0.000000,1,0,0.000000,0.000000,0.000000
2494,17,1,1,1,1,1,0,1,0.000000,0.000000,0.000000,0.000076,0.000000,1,0,0.000000,0.000000,0.000000
2495,17,1,1,1,1,1,0,1,0.000000,0.000000,0.000000,0.000076,0.000000,1,0,0.000000,0.000000,0.000000
2496,17,1,1,1,1,1,0,1,0.000000,0.000000,0.000000,0.000076,0.000000,1,0,0.000000,0.000000,0.000000
2497,17,1,1,1,1,1,0,1,0.000000,0.000000,0.000000,0.000076,0.000000,1,0,0.000000,0.000000,0.000000
2498,17,1,1,1,1,1,0,1,0.000000,0.000000,0.000000,0.000076,0.000000,1,0,0.000000,0.000000,0.000000
2499,17,1,1,1,1,1,0,1,0.000000,0.000000,0.000000,0.000076,0.000000,1,0,0.000000,0.000000,0.000000
2500,17,1,1,1,1,1,0,1,0.000000,0.000000,0.000000,0.000076,0.000000,1,0,0.000000,0.000000,0.000000
2501,17,1,1,1,1,1,0,1,0.000000,0.000000,0.000000,0.000076,0.000000,1,0,0.000000,0.000000,0.000000
2502,17,1,1,1,1,1,0,1,0.000000,0.000000,0.000000,0.000076,0.000000,1,0,0.000000,0.000000,0.000000
2503,17,1,1,1,1,1,0,1,0.000000,0.000000,0.000000,0.000076,0.000000,1,0,0.000000,0.000000,0.000000
2504,17,1,1,1,1,1,0,1,0.000000,0.000000,0.000000,0.000076,0.000000,1,0,0.000000,0.000000,0.000000
2505,17,1,1,1,1,1,0,1,0.000000,0.000000,0.000000,0.000076,0.000000,1,0,0.000000,0.000000,0.000000
2506,17,1,1,1,1,1,0,1,0.000000,0.000000,0.000000,0.000076,0.000000,1,0,0.000000,0.000000,0.000000
2507,17,1,1,1,1,1,0,1,0.000000,0.000000,0.000000,0.000076,0.000000,1,0,0.000000,0.000000,0.000000
2508,17,1,1,1,1,1,0,1,0.000000,0.000000,0.000000,0.000076,0.000000,1,0,0.000000,0.000000,0.000000
2509,21,1,1,1,1,1,0,1,0.000000,0.000000,0.000000,0.000076,0.000000,1,0,0.000000,0.000000,0.000000
2510,21,1,1,1,1,1,0,1,0.000000,0.000000,0.000000,0.000076,0.000000,1,0,0.000000,0.000000,0.000000
2511,21,1,1,1,1,1,0,1,0.000000,0.000000,0.000000,0.000076,0.000000,1,0,0.000000,0.000000,0.000000
2512,21,1,1,1,1,1,0,1,0.000000,0.000000,0.000000,0.000076,0.000000,1,0,0.000000,0.000000,0.000000
2513,21,1,1,1,1,1,0,1,0.000000,0.000000,0.000000,0.000076,0.000000,1,0,0.000000,0.000000,0.000000
2514,21,1,1,1,1,1,0,1,0.000000,0.000000,0.000000,0.000076,0.000000,1,0,0.000000,0.000000,0.000000
2515,21,1,1,1,1,1,0,1,0.000000,0.000000,0.000000,0.000076,0.000000,1,0,0.000000,0.000000,0.000000
2516,21,1,1,1,1,1,0,1,0.000000,0.000000,0.000000,0.000076,0.000000,1,0,0.000000,0.000000,0.000000
2517,21,1,1,1,1,1,0,1,0.000000,0.000000,0.000000,0.000076,0.000000,1,0,0.000000,0.000000,0.000000
2518,21,1,1,1,1,1,0,1,0.000000,0.000000,0.000000,0.000076,0.000000,1,0,0.000000,0.000000,0.000000
2519,21,1,1,1,1,1,0,1,0.000000,0.000000,0.000000,0.000076,0.000000,1,0,0.000000,0.000000,0.000000
2520,21,1,1,1,1,1,0,1,0.000000,0.000000,0.000000,0.000076,0.000000,1,0,0.000000,0.000000,0.000000
2521,21,1,1,1,1,1,0,1,0.000000,0.000000,0.000000,0.000076,0.000000,1,0,0.000000,0.000000,0.000000
2522,21,1,1,1,1,1,0,1,0.000000,0.000000,0.000000,0.000076,0.000000,1,0,0.000000,0.000000,0.000000
2523,21,1,1,1,1,1,0,1,0.000000,0.000000,0.000000,0.000076,0.000000,1,0,0.000000,0.000000,0.000000
2524,21,1,1,1,1,1,0,1,0.000000,0.000000,0.000000,0.000076,0.000000,1,0,0.000000,0.000000,0.000000
2525,21,1,1,1,1,1,0,1,0.000000,0.000000,0.000000,0.000076,0.000000,1,0,0.000000,0.000000,0.000000
2526,21,1,1,1,1,1,0,1,0.000000,0.000000,0.000000,0.000076,0.000000,1,0,0.000000,0.000000,0.000000
2527,21,1,1,1,1,1,0,1,0.000000,0.000000,0.000000,0.000076,0.000000,1,0,0.000000,0.000000,0.000000
2528,21,1,1,1,1,1,0,1,0.000000,0.000000,0.000000,0.000076,0.000000,1,0,0.000000,0.000000,0.000000
2529,21,1,1,1,1,1,0,1,0.000000,0.000000,0.000000,0.000076,0.000000,1,0,0.000000,0.000000,0.000000
2530,21,1,1,1,1,1,0,1,0.000000,0.000000,0.000000,0.000076,0.000000,1,0,0.000000,0.000000,0.000000
2531,21,1,1,1,1,1,0,1,0.000000,0.000000,0.000000,0.000076,0.000000,1,0,0.000000,0.000000,0.000000
2532,21,1,1,1,1,1,0,1,0.000000,0.000000,0.000000,0.000076,0.000000,1,0,0.000000,0.000000,0.000000
2533,21,1,1,1,1,1,0,1,0.000000,0.000000,0.000000,0.000076,0.000000,1,0,0.000000,0.000000,0.000000
2534,21,1,1,1,1,1,0,1,0.000000,0.000000,0.000000,0.000076,0.000000,1,0,0.000000,0.000000,0.000000
2535,21,1,1,1,1,1,0,1,0.000000,0.000000,0.000000,0.000076,0.000000,1,0,0.000000,0.000000,0.000000
2536,21,1,1,1,1,1,0,1,0.000000,0.000000,0.000000,0.000076,0.000000,1,0,0.000000,0.000000,0.000000
2537,21,1,1,1,1,1,0,1,0.000000,0.000000,0.000000,0.000076,0.000000,1,0,0.000000,0.000000,0.000000
2538,21,1,1,1,1,1,0,1,0.000000,0.000000,0.000000,0.000076,0.000000,1,0,0.000000,0.000000,0.000000
2539,21,1,1,1,1,1,0,1,0.000000,0.000000,0.000000,0.000076,0.000000,1,0,0.000000,0.000000,0.000000
2540,21,1,1,1,1,1,0,1,0.000000,0.000000,0.000000,0.000076,0.000000,1,0,0.000000,0.000000,0.000000
2541,21,1,1,1,1,1,0,1,0.000000,0.000000,0.000000,0.000076,0.000000,1,0,0.000000,0.000000,0.000000
2542,21,1,1,1,1,1,0,1,0.000000,0.000000,0.000000,0.000076,0.000000,1,0,0.000000,0.000000,0.000000
2543,21,1,1,1,1,1,0,1,0.000000,0.000000,0.000000,0.000076,0.000000,1,0,0.000000,0.000000,0.000000
2544,21,1,1,1,1,1,0,1,0.000000,0.000000,0.000000,0.000076,0.000000,1,0,0.000000,0.000000,0.000000
2545,21,1,1,1,1,1,0,1,0.000000,0.000000,0.000000,0.000076,0.000000,1,0,0.000000,0.000000,0.000000
2546,21,1,1,1,1,1,0,1,0.000000,0.000000,0.000000,0.000076,0.000000,1,0,0.000000,0.000000,0.000000
2547,21,1,1,1,1,1,0,1,0.000000,0.000000,0.000000,0.000076,0.000000,1,0,0.000000,0.000000,0.000000
2548,21,1,1,1,1,1,0,1,0.000000,0.000000,0.000000,0.000076,0.000000,1,0,0.000000,0.000000,0.000000
2549,21,1,1,1,1,1,0,1,0.000000,0.000000,0.000000,0.000076,0.000000,1,0,0.000000,0.000000,0.000000
2550,21,1,1,1,1,1,0,1,0.000000,0.000000,0.000000,0.000076,0.000000,1,0,0.000000,0.000000,0.000000
2551,21,1,1,1,1,1,0,1,0.000000,0.000000,0.000000,0.000076,0.000000,1,0,0.000000,0.000000,0.000000
2552,21,1,1,1,1,1,0,1,0.000000,0.000000,0.000000,0.000076,0.000000,1,0,0.000000,0.000000,0.000000
2553,21,1,1,1,1,1,0,1,0.000000,0.000000,0.000000,0.000076,0.000000,1,0,0.000000,0.000000,0.000000
2554,21,1,1,1,1,1,0,1,0.000000,0.000000,0.000000,0.000076,0.000000,1,0,0.000000,0.000000,0.000000
2555,21,1,1,1,1,1,0,1,0.000000,0.000000,0.000000,0.000076,0.000000,1,0,0.000000,0.000000,0.000000
2556,21,1,1,1,1,1,0,1,0.000000,0.000000,0.000000,0.000076,0.000000,1,0,0.000000,0.000000,0.000000
2557,21,1,1,1,1,1,0,1,0.000000,0.000000,0.000000,0.000076,0.000000,1,0,0.000000,0.000000,0.000000
2558,21,1,1,1,1,1,0,1,0.000000,0.000000,0.000000,0.000076,0.000000,1,0,0.000000,0.000000,0.000000
2559,21,1,1,1,1,1,0,1,0.000000,0.000000,0.000000,0.000076,0.000000,1,0,0.000000,0.000000,0.000000
2560,21,1,1,1,1,1,0,1,0.000000,0.000000,0.000000,0.000076,0.000000,1,0,0.000000,0.000000,0.000000
2561,21,1,1,1,1,1,0,1,0.000000,0.000000,0.000000,0.000076,0.000000,1,0,0.000000,0.000000,0.000000
2562,21,1,1,1,1,1,0,1,0.000000,0.000000,0.000000,0.000076,0.000000,1,0,0.000000,0.000000,0.000000
2563,21,1,1,1,1,1,0,1,0.000000,0.000000,0.000000,0.000076,0.000000,1,0,0.000000,0.000000,0.000000
2564,21,1,1,1,1,1,0,1,0.000000,0.000000,0.000000,0.000076,0.000000,1,0,0.000000,0.000000,0.000000
2565,21,1,1,1,1,1,0,1,0.000000,0.000000,0.000000,0.000076,0.000000,1,0,0.000000,0.000000,0.000000
2566,21,1,1,1,1,1,0,1,0.000000,0.000000,0.000000,0.000076,0.000000,1,0,0.000000,0.000000,0.000000
2567,21,1,1,1,1,1,0,1,0.000000,0.000000,0.000000,0.000076,0.000000,1,0,0.000000,0.000000,0.000000
2568,21,1,1,1,1,1,0,1,0.000000,0.000000,0.000000,0.000076,0.000000,1,0,0.000000,0.000000,0.000000
2569,21,1,1,1,1,1,0,1,0.000000,0.000000,0.000000,0.000076,0.000000,1,0,0.000000,0.000000,0.000000
2570,21,1,1,1,1,1,0,1,0.000000,0.000000,0.000000,0.000076,0.000000,1,0,0.000000,0.000000,0.000000
2571,21,1,1,1,1,1,0,1,0.000000,0.000000,0.000000,0.000076,0.000000,1,0,0.000000,0.000000,0.000000
2572,21,1,1,1,1,1,0,1,0.000000,0.000000,0.000000,0.000076,0.000000,1,0,0.000000,0.000000,0.000000
2573,21,1,1,1,1,1,0,1,0.000000,0.000000,0.000000,0.000076,0.000000,1,0,0.000000,0.000000,0.000000
2574,21,1,1,1,1,1,0,1,0.000000,0.000000,0.000000,0.000076,0.000000,1,0,0.000000,0.000000,0.000000
2575,21,1,1,1,1,1,0,1,0.000000,0.000000,0.000000,0.000076,0.000000,1,0,0.000000,0.000000,0.000000
2576,21,1,1,1,1,1,0,1,0.000000,0.000000,0.000000,0.000076,0.000000,1,0,0.000000,0.000000,0.000000
2577,21,1,1,1,1,1,0,1,0.000000,0.000000,0.000000,0.000076,0.000000,1,0,0.000000,0.000000,0.000000
2578,21,1,1,1,1,1,0,1,0.000000,0.000000,0.000000,0.000076,0.000000,1,0,0.000000,0.000000,0.000000
2579,21,1,1,1,1,1,0,1,0.000000,0.000000,0.000000,0.000076,0.000000,1,0,0.000000,0.000000,0.000000
2580,21,1,1,1,1,1,0,1,0.000000,0.000000,0.000000,0.000076,0.000000,1,0,0.000000,0.000000,0.000000
2581,21,1,1,1,1,1,0,1,0.000000,0.000000,0.000000,0.000076,0.000000,1,0,0.000000,0.000000,0.000000
2582,21,1,1,1,1,1,0,1,0.000000,0.000000,0.000000,0.000076,0.000000,1,0,0.000000,0.000000,0.000000
2583,21,1,1,1,1,1,0,1,0.000000,0.000000,0.000000,0.000076,0.000000,1,0,0.000000,0.000000,0.000000
2584,21,1,1,1,1,1,0,1,0.000000,0.000000,0.000000,0.000076,0.000000,1,0,0.000000,0.000000,0.000000
2585,21,1,1,1,1,1,0,1,0.000000,0.000000,0.000000,0.000076,0.000000,1,0,0.000000,0.000000,0.000000
2586,21,1,1,1,1,1,0,1,0.000000,0.000000,0.000000,0.000076,0.000000,1,0,0.000000,0.000000,0.000000
2587,21,1,1,1,1,1,0,1,0.000000,0.000000,0.000000,0.000076,0.000000,1,0,0.000000,0.000000,0.000000
2588,21,1,1,1,1,1,0,1,0.000000,0.000000,0.000000,0.000076,0.000000,1,0,0.000000,0.000000,0.000000
2589,21,1,1,1,1,1,0,1,0.000000,0.000000,0.000000,0.000076,0.000000,1,0,0.000000,0.000000,0.000000
2590,21,1,1,1,1,1,0,1,0.000000,0.000000,0.000000,0.000076,0.000000,1,0,0.000000,0.000000,0.000000
2591,21,1,1,1,1,1,0,1,0.000000,0.000000,0.000000,0.000076,0.000000,1,0,0.000000,0.000000,0.000000
2592,21,1,1,1,1,1,0,1,0.000000,0.000000,0.000000,0.000076,0.000000,1,0,0.000000,0.000000,0.000000
2593,21,1,1,1,1,1,0,1,0.000000,0.000000,0.000000,0.000076,0.000000,1,0,0.000000,0.000000,0.000000
2594,21,1,1,1,1,1,0,1,0.000000,0.000000,0.000000,0.000076,0.000000,1,0,0.000000,0.000000,0.000000
2595,21,1,1,1,1,1,0,1,0.000000,0.000000,0.000000,0.000076,0.000000,1,0,0.000000,0.000000,0.000000
2596,21,1,1,1,1,1,0,1,0.000000,0.000000,0.000000,0.000076,0.000000,1,0,0.000000,0.000000,0.000000
2597,21,1,1,1,1,1,0,1,0.000000,0.000000,0.000000,0.000076,0.000000,1,0,0.000000,0.000000,0.000000
2598,21,1,1,1,1,1,0,1,0.000000,0.000000,0.000000,0.000076,0.000000,1,0,0.000000,0.000000,0.000000
2599,21,1,1,1,1,1,0,1,0.000000,0.000000,0.000000,0.000076,0.000000,1,0,0.000000,0.000000,0.000000
2600,21,1,1,1,1,1,0,1,0.000000,0.000000,0.000000,0.000076,0.000000,1,0,0.000000,0.000000,0.000000
2601,21,1,1,1,1,1,0,1,0.000000,0.000000,0.000000,0.000076,0.000000,1,0,0.000000,0.000000,0.000000
2602,21,1,1,1,1,1,0,1,0.000000,0.000000,0.000000,0.000076,0.000000,1,0,0.000000,0.000000,0.000000
2603,21,1,1,1,1,1,0,1,0.000000,0.000000,0.000000,0.000076,0.000000,1,0,0.000000,0.000000,0.000000
2604,21,1,1,1,1,1,0,1,0.000000,0.000000,0.000000,0.000076,0.000000,1,0,0.000000,0.000000,0.000000
2605,21,1,1,1,1,1,0,1,0.000000,0.000000,0.000000,0.000076,0.000000,1,0,0.000000,0.000000,0.000000
2606,21,1,1,1,1,1,0,1,0.000000,0.000000,0.000000,0.000076,0.000000,1,0,0.000000,0.000000,0.000000
2607,21,1,1,1,1,1,0,1,0.000000,0.000000,0.000000,0.000076,0.000000,1,0,0.000000,0.000000,0.000000
2608,21,1,1,1,1,1,0,1,0.000000,0.000000,0.000000,0.000076,0.000000,1,0,0.000000,0.000000,0.000000
2609,21,1,1,1,1,1,0,1,0.000000,0.000000,0.000000,0.000076,0.000000,1,0,0.000000,0.000000,0.000000
2610,21,1,1,1,1,1,0,1,0.000000,0.000000,0.000000,0.000076,0.000000,1,0,0.000000,0.000000,0.000000
2611,21,1,1,1,1,1,0,1,0.000000,0.000000,0.000000,0.000076,0.000000,1,0,0.000000,0.000000,0.000000
2612,21,1,1,1,1,1,0,1,0.000000,0.000000,0.000000,0.000076,0.000000,1,0,0.000000,0.000000,0.000000
2613,21,1,1,1,1,1,0,1,0.000000,0.000000,0.000000,0.000076,0.000000,1,0,0.000000,0.000000,0.000000
2614,21,1,1,1,1,1,0,1,0.000000,0.000000,0.000000,0.000076,0.000000,1,0,0.000000,0.000000,0.000000
2615,21,1,1,1,1,1,0,1,0.000000,0.000000,0.000000,0.000076,0.000000,1,0,0.000000,0.000000,0.000000
2616,21,1,1,1,1,1,0,1,0.000000,0.000000,0.000000,0.000076,0.000000,1,0,0.000000,0.000000,0.000000
2617,21,1,1,1,1,1,0,1,0.000000,0.000000,0.000000,0.000076,0.000000,1,0,0.000000,0.000000,0.000000
2618,21,1,1,1,1,1,0,1,0.000000,0.000000,0.000000,0.000076,0.000000,1,0,0.000000,0.000000,0.000000
2619,21,1,1,1,1,1,0,1,0.000000,0.000000,0.000000,0.000076,0.000000,1,0,0.000000,0.000000,0.000000
2620,21,1,1,1,1,1,0,1,0.000000,0.000000,0.000000,0.000076,0.000000,1,0,0.000000,0.000000,0.000000
2621,21,1,1,1,1,1,0,1,0.000000,0.000000,0.000000,0.000076,0.000000,1,0,0.000000,0.000000,0.000000
2622,21,1,1,1,1,1,0,1,0.000000,0.000000,0.000000,0.000076,0.000000,1,0,0.000000,0.000000,0.000000
2623,21,1,1,1,1,1,0,1,0.000000,0.000000,0.000000,0.000076,0.000000,1,0,0.000000,0.000000,0.000000
2624,21,1,1,1,1,1,0,1,0.000000,0.000000,0.000000,0.000076,0.000000,1,0,0.000000,0.000000,0.000000
2625,21,1,1,1,1,1,0,1,0.000000,0.000000,0.000000,0.000076,0.000000,1,0,0.000000,0.000000,0.000000
2626,21,1,1,1,1,1,0,1,0.000000,0.000000,0.000000,0.000076,0.000000,1,0,0.000000,0.000000,0.000000
2627,21,1,1,1,1,1,0,1,0.000000,0.000000,0.000000,0.000076,0.000000,1,0,0.000000,0.000000,0.000000
2628,21,1,1,1,1,1,0,1,0.000000,0.000000,0.000000,0.000076,0.000000,1,0,0.000000,0.000000,0.000000
2629,21,1,1,1,1,1,0,1,0.000000,0.000000,0.000000,0.000076,0.000000,1,0,0.000000,0.000000,0.000000
2630,21,1,1,1,1,1,0,1,0.000000,0.000000,0.000000,0.000076,0.000000,1,0,0.000000,0.000000,0.000000
2631,21,1,1,1,1,1,0,1,0.000000,0.000000,0.000000,0.000076,0.000000,1,0,0.000000,0.000000,0.000000
2632,21,1,1,1,1,1,0,1,0.000000,0.000000,0.000000,0.000076,0.000000,1,0,0.000000,0.000000,0.000000
2633,21,1,1,1,1,1,0,1,0.000000,0.000000,0.000000,0.000076,0.000000,1,0,0.000000,0.000000,0.000000
2634,21,1,1,1,1,1,0,1,0.000000,0.000000,0.000000,0.000076,0.000000,1,0,0.000000,0.000000,0.000000
2635,21,1,1,1,1,1,0,1,0.000000,0.000000,0.000000,0.000076,0.000000,1,0,0.000000,0.000000,0.000000
2636,21,1,1,1,1,1,0,1,0.000000,0.000000,0.000000,0.000076,0.000000,1,0,0.000000,0.000000,0.000000
2637,21,1,1,1,1,1,0,1,0.000000,0.000000,0.000000,0.000076,0.000000,1,0,0.000000,0.000000,0.000000
2638,21,1,1,1,1,1,0,1,0.000000,0.000000,0.000000,0.000076,0.000000,1,0,0.000000,0.000000,0.000000
2639,21,1,1,1,1,1,0,1,0.000000,0.000000,0.000000,0.000076,0.000000,1,0,0.000000,0.000000,0.000000
2640,21,1,1,1,1,1,0,1,0.000000,0.000000,0.000000,0.000076,0.000000,1,0,0.000000,0.000000,0.000000
2641,21,1,1,1,1,1,0,1,0.000000,0.000000,0.000000,0.000076,0.000000,1,0,0.000000,0.000000,0.000000
2642,21,1,1,1,1,1,0,1,0.000000,0.000000,0.000000,0.000076,0.000000,1,0,0.000000,0.000000,0.000000
2643,21,1,1,1,1,1,0,1,0.000000,0.000000,0.000000,0.000076,0.000000,1,0,0.000000,0.000000,0.000000
2644,21,1,1,1,1,1,0,1,0.000000,0.000000,0.000000,0.000076,0.000000,1,0,0.000000,0.000000,0.000000
2645,21,1,1,1,1,1,0,1,0.000000,0.000000,0.000000,0.000076,0.000000,1,0,0.000000,0.000000,0.000000
2646,21,1,1,1,1,1,0,1,0.000000,0.000000,0.000000,0.000076,0.000000,1,0,0.000000,0.000000,0.000000
2647,21,1,1,1,1,1,0,1,0.000000,0.000000,0.000000,0.000076,0.000000,1,0,0.000000,0.000000,0.000000
2648,21,1,1,1,1,1,0,1,0.000000,0.000000,0.000000,0.000076,0.000000,1,0,0.000000,0.000000,0.000000
2649,21,1,1,1,1,1,0,1,0.000000,0.000000,0.000000,0.000076,0.000000,1,0,0.000000,0.000000,0.000000
2650,21,1,1,1,1,1,0,1,0.000000,0.000000,0.000000,0.000076,0.000000,1,0,0.000000,0.000000,0.000000
2651,21,1,1,1,1,1,0,1,0.000000,0.000000,0.000000,0.000076,0.000000,1,0,0.000000,0.000000,0.000000
2652,21,1,1,1,1,1,0,1,0.000000,0.000000,0.000000,0.000076,0.000000,1,0,0.000000,0.000000,0.000000
2653,21,1,1,1,1,1,0,1,0.000000,0.000000,0.000000,0.000076,0.000000,1,0,0.000000,0.000000,0.000000
2654,21,1,1,1,1,1,0,1,0.000000,0.000000,0.000000,0.000076,0.000000,1,0,0.000000,0.000000,0.000000
2655,21,1,1,1,1,1,0,1,0.000000,0.000000,0.000000,0.000076,0.000000,1,0,0.000000,0.000000,0.000000
2656,21,1,1,1,1,1,0,1,0.000000,0.000000,0.000000,0.000076,0.000000,1,0,0.000000,0.000000,0.000000
2657,21,1,1,1,1,1,0,1,0.000000,0.000000,0.000000,0.000076,0.000000,1,0,0.000000,0.000000,0.000000
2658,21,1,1,1,1,1,0,1,0.000000,0.000000,0.000000,0.000076,0.000000,1,0,0.000000,0.000000,0.000000
2659,21,1,1,1,1,1,0,1,0.000000,0.000000,0.000000,0.000076,0.000000,1,0,0.000000,0.000000,0.000000
2660,21,1,1,1,1,1,0,1,0.000000,0.000000,0.000000,0.000076,0.000000,1,0,0.000000,0.000000,0.000000
2661,21,1,1,1,1,1,0,1,0.000000,0.000000,0.000000,0.000076,0.000000,1,0,0.000000,0.000000,0.000000
2662,21,1,1,1,1,1,0,1,0.000000,0.000000,0.000000,0.000076,0.000000,1,0,0.000000,0.000000,0.000000
2663,21,1,1,1,1,1,0,1,0.000000,0.000000,0.000000,0.000076,0.000000,1,0,0.000000,0.000000,0.000000
2664,21,1,1,1,1,1,0,1,0.000000,0.000000,0.000000,0.000076,0.000000,1,0,0.000000,0.000000,0.000000
2665,21,1,1,1,1,1,0,1,0.000000,0.000000,0.000000,0.000076,0.000000,1,0,0.000000,0.000000,0.000000
2666,21,1,1,1,1,1,0,1,0.000000,0.000000,0.000000,0.000076,0.000000,1,0,0.000000,0.000000,0.000000
2667,21,1,1,1,1,1,0,1,0.000000,0.000000,0.000000,0.000076,0.000000,1,0,0.000000,0.000000,0.000000
2668,21,1,1,1,1,1,0,1,0.000000,0.000000,0.000000,0.000076,0.000000,1,0,0.000000,0.000000,0.000000
2669,21,1,1,1,1,1,0,1,0.000000,0.000000,0.000000,0.000076,0.000000,1,0,0.000000,0.000000,0.000000
2670,21,1,1,1,1,1,0,1,0.000000,0.000000,0.000000,0.000076,0.000000,1,0,0.000000,0.000000,0.000000
2671,21,1,1,1,1,1,0,1,0.000000,0.000000,0.000000,0.000076,0.000000,1,0,0.000000,0.000000,0.000000
2672,21,1,1,1,1,1,0,1,0.000000,0.000000,0.000000,0.000076,0.000000,1,0,0.000000,0.000000,0.000000
2673,21,1,1,1,1,1,0,1,0.000000,0.000000,0.000000,0.000076,0.000000,1,0,0.000000,0.000000,0.000000
2674,21,1,1,1,1,1,0,1,0.000000,0.000000,0.000000,0.000076,0.000000,1,0,0.000000,0.000000,0.000000
2675,21,1,1,1,1,1,0,1,0.000000,0.000000,0.000000,0.000076,0.000000,1,0,0.000000,0.000000,0.000000
2676,21,1,1,1,1,1,0,1,0.000000,0.000000,0.000000,0.000076,0.000000,1,0,0.000000,0.000000,0.000000
2677,21,1,1,1,1,1,0,1,0.000000,0.000000,0.000000,0.000076,0.000000,1,0,0.000000,0.000000,0.000000
2678,21,1,1,1,1,1,0,1,0.000000,0.000000,0.000000,0.000076,0.000000,1,0,0.000000,0.000000,0.000000
2679,21,1,1,1,1,1,0,1,0.000000,0.000000,0.000000,0.000076,0.000000,1,0,0.000000,0.000000,0.000000
2680,21,1,1,1,1,1,0,1,0.000000,0.000000,0.000000,0.000076,0.000000,1,0,0.000000,0.000000,0.000000
2681,21,1,1,1,1,1,0,1,0.000000,0.000000,0.000000,0.000076,0.000000,1,0,0.000000,0.000000,0.000000
2682,21,1,1,1,1,1,0,1,0.000000,0.000000,0.000000,0.000076,0.000000,1,0,0.000000,0.000000,0.000000
2683,21,1,1,1,1,1,0,1,0.000000,0.000000,0.000000,0.000076,0.000000,1,0,0.000000,0.000000,0.000000
2684,21,1,1,1,1,1,0,1,0.000000,0.000000,0.000000,0.000076,0.000000,1,0,0.000000,0.000000,0.000000
2685,21,1,1,1,1,1,0,1,0.000000,0.000000,0.000000,0.000076,0.000000,1,0,0.000000,0.000000,0.000000
2686,21,1,1,1,1,1,0,1,0.000000,0.000000,0.000000,0.000076,0.000000,1,0,0.000000,0.000000,0.000000
2687,21,1,1,1,1,1,0,1,0.000000,0.000000,0.000000,0.000076,0.000000,1,0,0.000000,0.000000,0.000000
2688,21,1,1,1,1,1,0,1,0.000000,0.000000,0.000000,0.000076,0.000000,1,0,0.000000,0.000000,0.000000
2689,21,1,1,1,1,1,0,1,0.000000,0.000000,0.000000,0.000076,0.000000,1,0,0.000000,0.000000,0.000000
2690,21,1,1,1,1,1,0,1,0.000000,0.000000,0.000000,0.000076,0.000000,1,0,0.000000,0.000000,0.000000
2691,21,1,1,1,1,1,0,1,0.000000,0.000000,0.000000,0.000076,0.000000,1,0,0.000000,0.000000,0.000000
2692,21,1,1,1,1,1,0,1,0.000000,0.000000,0.000000,0.000076,0.000000,1,0,0.000000,0.000000,0.000000
2693,21,1,1,1,1,1,0,1,0.000000,0.000000,0.000000,0.000076,0.000000,1,0,0.000000,0.000000,0.000000
2694,21,1,1,1,1,1,0,1,0.000000,0.000000,0.000000,0.000076,0.000000,1,0,0.000000,0.000000,0.000000
2695,21,1,1,1,1,1,0,1,0.000000,0.000000,0.000000,0.000076,0.000000,1,0,0.000000,0.000000,0.000000
2696,21,1,1,1,1,1,0,1,0.000000,0.000000,0.000000,0.000076,0.000000,1,0,0.000000,0.000000,0.000000
2697,21,1,1,1,1,1,0,1,0.000000,0.000000,0.000000,0.000076,0.000000,1,0,0.000000,0.000000,0.000000
2698,21,1,1,1,1,1,0,1,0.000000,0.000000,0.000000,0.000076,0.000000,1,0,0.000000,0.000000,0.000000
2699,21,1,1,1,1,1,0,1,0.000000,0.000000,0.000000,0.000076,0.000000,1,0,0.000000,0.000000,0.000000
2700,21,1,1,1,1,1,0,1,0.000000,0.000000,0.000000,0.000076,0.000000,1,0,0.000000,0.000000,0.000000
2701,21,1,1,1,1,1,0,1,0.000000,0.000000,0.000000,0.000076,0.000000,1,0,0.000000,0.000000,0.000000
2702,21,1,1,1,1,1,0,1,0.000000,0.000000,0.000000,0.000076,0.000000,1,0,0.000000,0.000000,0.000000
2703,21,1,1,1,1,1,0,1,0.000000,0.000000,0.000000,0.000076,0.000000,1,0,0.000000,0.000000,0.000000
2704,21,1,1,1,1,1,0,1,0.000000,0.000000,0.000000,0.000076,0.000000,1,0,0.000000,0.000000,0.000000
2705,21,1,1,1,1,1,0,1,0.000000,0.000000,0.000000,0.000076,0.000000,1,0,0.000000,0.000000,0.000000
2706,21,1,1,1,1,1,0,1,0.000000,0.000000,0.000000,0.000076,0.000000,1,0,0.000000,0.000000,0.000000
2707,21,1,1,1,1,1,0,1,0.000000,0.000000,0.000000,0.000076,0.000000,1,0,0.000000,0.000000,0.000000
2708,21,1,1,1,1,1,0,1,0.000000,0.000000,0.000000,0.000076,0.000000,1,0,0.000000,0.000000,0.000000
2709,21,1,1,1,1,1,0,1,0.000000,0.000000,0.000000,0.000076,0.000000,1,0,0.000000,0.000000,0.000000
2710,21,1,1,1,1,1,0,1,0.000000,0.000000,0.000000,0.000076,0.000000,1,0,0.000000,0.000000,0.000000
2711,21,1,1,1,1,1,0,1,0.000000,0.000000,0.000000,0.000076,0.000000,1,0,0.000000,0.000000,0.000000
2712,21,1,1,1,1,1,0,1,0.000000,0.000000,0.000000,0.000076,0.000000,1,0,0.000000,0.000000,0.000000
2713,21,1,1,1,1,1,0,1,0.000000,0.000000,0.000000,0.000076,0.000000,1,0,0.000000,0.000000,0.000000
2714,21,1,1,1,1,1,0,1,0.000000,0.000000,0.000000,0.000076,0.000000,1,0,0.000000,0.000000,0.000000
2715,21,1,1,1,1,1,0,1,0.000000,0.000000,0.000000,0.000076,0.000000,1,0,0.000000,0.000000,0.000000
2716,21,1,1,1,1,1,0,1,0.000000,0.000000,0.000000,0.000076,0.000000,1,0,0.000000,0.000000,0.000000
2717,21,1,1,1,1,1,0,1,0.000000,0.000000,0.000000,0.000076,0.000000,1,0,0.000000,0.000000,0.000000
2718,21,1,1,1,1,1,0,1,0.000000,0.000000,0.000000,0.000076,0.000000,1,0,0.000000,0.000000,0.000000
2719,21,1,1,1,1,1,0,1,0.000000,0.000000,0.000000,0.000076,0.000000,1,0,0.000000,0.000000,0.000000
2720,21,1,1,1,1,1,0,1,0.000000,0.000000,0.000000,0.000076,0.000000,1,0,0.000000,0.000000,0.000000
2721,21,1,1,1,1,1,0,1,0.000000,0.000000,0.000000,0.000076,0.000000,1,0,0.000000,0.000000,0.000000
2722,21,1,1,1,1,1,0,1,0.000000,0.000000,0.000000,0.000076,0.000000,1,0,0.000000,0.000000,0.000000
2723,21,1,1,1,1,1,0,1,0.000000,0.000000,0.000000,0.000076,0.000000,1,0,0.000000,0.000000,0.000000
2724,21,1,1,1,1,1,0,1,0.000000,0.000000,0.000000,0.000076,0.000000,1,0,0.000000,0.000000,0.000000
2725,21,1,1,1,1,1,0,1,0.000000,0.000000,0.000000,0.000076,0.000000,1,0,0.000000,0.000000,0.000000
2726,21,1,1,1,1,1,0,1,0.000000,0.000000,0.000000,0.000076,0.000000,1,0,0.000000,0.000000,0.000000
2727,21,1,1,1,1,1,0,1,0.000000,0.000000,0.000000,0.000076,0.000000,1,0,0.000000,0.000000,0.000000
2728,21,1,1,1,1,1,0,1,0.000000,0.000000,0.000000,0.000076,0.000000,1,0,0.000000,0.000000,0.000000
2729,21,1,1,1,1,1,0,1,0.000000,0.000000,0.000000,0.000076,0.000000,1,0,0.000000,0.000000,0.000000
2730,21,1,1,1,1,1,0,1,0.000000,0.000000,0.000000,0.000076,0.000000,1,0,0.000000,0.000000,0.000000
2731,21,1,1,1,1,1,0,1,0.000000,0.000000,0.000000,0.000076,0.000000,1,0,0.000000,0.000000,0.000000
2732,21,1,1,1,1,1,0,1,0.000000,0.000000,0.000000,0.000076,0.000000,1,0,0.000000,0.000000,0.000000
2733,21,1,1,1,1,1,0,1,0.000000,0.000000,0.000000,0.000076,0.000000,1,0,0.000000,0.000000,0.000000
2734,21,1,1,1,1,1,0,1,0.000000,0.000000,0.000000,0.000076,0.000000,1,0,0.000000,0.000000,0.000000
2735,21,1,1,1,1,1,0,1,0.000000,0.000000,0.000000,0.000076,0.000000,1,0,0.000000,0.000000,0.000000
2736,21,1,1,1,1,1,0,1,0.000000,0.000000,0.000000,0.000076,0.000000,1,0,0.000000,0.000000,0.000000
2737,21,1,1,1,1,1,0,1,0.000000,0.000000,0.000000,0.000076,0.000000,1,0,0.000000,0.000000,0.000000
2738,21,1,1,1,1,1,0,1,0.000000,0.000000,0.000000,0.000076,0.000000,1,0,0.000000,0.000000,0.000000
2739,21,1,1,1,1,1,0,1,0.000000,0.000000,0.000000,0.000076,0.000000,1,0,0.000000,0.000000,0.000000
2740,21,1,1,1,1,1,0,1,0.000000,0.000000,0.000000,0.000076,0.000000,1,0,0.000000,0.000000,0.000000
2741,21,1,1,1,1,1,0,1,0.000000,0.000000,0.000000,0.000076,0.000000,1,0,0.000000,0.000000,0.000000
2742,21,1,1,1,1,1,0,1,0.000000,0.000000,0.000000,0.000076,0.000000,1,0,0.000000,0.000000,0.000000
2743,21,1,1,1,1,1,0,1,0.000000,0.000000,0.000000,0.000076,0.000000,1,0,0.000000,0.000000,0.000000
2744,21,1,1,1,1,1,0,1,0.000000,0.000000,0.000000,0.000076,0.000000,1,0,0.000000,0.000000,0.000000
2745,21,1,1,1,1,1,0,1,0.000000,0.000000,0.000000,0.000076,0.000000,1,0,0.000000,0.000000,0.000000
2746,21,1,1,1,1,1,0,1,0.000000,0.000000,0.000000,0.000076,0.000000,1,0,0.000000,0.000000,0.000000
2747,21,1,1,1,1,1,0,1,0.000000,0.000000,0.000000,0.000076,0.000000,1,0,0.000000,0.000000,0.000000
2748,18,1,1,1,1,1,0,1,0.000000,0.000000,0.000000,0.000076,0.000000,1,0,0.000000,0.000000,0.000000
2749,18,1,1,1,1,1,0,1,0.000000,0.000000,0.000000,0.000076,0.000000,1,0,0.000000,0.000000,0.000000
2750,18,1,1,1,1,1,0,1,0.000000,0.000000,0.000000,0.000076,0.000000,1,0,0.000000,0.000000,0.000000
2751,18,1,1,1,1,1,0,1,0.000000,0.000000,0.000000,0.000076,0.000000,1,0,0.000000,0.000000,0.000000
2752,18,1,1,1,1,1,0,1,0.000000,0.000000,0.000000,0.000076,0.000000,1,0,0.000000,0.000000,0.000000
2753,18,1,1,1,1,1,0,1,0.000000,0.000000,0.000000,0.000076,0.000000,1,0,0.000000,0.000000,0.000000
2754,18,1,1,1,1,1,0,1,0.000000,0.000000,0.000000,0.000076,0.000000,1,0,0.000000,0.000000,0.000000
2755,18,1,1,1,1,1,0,1,0.000000,0.000000,0.000000,0.000076,0.000000,1,0,0.000000,0.000000,0.000000
2756,18,1,1,1,1,1,0,1,0.000000,0.000000,0.000000,0.000076,0.000000,1,0,0.000000,0.000000,0.000000
2757,18,1,1,1,1,1,0,1,0.000000,0.000000,0.000000,0.000076,0.000000,1,0,0.000000,0.000000,0.000000
2758,18,1,1,1,1,1,0,1,0.000000,0.000000,0.000000,0.000076,0.000000,1,0,0.000000,0.000000,0.000000
2759,18,1,1,1,1,1,0,1,0.000000,0.000000,0.000000,0.000076,0.000000,1,0,0.000000,0.000000,0.000000
2760,18,1,1,1,1,1,0,1,0.000000,0.000000,0.000000,0.000076,0.000000,1,0,0.000000,0.000000,0.000000
2761,18,1,1,1,1,1,0,1,0.000000,0.000000,0.000000,0.000076,0.000000,1,0,0.000000,0.000000,0.000000
2762,18,1,1,1,1,1,0,1,0.000000,0.000000,0.000000,0.000076,0.000000,1,0,0.000000,0.000000,0.000000
2763,18,1,1,1,1,1,0,1,0.000000,0.000000,0.000000,0.000076,0.000000,1,0,0.000000,0.000000,0.000000
2764,18,1,1,1,1,1,0,1,0.000000,0.000000,0.000000,0.000076,0.000000,1,0,0.000000,0.000000,0.000000
2765,18,1,1,1,1,1,0,1,0.000000,0.000000,0.000000,0.000076,0.000000,1,0,0.000000,0.000000,0.000000
2766,18,1,1,1,1,1,0,1,0.000000,0.000000,0.000000,0.000076,0.000000,1,0,0.000000,0.000000,0.000000
2767,18,1,1,1,1,1,0,1,0.000000,0.000000,0.000000,0.000076,0.000000,1,0,0.000000,0.000000,0.000000
2768,18,1,1,1,1,1,0,1,0.000000,0.000000,0.000000,0.000076,0.000000,1,0,0.000000,0.000000,0.000000
2769,18,1,1,1,1,1,0,1,0.000000,0.000000,0.000000,0.000076,0.000000,1,0,0.000000,0.000000,0.000000
2770,18,1,1,1,1,1,0,1,0.000000,0.000000,0.000000,0.000076,0.000000,1,0,0.000000,0.000000,0.000000
2771,18,1,1,1,1,1,0,1,0.000000,0.000000,0.000000,0.000076,0.000000,1,0,0.000000,0.000000,0.000000
2772,18,1,1,1,1,1,0,1,0.000000,0.000000,0.000000,0.000076,0.000000,1,0,0.000000,0.000000,0.000000
2773,18,1,1,1,1,1,0,1,0.000000,0.000000,0.000000,0.000076,0.000000,1,0,0.000000,0.000000,0.000000
2774,18,1,1,1,1,1,0,1,0.000000,0.000000,0.000000,0.000076,0.000000,1,0,0.000000,0.000000,0.000000
2775,18,1,1,1,1,1,0,1,0.000000,0.000000,0.000000,0.000076,0.000000,1,0,0.000000,0.000000,0.000000
2776,18,1,1,1,1,1,0,1,0.000000,0.000000,0.000000,0.000076,0.000000,1,0,0.000000,0.000000,0.000000
2777,18,1,1,1,1,1,0,1,0.000000,0.000000,0.000000,0.000076,0.000000,1,0,0.000000,0.000000,0.000000
2778,18,1,1,1,1,1,0,1,0.000000,0.000000,0.000000,0.000076,0.000000,1,0,0.000000,0.000000,0.000000
2779,18,1,1,1,1,1,0,1,0.000000,0.000000,0.000000,0.000076,0.000000,1,0,0.000000,0.000000,0.000000
2780,18,1,1,1,1,1,0,1,0.000000,0.000000,0.000000,0.000076,0.000000,1,0,0.000000,0.000000,0.000000
2781,18,1,1,1,1,1,0,1,0.000000,0.000000,0.000000,0.000076,0.000000,1,0,0.000000,0.000000,0.000000
2782,18,1,1,1,1,1,0,1,0.000000,0.000000,0.000000,0.000076,0.000000,1,0,0.000000,0.000000,0.000000
2783,18,1,1,1,1,1,0,1,0.000000,0.000000,0.000000,0.000076,0.000000,1,0,0.000000,0.000000,0.000000
2784,18,1,1,1,1,1,0,1,0.000000,0.000000,0.000000,0.000076,0.000000,1,0,0.000000,0.000000,0.000000
2785,18,1,1,1,1,1,0,1,0.000000,0.000000,0.000000,0.000076,0.000000,1,0,0.000000,0.000000,0.000000
2786,18,1,1,1,1,1,0,1,0.000000,0.000000,0.000000,0.000076,0.000000,1,0,0.000000,0.000000,0.000000
2787,18,1,1,1,1,1,0,1,0.000000,0.000000,0.000000,0.000076,0.000000,1,0,0.000000,0.000000,0.000000
2788,18,1,1,1,1,1,0,1,0.000000,0.000000,0.000000,0.000076,0.000000,1,0,0.000000,0.000000,0.000000
2789,18,1,1,1,1,1,0,1,0.000000,0.000000,0.000000,0.000076,0.000000,1,0,0.000000,0.000000,0.000000
2790,18,1,1,1,1,1,0,1,0.000000,0.000000,0.000000,0.000076,0.000000,1,0,0.000000,0.000000,0.000000
2791,18,1,1,1,1,1,0,1,0.000000,0.000000,0.000000,0.000076,0.000000,1,0,0.000000,0.000000,0.000000
2792,18,1,1,1,1,1,0,1,0.000000,0.000000,0.000000,0.000076,0.000000,1,0,0.000000,0.000000,0.000000
2793,18,1,1,1,1,1,0,1,0.000000,0.000000,0.000000,0.000076,0.000000,1,0,0.000000,0.000000,0.000000
2794,18,1,1,1,1,1,0,1,0.000000,0.000000,0.000000,0.000076,0.000000,1,0,0.000000,0.000000,0.000000
2795,18,1,1,1,1,1,0,1,0.000000,0.000000,0.000000,0.000076,0.000000,1,0,0.000000,0.000000,0.000000
2796,18,1,1,1,1,1,0,1,0.000000,0.000000,0.000000,0.000076,0.000000,1,0,0.000000,0.000000,0.000000
2797,18,1,1,1,1,1,0,1,0.000000,0.000000,0.000000,0.000076,0.000000,1,0,0.000000,0.000000,0.000000
2798,18,1,1,1,1,1,0,1,0.000000,0.000000,0.000000,0.000076,0.000000,1,0,0.000000,0.000000,0.000000
2799,18,1,1,1,1,1,0,1,0.000000,0.000000,0.000000,0.000076,0.000000,1,0,0.000000,0.000000,0.000000
2800,18,1,1,1,1,1,0,1,0.000000,0.000000,0.000000,0.000076,0.000000,1,0,0.000000,0.000000,0.000000
2801,18,1,1,1,1,1,0,1,0.000000,0.000000,0.000000,0.000076,0.000000,1,0,0.000000,0.000000,0.000000
2802,18,1,1,1,1,1,0,1,0.000000,0.000000,0.000000,0.000076,0.000000,1,0,0.000000,0.000000,0.000000
2803,18,1,1,1,1,1,0,1,0.000000,0.000000,0.000000,0.000076,0.000000,1,0,0.000000,0.000000,0.000000
2804,18,1,1,1,1,1,0,1,0.000000,0.000000,0.000000,0.000076,0.000000,1,0,0.000000,0.000000,0.000000
2805,18,1,1,1,1,1,0,1,0.000000,0.000000,0.000000,0.000076,0.000000,1,0,0.000000,0.000000,0.000000
2806,18,1,1,1,1,1,0,1,0.000000,0.000000,0.000000,0.000076,0.000000,1,0,0.000000,0.000000,0.000000
2807,18,1,1,1,1,1,0,1,0.000000,0.000000,0.000000,0.000076,0.000000,1,0,0.000000,0.000000,0.000000
2808,18,1,1,1,1,1,0,1,0.000000,0.000000,0.000000,0.000076,0.000000,1,0,0.000000,0.000000,0.000000
2809,18,1,1,1,1,1,0,1,0.000000,0.000000,0.000000,0.000076,0.000000,1,0,0.000000,0.000000,0.000000
2810,18,1,1,1,1,1,0,1,0.000000,0.000000,0.000000,0.000076,0.000000,1,0,0.000000,0.000000,0.000000
2811,18,1,1,1,1,1,0,1,0.000000,0.000000,0.000000,0.000076,0.000000,1,0,0.000000,0.000000,0.000000
2812,18,1,1,1,1,1,0,1,0.000000,0.000000,0.000000,0.000076,0.000000,1,0,0.000000,0.000000,0.000000
2813,18,1,1,1,1,1,0,1,0.000000,0.000000,0.000000,0.000076,0.000000,1,0,0.000000,0.000000,0.000000
2814,18,1,1,1,1,1,0,1,0.000000,0.000000,0.000000,0.000076,0.000000,1,0,0.000000,0.000000,0.000000
2815,18,1,1,1,1,1,0,1,0.000000,0.000000,0.000000,0.000076,0.000000,1,0,0.000000,0.000000,0.000000
2816,18,1,1,1,1,1,0,1,0.000000,0.000000,0.000000,0.000076,0.000000,1,0,0.000000,0.000000,0.000000
2817,18,1,1,1,1,1,0,1,0.000000,0.000000,0.000000,0.000076,0.000000,1,0,0.000000,0.000000,0.000000
2818,18,1,1,1,1,1,0,1,0.000000,0.000000,0.000000,0.000076,0.000000,1,0,0.000000,0.000000,0.000000
2819,18,1,1,1,1,1,0,1,0.000000,0.000000,0.000000,0.000076,0.000000,1,0,0.000000,0.000000,0.000000
2820,18,1,1,1,1,1,0,1,0.000000,0.000000,0.000000,0.000076,0.000000,1,0,0.000000,0.000000,0.000000
2821,18,1,1,1,1,1,0,1,0.000000,0.000000,0.000000,0.000076,0.000000,1,0,0.000000,0.000000,0.000000
2822,18,1,1,1,1,1,0,1,0.000000,0.000000,0.000000,0.000076,0.000000,1,0,0.000000,0.000000,0.000000
2823,18,1,1,1,1,1,0,1,0.000000,0.000000,0.000000,0.000076,0.000000,1,0,0.000000,0.000000,0.000000
2824,18,1,1,1,1,1,0,1,0.000000,0.000000,0.000000,0.000076,0.000000,1,0,0.000000,0.000000,0.000000
2825,18,1,1,1,1,1,0,1,0.000000,0.000000,0.000000,0.000076,0.000000,1,0,0.000000,0.000000,0.000000
2826,18,1,1,1,1,1,0,1,0.000000,0.000000,0.000000,0.000076,0.000000,1,0,0.000000,0.000000,0.000000
2827,18,1,1,1,1,1,0,1,0.000000,0.000000,0.000000,0.000076,0.000000,1,0,0.000000,0.000000,0.000000
2828,18,1,1,1,1,1,0,1,0.000000,0.000000,0.000000,0.000076,0.000000,1,0,0.000000,0.000000,0.000000
2829,18,1,1,1,1,1,0,1,0.000000,0.000000,0.000000,0.000076,0.000000,1,0,0.000000,0.000000,0.000000
2830,18,1,1,1,1,1,0,1,0.000000,0.000000,0.000000,0.000076,0.000000,1,0,0.000000,0.000000,0.000000
2831,18,1,1,1,1,1,0,1,0.000000,0.000000,0.000000,0.000076,0.000000,1,0,0.000000,0.000000,0.000000
2832,18,1,1,1,1,1,0,1,0.000000,0.000000,0.000000,0.000076,0.000000,1,0,0.000000,0.000000,0.000000
2833,18,1,1,1,1,1,0,1,0.000000,0.000000,0.000000,0.000076,0.000000,1,0,0.000000,0.000000,0.000000
2834,18,1,1,1,1,1,0,1,0.000000,0.000000,0.000000,0.000076,0.000000,1,0,0.000000,0.000000,0.000000
2835,18,1,1,1,1,1,0,1,0.000000,0.000000,0.000000,0.000076,0.000000,1,0,0.000000,0.000000,0.000000
2836,18,1,1,1,1,1,0,1,0.000000,0.000000,0.000000,0.000076,0.000000,1,0,0.000000,0.000000,0.000000
2837,18,1,1,1,1,1,0,1,0.000000,0.000000,0.000000,0.000076,0.000000,1,0,0.000000,0.000000,0.000000
2838,19,1,0,0,0,0,0,0,0.000000,0.000000,0.000000,0.000000,0.000000,1,0,0.000000,0.000000,0.000000
2839,19,1,0,0,0,0,0,0,0.000000,0.000000,0.000000,0.000000,0.000000,1,0,0.000000,0.000000,0.000000
2840,19,1,0,0,1,0,0,0,0.000000,0.000000,0.000000,0.000000,0.000000,1,0,0.000000,0.000000,0.000000
2841,19,1,0,0,1,0,0,0,0.000000,0.000000,0.000000,0.000000,0.000000,1,0,0.000000,0.000000,0.000000
2842,19,1,0,0,1,0,0,0,0.000000,0.000000,0.000000,0.000000,0.000000,1,0,0.000000,0.000000,0.000000
2843,19,1,0,0,1,0,0,0,0.000000,0.000000,0.000000,0.000000,0.000000,1,0,0.000000,0.000000,0.000000
2844,19,1,0,0,1,0,0,0,0.000000,0.000000,0.000000,0.000000,0.000000,1,0,0.000000,0.000000,0.000000
2845,19,1,0,0,1,0,0,0,0.000000,0.000000,0.000000,0.000000,0.000000,1,0,0.000000,0.000000,0.000000
2846,19,1,0,0,1,0,0,0,0.000000,0.000000,0.000000,0.000000,0.000000,1,0,0.000000,0.000000,0.000000
2847,19,1,0,0,1,0,0,0,0.000000,0.000000,0.000000,0.000000,0.000000,1,0,0.000000,0.000000,0.000000
2848,19,1,0,0,1,0,0,0,0.000000,0.000000,0.000000,0.000000,0.000000,1,0,0.000000,0.000000,0.000000
2849,19,1,0,0,1,0,0,0,0.000000,0.000000,0.000000,0.000000,0.000000,1,0,0.000000,0.000000,0.000000
2850,19,1,0,0,1,0,0,0,0.000000,0.000000,0.000000,0.000000,0.000000,1,0,0.000000,0.000000,0.000000
2851,19,1,0,0,1,0,0,0,0.000000,0.000000,0.000000,0.000000,0.000000,1,0,0.000000,0.000000,0.000000
2852,19,1,0,0,1,0,0,0,0.000000,0.000000,0.000000,0.000000,0.000000,1,0,0.000000,0.000000,0.000000
2853,19,1,0,0,1,0,0,0,0.000000,0.000000,0.000000,0.000000,0.000000,1,0,0.000000,0.000000,0.000000
2854,19,1,0,0,1,0,0,0,0.000000,0.000000,0.000000,0.000000,0.000000,1,0,0.000000,0.000000,0.000000
2855,19,1,0,0,1,0,0,0,0.000000,0.000000,0.000000,0.000000,0.000000,1,0,0.000000,0.000000,0.000000
2856,19,1,0,0,1,0,0,0,0.000000,0.000000,0.000000,0.000000,0.000000,1,0,0.000000,0.000000,0.000000
2857,19,1,0,0,1,0,0,0,0.000000,0.000000,0.000000,0.000000,0.000000,1,0,0.000000,0.000000,0.000000
2858,19,1,0,0,1,0,0,0,0.000000,0.000000,0.000000,0.000000,0.000000,1,0,0.000000,0.000000,0.000000
2859,19,1,0,0,1,0,0,0,0.000000,0.000000,0.000000,0.000000,0.000000,1,0,0.000000,0.000000,0.000000
2860,19,1,0,0,1,0,0,0,0.000000,0.000000,0.000000,0.000000,0.000000,1,0,0.000000,0.000000,0.000000
2861,19,1,0,0,1,0,0,0,0.000000,0.000000,0.000000,0.000000,0.000000,1,0,0.000000,0.000000,0.000000
2862,19,1,0,0,1,0,0,0,0.000000,0.000000,0.000000,0.000000,0.000000,1,0,0.000000,0.000000,0.000000
2863,19,1,0,0,1,0,0,0,0.000000,0.000000,0.000000,0.000000,0.000000,1,0,0.000000,0.000000,0.000000
2864,19,1,0,0,1,0,0,0,0.000000,0.000000,0.000000,0.000000,0.000000,1,0,0.000000,0.000000,0.000000
2865,19,1,0,0,1,0,0,0,0.000000,0.000000,0.000000,0.000000,0.000000,1,0,0.000000,0.000000,0.000000
2866,19,1,0,0,1,0,0,0,0.000000,0.000000,0.000000,0.000000,0.000000,1,0,0.000000,0.000000,0.000000
2867,19,1,0,0,1,0,0,0,0.000000,0.000000,0.000000,0.000000,0.000000,1,0,0.000000,0.000000,0.000000
2868,19,1,0,0,1,0,0,0,0.000000,0.000000,0.000000,0.000000,0.000000,1,0,0.000000,0.000000,0.000000
2869,19,1,0,0,1,0,0,0,0.000000,0.000000,0.000000,0.000000,0.000000,1,0,0.000000,0.000000,0.000000
2870,19,1,0,0,1,0,0,0,0.000000,0.000000,0.000000,0.000000,0.000000,1,0,0.000000,0.000000,0.000000
2871,19,1,0,0,1,0,0,0,0.000000,0.000000,0.000000,0.000000,0.000000,1,0,0.000000,0.000000,0.000000
2872,19,1,0,0,1,0,0,0,0.000000,0.000000,0.000000,0.000000,0.000000,1,0,0.000000,0.000000,0.000000
2873,19,1,0,0,1,0,0,0,0.000000,0.000000,0.000000,0.000000,0.000000,1,0,0.000000,0.000000,0.000000
2874,19,1,0,0,1,0,0,0,0.000000,0.000000,0.000000,0.000000,0.000000,1,0,0.000000,0.000000,0.000000
2875,19,1,0,0,1,0,0,0,0.000000,0.000000,0.000000,0.000000,0.000000,1,0,0.000000,0.000000,0.000000
2876,19,1,0,0,1,0,0,0,0.000000,0.000000,0.000000,0.000000,0.000000,1,0,0.000000,0.000000,0.000000
2877,19,1,0,0,1,0,0,0,0.000000,0.000000,0.000000,0.000000,0.000000,1,0,0.000000,0.000000,0.000000
2878,19,1,0,0,1,0,0,0,0.000000,0.000000,0.000000,0.000000,0.000000,1,0,0.000000,0.000000,0.000000
2879,19,1,0,0,1,0,0,0,0.000000,0.000000,0.000000,0.000000,0.000000,1,0,0.000000,0.000000,0.000000
2880,19,1,0,0,1,0,0,0,0.000000,0.000000,0.000000,0.000000,0.000000,1,0,0.000000,0.000000,0.000000
2881,19,1,0,0,1,0,0,0,0.000000,0.000000,0.000000,0.000000,0.000000,1,0,0.000000,0.000000,0.000000
2882,19,1,0,0,1,0,0,0,0.000000,0.000000,0.000000,0.000000,0.000000,1,0,0.000000,0.000000,0.000000
2883,19,1,0,0,1,0,0,0,0.000000,0.000000,0.000000,0.000000,0.000000,1,0,0.000000,0.000000,0.000000
2884,19,1,0,0,1,0,0,0,0.000000,0.000000,0.000000,0.000000,0.000000,1,0,0.000000,0.000000,0.000000
2885,19,1,0,0,1,0,0,0,0.000000,0.000000,0.000000,0.000000,0.000000,1,0,0.000000,0.000000,0.000000
2886,19,1,0,0,1,0,0,0,0.000000,0.000000,0.000000,0.000000,0.000000,1,0,0.000000,0.000000,0.000000
2887,19,1,0,0,1,0,0,0,0.000000,0.000000,0.000000,0.000000,0.000000,1,0,0.000000,0.000000,0.000000
2888,19,1,0,0,1,0,0,0,0.000000,0.000000,0.000000,0.000000,0.000000,1,0,0.000000,0.000000,0.000000
2889,19,1,0,0,1,0,0,0,0.000000,0.000000,0.000000,0.000000,0.000000,1,0,0.000000,0.000000,0.000000
2890,19,1,0,0,1,0,0,0,0.000000,0.000000,0.000000,0.000000,0.000000,1,0,0.000000,0.000000,0.000000
2891,19,1,0,0,1,0,0,0,0.000000,0.000000,0.000000,0.000000,0.000000,1,0,0.000000,0.000000,0.000000
2892,19,1,0,0,1,0,0,0,0.000000,0.000000,0.000000,0.000000,0.000000,1,0,0.000000,0.000000,0.000000
2893,19,1,0,0,1,0,0,0,0.000000,0.000000,0.000000,0.000000,0.000000,1,0,0.000000,0.000000,0.000000
2894,19,1,0,0,1,0,0,0,0.000000,0.000000,0.000000,0.000000,0.000000,1,0,0.000000,0.000000,0.000000
2895,19,1,0,0,1,0,0,0,0.000000,0.000000,0.000000,0.000000,0.000000,1,0,0.000000,0.000000,0.000000
2896,19,1,0,0,1,0,0,0,0.000000,0.000000,0.000000,0.000000,0.000000,1,0,0.000000,0.000000,0.000000
2897,19,1,0,0,1,0,0,0,0.000000,0.000000,0.000000,0.000000,0.000000,1,0,0.000000,0.000000,0.000000
2898,20,1,0,0,1,0,0,0,0.000000,0.000000,0.000000,0.000000,0.000000,1,0,0.000000,0.000000,0.000000
2899,20,1,0,0,1,0,0,0,0.000000,0.000000,0.000000,0.000000,0.000000,1,0,0.000000,0.000000,0.000000
2900,20,1,0,0,1,0,0,0,0.000000,0.000000,0.000000,0.000000,0.000000,1,0,0.000000,0.000000,0.000000
2901,20,1,0,0,1,0,0,0,0.000000,0.000000,0.000000,0.000000,0.000000,1,0,0.000000,0.000000,0.000000
2902,20,1,0,0,1,0,0,0,0.000000,0.000000,0.000000,0.000000,0.000000,1,0,0.000000,0.000000,0.000000
2903,20,1,0,0,1,0,0,0,0.000000,0.000000,0.000000,0.000000,0.000000,1,0,0.000000,0.000000,0.000000
2904,20,1,0,0,1,0,0,0,0.000000,0.000000,0.000000,0.000000,0.000000,1,0,0.000000,0.000000,0.000000
2905,20,1,0,0,1,0,0,0,0.000000,0.000000,0.000000,0.000000,0.000000,1,0,0.000000,0.000000,0.000000
2906,20,1,0,0,1,0,0,0,0.000000,0.000000,0.000000,0.000000,0.000000,1,0,0.000000,0.000000,0.000000
2907,20,1,0,0,1,0,0,0,0.000000,0.000000,0.000000,0.000000,0.000000,1,0,0.000000,0.000000,0.000000
2908,20,1,0,0,1,0,0,0,0.000000,0.000000,0.000000,0.000000,0.000000,1,0,0.000000,0.000000,0.000000
2909,20,1,0,0,1,0,0,0,0.000000,0.000000,0.000000,0.000000,0.000000,1,0,0.000000,0.000000,0.000000
2910,20,1,0,0,1,0,0,0,0.000000,0.000000,0.000000,0.000000,0.000000,1,0,0.000000,0.000000,0.000000
2911,20,1,0,0,1,0,0,0,0.000000,0.000000,0.000000,0.000000,0.000000,1,0,0.000000,0.000000,0.000000
2912,20,1,0,0,1,0,0,0,0.000000,0.000000,0.000000,0.000000,0.000000,1,0,0.000000,0.000000,0.000000
2913,20,1,0,0,1,0,0,0,0.000000,0.000000,0.000000,0.000000,0.000000,1,0,0.000000,0.000000,0.000000
2914,20,1,0,0,1,0,0,0,0.000000,0.000000,0.000000,0.000000,0.000000,1,0,0.000000,0.000000,0.000000
2915,20,1,0,0,1,0,0,0,0.000000,0.000000,0.000000,0.000000,0.000000,1,0,0.000000,0.000000,0.000000
2916,20,1,0,0,1,0,0,0,0.000000,0.000000,0.000000,0.000000,0.000000,1,0,0.000000,0.000000,0.000000
2917,20,1,0,0,1,0,0,0,0.000000,0.000000,0.000000,0.000000,0.000000,1,0,0.000000,0.000000,0.000000
2918,20,1,0,0,1,0,0,0,0.000000,0.000000,0.000000,0.000000,0.000000,1,0,0.000000,0.000000,0.000000
2919,20,1,0,0,1,0,0,0,0.000000,0.000000,0.000000,0.000000,0.000000,1,0,0.000000,0.000000,0.000000
2920,20,1,0,0,1,0,0,0,0.000000,0.000000,0.000000,0.000000,0.000000,1,0,0.000000,0.000000,0.000000
2921,20,1,0,0,1,0,0,0,0.000000,0.000000,0.000000,0.000000,0.000000,1,0,0.000000,0.000000,0.000000
2922,20,1,0,0,1,0,0,0,0.000000,0.000000,0.000000,0.000000,0.000000,1,0,0.000000,0.000000,0.000000
2923,20,1,0,0,1,0,0,0,0.000000,0.000000,0.000000,0.000000,0.000000,1,0,0.000000,0.000000,0.000000
2924,20,1,0,0,1,0,0,0,0.000000,0.000000,0.000000,0.000000,0.000000,1,0,0.000000,0.000000,0.000000
2925,20,1,0,0,1,0,0,0,0.000000,0.000000,0.000000,0.000000,0.000000,1,0,0.000000,0.000000,0.000000
2926,20,1,0,0,1,0,0,0,0.000000,0.000000,0.000000,0.000000,0.000000,1,0,0.000000,0.000000,0.000000
2927,20,1,0,0,1,0,0,0,0.000000,0.000000,0.000000,0.000000,0.000000,1,0,0.000000,0.000000,0.000000
2928,20,1,0,0,1,0,0,0,0.000000,0.000000,0.000000,0.000000,0.000000,1,0,0.000000,0.000000,0.000000
2929,20,1,0,0,1,0,0,0,0.000000,0.000000,0.000000,0.000000,0.000000,1,0,0.000000,0.000000,0.000000
2930,20,1,0,0,1,0,0,0,0.000000,0.000000,0.000000,0.000000,0.000000,1,0,0.000000,0.000000,0.000000
2931,20,1,0,0,1,0,0,0,0.000000,0.000000,0.000000,0.000000,0.000000,1,0,0.000000,0.000000,0.000000
2932,20,1,0,0,1,0,0,0,0.000000,0.000000,0.000000,0.000000,0.000000,1,0,0.000000,0.000000,0.000000
2933,20,1,0,0,1,0,0,0,0.000000,0.000000,0.000000,0.000000,0.000000,1,0,0.000000,0.000000,0.000000
2934,20,1,0,0,1,0,0,0,0.000000,0.000000,0.000000,0.000000,0.000000,1,0,0.000000,0.000000,0.000000
2935,20,1,0,0,1,0,0,0,0.000000,0.000000,0.000000,0.000000,0.000000,1,0,0.000000,0.000000,0.000000
2936,20,1,0,0,1,0,0,0,0.000000,0.000000,0.000000,0.000000,0.000000,1,0,0.000000,0.000000,0.000000
2937,20,1,0,0,1,0,0,0,0.000000,0.000000,0.000000,0.000000,0.000000,1,0,0.000000,0.000000,0.000000
2938,20,1,0,0,1,0,0,0,0.000000,0.000000,0.000000,0.000000,0.000000,1,0,0.000000,0.000000,0.000000
2939,20,1,0,0,1,0,0,0,0.000000,0.000000,0.000000,0.000000,0.000000,1,0,0.000000,0.000000,0.000000
2940,20,1,0,0,1,0,0,0,0.000000,0.000000,0.000000,0.000000,0.000000,1,0,0.000000,0.000000,0.000000
2941,20,1,0,0,1,0,0,0,0.000000,0.000000,0.000000,0.000000,0.000000,1,0,0.000000,0.000000,0.000000
2942,20,1,0,0,1,0,0,0,0.000000,0.000000,0.000000,0.000000,0.000000,1,0,0.000000,0.000000,0.000000
2943,20,1,0,0,1,0,0,0,0.000000,0.000000,0.000000,0.000000,0.000000,1,0,0.000000,0.000000,0.000000
2944,20,1,0,0,1,0,0,0,0.000000,0.000000,0.000000,0.000000,0.000000,1,0,0.000000,0.000000,0.000000
2945,20,1,0,0,1,0,0,0,0.000000,0.000000,0.000000,0.000000,0.000000,1,0,0.000000,0.000000,0.000000
2946,20,1,0,0,1,0,0,0,0.000000,0.000000,0.000000,0.000000,0.000000,1,0,0.000000,0.000000,0.000000
2947,20,1,0,0,1,0,0,0,0.000000,0.000000,0.000000,0.000000,0.000000,1,0,0.000000,0.000000,0.000000
2948,20,1,0,0,1,0,0,0,0.000000,0.000000,0.000000,0.000000,0.000000,1,0,0.000000,0.000000,0.000000
2949,20,1,0,0,1,0,0,0,0.000000,0.000000,0.000000,0.000000,0.000000,1,0,0.000000,0.000000,0.000000
2950,20,1,0,0,1,0,0,0,0.000000,0.000000,0.000000,0.000000,0.000000,1,0,0.000000,0.000000,0.000000
2951,20,1,0,0,1,0,0,0,0.000000,0.000000,0.000000,0.000000,0.000000,1,0,0.000000,0.000000,0.000000
2952,20,1,0,0,1,0,0,0,0.000000,0.000000,0.000000,0.000000,0.000000,1,0,0.000000,0.000000,0.000000
2953,20,1,0,0,1,0,0,0,0.000000,0.000000,0.000000,0.000000,0.000000,1,0,0.000000,0.000000,0.000000
