frame,wall_seconds,wall_ms,sim_ms,phase,active,spawned,rivals,infected,health_sum,paths,blocked,overlap_pairs,resident_bytes
667,0.409367924,57.261663,340.832818,1,0,0,0,0,0.000,0,0,0,3464765440
668,0.428065376,18.697452,57.191161,1,0,0,0,0,0.000,0,0,0,3465560064
669,0.433708818,5.643442,18.686992,1,0,0,0,0,0.000,0,0,0,3465641984
670,0.455961617,22.252799,5.632062,1,0,0,0,0,0.000,0,0,0,3465801728
671,0.471861109,15.899492,22.241408,1,0,0,0,0,0.000,0,0,0,3466424320
672,0.490666724,18.805615,15.892443,1,0,0,0,0,0.000,0,0,0,3466592256
673,0.511672856,21.006132,18.834195,1,0,0,0,0,0.000,0,0,0,3467354112
674,0.525601546,13.928690,20.999732,1,0,0,0,0,0.000,0,0,0,3467513856
675,0.541386146,15.784600,13.982271,1,0,0,0,0,0.000,0,0,0,3467554816
676,0.557677817,16.291671,15.780360,1,0,0,0,0,0.000,0,0,0,3467599872
677,0.575203924,17.526107,16.339032,1,0,0,0,0,0.000,0,0,0,3467780096
678,0.594795656,19.591732,17.480777,1,0,0,0,0,0.000,0,0,0,3468189696
679,0.611703260,16.907604,19.640252,1,0,0,0,0,0.000,0,0,0,3468316672
680,0.632901096,21.197836,16.952405,1,0,0,0,0,0.000,0,0,0,3468877824
681,0.648230496,15.329400,21.120694,1,0,0,0,0,0.000,0,0,0,3468984320
682,0.662969933,14.739437,15.395962,1,0,0,0,0,0.000,0,0,0,3469033472
683,0.677560148,14.590215,14.691246,1,0,0,0,0,0.000,0,0,0,3469066240
684,0.690623479,13.063331,14.818849,1,0,0,0,0,0.000,0,0,0,3469070336
685,0.704533649,13.910170,12.999650,1,0,0,0,0,0.000,0,0,0,3469119488
686,0.716431375,11.897726,13.774177,1,0,0,0,0,0.000,0,0,0,3469176832
687,0.729432555,13.001180,11.868736,1,0,0,0,0,0.000,0,0,0,3469246464
688,0.742424583,12.992028,12.965429,1,0,0,0,0,0.000,0,0,0,3469271040
689,0.755500436,13.075853,13.063151,1,0,0,0,0,0.000,0,0,0,3469316096
690,0.768087736,12.587300,13.038441,1,0,0,0,0,0.000,0,0,0,3469352960
691,0.780793260,12.705524,12.539809,1,0,0,0,0,0.000,0,0,0,3469385728
692,0.793445232,12.651972,12.760265,1,0,0,0,0,0.000,0,0,0,3469385728
693,0.805535193,12.089961,12.664633,1,0,0,0,0,0.000,0,0,0,3469430784
694,0.819845041,14.309848,12.046549,1,0,0,0,0,0.000,0,0,0,3469463552
695,0.834669320,14.824279,14.434201,1,0,0,0,0,0.000,0,0,0,3469504512
696,0.848830805,14.161485,14.844509,1,0,0,0,0,0.000,0,0,0,3469537280
697,0.863154503,14.323698,14.093064,1,0,0,0,0,0.000,0,0,0,3469537280
698,0.877820029,14.665526,14.327499,1,0,0,0,0,0.000,0,0,0,3469578240
699,0.893090607,15.270578,14.661965,1,0,0,0,0,0.000,0,0,0,3469615104
700,0.909709386,16.618779,15.238918,1,0,0,0,0,0.000,0,0,0,3469651968
701,0.926580909,16.871523,16.664629,1,0,0,0,0,0.000,0,0,0,3469680640
702,0.942537922,15.957013,16.867643,1,0,0,0,0,0.000,0,0,0,3469721600
703,0.959597570,17.059648,16.000334,1,0,0,0,0,0.000,0,0,0,3469774848
704,0.974667474,15.069904,17.142239,1,0,0,0,0,0.000,0,0,0,3469856768
705,0.990555206,15.887732,14.926332,1,0,0,0,0,0.000,0,0,0,3469955072
706,1.005537199,14.981993,15.867832,1,0,0,0,0,0.000,0,0,0,3469971456
707,1.021382779,15.845580,14.974532,1,0,0,0,0,0.000,0,0,0,3469991936
708,1.036381382,14.998603,15.847161,1,0,0,0,0,0.000,0,0,0,3470036992
709,1.051107749,14.726367,14.998923,1,0,0,0,0,0.000,0,0,0,3470069760
710,1.065094660,13.986911,14.729237,1,0,0,0,0,0.000,0,0,0,3470131200
711,1.082274240,17.179580,13.989001,1,0,0,0,0,0.000,0,0,0,3470188544
712,1.098384697,16.110457,17.200331,1,0,0,0,0,0.000,0,0,0,3470233600
713,1.113108964,14.724267,16.086216,1,0,0,0,0,0.000,0,0,0,3470262272
714,1.125965621,12.856657,14.713356,1,0,0,0,0,0.000,0,0,0,3470262272
715,1.138750177,12.784556,12.898438,1,0,0,0,0,0.000,0,0,0,3470303232
716,1.150977029,12.226852,12.811646,1,0,0,0,0,0.000,0,0,0,3470344192
717,1.163599822,12.622793,12.184072,1,0,0,0,0,0.000,0,0,0,3470381056
718,1.175912096,12.312274,12.633812,1,0,0,0,0,0.000,0,0,0,3470381056
719,1.190406188,14.494092,12.271304,1,0,0,0,0,0.000,0,0,0,3470426112
720,1.207628869,17.222681,14.497373,1,0,0,0,0,0.000,0,0,0,3470458880
721,1.219487104,11.858235,17.263761,1,0,0,0,0,0.000,0,0,0,3470487552
722,1.231607455,12.120351,11.820185,1,0,0,0,0,0.000,0,0,0,3470532608
723,1.245236618,13.629163,12.196112,1,0,0,0,0,0.000,0,0,0,3470544896
724,1.254964778,9.728160,13.552701,1,0,0,0,0,0.000,0,0,0,3470585856
725,1.267460677,12.495899,9.749221,1,0,0,0,0,0.000,0,0,0,3470618624
726,1.280185501,12.724824,12.467099,1,0,0,0,0,0.000,0,0,0,3470622720
727,1.292169229,11.983728,12.725523,1,0,0,0,0,0.000,0,0,0,3470675968
728,1.304495874,12.326645,12.173403,1,0,0,0,0,0.000,0,0,0,3470880768
729,1.321255975,16.760101,12.146881,1,0,0,0,0,0.000,0,0,0,3470913536
730,1.334602992,13.347017,16.898644,1,0,0,0,0,0.000,0,0,0,3470917632
731,1.347356167,12.753175,13.268785,1,0,0,0,0,0.000,0,0,0,3470970880
732,1.357493225,10.137058,12.705234,1,0,0,0,0,0.000,0,0,0,3471011840
733,1.368964572,11.471347,10.178869,1,0,0,0,0,0.000,0,0,0,3471015936
734,1.380990931,12.026359,11.440976,1,0,0,0,0,0.000,0,0,0,3471069184
735,1.392046269,11.055338,12.127401,1,0,0,0,0,0.000,0,0,0,3471122432
736,1.403327952,11.281683,11.000037,1,0,0,0,0,0.000,0,0,0,3471122432
737,1.414342729,11.014777,11.248372,1,0,0,0,0,0.000,0,0,0,3471171584
738,1.425789936,11.447207,11.012517,1,0,0,0,0,0.000,0,0,0,3471212544
739,1.436390034,10.600098,11.457047,1,0,0,0,0,0.000,0,0,0,3471216640
740,1.447681736,11.291702,10.606329,1,0,0,0,0,0.000,0,0,0,3471269888
741,1.458596261,10.914525,11.299073,1,0,0,0,0,0.000,0,0,0,3471306752
742,1.469766253,11.169992,10.887644,1,0,0,0,0,0.000,0,0,0,3471306752
743,1.480824101,11.057848,11.249402,1,0,0,0,0,0.000,0,0,0,3471360000
744,1.492541092,11.716991,11.008827,1,0,0,0,0,0.000,0,0,0,3471400960
745,1.503116261,10.575169,11.983378,1,0,0,0,0,0.000,0,0,0,3471405056
746,1.516100660,12.984399,10.368733,1,0,0,0,0,0.000,0,0,0,3471454208
747,1.528126319,12.025659,12.874737,1,0,0,0,0,0.000,0,0,0,3471486976
748,1.541788133,13.661814,12.135361,1,0,0,0,0,0.000,0,0,0,3471486976
749,1.554083978,12.295845,13.597614,1,0,0,0,0,0.000,0,0,0,3471527936
750,1.566368522,12.284544,12.285904,1,0,0,0,0,0.000,0,0,0,3471572992
751,1.578922043,12.553521,12.274974,1,0,0,0,0,0.000,0,0,0,3471605760
752,1.591210407,12.288364,12.594961,1,0,0,0,0,0.000,0,0,0,3471605760
753,1.602946040,11.735633,12.331065,1,0,0,0,0,0.000,0,0,0,3471650816
754,1.614682252,11.736212,11.642991,1,0,0,0,0,0.000,0,0,0,3471691776
755,1.626983807,12.301555,11.751104,1,0,0,0,0,0.000,0,0,0,3471691776
756,1.638356032,11.372225,12.270304,1,0,0,0,0,0.000,0,0,0,3471736832
757,1.649620884,11.264852,11.380414,1,0,0,0,0,0.000,0,0,0,3471773696
758,1.660867937,11.247053,11.264533,1,0,0,0,0,0.000,0,0,0,3471777792
759,1.671968176,11.100239,11.240752,1,0,0,0,0,0.000,0,0,0,3471831040
760,1.683443672,11.475496,11.087619,1,0,0,0,0,0.000,0,0,0,3471867904
761,1.694734545,11.290873,11.487527,1,0,0,0,0,0.000,0,0,0,3471867904
762,1.706287654,11.553109,11.393045,1,0,0,0,0,0.000,0,0,0,3471917056
763,1.718396105,12.108451,11.465677,1,0,0,0,0,0.000,0,0,0,3471953920
764,1.734870210,16.474105,12.108500,1,0,0,0,0,0.000,0,0,0,3469897728
765,1.750194220,15.324010,16.517566,1,0,0,0,0,0.000,0,0,0,3469930496
766,1.770283922,20.089702,15.284009,1,0,0,0,0,0.000,0,0,0,3467866112
767,1.786390549,16.106627,20.122653,1,0,0,0,0,0.000,0,0,0,3466846208
768,1.802593437,16.202888,16.083336,1,0,0,0,0,0.000,0,0,0,3466878976
769,1.819810078,17.216641,16.217570,1,0,0,0,0,0.000,0,0,0,3466911744
770,1.836148620,16.338542,17.236371,1,0,0,0,0,0.000,0,0,0,3466944512
771,1.852263537,16.114917,16.294241,1,0,0,0,0,0.000,0,0,0,3466956800
772,1.866308679,14.045142,16.112076,1,0,0,0,0,0.000,0,0,0,3466997760
773,1.881708510,15.399831,14.048153,1,0,0,0,0,0.000,0,0,0,3467030528
774,1.896727834,15.019324,15.432443,1,0,0,0,0,0.000,0,0,0,3467067392
775,1.912322890,15.595056,15.044643,1,0,0,0,0,0.000,0,0,0,3467096064
776,1.927012856,14.689966,15.533194,1,0,0,0,0,0.000,0,0,0,3467128832
777,1.942278955,15.266099,14.719357,1,0,0,0,0,0.000,0,0,0,3467161600
778,1.957138365,14.859410,15.233518,1,0,0,0,0,0.000,0,0,0,3467161600
779,1.971276459,14.138094,14.854900,1,0,0,0,0,0.000,0,0,0,3467202560
780,1.989122583,17.846124,14.143185,1,0,0,0,0,0.000,0,0,0,3467239424
781,2.004448513,15.325930,17.875824,1,0,0,0,0,0.000,0,0,0,3467272192
782,2.019523937,15.075424,15.288809,1,0,0,0,0,0.000,0,0,0,3467309056
783,2.034546261,15.022324,15.058994,1,0,0,0,0,0.000,0,0,0,3467345920
784,2.049920512,15.374251,15.015344,1,0,0,0,0,0.000,0,0,0,3467386880
785,2.067101902,17.181390,15.374251,1,0,0,0,0,0.000,0,0,0,3467419648
786,2.080828007,13.726105,17.201610,1,0,0,0,0,0.000,0,0,0,3467452416
787,2.095359830,14.531823,13.747847,1,0,0,0,0,0.000,0,0,0,3467464704
788,2.110153019,14.793189,14.596663,1,0,0,0,0,0.000,0,0,0,3467513856
789,2.124280303,14.127284,14.688887,1,0,0,0,0,0.000,0,0,0,3467550720
790,2.139451289,15.170986,14.118934,1,0,0,0,0,0.000,0,0,0,3467579392
791,2.153948192,14.496903,15.175896,1,0,0,0,0,0.000,0,0,0,3467612160
792,2.168075866,14.127674,14.561214,1,0,0,0,0,0.000,0,0,0,3467653120
793,2.182554407,14.478541,14.070163,1,0,0,0,0,0.000,0,0,0,3467665408
794,2.196837984,14.283577,14.588324,1,0,0,0,0,0.000,0,0,0,3467718656
795,2.211613963,14.775979,14.210616,1,0,0,0,0,0.000,0,0,0,3467755520
796,2.226412261,14.798298,14.765237,1,0,0,0,0,0.000,0,0,0,3467792384
797,2.240481004,14.068743,14.762638,1,0,0,0,0,0.000,0,0,0,3467829248
798,2.254127658,13.646654,14.066073,1,0,0,0,0,0.000,0,0,0,3467874304
799,2.267783072,13.655414,13.742856,1,0,0,0,0,0.000,0,0,0,3467886592
800,2.281737792,13.954720,13.635014,1,0,0,0,0,0.000,0,0,0,3467931648
801,2.296122682,14.384890,13.924750,1,0,0,0,0,0.000,0,0,0,3467968512
802,2.311838750,15.716068,14.354169,1,0,0,0,0,0.000,0,0,0,3466956800
803,2.326194020,14.355270,15.750859,1,0,0,0,0,0.000,0,0,0,3466993664
804,2.340785413,14.591393,14.317548,1,0,0,0,0,0.000,0,0,0,3467034624
805,2.355096912,14.311499,14.624895,1,0,0,0,0,0.000,0,0,0,3467038720
806,2.371264160,16.167248,14.279827,2,0,0,0,0,0.000,0,0,0,3467079680
807,2.384227179,12.963019,16.263350,2,2,2,1,1,156.000,1,0,0,3467177984
808,2.400709183,16.482004,12.951659,2,2,2,1,1,156.000,1,0,0,3468361728
809,2.420735705,20.026522,16.494685,2,2,2,1,1,156.000,1,0,0,3469447168
810,2.437586757,16.851052,20.038572,2,2,2,1,1,156.000,1,0,0,3470540800
811,2.454968341,17.381584,16.814981,2,2,2,1,1,156.000,1,0,0,3471626240
812,2.471792924,16.824583,17.352994,2,2,2,1,1,156.000,1,0,0,3472711680
813,2.489002634,17.209710,16.851403,2,2,2,1,1,156.000,1,0,0,3473793024
814,2.505356277,16.353643,17.164669,2,2,2,1,1,156.000,1,0,0,3473833984
815,2.522227100,16.870823,16.422294,2,2,2,1,1,156.000,1,0,0,3473874944
816,2.539559393,17.332293,16.862483,2,2,2,1,1,156.000,1,0,0,3473907712
817,2.554482244,14.922851,17.349853,2,2,2,1,1,156.000,1,0,0,3473940480
818,2.569158190,14.675946,14.906471,2,2,2,1,1,156.000,1,0,0,3473977344
819,2.587105727,17.947537,14.628755,2,2,2,1,1,156.000,1,0,0,3474014208
820,2.602037507,14.931780,17.963937,2,2,2,1,1,156.000,1,0,0,3474051072
821,2.616480259,14.442752,14.887451,2,2,2,1,1,156.000,1,0,0,3474055168
822,2.631770388,15.290129,14.343078,2,2,2,1,1,156.000,1,0,0,3474104320
823,2.645052033,13.281645,15.483974,2,4,4,1,3,296.000,3,0,0,3474178048
824,2.659904133,14.852100,13.217084,2,4,4,1,3,296.000,3,0,0,3474227200
825,2.675263424,15.359291,14.838050,2,4,4,1,3,296.000,3,0,0,3474272256
826,2.690388100,15.124676,15.399221,2,4,4,1,3,296.000,3,0,0,3474313216
827,2.706589868,16.201768,15.084565,2,4,4,1,3,296.000,3,0,0,3474345984
828,2.722787777,16.197909,16.322931,2,4,4,1,3,296.000,3,0,0,3474358272
829,2.738564277,15.776500,16.158328,2,4,4,1,3,296.000,3,0,0,3474403328
830,2.755494811,16.930534,15.741868,2,4,4,1,3,296.000,3,0,0,3474448384
831,2.771538637,16.043826,16.889534,2,4,4,1,3,296.000,3,0,0,3474485248
832,2.788644085,17.105448,16.037035,2,4,4,1,3,296.000,3,0,0,3474518016
833,2.804202220,15.558135,17.174340,2,4,4,1,3,296.000,3,0,0,3474550784
834,2.819144591,14.942371,15.489754,2,4,4,1,3,296.000,3,0,0,3474587648
835,2.834077703,14.933112,14.958712,2,4,4,1,3,296.000,3,0,0,3474620416
836,2.849200869,15.123166,14.928431,2,4,4,1,3,296.000,3,0,0,3474649088
837,2.864538409,15.337540,15.116476,2,4,4,1,3,296.000,3,0,0,3474685952
838,2.878994650,14.456241,15.331369,2,4,4,1,3,296.000,3,0,0,3474685952
839,2.893383730,14.389080,14.453752,2,4,4,1,3,296.000,3,0,0,3474735104
840,2.906761877,13.378147,14.367519,2,6,6,2,4,452.000,4,0,0,3474849792
841,2.923670582,16.908705,13.472080,2,6,6,2,4,452.000,4,0,0,3474894848
842,2.936220971,12.550389,16.965525,2,6,6,2,4,452.000,4,0,0,3474944000
843,2.952035462,15.814491,12.450908,2,6,6,2,4,452.000,4,0,0,3474989056
844,2.968483587,16.448125,15.790801,2,6,6,2,4,452.000,4,0,0,3475021824
845,2.984098842,15.615255,16.445343,2,6,6,2,4,452.000,4,0,0,3475021824
846,2.999578676,15.479834,15.620617,2,6,6,2,4,452.000,4,0,0,3475058688
847,3.012521645,12.942969,15.511623,2,6,6,2,4,452.000,4,0,0,3475103744
848,3.025829151,13.307506,12.930359,2,6,6,2,4,452.000,4,0,0,3475144704
849,3.039172118,13.342967,13.332756,2,6,6,2,4,452.000,4,0,0,3475181568
850,3.051437012,12.264894,13.328378,2,6,6,2,4,452.000,4,0,0,3475181568
851,3.064250797,12.813785,12.328535,2,6,6,2,4,452.000,4,0,0,3475238912
852,3.075678634,11.427837,12.638232,2,6,6,2,4,452.000,4,0,0,3475275776
853,3.087131160,11.452526,11.465087,2,6,6,2,4,452.000,4,0,0,3475275776
854,3.099360174,12.229014,11.424106,2,6,6,2,4,452.000,4,0,0,3475329024
855,3.111799061,12.438887,12.221113,2,6,6,2,4,452.000,4,0,0,3475369984
856,3.124256499,12.457438,12.465798,2,6,6,2,4,452.000,4,0,0,3475369984
857,3.137733370,13.476871,12.429328,2,6,6,2,4,452.000,4,0,0,3475419136
858,3.149296248,11.562878,13.543061,2,6,6,2,4,452.000,4,0,0,3475460096
859,3.160617893,11.321645,11.502018,2,8,8,2,6,592.000,6,0,0,3475558400
860,3.172328765,11.710872,11.380395,2,8,8,2,6,592.000,6,0,0,3475632128
861,3.185418337,13.089572,11.654441,2,8,8,2,6,592.000,6,0,0,3475693568
862,3.197643430,12.225093,13.094032,2,8,8,2,6,592.000,6,0,0,3475742720
863,3.209812451,12.169021,12.268854,2,8,8,2,6,592.000,6,0,0,3475742720
864,3.223090037,13.277586,12.130491,2,8,8,2,6,592.000,6,0,0,3475787776
865,3.235544536,12.454499,13.382589,2,8,8,2,6,592.000,6,0,0,3475828736
866,3.247972233,12.427697,12.465577,2,8,8,2,6,592.000,6,0,0,3475873792
867,3.260722527,12.750294,12.358386,2,8,8,2,6,592.000,6,0,0,3475877888
868,3.273899001,13.176474,12.761945,2,8,8,2,6,592.000,6,0,0,3475943424
869,3.286403251,12.504250,13.145913,2,8,8,2,6,592.000,6,0,0,3475984384
870,3.299222296,12.819045,12.506780,2,8,8,2,6,592.000,6,0,0,3475984384
871,3.311659364,12.437068,12.807616,2,8,8,2,6,592.000,6,0,0,3476037632
872,3.324720325,13.060961,12.461867,2,8,8,2,6,592.000,6,0,0,3476090880
873,3.338679796,13.959471,12.985130,2,8,8,2,6,592.000,6,0,0,3476135936
874,3.353706079,15.026283,13.912739,2,8,8,2,6,592.000,6,0,0,3476180992
875,3.368138189,14.432110,15.033744,2,8,8,2,6,592.000,6,0,0,3476185088
876,3.382502659,14.364470,14.412930,2,8,8,2,6,592.000,6,0,0,3476226048
877,3.396359117,13.856458,14.359970,2,8,8,2,6,592.000,6,0,0,3476262912
878,3.410273166,13.914049,13.853358,2,8,8,2,6,592.000,6,0,0,3476295680
879,3.427937017,17.663851,13.911090,2,10,10,3,7,748.000,7,0,0,3476463616
880,3.457904372,29.967355,17.690100,2,10,10,3,7,748.000,7,0,0,3476504576
881,3.473476838,15.572466,29.980785,2,10,10,3,7,748.000,7,0,0,3476549632
882,3.488289656,14.812818,15.547555,2,10,10,3,7,748.000,7,0,0,3476553728
883,3.503940603,15.650947,14.808029,2,10,10,3,7,748.000,7,0,0,3476680704
884,3.519235372,15.294769,15.652107,2,10,10,3,7,748.000,7,0,0,3476717568
885,3.534052991,14.817619,15.487734,2,10,10,3,7,748.000,7,0,0,3476754432
886,3.549614957,15.561966,14.823498,2,10,10,3,7,748.000,7,0,0,3476791296
887,3.564132639,14.517682,15.564455,2,10,10,3,7,748.000,7,0,0,3476828160
888,3.578692043,14.559404,14.479963,2,10,10,3,7,748.000,7,0,0,3476865024
889,3.595563336,16.871293,14.613364,2,10,10,3,7,748.000,7,0,0,3476905984
890,3.611068799,15.505463,16.848742,2,10,10,3,7,748.000,7,0,0,3476938752
891,3.625974530,14.905731,15.467013,2,10,10,3,7,748.000,7,0,0,3476942848
892,3.640780249,14.805719,14.907651,2,10,10,3,7,748.000,7,0,0,3476992000
893,3.655668500,14.888251,14.833689,2,10,10,3,7,748.000,7,0,0,3477028864
894,3.671076281,15.407781,14.895211,2,10,10,3,7,748.000,7,0,0,3477065728
895,3.687214028,16.137747,15.390321,3,12,12,3,9,888.000,9,0,0,3477127168
896,3.707075066,19.861038,16.138558,3,12,12,3,9,888.000,9,0,0,3477131264
897,3.724972611,17.897545,19.878537,3,12,12,3,9,888.000,9,0,0,3477143552
898,3.742296314,17.323703,17.919876,3,12,12,3,9,888.000,9,0,0,3477151744
899,3.757534863,15.238549,17.273323,3,12,12,3,9,888.000,9,0,0,3477168128
900,3.771945882,14.411019,15.235518,3,12,12,3,9,888.000,9,0,0,3477180416
901,3.785638778,13.692896,14.410559,3,12,12,3,9,888.000,9,0,0,3477184512
902,3.799852883,14.214105,13.726456,3,12,12,3,9,888.000,9,0,0,3477184512
903,3.813482156,13.629273,14.198506,3,12,12,3,9,888.000,9,0,0,3477184512
904,3.828507449,15.025293,13.604663,3,12,12,3,9,888.000,9,0,0,3477192704
905,3.843481812,14.974363,15.035883,3,12,12,3,9,888.000,9,0,0,3477196800
906,3.859181080,15.699268,14.982153,3,12,12,3,9,888.000,9,0,0,3477200896
907,3.874736585,15.555505,15.684487,3,12,12,3,9,888.000,9,0,0,3477200896
908,3.891547126,16.810541,15.608986,3,12,12,3,9,888.000,9,0,0,3477266432
909,3.906913168,15.366042,16.796642,3,12,12,3,9,888.000,9,0,0,3477270528
910,3.922635907,15.722739,15.338920,3,12,12,3,9,888.000,9,0,0,3477270528
911,3.938105689,15.469782,15.746369,3,12,12,3,9,888.000,9,0,0,3477270528
912,3.953309096,15.203407,15.440932,3,12,12,3,9,888.000,9,0,0,3477274624
913,3.968669508,15.360412,15.199908,3,12,12,3,9,888.000,9,0,0,3477274624
914,3.983815743,15.146235,15.386341,3,12,12,3,9,888.000,9,0,0,3477291008
915,3.999775217,15.959474,15.173376,3,12,12,3,9,888.000,9,0,0,3477344256
916,4.015062636,15.287419,15.928173,3,12,12,3,9,888.000,9,0,0,3477344256
917,4.030298444,15.235808,15.264419,3,12,12,3,9,888.000,9,0,0,3477352448
918,4.046082664,15.784220,15.239069,3,12,12,3,9,888.000,9,0,0,3477352448
919,4.061802762,15.720098,15.832830,3,12,12,3,9,888.000,9,0,0,3477352448
920,4.076414156,14.611394,15.684418,3,12,12,3,9,888.000,9,0,0,3477352448
921,4.093490254,17.076098,14.557223,3,12,12,3,9,888.000,9,0,0,3477352448
922,4.109327965,15.837711,17.079748,3,12,12,3,9,888.000,9,0,0,3477352448
923,4.124703766,15.375801,15.839480,3,12,12,3,9,888.000,9,0,0,3477352448
924,4.141618670,16.914904,15.406522,3,12,12,3,9,888.000,9,0,0,3477356544
925,4.157822899,16.204229,16.905034,3,12,12,3,9,888.000,9,0,0,3477356544
926,4.175473389,17.650490,16.205669,3,12,12,3,9,888.000,9,0,0,3477356544
927,4.191074325,15.600936,17.703791,3,12,12,3,9,888.000,9,0,0,3477356544
928,4.207200002,16.125677,15.595886,3,12,12,3,9,888.000,9,0,0,3477356544
929,4.222986912,15.786910,16.069895,3,12,12,3,9,888.000,9,0,0,3477356544
930,4.238454484,15.467572,15.836481,3,12,12,3,9,888.000,9,0,0,3477356544
931,4.256209477,17.754993,15.445173,3,12,12,3,9,888.000,9,0,0,3477356544
932,4.272668131,16.458654,17.735202,3,12,12,3,9,888.000,9,0,0,3477356544
933,4.290961105,18.292974,16.494175,3,12,12,3,9,888.000,9,0,0,3477360640
934,4.306950189,15.989084,18.313824,3,12,12,3,9,888.000,9,0,0,3477360640
935,4.325382576,18.432387,16.055036,3,12,12,3,9,888.000,9,0,0,3477368832
936,4.342750720,17.368144,18.326194,3,12,12,3,9,888.000,9,0,0,3477377024
937,4.360270887,17.520167,17.425396,3,12,12,3,9,888.000,9,0,0,3477377024
938,4.378650142,18.379255,17.453565,3,12,12,3,9,888.000,9,0,0,3477381120
939,4.396178360,17.528218,18.419017,3,12,12,3,9,888.000,9,0,0,3477381120
940,4.412929531,16.751171,17.574118,3,12,12,3,9,888.000,9,0,0,3477381120
941,4.428974616,16.045085,16.664189,3,12,12,3,9,888.000,9,0,0,3477385216
942,4.444937060,15.962444,16.019165,3,12,12,3,9,888.000,9,0,0,3477385216
943,4.461625158,16.688098,15.954473,3,12,12,3,9,888.000,9,0,0,3477389312
944,4.477146893,15.521735,16.851413,3,12,12,3,9,888.000,9,0,0,3477393408
945,4.498740207,21.593314,15.444562,3,12,12,3,9,888.000,9,0,0,3477393408
946,4.517809349,19.069142,21.707537,3,12,12,3,9,888.000,9,0,0,3477397504
947,4.532561776,14.752427,18.959119,3,12,12,3,9,888.000,9,0,0,3477397504
948,4.547669611,15.107835,14.741937,3,12,12,3,9,888.000,9,0,0,3477401600
949,4.564525304,16.855693,15.115906,3,12,12,3,9,888.000,9,0,0,3477405696
950,4.580229242,15.703938,16.788451,3,12,12,3,9,888.000,9,0,0,3477405696
951,4.595915100,15.685858,15.755769,3,12,12,3,9,888.000,9,0,0,3477405696
952,4.611371762,15.456662,15.718888,3,12,12,3,9,888.000,9,0,0,3477409792
953,4.625931676,14.559914,15.437592,3,12,12,3,9,888.000,9,0,0,3477409792
954,4.640000139,14.068463,14.486262,3,12,12,3,9,888.000,9,0,0,3477422080
955,4.655490592,15.490453,14.048403,3,12,12,3,9,888.000,9,0,0,3477426176
956,4.670687849,15.197257,15.505053,3,12,12,3,9,888.000,9,0,0,3477426176
957,4.686210353,15.522504,15.239449,3,12,12,3,9,888.000,9,0,0,3477446656
958,4.700662174,14.451821,15.485923,3,12,12,3,9,888.000,9,0,0,3477446656
959,4.715831210,15.169036,14.463162,3,12,12,3,9,888.000,9,0,0,3477446656
960,4.730447615,14.616405,15.157976,3,12,12,3,9,888.000,9,0,0,3477454848
961,4.744823914,14.376299,14.625724,3,12,12,3,9,888.000,9,0,0,3477454848
962,4.760978093,16.154179,14.381010,3,12,12,3,9,888.000,9,0,0,3477454848
963,4.773503032,12.524939,16.155298,3,12,12,3,9,888.000,9,0,0,3477458944
964,4.788516525,15.013493,12.494988,3,12,12,3,9,888.000,9,0,0,3477458944
965,4.803939948,15.423423,15.019784,3,12,12,3,9,888.000,9,0,0,3477458944
966,4.819112584,15.172636,15.490754,3,12,12,3,9,888.000,9,0,0,3477463040
967,4.834652738,15.540154,15.075824,3,12,12,3,9,888.000,9,0,0,3477463040
968,4.849931268,15.278530,15.545525,3,12,12,3,9,888.000,9,0,0,3477508096
969,4.865910651,15.979383,15.259748,3,12,12,3,9,888.000,9,0,0,3477512192
970,4.881311823,15.401172,15.973184,3,12,12,3,9,888.000,9,0,0,3477512192
971,4.896818526,15.506703,15.413111,3,12,12,3,9,888.000,9,0,0,3477536768
972,4.911599835,14.781309,15.517165,3,12,12,3,9,888.000,9,0,0,3477536768
973,4.925908663,14.308828,14.764807,3,12,12,3,9,888.000,9,0,0,3477536768
974,4.941098350,15.189687,14.312769,3,12,12,3,9,888.000,9,0,0,3477540864
975,4.956356289,15.257939,15.202437,3,12,12,3,9,888.000,9,0,0,3477540864
976,4.971227589,14.871300,15.258838,3,12,12,3,9,888.000,9,0,0,3477540864
977,4.986401075,15.173486,14.857290,3,12,12,3,9,888.000,9,0,0,3477610496
978,5.002597874,16.196799,15.177197,3,12,12,3,9,888.000,9,0,0,3477610496
979,5.017326221,14.728347,16.190338,3,12,12,3,9,888.000,9,0,0,3477610496
980,5.032176521,14.850300,14.759348,3,12,12,3,9,888.000,9,0,0,3477610496
981,5.046729104,14.552583,14.834969,3,12,12,3,9,888.000,9,0,0,3477610496
982,5.061312358,14.583254,14.548294,3,12,12,3,9,888.000,9,0,0,3477614592
983,5.075761438,14.449080,14.578313,3,12,12,3,9,888.000,9,0,0,3477618688
984,5.090122038,14.360600,14.375119,3,12,12,3,9,888.000,9,0,0,3477618688
985,5.105134651,15.012613,14.394761,3,12,12,3,9,888.000,9,0,0,3477618688
986,5.119250975,14.116324,15.047834,3,12,12,3,9,888.000,9,0,0,3477618688
987,5.133499042,14.248067,14.078743,3,12,12,3,9,888.000,9,0,0,3477618688
988,5.147730348,14.231306,14.228146,3,12,12,3,9,888.000,9,0,0,3477618688
989,5.164174462,16.444114,14.246736,3,12,12,3,9,888.000,9,0,0,3477618688
990,5.179900610,15.726148,16.391674,3,12,12,3,9,888.000,9,0,0,3477618688
991,5.195418155,15.517545,15.794040,3,12,12,3,9,888.000,9,0,0,3477622784
992,5.209949667,14.531512,15.508763,3,12,12,3,9,888.000,9,0,0,3477622784
993,5.224821277,14.871610,14.558714,3,12,12,3,9,888.000,9,0,0,3477622784
994,5.240353322,15.532045,14.790208,3,12,12,3,9,888.000,9,0,0,3477622784
995,5.256150982,15.797660,15.597066,3,12,12,3,9,888.000,9,0,0,3477635072
996,5.271976642,15.825660,15.794800,3,12,12,3,9,888.000,9,0,0,3477647360
997,5.289273405,17.296763,15.849291,3,12,12,3,9,888.000,9,0,0,3477647360
998,5.304579094,15.305689,17.250381,3,12,12,3,9,888.000,9,0,0,3477647360
999,5.319943235,15.364141,15.274249,3,12,12,3,9,888.000,9,0,0,3477647360
1000,5.335137252,15.194017,15.419762,3,12,12,3,9,888.000,9,0,0,3477647360
1001,5.350305849,15.168597,15.187667,3,12,12,3,9,888.000,9,0,0,3477647360
1002,5.365184499,14.878650,15.331230,3,12,12,3,9,888.000,9,0,0,3477647360
1003,5.380354366,15.169867,14.795009,3,12,12,3,9,888.000,9,0,0,3477647360
1004,5.395931140,15.576774,15.157536,3,12,12,3,9,888.000,9,0,0,3477647360
1005,5.412175041,16.243901,15.569305,3,12,12,3,9,888.000,9,0,0,3476598784
1006,5.429486893,17.311852,16.262080,3,12,12,3,9,888.000,9,0,0,3475554304
1007,5.444912225,15.425332,17.310532,3,12,12,3,9,888.000,9,0,0,3474505728
1008,5.460356628,15.444403,15.447683,3,12,12,3,9,888.000,9,0,0,3473457152
1009,5.477104938,16.748310,15.422642,3,12,12,3,9,888.000,9,0,0,3472408576
1010,5.494570724,17.465786,16.760361,3,12,12,3,9,888.000,9,0,0,3472408576
1011,5.511472138,16.901414,17.451255,3,12,12,3,9,888.000,9,0,0,3472408576
1012,5.527496243,16.024105,16.916655,3,12,12,3,9,888.000,9,0,0,3472408576
1013,5.545553462,18.057219,16.077296,3,12,12,3,9,888.000,9,0,0,3472408576
1014,5.562255331,16.701869,17.989197,3,12,12,3,9,888.000,9,0,0,3472408576
1015,5.580943563,18.688232,16.715100,3,12,12,3,9,888.000,9,0,0,3472408576
1016,5.598426010,17.482447,18.680792,3,12,12,3,9,888.000,9,0,0,3472408576
1017,5.615029927,16.603917,17.511507,3,12,12,3,9,888.000,9,0,0,3472408576
1018,5.631517882,16.487955,16.692079,3,12,12,3,9,888.000,9,0,0,3472408576
1019,5.648465757,16.947875,16.503885,3,12,12,3,9,888.000,9,0,0,3472408576
1020,5.666114906,17.649149,16.892864,3,12,12,3,9,888.000,9,0,0,3472408576
1021,5.683098342,16.983436,17.634050,3,12,12,3,9,888.000,9,0,0,3472408576
1022,5.699821402,16.723060,16.989285,4,12,12,3,9,888.000,9,0,0,3472416768
1023,6.496098722,796.277320,16.694949,4,12,12,3,9,888.000,9,0,0,3496046592
1024,6.504034673,7.935951,796.110717,4,12,12,3,9,888.000,9,0,0,3496656896
1025,6.514369205,10.334532,7.908240,4,12,12,3,9,888.000,9,0,0,3496656896
1026,6.528543171,14.173966,10.337054,4,12,12,3,9,888.000,9,0,0,3496656896
1027,6.545562917,17.019746,14.175674,4,12,12,3,9,888.000,9,0,0,3496656896
1028,6.560750314,15.187397,17.362484,4,12,12,3,9,888.000,9,0,0,3496656896
1029,6.575987052,15.236738,15.131375,4,12,12,3,9,888.000,9,0,0,3496681472
1030,6.589389910,13.402858,15.178677,4,12,12,3,9,888.000,9,0,0,3496681472
1031,6.605084918,15.695008,13.565122,4,12,12,3,9,888.000,9,0,0,3496697856
1032,6.623305600,18.220682,15.483393,4,12,12,3,9,888.000,9,0,0,3496697856
1033,6.640867189,17.561589,18.208823,4,12,12,3,9,888.000,9,0,0,3496697856
1034,6.657642880,16.775691,17.626499,4,12,12,3,9,888.000,9,0,0,3496706048
1035,6.674364299,16.721419,16.831002,4,12,12,3,9,888.000,9,0,0,3496706048
1036,6.690410895,16.046596,16.662849,4,12,12,3,9,888.000,9,0,0,3496706048
1037,6.706770657,16.359762,16.037755,4,12,12,3,9,888.000,9,0,0,3496706048
1038,6.722129798,15.359141,16.449644,4,12,12,3,9,888.000,9,0,0,3496706048
1039,6.736610420,14.480622,15.243458,4,12,12,3,9,888.000,9,0,0,3496706048
1040,6.753529743,16.919323,14.543873,4,12,12,3,9,888.000,9,0,0,3495657472
1041,6.768462775,14.933032,16.925905,4,12,12,3,9,888.000,9,0,0,3495657472
1042,6.783435797,14.973022,15.000733,4,12,12,3,9,888.000,9,0,0,3495657472
1043,6.798147824,14.712027,14.856620,4,12,12,3,9,888.000,9,0,0,3495657472
1044,6.813822592,15.674768,14.707165,4,12,12,3,9,888.000,9,0,0,3495657472
1045,6.829538609,15.716017,15.675768,4,12,12,3,9,888.000,9,0,0,3495657472
1046,6.845369010,15.830401,15.719459,4,12,12,3,9,888.000,9,0,0,3495686144
1047,6.861545998,16.176988,15.824311,4,12,12,3,9,888.000,9,0,0,3495710720
1048,6.877463781,15.917783,16.224639,4,12,12,3,9,888.000,9,0,0,3495710720
1049,6.892645267,15.181486,15.848631,4,12,12,3,9,888.000,9,0,0,3495710720
1050,6.908949049,16.303782,15.234618,4,12,12,3,9,888.000,9,0,0,3495710720
1051,6.924873192,15.924143,16.257339,4,12,12,3,9,888.000,9,0,0,3495710720
1052,6.941341816,16.468624,16.009695,4,12,12,3,9,888.000,9,0,0,3495710720
1053,6.958594837,17.253021,17.253301,4,12,12,3,9,888.000,9,0,0,3495723008
1054,6.972791173,14.196336,16.423784,4,12,12,3,9,888.000,9,0,0,3495723008
1055,6.987782316,14.991143,14.153555,4,12,12,3,9,888.000,9,0,0,3495723008
1056,7.002905692,15.123376,14.986882,4,12,12,3,9,846.000,9,0,0,3495751680
1057,7.019711063,16.805371,15.137726,4,12,12,3,9,846.000,9,0,0,3496824832
1058,7.037561447,17.850384,16.844493,4,12,12,3,9,846.000,9,0,0,3497873408
1059,7.054611604,17.050157,17.820253,4,12,12,3,9,846.000,9,0,0,3498921984
1060,7.071997189,17.385585,17.028927,4,12,12,3,9,846.000,9,0,0,3499970560
1061,7.088618316,16.621127,17.383144,4,12,12,3,9,846.000,17,0,0,3501019136
1062,7.105053070,16.434754,16.621968,4,12,12,3,9,846.000,18,0,0,3502067712
1063,7.120324989,15.271919,16.406263,4,12,12,3,9,846.000,18,0,0,3502084096
1064,7.135455424,15.130435,15.266188,4,12,12,3,9,846.000,18,0,0,3502088192
1065,7.150584450,15.129026,15.132657,4,12,12,3,9,846.000,18,0,0,3502088192
1066,7.165665044,15.080594,15.152426,4,12,12,3,9,846.000,18,0,0,3502141440
1067,7.181251050,15.586006,15.071794,4,12,12,3,9,846.000,18,0,0,3502153728
1068,7.197077801,15.826751,15.564874,4,12,12,3,9,846.000,18,0,0,3502161920
1069,7.212480562,15.402761,15.839072,4,12,12,3,9,846.000,18,0,0,3502161920
1070,7.228628150,16.147588,15.388121,4,12,12,3,9,846.000,18,0,0,3502161920
1071,7.243635253,15.007103,16.279951,4,12,12,3,9,846.000,18,0,0,3502166016
1072,7.258759228,15.123975,14.887830,4,12,12,3,9,846.000,18,0,0,3502166016
1073,7.273055806,14.296578,15.140006,4,12,12,3,9,846.000,18,0,0,3502170112
1074,7.288549389,15.493583,14.288917,4,12,12,3,9,846.000,18,0,0,3502174208
1075,7.304297359,15.747970,15.463844,4,12,12,3,9,846.000,18,0,0,3502174208
1076,7.318846452,14.549093,15.742298,4,12,12,3,9,846.000,18,0,0,3502174208
1077,7.334390086,15.543634,14.599094,4,12,12,3,9,846.000,18,0,0,3502174208
1078,7.350021033,15.630947,15.464633,4,12,12,3,9,846.000,18,0,0,3502174208
1079,7.366278563,16.257530,15.633147,4,12,12,3,9,846.000,18,0,0,3502174208
1080,7.384402983,18.124420,16.299140,4,12,12,3,9,846.000,18,0,0,3502174208
1081,7.400185273,15.782290,18.077049,4,12,12,3,9,846.000,18,0,0,3502174208
1082,7.415617845,15.432572,15.843901,4,12,12,3,9,846.000,18,0,0,3502174208
1083,7.431218121,15.600276,15.462944,4,12,12,3,9,846.000,18,0,0,3502174208
1084,7.446381377,15.163256,15.585375,4,12,12,3,9,846.000,18,0,0,3502174208
1085,7.462433042,16.051665,15.158496,4,12,12,3,9,846.000,18,0,0,3502174208
1086,7.477387604,14.954562,16.085366,4,12,12,3,9,846.000,18,0,0,3502174208
1087,7.494282108,16.894504,14.924431,4,12,12,3,9,846.000,18,0,0,3502174208
1088,7.508904843,14.622735,16.872484,4,12,12,3,9,846.000,18,0,0,3502174208
1089,7.524038479,15.133636,14.624285,4,12,12,3,9,846.000,18,0,0,3502174208
1090,7.539938661,15.900182,15.209937,4,12,12,3,9,846.000,18,0,0,3502174208
1091,7.556671581,16.732920,15.835731,4,12,12,3,9,846.000,18,0,0,3502174208
1092,7.573481763,16.810182,16.763071,4,12,12,3,9,846.000,18,0,0,3502174208
1093,7.589351114,15.869351,16.782380,4,12,12,3,9,846.000,18,0,0,3502174208
1094,7.607129587,17.778473,15.849582,4,12,12,3,9,846.000,18,0,0,3502174208
1095,7.624289186,17.159599,17.820614,4,12,12,3,9,846.000,18,0,0,3502174208
1096,7.641352214,17.063028,17.135648,4,12,12,3,9,846.000,18,0,0,3502174208
1097,7.661743942,20.391728,17.058387,4,12,12,3,9,846.000,18,0,0,3502178304
1098,7.679300890,17.556948,20.380440,4,12,12,3,9,846.000,18,0,0,3502178304
1099,7.696720265,17.419375,17.521266,4,12,12,3,9,846.000,18,0,0,3502182400
1100,7.714064489,17.344224,17.562599,4,12,12,3,9,846.000,18,0,0,3502182400
1101,7.730648295,16.583806,17.294272,4,12,12,3,9,846.000,18,0,0,3502182400
1102,7.747851955,17.203660,16.595277,4,12,12,3,9,846.000,18,0,0,3502182400
1103,7.764142557,16.290602,17.228341,4,12,12,3,9,846.000,18,0,0,3502182400
1104,7.779548248,15.405691,16.305210,4,12,12,3,9,846.000,18,0,0,3502182400
1105,7.795569033,16.020785,15.275509,4,12,12,3,9,846.000,18,0,0,3502182400
1106,7.811480555,15.911522,15.974794,4,12,12,3,9,846.000,18,0,0,3502182400
1107,7.826566850,15.086295,15.922553,4,12,12,3,9,846.000,18,0,0,3502182400
1108,7.842019623,15.452773,15.068734,4,12,12,3,9,846.000,18,0,0,3502182400
1109,7.857424504,15.404881,15.446583,4,12,12,3,9,846.000,18,0,0,3502182400
1110,7.873867828,16.443324,15.407341,4,12,12,3,9,846.000,18,0,0,3502182400
1111,7.888864171,14.996343,16.462555,4,12,12,3,9,846.000,18,0,0,3502182400
1112,7.905716574,16.852403,15.157846,4,12,12,3,9,804.000,18,0,0,3502186496
1113,7.921548415,15.831841,16.796592,4,12,12,3,9,804.000,18,0,0,3502190592
1114,7.938392997,16.844582,15.793029,4,12,12,3,9,804.000,18,0,0,3502194688
1115,7.955112167,16.719170,16.850483,4,12,12,3,9,804.000,18,0,0,3502194688
1116,7.971985290,16.873123,16.869643,4,12,12,3,9,804.000,18,0,0,3502194688
1117,7.988072697,16.087407,16.834903,4,12,12,3,9,804.000,18,0,0,3502194688
1118,8.005147824,17.075127,16.072486,4,12,12,3,9,804.000,18,0,0,3502194688
1119,8.020015504,14.867680,17.095788,4,12,12,3,9,804.000,18,0,0,3502194688
1120,8.035746722,15.731218,14.838699,4,12,12,3,9,804.000,18,0,0,3502194688
1121,8.051191545,15.444823,15.783560,4,12,12,3,9,804.000,18,0,0,3502194688
1122,8.065807009,14.615464,15.367450,4,12,12,3,9,804.000,26,0,0,3502198784
1123,8.081862285,16.055276,14.636856,4,12,12,3,9,804.000,27,0,0,3502198784
1124,8.097315208,15.452923,16.053135,4,12,12,3,9,804.000,27,0,0,3502198784
1125,8.115783655,18.468447,15.402402,4,12,12,3,9,804.000,27,0,0,3502198784
1126,8.132734060,16.950405,18.541579,4,12,12,3,9,804.000,27,0,0,3502198784
1127,8.149906030,17.171970,16.946435,4,12,12,3,9,804.000,27,0,0,3502198784
1128,8.166914446,17.008416,17.153909,4,12,12,3,9,804.000,27,0,0,3502202880
1129,8.183861400,16.946954,17.047387,4,12,12,3,9,804.000,27,0,0,3502202880
1130,8.201769386,17.907986,16.943075,4,12,12,3,9,804.000,27,0,0,3502202880
1131,8.218384624,16.615238,17.973666,4,12,12,3,9,804.000,27,0,0,3502206976
1132,8.236847021,18.462397,16.550096,4,12,12,3,9,804.000,27,0,0,3502206976
1133,8.253536120,16.689099,18.450918,4,12,12,3,9,804.000,27,0,0,3502206976
1134,8.270310812,16.774692,16.673648,4,12,12,3,9,804.000,27,0,0,3502206976
1135,8.285954278,15.643466,16.701430,4,12,12,3,9,804.000,27,0,0,3502206976
1136,8.301468262,15.513984,15.711608,4,12,12,3,9,804.000,27,0,0,3502206976
1137,8.317350754,15.882492,15.462083,4,12,12,3,9,804.000,27,0,0,3502206976
1138,8.333334258,15.983504,15.871591,4,12,12,3,9,804.000,27,0,0,3502206976
1139,8.350016847,16.682589,15.985404,4,12,12,3,9,804.000,27,0,0,3502206976
1140,8.365562632,15.545785,16.685960,4,12,12,3,9,804.000,27,0,0,3502211072
1141,8.381399773,15.837141,15.586995,4,12,12,3,9,804.000,27,0,0,3502211072
1142,8.396972147,15.572374,15.793280,4,12,12,3,9,804.000,27,0,0,3502211072
1143,8.413206407,16.234260,15.567846,4,12,12,3,9,804.000,27,0,0,3502211072
1144,8.429633421,16.427014,16.222359,4,12,12,3,9,804.000,27,0,0,3502211072
1145,8.444826708,15.193287,16.460993,4,12,12,3,9,804.000,27,0,0,3502211072
1146,8.459806510,14.979802,15.188207,4,12,12,3,9,804.000,27,0,0,3502211072
1147,8.474186999,14.380489,14.989923,4,12,12,3,9,804.000,27,0,0,3502211072
1148,8.488938217,14.751218,14.348589,4,12,12,3,9,804.000,27,0,0,3502211072
1149,8.504518623,15.580406,14.783709,4,12,12,3,9,804.000,27,0,0,3502211072
1150,8.519163467,14.644844,15.541574,4,12,12,3,9,804.000,27,0,0,3502211072
1151,8.533186639,14.023172,14.652915,4,12,12,3,9,804.000,27,0,0,3502211072
1152,8.547973098,14.786459,13.975921,4,12,12,3,9,804.000,27,0,0,3502211072
1153,8.563544393,15.571295,14.853240,4,12,12,3,9,804.000,27,0,0,3502211072
1154,8.579539607,15.995214,15.575855,4,12,12,3,9,804.000,27,0,0,3502211072
1155,8.595710675,16.171068,15.997714,4,12,12,3,9,804.000,27,0,0,3502211072
1156,8.612279851,16.569176,16.177428,4,12,12,3,9,804.000,27,0,0,3502211072
1157,8.627309246,15.029395,16.700510,4,12,12,3,9,804.000,27,0,0,3502211072
1158,8.643180187,15.870941,14.921361,4,12,12,3,9,804.000,27,0,0,3502231552
1159,8.659187641,16.007454,15.758770,4,12,12,3,9,804.000,27,0,0,3502235648
1160,8.674903040,15.715399,16.009954,4,12,12,3,9,804.000,27,0,0,3502235648
1161,8.690277340,15.374300,15.738538,4,12,12,3,9,804.000,27,0,0,3502235648
1162,8.706392278,16.114938,15.336441,4,12,12,3,9,804.000,27,0,0,3502235648
1163,8.724497618,18.105340,16.217769,4,12,12,3,9,768.000,27,0,0,3502247936
1164,8.741803940,17.306322,18.151320,4,12,12,3,9,768.000,27,0,0,3502284800
1165,8.759024560,17.220620,17.283842,4,12,12,3,9,768.000,27,0,0,3502284800
1166,8.774462643,15.438083,17.202431,4,12,12,3,9,768.000,27,0,0,3502288896
1167,8.790596620,16.133977,15.534594,4,12,12,3,9,768.000,27,0,0,3502317568
1168,8.807840031,17.243411,16.154968,4,12,12,3,9,726.000,27,0,0,3502346240
1169,8.826409041,18.569010,17.205620,4,12,12,3,9,726.000,27,0,0,3502473216
1170,8.839638576,13.229535,18.480718,4,12,12,3,9,726.000,27,0,0,3502477312
1171,8.854661619,15.023043,13.223704,4,12,12,3,9,726.000,27,0,0,3502477312
1172,8.870741525,16.079906,15.013003,4,12,12,3,9,726.000,27,0,0,3502477312
1173,8.886234678,15.493153,16.091117,4,12,12,3,9,726.000,27,0,0,3502481408
1174,8.900819662,14.584984,15.443793,4,12,12,3,9,726.000,27,0,0,3502481408
1175,8.916382297,15.562635,14.592863,4,12,12,3,9,726.000,27,0,0,3502485504
1176,8.932485824,16.103527,15.542085,4,12,12,3,9,726.000,27,0,0,3502485504
1177,8.948409796,15.923972,16.142647,4,12,12,3,9,726.000,27,0,0,3502485504
1178,8.963182304,14.772508,15.917603,4,12,12,3,9,726.000,27,0,0,3502493696
1179,8.977654936,14.472632,14.769348,4,12,12,3,9,726.000,27,0,0,3502510080
1180,8.992695140,15.040204,14.486802,4,12,12,3,9,726.000,30,0,0,3502526464
1181,9.008129752,15.434612,15.010843,4,12,12,3,9,726.000,30,0,0,3502538752
1182,9.024816691,16.686939,15.298489,4,12,12,3,9,726.000,30,0,0,3502538752
1183,9.040180762,15.364071,16.702039,4,12,12,3,9,726.000,30,0,0,3502542848
1184,9.054768876,14.588114,15.523735,4,12,12,3,9,726.000,35,0,0,3502542848
1185,9.070136506,15.367630,14.600404,4,12,12,3,9,726.000,36,0,0,3502542848
1186,9.086693613,16.557107,15.353351,4,12,12,3,9,726.000,36,0,0,3502542848
1187,9.101646445,14.952832,16.535255,4,12,12,3,9,726.000,36,0,0,3502542848
1188,9.116433553,14.787108,14.946402,4,12,12,3,9,726.000,36,0,0,3502542848
1189,9.133742456,17.308903,14.761108,4,12,12,3,9,726.000,36,0,0,3502542848
1190,9.151678852,17.936396,17.443785,4,12,12,3,9,726.000,36,0,0,3502542848
1191,9.167701017,16.022165,17.823124,4,12,12,3,9,726.000,36,0,0,3502542848
1192,9.183482896,15.781879,16.017234,4,12,12,3,9,726.000,36,0,0,3502542848
1193,9.199032241,15.549345,15.747600,4,12,12,3,9,726.000,36,0,0,3502542848
1194,9.216651121,17.618880,15.569934,4,12,12,3,9,726.000,36,0,0,3502542848
1195,9.233162225,16.511104,17.640090,4,12,12,3,9,726.000,36,0,0,3502542848
1196,9.248348572,15.186347,16.468034,4,12,12,3,9,726.000,36,0,0,3502542848
1197,9.263090330,14.741758,15.180828,4,12,12,3,9,726.000,36,0,0,3502542848
1198,9.278072692,14.982362,14.765837,4,12,12,3,9,726.000,36,0,0,3502542848
1199,9.292776059,14.703367,14.959762,4,12,12,3,9,726.000,36,0,0,3502542848
1200,9.307236580,14.460521,14.761398,4,12,12,3,9,726.000,36,0,0,3502542848
1201,9.321455295,14.218715,14.413920,4,12,12,3,9,726.000,36,0,0,3502546944
1202,9.335637012,14.181717,14.244347,4,12,12,3,9,726.000,36,0,0,3502546944
1203,9.350176764,14.539752,14.171165,4,12,12,3,9,726.000,36,0,0,3502546944
1204,9.366086146,15.909382,14.513432,4,12,12,3,9,726.000,36,0,0,3502546944
1205,9.382708925,16.622779,15.925333,4,12,12,3,9,726.000,36,0,0,3502546944
1206,9.400489087,17.780162,16.647208,4,12,12,3,9,726.000,36,0,0,3502551040
1207,9.419007696,18.518609,17.820654,4,12,12,3,9,726.000,36,0,0,3502551040
1208,9.436954312,17.946616,18.546049,4,12,12,3,9,726.000,36,0,0,3502551040
1209,9.454707524,17.753212,17.769622,4,12,12,3,9,726.000,36,0,0,3502551040
1210,9.470962454,16.254930,17.865545,4,12,12,3,9,726.000,36,0,0,3502551040
1211,9.487457499,16.495045,16.147027,4,12,12,3,9,726.000,36,0,0,3502551040
1212,9.503792371,16.334872,16.451485,4,12,12,3,9,726.000,36,0,0,3502551040
1213,9.519521699,15.729328,16.339152,4,12,12,3,9,726.000,36,0,0,3502551040
1214,9.535775579,16.253880,15.737118,4,12,12,3,9,726.000,36,0,0,3502551040
1215,9.553309566,17.533987,16.273690,4,12,12,3,9,726.000,36,0,0,3502551040
1216,9.569691309,16.381743,17.513047,4,12,12,3,9,726.000,36,0,0,3502551040
1217,9.586166123,16.474814,16.486235,4,12,12,3,9,726.000,36,0,0,3502551040
1218,9.602697920,16.531797,16.441464,4,12,12,3,9,726.000,36,0,0,3502551040
1219,9.619098252,16.400332,16.705269,4,12,12,3,9,726.000,36,0,0,3502551040
1220,9.635843773,16.745521,16.320231,4,12,12,3,9,726.000,36,0,0,3502559232
1221,9.652119803,16.276030,16.773292,4,12,12,3,9,726.000,36,0,0,3502559232
1222,9.668144708,16.024905,16.222629,4,12,12,3,9,690.000,36,0,0,3502559232
1223,9.684478299,16.333591,16.054715,4,12,12,3,9,690.000,36,0,0,3502559232
1224,9.703558360,19.080061,16.313192,4,12,12,3,9,690.000,36,0,0,3502559232
1225,9.722557409,18.999049,19.103731,4,9,12,3,6,648.000,36,0,0,3502612480
1226,9.743930179,21.372770,19.002329,4,9,12,3,6,648.000,36,0,0,3502641152
1227,9.761100139,17.169960,21.335819,4,9,12,3,6,648.000,36,0,0,3502641152
1228,9.779793601,18.693462,17.160769,4,9,12,3,6,648.000,36,0,0,3502641152
1229,9.798784260,18.990659,18.741544,4,9,12,3,6,648.000,36,0,0,3502653440
1230,9.816174824,17.390564,19.003689,4,9,12,3,6,648.000,36,0,0,3502653440
1231,9.833562478,17.387654,17.354363,4,9,12,3,6,648.000,36,0,0,3502653440
1232,9.850320529,16.758051,17.411255,4,9,12,3,6,648.000,36,0,0,3502653440
1233,9.866232341,15.911812,16.765400,4,9,12,3,6,648.000,36,0,0,3502653440
1234,9.882705605,16.473264,15.879222,4,9,12,3,6,648.000,36,0,0,3502653440
1235,9.898465865,15.760260,16.516806,4,9,12,3,6,648.000,41,0,0,3502653440
1236,9.914679704,16.213839,15.716199,4,9,12,3,6,648.000,42,0,0,3502653440
1237,9.929733867,15.054163,16.268390,4,9,12,3,6,648.000,42,0,0,3502653440
1238,9.945956367,16.222500,15.016733,4,9,12,3,6,648.000,42,0,0,3502653440
1239,9.962847901,16.891534,16.203998,4,9,12,3,6,648.000,42,0,0,3502653440
1240,9.979245174,16.397273,16.956525,4,9,12,3,6,648.000,42,0,0,3502653440
1241,9.995634386,16.389212,16.325321,4,9,12,3,6,648.000,42,0,0,3502669824
1242,10.012766555,17.132169,16.440295,4,9,12,3,6,648.000,42,0,0,3502678016
1243,10.030134899,17.368344,17.114258,4,9,12,3,6,648.000,42,0,0,3502682112
1244,10.046481430,16.346531,17.353053,4,9,12,3,6,648.000,42,0,0,3502682112
1245,10.061737709,15.256279,16.342113,4,9,12,3,6,648.000,42,0,0,3502702592
1246,10.077047939,15.310230,15.275888,4,9,12,3,6,648.000,42,0,0,3502714880
1247,10.093683276,16.635337,15.479723,4,9,12,3,6,648.000,42,0,0,3502714880
1248,10.106370320,12.687044,16.627188,4,9,12,3,6,648.000,42,0,0,3502718976
1249,10.120661677,14.291357,12.597641,4,9,12,3,6,648.000,42,0,0,3502723072
1250,10.135598848,14.937171,14.236177,4,9,12,3,6,648.000,42,0,0,3502727168
1251,10.150797605,15.198757,14.902011,4,9,12,3,6,648.000,42,0,0,3502727168
1252,10.165807328,15.009723,15.447452,4,9,12,3,6,648.000,42,0,0,3502735360
1253,10.182262523,16.455195,14.905331,4,9,12,3,6,648.000,42,0,0,3502739456
1254,10.197288757,15.026234,16.369581,4,9,12,3,6,648.000,42,0,0,3502743552
1255,10.212409732,15.120975,15.033344,4,9,12,3,6,648.000,42,0,0,3502743552
1256,10.228185822,15.776090,15.238569,4,9,12,3,6,648.000,42,0,0,3502743552
1257,10.243790107,15.604285,15.719957,4,9,12,3,6,648.000,42,0,0,3502743552
1258,10.259193429,15.403322,15.663038,4,9,12,3,6,648.000,42,0,0,3502743552
1259,10.275788086,16.594657,15.173136,4,9,12,3,6,648.000,42,0,0,3502747648
1260,10.292058627,16.270541,16.642069,4,9,12,3,6,648.000,42,0,0,3502747648
1261,10.307702203,15.643576,16.338621,4,9,12,3,6,648.000,42,0,0,3502747648
1262,10.324201698,16.499495,15.560146,4,9,12,3,6,648.000,42,0,0,3502747648
1263,10.340575720,16.374022,16.459573,4,9,12,3,6,648.000,42,0,0,3502747648
1264,10.357267960,16.692240,16.365192,4,9,12,3,6,648.000,42,0,0,3502747648
1265,10.373782665,16.514705,16.735621,4,9,12,3,6,648.000,42,0,0,3502747648
1266,10.391633289,17.850624,16.591797,4,9,12,3,6,648.000,42,0,0,3502747648
1267,10.408562394,16.929105,17.813904,4,9,12,3,6,648.000,42,0,0,3502776320
1268,10.426638083,18.075689,16.934503,4,9,12,3,6,648.000,42,0,0,3502776320
1269,10.444643310,18.005227,18.272974,4,9,12,3,6,648.000,42,0,0,3502776320
1270,10.461420951,16.777641,17.956517,4,9,12,3,6,648.000,42,0,0,3502776320
1271,10.478194103,16.773152,16.661968,4,9,12,3,6,648.000,42,0,0,3502776320
1272,10.496316483,18.122380,16.784991,4,9,12,3,6,648.000,42,0,0,3502776320
1273,10.510686772,14.370289,18.014608,4,9,12,3,6,648.000,42,0,0,3502776320
1274,10.527446562,16.759790,14.498983,4,9,12,3,6,648.000,42,0,0,3502776320
1275,10.543976038,16.529476,16.811381,4,9,12,3,6,648.000,42,0,0,3502776320
1276,10.558819387,14.843349,16.386043,4,9,12,3,6,648.000,42,0,0,3502780416
1277,10.573466323,14.646936,14.854070,4,9,12,3,6,648.000,42,0,0,3502780416
1278,10.587236390,13.770067,14.763707,4,9,12,3,6,648.000,42,0,0,3502780416
1279,10.600320351,13.083961,13.896759,4,9,12,3,6,648.000,42,0,0,3502780416
1280,10.612239828,11.919477,12.921978,4,9,12,3,6,648.000,42,0,0,3502780416
1281,10.624985821,12.745993,11.976518,4,9,12,3,6,606.000,42,0,0,3502780416
1282,10.635990468,11.004647,12.622552,4,9,12,3,6,606.000,42,0,0,3501228032
1283,10.649616182,13.625714,10.970156,4,9,12,3,6,606.000,42,0,0,3494854656
1284,10.661624770,12.008588,13.648083,4,9,12,3,6,606.000,42,0,0,3494858752
1285,10.675002028,13.377258,12.027399,4,9,12,3,6,606.000,42,0,0,3494858752
1286,10.688800535,13.798507,13.328808,4,9,12,3,6,606.000,42,0,0,3494862848
1287,10.704583925,15.783390,13.679433,4,9,12,3,6,606.000,42,0,0,3494862848
1288,10.720720272,16.136347,15.750269,4,9,12,3,6,606.000,42,0,0,3494862848
1289,10.734238933,13.518661,16.218209,4,9,12,3,6,606.000,42,0,0,3494862848
1290,10.748787436,14.548503,13.441240,4,9,12,3,6,606.000,42,0,0,3494862848
1291,10.762782967,13.995531,14.571793,4,9,12,3,6,606.000,42,0,0,3494862848
1292,10.775306247,12.523280,13.985231,4,9,12,3,6,606.000,42,0,0,3494862848
1293,10.788352178,13.045931,12.513160,4,9,12,3,6,606.000,42,0,0,3494862848
1294,10.800516850,12.164672,13.039801,4,9,12,3,6,606.000,42,0,0,3494862848
1295,10.814848618,14.331768,12.166451,4,9,12,3,6,606.000,42,0,0,3494862848
1296,10.826618551,11.769933,14.352759,4,9,12,3,6,606.000,42,0,0,3494862848
1297,10.839123571,12.505020,11.735633,4,9,12,3,6,606.000,42,0,0,3494862848
1298,10.851719881,12.596310,12.506889,4,9,12,3,6,606.000,42,0,0,3494862848
1299,10.863731290,12.011409,12.609271,4,9,12,3,6,606.000,42,0,0,3494862848
1300,10.876059915,12.328625,12.040459,4,9,12,3,6,606.000,42,0,0,3494862848
1301,10.887890990,11.831075,12.277195,4,9,12,3,6,606.000,47,0,0,3494862848
1302,10.899081640,11.190650,11.835374,4,9,12,3,6,606.000,48,0,0,3494862848
1303,10.911136431,12.054791,11.190292,4,9,12,3,6,606.000,48,0,0,3494871040
1304,10.922804901,11.668470,12.068419,4,9,12,3,6,606.000,48,0,0,3494871040
1305,10.934675227,11.870326,11.678991,4,9,12,3,6,606.000,48,0,0,3494871040
1306,10.947273568,12.598341,11.865526,4,9,12,3,6,606.000,48,0,0,3494875136
1307,10.960132074,12.858506,12.586991,4,9,12,3,6,606.000,48,0,0,3494875136
1308,10.969953016,9.820942,12.861307,4,9,12,3,6,606.000,48,0,0,3494875136
1309,10.985058851,15.105835,9.829901,4,9,12,3,6,606.000,48,0,0,3494875136
1310,10.998767586,13.708735,15.101046,4,9,12,3,6,606.000,48,0,0,3494875136
1311,11.013476013,14.708427,13.701504,4,9,12,3,6,606.000,48,0,0,3494875136
1312,11.026772679,13.296666,14.695656,4,9,12,3,6,606.000,48,0,0,3494875136
1313,11.040581906,13.809227,13.478730,4,9,12,3,6,606.000,48,0,0,3494875136
1314,11.054345473,13.763567,13.797627,4,9,12,3,6,606.000,48,0,0,3494875136
1315,11.066900272,12.554799,13.731306,4,9,12,3,6,606.000,48,0,0,3494875136
1316,11.078733307,11.833035,12.577021,4,9,12,3,6,606.000,48,0,0,3494875136
1317,11.090618623,11.885316,11.876685,4,9,12,3,6,606.000,48,0,0,3494875136
1318,11.103575862,12.957239,11.859545,4,9,12,3,6,606.000,48,0,0,3494875136
1319,11.115926188,12.350326,12.964179,4,9,12,3,6,606.000,48,0,0,3494875136
1320,11.127107238,11.181050,12.356957,4,9,12,3,6,606.000,48,0,0,3494875136
1321,11.139099016,11.991778,11.147200,4,9,12,3,6,606.000,48,0,0,3494875136
1322,11.150966822,11.867806,12.010828,4,9,12,3,6,606.000,48,0,0,3494875136
1323,11.163248947,12.282125,11.854955,4,9,12,3,6,606.000,48,0,0,3494875136
1324,11.176245397,12.996450,12.272444,4,9,12,3,6,606.000,48,0,0,3494875136
1325,11.187958868,11.713471,13.097092,4,9,12,3,6,606.000,48,0,0,3494875136
1326,11.199971787,12.012919,11.610530,4,9,12,3,6,606.000,48,0,0,3494875136
1327,11.211940844,11.969057,12.009879,4,9,12,3,6,606.000,48,0,0,3494875136
1328,11.224402183,12.461339,11.961117,4,9,12,3,6,606.000,48,0,0,3494879232
1329,11.236286149,11.883966,12.478718,4,9,12,3,6,606.000,48,0,0,3494879232
1330,11.248797788,12.511639,11.888966,4,9,12,3,6,606.000,48,0,0,3494879232
1331,11.260958239,12.160451,12.559630,4,9,12,3,6,606.000,48,0,0,3494879232
1332,11.273352186,12.393947,12.125412,4,9,12,3,6,606.000,48,0,0,3494879232
1333,11.286586291,13.234105,12.455748,4,9,12,3,6,606.000,48,0,0,3494879232
1334,11.298005836,11.419545,13.170913,4,9,12,3,6,606.000,48,0,0,3494879232
1335,11.310005005,11.999169,11.399066,4,9,12,3,6,606.000,48,0,0,3494879232
1336,11.322212297,12.207292,11.984108,4,9,12,3,6,606.000,48,0,0,3494879232
1337,11.336591827,14.379530,12.218123,4,9,12,3,6,606.000,48,0,0,3494879232
1338,11.350196140,13.604313,14.410189,4,9,12,3,6,606.000,48,0,0,3494879232
1339,11.364648261,14.452121,13.558273,4,9,12,3,6,606.000,48,0,0,3494879232
1340,11.378095310,13.447049,14.487101,4,9,12,3,6,606.000,48,0,0,3494879232
1341,11.391615261,13.519951,13.448310,4,9,12,3,6,606.000,48,0,0,3494879232
1342,11.404046839,12.431578,13.518430,4,9,12,3,6,606.000,48,0,0,3494883328
1343,11.420376871,16.330032,12.408588,4,9,12,3,6,606.000,48,0,0,3494883328
1344,11.435113037,14.736166,16.367622,4,9,12,3,6,606.000,48,0,0,3494883328
1345,11.449626000,14.512963,14.712217,4,9,12,3,6,606.000,48,0,0,3494883328
1346,11.464391798,14.765798,14.541372,4,9,12,3,6,606.000,48,0,0,3494883328
1347,11.480669218,16.277420,14.731788,4,9,12,3,6,606.000,48,0,0,3494883328
1348,11.497020580,16.351362,16.305720,4,9,12,3,6,606.000,48,0,0,3494883328
1349,11.513116686,16.096106,16.330722,4,9,12,3,6,606.000,48,0,0,3494883328
1350,11.528705182,15.588496,16.169548,4,9,12,3,6,564.000,48,0,0,3494883328
1351,11.543830687,15.125505,15.636056,4,9,12,3,6,564.000,48,0,0,3494883328
1352,11.559691799,15.861112,15.059664,4,9,12,3,6,564.000,48,0,0,3494891520
1353,11.575562261,15.870462,15.896502,4,9,12,3,6,564.000,48,0,0,3494891520
1354,11.590698176,15.135915,15.922423,4,9,12,3,6,564.000,48,0,0,3494891520
1355,11.606751532,16.053356,14.980633,4,9,12,3,6,564.000,48,0,0,3494891520
1356,11.622389229,15.637697,16.140027,4,9,12,3,6,564.000,48,0,0,3494891520
1357,11.638320430,15.931201,15.568665,4,9,12,3,6,564.000,48,0,0,3494891520
1358,11.653212511,14.892081,15.985624,4,9,12,3,6,564.000,48,0,0,3494895616
1359,11.668502381,15.289870,14.844290,4,9,12,3,6,564.000,48,0,0,3494899712
1360,11.685083937,16.581556,15.276179,4,9,12,3,6,564.000,48,0,0,3494899712
1361,11.702226366,17.142429,16.577456,4,9,12,3,6,564.000,48,0,0,3494899712
1362,11.718969407,16.743041,17.134989,4,9,12,3,6,564.000,48,0,0,3494903808
1363,11.734495861,15.526454,16.771321,4,9,12,3,6,564.000,48,0,0,3494907904
1364,11.751317992,16.822131,15.509814,4,9,12,3,6,564.000,48,0,0,3494907904
1365,11.766088881,14.770889,16.816902,4,9,12,3,6,564.000,48,0,0,3494912000
1366,11.782129426,16.040545,14.772117,4,9,12,3,6,564.000,48,0,0,3494916096
1367,11.798172951,16.043525,16.050217,4,9,12,3,6,564.000,48,0,0,3494920192
1368,11.813988072,15.815121,16.074645,4,9,12,3,6,564.000,48,0,0,3494920192
1369,11.830602110,16.614038,15.716828,4,9,12,3,6,564.000,48,0,0,3494924288
1370,11.847204046,16.601936,16.657809,4,9,12,3,6,564.000,48,0,0,3494928384
1371,11.863078428,15.874382,16.543265,4,9,12,3,6,564.000,48,0,0,3494932480
1372,11.880849941,17.771513,16.033986,4,9,12,3,6,564.000,52,0,0,3494932480
1373,11.899612055,18.762114,17.697441,4,9,12,3,6,564.000,53,0,0,3494936576
1374,11.920001833,20.389778,18.802944,4,9,12,3,6,564.000,54,0,0,3494944768
1375,11.937594482,17.592649,20.500251,4,9,12,3,6,564.000,54,0,0,3494944768
1376,11.953907293,16.312811,17.485087,4,9,12,3,6,564.000,54,0,0,3494952960
1377,11.972289528,18.382235,16.283160,4,9,12,3,6,564.000,54,0,0,3494957056
1378,11.989707854,17.418326,18.385336,4,9,12,3,6,564.000,54,0,0,3494961152
1379,12.005409471,15.701617,17.437665,4,9,12,3,6,564.000,54,0,0,3494965248
1380,12.023221464,17.811993,15.660948,4,9,12,3,6,564.000,54,0,0,3494969344
1381,12.038509703,15.288239,17.822813,4,9,12,3,6,564.000,54,0,0,3494973440
1382,12.054654812,16.145109,15.259579,4,9,12,3,6,564.000,54,0,0,3494981632
1383,12.070338488,15.683676,16.179628,4,9,12,3,6,564.000,54,0,0,3494985728
1384,12.085185018,14.846530,15.651597,4,9,12,3,6,564.000,54,0,0,3494989824
1385,12.100116220,14.931202,14.837538,4,9,12,3,6,564.000,54,0,0,3494989824
1386,12.114241123,14.124903,14.933492,4,9,12,3,6,564.000,54,0,0,3494989824
1387,12.128430049,14.188926,14.110363,4,9,12,3,6,564.000,54,0,0,3494993920
1388,12.142452600,14.022551,14.186007,4,9,12,3,6,564.000,54,0,0,3494993920
1389,12.156954473,14.501873,14.033042,4,9,12,3,6,564.000,54,0,0,3494993920
1390,12.171193849,14.239376,14.540092,4,9,12,3,6,564.000,54,0,0,3494998016
1391,12.185179020,13.985171,14.193025,4,9,12,3,6,564.000,54,0,0,3494998016
1392,12.199195632,14.016612,13.982221,4,9,12,3,6,564.000,54,0,0,3494998016
1393,12.214262336,15.066704,14.020752,4,9,12,3,6,564.000,54,0,0,3495026688
1394,12.226917419,12.655083,15.068634,4,9,12,3,6,564.000,54,0,0,3495026688
1395,12.241497402,14.579983,12.671843,4,9,12,3,6,564.000,54,0,0,3495047168
1396,12.255294519,13.797117,14.567504,4,9,12,3,6,564.000,54,0,0,3495047168
1397,12.269195358,13.900839,13.810966,4,9,12,3,6,564.000,54,0,0,3495047168
1398,12.282234319,13.038961,13.884249,4,9,12,3,6,564.000,54,0,0,3495051264
1399,12.295267429,13.033110,13.031051,4,9,12,3,6,564.000,54,0,0,3495055360
1400,12.308119726,12.852297,13.033680,4,9,12,3,6,564.000,54,0,0,3495055360
1401,12.320546663,12.426937,12.858257,4,9,12,3,6,564.000,54,0,0,3495059456
1402,12.333368359,12.821696,12.427208,4,9,12,3,6,564.000,54,0,0,3495059456
1403,12.345077442,11.709083,12.817406,4,9,12,3,6,564.000,54,0,0,3495059456
1404,12.357113161,12.035719,11.700281,4,9,12,3,6,564.000,54,0,0,3495063552
1405,12.370357605,13.244444,12.035669,4,9,12,3,6,564.000,54,0,0,3495063552
1406,12.382277612,11.920007,13.423020,4,9,12,3,6,564.000,54,0,0,3495067648
1407,12.393644276,11.366664,11.808573,4,9,12,3,6,564.000,54,0,0,3495067648
1408,12.406112565,12.468289,11.395806,4,9,12,3,6,552.000,54,0,0,3495067648
1409,12.417942720,11.830155,12.482498,4,9,12,3,6,552.000,54,0,0,3495071744
1410,12.429843946,11.901226,11.787654,4,9,12,3,6,510.000,54,0,0,3495071744
1411,12.441899446,12.055500,11.895326,4,9,12,3,6,510.000,54,0,0,3495071744
1412,12.454460805,12.561359,12.027169,4,9,12,3,6,510.000,54,0,0,3495075840
1413,12.466374972,11.914167,12.560421,4,9,12,3,6,510.000,54,0,0,3495075840
1414,12.478739289,12.364317,11.918626,4,9,12,3,6,510.000,54,0,0,3495075840
1415,12.491734548,12.995259,12.401707,4,9,12,3,6,510.000,54,0,0,3495079936
1416,12.503142034,11.407486,12.982189,4,9,12,3,6,510.000,54,0,0,3495079936
1417,12.515583401,12.441367,11.378985,4,9,12,3,6,510.000,54,0,0,3495079936
1418,12.529569712,13.986311,12.477149,4,9,12,3,6,510.000,54,0,0,3495079936
1419,12.543766418,14.196706,13.990021,4,9,12,3,6,510.000,54,0,0,3495079936
1420,12.558544555,14.778137,14.180465,4,9,12,3,6,510.000,54,0,0,3495079936
1421,12.572793943,14.249388,14.752238,4,9,12,3,6,510.000,54,0,0,3495079936
1422,12.587304035,14.510092,14.265517,4,9,12,3,6,510.000,54,0,0,3495079936
1423,12.602867370,15.563335,14.478031,4,9,12,3,6,510.000,54,0,0,3495079936
1424,12.617784641,14.917271,15.609326,4,9,12,3,6,510.000,54,0,0,3495079936
1425,12.632966118,15.181477,14.923041,4,9,12,3,6,486.000,54,0,0,3495079936
1426,12.647581542,14.615424,15.168326,4,9,12,3,6,486.000,54,0,0,3495079936
1427,12.661812349,14.230807,14.654626,4,9,12,3,6,486.000,54,0,0,3495079936
1428,12.676608386,14.796037,14.222386,4,9,12,3,6,486.000,54,0,0,3495079936
1429,12.690969856,14.361470,14.875750,4,9,12,3,6,486.000,54,0,0,3495079936
1430,12.704582368,13.612512,14.262777,4,9,12,3,6,486.000,54,0,0,3495079936
1431,12.719072371,14.490003,13.633584,4,9,12,3,6,486.000,54,0,0,3495079936
1432,12.733631853,14.559482,14.445500,4,9,12,3,6,486.000,54,0,0,3495079936
1433,12.748833251,15.201398,14.601055,4,9,12,3,6,486.000,54,0,0,3495079936
1434,12.763168150,14.334899,15.223267,4,9,12,3,6,486.000,54,0,0,3495079936
1435,12.777347035,14.178885,14.337109,4,9,12,3,6,486.000,54,0,0,3495079936
1436,12.792295996,14.948961,14.135314,4,9,12,3,6,486.000,54,0,0,3495079936
1437,12.807898263,15.602267,14.951011,4,9,12,3,6,486.000,57,0,0,3495079936
1438,12.823480307,15.582044,15.589036,4,9,12,3,6,486.000,57,0,0,3495079936
1439,12.837946739,14.466432,15.613247,4,9,12,3,6,486.000,57,0,0,3495079936
1440,12.852495992,14.549253,14.413120,4,9,12,3,6,486.000,58,0,0,3495079936
1441,12.867941405,15.445413,14.539862,4,9,12,3,6,486.000,60,0,0,3495092224
1442,12.884372708,16.431303,15.497224,4,9,12,3,6,486.000,60,0,0,3495092224
1443,12.900867273,16.494565,16.408823,4,9,12,3,6,486.000,60,0,0,3495092224
1444,12.915818884,14.951611,16.534216,4,9,12,3,6,486.000,60,0,0,3495092224
1445,12.931214726,15.395842,14.950682,4,9,12,3,6,486.000,60,0,0,3495092224
1446,12.946593797,15.379071,15.422141,4,9,12,3,6,486.000,60,0,0,3495092224
1447,12.964235177,17.641380,15.352981,4,9,12,3,6,486.000,60,0,0,3495092224
1448,12.981093780,16.858603,17.620369,4,9,12,3,6,486.000,60,0,0,3495092224
1449,12.995927239,14.833459,16.867553,4,9,12,3,6,486.000,60,0,0,3495092224
1450,13.012135438,16.208199,14.826429,4,9,12,3,6,486.000,60,0,0,3495092224
1451,13.030085204,17.949766,16.168398,4,9,12,3,6,486.000,60,0,0,3495092224
1452,13.045814542,15.729338,17.952077,4,9,12,3,6,486.000,60,0,0,3495092224
1453,13.061418678,15.604136,15.756459,4,9,12,3,6,486.000,60,0,0,3495092224
1454,13.078423764,17.005086,15.574615,4,9,12,3,6,486.000,60,0,0,3495092224
1455,13.094413698,15.989934,17.016776,4,9,12,3,6,486.000,60,0,0,3495092224
1456,13.109573944,15.160246,15.996284,4,9,12,3,6,486.000,60,0,0,3495092224
1457,13.125747152,16.173208,15.180568,4,9,12,3,6,486.000,60,0,0,3495092224
1458,13.141633284,15.886132,16.172877,4,9,12,3,6,486.000,60,0,0,3495092224
1459,13.157469045,15.835761,15.893593,4,9,12,3,6,486.000,60,0,0,3495092224
1460,13.172862226,15.393181,15.824119,4,9,12,3,6,486.000,60,0,0,3495092224
1461,13.188774829,15.912603,15.400312,4,9,12,3,6,486.000,60,0,0,3495092224
1462,13.204765923,15.991094,15.923463,4,9,12,3,6,486.000,60,0,0,3495092224
1463,13.221697027,16.931104,16.019785,4,9,12,3,6,486.000,60,0,0,3495092224
1464,13.237500408,15.803381,16.891444,4,9,12,3,6,486.000,60,0,0,3495092224
1465,13.253939891,16.439483,15.781798,4,9,12,3,6,486.000,60,0,0,3495092224
1466,13.269519327,15.579436,16.471475,4,9,12,3,6,474.000,60,0,0,3495092224
1467,13.285557592,16.038265,15.619126,4,9,12,3,6,474.000,60,0,0,3495092224
1468,13.301747340,16.189748,16.012224,4,9,12,3,6,474.000,60,0,0,3495092224
1469,13.318037331,16.289991,16.212290,4,9,12,3,6,474.000,60,0,0,3495092224
1470,13.334023055,15.985724,16.282200,4,9,12,3,6,432.000,60,0,0,3495100416
1471,13.351684445,17.661390,16.001445,4,9,12,3,6,432.000,60,0,0,3495100416
1472,13.368484867,16.800422,17.714841,4,9,12,3,6,432.000,60,0,0,3495100416
1473,13.384650374,16.165507,16.812031,4,9,12,3,6,432.000,60,0,0,3495100416
1474,13.402386826,17.736452,16.072697,4,9,12,3,6,432.000,60,0,0,3495100416
1475,13.419558326,17.171500,17.692300,4,9,12,3,6,432.000,60,0,0,3495100416
1476,13.436966270,17.407944,17.286482,4,9,12,3,6,432.000,60,0,0,3495100416
1477,13.453270362,16.304092,17.346204,4,9,12,3,6,432.000,60,0,0,3495100416
1478,13.469991211,16.720849,16.275960,4,9,12,3,6,432.000,60,0,0,3495100416
1479,13.486624469,16.633258,16.683449,4,9,12,3,6,432.000,60,0,0,3495100416
1480,13.502799337,16.174868,16.666698,4,9,12,3,6,432.000,60,0,0,3495100416
1481,13.520388156,17.588819,16.191290,4,9,12,3,6,432.000,60,0,0,3495100416
1482,13.537753309,17.365153,17.532896,4,9,12,3,6,432.000,60,0,0,3495100416
1483,13.555585603,17.832294,17.399995,4,9,12,3,6,420.000,61,0,0,3495100416
1484,13.572207391,16.621788,17.863004,4,9,12,3,6,420.000,63,0,0,3495100416
1485,13.588816948,16.609557,16.559807,4,9,12,3,6,408.000,63,0,0,3495100416
1486,13.606135732,17.318784,16.638378,4,9,12,3,6,408.000,63,0,0,3495100416
1487,13.622974783,16.839051,17.317963,4,9,12,3,6,408.000,63,0,0,3495100416
1488,13.639547600,16.572817,16.821892,4,9,12,3,6,408.000,63,0,0,3495165952
1489,13.657297292,17.749692,16.631507,4,9,12,3,6,408.000,63,0,0,3495165952
1490,13.674665296,17.368004,17.702081,4,9,12,3,6,408.000,65,0,0,3495165952
1491,13.692055050,17.389754,17.379814,4,9,12,3,6,408.000,65,0,0,3495165952
1492,13.709176859,17.121809,17.362464,4,9,12,3,6,408.000,65,0,0,3495165952
1493,13.727164316,17.987457,17.155289,4,9,12,3,6,408.000,65,0,0,3495165952
1494,13.744708043,17.543727,17.887865,4,9,12,3,6,408.000,65,0,0,3495165952
1495,13.760611895,15.903852,17.571218,4,9,12,3,6,408.000,65,0,0,3495165952
1496,13.775903624,15.291729,15.873112,4,9,12,3,6,408.000,65,0,0,3495165952
1497,13.790354616,14.450992,15.287808,4,9,12,3,6,408.000,66,0,0,3495170048
1498,13.808436355,18.081739,14.494493,4,9,12,3,6,408.000,66,0,0,3495170048
1499,13.824726065,16.289710,18.046618,4,9,12,3,6,408.000,66,0,0,3495170048
1500,13.841002515,16.276450,16.308721,4,9,12,3,6,408.000,66,0,0,3495170048
1501,13.857502191,16.499676,16.285451,4,9,12,3,6,408.000,66,0,0,3495170048
1502,13.875314514,17.812323,16.475704,4,9,12,3,6,408.000,66,0,0,3495170048
1503,13.893695840,18.381326,17.816944,4,9,12,3,6,408.000,66,0,0,3495170048
1504,13.911035912,17.340072,18.399425,4,9,12,3,6,408.000,66,0,0,3495170048
1505,13.928082549,17.046637,17.367575,4,9,12,3,6,408.000,66,0,0,3495170048
1506,13.943616164,15.533615,17.200340,4,9,12,3,6,408.000,66,0,0,3495170048
1507,13.958793940,15.177776,15.449442,4,9,12,3,6,408.000,66,0,0,3495170048
1508,13.973618520,14.824580,15.183696,4,9,12,3,6,408.000,66,0,0,3495170048
1509,13.989237935,15.619415,14.868760,4,9,12,3,6,408.000,66,0,0,3495170048
1510,14.004146376,14.908441,15.542655,4,9,12,3,6,408.000,66,0,0,3495170048
1511,14.022329988,18.183612,14.895931,4,9,12,3,6,408.000,66,0,0,3495170048
1512,14.038998116,16.668128,18.184101,4,9,12,3,6,408.000,66,0,0,3495170048
1513,14.053620561,14.622445,16.685080,4,9,12,3,6,408.000,66,0,0,3495170048
1514,14.069212326,15.591765,14.633534,4,9,12,3,6,408.000,66,0,0,3495170048
1515,14.082754368,13.542042,15.554915,4,9,12,3,6,408.000,66,0,0,3495170048
1516,14.098187360,15.432992,13.596942,4,9,12,3,6,408.000,66,0,0,3495170048
1517,14.112542499,14.355139,15.375012,4,9,12,3,6,408.000,66,0,0,3495170048
1518,14.126710924,14.168425,14.388609,4,9,12,3,6,408.000,66,0,0,3495170048
1519,14.141570184,14.859260,14.307788,4,9,12,3,6,408.000,66,0,0,3495170048
1520,14.155762229,14.192045,14.711996,4,9,12,3,6,408.000,66,0,0,3495170048
1521,14.171687672,15.925443,14.261177,4,9,12,3,6,408.000,66,0,0,3495170048
1522,14.187507843,15.820171,15.863712,4,9,12,3,6,408.000,66,0,0,3495170048
1523,14.201744349,14.236506,15.790140,4,9,12,3,6,396.000,66,0,0,3495170048
1524,14.216446516,14.702167,14.248796,4,9,12,3,6,396.000,66,0,0,3495170048
1525,14.233149674,16.703158,14.668506,4,9,12,3,6,396.000,66,0,0,3495170048
1526,14.245665684,12.516010,16.734200,4,6,12,3,3,354.000,66,0,0,3495182336
1527,14.263980718,18.315034,12.587451,4,6,12,3,3,354.000,66,0,0,3495346176
1528,14.280846461,16.865743,18.223912,4,6,12,3,3,354.000,66,0,0,3495346176
1529,14.301776482,20.930021,16.940294,4,6,12,3,3,354.000,66,0,0,3495346176
1530,14.319222797,17.446315,21.021333,4,6,12,3,3,354.000,66,0,0,3495346176
1531,14.337684345,18.461548,17.304373,4,6,12,3,3,354.000,66,0,0,3495346176
1532,14.353843722,16.159377,18.544188,4,6,12,3,3,354.000,66,0,0,3495346176
1533,14.370423319,16.579597,16.186909,4,6,12,3,3,354.000,66,0,0,3495346176
1534,14.386853802,16.430483,16.480865,4,6,12,3,3,354.000,66,0,0,3495350272
1535,14.404339448,17.485646,16.532055,4,6,12,3,3,354.000,66,0,0,3495354368
1536,14.421929567,17.590119,17.422726,4,6,12,3,3,354.000,66,0,0,3495354368
1537,14.439161568,17.232001,17.558577,4,6,12,3,3,354.000,66,0,0,3495358464
1538,14.456622454,17.460886,17.216761,4,6,12,3,3,354.000,66,0,0,3495358464
1539,14.475845558,19.223104,17.533297,4,6,12,3,3,354.000,66,0,0,3495358464
1540,14.493246312,17.400754,19.213513,4,6,12,3,3,354.000,66,0,0,3495362560
1541,14.509438941,16.192629,17.366395,4,6,12,3,3,354.000,66,0,0,3495362560
1542,14.528176114,18.737173,16.156457,4,6,12,3,3,354.000,66,0,0,3495428096
1543,14.545366693,17.190579,18.803175,4,6,12,3,3,354.000,66,0,0,3495432192
1544,14.561037311,15.670618,17.042247,4,6,12,3,3,354.000,68,0,0,3495432192
1545,14.578521488,17.484177,15.674076,4,6,12,3,3,354.000,69,0,0,3495436288
1546,14.594066862,15.545374,17.525168,4,6,12,3,3,354.000,69,0,0,3495436288
1547,14.610172738,16.105876,15.698138,4,6,12,3,3,354.000,69,0,0,3495436288
1548,14.625326984,15.154246,16.014065,4,6,12,3,3,354.000,69,0,0,3495440384
1549,14.639997800,14.670816,15.107985,4,6,12,3,3,354.000,69,0,0,3495440384
1550,14.655525705,15.527905,14.663865,4,6,12,3,3,354.000,69,0,0,3495440384
1551,14.671096919,15.571214,15.543085,4,6,12,3,3,354.000,69,0,0,3495444480
1552,14.685970490,14.873571,15.574564,4,6,12,3,3,354.000,69,0,0,3495444480
1553,14.699908630,13.938140,14.864480,4,6,12,3,3,354.000,69,0,0,3495444480
1554,14.714349470,14.440840,13.947540,4,6,12,3,3,354.000,69,0,0,3495448576
1555,14.728501194,14.151724,14.431022,4,6,12,3,3,354.000,69,0,0,3495452672
1556,14.743676532,15.175338,14.148884,4,6,12,3,3,354.000,69,0,0,3495452672
1557,14.757721644,14.045112,15.262658,4,6,12,3,3,354.000,69,0,0,3495456768
1558,14.772503401,14.781757,13.998231,4,6,12,3,3,354.000,69,0,0,3495456768
1559,14.788914575,16.411174,14.900811,4,6,12,3,3,354.000,69,0,0,3495456768
1560,14.803649182,14.734607,16.357912,4,6,12,3,3,354.000,69,0,0,3495456768
1561,14.817912489,14.263307,14.691436,4,6,12,3,3,354.000,69,0,0,3495456768
1562,14.831831579,13.919090,14.215366,4,6,12,3,3,354.000,69,0,0,3495456768
1563,14.845339849,13.508270,13.932990,4,6,12,3,3,354.000,69,0,0,3495456768
1564,14.859308549,13.968700,13.507841,4,6,12,3,3,354.000,69,0,0,3495456768
1565,14.872856952,13.548403,13.971301,4,6,12,3,3,354.000,69,0,0,3495456768
1566,14.886719340,13.862388,13.550131,4,6,12,3,3,354.000,69,0,0,3495456768
1567,14.900181749,13.462409,13.940100,4,6,12,3,3,354.000,69,0,0,3495456768
1568,14.913615849,13.434100,13.470640,4,6,12,3,3,354.000,69,0,0,3495456768
1569,14.929922440,16.306591,13.385598,4,6,12,3,3,354.000,69,0,0,3495456768
1570,14.943061442,13.139002,16.297930,4,6,12,3,3,354.000,69,0,0,3495456768
1571,14.957306748,14.245306,13.084872,4,6,12,3,3,354.000,69,0,0,3495456768
1572,14.972624509,15.317761,14.373720,4,6,12,3,3,354.000,69,0,0,3495456768
1573,14.989553212,16.928703,15.348400,4,6,12,3,3,354.000,69,0,0,3495456768
1574,15.003509433,13.956221,16.797962,4,6,12,3,3,354.000,69,0,0,3495456768
1575,15.018136918,14.627485,14.060422,4,6,12,3,3,354.000,69,0,0,3495456768
1576,15.031568116,13.431198,14.553653,4,6,12,3,3,354.000,69,0,0,3495456768
1577,15.046277073,14.708957,13.380878,4,6,12,3,3,354.000,69,0,0,3495456768
1578,15.061101282,14.824209,14.666095,4,6,12,3,3,354.000,69,0,0,3495456768
1579,15.077176528,16.075246,14.830910,4,6,12,3,3,354.000,69,0,0,3495456768
1580,15.092284443,15.107915,16.071355,4,6,12,3,3,354.000,69,0,0,3495456768
1581,15.107149603,14.865160,15.149526,4,6,12,3,3,354.000,69,0,0,3495456768
1582,15.123225449,16.075846,14.840740,4,6,12,3,3,354.000,69,0,0,3495456768
1583,15.138223352,14.997903,16.073576,4,6,12,3,3,354.000,69,0,0,3495456768
1584,15.152664653,14.441301,15.005583,4,6,12,3,3,312.000,69,0,0,3495456768
1585,15.166162623,13.497970,14.557503,4,6,12,3,3,312.000,69,0,0,3495518208
1586,15.180836209,14.673586,13.416508,4,6,12,3,3,312.000,69,0,0,3495518208
1587,15.194356820,13.520611,14.694327,4,6,12,3,3,312.000,69,0,0,3495518208
1588,15.207754479,13.397659,13.479091,4,6,12,3,3,312.000,69,0,0,3495518208
1589,15.221436292,13.681813,13.456039,4,6,12,3,3,312.000,69,0,0,3495518208
1590,15.235143958,13.707666,13.629203,4,6,12,3,3,312.000,69,0,0,3495522304
1591,15.248661288,13.517330,13.702915,4,6,12,3,3,312.000,69,0,0,3495522304
1592,15.262172059,13.510771,13.551072,4,6,12,3,3,312.000,69,0,0,3495522304
1593,15.276374395,14.202336,13.508950,4,6,12,3,3,312.000,69,0,0,3495522304
1594,15.291013900,14.639505,14.206926,4,6,12,3,3,312.000,69,0,0,3495522304
1595,15.307901444,16.887544,14.635475,4,6,12,3,3,312.000,69,0,0,3495522304
1596,15.323140701,15.239257,16.846642,4,6,12,3,3,312.000,69,0,0,3495522304
1597,15.337360797,14.220096,15.264049,4,6,12,3,3,312.000,69,0,0,3495522304
1598,15.350495350,13.134553,14.215315,4,6,12,3,3,312.000,69,0,0,3495522304
1599,15.363368017,12.872667,13.122644,4,6,12,3,3,312.000,69,0,0,3495522304
1600,15.376514080,13.146063,12.856566,4,6,12,3,3,312.000,69,0,0,3495522304
1601,15.389175613,12.661533,13.135133,4,6,12,3,3,312.000,69,0,0,3495522304
1602,15.402013829,12.838216,12.676442,4,6,12,3,3,312.000,69,0,0,3495522304
1603,15.414579099,12.565270,12.833087,4,6,12,3,3,312.000,69,0,0,3495522304
1604,15.428203802,13.624703,12.586181,4,6,12,3,3,312.000,69,0,0,3495522304
1605,15.442464699,14.260897,13.593202,4,6,12,3,3,312.000,69,0,0,3495522304
1606,15.455660673,13.195974,14.271178,4,6,12,3,3,312.000,69,0,0,3495522304
1607,15.469975742,14.315069,13.215984,4,6,12,3,3,312.000,69,0,0,3495522304
1608,15.482118473,12.142731,14.296367,4,6,12,3,3,312.000,69,0,0,3495522304
1609,15.495042921,12.924448,12.134151,4,6,12,3,3,312.000,69,0,0,3495522304
1610,15.506965038,11.922117,12.962429,4,6,12,3,3,312.000,69,0,0,3495530496
1611,15.520408686,13.443648,11.899836,4,6,12,3,3,312.000,69,0,0,3495530496
1612,15.533656291,13.247605,13.464100,4,6,12,3,3,312.000,69,0,0,3495530496
1613,15.547951550,14.295259,13.239555,4,6,12,3,3,312.000,71,0,0,3495530496
1614,15.561598673,13.647123,14.275157,4,6,12,3,3,312.000,72,0,0,3495530496
1615,15.575132734,13.534061,13.659365,4,6,12,3,3,312.000,72,0,0,3495530496
1616,15.589673537,14.540803,13.516480,4,6,12,3,3,312.000,72,0,0,3495530496
1617,15.604924786,15.251249,14.471892,4,6,12,3,3,312.000,72,0,0,3495530496
1618,15.619025909,14.101123,15.183836,4,6,12,3,3,312.000,72,0,0,3495530496
1619,15.633417198,14.391289,14.124354,4,6,12,3,3,312.000,72,0,0,3495530496
1620,15.648207937,14.790739,14.336988,4,6,12,3,3,312.000,72,0,0,3495530496
1621,15.662653637,14.445700,14.828720,4,6,12,3,3,312.000,72,0,0,3495530496
1622,15.676646938,13.993301,14.440570,4,6,12,3,3,312.000,72,0,0,3495530496
1623,15.690631219,13.984281,14.151595,4,6,12,3,3,312.000,72,0,0,3495530496
1624,15.704594420,13.963201,13.969861,4,6,12,3,3,312.000,72,0,0,3495530496
1625,15.719483610,14.889190,14.011452,4,6,12,3,3,312.000,72,0,0,3495530496
1626,15.734194657,14.711047,14.858498,4,6,12,3,3,312.000,72,0,0,3495530496
1627,15.748950055,14.755398,14.696107,4,6,12,3,3,312.000,72,0,0,3495530496
1628,15.762898725,13.948670,14.760898,4,6,12,3,3,312.000,72,0,0,3495530496
1629,15.778997172,16.098447,13.969751,4,6,12,3,3,312.000,72,0,0,3495530496
1630,15.791862248,12.865076,16.101256,4,6,12,3,3,312.000,72,0,0,3495530496
1631,15.803791904,11.929656,12.833806,4,6,12,3,3,312.000,72,0,0,3495530496
1632,15.815332043,11.540139,11.922487,4,6,12,3,3,312.000,72,0,0,3495530496
1633,15.828274752,12.942709,11.509177,4,6,12,3,3,312.000,72,0,0,3495530496
1634,15.841510916,13.236164,12.960069,4,6,12,3,3,312.000,72,0,0,3495530496
1635,15.854288302,12.777386,13.236985,4,6,12,3,3,312.000,72,0,0,3495530496
1636,15.868628110,14.339808,12.780915,4,6,12,3,3,312.000,72,0,0,3495530496
1637,15.879985745,11.357635,14.392820,4,6,12,3,3,312.000,72,0,0,3495530496
1638,15.893291271,13.305526,11.301963,4,6,12,3,3,312.000,72,0,0,3495530496
1639,15.905727398,12.436127,13.308526,4,6,12,3,3,312.000,72,0,0,3495530496
1640,15.918461442,12.734044,12.474789,4,6,12,3,3,312.000,72,0,0,3495530496
1641,15.930289407,11.827965,12.709843,4,6,12,3,3,312.000,72,0,0,3495530496
1642,15.943270076,12.980669,11.807554,4,6,12,3,3,312.000,72,0,0,3495530496
1643,15.957239827,13.969751,13.048791,4,6,12,3,3,312.000,72,0,0,3495530496
1644,15.971515764,14.275937,13.956630,4,6,12,3,3,312.000,72,0,0,3495530496
1645,15.986261712,14.745948,14.267077,4,6,12,3,3,312.000,72,0,0,3495530496
1646,16.003130145,16.868433,14.727717,4,6,12,3,3,312.000,72,0,0,3495530496
1647,16.017391421,14.261276,16.888934,4,6,12,3,3,312.000,72,0,0,3495530496
1648,16.031903003,14.511582,14.259287,4,6,12,3,3,312.000,72,0,0,3495530496
1649,16.047728504,15.825501,14.534243,4,6,12,3,3,312.000,72,0,0,3495530496
1650,16.062354989,14.626485,15.808860,4,6,12,3,3,270.000,72,0,0,3495530496
1651,16.078094318,15.739329,14.606834,4,6,12,3,3,270.000,72,0,0,3495530496
1652,16.093644612,15.550294,15.735209,4,6,12,3,3,270.000,72,0,0,3495530496
1653,16.113561831,19.917219,15.577974,4,6,12,3,3,270.000,72,0,0,3495530496
1654,16.132634511,19.072680,19.904299,4,6,12,3,3,270.000,72,0,0,3495530496
1655,16.149462183,16.827672,19.064880,4,6,12,3,3,270.000,72,0,0,3495530496
1656,16.165662812,16.200629,16.793512,4,6,12,3,3,270.000,72,0,0,3495530496
1657,16.181158646,15.495834,16.240299,4,6,12,3,3,270.000,72,0,0,3495530496
1658,16.198533909,17.375263,15.377011,4,6,12,3,3,270.000,72,0,0,3495530496
1659,16.213646375,15.112466,17.346473,4,6,12,3,3,270.000,72,0,0,3495530496
1660,16.229138068,15.491693,15.112566,4,6,12,3,3,270.000,72,0,0,3495530496
1661,16.243839134,14.701066,15.734288,4,6,12,3,3,246.000,72,0,0,3495530496
1662,16.258112592,14.273458,14.696027,4,6,12,3,3,234.000,72,0,0,3495530496
1663,16.273738268,15.625676,14.224376,4,6,12,3,3,234.000,72,0,0,3495530496
1664,16.289080888,15.342620,15.630327,4,6,12,3,3,234.000,72,0,0,3495596032
1665,16.304069610,14.988722,15.334539,4,6,12,3,3,234.000,72,0,0,3495596032
1666,16.320097076,16.027466,14.854120,4,6,12,3,3,234.000,72,0,0,3495596032
1667,16.335319513,15.222437,16.025235,4,6,12,3,3,234.000,72,0,0,3495596032
1668,16.350817706,15.498193,15.212717,4,6,12,3,3,234.000,72,0,0,3495596032
1669,16.366386332,15.568626,15.628637,4,6,12,3,3,234.000,72,0,0,3495596032
1670,16.380440094,14.053762,15.513783,4,6,12,3,3,234.000,72,0,0,3495596032
1671,16.394727191,14.287097,14.050102,4,6,12,3,3,234.000,72,0,0,3495596032
1672,16.409302215,14.575024,14.340009,4,6,12,3,3,234.000,72,0,0,3495596032
1673,16.423596183,14.293968,14.519622,4,6,12,3,3,234.000,72,0,0,3495596032
1674,16.437651895,14.055712,14.324558,4,6,12,3,3,234.000,72,0,0,3495596032
1675,16.451803169,14.151274,14.055723,4,6,12,3,3,234.000,72,0,0,3495596032
1676,16.465985334,14.182165,14.149914,4,6,12,3,3,234.000,72,0,0,3495596032
1677,16.480137499,14.152165,14.162096,4,6,12,3,3,234.000,74,0,0,3495596032
1678,16.494682502,14.545003,14.152914,4,6,12,3,3,234.000,75,0,0,3495596032
1679,16.508834987,14.152485,14.576713,4,6,12,3,3,234.000,75,0,0,3495596032
1680,16.523575614,14.740627,14.136325,4,6,12,3,3,234.000,75,0,0,3495596032
1681,16.538930974,15.355360,14.817919,4,6,12,3,3,234.000,75,0,0,3495596032
1682,16.555669155,16.738181,15.264909,4,6,12,3,3,234.000,75,0,0,3495596032
1683,16.571468505,15.799350,16.774690,4,6,12,3,3,234.000,75,0,0,3495596032
1684,16.584265381,12.796876,15.772880,4,6,12,3,3,234.000,75,0,0,3495596032
1685,16.598210071,13.944690,12.802975,4,6,12,3,3,234.000,75,0,0,3495596032
1686,16.612962377,14.752306,13.944790,4,6,12,3,3,234.000,75,0,0,3495596032
1687,16.630242320,17.279943,14.748368,4,6,12,3,3,234.000,75,0,0,3495596032
1688,16.645486938,15.244618,17.284882,4,6,12,3,3,234.000,75,0,0,3495596032
1689,16.660243785,14.756847,15.238257,4,6,12,3,3,234.000,75,0,0,3495596032
1690,16.674753807,14.510022,14.756338,4,6,12,3,3,234.000,75,0,0,3495596032
1691,16.691013537,16.259730,14.574583,4,6,12,3,3,234.000,75,0,0,3495596032
1692,16.705093580,14.080043,16.214580,4,6,12,3,3,234.000,75,0,0,3495596032
1693,16.720182924,15.089344,14.038052,4,6,12,3,3,234.000,75,0,0,3495596032
1694,16.738532850,18.349926,15.083754,4,6,12,3,3,234.000,75,0,0,3495596032
1695,16.751328635,12.795785,18.359095,4,6,12,3,3,234.000,75,0,0,3495596032
1696,16.767507993,16.179358,12.793706,4,6,12,3,3,234.000,75,0,0,3495596032
1697,16.781533135,14.025142,16.179718,4,6,12,3,3,234.000,75,0,0,3495596032
1698,16.796117918,14.584783,14.128694,4,6,12,3,3,234.000,75,0,0,3495596032
1699,16.810229772,14.111854,14.523573,4,6,12,3,3,234.000,75,0,0,3495596032
1700,16.825214135,14.984363,14.134944,4,6,12,3,3,234.000,75,0,0,3495596032
1701,16.839114294,13.900159,14.966992,4,6,12,3,3,234.000,75,0,0,3495596032
1702,16.853267598,14.153304,13.894209,4,6,12,3,3,234.000,75,0,0,3495596032
1703,16.866794020,13.526422,14.154684,4,6,12,3,3,234.000,75,0,0,3495596032
1704,16.881317193,14.523173,13.582522,4,6,12,3,3,234.000,75,0,0,3495596032
1705,16.895030557,13.713364,14.458052,4,6,12,3,3,234.000,75,0,0,3495596032
1706,16.908669221,13.638664,13.730425,4,6,12,3,3,234.000,75,0,0,3495596032
1707,16.923234804,14.565583,13.657744,4,6,12,3,3,234.000,75,0,0,3495596032
1708,16.938051443,14.816639,14.527983,4,6,12,3,3,234.000,75,0,0,3495596032
1709,16.952392452,14.341009,14.820349,4,6,12,3,3,234.000,75,0,0,3495596032
1710,16.966521056,14.128604,14.335708,4,6,12,3,3,192.000,75,0,0,3495600128
1711,16.981906827,15.385771,14.128154,4,6,12,3,3,192.000,75,0,0,3495600128
1712,16.996471761,14.564934,15.382670,4,6,12,3,3,192.000,75,0,0,3495600128
1713,17.011194827,14.723066,14.565864,4,6,12,3,3,192.000,75,0,0,3495600128
1714,17.026130678,14.935851,14.729268,4,6,12,3,3,192.000,75,0,0,3495600128
1715,17.042638144,16.507466,14.940661,4,6,12,3,3,192.000,75,0,0,3494551552
1716,17.058011384,15.373240,16.533245,4,6,12,3,3,192.000,75,0,0,3493502976
1717,17.078381653,20.370269,15.340920,4,6,12,3,3,192.000,75,0,0,3492454400
1718,17.097401323,19.019670,20.410260,4,6,12,3,3,192.000,75,0,0,3491405824
1719,17.117014974,19.613651,18.990099,4,6,12,3,3,192.000,75,0,0,3490357248
1720,17.131597318,14.582344,19.624461,4,6,12,3,3,192.000,75,0,0,3490357248
1721,17.146038529,14.441211,14.533434,4,6,12,3,3,180.000,75,0,0,3490357248
1722,17.160144972,14.106443,14.468130,4,6,12,3,3,180.000,75,0,0,3490357248
1723,17.175946232,15.801260,14.091035,4,6,12,3,3,180.000,75,0,0,3490357248
1724,17.194295697,18.349465,15.751908,4,6,12,3,3,156.000,75,0,0,3490357248
1725,17.209178297,14.882600,18.370856,4,6,12,3,3,156.000,75,0,0,3490357248
1726,17.224043947,14.865650,14.862560,4,6,12,3,3,156.000,75,0,0,3490357248
1727,17.238484708,14.440761,14.917200,4,6,12,3,3,156.000,75,0,0,3490357248
1728,17.253729426,15.244718,14.439101,4,6,12,3,3,156.000,75,0,0,3490357248
1729,17.267198686,13.469260,15.214937,4,6,12,3,3,156.000,75,0,0,3490357248
1730,17.280791389,13.592703,13.447060,4,6,12,3,3,156.000,75,0,0,3490357248
1731,17.294130035,13.338646,13.603452,4,6,12,3,3,156.000,75,0,0,3490357248
1732,17.308133877,14.003842,13.327467,4,6,12,3,3,156.000,75,0,0,3490365440
1733,17.322618839,14.484962,14.000711,4,6,12,3,3,156.000,75,0,0,3490365440
1734,17.337609631,14.990792,14.511613,4,6,12,3,3,156.000,76,0,0,3490369536
1735,17.352396519,14.786888,15.105725,4,6,12,3,3,156.000,77,0,0,3490369536
1736,17.368916745,16.520226,14.731367,4,6,12,3,3,156.000,77,0,0,3490373632
1737,17.384208604,15.291859,16.516835,4,6,12,3,3,156.000,78,0,0,3490373632
1738,17.398710786,14.502182,15.282170,4,6,12,3,3,156.000,78,0,0,3490373632
1739,17.412774829,14.064043,14.536912,4,6,12,3,3,156.000,78,0,0,3490373632
1740,17.427152308,14.377479,14.015631,4,6,12,3,3,156.000,78,0,0,3490377728
1741,17.440360242,13.207934,14.385880,4,6,12,3,3,156.000,78,0,0,3490377728
1742,17.454826334,14.466092,13.205805,4,6,12,3,3,156.000,78,0,0,3490377728
1743,17.468610700,13.784366,14.503041,4,6,12,3,3,156.000,78,0,0,3490377728
1744,17.482961599,14.350899,13.775037,4,6,12,3,3,156.000,78,0,0,3490377728
1745,17.496819137,13.857538,14.333178,4,6,12,3,3,156.000,78,0,0,3490377728
1746,17.510557343,13.738206,13.875899,4,6,12,3,3,156.000,78,0,0,3490377728
1747,17.524448081,13.890738,13.770306,4,6,12,3,3,156.000,78,0,0,3490377728
1748,17.536319077,11.870996,13.831648,4,6,12,3,3,156.000,78,0,0,3490377728
1749,17.548570021,12.250944,11.868246,4,6,12,3,3,156.000,78,0,0,3490377728
1750,17.564795730,16.225709,12.273043,4,6,12,3,3,156.000,78,0,0,3489361920
1751,17.578282160,13.486430,16.236540,4,6,12,3,3,156.000,78,0,0,3489361920
1752,17.591815011,13.532851,13.454920,4,6,12,3,3,156.000,78,0,0,3489361920
1753,17.608346167,16.531156,13.577471,4,6,12,3,3,156.000,78,0,0,3489361920
1754,17.620768254,12.422087,16.472365,4,6,12,3,3,156.000,78,0,0,3489361920
1755,17.635534091,14.765837,12.430087,4,6,12,3,3,156.000,78,0,0,3489361920
1756,17.649508922,13.974831,14.816439,4,6,12,3,3,156.000,78,0,0,3489361920
1757,17.663918243,14.409321,13.987391,4,6,12,3,3,156.000,78,0,0,3489366016
1758,17.677506215,13.587972,14.327268,4,6,12,3,3,156.000,78,0,0,3489366016
1759,17.692321674,14.815459,13.577633,4,6,12,3,3,156.000,78,0,0,3489366016
1760,17.706542769,14.221095,14.819859,4,6,12,3,3,156.000,78,0,0,3489366016
1761,17.721482411,14.939642,14.216586,4,6,12,3,3,156.000,78,0,0,3489366016
1762,17.738060678,16.578267,14.936911,4,6,12,3,3,156.000,78,0,0,3489366016
1763,17.752235763,14.175085,16.595007,4,6,12,3,3,156.000,78,0,0,3489366016
1764,17.766781046,14.545283,14.172934,4,6,12,3,3,156.000,78,0,0,3489366016
1765,17.780089643,13.308597,14.600765,4,6,12,3,3,156.000,78,0,0,3489366016
1766,17.794305528,14.215885,13.255685,4,6,12,3,3,156.000,78,0,0,3489366016
1767,17.810869435,16.563907,14.225567,4,6,12,3,3,156.000,78,0,0,3489366016
1768,17.823493806,12.624371,16.595286,4,6,12,3,3,156.000,78,0,0,3489366016
1769,17.837863596,14.369790,12.593942,4,6,12,3,3,156.000,78,0,0,3489366016
1770,17.852527011,14.663415,14.389369,4,6,12,3,3,156.000,78,0,0,3489366016
1771,17.867673588,15.146577,14.761668,4,6,12,3,3,114.000,78,0,0,3489370112
1772,17.881329811,13.656223,15.070894,4,6,12,3,3,114.000,78,0,0,3489370112
1773,17.897963769,16.633958,13.610832,4,6,12,3,3,114.000,78,0,0,3489370112
1774,17.912777308,14.813539,16.642399,4,6,12,3,3,114.000,78,0,0,3489370112
1775,17.929918677,17.141369,14.804299,4,6,12,3,3,114.000,78,0,0,3489370112
1776,17.943138131,13.219454,17.827363,4,6,12,3,3,114.000,78,0,0,3489370112
1777,17.956166761,13.028630,12.547780,4,6,12,3,3,114.000,78,0,0,3489374208
1778,17.969821716,13.654955,13.282826,4,6,12,3,3,114.000,78,0,0,3489374208
1779,17.983422478,13.600762,13.761476,4,6,12,3,3,114.000,78,0,0,3489374208
1780,17.998287988,14.865510,13.681385,4,6,12,3,3,114.000,78,0,0,3489374208
1781,18.012569295,14.281307,14.521582,4,6,12,3,3,114.000,78,0,0,3489374208
1782,18.028384285,15.814990,14.382820,4,6,12,3,3,114.000,78,0,0,3489374208
1783,18.044522792,16.138507,15.736958,4,6,12,3,3,114.000,78,0,0,3489374208
1784,18.059812172,15.289380,16.155618,4,6,12,3,3,114.000,78,0,0,3489374208
1785,18.074547668,14.735496,15.224617,4,6,12,3,3,114.000,78,0,0,3489374208
1786,18.090238436,15.690768,14.876301,4,6,12,3,3,114.000,79,0,0,3489374208
1787,18.107126930,16.888494,15.551634,4,6,12,3,3,114.000,80,0,0,3489509376
1788,18.122700244,15.573314,17.026786,4,6,12,3,3,114.000,80,0,0,3489509376
1789,18.138549366,15.849122,15.554945,4,6,12,3,3,90.000,80,0,0,3489509376
1790,18.154174442,15.625076,15.841571,4,6,12,3,3,78.000,81,0,0,3489509376
1791,18.169163465,14.989023,15.497623,4,6,12,3,3,78.000,81,0,0,3489509376
1792,18.183693707,14.530242,15.054174,4,6,12,3,3,78.000,81,0,0,3489513472
1793,18.199068308,15.374601,14.418001,4,6,12,3,3,78.000,81,0,0,3489513472
1794,18.214368467,15.300159,15.408761,4,6,12,3,3,78.000,81,0,0,3489513472
1795,18.231494426,17.125959,15.245728,4,6,12,3,3,78.000,81,0,0,3489517568
1796,18.248345198,16.850772,17.126399,4,6,12,3,3,78.000,81,0,0,3489517568
1797,18.263734849,15.389651,16.829792,4,6,12,3,3,78.000,81,0,0,3489517568
1798,18.278663720,14.928871,15.411402,4,6,12,3,3,78.000,81,0,0,3489517568
1799,18.294413790,15.750070,14.934591,4,6,12,3,3,78.000,81,0,0,3489517568
1800,18.309112996,14.699206,15.719578,4,6,12,3,3,78.000,81,0,0,3489521664
1801,18.324358774,15.245778,14.714227,4,6,12,3,3,78.000,81,0,0,3489521664
1802,18.339318216,14.959442,15.243288,4,6,12,3,3,78.000,81,0,0,3489521664
1803,18.354814619,15.496403,14.989232,4,6,12,3,3,78.000,81,0,0,3489521664
1804,18.369517116,14.702497,15.517805,4,6,12,3,3,78.000,81,0,0,3489521664
1805,18.383933657,14.416541,14.681846,4,6,12,3,3,78.000,81,0,0,3489521664
1806,18.399848829,15.915172,14.372369,4,6,12,3,3,78.000,81,0,0,3489521664
1807,18.414404942,14.556113,15.941853,4,6,12,3,3,78.000,81,0,0,3489521664
1808,18.429257381,14.852439,14.528022,4,6,12,3,3,78.000,81,0,0,3489521664
1809,18.445421839,16.164458,14.873980,4,6,12,3,3,78.000,81,0,0,3489521664
1810,18.460689777,15.267938,16.160308,4,6,12,3,3,78.000,81,0,0,3489521664
1811,18.475429175,14.739398,15.304910,4,6,12,3,3,78.000,81,0,0,3489521664
1812,18.488940386,13.511211,14.698455,4,6,12,3,3,78.000,81,0,0,3489521664
1813,18.502668451,13.728065,13.515212,4,6,12,3,3,78.000,81,0,0,3489521664
1814,18.516533849,13.865398,13.771046,4,6,12,3,3,78.000,81,0,0,3489521664
1815,18.549047339,32.513490,14.286627,4,6,12,3,3,78.000,81,0,0,3489718272
1816,18.564294087,15.246748,32.063290,4,6,12,3,3,78.000,81,0,0,3489718272
1817,18.579895832,15.601745,15.228178,4,6,12,3,3,78.000,81,0,0,3489718272
1818,18.594152210,14.256378,15.588635,4,6,12,3,3,78.000,81,0,0,3489718272
1819,18.608201592,14.049382,14.264457,4,6,12,3,3,78.000,81,0,0,3489718272
1820,18.622280545,14.078953,14.048992,4,6,12,3,3,78.000,81,0,0,3489718272
1821,18.635781975,13.501430,14.121084,4,6,12,3,3,78.000,81,0,0,3489718272
1822,18.649327187,13.545212,13.467661,4,6,12,3,3,78.000,81,0,0,3489718272
1823,18.662862378,13.535191,13.518490,4,6,12,3,3,78.000,81,0,0,3489718272
1824,18.676176735,13.314357,13.588773,4,6,12,3,3,78.000,81,0,0,3489718272
1825,18.690486942,14.310207,13.282655,4,6,12,3,3,78.000,81,0,0,3489718272
1826,18.703281108,12.794166,14.472602,4,6,12,3,3,78.000,81,0,0,3489718272
1827,18.716763778,13.482670,12.698393,4,6,12,3,3,78.000,81,0,0,3489718272
1828,18.731121167,14.357389,13.513301,4,6,12,3,3,78.000,81,0,0,3489718272
1829,18.745170299,14.049132,14.344718,4,6,12,3,3,78.000,81,0,0,3489718272
1830,18.759575839,14.405540,14.058903,4,6,12,3,3,78.000,81,0,0,3489718272
1831,18.776370311,16.794472,14.403810,4,3,12,3,0,36.000,81,0,0,3489726464
1832,18.786833745,10.463434,16.693979,4,3,12,3,0,36.000,81,0,0,3489738752
1833,18.800554591,13.720846,10.754961,4,3,12,3,0,36.000,81,0,0,3489742848
1834,18.814341498,13.786907,13.839398,4,3,12,3,0,36.000,81,0,0,3489742848
1835,18.828108204,13.766706,13.509831,4,3,12,3,0,36.000,81,0,0,3489742848
1836,18.841576233,13.468029,13.927299,4,3,12,3,0,36.000,81,0,0,3489742848
1837,18.854598814,13.022581,13.202004,4,3,12,3,0,36.000,81,0,0,3489742848
1838,18.868660406,14.061592,13.037121,4,3,12,3,0,36.000,81,0,0,3489742848
1839,18.882965614,14.305208,14.060102,4,3,12,3,0,36.000,81,0,0,3489742848
1840,18.897086498,14.120884,14.387140,4,3,12,3,0,36.000,81,0,0,3489742848
1841,18.910641460,13.554962,14.101034,4,3,12,3,0,36.000,81,0,0,3489742848
1842,18.925825456,15.183996,13.547002,4,3,12,3,0,36.000,81,0,0,3489742848
1843,18.940213446,14.387990,15.112355,4,3,12,3,0,36.000,81,0,0,3489742848
1844,18.955446764,15.233318,14.400029,4,3,12,3,0,36.000,81,0,0,3489742848
1845,18.970367175,14.920411,15.233538,4,3,12,3,0,36.000,81,0,0,3489742848
1846,18.985595062,15.227887,14.840769,4,3,12,3,0,36.000,81,0,0,3489742848
1847,18.999321048,13.725986,15.265819,4,3,12,3,0,36.000,81,0,0,3489742848
1848,19.013768938,14.447890,13.722735,4,3,12,3,0,36.000,81,0,0,3489742848
1849,19.028328822,14.559884,14.421160,4,3,12,3,0,36.000,81,0,0,3489742848
1850,19.042824894,14.496072,14.550134,4,3,12,3,0,36.000,81,0,0,3489742848
1851,19.056700252,13.875358,14.503402,4,3,12,3,0,36.000,81,0,0,3489742848
1852,19.071708065,15.007813,13.929909,4,3,12,3,0,36.000,81,0,0,3489742848
1853,19.086575285,14.867220,15.008893,4,3,12,3,0,36.000,81,0,0,3489742848
1854,19.101787933,15.212648,15.106536,4,3,12,3,0,36.000,81,0,0,3489742848
1855,19.117143403,15.355470,14.943140,4,3,12,3,0,36.000,81,0,0,3489746944
1856,19.131954721,14.811318,15.463064,4,3,12,3,0,36.000,81,0,0,3489746944
1857,19.146301191,14.346470,14.821579,4,3,12,3,0,36.000,81,0,0,3489746944
1858,19.161439046,15.137855,14.406349,4,3,12,3,0,36.000,81,0,0,3489746944
1859,19.177671585,16.232539,15.066035,4,3,12,3,0,36.000,81,0,0,3489746944
1860,19.191767319,14.095734,16.160997,4,3,12,3,0,36.000,81,0,0,3489746944
1861,19.207290813,15.523494,14.161256,4,3,12,3,0,36.000,81,0,0,3489746944
1862,19.221646032,14.355219,15.466332,4,3,12,3,0,36.000,81,0,0,3489746944
1863,19.238175758,16.529726,14.415540,4,3,12,3,0,36.000,81,0,0,3489746944
1864,19.254058389,15.882631,16.379703,4,3,12,3,0,36.000,81,0,0,3489746944
1865,19.271379282,17.320893,15.882212,4,3,12,3,0,36.000,81,0,0,3489746944
1866,19.287281104,15.901822,17.328922,4,3,12,3,0,36.000,81,0,0,3489746944
1867,19.301623343,14.342239,15.988324,4,3,12,3,0,36.000,81,0,0,3489746944
1868,19.314544961,12.921618,14.460641,4,3,12,3,0,36.000,81,0,0,3489746944
1869,19.328518672,13.973711,12.768565,4,3,12,3,0,36.000,81,0,0,3489746944
1870,19.344231530,15.712858,13.971681,4,3,12,3,0,36.000,81,0,0,3489746944
1871,19.358003065,13.771535,15.717908,4,3,12,3,0,36.000,81,0,0,3489746944
1872,19.371870964,13.867899,13.777997,4,3,12,3,0,36.000,81,0,0,3489746944
1873,19.385999448,14.128484,13.949300,4,3,12,3,0,36.000,81,0,0,3489746944
1874,19.399673532,13.674084,14.055062,4,3,12,3,0,36.000,81,0,0,3489746944
1875,19.413675354,14.001822,13.749166,4,3,12,3,0,36.000,81,0,0,3489746944
1876,19.427620464,13.945110,14.018271,4,3,12,3,0,36.000,81,0,0,3489746944
1877,19.441977312,14.356848,13.892439,4,3,12,3,0,36.000,81,0,0,3489746944
1878,19.456185248,14.207936,14.406311,4,3,12,3,0,36.000,81,0,0,3489746944
1879,19.469527306,13.342058,14.299007,4,3,12,3,0,36.000,81,0,0,3489746944
1880,19.482810541,13.283235,13.620744,4,3,12,3,0,36.000,81,0,0,3489746944
1881,19.496110587,13.300046,13.417768,4,3,12,3,0,36.000,81,0,0,3489746944
1882,19.509570677,13.460090,13.089172,4,3,12,3,0,36.000,81,0,0,3489746944
1883,19.523450806,13.880129,13.368097,4,3,12,3,0,36.000,81,0,0,3489746944
1884,19.537575160,14.124354,14.148005,4,3,12,3,0,36.000,81,0,0,3489746944
1885,19.550806894,13.231734,13.792946,4,3,12,3,0,36.000,81,0,0,3489746944
1886,19.565713465,14.906571,13.232576,4,3,12,3,0,36.000,81,0,0,3489746944
1887,19.580572405,14.858940,14.883119,4,3,12,3,0,36.000,81,0,0,3489746944
1888,19.596277433,15.705028,14.725697,4,3,12,3,0,36.000,81,0,0,3489619968
1889,19.611911649,15.634216,16.306661,4,3,12,3,0,36.000,81,0,0,3489619968
1890,19.629205811,17.294162,15.091635,4,3,12,3,0,36.000,81,0,0,3489624064
1891,19.643614102,14.408291,18.171051,4,3,12,3,0,36.000,81,0,0,3489624064
1892,19.658615484,15.001382,13.301856,4,3,12,3,0,36.000,81,0,0,3489624064
1893,19.672480863,13.865379,14.977682,4,3,12,3,0,36.000,81,0,0,3489624064
1894,19.685149685,12.668822,13.854789,4,3,12,3,0,36.000,81,0,0,3489624064
1895,19.696693194,11.543509,12.672363,4,3,12,3,0,36.000,81,0,0,3489624064
1896,19.708820144,12.126950,11.590798,4,3,12,3,0,36.000,81,0,0,3489624064
1897,19.722130840,13.310696,12.073030,4,3,12,3,0,36.000,81,0,0,3489624064
1898,19.736401778,14.270938,13.360428,4,3,12,3,0,36.000,81,0,0,3489624064
1899,19.751085064,14.683286,14.281127,4,3,12,3,0,36.000,81,0,0,3489632256
1900,19.765377982,14.292918,14.676625,4,3,12,3,0,36.000,81,0,0,3489632256
1901,19.778519004,13.141022,14.286328,4,3,12,3,0,36.000,81,0,0,3489632256
1902,19.791605446,13.086442,13.146533,4,3,12,3,0,36.000,81,0,0,3489632256
1903,19.805333771,13.728325,13.114642,4,3,12,3,0,36.000,81,0,0,3489632256
1904,19.819475176,14.141405,13.756817,4,3,12,3,0,36.000,81,0,0,3489632256
1905,19.832833873,13.358697,14.090803,4,3,12,3,0,36.000,81,0,0,3489370112
1906,19.846056757,13.222884,13.394057,4,3,12,3,0,36.000,81,0,0,3489370112
1907,19.858983725,12.926968,13.193174,4,3,12,3,0,36.000,81,0,0,3489370112
1908,19.871917524,12.933799,13.040411,4,3,12,3,0,36.000,81,0,0,3489370112
1909,19.884208498,12.290974,12.910458,4,3,12,3,0,36.000,81,0,0,3489370112
1910,19.896266847,12.058349,12.279785,4,3,12,3,0,36.000,81,0,0,3489370112
1911,19.908429520,12.162673,12.057829,4,3,12,3,0,36.000,81,0,0,3489374208
1912,19.920813026,12.383506,12.144041,4,3,12,3,0,36.000,81,0,0,3489374208
1913,19.933603611,12.790585,12.431157,4,3,12,3,0,36.000,81,0,0,3489374208
1914,19.946630162,13.026551,12.764175,4,3,12,3,0,36.000,81,0,0,3489374208
1915,19.958314362,11.684200,13.059701,4,3,12,3,0,36.000,81,0,0,3489374208
1916,19.970649548,12.335186,11.664661,4,3,12,3,0,36.000,81,0,0,3489374208
1917,19.982634066,11.984518,12.324395,4,3,12,3,0,36.000,81,0,0,3489374208
1918,19.994682986,12.048920,11.991258,4,3,12,3,0,36.000,81,0,0,3489374208
1919,20.007479421,12.796435,12.044889,4,3,12,3,0,36.000,81,0,0,3489374208
1920,20.020119962,12.640541,12.777155,4,3,12,3,0,36.000,81,0,0,3489374208
1921,20.034196085,14.076123,12.652613,4,3,12,3,0,36.000,81,0,0,3489374208
1922,20.045981649,11.785564,14.000661,4,3,12,3,0,36.000,81,0,0,3489374208
1923,20.057768823,11.787174,11.777043,4,3,12,3,0,36.000,81,0,0,3489374208
1924,20.069631418,11.862595,11.839665,4,3,12,3,0,36.000,81,0,0,3489374208
1925,20.081433011,11.801593,11.805254,4,3,12,3,0,36.000,81,0,0,3489374208
1926,20.094412981,12.979970,11.855525,4,3,12,3,0,36.000,81,0,0,3489374208
1927,20.105995270,11.582289,12.908208,4,3,12,3,0,36.000,81,0,0,3489374208
1928,20.117561410,11.566140,11.582539,4,3,12,3,0,36.000,81,0,0,3489374208
1929,20.129487996,11.926586,11.748763,4,3,12,3,0,36.000,81,0,0,3489374208
1930,20.141268589,11.780593,11.820914,4,3,12,3,0,36.000,81,0,0,3489374208
1931,20.153518513,12.249924,11.808595,4,3,12,3,0,36.000,81,0,0,3489374208
1932,20.164631502,11.112989,12.206312,4,3,12,3,0,36.000,81,0,0,3489374208
1933,20.178251645,13.620143,11.134240,4,3,12,3,0,36.000,81,0,0,3489374208
1934,20.191623563,13.371918,13.677364,4,3,12,3,0,36.000,81,0,0,3489374208
1935,20.206305408,14.681845,13.334807,4,3,12,3,0,36.000,81,0,0,3489374208
1936,20.219521964,13.216556,14.647255,4,3,12,3,0,36.000,81,0,0,3489374208
1937,20.232245167,12.723203,13.424109,4,3,12,3,0,36.000,81,0,0,3489374208
1938,20.245011982,12.766815,12.596461,4,3,12,3,0,36.000,81,0,0,3489374208
1939,20.259278138,14.266156,12.853896,4,3,12,3,0,36.000,81,0,0,3489374208
1940,20.272726278,13.448140,14.237837,4,3,12,3,0,36.000,81,0,0,3489374208
1941,20.285722538,12.996260,13.505630,4,3,12,3,0,36.000,81,0,0,3489374208
1942,20.298183396,12.460858,12.853917,4,3,12,3,0,36.000,81,0,0,3489374208
1943,20.310102152,11.918756,12.423567,4,3,12,3,0,36.000,81,0,0,3489374208
1944,20.335707423,25.605271,11.908926,4,3,12,3,0,36.000,81,0,0,3489374208
1945,20.347913566,12.206143,25.670443,4,3,12,3,0,36.000,81,0,0,3489374208
1946,20.360549047,12.635481,12.161961,4,3,12,3,0,36.000,81,0,0,3489374208
1947,20.372868373,12.319326,12.627422,4,3,12,3,0,36.000,81,0,0,3489374208
1948,20.385800911,12.932538,12.257264,4,3,12,3,0,36.000,81,0,0,3489374208
1949,20.397388460,11.587549,12.909718,4,3,12,3,0,36.000,81,0,0,3489374208
1950,20.409438929,12.050469,11.567909,4,3,12,3,0,36.000,81,0,0,3489374208
1951,20.422082862,12.643933,12.052009,4,3,12,3,0,36.000,81,0,0,3489374208
1952,20.432569347,10.486485,12.687403,4,3,12,3,0,36.000,81,0,0,3489374208
1953,20.443955902,11.386555,10.493466,4,3,12,3,0,36.000,81,0,0,3489374208
1954,20.456097554,12.141652,11.533558,4,3,12,3,0,36.000,81,0,0,3489374208
1955,20.469126554,13.029000,12.102470,4,3,12,3,0,36.000,81,0,0,3489374208
1956,20.481736246,12.609692,12.961369,4,3,12,3,0,36.000,81,0,0,3489390592
1957,20.492829074,11.092828,12.639612,4,3,12,3,0,36.000,81,0,0,3489398784
1958,20.504034835,11.205761,11.083879,4,3,12,3,0,36.000,81,0,0,3489398784
1959,20.515434540,11.399705,11.172520,4,3,12,3,0,36.000,81,0,0,3489398784
1960,20.526415436,10.980896,11.399886,4,3,12,3,0,36.000,81,0,0,3489398784
1961,20.538377664,11.962228,10.986466,4,3,12,3,0,36.000,81,0,0,3489398784
1962,20.548279617,9.901953,11.964998,4,3,12,3,0,36.000,81,0,0,3489398784
1963,20.558917266,10.637649,9.894652,4,3,12,3,0,36.000,81,0,0,3489398784
1964,20.569387011,10.469745,10.767402,4,3,12,3,0,36.000,81,0,0,3489398784
1965,20.581459201,12.072190,10.384044,4,3,12,3,0,36.000,81,0,0,3489402880
1966,20.592538769,11.079568,12.066059,4,3,12,3,0,36.000,81,0,0,3489402880
1967,20.604980497,12.441728,11.040508,4,3,12,3,0,36.000,81,0,0,3489402880
1968,20.615408011,10.427514,12.458777,4,3,12,3,0,36.000,81,0,0,3489402880
1969,20.629478224,14.070213,10.428645,4,3,12,3,0,36.000,81,0,0,3489402880
1970,20.640120223,10.641999,14.079263,4,3,12,3,0,36.000,81,0,0,3489402880
1971,20.651961998,11.841775,10.640948,4,3,12,3,0,36.000,81,0,0,3489402880
1972,20.664117489,12.155491,11.841025,4,3,12,3,0,36.000,81,0,0,3489406976
1973,20.676340532,12.223043,12.190792,4,3,12,3,0,36.000,81,0,0,3489406976
1974,20.688150877,11.810345,12.197603,4,3,12,3,0,36.000,81,0,0,3489406976
1975,20.703643059,15.492182,11.841935,4,3,12,3,0,36.000,81,0,0,3489406976
1976,20.717000747,13.357688,15.498984,4,3,12,3,0,36.000,81,0,0,3489406976
1977,20.732948891,15.948144,13.328416,4,3,12,3,0,36.000,81,0,0,3489406976
1978,20.747750409,14.801518,15.967504,4,3,12,3,0,36.000,81,0,0,3489406976
1979,20.765009400,17.258991,14.823249,4,3,12,3,0,36.000,81,0,0,3489406976
1980,20.777966769,12.957369,17.222240,4,3,12,3,0,36.000,81,0,0,3489406976
1981,20.793483963,15.517194,12.963239,4,3,12,3,0,36.000,81,0,0,3489406976
1982,20.807691698,14.207735,15.527785,4,3,12,3,0,36.000,81,0,0,3489406976
1983,20.822385305,14.693607,14.238566,4,3,12,3,0,36.000,81,0,0,3489406976
1984,20.838671475,16.286170,14.689706,4,3,12,3,0,36.000,81,0,0,3489406976
1985,20.852938132,14.266657,16.273620,4,3,12,3,0,36.000,81,0,0,3489406976
1986,20.866995785,14.057653,14.233226,4,3,12,3,0,36.000,81,0,0,3489406976
1987,20.881496106,14.500321,14.085163,4,3,12,3,0,36.000,81,0,0,3489406976
1988,20.895897527,14.401421,14.334238,4,3,12,3,0,36.000,81,0,0,3489406976
1989,20.909782626,13.885099,14.416641,4,3,12,3,0,36.000,81,0,0,3489406976
1990,20.926202579,16.419953,13.892569,4,3,12,3,0,36.000,81,0,0,3489406976
1991,20.940060127,13.857548,16.386342,4,3,12,3,0,36.000,81,0,0,3489406976
1992,20.953791653,13.731526,13.940830,4,3,12,3,0,36.000,81,0,0,3489406976
1993,20.966993226,13.201573,13.691915,4,3,12,3,0,36.000,81,0,0,3489406976
1994,20.979576667,12.583441,13.232795,4,3,12,3,0,36.000,81,0,0,3489406976
1995,20.993054807,13.478140,12.560120,4,3,12,3,0,36.000,81,0,0,3489406976
1996,21.006698370,13.643563,13.500610,4,3,12,3,0,36.000,81,0,0,3489406976
1997,21.020443806,13.745436,13.660065,4,3,12,3,0,36.000,81,0,0,3489406976
1998,21.034633661,14.189855,13.718974,4,3,12,3,0,36.000,81,0,0,3489406976
1999,21.048953100,14.319439,14.170346,4,3,12,3,0,36.000,81,0,0,3489406976
2000,21.064084585,15.131485,14.582443,4,3,12,3,0,36.000,81,0,0,3489406976
2001,21.077332610,13.248025,14.973612,4,3,12,3,0,36.000,81,0,0,3489406976
2002,21.091129557,13.796947,13.228375,4,3,12,3,0,36.000,81,0,0,3489406976
2003,21.105266191,14.136634,13.811067,4,3,12,3,0,36.000,81,0,0,3489406976
2004,21.119082779,13.816588,14.153754,4,3,12,3,0,36.000,81,0,0,3489406976
2005,21.133182522,14.099743,13.824548,4,3,12,3,0,36.000,81,0,0,3489406976
2006,21.148061192,14.878670,14.094223,4,3,12,3,0,36.000,81,0,0,3489406976
2007,21.162817999,14.756807,14.863270,4,3,12,3,0,36.000,81,0,0,3489411072
2008,21.177767231,14.949232,14.797169,4,3,12,3,0,36.000,81,0,0,3489411072
2009,21.192386366,14.619135,14.922551,4,3,12,3,0,36.000,81,0,0,3489411072
2010,21.206624022,14.237656,14.635124,4,3,12,3,0,36.000,81,0,0,3489411072
2011,21.219919559,13.295537,14.236127,4,3,12,3,0,36.000,81,0,0,3489411072
2012,21.233650293,13.730734,13.263215,4,3,12,3,0,36.000,81,0,0,3489411072
2013,21.246974141,13.323848,13.759727,4,3,12,3,0,36.000,81,0,0,3489411072
2014,21.260941531,13.967390,13.307816,4,3,12,3,0,36.000,81,0,0,3489411072
2015,21.274322569,13.381038,13.952060,4,3,12,3,0,36.000,81,0,0,3489411072
2016,21.287721717,13.399148,13.375077,4,3,12,3,0,36.000,81,0,0,3489411072
2017,21.302125457,14.403740,13.438530,4,3,12,3,0,36.000,81,0,0,3489411072
2018,21.315605517,13.480060,14.368869,4,3,12,3,0,36.000,81,0,0,3489411072
2019,21.329216470,13.610953,13.509361,4,3,12,3,0,36.000,81,0,0,3489411072
2020,21.345559281,16.342811,13.591002,4,3,12,3,0,36.000,81,0,0,3489411072
2021,21.363023048,17.463767,16.383983,4,3,12,3,0,36.000,81,0,0,3489411072
2022,21.380737578,17.714530,17.434155,4,3,12,3,0,36.000,81,0,0,3489411072
2023,21.396255403,15.517825,17.748252,4,3,12,3,0,36.000,81,0,0,3489411072
2024,21.412997553,16.742150,15.498433,4,3,12,3,0,36.000,81,0,0,3489411072
2025,21.429710922,16.713369,16.745090,4,3,12,3,0,36.000,81,0,0,3489411072
2026,21.446170087,16.459165,16.723691,4,3,12,3,0,36.000,81,0,0,3489411072
2027,21.461355943,15.185856,16.469153,4,3,12,3,0,36.000,81,0,0,3489411072
2028,21.477111032,15.755089,15.139136,4,3,12,3,0,36.000,81,0,0,3489411072
2029,21.492309829,15.198797,15.758329,4,3,12,3,0,36.000,81,0,0,3489411072
2030,21.506093706,13.783877,15.202547,4,3,12,3,0,36.000,81,0,0,3489411072
2031,21.522105771,16.012065,13.769817,4,3,12,3,0,36.000,81,0,0,3489411072
2032,21.537797318,15.691547,16.010894,4,3,12,3,0,36.000,81,0,0,3489411072
2033,21.553455155,15.657837,15.873382,4,3,12,3,0,36.000,81,0,0,3489411072
2034,21.569164343,15.709188,15.542634,4,3,12,3,0,36.000,81,0,0,3489411072
2035,21.584624965,15.460622,15.696228,4,3,12,3,0,36.000,81,0,0,3489411072
2036,21.600042107,15.417142,15.470353,4,3,12,3,0,36.000,81,0,0,3489411072
2037,21.613849694,13.807587,15.370930,4,3,12,3,0,36.000,81,0,0,3489411072
2038,21.628910558,15.060864,13.855939,4,3,12,3,0,36.000,81,0,0,3489411072
2039,21.643933531,15.022973,15.028563,4,3,12,3,0,36.000,81,0,0,3489411072
2040,21.660483188,16.549657,15.026483,4,3,12,3,0,36.000,81,0,0,3489411072
2041,21.677497354,17.014166,16.537886,4,3,12,3,0,36.000,81,0,0,3489411072
2042,21.693061439,15.564085,17.011886,4,3,12,3,0,36.000,81,0,0,3489411072
2043,21.708517131,15.455692,15.565175,4,3,12,3,0,36.000,81,0,0,3489411072
2044,21.723515444,14.998313,15.512413,4,3,12,3,0,36.000,81,0,0,3489411072
2045,21.739679341,16.163897,14.931062,4,3,12,3,0,36.000,81,0,0,3489411072
2046,21.754153863,14.474522,16.192798,4,3,12,3,0,36.000,81,0,0,3489411072
2047,21.770369852,16.215989,14.439371,4,3,12,3,0,36.000,81,0,0,3489411072
2048,21.785394755,15.024903,16.211899,4,3,12,3,0,36.000,81,0,0,3489411072
2049,21.800581632,15.186877,15.026543,4,3,12,3,0,36.000,81,0,0,3489411072
2050,21.815443062,14.861430,15.223397,4,3,12,3,0,36.000,81,0,0,3489411072
2051,21.830203549,14.760487,14.827590,4,3,12,3,0,36.000,81,0,0,3489411072
2052,21.845522449,15.318900,14.761707,4,3,12,3,0,36.000,81,0,0,3489411072
2053,21.860666235,15.143786,15.309919,4,3,12,3,0,36.000,81,0,0,3489411072
2054,21.876040345,15.374110,15.175627,4,3,12,3,0,36.000,81,0,0,3489411072
2055,21.889355792,13.315447,15.345221,4,3,12,3,0,36.000,81,0,0,3489411072
2056,21.903558617,14.202825,13.315276,4,3,12,3,0,36.000,81,0,0,3489411072
2057,21.918181193,14.622576,14.230396,4,3,12,3,0,36.000,81,0,0,3489411072
2058,21.934764899,16.583706,14.587594,4,3,12,3,0,36.000,81,0,0,3489411072
2059,21.948668978,13.904079,16.518895,4,3,12,3,0,36.000,81,0,0,3489411072
2060,21.962842593,14.173615,13.884819,4,3,12,3,0,36.000,81,0,0,3489411072
2061,21.978373687,15.531094,14.170154,4,3,12,3,0,36.000,81,0,0,3489411072
2062,21.991083170,12.709483,15.504435,4,3,12,3,0,36.000,81,0,0,3489411072
2063,22.004563301,13.480131,12.724214,4,3,12,3,0,36.000,81,0,0,3489411072
2064,22.016643761,12.080460,13.497470,4,3,12,3,0,36.000,81,0,0,3489411072
2065,22.030268814,13.625053,12.021798,4,3,12,3,0,36.000,81,0,0,3489411072
2066,22.043591390,13.322576,13.623184,4,3,12,3,0,36.000,81,0,0,3489411072
2067,22.056898626,13.307236,13.355357,4,3,12,3,0,36.000,81,0,0,3489411072
2068,22.068809593,11.910967,13.280945,4,3,12,3,0,36.000,81,0,0,3489411072
2069,22.080341171,11.531578,11.963578,4,3,12,3,0,36.000,81,0,0,3489411072
2070,22.092333179,11.992008,11.461717,4,3,12,3,0,36.000,81,0,0,3489411072
2071,22.104098702,11.765523,12.058439,4,3,12,3,0,36.000,81,0,0,3489411072
2072,22.117618703,13.520001,11.839045,4,3,12,3,0,36.000,81,0,0,3489411072
2073,22.130197414,12.578711,13.559781,4,3,12,3,0,36.000,81,0,0,3489411072
2074,22.143115291,12.917877,12.683113,4,3,12,3,0,36.000,81,0,0,3489411072
2075,22.155794134,12.678843,13.281986,4,3,12,3,0,36.000,81,0,0,3489411072
2076,22.169808006,14.013872,12.277224,4,3,12,3,0,36.000,81,0,0,3489411072
2077,22.184332909,14.524903,13.976261,4,3,12,3,0,36.000,81,0,0,3489411072
2078,22.198326560,13.993651,14.473282,4,3,12,3,0,36.000,81,0,0,3489411072
2079,22.210318408,11.991848,13.992991,4,3,12,3,0,36.000,81,0,0,3489411072
2080,22.222235075,11.916667,11.992088,4,3,12,3,0,36.000,81,0,0,3489411072
2081,22.234554959,12.319884,11.948577,4,3,12,3,0,36.000,81,0,0,3489411072
2082,22.248539940,13.984981,12.333875,4,3,12,3,0,36.000,81,0,0,3489411072
2083,22.262123422,13.583482,14.061362,4,3,12,3,0,36.000,81,0,0,3489411072
2084,22.274396087,12.272665,13.538142,4,3,12,3,0,36.000,81,0,0,3489411072
2085,22.286394725,11.998638,12.075180,4,3,12,3,0,36.000,81,0,0,3489411072
2086,22.298152997,11.758272,11.962707,4,3,12,3,0,36.000,81,0,0,3489411072
2087,22.311923024,13.770027,11.766114,4,3,12,3,0,36.000,81,0,0,3489411072
2088,22.325351163,13.428139,13.775495,4,3,12,3,0,36.000,81,0,0,3489411072
2089,22.338558797,13.207634,13.419630,4,3,12,3,0,36.000,81,0,0,3489411072
2090,22.350616046,12.057249,13.460919,4,3,12,3,0,36.000,81,0,0,3489411072
2091,22.364002924,13.386878,12.056799,4,3,12,3,0,36.000,81,0,0,3489411072
2092,22.375924081,11.921157,13.278467,4,3,12,3,0,36.000,81,0,0,3489411072
2093,22.387367687,11.443606,11.930615,4,3,12,3,0,36.000,81,0,0,3489411072
2094,22.401601633,14.233946,11.486518,4,3,12,3,0,36.000,81,0,0,3483705344
2095,22.418199810,16.598177,14.247826,4,3,12,3,0,36.000,81,0,0,3483705344
2096,22.433934839,15.735029,16.576347,4,3,12,3,0,36.000,81,0,0,3483705344
2097,22.447846848,13.912009,15.744058,4,3,12,3,0,36.000,81,0,0,3483705344
2098,22.462677367,14.830519,13.944430,4,3,12,3,0,36.000,81,0,0,3483705344
2099,22.478821665,16.144298,14.955512,4,3,12,3,0,36.000,81,0,0,3483705344
2100,22.494969402,16.147737,16.060786,4,3,12,3,0,36.000,81,0,0,3483705344
2101,22.510406435,15.437033,16.088657,4,3,12,3,0,36.000,81,0,0,3483705344
2102,22.525494289,15.087854,15.418721,4,3,12,3,0,36.000,81,0,0,3483705344
2103,22.542898143,17.403854,15.209867,4,3,12,3,0,36.000,81,0,0,3483705344
2104,22.558337315,15.439172,17.292892,4,3,12,3,0,36.000,81,0,0,3483705344
2105,22.573536383,15.199068,15.409502,4,3,12,3,0,36.000,81,0,0,3483705344
2106,22.588737570,15.201187,15.234218,4,3,12,3,0,36.000,81,0,0,3483705344
2107,22.604353715,15.616145,15.193716,4,3,12,3,0,36.000,81,0,0,3483705344
2108,22.619087082,14.733367,15.542715,4,3,12,3,0,36.000,81,0,0,3483705344
2109,22.634908433,15.821351,14.764478,4,3,12,3,0,36.000,81,0,0,3483705344
2110,22.651073181,16.164748,15.876321,4,3,12,3,0,36.000,81,0,0,3483705344
2111,22.666246337,15.173156,16.129578,4,3,12,3,0,36.000,81,0,0,3483705344
2112,22.680785980,14.539643,15.168896,4,3,12,3,0,36.000,81,0,0,3483705344
2113,22.694959325,14.173345,14.567303,4,3,12,3,0,36.000,81,0,0,3483705344
2114,22.708898955,13.939630,14.158724,4,3,12,3,0,36.000,81,0,0,3483705344
2115,22.723520670,14.621715,13.909530,4,3,12,3,0,36.000,81,0,0,3483705344
2116,22.738552253,15.031583,14.620025,4,3,12,3,0,36.000,81,0,0,3483705344
2117,22.754118128,15.565875,15.172436,4,3,12,3,0,36.000,81,0,0,3483705344
2118,22.769597951,15.479823,15.383590,4,3,12,3,0,36.000,81,0,0,3483705344
2119,22.784698986,15.101035,15.596356,4,3,12,3,0,36.000,81,0,0,3483705344
2120,22.799198537,14.499551,15.039934,4,3,12,3,0,36.000,81,0,0,3483705344
2121,22.813379242,14.180705,14.499922,4,3,12,3,0,36.000,81,0,0,3483705344
2122,22.828065269,14.686027,14.118964,4,3,12,3,0,36.000,81,0,0,3483705344
2123,22.844366579,16.301310,14.596574,4,3,12,3,0,36.000,81,0,0,3483705344
2124,22.861163171,16.796592,16.468734,4,3,12,3,0,36.000,81,0,0,3483705344
2125,22.877475592,16.312421,16.786112,4,3,12,3,0,36.000,81,0,0,3483705344
2126,22.893431915,15.956323,16.287690,4,3,12,3,0,36.000,81,0,0,3483734016
2127,22.909657615,16.225700,15.951023,4,3,12,3,0,36.000,81,0,0,3483734016
2128,22.925686069,16.028454,16.259460,4,3,12,3,0,36.000,81,0,0,3483734016
2129,22.941659703,15.973634,16.004044,4,3,12,3,0,36.000,81,0,0,3483734016
2130,22.956496421,14.836718,15.972774,4,3,12,3,0,36.000,81,0,0,3483734016
2131,22.970931833,14.435412,14.806119,4,3,12,3,0,36.000,81,0,0,3483734016
2132,22.984961274,14.029441,14.445890,4,3,12,3,0,36.000,81,0,0,3483734016
2133,22.999333613,14.372339,14.021182,4,3,12,3,0,36.000,81,0,0,3483734016
2134,23.014900189,15.566576,14.401430,4,3,12,3,0,36.000,81,0,0,3483734016
2135,23.027405937,12.505748,15.617345,4,3,12,3,0,36.000,81,0,0,3483734016
2136,23.041455949,14.050012,12.579021,4,3,12,3,0,36.000,81,0,0,3483734016
2137,23.053638272,12.182323,13.959751,4,3,12,3,0,36.000,81,0,0,3483734016
2138,23.065584569,11.946297,12.250223,4,3,12,3,0,36.000,81,0,0,3483734016
2139,23.077868243,12.283674,11.980318,4,3,12,3,0,36.000,81,0,0,3483734016
2140,23.089911683,12.043440,12.288434,4,3,12,3,0,36.000,81,0,0,3483734016
2141,23.102410721,12.499038,11.942377,4,3,12,3,0,36.000,81,0,0,3483734016
2142,23.117651230,15.240509,12.495929,4,3,12,3,0,36.000,81,0,0,3483734016
2143,23.132509369,14.858139,15.256918,4,3,12,3,0,36.000,81,0,0,3483734016
2144,23.147307327,14.797958,14.818609,4,3,12,3,0,36.000,81,0,0,3483734016
2145,23.163187799,15.880472,14.809289,4,3,12,3,0,36.000,81,0,0,3483734016
2146,23.179699455,16.511656,15.908582,4,3,12,3,0,36.000,81,0,0,3483750400
2147,23.195822701,16.123246,16.468394,4,3,12,3,0,36.000,81,0,0,3483750400
2148,23.211265153,15.442452,16.193029,4,3,12,3,0,36.000,81,0,0,3483750400
2149,23.227067293,15.802140,15.424692,4,3,12,3,0,36.000,81,0,0,3483750400
2150,23.243402705,16.335412,15.762669,4,3,12,3,0,36.000,81,0,0,3483750400
2151,23.258287455,14.884750,16.600937,4,3,12,3,0,36.000,81,0,0,3483750400
2152,23.273517772,15.230317,15.102965,4,3,12,3,0,36.000,81,0,0,3483750400
2153,23.288836783,15.319011,14.807809,4,3,12,3,0,36.000,81,0,0,3483750400
2154,23.304393907,15.557124,15.289798,4,3,12,3,0,36.000,81,0,0,3483750400
2155,23.319187495,14.793588,15.453533,4,3,12,3,0,36.000,81,0,0,3483750400
2156,23.335070897,15.883402,15.138706,4,3,12,3,0,36.000,81,0,0,3483750400
2157,23.351966021,16.895124,15.694507,4,3,12,3,0,36.000,81,0,0,3483750400
2158,23.368738302,16.772281,16.881233,4,3,12,3,0,36.000,81,0,0,3483750400
2159,23.383495519,14.757217,16.790542,4,3,12,3,0,36.000,81,0,0,3483750400
2160,23.398380139,14.884620,14.640005,4,3,12,3,0,36.000,81,0,0,3483750400
2161,23.412418541,14.038402,14.868670,4,3,12,3,0,36.000,81,0,0,3483750400
2162,23.427271741,14.853200,14.038212,4,3,12,3,0,36.000,81,0,0,3483750400
2163,23.440099357,12.827616,14.885440,4,3,12,3,0,36.000,81,0,0,3483750400
2164,23.456192453,16.093096,12.807845,4,3,12,3,0,36.000,81,0,0,3483750400
2165,23.471688057,15.495604,16.101397,4,3,12,3,0,36.000,81,0,0,3483750400
2166,23.485297489,13.609432,15.528274,4,3,12,3,0,36.000,81,0,0,3483750400
2167,23.499304421,14.006932,13.578142,4,3,12,3,0,36.000,81,0,0,3483750400
2168,23.513034246,13.729825,14.015111,4,3,12,3,0,36.000,81,0,0,3483750400
2169,23.525556065,12.521819,13.752857,4,3,12,3,0,36.000,81,0,0,3483750400
2170,23.537558793,12.002728,12.532670,4,3,12,3,0,36.000,81,0,0,3483750400
2171,23.548787146,11.228353,12.000098,4,3,12,3,0,36.000,81,0,0,3483750400
2172,23.558917733,10.130587,11.333113,4,3,12,3,0,36.000,81,0,0,3483750400
2173,23.569862819,10.945086,9.993625,4,3,12,3,0,36.000,81,0,0,3483750400
2174,23.581477858,11.615039,10.969076,4,3,12,3,0,36.000,81,0,0,3483750400
2175,23.592663789,11.185931,11.584320,4,3,12,3,0,36.000,81,0,0,3483750400
2176,23.603940652,11.276863,11.224031,4,3,12,3,0,36.000,81,0,0,3483750400
2177,23.615626533,11.685881,11.233932,4,3,12,3,0,36.000,81,0,0,3483750400
2178,23.628215124,12.588591,11.712882,4,3,12,3,0,36.000,81,0,0,3483750400
2179,23.641055410,12.840286,12.556600,4,3,12,3,0,36.000,81,0,0,3483750400
2180,23.654987510,13.932100,12.842116,4,3,12,3,0,36.000,81,0,0,3483750400
2181,23.668693135,13.705625,13.951310,4,3,12,3,0,36.000,81,0,0,3483750400
2182,23.682657025,13.963890,13.717386,4,3,12,3,0,36.000,81,0,0,3483750400
2183,23.697050555,14.393530,13.961610,4,3,12,3,0,36.000,81,0,0,3483750400
2184,23.711286441,14.235886,14.363119,4,3,12,3,0,36.000,81,0,0,3483750400
2185,23.726498508,15.212067,14.249946,4,3,12,3,0,36.000,81,0,0,3483750400
2186,23.739929938,13.431430,15.202868,4,3,12,3,0,36.000,81,0,0,3483750400
2187,23.754324027,14.394089,13.434979,4,3,12,3,0,36.000,81,0,0,3483750400
2188,23.768840000,14.515973,14.388759,4,3,12,3,0,36.000,81,0,0,3483750400
2189,23.783768750,14.928750,14.572664,4,3,12,3,0,36.000,81,0,0,3483750400
2190,23.797817063,14.048313,14.896020,4,3,12,3,0,36.000,81,0,0,3483750400
2191,23.812271844,14.454781,14.040352,4,3,12,3,0,36.000,81,0,0,3483750400
2192,23.826265645,13.993801,14.454021,4,3,12,3,0,36.000,81,0,0,3483750400
2193,23.841784708,15.519063,13.967490,4,3,12,3,0,36.000,81,0,0,3483750400
2194,23.856764771,14.980063,15.556336,4,3,12,3,0,36.000,81,0,0,3483750400
2195,23.872190003,15.425232,14.987402,4,3,12,3,0,36.000,81,0,0,3483750400
2196,23.886334717,14.144714,15.404511,4,3,12,3,0,36.000,81,0,0,3483750400
2197,23.899459560,13.124843,14.140524,4,3,12,3,0,36.000,81,0,0,3483750400
2198,23.912536051,13.076491,13.128123,4,3,12,3,0,36.000,81,0,0,3483750400
2199,23.926548952,14.012901,13.066062,4,3,12,3,0,36.000,81,0,0,3483750400
2200,23.940052013,13.503061,14.015131,4,3,12,3,0,36.000,81,0,0,3483750400
2201,23.954771909,14.719896,13.498610,4,3,12,3,0,36.000,81,0,0,3483750400
2202,23.968447514,13.675605,14.820709,4,3,12,3,0,36.000,81,0,0,3483750400
2203,23.982431355,13.983841,13.587932,4,3,12,3,0,36.000,81,0,0,3483750400
2204,23.998004920,15.573565,13.990931,4,3,12,3,0,36.000,81,0,0,3483750400
2205,24.012284437,14.279517,15.576365,4,3,12,3,0,36.000,81,0,0,3483750400
2206,24.026747438,14.463001,14.265227,4,3,12,3,0,36.000,81,0,0,3483750400
2207,24.040425643,13.678205,14.416241,4,3,12,3,0,36.000,81,0,0,3483750400
2208,24.054012875,13.587232,13.545101,4,3,12,3,0,36.000,81,0,0,3483750400
2209,24.067523125,13.510250,13.577402,4,3,12,3,0,36.000,81,0,0,3483750400
2210,24.081519337,13.996212,13.510130,4,3,12,3,0,36.000,81,0,0,3483750400
2211,24.094560947,13.041610,13.991961,4,3,12,3,0,36.000,81,0,0,3483750400
2212,24.107562107,13.001160,13.035091,4,3,12,3,0,36.000,81,0,0,3483750400
2213,24.120462705,12.900598,13.278906,4,3,12,3,0,36.000,81,0,0,3483750400
2214,24.133732260,13.269555,12.670072,4,3,12,3,0,36.000,81,0,0,3483750400
2215,24.146719729,12.987469,13.275745,4,3,12,3,0,36.000,81,0,0,3483762688
2216,24.160029876,13.310147,13.062563,4,3,12,3,0,36.000,81,0,0,3483762688
2217,24.172105916,12.076040,13.571791,4,3,12,3,0,36.000,81,0,0,3483762688
2218,24.184680536,12.574620,11.879626,4,3,12,3,0,36.000,81,0,0,3483762688
2219,24.197156845,12.476309,12.598321,4,3,12,3,0,36.000,81,0,0,3483762688
2220,24.209462859,12.306014,12.454588,4,3,12,3,0,36.000,81,0,0,3483762688
2221,24.221029939,11.567080,12.288284,4,3,12,3,0,36.000,81,0,0,3483762688
2222,24.232829302,11.799363,11.567159,4,3,12,3,0,36.000,81,0,0,3483762688
2223,24.245107377,12.278075,11.860395,4,3,12,3,0,36.000,81,0,0,3483762688
2224,24.257214327,12.106950,12.216853,4,3,12,3,0,36.000,81,0,0,3483762688
2225,24.269739866,12.525539,12.095740,4,3,12,3,0,36.000,81,0,0,3483762688
2226,24.281425688,11.685822,12.557521,4,3,12,3,0,36.000,81,0,0,3483762688
2227,24.294423167,12.997479,11.726821,4,3,12,3,0,36.000,81,0,0,3483762688
2228,24.306198841,11.775674,12.937589,4,3,12,3,0,36.000,81,0,0,3483762688
2229,24.318691769,12.492928,11.776513,4,3,12,3,0,36.000,81,0,0,3483762688
2230,24.331156588,12.464819,12.519250,4,3,12,3,0,36.000,81,0,0,3483762688
2231,24.343350850,12.194262,12.611751,4,3,12,3,0,36.000,81,0,0,3483762688
2232,24.355770707,12.419857,12.052289,4,3,12,3,0,36.000,81,0,0,3483762688
2233,24.366918147,11.147440,12.426808,4,3,12,3,0,36.000,81,0,0,3483762688
2234,24.378627859,11.709712,11.118849,4,3,12,3,0,36.000,81,0,0,3483762688
2235,24.391921835,13.293976,11.726932,4,3,12,3,0,36.000,81,0,0,3483762688
2236,24.404048556,12.126721,13.274966,4,3,12,3,0,36.000,81,0,0,3483762688
2237,24.416359941,12.311385,12.115231,4,3,12,3,0,36.000,81,0,0,3483762688
2238,24.428802438,12.442497,12.308134,4,3,12,3,0,36.000,81,0,0,3483762688
2239,24.440818387,12.015949,12.461799,4,3,12,3,0,36.000,81,0,0,3483762688
2240,24.453402358,12.583971,12.010008,4,3,12,3,0,36.000,81,0,0,3483762688
2241,24.466897878,13.495520,12.566430,4,3,12,3,0,36.000,81,0,0,3483762688
2242,24.479663222,12.765344,13.533412,4,3,12,3,0,36.000,81,0,0,3483762688
2243,24.491526368,11.863146,12.769733,4,3,12,3,0,36.000,81,0,0,3483762688
2244,24.502635807,11.109439,11.825475,4,3,12,3,0,36.000,81,0,0,3483762688
2245,24.515953453,13.317646,11.136860,4,3,12,3,0,36.000,81,0,0,3483774976
2246,24.527716496,11.763043,13.300326,4,3,12,3,0,36.000,81,0,0,3483783168
2247,24.539235695,11.519199,11.787503,4,3,12,3,0,36.000,81,0,0,3483795456
2248,24.550687971,11.452276,11.536949,4,3,12,3,0,36.000,81,0,0,3483807744
2249,24.561640746,10.952775,11.432035,4,3,12,3,0,36.000,81,0,0,3483820032
2250,24.572656373,11.015627,10.957086,4,3,12,3,0,36.000,81,0,0,3483828224
2251,24.583853864,11.197491,11.017837,4,3,12,3,0,36.000,81,0,0,3483828224
2252,24.595201079,11.347215,11.174911,4,3,12,3,0,36.000,81,0,0,3483828224
2253,24.606053831,10.852752,11.315584,4,3,12,3,0,36.000,81,0,0,3483828224
2254,24.616793453,10.739622,10.848623,4,3,12,3,0,36.000,81,0,0,3483828224
2255,24.627721738,10.928285,10.778422,4,3,12,3,0,36.000,81,0,0,3483828224
2256,24.638412858,10.691120,10.932375,4,3,12,3,0,36.000,81,0,0,3483828224
2257,24.650440677,12.027819,10.686110,4,3,12,3,0,36.000,81,0,0,3483828224
2258,24.661746250,11.305573,12.086440,4,3,12,3,0,36.000,81,0,0,3483828224
2259,24.672477731,10.731481,11.326044,4,3,12,3,0,36.000,81,0,0,3483828224
2260,24.683694672,11.216941,10.653909,4,3,12,3,0,36.000,81,0,0,3483828224
2261,24.695721591,12.026919,11.266202,4,3,12,3,0,36.000,81,0,0,3483828224
2262,24.707351321,11.629730,12.002688,4,3,12,3,0,36.000,81,0,0,3483828224
2263,24.719240887,11.889566,11.605010,4,3,12,3,0,36.000,81,0,0,3483832320
2264,24.730286175,11.045288,11.889586,4,3,12,3,0,36.000,81,0,0,3483832320
2265,24.741336243,11.050068,11.071678,4,3,12,3,0,36.000,81,0,0,3483832320
2266,24.752950612,11.614369,11.019357,4,3,12,3,0,36.000,81,0,0,3483832320
2267,24.764289436,11.338824,11.623991,4,3,12,3,0,36.000,81,0,0,3483832320
2268,24.775416556,11.127120,11.337913,4,3,12,3,0,36.000,81,0,0,3483832320
2269,24.786614516,11.197960,11.152480,4,3,12,3,0,36.000,81,0,0,3483832320
2270,24.797694265,11.079749,11.194101,4,3,12,3,0,36.000,81,0,0,3483832320
2271,24.808416146,10.721881,11.100158,4,3,12,3,0,36.000,81,0,0,3483832320
2272,24.819672398,11.256252,10.655560,4,3,12,3,0,36.000,81,0,0,3483832320
2273,24.830685705,11.013307,11.296103,4,3,12,3,0,36.000,81,0,0,3483832320
2274,24.841779083,11.093378,11.007236,4,3,12,3,0,36.000,81,0,0,3483832320
2275,24.852394352,10.615269,11.083279,4,3,12,3,0,36.000,81,0,0,3483832320
2276,24.863741966,11.347614,10.591068,4,3,12,3,0,36.000,81,0,0,3483832320
2277,24.874801144,11.059178,11.382985,4,3,12,3,0,36.000,81,0,0,3483832320
2278,24.885464573,10.663429,11.066998,4,3,12,3,0,36.000,81,0,0,3483832320
2279,24.896507451,11.042878,10.643359,4,3,12,3,0,36.000,81,0,0,3483832320
2280,24.907670201,11.162750,11.236281,4,3,12,3,0,36.000,81,0,0,3483832320
2281,24.919733850,12.063649,10.997967,4,3,12,3,0,36.000,81,0,0,3483832320
2282,24.930724727,10.990877,12.067940,4,3,12,3,0,36.000,81,0,0,3483832320
2283,24.941844806,11.120079,10.996736,4,3,12,3,0,36.000,81,0,0,3483832320
2284,24.952485715,10.640909,11.097219,4,3,12,3,0,36.000,81,0,0,3483832320
2285,24.964631976,12.146261,10.620029,4,3,12,3,0,36.000,81,0,0,3483832320
2286,24.976919741,12.287765,12.172332,4,3,12,3,0,36.000,81,0,0,3483832320
2287,24.989137103,12.217362,12.261934,4,3,12,3,0,36.000,81,0,0,3483832320
2288,25.001319886,12.182783,12.243123,4,3,12,3,0,36.000,81,0,0,3483832320
2289,25.014492509,13.172623,12.061980,4,3,12,3,0,36.000,81,0,0,3483832320
2290,25.027564670,13.072161,13.224644,4,3,12,3,0,36.000,81,0,0,3483832320
2291,25.041541451,13.976781,13.274075,4,3,12,3,0,36.000,81,0,0,3483832320
2292,25.056719178,15.177727,13.981551,4,3,12,3,0,36.000,81,0,0,3483832320
2293,25.069071713,12.352535,15.122305,4,3,12,3,0,36.000,81,0,0,3483832320
2294,25.083494194,14.422481,12.276895,4,3,12,3,0,36.000,81,0,0,3483832320
2295,25.095769498,12.275304,14.383359,4,3,12,3,0,36.000,81,0,0,3483832320
2296,25.107349697,11.580199,12.309355,4,3,12,3,0,36.000,81,0,0,3483832320
2297,25.121989552,14.639855,11.541909,4,3,12,3,0,36.000,81,0,0,3483832320
2298,25.137647299,15.657747,14.642485,4,3,12,3,0,36.000,81,0,0,3483832320
2299,25.154761607,17.114308,15.642766,4,3,12,3,0,36.000,81,0,0,3483832320
2300,25.170961265,16.199658,17.130148,4,3,12,3,0,36.000,81,0,0,3483832320
2301,25.186918709,15.957444,16.173238,4,3,12,3,0,36.000,81,0,0,3483832320
2302,25.202861482,15.942773,15.954663,4,3,12,3,0,36.000,81,0,0,3483832320
2303,25.218022547,15.161065,15.959124,4,3,12,3,0,36.000,81,0,0,3483832320
2304,25.230725011,12.702464,15.136035,4,3,12,3,0,36.000,81,0,0,3483832320
2305,25.243411384,12.686373,12.719464,4,3,12,3,0,36.000,81,0,0,3483832320
2306,25.257296612,13.885228,12.657983,4,3,12,3,0,36.000,81,0,0,3483836416
2307,25.270963907,13.667295,13.876908,4,3,12,3,0,36.000,81,0,0,3483836416
2308,25.284261882,13.297975,13.767646,4,3,12,3,0,36.000,81,0,0,3483836416
2309,25.297401426,13.139544,13.274706,4,3,12,3,0,36.000,81,0,0,3483836416
2310,25.313967202,16.565776,13.141233,4,3,12,3,0,36.000,81,0,0,3483836416
2311,25.326506212,12.539010,16.587236,4,3,12,3,0,36.000,81,0,0,3483836416
2312,25.338535581,12.029369,12.513920,4,3,12,3,0,36.000,81,0,0,3483836416
2313,25.351835337,13.299756,12.006288,4,3,12,3,0,36.000,81,0,0,3483836416
2314,25.366271737,14.436400,13.408088,4,3,12,3,0,36.000,81,0,0,3483836416
2315,25.380748189,14.476452,14.358310,4,3,12,3,0,36.000,81,0,0,3483836416
2316,25.395094737,14.346548,14.483171,4,3,12,3,0,36.000,81,0,0,3483836416
2317,25.410209502,15.114765,14.291848,4,3,12,3,0,36.000,81,0,0,3483836416
2318,25.424688584,14.479082,15.123855,4,3,12,3,0,36.000,81,0,0,3483836416
2319,25.440053164,15.364580,14.507952,4,3,12,3,0,36.000,81,0,0,3483836416
2320,25.454921814,14.868650,15.326519,4,3,12,3,0,36.000,81,0,0,3483836416
2321,25.470406897,15.485083,14.883771,4,3,12,3,0,36.000,81,0,0,3483836416
2322,25.485211526,14.804629,15.469803,4,3,12,3,0,36.000,81,0,0,3483836416
2323,25.500850753,15.639227,14.816389,4,3,12,3,0,36.000,81,0,0,3483836416
2324,25.516386456,15.535703,15.667116,4,3,12,3,0,36.000,81,0,0,3483836416
2325,25.531532833,15.146377,15.519845,4,3,12,3,0,36.000,81,0,0,3483836416
2326,25.546738560,15.205727,15.117415,4,3,12,3,0,36.000,81,0,0,3483836416
2327,25.563830378,17.091818,15.262998,4,3,12,3,0,36.000,81,0,0,3483844608
2328,25.581370714,17.540336,17.098758,4,3,12,3,0,36.000,81,0,0,3483844608
2329,25.598040263,16.669549,17.616769,4,3,12,3,0,36.000,81,0,0,3483844608
2330,25.614325313,16.285050,16.572756,4,3,12,3,0,36.000,81,0,0,3483844608
2331,25.625976234,11.650921,16.281581,4,3,12,3,0,36.000,81,0,0,3483844608
2332,25.639200009,13.223775,11.654350,4,3,12,3,0,36.000,81,0,0,3483844608
2333,25.652964615,13.764606,13.235576,4,3,12,3,0,36.000,81,0,0,3483844608
2334,25.665641948,12.677333,13.764885,4,3,12,3,0,36.000,81,0,0,3483844608
2335,25.677871631,12.229683,12.702494,4,3,12,3,0,36.000,81,0,0,3483844608
2336,25.688462608,10.590977,12.213732,4,3,12,3,0,36.000,81,0,0,3483844608
2337,25.712435924,23.973316,10.567818,5,1,12,1,0,16.000,81,0,0,3483844608
2338,25.901989663,189.553739,23.987616,5,1,12,1,0,16.000,81,0,0,3484340224
2339,25.911732112,9.742449,189.418335,5,1,12,1,0,16.000,81,0,0,3484545024
2340,25.918782034,7.049922,9.738689,5,1,12,1,0,16.000,81,0,0,3484545024
2341,25.933621973,14.839939,7.056592,5,0,12,0,0,16.000,81,0,0,3484549120
2342,25.954340298,20.718325,14.826389,5,0,12,0,0,16.000,81,0,0,3484553216
2343,25.973107212,18.766914,20.717185,5,0,12,0,0,16.000,81,0,0,3484590080
2344,25.991309564,18.202352,18.767984,5,0,12,0,0,16.000,81,0,0,3484708864
2345,26.007184545,15.874981,18.271423,5,0,12,0,0,16.000,81,0,0,3484872704
2346,26.021731299,14.546754,15.875652,5,0,12,0,0,16.000,81,0,0,3484872704
2347,26.037148970,15.417671,14.571054,5,0,12,0,0,16.000,81,0,0,3484872704
2348,26.053216236,16.067266,15.494973,5,0,12,0,0,16.000,81,0,0,3484872704
2349,26.068024174,14.807938,16.052695,5,0,12,0,0,16.000,81,0,0,3484872704
2350,26.082994257,14.970083,14.874110,5,0,12,0,0,16.000,81,0,0,3484872704
2351,26.098217494,15.223237,14.915021,5,0,12,0,0,16.000,81,0,0,3484872704
2352,26.115502245,17.284751,15.195537,5,0,12,0,0,16.000,81,0,0,3484872704
2353,26.128333452,12.831207,17.257222,5,0,12,0,0,16.000,81,0,0,3484872704
2354,26.142935526,14.602074,12.860947,5,0,12,0,0,16.000,81,0,0,3484872704
2355,26.157833237,14.897711,14.596963,5,0,12,0,0,16.000,81,0,0,3484872704
2356,26.169639210,11.805973,14.946862,5,0,12,0,0,16.000,81,0,0,3484872704
2357,26.184448179,14.808969,11.756493,5,0,12,0,0,16.000,81,0,0,3484872704
2358,26.198920111,14.471932,14.789408,5,0,12,0,0,16.000,81,0,0,3484872704
2359,26.211645834,12.725723,14.485051,5,0,12,0,0,16.000,81,0,0,3484872704
2360,26.225682976,14.037142,12.721544,5,0,12,0,0,16.000,81,0,0,3484872704
2361,26.239564134,13.881158,14.042162,5,0,12,0,0,16.000,81,0,0,3484872704
2362,26.253947174,14.383040,13.850739,5,0,12,0,0,16.000,81,0,0,3484872704
2363,26.264330847,10.383673,14.394599,5,0,12,0,0,16.000,81,0,0,3484880896
2364,26.276160932,11.830085,10.382943,5,0,12,0,0,16.000,81,0,0,3484880896
2365,26.288460026,12.299094,11.814494,5,0,12,0,0,16.000,81,0,0,3484880896
2366,26.304196275,15.736249,12.297055,5,0,12,0,0,16.000,81,0,0,3484880896
2367,26.317280677,13.084402,15.753679,5,0,12,0,0,16.000,81,0,0,3484880896
2368,26.330367358,13.086681,13.084221,5,0,12,0,0,16.000,81,0,0,3484880896
2369,26.342743905,12.376547,13.086681,5,0,12,0,0,16.000,81,0,0,3484880896
2370,26.356078882,13.334977,12.434508,5,0,12,0,0,16.000,81,0,0,3484884992
2371,26.369743106,13.664224,13.274966,5,0,12,0,0,16.000,81,0,0,3484884992
2372,26.382139492,12.396386,13.684395,5,0,12,0,0,16.000,81,0,0,3484884992
2373,26.394552729,12.413237,12.368455,5,0,12,0,0,16.000,81,0,0,3484884992
2374,26.407168811,12.616082,12.429318,5,0,12,0,0,16.000,81,0,0,3484884992
2375,26.418957384,11.788573,12.583620,5,0,12,0,0,16.000,81,0,0,3484884992
2376,26.431567625,12.610241,11.816395,5,0,12,0,0,16.000,81,0,0,3484884992
2377,26.445748380,14.180755,12.578441,5,0,12,0,0,16.000,81,0,0,3484884992
2378,26.459387234,13.638854,14.224906,5,0,12,0,0,16.000,81,0,0,3484884992
2379,26.473754653,14.367419,13.597441,5,0,12,0,0,16.000,81,0,0,3484884992
2380,26.487403417,13.648764,14.392971,5,0,12,0,0,16.000,81,0,0,3484884992
2381,26.501373727,13.970310,13.619512,5,0,12,0,0,16.000,81,0,0,3484884992
2382,26.514559291,13.185564,14.184816,5,0,12,0,0,16.000,81,0,0,3484884992
2383,26.529795799,15.236508,13.214054,5,0,12,0,0,16.000,81,0,0,3484884992
2384,26.545089458,15.293659,15.097015,5,0,12,0,0,16.000,81,0,0,3484884992
2385,26.559377615,14.288157,15.240538,5,0,12,0,0,16.000,81,0,0,3484884992
2386,26.573387956,14.010341,14.297407,5,0,12,0,0,16.000,81,0,0,3484884992
2387,26.587366197,13.978241,13.983001,5,0,12,0,0,16.000,81,0,0,3484884992
2388,26.601871150,14.504953,13.996111,5,0,12,0,0,16.000,81,0,0,3484884992
2389,26.618803683,16.932533,14.516353,5,0,12,0,0,16.000,81,0,0,3484884992
2390,26.635642245,16.838562,17.005685,5,0,12,0,0,16.000,81,0,0,3484884992
2391,26.649515174,13.872929,16.774891,5,0,12,0,0,16.000,81,0,0,3484884992
2392,26.664611789,15.096615,13.838327,5,0,12,0,0,16.000,81,0,0,3484884992
2393,26.678702272,14.090483,15.112756,5,0,12,0,0,16.000,81,0,0,3484884992
2394,26.693421939,14.719667,14.166145,5,0,12,0,0,16.000,81,0,0,3484884992
2395,26.709020815,15.598876,14.634494,5,0,12,0,0,16.000,81,0,0,3484884992
2396,26.724957718,15.936903,15.589146,5,0,12,0,0,16.000,81,0,0,3484884992
2397,26.739419498,14.461780,15.869341,5,0,12,0,0,16.000,81,0,0,3484884992
2398,26.754213147,14.793649,14.564773,5,0,12,0,0,16.000,81,0,0,3484884992
2399,26.768274919,14.061772,14.769448,5,0,12,0,0,16.000,81,0,0,3484884992
2400,26.783215081,14.940162,14.139864,5,0,12,0,0,16.000,81,0,0,3484884992
2401,26.798508779,15.293698,14.875530,5,0,12,0,0,16.000,81,0,0,3484884992
2402,26.812791286,14.282507,15.267709,5,0,12,0,0,16.000,81,0,0,3484884992
2403,26.827210497,14.419211,14.308968,5,0,12,0,0,16.000,81,0,0,3484884992
2404,26.842521436,15.310939,14.438380,5,0,12,0,0,16.000,81,0,0,3484884992
2405,26.859351388,16.829952,15.276709,5,0,12,0,0,16.000,81,0,0,3484884992
2406,26.873794739,14.443351,16.831842,5,0,12,0,0,16.000,81,0,0,3484884992
2407,26.887737909,13.943170,14.468342,5,0,12,0,0,16.000,81,0,0,3484884992
2408,26.901386953,13.649044,13.997661,5,0,12,0,0,16.000,81,0,0,3484884992
2409,26.917711244,16.324291,13.635123,5,0,12,0,0,16.000,81,0,0,3484884992
2410,26.932251987,14.540743,16.386273,5,0,12,0,0,16.000,81,0,0,3484884992
2411,26.947086666,14.834679,14.506481,5,0,12,0,0,16.000,81,0,0,3484884992
2412,26.960618207,13.531541,14.741428,5,0,12,0,0,16.000,81,0,0,3484884992
2413,26.973712258,13.094051,13.733625,5,0,12,0,0,16.000,81,0,0,3484884992
2414,26.986395091,12.682833,12.829537,5,0,12,0,0,16.000,81,0,0,3484884992
2415,27.000172718,13.777627,12.639871,5,0,12,0,0,16.000,81,0,0,3484884992
2416,27.013908653,13.735935,13.765626,5,0,12,0,0,16.000,81,0,0,3484884992
2417,27.029080170,15.171517,13.745796,5,0,12,0,0,16.000,81,0,0,3484884992
2418,27.044138984,15.058814,15.165806,5,0,12,0,0,16.000,81,0,0,3484884992
2419,27.058321999,14.183015,15.059364,5,0,12,0,0,16.000,81,0,0,3484884992
2420,27.072439102,14.117103,14.178185,5,0,12,0,0,16.000,81,0,0,3484884992
2421,27.087241091,14.801989,14.114774,5,0,12,0,0,16.000,81,0,0,3484884992
2422,27.101652181,14.411090,14.800588,5,0,12,0,0,16.000,81,0,0,3484884992
2423,27.116164213,14.512032,14.640996,5,0,12,0,0,16.000,81,0,0,3484884992
2424,27.132310701,16.146488,14.403329,5,0,12,0,0,16.000,81,0,0,3484884992
2425,27.148595111,16.284410,16.138567,5,0,12,0,0,16.000,81,0,0,3484889088
2426,27.167709022,19.113911,16.336421,5,0,12,0,0,16.000,81,0,0,3484889088
2427,27.180637980,12.928958,19.115612,5,0,12,0,0,16.000,81,0,0,3484889088
2428,27.196535812,15.897832,12.913997,5,0,12,0,0,16.000,81,0,0,3484889088
2429,27.209220845,12.685033,15.939263,5,0,12,0,0,16.000,81,0,0,3484889088
2430,27.223506592,14.285747,12.617402,5,0,12,0,0,16.000,81,0,0,3484889088
2431,27.238223209,14.716617,14.277207,5,0,12,0,0,16.000,81,0,0,3484889088
2432,27.254046499,15.823290,14.716187,5,0,12,0,0,16.000,81,0,0,3484889088
2433,27.269236506,15.190007,15.815660,5,0,12,0,0,16.000,81,0,0,3484889088
2434,27.284195048,14.958542,15.199717,5,0,12,0,0,16.000,81,0,0,3484889088
2435,27.298126958,13.931910,14.942132,5,0,12,0,0,16.000,81,0,0,3484889088
2436,27.313572760,15.445802,13.938019,5,0,12,0,0,16.000,81,0,0,3484889088
2437,27.329194656,15.621896,15.482643,5,0,12,0,0,16.000,81,0,0,3484889088
2438,27.344220660,15.026004,15.600006,5,0,12,0,0,16.000,81,0,0,3484889088
2439,27.359197492,14.976832,15.020473,5,0,12,0,0,16.000,81,0,0,3484893184
2440,27.374309617,15.112125,14.967212,5,0,12,0,0,16.000,81,0,0,3484893184
2441,27.388859449,14.549832,15.245278,5,0,12,0,0,16.000,81,0,0,3484893184
2442,27.403395302,14.535853,14.524353,5,0,12,0,0,16.000,81,0,0,3484893184
2443,27.417987326,14.592024,14.521462,5,0,12,0,0,16.000,81,0,0,3484893184
2444,27.432629051,14.641725,14.546593,5,0,12,0,0,16.000,81,0,0,3484893184
2445,27.446746645,14.117594,14.770707,5,0,12,0,0,16.000,81,0,0,3484893184
2446,27.463250900,16.504255,14.078814,5,0,12,0,0,16.000,81,0,0,3484893184
2447,27.477027726,13.776826,16.450403,5,0,12,0,0,16.000,81,0,0,3484893184
2448,27.492334036,15.306310,13.696235,5,0,12,0,0,16.000,81,0,0,3484893184
2449,27.506680124,14.346088,15.321720,5,0,12,0,0,16.000,81,0,0,3484893184
2450,27.521418602,14.738478,14.383949,5,0,12,0,0,16.000,81,0,0,3484893184
2451,27.534702567,13.283965,14.688606,5,0,12,0,0,16.000,81,0,0,3484893184
2452,27.549168679,14.466112,13.387478,5,0,12,0,0,16.000,81,0,0,3484893184
2453,27.563447396,14.278717,14.361969,5,0,12,0,0,16.000,81,0,0,3484893184
2454,27.578159741,14.712345,14.286327,5,0,12,0,0,16.000,81,0,0,3484893184
2455,27.594008783,15.849042,14.713007,5,0,12,0,0,16.000,81,0,0,3484893184
2456,27.607355300,13.346517,16.119357,5,0,12,0,0,16.000,81,0,0,3484893184
2457,27.621200978,13.845678,13.075811,5,0,12,0,0,16.000,81,0,0,3484893184
2458,27.635673779,14.472801,13.864988,5,0,12,0,0,16.000,81,0,0,3484893184
2459,27.649793293,14.119514,14.408360,5,0,12,0,0,16.000,81,0,0,3484893184
2460,27.666538073,16.744780,14.094613,5,0,12,0,0,16.000,81,0,0,3484893184
2461,27.683293764,16.755691,16.728650,5,0,12,0,0,16.000,81,0,0,3484893184
2462,27.698436160,15.142396,16.751031,5,0,12,0,0,16.000,81,0,0,3484893184
2463,27.713079034,14.642874,15.176166,5,0,12,0,0,16.000,81,0,0,3484893184
2464,27.727407373,14.328339,14.678086,6,0,12,0,0,16.000,81,0,0,3484893184
2465,27.742212301,14.804928,14.328228,6,0,12,0,0,16.000,81,0,0,3484893184
2466,27.761562208,19.349907,14.863690,6,0,12,0,0,16.000,81,0,0,3484946432
2467,27.776742594,15.180386,19.428787,6,0,12,0,0,16.000,81,0,0,3484946432
2468,27.795908596,19.166002,15.038644,7,0,12,0,0,16.000,81,0,0,3484971008
2469,27.814997277,19.088681,19.149502,7,1,12,1,0,16.000,81,0,0,3484979200
2470,27.832425332,17.428055,19.101092,7,1,12,1,0,16.000,81,0,0,3484979200
2471,27.850187823,17.762491,17.402964,7,1,12,1,0,16.000,81,0,0,3484979200
2472,27.866622328,16.434505,17.886094,7,1,12,1,0,16.000,81,0,0,3484979200
2473,27.881829645,15.207317,16.428803,7,1,12,1,0,16.000,81,0,0,3484979200
2474,27.898307389,16.477744,15.192957,7,1,12,1,0,16.000,81,0,0,3484979200
2475,27.913849193,15.541804,16.486635,7,1,12,1,0,16.000,81,0,0,3484979200
2476,27.930510042,16.660849,15.521324,7,1,12,1,0,16.000,81,0,0,3484979200
2477,27.945935083,15.425041,16.618478,7,1,12,1,0,16.000,81,0,0,3484979200
2478,27.961533349,15.598266,15.414381,7,1,12,1,0,16.000,81,0,0,3484979200
2479,27.976197164,14.663815,15.631516,7,1,12,1,0,16.000,81,0,0,3484979200
2480,27.992968725,16.771561,14.650976,7,1,12,1,0,16.000,81,0,0,3484979200
2481,28.007832255,14.863530,16.763180,7,1,12,1,0,16.000,81,0,0,3484979200
2482,28.024046104,16.213849,14.889080,7,1,12,1,0,16.000,81,0,0,3484979200
2483,28.042528122,18.482018,16.211030,7,1,12,1,0,16.000,81,0,0,3484979200
2484,28.060371096,17.842974,18.649080,7,1,12,1,0,16.000,81,0,0,3484979200
2485,28.076374080,16.002984,17.658221,7,1,12,1,0,16.000,81,0,0,3484991488
2486,28.092326492,15.952412,16.004904,7,1,12,1,0,16.000,81,0,0,3484991488
2487,28.108377119,16.050627,15.961263,7,1,12,1,0,16.000,81,0,0,3484991488
2488,28.124830192,16.453073,16.028605,7,1,12,1,0,16.000,81,0,0,3484991488
2489,28.140567531,15.737339,16.419873,7,1,12,1,0,16.000,81,0,0,3484991488
2490,28.155148894,14.581363,15.701138,7,1,12,1,0,16.000,81,0,0,3484991488
2491,28.170900973,15.752079,14.580544,7,1,12,1,0,16.000,81,0,0,3484991488
2492,28.186309364,15.408391,15.820599,7,1,12,1,0,16.000,81,0,0,3484991488
2493,28.202173476,15.864112,15.333391,7,1,12,1,0,16.000,81,0,0,3484991488
2494,28.218119139,15.945663,15.855710,7,1,12,1,0,16.000,81,0,0,3484991488
2495,28.233493240,15.374101,15.992344,7,1,12,1,0,16.000,81,0,0,3484991488
2496,28.249162186,15.668946,15.572046,7,1,12,1,0,16.000,81,0,0,3484991488
2497,28.265381855,16.219669,15.527684,7,1,12,1,0,16.000,81,0,0,3484991488
2498,28.281308128,15.926273,16.156528,7,1,12,1,0,16.000,81,0,0,3484991488
2499,28.297622570,16.314442,15.909442,7,1,12,1,0,16.000,81,0,0,3484991488
2500,28.313027691,15.405121,16.307201,7,1,12,1,0,16.000,81,0,0,3484991488
2501,28.328580256,15.552565,15.465162,7,1,12,1,0,16.000,81,0,0,3484991488
2502,28.344316673,15.736417,15.839921,7,1,12,1,0,16.000,81,0,0,3484991488
2503,28.360911421,16.594748,15.444612,7,1,12,1,0,16.000,81,0,0,3484991488
2504,28.376762132,15.850711,16.599437,7,1,12,1,0,16.000,81,0,0,3484991488
2505,28.392625113,15.862981,15.947213,7,1,12,1,0,16.000,81,0,0,3484991488
2506,28.408455813,15.830700,15.860101,7,1,12,1,0,16.000,81,0,0,3484991488
2507,28.425193433,16.737620,15.972064,7,1,12,1,0,16.000,81,0,0,3484991488
2508,28.441184807,15.991374,16.664329,7,1,12,1,0,16.000,81,0,0,3484991488
2509,28.457096590,15.911783,15.976264,7,1,12,1,0,16.000,81,0,0,3484991488
2510,28.472374098,15.277508,15.824109,7,1,12,1,0,16.000,81,0,0,3484991488
2511,28.488578218,16.204120,15.526485,7,1,12,1,0,16.000,81,0,0,3484991488
2512,28.503411326,14.833108,16.121066,7,1,12,1,0,16.000,81,0,0,3484991488
2513,28.517557901,14.146575,14.904331,7,1,12,1,0,16.000,81,0,0,3484991488
2514,28.532172685,14.614784,14.065033,7,1,12,1,0,16.000,81,0,0,3484991488
2515,28.547380132,15.207447,14.419729,7,1,12,1,0,16.000,81,0,0,3484991488
2516,28.561928225,14.548093,15.206588,7,1,12,1,0,16.000,81,0,0,3484995584
2517,28.576612141,14.683916,14.527412,7,1,12,1,0,16.000,81,0,0,3484995584
2518,28.592850290,16.238149,14.728197,7,1,12,1,0,16.000,81,0,0,3484995584
2519,28.608972857,16.122567,16.258860,7,1,12,1,0,16.000,81,0,0,3484995584
2520,28.624551032,15.578175,16.066625,7,1,12,1,0,16.000,81,0,0,3484995584
2521,28.640097587,15.546555,15.562236,7,1,12,1,0,16.000,81,0,0,3484995584
2522,28.657806958,17.709371,15.557934,7,1,12,1,0,16.000,81,0,0,3484995584
2523,28.674976867,17.169909,17.750652,7,1,12,1,0,16.000,81,0,0,3484995584
2524,28.692012943,17.036076,17.168409,7,1,12,1,0,16.000,81,0,0,3484995584
2525,28.708497908,16.484965,17.001216,7,1,12,1,0,16.000,81,0,0,3484995584
2526,28.727688471,19.190563,16.594687,7,1,12,1,0,16.000,81,0,0,3484995584
2527,28.745266449,17.577978,19.186963,7,1,12,1,0,16.000,81,0,0,3484995584
2528,28.760577648,15.311199,17.812313,7,1,12,1,0,16.000,81,0,0,3484995584
2529,28.775206263,14.628615,15.159486,7,1,12,1,0,16.000,81,0,0,3484995584
2530,28.789496410,14.290147,14.582314,7,1,12,1,0,16.000,81,0,0,3484995584
2531,28.805376762,15.880352,14.343368,7,1,12,1,0,16.000,81,0,0,3484995584
2532,28.820255222,14.878460,15.743819,7,1,12,1,0,16.000,81,0,0,3484995584
2533,28.835615562,15.360340,14.846339,7,1,12,1,0,16.000,81,0,0,3484995584
2534,28.850312468,14.696906,15.398122,7,1,12,1,0,16.000,81,0,0,3484995584
2535,28.864569785,14.257317,14.652935,7,1,12,1,0,16.000,81,0,0,3484995584
2536,28.880042688,15.472903,14.290867,7,1,12,1,0,16.000,81,0,0,3484995584
2537,28.895110772,15.068084,15.442882,7,1,12,1,0,16.000,81,0,0,3484995584
2538,28.909353098,14.242326,15.090095,7,1,12,1,0,16.000,81,0,0,3484995584
2539,28.924329921,14.976823,14.274287,7,1,12,1,0,16.000,81,0,0,3484995584
2540,28.938923875,14.593954,14.992943,7,1,12,1,0,16.000,81,0,0,3484995584
2541,28.954864158,15.940283,14.517572,7,1,12,1,0,16.000,81,0,0,3484995584
2542,28.969629865,14.765707,16.149607,7,1,12,1,0,16.000,81,0,0,3484995584
2543,28.984141238,14.511373,14.625835,7,1,12,1,0,16.000,81,0,0,3484995584
2544,28.998035207,13.893969,14.510972,7,1,12,1,0,16.000,81,0,0,3484995584
2545,29.012835825,14.800618,13.860648,7,1,12,1,0,16.000,81,0,0,3484995584
2546,29.028190205,15.354380,14.788068,7,1,12,1,0,16.000,81,0,0,3484995584
2547,29.042963053,14.772848,15.386961,7,1,12,1,0,16.000,81,0,0,3484995584
2548,29.058623449,15.660396,14.756448,7,1,12,1,0,16.000,81,0,0,3484995584
2549,29.074260846,15.637397,15.652987,7,1,12,1,0,16.000,81,0,0,3484995584
2550,29.089119276,14.858430,15.592065,7,1,12,1,0,16.000,81,0,0,3484995584
2551,29.104569528,15.450252,14.924621,7,1,12,1,0,16.000,81,0,0,3484995584
2552,29.119641392,15.071864,15.432822,7,1,12,1,0,16.000,81,0,0,3484995584
2553,29.133750686,14.109294,15.062314,7,1,12,1,0,16.000,81,0,0,3484995584
2554,29.150005576,16.254890,14.118304,7,1,12,1,0,16.000,81,0,0,3484995584
2555,29.165654942,15.649366,16.247179,7,1,12,1,0,16.000,81,0,0,3484995584
2556,29.185129301,19.474359,15.675838,7,1,12,1,0,16.000,81,0,0,3484995584
2557,29.199968831,14.839530,19.448468,7,1,12,1,0,16.000,81,0,0,3484995584
2558,29.212368647,12.399816,14.832549,7,1,12,1,0,16.000,81,0,0,3485016064
2559,29.228036324,15.667677,12.397156,7,1,12,1,0,16.000,81,0,0,3485020160
2560,29.244139771,16.103447,15.661227,7,1,12,1,0,16.000,81,0,0,3485020160
2561,29.259779936,15.640165,16.164728,7,1,12,1,0,16.000,81,0,0,3485020160
2562,29.275290731,15.510795,15.609576,7,1,12,1,0,16.000,81,0,0,3485020160
2563,29.291009749,15.719018,15.463792,7,1,12,1,0,16.000,81,0,0,3485020160
2564,29.307003223,15.993474,15.739399,7,1,12,1,0,16.000,81,0,0,3485020160
2565,29.321873093,14.869870,16.022425,7,1,12,1,0,16.000,81,0,0,3485020160
2566,29.337292044,15.418951,14.771978,7,1,12,1,0,16.000,81,0,0,3485020160
2567,29.351918429,14.626385,15.408091,7,1,12,1,0,16.000,81,0,0,3485020160
2568,29.367398542,15.480113,14.752037,7,1,12,1,0,16.000,81,0,0,3485020160
2569,29.383318965,15.920423,15.442292,7,1,12,1,0,16.000,81,0,0,3485020160
2570,29.399667296,16.348331,15.917273,7,1,12,1,0,16.000,81,0,0,3485065216
2571,29.415084538,15.417242,16.364182,7,1,12,1,0,16.000,81,0,0,3485065216
2572,29.430956120,15.871582,15.363680,7,1,12,1,0,16.000,81,0,0,3485065216
2573,29.447140948,16.184828,15.977834,7,1,12,1,0,16.000,81,0,0,3485065216
2574,29.462661771,15.520823,16.067846,7,1,12,1,0,16.000,81,0,0,3485065216
2575,29.479347670,16.685899,15.539265,7,1,12,1,0,16.000,81,0,0,3485065216
2576,29.496182723,16.835053,16.780380,7,1,12,1,0,16.000,81,0,0,3485065216
2577,29.511821508,15.638785,16.758380,7,1,12,1,0,16.000,81,0,0,3485065216
2578,29.527416914,15.595406,15.632847,7,1,12,1,0,16.000,81,0,0,3485065216
2579,29.543223324,15.806410,15.595235,7,1,12,1,0,16.000,81,0,0,3485065216
2580,29.558229097,15.005773,15.758679,7,1,12,1,0,16.000,81,0,0,3485065216
2581,29.574240112,16.011015,15.020323,7,1,12,1,0,16.000,81,0,0,3485065216
2582,29.589262645,15.022533,16.086206,7,1,12,1,0,16.000,81,0,0,3485065216
2583,29.605007594,15.744949,14.927731,7,1,12,1,0,16.000,81,0,0,3485065216
2584,29.619583627,14.576033,15.981914,7,1,12,1,0,16.000,81,0,0,3485065216
2585,29.634207392,14.623765,14.619875,7,1,12,1,0,16.000,81,0,0,3485065216
2586,29.648922008,14.714616,14.396619,7,1,12,1,0,16.000,81,0,0,3485093888
2587,29.663551973,14.629965,14.711837,7,1,12,1,0,16.000,81,0,0,3485093888
2588,29.678873432,15.321459,14.591554,7,1,12,1,0,16.000,81,0,0,3485093888
2589,29.693440166,14.566734,15.371711,7,1,12,1,0,16.000,81,0,0,3485093888
2590,29.708750385,15.310219,14.518032,7,1,12,1,0,16.000,81,0,0,3485093888
2591,29.724165197,15.414812,15.349740,7,1,12,1,0,16.000,81,0,0,3485093888
2592,29.740521478,16.356281,15.367151,7,1,12,1,0,16.000,81,0,0,3485093888
2593,29.755966861,15.445383,16.357541,7,1,12,1,0,16.000,81,0,0,3485093888
2594,29.772741241,16.774380,15.493994,7,1,12,1,0,16.000,81,0,0,3485093888
2595,29.790595636,17.854395,16.767911,7,1,12,1,0,16.000,81,0,0,3485093888
2596,29.807128522,16.532886,17.905834,7,1,12,1,0,16.000,81,0,0,3485093888
2597,29.823549504,16.420982,16.449905,7,1,12,1,0,16.000,81,0,0,3485093888
2598,29.839497908,15.948404,16.556275,7,1,12,1,0,16.000,81,0,0,3485093888
2599,29.853550390,14.052482,15.855201,7,1,12,1,0,16.000,81,0,0,3485093888
2600,29.868139394,14.589004,14.138754,7,1,12,1,0,16.000,81,0,0,3485093888
2601,29.883734089,15.594695,14.443432,7,1,12,1,0,16.000,81,0,0,3485093888
2602,29.900046820,16.312731,15.619326,7,1,12,1,0,16.000,81,0,0,3485093888
2603,29.915286998,15.240178,16.304421,7,1,12,1,0,16.000,81,0,0,3485093888
2604,29.932482598,17.195600,15.252727,7,1,12,1,0,16.000,81,0,0,3485093888
2605,29.947474260,14.991662,17.162909,7,1,12,1,0,16.000,81,0,0,3485093888
2606,29.962232618,14.758358,14.984443,7,1,12,1,0,16.000,81,0,0,3485093888
2607,29.977477736,15.245118,14.776548,7,1,12,1,0,16.000,81,0,0,3485093888
2608,29.993422479,15.944743,15.211617,7,1,12,1,0,16.000,81,0,0,3485093888
2609,30.009390702,15.968223,16.201198,7,1,12,1,0,16.000,81,0,0,3485093888
2610,30.025269574,15.878872,15.875422,7,1,12,1,0,16.000,81,0,0,3485093888
2611,30.040368589,15.099015,15.790370,7,1,12,1,0,16.000,81,0,0,3485093888
2612,30.056042075,15.673486,15.078484,7,1,12,1,0,16.000,81,0,0,3485093888
2613,30.071261073,15.218998,15.681068,7,1,12,1,0,16.000,81,0,0,3485093888
2614,30.085899018,14.637945,15.232667,7,1,12,1,0,16.000,81,0,0,3485093888
2615,30.101468173,15.569155,14.619145,7,1,12,1,0,16.000,81,0,0,3485093888
2616,30.116002455,14.534282,15.582895,7,1,12,1,0,16.000,81,0,0,3485093888
2617,30.130949557,14.947102,14.524752,7,1,12,1,0,16.000,81,0,0,3485093888
2618,30.146916450,15.966893,14.964252,7,1,12,1,0,16.000,81,0,0,3485093888
2619,30.160953842,14.037392,15.969014,7,1,12,1,0,16.000,81,0,0,3485093888
2620,30.175774511,14.820669,14.028792,7,1,12,1,0,16.000,81,0,0,3485093888
2621,30.190326995,14.552484,14.843999,7,1,12,1,0,16.000,81,0,0,3485093888
2622,30.206008131,15.681136,14.519462,7,1,12,1,0,16.000,81,0,0,3485093888
2623,30.220570785,14.562654,15.672217,7,1,12,1,0,16.000,81,0,0,3485093888
2624,30.234986985,14.416200,14.603474,7,1,12,1,0,16.000,81,0,0,3485093888
2625,30.251608412,16.621427,14.398790,7,1,12,1,0,16.000,81,0,0,3485093888
2626,30.268091157,16.482745,16.637818,7,1,12,1,0,16.000,81,0,0,3485093888
2627,30.283907597,15.816440,16.518685,7,1,12,1,0,16.000,81,0,0,3485093888
2628,30.299545624,15.638027,15.749479,7,1,12,1,0,16.000,81,0,0,3485224960
2629,30.314446184,14.900560,15.627106,7,1,12,1,0,16.000,81,0,0,3485224960
2630,30.329195362,14.749178,14.889630,7,1,12,1,0,16.000,81,0,0,3485224960
2631,30.344685225,15.489863,14.757798,7,1,12,1,0,16.000,81,0,0,3485224960
2632,30.360707569,16.022344,15.558314,7,1,12,1,0,16.000,81,0,0,3485224960
2633,30.374928525,14.220956,16.022735,7,1,12,1,0,16.000,81,0,0,3485224960
2634,30.389455528,14.527003,14.178866,7,1,12,1,0,16.000,81,0,0,3485224960
2635,30.404669935,15.214407,14.495761,7,1,12,1,0,16.000,81,0,0,3485224960
2636,30.420027135,15.357200,15.265388,7,1,12,1,0,16.000,81,0,0,3485224960
2637,30.435468048,15.440913,15.321040,7,1,12,1,0,16.000,81,0,0,3485224960
2638,30.450970251,15.502203,15.451222,7,1,12,1,0,16.000,81,0,0,3485224960
2639,30.466087936,15.117685,15.526335,7,1,12,1,0,16.000,81,0,0,3485224960
2640,30.481223441,15.135505,15.066634,7,1,12,1,0,16.000,81,0,0,3485224960
2641,30.496564212,15.340771,15.151546,7,1,12,1,0,16.000,81,0,0,3485224960
2642,30.511822780,15.258568,15.401740,7,1,12,1,0,16.000,81,0,0,3485224960
2643,30.526958175,15.135395,15.236988,7,1,12,1,0,16.000,81,0,0,3485224960
2644,30.543447431,16.489256,15.177157,7,1,12,1,0,16.000,81,0,0,3485224960
2645,30.559424974,15.977543,16.407443,7,1,12,1,0,16.000,81,0,0,3485224960
2646,30.574296504,14.871530,15.885342,7,1,12,1,0,16.000,81,0,0,3485224960
2647,30.590439451,16.142947,14.939821,7,1,12,1,0,16.000,81,0,0,3485224960
2648,30.604664747,14.225296,16.227409,7,1,12,1,0,16.000,81,0,0,3485224960
2649,30.618026604,13.361857,14.222826,7,1,12,1,0,16.000,81,0,0,3485224960
2650,30.630552134,12.525530,13.309797,7,1,12,1,0,16.000,81,0,0,3485224960
2651,30.643263227,12.711093,12.529489,7,1,12,1,0,16.000,81,0,0,3485224960
2652,30.654409407,11.146180,12.718574,7,1,12,1,0,16.000,81,0,0,3485224960
2653,30.665610868,11.201461,11.140129,7,1,12,1,0,16.000,81,0,0,3485224960
2654,30.676206396,10.595528,11.239082,7,1,12,1,0,16.000,81,0,0,3485224960
2655,30.688384838,12.178442,10.560517,7,1,12,1,0,16.000,81,0,0,3485233152
2656,30.699123379,10.738541,12.180852,7,1,12,1,0,16.000,81,0,0,3485261824
2657,30.709936721,10.813342,10.738171,7,1,12,1,0,16.000,81,0,0,3485265920
2658,30.721001199,11.064478,10.808132,7,1,12,1,0,16.000,81,0,0,3485270016
2659,30.732389725,11.388526,11.092859,7,1,12,1,0,16.000,81,0,0,3485278208
2660,30.744325191,11.935466,11.345084,7,1,12,1,0,16.000,81,0,0,3485282304
2661,30.756742688,12.417497,11.945367,7,1,12,1,0,16.000,81,0,0,3485282304
2662,30.771286931,14.544243,12.447417,7,1,12,1,0,16.000,81,0,0,3485282304
2663,30.785715862,14.428931,14.559434,7,1,12,1,0,16.000,81,0,0,3485282304
2664,30.799683412,13.967550,14.505422,7,1,12,1,0,16.000,81,0,0,3485282304
2665,30.813367377,13.683965,13.879878,7,1,12,1,0,16.000,81,0,0,3485282304
2666,30.826742224,13.374847,13.661165,7,1,12,1,0,16.000,81,0,0,3485282304
2667,30.842242687,15.500463,13.256914,7,1,12,1,0,16.000,81,0,0,3485282304
2668,30.859944898,17.702211,15.551045,7,1,12,1,0,16.000,81,0,0,3485290496
2669,30.874614614,14.669716,17.715351,7,1,12,1,0,16.000,81,0,0,3485290496
2670,30.889053584,14.438970,14.635575,7,1,12,1,0,16.000,81,0,0,3485290496
2671,30.903503036,14.449452,14.441890,7,1,12,1,0,16.000,81,0,0,3485290496
2672,30.918409266,14.906230,14.435071,7,1,12,1,0,16.000,81,0,0,3485290496
2673,30.933680045,15.270779,14.920711,7,1,12,1,0,16.000,81,0,0,3485290496
2674,30.948815760,15.135715,15.286289,7,1,12,1,0,16.000,81,0,0,3485290496
2675,30.963555247,14.739487,15.126315,7,1,12,1,0,16.000,81,0,0,3485290496
2676,30.980112963,16.557716,14.717037,7,1,12,1,0,16.000,81,0,0,3485290496
2677,30.994354559,14.241596,16.699409,7,1,12,1,0,16.000,81,0,0,3485290496
2678,31.008734939,14.380380,14.309158,7,1,12,1,0,16.000,81,0,0,3485290496
2679,31.023268531,14.533592,14.382479,7,1,12,1,0,16.000,81,0,0,3485290496
2680,31.038189092,14.920561,14.363140,7,1,12,1,0,16.000,81,0,0,3485290496
2681,31.052739286,14.550194,14.946861,7,1,12,1,0,16.000,81,0,0,3485290496
2682,31.066161604,13.422318,14.511212,7,1,12,1,0,16.000,81,0,0,3485290496
2683,31.079793307,13.631703,13.413258,7,1,12,1,0,16.000,81,0,0,3485290496
2684,31.093453952,13.660645,13.784467,7,1,12,1,0,16.000,81,0,0,3485294592
2685,31.107988184,14.534232,13.622213,7,1,12,1,0,16.000,81,0,0,3485294592
2686,31.121957964,13.969780,14.543002,7,1,12,1,0,16.000,81,0,0,3485294592
2687,31.136705692,14.747728,13.964201,7,1,12,1,0,16.000,81,0,0,3485294592
2688,31.150832246,14.126554,14.776538,7,1,12,1,0,16.000,81,0,0,3485294592
2689,31.165815378,14.983132,14.138104,7,1,12,1,0,16.000,81,0,0,3485294592
2690,31.180044954,14.229576,14.959292,7,1,12,1,0,16.000,81,0,0,3485294592
2691,31.194581267,14.536313,14.213525,7,1,12,1,0,16.000,81,0,0,3485294592
2692,31.208748961,14.167694,14.562064,7,1,12,1,0,16.000,81,0,0,3485294592
2693,31.223604271,14.855310,14.184495,7,1,12,1,0,16.000,81,0,0,3485294592
2694,31.238346588,14.742317,14.905640,7,1,12,1,0,16.000,81,0,0,3485294592
2695,31.253116086,14.769498,14.713027,7,1,12,1,0,16.000,81,0,0,3485294592
2696,31.267622128,14.506042,14.752108,7,1,12,1,0,16.000,81,0,0,3485294592
2697,31.281845364,14.223236,14.529102,7,1,12,1,0,16.000,81,0,0,3485298688
2698,31.296742834,14.897470,14.201555,7,1,12,1,0,16.000,81,0,0,3485298688
2699,31.309847676,13.104842,14.938602,7,1,12,1,0,16.000,81,0,0,3485298688
2700,31.323577952,13.730276,13.016329,7,1,12,1,0,16.000,81,0,0,3485298688
2701,31.335348334,11.770382,13.749147,7,1,12,1,0,16.000,81,0,0,3485298688
2702,31.348096519,12.748185,11.720572,7,1,12,1,0,16.000,81,0,0,3485298688
2703,31.360850813,12.754294,12.776354,7,1,12,1,0,16.000,81,0,0,3485298688
2704,31.374231491,13.380678,12.794435,7,1,12,1,0,16.000,81,0,0,3485298688
2705,31.387326992,13.095501,13.321738,7,1,12,1,0,16.000,81,0,0,3485298688
2706,31.399743760,12.416768,13.128922,7,1,12,1,0,16.000,81,0,0,3485298688
2707,31.411545443,11.801683,12.411137,7,1,12,1,0,16.000,81,0,0,3485298688
2708,31.424806429,13.260986,11.801994,7,1,12,1,0,16.000,81,0,0,3485298688
2709,31.439380632,14.574203,13.260365,7,1,12,1,0,16.000,81,0,0,3485298688
2710,31.453495625,14.114993,14.578524,7,1,12,1,0,16.000,81,0,0,3485298688
2711,31.467962267,14.466642,14.120093,7,1,12,1,0,16.000,81,0,0,3485298688
2712,31.481725963,13.763696,14.403620,7,1,12,1,0,16.000,81,0,0,3485298688
2713,31.496187814,14.461851,13.802597,7,1,12,1,0,16.000,81,0,0,3485298688
2714,31.510473301,14.285487,14.420310,7,1,12,1,0,16.000,81,0,0,3485298688
2715,31.525610988,15.137687,14.285368,7,1,12,1,0,16.000,81,0,0,3485298688
2716,31.538104016,12.493028,15.177906,7,1,12,1,0,16.000,81,0,0,3485298688
2717,31.550136165,12.032149,12.459857,7,1,12,1,0,16.000,81,0,0,3485298688
2718,31.562026171,11.890006,12.094380,7,1,12,1,0,16.000,81,0,0,3485298688
2719,31.573580868,11.554697,11.819465,7,1,12,1,0,16.000,81,0,0,3485298688
2720,31.585922445,12.341577,11.585359,7,1,12,1,0,16.000,81,0,0,3485298688
2721,31.597289569,11.367124,12.289795,7,1,12,1,0,16.000,81,0,0,3485298688
2722,31.609453710,12.164141,11.387084,7,1,12,1,0,16.000,81,0,0,3485298688
2723,31.622744297,13.290587,12.165623,7,1,12,1,0,16.000,81,0,0,3485298688
2724,31.634663653,11.919356,13.371497,7,1,12,1,0,16.000,81,0,0,3485298688
2725,31.647668413,13.004760,11.866575,7,1,12,1,0,16.000,81,0,0,3485310976
2726,31.660242863,12.574450,12.998930,7,1,12,1,0,16.000,81,0,0,3485310976
2727,31.673318714,13.075851,12.550819,7,1,12,1,0,16.000,81,0,0,3485310976
2728,31.686408016,13.089302,13.083282,7,1,12,1,0,16.000,81,0,0,3485310976
2729,31.700102300,13.694284,13.136113,7,1,12,1,0,16.000,81,0,0,3485310976
2730,31.716175946,16.073646,13.655023,7,1,12,1,0,16.000,81,0,0,3485310976
2731,31.730479784,14.303838,16.089816,7,1,12,1,0,16.000,81,0,0,3485310976
2732,31.745104398,14.624614,14.301098,7,1,12,1,0,16.000,81,0,0,3485310976
2733,31.758867665,13.763267,14.630885,7,1,12,1,0,16.000,81,0,0,3485310976
2734,31.773383097,14.515432,13.790786,7,1,12,1,0,16.000,81,0,0,3485310976
2735,31.788316938,14.933841,14.516633,7,1,12,1,0,16.000,81,0,0,3485310976
2736,31.803077695,14.760757,14.923370,7,1,12,1,0,16.000,81,0,0,3485310976
2737,31.817495255,14.417560,14.798339,7,1,12,1,0,16.000,81,0,0,3485310976
2738,31.833260225,15.764970,14.235546,7,1,12,1,0,16.000,81,0,0,3485310976
2739,31.847581222,14.320997,15.984084,7,1,12,1,0,16.000,81,0,0,3485310976
2740,31.861460251,13.879029,14.264937,7,1,12,1,0,16.000,81,0,0,3485310976
2741,31.876018815,14.558564,13.818918,7,1,12,1,0,16.000,81,0,0,3485323264
2742,31.889934654,13.915839,14.548032,7,1,12,1,0,16.000,81,0,0,3485347840
2743,31.905340955,15.406301,13.899139,7,1,12,1,0,16.000,81,0,0,3485347840
2744,31.920588353,15.247398,15.435102,7,1,12,1,0,16.000,81,0,0,3485347840
2745,31.934148875,13.560522,15.645926,7,1,12,1,0,16.000,81,0,0,3485347840
2746,31.948634036,14.485161,13.187494,7,1,12,1,0,16.000,81,0,0,3485347840
2747,31.963532976,14.898940,14.537843,7,1,12,1,0,16.000,81,0,0,3485351936
2748,31.978163052,14.630076,14.891101,7,1,12,1,0,16.000,81,0,0,3485351936
2749,31.993998772,15.835720,14.607553,7,1,12,1,0,16.000,81,0,0,3485351936
2750,32.009672879,15.674107,15.837701,7,1,12,1,0,16.000,81,0,0,3485351936
2751,32.024219192,14.546313,15.672787,7,1,12,1,0,16.000,81,0,0,3485356032
2752,32.039320147,15.100955,14.535003,7,1,12,1,0,16.000,81,0,0,3485356032
2753,32.055185638,15.865491,15.070414,7,1,12,1,0,16.000,81,0,0,3485356032
2754,32.069754891,14.569253,15.891872,7,1,12,1,0,16.000,81,0,0,3485368320
2755,32.086034022,16.279131,14.543043,7,1,12,1,0,16.000,81,0,0,3485368320
2756,32.103105809,17.071787,16.248759,7,1,12,1,0,16.000,81,0,0,3485368320
2757,32.118561911,15.456102,17.259051,7,1,12,1,0,16.000,81,0,0,3485368320
2758,32.133841311,15.279400,15.389872,7,1,12,1,0,16.000,81,0,0,3485368320
2759,32.147318610,13.477299,15.182816,7,1,12,1,0,16.000,81,0,0,3485368320
2760,32.160114575,12.795965,13.437009,7,1,12,1,0,16.000,81,0,0,3485368320
2761,32.172741446,12.626871,12.805445,7,1,12,1,0,16.000,81,0,0,3485368320
2762,32.186172586,13.431140,12.646353,7,1,12,1,0,16.000,81,0,0,3485368320
2763,32.199641145,13.468559,13.406448,7,1,12,1,0,16.000,81,0,0,3485368320
2764,32.215223991,15.582846,13.528381,7,1,12,1,0,16.000,81,0,0,3485368320
2765,32.229399865,14.175874,15.684217,7,1,12,1,0,16.000,81,0,0,3485368320
2766,32.243681382,14.281517,14.160444,7,1,12,1,0,16.000,81,0,0,3485368320
2767,32.258793337,15.111955,14.240717,7,1,12,1,0,16.000,81,0,0,3485368320
2768,32.273578896,14.785559,15.123636,7,1,12,1,0,16.000,81,0,0,3485368320
2769,32.288477236,14.898340,14.773838,7,1,12,1,0,16.000,81,0,0,3485368320
2770,32.303319636,14.842400,14.865179,7,1,12,1,0,16.000,81,0,0,3485368320
2771,32.318272907,14.953271,14.752857,7,1,12,1,0,16.000,81,0,0,3485368320
2772,32.336204613,17.931706,15.085955,7,1,12,1,0,16.000,81,0,0,3485368320
2773,32.352801569,16.596956,17.878544,7,1,12,1,0,16.000,81,0,0,3485368320
2774,32.369204923,16.403354,16.624548,7,1,12,1,0,16.000,81,0,0,3485368320
2775,32.385873051,16.668128,16.385672,7,1,12,1,0,16.000,81,0,0,3485368320
2776,32.403782836,17.909785,16.684489,7,1,12,1,0,16.000,81,0,0,3485368320
2777,32.421267153,17.484317,17.910716,7,1,12,1,0,16.000,81,0,0,3485368320
2778,32.436527281,15.260128,17.523696,7,1,12,1,0,16.000,81,0,0,3485368320
2779,32.453404534,16.877253,15.155856,7,1,12,1,0,16.000,81,0,0,3485372416
2780,32.471196807,17.792273,16.842143,7,1,12,1,0,16.000,81,0,0,3485376512
2781,32.489368968,18.172161,17.778562,7,1,12,1,0,16.000,81,0,0,3485376512
2782,32.505915183,16.546215,18.161821,7,1,12,1,0,16.000,81,0,0,3485376512
2783,32.523946521,18.031338,16.552986,7,1,12,1,0,16.000,81,0,0,3485376512
2784,32.540749562,16.803041,18.040278,7,1,12,1,0,16.000,81,0,0,3485376512
2785,32.556731186,15.981624,16.833993,7,1,12,1,0,16.000,81,0,0,3485376512
2786,32.574617251,17.886065,15.968033,7,1,12,1,0,16.000,81,0,0,3485376512
2787,32.591149287,16.532036,17.910564,7,1,12,1,0,16.000,81,0,0,3485376512
2788,32.608124362,16.975075,16.474625,7,1,12,1,0,16.000,81,0,0,3485376512
2789,32.624508854,16.384492,16.974265,7,1,12,1,0,16.000,81,0,0,3485376512
2790,32.639804673,15.295819,16.386762,7,1,12,1,0,16.000,81,0,0,3485376512
2791,32.655361688,15.557015,15.310700,7,1,12,1,0,16.000,81,0,0,3485376512
2792,32.670516124,15.154436,15.539944,7,1,12,1,0,16.000,81,0,0,3485376512
2793,32.686716692,16.200568,15.343960,7,1,12,1,0,16.000,81,0,0,3485376512
2794,32.702056913,15.340221,16.038565,7,1,12,1,0,16.000,81,0,0,3485376512
2795,32.718257051,16.200138,15.339960,7,1,12,1,0,16.000,81,0,0,3485376512
2796,32.734490100,16.233049,16.182568,7,1,12,1,0,16.000,81,0,0,3485376512
2797,32.750492564,16.002464,16.247180,7,1,12,1,0,16.000,81,0,0,3485376512
2798,32.767050440,16.557876,15.983133,7,1,12,1,0,16.000,81,0,0,3485376512
2799,32.782615055,15.564615,16.578837,7,1,12,1,0,16.000,81,0,0,3485376512
2800,32.797815882,15.200827,15.577825,7,1,12,1,0,16.000,81,0,0,3485376512
2801,32.814456900,16.641018,15.336410,7,1,12,1,0,16.000,81,0,0,3485376512
2802,32.830179689,15.722789,16.474914,7,1,12,1,0,16.000,81,0,0,3485376512
2803,32.845759663,15.579974,15.733739,7,1,12,1,0,16.000,81,0,0,3485376512
2804,32.861570633,15.810970,15.564244,7,1,12,1,0,16.000,81,0,0,3485376512
2805,32.877224930,15.654297,15.810041,7,1,12,1,0,16.000,81,0,0,3485376512
2806,32.892303015,15.078085,15.658247,7,1,12,1,0,16.000,81,0,0,3485376512
2807,32.907193915,14.890900,15.078064,7,1,12,1,0,16.000,81,0,0,3485376512
2808,32.921869760,14.675845,14.888290,7,1,12,1,0,16.000,81,0,0,3485376512
2809,32.936658288,14.788528,14.691677,7,1,12,1,0,16.000,81,0,0,3485376512
2810,32.954606634,17.948346,14.790957,7,1,12,1,0,16.000,81,0,0,3485376512
2811,32.970542837,15.936203,17.930406,7,1,12,1,0,16.000,81,0,0,3485376512
2812,32.986235805,15.692968,15.934533,7,1,12,1,0,16.000,81,0,0,3485376512
2813,33.002187068,15.951263,15.690457,7,1,12,1,0,16.000,81,0,0,3485376512
2814,33.017922436,15.735368,15.955084,7,1,12,1,0,16.000,81,0,0,3485376512
2815,33.033394159,15.471723,15.734248,7,1,12,1,0,16.000,81,0,0,3485376512
2816,33.048361891,14.967732,15.477923,7,1,12,1,0,16.000,81,0,0,3485376512
2817,33.063282782,14.920891,15.031553,7,1,12,1,0,16.000,81,0,0,3485380608
2818,33.078222324,14.939542,14.921551,7,1,12,1,0,16.000,81,0,0,3485380608
2819,33.093953942,15.731618,14.934921,7,1,12,1,0,16.000,81,0,0,3485380608
2820,33.108464494,14.510552,15.773660,7,1,12,1,0,16.000,81,0,0,3485380608
2821,33.123008956,14.544462,14.471621,7,1,12,1,0,16.000,81,0,0,3485380608
2822,33.137378136,14.369180,14.568583,7,1,12,1,0,16.000,81,0,0,3485380608
2823,33.152183924,14.805788,14.343439,7,1,12,1,0,16.000,81,0,0,3485380608
2824,33.167836301,15.652377,14.808578,7,1,12,1,0,16.000,81,0,0,3485380608
2825,33.183048188,15.211887,15.705768,7,1,12,1,0,16.000,81,0,0,3485380608
2826,33.199135174,16.086986,15.177487,7,1,12,1,0,16.000,81,0,0,3485380608
2827,33.214373162,15.237988,16.073825,7,1,12,1,0,16.000,81,0,0,3485380608
2828,33.229362835,14.989673,15.328190,7,1,12,1,0,16.000,81,0,0,3485380608
2829,33.244298826,14.935991,14.958392,7,1,12,1,0,16.000,81,0,0,3485380608
2830,33.258559282,14.260456,14.945791,7,1,12,1,0,16.000,81,0,0,3485380608
2831,33.272803449,14.244167,14.300857,7,1,12,1,0,16.000,81,0,0,3485380608
2832,33.287691339,14.887890,14.253228,7,1,12,1,0,16.000,81,0,0,3485380608
2833,33.301817953,14.126614,14.906330,7,1,12,1,0,16.000,81,0,0,3485380608
2834,33.318036911,16.218958,14.113984,7,1,12,1,0,16.000,81,0,0,3485380608
2835,33.332940812,14.903901,16.197758,7,1,12,1,0,16.000,81,0,0,3485380608
2836,33.348594409,15.653597,14.870260,7,1,12,1,0,16.000,81,0,0,3485380608
2837,33.364173284,15.578875,15.680447,7,1,12,1,0,16.000,81,0,0,3485380608
2838,33.379774700,15.601416,15.503484,7,1,12,1,0,16.000,81,0,0,3485380608
2839,33.397151713,17.377013,15.624685,7,1,12,1,0,16.000,81,0,0,3485380608
2840,33.412732579,15.580866,17.328924,7,1,12,1,0,16.000,81,0,0,3485380608
2841,33.427352713,14.620134,15.611835,7,1,12,1,0,16.000,81,0,0,3485380608
2842,33.444956761,17.604048,14.609345,7,1,12,1,0,16.000,81,0,0,3485380608
2843,33.459928723,14.971962,17.581897,7,1,12,1,0,16.000,81,0,0,3485380608
2844,33.476094591,16.165868,14.992023,7,1,12,1,0,16.000,81,0,0,3485380608
2845,33.492114496,16.019905,16.167288,7,1,12,1,0,16.000,81,0,0,3485380608
2846,33.508705703,16.591207,16.014245,7,1,12,1,0,16.000,81,0,0,3485380608
2847,33.523935230,15.229527,16.619696,7,1,12,1,0,16.000,81,0,0,3485380608
2848,33.540065957,16.130727,15.195957,7,1,12,1,0,16.000,81,0,0,3485380608
2849,33.556750356,16.684399,16.135118,7,1,12,1,0,16.000,81,0,0,3485380608
2850,33.571901972,15.151616,16.708669,7,1,12,1,0,16.000,81,0,0,3485380608
2851,33.587695632,15.793660,15.124665,7,1,12,1,0,16.000,81,0,0,3485380608
2852,33.603469751,15.774119,15.964463,7,1,12,1,0,16.000,81,0,0,3485380608
2853,33.618813801,15.344050,15.636247,7,1,12,1,0,16.000,81,0,0,3485380608
2854,33.633209470,14.395669,15.353700,7,1,12,1,0,16.000,81,0,0,3485380608
2855,33.648586492,15.377022,14.354539,7,1,12,1,0,16.000,81,0,0,3485380608
2856,33.662453350,13.866858,15.396981,7,1,12,1,0,16.000,81,0,0,3485380608
2857,33.676919921,14.466571,13.839628,7,1,12,1,0,16.000,81,0,0,3485380608
2858,33.693649241,16.729320,14.469171,7,1,12,1,0,16.000,81,0,0,3485380608
2859,33.710160906,16.511665,16.764571,7,1,12,1,0,16.000,81,0,0,3485380608
2860,33.725903894,15.742988,16.484125,7,1,12,1,0,16.000,81,0,0,3485380608
2861,33.740108750,14.204856,15.734207,7,1,12,1,0,16.000,81,0,0,3485380608
2862,33.756593175,16.484425,14.206047,7,1,12,1,0,16.000,81,0,0,3485380608
2863,33.771417493,14.824318,16.518974,7,1,12,1,0,16.000,81,0,0,3485380608
2864,33.786004617,14.587124,15.294579,7,1,12,1,0,16.000,81,0,0,3485380608
2865,33.800432807,14.428190,14.252367,7,1,12,1,0,16.000,81,0,0,3485380608
2866,33.815937921,15.505114,14.415090,7,1,12,1,0,16.000,81,0,0,3485380608
2867,33.831691380,15.753459,15.381310,7,1,12,1,0,16.000,81,0,0,3485380608
2868,33.846944468,15.253088,15.840821,7,1,12,1,0,16.000,81,0,0,3485380608
2869,33.861948821,15.004353,15.262568,7,1,12,1,0,16.000,81,0,0,3485380608
2870,33.877262560,15.313739,15.040634,7,1,12,1,0,16.000,81,0,0,3485380608
2871,33.891927585,14.665025,15.250329,7,1,12,1,0,16.000,81,0,0,3485380608
2872,33.907974271,16.046686,14.613343,7,1,12,1,0,16.000,81,0,0,3485380608
2873,33.925003807,17.029536,15.994814,7,1,12,1,0,16.000,81,0,0,3485380608
2874,33.940501181,15.497374,16.990196,7,1,12,1,0,16.000,81,0,0,3485380608
2875,33.956061175,15.559994,15.617876,7,1,12,1,0,16.000,81,0,0,3485380608
2876,33.971697232,15.636057,15.431892,7,1,12,1,0,16.000,81,0,0,3485380608
2877,33.986324975,14.627743,15.610306,7,1,12,1,0,16.000,81,0,0,3485380608
2878,34.004800673,18.475698,14.588864,7,1,12,1,0,16.000,81,0,0,3485380608
2879,34.021666656,16.865983,18.507238,7,1,12,1,0,16.000,81,0,0,3485380608
2880,34.036244049,14.577393,16.884053,7,1,12,1,0,16.000,81,0,0,3485380608
2881,34.051172350,14.928301,14.545172,7,1,12,1,0,16.000,81,0,0,3485380608
2882,34.065624402,14.452052,14.925731,7,1,12,1,0,16.000,81,0,0,3485380608
2883,34.079869498,14.245096,14.445942,7,1,12,1,0,16.000,81,0,0,3485380608
2884,34.094941312,15.071814,14.342948,7,1,12,1,0,16.000,81,0,0,3485380608
2885,34.109632528,14.691216,15.084394,7,1,12,1,0,16.000,81,0,0,3485380608
2886,34.125123641,15.491113,14.779348,7,1,12,1,0,16.000,81,0,0,3485380608
2887,34.139921480,14.797839,15.471323,7,1,12,1,0,16.000,81,0,0,3485380608
2888,34.155470814,15.549334,14.706476,7,1,12,1,0,16.000,81,0,0,3485380608
2889,34.170070788,14.599974,15.543395,7,1,12,1,0,16.000,81,0,0,3485380608
2890,34.184436957,14.366169,14.609304,7,1,12,1,0,16.000,81,0,0,3485380608
2891,34.199649145,15.212188,14.350759,7,1,12,1,0,16.000,81,0,0,3485380608
2892,34.213922321,14.273176,15.237677,7,1,12,1,0,16.000,81,0,0,3485380608
2893,34.228853693,14.931372,14.240116,7,1,12,1,0,16.000,81,0,0,3485380608
2894,34.246091263,17.237570,14.948822,8,1,12,1,0,16.000,81,0,0,3485380608
2895,34.442988218,196.896955,17.210020,8,1,12,1,0,16.000,81,0,0,3490713600
2896,34.450762076,7.773858,196.843704,8,1,12,1,0,16.000,81,0,0,3490746368
2897,34.459941873,9.179797,7.721866,8,1,12,1,0,16.000,81,0,0,3490803712
2898,34.474709731,14.767858,9.148867,8,1,12,1,0,16.000,81,0,0,3490856960
2899,34.492769419,18.059688,14.777868,8,1,12,1,0,16.000,81,0,0,3490856960
2900,34.508737343,15.967924,18.088739,8,1,12,1,0,16.000,81,0,0,3490856960
2901,34.525511543,16.774200,16.023735,8,1,12,1,0,16.000,81,0,0,3490856960
2902,34.541369784,15.858241,16.751090,8,1,12,1,0,16.000,81,0,0,3490856960
2903,34.556436098,15.066314,15.876071,8,1,12,1,0,16.000,81,0,0,3490856960
2904,34.571172215,14.736117,15.153117,8,1,12,1,0,16.000,81,0,0,3490856960
2905,34.586322541,15.150326,14.749716,8,1,12,1,0,16.000,81,0,0,3490856960
2906,34.601363604,15.041063,15.158396,8,1,12,1,0,16.000,81,0,0,3490856960
2907,34.616680884,15.317280,15.044704,8,1,12,1,0,16.000,81,0,0,3490856960
2908,34.631634125,14.953241,15.339820,8,1,12,1,0,16.000,81,0,0,3490856960
2909,34.646411773,14.777648,14.960592,8,1,12,1,0,16.000,81,0,0,3490856960
2910,34.660422175,14.010402,14.669665,8,1,12,1,0,16.000,81,0,0,3490856960
2911,34.674508527,14.086352,14.011031,8,1,12,1,0,16.000,81,0,0,3490856960
2912,34.690401979,15.893452,14.038002,8,1,12,1,0,16.000,81,0,0,3490856960
2913,34.705583116,15.181137,15.978464,8,1,12,1,0,16.000,81,0,0,3490856960
2914,34.720607219,15.024103,15.295850,8,1,12,1,0,16.000,81,0,0,3490856960
2915,34.736316037,15.708818,14.813108,8,1,12,1,0,16.000,81,0,0,3490856960
2916,34.748915708,12.599671,15.717668,8,1,12,1,0,16.000,81,0,0,3490856960
2917,34.763650585,14.734877,12.644022,8,1,12,1,0,16.000,81,0,0,3490856960
2918,34.777112655,13.462070,14.800739,8,1,12,1,0,16.000,81,0,0,3490856960
2919,34.793795243,16.682588,13.298285,8,1,12,1,0,16.000,81,0,0,3490856960
2920,34.810871071,17.075828,16.780731,8,1,12,1,0,16.000,81,0,0,3490856960
2921,34.826239571,15.368500,17.231001,8,1,12,1,0,16.000,81,0,0,3490856960
2922,34.841535020,15.295449,15.282498,8,1,12,1,0,16.000,81,0,0,3490856960
2923,34.858852593,17.317573,15.331781,8,1,12,1,0,16.000,81,0,0,3490856960
2924,34.872782912,13.930319,17.332192,8,1,12,1,0,16.000,81,0,0,3490856960
2925,34.887234543,14.451631,13.898229,8,1,12,1,0,16.000,81,0,0,3490856960
2926,34.902363349,15.128806,14.407150,8,1,12,1,0,16.000,81,0,0,3490856960
2927,34.917233018,14.869669,15.126315,8,1,12,1,0,16.000,81,0,0,3490856960
2928,34.932552128,15.319110,14.879460,8,1,12,1,0,16.000,81,0,0,3490856960
2929,34.948434969,15.882841,15.306870,8,1,12,1,0,16.000,81,0,0,3490856960
2930,34.963736728,15.301759,15.877990,8,1,12,1,0,16.000,81,0,0,3490856960
2931,34.979022278,15.285550,15.359332,8,1,12,1,0,16.000,81,0,0,3490856960
2932,34.994404738,15.382460,15.245637,8,1,12,1,0,16.000,81,0,0,3490856960
2933,35.009412621,15.007883,15.363250,8,1,12,1,0,16.000,81,0,0,3490856960
2934,35.023675907,14.263286,15.009513,8,1,12,1,0,16.000,81,0,0,3490856960
2935,35.037957925,14.282018,14.281028,8,1,12,1,0,16.000,81,0,0,3490856960
2936,35.053185193,15.227268,14.250326,8,1,12,1,0,16.000,81,0,0,3490856960
2937,35.069603545,16.418352,15.239268,8,1,12,1,0,16.000,81,0,0,3490856960
2938,35.083942094,14.338549,16.448794,8,1,12,1,0,16.000,81,0,0,3490856960
2939,35.098608789,14.666695,14.307008,8,1,12,1,0,16.000,81,0,0,3490856960
2940,35.111970067,13.361278,14.686046,8,1,12,1,0,16.000,81,0,0,3490856960
2941,35.129218578,17.248511,13.339136,8,1,12,1,0,16.000,81,0,0,3490856960
2942,35.144318173,15.099595,17.255451,8,1,12,1,0,16.000,81,0,0,3490856960
2943,35.158811544,14.493371,15.097175,8,1,12,1,0,16.000,81,0,0,3490856960
2944,35.174361799,15.550255,14.534003,8,1,12,1,0,16.000,81,0,0,3490856960
2945,35.189906093,15.544294,15.500553,8,1,12,1,0,16.000,81,0,0,3490856960
2946,35.204284922,14.378829,15.543735,8,1,12,1,0,16.000,81,0,0,3490856960
2947,35.219752165,15.467243,14.385559,8,1,12,1,0,16.000,81,0,0,3490856960
2948,35.236485195,16.733030,15.540344,8,1,12,1,0,16.000,81,0,0,3490856960
2949,35.251858365,15.373170,16.867273,8,1,12,1,0,16.000,81,0,0,3490856960
2950,35.267438531,15.580166,15.267608,8,1,12,1,0,16.000,81,0,0,3490856960
2951,35.281825710,14.387179,15.494843,8,1,12,1,0,16.000,81,0,0,3490856960
2952,35.297051768,15.226058,14.399930,8,1,12,1,0,16.000,81,0,0,3490856960
2953,35.311718813,14.667045,15.216737,8,1,12,1,0,16.000,81,0,0,3490856960
2954,35.326666344,14.947531,14.905611,8,1,12,1,0,16.000,81,0,0,3490856960
2955,35.341022864,14.356520,14.683835,8,1,12,1,0,16.000,81,0,0,3490856960
2956,35.354512143,13.489279,14.313669,8,1,12,1,0,16.000,81,0,0,3490856960
2957,35.369618648,15.106505,13.481619,8,1,12,1,0,16.000,81,0,0,3490856960
2958,35.383613809,13.995161,15.102235,8,1,12,1,0,16.000,81,0,0,3490856960
2959,35.397921247,14.307438,14.004561,8,1,12,1,0,16.000,81,0,0,3490856960
2960,35.412931710,15.010463,14.301979,8,1,12,1,0,16.000,81,0,0,3490856960
2961,35.427153756,14.222046,14.996632,8,1,12,1,0,16.000,81,0,0,3490856960
2962,35.441107936,13.954180,14.275577,8,1,12,1,0,16.000,81,0,0,3490856960
2963,35.455047806,13.939870,13.931010,8,1,12,1,0,16.000,81,0,0,3490856960
2964,35.469312003,14.264197,13.937610,8,1,12,1,0,16.000,81,0,0,3490856960
2965,35.483377585,14.065582,14.265406,8,1,12,1,0,16.000,81,0,0,3490856960
2966,35.497652832,14.275247,14.097173,8,1,12,1,0,16.000,81,0,0,3490856960
2967,35.511167843,13.515011,14.248886,8,1,12,1,0,16.000,81,0,0,3490856960
2968,35.526218687,15.050844,13.582133,8,1,12,1,0,16.000,81,0,0,3490856960
2969,35.542029846,15.811159,15.067844,8,1,12,1,0,16.000,81,0,0,3490856960
2970,35.557437238,15.407392,15.813810,8,1,12,1,0,16.000,81,0,0,3490856960
2971,35.572350399,14.913161,15.407891,8,1,12,1,0,16.000,81,0,0,3490856960
2972,35.588290702,15.940303,14.909431,8,1,12,1,0,16.000,81,0,0,3490856960
2973,35.603304745,15.014043,15.924063,8,1,12,1,0,16.000,81,0,0,3490856960
2974,35.618366969,15.062224,15.025083,8,1,12,1,0,16.000,81,0,0,3490856960
2975,35.634131508,15.764539,15.058654,8,1,12,1,0,16.000,81,0,0,3490856960
2976,35.649242973,15.111465,15.780809,8,1,12,1,0,16.000,81,0,0,3490856960
2977,35.664471200,15.228227,15.125295,8,1,12,1,0,16.000,81,0,0,3490856960
2978,35.678944341,14.473141,15.215877,8,1,12,1,0,16.000,81,0,0,3490856960
2979,35.694339353,15.395012,14.514033,8,1,12,1,0,16.000,81,0,0,3490856960
2980,35.709514139,15.174786,15.348930,8,1,12,1,0,16.000,81,0,0,3490856960
2981,35.724499531,14.985392,15.153156,8,1,12,1,0,16.000,81,0,0,3490856960
2982,35.739753299,15.253768,14.983602,8,1,12,1,0,16.000,81,0,0,3490856960
2983,35.754593488,14.840189,15.421572,8,1,12,1,0,16.000,81,0,0,3490856960
2984,35.769572581,14.979093,14.853459,8,1,12,1,0,16.000,81,0,0,3490856960
2985,35.785660186,16.087605,15.001682,8,1,12,1,0,16.000,81,0,0,3490856960
2986,35.801470957,15.810771,15.931133,8,1,12,1,0,16.000,81,0,0,3490856960
2987,35.818284889,16.813932,15.768220,8,1,12,1,0,16.000,81,0,0,3490856960
2988,35.832814841,14.529952,16.803611,8,1,12,1,0,16.000,81,0,0,3490856960
2989,35.847858594,15.043753,14.554803,8,1,12,1,0,16.000,81,0,0,3490856960
2990,35.862061679,14.203085,15.042934,8,1,12,1,0,16.000,81,0,0,3490856960
2991,35.876020250,13.958571,14.182415,8,1,12,1,0,16.000,81,0,0,3490856960
2992,35.891015302,14.995052,13.950460,8,1,12,1,0,16.000,81,0,0,3490856960
2993,35.904517963,13.502661,15.169016,8,1,12,1,0,16.000,81,0,0,3490856960
2994,35.920388174,15.870211,13.348547,8,1,12,1,0,16.000,81,0,0,3490856960
2995,35.935023169,14.634995,15.855101,8,1,12,1,0,16.000,81,0,0,3490856960
2996,35.949976220,14.953051,14.667336,8,1,12,1,0,16.000,81,0,0,3490856960
2997,35.964830570,14.854350,14.922221,8,1,12,1,0,16.000,81,0,0,3490856960
2998,35.980441036,15.610466,14.897269,8,1,12,1,0,16.000,81,0,0,3490856960
2999,35.994459758,14.018722,15.571016,8,1,12,1,0,16.000,81,0,0,3490856960
3000,36.009013270,14.553512,14.103253,8,1,12,1,0,16.000,81,0,0,3490856960
3001,36.024410012,15.396742,14.473112,8,1,12,1,0,16.000,81,0,0,3490856960
3002,36.039103677,14.693665,15.391430,8,1,12,1,0,16.000,81,0,0,3490856960
3003,36.054636262,15.532585,14.824819,8,1,12,1,0,16.000,81,0,0,3490856960
3004,36.069816828,15.180566,15.462353,8,1,12,1,0,16.000,81,0,0,3490856960
3005,36.084810941,14.994113,15.292499,8,1,12,1,0,16.000,81,0,0,3490856960
3006,36.099123238,14.312297,14.923200,8,1,12,1,0,16.000,81,0,0,3490856960
3007,36.113437987,14.314749,14.189656,8,1,12,1,0,16.000,81,0,0,3490856960
3008,36.128443309,15.005322,14.399850,8,1,12,1,0,16.000,81,0,0,3490856960
3009,36.145391234,16.947925,14.989342,8,1,12,1,0,16.000,81,0,0,3490856960
3010,36.161785066,16.393832,17.048527,8,1,12,1,0,16.000,81,0,0,3490856960
3011,36.177217528,15.432462,16.412502,8,1,12,1,0,16.000,81,0,0,3490856960
3012,36.192349554,15.132026,15.402432,8,1,12,1,0,16.000,81,0,0,3490856960
3013,36.207871877,15.522323,15.055804,8,1,12,1,0,16.000,81,0,0,3490856960
3014,36.223140915,15.269038,15.625506,8,1,12,1,0,16.000,81,0,0,3490856960
3015,36.238866654,15.725739,15.178247,8,1,12,1,0,16.000,81,0,0,3490856960
