frame,wall_ms,sim_ms,phase,power,dormant,revision,panel_health,physics,debris_x,debris_y,debris_z,player_x,player_y,player_z,health,ammo,rival_health,infected_health
604,12.895630,260.871727,1,0,1,0,68.000,0,6500.000,700.000,110.000,0.000,0.000,90.000,100.000,60,-1.000,-1.000
605,20.199439,16.667273,1,0,1,0,68.000,0,6500.000,700.000,110.000,0.000,0.000,90.000,100.000,60,-1.000,-1.000
606,19.072304,16.667262,1,0,1,0,68.000,0,6500.000,700.000,110.000,0.000,0.000,90.000,100.000,60,-1.000,-1.000
607,14.079206,18.679755,1,0,1,0,68.000,0,6500.000,700.000,110.000,0.000,0.000,90.000,100.000,60,-1.000,-1.000
608,16.913257,16.667753,1,0,1,0,68.000,0,6500.000,700.000,110.000,6140.000,390.000,90.000,100.000,60,-1.000,-1.000
609,18.226766,16.667942,1,0,0,0,68.000,0,6500.000,700.000,110.000,6140.000,390.000,90.000,100.000,60,-1.000,-1.000
610,24.456322,16.851706,1,0,0,0,68.000,0,6500.000,700.000,110.000,6140.000,390.000,90.000,100.000,60,-1.000,-1.000
611,17.648693,23.674894,1,0,0,0,68.000,0,6500.000,700.000,110.000,6140.000,390.000,90.000,100.000,60,-1.000,-1.000
612,14.429684,17.481271,1,0,0,0,68.000,0,6500.000,700.000,110.000,6140.000,390.000,90.000,100.000,60,-1.000,-1.000
613,13.903272,16.667351,1,0,0,0,68.000,0,6500.000,700.000,110.000,6140.000,390.000,90.000,100.000,60,-1.000,-1.000
614,13.669976,16.667402,1,0,0,0,68.000,0,6500.000,700.000,110.000,6140.000,390.000,90.000,100.000,60,-1.000,-1.000
615,13.364692,16.667093,1,0,0,0,68.000,0,6500.000,700.000,110.000,6140.000,390.000,90.000,100.000,60,-1.000,-1.000
616,18.633234,16.668842,1,0,0,0,68.000,0,6500.000,700.000,110.000,6140.000,390.000,90.000,100.000,60,-1.000,-1.000
617,13.896642,16.668732,1,0,0,0,68.000,0,6500.000,700.000,110.000,6140.000,390.000,90.000,100.000,60,-1.000,-1.000
618,19.968414,16.668253,1,0,0,0,68.000,0,6500.000,700.000,110.000,6140.000,390.000,90.000,100.000,60,-1.000,-1.000
619,16.089639,16.667201,1,0,0,0,68.000,0,6500.000,700.000,110.000,6140.000,390.000,90.000,100.000,60,-1.000,-1.000
620,16.862337,16.667032,1,0,0,0,68.000,0,6500.000,700.000,110.000,6140.000,390.000,90.000,100.000,60,-1.000,-1.000
621,12.427350,16.667523,1,0,0,0,68.000,0,6500.000,700.000,110.000,6140.000,390.000,90.000,100.000,60,-1.000,-1.000
622,21.337964,16.667181,1,0,0,0,68.000,0,6500.000,700.000,110.000,6140.000,390.000,90.000,100.000,60,-1.000,-1.000
623,16.834885,16.668223,1,0,0,0,68.000,0,6500.000,700.000,110.000,6140.000,390.000,90.000,100.000,60,-1.000,-1.000
624,16.763715,16.667052,1,0,0,0,68.000,0,6500.000,700.000,110.000,6140.000,390.000,90.000,100.000,60,-1.000,-1.000
625,17.598052,16.667872,1,0,0,0,68.000,0,6500.000,700.000,110.000,6140.000,390.000,90.000,100.000,60,-1.000,-1.000
626,16.835966,16.666992,1,0,0,0,68.000,0,6500.000,700.000,110.000,6140.000,390.000,90.000,100.000,60,-1.000,-1.000
627,16.739564,16.667493,1,0,0,0,68.000,0,6500.000,700.000,110.000,6140.000,390.000,90.000,100.000,60,-1.000,-1.000
628,11.163742,16.667671,1,0,0,0,68.000,0,6500.000,700.000,110.000,6140.000,390.000,90.000,100.000,60,-1.000,-1.000
629,16.479888,16.667513,1,0,0,0,68.000,0,6500.000,700.000,110.000,6140.000,390.000,90.000,100.000,60,-1.000,-1.000
630,18.595694,16.667242,1,0,0,0,68.000,0,6500.000,700.000,110.000,6140.000,390.000,90.000,100.000,60,-1.000,-1.000
631,19.969834,16.667562,1,0,0,0,68.000,0,6500.000,700.000,110.000,6140.000,390.000,90.000,100.000,60,-1.000,-1.000
632,11.783256,16.667542,1,0,0,0,68.000,0,6500.000,700.000,110.000,6140.000,390.000,90.000,100.000,60,-1.000,-1.000
633,16.750743,16.668393,1,0,0,0,68.000,0,6500.000,700.000,110.000,6140.000,390.000,90.000,100.000,60,-1.000,-1.000
634,19.404473,16.667491,1,0,0,0,68.000,0,6500.000,700.000,110.000,6140.000,390.000,90.000,100.000,60,-1.000,-1.000
635,19.008533,16.668333,1,0,0,0,68.000,0,6500.000,700.000,110.000,6140.000,390.000,90.000,100.000,60,-1.000,-1.000
636,12.319457,16.667742,1,0,0,0,68.000,0,6500.000,700.000,110.000,6140.000,390.000,90.000,100.000,60,-1.000,-1.000
637,20.198139,16.668682,1,0,0,0,68.000,0,6500.000,700.000,110.000,6140.000,390.000,90.000,100.000,60,-1.000,-1.000
638,16.454698,16.668232,1,0,0,0,68.000,0,6500.000,700.000,110.000,6140.000,390.000,90.000,100.000,60,-1.000,-1.000
639,17.115571,16.668023,1,0,0,0,68.000,0,6500.000,700.000,110.000,6140.000,390.000,90.000,100.000,60,-1.000,-1.000
640,17.264455,16.668871,1,0,0,0,68.000,0,6500.000,700.000,110.000,6140.000,390.000,90.000,100.000,60,-1.000,-1.000
641,16.117870,16.668763,1,0,0,0,68.000,0,6500.000,700.000,110.000,6140.000,390.000,90.000,100.000,60,-1.000,-1.000
642,12.528593,16.668812,1,0,0,0,68.000,0,6500.000,700.000,110.000,6140.000,390.000,90.000,100.000,60,-1.000,-1.000
643,19.379891,16.709792,1,0,0,0,68.000,0,6500.000,700.000,110.000,6140.000,390.000,90.000,100.000,60,-1.000,-1.000
644,19.232367,16.668393,1,0,0,0,68.000,0,6500.000,700.000,110.000,6140.000,390.000,90.000,100.000,60,-1.000,-1.000
645,15.484567,16.667232,1,0,0,0,68.000,0,6500.000,700.000,110.000,6140.000,390.000,90.000,100.000,60,-1.000,-1.000
646,17.575002,16.667922,1,0,0,0,68.000,0,6500.000,700.000,110.000,6140.000,390.000,90.000,100.000,60,-1.000,-1.000
647,16.272924,16.667422,1,0,0,0,68.000,0,6500.000,700.000,110.000,6140.000,390.000,90.000,100.000,60,-1.000,-1.000
648,16.626611,16.667883,1,0,0,0,68.000,0,6500.000,700.000,110.000,6140.000,390.000,90.000,100.000,60,-1.000,-1.000
649,17.473430,16.668551,1,0,0,0,68.000,0,6500.000,700.000,110.000,6140.000,390.000,90.000,100.000,60,-1.000,-1.000
650,16.052938,16.668593,1,0,0,0,68.000,0,6500.000,700.000,110.000,6140.000,390.000,90.000,100.000,60,-1.000,-1.000
651,16.880337,16.668452,1,0,0,0,68.000,0,6500.000,700.000,110.000,6140.000,390.000,90.000,100.000,60,-1.000,-1.000
652,16.063479,16.667312,1,0,0,0,68.000,0,6500.000,700.000,110.000,6140.000,390.000,90.000,100.000,60,-1.000,-1.000
653,16.173152,16.667212,1,0,0,0,68.000,0,6500.000,700.000,110.000,6140.000,390.000,90.000,100.000,60,-1.000,-1.000
654,17.262274,16.668373,1,0,0,0,68.000,0,6500.000,700.000,110.000,6140.000,390.000,90.000,100.000,60,-1.000,-1.000
655,15.483687,16.667511,1,0,0,0,68.000,0,6500.000,700.000,110.000,6140.000,390.000,90.000,100.000,60,-1.000,-1.000
656,17.371987,16.668663,1,0,0,0,68.000,0,6500.000,700.000,110.000,6140.000,390.000,90.000,100.000,60,-1.000,-1.000
657,16.615712,16.668532,1,0,0,0,68.000,0,6500.000,700.000,110.000,6140.000,390.000,90.000,100.000,60,-1.000,-1.000
658,15.594658,16.667462,1,0,0,0,68.000,0,6500.000,700.000,110.000,6140.000,390.000,90.000,100.000,60,-1.000,-1.000
659,18.195175,16.667792,1,0,0,0,68.000,0,6500.000,700.000,110.000,6140.000,390.000,90.000,100.000,60,-1.000,-1.000
660,16.041429,16.667923,1,0,0,0,68.000,0,6500.000,700.000,110.000,6140.000,390.000,90.000,100.000,60,-1.000,-1.000
661,16.943308,16.668151,1,0,0,0,68.000,0,6500.000,700.000,110.000,6140.000,390.000,90.000,100.000,60,-1.000,-1.000
662,12.695996,16.668323,1,0,0,0,68.000,0,6500.000,700.000,110.000,6140.000,390.000,90.000,100.000,60,-1.000,-1.000
663,18.739207,16.667322,1,0,0,0,68.000,0,6500.000,700.000,110.000,6140.000,390.000,90.000,100.000,60,-1.000,-1.000
664,18.998793,16.668752,1,0,0,0,68.000,0,6500.000,700.000,110.000,6140.000,390.000,90.000,100.000,60,-1.000,-1.000
665,16.481408,16.668892,1,0,0,0,68.000,0,6500.000,700.000,110.000,6140.000,390.000,90.000,100.000,60,-1.000,-1.000
666,17.126372,16.668582,1,0,0,0,68.000,0,6500.000,700.000,110.000,6140.000,390.000,90.000,100.000,60,-1.000,-1.000
667,11.802656,16.668742,1,0,0,0,68.000,0,6500.000,700.000,110.000,6140.000,390.000,90.000,100.000,60,-1.000,-1.000
668,19.273759,16.668303,1,0,0,0,68.000,0,6500.000,700.000,110.000,6140.000,390.000,90.000,100.000,60,-1.000,-1.000
669,19.033585,16.667841,1,0,0,0,68.000,0,6500.000,700.000,110.000,6140.000,390.000,90.000,100.000,60,-1.000,-1.000
670,11.777565,16.667683,1,0,0,0,68.000,0,6500.000,700.000,110.000,6140.000,390.000,90.000,100.000,60,-1.000,-1.000
671,20.123557,16.707633,1,0,0,0,68.000,0,6500.000,700.000,110.000,6140.000,390.000,90.000,100.000,60,-1.000,-1.000
672,13.166437,16.667532,1,0,0,0,68.000,0,6500.000,700.000,110.000,6140.000,390.000,90.000,100.000,60,-1.000,-1.000
673,19.404271,16.667432,1,0,0,0,68.000,0,6500.000,700.000,110.000,6140.000,390.000,90.000,100.000,60,-1.000,-1.000
674,18.683846,16.667282,1,0,0,0,68.000,0,6500.000,700.000,110.000,6140.000,390.000,90.000,100.000,60,-1.000,-1.000
675,16.293564,16.667192,1,0,0,0,68.000,0,6500.000,700.000,110.000,6140.000,390.000,90.000,100.000,60,-1.000,-1.000
676,15.630020,16.668652,1,0,0,0,68.000,0,6500.000,700.000,110.000,6140.000,390.000,90.000,100.000,60,-1.000,-1.000
677,17.179363,16.667983,1,0,0,0,68.000,0,6500.000,700.000,110.000,6140.000,390.000,90.000,100.000,60,-1.000,-1.000
678,17.430618,16.668431,1,0,0,0,68.000,0,6500.000,700.000,110.000,6140.000,390.000,90.000,100.000,60,-1.000,-1.000
679,17.174843,16.668183,1,0,0,0,68.000,0,6500.000,700.000,110.000,6140.000,390.000,90.000,100.000,60,-1.000,-1.000
680,16.324415,16.667782,1,0,0,0,68.000,0,6500.000,700.000,110.000,6140.000,390.000,90.000,100.000,60,-1.000,-1.000
681,16.550020,16.667672,1,0,0,0,68.000,0,6500.000,700.000,110.000,6140.000,390.000,90.000,100.000,60,-1.000,-1.000
682,11.453649,16.667512,1,0,0,0,68.000,0,6500.000,700.000,110.000,6140.000,390.000,90.000,100.000,60,-1.000,-1.000
683,18.681105,16.668133,1,0,0,0,68.000,0,6500.000,700.000,110.000,6140.000,390.000,90.000,100.000,60,-1.000,-1.000
684,18.455742,16.668921,1,0,0,0,68.000,0,6500.000,700.000,110.000,6140.000,390.000,90.000,100.000,60,-1.000,-1.000
685,16.590040,16.667363,1,0,0,0,68.000,0,6500.000,700.000,110.000,6140.000,390.000,90.000,100.000,60,-1.000,-1.000
686,17.241435,16.668282,1,0,0,0,68.000,0,6500.000,700.000,110.000,6140.000,390.000,90.000,100.000,60,-1.000,-1.000
687,15.719191,16.668802,1,0,0,0,68.000,0,6500.000,700.000,110.000,6140.000,390.000,90.000,100.000,60,-1.000,-1.000
688,16.524239,16.668782,1,0,0,0,68.000,0,6500.000,700.000,110.000,6140.000,390.000,90.000,100.000,60,-1.000,-1.000
689,16.659502,16.668653,1,0,0,0,68.000,0,6500.000,700.000,110.000,6140.000,390.000,90.000,100.000,60,-1.000,-1.000
690,17.161733,16.668681,1,0,0,0,68.000,0,6500.000,700.000,110.000,6140.000,390.000,90.000,100.000,60,-1.000,-1.000
691,17.748545,16.668093,1,0,0,0,68.000,0,6500.000,700.000,110.000,6140.000,390.000,90.000,100.000,60,-1.000,-1.000
692,15.440176,16.668482,1,0,0,0,68.000,0,6500.000,700.000,110.000,6140.000,390.000,90.000,100.000,60,-1.000,-1.000
693,16.933128,16.668401,1,0,0,0,68.000,0,6500.000,700.000,110.000,6140.000,390.000,90.000,100.000,60,-1.000,-1.000
694,17.135622,16.668003,1,0,0,0,68.000,0,6500.000,700.000,110.000,6140.000,390.000,90.000,100.000,60,-1.000,-1.000
695,15.529337,16.667682,1,0,0,0,68.000,0,6500.000,700.000,110.000,6140.000,390.000,90.000,100.000,60,-1.000,-1.000
696,17.684045,16.666982,1,0,0,0,68.000,0,6500.000,700.000,110.000,6140.000,390.000,90.000,100.000,60,-1.000,-1.000
697,15.969307,16.668302,1,0,0,0,68.000,0,6500.000,700.000,110.000,6140.000,390.000,90.000,100.000,60,-1.000,-1.000
698,16.612861,16.667353,1,0,0,0,68.000,0,6500.000,700.000,110.000,6140.000,390.000,90.000,100.000,60,-1.000,-1.000
699,17.100681,16.668241,1,0,0,0,68.000,0,6500.000,700.000,110.000,6140.000,390.000,90.000,100.000,60,-1.000,-1.000
700,16.540939,16.668233,1,0,0,0,68.000,0,6500.000,700.000,110.000,6140.000,390.000,90.000,100.000,60,-1.000,-1.000
701,17.006480,16.669022,1,0,0,0,68.000,0,6500.000,700.000,110.000,6140.000,390.000,90.000,100.000,60,-1.000,-1.000
702,17.925259,16.667982,1,0,0,0,68.000,0,6500.000,700.000,110.000,6140.000,390.000,90.000,100.000,60,-1.000,-1.000
703,15.157110,16.667802,1,0,0,0,68.000,0,6500.000,700.000,110.000,6140.000,390.000,90.000,100.000,60,-1.000,-1.000
704,18.259887,16.667863,1,0,0,0,68.000,0,6500.000,700.000,110.000,6140.000,390.000,90.000,100.000,60,-1.000,-1.000
705,16.384896,16.667881,1,0,0,0,68.000,0,6500.000,700.000,110.000,6140.000,390.000,90.000,100.000,60,-1.000,-1.000
706,17.509990,16.668643,1,0,0,0,68.000,0,6500.000,700.000,110.000,6140.000,390.000,90.000,100.000,60,-1.000,-1.000
707,15.236441,16.667662,1,0,0,0,68.000,0,6500.000,700.000,110.000,6140.000,390.000,90.000,100.000,60,-1.000,-1.000
708,18.750387,16.667442,26,0,0,0,68.000,0,6500.000,700.000,110.000,6140.000,390.000,90.000,100.000,60,-1.000,-1.000
709,784.689699,16.669182,26,0,0,0,68.000,0,6500.000,700.000,110.000,6140.000,390.000,90.000,100.000,60,-1.000,-1.000
710,8.170707,778.289160,26,0,0,0,68.000,0,6500.000,700.000,110.000,6140.000,390.000,90.000,100.000,60,-1.000,-1.000
711,10.509439,16.668442,26,0,0,0,68.000,0,6500.000,700.000,110.000,6140.000,390.000,90.000,100.000,60,-1.000,-1.000
712,19.440302,16.667382,26,0,0,0,68.000,0,6500.000,700.000,110.000,6140.000,390.000,90.000,100.000,60,-1.000,-1.000
713,20.105027,16.667572,26,0,0,0,68.000,0,6500.000,700.000,110.000,6140.000,390.000,90.000,100.000,60,-1.000,-1.000
714,11.656093,16.668272,26,0,0,0,68.000,0,6500.000,700.000,110.000,6140.000,390.000,90.000,100.000,60,-1.000,-1.000
715,17.382908,16.668642,2,0,0,0,68.000,0,6500.000,700.000,110.000,6140.000,390.000,90.000,100.000,60,-1.000,-1.000
716,19.824861,16.668292,2,1,0,1,68.000,0,6500.000,700.000,110.000,6140.000,390.000,90.000,100.000,60,-1.000,-1.000
717,13.404221,16.668173,2,1,0,1,68.000,0,6500.000,700.000,110.000,6140.000,390.000,90.000,100.000,60,-1.000,-1.000
718,16.764434,16.668131,2,1,0,1,68.000,0,6500.000,700.000,110.000,6140.000,390.000,90.000,100.000,60,-1.000,-1.000
719,16.374035,16.668713,2,1,0,1,68.000,0,6500.000,700.000,110.000,6140.000,390.000,90.000,100.000,60,-1.000,-1.000
720,19.940224,16.668822,2,1,0,1,68.000,0,6500.000,700.000,110.000,6140.000,390.000,90.000,100.000,60,-1.000,-1.000
721,13.354150,16.667762,2,1,0,1,68.000,0,6500.000,700.000,110.000,6140.000,390.000,90.000,100.000,60,-1.000,-1.000
722,20.327392,16.668642,2,1,0,1,68.000,0,6500.000,700.000,110.000,6140.000,390.000,90.000,100.000,60,-1.000,-1.000
723,18.864310,16.667683,2,1,0,1,68.000,0,6500.000,700.000,110.000,6140.000,390.000,90.000,100.000,60,-1.000,-1.000
724,11.128811,16.667431,2,1,0,1,68.000,0,6500.000,700.000,110.000,6140.000,390.000,90.000,100.000,60,-1.000,-1.000
725,20.359972,16.667943,2,1,0,1,68.000,0,6500.000,700.000,110.000,6140.000,390.000,90.000,100.000,60,-1.000,-1.000
726,16.252764,16.668442,2,1,0,1,68.000,0,6500.000,700.000,110.000,6140.000,390.000,90.000,100.000,60,-1.000,-1.000
727,18.106764,16.668932,2,1,0,1,68.000,0,6500.000,700.000,110.000,6140.000,390.000,90.000,100.000,60,-1.000,-1.000
728,11.631312,16.667512,2,1,0,1,68.000,0,6500.000,700.000,110.000,6140.000,390.000,90.000,100.000,60,-1.000,-1.000
729,20.112907,16.667273,2,1,0,1,68.000,0,6500.000,700.000,110.000,6140.000,390.000,90.000,100.000,60,-1.000,-1.000
730,18.047812,16.667801,2,1,0,1,68.000,0,6500.000,700.000,110.000,6140.000,390.000,90.000,100.000,60,-1.000,-1.000
731,17.178604,16.668093,2,1,0,1,68.000,0,6500.000,700.000,110.000,6140.000,390.000,90.000,100.000,60,-1.000,-1.000
732,16.041148,16.667572,2,1,0,1,68.000,0,6500.000,700.000,110.000,6140.000,390.000,90.000,100.000,60,-1.000,-1.000
733,17.864318,16.667842,2,1,0,1,68.000,0,6500.000,700.000,110.000,6140.000,390.000,90.000,100.000,60,-1.000,-1.000
734,11.415588,16.667892,2,1,0,1,68.000,0,6500.000,700.000,110.000,6140.000,390.000,90.000,100.000,60,-1.000,-1.000
735,16.122430,16.667142,2,1,0,1,68.000,0,6500.000,700.000,110.000,6140.000,390.000,90.000,100.000,60,-1.000,-1.000
736,16.525430,16.668072,2,1,0,1,68.000,0,6500.000,700.000,110.000,6140.000,390.000,90.000,100.000,60,-1.000,-1.000
737,20.487064,16.668392,2,1,0,1,68.000,0,6500.000,700.000,110.000,6140.000,390.000,90.000,100.000,60,-1.000,-1.000
738,17.208044,16.668033,2,1,0,1,68.000,0,6500.000,700.000,110.000,6140.000,390.000,90.000,100.000,60,-1.000,-1.000
739,17.351258,16.667121,3,1,0,1,68.000,0,6500.000,700.000,110.000,6140.000,390.000,90.000,100.000,60,-1.000,-1.000
740,11.751614,16.667683,3,1,0,1,68.000,0,6500.000,700.000,110.000,5900.000,390.000,90.000,100.000,60,-1.000,-1.000
741,16.538780,16.668502,3,1,0,1,68.000,0,6500.000,700.000,110.000,5900.000,390.000,90.000,100.000,60,-1.000,-1.000
742,16.540309,16.667302,3,1,0,1,68.000,0,6500.000,700.000,110.000,5900.000,390.000,90.000,100.000,60,-1.000,-1.000
743,20.225520,16.668202,3,1,0,1,68.000,0,6500.000,700.000,110.000,5900.000,390.000,90.000,100.000,60,-1.000,-1.000
744,17.138922,16.667233,3,1,0,1,68.000,0,6500.000,700.000,110.000,5900.000,390.000,90.000,100.000,60,-1.000,-1.000
745,18.435540,16.669051,3,1,0,1,68.000,0,6500.000,700.000,110.000,5900.000,390.000,90.000,100.000,60,-1.000,-1.000
746,15.062958,16.668143,3,1,0,1,68.000,0,6500.000,700.000,110.000,5900.000,390.000,90.000,100.000,60,-1.000,-1.000
747,15.676420,17.292035,3,1,0,1,68.000,0,6500.000,700.000,110.000,5900.000,390.000,90.000,100.000,60,-1.000,-1.000
748,15.620900,16.668643,3,1,0,1,68.000,0,6500.000,700.000,110.000,5900.000,390.000,90.000,100.000,60,-1.000,-1.000
749,19.898852,16.667861,3,1,0,1,68.000,0,6500.000,700.000,110.000,5900.000,390.000,90.000,100.000,60,-1.000,-1.000
750,12.709316,16.667302,3,1,0,1,68.000,0,6500.000,700.000,110.000,5900.000,390.000,90.000,100.000,60,-1.000,-1.000
751,21.191500,16.667183,3,1,0,1,68.000,0,6500.000,700.000,110.000,5900.000,390.000,90.000,100.000,60,-1.000,-1.000
752,16.218223,16.667211,3,1,0,1,68.000,0,6500.000,700.000,110.000,5900.000,390.000,90.000,100.000,60,-1.000,-1.000
753,17.178824,16.667853,3,1,0,1,68.000,0,6500.000,700.000,110.000,5900.000,390.000,90.000,100.000,60,-1.000,-1.000
754,16.920017,16.668362,3,1,0,1,68.000,0,6500.000,700.000,110.000,5900.000,390.000,90.000,100.000,60,-1.000,-1.000
755,18.072343,16.669132,3,1,0,1,68.000,0,6500.000,700.000,110.000,5900.000,390.000,90.000,100.000,60,-1.000,-1.000
756,9.833384,16.668312,3,1,0,1,68.000,0,6500.000,700.000,110.000,5900.000,390.000,90.000,100.000,60,-1.000,-1.000
757,18.446160,16.667593,3,1,0,1,68.000,0,6500.000,700.000,110.000,5900.000,390.000,90.000,100.000,60,-1.000,-1.000
758,19.767840,16.668431,3,1,0,1,68.000,0,6500.000,700.000,110.000,5900.000,390.000,90.000,100.000,60,-1.000,-1.000
759,15.900625,16.668813,3,1,0,1,68.000,0,6500.000,700.000,110.000,5900.000,390.000,90.000,100.000,60,-1.000,-1.000
760,16.643041,16.668392,3,1,0,1,68.000,0,6500.000,700.000,110.000,5900.000,390.000,90.000,100.000,60,-1.000,-1.000
761,16.098540,16.667772,3,1,0,1,68.000,0,6500.000,700.000,110.000,5900.000,390.000,90.000,100.000,60,-1.000,-1.000
762,16.708233,16.668532,3,1,0,1,68.000,0,6500.000,700.000,110.000,5900.000,390.000,90.000,100.000,60,-1.000,-1.000
763,17.427538,16.668443,3,1,0,1,68.000,0,6500.000,700.000,110.000,5900.000,390.000,90.000,100.000,60,-1.000,-1.000
764,16.169032,16.667691,3,1,0,1,68.000,0,6500.000,700.000,110.000,5900.000,390.000,90.000,100.000,60,-1.000,-1.000
765,16.134111,16.667463,3,1,0,1,68.000,0,6500.000,700.000,110.000,5900.000,390.000,90.000,100.000,60,-1.000,-1.000
766,16.886247,16.667402,3,1,0,1,68.000,0,6500.000,700.000,110.000,5900.000,390.000,90.000,100.000,60,-1.000,-1.000
767,16.798164,16.668541,3,1,0,1,68.000,0,6500.000,700.000,110.000,5900.000,390.000,90.000,100.000,60,-1.000,-1.000
768,16.933868,16.667613,3,1,0,1,68.000,0,6500.000,700.000,110.000,5900.000,390.000,90.000,100.000,60,-1.000,-1.000
769,17.037300,16.668742,3,1,0,1,68.000,0,6500.000,700.000,110.000,5900.000,390.000,90.000,100.000,60,-1.000,-1.000
770,17.527181,16.668112,3,1,0,1,68.000,0,6500.000,700.000,110.000,5900.000,390.000,90.000,100.000,60,-1.000,-1.000
771,11.591153,16.668252,3,1,0,1,68.000,0,6500.000,700.000,110.000,5900.000,390.000,90.000,100.000,60,-1.000,-1.000
772,16.901156,16.668733,3,1,0,1,68.000,0,6500.000,700.000,110.000,5900.000,390.000,90.000,100.000,60,-1.000,-1.000
773,16.640682,16.667301,3,1,0,1,68.000,0,6500.000,700.000,110.000,5900.000,390.000,90.000,100.000,60,-1.000,-1.000
774,19.213587,16.668203,3,1,0,1,68.000,0,6500.000,700.000,110.000,5900.000,390.000,90.000,100.000,60,-1.000,-1.000
775,17.644394,16.667362,3,1,0,1,68.000,0,6500.000,700.000,110.000,5900.000,390.000,90.000,100.000,60,-1.000,-1.000
776,15.981557,16.668692,3,1,0,1,68.000,0,6500.000,700.000,110.000,5900.000,390.000,90.000,100.000,60,-1.000,-1.000
777,17.200324,16.667632,3,1,0,1,68.000,0,6500.000,700.000,110.000,5900.000,390.000,90.000,100.000,60,-1.000,-1.000
778,17.922809,16.667783,3,1,0,1,68.000,0,6500.000,700.000,110.000,5900.000,390.000,90.000,100.000,60,-1.000,-1.000
779,16.552350,16.669111,3,1,0,1,68.000,0,6500.000,700.000,110.000,5900.000,390.000,90.000,100.000,60,-1.000,-1.000
780,16.119330,16.668823,3,1,0,1,68.000,0,6500.000,700.000,110.000,5900.000,390.000,90.000,100.000,60,-1.000,-1.000
781,16.653511,16.668742,3,1,0,1,68.000,0,6500.000,700.000,110.000,5900.000,390.000,90.000,100.000,60,-1.000,-1.000
782,15.697732,16.668821,3,1,0,1,68.000,0,6500.000,700.000,110.000,5900.000,390.000,90.000,100.000,60,-1.000,-1.000
783,17.647643,16.667803,3,1,0,1,68.000,0,6500.000,700.000,110.000,5900.000,390.000,90.000,100.000,60,-1.000,-1.000
784,16.632661,16.668702,3,1,0,1,68.000,0,6500.000,700.000,110.000,5900.000,390.000,90.000,100.000,60,-1.000,-1.000
785,15.744512,16.668332,3,1,0,1,68.000,0,6500.000,700.000,110.000,5900.000,390.000,90.000,100.000,60,-1.000,-1.000
786,18.036172,16.668382,3,1,0,1,68.000,0,6500.000,700.000,110.000,5900.000,390.000,90.000,100.000,60,-1.000,-1.000
787,16.481078,16.668693,3,1,0,1,68.000,0,6500.000,700.000,110.000,5900.000,390.000,90.000,100.000,60,-1.000,-1.000
788,16.804925,16.667651,3,1,0,1,68.000,0,6500.000,700.000,110.000,5900.000,390.000,90.000,100.000,60,-1.000,-1.000
789,16.146151,16.668953,3,1,0,1,68.000,0,6500.000,700.000,110.000,5900.000,390.000,90.000,100.000,60,-1.000,-1.000
790,15.700551,16.668212,3,1,0,1,68.000,0,6500.000,700.000,110.000,5900.000,390.000,90.000,100.000,60,-1.000,-1.000
791,17.039250,16.667842,3,1,0,1,68.000,0,6500.000,700.000,110.000,5900.000,390.000,90.000,100.000,60,-1.000,-1.000
792,16.200402,16.667772,3,1,0,1,68.000,0,6500.000,700.000,110.000,5900.000,390.000,90.000,100.000,60,-1.000,-1.000
793,18.352700,16.668213,3,1,0,1,68.000,0,6500.000,700.000,110.000,5900.000,390.000,90.000,100.000,60,-1.000,-1.000
794,15.202120,16.667421,3,1,0,1,68.000,0,6500.000,700.000,110.000,5900.000,390.000,90.000,100.000,60,-1.000,-1.000
795,16.092599,16.667933,3,1,0,1,68.000,0,6500.000,700.000,110.000,5900.000,390.000,90.000,100.000,60,-1.000,-1.000
796,16.615592,16.667652,3,1,0,1,68.000,0,6500.000,700.000,110.000,5900.000,390.000,90.000,100.000,60,-1.000,-1.000
797,19.043243,16.667192,3,1,0,1,68.000,0,6500.000,700.000,110.000,5900.000,390.000,90.000,100.000,60,-1.000,-1.000
798,11.717474,16.669042,3,1,0,1,68.000,0,6500.000,700.000,110.000,5900.000,390.000,90.000,100.000,60,-1.000,-1.000
799,16.831156,16.667542,4,1,0,1,68.000,0,6500.000,700.000,110.000,5900.000,390.000,90.000,100.000,60,-1.000,-1.000
800,16.913238,16.668702,4,1,0,1,68.000,0,6500.000,700.000,110.000,6200.000,610.000,90.000,100.000,60,-1.000,-1.000
801,19.062914,16.668172,4,1,0,1,68.000,0,6500.000,700.000,110.000,6200.000,610.000,90.000,100.000,60,-1.000,-1.000
802,18.501752,16.667163,4,1,0,1,68.000,0,6500.000,700.000,110.000,6200.000,610.000,90.000,100.000,60,-1.000,-1.000
803,15.116538,16.668001,4,1,0,1,68.000,0,6500.000,700.000,110.000,6200.000,610.000,90.000,100.000,60,-1.000,-1.000
804,16.339935,16.668183,4,1,0,1,68.000,0,6500.000,700.000,110.000,6200.000,610.000,90.000,100.000,60,-1.000,-1.000
805,16.368835,16.668202,4,1,0,1,68.000,0,6500.000,700.000,110.000,6200.000,610.000,90.000,100.000,60,-1.000,-1.000
806,16.442728,16.668332,4,1,0,1,68.000,0,6500.000,700.000,110.000,6200.000,610.000,90.000,100.000,60,-1.000,-1.000
807,19.455842,16.667792,4,1,0,1,68.000,0,6500.000,700.000,110.000,6200.000,610.000,90.000,100.000,60,-1.000,-1.000
808,11.810797,16.668403,4,1,0,1,68.000,0,6500.000,700.000,110.000,6200.000,610.000,90.000,100.000,60,-1.000,-1.000
809,17.971451,16.667881,4,1,0,1,68.000,0,6500.000,700.000,110.000,6200.000,610.000,90.000,100.000,60,-1.000,-1.000
810,19.876192,16.667243,4,1,0,1,68.000,0,6500.000,700.000,110.000,6200.000,610.000,90.000,100.000,60,-1.000,-1.000
811,12.114183,16.667861,4,1,0,1,68.000,0,6500.000,700.000,110.000,6200.000,610.000,90.000,100.000,60,-1.000,-1.000
812,21.424835,16.667913,4,1,0,1,68.000,0,6500.000,700.000,110.000,6200.000,610.000,90.000,100.000,60,-1.000,-1.000
813,14.783931,16.668012,4,1,0,1,68.000,0,6500.000,700.000,110.000,6200.000,610.000,90.000,100.000,60,-1.000,-1.000
814,18.722067,16.668861,4,1,0,1,68.000,0,6500.000,700.000,110.000,6200.000,610.000,90.000,100.000,60,-1.000,-1.000
815,11.805537,16.667413,4,1,0,1,68.000,0,6500.000,700.000,110.000,6200.000,610.000,90.000,100.000,60,-1.000,-1.000
816,20.049185,16.667922,4,1,0,1,68.000,0,6500.000,700.000,110.000,6200.000,610.000,90.000,100.000,60,-1.000,-1.000
817,15.965177,16.668112,4,1,0,1,68.000,0,6500.000,700.000,110.000,6200.000,610.000,90.000,100.000,60,-1.000,-1.000
818,16.780385,16.668822,4,1,0,1,68.000,0,6500.000,700.000,110.000,6200.000,610.000,90.000,100.000,60,-1.000,-1.000
819,19.150066,16.668533,4,1,0,1,68.000,0,6500.000,700.000,110.000,6200.000,610.000,90.000,100.000,60,-1.000,-1.000
820,11.256074,16.667621,4,1,0,1,68.000,0,6500.000,700.000,110.000,6200.000,610.000,90.000,100.000,60,-1.000,-1.000
821,16.748194,16.667213,4,1,0,1,68.000,0,6500.000,700.000,110.000,6200.000,610.000,90.000,100.000,60,-1.000,-1.000
822,21.241732,16.667032,4,1,0,1,68.000,0,6500.000,700.000,110.000,6200.000,610.000,90.000,100.000,60,-1.000,-1.000
823,12.464770,16.667432,4,1,0,1,68.000,0,6500.000,700.000,110.000,6200.000,610.000,90.000,100.000,60,-1.000,-1.000
824,19.481324,16.668102,4,1,0,1,68.000,0,6500.000,700.000,110.000,6200.000,610.000,90.000,100.000,60,-1.000,-1.000
825,16.019528,16.668162,4,1,0,1,68.000,0,6500.000,700.000,110.000,6200.000,610.000,90.000,100.000,60,-1.000,-1.000
826,18.223926,16.667372,4,1,0,1,68.000,0,6500.000,700.000,110.000,6200.000,610.000,90.000,100.000,60,-1.000,-1.000
827,15.773492,16.668432,4,1,0,1,68.000,0,6500.000,700.000,110.000,6200.000,610.000,90.000,100.000,60,-1.000,-1.000
828,18.506982,16.667763,4,1,0,1,68.000,0,6500.000,700.000,110.000,6200.000,610.000,90.000,100.000,60,-1.000,-1.000
829,11.380258,16.668781,4,1,0,1,68.000,0,6500.000,700.000,110.000,6200.000,610.000,90.000,100.000,60,-1.000,-1.000
830,21.228691,16.667573,4,1,0,1,68.000,0,6500.000,700.000,110.000,6200.000,610.000,90.000,100.000,60,-1.000,-1.000
831,15.727192,16.667852,4,1,0,1,68.000,0,6500.000,700.000,110.000,6200.000,610.000,90.000,100.000,60,-1.000,-1.000
832,17.453789,16.668002,4,1,0,1,68.000,0,6500.000,700.000,110.000,6200.000,610.000,90.000,100.000,60,-1.000,-1.000
833,16.701823,16.668142,4,1,0,1,68.000,0,6500.000,700.000,110.000,6200.000,610.000,90.000,100.000,60,-1.000,-1.000
834,15.567157,16.667743,4,1,0,1,68.000,0,6500.000,700.000,110.000,6200.000,610.000,90.000,100.000,60,-1.000,-1.000
835,16.122791,16.668221,4,1,0,1,68.000,0,6500.000,700.000,110.000,6200.000,610.000,90.000,100.000,60,-1.000,-1.000
836,17.412988,16.668033,4,1,0,1,68.000,0,6500.000,700.000,110.000,6200.000,610.000,90.000,100.000,60,-1.000,-1.000
837,17.035451,16.668012,4,1,0,1,68.000,0,6500.000,700.000,110.000,6200.000,610.000,90.000,100.000,60,-1.000,-1.000
838,16.245112,16.668862,4,1,0,1,68.000,0,6500.000,700.000,110.000,6200.000,610.000,90.000,100.000,60,-1.000,-1.000
839,17.753156,16.668612,4,1,0,1,68.000,0,6500.000,700.000,110.000,6200.000,610.000,90.000,100.000,60,-1.000,-1.000
840,16.876567,16.668702,4,1,0,1,68.000,0,6500.000,700.000,110.000,6200.000,610.000,90.000,100.000,60,-1.000,-1.000
841,16.890057,16.668462,4,1,0,1,68.000,0,6500.000,700.000,110.000,6200.000,610.000,90.000,100.000,60,-1.000,-1.000
842,15.797953,16.667412,4,1,0,1,68.000,0,6500.000,700.000,110.000,6200.000,610.000,90.000,100.000,60,-1.000,-1.000
843,17.159793,16.668113,4,1,0,1,68.000,0,6500.000,700.000,110.000,6200.000,610.000,90.000,100.000,60,-1.000,-1.000
844,16.559499,16.667711,4,1,0,1,68.000,0,6500.000,700.000,110.000,6200.000,610.000,90.000,100.000,60,-1.000,-1.000
845,15.284212,16.668593,4,1,0,1,68.000,0,6500.000,700.000,110.000,6200.000,610.000,90.000,100.000,60,-1.000,-1.000
846,17.176374,16.668862,4,1,0,1,68.000,0,6500.000,700.000,110.000,6200.000,610.000,90.000,100.000,60,-1.000,-1.000
847,16.696722,16.667232,4,1,0,1,68.000,0,6500.000,700.000,110.000,6200.000,610.000,90.000,100.000,60,-1.000,-1.000
848,17.069501,16.668692,4,1,0,1,68.000,0,6500.000,700.000,110.000,6200.000,610.000,90.000,100.000,60,-1.000,-1.000
849,16.261724,16.667233,4,1,0,1,68.000,0,6500.000,700.000,110.000,6200.000,610.000,90.000,100.000,60,-1.000,-1.000
850,16.459407,16.667681,4,1,0,1,68.000,0,6500.000,700.000,110.000,6200.000,610.000,90.000,100.000,60,-1.000,-1.000
851,16.490189,16.668172,4,1,0,1,68.000,0,6500.000,700.000,110.000,6200.000,610.000,90.000,100.000,60,-1.000,-1.000
852,17.289635,16.668683,4,1,0,1,68.000,0,6500.000,700.000,110.000,6200.000,610.000,90.000,100.000,60,-1.000,-1.000
853,16.889517,16.668811,4,1,0,1,68.000,0,6500.000,700.000,110.000,6200.000,610.000,90.000,100.000,60,-1.000,-1.000
854,16.248583,16.668933,4,1,0,1,68.000,0,6500.000,700.000,110.000,6200.000,610.000,90.000,100.000,60,-1.000,-1.000
855,17.069261,16.667382,4,1,0,1,68.000,0,6500.000,700.000,110.000,6200.000,610.000,90.000,100.000,60,-1.000,-1.000
856,17.627353,16.667092,4,1,0,1,68.000,0,6500.000,700.000,110.000,6200.000,610.000,90.000,100.000,60,-1.000,-1.000
857,11.872188,16.668372,4,1,0,1,68.000,0,6500.000,700.000,110.000,6200.000,610.000,90.000,100.000,60,-1.000,-1.000
858,18.722936,16.668993,4,1,0,1,68.000,0,6500.000,700.000,110.000,6200.000,610.000,90.000,100.000,60,-1.000,-1.000
859,19.215188,16.668421,5,1,0,1,68.000,0,6500.000,700.000,110.000,6200.000,610.000,90.000,100.000,60,-1.000,-1.000
860,16.836776,16.668203,5,1,0,2,34.000,0,6500.000,700.000,110.000,6200.000,610.000,90.000,100.000,59,-1.000,-1.000
861,12.333798,16.667972,5,1,0,2,34.000,0,6500.000,700.000,110.000,6200.000,610.000,90.000,100.000,59,-1.000,-1.000
862,16.739163,16.668932,5,1,0,2,34.000,0,6500.000,700.000,110.000,6200.000,610.000,90.000,100.000,59,-1.000,-1.000
863,16.773315,16.668082,5,1,0,2,34.000,0,6500.000,700.000,110.000,6200.000,610.000,90.000,100.000,59,-1.000,-1.000
864,16.513379,16.667582,5,1,0,2,34.000,0,6500.000,700.000,110.000,6200.000,610.000,90.000,100.000,59,-1.000,-1.000
865,17.290465,16.667732,6,1,0,2,34.000,0,6500.000,700.000,110.000,6200.000,610.000,90.000,100.000,59,-1.000,-1.000
866,183.910046,16.668412,6,1,0,2,34.000,0,6500.000,700.000,110.000,6200.000,610.000,90.000,100.000,59,-1.000,-1.000
867,7.332769,172.048728,6,1,0,2,34.000,0,6500.000,700.000,110.000,6200.000,610.000,90.000,100.000,59,-1.000,-1.000
868,11.594622,16.667583,6,1,0,2,34.000,0,6500.000,700.000,110.000,6200.000,610.000,90.000,100.000,59,-1.000,-1.000
869,18.533632,16.667361,6,1,0,2,34.000,0,6500.000,700.000,110.000,6200.000,610.000,90.000,100.000,59,-1.000,-1.000
870,19.179477,16.666983,6,1,0,2,34.000,0,6500.000,700.000,110.000,6200.000,610.000,90.000,100.000,59,-1.000,-1.000
871,12.272947,16.666862,6,1,0,2,34.000,0,6500.000,700.000,110.000,6200.000,610.000,90.000,100.000,59,-1.000,-1.000
872,19.782949,16.667212,6,1,0,2,34.000,0,6500.000,700.000,110.000,6200.000,610.000,90.000,100.000,59,-1.000,-1.000
873,18.620265,16.667192,6,1,0,2,34.000,0,6500.000,700.000,110.000,6200.000,610.000,90.000,100.000,59,-1.000,-1.000
874,16.834256,16.667402,6,1,0,2,34.000,0,6500.000,700.000,110.000,6200.000,610.000,90.000,100.000,59,-1.000,-1.000
875,12.710787,16.668252,6,1,0,2,34.000,0,6500.000,700.000,110.000,6200.000,610.000,90.000,100.000,59,-1.000,-1.000
876,19.738848,16.667512,6,1,0,2,34.000,0,6500.000,700.000,110.000,6200.000,610.000,90.000,100.000,59,-1.000,-1.000
877,13.179076,16.667103,6,1,0,2,34.000,0,6500.000,700.000,110.000,6200.000,610.000,90.000,100.000,59,-1.000,-1.000
878,20.957805,16.667431,6,1,0,2,34.000,0,6500.000,700.000,110.000,6200.000,610.000,90.000,100.000,59,-1.000,-1.000
879,13.251819,16.667703,6,1,0,2,34.000,0,6500.000,700.000,110.000,6200.000,610.000,90.000,100.000,59,-1.000,-1.000
880,17.640902,16.667191,6,1,0,2,34.000,0,6500.000,700.000,110.000,6200.000,610.000,90.000,100.000,59,-1.000,-1.000
881,17.714486,16.668862,6,1,0,2,34.000,0,6500.000,700.000,110.000,6200.000,610.000,90.000,100.000,59,-1.000,-1.000
882,16.601431,16.667233,6,1,0,2,34.000,0,6500.000,700.000,110.000,6200.000,610.000,90.000,100.000,59,-1.000,-1.000
883,18.898749,16.668821,6,1,0,2,34.000,0,6500.000,700.000,110.000,6200.000,610.000,90.000,100.000,59,-1.000,-1.000
884,16.921058,16.667503,6,1,0,2,34.000,0,6500.000,700.000,110.000,6200.000,610.000,90.000,100.000,59,-1.000,-1.000
885,16.606371,16.668752,6,1,0,2,34.000,0,6500.000,700.000,110.000,6200.000,610.000,90.000,100.000,59,-1.000,-1.000
886,16.306614,16.667752,7,1,0,2,34.000,0,6500.000,700.000,110.000,6200.000,610.000,90.000,100.000,59,-1.000,-1.000
887,17.358058,16.668122,7,1,0,3,0.000,1,6506.569,700.000,111.051,6200.000,610.000,90.000,100.000,58,-1.000,-1.000
888,13.591155,16.668883,7,1,0,3,0.000,1,6513.051,700.000,111.818,6200.000,610.000,90.000,100.000,58,-1.000,-1.000
889,16.471868,16.669011,7,1,0,3,0.000,1,6519.447,700.000,112.307,6200.000,610.000,90.000,100.000,58,-1.000,-1.000
890,15.611909,16.667953,7,1,0,3,0.000,1,6525.756,700.000,112.521,6200.000,610.000,90.000,100.000,58,-1.000,-1.000
891,18.319778,16.667862,7,1,0,3,0.000,1,6531.982,700.000,112.464,6200.000,610.000,90.000,100.000,58,-1.000,-1.000
892,19.006223,16.667512,8,1,0,3,0.000,1,6538.125,700.000,112.138,6200.000,610.000,90.000,100.000,58,-1.000,-1.000
893,15.992538,16.667442,8,1,0,3,0.000,1,6544.185,700.000,111.548,6200.000,610.000,90.000,100.000,58,-1.000,-1.000
894,16.596760,16.668813,8,1,0,3,0.000,1,6550.165,700.000,110.698,6200.000,610.000,90.000,100.000,58,-1.000,-1.000
895,17.751496,16.667371,8,1,0,3,0.000,1,6556.065,700.000,109.590,6200.000,610.000,90.000,100.000,58,-1.000,-1.000
896,17.391287,16.872227,8,1,0,3,0.000,1,6561.957,700.000,108.208,6200.000,610.000,90.000,100.000,58,-1.000,-1.000
897,17.491360,16.779694,8,1,0,3,0.000,1,6567.738,700.000,106.581,6200.000,610.000,90.000,100.000,58,-1.000,-1.000
898,17.772667,16.667753,8,1,0,3,0.000,1,6573.404,700.000,104.717,6200.000,610.000,90.000,100.000,58,-1.000,-1.000
899,9.970737,16.667231,8,1,0,3,0.000,1,6578.933,700.010,102.697,6200.000,610.000,90.000,100.000,58,-1.000,-1.000
900,16.533548,16.667433,8,1,0,3,0.000,1,6584.121,700.318,100.992,6200.000,610.000,90.000,100.000,58,-1.000,-1.000
901,18.716187,16.668202,8,1,0,3,0.000,1,6589.240,700.622,99.040,6200.000,610.000,90.000,100.000,58,-1.000,-1.000
902,18.590513,16.668102,8,1,0,3,0.000,1,6594.264,700.935,96.887,6200.000,610.000,90.000,100.000,58,-1.000,-1.000
903,16.332176,16.667672,8,1,0,3,0.000,1,6599.191,701.260,94.546,6200.000,610.000,90.000,100.000,58,-1.000,-1.000
904,15.865645,16.668453,8,1,0,3,0.000,1,6604.029,701.594,92.004,6200.000,610.000,90.000,100.000,58,-1.000,-1.000
905,17.677843,16.667881,8,1,0,3,0.000,1,6608.779,701.936,89.264,6200.000,610.000,90.000,100.000,58,-1.000,-1.000
906,16.803555,16.667482,8,1,0,3,0.000,1,6613.445,702.285,86.328,6200.000,610.000,90.000,100.000,58,-1.000,-1.000
907,16.472158,16.668933,8,1,0,3,0.000,1,6618.026,702.642,83.198,6200.000,610.000,90.000,100.000,58,-1.000,-1.000
908,16.507819,16.667791,8,1,0,3,0.000,1,6622.524,703.005,79.876,6200.000,610.000,90.000,100.000,58,-1.000,-1.000
909,16.599261,16.668933,8,1,0,3,0.000,1,6626.941,703.375,76.364,6200.000,610.000,90.000,100.000,58,-1.000,-1.000
910,16.835245,16.667662,8,1,0,3,0.000,1,6631.277,703.749,72.666,6200.000,610.000,90.000,100.000,58,-1.000,-1.000
911,15.823164,16.668682,8,1,0,3,0.000,1,6635.533,704.127,68.781,6200.000,610.000,90.000,100.000,58,-1.000,-1.000
912,16.369716,16.667242,8,1,0,3,0.000,1,6639.709,704.508,64.714,6200.000,610.000,90.000,100.000,58,-1.000,-1.000
913,16.609170,16.667403,8,1,0,3,0.000,1,6643.808,704.890,60.466,6200.000,610.000,90.000,100.000,58,-1.000,-1.000
914,16.457488,16.667771,8,1,0,3,0.000,1,6647.777,705.272,56.113,6200.000,610.000,90.000,100.000,58,-1.000,-1.000
915,16.591840,16.667732,8,1,0,3,0.000,1,6651.471,705.641,51.865,6200.000,610.000,90.000,100.000,58,-1.000,-1.000
916,19.332781,16.667403,8,1,0,3,0.000,1,6655.095,706.007,47.436,6200.000,610.000,90.000,100.000,58,-1.000,-1.000
917,11.600961,16.667481,8,1,0,3,0.000,1,6658.648,706.369,42.829,6200.000,610.000,90.000,100.000,58,-1.000,-1.000
918,16.634652,16.668213,8,1,0,3,0.000,1,6662.131,706.727,38.048,6200.000,610.000,90.000,100.000,58,-1.000,-1.000
919,19.937873,16.667812,8,1,0,3,0.000,1,6665.542,707.080,33.097,6200.000,610.000,90.000,100.000,58,-1.000,-1.000
920,16.318695,16.668262,8,1,0,3,0.000,1,6668.882,707.427,27.981,6200.000,610.000,90.000,100.000,58,-1.000,-1.000
921,16.248832,16.667672,8,1,0,3,0.000,1,6672.151,707.768,22.703,6200.000,610.000,90.000,100.000,58,-1.000,-1.000
922,18.747758,16.667633,8,1,0,3,0.000,1,6675.348,708.101,17.267,6200.000,610.000,90.000,100.000,58,-1.000,-1.000
923,12.521582,16.668181,8,1,0,3,0.000,1,6678.441,708.424,11.722,6200.000,610.000,90.000,100.000,58,-1.000,-1.000
924,19.364991,16.667763,8,1,0,3,0.000,1,6681.384,708.729,6.141,6200.000,610.000,90.000,100.000,58,-1.000,-1.000
925,16.756474,16.667282,8,1,0,3,0.000,1,6680.415,708.610,7.534,6200.000,610.000,90.000,100.000,58,-1.000,-1.000
926,16.654181,16.668271,8,1,0,3,0.000,1,6681.084,708.482,6.337,6200.000,610.000,90.000,100.000,58,-1.000,-1.000
927,16.637832,16.667813,8,1,0,3,0.000,1,6681.135,708.150,6.571,6200.000,610.000,90.000,100.000,58,-1.000,-1.000
928,17.300886,16.667842,8,1,0,3,0.000,1,6681.168,708.019,6.864,6200.000,610.000,90.000,100.000,58,-1.000,-1.000
929,16.290213,16.667612,8,1,0,3,0.000,1,6681.201,707.890,6.885,6200.000,610.000,90.000,100.000,58,-1.000,-1.000
930,16.990109,16.668082,8,1,0,3,0.000,1,6681.234,707.763,6.637,6200.000,610.000,90.000,100.000,58,-1.000,-1.000
931,16.316875,16.667713,8,1,0,3,0.000,1,6681.260,707.656,6.151,6200.000,610.000,90.000,100.000,58,-1.000,-1.000
932,16.844877,16.668571,8,1,0,3,0.000,1,6681.250,707.643,6.000,6200.000,610.000,90.000,100.000,58,-1.000,-1.000
933,16.382265,16.688173,8,1,0,3,0.000,1,6681.253,707.645,6.000,6200.000,610.000,90.000,100.000,58,-1.000,-1.000
934,16.633342,16.667262,8,1,0,3,0.000,1,6681.249,707.647,6.000,6200.000,610.000,90.000,100.000,58,-1.000,-1.000
935,16.659511,16.668822,8,1,0,3,0.000,1,6681.252,707.650,6.000,6200.000,610.000,90.000,100.000,58,-1.000,-1.000
936,16.800915,16.673322,8,1,0,3,0.000,1,6681.250,707.645,6.000,6200.000,610.000,90.000,100.000,58,-1.000,-1.000
937,16.462218,16.668513,8,1,0,3,0.000,1,6681.253,707.652,6.000,6200.000,610.000,90.000,100.000,58,-1.000,-1.000
938,18.122894,16.668871,8,1,0,3,0.000,1,6681.256,707.652,6.000,6200.000,610.000,90.000,100.000,58,-1.000,-1.000
939,15.462226,16.668783,8,1,0,3,0.000,1,6681.248,707.651,6.000,6200.000,610.000,90.000,100.000,58,-1.000,-1.000
940,16.463698,16.668292,8,1,0,3,0.000,1,6681.257,707.652,6.000,6200.000,610.000,90.000,100.000,58,-1.000,-1.000
941,16.456697,16.668482,8,1,0,3,0.000,1,6681.249,707.651,6.000,6200.000,610.000,90.000,100.000,58,-1.000,-1.000
942,16.598711,16.668132,8,1,0,3,0.000,1,6681.251,707.649,6.000,6200.000,610.000,90.000,100.000,58,-1.000,-1.000
943,16.485798,16.668803,8,1,0,3,0.000,1,6681.254,707.655,6.000,6200.000,610.000,90.000,100.000,58,-1.000,-1.000
944,18.486272,16.668391,8,1,0,3,0.000,1,6681.257,707.655,6.000,6200.000,610.000,90.000,100.000,58,-1.000,-1.000
945,15.483136,16.668042,8,1,0,3,0.000,1,6681.253,707.648,6.000,6200.000,610.000,90.000,100.000,58,-1.000,-1.000
946,16.720993,16.667183,8,1,0,3,0.000,1,6681.253,707.654,6.000,6200.000,610.000,90.000,100.000,58,-1.000,-1.000
947,16.317954,16.668521,8,1,0,3,0.000,1,6681.252,707.648,6.000,6200.000,610.000,90.000,100.000,58,-1.000,-1.000
948,16.835326,16.668433,8,1,0,3,0.000,1,6681.252,707.648,6.000,6200.000,610.000,90.000,100.000,58,-1.000,-1.000
949,16.302394,16.668682,8,1,0,3,0.000,1,6681.252,707.648,6.000,6200.000,610.000,90.000,100.000,58,-1.000,-1.000
950,17.493221,16.668192,8,1,0,3,0.000,1,6681.252,707.648,6.000,6200.000,610.000,90.000,100.000,58,-1.000,-1.000
951,16.861746,16.668892,8,1,0,3,0.000,1,6681.252,707.648,6.000,6200.000,610.000,90.000,100.000,58,-1.000,-1.000
952,17.152963,16.668522,8,1,0,3,0.000,1,6681.252,707.648,6.000,6200.000,610.000,90.000,100.000,58,-1.000,-1.000
953,16.861096,16.667812,8,1,0,3,0.000,1,6681.252,707.648,6.000,6200.000,610.000,90.000,100.000,58,-1.000,-1.000
954,16.384886,16.668733,8,1,0,3,0.000,1,6681.252,707.648,6.000,6200.000,610.000,90.000,100.000,58,-1.000,-1.000
955,15.584799,16.669111,8,1,0,3,0.000,1,6681.252,707.648,6.000,6200.000,610.000,90.000,100.000,58,-1.000,-1.000
956,18.439230,16.667473,8,1,0,3,0.000,1,6681.252,707.648,6.000,6200.000,610.000,90.000,100.000,58,-1.000,-1.000
957,14.290930,16.668092,8,1,0,3,0.000,1,6681.252,707.648,6.000,6200.000,610.000,90.000,100.000,58,-1.000,-1.000
958,17.231874,16.667031,8,1,0,3,0.000,1,6681.252,707.648,6.000,6200.000,610.000,90.000,100.000,58,-1.000,-1.000
959,16.737754,16.668183,8,1,0,3,0.000,1,6681.252,707.648,6.000,6200.000,610.000,90.000,100.000,58,-1.000,-1.000
960,16.136120,16.669112,8,1,0,3,0.000,1,6681.252,707.648,6.000,6200.000,610.000,90.000,100.000,58,-1.000,-1.000
961,20.498586,16.668222,8,1,0,3,0.000,1,6681.252,707.648,6.000,6200.000,610.000,90.000,100.000,58,-1.000,-1.000
962,12.933571,16.667062,8,1,0,3,0.000,1,6681.252,707.648,6.000,6200.000,610.000,90.000,100.000,58,-1.000,-1.000
963,16.341735,16.667303,8,1,0,3,0.000,1,6681.252,707.648,6.000,6200.000,610.000,90.000,100.000,58,-1.000,-1.000
964,17.750316,16.667181,8,1,0,3,0.000,1,6681.252,707.648,6.000,6200.000,610.000,90.000,100.000,58,-1.000,-1.000
965,16.809755,16.668723,8,1,0,3,0.000,1,6681.252,707.648,6.000,6200.000,610.000,90.000,100.000,58,-1.000,-1.000
966,16.274774,16.667752,8,1,0,3,0.000,1,6681.252,707.648,6.000,6200.000,610.000,90.000,100.000,58,-1.000,-1.000
967,16.920907,16.667371,8,1,0,3,0.000,1,6681.252,707.648,6.000,6200.000,610.000,90.000,100.000,58,-1.000,-1.000
968,15.933787,16.667503,8,1,0,3,0.000,1,6681.252,707.648,6.000,6200.000,610.000,90.000,100.000,58,-1.000,-1.000
969,18.110813,17.684874,8,1,0,3,0.000,1,6681.252,707.648,6.000,6200.000,610.000,90.000,100.000,58,-1.000,-1.000
970,17.697045,16.763855,8,1,0,3,0.000,1,6681.252,707.648,6.000,6200.000,610.000,90.000,100.000,58,-1.000,-1.000
971,15.870043,16.667731,8,1,0,3,0.000,1,6681.252,707.648,6.000,6200.000,610.000,90.000,100.000,58,-1.000,-1.000
972,16.615622,16.667493,8,1,0,3,0.000,1,6681.252,707.648,6.000,6200.000,610.000,90.000,100.000,58,-1.000,-1.000
973,17.429508,16.667292,8,1,0,3,0.000,1,6681.252,707.648,6.000,6200.000,610.000,90.000,100.000,58,-1.000,-1.000
974,16.378257,16.668042,8,1,0,3,0.000,1,6681.252,707.648,6.000,6200.000,610.000,90.000,100.000,58,-1.000,-1.000
975,17.035910,16.667402,8,1,0,3,0.000,1,6681.252,707.648,6.000,6200.000,610.000,90.000,100.000,58,-1.000,-1.000
976,16.078769,16.668721,8,1,0,3,0.000,1,6681.252,707.648,6.000,6200.000,610.000,90.000,100.000,58,-1.000,-1.000
977,17.258495,16.668053,8,1,0,3,0.000,1,6681.252,707.648,6.000,6200.000,610.000,90.000,100.000,58,-1.000,-1.000
978,16.614321,16.668602,8,1,0,3,0.000,1,6681.252,707.648,6.000,6200.000,610.000,90.000,100.000,58,-1.000,-1.000
979,16.216942,16.667142,8,1,0,3,0.000,1,6681.252,707.648,6.000,6200.000,610.000,90.000,100.000,58,-1.000,-1.000
980,16.498318,16.667462,8,1,0,3,0.000,1,6681.252,707.648,6.000,6200.000,610.000,90.000,100.000,58,-1.000,-1.000
981,18.026722,16.668103,8,1,0,3,0.000,1,6681.252,707.648,6.000,6200.000,610.000,90.000,100.000,58,-1.000,-1.000
982,15.789593,16.667531,8,1,0,3,0.000,1,6681.252,707.648,6.000,6200.000,610.000,90.000,100.000,58,-1.000,-1.000
983,17.625593,16.668293,8,1,0,3,0.000,1,6681.252,707.648,6.000,6200.000,610.000,90.000,100.000,58,-1.000,-1.000
984,15.566508,16.667792,8,1,0,3,0.000,1,6681.252,707.648,6.000,6200.000,610.000,90.000,100.000,58,-1.000,-1.000
985,17.441679,16.669171,8,1,0,3,0.000,1,6681.252,707.648,6.000,6200.000,610.000,90.000,100.000,58,-1.000,-1.000
986,15.838274,16.668413,8,1,0,3,0.000,1,6681.252,707.648,6.000,6200.000,610.000,90.000,100.000,58,-1.000,-1.000
987,16.482118,16.668502,8,1,0,3,0.000,1,6681.252,707.648,6.000,6200.000,610.000,90.000,100.000,58,-1.000,-1.000
988,18.457052,16.668422,8,1,0,3,0.000,1,6681.252,707.648,6.000,6200.000,610.000,90.000,100.000,58,-1.000,-1.000
989,15.713390,16.667732,8,1,0,3,0.000,1,6681.252,707.648,6.000,6200.000,610.000,90.000,100.000,58,-1.000,-1.000
990,17.154973,16.668443,8,1,0,3,0.000,1,6681.252,707.648,6.000,6200.000,610.000,90.000,100.000,58,-1.000,-1.000
991,15.954366,16.667861,8,1,0,3,0.000,1,6681.252,707.648,6.000,6200.000,610.000,90.000,100.000,58,-1.000,-1.000
992,11.737496,16.668253,8,1,0,3,0.000,1,6681.252,707.648,6.000,6200.000,610.000,90.000,100.000,58,-1.000,-1.000
993,18.896030,16.668642,8,1,0,3,0.000,1,6681.252,707.648,6.000,6200.000,610.000,90.000,100.000,58,-1.000,-1.000
994,20.012605,16.668922,8,1,0,3,0.000,1,6681.252,707.648,6.000,6200.000,610.000,90.000,100.000,58,-1.000,-1.000
995,11.049330,16.668692,8,1,0,3,0.000,1,6681.252,707.648,6.000,6200.000,610.000,90.000,100.000,58,-1.000,-1.000
996,21.045327,16.668022,8,1,0,3,0.000,1,6681.252,707.648,6.000,6200.000,610.000,90.000,100.000,58,-1.000,-1.000
997,15.857345,16.667002,8,1,0,3,0.000,1,6681.252,707.648,6.000,6200.000,610.000,90.000,100.000,58,-1.000,-1.000
998,18.384519,16.668542,8,1,0,3,0.000,1,6681.252,707.648,6.000,6200.000,610.000,90.000,100.000,58,-1.000,-1.000
999,11.413648,16.667123,8,1,0,3,0.000,1,6681.252,707.648,6.000,6200.000,610.000,90.000,100.000,58,-1.000,-1.000
1000,19.967994,16.668471,8,1,0,3,0.000,1,6681.252,707.648,6.000,6200.000,610.000,90.000,100.000,58,-1.000,-1.000
1001,18.026112,16.668553,8,1,0,3,0.000,1,6681.252,707.648,6.000,6200.000,610.000,90.000,100.000,58,-1.000,-1.000
1002,15.601008,16.668192,8,1,0,3,0.000,1,6681.252,707.648,6.000,6200.000,610.000,90.000,100.000,58,-1.000,-1.000
1003,16.504649,16.668061,8,1,0,3,0.000,1,6681.252,707.648,6.000,6200.000,610.000,90.000,100.000,58,-1.000,-1.000
1004,16.312374,16.668933,8,1,0,3,0.000,1,6681.252,707.648,6.000,6200.000,610.000,90.000,100.000,58,-1.000,-1.000
1005,17.063111,16.669022,8,1,0,3,0.000,1,6681.252,707.648,6.000,6200.000,610.000,90.000,100.000,58,-1.000,-1.000
1006,17.395098,16.668352,8,1,0,3,0.000,1,6681.252,707.648,6.000,6200.000,610.000,90.000,100.000,58,-1.000,-1.000
1007,16.638171,16.667512,8,1,0,3,0.000,1,6681.252,707.648,6.000,6200.000,610.000,90.000,100.000,58,-1.000,-1.000
1008,16.452788,16.668663,8,1,0,3,0.000,1,6681.252,707.648,6.000,6200.000,610.000,90.000,100.000,58,-1.000,-1.000
1009,17.185483,16.667331,8,1,0,3,0.000,1,6681.252,707.648,6.000,6200.000,610.000,90.000,100.000,58,-1.000,-1.000
1010,16.228883,16.667393,8,1,0,3,0.000,1,6681.252,707.648,6.000,6200.000,610.000,90.000,100.000,58,-1.000,-1.000
1011,16.537859,16.668312,8,1,0,3,0.000,1,6681.252,707.648,6.000,6200.000,610.000,90.000,100.000,58,-1.000,-1.000
1012,17.200454,16.668751,27,1,0,3,0.000,1,6681.252,707.648,6.000,6200.000,610.000,90.000,100.000,58,-1.000,-1.000
1013,179.317535,16.667343,27,1,0,3,0.000,1,6681.252,707.648,6.000,6200.000,610.000,90.000,100.000,58,-1.000,-1.000
1014,7.252328,170.307890,27,1,0,3,0.000,1,6681.252,707.648,6.000,6200.000,610.000,90.000,100.000,58,-1.000,-1.000
1015,15.786483,16.667262,27,1,0,3,0.000,1,6681.252,707.648,6.000,6200.000,610.000,90.000,100.000,58,-1.000,-1.000
1016,16.674712,16.667042,27,1,0,3,0.000,1,6681.252,707.648,6.000,6200.000,610.000,90.000,100.000,58,-1.000,-1.000
1017,12.929161,16.667362,27,1,0,3,0.000,1,6681.252,707.648,6.000,6200.000,610.000,90.000,100.000,58,-1.000,-1.000
1018,21.316203,16.667442,27,1,0,3,0.000,1,6681.252,707.648,6.000,6200.000,610.000,90.000,100.000,58,-1.000,-1.000
1019,16.049329,16.667803,27,1,0,3,0.000,1,6681.252,707.648,6.000,6200.000,610.000,90.000,100.000,58,-1.000,-1.000
1020,17.163032,16.668641,27,1,0,3,0.000,1,6681.252,707.648,6.000,6200.000,610.000,90.000,100.000,58,-1.000,-1.000
1021,19.927103,16.668223,27,1,0,3,0.000,1,6681.252,707.648,6.000,6200.000,610.000,90.000,100.000,58,-1.000,-1.000
1022,13.465463,16.668022,27,1,0,3,0.000,1,6681.252,707.648,6.000,6200.000,610.000,90.000,100.000,58,-1.000,-1.000
1023,16.347245,16.668372,27,1,0,3,0.000,1,6681.252,707.648,6.000,6200.000,610.000,90.000,100.000,58,-1.000,-1.000
1024,16.898997,16.667522,27,1,0,3,0.000,1,6681.252,707.648,6.000,6200.000,610.000,90.000,100.000,58,-1.000,-1.000
1025,16.437627,16.667302,27,1,0,3,0.000,1,6681.252,707.648,6.000,6200.000,610.000,90.000,100.000,58,-1.000,-1.000
1026,16.786855,16.668642,27,1,0,3,0.000,1,6681.252,707.648,6.000,6200.000,610.000,90.000,100.000,58,-1.000,-1.000
1027,17.324026,16.668932,27,1,0,3,0.000,1,6681.252,707.648,6.000,6200.000,610.000,90.000,100.000,58,-1.000,-1.000
1028,16.120360,16.667632,27,1,0,3,0.000,1,6681.252,707.648,6.000,6200.000,610.000,90.000,100.000,58,-1.000,-1.000
1029,16.658462,16.667152,27,1,0,3,0.000,1,6681.252,707.648,6.000,6200.000,610.000,90.000,100.000,58,-1.000,-1.000
1030,16.475919,16.668633,27,1,0,3,0.000,1,6681.252,707.648,6.000,6200.000,610.000,90.000,100.000,58,-1.000,-1.000
1031,16.492798,16.669101,27,1,0,3,0.000,1,6681.252,707.648,6.000,6200.000,610.000,90.000,100.000,58,-1.000,-1.000
1032,18.328127,16.668682,27,1,0,3,0.000,1,6681.252,707.648,6.000,6200.000,610.000,90.000,100.000,58,-1.000,-1.000
1033,11.716245,16.667813,9,1,0,3,0.000,1,6681.252,707.648,6.000,6200.000,610.000,90.000,100.000,58,-1.000,-1.000
1034,21.281562,16.667641,9,1,0,3,0.000,1,6681.252,707.648,6.000,6300.000,700.000,90.000,100.000,58,-1.000,-1.000
1035,16.280795,16.668773,9,1,0,3,0.000,1,6681.252,707.648,6.000,6300.000,700.000,90.000,100.000,58,-1.000,-1.000
1036,16.495518,16.668362,9,1,0,3,0.000,1,6681.252,707.648,6.000,6300.000,700.000,90.000,100.000,58,-1.000,-1.000
1037,16.145050,16.668352,9,1,0,3,0.000,1,6681.252,707.648,6.000,6300.000,700.000,90.000,100.000,58,-1.000,-1.000
1038,16.738694,16.667782,9,1,0,3,0.000,1,6681.252,707.648,6.000,6300.000,700.000,90.000,100.000,58,-1.000,-1.000
1039,16.924418,16.667333,9,1,0,3,0.000,1,6681.252,707.648,6.000,6300.000,700.000,90.000,100.000,58,-1.000,-1.000
1040,15.754472,16.668181,9,1,0,3,0.000,1,6681.252,707.648,6.000,6300.000,700.000,90.000,100.000,58,-1.000,-1.000
1041,17.827048,16.667562,9,1,0,3,0.000,1,6681.252,707.648,6.000,6300.000,700.000,90.000,100.000,58,-1.000,-1.000
1042,17.654993,16.668793,9,1,0,3,0.000,1,6681.252,707.648,6.000,6300.000,700.000,90.000,100.000,58,-1.000,-1.000
1043,11.377567,16.667921,9,1,0,3,0.000,1,6681.252,707.648,6.000,6300.000,700.000,90.000,100.000,58,-1.000,-1.000
1044,21.190241,16.667643,9,1,0,3,0.000,1,6681.252,707.648,6.000,6300.000,700.000,90.000,100.000,58,-1.000,-1.000
1045,15.414734,16.667382,9,1,0,3,0.000,1,6681.252,707.648,6.000,6300.000,700.000,90.000,100.000,58,-1.000,-1.000
1046,17.634164,16.667992,9,1,0,3,0.000,1,6681.252,707.648,6.000,6300.000,700.000,90.000,100.000,58,-1.000,-1.000
1047,12.482840,16.667632,9,1,0,3,0.000,1,6681.252,707.648,6.000,6300.000,700.000,90.000,100.000,58,-1.000,-1.000
1048,16.966599,16.668302,9,1,0,3,0.000,1,6681.252,707.648,6.000,6300.000,700.000,90.000,100.000,58,-1.000,-1.000
1049,17.884959,16.667942,9,1,0,3,0.000,1,6681.252,707.648,6.000,6300.000,700.000,90.000,100.000,58,-1.000,-1.000
1050,18.691756,16.667492,9,1,0,3,0.000,1,6681.252,707.648,6.000,6300.000,700.000,90.000,100.000,58,-1.000,-1.000
1051,15.861115,16.668843,9,1,0,3,0.000,1,6681.252,707.648,6.000,6300.000,700.000,90.000,100.000,58,-1.000,-1.000
1052,17.440308,16.685842,9,1,0,3,0.000,1,6681.252,707.648,6.000,6300.000,700.000,90.000,100.000,58,-1.000,-1.000
1053,16.541690,16.667162,9,1,0,3,0.000,1,6681.252,707.648,6.000,6300.000,700.000,90.000,100.000,58,-1.000,-1.000
1054,17.450488,16.667822,9,1,0,3,0.000,1,6681.252,707.648,6.000,6300.000,700.000,90.000,100.000,58,-1.000,-1.000
1055,17.074231,16.667942,9,1,0,3,0.000,1,6681.252,707.648,6.000,6300.000,700.000,90.000,100.000,58,-1.000,-1.000
1056,17.178983,16.667312,9,1,0,3,0.000,1,6681.252,707.648,6.000,6300.000,700.000,90.000,100.000,58,-1.000,-1.000
1057,16.233003,16.667833,9,1,0,3,0.000,1,6681.252,707.648,6.000,6300.000,700.000,90.000,100.000,58,-1.000,-1.000
1058,15.476797,16.668131,9,1,0,3,0.000,1,6681.252,707.648,6.000,6300.000,700.000,90.000,100.000,58,-1.000,-1.000
1059,17.378047,16.667203,9,1,0,3,0.000,1,6681.252,707.648,6.000,6300.000,700.000,90.000,100.000,58,-1.000,-1.000
1060,16.164541,16.668072,9,1,0,3,0.000,1,6681.252,707.648,6.000,6300.000,700.000,90.000,100.000,58,-1.000,-1.000
1061,16.896747,16.667401,9,1,0,3,0.000,1,6681.252,707.648,6.000,6300.000,700.000,90.000,100.000,58,-1.000,-1.000
1062,12.824749,16.668363,9,1,0,3,0.000,1,6681.252,707.648,6.000,6300.000,700.000,90.000,100.000,58,-1.000,-1.000
1063,20.211389,16.667622,9,1,0,3,0.000,1,6681.252,707.648,6.000,6300.000,700.000,90.000,100.000,58,-1.000,-1.000
1064,17.256775,16.667012,9,1,0,3,0.000,1,6681.252,707.648,6.000,6300.000,700.000,90.000,100.000,58,-1.000,-1.000
1065,12.687315,16.667092,9,1,0,3,0.000,1,6681.252,707.648,6.000,6300.000,700.000,90.000,100.000,58,-1.000,-1.000
1066,19.444743,16.668723,9,1,0,3,0.000,1,6681.252,707.648,6.000,6300.000,700.000,90.000,100.000,58,-1.000,-1.000
1067,18.781658,16.667561,9,1,0,3,0.000,1,6681.252,707.648,6.000,6300.000,700.000,90.000,100.000,58,-1.000,-1.000
1068,15.593869,16.667472,9,1,0,3,0.000,1,6681.252,707.648,6.000,6300.000,700.000,90.000,100.000,58,-1.000,-1.000
1069,16.824835,16.668333,9,1,0,3,0.000,1,6681.252,707.648,6.000,6300.000,700.000,90.000,100.000,58,-1.000,-1.000
1070,16.098760,16.668311,9,1,0,3,0.000,1,6681.252,707.648,6.000,6300.000,700.000,90.000,100.000,58,-1.000,-1.000
1071,17.550832,16.668923,9,1,0,3,0.000,1,6681.252,707.648,6.000,6300.000,700.000,90.000,100.000,58,-1.000,-1.000
1072,17.194063,16.668872,9,1,0,3,0.000,1,6681.252,707.648,6.000,6300.000,700.000,90.000,100.000,58,-1.000,-1.000
1073,16.329994,16.667392,9,1,0,3,0.000,1,6681.252,707.648,6.000,6300.000,700.000,90.000,100.000,58,-1.000,-1.000
1074,15.971137,16.667302,9,1,0,3,0.000,1,6681.252,707.648,6.000,6300.000,700.000,90.000,100.000,58,-1.000,-1.000
1075,17.080601,16.667172,9,1,0,3,0.000,1,6681.252,707.648,6.000,6300.000,700.000,90.000,100.000,58,-1.000,-1.000
1076,16.660883,16.667312,9,1,0,3,0.000,1,6681.252,707.648,6.000,6300.000,700.000,90.000,100.000,58,-1.000,-1.000
1077,16.408666,16.667682,9,1,0,3,0.000,1,6681.252,707.648,6.000,6300.000,700.000,90.000,100.000,58,-1.000,-1.000
1078,16.353316,16.668413,9,1,0,3,0.000,1,6681.252,707.648,6.000,6300.000,700.000,90.000,100.000,58,-1.000,-1.000
1079,18.050632,16.667151,9,1,0,3,0.000,1,6681.252,707.648,6.000,6300.000,700.000,90.000,100.000,58,-1.000,-1.000
1080,11.489379,16.667703,9,1,0,3,0.000,1,6681.252,707.648,6.000,6300.000,700.000,90.000,100.000,58,-1.000,-1.000
1081,19.812550,16.668762,9,1,0,3,0.000,1,6681.252,707.648,6.000,6300.000,700.000,90.000,100.000,58,-1.000,-1.000
1082,17.302806,16.667302,9,1,0,3,0.000,1,6681.252,707.648,6.000,6300.000,700.000,90.000,100.000,58,-1.000,-1.000
1083,17.163923,16.689412,9,1,0,3,0.000,1,6681.252,707.648,6.000,6300.000,700.000,90.000,100.000,58,-1.000,-1.000
1084,15.998447,16.667903,9,1,0,3,0.000,1,6681.252,707.648,6.000,6300.000,700.000,90.000,100.000,58,-1.000,-1.000
1085,16.724084,16.667871,9,1,0,3,0.000,1,6681.252,707.648,6.000,6300.000,700.000,90.000,100.000,58,-1.000,-1.000
1086,17.731345,16.668123,9,1,0,3,0.000,1,6681.252,707.648,6.000,6300.000,700.000,90.000,100.000,58,-1.000,-1.000
1087,16.601510,16.667762,9,1,0,3,0.000,1,6681.252,707.648,6.000,6300.000,700.000,90.000,100.000,58,-1.000,-1.000
1088,15.963657,16.667672,9,1,0,3,0.000,1,6681.252,707.648,6.000,6300.000,700.000,90.000,100.000,58,-1.000,-1.000
1089,16.182403,16.667152,9,1,0,3,0.000,1,6681.252,707.648,6.000,6300.000,700.000,90.000,100.000,58,-1.000,-1.000
1090,17.348026,16.667512,9,1,0,3,0.000,1,6681.252,707.648,6.000,6300.000,700.000,90.000,100.000,58,-1.000,-1.000
1091,16.276243,16.667202,9,1,0,3,0.000,1,6681.252,707.648,6.000,6300.000,700.000,90.000,100.000,58,-1.000,-1.000
1092,17.105002,16.667042,9,1,0,3,0.000,1,6681.252,707.648,6.000,6300.000,700.000,90.000,100.000,58,-1.000,-1.000
1093,16.463918,16.667833,10,1,0,3,0.000,1,6681.252,707.648,6.000,6300.000,700.000,90.000,100.000,58,-1.000,-1.000
1094,16.768664,16.668381,10,1,0,3,0.000,1,6681.252,707.648,6.000,6300.667,700.000,90.000,100.000,58,-1.000,-1.000
1095,17.603193,16.667133,10,1,0,3,0.000,1,6681.252,707.648,6.000,6302.000,700.000,90.000,100.000,58,-1.000,-1.000
1096,16.346834,16.667102,10,1,0,3,0.000,1,6681.252,707.648,6.000,6304.000,700.000,90.000,100.000,58,-1.000,-1.000
1097,15.852105,16.667871,10,1,0,3,0.000,1,6681.252,707.648,6.000,6306.667,700.000,90.000,100.000,58,-1.000,-1.000
1098,14.206168,16.668673,10,1,0,3,0.000,1,6681.252,707.648,6.000,6310.001,700.000,90.000,100.000,58,-1.000,-1.000
1099,16.391577,16.668202,10,1,0,3,0.000,1,6681.252,707.648,6.000,6314.002,700.000,90.000,100.000,58,-1.000,-1.000
1100,16.929988,16.667452,10,1,0,3,0.000,1,6681.252,707.648,6.000,6318.669,700.000,90.000,100.000,58,-1.000,-1.000
1101,17.450398,16.668522,10,1,0,3,0.000,1,6681.252,707.648,6.000,6324.004,700.000,90.000,100.000,58,-1.000,-1.000
1102,16.798936,16.667402,10,1,0,3,0.000,1,6681.252,707.648,6.000,6330.004,700.000,90.000,100.000,58,-1.000,-1.000
1103,16.789974,16.668812,10,1,0,3,0.000,1,6681.252,707.648,6.000,6336.672,700.000,90.000,100.000,58,-1.000,-1.000
1104,18.941922,16.668642,10,1,0,3,0.000,1,6681.252,707.648,6.000,6344.007,700.000,90.000,100.000,58,-1.000,-1.000
1105,16.356095,16.668922,10,1,0,3,0.000,1,6681.252,707.648,6.000,6352.009,700.000,90.000,100.000,58,-1.000,-1.000
1106,12.554553,16.667442,10,1,0,3,0.000,1,6681.252,707.648,6.000,6360.676,700.000,90.000,100.000,58,-1.000,-1.000
1107,16.943138,16.668743,10,1,0,3,0.000,1,6681.252,707.648,6.000,6369.344,700.000,90.000,100.000,58,-1.000,-1.000
1108,16.560230,16.668771,10,1,0,3,0.000,1,6681.252,707.648,6.000,6378.011,700.000,90.000,100.000,58,-1.000,-1.000
1109,16.632061,16.667863,10,1,0,3,0.000,1,6681.252,707.648,6.000,6386.679,700.000,90.000,100.000,58,-1.000,-1.000
1110,18.024322,16.668412,10,1,0,3,0.000,1,6681.252,707.648,6.000,6395.346,700.000,90.000,100.000,58,-1.000,-1.000
1111,17.172453,16.667691,10,1,0,3,0.000,1,6681.252,707.648,6.000,6404.014,700.000,90.000,100.000,58,-1.000,-1.000
1112,17.030440,16.667763,10,1,0,3,0.000,1,6681.252,707.648,6.000,6412.681,700.000,90.000,100.000,58,-1.000,-1.000
1113,17.952430,16.667102,10,1,0,3,0.000,1,6681.252,707.648,6.000,6421.348,700.000,90.000,100.000,58,-1.000,-1.000
1114,15.042036,16.668362,10,1,0,3,0.000,1,6681.252,707.648,6.000,6430.015,700.000,90.000,100.000,58,-1.000,-1.000
1115,18.208306,16.667722,10,1,0,3,0.000,1,6681.252,707.648,6.000,6438.682,700.000,90.000,100.000,58,-1.000,-1.000
1116,13.067904,16.668103,10,1,0,3,0.000,1,6681.252,707.648,6.000,6447.350,700.000,90.000,100.000,58,-1.000,-1.000
1117,19.739449,16.668701,10,1,0,3,0.000,1,6681.252,707.648,6.000,6456.018,700.000,90.000,100.000,58,-1.000,-1.000
1118,13.553023,16.667292,10,1,0,3,0.000,1,6681.252,707.648,6.000,6464.685,700.000,90.000,100.000,58,-1.000,-1.000
1119,18.632086,16.668793,10,1,0,3,0.000,1,6681.252,707.648,6.000,6473.352,700.000,90.000,100.000,58,-1.000,-1.000
1120,17.219833,16.667581,10,1,0,3,0.000,1,6681.252,707.648,6.000,6482.019,700.000,90.000,100.000,58,-1.000,-1.000
1121,16.078880,16.668613,10,1,0,3,0.000,1,6681.252,707.648,6.000,6490.687,700.000,90.000,100.000,58,-1.000,-1.000
1122,17.166914,16.667542,10,1,0,3,0.000,1,6681.252,707.648,6.000,6499.354,700.000,90.000,100.000,58,-1.000,-1.000
1123,16.062908,16.668642,10,1,0,3,0.000,1,6681.252,707.648,6.000,6508.022,700.000,90.000,100.000,58,-1.000,-1.000
1124,16.883726,16.667712,10,1,0,3,0.000,1,6681.252,707.648,6.000,6516.689,700.000,90.000,100.000,58,-1.000,-1.000
1125,17.311407,16.667802,10,1,0,3,0.000,1,6681.252,707.648,6.000,6525.356,700.000,90.000,100.000,58,-1.000,-1.000
1126,17.755935,16.668802,10,1,0,3,0.000,1,6681.252,707.648,6.000,6534.024,700.000,90.000,100.000,58,-1.000,-1.000
1127,17.011701,16.668122,10,1,0,3,0.000,1,6681.252,707.648,6.000,6542.692,700.000,90.000,100.000,58,-1.000,-1.000
1128,12.533111,16.668093,10,1,0,3,0.000,1,6681.252,707.648,6.000,6551.359,700.000,90.000,100.000,58,-1.000,-1.000
1129,16.714924,16.667341,10,1,0,3,0.000,1,6681.252,707.648,6.000,6560.026,700.000,90.000,100.000,58,-1.000,-1.000
1130,18.895680,16.667803,10,1,0,3,0.000,1,6681.252,707.648,6.000,6568.693,700.000,90.000,100.000,58,-1.000,-1.000
1131,19.756019,16.667022,10,1,0,3,0.000,1,6681.252,707.648,6.000,6577.360,700.000,90.000,100.000,58,-1.000,-1.000
1132,11.435629,16.668341,10,1,0,3,0.000,1,6681.252,707.648,6.000,6586.028,700.000,90.000,100.000,58,-1.000,-1.000
1133,19.303499,16.667033,10,1,0,3,0.000,1,6681.252,707.648,6.000,6594.695,700.000,90.000,100.000,58,-1.000,-1.000
1134,17.281255,16.667722,10,1,0,3,0.000,1,6681.252,707.648,6.000,6603.362,700.000,90.000,100.000,58,-1.000,-1.000
1135,19.154147,16.667272,10,1,0,3,0.000,1,6681.252,707.648,6.000,6612.029,700.000,90.000,100.000,58,-1.000,-1.000
1136,14.854962,16.668892,10,1,0,3,0.000,1,6681.252,707.648,6.000,6620.697,700.000,90.000,100.000,58,-1.000,-1.000
1137,14.779301,16.667323,10,1,0,3,0.000,1,6681.252,707.648,6.000,6629.364,700.000,90.000,100.000,58,-1.000,-1.000
1138,17.588722,16.668041,10,1,0,3,0.000,1,6681.252,707.648,6.000,6638.031,700.000,90.000,100.000,58,-1.000,-1.000
1139,16.708123,16.667872,10,1,0,3,0.000,1,6681.252,707.648,6.000,6646.698,700.000,90.000,100.000,58,-1.000,-1.000
1140,13.425552,16.668023,10,1,0,3,0.000,1,6681.252,707.648,6.000,6655.366,700.000,90.000,100.000,58,-1.000,-1.000
1141,18.645244,16.668141,10,1,0,3,0.000,1,6681.252,707.648,6.000,6664.033,700.000,90.000,100.000,58,-1.000,-1.000
1142,17.111443,16.667633,10,1,0,3,0.000,1,6681.252,707.648,6.000,6672.700,700.000,90.000,100.000,58,-1.000,-1.000
1143,18.687365,16.667222,10,1,0,3,0.000,1,6681.252,707.648,6.000,6681.367,700.000,90.000,97.000,58,-1.000,-1.000
1144,12.363870,16.667411,10,1,0,3,0.000,1,6681.252,707.648,6.000,6690.034,700.000,90.000,97.000,58,-1.000,-1.000
1145,16.720352,16.667323,10,1,0,3,0.000,1,6681.252,707.648,6.000,6698.701,700.000,90.000,97.000,58,-1.000,-1.000
1146,19.040064,16.667372,10,1,0,3,0.000,1,6681.252,707.648,6.000,6707.368,700.000,90.000,97.000,58,-1.000,-1.000
1147,18.124964,16.668072,11,1,0,3,0.000,1,6681.252,707.648,6.000,6716.036,700.000,90.000,97.000,58,-1.000,-1.000
1148,16.134931,16.667502,11,1,0,3,0.000,1,6681.252,707.648,6.000,6770.000,700.000,90.000,97.000,58,-1.000,-1.000
1149,17.295405,16.668223,11,1,0,3,0.000,1,6681.252,707.648,6.000,6770.000,700.000,90.000,97.000,58,-1.000,-1.000
1150,15.840064,16.667971,11,1,0,3,0.000,1,6681.252,707.648,6.000,6770.000,700.000,90.000,97.000,58,-1.000,-1.000
1151,17.066061,16.667923,11,1,0,3,0.000,1,6681.252,707.648,6.000,6770.000,700.000,90.000,97.000,58,-1.000,-1.000
1152,12.947551,16.668262,11,1,0,3,0.000,1,6681.252,707.648,6.000,6770.000,700.000,90.000,97.000,58,-1.000,-1.000
1153,18.449841,16.667231,11,1,0,3,0.000,1,6681.252,707.648,6.000,6770.000,700.000,90.000,97.000,58,-1.000,-1.000
1154,18.347949,16.667343,11,1,0,3,0.000,1,6681.252,707.648,6.000,6770.000,700.000,90.000,97.000,58,-1.000,-1.000
1155,13.242907,16.668762,11,1,0,3,0.000,1,6681.252,707.648,6.000,6770.000,700.000,90.000,97.000,58,-1.000,-1.000
1156,19.476863,16.667912,11,1,0,3,0.000,1,6681.252,707.648,6.000,6770.000,700.000,90.000,97.000,58,-1.000,-1.000
1157,18.358039,16.668882,11,1,0,3,0.000,1,6681.252,707.648,6.000,6770.000,700.000,90.000,97.000,58,-1.000,-1.000
1158,13.071854,16.668012,11,1,0,3,0.000,1,6681.252,707.648,6.000,6770.000,700.000,90.000,94.000,58,-1.000,-1.000
1159,16.001308,16.668302,11,1,0,3,0.000,1,6681.252,707.648,6.000,6770.000,700.000,90.000,94.000,58,-1.000,-1.000
1160,18.129484,16.668812,11,1,0,3,0.000,1,6681.252,707.648,6.000,6770.000,700.000,90.000,94.000,58,-1.000,-1.000
1161,18.993042,16.667593,11,1,0,3,0.000,1,6681.252,707.648,6.000,6770.000,700.000,90.000,94.000,58,-1.000,-1.000
1162,12.812889,16.667791,11,1,0,3,0.000,1,6681.252,707.648,6.000,6770.000,700.000,90.000,94.000,58,-1.000,-1.000
1163,17.774385,16.668033,11,1,0,3,0.000,1,6681.252,707.648,6.000,6770.000,700.000,90.000,94.000,58,-1.000,-1.000
1164,18.024632,16.668022,11,1,0,3,0.000,1,6681.252,707.648,6.000,6770.000,700.000,90.000,94.000,58,-1.000,-1.000
1165,16.545560,16.667311,11,1,0,3,0.000,1,6681.252,707.648,6.000,6770.000,700.000,90.000,94.000,58,-1.000,-1.000
1166,17.580041,16.668173,11,1,0,3,0.000,1,6681.252,707.648,6.000,6770.000,700.000,90.000,94.000,58,-1.000,-1.000
1167,16.056120,16.668632,11,1,0,3,0.000,1,6681.252,707.648,6.000,6770.000,700.000,90.000,94.000,58,-1.000,-1.000
1168,16.823994,16.667852,11,1,0,3,0.000,1,6681.252,707.648,6.000,6770.000,700.000,90.000,94.000,58,-1.000,-1.000
1169,15.353894,16.667672,11,1,0,3,0.000,1,6681.252,707.648,6.000,6770.000,700.000,90.000,94.000,58,-1.000,-1.000
1170,18.094243,16.667713,11,1,0,3,0.000,1,6681.252,707.648,6.000,6770.000,700.000,90.000,94.000,58,-1.000,-1.000
1171,15.671680,16.667901,11,1,0,3,0.000,1,6681.252,707.648,6.000,6770.000,700.000,90.000,94.000,58,-1.000,-1.000
1172,17.002770,16.668672,11,1,0,3,0.000,1,6681.252,707.648,6.000,6770.000,700.000,90.000,94.000,58,-1.000,-1.000
1173,15.968507,16.667173,11,1,0,3,0.000,1,6681.252,707.648,6.000,6770.000,700.000,90.000,90.999,58,-1.000,-1.000
1174,16.452827,16.668241,11,1,0,3,0.000,1,6681.252,707.648,6.000,6770.000,700.000,90.000,90.999,58,-1.000,-1.000
1175,18.448711,16.667513,11,1,0,3,0.000,1,6681.252,707.648,6.000,6770.000,700.000,90.000,90.999,58,-1.000,-1.000
1176,14.724260,16.667261,11,1,0,3,0.000,1,6681.252,707.648,6.000,6770.000,700.000,90.000,90.999,58,-1.000,-1.000
1177,17.960510,16.668552,11,1,0,3,0.000,1,6681.252,707.648,6.000,6770.000,700.000,90.000,90.999,58,-1.000,-1.000
1178,16.962309,16.668143,11,1,0,3,0.000,1,6681.252,707.648,6.000,6770.000,700.000,90.000,90.999,58,-1.000,-1.000
1179,16.662482,16.667181,11,1,0,3,0.000,1,6681.252,707.648,6.000,6770.000,700.000,90.000,90.999,58,-1.000,-1.000
1180,16.539279,16.667423,11,1,0,3,0.000,1,6681.252,707.648,6.000,6770.000,700.000,90.000,90.999,58,-1.000,-1.000
1181,16.942728,16.667472,11,1,0,3,0.000,1,6681.252,707.648,6.000,6770.000,700.000,90.000,90.999,58,-1.000,-1.000
1182,16.058739,16.668462,11,1,0,3,0.000,1,6681.252,707.648,6.000,6770.000,700.000,90.000,90.999,58,-1.000,-1.000
1183,16.189501,16.667802,11,1,0,3,0.000,1,6681.252,707.648,6.000,6770.000,700.000,90.000,90.999,58,-1.000,-1.000
1184,17.500181,16.667632,11,1,0,3,0.000,1,6681.252,707.648,6.000,6770.000,700.000,90.000,90.999,58,-1.000,-1.000
1185,15.831384,16.668742,11,1,0,3,0.000,1,6681.252,707.648,6.000,6770.000,700.000,90.000,90.999,58,-1.000,-1.000
1186,16.730643,16.667102,11,1,0,3,0.000,1,6681.252,707.648,6.000,6770.000,700.000,90.000,90.999,58,-1.000,-1.000
1187,17.653363,16.667343,11,1,0,3,0.000,1,6681.252,707.648,6.000,6770.000,700.000,90.000,90.999,58,-1.000,-1.000
1188,17.673135,16.667391,11,1,0,3,0.000,1,6681.252,707.648,6.000,6770.000,700.000,90.000,87.999,58,-1.000,-1.000
1189,16.587280,16.668243,12,1,0,3,0.000,1,6681.252,707.648,6.000,6770.000,700.000,90.000,87.999,58,100.000,70.000
1190,14.698439,16.667962,12,1,0,3,0.000,1,6681.252,707.648,6.000,6770.000,700.000,90.000,87.999,58,100.000,70.000
1191,17.499740,16.668501,12,1,0,3,0.000,1,6681.252,707.648,6.000,6770.000,700.000,90.000,87.999,58,100.000,70.000
1192,16.374436,16.668633,12,1,0,3,0.000,1,6681.252,707.648,6.000,6770.000,700.000,90.000,87.999,58,100.000,70.000
1193,15.083898,16.668082,12,1,0,3,0.000,1,6681.252,707.648,6.000,6770.000,700.000,90.000,87.999,58,100.000,70.000
1194,18.443030,16.668282,12,1,0,3,0.000,1,6681.252,707.648,6.000,6770.000,700.000,90.000,87.999,58,100.000,70.000
1195,15.342774,16.668852,12,1,0,3,0.000,1,6681.252,707.648,6.000,6770.000,700.000,90.000,87.999,58,100.000,70.000
1196,16.701192,16.667043,12,1,0,3,0.000,1,6681.252,707.648,6.000,6770.000,700.000,90.000,87.999,58,100.000,70.000
1197,18.161754,16.667541,12,1,0,3,0.000,1,6681.252,707.648,6.000,6770.000,700.000,90.000,87.999,58,100.000,70.000
1198,14.720810,16.667762,12,1,0,3,0.000,1,6681.252,707.648,6.000,6770.000,700.000,90.000,87.999,58,100.000,70.000
1199,17.643004,16.667663,12,1,0,3,0.000,1,6681.252,707.648,6.000,6770.000,700.000,90.000,87.999,58,100.000,70.000
1200,16.508038,16.667611,12,1,0,3,0.000,1,6681.252,707.648,6.000,6770.000,700.000,90.000,87.999,58,100.000,70.000
1201,16.668963,16.667153,12,1,0,3,0.000,1,6681.252,707.648,6.000,6770.000,700.000,90.000,87.999,58,100.000,70.000
1202,16.312334,16.667172,12,1,0,3,0.000,1,6681.252,707.648,6.000,6770.000,700.000,90.000,87.999,58,100.000,70.000
1203,18.780638,16.668061,12,1,0,3,0.000,1,6681.252,707.648,6.000,6770.000,700.000,90.000,84.999,58,100.000,70.000
1204,13.734809,16.668633,12,1,0,3,0.000,1,6681.252,707.648,6.000,6770.000,700.000,90.000,84.999,58,97.000,67.000
1205,19.438091,16.667542,12,1,0,3,0.000,1,6681.252,707.648,6.000,6770.000,700.000,90.000,84.999,58,97.000,67.000
1206,13.552725,16.668142,12,1,0,3,0.000,1,6681.252,707.648,6.000,6770.000,700.000,90.000,84.999,58,97.000,67.000
1207,20.007275,16.667272,12,1,0,3,0.000,1,6681.252,707.648,6.000,6770.000,700.000,90.000,84.999,58,97.000,67.000
1208,18.351518,16.667802,12,1,0,3,0.000,1,6681.252,707.648,6.000,6770.000,700.000,90.000,84.999,58,97.000,67.000
1209,16.887687,16.667442,12,1,0,3,0.000,1,6681.252,707.648,6.000,6770.000,700.000,90.000,84.999,58,97.000,67.000
1210,15.199530,16.667382,12,1,0,3,0.000,1,6681.252,707.648,6.000,6770.000,700.000,90.000,84.999,58,97.000,67.000
1211,17.064091,16.667833,12,1,0,3,0.000,1,6681.252,707.648,6.000,6770.000,700.000,90.000,84.999,58,97.000,67.000
1212,17.213153,16.668591,12,1,0,3,0.000,1,6681.252,707.648,6.000,6770.000,700.000,90.000,84.999,58,97.000,67.000
1213,11.914379,16.668443,12,1,0,3,0.000,1,6681.252,707.648,6.000,6770.000,700.000,90.000,84.999,58,97.000,67.000
1214,19.284580,16.668872,12,1,0,3,0.000,1,6681.252,707.648,6.000,6770.000,700.000,90.000,84.999,58,97.000,67.000
1215,18.697735,16.667071,12,1,0,3,0.000,1,6681.252,707.648,6.000,6770.000,700.000,90.000,84.999,58,97.000,67.000
1216,16.962909,16.668093,12,1,0,3,0.000,1,6681.252,707.648,6.000,6770.000,700.000,90.000,84.999,58,97.000,67.000
1217,15.773633,16.678292,12,1,0,3,0.000,1,6681.252,707.648,6.000,6770.000,700.000,90.000,84.999,58,97.000,67.000
1218,16.618091,16.667992,12,1,0,3,0.000,1,6681.252,707.648,6.000,6770.000,700.000,90.000,81.999,58,97.000,67.000
1219,16.580200,16.668762,12,1,0,3,0.000,1,6681.252,707.648,6.000,6770.000,700.000,90.000,81.999,58,93.999,63.999
1220,16.742484,16.667663,12,1,0,3,0.000,1,6681.252,707.648,6.000,6770.000,700.000,90.000,81.999,58,93.999,63.999
1221,17.248334,16.667451,12,1,0,3,0.000,1,6681.252,707.648,6.000,6770.000,700.000,90.000,81.999,58,93.999,63.999
1222,16.465168,16.667443,12,1,0,3,0.000,1,6681.252,707.648,6.000,6770.000,700.000,90.000,81.999,58,93.999,63.999
1223,16.447187,16.668092,12,1,0,3,0.000,1,6681.252,707.648,6.000,6770.000,700.000,90.000,81.999,58,93.999,63.999
1224,17.180983,16.668171,12,1,0,3,0.000,1,6681.252,707.648,6.000,6770.000,700.000,90.000,81.999,58,93.999,63.999
1225,15.680241,16.667393,12,1,0,3,0.000,1,6681.252,707.648,6.000,6770.000,700.000,90.000,81.999,58,93.999,63.999
1226,16.777235,16.667512,12,1,0,3,0.000,1,6681.252,707.648,6.000,6770.000,700.000,90.000,81.999,58,93.999,63.999
1227,16.978309,16.668332,12,1,0,3,0.000,1,6681.252,707.648,6.000,6770.000,700.000,90.000,81.999,58,93.999,63.999
1228,16.616920,16.667842,12,1,0,3,0.000,1,6681.252,707.648,6.000,6770.000,700.000,90.000,81.999,58,93.999,63.999
1229,12.730197,16.667982,12,1,0,3,0.000,1,6681.252,707.648,6.000,6770.000,700.000,90.000,81.999,58,93.999,63.999
1230,18.396669,16.668632,12,1,0,3,0.000,1,6681.252,707.648,6.000,6770.000,700.000,90.000,81.999,58,93.999,63.999
1231,18.259688,16.667432,12,1,0,3,0.000,1,6681.252,707.648,6.000,6770.000,700.000,90.000,81.999,58,93.999,63.999
1232,18.077042,16.668293,12,1,0,3,0.000,1,6681.252,707.648,6.000,6770.000,700.000,90.000,81.999,58,93.999,63.999
1233,15.593638,16.668091,12,1,0,3,0.000,1,6681.252,707.648,6.000,6770.000,700.000,90.000,78.998,58,93.999,63.999
1234,13.112295,16.667643,12,1,0,3,0.000,1,6681.252,707.648,6.000,6770.000,700.000,90.000,78.998,58,90.999,60.999
1235,18.991993,16.668642,12,1,0,3,0.000,1,6681.252,707.648,6.000,6770.000,700.000,90.000,78.998,58,90.999,60.999
1236,18.507512,16.667401,12,1,0,3,0.000,1,6681.252,707.648,6.000,6770.000,700.000,90.000,78.998,58,90.999,60.999
1237,16.556640,16.668513,12,1,0,3,0.000,1,6681.252,707.648,6.000,6770.000,700.000,90.000,78.998,58,90.999,60.999
1238,16.179772,16.668182,12,1,0,3,0.000,1,6681.252,707.648,6.000,6770.000,700.000,90.000,78.998,58,90.999,60.999
1239,16.362725,16.668122,12,1,0,3,0.000,1,6681.252,707.648,6.000,6770.000,700.000,90.000,78.998,58,90.999,60.999
1240,17.533691,16.668142,12,1,0,3,0.000,1,6681.252,707.648,6.000,6770.000,700.000,90.000,78.998,58,90.999,60.999
1241,15.709701,16.667572,12,1,0,3,0.000,1,6681.252,707.648,6.000,6770.000,700.000,90.000,78.998,58,90.999,60.999
1242,18.439931,16.668132,12,1,0,3,0.000,1,6681.252,707.648,6.000,6770.000,700.000,90.000,78.998,58,90.999,60.999
1243,15.575258,16.668112,12,1,0,3,0.000,1,6681.252,707.648,6.000,6770.000,700.000,90.000,78.998,58,90.999,60.999
1244,15.926696,16.667003,12,1,0,3,0.000,1,6681.252,707.648,6.000,6770.000,700.000,90.000,78.998,58,90.999,60.999
1245,17.385398,16.667061,12,1,0,3,0.000,1,6681.252,707.648,6.000,6770.000,700.000,90.000,78.998,58,90.999,60.999
1246,16.845425,16.667632,12,1,0,3,0.000,1,6681.252,707.648,6.000,6770.000,700.000,90.000,78.998,58,90.999,60.999
1247,17.254576,16.667392,12,1,0,3,0.000,1,6681.252,707.648,6.000,6770.000,700.000,90.000,78.998,58,90.999,60.999
1248,16.352584,16.667762,12,1,0,3,0.000,1,6681.252,707.648,6.000,6770.000,700.000,90.000,75.998,58,90.999,60.999
1249,17.370477,16.667153,12,1,0,3,0.000,1,6681.252,707.648,6.000,6770.000,700.000,90.000,75.998,58,87.999,57.999
1250,17.472571,16.668121,12,1,0,3,0.000,1,6681.252,707.648,6.000,6770.000,700.000,90.000,75.998,58,87.999,57.999
1251,12.737577,16.667422,12,1,0,3,0.000,1,6681.252,707.648,6.000,6770.000,700.000,90.000,75.998,58,87.999,57.999
1252,19.889451,16.668413,12,1,0,3,0.000,1,6681.252,707.648,6.000,6770.000,700.000,90.000,75.998,58,87.999,57.999
1253,16.884347,16.667441,12,1,0,3,0.000,1,6681.252,707.648,6.000,6770.000,700.000,90.000,75.998,58,87.999,57.999
1254,16.282254,16.667383,12,1,0,3,0.000,1,6681.252,707.648,6.000,6770.000,700.000,90.000,75.998,58,87.999,57.999
1255,17.111332,16.667362,12,1,0,3,0.000,1,6681.252,707.648,6.000,6770.000,700.000,90.000,75.998,58,87.999,57.999
1256,11.615281,16.667602,12,1,0,3,0.000,1,6681.252,707.648,6.000,6770.000,700.000,90.000,75.998,58,87.999,57.999
1257,18.263918,16.667962,12,1,0,3,0.000,1,6681.252,707.648,6.000,6770.000,700.000,90.000,75.998,58,87.999,57.999
1258,19.934953,16.667602,12,1,0,3,0.000,1,6681.252,707.648,6.000,6770.000,700.000,90.000,75.998,58,87.999,57.999
1259,16.167221,16.668452,12,1,0,3,0.000,1,6681.252,707.648,6.000,6770.000,700.000,90.000,75.998,58,87.999,57.999
1260,17.160503,16.668952,12,1,0,3,0.000,1,6681.252,707.648,6.000,6770.000,700.000,90.000,75.998,58,87.999,57.999
1261,17.088301,16.668433,12,1,0,3,0.000,1,6681.252,707.648,6.000,6770.000,700.000,90.000,75.998,58,87.999,57.999
1262,11.352106,16.667561,12,1,0,3,0.000,1,6681.252,707.648,6.000,6770.000,700.000,90.000,75.998,58,87.999,57.999
1263,22.489949,16.668193,12,1,0,3,0.000,1,6681.252,707.648,6.000,6770.000,700.000,90.000,72.998,58,87.999,57.999
1264,10.751783,16.667842,12,1,0,3,0.000,1,6681.252,707.648,6.000,6770.000,700.000,90.000,72.998,58,84.999,54.999
1265,16.448648,16.668351,12,1,0,3,0.000,1,6681.252,707.648,6.000,6770.000,700.000,90.000,72.998,58,84.999,54.999
1266,17.366647,16.668073,12,1,0,3,0.000,1,6681.252,707.648,6.000,6770.000,700.000,90.000,72.998,58,84.999,54.999
1267,16.817725,16.667772,12,1,0,3,0.000,1,6681.252,707.648,6.000,6770.000,700.000,90.000,72.998,58,84.999,54.999
1268,18.916691,16.668512,12,1,0,3,0.000,1,6681.252,707.648,6.000,6770.000,700.000,90.000,72.998,58,84.999,54.999
1269,18.372109,16.668632,12,1,0,3,0.000,1,6681.252,707.648,6.000,6770.000,700.000,90.000,72.998,58,84.999,54.999
1270,12.024001,16.667172,12,1,0,3,0.000,1,6681.252,707.648,6.000,6770.000,700.000,90.000,72.998,58,84.999,54.999
1271,16.786225,16.667912,12,1,0,3,0.000,1,6681.252,707.648,6.000,6770.000,700.000,90.000,72.998,58,84.999,54.999
1272,18.276427,16.667852,12,1,0,3,0.000,1,6681.252,707.648,6.000,6770.000,700.000,90.000,72.998,58,84.999,54.999
1273,19.006123,16.668823,12,1,0,3,0.000,1,6681.252,707.648,6.000,6770.000,700.000,90.000,72.998,58,84.999,54.999
1274,15.820713,16.669131,12,1,0,3,0.000,1,6681.252,707.648,6.000,6770.000,700.000,90.000,72.998,58,84.999,54.999
1275,16.330556,16.668483,12,1,0,3,0.000,1,6681.252,707.648,6.000,6770.000,700.000,90.000,72.998,58,84.999,54.999
1276,16.264213,16.667652,12,1,0,3,0.000,1,6681.252,707.648,6.000,6770.000,700.000,90.000,72.998,58,84.999,54.999
1277,17.813747,16.668731,12,1,0,3,0.000,1,6681.252,707.648,6.000,6770.000,700.000,90.000,72.998,58,84.999,54.999
1278,16.874527,16.668413,12,1,0,3,0.000,1,6681.252,707.648,6.000,6770.000,700.000,90.000,69.998,58,84.999,54.999
1279,17.501989,16.667202,28,1,0,3,0.000,1,6681.252,707.648,6.000,6770.000,700.000,90.000,69.998,58,81.999,51.999
1280,175.736248,16.668582,28,1,0,3,0.000,1,6681.252,707.648,6.000,6770.000,700.000,90.000,69.998,58,81.999,51.999
1281,7.884081,167.626771,28,1,0,3,0.000,1,6681.252,707.648,6.000,6770.000,700.000,90.000,69.998,58,81.999,51.999
1282,15.210261,16.667373,28,1,0,3,0.000,1,6681.252,707.648,6.000,6770.000,700.000,90.000,69.998,58,81.999,51.999
1283,16.172411,16.667541,28,1,0,3,0.000,1,6681.252,707.648,6.000,6770.000,700.000,90.000,69.998,58,81.999,51.999
1284,21.412805,16.668093,28,1,0,3,0.000,1,6681.252,707.648,6.000,6770.000,700.000,90.000,66.986,58,81.999,51.999
1285,13.405801,16.667672,28,1,0,3,0.000,1,6681.252,707.648,6.000,6770.000,700.000,90.000,66.986,58,78.987,48.987
1286,17.277025,16.667541,28,1,0,3,0.000,1,6681.252,707.648,6.000,6770.000,700.000,90.000,66.986,58,78.987,48.987
1287,12.209605,16.667813,28,1,0,3,0.000,1,6681.252,707.648,6.000,6770.000,700.000,90.000,66.986,58,78.987,48.987
1288,17.515461,16.667242,28,1,0,3,0.000,1,6681.252,707.648,6.000,6770.000,700.000,90.000,66.986,58,78.987,48.987
1289,19.813411,16.668932,28,1,0,3,0.000,1,6681.252,707.648,6.000,6770.000,700.000,90.000,66.986,58,78.987,48.987
1290,16.147811,16.667762,28,1,0,3,0.000,1,6681.252,707.648,6.000,6770.000,700.000,90.000,66.986,58,78.987,48.987
1291,18.326187,16.667112,28,1,0,3,0.000,1,6681.252,707.648,6.000,6770.000,700.000,90.000,66.986,58,78.987,48.987
1292,11.489860,16.668092,28,1,0,3,0.000,1,6681.252,707.648,6.000,6770.000,700.000,90.000,66.986,58,78.987,48.987
1293,16.873096,16.668012,28,1,0,3,0.000,1,6681.252,707.648,6.000,6770.000,700.000,90.000,66.986,58,78.987,48.987
1294,20.440525,16.668063,28,1,0,3,0.000,1,6681.252,707.648,6.000,6770.000,700.000,90.000,66.986,58,78.987,48.987
1295,16.622250,16.667451,28,1,0,3,0.000,1,6681.252,707.648,6.000,6770.000,700.000,90.000,66.986,58,78.987,48.987
1296,17.537812,16.668782,28,1,0,3,0.000,1,6681.252,707.648,6.000,6770.000,700.000,90.000,66.986,58,78.987,48.987
1297,16.623031,16.668182,28,1,0,3,0.000,1,6681.252,707.648,6.000,6770.000,700.000,90.000,66.986,58,78.987,48.987
1298,16.252603,16.668672,28,1,0,3,0.000,1,6681.252,707.648,6.000,6770.000,700.000,90.000,66.986,58,78.987,48.987
1299,16.406906,16.667983,28,1,0,3,0.000,1,6681.252,707.648,6.000,6770.000,700.000,90.000,63.986,58,78.987,48.987
1300,12.951781,16.668331,13,1,0,3,0.000,1,6681.252,707.648,6.000,6770.000,700.000,90.000,63.986,58,75.987,45.987
1301,19.757390,16.668043,13,1,0,3,0.000,1,6681.252,707.648,6.000,6140.000,390.000,90.000,63.986,58,75.987,45.987
1302,18.513141,16.667372,13,1,0,3,0.000,1,6681.252,707.648,6.000,6140.000,390.000,90.000,63.986,58,75.987,45.987
1303,11.704075,16.668501,13,1,0,3,0.000,1,6681.252,707.648,6.000,6140.000,390.000,90.000,63.986,58,75.987,45.987
1304,20.727400,16.667973,13,1,0,3,0.000,1,6681.252,707.648,6.000,6140.000,390.000,90.000,63.986,58,75.987,45.987
1305,16.013018,16.668742,13,1,0,3,0.000,1,6681.252,707.648,6.000,6140.000,390.000,90.000,63.986,58,75.987,45.987
1306,16.451917,16.668962,13,1,0,3,0.000,1,6681.252,707.648,6.000,6140.000,390.000,90.000,63.986,58,75.987,45.987
1307,17.371408,16.668912,13,1,0,3,0.000,1,6681.252,707.648,6.000,6140.000,390.000,90.000,63.986,58,75.987,45.987
1308,15.814783,16.667262,13,1,0,3,0.000,1,6681.252,707.648,6.000,6140.000,390.000,90.000,63.986,58,75.987,45.987
1309,16.446858,16.667392,13,1,0,3,0.000,1,6681.252,707.648,6.000,6140.000,390.000,90.000,63.986,58,75.987,45.987
1310,16.483497,16.667292,13,1,0,3,0.000,1,6681.252,707.648,6.000,6140.000,390.000,90.000,63.986,58,75.987,45.987
1311,17.226715,16.667923,13,1,0,3,0.000,1,6681.252,707.648,6.000,6140.000,390.000,90.000,63.986,58,75.987,45.987
1312,17.371547,16.668371,13,1,0,3,0.000,1,6681.252,707.648,6.000,6140.000,390.000,90.000,63.986,58,75.987,45.987
1313,16.445617,16.667572,13,1,0,3,0.000,1,6681.252,707.648,6.000,6140.000,390.000,90.000,63.986,58,75.987,45.987
1314,16.830976,16.668513,13,1,0,3,0.000,1,6681.252,707.648,6.000,6140.000,390.000,90.000,63.986,58,75.987,45.987
1315,19.263538,16.667161,13,1,0,3,0.000,1,6681.252,707.648,6.000,6140.000,390.000,90.000,63.986,58,72.986,42.986
1316,14.324782,16.668223,13,1,0,3,0.000,1,6681.252,707.648,6.000,6140.000,390.000,90.000,63.986,58,72.986,42.986
1317,16.218142,16.667682,13,1,0,3,0.000,1,6681.252,707.648,6.000,6140.000,390.000,90.000,63.986,58,72.986,42.986
1318,16.051959,16.667351,13,1,0,3,0.000,1,6681.252,707.648,6.000,6140.000,390.000,90.000,63.986,58,72.986,42.986
1319,16.061549,16.669023,13,1,0,3,0.000,1,6681.252,707.648,6.000,6140.000,390.000,90.000,63.986,58,72.986,42.986
1320,17.377097,16.668812,13,1,0,3,0.000,1,6681.252,707.648,6.000,6140.000,390.000,90.000,63.986,58,72.986,42.986
1321,16.674492,16.668432,13,1,0,3,0.000,1,6681.252,707.648,6.000,6140.000,390.000,90.000,63.986,58,72.986,42.986
1322,15.800384,16.667492,13,1,0,3,0.000,1,6681.252,707.648,6.000,6140.000,390.000,90.000,63.986,58,72.986,42.986
1323,17.151272,16.668103,13,1,0,3,0.000,1,6681.252,707.648,6.000,6140.000,390.000,90.000,63.986,58,72.986,42.986
1324,16.405466,16.668721,13,1,0,3,0.000,1,6681.252,707.648,6.000,6140.000,390.000,90.000,63.986,58,72.986,42.986
1325,16.832916,16.668672,13,1,0,3,0.000,1,6681.252,707.648,6.000,6140.000,390.000,90.000,63.986,58,72.986,42.986
1326,16.562080,16.667243,13,1,0,3,0.000,1,6681.252,707.648,6.000,6140.000,390.000,90.000,63.986,58,72.986,42.986
1327,18.713417,16.667141,13,1,0,3,0.000,1,6681.252,707.648,6.000,6140.000,390.000,90.000,63.986,58,72.986,42.986
1328,12.682315,16.668143,13,1,0,3,0.000,1,6681.252,707.648,6.000,6140.000,390.000,90.000,63.986,58,72.986,42.986
1329,17.825817,16.667622,13,1,0,3,0.000,1,6681.252,707.648,6.000,6140.000,390.000,90.000,63.986,58,72.986,42.986
1330,18.803199,16.668091,14,1,0,3,0.000,1,6681.252,707.648,6.000,6140.000,390.000,90.000,63.986,58,69.986,39.986
1331,13.220807,16.667673,14,0,0,4,0.000,1,6681.252,707.648,6.000,6140.000,390.000,90.000,63.986,58,69.986,39.986
1332,18.842849,16.668752,14,0,0,4,0.000,1,6681.252,707.648,6.000,6140.000,390.000,90.000,63.986,58,69.986,39.986
1333,16.866767,16.668912,14,0,0,4,0.000,1,6681.252,707.648,6.000,6140.000,390.000,90.000,63.986,58,69.986,39.986
1334,16.011737,16.668182,14,0,0,4,0.000,1,6681.252,707.648,6.000,6140.000,390.000,90.000,63.986,58,69.986,39.986
1335,16.887047,16.668902,14,0,0,4,0.000,1,6681.252,707.648,6.000,6140.000,390.000,90.000,63.986,58,69.986,39.986
1336,18.837140,16.668102,15,0,0,4,0.000,1,6681.252,707.648,6.000,6140.000,390.000,90.000,63.986,58,69.986,39.986
1337,12.249696,16.667632,15,0,0,4,0.000,1,6681.252,707.648,6.000,6770.000,700.000,90.000,63.986,58,69.986,39.986
1338,16.708712,16.668073,15,0,0,4,0.000,1,6681.252,707.648,6.000,6770.000,700.000,90.000,63.986,58,69.986,39.986
1339,17.898629,16.669111,15,0,0,4,0.000,1,6681.252,707.648,6.000,6770.000,700.000,90.000,63.986,58,69.986,39.986
1340,15.271312,16.668523,15,0,0,4,0.000,1,6681.252,707.648,6.000,6770.000,700.000,90.000,63.986,58,69.986,39.986
1341,16.832455,16.668052,15,0,0,4,0.000,1,6681.252,707.648,6.000,6770.000,700.000,90.000,63.986,58,69.986,39.986
1342,16.511099,16.668731,15,0,0,4,0.000,1,6681.252,707.648,6.000,6770.000,700.000,90.000,63.986,58,69.986,39.986
1343,17.061181,16.667663,15,0,0,4,0.000,1,6681.252,707.648,6.000,6770.000,700.000,90.000,63.986,58,69.986,39.986
1344,19.895512,16.667522,15,0,0,4,0.000,1,6681.252,707.648,6.000,6770.000,700.000,90.000,63.986,58,69.986,39.986
1345,16.931198,16.668662,15,0,0,4,0.000,1,6681.252,707.648,6.000,6770.000,700.000,90.000,63.986,58,69.986,39.986
1346,16.825906,16.667312,15,0,0,4,0.000,1,6681.252,707.648,6.000,6770.000,700.000,90.000,63.986,58,69.986,39.986
1347,16.679821,16.668072,15,0,0,4,0.000,1,6681.252,707.648,6.000,6770.000,700.000,90.000,63.986,58,69.986,39.986
1348,16.307205,16.668152,15,0,0,4,0.000,1,6681.252,707.648,6.000,6770.000,700.000,90.000,63.986,58,69.986,39.986
1349,17.404198,16.667872,15,0,0,4,0.000,1,6681.252,707.648,6.000,6770.000,700.000,90.000,63.986,58,69.986,39.986
1350,12.660475,16.668873,15,0,0,4,0.000,1,6681.252,707.648,6.000,6770.000,700.000,90.000,63.986,58,69.986,39.986
1351,19.887172,16.686221,15,0,0,4,0.000,1,6681.252,707.648,6.000,6770.000,700.000,90.000,63.986,58,69.986,39.986
1352,13.056394,16.668883,15,0,0,4,0.000,1,6681.252,707.648,6.000,6770.000,700.000,90.000,63.986,58,69.986,39.986
1353,17.078931,16.668902,15,0,0,4,0.000,1,6681.252,707.648,6.000,6770.000,700.000,90.000,63.986,58,69.986,39.986
1354,16.137290,16.679182,15,0,0,4,0.000,1,6681.252,707.648,6.000,6770.000,700.000,90.000,63.986,58,69.986,39.986
1355,20.749251,16.668892,15,0,0,4,0.000,1,6681.252,707.648,6.000,6770.000,700.000,90.000,63.986,58,69.986,39.986
1356,13.088874,16.667903,15,0,0,4,0.000,1,6681.252,707.648,6.000,6770.000,700.000,90.000,63.986,58,69.986,39.986
1357,16.449957,16.668731,15,0,0,4,0.000,1,6681.252,707.648,6.000,6770.000,700.000,90.000,63.986,58,69.986,39.986
1358,17.815998,16.668412,15,0,0,4,0.000,1,6681.252,707.648,6.000,6770.000,700.000,90.000,63.986,58,69.986,39.986
1359,19.779929,16.668433,15,0,0,4,0.000,1,6681.252,707.648,6.000,6770.000,700.000,90.000,63.986,58,69.986,39.986
1360,14.745290,16.667341,15,0,0,4,0.000,1,6681.252,707.648,6.000,6770.000,700.000,90.000,63.986,58,69.986,39.986
1361,18.219907,16.667393,15,0,0,4,0.000,1,6681.252,707.648,6.000,6770.000,700.000,90.000,63.986,58,69.986,39.986
1362,12.700175,16.668462,15,0,0,4,0.000,1,6681.252,707.648,6.000,6770.000,700.000,90.000,63.986,58,69.986,39.986
1363,16.437447,16.669002,15,0,0,4,0.000,1,6681.252,707.648,6.000,6770.000,700.000,90.000,63.986,58,69.986,39.986
1364,16.620391,16.667742,15,0,0,4,0.000,1,6681.252,707.648,6.000,6770.000,700.000,90.000,63.986,58,69.986,39.986
1365,16.912307,16.668252,15,0,0,4,0.000,1,6681.252,707.648,6.000,6770.000,700.000,90.000,63.986,58,69.986,39.986
1366,19.035054,16.667672,15,0,0,4,0.000,1,6681.252,707.648,6.000,6770.000,700.000,90.000,63.986,58,69.986,39.986
1367,16.935918,16.667882,15,0,0,4,0.000,1,6681.252,707.648,6.000,6770.000,700.000,90.000,63.986,58,69.986,39.986
1368,17.206663,16.667243,15,0,0,4,0.000,1,6681.252,707.648,6.000,6770.000,700.000,90.000,63.986,58,69.986,39.986
1369,16.205433,16.668641,15,0,0,4,0.000,1,6681.252,707.648,6.000,6770.000,700.000,90.000,63.986,58,69.986,39.986
1370,16.145691,16.668672,15,0,0,4,0.000,1,6681.252,707.648,6.000,6770.000,700.000,90.000,63.986,58,69.986,39.986
1371,16.842946,16.668483,15,0,0,4,0.000,1,6681.252,707.648,6.000,6770.000,700.000,90.000,63.986,58,69.986,39.986
1372,17.221063,16.667781,15,0,0,4,0.000,1,6681.252,707.648,6.000,6770.000,700.000,90.000,63.986,58,69.986,39.986
1373,17.050301,16.668523,15,0,0,4,0.000,1,6681.252,707.648,6.000,6770.000,700.000,90.000,63.986,58,69.986,39.986
1374,15.694921,16.668722,15,0,0,4,0.000,1,6681.252,707.648,6.000,6770.000,700.000,90.000,63.986,58,69.986,39.986
1375,16.616150,16.667771,15,0,0,4,0.000,1,6681.252,707.648,6.000,6770.000,700.000,90.000,63.986,58,69.986,39.986
1376,16.938968,16.669163,15,0,0,4,0.000,1,6681.252,707.648,6.000,6770.000,700.000,90.000,63.986,58,69.986,39.986
1377,16.226643,16.667981,15,0,0,4,0.000,1,6681.252,707.648,6.000,6770.000,700.000,90.000,63.986,58,69.986,39.986
1378,17.307286,16.667473,15,0,0,4,0.000,1,6681.252,707.648,6.000,6770.000,700.000,90.000,63.986,58,69.986,39.986
1379,17.297986,16.668622,15,0,0,4,0.000,1,6681.252,707.648,6.000,6770.000,700.000,90.000,63.986,58,69.986,39.986
1380,16.420606,16.667311,15,0,0,4,0.000,1,6681.252,707.648,6.000,6770.000,700.000,90.000,63.986,58,69.986,39.986
1381,18.026432,16.668363,15,0,0,4,0.000,1,6681.252,707.648,6.000,6770.000,700.000,90.000,63.986,58,69.986,39.986
1382,12.203086,16.667012,15,0,0,4,0.000,1,6681.252,707.648,6.000,6770.000,700.000,90.000,63.986,58,69.986,39.986
1383,16.879175,16.669102,15,0,0,4,0.000,1,6681.252,707.648,6.000,6770.000,700.000,90.000,63.986,58,69.986,39.986
1384,19.433873,16.667532,15,0,0,4,0.000,1,6681.252,707.648,6.000,6770.000,700.000,90.000,63.986,58,69.986,39.986
1385,16.604930,16.668252,15,0,0,4,0.000,1,6681.252,707.648,6.000,6770.000,700.000,90.000,63.986,58,69.986,39.986
1386,16.401627,16.668782,15,0,0,4,0.000,1,6681.252,707.648,6.000,6770.000,700.000,90.000,63.986,58,69.986,39.986
1387,16.840426,16.667542,15,0,0,4,0.000,1,6681.252,707.648,6.000,6770.000,700.000,90.000,63.986,58,69.986,39.986
1388,16.437177,16.667313,15,0,0,4,0.000,1,6681.252,707.648,6.000,6770.000,700.000,90.000,63.986,58,69.986,39.986
1389,16.822305,16.667811,15,0,0,4,0.000,1,6681.252,707.648,6.000,6770.000,700.000,90.000,63.986,58,69.986,39.986
1390,16.812546,16.667772,15,0,0,4,0.000,1,6681.252,707.648,6.000,6770.000,700.000,90.000,63.986,58,69.986,39.986
1391,16.404805,16.668913,15,0,0,4,0.000,1,6681.252,707.648,6.000,6770.000,700.000,90.000,63.986,58,69.986,39.986
1392,16.620512,16.668441,15,0,0,4,0.000,1,6681.252,707.648,6.000,6770.000,700.000,90.000,63.986,58,69.986,39.986
1393,17.496249,16.668973,15,0,0,4,0.000,1,6681.252,707.648,6.000,6770.000,700.000,90.000,63.986,58,69.986,39.986
1394,16.575741,16.668152,15,0,0,4,0.000,1,6681.252,707.648,6.000,6770.000,700.000,90.000,63.986,58,69.986,39.986
1395,16.514358,16.667301,15,0,0,4,0.000,1,6681.252,707.648,6.000,6770.000,700.000,90.000,63.986,58,69.986,39.986
1396,15.933026,16.667423,16,0,0,4,0.000,1,6681.252,707.648,6.000,6770.000,700.000,90.000,63.986,58,69.986,39.986
1397,16.658983,16.667802,16,0,0,4,0.000,1,6681.252,707.648,6.000,6770.000,700.000,90.000,63.986,58,69.986,39.986
1398,18.510651,16.668032,16,0,0,4,0.000,1,6681.252,707.648,6.000,6770.000,700.000,90.000,63.986,58,69.986,39.986
1399,15.054797,16.667652,16,0,0,4,0.000,1,6681.252,707.648,6.000,6770.000,700.000,90.000,63.986,58,69.986,39.986
1400,18.718447,16.669132,16,0,0,4,0.000,1,6681.252,707.648,6.000,6770.000,700.000,90.000,63.986,58,69.986,39.986
1401,16.168411,16.667602,16,0,0,4,0.000,1,6681.252,707.648,6.000,6770.000,700.000,90.000,63.986,58,69.986,39.986
1402,15.896315,16.668922,16,0,0,4,0.000,1,6681.252,707.648,6.000,6770.000,700.000,90.000,63.986,58,69.986,39.986
1403,12.931741,16.668393,16,0,0,4,0.000,1,6681.252,707.648,6.000,6770.000,700.000,90.000,63.986,58,69.986,39.986
1404,17.274175,16.667691,16,0,0,4,0.000,1,6681.252,707.648,6.000,6770.000,700.000,90.000,63.986,58,69.986,39.986
1405,19.198058,16.668203,16,0,0,4,0.000,1,6681.252,707.648,6.000,6770.000,700.000,90.000,63.986,58,69.986,39.986
1406,18.445380,16.668212,16,0,0,4,0.000,1,6681.252,707.648,6.000,6770.000,700.000,90.000,63.986,58,69.986,39.986
1407,12.395469,16.668781,16,0,0,4,0.000,1,6681.252,707.648,6.000,6770.000,700.000,90.000,63.986,58,69.986,39.986
1408,16.111621,16.668653,16,0,0,4,0.000,1,6681.252,707.648,6.000,6770.000,700.000,90.000,63.986,58,69.986,39.986
1409,17.430568,16.668762,16,0,0,4,0.000,1,6681.252,707.648,6.000,6770.000,700.000,90.000,63.986,58,69.986,39.986
1410,19.172627,16.668882,16,0,0,4,0.000,1,6681.252,707.648,6.000,6770.000,700.000,90.000,63.986,58,69.986,39.986
1411,16.465208,16.667712,16,0,0,4,0.000,1,6681.252,707.648,6.000,6770.000,700.000,90.000,63.986,58,69.986,39.986
1412,16.875936,16.667962,16,0,0,4,0.000,1,6681.252,707.648,6.000,6770.000,700.000,90.000,63.986,58,69.986,39.986
1413,17.561941,16.668802,16,0,0,4,0.000,1,6681.252,707.648,6.000,6770.000,700.000,90.000,63.986,58,69.986,39.986
1414,16.112510,16.667892,16,0,0,4,0.000,1,6681.252,707.648,6.000,6770.000,700.000,90.000,63.986,58,69.986,39.986
1415,17.075191,16.668183,16,0,0,4,0.000,1,6681.252,707.648,6.000,6770.000,700.000,90.000,63.986,58,69.986,39.986
1416,16.377967,16.668881,16,0,0,4,0.000,1,6681.252,707.648,6.000,6770.000,700.000,90.000,63.986,58,69.986,39.986
1417,17.354296,16.668802,16,0,0,4,0.000,1,6681.252,707.648,6.000,6770.000,700.000,90.000,63.986,58,69.986,39.986
1418,16.210722,16.667183,16,0,0,4,0.000,1,6681.252,707.648,6.000,6770.000,700.000,90.000,63.986,58,69.986,39.986
1419,15.989417,16.667501,16,0,0,4,0.000,1,6681.252,707.648,6.000,6770.000,700.000,90.000,63.986,58,69.986,39.986
1420,16.923668,16.667452,16,0,0,4,0.000,1,6681.252,707.648,6.000,6770.000,700.000,90.000,63.986,58,69.986,39.986
1421,17.578492,16.667423,16,0,0,4,0.000,1,6681.252,707.648,6.000,6770.000,700.000,90.000,63.986,58,69.986,39.986
1422,15.537097,16.667211,16,0,0,4,0.000,1,6681.252,707.648,6.000,6770.000,700.000,90.000,63.986,58,69.986,39.986
1423,17.181343,16.668173,16,0,0,4,0.000,1,6681.252,707.648,6.000,6770.000,700.000,90.000,63.986,58,69.986,39.986
1424,16.655113,16.667882,16,0,0,4,0.000,1,6681.252,707.648,6.000,6770.000,700.000,90.000,63.986,58,69.986,39.986
1425,12.760557,16.667071,16,0,0,4,0.000,1,6681.252,707.648,6.000,6770.000,700.000,90.000,63.986,58,69.986,39.986
1426,16.635351,16.668253,16,0,0,4,0.000,1,6681.252,707.648,6.000,6770.000,700.000,90.000,63.986,58,69.986,39.986
1427,19.931733,16.668692,16,0,0,4,0.000,1,6681.252,707.648,6.000,6770.000,700.000,90.000,63.986,58,69.986,39.986
1428,17.353087,16.667402,16,0,0,4,0.000,1,6681.252,707.648,6.000,6770.000,700.000,90.000,63.986,58,69.986,39.986
1429,17.507410,16.668142,16,0,0,4,0.000,1,6681.252,707.648,6.000,6770.000,700.000,90.000,63.986,58,69.986,39.986
1430,16.196202,16.668203,16,0,0,4,0.000,1,6681.252,707.648,6.000,6770.000,700.000,90.000,63.986,58,69.986,39.986
1431,17.024120,16.667021,16,0,0,4,0.000,1,6681.252,707.648,6.000,6770.000,700.000,90.000,63.986,58,69.986,39.986
1432,11.915208,16.668402,16,0,0,4,0.000,1,6681.252,707.648,6.000,6770.000,700.000,90.000,63.986,58,69.986,39.986
1433,18.799739,16.667743,16,0,0,4,0.000,1,6681.252,707.648,6.000,6770.000,700.000,90.000,63.986,58,69.986,39.986
1434,18.375919,16.668271,16,0,0,4,0.000,1,6681.252,707.648,6.000,6770.000,700.000,90.000,63.986,58,69.986,39.986
1435,16.149800,16.668632,16,0,0,4,0.000,1,6681.252,707.648,6.000,6770.000,700.000,90.000,63.986,58,69.986,39.986
1436,16.653973,16.669063,16,0,0,4,0.000,1,6681.252,707.648,6.000,6770.000,700.000,90.000,63.986,58,69.986,39.986
1437,16.385456,16.668371,16,0,0,4,0.000,1,6681.252,707.648,6.000,6770.000,700.000,90.000,63.986,58,69.986,39.986
1438,17.729624,16.668323,16,0,0,4,0.000,1,6681.252,707.648,6.000,6770.000,700.000,90.000,63.986,58,69.986,39.986
1439,15.609930,16.668252,16,0,0,4,0.000,1,6681.252,707.648,6.000,6770.000,700.000,90.000,63.986,58,69.986,39.986
1440,16.941068,16.668011,16,0,0,4,0.000,1,6681.252,707.648,6.000,6770.000,700.000,90.000,63.986,58,69.986,39.986
1441,16.607610,16.668613,16,0,0,4,0.000,1,6681.252,707.648,6.000,6770.000,700.000,90.000,63.986,58,69.986,39.986
1442,16.470428,16.668222,16,0,0,4,0.000,1,6681.252,707.648,6.000,6770.000,700.000,90.000,63.986,58,69.986,39.986
1443,17.323737,16.667512,16,0,0,4,0.000,1,6681.252,707.648,6.000,6770.000,700.000,90.000,63.986,58,69.986,39.986
1444,16.506759,16.668642,16,0,0,4,0.000,1,6681.252,707.648,6.000,6770.000,700.000,90.000,63.986,58,69.986,39.986
1445,18.109093,16.668562,16,0,0,4,0.000,1,6681.252,707.648,6.000,6770.000,700.000,90.000,63.986,58,69.986,39.986
1446,11.458478,16.668782,16,0,0,4,0.000,1,6681.252,707.648,6.000,6770.000,700.000,90.000,63.986,58,69.986,39.986
1447,16.849536,16.667192,16,0,0,4,0.000,1,6681.252,707.648,6.000,6770.000,700.000,90.000,63.986,58,69.986,39.986
1448,19.420782,16.668422,16,0,0,4,0.000,1,6681.252,707.648,6.000,6770.000,700.000,90.000,63.986,58,69.986,39.986
1449,17.677114,16.668562,16,0,0,4,0.000,1,6681.252,707.648,6.000,6770.000,700.000,90.000,63.986,58,69.986,39.986
1450,17.608493,16.669012,16,0,0,4,0.000,1,6681.252,707.648,6.000,6770.000,700.000,90.000,63.986,58,69.986,39.986
1451,16.970789,16.667762,16,0,0,4,0.000,1,6681.252,707.648,6.000,6770.000,700.000,90.000,63.986,58,69.986,39.986
1452,11.843727,16.676912,16,0,0,4,0.000,1,6681.252,707.648,6.000,6770.000,700.000,90.000,63.986,58,69.986,39.986
1453,17.048740,16.667673,16,0,0,4,0.000,1,6681.252,707.648,6.000,6770.000,700.000,90.000,63.986,58,69.986,39.986
1454,16.962339,16.668021,16,0,0,4,0.000,1,6681.252,707.648,6.000,6770.000,700.000,90.000,63.986,58,69.986,39.986
1455,20.204259,16.668063,16,0,0,4,0.000,1,6681.252,707.648,6.000,6770.000,700.000,90.000,63.986,58,69.986,39.986
1456,17.725404,16.668312,16,0,0,4,0.000,1,6681.252,707.648,6.000,6770.000,700.000,90.000,63.986,58,69.986,39.986
1457,14.926494,16.667271,16,0,0,4,0.000,1,6681.252,707.648,6.000,6770.000,700.000,90.000,63.986,58,69.986,39.986
1458,17.652434,16.667853,16,0,0,4,0.000,1,6681.252,707.648,6.000,6770.000,700.000,90.000,63.986,58,69.986,39.986
1459,16.307304,16.667222,16,0,0,4,0.000,1,6681.252,707.648,6.000,6770.000,700.000,90.000,63.986,58,69.986,39.986
1460,16.699123,16.668792,16,0,0,4,0.000,1,6681.252,707.648,6.000,6770.000,700.000,90.000,63.986,58,69.986,39.986
1461,17.156732,16.667472,16,0,0,4,0.000,1,6681.252,707.648,6.000,6770.000,700.000,90.000,63.986,58,69.986,39.986
1462,15.673141,16.667602,16,0,0,4,0.000,1,6681.252,707.648,6.000,6770.000,700.000,90.000,63.986,58,69.986,39.986
1463,16.478128,16.668622,16,0,0,4,0.000,1,6681.252,707.648,6.000,6770.000,700.000,90.000,63.986,58,69.986,39.986
1464,16.420017,16.668712,16,0,0,4,0.000,1,6681.252,707.648,6.000,6770.000,700.000,90.000,63.986,58,69.986,39.986
1465,16.858206,16.668843,16,0,0,4,0.000,1,6681.252,707.648,6.000,6770.000,700.000,90.000,63.986,58,69.986,39.986
1466,17.351347,16.668281,16,0,0,4,0.000,1,6681.252,707.648,6.000,6770.000,700.000,90.000,63.986,58,69.986,39.986
1467,16.102699,16.667372,16,0,0,4,0.000,1,6681.252,707.648,6.000,6770.000,700.000,90.000,63.986,58,69.986,39.986
1468,16.544530,16.667563,16,0,0,4,0.000,1,6681.252,707.648,6.000,6770.000,700.000,90.000,63.986,58,69.986,39.986
1469,16.781804,16.668151,16,0,0,4,0.000,1,6681.252,707.648,6.000,6770.000,700.000,90.000,63.986,58,69.986,39.986
1470,15.790233,16.667233,16,0,0,4,0.000,1,6681.252,707.648,6.000,6770.000,700.000,90.000,63.986,58,69.986,39.986
1471,17.482071,16.668682,16,0,0,4,0.000,1,6681.252,707.648,6.000,6770.000,700.000,90.000,63.986,58,69.986,39.986
1472,17.231294,16.668811,16,0,0,4,0.000,1,6681.252,707.648,6.000,6770.000,700.000,90.000,63.986,58,69.986,39.986
1473,17.455728,16.668953,16,0,0,4,0.000,1,6681.252,707.648,6.000,6770.000,700.000,90.000,63.986,58,69.986,39.986
1474,15.929296,16.668672,16,0,0,4,0.000,1,6681.252,707.648,6.000,6770.000,700.000,90.000,63.986,58,69.986,39.986
1475,16.877757,16.667962,16,0,0,4,0.000,1,6681.252,707.648,6.000,6770.000,700.000,90.000,63.986,58,69.986,39.986
1476,16.248283,16.667732,16,0,0,4,0.000,1,6681.252,707.648,6.000,6770.000,700.000,90.000,63.986,58,69.986,39.986
1477,16.753604,16.668732,16,0,0,4,0.000,1,6681.252,707.648,6.000,6770.000,700.000,90.000,63.986,58,69.986,39.986
1478,17.910249,16.668912,16,0,0,4,0.000,1,6681.252,707.648,6.000,6770.000,700.000,90.000,63.986,58,69.986,39.986
1479,16.310174,16.668822,16,0,0,4,0.000,1,6681.252,707.648,6.000,6770.000,700.000,90.000,63.986,58,69.986,39.986
1480,16.772905,16.668573,16,0,0,4,0.000,1,6681.252,707.648,6.000,6770.000,700.000,90.000,63.986,58,69.986,39.986
1481,16.158920,16.668711,16,0,0,4,0.000,1,6681.252,707.648,6.000,6770.000,700.000,90.000,63.986,58,69.986,39.986
1482,16.704874,16.668552,16,0,0,4,0.000,1,6681.252,707.648,6.000,6770.000,700.000,90.000,63.986,58,69.986,39.986
1483,16.691663,16.668963,16,0,0,4,0.000,1,6681.252,707.648,6.000,6770.000,700.000,90.000,63.986,58,69.986,39.986
1484,16.664841,16.667131,16,0,0,4,0.000,1,6681.252,707.648,6.000,6770.000,700.000,90.000,63.986,58,69.986,39.986
1485,16.366746,16.668213,16,0,0,4,0.000,1,6681.252,707.648,6.000,6770.000,700.000,90.000,63.986,58,69.986,39.986
1486,17.764845,16.667922,22,0,0,4,0.000,1,6681.252,707.648,6.000,6770.000,700.000,90.000,63.986,58,-1.000,-1.000
1487,16.146841,16.667591,22,0,0,4,0.000,1,6681.252,707.648,6.000,6140.000,390.000,90.000,63.986,58,-1.000,-1.000
1488,12.568323,16.667503,22,0,0,4,0.000,1,6681.252,707.648,6.000,6140.000,390.000,90.000,63.986,58,-1.000,-1.000
1489,16.218672,16.668962,22,0,0,4,0.000,1,6681.252,707.648,6.000,6140.000,390.000,90.000,63.986,58,-1.000,-1.000
1490,19.931153,16.668492,22,0,0,4,0.000,1,6681.252,707.648,6.000,6140.000,390.000,90.000,63.986,58,-1.000,-1.000
1491,18.185555,16.668082,22,0,0,4,0.000,1,6681.252,707.648,6.000,6140.000,390.000,90.000,63.986,58,-1.000,-1.000
1492,17.692715,16.668032,22,0,0,4,0.000,1,6681.252,707.648,6.000,6140.000,390.000,90.000,63.986,58,-1.000,-1.000
1493,11.384847,16.668402,22,0,0,4,0.000,1,6681.252,707.648,6.000,6140.000,390.000,90.000,63.986,58,-1.000,-1.000
1494,16.202592,16.668692,22,0,0,4,0.000,1,6681.252,707.648,6.000,6140.000,390.000,90.000,63.986,58,-1.000,-1.000
1495,20.595727,16.669032,22,0,0,4,0.000,1,6681.252,707.648,6.000,6140.000,390.000,90.000,63.986,58,-1.000,-1.000
1496,12.779948,16.667982,22,0,0,4,0.000,1,6681.252,707.648,6.000,6140.000,390.000,90.000,63.986,58,-1.000,-1.000
1497,16.660872,16.668062,22,0,0,4,0.000,1,6681.252,707.648,6.000,6140.000,390.000,90.000,63.986,58,-1.000,-1.000
1498,18.323018,16.668973,22,0,0,4,0.000,1,6681.252,707.648,6.000,6140.000,390.000,90.000,63.986,58,-1.000,-1.000
1499,18.309577,16.667141,22,0,0,4,0.000,1,6681.252,707.648,6.000,6140.000,390.000,90.000,63.986,58,-1.000,-1.000
1500,17.738346,16.667212,22,0,0,4,0.000,1,6681.252,707.648,6.000,6140.000,390.000,90.000,63.986,58,-1.000,-1.000
1501,14.059525,16.668943,22,0,0,4,0.000,1,6681.252,707.648,6.000,6140.000,390.000,90.000,63.986,58,-1.000,-1.000
1502,17.038680,16.667281,22,0,0,4,0.000,1,6681.252,707.648,6.000,6140.000,390.000,90.000,63.986,58,-1.000,-1.000
1503,16.805066,16.668923,22,0,0,4,0.000,1,6681.252,707.648,6.000,6140.000,390.000,90.000,63.986,58,-1.000,-1.000
1504,16.937668,16.668022,22,0,0,4,0.000,1,6681.252,707.648,6.000,6140.000,390.000,90.000,63.986,58,-1.000,-1.000
1505,15.673069,16.667691,22,0,0,4,0.000,1,6681.252,707.648,6.000,6140.000,390.000,90.000,63.986,58,-1.000,-1.000
1506,16.998229,16.667653,22,0,0,4,0.000,1,6681.252,707.648,6.000,6140.000,390.000,90.000,63.986,58,-1.000,-1.000
1507,18.424521,16.668292,22,0,0,4,0.000,1,6681.252,707.648,6.000,6140.000,390.000,90.000,63.986,58,-1.000,-1.000
1508,12.905821,16.667892,22,0,0,4,0.000,1,6681.252,707.648,6.000,6140.000,390.000,90.000,63.986,58,-1.000,-1.000
1509,18.190765,16.668832,22,0,0,4,0.000,1,6681.252,707.648,6.000,6140.000,390.000,90.000,63.986,58,-1.000,-1.000
1510,17.995081,16.667922,22,0,0,4,0.000,1,6681.252,707.648,6.000,6140.000,390.000,90.000,63.986,58,-1.000,-1.000
1511,15.216470,16.667982,22,0,0,4,0.000,1,6681.252,707.648,6.000,6140.000,390.000,90.000,63.986,58,-1.000,-1.000
1512,16.358666,16.668122,22,0,0,4,0.000,1,6681.252,707.648,6.000,6140.000,390.000,90.000,63.986,58,-1.000,-1.000
1513,16.533998,16.667723,22,0,0,4,0.000,1,6681.252,707.648,6.000,6140.000,390.000,90.000,63.986,58,-1.000,-1.000
1514,18.938072,16.667971,22,0,0,4,0.000,1,6681.252,707.648,6.000,6140.000,390.000,90.000,63.986,58,-1.000,-1.000
1515,18.597194,16.668442,22,0,0,4,0.000,1,6681.252,707.648,6.000,6140.000,390.000,90.000,63.986,58,-1.000,-1.000
1516,12.742546,16.667423,23,0,0,4,0.000,1,6681.252,707.648,6.000,6140.000,390.000,90.000,63.986,58,-1.000,-1.000
1517,19.260599,16.668861,23,1,0,5,0.000,1,6681.252,707.648,6.000,6140.000,390.000,90.000,63.986,58,-1.000,-1.000
1518,14.462454,16.668553,23,1,0,5,0.000,1,6681.252,707.648,6.000,6140.000,390.000,90.000,63.986,58,-1.000,-1.000
1519,16.436417,16.669072,23,1,0,5,0.000,1,6681.252,707.648,6.000,6140.000,390.000,90.000,63.986,58,-1.000,-1.000
1520,16.443317,16.668691,23,1,0,5,0.000,1,6681.252,707.648,6.000,6140.000,390.000,90.000,63.986,58,-1.000,-1.000
1521,17.030940,16.667313,23,1,0,5,0.000,1,6681.252,707.648,6.000,6140.000,390.000,90.000,63.986,58,-1.000,-1.000
1522,15.717022,16.668942,23,1,0,5,0.000,1,6681.252,707.648,6.000,6140.000,390.000,90.000,63.986,58,-1.000,-1.000
1523,20.743690,16.668412,23,1,0,5,0.000,1,6681.252,707.648,6.000,6140.000,390.000,90.000,63.986,58,-1.000,-1.000
1524,12.692166,16.668782,23,1,0,5,0.000,1,6681.252,707.648,6.000,6140.000,390.000,90.000,63.986,58,-1.000,-1.000
1525,18.450451,16.668371,23,1,0,5,0.000,1,6681.252,707.648,6.000,6140.000,390.000,90.000,63.986,58,-1.000,-1.000
1526,16.905766,16.668663,23,1,0,5,0.000,1,6681.252,707.648,6.000,6140.000,390.000,90.000,63.986,58,-1.000,-1.000
1527,19.554146,16.668002,23,1,0,5,0.000,1,6681.252,707.648,6.000,6140.000,390.000,90.000,63.986,58,-1.000,-1.000
1528,15.847284,16.667721,23,1,0,5,0.000,1,6681.252,707.648,6.000,6140.000,390.000,90.000,63.986,58,-1.000,-1.000
1529,15.826114,16.667363,23,1,0,5,0.000,1,6681.252,707.648,6.000,6140.000,390.000,90.000,63.986,58,-1.000,-1.000
1530,18.093233,16.667832,23,1,0,5,0.000,1,6681.252,707.648,6.000,6140.000,390.000,90.000,63.986,58,-1.000,-1.000
1531,16.062679,16.668272,23,1,0,5,0.000,1,6681.252,707.648,6.000,6140.000,390.000,90.000,63.986,58,-1.000,-1.000
1532,12.455290,16.667402,23,1,0,5,0.000,1,6681.252,707.648,6.000,6140.000,390.000,90.000,63.986,58,-1.000,-1.000
1533,17.481280,16.668652,23,1,0,5,0.000,1,6681.252,707.648,6.000,6140.000,390.000,90.000,63.986,58,-1.000,-1.000
1534,19.739798,16.668992,23,1,0,5,0.000,1,6681.252,707.648,6.000,6140.000,390.000,90.000,63.986,58,-1.000,-1.000
1535,15.520948,16.766204,23,1,0,5,0.000,1,6681.252,707.648,6.000,6140.000,390.000,90.000,63.986,58,-1.000,-1.000
1536,15.082577,16.668523,23,1,0,5,0.000,1,6681.252,707.648,6.000,6140.000,390.000,90.000,63.986,58,-1.000,-1.000
1537,16.385416,16.668592,23,1,0,5,0.000,1,6681.252,707.648,6.000,6140.000,390.000,90.000,63.986,58,-1.000,-1.000
1538,16.699083,16.668851,23,1,0,5,0.000,1,6681.252,707.648,6.000,6140.000,390.000,90.000,63.986,58,-1.000,-1.000
1539,17.131322,16.669093,23,1,0,5,0.000,1,6681.252,707.648,6.000,6140.000,390.000,90.000,63.986,58,-1.000,-1.000
1540,16.051828,16.667552,17,1,0,5,0.000,1,6681.252,707.648,6.000,6140.000,390.000,90.000,63.986,58,-1.000,-1.000
1541,20.570838,16.669202,17,1,0,5,0.000,1,6681.252,707.648,6.000,6140.000,390.000,90.000,63.986,58,-1.000,-1.000
1542,18.686516,16.667622,17,1,0,5,0.000,1,6681.252,707.648,6.000,6140.000,390.000,90.000,63.986,58,-1.000,-1.000
1543,19.979683,16.667742,17,1,0,5,0.000,1,6681.252,707.648,6.000,6140.000,390.000,90.000,63.986,58,-1.000,-1.000
1544,8.985555,16.667882,17,1,0,5,0.000,1,6681.252,707.648,6.000,6140.000,390.000,90.000,63.986,58,-1.000,-1.000
1545,15.240732,16.667322,17,1,0,5,0.000,1,6681.252,707.648,6.000,16500.000,700.000,90.000,63.986,58,-1.000,-1.000
1546,22.482918,16.668782,17,1,1,5,0.000,0,6681.252,707.648,6.000,16500.000,700.000,90.000,63.986,58,-1.000,-1.000
1547,12.638045,16.668462,17,1,1,5,0.000,0,6681.252,707.648,6.000,16500.000,700.000,90.000,63.986,58,-1.000,-1.000
1548,15.695540,16.667742,17,1,1,5,0.000,0,6681.252,707.648,6.000,16500.000,700.000,90.000,63.986,58,-1.000,-1.000
1549,15.047778,16.668762,17,1,1,5,0.000,0,6681.252,707.648,6.000,16500.000,700.000,90.000,63.986,58,-1.000,-1.000
1550,16.699312,16.667952,17,1,1,5,0.000,0,6681.252,707.648,6.000,16500.000,700.000,90.000,63.986,58,-1.000,-1.000
1551,16.191481,16.668852,17,1,1,5,0.000,0,6681.252,707.648,6.000,16500.000,700.000,90.000,63.986,58,-1.000,-1.000
1552,19.517685,16.668362,17,1,1,5,0.000,0,6681.252,707.648,6.000,16500.000,700.000,90.000,63.986,58,-1.000,-1.000
1553,16.568239,16.667762,17,1,1,5,0.000,0,6681.252,707.648,6.000,16500.000,700.000,90.000,63.986,58,-1.000,-1.000
1554,17.371768,16.668913,17,1,1,5,0.000,0,6681.252,707.648,6.000,16500.000,700.000,90.000,63.986,58,-1.000,-1.000
1555,15.787073,16.668681,17,1,1,5,0.000,0,6681.252,707.648,6.000,16500.000,700.000,90.000,63.986,58,-1.000,-1.000
1556,18.327588,16.668592,17,1,1,5,0.000,0,6681.252,707.648,6.000,16500.000,700.000,90.000,63.986,58,-1.000,-1.000
1557,14.260259,16.668783,17,1,1,5,0.000,0,6681.252,707.648,6.000,16500.000,700.000,90.000,63.986,58,-1.000,-1.000
1558,16.716814,16.669001,17,1,1,5,0.000,0,6681.252,707.648,6.000,16500.000,700.000,90.000,63.986,58,-1.000,-1.000
1559,20.694450,16.667973,17,1,1,5,0.000,0,6681.252,707.648,6.000,16500.000,700.000,90.000,63.986,58,-1.000,-1.000
1560,14.529895,16.667122,17,1,1,5,0.000,0,6681.252,707.648,6.000,16500.000,700.000,90.000,63.986,58,-1.000,-1.000
1561,16.239392,16.667151,17,1,1,5,0.000,0,6681.252,707.648,6.000,16500.000,700.000,90.000,63.986,58,-1.000,-1.000
1562,17.229865,16.667713,17,1,1,5,0.000,0,6681.252,707.648,6.000,16500.000,700.000,90.000,63.986,58,-1.000,-1.000
1563,17.830077,16.668282,17,1,1,5,0.000,0,6681.252,707.648,6.000,16500.000,700.000,90.000,63.986,58,-1.000,-1.000
1564,9.995037,16.667042,17,1,1,5,0.000,0,6681.252,707.648,6.000,16500.000,700.000,90.000,63.986,58,-1.000,-1.000
1565,18.878950,16.666952,17,1,1,5,0.000,0,6681.252,707.648,6.000,16500.000,700.000,90.000,63.986,58,-1.000,-1.000
1566,17.932120,16.667372,17,1,1,5,0.000,0,6681.252,707.648,6.000,16500.000,700.000,90.000,63.986,58,-1.000,-1.000
1567,16.155120,16.667062,17,1,1,5,0.000,0,6681.252,707.648,6.000,16500.000,700.000,90.000,63.986,58,-1.000,-1.000
1568,18.921311,16.667642,17,1,1,5,0.000,0,6681.252,707.648,6.000,16500.000,700.000,90.000,63.986,58,-1.000,-1.000
1569,12.826509,16.667782,17,1,1,5,0.000,0,6681.252,707.648,6.000,16500.000,700.000,90.000,63.986,58,-1.000,-1.000
1570,18.792299,16.668082,17,1,1,5,0.000,0,6681.252,707.648,6.000,16500.000,700.000,90.000,63.986,58,-1.000,-1.000
1571,18.524431,16.667702,17,1,1,5,0.000,0,6681.252,707.648,6.000,16500.000,700.000,90.000,63.986,58,-1.000,-1.000
1572,17.417429,16.668673,17,1,1,5,0.000,0,6681.252,707.648,6.000,16500.000,700.000,90.000,63.986,58,-1.000,-1.000
1573,16.791105,16.668351,17,1,1,5,0.000,0,6681.252,707.648,6.000,16500.000,700.000,90.000,63.986,58,-1.000,-1.000
1574,17.466869,16.667552,17,1,1,5,0.000,0,6681.252,707.648,6.000,16500.000,700.000,90.000,63.986,58,-1.000,-1.000
1575,15.976237,16.668403,17,1,1,5,0.000,0,6681.252,707.648,6.000,16500.000,700.000,90.000,63.986,58,-1.000,-1.000
1576,11.693215,16.668361,17,1,1,5,0.000,0,6681.252,707.648,6.000,16500.000,700.000,90.000,63.986,58,-1.000,-1.000
1577,18.268346,16.667482,17,1,1,5,0.000,0,6681.252,707.648,6.000,16500.000,700.000,90.000,63.986,58,-1.000,-1.000
1578,20.471564,16.668703,17,1,1,5,0.000,0,6681.252,707.648,6.000,16500.000,700.000,90.000,63.986,58,-1.000,-1.000
1579,11.562032,16.667451,17,1,1,5,0.000,0,6681.252,707.648,6.000,16500.000,700.000,90.000,63.986,58,-1.000,-1.000
1580,18.543163,16.668793,17,1,1,5,0.000,0,6681.252,707.648,6.000,16500.000,700.000,90.000,63.986,58,-1.000,-1.000
1581,18.902980,16.669402,17,1,1,5,0.000,0,6681.252,707.648,6.000,16500.000,700.000,90.000,63.986,58,-1.000,-1.000
1582,12.181485,16.669081,17,1,1,5,0.000,0,6681.252,707.648,6.000,16500.000,700.000,90.000,63.986,58,-1.000,-1.000
1583,19.419192,16.667533,17,1,1,5,0.000,0,6681.252,707.648,6.000,16500.000,700.000,90.000,63.986,58,-1.000,-1.000
1584,13.737918,16.668262,17,1,1,5,0.000,0,6681.252,707.648,6.000,16500.000,700.000,90.000,63.986,58,-1.000,-1.000
1585,20.296471,16.667312,17,1,1,5,0.000,0,6681.252,707.648,6.000,16500.000,700.000,90.000,63.986,58,-1.000,-1.000
1586,18.518122,16.668662,17,1,1,5,0.000,0,6681.252,707.648,6.000,16500.000,700.000,90.000,63.986,58,-1.000,-1.000
1587,15.185380,16.668952,17,1,1,5,0.000,0,6681.252,707.648,6.000,16500.000,700.000,90.000,63.986,58,-1.000,-1.000
1588,17.788567,16.667252,17,1,1,5,0.000,0,6681.252,707.648,6.000,16500.000,700.000,90.000,63.986,58,-1.000,-1.000
1589,15.090227,16.667332,17,1,1,5,0.000,0,6681.252,707.648,6.000,16500.000,700.000,90.000,63.986,58,-1.000,-1.000
1590,17.571592,16.668252,17,1,1,5,0.000,0,6681.252,707.648,6.000,16500.000,700.000,90.000,63.986,58,-1.000,-1.000
1591,15.014036,16.667862,17,1,1,5,0.000,0,6681.252,707.648,6.000,16500.000,700.000,90.000,63.986,58,-1.000,-1.000
1592,18.110383,16.667742,17,1,1,5,0.000,0,6681.252,707.648,6.000,16500.000,700.000,90.000,63.986,58,-1.000,-1.000
1593,15.172799,16.667373,17,1,1,5,0.000,0,6681.252,707.648,6.000,16500.000,700.000,90.000,63.986,58,-1.000,-1.000
1594,13.151987,16.666871,17,1,1,5,0.000,0,6681.252,707.648,6.000,16500.000,700.000,90.000,63.986,58,-1.000,-1.000
1595,18.325938,16.666952,17,1,1,5,0.000,0,6681.252,707.648,6.000,16500.000,700.000,90.000,63.986,58,-1.000,-1.000
1596,18.358998,16.667753,17,1,1,5,0.000,0,6681.252,707.648,6.000,16500.000,700.000,90.000,63.986,58,-1.000,-1.000
1597,18.596184,16.667491,17,1,1,5,0.000,0,6681.252,707.648,6.000,16500.000,700.000,90.000,63.986,58,-1.000,-1.000
1598,11.351787,16.667002,17,1,1,5,0.000,0,6681.252,707.648,6.000,16500.000,700.000,90.000,63.986,58,-1.000,-1.000
1599,19.077924,16.668893,17,1,1,5,0.000,0,6681.252,707.648,6.000,16500.000,700.000,90.000,63.986,58,-1.000,-1.000
1600,19.610456,16.668211,17,1,1,5,0.000,0,6681.252,707.648,6.000,16500.000,700.000,90.000,63.986,58,-1.000,-1.000
1601,12.460030,16.668712,17,1,1,5,0.000,0,6681.252,707.648,6.000,16500.000,700.000,90.000,63.986,58,-1.000,-1.000
1602,19.270410,16.668613,17,1,1,5,0.000,0,6681.252,707.648,6.000,16500.000,700.000,90.000,63.986,58,-1.000,-1.000
1603,18.692805,16.668011,17,1,1,5,0.000,0,6681.252,707.648,6.000,16500.000,700.000,90.000,63.986,58,-1.000,-1.000
1604,15.212010,16.668153,17,1,1,5,0.000,0,6681.252,707.648,6.000,16500.000,700.000,90.000,63.986,58,-1.000,-1.000
1605,18.186306,16.667022,17,1,1,5,0.000,0,6681.252,707.648,6.000,16500.000,700.000,90.000,63.986,58,-1.000,-1.000
1606,11.800056,16.668081,17,1,1,5,0.000,0,6681.252,707.648,6.000,16500.000,700.000,90.000,63.986,58,-1.000,-1.000
1607,17.585662,16.667043,17,1,1,5,0.000,0,6681.252,707.648,6.000,16500.000,700.000,90.000,63.986,58,-1.000,-1.000
1608,20.947385,16.668512,17,1,1,5,0.000,0,6681.252,707.648,6.000,16500.000,700.000,90.000,63.986,58,-1.000,-1.000
1609,11.564292,16.667862,17,1,1,5,0.000,0,6681.252,707.648,6.000,16500.000,700.000,90.000,63.986,58,-1.000,-1.000
1610,17.549610,16.668642,17,1,1,5,0.000,0,6681.252,707.648,6.000,16500.000,700.000,90.000,63.986,58,-1.000,-1.000
1611,19.182347,16.667512,17,1,1,5,0.000,0,6681.252,707.648,6.000,16500.000,700.000,90.000,63.986,58,-1.000,-1.000
1612,18.457131,16.668962,17,1,1,5,0.000,0,6681.252,707.648,6.000,16500.000,700.000,90.000,63.986,58,-1.000,-1.000
1613,11.234674,16.667452,17,1,1,5,0.000,0,6681.252,707.648,6.000,16500.000,700.000,90.000,63.986,58,-1.000,-1.000
1614,16.920698,16.667492,17,1,1,5,0.000,0,6681.252,707.648,6.000,16500.000,700.000,90.000,63.986,58,-1.000,-1.000
1615,18.696876,16.667412,17,1,1,5,0.000,0,6681.252,707.648,6.000,16500.000,700.000,90.000,63.986,58,-1.000,-1.000
1616,20.328711,16.668942,17,1,1,5,0.000,0,6681.252,707.648,6.000,16500.000,700.000,90.000,63.986,58,-1.000,-1.000
1617,11.428778,16.667442,17,1,1,5,0.000,0,6681.252,707.648,6.000,16500.000,700.000,90.000,63.986,58,-1.000,-1.000
1618,18.288408,17.432409,17,1,1,5,0.000,0,6681.252,707.648,6.000,16500.000,700.000,90.000,63.986,58,-1.000,-1.000
1619,19.680697,16.667322,17,1,1,5,0.000,0,6681.252,707.648,6.000,16500.000,700.000,90.000,63.986,58,-1.000,-1.000
1620,17.300666,16.668392,17,1,1,5,0.000,0,6681.252,707.648,6.000,16500.000,700.000,90.000,63.986,58,-1.000,-1.000
1621,11.401848,16.668792,17,1,1,5,0.000,0,6681.252,707.648,6.000,16500.000,700.000,90.000,63.986,58,-1.000,-1.000
1622,20.897864,16.668192,17,1,1,5,0.000,0,6681.252,707.648,6.000,16500.000,700.000,90.000,63.986,58,-1.000,-1.000
1623,16.427056,16.667932,17,1,1,5,0.000,0,6681.252,707.648,6.000,16500.000,700.000,90.000,63.986,58,-1.000,-1.000
1624,17.460120,16.667242,17,1,1,5,0.000,0,6681.252,707.648,6.000,16500.000,700.000,90.000,63.986,58,-1.000,-1.000
1625,15.756351,16.668772,17,1,1,5,0.000,0,6681.252,707.648,6.000,16500.000,700.000,90.000,63.986,58,-1.000,-1.000
1626,17.659284,16.667672,17,1,1,5,0.000,0,6681.252,707.648,6.000,16500.000,700.000,90.000,63.986,58,-1.000,-1.000
1627,16.279054,16.668232,17,1,1,5,0.000,0,6681.252,707.648,6.000,16500.000,700.000,90.000,63.986,58,-1.000,-1.000
1628,16.476698,16.668493,17,1,1,5,0.000,0,6681.252,707.648,6.000,16500.000,700.000,90.000,63.986,58,-1.000,-1.000
1629,16.318574,16.668361,17,1,1,5,0.000,0,6681.252,707.648,6.000,16500.000,700.000,90.000,63.986,58,-1.000,-1.000
1630,17.331226,16.668782,17,1,1,5,0.000,0,6681.252,707.648,6.000,16500.000,700.000,90.000,63.986,58,-1.000,-1.000
1631,15.990878,16.667303,17,1,1,5,0.000,0,6681.252,707.648,6.000,16500.000,700.000,90.000,63.986,58,-1.000,-1.000
1632,18.156965,16.668971,17,1,1,5,0.000,0,6681.252,707.648,6.000,16500.000,700.000,90.000,63.986,58,-1.000,-1.000
1633,13.457172,16.667472,17,1,1,5,0.000,0,6681.252,707.648,6.000,16500.000,700.000,90.000,63.986,58,-1.000,-1.000
1634,18.772618,16.667813,17,1,1,5,0.000,0,6681.252,707.648,6.000,16500.000,700.000,90.000,63.986,58,-1.000,-1.000
1635,16.681172,16.667731,17,1,1,5,0.000,0,6681.252,707.648,6.000,16500.000,700.000,90.000,63.986,58,-1.000,-1.000
1636,16.989678,16.668023,17,1,1,5,0.000,0,6681.252,707.648,6.000,16500.000,700.000,90.000,63.986,58,-1.000,-1.000
1637,15.953397,16.667791,17,1,1,5,0.000,0,6681.252,707.648,6.000,16500.000,700.000,90.000,63.986,58,-1.000,-1.000
1638,17.000749,16.668352,17,1,1,5,0.000,0,6681.252,707.648,6.000,16500.000,700.000,90.000,63.986,58,-1.000,-1.000
1639,16.431628,16.668583,17,1,1,5,0.000,0,6681.252,707.648,6.000,16500.000,700.000,90.000,63.986,58,-1.000,-1.000
1640,16.167551,16.667921,17,1,1,5,0.000,0,6681.252,707.648,6.000,16500.000,700.000,90.000,63.986,58,-1.000,-1.000
1641,17.568172,16.668692,17,1,1,5,0.000,0,6681.252,707.648,6.000,16500.000,700.000,90.000,63.986,58,-1.000,-1.000
1642,15.666669,16.668823,17,1,1,5,0.000,0,6681.252,707.648,6.000,16500.000,700.000,90.000,63.986,58,-1.000,-1.000
1643,17.379818,16.667131,17,1,1,5,0.000,0,6681.252,707.648,6.000,16500.000,700.000,90.000,63.986,58,-1.000,-1.000
1644,16.664752,16.668703,17,1,1,5,0.000,0,6681.252,707.648,6.000,16500.000,700.000,90.000,63.986,58,-1.000,-1.000
1645,16.367186,16.667122,17,1,1,5,0.000,0,6681.252,707.648,6.000,16500.000,700.000,90.000,63.986,58,-1.000,-1.000
1646,17.581561,16.689532,17,1,1,5,0.000,0,6681.252,707.648,6.000,16500.000,700.000,90.000,63.986,58,-1.000,-1.000
1647,16.726584,16.667392,17,1,1,5,0.000,0,6681.252,707.648,6.000,16500.000,700.000,90.000,63.986,58,-1.000,-1.000
1648,17.325326,16.667983,17,1,1,5,0.000,0,6681.252,707.648,6.000,16500.000,700.000,90.000,63.986,58,-1.000,-1.000
1649,15.721882,16.669151,17,1,1,5,0.000,0,6681.252,707.648,6.000,16500.000,700.000,90.000,63.986,58,-1.000,-1.000
1650,16.570620,16.667282,17,1,1,5,0.000,0,6681.252,707.648,6.000,16500.000,700.000,90.000,63.986,58,-1.000,-1.000
1651,16.543129,16.667973,17,1,1,5,0.000,0,6681.252,707.648,6.000,16500.000,700.000,90.000,63.986,58,-1.000,-1.000
1652,17.213563,16.668021,17,1,1,5,0.000,0,6681.252,707.648,6.000,16500.000,700.000,90.000,63.986,58,-1.000,-1.000
1653,16.059719,16.668552,17,1,1,5,0.000,0,6681.252,707.648,6.000,16500.000,700.000,90.000,63.986,58,-1.000,-1.000
1654,17.030300,16.668493,17,1,1,5,0.000,0,6681.252,707.648,6.000,16500.000,700.000,90.000,63.986,58,-1.000,-1.000
1655,15.246732,16.667831,17,1,1,5,0.000,0,6681.252,707.648,6.000,16500.000,700.000,90.000,63.986,58,-1.000,-1.000
1656,17.442798,16.668953,17,1,1,5,0.000,0,6681.252,707.648,6.000,16500.000,700.000,90.000,63.986,58,-1.000,-1.000
1657,18.189165,16.667872,17,1,1,5,0.000,0,6681.252,707.648,6.000,16500.000,700.000,90.000,63.986,58,-1.000,-1.000
1658,15.941367,16.667401,17,1,1,5,0.000,0,6681.252,707.648,6.000,16500.000,700.000,90.000,63.986,58,-1.000,-1.000
1659,16.200641,16.668763,17,1,1,5,0.000,0,6681.252,707.648,6.000,16500.000,700.000,90.000,63.986,58,-1.000,-1.000
1660,17.478610,16.667922,17,1,1,5,0.000,0,6681.252,707.648,6.000,16500.000,700.000,90.000,63.986,58,-1.000,-1.000
1661,16.348235,16.667491,17,1,1,5,0.000,0,6681.252,707.648,6.000,16500.000,700.000,90.000,63.986,58,-1.000,-1.000
1662,15.672301,16.667273,17,1,1,5,0.000,0,6681.252,707.648,6.000,16500.000,700.000,90.000,63.986,58,-1.000,-1.000
1663,17.699075,16.667702,17,1,1,5,0.000,0,6681.252,707.648,6.000,16500.000,700.000,90.000,63.986,58,-1.000,-1.000
1664,16.520488,16.668952,17,1,1,5,0.000,0,6681.252,707.648,6.000,16500.000,700.000,90.000,63.986,58,-1.000,-1.000
1665,16.177151,16.667022,17,1,1,5,0.000,0,6681.252,707.648,6.000,16500.000,700.000,90.000,63.986,58,-1.000,-1.000
1666,16.660902,16.668052,17,1,1,5,0.000,0,6681.252,707.648,6.000,16500.000,700.000,90.000,63.986,58,-1.000,-1.000
1667,16.884367,16.667282,17,1,1,5,0.000,0,6681.252,707.648,6.000,16500.000,700.000,90.000,63.986,58,-1.000,-1.000
1668,16.877947,16.668182,17,1,1,5,0.000,0,6681.252,707.648,6.000,16500.000,700.000,90.000,63.986,58,-1.000,-1.000
1669,16.220132,16.668582,17,1,1,5,0.000,0,6681.252,707.648,6.000,16500.000,700.000,90.000,63.986,58,-1.000,-1.000
1670,16.864146,16.668862,17,1,1,5,0.000,0,6681.252,707.648,6.000,16500.000,700.000,90.000,63.986,58,-1.000,-1.000
1671,18.092743,16.668062,17,1,1,5,0.000,0,6681.252,707.648,6.000,16500.000,700.000,90.000,63.986,58,-1.000,-1.000
1672,15.576508,16.667843,17,1,1,5,0.000,0,6681.252,707.648,6.000,16500.000,700.000,90.000,63.986,58,-1.000,-1.000
1673,15.845664,16.667691,17,1,1,5,0.000,0,6681.252,707.648,6.000,16500.000,700.000,90.000,63.986,58,-1.000,-1.000
1674,16.786195,16.667492,17,1,1,5,0.000,0,6681.252,707.648,6.000,16500.000,700.000,90.000,63.986,58,-1.000,-1.000
1675,16.912958,16.668893,17,1,1,5,0.000,0,6681.252,707.648,6.000,16500.000,700.000,90.000,63.986,58,-1.000,-1.000
1676,17.538510,16.667381,17,1,1,5,0.000,0,6681.252,707.648,6.000,16500.000,700.000,90.000,63.986,58,-1.000,-1.000
1677,15.558139,16.668832,17,1,1,5,0.000,0,6681.252,707.648,6.000,16500.000,700.000,90.000,63.986,58,-1.000,-1.000
1678,17.673494,16.667153,17,1,1,5,0.000,0,6681.252,707.648,6.000,16500.000,700.000,90.000,63.986,58,-1.000,-1.000
1679,15.809682,16.667791,17,1,1,5,0.000,0,6681.252,707.648,6.000,16500.000,700.000,90.000,63.986,58,-1.000,-1.000
1680,16.989059,16.667103,17,1,1,5,0.000,0,6681.252,707.648,6.000,16500.000,700.000,90.000,63.986,58,-1.000,-1.000
1681,17.236825,16.668692,17,1,1,5,0.000,0,6681.252,707.648,6.000,16500.000,700.000,90.000,63.986,58,-1.000,-1.000
1682,16.490498,16.668621,17,1,1,5,0.000,0,6681.252,707.648,6.000,16500.000,700.000,90.000,63.986,58,-1.000,-1.000
1683,16.741304,16.668273,17,1,1,5,0.000,0,6681.252,707.648,6.000,16500.000,700.000,90.000,63.986,58,-1.000,-1.000
1684,16.437237,16.667582,17,1,1,5,0.000,0,6681.252,707.648,6.000,16500.000,700.000,90.000,63.986,58,-1.000,-1.000
1685,12.809248,16.667091,17,1,1,5,0.000,0,6681.252,707.648,6.000,16500.000,700.000,90.000,63.986,58,-1.000,-1.000
1686,18.959022,16.667323,17,1,1,5,0.000,0,6681.252,707.648,6.000,16500.000,700.000,90.000,63.986,58,-1.000,-1.000
1687,19.279188,16.668242,17,1,1,5,0.000,0,6681.252,707.648,6.000,16500.000,700.000,90.000,63.986,58,-1.000,-1.000
1688,15.991068,16.667041,17,1,1,5,0.000,0,6681.252,707.648,6.000,16500.000,700.000,90.000,63.986,58,-1.000,-1.000
1689,17.201053,16.668233,17,1,1,5,0.000,0,6681.252,707.648,6.000,16500.000,700.000,90.000,63.986,58,-1.000,-1.000
1690,17.205905,16.668452,17,1,1,5,0.000,0,6681.252,707.648,6.000,16500.000,700.000,90.000,63.986,58,-1.000,-1.000
1691,16.149900,16.668162,17,1,1,5,0.000,0,6681.252,707.648,6.000,16500.000,700.000,90.000,63.986,58,-1.000,-1.000
1692,15.958237,16.667192,17,1,1,5,0.000,0,6681.252,707.648,6.000,16500.000,700.000,90.000,63.986,58,-1.000,-1.000
1693,16.873537,16.667472,17,1,1,5,0.000,0,6681.252,707.648,6.000,16500.000,700.000,90.000,63.986,58,-1.000,-1.000
1694,15.686560,16.667222,17,1,1,5,0.000,0,6681.252,707.648,6.000,16500.000,700.000,90.000,63.986,58,-1.000,-1.000
1695,17.947769,16.667542,17,1,1,5,0.000,0,6681.252,707.648,6.000,16500.000,700.000,90.000,63.986,58,-1.000,-1.000
1696,17.067471,16.667562,17,1,1,5,0.000,0,6681.252,707.648,6.000,16500.000,700.000,90.000,63.986,58,-1.000,-1.000
1697,16.343266,16.668732,17,1,1,5,0.000,0,6681.252,707.648,6.000,16500.000,700.000,90.000,63.986,58,-1.000,-1.000
1698,15.740351,16.668672,17,1,1,5,0.000,0,6681.252,707.648,6.000,16500.000,700.000,90.000,63.986,58,-1.000,-1.000
1699,15.775723,16.668032,17,1,1,5,0.000,0,6681.252,707.648,6.000,16500.000,700.000,90.000,63.986,58,-1.000,-1.000
1700,16.992289,16.668592,17,1,1,5,0.000,0,6681.252,707.648,6.000,16500.000,700.000,90.000,63.986,58,-1.000,-1.000
1701,16.340565,16.667892,17,1,1,5,0.000,0,6681.252,707.648,6.000,16500.000,700.000,90.000,63.986,58,-1.000,-1.000
1702,18.774558,16.667103,17,1,1,5,0.000,0,6681.252,707.648,6.000,16500.000,700.000,90.000,63.986,58,-1.000,-1.000
1703,11.042249,16.668911,17,1,1,5,0.000,0,6681.252,707.648,6.000,16500.000,700.000,90.000,63.986,58,-1.000,-1.000
1704,20.303282,16.667762,17,1,1,5,0.000,0,6681.252,707.648,6.000,16500.000,700.000,90.000,63.986,58,-1.000,-1.000
1705,13.088834,16.667403,17,1,1,5,0.000,0,6681.252,707.648,6.000,16500.000,700.000,90.000,63.986,58,-1.000,-1.000
1706,19.119435,16.668071,17,1,1,5,0.000,0,6681.252,707.648,6.000,16500.000,700.000,90.000,63.986,58,-1.000,-1.000
1707,18.869720,16.667852,17,1,1,5,0.000,0,6681.252,707.648,6.000,16500.000,700.000,90.000,63.986,58,-1.000,-1.000
1708,16.536379,16.668483,17,1,1,5,0.000,0,6681.252,707.648,6.000,16500.000,700.000,90.000,63.986,58,-1.000,-1.000
1709,12.010771,16.667671,17,1,1,5,0.000,0,6681.252,707.648,6.000,16500.000,700.000,90.000,63.986,58,-1.000,-1.000
1710,19.828031,16.668352,17,1,1,5,0.000,0,6681.252,707.648,6.000,16500.000,700.000,90.000,63.986,58,-1.000,-1.000
1711,18.882090,16.668662,17,1,1,5,0.000,0,6681.252,707.648,6.000,16500.000,700.000,90.000,63.986,58,-1.000,-1.000
1712,14.447613,16.668512,17,1,1,5,0.000,0,6681.252,707.648,6.000,16500.000,700.000,90.000,63.986,58,-1.000,-1.000
1713,18.524343,16.668113,17,1,1,5,0.000,0,6681.252,707.648,6.000,16500.000,700.000,90.000,63.986,58,-1.000,-1.000
1714,11.913849,16.667791,17,1,1,5,0.000,0,6681.252,707.648,6.000,16500.000,700.000,90.000,63.986,58,-1.000,-1.000
1715,17.983281,16.668182,17,1,1,5,0.000,0,6681.252,707.648,6.000,16500.000,700.000,90.000,63.986,58,-1.000,-1.000
1716,18.364058,16.668663,17,1,1,5,0.000,0,6681.252,707.648,6.000,16500.000,700.000,90.000,63.986,58,-1.000,-1.000
1717,17.721755,16.667781,17,1,1,5,0.000,0,6681.252,707.648,6.000,16500.000,700.000,90.000,63.986,58,-1.000,-1.000
1718,12.440510,16.668422,17,1,1,5,0.000,0,6681.252,707.648,6.000,16500.000,700.000,90.000,63.986,58,-1.000,-1.000
1719,19.925433,16.668983,17,1,1,5,0.000,0,6681.252,707.648,6.000,16500.000,700.000,90.000,63.986,58,-1.000,-1.000
1720,13.335450,16.668711,18,1,1,5,0.000,0,6681.252,707.648,6.000,16500.000,700.000,90.000,63.986,58,-1.000,-1.000
1721,20.422323,16.668423,18,1,1,5,0.000,0,6681.252,707.648,6.000,16500.000,700.000,90.000,63.986,58,-1.000,-1.000
1722,13.139686,16.667512,18,1,1,5,0.000,0,6681.252,707.648,6.000,16500.000,700.000,90.000,63.986,58,-1.000,-1.000
1723,17.928339,16.667991,18,1,1,5,0.000,0,6681.252,707.648,6.000,16500.000,700.000,90.000,63.986,58,-1.000,-1.000
1724,20.636669,16.667063,18,1,1,5,0.000,0,6681.252,707.648,6.000,16500.000,700.000,90.000,63.986,58,-1.000,-1.000
1725,11.619341,16.668412,18,1,1,5,0.000,0,6681.252,707.648,6.000,16500.000,700.000,90.000,63.986,58,-1.000,-1.000
1726,16.524260,16.667111,18,1,1,5,0.000,0,6681.252,707.648,6.000,16500.000,700.000,90.000,63.986,58,-1.000,-1.000
1727,17.945670,16.668253,18,1,1,5,0.000,0,6681.252,707.648,6.000,16500.000,700.000,90.000,63.986,58,-1.000,-1.000
1728,18.993922,16.667752,18,1,1,5,0.000,0,6681.252,707.648,6.000,16500.000,700.000,90.000,63.986,58,-1.000,-1.000
1729,17.620842,16.667591,18,1,1,5,0.000,0,6681.252,707.648,6.000,16500.000,700.000,90.000,63.986,58,-1.000,-1.000
1730,12.469012,16.668163,18,1,1,5,0.000,0,6681.252,707.648,6.000,16500.000,700.000,90.000,63.986,58,-1.000,-1.000
1731,19.375330,16.667122,18,1,1,5,0.000,0,6681.252,707.648,6.000,16500.000,700.000,90.000,63.986,58,-1.000,-1.000
1732,16.636712,16.667942,18,1,1,5,0.000,0,6681.252,707.648,6.000,16500.000,700.000,90.000,63.986,58,-1.000,-1.000
1733,18.743736,16.668872,18,1,1,5,0.000,0,6681.252,707.648,6.000,16500.000,700.000,90.000,63.986,58,-1.000,-1.000
1734,11.591692,16.668952,18,1,1,5,0.000,0,6681.252,707.648,6.000,16500.000,700.000,90.000,63.986,58,-1.000,-1.000
1735,17.335907,16.667812,18,1,1,5,0.000,0,6681.252,707.648,6.000,16500.000,700.000,90.000,63.986,58,-1.000,-1.000
1736,20.196089,16.668672,18,1,1,5,0.000,0,6681.252,707.648,6.000,16500.000,700.000,90.000,63.986,58,-1.000,-1.000
1737,12.418529,16.668933,18,1,1,5,0.000,0,6681.252,707.648,6.000,16500.000,700.000,90.000,63.986,58,-1.000,-1.000
1738,17.438279,16.668461,18,1,1,5,0.000,0,6681.252,707.648,6.000,16500.000,700.000,90.000,63.986,58,-1.000,-1.000
1739,18.648175,16.668542,18,1,1,5,0.000,0,6681.252,707.648,6.000,16500.000,700.000,90.000,63.986,58,-1.000,-1.000
1740,18.891161,16.667993,18,1,1,5,0.000,0,6681.252,707.648,6.000,16500.000,700.000,90.000,63.986,58,-1.000,-1.000
1741,11.768926,16.667751,18,1,1,5,0.000,0,6681.252,707.648,6.000,16500.000,700.000,90.000,63.986,58,-1.000,-1.000
1742,17.484989,16.667632,18,1,1,5,0.000,0,6681.252,707.648,6.000,16500.000,700.000,90.000,63.986,58,-1.000,-1.000
1743,19.666767,16.667433,18,1,1,5,0.000,0,6681.252,707.648,6.000,16500.000,700.000,90.000,63.986,58,-1.000,-1.000
1744,17.503470,16.667301,18,1,1,5,0.000,0,6681.252,707.648,6.000,16500.000,700.000,90.000,63.986,58,-1.000,-1.000
1745,11.768786,16.667532,18,1,1,5,0.000,0,6681.252,707.648,6.000,16500.000,700.000,90.000,63.986,58,-1.000,-1.000
1746,17.123892,16.667353,18,1,1,5,0.000,0,6681.252,707.648,6.000,16500.000,700.000,90.000,63.986,58,-1.000,-1.000
1747,20.161717,16.668831,18,1,1,5,0.000,0,6681.252,707.648,6.000,16500.000,700.000,90.000,63.986,58,-1.000,-1.000
1748,16.225524,16.668272,18,1,1,5,0.000,0,6681.252,707.648,6.000,16500.000,700.000,90.000,63.986,58,-1.000,-1.000
1749,17.068990,16.668293,18,1,1,5,0.000,0,6681.252,707.648,6.000,16500.000,700.000,90.000,63.986,58,-1.000,-1.000
1750,17.440559,16.667251,18,1,1,5,0.000,0,6681.252,707.648,6.000,16500.000,700.000,90.000,63.986,58,-1.000,-1.000
1751,16.213982,16.667083,18,1,1,5,0.000,0,6681.252,707.648,6.000,16500.000,700.000,90.000,63.986,58,-1.000,-1.000
1752,16.289544,16.668172,18,1,1,5,0.000,0,6681.252,707.648,6.000,16500.000,700.000,90.000,63.986,58,-1.000,-1.000
1753,16.714252,16.668861,18,1,1,5,0.000,0,6681.252,707.648,6.000,16500.000,700.000,90.000,63.986,58,-1.000,-1.000
1754,16.598231,16.668793,18,1,1,5,0.000,0,6681.252,707.648,6.000,16500.000,700.000,90.000,63.986,58,-1.000,-1.000
1755,15.857035,16.690123,18,1,1,5,0.000,0,6681.252,707.648,6.000,16500.000,700.000,90.000,63.986,58,-1.000,-1.000
1756,17.096651,16.670031,18,1,1,5,0.000,0,6681.252,707.648,6.000,16500.000,700.000,90.000,63.986,58,-1.000,-1.000
1757,16.534109,16.668742,18,1,1,5,0.000,0,6681.252,707.648,6.000,16500.000,700.000,90.000,63.986,58,-1.000,-1.000
1758,16.569930,16.667323,18,1,1,5,0.000,0,6681.252,707.648,6.000,16500.000,700.000,90.000,63.986,58,-1.000,-1.000
1759,17.264205,16.668831,18,1,1,5,0.000,0,6681.252,707.648,6.000,16500.000,700.000,90.000,63.986,58,-1.000,-1.000
1760,18.001331,16.668382,18,1,1,5,0.000,0,6681.252,707.648,6.000,16500.000,700.000,90.000,63.986,58,-1.000,-1.000
1761,11.631433,16.667363,18,1,1,5,0.000,0,6681.252,707.648,6.000,16500.000,700.000,90.000,63.986,58,-1.000,-1.000
1762,20.459344,16.667661,18,1,1,5,0.000,0,6681.252,707.648,6.000,16500.000,700.000,90.000,63.986,58,-1.000,-1.000
1763,18.208975,16.668802,18,1,1,5,0.000,0,6681.252,707.648,6.000,16500.000,700.000,90.000,63.986,58,-1.000,-1.000
1764,11.363637,16.668243,18,1,1,5,0.000,0,6681.252,707.648,6.000,16500.000,700.000,90.000,63.986,58,-1.000,-1.000
1765,16.865857,16.668101,18,1,1,5,0.000,0,6681.252,707.648,6.000,16500.000,700.000,90.000,63.986,58,-1.000,-1.000
1766,18.513972,16.668653,18,1,1,5,0.000,0,6681.252,707.648,6.000,16500.000,700.000,90.000,63.986,58,-1.000,-1.000
1767,18.584844,16.668802,18,1,1,5,0.000,0,6681.252,707.648,6.000,16500.000,700.000,90.000,63.986,58,-1.000,-1.000
1768,16.342414,16.667511,18,1,1,5,0.000,0,6681.252,707.648,6.000,16500.000,700.000,90.000,63.986,58,-1.000,-1.000
1769,16.060139,16.667933,18,1,1,5,0.000,0,6681.252,707.648,6.000,16500.000,700.000,90.000,63.986,58,-1.000,-1.000
1770,18.706367,16.667622,18,1,1,5,0.000,0,6681.252,707.648,6.000,16500.000,700.000,90.000,63.986,58,-1.000,-1.000
1771,11.948509,16.668931,18,1,1,5,0.000,0,6681.252,707.648,6.000,16500.000,700.000,90.000,63.986,58,-1.000,-1.000
1772,16.519688,16.668313,18,1,1,5,0.000,0,6681.252,707.648,6.000,16500.000,700.000,90.000,63.986,58,-1.000,-1.000
1773,21.760743,16.668032,18,1,1,5,0.000,0,6681.252,707.648,6.000,16500.000,700.000,90.000,63.986,58,-1.000,-1.000
1774,11.731495,16.667791,18,1,1,5,0.000,0,6681.252,707.648,6.000,16500.000,700.000,90.000,63.986,58,-1.000,-1.000
1775,18.499672,16.667313,18,1,1,5,0.000,0,6681.252,707.648,6.000,16500.000,700.000,90.000,63.986,58,-1.000,-1.000
1776,18.096513,16.667402,18,1,1,5,0.000,0,6681.252,707.648,6.000,16500.000,700.000,90.000,63.986,58,-1.000,-1.000
1777,16.362906,16.668021,18,1,1,5,0.000,0,6681.252,707.648,6.000,16500.000,700.000,90.000,63.986,58,-1.000,-1.000
1778,17.264504,16.668113,18,1,1,5,0.000,0,6681.252,707.648,6.000,16500.000,700.000,90.000,63.986,58,-1.000,-1.000
1779,16.017768,16.668212,18,1,1,5,0.000,0,6681.252,707.648,6.000,16500.000,700.000,90.000,63.986,58,-1.000,-1.000
1780,16.745634,16.667772,18,1,1,5,0.000,0,6681.252,707.648,6.000,16500.000,700.000,90.000,63.986,58,-1.000,-1.000
1781,17.653463,16.667362,18,1,1,5,0.000,0,6681.252,707.648,6.000,16500.000,700.000,90.000,63.986,58,-1.000,-1.000
1782,17.030680,16.668442,18,1,1,5,0.000,0,6681.252,707.648,6.000,16500.000,700.000,90.000,63.986,58,-1.000,-1.000
1783,16.986929,16.667712,18,1,1,5,0.000,0,6681.252,707.648,6.000,16500.000,700.000,90.000,63.986,58,-1.000,-1.000
1784,12.018531,16.668412,18,1,1,5,0.000,0,6681.252,707.648,6.000,16500.000,700.000,90.000,63.986,58,-1.000,-1.000
1785,16.603381,16.667862,18,1,1,5,0.000,0,6681.252,707.648,6.000,16500.000,700.000,90.000,63.986,58,-1.000,-1.000
1786,20.172108,16.668032,18,1,1,5,0.000,0,6681.252,707.648,6.000,16500.000,700.000,90.000,63.986,58,-1.000,-1.000
1787,17.211744,16.667692,18,1,1,5,0.000,0,6681.252,707.648,6.000,16500.000,700.000,90.000,63.986,58,-1.000,-1.000
1788,17.158253,16.667482,18,1,1,5,0.000,0,6681.252,707.648,6.000,16500.000,700.000,90.000,63.986,58,-1.000,-1.000
1789,16.175411,16.668432,18,1,1,5,0.000,0,6681.252,707.648,6.000,16500.000,700.000,90.000,63.986,58,-1.000,-1.000
1790,16.842856,16.667172,18,1,1,5,0.000,0,6681.252,707.648,6.000,16500.000,700.000,90.000,63.986,58,-1.000,-1.000
1791,15.943496,16.667772,18,1,1,5,0.000,0,6681.252,707.648,6.000,16500.000,700.000,90.000,63.986,58,-1.000,-1.000
1792,17.805567,16.668852,18,1,1,5,0.000,0,6681.252,707.648,6.000,16500.000,700.000,90.000,63.986,58,-1.000,-1.000
1793,16.611191,16.668112,18,1,1,5,0.000,0,6681.252,707.648,6.000,16500.000,700.000,90.000,63.986,58,-1.000,-1.000
1794,16.598630,16.667502,18,1,1,5,0.000,0,6681.252,707.648,6.000,16500.000,700.000,90.000,63.986,58,-1.000,-1.000
1795,16.923187,16.668912,18,1,1,5,0.000,0,6681.252,707.648,6.000,16500.000,700.000,90.000,63.986,58,-1.000,-1.000
1796,16.313135,16.669162,18,1,1,5,0.000,0,6681.252,707.648,6.000,16500.000,700.000,90.000,63.986,58,-1.000,-1.000
1797,17.141732,16.667922,18,1,1,5,0.000,0,6681.252,707.648,6.000,16500.000,700.000,90.000,63.986,58,-1.000,-1.000
1798,15.429705,16.667712,18,1,1,5,0.000,0,6681.252,707.648,6.000,16500.000,700.000,90.000,63.986,58,-1.000,-1.000
1799,16.518899,16.667923,18,1,1,5,0.000,0,6681.252,707.648,6.000,16500.000,700.000,90.000,63.986,58,-1.000,-1.000
1800,17.373457,16.667141,18,1,1,5,0.000,0,6681.252,707.648,6.000,16500.000,700.000,90.000,63.986,58,-1.000,-1.000
1801,16.147441,16.668652,18,1,1,5,0.000,0,6681.252,707.648,6.000,16500.000,700.000,90.000,63.986,58,-1.000,-1.000
1802,17.592042,16.668643,18,1,1,5,0.000,0,6681.252,707.648,6.000,16500.000,700.000,90.000,63.986,58,-1.000,-1.000
1803,15.187760,16.667601,18,1,1,5,0.000,0,6681.252,707.648,6.000,16500.000,700.000,90.000,63.986,58,-1.000,-1.000
1804,17.193143,16.667002,18,1,1,5,0.000,0,6681.252,707.648,6.000,16500.000,700.000,90.000,63.986,58,-1.000,-1.000
1805,16.874217,16.666853,18,1,1,5,0.000,0,6681.252,707.648,6.000,16500.000,700.000,90.000,63.986,58,-1.000,-1.000
1806,11.223774,16.666821,18,1,1,5,0.000,0,6681.252,707.648,6.000,16500.000,700.000,90.000,63.986,58,-1.000,-1.000
1807,19.288829,16.667802,18,1,1,5,0.000,0,6681.252,707.648,6.000,16500.000,700.000,90.000,63.986,58,-1.000,-1.000
1808,19.324810,16.667033,18,1,1,5,0.000,0,6681.252,707.648,6.000,16500.000,700.000,90.000,63.986,58,-1.000,-1.000
1809,11.614742,16.667281,18,1,1,5,0.000,0,6681.252,707.648,6.000,16500.000,700.000,90.000,63.986,58,-1.000,-1.000
1810,18.220056,16.667022,18,1,1,5,0.000,0,6681.252,707.648,6.000,16500.000,700.000,90.000,63.986,58,-1.000,-1.000
1811,19.580514,16.667473,18,1,1,5,0.000,0,6681.252,707.648,6.000,16500.000,700.000,90.000,63.986,58,-1.000,-1.000
1812,12.041602,16.667701,18,1,1,5,0.000,0,6681.252,707.648,6.000,16500.000,700.000,90.000,63.986,58,-1.000,-1.000
1813,16.723294,16.667472,18,1,1,5,0.000,0,6681.252,707.648,6.000,16500.000,700.000,90.000,63.986,58,-1.000,-1.000
1814,18.911860,16.667123,18,1,1,5,0.000,0,6681.252,707.648,6.000,16500.000,700.000,90.000,63.986,58,-1.000,-1.000
1815,14.667939,16.667581,18,1,1,5,0.000,0,6681.252,707.648,6.000,16500.000,700.000,90.000,63.986,58,-1.000,-1.000
1816,17.907829,16.667102,18,1,1,5,0.000,0,6681.252,707.648,6.000,16500.000,700.000,90.000,63.986,58,-1.000,-1.000
1817,18.986843,16.667793,18,1,1,5,0.000,0,6681.252,707.648,6.000,16500.000,700.000,90.000,63.986,58,-1.000,-1.000
1818,16.687862,16.666911,18,1,1,5,0.000,0,6681.252,707.648,6.000,16500.000,700.000,90.000,63.986,58,-1.000,-1.000
1819,14.078445,16.668572,18,1,1,5,0.000,0,6681.252,707.648,6.000,16500.000,700.000,90.000,63.986,58,-1.000,-1.000
1820,16.711273,16.667813,18,1,1,5,0.000,0,6681.252,707.648,6.000,16500.000,700.000,90.000,63.986,58,-1.000,-1.000
1821,19.397461,16.668731,18,1,1,5,0.000,0,6681.252,707.648,6.000,16500.000,700.000,90.000,63.986,58,-1.000,-1.000
1822,18.211337,16.667752,18,1,1,5,0.000,0,6681.252,707.648,6.000,16500.000,700.000,90.000,63.986,58,-1.000,-1.000
1823,12.363888,16.668343,18,1,1,5,0.000,0,6681.252,707.648,6.000,16500.000,700.000,90.000,63.986,58,-1.000,-1.000
1824,18.208125,16.667191,18,1,1,5,0.000,0,6681.252,707.648,6.000,16500.000,700.000,90.000,63.986,58,-1.000,-1.000
1825,15.023816,16.667873,18,1,1,5,0.000,0,6681.252,707.648,6.000,16500.000,700.000,90.000,63.986,58,-1.000,-1.000
1826,16.740294,16.667672,18,1,1,5,0.000,0,6681.252,707.648,6.000,16500.000,700.000,90.000,63.986,58,-1.000,-1.000
1827,21.325333,16.667991,18,1,1,5,0.000,0,6681.252,707.648,6.000,16500.000,700.000,90.000,63.986,58,-1.000,-1.000
1828,12.133334,16.668813,18,1,1,5,0.000,0,6681.252,707.648,6.000,16500.000,700.000,90.000,63.986,58,-1.000,-1.000
1829,16.637511,16.667002,18,1,1,5,0.000,0,6681.252,707.648,6.000,16500.000,700.000,90.000,63.986,58,-1.000,-1.000
1830,17.003900,16.668931,18,1,1,5,0.000,0,6681.252,707.648,6.000,16500.000,700.000,90.000,63.986,58,-1.000,-1.000
1831,20.872703,16.667593,18,1,1,5,0.000,0,6681.252,707.648,6.000,16500.000,700.000,90.000,63.986,58,-1.000,-1.000
1832,12.086622,16.668232,18,1,1,5,0.000,0,6681.252,707.648,6.000,16500.000,700.000,90.000,63.986,58,-1.000,-1.000
1833,17.727476,17.518700,18,1,1,5,0.000,0,6681.252,707.648,6.000,16500.000,700.000,90.000,63.986,58,-1.000,-1.000
1834,20.184508,16.667172,18,1,1,5,0.000,0,6681.252,707.648,6.000,16500.000,700.000,90.000,63.986,58,-1.000,-1.000
1835,15.238891,16.667622,18,1,1,5,0.000,0,6681.252,707.648,6.000,16500.000,700.000,90.000,63.986,58,-1.000,-1.000
1836,18.415129,16.667672,18,1,1,5,0.000,0,6681.252,707.648,6.000,16500.000,700.000,90.000,63.986,58,-1.000,-1.000
1837,15.658131,16.667232,18,1,1,5,0.000,0,6681.252,707.648,6.000,16500.000,700.000,90.000,63.986,58,-1.000,-1.000
1838,16.610921,16.667742,18,1,1,5,0.000,0,6681.252,707.648,6.000,16500.000,700.000,90.000,63.986,58,-1.000,-1.000
1839,18.064062,16.667022,18,1,1,5,0.000,0,6681.252,707.648,6.000,16500.000,700.000,90.000,63.986,58,-1.000,-1.000
1840,11.487769,16.667492,19,1,1,5,0.000,0,6681.252,707.648,6.000,16500.000,700.000,90.000,63.986,58,-1.000,-1.000
1841,20.807522,16.668122,19,1,1,5,0.000,0,6681.252,707.648,6.000,16500.000,700.000,90.000,63.986,58,-1.000,-1.000
1842,34.944399,16.667112,19,1,1,5,0.000,0,6681.252,707.648,6.000,16500.000,700.000,90.000,63.986,58,-1.000,-1.000
1843,4.520419,25.165217,19,1,1,5,0.000,0,6681.252,707.648,6.000,16500.000,700.000,90.000,63.986,58,-1.000,-1.000
1844,15.544707,16.667442,19,1,1,5,0.000,0,6681.252,707.648,6.000,16500.000,700.000,90.000,63.986,58,-1.000,-1.000
1845,18.801769,16.667972,19,1,1,5,0.000,0,6681.252,707.648,6.000,6140.000,390.000,90.000,63.986,58,-1.000,-1.000
1846,22.569889,16.667072,19,1,0,5,0.000,1,6681.252,707.648,6.000,6140.000,390.000,90.000,63.986,58,-1.000,-1.000
1847,10.575070,16.667112,19,1,0,5,0.000,1,6681.252,707.648,6.000,6140.000,390.000,90.000,63.986,58,-1.000,-1.000
1848,15.882025,16.668122,19,1,0,5,0.000,1,6681.252,707.648,6.000,6140.000,390.000,90.000,63.986,58,-1.000,-1.000
1849,15.915936,16.667312,19,1,0,5,0.000,1,6681.252,707.648,6.000,6140.000,390.000,90.000,63.986,58,-1.000,-1.000
1850,16.234563,16.666982,19,1,0,5,0.000,1,6681.252,707.648,6.000,6140.000,390.000,90.000,63.986,58,-1.000,-1.000
1851,16.558250,16.667312,19,1,0,5,0.000,1,6681.252,707.648,6.000,6140.000,390.000,90.000,63.986,58,-1.000,-1.000
1852,16.633670,16.667832,19,1,0,5,0.000,1,6681.252,707.648,6.000,6140.000,390.000,90.000,63.986,58,-1.000,-1.000
1853,20.525197,16.667992,19,1,0,5,0.000,1,6681.252,707.648,6.000,6140.000,390.000,90.000,63.986,58,-1.000,-1.000
1854,16.865396,16.667232,19,1,0,5,0.000,1,6681.252,707.648,6.000,6140.000,390.000,90.000,63.986,58,-1.000,-1.000
1855,16.103910,16.667472,19,1,0,5,0.000,1,6681.252,707.648,6.000,6140.000,390.000,90.000,63.986,58,-1.000,-1.000
1856,17.064830,16.667252,19,1,0,5,0.000,1,6681.252,707.648,6.000,6140.000,390.000,90.000,63.986,58,-1.000,-1.000
1857,16.313584,16.667751,19,1,0,5,0.000,1,6681.252,707.648,6.000,6140.000,390.000,90.000,63.986,58,-1.000,-1.000
1858,17.022690,16.667083,19,1,0,5,0.000,1,6681.252,707.648,6.000,6140.000,390.000,90.000,63.986,58,-1.000,-1.000
1859,16.170201,16.667072,19,1,0,5,0.000,1,6681.252,707.648,6.000,6140.000,390.000,90.000,63.986,58,-1.000,-1.000
1860,18.291817,16.667631,19,1,0,5,0.000,1,6681.252,707.648,6.000,6140.000,390.000,90.000,63.986,58,-1.000,-1.000
1861,11.496060,16.667843,19,1,0,5,0.000,1,6681.252,707.648,6.000,6140.000,390.000,90.000,63.986,58,-1.000,-1.000
1862,16.940478,16.668322,19,1,0,5,0.000,1,6681.252,707.648,6.000,6140.000,390.000,90.000,63.986,58,-1.000,-1.000
1863,20.198619,16.667401,19,1,0,5,0.000,1,6681.252,707.648,6.000,6140.000,390.000,90.000,63.986,58,-1.000,-1.000
1864,16.949038,16.667173,19,1,0,5,0.000,1,6681.252,707.648,6.000,6140.000,390.000,90.000,63.986,58,-1.000,-1.000
1865,15.985017,16.666912,19,1,0,5,0.000,1,6681.252,707.648,6.000,6140.000,390.000,90.000,63.986,58,-1.000,-1.000
1866,16.888957,16.667931,19,1,0,5,0.000,1,6681.252,707.648,6.000,6140.000,390.000,90.000,63.986,58,-1.000,-1.000
1867,17.063451,16.691683,19,1,0,5,0.000,1,6681.252,707.648,6.000,6140.000,390.000,90.000,63.986,58,-1.000,-1.000
1868,17.219753,16.667253,19,1,0,5,0.000,1,6681.252,707.648,6.000,6140.000,390.000,90.000,63.986,58,-1.000,-1.000
1869,16.481589,16.667241,19,1,0,5,0.000,1,6681.252,707.648,6.000,6140.000,390.000,90.000,63.986,58,-1.000,-1.000
1870,16.900557,16.668072,19,1,0,5,0.000,1,6681.252,707.648,6.000,6140.000,390.000,90.000,63.986,58,-1.000,-1.000
1871,16.260053,16.667913,19,1,0,5,0.000,1,6681.252,707.648,6.000,6140.000,390.000,90.000,63.986,58,-1.000,-1.000
1872,16.445987,16.667621,19,1,0,5,0.000,1,6681.252,707.648,6.000,6140.000,390.000,90.000,63.986,58,-1.000,-1.000
1873,18.728367,16.667272,19,1,0,5,0.000,1,6681.252,707.648,6.000,6140.000,390.000,90.000,63.986,58,-1.000,-1.000
1874,15.248151,16.667953,19,1,0,5,0.000,1,6681.252,707.648,6.000,6140.000,390.000,90.000,63.986,58,-1.000,-1.000
1875,16.644992,16.667821,19,1,0,5,0.000,1,6681.252,707.648,6.000,6140.000,390.000,90.000,63.986,58,-1.000,-1.000
1876,17.627222,16.667582,19,1,0,5,0.000,1,6681.252,707.648,6.000,6140.000,390.000,90.000,63.986,58,-1.000,-1.000
1877,15.370844,16.667783,19,1,0,5,0.000,1,6681.252,707.648,6.000,6140.000,390.000,90.000,63.986,58,-1.000,-1.000
1878,18.057392,16.668281,19,1,0,5,0.000,1,6681.252,707.648,6.000,6140.000,390.000,90.000,63.986,58,-1.000,-1.000
1879,11.767656,16.669472,19,1,0,5,0.000,1,6681.252,707.648,6.000,6140.000,390.000,90.000,63.986,58,-1.000,-1.000
1880,19.163196,16.667513,19,1,0,5,0.000,1,6681.252,707.648,6.000,6140.000,390.000,90.000,63.986,58,-1.000,-1.000
1881,16.315514,16.668071,19,1,0,5,0.000,1,6681.252,707.648,6.000,6140.000,390.000,90.000,63.986,58,-1.000,-1.000
1882,14.708220,16.669002,19,1,0,5,0.000,1,6681.252,707.648,6.000,6140.000,390.000,90.000,63.986,58,-1.000,-1.000
1883,20.648908,16.667263,19,1,0,5,0.000,1,6681.252,707.648,6.000,6140.000,390.000,90.000,63.986,58,-1.000,-1.000
1884,17.350367,16.668561,19,1,0,5,0.000,1,6681.252,707.648,6.000,6140.000,390.000,90.000,63.986,58,-1.000,-1.000
1885,17.334767,16.667483,19,1,0,5,0.000,1,6681.252,707.648,6.000,6140.000,390.000,90.000,63.986,58,-1.000,-1.000
1886,14.963415,16.668912,19,1,0,5,0.000,1,6681.252,707.648,6.000,6140.000,390.000,90.000,63.986,58,-1.000,-1.000
1887,16.803065,16.668871,19,1,0,5,0.000,1,6681.252,707.648,6.000,6140.000,390.000,90.000,63.986,58,-1.000,-1.000
1888,16.829005,16.668833,19,1,0,5,0.000,1,6681.252,707.648,6.000,6140.000,390.000,90.000,63.986,58,-1.000,-1.000
1889,16.281394,16.667612,19,1,0,5,0.000,1,6681.252,707.648,6.000,6140.000,390.000,90.000,63.986,58,-1.000,-1.000
1890,16.133070,16.668821,19,1,0,5,0.000,1,6681.252,707.648,6.000,6140.000,390.000,90.000,63.986,58,-1.000,-1.000
1891,17.992791,16.667343,19,1,0,5,0.000,1,6681.252,707.648,6.000,6140.000,390.000,90.000,63.986,58,-1.000,-1.000
1892,16.467758,16.667652,19,1,0,5,0.000,1,6681.252,707.648,6.000,6140.000,390.000,90.000,63.986,58,-1.000,-1.000
1893,16.180151,16.668761,19,1,0,5,0.000,1,6681.252,707.648,6.000,6140.000,390.000,90.000,63.986,58,-1.000,-1.000
1894,16.843436,16.667683,19,1,0,5,0.000,1,6681.252,707.648,6.000,6140.000,390.000,90.000,63.986,58,-1.000,-1.000
1895,17.774135,16.667922,19,1,0,5,0.000,1,6681.252,707.648,6.000,6140.000,390.000,90.000,63.986,58,-1.000,-1.000
1896,14.107557,16.667421,19,1,0,5,0.000,1,6681.252,707.648,6.000,6140.000,390.000,90.000,63.986,58,-1.000,-1.000
1897,17.487570,16.667673,19,1,0,5,0.000,1,6681.252,707.648,6.000,6140.000,390.000,90.000,63.986,58,-1.000,-1.000
1898,23.785577,16.667182,19,1,0,5,0.000,1,6681.252,707.648,6.000,6140.000,390.000,90.000,63.986,58,-1.000,-1.000
1899,7.199136,16.667251,19,1,0,5,0.000,1,6681.252,707.648,6.000,6140.000,390.000,90.000,63.986,58,-1.000,-1.000
1900,16.341915,16.667463,19,1,0,5,0.000,1,6681.252,707.648,6.000,6140.000,390.000,90.000,63.986,58,-1.000,-1.000
1901,16.096069,16.667642,19,1,0,5,0.000,1,6681.252,707.648,6.000,6140.000,390.000,90.000,63.986,58,-1.000,-1.000
1902,19.630667,16.667541,19,1,0,5,0.000,1,6681.252,707.648,6.000,6140.000,390.000,90.000,63.986,58,-1.000,-1.000
1903,16.887607,16.667303,19,1,0,5,0.000,1,6681.252,707.648,6.000,6140.000,390.000,90.000,63.986,58,-1.000,-1.000
1904,17.231534,16.668292,19,1,0,5,0.000,1,6681.252,707.648,6.000,6140.000,390.000,90.000,63.986,58,-1.000,-1.000
1905,16.391525,16.667681,19,1,0,5,0.000,1,6681.252,707.648,6.000,6140.000,390.000,90.000,63.986,58,-1.000,-1.000
1906,17.021510,16.667713,19,1,0,5,0.000,1,6681.252,707.648,6.000,6140.000,390.000,90.000,63.986,58,-1.000,-1.000
1907,18.395240,16.667922,19,1,0,5,0.000,1,6681.252,707.648,6.000,6140.000,390.000,90.000,63.986,58,-1.000,-1.000
1908,11.952600,16.707942,19,1,0,5,0.000,1,6681.252,707.648,6.000,6140.000,390.000,90.000,63.986,58,-1.000,-1.000
1909,19.042253,16.667773,19,1,0,5,0.000,1,6681.252,707.648,6.000,6140.000,390.000,90.000,63.986,58,-1.000,-1.000
1910,19.222258,16.667462,19,1,0,5,0.000,1,6681.252,707.648,6.000,6140.000,390.000,90.000,63.986,58,-1.000,-1.000
1911,11.456858,16.731243,19,1,0,5,0.000,1,6681.252,707.648,6.000,6140.000,390.000,90.000,63.986,58,-1.000,-1.000
1912,17.677124,16.668002,19,1,0,5,0.000,1,6681.252,707.648,6.000,6140.000,390.000,90.000,63.986,58,-1.000,-1.000
1913,19.397692,16.667542,19,1,0,5,0.000,1,6681.252,707.648,6.000,6140.000,390.000,90.000,63.986,58,-1.000,-1.000
1914,16.117030,16.667932,19,1,0,5,0.000,1,6681.252,707.648,6.000,6140.000,390.000,90.000,63.986,58,-1.000,-1.000
1915,18.536572,16.667172,19,1,0,5,0.000,1,6681.252,707.648,6.000,6140.000,390.000,90.000,63.986,58,-1.000,-1.000
1916,12.138584,16.668882,19,1,0,5,0.000,1,6681.252,707.648,6.000,6140.000,390.000,90.000,63.986,58,-1.000,-1.000
1917,18.120053,16.667942,19,1,0,5,0.000,1,6681.252,707.648,6.000,6140.000,390.000,90.000,63.986,58,-1.000,-1.000
1918,20.251561,17.082351,19,1,0,5,0.000,1,6681.252,707.648,6.000,6140.000,390.000,90.000,63.986,58,-1.000,-1.000
1919,16.572309,16.668652,19,1,0,5,0.000,1,6681.252,707.648,6.000,6140.000,390.000,90.000,63.986,58,-1.000,-1.000
1920,15.021936,16.667732,19,1,0,5,0.000,1,6681.252,707.648,6.000,6140.000,390.000,90.000,63.986,58,-1.000,-1.000
1921,16.665603,16.668682,19,1,0,5,0.000,1,6681.252,707.648,6.000,6140.000,390.000,90.000,63.986,58,-1.000,-1.000
1922,15.966247,16.667762,19,1,0,5,0.000,1,6681.252,707.648,6.000,6140.000,390.000,90.000,63.986,58,-1.000,-1.000
1923,18.826649,16.668112,19,1,0,5,0.000,1,6681.252,707.648,6.000,6140.000,390.000,90.000,63.986,58,-1.000,-1.000
1924,11.965070,16.669122,19,1,0,5,0.000,1,6681.252,707.648,6.000,6140.000,390.000,90.000,63.986,58,-1.000,-1.000
1925,20.729519,16.667812,19,1,0,5,0.000,1,6681.252,707.648,6.000,6140.000,390.000,90.000,63.986,58,-1.000,-1.000
1926,14.845353,16.667902,19,1,0,5,0.000,1,6681.252,707.648,6.000,6140.000,390.000,90.000,63.986,58,-1.000,-1.000
1927,18.976512,16.667402,19,1,0,5,0.000,1,6681.252,707.648,6.000,6140.000,390.000,90.000,63.986,58,-1.000,-1.000
1928,11.667323,16.669002,19,1,0,5,0.000,1,6681.252,707.648,6.000,6140.000,390.000,90.000,63.986,58,-1.000,-1.000
1929,20.397743,16.668563,19,1,0,5,0.000,1,6681.252,707.648,6.000,6140.000,390.000,90.000,63.986,58,-1.000,-1.000
1930,18.168505,16.667911,19,1,0,5,0.000,1,6681.252,707.648,6.000,6140.000,390.000,90.000,63.986,58,-1.000,-1.000
1931,11.908968,16.668012,19,1,0,5,0.000,1,6681.252,707.648,6.000,6140.000,390.000,90.000,63.986,58,-1.000,-1.000
1932,16.379397,16.668223,19,1,0,5,0.000,1,6681.252,707.648,6.000,6140.000,390.000,90.000,63.986,58,-1.000,-1.000
1933,19.763678,16.668161,19,1,0,5,0.000,1,6681.252,707.648,6.000,6140.000,390.000,90.000,63.986,58,-1.000,-1.000
1934,18.347029,16.667522,19,1,0,5,0.000,1,6681.252,707.648,6.000,6140.000,390.000,90.000,63.986,58,-1.000,-1.000
1935,16.578120,16.668893,19,1,0,5,0.000,1,6681.252,707.648,6.000,6140.000,390.000,90.000,63.986,58,-1.000,-1.000
1936,15.618589,16.668191,19,1,0,5,0.000,1,6681.252,707.648,6.000,6140.000,390.000,90.000,63.986,58,-1.000,-1.000
1937,17.093491,16.667182,19,1,0,5,0.000,1,6681.252,707.648,6.000,6140.000,390.000,90.000,63.986,58,-1.000,-1.000
1938,17.241135,16.667243,19,1,0,5,0.000,1,6681.252,707.648,6.000,6140.000,390.000,90.000,63.986,58,-1.000,-1.000
1939,11.552511,16.667211,19,1,0,5,0.000,1,6681.252,707.648,6.000,6140.000,390.000,90.000,63.986,58,-1.000,-1.000
1940,16.583290,16.667682,19,1,0,5,0.000,1,6681.252,707.648,6.000,6140.000,390.000,90.000,63.986,58,-1.000,-1.000
1941,20.413904,16.667323,19,1,0,5,0.000,1,6681.252,707.648,6.000,6140.000,390.000,90.000,63.986,58,-1.000,-1.000
1942,18.194605,16.668101,19,1,0,5,0.000,1,6681.252,707.648,6.000,6140.000,390.000,90.000,63.986,58,-1.000,-1.000
1943,11.788316,16.668052,19,1,0,5,0.000,1,6681.252,707.648,6.000,6140.000,390.000,90.000,63.986,58,-1.000,-1.000
1944,16.292853,16.669033,19,1,0,5,0.000,1,6681.252,707.648,6.000,6140.000,390.000,90.000,63.986,58,-1.000,-1.000
1945,19.315980,16.668211,19,1,0,5,0.000,1,6681.252,707.648,6.000,6140.000,390.000,90.000,63.986,58,-1.000,-1.000
1946,18.455801,16.668142,19,1,0,5,0.000,1,6681.252,707.648,6.000,6140.000,390.000,90.000,63.986,58,-1.000,-1.000
1947,16.185791,16.668223,19,1,0,5,0.000,1,6681.252,707.648,6.000,6140.000,390.000,90.000,63.986,58,-1.000,-1.000
1948,16.682943,16.668861,19,1,0,5,0.000,1,6681.252,707.648,6.000,6140.000,390.000,90.000,63.986,58,-1.000,-1.000
1949,16.859566,16.667462,19,1,0,5,0.000,1,6681.252,707.648,6.000,6140.000,390.000,90.000,63.986,58,-1.000,-1.000
1950,16.697502,16.668563,19,1,0,5,0.000,1,6681.252,707.648,6.000,6140.000,390.000,90.000,63.986,58,-1.000,-1.000
1951,16.995229,16.669031,19,1,0,5,0.000,1,6681.252,707.648,6.000,6140.000,390.000,90.000,63.986,58,-1.000,-1.000
1952,17.736486,16.668212,19,1,0,5,0.000,1,6681.252,707.648,6.000,6140.000,390.000,90.000,63.986,58,-1.000,-1.000
1953,11.401087,16.668943,19,1,0,5,0.000,1,6681.252,707.648,6.000,6140.000,390.000,90.000,63.986,58,-1.000,-1.000
1954,16.512809,16.667921,19,1,0,5,0.000,1,6681.252,707.648,6.000,6140.000,390.000,90.000,63.986,58,-1.000,-1.000
1955,19.762260,16.668343,19,1,0,5,0.000,1,6681.252,707.648,6.000,6140.000,390.000,90.000,63.986,58,-1.000,-1.000
1956,17.671493,16.667362,19,1,0,5,0.000,1,6681.252,707.648,6.000,6140.000,390.000,90.000,63.986,58,-1.000,-1.000
1957,16.793985,16.668751,19,1,0,5,0.000,1,6681.252,707.648,6.000,6140.000,390.000,90.000,63.986,58,-1.000,-1.000
1958,12.200925,16.668213,19,1,0,5,0.000,1,6681.252,707.648,6.000,6140.000,390.000,90.000,63.986,58,-1.000,-1.000
1959,19.422892,16.667972,19,1,0,5,0.000,1,6681.252,707.648,6.000,6140.000,390.000,90.000,63.986,58,-1.000,-1.000
1960,17.511480,16.667321,21,1,0,5,0.000,1,6681.252,707.648,6.000,6140.000,390.000,90.000,63.986,58,-1.000,-1.000
1961,179.630662,16.668373,21,1,0,5,0.000,1,6681.252,707.648,6.000,6140.000,390.000,90.000,63.986,58,-1.000,-1.000
1962,7.106624,170.104074,21,1,0,5,0.000,1,6681.252,707.648,6.000,6140.000,390.000,90.000,63.986,58,-1.000,-1.000
1963,16.764344,16.667112,21,1,0,5,0.000,1,6681.252,707.648,6.000,6140.000,390.000,90.000,63.986,58,-1.000,-1.000
1964,11.415488,16.667632,21,1,0,5,0.000,1,6681.252,707.648,6.000,6140.000,390.000,90.000,63.986,58,-1.000,-1.000
1965,19.599696,16.667442,21,1,0,5,0.000,1,6681.252,707.648,6.000,6140.000,390.000,90.000,63.986,58,-1.000,-1.000
1966,14.133166,16.667282,21,1,0,5,0.000,1,6681.252,707.648,6.000,6140.000,390.000,90.000,63.986,58,-1.000,-1.000
1967,17.368557,16.667962,21,1,0,5,0.000,1,6681.252,707.648,6.000,6140.000,390.000,90.000,63.986,58,-1.000,-1.000
1968,19.551355,16.667742,21,1,0,5,0.000,1,6681.252,707.648,6.000,6140.000,390.000,90.000,63.986,58,-1.000,-1.000
1969,17.487870,16.668072,21,1,0,5,0.000,1,6681.252,707.648,6.000,6140.000,390.000,90.000,63.986,58,-1.000,-1.000
1970,13.595475,16.667502,21,1,0,5,0.000,1,6681.252,707.648,6.000,6140.000,390.000,90.000,63.986,58,-1.000,-1.000
1971,16.747483,16.668762,21,1,0,5,0.000,1,6681.252,707.648,6.000,6140.000,390.000,90.000,63.986,58,-1.000,-1.000
1972,19.444583,16.667492,21,1,0,5,0.000,1,6681.252,707.648,6.000,6140.000,390.000,90.000,63.986,58,-1.000,-1.000
1973,17.641574,16.668692,21,1,0,5,0.000,1,6681.252,707.648,6.000,6140.000,390.000,90.000,63.986,58,-1.000,-1.000
1974,15.667740,16.667612,21,1,0,5,0.000,1,6681.252,707.648,6.000,6140.000,390.000,90.000,63.986,58,-1.000,-1.000
1975,15.906055,16.667622,21,1,0,5,0.000,1,6681.252,707.648,6.000,6140.000,390.000,90.000,63.986,58,-1.000,-1.000
1976,17.279085,16.667472,21,1,0,5,0.000,1,6681.252,707.648,6.000,6140.000,390.000,90.000,63.986,58,-1.000,-1.000
1977,16.349246,16.667772,21,1,0,5,0.000,1,6681.252,707.648,6.000,6140.000,390.000,90.000,63.986,58,-1.000,-1.000
1978,18.609673,16.668452,21,1,0,5,0.000,1,6681.252,707.648,6.000,6140.000,390.000,90.000,63.986,58,-1.000,-1.000
1979,13.948733,16.668242,21,1,0,5,0.000,1,6681.252,707.648,6.000,6140.000,390.000,90.000,63.986,58,-1.000,-1.000
1980,15.761073,16.667852,21,1,0,5,0.000,1,6681.252,707.648,6.000,6140.000,390.000,90.000,63.986,58,-1.000,-1.000
1981,19.683288,16.668221,24,1,0,5,0.000,1,6681.252,707.648,6.000,6140.000,390.000,90.000,63.986,58,-1.000,-1.000
1982,14.951434,16.667643,24,1,0,5,0.000,1,6681.252,707.648,6.000,6770.000,700.000,90.000,63.986,58,-1.000,-1.000
1983,14.487335,16.667412,24,1,0,5,0.000,1,6681.252,707.648,6.000,6770.000,700.000,90.000,63.986,58,-1.000,-1.000
1984,16.676822,16.668071,24,1,0,5,0.000,1,6681.252,707.648,6.000,6770.000,700.000,90.000,63.986,58,-1.000,-1.000
1985,16.500068,16.667503,24,1,0,5,0.000,1,6681.252,707.648,6.000,6770.000,700.000,90.000,63.986,58,-1.000,-1.000
1986,21.217221,16.668852,24,1,0,5,0.000,1,6681.252,707.648,6.000,6770.000,700.000,90.000,63.986,58,-1.000,-1.000
1987,12.356009,16.668401,24,1,0,5,0.000,1,6681.252,707.648,6.000,6770.000,700.000,90.000,63.986,58,-1.000,-1.000
1988,16.616230,16.668513,24,1,0,5,0.000,1,6681.252,707.648,6.000,6770.000,700.000,90.000,63.986,58,-1.000,-1.000
1989,19.286299,16.668362,24,1,0,5,0.000,1,6681.252,707.648,6.000,6770.000,700.000,90.000,63.986,58,-1.000,-1.000
1990,18.413730,16.668651,24,1,0,5,0.000,1,6681.252,707.648,6.000,6770.000,700.000,90.000,63.986,58,-1.000,-1.000
1991,12.296537,16.667493,24,1,0,5,0.000,1,6681.252,707.648,6.000,6770.000,700.000,90.000,63.986,58,-1.000,-1.000
1992,16.552700,16.668562,24,1,0,5,0.000,1,6681.252,707.648,6.000,6770.000,700.000,90.000,63.986,58,-1.000,-1.000
1993,20.828292,16.668491,24,1,0,5,0.000,1,6681.252,707.648,6.000,6770.000,700.000,90.000,63.986,58,-1.000,-1.000
1994,13.257308,16.667933,24,1,0,5,0.000,1,6681.252,707.648,6.000,6770.000,700.000,90.000,63.986,58,-1.000,-1.000
1995,17.437778,16.668252,24,1,0,5,0.000,1,6681.252,707.648,6.000,6770.000,700.000,90.000,63.986,58,-1.000,-1.000
1996,15.324354,16.668381,24,1,0,5,0.000,1,6681.252,707.648,6.000,6770.000,700.000,90.000,63.986,58,-1.000,-1.000
1997,18.284667,16.667313,24,1,0,5,0.000,1,6681.252,707.648,6.000,6770.000,700.000,90.000,60.986,58,-1.000,-1.000
1998,20.267389,16.668282,24,1,0,5,0.000,1,6681.252,707.648,6.000,6770.000,700.000,90.000,60.986,58,-1.000,-1.000
1999,16.140841,16.667931,24,1,0,5,0.000,1,6681.252,707.648,6.000,6770.000,700.000,90.000,60.986,58,-1.000,-1.000
2000,16.117411,16.667903,24,1,0,5,0.000,1,6681.252,707.648,6.000,6770.000,700.000,90.000,60.986,58,-1.000,-1.000
2001,16.938478,16.667382,24,1,0,5,0.000,1,6681.252,707.648,6.000,6770.000,700.000,90.000,60.986,58,-1.000,-1.000
2002,16.197741,16.668321,24,1,0,5,0.000,1,6681.252,707.648,6.000,6770.000,700.000,90.000,60.986,58,-1.000,-1.000
2003,16.085010,16.667343,24,1,0,5,0.000,1,6681.252,707.648,6.000,6770.000,700.000,90.000,60.986,58,-1.000,-1.000
2004,16.242402,16.667262,24,1,0,5,0.000,1,6681.252,707.648,6.000,6770.000,700.000,90.000,60.986,58,-1.000,-1.000
2005,17.059230,16.668692,24,1,0,5,0.000,1,6681.252,707.648,6.000,6770.000,700.000,90.000,60.986,58,-1.000,-1.000
2006,16.651903,16.668822,24,1,0,5,0.000,1,6681.252,707.648,6.000,6770.000,700.000,90.000,60.986,58,-1.000,-1.000
2007,16.194441,16.667282,24,1,0,5,0.000,1,6681.252,707.648,6.000,6770.000,700.000,90.000,60.986,58,-1.000,-1.000
2008,17.195853,16.668712,24,1,0,5,0.000,1,6681.252,707.648,6.000,6770.000,700.000,90.000,60.986,58,-1.000,-1.000
2009,16.911878,16.668662,24,1,0,5,0.000,1,6681.252,707.648,6.000,6770.000,700.000,90.000,60.986,58,-1.000,-1.000
2010,16.068459,16.667922,24,1,0,5,0.000,1,6681.252,707.648,6.000,6770.000,700.000,90.000,60.986,58,-1.000,-1.000
2011,19.166696,16.667442,25,1,0,5,0.000,1,6681.252,707.648,6.000,6770.000,700.000,90.000,60.986,58,-1.000,-1.000
2012,16.016498,16.667332,25,1,0,5,0.000,1,6681.252,707.648,6.000,6770.000,700.000,90.000,57.985,58,-1.000,-1.000
2013,16.968068,16.668802,25,1,0,5,0.000,1,6681.252,707.648,6.000,6770.000,700.000,90.000,57.985,58,-1.000,-1.000
2014,15.886275,16.668152,25,1,0,5,0.000,1,6681.252,707.648,6.000,6770.000,700.000,90.000,57.985,58,-1.000,-1.000
2015,17.002870,16.667672,25,1,0,5,0.000,1,6681.252,707.648,6.000,6770.000,700.000,90.000,57.985,58,-1.000,-1.000
2016,15.555828,16.667842,25,1,0,5,0.000,1,6681.252,707.648,6.000,6770.000,700.000,90.000,57.985,58,-1.000,-1.000
2017,17.234034,16.667601,25,1,0,5,0.000,1,6681.252,707.648,6.000,6770.000,700.000,90.000,57.985,58,-1.000,-1.000
2018,16.378865,16.668413,25,1,0,5,0.000,1,6681.252,707.648,6.000,6770.000,700.000,90.000,57.985,58,-1.000,-1.000
2019,16.259223,16.667232,25,1,0,5,0.000,1,6681.252,707.648,6.000,6770.000,700.000,90.000,57.985,58,-1.000,-1.000
2020,17.181084,16.667821,25,1,0,5,0.000,1,6681.252,707.648,6.000,6770.000,700.000,90.000,57.985,58,-1.000,-1.000
2021,15.653269,16.668043,25,1,0,5,0.000,1,6681.252,707.648,6.000,6770.000,700.000,90.000,57.985,58,-1.000,-1.000
2022,18.324179,16.668072,25,1,0,5,0.000,1,6681.252,707.648,6.000,6770.000,700.000,90.000,57.985,58,-1.000,-1.000
2023,15.974347,16.668252,25,1,0,5,0.000,1,6681.252,707.648,6.000,6770.000,700.000,90.000,57.985,58,-1.000,-1.000
2024,16.339405,16.668452,25,1,0,5,0.000,1,6681.252,707.648,6.000,6770.000,700.000,90.000,57.985,58,-1.000,-1.000
2025,16.766944,16.667372,25,1,0,5,0.000,1,6681.252,707.648,6.000,6770.000,700.000,90.000,57.985,58,-1.000,-1.000
2026,16.623460,16.668242,25,1,0,5,0.000,1,6681.252,707.648,6.000,6770.000,700.000,90.000,57.985,58,-1.000,-1.000
2027,17.181343,16.667262,25,1,0,5,0.000,1,6681.252,707.648,6.000,6770.000,700.000,90.000,54.985,58,-1.000,-1.000
2028,16.458648,16.667122,25,1,0,5,0.000,1,6681.252,707.648,6.000,6770.000,700.000,90.000,54.985,58,-1.000,-1.000
2029,16.692633,16.669092,25,1,0,5,0.000,1,6681.252,707.648,6.000,6770.000,700.000,90.000,54.985,58,-1.000,-1.000
2030,16.598550,16.668022,25,1,0,5,0.000,1,6681.252,707.648,6.000,6770.000,700.000,90.000,54.985,58,-1.000,-1.000
2031,16.473788,16.668022,25,1,0,5,0.000,1,6681.252,707.648,6.000,6770.000,700.000,90.000,54.985,58,-1.000,-1.000
2032,16.772704,16.668212,25,1,0,5,0.000,1,6681.252,707.648,6.000,6770.000,700.000,90.000,54.985,58,-1.000,-1.000
2033,17.208244,16.667632,25,1,0,5,0.000,1,6681.252,707.648,6.000,6770.000,700.000,90.000,54.985,58,-1.000,-1.000
2034,16.143391,16.667862,25,1,0,5,0.000,1,6681.252,707.648,6.000,6770.000,700.000,90.000,54.985,58,-1.000,-1.000
2035,16.912947,16.668972,25,1,0,5,0.000,1,6681.252,707.648,6.000,6770.000,700.000,90.000,54.985,58,-1.000,-1.000
2036,16.231253,16.667432,25,1,0,5,0.000,1,6681.252,707.648,6.000,6770.000,700.000,90.000,54.985,58,-1.000,-1.000
2037,17.000209,16.667342,25,1,0,5,0.000,1,6681.252,707.648,6.000,6770.000,700.000,90.000,54.985,58,-1.000,-1.000
2038,16.529728,16.668112,25,1,0,5,0.000,1,6681.252,707.648,6.000,6770.000,700.000,90.000,54.985,58,-1.000,-1.000
2039,15.617340,16.668112,25,1,0,5,0.000,1,6681.252,707.648,6.000,6770.000,700.000,90.000,54.985,58,-1.000,-1.000
2040,18.554043,16.668372,25,1,0,5,0.000,1,6681.252,707.648,6.000,6770.000,700.000,90.000,54.985,58,-1.000,-1.000
2041,11.989321,16.667102,25,1,0,5,0.000,1,6681.252,707.648,6.000,6770.000,700.000,90.000,54.985,58,-1.000,-1.000
2042,18.645794,16.668362,25,1,0,5,0.000,1,6681.252,707.648,6.000,6770.000,700.000,90.000,51.985,58,-1.000,-1.000
2043,19.235677,16.668932,25,1,0,5,0.000,1,6681.252,707.648,6.000,6770.000,700.000,90.000,51.985,58,-1.000,-1.000
2044,12.314939,16.667952,25,1,0,5,0.000,1,6681.252,707.648,6.000,6770.000,700.000,90.000,51.985,58,-1.000,-1.000
2045,17.928979,16.668332,25,1,0,5,0.000,1,6681.252,707.648,6.000,6770.000,700.000,90.000,51.985,58,-1.000,-1.000
2046,18.968932,16.667122,25,1,0,5,0.000,1,6681.252,707.648,6.000,6770.000,700.000,90.000,51.985,58,-1.000,-1.000
2047,12.947301,16.668392,25,1,0,5,0.000,1,6681.252,707.648,6.000,6770.000,700.000,90.000,51.985,58,-1.000,-1.000
2048,18.626224,16.667432,25,1,0,5,0.000,1,6681.252,707.648,6.000,6770.000,700.000,90.000,51.985,58,-1.000,-1.000
2049,17.806647,16.668602,25,1,0,5,0.000,1,6681.252,707.648,6.000,6770.000,700.000,90.000,51.985,58,-1.000,-1.000
2050,18.197965,16.667442,25,1,0,5,0.000,1,6681.252,707.648,6.000,6770.000,700.000,90.000,51.985,58,-1.000,-1.000
2051,12.098883,16.667202,25,1,0,5,0.000,1,6681.252,707.648,6.000,6770.000,700.000,90.000,51.985,58,-1.000,-1.000
2052,17.624633,16.668351,25,1,0,5,0.000,1,6681.252,707.648,6.000,6770.000,700.000,90.000,51.985,58,-1.000,-1.000
2053,19.925353,16.667692,25,1,0,5,0.000,1,6681.252,707.648,6.000,6770.000,700.000,90.000,51.985,58,-1.000,-1.000
2054,12.496851,16.667663,25,1,0,5,0.000,1,6681.252,707.648,6.000,6770.000,700.000,90.000,51.985,58,-1.000,-1.000
2055,18.398490,16.667631,25,1,0,5,0.000,1,6681.252,707.648,6.000,6770.000,700.000,90.000,51.985,58,-1.000,-1.000
