frame,wall_ms,sim_ms,phase,power,dormant,revision,panel_health,physics,debris_x,debris_y,debris_z,player_x,player_y,player_z,health,ammo,rival_health,infected_health
614,62.428801,322.713095,1,0,1,0,68.000,0,6500.000,700.000,110.000,0.000,0.000,90.000,100.000,60,-1.000,-1.000
615,18.832555,62.238247,1,0,1,0,68.000,0,6500.000,700.000,110.000,0.000,0.000,90.000,100.000,60,-1.000,-1.000
616,8.350679,18.820265,1,0,1,0,68.000,0,6500.000,700.000,110.000,0.000,0.000,90.000,100.000,60,-1.000,-1.000
617,20.899630,16.667559,1,0,1,0,68.000,0,6500.000,700.000,110.000,0.000,0.000,90.000,100.000,60,-1.000,-1.000
618,15.477053,16.667498,1,0,1,0,68.000,0,6500.000,700.000,110.000,6140.000,390.000,90.000,100.000,60,-1.000,-1.000
619,20.932980,16.667618,1,0,0,0,68.000,0,6500.000,700.000,110.000,6140.000,390.000,90.000,100.000,60,-1.000,-1.000
620,24.467405,16.668708,1,0,0,0,68.000,0,6500.000,700.000,110.000,6140.000,390.000,90.000,100.000,60,-1.000,-1.000
621,17.896645,23.497465,1,0,0,0,68.000,0,6500.000,700.000,110.000,6140.000,390.000,90.000,100.000,60,-1.000,-1.000
622,14.079822,17.883484,1,0,0,0,68.000,0,6500.000,700.000,110.000,6140.000,390.000,90.000,100.000,60,-1.000,-1.000
623,13.218954,16.667779,1,0,0,0,68.000,0,6500.000,700.000,110.000,6140.000,390.000,90.000,100.000,60,-1.000,-1.000
624,11.994678,16.667668,1,0,0,0,68.000,0,6500.000,700.000,110.000,6140.000,390.000,90.000,100.000,60,-1.000,-1.000
625,17.441445,16.668208,1,0,0,0,68.000,0,6500.000,700.000,110.000,6140.000,390.000,90.000,100.000,60,-1.000,-1.000
626,18.201841,16.667358,1,0,0,0,68.000,0,6500.000,700.000,110.000,6140.000,390.000,90.000,100.000,60,-1.000,-1.000
627,12.761365,16.668579,1,0,0,0,68.000,0,6500.000,700.000,110.000,6140.000,390.000,90.000,100.000,60,-1.000,-1.000
628,16.423262,16.667597,1,0,0,0,68.000,0,6500.000,700.000,110.000,6140.000,390.000,90.000,100.000,60,-1.000,-1.000
629,18.912037,16.668629,1,0,0,0,68.000,0,6500.000,700.000,110.000,6140.000,390.000,90.000,100.000,60,-1.000,-1.000
630,15.627016,16.667488,1,0,0,0,68.000,0,6500.000,700.000,110.000,6140.000,390.000,90.000,100.000,60,-1.000,-1.000
631,18.580459,16.668118,1,0,0,0,68.000,0,6500.000,700.000,110.000,6140.000,390.000,90.000,100.000,60,-1.000,-1.000
632,16.228678,16.667149,1,0,0,0,68.000,0,6500.000,700.000,110.000,6140.000,390.000,90.000,100.000,60,-1.000,-1.000
633,16.957005,16.667348,1,0,0,0,68.000,0,6500.000,700.000,110.000,6140.000,390.000,90.000,100.000,60,-1.000,-1.000
634,13.658604,16.668038,1,0,0,0,68.000,0,6500.000,700.000,110.000,6140.000,390.000,90.000,100.000,60,-1.000,-1.000
635,16.488054,16.668178,1,0,0,0,68.000,0,6500.000,700.000,110.000,6140.000,390.000,90.000,100.000,60,-1.000,-1.000
636,19.272334,16.667858,1,0,0,0,68.000,0,6500.000,700.000,110.000,6140.000,390.000,90.000,100.000,60,-1.000,-1.000
637,18.459657,16.668948,1,0,0,0,68.000,0,6500.000,700.000,110.000,6140.000,390.000,90.000,100.000,60,-1.000,-1.000
638,17.240410,16.667089,1,0,0,0,68.000,0,6500.000,700.000,110.000,6140.000,390.000,90.000,100.000,60,-1.000,-1.000
639,16.120997,16.667317,1,0,0,0,68.000,0,6500.000,700.000,110.000,6140.000,390.000,90.000,100.000,60,-1.000,-1.000
640,12.370306,16.668759,1,0,0,0,68.000,0,6500.000,700.000,110.000,6140.000,390.000,90.000,100.000,60,-1.000,-1.000
641,16.546025,16.668148,1,0,0,0,68.000,0,6500.000,700.000,110.000,6140.000,390.000,90.000,100.000,60,-1.000,-1.000
642,16.849852,16.668628,1,0,0,0,68.000,0,6500.000,700.000,110.000,6140.000,390.000,90.000,100.000,60,-1.000,-1.000
643,16.833702,16.667938,1,0,0,0,68.000,0,6500.000,700.000,110.000,6140.000,390.000,90.000,100.000,60,-1.000,-1.000
644,16.886783,16.667409,1,0,0,0,68.000,0,6500.000,700.000,110.000,6140.000,390.000,90.000,100.000,60,-1.000,-1.000
645,16.619588,16.668038,1,0,0,0,68.000,0,6500.000,700.000,110.000,6140.000,390.000,90.000,100.000,60,-1.000,-1.000
646,16.573455,16.668018,1,0,0,0,68.000,0,6500.000,700.000,110.000,6140.000,390.000,90.000,100.000,60,-1.000,-1.000
647,16.386973,16.667199,1,0,0,0,68.000,0,6500.000,700.000,110.000,6140.000,390.000,90.000,100.000,60,-1.000,-1.000
648,16.847991,16.668117,1,0,0,0,68.000,0,6500.000,700.000,110.000,6140.000,390.000,90.000,100.000,60,-1.000,-1.000
649,16.607968,16.668859,1,0,0,0,68.000,0,6500.000,700.000,110.000,6140.000,390.000,90.000,100.000,60,-1.000,-1.000
650,16.616447,16.668298,1,0,0,0,68.000,0,6500.000,700.000,110.000,6140.000,390.000,90.000,100.000,60,-1.000,-1.000
651,17.900574,16.668358,1,0,0,0,68.000,0,6500.000,700.000,110.000,6140.000,390.000,90.000,100.000,60,-1.000,-1.000
652,15.600755,16.667618,1,0,0,0,68.000,0,6500.000,700.000,110.000,6140.000,390.000,90.000,100.000,60,-1.000,-1.000
653,16.489715,16.667639,1,0,0,0,68.000,0,6500.000,700.000,110.000,6140.000,390.000,90.000,100.000,60,-1.000,-1.000
654,16.850292,16.667517,1,0,0,0,68.000,0,6500.000,700.000,110.000,6140.000,390.000,90.000,100.000,60,-1.000,-1.000
655,16.460134,16.668719,1,0,0,0,68.000,0,6500.000,700.000,110.000,6140.000,390.000,90.000,100.000,60,-1.000,-1.000
656,16.704569,16.667658,1,0,0,0,68.000,0,6500.000,700.000,110.000,6140.000,390.000,90.000,100.000,60,-1.000,-1.000
657,16.685428,16.667388,1,0,0,0,68.000,0,6500.000,700.000,110.000,6140.000,390.000,90.000,100.000,60,-1.000,-1.000
658,16.662318,16.668009,1,0,0,0,68.000,0,6500.000,700.000,110.000,6140.000,390.000,90.000,100.000,60,-1.000,-1.000
659,16.796212,16.667668,1,0,0,0,68.000,0,6500.000,700.000,110.000,6140.000,390.000,90.000,100.000,60,-1.000,-1.000
660,16.610046,16.668718,1,0,0,0,68.000,0,6500.000,700.000,110.000,6140.000,390.000,90.000,100.000,60,-1.000,-1.000
661,16.612327,16.667808,1,0,0,0,68.000,0,6500.000,700.000,110.000,6140.000,390.000,90.000,100.000,60,-1.000,-1.000
662,16.457944,16.667749,1,0,0,0,68.000,0,6500.000,700.000,110.000,6140.000,390.000,90.000,100.000,60,-1.000,-1.000
663,17.054846,16.668547,1,0,0,0,68.000,0,6500.000,700.000,110.000,6140.000,390.000,90.000,100.000,60,-1.000,-1.000
664,19.698314,16.667559,1,0,0,0,68.000,0,6500.000,700.000,110.000,6140.000,390.000,90.000,100.000,60,-1.000,-1.000
665,19.149601,16.668278,1,0,0,0,68.000,0,6500.000,700.000,110.000,6140.000,390.000,90.000,100.000,60,-1.000,-1.000
666,10.488396,16.668238,1,0,0,0,68.000,0,6500.000,700.000,110.000,6140.000,390.000,90.000,100.000,60,-1.000,-1.000
667,16.486184,16.667208,1,0,0,0,68.000,0,6500.000,700.000,110.000,6140.000,390.000,90.000,100.000,60,-1.000,-1.000
668,16.674988,16.666999,1,0,0,0,68.000,0,6500.000,700.000,110.000,6140.000,390.000,90.000,100.000,60,-1.000,-1.000
669,21.942042,16.669027,1,0,0,0,68.000,0,6500.000,700.000,110.000,6140.000,390.000,90.000,100.000,60,-1.000,-1.000
670,12.184542,16.668039,1,0,0,0,68.000,0,6500.000,700.000,110.000,6140.000,390.000,90.000,100.000,60,-1.000,-1.000
671,16.832712,16.667958,1,0,0,0,68.000,0,6500.000,700.000,110.000,6140.000,390.000,90.000,100.000,60,-1.000,-1.000
672,16.637666,16.667728,1,0,0,0,68.000,0,6500.000,700.000,110.000,6140.000,390.000,90.000,100.000,60,-1.000,-1.000
673,16.508316,16.667618,1,0,0,0,68.000,0,6500.000,700.000,110.000,6140.000,390.000,90.000,100.000,60,-1.000,-1.000
674,16.750320,16.667409,1,0,0,0,68.000,0,6500.000,700.000,110.000,6140.000,390.000,90.000,100.000,60,-1.000,-1.000
675,17.341082,16.668617,1,0,0,0,68.000,0,6500.000,700.000,110.000,6140.000,390.000,90.000,100.000,60,-1.000,-1.000
676,17.884815,16.667709,1,0,0,0,68.000,0,6500.000,700.000,110.000,6140.000,390.000,90.000,100.000,60,-1.000,-1.000
677,15.304868,16.668179,1,0,0,0,68.000,0,6500.000,700.000,110.000,6140.000,390.000,90.000,100.000,60,-1.000,-1.000
678,15.674768,16.667117,1,0,0,0,68.000,0,6500.000,700.000,110.000,6140.000,390.000,90.000,100.000,60,-1.000,-1.000
679,16.749390,16.669109,1,0,0,0,68.000,0,6500.000,700.000,110.000,6140.000,390.000,90.000,100.000,60,-1.000,-1.000
680,16.599566,16.667498,1,0,0,0,68.000,0,6500.000,700.000,110.000,6140.000,390.000,90.000,100.000,60,-1.000,-1.000
681,16.688669,16.668678,1,0,0,0,68.000,0,6500.000,700.000,110.000,6140.000,390.000,90.000,100.000,60,-1.000,-1.000
682,16.655198,16.668048,1,0,0,0,68.000,0,6500.000,700.000,110.000,6140.000,390.000,90.000,100.000,60,-1.000,-1.000
683,16.567626,16.667089,1,0,0,0,68.000,0,6500.000,700.000,110.000,6140.000,390.000,90.000,100.000,60,-1.000,-1.000
684,16.603057,16.668937,1,0,0,0,68.000,0,6500.000,700.000,110.000,6140.000,390.000,90.000,100.000,60,-1.000,-1.000
685,16.655527,16.668729,1,0,0,0,68.000,0,6500.000,700.000,110.000,6140.000,390.000,90.000,100.000,60,-1.000,-1.000
686,16.648408,16.668708,1,0,0,0,68.000,0,6500.000,700.000,110.000,6140.000,390.000,90.000,100.000,60,-1.000,-1.000
687,16.888983,16.668838,1,0,0,0,68.000,0,6500.000,700.000,110.000,6140.000,390.000,90.000,100.000,60,-1.000,-1.000
688,16.717950,16.667558,1,0,0,0,68.000,0,6500.000,700.000,110.000,6140.000,390.000,90.000,100.000,60,-1.000,-1.000
689,16.668517,16.667879,1,0,0,0,68.000,0,6500.000,700.000,110.000,6140.000,390.000,90.000,100.000,60,-1.000,-1.000
690,16.669579,16.667767,1,0,0,0,68.000,0,6500.000,700.000,110.000,6140.000,390.000,90.000,100.000,60,-1.000,-1.000
691,16.586976,16.668859,1,0,0,0,68.000,0,6500.000,700.000,110.000,6140.000,390.000,90.000,100.000,60,-1.000,-1.000
692,16.638508,16.667879,1,0,0,0,68.000,0,6500.000,700.000,110.000,6140.000,390.000,90.000,100.000,60,-1.000,-1.000
693,16.737700,16.668517,1,0,0,0,68.000,0,6500.000,700.000,110.000,6140.000,390.000,90.000,100.000,60,-1.000,-1.000
694,21.883210,16.669099,1,0,0,0,68.000,0,6500.000,700.000,110.000,6140.000,390.000,90.000,100.000,60,-1.000,-1.000
695,12.203012,16.669028,1,0,0,0,68.000,0,6500.000,700.000,110.000,6140.000,390.000,90.000,100.000,60,-1.000,-1.000
696,16.680909,16.667058,1,0,0,0,68.000,0,6500.000,700.000,110.000,6140.000,390.000,90.000,100.000,60,-1.000,-1.000
697,16.443303,16.677948,1,0,0,0,68.000,0,6500.000,700.000,110.000,6140.000,390.000,90.000,100.000,60,-1.000,-1.000
698,33.085051,27.507871,1,0,0,0,68.000,0,6500.000,700.000,110.000,6140.000,390.000,90.000,100.000,60,-1.000,-1.000
699,13.857178,16.668099,1,0,0,0,68.000,0,6500.000,700.000,110.000,6140.000,390.000,90.000,100.000,60,-1.000,-1.000
700,16.923853,16.668238,1,0,0,0,68.000,0,6500.000,700.000,110.000,6140.000,390.000,90.000,100.000,60,-1.000,-1.000
701,14.957142,16.697098,1,0,0,0,68.000,0,6500.000,700.000,110.000,6140.000,390.000,90.000,100.000,60,-1.000,-1.000
702,14.859929,16.667599,1,0,0,0,68.000,0,6500.000,700.000,110.000,6140.000,390.000,90.000,100.000,60,-1.000,-1.000
703,16.525635,16.667838,1,0,0,0,68.000,0,6500.000,700.000,110.000,6140.000,390.000,90.000,100.000,60,-1.000,-1.000
704,16.718710,16.668908,1,0,0,0,68.000,0,6500.000,700.000,110.000,6140.000,390.000,90.000,100.000,60,-1.000,-1.000
705,16.673648,16.667988,1,0,0,0,68.000,0,6500.000,700.000,110.000,6140.000,390.000,90.000,100.000,60,-1.000,-1.000
706,16.522515,16.667729,1,0,0,0,68.000,0,6500.000,700.000,110.000,6140.000,390.000,90.000,100.000,60,-1.000,-1.000
707,20.717675,16.668627,1,0,0,0,68.000,0,6500.000,700.000,110.000,6140.000,390.000,90.000,100.000,60,-1.000,-1.000
708,12.605641,16.668619,1,0,0,0,68.000,0,6500.000,700.000,110.000,6140.000,390.000,90.000,100.000,60,-1.000,-1.000
709,16.728659,16.667409,1,0,0,0,68.000,0,6500.000,700.000,110.000,6140.000,390.000,90.000,100.000,60,-1.000,-1.000
710,16.683769,16.668147,1,0,0,0,68.000,0,6500.000,700.000,110.000,6140.000,390.000,90.000,100.000,60,-1.000,-1.000
711,17.829254,16.667899,26,0,0,0,68.000,0,6500.000,700.000,110.000,6140.000,390.000,90.000,100.000,60,-1.000,-1.000
712,780.479661,16.667358,26,0,0,0,68.000,0,6500.000,700.000,110.000,6140.000,390.000,90.000,100.000,60,-1.000,-1.000
713,7.292187,768.653697,26,0,0,0,68.000,0,6500.000,700.000,110.000,6140.000,390.000,90.000,100.000,60,-1.000,-1.000
714,11.709911,16.667869,26,0,0,0,68.000,0,6500.000,700.000,110.000,6140.000,390.000,90.000,100.000,60,-1.000,-1.000
715,16.675479,16.667457,26,0,0,0,68.000,0,6500.000,700.000,110.000,6140.000,390.000,90.000,100.000,60,-1.000,-1.000
716,17.561957,16.667649,26,0,0,0,68.000,0,6500.000,700.000,110.000,6140.000,390.000,90.000,100.000,60,-1.000,-1.000
717,16.673599,16.667608,26,0,0,0,68.000,0,6500.000,700.000,110.000,6140.000,390.000,90.000,100.000,60,-1.000,-1.000
718,16.373361,16.667498,2,0,0,0,68.000,0,6500.000,700.000,110.000,6140.000,390.000,90.000,100.000,60,-1.000,-1.000
719,17.475976,16.668318,2,1,0,1,68.000,0,6500.000,700.000,110.000,6140.000,390.000,90.000,100.000,60,-1.000,-1.000
720,16.811771,16.667279,2,1,0,1,68.000,0,6500.000,700.000,110.000,6140.000,390.000,90.000,100.000,60,-1.000,-1.000
721,19.994459,16.668048,2,1,0,1,68.000,0,6500.000,700.000,110.000,6140.000,390.000,90.000,100.000,60,-1.000,-1.000
722,14.999973,16.668868,2,1,0,1,68.000,0,6500.000,700.000,110.000,6140.000,390.000,90.000,100.000,60,-1.000,-1.000
723,16.253350,16.667169,2,1,0,1,68.000,0,6500.000,700.000,110.000,6140.000,390.000,90.000,100.000,60,-1.000,-1.000
724,16.419562,16.668197,2,1,0,1,68.000,0,6500.000,700.000,110.000,6140.000,390.000,90.000,100.000,60,-1.000,-1.000
725,16.348121,16.668939,2,1,0,1,68.000,0,6500.000,700.000,110.000,6140.000,390.000,90.000,100.000,60,-1.000,-1.000
726,15.926492,16.667668,2,1,0,1,68.000,0,6500.000,700.000,110.000,6140.000,390.000,90.000,100.000,60,-1.000,-1.000
727,16.495005,16.667028,2,1,0,1,68.000,0,6500.000,700.000,110.000,6140.000,390.000,90.000,100.000,60,-1.000,-1.000
728,16.880473,16.668058,2,1,0,1,68.000,0,6500.000,700.000,110.000,6140.000,390.000,90.000,100.000,60,-1.000,-1.000
729,17.368313,16.667369,2,1,0,1,68.000,0,6500.000,700.000,110.000,6140.000,390.000,90.000,100.000,60,-1.000,-1.000
730,15.585205,16.668527,2,1,0,1,68.000,0,6500.000,700.000,110.000,6140.000,390.000,90.000,100.000,60,-1.000,-1.000
731,16.878382,16.667309,2,1,0,1,68.000,0,6500.000,700.000,110.000,6140.000,390.000,90.000,100.000,60,-1.000,-1.000
732,16.556326,16.668268,2,1,0,1,68.000,0,6500.000,700.000,110.000,6140.000,390.000,90.000,100.000,60,-1.000,-1.000
733,16.705070,16.667268,2,1,0,1,68.000,0,6500.000,700.000,110.000,6140.000,390.000,90.000,100.000,60,-1.000,-1.000
734,17.081797,16.676178,2,1,0,1,68.000,0,6500.000,700.000,110.000,6140.000,390.000,90.000,100.000,60,-1.000,-1.000
735,16.433702,16.668209,2,1,0,1,68.000,0,6500.000,700.000,110.000,6140.000,390.000,90.000,100.000,60,-1.000,-1.000
736,17.423615,16.667987,2,1,0,1,68.000,0,6500.000,700.000,110.000,6140.000,390.000,90.000,100.000,60,-1.000,-1.000
737,16.406173,16.667939,2,1,0,1,68.000,0,6500.000,700.000,110.000,6140.000,390.000,90.000,100.000,60,-1.000,-1.000
738,16.030104,16.668868,2,1,0,1,68.000,0,6500.000,700.000,110.000,6140.000,390.000,90.000,100.000,60,-1.000,-1.000
739,16.873753,16.668798,2,1,0,1,68.000,0,6500.000,700.000,110.000,6140.000,390.000,90.000,100.000,60,-1.000,-1.000
740,16.604327,16.667818,2,1,0,1,68.000,0,6500.000,700.000,110.000,6140.000,390.000,90.000,100.000,60,-1.000,-1.000
741,16.974494,16.668529,2,1,0,1,68.000,0,6500.000,700.000,110.000,6140.000,390.000,90.000,100.000,60,-1.000,-1.000
742,16.245880,16.668478,3,1,0,1,68.000,0,6500.000,700.000,110.000,6140.000,390.000,90.000,100.000,60,-1.000,-1.000
743,17.288991,16.668238,3,1,0,1,68.000,0,6500.000,700.000,110.000,5900.000,390.000,90.000,100.000,60,-1.000,-1.000
744,16.043565,16.667859,3,1,0,1,68.000,0,6500.000,700.000,110.000,5900.000,390.000,90.000,100.000,60,-1.000,-1.000
745,16.670778,16.667377,3,1,0,1,68.000,0,6500.000,700.000,110.000,5900.000,390.000,90.000,100.000,60,-1.000,-1.000
746,16.723459,16.667999,3,1,0,1,68.000,0,6500.000,700.000,110.000,5900.000,390.000,90.000,100.000,60,-1.000,-1.000
747,16.357442,16.668168,3,1,0,1,68.000,0,6500.000,700.000,110.000,5900.000,390.000,90.000,100.000,60,-1.000,-1.000
748,16.859662,16.668368,3,1,0,1,68.000,0,6500.000,700.000,110.000,5900.000,390.000,90.000,100.000,60,-1.000,-1.000
749,16.513405,16.667458,3,1,0,1,68.000,0,6500.000,700.000,110.000,5900.000,390.000,90.000,100.000,60,-1.000,-1.000
750,16.746010,16.667219,3,1,0,1,68.000,0,6500.000,700.000,110.000,5900.000,390.000,90.000,100.000,60,-1.000,-1.000
751,16.792541,16.668277,3,1,0,1,68.000,0,6500.000,700.000,110.000,5900.000,390.000,90.000,100.000,60,-1.000,-1.000
752,16.979085,16.667469,3,1,0,1,68.000,0,6500.000,700.000,110.000,5900.000,390.000,90.000,100.000,60,-1.000,-1.000
753,20.399698,16.668378,3,1,0,1,68.000,0,6500.000,700.000,110.000,5900.000,390.000,90.000,100.000,60,-1.000,-1.000
754,16.670998,16.667948,3,1,0,1,68.000,0,6500.000,700.000,110.000,5900.000,390.000,90.000,100.000,60,-1.000,-1.000
755,16.902324,16.668878,3,1,0,1,68.000,0,6500.000,700.000,110.000,5900.000,390.000,90.000,100.000,60,-1.000,-1.000
756,16.318680,16.668059,3,1,0,1,68.000,0,6500.000,700.000,110.000,5900.000,390.000,90.000,100.000,60,-1.000,-1.000
757,16.907733,16.668007,3,1,0,1,68.000,0,6500.000,700.000,110.000,5900.000,390.000,90.000,100.000,60,-1.000,-1.000
758,16.527935,16.668519,3,1,0,1,68.000,0,6500.000,700.000,110.000,5900.000,390.000,90.000,100.000,60,-1.000,-1.000
759,16.405503,16.668018,3,1,0,1,68.000,0,6500.000,700.000,110.000,5900.000,390.000,90.000,100.000,60,-1.000,-1.000
760,13.297386,16.667078,3,1,0,1,68.000,0,6500.000,700.000,110.000,5900.000,390.000,90.000,100.000,60,-1.000,-1.000
761,17.040726,16.667508,3,1,0,1,68.000,0,6500.000,700.000,110.000,5900.000,390.000,90.000,100.000,60,-1.000,-1.000
762,16.328890,16.667938,3,1,0,1,68.000,0,6500.000,700.000,110.000,5900.000,390.000,90.000,100.000,60,-1.000,-1.000
763,16.646589,16.668458,3,1,0,1,68.000,0,6500.000,700.000,110.000,5900.000,390.000,90.000,100.000,60,-1.000,-1.000
764,16.592947,16.667889,3,1,0,1,68.000,0,6500.000,700.000,110.000,5900.000,390.000,90.000,100.000,60,-1.000,-1.000
765,16.477913,16.667327,3,1,0,1,68.000,0,6500.000,700.000,110.000,5900.000,390.000,90.000,100.000,60,-1.000,-1.000
766,16.580947,16.667719,3,1,0,1,68.000,0,6500.000,700.000,110.000,5900.000,390.000,90.000,100.000,60,-1.000,-1.000
767,16.501014,16.668058,3,1,0,1,68.000,0,6500.000,700.000,110.000,5900.000,390.000,90.000,100.000,60,-1.000,-1.000
768,16.746050,16.668378,3,1,0,1,68.000,0,6500.000,700.000,110.000,5900.000,390.000,90.000,100.000,60,-1.000,-1.000
769,16.476344,16.667508,3,1,0,1,68.000,0,6500.000,700.000,110.000,5900.000,390.000,90.000,100.000,60,-1.000,-1.000
770,16.079285,16.667819,3,1,0,1,68.000,0,6500.000,700.000,110.000,5900.000,390.000,90.000,100.000,60,-1.000,-1.000
771,22.227048,16.668927,3,1,0,1,68.000,0,6500.000,700.000,110.000,5900.000,390.000,90.000,100.000,60,-1.000,-1.000
772,12.244373,16.667769,3,1,0,1,68.000,0,6500.000,700.000,110.000,5900.000,390.000,90.000,100.000,60,-1.000,-1.000
773,16.597906,16.667568,3,1,0,1,68.000,0,6500.000,700.000,110.000,5900.000,390.000,90.000,100.000,60,-1.000,-1.000
774,18.737553,16.668188,3,1,0,1,68.000,0,6500.000,700.000,110.000,5900.000,390.000,90.000,100.000,60,-1.000,-1.000
775,15.411062,16.668238,3,1,0,1,68.000,0,6500.000,700.000,110.000,5900.000,390.000,90.000,100.000,60,-1.000,-1.000
776,16.887192,16.668309,3,1,0,1,68.000,0,6500.000,700.000,110.000,5900.000,390.000,90.000,100.000,60,-1.000,-1.000
777,16.808421,16.668968,3,1,0,1,68.000,0,6500.000,700.000,110.000,5900.000,390.000,90.000,100.000,60,-1.000,-1.000
778,17.053737,16.667308,3,1,0,1,68.000,0,6500.000,700.000,110.000,5900.000,390.000,90.000,100.000,60,-1.000,-1.000
779,16.517205,16.668139,3,1,0,1,68.000,0,6500.000,700.000,110.000,5900.000,390.000,90.000,100.000,60,-1.000,-1.000
780,16.292410,16.668717,3,1,0,1,68.000,0,6500.000,700.000,110.000,5900.000,390.000,90.000,100.000,60,-1.000,-1.000
781,16.758130,16.667959,3,1,0,1,68.000,0,6500.000,700.000,110.000,5900.000,390.000,90.000,100.000,60,-1.000,-1.000
782,16.789171,16.667128,3,1,0,1,68.000,0,6500.000,700.000,110.000,5900.000,390.000,90.000,100.000,60,-1.000,-1.000
783,16.607717,16.668438,3,1,0,1,68.000,0,6500.000,700.000,110.000,5900.000,390.000,90.000,100.000,60,-1.000,-1.000
784,16.896133,16.667238,3,1,0,1,68.000,0,6500.000,700.000,110.000,5900.000,390.000,90.000,100.000,60,-1.000,-1.000
785,16.767231,16.667699,3,1,0,1,68.000,0,6500.000,700.000,110.000,5900.000,390.000,90.000,100.000,60,-1.000,-1.000
786,19.241743,16.668797,3,1,0,1,68.000,0,6500.000,700.000,110.000,5900.000,390.000,90.000,100.000,60,-1.000,-1.000
787,18.576249,16.827532,3,1,0,1,68.000,0,6500.000,700.000,110.000,5900.000,390.000,90.000,100.000,60,-1.000,-1.000
788,11.817775,16.668698,3,1,0,1,68.000,0,6500.000,700.000,110.000,5900.000,390.000,90.000,100.000,60,-1.000,-1.000
789,15.103954,16.668109,3,1,0,1,68.000,0,6500.000,700.000,110.000,5900.000,390.000,90.000,100.000,60,-1.000,-1.000
790,16.730059,16.668227,3,1,0,1,68.000,0,6500.000,700.000,110.000,5900.000,390.000,90.000,100.000,60,-1.000,-1.000
791,19.543400,16.667219,3,1,0,1,68.000,0,6500.000,700.000,110.000,5900.000,390.000,90.000,100.000,60,-1.000,-1.000
792,19.007609,16.668008,3,1,0,1,68.000,0,6500.000,700.000,110.000,5900.000,390.000,90.000,100.000,60,-1.000,-1.000
793,11.801263,16.668978,3,1,0,1,68.000,0,6500.000,700.000,110.000,5900.000,390.000,90.000,100.000,60,-1.000,-1.000
794,16.486324,16.668798,3,1,0,1,68.000,0,6500.000,700.000,110.000,5900.000,390.000,90.000,100.000,60,-1.000,-1.000
795,16.847892,16.668058,3,1,0,1,68.000,0,6500.000,700.000,110.000,5900.000,390.000,90.000,100.000,60,-1.000,-1.000
796,16.873603,16.668289,3,1,0,1,68.000,0,6500.000,700.000,110.000,5900.000,390.000,90.000,100.000,60,-1.000,-1.000
797,16.477714,16.668198,3,1,0,1,68.000,0,6500.000,700.000,110.000,5900.000,390.000,90.000,100.000,60,-1.000,-1.000
798,16.692969,16.667367,3,1,0,1,68.000,0,6500.000,700.000,110.000,5900.000,390.000,90.000,100.000,60,-1.000,-1.000
799,16.446043,16.668799,3,1,0,1,68.000,0,6500.000,700.000,110.000,5900.000,390.000,90.000,100.000,60,-1.000,-1.000
800,16.666928,16.667458,3,1,0,1,68.000,0,6500.000,700.000,110.000,5900.000,390.000,90.000,100.000,60,-1.000,-1.000
801,16.738570,16.668338,3,1,0,1,68.000,0,6500.000,700.000,110.000,5900.000,390.000,90.000,100.000,60,-1.000,-1.000
802,17.019786,16.668189,4,1,0,1,68.000,0,6500.000,700.000,110.000,5900.000,390.000,90.000,100.000,60,-1.000,-1.000
803,18.921766,16.668828,4,1,0,1,68.000,0,6500.000,700.000,110.000,6200.000,610.000,90.000,100.000,60,-1.000,-1.000
804,14.423560,16.668248,4,1,0,1,68.000,0,6500.000,700.000,110.000,6200.000,610.000,90.000,100.000,60,-1.000,-1.000
805,18.230201,16.667898,4,1,0,1,68.000,0,6500.000,700.000,110.000,6200.000,610.000,90.000,100.000,60,-1.000,-1.000
806,15.299490,16.669189,4,1,0,1,68.000,0,6500.000,700.000,110.000,6200.000,610.000,90.000,100.000,60,-1.000,-1.000
807,16.077775,16.667717,4,1,0,1,68.000,0,6500.000,700.000,110.000,6200.000,610.000,90.000,100.000,60,-1.000,-1.000
808,15.820981,16.667329,4,1,0,1,68.000,0,6500.000,700.000,110.000,6200.000,610.000,90.000,100.000,60,-1.000,-1.000
809,19.913198,16.667228,4,1,0,1,68.000,0,6500.000,700.000,110.000,6200.000,610.000,90.000,100.000,60,-1.000,-1.000
810,12.987249,16.667568,4,1,0,1,68.000,0,6500.000,700.000,110.000,6200.000,610.000,90.000,100.000,60,-1.000,-1.000
811,16.510774,16.667378,4,1,0,1,68.000,0,6500.000,700.000,110.000,6200.000,610.000,90.000,100.000,60,-1.000,-1.000
812,17.454215,16.668189,4,1,0,1,68.000,0,6500.000,700.000,110.000,6200.000,610.000,90.000,100.000,60,-1.000,-1.000
813,16.611017,16.667977,4,1,0,1,68.000,0,6500.000,700.000,110.000,6200.000,610.000,90.000,100.000,60,-1.000,-1.000
814,16.645028,16.667019,4,1,0,1,68.000,0,6500.000,700.000,110.000,6200.000,610.000,90.000,100.000,60,-1.000,-1.000
815,17.463695,16.668068,4,1,0,1,68.000,0,6500.000,700.000,110.000,6200.000,610.000,90.000,100.000,60,-1.000,-1.000
816,16.791461,16.690138,4,1,0,1,68.000,0,6500.000,700.000,110.000,6200.000,610.000,90.000,100.000,60,-1.000,-1.000
817,16.388291,16.668299,4,1,0,1,68.000,0,6500.000,700.000,110.000,6200.000,610.000,90.000,100.000,60,-1.000,-1.000
818,16.718160,16.667878,4,1,0,1,68.000,0,6500.000,700.000,110.000,6200.000,610.000,90.000,100.000,60,-1.000,-1.000
819,16.584697,16.670008,4,1,0,1,68.000,0,6500.000,700.000,110.000,6200.000,610.000,90.000,100.000,60,-1.000,-1.000
820,16.618276,16.667218,4,1,0,1,68.000,0,6500.000,700.000,110.000,6200.000,610.000,90.000,100.000,60,-1.000,-1.000
821,16.912954,16.667769,4,1,0,1,68.000,0,6500.000,700.000,110.000,6200.000,610.000,90.000,100.000,60,-1.000,-1.000
822,16.404023,16.667357,4,1,0,1,68.000,0,6500.000,700.000,110.000,6200.000,610.000,90.000,100.000,60,-1.000,-1.000
823,16.671638,16.667309,4,1,0,1,68.000,0,6500.000,700.000,110.000,6200.000,610.000,90.000,100.000,60,-1.000,-1.000
824,16.698109,16.667618,4,1,0,1,68.000,0,6500.000,700.000,110.000,6200.000,610.000,90.000,100.000,60,-1.000,-1.000
825,16.492924,16.668348,4,1,0,1,68.000,0,6500.000,700.000,110.000,6200.000,610.000,90.000,100.000,60,-1.000,-1.000
826,16.793661,16.667448,4,1,0,1,68.000,0,6500.000,700.000,110.000,6200.000,610.000,90.000,100.000,60,-1.000,-1.000
827,16.847952,16.668799,4,1,0,1,68.000,0,6500.000,700.000,110.000,6200.000,610.000,90.000,100.000,60,-1.000,-1.000
828,16.441213,16.668957,4,1,0,1,68.000,0,6500.000,700.000,110.000,6200.000,610.000,90.000,100.000,60,-1.000,-1.000
829,17.154129,16.667809,4,1,0,1,68.000,0,6500.000,700.000,110.000,6200.000,610.000,90.000,100.000,60,-1.000,-1.000
830,16.371782,16.668848,4,1,0,1,68.000,0,6500.000,700.000,110.000,6200.000,610.000,90.000,100.000,60,-1.000,-1.000
831,16.664418,16.668658,4,1,0,1,68.000,0,6500.000,700.000,110.000,6200.000,610.000,90.000,100.000,60,-1.000,-1.000
832,16.739929,16.667588,4,1,0,1,68.000,0,6500.000,700.000,110.000,6200.000,610.000,90.000,100.000,60,-1.000,-1.000
833,16.791591,16.667349,4,1,0,1,68.000,0,6500.000,700.000,110.000,6200.000,610.000,90.000,100.000,60,-1.000,-1.000
834,16.586597,16.668597,4,1,0,1,68.000,0,6500.000,700.000,110.000,6200.000,610.000,90.000,100.000,60,-1.000,-1.000
835,16.870163,16.667529,4,1,0,1,68.000,0,6500.000,700.000,110.000,6200.000,610.000,90.000,100.000,60,-1.000,-1.000
836,16.563825,16.667888,4,1,0,1,68.000,0,6500.000,700.000,110.000,6200.000,610.000,90.000,100.000,60,-1.000,-1.000
837,16.846322,16.833731,4,1,0,1,68.000,0,6500.000,700.000,110.000,6200.000,610.000,90.000,100.000,60,-1.000,-1.000
838,16.653628,16.668609,4,1,0,1,68.000,0,6500.000,700.000,110.000,6200.000,610.000,90.000,100.000,60,-1.000,-1.000
839,16.729059,16.669028,4,1,0,1,68.000,0,6500.000,700.000,110.000,6200.000,610.000,90.000,100.000,60,-1.000,-1.000
840,16.407493,16.667868,4,1,0,1,68.000,0,6500.000,700.000,110.000,6200.000,610.000,90.000,100.000,60,-1.000,-1.000
841,16.851342,16.668738,4,1,0,1,68.000,0,6500.000,700.000,110.000,6200.000,610.000,90.000,100.000,60,-1.000,-1.000
842,16.834191,16.667249,4,1,0,1,68.000,0,6500.000,700.000,110.000,6200.000,610.000,90.000,100.000,60,-1.000,-1.000
843,16.364303,16.668467,4,1,0,1,68.000,0,6500.000,700.000,110.000,6200.000,610.000,90.000,100.000,60,-1.000,-1.000
844,16.681537,16.667199,4,1,0,1,68.000,0,6500.000,700.000,110.000,6200.000,610.000,90.000,100.000,60,-1.000,-1.000
845,16.454975,16.669338,4,1,0,1,68.000,0,6500.000,700.000,110.000,6200.000,610.000,90.000,100.000,60,-1.000,-1.000
846,18.283552,16.668408,4,1,0,1,68.000,0,6500.000,700.000,110.000,6200.000,610.000,90.000,100.000,60,-1.000,-1.000
847,19.503510,16.667568,4,1,0,1,68.000,0,6500.000,700.000,110.000,6200.000,610.000,90.000,100.000,60,-1.000,-1.000
848,16.435762,16.667759,4,1,0,1,68.000,0,6500.000,700.000,110.000,6200.000,610.000,90.000,100.000,60,-1.000,-1.000
849,17.165889,16.667727,4,1,0,1,68.000,0,6500.000,700.000,110.000,6200.000,610.000,90.000,100.000,60,-1.000,-1.000
850,12.420998,16.668429,4,1,0,1,68.000,0,6500.000,700.000,110.000,6200.000,610.000,90.000,100.000,60,-1.000,-1.000
851,16.774569,16.668498,4,1,0,1,68.000,0,6500.000,700.000,110.000,6200.000,610.000,90.000,100.000,60,-1.000,-1.000
852,16.745420,16.667308,4,1,0,1,68.000,0,6500.000,700.000,110.000,6200.000,610.000,90.000,100.000,60,-1.000,-1.000
853,16.137567,16.668038,4,1,0,1,68.000,0,6500.000,700.000,110.000,6200.000,610.000,90.000,100.000,60,-1.000,-1.000
854,17.006115,16.667519,4,1,0,1,68.000,0,6500.000,700.000,110.000,6200.000,610.000,90.000,100.000,60,-1.000,-1.000
855,16.813442,16.667207,4,1,0,1,68.000,0,6500.000,700.000,110.000,6200.000,610.000,90.000,100.000,60,-1.000,-1.000
856,17.344952,16.667708,4,1,0,1,68.000,0,6500.000,700.000,110.000,6200.000,610.000,90.000,100.000,60,-1.000,-1.000
857,16.726740,16.668499,4,1,0,1,68.000,0,6500.000,700.000,110.000,6200.000,610.000,90.000,100.000,60,-1.000,-1.000
858,19.162832,16.668498,4,1,0,1,68.000,0,6500.000,700.000,110.000,6200.000,610.000,90.000,100.000,60,-1.000,-1.000
859,12.992109,16.666958,4,1,0,1,68.000,0,6500.000,700.000,110.000,6200.000,610.000,90.000,100.000,60,-1.000,-1.000
860,16.071415,16.668359,4,1,0,1,68.000,0,6500.000,700.000,110.000,6200.000,610.000,90.000,100.000,60,-1.000,-1.000
861,20.177734,16.667057,4,1,0,1,68.000,0,6500.000,700.000,110.000,6200.000,610.000,90.000,100.000,60,-1.000,-1.000
862,13.386078,16.667248,5,1,0,1,68.000,0,6500.000,700.000,110.000,6200.000,610.000,90.000,100.000,60,-1.000,-1.000
863,19.381616,16.667669,5,1,0,2,34.000,0,6500.000,700.000,110.000,6200.000,610.000,90.000,100.000,59,-1.000,-1.000
864,14.341439,16.668077,5,1,0,2,34.000,0,6500.000,700.000,110.000,6200.000,610.000,90.000,100.000,59,-1.000,-1.000
865,16.590285,16.667169,5,1,0,2,34.000,0,6500.000,700.000,110.000,6200.000,610.000,90.000,100.000,59,-1.000,-1.000
866,23.998936,16.669168,5,1,0,2,34.000,0,6500.000,700.000,110.000,6200.000,610.000,90.000,100.000,59,-1.000,-1.000
867,9.729220,16.667928,5,1,0,2,34.000,0,6500.000,700.000,110.000,6200.000,610.000,90.000,100.000,59,-1.000,-1.000
868,17.012815,16.668898,6,1,0,2,34.000,0,6500.000,700.000,110.000,6200.000,610.000,90.000,100.000,59,-1.000,-1.000
869,171.900914,16.668039,6,1,0,2,34.000,0,6500.000,700.000,110.000,6200.000,610.000,90.000,100.000,59,-1.000,-1.000
870,7.512801,159.373544,6,1,0,2,34.000,0,6500.000,700.000,110.000,6200.000,610.000,90.000,100.000,59,-1.000,-1.000
871,11.541918,16.667219,6,1,0,2,34.000,0,6500.000,700.000,110.000,6200.000,610.000,90.000,100.000,59,-1.000,-1.000
872,24.189150,16.668087,6,1,0,2,34.000,0,6500.000,700.000,110.000,6200.000,610.000,90.000,100.000,59,-1.000,-1.000
873,12.017668,16.667519,6,1,0,2,34.000,0,6500.000,700.000,110.000,6200.000,610.000,90.000,100.000,59,-1.000,-1.000
874,16.003104,16.668608,6,1,0,2,34.000,0,6500.000,700.000,110.000,6200.000,610.000,90.000,100.000,59,-1.000,-1.000
875,16.550086,16.668848,6,1,0,2,34.000,0,6500.000,700.000,110.000,6200.000,610.000,90.000,100.000,59,-1.000,-1.000
876,16.305340,16.668118,6,1,0,2,34.000,0,6500.000,700.000,110.000,6200.000,610.000,90.000,100.000,59,-1.000,-1.000
877,16.392912,16.667959,6,1,0,2,34.000,0,6500.000,700.000,110.000,6200.000,610.000,90.000,100.000,59,-1.000,-1.000
878,16.796031,16.667877,6,1,0,2,34.000,0,6500.000,700.000,110.000,6200.000,610.000,90.000,100.000,59,-1.000,-1.000
879,16.718930,16.668479,6,1,0,2,34.000,0,6500.000,700.000,110.000,6200.000,610.000,90.000,100.000,59,-1.000,-1.000
880,16.629927,16.668188,6,1,0,2,34.000,0,6500.000,700.000,110.000,6200.000,610.000,90.000,100.000,59,-1.000,-1.000
881,16.366032,16.668808,6,1,0,2,34.000,0,6500.000,700.000,110.000,6200.000,610.000,90.000,100.000,59,-1.000,-1.000
882,16.862202,16.669368,6,1,0,2,34.000,0,6500.000,700.000,110.000,6200.000,610.000,90.000,100.000,59,-1.000,-1.000
883,16.553085,16.669489,6,1,0,2,34.000,0,6500.000,700.000,110.000,6200.000,610.000,90.000,100.000,59,-1.000,-1.000
884,16.827602,16.668817,6,1,0,2,34.000,0,6500.000,700.000,110.000,6200.000,610.000,90.000,100.000,59,-1.000,-1.000
885,16.647878,16.668739,6,1,0,2,34.000,0,6500.000,700.000,110.000,6200.000,610.000,90.000,100.000,59,-1.000,-1.000
886,19.660132,16.668108,6,1,0,2,34.000,0,6500.000,700.000,110.000,6200.000,610.000,90.000,100.000,59,-1.000,-1.000
887,20.813087,16.667578,6,1,0,2,34.000,0,6500.000,700.000,110.000,6200.000,610.000,90.000,100.000,59,-1.000,-1.000
888,9.888893,16.668698,6,1,0,2,34.000,0,6500.000,700.000,110.000,6200.000,610.000,90.000,100.000,59,-1.000,-1.000
889,17.136648,16.668489,6,1,0,2,34.000,0,6500.000,700.000,110.000,6200.000,610.000,90.000,100.000,59,-1.000,-1.000
890,16.700289,16.667067,7,1,0,2,34.000,0,6500.000,700.000,110.000,6200.000,610.000,90.000,100.000,59,-1.000,-1.000
891,17.843234,16.686749,7,1,0,3,0.000,1,6506.576,700.000,111.051,6200.000,610.000,90.000,100.000,58,-1.000,-1.000
892,14.496781,16.667119,7,1,0,3,0.000,1,6513.058,700.000,111.819,6200.000,610.000,90.000,100.000,58,-1.000,-1.000
893,18.014327,16.667007,7,1,0,3,0.000,1,6519.452,700.000,112.308,6200.000,610.000,90.000,100.000,58,-1.000,-1.000
894,16.676549,16.672539,7,1,0,3,0.000,1,6525.764,700.000,112.521,6200.000,610.000,90.000,100.000,58,-1.000,-1.000
895,18.080868,16.667788,7,1,0,3,0.000,1,6531.989,700.000,112.463,6200.000,610.000,90.000,100.000,58,-1.000,-1.000
896,15.608926,16.668058,8,1,0,3,0.000,1,6538.132,700.000,112.137,6200.000,610.000,90.000,100.000,58,-1.000,-1.000
897,17.493635,16.667448,8,1,0,3,0.000,1,6544.192,700.000,111.547,6200.000,610.000,90.000,100.000,58,-1.000,-1.000
898,16.065045,16.667359,8,1,0,3,0.000,1,6550.172,700.000,110.696,6200.000,610.000,90.000,100.000,58,-1.000,-1.000
899,16.064396,16.668687,8,1,0,3,0.000,1,6556.072,700.000,109.588,6200.000,610.000,90.000,100.000,58,-1.000,-1.000
900,15.442192,16.668089,8,1,0,3,0.000,1,6561.894,700.000,108.226,6200.000,610.000,90.000,100.000,58,-1.000,-1.000
901,17.926824,16.668448,8,1,0,3,0.000,1,6567.638,700.000,106.614,6200.000,610.000,90.000,100.000,58,-1.000,-1.000
902,15.982824,16.668748,8,1,0,3,0.000,1,6573.305,700.000,104.754,6200.000,610.000,90.000,100.000,58,-1.000,-1.000
903,16.181688,16.668268,8,1,0,3,0.000,1,6578.842,700.009,102.730,6200.000,610.000,90.000,100.000,58,-1.000,-1.000
904,17.009586,16.668639,8,1,0,3,0.000,1,6584.031,700.316,101.028,6200.000,610.000,90.000,100.000,58,-1.000,-1.000
905,16.321940,16.667307,8,1,0,3,0.000,1,6589.151,700.620,99.081,6200.000,610.000,90.000,100.000,58,-1.000,-1.000
906,21.048672,16.668259,8,1,0,3,0.000,1,6594.177,700.931,96.930,6200.000,610.000,90.000,100.000,58,-1.000,-1.000
907,12.383326,16.667878,8,1,0,3,0.000,1,6599.105,701.256,94.592,6200.000,610.000,90.000,100.000,58,-1.000,-1.000
908,17.691591,16.667897,8,1,0,3,0.000,1,6603.944,701.589,92.053,6200.000,610.000,90.000,100.000,58,-1.000,-1.000
909,15.944542,16.668449,8,1,0,3,0.000,1,6608.696,701.930,89.316,6200.000,610.000,90.000,100.000,58,-1.000,-1.000
910,16.105926,16.667157,8,1,0,3,0.000,1,6613.362,702.279,86.384,6200.000,610.000,90.000,100.000,58,-1.000,-1.000
911,17.196909,16.668089,8,1,0,3,0.000,1,6617.945,702.635,83.257,6200.000,610.000,90.000,100.000,58,-1.000,-1.000
912,16.410694,16.667298,8,1,0,3,0.000,1,6622.444,702.998,79.939,6200.000,610.000,90.000,100.000,58,-1.000,-1.000
913,16.854202,16.668968,8,1,0,3,0.000,1,6626.862,703.367,76.431,6200.000,610.000,90.000,100.000,58,-1.000,-1.000
914,16.762089,16.668418,8,1,0,3,0.000,1,6631.199,703.741,72.735,6200.000,610.000,90.000,100.000,58,-1.000,-1.000
915,16.202108,16.668639,8,1,0,3,0.000,1,6635.456,704.118,68.854,6200.000,610.000,90.000,100.000,58,-1.000,-1.000
916,20.029772,16.667647,8,1,0,3,0.000,1,6639.634,704.499,64.790,6200.000,610.000,90.000,100.000,58,-1.000,-1.000
917,17.774091,16.668519,8,1,0,3,0.000,1,6643.733,704.881,60.544,6200.000,610.000,90.000,100.000,58,-1.000,-1.000
918,18.320974,16.668678,8,1,0,3,0.000,1,6647.707,705.262,56.188,6200.000,610.000,90.000,100.000,58,-1.000,-1.000
919,10.675399,16.668318,8,1,0,3,0.000,1,6651.402,705.630,51.944,6200.000,610.000,90.000,100.000,58,-1.000,-1.000
920,19.716764,16.668668,8,1,0,3,0.000,1,6655.027,705.994,47.518,6200.000,610.000,90.000,100.000,58,-1.000,-1.000
921,17.586288,16.667599,8,1,0,3,0.000,1,6658.581,706.355,42.914,6200.000,610.000,90.000,100.000,58,-1.000,-1.000
922,16.337541,16.667727,8,1,0,3,0.000,1,6662.064,706.711,38.137,6200.000,610.000,90.000,100.000,58,-1.000,-1.000
923,12.942858,16.668079,8,1,0,3,0.000,1,6665.476,707.063,33.190,6200.000,610.000,90.000,100.000,58,-1.000,-1.000
924,23.607077,16.668718,8,1,0,3,0.000,1,6668.817,707.409,28.076,6200.000,610.000,90.000,100.000,58,-1.000,-1.000
925,11.255132,16.667768,8,1,0,3,0.000,1,6672.086,707.749,22.802,6200.000,610.000,90.000,100.000,58,-1.000,-1.000
926,16.948894,16.667558,8,1,0,3,0.000,1,6675.283,708.081,17.369,6200.000,610.000,90.000,100.000,58,-1.000,-1.000
927,16.585016,16.667469,8,1,0,3,0.000,1,6678.384,708.403,11.818,6200.000,610.000,90.000,100.000,58,-1.000,-1.000
928,14.730697,16.667697,8,1,0,3,0.000,1,6681.328,708.707,6.238,6200.000,610.000,90.000,100.000,58,-1.000,-1.000
929,16.490084,16.667269,8,1,0,3,0.000,1,6680.397,708.594,7.578,6200.000,610.000,90.000,100.000,58,-1.000,-1.000
930,16.391923,16.667108,8,1,0,3,0.000,1,6681.039,708.459,6.354,6200.000,610.000,90.000,100.000,58,-1.000,-1.000
931,16.708278,16.667598,8,1,0,3,0.000,1,6681.098,708.130,6.574,6200.000,610.000,90.000,100.000,58,-1.000,-1.000
932,17.076618,16.667358,8,1,0,3,0.000,1,6681.122,708.008,6.864,6200.000,610.000,90.000,100.000,58,-1.000,-1.000
933,17.548246,16.666849,8,1,0,3,0.000,1,6681.146,707.888,6.881,6200.000,610.000,90.000,100.000,58,-1.000,-1.000
934,16.151067,16.668917,8,1,0,3,0.000,1,6681.169,707.769,6.630,6200.000,610.000,90.000,100.000,58,-1.000,-1.000
935,16.589917,16.667169,8,1,0,3,0.000,1,6681.188,707.670,6.139,6200.000,610.000,90.000,100.000,58,-1.000,-1.000
936,16.478084,16.667558,8,1,0,3,0.000,1,6681.176,707.659,6.000,6200.000,610.000,90.000,100.000,58,-1.000,-1.000
937,16.873493,16.668058,8,1,0,3,0.000,1,6681.180,707.660,6.000,6200.000,610.000,90.000,100.000,58,-1.000,-1.000
938,17.249520,16.668378,8,1,0,3,0.000,1,6681.176,707.661,6.000,6200.000,610.000,90.000,100.000,58,-1.000,-1.000
939,17.047626,16.668319,8,1,0,3,0.000,1,6681.181,707.665,6.000,6200.000,610.000,90.000,100.000,58,-1.000,-1.000
940,16.995305,16.668477,8,1,0,3,0.000,1,6681.185,707.669,6.000,6200.000,610.000,90.000,100.000,58,-1.000,-1.000
941,16.385463,16.668789,8,1,0,3,0.000,1,6681.177,707.659,6.000,6200.000,610.000,90.000,100.000,58,-1.000,-1.000
942,17.270831,16.667198,8,1,0,3,0.000,1,6681.178,707.661,6.000,6200.000,610.000,90.000,100.000,58,-1.000,-1.000
943,16.540126,16.672758,8,1,0,3,0.000,1,6681.183,707.665,6.000,6200.000,610.000,90.000,100.000,58,-1.000,-1.000
944,16.908763,16.667238,8,1,0,3,0.000,1,6681.176,707.666,6.000,6200.000,610.000,90.000,100.000,58,-1.000,-1.000
945,15.593705,16.679699,8,1,0,3,0.000,1,6681.185,707.669,6.000,6200.000,610.000,90.000,100.000,58,-1.000,-1.000
946,15.917922,16.667237,8,1,0,3,0.000,1,6681.176,707.664,6.000,6200.000,610.000,90.000,100.000,58,-1.000,-1.000
947,16.660968,16.667759,8,1,0,3,0.000,1,6681.186,707.669,6.000,6200.000,610.000,90.000,100.000,58,-1.000,-1.000
948,16.610806,16.668878,8,1,0,3,0.000,1,6681.176,707.663,6.000,6200.000,610.000,90.000,100.000,58,-1.000,-1.000
949,16.855293,16.668018,8,1,0,3,0.000,1,6681.185,707.669,6.000,6200.000,610.000,90.000,100.000,58,-1.000,-1.000
950,16.340811,16.668068,8,1,0,3,0.000,1,6681.184,707.667,6.000,6200.000,610.000,90.000,100.000,58,-1.000,-1.000
951,16.887373,16.680829,8,1,0,3,0.000,1,6681.182,707.667,6.000,6200.000,610.000,90.000,100.000,58,-1.000,-1.000
952,16.473404,16.668208,8,1,0,3,0.000,1,6681.182,707.667,6.000,6200.000,610.000,90.000,100.000,58,-1.000,-1.000
953,16.564505,16.667038,8,1,0,3,0.000,1,6681.182,707.667,6.000,6200.000,610.000,90.000,100.000,58,-1.000,-1.000
954,16.817272,16.667868,8,1,0,3,0.000,1,6681.182,707.667,6.000,6200.000,610.000,90.000,100.000,58,-1.000,-1.000
955,16.821742,16.668498,8,1,0,3,0.000,1,6681.182,707.667,6.000,6200.000,610.000,90.000,100.000,58,-1.000,-1.000
956,16.886393,16.667698,8,1,0,3,0.000,1,6681.182,707.667,6.000,6200.000,610.000,90.000,100.000,58,-1.000,-1.000
957,16.489543,16.667659,8,1,0,3,0.000,1,6681.182,707.667,6.000,6200.000,610.000,90.000,100.000,58,-1.000,-1.000
958,16.629368,16.667077,8,1,0,3,0.000,1,6681.182,707.667,6.000,6200.000,610.000,90.000,100.000,58,-1.000,-1.000
959,16.740500,16.668359,8,1,0,3,0.000,1,6681.182,707.667,6.000,6200.000,610.000,90.000,100.000,58,-1.000,-1.000
960,16.702938,16.668258,8,1,0,3,0.000,1,6681.182,707.667,6.000,6200.000,610.000,90.000,100.000,58,-1.000,-1.000
961,16.874593,16.804461,8,1,0,3,0.000,1,6681.182,707.667,6.000,6200.000,610.000,90.000,100.000,58,-1.000,-1.000
962,16.450804,16.668558,8,1,0,3,0.000,1,6681.182,707.667,6.000,6200.000,610.000,90.000,100.000,58,-1.000,-1.000
963,17.697960,16.945554,8,1,0,3,0.000,1,6681.182,707.667,6.000,6200.000,610.000,90.000,100.000,58,-1.000,-1.000
964,15.749018,16.667129,8,1,0,3,0.000,1,6681.182,707.667,6.000,6200.000,610.000,90.000,100.000,58,-1.000,-1.000
965,16.504015,16.668077,8,1,0,3,0.000,1,6681.182,707.667,6.000,6200.000,610.000,90.000,100.000,58,-1.000,-1.000
966,16.725909,16.668319,8,1,0,3,0.000,1,6681.182,707.667,6.000,6200.000,610.000,90.000,100.000,58,-1.000,-1.000
967,16.890293,16.668718,8,1,0,3,0.000,1,6681.182,707.667,6.000,6200.000,610.000,90.000,100.000,58,-1.000,-1.000
968,17.644299,16.692578,8,1,0,3,0.000,1,6681.182,707.667,6.000,6200.000,610.000,90.000,100.000,58,-1.000,-1.000
969,15.732219,16.667529,8,1,0,3,0.000,1,6681.182,707.667,6.000,6200.000,610.000,90.000,100.000,58,-1.000,-1.000
970,16.621586,16.668228,8,1,0,3,0.000,1,6681.182,707.667,6.000,6200.000,610.000,90.000,100.000,58,-1.000,-1.000
971,16.796721,16.667328,8,1,0,3,0.000,1,6681.182,707.667,6.000,6200.000,610.000,90.000,100.000,58,-1.000,-1.000
972,16.546946,16.668358,8,1,0,3,0.000,1,6681.182,707.667,6.000,6200.000,610.000,90.000,100.000,58,-1.000,-1.000
973,16.504755,16.667008,8,1,0,3,0.000,1,6681.182,707.667,6.000,6200.000,610.000,90.000,100.000,58,-1.000,-1.000
974,16.711119,16.668418,8,1,0,3,0.000,1,6681.182,707.667,6.000,6200.000,610.000,90.000,100.000,58,-1.000,-1.000
975,16.573685,16.668919,8,1,0,3,0.000,1,6681.182,707.667,6.000,6200.000,610.000,90.000,100.000,58,-1.000,-1.000
976,17.147889,16.669048,8,1,0,3,0.000,1,6681.182,707.667,6.000,6200.000,610.000,90.000,100.000,58,-1.000,-1.000
977,16.278830,16.667797,8,1,0,3,0.000,1,6681.182,707.667,6.000,6200.000,610.000,90.000,100.000,58,-1.000,-1.000
978,16.750150,16.668539,8,1,0,3,0.000,1,6681.182,707.667,6.000,6200.000,610.000,90.000,100.000,58,-1.000,-1.000
979,16.577456,16.668388,8,1,0,3,0.000,1,6681.182,707.667,6.000,6200.000,610.000,90.000,100.000,58,-1.000,-1.000
980,16.598507,16.667278,8,1,0,3,0.000,1,6681.182,707.667,6.000,6200.000,610.000,90.000,100.000,58,-1.000,-1.000
981,16.655187,16.667378,8,1,0,3,0.000,1,6681.182,707.667,6.000,6200.000,610.000,90.000,100.000,58,-1.000,-1.000
982,16.592167,16.667669,8,1,0,3,0.000,1,6681.182,707.667,6.000,6200.000,610.000,90.000,100.000,58,-1.000,-1.000
983,20.720376,16.667747,8,1,0,3,0.000,1,6681.182,707.667,6.000,6200.000,610.000,90.000,100.000,58,-1.000,-1.000
984,12.699022,16.668009,8,1,0,3,0.000,1,6681.182,707.667,6.000,6200.000,610.000,90.000,100.000,58,-1.000,-1.000
985,21.426691,16.668678,8,1,0,3,0.000,1,6681.182,707.667,6.000,6200.000,610.000,90.000,100.000,58,-1.000,-1.000
986,16.867002,16.668738,8,1,0,3,0.000,1,6681.182,707.667,6.000,6200.000,610.000,90.000,100.000,58,-1.000,-1.000
987,16.386332,16.669038,8,1,0,3,0.000,1,6681.182,707.667,6.000,6200.000,610.000,90.000,100.000,58,-1.000,-1.000
988,16.016184,16.667289,8,1,0,3,0.000,1,6681.182,707.667,6.000,6200.000,610.000,90.000,100.000,58,-1.000,-1.000
989,17.150659,16.667117,8,1,0,3,0.000,1,6681.182,707.667,6.000,6200.000,610.000,90.000,100.000,58,-1.000,-1.000
990,17.043006,16.667409,8,1,0,3,0.000,1,6681.182,707.667,6.000,6200.000,610.000,90.000,100.000,58,-1.000,-1.000
991,16.407963,16.668748,8,1,0,3,0.000,1,6681.182,707.667,6.000,6200.000,610.000,90.000,100.000,58,-1.000,-1.000
992,16.231919,16.667878,8,1,0,3,0.000,1,6681.182,707.667,6.000,6200.000,610.000,90.000,100.000,58,-1.000,-1.000
993,17.341062,16.668788,8,1,0,3,0.000,1,6681.182,707.667,6.000,6200.000,610.000,90.000,100.000,58,-1.000,-1.000
994,15.768959,16.667309,8,1,0,3,0.000,1,6681.182,707.667,6.000,6200.000,610.000,90.000,100.000,58,-1.000,-1.000
995,17.210359,16.667047,8,1,0,3,0.000,1,6681.182,707.667,6.000,6200.000,610.000,90.000,100.000,58,-1.000,-1.000
996,16.844613,16.667638,8,1,0,3,0.000,1,6681.182,707.667,6.000,6200.000,610.000,90.000,100.000,58,-1.000,-1.000
997,16.455473,16.668629,8,1,0,3,0.000,1,6681.182,707.667,6.000,6200.000,610.000,90.000,100.000,58,-1.000,-1.000
998,16.429283,16.667688,8,1,0,3,0.000,1,6681.182,707.667,6.000,6200.000,610.000,90.000,100.000,58,-1.000,-1.000
999,12.357105,16.668478,8,1,0,3,0.000,1,6681.182,707.667,6.000,6200.000,610.000,90.000,100.000,58,-1.000,-1.000
1000,16.697700,16.667278,8,1,0,3,0.000,1,6681.182,707.667,6.000,6200.000,610.000,90.000,100.000,58,-1.000,-1.000
1001,16.728799,16.668158,8,1,0,3,0.000,1,6681.182,707.667,6.000,6200.000,610.000,90.000,100.000,58,-1.000,-1.000
1002,16.604736,16.668418,8,1,0,3,0.000,1,6681.182,707.667,6.000,6200.000,610.000,90.000,100.000,58,-1.000,-1.000
1003,16.700360,16.667279,8,1,0,3,0.000,1,6681.182,707.667,6.000,6200.000,610.000,90.000,100.000,58,-1.000,-1.000
1004,20.429048,16.668607,8,1,0,3,0.000,1,6681.182,707.667,6.000,6200.000,610.000,90.000,100.000,58,-1.000,-1.000
1005,18.386336,16.667869,8,1,0,3,0.000,1,6681.182,707.667,6.000,6200.000,610.000,90.000,100.000,58,-1.000,-1.000
1006,10.992336,16.668838,8,1,0,3,0.000,1,6681.182,707.667,6.000,6200.000,610.000,90.000,100.000,58,-1.000,-1.000
1007,16.769709,16.667918,8,1,0,3,0.000,1,6681.182,707.667,6.000,6200.000,610.000,90.000,100.000,58,-1.000,-1.000
1008,17.205871,16.668158,8,1,0,3,0.000,1,6681.182,707.667,6.000,6200.000,610.000,90.000,100.000,58,-1.000,-1.000
1009,16.043485,16.668778,8,1,0,3,0.000,1,6681.182,707.667,6.000,6200.000,610.000,90.000,100.000,58,-1.000,-1.000
1010,23.838171,16.667768,8,1,0,3,0.000,1,6681.182,707.667,6.000,6200.000,610.000,90.000,100.000,58,-1.000,-1.000
1011,11.576979,16.680489,8,1,0,3,0.000,1,6681.182,707.667,6.000,6200.000,610.000,90.000,100.000,58,-1.000,-1.000
1012,16.479535,16.668087,8,1,0,3,0.000,1,6681.182,707.667,6.000,6200.000,610.000,90.000,100.000,58,-1.000,-1.000
1013,21.421480,16.667789,8,1,0,3,0.000,1,6681.182,707.667,6.000,6200.000,610.000,90.000,100.000,58,-1.000,-1.000
1014,16.268309,16.668388,8,1,0,3,0.000,1,6681.182,707.667,6.000,6200.000,610.000,90.000,100.000,58,-1.000,-1.000
1015,15.973093,16.667438,8,1,0,3,0.000,1,6681.182,707.667,6.000,6200.000,610.000,90.000,100.000,58,-1.000,-1.000
1016,16.603757,16.695679,27,1,0,3,0.000,1,6681.182,707.667,6.000,6200.000,610.000,90.000,100.000,58,-1.000,-1.000
1017,181.740895,16.668958,27,1,0,3,0.000,1,6681.182,707.667,6.000,6200.000,610.000,90.000,100.000,58,-1.000,-1.000
1018,7.368319,173.874057,27,1,0,3,0.000,1,6681.182,707.667,6.000,6200.000,610.000,90.000,100.000,58,-1.000,-1.000
1019,11.384254,16.667567,27,1,0,3,0.000,1,6681.182,707.667,6.000,6200.000,610.000,90.000,100.000,58,-1.000,-1.000
1020,16.659928,16.667048,27,1,0,3,0.000,1,6681.182,707.667,6.000,6200.000,610.000,90.000,100.000,58,-1.000,-1.000
1021,17.339232,16.666929,27,1,0,3,0.000,1,6681.182,707.667,6.000,6200.000,610.000,90.000,100.000,58,-1.000,-1.000
1022,16.910654,16.667627,27,1,0,3,0.000,1,6681.182,707.667,6.000,6200.000,610.000,90.000,100.000,58,-1.000,-1.000
1023,17.266970,16.667139,27,1,0,3,0.000,1,6681.182,707.667,6.000,6200.000,610.000,90.000,100.000,58,-1.000,-1.000
1024,16.721370,16.668808,27,1,0,3,0.000,1,6681.182,707.667,6.000,6200.000,610.000,90.000,100.000,58,-1.000,-1.000
1025,16.403502,16.667448,27,1,0,3,0.000,1,6681.182,707.667,6.000,6200.000,610.000,90.000,100.000,58,-1.000,-1.000
1026,16.924034,16.668168,27,1,0,3,0.000,1,6681.182,707.667,6.000,6200.000,610.000,90.000,100.000,58,-1.000,-1.000
1027,16.701079,16.668249,27,1,0,3,0.000,1,6681.182,707.667,6.000,6200.000,610.000,90.000,100.000,58,-1.000,-1.000
1028,16.475804,16.668227,27,1,0,3,0.000,1,6681.182,707.667,6.000,6200.000,610.000,90.000,100.000,58,-1.000,-1.000
1029,16.681668,16.667329,27,1,0,3,0.000,1,6681.182,707.667,6.000,6200.000,610.000,90.000,100.000,58,-1.000,-1.000
1030,16.891063,16.668618,27,1,0,3,0.000,1,6681.182,707.667,6.000,6200.000,610.000,90.000,100.000,58,-1.000,-1.000
1031,16.708360,16.668368,27,1,0,3,0.000,1,6681.182,707.667,6.000,6200.000,610.000,90.000,100.000,58,-1.000,-1.000
1032,16.697548,16.668938,27,1,0,3,0.000,1,6681.182,707.667,6.000,6200.000,610.000,90.000,100.000,58,-1.000,-1.000
1033,16.525235,16.668629,27,1,0,3,0.000,1,6681.182,707.667,6.000,6200.000,610.000,90.000,100.000,58,-1.000,-1.000
1034,16.475844,16.667497,27,1,0,3,0.000,1,6681.182,707.667,6.000,6200.000,610.000,90.000,100.000,58,-1.000,-1.000
1035,17.142869,16.668608,27,1,0,3,0.000,1,6681.182,707.667,6.000,6200.000,610.000,90.000,100.000,58,-1.000,-1.000
1036,16.725999,16.667349,27,1,0,3,0.000,1,6681.182,707.667,6.000,6200.000,610.000,90.000,100.000,58,-1.000,-1.000
1037,16.599447,16.667727,9,1,0,3,0.000,1,6681.182,707.667,6.000,6200.000,610.000,90.000,100.000,58,-1.000,-1.000
1038,16.737160,16.668019,9,1,0,3,0.000,1,6681.182,707.667,6.000,6300.000,700.000,90.000,100.000,58,-1.000,-1.000
1039,16.385991,16.668488,9,1,0,3,0.000,1,6681.182,707.667,6.000,6300.000,700.000,90.000,100.000,58,-1.000,-1.000
1040,16.581567,16.668588,9,1,0,3,0.000,1,6681.182,707.667,6.000,6300.000,700.000,90.000,100.000,58,-1.000,-1.000
1041,16.775610,16.668088,9,1,0,3,0.000,1,6681.182,707.667,6.000,6300.000,700.000,90.000,100.000,58,-1.000,-1.000
1042,16.726609,16.668719,9,1,0,3,0.000,1,6681.182,707.667,6.000,6300.000,700.000,90.000,100.000,58,-1.000,-1.000
1043,16.517806,16.668597,9,1,0,3,0.000,1,6681.182,707.667,6.000,6300.000,700.000,90.000,100.000,58,-1.000,-1.000
1044,16.597946,16.668839,9,1,0,3,0.000,1,6681.182,707.667,6.000,6300.000,700.000,90.000,100.000,58,-1.000,-1.000
1045,16.792261,16.668148,9,1,0,3,0.000,1,6681.182,707.667,6.000,6300.000,700.000,90.000,100.000,58,-1.000,-1.000
1046,16.840432,16.668858,9,1,0,3,0.000,1,6681.182,707.667,6.000,6300.000,700.000,90.000,100.000,58,-1.000,-1.000
1047,18.962187,16.667638,9,1,0,3,0.000,1,6681.182,707.667,6.000,6300.000,700.000,90.000,100.000,58,-1.000,-1.000
1048,14.225596,16.667438,9,1,0,3,0.000,1,6681.182,707.667,6.000,6300.000,700.000,90.000,100.000,58,-1.000,-1.000
1049,18.221221,16.668938,9,1,0,3,0.000,1,6681.182,707.667,6.000,6300.000,700.000,90.000,100.000,58,-1.000,-1.000
1050,14.947981,16.667359,9,1,0,3,0.000,1,6681.182,707.667,6.000,6300.000,700.000,90.000,100.000,58,-1.000,-1.000
1051,18.881576,16.668857,9,1,0,3,0.000,1,6681.182,707.667,6.000,6300.000,700.000,90.000,100.000,58,-1.000,-1.000
1052,18.432376,16.667939,9,1,0,3,0.000,1,6681.182,707.667,6.000,6300.000,700.000,90.000,100.000,58,-1.000,-1.000
1053,16.273760,16.668108,9,1,0,3,0.000,1,6681.182,707.667,6.000,6300.000,700.000,90.000,100.000,58,-1.000,-1.000
1054,16.713618,16.668737,9,1,0,3,0.000,1,6681.182,707.667,6.000,6300.000,700.000,90.000,100.000,58,-1.000,-1.000
1055,16.605638,16.667729,9,1,0,3,0.000,1,6681.182,707.667,6.000,6300.000,700.000,90.000,100.000,58,-1.000,-1.000
1056,16.734829,16.667998,9,1,0,3,0.000,1,6681.182,707.667,6.000,6300.000,700.000,90.000,100.000,58,-1.000,-1.000
1057,15.944383,16.667848,9,1,0,3,0.000,1,6681.182,707.667,6.000,6300.000,700.000,90.000,100.000,58,-1.000,-1.000
1058,16.711328,16.667968,9,1,0,3,0.000,1,6681.182,707.667,6.000,6300.000,700.000,90.000,100.000,58,-1.000,-1.000
1059,18.255763,16.667189,9,1,0,3,0.000,1,6681.182,707.667,6.000,6300.000,700.000,90.000,100.000,58,-1.000,-1.000
1060,12.117431,16.667427,9,1,0,3,0.000,1,6681.182,707.667,6.000,6300.000,700.000,90.000,100.000,58,-1.000,-1.000
1061,16.815631,16.667289,9,1,0,3,0.000,1,6681.182,707.667,6.000,6300.000,700.000,90.000,100.000,58,-1.000,-1.000
1062,16.615897,16.667428,9,1,0,3,0.000,1,6681.182,707.667,6.000,6300.000,700.000,90.000,100.000,58,-1.000,-1.000
1063,16.713089,16.668378,9,1,0,3,0.000,1,6681.182,707.667,6.000,6300.000,700.000,90.000,100.000,58,-1.000,-1.000
1064,16.599147,16.667968,9,1,0,3,0.000,1,6681.182,707.667,6.000,6300.000,700.000,90.000,100.000,58,-1.000,-1.000
1065,16.781860,16.668139,9,1,0,3,0.000,1,6681.182,707.667,6.000,6300.000,700.000,90.000,100.000,58,-1.000,-1.000
1066,19.551250,16.669017,9,1,0,3,0.000,1,6681.182,707.667,6.000,6300.000,700.000,90.000,100.000,58,-1.000,-1.000
1067,19.812386,16.667109,9,1,0,3,0.000,1,6681.182,707.667,6.000,6300.000,700.000,90.000,100.000,58,-1.000,-1.000
1068,15.457582,16.669078,9,1,0,3,0.000,1,6681.182,707.667,6.000,6300.000,700.000,90.000,100.000,58,-1.000,-1.000
1069,12.371115,16.667547,9,1,0,3,0.000,1,6681.182,707.667,6.000,6300.000,700.000,90.000,100.000,58,-1.000,-1.000
1070,17.834714,16.667849,9,1,0,3,0.000,1,6681.182,707.667,6.000,6300.000,700.000,90.000,100.000,58,-1.000,-1.000
1071,19.037569,16.667598,9,1,0,3,0.000,1,6681.182,707.667,6.000,6300.000,700.000,90.000,100.000,58,-1.000,-1.000
1072,17.702610,16.667978,9,1,0,3,0.000,1,6681.182,707.667,6.000,6300.000,700.000,90.000,100.000,58,-1.000,-1.000
1073,16.719990,16.667238,9,1,0,3,0.000,1,6681.182,707.667,6.000,6300.000,700.000,90.000,100.000,58,-1.000,-1.000
1074,11.735671,16.667819,9,1,0,3,0.000,1,6681.182,707.667,6.000,6300.000,700.000,90.000,100.000,58,-1.000,-1.000
1075,18.814865,16.669317,9,1,0,3,0.000,1,6681.182,707.667,6.000,6300.000,700.000,90.000,100.000,58,-1.000,-1.000
1076,15.967623,16.667939,9,1,0,3,0.000,1,6681.182,707.667,6.000,6300.000,700.000,90.000,100.000,58,-1.000,-1.000
1077,16.144057,16.668948,9,1,0,3,0.000,1,6681.182,707.667,6.000,6300.000,700.000,90.000,100.000,58,-1.000,-1.000
1078,15.724708,16.668648,9,1,0,3,0.000,1,6681.182,707.667,6.000,6300.000,700.000,90.000,100.000,58,-1.000,-1.000
1079,16.679088,16.667678,9,1,0,3,0.000,1,6681.182,707.667,6.000,6300.000,700.000,90.000,100.000,58,-1.000,-1.000
1080,16.237139,16.667159,9,1,0,3,0.000,1,6681.182,707.667,6.000,6300.000,700.000,90.000,100.000,58,-1.000,-1.000
1081,16.422072,16.667907,9,1,0,3,0.000,1,6681.182,707.667,6.000,6300.000,700.000,90.000,100.000,58,-1.000,-1.000
1082,21.697437,16.695589,9,1,0,3,0.000,1,6681.182,707.667,6.000,6300.000,700.000,90.000,100.000,58,-1.000,-1.000
1083,16.292720,16.668698,9,1,0,3,0.000,1,6681.182,707.667,6.000,6300.000,700.000,90.000,100.000,58,-1.000,-1.000
1084,15.867491,16.668888,9,1,0,3,0.000,1,6681.182,707.667,6.000,6300.000,700.000,90.000,100.000,58,-1.000,-1.000
1085,16.780130,16.668638,9,1,0,3,0.000,1,6681.182,707.667,6.000,6300.000,700.000,90.000,100.000,58,-1.000,-1.000
1086,16.912904,16.667869,9,1,0,3,0.000,1,6681.182,707.667,6.000,6300.000,700.000,90.000,100.000,58,-1.000,-1.000
1087,16.369571,16.667437,9,1,0,3,0.000,1,6681.182,707.667,6.000,6300.000,700.000,90.000,100.000,58,-1.000,-1.000
1088,17.601839,16.667199,9,1,0,3,0.000,1,6681.182,707.667,6.000,6300.000,700.000,90.000,100.000,58,-1.000,-1.000
1089,16.350101,16.670328,9,1,0,3,0.000,1,6681.182,707.667,6.000,6300.000,700.000,90.000,100.000,58,-1.000,-1.000
1090,17.549687,16.668318,9,1,0,3,0.000,1,6681.182,707.667,6.000,6300.000,700.000,90.000,100.000,58,-1.000,-1.000
1091,11.702101,16.667688,9,1,0,3,0.000,1,6681.182,707.667,6.000,6300.000,700.000,90.000,100.000,58,-1.000,-1.000
1092,16.920604,16.668529,9,1,0,3,0.000,1,6681.182,707.667,6.000,6300.000,700.000,90.000,100.000,58,-1.000,-1.000
1093,16.597527,16.667597,9,1,0,3,0.000,1,6681.182,707.667,6.000,6300.000,700.000,90.000,100.000,58,-1.000,-1.000
1094,16.641878,16.668199,9,1,0,3,0.000,1,6681.182,707.667,6.000,6300.000,700.000,90.000,100.000,58,-1.000,-1.000
1095,16.778039,16.668928,9,1,0,3,0.000,1,6681.182,707.667,6.000,6300.000,700.000,90.000,100.000,58,-1.000,-1.000
1096,19.931709,16.667737,9,1,0,3,0.000,1,6681.182,707.667,6.000,6300.000,700.000,90.000,100.000,58,-1.000,-1.000
1097,13.406578,16.667349,10,1,0,3,0.000,1,6681.182,707.667,6.000,6300.000,700.000,90.000,100.000,58,-1.000,-1.000
1098,17.049807,16.668868,10,1,0,3,0.000,1,6681.182,707.667,6.000,6300.667,700.000,90.000,100.000,58,-1.000,-1.000
1099,16.468153,16.668628,10,1,0,3,0.000,1,6681.182,707.667,6.000,6302.000,700.000,90.000,100.000,58,-1.000,-1.000
1100,16.433744,16.667878,10,1,0,3,0.000,1,6681.182,707.667,6.000,6304.001,700.000,90.000,100.000,58,-1.000,-1.000
1101,16.929573,16.667999,10,1,0,3,0.000,1,6681.182,707.667,6.000,6306.668,700.000,90.000,100.000,58,-1.000,-1.000
1102,16.667788,16.668237,10,1,0,3,0.000,1,6681.182,707.667,6.000,6310.002,700.000,90.000,100.000,58,-1.000,-1.000
1103,16.720669,16.668129,10,1,0,3,0.000,1,6681.182,707.667,6.000,6314.003,700.000,90.000,100.000,58,-1.000,-1.000
1104,16.507555,16.668918,10,1,0,3,0.000,1,6681.182,707.667,6.000,6318.671,700.000,90.000,100.000,58,-1.000,-1.000
1105,16.768860,16.667858,10,1,0,3,0.000,1,6681.182,707.667,6.000,6324.005,700.000,90.000,100.000,58,-1.000,-1.000
1106,16.636588,16.668498,10,1,0,3,0.000,1,6681.182,707.667,6.000,6330.006,700.000,90.000,100.000,58,-1.000,-1.000
1107,16.954764,16.668249,10,1,0,3,0.000,1,6681.182,707.667,6.000,6336.674,700.000,90.000,100.000,58,-1.000,-1.000
1108,16.382722,16.667887,10,1,0,3,0.000,1,6681.182,707.667,6.000,6344.009,700.000,90.000,100.000,58,-1.000,-1.000
1109,16.733520,16.668439,10,1,0,3,0.000,1,6681.182,707.667,6.000,6352.010,700.000,90.000,100.000,58,-1.000,-1.000
1110,16.752610,16.667888,10,1,0,3,0.000,1,6681.182,707.667,6.000,6360.677,700.000,90.000,100.000,58,-1.000,-1.000
1111,16.603576,16.668977,10,1,0,3,0.000,1,6681.182,707.667,6.000,6369.345,700.000,90.000,100.000,58,-1.000,-1.000
1112,16.973225,16.668699,10,1,0,3,0.000,1,6681.182,707.667,6.000,6378.013,700.000,90.000,100.000,58,-1.000,-1.000
1113,16.219008,16.667838,10,1,0,3,0.000,1,6681.182,707.667,6.000,6386.680,700.000,90.000,100.000,58,-1.000,-1.000
1114,16.658488,16.668698,10,1,0,3,0.000,1,6681.182,707.667,6.000,6395.348,700.000,90.000,100.000,58,-1.000,-1.000
1115,18.740473,16.667938,10,1,0,3,0.000,1,6681.182,707.667,6.000,6404.015,700.000,90.000,100.000,58,-1.000,-1.000
1116,14.862940,16.667489,10,1,0,3,0.000,1,6681.182,707.667,6.000,6412.683,700.000,90.000,100.000,58,-1.000,-1.000
1117,19.403666,16.667507,10,1,0,3,0.000,1,6681.182,707.667,6.000,6421.350,700.000,90.000,100.000,58,-1.000,-1.000
1118,13.727145,16.667089,10,1,0,3,0.000,1,6681.182,707.667,6.000,6430.016,700.000,90.000,100.000,58,-1.000,-1.000
1119,18.678151,16.667868,10,1,0,3,0.000,1,6681.182,707.667,6.000,6438.684,700.000,90.000,100.000,58,-1.000,-1.000
1120,18.876066,16.667588,10,1,0,3,0.000,1,6681.182,707.667,6.000,6447.351,700.000,90.000,100.000,58,-1.000,-1.000
1121,16.918733,16.668528,10,1,0,3,0.000,1,6681.182,707.667,6.000,6456.019,700.000,90.000,100.000,58,-1.000,-1.000
1122,12.668163,16.667218,10,1,0,3,0.000,1,6681.182,707.667,6.000,6464.686,700.000,90.000,100.000,58,-1.000,-1.000
1123,18.978058,16.668978,10,1,0,3,0.000,1,6681.182,707.667,6.000,6473.353,700.000,90.000,100.000,58,-1.000,-1.000
1124,14.371178,16.667308,10,1,0,3,0.000,1,6681.182,707.667,6.000,6482.020,700.000,90.000,100.000,58,-1.000,-1.000
1125,16.790501,16.668349,10,1,0,3,0.000,1,6681.182,707.667,6.000,6490.688,700.000,90.000,100.000,58,-1.000,-1.000
1126,19.505549,16.667217,10,1,0,3,0.000,1,6681.182,707.667,6.000,6499.355,700.000,90.000,100.000,58,-1.000,-1.000
1127,13.355957,16.668179,10,1,0,3,0.000,1,6681.182,707.667,6.000,6508.022,700.000,90.000,100.000,58,-1.000,-1.000
1128,16.463644,16.668247,10,1,0,3,0.000,1,6681.182,707.667,6.000,6516.690,700.000,90.000,100.000,58,-1.000,-1.000
1129,16.689828,16.668749,10,1,0,3,0.000,1,6681.182,707.667,6.000,6525.358,700.000,90.000,100.000,58,-1.000,-1.000
1130,16.642888,16.668748,10,1,0,3,0.000,1,6681.182,707.667,6.000,6534.025,700.000,90.000,100.000,58,-1.000,-1.000
1131,16.894233,16.667378,10,1,0,3,0.000,1,6681.182,707.667,6.000,6542.692,700.000,90.000,100.000,58,-1.000,-1.000
1132,16.626227,16.667588,10,1,0,3,0.000,1,6681.182,707.667,6.000,6551.360,700.000,90.000,100.000,58,-1.000,-1.000
1133,16.749040,16.667889,10,1,0,3,0.000,1,6681.182,707.667,6.000,6560.027,700.000,90.000,100.000,58,-1.000,-1.000
1134,21.013322,16.667737,10,1,0,3,0.000,1,6681.182,707.667,6.000,6568.694,700.000,90.000,100.000,58,-1.000,-1.000
1135,14.275236,16.667778,10,1,0,3,0.000,1,6681.182,707.667,6.000,6577.361,700.000,90.000,100.000,58,-1.000,-1.000
1136,14.706686,16.668639,10,1,0,3,0.000,1,6681.182,707.667,6.000,6586.029,700.000,90.000,100.000,58,-1.000,-1.000
1137,16.253139,16.668407,10,1,0,3,0.000,1,6681.182,707.667,6.000,6594.697,700.000,90.000,100.000,58,-1.000,-1.000
1138,16.807202,16.988405,10,1,0,3,0.000,1,6681.182,707.667,6.000,6603.531,700.000,90.000,100.000,58,-1.000,-1.000
1139,17.031756,16.668559,10,1,0,3,0.000,1,6681.182,707.667,6.000,6612.198,700.000,90.000,100.000,58,-1.000,-1.000
1140,19.664442,16.669028,10,1,0,3,0.000,1,6681.182,707.667,6.000,6620.866,700.000,90.000,100.000,58,-1.000,-1.000
1141,14.362649,16.667538,10,1,0,3,0.000,1,6681.182,707.667,6.000,6629.533,700.000,90.000,100.000,58,-1.000,-1.000
1142,16.031204,16.668258,10,1,0,3,0.000,1,6681.182,707.667,6.000,6638.201,700.000,90.000,100.000,58,-1.000,-1.000
1143,16.634498,16.667429,10,1,0,3,0.000,1,6681.182,707.667,6.000,6646.868,700.000,90.000,100.000,58,-1.000,-1.000
1144,17.051986,16.668317,10,1,0,3,0.000,1,6681.182,707.667,6.000,6655.535,700.000,90.000,100.000,58,-1.000,-1.000
1145,16.525935,16.667168,10,1,0,3,0.000,1,6681.182,707.667,6.000,6664.202,700.000,90.000,100.000,58,-1.000,-1.000
1146,16.874492,16.668249,10,1,0,3,0.000,1,6681.182,707.667,6.000,6672.870,700.000,90.000,100.000,58,-1.000,-1.000
1147,18.626171,16.668467,10,1,0,3,0.000,1,6681.182,707.667,6.000,6681.537,700.000,90.000,96.996,58,-1.000,-1.000
1148,14.575852,16.668269,10,1,0,3,0.000,1,6681.182,707.667,6.000,6690.205,700.000,90.000,96.996,58,-1.000,-1.000
1149,17.870464,16.669038,10,1,0,3,0.000,1,6681.182,707.667,6.000,6698.873,700.000,90.000,96.996,58,-1.000,-1.000
1150,16.427784,16.667088,10,1,0,3,0.000,1,6681.182,707.667,6.000,6707.540,700.000,90.000,96.996,58,-1.000,-1.000
1151,16.481024,16.667808,11,1,0,3,0.000,1,6681.182,707.667,6.000,6716.207,700.000,90.000,96.996,58,-1.000,-1.000
1152,16.488703,16.668239,11,1,0,3,0.000,1,6681.182,707.667,6.000,6770.000,700.000,90.000,96.996,58,-1.000,-1.000
1153,16.221020,16.668247,11,1,0,3,0.000,1,6681.182,707.667,6.000,6770.000,700.000,90.000,96.996,58,-1.000,-1.000
1154,16.488924,16.668719,11,1,0,3,0.000,1,6681.182,707.667,6.000,6770.000,700.000,90.000,96.996,58,-1.000,-1.000
1155,16.977524,16.667678,11,1,0,3,0.000,1,6681.182,707.667,6.000,6770.000,700.000,90.000,96.996,58,-1.000,-1.000
1156,16.826082,16.667957,11,1,0,3,0.000,1,6681.182,707.667,6.000,6770.000,700.000,90.000,96.996,58,-1.000,-1.000
1157,16.663158,16.667719,11,1,0,3,0.000,1,6681.182,707.667,6.000,6770.000,700.000,90.000,96.996,58,-1.000,-1.000
1158,16.476144,16.668378,11,1,0,3,0.000,1,6681.182,707.667,6.000,6770.000,700.000,90.000,96.996,58,-1.000,-1.000
1159,15.874961,16.667178,11,1,0,3,0.000,1,6681.182,707.667,6.000,6770.000,700.000,90.000,96.996,58,-1.000,-1.000
1160,16.568937,16.668968,11,1,0,3,0.000,1,6681.182,707.667,6.000,6770.000,700.000,90.000,96.996,58,-1.000,-1.000
1161,16.831450,16.667299,11,1,0,3,0.000,1,6681.182,707.667,6.000,6770.000,700.000,90.000,96.996,58,-1.000,-1.000
1162,17.314663,16.667257,11,1,0,3,0.000,1,6681.182,707.667,6.000,6770.000,700.000,90.000,93.996,58,-1.000,-1.000
1163,16.339811,16.669589,11,1,0,3,0.000,1,6681.182,707.667,6.000,6770.000,700.000,90.000,93.996,58,-1.000,-1.000
1164,17.447374,16.668788,11,1,0,3,0.000,1,6681.182,707.667,6.000,6770.000,700.000,90.000,93.996,58,-1.000,-1.000
1165,16.735400,16.669148,11,1,0,3,0.000,1,6681.182,707.667,6.000,6770.000,700.000,90.000,93.996,58,-1.000,-1.000
1166,16.505485,16.668458,11,1,0,3,0.000,1,6681.182,707.667,6.000,6770.000,700.000,90.000,93.996,58,-1.000,-1.000
1167,16.789780,16.669569,11,1,0,3,0.000,1,6681.182,707.667,6.000,6770.000,700.000,90.000,93.996,58,-1.000,-1.000
1168,15.441412,16.668087,11,1,0,3,0.000,1,6681.182,707.667,6.000,6770.000,700.000,90.000,93.996,58,-1.000,-1.000
1169,16.758031,16.667748,11,1,0,3,0.000,1,6681.182,707.667,6.000,6770.000,700.000,90.000,93.996,58,-1.000,-1.000
1170,16.806400,16.667839,11,1,0,3,0.000,1,6681.182,707.667,6.000,6770.000,700.000,90.000,93.996,58,-1.000,-1.000
1171,16.523695,16.667557,11,1,0,3,0.000,1,6681.182,707.667,6.000,6770.000,700.000,90.000,93.996,58,-1.000,-1.000
1172,16.810672,16.666999,11,1,0,3,0.000,1,6681.182,707.667,6.000,6770.000,700.000,90.000,93.996,58,-1.000,-1.000
1173,16.558995,16.667568,11,1,0,3,0.000,1,6681.182,707.667,6.000,6770.000,700.000,90.000,93.996,58,-1.000,-1.000
1174,16.695759,16.667508,11,1,0,3,0.000,1,6681.182,707.667,6.000,6770.000,700.000,90.000,93.996,58,-1.000,-1.000
1175,16.617237,16.667378,11,1,0,3,0.000,1,6681.182,707.667,6.000,6770.000,700.000,90.000,93.996,58,-1.000,-1.000
1176,16.771120,16.667189,11,1,0,3,0.000,1,6681.182,707.667,6.000,6770.000,700.000,90.000,93.996,58,-1.000,-1.000
1177,17.042466,16.666987,11,1,0,3,0.000,1,6681.182,707.667,6.000,6770.000,700.000,90.000,90.995,58,-1.000,-1.000
1178,15.892392,16.668058,11,1,0,3,0.000,1,6681.182,707.667,6.000,6770.000,700.000,90.000,90.995,58,-1.000,-1.000
1179,16.353522,16.668169,11,1,0,3,0.000,1,6681.182,707.667,6.000,6770.000,700.000,90.000,90.995,58,-1.000,-1.000
1180,17.621828,16.667547,11,1,0,3,0.000,1,6681.182,707.667,6.000,6770.000,700.000,90.000,90.995,58,-1.000,-1.000
1181,16.798441,16.668679,11,1,0,3,0.000,1,6681.182,707.667,6.000,6770.000,700.000,90.000,90.995,58,-1.000,-1.000
1182,17.962766,16.668108,11,1,0,3,0.000,1,6681.182,707.667,6.000,6770.000,700.000,90.000,90.995,58,-1.000,-1.000
1183,16.369041,16.668378,11,1,0,3,0.000,1,6681.182,707.667,6.000,6770.000,700.000,90.000,90.995,58,-1.000,-1.000
1184,15.662777,16.669008,11,1,0,3,0.000,1,6681.182,707.667,6.000,6770.000,700.000,90.000,90.995,58,-1.000,-1.000
1185,17.862244,17.006906,11,1,0,3,0.000,1,6681.182,707.667,6.000,6770.000,700.000,90.000,90.995,58,-1.000,-1.000
1186,15.113214,16.668288,11,1,0,3,0.000,1,6681.182,707.667,6.000,6770.000,700.000,90.000,90.995,58,-1.000,-1.000
1187,16.692239,16.667317,11,1,0,3,0.000,1,6681.182,707.667,6.000,6770.000,700.000,90.000,90.995,58,-1.000,-1.000
1188,16.623637,16.668949,11,1,0,3,0.000,1,6681.182,707.667,6.000,6770.000,700.000,90.000,90.995,58,-1.000,-1.000
1189,21.083243,16.668748,11,1,0,3,0.000,1,6681.182,707.667,6.000,6770.000,700.000,90.000,90.995,58,-1.000,-1.000
1190,12.328495,16.667508,11,1,0,3,0.000,1,6681.182,707.667,6.000,6770.000,700.000,90.000,90.995,58,-1.000,-1.000
1191,16.605117,16.667458,11,1,0,3,0.000,1,6681.182,707.667,6.000,6770.000,700.000,90.000,90.995,58,-1.000,-1.000
1192,21.229076,16.667549,11,1,0,3,0.000,1,6681.182,707.667,6.000,6770.000,700.000,90.000,87.991,58,-1.000,-1.000
1193,22.941672,16.668337,12,1,0,3,0.000,1,6681.182,707.667,6.000,6770.000,700.000,90.000,87.991,58,100.000,70.000
1194,12.162513,16.667209,12,1,0,3,0.000,1,6681.182,707.667,6.000,6770.000,700.000,90.000,87.991,58,100.000,70.000
1195,11.535237,16.668848,12,1,0,3,0.000,1,6681.182,707.667,6.000,6770.000,700.000,90.000,87.991,58,100.000,70.000
1196,17.431585,16.668367,12,1,0,3,0.000,1,6681.182,707.667,6.000,6770.000,700.000,90.000,87.991,58,100.000,70.000
1197,16.506034,16.668539,12,1,0,3,0.000,1,6681.182,707.667,6.000,6770.000,700.000,90.000,87.991,58,100.000,70.000
1198,17.047766,16.667357,12,1,0,3,0.000,1,6681.182,707.667,6.000,6770.000,700.000,90.000,87.991,58,100.000,70.000
1199,16.178958,16.667269,12,1,0,3,0.000,1,6681.182,707.667,6.000,6770.000,700.000,90.000,87.991,58,100.000,70.000
1200,16.421583,16.669068,12,1,0,3,0.000,1,6681.182,707.667,6.000,6770.000,700.000,90.000,87.991,58,100.000,70.000
1201,16.511404,16.667168,12,1,0,3,0.000,1,6681.182,707.667,6.000,6770.000,700.000,90.000,87.991,58,100.000,70.000
1202,16.585367,16.669058,12,1,0,3,0.000,1,6681.182,707.667,6.000,6770.000,700.000,90.000,87.991,58,100.000,70.000
1203,17.086237,16.668949,12,1,0,3,0.000,1,6681.182,707.667,6.000,6770.000,700.000,90.000,87.991,58,100.000,70.000
1204,16.333981,16.668697,12,1,0,3,0.000,1,6681.182,707.667,6.000,6770.000,700.000,90.000,87.991,58,100.000,70.000
1205,16.654648,16.667588,12,1,0,3,0.000,1,6681.182,707.667,6.000,6770.000,700.000,90.000,87.991,58,100.000,70.000
1206,16.656437,16.668119,12,1,0,3,0.000,1,6681.182,707.667,6.000,6770.000,700.000,90.000,87.991,58,100.000,70.000
1207,17.424435,16.668907,12,1,0,3,0.000,1,6681.182,707.667,6.000,6770.000,700.000,90.000,84.991,58,100.000,70.000
1208,16.297980,16.667709,12,1,0,3,0.000,1,6681.182,707.667,6.000,6770.000,700.000,90.000,84.991,58,97.000,67.000
1209,16.360202,16.667228,12,1,0,3,0.000,1,6681.182,707.667,6.000,6770.000,700.000,90.000,84.991,58,97.000,67.000
1210,16.008784,16.667428,12,1,0,3,0.000,1,6681.182,707.667,6.000,6770.000,700.000,90.000,84.991,58,97.000,67.000
1211,16.899952,16.668508,12,1,0,3,0.000,1,6681.182,707.667,6.000,6770.000,700.000,90.000,84.991,58,97.000,67.000
1212,16.692599,16.669409,12,1,0,3,0.000,1,6681.182,707.667,6.000,6770.000,700.000,90.000,84.991,58,97.000,67.000
1213,16.045425,16.667497,12,1,0,3,0.000,1,6681.182,707.667,6.000,6770.000,700.000,90.000,84.991,58,97.000,67.000
1214,16.395333,16.667978,12,1,0,3,0.000,1,6681.182,707.667,6.000,6770.000,700.000,90.000,84.991,58,97.000,67.000
1215,16.550835,16.667829,12,1,0,3,0.000,1,6681.182,707.667,6.000,6770.000,700.000,90.000,84.991,58,97.000,67.000
1216,18.991258,16.667667,12,1,0,3,0.000,1,6681.182,707.667,6.000,6770.000,700.000,90.000,84.991,58,97.000,67.000
1217,15.846750,16.667749,12,1,0,3,0.000,1,6681.182,707.667,6.000,6770.000,700.000,90.000,84.991,58,97.000,67.000
1218,15.094665,16.667738,12,1,0,3,0.000,1,6681.182,707.667,6.000,6770.000,700.000,90.000,84.991,58,97.000,67.000
1219,16.438542,16.667078,12,1,0,3,0.000,1,6681.182,707.667,6.000,6770.000,700.000,90.000,84.991,58,97.000,67.000
1220,16.692959,16.668278,12,1,0,3,0.000,1,6681.182,707.667,6.000,6770.000,700.000,90.000,84.991,58,97.000,67.000
1221,16.855062,16.667299,12,1,0,3,0.000,1,6681.182,707.667,6.000,6770.000,700.000,90.000,84.991,58,97.000,67.000
1222,17.159159,16.667257,12,1,0,3,0.000,1,6681.182,707.667,6.000,6770.000,700.000,90.000,81.991,58,97.000,67.000
1223,16.576177,16.668338,12,1,0,3,0.000,1,6681.182,707.667,6.000,6770.000,700.000,90.000,81.991,58,94.000,64.000
1224,17.745480,16.667539,12,1,0,3,0.000,1,6681.182,707.667,6.000,6770.000,700.000,90.000,81.991,58,94.000,64.000
1225,15.313060,16.667937,12,1,0,3,0.000,1,6681.182,707.667,6.000,6770.000,700.000,90.000,81.991,58,94.000,64.000
1226,16.621996,16.668179,12,1,0,3,0.000,1,6681.182,707.667,6.000,6770.000,700.000,90.000,81.991,58,94.000,64.000
1227,16.759191,16.667438,12,1,0,3,0.000,1,6681.182,707.667,6.000,6770.000,700.000,90.000,81.991,58,94.000,64.000
1228,16.631417,16.667798,12,1,0,3,0.000,1,6681.182,707.667,6.000,6770.000,700.000,90.000,81.991,58,94.000,64.000
1229,16.517425,16.667068,12,1,0,3,0.000,1,6681.182,707.667,6.000,6770.000,700.000,90.000,81.991,58,94.000,64.000
1230,17.911985,16.668888,12,1,0,3,0.000,1,6681.182,707.667,6.000,6770.000,700.000,90.000,81.991,58,94.000,64.000
1231,16.548936,16.667438,12,1,0,3,0.000,1,6681.182,707.667,6.000,6770.000,700.000,90.000,81.991,58,94.000,64.000
1232,17.329912,16.669078,12,1,0,3,0.000,1,6681.182,707.667,6.000,6770.000,700.000,90.000,81.991,58,94.000,64.000
1233,18.012747,16.667639,12,1,0,3,0.000,1,6681.182,707.667,6.000,6770.000,700.000,90.000,81.991,58,94.000,64.000
1234,14.710586,16.669317,12,1,0,3,0.000,1,6681.182,707.667,6.000,6770.000,700.000,90.000,81.991,58,94.000,64.000
1235,16.770670,16.668689,12,1,0,3,0.000,1,6681.182,707.667,6.000,6770.000,700.000,90.000,81.991,58,94.000,64.000
1236,16.156427,16.667568,12,1,0,3,0.000,1,6681.182,707.667,6.000,6770.000,700.000,90.000,81.991,58,94.000,64.000
1237,16.839561,16.667498,12,1,0,3,0.000,1,6681.182,707.667,6.000,6770.000,700.000,90.000,78.990,58,94.000,64.000
1238,16.698149,16.668098,12,1,0,3,0.000,1,6681.182,707.667,6.000,6770.000,700.000,90.000,78.990,58,90.999,60.999
1239,16.301980,16.667438,12,1,0,3,0.000,1,6681.182,707.667,6.000,6770.000,700.000,90.000,78.990,58,90.999,60.999
1240,16.390413,16.668848,12,1,0,3,0.000,1,6681.182,707.667,6.000,6770.000,700.000,90.000,78.990,58,90.999,60.999
1241,16.899953,16.667958,12,1,0,3,0.000,1,6681.182,707.667,6.000,6770.000,700.000,90.000,78.990,58,90.999,60.999
1242,17.148839,16.667429,12,1,0,3,0.000,1,6681.182,707.667,6.000,6770.000,700.000,90.000,78.990,58,90.999,60.999
1243,16.063675,16.667547,12,1,0,3,0.000,1,6681.182,707.667,6.000,6770.000,700.000,90.000,78.990,58,90.999,60.999
1244,16.719789,16.667689,12,1,0,3,0.000,1,6681.182,707.667,6.000,6770.000,700.000,90.000,78.990,58,90.999,60.999
1245,16.630847,16.667958,12,1,0,3,0.000,1,6681.182,707.667,6.000,6770.000,700.000,90.000,78.990,58,90.999,60.999
1246,16.615227,16.668798,12,1,0,3,0.000,1,6681.182,707.667,6.000,6770.000,700.000,90.000,78.990,58,90.999,60.999
1247,17.594438,16.667648,12,1,0,3,0.000,1,6681.182,707.667,6.000,6770.000,700.000,90.000,78.990,58,90.999,60.999
1248,17.522617,16.667618,12,1,0,3,0.000,1,6681.182,707.667,6.000,6770.000,700.000,90.000,78.990,58,90.999,60.999
1249,17.282351,16.667558,12,1,0,3,0.000,1,6681.182,707.667,6.000,6770.000,700.000,90.000,78.990,58,90.999,60.999
1250,16.255110,16.667298,12,1,0,3,0.000,1,6681.182,707.667,6.000,6770.000,700.000,90.000,78.990,58,90.999,60.999
1251,16.787469,16.667799,12,1,0,3,0.000,1,6681.182,707.667,6.000,6770.000,700.000,90.000,78.990,58,90.999,60.999
1252,16.544806,16.667247,12,1,0,3,0.000,1,6681.182,707.667,6.000,6770.000,700.000,90.000,75.990,58,90.999,60.999
1253,17.256321,16.692769,12,1,0,3,0.000,1,6681.182,707.667,6.000,6770.000,700.000,90.000,75.990,58,87.999,57.999
1254,14.224175,16.668088,12,1,0,3,0.000,1,6681.182,707.667,6.000,6770.000,700.000,90.000,75.990,58,87.999,57.999
1255,16.686329,16.667578,12,1,0,3,0.000,1,6681.182,707.667,6.000,6770.000,700.000,90.000,75.990,58,87.999,57.999
1256,17.194559,16.667668,12,1,0,3,0.000,1,6681.182,707.667,6.000,6770.000,700.000,90.000,75.990,58,87.999,57.999
1257,18.655831,16.668359,12,1,0,3,0.000,1,6681.182,707.667,6.000,6770.000,700.000,90.000,75.990,58,87.999,57.999
1258,16.291570,16.668907,12,1,0,3,0.000,1,6681.182,707.667,6.000,6770.000,700.000,90.000,75.990,58,87.999,57.999
1259,16.966285,16.667899,12,1,0,3,0.000,1,6681.182,707.667,6.000,6770.000,700.000,90.000,75.990,58,87.999,57.999
1260,16.553776,16.667648,12,1,0,3,0.000,1,6681.182,707.667,6.000,6770.000,700.000,90.000,75.990,58,87.999,57.999
1261,16.843921,16.667227,12,1,0,3,0.000,1,6681.182,707.667,6.000,6770.000,700.000,90.000,75.990,58,87.999,57.999
1262,14.064753,16.667399,12,1,0,3,0.000,1,6681.182,707.667,6.000,6770.000,700.000,90.000,75.990,58,87.999,57.999
1263,16.976705,16.668808,12,1,0,3,0.000,1,6681.182,707.667,6.000,6770.000,700.000,90.000,75.990,58,87.999,57.999
1264,16.503624,16.667768,12,1,0,3,0.000,1,6681.182,707.667,6.000,6770.000,700.000,90.000,75.990,58,87.999,57.999
1265,17.006105,16.667618,12,1,0,3,0.000,1,6681.182,707.667,6.000,6770.000,700.000,90.000,75.990,58,87.999,57.999
1266,16.299750,16.668489,12,1,0,3,0.000,1,6681.182,707.667,6.000,6770.000,700.000,90.000,75.990,58,87.999,57.999
1267,17.527267,16.668567,12,1,0,3,0.000,1,6681.182,707.667,6.000,6770.000,700.000,90.000,72.990,58,87.999,57.999
1268,18.429246,16.667608,12,1,0,3,0.000,1,6681.182,707.667,6.000,6770.000,700.000,90.000,72.990,58,84.999,54.999
1269,14.262466,16.668649,12,1,0,3,0.000,1,6681.182,707.667,6.000,6770.000,700.000,90.000,72.990,58,84.999,54.999
1270,17.109798,16.668957,12,1,0,3,0.000,1,6681.182,707.667,6.000,6770.000,700.000,90.000,72.990,58,84.999,54.999
1271,19.245253,16.668399,12,1,0,3,0.000,1,6681.182,707.667,6.000,6770.000,700.000,90.000,72.990,58,84.999,54.999
1272,13.591432,16.667927,12,1,0,3,0.000,1,6681.182,707.667,6.000,6770.000,700.000,90.000,72.990,58,84.999,54.999
1273,16.179508,16.668159,12,1,0,3,0.000,1,6681.182,707.667,6.000,6770.000,700.000,90.000,72.990,58,84.999,54.999
1274,18.310963,16.667558,12,1,0,3,0.000,1,6681.182,707.667,6.000,6770.000,700.000,90.000,72.990,58,84.999,54.999
1275,17.723131,16.668928,12,1,0,3,0.000,1,6681.182,707.667,6.000,6770.000,700.000,90.000,72.990,58,84.999,54.999
1276,16.755210,16.668228,12,1,0,3,0.000,1,6681.182,707.667,6.000,6770.000,700.000,90.000,72.990,58,84.999,54.999
1277,16.833851,16.668368,12,1,0,3,0.000,1,6681.182,707.667,6.000,6770.000,700.000,90.000,72.990,58,84.999,54.999
1278,16.490405,16.667738,12,1,0,3,0.000,1,6681.182,707.667,6.000,6770.000,700.000,90.000,72.990,58,84.999,54.999
1279,16.872913,16.668058,12,1,0,3,0.000,1,6681.182,707.667,6.000,6770.000,700.000,90.000,72.990,58,84.999,54.999
1280,16.297560,16.668039,12,1,0,3,0.000,1,6681.182,707.667,6.000,6770.000,700.000,90.000,72.990,58,84.999,54.999
1281,15.760909,16.667887,12,1,0,3,0.000,1,6681.182,707.667,6.000,6770.000,700.000,90.000,72.990,58,84.999,54.999
1282,18.317183,16.667749,12,1,0,3,0.000,1,6681.182,707.667,6.000,6770.000,700.000,90.000,69.989,58,84.999,54.999
1283,16.250849,16.668678,28,1,0,3,0.000,1,6681.182,707.667,6.000,6770.000,700.000,90.000,69.989,58,81.998,51.998
1284,172.879384,16.667358,28,1,0,3,0.000,1,6681.182,707.667,6.000,6770.000,700.000,90.000,69.989,58,81.998,51.998
1285,7.381098,162.742026,28,1,0,3,0.000,1,6681.182,707.667,6.000,6770.000,700.000,90.000,69.989,58,81.998,51.998
1286,12.143761,16.667659,28,1,0,3,0.000,1,6681.182,707.667,6.000,6770.000,700.000,90.000,69.989,58,81.998,51.998
1287,16.611167,16.667477,28,1,0,3,0.000,1,6681.182,707.667,6.000,6770.000,700.000,90.000,69.989,58,81.998,51.998
1288,17.702511,16.667168,28,1,0,3,0.000,1,6681.182,707.667,6.000,6770.000,700.000,90.000,69.989,58,81.998,51.998
1289,17.168729,16.667739,28,1,0,3,0.000,1,6681.182,707.667,6.000,6770.000,700.000,90.000,66.836,58,81.998,51.998
1290,16.158026,16.667517,28,1,0,3,0.000,1,6681.182,707.667,6.000,6770.000,700.000,90.000,66.836,58,78.845,48.845
1291,16.181108,16.668379,28,1,0,3,0.000,1,6681.182,707.667,6.000,6770.000,700.000,90.000,66.836,58,78.845,48.845
1292,16.811871,16.667698,28,1,0,3,0.000,1,6681.182,707.667,6.000,6770.000,700.000,90.000,66.836,58,78.845,48.845
1293,16.810022,16.667328,28,1,0,3,0.000,1,6681.182,707.667,6.000,6770.000,700.000,90.000,66.836,58,78.845,48.845
1294,16.668628,16.667348,28,1,0,3,0.000,1,6681.182,707.667,6.000,6770.000,700.000,90.000,66.836,58,78.845,48.845
1295,16.556145,16.666968,28,1,0,3,0.000,1,6681.182,707.667,6.000,6770.000,700.000,90.000,66.836,58,78.845,48.845
1296,17.317692,16.667588,28,1,0,3,0.000,1,6681.182,707.667,6.000,6770.000,700.000,90.000,66.836,58,78.845,48.845
1297,18.178721,16.668288,28,1,0,3,0.000,1,6681.182,707.667,6.000,6770.000,700.000,90.000,66.836,58,78.845,48.845
1298,20.289656,16.677219,28,1,0,3,0.000,1,6681.182,707.667,6.000,6770.000,700.000,90.000,66.836,58,78.845,48.845
1299,15.875091,16.690728,28,1,0,3,0.000,1,6681.182,707.667,6.000,6770.000,700.000,90.000,66.836,58,78.845,48.845
1300,13.253975,16.702689,28,1,0,3,0.000,1,6681.182,707.667,6.000,6770.000,700.000,90.000,66.836,58,78.845,48.845
1301,16.591237,16.688199,28,1,0,3,0.000,1,6681.182,707.667,6.000,6770.000,700.000,90.000,66.836,58,78.845,48.845
1302,16.656487,16.677757,28,1,0,3,0.000,1,6681.182,707.667,6.000,6770.000,700.000,90.000,66.836,58,78.845,48.845
1303,16.638408,16.668939,28,1,0,3,0.000,1,6681.182,707.667,6.000,6770.000,700.000,90.000,66.836,58,78.845,48.845
1304,18.254982,16.668308,28,1,0,3,0.000,1,6681.182,707.667,6.000,6770.000,700.000,90.000,63.835,58,78.845,48.845
1305,15.025022,16.667648,13,1,0,3,0.000,1,6681.182,707.667,6.000,6770.000,700.000,90.000,63.835,58,75.844,45.844
1306,17.223870,16.667378,13,1,0,3,0.000,1,6681.182,707.667,6.000,6140.000,390.000,90.000,63.835,58,75.844,45.844
1307,17.276642,16.729290,13,1,0,3,0.000,1,6681.182,707.667,6.000,6140.000,390.000,90.000,63.835,58,75.844,45.844
1308,15.319039,16.683669,13,1,0,3,0.000,1,6681.182,707.667,6.000,6140.000,390.000,90.000,63.835,58,75.844,45.844
1309,16.976174,16.667627,13,1,0,3,0.000,1,6681.182,707.667,6.000,6140.000,390.000,90.000,63.835,58,75.844,45.844
1310,16.605477,16.677369,13,1,0,3,0.000,1,6681.182,707.667,6.000,6140.000,390.000,90.000,63.835,58,75.844,45.844
1311,18.214942,16.668478,13,1,0,3,0.000,1,6681.182,707.667,6.000,6140.000,390.000,90.000,63.835,58,75.844,45.844
1312,16.049055,16.668037,13,1,0,3,0.000,1,6681.182,707.667,6.000,6140.000,390.000,90.000,63.835,58,75.844,45.844
1313,18.022847,16.724170,13,1,0,3,0.000,1,6681.182,707.667,6.000,6140.000,390.000,90.000,63.835,58,75.844,45.844
1314,15.457021,16.684019,13,1,0,3,0.000,1,6681.182,707.667,6.000,6140.000,390.000,90.000,63.835,58,75.844,45.844
1315,16.702859,16.670687,13,1,0,3,0.000,1,6681.182,707.667,6.000,6140.000,390.000,90.000,63.835,58,75.844,45.844
1316,17.239331,16.667839,13,1,0,3,0.000,1,6681.182,707.667,6.000,6140.000,390.000,90.000,63.835,58,75.844,45.844
1317,16.732359,16.668288,13,1,0,3,0.000,1,6681.182,707.667,6.000,6140.000,390.000,90.000,63.835,58,75.844,45.844
1318,16.891093,16.667588,13,1,0,3,0.000,1,6681.182,707.667,6.000,6140.000,390.000,90.000,63.835,58,75.844,45.844
1319,16.955885,16.716489,13,1,0,3,0.000,1,6681.182,707.667,6.000,6140.000,390.000,90.000,63.835,58,75.844,45.844
1320,16.818881,16.668528,13,1,0,3,0.000,1,6681.182,707.667,6.000,6140.000,390.000,90.000,63.835,58,72.841,42.841
1321,17.524246,16.668958,13,1,0,3,0.000,1,6681.182,707.667,6.000,6140.000,390.000,90.000,63.835,58,72.841,42.841
1322,16.136387,16.668588,13,1,0,3,0.000,1,6681.182,707.667,6.000,6140.000,390.000,90.000,63.835,58,72.841,42.841
1323,14.505762,16.667619,13,1,0,3,0.000,1,6681.182,707.667,6.000,6140.000,390.000,90.000,63.835,58,72.841,42.841
1324,16.861692,16.667287,13,1,0,3,0.000,1,6681.182,707.667,6.000,6140.000,390.000,90.000,63.835,58,72.841,42.841
1325,17.603648,16.682249,13,1,0,3,0.000,1,6681.182,707.667,6.000,6140.000,390.000,90.000,63.835,58,72.841,42.841
1326,15.670257,16.667248,13,1,0,3,0.000,1,6681.182,707.667,6.000,6140.000,390.000,90.000,63.835,58,72.841,42.841
1327,16.142926,16.668498,13,1,0,3,0.000,1,6681.182,707.667,6.000,6140.000,390.000,90.000,63.835,58,72.841,42.841
1328,16.630248,16.668808,13,1,0,3,0.000,1,6681.182,707.667,6.000,6140.000,390.000,90.000,63.835,58,72.841,42.841
1329,17.029216,16.668759,13,1,0,3,0.000,1,6681.182,707.667,6.000,6140.000,390.000,90.000,63.835,58,72.841,42.841
1330,16.187577,16.668507,13,1,0,3,0.000,1,6681.182,707.667,6.000,6140.000,390.000,90.000,63.835,58,72.841,42.841
1331,17.001706,16.668858,13,1,0,3,0.000,1,6681.182,707.667,6.000,6140.000,390.000,90.000,63.835,58,72.841,42.841
1332,17.265030,16.668269,13,1,0,3,0.000,1,6681.182,707.667,6.000,6140.000,390.000,90.000,63.835,58,72.841,42.841
1333,16.242239,16.669017,13,1,0,3,0.000,1,6681.182,707.667,6.000,6140.000,390.000,90.000,63.835,58,72.841,42.841
1334,16.645318,16.703899,13,1,0,3,0.000,1,6681.182,707.667,6.000,6140.000,390.000,90.000,63.835,58,72.841,42.841
1335,17.121068,16.707180,14,1,0,3,0.000,1,6681.182,707.667,6.000,6140.000,390.000,90.000,63.835,58,69.840,39.840
1336,17.717841,16.668017,14,0,0,4,0.000,1,6681.182,707.667,6.000,6140.000,390.000,90.000,63.835,58,69.840,39.840
1337,16.102876,16.668049,14,0,0,4,0.000,1,6681.182,707.667,6.000,6140.000,390.000,90.000,63.835,58,69.840,39.840
1338,15.948082,16.676358,14,0,0,4,0.000,1,6681.182,707.667,6.000,6140.000,390.000,90.000,63.835,58,69.840,39.840
1339,15.290658,16.667408,14,0,0,4,0.000,1,6681.182,707.667,6.000,6140.000,390.000,90.000,63.835,58,69.840,39.840
1340,15.786610,16.667428,14,0,0,4,0.000,1,6681.182,707.667,6.000,6140.000,390.000,90.000,63.835,58,69.840,39.840
1341,16.388171,16.667028,15,0,0,4,0.000,1,6681.182,707.667,6.000,6140.000,390.000,90.000,63.835,58,69.840,39.840
1342,17.753092,16.666958,15,0,0,4,0.000,1,6681.182,707.667,6.000,6770.000,700.000,90.000,63.835,58,69.840,39.840
1343,16.494014,16.668258,15,0,0,4,0.000,1,6681.182,707.667,6.000,6770.000,700.000,90.000,63.835,58,69.840,39.840
1344,16.353552,16.668339,15,0,0,4,0.000,1,6681.182,707.667,6.000,6770.000,700.000,90.000,63.835,58,69.840,39.840
1345,18.312913,16.668607,15,0,0,4,0.000,1,6681.182,707.667,6.000,6770.000,700.000,90.000,63.835,58,69.840,39.840
1346,16.809601,16.668969,15,0,0,4,0.000,1,6681.182,707.667,6.000,6770.000,700.000,90.000,63.835,58,69.840,39.840
1347,17.046477,16.668898,15,0,0,4,0.000,1,6681.182,707.667,6.000,6770.000,700.000,90.000,63.835,58,69.840,39.840
1348,15.741288,16.668637,15,0,0,4,0.000,1,6681.182,707.667,6.000,6770.000,700.000,90.000,63.835,58,69.840,39.840
1349,17.199089,16.667899,15,0,0,4,0.000,1,6681.182,707.667,6.000,6770.000,700.000,90.000,63.835,58,69.840,39.840
1350,16.487904,16.668888,15,0,0,4,0.000,1,6681.182,707.667,6.000,6770.000,700.000,90.000,63.835,58,69.840,39.840
1351,16.888183,16.667768,15,0,0,4,0.000,1,6681.182,707.667,6.000,6770.000,700.000,90.000,63.835,58,69.840,39.840
1352,16.222768,16.667958,15,0,0,4,0.000,1,6681.182,707.667,6.000,6770.000,700.000,90.000,63.835,58,69.840,39.840
1353,16.496985,16.668209,15,0,0,4,0.000,1,6681.182,707.667,6.000,6770.000,700.000,90.000,63.835,58,69.840,39.840
1354,19.500879,16.668157,15,0,0,4,0.000,1,6681.182,707.667,6.000,6770.000,700.000,90.000,63.835,58,69.840,39.840
1355,18.035657,16.667188,15,0,0,4,0.000,1,6681.182,707.667,6.000,6770.000,700.000,90.000,63.835,58,69.840,39.840
1356,12.585411,16.667069,15,0,0,4,0.000,1,6681.182,707.667,6.000,6770.000,700.000,90.000,63.835,58,69.840,39.840
1357,16.571626,16.667517,15,0,0,4,0.000,1,6681.182,707.667,6.000,6770.000,700.000,90.000,63.835,58,69.840,39.840
1358,19.690113,16.668969,15,0,0,4,0.000,1,6681.182,707.667,6.000,6770.000,700.000,90.000,63.835,58,69.840,39.840
1359,13.754825,16.667438,15,0,0,4,0.000,1,6681.182,707.667,6.000,6770.000,700.000,90.000,63.835,58,69.840,39.840
1360,16.123667,16.668427,15,0,0,4,0.000,1,6681.182,707.667,6.000,6770.000,700.000,90.000,63.835,58,69.840,39.840
1361,16.903013,16.669009,15,0,0,4,0.000,1,6681.182,707.667,6.000,6770.000,700.000,90.000,63.835,58,69.840,39.840
1362,16.836252,16.667387,15,0,0,4,0.000,1,6681.182,707.667,6.000,6770.000,700.000,90.000,63.835,58,69.840,39.840
1363,16.435002,16.668959,15,0,0,4,0.000,1,6681.182,707.667,6.000,6770.000,700.000,90.000,63.835,58,69.840,39.840
1364,16.824962,16.667758,15,0,0,4,0.000,1,6681.182,707.667,6.000,6770.000,700.000,90.000,63.835,58,69.840,39.840
1365,16.622688,16.667918,15,0,0,4,0.000,1,6681.182,707.667,6.000,6770.000,700.000,90.000,63.835,58,69.840,39.840
1366,16.404112,16.667628,15,0,0,4,0.000,1,6681.182,707.667,6.000,6770.000,700.000,90.000,63.835,58,69.840,39.840
1367,16.951424,16.668158,15,0,0,4,0.000,1,6681.182,707.667,6.000,6770.000,700.000,90.000,63.835,58,69.840,39.840
1368,19.402916,16.667678,15,0,0,4,0.000,1,6681.182,707.667,6.000,6770.000,700.000,90.000,63.835,58,69.840,39.840
1369,13.968200,16.668568,15,0,0,4,0.000,1,6681.182,707.667,6.000,6770.000,700.000,90.000,63.835,58,69.840,39.840
1370,18.487328,16.667859,15,0,0,4,0.000,1,6681.182,707.667,6.000,6770.000,700.000,90.000,63.835,58,69.840,39.840
1371,14.921981,16.668917,15,0,0,4,0.000,1,6681.182,707.667,6.000,6770.000,700.000,90.000,63.835,58,69.840,39.840
1372,16.411572,16.668628,15,0,0,4,0.000,1,6681.182,707.667,6.000,6770.000,700.000,90.000,63.835,58,69.840,39.840
1373,18.082498,16.668859,15,0,0,4,0.000,1,6681.182,707.667,6.000,6770.000,700.000,90.000,63.835,58,69.840,39.840
1374,15.481303,16.667287,15,0,0,4,0.000,1,6681.182,707.667,6.000,6770.000,700.000,90.000,63.835,58,69.840,39.840
1375,19.830937,16.667539,15,0,0,4,0.000,1,6681.182,707.667,6.000,6770.000,700.000,90.000,63.835,58,69.840,39.840
1376,13.464928,16.668688,15,0,0,4,0.000,1,6681.182,707.667,6.000,6770.000,700.000,90.000,63.835,58,69.840,39.840
1377,16.811172,16.667838,15,0,0,4,0.000,1,6681.182,707.667,6.000,6770.000,700.000,90.000,63.835,58,69.840,39.840
1378,16.816921,16.667648,15,0,0,4,0.000,1,6681.182,707.667,6.000,6770.000,700.000,90.000,63.835,58,69.840,39.840
1379,16.577256,16.669068,15,0,0,4,0.000,1,6681.182,707.667,6.000,6770.000,700.000,90.000,63.835,58,69.840,39.840
1380,16.629287,16.668518,15,0,0,4,0.000,1,6681.182,707.667,6.000,6770.000,700.000,90.000,63.835,58,69.840,39.840
1381,16.616837,16.669148,15,0,0,4,0.000,1,6681.182,707.667,6.000,6770.000,700.000,90.000,63.835,58,69.840,39.840
1382,16.476014,16.669099,15,0,0,4,0.000,1,6681.182,707.667,6.000,6770.000,700.000,90.000,63.835,58,69.840,39.840
1383,16.716550,16.668457,15,0,0,4,0.000,1,6681.182,707.667,6.000,6770.000,700.000,90.000,63.835,58,69.840,39.840
1384,16.823640,16.669229,15,0,0,4,0.000,1,6681.182,707.667,6.000,6770.000,700.000,90.000,63.835,58,69.840,39.840
1385,16.557226,16.668988,15,0,0,4,0.000,1,6681.182,707.667,6.000,6770.000,700.000,90.000,63.835,58,69.840,39.840
1386,18.706853,16.667978,15,0,0,4,0.000,1,6681.182,707.667,6.000,6770.000,700.000,90.000,63.835,58,69.840,39.840
1387,17.133418,16.667148,15,0,0,4,0.000,1,6681.182,707.667,6.000,6770.000,700.000,90.000,63.835,58,69.840,39.840
1388,16.540284,16.667288,15,0,0,4,0.000,1,6681.182,707.667,6.000,6770.000,700.000,90.000,63.835,58,69.840,39.840
1389,16.123358,16.668518,15,0,0,4,0.000,1,6681.182,707.667,6.000,6770.000,700.000,90.000,63.835,58,69.840,39.840
1390,16.320270,16.668608,15,0,0,4,0.000,1,6681.182,707.667,6.000,6770.000,700.000,90.000,63.835,58,69.840,39.840
1391,18.817064,16.668148,15,0,0,4,0.000,1,6681.182,707.667,6.000,6770.000,700.000,90.000,63.835,58,69.840,39.840
1392,15.637496,16.668288,15,0,0,4,0.000,1,6681.182,707.667,6.000,6770.000,700.000,90.000,63.835,58,69.840,39.840
1393,16.370532,16.668938,15,0,0,4,0.000,1,6681.182,707.667,6.000,6770.000,700.000,90.000,63.835,58,69.840,39.840
1394,14.427259,16.668429,15,0,0,4,0.000,1,6681.182,707.667,6.000,6770.000,700.000,90.000,63.835,58,69.840,39.840
1395,16.626168,16.668437,15,0,0,4,0.000,1,6681.182,707.667,6.000,6770.000,700.000,90.000,63.835,58,69.840,39.840
1396,18.658700,16.667859,15,0,0,4,0.000,1,6681.182,707.667,6.000,6770.000,700.000,90.000,63.835,58,69.840,39.840
1397,14.675816,16.667258,15,0,0,4,0.000,1,6681.182,707.667,6.000,6770.000,700.000,90.000,63.835,58,69.840,39.840
1398,16.638638,16.667888,15,0,0,4,0.000,1,6681.182,707.667,6.000,6770.000,700.000,90.000,63.835,58,69.840,39.840
1399,18.700571,16.668788,15,0,0,4,0.000,1,6681.182,707.667,6.000,6770.000,700.000,90.000,63.835,58,69.840,39.840
1400,18.141779,16.668128,15,0,0,4,0.000,1,6681.182,707.667,6.000,6770.000,700.000,90.000,63.835,58,69.840,39.840
1401,13.184224,16.667918,16,0,0,4,0.000,1,6681.182,707.667,6.000,6770.000,700.000,90.000,63.835,58,69.840,39.840
1402,18.823874,16.669168,16,0,0,4,0.000,1,6681.182,707.667,6.000,6770.000,700.000,90.000,63.835,58,69.840,39.840
1403,14.376259,16.667519,16,0,0,4,0.000,1,6681.182,707.667,6.000,6770.000,700.000,90.000,63.835,58,69.840,39.840
1404,17.256191,16.668487,16,0,0,4,0.000,1,6681.182,707.667,6.000,6770.000,700.000,90.000,63.835,58,69.840,39.840
1405,19.851147,16.668708,16,0,0,4,0.000,1,6681.182,707.667,6.000,6770.000,700.000,90.000,63.835,58,69.840,39.840
1406,17.323341,16.667189,16,0,0,4,0.000,1,6681.182,707.667,6.000,6770.000,700.000,90.000,63.835,58,69.840,39.840
1407,16.622098,16.668787,16,0,0,4,0.000,1,6681.182,707.667,6.000,6770.000,700.000,90.000,63.835,58,69.840,39.840
1408,16.312580,16.668299,16,0,0,4,0.000,1,6681.182,707.667,6.000,6770.000,700.000,90.000,63.835,58,69.840,39.840
1409,16.385773,16.667868,16,0,0,4,0.000,1,6681.182,707.667,6.000,6770.000,700.000,90.000,63.835,58,69.840,39.840
1410,16.786739,16.668808,16,0,0,4,0.000,1,6681.182,707.667,6.000,6770.000,700.000,90.000,63.835,58,69.840,39.840
1411,17.613539,16.667378,16,0,0,4,0.000,1,6681.182,707.667,6.000,6770.000,700.000,90.000,63.835,58,69.840,39.840
1412,15.548764,16.668708,16,0,0,4,0.000,1,6681.182,707.667,6.000,6770.000,700.000,90.000,63.835,58,69.840,39.840
1413,16.838032,16.667428,16,0,0,4,0.000,1,6681.182,707.667,6.000,6770.000,700.000,90.000,63.835,58,69.840,39.840
1414,16.920553,16.668438,16,0,0,4,0.000,1,6681.182,707.667,6.000,6770.000,700.000,90.000,63.835,58,69.840,39.840
1415,19.079720,16.668469,16,0,0,4,0.000,1,6681.182,707.667,6.000,6770.000,700.000,90.000,63.835,58,69.840,39.840
1416,10.054996,16.668427,16,0,0,4,0.000,1,6681.182,707.667,6.000,6770.000,700.000,90.000,63.835,58,69.840,39.840
1417,18.047698,16.667688,16,0,0,4,0.000,1,6681.182,707.667,6.000,6770.000,700.000,90.000,63.835,58,69.840,39.840
1418,16.508025,16.668749,16,0,0,4,0.000,1,6681.182,707.667,6.000,6770.000,700.000,90.000,63.835,58,69.840,39.840
1419,16.469493,16.669627,16,0,0,4,0.000,1,6681.182,707.667,6.000,6770.000,700.000,90.000,63.835,58,69.840,39.840
1420,16.294061,16.667929,16,0,0,4,0.000,1,6681.182,707.667,6.000,6770.000,700.000,90.000,63.835,58,69.840,39.840
1421,16.779549,16.667368,16,0,0,4,0.000,1,6681.182,707.667,6.000,6770.000,700.000,90.000,63.835,58,69.840,39.840
1422,16.786121,16.668118,16,0,0,4,0.000,1,6681.182,707.667,6.000,6770.000,700.000,90.000,63.835,58,69.840,39.840
1423,16.154017,16.668568,16,0,0,4,0.000,1,6681.182,707.667,6.000,6770.000,700.000,90.000,63.835,58,69.840,39.840
1424,17.268632,16.668908,16,0,0,4,0.000,1,6681.182,707.667,6.000,6770.000,700.000,90.000,63.835,58,69.840,39.840
1425,15.912692,16.668358,16,0,0,4,0.000,1,6681.182,707.667,6.000,6770.000,700.000,90.000,63.835,58,69.840,39.840
1426,16.554665,16.668328,16,0,0,4,0.000,1,6681.182,707.667,6.000,6770.000,700.000,90.000,63.835,58,69.840,39.840
1427,16.845882,16.697059,16,0,0,4,0.000,1,6681.182,707.667,6.000,6770.000,700.000,90.000,63.835,58,69.840,39.840
1428,16.902713,16.667388,16,0,0,4,0.000,1,6681.182,707.667,6.000,6770.000,700.000,90.000,63.835,58,69.840,39.840
1429,16.566116,16.668478,16,0,0,4,0.000,1,6681.182,707.667,6.000,6770.000,700.000,90.000,63.835,58,69.840,39.840
1430,16.565896,16.668498,16,0,0,4,0.000,1,6681.182,707.667,6.000,6770.000,700.000,90.000,63.835,58,69.840,39.840
1431,16.813981,16.668558,16,0,0,4,0.000,1,6681.182,707.667,6.000,6770.000,700.000,90.000,63.835,58,69.840,39.840
1432,16.680508,16.668068,16,0,0,4,0.000,1,6681.182,707.667,6.000,6770.000,700.000,90.000,63.835,58,69.840,39.840
1433,16.454794,16.668349,16,0,0,4,0.000,1,6681.182,707.667,6.000,6770.000,700.000,90.000,63.835,58,69.840,39.840
1434,17.141908,16.667907,16,0,0,4,0.000,1,6681.182,707.667,6.000,6770.000,700.000,90.000,63.835,58,69.840,39.840
1435,16.275329,16.668639,16,0,0,4,0.000,1,6681.182,707.667,6.000,6770.000,700.000,90.000,63.835,58,69.840,39.840
1436,16.623408,16.667648,16,0,0,4,0.000,1,6681.182,707.667,6.000,6770.000,700.000,90.000,63.835,58,69.840,39.840
1437,16.895173,16.668077,16,0,0,4,0.000,1,6681.182,707.667,6.000,6770.000,700.000,90.000,63.835,58,69.840,39.840
1438,17.647118,16.667299,16,0,0,4,0.000,1,6681.182,707.667,6.000,6770.000,700.000,90.000,63.835,58,69.840,39.840
1439,15.542185,16.668148,16,0,0,4,0.000,1,6681.182,707.667,6.000,6770.000,700.000,90.000,63.835,58,69.840,39.840
1440,17.453794,16.667828,16,0,0,4,0.000,1,6681.182,707.667,6.000,6770.000,700.000,90.000,63.835,58,69.840,39.840
1441,19.309836,16.668268,16,0,0,4,0.000,1,6681.182,707.667,6.000,6770.000,700.000,90.000,63.835,58,69.840,39.840
1442,17.330162,16.669308,16,0,0,4,0.000,1,6681.182,707.667,6.000,6770.000,700.000,90.000,63.835,58,69.840,39.840
1443,16.870982,16.668008,16,0,0,4,0.000,1,6681.182,707.667,6.000,6770.000,700.000,90.000,63.835,58,69.840,39.840
1444,16.624897,16.668148,16,0,0,4,0.000,1,6681.182,707.667,6.000,6770.000,700.000,90.000,63.835,58,69.840,39.840
1445,16.338372,16.668688,16,0,0,4,0.000,1,6681.182,707.667,6.000,6770.000,700.000,90.000,63.835,58,69.840,39.840
1446,16.995485,16.667238,16,0,0,4,0.000,1,6681.182,707.667,6.000,6770.000,700.000,90.000,63.835,58,69.840,39.840
1447,12.505748,16.668638,16,0,0,4,0.000,1,6681.182,707.667,6.000,6770.000,700.000,90.000,63.835,58,69.840,39.840
1448,16.730680,16.669128,16,0,0,4,0.000,1,6681.182,707.667,6.000,6770.000,700.000,90.000,63.835,58,69.840,39.840
1449,16.709939,16.668498,16,0,0,4,0.000,1,6681.182,707.667,6.000,6770.000,700.000,90.000,63.835,58,69.840,39.840
1450,16.230038,16.667819,16,0,0,4,0.000,1,6681.182,707.667,6.000,6770.000,700.000,90.000,63.835,58,69.840,39.840
1451,19.383606,16.667517,16,0,0,4,0.000,1,6681.182,707.667,6.000,6770.000,700.000,90.000,63.835,58,69.840,39.840
1452,14.393140,16.669398,16,0,0,4,0.000,1,6681.182,707.667,6.000,6770.000,700.000,90.000,63.835,58,69.840,39.840
1453,16.178047,16.667469,16,0,0,4,0.000,1,6681.182,707.667,6.000,6770.000,700.000,90.000,63.835,58,69.840,39.840
1454,18.577929,16.668557,16,0,0,4,0.000,1,6681.182,707.667,6.000,6770.000,700.000,90.000,63.835,58,69.840,39.840
1455,18.682002,16.667259,16,0,0,4,0.000,1,6681.182,707.667,6.000,6770.000,700.000,90.000,63.835,58,69.840,39.840
1456,16.483964,16.668608,16,0,0,4,0.000,1,6681.182,707.667,6.000,6770.000,700.000,90.000,63.835,58,69.840,39.840
1457,12.841145,16.667588,16,0,0,4,0.000,1,6681.182,707.667,6.000,6770.000,700.000,90.000,63.835,58,69.840,39.840
1458,17.559778,16.668648,16,0,0,4,0.000,1,6681.182,707.667,6.000,6770.000,700.000,90.000,63.835,58,69.840,39.840
1459,19.761045,16.667698,16,0,0,4,0.000,1,6681.182,707.667,6.000,6770.000,700.000,90.000,63.835,58,69.840,39.840
1460,16.503364,16.667958,16,0,0,4,0.000,1,6681.182,707.667,6.000,6770.000,700.000,90.000,63.835,58,69.840,39.840
1461,17.448525,16.667208,16,0,0,4,0.000,1,6681.182,707.667,6.000,6770.000,700.000,90.000,63.835,58,69.840,39.840
1462,17.353373,16.669469,16,0,0,4,0.000,1,6681.182,707.667,6.000,6770.000,700.000,90.000,63.835,58,69.840,39.840
1463,17.997476,16.667427,16,0,0,4,0.000,1,6681.182,707.667,6.000,6770.000,700.000,90.000,63.835,58,69.840,39.840
1464,10.903655,16.667328,16,0,0,4,0.000,1,6681.182,707.667,6.000,6770.000,700.000,90.000,63.835,58,69.840,39.840
1465,16.535234,16.668399,16,0,0,4,0.000,1,6681.182,707.667,6.000,6770.000,700.000,90.000,63.835,58,69.840,39.840
1466,17.195791,16.667877,16,0,0,4,0.000,1,6681.182,707.667,6.000,6770.000,700.000,90.000,63.835,58,69.840,39.840
1467,16.236308,16.667729,16,0,0,4,0.000,1,6681.182,707.667,6.000,6770.000,700.000,90.000,63.835,58,69.840,39.840
1468,16.097116,16.668038,16,0,0,4,0.000,1,6681.182,707.667,6.000,6770.000,700.000,90.000,63.835,58,69.840,39.840
1469,16.866462,16.668797,16,0,0,4,0.000,1,6681.182,707.667,6.000,6770.000,700.000,90.000,63.835,58,69.840,39.840
1470,16.828202,16.668849,16,0,0,4,0.000,1,6681.182,707.667,6.000,6770.000,700.000,90.000,63.835,58,69.840,39.840
1471,17.884024,16.667348,16,0,0,4,0.000,1,6681.182,707.667,6.000,6770.000,700.000,90.000,63.835,58,69.840,39.840
1472,15.165386,16.669598,16,0,0,4,0.000,1,6681.182,707.667,6.000,6770.000,700.000,90.000,63.835,58,69.840,39.840
1473,16.627336,16.667818,16,0,0,4,0.000,1,6681.182,707.667,6.000,6770.000,700.000,90.000,63.835,58,69.840,39.840
1474,16.542876,16.668569,16,0,0,4,0.000,1,6681.182,707.667,6.000,6770.000,700.000,90.000,63.835,58,69.840,39.840
1475,16.698829,16.668547,16,0,0,4,0.000,1,6681.182,707.667,6.000,6770.000,700.000,90.000,63.835,58,69.840,39.840
1476,16.567686,16.668778,16,0,0,4,0.000,1,6681.182,707.667,6.000,6770.000,700.000,90.000,63.835,58,69.840,39.840
1477,20.099431,16.667189,16,0,0,4,0.000,1,6681.182,707.667,6.000,6770.000,700.000,90.000,63.835,58,69.840,39.840
1478,17.379444,16.668907,16,0,0,4,0.000,1,6681.182,707.667,6.000,6770.000,700.000,90.000,63.835,58,69.840,39.840
1479,12.381306,16.667719,16,0,0,4,0.000,1,6681.182,707.667,6.000,6770.000,700.000,90.000,63.835,58,69.840,39.840
1480,16.727250,16.668368,16,0,0,4,0.000,1,6681.182,707.667,6.000,6770.000,700.000,90.000,63.835,58,69.840,39.840
1481,16.812470,16.668017,16,0,0,4,0.000,1,6681.182,707.667,6.000,6770.000,700.000,90.000,63.835,58,69.840,39.840
1482,16.500695,16.668859,16,0,0,4,0.000,1,6681.182,707.667,6.000,6770.000,700.000,90.000,63.835,58,69.840,39.840
1483,16.727849,16.668998,16,0,0,4,0.000,1,6681.182,707.667,6.000,6770.000,700.000,90.000,63.835,58,69.840,39.840
1484,16.429683,16.668118,16,0,0,4,0.000,1,6681.182,707.667,6.000,6770.000,700.000,90.000,63.835,58,69.840,39.840
1485,17.026086,16.667118,16,0,0,4,0.000,1,6681.182,707.667,6.000,6770.000,700.000,90.000,63.835,58,69.840,39.840
1486,16.491725,16.667338,16,0,0,4,0.000,1,6681.182,707.667,6.000,6770.000,700.000,90.000,63.835,58,69.840,39.840
1487,16.834000,16.667348,16,0,0,4,0.000,1,6681.182,707.667,6.000,6770.000,700.000,90.000,63.835,58,69.840,39.840
1488,16.573867,16.668198,16,0,0,4,0.000,1,6681.182,707.667,6.000,6770.000,700.000,90.000,63.835,58,69.840,39.840
1489,16.609517,16.667209,16,0,0,4,0.000,1,6681.182,707.667,6.000,6770.000,700.000,90.000,63.835,58,69.840,39.840
1490,16.767179,16.668477,16,0,0,4,0.000,1,6681.182,707.667,6.000,6770.000,700.000,90.000,63.835,58,69.840,39.840
1491,17.427005,16.668998,22,0,0,4,0.000,1,6681.182,707.667,6.000,6770.000,700.000,90.000,63.835,58,-1.000,-1.000
1492,16.641247,16.667299,22,0,0,4,0.000,1,6681.182,707.667,6.000,6140.000,390.000,90.000,63.835,58,-1.000,-1.000
1493,16.528686,16.669277,22,0,0,4,0.000,1,6681.182,707.667,6.000,6140.000,390.000,90.000,63.835,58,-1.000,-1.000
1494,16.137696,16.667509,22,0,0,4,0.000,1,6681.182,707.667,6.000,6140.000,390.000,90.000,63.835,58,-1.000,-1.000
1495,17.331912,16.669038,22,0,0,4,0.000,1,6681.182,707.667,6.000,6140.000,390.000,90.000,63.835,58,-1.000,-1.000
1496,16.001004,16.667657,22,0,0,4,0.000,1,6681.182,707.667,6.000,6140.000,390.000,90.000,63.835,58,-1.000,-1.000
1497,16.399353,16.667579,22,0,0,4,0.000,1,6681.182,707.667,6.000,6140.000,390.000,90.000,63.835,58,-1.000,-1.000
1498,16.768630,16.694979,22,0,0,4,0.000,1,6681.182,707.667,6.000,6140.000,390.000,90.000,63.835,58,-1.000,-1.000
1499,16.076656,16.673677,22,0,0,4,0.000,1,6681.182,707.667,6.000,6140.000,390.000,90.000,63.835,58,-1.000,-1.000
1500,16.428152,16.702599,22,0,0,4,0.000,1,6681.182,707.667,6.000,6140.000,390.000,90.000,63.835,58,-1.000,-1.000
1501,16.854572,16.666939,22,0,0,4,0.000,1,6681.182,707.667,6.000,6140.000,390.000,90.000,63.835,58,-1.000,-1.000
1502,16.501494,16.713128,22,0,0,4,0.000,1,6681.182,707.667,6.000,6140.000,390.000,90.000,63.835,58,-1.000,-1.000
1503,16.725940,16.666958,22,0,0,4,0.000,1,6681.182,707.667,6.000,6140.000,390.000,90.000,63.835,58,-1.000,-1.000
1504,16.312890,16.674609,22,0,0,4,0.000,1,6681.182,707.667,6.000,6140.000,390.000,90.000,63.835,58,-1.000,-1.000
1505,16.808881,16.667017,22,0,0,4,0.000,1,6681.182,707.667,6.000,6140.000,390.000,90.000,63.835,58,-1.000,-1.000
1506,16.544906,16.667399,22,0,0,4,0.000,1,6681.182,707.667,6.000,6140.000,390.000,90.000,63.835,58,-1.000,-1.000
1507,17.002356,16.667718,22,0,0,4,0.000,1,6681.182,707.667,6.000,6140.000,390.000,90.000,63.835,58,-1.000,-1.000
1508,16.493383,16.667377,22,0,0,4,0.000,1,6681.182,707.667,6.000,6140.000,390.000,90.000,63.835,58,-1.000,-1.000
1509,18.663222,16.667149,22,0,0,4,0.000,1,6681.182,707.667,6.000,6140.000,390.000,90.000,63.835,58,-1.000,-1.000
1510,18.739882,16.667398,22,0,0,4,0.000,1,6681.182,707.667,6.000,6140.000,390.000,90.000,63.835,58,-1.000,-1.000
1511,18.015897,16.667978,22,0,0,4,0.000,1,6681.182,707.667,6.000,6140.000,390.000,90.000,63.835,58,-1.000,-1.000
1512,16.690358,16.668058,22,0,0,4,0.000,1,6681.182,707.667,6.000,6140.000,390.000,90.000,63.835,58,-1.000,-1.000
1513,15.859561,16.668318,22,0,0,4,0.000,1,6681.182,707.667,6.000,6140.000,390.000,90.000,63.835,58,-1.000,-1.000
1514,17.196449,16.668258,22,0,0,4,0.000,1,6681.182,707.667,6.000,6140.000,390.000,90.000,63.835,58,-1.000,-1.000
1515,16.017464,16.666948,22,0,0,4,0.000,1,6681.182,707.667,6.000,6140.000,390.000,90.000,63.835,58,-1.000,-1.000
1516,17.531848,16.667009,22,0,0,4,0.000,1,6681.182,707.667,6.000,6140.000,390.000,90.000,63.835,58,-1.000,-1.000
1517,15.676547,16.668197,22,0,0,4,0.000,1,6681.182,707.667,6.000,6140.000,390.000,90.000,63.835,58,-1.000,-1.000
1518,17.802661,16.667568,22,0,0,4,0.000,1,6681.182,707.667,6.000,6140.000,390.000,90.000,63.835,58,-1.000,-1.000
1519,16.350142,16.667079,22,0,0,4,0.000,1,6681.182,707.667,6.000,6140.000,390.000,90.000,63.835,58,-1.000,-1.000
1520,12.334165,16.700548,22,0,0,4,0.000,1,6681.182,707.667,6.000,6140.000,390.000,90.000,63.835,58,-1.000,-1.000
1521,19.283704,16.667308,23,0,0,4,0.000,1,6681.182,707.667,6.000,6140.000,390.000,90.000,63.835,58,-1.000,-1.000
1522,19.985669,16.699109,23,1,0,5,0.000,1,6681.182,707.667,6.000,6140.000,390.000,90.000,63.835,58,-1.000,-1.000
1523,11.482387,16.667728,23,1,0,5,0.000,1,6681.182,707.667,6.000,6140.000,390.000,90.000,63.835,58,-1.000,-1.000
1524,15.905952,16.680948,23,1,0,5,0.000,1,6681.182,707.667,6.000,6140.000,390.000,90.000,63.835,58,-1.000,-1.000
1525,16.930994,16.667039,23,1,0,5,0.000,1,6681.182,707.667,6.000,6140.000,390.000,90.000,63.835,58,-1.000,-1.000
1526,17.169819,16.667517,23,1,0,5,0.000,1,6681.182,707.667,6.000,6140.000,390.000,90.000,63.835,58,-1.000,-1.000
1527,17.027325,16.668769,23,1,0,5,0.000,1,6681.182,707.667,6.000,6140.000,390.000,90.000,63.835,58,-1.000,-1.000
1528,16.844572,16.667408,23,1,0,5,0.000,1,6681.182,707.667,6.000,6140.000,390.000,90.000,63.835,58,-1.000,-1.000
1529,19.021859,16.667987,23,1,0,5,0.000,1,6681.182,707.667,6.000,6140.000,390.000,90.000,63.835,58,-1.000,-1.000
1530,18.118279,16.668599,23,1,0,5,0.000,1,6681.182,707.667,6.000,6140.000,390.000,90.000,63.835,58,-1.000,-1.000
1531,16.709138,16.667958,23,1,0,5,0.000,1,6681.182,707.667,6.000,6140.000,390.000,90.000,63.835,58,-1.000,-1.000
1532,17.056048,16.667398,23,1,0,5,0.000,1,6681.182,707.667,6.000,6140.000,390.000,90.000,63.835,58,-1.000,-1.000
1533,17.045366,16.668678,23,1,0,5,0.000,1,6681.182,707.667,6.000,6140.000,390.000,90.000,63.835,58,-1.000,-1.000
1534,17.388213,16.668288,23,1,0,5,0.000,1,6681.182,707.667,6.000,6140.000,390.000,90.000,63.835,58,-1.000,-1.000
1535,15.023193,16.667798,23,1,0,5,0.000,1,6681.182,707.667,6.000,6140.000,390.000,90.000,63.835,58,-1.000,-1.000
1536,17.682540,16.668108,23,1,0,5,0.000,1,6681.182,707.667,6.000,6140.000,390.000,90.000,63.835,58,-1.000,-1.000
1537,16.643117,16.667259,23,1,0,5,0.000,1,6681.182,707.667,6.000,6140.000,390.000,90.000,63.835,58,-1.000,-1.000
1538,16.029064,16.667127,23,1,0,5,0.000,1,6681.182,707.667,6.000,6140.000,390.000,90.000,63.835,58,-1.000,-1.000
1539,17.915685,16.724219,23,1,0,5,0.000,1,6681.182,707.667,6.000,6140.000,390.000,90.000,63.835,58,-1.000,-1.000
1540,16.409703,16.667819,23,1,0,5,0.000,1,6681.182,707.667,6.000,6140.000,390.000,90.000,63.835,58,-1.000,-1.000
1541,16.916193,16.668747,23,1,0,5,0.000,1,6681.182,707.667,6.000,6140.000,390.000,90.000,63.835,58,-1.000,-1.000
1542,17.493936,16.669349,23,1,0,5,0.000,1,6681.182,707.667,6.000,6140.000,390.000,90.000,63.835,58,-1.000,-1.000
1543,16.141016,16.669388,23,1,0,5,0.000,1,6681.182,707.667,6.000,6140.000,390.000,90.000,63.835,58,-1.000,-1.000
1544,9.745880,16.667697,23,1,0,5,0.000,1,6681.182,707.667,6.000,6140.000,390.000,90.000,63.835,58,-1.000,-1.000
1545,15.702628,16.666989,17,1,0,5,0.000,1,6681.182,707.667,6.000,6140.000,390.000,90.000,63.835,58,-1.000,-1.000
1546,20.760435,16.667098,17,1,0,5,0.000,1,6681.182,707.667,6.000,6140.000,390.000,90.000,63.835,58,-1.000,-1.000
1547,18.868505,16.667728,17,1,0,5,0.000,1,6681.182,707.667,6.000,6140.000,390.000,90.000,63.835,58,-1.000,-1.000
1548,12.458188,16.667208,17,1,0,5,0.000,1,6681.182,707.667,6.000,6140.000,390.000,90.000,63.835,58,-1.000,-1.000
1549,20.351647,16.667408,17,1,0,5,0.000,1,6681.182,707.667,6.000,6140.000,390.000,90.000,63.835,58,-1.000,-1.000
1550,11.126519,16.667208,17,1,0,5,0.000,1,6681.182,707.667,6.000,16500.000,700.000,90.000,63.835,58,-1.000,-1.000
1551,17.965386,16.667478,17,1,1,5,0.000,0,6681.182,707.667,6.000,16500.000,700.000,90.000,63.835,58,-1.000,-1.000
1552,16.619157,16.667268,17,1,1,5,0.000,0,6681.182,707.667,6.000,16500.000,700.000,90.000,63.835,58,-1.000,-1.000
1553,15.025963,16.696118,17,1,1,5,0.000,0,6681.182,707.667,6.000,16500.000,700.000,90.000,63.835,58,-1.000,-1.000
1554,16.402452,16.667419,17,1,1,5,0.000,0,6681.182,707.667,6.000,16500.000,700.000,90.000,63.835,58,-1.000,-1.000
1555,19.423108,16.667648,17,1,1,5,0.000,0,6681.182,707.667,6.000,16500.000,700.000,90.000,63.835,58,-1.000,-1.000
1556,18.291083,16.668048,17,1,1,5,0.000,0,6681.182,707.667,6.000,16500.000,700.000,90.000,63.835,58,-1.000,-1.000
1557,16.748570,16.667498,17,1,1,5,0.000,0,6681.182,707.667,6.000,16500.000,700.000,90.000,63.835,58,-1.000,-1.000
1558,17.123878,16.668278,17,1,1,5,0.000,0,6681.182,707.667,6.000,16500.000,700.000,90.000,63.835,58,-1.000,-1.000
1559,16.710708,16.667068,17,1,1,5,0.000,0,6681.182,707.667,6.000,16500.000,700.000,90.000,63.835,58,-1.000,-1.000
1560,16.442724,16.668408,17,1,1,5,0.000,0,6681.182,707.667,6.000,16500.000,700.000,90.000,63.835,58,-1.000,-1.000
1561,17.774702,16.668799,17,1,1,5,0.000,0,6681.182,707.667,6.000,16500.000,700.000,90.000,63.835,58,-1.000,-1.000
1562,11.779212,16.668327,17,1,1,5,0.000,0,6681.182,707.667,6.000,16500.000,700.000,90.000,63.835,58,-1.000,-1.000
1563,18.586780,16.668568,17,1,1,5,0.000,0,6681.182,707.667,6.000,16500.000,700.000,90.000,63.835,58,-1.000,-1.000
1564,14.704676,16.667839,17,1,1,5,0.000,0,6681.182,707.667,6.000,16500.000,700.000,90.000,63.835,58,-1.000,-1.000
1565,18.653370,16.668807,17,1,1,5,0.000,0,6681.182,707.667,6.000,16500.000,700.000,90.000,63.835,58,-1.000,-1.000
1566,19.247084,16.668859,17,1,1,5,0.000,0,6681.182,707.667,6.000,16500.000,700.000,90.000,63.835,58,-1.000,-1.000
1567,16.379211,16.667218,17,1,1,5,0.000,0,6681.182,707.667,6.000,16500.000,700.000,90.000,63.835,58,-1.000,-1.000
1568,12.354505,16.667207,17,1,1,5,0.000,0,6681.182,707.667,6.000,16500.000,700.000,90.000,63.835,58,-1.000,-1.000
1569,18.261074,16.668009,17,1,1,5,0.000,0,6681.182,707.667,6.000,16500.000,700.000,90.000,63.835,58,-1.000,-1.000
1570,15.057763,16.668148,17,1,1,5,0.000,0,6681.182,707.667,6.000,16500.000,700.000,90.000,63.835,58,-1.000,-1.000
1571,16.937104,16.668067,17,1,1,5,0.000,0,6681.182,707.667,6.000,16500.000,700.000,90.000,63.835,58,-1.000,-1.000
1572,16.758449,16.668749,17,1,1,5,0.000,0,6681.182,707.667,6.000,16500.000,700.000,90.000,63.835,58,-1.000,-1.000
1573,17.826943,16.668987,17,1,1,5,0.000,0,6681.182,707.667,6.000,16500.000,700.000,90.000,63.835,58,-1.000,-1.000
1574,15.171506,16.668419,17,1,1,5,0.000,0,6681.182,707.667,6.000,16500.000,700.000,90.000,63.835,58,-1.000,-1.000
1575,18.205611,16.668668,17,1,1,5,0.000,0,6681.182,707.667,6.000,16500.000,700.000,90.000,63.835,58,-1.000,-1.000
1576,19.348776,16.667177,17,1,1,5,0.000,0,6681.182,707.667,6.000,16500.000,700.000,90.000,63.835,58,-1.000,-1.000
1577,12.226313,16.668269,17,1,1,5,0.000,0,6681.182,707.667,6.000,16500.000,700.000,90.000,63.835,58,-1.000,-1.000
1578,17.665979,16.668168,17,1,1,5,0.000,0,6681.182,707.667,6.000,16500.000,700.000,90.000,63.835,58,-1.000,-1.000
1579,19.130761,16.668458,17,1,1,5,0.000,0,6681.182,707.667,6.000,16500.000,700.000,90.000,63.835,58,-1.000,-1.000
1580,16.546575,16.667178,17,1,1,5,0.000,0,6681.182,707.667,6.000,16500.000,700.000,90.000,63.835,58,-1.000,-1.000
1581,16.249040,16.667528,17,1,1,5,0.000,0,6681.182,707.667,6.000,16500.000,700.000,90.000,63.835,58,-1.000,-1.000
1582,18.727031,16.667958,17,1,1,5,0.000,0,6681.182,707.667,6.000,16500.000,700.000,90.000,63.835,58,-1.000,-1.000
1583,11.787424,16.667168,17,1,1,5,0.000,0,6681.182,707.667,6.000,16500.000,700.000,90.000,63.835,58,-1.000,-1.000
1584,16.781281,16.667269,17,1,1,5,0.000,0,6681.182,707.667,6.000,16500.000,700.000,90.000,63.835,58,-1.000,-1.000
1585,16.853112,16.667837,17,1,1,5,0.000,0,6681.182,707.667,6.000,16500.000,700.000,90.000,63.835,58,-1.000,-1.000
1586,16.457913,16.668308,17,1,1,5,0.000,0,6681.182,707.667,6.000,16500.000,700.000,90.000,63.835,58,-1.000,-1.000
1587,16.577346,16.667359,17,1,1,5,0.000,0,6681.182,707.667,6.000,16500.000,700.000,90.000,63.835,58,-1.000,-1.000
1588,16.921814,16.668607,17,1,1,5,0.000,0,6681.182,707.667,6.000,16500.000,700.000,90.000,63.835,58,-1.000,-1.000
1589,16.387812,16.667408,17,1,1,5,0.000,0,6681.182,707.667,6.000,16500.000,700.000,90.000,63.835,58,-1.000,-1.000
1590,16.761620,16.667489,17,1,1,5,0.000,0,6681.182,707.667,6.000,16500.000,700.000,90.000,63.835,58,-1.000,-1.000
1591,17.226500,16.669027,17,1,1,5,0.000,0,6681.182,707.667,6.000,16500.000,700.000,90.000,63.835,58,-1.000,-1.000
1592,16.128536,16.667279,17,1,1,5,0.000,0,6681.182,707.667,6.000,16500.000,700.000,90.000,63.835,58,-1.000,-1.000
1593,19.219173,16.667218,17,1,1,5,0.000,0,6681.182,707.667,6.000,16500.000,700.000,90.000,63.835,58,-1.000,-1.000
1594,13.913059,16.667497,17,1,1,5,0.000,0,6681.182,707.667,6.000,16500.000,700.000,90.000,63.835,58,-1.000,-1.000
1595,19.647292,16.667609,17,1,1,5,0.000,0,6681.182,707.667,6.000,16500.000,700.000,90.000,63.835,58,-1.000,-1.000
1596,18.736783,16.668538,17,1,1,5,0.000,0,6681.182,707.667,6.000,16500.000,700.000,90.000,63.835,58,-1.000,-1.000
1597,11.947897,16.667138,17,1,1,5,0.000,0,6681.182,707.667,6.000,16500.000,700.000,90.000,63.835,58,-1.000,-1.000
1598,16.628646,16.668868,17,1,1,5,0.000,0,6681.182,707.667,6.000,16500.000,700.000,90.000,63.835,58,-1.000,-1.000
1599,18.779464,16.667628,17,1,1,5,0.000,0,6681.182,707.667,6.000,16500.000,700.000,90.000,63.835,58,-1.000,-1.000
1600,14.653475,16.667108,17,1,1,5,0.000,0,6681.182,707.667,6.000,16500.000,700.000,90.000,63.835,58,-1.000,-1.000
1601,19.700252,16.667108,17,1,1,5,0.000,0,6681.182,707.667,6.000,16500.000,700.000,90.000,63.835,58,-1.000,-1.000
1602,18.469658,16.668458,17,1,1,5,0.000,0,6681.182,707.667,6.000,16500.000,700.000,90.000,63.835,58,-1.000,-1.000
1603,11.894585,16.667628,17,1,1,5,0.000,0,6681.182,707.667,6.000,16500.000,700.000,90.000,63.835,58,-1.000,-1.000
1604,19.264284,16.668888,17,1,1,5,0.000,0,6681.182,707.667,6.000,16500.000,700.000,90.000,63.835,58,-1.000,-1.000
1605,13.991680,16.668759,17,1,1,5,0.000,0,6681.182,707.667,6.000,16500.000,700.000,90.000,63.835,58,-1.000,-1.000
1606,16.455583,16.667787,17,1,1,5,0.000,0,6681.182,707.667,6.000,16500.000,700.000,90.000,63.835,58,-1.000,-1.000
1607,16.679039,16.667448,17,1,1,5,0.000,0,6681.182,707.667,6.000,16500.000,700.000,90.000,63.835,58,-1.000,-1.000
1608,16.844282,16.668099,17,1,1,5,0.000,0,6681.182,707.667,6.000,16500.000,700.000,90.000,63.835,58,-1.000,-1.000
1609,16.562065,16.667047,17,1,1,5,0.000,0,6681.182,707.667,6.000,16500.000,700.000,90.000,63.835,58,-1.000,-1.000
1610,16.695059,16.668858,17,1,1,5,0.000,0,6681.182,707.667,6.000,16500.000,700.000,90.000,63.835,58,-1.000,-1.000
1611,17.015096,16.667969,17,1,1,5,0.000,0,6681.182,707.667,6.000,16500.000,700.000,90.000,63.835,58,-1.000,-1.000
1612,16.191427,16.667667,17,1,1,5,0.000,0,6681.182,707.667,6.000,16500.000,700.000,90.000,63.835,58,-1.000,-1.000
1613,17.181359,16.667459,17,1,1,5,0.000,0,6681.182,707.667,6.000,16500.000,700.000,90.000,63.835,58,-1.000,-1.000
1614,16.417053,16.668018,17,1,1,5,0.000,0,6681.182,707.667,6.000,16500.000,700.000,90.000,63.835,58,-1.000,-1.000
1615,16.649648,16.667567,17,1,1,5,0.000,0,6681.182,707.667,6.000,16500.000,700.000,90.000,63.835,58,-1.000,-1.000
1616,21.995433,16.668319,17,1,1,5,0.000,0,6681.182,707.667,6.000,16500.000,700.000,90.000,63.835,58,-1.000,-1.000
1617,16.559555,16.668648,17,1,1,5,0.000,0,6681.182,707.667,6.000,16500.000,700.000,90.000,63.835,58,-1.000,-1.000
1618,16.663708,16.668247,17,1,1,5,0.000,0,6681.182,707.667,6.000,16500.000,700.000,90.000,63.835,58,-1.000,-1.000
1619,16.792771,16.668259,17,1,1,5,0.000,0,6681.182,707.667,6.000,16500.000,700.000,90.000,63.835,58,-1.000,-1.000
1620,15.848200,16.667238,17,1,1,5,0.000,0,6681.182,707.667,6.000,16500.000,700.000,90.000,63.835,58,-1.000,-1.000
1621,11.874045,16.667238,17,1,1,5,0.000,0,6681.182,707.667,6.000,16500.000,700.000,90.000,63.835,58,-1.000,-1.000
1622,16.714069,16.667058,17,1,1,5,0.000,0,6681.182,707.667,6.000,16500.000,700.000,90.000,63.835,58,-1.000,-1.000
1623,19.690514,16.667178,17,1,1,5,0.000,0,6681.182,707.667,6.000,16500.000,700.000,90.000,63.835,58,-1.000,-1.000
1624,18.876364,16.667578,17,1,1,5,0.000,0,6681.182,707.667,6.000,16500.000,700.000,90.000,63.835,58,-1.000,-1.000
1625,11.663171,16.667538,17,1,1,5,0.000,0,6681.182,707.667,6.000,16500.000,700.000,90.000,63.835,58,-1.000,-1.000
1626,16.506765,16.668459,17,1,1,5,0.000,0,6681.182,707.667,6.000,16500.000,700.000,90.000,63.835,58,-1.000,-1.000
1627,17.932326,16.668747,17,1,1,5,0.000,0,6681.182,707.667,6.000,16500.000,700.000,90.000,63.835,58,-1.000,-1.000
1628,20.135602,16.667808,17,1,1,5,0.000,0,6681.182,707.667,6.000,16500.000,700.000,90.000,63.835,58,-1.000,-1.000
1629,11.323843,16.668039,17,1,1,5,0.000,0,6681.182,707.667,6.000,16500.000,700.000,90.000,63.835,58,-1.000,-1.000
1630,16.674718,16.667017,17,1,1,5,0.000,0,6681.182,707.667,6.000,16500.000,700.000,90.000,63.835,58,-1.000,-1.000
1631,19.348006,16.668848,17,1,1,5,0.000,0,6681.182,707.667,6.000,16500.000,700.000,90.000,63.835,58,-1.000,-1.000
1632,18.607520,16.667649,17,1,1,5,0.000,0,6681.182,707.667,6.000,16500.000,700.000,90.000,63.835,58,-1.000,-1.000
1633,16.616596,16.667697,17,1,1,5,0.000,0,6681.182,707.667,6.000,16500.000,700.000,90.000,63.835,58,-1.000,-1.000
1634,17.249210,16.668959,17,1,1,5,0.000,0,6681.182,707.667,6.000,16500.000,700.000,90.000,63.835,58,-1.000,-1.000
1635,11.955857,16.667458,17,1,1,5,0.000,0,6681.182,707.667,6.000,16500.000,700.000,90.000,63.835,58,-1.000,-1.000
1636,18.962308,16.668747,17,1,1,5,0.000,0,6681.182,707.667,6.000,16500.000,700.000,90.000,63.835,58,-1.000,-1.000
1637,17.309502,16.667819,17,1,1,5,0.000,0,6681.182,707.667,6.000,16500.000,700.000,90.000,63.835,58,-1.000,-1.000
1638,18.145780,16.667498,17,1,1,5,0.000,0,6681.182,707.667,6.000,16500.000,700.000,90.000,63.835,58,-1.000,-1.000
1639,16.160297,16.667737,17,1,1,5,0.000,0,6681.182,707.667,6.000,16500.000,700.000,90.000,63.835,58,-1.000,-1.000
1640,17.721811,16.667099,17,1,1,5,0.000,0,6681.182,707.667,6.000,16500.000,700.000,90.000,63.835,58,-1.000,-1.000
1641,16.980835,16.667667,17,1,1,5,0.000,0,6681.182,707.667,6.000,16500.000,700.000,90.000,63.835,58,-1.000,-1.000
1642,16.800440,16.668239,17,1,1,5,0.000,0,6681.182,707.667,6.000,16500.000,700.000,90.000,63.835,58,-1.000,-1.000
1643,15.301339,16.667288,17,1,1,5,0.000,0,6681.182,707.667,6.000,16500.000,700.000,90.000,63.835,58,-1.000,-1.000
1644,17.380293,16.667287,17,1,1,5,0.000,0,6681.182,707.667,6.000,16500.000,700.000,90.000,63.835,58,-1.000,-1.000
1645,16.943004,16.667189,17,1,1,5,0.000,0,6681.182,707.667,6.000,16500.000,700.000,90.000,63.835,58,-1.000,-1.000
1646,16.725420,16.668078,17,1,1,5,0.000,0,6681.182,707.667,6.000,16500.000,700.000,90.000,63.835,58,-1.000,-1.000
1647,17.167728,16.668117,17,1,1,5,0.000,0,6681.182,707.667,6.000,16500.000,700.000,90.000,63.835,58,-1.000,-1.000
1648,17.244200,16.667829,17,1,1,5,0.000,0,6681.182,707.667,6.000,16500.000,700.000,90.000,63.835,58,-1.000,-1.000
1649,10.772912,16.667328,17,1,1,5,0.000,0,6681.182,707.667,6.000,16500.000,700.000,90.000,63.835,58,-1.000,-1.000
1650,16.649018,16.667118,17,1,1,5,0.000,0,6681.182,707.667,6.000,16500.000,700.000,90.000,63.835,58,-1.000,-1.000
1651,16.737099,16.668668,17,1,1,5,0.000,0,6681.182,707.667,6.000,16500.000,700.000,90.000,63.835,58,-1.000,-1.000
1652,19.311045,16.667608,17,1,1,5,0.000,0,6681.182,707.667,6.000,16500.000,700.000,90.000,63.835,58,-1.000,-1.000
1653,16.221519,16.667318,17,1,1,5,0.000,0,6681.182,707.667,6.000,16500.000,700.000,90.000,63.835,58,-1.000,-1.000
1654,14.537831,16.668548,17,1,1,5,0.000,0,6681.182,707.667,6.000,16500.000,700.000,90.000,63.835,58,-1.000,-1.000
1655,19.509390,16.667438,17,1,1,5,0.000,0,6681.182,707.667,6.000,16500.000,700.000,90.000,63.835,58,-1.000,-1.000
1656,17.367003,16.667028,17,1,1,5,0.000,0,6681.182,707.667,6.000,16500.000,700.000,90.000,63.835,58,-1.000,-1.000
1657,16.397752,16.667408,17,1,1,5,0.000,0,6681.182,707.667,6.000,16500.000,700.000,90.000,63.835,58,-1.000,-1.000
1658,16.222879,16.667339,17,1,1,5,0.000,0,6681.182,707.667,6.000,16500.000,700.000,90.000,63.835,58,-1.000,-1.000
1659,16.079265,16.667737,17,1,1,5,0.000,0,6681.182,707.667,6.000,16500.000,700.000,90.000,63.835,58,-1.000,-1.000
1660,17.616449,16.668578,17,1,1,5,0.000,0,6681.182,707.667,6.000,16500.000,700.000,90.000,63.835,58,-1.000,-1.000
1661,16.091135,16.668479,17,1,1,5,0.000,0,6681.182,707.667,6.000,16500.000,700.000,90.000,63.835,58,-1.000,-1.000
1662,17.031956,16.668467,17,1,1,5,0.000,0,6681.182,707.667,6.000,16500.000,700.000,90.000,63.835,58,-1.000,-1.000
1663,16.624597,16.668608,17,1,1,5,0.000,0,6681.182,707.667,6.000,16500.000,700.000,90.000,63.835,58,-1.000,-1.000
1664,15.642776,16.667859,17,1,1,5,0.000,0,6681.182,707.667,6.000,16500.000,700.000,90.000,63.835,58,-1.000,-1.000
1665,19.134901,16.667287,17,1,1,5,0.000,0,6681.182,707.667,6.000,16500.000,700.000,90.000,63.835,58,-1.000,-1.000
1666,16.504635,16.668159,17,1,1,5,0.000,0,6681.182,707.667,6.000,16500.000,700.000,90.000,63.835,58,-1.000,-1.000
1667,11.334243,16.667338,17,1,1,5,0.000,0,6681.182,707.667,6.000,16500.000,700.000,90.000,63.835,58,-1.000,-1.000
1668,18.677912,16.666997,17,1,1,5,0.000,0,6681.182,707.667,6.000,16500.000,700.000,90.000,63.835,58,-1.000,-1.000
1669,14.229475,16.667119,17,1,1,5,0.000,0,6681.182,707.667,6.000,16500.000,700.000,90.000,63.835,58,-1.000,-1.000
1670,19.080170,16.668438,17,1,1,5,0.000,0,6681.182,707.667,6.000,16500.000,700.000,90.000,63.835,58,-1.000,-1.000
1671,21.408119,16.667557,17,1,1,5,0.000,0,6681.182,707.667,6.000,16500.000,700.000,90.000,63.835,58,-1.000,-1.000
1672,10.684000,16.667109,17,1,1,5,0.000,0,6681.182,707.667,6.000,16500.000,700.000,90.000,63.835,58,-1.000,-1.000
1673,18.887386,16.668928,17,1,1,5,0.000,0,6681.182,707.667,6.000,16500.000,700.000,90.000,63.835,58,-1.000,-1.000
1674,20.381747,16.668357,17,1,1,5,0.000,0,6681.182,707.667,6.000,16500.000,700.000,90.000,63.835,58,-1.000,-1.000
1675,11.420926,16.667849,17,1,1,5,0.000,0,6681.182,707.667,6.000,16500.000,700.000,90.000,63.835,58,-1.000,-1.000
1676,16.499214,16.668668,17,1,1,5,0.000,0,6681.182,707.667,6.000,16500.000,700.000,90.000,63.835,58,-1.000,-1.000
1677,16.509395,16.669138,17,1,1,5,0.000,0,6681.182,707.667,6.000,16500.000,700.000,90.000,63.835,58,-1.000,-1.000
1678,16.242159,16.668168,17,1,1,5,0.000,0,6681.182,707.667,6.000,16500.000,700.000,90.000,63.835,58,-1.000,-1.000
1679,17.771792,16.668168,17,1,1,5,0.000,0,6681.182,707.667,6.000,16500.000,700.000,90.000,63.835,58,-1.000,-1.000
1680,15.691866,16.668368,17,1,1,5,0.000,0,6681.182,707.667,6.000,16500.000,700.000,90.000,63.835,58,-1.000,-1.000
1681,16.809022,16.668728,17,1,1,5,0.000,0,6681.182,707.667,6.000,16500.000,700.000,90.000,63.835,58,-1.000,-1.000
1682,16.660708,16.668909,17,1,1,5,0.000,0,6681.182,707.667,6.000,16500.000,700.000,90.000,63.835,58,-1.000,-1.000
1683,16.643947,16.667607,17,1,1,5,0.000,0,6681.182,707.667,6.000,16500.000,700.000,90.000,63.835,58,-1.000,-1.000
1684,16.558296,16.667918,17,1,1,5,0.000,0,6681.182,707.667,6.000,16500.000,700.000,90.000,63.835,58,-1.000,-1.000
1685,19.617232,16.668719,17,1,1,5,0.000,0,6681.182,707.667,6.000,16500.000,700.000,90.000,63.835,58,-1.000,-1.000
1686,13.849876,16.667437,17,1,1,5,0.000,0,6681.182,707.667,6.000,16500.000,700.000,90.000,63.835,58,-1.000,-1.000
1687,17.124348,16.668628,17,1,1,5,0.000,0,6681.182,707.667,6.000,16500.000,700.000,90.000,63.835,58,-1.000,-1.000
1688,19.679473,16.667969,17,1,1,5,0.000,0,6681.182,707.667,6.000,16500.000,700.000,90.000,63.835,58,-1.000,-1.000
1689,18.426336,16.667357,17,1,1,5,0.000,0,6681.182,707.667,6.000,16500.000,700.000,90.000,63.835,58,-1.000,-1.000
1690,16.010294,16.668708,17,1,1,5,0.000,0,6681.182,707.667,6.000,16500.000,700.000,90.000,63.835,58,-1.000,-1.000
1691,12.640951,16.667599,17,1,1,5,0.000,0,6681.182,707.667,6.000,16500.000,700.000,90.000,63.835,58,-1.000,-1.000
1692,16.392063,16.668347,17,1,1,5,0.000,0,6681.182,707.667,6.000,16500.000,700.000,90.000,63.835,58,-1.000,-1.000
1693,21.530022,16.667349,17,1,1,5,0.000,0,6681.182,707.667,6.000,16500.000,700.000,90.000,63.835,58,-1.000,-1.000
1694,12.471928,16.667678,17,1,1,5,0.000,0,6681.182,707.667,6.000,16500.000,700.000,90.000,63.835,58,-1.000,-1.000
1695,16.652467,16.667877,17,1,1,5,0.000,0,6681.182,707.667,6.000,16500.000,700.000,90.000,63.835,58,-1.000,-1.000
1696,17.418205,16.669209,17,1,1,5,0.000,0,6681.182,707.667,6.000,16500.000,700.000,90.000,63.835,58,-1.000,-1.000
1697,20.105642,16.668818,17,1,1,5,0.000,0,6681.182,707.667,6.000,16500.000,700.000,90.000,63.835,58,-1.000,-1.000
1698,17.094667,16.668378,17,1,1,5,0.000,0,6681.182,707.667,6.000,16500.000,700.000,90.000,63.835,58,-1.000,-1.000
1699,16.109556,16.667698,17,1,1,5,0.000,0,6681.182,707.667,6.000,16500.000,700.000,90.000,63.835,58,-1.000,-1.000
1700,16.763400,16.667758,17,1,1,5,0.000,0,6681.182,707.667,6.000,16500.000,700.000,90.000,63.835,58,-1.000,-1.000
1701,17.951606,16.669048,17,1,1,5,0.000,0,6681.182,707.667,6.000,16500.000,700.000,90.000,63.835,58,-1.000,-1.000
1702,15.215426,16.696819,17,1,1,5,0.000,0,6681.182,707.667,6.000,16500.000,700.000,90.000,63.835,58,-1.000,-1.000
1703,16.299970,16.667198,17,1,1,5,0.000,0,6681.182,707.667,6.000,16500.000,700.000,90.000,63.835,58,-1.000,-1.000
1704,17.230570,16.667707,17,1,1,5,0.000,0,6681.182,707.667,6.000,16500.000,700.000,90.000,63.835,58,-1.000,-1.000
1705,17.265002,16.668999,17,1,1,5,0.000,0,6681.182,707.667,6.000,16500.000,700.000,90.000,63.835,58,-1.000,-1.000
1706,16.649187,16.669028,17,1,1,5,0.000,0,6681.182,707.667,6.000,16500.000,700.000,90.000,63.835,58,-1.000,-1.000
1707,15.409952,16.668748,17,1,1,5,0.000,0,6681.182,707.667,6.000,16500.000,700.000,90.000,63.835,58,-1.000,-1.000
1708,18.063427,16.667988,17,1,1,5,0.000,0,6681.182,707.667,6.000,16500.000,700.000,90.000,63.835,58,-1.000,-1.000
1709,18.480297,16.667818,17,1,1,5,0.000,0,6681.182,707.667,6.000,16500.000,700.000,90.000,63.835,58,-1.000,-1.000
1710,9.228808,16.667118,17,1,1,5,0.000,0,6681.182,707.667,6.000,16500.000,700.000,90.000,63.835,58,-1.000,-1.000
1711,16.869572,16.668338,17,1,1,5,0.000,0,6681.182,707.667,6.000,16500.000,700.000,90.000,63.835,58,-1.000,-1.000
1712,16.834382,16.668678,17,1,1,5,0.000,0,6681.182,707.667,6.000,16500.000,700.000,90.000,63.835,58,-1.000,-1.000
1713,16.754940,16.667338,17,1,1,5,0.000,0,6681.182,707.667,6.000,16500.000,700.000,90.000,63.835,58,-1.000,-1.000
1714,18.417326,16.667988,17,1,1,5,0.000,0,6681.182,707.667,6.000,16500.000,700.000,90.000,63.835,58,-1.000,-1.000
1715,17.600868,16.669008,17,1,1,5,0.000,0,6681.182,707.667,6.000,16500.000,700.000,90.000,63.835,58,-1.000,-1.000
1716,16.060995,16.667468,17,1,1,5,0.000,0,6681.182,707.667,6.000,16500.000,700.000,90.000,63.835,58,-1.000,-1.000
1717,18.105629,16.669078,17,1,1,5,0.000,0,6681.182,707.667,6.000,16500.000,700.000,90.000,63.835,58,-1.000,-1.000
1718,12.950168,16.669188,17,1,1,5,0.000,0,6681.182,707.667,6.000,16500.000,700.000,90.000,63.835,58,-1.000,-1.000
1719,19.481518,16.668208,17,1,1,5,0.000,0,6681.182,707.667,6.000,16500.000,700.000,90.000,63.835,58,-1.000,-1.000
1720,14.245817,16.667668,17,1,1,5,0.000,0,6681.182,707.667,6.000,16500.000,700.000,90.000,63.835,58,-1.000,-1.000
1721,16.497474,16.667008,17,1,1,5,0.000,0,6681.182,707.667,6.000,16500.000,700.000,90.000,63.835,58,-1.000,-1.000
1722,17.823473,16.667058,17,1,1,5,0.000,0,6681.182,707.667,6.000,16500.000,700.000,90.000,63.835,58,-1.000,-1.000
1723,13.446898,16.666918,17,1,1,5,0.000,0,6681.182,707.667,6.000,16500.000,700.000,90.000,63.835,58,-1.000,-1.000
1724,19.518840,16.668078,17,1,1,5,0.000,0,6681.182,707.667,6.000,16500.000,700.000,90.000,63.835,58,-1.000,-1.000
1725,13.879728,16.667188,18,1,1,5,0.000,0,6681.182,707.667,6.000,16500.000,700.000,90.000,63.835,58,-1.000,-1.000
1726,16.756400,16.667199,18,1,1,5,0.000,0,6681.182,707.667,6.000,16500.000,700.000,90.000,63.835,58,-1.000,-1.000
1727,20.812556,16.667567,18,1,1,5,0.000,0,6681.182,707.667,6.000,16500.000,700.000,90.000,63.835,58,-1.000,-1.000
1728,16.636738,16.668618,18,1,1,5,0.000,0,6681.182,707.667,6.000,16500.000,700.000,90.000,63.835,58,-1.000,-1.000
1729,13.795917,16.667729,18,1,1,5,0.000,0,6681.182,707.667,6.000,16500.000,700.000,90.000,63.835,58,-1.000,-1.000
1730,16.556395,16.667417,18,1,1,5,0.000,0,6681.182,707.667,6.000,16500.000,700.000,90.000,63.835,58,-1.000,-1.000
1731,19.121300,16.668688,18,1,1,5,0.000,0,6681.182,707.667,6.000,16500.000,700.000,90.000,63.835,58,-1.000,-1.000
1732,15.337601,16.668309,18,1,1,5,0.000,0,6681.182,707.667,6.000,16500.000,700.000,90.000,63.835,58,-1.000,-1.000
1733,19.784445,16.671437,18,1,1,5,0.000,0,6681.182,707.667,6.000,16500.000,700.000,90.000,63.835,58,-1.000,-1.000
1734,15.158505,16.668478,18,1,1,5,0.000,0,6681.182,707.667,6.000,16500.000,700.000,90.000,63.835,58,-1.000,-1.000
1735,13.325096,16.667649,18,1,1,5,0.000,0,6681.182,707.667,6.000,16500.000,700.000,90.000,63.835,58,-1.000,-1.000
1736,19.937178,16.667397,18,1,1,5,0.000,0,6681.182,707.667,6.000,16500.000,700.000,90.000,63.835,58,-1.000,-1.000
1737,16.970945,16.667739,18,1,1,5,0.000,0,6681.182,707.667,6.000,16500.000,700.000,90.000,63.835,58,-1.000,-1.000
1738,14.968842,16.667628,18,1,1,5,0.000,0,6681.182,707.667,6.000,16500.000,700.000,90.000,63.835,58,-1.000,-1.000
1739,19.988319,16.667667,18,1,1,5,0.000,0,6681.182,707.667,6.000,16500.000,700.000,90.000,63.835,58,-1.000,-1.000
1740,11.977497,16.666949,18,1,1,5,0.000,0,6681.182,707.667,6.000,16500.000,700.000,90.000,63.835,58,-1.000,-1.000
1741,21.072223,16.666948,18,1,1,5,0.000,0,6681.182,707.667,6.000,16500.000,700.000,90.000,63.835,58,-1.000,-1.000
1742,12.772454,16.667707,18,1,1,5,0.000,0,6681.182,707.667,6.000,16500.000,700.000,90.000,63.835,58,-1.000,-1.000
1743,18.375525,16.667679,18,1,1,5,0.000,0,6681.182,707.667,6.000,16500.000,700.000,90.000,63.835,58,-1.000,-1.000
1744,20.015650,16.668878,18,1,1,5,0.000,0,6681.182,707.667,6.000,16500.000,700.000,90.000,63.835,58,-1.000,-1.000
1745,11.655950,16.667787,18,1,1,5,0.000,0,6681.182,707.667,6.000,16500.000,700.000,90.000,63.835,58,-1.000,-1.000
1746,16.507314,16.667359,18,1,1,5,0.000,0,6681.182,707.667,6.000,16500.000,700.000,90.000,63.835,58,-1.000,-1.000
1747,18.010097,16.669198,18,1,1,5,0.000,0,6681.182,707.667,6.000,16500.000,700.000,90.000,63.835,58,-1.000,-1.000
1748,19.657313,16.668528,18,1,1,5,0.000,0,6681.182,707.667,6.000,16500.000,700.000,90.000,63.835,58,-1.000,-1.000
1749,15.824040,16.669068,18,1,1,5,0.000,0,6681.182,707.667,6.000,16500.000,700.000,90.000,63.835,58,-1.000,-1.000
1750,17.879234,16.667568,18,1,1,5,0.000,0,6681.182,707.667,6.000,16500.000,700.000,90.000,63.835,58,-1.000,-1.000
1751,12.267893,16.669298,18,1,1,5,0.000,0,6681.182,707.667,6.000,16500.000,700.000,90.000,63.835,58,-1.000,-1.000
1752,18.451096,16.668448,18,1,1,5,0.000,0,6681.182,707.667,6.000,16500.000,700.000,90.000,63.835,58,-1.000,-1.000
1753,18.429727,16.667438,18,1,1,5,0.000,0,6681.182,707.667,6.000,16500.000,700.000,90.000,63.835,58,-1.000,-1.000
1754,17.397393,16.667958,18,1,1,5,0.000,0,6681.182,707.667,6.000,16500.000,700.000,90.000,63.835,58,-1.000,-1.000
1755,16.106416,16.667768,18,1,1,5,0.000,0,6681.182,707.667,6.000,16500.000,700.000,90.000,63.835,58,-1.000,-1.000
1756,16.591447,16.667648,18,1,1,5,0.000,0,6681.182,707.667,6.000,16500.000,700.000,90.000,63.835,58,-1.000,-1.000
1757,17.187959,16.667858,18,1,1,5,0.000,0,6681.182,707.667,6.000,16500.000,700.000,90.000,63.835,58,-1.000,-1.000
1758,11.887695,16.667238,18,1,1,5,0.000,0,6681.182,707.667,6.000,16500.000,700.000,90.000,63.835,58,-1.000,-1.000
1759,19.440407,16.667039,18,1,1,5,0.000,0,6681.182,707.667,6.000,16500.000,700.000,90.000,63.835,58,-1.000,-1.000
1760,15.675627,16.667577,18,1,1,5,0.000,0,6681.182,707.667,6.000,16500.000,700.000,90.000,63.835,58,-1.000,-1.000
1761,15.559855,16.667048,18,1,1,5,0.000,0,6681.182,707.667,6.000,16500.000,700.000,90.000,63.835,58,-1.000,-1.000
1762,17.223900,16.667519,18,1,1,5,0.000,0,6681.182,707.667,6.000,16500.000,700.000,90.000,63.835,58,-1.000,-1.000
1763,17.992086,16.667237,18,1,1,5,0.000,0,6681.182,707.667,6.000,16500.000,700.000,90.000,63.835,58,-1.000,-1.000
1764,14.371019,16.667828,18,1,1,5,0.000,0,6681.182,707.667,6.000,16500.000,700.000,90.000,63.835,58,-1.000,-1.000
1765,19.891757,16.667709,18,1,1,5,0.000,0,6681.182,707.667,6.000,16500.000,700.000,90.000,63.835,58,-1.000,-1.000
1766,16.086315,16.667807,18,1,1,5,0.000,0,6681.182,707.667,6.000,16500.000,700.000,90.000,63.835,58,-1.000,-1.000
1767,17.129218,16.668058,18,1,1,5,0.000,0,6681.182,707.667,6.000,16500.000,700.000,90.000,63.835,58,-1.000,-1.000
1768,17.989697,16.667879,18,1,1,5,0.000,0,6681.182,707.667,6.000,16500.000,700.000,90.000,63.835,58,-1.000,-1.000
1769,16.051594,16.668067,18,1,1,5,0.000,0,6681.182,707.667,6.000,16500.000,700.000,90.000,63.835,58,-1.000,-1.000
1770,16.217959,16.668118,18,1,1,5,0.000,0,6681.182,707.667,6.000,16500.000,700.000,90.000,63.835,58,-1.000,-1.000
1771,18.737532,16.668299,18,1,1,5,0.000,0,6681.182,707.667,6.000,16500.000,700.000,90.000,63.835,58,-1.000,-1.000
1772,15.118895,16.668147,18,1,1,5,0.000,0,6681.182,707.667,6.000,16500.000,700.000,90.000,63.835,58,-1.000,-1.000
1773,15.941362,16.668159,18,1,1,5,0.000,0,6681.182,707.667,6.000,16500.000,700.000,90.000,63.835,58,-1.000,-1.000
1774,18.814145,16.667478,18,1,1,5,0.000,0,6681.182,707.667,6.000,16500.000,700.000,90.000,63.835,58,-1.000,-1.000
1775,15.210356,16.667147,18,1,1,5,0.000,0,6681.182,707.667,6.000,16500.000,700.000,90.000,63.835,58,-1.000,-1.000
1776,15.878451,16.668799,18,1,1,5,0.000,0,6681.182,707.667,6.000,16500.000,700.000,90.000,63.835,58,-1.000,-1.000
1777,17.533297,16.668058,18,1,1,5,0.000,0,6681.182,707.667,6.000,16500.000,700.000,90.000,63.835,58,-1.000,-1.000
1778,15.639426,16.668937,18,1,1,5,0.000,0,6681.182,707.667,6.000,16500.000,700.000,90.000,63.835,58,-1.000,-1.000
1779,18.646611,16.667239,18,1,1,5,0.000,0,6681.182,707.667,6.000,16500.000,700.000,90.000,63.835,58,-1.000,-1.000
1780,12.017118,16.667648,18,1,1,5,0.000,0,6681.182,707.667,6.000,16500.000,700.000,90.000,63.835,58,-1.000,-1.000
1781,16.678578,16.668377,18,1,1,5,0.000,0,6681.182,707.667,6.000,16500.000,700.000,90.000,63.835,58,-1.000,-1.000
1782,19.900507,16.667079,18,1,1,5,0.000,0,6681.182,707.667,6.000,16500.000,700.000,90.000,63.835,58,-1.000,-1.000
1783,18.095689,16.667738,18,1,1,5,0.000,0,6681.182,707.667,6.000,16500.000,700.000,90.000,63.835,58,-1.000,-1.000
1784,12.294444,16.668928,18,1,1,5,0.000,0,6681.182,707.667,6.000,16500.000,700.000,90.000,63.835,58,-1.000,-1.000
1785,19.829546,16.668178,18,1,1,5,0.000,0,6681.182,707.667,6.000,16500.000,700.000,90.000,63.835,58,-1.000,-1.000
1786,18.398675,16.668778,18,1,1,5,0.000,0,6681.182,707.667,6.000,16500.000,700.000,90.000,63.835,58,-1.000,-1.000
1787,14.778148,16.667278,18,1,1,5,0.000,0,6681.182,707.667,6.000,16500.000,700.000,90.000,63.835,58,-1.000,-1.000
1788,18.854055,16.667998,18,1,1,5,0.000,0,6681.182,707.667,6.000,16500.000,700.000,90.000,63.835,58,-1.000,-1.000
1789,16.302900,16.668367,18,1,1,5,0.000,0,6681.182,707.667,6.000,16500.000,700.000,90.000,63.835,58,-1.000,-1.000
1790,16.340720,16.668819,18,1,1,5,0.000,0,6681.182,707.667,6.000,16500.000,700.000,90.000,63.835,58,-1.000,-1.000
1791,16.555567,16.667608,18,1,1,5,0.000,0,6681.182,707.667,6.000,16500.000,700.000,90.000,63.835,58,-1.000,-1.000
1792,15.768198,16.667547,18,1,1,5,0.000,0,6681.182,707.667,6.000,16500.000,700.000,90.000,63.835,58,-1.000,-1.000
1793,17.419724,16.667989,18,1,1,5,0.000,0,6681.182,707.667,6.000,16500.000,700.000,90.000,63.835,58,-1.000,-1.000
1794,12.140691,16.668798,18,1,1,5,0.000,0,6681.182,707.667,6.000,16500.000,700.000,90.000,63.835,58,-1.000,-1.000
1795,20.010430,16.668777,18,1,1,5,0.000,0,6681.182,707.667,6.000,16500.000,700.000,90.000,63.835,58,-1.000,-1.000
1796,17.917245,16.667979,18,1,1,5,0.000,0,6681.182,707.667,6.000,16500.000,700.000,90.000,63.835,58,-1.000,-1.000
1797,12.053858,16.667018,18,1,1,5,0.000,0,6681.182,707.667,6.000,16500.000,700.000,90.000,63.835,58,-1.000,-1.000
1798,16.586877,16.667608,18,1,1,5,0.000,0,6681.182,707.667,6.000,16500.000,700.000,90.000,63.835,58,-1.000,-1.000
1799,17.671159,16.668498,18,1,1,5,0.000,0,6681.182,707.667,6.000,16500.000,700.000,90.000,63.835,58,-1.000,-1.000
1800,18.689672,16.668458,18,1,1,5,0.000,0,6681.182,707.667,6.000,16500.000,700.000,90.000,63.835,58,-1.000,-1.000
1801,17.075316,16.668738,18,1,1,5,0.000,0,6681.182,707.667,6.000,16500.000,700.000,90.000,63.835,58,-1.000,-1.000
1802,17.497477,16.668058,18,1,1,5,0.000,0,6681.182,707.667,6.000,16500.000,700.000,90.000,63.835,58,-1.000,-1.000
1803,17.507025,16.667568,18,1,1,5,0.000,0,6681.182,707.667,6.000,16500.000,700.000,90.000,63.835,58,-1.000,-1.000
1804,16.551206,16.669268,18,1,1,5,0.000,0,6681.182,707.667,6.000,16500.000,700.000,90.000,63.835,58,-1.000,-1.000
1805,16.103576,16.667378,18,1,1,5,0.000,0,6681.182,707.667,6.000,16500.000,700.000,90.000,63.835,58,-1.000,-1.000
1806,17.638488,16.667648,18,1,1,5,0.000,0,6681.182,707.667,6.000,16500.000,700.000,90.000,63.835,58,-1.000,-1.000
1807,14.463412,16.667518,18,1,1,5,0.000,0,6681.182,707.667,6.000,16500.000,700.000,90.000,63.835,58,-1.000,-1.000
1808,17.663808,16.668358,18,1,1,5,0.000,0,6681.182,707.667,6.000,16500.000,700.000,90.000,63.835,58,-1.000,-1.000
1809,17.201771,16.669038,18,1,1,5,0.000,0,6681.182,707.667,6.000,16500.000,700.000,90.000,63.835,58,-1.000,-1.000
1810,17.180838,16.668968,18,1,1,5,0.000,0,6681.182,707.667,6.000,16500.000,700.000,90.000,63.835,58,-1.000,-1.000
1811,16.531505,16.667588,18,1,1,5,0.000,0,6681.182,707.667,6.000,16500.000,700.000,90.000,63.835,58,-1.000,-1.000
1812,14.960101,16.667429,18,1,1,5,0.000,0,6681.182,707.667,6.000,16500.000,700.000,90.000,63.835,58,-1.000,-1.000
1813,17.235231,16.667577,18,1,1,5,0.000,0,6681.182,707.667,6.000,16500.000,700.000,90.000,63.835,58,-1.000,-1.000
1814,16.954985,16.668308,18,1,1,5,0.000,0,6681.182,707.667,6.000,16500.000,700.000,90.000,63.835,58,-1.000,-1.000
1815,16.537584,16.667179,18,1,1,5,0.000,0,6681.182,707.667,6.000,16500.000,700.000,90.000,63.835,58,-1.000,-1.000
1816,12.775945,16.667107,18,1,1,5,0.000,0,6681.182,707.667,6.000,16500.000,700.000,90.000,63.835,58,-1.000,-1.000
1817,17.183019,16.668998,18,1,1,5,0.000,0,6681.182,707.667,6.000,16500.000,700.000,90.000,63.835,58,-1.000,-1.000
1818,18.373314,16.667279,18,1,1,5,0.000,0,6681.182,707.667,6.000,16500.000,700.000,90.000,63.835,58,-1.000,-1.000
1819,17.302892,16.668737,18,1,1,5,0.000,0,6681.182,707.667,6.000,16500.000,700.000,90.000,63.835,58,-1.000,-1.000
1820,16.303220,16.667708,18,1,1,5,0.000,0,6681.182,707.667,6.000,16500.000,700.000,90.000,63.835,58,-1.000,-1.000
1821,18.773234,16.668339,18,1,1,5,0.000,0,6681.182,707.667,6.000,16500.000,700.000,90.000,63.835,58,-1.000,-1.000
1822,17.828503,16.668067,18,1,1,5,0.000,0,6681.182,707.667,6.000,16500.000,700.000,90.000,63.835,58,-1.000,-1.000
1823,15.327569,16.667738,18,1,1,5,0.000,0,6681.182,707.667,6.000,16500.000,700.000,90.000,63.835,58,-1.000,-1.000
1824,12.232612,16.667179,18,1,1,5,0.000,0,6681.182,707.667,6.000,16500.000,700.000,90.000,63.835,58,-1.000,-1.000
1825,19.452409,16.667467,18,1,1,5,0.000,0,6681.182,707.667,6.000,16500.000,700.000,90.000,63.835,58,-1.000,-1.000
1826,14.083942,16.667948,18,1,1,5,0.000,0,6681.182,707.667,6.000,16500.000,700.000,90.000,63.835,58,-1.000,-1.000
1827,18.627470,16.668469,18,1,1,5,0.000,0,6681.182,707.667,6.000,16500.000,700.000,90.000,63.835,58,-1.000,-1.000
1828,16.347512,16.669027,18,1,1,5,0.000,0,6681.182,707.667,6.000,16500.000,700.000,90.000,63.835,58,-1.000,-1.000
1829,16.598255,16.668239,18,1,1,5,0.000,0,6681.182,707.667,6.000,16500.000,700.000,90.000,63.835,58,-1.000,-1.000
1830,17.709831,16.668968,18,1,1,5,0.000,0,6681.182,707.667,6.000,16500.000,700.000,90.000,63.835,58,-1.000,-1.000
1831,14.056752,16.668657,18,1,1,5,0.000,0,6681.182,707.667,6.000,16500.000,700.000,90.000,63.835,58,-1.000,-1.000
1832,16.578367,16.667109,18,1,1,5,0.000,0,6681.182,707.667,6.000,16500.000,700.000,90.000,63.835,58,-1.000,-1.000
1833,20.944828,16.667118,18,1,1,5,0.000,0,6681.182,707.667,6.000,16500.000,700.000,90.000,63.835,58,-1.000,-1.000
1834,16.147238,16.681128,18,1,1,5,0.000,0,6681.182,707.667,6.000,16500.000,700.000,90.000,63.835,58,-1.000,-1.000
1835,17.473975,16.668908,18,1,1,5,0.000,0,6681.182,707.667,6.000,16500.000,700.000,90.000,63.835,58,-1.000,-1.000
1836,17.159558,16.667328,18,1,1,5,0.000,0,6681.182,707.667,6.000,16500.000,700.000,90.000,63.835,58,-1.000,-1.000
1837,15.658267,16.668148,18,1,1,5,0.000,0,6681.182,707.667,6.000,16500.000,700.000,90.000,63.835,58,-1.000,-1.000
1838,16.262969,16.668418,18,1,1,5,0.000,0,6681.182,707.667,6.000,16500.000,700.000,90.000,63.835,58,-1.000,-1.000
1839,12.048179,16.667168,18,1,1,5,0.000,0,6681.182,707.667,6.000,16500.000,700.000,90.000,63.835,58,-1.000,-1.000
1840,20.083551,16.669108,18,1,1,5,0.000,0,6681.182,707.667,6.000,16500.000,700.000,90.000,63.835,58,-1.000,-1.000
1841,14.335899,16.667338,18,1,1,5,0.000,0,6681.182,707.667,6.000,16500.000,700.000,90.000,63.835,58,-1.000,-1.000
1842,16.455823,16.668128,18,1,1,5,0.000,0,6681.182,707.667,6.000,16500.000,700.000,90.000,63.835,58,-1.000,-1.000
1843,19.922038,16.677748,18,1,1,5,0.000,0,6681.182,707.667,6.000,16500.000,700.000,90.000,63.835,58,-1.000,-1.000
1844,13.717915,16.667258,18,1,1,5,0.000,0,6681.182,707.667,6.000,16500.000,700.000,90.000,63.835,58,-1.000,-1.000
1845,19.899967,16.668399,19,1,1,5,0.000,0,6681.182,707.667,6.000,16500.000,700.000,90.000,63.835,58,-1.000,-1.000
1846,18.914356,16.667127,19,1,1,5,0.000,0,6681.182,707.667,6.000,16500.000,700.000,90.000,63.835,58,-1.000,-1.000
1847,31.111059,16.667698,19,1,1,5,0.000,0,6681.182,707.667,6.000,16500.000,700.000,90.000,63.835,58,-1.000,-1.000
1848,9.140996,23.935105,19,1,1,5,0.000,0,6681.182,707.667,6.000,16500.000,700.000,90.000,63.835,58,-1.000,-1.000
1849,14.977212,16.668787,19,1,1,5,0.000,0,6681.182,707.667,6.000,16500.000,700.000,90.000,63.835,58,-1.000,-1.000
1850,12.571659,16.667078,19,1,1,5,0.000,0,6681.182,707.667,6.000,6140.000,390.000,90.000,63.835,58,-1.000,-1.000
1851,22.071784,16.668179,19,1,0,5,0.000,1,6681.182,707.667,6.000,6140.000,390.000,90.000,63.835,58,-1.000,-1.000
1852,12.642732,16.668167,19,1,0,5,0.000,1,6681.182,707.667,6.000,6140.000,390.000,90.000,63.835,58,-1.000,-1.000
1853,16.182597,16.667418,19,1,0,5,0.000,1,6681.182,707.667,6.000,6140.000,390.000,90.000,63.835,58,-1.000,-1.000
1854,16.327831,16.667869,19,1,0,5,0.000,1,6681.182,707.667,6.000,6140.000,390.000,90.000,63.835,58,-1.000,-1.000
1855,18.877285,16.668797,19,1,0,5,0.000,1,6681.182,707.667,6.000,6140.000,390.000,90.000,63.835,58,-1.000,-1.000
1856,14.583264,16.667358,19,1,0,5,0.000,1,6681.182,707.667,6.000,6140.000,390.000,90.000,63.835,58,-1.000,-1.000
1857,16.884763,16.667019,19,1,0,5,0.000,1,6681.182,707.667,6.000,6140.000,390.000,90.000,63.835,58,-1.000,-1.000
1858,16.501904,16.668147,19,1,0,5,0.000,1,6681.182,707.667,6.000,6140.000,390.000,90.000,63.835,58,-1.000,-1.000
1859,19.819736,16.668008,19,1,0,5,0.000,1,6681.182,707.667,6.000,6140.000,390.000,90.000,63.835,58,-1.000,-1.000
1860,15.172745,16.668309,19,1,0,5,0.000,1,6681.182,707.667,6.000,6140.000,390.000,90.000,63.835,58,-1.000,-1.000
1861,17.742212,16.668237,19,1,0,5,0.000,1,6681.182,707.667,6.000,6140.000,390.000,90.000,63.835,58,-1.000,-1.000
1862,17.230840,16.667068,19,1,0,5,0.000,1,6681.182,707.667,6.000,6140.000,390.000,90.000,63.835,58,-1.000,-1.000
1863,13.144192,16.668719,19,1,0,5,0.000,1,6681.182,707.667,6.000,6140.000,390.000,90.000,63.835,58,-1.000,-1.000
1864,19.941838,16.667517,19,1,0,5,0.000,1,6681.182,707.667,6.000,6140.000,390.000,90.000,63.835,58,-1.000,-1.000
1865,16.385003,16.686369,19,1,0,5,0.000,1,6681.182,707.667,6.000,6140.000,390.000,90.000,63.835,58,-1.000,-1.000
1866,16.465023,16.667058,19,1,0,5,0.000,1,6681.182,707.667,6.000,6140.000,390.000,90.000,63.835,58,-1.000,-1.000
1867,18.749123,16.668487,19,1,0,5,0.000,1,6681.182,707.667,6.000,6140.000,390.000,90.000,63.835,58,-1.000,-1.000
1868,15.597564,16.667679,19,1,0,5,0.000,1,6681.182,707.667,6.000,6140.000,390.000,90.000,63.835,58,-1.000,-1.000
1869,19.588291,16.667158,19,1,0,5,0.000,1,6681.182,707.667,6.000,6140.000,390.000,90.000,63.835,58,-1.000,-1.000
1870,15.283118,16.668637,19,1,0,5,0.000,1,6681.182,707.667,6.000,6140.000,390.000,90.000,63.835,58,-1.000,-1.000
1871,15.331710,16.667529,19,1,0,5,0.000,1,6681.182,707.667,6.000,6140.000,390.000,90.000,63.835,58,-1.000,-1.000
1872,15.858610,16.667198,19,1,0,5,0.000,1,6681.182,707.667,6.000,6140.000,390.000,90.000,63.835,58,-1.000,-1.000
1873,17.972386,16.668777,19,1,0,5,0.000,1,6681.182,707.667,6.000,6140.000,390.000,90.000,63.835,58,-1.000,-1.000
1874,12.215003,16.668629,19,1,0,5,0.000,1,6681.182,707.667,6.000,6140.000,390.000,90.000,63.835,58,-1.000,-1.000
1875,16.432533,16.668208,19,1,0,5,0.000,1,6681.182,707.667,6.000,6140.000,390.000,90.000,63.835,58,-1.000,-1.000
1876,16.659788,16.668358,19,1,0,5,0.000,1,6681.182,707.667,6.000,6140.000,390.000,90.000,63.835,58,-1.000,-1.000
1877,16.633887,16.667458,19,1,0,5,0.000,1,6681.182,707.667,6.000,6140.000,390.000,90.000,63.835,58,-1.000,-1.000
1878,16.997025,16.668338,19,1,0,5,0.000,1,6681.182,707.667,6.000,6140.000,390.000,90.000,63.835,58,-1.000,-1.000
1879,16.447334,16.667688,19,1,0,5,0.000,1,6681.182,707.667,6.000,6140.000,390.000,90.000,63.835,58,-1.000,-1.000
1880,16.755340,16.667528,19,1,0,5,0.000,1,6681.182,707.667,6.000,6140.000,390.000,90.000,63.835,58,-1.000,-1.000
1881,16.678527,16.668228,19,1,0,5,0.000,1,6681.182,707.667,6.000,6140.000,390.000,90.000,63.835,58,-1.000,-1.000
1882,16.700259,16.668578,19,1,0,5,0.000,1,6681.182,707.667,6.000,6140.000,390.000,90.000,63.835,58,-1.000,-1.000
1883,16.487354,16.668008,19,1,0,5,0.000,1,6681.182,707.667,6.000,6140.000,390.000,90.000,63.835,58,-1.000,-1.000
1884,16.886723,16.667358,19,1,0,5,0.000,1,6681.182,707.667,6.000,6140.000,390.000,90.000,63.835,58,-1.000,-1.000
1885,16.715089,16.668348,19,1,0,5,0.000,1,6681.182,707.667,6.000,6140.000,390.000,90.000,63.835,58,-1.000,-1.000
1886,16.504144,16.667938,19,1,0,5,0.000,1,6681.182,707.667,6.000,6140.000,390.000,90.000,63.835,58,-1.000,-1.000
1887,17.053987,16.667158,19,1,0,5,0.000,1,6681.182,707.667,6.000,6140.000,390.000,90.000,63.835,58,-1.000,-1.000
1888,16.472484,16.667558,19,1,0,5,0.000,1,6681.182,707.667,6.000,6140.000,390.000,90.000,63.835,58,-1.000,-1.000
1889,16.660258,16.668488,19,1,0,5,0.000,1,6681.182,707.667,6.000,6140.000,390.000,90.000,63.835,58,-1.000,-1.000
1890,16.407902,16.668918,19,1,0,5,0.000,1,6681.182,707.667,6.000,6140.000,390.000,90.000,63.835,58,-1.000,-1.000
1891,16.756960,16.668408,19,1,0,5,0.000,1,6681.182,707.667,6.000,6140.000,390.000,90.000,63.835,58,-1.000,-1.000
1892,16.631137,16.668598,19,1,0,5,0.000,1,6681.182,707.667,6.000,6140.000,390.000,90.000,63.835,58,-1.000,-1.000
1893,16.659428,16.668998,19,1,0,5,0.000,1,6681.182,707.667,6.000,6140.000,390.000,90.000,63.835,58,-1.000,-1.000
1894,16.702609,16.668218,19,1,0,5,0.000,1,6681.182,707.667,6.000,6140.000,390.000,90.000,63.835,58,-1.000,-1.000
1895,16.606456,16.668428,19,1,0,5,0.000,1,6681.182,707.667,6.000,6140.000,390.000,90.000,63.835,58,-1.000,-1.000
1896,16.780481,16.667829,19,1,0,5,0.000,1,6681.182,707.667,6.000,6140.000,390.000,90.000,63.835,58,-1.000,-1.000
1897,16.677398,16.668277,19,1,0,5,0.000,1,6681.182,707.667,6.000,6140.000,390.000,90.000,63.835,58,-1.000,-1.000
1898,16.662867,16.667458,19,1,0,5,0.000,1,6681.182,707.667,6.000,6140.000,390.000,90.000,63.835,58,-1.000,-1.000
1899,17.958946,16.668159,19,1,0,5,0.000,1,6681.182,707.667,6.000,6140.000,390.000,90.000,63.835,58,-1.000,-1.000
1900,15.529384,16.667727,19,1,0,5,0.000,1,6681.182,707.667,6.000,6140.000,390.000,90.000,63.835,58,-1.000,-1.000
1901,17.019936,16.668698,19,1,0,5,0.000,1,6681.182,707.667,6.000,6140.000,390.000,90.000,63.835,58,-1.000,-1.000
1902,16.278059,16.668729,19,1,0,5,0.000,1,6681.182,707.667,6.000,6140.000,390.000,90.000,63.835,58,-1.000,-1.000
1903,16.532216,16.668657,19,1,0,5,0.000,1,6681.182,707.667,6.000,6140.000,390.000,90.000,63.835,58,-1.000,-1.000
1904,16.531814,16.668328,19,1,0,5,0.000,1,6681.182,707.667,6.000,6140.000,390.000,90.000,63.835,58,-1.000,-1.000
1905,16.661178,16.667419,19,1,0,5,0.000,1,6681.182,707.667,6.000,6140.000,390.000,90.000,63.835,58,-1.000,-1.000
1906,17.183469,16.667147,19,1,0,5,0.000,1,6681.182,707.667,6.000,6140.000,390.000,90.000,63.835,58,-1.000,-1.000
1907,16.240399,16.667938,19,1,0,5,0.000,1,6681.182,707.667,6.000,6140.000,390.000,90.000,63.835,58,-1.000,-1.000
1908,16.835882,16.668769,19,1,0,5,0.000,1,6681.182,707.667,6.000,6140.000,390.000,90.000,63.835,58,-1.000,-1.000
1909,16.604687,16.668807,19,1,0,5,0.000,1,6681.182,707.667,6.000,6140.000,390.000,90.000,63.835,58,-1.000,-1.000
1910,16.704808,16.668798,19,1,0,5,0.000,1,6681.182,707.667,6.000,6140.000,390.000,90.000,63.835,58,-1.000,-1.000
1911,16.523545,16.668829,19,1,0,5,0.000,1,6681.182,707.667,6.000,6140.000,390.000,90.000,63.835,58,-1.000,-1.000
1912,16.833362,16.668967,19,1,0,5,0.000,1,6681.182,707.667,6.000,6140.000,390.000,90.000,63.835,58,-1.000,-1.000
1913,16.478913,16.667128,19,1,0,5,0.000,1,6681.182,707.667,6.000,6140.000,390.000,90.000,63.835,58,-1.000,-1.000
1914,16.718360,16.668429,19,1,0,5,0.000,1,6681.182,707.667,6.000,6140.000,390.000,90.000,63.835,58,-1.000,-1.000
1915,16.926093,16.668007,19,1,0,5,0.000,1,6681.182,707.667,6.000,6140.000,390.000,90.000,63.835,58,-1.000,-1.000
1916,17.069737,16.667588,19,1,0,5,0.000,1,6681.182,707.667,6.000,6140.000,390.000,90.000,63.835,58,-1.000,-1.000
1917,16.706359,16.667709,19,1,0,5,0.000,1,6681.182,707.667,6.000,6140.000,390.000,90.000,63.835,58,-1.000,-1.000
1918,16.508524,16.667097,19,1,0,5,0.000,1,6681.182,707.667,6.000,6140.000,390.000,90.000,63.835,58,-1.000,-1.000
1919,16.431874,16.668668,19,1,0,5,0.000,1,6681.182,707.667,6.000,6140.000,390.000,90.000,63.835,58,-1.000,-1.000
1920,16.643586,16.667859,19,1,0,5,0.000,1,6681.182,707.667,6.000,6140.000,390.000,90.000,63.835,58,-1.000,-1.000
1921,16.932624,16.667337,19,1,0,5,0.000,1,6681.182,707.667,6.000,6140.000,390.000,90.000,63.835,58,-1.000,-1.000
1922,16.653818,16.668858,19,1,0,5,0.000,1,6681.182,707.667,6.000,6140.000,390.000,90.000,63.835,58,-1.000,-1.000
1923,16.528555,16.668619,19,1,0,5,0.000,1,6681.182,707.667,6.000,6140.000,390.000,90.000,63.835,58,-1.000,-1.000
1924,16.555936,16.668137,19,1,0,5,0.000,1,6681.182,707.667,6.000,6140.000,390.000,90.000,63.835,58,-1.000,-1.000
1925,16.557645,16.667498,19,1,0,5,0.000,1,6681.182,707.667,6.000,6140.000,390.000,90.000,63.835,58,-1.000,-1.000
1926,17.119208,16.668378,19,1,0,5,0.000,1,6681.182,707.667,6.000,6140.000,390.000,90.000,63.835,58,-1.000,-1.000
1927,16.403112,16.668738,19,1,0,5,0.000,1,6681.182,707.667,6.000,6140.000,390.000,90.000,63.835,58,-1.000,-1.000
1928,18.354364,16.668978,19,1,0,5,0.000,1,6681.182,707.667,6.000,6140.000,390.000,90.000,63.835,58,-1.000,-1.000
1929,14.852929,16.668418,19,1,0,5,0.000,1,6681.182,707.667,6.000,6140.000,390.000,90.000,63.835,58,-1.000,-1.000
1930,17.568268,16.668538,19,1,0,5,0.000,1,6681.182,707.667,6.000,6140.000,390.000,90.000,63.835,58,-1.000,-1.000
1931,15.538833,16.668309,19,1,0,5,0.000,1,6681.182,707.667,6.000,6140.000,390.000,90.000,63.835,58,-1.000,-1.000
1932,16.846892,16.667617,19,1,0,5,0.000,1,6681.182,707.667,6.000,6140.000,390.000,90.000,63.835,58,-1.000,-1.000
1933,20.983331,16.668358,19,1,0,5,0.000,1,6681.182,707.667,6.000,6140.000,390.000,90.000,63.835,58,-1.000,-1.000
1934,17.019686,16.667689,19,1,0,5,0.000,1,6681.182,707.667,6.000,6140.000,390.000,90.000,63.835,58,-1.000,-1.000
1935,16.143576,16.668887,19,1,0,5,0.000,1,6681.182,707.667,6.000,6140.000,390.000,90.000,63.835,58,-1.000,-1.000
1936,12.485119,16.667758,19,1,0,5,0.000,1,6681.182,707.667,6.000,6140.000,390.000,90.000,63.835,58,-1.000,-1.000
1937,17.561497,16.668549,19,1,0,5,0.000,1,6681.182,707.667,6.000,6140.000,390.000,90.000,63.835,58,-1.000,-1.000
1938,20.701995,16.668677,19,1,0,5,0.000,1,6681.182,707.667,6.000,6140.000,390.000,90.000,63.835,58,-1.000,-1.000
1939,11.843964,16.666998,19,1,0,5,0.000,1,6681.182,707.667,6.000,6140.000,390.000,90.000,63.835,58,-1.000,-1.000
1940,17.416734,16.667289,19,1,0,5,0.000,1,6681.182,707.667,6.000,6140.000,390.000,90.000,63.835,58,-1.000,-1.000
1941,19.089710,16.667157,19,1,0,5,0.000,1,6681.182,707.667,6.000,6140.000,390.000,90.000,63.835,58,-1.000,-1.000
1942,16.501255,16.668158,19,1,0,5,0.000,1,6681.182,707.667,6.000,6140.000,390.000,90.000,63.835,58,-1.000,-1.000
1943,16.543884,16.667089,19,1,0,5,0.000,1,6681.182,707.667,6.000,6140.000,390.000,90.000,63.835,58,-1.000,-1.000
1944,13.696185,16.667317,19,1,0,5,0.000,1,6681.182,707.667,6.000,6140.000,390.000,90.000,63.835,58,-1.000,-1.000
1945,17.239900,16.668658,19,1,0,5,0.000,1,6681.182,707.667,6.000,6140.000,390.000,90.000,63.835,58,-1.000,-1.000
1946,16.230668,16.668129,19,1,0,5,0.000,1,6681.182,707.667,6.000,6140.000,390.000,90.000,63.835,58,-1.000,-1.000
1947,16.509755,16.688397,19,1,0,5,0.000,1,6681.182,707.667,6.000,6140.000,390.000,90.000,63.835,58,-1.000,-1.000
1948,17.302522,16.667669,19,1,0,5,0.000,1,6681.182,707.667,6.000,6140.000,390.000,90.000,63.835,58,-1.000,-1.000
1949,17.023095,16.817331,19,1,0,5,0.000,1,6681.182,707.667,6.000,6140.000,390.000,90.000,63.835,58,-1.000,-1.000
1950,16.637458,16.668098,19,1,0,5,0.000,1,6681.182,707.667,6.000,6140.000,390.000,90.000,63.835,58,-1.000,-1.000
1951,17.070407,16.669138,19,1,0,5,0.000,1,6681.182,707.667,6.000,6140.000,390.000,90.000,63.835,58,-1.000,-1.000
1952,16.473433,16.668358,19,1,0,5,0.000,1,6681.182,707.667,6.000,6140.000,390.000,90.000,63.835,58,-1.000,-1.000
1953,16.332382,16.667308,19,1,0,5,0.000,1,6681.182,707.667,6.000,6140.000,390.000,90.000,63.835,58,-1.000,-1.000
1954,19.876386,16.668098,19,1,0,5,0.000,1,6681.182,707.667,6.000,6140.000,390.000,90.000,63.835,58,-1.000,-1.000
1955,13.408428,16.668108,19,1,0,5,0.000,1,6681.182,707.667,6.000,6140.000,390.000,90.000,63.835,58,-1.000,-1.000
1956,19.918668,16.667578,19,1,0,5,0.000,1,6681.182,707.667,6.000,6140.000,390.000,90.000,63.835,58,-1.000,-1.000
1957,17.891274,16.668548,19,1,0,5,0.000,1,6681.182,707.667,6.000,6140.000,390.000,90.000,63.835,58,-1.000,-1.000
1958,16.792701,16.667458,19,1,0,5,0.000,1,6681.182,707.667,6.000,6140.000,390.000,90.000,63.835,58,-1.000,-1.000
1959,12.160451,16.667638,19,1,0,5,0.000,1,6681.182,707.667,6.000,6140.000,390.000,90.000,63.835,58,-1.000,-1.000
1960,17.721951,16.668498,19,1,0,5,0.000,1,6681.182,707.667,6.000,6140.000,390.000,90.000,63.835,58,-1.000,-1.000
1961,20.923159,16.667408,19,1,0,5,0.000,1,6681.182,707.667,6.000,6140.000,390.000,90.000,63.835,58,-1.000,-1.000
1962,14.684975,16.667737,19,1,0,5,0.000,1,6681.182,707.667,6.000,6140.000,390.000,90.000,63.835,58,-1.000,-1.000
1963,16.396122,16.667109,19,1,0,5,0.000,1,6681.182,707.667,6.000,6140.000,390.000,90.000,63.835,58,-1.000,-1.000
1964,13.136013,16.667758,19,1,0,5,0.000,1,6681.182,707.667,6.000,6140.000,390.000,90.000,63.835,58,-1.000,-1.000
1965,17.212690,16.668467,21,1,0,5,0.000,1,6681.182,707.667,6.000,6140.000,390.000,90.000,63.835,58,-1.000,-1.000
1966,188.943098,16.668299,21,1,0,5,0.000,1,6681.182,707.667,6.000,6140.000,390.000,90.000,63.835,58,-1.000,-1.000
1967,7.027741,176.811427,21,1,0,5,0.000,1,6681.182,707.667,6.000,6140.000,390.000,90.000,63.835,58,-1.000,-1.000
1968,12.088469,16.667529,21,1,0,5,0.000,1,6681.182,707.667,6.000,6140.000,390.000,90.000,63.835,58,-1.000,-1.000
1969,17.102328,16.677437,21,1,0,5,0.000,1,6681.182,707.667,6.000,6140.000,390.000,90.000,63.835,58,-1.000,-1.000
1970,17.474294,16.667469,21,1,0,5,0.000,1,6681.182,707.667,6.000,6140.000,390.000,90.000,63.835,58,-1.000,-1.000
1971,16.570567,16.667348,21,1,0,5,0.000,1,6681.182,707.667,6.000,6140.000,390.000,90.000,63.835,58,-1.000,-1.000
1972,16.722059,16.668577,21,1,0,5,0.000,1,6681.182,707.667,6.000,6140.000,390.000,90.000,63.835,58,-1.000,-1.000
1973,16.784170,16.667059,21,1,0,5,0.000,1,6681.182,707.667,6.000,6140.000,390.000,90.000,63.835,58,-1.000,-1.000
1974,16.688589,16.668148,21,1,0,5,0.000,1,6681.182,707.667,6.000,6140.000,390.000,90.000,63.835,58,-1.000,-1.000
1975,17.274920,16.668037,21,1,0,5,0.000,1,6681.182,707.667,6.000,6140.000,390.000,90.000,63.835,58,-1.000,-1.000
1976,17.635799,16.668689,21,1,0,5,0.000,1,6681.182,707.667,6.000,6140.000,390.000,90.000,63.835,58,-1.000,-1.000
1977,15.839301,16.668258,21,1,0,5,0.000,1,6681.182,707.667,6.000,6140.000,390.000,90.000,63.835,58,-1.000,-1.000
1978,16.721559,16.668487,21,1,0,5,0.000,1,6681.182,707.667,6.000,6140.000,390.000,90.000,63.835,58,-1.000,-1.000
1979,16.532905,16.668899,21,1,0,5,0.000,1,6681.182,707.667,6.000,6140.000,390.000,90.000,63.835,58,-1.000,-1.000
1980,16.658468,16.668427,21,1,0,5,0.000,1,6681.182,707.667,6.000,6140.000,390.000,90.000,63.835,58,-1.000,-1.000
1981,16.585986,16.668038,21,1,0,5,0.000,1,6681.182,707.667,6.000,6140.000,390.000,90.000,63.835,58,-1.000,-1.000
1982,16.846242,16.668889,21,1,0,5,0.000,1,6681.182,707.667,6.000,6140.000,390.000,90.000,63.835,58,-1.000,-1.000
1983,18.881055,16.668487,21,1,0,5,0.000,1,6681.182,707.667,6.000,6140.000,390.000,90.000,63.835,58,-1.000,-1.000
1984,14.046712,16.668228,21,1,0,5,0.000,1,6681.182,707.667,6.000,6140.000,390.000,90.000,63.835,58,-1.000,-1.000
1985,18.831045,16.668679,21,1,0,5,0.000,1,6681.182,707.667,6.000,6140.000,390.000,90.000,63.835,58,-1.000,-1.000
1986,19.286734,16.667657,24,1,0,5,0.000,1,6681.182,707.667,6.000,6140.000,390.000,90.000,63.835,58,-1.000,-1.000
1987,16.729089,16.668258,24,1,0,5,0.000,1,6681.182,707.667,6.000,6770.000,700.000,90.000,63.835,58,-1.000,-1.000
1988,12.351545,16.668599,24,1,0,5,0.000,1,6681.182,707.667,6.000,6770.000,700.000,90.000,63.835,58,-1.000,-1.000
1989,16.398583,16.667747,24,1,0,5,0.000,1,6681.182,707.667,6.000,6770.000,700.000,90.000,63.835,58,-1.000,-1.000
1990,16.617696,16.669008,24,1,0,5,0.000,1,6681.182,707.667,6.000,6770.000,700.000,90.000,63.835,58,-1.000,-1.000
1991,18.904956,16.667379,24,1,0,5,0.000,1,6681.182,707.667,6.000,6770.000,700.000,90.000,63.835,58,-1.000,-1.000
1992,19.177692,16.667347,24,1,0,5,0.000,1,6681.182,707.667,6.000,6770.000,700.000,90.000,63.835,58,-1.000,-1.000
1993,16.655208,16.668398,24,1,0,5,0.000,1,6681.182,707.667,6.000,6770.000,700.000,90.000,63.835,58,-1.000,-1.000
1994,11.693492,16.667719,24,1,0,5,0.000,1,6681.182,707.667,6.000,6770.000,700.000,90.000,63.835,58,-1.000,-1.000
1995,16.976044,16.668927,24,1,0,5,0.000,1,6681.182,707.667,6.000,6770.000,700.000,90.000,63.835,58,-1.000,-1.000
1996,19.044839,16.668098,24,1,0,5,0.000,1,6681.182,707.667,6.000,6770.000,700.000,90.000,63.835,58,-1.000,-1.000
1997,18.903366,16.668689,24,1,0,5,0.000,1,6681.182,707.667,6.000,6770.000,700.000,90.000,63.835,58,-1.000,-1.000
1998,11.784303,16.668277,24,1,0,5,0.000,1,6681.182,707.667,6.000,6770.000,700.000,90.000,63.835,58,-1.000,-1.000
1999,19.158862,16.668468,24,1,0,5,0.000,1,6681.182,707.667,6.000,6770.000,700.000,90.000,63.835,58,-1.000,-1.000
2000,19.575920,16.668589,24,1,0,5,0.000,1,6681.182,707.667,6.000,6770.000,700.000,90.000,63.835,58,-1.000,-1.000
2001,15.216026,16.667357,24,1,0,5,0.000,1,6681.182,707.667,6.000,6770.000,700.000,90.000,63.835,58,-1.000,-1.000
2002,18.522429,16.667538,24,1,0,5,0.000,1,6681.182,707.667,6.000,6770.000,700.000,90.000,60.835,58,-1.000,-1.000
2003,10.872953,16.669009,24,1,0,5,0.000,1,6681.182,707.667,6.000,6770.000,700.000,90.000,60.835,58,-1.000,-1.000
2004,16.678368,16.667617,24,1,0,5,0.000,1,6681.182,707.667,6.000,6770.000,700.000,90.000,60.835,58,-1.000,-1.000
2005,16.834132,16.667718,24,1,0,5,0.000,1,6681.182,707.667,6.000,6770.000,700.000,90.000,60.835,58,-1.000,-1.000
2006,16.879382,16.680259,24,1,0,5,0.000,1,6681.182,707.667,6.000,6770.000,700.000,90.000,60.835,58,-1.000,-1.000
2007,16.479485,16.667137,24,1,0,5,0.000,1,6681.182,707.667,6.000,6770.000,700.000,90.000,60.835,58,-1.000,-1.000
2008,16.569375,16.667469,24,1,0,5,0.000,1,6681.182,707.667,6.000,6770.000,700.000,90.000,60.835,58,-1.000,-1.000
2009,16.584847,16.668858,24,1,0,5,0.000,1,6681.182,707.667,6.000,6770.000,700.000,90.000,60.835,58,-1.000,-1.000
2010,16.772439,16.668227,24,1,0,5,0.000,1,6681.182,707.667,6.000,6770.000,700.000,90.000,60.835,58,-1.000,-1.000
2011,16.674559,16.668459,24,1,0,5,0.000,1,6681.182,707.667,6.000,6770.000,700.000,90.000,60.835,58,-1.000,-1.000
2012,16.734689,16.668068,24,1,0,5,0.000,1,6681.182,707.667,6.000,6770.000,700.000,90.000,60.835,58,-1.000,-1.000
2013,16.773531,16.667257,24,1,0,5,0.000,1,6681.182,707.667,6.000,6770.000,700.000,90.000,60.835,58,-1.000,-1.000
2014,16.579155,16.667358,24,1,0,5,0.000,1,6681.182,707.667,6.000,6770.000,700.000,90.000,60.835,58,-1.000,-1.000
2015,16.877493,16.668089,24,1,0,5,0.000,1,6681.182,707.667,6.000,6770.000,700.000,90.000,60.835,58,-1.000,-1.000
2016,16.510115,16.667807,25,1,0,5,0.000,1,6681.182,707.667,6.000,6770.000,700.000,90.000,60.835,58,-1.000,-1.000
2017,17.039146,16.667478,25,1,0,5,0.000,1,6681.182,707.667,6.000,6770.000,700.000,90.000,57.834,58,-1.000,-1.000
2018,16.801990,16.667228,25,1,0,5,0.000,1,6681.182,707.667,6.000,6770.000,700.000,90.000,57.834,58,-1.000,-1.000
2019,16.294521,16.668378,25,1,0,5,0.000,1,6681.182,707.667,6.000,6770.000,700.000,90.000,57.834,58,-1.000,-1.000
2020,20.137922,16.667488,25,1,0,5,0.000,1,6681.182,707.667,6.000,6770.000,700.000,90.000,57.834,58,-1.000,-1.000
2021,18.758053,16.667079,25,1,0,5,0.000,1,6681.182,707.667,6.000,6770.000,700.000,90.000,57.834,58,-1.000,-1.000
2022,14.950140,16.667047,25,1,0,5,0.000,1,6681.182,707.667,6.000,6770.000,700.000,90.000,57.834,58,-1.000,-1.000
2023,17.527507,16.667238,25,1,0,5,0.000,1,6681.182,707.667,6.000,6770.000,700.000,90.000,57.834,58,-1.000,-1.000
2024,11.710002,16.667948,25,1,0,5,0.000,1,6681.182,707.667,6.000,6770.000,700.000,90.000,57.834,58,-1.000,-1.000
2025,19.934818,16.667598,25,1,0,5,0.000,1,6681.182,707.667,6.000,6770.000,700.000,90.000,57.834,58,-1.000,-1.000
2026,13.311076,16.668648,25,1,0,5,0.000,1,6681.182,707.667,6.000,6770.000,700.000,90.000,57.834,58,-1.000,-1.000
2027,16.736120,16.668459,25,1,0,5,0.000,1,6681.182,707.667,6.000,6770.000,700.000,90.000,57.834,58,-1.000,-1.000
2028,19.370536,16.668447,25,1,0,5,0.000,1,6681.182,707.667,6.000,6770.000,700.000,90.000,57.834,58,-1.000,-1.000
2029,18.474177,16.667098,25,1,0,5,0.000,1,6681.182,707.667,6.000,6770.000,700.000,90.000,57.834,58,-1.000,-1.000
2030,16.126826,16.668159,25,1,0,5,0.000,1,6681.182,707.667,6.000,6770.000,700.000,90.000,57.834,58,-1.000,-1.000
2031,16.406572,16.667317,25,1,0,5,0.000,1,6681.182,707.667,6.000,6770.000,700.000,90.000,57.834,58,-1.000,-1.000
2032,16.611597,16.668728,25,1,0,5,0.000,1,6681.182,707.667,6.000,6770.000,700.000,90.000,54.834,58,-1.000,-1.000
2033,17.222099,16.667578,25,1,0,5,0.000,1,6681.182,707.667,6.000,6770.000,700.000,90.000,54.834,58,-1.000,-1.000
2034,16.238729,16.668688,25,1,0,5,0.000,1,6681.182,707.667,6.000,6770.000,700.000,90.000,54.834,58,-1.000,-1.000
2035,17.489976,16.667018,25,1,0,5,0.000,1,6681.182,707.667,6.000,6770.000,700.000,90.000,54.834,58,-1.000,-1.000
2036,16.488634,16.667728,25,1,0,5,0.000,1,6681.182,707.667,6.000,6770.000,700.000,90.000,54.834,58,-1.000,-1.000
2037,12.217972,16.668408,25,1,0,5,0.000,1,6681.182,707.667,6.000,6770.000,700.000,90.000,54.834,58,-1.000,-1.000
2038,17.137398,16.668768,25,1,0,5,0.000,1,6681.182,707.667,6.000,6770.000,700.000,90.000,54.834,58,-1.000,-1.000
2039,16.579357,16.668228,25,1,0,5,0.000,1,6681.182,707.667,6.000,6770.000,700.000,90.000,54.834,58,-1.000,-1.000
2040,16.705889,16.668118,25,1,0,5,0.000,1,6681.182,707.667,6.000,6770.000,700.000,90.000,54.834,58,-1.000,-1.000
2041,16.525324,16.667878,25,1,0,5,0.000,1,6681.182,707.667,6.000,6770.000,700.000,90.000,54.834,58,-1.000,-1.000
2042,16.982305,16.668108,25,1,0,5,0.000,1,6681.182,707.667,6.000,6770.000,700.000,90.000,54.834,58,-1.000,-1.000
2043,17.096956,16.667787,25,1,0,5,0.000,1,6681.182,707.667,6.000,6770.000,700.000,90.000,54.834,58,-1.000,-1.000
2044,15.994854,16.667458,25,1,0,5,0.000,1,6681.182,707.667,6.000,6770.000,700.000,90.000,54.834,58,-1.000,-1.000
2045,16.501815,16.667309,25,1,0,5,0.000,1,6681.182,707.667,6.000,6770.000,700.000,90.000,54.834,58,-1.000,-1.000
2046,16.633896,16.668237,25,1,0,5,0.000,1,6681.182,707.667,6.000,6770.000,700.000,90.000,54.834,58,-1.000,-1.000
2047,17.149199,16.668968,25,1,0,5,0.000,1,6681.182,707.667,6.000,6770.000,700.000,90.000,51.834,58,-1.000,-1.000
2048,16.202778,16.667648,25,1,0,5,0.000,1,6681.182,707.667,6.000,6770.000,700.000,90.000,51.834,58,-1.000,-1.000
2049,16.750679,16.667918,25,1,0,5,0.000,1,6681.182,707.667,6.000,6770.000,700.000,90.000,51.834,58,-1.000,-1.000
2050,16.616787,16.668518,25,1,0,5,0.000,1,6681.182,707.667,6.000,6770.000,700.000,90.000,51.834,58,-1.000,-1.000
2051,16.575737,16.668089,25,1,0,5,0.000,1,6681.182,707.667,6.000,6770.000,700.000,90.000,51.834,58,-1.000,-1.000
2052,16.644717,16.668017,25,1,0,5,0.000,1,6681.182,707.667,6.000,6770.000,700.000,90.000,51.834,58,-1.000,-1.000
2053,16.727699,16.667768,25,1,0,5,0.000,1,6681.182,707.667,6.000,6770.000,700.000,90.000,51.834,58,-1.000,-1.000
2054,16.616427,16.668998,25,1,0,5,0.000,1,6681.182,707.667,6.000,6770.000,700.000,90.000,51.834,58,-1.000,-1.000
2055,16.675338,16.667858,25,1,0,5,0.000,1,6681.182,707.667,6.000,6770.000,700.000,90.000,51.834,58,-1.000,-1.000
2056,16.665158,16.667488,25,1,0,5,0.000,1,6681.182,707.667,6.000,6770.000,700.000,90.000,51.834,58,-1.000,-1.000
2057,16.658158,16.668657,25,1,0,5,0.000,1,6681.182,707.667,6.000,6770.000,700.000,90.000,51.834,58,-1.000,-1.000
2058,16.826021,16.668769,25,1,0,5,0.000,1,6681.182,707.667,6.000,6770.000,700.000,90.000,51.834,58,-1.000,-1.000
2059,16.926573,16.668238,25,1,0,5,0.000,1,6681.182,707.667,6.000,6770.000,700.000,90.000,51.834,58,-1.000,-1.000
2060,16.742260,16.667487,25,1,0,5,0.000,1,6681.182,707.667,6.000,6770.000,700.000,90.000,51.834,58,-1.000,-1.000
