frame,wall_ms,sim_ms,phase,power,dormant,revision,panel_health,physics,debris_x,debris_y,debris_z,player_x,player_y,player_z,health,ammo,rival_health,infected_health
235,19.073416,359.883117,1,0,1,0,68.000,0,6500.000,700.000,110.000,0.000,0.000,90.000,100.000,60,-1.000,-1.000
236,17.150976,19.027465,1,0,1,0,68.000,0,6500.000,700.000,110.000,0.000,0.000,90.000,100.000,60,-1.000,-1.000
237,41.143207,17.159515,1,0,1,0,68.000,0,6500.000,700.000,110.000,0.000,0.000,90.000,100.000,60,-1.000,-1.000
238,16.859739,41.134727,1,0,1,0,68.000,0,6500.000,700.000,110.000,0.000,0.000,90.000,100.000,60,-1.000,-1.000
239,18.559295,16.849599,1,0,1,0,68.000,0,6500.000,700.000,110.000,6140.000,390.000,90.000,100.000,60,-1.000,-1.000
240,14.296224,18.543174,1,0,0,0,68.000,0,6500.000,700.000,110.000,6140.000,390.000,90.000,100.000,60,-1.000,-1.000
241,20.037947,16.867410,1,0,0,0,68.000,0,6500.000,700.000,110.000,6140.000,390.000,90.000,100.000,60,-1.000,-1.000
242,65.285511,17.485543,1,0,0,0,68.000,0,6500.000,700.000,110.000,6140.000,390.000,90.000,100.000,60,-1.000,-1.000
243,19.556736,65.264130,1,0,0,0,68.000,0,6500.000,700.000,110.000,6140.000,390.000,90.000,100.000,60,-1.000,-1.000
244,14.028759,19.548396,1,0,0,0,68.000,0,6500.000,700.000,110.000,6140.000,390.000,90.000,100.000,60,-1.000,-1.000
245,15.496281,16.667155,1,0,0,0,68.000,0,6500.000,700.000,110.000,6140.000,390.000,90.000,100.000,60,-1.000,-1.000
246,12.554147,16.667365,1,0,0,0,68.000,0,6500.000,700.000,110.000,6140.000,390.000,90.000,100.000,60,-1.000,-1.000
247,19.383303,16.667765,1,0,0,0,68.000,0,6500.000,700.000,110.000,6140.000,390.000,90.000,100.000,60,-1.000,-1.000
248,24.424240,20.229592,1,0,0,0,68.000,0,6500.000,700.000,110.000,6140.000,390.000,90.000,100.000,60,-1.000,-1.000
249,9.507873,16.667044,1,0,0,0,68.000,0,6500.000,700.000,110.000,6140.000,390.000,90.000,100.000,60,-1.000,-1.000
250,13.124360,16.667125,1,0,0,0,68.000,0,6500.000,700.000,110.000,6140.000,390.000,90.000,100.000,60,-1.000,-1.000
251,16.677404,16.667486,1,0,0,0,68.000,0,6500.000,700.000,110.000,6140.000,390.000,90.000,100.000,60,-1.000,-1.000
252,14.542461,16.667574,1,0,0,0,68.000,0,6500.000,700.000,110.000,6140.000,390.000,90.000,100.000,60,-1.000,-1.000
253,19.676119,19.332873,1,0,0,0,68.000,0,6500.000,700.000,110.000,6140.000,390.000,90.000,100.000,60,-1.000,-1.000
254,22.205843,16.667184,1,0,0,0,68.000,0,6500.000,700.000,110.000,6140.000,390.000,90.000,100.000,60,-1.000,-1.000
255,10.261018,16.667535,1,0,0,0,68.000,0,6500.000,700.000,110.000,6140.000,390.000,90.000,100.000,60,-1.000,-1.000
256,16.731957,16.667056,1,0,0,0,68.000,0,6500.000,700.000,110.000,6140.000,390.000,90.000,100.000,60,-1.000,-1.000
257,17.965653,16.667864,1,0,0,0,68.000,0,6500.000,700.000,110.000,6140.000,390.000,90.000,100.000,60,-1.000,-1.000
258,16.073512,16.667506,1,0,0,0,68.000,0,6500.000,700.000,110.000,6140.000,390.000,90.000,100.000,60,-1.000,-1.000
259,16.020681,16.667215,1,0,0,0,68.000,0,6500.000,700.000,110.000,6140.000,390.000,90.000,100.000,60,-1.000,-1.000
260,16.999482,16.990292,1,0,0,0,68.000,0,6500.000,700.000,110.000,6140.000,390.000,90.000,100.000,60,-1.000,-1.000
261,16.874970,17.000872,1,0,0,0,68.000,0,6500.000,700.000,110.000,6140.000,390.000,90.000,100.000,60,-1.000,-1.000
262,17.126195,17.002462,1,0,0,0,68.000,0,6500.000,700.000,110.000,6140.000,390.000,90.000,100.000,60,-1.000,-1.000
263,18.002943,16.941150,1,0,0,0,68.000,0,6500.000,700.000,110.000,6140.000,390.000,90.000,100.000,60,-1.000,-1.000
264,16.134884,16.667496,1,0,0,0,68.000,0,6500.000,700.000,110.000,6140.000,390.000,90.000,100.000,60,-1.000,-1.000
265,16.817288,16.666835,1,0,0,0,68.000,0,6500.000,700.000,110.000,6140.000,390.000,90.000,100.000,60,-1.000,-1.000
266,19.768482,17.379310,1,0,0,0,68.000,0,6500.000,700.000,110.000,6140.000,390.000,90.000,100.000,60,-1.000,-1.000
267,15.263995,17.162086,1,0,0,0,68.000,0,6500.000,700.000,110.000,6140.000,390.000,90.000,100.000,60,-1.000,-1.000
268,17.795799,16.813828,1,0,0,0,68.000,0,6500.000,700.000,110.000,6140.000,390.000,90.000,100.000,60,-1.000,-1.000
269,16.784427,16.689996,1,0,0,0,68.000,0,6500.000,700.000,110.000,6140.000,390.000,90.000,100.000,60,-1.000,-1.000
270,67.994478,16.675174,1,0,0,0,68.000,0,6500.000,700.000,110.000,6140.000,390.000,90.000,100.000,60,-1.000,-1.000
271,14.289675,56.070156,1,0,0,0,68.000,0,6500.000,700.000,110.000,6140.000,390.000,90.000,100.000,60,-1.000,-1.000
272,24.299308,16.667284,1,0,0,0,68.000,0,6500.000,700.000,110.000,6140.000,390.000,90.000,100.000,60,-1.000,-1.000
273,20.666280,21.917107,1,0,0,0,68.000,0,6500.000,700.000,110.000,6140.000,390.000,90.000,100.000,60,-1.000,-1.000
274,19.904243,20.691871,1,0,0,0,68.000,0,6500.000,700.000,110.000,6140.000,390.000,90.000,100.000,60,-1.000,-1.000
275,17.064245,19.921825,1,0,0,0,68.000,0,6500.000,700.000,110.000,6140.000,390.000,90.000,100.000,60,-1.000,-1.000
276,17.364289,17.087634,1,0,0,0,68.000,0,6500.000,700.000,110.000,6140.000,390.000,90.000,100.000,60,-1.000,-1.000
277,14.461338,17.301158,1,0,0,0,68.000,0,6500.000,700.000,110.000,6140.000,390.000,90.000,100.000,60,-1.000,-1.000
278,15.611103,16.674315,1,0,0,0,68.000,0,6500.000,700.000,110.000,6140.000,390.000,90.000,100.000,60,-1.000,-1.000
279,14.050839,16.787588,1,0,0,0,68.000,0,6500.000,700.000,110.000,6140.000,390.000,90.000,100.000,60,-1.000,-1.000
280,15.225334,16.761407,1,0,0,0,68.000,0,6500.000,700.000,110.000,6140.000,390.000,90.000,100.000,60,-1.000,-1.000
281,15.374568,16.708046,1,0,0,0,68.000,0,6500.000,700.000,110.000,6140.000,390.000,90.000,100.000,60,-1.000,-1.000
282,13.811234,16.667405,1,0,0,0,68.000,0,6500.000,700.000,110.000,6140.000,390.000,90.000,100.000,60,-1.000,-1.000
283,16.122673,16.699875,1,0,0,0,68.000,0,6500.000,700.000,110.000,6140.000,390.000,90.000,100.000,60,-1.000,-1.000
284,17.580775,16.823349,1,0,0,0,68.000,0,6500.000,700.000,110.000,6140.000,390.000,90.000,100.000,60,-1.000,-1.000
285,15.955420,16.666915,1,0,0,0,68.000,0,6500.000,700.000,110.000,6140.000,390.000,90.000,100.000,60,-1.000,-1.000
286,17.078524,16.849189,1,0,0,0,68.000,0,6500.000,700.000,110.000,6140.000,390.000,90.000,100.000,60,-1.000,-1.000
287,16.739807,17.487532,1,0,0,0,68.000,0,6500.000,700.000,110.000,6140.000,390.000,90.000,100.000,60,-1.000,-1.000
288,17.314538,16.667536,1,0,0,0,68.000,0,6500.000,700.000,110.000,6140.000,390.000,90.000,100.000,60,-1.000,-1.000
289,18.340251,16.667434,1,0,0,0,68.000,0,6500.000,700.000,110.000,6140.000,390.000,90.000,100.000,60,-1.000,-1.000
290,15.633673,16.666976,1,0,0,0,68.000,0,6500.000,700.000,110.000,6140.000,390.000,90.000,100.000,60,-1.000,-1.000
291,15.727615,16.811718,1,0,0,0,68.000,0,6500.000,700.000,110.000,6140.000,390.000,90.000,100.000,60,-1.000,-1.000
292,16.183555,16.667035,1,0,0,0,68.000,0,6500.000,700.000,110.000,6140.000,390.000,90.000,100.000,60,-1.000,-1.000
293,15.588682,16.667635,1,0,0,0,68.000,0,6500.000,700.000,110.000,6140.000,390.000,90.000,100.000,60,-1.000,-1.000
294,22.547080,16.667495,1,0,0,0,68.000,0,6500.000,700.000,110.000,6140.000,390.000,90.000,100.000,60,-1.000,-1.000
295,12.620589,16.667365,1,0,0,0,68.000,0,6500.000,700.000,110.000,6140.000,390.000,90.000,100.000,60,-1.000,-1.000
296,18.349681,16.667675,1,0,0,0,68.000,0,6500.000,700.000,110.000,6140.000,390.000,90.000,100.000,60,-1.000,-1.000
297,14.039779,16.667355,1,0,0,0,68.000,0,6500.000,700.000,110.000,6140.000,390.000,90.000,100.000,60,-1.000,-1.000
298,16.910450,16.667386,1,0,0,0,68.000,0,6500.000,700.000,110.000,6140.000,390.000,90.000,100.000,60,-1.000,-1.000
299,16.072483,16.667784,1,0,0,0,68.000,0,6500.000,700.000,110.000,6140.000,390.000,90.000,100.000,60,-1.000,-1.000
300,20.334253,16.667135,1,0,0,0,68.000,0,6500.000,700.000,110.000,6140.000,390.000,90.000,100.000,60,-1.000,-1.000
301,15.848577,16.667396,1,0,0,0,68.000,0,6500.000,700.000,110.000,6140.000,390.000,90.000,100.000,60,-1.000,-1.000
302,13.964188,16.667274,1,0,0,0,68.000,0,6500.000,700.000,110.000,6140.000,390.000,90.000,100.000,60,-1.000,-1.000
303,16.817528,16.678796,1,0,0,0,68.000,0,6500.000,700.000,110.000,6140.000,390.000,90.000,100.000,60,-1.000,-1.000
304,19.315841,16.667495,1,0,0,0,68.000,0,6500.000,700.000,110.000,6140.000,390.000,90.000,100.000,60,-1.000,-1.000
305,13.883306,16.667555,1,0,0,0,68.000,0,6500.000,700.000,110.000,6140.000,390.000,90.000,100.000,60,-1.000,-1.000
306,18.710789,17.077303,1,0,0,0,68.000,0,6500.000,700.000,110.000,6140.000,390.000,90.000,100.000,60,-1.000,-1.000
307,14.940209,16.667266,1,0,0,0,68.000,0,6500.000,700.000,110.000,6140.000,390.000,90.000,100.000,60,-1.000,-1.000
308,17.467641,16.667595,1,0,0,0,68.000,0,6500.000,700.000,110.000,6140.000,390.000,90.000,100.000,60,-1.000,-1.000
309,15.729166,16.667765,1,0,0,0,68.000,0,6500.000,700.000,110.000,6140.000,390.000,90.000,100.000,60,-1.000,-1.000
310,16.924020,16.667005,1,0,0,0,68.000,0,6500.000,700.000,110.000,6140.000,390.000,90.000,100.000,60,-1.000,-1.000
311,20.623690,16.667145,1,0,0,0,68.000,0,6500.000,700.000,110.000,6140.000,390.000,90.000,100.000,60,-1.000,-1.000
312,15.761595,16.667355,1,0,0,0,68.000,0,6500.000,700.000,110.000,6140.000,390.000,90.000,100.000,60,-1.000,-1.000
313,16.453961,16.667045,1,0,0,0,68.000,0,6500.000,700.000,110.000,6140.000,390.000,90.000,100.000,60,-1.000,-1.000
314,18.752780,16.666956,1,0,0,0,68.000,0,6500.000,700.000,110.000,6140.000,390.000,90.000,100.000,60,-1.000,-1.000
315,11.872842,16.667154,1,0,0,0,68.000,0,6500.000,700.000,110.000,6140.000,390.000,90.000,100.000,60,-1.000,-1.000
316,17.512913,16.667295,1,0,0,0,68.000,0,6500.000,700.000,110.000,6140.000,390.000,90.000,100.000,60,-1.000,-1.000
317,94.626006,16.667606,1,0,0,0,68.000,0,6500.000,700.000,110.000,6140.000,390.000,90.000,100.000,60,-1.000,-1.000
318,4.839433,82.209391,1,0,0,0,68.000,0,6500.000,700.000,110.000,6140.000,390.000,90.000,100.000,60,-1.000,-1.000
319,14.823036,16.667424,1,0,0,0,68.000,0,6500.000,700.000,110.000,6140.000,390.000,90.000,100.000,60,-1.000,-1.000
320,16.564363,16.718017,1,0,0,0,68.000,0,6500.000,700.000,110.000,6140.000,390.000,90.000,100.000,60,-1.000,-1.000
321,17.350149,16.675505,26,0,0,0,68.000,0,6500.000,700.000,110.000,6140.000,390.000,90.000,100.000,60,-1.000,-1.000
322,168.471429,16.926291,26,0,0,0,68.000,0,6500.000,700.000,110.000,6140.000,390.000,90.000,100.000,60,-1.000,-1.000
323,2.417942,154.952711,26,0,0,0,68.000,0,6500.000,700.000,110.000,6140.000,390.000,90.000,100.000,60,-1.000,-1.000
324,16.434760,16.666844,26,0,0,0,68.000,0,6500.000,700.000,110.000,6140.000,390.000,90.000,100.000,60,-1.000,-1.000
325,18.550825,16.770448,26,0,0,0,68.000,0,6500.000,700.000,110.000,6140.000,390.000,90.000,100.000,60,-1.000,-1.000
326,19.553106,16.667495,26,0,0,0,68.000,0,6500.000,700.000,110.000,6140.000,390.000,90.000,100.000,60,-1.000,-1.000
327,14.423648,16.667385,26,0,0,0,68.000,0,6500.000,700.000,110.000,6140.000,390.000,90.000,100.000,60,-1.000,-1.000
328,15.441589,16.682215,26,0,0,0,68.000,0,6500.000,700.000,110.000,6140.000,390.000,90.000,100.000,60,-1.000,-1.000
329,15.689944,16.667236,26,0,0,0,68.000,0,6500.000,700.000,110.000,6140.000,390.000,90.000,100.000,60,-1.000,-1.000
330,17.711198,16.667194,26,0,0,0,68.000,0,6500.000,700.000,110.000,6140.000,390.000,90.000,100.000,60,-1.000,-1.000
331,16.509621,16.667326,26,0,0,0,68.000,0,6500.000,700.000,110.000,6140.000,390.000,90.000,100.000,60,-1.000,-1.000
332,17.649316,16.667425,26,0,0,0,68.000,0,6500.000,700.000,110.000,6140.000,390.000,90.000,100.000,60,-1.000,-1.000
333,16.435070,16.667594,26,0,0,0,68.000,0,6500.000,700.000,110.000,6140.000,390.000,90.000,100.000,60,-1.000,-1.000
334,17.524584,16.691086,26,0,0,0,68.000,0,6500.000,700.000,110.000,6140.000,390.000,90.000,100.000,60,-1.000,-1.000
335,16.082862,16.854669,26,0,0,0,68.000,0,6500.000,700.000,110.000,6140.000,390.000,90.000,100.000,60,-1.000,-1.000
336,18.052835,17.229037,26,0,0,0,68.000,0,6500.000,700.000,110.000,6140.000,390.000,90.000,100.000,60,-1.000,-1.000
337,17.747178,17.101464,26,0,0,0,68.000,0,6500.000,700.000,110.000,6140.000,390.000,90.000,100.000,60,-1.000,-1.000
338,17.282578,17.355481,26,0,0,0,68.000,0,6500.000,700.000,110.000,6140.000,390.000,90.000,100.000,60,-1.000,-1.000
339,14.799516,16.667274,26,0,0,0,68.000,0,6500.000,700.000,110.000,6140.000,390.000,90.000,100.000,60,-1.000,-1.000
340,17.232436,16.667656,26,0,0,0,68.000,0,6500.000,700.000,110.000,6140.000,390.000,90.000,100.000,60,-1.000,-1.000
341,19.418894,16.667785,26,0,0,0,68.000,0,6500.000,700.000,110.000,6140.000,390.000,90.000,100.000,60,-1.000,-1.000
342,12.839423,16.667544,26,0,0,0,68.000,0,6500.000,700.000,110.000,6140.000,390.000,90.000,100.000,60,-1.000,-1.000
343,21.197902,18.929874,2,0,0,0,68.000,0,6500.000,700.000,110.000,6140.000,390.000,90.000,100.000,60,-1.000,-1.000
344,18.482434,16.691216,2,1,0,1,68.000,0,6500.000,700.000,110.000,6140.000,390.000,90.000,100.000,60,-1.000,-1.000
345,12.632398,16.667294,2,1,0,1,68.000,0,6500.000,700.000,110.000,6140.000,390.000,90.000,100.000,60,-1.000,-1.000
346,20.180351,16.718737,2,1,0,1,68.000,0,6500.000,700.000,110.000,6140.000,390.000,90.000,100.000,60,-1.000,-1.000
347,14.090390,16.961781,2,1,0,1,68.000,0,6500.000,700.000,110.000,6140.000,390.000,90.000,100.000,60,-1.000,-1.000
348,17.341859,16.666925,2,1,0,1,68.000,0,6500.000,700.000,110.000,6140.000,390.000,90.000,100.000,60,-1.000,-1.000
349,18.327650,16.667635,2,1,0,1,68.000,0,6500.000,700.000,110.000,6140.000,390.000,90.000,100.000,60,-1.000,-1.000
350,14.539351,16.667195,2,1,0,1,68.000,0,6500.000,700.000,110.000,6140.000,390.000,90.000,100.000,60,-1.000,-1.000
351,16.190384,16.667715,2,1,0,1,68.000,0,6500.000,700.000,110.000,6140.000,390.000,90.000,100.000,60,-1.000,-1.000
352,16.109513,16.667595,2,1,0,1,68.000,0,6500.000,700.000,110.000,6140.000,390.000,90.000,100.000,60,-1.000,-1.000
353,17.046184,16.994072,2,1,0,1,68.000,0,6500.000,700.000,110.000,6140.000,390.000,90.000,100.000,60,-1.000,-1.000
354,16.179944,16.781728,2,1,0,1,68.000,0,6500.000,700.000,110.000,6140.000,390.000,90.000,100.000,60,-1.000,-1.000
355,16.899020,16.667735,2,1,0,1,68.000,0,6500.000,700.000,110.000,6140.000,390.000,90.000,100.000,60,-1.000,-1.000
356,17.105604,16.667155,2,1,0,1,68.000,0,6500.000,700.000,110.000,6140.000,390.000,90.000,100.000,60,-1.000,-1.000
357,16.163116,16.667675,2,1,0,1,68.000,0,6500.000,700.000,110.000,6140.000,390.000,90.000,100.000,60,-1.000,-1.000
358,16.747306,16.667285,2,1,0,1,68.000,0,6500.000,700.000,110.000,6140.000,390.000,90.000,100.000,60,-1.000,-1.000
359,16.577583,16.667095,2,1,0,1,68.000,0,6500.000,700.000,110.000,6140.000,390.000,90.000,100.000,60,-1.000,-1.000
360,18.701689,16.667015,2,1,0,1,68.000,0,6500.000,700.000,110.000,6140.000,390.000,90.000,100.000,60,-1.000,-1.000
361,14.776104,16.667075,2,1,0,1,68.000,0,6500.000,700.000,110.000,6140.000,390.000,90.000,100.000,60,-1.000,-1.000
362,17.141245,16.667515,2,1,0,1,68.000,0,6500.000,700.000,110.000,6140.000,390.000,90.000,100.000,60,-1.000,-1.000
363,18.688258,16.667415,2,1,0,1,68.000,0,6500.000,700.000,110.000,6140.000,390.000,90.000,100.000,60,-1.000,-1.000
364,14.434078,16.667226,2,1,0,1,68.000,0,6500.000,700.000,110.000,6140.000,390.000,90.000,100.000,60,-1.000,-1.000
365,18.839501,16.667514,2,1,0,1,68.000,0,6500.000,700.000,110.000,6140.000,390.000,90.000,100.000,60,-1.000,-1.000
366,17.276589,16.667695,2,1,0,1,68.000,0,6500.000,700.000,110.000,6140.000,390.000,90.000,100.000,60,-1.000,-1.000
367,14.057039,16.674816,3,1,0,1,68.000,0,6500.000,700.000,110.000,6140.000,390.000,90.000,100.000,60,-1.000,-1.000
368,18.508894,16.667244,3,1,0,1,68.000,0,6500.000,700.000,110.000,5900.000,390.000,90.000,100.000,60,-1.000,-1.000
369,13.951907,16.667666,3,1,0,1,68.000,0,6500.000,700.000,110.000,5900.000,390.000,90.000,100.000,60,-1.000,-1.000
370,20.633000,16.667395,3,1,0,1,68.000,0,6500.000,700.000,110.000,5900.000,390.000,90.000,100.000,60,-1.000,-1.000
371,14.684042,17.055273,3,1,0,1,68.000,0,6500.000,700.000,110.000,5900.000,390.000,90.000,100.000,60,-1.000,-1.000
372,20.629710,19.204199,3,1,0,1,68.000,0,6500.000,700.000,110.000,5900.000,390.000,90.000,100.000,60,-1.000,-1.000
373,15.937120,17.146125,3,1,0,1,68.000,0,6500.000,700.000,110.000,5900.000,390.000,90.000,100.000,60,-1.000,-1.000
374,17.336559,16.666946,3,1,0,1,68.000,0,6500.000,700.000,110.000,5900.000,390.000,90.000,100.000,60,-1.000,-1.000
375,15.790626,17.527793,3,1,0,1,68.000,0,6500.000,700.000,110.000,5900.000,390.000,90.000,100.000,60,-1.000,-1.000
376,18.401583,16.667085,3,1,0,1,68.000,0,6500.000,700.000,110.000,5900.000,390.000,90.000,100.000,60,-1.000,-1.000
377,17.081364,17.594365,3,1,0,1,68.000,0,6500.000,700.000,110.000,5900.000,390.000,90.000,100.000,60,-1.000,-1.000
378,21.371304,21.169671,3,1,0,1,68.000,0,6500.000,700.000,110.000,5900.000,390.000,90.000,100.000,60,-1.000,-1.000
379,18.162017,18.858972,3,1,0,1,68.000,0,6500.000,700.000,110.000,5900.000,390.000,90.000,100.000,60,-1.000,-1.000
380,15.241445,16.667474,3,1,0,1,68.000,0,6500.000,700.000,110.000,5900.000,390.000,90.000,100.000,60,-1.000,-1.000
381,19.618308,16.670116,3,1,0,1,68.000,0,6500.000,700.000,110.000,5900.000,390.000,90.000,100.000,60,-1.000,-1.000
382,15.224374,17.794939,3,1,0,1,68.000,0,6500.000,700.000,110.000,5900.000,390.000,90.000,100.000,60,-1.000,-1.000
383,18.016384,17.369790,3,1,0,1,68.000,0,6500.000,700.000,110.000,5900.000,390.000,90.000,100.000,60,-1.000,-1.000
384,17.879241,16.667085,3,1,0,1,68.000,0,6500.000,700.000,110.000,5900.000,390.000,90.000,100.000,60,-1.000,-1.000
385,19.654969,19.154748,3,1,0,1,68.000,0,6500.000,700.000,110.000,5900.000,390.000,90.000,100.000,60,-1.000,-1.000
386,16.075362,16.667426,3,1,0,1,68.000,0,6500.000,700.000,110.000,5900.000,390.000,90.000,100.000,60,-1.000,-1.000
387,18.297650,16.667614,3,1,0,1,68.000,0,6500.000,700.000,110.000,5900.000,390.000,90.000,100.000,60,-1.000,-1.000
388,19.530756,18.908533,3,1,0,1,68.000,0,6500.000,700.000,110.000,5900.000,390.000,90.000,100.000,60,-1.000,-1.000
389,14.755494,16.667505,3,1,0,1,68.000,0,6500.000,700.000,110.000,5900.000,390.000,90.000,100.000,60,-1.000,-1.000
390,14.260564,16.667185,3,1,0,1,68.000,0,6500.000,700.000,110.000,5900.000,390.000,90.000,100.000,60,-1.000,-1.000
391,17.946373,16.670605,3,1,0,1,68.000,0,6500.000,700.000,110.000,5900.000,390.000,90.000,100.000,60,-1.000,-1.000
392,19.333881,16.667296,3,1,0,1,68.000,0,6500.000,700.000,110.000,5900.000,390.000,90.000,100.000,60,-1.000,-1.000
393,12.637389,16.667144,3,1,0,1,68.000,0,6500.000,700.000,110.000,5900.000,390.000,90.000,100.000,60,-1.000,-1.000
394,16.465861,16.667235,3,1,0,1,68.000,0,6500.000,700.000,110.000,5900.000,390.000,90.000,100.000,60,-1.000,-1.000
395,18.187288,16.667746,3,1,0,1,68.000,0,6500.000,700.000,110.000,5900.000,390.000,90.000,100.000,60,-1.000,-1.000
396,18.976584,16.667544,3,1,0,1,68.000,0,6500.000,700.000,110.000,5900.000,390.000,90.000,100.000,60,-1.000,-1.000
397,14.032509,16.670866,3,1,0,1,68.000,0,6500.000,700.000,110.000,5900.000,390.000,90.000,100.000,60,-1.000,-1.000
398,16.605004,17.032102,3,1,0,1,68.000,0,6500.000,700.000,110.000,5900.000,390.000,90.000,100.000,60,-1.000,-1.000
399,18.968724,16.667396,3,1,0,1,68.000,0,6500.000,700.000,110.000,5900.000,390.000,90.000,100.000,60,-1.000,-1.000
400,14.153571,17.097654,3,1,0,1,68.000,0,6500.000,700.000,110.000,5900.000,390.000,90.000,100.000,60,-1.000,-1.000
401,18.549115,18.129806,3,1,0,1,68.000,0,6500.000,700.000,110.000,5900.000,390.000,90.000,100.000,60,-1.000,-1.000
402,16.444761,16.667405,3,1,0,1,68.000,0,6500.000,700.000,110.000,5900.000,390.000,90.000,100.000,60,-1.000,-1.000
403,17.633635,16.667025,3,1,0,1,68.000,0,6500.000,700.000,110.000,5900.000,390.000,90.000,100.000,60,-1.000,-1.000
404,16.434090,16.667445,3,1,0,1,68.000,0,6500.000,700.000,110.000,5900.000,390.000,90.000,100.000,60,-1.000,-1.000
405,17.712258,16.667316,3,1,0,1,68.000,0,6500.000,700.000,110.000,5900.000,390.000,90.000,100.000,60,-1.000,-1.000
406,17.181836,17.591104,3,1,0,1,68.000,0,6500.000,700.000,110.000,5900.000,390.000,90.000,100.000,60,-1.000,-1.000
407,17.733607,17.205806,3,1,0,1,68.000,0,6500.000,700.000,110.000,5900.000,390.000,90.000,100.000,60,-1.000,-1.000
408,16.304828,17.842940,3,1,0,1,68.000,0,6500.000,700.000,110.000,5900.000,390.000,90.000,100.000,60,-1.000,-1.000
409,21.458887,19.826973,3,1,0,1,68.000,0,6500.000,700.000,110.000,5900.000,390.000,90.000,100.000,60,-1.000,-1.000
410,17.316129,19.511556,3,1,0,1,68.000,0,6500.000,700.000,110.000,5900.000,390.000,90.000,100.000,60,-1.000,-1.000
411,17.064914,17.254097,3,1,0,1,68.000,0,6500.000,700.000,110.000,5900.000,390.000,90.000,100.000,60,-1.000,-1.000
412,17.081354,16.667575,3,1,0,1,68.000,0,6500.000,700.000,110.000,5900.000,390.000,90.000,100.000,60,-1.000,-1.000
413,17.350339,16.689546,3,1,0,1,68.000,0,6500.000,700.000,110.000,5900.000,390.000,90.000,100.000,60,-1.000,-1.000
414,20.090358,18.522085,3,1,0,1,68.000,0,6500.000,700.000,110.000,5900.000,390.000,90.000,100.000,60,-1.000,-1.000
415,25.047633,17.867600,3,1,0,1,68.000,0,6500.000,700.000,110.000,5900.000,390.000,90.000,100.000,60,-1.000,-1.000
416,7.188963,16.667025,3,1,0,1,68.000,0,6500.000,700.000,110.000,5900.000,390.000,90.000,100.000,60,-1.000,-1.000
417,17.380671,16.682536,3,1,0,1,68.000,0,6500.000,700.000,110.000,5900.000,390.000,90.000,100.000,60,-1.000,-1.000
418,16.658744,16.667725,3,1,0,1,68.000,0,6500.000,700.000,110.000,5900.000,390.000,90.000,100.000,60,-1.000,-1.000
419,21.213363,16.667544,3,1,0,1,68.000,0,6500.000,700.000,110.000,5900.000,390.000,90.000,100.000,60,-1.000,-1.000
420,11.855722,16.667236,3,1,0,1,68.000,0,6500.000,700.000,110.000,5900.000,390.000,90.000,100.000,60,-1.000,-1.000
421,16.350589,16.667505,3,1,0,1,68.000,0,6500.000,700.000,110.000,5900.000,390.000,90.000,100.000,60,-1.000,-1.000
422,20.549297,16.667485,3,1,0,1,68.000,0,6500.000,700.000,110.000,5900.000,390.000,90.000,100.000,60,-1.000,-1.000
423,13.661171,16.666995,3,1,0,1,68.000,0,6500.000,700.000,110.000,5900.000,390.000,90.000,100.000,60,-1.000,-1.000
424,20.339663,17.553183,3,1,0,1,68.000,0,6500.000,700.000,110.000,5900.000,390.000,90.000,100.000,60,-1.000,-1.000
425,14.096710,18.069435,4,1,0,1,68.000,0,6500.000,700.000,110.000,5900.000,390.000,90.000,100.000,60,-1.000,-1.000
426,17.772399,16.999562,4,1,0,1,68.000,0,6500.000,700.000,110.000,6200.000,610.000,90.000,100.000,60,-1.000,-1.000
427,20.845264,16.999732,4,1,0,1,68.000,0,6500.000,700.000,110.000,6200.000,610.000,90.000,100.000,60,-1.000,-1.000
428,17.452452,18.000094,4,1,0,1,68.000,0,6500.000,700.000,110.000,6200.000,610.000,90.000,100.000,60,-1.000,-1.000
429,19.398524,17.000312,4,1,0,1,68.000,0,6500.000,700.000,110.000,6200.000,610.000,90.000,100.000,60,-1.000,-1.000
430,16.003901,17.998924,4,1,0,1,68.000,0,6500.000,700.000,110.000,6200.000,610.000,90.000,100.000,60,-1.000,-1.000
431,16.391168,20.002736,4,1,0,1,68.000,0,6500.000,700.000,110.000,6200.000,610.000,90.000,100.000,60,-1.000,-1.000
432,16.937891,16.792768,4,1,0,1,68.000,0,6500.000,700.000,110.000,6200.000,610.000,90.000,100.000,60,-1.000,-1.000
433,15.759336,17.208556,4,1,0,1,68.000,0,6500.000,700.000,110.000,6200.000,610.000,90.000,100.000,60,-1.000,-1.000
434,19.613059,17.013702,4,1,0,1,68.000,0,6500.000,700.000,110.000,6200.000,610.000,90.000,100.000,60,-1.000,-1.000
435,14.539419,16.983152,4,1,0,1,68.000,0,6500.000,700.000,110.000,6200.000,610.000,90.000,100.000,60,-1.000,-1.000
436,18.238938,17.001832,4,1,0,1,68.000,0,6500.000,700.000,110.000,6200.000,610.000,90.000,100.000,60,-1.000,-1.000
437,15.766796,16.996643,4,1,0,1,68.000,0,6500.000,700.000,110.000,6200.000,610.000,90.000,100.000,60,-1.000,-1.000
438,16.972242,17.000092,4,1,0,1,68.000,0,6500.000,700.000,110.000,6200.000,610.000,90.000,100.000,60,-1.000,-1.000
439,17.105664,17.003252,4,1,0,1,68.000,0,6500.000,700.000,110.000,6200.000,610.000,90.000,100.000,60,-1.000,-1.000
440,17.826160,16.999572,4,1,0,1,68.000,0,6500.000,700.000,110.000,6200.000,610.000,90.000,100.000,60,-1.000,-1.000
441,16.624964,16.998262,4,1,0,1,68.000,0,6500.000,700.000,110.000,6200.000,610.000,90.000,100.000,60,-1.000,-1.000
442,16.647194,17.003882,4,1,0,1,68.000,0,6500.000,700.000,110.000,6200.000,610.000,90.000,100.000,60,-1.000,-1.000
443,19.015016,16.999902,4,1,0,1,68.000,0,6500.000,700.000,110.000,6200.000,610.000,90.000,100.000,60,-1.000,-1.000
444,15.178093,16.997053,4,1,0,1,68.000,0,6500.000,700.000,110.000,6200.000,610.000,90.000,100.000,60,-1.000,-1.000
445,19.199639,16.999832,4,1,0,1,68.000,0,6500.000,700.000,110.000,6200.000,610.000,90.000,100.000,60,-1.000,-1.000
446,14.339046,17.000422,4,1,0,1,68.000,0,6500.000,700.000,110.000,6200.000,610.000,90.000,100.000,60,-1.000,-1.000
447,17.054073,16.999542,4,1,0,1,68.000,0,6500.000,700.000,110.000,6200.000,610.000,90.000,100.000,60,-1.000,-1.000
448,16.997472,16.923281,4,1,0,1,68.000,0,6500.000,700.000,110.000,6200.000,610.000,90.000,100.000,60,-1.000,-1.000
449,17.064223,17.075963,4,1,0,1,68.000,0,6500.000,700.000,110.000,6200.000,610.000,90.000,100.000,60,-1.000,-1.000
450,17.115965,17.003323,4,1,0,1,68.000,0,6500.000,700.000,110.000,6200.000,610.000,90.000,100.000,60,-1.000,-1.000
451,17.032443,16.994432,4,1,0,1,68.000,0,6500.000,700.000,110.000,6200.000,610.000,90.000,100.000,60,-1.000,-1.000
452,17.018712,17.009042,4,1,0,1,68.000,0,6500.000,700.000,110.000,6200.000,610.000,90.000,100.000,60,-1.000,-1.000
453,17.107525,16.995262,4,1,0,1,68.000,0,6500.000,700.000,110.000,6200.000,610.000,90.000,100.000,60,-1.000,-1.000
454,16.766007,16.997832,4,1,0,1,68.000,0,6500.000,700.000,110.000,6200.000,610.000,90.000,100.000,60,-1.000,-1.000
455,16.996752,17.002612,4,1,0,1,68.000,0,6500.000,700.000,110.000,6200.000,610.000,90.000,100.000,60,-1.000,-1.000
456,16.925641,16.997252,4,1,0,1,68.000,0,6500.000,700.000,110.000,6200.000,610.000,90.000,100.000,60,-1.000,-1.000
457,17.159995,17.012593,4,1,0,1,68.000,0,6500.000,700.000,110.000,6200.000,610.000,90.000,100.000,60,-1.000,-1.000
458,16.999512,16.987732,4,1,0,1,68.000,0,6500.000,700.000,110.000,6200.000,610.000,90.000,100.000,60,-1.000,-1.000
459,16.871680,17.005112,4,1,0,1,68.000,0,6500.000,700.000,110.000,6200.000,610.000,90.000,100.000,60,-1.000,-1.000
460,20.308962,16.995822,4,1,0,1,68.000,0,6500.000,700.000,110.000,6200.000,610.000,90.000,100.000,60,-1.000,-1.000
461,13.619801,17.001202,4,1,0,1,68.000,0,6500.000,700.000,110.000,6200.000,610.000,90.000,100.000,60,-1.000,-1.000
462,17.295018,16.997482,4,1,0,1,68.000,0,6500.000,700.000,110.000,6200.000,610.000,90.000,100.000,60,-1.000,-1.000
463,16.978692,16.999702,4,1,0,1,68.000,0,6500.000,700.000,110.000,6200.000,610.000,90.000,100.000,60,-1.000,-1.000
464,16.931290,17.000833,4,1,0,1,68.000,0,6500.000,700.000,110.000,6200.000,610.000,90.000,100.000,60,-1.000,-1.000
465,18.402382,17.000102,4,1,0,1,68.000,0,6500.000,700.000,110.000,6200.000,610.000,90.000,100.000,60,-1.000,-1.000
466,15.614923,17.002682,4,1,0,1,68.000,0,6500.000,700.000,110.000,6200.000,610.000,90.000,100.000,60,-1.000,-1.000
467,17.022593,17.000522,4,1,0,1,68.000,0,6500.000,700.000,110.000,6200.000,610.000,90.000,100.000,60,-1.000,-1.000
468,20.164439,17.000822,4,1,0,1,68.000,0,6500.000,700.000,110.000,6200.000,610.000,90.000,100.000,60,-1.000,-1.000
469,16.870340,16.998362,4,1,0,1,68.000,0,6500.000,700.000,110.000,6200.000,610.000,90.000,100.000,60,-1.000,-1.000
470,14.463708,17.003753,4,1,0,1,68.000,0,6500.000,700.000,110.000,6200.000,610.000,90.000,100.000,60,-1.000,-1.000
471,17.553604,17.998593,4,1,0,1,68.000,0,6500.000,700.000,110.000,6200.000,610.000,90.000,100.000,60,-1.000,-1.000
472,16.967111,16.995862,4,1,0,1,68.000,0,6500.000,700.000,110.000,6200.000,610.000,90.000,100.000,60,-1.000,-1.000
473,16.731057,16.728667,4,1,0,1,68.000,0,6500.000,700.000,110.000,6200.000,610.000,90.000,100.000,60,-1.000,-1.000
474,17.205056,17.274628,4,1,0,1,68.000,0,6500.000,700.000,110.000,6200.000,610.000,90.000,100.000,60,-1.000,-1.000
475,17.105804,16.995682,4,1,0,1,68.000,0,6500.000,700.000,110.000,6200.000,610.000,90.000,100.000,60,-1.000,-1.000
476,16.957432,17.006702,4,1,0,1,68.000,0,6500.000,700.000,110.000,6200.000,610.000,90.000,100.000,60,-1.000,-1.000
477,17.985443,17.998413,4,1,0,1,68.000,0,6500.000,700.000,110.000,6200.000,610.000,90.000,100.000,60,-1.000,-1.000
478,16.869289,16.994962,4,1,0,1,68.000,0,6500.000,700.000,110.000,6200.000,610.000,90.000,100.000,60,-1.000,-1.000
479,17.177856,17.003823,4,1,0,1,68.000,0,6500.000,700.000,110.000,6200.000,610.000,90.000,100.000,60,-1.000,-1.000
480,17.112575,17.003032,4,1,0,1,68.000,0,6500.000,700.000,110.000,6200.000,610.000,90.000,100.000,60,-1.000,-1.000
481,16.877379,16.998112,4,1,0,1,68.000,0,6500.000,700.000,110.000,6200.000,610.000,90.000,100.000,60,-1.000,-1.000
482,16.824439,16.995852,4,1,0,1,68.000,0,6500.000,700.000,110.000,6200.000,610.000,90.000,100.000,60,-1.000,-1.000
483,19.493115,16.667075,4,1,0,1,68.000,0,6500.000,700.000,110.000,6200.000,610.000,90.000,100.000,60,-1.000,-1.000
484,15.956200,17.496913,5,1,0,1,68.000,0,6500.000,700.000,110.000,6200.000,610.000,90.000,100.000,60,-1.000,-1.000
485,18.303250,16.878799,5,1,0,2,34.000,0,6500.000,700.000,110.000,6200.000,610.000,90.000,100.000,59,-1.000,-1.000
486,15.263445,16.667006,5,1,0,2,34.000,0,6500.000,700.000,110.000,6200.000,610.000,90.000,100.000,59,-1.000,-1.000
487,17.579804,16.817348,5,1,0,2,34.000,0,6500.000,700.000,110.000,6200.000,610.000,90.000,100.000,59,-1.000,-1.000
488,18.647938,18.140747,5,1,0,2,34.000,0,6500.000,700.000,110.000,6200.000,610.000,90.000,100.000,59,-1.000,-1.000
489,16.784387,16.777097,5,1,0,2,34.000,0,6500.000,700.000,110.000,6200.000,610.000,90.000,100.000,59,-1.000,-1.000
490,16.653944,16.853378,6,1,0,2,34.000,0,6500.000,700.000,110.000,6200.000,610.000,90.000,100.000,59,-1.000,-1.000
491,177.565044,16.708757,6,1,0,2,34.000,0,6500.000,700.000,110.000,6200.000,610.000,90.000,100.000,59,-1.000,-1.000
492,9.087983,165.181188,6,1,0,2,34.000,0,6500.000,700.000,110.000,6200.000,610.000,90.000,100.000,59,-1.000,-1.000
493,10.716729,16.667516,6,1,0,2,34.000,0,6500.000,700.000,110.000,6200.000,610.000,90.000,100.000,59,-1.000,-1.000
494,22.542299,17.710217,6,1,0,2,34.000,0,6500.000,700.000,110.000,6200.000,610.000,90.000,100.000,59,-1.000,-1.000
495,15.691605,18.434852,6,1,0,2,34.000,0,6500.000,700.000,110.000,6200.000,610.000,90.000,100.000,59,-1.000,-1.000
496,32.822859,16.667366,6,1,0,2,34.000,0,6500.000,700.000,110.000,6200.000,610.000,90.000,100.000,59,-1.000,-1.000
497,20.083538,21.372905,6,1,0,2,34.000,0,6500.000,700.000,110.000,6200.000,610.000,90.000,100.000,59,-1.000,-1.000
498,20.598118,20.060527,6,1,0,2,34.000,0,6500.000,700.000,110.000,6200.000,610.000,90.000,100.000,59,-1.000,-1.000
499,15.753326,20.588779,6,1,0,2,34.000,0,6500.000,700.000,110.000,6200.000,610.000,90.000,100.000,59,-1.000,-1.000
500,19.114017,16.794157,6,1,0,2,34.000,0,6500.000,700.000,110.000,6200.000,610.000,90.000,100.000,59,-1.000,-1.000
501,18.959284,18.108507,6,1,0,2,34.000,0,6500.000,700.000,110.000,6200.000,610.000,90.000,100.000,59,-1.000,-1.000
502,16.135664,18.926062,6,1,0,2,34.000,0,6500.000,700.000,110.000,6200.000,610.000,90.000,100.000,59,-1.000,-1.000
503,18.250919,16.764127,6,1,0,2,34.000,0,6500.000,700.000,110.000,6200.000,610.000,90.000,100.000,59,-1.000,-1.000
504,13.216812,17.635686,6,1,0,2,34.000,0,6500.000,700.000,110.000,6200.000,610.000,90.000,100.000,59,-1.000,-1.000
505,16.845729,16.667605,6,1,0,2,34.000,0,6500.000,700.000,110.000,6200.000,610.000,90.000,100.000,59,-1.000,-1.000
506,13.297093,16.727787,6,1,0,2,34.000,0,6500.000,700.000,110.000,6200.000,610.000,90.000,100.000,59,-1.000,-1.000
507,17.241637,16.667255,6,1,0,2,34.000,0,6500.000,700.000,110.000,6200.000,610.000,90.000,100.000,59,-1.000,-1.000
508,15.081801,16.892120,6,1,0,2,34.000,0,6500.000,700.000,110.000,6200.000,610.000,90.000,100.000,59,-1.000,-1.000
509,16.441701,16.667484,6,1,0,2,34.000,0,6500.000,700.000,110.000,6200.000,610.000,90.000,100.000,59,-1.000,-1.000
510,17.417910,17.124716,7,1,0,2,34.000,0,6500.000,700.000,110.000,6200.000,610.000,90.000,100.000,59,-1.000,-1.000
511,18.418033,18.105996,7,1,0,3,0.000,1,6507.128,700.000,111.115,6200.000,610.000,90.000,100.000,58,-1.000,-1.000
512,16.755676,19.246979,7,1,0,3,0.000,1,6514.588,700.000,111.924,6200.000,610.000,90.000,100.000,58,-1.000,-1.000
513,15.914970,18.981415,7,1,0,3,0.000,1,6521.833,700.000,112.362,6200.000,610.000,90.000,100.000,58,-1.000,-1.000
514,19.098626,17.003462,7,1,0,3,0.000,1,6528.235,700.000,112.470,6200.000,610.000,90.000,100.000,58,-1.000,-1.000
515,27.614599,19.001255,7,1,0,3,0.000,1,6535.281,700.000,112.240,6200.000,610.000,90.000,100.000,58,-1.000,-1.000
516,15.228874,18.997114,8,1,0,3,0.000,1,6542.218,700.000,111.665,6200.000,610.000,90.000,100.000,58,-1.000,-1.000
517,15.460650,18.000114,8,1,0,3,0.000,1,6548.696,700.000,110.816,6200.000,610.000,90.000,100.000,58,-1.000,-1.000
518,17.189066,17.999363,8,1,0,3,0.000,1,6555.081,700.000,109.665,6200.000,610.000,90.000,100.000,58,-1.000,-1.000
519,14.725613,18.000014,8,1,0,3,0.000,1,6561.374,700.000,108.219,6200.000,610.000,90.000,100.000,58,-1.000,-1.000
520,15.309487,16.997822,8,1,0,3,0.000,1,6567.236,700.000,106.592,6200.000,610.000,90.000,100.000,58,-1.000,-1.000
521,18.851982,17.001072,8,1,0,3,0.000,1,6573.019,700.000,104.708,6200.000,610.000,90.000,100.000,58,-1.000,-1.000
522,15.398137,16.999602,8,1,0,3,0.000,1,6578.649,700.014,102.676,6200.000,610.000,90.000,100.000,58,-1.000,-1.000
523,21.225222,17.005533,8,1,0,3,0.000,1,6583.945,700.325,100.937,6200.000,610.000,90.000,100.000,58,-1.000,-1.000
524,13.741973,17.999273,8,1,0,3,0.000,1,6589.470,700.649,98.810,6200.000,610.000,90.000,100.000,58,-1.000,-1.000
525,17.639336,17.001852,8,1,0,3,0.000,1,6594.581,700.971,96.608,6200.000,610.000,90.000,100.000,58,-1.000,-1.000
526,16.336998,16.998962,8,1,0,3,0.000,1,6599.596,701.302,94.199,6200.000,610.000,90.000,100.000,58,-1.000,-1.000
527,16.801788,16.995192,8,1,0,3,0.000,1,6604.517,701.641,91.583,6200.000,610.000,90.000,100.000,58,-1.000,-1.000
528,20.618089,19.000995,8,1,0,3,0.000,1,6609.906,702.032,88.404,6200.000,610.000,90.000,100.000,58,-1.000,-1.000
529,15.131912,17.005902,8,1,0,3,0.000,1,6614.641,702.389,85.353,6200.000,610.000,90.000,100.000,58,-1.000,-1.000
530,21.005588,16.667775,8,1,0,3,0.000,1,6619.199,702.746,82.170,6200.000,610.000,90.000,100.000,58,-1.000,-1.000
531,18.898742,16.667445,8,1,0,3,0.000,1,6623.674,703.109,78.795,6200.000,610.000,90.000,100.000,58,-1.000,-1.000
532,11.809202,16.856269,8,1,0,3,0.000,1,6628.116,703.482,75.188,6200.000,610.000,90.000,100.000,58,-1.000,-1.000
533,15.768736,16.667196,8,1,0,3,0.000,1,6632.428,703.856,71.436,6200.000,610.000,90.000,100.000,58,-1.000,-1.000
534,19.290131,17.451181,8,1,0,3,0.000,1,6636.855,704.251,67.305,6200.000,610.000,90.000,100.000,58,-1.000,-1.000
535,14.102170,16.674926,8,1,0,3,0.000,1,6641.006,704.631,63.174,6200.000,610.000,90.000,100.000,58,-1.000,-1.000
536,16.874350,16.667194,8,1,0,3,0.000,1,6645.077,705.011,58.866,6200.000,610.000,90.000,100.000,58,-1.000,-1.000
537,19.346372,16.666955,8,1,0,3,0.000,1,6648.937,705.401,54.571,6200.000,610.000,90.000,100.000,58,-1.000,-1.000
538,14.767634,16.670346,8,1,0,3,0.000,1,6652.617,705.790,50.249,6200.000,610.000,90.000,100.000,58,-1.000,-1.000
539,16.076703,16.666954,8,1,0,3,0.000,1,6656.227,706.175,45.746,6200.000,610.000,90.000,100.000,58,-1.000,-1.000
540,17.129155,16.893220,8,1,0,3,0.000,1,6659.813,706.560,41.001,6200.000,610.000,90.000,100.000,58,-1.000,-1.000
541,23.259386,16.824809,8,1,0,3,0.000,1,6663.312,706.937,36.099,6200.000,610.000,90.000,100.000,58,-1.000,-1.000
542,10.780749,17.421951,8,1,0,3,0.000,1,6666.858,707.321,30.840,6200.000,610.000,90.000,100.000,58,-1.000,-1.000
543,17.219497,16.667265,8,1,0,3,0.000,1,6670.179,707.681,25.644,6200.000,610.000,90.000,100.000,58,-1.000,-1.000
544,17.028633,16.667175,8,1,0,3,0.000,1,6673.421,708.033,20.298,6200.000,610.000,90.000,100.000,58,-1.000,-1.000
545,21.861136,18.155637,8,1,0,3,0.000,1,6676.788,708.398,14.405,6200.000,610.000,90.000,100.000,58,-1.000,-1.000
546,12.799622,16.679986,8,1,0,3,0.000,1,6679.786,708.722,8.871,6200.000,610.000,90.000,100.000,58,-1.000,-1.000
547,19.738850,17.830779,8,1,0,3,0.000,1,6680.547,708.808,7.174,6200.000,610.000,90.000,100.000,58,-1.000,-1.000
548,17.625326,17.393761,8,1,0,3,0.000,1,6680.955,708.602,6.059,6200.000,610.000,90.000,100.000,58,-1.000,-1.000
549,21.487088,17.053733,8,1,0,3,0.000,1,6681.306,708.359,6.375,6200.000,610.000,90.000,100.000,58,-1.000,-1.000
550,10.678437,16.667425,8,1,0,3,0.000,1,6681.278,708.172,6.624,6200.000,610.000,90.000,100.000,58,-1.000,-1.000
551,16.755068,16.667715,8,1,0,3,0.000,1,6681.251,707.988,6.601,6200.000,610.000,90.000,100.000,58,-1.000,-1.000
552,18.076115,17.322510,8,1,0,3,0.000,1,6681.223,707.799,6.287,6200.000,610.000,90.000,100.000,58,-1.000,-1.000
553,20.501756,16.685854,8,1,0,3,0.000,1,6681.223,707.774,6.000,6200.000,610.000,90.000,100.000,58,-1.000,-1.000
554,13.697612,17.794650,8,1,0,3,0.000,1,6681.224,707.774,6.000,6200.000,610.000,90.000,100.000,58,-1.000,-1.000
555,17.548203,16.667755,8,1,0,3,0.000,1,6681.228,707.778,6.000,6200.000,610.000,90.000,100.000,58,-1.000,-1.000
556,14.673263,16.780367,8,1,0,3,0.000,1,6681.226,707.775,6.000,6200.000,610.000,90.000,100.000,58,-1.000,-1.000
557,19.624389,16.667605,8,1,0,3,0.000,1,6681.224,707.779,6.000,6200.000,610.000,90.000,100.000,58,-1.000,-1.000
558,13.419135,16.667506,8,1,0,3,0.000,1,6681.228,707.776,6.000,6200.000,610.000,90.000,100.000,58,-1.000,-1.000
559,17.143425,16.667644,8,1,0,3,0.000,1,6681.225,707.778,6.000,6200.000,610.000,90.000,100.000,58,-1.000,-1.000
560,16.541613,17.157236,8,1,0,3,0.000,1,6681.227,707.775,6.000,6200.000,610.000,90.000,100.000,58,-1.000,-1.000
561,23.900639,16.667235,8,1,0,3,0.000,1,6681.224,707.778,6.000,6200.000,610.000,90.000,100.000,58,-1.000,-1.000
562,10.642376,16.791458,8,1,0,3,0.000,1,6681.227,707.776,6.000,6200.000,610.000,90.000,100.000,58,-1.000,-1.000
563,16.302458,17.545404,8,1,0,3,0.000,1,6681.225,707.778,6.000,6200.000,610.000,90.000,100.000,58,-1.000,-1.000
564,20.714851,17.000062,8,1,0,3,0.000,1,6681.227,707.775,6.000,6200.000,610.000,90.000,100.000,58,-1.000,-1.000
565,14.370897,17.997883,8,1,0,3,0.000,1,6681.224,707.779,6.000,6200.000,610.000,90.000,100.000,58,-1.000,-1.000
566,16.780016,16.999913,8,1,0,3,0.000,1,6681.227,707.775,6.000,6200.000,610.000,90.000,100.000,58,-1.000,-1.000
567,17.103466,17.001762,8,1,0,3,0.000,1,6681.224,707.778,6.000,6200.000,610.000,90.000,100.000,58,-1.000,-1.000
568,16.945771,16.997392,8,1,0,3,0.000,1,6681.227,707.776,6.000,6200.000,610.000,90.000,100.000,58,-1.000,-1.000
569,17.623904,16.667444,8,1,0,3,0.000,1,6681.225,707.778,6.000,6200.000,610.000,90.000,100.000,58,-1.000,-1.000
570,16.871050,16.667236,8,1,0,3,0.000,1,6681.225,707.778,6.000,6200.000,610.000,90.000,100.000,58,-1.000,-1.000
571,16.067622,16.667814,8,1,0,3,0.000,1,6681.225,707.778,6.000,6200.000,610.000,90.000,100.000,58,-1.000,-1.000
572,16.297017,16.667355,8,1,0,3,0.000,1,6681.225,707.778,6.000,6200.000,610.000,90.000,100.000,58,-1.000,-1.000
573,16.557813,16.667086,8,1,0,3,0.000,1,6681.225,707.778,6.000,6200.000,610.000,90.000,100.000,58,-1.000,-1.000
574,19.148738,16.667684,8,1,0,3,0.000,1,6681.225,707.778,6.000,6200.000,610.000,90.000,100.000,58,-1.000,-1.000
575,17.014032,16.667536,8,1,0,3,0.000,1,6681.225,707.778,6.000,6200.000,610.000,90.000,100.000,58,-1.000,-1.000
576,14.797846,16.667605,8,1,0,3,0.000,1,6681.225,707.778,6.000,6200.000,610.000,90.000,100.000,58,-1.000,-1.000
577,16.820788,16.667614,8,1,0,3,0.000,1,6681.225,707.778,6.000,6200.000,610.000,90.000,100.000,58,-1.000,-1.000
578,15.510660,16.667026,8,1,0,3,0.000,1,6681.225,707.778,6.000,6200.000,610.000,90.000,100.000,58,-1.000,-1.000
579,17.559755,16.667285,8,1,0,3,0.000,1,6681.225,707.778,6.000,6200.000,610.000,90.000,100.000,58,-1.000,-1.000
580,17.727507,16.667595,8,1,0,3,0.000,1,6681.225,707.778,6.000,6200.000,610.000,90.000,100.000,58,-1.000,-1.000
581,18.101826,16.667125,8,1,0,3,0.000,1,6681.225,707.778,6.000,6200.000,610.000,90.000,100.000,58,-1.000,-1.000
582,14.022809,16.703096,8,1,0,3,0.000,1,6681.225,707.778,6.000,6200.000,610.000,90.000,100.000,58,-1.000,-1.000
583,16.288277,16.667185,8,1,0,3,0.000,1,6681.225,707.778,6.000,6200.000,610.000,90.000,100.000,58,-1.000,-1.000
584,16.376738,16.667505,8,1,0,3,0.000,1,6681.225,707.778,6.000,6200.000,610.000,90.000,100.000,58,-1.000,-1.000
585,18.476194,16.667445,8,1,0,3,0.000,1,6681.225,707.778,6.000,6200.000,610.000,90.000,100.000,58,-1.000,-1.000
586,17.153466,16.666945,8,1,0,3,0.000,1,6681.225,707.778,6.000,6200.000,610.000,90.000,100.000,58,-1.000,-1.000
587,19.216909,16.667515,8,1,0,3,0.000,1,6681.225,707.778,6.000,6200.000,610.000,90.000,100.000,58,-1.000,-1.000
588,12.915675,16.667526,8,1,0,3,0.000,1,6681.225,707.778,6.000,6200.000,610.000,90.000,100.000,58,-1.000,-1.000
589,16.806078,16.667824,8,1,0,3,0.000,1,6681.225,707.778,6.000,6200.000,610.000,90.000,100.000,58,-1.000,-1.000
590,17.585244,16.667215,8,1,0,3,0.000,1,6681.225,707.778,6.000,6200.000,610.000,90.000,100.000,58,-1.000,-1.000
591,17.877081,16.667156,8,1,0,3,0.000,1,6681.225,707.778,6.000,6200.000,610.000,90.000,100.000,58,-1.000,-1.000
592,14.498300,16.667264,8,1,0,3,0.000,1,6681.225,707.778,6.000,6200.000,610.000,90.000,100.000,58,-1.000,-1.000
593,17.794198,16.667726,8,1,0,3,0.000,1,6681.225,707.778,6.000,6200.000,610.000,90.000,100.000,58,-1.000,-1.000
594,15.464990,16.667535,8,1,0,3,0.000,1,6681.225,707.778,6.000,6200.000,610.000,90.000,100.000,58,-1.000,-1.000
595,16.303157,16.667374,8,1,0,3,0.000,1,6681.225,707.778,6.000,6200.000,610.000,90.000,100.000,58,-1.000,-1.000
596,19.224909,16.667156,8,1,0,3,0.000,1,6681.225,707.778,6.000,6200.000,610.000,90.000,100.000,58,-1.000,-1.000
597,19.490756,19.281560,8,1,0,3,0.000,1,6681.225,707.778,6.000,6200.000,610.000,90.000,100.000,58,-1.000,-1.000
598,20.539157,19.001515,8,1,0,3,0.000,1,6681.225,707.778,6.000,6200.000,610.000,90.000,100.000,58,-1.000,-1.000
599,17.020682,17.997143,8,1,0,3,0.000,1,6681.225,707.778,6.000,6200.000,610.000,90.000,100.000,58,-1.000,-1.000
600,16.004201,16.667826,8,1,0,3,0.000,1,6681.225,707.778,6.000,6200.000,610.000,90.000,100.000,58,-1.000,-1.000
601,15.735526,16.667305,8,1,0,3,0.000,1,6681.225,707.778,6.000,6200.000,610.000,90.000,100.000,58,-1.000,-1.000
602,18.421193,16.702855,8,1,0,3,0.000,1,6681.225,707.778,6.000,6200.000,610.000,90.000,100.000,58,-1.000,-1.000
603,17.578714,16.666836,8,1,0,3,0.000,1,6681.225,707.778,6.000,6200.000,610.000,90.000,100.000,58,-1.000,-1.000
604,13.917326,16.695616,8,1,0,3,0.000,1,6681.225,707.778,6.000,6200.000,610.000,90.000,100.000,58,-1.000,-1.000
605,16.713117,16.667184,8,1,0,3,0.000,1,6681.225,707.778,6.000,6200.000,610.000,90.000,100.000,58,-1.000,-1.000
606,19.540335,16.667295,8,1,0,3,0.000,1,6681.225,707.778,6.000,6200.000,610.000,90.000,100.000,58,-1.000,-1.000
607,14.854327,16.688006,8,1,0,3,0.000,1,6681.225,707.778,6.000,6200.000,610.000,90.000,100.000,58,-1.000,-1.000
608,14.003178,16.666955,8,1,0,3,0.000,1,6681.225,707.778,6.000,6200.000,610.000,90.000,100.000,58,-1.000,-1.000
609,17.267248,16.667535,8,1,0,3,0.000,1,6681.225,707.778,6.000,6200.000,610.000,90.000,100.000,58,-1.000,-1.000
610,18.287470,16.666905,8,1,0,3,0.000,1,6681.225,707.778,6.000,6200.000,610.000,90.000,100.000,58,-1.000,-1.000
611,14.854927,16.667045,8,1,0,3,0.000,1,6681.225,707.778,6.000,6200.000,610.000,90.000,100.000,58,-1.000,-1.000
612,17.135375,16.675315,8,1,0,3,0.000,1,6681.225,707.778,6.000,6200.000,610.000,90.000,100.000,58,-1.000,-1.000
613,18.814351,16.666826,8,1,0,3,0.000,1,6681.225,707.778,6.000,6200.000,610.000,90.000,100.000,58,-1.000,-1.000
614,21.113769,16.667394,8,1,0,3,0.000,1,6681.225,707.778,6.000,6200.000,610.000,90.000,100.000,58,-1.000,-1.000
615,16.995642,21.132920,8,1,0,3,0.000,1,6681.225,707.778,6.000,6200.000,610.000,90.000,100.000,58,-1.000,-1.000
616,13.375705,17.652907,8,1,0,3,0.000,1,6681.225,707.778,6.000,6200.000,610.000,90.000,100.000,58,-1.000,-1.000
617,17.772349,16.669425,8,1,0,3,0.000,1,6681.225,707.778,6.000,6200.000,610.000,90.000,100.000,58,-1.000,-1.000
618,18.818581,16.735176,8,1,0,3,0.000,1,6681.225,707.778,6.000,6200.000,610.000,90.000,100.000,58,-1.000,-1.000
619,15.847427,17.063774,8,1,0,3,0.000,1,6681.225,707.778,6.000,6200.000,610.000,90.000,100.000,58,-1.000,-1.000
620,18.308340,16.667845,8,1,0,3,0.000,1,6681.225,707.778,6.000,6200.000,610.000,90.000,100.000,58,-1.000,-1.000
621,14.448588,16.667075,8,1,0,3,0.000,1,6681.225,707.778,6.000,6200.000,610.000,90.000,100.000,58,-1.000,-1.000
622,19.453095,16.667656,8,1,0,3,0.000,1,6681.225,707.778,6.000,6200.000,610.000,90.000,100.000,58,-1.000,-1.000
623,16.736765,16.719535,8,1,0,3,0.000,1,6681.225,707.778,6.000,6200.000,610.000,90.000,100.000,58,-1.000,-1.000
624,18.040935,16.861579,8,1,0,3,0.000,1,6681.225,707.778,6.000,6200.000,610.000,90.000,100.000,58,-1.000,-1.000
625,12.952896,16.667216,8,1,0,3,0.000,1,6681.225,707.778,6.000,6200.000,610.000,90.000,100.000,58,-1.000,-1.000
626,15.664044,16.667184,8,1,0,3,0.000,1,6681.225,707.778,6.000,6200.000,610.000,90.000,100.000,58,-1.000,-1.000
627,18.570696,16.667176,8,1,0,3,0.000,1,6681.225,707.778,6.000,6200.000,610.000,90.000,100.000,58,-1.000,-1.000
628,18.197837,16.667385,8,1,0,3,0.000,1,6681.225,707.778,6.000,6200.000,610.000,90.000,100.000,58,-1.000,-1.000
629,17.937452,16.667564,8,1,0,3,0.000,1,6681.225,707.778,6.000,6200.000,610.000,90.000,100.000,58,-1.000,-1.000
630,16.093243,17.719128,8,1,0,3,0.000,1,6681.225,707.778,6.000,6200.000,610.000,90.000,100.000,58,-1.000,-1.000
631,23.756256,16.667275,8,1,0,3,0.000,1,6681.225,707.778,6.000,6200.000,610.000,90.000,100.000,58,-1.000,-1.000
632,6.669222,16.667595,8,1,0,3,0.000,1,6681.225,707.778,6.000,6200.000,610.000,90.000,100.000,58,-1.000,-1.000
633,16.589674,16.666965,8,1,0,3,0.000,1,6681.225,707.778,6.000,6200.000,610.000,90.000,100.000,58,-1.000,-1.000
634,16.413539,16.667176,27,1,0,3,0.000,1,6681.225,707.778,6.000,6200.000,610.000,90.000,100.000,58,-1.000,-1.000
635,167.757034,16.667544,27,1,0,3,0.000,1,6681.225,707.778,6.000,6200.000,610.000,90.000,100.000,58,-1.000,-1.000
636,10.150076,153.721675,27,1,0,3,0.000,1,6681.225,707.778,6.000,6200.000,610.000,90.000,100.000,58,-1.000,-1.000
637,10.108905,16.667556,27,1,0,3,0.000,1,6681.225,707.778,6.000,6200.000,610.000,90.000,100.000,58,-1.000,-1.000
638,16.534753,16.667554,27,1,0,3,0.000,1,6681.225,707.778,6.000,6200.000,610.000,90.000,100.000,58,-1.000,-1.000
639,19.441744,16.667705,27,1,0,3,0.000,1,6681.225,707.778,6.000,6200.000,610.000,90.000,100.000,58,-1.000,-1.000
640,19.642089,16.789178,27,1,0,3,0.000,1,6681.225,707.778,6.000,6200.000,610.000,90.000,100.000,58,-1.000,-1.000
641,16.401609,16.963232,27,1,0,3,0.000,1,6681.225,707.778,6.000,6200.000,610.000,90.000,100.000,58,-1.000,-1.000
642,16.429070,16.667204,27,1,0,3,0.000,1,6681.225,707.778,6.000,6200.000,610.000,90.000,100.000,58,-1.000,-1.000
643,17.332939,17.476273,27,1,0,3,0.000,1,6681.225,707.778,6.000,6200.000,610.000,90.000,100.000,58,-1.000,-1.000
644,16.372588,16.667115,27,1,0,3,0.000,1,6681.225,707.778,6.000,6200.000,610.000,90.000,100.000,58,-1.000,-1.000
645,15.337458,16.721656,27,1,0,3,0.000,1,6681.225,707.778,6.000,6200.000,610.000,90.000,100.000,58,-1.000,-1.000
646,13.632550,17.709417,27,1,0,3,0.000,1,6681.225,707.778,6.000,6200.000,610.000,90.000,100.000,58,-1.000,-1.000
647,17.108804,16.667246,27,1,0,3,0.000,1,6681.225,707.778,6.000,6200.000,610.000,90.000,100.000,58,-1.000,-1.000
648,16.393890,17.246687,27,1,0,3,0.000,1,6681.225,707.778,6.000,6200.000,610.000,90.000,100.000,58,-1.000,-1.000
649,17.256437,16.671725,27,1,0,3,0.000,1,6681.225,707.778,6.000,6200.000,610.000,90.000,100.000,58,-1.000,-1.000
650,19.545686,16.667105,27,1,0,3,0.000,1,6681.225,707.778,6.000,6200.000,610.000,90.000,100.000,58,-1.000,-1.000
651,13.687372,16.666895,27,1,0,3,0.000,1,6681.225,707.778,6.000,6200.000,610.000,90.000,100.000,58,-1.000,-1.000
652,16.897780,16.710476,27,1,0,3,0.000,1,6681.225,707.778,6.000,6200.000,610.000,90.000,100.000,58,-1.000,-1.000
653,16.589764,16.667005,27,1,0,3,0.000,1,6681.225,707.778,6.000,6200.000,610.000,90.000,100.000,58,-1.000,-1.000
654,16.448330,16.683766,27,1,0,3,0.000,1,6681.225,707.778,6.000,6200.000,610.000,90.000,100.000,58,-1.000,-1.000
655,19.443674,16.667455,27,1,0,3,0.000,1,6681.225,707.778,6.000,6200.000,610.000,90.000,100.000,58,-1.000,-1.000
656,13.779273,16.667114,9,1,0,3,0.000,1,6681.225,707.778,6.000,6200.000,610.000,90.000,100.000,58,-1.000,-1.000
657,19.093097,16.681516,9,1,0,3,0.000,1,6681.225,707.778,6.000,6300.000,700.000,90.000,100.000,58,-1.000,-1.000
658,14.317356,16.667005,9,1,0,3,0.000,1,6681.225,707.778,6.000,6300.000,700.000,90.000,100.000,58,-1.000,-1.000
659,16.124023,16.666965,9,1,0,3,0.000,1,6681.225,707.778,6.000,6300.000,700.000,90.000,100.000,58,-1.000,-1.000
660,19.734590,16.667495,9,1,0,3,0.000,1,6681.225,707.778,6.000,6300.000,700.000,90.000,100.000,58,-1.000,-1.000
661,16.181225,19.111687,9,1,0,3,0.000,1,6681.225,707.778,6.000,6300.000,700.000,90.000,100.000,58,-1.000,-1.000
662,19.597197,16.667356,9,1,0,3,0.000,1,6681.225,707.778,6.000,6300.000,700.000,90.000,100.000,58,-1.000,-1.000
663,17.685357,16.721095,9,1,0,3,0.000,1,6681.225,707.778,6.000,6300.000,700.000,90.000,100.000,58,-1.000,-1.000
664,15.678524,16.667416,9,1,0,3,0.000,1,6681.225,707.778,6.000,6300.000,700.000,90.000,100.000,58,-1.000,-1.000
665,17.368580,16.667395,9,1,0,3,0.000,1,6681.225,707.778,6.000,6300.000,700.000,90.000,100.000,58,-1.000,-1.000
666,13.307783,16.667004,9,1,0,3,0.000,1,6681.225,707.778,6.000,6300.000,700.000,90.000,100.000,58,-1.000,-1.000
667,17.967773,16.667526,9,1,0,3,0.000,1,6681.225,707.778,6.000,6300.000,700.000,90.000,100.000,58,-1.000,-1.000
668,16.137054,16.666935,9,1,0,3,0.000,1,6681.225,707.778,6.000,6300.000,700.000,90.000,100.000,58,-1.000,-1.000
669,16.113023,16.667105,9,1,0,3,0.000,1,6681.225,707.778,6.000,6300.000,700.000,90.000,100.000,58,-1.000,-1.000
670,17.754808,16.667545,9,1,0,3,0.000,1,6681.225,707.778,6.000,6300.000,700.000,90.000,100.000,58,-1.000,-1.000
671,15.896999,16.666995,9,1,0,3,0.000,1,6681.225,707.778,6.000,6300.000,700.000,90.000,100.000,58,-1.000,-1.000
672,17.210707,16.667335,9,1,0,3,0.000,1,6681.225,707.778,6.000,6300.000,700.000,90.000,100.000,58,-1.000,-1.000
673,17.744498,16.667065,9,1,0,3,0.000,1,6681.225,707.778,6.000,6300.000,700.000,90.000,100.000,58,-1.000,-1.000
674,15.206164,16.667166,9,1,0,3,0.000,1,6681.225,707.778,6.000,6300.000,700.000,90.000,100.000,58,-1.000,-1.000
675,17.481952,16.667514,9,1,0,3,0.000,1,6681.225,707.778,6.000,6300.000,700.000,90.000,100.000,58,-1.000,-1.000
676,19.090647,17.802169,9,1,0,3,0.000,1,6681.225,707.778,6.000,6300.000,700.000,90.000,100.000,58,-1.000,-1.000
677,14.372136,16.666936,9,1,0,3,0.000,1,6681.225,707.778,6.000,6300.000,700.000,90.000,100.000,58,-1.000,-1.000
678,18.948414,16.667444,9,1,0,3,0.000,1,6681.225,707.778,6.000,6300.000,700.000,90.000,100.000,58,-1.000,-1.000
679,18.052194,16.667196,9,1,0,3,0.000,1,6681.225,707.778,6.000,6300.000,700.000,90.000,100.000,58,-1.000,-1.000
680,16.600704,16.693095,9,1,0,3,0.000,1,6681.225,707.778,6.000,6300.000,700.000,90.000,100.000,58,-1.000,-1.000
681,14.839816,16.667305,9,1,0,3,0.000,1,6681.225,707.778,6.000,6300.000,700.000,90.000,100.000,58,-1.000,-1.000
682,17.958083,16.667595,9,1,0,3,0.000,1,6681.225,707.778,6.000,6300.000,700.000,90.000,100.000,58,-1.000,-1.000
683,15.429188,16.667236,9,1,0,3,0.000,1,6681.225,707.778,6.000,6300.000,700.000,90.000,100.000,58,-1.000,-1.000
684,16.699286,16.667474,9,1,0,3,0.000,1,6681.225,707.778,6.000,6300.000,700.000,90.000,100.000,58,-1.000,-1.000
685,14.545270,16.666845,9,1,0,3,0.000,1,6681.225,707.778,6.000,6300.000,700.000,90.000,100.000,58,-1.000,-1.000
686,16.711216,16.667566,9,1,0,3,0.000,1,6681.225,707.778,6.000,6300.000,700.000,90.000,100.000,58,-1.000,-1.000
687,16.382209,16.667284,9,1,0,3,0.000,1,6681.225,707.778,6.000,6300.000,700.000,90.000,100.000,58,-1.000,-1.000
688,17.135274,16.667096,9,1,0,3,0.000,1,6681.225,707.778,6.000,6300.000,700.000,90.000,100.000,58,-1.000,-1.000
689,16.551813,16.667785,9,1,0,3,0.000,1,6681.225,707.778,6.000,6300.000,700.000,90.000,100.000,58,-1.000,-1.000
690,17.392911,17.363930,9,1,0,3,0.000,1,6681.225,707.778,6.000,6300.000,700.000,90.000,100.000,58,-1.000,-1.000
691,16.491411,16.667715,9,1,0,3,0.000,1,6681.225,707.778,6.000,6300.000,700.000,90.000,100.000,58,-1.000,-1.000
692,17.043554,16.667084,9,1,0,3,0.000,1,6681.225,707.778,6.000,6300.000,700.000,90.000,100.000,58,-1.000,-1.000
693,16.245555,16.667106,9,1,0,3,0.000,1,6681.225,707.778,6.000,6300.000,700.000,90.000,100.000,58,-1.000,-1.000
694,16.996132,16.667055,9,1,0,3,0.000,1,6681.225,707.778,6.000,6300.000,700.000,90.000,100.000,58,-1.000,-1.000
695,17.837611,16.667315,9,1,0,3,0.000,1,6681.225,707.778,6.000,6300.000,700.000,90.000,100.000,58,-1.000,-1.000
696,18.321650,16.667135,9,1,0,3,0.000,1,6681.225,707.778,6.000,6300.000,700.000,90.000,100.000,58,-1.000,-1.000
697,13.320294,16.666945,9,1,0,3,0.000,1,6681.225,707.778,6.000,6300.000,700.000,90.000,100.000,58,-1.000,-1.000
698,18.948874,16.677475,9,1,0,3,0.000,1,6681.225,707.778,6.000,6300.000,700.000,90.000,100.000,58,-1.000,-1.000
699,14.165281,16.669495,9,1,0,3,0.000,1,6681.225,707.778,6.000,6300.000,700.000,90.000,100.000,58,-1.000,-1.000
700,18.699748,16.817839,9,1,0,3,0.000,1,6681.225,707.778,6.000,6300.000,700.000,90.000,100.000,58,-1.000,-1.000
701,15.716285,16.667615,9,1,0,3,0.000,1,6681.225,707.778,6.000,6300.000,700.000,90.000,100.000,58,-1.000,-1.000
702,17.441852,16.666935,9,1,0,3,0.000,1,6681.225,707.778,6.000,6300.000,700.000,90.000,100.000,58,-1.000,-1.000
703,18.376351,16.667025,9,1,0,3,0.000,1,6681.225,707.778,6.000,6300.000,700.000,90.000,100.000,58,-1.000,-1.000
704,17.570964,16.667275,9,1,0,3,0.000,1,6681.225,707.778,6.000,6300.000,700.000,90.000,100.000,58,-1.000,-1.000
705,15.626503,16.667225,9,1,0,3,0.000,1,6681.225,707.778,6.000,6300.000,700.000,90.000,100.000,58,-1.000,-1.000
706,17.795490,16.667235,9,1,0,3,0.000,1,6681.225,707.778,6.000,6300.000,700.000,90.000,100.000,58,-1.000,-1.000
707,12.982016,16.667366,9,1,0,3,0.000,1,6681.225,707.778,6.000,6300.000,700.000,90.000,100.000,58,-1.000,-1.000
708,17.722758,16.667434,9,1,0,3,0.000,1,6681.225,707.778,6.000,6300.000,700.000,90.000,100.000,58,-1.000,-1.000
709,18.027174,16.667635,9,1,0,3,0.000,1,6681.225,707.778,6.000,6300.000,700.000,90.000,100.000,58,-1.000,-1.000
710,17.899050,16.667166,9,1,0,3,0.000,1,6681.225,707.778,6.000,6300.000,700.000,90.000,100.000,58,-1.000,-1.000
711,15.129594,16.667404,9,1,0,3,0.000,1,6681.225,707.778,6.000,6300.000,700.000,90.000,100.000,58,-1.000,-1.000
712,14.871916,16.667296,9,1,0,3,0.000,1,6681.225,707.778,6.000,6300.000,700.000,90.000,100.000,58,-1.000,-1.000
713,17.479002,16.667675,9,1,0,3,0.000,1,6681.225,707.778,6.000,6300.000,700.000,90.000,100.000,58,-1.000,-1.000
714,18.237979,16.667544,9,1,0,3,0.000,1,6681.225,707.778,6.000,6300.000,700.000,90.000,100.000,58,-1.000,-1.000
715,15.905819,16.667376,9,1,0,3,0.000,1,6681.225,707.778,6.000,6300.000,700.000,90.000,100.000,58,-1.000,-1.000
716,16.880019,16.666924,10,1,0,3,0.000,1,6681.225,707.778,6.000,6300.000,700.000,90.000,100.000,58,-1.000,-1.000
717,17.428401,16.666936,10,1,0,3,0.000,1,6681.225,707.778,6.000,6300.667,700.000,90.000,100.000,58,-1.000,-1.000
718,14.518160,16.667265,10,1,0,3,0.000,1,6681.225,707.778,6.000,6302.000,700.000,90.000,100.000,58,-1.000,-1.000
719,26.899323,16.667244,10,1,0,3,0.000,1,6681.225,707.778,6.000,6304.000,700.000,90.000,100.000,58,-1.000,-1.000
720,7.537220,17.871541,10,1,0,3,0.000,1,6681.225,707.778,6.000,6306.911,700.000,90.000,100.000,58,-1.000,-1.000
721,17.528474,16.710017,10,1,0,3,0.000,1,6681.225,707.778,6.000,6310.304,700.000,90.000,100.000,58,-1.000,-1.000
722,15.591332,16.667445,10,1,0,3,0.000,1,6681.225,707.778,6.000,6314.354,700.000,90.000,100.000,58,-1.000,-1.000
723,18.469264,16.667064,10,1,0,3,0.000,1,6681.225,707.778,6.000,6319.071,700.000,90.000,100.000,58,-1.000,-1.000
724,17.946992,18.258600,10,1,0,3,0.000,1,6681.225,707.778,6.000,6325.038,700.000,90.000,100.000,58,-1.000,-1.000
725,15.149593,16.667204,10,1,0,3,0.000,1,6681.225,707.778,6.000,6331.152,700.000,90.000,100.000,58,-1.000,-1.000
726,16.689835,16.667306,10,1,0,3,0.000,1,6681.225,707.778,6.000,6337.932,700.000,90.000,100.000,58,-1.000,-1.000
727,16.433100,16.667305,10,1,0,3,0.000,1,6681.225,707.778,6.000,6345.380,700.000,90.000,100.000,58,-1.000,-1.000
728,23.966951,19.932185,10,1,0,3,0.000,1,6681.225,707.778,6.000,6355.240,700.000,90.000,100.000,58,-1.000,-1.000
729,14.341905,17.972252,10,1,0,3,0.000,1,6681.225,707.778,6.000,6364.585,700.000,90.000,100.000,58,-1.000,-1.000
730,19.054716,18.986014,10,1,0,3,0.000,1,6681.225,707.778,6.000,6374.458,700.000,90.000,100.000,58,-1.000,-1.000
731,17.693097,18.000804,10,1,0,3,0.000,1,6681.225,707.778,6.000,6383.818,700.000,90.000,100.000,58,-1.000,-1.000
732,20.278412,18.999815,10,1,0,3,0.000,1,6681.225,707.778,6.000,6393.698,700.000,90.000,100.000,58,-1.000,-1.000
733,15.589052,16.667295,10,1,0,3,0.000,1,6681.225,707.778,6.000,6402.365,700.000,90.000,100.000,58,-1.000,-1.000
734,18.202928,16.667285,10,1,0,3,0.000,1,6681.225,707.778,6.000,6411.032,700.000,90.000,100.000,58,-1.000,-1.000
735,17.049763,16.667225,10,1,0,3,0.000,1,6681.225,707.778,6.000,6419.699,700.000,90.000,100.000,58,-1.000,-1.000
736,17.542794,16.667615,10,1,0,3,0.000,1,6681.225,707.778,6.000,6428.366,700.000,90.000,100.000,58,-1.000,-1.000
737,15.890369,16.667456,10,1,0,3,0.000,1,6681.225,707.778,6.000,6437.033,700.000,90.000,100.000,58,-1.000,-1.000
738,18.219398,17.100894,10,1,0,3,0.000,1,6681.225,707.778,6.000,6445.926,700.000,90.000,100.000,58,-1.000,-1.000
739,15.052700,16.825268,10,1,0,3,0.000,1,6681.225,707.778,6.000,6454.675,700.000,90.000,100.000,58,-1.000,-1.000
740,17.641575,16.667565,10,1,0,3,0.000,1,6681.225,707.778,6.000,6463.342,700.000,90.000,100.000,58,-1.000,-1.000
741,17.210038,16.667235,10,1,0,3,0.000,1,6681.225,707.778,6.000,6472.009,700.000,90.000,100.000,58,-1.000,-1.000
742,13.916376,16.703746,10,1,0,3,0.000,1,6681.225,707.778,6.000,6480.695,700.000,90.000,100.000,58,-1.000,-1.000
743,20.034697,16.667505,10,1,0,3,0.000,1,6681.225,707.778,6.000,6489.362,700.000,90.000,100.000,58,-1.000,-1.000
744,13.127160,16.667255,10,1,0,3,0.000,1,6681.225,707.778,6.000,6498.029,700.000,90.000,100.000,58,-1.000,-1.000
745,18.193357,16.667405,10,1,0,3,0.000,1,6681.225,707.778,6.000,6506.696,700.000,90.000,100.000,58,-1.000,-1.000
746,19.387883,16.667415,10,1,0,3,0.000,1,6681.225,707.778,6.000,6515.363,700.000,90.000,100.000,58,-1.000,-1.000
747,13.791254,16.667585,10,1,0,3,0.000,1,6681.225,707.778,6.000,6524.030,700.000,90.000,100.000,58,-1.000,-1.000
748,21.920757,16.667736,10,1,0,3,0.000,1,6681.225,707.778,6.000,6532.698,700.000,90.000,100.000,58,-1.000,-1.000
749,10.624436,16.667164,10,1,0,3,0.000,1,6681.225,707.778,6.000,6541.365,700.000,90.000,100.000,58,-1.000,-1.000
750,19.534306,16.667415,10,1,0,3,0.000,1,6681.225,707.778,6.000,6550.032,700.000,90.000,100.000,58,-1.000,-1.000
751,14.873637,16.667096,10,1,0,3,0.000,1,6681.225,707.778,6.000,6558.699,700.000,90.000,100.000,58,-1.000,-1.000
752,16.703836,16.667144,10,1,0,3,0.000,1,6681.225,707.778,6.000,6567.365,700.000,90.000,100.000,58,-1.000,-1.000
753,15.689334,16.685676,10,1,0,3,0.000,1,6681.225,707.778,6.000,6576.042,700.000,90.000,100.000,58,-1.000,-1.000
754,17.774959,16.667715,10,1,0,3,0.000,1,6681.225,707.778,6.000,6584.709,700.000,90.000,100.000,58,-1.000,-1.000
755,16.018001,16.667775,10,1,0,3,0.000,1,6681.225,707.778,6.000,6593.376,700.000,90.000,100.000,58,-1.000,-1.000
756,17.933542,16.667785,10,1,0,3,0.000,1,6681.225,707.778,6.000,6602.044,700.000,90.000,100.000,58,-1.000,-1.000
757,14.502809,16.667556,10,1,0,3,0.000,1,6681.225,707.778,6.000,6610.711,700.000,90.000,100.000,58,-1.000,-1.000
758,20.541307,16.667054,10,1,0,3,0.000,1,6681.225,707.778,6.000,6619.378,700.000,90.000,100.000,58,-1.000,-1.000
759,12.553368,16.667445,10,1,0,3,0.000,1,6681.225,707.778,6.000,6628.045,700.000,90.000,100.000,58,-1.000,-1.000
760,16.458990,16.667086,10,1,0,3,0.000,1,6681.225,707.778,6.000,6636.712,700.000,90.000,100.000,58,-1.000,-1.000
761,17.600006,16.667834,10,1,0,3,0.000,1,6681.225,707.778,6.000,6645.379,700.000,90.000,100.000,58,-1.000,-1.000
762,16.414709,16.667266,10,1,0,3,0.000,1,6681.225,707.778,6.000,6654.046,700.000,90.000,100.000,58,-1.000,-1.000
763,16.923061,16.667705,10,1,0,3,0.000,1,6681.225,707.778,6.000,6662.713,700.000,90.000,100.000,58,-1.000,-1.000
764,19.274290,16.667805,10,1,0,3,0.000,1,6681.225,707.778,6.000,6671.380,700.000,90.000,100.000,58,-1.000,-1.000
765,16.417500,17.514463,10,1,0,3,0.000,1,6681.225,707.778,6.000,6680.488,700.000,90.000,96.989,58,-1.000,-1.000
766,18.163597,16.667414,10,1,0,3,0.000,1,6681.225,707.778,6.000,6689.155,700.000,90.000,96.989,58,-1.000,-1.000
767,14.408157,16.710927,10,1,0,3,0.000,1,6681.225,707.778,6.000,6697.845,700.000,90.000,96.989,58,-1.000,-1.000
768,17.607985,18.242508,10,1,0,3,0.000,1,6681.225,707.778,6.000,6707.331,700.000,90.000,96.989,58,-1.000,-1.000
769,17.487092,17.857691,11,1,0,3,0.000,1,6681.225,707.778,6.000,6716.617,700.000,90.000,96.989,58,-1.000,-1.000
770,19.484196,17.997623,11,1,0,3,0.000,1,6681.225,707.778,6.000,6770.000,700.000,90.000,96.989,58,-1.000,-1.000
771,16.425109,18.005534,11,1,0,3,0.000,1,6681.225,707.778,6.000,6770.000,700.000,90.000,96.989,58,-1.000,-1.000
772,17.967693,17.997403,11,1,0,3,0.000,1,6681.225,707.778,6.000,6770.000,700.000,90.000,96.989,58,-1.000,-1.000
773,17.617966,17.996893,11,1,0,3,0.000,1,6681.225,707.778,6.000,6770.000,700.000,90.000,96.989,58,-1.000,-1.000
774,19.712670,18.007994,11,1,0,3,0.000,1,6681.225,707.778,6.000,6770.000,700.000,90.000,96.989,58,-1.000,-1.000
775,19.905083,18.995095,11,1,0,3,0.000,1,6681.225,707.778,6.000,6770.000,700.000,90.000,96.989,58,-1.000,-1.000
776,15.498921,17.996683,11,1,0,3,0.000,1,6681.225,707.778,6.000,6770.000,700.000,90.000,96.989,58,-1.000,-1.000
777,18.583156,18.003984,11,1,0,3,0.000,1,6681.225,707.778,6.000,6770.000,700.000,90.000,96.989,58,-1.000,-1.000
778,17.446951,18.006563,11,1,0,3,0.000,1,6681.225,707.778,6.000,6770.000,700.000,90.000,96.989,58,-1.000,-1.000
779,16.085913,16.667556,11,1,0,3,0.000,1,6681.225,707.778,6.000,6770.000,700.000,90.000,96.989,58,-1.000,-1.000
780,19.369602,16.667334,11,1,0,3,0.000,1,6681.225,707.778,6.000,6770.000,700.000,90.000,93.800,58,-1.000,-1.000
781,14.758855,16.680116,11,1,0,3,0.000,1,6681.225,707.778,6.000,6770.000,700.000,90.000,93.800,58,-1.000,-1.000
782,17.908961,16.667855,11,1,0,3,0.000,1,6681.225,707.778,6.000,6770.000,700.000,90.000,93.800,58,-1.000,-1.000
783,15.338357,16.667695,11,1,0,3,0.000,1,6681.225,707.778,6.000,6770.000,700.000,90.000,93.800,58,-1.000,-1.000
784,17.825360,16.787807,11,1,0,3,0.000,1,6681.225,707.778,6.000,6770.000,700.000,90.000,93.800,58,-1.000,-1.000
785,15.754716,16.667466,11,1,0,3,0.000,1,6681.225,707.778,6.000,6770.000,700.000,90.000,93.800,58,-1.000,-1.000
786,16.840069,16.667655,11,1,0,3,0.000,1,6681.225,707.778,6.000,6770.000,700.000,90.000,93.800,58,-1.000,-1.000
787,16.558452,16.667375,11,1,0,3,0.000,1,6681.225,707.778,6.000,6770.000,700.000,90.000,93.800,58,-1.000,-1.000
788,19.366583,16.670695,11,1,0,3,0.000,1,6681.225,707.778,6.000,6770.000,700.000,90.000,93.800,58,-1.000,-1.000
789,13.467016,16.667605,11,1,0,3,0.000,1,6681.225,707.778,6.000,6770.000,700.000,90.000,93.800,58,-1.000,-1.000
790,18.495075,17.715317,11,1,0,3,0.000,1,6681.225,707.778,6.000,6770.000,700.000,90.000,93.800,58,-1.000,-1.000
791,16.288697,16.667186,11,1,0,3,0.000,1,6681.225,707.778,6.000,6770.000,700.000,90.000,93.800,58,-1.000,-1.000
792,17.673496,16.667145,11,1,0,3,0.000,1,6681.225,707.778,6.000,6770.000,700.000,90.000,93.800,58,-1.000,-1.000
793,15.428249,16.667574,11,1,0,3,0.000,1,6681.225,707.778,6.000,6770.000,700.000,90.000,93.800,58,-1.000,-1.000
794,18.315289,16.667666,11,1,0,3,0.000,1,6681.225,707.778,6.000,6770.000,700.000,90.000,93.800,58,-1.000,-1.000
795,17.105905,16.907480,11,1,0,3,0.000,1,6681.225,707.778,6.000,6770.000,700.000,90.000,90.782,58,-1.000,-1.000
796,16.966061,16.667865,11,1,0,3,0.000,1,6681.225,707.778,6.000,6770.000,700.000,90.000,90.782,58,-1.000,-1.000
797,16.973262,16.882739,11,1,0,3,0.000,1,6681.225,707.778,6.000,6770.000,700.000,90.000,90.782,58,-1.000,-1.000
798,15.029040,16.667156,11,1,0,3,0.000,1,6681.225,707.778,6.000,6770.000,700.000,90.000,90.782,58,-1.000,-1.000
799,18.357972,16.667705,11,1,0,3,0.000,1,6681.225,707.778,6.000,6770.000,700.000,90.000,90.782,58,-1.000,-1.000
800,18.239558,17.546973,11,1,0,3,0.000,1,6681.225,707.778,6.000,6770.000,700.000,90.000,90.782,58,-1.000,-1.000
801,16.720247,16.667426,11,1,0,3,0.000,1,6681.225,707.778,6.000,6770.000,700.000,90.000,90.782,58,-1.000,-1.000
802,15.884828,16.667125,11,1,0,3,0.000,1,6681.225,707.778,6.000,6770.000,700.000,90.000,90.782,58,-1.000,-1.000
803,16.200475,16.667314,11,1,0,3,0.000,1,6681.225,707.778,6.000,6770.000,700.000,90.000,90.782,58,-1.000,-1.000
804,20.082488,16.667136,11,1,0,3,0.000,1,6681.225,707.778,6.000,6770.000,700.000,90.000,90.782,58,-1.000,-1.000
805,14.763744,17.297698,11,1,0,3,0.000,1,6681.225,707.778,6.000,6770.000,700.000,90.000,90.782,58,-1.000,-1.000
806,16.718736,16.667155,11,1,0,3,0.000,1,6681.225,707.778,6.000,6770.000,700.000,90.000,90.782,58,-1.000,-1.000
807,15.200684,16.776448,11,1,0,3,0.000,1,6681.225,707.778,6.000,6770.000,700.000,90.000,90.782,58,-1.000,-1.000
808,19.890853,16.704185,11,1,0,3,0.000,1,6681.225,707.778,6.000,6770.000,700.000,90.000,90.782,58,-1.000,-1.000
809,13.377216,16.701436,11,1,0,3,0.000,1,6681.225,707.778,6.000,6770.000,700.000,90.000,90.782,58,-1.000,-1.000
810,20.752642,16.667746,11,1,0,3,0.000,1,6681.225,707.778,6.000,6770.000,700.000,90.000,87.759,58,-1.000,-1.000
811,16.587643,16.667174,12,1,0,3,0.000,1,6681.225,707.778,6.000,6770.000,700.000,90.000,87.759,58,100.000,70.000
812,14.192582,16.666996,12,1,0,3,0.000,1,6681.225,707.778,6.000,6770.000,700.000,90.000,87.759,58,100.000,70.000
813,17.144385,16.667385,12,1,0,3,0.000,1,6681.225,707.778,6.000,6770.000,700.000,90.000,87.759,58,100.000,70.000
814,15.535182,16.667304,12,1,0,3,0.000,1,6681.225,707.778,6.000,6770.000,700.000,90.000,87.759,58,100.000,70.000
815,18.751239,16.667426,12,1,0,3,0.000,1,6681.225,707.778,6.000,6770.000,700.000,90.000,87.759,58,100.000,70.000
816,12.311842,16.667255,12,1,0,3,0.000,1,6681.225,707.778,6.000,6770.000,700.000,90.000,87.759,58,100.000,70.000
817,16.592954,16.667594,12,1,0,3,0.000,1,6681.225,707.778,6.000,6770.000,700.000,90.000,87.759,58,100.000,70.000
818,16.299027,16.667626,12,1,0,3,0.000,1,6681.225,707.778,6.000,6770.000,700.000,90.000,87.759,58,100.000,70.000
819,16.870250,16.674625,12,1,0,3,0.000,1,6681.225,707.778,6.000,6770.000,700.000,90.000,87.759,58,100.000,70.000
820,17.010682,16.688445,12,1,0,3,0.000,1,6681.225,707.778,6.000,6770.000,700.000,90.000,87.759,58,100.000,70.000
821,16.684405,16.667606,12,1,0,3,0.000,1,6681.225,707.778,6.000,6770.000,700.000,90.000,87.759,58,100.000,70.000
822,16.739647,16.667785,12,1,0,3,0.000,1,6681.225,707.778,6.000,6770.000,700.000,90.000,87.759,58,100.000,70.000
823,17.282958,16.692205,12,1,0,3,0.000,1,6681.225,707.778,6.000,6770.000,700.000,90.000,87.759,58,100.000,70.000
824,17.586875,17.024393,12,1,0,3,0.000,1,6681.225,707.778,6.000,6770.000,700.000,90.000,87.759,58,100.000,70.000
825,16.955891,16.667145,12,1,0,3,0.000,1,6681.225,707.778,6.000,6770.000,700.000,90.000,84.754,58,100.000,70.000
826,19.073006,16.983392,12,1,0,3,0.000,1,6681.225,707.778,6.000,6770.000,700.000,90.000,84.754,58,96.991,66.991
827,14.995920,17.170815,12,1,0,3,0.000,1,6681.225,707.778,6.000,6770.000,700.000,90.000,84.754,58,96.991,66.991
828,17.479153,16.667086,12,1,0,3,0.000,1,6681.225,707.778,6.000,6770.000,700.000,90.000,84.754,58,96.991,66.991
829,15.108251,16.666924,12,1,0,3,0.000,1,6681.225,707.778,6.000,6770.000,700.000,90.000,84.754,58,96.991,66.991
830,17.761988,17.066505,12,1,0,3,0.000,1,6681.225,707.778,6.000,6770.000,700.000,90.000,84.754,58,96.991,66.991
831,17.384111,16.667254,12,1,0,3,0.000,1,6681.225,707.778,6.000,6770.000,700.000,90.000,84.754,58,96.991,66.991
832,17.506572,16.667535,12,1,0,3,0.000,1,6681.225,707.778,6.000,6770.000,700.000,90.000,84.754,58,96.991,66.991
833,16.008191,16.666956,12,1,0,3,0.000,1,6681.225,707.778,6.000,6770.000,700.000,90.000,84.754,58,96.991,66.991
834,19.128058,16.667014,12,1,0,3,0.000,1,6681.225,707.778,6.000,6770.000,700.000,90.000,84.754,58,96.991,66.991
835,13.995638,16.667746,12,1,0,3,0.000,1,6681.225,707.778,6.000,6770.000,700.000,90.000,84.754,58,96.991,66.991
836,15.098821,16.667374,12,1,0,3,0.000,1,6681.225,707.778,6.000,6770.000,700.000,90.000,84.754,58,96.991,66.991
837,17.850551,16.667356,12,1,0,3,0.000,1,6681.225,707.778,6.000,6770.000,700.000,90.000,84.754,58,96.991,66.991
838,15.616053,16.667475,12,1,0,3,0.000,1,6681.225,707.778,6.000,6770.000,700.000,90.000,84.754,58,96.991,66.991
839,16.953601,17.136435,12,1,0,3,0.000,1,6681.225,707.778,6.000,6770.000,700.000,90.000,84.754,58,96.991,66.991
840,19.696670,16.667445,12,1,0,3,0.000,1,6681.225,707.778,6.000,6770.000,700.000,90.000,81.734,58,96.991,66.991
841,15.107432,16.667085,12,1,0,3,0.000,1,6681.225,707.778,6.000,6770.000,700.000,90.000,81.734,58,93.975,63.975
842,14.833645,16.667335,12,1,0,3,0.000,1,6681.225,707.778,6.000,6770.000,700.000,90.000,81.734,58,93.975,63.975
843,17.254148,16.667205,12,1,0,3,0.000,1,6681.225,707.778,6.000,6770.000,700.000,90.000,81.734,58,93.975,63.975
844,17.386580,17.084264,12,1,0,3,0.000,1,6681.225,707.778,6.000,6770.000,700.000,90.000,81.734,58,93.975,63.975
845,16.374469,16.667585,12,1,0,3,0.000,1,6681.225,707.778,6.000,6770.000,700.000,90.000,81.734,58,93.975,63.975
846,18.535005,16.666875,12,1,0,3,0.000,1,6681.225,707.778,6.000,6770.000,700.000,90.000,81.734,58,93.975,63.975
847,17.670667,16.667395,12,1,0,3,0.000,1,6681.225,707.778,6.000,6770.000,700.000,90.000,81.734,58,93.975,63.975
848,15.758365,16.667135,12,1,0,3,0.000,1,6681.225,707.778,6.000,6770.000,700.000,90.000,81.734,58,93.975,63.975
849,21.226933,16.678826,12,1,0,3,0.000,1,6681.225,707.778,6.000,6770.000,700.000,90.000,81.734,58,93.975,63.975
850,18.945093,16.752757,12,1,0,3,0.000,1,6681.225,707.778,6.000,6770.000,700.000,90.000,81.734,58,93.975,63.975
851,17.527233,17.273207,12,1,0,3,0.000,1,6681.225,707.778,6.000,6770.000,700.000,90.000,81.734,58,93.975,63.975
852,13.471618,18.727140,12,1,0,3,0.000,1,6681.225,707.778,6.000,6770.000,700.000,90.000,81.734,58,93.975,63.975
853,21.883105,19.603597,12,1,0,3,0.000,1,6681.225,707.778,6.000,6770.000,700.000,90.000,81.734,58,93.975,63.975
854,21.102220,17.394261,12,1,0,3,0.000,1,6681.225,707.778,6.000,6770.000,700.000,90.000,81.734,58,93.975,63.975
855,18.337441,16.667384,12,1,0,3,0.000,1,6681.225,707.778,6.000,6770.000,700.000,90.000,78.652,58,93.975,63.975
856,17.734488,16.667186,12,1,0,3,0.000,1,6681.225,707.778,6.000,6770.000,700.000,90.000,78.652,58,90.892,60.892
857,15.996731,16.666995,12,1,0,3,0.000,1,6681.225,707.778,6.000,6770.000,700.000,90.000,78.652,58,90.892,60.892
858,17.091363,17.139705,12,1,0,3,0.000,1,6681.225,707.778,6.000,6770.000,700.000,90.000,78.652,58,90.892,60.892
859,16.797558,17.580794,12,1,0,3,0.000,1,6681.225,707.778,6.000,6770.000,700.000,90.000,78.652,58,90.892,60.892
860,18.786670,17.128796,12,1,0,3,0.000,1,6681.225,707.778,6.000,6770.000,700.000,90.000,78.652,58,90.892,60.892
861,14.869207,16.667244,12,1,0,3,0.000,1,6681.225,707.778,6.000,6770.000,700.000,90.000,78.652,58,90.892,60.892
862,15.622993,16.673756,12,1,0,3,0.000,1,6681.225,707.778,6.000,6770.000,700.000,90.000,78.652,58,90.892,60.892
863,13.383385,20.310462,12,1,0,3,0.000,1,6681.225,707.778,6.000,6770.000,700.000,90.000,78.652,58,90.892,60.892
864,18.924653,17.502743,12,1,0,3,0.000,1,6681.225,707.778,6.000,6770.000,700.000,90.000,78.652,58,90.892,60.892
865,13.066228,16.667075,12,1,0,3,0.000,1,6681.225,707.778,6.000,6770.000,700.000,90.000,78.652,58,90.892,60.892
866,19.355902,16.667595,12,1,0,3,0.000,1,6681.225,707.778,6.000,6770.000,700.000,90.000,78.652,58,90.892,60.892
867,13.521339,16.667205,12,1,0,3,0.000,1,6681.225,707.778,6.000,6770.000,700.000,90.000,78.652,58,90.892,60.892
868,23.142583,17.802809,12,1,0,3,0.000,1,6681.225,707.778,6.000,6770.000,700.000,90.000,78.652,58,90.892,60.892
869,18.818231,16.667665,12,1,0,3,0.000,1,6681.225,707.778,6.000,6770.000,700.000,90.000,78.652,58,90.892,60.892
870,9.028802,16.667486,12,1,0,3,0.000,1,6681.225,707.778,6.000,6770.000,700.000,90.000,75.562,58,90.892,60.892
871,21.306644,16.667744,12,1,0,3,0.000,1,6681.225,707.778,6.000,6770.000,700.000,90.000,75.562,58,87.803,57.803
872,11.651808,16.666926,12,1,0,3,0.000,1,6681.225,707.778,6.000,6770.000,700.000,90.000,75.562,58,87.803,57.803
873,17.111495,16.667285,12,1,0,3,0.000,1,6681.225,707.778,6.000,6770.000,700.000,90.000,75.562,58,87.803,57.803
874,18.666278,16.667574,12,1,0,3,0.000,1,6681.225,707.778,6.000,6770.000,700.000,90.000,75.562,58,87.803,57.803
875,17.847449,16.667356,12,1,0,3,0.000,1,6681.225,707.778,6.000,6770.000,700.000,90.000,75.562,58,87.803,57.803
876,14.921508,16.667195,12,1,0,3,0.000,1,6681.225,707.778,6.000,6770.000,700.000,90.000,75.562,58,87.803,57.803
877,14.788625,16.667225,12,1,0,3,0.000,1,6681.225,707.778,6.000,6770.000,700.000,90.000,75.562,58,87.803,57.803
878,20.583149,16.667095,12,1,0,3,0.000,1,6681.225,707.778,6.000,6770.000,700.000,90.000,75.562,58,87.803,57.803
879,17.193256,16.667025,12,1,0,3,0.000,1,6681.225,707.778,6.000,6770.000,700.000,90.000,75.562,58,87.803,57.803
880,18.280739,16.683925,12,1,0,3,0.000,1,6681.225,707.778,6.000,6770.000,700.000,90.000,75.562,58,87.803,57.803
881,21.881637,18.246079,12,1,0,3,0.000,1,6681.225,707.778,6.000,6770.000,700.000,90.000,75.562,58,87.803,57.803
882,11.281750,20.921486,12,1,0,3,0.000,1,6681.225,707.778,6.000,6770.000,700.000,90.000,75.562,58,87.803,57.803
883,17.870421,18.000874,12,1,0,3,0.000,1,6681.225,707.778,6.000,6770.000,700.000,90.000,75.562,58,87.803,57.803
884,17.960742,17.997083,12,1,0,3,0.000,1,6681.225,707.778,6.000,6770.000,700.000,90.000,75.562,58,87.803,57.803
885,18.557456,18.003474,12,1,0,3,0.000,1,6681.225,707.778,6.000,6770.000,700.000,90.000,72.444,58,87.803,57.803
886,20.728321,19.005175,12,1,0,3,0.000,1,6681.225,707.778,6.000,6770.000,700.000,90.000,72.444,58,84.656,54.656
887,14.430478,16.667404,12,1,0,3,0.000,1,6681.225,707.778,6.000,6770.000,700.000,90.000,72.444,58,84.656,54.656
888,16.807958,16.667665,12,1,0,3,0.000,1,6681.225,707.778,6.000,6770.000,700.000,90.000,72.444,58,84.656,54.656
889,16.156724,16.667695,12,1,0,3,0.000,1,6681.225,707.778,6.000,6770.000,700.000,90.000,72.444,58,84.656,54.656
890,22.463018,18.990324,12,1,0,3,0.000,1,6681.225,707.778,6.000,6770.000,700.000,90.000,72.444,58,84.656,54.656
891,15.100522,18.001674,12,1,0,3,0.000,1,6681.225,707.778,6.000,6770.000,700.000,90.000,72.444,58,84.656,54.656
892,20.501277,17.998193,12,1,0,3,0.000,1,6681.225,707.778,6.000,6770.000,700.000,90.000,72.444,58,84.656,54.656
893,19.267730,17.998304,12,1,0,3,0.000,1,6681.225,707.778,6.000,6770.000,700.000,90.000,72.444,58,84.656,54.656
894,19.346452,19.004955,12,1,0,3,0.000,1,6681.225,707.778,6.000,6770.000,700.000,90.000,72.444,58,84.656,54.656
895,13.609910,16.667565,12,1,0,3,0.000,1,6681.225,707.778,6.000,6770.000,700.000,90.000,72.444,58,84.656,54.656
896,15.601483,16.667275,12,1,0,3,0.000,1,6681.225,707.778,6.000,6770.000,700.000,90.000,72.444,58,84.656,54.656
897,19.157648,16.748597,12,1,0,3,0.000,1,6681.225,707.778,6.000,6770.000,700.000,90.000,72.444,58,84.656,54.656
898,15.504500,16.667565,12,1,0,3,0.000,1,6681.225,707.778,6.000,6770.000,700.000,90.000,72.444,58,84.656,54.656
899,21.692752,16.667225,28,1,0,3,0.000,1,6681.225,707.778,6.000,6770.000,700.000,90.000,72.444,58,84.656,54.656
900,167.121390,16.666896,28,1,0,3,0.000,1,6681.225,707.778,6.000,6770.000,700.000,90.000,69.311,58,84.656,54.656
901,12.324892,159.779493,28,1,0,3,0.000,1,6681.225,707.778,6.000,6770.000,700.000,90.000,69.311,58,79.834,49.834
902,9.416992,16.667625,28,1,0,3,0.000,1,6681.225,707.778,6.000,6770.000,700.000,90.000,69.311,58,79.834,49.834
903,22.802996,16.667585,28,1,0,3,0.000,1,6681.225,707.778,6.000,6770.000,700.000,90.000,69.311,58,79.834,49.834
904,19.711149,16.689075,28,1,0,3,0.000,1,6681.225,707.778,6.000,6770.000,700.000,90.000,69.311,58,79.834,49.834
905,18.178327,16.902760,28,1,0,3,0.000,1,6681.225,707.778,6.000,6770.000,700.000,90.000,69.311,58,79.834,49.834
906,16.555953,16.715837,28,1,0,3,0.000,1,6681.225,707.778,6.000,6770.000,700.000,90.000,69.311,58,79.834,49.834
907,18.862952,16.676745,28,1,0,3,0.000,1,6681.225,707.778,6.000,6770.000,700.000,90.000,66.189,58,79.834,49.834
908,20.529407,17.539964,28,1,0,3,0.000,1,6681.225,707.778,6.000,6770.000,700.000,90.000,66.189,58,79.834,49.834
909,13.645271,20.536667,28,1,0,3,0.000,1,6681.225,707.778,6.000,6770.000,700.000,90.000,66.189,58,79.834,49.834
910,16.892080,17.030753,28,1,0,3,0.000,1,6681.225,707.778,6.000,6770.000,700.000,90.000,66.189,58,79.834,49.834
911,14.455347,17.956073,28,1,0,3,0.000,1,6681.225,707.778,6.000,6770.000,700.000,90.000,66.189,58,79.834,49.834
912,16.645385,17.556013,28,1,0,3,0.000,1,6681.225,707.778,6.000,6770.000,700.000,90.000,66.189,58,79.834,49.834
913,17.178816,18.238089,28,1,0,3,0.000,1,6681.225,707.778,6.000,6770.000,700.000,90.000,66.189,58,79.834,49.834
914,21.507469,22.019619,28,1,0,3,0.000,1,6681.225,707.778,6.000,6770.000,700.000,90.000,66.189,58,79.834,49.834
915,17.851070,16.788537,28,1,0,3,0.000,1,6681.225,707.778,6.000,6770.000,700.000,90.000,66.189,58,79.834,49.834
916,13.873335,16.667226,28,1,0,3,0.000,1,6681.225,707.778,6.000,6770.000,700.000,90.000,66.189,58,76.658,46.658
917,16.971701,16.693355,28,1,0,3,0.000,1,6681.225,707.778,6.000,6770.000,700.000,90.000,66.189,58,76.658,46.658
918,16.126454,16.871569,28,1,0,3,0.000,1,6681.225,707.778,6.000,6770.000,700.000,90.000,66.189,58,76.658,46.658
919,14.355876,16.666966,28,1,0,3,0.000,1,6681.225,707.778,6.000,6770.000,700.000,90.000,66.189,58,76.658,46.658
920,19.572807,16.858109,13,1,0,3,0.000,1,6681.225,707.778,6.000,6770.000,700.000,90.000,66.189,58,76.658,46.658
921,15.196604,17.360440,13,1,0,3,0.000,1,6681.225,707.778,6.000,6140.000,390.000,90.000,66.189,58,76.658,46.658
922,16.032112,16.667405,13,1,0,3,0.000,1,6681.225,707.778,6.000,6140.000,390.000,90.000,66.189,58,76.658,46.658
923,16.887789,16.666985,13,1,0,3,0.000,1,6681.225,707.778,6.000,6140.000,390.000,90.000,66.189,58,76.658,46.658
924,16.460291,16.667455,13,1,0,3,0.000,1,6681.225,707.778,6.000,6140.000,390.000,90.000,66.189,58,76.658,46.658
925,17.310208,16.667245,13,1,0,3,0.000,1,6681.225,707.778,6.000,6140.000,390.000,90.000,66.189,58,76.658,46.658
926,18.123326,16.667155,13,1,0,3,0.000,1,6681.225,707.778,6.000,6140.000,390.000,90.000,66.189,58,76.658,46.658
927,15.051511,16.666985,13,1,0,3,0.000,1,6681.225,707.778,6.000,6140.000,390.000,90.000,66.189,58,76.658,46.658
928,28.633220,16.676025,13,1,0,3,0.000,1,6681.225,707.778,6.000,6140.000,390.000,90.000,66.189,58,76.658,46.658
929,8.674935,17.903632,13,1,0,3,0.000,1,6681.225,707.778,6.000,6140.000,390.000,90.000,66.189,58,76.658,46.658
930,21.099980,16.667394,13,1,0,3,0.000,1,6681.225,707.778,6.000,6140.000,390.000,90.000,66.189,58,76.658,46.658
931,14.450687,16.666976,13,1,0,3,0.000,1,6681.225,707.778,6.000,6140.000,390.000,90.000,66.189,58,73.630,43.630
932,13.735903,16.667435,13,1,0,3,0.000,1,6681.225,707.778,6.000,6140.000,390.000,90.000,66.189,58,73.630,43.630
933,16.577834,16.700605,13,1,0,3,0.000,1,6681.225,707.778,6.000,6140.000,390.000,90.000,66.189,58,73.630,43.630
934,15.575731,17.039793,13,1,0,3,0.000,1,6681.225,707.778,6.000,6140.000,390.000,90.000,66.189,58,73.630,43.630
935,22.361196,16.667415,13,1,0,3,0.000,1,6681.225,707.778,6.000,6140.000,390.000,90.000,66.189,58,73.630,43.630
936,9.836990,16.667096,13,1,0,3,0.000,1,6681.225,707.778,6.000,6140.000,390.000,90.000,66.189,58,73.630,43.630
937,16.667845,16.667314,13,1,0,3,0.000,1,6681.225,707.778,6.000,6140.000,390.000,90.000,66.189,58,73.630,43.630
938,21.112450,16.667286,13,1,0,3,0.000,1,6681.225,707.778,6.000,6140.000,390.000,90.000,66.189,58,73.630,43.630
939,11.661118,16.667385,13,1,0,3,0.000,1,6681.225,707.778,6.000,6140.000,390.000,90.000,66.189,58,73.630,43.630
940,17.295869,16.667745,13,1,0,3,0.000,1,6681.225,707.778,6.000,6140.000,390.000,90.000,66.189,58,73.630,43.630
941,23.178803,16.667485,13,1,0,3,0.000,1,6681.225,707.778,6.000,6140.000,390.000,90.000,66.189,58,73.630,43.630
942,9.577145,16.667005,13,1,0,3,0.000,1,6681.225,707.778,6.000,6140.000,390.000,90.000,66.189,58,73.630,43.630
943,16.468360,16.667315,13,1,0,3,0.000,1,6681.225,707.778,6.000,6140.000,390.000,90.000,66.189,58,73.630,43.630
944,17.242167,16.715056,13,1,0,3,0.000,1,6681.225,707.778,6.000,6140.000,390.000,90.000,66.189,58,73.630,43.630
945,16.495432,16.667226,13,1,0,3,0.000,1,6681.225,707.778,6.000,6140.000,390.000,90.000,66.189,58,73.630,43.630
946,19.263190,16.667394,13,1,0,3,0.000,1,6681.225,707.778,6.000,6140.000,390.000,90.000,66.189,58,70.624,40.624
947,14.440078,16.667565,13,1,0,3,0.000,1,6681.225,707.778,6.000,6140.000,390.000,90.000,66.189,58,70.624,40.624
948,16.644874,17.140545,13,1,0,3,0.000,1,6681.225,707.778,6.000,6140.000,390.000,90.000,66.189,58,70.624,40.624
949,16.778458,16.667366,13,1,0,3,0.000,1,6681.225,707.778,6.000,6140.000,390.000,90.000,66.189,58,70.624,40.624
950,17.236087,16.671305,14,1,0,3,0.000,1,6681.225,707.778,6.000,6140.000,390.000,90.000,66.189,58,70.624,40.624
951,16.848129,16.667625,14,0,0,4,0.000,1,6681.225,707.778,6.000,6140.000,390.000,90.000,66.189,58,70.624,40.624
952,16.637135,16.948191,14,0,0,4,0.000,1,6681.225,707.778,6.000,6140.000,390.000,90.000,66.189,58,70.624,40.624
953,16.673534,17.190606,14,0,0,4,0.000,1,6681.225,707.778,6.000,6140.000,390.000,90.000,66.189,58,70.624,40.624
954,18.622417,17.282679,14,0,0,4,0.000,1,6681.225,707.778,6.000,6140.000,390.000,90.000,66.189,58,70.624,40.624
955,16.129634,16.666964,14,0,0,4,0.000,1,6681.225,707.778,6.000,6140.000,390.000,90.000,66.189,58,70.624,40.624
956,16.361009,16.667615,15,0,0,4,0.000,1,6681.225,707.778,6.000,6140.000,390.000,90.000,66.189,58,70.624,40.624
957,16.938500,16.667166,15,0,0,4,0.000,1,6681.225,707.778,6.000,6770.000,700.000,90.000,66.189,58,70.624,40.624
958,16.220476,16.667474,15,0,0,4,0.000,1,6681.225,707.778,6.000,6770.000,700.000,90.000,66.189,58,70.624,40.624
959,16.545912,16.674676,15,0,0,4,0.000,1,6681.225,707.778,6.000,6770.000,700.000,90.000,66.189,58,70.624,40.624
960,19.851243,16.667695,15,0,0,4,0.000,1,6681.225,707.778,6.000,6770.000,700.000,90.000,66.189,58,70.624,40.624
961,19.633359,16.666815,15,0,0,4,0.000,1,6681.225,707.778,6.000,6770.000,700.000,90.000,66.189,58,70.624,40.624
962,13.522757,16.788307,15,0,0,4,0.000,1,6681.225,707.778,6.000,6770.000,700.000,90.000,66.189,58,70.624,40.624
963,14.676333,16.667236,15,0,0,4,0.000,1,6681.225,707.778,6.000,6770.000,700.000,90.000,66.189,58,70.624,40.624
964,17.288388,16.937461,15,0,0,4,0.000,1,6681.225,707.778,6.000,6770.000,700.000,90.000,66.189,58,70.624,40.624
965,16.927721,17.074263,15,0,0,4,0.000,1,6681.225,707.778,6.000,6770.000,700.000,90.000,66.189,58,70.624,40.624
966,17.754178,16.726966,15,0,0,4,0.000,1,6681.225,707.778,6.000,6770.000,700.000,90.000,66.189,58,70.624,40.624
967,16.538622,16.667285,15,0,0,4,0.000,1,6681.225,707.778,6.000,6770.000,700.000,90.000,66.189,58,70.624,40.624
968,18.120376,17.600756,15,0,0,4,0.000,1,6681.225,707.778,6.000,6770.000,700.000,90.000,66.189,58,70.624,40.624
969,20.592749,17.585514,15,0,0,4,0.000,1,6681.225,707.778,6.000,6770.000,700.000,90.000,66.189,58,70.624,40.624
970,17.932382,16.676975,15,0,0,4,0.000,1,6681.225,707.778,6.000,6770.000,700.000,90.000,66.189,58,70.624,40.624
971,18.374241,16.667256,15,0,0,4,0.000,1,6681.225,707.778,6.000,6770.000,700.000,90.000,66.189,58,70.624,40.624
972,12.682711,16.667074,15,0,0,4,0.000,1,6681.225,707.778,6.000,6770.000,700.000,90.000,66.189,58,70.624,40.624
973,15.817587,16.812398,15,0,0,4,0.000,1,6681.225,707.778,6.000,6770.000,700.000,90.000,66.189,58,70.624,40.624
974,18.711149,16.948302,15,0,0,4,0.000,1,6681.225,707.778,6.000,6770.000,700.000,90.000,66.189,58,70.624,40.624
975,16.539602,17.478891,15,0,0,4,0.000,1,6681.225,707.778,6.000,6770.000,700.000,90.000,66.189,58,70.624,40.624
976,16.658735,18.123167,15,0,0,4,0.000,1,6681.225,707.778,6.000,6770.000,700.000,90.000,66.189,58,70.624,40.624
977,16.559212,18.387772,15,0,0,4,0.000,1,6681.225,707.778,6.000,6770.000,700.000,90.000,66.189,58,70.624,40.624
978,21.554440,17.308148,15,0,0,4,0.000,1,6681.225,707.778,6.000,6770.000,700.000,90.000,66.189,58,70.624,40.624
979,17.439961,17.148635,15,0,0,4,0.000,1,6681.225,707.778,6.000,6770.000,700.000,90.000,66.189,58,70.624,40.624
980,15.173823,16.666916,15,0,0,4,0.000,1,6681.225,707.778,6.000,6770.000,700.000,90.000,66.189,58,70.624,40.624
981,17.473853,18.851861,15,0,0,4,0.000,1,6681.225,707.778,6.000,6770.000,700.000,90.000,66.189,58,70.624,40.624
982,14.926788,16.954192,15,0,0,4,0.000,1,6681.225,707.778,6.000,6770.000,700.000,90.000,66.189,58,70.624,40.624
983,17.729808,17.663856,15,0,0,4,0.000,1,6681.225,707.778,6.000,6770.000,700.000,90.000,66.189,58,70.624,40.624
984,18.591015,16.778687,15,0,0,4,0.000,1,6681.225,707.778,6.000,6770.000,700.000,90.000,66.189,58,70.624,40.624
985,16.667776,16.667335,15,0,0,4,0.000,1,6681.225,707.778,6.000,6770.000,700.000,90.000,66.189,58,70.624,40.624
986,15.981690,16.667496,15,0,0,4,0.000,1,6681.225,707.778,6.000,6770.000,700.000,90.000,66.189,58,70.624,40.624
987,15.829767,16.667434,15,0,0,4,0.000,1,6681.225,707.778,6.000,6770.000,700.000,90.000,66.189,58,70.624,40.624
988,18.249209,16.667336,15,0,0,4,0.000,1,6681.225,707.778,6.000,6770.000,700.000,90.000,66.189,58,70.624,40.624
989,15.564351,17.249937,15,0,0,4,0.000,1,6681.225,707.778,6.000,6770.000,700.000,90.000,66.189,58,70.624,40.624
990,16.779628,17.084534,15,0,0,4,0.000,1,6681.225,707.778,6.000,6770.000,700.000,90.000,66.189,58,70.624,40.624
991,16.794338,16.667215,15,0,0,4,0.000,1,6681.225,707.778,6.000,6770.000,700.000,90.000,66.189,58,70.624,40.624
992,16.289616,16.667615,15,0,0,4,0.000,1,6681.225,707.778,6.000,6770.000,700.000,90.000,66.189,58,70.624,40.624
993,17.720958,16.702386,15,0,0,4,0.000,1,6681.225,707.778,6.000,6770.000,700.000,90.000,66.189,58,70.624,40.624
994,18.598017,16.888649,15,0,0,4,0.000,1,6681.225,707.778,6.000,6770.000,700.000,90.000,66.189,58,70.624,40.624
995,15.592781,17.259438,15,0,0,4,0.000,1,6681.225,707.778,6.000,6770.000,700.000,90.000,66.189,58,70.624,40.624
996,20.205960,19.341483,15,0,0,4,0.000,1,6681.225,707.778,6.000,6770.000,700.000,90.000,66.189,58,70.624,40.624
997,17.252419,16.667284,15,0,0,4,0.000,1,6681.225,707.778,6.000,6770.000,700.000,90.000,66.189,58,70.624,40.624
998,15.500500,17.036703,15,0,0,4,0.000,1,6681.225,707.778,6.000,6770.000,700.000,90.000,66.189,58,70.624,40.624
999,17.078903,17.056563,15,0,0,4,0.000,1,6681.225,707.778,6.000,6770.000,700.000,90.000,66.189,58,70.624,40.624
1000,18.523975,16.667386,15,0,0,4,0.000,1,6681.225,707.778,6.000,6770.000,700.000,90.000,66.189,58,70.624,40.624
1001,17.007743,17.091254,15,0,0,4,0.000,1,6681.225,707.778,6.000,6770.000,700.000,90.000,66.189,58,70.624,40.624
1002,16.597153,17.690077,15,0,0,4,0.000,1,6681.225,707.778,6.000,6770.000,700.000,90.000,66.189,58,70.624,40.624
1003,15.542541,16.667095,15,0,0,4,0.000,1,6681.225,707.778,6.000,6770.000,700.000,90.000,66.189,58,70.624,40.624
1004,16.424810,16.667555,15,0,0,4,0.000,1,6681.225,707.778,6.000,6770.000,700.000,90.000,66.189,58,70.624,40.624
1005,16.753167,16.955371,15,0,0,4,0.000,1,6681.225,707.778,6.000,6770.000,700.000,90.000,66.189,58,70.624,40.624
1006,16.093273,16.667295,15,0,0,4,0.000,1,6681.225,707.778,6.000,6770.000,700.000,90.000,66.189,58,70.624,40.624
1007,17.054753,16.667176,15,0,0,4,0.000,1,6681.225,707.778,6.000,6770.000,700.000,90.000,66.189,58,70.624,40.624
1008,16.127333,16.667244,15,0,0,4,0.000,1,6681.225,707.778,6.000,6770.000,700.000,90.000,66.189,58,70.624,40.624
1009,16.870100,16.667565,15,0,0,4,0.000,1,6681.225,707.778,6.000,6770.000,700.000,90.000,66.189,58,70.624,40.624
1010,19.696290,16.667065,15,0,0,4,0.000,1,6681.225,707.778,6.000,6770.000,700.000,90.000,66.189,58,70.624,40.624
1011,13.688271,16.667615,15,0,0,4,0.000,1,6681.225,707.778,6.000,6770.000,700.000,90.000,66.189,58,70.624,40.624
1012,21.747363,16.985602,15,0,0,4,0.000,1,6681.225,707.778,6.000,6770.000,700.000,90.000,66.189,58,70.624,40.624
1013,13.027938,16.666955,15,0,0,4,0.000,1,6681.225,707.778,6.000,6770.000,700.000,90.000,66.189,58,70.624,40.624
1014,21.692132,18.861422,15,0,0,4,0.000,1,6681.225,707.778,6.000,6770.000,700.000,90.000,66.189,58,70.624,40.624
1015,19.599937,16.667065,16,0,0,4,0.000,1,6681.225,707.778,6.000,6770.000,700.000,90.000,66.189,58,70.624,40.624
1016,10.987574,16.666845,16,0,0,4,0.000,1,6681.225,707.778,6.000,6770.000,700.000,90.000,66.189,58,70.624,40.624
1017,18.714639,16.918211,16,0,0,4,0.000,1,6681.225,707.778,6.000,6770.000,700.000,90.000,66.189,58,70.624,40.624
1018,17.727378,19.249569,16,0,0,4,0.000,1,6681.225,707.778,6.000,6770.000,700.000,90.000,66.189,58,70.624,40.624
1019,17.808880,16.974822,16,0,0,4,0.000,1,6681.225,707.778,6.000,6770.000,700.000,90.000,66.189,58,70.624,40.624
1020,16.296216,16.666866,16,0,0,4,0.000,1,6681.225,707.778,6.000,6770.000,700.000,90.000,66.189,58,70.624,40.624
1021,15.326227,16.667184,16,0,0,4,0.000,1,6681.225,707.778,6.000,6770.000,700.000,90.000,66.189,58,70.624,40.624
1022,17.103074,17.259348,16,0,0,4,0.000,1,6681.225,707.778,6.000,6770.000,700.000,90.000,66.189,58,70.624,40.624
1023,17.821660,16.667435,16,0,0,4,0.000,1,6681.225,707.778,6.000,6770.000,700.000,90.000,66.189,58,70.624,40.624
1024,16.180664,16.667795,16,0,0,4,0.000,1,6681.225,707.778,6.000,6770.000,700.000,90.000,66.189,58,70.624,40.624
1025,15.945620,16.667545,16,0,0,4,0.000,1,6681.225,707.778,6.000,6770.000,700.000,90.000,66.189,58,70.624,40.624
1026,20.561508,16.667035,16,0,0,4,0.000,1,6681.225,707.778,6.000,6770.000,700.000,90.000,66.189,58,70.624,40.624
1027,13.978548,17.041223,16,0,0,4,0.000,1,6681.225,707.778,6.000,6770.000,700.000,90.000,66.189,58,70.624,40.624
1028,15.917229,16.667215,16,0,0,4,0.000,1,6681.225,707.778,6.000,6770.000,700.000,90.000,66.189,58,70.624,40.624
1029,18.813771,16.726877,16,0,0,4,0.000,1,6681.225,707.778,6.000,6770.000,700.000,90.000,66.189,58,70.624,40.624
1030,15.159623,16.667434,16,0,0,4,0.000,1,6681.225,707.778,6.000,6770.000,700.000,90.000,66.189,58,70.624,40.624
1031,17.982713,16.667276,16,0,0,4,0.000,1,6681.225,707.778,6.000,6770.000,700.000,90.000,66.189,58,70.624,40.624
1032,16.775847,17.770609,16,0,0,4,0.000,1,6681.225,707.778,6.000,6770.000,700.000,90.000,66.189,58,70.624,40.624
1033,19.392334,18.148066,16,0,0,4,0.000,1,6681.225,707.778,6.000,6770.000,700.000,90.000,66.189,58,70.624,40.624
1034,16.774497,18.500354,16,0,0,4,0.000,1,6681.225,707.778,6.000,6770.000,700.000,90.000,66.189,58,70.624,40.624
1035,18.694768,17.852760,16,0,0,4,0.000,1,6681.225,707.778,6.000,6770.000,700.000,90.000,66.189,58,70.624,40.624
1036,18.954764,17.282649,16,0,0,4,0.000,1,6681.225,707.778,6.000,6770.000,700.000,90.000,66.189,58,70.624,40.624
1037,16.387599,16.686725,16,0,0,4,0.000,1,6681.225,707.778,6.000,6770.000,700.000,90.000,66.189,58,70.624,40.624
1038,19.700939,17.869961,16,0,0,4,0.000,1,6681.225,707.778,6.000,6770.000,700.000,90.000,66.189,58,70.624,40.624
1039,20.041437,16.667765,16,0,0,4,0.000,1,6681.225,707.778,6.000,6770.000,700.000,90.000,66.189,58,70.624,40.624
1040,17.731288,17.982373,16,0,0,4,0.000,1,6681.225,707.778,6.000,6770.000,700.000,90.000,66.189,58,70.624,40.624
1041,16.358848,18.771050,16,0,0,4,0.000,1,6681.225,707.778,6.000,6770.000,700.000,90.000,66.189,58,70.624,40.624
1042,18.223339,17.341659,16,0,0,4,0.000,1,6681.225,707.778,6.000,6770.000,700.000,90.000,66.189,58,70.624,40.624
1043,15.315286,16.667296,16,0,0,4,0.000,1,6681.225,707.778,6.000,6770.000,700.000,90.000,66.189,58,70.624,40.624
1044,16.061692,16.667154,16,0,0,4,0.000,1,6681.225,707.778,6.000,6770.000,700.000,90.000,66.189,58,70.624,40.624
1045,15.922890,17.056733,16,0,0,4,0.000,1,6681.225,707.778,6.000,6770.000,700.000,90.000,66.189,58,70.624,40.624
1046,17.472481,16.667176,16,0,0,4,0.000,1,6681.225,707.778,6.000,6770.000,700.000,90.000,66.189,58,70.624,40.624
1047,15.452030,16.799328,16,0,0,4,0.000,1,6681.225,707.778,6.000,6770.000,700.000,90.000,66.189,58,70.624,40.624
1048,17.154395,16.667634,16,0,0,4,0.000,1,6681.225,707.778,6.000,6770.000,700.000,90.000,66.189,58,70.624,40.624
1049,18.134097,16.666926,16,0,0,4,0.000,1,6681.225,707.778,6.000,6770.000,700.000,90.000,66.189,58,70.624,40.624
1050,15.194493,17.071653,16,0,0,4,0.000,1,6681.225,707.778,6.000,6770.000,700.000,90.000,66.189,58,70.624,40.624
1051,17.322130,18.115266,16,0,0,4,0.000,1,6681.225,707.778,6.000,6770.000,700.000,90.000,66.189,58,70.624,40.624
1052,16.323657,17.008082,16,0,0,4,0.000,1,6681.225,707.778,6.000,6770.000,700.000,90.000,66.189,58,70.624,40.624
1053,16.172195,16.680396,16,0,0,4,0.000,1,6681.225,707.778,6.000,6770.000,700.000,90.000,66.189,58,70.624,40.624
1054,16.924460,16.667605,16,0,0,4,0.000,1,6681.225,707.778,6.000,6770.000,700.000,90.000,66.189,58,70.624,40.624
1055,16.143374,16.667725,16,0,0,4,0.000,1,6681.225,707.778,6.000,6770.000,700.000,90.000,66.189,58,70.624,40.624
1056,82.328643,16.667575,16,0,0,4,0.000,1,6681.225,707.778,6.000,6770.000,700.000,90.000,66.189,58,70.624,40.624
1057,12.958967,68.927189,16,0,0,4,0.000,1,6681.225,707.778,6.000,6770.000,700.000,90.000,66.189,58,70.624,40.624
1058,13.612780,17.019922,16,0,0,4,0.000,1,6681.225,707.778,6.000,6770.000,700.000,90.000,66.189,58,70.624,40.624
1059,13.840625,17.755329,16,0,0,4,0.000,1,6681.225,707.778,6.000,6770.000,700.000,90.000,66.189,58,70.624,40.624
1060,16.235326,16.667384,16,0,0,4,0.000,1,6681.225,707.778,6.000,6770.000,700.000,90.000,66.189,58,70.624,40.624
1061,15.200443,16.666906,16,0,0,4,0.000,1,6681.225,707.778,6.000,6770.000,700.000,90.000,66.189,58,70.624,40.624
1062,16.954761,16.667294,16,0,0,4,0.000,1,6681.225,707.778,6.000,6770.000,700.000,90.000,66.189,58,70.624,40.624
1063,16.029502,16.864389,16,0,0,4,0.000,1,6681.225,707.778,6.000,6770.000,700.000,90.000,66.189,58,70.624,40.624
1064,17.109014,16.667656,16,0,0,4,0.000,1,6681.225,707.778,6.000,6770.000,700.000,90.000,66.189,58,70.624,40.624
1065,21.207443,16.893200,16,0,0,4,0.000,1,6681.225,707.778,6.000,6770.000,700.000,90.000,66.189,58,70.624,40.624
1066,14.509978,16.667505,16,0,0,4,0.000,1,6681.225,707.778,6.000,6770.000,700.000,90.000,66.189,58,70.624,40.624
1067,16.950121,16.667224,16,0,0,4,0.000,1,6681.225,707.778,6.000,6770.000,700.000,90.000,66.189,58,70.624,40.624
1068,13.472818,16.666926,16,0,0,4,0.000,1,6681.225,707.778,6.000,6770.000,700.000,90.000,66.189,58,70.624,40.624
1069,20.078708,16.667075,16,0,0,4,0.000,1,6681.225,707.778,6.000,6770.000,700.000,90.000,66.189,58,70.624,40.624
1070,17.597104,16.667425,16,0,0,4,0.000,1,6681.225,707.778,6.000,6770.000,700.000,90.000,66.189,58,70.624,40.624
1071,12.554828,16.667345,16,0,0,4,0.000,1,6681.225,707.778,6.000,6770.000,700.000,90.000,66.189,58,70.624,40.624
1072,16.345378,16.667186,16,0,0,4,0.000,1,6681.225,707.778,6.000,6770.000,700.000,90.000,66.189,58,70.624,40.624
1073,16.817988,16.666944,16,0,0,4,0.000,1,6681.225,707.778,6.000,6770.000,700.000,90.000,66.189,58,70.624,40.624
1074,16.643765,16.666975,16,0,0,4,0.000,1,6681.225,707.778,6.000,6770.000,700.000,90.000,66.189,58,70.624,40.624
1075,17.177716,16.667066,16,0,0,4,0.000,1,6681.225,707.778,6.000,6770.000,700.000,90.000,66.189,58,70.624,40.624
1076,16.849949,16.667334,16,0,0,4,0.000,1,6681.225,707.778,6.000,6770.000,700.000,90.000,66.189,58,70.624,40.624
1077,16.868488,16.667515,16,0,0,4,0.000,1,6681.225,707.778,6.000,6770.000,700.000,90.000,66.189,58,70.624,40.624
1078,16.024042,16.667385,16,0,0,4,0.000,1,6681.225,707.778,6.000,6770.000,700.000,90.000,66.189,58,70.624,40.624
1079,17.027693,16.667445,16,0,0,4,0.000,1,6681.225,707.778,6.000,6770.000,700.000,90.000,66.189,58,70.624,40.624
1080,20.126579,19.091097,16,0,0,4,0.000,1,6681.225,707.778,6.000,6770.000,700.000,90.000,66.189,58,70.624,40.624
1081,15.022840,16.730317,16,0,0,4,0.000,1,6681.225,707.778,6.000,6770.000,700.000,90.000,66.189,58,70.624,40.624
1082,18.072435,18.277089,16,0,0,4,0.000,1,6681.225,707.778,6.000,6770.000,700.000,90.000,66.189,58,70.624,40.624
1083,17.319969,16.982341,16,0,0,4,0.000,1,6681.225,707.778,6.000,6770.000,700.000,90.000,66.189,58,70.624,40.624
1084,17.475432,17.998574,16,0,0,4,0.000,1,6681.225,707.778,6.000,6770.000,700.000,90.000,66.189,58,70.624,40.624
1085,20.479016,17.011342,16,0,0,4,0.000,1,6681.225,707.778,6.000,6770.000,700.000,90.000,66.189,58,70.624,40.624
1086,13.945627,16.667726,16,0,0,4,0.000,1,6681.225,707.778,6.000,6770.000,700.000,90.000,66.189,58,70.624,40.624
1087,15.761406,16.666865,16,0,0,4,0.000,1,6681.225,707.778,6.000,6770.000,700.000,90.000,66.189,58,70.624,40.624
1088,19.053006,16.667084,16,0,0,4,0.000,1,6681.225,707.778,6.000,6770.000,700.000,90.000,66.189,58,70.624,40.624
1089,18.068525,16.667476,16,0,0,4,0.000,1,6681.225,707.778,6.000,6770.000,700.000,90.000,66.189,58,70.624,40.624
1090,13.294773,16.667705,16,0,0,4,0.000,1,6681.225,707.778,6.000,6770.000,700.000,90.000,66.189,58,70.624,40.624
1091,16.895440,16.667055,16,0,0,4,0.000,1,6681.225,707.778,6.000,6770.000,700.000,90.000,66.189,58,70.624,40.624
1092,16.927011,16.667625,16,0,0,4,0.000,1,6681.225,707.778,6.000,6770.000,700.000,90.000,66.189,58,70.624,40.624
1093,17.467101,18.229098,16,0,0,4,0.000,1,6681.225,707.778,6.000,6770.000,700.000,90.000,66.189,58,70.624,40.624
1094,17.804070,18.084515,16,0,0,4,0.000,1,6681.225,707.778,6.000,6770.000,700.000,90.000,66.189,58,70.624,40.624
1095,19.470475,16.999612,16,0,0,4,0.000,1,6681.225,707.778,6.000,6770.000,700.000,90.000,66.189,58,70.624,40.624
1096,14.693973,17.000523,16,0,0,4,0.000,1,6681.225,707.778,6.000,6770.000,700.000,90.000,66.189,58,70.624,40.624
1097,17.192326,17.008162,16,0,0,4,0.000,1,6681.225,707.778,6.000,6770.000,700.000,90.000,66.189,58,70.624,40.624
1098,16.766467,16.996772,16,0,0,4,0.000,1,6681.225,707.778,6.000,6770.000,700.000,90.000,66.189,58,70.624,40.624
1099,16.657385,16.997202,16,0,0,4,0.000,1,6681.225,707.778,6.000,6770.000,700.000,90.000,66.189,58,70.624,40.624
1100,17.535013,17.003422,22,0,0,4,0.000,1,6681.225,707.778,6.000,6770.000,700.000,90.000,66.189,58,-1.000,-1.000
1101,18.757810,16.995422,22,0,0,4,0.000,1,6681.225,707.778,6.000,6140.000,390.000,90.000,66.189,58,-1.000,-1.000
1102,15.108202,16.667596,22,0,0,4,0.000,1,6681.225,707.778,6.000,6140.000,390.000,90.000,66.189,58,-1.000,-1.000
1103,16.161014,16.869089,22,0,0,4,0.000,1,6681.225,707.778,6.000,6140.000,390.000,90.000,66.189,58,-1.000,-1.000
1104,16.760567,16.667505,22,0,0,4,0.000,1,6681.225,707.778,6.000,6140.000,390.000,90.000,66.189,58,-1.000,-1.000
1105,19.065156,17.721698,22,0,0,4,0.000,1,6681.225,707.778,6.000,6140.000,390.000,90.000,66.189,58,-1.000,-1.000
1106,16.732457,18.077945,22,0,0,4,0.000,1,6681.225,707.778,6.000,6140.000,390.000,90.000,66.189,58,-1.000,-1.000
1107,18.067805,18.027364,22,0,0,4,0.000,1,6681.225,707.778,6.000,6140.000,390.000,90.000,66.189,58,-1.000,-1.000
1108,17.672937,17.968802,22,0,0,4,0.000,1,6681.225,707.778,6.000,6140.000,390.000,90.000,66.189,58,-1.000,-1.000
1109,18.159706,17.998604,22,0,0,4,0.000,1,6681.225,707.778,6.000,6140.000,390.000,90.000,66.189,58,-1.000,-1.000
1110,18.891383,18.999225,22,0,0,4,0.000,1,6681.225,707.778,6.000,6140.000,390.000,90.000,66.189,58,-1.000,-1.000
1111,20.781102,17.999623,22,0,0,4,0.000,1,6681.225,707.778,6.000,6140.000,390.000,90.000,66.189,58,-1.000,-1.000
1112,15.315127,18.000163,22,0,0,4,0.000,1,6681.225,707.778,6.000,6140.000,390.000,90.000,66.189,58,-1.000,-1.000
1113,20.187780,17.999614,22,0,0,4,0.000,1,6681.225,707.778,6.000,6140.000,390.000,90.000,66.189,58,-1.000,-1.000
1114,16.948381,18.999675,22,0,0,4,0.000,1,6681.225,707.778,6.000,6140.000,390.000,90.000,66.189,58,-1.000,-1.000
1115,18.930693,16.667105,22,0,0,4,0.000,1,6681.225,707.778,6.000,6140.000,390.000,90.000,66.189,58,-1.000,-1.000
1116,19.079957,16.667674,22,0,0,4,0.000,1,6681.225,707.778,6.000,6140.000,390.000,90.000,66.189,58,-1.000,-1.000
1117,14.288134,16.666866,22,0,0,4,0.000,1,6681.225,707.778,6.000,6140.000,390.000,90.000,66.189,58,-1.000,-1.000
1118,16.218115,16.667255,22,0,0,4,0.000,1,6681.225,707.778,6.000,6140.000,390.000,90.000,66.189,58,-1.000,-1.000
1119,18.113356,16.666875,22,0,0,4,0.000,1,6681.225,707.778,6.000,6140.000,390.000,90.000,66.189,58,-1.000,-1.000
1120,13.693772,16.667255,22,0,0,4,0.000,1,6681.225,707.778,6.000,6140.000,390.000,90.000,66.189,58,-1.000,-1.000
1121,19.216209,16.666975,22,0,0,4,0.000,1,6681.225,707.778,6.000,6140.000,390.000,90.000,66.189,58,-1.000,-1.000
1122,19.885504,16.667455,22,0,0,4,0.000,1,6681.225,707.778,6.000,6140.000,390.000,90.000,66.189,58,-1.000,-1.000
1123,10.961213,16.667205,22,0,0,4,0.000,1,6681.225,707.778,6.000,6140.000,390.000,90.000,66.189,58,-1.000,-1.000
1124,17.895331,16.667276,22,0,0,4,0.000,1,6681.225,707.778,6.000,6140.000,390.000,90.000,66.189,58,-1.000,-1.000
1125,22.530721,16.667164,22,0,0,4,0.000,1,6681.225,707.778,6.000,6140.000,390.000,90.000,66.189,58,-1.000,-1.000
1126,11.913633,16.666995,22,0,0,4,0.000,1,6681.225,707.778,6.000,6140.000,390.000,90.000,66.189,58,-1.000,-1.000
1127,14.405597,16.667156,22,0,0,4,0.000,1,6681.225,707.778,6.000,6140.000,390.000,90.000,66.189,58,-1.000,-1.000
1128,16.748967,16.667554,22,0,0,4,0.000,1,6681.225,707.778,6.000,6140.000,390.000,90.000,66.189,58,-1.000,-1.000
1129,19.975206,18.662108,23,0,0,4,0.000,1,6681.225,707.778,6.000,6140.000,390.000,90.000,66.189,58,-1.000,-1.000
1130,15.912289,17.684807,23,1,0,5,0.000,1,6681.225,707.778,6.000,6140.000,390.000,90.000,66.189,58,-1.000,-1.000
1131,16.706485,16.667505,23,1,0,5,0.000,1,6681.225,707.778,6.000,6140.000,390.000,90.000,66.189,58,-1.000,-1.000
1132,16.998922,16.667305,23,1,0,5,0.000,1,6681.225,707.778,6.000,6140.000,390.000,90.000,66.189,58,-1.000,-1.000
1133,16.374860,16.667215,23,1,0,5,0.000,1,6681.225,707.778,6.000,6140.000,390.000,90.000,66.189,58,-1.000,-1.000
1134,19.035585,16.667495,23,1,0,5,0.000,1,6681.225,707.778,6.000,6140.000,390.000,90.000,66.189,58,-1.000,-1.000
1135,16.955531,16.667385,23,1,0,5,0.000,1,6681.225,707.778,6.000,6140.000,390.000,90.000,66.189,58,-1.000,-1.000
1136,13.434696,16.667096,23,1,0,5,0.000,1,6681.225,707.778,6.000,6140.000,390.000,90.000,66.189,58,-1.000,-1.000
1137,16.793608,16.667614,23,1,0,5,0.000,1,6681.225,707.778,6.000,6140.000,390.000,90.000,66.189,58,-1.000,-1.000
1138,18.638917,16.667485,23,1,0,5,0.000,1,6681.225,707.778,6.000,6140.000,390.000,90.000,66.189,58,-1.000,-1.000
1139,20.264942,16.827849,23,1,0,5,0.000,1,6681.225,707.778,6.000,6140.000,390.000,90.000,66.189,58,-1.000,-1.000
1140,11.725299,16.667164,23,1,0,5,0.000,1,6681.225,707.778,6.000,6140.000,390.000,90.000,66.189,58,-1.000,-1.000
1141,16.205946,16.667446,23,1,0,5,0.000,1,6681.225,707.778,6.000,6140.000,390.000,90.000,66.189,58,-1.000,-1.000
1142,18.772719,16.667595,23,1,0,5,0.000,1,6681.225,707.778,6.000,6140.000,390.000,90.000,66.189,58,-1.000,-1.000
1143,18.883293,16.667335,23,1,0,5,0.000,1,6681.225,707.778,6.000,6140.000,390.000,90.000,66.189,58,-1.000,-1.000
1144,17.488983,16.667325,23,1,0,5,0.000,1,6681.225,707.778,6.000,6140.000,390.000,90.000,66.189,58,-1.000,-1.000
1145,11.596506,16.667105,23,1,0,5,0.000,1,6681.225,707.778,6.000,6140.000,390.000,90.000,66.189,58,-1.000,-1.000
1146,16.582674,16.667375,23,1,0,5,0.000,1,6681.225,707.778,6.000,6140.000,390.000,90.000,66.189,58,-1.000,-1.000
1147,17.094664,16.667505,23,1,0,5,0.000,1,6681.225,707.778,6.000,6140.000,390.000,90.000,66.189,58,-1.000,-1.000
1148,16.422949,16.666856,23,1,0,5,0.000,1,6681.225,707.778,6.000,6140.000,390.000,90.000,66.189,58,-1.000,-1.000
1149,16.546803,16.667104,23,1,0,5,0.000,1,6681.225,707.778,6.000,6140.000,390.000,90.000,66.189,58,-1.000,-1.000
1150,16.781908,16.667255,23,1,0,5,0.000,1,6681.225,707.778,6.000,6140.000,390.000,90.000,66.189,58,-1.000,-1.000
1151,16.566732,16.667746,23,1,0,5,0.000,1,6681.225,707.778,6.000,6140.000,390.000,90.000,66.189,58,-1.000,-1.000
1152,16.733037,16.667014,23,1,0,5,0.000,1,6681.225,707.778,6.000,6140.000,390.000,90.000,66.189,58,-1.000,-1.000
1153,16.707396,16.666906,17,1,0,5,0.000,1,6681.225,707.778,6.000,6140.000,390.000,90.000,66.189,58,-1.000,-1.000
1154,17.120965,16.667535,17,1,0,5,0.000,1,6681.225,707.778,6.000,6140.000,390.000,90.000,66.189,58,-1.000,-1.000
1155,16.259296,16.666984,17,1,0,5,0.000,1,6681.225,707.778,6.000,6140.000,390.000,90.000,66.189,58,-1.000,-1.000
1156,17.243357,16.667616,17,1,0,5,0.000,1,6681.225,707.778,6.000,6140.000,390.000,90.000,66.189,58,-1.000,-1.000
1157,17.151495,16.667115,17,1,0,5,0.000,1,6681.225,707.778,6.000,6140.000,390.000,90.000,66.189,58,-1.000,-1.000
1158,19.826263,16.666855,17,1,0,5,0.000,1,6681.225,707.778,6.000,6140.000,390.000,90.000,66.189,58,-1.000,-1.000
1159,13.768593,16.667145,17,1,0,5,0.000,1,6681.225,707.778,6.000,16500.000,700.000,90.000,66.189,58,-1.000,-1.000
1160,20.557569,16.667565,17,1,1,5,0.000,0,6681.225,707.778,6.000,16500.000,700.000,90.000,66.189,58,-1.000,-1.000
1161,19.767740,16.667945,17,1,1,5,0.000,0,6681.225,707.778,6.000,16500.000,700.000,90.000,66.189,58,-1.000,-1.000
1162,10.426753,16.668255,17,1,1,5,0.000,0,6681.225,707.778,6.000,16500.000,700.000,90.000,66.189,58,-1.000,-1.000
1163,15.792777,16.668946,17,1,1,5,0.000,0,6681.225,707.778,6.000,16500.000,700.000,90.000,66.189,58,-1.000,-1.000
1164,16.536701,16.668794,17,1,1,5,0.000,0,6681.225,707.778,6.000,16500.000,700.000,90.000,66.189,58,-1.000,-1.000
1165,16.469862,16.667435,17,1,1,5,0.000,0,6681.225,707.778,6.000,16500.000,700.000,90.000,66.189,58,-1.000,-1.000
1166,16.447200,16.668026,17,1,1,5,0.000,0,6681.225,707.778,6.000,16500.000,700.000,90.000,66.189,58,-1.000,-1.000
1167,19.346951,16.668714,17,1,1,5,0.000,0,6681.225,707.778,6.000,16500.000,700.000,90.000,66.189,58,-1.000,-1.000
1168,18.344552,16.668806,17,1,1,5,0.000,0,6681.225,707.778,6.000,16500.000,700.000,90.000,66.189,58,-1.000,-1.000
1169,16.765836,16.667105,17,1,1,5,0.000,0,6681.225,707.778,6.000,16500.000,700.000,90.000,66.189,58,-1.000,-1.000
1170,16.814979,16.669255,17,1,1,5,0.000,0,6681.225,707.778,6.000,16500.000,700.000,90.000,66.189,58,-1.000,-1.000
1171,12.532687,16.668665,17,1,1,5,0.000,0,6681.225,707.778,6.000,16500.000,700.000,90.000,66.189,58,-1.000,-1.000
1172,16.372999,16.668905,17,1,1,5,0.000,0,6681.225,707.778,6.000,16500.000,700.000,90.000,66.189,58,-1.000,-1.000
1173,16.489141,16.668545,17,1,1,5,0.000,0,6681.225,707.778,6.000,16500.000,700.000,90.000,66.189,58,-1.000,-1.000
1174,17.135335,16.668345,17,1,1,5,0.000,0,6681.225,707.778,6.000,16500.000,700.000,90.000,66.189,58,-1.000,-1.000
1175,16.663635,16.668436,17,1,1,5,0.000,0,6681.225,707.778,6.000,16500.000,700.000,90.000,66.189,58,-1.000,-1.000
1176,17.000722,16.668324,17,1,1,5,0.000,0,6681.225,707.778,6.000,16500.000,700.000,90.000,66.189,58,-1.000,-1.000
1177,16.020701,16.667716,17,1,1,5,0.000,0,6681.225,707.778,6.000,16500.000,700.000,90.000,66.189,58,-1.000,-1.000
1178,17.204747,16.668765,17,1,1,5,0.000,0,6681.225,707.778,6.000,16500.000,700.000,90.000,66.189,58,-1.000,-1.000
1179,16.399839,16.667404,17,1,1,5,0.000,0,6681.225,707.778,6.000,16500.000,700.000,90.000,66.189,58,-1.000,-1.000
1180,18.349521,16.667846,17,1,1,5,0.000,0,6681.225,707.778,6.000,16500.000,700.000,90.000,66.189,58,-1.000,-1.000
1181,15.414379,16.668735,17,1,1,5,0.000,0,6681.225,707.778,6.000,16500.000,700.000,90.000,66.189,58,-1.000,-1.000
1182,15.720004,16.668355,17,1,1,5,0.000,0,6681.225,707.778,6.000,16500.000,700.000,90.000,66.189,58,-1.000,-1.000
1183,16.546463,16.667675,17,1,1,5,0.000,0,6681.225,707.778,6.000,16500.000,700.000,90.000,66.189,58,-1.000,-1.000
1184,16.989532,16.667944,17,1,1,5,0.000,0,6681.225,707.778,6.000,16500.000,700.000,90.000,66.189,58,-1.000,-1.000
1185,16.507461,16.667086,17,1,1,5,0.000,0,6681.225,707.778,6.000,16500.000,700.000,90.000,66.189,58,-1.000,-1.000
1186,17.605255,16.668725,17,1,1,5,0.000,0,6681.225,707.778,6.000,16500.000,700.000,90.000,66.189,58,-1.000,-1.000
1187,15.574093,16.668025,17,1,1,5,0.000,0,6681.225,707.778,6.000,16500.000,700.000,90.000,66.189,58,-1.000,-1.000
1188,17.260107,16.686955,17,1,1,5,0.000,0,6681.225,707.778,6.000,16500.000,700.000,90.000,66.189,58,-1.000,-1.000
1189,16.997552,16.668456,17,1,1,5,0.000,0,6681.225,707.778,6.000,16500.000,700.000,90.000,66.189,58,-1.000,-1.000
1190,16.704826,16.667934,17,1,1,5,0.000,0,6681.225,707.778,6.000,16500.000,700.000,90.000,66.189,58,-1.000,-1.000
1191,15.750875,16.667716,17,1,1,5,0.000,0,6681.225,707.778,6.000,16500.000,700.000,90.000,66.189,58,-1.000,-1.000
1192,16.845949,16.668215,17,1,1,5,0.000,0,6681.225,707.778,6.000,16500.000,700.000,90.000,66.189,58,-1.000,-1.000
1193,18.148937,16.667905,17,1,1,5,0.000,0,6681.225,707.778,6.000,16500.000,700.000,90.000,66.189,58,-1.000,-1.000
1194,16.072192,16.679475,17,1,1,5,0.000,0,6681.225,707.778,6.000,16500.000,700.000,90.000,66.189,58,-1.000,-1.000
1195,16.089833,16.667996,17,1,1,5,0.000,0,6681.225,707.778,6.000,16500.000,700.000,90.000,66.189,58,-1.000,-1.000
1196,16.600794,16.669494,17,1,1,5,0.000,0,6681.225,707.778,6.000,16500.000,700.000,90.000,66.189,58,-1.000,-1.000
1197,16.852659,16.667495,17,1,1,5,0.000,0,6681.225,707.778,6.000,16500.000,700.000,90.000,66.189,58,-1.000,-1.000
1198,16.459870,16.667736,17,1,1,5,0.000,0,6681.225,707.778,6.000,16500.000,700.000,90.000,66.189,58,-1.000,-1.000
1199,16.724657,16.668324,17,1,1,5,0.000,0,6681.225,707.778,6.000,16500.000,700.000,90.000,66.189,58,-1.000,-1.000
1200,16.585683,16.667636,17,1,1,5,0.000,0,6681.225,707.778,6.000,16500.000,700.000,90.000,66.189,58,-1.000,-1.000
1201,16.704666,16.667485,17,1,1,5,0.000,0,6681.225,707.778,6.000,16500.000,700.000,90.000,66.189,58,-1.000,-1.000
1202,16.616554,16.667794,17,1,1,5,0.000,0,6681.225,707.778,6.000,16500.000,700.000,90.000,66.189,58,-1.000,-1.000
1203,16.839919,16.668256,17,1,1,5,0.000,0,6681.225,707.778,6.000,16500.000,700.000,90.000,66.189,58,-1.000,-1.000
1204,16.480000,16.667405,17,1,1,5,0.000,0,6681.225,707.778,6.000,16500.000,700.000,90.000,66.189,58,-1.000,-1.000
1205,16.692336,16.667855,17,1,1,5,0.000,0,6681.225,707.778,6.000,16500.000,700.000,90.000,66.189,58,-1.000,-1.000
1206,16.412899,16.668465,17,1,1,5,0.000,0,6681.225,707.778,6.000,16500.000,700.000,90.000,66.189,58,-1.000,-1.000
1207,16.894151,16.667846,17,1,1,5,0.000,0,6681.225,707.778,6.000,16500.000,700.000,90.000,66.189,58,-1.000,-1.000
1208,18.890352,16.669164,17,1,1,5,0.000,0,6681.225,707.778,6.000,16500.000,700.000,90.000,66.189,58,-1.000,-1.000
1209,15.395549,16.668225,17,1,1,5,0.000,0,6681.225,707.778,6.000,16500.000,700.000,90.000,66.189,58,-1.000,-1.000
1210,16.056392,16.668626,17,1,1,5,0.000,0,6681.225,707.778,6.000,16500.000,700.000,90.000,66.189,58,-1.000,-1.000
1211,17.084323,16.667324,17,1,1,5,0.000,0,6681.225,707.778,6.000,16500.000,700.000,90.000,66.189,58,-1.000,-1.000
1212,16.524502,16.668156,17,1,1,5,0.000,0,6681.225,707.778,6.000,16500.000,700.000,90.000,66.189,58,-1.000,-1.000
1213,16.090593,16.667905,17,1,1,5,0.000,0,6681.225,707.778,6.000,16500.000,700.000,90.000,66.189,58,-1.000,-1.000
1214,16.668445,16.667774,17,1,1,5,0.000,0,6681.225,707.778,6.000,16500.000,700.000,90.000,66.189,58,-1.000,-1.000
1215,16.641805,16.668086,17,1,1,5,0.000,0,6681.225,707.778,6.000,16500.000,700.000,90.000,66.189,58,-1.000,-1.000
1216,16.500291,16.668745,17,1,1,5,0.000,0,6681.225,707.778,6.000,16500.000,700.000,90.000,66.189,58,-1.000,-1.000
1217,16.633155,16.667635,17,1,1,5,0.000,0,6681.225,707.778,6.000,16500.000,700.000,90.000,66.189,58,-1.000,-1.000
1218,16.834798,16.668595,17,1,1,5,0.000,0,6681.225,707.778,6.000,16500.000,700.000,90.000,66.189,58,-1.000,-1.000
1219,16.500751,16.668406,17,1,1,5,0.000,0,6681.225,707.778,6.000,16500.000,700.000,90.000,66.189,58,-1.000,-1.000
1220,16.677486,16.667434,17,1,1,5,0.000,0,6681.225,707.778,6.000,16500.000,700.000,90.000,66.189,58,-1.000,-1.000
1221,16.850189,16.667675,17,1,1,5,0.000,0,6681.225,707.778,6.000,16500.000,700.000,90.000,66.189,58,-1.000,-1.000
1222,16.442470,16.668006,17,1,1,5,0.000,0,6681.225,707.778,6.000,16500.000,700.000,90.000,66.189,58,-1.000,-1.000
1223,16.743037,16.688525,17,1,1,5,0.000,0,6681.225,707.778,6.000,16500.000,700.000,90.000,66.189,58,-1.000,-1.000
1224,17.894441,16.668795,17,1,1,5,0.000,0,6681.225,707.778,6.000,16500.000,700.000,90.000,66.189,58,-1.000,-1.000
1225,15.196744,16.667595,17,1,1,5,0.000,0,6681.225,707.778,6.000,16500.000,700.000,90.000,66.189,58,-1.000,-1.000
1226,16.613383,16.667185,17,1,1,5,0.000,0,6681.225,707.778,6.000,16500.000,700.000,90.000,66.189,58,-1.000,-1.000
1227,20.737312,16.667515,17,1,1,5,0.000,0,6681.225,707.778,6.000,16500.000,700.000,90.000,66.189,58,-1.000,-1.000
1228,12.937956,16.666966,17,1,1,5,0.000,0,6681.225,707.778,6.000,16500.000,700.000,90.000,66.189,58,-1.000,-1.000
1229,16.531372,16.667954,17,1,1,5,0.000,0,6681.225,707.778,6.000,16500.000,700.000,90.000,66.189,58,-1.000,-1.000
1230,16.537342,16.668935,17,1,1,5,0.000,0,6681.225,707.778,6.000,16500.000,700.000,90.000,66.189,58,-1.000,-1.000
1231,16.499672,16.667476,17,1,1,5,0.000,0,6681.225,707.778,6.000,16500.000,700.000,90.000,66.189,58,-1.000,-1.000
1232,16.959552,16.667614,17,1,1,5,0.000,0,6681.225,707.778,6.000,16500.000,700.000,90.000,66.189,58,-1.000,-1.000
1233,16.376838,16.668026,17,1,1,5,0.000,0,6681.225,707.778,6.000,16500.000,700.000,90.000,66.189,58,-1.000,-1.000
1234,16.476161,16.668125,17,1,1,5,0.000,0,6681.225,707.778,6.000,16500.000,700.000,90.000,66.189,58,-1.000,-1.000
1235,21.853485,16.667964,17,1,1,5,0.000,0,6681.225,707.778,6.000,16500.000,700.000,90.000,66.189,58,-1.000,-1.000
1236,12.374344,16.667376,17,1,1,5,0.000,0,6681.225,707.778,6.000,16500.000,700.000,90.000,66.189,58,-1.000,-1.000
1237,16.789917,16.667215,17,1,1,5,0.000,0,6681.225,707.778,6.000,16500.000,700.000,90.000,66.189,58,-1.000,-1.000
1238,16.526333,16.668465,17,1,1,5,0.000,0,6681.225,707.778,6.000,16500.000,700.000,90.000,66.189,58,-1.000,-1.000
1239,16.816368,16.667255,17,1,1,5,0.000,0,6681.225,707.778,6.000,16500.000,700.000,90.000,66.189,58,-1.000,-1.000
1240,16.363309,16.712316,17,1,1,5,0.000,0,6681.225,707.778,6.000,16500.000,700.000,90.000,66.189,58,-1.000,-1.000
1241,18.534575,16.667685,17,1,1,5,0.000,0,6681.225,707.778,6.000,16500.000,700.000,90.000,66.189,58,-1.000,-1.000
1242,19.722739,16.668105,17,1,1,5,0.000,0,6681.225,707.778,6.000,16500.000,700.000,90.000,66.189,58,-1.000,-1.000
1243,12.123909,16.667326,17,1,1,5,0.000,0,6681.225,707.778,6.000,16500.000,700.000,90.000,66.189,58,-1.000,-1.000
1244,17.220257,16.716365,17,1,1,5,0.000,0,6681.225,707.778,6.000,16500.000,700.000,90.000,66.189,58,-1.000,-1.000
1245,21.075139,16.667165,17,1,1,5,0.000,0,6681.225,707.778,6.000,16500.000,700.000,90.000,66.189,58,-1.000,-1.000
1246,17.668936,16.667526,17,1,1,5,0.000,0,6681.225,707.778,6.000,16500.000,700.000,90.000,66.189,58,-1.000,-1.000
1247,10.507214,16.703495,17,1,1,5,0.000,0,6681.225,707.778,6.000,16500.000,700.000,90.000,66.189,58,-1.000,-1.000
1248,16.874520,16.668205,17,1,1,5,0.000,0,6681.225,707.778,6.000,16500.000,700.000,90.000,66.189,58,-1.000,-1.000
1249,16.248106,16.674446,17,1,1,5,0.000,0,6681.225,707.778,6.000,16500.000,700.000,90.000,66.189,58,-1.000,-1.000
1250,20.170429,16.729636,17,1,1,5,0.000,0,6681.225,707.778,6.000,16500.000,700.000,90.000,66.189,58,-1.000,-1.000
1251,18.332600,16.668645,17,1,1,5,0.000,0,6681.225,707.778,6.000,16500.000,700.000,90.000,66.189,58,-1.000,-1.000
1252,12.819184,16.700736,17,1,1,5,0.000,0,6681.225,707.778,6.000,16500.000,700.000,90.000,66.189,58,-1.000,-1.000
1253,15.894638,16.667764,17,1,1,5,0.000,0,6681.225,707.778,6.000,16500.000,700.000,90.000,66.189,58,-1.000,-1.000
1254,19.467555,16.667486,17,1,1,5,0.000,0,6681.225,707.778,6.000,16500.000,700.000,90.000,66.189,58,-1.000,-1.000
1255,13.649581,16.668965,17,1,1,5,0.000,0,6681.225,707.778,6.000,16500.000,700.000,90.000,66.189,58,-1.000,-1.000
1256,16.444941,16.668545,17,1,1,5,0.000,0,6681.225,707.778,6.000,16500.000,700.000,90.000,66.189,58,-1.000,-1.000
1257,16.723555,16.668165,17,1,1,5,0.000,0,6681.225,707.778,6.000,16500.000,700.000,90.000,66.189,58,-1.000,-1.000
1258,16.613554,16.668676,17,1,1,5,0.000,0,6681.225,707.778,6.000,16500.000,700.000,90.000,66.189,58,-1.000,-1.000
1259,16.506122,16.667784,17,1,1,5,0.000,0,6681.225,707.778,6.000,16500.000,700.000,90.000,66.189,58,-1.000,-1.000
1260,16.614574,16.668845,17,1,1,5,0.000,0,6681.225,707.778,6.000,16500.000,700.000,90.000,66.189,58,-1.000,-1.000
1261,16.678425,16.668866,17,1,1,5,0.000,0,6681.225,707.778,6.000,16500.000,700.000,90.000,66.189,58,-1.000,-1.000
1262,18.064275,16.667764,17,1,1,5,0.000,0,6681.225,707.778,6.000,16500.000,700.000,90.000,66.189,58,-1.000,-1.000
1263,20.547897,16.668016,17,1,1,5,0.000,0,6681.225,707.778,6.000,16500.000,700.000,90.000,66.189,58,-1.000,-1.000
1264,11.473695,16.667705,17,1,1,5,0.000,0,6681.225,707.778,6.000,16500.000,700.000,90.000,66.189,58,-1.000,-1.000
1265,19.360932,16.668615,17,1,1,5,0.000,0,6681.225,707.778,6.000,16500.000,700.000,90.000,66.189,58,-1.000,-1.000
1266,18.905163,16.667825,17,1,1,5,0.000,0,6681.225,707.778,6.000,16500.000,700.000,90.000,66.189,58,-1.000,-1.000
1267,16.265006,16.668505,17,1,1,5,0.000,0,6681.225,707.778,6.000,16500.000,700.000,90.000,66.189,58,-1.000,-1.000
1268,16.385740,16.667985,17,1,1,5,0.000,0,6681.225,707.778,6.000,16500.000,700.000,90.000,66.189,58,-1.000,-1.000
1269,17.041373,16.667285,17,1,1,5,0.000,0,6681.225,707.778,6.000,16500.000,700.000,90.000,66.189,58,-1.000,-1.000
1270,12.124538,16.667716,17,1,1,5,0.000,0,6681.225,707.778,6.000,16500.000,700.000,90.000,66.189,58,-1.000,-1.000
1271,16.626495,16.668614,17,1,1,5,0.000,0,6681.225,707.778,6.000,16500.000,700.000,90.000,66.189,58,-1.000,-1.000
1272,16.739136,16.668055,17,1,1,5,0.000,0,6681.225,707.778,6.000,16500.000,700.000,90.000,66.189,58,-1.000,-1.000
1273,16.531902,16.667936,17,1,1,5,0.000,0,6681.225,707.778,6.000,16500.000,700.000,90.000,66.189,58,-1.000,-1.000
1274,16.713997,16.668844,17,1,1,5,0.000,0,6681.225,707.778,6.000,16500.000,700.000,90.000,66.189,58,-1.000,-1.000
1275,16.482430,16.667906,17,1,1,5,0.000,0,6681.225,707.778,6.000,16500.000,700.000,90.000,66.189,58,-1.000,-1.000
1276,16.773618,16.668545,17,1,1,5,0.000,0,6681.225,707.778,6.000,16500.000,700.000,90.000,66.189,58,-1.000,-1.000
1277,16.865949,16.667134,17,1,1,5,0.000,0,6681.225,707.778,6.000,16500.000,700.000,90.000,66.189,58,-1.000,-1.000
1278,16.663015,16.667406,17,1,1,5,0.000,0,6681.225,707.778,6.000,16500.000,700.000,90.000,66.189,58,-1.000,-1.000
1279,16.876969,16.667985,17,1,1,5,0.000,0,6681.225,707.778,6.000,16500.000,700.000,90.000,66.189,58,-1.000,-1.000
1280,16.786538,16.668425,17,1,1,5,0.000,0,6681.225,707.778,6.000,16500.000,700.000,90.000,66.189,58,-1.000,-1.000
1281,16.662405,16.668895,17,1,1,5,0.000,0,6681.225,707.778,6.000,16500.000,700.000,90.000,66.189,58,-1.000,-1.000
1282,16.650835,16.668066,17,1,1,5,0.000,0,6681.225,707.778,6.000,16500.000,700.000,90.000,66.189,58,-1.000,-1.000
1283,16.462541,16.668104,17,1,1,5,0.000,0,6681.225,707.778,6.000,16500.000,700.000,90.000,66.189,58,-1.000,-1.000
1284,16.618893,16.668245,17,1,1,5,0.000,0,6681.225,707.778,6.000,16500.000,700.000,90.000,66.189,58,-1.000,-1.000
1285,16.702746,16.668486,17,1,1,5,0.000,0,6681.225,707.778,6.000,16500.000,700.000,90.000,66.189,58,-1.000,-1.000
1286,17.118175,16.678054,17,1,1,5,0.000,0,6681.225,707.778,6.000,16500.000,700.000,90.000,66.189,58,-1.000,-1.000
1287,17.293138,16.679826,17,1,1,5,0.000,0,6681.225,707.778,6.000,16500.000,700.000,90.000,66.189,58,-1.000,-1.000
1288,15.989131,16.709306,17,1,1,5,0.000,0,6681.225,707.778,6.000,16500.000,700.000,90.000,66.189,58,-1.000,-1.000
1289,16.944011,16.667185,17,1,1,5,0.000,0,6681.225,707.778,6.000,16500.000,700.000,90.000,66.189,58,-1.000,-1.000
1290,17.422541,16.752897,17,1,1,5,0.000,0,6681.225,707.778,6.000,16500.000,700.000,90.000,66.189,58,-1.000,-1.000
1291,15.343907,16.668555,17,1,1,5,0.000,0,6681.225,707.778,6.000,16500.000,700.000,90.000,66.189,58,-1.000,-1.000
1292,16.666015,16.668645,17,1,1,5,0.000,0,6681.225,707.778,6.000,16500.000,700.000,90.000,66.189,58,-1.000,-1.000
1293,16.862930,16.668285,17,1,1,5,0.000,0,6681.225,707.778,6.000,16500.000,700.000,90.000,66.189,58,-1.000,-1.000
1294,16.470130,16.667156,17,1,1,5,0.000,0,6681.225,707.778,6.000,16500.000,700.000,90.000,66.189,58,-1.000,-1.000
1295,16.559323,16.667114,17,1,1,5,0.000,0,6681.225,707.778,6.000,16500.000,700.000,90.000,66.189,58,-1.000,-1.000
1296,16.693105,16.669055,17,1,1,5,0.000,0,6681.225,707.778,6.000,16500.000,700.000,90.000,66.189,58,-1.000,-1.000
1297,16.699196,16.667636,17,1,1,5,0.000,0,6681.225,707.778,6.000,16500.000,700.000,90.000,66.189,58,-1.000,-1.000
1298,16.689836,16.669044,17,1,1,5,0.000,0,6681.225,707.778,6.000,16500.000,700.000,90.000,66.189,58,-1.000,-1.000
1299,17.053463,16.667506,17,1,1,5,0.000,0,6681.225,707.778,6.000,16500.000,700.000,90.000,66.189,58,-1.000,-1.000
1300,16.450670,16.667315,17,1,1,5,0.000,0,6681.225,707.778,6.000,16500.000,700.000,90.000,66.189,58,-1.000,-1.000
1301,16.611165,16.668414,17,1,1,5,0.000,0,6681.225,707.778,6.000,16500.000,700.000,90.000,66.189,58,-1.000,-1.000
1302,16.447320,16.668936,17,1,1,5,0.000,0,6681.225,707.778,6.000,16500.000,700.000,90.000,66.189,58,-1.000,-1.000
1303,22.032769,16.668225,17,1,1,5,0.000,0,6681.225,707.778,6.000,16500.000,700.000,90.000,66.189,58,-1.000,-1.000
1304,16.569603,16.668375,17,1,1,5,0.000,0,6681.225,707.778,6.000,16500.000,700.000,90.000,66.189,58,-1.000,-1.000
1305,11.796102,16.667525,17,1,1,5,0.000,0,6681.225,707.778,6.000,16500.000,700.000,90.000,66.189,58,-1.000,-1.000
1306,20.852683,16.667725,17,1,1,5,0.000,0,6681.225,707.778,6.000,16500.000,700.000,90.000,66.189,58,-1.000,-1.000
1307,17.742248,16.668795,17,1,1,5,0.000,0,6681.225,707.778,6.000,16500.000,700.000,90.000,66.189,58,-1.000,-1.000
1308,15.165843,16.668275,17,1,1,5,0.000,0,6681.225,707.778,6.000,16500.000,700.000,90.000,66.189,58,-1.000,-1.000
1309,17.665207,16.668016,17,1,1,5,0.000,0,6681.225,707.778,6.000,16500.000,700.000,90.000,66.189,58,-1.000,-1.000
1310,11.646348,16.668914,17,1,1,5,0.000,0,6681.225,707.778,6.000,16500.000,700.000,90.000,66.189,58,-1.000,-1.000
1311,16.582593,16.668176,17,1,1,5,0.000,0,6681.225,707.778,6.000,16500.000,700.000,90.000,66.189,58,-1.000,-1.000
1312,16.797968,16.668675,17,1,1,5,0.000,0,6681.225,707.778,6.000,16500.000,700.000,90.000,66.189,58,-1.000,-1.000
1313,16.363348,16.667764,17,1,1,5,0.000,0,6681.225,707.778,6.000,16500.000,700.000,90.000,66.189,58,-1.000,-1.000
1314,18.342202,16.668136,17,1,1,5,0.000,0,6681.225,707.778,6.000,16500.000,700.000,90.000,66.189,58,-1.000,-1.000
1315,19.280570,16.667935,17,1,1,5,0.000,0,6681.225,707.778,6.000,16500.000,700.000,90.000,66.189,58,-1.000,-1.000
1316,16.599654,16.668425,17,1,1,5,0.000,0,6681.225,707.778,6.000,16500.000,700.000,90.000,66.189,58,-1.000,-1.000
1317,17.154306,16.667615,17,1,1,5,0.000,0,6681.225,707.778,6.000,16500.000,700.000,90.000,66.189,58,-1.000,-1.000
1318,16.825398,16.668675,17,1,1,5,0.000,0,6681.225,707.778,6.000,16500.000,700.000,90.000,66.189,58,-1.000,-1.000
1319,14.603891,16.667725,17,1,1,5,0.000,0,6681.225,707.778,6.000,16500.000,700.000,90.000,66.189,58,-1.000,-1.000
1320,14.302514,16.668805,17,1,1,5,0.000,0,6681.225,707.778,6.000,16500.000,700.000,90.000,66.189,58,-1.000,-1.000
1321,16.568943,16.667716,17,1,1,5,0.000,0,6681.225,707.778,6.000,16500.000,700.000,90.000,66.189,58,-1.000,-1.000
1322,16.602464,16.667264,17,1,1,5,0.000,0,6681.225,707.778,6.000,16500.000,700.000,90.000,66.189,58,-1.000,-1.000
1323,16.569593,16.668195,17,1,1,5,0.000,0,6681.225,707.778,6.000,16500.000,700.000,90.000,66.189,58,-1.000,-1.000
1324,18.030254,16.668036,17,1,1,5,0.000,0,6681.225,707.778,6.000,16500.000,700.000,90.000,66.189,58,-1.000,-1.000
1325,15.336857,16.667554,17,1,1,5,0.000,0,6681.225,707.778,6.000,16500.000,700.000,90.000,66.189,58,-1.000,-1.000
1326,16.611344,16.668756,17,1,1,5,0.000,0,6681.225,707.778,6.000,16500.000,700.000,90.000,66.189,58,-1.000,-1.000
1327,16.730376,16.668815,17,1,1,5,0.000,0,6681.225,707.778,6.000,16500.000,700.000,90.000,66.189,58,-1.000,-1.000
1328,16.582033,16.668765,17,1,1,5,0.000,0,6681.225,707.778,6.000,16500.000,700.000,90.000,66.189,58,-1.000,-1.000
1329,16.935741,16.668555,17,1,1,5,0.000,0,6681.225,707.778,6.000,16500.000,700.000,90.000,66.189,58,-1.000,-1.000
1330,20.592099,16.668626,17,1,1,5,0.000,0,6681.225,707.778,6.000,16500.000,700.000,90.000,66.189,58,-1.000,-1.000
1331,22.271544,16.811597,17,1,1,5,0.000,0,6681.225,707.778,6.000,16500.000,700.000,90.000,66.189,58,-1.000,-1.000
1332,7.693164,16.667315,17,1,1,5,0.000,0,6681.225,707.778,6.000,16500.000,700.000,90.000,66.189,58,-1.000,-1.000
1333,16.554542,16.832169,18,1,1,5,0.000,0,6681.225,707.778,6.000,16500.000,700.000,90.000,66.189,58,-1.000,-1.000
1334,16.684536,16.668075,18,1,1,5,0.000,0,6681.225,707.778,6.000,16500.000,700.000,90.000,66.189,58,-1.000,-1.000
1335,16.489652,16.668975,18,1,1,5,0.000,0,6681.225,707.778,6.000,16500.000,700.000,90.000,66.189,58,-1.000,-1.000
1336,16.552042,16.667875,18,1,1,5,0.000,0,6681.225,707.778,6.000,16500.000,700.000,90.000,66.189,58,-1.000,-1.000
1337,16.635385,16.668666,18,1,1,5,0.000,0,6681.225,707.778,6.000,16500.000,700.000,90.000,66.189,58,-1.000,-1.000
1338,16.685974,16.667654,18,1,1,5,0.000,0,6681.225,707.778,6.000,16500.000,700.000,90.000,66.189,58,-1.000,-1.000
1339,16.800789,16.668965,18,1,1,5,0.000,0,6681.225,707.778,6.000,16500.000,700.000,90.000,66.189,58,-1.000,-1.000
1340,16.901490,16.667856,18,1,1,5,0.000,0,6681.225,707.778,6.000,16500.000,700.000,90.000,66.189,58,-1.000,-1.000
1341,16.980951,16.668134,18,1,1,5,0.000,0,6681.225,707.778,6.000,16500.000,700.000,90.000,66.189,58,-1.000,-1.000
1342,16.817379,16.667486,18,1,1,5,0.000,0,6681.225,707.778,6.000,16500.000,700.000,90.000,66.189,58,-1.000,-1.000
1343,17.769469,16.669104,18,1,1,5,0.000,0,6681.225,707.778,6.000,16500.000,700.000,90.000,66.189,58,-1.000,-1.000
1344,19.244869,16.667956,18,1,1,5,0.000,0,6681.225,707.778,6.000,16500.000,700.000,90.000,66.189,58,-1.000,-1.000
1345,17.496973,16.667535,18,1,1,5,0.000,0,6681.225,707.778,6.000,16500.000,700.000,90.000,66.189,58,-1.000,-1.000
1346,11.568407,16.668224,18,1,1,5,0.000,0,6681.225,707.778,6.000,16500.000,700.000,90.000,66.189,58,-1.000,-1.000
1347,17.130644,16.668586,18,1,1,5,0.000,0,6681.225,707.778,6.000,16500.000,700.000,90.000,66.189,58,-1.000,-1.000
1348,16.917761,16.667425,18,1,1,5,0.000,0,6681.225,707.778,6.000,16500.000,700.000,90.000,66.189,58,-1.000,-1.000
1349,16.280826,16.668315,18,1,1,5,0.000,0,6681.225,707.778,6.000,16500.000,700.000,90.000,66.189,58,-1.000,-1.000
1350,16.711027,16.667845,18,1,1,5,0.000,0,6681.225,707.778,6.000,16500.000,700.000,90.000,66.189,58,-1.000,-1.000
1351,16.666075,16.667515,18,1,1,5,0.000,0,6681.225,707.778,6.000,16500.000,700.000,90.000,66.189,58,-1.000,-1.000
1352,16.680895,16.668815,18,1,1,5,0.000,0,6681.225,707.778,6.000,16500.000,700.000,90.000,66.189,58,-1.000,-1.000
1353,16.196136,16.668015,18,1,1,5,0.000,0,6681.225,707.778,6.000,16500.000,700.000,90.000,66.189,58,-1.000,-1.000
1354,19.454004,16.667736,18,1,1,5,0.000,0,6681.225,707.778,6.000,16500.000,700.000,90.000,66.189,58,-1.000,-1.000
1355,18.614346,16.667464,18,1,1,5,0.000,0,6681.225,707.778,6.000,16500.000,700.000,90.000,66.189,58,-1.000,-1.000
1356,16.460391,16.668485,18,1,1,5,0.000,0,6681.225,707.778,6.000,16500.000,700.000,90.000,66.189,58,-1.000,-1.000
1357,12.000035,16.667766,18,1,1,5,0.000,0,6681.225,707.778,6.000,16500.000,700.000,90.000,66.189,58,-1.000,-1.000
1358,19.873634,16.668104,18,1,1,5,0.000,0,6681.225,707.778,6.000,16500.000,700.000,90.000,66.189,58,-1.000,-1.000
1359,14.037679,16.681306,18,1,1,5,0.000,0,6681.225,707.778,6.000,16500.000,700.000,90.000,66.189,58,-1.000,-1.000
1360,15.871568,16.914220,18,1,1,5,0.000,0,6681.225,707.778,6.000,16500.000,700.000,90.000,66.189,58,-1.000,-1.000
1361,16.517691,16.668066,18,1,1,5,0.000,0,6681.225,707.778,6.000,16500.000,700.000,90.000,66.189,58,-1.000,-1.000
1362,16.670416,16.668314,18,1,1,5,0.000,0,6681.225,707.778,6.000,16500.000,700.000,90.000,66.189,58,-1.000,-1.000
1363,17.827690,16.668656,18,1,1,5,0.000,0,6681.225,707.778,6.000,16500.000,700.000,90.000,66.189,58,-1.000,-1.000
1364,15.972010,16.667345,18,1,1,5,0.000,0,6681.225,707.778,6.000,16500.000,700.000,90.000,66.189,58,-1.000,-1.000
1365,16.499091,16.667084,18,1,1,5,0.000,0,6681.225,707.778,6.000,16500.000,700.000,90.000,66.189,58,-1.000,-1.000
1366,16.774758,16.762478,18,1,1,5,0.000,0,6681.225,707.778,6.000,16500.000,700.000,90.000,66.189,58,-1.000,-1.000
1367,16.646655,16.745867,18,1,1,5,0.000,0,6681.225,707.778,6.000,16500.000,700.000,90.000,66.189,58,-1.000,-1.000
1368,18.408351,16.687995,18,1,1,5,0.000,0,6681.225,707.778,6.000,16500.000,700.000,90.000,66.189,58,-1.000,-1.000
1369,15.473801,16.667575,18,1,1,5,0.000,0,6681.225,707.778,6.000,16500.000,700.000,90.000,66.189,58,-1.000,-1.000
1370,16.695265,16.667955,18,1,1,5,0.000,0,6681.225,707.778,6.000,16500.000,700.000,90.000,66.189,58,-1.000,-1.000
1371,21.252152,17.438821,18,1,1,5,0.000,0,6681.225,707.778,6.000,16500.000,700.000,90.000,66.189,58,-1.000,-1.000
1372,13.219982,16.669176,18,1,1,5,0.000,0,6681.225,707.778,6.000,16500.000,700.000,90.000,66.189,58,-1.000,-1.000
1373,16.585863,16.667425,18,1,1,5,0.000,0,6681.225,707.778,6.000,16500.000,700.000,90.000,66.189,58,-1.000,-1.000
1374,16.706096,16.667505,18,1,1,5,0.000,0,6681.225,707.778,6.000,16500.000,700.000,90.000,66.189,58,-1.000,-1.000
1375,16.613875,16.668615,18,1,1,5,0.000,0,6681.225,707.778,6.000,16500.000,700.000,90.000,66.189,58,-1.000,-1.000
1376,16.424829,16.668946,18,1,1,5,0.000,0,6681.225,707.778,6.000,16500.000,700.000,90.000,66.189,58,-1.000,-1.000
1377,16.722717,16.668904,18,1,1,5,0.000,0,6681.225,707.778,6.000,16500.000,700.000,90.000,66.189,58,-1.000,-1.000
1378,16.641254,16.667795,18,1,1,5,0.000,0,6681.225,707.778,6.000,16500.000,700.000,90.000,66.189,58,-1.000,-1.000
1379,16.531822,16.667066,18,1,1,5,0.000,0,6681.225,707.778,6.000,16500.000,700.000,90.000,66.189,58,-1.000,-1.000
1380,19.488165,16.668564,18,1,1,5,0.000,0,6681.225,707.778,6.000,16500.000,700.000,90.000,66.189,58,-1.000,-1.000
1381,17.932732,16.668026,18,1,1,5,0.000,0,6681.225,707.778,6.000,16500.000,700.000,90.000,66.189,58,-1.000,-1.000
1382,16.193175,16.667785,18,1,1,5,0.000,0,6681.225,707.778,6.000,16500.000,700.000,90.000,66.189,58,-1.000,-1.000
1383,12.991986,16.668284,18,1,1,5,0.000,0,6681.225,707.778,6.000,16500.000,700.000,90.000,66.189,58,-1.000,-1.000
1384,16.571284,16.668656,18,1,1,5,0.000,0,6681.225,707.778,6.000,16500.000,700.000,90.000,66.189,58,-1.000,-1.000
1385,18.854382,16.668325,18,1,1,5,0.000,0,6681.225,707.778,6.000,16500.000,700.000,90.000,66.189,58,-1.000,-1.000
1386,14.355425,16.668455,18,1,1,5,0.000,0,6681.225,707.778,6.000,16500.000,700.000,90.000,66.189,58,-1.000,-1.000
1387,18.921173,16.668885,18,1,1,5,0.000,0,6681.225,707.778,6.000,16500.000,700.000,90.000,66.189,58,-1.000,-1.000
1388,19.393074,16.668846,18,1,1,5,0.000,0,6681.225,707.778,6.000,16500.000,700.000,90.000,66.189,58,-1.000,-1.000
1389,12.093508,16.668864,18,1,1,5,0.000,0,6681.225,707.778,6.000,16500.000,700.000,90.000,66.189,58,-1.000,-1.000
1390,16.533701,16.667255,18,1,1,5,0.000,0,6681.225,707.778,6.000,16500.000,700.000,90.000,66.189,58,-1.000,-1.000
1391,16.765148,16.668225,18,1,1,5,0.000,0,6681.225,707.778,6.000,16500.000,700.000,90.000,66.189,58,-1.000,-1.000
1392,16.516921,16.668695,18,1,1,5,0.000,0,6681.225,707.778,6.000,16500.000,700.000,90.000,66.189,58,-1.000,-1.000
1393,16.813758,16.667546,18,1,1,5,0.000,0,6681.225,707.778,6.000,16500.000,700.000,90.000,66.189,58,-1.000,-1.000
1394,16.419181,16.667814,18,1,1,5,0.000,0,6681.225,707.778,6.000,16500.000,700.000,90.000,66.189,58,-1.000,-1.000
1395,16.734766,16.667755,18,1,1,5,0.000,0,6681.225,707.778,6.000,16500.000,700.000,90.000,66.189,58,-1.000,-1.000
1396,16.752277,16.668936,18,1,1,5,0.000,0,6681.225,707.778,6.000,16500.000,700.000,90.000,66.189,58,-1.000,-1.000
1397,16.521832,16.668834,18,1,1,5,0.000,0,6681.225,707.778,6.000,16500.000,700.000,90.000,66.189,58,-1.000,-1.000
1398,16.867299,16.668826,18,1,1,5,0.000,0,6681.225,707.778,6.000,16500.000,700.000,90.000,66.189,58,-1.000,-1.000
1399,17.062804,16.667875,18,1,1,5,0.000,0,6681.225,707.778,6.000,16500.000,700.000,90.000,66.189,58,-1.000,-1.000
1400,16.591143,16.668605,18,1,1,5,0.000,0,6681.225,707.778,6.000,16500.000,700.000,90.000,66.189,58,-1.000,-1.000
1401,16.346318,16.668995,18,1,1,5,0.000,0,6681.225,707.778,6.000,16500.000,700.000,90.000,66.189,58,-1.000,-1.000
1402,16.653475,16.668825,18,1,1,5,0.000,0,6681.225,707.778,6.000,16500.000,700.000,90.000,66.189,58,-1.000,-1.000
1403,16.583734,16.667095,18,1,1,5,0.000,0,6681.225,707.778,6.000,16500.000,700.000,90.000,66.189,58,-1.000,-1.000
1404,18.662186,16.668405,18,1,1,5,0.000,0,6681.225,707.778,6.000,16500.000,700.000,90.000,66.189,58,-1.000,-1.000
1405,15.344018,16.667896,18,1,1,5,0.000,0,6681.225,707.778,6.000,16500.000,700.000,90.000,66.189,58,-1.000,-1.000
1406,16.266226,16.668774,18,1,1,5,0.000,0,6681.225,707.778,6.000,16500.000,700.000,90.000,66.189,58,-1.000,-1.000
1407,16.585974,16.669026,18,1,1,5,0.000,0,6681.225,707.778,6.000,16500.000,700.000,90.000,66.189,58,-1.000,-1.000
1408,16.798757,16.667475,18,1,1,5,0.000,0,6681.225,707.778,6.000,16500.000,700.000,90.000,66.189,58,-1.000,-1.000
1409,16.345289,16.667464,18,1,1,5,0.000,0,6681.225,707.778,6.000,16500.000,700.000,90.000,66.189,58,-1.000,-1.000
1410,17.435201,16.668816,18,1,1,5,0.000,0,6681.225,707.778,6.000,16500.000,700.000,90.000,66.189,58,-1.000,-1.000
1411,16.049972,16.667875,18,1,1,5,0.000,0,6681.225,707.778,6.000,16500.000,700.000,90.000,66.189,58,-1.000,-1.000
1412,16.778457,16.667395,18,1,1,5,0.000,0,6681.225,707.778,6.000,16500.000,700.000,90.000,66.189,58,-1.000,-1.000
1413,16.565513,16.668445,18,1,1,5,0.000,0,6681.225,707.778,6.000,16500.000,700.000,90.000,66.189,58,-1.000,-1.000
1414,16.636925,16.667805,18,1,1,5,0.000,0,6681.225,707.778,6.000,16500.000,700.000,90.000,66.189,58,-1.000,-1.000
1415,16.751067,16.672465,18,1,1,5,0.000,0,6681.225,707.778,6.000,16500.000,700.000,90.000,66.189,58,-1.000,-1.000
1416,16.634823,16.667645,18,1,1,5,0.000,0,6681.225,707.778,6.000,16500.000,700.000,90.000,66.189,58,-1.000,-1.000
1417,18.769430,17.319199,18,1,1,5,0.000,0,6681.225,707.778,6.000,16500.000,700.000,90.000,66.189,58,-1.000,-1.000
1418,16.125174,16.668725,18,1,1,5,0.000,0,6681.225,707.778,6.000,16500.000,700.000,90.000,66.189,58,-1.000,-1.000
1419,15.892039,16.667056,18,1,1,5,0.000,0,6681.225,707.778,6.000,16500.000,700.000,90.000,66.189,58,-1.000,-1.000
1420,16.192854,16.667484,18,1,1,5,0.000,0,6681.225,707.778,6.000,16500.000,700.000,90.000,66.189,58,-1.000,-1.000
1421,16.782818,16.668946,18,1,1,5,0.000,0,6681.225,707.778,6.000,16500.000,700.000,90.000,66.189,58,-1.000,-1.000
1422,16.664705,16.667565,18,1,1,5,0.000,0,6681.225,707.778,6.000,16500.000,700.000,90.000,66.189,58,-1.000,-1.000
1423,16.714417,16.668334,18,1,1,5,0.000,0,6681.225,707.778,6.000,16500.000,700.000,90.000,66.189,58,-1.000,-1.000
1424,16.497291,16.667656,18,1,1,5,0.000,0,6681.225,707.778,6.000,16500.000,700.000,90.000,66.189,58,-1.000,-1.000
1425,16.797148,16.667205,18,1,1,5,0.000,0,6681.225,707.778,6.000,16500.000,700.000,90.000,66.189,58,-1.000,-1.000
1426,16.563212,16.668465,18,1,1,5,0.000,0,6681.225,707.778,6.000,16500.000,700.000,90.000,66.189,58,-1.000,-1.000
1427,16.894120,16.667585,18,1,1,5,0.000,0,6681.225,707.778,6.000,16500.000,700.000,90.000,66.189,58,-1.000,-1.000
1428,16.529413,16.667655,18,1,1,5,0.000,0,6681.225,707.778,6.000,16500.000,700.000,90.000,66.189,58,-1.000,-1.000
1429,16.817588,16.668695,18,1,1,5,0.000,0,6681.225,707.778,6.000,16500.000,700.000,90.000,66.189,58,-1.000,-1.000
1430,16.608483,16.668225,18,1,1,5,0.000,0,6681.225,707.778,6.000,16500.000,700.000,90.000,66.189,58,-1.000,-1.000
1431,16.625925,16.668946,18,1,1,5,0.000,0,6681.225,707.778,6.000,16500.000,700.000,90.000,66.189,58,-1.000,-1.000
1432,16.610923,16.668094,18,1,1,5,0.000,0,6681.225,707.778,6.000,16500.000,700.000,90.000,66.189,58,-1.000,-1.000
1433,16.787718,16.668656,18,1,1,5,0.000,0,6681.225,707.778,6.000,16500.000,700.000,90.000,66.189,58,-1.000,-1.000
1434,16.611294,16.667295,18,1,1,5,0.000,0,6681.225,707.778,6.000,16500.000,700.000,90.000,66.189,58,-1.000,-1.000
1435,17.172026,16.679495,18,1,1,5,0.000,0,6681.225,707.778,6.000,16500.000,700.000,90.000,66.189,58,-1.000,-1.000
1436,16.333147,16.667795,18,1,1,5,0.000,0,6681.225,707.778,6.000,16500.000,700.000,90.000,66.189,58,-1.000,-1.000
1437,21.312485,16.668925,18,1,1,5,0.000,0,6681.225,707.778,6.000,16500.000,700.000,90.000,66.189,58,-1.000,-1.000
1438,11.887013,16.667405,18,1,1,5,0.000,0,6681.225,707.778,6.000,16500.000,700.000,90.000,66.189,58,-1.000,-1.000
1439,16.631814,16.668315,18,1,1,5,0.000,0,6681.225,707.778,6.000,16500.000,700.000,90.000,66.189,58,-1.000,-1.000
1440,20.704851,16.668026,18,1,1,5,0.000,0,6681.225,707.778,6.000,16500.000,700.000,90.000,66.189,58,-1.000,-1.000
1441,16.519102,16.669174,18,1,1,5,0.000,0,6681.225,707.778,6.000,16500.000,700.000,90.000,66.189,58,-1.000,-1.000
1442,12.961566,16.668736,18,1,1,5,0.000,0,6681.225,707.778,6.000,16500.000,700.000,90.000,66.189,58,-1.000,-1.000
1443,16.642955,16.667875,18,1,1,5,0.000,0,6681.225,707.778,6.000,16500.000,700.000,90.000,66.189,58,-1.000,-1.000
1444,16.548242,16.667964,18,1,1,5,0.000,0,6681.225,707.778,6.000,16500.000,700.000,90.000,66.189,58,-1.000,-1.000
1445,16.620274,16.667306,18,1,1,5,0.000,0,6681.225,707.778,6.000,16500.000,700.000,90.000,66.189,58,-1.000,-1.000
1446,19.009315,16.667065,18,1,1,5,0.000,0,6681.225,707.778,6.000,16500.000,700.000,90.000,66.189,58,-1.000,-1.000
1447,17.469683,16.668815,18,1,1,5,0.000,0,6681.225,707.778,6.000,16500.000,700.000,90.000,66.189,58,-1.000,-1.000
1448,18.048134,16.668095,18,1,1,5,0.000,0,6681.225,707.778,6.000,16500.000,700.000,90.000,66.189,58,-1.000,-1.000
1449,12.348293,16.754207,18,1,1,5,0.000,0,6681.225,707.778,6.000,16500.000,700.000,90.000,66.189,58,-1.000,-1.000
1450,16.080203,16.667315,18,1,1,5,0.000,0,6681.225,707.778,6.000,16500.000,700.000,90.000,66.189,58,-1.000,-1.000
1451,16.576283,16.675995,18,1,1,5,0.000,0,6681.225,707.778,6.000,16500.000,700.000,90.000,66.189,58,-1.000,-1.000
1452,16.898089,16.667906,18,1,1,5,0.000,0,6681.225,707.778,6.000,16500.000,700.000,90.000,66.189,58,-1.000,-1.000
1453,16.901850,16.666964,19,1,1,5,0.000,0,6681.225,707.778,6.000,16500.000,700.000,90.000,66.189,58,-1.000,-1.000
1454,21.698733,16.693666,19,1,1,5,0.000,0,6681.225,707.778,6.000,16500.000,700.000,90.000,66.189,58,-1.000,-1.000
1455,36.168710,16.667785,19,1,1,5,0.000,0,6681.225,707.778,6.000,16500.000,700.000,90.000,66.189,58,-1.000,-1.000
1456,10.127286,26.932264,19,1,1,5,0.000,0,6681.225,707.778,6.000,16500.000,700.000,90.000,66.189,58,-1.000,-1.000
1457,10.935733,16.696355,19,1,1,5,0.000,0,6681.225,707.778,6.000,6140.000,390.000,90.000,66.189,58,-1.000,-1.000
1458,20.706931,16.685346,19,1,0,5,0.000,1,6681.225,707.778,6.000,6140.000,390.000,90.000,66.189,58,-1.000,-1.000
1459,18.191058,16.667615,19,1,0,5,0.000,1,6681.225,707.778,6.000,6140.000,390.000,90.000,66.189,58,-1.000,-1.000
1460,18.887342,16.668265,19,1,0,5,0.000,1,6681.225,707.778,6.000,6140.000,390.000,90.000,66.189,58,-1.000,-1.000
1461,16.713357,16.667475,19,1,0,5,0.000,1,6681.225,707.778,6.000,6140.000,390.000,90.000,66.189,58,-1.000,-1.000
1462,18.429112,16.668385,19,1,0,5,0.000,1,6681.225,707.778,6.000,6140.000,390.000,90.000,66.189,58,-1.000,-1.000
1463,16.367749,16.668925,19,1,0,5,0.000,1,6681.225,707.778,6.000,6140.000,390.000,90.000,66.189,58,-1.000,-1.000
1464,15.845557,16.667245,19,1,0,5,0.000,1,6681.225,707.778,6.000,6140.000,390.000,90.000,66.189,58,-1.000,-1.000
1465,15.945629,16.667586,19,1,0,5,0.000,1,6681.225,707.778,6.000,6140.000,390.000,90.000,66.189,58,-1.000,-1.000
1466,16.164565,16.668264,19,1,0,5,0.000,1,6681.225,707.778,6.000,6140.000,390.000,90.000,66.189,58,-1.000,-1.000
1467,15.156903,16.667666,19,1,0,5,0.000,1,6681.225,707.778,6.000,6140.000,390.000,90.000,66.189,58,-1.000,-1.000
1468,15.487280,16.667485,19,1,0,5,0.000,1,6681.225,707.778,6.000,6140.000,390.000,90.000,66.189,58,-1.000,-1.000
1469,15.446789,17.151835,19,1,0,5,0.000,1,6681.225,707.778,6.000,6140.000,390.000,90.000,66.189,58,-1.000,-1.000
1470,18.037655,16.667865,19,1,0,5,0.000,1,6681.225,707.778,6.000,6140.000,390.000,90.000,66.189,58,-1.000,-1.000
1471,13.912525,16.667275,19,1,0,5,0.000,1,6681.225,707.778,6.000,6140.000,390.000,90.000,66.189,58,-1.000,-1.000
1472,15.109663,16.668235,19,1,0,5,0.000,1,6681.225,707.778,6.000,6140.000,390.000,90.000,66.189,58,-1.000,-1.000
1473,15.772185,16.668655,19,1,0,5,0.000,1,6681.225,707.778,6.000,6140.000,390.000,90.000,66.189,58,-1.000,-1.000
1474,16.949471,16.668365,19,1,0,5,0.000,1,6681.225,707.778,6.000,6140.000,390.000,90.000,66.189,58,-1.000,-1.000
1475,15.364238,16.667266,19,1,0,5,0.000,1,6681.225,707.778,6.000,6140.000,390.000,90.000,66.189,58,-1.000,-1.000
1476,16.446350,16.666894,19,1,0,5,0.000,1,6681.225,707.778,6.000,6140.000,390.000,90.000,66.189,58,-1.000,-1.000
1477,23.112682,16.667675,19,1,0,5,0.000,1,6681.225,707.778,6.000,6140.000,390.000,90.000,66.189,58,-1.000,-1.000
1478,16.425001,16.668266,19,1,0,5,0.000,1,6681.225,707.778,6.000,6140.000,390.000,90.000,66.189,58,-1.000,-1.000
1479,17.257667,16.668954,19,1,0,5,0.000,1,6681.225,707.778,6.000,6140.000,390.000,90.000,66.189,58,-1.000,-1.000
1480,14.960939,16.668606,19,1,0,5,0.000,1,6681.225,707.778,6.000,6140.000,390.000,90.000,66.189,58,-1.000,-1.000
1481,19.069266,16.668105,19,1,0,5,0.000,1,6681.225,707.778,6.000,6140.000,390.000,90.000,66.189,58,-1.000,-1.000
1482,14.813866,16.668655,19,1,0,5,0.000,1,6681.225,707.778,6.000,6140.000,390.000,90.000,66.189,58,-1.000,-1.000
1483,17.279578,16.668045,19,1,0,5,0.000,1,6681.225,707.778,6.000,6140.000,390.000,90.000,66.189,58,-1.000,-1.000
1484,16.433219,16.668555,19,1,0,5,0.000,1,6681.225,707.778,6.000,6140.000,390.000,90.000,66.189,58,-1.000,-1.000
1485,15.723556,16.667265,19,1,0,5,0.000,1,6681.225,707.778,6.000,6140.000,390.000,90.000,66.189,58,-1.000,-1.000
1486,17.883341,16.668315,19,1,0,5,0.000,1,6681.225,707.778,6.000,6140.000,390.000,90.000,66.189,58,-1.000,-1.000
1487,15.702274,16.668776,19,1,0,5,0.000,1,6681.225,707.778,6.000,6140.000,390.000,90.000,66.189,58,-1.000,-1.000
1488,15.188454,16.668914,19,1,0,5,0.000,1,6681.225,707.778,6.000,6140.000,390.000,90.000,66.189,58,-1.000,-1.000
1489,15.670014,16.668676,19,1,0,5,0.000,1,6681.225,707.778,6.000,6140.000,390.000,90.000,66.189,58,-1.000,-1.000
1490,14.764294,16.667185,19,1,0,5,0.000,1,6681.225,707.778,6.000,6140.000,390.000,90.000,66.189,58,-1.000,-1.000
1491,16.842539,16.668514,19,1,0,5,0.000,1,6681.225,707.778,6.000,6140.000,390.000,90.000,66.189,58,-1.000,-1.000
1492,16.538783,16.668266,19,1,0,5,0.000,1,6681.225,707.778,6.000,6140.000,390.000,90.000,66.189,58,-1.000,-1.000
1493,16.471960,16.667745,19,1,0,5,0.000,1,6681.225,707.778,6.000,6140.000,390.000,90.000,66.189,58,-1.000,-1.000
1494,16.885460,16.668575,19,1,0,5,0.000,1,6681.225,707.778,6.000,6140.000,390.000,90.000,66.189,58,-1.000,-1.000
1495,16.596194,16.667185,19,1,0,5,0.000,1,6681.225,707.778,6.000,6140.000,390.000,90.000,66.189,58,-1.000,-1.000
1496,16.677294,16.668785,19,1,0,5,0.000,1,6681.225,707.778,6.000,6140.000,390.000,90.000,66.189,58,-1.000,-1.000
1497,16.525203,16.668955,19,1,0,5,0.000,1,6681.225,707.778,6.000,6140.000,390.000,90.000,66.189,58,-1.000,-1.000
1498,16.700126,16.668455,19,1,0,5,0.000,1,6681.225,707.778,6.000,6140.000,390.000,90.000,66.189,58,-1.000,-1.000
1499,16.562952,16.667716,19,1,0,5,0.000,1,6681.225,707.778,6.000,6140.000,390.000,90.000,66.189,58,-1.000,-1.000
1500,16.772958,16.668524,19,1,0,5,0.000,1,6681.225,707.778,6.000,6140.000,390.000,90.000,66.189,58,-1.000,-1.000
1501,16.583082,16.667175,19,1,0,5,0.000,1,6681.225,707.778,6.000,6140.000,390.000,90.000,66.189,58,-1.000,-1.000
1502,16.936961,16.668066,19,1,0,5,0.000,1,6681.225,707.778,6.000,6140.000,390.000,90.000,66.189,58,-1.000,-1.000
1503,16.672926,16.668314,19,1,0,5,0.000,1,6681.225,707.778,6.000,6140.000,390.000,90.000,66.189,58,-1.000,-1.000
1504,16.497671,16.667586,19,1,0,5,0.000,1,6681.225,707.778,6.000,6140.000,390.000,90.000,66.189,58,-1.000,-1.000
1505,16.805298,16.668285,19,1,0,5,0.000,1,6681.225,707.778,6.000,6140.000,390.000,90.000,66.189,58,-1.000,-1.000
1506,16.602054,16.667694,19,1,0,5,0.000,1,6681.225,707.778,6.000,6140.000,390.000,90.000,66.189,58,-1.000,-1.000
1507,16.613763,16.667606,19,1,0,5,0.000,1,6681.225,707.778,6.000,6140.000,390.000,90.000,66.189,58,-1.000,-1.000
1508,16.939551,16.668985,19,1,0,5,0.000,1,6681.225,707.778,6.000,6140.000,390.000,90.000,66.189,58,-1.000,-1.000
1509,16.568034,16.667145,19,1,0,5,0.000,1,6681.225,707.778,6.000,6140.000,390.000,90.000,66.189,58,-1.000,-1.000
1510,16.508151,16.668745,19,1,0,5,0.000,1,6681.225,707.778,6.000,6140.000,390.000,90.000,66.189,58,-1.000,-1.000
1511,16.748987,16.668156,19,1,0,5,0.000,1,6681.225,707.778,6.000,6140.000,390.000,90.000,66.189,58,-1.000,-1.000
1512,16.521112,16.668174,19,1,0,5,0.000,1,6681.225,707.778,6.000,6140.000,390.000,90.000,66.189,58,-1.000,-1.000
1513,17.537283,16.700176,19,1,0,5,0.000,1,6681.225,707.778,6.000,6140.000,390.000,90.000,66.189,58,-1.000,-1.000
1514,16.077633,16.668415,19,1,0,5,0.000,1,6681.225,707.778,6.000,6140.000,390.000,90.000,66.189,58,-1.000,-1.000
1515,16.708816,16.668645,19,1,0,5,0.000,1,6681.225,707.778,6.000,6140.000,390.000,90.000,66.189,58,-1.000,-1.000
1516,16.591144,16.668645,19,1,0,5,0.000,1,6681.225,707.778,6.000,6140.000,390.000,90.000,66.189,58,-1.000,-1.000
1517,16.461420,16.668266,19,1,0,5,0.000,1,6681.225,707.778,6.000,6140.000,390.000,90.000,66.189,58,-1.000,-1.000
1518,16.811388,16.668894,19,1,0,5,0.000,1,6681.225,707.778,6.000,6140.000,390.000,90.000,66.189,58,-1.000,-1.000
1519,16.526402,16.668216,19,1,0,5,0.000,1,6681.225,707.778,6.000,6140.000,390.000,90.000,66.189,58,-1.000,-1.000
1520,16.697836,16.667295,19,1,0,5,0.000,1,6681.225,707.778,6.000,6140.000,390.000,90.000,66.189,58,-1.000,-1.000
1521,16.594934,16.668884,19,1,0,5,0.000,1,6681.225,707.778,6.000,6140.000,390.000,90.000,66.189,58,-1.000,-1.000
1522,16.910100,16.667936,19,1,0,5,0.000,1,6681.225,707.778,6.000,6140.000,390.000,90.000,66.189,58,-1.000,-1.000
1523,16.605653,16.668934,19,1,0,5,0.000,1,6681.225,707.778,6.000,6140.000,390.000,90.000,66.189,58,-1.000,-1.000
1524,16.616735,16.667266,19,1,0,5,0.000,1,6681.225,707.778,6.000,6140.000,390.000,90.000,66.189,58,-1.000,-1.000
1525,16.598213,16.668225,19,1,0,5,0.000,1,6681.225,707.778,6.000,6140.000,390.000,90.000,66.189,58,-1.000,-1.000
1526,16.755407,16.667104,19,1,0,5,0.000,1,6681.225,707.778,6.000,6140.000,390.000,90.000,66.189,58,-1.000,-1.000
1527,16.623874,16.668496,19,1,0,5,0.000,1,6681.225,707.778,6.000,6140.000,390.000,90.000,66.189,58,-1.000,-1.000
1528,16.776168,16.667685,19,1,0,5,0.000,1,6681.225,707.778,6.000,6140.000,390.000,90.000,66.189,58,-1.000,-1.000
1529,16.577083,16.667205,19,1,0,5,0.000,1,6681.225,707.778,6.000,6140.000,390.000,90.000,66.189,58,-1.000,-1.000
1530,16.548193,16.668105,19,1,0,5,0.000,1,6681.225,707.778,6.000,6140.000,390.000,90.000,66.189,58,-1.000,-1.000
1531,17.600914,16.667136,19,1,0,5,0.000,1,6681.225,707.778,6.000,6140.000,390.000,90.000,66.189,58,-1.000,-1.000
1532,15.933009,16.667314,19,1,0,5,0.000,1,6681.225,707.778,6.000,6140.000,390.000,90.000,66.189,58,-1.000,-1.000
1533,16.472332,16.668845,19,1,0,5,0.000,1,6681.225,707.778,6.000,6140.000,390.000,90.000,66.189,58,-1.000,-1.000
1534,16.593563,16.667716,19,1,0,5,0.000,1,6681.225,707.778,6.000,6140.000,390.000,90.000,66.189,58,-1.000,-1.000
1535,16.625274,16.668174,19,1,0,5,0.000,1,6681.225,707.778,6.000,6140.000,390.000,90.000,66.189,58,-1.000,-1.000
1536,16.512552,16.667466,19,1,0,5,0.000,1,6681.225,707.778,6.000,6140.000,390.000,90.000,66.189,58,-1.000,-1.000
1537,16.696596,16.668815,19,1,0,5,0.000,1,6681.225,707.778,6.000,6140.000,390.000,90.000,66.189,58,-1.000,-1.000
1538,21.035318,16.667574,19,1,0,5,0.000,1,6681.225,707.778,6.000,6140.000,390.000,90.000,66.189,58,-1.000,-1.000
1539,16.874409,16.668216,19,1,0,5,0.000,1,6681.225,707.778,6.000,6140.000,390.000,90.000,66.189,58,-1.000,-1.000
1540,12.423894,16.667415,19,1,0,5,0.000,1,6681.225,707.778,6.000,6140.000,390.000,90.000,66.189,58,-1.000,-1.000
1541,20.969437,16.667915,19,1,0,5,0.000,1,6681.225,707.778,6.000,6140.000,390.000,90.000,66.189,58,-1.000,-1.000
1542,12.143399,16.668375,19,1,0,5,0.000,1,6681.225,707.778,6.000,6140.000,390.000,90.000,66.189,58,-1.000,-1.000
1543,17.541514,16.667775,19,1,0,5,0.000,1,6681.225,707.778,6.000,6140.000,390.000,90.000,66.189,58,-1.000,-1.000
1544,16.098183,16.668355,19,1,0,5,0.000,1,6681.225,707.778,6.000,6140.000,390.000,90.000,66.189,58,-1.000,-1.000
1545,16.439681,16.667955,19,1,0,5,0.000,1,6681.225,707.778,6.000,6140.000,390.000,90.000,66.189,58,-1.000,-1.000
1546,16.571062,16.667676,19,1,0,5,0.000,1,6681.225,707.778,6.000,6140.000,390.000,90.000,66.189,58,-1.000,-1.000
1547,16.624465,16.689155,19,1,0,5,0.000,1,6681.225,707.778,6.000,6140.000,390.000,90.000,66.189,58,-1.000,-1.000
1548,16.720245,16.668115,19,1,0,5,0.000,1,6681.225,707.778,6.000,6140.000,390.000,90.000,66.189,58,-1.000,-1.000
1549,16.484932,16.667305,19,1,0,5,0.000,1,6681.225,707.778,6.000,6140.000,390.000,90.000,66.189,58,-1.000,-1.000
1550,16.904640,16.675755,19,1,0,5,0.000,1,6681.225,707.778,6.000,6140.000,390.000,90.000,66.189,58,-1.000,-1.000
1551,16.549112,16.667705,19,1,0,5,0.000,1,6681.225,707.778,6.000,6140.000,390.000,90.000,66.189,58,-1.000,-1.000
1552,16.847509,16.668096,19,1,0,5,0.000,1,6681.225,707.778,6.000,6140.000,390.000,90.000,66.189,58,-1.000,-1.000
1553,16.420070,16.667784,19,1,0,5,0.000,1,6681.225,707.778,6.000,6140.000,390.000,90.000,66.189,58,-1.000,-1.000
1554,16.916541,16.668906,19,1,0,5,0.000,1,6681.225,707.778,6.000,6140.000,390.000,90.000,66.189,58,-1.000,-1.000
1555,16.509881,16.667315,19,1,0,5,0.000,1,6681.225,707.778,6.000,6140.000,390.000,90.000,66.189,58,-1.000,-1.000
1556,16.747817,16.667034,19,1,0,5,0.000,1,6681.225,707.778,6.000,6140.000,390.000,90.000,66.189,58,-1.000,-1.000
1557,16.776758,16.668676,19,1,0,5,0.000,1,6681.225,707.778,6.000,6140.000,390.000,90.000,66.189,58,-1.000,-1.000
1558,16.555492,16.668715,19,1,0,5,0.000,1,6681.225,707.778,6.000,6140.000,390.000,90.000,66.189,58,-1.000,-1.000
1559,18.831701,16.668965,19,1,0,5,0.000,1,6681.225,707.778,6.000,6140.000,390.000,90.000,66.189,58,-1.000,-1.000
1560,15.753026,16.672495,19,1,0,5,0.000,1,6681.225,707.778,6.000,6140.000,390.000,90.000,66.189,58,-1.000,-1.000
1561,15.995981,16.674256,19,1,0,5,0.000,1,6681.225,707.778,6.000,6140.000,390.000,90.000,66.189,58,-1.000,-1.000
1562,17.026762,16.688124,19,1,0,5,0.000,1,6681.225,707.778,6.000,6140.000,390.000,90.000,66.189,58,-1.000,-1.000
1563,16.142374,16.667306,19,1,0,5,0.000,1,6681.225,707.778,6.000,6140.000,390.000,90.000,66.189,58,-1.000,-1.000
1564,15.904879,16.667535,19,1,0,5,0.000,1,6681.225,707.778,6.000,6140.000,390.000,90.000,66.189,58,-1.000,-1.000
1565,16.568173,16.667095,19,1,0,5,0.000,1,6681.225,707.778,6.000,6140.000,390.000,90.000,66.189,58,-1.000,-1.000
1566,16.695855,16.667605,19,1,0,5,0.000,1,6681.225,707.778,6.000,6140.000,390.000,90.000,66.189,58,-1.000,-1.000
1567,16.496151,16.667386,19,1,0,5,0.000,1,6681.225,707.778,6.000,6140.000,390.000,90.000,66.189,58,-1.000,-1.000
1568,17.155407,16.668124,19,1,0,5,0.000,1,6681.225,707.778,6.000,6140.000,390.000,90.000,66.189,58,-1.000,-1.000
1569,17.065013,16.667165,19,1,0,5,0.000,1,6681.225,707.778,6.000,6140.000,390.000,90.000,66.189,58,-1.000,-1.000
1570,17.231297,16.668106,19,1,0,5,0.000,1,6681.225,707.778,6.000,6140.000,390.000,90.000,66.189,58,-1.000,-1.000
1571,16.349678,16.669044,19,1,0,5,0.000,1,6681.225,707.778,6.000,6140.000,390.000,90.000,66.189,58,-1.000,-1.000
1572,15.833457,16.668476,19,1,0,5,0.000,1,6681.225,707.778,6.000,6140.000,390.000,90.000,66.189,58,-1.000,-1.000
1573,21.479489,16.667755,21,1,0,5,0.000,1,6681.225,707.778,6.000,6140.000,390.000,90.000,66.189,58,-1.000,-1.000
1574,178.821908,16.668074,21,1,0,5,0.000,1,6681.225,707.778,6.000,6140.000,390.000,90.000,66.189,58,-1.000,-1.000
1575,7.092011,169.277487,21,1,0,5,0.000,1,6681.225,707.778,6.000,6140.000,390.000,90.000,66.189,58,-1.000,-1.000
1576,11.717270,16.667195,21,1,0,5,0.000,1,6681.225,707.778,6.000,6140.000,390.000,90.000,66.189,58,-1.000,-1.000
1577,16.491062,16.666995,21,1,0,5,0.000,1,6681.225,707.778,6.000,6140.000,390.000,90.000,66.189,58,-1.000,-1.000
1578,16.753106,16.667635,21,1,0,5,0.000,1,6681.225,707.778,6.000,6140.000,390.000,90.000,66.189,58,-1.000,-1.000
1579,16.620075,16.666935,21,1,0,5,0.000,1,6681.225,707.778,6.000,6140.000,390.000,90.000,66.189,58,-1.000,-1.000
1580,16.704276,16.667355,21,1,0,5,0.000,1,6681.225,707.778,6.000,6140.000,390.000,90.000,66.189,58,-1.000,-1.000
1581,17.087194,16.667085,21,1,0,5,0.000,1,6681.225,707.778,6.000,6140.000,390.000,90.000,66.189,58,-1.000,-1.000
1582,17.220966,16.667355,21,1,0,5,0.000,1,6681.225,707.778,6.000,6140.000,390.000,90.000,66.189,58,-1.000,-1.000
1583,16.626265,16.667535,21,1,0,5,0.000,1,6681.225,707.778,6.000,6140.000,390.000,90.000,66.189,58,-1.000,-1.000
1584,16.618703,16.667135,21,1,0,5,0.000,1,6681.225,707.778,6.000,6140.000,390.000,90.000,66.189,58,-1.000,-1.000
1585,16.450451,16.667515,21,1,0,5,0.000,1,6681.225,707.778,6.000,6140.000,390.000,90.000,66.189,58,-1.000,-1.000
1586,16.979382,16.667066,21,1,0,5,0.000,1,6681.225,707.778,6.000,6140.000,390.000,90.000,66.189,58,-1.000,-1.000
1587,16.476910,16.668784,21,1,0,5,0.000,1,6681.225,707.778,6.000,6140.000,390.000,90.000,66.189,58,-1.000,-1.000
1588,16.653396,16.667955,21,1,0,5,0.000,1,6681.225,707.778,6.000,6140.000,390.000,90.000,66.189,58,-1.000,-1.000
1589,17.514432,16.672156,21,1,0,5,0.000,1,6681.225,707.778,6.000,6140.000,390.000,90.000,66.189,58,-1.000,-1.000
1590,16.605984,16.667844,21,1,0,5,0.000,1,6681.225,707.778,6.000,6140.000,390.000,90.000,66.189,58,-1.000,-1.000
1591,16.889120,16.667826,21,1,0,5,0.000,1,6681.225,707.778,6.000,6140.000,390.000,90.000,66.189,58,-1.000,-1.000
1592,16.015981,16.668795,21,1,0,5,0.000,1,6681.225,707.778,6.000,6140.000,390.000,90.000,66.189,58,-1.000,-1.000
1593,16.572583,16.668445,21,1,0,5,0.000,1,6681.225,707.778,6.000,6140.000,390.000,90.000,66.189,58,-1.000,-1.000
1594,16.647095,16.667285,24,1,0,5,0.000,1,6681.225,707.778,6.000,6140.000,390.000,90.000,66.189,58,-1.000,-1.000
1595,16.614364,16.667435,24,1,0,5,0.000,1,6681.225,707.778,6.000,6770.000,700.000,90.000,66.189,58,-1.000,-1.000
1596,16.774427,16.668625,24,1,0,5,0.000,1,6681.225,707.778,6.000,6770.000,700.000,90.000,66.189,58,-1.000,-1.000
1597,16.886880,16.668085,24,1,0,5,0.000,1,6681.225,707.778,6.000,6770.000,700.000,90.000,66.189,58,-1.000,-1.000
1598,16.090562,16.668406,24,1,0,5,0.000,1,6681.225,707.778,6.000,6770.000,700.000,90.000,66.189,58,-1.000,-1.000
1599,16.686946,16.667864,24,1,0,5,0.000,1,6681.225,707.778,6.000,6770.000,700.000,90.000,66.189,58,-1.000,-1.000
1600,16.698816,16.667645,24,1,0,5,0.000,1,6681.225,707.778,6.000,6770.000,700.000,90.000,66.189,58,-1.000,-1.000
1601,16.684965,16.668536,24,1,0,5,0.000,1,6681.225,707.778,6.000,6770.000,700.000,90.000,66.189,58,-1.000,-1.000
1602,16.620954,16.667794,24,1,0,5,0.000,1,6681.225,707.778,6.000,6770.000,700.000,90.000,66.189,58,-1.000,-1.000
1603,16.779378,16.667356,24,1,0,5,0.000,1,6681.225,707.778,6.000,6770.000,700.000,90.000,66.189,58,-1.000,-1.000
1604,16.623873,16.668735,24,1,0,5,0.000,1,6681.225,707.778,6.000,6770.000,700.000,90.000,66.189,58,-1.000,-1.000
1605,16.248997,16.667535,24,1,0,5,0.000,1,6681.225,707.778,6.000,6770.000,700.000,90.000,66.189,58,-1.000,-1.000
1606,16.865059,16.667425,24,1,0,5,0.000,1,6681.225,707.778,6.000,6770.000,700.000,90.000,66.189,58,-1.000,-1.000
1607,16.611964,16.668055,24,1,0,5,0.000,1,6681.225,707.778,6.000,6770.000,700.000,90.000,66.189,58,-1.000,-1.000
1608,16.739527,16.667455,24,1,0,5,0.000,1,6681.225,707.778,6.000,6770.000,700.000,90.000,66.189,58,-1.000,-1.000
1609,16.300687,16.666995,24,1,0,5,0.000,1,6681.225,707.778,6.000,6770.000,700.000,90.000,66.189,58,-1.000,-1.000
1610,17.213776,16.667076,24,1,0,5,0.000,1,6681.225,707.778,6.000,6770.000,700.000,90.000,63.189,58,-1.000,-1.000
1611,17.307440,16.668464,24,1,0,5,0.000,1,6681.225,707.778,6.000,6770.000,700.000,90.000,63.189,58,-1.000,-1.000
1612,15.896258,16.667655,24,1,0,5,0.000,1,6681.225,707.778,6.000,6770.000,700.000,90.000,63.189,58,-1.000,-1.000
1613,20.619029,16.667346,24,1,0,5,0.000,1,6681.225,707.778,6.000,6770.000,700.000,90.000,63.189,58,-1.000,-1.000
1614,12.111928,16.666944,24,1,0,5,0.000,1,6681.225,707.778,6.000,6770.000,700.000,90.000,63.189,58,-1.000,-1.000
1615,16.502912,16.667306,24,1,0,5,0.000,1,6681.225,707.778,6.000,6770.000,700.000,90.000,63.189,58,-1.000,-1.000
1616,16.633284,16.666825,24,1,0,5,0.000,1,6681.225,707.778,6.000,6770.000,700.000,90.000,63.189,58,-1.000,-1.000
1617,16.907120,16.667654,24,1,0,5,0.000,1,6681.225,707.778,6.000,6770.000,700.000,90.000,63.189,58,-1.000,-1.000
1618,16.891990,16.667616,24,1,0,5,0.000,1,6681.225,707.778,6.000,6770.000,700.000,90.000,63.189,58,-1.000,-1.000
1619,16.447201,16.668045,24,1,0,5,0.000,1,6681.225,707.778,6.000,6770.000,700.000,90.000,63.189,58,-1.000,-1.000
1620,16.795987,16.667015,24,1,0,5,0.000,1,6681.225,707.778,6.000,6770.000,700.000,90.000,63.189,58,-1.000,-1.000
1621,16.583144,16.667075,24,1,0,5,0.000,1,6681.225,707.778,6.000,6770.000,700.000,90.000,63.189,58,-1.000,-1.000
1622,16.574062,16.667545,24,1,0,5,0.000,1,6681.225,707.778,6.000,6770.000,700.000,90.000,63.189,58,-1.000,-1.000
1623,16.890520,16.667555,24,1,0,5,0.000,1,6681.225,707.778,6.000,6770.000,700.000,90.000,63.189,58,-1.000,-1.000
1624,16.453751,16.667115,25,1,0,5,0.000,1,6681.225,707.778,6.000,6770.000,700.000,90.000,63.189,58,-1.000,-1.000
1625,18.549895,16.722837,25,1,0,5,0.000,1,6681.225,707.778,6.000,6770.000,700.000,90.000,60.188,58,-1.000,-1.000
1626,14.921398,16.667134,25,1,0,5,0.000,1,6681.225,707.778,6.000,6770.000,700.000,90.000,60.188,58,-1.000,-1.000
1627,16.943141,16.667466,25,1,0,5,0.000,1,6681.225,707.778,6.000,6770.000,700.000,90.000,60.188,58,-1.000,-1.000
1628,16.888990,16.668245,25,1,0,5,0.000,1,6681.225,707.778,6.000,6770.000,700.000,90.000,60.188,58,-1.000,-1.000
1629,19.008255,16.668624,25,1,0,5,0.000,1,6681.225,707.778,6.000,6770.000,700.000,90.000,60.188,58,-1.000,-1.000
1630,17.048673,16.821719,25,1,0,5,0.000,1,6681.225,707.778,6.000,6770.000,700.000,90.000,60.188,58,-1.000,-1.000
1631,16.886920,16.848339,25,1,0,5,0.000,1,6681.225,707.778,6.000,6770.000,700.000,90.000,60.188,58,-1.000,-1.000
1632,16.926030,16.884300,25,1,0,5,0.000,1,6681.225,707.778,6.000,6770.000,700.000,90.000,60.188,58,-1.000,-1.000
1633,14.768355,16.710356,25,1,0,5,0.000,1,6681.225,707.778,6.000,6770.000,700.000,90.000,60.188,58,-1.000,-1.000
1634,15.917799,16.667204,25,1,0,5,0.000,1,6681.225,707.778,6.000,6770.000,700.000,90.000,60.188,58,-1.000,-1.000
1635,16.736496,16.667886,25,1,0,5,0.000,1,6681.225,707.778,6.000,6770.000,700.000,90.000,60.188,58,-1.000,-1.000
1636,16.632345,16.667635,25,1,0,5,0.000,1,6681.225,707.778,6.000,6770.000,700.000,90.000,60.188,58,-1.000,-1.000
1637,16.720696,16.668825,25,1,0,5,0.000,1,6681.225,707.778,6.000,6770.000,700.000,90.000,60.188,58,-1.000,-1.000
1638,16.513382,16.668655,25,1,0,5,0.000,1,6681.225,707.778,6.000,6770.000,700.000,90.000,60.188,58,-1.000,-1.000
1639,16.855959,16.668956,25,1,0,5,0.000,1,6681.225,707.778,6.000,6770.000,700.000,90.000,60.188,58,-1.000,-1.000
1640,16.927751,16.668244,25,1,0,5,0.000,1,6681.225,707.778,6.000,6770.000,700.000,90.000,57.181,58,-1.000,-1.000
1641,16.325377,16.668835,25,1,0,5,0.000,1,6681.225,707.778,6.000,6770.000,700.000,90.000,57.181,58,-1.000,-1.000
1642,16.919490,16.667526,25,1,0,5,0.000,1,6681.225,707.778,6.000,6770.000,700.000,90.000,57.181,58,-1.000,-1.000
1643,16.401110,16.668704,25,1,0,5,0.000,1,6681.225,707.778,6.000,6770.000,700.000,90.000,57.181,58,-1.000,-1.000
1644,16.676045,16.667916,25,1,0,5,0.000,1,6681.225,707.778,6.000,6770.000,700.000,90.000,57.181,58,-1.000,-1.000
1645,16.621624,16.668814,25,1,0,5,0.000,1,6681.225,707.778,6.000,6770.000,700.000,90.000,57.181,58,-1.000,-1.000
1646,16.848220,16.667575,25,1,0,5,0.000,1,6681.225,707.778,6.000,6770.000,700.000,90.000,57.181,58,-1.000,-1.000
1647,16.665774,16.667436,25,1,0,5,0.000,1,6681.225,707.778,6.000,6770.000,700.000,90.000,57.181,58,-1.000,-1.000
1648,16.600904,16.668744,25,1,0,5,0.000,1,6681.225,707.778,6.000,6770.000,700.000,90.000,57.181,58,-1.000,-1.000
1649,16.513711,16.667276,25,1,0,5,0.000,1,6681.225,707.778,6.000,6770.000,700.000,90.000,57.181,58,-1.000,-1.000
1650,16.714267,16.668835,25,1,0,5,0.000,1,6681.225,707.778,6.000,6770.000,700.000,90.000,57.181,58,-1.000,-1.000
1651,16.690776,16.668155,25,1,0,5,0.000,1,6681.225,707.778,6.000,6770.000,700.000,90.000,57.181,58,-1.000,-1.000
1652,16.651484,16.668715,25,1,0,5,0.000,1,6681.225,707.778,6.000,6770.000,700.000,90.000,57.181,58,-1.000,-1.000
1653,16.751737,16.668526,25,1,0,5,0.000,1,6681.225,707.778,6.000,6770.000,700.000,90.000,57.181,58,-1.000,-1.000
1654,19.209259,16.668894,25,1,0,5,0.000,1,6681.225,707.778,6.000,6770.000,700.000,90.000,57.181,58,-1.000,-1.000
1655,14.377197,16.667345,25,1,0,5,0.000,1,6681.225,707.778,6.000,6770.000,700.000,90.000,54.181,58,-1.000,-1.000
1656,16.433099,16.667256,25,1,0,5,0.000,1,6681.225,707.778,6.000,6770.000,700.000,90.000,54.181,58,-1.000,-1.000
1657,16.712417,16.667954,25,1,0,5,0.000,1,6681.225,707.778,6.000,6770.000,700.000,90.000,54.181,58,-1.000,-1.000
1658,16.538011,16.668515,25,1,0,5,0.000,1,6681.225,707.778,6.000,6770.000,700.000,90.000,54.181,58,-1.000,-1.000
1659,16.726867,16.668886,25,1,0,5,0.000,1,6681.225,707.778,6.000,6770.000,700.000,90.000,54.181,58,-1.000,-1.000
1660,16.650285,16.668284,25,1,0,5,0.000,1,6681.225,707.778,6.000,6770.000,700.000,90.000,54.181,58,-1.000,-1.000
1661,16.717556,16.668146,25,1,0,5,0.000,1,6681.225,707.778,6.000,6770.000,700.000,90.000,54.181,58,-1.000,-1.000
1662,16.898000,16.667935,25,1,0,5,0.000,1,6681.225,707.778,6.000,6770.000,700.000,90.000,54.181,58,-1.000,-1.000
1663,16.522842,16.667155,25,1,0,5,0.000,1,6681.225,707.778,6.000,6770.000,700.000,90.000,54.181,58,-1.000,-1.000
1664,16.580444,16.667215,25,1,0,5,0.000,1,6681.225,707.778,6.000,6770.000,700.000,90.000,54.181,58,-1.000,-1.000
1665,16.631863,16.668835,25,1,0,5,0.000,1,6681.225,707.778,6.000,6770.000,700.000,90.000,54.181,58,-1.000,-1.000
1666,16.972672,16.667715,25,1,0,5,0.000,1,6681.225,707.778,6.000,6770.000,700.000,90.000,54.181,58,-1.000,-1.000
1667,16.440221,16.668975,25,1,0,5,0.000,1,6681.225,707.778,6.000,6770.000,700.000,90.000,54.181,58,-1.000,-1.000
1668,16.668504,16.668926,25,1,0,5,0.000,1,6681.225,707.778,6.000,6770.000,700.000,90.000,54.181,58,-1.000,-1.000
