frame,wall_ms,sim_ms,phase,power,dormant,revision,panel_health,physics,debris_x,debris_y,debris_z,player_x,player_y,player_z,health,ammo,rival_health,infected_health
873,20.019322,209.564364,1,0,1,0,68.000,0,6500.000,700.000,110.000,0.000,0.000,88.000,100.000,60,-1.000,-1.000
874,20.326700,20.025903,1,0,1,0,68.000,0,6500.000,700.000,110.000,0.000,0.000,90.000,100.000,60,-1.000,-1.000
875,17.709672,20.338540,1,0,1,0,68.000,0,6500.000,700.000,110.000,0.000,0.000,90.000,100.000,60,-1.000,-1.000
876,12.253510,17.701551,1,0,1,0,68.000,0,6500.000,700.000,110.000,0.000,0.000,90.000,100.000,60,-1.000,-1.000
877,12.793863,12.253721,1,0,1,0,68.000,0,6500.000,700.000,110.000,0.000,0.000,90.000,100.000,60,-1.000,-1.000
878,14.451431,12.864864,1,0,1,0,68.000,0,6500.000,700.000,110.000,6140.000,390.000,90.000,100.000,60,-1.000,-1.000
879,16.240938,14.389249,1,0,0,0,68.000,0,6500.000,700.000,110.000,6140.000,390.000,90.000,100.000,60,-1.000,-1.000
880,15.916863,16.258429,1,0,0,0,68.000,0,6500.000,700.000,110.000,6140.000,390.000,90.000,100.000,60,-1.000,-1.000
881,13.185571,15.986024,1,0,0,0,68.000,0,6500.000,700.000,110.000,6140.000,390.000,90.000,100.000,60,-1.000,-1.000
882,12.045246,13.119130,1,0,0,0,68.000,0,6500.000,700.000,110.000,6140.000,390.000,90.000,100.000,60,-1.000,-1.000
883,10.537923,12.043486,1,0,0,0,68.000,0,6500.000,700.000,110.000,6140.000,390.000,90.000,100.000,60,-1.000,-1.000
884,10.563074,10.497233,1,0,0,0,68.000,0,6500.000,700.000,110.000,6140.000,390.000,90.000,100.000,60,-1.000,-1.000
885,11.316280,10.573373,1,0,0,0,68.000,0,6500.000,700.000,110.000,6140.000,390.000,90.000,100.000,60,-1.000,-1.000
886,10.734847,11.298560,1,0,0,0,68.000,0,6500.000,700.000,110.000,6140.000,390.000,90.000,100.000,60,-1.000,-1.000
887,10.895111,10.727347,1,0,0,0,68.000,0,6500.000,700.000,110.000,6140.000,390.000,90.000,100.000,60,-1.000,-1.000
888,10.733318,10.910782,1,0,0,0,68.000,0,6500.000,700.000,110.000,6140.000,390.000,90.000,100.000,60,-1.000,-1.000
889,10.394639,10.736857,1,0,0,0,68.000,0,6500.000,700.000,110.000,6140.000,390.000,90.000,100.000,60,-1.000,-1.000
890,9.745786,10.375489,1,0,0,0,68.000,0,6500.000,700.000,110.000,6140.000,390.000,90.000,100.000,60,-1.000,-1.000
891,9.953760,9.737586,1,0,0,0,68.000,0,6500.000,700.000,110.000,6140.000,390.000,90.000,100.000,60,-1.000,-1.000
892,10.051553,9.954680,1,0,0,0,68.000,0,6500.000,700.000,110.000,6140.000,390.000,90.000,100.000,60,-1.000,-1.000
893,9.742525,10.089563,1,0,0,0,68.000,0,6500.000,700.000,110.000,6140.000,390.000,90.000,100.000,60,-1.000,-1.000
894,9.679154,9.724285,1,0,0,0,68.000,0,6500.000,700.000,110.000,6140.000,390.000,90.000,100.000,60,-1.000,-1.000
895,9.646853,9.684754,1,0,0,0,68.000,0,6500.000,700.000,110.000,6140.000,390.000,90.000,100.000,60,-1.000,-1.000
896,9.465869,9.656054,1,0,0,0,68.000,0,6500.000,700.000,110.000,6140.000,390.000,90.000,100.000,60,-1.000,-1.000
897,9.672604,9.464959,1,0,0,0,68.000,0,6500.000,700.000,110.000,6140.000,390.000,90.000,100.000,60,-1.000,-1.000
898,10.000002,9.656924,1,0,0,0,68.000,0,6500.000,700.000,110.000,6140.000,390.000,90.000,100.000,60,-1.000,-1.000
899,9.902159,10.024571,1,0,0,0,68.000,0,6500.000,700.000,110.000,6140.000,390.000,90.000,100.000,60,-1.000,-1.000
900,9.695954,9.871399,1,0,0,0,68.000,0,6500.000,700.000,110.000,6140.000,390.000,90.000,100.000,60,-1.000,-1.000
901,9.151003,9.725875,1,0,0,0,68.000,0,6500.000,700.000,110.000,6140.000,390.000,90.000,100.000,60,-1.000,-1.000
902,9.251294,9.158352,1,0,0,0,68.000,0,6500.000,700.000,110.000,6140.000,390.000,90.000,100.000,60,-1.000,-1.000
903,9.921789,9.257645,1,0,0,0,68.000,0,6500.000,700.000,110.000,6140.000,390.000,90.000,100.000,60,-1.000,-1.000
904,9.631804,9.918949,1,0,0,0,68.000,0,6500.000,700.000,110.000,6140.000,390.000,90.000,100.000,60,-1.000,-1.000
905,10.042442,9.640784,1,0,0,0,68.000,0,6500.000,700.000,110.000,6140.000,390.000,90.000,100.000,60,-1.000,-1.000
906,9.703734,10.123044,1,0,0,0,68.000,0,6500.000,700.000,110.000,6140.000,390.000,90.000,100.000,60,-1.000,-1.000
907,9.403918,9.646112,1,0,0,0,68.000,0,6500.000,700.000,110.000,6140.000,390.000,90.000,100.000,60,-1.000,-1.000
908,9.401378,9.400659,1,0,0,0,68.000,0,6500.000,700.000,110.000,6140.000,390.000,90.000,100.000,60,-1.000,-1.000
909,9.308885,9.393127,1,0,0,0,68.000,0,6500.000,700.000,110.000,6140.000,390.000,90.000,100.000,60,-1.000,-1.000
910,9.135972,9.344707,1,0,0,0,68.000,0,6500.000,700.000,110.000,6140.000,390.000,90.000,100.000,60,-1.000,-1.000
911,9.783787,9.128182,1,0,0,0,68.000,0,6500.000,700.000,110.000,6140.000,390.000,90.000,100.000,60,-1.000,-1.000
912,8.211261,9.764515,1,0,0,0,68.000,0,6500.000,700.000,110.000,6140.000,390.000,90.000,100.000,60,-1.000,-1.000
913,8.075610,8.334735,1,0,0,0,68.000,0,6500.000,700.000,110.000,6140.000,390.000,90.000,100.000,60,-1.000,-1.000
914,7.767211,8.335574,1,0,0,0,68.000,0,6500.000,700.000,110.000,6140.000,390.000,90.000,100.000,60,-1.000,-1.000
915,8.722653,8.334774,1,0,0,0,68.000,0,6500.000,700.000,110.000,6140.000,390.000,90.000,100.000,60,-1.000,-1.000
916,8.044808,8.334945,1,0,0,0,68.000,0,6500.000,700.000,110.000,6140.000,390.000,90.000,100.000,60,-1.000,-1.000
917,7.941225,8.335524,1,0,0,0,68.000,0,6500.000,700.000,110.000,6140.000,390.000,90.000,100.000,60,-1.000,-1.000
918,8.237992,8.335224,1,0,0,0,68.000,0,6500.000,700.000,110.000,6140.000,390.000,90.000,100.000,60,-1.000,-1.000
919,8.200111,8.334015,1,0,0,0,68.000,0,6500.000,700.000,110.000,6140.000,390.000,90.000,100.000,60,-1.000,-1.000
920,7.784153,8.335224,1,0,0,0,68.000,0,6500.000,700.000,110.000,6140.000,390.000,90.000,100.000,60,-1.000,-1.000
921,7.432095,8.334864,1,0,0,0,68.000,0,6500.000,700.000,110.000,6140.000,390.000,90.000,100.000,60,-1.000,-1.000
922,8.935177,8.335385,1,0,0,0,68.000,0,6500.000,700.000,110.000,6140.000,390.000,90.000,100.000,60,-1.000,-1.000
923,8.768323,8.334214,1,0,0,0,68.000,0,6500.000,700.000,110.000,6140.000,390.000,90.000,100.000,60,-1.000,-1.000
924,9.346098,8.460388,1,0,0,0,68.000,0,6500.000,700.000,110.000,6140.000,390.000,90.000,100.000,60,-1.000,-1.000
925,8.990179,8.334794,1,0,0,0,68.000,0,6500.000,700.000,110.000,6140.000,390.000,90.000,100.000,60,-1.000,-1.000
926,9.153922,8.334274,1,0,0,0,68.000,0,6500.000,700.000,110.000,6140.000,390.000,90.000,100.000,60,-1.000,-1.000
927,9.089661,8.804385,1,0,0,0,68.000,0,6500.000,700.000,110.000,6140.000,390.000,90.000,100.000,60,-1.000,-1.000
928,9.566321,9.094791,1,0,0,0,68.000,0,6500.000,700.000,110.000,6140.000,390.000,90.000,100.000,60,-1.000,-1.000
929,10.286338,9.567342,1,0,0,0,68.000,0,6500.000,700.000,110.000,6140.000,390.000,90.000,100.000,60,-1.000,-1.000
930,10.202065,10.287407,1,0,0,0,68.000,0,6500.000,700.000,110.000,6140.000,390.000,90.000,100.000,60,-1.000,-1.000
931,10.196616,10.196845,1,0,0,0,68.000,0,6500.000,700.000,110.000,6140.000,390.000,90.000,100.000,60,-1.000,-1.000
932,10.766248,10.201145,1,0,0,0,68.000,0,6500.000,700.000,110.000,6140.000,390.000,90.000,100.000,60,-1.000,-1.000
933,9.880439,10.737898,1,0,0,0,68.000,0,6500.000,700.000,110.000,6140.000,390.000,90.000,100.000,60,-1.000,-1.000
934,9.774656,9.885959,1,0,0,0,68.000,0,6500.000,700.000,110.000,6140.000,390.000,90.000,100.000,60,-1.000,-1.000
935,9.475709,9.819127,1,0,0,0,68.000,0,6500.000,700.000,110.000,6140.000,390.000,90.000,100.000,60,-1.000,-1.000
936,9.967841,9.433408,1,0,0,0,68.000,0,6500.000,700.000,110.000,6140.000,390.000,90.000,100.000,60,-1.000,-1.000
937,9.566712,10.028832,1,0,0,0,68.000,0,6500.000,700.000,110.000,6140.000,390.000,90.000,100.000,60,-1.000,-1.000
938,11.425292,9.522531,1,0,0,0,68.000,0,6500.000,700.000,110.000,6140.000,390.000,90.000,100.000,60,-1.000,-1.000
939,9.760066,11.440563,1,0,0,0,68.000,0,6500.000,700.000,110.000,6140.000,390.000,90.000,100.000,60,-1.000,-1.000
940,9.911929,9.738995,1,0,0,0,68.000,0,6500.000,700.000,110.000,6140.000,390.000,90.000,100.000,60,-1.000,-1.000
941,9.845087,9.926040,1,0,0,0,68.000,0,6500.000,700.000,110.000,6140.000,390.000,90.000,100.000,60,-1.000,-1.000
942,11.334791,9.797917,1,0,0,0,68.000,0,6500.000,700.000,110.000,6140.000,390.000,90.000,100.000,60,-1.000,-1.000
943,10.138714,11.300239,1,0,0,0,68.000,0,6500.000,700.000,110.000,6140.000,390.000,90.000,100.000,60,-1.000,-1.000
944,10.256027,10.124374,1,0,0,0,68.000,0,6500.000,700.000,110.000,6140.000,390.000,90.000,100.000,60,-1.000,-1.000
945,11.879913,10.239246,1,0,0,0,68.000,0,6500.000,700.000,110.000,6140.000,390.000,90.000,100.000,60,-1.000,-1.000
946,11.178997,11.908714,1,0,0,0,68.000,0,6500.000,700.000,110.000,6140.000,390.000,90.000,100.000,60,-1.000,-1.000
947,13.879497,11.205737,1,0,0,0,68.000,0,6500.000,700.000,110.000,6140.000,390.000,90.000,100.000,60,-1.000,-1.000
948,12.138618,13.835517,1,0,0,0,68.000,0,6500.000,700.000,110.000,6140.000,390.000,90.000,100.000,60,-1.000,-1.000
949,10.316459,12.143808,1,0,0,0,68.000,0,6500.000,700.000,110.000,6140.000,390.000,90.000,100.000,60,-1.000,-1.000
950,12.322202,10.294228,1,0,0,0,68.000,0,6500.000,700.000,110.000,6140.000,390.000,90.000,100.000,60,-1.000,-1.000
951,12.331663,12.446705,1,0,0,0,68.000,0,6500.000,700.000,110.000,6140.000,390.000,90.000,100.000,60,-1.000,-1.000
952,12.187559,12.212190,1,0,0,0,68.000,0,6500.000,700.000,110.000,6140.000,390.000,90.000,100.000,60,-1.000,-1.000
953,11.357512,12.309483,1,0,0,0,68.000,0,6500.000,700.000,110.000,6140.000,390.000,90.000,100.000,60,-1.000,-1.000
954,9.053380,11.329880,1,0,0,0,68.000,0,6500.000,700.000,110.000,6140.000,390.000,90.000,100.000,60,-1.000,-1.000
955,9.355516,9.053660,1,0,0,0,68.000,0,6500.000,700.000,110.000,6140.000,390.000,90.000,100.000,60,-1.000,-1.000
956,9.877319,9.388907,1,0,0,0,68.000,0,6500.000,700.000,110.000,6140.000,390.000,90.000,100.000,60,-1.000,-1.000
957,9.744286,9.840798,1,0,0,0,68.000,0,6500.000,700.000,110.000,6140.000,390.000,90.000,100.000,60,-1.000,-1.000
958,8.923137,9.747806,1,0,0,0,68.000,0,6500.000,700.000,110.000,6140.000,390.000,90.000,100.000,60,-1.000,-1.000
959,9.653103,8.923077,1,0,0,0,68.000,0,6500.000,700.000,110.000,6140.000,390.000,90.000,100.000,60,-1.000,-1.000
960,8.933307,9.655264,1,0,0,0,68.000,0,6500.000,700.000,110.000,6140.000,390.000,90.000,100.000,60,-1.000,-1.000
961,8.921258,8.959438,1,0,0,0,68.000,0,6500.000,700.000,110.000,6140.000,390.000,90.000,100.000,60,-1.000,-1.000
962,9.733445,8.932217,1,0,0,0,68.000,0,6500.000,700.000,110.000,6140.000,390.000,90.000,100.000,60,-1.000,-1.000
963,8.821726,9.703785,1,0,0,0,68.000,0,6500.000,700.000,110.000,6140.000,390.000,90.000,100.000,60,-1.000,-1.000
964,9.370776,8.816155,1,0,0,0,68.000,0,6500.000,700.000,110.000,6140.000,390.000,90.000,100.000,60,-1.000,-1.000
965,10.108554,9.443638,1,0,0,0,68.000,0,6500.000,700.000,110.000,6140.000,390.000,90.000,100.000,60,-1.000,-1.000
966,7.315462,10.054513,1,0,0,0,68.000,0,6500.000,700.000,110.000,6140.000,390.000,90.000,100.000,60,-1.000,-1.000
967,8.659101,8.334105,1,0,0,0,68.000,0,6500.000,700.000,110.000,6140.000,390.000,90.000,100.000,60,-1.000,-1.000
968,8.944968,8.334004,1,0,0,0,68.000,0,6500.000,700.000,110.000,6140.000,390.000,90.000,100.000,60,-1.000,-1.000
969,9.135392,8.334604,1,0,0,0,68.000,0,6500.000,700.000,110.000,6140.000,390.000,90.000,100.000,60,-1.000,-1.000
970,8.381826,9.075201,1,0,0,0,68.000,0,6500.000,700.000,110.000,6140.000,390.000,90.000,100.000,60,-1.000,-1.000
971,9.005629,8.339184,1,0,0,0,68.000,0,6500.000,700.000,110.000,6140.000,390.000,90.000,100.000,60,-1.000,-1.000
972,9.083741,8.999729,1,0,0,0,68.000,0,6500.000,700.000,110.000,6140.000,390.000,90.000,100.000,60,-1.000,-1.000
973,8.280983,9.125042,1,0,0,0,68.000,0,6500.000,700.000,110.000,6140.000,390.000,90.000,100.000,60,-1.000,-1.000
974,9.252594,8.346514,1,0,0,0,68.000,0,6500.000,700.000,110.000,6140.000,390.000,90.000,100.000,60,-1.000,-1.000
975,11.012424,9.172703,1,0,0,0,68.000,0,6500.000,700.000,110.000,6140.000,390.000,90.000,100.000,60,-1.000,-1.000
976,8.810805,11.010093,1,0,0,0,68.000,0,6500.000,700.000,110.000,6140.000,390.000,90.000,100.000,60,-1.000,-1.000
977,9.054950,8.830736,1,0,0,0,68.000,0,6500.000,700.000,110.000,6140.000,390.000,90.000,100.000,60,-1.000,-1.000
978,9.817347,9.032220,1,0,0,0,68.000,0,6500.000,700.000,110.000,6140.000,390.000,90.000,100.000,60,-1.000,-1.000
979,9.204663,9.797106,1,0,0,0,68.000,0,6500.000,700.000,110.000,6140.000,390.000,90.000,100.000,60,-1.000,-1.000
980,8.779885,9.228044,1,0,0,0,68.000,0,6500.000,700.000,110.000,6140.000,390.000,90.000,100.000,60,-1.000,-1.000
981,8.283893,8.787305,1,0,0,0,68.000,0,6500.000,700.000,110.000,6140.000,390.000,90.000,100.000,60,-1.000,-1.000
982,8.867306,8.335394,1,0,0,0,68.000,0,6500.000,700.000,110.000,6140.000,390.000,90.000,100.000,60,-1.000,-1.000
983,8.939788,8.811325,1,0,0,0,68.000,0,6500.000,700.000,110.000,6140.000,390.000,90.000,100.000,60,-1.000,-1.000
984,9.021829,8.914647,1,0,0,0,68.000,0,6500.000,700.000,110.000,6140.000,390.000,90.000,100.000,60,-1.000,-1.000
985,8.769024,9.021189,1,0,0,0,68.000,0,6500.000,700.000,110.000,6140.000,390.000,90.000,100.000,60,-1.000,-1.000
986,8.595840,8.757934,1,0,0,0,68.000,0,6500.000,700.000,110.000,6140.000,390.000,90.000,100.000,60,-1.000,-1.000
987,9.788466,8.616901,1,0,0,0,68.000,0,6500.000,700.000,110.000,6140.000,390.000,90.000,100.000,60,-1.000,-1.000
988,8.547370,9.801786,1,0,0,0,68.000,0,6500.000,700.000,110.000,6140.000,390.000,90.000,100.000,60,-1.000,-1.000
989,8.112299,8.520689,1,0,0,0,68.000,0,6500.000,700.000,110.000,6140.000,390.000,90.000,100.000,60,-1.000,-1.000
990,8.354055,8.359225,1,0,0,0,68.000,0,6500.000,700.000,110.000,6140.000,390.000,90.000,100.000,60,-1.000,-1.000
991,8.874046,8.334735,1,0,0,0,68.000,0,6500.000,700.000,110.000,6140.000,390.000,90.000,100.000,60,-1.000,-1.000
992,8.214361,8.702231,1,0,0,0,68.000,0,6500.000,700.000,110.000,6140.000,390.000,90.000,100.000,60,-1.000,-1.000
993,8.182341,8.335455,1,0,0,0,68.000,0,6500.000,700.000,110.000,6140.000,390.000,90.000,100.000,60,-1.000,-1.000
994,7.776502,8.334374,1,0,0,0,68.000,0,6500.000,700.000,110.000,6140.000,390.000,90.000,100.000,60,-1.000,-1.000
995,8.288463,8.334034,1,0,0,0,68.000,0,6500.000,700.000,110.000,6140.000,390.000,90.000,100.000,60,-1.000,-1.000
996,8.212463,8.334845,1,0,0,0,68.000,0,6500.000,700.000,110.000,6140.000,390.000,90.000,100.000,60,-1.000,-1.000
997,8.834375,8.334734,1,0,0,0,68.000,0,6500.000,700.000,110.000,6140.000,390.000,90.000,100.000,60,-1.000,-1.000
998,8.108740,8.335024,1,0,0,0,68.000,0,6500.000,700.000,110.000,6140.000,390.000,90.000,100.000,60,-1.000,-1.000
999,8.214081,8.334315,1,0,0,0,68.000,0,6500.000,700.000,110.000,6140.000,390.000,90.000,100.000,60,-1.000,-1.000
1000,8.313223,8.335104,1,0,0,0,68.000,0,6500.000,700.000,110.000,6140.000,390.000,90.000,100.000,60,-1.000,-1.000
1001,8.251803,8.334444,1,0,0,0,68.000,0,6500.000,700.000,110.000,6140.000,390.000,90.000,100.000,60,-1.000,-1.000
1002,9.769716,8.335105,1,0,0,0,68.000,0,6500.000,700.000,110.000,6140.000,390.000,90.000,100.000,60,-1.000,-1.000
1003,7.830413,8.790904,1,0,0,0,68.000,0,6500.000,700.000,110.000,6140.000,390.000,90.000,100.000,60,-1.000,-1.000
1004,8.005887,8.335515,1,0,0,0,68.000,0,6500.000,700.000,110.000,6140.000,390.000,90.000,100.000,60,-1.000,-1.000
1005,8.648722,8.335394,1,0,0,0,68.000,0,6500.000,700.000,110.000,6140.000,390.000,90.000,100.000,60,-1.000,-1.000
1006,8.808284,8.333784,1,0,0,0,68.000,0,6500.000,700.000,110.000,6140.000,390.000,90.000,100.000,60,-1.000,-1.000
1007,8.976068,8.334165,1,0,0,0,68.000,0,6500.000,700.000,110.000,6140.000,390.000,90.000,100.000,60,-1.000,-1.000
1008,9.851678,8.928297,1,0,0,0,68.000,0,6500.000,700.000,110.000,6140.000,390.000,90.000,100.000,60,-1.000,-1.000
1009,9.232154,9.847687,1,0,0,0,68.000,0,6500.000,700.000,110.000,6140.000,390.000,90.000,100.000,60,-1.000,-1.000
1010,9.611003,9.220615,1,0,0,0,68.000,0,6500.000,700.000,110.000,6140.000,390.000,90.000,100.000,60,-1.000,-1.000
1011,8.642082,9.633612,1,0,0,0,68.000,0,6500.000,700.000,110.000,6140.000,390.000,90.000,100.000,60,-1.000,-1.000
1012,8.850316,8.611281,1,0,0,0,68.000,0,6500.000,700.000,110.000,6140.000,390.000,90.000,100.000,60,-1.000,-1.000
1013,9.996931,8.847326,1,0,0,0,68.000,0,6500.000,700.000,110.000,6140.000,390.000,90.000,100.000,60,-1.000,-1.000
1014,9.516620,10.015411,1,0,0,0,68.000,0,6500.000,700.000,110.000,6140.000,390.000,90.000,100.000,60,-1.000,-1.000
1015,9.092251,9.523580,1,0,0,0,68.000,0,6500.000,700.000,110.000,6140.000,390.000,90.000,100.000,60,-1.000,-1.000
1016,8.936177,9.076851,1,0,0,0,68.000,0,6500.000,700.000,110.000,6140.000,390.000,90.000,100.000,60,-1.000,-1.000
1017,9.005459,8.958498,1,0,0,0,68.000,0,6500.000,700.000,110.000,6140.000,390.000,90.000,100.000,60,-1.000,-1.000
1018,8.951388,8.994389,1,0,0,0,68.000,0,6500.000,700.000,110.000,6140.000,390.000,90.000,100.000,60,-1.000,-1.000
1019,9.586293,8.954868,1,0,0,0,68.000,0,6500.000,700.000,110.000,6140.000,390.000,90.000,100.000,60,-1.000,-1.000
1020,8.644940,9.562702,1,0,0,0,68.000,0,6500.000,700.000,110.000,6140.000,390.000,90.000,100.000,60,-1.000,-1.000
1021,8.413487,8.646631,1,0,0,0,68.000,0,6500.000,700.000,110.000,6140.000,390.000,90.000,100.000,60,-1.000,-1.000
1022,8.738572,8.408766,1,0,0,0,68.000,0,6500.000,700.000,110.000,6140.000,390.000,90.000,100.000,60,-1.000,-1.000
1023,9.090552,8.738644,1,0,0,0,68.000,0,6500.000,700.000,110.000,6140.000,390.000,90.000,100.000,60,-1.000,-1.000
1024,8.460387,9.090261,1,0,0,0,68.000,0,6500.000,700.000,110.000,6140.000,390.000,90.000,100.000,60,-1.000,-1.000
1025,7.969736,8.490647,1,0,0,0,68.000,0,6500.000,700.000,110.000,6140.000,390.000,90.000,100.000,60,-1.000,-1.000
1026,8.213782,8.335135,1,0,0,0,68.000,0,6500.000,700.000,110.000,6140.000,390.000,90.000,100.000,60,-1.000,-1.000
1027,8.330894,8.334774,1,0,0,0,68.000,0,6500.000,700.000,110.000,6140.000,390.000,90.000,100.000,60,-1.000,-1.000
1028,8.031408,8.335574,1,0,0,0,68.000,0,6500.000,700.000,110.000,6140.000,390.000,90.000,100.000,60,-1.000,-1.000
1029,8.253382,8.335325,1,0,0,0,68.000,0,6500.000,700.000,110.000,6140.000,390.000,90.000,100.000,60,-1.000,-1.000
1030,7.852654,8.335264,1,0,0,0,68.000,0,6500.000,700.000,110.000,6140.000,390.000,90.000,100.000,60,-1.000,-1.000
1031,7.790572,8.334204,1,0,0,0,68.000,0,6500.000,700.000,110.000,6140.000,390.000,90.000,100.000,60,-1.000,-1.000
1032,7.973366,8.334475,1,0,0,0,68.000,0,6500.000,700.000,110.000,6140.000,390.000,90.000,100.000,60,-1.000,-1.000
1033,8.434667,8.334044,1,0,0,0,68.000,0,6500.000,700.000,110.000,6140.000,390.000,90.000,100.000,60,-1.000,-1.000
1034,7.588667,8.333874,1,0,0,0,68.000,0,6500.000,700.000,110.000,6140.000,390.000,90.000,100.000,60,-1.000,-1.000
1035,8.158832,8.334975,1,0,0,0,68.000,0,6500.000,700.000,110.000,6140.000,390.000,90.000,100.000,60,-1.000,-1.000
1036,8.053858,8.347524,1,0,0,0,68.000,0,6500.000,700.000,110.000,6140.000,390.000,90.000,100.000,60,-1.000,-1.000
1037,7.465524,8.335044,1,0,0,0,68.000,0,6500.000,700.000,110.000,6140.000,390.000,90.000,100.000,60,-1.000,-1.000
1038,7.517077,8.334915,1,0,0,0,68.000,0,6500.000,700.000,110.000,6140.000,390.000,90.000,100.000,60,-1.000,-1.000
1039,9.490239,8.334624,1,0,0,0,68.000,0,6500.000,700.000,110.000,6140.000,390.000,90.000,100.000,60,-1.000,-1.000
1040,7.825914,8.334574,1,0,0,0,68.000,0,6500.000,700.000,110.000,6140.000,390.000,90.000,100.000,60,-1.000,-1.000
1041,9.644863,8.334155,1,0,0,0,68.000,0,6500.000,700.000,110.000,6140.000,390.000,90.000,100.000,60,-1.000,-1.000
1042,10.940171,8.334624,1,0,0,0,68.000,0,6500.000,700.000,110.000,6140.000,390.000,90.000,100.000,60,-1.000,-1.000
1043,9.578873,8.334614,1,0,0,0,68.000,0,6500.000,700.000,110.000,6140.000,390.000,90.000,100.000,60,-1.000,-1.000
1044,11.317580,9.006329,1,0,0,0,68.000,0,6500.000,700.000,110.000,6140.000,390.000,90.000,100.000,60,-1.000,-1.000
1045,9.749505,11.322071,1,0,0,0,68.000,0,6500.000,700.000,110.000,6140.000,390.000,90.000,100.000,60,-1.000,-1.000
1046,9.629884,9.720894,1,0,0,0,68.000,0,6500.000,700.000,110.000,6140.000,390.000,90.000,100.000,60,-1.000,-1.000
1047,9.611742,9.624143,1,0,0,0,68.000,0,6500.000,700.000,110.000,6140.000,390.000,90.000,100.000,60,-1.000,-1.000
1048,10.284008,9.604832,1,0,0,0,68.000,0,6500.000,700.000,110.000,6140.000,390.000,90.000,100.000,60,-1.000,-1.000
1049,10.216016,10.299899,1,0,0,0,68.000,0,6500.000,700.000,110.000,6140.000,390.000,90.000,100.000,60,-1.000,-1.000
1050,9.442228,10.204335,1,0,0,0,68.000,0,6500.000,700.000,110.000,6140.000,390.000,90.000,100.000,60,-1.000,-1.000
1051,9.012999,9.439268,1,0,0,0,68.000,0,6500.000,700.000,110.000,6140.000,390.000,90.000,100.000,60,-1.000,-1.000
1052,9.624813,9.038290,1,0,0,0,68.000,0,6500.000,700.000,110.000,6140.000,390.000,90.000,100.000,60,-1.000,-1.000
1053,9.871859,9.661384,1,0,0,0,68.000,0,6500.000,700.000,110.000,6140.000,390.000,90.000,100.000,60,-1.000,-1.000
1054,9.883759,9.859468,1,0,0,0,68.000,0,6500.000,700.000,110.000,6140.000,390.000,90.000,100.000,60,-1.000,-1.000
1055,9.200323,9.891099,1,0,0,0,68.000,0,6500.000,700.000,110.000,6140.000,390.000,90.000,100.000,60,-1.000,-1.000
1056,11.335200,9.166573,1,0,0,0,68.000,0,6500.000,700.000,110.000,6140.000,390.000,90.000,100.000,60,-1.000,-1.000
1057,12.614669,11.352781,1,0,0,0,68.000,0,6500.000,700.000,110.000,6140.000,390.000,90.000,100.000,60,-1.000,-1.000
1058,11.277940,12.640580,26,0,0,0,68.000,0,6500.000,700.000,110.000,6140.000,390.000,90.000,100.000,60,-1.000,-1.000
1059,635.174306,11.252438,26,0,0,0,68.000,0,6500.000,700.000,110.000,6140.000,390.000,90.000,100.000,60,-1.000,-1.000
1060,5.871630,635.207207,26,0,0,0,68.000,0,6500.000,700.000,110.000,6140.000,390.000,90.000,100.000,60,-1.000,-1.000
1061,4.773645,8.334225,26,0,0,0,68.000,0,6500.000,700.000,110.000,6140.000,390.000,90.000,100.000,60,-1.000,-1.000
1062,9.579872,8.333734,26,0,0,0,68.000,0,6500.000,700.000,110.000,6140.000,390.000,90.000,100.000,60,-1.000,-1.000
1063,10.234066,8.334094,26,0,0,0,68.000,0,6500.000,700.000,110.000,6140.000,390.000,90.000,100.000,60,-1.000,-1.000
1064,9.769816,8.334135,26,0,0,0,68.000,0,6500.000,700.000,110.000,6140.000,390.000,90.000,100.000,60,-1.000,-1.000
1065,11.770121,8.335344,26,0,0,0,68.000,0,6500.000,700.000,110.000,6140.000,390.000,90.000,100.000,60,-1.000,-1.000
1066,11.170146,10.341418,26,0,0,0,68.000,0,6500.000,700.000,110.000,6140.000,390.000,90.000,100.000,60,-1.000,-1.000
1067,10.729208,11.169197,26,0,0,0,68.000,0,6500.000,700.000,110.000,6140.000,390.000,90.000,100.000,60,-1.000,-1.000
1068,11.114266,10.749258,26,0,0,0,68.000,0,6500.000,700.000,110.000,6140.000,390.000,90.000,100.000,60,-1.000,-1.000
1069,10.377399,11.094185,26,0,0,0,68.000,0,6500.000,700.000,110.000,6140.000,390.000,90.000,100.000,60,-1.000,-1.000
1070,11.210228,10.404021,2,0,0,0,68.000,0,6500.000,700.000,110.000,6140.000,390.000,90.000,100.000,60,-1.000,-1.000
1071,10.742247,11.229778,2,1,0,1,68.000,0,6500.000,700.000,110.000,6140.000,390.000,90.000,100.000,60,-1.000,-1.000
1072,11.379412,10.701187,2,1,0,1,68.000,0,6500.000,700.000,110.000,6140.000,390.000,90.000,100.000,60,-1.000,-1.000
1073,12.130169,11.400852,2,1,0,1,68.000,0,6500.000,700.000,110.000,6140.000,390.000,90.000,100.000,60,-1.000,-1.000
1074,11.122225,12.106027,2,1,0,1,68.000,0,6500.000,700.000,110.000,6140.000,390.000,90.000,100.000,60,-1.000,-1.000
1075,12.140499,11.113026,2,1,0,1,68.000,0,6500.000,700.000,110.000,6140.000,390.000,90.000,100.000,60,-1.000,-1.000
1076,12.319462,12.151738,2,1,0,1,68.000,0,6500.000,700.000,110.000,6140.000,390.000,90.000,100.000,60,-1.000,-1.000
1077,12.050516,12.328914,2,1,0,1,68.000,0,6500.000,700.000,110.000,6140.000,390.000,90.000,100.000,60,-1.000,-1.000
1078,12.213221,12.056006,2,1,0,1,68.000,0,6500.000,700.000,110.000,6140.000,390.000,90.000,100.000,60,-1.000,-1.000
1079,84.282884,12.228630,2,1,0,1,68.000,0,6500.000,700.000,110.000,6140.000,390.000,90.000,100.000,60,-1.000,-1.000
1080,11.729559,84.224553,2,1,0,1,68.000,0,6500.000,700.000,110.000,6140.000,390.000,90.000,100.000,60,-1.000,-1.000
1081,10.639615,11.709099,2,1,0,1,68.000,0,6500.000,700.000,110.000,6140.000,390.000,90.000,100.000,60,-1.000,-1.000
1082,11.141056,10.617674,2,1,0,1,68.000,0,6500.000,700.000,110.000,6140.000,390.000,90.000,100.000,60,-1.000,-1.000
1083,11.934344,11.143047,2,1,0,1,68.000,0,6500.000,700.000,110.000,6140.000,390.000,90.000,100.000,60,-1.000,-1.000
1084,11.853112,11.941443,2,1,0,1,68.000,0,6500.000,700.000,110.000,6140.000,390.000,90.000,100.000,60,-1.000,-1.000
1085,11.268619,11.850233,2,1,0,1,68.000,0,6500.000,700.000,110.000,6140.000,390.000,90.000,100.000,60,-1.000,-1.000
1086,11.622978,11.259839,2,1,0,1,68.000,0,6500.000,700.000,110.000,6140.000,390.000,90.000,100.000,60,-1.000,-1.000
1087,10.512423,11.624267,2,1,0,1,68.000,0,6500.000,700.000,110.000,6140.000,390.000,90.000,100.000,60,-1.000,-1.000
1088,11.377341,10.520883,2,1,0,1,68.000,0,6500.000,700.000,110.000,6140.000,390.000,90.000,100.000,60,-1.000,-1.000
1089,11.171347,11.360461,2,1,0,1,68.000,0,6500.000,700.000,110.000,6140.000,390.000,90.000,100.000,60,-1.000,-1.000
1090,11.907063,11.172507,2,1,0,1,68.000,0,6500.000,700.000,110.000,6140.000,390.000,90.000,100.000,60,-1.000,-1.000
1091,10.963843,11.911013,2,1,0,1,68.000,0,6500.000,700.000,110.000,6140.000,390.000,90.000,100.000,60,-1.000,-1.000
1092,11.692969,11.046385,2,1,0,1,68.000,0,6500.000,700.000,110.000,6140.000,390.000,90.000,100.000,60,-1.000,-1.000
1093,10.821708,11.618887,2,1,0,1,68.000,0,6500.000,700.000,110.000,6140.000,390.000,90.000,100.000,60,-1.000,-1.000
1094,11.515495,10.818579,2,1,0,1,68.000,0,6500.000,700.000,110.000,6140.000,390.000,90.000,100.000,60,-1.000,-1.000
1095,10.748808,11.517784,2,1,0,1,68.000,0,6500.000,700.000,110.000,6140.000,390.000,90.000,100.000,60,-1.000,-1.000
1096,11.285510,10.848240,2,1,0,1,68.000,0,6500.000,700.000,110.000,6140.000,390.000,90.000,100.000,60,-1.000,-1.000
1097,11.638697,11.219868,2,1,0,1,68.000,0,6500.000,700.000,110.000,6140.000,390.000,90.000,100.000,60,-1.000,-1.000
1098,11.700288,11.645518,2,1,0,1,68.000,0,6500.000,700.000,110.000,6140.000,390.000,90.000,100.000,60,-1.000,-1.000
1099,11.066725,11.688578,3,1,0,1,68.000,0,6500.000,700.000,110.000,6140.000,390.000,90.000,100.000,60,-1.000,-1.000
1100,11.020984,11.120747,3,1,0,1,68.000,0,6500.000,700.000,110.000,5900.000,390.000,90.000,100.000,60,-1.000,-1.000
1101,10.953112,11.004593,3,1,0,1,68.000,0,6500.000,700.000,110.000,5900.000,390.000,90.000,100.000,60,-1.000,-1.000
1102,11.444774,10.926092,3,1,0,1,68.000,0,6500.000,700.000,110.000,5900.000,390.000,90.000,100.000,60,-1.000,-1.000
1103,11.625866,11.474773,3,1,0,1,68.000,0,6500.000,700.000,110.000,5900.000,390.000,90.000,100.000,60,-1.000,-1.000
1104,11.987925,11.619057,3,1,0,1,68.000,0,6500.000,700.000,110.000,5900.000,390.000,90.000,100.000,60,-1.000,-1.000
1105,11.778281,12.135349,3,1,0,1,68.000,0,6500.000,700.000,110.000,5900.000,390.000,90.000,100.000,60,-1.000,-1.000
1106,11.096925,11.650557,3,1,0,1,68.000,0,6500.000,700.000,110.000,5900.000,390.000,90.000,100.000,60,-1.000,-1.000
1107,11.147897,11.110665,3,1,0,1,68.000,0,6500.000,700.000,110.000,5900.000,390.000,90.000,100.000,60,-1.000,-1.000
1108,10.923541,11.188869,3,1,0,1,68.000,0,6500.000,700.000,110.000,5900.000,390.000,90.000,100.000,60,-1.000,-1.000
1109,11.256560,10.894141,3,1,0,1,68.000,0,6500.000,700.000,110.000,5900.000,390.000,90.000,100.000,60,-1.000,-1.000
1110,11.900232,11.265598,3,1,0,1,68.000,0,6500.000,700.000,110.000,5900.000,390.000,90.000,100.000,60,-1.000,-1.000
1111,12.895335,11.943895,3,1,0,1,68.000,0,6500.000,700.000,110.000,5900.000,390.000,90.000,100.000,60,-1.000,-1.000
1112,12.028416,12.859744,3,1,0,1,68.000,0,6500.000,700.000,110.000,5900.000,390.000,90.000,100.000,60,-1.000,-1.000
1113,13.323276,12.046356,3,1,0,1,68.000,0,6500.000,700.000,110.000,5900.000,390.000,90.000,100.000,60,-1.000,-1.000
1114,12.794942,13.294654,3,1,0,1,68.000,0,6500.000,700.000,110.000,5900.000,390.000,90.000,100.000,60,-1.000,-1.000
1115,12.194090,12.824214,3,1,0,1,68.000,0,6500.000,700.000,110.000,5900.000,390.000,90.000,100.000,60,-1.000,-1.000
1116,11.906654,12.175349,3,1,0,1,68.000,0,6500.000,700.000,110.000,5900.000,390.000,90.000,100.000,60,-1.000,-1.000
1117,12.608018,11.891573,3,1,0,1,68.000,0,6500.000,700.000,110.000,5900.000,390.000,90.000,100.000,60,-1.000,-1.000
1118,12.153238,12.598028,3,1,0,1,68.000,0,6500.000,700.000,110.000,5900.000,390.000,90.000,100.000,60,-1.000,-1.000
1119,12.620210,12.190330,3,1,0,1,68.000,0,6500.000,700.000,110.000,5900.000,390.000,90.000,100.000,60,-1.000,-1.000
1120,12.101257,12.589458,3,1,0,1,68.000,0,6500.000,700.000,110.000,5900.000,390.000,90.000,100.000,60,-1.000,-1.000
1121,12.322113,12.106148,3,1,0,1,68.000,0,6500.000,700.000,110.000,5900.000,390.000,90.000,100.000,60,-1.000,-1.000
1122,12.191160,12.361594,3,1,0,1,68.000,0,6500.000,700.000,110.000,5900.000,390.000,90.000,100.000,60,-1.000,-1.000
1123,13.210432,12.149158,3,1,0,1,68.000,0,6500.000,700.000,110.000,5900.000,390.000,90.000,100.000,60,-1.000,-1.000
1124,12.502636,13.241853,3,1,0,1,68.000,0,6500.000,700.000,110.000,5900.000,390.000,90.000,100.000,60,-1.000,-1.000
1125,12.274932,12.543368,3,1,0,1,68.000,0,6500.000,700.000,110.000,5900.000,390.000,90.000,100.000,60,-1.000,-1.000
1126,13.487878,12.224970,3,1,0,1,68.000,0,6500.000,700.000,110.000,5900.000,390.000,90.000,100.000,60,-1.000,-1.000
1127,12.530587,13.441117,3,1,0,1,68.000,0,6500.000,700.000,110.000,5900.000,390.000,90.000,100.000,60,-1.000,-1.000
1128,12.509547,12.534237,3,1,0,1,68.000,0,6500.000,700.000,110.000,5900.000,390.000,90.000,100.000,60,-1.000,-1.000
1129,12.473356,12.504306,3,1,0,1,68.000,0,6500.000,700.000,110.000,5900.000,390.000,90.000,100.000,60,-1.000,-1.000
1130,12.005425,12.470627,3,1,0,1,68.000,0,6500.000,700.000,110.000,5900.000,390.000,90.000,100.000,60,-1.000,-1.000
1131,12.781072,12.023426,3,1,0,1,68.000,0,6500.000,700.000,110.000,5900.000,390.000,90.000,100.000,60,-1.000,-1.000
1132,12.964637,12.797243,3,1,0,1,68.000,0,6500.000,700.000,110.000,5900.000,390.000,90.000,100.000,60,-1.000,-1.000
1133,12.772113,12.967637,3,1,0,1,68.000,0,6500.000,700.000,110.000,5900.000,390.000,90.000,100.000,60,-1.000,-1.000
1134,12.536737,12.725190,3,1,0,1,68.000,0,6500.000,700.000,110.000,5900.000,390.000,90.000,100.000,60,-1.000,-1.000
1135,13.337495,12.547158,3,1,0,1,68.000,0,6500.000,700.000,110.000,5900.000,390.000,90.000,100.000,60,-1.000,-1.000
1136,12.927706,13.340935,3,1,0,1,68.000,0,6500.000,700.000,110.000,5900.000,390.000,90.000,100.000,60,-1.000,-1.000
1137,13.247213,12.909615,3,1,0,1,68.000,0,6500.000,700.000,110.000,5900.000,390.000,90.000,100.000,60,-1.000,-1.000
1138,12.580758,13.254453,3,1,0,1,68.000,0,6500.000,700.000,110.000,5900.000,390.000,90.000,100.000,60,-1.000,-1.000
1139,13.145721,12.600679,3,1,0,1,68.000,0,6500.000,700.000,110.000,5900.000,390.000,90.000,100.000,60,-1.000,-1.000
1140,13.162241,13.166331,3,1,0,1,68.000,0,6500.000,700.000,110.000,5900.000,390.000,90.000,100.000,60,-1.000,-1.000
1141,13.656022,13.181752,3,1,0,1,68.000,0,6500.000,700.000,110.000,5900.000,390.000,90.000,100.000,60,-1.000,-1.000
1142,12.758341,13.665672,3,1,0,1,68.000,0,6500.000,700.000,110.000,5900.000,390.000,90.000,100.000,60,-1.000,-1.000
1143,13.440438,12.764393,3,1,0,1,68.000,0,6500.000,700.000,110.000,5900.000,390.000,90.000,100.000,60,-1.000,-1.000
1144,13.584860,13.455327,3,1,0,1,68.000,0,6500.000,700.000,110.000,5900.000,390.000,90.000,100.000,60,-1.000,-1.000
1145,14.118742,13.582631,3,1,0,1,68.000,0,6500.000,700.000,110.000,5900.000,390.000,90.000,100.000,60,-1.000,-1.000
1146,13.365546,14.070071,3,1,0,1,68.000,0,6500.000,700.000,110.000,5900.000,390.000,90.000,100.000,60,-1.000,-1.000
1147,12.455375,13.371725,3,1,0,1,68.000,0,6500.000,700.000,110.000,5900.000,390.000,90.000,100.000,60,-1.000,-1.000
1148,12.187150,12.469076,3,1,0,1,68.000,0,6500.000,700.000,110.000,5900.000,390.000,90.000,100.000,60,-1.000,-1.000
1149,12.615469,12.172499,3,1,0,1,68.000,0,6500.000,700.000,110.000,5900.000,390.000,90.000,100.000,60,-1.000,-1.000
1150,12.658730,12.603738,3,1,0,1,68.000,0,6500.000,700.000,110.000,5900.000,390.000,90.000,100.000,60,-1.000,-1.000
1151,12.815744,12.668571,3,1,0,1,68.000,0,6500.000,700.000,110.000,5900.000,390.000,90.000,100.000,60,-1.000,-1.000
1152,12.170039,12.827824,3,1,0,1,68.000,0,6500.000,700.000,110.000,5900.000,390.000,90.000,100.000,60,-1.000,-1.000
1153,11.805160,12.167029,3,1,0,1,68.000,0,6500.000,700.000,110.000,5900.000,390.000,90.000,100.000,60,-1.000,-1.000
1154,13.242034,11.801891,3,1,0,1,68.000,0,6500.000,700.000,110.000,5900.000,390.000,90.000,100.000,60,-1.000,-1.000
1155,13.013797,13.244462,3,1,0,1,68.000,0,6500.000,700.000,110.000,5900.000,390.000,90.000,100.000,60,-1.000,-1.000
1156,11.892183,13.010578,3,1,0,1,68.000,0,6500.000,700.000,110.000,5900.000,390.000,90.000,100.000,60,-1.000,-1.000
1157,12.053797,11.899993,3,1,0,1,68.000,0,6500.000,700.000,110.000,5900.000,390.000,90.000,100.000,60,-1.000,-1.000
1158,12.936666,12.026536,3,1,0,1,68.000,0,6500.000,700.000,110.000,5900.000,390.000,90.000,100.000,60,-1.000,-1.000
1159,12.492296,12.948817,3,1,0,1,68.000,0,6500.000,700.000,110.000,5900.000,390.000,90.000,100.000,60,-1.000,-1.000
1160,12.861554,12.527076,3,1,0,1,68.000,0,6500.000,700.000,110.000,5900.000,390.000,90.000,100.000,60,-1.000,-1.000
1161,12.502126,12.837394,3,1,0,1,68.000,0,6500.000,700.000,110.000,5900.000,390.000,90.000,100.000,60,-1.000,-1.000
1162,12.116999,12.484647,3,1,0,1,68.000,0,6500.000,700.000,110.000,5900.000,390.000,90.000,100.000,60,-1.000,-1.000
1163,12.544887,12.116368,3,1,0,1,68.000,0,6500.000,700.000,110.000,5900.000,390.000,90.000,100.000,60,-1.000,-1.000
1164,12.693561,12.609108,3,1,0,1,68.000,0,6500.000,700.000,110.000,5900.000,390.000,90.000,100.000,60,-1.000,-1.000
1165,12.128838,12.617259,3,1,0,1,68.000,0,6500.000,700.000,110.000,5900.000,390.000,90.000,100.000,60,-1.000,-1.000
1166,12.837454,12.149949,3,1,0,1,68.000,0,6500.000,700.000,110.000,5900.000,390.000,90.000,100.000,60,-1.000,-1.000
1167,12.813694,12.843254,3,1,0,1,68.000,0,6500.000,700.000,110.000,5900.000,390.000,90.000,100.000,60,-1.000,-1.000
1168,12.594448,12.809073,3,1,0,1,68.000,0,6500.000,700.000,110.000,5900.000,390.000,90.000,100.000,60,-1.000,-1.000
1169,12.542098,12.637559,3,1,0,1,68.000,0,6500.000,700.000,110.000,5900.000,390.000,90.000,100.000,60,-1.000,-1.000
1170,12.737470,12.492847,3,1,0,1,68.000,0,6500.000,700.000,110.000,5900.000,390.000,90.000,100.000,60,-1.000,-1.000
1171,11.974795,12.750392,3,1,0,1,68.000,0,6500.000,700.000,110.000,5900.000,390.000,90.000,100.000,60,-1.000,-1.000
1172,11.650228,11.973405,3,1,0,1,68.000,0,6500.000,700.000,110.000,5900.000,390.000,90.000,100.000,60,-1.000,-1.000
1173,12.040317,11.681758,3,1,0,1,68.000,0,6500.000,700.000,110.000,5900.000,390.000,90.000,100.000,60,-1.000,-1.000
1174,14.577602,12.029146,3,1,0,1,68.000,0,6500.000,700.000,110.000,5900.000,390.000,90.000,100.000,60,-1.000,-1.000
1175,12.498746,14.516911,3,1,0,1,68.000,0,6500.000,700.000,110.000,5900.000,390.000,90.000,100.000,60,-1.000,-1.000
1176,12.101958,12.536027,3,1,0,1,68.000,0,6500.000,700.000,110.000,5900.000,390.000,90.000,100.000,60,-1.000,-1.000
1177,11.526975,12.118309,3,1,0,1,68.000,0,6500.000,700.000,110.000,5900.000,390.000,90.000,100.000,60,-1.000,-1.000
1178,11.725629,11.546025,3,1,0,1,68.000,0,6500.000,700.000,110.000,5900.000,390.000,90.000,100.000,60,-1.000,-1.000
1179,16.950875,11.668528,3,1,0,1,68.000,0,6500.000,700.000,110.000,5900.000,390.000,90.000,100.000,60,-1.000,-1.000
1180,12.348973,17.001286,4,1,0,1,68.000,0,6500.000,700.000,110.000,5900.000,390.000,90.000,100.000,60,-1.000,-1.000
1181,12.610469,12.311272,4,1,0,1,68.000,0,6500.000,700.000,110.000,6200.000,610.000,90.000,100.000,60,-1.000,-1.000
1182,13.624521,12.649940,4,1,0,1,68.000,0,6500.000,700.000,110.000,6200.000,610.000,90.000,100.000,60,-1.000,-1.000
1183,14.301306,13.647561,4,1,0,1,68.000,0,6500.000,700.000,110.000,6200.000,610.000,90.000,100.000,60,-1.000,-1.000
1184,12.762303,14.273396,4,1,0,1,68.000,0,6500.000,700.000,110.000,6200.000,610.000,90.000,100.000,60,-1.000,-1.000
1185,12.004395,12.772282,4,1,0,1,68.000,0,6500.000,700.000,110.000,6200.000,610.000,90.000,100.000,60,-1.000,-1.000
1186,12.487897,12.008756,4,1,0,1,68.000,0,6500.000,700.000,110.000,6200.000,610.000,90.000,100.000,60,-1.000,-1.000
1187,12.582928,12.439695,4,1,0,1,68.000,0,6500.000,700.000,110.000,6200.000,610.000,90.000,100.000,60,-1.000,-1.000
1188,12.818373,12.595988,4,1,0,1,68.000,0,6500.000,700.000,110.000,6200.000,610.000,90.000,100.000,60,-1.000,-1.000
1189,11.976565,12.782693,4,1,0,1,68.000,0,6500.000,700.000,110.000,6200.000,610.000,90.000,100.000,60,-1.000,-1.000
1190,13.074659,11.974775,4,1,0,1,68.000,0,6500.000,700.000,110.000,6200.000,610.000,90.000,100.000,60,-1.000,-1.000
1191,13.159851,13.149831,4,1,0,1,68.000,0,6500.000,700.000,110.000,6200.000,610.000,90.000,100.000,60,-1.000,-1.000
1192,13.021458,13.160711,4,1,0,1,68.000,0,6500.000,700.000,110.000,6200.000,610.000,90.000,100.000,60,-1.000,-1.000
1193,12.378584,13.054588,4,1,0,1,68.000,0,6500.000,700.000,110.000,6200.000,610.000,90.000,100.000,60,-1.000,-1.000
1194,11.776820,12.323543,4,1,0,1,68.000,0,6500.000,700.000,110.000,6200.000,610.000,90.000,100.000,60,-1.000,-1.000
1195,12.142268,11.775381,4,1,0,1,68.000,0,6500.000,700.000,110.000,6200.000,610.000,90.000,100.000,60,-1.000,-1.000
1196,12.220901,12.091987,4,1,0,1,68.000,0,6500.000,700.000,110.000,6200.000,610.000,90.000,100.000,60,-1.000,-1.000
1197,12.595458,12.221260,4,1,0,1,68.000,0,6500.000,700.000,110.000,6200.000,610.000,90.000,100.000,60,-1.000,-1.000
1198,12.595909,12.631329,4,1,0,1,68.000,0,6500.000,700.000,110.000,6200.000,610.000,90.000,100.000,60,-1.000,-1.000
1199,12.599128,12.632840,4,1,0,1,68.000,0,6500.000,700.000,110.000,6200.000,610.000,90.000,100.000,60,-1.000,-1.000
1200,12.688621,12.588649,4,1,0,1,68.000,0,6500.000,700.000,110.000,6200.000,610.000,90.000,100.000,60,-1.000,-1.000
1201,13.676213,12.661729,4,1,0,1,68.000,0,6500.000,700.000,110.000,6200.000,610.000,90.000,100.000,60,-1.000,-1.000
1202,12.624348,13.647092,4,1,0,1,68.000,0,6500.000,700.000,110.000,6200.000,610.000,90.000,100.000,60,-1.000,-1.000
1203,14.095062,12.628570,4,1,0,1,68.000,0,6500.000,700.000,110.000,6200.000,610.000,90.000,100.000,60,-1.000,-1.000
1204,13.585251,14.132092,4,1,0,1,68.000,0,6500.000,700.000,110.000,6200.000,610.000,90.000,100.000,60,-1.000,-1.000
1205,13.106510,13.586740,4,1,0,1,68.000,0,6500.000,700.000,110.000,6200.000,610.000,90.000,100.000,60,-1.000,-1.000
1206,12.903285,13.119920,4,1,0,1,68.000,0,6500.000,700.000,110.000,6200.000,610.000,90.000,100.000,60,-1.000,-1.000
1207,12.281821,12.909045,4,1,0,1,68.000,0,6500.000,700.000,110.000,6200.000,610.000,90.000,100.000,60,-1.000,-1.000
1208,13.687183,12.259642,4,1,0,1,68.000,0,6500.000,700.000,110.000,6200.000,610.000,90.000,100.000,60,-1.000,-1.000
1209,12.921546,13.746674,4,1,0,1,68.000,0,6500.000,700.000,110.000,6200.000,610.000,90.000,100.000,60,-1.000,-1.000
1210,13.232333,12.849204,4,1,0,1,68.000,0,6500.000,700.000,110.000,6200.000,610.000,90.000,100.000,60,-1.000,-1.000
1211,14.380548,13.189931,4,1,0,1,68.000,0,6500.000,700.000,110.000,6200.000,610.000,90.000,100.000,60,-1.000,-1.000
1212,13.598110,14.385199,4,1,0,1,68.000,0,6500.000,700.000,110.000,6200.000,610.000,90.000,100.000,60,-1.000,-1.000
1213,14.055361,13.607660,4,1,0,1,68.000,0,6500.000,700.000,110.000,6200.000,610.000,90.000,100.000,60,-1.000,-1.000
1214,13.603051,14.083582,4,1,0,1,68.000,0,6500.000,700.000,110.000,6200.000,610.000,90.000,100.000,60,-1.000,-1.000
1215,13.582370,13.558620,4,1,0,1,68.000,0,6500.000,700.000,110.000,6200.000,610.000,90.000,100.000,60,-1.000,-1.000
1216,13.985069,13.598361,4,1,0,1,68.000,0,6500.000,700.000,110.000,6200.000,610.000,90.000,100.000,60,-1.000,-1.000
1217,13.796576,13.972269,4,1,0,1,68.000,0,6500.000,700.000,110.000,6200.000,610.000,90.000,100.000,60,-1.000,-1.000
1218,13.101399,13.806755,4,1,0,1,68.000,0,6500.000,700.000,110.000,6200.000,610.000,90.000,100.000,60,-1.000,-1.000
1219,14.066571,13.097159,4,1,0,1,68.000,0,6500.000,700.000,110.000,6200.000,610.000,90.000,100.000,60,-1.000,-1.000
1220,13.323586,14.077162,4,1,0,1,68.000,0,6500.000,700.000,110.000,6200.000,610.000,90.000,100.000,60,-1.000,-1.000
1221,13.280123,13.306014,4,1,0,1,68.000,0,6500.000,700.000,110.000,6200.000,610.000,90.000,100.000,60,-1.000,-1.000
1222,13.197102,13.320755,4,1,0,1,68.000,0,6500.000,700.000,110.000,6200.000,610.000,90.000,100.000,60,-1.000,-1.000
1223,12.924165,13.188471,4,1,0,1,68.000,0,6500.000,700.000,110.000,6200.000,610.000,90.000,100.000,60,-1.000,-1.000
1224,13.273314,12.921896,4,1,0,1,68.000,0,6500.000,700.000,110.000,6200.000,610.000,90.000,100.000,60,-1.000,-1.000
1225,13.295004,13.258283,4,1,0,1,68.000,0,6500.000,700.000,110.000,6200.000,610.000,90.000,100.000,60,-1.000,-1.000
1226,13.422757,13.309945,4,1,0,1,68.000,0,6500.000,700.000,110.000,6200.000,610.000,90.000,100.000,60,-1.000,-1.000
1227,13.392166,13.572759,4,1,0,1,68.000,0,6500.000,700.000,110.000,6200.000,610.000,90.000,100.000,60,-1.000,-1.000
1228,13.710843,13.234914,4,1,0,1,68.000,0,6500.000,700.000,110.000,6200.000,610.000,90.000,100.000,60,-1.000,-1.000
1229,17.868715,13.750543,4,1,0,1,68.000,0,6500.000,700.000,110.000,6200.000,610.000,90.000,100.000,60,-1.000,-1.000
1230,14.969371,17.924887,4,1,0,1,68.000,0,6500.000,700.000,110.000,6200.000,610.000,90.000,100.000,60,-1.000,-1.000
1231,14.166464,14.857898,4,1,0,1,68.000,0,6500.000,700.000,110.000,6200.000,610.000,90.000,100.000,60,-1.000,-1.000
1232,12.782392,14.225055,4,1,0,1,68.000,0,6500.000,700.000,110.000,6200.000,610.000,90.000,100.000,60,-1.000,-1.000
1233,12.217200,12.759922,4,1,0,1,68.000,0,6500.000,700.000,110.000,6200.000,610.000,90.000,100.000,60,-1.000,-1.000
1234,12.000866,12.165029,4,1,0,1,68.000,0,6500.000,700.000,110.000,6200.000,610.000,90.000,100.000,60,-1.000,-1.000
1235,12.428824,12.093347,4,1,0,1,68.000,0,6500.000,700.000,110.000,6200.000,610.000,90.000,100.000,60,-1.000,-1.000
1236,10.236697,12.329534,4,1,0,1,68.000,0,6500.000,700.000,110.000,6200.000,610.000,90.000,100.000,60,-1.000,-1.000
1237,9.733395,10.273107,4,1,0,1,68.000,0,6500.000,700.000,110.000,6200.000,610.000,90.000,100.000,60,-1.000,-1.000
1238,9.746346,9.689074,4,1,0,1,68.000,0,6500.000,700.000,110.000,6200.000,610.000,90.000,100.000,60,-1.000,-1.000
1239,9.513240,9.747425,4,1,0,1,68.000,0,6500.000,700.000,110.000,6200.000,610.000,90.000,100.000,60,-1.000,-1.000
1240,9.955751,9.539471,4,1,0,1,68.000,0,6500.000,700.000,110.000,6200.000,610.000,90.000,100.000,60,-1.000,-1.000
1241,10.165954,9.953211,4,1,0,1,68.000,0,6500.000,700.000,110.000,6200.000,610.000,90.000,100.000,60,-1.000,-1.000
1242,10.167095,10.193345,4,1,0,1,68.000,0,6500.000,700.000,110.000,6200.000,610.000,90.000,100.000,60,-1.000,-1.000
1243,10.686807,10.141394,4,1,0,1,68.000,0,6500.000,700.000,110.000,6200.000,610.000,90.000,100.000,60,-1.000,-1.000
1244,11.192887,10.737218,4,1,0,1,68.000,0,6500.000,700.000,110.000,6200.000,610.000,90.000,100.000,60,-1.000,-1.000
1245,10.401960,11.156596,4,1,0,1,68.000,0,6500.000,700.000,110.000,6200.000,610.000,90.000,100.000,60,-1.000,-1.000
1246,9.961690,10.394540,4,1,0,1,68.000,0,6500.000,700.000,110.000,6200.000,610.000,90.000,100.000,60,-1.000,-1.000
1247,10.145434,9.974660,4,1,0,1,68.000,0,6500.000,700.000,110.000,6200.000,610.000,90.000,100.000,60,-1.000,-1.000
1248,10.221877,10.145705,4,1,0,1,68.000,0,6500.000,700.000,110.000,6200.000,610.000,90.000,100.000,60,-1.000,-1.000
1249,10.170075,10.229596,4,1,0,1,68.000,0,6500.000,700.000,110.000,6200.000,610.000,90.000,100.000,60,-1.000,-1.000
1250,10.412690,10.131324,4,1,0,1,68.000,0,6500.000,700.000,110.000,6200.000,610.000,90.000,100.000,60,-1.000,-1.000
1251,11.061444,10.392280,4,1,0,1,68.000,0,6500.000,700.000,110.000,6200.000,610.000,90.000,100.000,60,-1.000,-1.000
1252,12.271821,11.058234,4,1,0,1,68.000,0,6500.000,700.000,110.000,6200.000,610.000,90.000,100.000,60,-1.000,-1.000
1253,10.641866,12.237232,4,1,0,1,68.000,0,6500.000,700.000,110.000,6200.000,610.000,90.000,100.000,60,-1.000,-1.000
1254,11.501125,10.645004,4,1,0,1,68.000,0,6500.000,700.000,110.000,6200.000,610.000,90.000,100.000,60,-1.000,-1.000
1255,11.247648,11.659379,4,1,0,1,68.000,0,6500.000,700.000,110.000,6200.000,610.000,90.000,100.000,60,-1.000,-1.000
1256,10.442351,11.097755,4,1,0,1,68.000,0,6500.000,700.000,110.000,6200.000,610.000,90.000,100.000,60,-1.000,-1.000
1257,9.993621,10.439230,4,1,0,1,68.000,0,6500.000,700.000,110.000,6200.000,610.000,90.000,100.000,60,-1.000,-1.000
1258,9.682404,10.018892,4,1,0,1,68.000,0,6500.000,700.000,110.000,6200.000,610.000,90.000,100.000,60,-1.000,-1.000
1259,10.623825,9.654814,4,1,0,1,68.000,0,6500.000,700.000,110.000,6200.000,610.000,90.000,100.000,60,-1.000,-1.000
1260,11.881352,10.628025,4,1,0,1,68.000,0,6500.000,700.000,110.000,6200.000,610.000,90.000,100.000,60,-1.000,-1.000
1261,11.394243,11.886633,5,1,0,1,68.000,0,6500.000,700.000,110.000,6200.000,610.000,90.000,100.000,60,-1.000,-1.000
1262,8.886716,11.591906,5,1,0,2,34.000,0,6500.000,700.000,110.000,6200.000,610.000,90.000,100.000,59,-1.000,-1.000
1263,10.701696,8.828655,5,1,0,2,34.000,0,6500.000,700.000,110.000,6200.000,610.000,90.000,100.000,59,-1.000,-1.000
1264,13.481479,10.630226,5,1,0,2,34.000,0,6500.000,700.000,110.000,6200.000,610.000,90.000,100.000,59,-1.000,-1.000
1265,12.622229,13.469537,5,1,0,2,34.000,0,6500.000,700.000,110.000,6200.000,610.000,90.000,100.000,59,-1.000,-1.000
1266,12.764592,12.615279,5,1,0,2,34.000,0,6500.000,700.000,110.000,6200.000,610.000,90.000,100.000,59,-1.000,-1.000
1267,12.192680,12.793374,5,1,0,2,34.000,0,6500.000,700.000,110.000,6200.000,610.000,90.000,100.000,59,-1.000,-1.000
1268,11.711309,12.193379,5,1,0,2,34.000,0,6500.000,700.000,110.000,6200.000,610.000,90.000,100.000,59,-1.000,-1.000
1269,11.607407,11.669657,5,1,0,2,34.000,0,6500.000,700.000,110.000,6200.000,610.000,90.000,100.000,59,-1.000,-1.000
1270,12.478975,11.636418,6,1,0,2,34.000,0,6500.000,700.000,110.000,6200.000,610.000,90.000,100.000,59,-1.000,-1.000
1271,157.656007,12.450995,6,1,0,2,34.000,0,6500.000,700.000,110.000,6200.000,610.000,90.000,100.000,59,-1.000,-1.000
1272,9.321046,157.599626,6,1,0,2,34.000,0,6500.000,700.000,110.000,6200.000,610.000,90.000,100.000,59,-1.000,-1.000
1273,2.864513,9.325625,6,1,0,2,34.000,0,6500.000,700.000,110.000,6200.000,610.000,90.000,100.000,59,-1.000,-1.000
1274,13.675333,8.333925,6,1,0,2,34.000,0,6500.000,700.000,110.000,6200.000,610.000,90.000,100.000,59,-1.000,-1.000
1275,12.772862,8.333714,6,1,0,2,34.000,0,6500.000,700.000,110.000,6200.000,610.000,90.000,100.000,59,-1.000,-1.000
1276,13.045648,12.647300,6,1,0,2,34.000,0,6500.000,700.000,110.000,6200.000,610.000,90.000,100.000,59,-1.000,-1.000
1277,12.549648,13.086400,6,1,0,2,34.000,0,6500.000,700.000,110.000,6200.000,610.000,90.000,100.000,59,-1.000,-1.000
1278,13.974509,12.507596,6,1,0,2,34.000,0,6500.000,700.000,110.000,6200.000,610.000,90.000,100.000,59,-1.000,-1.000
1279,12.863935,13.971279,6,1,0,2,34.000,0,6500.000,700.000,110.000,6200.000,610.000,90.000,100.000,59,-1.000,-1.000
1280,12.665170,12.874715,6,1,0,2,34.000,0,6500.000,700.000,110.000,6200.000,610.000,90.000,100.000,59,-1.000,-1.000
1281,13.843656,12.814393,6,1,0,2,34.000,0,6500.000,700.000,110.000,6200.000,610.000,90.000,100.000,59,-1.000,-1.000
1282,12.952276,13.777675,6,1,0,2,34.000,0,6500.000,700.000,110.000,6200.000,610.000,90.000,100.000,59,-1.000,-1.000
1283,13.368246,12.903095,6,1,0,2,34.000,0,6500.000,700.000,110.000,6200.000,610.000,90.000,100.000,59,-1.000,-1.000
1284,13.592740,13.393026,6,1,0,2,34.000,0,6500.000,700.000,110.000,6200.000,610.000,90.000,100.000,59,-1.000,-1.000
1285,12.377265,13.578650,6,1,0,2,34.000,0,6500.000,700.000,110.000,6200.000,610.000,90.000,100.000,59,-1.000,-1.000
1286,11.312660,12.403045,6,1,0,2,34.000,0,6500.000,700.000,110.000,6200.000,610.000,90.000,100.000,59,-1.000,-1.000
1287,11.366251,11.264599,6,1,0,2,34.000,0,6500.000,700.000,110.000,6200.000,610.000,90.000,100.000,59,-1.000,-1.000
1288,11.368012,11.416683,6,1,0,2,34.000,0,6500.000,700.000,110.000,6200.000,610.000,90.000,100.000,59,-1.000,-1.000
1289,11.248088,11.354220,6,1,0,2,34.000,0,6500.000,700.000,110.000,6200.000,610.000,90.000,100.000,59,-1.000,-1.000
1290,12.388094,11.213008,6,1,0,2,34.000,0,6500.000,700.000,110.000,6200.000,610.000,90.000,100.000,59,-1.000,-1.000
1291,12.993497,12.409505,6,1,0,2,34.000,0,6500.000,700.000,110.000,6200.000,610.000,90.000,100.000,59,-1.000,-1.000
1292,12.821784,12.993787,6,1,0,2,34.000,0,6500.000,700.000,110.000,6200.000,610.000,90.000,100.000,59,-1.000,-1.000
1293,12.356363,12.814823,6,1,0,2,34.000,0,6500.000,700.000,110.000,6200.000,610.000,90.000,100.000,59,-1.000,-1.000
1294,14.114423,12.399365,6,1,0,2,34.000,0,6500.000,700.000,110.000,6200.000,610.000,90.000,100.000,59,-1.000,-1.000
1295,13.217532,14.151813,6,1,0,2,34.000,0,6500.000,700.000,110.000,6200.000,610.000,90.000,100.000,59,-1.000,-1.000
1296,12.192829,13.225722,6,1,0,2,34.000,0,6500.000,700.000,110.000,6200.000,610.000,90.000,100.000,59,-1.000,-1.000
1297,12.284621,12.159769,6,1,0,2,34.000,0,6500.000,700.000,110.000,6200.000,610.000,90.000,100.000,59,-1.000,-1.000
1298,12.229961,12.228750,6,1,0,2,34.000,0,6500.000,700.000,110.000,6200.000,610.000,90.000,100.000,59,-1.000,-1.000
1299,13.296864,12.258862,6,1,0,2,34.000,0,6500.000,700.000,110.000,6200.000,610.000,90.000,100.000,59,-1.000,-1.000
1300,12.642019,13.262103,7,1,0,2,34.000,0,6500.000,700.000,110.000,6200.000,610.000,90.000,100.000,59,-1.000,-1.000
1301,12.499427,12.638000,7,1,0,3,0.000,1,6504.997,700.000,110.849,6200.000,610.000,90.000,100.000,58,-1.000,-1.000
1302,13.021538,12.515126,7,1,0,3,0.000,1,6509.896,700.000,111.528,6200.000,610.000,90.000,100.000,58,-1.000,-1.000
1303,13.678373,13.017558,7,1,0,3,0.000,1,6514.939,700.000,112.064,6200.000,610.000,90.000,100.000,58,-1.000,-1.000
1304,13.963899,13.707983,7,1,0,3,0.000,1,6520.191,700.000,112.440,6200.000,610.000,90.000,100.000,58,-1.000,-1.000
1305,13.464527,13.965119,7,1,0,3,0.000,1,6525.481,700.000,112.629,6200.000,610.000,90.000,100.000,58,-1.000,-1.000
1306,14.161813,13.443917,7,1,0,3,0.000,1,6530.519,700.000,112.634,6200.000,610.000,90.000,100.000,58,-1.000,-1.000
1307,13.249233,14.143342,7,1,0,3,0.000,1,6535.760,700.000,112.446,6200.000,610.000,90.000,100.000,58,-1.000,-1.000
1308,13.505429,13.283395,8,1,0,3,0.000,1,6540.630,700.000,112.099,6200.000,610.000,90.000,100.000,58,-1.000,-1.000
1309,14.313096,13.470477,8,1,0,3,0.000,1,6545.514,700.000,111.576,6200.000,610.000,90.000,100.000,58,-1.000,-1.000
1310,13.822576,14.330657,8,1,0,3,0.000,1,6550.652,700.000,110.827,6200.000,610.000,90.000,100.000,58,-1.000,-1.000
1311,14.081051,13.831476,8,1,0,3,0.000,1,6555.555,700.000,109.926,6200.000,610.000,90.000,100.000,58,-1.000,-1.000
1312,13.503730,14.082391,8,1,0,3,0.000,1,6560.491,700.000,108.828,6200.000,610.000,90.000,100.000,58,-1.000,-1.000
1313,14.357527,13.496769,8,1,0,3,0.000,1,6565.171,700.000,107.610,6200.000,610.000,90.000,100.000,58,-1.000,-1.000
1314,13.726584,14.361687,8,1,0,3,0.000,1,6570.094,700.000,106.128,6200.000,610.000,90.000,100.000,58,-1.000,-1.000
1315,14.054080,13.738135,8,1,0,3,0.000,1,6574.751,700.000,104.544,6200.000,610.000,90.000,100.000,58,-1.000,-1.000
1316,11.975285,14.086441,8,1,0,3,0.000,1,6579.444,700.003,102.785,6200.000,610.000,90.000,100.000,58,-1.000,-1.000
1317,12.247091,11.945164,8,1,0,3,0.000,1,6583.171,700.230,101.607,6200.000,610.000,90.000,100.000,58,-1.000,-1.000
1318,13.299623,12.250171,8,1,0,3,0.000,1,6586.955,700.460,100.265,6200.000,610.000,90.000,100.000,58,-1.000,-1.000
1319,12.583269,13.302814,8,1,0,3,0.000,1,6591.021,700.708,98.651,6200.000,610.000,90.000,100.000,58,-1.000,-1.000
1320,13.305874,12.551038,8,1,0,3,0.000,1,6594.815,700.940,96.995,6200.000,610.000,90.000,100.000,58,-1.000,-1.000
1321,13.230032,13.297493,8,1,0,3,0.000,1,6598.757,701.202,95.146,6200.000,610.000,90.000,100.000,58,-1.000,-1.000
1322,12.617050,13.264575,8,1,0,3,0.000,1,6602.633,701.472,93.176,6200.000,610.000,90.000,100.000,58,-1.000,-1.000
1323,12.474425,12.688959,8,1,0,3,0.000,1,6606.290,701.735,91.176,6200.000,610.000,90.000,100.000,58,-1.000,-1.000
1324,14.175404,12.444586,8,1,0,3,0.000,1,6609.829,701.996,89.104,6200.000,610.000,90.000,100.000,58,-1.000,-1.000
1325,12.550888,14.120312,8,1,0,3,0.000,1,6613.782,702.299,86.614,6200.000,610.000,90.000,100.000,58,-1.000,-1.000
1326,13.169771,12.526787,8,1,0,3,0.000,1,6617.242,702.571,84.294,6200.000,610.000,90.000,100.000,58,-1.000,-1.000
1327,13.980339,13.249214,8,1,0,3,0.000,1,6620.848,702.864,81.718,6200.000,610.000,90.000,100.000,58,-1.000,-1.000
1328,13.920298,13.901366,8,1,0,3,0.000,1,6624.575,703.176,78.884,6200.000,610.000,90.000,100.000,58,-1.000,-1.000
1329,14.107461,13.976569,8,1,0,3,0.000,1,6628.264,703.494,75.902,6200.000,610.000,90.000,100.000,58,-1.000,-1.000
1330,14.710836,14.128603,8,1,0,3,0.000,1,6631.936,703.820,72.753,6200.000,610.000,90.000,100.000,58,-1.000,-1.000
1331,15.293568,14.648264,8,1,0,3,0.000,1,6635.679,704.155,69.343,6200.000,610.000,90.000,100.000,58,-1.000,-1.000
1332,14.844738,15.411881,8,1,0,3,0.000,1,6639.550,704.511,65.599,6200.000,610.000,90.000,100.000,58,-1.000,-1.000
1333,14.189374,14.734185,8,1,0,3,0.000,1,6643.189,704.853,61.877,6200.000,610.000,90.000,100.000,58,-1.000,-1.000
1334,14.870799,14.208585,8,1,0,3,0.000,1,6646.642,705.182,58.158,6200.000,610.000,90.000,100.000,58,-1.000,-1.000
1335,14.679725,15.079184,8,1,0,3,0.000,1,6650.177,705.532,54.160,6200.000,610.000,90.000,100.000,58,-1.000,-1.000
1336,15.085484,14.472059,8,1,0,3,0.000,1,6653.358,705.855,50.412,6200.000,610.000,90.000,100.000,58,-1.000,-1.000
1337,14.678394,15.081294,8,1,0,3,0.000,1,6656.614,706.189,46.358,6200.000,610.000,90.000,100.000,58,-1.000,-1.000
1338,14.636303,14.658054,8,1,0,3,0.000,1,6659.725,706.510,42.280,6200.000,610.000,90.000,100.000,58,-1.000,-1.000
1339,13.873327,14.674714,8,1,0,3,0.000,1,6662.785,706.828,38.064,6200.000,610.000,90.000,100.000,58,-1.000,-1.000
1340,14.166113,13.902408,8,1,0,3,0.000,1,6665.634,707.127,33.950,6200.000,610.000,90.000,100.000,58,-1.000,-1.000
1341,13.306755,14.159323,8,1,0,3,0.000,1,6668.485,707.426,29.640,6200.000,610.000,90.000,100.000,58,-1.000,-1.000
1342,12.519307,13.274214,8,1,0,3,0.000,1,6671.113,707.703,25.496,6200.000,610.000,90.000,100.000,58,-1.000,-1.000
1343,12.005605,12.484065,8,1,0,3,0.000,1,6673.544,707.960,21.507,6200.000,610.000,90.000,100.000,58,-1.000,-1.000
1344,12.384464,12.008976,8,1,0,3,0.000,1,6675.845,708.203,17.589,6200.000,610.000,90.000,100.000,58,-1.000,-1.000
1345,11.975425,12.368434,8,1,0,3,0.000,1,6678.175,708.449,13.469,6200.000,610.000,90.000,100.000,58,-1.000,-1.000
1346,13.233413,11.972185,8,1,0,3,0.000,1,6680.346,708.678,9.470,6200.000,610.000,90.000,100.000,58,-1.000,-1.000
1347,12.928746,13.239072,8,1,0,3,0.000,1,6681.974,708.849,5.999,6200.000,610.000,90.000,100.000,58,-1.000,-1.000
1348,13.140950,12.929116,8,1,0,3,0.000,1,6681.964,708.903,6.992,6200.000,610.000,90.000,100.000,58,-1.000,-1.000
1349,12.917926,13.153351,8,1,0,3,0.000,1,6682.078,708.994,7.927,6200.000,610.000,90.000,100.000,58,-1.000,-1.000
1350,13.068849,12.965077,8,1,0,3,0.000,1,6682.190,709.082,8.677,6200.000,610.000,90.000,100.000,58,-1.000,-1.000
1351,15.530123,13.017458,8,1,0,3,0.000,1,6682.301,709.169,9.257,6200.000,610.000,90.000,100.000,58,-1.000,-1.000
1352,14.328488,15.644296,8,1,0,3,0.000,1,6682.413,709.254,9.747,6200.000,610.000,90.000,100.000,58,-1.000,-1.000
1353,13.998279,14.309316,8,1,0,3,0.000,1,6682.488,709.288,10.065,6200.000,610.000,90.000,100.000,58,-1.000,-1.000
1354,14.024410,13.964029,8,1,0,3,0.000,1,6682.548,709.301,10.239,6200.000,610.000,90.000,100.000,58,-1.000,-1.000
1355,14.237175,14.076791,8,1,0,3,0.000,1,6682.578,709.297,10.265,6200.000,610.000,90.000,100.000,58,-1.000,-1.000
1356,14.158603,14.193224,8,1,0,3,0.000,1,6682.598,709.298,10.145,6200.000,610.000,90.000,100.000,58,-1.000,-1.000
1357,13.467117,14.120852,8,1,0,3,0.000,1,6682.621,709.308,9.882,6200.000,610.000,90.000,100.000,58,-1.000,-1.000
1358,13.292475,13.515729,8,1,0,3,0.000,1,6682.655,709.316,9.503,6200.000,610.000,90.000,100.000,58,-1.000,-1.000
1359,13.926198,13.283154,8,1,0,3,0.000,1,6682.698,709.325,9.008,6200.000,610.000,90.000,100.000,58,-1.000,-1.000
1360,13.894286,13.931788,8,1,0,3,0.000,1,6682.751,709.335,8.356,6200.000,610.000,90.000,100.000,58,-1.000,-1.000
1361,14.387879,13.865287,8,1,0,3,0.000,1,6682.810,709.346,7.577,6200.000,610.000,90.000,100.000,58,-1.000,-1.000
1362,13.702443,14.375957,8,1,0,3,0.000,1,6682.873,709.357,6.632,6200.000,610.000,90.000,100.000,58,-1.000,-1.000
1363,15.452841,13.701124,8,1,0,3,0.000,1,6682.911,709.365,6.000,6200.000,610.000,90.000,100.000,58,-1.000,-1.000
1364,15.320129,15.443481,8,1,0,3,0.000,1,6682.903,709.364,6.123,6200.000,610.000,90.000,100.000,58,-1.000,-1.000
1365,13.910598,15.323969,8,1,0,3,0.000,1,6682.906,709.365,6.074,6200.000,610.000,90.000,100.000,58,-1.000,-1.000
1366,13.030258,13.947229,8,1,0,3,0.000,1,6682.911,709.366,6.000,6200.000,610.000,90.000,100.000,58,-1.000,-1.000
1367,13.167201,13.029008,8,1,0,3,0.000,1,6682.910,709.366,6.000,6200.000,610.000,90.000,100.000,58,-1.000,-1.000
1368,13.486739,13.136130,8,1,0,3,0.000,1,6682.911,709.366,6.000,6200.000,610.000,90.000,100.000,58,-1.000,-1.000
1369,13.141290,13.502008,8,1,0,3,0.000,1,6682.911,709.366,6.000,6200.000,610.000,90.000,100.000,58,-1.000,-1.000
1370,12.571379,13.151731,8,1,0,3,0.000,1,6682.911,709.366,6.000,6200.000,610.000,90.000,100.000,58,-1.000,-1.000
1371,12.823722,12.543708,8,1,0,3,0.000,1,6682.911,709.366,6.000,6200.000,610.000,90.000,100.000,58,-1.000,-1.000
1372,12.725802,12.823293,8,1,0,3,0.000,1,6682.911,709.366,6.000,6200.000,610.000,90.000,100.000,58,-1.000,-1.000
1373,13.829556,12.781952,8,1,0,3,0.000,1,6682.911,709.366,6.000,6200.000,610.000,90.000,100.000,58,-1.000,-1.000
1374,13.391966,13.778435,8,1,0,3,0.000,1,6682.911,709.366,6.000,6200.000,610.000,90.000,100.000,58,-1.000,-1.000
1375,12.690111,13.401637,8,1,0,3,0.000,1,6682.911,709.366,6.000,6200.000,610.000,90.000,100.000,58,-1.000,-1.000
1376,12.969736,12.771052,8,1,0,3,0.000,1,6682.911,709.366,6.000,6200.000,610.000,90.000,100.000,58,-1.000,-1.000
1377,12.753833,12.994427,8,1,0,3,0.000,1,6682.911,709.366,6.000,6200.000,610.000,90.000,100.000,58,-1.000,-1.000
1378,13.406846,12.694161,8,1,0,3,0.000,1,6682.911,709.366,6.000,6200.000,610.000,90.000,100.000,58,-1.000,-1.000
1379,13.580221,13.422957,8,1,0,3,0.000,1,6682.911,709.366,6.000,6200.000,610.000,90.000,100.000,58,-1.000,-1.000
1380,13.195051,13.597771,8,1,0,3,0.000,1,6682.911,709.366,6.000,6200.000,610.000,90.000,100.000,58,-1.000,-1.000
1381,249.733673,13.197921,8,1,0,3,0.000,1,6682.911,709.366,6.000,6200.000,610.000,90.000,100.000,58,-1.000,-1.000
1382,11.226548,249.588800,8,1,0,3,0.000,1,6682.911,709.366,6.000,6200.000,610.000,90.000,100.000,58,-1.000,-1.000
1383,8.240392,11.161537,8,1,0,3,0.000,1,6682.911,709.366,6.000,6200.000,610.000,90.000,100.000,58,-1.000,-1.000
1384,8.117539,8.411785,8,1,0,3,0.000,1,6682.911,709.366,6.000,6200.000,610.000,90.000,100.000,58,-1.000,-1.000
1385,8.188731,8.334185,8,1,0,3,0.000,1,6682.911,709.366,6.000,6200.000,610.000,90.000,100.000,58,-1.000,-1.000
1386,8.178452,8.333634,8,1,0,3,0.000,1,6682.911,709.366,6.000,6200.000,610.000,90.000,100.000,58,-1.000,-1.000
1387,8.125490,8.333514,8,1,0,3,0.000,1,6682.911,709.366,6.000,6200.000,610.000,90.000,100.000,58,-1.000,-1.000
1388,7.531976,8.334025,8,1,0,3,0.000,1,6682.911,709.366,6.000,6200.000,610.000,90.000,100.000,58,-1.000,-1.000
1389,7.647449,8.333484,8,1,0,3,0.000,1,6682.911,709.366,6.000,6200.000,610.000,90.000,100.000,58,-1.000,-1.000
1390,7.777082,8.333984,8,1,0,3,0.000,1,6682.911,709.366,6.000,6200.000,610.000,90.000,100.000,58,-1.000,-1.000
1391,6.782079,8.333605,8,1,0,3,0.000,1,6682.911,709.366,6.000,6200.000,610.000,90.000,100.000,58,-1.000,-1.000
1392,7.658760,8.333934,8,1,0,3,0.000,1,6682.911,709.366,6.000,6200.000,610.000,90.000,100.000,58,-1.000,-1.000
1393,8.409696,8.333534,8,1,0,3,0.000,1,6682.911,709.366,6.000,6200.000,610.000,90.000,100.000,58,-1.000,-1.000
1394,7.832573,8.333815,8,1,0,3,0.000,1,6682.911,709.366,6.000,6200.000,610.000,90.000,100.000,58,-1.000,-1.000
1395,7.274772,8.333734,8,1,0,3,0.000,1,6682.911,709.366,6.000,6200.000,610.000,90.000,100.000,58,-1.000,-1.000
1396,9.353816,8.333664,8,1,0,3,0.000,1,6682.911,709.366,6.000,6200.000,610.000,90.000,100.000,58,-1.000,-1.000
1397,7.786853,8.334245,8,1,0,3,0.000,1,6682.911,709.366,6.000,6200.000,610.000,90.000,100.000,58,-1.000,-1.000
1398,8.225171,8.334244,8,1,0,3,0.000,1,6682.911,709.366,6.000,6200.000,610.000,90.000,100.000,58,-1.000,-1.000
1399,8.170961,8.333494,8,1,0,3,0.000,1,6682.911,709.366,6.000,6200.000,610.000,90.000,100.000,58,-1.000,-1.000
1400,8.298943,8.333505,8,1,0,3,0.000,1,6682.911,709.366,6.000,6200.000,610.000,90.000,100.000,58,-1.000,-1.000
1401,8.417237,8.334174,8,1,0,3,0.000,1,6682.911,709.366,6.000,6200.000,610.000,90.000,100.000,58,-1.000,-1.000
1402,8.249442,8.334084,8,1,0,3,0.000,1,6682.911,709.366,6.000,6200.000,610.000,90.000,100.000,58,-1.000,-1.000
1403,8.313163,8.333825,8,1,0,3,0.000,1,6682.911,709.366,6.000,6200.000,610.000,90.000,100.000,58,-1.000,-1.000
1404,8.298985,8.334294,8,1,0,3,0.000,1,6682.911,709.366,6.000,6200.000,610.000,90.000,100.000,58,-1.000,-1.000
1405,8.271152,8.334194,8,1,0,3,0.000,1,6682.911,709.366,6.000,6200.000,610.000,90.000,100.000,58,-1.000,-1.000
1406,8.564059,8.333805,8,1,0,3,0.000,1,6682.911,709.366,6.000,6200.000,610.000,90.000,100.000,58,-1.000,-1.000
1407,8.193392,8.333744,8,1,0,3,0.000,1,6682.911,709.366,6.000,6200.000,610.000,90.000,100.000,58,-1.000,-1.000
1408,8.212111,8.333834,8,1,0,3,0.000,1,6682.911,709.366,6.000,6200.000,610.000,90.000,100.000,58,-1.000,-1.000
1409,8.594160,8.334244,8,1,0,3,0.000,1,6682.911,709.366,6.000,6200.000,610.000,90.000,100.000,58,-1.000,-1.000
1410,8.369786,8.333504,8,1,0,3,0.000,1,6682.911,709.366,6.000,6200.000,610.000,90.000,100.000,58,-1.000,-1.000
1411,8.109149,8.334234,8,1,0,3,0.000,1,6682.911,709.366,6.000,6200.000,610.000,90.000,100.000,58,-1.000,-1.000
1412,8.525558,8.333535,8,1,0,3,0.000,1,6682.911,709.366,6.000,6200.000,610.000,90.000,100.000,58,-1.000,-1.000
1413,8.037648,8.334074,8,1,0,3,0.000,1,6682.911,709.366,6.000,6200.000,610.000,90.000,100.000,58,-1.000,-1.000
1414,8.401886,8.334424,8,1,0,3,0.000,1,6682.911,709.366,6.000,6200.000,610.000,90.000,100.000,58,-1.000,-1.000
1415,8.381705,8.333465,8,1,0,3,0.000,1,6682.911,709.366,6.000,6200.000,610.000,90.000,100.000,58,-1.000,-1.000
1416,8.338055,8.333624,8,1,0,3,0.000,1,6682.911,709.366,6.000,6200.000,610.000,90.000,100.000,58,-1.000,-1.000
1417,8.284603,8.334184,8,1,0,3,0.000,1,6682.911,709.366,6.000,6200.000,610.000,90.000,100.000,58,-1.000,-1.000
1418,8.382805,8.333865,8,1,0,3,0.000,1,6682.911,709.366,6.000,6200.000,610.000,90.000,100.000,58,-1.000,-1.000
1419,8.256792,8.333514,8,1,0,3,0.000,1,6682.911,709.366,6.000,6200.000,610.000,90.000,100.000,58,-1.000,-1.000
1420,8.302415,8.334124,8,1,0,3,0.000,1,6682.911,709.366,6.000,6200.000,610.000,90.000,100.000,58,-1.000,-1.000
1421,13.276253,10.114184,8,1,0,3,0.000,1,6682.911,709.366,6.000,6200.000,610.000,90.000,100.000,58,-1.000,-1.000
1422,5.401789,8.334065,8,1,0,3,0.000,1,6682.911,709.366,6.000,6200.000,610.000,90.000,100.000,58,-1.000,-1.000
1423,8.081150,8.333833,8,1,0,3,0.000,1,6682.911,709.366,6.000,6200.000,610.000,90.000,100.000,58,-1.000,-1.000
1424,8.338664,8.333774,8,1,0,3,0.000,1,6682.911,709.366,6.000,6200.000,610.000,90.000,100.000,58,-1.000,-1.000
1425,8.200051,8.334275,8,1,0,3,0.000,1,6682.911,709.366,6.000,6200.000,610.000,90.000,100.000,58,-1.000,-1.000
1426,9.659944,8.333924,8,1,0,3,0.000,1,6682.911,709.366,6.000,6200.000,610.000,90.000,100.000,58,-1.000,-1.000
1427,8.868446,8.333654,8,1,0,3,0.000,1,6682.911,709.366,6.000,6200.000,610.000,90.000,100.000,58,-1.000,-1.000
1428,8.888366,8.333935,8,1,0,3,0.000,1,6682.911,709.366,6.000,6200.000,610.000,90.000,100.000,58,-1.000,-1.000
1429,8.965308,8.333504,8,1,0,3,0.000,1,6682.911,709.366,6.000,6200.000,610.000,90.000,100.000,58,-1.000,-1.000
1430,8.209202,8.334234,8,1,0,3,0.000,1,6682.911,709.366,6.000,6200.000,610.000,90.000,100.000,58,-1.000,-1.000
1431,9.037950,8.334185,8,1,0,3,0.000,1,6682.911,709.366,6.000,6200.000,610.000,90.000,100.000,58,-1.000,-1.000
1432,8.745113,8.333724,8,1,0,3,0.000,1,6682.911,709.366,6.000,6200.000,610.000,90.000,100.000,58,-1.000,-1.000
1433,10.291438,8.333934,8,1,0,3,0.000,1,6682.911,709.366,6.000,6200.000,610.000,90.000,100.000,58,-1.000,-1.000
1434,9.415018,8.333775,8,1,0,3,0.000,1,6682.911,709.366,6.000,6200.000,610.000,90.000,100.000,58,-1.000,-1.000
1435,9.772746,8.552099,8,1,0,3,0.000,1,6682.911,709.366,6.000,6200.000,610.000,90.000,100.000,58,-1.000,-1.000
1436,9.190383,9.793917,8,1,0,3,0.000,1,6682.911,709.366,6.000,6200.000,610.000,90.000,100.000,58,-1.000,-1.000
1437,11.820042,9.170502,8,1,0,3,0.000,1,6682.911,709.366,6.000,6200.000,610.000,90.000,100.000,58,-1.000,-1.000
1438,10.820829,11.845752,8,1,0,3,0.000,1,6682.911,709.366,6.000,6200.000,610.000,90.000,100.000,58,-1.000,-1.000
1439,11.209948,10.985903,8,1,0,3,0.000,1,6682.911,709.366,6.000,6200.000,610.000,90.000,100.000,58,-1.000,-1.000
1440,10.769138,11.175777,8,1,0,3,0.000,1,6682.911,709.366,6.000,6200.000,610.000,90.000,100.000,58,-1.000,-1.000
1441,11.711219,10.752358,8,1,0,3,0.000,1,6682.911,709.366,6.000,6200.000,610.000,90.000,100.000,58,-1.000,-1.000
1442,10.409770,11.688899,8,1,0,3,0.000,1,6682.911,709.366,6.000,6200.000,610.000,90.000,100.000,58,-1.000,-1.000
1443,10.862741,10.520592,8,1,0,3,0.000,1,6682.911,709.366,6.000,6200.000,610.000,90.000,100.000,58,-1.000,-1.000
1444,11.529384,10.865270,8,1,0,3,0.000,1,6682.911,709.366,6.000,6200.000,610.000,90.000,100.000,58,-1.000,-1.000
1445,10.384680,11.465764,8,1,0,3,0.000,1,6682.911,709.366,6.000,6200.000,610.000,90.000,100.000,58,-1.000,-1.000
1446,10.843949,10.388430,8,1,0,3,0.000,1,6682.911,709.366,6.000,6200.000,610.000,90.000,100.000,58,-1.000,-1.000
1447,10.838180,10.845640,8,1,0,3,0.000,1,6682.911,709.366,6.000,6200.000,610.000,90.000,100.000,58,-1.000,-1.000
1448,11.029314,10.830669,8,1,0,3,0.000,1,6682.911,709.366,6.000,6200.000,610.000,90.000,100.000,58,-1.000,-1.000
1449,10.639876,11.042375,8,1,0,3,0.000,1,6682.911,709.366,6.000,6200.000,610.000,90.000,100.000,58,-1.000,-1.000
1450,10.353218,10.639954,8,1,0,3,0.000,1,6682.911,709.366,6.000,6200.000,610.000,90.000,100.000,58,-1.000,-1.000
1451,10.297629,10.345730,8,1,0,3,0.000,1,6682.911,709.366,6.000,6200.000,610.000,90.000,100.000,58,-1.000,-1.000
1452,11.222948,10.287207,8,1,0,3,0.000,1,6682.911,709.366,6.000,6200.000,610.000,90.000,100.000,58,-1.000,-1.000
1453,11.821511,11.189237,8,1,0,3,0.000,1,6682.911,709.366,6.000,6200.000,610.000,90.000,100.000,58,-1.000,-1.000
1454,13.183622,11.789111,8,1,0,3,0.000,1,6682.911,709.366,6.000,6200.000,610.000,90.000,100.000,58,-1.000,-1.000
1455,11.687237,13.278674,8,1,0,3,0.000,1,6682.911,709.366,6.000,6200.000,610.000,90.000,100.000,58,-1.000,-1.000
1456,11.223049,11.639837,8,1,0,3,0.000,1,6682.911,709.366,6.000,6200.000,610.000,90.000,100.000,58,-1.000,-1.000
1457,11.134477,11.256109,8,1,0,3,0.000,1,6682.911,709.366,6.000,6200.000,610.000,90.000,100.000,58,-1.000,-1.000
1458,10.299117,11.127446,8,1,0,3,0.000,1,6682.911,709.366,6.000,6200.000,610.000,90.000,100.000,58,-1.000,-1.000
1459,8.978729,10.257446,8,1,0,3,0.000,1,6682.911,709.366,6.000,6200.000,610.000,90.000,100.000,58,-1.000,-1.000
1460,10.905641,8.996809,8,1,0,3,0.000,1,6682.911,709.366,6.000,6200.000,610.000,90.000,100.000,58,-1.000,-1.000
1461,9.125821,10.891831,8,1,0,3,0.000,1,6682.911,709.366,6.000,6200.000,610.000,90.000,100.000,58,-1.000,-1.000
1462,9.520462,9.121322,8,1,0,3,0.000,1,6682.911,709.366,6.000,6200.000,610.000,90.000,100.000,58,-1.000,-1.000
1463,10.068632,9.537151,8,1,0,3,0.000,1,6682.911,709.366,6.000,6200.000,610.000,90.000,100.000,58,-1.000,-1.000
1464,9.838308,10.087053,27,1,0,3,0.000,1,6682.911,709.366,6.000,6200.000,610.000,90.000,100.000,58,-1.000,-1.000
1465,176.608985,9.830118,27,1,0,3,0.000,1,6682.911,709.366,6.000,6200.000,610.000,90.000,100.000,58,-1.000,-1.000
1466,7.612638,176.552544,27,1,0,3,0.000,1,6682.911,709.366,6.000,6200.000,610.000,90.000,100.000,58,-1.000,-1.000
1467,2.874804,8.334155,27,1,0,3,0.000,1,6682.911,709.366,6.000,6200.000,610.000,90.000,100.000,58,-1.000,-1.000
1468,13.860846,8.334174,27,1,0,3,0.000,1,6682.911,709.366,6.000,6200.000,610.000,90.000,100.000,58,-1.000,-1.000
1469,13.123021,8.334073,27,1,0,3,0.000,1,6682.911,709.366,6.000,6200.000,610.000,90.000,100.000,58,-1.000,-1.000
1470,13.064459,12.431396,27,1,0,3,0.000,1,6682.911,709.366,6.000,6200.000,610.000,90.000,100.000,58,-1.000,-1.000
1471,12.674579,13.073709,27,1,0,3,0.000,1,6682.911,709.366,6.000,6200.000,610.000,90.000,100.000,58,-1.000,-1.000
1472,12.251591,12.642069,27,1,0,3,0.000,1,6682.911,709.366,6.000,6200.000,610.000,90.000,100.000,58,-1.000,-1.000
1473,12.455476,12.269892,27,1,0,3,0.000,1,6682.911,709.366,6.000,6200.000,610.000,90.000,100.000,58,-1.000,-1.000
1474,12.780213,12.431365,27,1,0,3,0.000,1,6682.911,709.366,6.000,6200.000,610.000,90.000,100.000,58,-1.000,-1.000
1475,12.774432,12.945696,27,1,0,3,0.000,1,6682.911,709.366,6.000,6200.000,610.000,90.000,100.000,58,-1.000,-1.000
1476,12.881085,12.722791,27,1,0,3,0.000,1,6682.911,709.366,6.000,6200.000,610.000,90.000,100.000,58,-1.000,-1.000
1477,12.863724,12.886446,27,1,0,3,0.000,1,6682.911,709.366,6.000,6200.000,610.000,90.000,100.000,58,-1.000,-1.000
1478,12.891195,12.926325,27,1,0,3,0.000,1,6682.911,709.366,6.000,6200.000,610.000,90.000,100.000,58,-1.000,-1.000
1479,13.026128,12.847974,27,1,0,3,0.000,1,6682.911,709.366,6.000,6200.000,610.000,90.000,100.000,58,-1.000,-1.000
1480,12.569819,13.009437,27,1,0,3,0.000,1,6682.911,709.366,6.000,6200.000,610.000,90.000,100.000,58,-1.000,-1.000
1481,12.710470,12.599179,27,1,0,3,0.000,1,6682.911,709.366,6.000,6200.000,610.000,90.000,100.000,58,-1.000,-1.000
1482,12.667501,12.658441,27,1,0,3,0.000,1,6682.911,709.366,6.000,6200.000,610.000,90.000,100.000,58,-1.000,-1.000
1483,13.297603,12.667019,27,1,0,3,0.000,1,6682.911,709.366,6.000,6200.000,610.000,90.000,100.000,58,-1.000,-1.000
1484,13.503709,13.332016,27,1,0,3,0.000,1,6682.911,709.366,6.000,6200.000,610.000,90.000,100.000,58,-1.000,-1.000
1485,13.687303,13.460387,27,1,0,3,0.000,1,6682.911,709.366,6.000,6200.000,610.000,90.000,100.000,58,-1.000,-1.000
1486,13.366076,13.727994,27,1,0,3,0.000,1,6682.911,709.366,6.000,6200.000,610.000,90.000,100.000,58,-1.000,-1.000
1487,13.781885,13.324474,27,1,0,3,0.000,1,6682.911,709.366,6.000,6200.000,610.000,90.000,100.000,58,-1.000,-1.000
1488,13.391485,13.823836,27,1,0,3,0.000,1,6682.911,709.366,6.000,6200.000,610.000,90.000,100.000,58,-1.000,-1.000
1489,12.913256,13.351775,27,1,0,3,0.000,1,6682.911,709.366,6.000,6200.000,610.000,90.000,100.000,58,-1.000,-1.000
1490,12.712782,12.930256,27,1,0,3,0.000,1,6682.911,709.366,6.000,6200.000,610.000,90.000,100.000,58,-1.000,-1.000
1491,12.823582,12.738162,27,1,0,3,0.000,1,6682.911,709.366,6.000,6200.000,610.000,90.000,100.000,58,-1.000,-1.000
1492,13.168302,12.822704,9,1,0,3,0.000,1,6682.911,709.366,6.000,6200.000,610.000,90.000,100.000,58,-1.000,-1.000
1493,12.280712,13.218852,9,1,0,3,0.000,1,6682.911,709.366,6.000,6300.000,700.000,90.000,100.000,58,-1.000,-1.000
1494,12.686140,12.203119,9,1,0,3,0.000,1,6682.911,709.366,6.000,6300.000,700.000,90.000,100.000,58,-1.000,-1.000
1495,15.541124,12.735092,9,1,0,3,0.000,1,6682.911,709.366,6.000,6300.000,700.000,90.000,100.000,58,-1.000,-1.000
1496,12.913075,15.498412,9,1,0,3,0.000,1,6682.911,709.366,6.000,6300.000,700.000,90.000,100.000,58,-1.000,-1.000
1497,12.480837,12.903766,9,1,0,3,0.000,1,6682.911,709.366,6.000,6300.000,700.000,90.000,100.000,58,-1.000,-1.000
1498,12.629708,12.525647,9,1,0,3,0.000,1,6682.911,709.366,6.000,6300.000,700.000,90.000,100.000,58,-1.000,-1.000
1499,12.437346,12.611429,9,1,0,3,0.000,1,6682.911,709.366,6.000,6300.000,700.000,90.000,100.000,58,-1.000,-1.000
1500,12.410884,12.458396,9,1,0,3,0.000,1,6682.911,709.366,6.000,6300.000,700.000,90.000,100.000,58,-1.000,-1.000
1501,12.786823,12.386583,9,1,0,3,0.000,1,6682.911,709.366,6.000,6300.000,700.000,90.000,100.000,58,-1.000,-1.000
1502,13.002287,12.767863,9,1,0,3,0.000,1,6682.911,709.366,6.000,6300.000,700.000,90.000,100.000,58,-1.000,-1.000
1503,14.137023,13.009697,9,1,0,3,0.000,1,6682.911,709.366,6.000,6300.000,700.000,90.000,100.000,58,-1.000,-1.000
1504,13.199562,14.156423,9,1,0,3,0.000,1,6682.911,709.366,6.000,6300.000,700.000,90.000,100.000,58,-1.000,-1.000
1505,14.128032,13.156571,9,1,0,3,0.000,1,6682.911,709.366,6.000,6300.000,700.000,90.000,100.000,58,-1.000,-1.000
1506,13.841336,14.147313,9,1,0,3,0.000,1,6682.911,709.366,6.000,6300.000,700.000,90.000,100.000,58,-1.000,-1.000
1507,13.695923,13.848536,9,1,0,3,0.000,1,6682.911,709.366,6.000,6300.000,700.000,90.000,100.000,58,-1.000,-1.000
1508,13.770635,13.705254,9,1,0,3,0.000,1,6682.911,709.366,6.000,6300.000,700.000,90.000,100.000,58,-1.000,-1.000
1509,13.553519,13.803205,9,1,0,3,0.000,1,6682.911,709.366,6.000,6300.000,700.000,90.000,100.000,58,-1.000,-1.000
1510,13.163551,13.514208,9,1,0,3,0.000,1,6682.911,709.366,6.000,6300.000,700.000,90.000,100.000,58,-1.000,-1.000
1511,12.708672,13.162681,9,1,0,3,0.000,1,6682.911,709.366,6.000,6300.000,700.000,90.000,100.000,58,-1.000,-1.000
1512,12.777992,12.748282,9,1,0,3,0.000,1,6682.911,709.366,6.000,6300.000,700.000,90.000,100.000,58,-1.000,-1.000
1513,13.076549,12.734022,9,1,0,3,0.000,1,6682.911,709.366,6.000,6300.000,700.000,90.000,100.000,58,-1.000,-1.000
1514,13.879928,13.074439,9,1,0,3,0.000,1,6682.911,709.366,6.000,6300.000,700.000,90.000,100.000,58,-1.000,-1.000
1515,13.876596,13.900888,9,1,0,3,0.000,1,6682.911,709.366,6.000,6300.000,700.000,90.000,100.000,58,-1.000,-1.000
1516,13.705313,13.889017,9,1,0,3,0.000,1,6682.911,709.366,6.000,6300.000,700.000,90.000,100.000,58,-1.000,-1.000
1517,13.952329,13.664562,9,1,0,3,0.000,1,6682.911,709.366,6.000,6300.000,700.000,90.000,100.000,58,-1.000,-1.000
1518,14.270935,13.966929,9,1,0,3,0.000,1,6682.911,709.366,6.000,6300.000,700.000,90.000,100.000,58,-1.000,-1.000
1519,13.661282,14.276346,9,1,0,3,0.000,1,6682.911,709.366,6.000,6300.000,700.000,90.000,100.000,58,-1.000,-1.000
1520,13.480919,13.640551,9,1,0,3,0.000,1,6682.911,709.366,6.000,6300.000,700.000,90.000,100.000,58,-1.000,-1.000
1521,14.031200,13.484769,9,1,0,3,0.000,1,6682.911,709.366,6.000,6300.000,700.000,90.000,100.000,58,-1.000,-1.000
1522,14.108472,14.038430,9,1,0,3,0.000,1,6682.911,709.366,6.000,6300.000,700.000,90.000,100.000,58,-1.000,-1.000
1523,13.295954,14.105872,9,1,0,3,0.000,1,6682.911,709.366,6.000,6300.000,700.000,90.000,100.000,58,-1.000,-1.000
1524,13.282393,13.291064,9,1,0,3,0.000,1,6682.911,709.366,6.000,6300.000,700.000,90.000,100.000,58,-1.000,-1.000
1525,12.467876,13.299094,9,1,0,3,0.000,1,6682.911,709.366,6.000,6300.000,700.000,90.000,100.000,58,-1.000,-1.000
1526,12.542877,12.457085,9,1,0,3,0.000,1,6682.911,709.366,6.000,6300.000,700.000,90.000,100.000,58,-1.000,-1.000
1527,13.934699,12.544217,9,1,0,3,0.000,1,6682.911,709.366,6.000,6300.000,700.000,90.000,100.000,58,-1.000,-1.000
1528,13.886507,13.945699,9,1,0,3,0.000,1,6682.911,709.366,6.000,6300.000,700.000,90.000,100.000,58,-1.000,-1.000
1529,13.247662,13.865956,9,1,0,3,0.000,1,6682.911,709.366,6.000,6300.000,700.000,90.000,100.000,58,-1.000,-1.000
1530,13.140531,13.292415,9,1,0,3,0.000,1,6682.911,709.366,6.000,6300.000,700.000,90.000,100.000,58,-1.000,-1.000
1531,13.505369,13.177141,9,1,0,3,0.000,1,6682.911,709.366,6.000,6300.000,700.000,90.000,100.000,58,-1.000,-1.000
1532,12.955147,13.530099,9,1,0,3,0.000,1,6682.911,709.366,6.000,6300.000,700.000,90.000,100.000,58,-1.000,-1.000
1533,12.320242,12.836274,9,1,0,3,0.000,1,6682.911,709.366,6.000,6300.000,700.000,90.000,100.000,58,-1.000,-1.000
1534,12.466536,12.322622,9,1,0,3,0.000,1,6682.911,709.366,6.000,6300.000,700.000,90.000,100.000,58,-1.000,-1.000
1535,12.983587,12.454696,9,1,0,3,0.000,1,6682.911,709.366,6.000,6300.000,700.000,90.000,100.000,58,-1.000,-1.000
1536,29.851010,12.984267,9,1,0,3,0.000,1,6682.911,709.366,6.000,6300.000,700.000,90.000,100.000,58,-1.000,-1.000
1537,12.106058,30.114466,9,1,0,3,0.000,1,6682.911,709.366,6.000,6300.000,700.000,90.000,100.000,58,-1.000,-1.000
1538,12.514846,11.867383,9,1,0,3,0.000,1,6682.911,709.366,6.000,6300.000,700.000,90.000,100.000,58,-1.000,-1.000
1539,12.611719,12.498706,9,1,0,3,0.000,1,6682.911,709.366,6.000,6300.000,700.000,90.000,100.000,58,-1.000,-1.000
1540,12.374754,12.622669,9,1,0,3,0.000,1,6682.911,709.366,6.000,6300.000,700.000,90.000,100.000,58,-1.000,-1.000
1541,12.518207,12.380984,9,1,0,3,0.000,1,6682.911,709.366,6.000,6300.000,700.000,90.000,100.000,58,-1.000,-1.000
1542,12.916536,12.499096,9,1,0,3,0.000,1,6682.911,709.366,6.000,6300.000,700.000,90.000,100.000,58,-1.000,-1.000
1543,12.532336,12.974767,9,1,0,3,0.000,1,6682.911,709.366,6.000,6300.000,700.000,90.000,100.000,58,-1.000,-1.000
1544,13.129071,12.494736,9,1,0,3,0.000,1,6682.911,709.366,6.000,6300.000,700.000,90.000,100.000,58,-1.000,-1.000
1545,12.924585,13.129290,9,1,0,3,0.000,1,6682.911,709.366,6.000,6300.000,700.000,90.000,100.000,58,-1.000,-1.000
1546,12.807264,12.925696,9,1,0,3,0.000,1,6682.911,709.366,6.000,6300.000,700.000,90.000,100.000,58,-1.000,-1.000
1547,15.705657,12.780483,9,1,0,3,0.000,1,6682.911,709.366,6.000,6300.000,700.000,90.000,100.000,58,-1.000,-1.000
1548,13.572210,15.800320,9,1,0,3,0.000,1,6682.911,709.366,6.000,6300.000,700.000,90.000,100.000,58,-1.000,-1.000
1549,12.631360,13.694653,9,1,0,3,0.000,1,6682.911,709.366,6.000,6300.000,700.000,90.000,100.000,58,-1.000,-1.000
1550,13.424366,12.561547,9,1,0,3,0.000,1,6682.911,709.366,6.000,6300.000,700.000,90.000,100.000,58,-1.000,-1.000
1551,13.563921,13.442368,9,1,0,3,0.000,1,6682.911,709.366,6.000,6300.000,700.000,90.000,100.000,58,-1.000,-1.000
1552,12.883525,13.478438,9,1,0,3,0.000,1,6682.911,709.366,6.000,6300.000,700.000,90.000,100.000,58,-1.000,-1.000
1553,10.170644,12.863794,9,1,0,3,0.000,1,6682.911,709.366,6.000,6300.000,700.000,90.000,100.000,58,-1.000,-1.000
1554,10.559463,10.107304,9,1,0,3,0.000,1,6682.911,709.366,6.000,6300.000,700.000,90.000,100.000,58,-1.000,-1.000
1555,10.803339,10.567504,9,1,0,3,0.000,1,6682.911,709.366,6.000,6300.000,700.000,90.000,100.000,58,-1.000,-1.000
1556,10.552624,10.787577,9,1,0,3,0.000,1,6682.911,709.366,6.000,6300.000,700.000,90.000,100.000,58,-1.000,-1.000
1557,11.438473,10.632596,9,1,0,3,0.000,1,6682.911,709.366,6.000,6300.000,700.000,90.000,100.000,58,-1.000,-1.000
1558,11.472154,11.433152,9,1,0,3,0.000,1,6682.911,709.366,6.000,6300.000,700.000,90.000,100.000,58,-1.000,-1.000
1559,10.840799,11.452254,9,1,0,3,0.000,1,6682.911,709.366,6.000,6300.000,700.000,90.000,100.000,58,-1.000,-1.000
1560,10.276618,10.847910,9,1,0,3,0.000,1,6682.911,709.366,6.000,6300.000,700.000,90.000,100.000,58,-1.000,-1.000
1561,10.158614,10.262657,9,1,0,3,0.000,1,6682.911,709.366,6.000,6300.000,700.000,90.000,100.000,58,-1.000,-1.000
1562,9.130922,10.152374,9,1,0,3,0.000,1,6682.911,709.366,6.000,6300.000,700.000,90.000,100.000,58,-1.000,-1.000
1563,9.775316,9.125352,9,1,0,3,0.000,1,6682.911,709.366,6.000,6300.000,700.000,90.000,100.000,58,-1.000,-1.000
1564,12.732362,9.773996,9,1,0,3,0.000,1,6682.911,709.366,6.000,6300.000,700.000,90.000,100.000,58,-1.000,-1.000
1565,11.323520,12.732482,9,1,0,3,0.000,1,6682.911,709.366,6.000,6300.000,700.000,90.000,100.000,58,-1.000,-1.000
1566,10.186055,11.310270,9,1,0,3,0.000,1,6682.911,709.366,6.000,6300.000,700.000,90.000,100.000,58,-1.000,-1.000
1567,10.266277,10.183035,9,1,0,3,0.000,1,6682.911,709.366,6.000,6300.000,700.000,90.000,100.000,58,-1.000,-1.000
1568,10.704187,10.299198,9,1,0,3,0.000,1,6682.911,709.366,6.000,6300.000,700.000,90.000,100.000,58,-1.000,-1.000
1569,11.397652,10.681286,9,1,0,3,0.000,1,6682.911,709.366,6.000,6300.000,700.000,90.000,100.000,58,-1.000,-1.000
1570,11.198018,11.383702,10,1,0,3,0.000,1,6682.911,709.366,6.000,6300.000,700.000,90.000,100.000,58,-1.000,-1.000
1571,10.531413,11.207438,10,1,0,3,0.000,1,6682.911,709.366,6.000,6300.301,700.000,90.000,100.000,58,-1.000,-1.000
1572,10.049882,10.522732,10,1,0,3,0.000,1,6682.911,709.366,6.000,6300.850,700.000,90.000,100.000,58,-1.000,-1.000
1573,12.663960,10.121584,10,1,0,3,0.000,1,6682.911,709.366,6.000,6301.624,700.000,90.000,100.000,58,-1.000,-1.000
1574,13.749575,12.600689,10,1,0,3,0.000,1,6682.911,709.366,6.000,6302.968,700.000,90.000,100.000,58,-1.000,-1.000
1575,12.945875,13.816516,10,1,0,3,0.000,1,6682.911,709.366,6.000,6304.900,700.000,90.000,100.000,58,-1.000,-1.000
1576,12.561398,12.939166,10,1,0,3,0.000,1,6682.911,709.366,6.000,6307.112,700.000,90.000,100.000,58,-1.000,-1.000
1577,12.288202,12.573487,10,1,0,3,0.000,1,6682.911,709.366,6.000,6309.640,700.000,90.000,100.000,58,-1.000,-1.000
1578,12.420575,12.235512,10,1,0,3,0.000,1,6682.911,709.366,6.000,6312.460,700.000,90.000,100.000,58,-1.000,-1.000
1579,12.120708,12.397203,10,1,0,3,0.000,1,6682.911,709.366,6.000,6315.685,700.000,90.000,100.000,58,-1.000,-1.000
1580,11.801311,12.186980,10,1,0,3,0.000,1,6682.911,709.366,6.000,6319.213,700.000,90.000,100.000,58,-1.000,-1.000
1581,12.471165,11.803721,10,1,0,3,0.000,1,6682.911,709.366,6.000,6322.964,700.000,90.000,100.000,58,-1.000,-1.000
1582,11.263439,12.449635,10,1,0,3,0.000,1,6682.911,709.366,6.000,6327.292,700.000,90.000,100.000,58,-1.000,-1.000
1583,11.233739,11.267130,10,1,0,3,0.000,1,6682.911,709.366,6.000,6331.513,700.000,90.000,100.000,58,-1.000,-1.000
1584,11.902324,11.218697,10,1,0,3,0.000,1,6682.911,709.366,6.000,6336.019,700.000,90.000,100.000,58,-1.000,-1.000
1585,11.900892,11.894924,10,1,0,3,0.000,1,6682.911,709.366,6.000,6341.136,700.000,90.000,100.000,58,-1.000,-1.000
1586,11.983695,11.883373,10,1,0,3,0.000,1,6682.911,709.366,6.000,6346.587,700.000,90.000,100.000,58,-1.000,-1.000
1587,12.237861,11.994435,10,1,0,3,0.000,1,6682.911,709.366,6.000,6352.433,700.000,90.000,100.000,58,-1.000,-1.000
1588,11.985755,12.275451,10,1,0,3,0.000,1,6682.911,709.366,6.000,6358.779,700.000,90.000,100.000,58,-1.000,-1.000
1589,12.458715,11.999735,10,1,0,3,0.000,1,6682.911,709.366,6.000,6365.019,700.000,90.000,100.000,58,-1.000,-1.000
1590,13.551881,12.440015,10,1,0,3,0.000,1,6682.911,709.366,6.000,6371.488,700.000,90.000,100.000,58,-1.000,-1.000
1591,12.288381,13.449378,10,1,0,3,0.000,1,6682.911,709.366,6.000,6378.481,700.000,90.000,100.000,58,-1.000,-1.000
1592,11.483833,12.273991,10,1,0,3,0.000,1,6682.911,709.366,6.000,6384.864,700.000,90.000,100.000,58,-1.000,-1.000
1593,11.541346,11.478725,10,1,0,3,0.000,1,6682.911,709.366,6.000,6390.833,700.000,90.000,100.000,58,-1.000,-1.000
1594,11.009934,11.605986,10,1,0,3,0.000,1,6682.911,709.366,6.000,6396.868,700.000,90.000,100.000,58,-1.000,-1.000
1595,11.466463,10.954082,10,1,0,3,0.000,1,6682.911,709.366,6.000,6402.564,700.000,90.000,100.000,58,-1.000,-1.000
1596,10.605085,11.470534,10,1,0,3,0.000,1,6682.911,709.366,6.000,6408.529,700.000,90.000,100.000,58,-1.000,-1.000
1597,11.935504,10.590034,10,1,0,3,0.000,1,6682.911,709.366,6.000,6414.036,700.000,90.000,100.000,58,-1.000,-1.000
1598,11.841472,11.940284,10,1,0,3,0.000,1,6682.911,709.366,6.000,6420.245,700.000,90.000,100.000,58,-1.000,-1.000
1599,10.903151,11.914503,10,1,0,3,0.000,1,6682.911,709.366,6.000,6426.440,700.000,90.000,100.000,58,-1.000,-1.000
1600,13.140130,10.821940,10,1,0,3,0.000,1,6682.911,709.366,6.000,6432.067,700.000,90.000,100.000,58,-1.000,-1.000
1601,11.611466,13.158721,10,1,0,3,0.000,1,6682.911,709.366,6.000,6438.910,700.000,90.000,100.000,58,-1.000,-1.000
1602,11.584597,11.607337,10,1,0,3,0.000,1,6682.911,709.366,6.000,6444.946,700.000,90.000,100.000,58,-1.000,-1.000
1603,11.567686,11.593186,10,1,0,3,0.000,1,6682.911,709.366,6.000,6450.974,700.000,90.000,100.000,58,-1.000,-1.000
1604,11.735679,11.567786,10,1,0,3,0.000,1,6682.911,709.366,6.000,6456.990,700.000,90.000,100.000,58,-1.000,-1.000
1605,12.074707,11.720658,10,1,0,3,0.000,1,6682.911,709.366,6.000,6463.084,700.000,90.000,100.000,58,-1.000,-1.000
1606,12.465406,12.089927,10,1,0,3,0.000,1,6682.911,709.366,6.000,6469.371,700.000,90.000,100.000,58,-1.000,-1.000
1607,11.485654,12.620770,10,1,0,3,0.000,1,6682.911,709.366,6.000,6475.934,700.000,90.000,100.000,58,-1.000,-1.000
1608,11.673738,11.448624,10,1,0,3,0.000,1,6682.911,709.366,6.000,6481.887,700.000,90.000,100.000,58,-1.000,-1.000
1609,12.109908,11.694198,10,1,0,3,0.000,1,6682.911,709.366,6.000,6487.968,700.000,90.000,100.000,58,-1.000,-1.000
1610,11.860642,12.113567,10,1,0,3,0.000,1,6682.911,709.366,6.000,6494.267,700.000,90.000,100.000,58,-1.000,-1.000
1611,10.628466,11.837802,10,1,0,3,0.000,1,6682.911,709.366,6.000,6500.423,700.000,90.000,100.000,58,-1.000,-1.000
1612,13.741163,10.597815,10,1,0,3,0.000,1,6682.911,709.366,6.000,6505.934,700.000,90.000,100.000,58,-1.000,-1.000
1613,12.645770,13.729393,10,1,0,3,0.000,1,6682.911,709.366,6.000,6513.073,700.000,90.000,100.000,58,-1.000,-1.000
1614,12.207550,12.695171,10,1,0,3,0.000,1,6682.911,709.366,6.000,6519.674,700.000,90.000,100.000,58,-1.000,-1.000
1615,13.575420,12.179219,10,1,0,3,0.000,1,6682.911,709.366,6.000,6526.008,700.000,90.000,100.000,58,-1.000,-1.000
1616,13.869297,13.587981,10,1,0,3,0.000,1,6682.911,709.366,6.000,6533.073,700.000,90.000,100.000,58,-1.000,-1.000
1617,13.224232,13.855957,10,1,0,3,0.000,1,6682.911,709.366,6.000,6540.278,700.000,90.000,100.000,58,-1.000,-1.000
1618,14.136563,13.213882,10,1,0,3,0.000,1,6682.911,709.366,6.000,6547.150,700.000,90.000,100.000,58,-1.000,-1.000
1619,15.585154,14.068141,10,1,0,3,0.000,1,6682.911,709.366,6.000,6554.465,700.000,90.000,100.000,58,-1.000,-1.000
1620,14.090102,15.806359,10,1,0,3,0.000,1,6682.911,709.366,6.000,6562.684,700.000,90.000,100.000,58,-1.000,-1.000
1621,13.339855,14.353647,10,1,0,3,0.000,1,6682.911,709.366,6.000,6570.148,700.000,90.000,100.000,58,-1.000,-1.000
1622,14.090031,13.318546,10,1,0,3,0.000,1,6682.911,709.366,6.000,6577.074,700.000,90.000,100.000,58,-1.000,-1.000
1623,13.375166,13.933787,10,1,0,3,0.000,1,6682.911,709.366,6.000,6584.320,700.000,90.000,100.000,58,-1.000,-1.000
1624,12.326063,13.761994,10,1,0,3,0.000,1,6682.911,709.366,6.000,6591.476,700.000,90.000,100.000,58,-1.000,-1.000
1625,12.642999,12.243281,10,1,0,3,0.000,1,6682.911,709.366,6.000,6597.842,700.000,90.000,100.000,58,-1.000,-1.000
1626,12.814064,12.464706,10,1,0,3,0.000,1,6682.911,709.366,6.000,6604.324,700.000,90.000,100.000,58,-1.000,-1.000
1627,13.418507,13.108250,10,1,0,3,0.000,1,6682.911,709.366,6.000,6611.140,700.000,90.000,100.000,58,-1.000,-1.000
1628,12.251781,12.748292,10,1,0,3,0.000,1,6682.911,709.366,6.000,6617.769,700.000,90.000,100.000,58,-1.000,-1.000
1629,12.405854,12.574508,10,1,0,3,0.000,1,6682.911,709.366,6.000,6624.308,700.000,90.000,100.000,58,-1.000,-1.000
1630,12.575738,12.462286,10,1,0,3,0.000,1,6682.911,709.366,6.000,6630.788,700.000,90.000,100.000,58,-1.000,-1.000
1631,12.532047,12.776662,10,1,0,3,0.000,1,6682.911,709.366,6.000,6637.432,700.000,90.000,100.000,58,-1.000,-1.000
1632,13.531219,11.936913,10,1,0,3,0.000,1,6682.911,709.366,6.000,6643.640,700.000,90.000,100.000,58,-1.000,-1.000
1633,12.674880,13.594461,10,1,0,3,0.000,1,6682.911,709.366,6.000,6650.709,700.000,90.000,100.000,58,-1.000,-1.000
1634,12.993547,12.581259,10,1,0,3,0.000,1,6682.911,709.366,6.000,6657.251,700.000,90.000,100.000,58,-1.000,-1.000
1635,12.799594,13.022078,10,1,0,3,0.000,1,6682.911,709.366,6.000,6664.022,700.000,90.000,100.000,58,-1.000,-1.000
1636,12.839844,12.778772,10,1,0,3,0.000,1,6682.911,709.366,6.000,6670.667,700.000,90.000,100.000,58,-1.000,-1.000
1637,11.805711,12.831554,10,1,0,3,0.000,1,6682.911,709.366,6.000,6677.340,700.000,90.000,96.996,58,-1.000,-1.000
1638,12.065157,11.836572,10,1,0,3,0.000,1,6682.911,709.366,6.000,6683.495,700.000,90.000,96.996,58,-1.000,-1.000
1639,13.387715,12.045896,10,1,0,3,0.000,1,6682.911,709.366,6.000,6689.759,700.000,90.000,96.996,58,-1.000,-1.000
1640,13.133571,13.371896,10,1,0,3,0.000,1,6682.911,709.366,6.000,6696.712,700.000,90.000,96.996,58,-1.000,-1.000
1641,12.795293,13.141201,10,1,0,3,0.000,1,6682.911,709.366,6.000,6703.545,700.000,90.000,96.996,58,-1.000,-1.000
1642,13.433107,12.796422,10,1,0,3,0.000,1,6682.911,709.366,6.000,6710.200,700.000,90.000,96.996,58,-1.000,-1.000
1643,13.129111,13.430538,11,1,0,3,0.000,1,6682.911,709.366,6.000,6717.183,700.000,90.000,96.996,58,-1.000,-1.000
1644,13.668621,13.195671,11,1,0,3,0.000,1,6682.911,709.366,6.000,6770.000,700.000,90.000,96.996,58,-1.000,-1.000
1645,12.990128,13.573931,11,1,0,3,0.000,1,6682.911,709.366,6.000,6770.000,700.000,90.000,96.996,58,-1.000,-1.000
1646,13.389336,12.927476,11,1,0,3,0.000,1,6682.911,709.366,6.000,6770.000,700.000,90.000,96.996,58,-1.000,-1.000
1647,14.741596,13.395106,11,1,0,3,0.000,1,6682.911,709.366,6.000,6770.000,700.000,90.000,96.996,58,-1.000,-1.000
1648,11.916023,14.949230,11,1,0,3,0.000,1,6682.911,709.366,6.000,6770.000,700.000,90.000,96.996,58,-1.000,-1.000
1649,11.661738,11.824882,11,1,0,3,0.000,1,6682.911,709.366,6.000,6770.000,700.000,90.000,96.996,58,-1.000,-1.000
1650,12.338443,11.644987,11,1,0,3,0.000,1,6682.911,709.366,6.000,6770.000,700.000,90.000,96.996,58,-1.000,-1.000
1651,11.730739,12.361374,11,1,0,3,0.000,1,6682.911,709.366,6.000,6770.000,700.000,90.000,96.996,58,-1.000,-1.000
1652,13.060289,11.739039,11,1,0,3,0.000,1,6682.911,709.366,6.000,6770.000,700.000,90.000,96.996,58,-1.000,-1.000
1653,12.902066,13.047018,11,1,0,3,0.000,1,6682.911,709.366,6.000,6770.000,700.000,90.000,96.996,58,-1.000,-1.000
1654,12.543338,12.898985,11,1,0,3,0.000,1,6682.911,709.366,6.000,6770.000,700.000,90.000,96.996,58,-1.000,-1.000
1655,12.224850,12.608890,11,1,0,3,0.000,1,6682.911,709.366,6.000,6770.000,700.000,90.000,96.996,58,-1.000,-1.000
1656,12.221930,12.180769,11,1,0,3,0.000,1,6682.911,709.366,6.000,6770.000,700.000,90.000,96.996,58,-1.000,-1.000
1657,12.286991,12.176809,11,1,0,3,0.000,1,6682.911,709.366,6.000,6770.000,700.000,90.000,93.934,58,-1.000,-1.000
1658,12.133319,12.291322,11,1,0,3,0.000,1,6682.911,709.366,6.000,6770.000,700.000,90.000,93.934,58,-1.000,-1.000
1659,11.556525,12.125959,11,1,0,3,0.000,1,6682.911,709.366,6.000,6770.000,700.000,90.000,93.934,58,-1.000,-1.000
1660,11.926114,11.568195,11,1,0,3,0.000,1,6682.911,709.366,6.000,6770.000,700.000,90.000,93.934,58,-1.000,-1.000
1661,11.344091,11.923194,11,1,0,3,0.000,1,6682.911,709.366,6.000,6770.000,700.000,90.000,93.934,58,-1.000,-1.000
1662,11.626187,11.344081,11,1,0,3,0.000,1,6682.911,709.366,6.000,6770.000,700.000,90.000,93.934,58,-1.000,-1.000
1663,12.232310,11.636737,11,1,0,3,0.000,1,6682.911,709.366,6.000,6770.000,700.000,90.000,93.934,58,-1.000,-1.000
1664,11.750010,12.240930,11,1,0,3,0.000,1,6682.911,709.366,6.000,6770.000,700.000,90.000,93.934,58,-1.000,-1.000
1665,11.921174,11.740410,11,1,0,3,0.000,1,6682.911,709.366,6.000,6770.000,700.000,90.000,93.934,58,-1.000,-1.000
1666,10.324798,11.924124,11,1,0,3,0.000,1,6682.911,709.366,6.000,6770.000,700.000,90.000,93.934,58,-1.000,-1.000
1667,11.675309,10.311238,11,1,0,3,0.000,1,6682.911,709.366,6.000,6770.000,700.000,90.000,93.934,58,-1.000,-1.000
1668,11.802401,11.701489,11,1,0,3,0.000,1,6682.911,709.366,6.000,6770.000,700.000,90.000,93.934,58,-1.000,-1.000
1669,11.953304,11.817421,11,1,0,3,0.000,1,6682.911,709.366,6.000,6770.000,700.000,90.000,93.934,58,-1.000,-1.000
1670,12.702390,11.927214,11,1,0,3,0.000,1,6682.911,709.366,6.000,6770.000,700.000,90.000,93.934,58,-1.000,-1.000
1671,11.779961,12.680011,11,1,0,3,0.000,1,6682.911,709.366,6.000,6770.000,700.000,90.000,93.934,58,-1.000,-1.000
1672,12.451946,11.802020,11,1,0,3,0.000,1,6682.911,709.366,6.000,6770.000,700.000,90.000,93.934,58,-1.000,-1.000
1673,11.251839,12.469496,11,1,0,3,0.000,1,6682.911,709.366,6.000,6770.000,700.000,90.000,93.934,58,-1.000,-1.000
1674,11.858202,11.253889,11,1,0,3,0.000,1,6682.911,709.366,6.000,6770.000,700.000,90.000,93.934,58,-1.000,-1.000
1675,12.412314,11.865332,11,1,0,3,0.000,1,6682.911,709.366,6.000,6770.000,700.000,90.000,93.934,58,-1.000,-1.000
1676,12.553008,12.420424,11,1,0,3,0.000,1,6682.911,709.366,6.000,6770.000,700.000,90.000,93.934,58,-1.000,-1.000
1677,13.131930,12.608660,11,1,0,3,0.000,1,6682.911,709.366,6.000,6770.000,700.000,90.000,93.934,58,-1.000,-1.000
1678,13.499598,13.064639,11,1,0,3,0.000,1,6682.911,709.366,6.000,6770.000,700.000,90.000,90.925,58,-1.000,-1.000
1679,13.928348,13.545529,11,1,0,3,0.000,1,6682.911,709.366,6.000,6770.000,700.000,90.000,90.925,58,-1.000,-1.000
1680,12.556969,13.906987,11,1,0,3,0.000,1,6682.911,709.366,6.000,6770.000,700.000,90.000,90.925,58,-1.000,-1.000
1681,12.269221,12.581889,11,1,0,3,0.000,1,6682.911,709.366,6.000,6770.000,700.000,90.000,90.925,58,-1.000,-1.000
1682,12.970787,12.237450,11,1,0,3,0.000,1,6682.911,709.366,6.000,6770.000,700.000,90.000,90.925,58,-1.000,-1.000
1683,12.385923,12.970057,11,1,0,3,0.000,1,6682.911,709.366,6.000,6770.000,700.000,90.000,90.925,58,-1.000,-1.000
1684,14.936010,12.375724,11,1,0,3,0.000,1,6682.911,709.366,6.000,6770.000,700.000,90.000,90.925,58,-1.000,-1.000
1685,12.266571,14.941820,11,1,0,3,0.000,1,6682.911,709.366,6.000,6770.000,700.000,90.000,90.925,58,-1.000,-1.000
1686,12.264092,12.252862,11,1,0,3,0.000,1,6682.911,709.366,6.000,6770.000,700.000,90.000,90.925,58,-1.000,-1.000
1687,11.795291,12.275361,11,1,0,3,0.000,1,6682.911,709.366,6.000,6770.000,700.000,90.000,90.925,58,-1.000,-1.000
1688,12.478256,11.827932,11,1,0,3,0.000,1,6682.911,709.366,6.000,6770.000,700.000,90.000,90.925,58,-1.000,-1.000
1689,11.914253,12.427704,11,1,0,3,0.000,1,6682.911,709.366,6.000,6770.000,700.000,90.000,90.925,58,-1.000,-1.000
1690,12.436495,11.931244,11,1,0,3,0.000,1,6682.911,709.366,6.000,6770.000,700.000,90.000,90.925,58,-1.000,-1.000
1691,12.071357,12.408825,11,1,0,3,0.000,1,6682.911,709.366,6.000,6770.000,700.000,90.000,90.925,58,-1.000,-1.000
1692,11.667018,12.077787,11,1,0,3,0.000,1,6682.911,709.366,6.000,6770.000,700.000,90.000,90.925,58,-1.000,-1.000
1693,12.541668,11.667517,11,1,0,3,0.000,1,6682.911,709.366,6.000,6770.000,700.000,90.000,90.925,58,-1.000,-1.000
1694,11.952974,12.712842,11,1,0,3,0.000,1,6682.911,709.366,6.000,6770.000,700.000,90.000,90.925,58,-1.000,-1.000
1695,11.918523,11.845122,11,1,0,3,0.000,1,6682.911,709.366,6.000,6770.000,700.000,90.000,90.925,58,-1.000,-1.000
1696,10.792759,11.858402,11,1,0,3,0.000,1,6682.911,709.366,6.000,6770.000,700.000,90.000,90.925,58,-1.000,-1.000
1697,10.634906,10.795039,11,1,0,3,0.000,1,6682.911,709.366,6.000,6770.000,700.000,90.000,90.925,58,-1.000,-1.000
1698,10.385389,10.659035,11,1,0,3,0.000,1,6682.911,709.366,6.000,6770.000,700.000,90.000,90.925,58,-1.000,-1.000
1699,10.369010,10.335228,11,1,0,3,0.000,1,6682.911,709.366,6.000,6770.000,700.000,90.000,87.834,58,-1.000,-1.000
1700,10.175304,10.435562,11,1,0,3,0.000,1,6682.911,709.366,6.000,6770.000,700.000,90.000,87.834,58,-1.000,-1.000
1701,11.155417,10.111633,12,1,0,3,0.000,1,6682.911,709.366,6.000,6770.000,700.000,90.000,87.834,58,100.000,70.000
1702,10.965483,11.169217,12,1,0,3,0.000,1,6682.911,709.366,6.000,6770.000,700.000,90.000,87.834,58,100.000,70.000
1703,11.497473,10.969152,12,1,0,3,0.000,1,6682.911,709.366,6.000,6770.000,700.000,90.000,87.834,58,100.000,70.000
1704,11.415183,11.488815,12,1,0,3,0.000,1,6682.911,709.366,6.000,6770.000,700.000,90.000,87.834,58,100.000,70.000
1705,20.971534,11.425152,12,1,0,3,0.000,1,6682.911,709.366,6.000,6770.000,700.000,90.000,87.834,58,100.000,70.000
1706,12.265371,20.997195,12,1,0,3,0.000,1,6682.911,709.366,6.000,6770.000,700.000,90.000,87.834,58,100.000,70.000
1707,12.116298,12.223630,12,1,0,3,0.000,1,6682.911,709.366,6.000,6770.000,700.000,90.000,87.834,58,100.000,70.000
1708,11.485794,12.103707,12,1,0,3,0.000,1,6682.911,709.366,6.000,6770.000,700.000,90.000,87.834,58,100.000,70.000
1709,12.159879,11.522476,12,1,0,3,0.000,1,6682.911,709.366,6.000,6770.000,700.000,90.000,87.834,58,100.000,70.000
1710,12.182919,12.159178,12,1,0,3,0.000,1,6682.911,709.366,6.000,6770.000,700.000,90.000,87.834,58,100.000,70.000
1711,11.489434,12.178729,12,1,0,3,0.000,1,6682.911,709.366,6.000,6770.000,700.000,90.000,87.834,58,100.000,70.000
1712,11.998565,11.496045,12,1,0,3,0.000,1,6682.911,709.366,6.000,6770.000,700.000,90.000,87.834,58,100.000,70.000
1713,11.667839,12.002626,12,1,0,3,0.000,1,6682.911,709.366,6.000,6770.000,700.000,90.000,87.834,58,100.000,70.000
1714,11.593396,11.629506,12,1,0,3,0.000,1,6682.911,709.366,6.000,6770.000,700.000,90.000,87.834,58,100.000,70.000
1715,11.999596,11.631468,12,1,0,3,0.000,1,6682.911,709.366,6.000,6770.000,700.000,90.000,87.834,58,100.000,70.000
1716,11.908613,11.969374,12,1,0,3,0.000,1,6682.911,709.366,6.000,6770.000,700.000,90.000,87.834,58,100.000,70.000
1717,11.714619,11.940235,12,1,0,3,0.000,1,6682.911,709.366,6.000,6770.000,700.000,90.000,87.834,58,100.000,70.000
1718,11.378102,11.722139,12,1,0,3,0.000,1,6682.911,709.366,6.000,6770.000,700.000,90.000,87.834,58,100.000,70.000
1719,11.283739,11.388611,12,1,0,3,0.000,1,6682.911,709.366,6.000,6770.000,700.000,90.000,87.834,58,100.000,70.000
1720,11.639578,11.236539,12,1,0,3,0.000,1,6682.911,709.366,6.000,6770.000,700.000,90.000,84.812,58,100.000,70.000
1721,11.833721,11.663758,12,1,0,3,0.000,1,6682.911,709.366,6.000,6770.000,700.000,90.000,84.812,58,100.000,70.000
1722,11.731079,11.857562,12,1,0,3,0.000,1,6682.911,709.366,6.000,6770.000,700.000,90.000,84.812,58,96.943,66.943
1723,11.942815,11.712819,12,1,0,3,0.000,1,6682.911,709.366,6.000,6770.000,700.000,90.000,84.812,58,96.943,66.943
1724,12.809083,11.929374,12,1,0,3,0.000,1,6682.911,709.366,6.000,6770.000,700.000,90.000,84.812,58,96.943,66.943
1725,11.725000,12.813053,12,1,0,3,0.000,1,6682.911,709.366,6.000,6770.000,700.000,90.000,84.812,58,96.943,66.943
1726,11.879142,11.722120,12,1,0,3,0.000,1,6682.911,709.366,6.000,6770.000,700.000,90.000,84.812,58,96.943,66.943
1727,11.985825,11.888683,12,1,0,3,0.000,1,6682.911,709.366,6.000,6770.000,700.000,90.000,84.812,58,96.943,66.943
1728,12.825913,11.991925,12,1,0,3,0.000,1,6682.911,709.366,6.000,6770.000,700.000,90.000,84.812,58,96.943,66.943
1729,11.855473,12.784843,12,1,0,3,0.000,1,6682.911,709.366,6.000,6770.000,700.000,90.000,84.812,58,96.943,66.943
1730,11.633927,11.874241,12,1,0,3,0.000,1,6682.911,709.366,6.000,6770.000,700.000,90.000,84.812,58,96.943,66.943
1731,12.023306,11.623098,12,1,0,3,0.000,1,6682.911,709.366,6.000,6770.000,700.000,90.000,84.812,58,96.943,66.943
1732,11.736630,12.036776,12,1,0,3,0.000,1,6682.911,709.366,6.000,6770.000,700.000,90.000,84.812,58,96.943,66.943
1733,11.012903,11.751620,12,1,0,3,0.000,1,6682.911,709.366,6.000,6770.000,700.000,90.000,84.812,58,96.943,66.943
1734,12.828503,11.018954,12,1,0,3,0.000,1,6682.911,709.366,6.000,6770.000,700.000,90.000,84.812,58,96.943,66.943
1735,13.925518,12.842084,12,1,0,3,0.000,1,6682.911,709.366,6.000,6770.000,700.000,90.000,84.812,58,96.943,66.943
1736,13.116450,13.911988,12,1,0,3,0.000,1,6682.911,709.366,6.000,6770.000,700.000,90.000,84.812,58,96.943,66.943
1737,13.472689,13.182501,12,1,0,3,0.000,1,6682.911,709.366,6.000,6770.000,700.000,90.000,84.812,58,96.943,66.943
1738,12.454135,13.378495,12,1,0,3,0.000,1,6682.911,709.366,6.000,6770.000,700.000,90.000,84.812,58,96.943,66.943
1739,13.189192,12.484097,12,1,0,3,0.000,1,6682.911,709.366,6.000,6770.000,700.000,90.000,84.812,58,96.943,66.943
1740,13.383496,13.207962,12,1,0,3,0.000,1,6682.911,709.366,6.000,6770.000,700.000,90.000,84.812,58,96.943,66.943
1741,13.140210,13.331774,12,1,0,3,0.000,1,6682.911,709.366,6.000,6770.000,700.000,90.000,81.704,58,96.943,66.943
1742,12.627310,13.143791,12,1,0,3,0.000,1,6682.911,709.366,6.000,6770.000,700.000,90.000,81.704,58,96.943,66.943
1743,12.306952,12.627660,12,1,0,3,0.000,1,6682.911,709.366,6.000,6770.000,700.000,90.000,81.704,58,93.808,63.808
1744,12.352922,12.303651,12,1,0,3,0.000,1,6682.911,709.366,6.000,6770.000,700.000,90.000,81.704,58,93.808,63.808
1745,11.591867,12.445776,12,1,0,3,0.000,1,6682.911,709.366,6.000,6770.000,700.000,90.000,81.704,58,93.808,63.808
1746,15.729178,11.525384,12,1,0,3,0.000,1,6682.911,709.366,6.000,6770.000,700.000,90.000,81.704,58,93.808,63.808
1747,13.938889,15.706678,12,1,0,3,0.000,1,6682.911,709.366,6.000,6770.000,700.000,90.000,81.704,58,93.808,63.808
1748,13.410946,13.944429,12,1,0,3,0.000,1,6682.911,709.366,6.000,6770.000,700.000,90.000,81.704,58,93.808,63.808
1749,13.275333,13.417046,12,1,0,3,0.000,1,6682.911,709.366,6.000,6770.000,700.000,90.000,81.704,58,93.808,63.808
1750,13.328225,13.283723,12,1,0,3,0.000,1,6682.911,709.366,6.000,6770.000,700.000,90.000,81.704,58,93.808,63.808
1751,13.299744,13.315015,12,1,0,3,0.000,1,6682.911,709.366,6.000,6770.000,700.000,90.000,81.704,58,93.808,63.808
1752,13.577860,13.307034,12,1,0,3,0.000,1,6682.911,709.366,6.000,6770.000,700.000,90.000,81.704,58,93.808,63.808
1753,11.127417,13.593811,12,1,0,3,0.000,1,6682.911,709.366,6.000,6770.000,700.000,90.000,81.704,58,93.808,63.808
1754,10.078543,11.075615,12,1,0,3,0.000,1,6682.911,709.366,6.000,6770.000,700.000,90.000,81.704,58,93.808,63.808
1755,10.401689,10.077093,12,1,0,3,0.000,1,6682.911,709.366,6.000,6770.000,700.000,90.000,81.704,58,93.808,63.808
1756,10.159655,10.402010,12,1,0,3,0.000,1,6682.911,709.366,6.000,6770.000,700.000,90.000,81.704,58,93.808,63.808
1757,12.032186,10.170964,12,1,0,3,0.000,1,6682.911,709.366,6.000,6770.000,700.000,90.000,81.704,58,93.808,63.808
1758,11.310641,12.066427,12,1,0,3,0.000,1,6682.911,709.366,6.000,6770.000,700.000,90.000,81.704,58,93.808,63.808
1759,12.303781,11.296311,12,1,0,3,0.000,1,6682.911,709.366,6.000,6770.000,700.000,90.000,81.704,58,93.808,63.808
1760,11.873683,12.294771,12,1,0,3,0.000,1,6682.911,709.366,6.000,6770.000,700.000,90.000,81.704,58,93.808,63.808
1761,11.133386,11.949215,12,1,0,3,0.000,1,6682.911,709.366,6.000,6770.000,700.000,90.000,81.704,58,93.808,63.808
1762,11.436323,11.046644,12,1,0,3,0.000,1,6682.911,709.366,6.000,6770.000,700.000,90.000,78.596,58,93.808,63.808
1763,10.610775,11.491184,12,1,0,3,0.000,1,6682.911,709.366,6.000,6770.000,700.000,90.000,78.596,58,93.808,63.808
1764,10.430700,10.553773,12,1,0,3,0.000,1,6682.911,709.366,6.000,6770.000,700.000,90.000,78.596,58,90.744,60.744
1765,10.893891,10.509473,12,1,0,3,0.000,1,6682.911,709.366,6.000,6770.000,700.000,90.000,78.596,58,90.744,60.744
1766,12.003065,10.914061,12,1,0,3,0.000,1,6682.911,709.366,6.000,6770.000,700.000,90.000,78.596,58,90.744,60.744
1767,10.232617,11.994585,12,1,0,3,0.000,1,6682.911,709.366,6.000,6770.000,700.000,90.000,78.596,58,90.744,60.744
1768,12.098767,10.186866,12,1,0,3,0.000,1,6682.911,709.366,6.000,6770.000,700.000,90.000,78.596,58,90.744,60.744
1769,11.917654,12.063787,12,1,0,3,0.000,1,6682.911,709.366,6.000,6770.000,700.000,90.000,78.596,58,90.744,60.744
1770,11.856702,11.937374,12,1,0,3,0.000,1,6682.911,709.366,6.000,6770.000,700.000,90.000,78.596,58,90.744,60.744
1771,11.962654,11.858661,12,1,0,3,0.000,1,6682.911,709.366,6.000,6770.000,700.000,90.000,78.596,58,90.744,60.744
1772,13.873287,11.987095,12,1,0,3,0.000,1,6682.911,709.366,6.000,6770.000,700.000,90.000,78.596,58,90.744,60.744
1773,13.131141,13.912698,12,1,0,3,0.000,1,6682.911,709.366,6.000,6770.000,700.000,90.000,78.596,58,90.744,60.744
1774,15.156305,13.079699,12,1,0,3,0.000,1,6682.911,709.366,6.000,6770.000,700.000,90.000,78.596,58,90.744,60.744
1775,11.510155,15.150176,12,1,0,3,0.000,1,6682.911,709.366,6.000,6770.000,700.000,90.000,78.596,58,90.744,60.744
1776,10.842150,11.453323,12,1,0,3,0.000,1,6682.911,709.366,6.000,6770.000,700.000,90.000,78.596,58,90.744,60.744
1777,11.927583,10.847900,12,1,0,3,0.000,1,6682.911,709.366,6.000,6770.000,700.000,90.000,78.596,58,90.744,60.744
1778,11.786120,11.930884,12,1,0,3,0.000,1,6682.911,709.366,6.000,6770.000,700.000,90.000,78.596,58,90.744,60.744
1779,12.549498,11.784411,12,1,0,3,0.000,1,6682.911,709.366,6.000,6770.000,700.000,90.000,78.596,58,90.744,60.744
1780,11.702769,12.556577,12,1,0,3,0.000,1,6682.911,709.366,6.000,6770.000,700.000,90.000,78.596,58,90.744,60.744
1781,12.513587,11.690018,12,1,0,3,0.000,1,6682.911,709.366,6.000,6770.000,700.000,90.000,78.596,58,90.744,60.744
1782,11.935954,12.518487,12,1,0,3,0.000,1,6682.911,709.366,6.000,6770.000,700.000,90.000,78.596,58,90.744,60.744
1783,12.724031,11.961564,12,1,0,3,0.000,1,6682.911,709.366,6.000,6770.000,700.000,90.000,75.591,58,90.744,60.744
1784,13.938599,12.699392,12,1,0,3,0.000,1,6682.911,709.366,6.000,6770.000,700.000,90.000,75.591,58,90.744,60.744
1785,13.076369,14.091401,12,1,0,3,0.000,1,6682.911,709.366,6.000,6770.000,700.000,90.000,75.591,58,87.683,57.683
1786,12.818903,13.022578,12,1,0,3,0.000,1,6682.911,709.366,6.000,6770.000,700.000,90.000,75.591,58,87.683,57.683
1787,12.183850,12.767643,12,1,0,3,0.000,1,6682.911,709.366,6.000,6770.000,700.000,90.000,75.591,58,87.683,57.683
1788,13.151960,12.152998,12,1,0,3,0.000,1,6682.911,709.366,6.000,6770.000,700.000,90.000,75.591,58,87.683,57.683
1789,12.526757,13.152661,12,1,0,3,0.000,1,6682.911,709.366,6.000,6770.000,700.000,90.000,75.591,58,87.683,57.683
1790,12.541057,12.618739,12,1,0,3,0.000,1,6682.911,709.366,6.000,6770.000,700.000,90.000,75.591,58,87.683,57.683
1791,13.152591,12.484856,12,1,0,3,0.000,1,6682.911,709.366,6.000,6770.000,700.000,90.000,75.591,58,87.683,57.683
1792,13.153451,13.253494,12,1,0,3,0.000,1,6682.911,709.366,6.000,6770.000,700.000,90.000,75.591,58,87.683,57.683
1793,12.853604,13.093509,12,1,0,3,0.000,1,6682.911,709.366,6.000,6770.000,700.000,90.000,75.591,58,87.683,57.683
1794,13.670833,12.822853,12,1,0,3,0.000,1,6682.911,709.366,6.000,6770.000,700.000,90.000,75.591,58,87.683,57.683
1795,12.754162,13.707543,12,1,0,3,0.000,1,6682.911,709.366,6.000,6770.000,700.000,90.000,75.591,58,87.683,57.683
1796,12.857644,13.420018,12,1,0,3,0.000,1,6682.911,709.366,6.000,6770.000,700.000,90.000,75.591,58,87.683,57.683
1797,11.960534,12.527826,12,1,0,3,0.000,1,6682.911,709.366,6.000,6770.000,700.000,90.000,75.591,58,87.683,57.683
1798,12.398845,11.555406,12,1,0,3,0.000,1,6682.911,709.366,6.000,6770.000,700.000,90.000,75.591,58,87.683,57.683
1799,12.600408,12.870434,12,1,0,3,0.000,1,6682.911,709.366,6.000,6770.000,700.000,90.000,75.591,58,87.683,57.683
1800,12.344074,12.396105,12,1,0,3,0.000,1,6682.911,709.366,6.000,6770.000,700.000,90.000,75.591,58,87.683,57.683
1801,12.653529,12.670750,12,1,0,3,0.000,1,6682.911,709.366,6.000,6770.000,700.000,90.000,75.591,58,87.683,57.683
1802,12.170460,12.535487,12,1,0,3,0.000,1,6682.911,709.366,6.000,6770.000,700.000,90.000,75.591,58,87.683,57.683
1803,12.008565,12.181629,12,1,0,3,0.000,1,6682.911,709.366,6.000,6770.000,700.000,90.000,72.519,58,87.683,57.683
1804,12.307012,11.996455,12,1,0,3,0.000,1,6682.911,709.366,6.000,6770.000,700.000,90.000,72.519,58,87.683,57.683
1805,12.602918,12.406885,12,1,0,3,0.000,1,6682.911,709.366,6.000,6770.000,700.000,90.000,72.519,58,84.639,54.639
1806,12.777183,12.679970,12,1,0,3,0.000,1,6682.911,709.366,6.000,6770.000,700.000,90.000,72.519,58,84.639,54.639
1807,12.745532,12.911486,12,1,0,3,0.000,1,6682.911,709.366,6.000,6770.000,700.000,90.000,72.519,58,84.639,54.639
1808,12.355753,12.621209,12,1,0,3,0.000,1,6682.911,709.366,6.000,6770.000,700.000,90.000,72.519,58,84.639,54.639
1809,12.863255,12.227360,12,1,0,3,0.000,1,6682.911,709.366,6.000,6770.000,700.000,90.000,72.519,58,84.639,54.639
1810,12.741952,12.837034,12,1,0,3,0.000,1,6682.911,709.366,6.000,6770.000,700.000,90.000,72.519,58,84.639,54.639
1811,12.581517,12.757033,12,1,0,3,0.000,1,6682.911,709.366,6.000,6770.000,700.000,90.000,72.519,58,84.639,54.639
1812,12.416036,12.759911,12,1,0,3,0.000,1,6682.911,709.366,6.000,6770.000,700.000,90.000,72.519,58,84.639,54.639
1813,13.015897,12.186880,12,1,0,3,0.000,1,6682.911,709.366,6.000,6770.000,700.000,90.000,72.519,58,84.639,54.639
1814,12.272401,13.125761,12,1,0,3,0.000,1,6682.911,709.366,6.000,6770.000,700.000,90.000,72.519,58,84.639,54.639
1815,11.754871,12.211469,12,1,0,3,0.000,1,6682.911,709.366,6.000,6770.000,700.000,90.000,72.519,58,84.639,54.639
1816,12.766482,11.590986,12,1,0,3,0.000,1,6682.911,709.366,6.000,6770.000,700.000,90.000,72.519,58,84.639,54.639
1817,11.992305,12.487397,12,1,0,3,0.000,1,6682.911,709.366,6.000,6770.000,700.000,90.000,72.519,58,84.639,54.639
1818,11.751550,12.003695,12,1,0,3,0.000,1,6682.911,709.366,6.000,6770.000,700.000,90.000,72.519,58,84.639,54.639
1819,11.588006,11.747920,12,1,0,3,0.000,1,6682.911,709.366,6.000,6770.000,700.000,90.000,72.519,58,84.639,54.639
1820,11.390852,11.606916,12,1,0,3,0.000,1,6682.911,709.366,6.000,6770.000,700.000,90.000,72.519,58,84.639,54.639
1821,12.326473,11.562887,12,1,0,3,0.000,1,6682.911,709.366,6.000,6770.000,700.000,90.000,72.519,58,84.639,54.639
1822,12.392084,12.031696,12,1,0,3,0.000,1,6682.911,709.366,6.000,6770.000,700.000,90.000,72.519,58,84.639,54.639
1823,12.689491,12.452904,28,1,0,3,0.000,1,6682.911,709.366,6.000,6770.000,700.000,90.000,72.519,58,84.639,54.639
1824,185.668525,12.755433,28,1,0,3,0.000,1,6682.911,709.366,6.000,6770.000,700.000,90.000,69.412,58,84.639,54.639
1825,7.771152,185.497192,28,1,0,3,0.000,1,6682.911,709.366,6.000,6770.000,700.000,90.000,69.412,58,79.599,49.599
1826,2.554937,8.333654,28,1,0,3,0.000,1,6682.911,709.366,6.000,6770.000,700.000,90.000,69.412,58,79.599,49.599
1827,11.675527,8.333844,28,1,0,3,0.000,1,6682.911,709.366,6.000,6770.000,700.000,90.000,69.412,58,79.599,49.599
1828,10.980243,8.333775,28,1,0,3,0.000,1,6682.911,709.366,6.000,6770.000,700.000,90.000,69.412,58,79.599,49.599
1829,12.551468,8.334154,28,1,0,3,0.000,1,6682.911,709.366,6.000,6770.000,700.000,90.000,69.412,58,79.599,49.599
1830,12.583138,12.157709,28,1,0,3,0.000,1,6682.911,709.366,6.000,6770.000,700.000,90.000,69.412,58,79.599,49.599
1831,12.993057,12.593469,28,1,0,3,0.000,1,6682.911,709.366,6.000,6770.000,700.000,90.000,69.412,58,79.599,49.599
1832,12.711312,13.162701,28,1,0,3,0.000,1,6682.911,709.366,6.000,6770.000,700.000,90.000,66.331,58,79.599,49.599
1833,12.575668,12.637809,28,1,0,3,0.000,1,6682.911,709.366,6.000,6770.000,700.000,90.000,66.331,58,79.599,49.599
1834,12.363783,12.583558,28,1,0,3,0.000,1,6682.911,709.366,6.000,6770.000,700.000,90.000,66.331,58,79.599,49.599
1835,11.048044,12.344913,28,1,0,3,0.000,1,6682.911,709.366,6.000,6770.000,700.000,90.000,66.331,58,79.599,49.599
1836,11.292930,11.189798,28,1,0,3,0.000,1,6682.911,709.366,6.000,6770.000,700.000,90.000,66.331,58,79.599,49.599
1837,11.594397,11.100925,28,1,0,3,0.000,1,6682.911,709.366,6.000,6770.000,700.000,90.000,66.331,58,79.599,49.599
1838,12.780232,11.596086,28,1,0,3,0.000,1,6682.911,709.366,6.000,6770.000,700.000,90.000,66.331,58,79.599,49.599
1839,13.877708,12.744812,28,1,0,3,0.000,1,6682.911,709.366,6.000,6770.000,700.000,90.000,66.331,58,79.599,49.599
1840,11.148496,13.912958,28,1,0,3,0.000,1,6682.911,709.366,6.000,6770.000,700.000,90.000,66.331,58,79.599,49.599
1841,10.055952,11.217118,28,1,0,3,0.000,1,6682.911,709.366,6.000,6770.000,700.000,90.000,66.331,58,79.599,49.599
1842,11.258319,10.013421,28,1,0,3,0.000,1,6682.911,709.366,6.000,6770.000,700.000,90.000,66.331,58,79.599,49.599
1843,12.173619,11.224758,28,1,0,3,0.000,1,6682.911,709.366,6.000,6770.000,700.000,90.000,66.331,58,79.599,49.599
1844,11.798101,12.195700,28,1,0,3,0.000,1,6682.911,709.366,6.000,6770.000,700.000,90.000,66.331,58,79.599,49.599
1845,11.642418,11.762700,28,1,0,3,0.000,1,6682.911,709.366,6.000,6770.000,700.000,90.000,66.331,58,79.599,49.599
1846,12.004495,11.665579,28,1,0,3,0.000,1,6682.911,709.366,6.000,6770.000,700.000,90.000,66.331,58,79.599,49.599
1847,12.020226,11.988085,28,1,0,3,0.000,1,6682.911,709.366,6.000,6770.000,700.000,90.000,66.331,58,79.599,49.599
1848,12.118668,12.035366,28,1,0,3,0.000,1,6682.911,709.366,6.000,6770.000,700.000,90.000,66.331,58,76.461,46.461
1849,11.761300,12.118488,28,1,0,3,0.000,1,6682.911,709.366,6.000,6770.000,700.000,90.000,66.331,58,76.461,46.461
1850,10.931092,11.744090,28,1,0,3,0.000,1,6682.911,709.366,6.000,6770.000,700.000,90.000,66.331,58,76.461,46.461
1851,11.241959,10.927041,28,1,0,3,0.000,1,6682.911,709.366,6.000,6770.000,700.000,90.000,66.331,58,76.461,46.461
1852,11.413841,11.228379,13,1,0,3,0.000,1,6682.911,709.366,6.000,6770.000,700.000,90.000,66.331,58,76.461,46.461
1853,12.620170,11.422332,13,1,0,3,0.000,1,6682.911,709.366,6.000,6140.000,390.000,90.000,66.331,58,76.461,46.461
1854,17.187560,12.675200,13,1,0,3,0.000,1,6682.911,709.366,6.000,6140.000,390.000,90.000,66.331,58,76.461,46.461
1855,14.353007,17.154079,13,1,0,3,0.000,1,6682.911,709.366,6.000,6140.000,390.000,90.000,66.331,58,76.461,46.461
1856,12.128848,14.341827,13,1,0,3,0.000,1,6682.911,709.366,6.000,6140.000,390.000,90.000,66.331,58,76.461,46.461
1857,12.062348,12.120229,13,1,0,3,0.000,1,6682.911,709.366,6.000,6140.000,390.000,90.000,66.331,58,76.461,46.461
1858,11.177607,12.059697,13,1,0,3,0.000,1,6682.911,709.366,6.000,6140.000,390.000,90.000,66.331,58,76.461,46.461
1859,11.640186,11.187327,13,1,0,3,0.000,1,6682.911,709.366,6.000,6140.000,390.000,90.000,66.331,58,76.461,46.461
1860,12.057577,11.629927,13,1,0,3,0.000,1,6682.911,709.366,6.000,6140.000,390.000,90.000,66.331,58,76.461,46.461
1861,11.965815,12.065737,13,1,0,3,0.000,1,6682.911,709.366,6.000,6140.000,390.000,90.000,66.331,58,76.461,46.461
1862,12.317553,11.976404,13,1,0,3,0.000,1,6682.911,709.366,6.000,6140.000,390.000,90.000,66.331,58,76.461,46.461
1863,11.634056,12.310043,13,1,0,3,0.000,1,6682.911,709.366,6.000,6140.000,390.000,90.000,66.331,58,76.461,46.461
1864,13.097410,11.638887,13,1,0,3,0.000,1,6682.911,709.366,6.000,6140.000,390.000,90.000,66.331,58,76.461,46.461
1865,12.227641,13.066509,13,1,0,3,0.000,1,6682.911,709.366,6.000,6140.000,390.000,90.000,66.331,58,76.461,46.461
1866,12.250111,12.278202,13,1,0,3,0.000,1,6682.911,709.366,6.000,6140.000,390.000,90.000,66.331,58,76.461,46.461
1867,12.013215,12.274341,13,1,0,3,0.000,1,6682.911,709.366,6.000,6140.000,390.000,90.000,66.331,58,76.461,46.461
1868,12.946907,12.045257,13,1,0,3,0.000,1,6682.911,709.366,6.000,6140.000,390.000,90.000,66.331,58,76.461,46.461
1869,13.383265,12.935116,13,1,0,3,0.000,1,6682.911,709.366,6.000,6140.000,390.000,90.000,66.331,58,73.351,43.351
1870,12.776323,13.366655,13,1,0,3,0.000,1,6682.911,709.366,6.000,6140.000,390.000,90.000,66.331,58,73.351,43.351
1871,13.156961,12.768942,13,1,0,3,0.000,1,6682.911,709.366,6.000,6140.000,390.000,90.000,66.331,58,73.351,43.351
1872,13.673543,13.161211,13,1,0,3,0.000,1,6682.911,709.366,6.000,6140.000,390.000,90.000,66.331,58,73.351,43.351
1873,12.813933,13.696044,13,1,0,3,0.000,1,6682.911,709.366,6.000,6140.000,390.000,90.000,66.331,58,73.351,43.351
1874,13.064249,12.822383,13,1,0,3,0.000,1,6682.911,709.366,6.000,6140.000,390.000,90.000,66.331,58,73.351,43.351
1875,12.509996,13.043029,13,1,0,3,0.000,1,6682.911,709.366,6.000,6140.000,390.000,90.000,66.331,58,73.351,43.351
1876,15.023862,12.506126,13,1,0,3,0.000,1,6682.911,709.366,6.000,6140.000,390.000,90.000,66.331,58,73.351,43.351
1877,13.478279,15.012492,13,1,0,3,0.000,1,6682.911,709.366,6.000,6140.000,390.000,90.000,66.331,58,73.351,43.351
1878,14.082141,13.507069,13,1,0,3,0.000,1,6682.911,709.366,6.000,6140.000,390.000,90.000,66.331,58,73.351,43.351
1879,13.084540,14.071281,13,1,0,3,0.000,1,6682.911,709.366,6.000,6140.000,390.000,90.000,66.331,58,73.351,43.351
1880,12.306401,13.089259,13,1,0,3,0.000,1,6682.911,709.366,6.000,6140.000,390.000,90.000,66.331,58,73.351,43.351
1881,12.830224,12.287232,13,1,0,3,0.000,1,6682.911,709.366,6.000,6140.000,390.000,90.000,66.331,58,73.351,43.351
1882,12.170349,12.846144,13,1,0,3,0.000,1,6682.911,709.366,6.000,6140.000,390.000,90.000,66.331,58,73.351,43.351
1883,11.655078,12.151039,13,1,0,3,0.000,1,6682.911,709.366,6.000,6140.000,390.000,90.000,66.331,58,73.351,43.351
1884,12.247161,11.670928,13,1,0,3,0.000,1,6682.911,709.366,6.000,6140.000,390.000,90.000,66.331,58,73.351,43.351
1885,12.153639,12.233570,13,1,0,3,0.000,1,6682.911,709.366,6.000,6140.000,390.000,90.000,66.331,58,73.351,43.351
1886,12.354172,12.147079,13,1,0,3,0.000,1,6682.911,709.366,6.000,6140.000,390.000,90.000,66.331,58,73.351,43.351
1887,12.488367,12.454536,13,1,0,3,0.000,1,6682.911,709.366,6.000,6140.000,390.000,90.000,66.331,58,73.351,43.351
1888,11.824402,12.434864,13,1,0,3,0.000,1,6682.911,709.366,6.000,6140.000,390.000,90.000,66.331,58,73.351,43.351
1889,12.207399,11.839952,13,1,0,3,0.000,1,6682.911,709.366,6.000,6140.000,390.000,90.000,66.331,58,70.265,40.265
1890,12.835714,12.191340,13,1,0,3,0.000,1,6682.911,709.366,6.000,6140.000,390.000,90.000,66.331,58,70.265,40.265
1891,12.725892,12.858994,13,1,0,3,0.000,1,6682.911,709.366,6.000,6140.000,390.000,90.000,66.331,58,70.265,40.265
1892,12.526837,12.700531,14,1,0,3,0.000,1,6682.911,709.366,6.000,6140.000,390.000,90.000,66.331,58,70.265,40.265
1893,12.418864,12.517797,14,0,0,4,0.000,1,6682.911,709.366,6.000,6140.000,390.000,90.000,66.331,58,70.265,40.265
1894,13.553020,12.496286,14,0,0,4,0.000,1,6682.911,709.366,6.000,6140.000,390.000,90.000,66.331,58,70.265,40.265
1895,13.352955,13.482528,14,0,0,4,0.000,1,6682.911,709.366,6.000,6140.000,390.000,90.000,66.331,58,70.265,40.265
1896,11.864222,13.350516,14,0,0,4,0.000,1,6682.911,709.366,6.000,6140.000,390.000,90.000,66.331,58,70.265,40.265
1897,12.385215,11.861211,14,0,0,4,0.000,1,6682.911,709.366,6.000,6140.000,390.000,90.000,66.331,58,70.265,40.265
1898,13.684162,12.403435,14,0,0,4,0.000,1,6682.911,709.366,6.000,6140.000,390.000,90.000,66.331,58,70.265,40.265
1899,13.150290,13.663923,14,0,0,4,0.000,1,6682.911,709.366,6.000,6140.000,390.000,90.000,66.331,58,70.265,40.265
1900,13.068089,13.157381,15,0,0,4,0.000,1,6682.911,709.366,6.000,6140.000,390.000,90.000,66.331,58,70.265,40.265
1901,12.789603,13.067239,15,0,0,4,0.000,1,6682.911,709.366,6.000,6770.000,700.000,90.000,66.331,58,70.265,40.265
1902,14.353149,12.797233,15,0,0,4,0.000,1,6682.911,709.366,6.000,6770.000,700.000,90.000,66.331,58,70.265,40.265
1903,14.597662,14.389368,15,0,0,4,0.000,1,6682.911,709.366,6.000,6770.000,700.000,90.000,66.331,58,70.265,40.265
1904,14.162093,14.547991,15,0,0,4,0.000,1,6682.911,709.366,6.000,6770.000,700.000,90.000,66.331,58,70.265,40.265
1905,13.992519,14.147983,15,0,0,4,0.000,1,6682.911,709.366,6.000,6770.000,700.000,90.000,66.331,58,70.265,40.265
1906,14.161844,14.010130,15,0,0,4,0.000,1,6682.911,709.366,6.000,6770.000,700.000,90.000,66.331,58,70.265,40.265
1907,12.577468,14.193044,15,0,0,4,0.000,1,6682.911,709.366,6.000,6770.000,700.000,90.000,66.331,58,70.265,40.265
1908,12.398744,12.547267,15,0,0,4,0.000,1,6682.911,709.366,6.000,6770.000,700.000,90.000,66.331,58,70.265,40.265
1909,11.868852,12.459336,15,0,0,4,0.000,1,6682.911,709.366,6.000,6770.000,700.000,90.000,66.331,58,70.265,40.265
1910,12.190821,11.844132,15,0,0,4,0.000,1,6682.911,709.366,6.000,6770.000,700.000,90.000,66.331,58,70.265,40.265
1911,11.724278,12.236570,15,0,0,4,0.000,1,6682.911,709.366,6.000,6770.000,700.000,90.000,66.331,58,70.265,40.265
1912,12.635770,11.635147,15,0,0,4,0.000,1,6682.911,709.366,6.000,6770.000,700.000,90.000,66.331,58,70.265,40.265
1913,12.158489,12.639210,15,0,0,4,0.000,1,6682.911,709.366,6.000,6770.000,700.000,90.000,66.331,58,70.265,40.265
1914,12.192319,12.189499,15,0,0,4,0.000,1,6682.911,709.366,6.000,6770.000,700.000,90.000,66.331,58,70.265,40.265
1915,12.152499,12.165859,15,0,0,4,0.000,1,6682.911,709.366,6.000,6770.000,700.000,90.000,66.331,58,70.265,40.265
1916,11.727269,12.147920,15,0,0,4,0.000,1,6682.911,709.366,6.000,6770.000,700.000,90.000,66.331,58,70.265,40.265
1917,11.202398,11.724828,15,0,0,4,0.000,1,6682.911,709.366,6.000,6770.000,700.000,90.000,66.331,58,70.265,40.265
1918,12.948536,11.248010,15,0,0,4,0.000,1,6682.911,709.366,6.000,6770.000,700.000,90.000,66.331,58,70.265,40.265
1919,12.883495,12.890144,15,0,0,4,0.000,1,6682.911,709.366,6.000,6770.000,700.000,90.000,66.331,58,70.265,40.265
1920,13.187272,12.890485,15,0,0,4,0.000,1,6682.911,709.366,6.000,6770.000,700.000,90.000,66.331,58,70.265,40.265
1921,13.244053,13.167662,15,0,0,4,0.000,1,6682.911,709.366,6.000,6770.000,700.000,90.000,66.331,58,70.265,40.265
1922,13.659152,13.305594,15,0,0,4,0.000,1,6682.911,709.366,6.000,6770.000,700.000,90.000,66.331,58,70.265,40.265
1923,13.048858,13.595080,15,0,0,4,0.000,1,6682.911,709.366,6.000,6770.000,700.000,90.000,66.331,58,70.265,40.265
1924,12.113888,13.037558,15,0,0,4,0.000,1,6682.911,709.366,6.000,6770.000,700.000,90.000,66.331,58,70.265,40.265
1925,14.123552,12.118059,15,0,0,4,0.000,1,6682.911,709.366,6.000,6770.000,700.000,90.000,66.331,58,70.265,40.265
1926,14.005570,14.157083,15,0,0,4,0.000,1,6682.911,709.366,6.000,6770.000,700.000,90.000,66.331,58,70.265,40.265
1927,12.163090,14.071651,15,0,0,4,0.000,1,6682.911,709.366,6.000,6770.000,700.000,90.000,66.331,58,70.265,40.265
1928,12.228110,12.123948,15,0,0,4,0.000,1,6682.911,709.366,6.000,6770.000,700.000,90.000,66.331,58,70.265,40.265
1929,12.866935,12.204690,15,0,0,4,0.000,1,6682.911,709.366,6.000,6770.000,700.000,90.000,66.331,58,70.265,40.265
1930,12.402603,12.846424,15,0,0,4,0.000,1,6682.911,709.366,6.000,6770.000,700.000,90.000,66.331,58,70.265,40.265
1931,12.809174,12.397224,15,0,0,4,0.000,1,6682.911,709.366,6.000,6770.000,700.000,90.000,66.331,58,70.265,40.265
1932,11.993225,12.822194,15,0,0,4,0.000,1,6682.911,709.366,6.000,6770.000,700.000,90.000,66.331,58,70.265,40.265
1933,12.151909,12.001805,15,0,0,4,0.000,1,6682.911,709.366,6.000,6770.000,700.000,90.000,66.331,58,70.265,40.265
1934,12.724031,12.162619,15,0,0,4,0.000,1,6682.911,709.366,6.000,6770.000,700.000,90.000,66.331,58,70.265,40.265
1935,11.972425,12.701091,15,0,0,4,0.000,1,6682.911,709.366,6.000,6770.000,700.000,90.000,66.331,58,70.265,40.265
1936,11.328020,11.973145,15,0,0,4,0.000,1,6682.911,709.366,6.000,6770.000,700.000,90.000,66.331,58,70.265,40.265
1937,11.294750,11.341820,15,0,0,4,0.000,1,6682.911,709.366,6.000,6770.000,700.000,90.000,66.331,58,70.265,40.265
1938,10.211516,11.270270,15,0,0,4,0.000,1,6682.911,709.366,6.000,6770.000,700.000,90.000,66.331,58,70.265,40.265
1939,10.091793,10.239326,15,0,0,4,0.000,1,6682.911,709.366,6.000,6770.000,700.000,90.000,66.331,58,70.265,40.265
1940,9.885939,10.068243,15,0,0,4,0.000,1,6682.911,709.366,6.000,6770.000,700.000,90.000,66.331,58,70.265,40.265
1941,9.866747,9.932930,15,0,0,4,0.000,1,6682.911,709.366,6.000,6770.000,700.000,90.000,66.331,58,70.265,40.265
1942,11.275531,9.870388,15,0,0,4,0.000,1,6682.911,709.366,6.000,6770.000,700.000,90.000,66.331,58,70.265,40.265
1943,10.234086,11.226728,15,0,0,4,0.000,1,6682.911,709.366,6.000,6770.000,700.000,90.000,66.331,58,70.265,40.265
1944,9.969200,10.233576,15,0,0,4,0.000,1,6682.911,709.366,6.000,6770.000,700.000,90.000,66.331,58,70.265,40.265
1945,10.591204,9.960960,15,0,0,4,0.000,1,6682.911,709.366,6.000,6770.000,700.000,90.000,66.331,58,70.265,40.265
1946,10.671836,10.625446,15,0,0,4,0.000,1,6682.911,709.366,6.000,6770.000,700.000,90.000,66.331,58,70.265,40.265
1947,10.090403,10.639944,15,0,0,4,0.000,1,6682.911,709.366,6.000,6770.000,700.000,90.000,66.331,58,70.265,40.265
1948,9.638204,10.115264,15,0,0,4,0.000,1,6682.911,709.366,6.000,6770.000,700.000,90.000,66.331,58,70.265,40.265
1949,9.862868,9.618783,15,0,0,4,0.000,1,6682.911,709.366,6.000,6770.000,700.000,90.000,66.331,58,70.265,40.265
1950,9.471919,9.862808,15,0,0,4,0.000,1,6682.911,709.366,6.000,6770.000,700.000,90.000,66.331,58,70.265,40.265
1951,10.034862,9.464429,15,0,0,4,0.000,1,6682.911,709.366,6.000,6770.000,700.000,90.000,66.331,58,70.265,40.265
1952,9.670714,10.040162,15,0,0,4,0.000,1,6682.911,709.366,6.000,6770.000,700.000,90.000,66.331,58,70.265,40.265
1953,10.061022,9.661674,15,0,0,4,0.000,1,6682.911,709.366,6.000,6770.000,700.000,90.000,66.331,58,70.265,40.265
1954,9.568121,10.060803,15,0,0,4,0.000,1,6682.911,709.366,6.000,6770.000,700.000,90.000,66.331,58,70.265,40.265
1955,9.579393,9.589902,15,0,0,4,0.000,1,6682.911,709.366,6.000,6770.000,700.000,90.000,66.331,58,70.265,40.265
1956,9.690664,9.563261,15,0,0,4,0.000,1,6682.911,709.366,6.000,6770.000,700.000,90.000,66.331,58,70.265,40.265
1957,9.523080,9.682414,15,0,0,4,0.000,1,6682.911,709.366,6.000,6770.000,700.000,90.000,66.331,58,70.265,40.265
1958,9.477150,9.550891,15,0,0,4,0.000,1,6682.911,709.366,6.000,6770.000,700.000,90.000,66.331,58,70.265,40.265
1959,9.913690,9.487220,15,0,0,4,0.000,1,6682.911,709.366,6.000,6770.000,700.000,90.000,66.331,58,70.265,40.265
1960,9.454448,9.884299,15,0,0,4,0.000,1,6682.911,709.366,6.000,6770.000,700.000,90.000,66.331,58,70.265,40.265
1961,9.637674,9.464059,15,0,0,4,0.000,1,6682.911,709.366,6.000,6770.000,700.000,90.000,66.331,58,70.265,40.265
1962,9.143582,9.617883,15,0,0,4,0.000,1,6682.911,709.366,6.000,6770.000,700.000,90.000,66.331,58,70.265,40.265
1963,9.200363,9.148832,15,0,0,4,0.000,1,6682.911,709.366,6.000,6770.000,700.000,90.000,66.331,58,70.265,40.265
1964,9.617433,9.195313,15,0,0,4,0.000,1,6682.911,709.366,6.000,6770.000,700.000,90.000,66.331,58,70.265,40.265
1965,9.945530,9.626344,15,0,0,4,0.000,1,6682.911,709.366,6.000,6770.000,700.000,90.000,66.331,58,70.265,40.265
1966,9.729425,9.948260,15,0,0,4,0.000,1,6682.911,709.366,6.000,6770.000,700.000,90.000,66.331,58,70.265,40.265
1967,9.560241,9.757426,15,0,0,4,0.000,1,6682.911,709.366,6.000,6770.000,700.000,90.000,66.331,58,70.265,40.265
1968,9.043490,9.529400,15,0,0,4,0.000,1,6682.911,709.366,6.000,6770.000,700.000,90.000,66.331,58,70.265,40.265
1969,9.195204,9.033800,15,0,0,4,0.000,1,6682.911,709.366,6.000,6770.000,700.000,90.000,66.331,58,70.265,40.265
1970,9.061080,9.219613,15,0,0,4,0.000,1,6682.911,709.366,6.000,6770.000,700.000,90.000,66.331,58,70.265,40.265
1971,9.954920,9.055150,15,0,0,4,0.000,1,6682.911,709.366,6.000,6770.000,700.000,90.000,66.331,58,70.265,40.265
1972,8.692303,9.950391,15,0,0,4,0.000,1,6682.911,709.366,6.000,6770.000,700.000,90.000,66.331,58,70.265,40.265
1973,8.675932,8.674232,15,0,0,4,0.000,1,6682.911,709.366,6.000,6770.000,700.000,90.000,66.331,58,70.265,40.265
1974,12.629218,8.681832,15,0,0,4,0.000,1,6682.911,709.366,6.000,6770.000,700.000,90.000,66.331,58,70.265,40.265
1975,11.519856,12.685860,15,0,0,4,0.000,1,6682.911,709.366,6.000,6770.000,700.000,90.000,66.331,58,70.265,40.265
1976,10.247956,11.481744,15,0,0,4,0.000,1,6682.911,709.366,6.000,6770.000,700.000,90.000,66.331,58,70.265,40.265
1977,9.985421,10.247567,15,0,0,4,0.000,1,6682.911,709.366,6.000,6770.000,700.000,90.000,66.331,58,70.265,40.265
1978,10.827789,9.987000,15,0,0,4,0.000,1,6682.911,709.366,6.000,6770.000,700.000,90.000,66.331,58,70.265,40.265
1979,9.317916,10.816560,15,0,0,4,0.000,1,6682.911,709.366,6.000,6770.000,700.000,90.000,66.331,58,70.265,40.265
1980,9.739966,9.314676,15,0,0,4,0.000,1,6682.911,709.366,6.000,6770.000,700.000,90.000,66.331,58,70.265,40.265
1981,10.091163,9.733145,15,0,0,4,0.000,1,6682.911,709.366,6.000,6770.000,700.000,90.000,66.331,58,70.265,40.265
1982,9.327976,10.101233,15,0,0,4,0.000,1,6682.911,709.366,6.000,6770.000,700.000,90.000,66.331,58,70.265,40.265
1983,9.739845,9.324296,15,0,0,4,0.000,1,6682.911,709.366,6.000,6770.000,700.000,90.000,66.331,58,70.265,40.265
1984,9.724136,9.738906,15,0,0,4,0.000,1,6682.911,709.366,6.000,6770.000,700.000,90.000,66.331,58,70.265,40.265
1985,9.964090,9.759066,15,0,0,4,0.000,1,6682.911,709.366,6.000,6770.000,700.000,90.000,66.331,58,70.265,40.265
1986,9.568701,9.934090,15,0,0,4,0.000,1,6682.911,709.366,6.000,6770.000,700.000,90.000,66.331,58,70.265,40.265
1987,9.672594,9.598451,15,0,0,4,0.000,1,6682.911,709.366,6.000,6770.000,700.000,90.000,66.331,58,70.265,40.265
1988,9.880489,9.648614,15,0,0,4,0.000,1,6682.911,709.366,6.000,6770.000,700.000,90.000,66.331,58,70.265,40.265
1989,9.494410,9.880179,15,0,0,4,0.000,1,6682.911,709.366,6.000,6770.000,700.000,90.000,66.331,58,70.265,40.265
1990,10.136814,9.495719,15,0,0,4,0.000,1,6682.911,709.366,6.000,6770.000,700.000,90.000,66.331,58,70.265,40.265
1991,9.000359,10.158556,16,0,0,4,0.000,1,6682.911,709.366,6.000,6770.000,700.000,90.000,66.331,58,70.265,40.265
1992,9.831307,8.998549,16,0,0,4,0.000,1,6682.911,709.366,6.000,6770.000,700.000,90.000,66.331,58,70.265,40.265
1993,8.684343,9.808146,16,0,0,4,0.000,1,6682.911,709.366,6.000,6770.000,700.000,90.000,66.331,58,70.265,40.265
1994,9.284415,8.686352,16,0,0,4,0.000,1,6682.911,709.366,6.000,6770.000,700.000,90.000,66.331,58,70.265,40.265
1995,9.606532,9.293385,16,0,0,4,0.000,1,6682.911,709.366,6.000,6770.000,700.000,90.000,66.331,58,70.265,40.265
1996,9.185633,9.589633,16,0,0,4,0.000,1,6682.911,709.366,6.000,6770.000,700.000,90.000,66.331,58,70.265,40.265
1997,9.362167,9.181893,16,0,0,4,0.000,1,6682.911,709.366,6.000,6770.000,700.000,90.000,66.331,58,70.265,40.265
1998,9.465920,9.396117,16,0,0,4,0.000,1,6682.911,709.366,6.000,6770.000,700.000,90.000,66.331,58,70.265,40.265
1999,9.378707,9.430349,16,0,0,4,0.000,1,6682.911,709.366,6.000,6770.000,700.000,90.000,66.331,58,70.265,40.265
2000,9.337386,9.528020,16,0,0,4,0.000,1,6682.911,709.366,6.000,6770.000,700.000,90.000,66.331,58,70.265,40.265
2001,9.441749,9.266086,16,0,0,4,0.000,1,6682.911,709.366,6.000,6770.000,700.000,90.000,66.331,58,70.265,40.265
2002,9.584302,9.401407,16,0,0,4,0.000,1,6682.911,709.366,6.000,6770.000,700.000,90.000,66.331,58,70.265,40.265
2003,9.422089,9.525062,16,0,0,4,0.000,1,6682.911,709.366,6.000,6770.000,700.000,90.000,66.331,58,70.265,40.265
2004,9.748546,9.390337,16,0,0,4,0.000,1,6682.911,709.366,6.000,6770.000,700.000,90.000,66.331,58,70.265,40.265
2005,9.117001,9.749746,16,0,0,4,0.000,1,6682.911,709.366,6.000,6770.000,700.000,90.000,66.331,58,70.265,40.265
2006,10.841860,9.096751,16,0,0,4,0.000,1,6682.911,709.366,6.000,6770.000,700.000,90.000,66.331,58,70.265,40.265
2007,9.486139,10.866840,16,0,0,4,0.000,1,6682.911,709.366,6.000,6770.000,700.000,90.000,66.331,58,70.265,40.265
2008,10.525753,9.476069,16,0,0,4,0.000,1,6682.911,709.366,6.000,6770.000,700.000,90.000,66.331,58,70.265,40.265
2009,10.063773,10.531474,16,0,0,4,0.000,1,6682.911,709.366,6.000,6770.000,700.000,90.000,66.331,58,70.265,40.265
2010,9.652623,10.046382,16,0,0,4,0.000,1,6682.911,709.366,6.000,6770.000,700.000,90.000,66.331,58,70.265,40.265
2011,8.906987,9.666873,16,0,0,4,0.000,1,6682.911,709.366,6.000,6770.000,700.000,90.000,66.331,58,70.265,40.265
2012,8.871426,8.938648,16,0,0,4,0.000,1,6682.911,709.366,6.000,6770.000,700.000,90.000,66.331,58,70.265,40.265
2013,8.723273,8.824385,16,0,0,4,0.000,1,6682.911,709.366,6.000,6770.000,700.000,90.000,66.331,58,70.265,40.265
2014,9.127802,8.705953,16,0,0,4,0.000,1,6682.911,709.366,6.000,6770.000,700.000,90.000,66.331,58,70.265,40.265
2015,8.797415,9.141242,16,0,0,4,0.000,1,6682.911,709.366,6.000,6770.000,700.000,90.000,66.331,58,70.265,40.265
2016,9.122231,8.793264,16,0,0,4,0.000,1,6682.911,709.366,6.000,6770.000,700.000,90.000,66.331,58,70.265,40.265
2017,8.670281,9.131842,16,0,0,4,0.000,1,6682.911,709.366,6.000,6770.000,700.000,90.000,66.331,58,70.265,40.265
2018,9.929290,8.683633,16,0,0,4,0.000,1,6682.911,709.366,6.000,6770.000,700.000,90.000,66.331,58,70.265,40.265
2019,8.647242,9.922849,16,0,0,4,0.000,1,6682.911,709.366,6.000,6770.000,700.000,90.000,66.331,58,70.265,40.265
2020,9.630733,8.649901,16,0,0,4,0.000,1,6682.911,709.366,6.000,6770.000,700.000,90.000,66.331,58,70.265,40.265
2021,9.026320,9.706355,16,0,0,4,0.000,1,6682.911,709.366,6.000,6770.000,700.000,90.000,66.331,58,70.265,40.265
2022,8.792483,8.995099,16,0,0,4,0.000,1,6682.911,709.366,6.000,6770.000,700.000,90.000,66.331,58,70.265,40.265
2023,8.354626,8.766274,16,0,0,4,0.000,1,6682.911,709.366,6.000,6770.000,700.000,90.000,66.331,58,70.265,40.265
2024,8.967768,8.334944,16,0,0,4,0.000,1,6682.911,709.366,6.000,6770.000,700.000,90.000,66.331,58,70.265,40.265
2025,8.843106,8.972858,16,0,0,4,0.000,1,6682.911,709.366,6.000,6770.000,700.000,90.000,66.331,58,70.265,40.265
2026,8.871445,8.831626,16,0,0,4,0.000,1,6682.911,709.366,6.000,6770.000,700.000,90.000,66.331,58,70.265,40.265
2027,9.580842,8.875296,16,0,0,4,0.000,1,6682.911,709.366,6.000,6770.000,700.000,90.000,66.331,58,70.265,40.265
2028,9.109862,9.762125,16,0,0,4,0.000,1,6682.911,709.366,6.000,6770.000,700.000,90.000,66.331,58,70.265,40.265
2029,10.778668,9.195804,16,0,0,4,0.000,1,6682.911,709.366,6.000,6770.000,700.000,90.000,66.331,58,70.265,40.265
2030,8.997739,10.631735,16,0,0,4,0.000,1,6682.911,709.366,6.000,6770.000,700.000,90.000,66.331,58,70.265,40.265
2031,9.016040,8.989868,16,0,0,4,0.000,1,6682.911,709.366,6.000,6770.000,700.000,90.000,66.331,58,70.265,40.265
2032,9.019929,8.998670,16,0,0,4,0.000,1,6682.911,709.366,6.000,6770.000,700.000,90.000,66.331,58,70.265,40.265
2033,9.624783,9.022249,16,0,0,4,0.000,1,6682.911,709.366,6.000,6770.000,700.000,90.000,66.331,58,70.265,40.265
2034,8.838735,9.621303,16,0,0,4,0.000,1,6682.911,709.366,6.000,6770.000,700.000,90.000,66.331,58,70.265,40.265
2035,9.441129,8.847226,16,0,0,4,0.000,1,6682.911,709.366,6.000,6770.000,700.000,90.000,66.331,58,70.265,40.265
2036,9.857278,9.426348,16,0,0,4,0.000,1,6682.911,709.366,6.000,6770.000,700.000,90.000,66.331,58,70.265,40.265
2037,9.100261,9.857558,16,0,0,4,0.000,1,6682.911,709.366,6.000,6770.000,700.000,90.000,66.331,58,70.265,40.265
2038,9.343637,9.104321,16,0,0,4,0.000,1,6682.911,709.366,6.000,6770.000,700.000,90.000,66.331,58,70.265,40.265
2039,9.399918,9.367467,16,0,0,4,0.000,1,6682.911,709.366,6.000,6770.000,700.000,90.000,66.331,58,70.265,40.265
2040,9.401858,9.420369,16,0,0,4,0.000,1,6682.911,709.366,6.000,6770.000,700.000,90.000,66.331,58,70.265,40.265
2041,10.166494,9.359297,16,0,0,4,0.000,1,6682.911,709.366,6.000,6770.000,700.000,90.000,66.331,58,70.265,40.265
2042,9.240285,10.197605,16,0,0,4,0.000,1,6682.911,709.366,6.000,6770.000,700.000,90.000,66.331,58,70.265,40.265
2043,9.314646,9.221095,16,0,0,4,0.000,1,6682.911,709.366,6.000,6770.000,700.000,90.000,66.331,58,70.265,40.265
2044,8.877187,9.306355,16,0,0,4,0.000,1,6682.911,709.366,6.000,6770.000,700.000,90.000,66.331,58,70.265,40.265
2045,10.121573,8.869686,16,0,0,4,0.000,1,6682.911,709.366,6.000,6770.000,700.000,90.000,66.331,58,70.265,40.265
2046,8.899137,10.120674,16,0,0,4,0.000,1,6682.911,709.366,6.000,6770.000,700.000,90.000,66.331,58,70.265,40.265
2047,9.322006,8.905557,16,0,0,4,0.000,1,6682.911,709.366,6.000,6770.000,700.000,90.000,66.331,58,70.265,40.265
2048,9.571001,9.321706,16,0,0,4,0.000,1,6682.911,709.366,6.000,6770.000,700.000,90.000,66.331,58,70.265,40.265
2049,9.639854,9.567212,16,0,0,4,0.000,1,6682.911,709.366,6.000,6770.000,700.000,90.000,66.331,58,70.265,40.265
2050,10.442561,9.667163,16,0,0,4,0.000,1,6682.911,709.366,6.000,6770.000,700.000,90.000,66.331,58,70.265,40.265
2051,9.333076,10.409221,16,0,0,4,0.000,1,6682.911,709.366,6.000,6770.000,700.000,90.000,66.331,58,70.265,40.265
2052,9.938090,9.329766,16,0,0,4,0.000,1,6682.911,709.366,6.000,6770.000,700.000,90.000,66.331,58,70.265,40.265
2053,9.754956,10.006261,16,0,0,4,0.000,1,6682.911,709.366,6.000,6770.000,700.000,90.000,66.331,58,70.265,40.265
2054,9.704444,9.679445,16,0,0,4,0.000,1,6682.911,709.366,6.000,6770.000,700.000,90.000,66.331,58,70.265,40.265
2055,9.322067,9.677393,16,0,0,4,0.000,1,6682.911,709.366,6.000,6770.000,700.000,90.000,66.331,58,70.265,40.265
2056,9.810756,9.330567,16,0,0,4,0.000,1,6682.911,709.366,6.000,6770.000,700.000,90.000,66.331,58,70.265,40.265
2057,9.616613,9.816917,16,0,0,4,0.000,1,6682.911,709.366,6.000,6770.000,700.000,90.000,66.331,58,70.265,40.265
2058,10.024422,9.657303,16,0,0,4,0.000,1,6682.911,709.366,6.000,6770.000,700.000,90.000,66.331,58,70.265,40.265
2059,9.857268,9.998791,16,0,0,4,0.000,1,6682.911,709.366,6.000,6770.000,700.000,90.000,66.331,58,70.265,40.265
2060,9.821717,9.851588,16,0,0,4,0.000,1,6682.911,709.366,6.000,6770.000,700.000,90.000,66.331,58,70.265,40.265
2061,9.692234,9.772826,16,0,0,4,0.000,1,6682.911,709.366,6.000,6770.000,700.000,90.000,66.331,58,70.265,40.265
2062,10.353829,9.712486,16,0,0,4,0.000,1,6682.911,709.366,6.000,6770.000,700.000,90.000,66.331,58,70.265,40.265
2063,9.936100,10.367208,16,0,0,4,0.000,1,6682.911,709.366,6.000,6770.000,700.000,90.000,66.331,58,70.265,40.265
2064,9.828177,9.920710,16,0,0,4,0.000,1,6682.911,709.366,6.000,6770.000,700.000,90.000,66.331,58,70.265,40.265
2065,12.210340,9.827507,16,0,0,4,0.000,1,6682.911,709.366,6.000,6770.000,700.000,90.000,66.331,58,70.265,40.265
2066,11.512215,12.269031,16,0,0,4,0.000,1,6682.911,709.366,6.000,6770.000,700.000,90.000,66.331,58,70.265,40.265
2067,10.870410,11.513365,16,0,0,4,0.000,1,6682.911,709.366,6.000,6770.000,700.000,90.000,66.331,58,70.265,40.265
2068,10.682517,10.909141,16,0,0,4,0.000,1,6682.911,709.366,6.000,6770.000,700.000,90.000,66.331,58,70.265,40.265
2069,10.286517,10.633925,16,0,0,4,0.000,1,6682.911,709.366,6.000,6770.000,700.000,90.000,66.331,58,70.265,40.265
2070,10.713507,10.312648,16,0,0,4,0.000,1,6682.911,709.366,6.000,6770.000,700.000,90.000,66.331,58,70.265,40.265
2071,11.437852,10.677807,16,0,0,4,0.000,1,6682.911,709.366,6.000,6770.000,700.000,90.000,66.331,58,70.265,40.265
2072,11.130086,11.455822,16,0,0,4,0.000,1,6682.911,709.366,6.000,6770.000,700.000,90.000,66.331,58,70.265,40.265
2073,10.741978,11.153508,16,0,0,4,0.000,1,6682.911,709.366,6.000,6770.000,700.000,90.000,66.331,58,70.265,40.265
2074,9.973641,10.763757,16,0,0,4,0.000,1,6682.911,709.366,6.000,6770.000,700.000,90.000,66.331,58,70.265,40.265
2075,10.975073,10.008162,16,0,0,4,0.000,1,6682.911,709.366,6.000,6770.000,700.000,90.000,66.331,58,70.265,40.265
2076,10.929001,10.960182,16,0,0,4,0.000,1,6682.911,709.366,6.000,6770.000,700.000,90.000,66.331,58,70.265,40.265
2077,10.963813,10.937342,16,0,0,4,0.000,1,6682.911,709.366,6.000,6770.000,700.000,90.000,66.331,58,70.265,40.265
2078,11.209417,10.999363,16,0,0,4,0.000,1,6682.911,709.366,6.000,6770.000,700.000,90.000,66.331,58,70.265,40.265
2079,11.003964,11.153937,16,0,0,4,0.000,1,6682.911,709.366,6.000,6770.000,700.000,90.000,66.331,58,70.265,40.265
2080,12.498077,11.021563,16,0,0,4,0.000,1,6682.911,709.366,6.000,6770.000,700.000,90.000,66.331,58,70.265,40.265
2081,11.291479,12.455236,16,0,0,4,0.000,1,6682.911,709.366,6.000,6770.000,700.000,90.000,66.331,58,70.265,40.265
2082,11.456033,11.219218,16,0,0,4,0.000,1,6682.911,709.366,6.000,6770.000,700.000,90.000,66.331,58,70.265,40.265
2083,10.354290,11.559086,16,0,0,4,0.000,1,6682.911,709.366,6.000,6770.000,700.000,90.000,66.331,58,70.265,40.265
2084,10.802788,10.383439,16,0,0,4,0.000,1,6682.911,709.366,6.000,6770.000,700.000,90.000,66.331,58,70.265,40.265
2085,12.269032,10.758659,16,0,0,4,0.000,1,6682.911,709.366,6.000,6770.000,700.000,90.000,66.331,58,70.265,40.265
2086,10.736236,12.271061,16,0,0,4,0.000,1,6682.911,709.366,6.000,6770.000,700.000,90.000,66.331,58,70.265,40.265
2087,10.725518,10.737377,16,0,0,4,0.000,1,6682.911,709.366,6.000,6770.000,700.000,90.000,66.331,58,70.265,40.265
2088,12.846274,10.729537,16,0,0,4,0.000,1,6682.911,709.366,6.000,6770.000,700.000,90.000,66.331,58,70.265,40.265
2089,10.586405,12.868615,16,0,0,4,0.000,1,6682.911,709.366,6.000,6770.000,700.000,90.000,66.331,58,70.265,40.265
2090,12.985867,10.497032,16,0,0,4,0.000,1,6682.911,709.366,6.000,6770.000,700.000,90.000,66.331,58,70.265,40.265
2091,12.133838,12.997898,16,0,0,4,0.000,1,6682.911,709.366,6.000,6770.000,700.000,90.000,66.331,58,70.265,40.265
2092,12.165719,12.139118,16,0,0,4,0.000,1,6682.911,709.366,6.000,6770.000,700.000,90.000,66.331,58,70.265,40.265
2093,13.061419,12.202560,16,0,0,4,0.000,1,6682.911,709.366,6.000,6770.000,700.000,90.000,66.331,58,70.265,40.265
2094,12.106627,13.057028,16,0,0,4,0.000,1,6682.911,709.366,6.000,6770.000,700.000,90.000,66.331,58,70.265,40.265
2095,12.137159,12.106158,16,0,0,4,0.000,1,6682.911,709.366,6.000,6770.000,700.000,90.000,66.331,58,70.265,40.265
2096,11.470904,12.229010,16,0,0,4,0.000,1,6682.911,709.366,6.000,6770.000,700.000,90.000,66.331,58,70.265,40.265
2097,12.583417,11.360142,16,0,0,4,0.000,1,6682.911,709.366,6.000,6770.000,700.000,90.000,66.331,58,70.265,40.265
2098,11.997296,12.599888,16,0,0,4,0.000,1,6682.911,709.366,6.000,6770.000,700.000,90.000,66.331,58,70.265,40.265
2099,12.274421,11.979295,16,0,0,4,0.000,1,6682.911,709.366,6.000,6770.000,700.000,90.000,66.331,58,70.265,40.265
2100,11.914294,12.263892,16,0,0,4,0.000,1,6682.911,709.366,6.000,6770.000,700.000,90.000,66.331,58,70.265,40.265
2101,11.260999,11.996605,16,0,0,4,0.000,1,6682.911,709.366,6.000,6770.000,700.000,90.000,66.331,58,70.265,40.265
2102,11.442863,11.260189,16,0,0,4,0.000,1,6682.911,709.366,6.000,6770.000,700.000,90.000,66.331,58,70.265,40.265
2103,11.543136,11.415602,16,0,0,4,0.000,1,6682.911,709.366,6.000,6770.000,700.000,90.000,66.331,58,70.265,40.265
2104,12.429574,11.538586,16,0,0,4,0.000,1,6682.911,709.366,6.000,6770.000,700.000,90.000,66.331,58,70.265,40.265
2105,12.126758,12.392773,16,0,0,4,0.000,1,6682.911,709.366,6.000,6770.000,700.000,90.000,66.331,58,70.265,40.265
2106,11.419993,12.143609,16,0,0,4,0.000,1,6682.911,709.366,6.000,6770.000,700.000,90.000,66.331,58,70.265,40.265
2107,12.625429,11.426953,16,0,0,4,0.000,1,6682.911,709.366,6.000,6770.000,700.000,90.000,66.331,58,70.265,40.265
2108,11.921113,12.639809,16,0,0,4,0.000,1,6682.911,709.366,6.000,6770.000,700.000,90.000,66.331,58,70.265,40.265
2109,12.347763,11.915973,16,0,0,4,0.000,1,6682.911,709.366,6.000,6770.000,700.000,90.000,66.331,58,70.265,40.265
2110,11.461254,12.377065,16,0,0,4,0.000,1,6682.911,709.366,6.000,6770.000,700.000,90.000,66.331,58,70.265,40.265
2111,11.864343,11.460553,16,0,0,4,0.000,1,6682.911,709.366,6.000,6770.000,700.000,90.000,66.331,58,70.265,40.265
2112,11.925223,11.724259,16,0,0,4,0.000,1,6682.911,709.366,6.000,6770.000,700.000,90.000,66.331,58,70.265,40.265
2113,13.853527,11.914824,16,0,0,4,0.000,1,6682.911,709.366,6.000,6770.000,700.000,90.000,66.331,58,70.265,40.265
2114,12.278031,13.867357,16,0,0,4,0.000,1,6682.911,709.366,6.000,6770.000,700.000,90.000,66.331,58,70.265,40.265
2115,12.795083,12.297621,16,0,0,4,0.000,1,6682.911,709.366,6.000,6770.000,700.000,90.000,66.331,58,70.265,40.265
2116,13.114600,12.766783,16,0,0,4,0.000,1,6682.911,709.366,6.000,6770.000,700.000,90.000,66.331,58,70.265,40.265
2117,13.645991,13.115680,16,0,0,4,0.000,1,6682.911,709.366,6.000,6770.000,700.000,90.000,66.331,58,70.265,40.265
2118,12.913956,13.646262,16,0,0,4,0.000,1,6682.911,709.366,6.000,6770.000,700.000,90.000,66.331,58,70.265,40.265
2119,13.227702,12.919055,16,0,0,4,0.000,1,6682.911,709.366,6.000,6770.000,700.000,90.000,66.331,58,70.265,40.265
2120,13.407627,13.219973,16,0,0,4,0.000,1,6682.911,709.366,6.000,6770.000,700.000,90.000,66.331,58,70.265,40.265
2121,12.801784,13.441557,16,0,0,4,0.000,1,6682.911,709.366,6.000,6770.000,700.000,90.000,66.331,58,70.265,40.265
2122,12.672969,12.790603,16,0,0,4,0.000,1,6682.911,709.366,6.000,6770.000,700.000,90.000,66.331,58,70.265,40.265
2123,13.394877,12.664100,16,0,0,4,0.000,1,6682.911,709.366,6.000,6770.000,700.000,90.000,66.331,58,70.265,40.265
2124,13.283764,13.418356,16,0,0,4,0.000,1,6682.911,709.366,6.000,6770.000,700.000,90.000,66.331,58,70.265,40.265
2125,13.389145,13.262703,16,0,0,4,0.000,1,6682.911,709.366,6.000,6770.000,700.000,90.000,66.331,58,70.265,40.265
2126,12.465987,13.381387,16,0,0,4,0.000,1,6682.911,709.366,6.000,6770.000,700.000,90.000,66.331,58,70.265,40.265
2127,12.624048,12.505416,16,0,0,4,0.000,1,6682.911,709.366,6.000,6770.000,700.000,90.000,66.331,58,70.265,40.265
2128,12.557098,12.595949,16,0,0,4,0.000,1,6682.911,709.366,6.000,6770.000,700.000,90.000,66.331,58,70.265,40.265
2129,12.722682,12.587668,16,0,0,4,0.000,1,6682.911,709.366,6.000,6770.000,700.000,90.000,66.331,58,70.265,40.265
2130,13.042938,12.738272,16,0,0,4,0.000,1,6682.911,709.366,6.000,6770.000,700.000,90.000,66.331,58,70.265,40.265
2131,12.794653,13.218742,16,0,0,4,0.000,1,6682.911,709.366,6.000,6770.000,700.000,90.000,66.331,58,70.265,40.265
2132,12.862714,12.613939,22,0,0,4,0.000,1,6682.911,709.366,6.000,6770.000,700.000,90.000,66.331,58,-1.000,-1.000
2133,13.059699,12.837064,22,0,0,4,0.000,1,6682.911,709.366,6.000,6140.000,390.000,90.000,66.331,58,-1.000,-1.000
2134,12.138339,13.070649,22,0,0,4,0.000,1,6682.911,709.366,6.000,6140.000,390.000,90.000,66.331,58,-1.000,-1.000
2135,15.429621,12.150499,22,0,0,4,0.000,1,6682.911,709.366,6.000,6140.000,390.000,90.000,66.331,58,-1.000,-1.000
2136,13.331534,15.422430,22,0,0,4,0.000,1,6682.911,709.366,6.000,6140.000,390.000,90.000,66.331,58,-1.000,-1.000
2137,13.285905,13.324096,22,0,0,4,0.000,1,6682.911,709.366,6.000,6140.000,390.000,90.000,66.331,58,-1.000,-1.000
2138,12.930816,13.346764,22,0,0,4,0.000,1,6682.911,709.366,6.000,6140.000,390.000,90.000,66.331,58,-1.000,-1.000
2139,12.862923,12.883385,22,0,0,4,0.000,1,6682.911,709.366,6.000,6140.000,390.000,90.000,66.331,58,-1.000,-1.000
2140,12.716512,12.863315,22,0,0,4,0.000,1,6682.911,709.366,6.000,6140.000,390.000,90.000,66.331,58,-1.000,-1.000
2141,13.002947,12.729911,22,0,0,4,0.000,1,6682.911,709.366,6.000,6140.000,390.000,90.000,66.331,58,-1.000,-1.000
2142,12.529138,12.990927,22,0,0,4,0.000,1,6682.911,709.366,6.000,6140.000,390.000,90.000,66.331,58,-1.000,-1.000
2143,12.658699,12.556828,22,0,0,4,0.000,1,6682.911,709.366,6.000,6140.000,390.000,90.000,66.331,58,-1.000,-1.000
2144,12.918006,12.628510,22,0,0,4,0.000,1,6682.911,709.366,6.000,6140.000,390.000,90.000,66.331,58,-1.000,-1.000
2145,12.755652,12.912955,22,0,0,4,0.000,1,6682.911,709.366,6.000,6140.000,390.000,90.000,66.331,58,-1.000,-1.000
2146,13.333335,12.768092,22,0,0,4,0.000,1,6682.911,709.366,6.000,6140.000,390.000,90.000,66.331,58,-1.000,-1.000
2147,12.765782,13.326985,22,0,0,4,0.000,1,6682.911,709.366,6.000,6140.000,390.000,90.000,66.331,58,-1.000,-1.000
2148,13.075019,12.769252,22,0,0,4,0.000,1,6682.911,709.366,6.000,6140.000,390.000,90.000,66.331,58,-1.000,-1.000
2149,12.621800,13.088759,22,0,0,4,0.000,1,6682.911,709.366,6.000,6140.000,390.000,90.000,66.331,58,-1.000,-1.000
2150,12.819204,12.659181,22,0,0,4,0.000,1,6682.911,709.366,6.000,6140.000,390.000,90.000,66.331,58,-1.000,-1.000
2151,12.912874,12.798793,22,0,0,4,0.000,1,6682.911,709.366,6.000,6140.000,390.000,90.000,66.331,58,-1.000,-1.000
2152,12.739512,12.907436,22,0,0,4,0.000,1,6682.911,709.366,6.000,6140.000,390.000,90.000,66.331,58,-1.000,-1.000
2153,12.242131,12.712720,22,0,0,4,0.000,1,6682.911,709.366,6.000,6140.000,390.000,90.000,66.331,58,-1.000,-1.000
2154,12.482056,12.248382,22,0,0,4,0.000,1,6682.911,709.366,6.000,6140.000,390.000,90.000,66.331,58,-1.000,-1.000
2155,12.280772,12.487585,22,0,0,4,0.000,1,6682.911,709.366,6.000,6140.000,390.000,90.000,66.331,58,-1.000,-1.000
2156,12.610159,12.261891,22,0,0,4,0.000,1,6682.911,709.366,6.000,6140.000,390.000,90.000,66.331,58,-1.000,-1.000
2157,12.427514,12.623540,22,0,0,4,0.000,1,6682.911,709.366,6.000,6140.000,390.000,90.000,66.331,58,-1.000,-1.000
2158,12.366244,12.408754,22,0,0,4,0.000,1,6682.911,709.366,6.000,6140.000,390.000,90.000,66.331,58,-1.000,-1.000
2159,12.650449,12.424295,22,0,0,4,0.000,1,6682.911,709.366,6.000,6140.000,390.000,90.000,66.331,58,-1.000,-1.000
2160,12.796534,12.595218,22,0,0,4,0.000,1,6682.911,709.366,6.000,6140.000,390.000,90.000,66.331,58,-1.000,-1.000
2161,12.726711,12.805303,22,0,0,4,0.000,1,6682.911,709.366,6.000,6140.000,390.000,90.000,66.331,58,-1.000,-1.000
2162,12.751673,12.718882,22,0,0,4,0.000,1,6682.911,709.366,6.000,6140.000,390.000,90.000,66.331,58,-1.000,-1.000
2163,12.687409,12.798103,22,0,0,4,0.000,1,6682.911,709.366,6.000,6140.000,390.000,90.000,66.331,58,-1.000,-1.000
2164,13.194922,12.654869,22,0,0,4,0.000,1,6682.911,709.366,6.000,6140.000,390.000,90.000,66.331,58,-1.000,-1.000
2165,14.261616,13.240804,22,0,0,4,0.000,1,6682.911,709.366,6.000,6140.000,390.000,90.000,66.331,58,-1.000,-1.000
2166,12.568617,14.452479,22,0,0,4,0.000,1,6682.911,709.366,6.000,6140.000,390.000,90.000,66.331,58,-1.000,-1.000
2167,12.472927,12.449606,22,0,0,4,0.000,1,6682.911,709.366,6.000,6140.000,390.000,90.000,66.331,58,-1.000,-1.000
2168,13.296514,12.517816,22,0,0,4,0.000,1,6682.911,709.366,6.000,6140.000,390.000,90.000,66.331,58,-1.000,-1.000
2169,13.032038,13.239363,22,0,0,4,0.000,1,6682.911,709.366,6.000,6140.000,390.000,90.000,66.331,58,-1.000,-1.000
2170,12.511476,13.088939,22,0,0,4,0.000,1,6682.911,709.366,6.000,6140.000,390.000,90.000,66.331,58,-1.000,-1.000
2171,14.069412,12.506047,23,0,0,4,0.000,1,6682.911,709.366,6.000,6140.000,390.000,90.000,66.331,58,-1.000,-1.000
2172,14.015530,14.026580,23,1,0,5,0.000,1,6682.911,709.366,6.000,6140.000,390.000,90.000,66.331,58,-1.000,-1.000
2173,14.005220,14.076201,23,1,0,5,0.000,1,6682.911,709.366,6.000,6140.000,390.000,90.000,66.331,58,-1.000,-1.000
2174,15.531252,13.987970,23,1,0,5,0.000,1,6682.911,709.366,6.000,6140.000,390.000,90.000,66.331,58,-1.000,-1.000
2175,15.638677,15.436121,23,1,0,5,0.000,1,6682.911,709.366,6.000,6140.000,390.000,90.000,66.331,58,-1.000,-1.000
2176,14.355787,15.643856,23,1,0,5,0.000,1,6682.911,709.366,6.000,6140.000,390.000,90.000,66.331,58,-1.000,-1.000
2177,15.697547,14.386258,23,1,0,5,0.000,1,6682.911,709.366,6.000,6140.000,390.000,90.000,66.331,58,-1.000,-1.000
2178,13.723563,15.663997,23,1,0,5,0.000,1,6682.911,709.366,6.000,6140.000,390.000,90.000,66.331,58,-1.000,-1.000
2179,13.266284,13.737823,23,1,0,5,0.000,1,6682.911,709.366,6.000,6140.000,390.000,90.000,66.331,58,-1.000,-1.000
2180,14.590652,13.272754,23,1,0,5,0.000,1,6682.911,709.366,6.000,6140.000,390.000,90.000,66.331,58,-1.000,-1.000
2181,17.053527,14.605033,23,1,0,5,0.000,1,6682.911,709.366,6.000,6140.000,390.000,90.000,66.331,58,-1.000,-1.000
2182,13.348126,17.022207,23,1,0,5,0.000,1,6682.911,709.366,6.000,6140.000,390.000,90.000,66.331,58,-1.000,-1.000
2183,14.667514,13.279113,23,1,0,5,0.000,1,6682.911,709.366,6.000,6140.000,390.000,90.000,66.331,58,-1.000,-1.000
2184,15.778369,14.685695,23,1,0,5,0.000,1,6682.911,709.366,6.000,6140.000,390.000,90.000,66.331,58,-1.000,-1.000
2185,14.381759,15.691576,23,1,0,5,0.000,1,6682.911,709.366,6.000,6140.000,390.000,90.000,66.331,58,-1.000,-1.000
2186,14.054780,14.398959,23,1,0,5,0.000,1,6682.911,709.366,6.000,6140.000,390.000,90.000,66.331,58,-1.000,-1.000
2187,15.545863,14.037531,23,1,0,5,0.000,1,6682.911,709.366,6.000,6140.000,390.000,90.000,66.331,58,-1.000,-1.000
2188,14.484001,15.567103,23,1,0,5,0.000,1,6682.911,709.366,6.000,6140.000,390.000,90.000,66.331,58,-1.000,-1.000
2189,14.419439,14.463201,23,1,0,5,0.000,1,6682.911,709.366,6.000,6140.000,390.000,90.000,66.331,58,-1.000,-1.000
2190,14.754396,14.434479,23,1,0,5,0.000,1,6682.911,709.366,6.000,6140.000,390.000,90.000,66.331,58,-1.000,-1.000
2191,13.334555,14.741876,23,1,0,5,0.000,1,6682.911,709.366,6.000,6140.000,390.000,90.000,66.331,58,-1.000,-1.000
2192,13.728814,13.338694,23,1,0,5,0.000,1,6682.911,709.366,6.000,6140.000,390.000,90.000,66.331,58,-1.000,-1.000
2193,13.283843,13.727864,23,1,0,5,0.000,1,6682.911,709.366,6.000,6140.000,390.000,90.000,66.331,58,-1.000,-1.000
2194,13.215442,13.292444,23,1,0,5,0.000,1,6682.911,709.366,6.000,6140.000,390.000,90.000,66.331,58,-1.000,-1.000
2195,13.555660,13.212312,23,1,0,5,0.000,1,6682.911,709.366,6.000,6140.000,390.000,90.000,66.331,58,-1.000,-1.000
2196,13.628371,13.556190,23,1,0,5,0.000,1,6682.911,709.366,6.000,6140.000,390.000,90.000,66.331,58,-1.000,-1.000
2197,13.920988,13.650492,23,1,0,5,0.000,1,6682.911,709.366,6.000,6140.000,390.000,90.000,66.331,58,-1.000,-1.000
2198,13.576231,13.932999,23,1,0,5,0.000,1,6682.911,709.366,6.000,6140.000,390.000,90.000,66.331,58,-1.000,-1.000
2199,12.782973,13.534488,17,1,0,5,0.000,1,6682.911,709.366,6.000,6140.000,390.000,90.000,66.331,58,-1.000,-1.000
2200,13.294983,12.778843,17,1,0,5,0.000,1,6682.911,709.366,6.000,6140.000,390.000,90.000,66.331,58,-1.000,-1.000
2201,13.201382,13.314814,17,1,0,5,0.000,1,6682.911,709.366,6.000,6140.000,390.000,90.000,66.331,58,-1.000,-1.000
2202,12.710071,13.193982,17,1,0,5,0.000,1,6682.911,709.366,6.000,6140.000,390.000,90.000,66.331,58,-1.000,-1.000
2203,16.157578,12.731982,17,1,0,5,0.000,1,6682.911,709.366,6.000,6140.000,390.000,90.000,66.331,58,-1.000,-1.000
2204,13.179191,16.142766,17,1,0,5,0.000,1,6682.911,709.366,6.000,16500.000,700.000,90.000,66.331,58,-1.000,-1.000
2205,20.894032,13.173552,17,1,1,5,0.000,0,6682.911,709.366,6.000,16500.000,700.000,90.000,66.331,58,-1.000,-1.000
2206,16.710910,21.014344,17,1,1,5,0.000,0,6682.911,709.366,6.000,16500.000,700.000,90.000,66.331,58,-1.000,-1.000
2207,15.222076,16.676009,17,1,1,5,0.000,0,6682.911,709.366,6.000,16500.000,700.000,90.000,66.331,58,-1.000,-1.000
2208,15.232727,15.208757,17,1,1,5,0.000,0,6682.911,709.366,6.000,16500.000,700.000,90.000,66.331,58,-1.000,-1.000
2209,15.799830,15.249928,17,1,1,5,0.000,0,6682.911,709.366,6.000,16500.000,700.000,90.000,66.331,58,-1.000,-1.000
2210,13.211471,15.794658,17,1,1,5,0.000,0,6682.911,709.366,6.000,16500.000,700.000,90.000,66.331,58,-1.000,-1.000
2211,13.594442,13.217143,17,1,1,5,0.000,0,6682.911,709.366,6.000,16500.000,700.000,90.000,66.331,58,-1.000,-1.000
2212,13.219662,13.566400,17,1,1,5,0.000,0,6682.911,709.366,6.000,16500.000,700.000,90.000,66.331,58,-1.000,-1.000
2213,12.523397,13.218742,17,1,1,5,0.000,0,6682.911,709.366,6.000,16500.000,700.000,90.000,66.331,58,-1.000,-1.000
2214,13.429167,12.525837,17,1,1,5,0.000,0,6682.911,709.366,6.000,16500.000,700.000,90.000,66.331,58,-1.000,-1.000
2215,12.943906,13.419886,17,1,1,5,0.000,0,6682.911,709.366,6.000,16500.000,700.000,90.000,66.331,58,-1.000,-1.000
2216,13.728554,12.945667,17,1,1,5,0.000,0,6682.911,709.366,6.000,16500.000,700.000,90.000,66.331,58,-1.000,-1.000
2217,13.427606,13.718373,17,1,1,5,0.000,0,6682.911,709.366,6.000,16500.000,700.000,90.000,66.331,58,-1.000,-1.000
2218,12.943007,13.430987,17,1,1,5,0.000,0,6682.911,709.366,6.000,16500.000,700.000,90.000,66.331,58,-1.000,-1.000
2219,13.031298,12.964067,17,1,1,5,0.000,0,6682.911,709.366,6.000,16500.000,700.000,90.000,66.331,58,-1.000,-1.000
2220,14.109282,13.011937,17,1,1,5,0.000,0,6682.911,709.366,6.000,16500.000,700.000,90.000,66.331,58,-1.000,-1.000
2221,15.050192,14.141903,17,1,1,5,0.000,0,6682.911,709.366,6.000,16500.000,700.000,90.000,66.331,58,-1.000,-1.000
2222,13.755805,15.039744,17,1,1,5,0.000,0,6682.911,709.366,6.000,16500.000,700.000,90.000,66.331,58,-1.000,-1.000
2223,13.996949,13.758383,17,1,1,5,0.000,0,6682.911,709.366,6.000,16500.000,700.000,90.000,66.331,58,-1.000,-1.000
2224,13.435837,14.008180,17,1,1,5,0.000,0,6682.911,709.366,6.000,16500.000,700.000,90.000,66.331,58,-1.000,-1.000
2225,13.804996,13.401977,17,1,1,5,0.000,0,6682.911,709.366,6.000,16500.000,700.000,90.000,66.331,58,-1.000,-1.000
2226,15.096803,13.838215,17,1,1,5,0.000,0,6682.911,709.366,6.000,16500.000,700.000,90.000,66.331,58,-1.000,-1.000
2227,13.375087,15.101495,17,1,1,5,0.000,0,6682.911,709.366,6.000,16500.000,700.000,90.000,66.331,58,-1.000,-1.000
2228,12.928496,13.338674,17,1,1,5,0.000,0,6682.911,709.366,6.000,16500.000,700.000,90.000,66.331,58,-1.000,-1.000
2229,12.676809,12.917616,17,1,1,5,0.000,0,6682.911,709.366,6.000,16500.000,700.000,90.000,66.331,58,-1.000,-1.000
2230,12.925426,12.708972,17,1,1,5,0.000,0,6682.911,709.366,6.000,16500.000,700.000,90.000,66.331,58,-1.000,-1.000
2231,13.421858,12.945225,17,1,1,5,0.000,0,6682.911,709.366,6.000,16500.000,700.000,90.000,66.331,58,-1.000,-1.000
2232,11.395271,13.535850,17,1,1,5,0.000,0,6682.911,709.366,6.000,16500.000,700.000,90.000,66.331,58,-1.000,-1.000
2233,24.132134,11.334740,17,1,1,5,0.000,0,6682.911,709.366,6.000,16500.000,700.000,90.000,66.331,58,-1.000,-1.000
2234,9.663524,24.384260,17,1,1,5,0.000,0,6682.911,709.366,6.000,16500.000,700.000,90.000,66.331,58,-1.000,-1.000
2235,10.809489,9.300895,17,1,1,5,0.000,0,6682.911,709.366,6.000,16500.000,700.000,90.000,66.331,58,-1.000,-1.000
2236,10.950602,10.909022,17,1,1,5,0.000,0,6682.911,709.366,6.000,16500.000,700.000,90.000,66.331,58,-1.000,-1.000
2237,10.694116,10.883750,17,1,1,5,0.000,0,6682.911,709.366,6.000,16500.000,700.000,90.000,66.331,58,-1.000,-1.000
2238,11.763610,10.707486,17,1,1,5,0.000,0,6682.911,709.366,6.000,16500.000,700.000,90.000,66.331,58,-1.000,-1.000
2239,10.626416,11.729350,17,1,1,5,0.000,0,6682.911,709.366,6.000,16500.000,700.000,90.000,66.331,58,-1.000,-1.000
2240,10.743967,10.629306,17,1,1,5,0.000,0,6682.911,709.366,6.000,16500.000,700.000,90.000,66.331,58,-1.000,-1.000
2241,10.100433,10.733527,17,1,1,5,0.000,0,6682.911,709.366,6.000,16500.000,700.000,90.000,66.331,58,-1.000,-1.000
2242,10.822849,10.099973,17,1,1,5,0.000,0,6682.911,709.366,6.000,16500.000,700.000,90.000,66.331,58,-1.000,-1.000
2243,11.201128,10.842990,17,1,1,5,0.000,0,6682.911,709.366,6.000,16500.000,700.000,90.000,66.331,58,-1.000,-1.000
2244,11.125577,11.214318,17,1,1,5,0.000,0,6682.911,709.366,6.000,16500.000,700.000,90.000,66.331,58,-1.000,-1.000
2245,11.096675,11.175217,17,1,1,5,0.000,0,6682.911,709.366,6.000,16500.000,700.000,90.000,66.331,58,-1.000,-1.000
2246,11.991115,10.944842,17,1,1,5,0.000,0,6682.911,709.366,6.000,16500.000,700.000,90.000,66.331,58,-1.000,-1.000
2247,11.845952,11.991955,17,1,1,5,0.000,0,6682.911,709.366,6.000,16500.000,700.000,90.000,66.331,58,-1.000,-1.000
2248,10.907671,11.816992,17,1,1,5,0.000,0,6682.911,709.366,6.000,16500.000,700.000,90.000,66.331,58,-1.000,-1.000
2249,10.954242,10.918291,17,1,1,5,0.000,0,6682.911,709.366,6.000,16500.000,700.000,90.000,66.331,58,-1.000,-1.000
2250,9.674284,11.168907,17,1,1,5,0.000,0,6682.911,709.366,6.000,16500.000,700.000,90.000,66.331,58,-1.000,-1.000
2251,9.520081,9.543971,17,1,1,5,0.000,0,6682.911,709.366,6.000,16500.000,700.000,90.000,66.331,58,-1.000,-1.000
2252,9.660713,9.513821,17,1,1,5,0.000,0,6682.911,709.366,6.000,16500.000,700.000,90.000,66.331,58,-1.000,-1.000
2253,8.964208,9.696443,17,1,1,5,0.000,0,6682.911,709.366,6.000,16500.000,700.000,90.000,66.331,58,-1.000,-1.000
2254,8.987939,8.957978,17,1,1,5,0.000,0,6682.911,709.366,6.000,16500.000,700.000,90.000,66.331,58,-1.000,-1.000
2255,9.307396,9.037430,17,1,1,5,0.000,0,6682.911,709.366,6.000,16500.000,700.000,90.000,66.331,58,-1.000,-1.000
2256,9.256195,9.242905,17,1,1,5,0.000,0,6682.911,709.366,6.000,16500.000,700.000,90.000,66.331,58,-1.000,-1.000
2257,9.157633,9.237995,17,1,1,5,0.000,0,6682.911,709.366,6.000,16500.000,700.000,90.000,66.331,58,-1.000,-1.000
2258,8.825895,9.155372,17,1,1,5,0.000,0,6682.911,709.366,6.000,16500.000,700.000,90.000,66.331,58,-1.000,-1.000
2259,9.404867,8.823375,17,1,1,5,0.000,0,6682.911,709.366,6.000,16500.000,700.000,90.000,66.331,58,-1.000,-1.000
2260,9.117092,9.436468,17,1,1,5,0.000,0,6682.911,709.366,6.000,16500.000,700.000,90.000,66.331,58,-1.000,-1.000
2261,8.931647,9.110782,17,1,1,5,0.000,0,6682.911,709.366,6.000,16500.000,700.000,90.000,66.331,58,-1.000,-1.000
2262,8.816516,8.944728,17,1,1,5,0.000,0,6682.911,709.366,6.000,16500.000,700.000,90.000,66.331,58,-1.000,-1.000
2263,8.727483,8.808435,17,1,1,5,0.000,0,6682.911,709.366,6.000,16500.000,700.000,90.000,66.331,58,-1.000,-1.000
2264,9.114751,8.704482,17,1,1,5,0.000,0,6682.911,709.366,6.000,16500.000,700.000,90.000,66.331,58,-1.000,-1.000
2265,9.447679,9.122232,17,1,1,5,0.000,0,6682.911,709.366,6.000,16500.000,700.000,90.000,66.331,58,-1.000,-1.000
2266,8.617151,9.486689,17,1,1,5,0.000,0,6682.911,709.366,6.000,16500.000,700.000,90.000,66.331,58,-1.000,-1.000
2267,9.071640,8.590181,17,1,1,5,0.000,0,6682.911,709.366,6.000,16500.000,700.000,90.000,66.331,58,-1.000,-1.000
2268,9.001979,9.043570,17,1,1,5,0.000,0,6682.911,709.366,6.000,16500.000,700.000,90.000,66.331,58,-1.000,-1.000
2269,8.814506,9.007549,17,1,1,5,0.000,0,6682.911,709.366,6.000,16500.000,700.000,90.000,66.331,58,-1.000,-1.000
2270,8.465416,8.848196,17,1,1,5,0.000,0,6682.911,709.366,6.000,16500.000,700.000,90.000,66.331,58,-1.000,-1.000
2271,9.219764,8.469946,17,1,1,5,0.000,0,6682.911,709.366,6.000,16500.000,700.000,90.000,66.331,58,-1.000,-1.000
2272,8.732483,9.188544,17,1,1,5,0.000,0,6682.911,709.366,6.000,16500.000,700.000,90.000,66.331,58,-1.000,-1.000
2273,9.259535,8.749293,17,1,1,5,0.000,0,6682.911,709.366,6.000,16500.000,700.000,90.000,66.331,58,-1.000,-1.000
2274,9.007179,9.253285,17,1,1,5,0.000,0,6682.911,709.366,6.000,16500.000,700.000,90.000,66.331,58,-1.000,-1.000
2275,9.040190,9.016230,17,1,1,5,0.000,0,6682.911,709.366,6.000,16500.000,700.000,90.000,66.331,58,-1.000,-1.000
2276,8.828785,9.013559,17,1,1,5,0.000,0,6682.911,709.366,6.000,16500.000,700.000,90.000,66.331,58,-1.000,-1.000
2277,8.532919,8.826535,17,1,1,5,0.000,0,6682.911,709.366,6.000,16500.000,700.000,90.000,66.331,58,-1.000,-1.000
2278,9.437159,8.548789,17,1,1,5,0.000,0,6682.911,709.366,6.000,16500.000,700.000,90.000,66.331,58,-1.000,-1.000
2279,9.111061,9.421688,17,1,1,5,0.000,0,6682.911,709.366,6.000,16500.000,700.000,90.000,66.331,58,-1.000,-1.000
2280,8.812165,9.120663,17,1,1,5,0.000,0,6682.911,709.366,6.000,16500.000,700.000,90.000,66.331,58,-1.000,-1.000
2281,8.931148,8.845814,17,1,1,5,0.000,0,6682.911,709.366,6.000,16500.000,700.000,90.000,66.331,58,-1.000,-1.000
2282,8.284253,8.972049,17,1,1,5,0.000,0,6682.911,709.366,6.000,16500.000,700.000,90.000,66.331,58,-1.000,-1.000
2283,9.448579,8.333735,17,1,1,5,0.000,0,6682.911,709.366,6.000,16500.000,700.000,90.000,66.331,58,-1.000,-1.000
2284,9.297115,9.352666,17,1,1,5,0.000,0,6682.911,709.366,6.000,16500.000,700.000,90.000,66.331,58,-1.000,-1.000
2285,8.743244,9.287295,17,1,1,5,0.000,0,6682.911,709.366,6.000,16500.000,700.000,90.000,66.331,58,-1.000,-1.000
2286,9.172263,8.718173,17,1,1,5,0.000,0,6682.911,709.366,6.000,16500.000,700.000,90.000,66.331,58,-1.000,-1.000
2287,9.006419,9.193243,17,1,1,5,0.000,0,6682.911,709.366,6.000,16500.000,700.000,90.000,66.331,58,-1.000,-1.000
2288,8.741473,9.007140,17,1,1,5,0.000,0,6682.911,709.366,6.000,16500.000,700.000,90.000,66.331,58,-1.000,-1.000
2289,10.070353,8.716023,17,1,1,5,0.000,0,6682.911,709.366,6.000,16500.000,700.000,90.000,66.331,58,-1.000,-1.000
2290,10.581533,10.089103,17,1,1,5,0.000,0,6682.911,709.366,6.000,16500.000,700.000,90.000,66.331,58,-1.000,-1.000
2291,10.183146,10.536513,17,1,1,5,0.000,0,6682.911,709.366,6.000,16500.000,700.000,90.000,66.331,58,-1.000,-1.000
2292,10.763258,10.181865,17,1,1,5,0.000,0,6682.911,709.366,6.000,16500.000,700.000,90.000,66.331,58,-1.000,-1.000
2293,10.400380,10.752337,17,1,1,5,0.000,0,6682.911,709.366,6.000,16500.000,700.000,90.000,66.331,58,-1.000,-1.000
2294,9.446419,10.397301,17,1,1,5,0.000,0,6682.911,709.366,6.000,16500.000,700.000,90.000,66.331,58,-1.000,-1.000
2295,9.558992,9.434688,17,1,1,5,0.000,0,6682.911,709.366,6.000,16500.000,700.000,90.000,66.331,58,-1.000,-1.000
2296,9.915219,9.570552,17,1,1,5,0.000,0,6682.911,709.366,6.000,16500.000,700.000,90.000,66.331,58,-1.000,-1.000
2297,11.569815,9.922799,17,1,1,5,0.000,0,6682.911,709.366,6.000,16500.000,700.000,90.000,66.331,58,-1.000,-1.000
2298,12.135608,11.554916,17,1,1,5,0.000,0,6682.911,709.366,6.000,16500.000,700.000,90.000,66.331,58,-1.000,-1.000
2299,10.104784,12.157438,17,1,1,5,0.000,0,6682.911,709.366,6.000,16500.000,700.000,90.000,66.331,58,-1.000,-1.000
2300,10.539223,10.183176,17,1,1,5,0.000,0,6682.911,709.366,6.000,16500.000,700.000,90.000,66.331,58,-1.000,-1.000
2301,12.008056,10.563553,17,1,1,5,0.000,0,6682.911,709.366,6.000,16500.000,700.000,90.000,66.331,58,-1.000,-1.000
2302,12.372693,11.998666,17,1,1,5,0.000,0,6682.911,709.366,6.000,16500.000,700.000,90.000,66.331,58,-1.000,-1.000
2303,11.907654,12.378144,17,1,1,5,0.000,0,6682.911,709.366,6.000,16500.000,700.000,90.000,66.331,58,-1.000,-1.000
2304,11.952634,11.861081,17,1,1,5,0.000,0,6682.911,709.366,6.000,16500.000,700.000,90.000,66.331,58,-1.000,-1.000
2305,10.817519,11.949755,17,1,1,5,0.000,0,6682.911,709.366,6.000,16500.000,700.000,90.000,66.331,58,-1.000,-1.000
2306,10.069463,10.836449,17,1,1,5,0.000,0,6682.911,709.366,6.000,16500.000,700.000,90.000,66.331,58,-1.000,-1.000
2307,10.360389,10.060693,17,1,1,5,0.000,0,6682.911,709.366,6.000,16500.000,700.000,90.000,66.331,58,-1.000,-1.000
2308,13.108360,10.336989,17,1,1,5,0.000,0,6682.911,709.366,6.000,16500.000,700.000,90.000,66.331,58,-1.000,-1.000
2309,11.448263,13.108700,17,1,1,5,0.000,0,6682.911,709.366,6.000,16500.000,700.000,90.000,66.331,58,-1.000,-1.000
2310,11.548346,11.478623,17,1,1,5,0.000,0,6682.911,709.366,6.000,16500.000,700.000,90.000,66.331,58,-1.000,-1.000
2311,11.524904,11.515595,17,1,1,5,0.000,0,6682.911,709.366,6.000,16500.000,700.000,90.000,66.331,58,-1.000,-1.000
2312,12.242931,11.546735,17,1,1,5,0.000,0,6682.911,709.366,6.000,16500.000,700.000,90.000,66.331,58,-1.000,-1.000
2313,12.233830,12.154999,17,1,1,5,0.000,0,6682.911,709.366,6.000,16500.000,700.000,90.000,66.331,58,-1.000,-1.000
2314,11.734320,12.363664,17,1,1,5,0.000,0,6682.911,709.366,6.000,16500.000,700.000,90.000,66.331,58,-1.000,-1.000
2315,11.947044,11.737880,17,1,1,5,0.000,0,6682.911,709.366,6.000,16500.000,700.000,90.000,66.331,58,-1.000,-1.000
2316,11.797501,11.942853,17,1,1,5,0.000,0,6682.911,709.366,6.000,16500.000,700.000,90.000,66.331,58,-1.000,-1.000
2317,12.680651,11.816241,17,1,1,5,0.000,0,6682.911,709.366,6.000,16500.000,700.000,90.000,66.331,58,-1.000,-1.000
2318,12.443065,12.634260,17,1,1,5,0.000,0,6682.911,709.366,6.000,16500.000,700.000,90.000,66.331,58,-1.000,-1.000
2319,12.151658,12.437355,17,1,1,5,0.000,0,6682.911,709.366,6.000,16500.000,700.000,90.000,66.331,58,-1.000,-1.000
2320,11.397143,12.141078,17,1,1,5,0.000,0,6682.911,709.366,6.000,16500.000,700.000,90.000,66.331,58,-1.000,-1.000
2321,12.623438,11.388242,17,1,1,5,0.000,0,6682.911,709.366,6.000,16500.000,700.000,90.000,66.331,58,-1.000,-1.000
2322,11.980225,12.682441,17,1,1,5,0.000,0,6682.911,709.366,6.000,16500.000,700.000,90.000,66.331,58,-1.000,-1.000
2323,12.353834,11.940023,17,1,1,5,0.000,0,6682.911,709.366,6.000,16500.000,700.000,90.000,66.331,58,-1.000,-1.000
2324,11.786820,12.361524,17,1,1,5,0.000,0,6682.911,709.366,6.000,16500.000,700.000,90.000,66.331,58,-1.000,-1.000
2325,12.009336,11.790361,17,1,1,5,0.000,0,6682.911,709.366,6.000,16500.000,700.000,90.000,66.331,58,-1.000,-1.000
2326,11.648668,12.002346,17,1,1,5,0.000,0,6682.911,709.366,6.000,16500.000,700.000,90.000,66.331,58,-1.000,-1.000
2327,12.043206,11.665857,17,1,1,5,0.000,0,6682.911,709.366,6.000,16500.000,700.000,90.000,66.331,58,-1.000,-1.000
2328,12.063307,12.032426,17,1,1,5,0.000,0,6682.911,709.366,6.000,16500.000,700.000,90.000,66.331,58,-1.000,-1.000
2329,12.478036,12.065747,17,1,1,5,0.000,0,6682.911,709.366,6.000,16500.000,700.000,90.000,66.331,58,-1.000,-1.000
2330,12.446685,12.475606,17,1,1,5,0.000,0,6682.911,709.366,6.000,16500.000,700.000,90.000,66.331,58,-1.000,-1.000
2331,12.434694,12.446235,17,1,1,5,0.000,0,6682.911,709.366,6.000,16500.000,700.000,90.000,66.331,58,-1.000,-1.000
2332,12.659461,12.437876,17,1,1,5,0.000,0,6682.911,709.366,6.000,16500.000,700.000,90.000,66.331,58,-1.000,-1.000
2333,12.094167,12.654269,17,1,1,5,0.000,0,6682.911,709.366,6.000,16500.000,700.000,90.000,66.331,58,-1.000,-1.000
2334,13.176411,12.096497,17,1,1,5,0.000,0,6682.911,709.366,6.000,16500.000,700.000,90.000,66.331,58,-1.000,-1.000
2335,13.333936,13.185743,17,1,1,5,0.000,0,6682.911,709.366,6.000,16500.000,700.000,90.000,66.331,58,-1.000,-1.000
2336,14.914030,13.328934,17,1,1,5,0.000,0,6682.911,709.366,6.000,16500.000,700.000,90.000,66.331,58,-1.000,-1.000
2337,12.243870,14.914530,17,1,1,5,0.000,0,6682.911,709.366,6.000,16500.000,700.000,90.000,66.331,58,-1.000,-1.000
2338,12.292162,12.290782,17,1,1,5,0.000,0,6682.911,709.366,6.000,16500.000,700.000,90.000,66.331,58,-1.000,-1.000
2339,12.558368,12.241660,17,1,1,5,0.000,0,6682.911,709.366,6.000,16500.000,700.000,90.000,66.331,58,-1.000,-1.000
2340,12.388893,12.633410,17,1,1,5,0.000,0,6682.911,709.366,6.000,16500.000,700.000,90.000,66.331,58,-1.000,-1.000
2341,12.824154,12.322272,17,1,1,5,0.000,0,6682.911,709.366,6.000,16500.000,700.000,90.000,66.331,58,-1.000,-1.000
2342,12.447045,12.853984,17,1,1,5,0.000,0,6682.911,709.366,6.000,16500.000,700.000,90.000,66.331,58,-1.000,-1.000
2343,12.716392,12.418685,17,1,1,5,0.000,0,6682.911,709.366,6.000,16500.000,700.000,90.000,66.331,58,-1.000,-1.000
2344,13.243772,12.714901,17,1,1,5,0.000,0,6682.911,709.366,6.000,16500.000,700.000,90.000,66.331,58,-1.000,-1.000
2345,12.331434,13.244674,17,1,1,5,0.000,0,6682.911,709.366,6.000,16500.000,700.000,90.000,66.331,58,-1.000,-1.000
2346,12.176419,12.329502,17,1,1,5,0.000,0,6682.911,709.366,6.000,16500.000,700.000,90.000,66.331,58,-1.000,-1.000
2347,12.796333,12.203780,17,1,1,5,0.000,0,6682.911,709.366,6.000,16500.000,700.000,90.000,66.331,58,-1.000,-1.000
2348,12.768291,12.785443,17,1,1,5,0.000,0,6682.911,709.366,6.000,16500.000,700.000,90.000,66.331,58,-1.000,-1.000
2349,12.274083,12.725241,17,1,1,5,0.000,0,6682.911,709.366,6.000,16500.000,700.000,90.000,66.331,58,-1.000,-1.000
2350,12.388373,12.261611,17,1,1,5,0.000,0,6682.911,709.366,6.000,16500.000,700.000,90.000,66.331,58,-1.000,-1.000
2351,12.660230,12.429005,17,1,1,5,0.000,0,6682.911,709.366,6.000,16500.000,700.000,90.000,66.331,58,-1.000,-1.000
2352,11.820531,12.626869,17,1,1,5,0.000,0,6682.911,709.366,6.000,16500.000,700.000,90.000,66.331,58,-1.000,-1.000
2353,13.268764,11.844052,17,1,1,5,0.000,0,6682.911,709.366,6.000,16500.000,700.000,90.000,66.331,58,-1.000,-1.000
2354,12.777942,13.272663,17,1,1,5,0.000,0,6682.911,709.366,6.000,16500.000,700.000,90.000,66.331,58,-1.000,-1.000
2355,11.600197,12.788064,17,1,1,5,0.000,0,6682.911,709.366,6.000,16500.000,700.000,90.000,66.331,58,-1.000,-1.000
2356,12.045636,11.564255,17,1,1,5,0.000,0,6682.911,709.366,6.000,16500.000,700.000,90.000,66.331,58,-1.000,-1.000
2357,12.596729,12.040266,17,1,1,5,0.000,0,6682.911,709.366,6.000,16500.000,700.000,90.000,66.331,58,-1.000,-1.000
2358,12.940686,12.623899,17,1,1,5,0.000,0,6682.911,709.366,6.000,16500.000,700.000,90.000,66.331,58,-1.000,-1.000
2359,12.850194,12.948227,17,1,1,5,0.000,0,6682.911,709.366,6.000,16500.000,700.000,90.000,66.331,58,-1.000,-1.000
2360,12.108288,12.852274,17,1,1,5,0.000,0,6682.911,709.366,6.000,16500.000,700.000,90.000,66.331,58,-1.000,-1.000
2361,12.096418,12.071457,17,1,1,5,0.000,0,6682.911,709.366,6.000,16500.000,700.000,90.000,66.331,58,-1.000,-1.000
2362,12.030776,12.129678,17,1,1,5,0.000,0,6682.911,709.366,6.000,16500.000,700.000,90.000,66.331,58,-1.000,-1.000
2363,12.568627,12.029266,17,1,1,5,0.000,0,6682.911,709.366,6.000,16500.000,700.000,90.000,66.331,58,-1.000,-1.000
2364,11.378472,12.603219,17,1,1,5,0.000,0,6682.911,709.366,6.000,16500.000,700.000,90.000,66.331,58,-1.000,-1.000
2365,12.745422,11.349541,17,1,1,5,0.000,0,6682.911,709.366,6.000,16500.000,700.000,90.000,66.331,58,-1.000,-1.000
2366,15.351040,12.842564,17,1,1,5,0.000,0,6682.911,709.366,6.000,16500.000,700.000,90.000,66.331,58,-1.000,-1.000
2367,12.490055,15.313588,17,1,1,5,0.000,0,6682.911,709.366,6.000,16500.000,700.000,90.000,66.331,58,-1.000,-1.000
2368,13.203852,12.420775,17,1,1,5,0.000,0,6682.911,709.366,6.000,16500.000,700.000,90.000,66.331,58,-1.000,-1.000
2369,12.405805,13.197492,17,1,1,5,0.000,0,6682.911,709.366,6.000,16500.000,700.000,90.000,66.331,58,-1.000,-1.000
2370,12.043556,12.410584,17,1,1,5,0.000,0,6682.911,709.366,6.000,16500.000,700.000,90.000,66.331,58,-1.000,-1.000
2371,12.643810,12.067807,17,1,1,5,0.000,0,6682.911,709.366,6.000,16500.000,700.000,90.000,66.331,58,-1.000,-1.000
2372,12.651489,12.636790,17,1,1,5,0.000,0,6682.911,709.366,6.000,16500.000,700.000,90.000,66.331,58,-1.000,-1.000
2373,12.722452,12.610458,17,1,1,5,0.000,0,6682.911,709.366,6.000,16500.000,700.000,90.000,66.331,58,-1.000,-1.000
2374,12.801483,12.714522,17,1,1,5,0.000,0,6682.911,709.366,6.000,16500.000,700.000,90.000,66.331,58,-1.000,-1.000
2375,12.108998,12.858764,17,1,1,5,0.000,0,6682.911,709.366,6.000,16500.000,700.000,90.000,66.331,58,-1.000,-1.000
2376,12.816114,12.110328,17,1,1,5,0.000,0,6682.911,709.366,6.000,16500.000,700.000,90.000,66.331,58,-1.000,-1.000
2377,12.932476,12.828364,17,1,1,5,0.000,0,6682.911,709.366,6.000,16500.000,700.000,90.000,66.331,58,-1.000,-1.000
2378,12.738831,12.872214,17,1,1,5,0.000,0,6682.911,709.366,6.000,16500.000,700.000,90.000,66.331,58,-1.000,-1.000
2379,12.382444,12.736101,17,1,1,5,0.000,0,6682.911,709.366,6.000,16500.000,700.000,90.000,66.331,58,-1.000,-1.000
2380,14.932120,12.443286,17,1,1,5,0.000,0,6682.911,709.366,6.000,16500.000,700.000,90.000,66.331,58,-1.000,-1.000
2381,12.579638,14.942631,17,1,1,5,0.000,0,6682.911,709.366,6.000,16500.000,700.000,90.000,66.331,58,-1.000,-1.000
2382,12.530207,12.515446,17,1,1,5,0.000,0,6682.911,709.366,6.000,16500.000,700.000,90.000,66.331,58,-1.000,-1.000
2383,12.913776,12.579808,17,1,1,5,0.000,0,6682.911,709.366,6.000,16500.000,700.000,90.000,66.331,58,-1.000,-1.000
2384,12.311282,12.903946,17,1,1,5,0.000,0,6682.911,709.366,6.000,16500.000,700.000,90.000,66.331,58,-1.000,-1.000
2385,13.451497,12.257901,17,1,1,5,0.000,0,6682.911,709.366,6.000,16500.000,700.000,90.000,66.331,58,-1.000,-1.000
2386,12.495347,13.460748,17,1,1,5,0.000,0,6682.911,709.366,6.000,16500.000,700.000,90.000,66.331,58,-1.000,-1.000
2387,12.286841,12.531177,17,1,1,5,0.000,0,6682.911,709.366,6.000,16500.000,700.000,90.000,66.331,58,-1.000,-1.000
2388,12.241531,12.345682,17,1,1,5,0.000,0,6682.911,709.366,6.000,16500.000,700.000,90.000,66.331,58,-1.000,-1.000
2389,13.366266,12.236471,17,1,1,5,0.000,0,6682.911,709.366,6.000,16500.000,700.000,90.000,66.331,58,-1.000,-1.000
2390,12.400494,13.408257,17,1,1,5,0.000,0,6682.911,709.366,6.000,16500.000,700.000,90.000,66.331,58,-1.000,-1.000
2391,12.603879,12.360653,17,1,1,5,0.000,0,6682.911,709.366,6.000,16500.000,700.000,90.000,66.331,58,-1.000,-1.000
2392,12.070217,12.626689,17,1,1,5,0.000,0,6682.911,709.366,6.000,16500.000,700.000,90.000,66.331,58,-1.000,-1.000
2393,12.431044,12.041117,17,1,1,5,0.000,0,6682.911,709.366,6.000,16500.000,700.000,90.000,66.331,58,-1.000,-1.000
2394,13.191072,12.429644,17,1,1,5,0.000,0,6682.911,709.366,6.000,16500.000,700.000,90.000,66.331,58,-1.000,-1.000
2395,13.021868,13.199283,17,1,1,5,0.000,0,6682.911,709.366,6.000,16500.000,700.000,90.000,66.331,58,-1.000,-1.000
2396,13.005297,13.006217,17,1,1,5,0.000,0,6682.911,709.366,6.000,16500.000,700.000,90.000,66.331,58,-1.000,-1.000
2397,12.158990,13.147241,17,1,1,5,0.000,0,6682.911,709.366,6.000,16500.000,700.000,90.000,66.331,58,-1.000,-1.000
2398,13.193702,11.985005,17,1,1,5,0.000,0,6682.911,709.366,6.000,16500.000,700.000,90.000,66.331,58,-1.000,-1.000
2399,13.025648,13.167471,17,1,1,5,0.000,0,6682.911,709.366,6.000,16500.000,700.000,90.000,66.331,58,-1.000,-1.000
2400,12.954096,13.072339,17,1,1,5,0.000,0,6682.911,709.366,6.000,16500.000,700.000,90.000,66.331,58,-1.000,-1.000
2401,12.601348,12.906145,17,1,1,5,0.000,0,6682.911,709.366,6.000,16500.000,700.000,90.000,66.331,58,-1.000,-1.000
2402,12.316813,12.646440,17,1,1,5,0.000,0,6682.911,709.366,6.000,16500.000,700.000,90.000,66.331,58,-1.000,-1.000
2403,12.190420,12.281042,17,1,1,5,0.000,0,6682.911,709.366,6.000,16500.000,700.000,90.000,66.331,58,-1.000,-1.000
2404,12.663959,12.227060,17,1,1,5,0.000,0,6682.911,709.366,6.000,16500.000,700.000,90.000,66.331,58,-1.000,-1.000
2405,12.264602,12.678171,17,1,1,5,0.000,0,6682.911,709.366,6.000,16500.000,700.000,90.000,66.331,58,-1.000,-1.000
2406,13.501398,12.196509,17,1,1,5,0.000,0,6682.911,709.366,6.000,16500.000,700.000,90.000,66.331,58,-1.000,-1.000
2407,13.748924,13.514468,17,1,1,5,0.000,0,6682.911,709.366,6.000,16500.000,700.000,90.000,66.331,58,-1.000,-1.000
2408,13.459858,13.736734,17,1,1,5,0.000,0,6682.911,709.366,6.000,16500.000,700.000,90.000,66.331,58,-1.000,-1.000
2409,13.361026,13.476249,17,1,1,5,0.000,0,6682.911,709.366,6.000,16500.000,700.000,90.000,66.331,58,-1.000,-1.000
2410,13.797215,13.321524,17,1,1,5,0.000,0,6682.911,709.366,6.000,16500.000,700.000,90.000,66.331,58,-1.000,-1.000
2411,13.555009,13.828506,17,1,1,5,0.000,0,6682.911,709.366,6.000,16500.000,700.000,90.000,66.331,58,-1.000,-1.000
2412,13.559551,13.533239,17,1,1,5,0.000,0,6682.911,709.366,6.000,16500.000,700.000,90.000,66.331,58,-1.000,-1.000
2413,13.547449,13.551990,17,1,1,5,0.000,0,6682.911,709.366,6.000,16500.000,700.000,90.000,66.331,58,-1.000,-1.000
2414,13.649102,13.563360,17,1,1,5,0.000,0,6682.911,709.366,6.000,16500.000,700.000,90.000,66.331,58,-1.000,-1.000
2415,12.864914,13.642031,17,1,1,5,0.000,0,6682.911,709.366,6.000,16500.000,700.000,90.000,66.331,58,-1.000,-1.000
2416,12.710031,12.868955,17,1,1,5,0.000,0,6682.911,709.366,6.000,16500.000,700.000,90.000,66.331,58,-1.000,-1.000
2417,12.509287,12.736632,17,1,1,5,0.000,0,6682.911,709.366,6.000,16500.000,700.000,90.000,66.331,58,-1.000,-1.000
2418,13.358375,12.481446,17,1,1,5,0.000,0,6682.911,709.366,6.000,16500.000,700.000,90.000,66.331,58,-1.000,-1.000
2419,13.193381,13.346684,17,1,1,5,0.000,0,6682.911,709.366,6.000,16500.000,700.000,90.000,66.331,58,-1.000,-1.000
2420,13.044329,13.276575,17,1,1,5,0.000,0,6682.911,709.366,6.000,16500.000,700.000,90.000,66.331,58,-1.000,-1.000
2421,13.065390,13.012078,17,1,1,5,0.000,0,6682.911,709.366,6.000,16500.000,700.000,90.000,66.331,58,-1.000,-1.000
2422,12.958736,13.077519,17,1,1,5,0.000,0,6682.911,709.366,6.000,16500.000,700.000,90.000,66.331,58,-1.000,-1.000
2423,12.686410,12.930676,17,1,1,5,0.000,0,6682.911,709.366,6.000,16500.000,700.000,90.000,66.331,58,-1.000,-1.000
2424,12.860595,12.682379,17,1,1,5,0.000,0,6682.911,709.366,6.000,16500.000,700.000,90.000,66.331,58,-1.000,-1.000
2425,12.686871,12.840455,17,1,1,5,0.000,0,6682.911,709.366,6.000,16500.000,700.000,90.000,66.331,58,-1.000,-1.000
2426,12.698500,12.687280,17,1,1,5,0.000,0,6682.911,709.366,6.000,16500.000,700.000,90.000,66.331,58,-1.000,-1.000
2427,12.637990,12.744593,17,1,1,5,0.000,0,6682.911,709.366,6.000,16500.000,700.000,90.000,66.331,58,-1.000,-1.000
2428,12.758912,12.589147,17,1,1,5,0.000,0,6682.911,709.366,6.000,16500.000,700.000,90.000,66.331,58,-1.000,-1.000
2429,13.312514,12.780093,17,1,1,5,0.000,0,6682.911,709.366,6.000,16500.000,700.000,90.000,66.331,58,-1.000,-1.000
2430,13.585271,13.293784,17,1,1,5,0.000,0,6682.911,709.366,6.000,16500.000,700.000,90.000,66.331,58,-1.000,-1.000
2431,12.665949,13.581681,17,1,1,5,0.000,0,6682.911,709.366,6.000,16500.000,700.000,90.000,66.331,58,-1.000,-1.000
2432,12.720752,12.700791,17,1,1,5,0.000,0,6682.911,709.366,6.000,16500.000,700.000,90.000,66.331,58,-1.000,-1.000
2433,12.647170,12.690400,17,1,1,5,0.000,0,6682.911,709.366,6.000,16500.000,700.000,90.000,66.331,58,-1.000,-1.000
2434,12.019296,12.658530,17,1,1,5,0.000,0,6682.911,709.366,6.000,16500.000,700.000,90.000,66.331,58,-1.000,-1.000
2435,12.657539,12.025026,17,1,1,5,0.000,0,6682.911,709.366,6.000,16500.000,700.000,90.000,66.331,58,-1.000,-1.000
2436,13.093089,12.681951,17,1,1,5,0.000,0,6682.911,709.366,6.000,16500.000,700.000,90.000,66.331,58,-1.000,-1.000
2437,13.413798,13.083259,17,1,1,5,0.000,0,6682.911,709.366,6.000,16500.000,700.000,90.000,66.331,58,-1.000,-1.000
2438,13.380925,13.388526,17,1,1,5,0.000,0,6682.911,709.366,6.000,16500.000,700.000,90.000,66.331,58,-1.000,-1.000
2439,13.319315,13.431577,17,1,1,5,0.000,0,6682.911,709.366,6.000,16500.000,700.000,90.000,66.331,58,-1.000,-1.000
2440,13.019938,13.330045,17,1,1,5,0.000,0,6682.911,709.366,6.000,16500.000,700.000,90.000,66.331,58,-1.000,-1.000
2441,13.796165,12.976047,17,1,1,5,0.000,0,6682.911,709.366,6.000,16500.000,700.000,90.000,66.331,58,-1.000,-1.000
2442,13.055718,13.804245,17,1,1,5,0.000,0,6682.911,709.366,6.000,16500.000,700.000,90.000,66.331,58,-1.000,-1.000
2443,12.853055,13.047209,17,1,1,5,0.000,0,6682.911,709.366,6.000,16500.000,700.000,90.000,66.331,58,-1.000,-1.000
2444,12.922335,12.918145,17,1,1,5,0.000,0,6682.911,709.366,6.000,16500.000,700.000,90.000,66.331,58,-1.000,-1.000
2445,13.668593,13.022448,17,1,1,5,0.000,0,6682.911,709.366,6.000,16500.000,700.000,90.000,66.331,58,-1.000,-1.000
2446,13.287714,13.516409,17,1,1,5,0.000,0,6682.911,709.366,6.000,16500.000,700.000,90.000,66.331,58,-1.000,-1.000
2447,12.817193,13.310034,17,1,1,5,0.000,0,6682.911,709.366,6.000,16500.000,700.000,90.000,66.331,58,-1.000,-1.000
2448,12.706162,12.766472,18,1,1,5,0.000,0,6682.911,709.366,6.000,16500.000,700.000,90.000,66.331,58,-1.000,-1.000
2449,13.165991,12.698501,18,1,1,5,0.000,0,6682.911,709.366,6.000,16500.000,700.000,90.000,66.331,58,-1.000,-1.000
2450,12.459965,13.161251,18,1,1,5,0.000,0,6682.911,709.366,6.000,16500.000,700.000,90.000,66.331,58,-1.000,-1.000
2451,12.685290,12.515378,18,1,1,5,0.000,0,6682.911,709.366,6.000,16500.000,700.000,90.000,66.331,58,-1.000,-1.000
2452,12.216520,12.654839,18,1,1,5,0.000,0,6682.911,709.366,6.000,16500.000,700.000,90.000,66.331,58,-1.000,-1.000
2453,12.517598,12.211010,18,1,1,5,0.000,0,6682.911,709.366,6.000,16500.000,700.000,90.000,66.331,58,-1.000,-1.000
2454,13.008027,12.482876,18,1,1,5,0.000,0,6682.911,709.366,6.000,16500.000,700.000,90.000,66.331,58,-1.000,-1.000
2455,13.043559,13.046559,18,1,1,5,0.000,0,6682.911,709.366,6.000,16500.000,700.000,90.000,66.331,58,-1.000,-1.000
2456,14.336296,13.023988,18,1,1,5,0.000,0,6682.911,709.366,6.000,16500.000,700.000,90.000,66.331,58,-1.000,-1.000
2457,15.958623,14.361317,18,1,1,5,0.000,0,6682.911,709.366,6.000,16500.000,700.000,90.000,66.331,58,-1.000,-1.000
2458,13.663483,15.995083,18,1,1,5,0.000,0,6682.911,709.366,6.000,16500.000,700.000,90.000,66.331,58,-1.000,-1.000
2459,13.472787,13.650023,18,1,1,5,0.000,0,6682.911,709.366,6.000,16500.000,700.000,90.000,66.331,58,-1.000,-1.000
2460,13.132641,13.430246,18,1,1,5,0.000,0,6682.911,709.366,6.000,16500.000,700.000,90.000,66.331,58,-1.000,-1.000
2461,13.081379,13.150832,18,1,1,5,0.000,0,6682.911,709.366,6.000,16500.000,700.000,90.000,66.331,58,-1.000,-1.000
2462,13.170092,13.076199,18,1,1,5,0.000,0,6682.911,709.366,6.000,16500.000,700.000,90.000,66.331,58,-1.000,-1.000
2463,13.224262,13.148761,18,1,1,5,0.000,0,6682.911,709.366,6.000,16500.000,700.000,90.000,66.331,58,-1.000,-1.000
2464,13.099230,13.118920,18,1,1,5,0.000,0,6682.911,709.366,6.000,16500.000,700.000,90.000,66.331,58,-1.000,-1.000
2465,13.178631,13.112269,18,1,1,5,0.000,0,6682.911,709.366,6.000,16500.000,700.000,90.000,66.331,58,-1.000,-1.000
2466,13.554220,13.181822,18,1,1,5,0.000,0,6682.911,709.366,6.000,16500.000,700.000,90.000,66.331,58,-1.000,-1.000
2467,13.196962,13.547880,18,1,1,5,0.000,0,6682.911,709.366,6.000,16500.000,700.000,90.000,66.331,58,-1.000,-1.000
2468,13.115630,13.290603,18,1,1,5,0.000,0,6682.911,709.366,6.000,16500.000,700.000,90.000,66.331,58,-1.000,-1.000
2469,12.722071,13.104210,18,1,1,5,0.000,0,6682.911,709.366,6.000,16500.000,700.000,90.000,66.331,58,-1.000,-1.000
2470,12.102148,12.728782,18,1,1,5,0.000,0,6682.911,709.366,6.000,16500.000,700.000,90.000,66.331,58,-1.000,-1.000
2471,12.237360,12.101807,18,1,1,5,0.000,0,6682.911,709.366,6.000,16500.000,700.000,90.000,66.331,58,-1.000,-1.000
2472,12.704442,12.244091,18,1,1,5,0.000,0,6682.911,709.366,6.000,16500.000,700.000,90.000,66.331,58,-1.000,-1.000
2473,12.277991,12.693381,18,1,1,5,0.000,0,6682.911,709.366,6.000,16500.000,700.000,90.000,66.331,58,-1.000,-1.000
2474,11.930604,12.269911,18,1,1,5,0.000,0,6682.911,709.366,6.000,16500.000,700.000,90.000,66.331,58,-1.000,-1.000
2475,11.845152,11.933394,18,1,1,5,0.000,0,6682.911,709.366,6.000,16500.000,700.000,90.000,66.331,58,-1.000,-1.000
2476,11.423632,11.834022,18,1,1,5,0.000,0,6682.911,709.366,6.000,16500.000,700.000,90.000,66.331,58,-1.000,-1.000
2477,12.563468,11.439432,18,1,1,5,0.000,0,6682.911,709.366,6.000,16500.000,700.000,90.000,66.331,58,-1.000,-1.000
2478,13.001068,12.565369,18,1,1,5,0.000,0,6682.911,709.366,6.000,16500.000,700.000,90.000,66.331,58,-1.000,-1.000
2479,11.975905,13.054958,18,1,1,5,0.000,0,6682.911,709.366,6.000,16500.000,700.000,90.000,66.331,58,-1.000,-1.000
2480,12.760201,11.920624,18,1,1,5,0.000,0,6682.911,709.366,6.000,16500.000,700.000,90.000,66.331,58,-1.000,-1.000
2481,12.702101,12.790883,18,1,1,5,0.000,0,6682.911,709.366,6.000,16500.000,700.000,90.000,66.331,58,-1.000,-1.000
2482,13.276484,13.197692,18,1,1,5,0.000,0,6682.911,709.366,6.000,16500.000,700.000,90.000,66.331,58,-1.000,-1.000
2483,11.801091,13.370295,18,1,1,5,0.000,0,6682.911,709.366,6.000,16500.000,700.000,90.000,66.331,58,-1.000,-1.000
2484,13.782575,11.474184,18,1,1,5,0.000,0,6682.911,709.366,6.000,16500.000,700.000,90.000,66.331,58,-1.000,-1.000
2485,13.746254,13.624151,18,1,1,5,0.000,0,6682.911,709.366,6.000,16500.000,700.000,90.000,66.331,58,-1.000,-1.000
2486,12.803642,13.599581,18,1,1,5,0.000,0,6682.911,709.366,6.000,16500.000,700.000,90.000,66.331,58,-1.000,-1.000
2487,13.821046,12.768553,18,1,1,5,0.000,0,6682.911,709.366,6.000,16500.000,700.000,90.000,66.331,58,-1.000,-1.000
2488,13.305005,13.841395,18,1,1,5,0.000,0,6682.911,709.366,6.000,16500.000,700.000,90.000,66.331,58,-1.000,-1.000
2489,13.482488,13.273494,18,1,1,5,0.000,0,6682.911,709.366,6.000,16500.000,700.000,90.000,66.331,58,-1.000,-1.000
2490,13.415446,13.505848,18,1,1,5,0.000,0,6682.911,709.366,6.000,16500.000,700.000,90.000,66.331,58,-1.000,-1.000
2491,12.755842,13.421738,18,1,1,5,0.000,0,6682.911,709.366,6.000,16500.000,700.000,90.000,66.331,58,-1.000,-1.000
2492,12.843854,12.787422,18,1,1,5,0.000,0,6682.911,709.366,6.000,16500.000,700.000,90.000,66.331,58,-1.000,-1.000
2493,12.313622,12.796763,18,1,1,5,0.000,0,6682.911,709.366,6.000,16500.000,700.000,90.000,66.331,58,-1.000,-1.000
2494,12.401025,12.308182,18,1,1,5,0.000,0,6682.911,709.366,6.000,16500.000,700.000,90.000,66.331,58,-1.000,-1.000
2495,12.992248,12.399595,18,1,1,5,0.000,0,6682.911,709.366,6.000,16500.000,700.000,90.000,66.331,58,-1.000,-1.000
2496,12.453675,12.999617,18,1,1,5,0.000,0,6682.911,709.366,6.000,16500.000,700.000,90.000,66.331,58,-1.000,-1.000
2497,13.154190,12.480916,18,1,1,5,0.000,0,6682.911,709.366,6.000,16500.000,700.000,90.000,66.331,58,-1.000,-1.000
2498,12.874545,13.132920,18,1,1,5,0.000,0,6682.911,709.366,6.000,16500.000,700.000,90.000,66.331,58,-1.000,-1.000
2499,12.309432,12.928436,18,1,1,5,0.000,0,6682.911,709.366,6.000,16500.000,700.000,90.000,66.331,58,-1.000,-1.000
2500,12.370574,12.283352,18,1,1,5,0.000,0,6682.911,709.366,6.000,16500.000,700.000,90.000,66.331,58,-1.000,-1.000
2501,12.872625,12.367323,18,1,1,5,0.000,0,6682.911,709.366,6.000,16500.000,700.000,90.000,66.331,58,-1.000,-1.000
2502,12.174199,12.878495,18,1,1,5,0.000,0,6682.911,709.366,6.000,16500.000,700.000,90.000,66.331,58,-1.000,-1.000
2503,12.063127,12.132698,18,1,1,5,0.000,0,6682.911,709.366,6.000,16500.000,700.000,90.000,66.331,58,-1.000,-1.000
2504,11.861762,12.068647,18,1,1,5,0.000,0,6682.911,709.366,6.000,16500.000,700.000,90.000,66.331,58,-1.000,-1.000
2505,11.449613,11.872483,18,1,1,5,0.000,0,6682.911,709.366,6.000,16500.000,700.000,90.000,66.331,58,-1.000,-1.000
2506,12.341263,11.432002,18,1,1,5,0.000,0,6682.911,709.366,6.000,16500.000,700.000,90.000,66.331,58,-1.000,-1.000
2507,12.154489,12.356224,18,1,1,5,0.000,0,6682.911,709.366,6.000,16500.000,700.000,90.000,66.331,58,-1.000,-1.000
2508,12.216970,12.133788,18,1,1,5,0.000,0,6682.911,709.366,6.000,16500.000,700.000,90.000,66.331,58,-1.000,-1.000
2509,13.200002,12.416415,18,1,1,5,0.000,0,6682.911,709.366,6.000,16500.000,700.000,90.000,66.331,58,-1.000,-1.000
2510,12.041616,13.108579,18,1,1,5,0.000,0,6682.911,709.366,6.000,16500.000,700.000,90.000,66.331,58,-1.000,-1.000
2511,12.555258,11.999866,18,1,1,5,0.000,0,6682.911,709.366,6.000,16500.000,700.000,90.000,66.331,58,-1.000,-1.000
2512,12.613298,12.556788,18,1,1,5,0.000,0,6682.911,709.366,6.000,16500.000,700.000,90.000,66.331,58,-1.000,-1.000
2513,12.938607,12.605609,18,1,1,5,0.000,0,6682.911,709.366,6.000,16500.000,700.000,90.000,66.331,58,-1.000,-1.000
2514,13.297614,13.100500,18,1,1,5,0.000,0,6682.911,709.366,6.000,16500.000,700.000,90.000,66.331,58,-1.000,-1.000
2515,12.995728,13.152940,18,1,1,5,0.000,0,6682.911,709.366,6.000,16500.000,700.000,90.000,66.331,58,-1.000,-1.000
2516,12.616098,13.031948,18,1,1,5,0.000,0,6682.911,709.366,6.000,16500.000,700.000,90.000,66.331,58,-1.000,-1.000
2517,13.005918,12.567958,18,1,1,5,0.000,0,6682.911,709.366,6.000,16500.000,700.000,90.000,66.331,58,-1.000,-1.000
2518,12.189899,13.013418,18,1,1,5,0.000,0,6682.911,709.366,6.000,16500.000,700.000,90.000,66.331,58,-1.000,-1.000
2519,12.902615,12.223911,18,1,1,5,0.000,0,6682.911,709.366,6.000,16500.000,700.000,90.000,66.331,58,-1.000,-1.000
2520,12.405315,12.905895,18,1,1,5,0.000,0,6682.911,709.366,6.000,16500.000,700.000,90.000,66.331,58,-1.000,-1.000
2521,12.583898,12.348343,18,1,1,5,0.000,0,6682.911,709.366,6.000,16500.000,700.000,90.000,66.331,58,-1.000,-1.000
2522,12.845894,12.605318,18,1,1,5,0.000,0,6682.911,709.366,6.000,16500.000,700.000,90.000,66.331,58,-1.000,-1.000
2523,13.729244,12.862505,18,1,1,5,0.000,0,6682.911,709.366,6.000,16500.000,700.000,90.000,66.331,58,-1.000,-1.000
2524,13.160451,13.704173,18,1,1,5,0.000,0,6682.911,709.366,6.000,16500.000,700.000,90.000,66.331,58,-1.000,-1.000
2525,12.626230,13.198532,18,1,1,5,0.000,0,6682.911,709.366,6.000,16500.000,700.000,90.000,66.331,58,-1.000,-1.000
2526,12.458995,12.578898,18,1,1,5,0.000,0,6682.911,709.366,6.000,16500.000,700.000,90.000,66.331,58,-1.000,-1.000
2527,12.620979,12.485126,18,1,1,5,0.000,0,6682.911,709.366,6.000,16500.000,700.000,90.000,66.331,58,-1.000,-1.000
2528,12.751161,12.589849,18,1,1,5,0.000,0,6682.911,709.366,6.000,16500.000,700.000,90.000,66.331,58,-1.000,-1.000
2529,13.128792,12.743492,18,1,1,5,0.000,0,6682.911,709.366,6.000,16500.000,700.000,90.000,66.331,58,-1.000,-1.000
2530,12.102617,13.312054,18,1,1,5,0.000,0,6682.911,709.366,6.000,16500.000,700.000,90.000,66.331,58,-1.000,-1.000
2531,12.135488,12.002455,18,1,1,5,0.000,0,6682.911,709.366,6.000,16500.000,700.000,90.000,66.331,58,-1.000,-1.000
2532,12.729591,12.108058,18,1,1,5,0.000,0,6682.911,709.366,6.000,16500.000,700.000,90.000,66.331,58,-1.000,-1.000
2533,12.950417,12.772173,18,1,1,5,0.000,0,6682.911,709.366,6.000,16500.000,700.000,90.000,66.331,58,-1.000,-1.000
2534,13.386866,12.887565,18,1,1,5,0.000,0,6682.911,709.366,6.000,16500.000,700.000,90.000,66.331,58,-1.000,-1.000
2535,12.880955,13.468187,18,1,1,5,0.000,0,6682.911,709.366,6.000,16500.000,700.000,90.000,66.331,58,-1.000,-1.000
2536,12.965927,12.819804,18,1,1,5,0.000,0,6682.911,709.366,6.000,16500.000,700.000,90.000,66.331,58,-1.000,-1.000
2537,12.613448,12.959376,18,1,1,5,0.000,0,6682.911,709.366,6.000,16500.000,700.000,90.000,66.331,58,-1.000,-1.000
2538,13.402987,12.624249,18,1,1,5,0.000,0,6682.911,709.366,6.000,16500.000,700.000,90.000,66.331,58,-1.000,-1.000
2539,12.712721,13.391397,18,1,1,5,0.000,0,6682.911,709.366,6.000,16500.000,700.000,90.000,66.331,58,-1.000,-1.000
2540,12.273792,12.719301,18,1,1,5,0.000,0,6682.911,709.366,6.000,16500.000,700.000,90.000,66.331,58,-1.000,-1.000
2541,12.487336,12.237801,18,1,1,5,0.000,0,6682.911,709.366,6.000,16500.000,700.000,90.000,66.331,58,-1.000,-1.000
2542,11.702919,12.483105,18,1,1,5,0.000,0,6682.911,709.366,6.000,16500.000,700.000,90.000,66.331,58,-1.000,-1.000
2543,12.384433,11.732030,18,1,1,5,0.000,0,6682.911,709.366,6.000,16500.000,700.000,90.000,66.331,58,-1.000,-1.000
2544,12.248191,12.355093,18,1,1,5,0.000,0,6682.911,709.366,6.000,16500.000,700.000,90.000,66.331,58,-1.000,-1.000
2545,12.529387,12.251421,18,1,1,5,0.000,0,6682.911,709.366,6.000,16500.000,700.000,90.000,66.331,58,-1.000,-1.000
2546,12.526627,12.697340,18,1,1,5,0.000,0,6682.911,709.366,6.000,16500.000,700.000,90.000,66.331,58,-1.000,-1.000
2547,12.877935,12.444066,18,1,1,5,0.000,0,6682.911,709.366,6.000,16500.000,700.000,90.000,66.331,58,-1.000,-1.000
2548,12.421285,12.881115,18,1,1,5,0.000,0,6682.911,709.366,6.000,16500.000,700.000,90.000,66.331,58,-1.000,-1.000
2549,12.646939,12.440245,18,1,1,5,0.000,0,6682.911,709.366,6.000,16500.000,700.000,90.000,66.331,58,-1.000,-1.000
2550,11.869153,12.611869,18,1,1,5,0.000,0,6682.911,709.366,6.000,16500.000,700.000,90.000,66.331,58,-1.000,-1.000
2551,13.227802,11.857633,18,1,1,5,0.000,0,6682.911,709.366,6.000,16500.000,700.000,90.000,66.331,58,-1.000,-1.000
2552,12.347924,13.233072,18,1,1,5,0.000,0,6682.911,709.366,6.000,16500.000,700.000,90.000,66.331,58,-1.000,-1.000
2553,11.953484,12.382123,18,1,1,5,0.000,0,6682.911,709.366,6.000,16500.000,700.000,90.000,66.331,58,-1.000,-1.000
2554,12.027406,11.936464,18,1,1,5,0.000,0,6682.911,709.366,6.000,16500.000,700.000,90.000,66.331,58,-1.000,-1.000
2555,12.795563,12.032396,18,1,1,5,0.000,0,6682.911,709.366,6.000,16500.000,700.000,90.000,66.331,58,-1.000,-1.000
2556,12.626389,12.750803,18,1,1,5,0.000,0,6682.911,709.366,6.000,16500.000,700.000,90.000,66.331,58,-1.000,-1.000
2557,13.187991,12.594698,18,1,1,5,0.000,0,6682.911,709.366,6.000,16500.000,700.000,90.000,66.331,58,-1.000,-1.000
2558,12.743272,13.184072,18,1,1,5,0.000,0,6682.911,709.366,6.000,16500.000,700.000,90.000,66.331,58,-1.000,-1.000
2559,75.329846,12.750631,18,1,1,5,0.000,0,6682.911,709.366,6.000,16500.000,700.000,90.000,66.331,58,-1.000,-1.000
2560,8.182631,75.370258,18,1,1,5,0.000,0,6682.911,709.366,6.000,16500.000,700.000,90.000,66.331,58,-1.000,-1.000
2561,8.807434,8.333733,18,1,1,5,0.000,0,6682.911,709.366,6.000,16500.000,700.000,90.000,66.331,58,-1.000,-1.000
2562,8.066849,8.479729,18,1,1,5,0.000,0,6682.911,709.366,6.000,16500.000,700.000,90.000,66.331,58,-1.000,-1.000
2563,7.767872,8.333553,18,1,1,5,0.000,0,6682.911,709.366,6.000,16500.000,700.000,90.000,66.331,58,-1.000,-1.000
2564,7.965816,8.333764,18,1,1,5,0.000,0,6682.911,709.366,6.000,16500.000,700.000,90.000,66.331,58,-1.000,-1.000
2565,8.165770,8.334255,18,1,1,5,0.000,0,6682.911,709.366,6.000,16500.000,700.000,90.000,66.331,58,-1.000,-1.000
2566,8.044638,8.334234,18,1,1,5,0.000,0,6682.911,709.366,6.000,16500.000,700.000,90.000,66.331,58,-1.000,-1.000
2567,9.164434,8.333934,18,1,1,5,0.000,0,6682.911,709.366,6.000,16500.000,700.000,90.000,66.331,58,-1.000,-1.000
2568,8.584069,8.334155,18,1,1,5,0.000,0,6682.911,709.366,6.000,16500.000,700.000,90.000,66.331,58,-1.000,-1.000
2569,8.573510,8.334074,18,1,1,5,0.000,0,6682.911,709.366,6.000,16500.000,700.000,90.000,66.331,58,-1.000,-1.000
2570,9.173633,8.334874,18,1,1,5,0.000,0,6682.911,709.366,6.000,16500.000,700.000,90.000,66.331,58,-1.000,-1.000
2571,8.469766,8.884947,18,1,1,5,0.000,0,6682.911,709.366,6.000,16500.000,700.000,90.000,66.331,58,-1.000,-1.000
2572,8.431288,8.489618,18,1,1,5,0.000,0,6682.911,709.366,6.000,16500.000,700.000,90.000,66.331,58,-1.000,-1.000
2573,8.858026,8.426566,18,1,1,5,0.000,0,6682.911,709.366,6.000,16500.000,700.000,90.000,66.331,58,-1.000,-1.000
2574,8.890096,8.865106,18,1,1,5,0.000,0,6682.911,709.366,6.000,16500.000,700.000,90.000,66.331,58,-1.000,-1.000
2575,8.478597,8.864076,18,1,1,5,0.000,0,6682.911,709.366,6.000,16500.000,700.000,90.000,66.331,58,-1.000,-1.000
2576,9.335596,8.477627,18,1,1,5,0.000,0,6682.911,709.366,6.000,16500.000,700.000,90.000,66.331,58,-1.000,-1.000
2577,8.918278,9.340217,18,1,1,5,0.000,0,6682.911,709.366,6.000,16500.000,700.000,90.000,66.331,58,-1.000,-1.000
2578,8.657202,8.921627,18,1,1,5,0.000,0,6682.911,709.366,6.000,16500.000,700.000,90.000,66.331,58,-1.000,-1.000
2579,9.010969,8.651662,18,1,1,5,0.000,0,6682.911,709.366,6.000,16500.000,700.000,90.000,66.331,58,-1.000,-1.000
2580,8.976868,9.024659,18,1,1,5,0.000,0,6682.911,709.366,6.000,16500.000,700.000,90.000,66.331,58,-1.000,-1.000
2581,8.888337,8.961768,18,1,1,5,0.000,0,6682.911,709.366,6.000,16500.000,700.000,90.000,66.331,58,-1.000,-1.000
2582,8.563309,8.915398,18,1,1,5,0.000,0,6682.911,709.366,6.000,16500.000,700.000,90.000,66.331,58,-1.000,-1.000
2583,9.028429,8.538008,18,1,1,5,0.000,0,6682.911,709.366,6.000,16500.000,700.000,90.000,66.331,58,-1.000,-1.000
2584,8.846956,9.298016,18,1,1,5,0.000,0,6682.911,709.366,6.000,16500.000,700.000,90.000,66.331,58,-1.000,-1.000
2585,8.549860,8.634610,18,1,1,5,0.000,0,6682.911,709.366,6.000,16500.000,700.000,90.000,66.331,58,-1.000,-1.000
2586,8.994079,8.582441,18,1,1,5,0.000,0,6682.911,709.366,6.000,16500.000,700.000,90.000,66.331,58,-1.000,-1.000
2587,9.300155,8.997009,18,1,1,5,0.000,0,6682.911,709.366,6.000,16500.000,700.000,90.000,66.331,58,-1.000,-1.000
2588,8.320224,9.271494,18,1,1,5,0.000,0,6682.911,709.366,6.000,16500.000,700.000,90.000,66.331,58,-1.000,-1.000
2589,8.046627,8.372176,18,1,1,5,0.000,0,6682.911,709.366,6.000,16500.000,700.000,90.000,66.331,58,-1.000,-1.000
2590,9.106673,8.335014,18,1,1,5,0.000,0,6682.911,709.366,6.000,16500.000,700.000,90.000,66.331,58,-1.000,-1.000
2591,8.972257,8.828616,18,1,1,5,0.000,0,6682.911,709.366,6.000,16500.000,700.000,90.000,66.331,58,-1.000,-1.000
2592,8.574050,8.920747,18,1,1,5,0.000,0,6682.911,709.366,6.000,16500.000,700.000,90.000,66.331,58,-1.000,-1.000
2593,8.348075,8.559069,18,1,1,5,0.000,0,6682.911,709.366,6.000,16500.000,700.000,90.000,66.331,58,-1.000,-1.000
2594,10.137525,8.399886,18,1,1,5,0.000,0,6682.911,709.366,6.000,16500.000,700.000,90.000,66.331,58,-1.000,-1.000
2595,9.072340,10.172085,18,1,1,5,0.000,0,6682.911,709.366,6.000,16500.000,700.000,90.000,66.331,58,-1.000,-1.000
2596,9.414198,9.048970,18,1,1,5,0.000,0,6682.911,709.366,6.000,16500.000,700.000,90.000,66.331,58,-1.000,-1.000
2597,12.855324,9.379137,18,1,1,5,0.000,0,6682.911,709.366,6.000,16500.000,700.000,90.000,66.331,58,-1.000,-1.000
2598,12.645219,12.876865,18,1,1,5,0.000,0,6682.911,709.366,6.000,16500.000,700.000,90.000,66.331,58,-1.000,-1.000
2599,11.826722,12.646940,18,1,1,5,0.000,0,6682.911,709.366,6.000,16500.000,700.000,90.000,66.331,58,-1.000,-1.000
2600,11.989765,11.873183,18,1,1,5,0.000,0,6682.911,709.366,6.000,16500.000,700.000,90.000,66.331,58,-1.000,-1.000
2601,11.615097,11.985145,18,1,1,5,0.000,0,6682.911,709.366,6.000,16500.000,700.000,90.000,66.331,58,-1.000,-1.000
2602,11.651038,11.635486,18,1,1,5,0.000,0,6682.911,709.366,6.000,16500.000,700.000,90.000,66.331,58,-1.000,-1.000
2603,11.609167,11.667679,18,1,1,5,0.000,0,6682.911,709.366,6.000,16500.000,700.000,90.000,66.331,58,-1.000,-1.000
2604,11.574186,11.550484,18,1,1,5,0.000,0,6682.911,709.366,6.000,16500.000,700.000,90.000,66.331,58,-1.000,-1.000
2605,12.142048,11.653879,18,1,1,5,0.000,0,6682.911,709.366,6.000,16500.000,700.000,90.000,66.331,58,-1.000,-1.000
2606,11.835792,12.050386,18,1,1,5,0.000,0,6682.911,709.366,6.000,16500.000,700.000,90.000,66.331,58,-1.000,-1.000
2607,11.758169,11.903133,18,1,1,5,0.000,0,6682.911,709.366,6.000,16500.000,700.000,90.000,66.331,58,-1.000,-1.000
2608,11.794241,11.790891,18,1,1,5,0.000,0,6682.911,709.366,6.000,16500.000,700.000,90.000,66.331,58,-1.000,-1.000
2609,11.769131,11.746210,18,1,1,5,0.000,0,6682.911,709.366,6.000,16500.000,700.000,90.000,66.331,58,-1.000,-1.000
2610,12.843164,11.678528,18,1,1,5,0.000,0,6682.911,709.366,6.000,16500.000,700.000,90.000,66.331,58,-1.000,-1.000
2611,11.832262,12.755062,18,1,1,5,0.000,0,6682.911,709.366,6.000,16500.000,700.000,90.000,66.331,58,-1.000,-1.000
2612,11.687538,11.890013,18,1,1,5,0.000,0,6682.911,709.366,6.000,16500.000,700.000,90.000,66.331,58,-1.000,-1.000
2613,12.070877,11.607916,19,1,1,5,0.000,0,6682.911,709.366,6.000,16500.000,700.000,90.000,66.331,58,-1.000,-1.000
2614,12.550098,12.090769,19,1,1,5,0.000,0,6682.911,709.366,6.000,16500.000,700.000,90.000,66.331,58,-1.000,-1.000
2615,22.008106,12.550887,19,1,1,5,0.000,0,6682.911,709.366,6.000,16500.000,700.000,90.000,66.331,58,-1.000,-1.000
2616,3.238322,22.022747,19,1,1,5,0.000,0,6682.911,709.366,6.000,16500.000,700.000,90.000,66.331,58,-1.000,-1.000
2617,10.417571,8.334234,19,1,1,5,0.000,0,6682.911,709.366,6.000,16500.000,700.000,90.000,66.331,58,-1.000,-1.000
2618,13.947298,8.333594,19,1,1,5,0.000,0,6682.911,709.366,6.000,6140.000,390.000,90.000,66.331,58,-1.000,-1.000
2619,17.858134,10.941992,19,1,0,5,0.000,1,6682.911,709.366,6.000,6140.000,390.000,90.000,66.331,58,-1.000,-1.000
2620,14.048721,17.863936,19,1,0,5,0.000,1,6682.911,709.366,6.000,6140.000,390.000,90.000,66.331,58,-1.000,-1.000
2621,15.097795,14.014600,19,1,0,5,0.000,1,6682.911,709.366,6.000,6140.000,390.000,90.000,66.331,58,-1.000,-1.000
2622,13.173961,15.358749,19,1,0,5,0.000,1,6682.911,709.366,6.000,6140.000,390.000,90.000,66.331,58,-1.000,-1.000
2623,14.179123,13.045728,19,1,0,5,0.000,1,6682.911,709.366,6.000,6140.000,390.000,90.000,66.331,58,-1.000,-1.000
2624,12.895415,14.164573,19,1,0,5,0.000,1,6682.911,709.366,6.000,6140.000,390.000,90.000,66.331,58,-1.000,-1.000
2625,13.391826,12.905246,19,1,0,5,0.000,1,6682.911,709.366,6.000,6140.000,390.000,90.000,66.331,58,-1.000,-1.000
2626,14.182694,13.367265,19,1,0,5,0.000,1,6682.911,709.366,6.000,6140.000,390.000,90.000,66.331,58,-1.000,-1.000
2627,14.080901,14.153344,19,1,0,5,0.000,1,6682.911,709.366,6.000,6140.000,390.000,90.000,66.331,58,-1.000,-1.000
2628,13.698533,13.994809,19,1,0,5,0.000,1,6682.911,709.366,6.000,6140.000,390.000,90.000,66.331,58,-1.000,-1.000
2629,13.545370,13.693082,19,1,0,5,0.000,1,6682.911,709.366,6.000,6140.000,390.000,90.000,66.331,58,-1.000,-1.000
2630,12.594658,13.548441,19,1,0,5,0.000,1,6682.911,709.366,6.000,6140.000,390.000,90.000,66.331,58,-1.000,-1.000
2631,12.186939,12.647619,19,1,0,5,0.000,1,6682.911,709.366,6.000,6140.000,390.000,90.000,66.331,58,-1.000,-1.000
2632,12.643970,12.117638,19,1,0,5,0.000,1,6682.911,709.366,6.000,6140.000,390.000,90.000,66.331,58,-1.000,-1.000
2633,13.083490,12.661890,19,1,0,5,0.000,1,6682.911,709.366,6.000,6140.000,390.000,90.000,66.331,58,-1.000,-1.000
2634,12.959606,13.085259,19,1,0,5,0.000,1,6682.911,709.366,6.000,6140.000,390.000,90.000,66.331,58,-1.000,-1.000
2635,12.939616,12.948057,19,1,0,5,0.000,1,6682.911,709.366,6.000,6140.000,390.000,90.000,66.331,58,-1.000,-1.000
2636,12.908606,12.956236,19,1,0,5,0.000,1,6682.911,709.366,6.000,6140.000,390.000,90.000,66.331,58,-1.000,-1.000
2637,11.903943,12.901505,19,1,0,5,0.000,1,6682.911,709.366,6.000,6140.000,390.000,90.000,66.331,58,-1.000,-1.000
2638,12.133228,11.913564,19,1,0,5,0.000,1,6682.911,709.366,6.000,6140.000,390.000,90.000,66.331,58,-1.000,-1.000
2639,12.611120,12.120778,19,1,0,5,0.000,1,6682.911,709.366,6.000,6140.000,390.000,90.000,66.331,58,-1.000,-1.000
2640,11.663867,12.605459,19,1,0,5,0.000,1,6682.911,709.366,6.000,6140.000,390.000,90.000,66.331,58,-1.000,-1.000
2641,12.505197,11.661627,19,1,0,5,0.000,1,6682.911,709.366,6.000,6140.000,390.000,90.000,66.331,58,-1.000,-1.000
2642,11.528594,12.690081,19,1,0,5,0.000,1,6682.911,709.366,6.000,6140.000,390.000,90.000,66.331,58,-1.000,-1.000
2643,12.339984,11.524016,19,1,0,5,0.000,1,6682.911,709.366,6.000,6140.000,390.000,90.000,66.331,58,-1.000,-1.000
2644,12.772352,12.237370,19,1,0,5,0.000,1,6682.911,709.366,6.000,6140.000,390.000,90.000,66.331,58,-1.000,-1.000
2645,12.303522,12.740562,19,1,0,5,0.000,1,6682.911,709.366,6.000,6140.000,390.000,90.000,66.331,58,-1.000,-1.000
2646,12.234721,12.278241,19,1,0,5,0.000,1,6682.911,709.366,6.000,6140.000,390.000,90.000,66.331,58,-1.000,-1.000
2647,12.615379,12.201890,19,1,0,5,0.000,1,6682.911,709.366,6.000,6140.000,390.000,90.000,66.331,58,-1.000,-1.000
2648,12.382284,12.626929,19,1,0,5,0.000,1,6682.911,709.366,6.000,6140.000,390.000,90.000,66.331,58,-1.000,-1.000
2649,11.926143,12.374504,19,1,0,5,0.000,1,6682.911,709.366,6.000,6140.000,390.000,90.000,66.331,58,-1.000,-1.000
2650,12.519127,11.928734,19,1,0,5,0.000,1,6682.911,709.366,6.000,6140.000,390.000,90.000,66.331,58,-1.000,-1.000
2651,12.646970,12.543946,19,1,0,5,0.000,1,6682.911,709.366,6.000,6140.000,390.000,90.000,66.331,58,-1.000,-1.000
2652,12.100887,12.651800,19,1,0,5,0.000,1,6682.911,709.366,6.000,6140.000,390.000,90.000,66.331,58,-1.000,-1.000
2653,12.100218,12.211070,19,1,0,5,0.000,1,6682.911,709.366,6.000,6140.000,390.000,90.000,66.331,58,-1.000,-1.000
2654,13.423277,12.096378,19,1,0,5,0.000,1,6682.911,709.366,6.000,6140.000,390.000,90.000,66.331,58,-1.000,-1.000
2655,12.406484,13.396687,19,1,0,5,0.000,1,6682.911,709.366,6.000,6140.000,390.000,90.000,66.331,58,-1.000,-1.000
2656,12.512816,12.407494,19,1,0,5,0.000,1,6682.911,709.366,6.000,6140.000,390.000,90.000,66.331,58,-1.000,-1.000
2657,12.527068,12.533617,19,1,0,5,0.000,1,6682.911,709.366,6.000,6140.000,390.000,90.000,66.331,58,-1.000,-1.000
2658,12.198659,12.511076,19,1,0,5,0.000,1,6682.911,709.366,6.000,6140.000,390.000,90.000,66.331,58,-1.000,-1.000
2659,13.016218,12.183250,19,1,0,5,0.000,1,6682.911,709.366,6.000,6140.000,390.000,90.000,66.331,58,-1.000,-1.000
2660,12.734982,13.049438,19,1,0,5,0.000,1,6682.911,709.366,6.000,6140.000,390.000,90.000,66.331,58,-1.000,-1.000
2661,16.481264,12.720532,19,1,0,5,0.000,1,6682.911,709.366,6.000,6140.000,390.000,90.000,66.331,58,-1.000,-1.000
2662,13.107231,16.492935,19,1,0,5,0.000,1,6682.911,709.366,6.000,6140.000,390.000,90.000,66.331,58,-1.000,-1.000
2663,12.194249,13.083509,19,1,0,5,0.000,1,6682.911,709.366,6.000,6140.000,390.000,90.000,66.331,58,-1.000,-1.000
2664,12.724621,12.261211,19,1,0,5,0.000,1,6682.911,709.366,6.000,6140.000,390.000,90.000,66.331,58,-1.000,-1.000
2665,12.763342,12.744002,19,1,0,5,0.000,1,6682.911,709.366,6.000,6140.000,390.000,90.000,66.331,58,-1.000,-1.000
2666,12.958257,12.798463,19,1,0,5,0.000,1,6682.911,709.366,6.000,6140.000,390.000,90.000,66.331,58,-1.000,-1.000
2667,13.091949,12.891385,19,1,0,5,0.000,1,6682.911,709.366,6.000,6140.000,390.000,90.000,66.331,58,-1.000,-1.000
2668,12.345164,13.126641,19,1,0,5,0.000,1,6682.911,709.366,6.000,6140.000,390.000,90.000,66.331,58,-1.000,-1.000
2669,13.554279,12.309252,19,1,0,5,0.000,1,6682.911,709.366,6.000,6140.000,390.000,90.000,66.331,58,-1.000,-1.000
2670,12.383405,13.590680,19,1,0,5,0.000,1,6682.911,709.366,6.000,6140.000,390.000,90.000,66.331,58,-1.000,-1.000
2671,13.618840,12.353983,19,1,0,5,0.000,1,6682.911,709.366,6.000,6140.000,390.000,90.000,66.331,58,-1.000,-1.000
2672,13.384787,13.778365,19,1,0,5,0.000,1,6682.911,709.366,6.000,6140.000,390.000,90.000,66.331,58,-1.000,-1.000
2673,12.371233,13.259753,19,1,0,5,0.000,1,6682.911,709.366,6.000,6140.000,390.000,90.000,66.331,58,-1.000,-1.000
2674,13.349945,12.364413,19,1,0,5,0.000,1,6682.911,709.366,6.000,6140.000,390.000,90.000,66.331,58,-1.000,-1.000
2675,12.332353,13.362936,19,1,0,5,0.000,1,6682.911,709.366,6.000,6140.000,390.000,90.000,66.331,58,-1.000,-1.000
2676,12.694970,12.312353,19,1,0,5,0.000,1,6682.911,709.366,6.000,6140.000,390.000,90.000,66.331,58,-1.000,-1.000
2677,12.582069,12.716031,19,1,0,5,0.000,1,6682.911,709.366,6.000,6140.000,390.000,90.000,66.331,58,-1.000,-1.000
2678,12.029506,12.497086,19,1,0,5,0.000,1,6682.911,709.366,6.000,6140.000,390.000,90.000,66.331,58,-1.000,-1.000
2679,12.151029,12.023926,19,1,0,5,0.000,1,6682.911,709.366,6.000,6140.000,390.000,90.000,66.331,58,-1.000,-1.000
2680,12.163938,12.135668,19,1,0,5,0.000,1,6682.911,709.366,6.000,6140.000,390.000,90.000,66.331,58,-1.000,-1.000
2681,12.030876,12.165169,19,1,0,5,0.000,1,6682.911,709.366,6.000,6140.000,390.000,90.000,66.331,58,-1.000,-1.000
2682,15.081704,12.034186,19,1,0,5,0.000,1,6682.911,709.366,6.000,6140.000,390.000,90.000,66.331,58,-1.000,-1.000
2683,12.913696,15.118424,19,1,0,5,0.000,1,6682.911,709.366,6.000,6140.000,390.000,90.000,66.331,58,-1.000,-1.000
2684,12.580478,12.880555,19,1,0,5,0.000,1,6682.911,709.366,6.000,6140.000,390.000,90.000,66.331,58,-1.000,-1.000
2685,12.075977,12.567698,19,1,0,5,0.000,1,6682.911,709.366,6.000,6140.000,390.000,90.000,66.331,58,-1.000,-1.000
2686,12.907876,12.089538,19,1,0,5,0.000,1,6682.911,709.366,6.000,6140.000,390.000,90.000,66.331,58,-1.000,-1.000
2687,11.849972,12.891765,19,1,0,5,0.000,1,6682.911,709.366,6.000,6140.000,390.000,90.000,66.331,58,-1.000,-1.000
2688,12.459315,11.909963,19,1,0,5,0.000,1,6682.911,709.366,6.000,6140.000,390.000,90.000,66.331,58,-1.000,-1.000
2689,12.255641,12.489746,19,1,0,5,0.000,1,6682.911,709.366,6.000,6140.000,390.000,90.000,66.331,58,-1.000,-1.000
2690,13.082869,12.280052,19,1,0,5,0.000,1,6682.911,709.366,6.000,6140.000,390.000,90.000,66.331,58,-1.000,-1.000
2691,12.137198,13.026738,19,1,0,5,0.000,1,6682.911,709.366,6.000,6140.000,390.000,90.000,66.331,58,-1.000,-1.000
2692,15.430182,12.123438,19,1,0,5,0.000,1,6682.911,709.366,6.000,6140.000,390.000,90.000,66.331,58,-1.000,-1.000
2693,12.642640,15.398240,19,1,0,5,0.000,1,6682.911,709.366,6.000,6140.000,390.000,90.000,66.331,58,-1.000,-1.000
2694,11.797640,12.705022,19,1,0,5,0.000,1,6682.911,709.366,6.000,6140.000,390.000,90.000,66.331,58,-1.000,-1.000
2695,12.141648,11.793971,19,1,0,5,0.000,1,6682.911,709.366,6.000,6140.000,390.000,90.000,66.331,58,-1.000,-1.000
2696,12.595409,12.140008,19,1,0,5,0.000,1,6682.911,709.366,6.000,6140.000,390.000,90.000,66.331,58,-1.000,-1.000
2697,12.749382,12.631739,19,1,0,5,0.000,1,6682.911,709.366,6.000,6140.000,390.000,90.000,66.331,58,-1.000,-1.000
2698,12.894476,12.684381,19,1,0,5,0.000,1,6682.911,709.366,6.000,6140.000,390.000,90.000,66.331,58,-1.000,-1.000
2699,12.391013,12.919075,19,1,0,5,0.000,1,6682.911,709.366,6.000,6140.000,390.000,90.000,66.331,58,-1.000,-1.000
2700,11.923684,12.432595,19,1,0,5,0.000,1,6682.911,709.366,6.000,6140.000,390.000,90.000,66.331,58,-1.000,-1.000
2701,12.396384,11.888653,19,1,0,5,0.000,1,6682.911,709.366,6.000,6140.000,390.000,90.000,66.331,58,-1.000,-1.000
2702,12.505267,12.397245,19,1,0,5,0.000,1,6682.911,709.366,6.000,6140.000,390.000,90.000,66.331,58,-1.000,-1.000
2703,12.766412,12.505066,19,1,0,5,0.000,1,6682.911,709.366,6.000,6140.000,390.000,90.000,66.331,58,-1.000,-1.000
2704,12.064917,12.772722,19,1,0,5,0.000,1,6682.911,709.366,6.000,6140.000,390.000,90.000,66.331,58,-1.000,-1.000
2705,13.160031,12.076297,19,1,0,5,0.000,1,6682.911,709.366,6.000,6140.000,390.000,90.000,66.331,58,-1.000,-1.000
2706,12.608918,13.175691,19,1,0,5,0.000,1,6682.911,709.366,6.000,6140.000,390.000,90.000,66.331,58,-1.000,-1.000
2707,12.093659,12.589959,19,1,0,5,0.000,1,6682.911,709.366,6.000,6140.000,390.000,90.000,66.331,58,-1.000,-1.000
2708,13.219932,12.097718,19,1,0,5,0.000,1,6682.911,709.366,6.000,6140.000,390.000,90.000,66.331,58,-1.000,-1.000
2709,13.440407,13.161791,19,1,0,5,0.000,1,6682.911,709.366,6.000,6140.000,390.000,90.000,66.331,58,-1.000,-1.000
2710,16.578537,13.510419,19,1,0,5,0.000,1,6682.911,709.366,6.000,6140.000,390.000,90.000,66.331,58,-1.000,-1.000
2711,13.653491,16.529535,19,1,0,5,0.000,1,6682.911,709.366,6.000,6140.000,390.000,90.000,66.331,58,-1.000,-1.000
2712,13.040658,13.698753,19,1,0,5,0.000,1,6682.911,709.366,6.000,6140.000,390.000,90.000,66.331,58,-1.000,-1.000
2713,13.009348,13.052299,19,1,0,5,0.000,1,6682.911,709.366,6.000,6140.000,390.000,90.000,66.331,58,-1.000,-1.000
2714,13.062670,12.937236,19,1,0,5,0.000,1,6682.911,709.366,6.000,6140.000,390.000,90.000,66.331,58,-1.000,-1.000
2715,12.778021,13.092299,19,1,0,5,0.000,1,6682.911,709.366,6.000,6140.000,390.000,90.000,66.331,58,-1.000,-1.000
2716,12.560349,12.781333,19,1,0,5,0.000,1,6682.911,709.366,6.000,6140.000,390.000,90.000,66.331,58,-1.000,-1.000
2717,13.587970,12.558067,19,1,0,5,0.000,1,6682.911,709.366,6.000,6140.000,390.000,90.000,66.331,58,-1.000,-1.000
2718,12.383344,13.574801,19,1,0,5,0.000,1,6682.911,709.366,6.000,6140.000,390.000,90.000,66.331,58,-1.000,-1.000
2719,12.555317,12.401244,19,1,0,5,0.000,1,6682.911,709.366,6.000,6140.000,390.000,90.000,66.331,58,-1.000,-1.000
2720,11.622948,12.550308,19,1,0,5,0.000,1,6682.911,709.366,6.000,6140.000,390.000,90.000,66.331,58,-1.000,-1.000
2721,12.296831,11.683827,19,1,0,5,0.000,1,6682.911,709.366,6.000,6140.000,390.000,90.000,66.331,58,-1.000,-1.000
2722,12.511427,12.236832,19,1,0,5,0.000,1,6682.911,709.366,6.000,6140.000,390.000,90.000,66.331,58,-1.000,-1.000
2723,12.636339,12.507066,19,1,0,5,0.000,1,6682.911,709.366,6.000,6140.000,390.000,90.000,66.331,58,-1.000,-1.000
2724,13.184613,12.636190,19,1,0,5,0.000,1,6682.911,709.366,6.000,6140.000,390.000,90.000,66.331,58,-1.000,-1.000
2725,12.470025,13.160951,19,1,0,5,0.000,1,6682.911,709.366,6.000,6140.000,390.000,90.000,66.331,58,-1.000,-1.000
2726,12.525847,12.489795,19,1,0,5,0.000,1,6682.911,709.366,6.000,6140.000,390.000,90.000,66.331,58,-1.000,-1.000
2727,12.381994,12.495277,19,1,0,5,0.000,1,6682.911,709.366,6.000,6140.000,390.000,90.000,66.331,58,-1.000,-1.000
2728,13.247102,12.403384,19,1,0,5,0.000,1,6682.911,709.366,6.000,6140.000,390.000,90.000,66.331,58,-1.000,-1.000
2729,12.512028,13.207992,19,1,0,5,0.000,1,6682.911,709.366,6.000,6140.000,390.000,90.000,66.331,58,-1.000,-1.000
2730,12.655409,12.519517,19,1,0,5,0.000,1,6682.911,709.366,6.000,6140.000,390.000,90.000,66.331,58,-1.000,-1.000
2731,12.450356,12.690261,19,1,0,5,0.000,1,6682.911,709.366,6.000,6140.000,390.000,90.000,66.331,58,-1.000,-1.000
2732,11.849052,12.481686,19,1,0,5,0.000,1,6682.911,709.366,6.000,6140.000,390.000,90.000,66.331,58,-1.000,-1.000
2733,12.016706,11.793621,19,1,0,5,0.000,1,6682.911,709.366,6.000,6140.000,390.000,90.000,66.331,58,-1.000,-1.000
2734,12.578297,11.995395,19,1,0,5,0.000,1,6682.911,709.366,6.000,6140.000,390.000,90.000,66.331,58,-1.000,-1.000
2735,14.191654,12.613708,19,1,0,5,0.000,1,6682.911,709.366,6.000,6140.000,390.000,90.000,66.331,58,-1.000,-1.000
2736,12.738222,14.221436,19,1,0,5,0.000,1,6682.911,709.366,6.000,6140.000,390.000,90.000,66.331,58,-1.000,-1.000
2737,13.590761,12.732460,19,1,0,5,0.000,1,6682.911,709.366,6.000,6140.000,390.000,90.000,66.331,58,-1.000,-1.000
2738,12.912825,13.608662,19,1,0,5,0.000,1,6682.911,709.366,6.000,6140.000,390.000,90.000,66.331,58,-1.000,-1.000
2739,13.031178,12.915185,19,1,0,5,0.000,1,6682.911,709.366,6.000,6140.000,390.000,90.000,66.331,58,-1.000,-1.000
2740,13.118771,13.026978,19,1,0,5,0.000,1,6682.911,709.366,6.000,6140.000,390.000,90.000,66.331,58,-1.000,-1.000
2741,13.105849,13.128841,19,1,0,5,0.000,1,6682.911,709.366,6.000,6140.000,390.000,90.000,66.331,58,-1.000,-1.000
2742,12.847004,13.187711,19,1,0,5,0.000,1,6682.911,709.366,6.000,6140.000,390.000,90.000,66.331,58,-1.000,-1.000
2743,12.960177,12.808654,19,1,0,5,0.000,1,6682.911,709.366,6.000,6140.000,390.000,90.000,66.331,58,-1.000,-1.000
2744,13.336985,12.910045,19,1,0,5,0.000,1,6682.911,709.366,6.000,6140.000,390.000,90.000,66.331,58,-1.000,-1.000
2745,12.193389,13.373186,19,1,0,5,0.000,1,6682.911,709.366,6.000,6140.000,390.000,90.000,66.331,58,-1.000,-1.000
2746,13.236083,12.081437,19,1,0,5,0.000,1,6682.911,709.366,6.000,6140.000,390.000,90.000,66.331,58,-1.000,-1.000
2747,13.430057,13.239033,19,1,0,5,0.000,1,6682.911,709.366,6.000,6140.000,390.000,90.000,66.331,58,-1.000,-1.000
2748,12.540267,13.452807,19,1,0,5,0.000,1,6682.911,709.366,6.000,6140.000,390.000,90.000,66.331,58,-1.000,-1.000
2749,12.143279,12.509547,19,1,0,5,0.000,1,6682.911,709.366,6.000,6140.000,390.000,90.000,66.331,58,-1.000,-1.000
2750,12.047847,12.140829,19,1,0,5,0.000,1,6682.911,709.366,6.000,6140.000,390.000,90.000,66.331,58,-1.000,-1.000
2751,12.201279,12.049756,19,1,0,5,0.000,1,6682.911,709.366,6.000,6140.000,390.000,90.000,66.331,58,-1.000,-1.000
2752,13.371296,12.222850,19,1,0,5,0.000,1,6682.911,709.366,6.000,6140.000,390.000,90.000,66.331,58,-1.000,-1.000
2753,12.827794,13.346205,19,1,0,5,0.000,1,6682.911,709.366,6.000,6140.000,390.000,90.000,66.331,58,-1.000,-1.000
2754,13.731993,12.850244,19,1,0,5,0.000,1,6682.911,709.366,6.000,6140.000,390.000,90.000,66.331,58,-1.000,-1.000
2755,13.031469,13.715944,19,1,0,5,0.000,1,6682.911,709.366,6.000,6140.000,390.000,90.000,66.331,58,-1.000,-1.000
2756,13.258563,13.034018,19,1,0,5,0.000,1,6682.911,709.366,6.000,6140.000,390.000,90.000,66.331,58,-1.000,-1.000
2757,12.181709,13.262763,19,1,0,5,0.000,1,6682.911,709.366,6.000,6140.000,390.000,90.000,66.331,58,-1.000,-1.000
2758,12.507417,12.151169,19,1,0,5,0.000,1,6682.911,709.366,6.000,6140.000,390.000,90.000,66.331,58,-1.000,-1.000
2759,13.425806,12.602049,19,1,0,5,0.000,1,6682.911,709.366,6.000,6140.000,390.000,90.000,66.331,58,-1.000,-1.000
2760,13.586291,13.385175,19,1,0,5,0.000,1,6682.911,709.366,6.000,6140.000,390.000,90.000,66.331,58,-1.000,-1.000
2761,13.851387,13.591451,19,1,0,5,0.000,1,6682.911,709.366,6.000,6140.000,390.000,90.000,66.331,58,-1.000,-1.000
2762,13.768813,13.869977,19,1,0,5,0.000,1,6682.911,709.366,6.000,6140.000,390.000,90.000,66.331,58,-1.000,-1.000
2763,13.118970,13.737664,19,1,0,5,0.000,1,6682.911,709.366,6.000,6140.000,390.000,90.000,66.331,58,-1.000,-1.000
2764,14.921860,13.233633,19,1,0,5,0.000,1,6682.911,709.366,6.000,6140.000,390.000,90.000,66.331,58,-1.000,-1.000
2765,12.185160,14.834118,19,1,0,5,0.000,1,6682.911,709.366,6.000,6140.000,390.000,90.000,66.331,58,-1.000,-1.000
2766,12.079178,12.171359,19,1,0,5,0.000,1,6682.911,709.366,6.000,6140.000,390.000,90.000,66.331,58,-1.000,-1.000
2767,12.084427,12.067657,19,1,0,5,0.000,1,6682.911,709.366,6.000,6140.000,390.000,90.000,66.331,58,-1.000,-1.000
2768,11.943864,12.172249,19,1,0,5,0.000,1,6682.911,709.366,6.000,6140.000,390.000,90.000,66.331,58,-1.000,-1.000
2769,11.663497,11.864682,21,1,0,5,0.000,1,6682.911,709.366,6.000,6140.000,390.000,90.000,66.331,58,-1.000,-1.000
2770,185.416411,11.661697,21,1,0,5,0.000,1,6682.911,709.366,6.000,6140.000,390.000,90.000,66.331,58,-1.000,-1.000
2771,7.510826,185.352630,21,1,0,5,0.000,1,6682.911,709.366,6.000,6140.000,390.000,90.000,66.331,58,-1.000,-1.000
2772,2.610338,8.333664,21,1,0,5,0.000,1,6682.911,709.366,6.000,6140.000,390.000,90.000,66.331,58,-1.000,-1.000
2773,11.332240,8.333614,21,1,0,5,0.000,1,6682.911,709.366,6.000,6140.000,390.000,90.000,66.331,58,-1.000,-1.000
2774,11.234538,8.333465,21,1,0,5,0.000,1,6682.911,709.366,6.000,6140.000,390.000,90.000,66.331,58,-1.000,-1.000
2775,12.752433,8.333614,21,1,0,5,0.000,1,6682.911,709.366,6.000,6140.000,390.000,90.000,66.331,58,-1.000,-1.000
2776,12.771862,12.037006,21,1,0,5,0.000,1,6682.911,709.366,6.000,6140.000,390.000,90.000,66.331,58,-1.000,-1.000
2777,12.883835,12.930146,21,1,0,5,0.000,1,6682.911,709.366,6.000,6140.000,390.000,90.000,66.331,58,-1.000,-1.000
2778,13.312164,12.838934,21,1,0,5,0.000,1,6682.911,709.366,6.000,6140.000,390.000,90.000,66.331,58,-1.000,-1.000
2779,12.668581,13.293664,21,1,0,5,0.000,1,6682.911,709.366,6.000,6140.000,390.000,90.000,66.331,58,-1.000,-1.000
2780,12.575837,12.736062,21,1,0,5,0.000,1,6682.911,709.366,6.000,6140.000,390.000,90.000,66.331,58,-1.000,-1.000
2781,13.000378,12.537556,21,1,0,5,0.000,1,6682.911,709.366,6.000,6140.000,390.000,90.000,66.331,58,-1.000,-1.000
2782,13.715403,13.051329,21,1,0,5,0.000,1,6682.911,709.366,6.000,6140.000,390.000,90.000,66.331,58,-1.000,-1.000
2783,13.182832,13.726194,21,1,0,5,0.000,1,6682.911,709.366,6.000,6140.000,390.000,90.000,66.331,58,-1.000,-1.000
2784,14.392508,13.182751,21,1,0,5,0.000,1,6682.911,709.366,6.000,6140.000,390.000,90.000,66.331,58,-1.000,-1.000
2785,12.918305,14.384009,21,1,0,5,0.000,1,6682.911,709.366,6.000,6140.000,390.000,90.000,66.331,58,-1.000,-1.000
2786,13.164172,12.898915,21,1,0,5,0.000,1,6682.911,709.366,6.000,6140.000,390.000,90.000,66.331,58,-1.000,-1.000
2787,13.277094,13.237813,21,1,0,5,0.000,1,6682.911,709.366,6.000,6140.000,390.000,90.000,66.331,58,-1.000,-1.000
2788,13.307264,13.247582,21,1,0,5,0.000,1,6682.911,709.366,6.000,6140.000,390.000,90.000,66.331,58,-1.000,-1.000
2789,12.269141,13.273374,21,1,0,5,0.000,1,6682.911,709.366,6.000,6140.000,390.000,90.000,66.331,58,-1.000,-1.000
2790,12.726881,12.231051,21,1,0,5,0.000,1,6682.911,709.366,6.000,6140.000,390.000,90.000,66.331,58,-1.000,-1.000
2791,12.372274,12.710110,21,1,0,5,0.000,1,6682.911,709.366,6.000,6140.000,390.000,90.000,66.331,58,-1.000,-1.000
2792,13.679903,12.424395,21,1,0,5,0.000,1,6682.911,709.366,6.000,6140.000,390.000,90.000,66.331,58,-1.000,-1.000
2793,11.914093,13.673772,21,1,0,5,0.000,1,6682.911,709.366,6.000,6140.000,390.000,90.000,66.331,58,-1.000,-1.000
2794,11.989085,11.881473,21,1,0,5,0.000,1,6682.911,709.366,6.000,6140.000,390.000,90.000,66.331,58,-1.000,-1.000
2795,12.261281,11.976045,21,1,0,5,0.000,1,6682.911,709.366,6.000,6140.000,390.000,90.000,66.331,58,-1.000,-1.000
2796,12.928936,12.266102,24,1,0,5,0.000,1,6682.911,709.366,6.000,6140.000,390.000,90.000,66.331,58,-1.000,-1.000
2797,13.600191,12.910844,24,1,0,5,0.000,1,6682.911,709.366,6.000,6770.000,700.000,90.000,66.331,58,-1.000,-1.000
2798,13.258533,13.611242,24,1,0,5,0.000,1,6682.911,709.366,6.000,6770.000,700.000,90.000,66.331,58,-1.000,-1.000
2799,16.206608,13.249483,24,1,0,5,0.000,1,6682.911,709.366,6.000,6770.000,700.000,90.000,66.331,58,-1.000,-1.000
2800,13.734664,16.216508,24,1,0,5,0.000,1,6682.911,709.366,6.000,6770.000,700.000,90.000,66.331,58,-1.000,-1.000
2801,13.637582,13.726074,24,1,0,5,0.000,1,6682.911,709.366,6.000,6770.000,700.000,90.000,66.331,58,-1.000,-1.000
2802,13.723233,13.669342,24,1,0,5,0.000,1,6682.911,709.366,6.000,6770.000,700.000,90.000,66.331,58,-1.000,-1.000
2803,13.321485,13.690173,24,1,0,5,0.000,1,6682.911,709.366,6.000,6770.000,700.000,90.000,66.331,58,-1.000,-1.000
2804,13.139121,13.547690,24,1,0,5,0.000,1,6682.911,709.366,6.000,6770.000,700.000,90.000,66.331,58,-1.000,-1.000
2805,13.053718,12.965016,24,1,0,5,0.000,1,6682.911,709.366,6.000,6770.000,700.000,90.000,66.331,58,-1.000,-1.000
2806,12.545207,13.025368,24,1,0,5,0.000,1,6682.911,709.366,6.000,6770.000,700.000,90.000,66.331,58,-1.000,-1.000
2807,12.038916,12.541228,24,1,0,5,0.000,1,6682.911,709.366,6.000,6770.000,700.000,90.000,66.331,58,-1.000,-1.000
2808,12.569319,12.055927,24,1,0,5,0.000,1,6682.911,709.366,6.000,6770.000,700.000,90.000,66.331,58,-1.000,-1.000
2809,12.347613,12.601908,24,1,0,5,0.000,1,6682.911,709.366,6.000,6770.000,700.000,90.000,66.331,58,-1.000,-1.000
2810,11.730939,12.308533,24,1,0,5,0.000,1,6682.911,709.366,6.000,6770.000,700.000,90.000,66.331,58,-1.000,-1.000
2811,13.222452,11.697818,24,1,0,5,0.000,1,6682.911,709.366,6.000,6770.000,700.000,90.000,66.331,58,-1.000,-1.000
2812,12.851775,13.272724,24,1,0,5,0.000,1,6682.911,709.366,6.000,6770.000,700.000,90.000,66.331,58,-1.000,-1.000
2813,14.154933,12.825153,24,1,0,5,0.000,1,6682.911,709.366,6.000,6770.000,700.000,90.000,66.331,58,-1.000,-1.000
2814,13.248773,14.151923,24,1,0,5,0.000,1,6682.911,709.366,6.000,6770.000,700.000,90.000,66.331,58,-1.000,-1.000
2815,13.391366,13.334045,24,1,0,5,0.000,1,6682.911,709.366,6.000,6770.000,700.000,90.000,66.331,58,-1.000,-1.000
2816,14.057601,13.300794,24,1,0,5,0.000,1,6682.911,709.366,6.000,6770.000,700.000,90.000,63.309,58,-1.000,-1.000
2817,12.494496,14.054081,24,1,0,5,0.000,1,6682.911,709.366,6.000,6770.000,700.000,90.000,63.309,58,-1.000,-1.000
2818,13.825896,12.486196,24,1,0,5,0.000,1,6682.911,709.366,6.000,6770.000,700.000,90.000,63.309,58,-1.000,-1.000
2819,13.005117,13.833195,24,1,0,5,0.000,1,6682.911,709.366,6.000,6770.000,700.000,90.000,63.309,58,-1.000,-1.000
2820,13.708164,13.031849,24,1,0,5,0.000,1,6682.911,709.366,6.000,6770.000,700.000,90.000,63.309,58,-1.000,-1.000
2821,14.511370,13.696553,24,1,0,5,0.000,1,6682.911,709.366,6.000,6770.000,700.000,90.000,63.309,58,-1.000,-1.000
2822,13.360356,14.709875,24,1,0,5,0.000,1,6682.911,709.366,6.000,6770.000,700.000,90.000,63.309,58,-1.000,-1.000
2823,12.940076,13.217162,24,1,0,5,0.000,1,6682.911,709.366,6.000,6770.000,700.000,90.000,63.309,58,-1.000,-1.000
2824,14.118482,12.921856,24,1,0,5,0.000,1,6682.911,709.366,6.000,6770.000,700.000,90.000,63.309,58,-1.000,-1.000
2825,15.734439,14.128982,24,1,0,5,0.000,1,6682.911,709.366,6.000,6770.000,700.000,90.000,63.309,58,-1.000,-1.000
2826,14.889318,15.735239,24,1,0,5,0.000,1,6682.911,709.366,6.000,6770.000,700.000,90.000,63.309,58,-1.000,-1.000
2827,13.688143,14.885089,24,1,0,5,0.000,1,6682.911,709.366,6.000,6770.000,700.000,90.000,63.309,58,-1.000,-1.000
2828,11.882923,13.636661,24,1,0,5,0.000,1,6682.911,709.366,6.000,6770.000,700.000,90.000,63.309,58,-1.000,-1.000
2829,11.728460,11.876043,24,1,0,5,0.000,1,6682.911,709.366,6.000,6770.000,700.000,90.000,63.309,58,-1.000,-1.000
2830,12.540126,11.748230,24,1,0,5,0.000,1,6682.911,709.366,6.000,6770.000,700.000,90.000,63.309,58,-1.000,-1.000
2831,12.666041,12.557888,24,1,0,5,0.000,1,6682.911,709.366,6.000,6770.000,700.000,90.000,63.309,58,-1.000,-1.000
2832,13.248303,12.641799,24,1,0,5,0.000,1,6682.911,709.366,6.000,6770.000,700.000,90.000,63.309,58,-1.000,-1.000
2833,13.453028,13.298434,24,1,0,5,0.000,1,6682.911,709.366,6.000,6770.000,700.000,90.000,63.309,58,-1.000,-1.000
2834,13.181271,13.456128,25,1,0,5,0.000,1,6682.911,709.366,6.000,6770.000,700.000,90.000,63.309,58,-1.000,-1.000
2835,13.414926,13.168601,25,1,0,5,0.000,1,6682.911,709.366,6.000,6770.000,700.000,90.000,60.248,58,-1.000,-1.000
2836,13.149971,13.362195,25,1,0,5,0.000,1,6682.911,709.366,6.000,6770.000,700.000,90.000,60.248,58,-1.000,-1.000
2837,14.474760,13.183732,25,1,0,5,0.000,1,6682.911,709.366,6.000,6770.000,700.000,90.000,60.248,58,-1.000,-1.000
2838,14.815918,14.430499,25,1,0,5,0.000,1,6682.911,709.366,6.000,6770.000,700.000,90.000,60.248,58,-1.000,-1.000
2839,16.523505,14.836948,25,1,0,5,0.000,1,6682.911,709.366,6.000,6770.000,700.000,90.000,60.248,58,-1.000,-1.000
2840,12.809694,16.538995,25,1,0,5,0.000,1,6682.911,709.366,6.000,6770.000,700.000,90.000,60.248,58,-1.000,-1.000
2841,13.276633,12.783713,25,1,0,5,0.000,1,6682.911,709.366,6.000,6770.000,700.000,90.000,60.248,58,-1.000,-1.000
2842,12.422225,13.313735,25,1,0,5,0.000,1,6682.911,709.366,6.000,6770.000,700.000,90.000,60.248,58,-1.000,-1.000
2843,12.866695,12.376744,25,1,0,5,0.000,1,6682.911,709.366,6.000,6770.000,700.000,90.000,60.248,58,-1.000,-1.000
2844,13.107510,12.904945,25,1,0,5,0.000,1,6682.911,709.366,6.000,6770.000,700.000,90.000,60.248,58,-1.000,-1.000
2845,13.651101,13.132460,25,1,0,5,0.000,1,6682.911,709.366,6.000,6770.000,700.000,90.000,60.248,58,-1.000,-1.000
2846,13.182101,13.682343,25,1,0,5,0.000,1,6682.911,709.366,6.000,6770.000,700.000,90.000,60.248,58,-1.000,-1.000
2847,13.272634,13.153301,25,1,0,5,0.000,1,6682.911,709.366,6.000,6770.000,700.000,90.000,60.248,58,-1.000,-1.000
2848,13.306394,13.230892,25,1,0,5,0.000,1,6682.911,709.366,6.000,6770.000,700.000,90.000,60.248,58,-1.000,-1.000
2849,13.468549,13.316504,25,1,0,5,0.000,1,6682.911,709.366,6.000,6770.000,700.000,90.000,60.248,58,-1.000,-1.000
2850,13.423486,13.530210,25,1,0,5,0.000,1,6682.911,709.366,6.000,6770.000,700.000,90.000,60.248,58,-1.000,-1.000
2851,13.282004,13.384586,25,1,0,5,0.000,1,6682.911,709.366,6.000,6770.000,700.000,90.000,60.248,58,-1.000,-1.000
2852,13.861656,13.295264,25,1,0,5,0.000,1,6682.911,709.366,6.000,6770.000,700.000,90.000,60.248,58,-1.000,-1.000
2853,14.045971,13.833786,25,1,0,5,0.000,1,6682.911,709.366,6.000,6770.000,700.000,90.000,60.248,58,-1.000,-1.000
2854,13.489279,14.062730,25,1,0,5,0.000,1,6682.911,709.366,6.000,6770.000,700.000,90.000,57.148,58,-1.000,-1.000
2855,13.638681,13.449688,25,1,0,5,0.000,1,6682.911,709.366,6.000,6770.000,700.000,90.000,57.148,58,-1.000,-1.000
2856,14.080441,13.654392,25,1,0,5,0.000,1,6682.911,709.366,6.000,6770.000,700.000,90.000,57.148,58,-1.000,-1.000
2857,13.459718,14.105743,25,1,0,5,0.000,1,6682.911,709.366,6.000,6770.000,700.000,90.000,57.148,58,-1.000,-1.000
2858,11.848952,13.447057,25,1,0,5,0.000,1,6682.911,709.366,6.000,6770.000,700.000,90.000,57.148,58,-1.000,-1.000
2859,12.993358,11.833151,25,1,0,5,0.000,1,6682.911,709.366,6.000,6770.000,700.000,90.000,57.148,58,-1.000,-1.000
2860,13.185971,12.970437,25,1,0,5,0.000,1,6682.911,709.366,6.000,6770.000,700.000,90.000,57.148,58,-1.000,-1.000
2861,13.022618,13.186922,25,1,0,5,0.000,1,6682.911,709.366,6.000,6770.000,700.000,90.000,57.148,58,-1.000,-1.000
2862,13.287694,13.034178,25,1,0,5,0.000,1,6682.911,709.366,6.000,6770.000,700.000,90.000,57.148,58,-1.000,-1.000
2863,13.165070,13.286983,25,1,0,5,0.000,1,6682.911,709.366,6.000,6770.000,700.000,90.000,57.148,58,-1.000,-1.000
2864,12.677561,13.204653,25,1,0,5,0.000,1,6682.911,709.366,6.000,6770.000,700.000,90.000,57.148,58,-1.000,-1.000
2865,12.777943,12.615759,25,1,0,5,0.000,1,6682.911,709.366,6.000,6770.000,700.000,90.000,57.148,58,-1.000,-1.000
2866,12.394874,12.775722,25,1,0,5,0.000,1,6682.911,709.366,6.000,6770.000,700.000,90.000,57.148,58,-1.000,-1.000
2867,12.434234,12.399084,25,1,0,5,0.000,1,6682.911,709.366,6.000,6770.000,700.000,90.000,57.148,58,-1.000,-1.000
2868,13.501749,12.433566,25,1,0,5,0.000,1,6682.911,709.366,6.000,6770.000,700.000,90.000,57.148,58,-1.000,-1.000
2869,13.650933,13.536738,25,1,0,5,0.000,1,6682.911,709.366,6.000,6770.000,700.000,90.000,57.148,58,-1.000,-1.000
2870,13.249432,13.620562,25,1,0,5,0.000,1,6682.911,709.366,6.000,6770.000,700.000,90.000,57.148,58,-1.000,-1.000
2871,12.902626,13.263803,25,1,0,5,0.000,1,6682.911,709.366,6.000,6770.000,700.000,90.000,57.148,58,-1.000,-1.000
2872,13.111189,12.897985,25,1,0,5,0.000,1,6682.911,709.366,6.000,6770.000,700.000,90.000,57.148,58,-1.000,-1.000
2873,12.968757,13.100260,25,1,0,5,0.000,1,6682.911,709.366,6.000,6770.000,700.000,90.000,57.148,58,-1.000,-1.000
2874,13.140541,12.968927,25,1,0,5,0.000,1,6682.911,709.366,6.000,6770.000,700.000,90.000,54.006,58,-1.000,-1.000
2875,12.879255,13.144670,25,1,0,5,0.000,1,6682.911,709.366,6.000,6770.000,700.000,90.000,54.006,58,-1.000,-1.000
2876,12.881025,12.889046,25,1,0,5,0.000,1,6682.911,709.366,6.000,6770.000,700.000,90.000,54.006,58,-1.000,-1.000
2877,13.102939,12.886025,25,1,0,5,0.000,1,6682.911,709.366,6.000,6770.000,700.000,90.000,54.006,58,-1.000,-1.000
2878,13.402366,13.096669,25,1,0,5,0.000,1,6682.911,709.366,6.000,6770.000,700.000,90.000,54.006,58,-1.000,-1.000
2879,13.093060,13.445448,25,1,0,5,0.000,1,6682.911,709.366,6.000,6770.000,700.000,90.000,54.006,58,-1.000,-1.000
2880,12.934756,13.069909,25,1,0,5,0.000,1,6682.911,709.366,6.000,6770.000,700.000,90.000,54.006,58,-1.000,-1.000
2881,12.773143,12.932326,25,1,0,5,0.000,1,6682.911,709.366,6.000,6770.000,700.000,90.000,54.006,58,-1.000,-1.000
2882,14.050760,12.747241,25,1,0,5,0.000,1,6682.911,709.366,6.000,6770.000,700.000,90.000,54.006,58,-1.000,-1.000
2883,14.282956,14.082171,25,1,0,5,0.000,1,6682.911,709.366,6.000,6770.000,700.000,90.000,54.006,58,-1.000,-1.000
2884,13.042358,14.283237,25,1,0,5,0.000,1,6682.911,709.366,6.000,6770.000,700.000,90.000,54.006,58,-1.000,-1.000
2885,12.830324,13.099790,25,1,0,5,0.000,1,6682.911,709.366,6.000,6770.000,700.000,90.000,54.006,58,-1.000,-1.000
2886,12.276881,12.765721,25,1,0,5,0.000,1,6682.911,709.366,6.000,6770.000,700.000,90.000,54.006,58,-1.000,-1.000
2887,13.026119,12.281593,25,1,0,5,0.000,1,6682.911,709.366,6.000,6770.000,700.000,90.000,54.006,58,-1.000,-1.000
2888,12.079247,13.005047,25,1,0,5,0.000,1,6682.911,709.366,6.000,6770.000,700.000,90.000,54.006,58,-1.000,-1.000
2889,12.956097,12.115648,25,1,0,5,0.000,1,6682.911,709.366,6.000,6770.000,700.000,90.000,54.006,58,-1.000,-1.000
2890,13.421406,12.931606,25,1,0,5,0.000,1,6682.911,709.366,6.000,6770.000,700.000,90.000,54.006,58,-1.000,-1.000
