frame,wall_ms,sim_ms,gpu_ms,phase,shot_requested,x,y,z,yaw,ready,aa,screen_percentage
814,17.455792,215.094986,3.789000,1,0,0.0000,0.0000,88.0000,0.0000,0,2.0,100.00
815,15.898248,17.439360,7.176000,1,0,0.0000,0.0000,90.0000,0.0000,0,2.0,100.00
816,17.684156,15.912929,7.176000,1,0,0.0000,0.0000,90.0000,0.0000,0,2.0,100.00
817,16.104293,17.626815,3.894000,1,0,0.0000,0.0000,90.0000,0.0000,0,2.0,100.00
818,16.225896,16.225405,3.703000,1,0,6000.0000,-1000.0000,90.0000,0.0000,0,2.0,100.00
819,15.428167,16.157714,3.059000,1,0,6000.0000,-1000.0000,90.0000,0.0000,1,2.0,100.00
820,24.374248,15.468709,3.976000,1,0,6000.0000,-1000.0000,90.0000,0.0000,1,2.0,100.00
821,15.375858,24.388789,3.976000,1,0,6000.0000,-1000.0000,90.0000,0.0000,1,2.0,100.00
822,13.376865,15.432648,3.670000,1,0,6000.0000,-1000.0000,90.0000,0.0000,1,2.0,100.00
823,14.802675,13.400476,3.245000,1,0,6000.0000,-1000.0000,90.0000,0.0000,1,2.0,100.00
824,14.979448,14.673161,3.333000,1,0,6000.0000,-1000.0000,90.0000,0.0000,1,2.0,100.00
825,15.351437,15.029700,3.242000,1,0,6000.0000,-1000.0000,90.0000,0.0000,1,2.0,100.00
826,11.852902,15.271916,3.406000,1,0,6000.0000,-1000.0000,90.0000,0.0000,1,2.0,100.00
827,11.999945,12.070856,3.290000,1,0,6000.0000,-1000.0000,90.0000,0.0000,1,2.0,100.00
828,12.021366,11.824631,3.193000,1,0,6000.0000,-1000.0000,90.0000,0.0000,1,2.0,100.00
829,11.915413,12.022866,3.239000,1,0,6000.0000,-1000.0000,90.0000,0.0000,1,2.0,100.00
830,11.609938,11.898863,3.206000,1,0,6000.0000,-1000.0000,90.0000,0.0000,1,2.0,100.00
831,11.714898,11.698079,3.150000,1,0,6000.0000,-1000.0000,90.0000,0.0000,1,2.0,100.00
832,12.118499,11.619608,3.140000,1,0,6000.0000,-1000.0000,90.0000,0.0000,1,2.0,100.00
833,11.746899,12.139888,3.106000,1,0,6000.0000,-1000.0000,90.0000,0.0000,1,2.0,100.00
834,11.358293,11.734239,3.211000,1,0,6000.0000,-1000.0000,90.0000,0.0000,1,2.0,100.00
835,11.519034,11.342562,3.094000,1,0,6000.0000,-1000.0000,90.0000,0.0000,1,2.0,100.00
836,11.518586,11.528855,3.124000,1,0,6000.0000,-1000.0000,90.0000,0.0000,1,2.0,100.00
837,12.009535,11.523975,3.160000,1,0,6000.0000,-1000.0000,90.0000,0.0000,1,2.0,100.00
838,12.449195,11.991035,3.146000,1,0,6000.0000,-1000.0000,90.0000,0.0000,1,2.0,100.00
839,11.642508,12.480185,3.186000,1,0,6000.0000,-1000.0000,90.0000,0.0000,1,2.0,100.00
840,13.243121,11.652019,3.173000,1,0,6000.0000,-1000.0000,90.0000,0.0000,1,2.0,100.00
841,11.842282,13.243401,3.268000,1,0,6000.0000,-1000.0000,90.0000,0.0000,1,2.0,100.00
842,12.620098,11.830122,3.197000,1,0,6000.0000,-1000.0000,90.0000,0.0000,1,2.0,100.00
843,12.146999,12.658590,3.147000,1,0,6000.0000,-1000.0000,90.0000,0.0000,1,2.0,100.00
844,12.686030,12.134178,3.154000,1,0,6000.0000,-1000.0000,90.0000,0.0000,1,2.0,100.00
845,12.492586,12.660899,3.091000,1,0,6000.0000,-1000.0000,90.0000,0.0000,1,2.0,100.00
846,12.693409,12.549317,3.166000,1,0,6000.0000,-1000.0000,90.0000,0.0000,1,2.0,100.00
847,13.014787,13.149650,3.154000,1,0,6000.0000,-1000.0000,90.0000,0.0000,1,2.0,100.00
848,12.306963,12.597888,3.099000,1,0,6000.0000,-1000.0000,90.0000,0.0000,1,2.0,100.00
849,12.531246,12.250160,3.156000,1,0,6000.0000,-1000.0000,90.0000,0.0000,1,2.0,100.00
850,12.871874,12.482596,3.181000,1,0,6000.0000,-1000.0000,90.0000,0.0000,1,2.0,100.00
851,11.894403,12.890614,3.071000,1,0,6000.0000,-1000.0000,90.0000,0.0000,1,2.0,100.00
852,11.198428,11.980505,3.238000,1,0,6000.0000,-1000.0000,90.0000,0.0000,1,2.0,100.00
853,11.301151,11.088116,3.145000,1,0,6000.0000,-1000.0000,90.0000,0.0000,1,2.0,100.00
854,11.865832,11.347312,3.072000,1,0,6000.0000,-1000.0000,90.0000,0.0000,1,2.0,100.00
855,12.184570,11.740040,3.089000,1,0,6000.0000,-1000.0000,90.0000,0.0000,1,2.0,100.00
856,12.468005,12.164978,3.074000,1,0,6000.0000,-1000.0000,90.0000,0.0000,1,2.0,100.00
857,11.531335,12.508796,3.192000,1,0,6000.0000,-1000.0000,90.0000,0.0000,1,2.0,100.00
858,11.989235,11.525116,3.149000,1,0,6000.0000,-1000.0000,90.0000,0.0000,1,2.0,100.00
859,12.806292,12.064716,3.214000,1,0,6000.0000,-1000.0000,90.0000,0.0000,1,2.0,100.00
860,12.435515,12.774432,3.155000,1,0,6000.0000,-1000.0000,90.0000,0.0000,1,2.0,100.00
861,24.255256,12.438484,3.097000,1,0,6000.0000,-1000.0000,90.0000,0.0000,1,2.0,100.00
862,12.538467,24.294967,3.186000,1,0,6000.0000,-1000.0000,90.0000,0.0000,1,2.0,100.00
863,12.190669,12.480066,3.122000,1,0,6000.0000,-1000.0000,90.0000,0.0000,1,2.0,100.00
864,12.277421,12.214510,3.135000,1,0,6000.0000,-1000.0000,90.0000,0.0000,1,2.0,100.00
865,12.145928,12.242730,3.196000,1,0,6000.0000,-1000.0000,90.0000,0.0000,1,2.0,100.00
866,12.276471,12.155878,3.155000,1,0,6000.0000,-1000.0000,90.0000,0.0000,1,2.0,100.00
867,12.329303,12.276922,3.121000,1,0,6000.0000,-1000.0000,90.0000,0.0000,1,2.0,100.00
868,12.340943,12.339622,3.143000,1,0,6000.0000,-1000.0000,90.0000,0.0000,1,2.0,100.00
869,12.756151,12.395404,3.137000,1,0,6000.0000,-1000.0000,90.0000,0.0000,1,2.0,100.00
870,12.220940,12.767802,3.111000,1,0,6000.0000,-1000.0000,90.0000,0.0000,1,2.0,100.00
871,12.637989,12.217719,3.089000,1,0,6000.0000,-1000.0000,90.0000,0.0000,1,2.0,100.00
872,12.469285,12.672510,3.076000,1,0,6000.0000,-1000.0000,90.0000,0.0000,1,2.0,100.00
873,12.000285,12.439165,3.070000,1,0,6000.0000,-1000.0000,90.0000,0.0000,1,2.0,100.00
874,12.159799,12.029575,3.128000,1,0,6000.0000,-1000.0000,90.0000,0.0000,1,2.0,100.00
875,11.943704,12.134869,3.132000,1,0,6000.0000,-1000.0000,90.0000,0.0000,1,2.0,100.00
876,12.530557,11.947205,3.064000,1,0,6000.0000,-1000.0000,90.0000,0.0000,1,2.0,100.00
877,11.706719,12.516725,3.130000,1,0,6000.0000,-1000.0000,90.0000,0.0000,1,2.0,100.00
878,11.660438,11.635669,3.080000,1,0,6000.0000,-1000.0000,90.0000,0.0000,1,2.0,100.00
879,12.284411,11.604366,3.143000,1,0,6000.0000,-1000.0000,90.0000,0.0000,1,2.0,100.00
880,11.961345,12.436985,3.156000,1,0,6000.0000,-1000.0000,90.0000,0.0000,1,2.0,100.00
881,10.811670,11.899343,3.102000,1,0,6000.0000,-1000.0000,90.0000,0.0000,1,2.0,100.00
882,11.484165,10.785219,3.180000,1,0,6000.0000,-1000.0000,90.0000,0.0000,1,2.0,100.00
883,11.328360,11.518695,3.116000,1,0,6000.0000,-1000.0000,90.0000,0.0000,1,2.0,100.00
884,12.203210,11.302531,3.149000,1,0,6000.0000,-1000.0000,90.0000,0.0000,1,2.0,100.00
885,11.902813,12.210559,3.172000,1,0,6000.0000,-1000.0000,90.0000,0.0000,1,2.0,100.00
886,12.310712,11.911564,3.066000,1,0,6000.0000,-1000.0000,90.0000,0.0000,1,2.0,100.00
887,12.475956,12.299672,3.086000,1,0,6000.0000,-1000.0000,90.0000,0.0000,1,2.0,100.00
888,13.070448,12.501646,3.110000,1,0,6000.0000,-1000.0000,90.0000,0.0000,1,2.0,100.00
889,12.444854,13.047407,3.146000,1,0,6000.0000,-1000.0000,90.0000,0.0000,1,2.0,100.00
890,13.234133,12.449056,3.101000,1,0,6000.0000,-1000.0000,90.0000,0.0000,1,2.0,100.00
891,13.079858,13.256881,3.157000,1,0,6000.0000,-1000.0000,90.0000,0.0000,1,2.0,100.00
892,13.216921,13.075559,3.098000,1,0,6000.0000,-1000.0000,90.0000,0.0000,1,2.0,100.00
893,12.394833,13.218801,3.101000,1,0,6000.0000,-1000.0000,90.0000,0.0000,1,2.0,100.00
894,12.884814,12.360322,3.146000,1,0,6000.0000,-1000.0000,90.0000,0.0000,1,2.0,100.00
895,12.056937,12.887475,3.179000,1,0,6000.0000,-1000.0000,90.0000,0.0000,1,2.0,100.00
896,12.956896,12.048706,3.139000,1,0,6000.0000,-1000.0000,90.0000,0.0000,1,2.0,100.00
897,12.072996,12.961276,3.192000,1,0,6000.0000,-1000.0000,90.0000,0.0000,1,2.0,100.00
898,12.404955,12.072827,3.111000,1,0,6000.0000,-1000.0000,90.0000,0.0000,1,2.0,100.00
899,13.051188,12.433965,3.138000,1,0,6000.0000,-1000.0000,90.0000,0.0000,1,2.0,100.00
900,13.433065,13.071488,2.862000,1,0,6000.0000,-1000.0000,90.0000,0.0000,1,2.0,100.00
901,12.397863,13.416495,3.100000,1,0,6000.0000,-1000.0000,90.0000,0.0000,1,2.0,100.00
902,11.544926,12.415645,2.887000,1,0,6000.0000,-1000.0000,90.0000,0.0000,1,2.0,100.00
903,12.218830,11.517374,2.813000,1,0,6000.0000,-1000.0000,90.0000,0.0000,1,2.0,100.00
904,12.720101,12.211000,2.921000,1,0,6000.0000,-1000.0000,90.0000,0.0000,1,2.0,100.00
905,13.126359,12.737451,2.978000,1,0,6000.0000,-1000.0000,90.0000,0.0000,1,2.0,100.00
906,12.453126,13.117079,2.900000,1,0,6000.0000,-1000.0000,90.0000,0.0000,1,2.0,100.00
907,12.830852,12.499966,2.945000,1,0,6000.0000,-1000.0000,90.0000,0.0000,1,2.0,100.00
908,12.268372,12.799803,3.033000,1,0,6000.0000,-1000.0000,90.0000,0.0000,1,2.0,100.00
909,12.541536,12.284901,2.944000,1,0,6000.0000,-1000.0000,90.0000,0.0000,1,2.0,100.00
910,12.218250,12.518836,2.844000,1,0,6000.0000,-1000.0000,90.0000,0.0000,1,2.0,100.00
911,12.296452,12.224591,2.911000,1,0,6000.0000,-1000.0000,90.0000,0.0000,1,2.0,100.00
912,13.271062,12.294721,2.942000,1,0,6000.0000,-1000.0000,90.0000,0.0000,1,2.0,100.00
913,13.583910,13.286742,2.945000,1,0,6000.0000,-1000.0000,90.0000,0.0000,1,2.0,100.00
914,11.881842,13.581830,2.888000,1,0,6000.0000,-1000.0000,90.0000,0.0000,1,2.0,100.00
915,12.599468,11.896653,2.867000,1,0,6000.0000,-1000.0000,90.0000,0.0000,1,2.0,100.00
916,16.101363,12.536106,2.889000,1,0,6000.0000,-1000.0000,90.0000,0.0000,1,2.0,100.00
917,13.749782,16.121363,2.985000,1,0,6000.0000,-1000.0000,90.0000,0.0000,1,2.0,100.00
918,15.730735,13.734503,2.867000,1,0,6000.0000,-1000.0000,90.0000,0.0000,1,2.0,100.00
919,13.125219,15.761555,2.847000,1,0,6000.0000,-1000.0000,90.0000,0.0000,1,2.0,100.00
920,12.049227,13.103229,2.892000,1,0,6000.0000,-1000.0000,90.0000,0.0000,1,2.0,100.00
921,12.646648,12.048926,2.876000,1,0,6000.0000,-1000.0000,90.0000,0.0000,1,2.0,100.00
922,13.521738,12.675250,2.973000,1,0,6000.0000,-1000.0000,90.0000,0.0000,1,2.0,100.00
923,12.241561,13.479926,2.892000,1,0,6000.0000,-1000.0000,90.0000,0.0000,1,2.0,100.00
924,12.151798,12.239651,2.812000,1,0,6000.0000,-1000.0000,90.0000,0.0000,1,2.0,100.00
925,11.583017,12.159898,2.909000,1,0,6000.0000,-1000.0000,90.0000,0.0000,1,2.0,100.00
926,12.395683,11.580087,2.809000,1,0,6000.0000,-1000.0000,90.0000,0.0000,1,2.0,100.00
927,12.109548,12.396793,2.878000,1,0,6000.0000,-1000.0000,90.0000,0.0000,1,2.0,100.00
928,12.938735,12.107349,2.868000,1,0,6000.0000,-1000.0000,90.0000,0.0000,1,2.0,100.00
929,12.184949,12.961445,2.909000,1,0,6000.0000,-1000.0000,90.0000,0.0000,1,2.0,100.00
930,11.724820,12.194690,2.810000,1,0,6000.0000,-1000.0000,90.0000,0.0000,1,2.0,100.00
931,12.502296,11.718449,2.862000,1,0,6000.0000,-1000.0000,90.0000,0.0000,1,2.0,100.00
932,12.528766,12.488956,2.901000,1,0,6000.0000,-1000.0000,90.0000,0.0000,1,2.0,100.00
933,13.616861,12.561227,2.950000,1,0,6000.0000,-1000.0000,90.0000,0.0000,1,2.0,100.00
934,11.959284,13.578669,2.858000,1,0,6000.0000,-1000.0000,90.0000,0.0000,1,2.0,100.00
935,11.813752,11.949744,2.816000,1,0,6000.0000,-1000.0000,90.0000,0.0000,1,2.0,100.00
936,12.095627,11.853243,2.899000,1,0,6000.0000,-1000.0000,90.0000,0.0000,1,2.0,100.00
937,11.805530,12.099467,2.848000,1,0,6000.0000,-1000.0000,90.0000,0.0000,1,2.0,100.00
938,11.952385,11.855282,2.873000,1,0,6000.0000,-1000.0000,90.0000,0.0000,1,2.0,100.00
939,13.651670,11.957565,2.884000,1,0,6000.0000,-1000.0000,90.0000,0.0000,1,2.0,100.00
940,13.074789,13.635519,2.814000,1,0,6000.0000,-1000.0000,90.0000,0.0000,1,2.0,100.00
941,14.297173,13.064958,2.965000,1,0,6000.0000,-1000.0000,90.0000,0.0000,1,2.0,100.00
942,12.129369,14.294055,2.927000,1,0,6000.0000,-1000.0000,90.0000,0.0000,1,2.0,100.00
943,13.223582,12.114568,2.860000,1,0,6000.0000,-1000.0000,90.0000,0.0000,1,2.0,100.00
944,13.175730,13.195040,2.785000,1,0,6000.0000,-1000.0000,90.0000,0.0000,1,2.0,100.00
945,12.466075,13.778974,2.921000,1,0,6000.0000,-1000.0000,90.0000,0.0000,1,2.0,100.00
946,12.441565,12.313841,2.958000,1,0,6000.0000,-1000.0000,90.0000,0.0000,1,2.0,100.00
947,12.257820,12.361333,2.843000,1,0,6000.0000,-1000.0000,90.0000,0.0000,1,2.0,100.00
948,12.001946,11.944284,2.874000,1,0,6000.0000,-1000.0000,90.0000,0.0000,1,2.0,100.00
949,14.061829,11.917164,2.881000,1,0,6000.0000,-1000.0000,90.0000,0.0000,1,2.0,100.00
950,12.704850,14.437308,2.840000,1,0,6000.0000,-1000.0000,90.0000,0.0000,1,2.0,100.00
951,12.394604,12.810392,2.877000,1,0,6000.0000,-1000.0000,90.0000,0.0000,1,2.0,100.00
952,13.324374,12.431234,2.793000,1,0,6000.0000,-1000.0000,90.0000,0.0000,1,2.0,100.00
953,12.827672,13.003077,2.760000,1,0,6000.0000,-1000.0000,90.0000,0.0000,1,2.0,100.00
954,12.801523,12.890984,2.859000,1,0,6000.0000,-1000.0000,90.0000,0.0000,1,2.0,100.00
955,12.019665,12.859414,2.885000,1,0,6000.0000,-1000.0000,90.0000,0.0000,1,2.0,100.00
956,13.159530,11.895423,2.829000,1,0,6000.0000,-1000.0000,90.0000,0.0000,1,2.0,100.00
957,11.054505,13.420386,2.876000,1,0,6000.0000,-1000.0000,90.0000,0.0000,1,2.0,100.00
958,10.513335,10.721468,2.819000,1,0,6000.0000,-1000.0000,90.0000,0.0000,1,2.0,100.00
959,9.877910,10.332099,2.822000,1,0,6000.0000,-1000.0000,90.0000,0.0000,1,2.0,100.00
960,9.589453,10.051954,2.884000,1,0,6000.0000,-1000.0000,90.0000,0.0000,1,2.0,100.00
961,11.091186,9.797599,2.940000,1,0,6000.0000,-1000.0000,90.0000,0.0000,1,2.0,100.00
962,9.283539,10.721028,2.940000,1,0,6000.0000,-1000.0000,90.0000,0.0000,1,2.0,100.00
963,9.488901,9.683886,2.904000,1,0,6000.0000,-1000.0000,90.0000,0.0000,1,2.0,100.00
964,10.131965,9.051422,2.821000,1,0,6000.0000,-1000.0000,90.0000,0.0000,1,2.0,100.00
965,9.127664,10.405942,2.875000,1,0,6000.0000,-1000.0000,90.0000,0.0000,1,2.0,100.00
966,9.674757,9.001502,2.760000,1,0,6000.0000,-1000.0000,90.0000,0.0000,1,2.0,100.00
967,9.355418,9.888600,2.889000,1,0,6000.0000,-1000.0000,90.0000,0.0000,1,2.0,100.00
968,9.464922,9.293968,2.859000,1,0,6000.0000,-1000.0000,90.0000,0.0000,1,2.0,100.00
969,8.296067,9.202425,2.859000,1,0,6000.0000,-1000.0000,90.0000,0.0000,1,2.0,100.00
970,9.317038,8.582023,2.813000,1,0,6000.0000,-1000.0000,90.0000,0.0000,1,2.0,100.00
971,9.522003,9.426711,2.816000,1,0,6000.0000,-1000.0000,90.0000,0.0000,1,2.0,100.00
972,9.095353,9.541053,2.917000,1,0,6000.0000,-1000.0000,90.0000,0.0000,1,2.0,100.00
973,10.045674,9.137394,2.905000,1,0,6000.0000,-1000.0000,90.0000,0.0000,1,2.0,100.00
974,9.736717,9.908071,2.879000,1,0,6000.0000,-1000.0000,90.0000,0.0000,1,2.0,100.00
975,9.715117,9.634865,2.905000,1,0,6000.0000,-1000.0000,90.0000,0.0000,1,2.0,100.00
976,9.634075,9.903171,2.830000,1,0,6000.0000,-1000.0000,90.0000,0.0000,1,2.0,100.00
977,9.607974,9.195655,2.852000,1,0,6000.0000,-1000.0000,90.0000,0.0000,1,2.0,100.00
978,10.084015,9.852120,2.797000,1,0,6000.0000,-1000.0000,90.0000,0.0000,1,2.0,100.00
979,9.132884,10.032023,2.857000,1,0,6000.0000,-1000.0000,90.0000,0.0000,1,2.0,100.00
980,9.698547,9.144905,2.738000,1,0,6000.0000,-1000.0000,90.0000,0.0000,1,2.0,100.00
981,9.256256,9.619455,2.873000,1,0,6000.0000,-1000.0000,90.0000,0.0000,1,2.0,100.00
982,9.747918,9.383569,2.890000,1,0,6000.0000,-1000.0000,90.0000,0.0000,1,2.0,100.00
983,8.884409,9.735187,2.873000,1,0,6000.0000,-1000.0000,90.0000,0.0000,1,2.0,100.00
984,8.842839,9.144245,2.809000,1,0,6000.0000,-1000.0000,90.0000,0.0000,1,2.0,100.00
985,9.544242,8.465331,2.870000,1,0,6000.0000,-1000.0000,90.0000,0.0000,1,2.0,100.00
986,8.452710,9.537112,2.813000,1,0,6000.0000,-1000.0000,90.0000,0.0000,1,2.0,100.00
987,8.763606,8.434890,2.830000,1,0,6000.0000,-1000.0000,90.0000,0.0000,1,2.0,100.00
988,8.781727,8.793426,2.839000,1,0,6000.0000,-1000.0000,90.0000,0.0000,1,2.0,100.00
989,8.888480,8.787168,2.870000,1,0,6000.0000,-1000.0000,90.0000,0.0000,1,2.0,100.00
990,8.342597,8.887499,2.811000,1,0,6000.0000,-1000.0000,90.0000,0.0000,1,2.0,100.00
991,8.880989,8.383469,2.769000,1,0,6000.0000,-1000.0000,90.0000,0.0000,1,2.0,100.00
992,9.078873,8.829067,2.868000,1,0,6000.0000,-1000.0000,90.0000,0.0000,1,2.0,100.00
993,9.958192,9.082433,2.932000,1,0,6000.0000,-1000.0000,90.0000,0.0000,1,2.0,100.00
994,10.551365,9.942112,2.809000,1,0,6000.0000,-1000.0000,90.0000,0.0000,1,2.0,100.00
995,9.193695,10.515654,2.834000,1,0,6000.0000,-1000.0000,90.0000,0.0000,1,2.0,100.00
996,8.944561,9.247196,2.783000,1,0,6000.0000,-1000.0000,90.0000,0.0000,1,2.0,100.00
997,9.107393,8.882179,2.896000,1,0,6000.0000,-1000.0000,90.0000,0.0000,1,2.0,100.00
998,9.460411,9.109874,2.800000,1,0,6000.0000,-1000.0000,90.0000,0.0000,1,2.0,100.00
999,9.202177,9.545564,2.826000,1,0,6000.0000,-1000.0000,90.0000,0.0000,1,2.0,100.00
1000,8.825797,9.137314,2.786000,1,0,6000.0000,-1000.0000,90.0000,0.0000,1,2.0,100.00
1001,9.042542,8.826818,2.771000,1,0,6000.0000,-1000.0000,90.0000,0.0000,1,2.0,100.00
1002,9.191457,9.073543,2.866000,1,0,6000.0000,-1000.0000,90.0000,0.0000,1,2.0,100.00
1003,8.935100,9.200056,2.833000,1,0,6000.0000,-1000.0000,90.0000,0.0000,1,2.0,100.00
1004,9.045712,8.924070,2.831000,1,0,6000.0000,-1000.0000,90.0000,0.0000,1,2.0,100.00
1005,9.664465,9.036422,2.949000,1,0,6000.0000,-1000.0000,90.0000,0.0000,1,2.0,100.00
1006,8.908350,9.703037,2.901000,1,0,6000.0000,-1000.0000,90.0000,0.0000,1,2.0,100.00
1007,8.393919,8.901388,2.915000,1,0,6000.0000,-1000.0000,90.0000,0.0000,1,2.0,100.00
1008,8.558722,8.363969,2.823000,1,0,6000.0000,-1000.0000,90.0000,0.0000,1,2.0,100.00
1009,8.007440,8.745096,2.755000,1,0,6000.0000,-1000.0000,90.0000,0.0000,1,2.0,100.00
1010,8.477421,7.876587,2.857000,1,0,6000.0000,-1000.0000,90.0000,0.0000,1,2.0,100.00
1011,8.357777,8.375409,2.837000,1,0,6000.0000,-1000.0000,90.0000,0.0000,1,2.0,100.00
1012,8.930800,8.300756,2.852000,1,0,6000.0000,-1000.0000,90.0000,0.0000,1,2.0,100.00
1013,8.691616,8.940780,2.916000,1,0,6000.0000,-1000.0000,90.0000,0.0000,1,2.0,100.00
1014,9.013441,9.003622,2.805000,1,0,6000.0000,-1000.0000,90.0000,0.0000,1,2.0,100.00
1015,8.814427,9.054342,2.828000,1,0,6000.0000,-1000.0000,90.0000,0.0000,1,2.0,100.00
1016,8.160585,8.523262,2.828000,1,0,6000.0000,-1000.0000,90.0000,0.0000,1,2.0,100.00
1017,8.367917,8.252866,2.833000,1,0,6000.0000,-1000.0000,90.0000,0.0000,1,2.0,100.00
1018,9.453441,8.549001,2.774000,1,0,6000.0000,-1000.0000,90.0000,0.0000,1,2.0,100.00
1019,8.188625,9.436661,2.805000,1,0,6000.0000,-1000.0000,90.0000,0.0000,1,2.0,100.00
1020,8.191104,7.934179,2.853000,1,0,6000.0000,-1000.0000,90.0000,0.0000,1,2.0,100.00
1021,8.665424,8.353338,2.812000,1,0,6000.0000,-1000.0000,90.0000,0.0000,1,2.0,100.00
1022,8.497921,8.616213,2.837000,1,0,6000.0000,-1000.0000,90.0000,0.0000,1,2.0,100.00
1023,7.956500,8.496471,2.908000,1,0,6000.0000,-1000.0000,90.0000,0.0000,1,2.0,100.00
1024,8.279586,8.146473,2.760000,1,0,6000.0000,-1000.0000,90.0000,0.0000,1,2.0,100.00
1025,7.990460,8.054821,2.828000,1,0,6000.0000,-1000.0000,90.0000,0.0000,1,2.0,100.00
1026,8.239545,8.173845,2.783000,1,0,6000.0000,-1000.0000,90.0000,0.0000,1,2.0,100.00
1027,8.275496,8.027111,2.796000,1,0,6000.0000,-1000.0000,90.0000,0.0000,1,2.0,100.00
1028,7.827546,8.126382,2.904000,1,0,6000.0000,-1000.0000,90.0000,0.0000,1,2.0,100.00
1029,8.578043,7.887068,3.001000,1,0,6000.0000,-1000.0000,90.0000,0.0000,1,2.0,100.00
1030,7.560641,8.521711,2.902000,1,0,6000.0000,-1000.0000,90.0000,0.0000,1,2.0,100.00
1031,8.532382,7.614193,2.816000,1,0,6000.0000,-1000.0000,90.0000,0.0000,1,2.0,100.00
1032,8.632744,8.738825,2.780000,1,0,6000.0000,-1000.0000,90.0000,0.0000,1,2.0,100.00
1033,8.691404,8.715316,2.780000,1,0,6000.0000,-1000.0000,90.0000,0.0000,1,2.0,100.00
1034,8.649044,8.645564,2.892000,1,0,6000.0000,-1000.0000,90.0000,0.0000,1,2.0,100.00
1035,9.118334,8.550871,2.892000,1,0,6000.0000,-1000.0000,90.0000,0.0000,1,2.0,100.00
1036,9.736818,9.407841,2.851000,1,0,6000.0000,-1000.0000,90.0000,0.0000,1,2.0,100.00
1037,8.084122,9.424170,2.851000,1,0,6000.0000,-1000.0000,90.0000,0.0000,1,2.0,100.00
1038,8.474279,8.276426,2.951000,1,0,6000.0000,-1000.0000,90.0000,0.0000,1,2.0,100.00
1039,9.205307,8.298427,2.910000,1,0,6000.0000,-1000.0000,90.0000,0.0000,1,2.0,100.00
1040,8.817998,9.184266,2.910000,1,0,6000.0000,-1000.0000,90.0000,0.0000,1,2.0,100.00
1041,8.331337,8.806567,2.884000,1,0,6000.0000,-1000.0000,90.0000,0.0000,1,2.0,100.00
1042,8.684105,8.569762,2.856000,1,0,6000.0000,-1000.0000,90.0000,0.0000,1,2.0,100.00
1043,8.459399,8.641064,2.819000,1,0,6000.0000,-1000.0000,90.0000,0.0000,1,2.0,100.00
1044,9.165195,8.362498,2.830000,1,0,6000.0000,-1000.0000,90.0000,0.0000,1,2.0,100.00
1045,9.073643,9.340929,2.983000,1,0,6000.0000,-1000.0000,90.0000,0.0000,1,2.0,100.00
1046,9.225996,8.995072,2.892000,1,0,6000.0000,-1000.0000,90.0000,0.0000,1,2.0,100.00
1047,9.532064,8.970450,2.815000,1,0,6000.0000,-1000.0000,90.0000,0.0000,1,2.0,100.00
1048,7.774165,9.683126,2.794000,1,0,6000.0000,-1000.0000,90.0000,0.0000,1,2.0,100.00
1049,8.901120,7.925209,2.815000,1,0,6000.0000,-1000.0000,90.0000,0.0000,1,2.0,100.00
1050,9.277157,8.818757,2.869000,1,0,6000.0000,-1000.0000,90.0000,0.0000,1,2.0,100.00
1051,8.706646,9.303228,2.837000,1,0,6000.0000,-1000.0000,90.0000,0.0000,1,2.0,100.00
1052,9.278117,8.670355,2.857000,1,0,6000.0000,-1000.0000,90.0000,0.0000,1,2.0,100.00
1053,8.701985,9.257727,2.857000,1,0,6000.0000,-1000.0000,90.0000,0.0000,1,2.0,100.00
1054,9.825088,8.650024,2.846000,1,0,6000.0000,-1000.0000,90.0000,0.0000,1,2.0,100.00
1055,9.047533,9.814039,2.789000,1,0,6000.0000,-1000.0000,90.0000,0.0000,1,2.0,100.00
1056,8.982531,9.066173,2.850000,1,0,6000.0000,-1000.0000,90.0000,0.0000,1,2.0,100.00
1057,9.206427,9.111924,2.872000,1,0,6000.0000,-1000.0000,90.0000,0.0000,1,2.0,100.00
1058,8.896449,9.169495,2.794000,1,0,6000.0000,-1000.0000,90.0000,0.0000,1,2.0,100.00
1059,8.994231,9.001621,2.787000,1,0,6000.0000,-1000.0000,90.0000,0.0000,1,2.0,100.00
1060,9.618425,8.745406,2.778000,1,0,6000.0000,-1000.0000,90.0000,0.0000,1,2.0,100.00
1061,8.749236,9.713297,2.823000,1,0,6000.0000,-1000.0000,90.0000,0.0000,1,2.0,100.00
1062,8.971581,8.685715,2.815000,2,0,6000.0000,-1000.0000,90.0000,0.0000,1,2.0,100.00
1063,8.592512,8.986001,2.827000,2,0,6000.0000,-1000.0000,90.0000,0.0000,1,2.0,100.00
1064,8.751027,8.596383,2.765000,2,0,6000.0000,-1000.0000,90.0000,0.0000,1,2.0,100.00
1065,8.634924,8.781407,2.873000,2,0,6000.0000,-1000.0000,90.0000,0.0000,1,2.0,100.00
1066,8.548891,8.517631,2.830000,2,0,6000.0000,-1000.0000,90.0000,0.0000,1,2.0,100.00
1067,8.626804,8.491381,2.818000,2,0,6000.0000,-1000.0000,90.0000,0.0000,1,2.0,100.00
1068,8.649934,8.832177,2.822000,2,0,6000.0000,-1000.0000,90.0000,0.0000,1,2.0,100.00
1069,8.177584,8.503802,2.860000,2,0,6000.0000,-1000.0000,90.0000,0.0000,1,2.0,100.00
1070,8.124853,8.032511,2.796000,2,0,6000.0000,-1000.0000,90.0000,0.0000,1,2.0,100.00
1071,8.938790,8.137043,2.831000,2,0,6000.0000,-1000.0000,90.0000,0.0000,1,2.0,100.00
1072,8.430839,8.924300,2.852000,2,0,6000.0000,-1000.0000,90.0000,0.0000,1,2.0,100.00
1073,10.580266,8.502880,2.893000,2,0,6000.0000,-1000.0000,90.0000,0.0000,1,2.0,100.00
1074,9.726107,10.595846,2.825000,2,0,6000.0000,-1000.0000,90.0000,0.0000,1,2.0,100.00
1075,9.186245,9.720937,2.821000,2,0,6000.0000,-1000.0000,90.0000,0.0000,1,2.0,100.00
1076,8.323867,9.162405,2.767000,2,0,6000.0000,-1000.0000,90.0000,0.0000,1,2.0,100.00
1077,9.691247,8.319827,2.860000,2,0,6000.0000,-1000.0000,90.0000,0.0000,1,2.0,100.00
1078,8.717215,9.704466,2.845000,2,0,6000.0000,-1000.0000,90.0000,0.0000,1,2.0,100.00
1079,9.362999,8.701586,2.802000,2,0,6000.0000,-1000.0000,90.0000,0.0000,1,2.0,100.00
1080,10.794200,9.514652,2.813000,2,0,6000.0000,-1000.0000,90.0000,0.0000,1,2.0,100.00
1081,10.202557,10.627296,2.831000,2,0,6000.0000,-1000.0000,90.0000,0.0000,1,2.0,100.00
1082,9.885621,10.176147,2.788000,2,0,6000.0000,-1000.0000,90.0000,0.0000,1,2.0,100.00
1083,9.794788,9.882950,2.880000,2,0,6000.0000,-1000.0000,90.0000,0.0000,1,2.0,100.00
1084,10.120746,9.799179,2.884000,2,0,6000.0000,-1000.0000,90.0000,0.0000,1,2.0,100.00
1085,10.636835,10.120865,2.761000,2,0,6000.0000,-1000.0000,90.0000,0.0000,1,2.0,100.00
1086,11.047975,10.644946,2.791000,2,0,6000.0000,-1000.0000,90.0000,0.0000,1,2.0,100.00
1087,10.722399,11.046755,2.784000,2,0,6000.0000,-1000.0000,90.0000,0.0000,1,2.0,100.00
1088,10.577245,10.714928,2.803000,2,0,6000.0000,-1000.0000,90.0000,0.0000,1,2.0,100.00
1089,10.483163,10.745679,2.836000,2,0,6000.0000,-1000.0000,90.0000,0.0000,1,2.0,100.00
1090,10.276598,10.409741,2.850000,2,0,6000.0000,-1000.0000,90.0000,0.0000,1,2.0,100.00
1091,10.075515,10.306580,2.771000,2,0,6000.0000,-1000.0000,90.0000,0.0000,1,2.0,100.00
1092,10.455823,10.055674,2.793000,2,0,6000.0000,-1000.0000,90.0000,0.0000,1,2.0,100.00
1093,10.621285,10.512344,2.871000,2,0,6000.0000,-1000.0000,90.0000,0.0000,1,2.0,100.00
1094,11.078467,10.502214,2.877000,2,0,6000.0000,-1000.0000,90.0000,0.0000,1,2.0,100.00
1095,10.438152,11.059375,2.896000,2,0,6000.0000,-1000.0000,90.0000,0.0000,1,2.0,100.00
1096,9.513532,10.449842,2.880000,2,0,6000.0000,-1000.0000,90.0000,0.0000,1,2.0,100.00
1097,10.181417,9.489542,2.853000,2,0,6000.0000,-1000.0000,90.0000,0.0000,1,2.0,100.00
1098,10.556114,10.193327,2.818000,2,0,6000.0000,-1000.0000,90.0000,0.0000,1,2.0,100.00
1099,9.441742,10.554054,2.890000,2,0,6000.0000,-1000.0000,90.0000,0.0000,1,2.0,100.00
1100,10.075684,9.417251,2.846000,2,0,6000.0000,-1000.0000,90.0000,0.0000,1,2.0,100.00
1101,11.505694,10.082854,2.842000,2,0,6000.0000,-1000.0000,90.0000,0.0000,1,2.0,100.00
1102,10.686198,11.495284,2.930000,2,0,6000.0000,-1000.0000,90.0000,0.0000,1,2.0,100.00
1103,10.748399,10.690068,2.794000,2,0,6000.0000,-1000.0000,90.0000,0.0000,1,2.0,100.00
1104,10.086834,10.773260,2.891000,2,0,6000.0000,-1000.0000,90.0000,0.0000,1,2.0,100.00
1105,9.795059,10.060534,2.809000,2,0,6000.0000,-1000.0000,90.0000,0.0000,1,2.0,100.00
1106,10.109735,9.806169,2.868000,2,0,6000.0000,-1000.0000,90.0000,0.0000,1,2.0,100.00
1107,10.082115,10.099955,2.846000,2,0,6000.0000,-1000.0000,90.0000,0.0000,1,2.0,100.00
1108,11.185977,10.519163,2.871000,2,0,6000.0000,-1000.0000,90.0000,0.0000,1,2.0,100.00
1109,11.682599,10.888662,2.843000,2,0,6000.0000,-1000.0000,90.0000,0.0000,1,2.0,100.00
1110,11.158638,11.741130,2.787000,2,0,6000.0000,-1000.0000,90.0000,0.0000,1,2.0,100.00
1111,11.570755,11.056255,2.837000,2,0,6000.0000,-1000.0000,90.0000,0.0000,1,2.0,100.00
1112,11.651159,11.818322,2.804000,2,0,6000.0000,-1000.0000,90.0000,0.0000,1,2.0,100.00
1113,12.043046,11.521134,2.842000,2,0,6000.0000,-1000.0000,90.0000,0.0000,1,2.0,100.00
1114,11.900723,11.974325,2.870000,2,0,6000.0000,-1000.0000,90.0000,0.0000,1,2.0,100.00
1115,11.456874,11.930224,2.789000,2,0,6000.0000,-1000.0000,90.0000,0.0000,1,2.0,100.00
1116,11.867792,11.393943,2.856000,2,0,6000.0000,-1000.0000,90.0000,0.0000,1,2.0,100.00
1117,12.951546,11.804881,2.859000,2,0,6000.0000,-1000.0000,90.0000,0.0000,1,2.0,100.00
1118,12.469266,13.005546,2.784000,2,0,6000.0000,-1000.0000,90.0000,0.0000,1,2.0,100.00
1119,12.352662,12.538158,2.829000,2,0,6000.0000,-1000.0000,90.0000,0.0000,1,2.0,100.00
1120,13.196061,12.287221,2.839000,2,0,6000.0000,-1000.0000,90.0000,0.0000,1,2.0,100.00
1121,12.413595,13.209351,2.809000,2,0,6000.0000,-1000.0000,90.0000,0.0000,1,2.0,100.00
1122,12.436964,12.421865,2.874000,2,0,6000.0000,-1000.0000,90.0000,0.0000,1,2.0,100.00
1123,12.299851,12.435234,2.800000,2,0,6000.0000,-1000.0000,90.0000,0.0000,1,2.0,100.00
1124,13.981568,12.291182,2.770000,2,0,6000.0000,-1000.0000,90.0000,0.0000,1,2.0,100.00
1125,12.144348,13.973947,2.809000,2,0,6000.0000,-1000.0000,90.0000,0.0000,1,2.0,100.00
1126,12.854234,12.139449,2.848000,2,0,6000.0000,-1000.0000,90.0000,0.0000,1,2.0,100.00
1127,13.438916,12.878934,2.768000,2,0,6000.0000,-1000.0000,90.0000,0.0000,1,2.0,100.00
1128,12.609728,13.493057,2.759000,2,0,6000.0000,-1000.0000,90.0000,0.0000,1,2.0,100.00
1129,12.673890,12.551867,2.800000,2,0,6000.0000,-1000.0000,90.0000,0.0000,1,2.0,100.00
1130,13.025027,12.668889,2.866000,2,0,6000.0000,-1000.0000,90.0000,0.0000,1,2.0,100.00
1131,12.034306,13.023927,2.972000,2,0,6000.0000,-1000.0000,90.0000,0.0000,1,2.0,100.00
1132,12.176639,12.044056,2.946000,2,0,6000.0000,-1000.0000,90.0000,0.0000,1,2.0,100.00
1133,12.263931,12.177469,2.812000,2,0,6000.0000,-1000.0000,90.0000,0.0000,1,2.0,100.00
1134,12.458526,12.266612,2.773000,2,0,6000.0000,-1000.0000,90.0000,0.0000,1,2.0,100.00
1135,12.591958,12.480195,2.870000,2,0,6000.0000,-1000.0000,90.0000,0.0000,1,2.0,100.00
1136,12.492885,12.536677,2.863000,2,0,6000.0000,-1000.0000,90.0000,0.0000,1,2.0,100.00
1137,12.896625,12.473355,2.827000,2,0,6000.0000,-1000.0000,90.0000,0.0000,1,2.0,100.00
1138,12.680490,12.910875,2.876000,2,0,6000.0000,-1000.0000,90.0000,0.0000,1,2.0,100.00
1139,12.549057,12.697131,2.794000,2,0,6000.0000,-1000.0000,90.0000,0.0000,1,2.0,100.00
1140,12.513846,12.530486,2.777000,2,0,6000.0000,-1000.0000,90.0000,0.0000,1,2.0,100.00
1141,12.589288,12.548947,2.869000,2,0,6000.0000,-1000.0000,90.0000,0.0000,1,2.0,100.00
1142,12.675230,12.548987,2.826000,2,0,6000.0000,-1000.0000,90.0000,0.0000,1,2.0,100.00
1143,14.336764,12.680930,2.810000,2,0,6000.0000,-1000.0000,90.0000,0.0000,1,2.0,100.00
1144,14.389807,14.336515,2.893000,2,0,6000.0000,-1000.0000,90.0000,0.0000,1,2.0,100.00
1145,11.011155,14.409757,2.830000,2,0,6000.0000,-1000.0000,90.0000,0.0000,1,2.0,100.00
1146,12.164208,11.048645,2.830000,2,0,6000.0000,-1000.0000,90.0000,0.0000,1,2.0,100.00
1147,12.092407,12.120758,2.853000,2,0,6000.0000,-1000.0000,90.0000,0.0000,1,2.0,100.00
1148,12.650099,12.097927,2.818000,2,0,6000.0000,-1000.0000,90.0000,0.0000,1,2.0,100.00
1149,13.630140,12.686180,2.823000,2,0,6000.0000,-1000.0000,90.0000,0.0000,1,2.0,100.00
1150,12.888795,13.596599,2.846000,2,0,6000.0000,-1000.0000,90.0000,0.0000,1,2.0,100.00
1151,13.188060,12.882004,2.794000,2,0,6000.0000,-1000.0000,90.0000,0.0000,1,2.0,100.00
1152,12.133208,13.187191,2.814000,2,0,6000.0000,-1000.0000,90.0000,0.0000,1,2.0,100.00
1153,13.083679,12.126509,2.801000,2,0,6000.0000,-1000.0000,90.0000,0.0000,1,2.0,100.00
1154,13.356955,13.086988,2.814000,2,0,6000.0000,-1000.0000,90.0000,0.0000,1,2.0,100.00
1155,13.010496,13.381155,2.847000,2,0,6000.0000,-1000.0000,90.0000,0.0000,1,2.0,100.00
1156,12.279622,12.973196,2.839000,2,0,6000.0000,-1000.0000,90.0000,0.0000,1,2.0,100.00
1157,12.722031,12.272961,2.851000,2,0,6000.0000,-1000.0000,90.0000,0.0000,1,2.0,100.00
1158,12.682119,12.716071,2.812000,2,0,6000.0000,-1000.0000,90.0000,0.0000,1,2.0,100.00
1159,12.779892,12.691780,2.811000,2,0,6000.0000,-1000.0000,90.0000,0.0000,1,2.0,100.00
1160,12.360774,12.804652,2.894000,2,0,6000.0000,-1000.0000,90.0000,0.0000,1,2.0,100.00
1161,12.290571,12.409464,2.847000,2,0,6000.0000,-1000.0000,90.0000,0.0000,1,2.0,100.00
1162,12.668629,12.243581,2.961000,2,0,6000.0000,-1000.0000,90.0000,0.0000,1,2.0,100.00
1163,12.353703,12.700860,2.765000,2,0,6000.0000,-1000.0000,90.0000,0.0000,1,2.0,100.00
1164,12.970807,12.319252,2.762000,2,0,6000.0000,-1000.0000,90.0000,0.0000,1,2.0,100.00
1165,14.093869,12.974016,2.802000,2,0,6000.0000,-1000.0000,90.0000,0.0000,1,2.0,100.00
1166,12.583158,14.090220,2.839000,2,0,6000.0000,-1000.0000,90.0000,0.0000,1,2.0,100.00
1167,15.912988,12.617189,2.947000,2,0,6000.0000,-1000.0000,90.0000,0.0000,1,2.0,100.00
1168,12.737712,15.961990,2.881000,2,0,6000.0000,-1000.0000,90.0000,0.0000,1,2.0,100.00
1169,13.011607,12.646868,2.794000,2,0,6000.0000,-1000.0000,90.0000,0.0000,1,2.0,100.00
1170,13.203210,13.014357,2.926000,2,0,6000.0000,-1000.0000,90.0000,0.0000,1,2.0,100.00
1171,13.346725,13.233763,2.867000,2,0,6000.0000,-1000.0000,90.0000,0.0000,1,2.0,100.00
1172,12.263531,13.313713,2.862000,2,0,6000.0000,-1000.0000,90.0000,0.0000,1,2.0,100.00
1173,13.263482,12.267710,2.945000,2,0,6000.0000,-1000.0000,90.0000,0.0000,1,2.0,100.00
1174,13.407096,13.276843,2.767000,2,0,6000.0000,-1000.0000,90.0000,0.0000,1,2.0,100.00
1175,12.945765,13.463207,2.772000,2,0,6000.0000,-1000.0000,90.0000,0.0000,1,2.0,100.00
1176,12.439625,12.892914,2.928000,2,0,6000.0000,-1000.0000,90.0000,0.0000,1,2.0,100.00
1177,12.423093,12.411404,2.832000,2,0,6000.0000,-1000.0000,90.0000,0.0000,1,2.0,100.00
1178,12.296713,12.461726,2.829000,2,0,6000.0000,-1000.0000,90.0000,0.0000,1,2.0,100.00
1179,12.027416,12.287751,2.847000,2,0,6000.0000,-1000.0000,90.0000,0.0000,1,2.0,100.00
1180,11.421832,12.013736,2.905000,2,0,6000.0000,-1000.0000,90.0000,0.0000,1,2.0,100.00
1181,13.044408,11.402602,2.847000,2,0,6000.0000,-1000.0000,90.0000,0.0000,1,2.0,100.00
1182,12.143578,13.053948,2.757000,2,0,6000.0000,-1000.0000,90.0000,0.0000,1,2.0,100.00
1183,12.470446,12.136039,2.857000,2,0,6000.0000,-1000.0000,90.0000,0.0000,1,2.0,100.00
1184,12.649819,12.468925,2.792000,2,0,6000.0000,-1000.0000,90.0000,0.0000,1,2.0,100.00
1185,12.187540,12.684560,2.811000,2,0,6000.0000,-1000.0000,90.0000,0.0000,1,2.0,100.00
1186,11.943294,12.154208,2.850000,2,0,6000.0000,-1000.0000,90.0000,0.0000,1,2.0,100.00
1187,11.800291,11.975225,2.808000,2,0,6000.0000,-1000.0000,90.0000,0.0000,1,2.0,100.00
1188,12.533837,11.802882,2.834000,2,0,6000.0000,-1000.0000,90.0000,0.0000,1,2.0,100.00
1189,12.274561,12.505965,2.875000,2,0,6000.0000,-1000.0000,90.0000,0.0000,1,2.0,100.00
1190,12.397644,12.271251,2.859000,2,0,6000.0000,-1000.0000,90.0000,0.0000,1,2.0,100.00
1191,11.948893,12.446756,2.781000,2,0,6000.0000,-1000.0000,90.0000,0.0000,1,2.0,100.00
1192,12.381885,11.923403,2.851000,2,0,6000.0000,-1000.0000,90.0000,0.0000,1,2.0,100.00
1193,12.409973,12.364223,2.784000,2,0,6000.0000,-1000.0000,90.0000,0.0000,1,2.0,100.00
1194,13.723393,12.635209,2.871000,2,0,6000.0000,-1000.0000,90.0000,0.0000,1,2.0,100.00
1195,12.235010,13.551218,2.771000,2,0,6000.0000,-1000.0000,90.0000,0.0000,1,2.0,100.00
1196,12.397954,12.305383,2.844000,2,0,6000.0000,-1000.0000,90.0000,0.0000,1,2.0,100.00
1197,12.020966,12.318202,2.896000,2,0,6000.0000,-1000.0000,90.0000,0.0000,1,2.0,100.00
1198,12.987706,11.993625,2.827000,2,0,6000.0000,-1000.0000,90.0000,0.0000,1,2.0,100.00
1199,12.931796,13.030407,2.837000,2,0,6000.0000,-1000.0000,90.0000,0.0000,1,2.0,100.00
1200,13.423465,12.901915,2.824000,2,0,6000.0000,-1000.0000,90.0000,0.0000,1,2.0,100.00
1201,13.025307,13.441306,2.878000,2,0,6000.0000,-1000.0000,90.0000,0.0000,1,2.0,100.00
1202,12.336932,13.002456,2.827000,2,0,6000.0000,-1000.0000,90.0000,0.0000,1,2.0,100.00
1203,13.001237,12.356844,2.813000,2,0,6000.0000,-1000.0000,90.0000,0.0000,1,2.0,100.00
1204,12.211870,13.012387,2.940000,2,0,6000.0000,-1000.0000,90.0000,0.0000,1,2.0,100.00
1205,12.164720,12.179249,2.864000,2,0,6000.0000,-1000.0000,90.0000,0.0000,1,2.0,100.00
1206,12.324051,12.160958,2.830000,2,0,6000.0000,-1000.0000,90.0000,0.0000,1,2.0,100.00
1207,11.572017,12.332803,2.796000,2,0,6000.0000,-1000.0000,90.0000,0.0000,1,2.0,100.00
1208,11.793750,11.559896,2.762000,2,0,6000.0000,-1000.0000,90.0000,0.0000,1,2.0,100.00
1209,11.693429,11.820022,2.869000,2,0,6000.0000,-1000.0000,90.0000,0.0000,1,2.0,100.00
1210,12.406454,11.730839,2.870000,2,0,6000.0000,-1000.0000,90.0000,0.0000,1,2.0,100.00
1211,12.055787,12.422005,2.845000,2,0,6000.0000,-1000.0000,90.0000,0.0000,1,2.0,100.00
1212,12.212320,12.051916,2.793000,2,0,6000.0000,-1000.0000,90.0000,0.0000,1,2.0,100.00
1213,12.256651,12.196129,2.785000,2,0,6000.0000,-1000.0000,90.0000,0.0000,1,2.0,100.00
1214,12.541116,12.258961,2.794000,2,0,6000.0000,-1000.0000,90.0000,0.0000,1,2.0,100.00
1215,12.942086,12.523147,2.831000,2,0,6000.0000,-1000.0000,90.0000,0.0000,1,2.0,100.00
1216,12.411044,12.961466,2.894000,2,0,6000.0000,-1000.0000,90.0000,0.0000,1,2.0,100.00
1217,12.559207,12.404023,2.862000,2,0,6000.0000,-1000.0000,90.0000,0.0000,1,2.0,100.00
1218,12.765832,12.547138,2.821000,2,0,6000.0000,-1000.0000,90.0000,0.0000,1,2.0,100.00
1219,12.251141,12.712430,2.806000,2,0,6000.0000,-1000.0000,90.0000,0.0000,1,2.0,100.00
1220,12.862333,12.322833,2.809000,2,0,6000.0000,-1000.0000,90.0000,0.0000,1,2.0,100.00
1221,12.317683,12.887334,2.910000,2,0,6000.0000,-1000.0000,90.0000,0.0000,1,2.0,100.00
1222,12.557097,12.237090,2.819000,2,0,6000.0000,-1000.0000,90.0000,0.0000,1,2.0,100.00
1223,12.719951,12.568517,2.773000,2,0,6000.0000,-1000.0000,90.0000,0.0000,1,2.0,100.00
1224,12.298851,12.700281,2.763000,2,0,6000.0000,-1000.0000,90.0000,0.0000,1,2.0,100.00
1225,13.732163,12.267371,2.772000,2,0,6000.0000,-1000.0000,90.0000,0.0000,1,2.0,100.00
1226,12.572617,13.767253,2.876000,2,0,6000.0000,-1000.0000,90.0000,0.0000,1,2.0,100.00
1227,13.313494,12.571558,2.958000,2,0,6000.0000,-1000.0000,90.0000,0.0000,1,2.0,100.00
1228,12.361393,13.334913,2.899000,2,0,6000.0000,-1000.0000,90.0000,0.0000,1,2.0,100.00
1229,12.333902,12.358653,2.840000,2,0,6000.0000,-1000.0000,90.0000,0.0000,1,2.0,100.00
1230,12.837103,12.302282,2.818000,2,0,6000.0000,-1000.0000,90.0000,0.0000,1,2.0,100.00
1231,13.105079,12.869083,2.793000,2,0,6000.0000,-1000.0000,90.0000,0.0000,1,2.0,100.00
1232,12.331653,13.107990,2.886000,2,0,6000.0000,-1000.0000,90.0000,0.0000,1,2.0,100.00
1233,11.434813,12.320222,2.854000,2,0,6000.0000,-1000.0000,90.0000,0.0000,1,2.0,100.00
1234,13.672951,11.462924,2.854000,2,0,6000.0000,-1000.0000,90.0000,0.0000,1,2.0,100.00
1235,12.253141,13.636060,2.875000,2,0,6000.0000,-1000.0000,90.0000,0.0000,1,2.0,100.00
1236,12.172969,12.303802,2.847000,2,0,6000.0000,-1000.0000,90.0000,0.0000,1,2.0,100.00
1237,12.323702,12.182789,2.886000,2,0,6000.0000,-1000.0000,90.0000,0.0000,1,2.0,100.00
1238,11.957314,12.296822,2.833000,2,0,6000.0000,-1000.0000,90.0000,0.0000,1,2.0,100.00
1239,12.578828,11.936524,2.865000,2,0,6000.0000,-1000.0000,90.0000,0.0000,1,2.0,100.00
1240,12.160489,12.562067,2.805000,2,0,6000.0000,-1000.0000,90.0000,0.0000,1,2.0,100.00
1241,12.892245,12.261062,2.935000,2,0,6000.0000,-1000.0000,90.0000,0.0000,1,2.0,100.00
1242,12.197189,12.832872,2.879000,2,0,6000.0000,-1000.0000,90.0000,0.0000,1,2.0,100.00
1243,11.751080,12.184230,2.819000,2,0,6000.0000,-1000.0000,90.0000,0.0000,1,2.0,100.00
1244,11.959275,11.718689,2.879000,2,0,6000.0000,-1000.0000,90.0000,0.0000,1,2.0,100.00
1245,12.145168,11.956635,2.840000,2,0,6000.0000,-1000.0000,90.0000,0.0000,1,2.0,100.00
1246,11.852243,12.180729,2.735000,2,0,6000.0000,-1000.0000,90.0000,0.0000,1,2.0,100.00
1247,11.210638,11.816071,2.860000,2,0,6000.0000,-1000.0000,90.0000,0.0000,1,2.0,100.00
1248,11.094486,11.238619,2.812000,2,0,6000.0000,-1000.0000,90.0000,0.0000,1,2.0,100.00
1249,11.587317,11.071996,2.779000,2,0,6000.0000,-1000.0000,90.0000,0.0000,1,2.0,100.00
1250,11.336021,11.573687,2.884000,2,0,6000.0000,-1000.0000,90.0000,0.0000,1,2.0,100.00
1251,11.612568,11.364051,2.852000,2,0,6000.0000,-1000.0000,90.0000,0.0000,1,2.0,100.00
1252,11.250689,11.582607,2.863000,2,0,6000.0000,-1000.0000,90.0000,0.0000,1,2.0,100.00
1253,11.554826,11.342371,2.823000,2,0,6000.0000,-1000.0000,90.0000,0.0000,1,2.0,100.00
1254,11.502614,11.470115,2.780000,2,0,6000.0000,-1000.0000,90.0000,0.0000,1,2.0,100.00
1255,11.465815,11.603116,2.823000,2,0,6000.0000,-1000.0000,90.0000,0.0000,1,2.0,100.00
1256,11.625697,11.441244,2.835000,2,0,6000.0000,-1000.0000,90.0000,0.0000,1,2.0,100.00
1257,11.970415,11.660738,2.808000,2,0,6000.0000,-1000.0000,90.0000,0.0000,1,2.0,100.00
1258,12.446155,11.923894,2.846000,2,0,6000.0000,-1000.0000,90.0000,0.0000,1,2.0,100.00
1259,11.861622,12.495036,2.763000,2,0,6000.0000,-1000.0000,90.0000,0.0000,1,2.0,100.00
1260,12.023066,11.784871,2.801000,2,0,6000.0000,-1000.0000,90.0000,0.0000,1,2.0,100.00
1261,12.675450,12.033446,2.834000,2,0,6000.0000,-1000.0000,90.0000,0.0000,1,2.0,100.00
1262,12.429555,12.727620,2.847000,2,0,6000.0000,-1000.0000,90.0000,0.0000,1,2.0,100.00
1263,12.035936,12.403345,2.849000,2,0,6000.0000,-1000.0000,90.0000,0.0000,1,2.0,100.00
1264,11.552245,12.037726,2.805000,2,0,6000.0000,-1000.0000,90.0000,0.0000,1,2.0,100.00
1265,12.739712,11.562706,2.764000,2,0,6000.0000,-1000.0000,90.0000,0.0000,1,2.0,100.00
1266,13.699731,12.684850,2.903000,2,0,6000.0000,-1000.0000,90.0000,0.0000,1,2.0,100.00
1267,13.304763,13.731952,2.871000,2,0,6000.0000,-1000.0000,90.0000,0.0000,1,2.0,100.00
1268,12.877965,13.325474,2.856000,2,0,6000.0000,-1000.0000,90.0000,0.0000,1,2.0,100.00
1269,12.607357,12.885144,2.945000,2,0,6000.0000,-1000.0000,90.0000,0.0000,1,2.0,100.00
1270,14.439398,13.204401,2.844000,2,0,6000.0000,-1000.0000,90.0000,0.0000,1,2.0,100.00
1271,13.053068,13.893316,2.844000,2,0,6000.0000,-1000.0000,90.0000,0.0000,1,2.0,100.00
1272,12.676499,13.702522,2.829000,2,0,6000.0000,-1000.0000,90.0000,0.0000,1,2.0,100.00
1273,12.130249,11.994135,2.785000,2,0,6000.0000,-1000.0000,90.0000,0.0000,1,2.0,100.00
1274,11.301290,12.149778,2.785000,2,0,6000.0000,-1000.0000,90.0000,0.0000,1,2.0,100.00
1275,14.376536,11.872623,2.803000,2,0,6000.0000,-1000.0000,90.0000,0.0000,1,2.0,100.00
1276,13.818554,13.736753,2.868000,2,0,6000.0000,-1000.0000,90.0000,0.0000,1,2.0,100.00
1277,13.746083,14.472377,2.880000,2,0,6000.0000,-1000.0000,90.0000,0.0000,1,2.0,100.00
1278,12.852884,13.176761,2.779000,2,0,6000.0000,-1000.0000,90.0000,0.0000,1,2.0,100.00
1279,12.867694,12.874634,2.826000,2,0,6000.0000,-1000.0000,90.0000,0.0000,1,2.0,100.00
1280,12.913434,12.784352,2.764000,2,0,6000.0000,-1000.0000,90.0000,0.0000,1,2.0,100.00
1281,12.617839,13.283002,2.822000,2,0,6000.0000,-1000.0000,90.0000,0.0000,1,2.0,100.00
1282,12.986956,12.296682,2.831000,2,0,6000.0000,-1000.0000,90.0000,0.0000,1,2.0,100.00
1283,13.162430,12.971326,2.810000,2,0,6000.0000,-1000.0000,90.0000,0.0000,1,2.0,100.00
1284,13.176090,13.155921,2.783000,2,0,6000.0000,-1000.0000,90.0000,0.0000,1,2.0,100.00
1285,13.120659,13.122069,2.876000,2,0,6000.0000,-1000.0000,90.0000,0.0000,1,2.0,100.00
1286,12.699271,13.137889,2.840000,2,0,6000.0000,-1000.0000,90.0000,0.0000,1,2.0,100.00
1287,12.885044,12.726391,2.795000,2,0,6000.0000,-1000.0000,90.0000,0.0000,1,2.0,100.00
1288,13.228852,12.923625,2.804000,2,0,6000.0000,-1000.0000,90.0000,0.0000,1,2.0,100.00
1289,12.297382,13.254643,2.823000,2,0,6000.0000,-1000.0000,90.0000,0.0000,1,2.0,100.00
1290,17.885550,12.154718,2.780000,2,0,6000.0000,-1000.0000,90.0000,0.0000,1,2.0,100.00
1291,12.164350,17.876941,2.930000,2,0,6000.0000,-1000.0000,90.0000,0.0000,1,2.0,100.00
1292,12.273710,12.266450,2.827000,2,0,6000.0000,-1000.0000,90.0000,0.0000,1,2.0,100.00
1293,13.402055,12.246471,2.827000,2,0,6000.0000,-1000.0000,90.0000,0.0000,1,2.0,100.00
1294,13.751013,13.353725,2.823000,2,0,6000.0000,-1000.0000,90.0000,0.0000,1,2.0,100.00
1295,11.322971,13.762962,2.823000,2,0,6000.0000,-1000.0000,90.0000,0.0000,1,2.0,100.00
1296,12.473446,11.311611,2.806000,2,0,6000.0000,-1000.0000,90.0000,0.0000,1,2.0,100.00
1297,13.318973,12.427554,2.785000,2,0,6000.0000,-1000.0000,90.0000,0.0000,1,2.0,100.00
1298,12.313762,13.408655,2.930000,2,0,6000.0000,-1000.0000,90.0000,0.0000,1,2.0,100.00
1299,13.077048,12.238962,2.851000,2,0,6000.0000,-1000.0000,90.0000,0.0000,1,2.0,100.00
1300,13.132040,13.562988,2.872000,2,0,6000.0000,-1000.0000,90.0000,0.0000,1,2.0,100.00
1301,12.802612,12.795732,3.003000,2,0,6000.0000,-1000.0000,90.0000,0.0000,1,2.0,100.00
1302,13.098110,13.091389,2.863000,2,0,6000.0000,-1000.0000,90.0000,0.0000,1,2.0,100.00
1303,12.376563,12.773722,2.833000,2,0,6000.0000,-1000.0000,90.0000,0.0000,1,2.0,100.00
1304,13.054688,12.337372,2.809000,2,0,6000.0000,-1000.0000,90.0000,0.0000,1,2.0,100.00
1305,13.014517,13.403196,2.822000,2,0,6000.0000,-1000.0000,90.0000,0.0000,1,2.0,100.00
1306,12.531156,13.154890,2.882000,2,0,6000.0000,-1000.0000,90.0000,0.0000,1,2.0,100.00
1307,12.506456,12.602207,2.885000,2,0,6000.0000,-1000.0000,90.0000,0.0000,1,2.0,100.00
1308,12.376353,12.045907,2.818000,2,0,6000.0000,-1000.0000,90.0000,0.0000,1,2.0,100.00
1309,12.432116,12.202390,2.787000,2,0,6000.0000,-1000.0000,90.0000,0.0000,1,2.0,100.00
1310,12.047956,12.447285,2.894000,2,0,6000.0000,-1000.0000,90.0000,0.0000,1,2.0,100.00
1311,12.918085,12.067757,2.794000,2,0,6000.0000,-1000.0000,90.0000,0.0000,1,2.0,100.00
1312,12.681989,12.911604,2.846000,2,0,6000.0000,-1000.0000,90.0000,0.0000,1,2.0,100.00
1313,12.579288,12.634050,2.787000,2,0,6000.0000,-1000.0000,90.0000,0.0000,1,2.0,100.00
1314,12.843984,12.592377,2.852000,2,0,6000.0000,-1000.0000,90.0000,0.0000,1,2.0,100.00
1315,13.362884,12.862874,2.806000,2,0,6000.0000,-1000.0000,90.0000,0.0000,1,2.0,100.00
1316,11.605577,13.556859,2.909000,2,0,6000.0000,-1000.0000,90.0000,0.0000,1,2.0,100.00
1317,12.813833,11.421163,2.861000,2,0,6000.0000,-1000.0000,90.0000,0.0000,1,2.0,100.00
1318,12.843243,12.783532,2.852000,2,0,6000.0000,-1000.0000,90.0000,0.0000,1,2.0,100.00
1319,12.770352,12.849394,2.781000,2,0,6000.0000,-1000.0000,90.0000,0.0000,1,2.0,100.00
1320,13.215061,12.755530,2.818000,2,0,6000.0000,-1000.0000,90.0000,0.0000,1,2.0,100.00
1321,16.365009,13.207632,2.803000,2,0,6000.0000,-1000.0000,90.0000,0.0000,1,2.0,100.00
1322,12.647029,16.391279,2.800000,2,0,6000.0000,-1000.0000,90.0000,0.0000,1,2.0,100.00
1323,11.861182,12.610689,2.776000,2,0,6000.0000,-1000.0000,90.0000,0.0000,1,2.0,100.00
1324,12.815533,11.862451,2.869000,2,0,6000.0000,-1000.0000,90.0000,0.0000,1,2.0,100.00
1325,13.790374,12.876724,2.844000,2,0,6000.0000,-1000.0000,90.0000,0.0000,1,2.0,100.00
1326,12.730201,13.785434,2.832000,2,0,6000.0000,-1000.0000,90.0000,0.0000,1,2.0,100.00
1327,12.791842,12.687550,2.857000,2,0,6000.0000,-1000.0000,90.0000,0.0000,1,2.0,100.00
1328,12.932015,12.775463,2.891000,2,0,6000.0000,-1000.0000,90.0000,0.0000,1,2.0,100.00
1329,12.315613,12.942025,2.803000,2,0,6000.0000,-1000.0000,90.0000,0.0000,1,2.0,100.00
1330,12.462395,12.313262,2.799000,2,0,6000.0000,-1000.0000,90.0000,0.0000,1,2.0,100.00
1331,12.629239,12.493025,2.781000,2,0,6000.0000,-1000.0000,90.0000,0.0000,1,2.0,100.00
1332,13.103889,12.620629,2.939000,2,0,6000.0000,-1000.0000,90.0000,0.0000,1,2.0,100.00
1333,13.022367,13.106149,2.876000,2,0,6000.0000,-1000.0000,90.0000,0.0000,1,2.0,100.00
1334,11.097276,13.034528,2.931000,2,0,6000.0000,-1000.0000,90.0000,0.0000,1,2.0,100.00
1335,11.510204,11.053735,2.768000,2,0,6000.0000,-1000.0000,90.0000,0.0000,1,2.0,100.00
1336,11.232320,11.509305,2.839000,2,0,6000.0000,-1000.0000,90.0000,0.0000,1,2.0,100.00
1337,9.585974,11.233809,2.839000,2,0,6000.0000,-1000.0000,90.0000,0.0000,1,2.0,100.00
1338,11.194198,9.585564,2.871000,2,0,6000.0000,-1000.0000,90.0000,0.0000,1,2.0,100.00
1339,10.598306,11.210939,2.812000,2,0,6000.0000,-1000.0000,90.0000,0.0000,1,2.0,100.00
1340,10.688577,10.580285,2.814000,2,0,6000.0000,-1000.0000,90.0000,0.0000,1,2.0,100.00
1341,10.669777,10.712858,2.823000,2,0,6000.0000,-1000.0000,90.0000,0.0000,1,2.0,100.00
1342,10.394832,10.641927,2.766000,2,0,6000.0000,-1000.0000,90.0000,0.0000,1,2.0,100.00
1343,10.682726,10.418361,2.755000,2,0,6000.0000,-1000.0000,90.0000,0.0000,1,2.0,100.00
1344,9.983913,10.651697,2.823000,2,0,6000.0000,-1000.0000,90.0000,0.0000,1,2.0,100.00
1345,9.805859,9.987563,2.789000,2,0,6000.0000,-1000.0000,90.0000,0.0000,1,2.0,100.00
1346,10.000243,9.795918,2.767000,2,0,6000.0000,-1000.0000,90.0000,0.0000,1,2.0,100.00
1347,10.250938,10.008313,2.869000,2,0,6000.0000,-1000.0000,90.0000,0.0000,1,2.0,100.00
1348,10.565375,10.272119,2.803000,2,0,6000.0000,-1000.0000,90.0000,0.0000,1,2.0,100.00
1349,10.768449,10.541214,2.837000,2,0,6000.0000,-1000.0000,90.0000,0.0000,1,2.0,100.00
1350,10.312240,10.804900,2.836000,2,0,6000.0000,-1000.0000,90.0000,0.0000,1,2.0,100.00
1351,9.382669,10.296379,2.788000,2,0,6000.0000,-1000.0000,90.0000,0.0000,1,2.0,100.00
1352,10.648127,9.373890,2.761000,2,0,6000.0000,-1000.0000,90.0000,0.0000,1,2.0,100.00
1353,9.583954,10.653546,2.814000,2,0,6000.0000,-1000.0000,90.0000,0.0000,1,2.0,100.00
1354,9.478382,9.611595,2.837000,2,0,6000.0000,-1000.0000,90.0000,0.0000,1,2.0,100.00
1355,10.692127,9.459011,2.799000,2,0,6000.0000,-1000.0000,90.0000,0.0000,1,2.0,100.00
1356,10.264289,10.734059,2.964000,2,0,6000.0000,-1000.0000,90.0000,0.0000,1,2.0,100.00
1357,10.097004,10.270578,2.871000,2,0,6000.0000,-1000.0000,90.0000,0.0000,1,2.0,100.00
1358,10.171947,10.047154,2.900000,2,0,6000.0000,-1000.0000,90.0000,0.0000,1,2.0,100.00
1359,10.852231,10.153927,2.805000,2,0,6000.0000,-1000.0000,90.0000,0.0000,1,2.0,100.00
1360,10.368881,10.863110,2.801000,2,0,6000.0000,-1000.0000,90.0000,0.0000,1,2.0,100.00
1361,11.095926,10.391172,2.858000,2,0,6000.0000,-1000.0000,90.0000,0.0000,1,2.0,100.00
1362,11.785600,11.096706,2.782000,2,0,6000.0000,-1000.0000,90.0000,0.0000,1,2.0,100.00
1363,11.639329,11.911654,2.865000,2,0,6000.0000,-1000.0000,90.0000,0.0000,1,2.0,100.00
1364,10.619796,11.579055,2.856000,2,0,6000.0000,-1000.0000,90.0000,0.0000,1,2.0,100.00
1365,10.963113,10.584586,2.883000,2,0,6000.0000,-1000.0000,90.0000,0.0000,1,2.0,100.00
1366,11.425913,10.957673,2.904000,2,0,6000.0000,-1000.0000,90.0000,0.0000,1,2.0,100.00
1367,10.793330,11.384562,2.835000,2,0,6000.0000,-1000.0000,90.0000,0.0000,1,2.0,100.00
1368,10.034274,10.785520,2.852000,2,0,6000.0000,-1000.0000,90.0000,0.0000,1,2.0,100.00
1369,10.334479,9.974373,2.810000,2,0,6000.0000,-1000.0000,90.0000,0.0000,1,2.0,100.00
1370,10.855311,10.337519,2.866000,2,0,6000.0000,-1000.0000,90.0000,0.0000,1,2.0,100.00
1371,10.839021,10.848171,2.866000,2,0,6000.0000,-1000.0000,90.0000,0.0000,1,2.0,100.00
1372,10.798760,10.859492,2.945000,2,0,6000.0000,-1000.0000,90.0000,0.0000,1,2.0,100.00
1373,10.831761,10.791479,2.785000,2,0,6000.0000,-1000.0000,90.0000,0.0000,1,2.0,100.00
1374,10.599755,10.851212,2.830000,2,0,6000.0000,-1000.0000,90.0000,0.0000,1,2.0,100.00
1375,10.452273,10.576114,2.877000,2,0,6000.0000,-1000.0000,90.0000,0.0000,1,2.0,100.00
1376,10.673277,10.470594,2.840000,2,0,6000.0000,-1000.0000,90.0000,0.0000,1,2.0,100.00
1377,11.563106,10.676396,2.811000,2,0,6000.0000,-1000.0000,90.0000,0.0000,1,2.0,100.00
1378,10.117215,11.565497,2.840000,2,0,6000.0000,-1000.0000,90.0000,0.0000,1,2.0,100.00
1379,10.534524,10.105595,2.766000,2,0,6000.0000,-1000.0000,90.0000,0.0000,1,2.0,100.00
1380,10.787390,10.545935,2.799000,2,0,6000.0000,-1000.0000,90.0000,0.0000,1,2.0,100.00
1381,10.271309,11.005804,2.870000,2,0,6000.0000,-1000.0000,90.0000,0.0000,1,2.0,100.00
1382,10.197107,10.113195,2.850000,2,0,6000.0000,-1000.0000,90.0000,0.0000,1,2.0,100.00
1383,10.046134,10.168266,2.811000,2,0,6000.0000,-1000.0000,90.0000,0.0000,1,2.0,100.00
1384,10.280588,10.042234,2.798000,2,0,6000.0000,-1000.0000,90.0000,0.0000,1,2.0,100.00
1385,11.711550,10.284799,2.804000,2,0,6000.0000,-1000.0000,90.0000,0.0000,1,2.0,100.00
1386,9.900141,11.802881,2.845000,2,0,6000.0000,-1000.0000,90.0000,0.0000,1,2.0,100.00
1387,9.634504,9.848160,2.745000,2,0,6000.0000,-1000.0000,90.0000,0.0000,1,2.0,100.00
1388,10.186457,9.609684,2.850000,2,0,6000.0000,-1000.0000,90.0000,0.0000,1,2.0,100.00
1389,9.726377,10.206238,2.830000,2,0,6000.0000,-1000.0000,90.0000,0.0000,1,2.0,100.00
1390,9.369140,9.658785,2.862000,2,0,6000.0000,-1000.0000,90.0000,0.0000,1,2.0,100.00
1391,10.536074,9.405280,2.800000,2,0,6000.0000,-1000.0000,90.0000,0.0000,1,2.0,100.00
1392,9.935182,10.541074,2.774000,2,0,6000.0000,-1000.0000,90.0000,0.0000,1,2.0,100.00
1393,13.977267,9.938382,2.797000,2,0,6000.0000,-1000.0000,90.0000,0.0000,1,2.0,100.00
1394,12.315022,13.987388,2.854000,2,0,6000.0000,-1000.0000,90.0000,0.0000,1,2.0,100.00
1395,12.478256,12.315372,2.813000,2,0,6000.0000,-1000.0000,90.0000,0.0000,1,2.0,100.00
1396,11.913814,12.492266,2.839000,2,0,6000.0000,-1000.0000,90.0000,0.0000,1,2.0,100.00
1397,12.148178,11.901503,2.793000,2,0,6000.0000,-1000.0000,90.0000,0.0000,1,2.0,100.00
1398,11.558236,12.196590,2.825000,2,0,6000.0000,-1000.0000,90.0000,0.0000,1,2.0,100.00
1399,12.150409,11.574766,2.883000,2,0,6000.0000,-1000.0000,90.0000,0.0000,1,2.0,100.00
1400,12.059967,12.073717,2.862000,3,0,6000.0000,-1000.0000,90.0000,0.0000,1,2.0,100.00
1401,11.875762,12.049357,2.794000,3,1,6000.0000,-1000.0000,90.0000,0.0000,1,2.0,100.00
1402,710.929043,11.888743,2.834000,3,0,6000.0000,-1000.0000,90.0000,0.0000,1,2.0,100.00
1403,8.911410,710.983453,3.010000,3,1,6000.0000,-1000.0000,90.0000,0.0000,1,2.0,100.00
1404,144.289031,8.790388,3.008000,3,0,6000.0000,-1000.0000,90.0000,0.0000,1,2.0,100.00
1405,7.325306,144.385454,3.008000,3,1,6000.0000,-1000.0000,90.0000,0.0000,1,2.0,100.00
1406,177.292054,7.229843,2.980000,3,0,6000.0000,-1000.0000,90.0000,0.0000,1,2.0,100.00
1407,7.262894,177.386146,2.980000,3,1,6000.0000,-1000.0000,90.0000,0.0000,1,2.0,100.00
1408,150.233358,7.113771,2.910000,3,0,6000.0000,-1000.0000,90.0000,0.0000,1,2.0,100.00
1409,6.849866,150.325000,2.910000,3,1,6000.0000,-1000.0000,90.0000,0.0000,1,2.0,100.00
1410,148.386379,6.783585,2.936000,3,0,6000.0000,-1000.0000,90.0000,0.0000,1,2.0,100.00
1411,7.060160,148.522482,2.936000,3,1,6000.0000,-1000.0000,90.0000,0.0000,1,2.0,100.00
1412,175.270652,6.908207,2.980000,3,0,6000.0000,-1000.0000,90.0000,0.0000,1,2.0,100.00
1413,6.951328,175.336842,2.980000,3,1,6000.0000,-1000.0000,90.0000,0.0000,1,2.0,100.00
1414,143.608796,6.880827,2.940000,3,0,6000.0000,-1000.0000,90.0000,0.0000,1,2.0,100.00
1415,6.796755,143.681758,2.940000,3,1,6000.0000,-1000.0000,90.0000,0.0000,1,2.0,100.00
1416,144.596759,6.755314,3.017000,3,0,6000.0000,-1000.0000,90.0000,0.0000,1,2.0,100.00
1417,7.119761,144.619469,3.017000,3,1,6000.0000,-1000.0000,90.0000,0.0000,1,2.0,100.00
1418,147.542201,7.090731,3.020000,3,0,6000.0000,-1000.0000,90.0000,0.0000,1,2.0,100.00
1419,10.696848,147.586421,3.020000,3,1,6000.0000,-1000.0000,90.0000,0.0000,1,2.0,100.00
1420,138.250343,10.668928,2.827000,4,0,6000.0000,-1000.0000,90.0000,-25.0000,1,2.0,100.00
1421,6.976298,138.267763,2.827000,4,0,6000.0000,-1000.0000,90.0000,-23.2717,1,2.0,100.00
1422,8.478291,6.964579,2.976000,4,0,6000.0000,-1000.0000,90.0000,-23.1846,1,2.0,100.00
1423,12.803322,8.433710,3.305000,4,0,6000.0000,-1000.0000,90.0000,-23.0792,1,2.0,100.00
1424,11.872993,12.866323,3.278000,4,0,6000.0000,-1000.0000,90.0000,-22.9183,1,2.0,100.00
1425,11.679809,11.863452,3.278000,4,0,6000.0000,-1000.0000,90.0000,-22.7701,1,2.0,100.00
1426,13.842535,11.684839,3.266000,4,0,6000.0000,-1000.0000,90.0000,-22.6240,1,2.0,100.00
1427,11.573666,13.856596,3.266000,4,0,6000.0000,-1000.0000,90.0000,-22.4508,1,2.0,100.00
1428,11.609957,11.626666,3.222000,4,0,6000.0000,-1000.0000,90.0000,-22.3055,1,2.0,100.00
1429,11.913944,11.603638,3.141000,4,0,6000.0000,-1000.0000,90.0000,-22.1604,1,2.0,100.00
1430,10.637456,11.938794,3.162000,4,0,6000.0000,-1000.0000,90.0000,-22.0112,1,2.0,100.00
1431,12.142169,10.623737,3.077000,4,0,6000.0000,-1000.0000,90.0000,-21.8784,1,2.0,100.00
1432,10.830820,12.090947,3.110000,4,0,6000.0000,-1000.0000,90.0000,-21.7272,1,2.0,100.00
1433,12.463966,10.828891,3.020000,4,0,6000.0000,-1000.0000,90.0000,-21.5919,1,2.0,100.00
1434,11.796921,12.500875,3.146000,4,0,6000.0000,-1000.0000,90.0000,-21.4356,1,2.0,100.00
1435,11.859502,11.796372,3.097000,4,0,6000.0000,-1000.0000,90.0000,-21.2882,1,2.0,100.00
1436,11.794531,11.833582,3.175000,4,0,6000.0000,-1000.0000,90.0000,-21.1402,1,2.0,100.00
1437,12.538948,11.795340,3.130000,4,0,6000.0000,-1000.0000,90.0000,-20.9928,1,2.0,100.00
1438,12.743661,12.517517,3.059000,4,0,6000.0000,-1000.0000,90.0000,-20.8363,1,2.0,100.00
1439,11.784640,13.248402,3.163000,4,0,6000.0000,-1000.0000,90.0000,-20.6707,1,2.0,100.00
1440,11.901874,11.642208,3.106000,4,0,6000.0000,-1000.0000,90.0000,-20.5252,1,2.0,100.00
1441,11.897083,11.732870,3.015000,4,0,6000.0000,-1000.0000,90.0000,-20.3785,1,2.0,100.00
1442,11.392372,12.087027,3.133000,4,0,6000.0000,-1000.0000,90.0000,-20.2274,1,2.0,100.00
1443,11.024755,11.197349,3.082000,4,0,6000.0000,-1000.0000,90.0000,-20.0875,1,2.0,100.00
1444,12.165320,11.171457,3.075000,4,0,6000.0000,-1000.0000,90.0000,-19.9478,1,2.0,100.00
1445,11.183838,12.212290,3.173000,4,0,6000.0000,-1000.0000,90.0000,-19.7952,1,2.0,100.00
1446,11.870303,10.964194,3.061000,4,0,6000.0000,-1000.0000,90.0000,-19.6581,1,2.0,100.00
1447,11.409962,11.984835,3.093000,4,0,6000.0000,-1000.0000,90.0000,-19.5083,1,2.0,100.00
1448,12.375053,11.500275,3.057000,4,0,6000.0000,-1000.0000,90.0000,-19.3646,1,2.0,100.00
1449,11.868313,12.356183,3.051000,4,0,6000.0000,-1000.0000,90.0000,-19.2101,1,2.0,100.00
1450,11.144647,11.566687,3.167000,4,0,6000.0000,-1000.0000,90.0000,-19.0655,1,2.0,100.00
1451,11.789841,11.522204,3.078000,4,0,6000.0000,-1000.0000,90.0000,-18.9215,1,2.0,100.00
1452,12.056207,11.667689,3.128000,4,0,6000.0000,-1000.0000,90.0000,-18.7757,1,2.0,100.00
1453,11.071436,11.864323,3.078000,4,0,6000.0000,-1000.0000,90.0000,-18.6274,1,2.0,100.00
1454,12.843973,10.919202,3.055000,4,0,6000.0000,-1000.0000,90.0000,-18.4909,1,2.0,100.00
1455,12.102548,12.821372,3.122000,4,0,6000.0000,-1000.0000,90.0000,-18.3306,1,2.0,100.00
1456,13.043637,12.110288,3.144000,4,0,6000.0000,-1000.0000,90.0000,-18.1792,1,2.0,100.00
1457,12.699721,13.052818,3.187000,4,0,6000.0000,-1000.0000,90.0000,-18.0161,1,2.0,100.00
1458,12.428324,12.684790,3.073000,4,0,6000.0000,-1000.0000,90.0000,-17.8575,1,2.0,100.00
1459,12.382495,12.434456,3.299000,4,0,6000.0000,-1000.0000,90.0000,-17.7021,1,2.0,100.00
1460,12.279381,12.380483,3.146000,4,0,6000.0000,-1000.0000,90.0000,-17.5473,1,2.0,100.00
1461,12.054816,12.287401,3.160000,4,0,6000.0000,-1000.0000,90.0000,-17.3937,1,2.0,100.00
1462,12.040897,12.054387,3.141000,4,0,6000.0000,-1000.0000,90.0000,-17.2430,1,2.0,100.00
1463,13.262382,12.041866,3.104000,4,0,6000.0000,-1000.0000,90.0000,-17.0925,1,2.0,100.00
1464,11.733480,13.256883,3.156000,4,0,6000.0000,-1000.0000,90.0000,-16.9268,1,2.0,100.00
1465,11.978925,11.778890,3.082000,4,0,6000.0000,-1000.0000,90.0000,-16.7796,1,2.0,100.00
1466,12.135298,11.981815,3.085000,4,0,6000.0000,-1000.0000,90.0000,-16.6298,1,2.0,100.00
1467,12.333453,12.106288,3.088000,4,0,6000.0000,-1000.0000,90.0000,-16.4785,1,2.0,100.00
1468,14.509829,12.341013,3.118000,4,0,6000.0000,-1000.0000,90.0000,-16.3242,1,2.0,100.00
1469,11.641398,14.484538,3.121000,4,0,6000.0000,-1000.0000,90.0000,-16.1431,1,2.0,100.00
1470,10.837261,11.666829,3.083000,4,0,6000.0000,-1000.0000,90.0000,-15.9973,1,2.0,100.00
1471,11.504224,10.842591,3.141000,4,0,6000.0000,-1000.0000,90.0000,-15.8618,1,2.0,100.00
1472,10.868812,11.502704,3.161000,4,0,6000.0000,-1000.0000,90.0000,-15.7180,1,2.0,100.00
1473,11.897603,10.873542,3.105000,4,0,6000.0000,-1000.0000,90.0000,-15.5821,1,2.0,100.00
1474,11.510635,11.921494,3.146000,4,0,6000.0000,-1000.0000,90.0000,-15.4331,1,2.0,100.00
1475,11.794891,11.488145,3.148000,4,0,6000.0000,-1000.0000,90.0000,-15.2895,1,2.0,100.00
1476,12.071967,11.794470,3.093000,4,0,6000.0000,-1000.0000,90.0000,-15.1420,1,2.0,100.00
1477,12.173489,12.072467,3.200000,4,0,6000.0000,-1000.0000,90.0000,-14.9911,1,2.0,100.00
1478,11.417923,12.168050,3.131000,4,0,6000.0000,-1000.0000,90.0000,-14.8390,1,2.0,100.00
1479,11.331851,11.428663,3.229000,4,0,6000.0000,-1000.0000,90.0000,-14.6962,1,2.0,100.00
1480,11.831542,11.318750,3.234000,4,0,6000.0000,-1000.0000,90.0000,-14.5547,1,2.0,100.00
1481,11.286260,11.827132,3.079000,4,0,6000.0000,-1000.0000,90.0000,-14.4068,1,2.0,100.00
1482,11.846883,11.281200,3.186000,4,0,6000.0000,-1000.0000,90.0000,-14.2658,1,2.0,100.00
1483,12.069497,11.836752,3.040000,4,0,6000.0000,-1000.0000,90.0000,-14.1179,1,2.0,100.00
1484,11.136737,12.080198,3.109000,4,0,6000.0000,-1000.0000,90.0000,-13.9669,1,2.0,100.00
1485,12.962686,11.297221,3.226000,4,0,6000.0000,-1000.0000,90.0000,-13.8256,1,2.0,100.00
1486,12.930725,12.980646,3.207000,4,0,6000.0000,-1000.0000,90.0000,-13.6634,1,2.0,100.00
1487,12.112938,12.843403,3.180000,4,0,6000.0000,-1000.0000,90.0000,-13.5028,1,2.0,100.00
1488,12.041516,12.153619,3.258000,4,0,6000.0000,-1000.0000,90.0000,-13.3509,1,2.0,100.00
1489,12.728851,12.025576,3.146000,4,0,6000.0000,-1000.0000,90.0000,-13.2006,1,2.0,100.00
1490,11.555227,12.695020,3.128000,4,0,6000.0000,-1000.0000,90.0000,-13.0419,1,2.0,100.00
1491,11.771620,11.562526,3.153000,4,0,6000.0000,-1000.0000,90.0000,-12.8974,1,2.0,100.00
1492,11.602497,11.784892,3.216000,4,0,6000.0000,-1000.0000,90.0000,-12.7501,1,2.0,100.00
1493,11.197098,11.570245,3.178000,4,0,6000.0000,-1000.0000,90.0000,-12.6054,1,2.0,100.00
1494,12.082248,11.208849,3.143000,4,0,6000.0000,-1000.0000,90.0000,-12.4653,1,2.0,100.00
1495,10.652327,12.298182,3.190000,4,0,6000.0000,-1000.0000,90.0000,-12.3116,1,2.0,100.00
1496,11.172107,10.512454,3.161000,4,0,6000.0000,-1000.0000,90.0000,-12.1802,1,2.0,100.00
1497,10.650988,11.107006,3.150000,4,0,6000.0000,-1000.0000,90.0000,-12.0414,1,2.0,100.00
1498,10.922632,10.642107,3.081000,4,0,6000.0000,-1000.0000,90.0000,-11.9083,1,2.0,100.00
1499,10.900392,10.918693,3.100000,4,0,6000.0000,-1000.0000,90.0000,-11.7719,1,2.0,100.00
1500,10.808990,10.917422,3.105000,4,0,6000.0000,-1000.0000,90.0000,-11.6354,1,2.0,100.00
1501,10.893052,10.814021,3.191000,4,0,6000.0000,-1000.0000,90.0000,-11.5002,1,2.0,100.00
1502,11.501505,11.004334,3.136000,4,0,6000.0000,-1000.0000,90.0000,-11.3627,1,2.0,100.00
1503,11.571386,11.362101,3.169000,4,0,6000.0000,-1000.0000,90.0000,-11.2206,1,2.0,100.00
1504,14.594161,12.264141,3.120000,4,0,6000.0000,-1000.0000,90.0000,-11.0673,1,2.0,100.00
1505,10.631617,14.540520,3.205000,4,0,6000.0000,-1000.0000,90.0000,-10.8856,1,2.0,100.00
1506,9.603424,9.997963,3.205000,4,0,6000.0000,-1000.0000,90.0000,-10.7606,1,2.0,100.00
1507,10.101825,9.999943,3.152000,4,0,6000.0000,-1000.0000,90.0000,-10.6356,1,2.0,100.00
1508,11.460504,9.824219,3.147000,4,0,6000.0000,-1000.0000,90.0000,-10.5128,1,2.0,100.00
1509,9.535063,11.586186,3.088000,4,0,6000.0000,-1000.0000,90.0000,-10.3680,1,2.0,100.00
1510,8.371588,9.423372,3.088000,4,0,6000.0000,-1000.0000,90.0000,-10.2502,1,2.0,100.00
1511,9.136395,8.772856,3.144000,4,0,6000.0000,-1000.0000,90.0000,-10.1405,1,2.0,100.00
1512,9.835039,9.293948,3.125000,4,0,6000.0000,-1000.0000,90.0000,-10.0243,1,2.0,100.00
1513,10.011944,9.778858,3.114000,4,0,6000.0000,-1000.0000,90.0000,-9.9021,1,2.0,100.00
1514,8.350757,9.853940,3.197000,4,0,6000.0000,-1000.0000,90.0000,-9.7789,1,2.0,100.00
1515,9.218716,8.514571,3.078000,4,0,6000.0000,-1000.0000,90.0000,-9.6725,1,2.0,100.00
1516,9.293608,9.164895,3.133000,4,0,6000.0000,-1000.0000,90.0000,-9.5579,1,2.0,100.00
1517,9.598264,9.248477,3.143000,4,0,6000.0000,-1000.0000,90.0000,-9.4423,1,2.0,100.00
1518,9.409490,9.434141,3.118000,4,0,6000.0000,-1000.0000,90.0000,-9.3244,1,2.0,100.00
1519,9.314599,9.641885,3.182000,4,0,6000.0000,-1000.0000,90.0000,-9.2039,1,2.0,100.00
1520,9.014442,9.299479,3.225000,4,0,6000.0000,-1000.0000,90.0000,-9.0876,1,2.0,100.00
1521,9.553483,8.458729,3.079000,4,0,6000.0000,-1000.0000,90.0000,-8.9819,1,2.0,100.00
1522,9.501373,9.668967,3.209000,4,0,6000.0000,-1000.0000,90.0000,-8.8610,1,2.0,100.00
1523,8.121373,9.345508,3.209000,4,0,6000.0000,-1000.0000,90.0000,-8.7442,1,2.0,100.00
1524,9.496101,8.836719,3.211000,4,0,6000.0000,-1000.0000,90.0000,-8.6338,1,2.0,100.00
1525,8.645825,8.912669,3.211000,4,0,6000.0000,-1000.0000,90.0000,-8.5224,1,2.0,100.00
1526,8.571593,8.581863,3.072000,4,0,6000.0000,-1000.0000,90.0000,-8.4151,1,2.0,100.00
1527,7.784715,8.592853,3.072000,4,0,6000.0000,-1000.0000,90.0000,-8.3077,1,2.0,100.00
1528,8.243916,8.032921,3.139000,4,0,6000.0000,-1000.0000,90.0000,-8.2073,1,2.0,100.00
1529,8.450119,8.039051,3.131000,4,0,6000.0000,-1000.0000,90.0000,-8.1068,1,2.0,100.00
1530,8.041212,8.393298,3.131000,4,0,6000.0000,-1000.0000,90.0000,-8.0019,1,2.0,100.00
1531,9.196435,8.145814,3.158000,4,0,6000.0000,-1000.0000,90.0000,-7.9000,1,2.0,100.00
1532,7.618603,9.116245,3.076000,4,0,6000.0000,-1000.0000,90.0000,-7.7861,1,2.0,100.00
1533,7.830017,7.509279,3.076000,4,0,6000.0000,-1000.0000,90.0000,-7.6922,1,2.0,100.00
1534,8.837368,8.149953,3.088000,4,0,6000.0000,-1000.0000,90.0000,-7.5903,1,2.0,100.00
1535,7.816136,8.601884,3.088000,4,0,6000.0000,-1000.0000,90.0000,-7.4828,1,2.0,100.00
1536,10.585795,7.709024,3.171000,4,0,6000.0000,-1000.0000,90.0000,-7.3865,1,2.0,100.00
1537,9.298338,10.539994,3.157000,4,0,6000.0000,-1000.0000,90.0000,-7.2547,1,2.0,100.00
1538,9.228756,9.315698,3.048000,4,0,6000.0000,-1000.0000,90.0000,-7.1383,1,2.0,100.00
1539,13.482018,9.215847,3.177000,4,0,6000.0000,-1000.0000,90.0000,-7.0231,1,2.0,100.00
1540,11.034035,13.500137,3.260000,4,0,6000.0000,-1000.0000,90.0000,-6.8543,1,2.0,100.00
1541,11.770481,11.054766,3.234000,4,0,6000.0000,-1000.0000,90.0000,-6.7161,1,2.0,100.00
1542,12.634408,11.734640,3.250000,4,0,6000.0000,-1000.0000,90.0000,-6.5694,1,2.0,100.00
1543,12.928815,12.647409,3.143000,4,0,6000.0000,-1000.0000,90.0000,-6.4113,1,2.0,100.00
1544,13.918467,13.023568,3.192000,4,0,6000.0000,-1000.0000,90.0000,-6.2486,1,2.0,100.00
1545,12.234460,13.881074,3.196000,4,0,6000.0000,-1000.0000,90.0000,-6.0750,1,2.0,100.00
1546,12.395365,12.183210,3.234000,4,0,6000.0000,-1000.0000,90.0000,-5.9228,1,2.0,100.00
1547,12.699560,12.417784,3.160000,4,0,6000.0000,-1000.0000,90.0000,-5.7675,1,2.0,100.00
1548,12.641139,12.665960,3.133000,4,0,6000.0000,-1000.0000,90.0000,-5.6092,1,2.0,100.00
1549,12.246000,12.657239,3.135000,4,0,6000.0000,-1000.0000,90.0000,-5.4510,1,2.0,100.00
1550,11.664569,12.231151,3.112000,4,0,6000.0000,-1000.0000,90.0000,-5.2981,1,2.0,100.00
1551,12.367383,11.664488,3.166000,4,0,6000.0000,-1000.0000,90.0000,-5.1523,1,2.0,100.00
1552,11.754360,12.390985,3.216000,4,0,6000.0000,-1000.0000,90.0000,-4.9974,1,2.0,100.00
1553,12.903185,11.783970,3.128000,4,0,6000.0000,-1000.0000,90.0000,-4.8501,1,2.0,100.00
1554,12.943366,12.862014,3.108000,4,0,6000.0000,-1000.0000,90.0000,-4.6893,1,2.0,100.00
1555,14.067329,12.939135,3.197000,4,0,6000.0000,-1000.0000,90.0000,-4.5276,1,2.0,100.00
1556,13.872336,14.070040,3.066000,4,0,6000.0000,-1000.0000,90.0000,-4.3517,1,2.0,100.00
1557,12.969956,13.871015,3.195000,4,0,6000.0000,-1000.0000,90.0000,-4.1783,1,2.0,100.00
1558,13.526177,12.987187,3.084000,4,0,6000.0000,-1000.0000,90.0000,-4.0160,1,2.0,100.00
1559,12.925816,13.521098,3.060000,4,0,6000.0000,-1000.0000,90.0000,-3.8470,1,2.0,100.00
1560,14.403427,12.929465,3.170000,4,0,6000.0000,-1000.0000,90.0000,-3.6854,1,2.0,100.00
1561,13.010387,14.412637,3.105000,4,0,6000.0000,-1000.0000,90.0000,-3.5052,1,2.0,100.00
1562,13.437166,13.003447,3.162000,4,0,6000.0000,-1000.0000,90.0000,-3.3427,1,2.0,100.00
1563,12.964566,13.468866,3.120000,4,0,6000.0000,-1000.0000,90.0000,-3.1743,1,2.0,100.00
1564,13.399416,12.958626,3.178000,4,0,6000.0000,-1000.0000,90.0000,-3.0123,1,2.0,100.00
1565,13.041327,13.372995,3.226000,4,0,6000.0000,-1000.0000,90.0000,-2.8451,1,2.0,100.00
1566,12.486806,13.040278,3.092000,4,0,6000.0000,-1000.0000,90.0000,-2.6821,1,2.0,100.00
1567,12.313591,12.525826,3.103000,4,0,6000.0000,-1000.0000,90.0000,-2.5256,1,2.0,100.00
1568,12.437766,12.310723,3.127000,4,0,6000.0000,-1000.0000,90.0000,-2.3717,1,2.0,100.00
1569,12.527056,12.481255,3.071000,4,0,6000.0000,-1000.0000,90.0000,-2.2157,1,2.0,100.00
1570,11.912954,12.484546,3.092000,4,0,6000.0000,-1000.0000,90.0000,-2.0596,1,2.0,100.00
1571,12.314473,11.980466,3.162000,4,0,6000.0000,-1000.0000,90.0000,-1.9099,1,2.0,100.00
1572,12.455014,12.260700,3.096000,4,0,6000.0000,-1000.0000,90.0000,-1.7566,1,2.0,100.00
1573,12.307782,12.503016,3.118000,4,0,6000.0000,-1000.0000,90.0000,-1.6003,1,2.0,100.00
1574,12.078507,12.271092,3.161000,4,0,6000.0000,-1000.0000,90.0000,-1.4469,1,2.0,100.00
1575,12.339704,12.058057,3.154000,4,0,6000.0000,-1000.0000,90.0000,-1.2962,1,2.0,100.00
1576,12.533706,12.358362,3.139000,4,0,6000.0000,-1000.0000,90.0000,-1.1417,1,2.0,100.00
1577,12.955876,12.511286,3.113000,4,0,6000.0000,-1000.0000,90.0000,-0.9853,1,2.0,100.00
1578,12.497586,12.992087,3.077000,4,0,6000.0000,-1000.0000,90.0000,-0.8229,1,2.0,100.00
1579,12.628609,12.468696,3.099000,4,0,6000.0000,-1000.0000,90.0000,-0.6671,1,2.0,100.00
1580,12.811203,12.627309,3.152000,4,0,6000.0000,-1000.0000,90.0000,-0.5092,1,2.0,100.00
1581,13.192500,12.837613,3.152000,4,0,6000.0000,-1000.0000,90.0000,-0.3488,1,2.0,100.00
1582,12.684451,13.191781,3.277000,4,0,6000.0000,-1000.0000,90.0000,-0.1839,1,2.0,100.00
1583,12.363203,12.697800,3.161000,4,0,6000.0000,-1000.0000,90.0000,-0.0251,1,2.0,100.00
1584,13.291293,12.307003,3.095000,4,0,6000.0000,-1000.0000,90.0000,0.1287,1,2.0,100.00
1585,13.593079,13.307153,3.093000,4,0,6000.0000,-1000.0000,90.0000,0.2950,1,2.0,100.00
1586,12.345824,13.637630,3.208000,4,0,6000.0000,-1000.0000,90.0000,0.4655,1,2.0,100.00
1587,12.610658,12.321923,3.099000,4,0,6000.0000,-1000.0000,90.0000,0.6195,1,2.0,100.00
1588,12.856973,12.588417,3.087000,4,0,6000.0000,-1000.0000,90.0000,0.7769,1,2.0,100.00
1589,12.594419,12.903315,3.147000,4,0,6000.0000,-1000.0000,90.0000,0.9382,1,2.0,100.00
1590,13.147850,12.545268,3.151000,4,0,6000.0000,-1000.0000,90.0000,1.0950,1,2.0,100.00
1591,13.663550,13.173410,3.147000,4,0,6000.0000,-1000.0000,90.0000,1.2597,1,2.0,100.00
1592,12.883805,13.642491,3.140000,4,0,6000.0000,-1000.0000,90.0000,1.4302,1,2.0,100.00
1593,13.364325,12.888104,3.161000,4,0,6000.0000,-1000.0000,90.0000,1.5913,1,2.0,100.00
1594,13.229081,13.361984,3.160000,4,0,6000.0000,-1000.0000,90.0000,1.7583,1,2.0,100.00
1595,14.125041,13.266843,3.087000,4,0,6000.0000,-1000.0000,90.0000,1.9242,1,2.0,100.00
1596,16.877379,14.127630,3.054000,4,0,6000.0000,-1000.0000,90.0000,2.1008,1,2.0,100.00
1597,13.243132,16.911271,3.115000,4,0,6000.0000,-1000.0000,90.0000,2.3121,1,2.0,100.00
1598,13.377025,13.155939,3.160000,4,0,6000.0000,-1000.0000,90.0000,2.4766,1,2.0,100.00
1599,13.270013,13.380116,3.123000,4,0,6000.0000,-1000.0000,90.0000,2.6438,1,2.0,100.00
1600,13.046858,13.277822,3.078000,4,0,6000.0000,-1000.0000,90.0000,2.8098,1,2.0,100.00
1601,12.672379,13.035958,3.111000,4,0,6000.0000,-1000.0000,90.0000,2.9728,1,2.0,100.00
1602,13.642721,12.672600,3.101000,4,0,6000.0000,-1000.0000,90.0000,3.1312,1,2.0,100.00
1603,12.859294,13.685081,3.168000,4,0,6000.0000,-1000.0000,90.0000,3.3022,1,2.0,100.00
1604,12.545736,12.898925,3.154000,4,0,6000.0000,-1000.0000,90.0000,3.4635,1,2.0,100.00
1605,13.323645,12.531327,3.163000,4,0,6000.0000,-1000.0000,90.0000,3.6201,1,2.0,100.00
1606,13.873105,13.389175,3.241000,4,0,6000.0000,-1000.0000,90.0000,3.7875,1,2.0,100.00
1607,13.582239,13.809794,3.154000,4,0,6000.0000,-1000.0000,90.0000,3.9601,1,2.0,100.00
1608,14.607141,13.616240,3.138000,4,0,6000.0000,-1000.0000,90.0000,4.1303,1,2.0,100.00
1609,13.260452,14.554909,3.177000,4,0,6000.0000,-1000.0000,90.0000,4.3122,1,2.0,100.00
1610,13.582040,13.190781,3.131000,4,0,6000.0000,-1000.0000,90.0000,4.4771,1,2.0,100.00
1611,14.176172,13.580410,3.143000,4,0,6000.0000,-1000.0000,90.0000,4.6469,1,2.0,100.00
1612,14.713353,14.228993,3.293000,4,0,6000.0000,-1000.0000,90.0000,4.8247,1,2.0,100.00
1613,14.313095,14.643252,3.202000,4,0,6000.0000,-1000.0000,90.0000,5.0078,1,2.0,100.00
1614,14.034558,14.324544,3.189000,4,0,6000.0000,-1000.0000,90.0000,5.1868,1,2.0,100.00
1615,13.134840,14.047569,3.276000,4,0,6000.0000,-1000.0000,90.0000,5.3624,1,2.0,100.00
1616,13.805254,13.103929,3.206000,4,0,6000.0000,-1000.0000,90.0000,5.5262,1,2.0,100.00
1617,14.029689,13.825905,3.138000,4,0,6000.0000,-1000.0000,90.0000,5.6991,1,2.0,100.00
1618,13.790684,14.032009,3.104000,4,0,6000.0000,-1000.0000,90.0000,5.8745,1,2.0,100.00
1619,14.827945,13.759943,3.055000,4,0,6000.0000,-1000.0000,90.0000,6.0465,1,2.0,100.00
1620,14.458998,14.835926,3.131000,4,0,6000.0000,-1000.0000,90.0000,6.2319,1,2.0,100.00
1621,14.362345,14.471588,3.203000,4,0,6000.0000,-1000.0000,90.0000,6.4128,1,2.0,100.00
1622,14.875397,14.339055,3.129000,4,0,6000.0000,-1000.0000,90.0000,6.5920,1,2.0,100.00
1623,14.156482,14.875736,3.105000,4,0,6000.0000,-1000.0000,90.0000,6.7780,1,2.0,100.00
1624,14.133470,14.175942,3.072000,4,0,6000.0000,-1000.0000,90.0000,6.9552,1,2.0,100.00
1625,15.093323,14.109362,3.106000,4,0,6000.0000,-1000.0000,90.0000,7.1316,1,2.0,100.00
1626,14.513688,15.084571,3.166000,4,0,6000.0000,-1000.0000,90.0000,7.3201,1,2.0,100.00
1627,14.255633,14.514048,3.161000,4,0,6000.0000,-1000.0000,90.0000,7.5015,1,2.0,100.00
1628,13.697722,14.256553,3.077000,4,0,6000.0000,-1000.0000,90.0000,7.6797,1,2.0,100.00
1629,13.733803,13.906627,3.045000,4,0,6000.0000,-1000.0000,90.0000,7.8536,1,2.0,100.00
1630,13.048238,13.702732,3.113000,4,0,6000.0000,-1000.0000,90.0000,8.0249,1,2.0,100.00
1631,12.452715,13.499178,3.216000,4,0,6000.0000,-1000.0000,90.0000,8.1936,1,2.0,100.00
1632,12.969486,11.999234,3.185000,4,0,6000.0000,-1000.0000,90.0000,8.3436,1,2.0,100.00
1633,12.797532,12.892265,3.065000,4,0,6000.0000,-1000.0000,90.0000,8.5047,1,2.0,100.00
1634,12.998847,12.767042,3.083000,4,0,6000.0000,-1000.0000,90.0000,8.6643,1,2.0,100.00
1635,13.266022,12.999907,3.130000,4,0,6000.0000,-1000.0000,90.0000,8.8268,1,2.0,100.00
1636,12.628740,13.256672,3.165000,4,0,6000.0000,-1000.0000,90.0000,8.9925,1,2.0,100.00
1637,12.469445,12.668170,3.217000,4,0,6000.0000,-1000.0000,90.0000,9.1509,1,2.0,100.00
1638,11.809101,12.430224,3.077000,4,0,6000.0000,-1000.0000,90.0000,9.3063,1,2.0,100.00
1639,12.816464,11.798871,3.096000,4,0,6000.0000,-1000.0000,90.0000,9.4538,1,2.0,100.00
1640,12.334602,12.852714,3.089000,4,0,6000.0000,-1000.0000,90.0000,9.6144,1,2.0,100.00
1641,13.086258,12.313502,3.190000,4,0,6000.0000,-1000.0000,90.0000,9.7683,1,2.0,100.00
1642,12.751472,13.120710,3.144000,4,0,6000.0000,-1000.0000,90.0000,9.9323,1,2.0,100.00
1643,12.727511,12.806332,3.105000,4,0,6000.0000,-1000.0000,90.0000,10.0924,1,2.0,100.00
1644,12.756802,12.704171,3.077000,4,0,6000.0000,-1000.0000,90.0000,10.2512,1,2.0,100.00
1645,13.010487,12.720921,3.070000,4,0,6000.0000,-1000.0000,90.0000,10.4102,1,2.0,100.00
1646,12.184190,12.991657,3.161000,4,0,6000.0000,-1000.0000,90.0000,10.5726,1,2.0,100.00
1647,13.522847,12.152328,3.079000,4,0,6000.0000,-1000.0000,90.0000,10.7245,1,2.0,100.00
1648,12.649060,13.504748,3.170000,4,0,6000.0000,-1000.0000,90.0000,10.8933,1,2.0,100.00
1649,12.464005,12.625129,3.147000,4,0,6000.0000,-1000.0000,90.0000,11.0512,1,2.0,100.00
1650,12.689690,12.478535,3.156000,4,0,6000.0000,-1000.0000,90.0000,11.2071,1,2.0,100.00
1651,13.981258,12.672600,3.176000,4,0,6000.0000,-1000.0000,90.0000,11.3655,1,2.0,100.00
1652,13.970677,14.003538,3.077000,4,0,6000.0000,-1000.0000,90.0000,11.5406,1,2.0,100.00
1653,12.156509,14.089390,3.200000,4,0,6000.0000,-1000.0000,90.0000,11.7167,1,2.0,100.00
1654,12.441936,12.142809,3.112000,4,0,6000.0000,-1000.0000,90.0000,11.8685,1,2.0,100.00
1655,11.971454,12.388444,3.206000,4,0,6000.0000,-1000.0000,90.0000,12.0233,1,2.0,100.00
1656,12.698910,11.959885,3.169000,4,0,6000.0000,-1000.0000,90.0000,12.1728,1,2.0,100.00
1657,11.745121,12.696599,3.105000,4,0,6000.0000,-1000.0000,90.0000,12.3316,1,2.0,100.00
1658,12.524546,11.746921,3.159000,4,0,6000.0000,-1000.0000,90.0000,12.4784,1,2.0,100.00
1659,11.849122,12.541647,3.190000,4,0,6000.0000,-1000.0000,90.0000,12.6352,1,2.0,100.00
1660,12.314253,11.829452,3.121000,4,0,6000.0000,-1000.0000,90.0000,12.7830,1,2.0,100.00
1661,12.060207,12.347673,3.172000,4,0,6000.0000,-1000.0000,90.0000,12.9374,1,2.0,100.00
1662,11.827472,12.061447,3.188000,4,0,6000.0000,-1000.0000,90.0000,13.0881,1,2.0,100.00
1663,11.768270,11.922364,3.172000,4,0,6000.0000,-1000.0000,90.0000,13.2372,1,2.0,100.00
1664,12.562778,11.653487,3.174000,4,0,6000.0000,-1000.0000,90.0000,13.3828,1,2.0,100.00
1665,11.588226,12.554428,3.082000,4,0,6000.0000,-1000.0000,90.0000,13.5398,1,2.0,100.00
1666,12.295582,11.594457,3.168000,4,0,6000.0000,-1000.0000,90.0000,13.6847,1,2.0,100.00
1667,10.160597,12.301462,3.117000,4,0,6000.0000,-1000.0000,90.0000,13.8385,1,2.0,100.00
1668,9.353478,10.130226,3.139000,4,0,6000.0000,-1000.0000,90.0000,13.9651,1,2.0,100.00
1669,10.264839,9.383049,3.182000,4,0,6000.0000,-1000.0000,90.0000,14.0824,1,2.0,100.00
1670,9.613005,10.261269,3.096000,4,0,6000.0000,-1000.0000,90.0000,14.2107,1,2.0,100.00
1671,9.532853,9.670895,3.143000,4,0,6000.0000,-1000.0000,90.0000,14.3315,1,2.0,100.00
1672,10.333130,9.538534,3.064000,4,0,6000.0000,-1000.0000,90.0000,14.4508,1,2.0,100.00
1673,10.154056,10.315899,3.060000,4,0,6000.0000,-1000.0000,90.0000,14.5797,1,2.0,100.00
1674,8.984221,10.084265,3.146000,4,0,6000.0000,-1000.0000,90.0000,14.7058,1,2.0,100.00
1675,10.207028,9.016942,3.154000,4,0,6000.0000,-1000.0000,90.0000,14.8185,1,2.0,100.00
1676,9.679626,10.210638,3.191000,4,0,6000.0000,-1000.0000,90.0000,14.9461,1,2.0,100.00
1677,9.708077,9.652505,3.171000,4,0,6000.0000,-1000.0000,90.0000,15.0668,1,2.0,100.00
1678,9.754827,9.771938,3.111000,4,0,6000.0000,-1000.0000,90.0000,15.1889,1,2.0,100.00
1679,14.450358,9.709417,3.169000,4,0,6000.0000,-1000.0000,90.0000,15.3103,1,2.0,100.00
1680,9.970973,14.449118,3.156000,4,0,6000.0000,-1000.0000,90.0000,15.4909,1,2.0,100.00
1681,9.394859,9.963192,3.156000,4,0,6000.0000,-1000.0000,90.0000,15.6154,1,2.0,100.00
1682,10.344051,9.395610,3.116000,4,0,6000.0000,-1000.0000,90.0000,15.7329,1,2.0,100.00
1683,11.027905,10.351441,3.286000,4,0,6000.0000,-1000.0000,90.0000,15.8623,1,2.0,100.00
1684,10.388481,11.036795,3.229000,4,0,6000.0000,-1000.0000,90.0000,16.0002,1,2.0,100.00
1685,10.490643,10.367050,3.334000,4,0,6000.0000,-1000.0000,90.0000,16.1298,1,2.0,100.00
1686,10.906122,10.492944,3.230000,4,0,6000.0000,-1000.0000,90.0000,16.2610,1,2.0,100.00
1687,10.490634,10.929103,3.221000,4,0,6000.0000,-1000.0000,90.0000,16.3976,1,2.0,100.00
1688,11.205888,10.471762,3.161000,4,0,6000.0000,-1000.0000,90.0000,16.5285,1,2.0,100.00
1689,10.727289,11.232649,3.134000,4,0,6000.0000,-1000.0000,90.0000,16.6689,1,2.0,100.00
1690,10.945663,10.760160,3.151000,4,0,6000.0000,-1000.0000,90.0000,16.8034,1,2.0,100.00
1691,10.763079,10.891102,3.146000,4,0,6000.0000,-1000.0000,90.0000,16.9396,1,2.0,100.00
1692,10.636907,10.795480,3.154000,4,0,6000.0000,-1000.0000,90.0000,17.0745,1,2.0,100.00
1693,10.284798,10.593115,3.096000,4,0,6000.0000,-1000.0000,90.0000,17.2069,1,2.0,100.00
1694,10.121686,10.294300,3.102000,4,0,6000.0000,-1000.0000,90.0000,17.3356,1,2.0,100.00
1695,11.165918,10.126125,3.140000,4,0,6000.0000,-1000.0000,90.0000,17.4622,1,2.0,100.00
1696,10.088485,11.177508,3.163000,4,0,6000.0000,-1000.0000,90.0000,17.6019,1,2.0,100.00
1697,10.501703,10.061004,3.177000,4,0,6000.0000,-1000.0000,90.0000,17.7276,1,2.0,100.00
1698,10.460533,10.543634,3.103000,4,0,6000.0000,-1000.0000,90.0000,17.8594,1,2.0,100.00
1699,10.153956,10.466744,3.110000,4,0,6000.0000,-1000.0000,90.0000,17.9903,1,2.0,100.00
1700,15.007760,10.129895,3.099000,4,0,6000.0000,-1000.0000,90.0000,18.1169,1,2.0,100.00
1701,9.336449,15.037730,3.165000,4,0,6000.0000,-1000.0000,90.0000,18.3049,1,2.0,100.00
1702,9.882500,9.295438,3.101000,4,0,6000.0000,-1000.0000,90.0000,18.4211,1,2.0,100.00
1703,9.739198,9.872940,3.179000,4,0,6000.0000,-1000.0000,90.0000,18.5445,1,2.0,100.00
1704,14.793355,9.731698,3.191000,4,0,6000.0000,-1000.0000,90.0000,18.6661,1,2.0,100.00
1705,11.265160,14.838316,3.145000,4,0,6000.0000,-1000.0000,90.0000,18.8516,1,2.0,100.00
1706,11.151847,11.260000,3.129000,4,0,6000.0000,-1000.0000,90.0000,18.9924,1,2.0,100.00
1707,11.911434,11.129566,3.124000,4,0,6000.0000,-1000.0000,90.0000,19.1315,1,2.0,100.00
1708,11.010324,11.943065,3.084000,4,0,6000.0000,-1000.0000,90.0000,19.2808,1,2.0,100.00
1709,11.442993,10.997604,3.168000,4,0,6000.0000,-1000.0000,90.0000,19.4182,1,2.0,100.00
1710,11.283701,11.542226,3.102000,4,0,6000.0000,-1000.0000,90.0000,19.5625,1,2.0,100.00
1711,11.362092,11.225129,3.159000,4,0,6000.0000,-1000.0000,90.0000,19.7028,1,2.0,100.00
1712,11.250149,11.332061,3.144000,4,0,6000.0000,-1000.0000,90.0000,19.8445,1,2.0,100.00
1713,11.470605,11.271991,3.088000,4,0,6000.0000,-1000.0000,90.0000,19.9854,1,2.0,100.00
1714,11.194618,11.461673,3.112000,4,0,6000.0000,-1000.0000,90.0000,20.1286,1,2.0,100.00
1715,11.906384,11.173238,3.165000,4,0,6000.0000,-1000.0000,90.0000,20.2683,1,2.0,100.00
1716,11.900563,11.897494,3.133000,4,0,6000.0000,-1000.0000,90.0000,20.4170,1,2.0,100.00
1717,12.735971,11.890883,3.208000,4,0,6000.0000,-1000.0000,90.0000,20.5657,1,2.0,100.00
1718,12.101468,12.754912,3.188000,4,0,6000.0000,-1000.0000,90.0000,20.7251,1,2.0,100.00
1719,11.198529,12.102167,3.191000,4,0,6000.0000,-1000.0000,90.0000,20.8764,1,2.0,100.00
1720,9.728306,11.150228,3.059000,4,0,6000.0000,-1000.0000,90.0000,21.0158,1,2.0,100.00
1721,9.730618,9.765808,3.135000,4,0,6000.0000,-1000.0000,90.0000,21.1378,1,2.0,100.00
1722,9.431791,9.687675,3.194000,4,0,6000.0000,-1000.0000,90.0000,21.2589,1,2.0,100.00
1723,9.359509,9.449732,3.066000,4,0,6000.0000,-1000.0000,90.0000,21.3770,1,2.0,100.00
1724,9.648066,9.372079,3.134000,4,0,6000.0000,-1000.0000,90.0000,21.4942,1,2.0,100.00
1725,9.167735,9.627886,3.158000,4,0,6000.0000,-1000.0000,90.0000,21.6145,1,2.0,100.00
1726,13.826884,9.189395,3.093000,4,0,6000.0000,-1000.0000,90.0000,21.7294,1,2.0,100.00
1727,11.264460,13.864956,3.238000,4,0,6000.0000,-1000.0000,90.0000,21.9027,1,2.0,100.00
1728,12.313032,11.241239,3.176000,4,0,6000.0000,-1000.0000,90.0000,22.0432,1,2.0,100.00
1729,12.331512,12.321102,3.200000,4,0,6000.0000,-1000.0000,90.0000,22.1973,1,2.0,100.00
1730,11.070727,12.333503,3.098000,4,0,6000.0000,-1000.0000,90.0000,22.3514,1,2.0,100.00
1731,11.740249,11.079656,3.151000,4,0,6000.0000,-1000.0000,90.0000,22.4899,1,2.0,100.00
1732,11.748140,11.800541,3.139000,4,0,6000.0000,-1000.0000,90.0000,22.6374,1,2.0,100.00
1733,12.049837,11.763610,3.179000,4,0,6000.0000,-1000.0000,90.0000,22.7845,1,2.0,100.00
1734,11.124757,11.981455,3.127000,4,0,6000.0000,-1000.0000,90.0000,22.9342,1,2.0,100.00
1735,11.815032,11.118797,3.154000,4,0,6000.0000,-1000.0000,90.0000,23.0732,1,2.0,100.00
1736,12.068587,11.815602,3.136000,4,0,6000.0000,-1000.0000,90.0000,23.2209,1,2.0,100.00
1737,11.437573,12.077727,3.127000,4,0,6000.0000,-1000.0000,90.0000,23.3719,1,2.0,100.00
1738,10.652527,11.418844,3.072000,4,0,6000.0000,-1000.0000,90.0000,23.5146,1,2.0,100.00
1739,11.829192,10.675946,3.164000,4,0,6000.0000,-1000.0000,90.0000,23.6481,1,2.0,100.00
1740,10.981384,11.825602,3.129000,4,0,6000.0000,-1000.0000,90.0000,23.7959,1,2.0,100.00
1741,12.036316,10.984814,3.136000,4,0,6000.0000,-1000.0000,90.0000,23.9332,1,2.0,100.00
1742,12.006246,12.060277,3.091000,4,0,6000.0000,-1000.0000,90.0000,24.0840,1,2.0,100.00
1743,12.660970,12.014836,3.134000,4,0,6000.0000,-1000.0000,90.0000,24.2341,1,2.0,100.00
1744,12.622308,12.577388,3.107000,4,0,6000.0000,-1000.0000,90.0000,24.3914,1,2.0,100.00
1745,12.278352,12.658770,3.170000,4,0,6000.0000,-1000.0000,90.0000,24.5496,1,2.0,100.00
1746,11.870962,12.239750,3.170000,4,0,6000.0000,-1000.0000,90.0000,24.7026,1,2.0,100.00
1747,12.303463,11.901104,3.187000,4,0,6000.0000,-1000.0000,90.0000,24.8514,1,2.0,100.00
1748,13.219831,12.317692,3.126000,5,0,6000.0000,-1000.0000,90.0000,-25.0000,1,2.0,100.00
1749,12.162039,13.212201,3.178000,5,0,6000.0000,-1000.0000,90.0000,-25.0000,1,2.0,100.00
1750,12.089837,12.184099,3.161000,5,0,6000.0000,-1000.0000,90.0000,-25.0000,1,2.0,100.00
1751,11.828942,12.114258,3.177000,5,0,6000.0000,-1000.0000,90.0000,-25.0000,1,2.0,100.00
1752,12.910645,11.809112,3.153000,5,0,6000.0000,-1000.0000,90.0000,-25.0000,1,2.0,100.00
1753,10.673878,12.925795,3.153000,5,0,6000.0000,-1000.0000,90.0000,-25.0000,1,2.0,100.00
1754,11.307620,10.642127,2.872000,5,0,6000.0000,-1000.0000,90.0000,-25.0000,1,2.0,100.00
1755,14.608851,11.263670,3.093000,5,0,6000.0000,-1000.0000,90.0000,-25.0000,1,2.0,100.00
1756,11.861953,14.604401,2.903000,5,0,6000.0000,-1000.0000,90.0000,-25.0000,1,2.0,100.00
1757,12.330993,11.895374,2.895000,5,0,6000.0000,-1000.0000,90.0000,-25.0000,1,2.0,100.00
1758,11.896393,12.321212,2.913000,5,0,6000.0000,-1000.0000,90.0000,-25.0000,1,2.0,100.00
1759,11.940014,11.883143,2.877000,5,0,6000.0000,-1000.0000,90.0000,-25.0000,1,2.0,100.00
1760,11.861483,11.943264,2.910000,5,0,6000.0000,-1000.0000,90.0000,-25.0000,1,2.0,100.00
1761,11.549766,11.882534,2.840000,5,0,6000.0000,-1000.0000,90.0000,-25.0000,1,2.0,100.00
1762,11.790701,11.678118,2.830000,5,0,6000.0000,-1000.0000,90.0000,-25.0000,1,2.0,100.00
1763,12.614598,11.711599,2.748000,5,0,6000.0000,-1000.0000,90.0000,-25.0000,1,2.0,100.00
1764,12.541088,12.680291,2.806000,5,0,6000.0000,-1000.0000,90.0000,-25.0000,1,2.0,100.00
1765,11.739360,12.482975,2.792000,5,0,6000.0000,-1000.0000,90.0000,-25.0000,1,2.0,100.00
1766,11.383132,11.664689,2.741000,5,0,6000.0000,-1000.0000,90.0000,-25.0000,1,2.0,100.00
1767,11.104176,11.394772,2.803000,5,0,6000.0000,-1000.0000,90.0000,-25.0000,1,2.0,100.00
1768,11.027435,11.085126,2.834000,5,0,6000.0000,-1000.0000,90.0000,-25.0000,1,2.0,100.00
1769,10.672528,11.021275,2.701000,5,0,6000.0000,-1000.0000,90.0000,-25.0000,1,2.0,100.00
1770,10.424401,10.675217,2.819000,5,0,6000.0000,-1000.0000,90.0000,-25.0000,1,2.0,100.00
1771,11.295911,10.453893,2.837000,5,0,6000.0000,-1000.0000,90.0000,-25.0000,1,2.0,100.00
1772,11.321111,11.276260,2.755000,5,0,6000.0000,-1000.0000,90.0000,-25.0000,1,2.0,100.00
1773,11.761700,11.321641,2.753000,5,0,6000.0000,-1000.0000,90.0000,-25.0000,1,2.0,100.00
1774,11.340172,11.673129,2.784000,5,0,6000.0000,-1000.0000,90.0000,-25.0000,1,2.0,100.00
1775,11.663568,11.350141,2.754000,5,0,6000.0000,-1000.0000,90.0000,-25.0000,1,2.0,100.00
1776,11.245970,11.696810,2.845000,5,0,6000.0000,-1000.0000,90.0000,-25.0000,1,2.0,100.00
1777,12.120418,11.191258,2.864000,5,0,6000.0000,-1000.0000,90.0000,-25.0000,1,2.0,100.00
1778,12.722792,12.140368,2.765000,5,0,6000.0000,-1000.0000,90.0000,-25.0000,1,2.0,100.00
1779,12.357762,12.714672,2.797000,5,0,6000.0000,-1000.0000,90.0000,-25.0000,1,2.0,100.00
1780,11.714280,12.374683,2.842000,5,0,6000.0000,-1000.0000,90.0000,-25.0000,1,2.0,100.00
1781,11.560766,11.716009,2.826000,5,0,6000.0000,-1000.0000,90.0000,-25.0000,1,2.0,100.00
1782,12.140208,11.559456,2.758000,5,0,6000.0000,-1000.0000,90.0000,-25.0000,1,2.0,100.00
1783,11.859143,12.128558,2.852000,5,0,6000.0000,-1000.0000,90.0000,-25.0000,1,2.0,100.00
1784,12.417095,11.862803,2.748000,5,0,6000.0000,-1000.0000,90.0000,-25.0000,1,2.0,100.00
1785,11.498824,12.417485,2.795000,5,0,6000.0000,-1000.0000,90.0000,-25.0000,1,2.0,100.00
1786,12.122218,11.489214,2.928000,5,0,6000.0000,-1000.0000,90.0000,-25.0000,1,2.0,100.00
1787,11.467365,12.116258,2.870000,5,0,6000.0000,-1000.0000,90.0000,-25.0000,1,2.0,100.00
1788,10.764368,11.605558,2.859000,5,0,6000.0000,-1000.0000,90.0000,-25.0000,1,2.0,100.00
1789,10.950644,10.707158,2.712000,5,0,6000.0000,-1000.0000,90.0000,-25.0000,1,2.0,100.00
1790,11.224760,10.957003,2.872000,5,0,6000.0000,-1000.0000,90.0000,-25.0000,1,2.0,100.00
1791,10.112485,11.212709,2.830000,5,0,6000.0000,-1000.0000,90.0000,-25.0000,1,2.0,100.00
1792,10.647536,10.214897,2.869000,5,0,6000.0000,-1000.0000,90.0000,-25.0000,1,2.0,100.00
1793,10.379592,10.537395,2.819000,5,0,6000.0000,-1000.0000,90.0000,-25.0000,1,2.0,100.00
1794,11.143927,10.391841,2.793000,5,0,6000.0000,-1000.0000,90.0000,-25.0000,1,2.0,100.00
1795,11.769381,11.157257,2.826000,5,0,6000.0000,-1000.0000,90.0000,-25.0000,1,2.0,100.00
1796,11.180838,11.737261,2.771000,5,0,6000.0000,-1000.0000,90.0000,-25.0000,1,2.0,100.00
1797,10.681186,11.216458,2.877000,5,0,6000.0000,-1000.0000,90.0000,-25.0000,1,2.0,100.00
1798,11.285091,10.691808,2.764000,5,0,6000.0000,-1000.0000,90.0000,-25.0000,1,2.0,100.00
1799,10.205528,11.240730,2.767000,5,0,6000.0000,-1000.0000,90.0000,-25.0000,1,2.0,100.00
1800,10.516383,10.221717,2.820000,5,0,6000.0000,-1000.0000,90.0000,-25.0000,1,2.0,100.00
1801,10.664277,10.545435,2.830000,5,0,6000.0000,-1000.0000,90.0000,-25.0000,1,2.0,100.00
1802,10.751310,10.688387,2.762000,5,0,6000.0000,-1000.0000,90.0000,-25.0000,1,2.0,100.00
1803,11.540055,10.735989,2.828000,5,0,6000.0000,-1000.0000,90.0000,-25.0000,1,2.0,100.00
1804,10.478874,11.524856,2.888000,5,0,6000.0000,-1000.0000,90.0000,-25.0000,1,2.0,100.00
1805,11.800641,10.511883,2.813000,5,0,6000.0000,-1000.0000,90.0000,-25.0000,1,2.0,100.00
1806,11.932544,11.778181,2.843000,5,0,6000.0000,-1000.0000,90.0000,-25.0000,1,2.0,100.00
1807,10.871871,11.944024,2.752000,5,0,6000.0000,-1000.0000,90.0000,-25.0000,1,2.0,100.00
1808,11.793621,10.859112,2.736000,5,0,6000.0000,-1000.0000,90.0000,-25.0000,1,2.0,100.00
1809,11.772961,11.782481,2.787000,5,0,6000.0000,-1000.0000,90.0000,-25.0000,1,2.0,100.00
1810,11.679049,11.813861,2.813000,5,0,6000.0000,-1000.0000,90.0000,-25.0000,1,2.0,100.00
1811,11.945935,11.627518,2.843000,5,0,6000.0000,-1000.0000,90.0000,-25.0000,1,2.0,100.00
1812,10.724007,11.959805,2.834000,5,0,6000.0000,-1000.0000,90.0000,-25.0000,1,2.0,100.00
1813,10.830021,10.705638,2.794000,5,0,6000.0000,-1000.0000,90.0000,-25.0000,1,2.0,100.00
1814,11.496695,10.841420,2.698000,5,0,6000.0000,-1000.0000,90.0000,-25.0000,1,2.0,100.00
1815,11.511725,11.513796,2.912000,5,0,6000.0000,-1000.0000,90.0000,-25.0000,1,2.0,100.00
1816,11.139417,11.475203,2.945000,5,0,6000.0000,-1000.0000,90.0000,-25.0000,1,2.0,100.00
1817,11.908094,11.175319,2.853000,5,0,6000.0000,-1000.0000,90.0000,-25.0000,1,2.0,100.00
1818,11.431524,11.922774,2.863000,5,0,6000.0000,-1000.0000,90.0000,-25.0000,1,2.0,100.00
1819,11.119087,11.411673,2.918000,5,0,6000.0000,-1000.0000,90.0000,-25.0000,1,2.0,100.00
1820,11.423232,11.122987,2.817000,5,0,6000.0000,-1000.0000,90.0000,-25.0000,1,2.0,100.00
1821,11.319242,11.465334,2.841000,5,0,6000.0000,-1000.0000,90.0000,-25.0000,1,2.0,100.00
1822,11.809811,11.377182,2.834000,5,0,6000.0000,-1000.0000,90.0000,-25.0000,1,2.0,100.00
1823,12.819493,11.753021,2.783000,5,0,6000.0000,-1000.0000,90.0000,-25.0000,1,2.0,100.00
1824,11.931864,12.810062,2.784000,5,0,6000.0000,-1000.0000,90.0000,-25.0000,1,2.0,100.00
1825,12.356063,11.968325,2.716000,5,0,6000.0000,-1000.0000,90.0000,-25.0000,1,2.0,100.00
1826,11.549046,12.287282,2.844000,5,0,6000.0000,-1000.0000,90.0000,-25.0000,1,2.0,100.00
1827,10.756550,11.519825,2.801000,5,0,6000.0000,-1000.0000,90.0000,-25.0000,1,2.0,100.00
1828,11.912993,10.706538,2.746000,5,0,6000.0000,-1000.0000,90.0000,-25.0000,1,2.0,100.00
1829,10.999295,11.905814,2.861000,5,0,6000.0000,-1000.0000,90.0000,-25.0000,1,2.0,100.00
1830,12.705330,11.052875,2.770000,5,0,6000.0000,-1000.0000,90.0000,-25.0000,1,2.0,100.00
1831,11.424143,12.718371,2.745000,5,0,6000.0000,-1000.0000,90.0000,-25.0000,1,2.0,100.00
1832,11.881774,11.482014,2.804000,5,0,6000.0000,-1000.0000,90.0000,-25.0000,1,2.0,100.00
1833,11.828421,11.816912,2.850000,5,0,6000.0000,-1000.0000,90.0000,-25.0000,1,2.0,100.00
1834,12.362534,11.821472,2.846000,5,0,6000.0000,-1000.0000,90.0000,-25.0000,1,2.0,100.00
1835,12.136018,12.356843,2.863000,5,0,6000.0000,-1000.0000,90.0000,-25.0000,1,2.0,100.00
1836,13.484527,12.153649,2.800000,5,0,6000.0000,-1000.0000,90.0000,-25.0000,1,2.0,100.00
1837,12.306883,13.478047,2.767000,5,0,6000.0000,-1000.0000,90.0000,-25.0000,1,2.0,100.00
1838,11.781430,12.333293,2.822000,5,0,6000.0000,-1000.0000,90.0000,-25.0000,1,2.0,100.00
1839,11.717069,11.785001,2.755000,5,0,6000.0000,-1000.0000,90.0000,-25.0000,1,2.0,100.00
1840,14.433028,11.697868,2.841000,5,0,6000.0000,-1000.0000,90.0000,-25.0000,1,2.0,100.00
1841,12.747011,14.414528,2.890000,5,0,6000.0000,-1000.0000,90.0000,-25.0000,1,2.0,100.00
1842,12.703571,12.769552,2.830000,5,0,6000.0000,-1000.0000,90.0000,-25.0000,1,2.0,100.00
1843,12.717431,12.662329,2.761000,5,0,6000.0000,-1000.0000,90.0000,-25.0000,1,2.0,100.00
1844,12.499766,12.714091,2.890000,5,0,6000.0000,-1000.0000,90.0000,-25.0000,1,2.0,100.00
1845,12.148338,12.488816,2.839000,5,0,6000.0000,-1000.0000,90.0000,-25.0000,1,2.0,100.00
1846,12.105469,12.149559,2.843000,5,0,6000.0000,-1000.0000,90.0000,-25.0000,1,2.0,100.00
1847,12.243121,12.095678,2.765000,5,0,6000.0000,-1000.0000,90.0000,-25.0000,1,2.0,100.00
1848,12.806053,12.282351,2.776000,5,0,6000.0000,-1000.0000,90.0000,-25.0000,1,2.0,100.00
1849,12.351092,12.962366,2.816000,5,0,6000.0000,-1000.0000,90.0000,-25.0000,1,2.0,100.00
1850,11.440324,12.264771,2.816000,5,0,6000.0000,-1000.0000,90.0000,-25.0000,1,2.0,100.00
1851,13.585099,11.387013,2.774000,5,0,6000.0000,-1000.0000,90.0000,-25.0000,1,2.0,100.00
1852,12.653660,13.658970,2.817000,5,0,6000.0000,-1000.0000,90.0000,-25.0000,1,2.0,100.00
1853,12.969996,12.630770,2.816000,5,0,6000.0000,-1000.0000,90.0000,-25.0000,1,2.0,100.00
1854,12.325663,12.960976,2.676000,5,0,6000.0000,-1000.0000,90.0000,-25.0000,1,2.0,100.00
1855,12.382723,12.389223,2.827000,5,0,6000.0000,-1000.0000,90.0000,-25.0000,1,2.0,100.00
1856,14.487149,12.253391,2.799000,5,0,6000.0000,-1000.0000,90.0000,-25.0000,1,2.0,100.00
1857,13.751962,14.488779,2.886000,5,0,6000.0000,-1000.0000,90.0000,-25.0000,1,2.0,100.00
1858,13.449317,13.751563,2.849000,5,0,6000.0000,-1000.0000,90.0000,-25.0000,1,2.0,100.00
1859,13.494437,13.574739,2.765000,5,0,6000.0000,-1000.0000,90.0000,-25.0000,1,2.0,100.00
1860,14.322306,13.365765,2.765000,5,0,6000.0000,-1000.0000,90.0000,-25.0000,1,2.0,100.00
1861,13.255192,14.468888,2.836000,5,0,6000.0000,-1000.0000,90.0000,-25.0000,1,2.0,100.00
1862,13.855885,13.218031,2.746000,5,0,6000.0000,-1000.0000,90.0000,-25.0000,1,2.0,100.00
1863,13.289083,13.829865,2.843000,5,0,6000.0000,-1000.0000,90.0000,-25.0000,1,2.0,100.00
1864,13.509368,13.254862,2.926000,5,0,6000.0000,-1000.0000,90.0000,-25.0000,1,2.0,100.00
1865,14.050289,13.539629,2.850000,5,0,6000.0000,-1000.0000,90.0000,-25.0000,1,2.0,100.00
1866,13.028178,14.072579,2.746000,5,0,6000.0000,-1000.0000,90.0000,-25.0000,1,2.0,100.00
1867,13.784352,13.000317,2.830000,5,0,6000.0000,-1000.0000,90.0000,-25.0000,1,2.0,100.00
1868,13.263953,13.751573,2.843000,5,0,6000.0000,-1000.0000,90.0000,-25.0000,1,2.0,100.00
1869,14.007229,13.298393,2.863000,5,0,6000.0000,-1000.0000,90.0000,-25.0000,1,2.0,100.00
1870,12.659319,14.084250,2.773000,5,0,6000.0000,-1000.0000,90.0000,-25.0000,1,2.0,100.00
1871,13.640561,12.592709,2.822000,5,0,6000.0000,-1000.0000,90.0000,-25.0000,1,2.0,100.00
1872,13.215161,13.618659,2.734000,5,0,6000.0000,-1000.0000,90.0000,-25.0000,1,2.0,100.00
1873,13.578790,13.235373,2.799000,5,0,6000.0000,-1000.0000,90.0000,-25.0000,1,2.0,100.00
1874,13.910126,13.648150,2.764000,5,0,6000.0000,-1000.0000,90.0000,-25.0000,1,2.0,100.00
1875,13.710621,13.863925,2.926000,5,0,6000.0000,-1000.0000,90.0000,-25.0000,1,2.0,100.00
1876,12.372274,13.644081,2.796000,5,0,6000.0000,-1000.0000,90.0000,-25.0000,1,2.0,100.00
1877,12.520446,12.419894,2.976000,5,0,6000.0000,-1000.0000,90.0000,-25.0000,1,2.0,100.00
1878,12.295613,12.545708,2.863000,5,0,6000.0000,-1000.0000,90.0000,-25.0000,1,2.0,100.00
1879,12.844913,12.361063,2.846000,5,0,6000.0000,-1000.0000,90.0000,-25.0000,1,2.0,100.00
1880,12.260982,12.752442,2.863000,5,0,6000.0000,-1000.0000,90.0000,-25.0000,1,2.0,100.00
1881,13.116439,12.333762,2.910000,5,0,6000.0000,-1000.0000,90.0000,-25.0000,1,2.0,100.00
1882,11.954054,13.046408,2.811000,5,0,6000.0000,-1000.0000,90.0000,-25.0000,1,2.0,100.00
1883,11.463214,11.980575,2.834000,5,0,6000.0000,-1000.0000,90.0000,-25.0000,1,2.0,100.00
1884,11.970885,11.361032,2.784000,5,0,6000.0000,-1000.0000,90.0000,-25.0000,1,2.0,100.00
1885,11.935474,11.954384,2.809000,5,0,6000.0000,-1000.0000,90.0000,-25.0000,1,2.0,100.00
1886,12.607459,11.932694,2.810000,5,0,6000.0000,-1000.0000,90.0000,-25.0000,1,2.0,100.00
1887,12.188100,12.630940,2.756000,5,0,6000.0000,-1000.0000,90.0000,-25.0000,1,2.0,100.00
1888,12.355742,12.161139,2.781000,5,0,6000.0000,-1000.0000,90.0000,-25.0000,1,2.0,100.00
1889,12.319523,12.468956,2.841000,5,0,6000.0000,-1000.0000,90.0000,-25.0000,1,2.0,100.00
1890,12.600258,12.318342,2.772000,5,0,6000.0000,-1000.0000,90.0000,-25.0000,1,2.0,100.00
1891,12.771272,12.603418,2.747000,5,0,6000.0000,-1000.0000,90.0000,-25.0000,1,2.0,100.00
1892,13.089389,12.758462,2.797000,5,0,6000.0000,-1000.0000,90.0000,-25.0000,1,2.0,100.00
1893,12.726471,13.090168,2.802000,5,0,6000.0000,-1000.0000,90.0000,-25.0000,1,2.0,100.00
1894,12.480076,12.745922,2.761000,5,0,6000.0000,-1000.0000,90.0000,-25.0000,1,2.0,100.00
1895,11.883173,12.497347,2.828000,5,0,6000.0000,-1000.0000,90.0000,-25.0000,1,2.0,100.00
1896,12.098018,11.881072,2.741000,5,0,6000.0000,-1000.0000,90.0000,-25.0000,1,2.0,100.00
1897,12.412464,12.097828,2.780000,5,0,6000.0000,-1000.0000,90.0000,-25.0000,1,2.0,100.00
1898,12.452185,12.307962,2.833000,5,0,6000.0000,-1000.0000,90.0000,-25.0000,1,2.0,100.00
1899,11.747491,12.522276,2.785000,5,0,6000.0000,-1000.0000,90.0000,-25.0000,1,2.0,100.00
1900,11.847772,11.697170,2.774000,5,0,6000.0000,-1000.0000,90.0000,-25.0000,1,2.0,100.00
1901,12.521836,11.876283,2.828000,5,0,6000.0000,-1000.0000,90.0000,-25.0000,1,2.0,100.00
1902,12.217030,12.527356,2.790000,5,0,6000.0000,-1000.0000,90.0000,-25.0000,1,2.0,100.00
1903,13.737823,12.224981,2.798000,5,0,6000.0000,-1000.0000,90.0000,-25.0000,1,2.0,100.00
1904,13.113399,13.717432,2.932000,5,0,6000.0000,-1000.0000,90.0000,-25.0000,1,2.0,100.00
1905,13.692952,13.098198,2.818000,5,0,6000.0000,-1000.0000,90.0000,-25.0000,1,2.0,100.00
1906,11.121427,13.686812,2.782000,5,0,6000.0000,-1000.0000,90.0000,-25.0000,1,2.0,100.00
1907,13.175290,11.132127,2.852000,5,0,6000.0000,-1000.0000,90.0000,-25.0000,1,2.0,100.00
1908,11.138088,13.206801,2.818000,5,0,6000.0000,-1000.0000,90.0000,-25.0000,1,2.0,100.00
1909,11.579417,11.087147,2.862000,5,0,6000.0000,-1000.0000,90.0000,-25.0000,1,2.0,100.00
1910,13.594609,11.584347,2.731000,5,0,6000.0000,-1000.0000,90.0000,-25.0000,1,2.0,100.00
1911,10.913722,13.619960,2.753000,5,0,6000.0000,-1000.0000,90.0000,-25.0000,1,2.0,100.00
1912,10.091305,10.929503,2.753000,5,0,6000.0000,-1000.0000,90.0000,-25.0000,1,2.0,100.00
1913,11.574817,10.092235,2.787000,5,0,6000.0000,-1000.0000,90.0000,-25.0000,1,2.0,100.00
1914,9.385959,11.500914,2.786000,6,0,6000.0000,-1000.0000,90.0000,-25.0000,1,2.0,100.00
1915,9.632906,9.373980,2.786000,6,1,6000.0000,-1000.0000,90.0000,-24.8828,1,2.0,100.00
1916,170.552253,9.648165,2.913000,6,0,6000.0000,-1000.0000,90.0000,-24.7622,1,2.0,100.00
1917,2.358670,170.542243,2.913000,6,1,6000.0000,-1000.0000,90.0000,-22.6304,1,2.0,100.00
1918,181.881574,2.233258,3.231000,6,0,6000.0000,-1000.0000,90.0000,-22.6025,1,2.0,100.00
1919,2.414641,181.959125,3.231000,6,1,6000.0000,-1000.0000,90.0000,-20.3280,1,2.0,100.00
1920,175.528269,2.341470,3.295000,6,0,6000.0000,-1000.0000,90.0000,-20.2988,1,2.0,100.00
1921,7.633212,175.626061,3.295000,6,1,6000.0000,-1000.0000,90.0000,-18.1034,1,2.0,100.00
1922,143.413335,7.551210,3.221000,6,0,6000.0000,-1000.0000,90.0000,-18.0091,1,2.0,100.00
1923,7.366037,143.467216,3.221000,6,1,6000.0000,-1000.0000,90.0000,-16.2157,1,2.0,100.00
1924,144.264912,7.316696,3.225000,6,0,6000.0000,-1000.0000,90.0000,-16.1243,1,2.0,100.00
1925,7.389208,144.319853,3.225000,6,1,6000.0000,-1000.0000,90.0000,-14.3203,1,2.0,100.00
1926,141.557895,7.343957,3.254000,6,0,6000.0000,-1000.0000,90.0000,-14.2285,1,2.0,100.00
1927,7.226073,141.597996,3.254000,6,1,6000.0000,-1000.0000,90.0000,-12.4585,1,2.0,100.00
1928,139.416571,7.184603,3.286000,6,0,6000.0000,-1000.0000,90.0000,-12.3687,1,2.0,100.00
1929,6.899077,139.485921,3.286000,6,1,6000.0000,-1000.0000,90.0000,-10.6251,1,2.0,100.00
1930,144.011716,6.808656,3.255000,6,0,6000.0000,-1000.0000,90.0000,-10.5400,1,2.0,100.00
1931,2.271169,144.073368,3.255000,6,1,6000.0000,-1000.0000,90.0000,-8.7391,1,2.0,100.00
1932,146.600453,2.201757,3.380000,6,0,6000.0000,-1000.0000,90.0000,-8.7116,1,2.0,100.00
1933,6.969658,146.698204,3.380000,6,1,6000.0000,-1000.0000,90.0000,-6.8778,1,2.0,100.00
1934,144.152830,6.874047,3.326000,6,0,6000.0000,-1000.0000,90.0000,-6.7919,1,2.0,100.00
1935,7.748836,144.220733,3.326000,6,1,6000.0000,-1000.0000,90.0000,-4.9891,1,2.0,100.00
1936,142.604278,7.686073,3.321000,6,0,6000.0000,-1000.0000,90.0000,-4.8931,1,2.0,100.00
1937,6.682951,142.697740,3.321000,6,1,6000.0000,-1000.0000,90.0000,-3.1093,1,2.0,100.00
1938,143.158850,6.586739,3.341000,6,0,6000.0000,-1000.0000,90.0000,-3.0270,1,2.0,100.00
1939,2.368161,143.224492,3.341000,6,1,6000.0000,-1000.0000,90.0000,-1.2367,1,2.0,100.00
1940,152.428626,2.300398,3.241000,6,0,6000.0000,-1000.0000,90.0000,-1.2080,1,2.0,100.00
1941,7.135972,152.526269,3.241000,6,1,6000.0000,-1000.0000,90.0000,0.6986,1,2.0,100.00
1942,143.734542,7.068580,3.213000,6,0,6000.0000,-1000.0000,90.0000,0.7870,1,2.0,100.00
1943,6.629802,143.767543,3.213000,6,1,6000.0000,-1000.0000,90.0000,2.5841,1,2.0,100.00
1944,142.222289,6.575451,3.283000,6,0,6000.0000,-1000.0000,90.0000,2.6663,1,2.0,100.00
1945,2.392281,142.323011,3.283000,6,1,6000.0000,-1000.0000,90.0000,4.4453,1,2.0,100.00
1946,150.340682,2.278369,3.235000,6,0,6000.0000,-1000.0000,90.0000,4.4738,1,2.0,100.00
1947,6.757294,150.419264,3.235000,6,1,6000.0000,-1000.0000,90.0000,6.3540,1,2.0,100.00
1948,144.044749,6.691612,3.247000,6,0,6000.0000,-1000.0000,90.0000,6.4377,1,2.0,100.00
1949,6.753184,144.133391,3.247000,6,1,6000.0000,-1000.0000,90.0000,8.2393,1,2.0,100.00
1950,144.971078,6.662062,3.327000,6,0,6000.0000,-1000.0000,90.0000,8.3226,1,2.0,100.00
1951,2.238998,145.032849,3.327000,6,1,6000.0000,-1000.0000,90.0000,10.1355,1,2.0,100.00
1952,150.664049,2.169706,3.387000,6,0,6000.0000,-1000.0000,90.0000,10.1627,1,2.0,100.00
1953,2.189337,150.762802,3.387000,6,1,6000.0000,-1000.0000,90.0000,12.0472,1,2.0,100.00
1954,148.761639,2.085785,3.196000,6,0,6000.0000,-1000.0000,90.0000,12.0733,1,2.0,100.00
1955,7.516100,148.837121,3.196000,6,1,6000.0000,-1000.0000,90.0000,13.9337,1,2.0,100.00
1956,176.798327,7.449668,3.248000,6,0,6000.0000,-1000.0000,90.0000,14.0268,1,2.0,100.00
1957,6.919777,176.882658,3.248000,6,1,6000.0000,-1000.0000,90.0000,16.2379,1,2.0,100.00
1958,147.743318,6.857996,3.220000,6,0,6000.0000,-1000.0000,90.0000,16.3236,1,2.0,100.00
1959,9.292798,147.781969,3.483000,6,1,6000.0000,-1000.0000,90.0000,18.1709,1,2.0,100.00
1960,164.882732,9.271327,3.463000,6,0,6000.0000,-1000.0000,90.0000,18.2868,1,2.0,100.00
1961,5.237902,164.940084,3.463000,6,1,6000.0000,-1000.0000,90.0000,20.3485,1,2.0,100.00
1962,142.492385,5.136059,3.350000,6,0,6000.0000,-1000.0000,90.0000,20.4127,1,2.0,100.00
1963,6.977219,142.580437,3.350000,6,1,6000.0000,-1000.0000,90.0000,22.1950,1,2.0,100.00
1964,145.401218,6.942178,3.218000,6,0,6000.0000,-1000.0000,90.0000,22.2818,1,2.0,100.00
1965,2.331509,145.450370,3.218000,6,1,6000.0000,-1000.0000,90.0000,24.0999,1,2.0,100.00
1966,182.292264,2.224847,3.227000,6,0,6000.0000,-1000.0000,90.0000,24.1277,1,2.0,100.00
1967,7.343707,182.454326,3.227000,6,1,6000.0000,-1000.0000,90.0000,25.0000,1,2.0,100.00
1968,146.920329,7.218705,3.299000,6,0,6000.0000,-1000.0000,90.0000,25.0000,1,2.0,100.00
1969,7.547081,147.032273,3.299000,6,1,6000.0000,-1000.0000,90.0000,25.0000,1,2.0,100.00
1970,148.763940,7.431948,3.189000,6,0,6000.0000,-1000.0000,90.0000,25.0000,1,2.0,100.00
1971,7.624322,148.860611,3.189000,6,1,6000.0000,-1000.0000,90.0000,25.0000,1,2.0,100.00
1972,147.872740,7.527030,2.998000,6,0,6000.0000,-1000.0000,90.0000,25.0000,1,2.0,100.00
1973,7.837018,147.999273,2.998000,6,1,6000.0000,-1000.0000,90.0000,25.0000,1,2.0,100.00
1974,148.244958,7.763716,3.015000,6,0,6000.0000,-1000.0000,90.0000,25.0000,1,2.0,100.00
1975,7.179853,148.289389,3.015000,6,1,6000.0000,-1000.0000,90.0000,25.0000,1,2.0,100.00
1976,146.251346,7.086731,2.953000,6,0,6000.0000,-1000.0000,90.0000,25.0000,1,2.0,100.00
1977,7.171793,146.393020,2.953000,6,1,6000.0000,-1000.0000,90.0000,25.0000,1,2.0,100.00
1978,146.814618,7.018309,2.966000,7,0,6000.0000,-1000.0000,90.0000,0.0000,1,2.0,100.00
1979,6.914357,146.933221,2.966000,7,0,6051.8145,-1000.0000,90.0000,0.0000,1,2.0,100.00
1980,5.304664,6.801374,3.009000,7,0,6054.3240,-1000.0000,90.0000,0.0000,1,2.0,100.00
1981,12.266351,5.327524,3.009000,7,0,6056.3577,-1000.0000,90.0000,0.0000,1,2.0,100.00
1982,13.201391,12.320793,3.343000,7,0,6061.4255,-1000.0000,90.0000,0.0000,1,2.0,100.00
1983,12.877734,13.187180,3.175000,7,0,6067.2670,-1000.0000,90.0000,0.0000,1,2.0,100.00
1984,12.024186,12.868215,3.124000,7,0,6073.3646,-1000.0000,90.0000,0.0000,1,2.0,100.00
1985,12.344003,12.012236,3.228000,7,0,6079.4030,-1000.0000,90.0000,0.0000,1,2.0,100.00
1986,11.928254,12.327482,3.158000,7,0,6085.8133,-1000.0000,90.0000,0.0000,1,2.0,100.00
1987,11.790882,11.925044,3.080000,7,0,6092.0143,-1000.0000,90.0000,0.0000,1,2.0,100.00
1988,10.865121,11.940775,3.149000,7,0,6098.2235,-1000.0000,90.0000,0.0000,1,2.0,100.00
1989,12.597948,10.771869,3.136000,7,0,6103.8249,-1000.0000,90.0000,0.0000,1,2.0,100.00
1990,11.421114,12.604539,3.215000,7,0,6110.3792,-1000.0000,90.0000,0.0000,1,2.0,100.00
1991,11.993796,11.391193,3.220000,7,0,6116.3026,-1000.0000,90.0000,0.0000,1,2.0,100.00
1992,12.098108,11.993745,3.336000,7,0,6122.5394,-1000.0000,90.0000,0.0000,1,2.0,100.00
1993,11.723470,12.094868,3.121000,7,0,6128.8287,-1000.0000,90.0000,0.0000,1,2.0,100.00
1994,11.585966,11.752121,3.226000,7,0,6134.9398,-1000.0000,90.0000,0.0000,1,2.0,100.00
1995,12.185890,11.562045,3.164000,7,0,6140.9521,-1000.0000,90.0000,0.0000,1,2.0,100.00
1996,12.855254,12.183731,3.082000,7,0,6147.2876,-1000.0000,90.0000,0.0000,1,2.0,100.00
1997,12.488946,12.832672,3.157000,7,0,6153.9606,-1000.0000,90.0000,0.0000,1,2.0,100.00
1998,11.512795,12.520068,3.231000,7,0,6160.4710,-1000.0000,90.0000,0.0000,1,2.0,100.00
1999,11.827942,11.495394,3.198000,7,0,6166.4486,-1000.0000,90.0000,0.0000,1,2.0,100.00
2000,12.839934,11.834872,3.196000,7,0,6172.6028,-1000.0000,90.0000,0.0000,1,2.0,100.00
2001,12.831073,12.886115,3.261000,7,0,6179.3036,-1000.0000,90.0000,0.0000,1,2.0,100.00
2002,12.193720,12.801003,3.183000,7,0,6185.9601,-1000.0000,90.0000,0.0000,1,2.0,100.00
2003,12.564798,12.188289,3.109000,7,0,6192.2980,-1000.0000,90.0000,0.0000,1,2.0,100.00
2004,11.749720,12.564729,3.279000,7,0,6198.8317,-1000.0000,90.0000,0.0000,1,2.0,100.00
2005,13.440227,11.743999,3.191000,7,0,6204.9385,-1000.0000,90.0000,0.0000,1,2.0,100.00
2006,11.615237,13.455237,3.099000,7,0,6211.9353,-1000.0000,90.0000,0.0000,1,2.0,100.00
2007,11.701439,11.593397,3.157000,7,0,6217.9638,-1000.0000,90.0000,0.0000,1,2.0,100.00
2008,12.038416,11.696109,3.074000,7,0,6224.0458,-1000.0000,90.0000,0.0000,1,2.0,100.00
2009,10.848362,12.060147,3.118000,7,0,6230.3171,-1000.0000,90.0000,0.0000,1,2.0,100.00
2010,10.875612,10.831641,3.151000,7,0,6235.9495,-1000.0000,90.0000,0.0000,1,2.0,100.00
2011,11.655337,10.875912,3.157000,7,0,6241.6050,-1000.0000,90.0000,0.0000,1,2.0,100.00
2012,12.625980,11.681389,3.217000,7,0,6247.6793,-1000.0000,90.0000,0.0000,1,2.0,100.00
2013,11.518966,12.622279,3.094000,7,0,6254.2429,-1000.0000,90.0000,0.0000,1,2.0,100.00
2014,12.469895,11.521646,3.159000,7,0,6260.2342,-1000.0000,90.0000,0.0000,1,2.0,100.00
2015,12.376483,12.445415,3.172000,7,0,6266.7058,-1000.0000,90.0000,0.0000,1,2.0,100.00
2016,12.714391,12.429345,3.096000,7,0,6273.1690,-1000.0000,90.0000,0.0000,1,2.0,100.00
2017,11.696320,12.713000,3.198000,7,0,6279.7798,-1000.0000,90.0000,0.0000,1,2.0,100.00
2018,11.959235,11.679419,3.124000,7,0,6285.8531,-1000.0000,90.0000,0.0000,1,2.0,100.00
2019,11.390682,11.959685,3.164000,7,0,6292.0721,-1000.0000,90.0000,0.0000,1,2.0,100.00
2020,11.769051,11.362701,3.121000,7,0,6297.9807,-1000.0000,90.0000,0.0000,1,2.0,100.00
2021,11.232049,11.829953,3.225000,7,0,6304.1323,-1000.0000,90.0000,0.0000,1,2.0,100.00
2022,10.388962,11.177198,3.112000,7,0,6309.9445,-1000.0000,90.0000,0.0000,1,2.0,100.00
2023,10.202677,10.424952,3.202000,7,0,6315.3654,-1000.0000,90.0000,0.0000,1,2.0,100.00
2024,10.047904,10.165677,3.111000,7,0,6320.6516,-1000.0000,90.0000,0.0000,1,2.0,100.00
2025,13.564489,10.046804,3.120000,7,0,6325.8759,-1000.0000,90.0000,0.0000,1,2.0,100.00
2026,11.374993,13.583310,3.128000,7,0,6332.9392,-1000.0000,90.0000,0.0000,1,2.0,100.00
2027,10.750248,11.340371,3.193000,7,0,6338.8362,-1000.0000,90.0000,0.0000,1,2.0,100.00
2028,10.812991,10.838061,3.107000,7,0,6344.4720,-1000.0000,90.0000,0.0000,1,2.0,100.00
2029,11.587697,10.776359,3.141000,7,0,6350.0757,-1000.0000,90.0000,0.0000,1,2.0,100.00
2030,12.226830,11.589857,3.132000,7,0,6356.1025,-1000.0000,90.0000,0.0000,1,2.0,100.00
2031,12.197570,12.294092,3.142000,7,0,6362.4954,-1000.0000,90.0000,0.0000,1,2.0,100.00
2032,10.957113,12.148159,3.106000,7,0,6368.8124,-1000.0000,90.0000,0.0000,1,2.0,100.00
2033,12.183200,10.995964,3.140000,7,0,6374.5303,-1000.0000,90.0000,0.0000,1,2.0,100.00
2034,12.106248,12.192791,3.116000,7,0,6380.8706,-1000.0000,90.0000,0.0000,1,2.0,100.00
2035,12.455436,12.076777,3.073000,7,0,6387.1505,-1000.0000,90.0000,0.0000,1,2.0,100.00
2036,11.668759,12.426444,3.029000,7,0,6393.6123,-1000.0000,90.0000,0.0000,1,2.0,100.00
2037,12.102287,11.685820,3.183000,7,0,6399.6889,-1000.0000,90.0000,0.0000,1,2.0,100.00
2038,12.521737,12.087097,3.056000,7,0,6405.9742,-1000.0000,90.0000,0.0000,1,2.0,100.00
2039,12.058577,12.524936,3.175000,7,0,6412.4871,-1000.0000,90.0000,0.0000,1,2.0,100.00
2040,11.404663,12.067438,3.182000,7,0,6418.7622,-1000.0000,90.0000,0.0000,1,2.0,100.00
2041,11.049996,11.385083,3.157000,7,0,6424.6825,-1000.0000,90.0000,0.0000,1,2.0,100.00
2042,11.096096,11.062505,3.145000,7,0,6430.4350,-1000.0000,90.0000,0.0000,1,2.0,100.00
2043,11.532135,11.081336,3.073000,7,0,6436.1973,-1000.0000,90.0000,0.0000,1,2.0,100.00
2044,11.489475,11.531066,3.120000,7,0,6442.1934,-1000.0000,90.0000,0.0000,1,2.0,100.00
2045,11.711210,11.493065,3.135000,7,0,6448.1698,-1000.0000,90.0000,0.0000,1,2.0,100.00
2046,11.341511,11.751170,3.112000,7,0,6454.2804,-1000.0000,90.0000,0.0000,1,2.0,100.00
2047,11.816642,11.325891,3.211000,7,0,6460.1699,-1000.0000,90.0000,0.0000,1,2.0,100.00
2048,12.037937,11.801982,3.071000,7,0,6466.3069,-1000.0000,90.0000,0.0000,1,2.0,100.00
2049,11.210248,12.033176,3.178000,7,0,6472.5642,-1000.0000,90.0000,0.0000,1,2.0,100.00
2050,12.210840,11.207959,3.223000,7,0,6478.3923,-1000.0000,90.0000,0.0000,1,2.0,100.00
2051,11.746511,12.266841,3.161000,7,0,6484.7711,-1000.0000,90.0000,0.0000,1,2.0,100.00
2052,11.911544,11.703820,3.218000,7,0,6490.8570,-1000.0000,90.0000,0.0000,1,2.0,100.00
2053,11.849482,11.943524,3.129000,7,0,6497.0677,-1000.0000,90.0000,0.0000,1,2.0,100.00
2054,12.391544,11.805252,3.079000,7,0,6503.2064,-1000.0000,90.0000,0.0000,1,2.0,100.00
2055,12.118748,12.404244,3.139000,7,0,6509.6566,-1000.0000,90.0000,0.0000,1,2.0,100.00
2056,12.507807,12.130118,3.131000,7,0,6515.9643,-1000.0000,90.0000,0.0000,1,2.0,100.00
2057,12.300562,12.488097,3.238000,7,0,6522.4581,-1000.0000,90.0000,0.0000,1,2.0,100.00
2058,12.297502,12.291581,3.260000,7,0,6528.8497,-1000.0000,90.0000,0.0000,1,2.0,100.00
2059,11.796621,12.300552,3.232000,7,0,6535.2460,-1000.0000,90.0000,0.0000,1,2.0,100.00
2060,12.439425,11.798362,3.161000,7,0,6541.3811,-1000.0000,90.0000,0.0000,1,2.0,100.00
2061,12.964406,12.474696,3.170000,7,0,6547.8680,-1000.0000,90.0000,0.0000,1,2.0,100.00
2062,12.549178,12.989287,3.186000,7,0,6554.6224,-1000.0000,90.0000,0.0000,1,2.0,100.00
2063,12.277121,12.486876,3.171000,7,0,6561.1156,-1000.0000,90.0000,0.0000,1,2.0,100.00
2064,12.645980,12.272921,3.205000,7,0,6567.4975,-1000.0000,90.0000,0.0000,1,2.0,100.00
2065,12.854844,12.642679,3.155000,7,0,6574.0717,-1000.0000,90.0000,0.0000,1,2.0,100.00
2066,13.302713,12.867955,3.192000,7,0,6580.7630,-1000.0000,90.0000,0.0000,1,2.0,100.00
2067,12.790123,13.360814,3.112000,7,0,6587.7107,-1000.0000,90.0000,0.0000,1,2.0,100.00
2068,12.868725,12.726432,3.121000,7,0,6594.3284,-1000.0000,90.0000,0.0000,1,2.0,100.00
2069,12.565167,12.875344,3.162000,7,0,6601.0236,-1000.0000,90.0000,0.0000,1,2.0,100.00
2070,13.105919,12.552567,3.148000,7,0,6607.5509,-1000.0000,90.0000,0.0000,1,2.0,100.00
2071,13.660141,13.132491,3.178000,7,0,6614.3798,-1000.0000,90.0000,0.0000,1,2.0,100.00
2072,12.624210,13.643890,3.148000,7,0,6621.4746,-1000.0000,90.0000,0.0000,1,2.0,100.00
2073,13.374264,12.705571,3.158000,7,0,6628.0815,-1000.0000,90.0000,0.0000,1,2.0,100.00
2074,13.579500,13.351164,3.206000,7,0,6635.0241,-1000.0000,90.0000,0.0000,1,2.0,100.00
2075,14.737983,13.565019,3.148000,7,0,6642.0779,-1000.0000,90.0000,0.0000,1,2.0,100.00
2076,13.265504,14.759135,3.169000,7,0,6649.7527,-1000.0000,90.0000,0.0000,1,2.0,100.00
2077,13.559048,13.229442,3.152000,7,0,6656.6320,-1000.0000,90.0000,0.0000,1,2.0,100.00
2078,13.574030,13.583149,3.083000,7,0,6663.6952,-1000.0000,90.0000,0.0000,1,2.0,100.00
2079,13.440186,13.561789,3.170000,7,0,6670.7474,-1000.0000,90.0000,0.0000,1,2.0,100.00
2080,14.677683,13.441406,3.138000,7,0,6677.7369,-1000.0000,90.0000,0.0000,1,2.0,100.00
2081,13.020027,14.749225,3.239000,7,0,6685.4065,-1000.0000,90.0000,0.0000,1,2.0,100.00
2082,12.758532,12.954446,3.133000,7,0,6692.1428,-1000.0000,90.0000,0.0000,1,2.0,100.00
2083,13.914586,12.687550,3.151000,7,0,6698.7403,-1000.0000,90.0000,0.0000,1,2.0,100.00
2084,12.771722,13.968258,3.150000,7,0,6706.0038,-1000.0000,90.0000,0.0000,1,2.0,100.00
2085,12.711991,12.783962,3.175000,7,0,6712.6515,-1000.0000,90.0000,0.0000,1,2.0,100.00
2086,12.690501,12.654200,3.131000,7,0,6719.2317,-1000.0000,90.0000,0.0000,1,2.0,100.00
2087,13.515908,12.686240,3.154000,7,0,6725.8285,-1000.0000,90.0000,0.0000,1,2.0,100.00
2088,12.089497,13.519498,3.131000,7,0,6732.8587,-1000.0000,90.0000,0.0000,1,2.0,100.00
2089,12.379854,12.114968,3.150000,7,0,6739.1584,-1000.0000,90.0000,0.0000,1,2.0,100.00
2090,10.041194,12.374744,3.150000,7,0,6745.5933,-1000.0000,90.0000,0.0000,1,2.0,100.00
2091,13.147870,9.991083,3.208000,7,0,6750.7887,-1000.0000,90.0000,0.0000,1,2.0,100.00
2092,11.850123,13.348784,3.164000,7,0,6757.7300,-1000.0000,90.0000,0.0000,1,2.0,100.00
2093,12.453595,11.769361,3.224000,7,0,6763.8501,-1000.0000,90.0000,0.0000,1,2.0,100.00
2094,11.637278,12.438555,3.161000,7,0,6770.3182,-1000.0000,90.0000,0.0000,1,2.0,100.00
2095,10.107955,11.635288,3.159000,7,0,6776.3685,-1000.0000,90.0000,0.0000,1,2.0,100.00
2096,11.737221,10.047954,3.148000,7,0,6781.5934,-1000.0000,90.0000,0.0000,1,2.0,100.00
2097,12.336942,11.737320,3.071000,7,0,6787.6968,-1000.0000,90.0000,0.0000,1,2.0,100.00
2098,13.045268,12.338543,3.161000,7,0,6794.1129,-1000.0000,90.0000,0.0000,1,2.0,100.00
2099,12.721882,13.080229,3.131000,7,0,6800.9146,-1000.0000,90.0000,0.0000,1,2.0,100.00
2100,12.370763,12.694730,3.122000,7,0,6807.5159,-1000.0000,90.0000,0.0000,1,2.0,100.00
2101,13.214091,12.376164,3.201000,7,0,6813.9515,-1000.0000,90.0000,0.0000,1,2.0,100.00
2102,13.474398,13.253082,3.192000,7,0,6820.8431,-1000.0000,90.0000,0.0000,1,2.0,100.00
2103,12.852124,13.448557,3.141000,7,0,6827.8363,-1000.0000,90.0000,0.0000,1,2.0,100.00
2104,13.787303,12.839254,3.167000,7,0,6834.5127,-1000.0000,90.0000,0.0000,1,2.0,100.00
2105,13.162110,13.810664,3.141000,7,0,6841.6943,-1000.0000,90.0000,0.0000,1,2.0,100.00
2106,11.814492,13.142470,3.198000,7,0,6848.5284,-1000.0000,90.0000,0.0000,1,2.0,100.00
2107,12.371764,11.839622,3.181000,7,0,6854.6850,-1000.0000,90.0000,0.0000,1,2.0,100.00
2108,12.889625,12.346593,3.170000,7,0,6861.1052,-1000.0000,90.0000,0.0000,1,2.0,100.00
2109,13.243632,12.891065,3.093000,7,0,6867.8086,-1000.0000,90.0000,0.0000,1,2.0,100.00
2110,11.501045,13.249382,3.136000,7,0,6874.6982,-1000.0000,90.0000,0.0000,1,2.0,100.00
2111,11.772781,11.519326,3.170000,7,0,6880.6883,-1000.0000,90.0000,0.0000,1,2.0,100.00
2112,11.891193,11.797491,3.291000,7,0,6886.8230,-1000.0000,90.0000,0.0000,1,2.0,100.00
2113,11.913664,11.857242,3.173000,7,0,6892.9887,-1000.0000,90.0000,0.0000,1,2.0,100.00
2114,11.389323,11.977216,3.137000,7,0,6899.2169,-1000.0000,90.0000,0.0000,1,2.0,100.00
2115,13.266432,11.357701,3.204000,7,0,6905.1229,-1000.0000,90.0000,0.0000,1,2.0,100.00
2116,12.062518,13.245993,3.148000,7,0,6912.0108,-1000.0000,90.0000,0.0000,1,2.0,100.00
2117,12.368923,12.069637,3.173000,7,0,6918.2870,-1000.0000,90.0000,0.0000,1,2.0,100.00
2118,12.669620,12.263891,3.161000,7,0,6924.6643,-1000.0000,90.0000,0.0000,1,2.0,100.00
2119,13.020198,12.676091,3.135000,7,0,6931.2558,-1000.0000,90.0000,0.0000,1,2.0,100.00
2120,12.600888,13.008737,3.171000,7,0,6938.0204,-1000.0000,90.0000,0.0000,1,2.0,100.00
2121,13.236992,12.585268,3.063000,7,0,6944.5647,-1000.0000,90.0000,0.0000,1,2.0,100.00
2122,12.896035,13.246693,3.153000,7,0,6951.4530,-1000.0000,90.0000,0.0000,1,2.0,100.00
2123,12.193069,13.200131,3.305000,7,0,6958.3171,-1000.0000,90.0000,0.0000,1,2.0,100.00
2124,11.835122,11.968165,3.247000,7,0,6964.5405,-1000.0000,90.0000,0.0000,1,2.0,100.00
2125,12.328614,11.832772,3.171000,7,0,6970.6935,-1000.0000,90.0000,0.0000,1,2.0,100.00
2126,12.508886,12.387464,3.158000,7,0,6977.1350,-1000.0000,90.0000,0.0000,1,2.0,100.00
2127,11.816762,12.485715,3.231000,7,0,6983.6276,-1000.0000,90.0000,0.0000,1,2.0,100.00
2128,11.361182,11.774921,3.160000,7,0,6989.7506,-1000.0000,90.0000,0.0000,1,2.0,100.00
2129,12.136718,11.356313,3.184000,7,0,6995.6558,-1000.0000,90.0000,0.0000,1,2.0,100.00
2130,11.870553,12.129458,3.133000,7,0,7001.9632,-1000.0000,90.0000,0.0000,1,2.0,100.00
2131,12.000076,11.873404,3.195000,7,0,7008.1373,-1000.0000,90.0000,0.0000,1,2.0,100.00
2132,12.990367,12.005635,3.100000,8,1,7014.3803,-1000.0000,90.0000,0.0000,1,2.0,100.00
2133,178.822881,13.001227,3.389000,8,0,7020.7014,-1000.0000,90.0000,0.0000,1,2.0,100.00
2134,7.102821,178.792990,3.389000,8,0,7024.5160,-1000.0000,90.0000,0.0000,1,2.0,100.00
2135,2.757039,7.020119,3.349000,8,0,7024.5376,-1000.0000,90.0000,0.0000,1,2.0,100.00
2136,10.438062,2.743009,3.349000,8,0,7024.5376,-1000.0000,90.0000,0.0000,1,2.0,100.00
2137,11.419324,10.457002,3.127000,8,0,7024.5376,-1000.0000,90.0000,0.0000,1,2.0,100.00
2138,12.135638,11.462505,3.110000,8,0,7024.5376,-1000.0000,90.0000,0.0000,1,2.0,100.00
2139,11.733731,12.133209,2.988000,8,0,7024.5376,-1000.0000,90.0000,0.0000,1,2.0,100.00
2140,12.370813,11.730600,2.896000,8,0,7024.5376,-1000.0000,90.0000,0.0000,1,2.0,100.00
2141,11.928244,12.408044,2.791000,8,0,7024.5376,-1000.0000,90.0000,0.0000,1,2.0,100.00
2142,12.083167,12.007496,2.783000,8,0,7024.5376,-1000.0000,90.0000,0.0000,1,2.0,100.00
2143,11.627589,12.058787,2.863000,8,0,7024.5376,-1000.0000,90.0000,0.0000,1,2.0,100.00
2144,11.659917,11.607017,2.851000,8,0,7024.5376,-1000.0000,90.0000,0.0000,1,2.0,100.00
2145,11.640269,11.642408,2.884000,8,0,7024.5376,-1000.0000,90.0000,0.0000,1,2.0,100.00
2146,12.435444,11.720250,2.763000,8,0,7024.5376,-1000.0000,90.0000,0.0000,1,2.0,100.00
2147,11.589368,12.432465,2.847000,8,0,7024.5376,-1000.0000,90.0000,0.0000,1,2.0,100.00
2148,11.327481,11.544866,2.773000,8,0,7024.5376,-1000.0000,90.0000,0.0000,1,2.0,100.00
2149,10.665387,11.294680,2.829000,8,0,7024.5376,-1000.0000,90.0000,0.0000,1,2.0,100.00
2150,11.521665,10.688678,2.762000,8,0,7024.5376,-1000.0000,90.0000,0.0000,1,2.0,100.00
2151,11.530777,11.476485,2.837000,8,0,7024.5376,-1000.0000,90.0000,0.0000,1,2.0,100.00
2152,12.272901,11.566766,2.869000,8,0,7024.5376,-1000.0000,90.0000,0.0000,1,2.0,100.00
2153,12.499847,12.439076,2.801000,8,0,7024.5376,-1000.0000,90.0000,0.0000,1,2.0,100.00
2154,23.687824,12.351943,2.838000,8,0,7024.5376,-1000.0000,90.0000,0.0000,1,2.0,100.00
2155,11.698960,23.696315,2.854000,8,0,7024.5376,-1000.0000,90.0000,0.0000,1,2.0,100.00
2156,12.264061,11.713449,2.811000,8,0,7024.5376,-1000.0000,90.0000,0.0000,1,2.0,100.00
2157,11.733520,12.210711,2.803000,8,0,7024.5376,-1000.0000,90.0000,0.0000,1,2.0,100.00
2158,12.127028,11.748300,2.746000,8,0,7024.5376,-1000.0000,90.0000,0.0000,1,2.0,100.00
2159,12.546078,12.111448,2.914000,8,0,7024.5376,-1000.0000,90.0000,0.0000,1,2.0,100.00
2160,11.910204,12.541837,2.815000,8,0,7024.5376,-1000.0000,90.0000,0.0000,1,2.0,100.00
2161,11.706949,11.924245,2.824000,8,0,7024.5376,-1000.0000,90.0000,0.0000,1,2.0,100.00
2162,11.731190,11.717380,2.786000,8,0,7024.5376,-1000.0000,90.0000,0.0000,1,2.0,100.00
2163,10.553935,11.725519,2.815000,8,0,7024.5376,-1000.0000,90.0000,0.0000,1,2.0,100.00
2164,11.407343,10.535545,2.728000,8,0,7024.5376,-1000.0000,90.0000,0.0000,1,2.0,100.00
2165,11.723900,11.441103,2.874000,8,0,7024.5376,-1000.0000,90.0000,0.0000,1,2.0,100.00
2166,13.807275,11.673889,2.909000,8,0,7024.5376,-1000.0000,90.0000,0.0000,1,2.0,100.00
2167,11.803370,13.777764,2.915000,8,0,7024.5376,-1000.0000,90.0000,0.0000,1,2.0,100.00
2168,13.094839,11.803371,2.770000,8,0,7024.5376,-1000.0000,90.0000,0.0000,1,2.0,100.00
2169,12.056317,13.099740,2.802000,8,0,7024.5376,-1000.0000,90.0000,0.0000,1,2.0,100.00
2170,13.645311,12.052067,2.810000,8,0,7024.5376,-1000.0000,90.0000,0.0000,1,2.0,100.00
2171,11.741481,13.640430,2.863000,8,0,7024.5376,-1000.0000,90.0000,0.0000,1,2.0,100.00
2172,12.081007,11.764541,2.789000,8,0,7024.5376,-1000.0000,90.0000,0.0000,1,2.0,100.00
2173,12.081308,12.070067,2.795000,8,0,7024.5376,-1000.0000,90.0000,0.0000,1,2.0,100.00
2174,11.397142,12.072107,2.843000,8,0,7024.5376,-1000.0000,90.0000,0.0000,1,2.0,100.00
2175,11.841123,11.399113,2.809000,8,0,7024.5376,-1000.0000,90.0000,0.0000,1,2.0,100.00
2176,12.866254,11.839052,2.817000,8,0,7024.5376,-1000.0000,90.0000,0.0000,1,2.0,100.00
2177,12.889615,12.906425,2.885000,8,0,7024.5376,-1000.0000,90.0000,0.0000,1,2.0,100.00
2178,12.494805,12.846514,2.801000,8,0,7024.5376,-1000.0000,90.0000,0.0000,1,2.0,100.00
2179,11.680120,12.500297,2.820000,8,0,7024.5376,-1000.0000,90.0000,0.0000,1,2.0,100.00
2180,11.975195,11.679398,2.844000,8,0,7024.5376,-1000.0000,90.0000,0.0000,1,2.0,100.00
2181,11.710580,11.964355,2.804000,8,0,7024.5376,-1000.0000,90.0000,0.0000,1,2.0,100.00
2182,11.412022,11.738771,2.706000,8,0,7024.5376,-1000.0000,90.0000,0.0000,1,2.0,100.00
2183,11.238450,11.382232,2.841000,8,0,7024.5376,-1000.0000,90.0000,0.0000,1,2.0,100.00
2184,11.585617,11.244940,2.791000,8,0,7024.5376,-1000.0000,90.0000,0.0000,1,2.0,100.00
2185,11.616018,11.577636,2.857000,8,0,7024.5376,-1000.0000,90.0000,0.0000,1,2.0,100.00
2186,12.490206,11.614998,2.876000,8,0,7024.5376,-1000.0000,90.0000,0.0000,1,2.0,100.00
2187,11.466945,12.493076,2.925000,8,0,7024.5376,-1000.0000,90.0000,0.0000,1,2.0,100.00
2188,12.208809,11.462235,2.825000,8,0,7024.5376,-1000.0000,90.0000,0.0000,1,2.0,100.00
2189,11.500865,12.239820,2.814000,8,0,7024.5376,-1000.0000,90.0000,0.0000,1,2.0,100.00
2190,11.640068,11.478134,2.772000,8,0,7024.5376,-1000.0000,90.0000,0.0000,1,2.0,100.00
2191,12.208210,11.647259,2.897000,8,0,7024.5376,-1000.0000,90.0000,0.0000,1,2.0,100.00
2192,11.944425,12.201430,2.896000,8,0,7024.5376,-1000.0000,90.0000,0.0000,1,2.0,100.00
2193,11.538556,11.947564,2.865000,8,0,7024.5376,-1000.0000,90.0000,0.0000,1,2.0,100.00
2194,11.859442,11.696620,2.760000,8,0,7024.5376,-1000.0000,90.0000,0.0000,1,2.0,100.00
2195,12.192631,11.776351,2.902000,8,0,7024.5376,-1000.0000,90.0000,0.0000,1,2.0,100.00
2196,12.101578,12.221200,2.906000,8,0,7024.5376,-1000.0000,90.0000,0.0000,1,2.0,100.00
2197,12.489565,12.093928,2.863000,8,0,7024.5376,-1000.0000,90.0000,0.0000,1,2.0,100.00
2198,13.743513,12.656180,2.859000,8,0,7024.5376,-1000.0000,90.0000,0.0000,1,2.0,100.00
2199,14.219493,13.550058,2.883000,8,0,7024.5376,-1000.0000,90.0000,0.0000,1,2.0,100.00
2200,11.937105,14.215263,2.902000,8,0,7024.5376,-1000.0000,90.0000,0.0000,1,2.0,100.00
2201,12.005036,11.967025,2.942000,8,0,7024.5376,-1000.0000,90.0000,0.0000,1,2.0,100.00
