LogInit: Running DelayedAutoRegister Phase StartOfEnginePreInit
LogTrace: Initializing trace...
LogTrace: Finished trace initialization.
LogTrace: Display: Control listening on port 1985
LogModuleManager: InternalLoadLibrary: 'PakFile' ('/opt/unreal/UE_5.8.2/Engine/Binaries/Linux/libUnrealPak-PakFile.so')
LogModuleManager: InternalLoadLibrary: 'RSA' ('/opt/unreal/UE_5.8.2/Engine/Binaries/Linux/libUnrealPak-RSA.so')
LogModuleManager: InternalLoadLibrary: 'SandboxFile' ('/opt/unreal/UE_5.8.2/Engine/Binaries/Linux/libUnrealPak-SandboxFile.so')
LogInit: Running DelayedAutoRegister Phase FileSystemReady
LogInit: Running DelayedAutoRegister Phase TaskGraphSystemReady
LogInit: Running DelayedAutoRegister Phase StatSystemReady
LogModuleManager: InternalLoadLibrary: 'CoreUObject' ('/opt/unreal/UE_5.8.2/Engine/Binaries/Linux/libUnrealPak-CoreUObject.so')
LogInit: Session CrashGUID >====================================================
         Session CrashGUID >   UECC-Linux-01A0773D2C797C9593B568839822A194
         Session CrashGUID >====================================================
LogUnixPlatformFile: Warning: create dir('/opt/unreal/UE_5.8.2/Engine/Programs/UnrealPak/Saved/Config/') failed: errno=13 (Permission denied)
LogUnixPlatformFile: Warning: create dir('/opt/unreal/UE_5.8.2/Engine/Programs/UnrealPak/Saved/Config/') failed: errno=13 (Permission denied)
LogUnixPlatformFile: Warning: create dir('/opt/unreal/UE_5.8.2/Engine/Programs/UnrealPak/Saved/Config/') failed: errno=13 (Permission denied)
LogUnixPlatformFile: Warning: create dir('/opt/unreal/UE_5.8.2/Engine/Programs/UnrealPak/Saved/Config/') failed: errno=13 (Permission denied)
LogConfig: No local boot hotfix file found at: [../../../Engine/Programs/UnrealPak/Saved/PersistentDownloadDir/HotfixForNextBoot.txt]
LogInit: Running DelayedAutoRegister Phase IniSystemReady
LogPluginManager: Mounting Engine plugin PlatformCrypto
LogPluginManager: Mounting Engine plugin TcpMessaging
LogModuleManager: InternalLoadLibrary: 'PlatformCrypto' ('/opt/unreal/UE_5.8.2/Engine/Plugins/Experimental/PlatformCrypto/Binaries/Linux/libUnrealPak-PlatformCrypto.so')
LogModuleManager: InternalLoadLibrary: 'PlatformCryptoTypes' ('/opt/unreal/UE_5.8.2/Engine/Plugins/Experimental/PlatformCrypto/Binaries/Linux/libUnrealPak-PlatformCryptoTypes.so')
LogModuleManager: InternalLoadLibrary: 'PlatformCryptoContext' ('/opt/unreal/UE_5.8.2/Engine/Plugins/Experimental/PlatformCrypto/Binaries/Linux/libUnrealPak-PlatformCryptoContext.so')
LogInit: Running DelayedAutoRegister Phase EarliestPossiblePluginsLoaded
LogInit: ExecutableName: UnrealPak
LogInit: Build: ++UE5+Release-5.8-CL-56702186
LogInit: Platform=LinuxEditor
LogInit: MachineId=3da9d2f3021f461a93a81e6b23a2b4d7-000003e9
LogInit: DeviceId=
LogInit: Engine Version: 5.8.2-56702186+++UE5+Release-5.8
LogInit: Compatible Engine Version: 5.8.0-55116800+++UE5+Release-5.8
LogInit: Net CL: 55116800
LogInit: OS: Ubuntu 24.04.4 LTS (6.8.0-138-generic), CPU: AMD EPYC 9124 16-Core Processor, GPU: NVIDIA L40S (NVIDIA UNIX x86_64 Kernel Module  580.178.04  Tue Jul  7 12:38:21 UTC 2026)
LogInit: CPU Model ID: 19111, microcode revision: a101148
LogInit: Compiled (64-bit): Aug  7 2026 15:10:39
LogInit: Architecture: x64
LogInit: Compiled with Clang: 20.1.8 (github.com/llvm/llvm-project 87f0227cb60147a26a1eeb4fb06e3b505e9c7261)
LogInit: Build Configuration: Development
LogInit: Branch Name: ++UE5+Release-5.8
LogInit: Command Line: /mnt/biella-extra/biella-runtime/d03-01-package-negative-04/original/BiellaGames-Linux.pak -Extract /mnt/biella-extra/biella-runtime/d03-01-package-negative-04/extracted -unattended -nopak
LogInit: Base Directory: /opt/unreal/UE_5.8.2/Engine/Binaries/Linux/
LogInit: Allocator: Mimalloc
LogInit: Installed Engine Build: 1
LogInit: This binary is optimized with LTO: no, PGO: no, instrumented for PGO data collection: no
LogDevObjectVersion: Number of dev versions registered: 35
LogDevObjectVersion:   Dev-Blueprints (B0D832E4-1F89-4F0D-ACCF-7EB736FD4AA2): 10
LogDevObjectVersion:   Dev-Build (E1C64328-A22C-4D53-A36C-8E866417BD8C): 0
LogDevObjectVersion:   Dev-Core (375EC13C-06E4-48FB-B500-84F0262A717E): 4
LogDevObjectVersion:   Dev-Editor (E4B068ED-F494-42E9-A231-DA0B2E46BB41): 40
LogDevObjectVersion:   Dev-Framework (CFFC743F-43B0-4480-9391-14DF171D2073): 37
LogDevObjectVersion:   Dev-Mobile (B02B49B5-BB20-44E9-A304-32B752E40360): 3
LogDevObjectVersion:   Dev-Networking (A4E4105C-59A1-49B5-A7C5-40C4547EDFEE): 0
LogDevObjectVersion:   Dev-Online (39C831C9-5AE6-47DC-9A44-9C173E1C8E7C): 0
LogDevObjectVersion:   Dev-Physics (78F01B33-EBEA-4F98-B9B4-84EACCB95AA2): 20
LogDevObjectVersion:   Dev-Platform (6631380F-2D4D-43E0-8009-CF276956A95A): 0
LogDevObjectVersion:   Dev-Rendering (12F88B9F-8875-4AFC-A67C-D90C383ABD29): 49
LogDevObjectVersion:   Dev-Sequencer (7B5AE74C-D270-4C10-A958-57980B212A5A): 13
LogDevObjectVersion:   Dev-VR (D7296918-1DD6-4BDD-9DE2-64A83CC13884): 3
LogDevObjectVersion:   Dev-LoadTimes (C2A15278-BFE7-4AFE-6C17-90FF531DF755): 1
LogDevObjectVersion:   Private-Geometry (6EACA3D4-40EC-4CC1-B786-8BED09428FC5): 3
LogDevObjectVersion:   Dev-AnimPhys (29E575DD-E0A3-4627-9D10-D276232CDCEA): 17
LogDevObjectVersion:   Dev-Anim (AF43A65D-7FD3-4947-9873-3E8ED9C1BB05): 15
LogDevObjectVersion:   Dev-ReflectionCapture (6B266CEC-1EC7-4B8F-A30B-E4D90942FC07): 1
LogDevObjectVersion:   Dev-Automation (0DF73D61-A23F-47EA-B727-89E90C41499A): 1
LogDevObjectVersion:   FortniteMain (601D1886-AC64-4F84-AA16-D3DE0DEAC7D6): 268
LogDevObjectVersion:   FortniteValkyrie (8DBC2C5B-54A7-43E0-A768-FCBB7DA29060): 8
LogDevObjectVersion:   FortniteSeason (5B4C06B7-2463-4AF8-805B-BF70CDF5D0DD): 15
LogDevObjectVersion:   FortniteRelease (E7086368-6B23-4C58-8439-1B7016265E91): 20
LogDevObjectVersion:   Dev-Enterprise (9DFFBCD6-494F-0158-E221-12823C92A888): 11
LogDevObjectVersion:   Dev-Niagara (F2AED0AC-9AFE-416F-8664-AA7FFA26D6FC): 1
LogDevObjectVersion:   Dev-Destruction (174F1F0B-B4C6-45A5-B13F-2EE8D0FB917D): 10
LogDevObjectVersion:   Dev-Physics-Ext (35F94A83-E258-406C-A318-09F59610247C): 41
LogDevObjectVersion:   Dev-PhysicsMaterial-Chaos (B68FC16E-8B1B-42E2-B453-215C058844FE): 1
LogDevObjectVersion:   Dev-CineCamera (B2E18506-4273-CFC2-A54E-F4BB758BBA07): 1
LogDevObjectVersion:   Dev-VirtualProduction (64F58936-FD1B-42BA-BA96-7289D5D0FA4E): 1
LogDevObjectVersion:   UE5-Main (697DD581-E64F-41AB-AA4A-51ECBEB7B628): 123
LogDevObjectVersion:   UE5-Release (D89B5E42-24BD-4D46-8412-ACA8DF641779): 68
LogDevObjectVersion:   UE5-SpecialProject (59DA5D52-1232-4948-B878-597870B8E98B): 9
LogDevObjectVersion:   Dev-MediaFramework (6F0ED827-A609-4895-9C91-998D90180EA4): 2
LogDevObjectVersion:   Dev-NaniteResearch (30D58BE3-95EA-4282-A6E3-B159D8EBB06A): 1
LogInit: Presizing for max 100000 objects, including 0 objects not considered by GC.
LogStreaming: Display: AsyncLoading2 - Created: Async Loading Thread: false, Async Post Load: false, Multithreaded: false
LogInit: Object subsystem initialized
LogConfig: Applying CVar settings from Section [Startup] File [../../../Engine/Config/ConsoleVariables.ini]
LogConfig: CVar [[p.chaos.AllowCreatePhysxBodies:1]] deferred - dummy variable created
LogConfig: CVar [[fx.SkipVectorVMBackendOptimizations:1]] deferred - dummy variable created
LogConfig: Applying CVar settings from Section [Startup_Linux] File [../../../Engine/Config/ConsoleVariables.ini]
LogConfig: Applying CVar settings from Section [ConsoleVariables] File [Engine]
LogConfig: Set CVar [[g.TimeoutForBlockOnRenderFence:60000]]
LogConfig: Set CVar [[memory.MemoryPressureCriticalThresholdPercent:10]]
[2026.09.06-15.01.33:094][  0]LogInit: Unix hardware info:
[2026.09.06-15.01.33:094][  0]LogInit:  - we are not the first instance of this executable
[2026.09.06-15.01.33:094][  0]LogInit:  - this process' id (pid) is 2386186, parent process' id (ppid) is 2386185
[2026.09.06-15.01.33:094][  0]LogInit:  - we are not running under debugger
[2026.09.06-15.01.33:094][  0]LogInit:  - machine network name is 'biella-l40s-worker'
[2026.09.06-15.01.33:094][  0]LogInit:  - user name is 'unreal' (unreal)
[2026.09.06-15.01.33:094][  0]LogInit:  - we're logged in locally
[2026.09.06-15.01.33:094][  0]LogInit:  - we're running with rendering
[2026.09.06-15.01.33:094][  0]LogInit:  - CPU: AuthenticAMD 'AMD EPYC 9124 16-Core Processor' (signature: 0xA10F11)
[2026.09.06-15.01.33:094][  0]LogInit:  - Number of physical cores available for the process: 15
[2026.09.06-15.01.33:094][  0]LogInit:  - Number of logical cores available for the process: 15
[2026.09.06-15.01.33:094][  0]LogInit:  - GPU Brand Info: NVIDIA L40S (NVIDIA UNIX x86_64 Kernel Module  580.178.04  Tue Jul  7 12:38:21 UTC 2026)
[2026.09.06-15.01.33:094][  0]LogInit:  - Memory allocator used: Mimalloc
[2026.09.06-15.01.33:094][  0]LogInit:  - This is an internal build.
[2026.09.06-15.01.33:094][  0]LogCore: Skipped benchmarking clocks because the engine is running in a standalone program mode - CLOCK_MONOTONIC will be used.
[2026.09.06-15.01.33:094][  0]LogInit: Unix-specific commandline switches:
[2026.09.06-15.01.33:094][  0]LogInit:  -ansimalloc - use malloc()/free() from libc (useful for tools like valgrind and electric fence)
[2026.09.06-15.01.33:094][  0]LogInit:  -jemalloc - use jemalloc for all memory allocation
[2026.09.06-15.01.33:094][  0]LogInit:  -binnedmalloc - use binned malloc  for all memory allocation
[2026.09.06-15.01.33:094][  0]LogInit:  -filemapcachesize=NUMBER - set the size for case-sensitive file mapping cache
[2026.09.06-15.01.33:094][  0]LogInit:  -useksm - uses kernel same-page mapping (KSM) for mapped memory (OFF)
[2026.09.06-15.01.33:094][  0]LogInit:  -ksmmergeall - marks all mmap'd memory pages suitable for KSM (OFF)
[2026.09.06-15.01.33:094][  0]LogInit:  -preloadmodulesymbols - Loads the main module symbols file into memory (OFF)
[2026.09.06-15.01.33:094][  0]LogInit:  -sigdfl=SIGNAL - Allows a specific signal to be set to its default handler rather then ignoring the signal
[2026.09.06-15.01.33:094][  0]LogInit:  -crashhandlerstacksize - Allows setting crash handler stack sizes (204800)
[2026.09.06-15.01.33:094][  0]LogInit:  -noexclusivelockonwrite - disables marking files created by the engine as exclusive locked while the engine has them opened
[2026.09.06-15.01.33:094][  0]LogInit:  -httpproxy=ADDRESS:PORT - redirects HTTP requests to a proxy (only supported if compiled with libcurl)
[2026.09.06-15.01.33:094][  0]LogInit:  -reuseconn - allow libcurl to reuse HTTP connections (only matters if compiled with libcurl)
[2026.09.06-15.01.33:094][  0]LogInit:  -virtmemkb=NUMBER - sets process virtual memory (address space) limit (overrides VirtualMemoryLimitInKB value from .ini)
[2026.09.06-15.01.33:094][  0]LogInit:  -allowsyscallfilterfile=PATH_TO_FILE - sets up a system call filter allow list. any invalid syscall in this list *will* cause a crash
[2026.09.06-15.01.33:095][  0]LogInit:  - Physical RAM available (not considering process quota): 87 GB (88380 MB, 90501504 KB, 92673540096 bytes)
[2026.09.06-15.01.33:095][  0]LogInit:  - VirtualMemoryAllocator pools will grow at scale 1
[2026.09.06-15.01.33:095][  0]LogInit:  - MemoryRangeDecommit() will be a no-op (re-run with -vmapoolevict to change)
[2026.09.06-15.01.33:095][  0]LogInit:  - PageSize 4096
[2026.09.06-15.01.33:095][  0]LogInit:  - BinnedPageSize 65536
[2026.09.06-15.01.33:103][  0]LogAssetRegistry: ActiveMountsLoading is disabled.
[2026.09.06-15.01.33:103][  0]LogAssetRegistry: FAssetRegistry took 0.0002 seconds to start up
[2026.09.06-15.01.33:103][  0]LogModuleManager: InternalLoadLibrary: 'TelemetryUtils' ('/opt/unreal/UE_5.8.2/Engine/Binaries/Linux/libUnrealPak-TelemetryUtils.so')
[2026.09.06-15.01.33:104][  0]LogUObjectArray: 877 objects as part of root set at end of initial load.
[2026.09.06-15.01.33:104][  0]LogUObjectArray: CloseDisregardForGC: 0/0 objects in disregard for GC pool
[2026.09.06-15.01.33:104][  0]LogInit: Using OS detected language ().
[2026.09.06-15.01.33:104][  0]LogInit: Using OS detected locale ().
[2026.09.06-15.01.33:104][  0]LogTextLocalizationManager: No localization for '' exists, so 'en' will be used for the language.
[2026.09.06-15.01.33:104][  0]LogTextLocalizationManager: No localization for '' exists, so 'en' will be used for the locale.
[2026.09.06-15.01.33:105][  0]LogInit: Using OS detected language ().
[2026.09.06-15.01.33:105][  0]LogInit: Using OS detected locale ().
[2026.09.06-15.01.33:105][  0]LogTextLocalizationManager: No localization for '' exists, so 'en' will be used for the language.
[2026.09.06-15.01.33:105][  0]LogTextLocalizationManager: No localization for '' exists, so 'en' will be used for the locale.
[2026.09.06-15.01.33:105][  0]LogPakFile: Display: ProjectDir: ../../../Engine/Programs/UnrealPak/
[2026.09.06-15.01.33:105][  0]LogPakFile: Display: Using command line for crypto configuration
[2026.09.06-15.01.33:106][  0]LogPakFile: Display: Extracted "BiellaGames/AssetRegistry.bin" to "/mnt/biella-extra/biella-runtime/d03-01-package-negative-04/extracted/BiellaGames/AssetRegistry.bin" Offset 0.
[2026.09.06-15.01.33:107][  0]LogPakFile: Display: Extracted "BiellaGames/BiellaGames.uproject" to "/mnt/biella-extra/biella-runtime/d03-01-package-negative-04/extracted/BiellaGames/BiellaGames.uproject" Offset 46160.
[2026.09.06-15.01.33:107][  0]LogPakFile: Display: Extracted "BiellaGames/Config/DefaultEngine.ini" to "/mnt/biella-extra/biella-runtime/d03-01-package-negative-04/extracted/BiellaGames/Config/DefaultEngine.ini" Offset 46487.
[2026.09.06-15.01.33:107][  0]LogPakFile: Display: Extracted "BiellaGames/Config/DefaultGame.ini" to "/mnt/biella-extra/biella-runtime/d03-01-package-negative-04/extracted/BiellaGames/Config/DefaultGame.ini" Offset 47359.
[2026.09.06-15.01.33:107][  0]LogPakFile: Display: Extracted "BiellaGames/Config/DefaultInput.ini" to "/mnt/biella-extra/biella-runtime/d03-01-package-negative-04/extracted/BiellaGames/Config/DefaultInput.ini" Offset 48035.
[2026.09.06-15.01.33:107][  0]LogPakFile: Display: Extracted "BiellaGames/Content/ShaderTypeInfo-BiellaGames-SF_VULKAN_SM5-VULKAN_SM5.stinfo" to "/mnt/biella-extra/biella-runtime/d03-01-package-negative-04/extracted/BiellaGames/Content/ShaderTypeInfo-BiellaGames-SF_VULKAN_SM5-VULKAN_SM5.stinfo" Offset 49241.
[2026.09.06-15.01.33:107][  0]LogPakFile: Display: Extracted "BiellaGames/Content/ShaderTypeInfo-Global-SF_VULKAN_SM5-VULKAN_SM5.stinfo" to "/mnt/biella-extra/biella-runtime/d03-01-package-negative-04/extracted/BiellaGames/Content/ShaderTypeInfo-Global-SF_VULKAN_SM5-VULKAN_SM5.stinfo" Offset 52153.
[2026.09.06-15.01.33:108][  0]LogPakFile: Display: Extracted "BiellaGames/Plugins/BiellaGames.upluginmanifest" to "/mnt/biella-extra/biella-runtime/d03-01-package-negative-04/extracted/BiellaGames/Plugins/BiellaGames.upluginmanifest" Offset 71619.
[2026.09.06-15.01.33:112][  0]LogPakFile: Display: Extracted "Engine/GlobalShaderCache-VULKAN_SM5.bin" to "/mnt/biella-extra/biella-runtime/d03-01-package-negative-04/extracted/Engine/GlobalShaderCache-VULKAN_SM5.bin" Offset 9663545.
[2026.09.06-15.01.33:112][  0]LogPakFile: Display: Extracted "Engine/Config/Base.ini" to "/mnt/biella-extra/biella-runtime/d03-01-package-negative-04/extracted/Engine/Config/Base.ini" Offset 91520.
[2026.09.06-15.01.33:112][  0]LogPakFile: Display: Extracted "Engine/Config/BaseCompat.ini" to "/mnt/biella-extra/biella-runtime/d03-01-package-negative-04/extracted/Engine/Config/BaseCompat.ini" Offset 91646.
[2026.09.06-15.01.33:113][  0]LogPakFile: Display: Extracted "Engine/Config/BaseDeviceProfiles.ini" to "/mnt/biella-extra/biella-runtime/d03-01-package-negative-04/extracted/Engine/Config/BaseDeviceProfiles.ini" Offset 94511.
[2026.09.06-15.01.33:113][  0]LogPakFile: Display: Extracted "Engine/Config/BaseEngine.ini" to "/mnt/biella-extra/biella-runtime/d03-01-package-negative-04/extracted/Engine/Config/BaseEngine.ini" Offset 100805.
[2026.09.06-15.01.33:113][  0]LogPakFile: Display: Extracted "Engine/Config/BaseGame.ini" to "/mnt/biella-extra/biella-runtime/d03-01-package-negative-04/extracted/Engine/Config/BaseGame.ini" Offset 143102.
[2026.09.06-15.01.33:113][  0]LogPakFile: Display: Extracted "Engine/Config/BaseGameUserSettings.ini" to "/mnt/biella-extra/biella-runtime/d03-01-package-negative-04/extracted/Engine/Config/BaseGameUserSettings.ini" Offset 146475.
[2026.09.06-15.01.33:116][  0]LogPakFile: Display: Extracted "Engine/Config/BaseHardware.ini" to "/mnt/biella-extra/biella-runtime/d03-01-package-negative-04/extracted/Engine/Config/BaseHardware.ini" Offset 146590.
[2026.09.06-15.01.33:117][  0]LogPakFile: Display: Extracted "Engine/Config/BaseInput.ini" to "/mnt/biella-extra/biella-runtime/d03-01-package-negative-04/extracted/Engine/Config/BaseInput.ini" Offset 147244.
[2026.09.06-15.01.33:117][  0]LogPakFile: Display: Extracted "Engine/Config/BaseInstallBundle.ini" to "/mnt/biella-extra/biella-runtime/d03-01-package-negative-04/extracted/Engine/Config/BaseInstallBundle.ini" Offset 153389.
[2026.09.06-15.01.33:117][  0]LogPakFile: Display: Extracted "Engine/Config/BaseMaterialExpressions.ini" to "/mnt/biella-extra/biella-runtime/d03-01-package-negative-04/extracted/Engine/Config/BaseMaterialExpressions.ini" Offset 153679.
[2026.09.06-15.01.33:117][  0]LogPakFile: Display: Extracted "Engine/Config/BaseRuntimeOptions.ini" to "/mnt/biella-extra/biella-runtime/d03-01-package-negative-04/extracted/Engine/Config/BaseRuntimeOptions.ini" Offset 159893.
[2026.09.06-15.01.33:117][  0]LogPakFile: Display: Extracted "Engine/Config/BaseScalability.ini" to "/mnt/biella-extra/biella-runtime/d03-01-package-negative-04/extracted/Engine/Config/BaseScalability.ini" Offset 159985.
[2026.09.06-15.01.33:117][  0]LogPakFile: Display: Extracted "Engine/Config/ConfigRedirects.ini" to "/mnt/biella-extra/biella-runtime/d03-01-package-negative-04/extracted/Engine/Config/ConfigRedirects.ini" Offset 164319.
[2026.09.06-15.01.33:117][  0]LogPakFile: Display: Extracted "Engine/Config/ConsoleVariables.ini" to "/mnt/biella-extra/biella-runtime/d03-01-package-negative-04/extracted/Engine/Config/ConsoleVariables.ini" Offset 165165.
[2026.09.06-15.01.33:117][  0]LogPakFile: Display: Extracted "Engine/Config/PluginBase.ini" to "/mnt/biella-extra/biella-runtime/d03-01-package-negative-04/extracted/Engine/Config/PluginBase.ini" Offset 169686.
[2026.09.06-15.01.33:118][  0]LogPakFile: Display: Extracted "Engine/Config/Layouts/DefaultLayout.ini" to "/mnt/biella-extra/biella-runtime/d03-01-package-negative-04/extracted/Engine/Config/Layouts/DefaultLayout.ini" Offset 165339.
[2026.09.06-15.01.33:118][  0]LogPakFile: Display: Extracted "Engine/Config/Layouts/UE4ClassicLayout.ini" to "/mnt/biella-extra/biella-runtime/d03-01-package-negative-04/extracted/Engine/Config/Layouts/UE4ClassicLayout.ini" Offset 166301.
[2026.09.06-15.01.33:118][  0]LogPakFile: Display: Extracted "Engine/Config/Linux/BaseLinuxEngine.ini" to "/mnt/biella-extra/biella-runtime/d03-01-package-negative-04/extracted/Engine/Config/Linux/BaseLinuxEngine.ini" Offset 167606.
[2026.09.06-15.01.33:118][  0]LogPakFile: Display: Extracted "Engine/Config/Linux/DataDrivenPlatformInfo.ini" to "/mnt/biella-extra/biella-runtime/d03-01-package-negative-04/extracted/Engine/Config/Linux/DataDrivenPlatformInfo.ini" Offset 168087.
[2026.09.06-15.01.33:118][  0]LogPakFile: Display: Extracted "Engine/Config/Linux/LinuxEngine.ini" to "/mnt/biella-extra/biella-runtime/d03-01-package-negative-04/extracted/Engine/Config/Linux/LinuxEngine.ini" Offset 169028.
[2026.09.06-15.01.33:118][  0]LogPakFile: Display: Extracted "Engine/Config/Linux/LinuxGame.ini" to "/mnt/biella-extra/biella-runtime/d03-01-package-negative-04/extracted/Engine/Config/Linux/LinuxGame.ini" Offset 169620.
[2026.09.06-15.01.33:119][  0]LogPakFile: Display: Extracted "Engine/Config/Unix/DataDrivenPlatformInfo.ini" to "/mnt/biella-extra/biella-runtime/d03-01-package-negative-04/extracted/Engine/Config/Unix/DataDrivenPlatformInfo.ini" Offset 169812.
[2026.09.06-15.01.33:119][  0]LogPakFile: Display: Extracted "Engine/Config/Unix/UnixEngine.ini" to "/mnt/biella-extra/biella-runtime/d03-01-package-negative-04/extracted/Engine/Config/Unix/UnixEngine.ini" Offset 170005.
[2026.09.06-15.01.33:119][  0]LogPakFile: Display: Extracted "Engine/Config/VulkanPC/DataDrivenPlatformInfo.ini" to "/mnt/biella-extra/biella-runtime/d03-01-package-negative-04/extracted/Engine/Config/VulkanPC/DataDrivenPlatformInfo.ini" Offset 170172.
[2026.09.06-15.01.33:126][  0]LogPakFile: Display: Extracted "Engine/Content/EngineFonts/Faces/DroidSansFallback.ufont" to "/mnt/biella-extra/biella-runtime/d03-01-package-negative-04/extracted/Engine/Content/EngineFonts/Faces/DroidSansFallback.ufont" Offset 171835.
[2026.09.06-15.01.33:127][  0]LogPakFile: Display: Extracted "Engine/Content/EngineFonts/Faces/RobotoBold.ufont" to "/mnt/biella-extra/biella-runtime/d03-01-package-negative-04/extracted/Engine/Content/EngineFonts/Faces/RobotoBold.ufont" Offset 1881108.
[2026.09.06-15.01.33:127][  0]LogPakFile: Display: Extracted "Engine/Content/EngineFonts/Faces/RobotoBoldItalic.ufont" to "/mnt/biella-extra/biella-runtime/d03-01-package-negative-04/extracted/Engine/Content/EngineFonts/Faces/RobotoBoldItalic.ufont" Offset 1953420.
[2026.09.06-15.01.33:128][  0]LogPakFile: Display: Extracted "Engine/Content/EngineFonts/Faces/RobotoItalic.ufont" to "/mnt/biella-extra/biella-runtime/d03-01-package-negative-04/extracted/Engine/Content/EngineFonts/Faces/RobotoItalic.ufont" Offset 2029321.
[2026.09.06-15.01.33:128][  0]LogPakFile: Display: Extracted "Engine/Content/EngineFonts/Faces/RobotoLight.ufont" to "/mnt/biella-extra/biella-runtime/d03-01-package-negative-04/extracted/Engine/Content/EngineFonts/Faces/RobotoLight.ufont" Offset 2102548.
[2026.09.06-15.01.33:128][  0]LogPakFile: Display: Extracted "Engine/Content/EngineFonts/Faces/RobotoRegular.ufont" to "/mnt/biella-extra/biella-runtime/d03-01-package-negative-04/extracted/Engine/Content/EngineFonts/Faces/RobotoRegular.ufont" Offset 2192036.
[2026.09.06-15.01.33:132][  0]LogPakFile: Display: Extracted "Engine/Content/Internationalization/icudt64l/cnvalias.icu" to "/mnt/biella-extra/biella-runtime/d03-01-package-negative-04/extracted/Engine/Content/Internationalization/icudt64l/cnvalias.icu" Offset 2310888.
[2026.09.06-15.01.33:132][  0]LogPakFile: Display: Extracted "Engine/Content/Internationalization/icudt64l/confusables.cfu" to "/mnt/biella-extra/biella-runtime/d03-01-package-negative-04/extracted/Engine/Content/Internationalization/icudt64l/confusables.cfu" Offset 2512408.
[2026.09.06-15.01.33:132][  0]LogPakFile: Display: Extracted "Engine/Content/Internationalization/icudt64l/currencyNumericCodes.res" to "/mnt/biella-extra/biella-runtime/d03-01-package-negative-04/extracted/Engine/Content/Internationalization/icudt64l/currencyNumericCodes.res" Offset 2572343.
[2026.09.06-15.01.33:133][  0]LogPakFile: Display: Extracted "Engine/Content/Internationalization/icudt64l/dayPeriods.res" to "/mnt/biella-extra/biella-runtime/d03-01-package-negative-04/extracted/Engine/Content/Internationalization/icudt64l/dayPeriods.res" Offset 2573677.
[2026.09.06-15.01.33:133][  0]LogPakFile: Display: Extracted "Engine/Content/Internationalization/icudt64l/en.res" to "/mnt/biella-extra/biella-runtime/d03-01-package-negative-04/extracted/Engine/Content/Internationalization/icudt64l/en.res" Offset 2578067.
[2026.09.06-15.01.33:133][  0]LogPakFile: Display: Extracted "Engine/Content/Internationalization/icudt64l/en_001.res" to "/mnt/biella-extra/biella-runtime/d03-01-package-negative-04/extracted/Engine/Content/Internationalization/icudt64l/en_001.res" Offset 2584056.
[2026.09.06-15.01.33:133][  0]LogPakFile: Display: Extracted "Engine/Content/Internationalization/icudt64l/en_150.res" to "/mnt/biella-extra/biella-runtime/d03-01-package-negative-04/extracted/Engine/Content/Internationalization/icudt64l/en_150.res" Offset 2585670.
[2026.09.06-15.01.33:133][  0]LogPakFile: Display: Extracted "Engine/Content/Internationalization/icudt64l/en_AE.res" to "/mnt/biella-extra/biella-runtime/d03-01-package-negative-04/extracted/Engine/Content/Internationalization/icudt64l/en_AE.res" Offset 2585891.
[2026.09.06-15.01.33:133][  0]LogPakFile: Display: Extracted "Engine/Content/Internationalization/icudt64l/en_AG.res" to "/mnt/biella-extra/biella-runtime/d03-01-package-negative-04/extracted/Engine/Content/Internationalization/icudt64l/en_AG.res" Offset 2586948.
[2026.09.06-15.01.33:133][  0]LogPakFile: Display: Extracted "Engine/Content/Internationalization/icudt64l/en_AI.res" to "/mnt/biella-extra/biella-runtime/d03-01-package-negative-04/extracted/Engine/Content/Internationalization/icudt64l/en_AI.res" Offset 2587081.
[2026.09.06-15.01.33:133][  0]LogPakFile: Display: Extracted "Engine/Content/Internationalization/icudt64l/en_AS.res" to "/mnt/biella-extra/biella-runtime/d03-01-package-negative-04/extracted/Engine/Content/Internationalization/icudt64l/en_AS.res" Offset 2587270.
[2026.09.06-15.01.33:133][  0]LogPakFile: Display: Extracted "Engine/Content/Internationalization/icudt64l/en_AT.res" to "/mnt/biella-extra/biella-runtime/d03-01-package-negative-04/extracted/Engine/Content/Internationalization/icudt64l/en_AT.res" Offset 2587399.
[2026.09.06-15.01.33:134][  0]LogPakFile: Display: Extracted "Engine/Content/Internationalization/icudt64l/en_AU.res" to "/mnt/biella-extra/biella-runtime/d03-01-package-negative-04/extracted/Engine/Content/Internationalization/icudt64l/en_AU.res" Offset 2587600.
[2026.09.06-15.01.33:134][  0]LogPakFile: Display: Extracted "Engine/Content/Internationalization/icudt64l/en_BB.res" to "/mnt/biella-extra/biella-runtime/d03-01-package-negative-04/extracted/Engine/Content/Internationalization/icudt64l/en_BB.res" Offset 2589127.
[2026.09.06-15.01.33:134][  0]LogPakFile: Display: Extracted "Engine/Content/Internationalization/icudt64l/en_BE.res" to "/mnt/biella-extra/biella-runtime/d03-01-package-negative-04/extracted/Engine/Content/Internationalization/icudt64l/en_BE.res" Offset 2589260.
[2026.09.06-15.01.33:134][  0]LogPakFile: Display: Extracted "Engine/Content/Internationalization/icudt64l/en_BI.res" to "/mnt/biella-extra/biella-runtime/d03-01-package-negative-04/extracted/Engine/Content/Internationalization/icudt64l/en_BI.res" Offset 2589573.
[2026.09.06-15.01.33:134][  0]LogPakFile: Display: Extracted "Engine/Content/Internationalization/icudt64l/en_BM.res" to "/mnt/biella-extra/biella-runtime/d03-01-package-negative-04/extracted/Engine/Content/Internationalization/icudt64l/en_BM.res" Offset 2589770.
[2026.09.06-15.01.33:134][  0]LogPakFile: Display: Extracted "Engine/Content/Internationalization/icudt64l/en_BS.res" to "/mnt/biella-extra/biella-runtime/d03-01-package-negative-04/extracted/Engine/Content/Internationalization/icudt64l/en_BS.res" Offset 2589903.
[2026.09.06-15.01.33:134][  0]LogPakFile: Display: Extracted "Engine/Content/Internationalization/icudt64l/en_BW.res" to "/mnt/biella-extra/biella-runtime/d03-01-package-negative-04/extracted/Engine/Content/Internationalization/icudt64l/en_BW.res" Offset 2590036.
[2026.09.06-15.01.33:134][  0]LogPakFile: Display: Extracted "Engine/Content/Internationalization/icudt64l/en_BZ.res" to "/mnt/biella-extra/biella-runtime/d03-01-package-negative-04/extracted/Engine/Content/Internationalization/icudt64l/en_BZ.res" Offset 2590349.
[2026.09.06-15.01.33:134][  0]LogPakFile: Display: Extracted "Engine/Content/Internationalization/icudt64l/en_CA.res" to "/mnt/biella-extra/biella-runtime/d03-01-package-negative-04/extracted/Engine/Content/Internationalization/icudt64l/en_CA.res" Offset 2590646.
[2026.09.06-15.01.33:135][  0]LogPakFile: Display: Extracted "Engine/Content/Internationalization/icudt64l/en_CC.res" to "/mnt/biella-extra/biella-runtime/d03-01-package-negative-04/extracted/Engine/Content/Internationalization/icudt64l/en_CC.res" Offset 2592555.
[2026.09.06-15.01.33:135][  0]LogPakFile: Display: Extracted "Engine/Content/Internationalization/icudt64l/en_CH.res" to "/mnt/biella-extra/biella-runtime/d03-01-package-negative-04/extracted/Engine/Content/Internationalization/icudt64l/en_CH.res" Offset 2592744.
[2026.09.06-15.01.33:135][  0]LogPakFile: Display: Extracted "Engine/Content/Internationalization/icudt64l/en_CK.res" to "/mnt/biella-extra/biella-runtime/d03-01-package-negative-04/extracted/Engine/Content/Internationalization/icudt64l/en_CK.res" Offset 2593005.
[2026.09.06-15.01.33:135][  0]LogPakFile: Display: Extracted "Engine/Content/Internationalization/icudt64l/en_CM.res" to "/mnt/biella-extra/biella-runtime/d03-01-package-negative-04/extracted/Engine/Content/Internationalization/icudt64l/en_CM.res" Offset 2593194.
[2026.09.06-15.01.33:135][  0]LogPakFile: Display: Extracted "Engine/Content/Internationalization/icudt64l/en_CX.res" to "/mnt/biella-extra/biella-runtime/d03-01-package-negative-04/extracted/Engine/Content/Internationalization/icudt64l/en_CX.res" Offset 2593383.
[2026.09.06-15.01.33:135][  0]LogPakFile: Display: Extracted "Engine/Content/Internationalization/icudt64l/en_CY.res" to "/mnt/biella-extra/biella-runtime/d03-01-package-negative-04/extracted/Engine/Content/Internationalization/icudt64l/en_CY.res" Offset 2593572.
[2026.09.06-15.01.33:135][  0]LogPakFile: Display: Extracted "Engine/Content/Internationalization/icudt64l/en_DE.res" to "/mnt/biella-extra/biella-runtime/d03-01-package-negative-04/extracted/Engine/Content/Internationalization/icudt64l/en_DE.res" Offset 2593705.
[2026.09.06-15.01.33:135][  0]LogPakFile: Display: Extracted "Engine/Content/Internationalization/icudt64l/en_DG.res" to "/mnt/biella-extra/biella-runtime/d03-01-package-negative-04/extracted/Engine/Content/Internationalization/icudt64l/en_DG.res" Offset 2593898.
[2026.09.06-15.01.33:135][  0]LogPakFile: Display: Extracted "Engine/Content/Internationalization/icudt64l/en_DK.res" to "/mnt/biella-extra/biella-runtime/d03-01-package-negative-04/extracted/Engine/Content/Internationalization/icudt64l/en_DK.res" Offset 2594087.
[2026.09.06-15.01.33:135][  0]LogPakFile: Display: Extracted "Engine/Content/Internationalization/icudt64l/en_DM.res" to "/mnt/biella-extra/biella-runtime/d03-01-package-negative-04/extracted/Engine/Content/Internationalization/icudt64l/en_DM.res" Offset 2594556.
[2026.09.06-15.01.33:136][  0]LogPakFile: Display: Extracted "Engine/Content/Internationalization/icudt64l/en_ER.res" to "/mnt/biella-extra/biella-runtime/d03-01-package-negative-04/extracted/Engine/Content/Internationalization/icudt64l/en_ER.res" Offset 2594689.
[2026.09.06-15.01.33:136][  0]LogPakFile: Display: Extracted "Engine/Content/Internationalization/icudt64l/en_FI.res" to "/mnt/biella-extra/biella-runtime/d03-01-package-negative-04/extracted/Engine/Content/Internationalization/icudt64l/en_FI.res" Offset 2594822.
[2026.09.06-15.01.33:136][  0]LogPakFile: Display: Extracted "Engine/Content/Internationalization/icudt64l/en_FJ.res" to "/mnt/biella-extra/biella-runtime/d03-01-package-negative-04/extracted/Engine/Content/Internationalization/icudt64l/en_FJ.res" Offset 2595287.
[2026.09.06-15.01.33:136][  0]LogPakFile: Display: Extracted "Engine/Content/Internationalization/icudt64l/en_FK.res" to "/mnt/biella-extra/biella-runtime/d03-01-package-negative-04/extracted/Engine/Content/Internationalization/icudt64l/en_FK.res" Offset 2595420.
[2026.09.06-15.01.33:136][  0]LogPakFile: Display: Extracted "Engine/Content/Internationalization/icudt64l/en_FM.res" to "/mnt/biella-extra/biella-runtime/d03-01-package-negative-04/extracted/Engine/Content/Internationalization/icudt64l/en_FM.res" Offset 2595609.
[2026.09.06-15.01.33:136][  0]LogPakFile: Display: Extracted "Engine/Content/Internationalization/icudt64l/en_GB.res" to "/mnt/biella-extra/biella-runtime/d03-01-package-negative-04/extracted/Engine/Content/Internationalization/icudt64l/en_GB.res" Offset 2595742.
[2026.09.06-15.01.33:136][  0]LogPakFile: Display: Extracted "Engine/Content/Internationalization/icudt64l/en_GD.res" to "/mnt/biella-extra/biella-runtime/d03-01-package-negative-04/extracted/Engine/Content/Internationalization/icudt64l/en_GD.res" Offset 2596627.
[2026.09.06-15.01.33:136][  0]LogPakFile: Display: Extracted "Engine/Content/Internationalization/icudt64l/en_GG.res" to "/mnt/biella-extra/biella-runtime/d03-01-package-negative-04/extracted/Engine/Content/Internationalization/icudt64l/en_GG.res" Offset 2596760.
[2026.09.06-15.01.33:136][  0]LogPakFile: Display: Extracted "Engine/Content/Internationalization/icudt64l/en_GH.res" to "/mnt/biella-extra/biella-runtime/d03-01-package-negative-04/extracted/Engine/Content/Internationalization/icudt64l/en_GH.res" Offset 2596949.
[2026.09.06-15.01.33:137][  0]LogPakFile: Display: Extracted "Engine/Content/Internationalization/icudt64l/en_GI.res" to "/mnt/biella-extra/biella-runtime/d03-01-package-negative-04/extracted/Engine/Content/Internationalization/icudt64l/en_GI.res" Offset 2597082.
[2026.09.06-15.01.33:137][  0]LogPakFile: Display: Extracted "Engine/Content/Internationalization/icudt64l/en_GM.res" to "/mnt/biella-extra/biella-runtime/d03-01-package-negative-04/extracted/Engine/Content/Internationalization/icudt64l/en_GM.res" Offset 2597271.
[2026.09.06-15.01.33:137][  0]LogPakFile: Display: Extracted "Engine/Content/Internationalization/icudt64l/en_GU.res" to "/mnt/biella-extra/biella-runtime/d03-01-package-negative-04/extracted/Engine/Content/Internationalization/icudt64l/en_GU.res" Offset 2597404.
[2026.09.06-15.01.33:137][  0]LogPakFile: Display: Extracted "Engine/Content/Internationalization/icudt64l/en_GY.res" to "/mnt/biella-extra/biella-runtime/d03-01-package-negative-04/extracted/Engine/Content/Internationalization/icudt64l/en_GY.res" Offset 2597533.
[2026.09.06-15.01.33:137][  0]LogPakFile: Display: Extracted "Engine/Content/Internationalization/icudt64l/en_HK.res" to "/mnt/biella-extra/biella-runtime/d03-01-package-negative-04/extracted/Engine/Content/Internationalization/icudt64l/en_HK.res" Offset 2597666.
[2026.09.06-15.01.33:137][  0]LogPakFile: Display: Extracted "Engine/Content/Internationalization/icudt64l/en_IE.res" to "/mnt/biella-extra/biella-runtime/d03-01-package-negative-04/extracted/Engine/Content/Internationalization/icudt64l/en_IE.res" Offset 2598367.
[2026.09.06-15.01.33:137][  0]LogPakFile: Display: Extracted "Engine/Content/Internationalization/icudt64l/en_IL.res" to "/mnt/biella-extra/biella-runtime/d03-01-package-negative-04/extracted/Engine/Content/Internationalization/icudt64l/en_IL.res" Offset 2599056.
[2026.09.06-15.01.33:137][  0]LogPakFile: Display: Extracted "Engine/Content/Internationalization/icudt64l/en_IM.res" to "/mnt/biella-extra/biella-runtime/d03-01-package-negative-04/extracted/Engine/Content/Internationalization/icudt64l/en_IM.res" Offset 2599349.
[2026.09.06-15.01.33:137][  0]LogPakFile: Display: Extracted "Engine/Content/Internationalization/icudt64l/en_IN.res" to "/mnt/biella-extra/biella-runtime/d03-01-package-negative-04/extracted/Engine/Content/Internationalization/icudt64l/en_IN.res" Offset 2599538.
[2026.09.06-15.01.33:137][  0]LogPakFile: Display: Extracted "Engine/Content/Internationalization/icudt64l/en_IO.res" to "/mnt/biella-extra/biella-runtime/d03-01-package-negative-04/extracted/Engine/Content/Internationalization/icudt64l/en_IO.res" Offset 2600425.
[2026.09.06-15.01.33:138][  0]LogPakFile: Display: Extracted "Engine/Content/Internationalization/icudt64l/en_JE.res" to "/mnt/biella-extra/biella-runtime/d03-01-package-negative-04/extracted/Engine/Content/Internationalization/icudt64l/en_JE.res" Offset 2600614.
[2026.09.06-15.01.33:138][  0]LogPakFile: Display: Extracted "Engine/Content/Internationalization/icudt64l/en_JM.res" to "/mnt/biella-extra/biella-runtime/d03-01-package-negative-04/extracted/Engine/Content/Internationalization/icudt64l/en_JM.res" Offset 2600803.
[2026.09.06-15.01.33:138][  0]LogPakFile: Display: Extracted "Engine/Content/Internationalization/icudt64l/en_KE.res" to "/mnt/biella-extra/biella-runtime/d03-01-package-negative-04/extracted/Engine/Content/Internationalization/icudt64l/en_KE.res" Offset 2600936.
[2026.09.06-15.01.33:138][  0]LogPakFile: Display: Extracted "Engine/Content/Internationalization/icudt64l/en_KI.res" to "/mnt/biella-extra/biella-runtime/d03-01-package-negative-04/extracted/Engine/Content/Internationalization/icudt64l/en_KI.res" Offset 2601125.
[2026.09.06-15.01.33:138][  0]LogPakFile: Display: Extracted "Engine/Content/Internationalization/icudt64l/en_KN.res" to "/mnt/biella-extra/biella-runtime/d03-01-package-negative-04/extracted/Engine/Content/Internationalization/icudt64l/en_KN.res" Offset 2601258.
[2026.09.06-15.01.33:138][  0]LogPakFile: Display: Extracted "Engine/Content/Internationalization/icudt64l/en_KY.res" to "/mnt/biella-extra/biella-runtime/d03-01-package-negative-04/extracted/Engine/Content/Internationalization/icudt64l/en_KY.res" Offset 2601391.
[2026.09.06-15.01.33:138][  0]LogPakFile: Display: Extracted "Engine/Content/Internationalization/icudt64l/en_LC.res" to "/mnt/biella-extra/biella-runtime/d03-01-package-negative-04/extracted/Engine/Content/Internationalization/icudt64l/en_LC.res" Offset 2601524.
[2026.09.06-15.01.33:138][  0]LogPakFile: Display: Extracted "Engine/Content/Internationalization/icudt64l/en_LR.res" to "/mnt/biella-extra/biella-runtime/d03-01-package-negative-04/extracted/Engine/Content/Internationalization/icudt64l/en_LR.res" Offset 2601657.
[2026.09.06-15.01.33:138][  0]LogPakFile: Display: Extracted "Engine/Content/Internationalization/icudt64l/en_LS.res" to "/mnt/biella-extra/biella-runtime/d03-01-package-negative-04/extracted/Engine/Content/Internationalization/icudt64l/en_LS.res" Offset 2601790.
[2026.09.06-15.01.33:138][  0]LogPakFile: Display: Extracted "Engine/Content/Internationalization/icudt64l/en_MG.res" to "/mnt/biella-extra/biella-runtime/d03-01-package-negative-04/extracted/Engine/Content/Internationalization/icudt64l/en_MG.res" Offset 2601923.
[2026.09.06-15.01.33:139][  0]LogPakFile: Display: Extracted "Engine/Content/Internationalization/icudt64l/en_MH.res" to "/mnt/biella-extra/biella-runtime/d03-01-package-negative-04/extracted/Engine/Content/Internationalization/icudt64l/en_MH.res" Offset 2602112.
[2026.09.06-15.01.33:139][  0]LogPakFile: Display: Extracted "Engine/Content/Internationalization/icudt64l/en_MO.res" to "/mnt/biella-extra/biella-runtime/d03-01-package-negative-04/extracted/Engine/Content/Internationalization/icudt64l/en_MO.res" Offset 2602241.
[2026.09.06-15.01.33:139][  0]LogPakFile: Display: Extracted "Engine/Content/Internationalization/icudt64l/en_MP.res" to "/mnt/biella-extra/biella-runtime/d03-01-package-negative-04/extracted/Engine/Content/Internationalization/icudt64l/en_MP.res" Offset 2602374.
[2026.09.06-15.01.33:139][  0]LogPakFile: Display: Extracted "Engine/Content/Internationalization/icudt64l/en_MS.res" to "/mnt/biella-extra/biella-runtime/d03-01-package-negative-04/extracted/Engine/Content/Internationalization/icudt64l/en_MS.res" Offset 2602503.
[2026.09.06-15.01.33:139][  0]LogPakFile: Display: Extracted "Engine/Content/Internationalization/icudt64l/en_MT.res" to "/mnt/biella-extra/biella-runtime/d03-01-package-negative-04/extracted/Engine/Content/Internationalization/icudt64l/en_MT.res" Offset 2602692.
[2026.09.06-15.01.33:139][  0]LogPakFile: Display: Extracted "Engine/Content/Internationalization/icudt64l/en_MU.res" to "/mnt/biella-extra/biella-runtime/d03-01-package-negative-04/extracted/Engine/Content/Internationalization/icudt64l/en_MU.res" Offset 2602969.
[2026.09.06-15.01.33:139][  0]LogPakFile: Display: Extracted "Engine/Content/Internationalization/icudt64l/en_MW.res" to "/mnt/biella-extra/biella-runtime/d03-01-package-negative-04/extracted/Engine/Content/Internationalization/icudt64l/en_MW.res" Offset 2603158.
[2026.09.06-15.01.33:139][  0]LogPakFile: Display: Extracted "Engine/Content/Internationalization/icudt64l/en_MY.res" to "/mnt/biella-extra/biella-runtime/d03-01-package-negative-04/extracted/Engine/Content/Internationalization/icudt64l/en_MY.res" Offset 2603291.
[2026.09.06-15.01.33:139][  0]LogPakFile: Display: Extracted "Engine/Content/Internationalization/icudt64l/en_NA.res" to "/mnt/biella-extra/biella-runtime/d03-01-package-negative-04/extracted/Engine/Content/Internationalization/icudt64l/en_NA.res" Offset 2603424.
[2026.09.06-15.01.33:140][  0]LogPakFile: Display: Extracted "Engine/Content/Internationalization/icudt64l/en_NF.res" to "/mnt/biella-extra/biella-runtime/d03-01-package-negative-04/extracted/Engine/Content/Internationalization/icudt64l/en_NF.res" Offset 2603557.
[2026.09.06-15.01.33:140][  0]LogPakFile: Display: Extracted "Engine/Content/Internationalization/icudt64l/en_NG.res" to "/mnt/biella-extra/biella-runtime/d03-01-package-negative-04/extracted/Engine/Content/Internationalization/icudt64l/en_NG.res" Offset 2603746.
[2026.09.06-15.01.33:140][  0]LogPakFile: Display: Extracted "Engine/Content/Internationalization/icudt64l/en_NH.res" to "/mnt/biella-extra/biella-runtime/d03-01-package-negative-04/extracted/Engine/Content/Internationalization/icudt64l/en_NH.res" Offset 2603935.
[2026.09.06-15.01.33:140][  0]LogPakFile: Display: Extracted "Engine/Content/Internationalization/icudt64l/en_NL.res" to "/mnt/biella-extra/biella-runtime/d03-01-package-negative-04/extracted/Engine/Content/Internationalization/icudt64l/en_NL.res" Offset 2604076.
[2026.09.06-15.01.33:140][  0]LogPakFile: Display: Extracted "Engine/Content/Internationalization/icudt64l/en_NR.res" to "/mnt/biella-extra/biella-runtime/d03-01-package-negative-04/extracted/Engine/Content/Internationalization/icudt64l/en_NR.res" Offset 2604357.
[2026.09.06-15.01.33:140][  0]LogPakFile: Display: Extracted "Engine/Content/Internationalization/icudt64l/en_NU.res" to "/mnt/biella-extra/biella-runtime/d03-01-package-negative-04/extracted/Engine/Content/Internationalization/icudt64l/en_NU.res" Offset 2604546.
[2026.09.06-15.01.33:140][  0]LogPakFile: Display: Extracted "Engine/Content/Internationalization/icudt64l/en_NZ.res" to "/mnt/biella-extra/biella-runtime/d03-01-package-negative-04/extracted/Engine/Content/Internationalization/icudt64l/en_NZ.res" Offset 2604735.
[2026.09.06-15.01.33:140][  0]LogPakFile: Display: Extracted "Engine/Content/Internationalization/icudt64l/en_PG.res" to "/mnt/biella-extra/biella-runtime/d03-01-package-negative-04/extracted/Engine/Content/Internationalization/icudt64l/en_PG.res" Offset 2605428.
[2026.09.06-15.01.33:140][  0]LogPakFile: Display: Extracted "Engine/Content/Internationalization/icudt64l/en_PH.res" to "/mnt/biella-extra/biella-runtime/d03-01-package-negative-04/extracted/Engine/Content/Internationalization/icudt64l/en_PH.res" Offset 2605561.
[2026.09.06-15.01.33:140][  0]LogPakFile: Display: Extracted "Engine/Content/Internationalization/icudt64l/en_PK.res" to "/mnt/biella-extra/biella-runtime/d03-01-package-negative-04/extracted/Engine/Content/Internationalization/icudt64l/en_PK.res" Offset 2605694.
[2026.09.06-15.01.33:141][  0]LogPakFile: Display: Extracted "Engine/Content/Internationalization/icudt64l/en_PN.res" to "/mnt/biella-extra/biella-runtime/d03-01-package-negative-04/extracted/Engine/Content/Internationalization/icudt64l/en_PN.res" Offset 2605927.
[2026.09.06-15.01.33:141][  0]LogPakFile: Display: Extracted "Engine/Content/Internationalization/icudt64l/en_PR.res" to "/mnt/biella-extra/biella-runtime/d03-01-package-negative-04/extracted/Engine/Content/Internationalization/icudt64l/en_PR.res" Offset 2606116.
[2026.09.06-15.01.33:141][  0]LogPakFile: Display: Extracted "Engine/Content/Internationalization/icudt64l/en_PW.res" to "/mnt/biella-extra/biella-runtime/d03-01-package-negative-04/extracted/Engine/Content/Internationalization/icudt64l/en_PW.res" Offset 2606245.
[2026.09.06-15.01.33:141][  0]LogPakFile: Display: Extracted "Engine/Content/Internationalization/icudt64l/en_RH.res" to "/mnt/biella-extra/biella-runtime/d03-01-package-negative-04/extracted/Engine/Content/Internationalization/icudt64l/en_RH.res" Offset 2606378.
[2026.09.06-15.01.33:141][  0]LogPakFile: Display: Extracted "Engine/Content/Internationalization/icudt64l/en_RW.res" to "/mnt/biella-extra/biella-runtime/d03-01-package-negative-04/extracted/Engine/Content/Internationalization/icudt64l/en_RW.res" Offset 2606519.
[2026.09.06-15.01.33:141][  0]LogPakFile: Display: Extracted "Engine/Content/Internationalization/icudt64l/en_SB.res" to "/mnt/biella-extra/biella-runtime/d03-01-package-negative-04/extracted/Engine/Content/Internationalization/icudt64l/en_SB.res" Offset 2606708.
[2026.09.06-15.01.33:141][  0]LogPakFile: Display: Extracted "Engine/Content/Internationalization/icudt64l/en_SC.res" to "/mnt/biella-extra/biella-runtime/d03-01-package-negative-04/extracted/Engine/Content/Internationalization/icudt64l/en_SC.res" Offset 2606841.
[2026.09.06-15.01.33:141][  0]LogPakFile: Display: Extracted "Engine/Content/Internationalization/icudt64l/en_SD.res" to "/mnt/biella-extra/biella-runtime/d03-01-package-negative-04/extracted/Engine/Content/Internationalization/icudt64l/en_SD.res" Offset 2607030.
[2026.09.06-15.01.33:141][  0]LogPakFile: Display: Extracted "Engine/Content/Internationalization/icudt64l/en_SE.res" to "/mnt/biella-extra/biella-runtime/d03-01-package-negative-04/extracted/Engine/Content/Internationalization/icudt64l/en_SE.res" Offset 2607163.
[2026.09.06-15.01.33:141][  0]LogPakFile: Display: Extracted "Engine/Content/Internationalization/icudt64l/en_SG.res" to "/mnt/biella-extra/biella-runtime/d03-01-package-negative-04/extracted/Engine/Content/Internationalization/icudt64l/en_SG.res" Offset 2607548.
[2026.09.06-15.01.33:142][  0]LogPakFile: Display: Extracted "Engine/Content/Internationalization/icudt64l/en_SH.res" to "/mnt/biella-extra/biella-runtime/d03-01-package-negative-04/extracted/Engine/Content/Internationalization/icudt64l/en_SH.res" Offset 2608457.
[2026.09.06-15.01.33:142][  0]LogPakFile: Display: Extracted "Engine/Content/Internationalization/icudt64l/en_SI.res" to "/mnt/biella-extra/biella-runtime/d03-01-package-negative-04/extracted/Engine/Content/Internationalization/icudt64l/en_SI.res" Offset 2608646.
[2026.09.06-15.01.33:142][  0]LogPakFile: Display: Extracted "Engine/Content/Internationalization/icudt64l/en_SL.res" to "/mnt/biella-extra/biella-runtime/d03-01-package-negative-04/extracted/Engine/Content/Internationalization/icudt64l/en_SL.res" Offset 2608883.
[2026.09.06-15.01.33:142][  0]LogPakFile: Display: Extracted "Engine/Content/Internationalization/icudt64l/en_SS.res" to "/mnt/biella-extra/biella-runtime/d03-01-package-negative-04/extracted/Engine/Content/Internationalization/icudt64l/en_SS.res" Offset 2609016.
[2026.09.06-15.01.33:142][  0]LogPakFile: Display: Extracted "Engine/Content/Internationalization/icudt64l/en_SX.res" to "/mnt/biella-extra/biella-runtime/d03-01-package-negative-04/extracted/Engine/Content/Internationalization/icudt64l/en_SX.res" Offset 2609149.
[2026.09.06-15.01.33:142][  0]LogPakFile: Display: Extracted "Engine/Content/Internationalization/icudt64l/en_SZ.res" to "/mnt/biella-extra/biella-runtime/d03-01-package-negative-04/extracted/Engine/Content/Internationalization/icudt64l/en_SZ.res" Offset 2609338.
[2026.09.06-15.01.33:142][  0]LogPakFile: Display: Extracted "Engine/Content/Internationalization/icudt64l/en_TC.res" to "/mnt/biella-extra/biella-runtime/d03-01-package-negative-04/extracted/Engine/Content/Internationalization/icudt64l/en_TC.res" Offset 2609471.
[2026.09.06-15.01.33:142][  0]LogPakFile: Display: Extracted "Engine/Content/Internationalization/icudt64l/en_TK.res" to "/mnt/biella-extra/biella-runtime/d03-01-package-negative-04/extracted/Engine/Content/Internationalization/icudt64l/en_TK.res" Offset 2609604.
[2026.09.06-15.01.33:142][  0]LogPakFile: Display: Extracted "Engine/Content/Internationalization/icudt64l/en_TO.res" to "/mnt/biella-extra/biella-runtime/d03-01-package-negative-04/extracted/Engine/Content/Internationalization/icudt64l/en_TO.res" Offset 2609793.
[2026.09.06-15.01.33:143][  0]LogPakFile: Display: Extracted "Engine/Content/Internationalization/icudt64l/en_TT.res" to "/mnt/biella-extra/biella-runtime/d03-01-package-negative-04/extracted/Engine/Content/Internationalization/icudt64l/en_TT.res" Offset 2609926.
[2026.09.06-15.01.33:143][  0]LogPakFile: Display: Extracted "Engine/Content/Internationalization/icudt64l/en_TV.res" to "/mnt/biella-extra/biella-runtime/d03-01-package-negative-04/extracted/Engine/Content/Internationalization/icudt64l/en_TV.res" Offset 2610059.
[2026.09.06-15.01.33:143][  0]LogPakFile: Display: Extracted "Engine/Content/Internationalization/icudt64l/en_TZ.res" to "/mnt/biella-extra/biella-runtime/d03-01-package-negative-04/extracted/Engine/Content/Internationalization/icudt64l/en_TZ.res" Offset 2610248.
[2026.09.06-15.01.33:143][  0]LogPakFile: Display: Extracted "Engine/Content/Internationalization/icudt64l/en_UG.res" to "/mnt/biella-extra/biella-runtime/d03-01-package-negative-04/extracted/Engine/Content/Internationalization/icudt64l/en_UG.res" Offset 2610437.
[2026.09.06-15.01.33:143][  0]LogPakFile: Display: Extracted "Engine/Content/Internationalization/icudt64l/en_UM.res" to "/mnt/biella-extra/biella-runtime/d03-01-package-negative-04/extracted/Engine/Content/Internationalization/icudt64l/en_UM.res" Offset 2610626.
[2026.09.06-15.01.33:143][  0]LogPakFile: Display: Extracted "Engine/Content/Internationalization/icudt64l/en_US.res" to "/mnt/biella-extra/biella-runtime/d03-01-package-negative-04/extracted/Engine/Content/Internationalization/icudt64l/en_US.res" Offset 2610755.
[2026.09.06-15.01.33:143][  0]LogPakFile: Display: Extracted "Engine/Content/Internationalization/icudt64l/en_US_POSIX.res" to "/mnt/biella-extra/biella-runtime/d03-01-package-negative-04/extracted/Engine/Content/Internationalization/icudt64l/en_US_POSIX.res" Offset 2610884.
[2026.09.06-15.01.33:143][  0]LogPakFile: Display: Extracted "Engine/Content/Internationalization/icudt64l/en_VC.res" to "/mnt/biella-extra/biella-runtime/d03-01-package-negative-04/extracted/Engine/Content/Internationalization/icudt64l/en_VC.res" Offset 2611229.
[2026.09.06-15.01.33:143][  0]LogPakFile: Display: Extracted "Engine/Content/Internationalization/icudt64l/en_VG.res" to "/mnt/biella-extra/biella-runtime/d03-01-package-negative-04/extracted/Engine/Content/Internationalization/icudt64l/en_VG.res" Offset 2611362.
[2026.09.06-15.01.33:144][  0]LogPakFile: Display: Extracted "Engine/Content/Internationalization/icudt64l/en_VI.res" to "/mnt/biella-extra/biella-runtime/d03-01-package-negative-04/extracted/Engine/Content/Internationalization/icudt64l/en_VI.res" Offset 2611495.
[2026.09.06-15.01.33:144][  0]LogPakFile: Display: Extracted "Engine/Content/Internationalization/icudt64l/en_VU.res" to "/mnt/biella-extra/biella-runtime/d03-01-package-negative-04/extracted/Engine/Content/Internationalization/icudt64l/en_VU.res" Offset 2611624.
[2026.09.06-15.01.33:144][  0]LogPakFile: Display: Extracted "Engine/Content/Internationalization/icudt64l/en_WS.res" to "/mnt/biella-extra/biella-runtime/d03-01-package-negative-04/extracted/Engine/Content/Internationalization/icudt64l/en_WS.res" Offset 2611757.
[2026.09.06-15.01.33:144][  0]LogPakFile: Display: Extracted "Engine/Content/Internationalization/icudt64l/en_ZA.res" to "/mnt/biella-extra/biella-runtime/d03-01-package-negative-04/extracted/Engine/Content/Internationalization/icudt64l/en_ZA.res" Offset 2611890.
[2026.09.06-15.01.33:144][  0]LogPakFile: Display: Extracted "Engine/Content/Internationalization/icudt64l/en_ZM.res" to "/mnt/biella-extra/biella-runtime/d03-01-package-negative-04/extracted/Engine/Content/Internationalization/icudt64l/en_ZM.res" Offset 2612527.
[2026.09.06-15.01.33:144][  0]LogPakFile: Display: Extracted "Engine/Content/Internationalization/icudt64l/en_ZW.res" to "/mnt/biella-extra/biella-runtime/d03-01-package-negative-04/extracted/Engine/Content/Internationalization/icudt64l/en_ZW.res" Offset 2612660.
[2026.09.06-15.01.33:144][  0]LogPakFile: Display: Extracted "Engine/Content/Internationalization/icudt64l/genderList.res" to "/mnt/biella-extra/biella-runtime/d03-01-package-negative-04/extracted/Engine/Content/Internationalization/icudt64l/genderList.res" Offset 2613069.
[2026.09.06-15.01.33:144][  0]LogPakFile: Display: Extracted "Engine/Content/Internationalization/icudt64l/icustd.res" to "/mnt/biella-extra/biella-runtime/d03-01-package-negative-04/extracted/Engine/Content/Internationalization/icudt64l/icustd.res" Offset 2613658.
[2026.09.06-15.01.33:144][  0]LogPakFile: Display: Extracted "Engine/Content/Internationalization/icudt64l/icuver.res" to "/mnt/biella-extra/biella-runtime/d03-01-package-negative-04/extracted/Engine/Content/Internationalization/icudt64l/icuver.res" Offset 2613799.
[2026.09.06-15.01.33:145][  0]LogPakFile: Display: Extracted "Engine/Content/Internationalization/icudt64l/keyTypeData.res" to "/mnt/biella-extra/biella-runtime/d03-01-package-negative-04/extracted/Engine/Content/Internationalization/icudt64l/keyTypeData.res" Offset 2613972.
[2026.09.06-15.01.33:145][  0]LogPakFile: Display: Extracted "Engine/Content/Internationalization/icudt64l/likelySubtags.res" to "/mnt/biella-extra/biella-runtime/d03-01-package-negative-04/extracted/Engine/Content/Internationalization/icudt64l/likelySubtags.res" Offset 2648408.
[2026.09.06-15.01.33:145][  0]LogPakFile: Display: Extracted "Engine/Content/Internationalization/icudt64l/metadata.res" to "/mnt/biella-extra/biella-runtime/d03-01-package-negative-04/extracted/Engine/Content/Internationalization/icudt64l/metadata.res" Offset 2665048.
[2026.09.06-15.01.33:145][  0]LogPakFile: Display: Extracted "Engine/Content/Internationalization/icudt64l/metaZones.res" to "/mnt/biella-extra/biella-runtime/d03-01-package-negative-04/extracted/Engine/Content/Internationalization/icudt64l/metaZones.res" Offset 2678762.
[2026.09.06-15.01.33:145][  0]LogPakFile: Display: Extracted "Engine/Content/Internationalization/icudt64l/nfkc.nrm" to "/mnt/biella-extra/biella-runtime/d03-01-package-negative-04/extracted/Engine/Content/Internationalization/icudt64l/nfkc.nrm" Offset 2692909.
[2026.09.06-15.01.33:146][  0]LogPakFile: Display: Extracted "Engine/Content/Internationalization/icudt64l/nfkc_cf.nrm" to "/mnt/biella-extra/biella-runtime/d03-01-package-negative-04/extracted/Engine/Content/Internationalization/icudt64l/nfkc_cf.nrm" Offset 2716448.
[2026.09.06-15.01.33:146][  0]LogPakFile: Display: Extracted "Engine/Content/Internationalization/icudt64l/numberingSystems.res" to "/mnt/biella-extra/biella-runtime/d03-01-package-negative-04/extracted/Engine/Content/Internationalization/icudt64l/numberingSystems.res" Offset 2737296.
[2026.09.06-15.01.33:146][  0]LogPakFile: Display: Extracted "Engine/Content/Internationalization/icudt64l/pluralRanges.res" to "/mnt/biella-extra/biella-runtime/d03-01-package-negative-04/extracted/Engine/Content/Internationalization/icudt64l/pluralRanges.res" Offset 2739786.
[2026.09.06-15.01.33:146][  0]LogPakFile: Display: Extracted "Engine/Content/Internationalization/icudt64l/plurals.res" to "/mnt/biella-extra/biella-runtime/d03-01-package-negative-04/extracted/Engine/Content/Internationalization/icudt64l/plurals.res" Offset 2741255.
[2026.09.06-15.01.33:146][  0]LogPakFile: Display: Extracted "Engine/Content/Internationalization/icudt64l/pool.res" to "/mnt/biella-extra/biella-runtime/d03-01-package-negative-04/extracted/Engine/Content/Internationalization/icudt64l/pool.res" Offset 2746779.
[2026.09.06-15.01.33:146][  0]LogPakFile: Display: Extracted "Engine/Content/Internationalization/icudt64l/root.res" to "/mnt/biella-extra/biella-runtime/d03-01-package-negative-04/extracted/Engine/Content/Internationalization/icudt64l/root.res" Offset 2776113.
[2026.09.06-15.01.33:147][  0]LogPakFile: Display: Extracted "Engine/Content/Internationalization/icudt64l/supplementalData.res" to "/mnt/biella-extra/biella-runtime/d03-01-package-negative-04/extracted/Engine/Content/Internationalization/icudt64l/supplementalData.res" Offset 2787224.
[2026.09.06-15.01.33:147][  0]LogPakFile: Display: Extracted "Engine/Content/Internationalization/icudt64l/timezoneTypes.res" to "/mnt/biella-extra/biella-runtime/d03-01-package-negative-04/extracted/Engine/Content/Internationalization/icudt64l/timezoneTypes.res" Offset 2878247.
[2026.09.06-15.01.33:147][  0]LogPakFile: Display: Extracted "Engine/Content/Internationalization/icudt64l/ulayout.icu" to "/mnt/biella-extra/biella-runtime/d03-01-package-negative-04/extracted/Engine/Content/Internationalization/icudt64l/ulayout.icu" Offset 3101840.
[2026.09.06-15.01.33:148][  0]LogPakFile: Display: Extracted "Engine/Content/Internationalization/icudt64l/unames.icu" to "/mnt/biella-extra/biella-runtime/d03-01-package-negative-04/extracted/Engine/Content/Internationalization/icudt64l/unames.icu" Offset 3105954.
[2026.09.06-15.01.33:148][  0]LogPakFile: Display: Extracted "Engine/Content/Internationalization/icudt64l/uts46.nrm" to "/mnt/biella-extra/biella-runtime/d03-01-package-negative-04/extracted/Engine/Content/Internationalization/icudt64l/uts46.nrm" Offset 3268070.
[2026.09.06-15.01.33:148][  0]LogPakFile: Display: Extracted "Engine/Content/Internationalization/icudt64l/windowsZones.res" to "/mnt/biella-extra/biella-runtime/d03-01-package-negative-04/extracted/Engine/Content/Internationalization/icudt64l/windowsZones.res" Offset 3289978.
[2026.09.06-15.01.33:149][  0]LogPakFile: Display: Extracted "Engine/Content/Internationalization/icudt64l/zoneinfo64.res" to "/mnt/biella-extra/biella-runtime/d03-01-package-negative-04/extracted/Engine/Content/Internationalization/icudt64l/zoneinfo64.res" Offset 3322682.
[2026.09.06-15.01.33:149][  0]LogPakFile: Display: Extracted "Engine/Content/Internationalization/icudt64l/brkitr/char.brk" to "/mnt/biella-extra/biella-runtime/d03-01-package-negative-04/extracted/Engine/Content/Internationalization/icudt64l/brkitr/char.brk" Offset 2262779.
[2026.09.06-15.01.33:149][  0]LogPakFile: Display: Extracted "Engine/Content/Internationalization/icudt64l/brkitr/en.res" to "/mnt/biella-extra/biella-runtime/d03-01-package-negative-04/extracted/Engine/Content/Internationalization/icudt64l/brkitr/en.res" Offset 2265666.
[2026.09.06-15.01.33:149][  0]LogPakFile: Display: Extracted "Engine/Content/Internationalization/icudt64l/brkitr/en_US.res" to "/mnt/biella-extra/biella-runtime/d03-01-package-negative-04/extracted/Engine/Content/Internationalization/icudt64l/brkitr/en_US.res" Offset 2266682.
[2026.09.06-15.01.33:149][  0]LogPakFile: Display: Extracted "Engine/Content/Internationalization/icudt64l/brkitr/en_US_POSIX.res" to "/mnt/biella-extra/biella-runtime/d03-01-package-negative-04/extracted/Engine/Content/Internationalization/icudt64l/brkitr/en_US_POSIX.res" Offset 2266835.
[2026.09.06-15.01.33:150][  0]LogPakFile: Display: Extracted "Engine/Content/Internationalization/icudt64l/brkitr/line.brk" to "/mnt/biella-extra/biella-runtime/d03-01-package-negative-04/extracted/Engine/Content/Internationalization/icudt64l/brkitr/line.brk" Offset 2267076.
[2026.09.06-15.01.33:150][  0]LogPakFile: Display: Extracted "Engine/Content/Internationalization/icudt64l/brkitr/line_loose.brk" to "/mnt/biella-extra/biella-runtime/d03-01-package-negative-04/extracted/Engine/Content/Internationalization/icudt64l/brkitr/line_loose.brk" Offset 2273517.
[2026.09.06-15.01.33:150][  0]LogPakFile: Display: Extracted "Engine/Content/Internationalization/icudt64l/brkitr/line_normal.brk" to "/mnt/biella-extra/biella-runtime/d03-01-package-negative-04/extracted/Engine/Content/Internationalization/icudt64l/brkitr/line_normal.brk" Offset 2279984.
[2026.09.06-15.01.33:150][  0]LogPakFile: Display: Extracted "Engine/Content/Internationalization/icudt64l/brkitr/root.res" to "/mnt/biella-extra/biella-runtime/d03-01-package-negative-04/extracted/Engine/Content/Internationalization/icudt64l/brkitr/root.res" Offset 2286389.
[2026.09.06-15.01.33:151][  0]LogPakFile: Display: Extracted "Engine/Content/Internationalization/icudt64l/brkitr/sent.brk" to "/mnt/biella-extra/biella-runtime/d03-01-package-negative-04/extracted/Engine/Content/Internationalization/icudt64l/brkitr/sent.brk" Offset 2287102.
[2026.09.06-15.01.33:151][  0]LogPakFile: Display: Extracted "Engine/Content/Internationalization/icudt64l/brkitr/sent_el.brk" to "/mnt/biella-extra/biella-runtime/d03-01-package-negative-04/extracted/Engine/Content/Internationalization/icudt64l/brkitr/sent_el.brk" Offset 2292023.
[2026.09.06-15.01.33:151][  0]LogPakFile: Display: Extracted "Engine/Content/Internationalization/icudt64l/brkitr/title.brk" to "/mnt/biella-extra/biella-runtime/d03-01-package-negative-04/extracted/Engine/Content/Internationalization/icudt64l/brkitr/title.brk" Offset 2296980.
[2026.09.06-15.01.33:151][  0]LogPakFile: Display: Extracted "Engine/Content/Internationalization/icudt64l/brkitr/word.brk" to "/mnt/biella-extra/biella-runtime/d03-01-package-negative-04/extracted/Engine/Content/Internationalization/icudt64l/brkitr/word.brk" Offset 2299516.
[2026.09.06-15.01.33:151][  0]LogPakFile: Display: Extracted "Engine/Content/Internationalization/icudt64l/brkitr/word_POSIX.brk" to "/mnt/biella-extra/biella-runtime/d03-01-package-negative-04/extracted/Engine/Content/Internationalization/icudt64l/brkitr/word_POSIX.brk" Offset 2305181.
[2026.09.06-15.01.33:152][  0]LogPakFile: Display: Extracted "Engine/Content/Internationalization/icudt64l/coll/en.res" to "/mnt/biella-extra/biella-runtime/d03-01-package-negative-04/extracted/Engine/Content/Internationalization/icudt64l/coll/en.res" Offset 2338426.
[2026.09.06-15.01.33:152][  0]LogPakFile: Display: Extracted "Engine/Content/Internationalization/icudt64l/coll/en_US.res" to "/mnt/biella-extra/biella-runtime/d03-01-package-negative-04/extracted/Engine/Content/Internationalization/icudt64l/coll/en_US.res" Offset 2338579.
[2026.09.06-15.01.33:152][  0]LogPakFile: Display: Extracted "Engine/Content/Internationalization/icudt64l/coll/en_US_POSIX.res" to "/mnt/biella-extra/biella-runtime/d03-01-package-negative-04/extracted/Engine/Content/Internationalization/icudt64l/coll/en_US_POSIX.res" Offset 2338732.
[2026.09.06-15.01.33:153][  0]LogPakFile: Display: Extracted "Engine/Content/Internationalization/icudt64l/coll/root.res" to "/mnt/biella-extra/biella-runtime/d03-01-package-negative-04/extracted/Engine/Content/Internationalization/icudt64l/coll/root.res" Offset 2341706.
[2026.09.06-15.01.33:154][  0]LogPakFile: Display: Extracted "Engine/Content/Internationalization/icudt64l/coll/ucadata.icu" to "/mnt/biella-extra/biella-runtime/d03-01-package-negative-04/extracted/Engine/Content/Internationalization/icudt64l/coll/ucadata.icu" Offset 2388392.
[2026.09.06-15.01.33:154][  0]LogPakFile: Display: Extracted "Engine/Content/Internationalization/icudt64l/curr/en.res" to "/mnt/biella-extra/biella-runtime/d03-01-package-negative-04/extracted/Engine/Content/Internationalization/icudt64l/curr/en.res" Offset 2531218.
[2026.09.06-15.01.33:155][  0]LogPakFile: Display: Extracted "Engine/Content/Internationalization/icudt64l/curr/en_001.res" to "/mnt/biella-extra/biella-runtime/d03-01-package-negative-04/extracted/Engine/Content/Internationalization/icudt64l/curr/en_001.res" Offset 2542166.
[2026.09.06-15.01.33:155][  0]LogPakFile: Display: Extracted "Engine/Content/Internationalization/icudt64l/curr/en_150.res" to "/mnt/biella-extra/biella-runtime/d03-01-package-negative-04/extracted/Engine/Content/Internationalization/icudt64l/curr/en_150.res" Offset 2542767.
[2026.09.06-15.01.33:155][  0]LogPakFile: Display: Extracted "Engine/Content/Internationalization/icudt64l/curr/en_AE.res" to "/mnt/biella-extra/biella-runtime/d03-01-package-negative-04/extracted/Engine/Content/Internationalization/icudt64l/curr/en_AE.res" Offset 2542976.
[2026.09.06-15.01.33:155][  0]LogPakFile: Display: Extracted "Engine/Content/Internationalization/icudt64l/curr/en_AG.res" to "/mnt/biella-extra/biella-runtime/d03-01-package-negative-04/extracted/Engine/Content/Internationalization/icudt64l/curr/en_AG.res" Offset 2543157.
[2026.09.06-15.01.33:155][  0]LogPakFile: Display: Extracted "Engine/Content/Internationalization/icudt64l/curr/en_AI.res" to "/mnt/biella-extra/biella-runtime/d03-01-package-negative-04/extracted/Engine/Content/Internationalization/icudt64l/curr/en_AI.res" Offset 2543314.
[2026.09.06-15.01.33:155][  0]LogPakFile: Display: Extracted "Engine/Content/Internationalization/icudt64l/curr/en_AT.res" to "/mnt/biella-extra/biella-runtime/d03-01-package-negative-04/extracted/Engine/Content/Internationalization/icudt64l/curr/en_AT.res" Offset 2543471.
[2026.09.06-15.01.33:155][  0]LogPakFile: Display: Extracted "Engine/Content/Internationalization/icudt64l/curr/en_AU.res" to "/mnt/biella-extra/biella-runtime/d03-01-package-negative-04/extracted/Engine/Content/Internationalization/icudt64l/curr/en_AU.res" Offset 2543604.
[2026.09.06-15.01.33:156][  0]LogPakFile: Display: Extracted "Engine/Content/Internationalization/icudt64l/curr/en_BB.res" to "/mnt/biella-extra/biella-runtime/d03-01-package-negative-04/extracted/Engine/Content/Internationalization/icudt64l/curr/en_BB.res" Offset 2544775.
[2026.09.06-15.01.33:156][  0]LogPakFile: Display: Extracted "Engine/Content/Internationalization/icudt64l/curr/en_BE.res" to "/mnt/biella-extra/biella-runtime/d03-01-package-negative-04/extracted/Engine/Content/Internationalization/icudt64l/curr/en_BE.res" Offset 2544932.
[2026.09.06-15.01.33:156][  0]LogPakFile: Display: Extracted "Engine/Content/Internationalization/icudt64l/curr/en_BI.res" to "/mnt/biella-extra/biella-runtime/d03-01-package-negative-04/extracted/Engine/Content/Internationalization/icudt64l/curr/en_BI.res" Offset 2545065.
[2026.09.06-15.01.33:156][  0]LogPakFile: Display: Extracted "Engine/Content/Internationalization/icudt64l/curr/en_BM.res" to "/mnt/biella-extra/biella-runtime/d03-01-package-negative-04/extracted/Engine/Content/Internationalization/icudt64l/curr/en_BM.res" Offset 2545226.
[2026.09.06-15.01.33:156][  0]LogPakFile: Display: Extracted "Engine/Content/Internationalization/icudt64l/curr/en_BS.res" to "/mnt/biella-extra/biella-runtime/d03-01-package-negative-04/extracted/Engine/Content/Internationalization/icudt64l/curr/en_BS.res" Offset 2545383.
[2026.09.06-15.01.33:156][  0]LogPakFile: Display: Extracted "Engine/Content/Internationalization/icudt64l/curr/en_BW.res" to "/mnt/biella-extra/biella-runtime/d03-01-package-negative-04/extracted/Engine/Content/Internationalization/icudt64l/curr/en_BW.res" Offset 2545540.
[2026.09.06-15.01.33:156][  0]LogPakFile: Display: Extracted "Engine/Content/Internationalization/icudt64l/curr/en_BZ.res" to "/mnt/biella-extra/biella-runtime/d03-01-package-negative-04/extracted/Engine/Content/Internationalization/icudt64l/curr/en_BZ.res" Offset 2545701.
[2026.09.06-15.01.33:157][  0]LogPakFile: Display: Extracted "Engine/Content/Internationalization/icudt64l/curr/en_CA.res" to "/mnt/biella-extra/biella-runtime/d03-01-package-negative-04/extracted/Engine/Content/Internationalization/icudt64l/curr/en_CA.res" Offset 2545858.
[2026.09.06-15.01.33:157][  0]LogPakFile: Display: Extracted "Engine/Content/Internationalization/icudt64l/curr/en_CC.res" to "/mnt/biella-extra/biella-runtime/d03-01-package-negative-04/extracted/Engine/Content/Internationalization/icudt64l/curr/en_CC.res" Offset 2546119.
[2026.09.06-15.01.33:157][  0]LogPakFile: Display: Extracted "Engine/Content/Internationalization/icudt64l/curr/en_CH.res" to "/mnt/biella-extra/biella-runtime/d03-01-package-negative-04/extracted/Engine/Content/Internationalization/icudt64l/curr/en_CH.res" Offset 2546276.
[2026.09.06-15.01.33:157][  0]LogPakFile: Display: Extracted "Engine/Content/Internationalization/icudt64l/curr/en_CK.res" to "/mnt/biella-extra/biella-runtime/d03-01-package-negative-04/extracted/Engine/Content/Internationalization/icudt64l/curr/en_CK.res" Offset 2546429.
[2026.09.06-15.01.33:157][  0]LogPakFile: Display: Extracted "Engine/Content/Internationalization/icudt64l/curr/en_CM.res" to "/mnt/biella-extra/biella-runtime/d03-01-package-negative-04/extracted/Engine/Content/Internationalization/icudt64l/curr/en_CM.res" Offset 2546586.
[2026.09.06-15.01.33:157][  0]LogPakFile: Display: Extracted "Engine/Content/Internationalization/icudt64l/curr/en_CX.res" to "/mnt/biella-extra/biella-runtime/d03-01-package-negative-04/extracted/Engine/Content/Internationalization/icudt64l/curr/en_CX.res" Offset 2546719.
[2026.09.06-15.01.33:157][  0]LogPakFile: Display: Extracted "Engine/Content/Internationalization/icudt64l/curr/en_CY.res" to "/mnt/biella-extra/biella-runtime/d03-01-package-negative-04/extracted/Engine/Content/Internationalization/icudt64l/curr/en_CY.res" Offset 2546876.
[2026.09.06-15.01.33:157][  0]LogPakFile: Display: Extracted "Engine/Content/Internationalization/icudt64l/curr/en_DE.res" to "/mnt/biella-extra/biella-runtime/d03-01-package-negative-04/extracted/Engine/Content/Internationalization/icudt64l/curr/en_DE.res" Offset 2547009.
[2026.09.06-15.01.33:157][  0]LogPakFile: Display: Extracted "Engine/Content/Internationalization/icudt64l/curr/en_DG.res" to "/mnt/biella-extra/biella-runtime/d03-01-package-negative-04/extracted/Engine/Content/Internationalization/icudt64l/curr/en_DG.res" Offset 2547142.
[2026.09.06-15.01.33:157][  0]LogPakFile: Display: Extracted "Engine/Content/Internationalization/icudt64l/curr/en_DK.res" to "/mnt/biella-extra/biella-runtime/d03-01-package-negative-04/extracted/Engine/Content/Internationalization/icudt64l/curr/en_DK.res" Offset 2547275.
[2026.09.06-15.01.33:158][  0]LogPakFile: Display: Extracted "Engine/Content/Internationalization/icudt64l/curr/en_DM.res" to "/mnt/biella-extra/biella-runtime/d03-01-package-negative-04/extracted/Engine/Content/Internationalization/icudt64l/curr/en_DM.res" Offset 2547440.
[2026.09.06-15.01.33:158][  0]LogPakFile: Display: Extracted "Engine/Content/Internationalization/icudt64l/curr/en_ER.res" to "/mnt/biella-extra/biella-runtime/d03-01-package-negative-04/extracted/Engine/Content/Internationalization/icudt64l/curr/en_ER.res" Offset 2547597.
[2026.09.06-15.01.33:158][  0]LogPakFile: Display: Extracted "Engine/Content/Internationalization/icudt64l/curr/en_FI.res" to "/mnt/biella-extra/biella-runtime/d03-01-package-negative-04/extracted/Engine/Content/Internationalization/icudt64l/curr/en_FI.res" Offset 2547762.
[2026.09.06-15.01.33:158][  0]LogPakFile: Display: Extracted "Engine/Content/Internationalization/icudt64l/curr/en_FJ.res" to "/mnt/biella-extra/biella-runtime/d03-01-package-negative-04/extracted/Engine/Content/Internationalization/icudt64l/curr/en_FJ.res" Offset 2547895.
[2026.09.06-15.01.33:158][  0]LogPakFile: Display: Extracted "Engine/Content/Internationalization/icudt64l/curr/en_FK.res" to "/mnt/biella-extra/biella-runtime/d03-01-package-negative-04/extracted/Engine/Content/Internationalization/icudt64l/curr/en_FK.res" Offset 2548052.
[2026.09.06-15.01.33:158][  0]LogPakFile: Display: Extracted "Engine/Content/Internationalization/icudt64l/curr/en_FM.res" to "/mnt/biella-extra/biella-runtime/d03-01-package-negative-04/extracted/Engine/Content/Internationalization/icudt64l/curr/en_FM.res" Offset 2548225.
[2026.09.06-15.01.33:158][  0]LogPakFile: Display: Extracted "Engine/Content/Internationalization/icudt64l/curr/en_GB.res" to "/mnt/biella-extra/biella-runtime/d03-01-package-negative-04/extracted/Engine/Content/Internationalization/icudt64l/curr/en_GB.res" Offset 2548358.
[2026.09.06-15.01.33:158][  0]LogPakFile: Display: Extracted "Engine/Content/Internationalization/icudt64l/curr/en_GD.res" to "/mnt/biella-extra/biella-runtime/d03-01-package-negative-04/extracted/Engine/Content/Internationalization/icudt64l/curr/en_GD.res" Offset 2548663.
[2026.09.06-15.01.33:158][  0]LogPakFile: Display: Extracted "Engine/Content/Internationalization/icudt64l/curr/en_GG.res" to "/mnt/biella-extra/biella-runtime/d03-01-package-negative-04/extracted/Engine/Content/Internationalization/icudt64l/curr/en_GG.res" Offset 2548820.
[2026.09.06-15.01.33:158][  0]LogPakFile: Display: Extracted "Engine/Content/Internationalization/icudt64l/curr/en_GH.res" to "/mnt/biella-extra/biella-runtime/d03-01-package-negative-04/extracted/Engine/Content/Internationalization/icudt64l/curr/en_GH.res" Offset 2549005.
[2026.09.06-15.01.33:159][  0]LogPakFile: Display: Extracted "Engine/Content/Internationalization/icudt64l/curr/en_GI.res" to "/mnt/biella-extra/biella-runtime/d03-01-package-negative-04/extracted/Engine/Content/Internationalization/icudt64l/curr/en_GI.res" Offset 2549170.
[2026.09.06-15.01.33:159][  0]LogPakFile: Display: Extracted "Engine/Content/Internationalization/icudt64l/curr/en_GM.res" to "/mnt/biella-extra/biella-runtime/d03-01-package-negative-04/extracted/Engine/Content/Internationalization/icudt64l/curr/en_GM.res" Offset 2549343.
[2026.09.06-15.01.33:159][  0]LogPakFile: Display: Extracted "Engine/Content/Internationalization/icudt64l/curr/en_GY.res" to "/mnt/biella-extra/biella-runtime/d03-01-package-negative-04/extracted/Engine/Content/Internationalization/icudt64l/curr/en_GY.res" Offset 2549504.
[2026.09.06-15.01.33:159][  0]LogPakFile: Display: Extracted "Engine/Content/Internationalization/icudt64l/curr/en_HK.res" to "/mnt/biella-extra/biella-runtime/d03-01-package-negative-04/extracted/Engine/Content/Internationalization/icudt64l/curr/en_HK.res" Offset 2549661.
[2026.09.06-15.01.33:159][  0]LogPakFile: Display: Extracted "Engine/Content/Internationalization/icudt64l/curr/en_IE.res" to "/mnt/biella-extra/biella-runtime/d03-01-package-negative-04/extracted/Engine/Content/Internationalization/icudt64l/curr/en_IE.res" Offset 2549794.
[2026.09.06-15.01.33:159][  0]LogPakFile: Display: Extracted "Engine/Content/Internationalization/icudt64l/curr/en_IL.res" to "/mnt/biella-extra/biella-runtime/d03-01-package-negative-04/extracted/Engine/Content/Internationalization/icudt64l/curr/en_IL.res" Offset 2549927.
[2026.09.06-15.01.33:159][  0]LogPakFile: Display: Extracted "Engine/Content/Internationalization/icudt64l/curr/en_IM.res" to "/mnt/biella-extra/biella-runtime/d03-01-package-negative-04/extracted/Engine/Content/Internationalization/icudt64l/curr/en_IM.res" Offset 2550060.
[2026.09.06-15.01.33:159][  0]LogPakFile: Display: Extracted "Engine/Content/Internationalization/icudt64l/curr/en_IN.res" to "/mnt/biella-extra/biella-runtime/d03-01-package-negative-04/extracted/Engine/Content/Internationalization/icudt64l/curr/en_IN.res" Offset 2550245.
[2026.09.06-15.01.33:159][  0]LogPakFile: Display: Extracted "Engine/Content/Internationalization/icudt64l/curr/en_IO.res" to "/mnt/biella-extra/biella-runtime/d03-01-package-negative-04/extracted/Engine/Content/Internationalization/icudt64l/curr/en_IO.res" Offset 2550498.
[2026.09.06-15.01.33:160][  0]LogPakFile: Display: Extracted "Engine/Content/Internationalization/icudt64l/curr/en_JE.res" to "/mnt/biella-extra/biella-runtime/d03-01-package-negative-04/extracted/Engine/Content/Internationalization/icudt64l/curr/en_JE.res" Offset 2550631.
[2026.09.06-15.01.33:160][  0]LogPakFile: Display: Extracted "Engine/Content/Internationalization/icudt64l/curr/en_JM.res" to "/mnt/biella-extra/biella-runtime/d03-01-package-negative-04/extracted/Engine/Content/Internationalization/icudt64l/curr/en_JM.res" Offset 2550816.
[2026.09.06-15.01.33:160][  0]LogPakFile: Display: Extracted "Engine/Content/Internationalization/icudt64l/curr/en_KE.res" to "/mnt/biella-extra/biella-runtime/d03-01-package-negative-04/extracted/Engine/Content/Internationalization/icudt64l/curr/en_KE.res" Offset 2550973.
[2026.09.06-15.01.33:160][  0]LogPakFile: Display: Extracted "Engine/Content/Internationalization/icudt64l/curr/en_KI.res" to "/mnt/biella-extra/biella-runtime/d03-01-package-negative-04/extracted/Engine/Content/Internationalization/icudt64l/curr/en_KI.res" Offset 2551138.
[2026.09.06-15.01.33:160][  0]LogPakFile: Display: Extracted "Engine/Content/Internationalization/icudt64l/curr/en_KN.res" to "/mnt/biella-extra/biella-runtime/d03-01-package-negative-04/extracted/Engine/Content/Internationalization/icudt64l/curr/en_KN.res" Offset 2551295.
[2026.09.06-15.01.33:160][  0]LogPakFile: Display: Extracted "Engine/Content/Internationalization/icudt64l/curr/en_KY.res" to "/mnt/biella-extra/biella-runtime/d03-01-package-negative-04/extracted/Engine/Content/Internationalization/icudt64l/curr/en_KY.res" Offset 2551452.
[2026.09.06-15.01.33:160][  0]LogPakFile: Display: Extracted "Engine/Content/Internationalization/icudt64l/curr/en_LC.res" to "/mnt/biella-extra/biella-runtime/d03-01-package-negative-04/extracted/Engine/Content/Internationalization/icudt64l/curr/en_LC.res" Offset 2551609.
[2026.09.06-15.01.33:160][  0]LogPakFile: Display: Extracted "Engine/Content/Internationalization/icudt64l/curr/en_LR.res" to "/mnt/biella-extra/biella-runtime/d03-01-package-negative-04/extracted/Engine/Content/Internationalization/icudt64l/curr/en_LR.res" Offset 2551766.
[2026.09.06-15.01.33:160][  0]LogPakFile: Display: Extracted "Engine/Content/Internationalization/icudt64l/curr/en_LS.res" to "/mnt/biella-extra/biella-runtime/d03-01-package-negative-04/extracted/Engine/Content/Internationalization/icudt64l/curr/en_LS.res" Offset 2551923.
[2026.09.06-15.01.33:160][  0]LogPakFile: Display: Extracted "Engine/Content/Internationalization/icudt64l/curr/en_MG.res" to "/mnt/biella-extra/biella-runtime/d03-01-package-negative-04/extracted/Engine/Content/Internationalization/icudt64l/curr/en_MG.res" Offset 2552084.
[2026.09.06-15.01.33:161][  0]LogPakFile: Display: Extracted "Engine/Content/Internationalization/icudt64l/curr/en_MO.res" to "/mnt/biella-extra/biella-runtime/d03-01-package-negative-04/extracted/Engine/Content/Internationalization/icudt64l/curr/en_MO.res" Offset 2552249.
[2026.09.06-15.01.33:161][  0]LogPakFile: Display: Extracted "Engine/Content/Internationalization/icudt64l/curr/en_MS.res" to "/mnt/biella-extra/biella-runtime/d03-01-package-negative-04/extracted/Engine/Content/Internationalization/icudt64l/curr/en_MS.res" Offset 2552418.
[2026.09.06-15.01.33:161][  0]LogPakFile: Display: Extracted "Engine/Content/Internationalization/icudt64l/curr/en_MT.res" to "/mnt/biella-extra/biella-runtime/d03-01-package-negative-04/extracted/Engine/Content/Internationalization/icudt64l/curr/en_MT.res" Offset 2552575.
[2026.09.06-15.01.33:161][  0]LogPakFile: Display: Extracted "Engine/Content/Internationalization/icudt64l/curr/en_MU.res" to "/mnt/biella-extra/biella-runtime/d03-01-package-negative-04/extracted/Engine/Content/Internationalization/icudt64l/curr/en_MU.res" Offset 2552732.
[2026.09.06-15.01.33:161][  0]LogPakFile: Display: Extracted "Engine/Content/Internationalization/icudt64l/curr/en_MW.res" to "/mnt/biella-extra/biella-runtime/d03-01-package-negative-04/extracted/Engine/Content/Internationalization/icudt64l/curr/en_MW.res" Offset 2552897.
[2026.09.06-15.01.33:161][  0]LogPakFile: Display: Extracted "Engine/Content/Internationalization/icudt64l/curr/en_MY.res" to "/mnt/biella-extra/biella-runtime/d03-01-package-negative-04/extracted/Engine/Content/Internationalization/icudt64l/curr/en_MY.res" Offset 2553062.
[2026.09.06-15.01.33:161][  0]LogPakFile: Display: Extracted "Engine/Content/Internationalization/icudt64l/curr/en_NA.res" to "/mnt/biella-extra/biella-runtime/d03-01-package-negative-04/extracted/Engine/Content/Internationalization/icudt64l/curr/en_NA.res" Offset 2553227.
[2026.09.06-15.01.33:161][  0]LogPakFile: Display: Extracted "Engine/Content/Internationalization/icudt64l/curr/en_NF.res" to "/mnt/biella-extra/biella-runtime/d03-01-package-negative-04/extracted/Engine/Content/Internationalization/icudt64l/curr/en_NF.res" Offset 2553384.
[2026.09.06-15.01.33:161][  0]LogPakFile: Display: Extracted "Engine/Content/Internationalization/icudt64l/curr/en_NG.res" to "/mnt/biella-extra/biella-runtime/d03-01-package-negative-04/extracted/Engine/Content/Internationalization/icudt64l/curr/en_NG.res" Offset 2553541.
[2026.09.06-15.01.33:162][  0]LogPakFile: Display: Extracted "Engine/Content/Internationalization/icudt64l/curr/en_NH.res" to "/mnt/biella-extra/biella-runtime/d03-01-package-negative-04/extracted/Engine/Content/Internationalization/icudt64l/curr/en_NH.res" Offset 2553702.
[2026.09.06-15.01.33:162][  0]LogPakFile: Display: Extracted "Engine/Content/Internationalization/icudt64l/curr/en_NL.res" to "/mnt/biella-extra/biella-runtime/d03-01-package-negative-04/extracted/Engine/Content/Internationalization/icudt64l/curr/en_NL.res" Offset 2553843.
[2026.09.06-15.01.33:162][  0]LogPakFile: Display: Extracted "Engine/Content/Internationalization/icudt64l/curr/en_NR.res" to "/mnt/biella-extra/biella-runtime/d03-01-package-negative-04/extracted/Engine/Content/Internationalization/icudt64l/curr/en_NR.res" Offset 2553976.
[2026.09.06-15.01.33:162][  0]LogPakFile: Display: Extracted "Engine/Content/Internationalization/icudt64l/curr/en_NU.res" to "/mnt/biella-extra/biella-runtime/d03-01-package-negative-04/extracted/Engine/Content/Internationalization/icudt64l/curr/en_NU.res" Offset 2554133.
[2026.09.06-15.01.33:162][  0]LogPakFile: Display: Extracted "Engine/Content/Internationalization/icudt64l/curr/en_NZ.res" to "/mnt/biella-extra/biella-runtime/d03-01-package-negative-04/extracted/Engine/Content/Internationalization/icudt64l/curr/en_NZ.res" Offset 2554290.
[2026.09.06-15.01.33:162][  0]LogPakFile: Display: Extracted "Engine/Content/Internationalization/icudt64l/curr/en_PG.res" to "/mnt/biella-extra/biella-runtime/d03-01-package-negative-04/extracted/Engine/Content/Internationalization/icudt64l/curr/en_PG.res" Offset 2554447.
[2026.09.06-15.01.33:162][  0]LogPakFile: Display: Extracted "Engine/Content/Internationalization/icudt64l/curr/en_PH.res" to "/mnt/biella-extra/biella-runtime/d03-01-package-negative-04/extracted/Engine/Content/Internationalization/icudt64l/curr/en_PH.res" Offset 2554608.
[2026.09.06-15.01.33:162][  0]LogPakFile: Display: Extracted "Engine/Content/Internationalization/icudt64l/curr/en_PK.res" to "/mnt/biella-extra/biella-runtime/d03-01-package-negative-04/extracted/Engine/Content/Internationalization/icudt64l/curr/en_PK.res" Offset 2554769.
[2026.09.06-15.01.33:162][  0]LogPakFile: Display: Extracted "Engine/Content/Internationalization/icudt64l/curr/en_PN.res" to "/mnt/biella-extra/biella-runtime/d03-01-package-negative-04/extracted/Engine/Content/Internationalization/icudt64l/curr/en_PN.res" Offset 2554934.
[2026.09.06-15.01.33:162][  0]LogPakFile: Display: Extracted "Engine/Content/Internationalization/icudt64l/curr/en_PW.res" to "/mnt/biella-extra/biella-runtime/d03-01-package-negative-04/extracted/Engine/Content/Internationalization/icudt64l/curr/en_PW.res" Offset 2555091.
[2026.09.06-15.01.33:163][  0]LogPakFile: Display: Extracted "Engine/Content/Internationalization/icudt64l/curr/en_RH.res" to "/mnt/biella-extra/biella-runtime/d03-01-package-negative-04/extracted/Engine/Content/Internationalization/icudt64l/curr/en_RH.res" Offset 2555224.
[2026.09.06-15.01.33:163][  0]LogPakFile: Display: Extracted "Engine/Content/Internationalization/icudt64l/curr/en_RW.res" to "/mnt/biella-extra/biella-runtime/d03-01-package-negative-04/extracted/Engine/Content/Internationalization/icudt64l/curr/en_RW.res" Offset 2555365.
[2026.09.06-15.01.33:163][  0]LogPakFile: Display: Extracted "Engine/Content/Internationalization/icudt64l/curr/en_SB.res" to "/mnt/biella-extra/biella-runtime/d03-01-package-negative-04/extracted/Engine/Content/Internationalization/icudt64l/curr/en_SB.res" Offset 2555530.
[2026.09.06-15.01.33:163][  0]LogPakFile: Display: Extracted "Engine/Content/Internationalization/icudt64l/curr/en_SC.res" to "/mnt/biella-extra/biella-runtime/d03-01-package-negative-04/extracted/Engine/Content/Internationalization/icudt64l/curr/en_SC.res" Offset 2555687.
[2026.09.06-15.01.33:163][  0]LogPakFile: Display: Extracted "Engine/Content/Internationalization/icudt64l/curr/en_SD.res" to "/mnt/biella-extra/biella-runtime/d03-01-package-negative-04/extracted/Engine/Content/Internationalization/icudt64l/curr/en_SD.res" Offset 2555852.
[2026.09.06-15.01.33:163][  0]LogPakFile: Display: Extracted "Engine/Content/Internationalization/icudt64l/curr/en_SE.res" to "/mnt/biella-extra/biella-runtime/d03-01-package-negative-04/extracted/Engine/Content/Internationalization/icudt64l/curr/en_SE.res" Offset 2555985.
[2026.09.06-15.01.33:163][  0]LogPakFile: Display: Extracted "Engine/Content/Internationalization/icudt64l/curr/en_SG.res" to "/mnt/biella-extra/biella-runtime/d03-01-package-negative-04/extracted/Engine/Content/Internationalization/icudt64l/curr/en_SG.res" Offset 2556150.
[2026.09.06-15.01.33:163][  0]LogPakFile: Display: Extracted "Engine/Content/Internationalization/icudt64l/curr/en_SH.res" to "/mnt/biella-extra/biella-runtime/d03-01-package-negative-04/extracted/Engine/Content/Internationalization/icudt64l/curr/en_SH.res" Offset 2556307.
[2026.09.06-15.01.33:164][  0]LogPakFile: Display: Extracted "Engine/Content/Internationalization/icudt64l/curr/en_SI.res" to "/mnt/biella-extra/biella-runtime/d03-01-package-negative-04/extracted/Engine/Content/Internationalization/icudt64l/curr/en_SI.res" Offset 2556480.
[2026.09.06-15.01.33:164][  0]LogPakFile: Display: Extracted "Engine/Content/Internationalization/icudt64l/curr/en_SL.res" to "/mnt/biella-extra/biella-runtime/d03-01-package-negative-04/extracted/Engine/Content/Internationalization/icudt64l/curr/en_SL.res" Offset 2556613.
[2026.09.06-15.01.33:164][  0]LogPakFile: Display: Extracted "Engine/Content/Internationalization/icudt64l/curr/en_SS.res" to "/mnt/biella-extra/biella-runtime/d03-01-package-negative-04/extracted/Engine/Content/Internationalization/icudt64l/curr/en_SS.res" Offset 2556778.
[2026.09.06-15.01.33:164][  0]LogPakFile: Display: Extracted "Engine/Content/Internationalization/icudt64l/curr/en_SX.res" to "/mnt/biella-extra/biella-runtime/d03-01-package-negative-04/extracted/Engine/Content/Internationalization/icudt64l/curr/en_SX.res" Offset 2556951.
[2026.09.06-15.01.33:164][  0]LogPakFile: Display: Extracted "Engine/Content/Internationalization/icudt64l/curr/en_SZ.res" to "/mnt/biella-extra/biella-runtime/d03-01-package-negative-04/extracted/Engine/Content/Internationalization/icudt64l/curr/en_SZ.res" Offset 2557120.
[2026.09.06-15.01.33:164][  0]LogPakFile: Display: Extracted "Engine/Content/Internationalization/icudt64l/curr/en_TC.res" to "/mnt/biella-extra/biella-runtime/d03-01-package-negative-04/extracted/Engine/Content/Internationalization/icudt64l/curr/en_TC.res" Offset 2557281.
[2026.09.06-15.01.33:164][  0]LogPakFile: Display: Extracted "Engine/Content/Internationalization/icudt64l/curr/en_TK.res" to "/mnt/biella-extra/biella-runtime/d03-01-package-negative-04/extracted/Engine/Content/Internationalization/icudt64l/curr/en_TK.res" Offset 2557414.
[2026.09.06-15.01.33:164][  0]LogPakFile: Display: Extracted "Engine/Content/Internationalization/icudt64l/curr/en_TO.res" to "/mnt/biella-extra/biella-runtime/d03-01-package-negative-04/extracted/Engine/Content/Internationalization/icudt64l/curr/en_TO.res" Offset 2557571.
[2026.09.06-15.01.33:164][  0]LogPakFile: Display: Extracted "Engine/Content/Internationalization/icudt64l/curr/en_TT.res" to "/mnt/biella-extra/biella-runtime/d03-01-package-negative-04/extracted/Engine/Content/Internationalization/icudt64l/curr/en_TT.res" Offset 2557736.
[2026.09.06-15.01.33:164][  0]LogPakFile: Display: Extracted "Engine/Content/Internationalization/icudt64l/curr/en_TV.res" to "/mnt/biella-extra/biella-runtime/d03-01-package-negative-04/extracted/Engine/Content/Internationalization/icudt64l/curr/en_TV.res" Offset 2557893.
[2026.09.06-15.01.33:165][  0]LogPakFile: Display: Extracted "Engine/Content/Internationalization/icudt64l/curr/en_TZ.res" to "/mnt/biella-extra/biella-runtime/d03-01-package-negative-04/extracted/Engine/Content/Internationalization/icudt64l/curr/en_TZ.res" Offset 2558050.
[2026.09.06-15.01.33:165][  0]LogPakFile: Display: Extracted "Engine/Content/Internationalization/icudt64l/curr/en_UG.res" to "/mnt/biella-extra/biella-runtime/d03-01-package-negative-04/extracted/Engine/Content/Internationalization/icudt64l/curr/en_UG.res" Offset 2558215.
[2026.09.06-15.01.33:165][  0]LogPakFile: Display: Extracted "Engine/Content/Internationalization/icudt64l/curr/en_VC.res" to "/mnt/biella-extra/biella-runtime/d03-01-package-negative-04/extracted/Engine/Content/Internationalization/icudt64l/curr/en_VC.res" Offset 2558380.
[2026.09.06-15.01.33:165][  0]LogPakFile: Display: Extracted "Engine/Content/Internationalization/icudt64l/curr/en_VG.res" to "/mnt/biella-extra/biella-runtime/d03-01-package-negative-04/extracted/Engine/Content/Internationalization/icudt64l/curr/en_VG.res" Offset 2558537.
[2026.09.06-15.01.33:165][  0]LogPakFile: Display: Extracted "Engine/Content/Internationalization/icudt64l/curr/en_VU.res" to "/mnt/biella-extra/biella-runtime/d03-01-package-negative-04/extracted/Engine/Content/Internationalization/icudt64l/curr/en_VU.res" Offset 2558670.
[2026.09.06-15.01.33:165][  0]LogPakFile: Display: Extracted "Engine/Content/Internationalization/icudt64l/curr/en_WS.res" to "/mnt/biella-extra/biella-runtime/d03-01-package-negative-04/extracted/Engine/Content/Internationalization/icudt64l/curr/en_WS.res" Offset 2558835.
[2026.09.06-15.01.33:165][  0]LogPakFile: Display: Extracted "Engine/Content/Internationalization/icudt64l/curr/en_ZA.res" to "/mnt/biella-extra/biella-runtime/d03-01-package-negative-04/extracted/Engine/Content/Internationalization/icudt64l/curr/en_ZA.res" Offset 2559000.
[2026.09.06-15.01.33:165][  0]LogPakFile: Display: Extracted "Engine/Content/Internationalization/icudt64l/curr/en_ZM.res" to "/mnt/biella-extra/biella-runtime/d03-01-package-negative-04/extracted/Engine/Content/Internationalization/icudt64l/curr/en_ZM.res" Offset 2559161.
[2026.09.06-15.01.33:165][  0]LogPakFile: Display: Extracted "Engine/Content/Internationalization/icudt64l/curr/en_ZW.res" to "/mnt/biella-extra/biella-runtime/d03-01-package-negative-04/extracted/Engine/Content/Internationalization/icudt64l/curr/en_ZW.res" Offset 2559322.
[2026.09.06-15.01.33:166][  0]LogPakFile: Display: Extracted "Engine/Content/Internationalization/icudt64l/curr/pool.res" to "/mnt/biella-extra/biella-runtime/d03-01-package-negative-04/extracted/Engine/Content/Internationalization/icudt64l/curr/pool.res" Offset 2559455.
[2026.09.06-15.01.33:166][  0]LogPakFile: Display: Extracted "Engine/Content/Internationalization/icudt64l/curr/root.res" to "/mnt/biella-extra/biella-runtime/d03-01-package-negative-04/extracted/Engine/Content/Internationalization/icudt64l/curr/root.res" Offset 2561283.
[2026.09.06-15.01.33:166][  0]LogPakFile: Display: Extracted "Engine/Content/Internationalization/icudt64l/curr/supplementalData.res" to "/mnt/biella-extra/biella-runtime/d03-01-package-negative-04/extracted/Engine/Content/Internationalization/icudt64l/curr/supplementalData.res" Offset 2562267.
[2026.09.06-15.01.33:166][  0]LogPakFile: Display: Extracted "Engine/Content/Internationalization/icudt64l/lang/en.res" to "/mnt/biella-extra/biella-runtime/d03-01-package-negative-04/extracted/Engine/Content/Internationalization/icudt64l/lang/en.res" Offset 2617958.
[2026.09.06-15.01.33:166][  0]LogPakFile: Display: Extracted "Engine/Content/Internationalization/icudt64l/lang/en_001.res" to "/mnt/biella-extra/biella-runtime/d03-01-package-negative-04/extracted/Engine/Content/Internationalization/icudt64l/lang/en_001.res" Offset 2630450.
[2026.09.06-15.01.33:166][  0]LogPakFile: Display: Extracted "Engine/Content/Internationalization/icudt64l/lang/en_150.res" to "/mnt/biella-extra/biella-runtime/d03-01-package-negative-04/extracted/Engine/Content/Internationalization/icudt64l/lang/en_150.res" Offset 2631295.
[2026.09.06-15.01.33:166][  0]LogPakFile: Display: Extracted "Engine/Content/Internationalization/icudt64l/lang/en_AG.res" to "/mnt/biella-extra/biella-runtime/d03-01-package-negative-04/extracted/Engine/Content/Internationalization/icudt64l/lang/en_AG.res" Offset 2631428.
[2026.09.06-15.01.33:166][  0]LogPakFile: Display: Extracted "Engine/Content/Internationalization/icudt64l/lang/en_AI.res" to "/mnt/biella-extra/biella-runtime/d03-01-package-negative-04/extracted/Engine/Content/Internationalization/icudt64l/lang/en_AI.res" Offset 2631561.
[2026.09.06-15.01.33:167][  0]LogPakFile: Display: Extracted "Engine/Content/Internationalization/icudt64l/lang/en_AT.res" to "/mnt/biella-extra/biella-runtime/d03-01-package-negative-04/extracted/Engine/Content/Internationalization/icudt64l/lang/en_AT.res" Offset 2631694.
[2026.09.06-15.01.33:167][  0]LogPakFile: Display: Extracted "Engine/Content/Internationalization/icudt64l/lang/en_AU.res" to "/mnt/biella-extra/biella-runtime/d03-01-package-negative-04/extracted/Engine/Content/Internationalization/icudt64l/lang/en_AU.res" Offset 2631827.
[2026.09.06-15.01.33:167][  0]LogPakFile: Display: Extracted "Engine/Content/Internationalization/icudt64l/lang/en_BB.res" to "/mnt/biella-extra/biella-runtime/d03-01-package-negative-04/extracted/Engine/Content/Internationalization/icudt64l/lang/en_BB.res" Offset 2632132.
[2026.09.06-15.01.33:167][  0]LogPakFile: Display: Extracted "Engine/Content/Internationalization/icudt64l/lang/en_BE.res" to "/mnt/biella-extra/biella-runtime/d03-01-package-negative-04/extracted/Engine/Content/Internationalization/icudt64l/lang/en_BE.res" Offset 2632265.
[2026.09.06-15.01.33:167][  0]LogPakFile: Display: Extracted "Engine/Content/Internationalization/icudt64l/lang/en_BM.res" to "/mnt/biella-extra/biella-runtime/d03-01-package-negative-04/extracted/Engine/Content/Internationalization/icudt64l/lang/en_BM.res" Offset 2632398.
[2026.09.06-15.01.33:167][  0]LogPakFile: Display: Extracted "Engine/Content/Internationalization/icudt64l/lang/en_BS.res" to "/mnt/biella-extra/biella-runtime/d03-01-package-negative-04/extracted/Engine/Content/Internationalization/icudt64l/lang/en_BS.res" Offset 2632531.
[2026.09.06-15.01.33:167][  0]LogPakFile: Display: Extracted "Engine/Content/Internationalization/icudt64l/lang/en_BW.res" to "/mnt/biella-extra/biella-runtime/d03-01-package-negative-04/extracted/Engine/Content/Internationalization/icudt64l/lang/en_BW.res" Offset 2632664.
[2026.09.06-15.01.33:168][  0]LogPakFile: Display: Extracted "Engine/Content/Internationalization/icudt64l/lang/en_BZ.res" to "/mnt/biella-extra/biella-runtime/d03-01-package-negative-04/extracted/Engine/Content/Internationalization/icudt64l/lang/en_BZ.res" Offset 2632797.
[2026.09.06-15.01.33:168][  0]LogPakFile: Display: Extracted "Engine/Content/Internationalization/icudt64l/lang/en_CA.res" to "/mnt/biella-extra/biella-runtime/d03-01-package-negative-04/extracted/Engine/Content/Internationalization/icudt64l/lang/en_CA.res" Offset 2632930.
[2026.09.06-15.01.33:168][  0]LogPakFile: Display: Extracted "Engine/Content/Internationalization/icudt64l/lang/en_CC.res" to "/mnt/biella-extra/biella-runtime/d03-01-package-negative-04/extracted/Engine/Content/Internationalization/icudt64l/lang/en_CC.res" Offset 2633343.
[2026.09.06-15.01.33:168][  0]LogPakFile: Display: Extracted "Engine/Content/Internationalization/icudt64l/lang/en_CH.res" to "/mnt/biella-extra/biella-runtime/d03-01-package-negative-04/extracted/Engine/Content/Internationalization/icudt64l/lang/en_CH.res" Offset 2633476.
[2026.09.06-15.01.33:168][  0]LogPakFile: Display: Extracted "Engine/Content/Internationalization/icudt64l/lang/en_CK.res" to "/mnt/biella-extra/biella-runtime/d03-01-package-negative-04/extracted/Engine/Content/Internationalization/icudt64l/lang/en_CK.res" Offset 2633629.
[2026.09.06-15.01.33:168][  0]LogPakFile: Display: Extracted "Engine/Content/Internationalization/icudt64l/lang/en_CM.res" to "/mnt/biella-extra/biella-runtime/d03-01-package-negative-04/extracted/Engine/Content/Internationalization/icudt64l/lang/en_CM.res" Offset 2633762.
[2026.09.06-15.01.33:168][  0]LogPakFile: Display: Extracted "Engine/Content/Internationalization/icudt64l/lang/en_CX.res" to "/mnt/biella-extra/biella-runtime/d03-01-package-negative-04/extracted/Engine/Content/Internationalization/icudt64l/lang/en_CX.res" Offset 2633895.
[2026.09.06-15.01.33:168][  0]LogPakFile: Display: Extracted "Engine/Content/Internationalization/icudt64l/lang/en_CY.res" to "/mnt/biella-extra/biella-runtime/d03-01-package-negative-04/extracted/Engine/Content/Internationalization/icudt64l/lang/en_CY.res" Offset 2634028.
[2026.09.06-15.01.33:168][  0]LogPakFile: Display: Extracted "Engine/Content/Internationalization/icudt64l/lang/en_DE.res" to "/mnt/biella-extra/biella-runtime/d03-01-package-negative-04/extracted/Engine/Content/Internationalization/icudt64l/lang/en_DE.res" Offset 2634161.
[2026.09.06-15.01.33:168][  0]LogPakFile: Display: Extracted "Engine/Content/Internationalization/icudt64l/lang/en_DG.res" to "/mnt/biella-extra/biella-runtime/d03-01-package-negative-04/extracted/Engine/Content/Internationalization/icudt64l/lang/en_DG.res" Offset 2634294.
[2026.09.06-15.01.33:168][  0]LogPakFile: Display: Extracted "Engine/Content/Internationalization/icudt64l/lang/en_DK.res" to "/mnt/biella-extra/biella-runtime/d03-01-package-negative-04/extracted/Engine/Content/Internationalization/icudt64l/lang/en_DK.res" Offset 2634427.
[2026.09.06-15.01.33:169][  0]LogPakFile: Display: Extracted "Engine/Content/Internationalization/icudt64l/lang/en_DM.res" to "/mnt/biella-extra/biella-runtime/d03-01-package-negative-04/extracted/Engine/Content/Internationalization/icudt64l/lang/en_DM.res" Offset 2634560.
[2026.09.06-15.01.33:169][  0]LogPakFile: Display: Extracted "Engine/Content/Internationalization/icudt64l/lang/en_ER.res" to "/mnt/biella-extra/biella-runtime/d03-01-package-negative-04/extracted/Engine/Content/Internationalization/icudt64l/lang/en_ER.res" Offset 2634693.
[2026.09.06-15.01.33:169][  0]LogPakFile: Display: Extracted "Engine/Content/Internationalization/icudt64l/lang/en_FI.res" to "/mnt/biella-extra/biella-runtime/d03-01-package-negative-04/extracted/Engine/Content/Internationalization/icudt64l/lang/en_FI.res" Offset 2634826.
[2026.09.06-15.01.33:169][  0]LogPakFile: Display: Extracted "Engine/Content/Internationalization/icudt64l/lang/en_FJ.res" to "/mnt/biella-extra/biella-runtime/d03-01-package-negative-04/extracted/Engine/Content/Internationalization/icudt64l/lang/en_FJ.res" Offset 2634959.
[2026.09.06-15.01.33:169][  0]LogPakFile: Display: Extracted "Engine/Content/Internationalization/icudt64l/lang/en_FK.res" to "/mnt/biella-extra/biella-runtime/d03-01-package-negative-04/extracted/Engine/Content/Internationalization/icudt64l/lang/en_FK.res" Offset 2635092.
[2026.09.06-15.01.33:169][  0]LogPakFile: Display: Extracted "Engine/Content/Internationalization/icudt64l/lang/en_FM.res" to "/mnt/biella-extra/biella-runtime/d03-01-package-negative-04/extracted/Engine/Content/Internationalization/icudt64l/lang/en_FM.res" Offset 2635225.
[2026.09.06-15.01.33:169][  0]LogPakFile: Display: Extracted "Engine/Content/Internationalization/icudt64l/lang/en_GB.res" to "/mnt/biella-extra/biella-runtime/d03-01-package-negative-04/extracted/Engine/Content/Internationalization/icudt64l/lang/en_GB.res" Offset 2635358.
[2026.09.06-15.01.33:169][  0]LogPakFile: Display: Extracted "Engine/Content/Internationalization/icudt64l/lang/en_GD.res" to "/mnt/biella-extra/biella-runtime/d03-01-package-negative-04/extracted/Engine/Content/Internationalization/icudt64l/lang/en_GD.res" Offset 2635523.
[2026.09.06-15.01.33:169][  0]LogPakFile: Display: Extracted "Engine/Content/Internationalization/icudt64l/lang/en_GG.res" to "/mnt/biella-extra/biella-runtime/d03-01-package-negative-04/extracted/Engine/Content/Internationalization/icudt64l/lang/en_GG.res" Offset 2635656.
[2026.09.06-15.01.33:169][  0]LogPakFile: Display: Extracted "Engine/Content/Internationalization/icudt64l/lang/en_GH.res" to "/mnt/biella-extra/biella-runtime/d03-01-package-negative-04/extracted/Engine/Content/Internationalization/icudt64l/lang/en_GH.res" Offset 2635789.
[2026.09.06-15.01.33:170][  0]LogPakFile: Display: Extracted "Engine/Content/Internationalization/icudt64l/lang/en_GI.res" to "/mnt/biella-extra/biella-runtime/d03-01-package-negative-04/extracted/Engine/Content/Internationalization/icudt64l/lang/en_GI.res" Offset 2635922.
[2026.09.06-15.01.33:170][  0]LogPakFile: Display: Extracted "Engine/Content/Internationalization/icudt64l/lang/en_GM.res" to "/mnt/biella-extra/biella-runtime/d03-01-package-negative-04/extracted/Engine/Content/Internationalization/icudt64l/lang/en_GM.res" Offset 2636055.
[2026.09.06-15.01.33:170][  0]LogPakFile: Display: Extracted "Engine/Content/Internationalization/icudt64l/lang/en_GY.res" to "/mnt/biella-extra/biella-runtime/d03-01-package-negative-04/extracted/Engine/Content/Internationalization/icudt64l/lang/en_GY.res" Offset 2636188.
[2026.09.06-15.01.33:170][  0]LogPakFile: Display: Extracted "Engine/Content/Internationalization/icudt64l/lang/en_HK.res" to "/mnt/biella-extra/biella-runtime/d03-01-package-negative-04/extracted/Engine/Content/Internationalization/icudt64l/lang/en_HK.res" Offset 2636321.
[2026.09.06-15.01.33:170][  0]LogPakFile: Display: Extracted "Engine/Content/Internationalization/icudt64l/lang/en_IE.res" to "/mnt/biella-extra/biella-runtime/d03-01-package-negative-04/extracted/Engine/Content/Internationalization/icudt64l/lang/en_IE.res" Offset 2636454.
[2026.09.06-15.01.33:170][  0]LogPakFile: Display: Extracted "Engine/Content/Internationalization/icudt64l/lang/en_IL.res" to "/mnt/biella-extra/biella-runtime/d03-01-package-negative-04/extracted/Engine/Content/Internationalization/icudt64l/lang/en_IL.res" Offset 2636587.
[2026.09.06-15.01.33:170][  0]LogPakFile: Display: Extracted "Engine/Content/Internationalization/icudt64l/lang/en_IM.res" to "/mnt/biella-extra/biella-runtime/d03-01-package-negative-04/extracted/Engine/Content/Internationalization/icudt64l/lang/en_IM.res" Offset 2636720.
[2026.09.06-15.01.33:170][  0]LogPakFile: Display: Extracted "Engine/Content/Internationalization/icudt64l/lang/en_IN.res" to "/mnt/biella-extra/biella-runtime/d03-01-package-negative-04/extracted/Engine/Content/Internationalization/icudt64l/lang/en_IN.res" Offset 2636853.
[2026.09.06-15.01.33:170][  0]LogPakFile: Display: Extracted "Engine/Content/Internationalization/icudt64l/lang/en_IO.res" to "/mnt/biella-extra/biella-runtime/d03-01-package-negative-04/extracted/Engine/Content/Internationalization/icudt64l/lang/en_IO.res" Offset 2637130.
[2026.09.06-15.01.33:171][  0]LogPakFile: Display: Extracted "Engine/Content/Internationalization/icudt64l/lang/en_JE.res" to "/mnt/biella-extra/biella-runtime/d03-01-package-negative-04/extracted/Engine/Content/Internationalization/icudt64l/lang/en_JE.res" Offset 2637263.
[2026.09.06-15.01.33:171][  0]LogPakFile: Display: Extracted "Engine/Content/Internationalization/icudt64l/lang/en_JM.res" to "/mnt/biella-extra/biella-runtime/d03-01-package-negative-04/extracted/Engine/Content/Internationalization/icudt64l/lang/en_JM.res" Offset 2637396.
[2026.09.06-15.01.33:171][  0]LogPakFile: Display: Extracted "Engine/Content/Internationalization/icudt64l/lang/en_KE.res" to "/mnt/biella-extra/biella-runtime/d03-01-package-negative-04/extracted/Engine/Content/Internationalization/icudt64l/lang/en_KE.res" Offset 2637529.
[2026.09.06-15.01.33:171][  0]LogPakFile: Display: Extracted "Engine/Content/Internationalization/icudt64l/lang/en_KI.res" to "/mnt/biella-extra/biella-runtime/d03-01-package-negative-04/extracted/Engine/Content/Internationalization/icudt64l/lang/en_KI.res" Offset 2637662.
[2026.09.06-15.01.33:171][  0]LogPakFile: Display: Extracted "Engine/Content/Internationalization/icudt64l/lang/en_KN.res" to "/mnt/biella-extra/biella-runtime/d03-01-package-negative-04/extracted/Engine/Content/Internationalization/icudt64l/lang/en_KN.res" Offset 2637795.
[2026.09.06-15.01.33:171][  0]LogPakFile: Display: Extracted "Engine/Content/Internationalization/icudt64l/lang/en_KY.res" to "/mnt/biella-extra/biella-runtime/d03-01-package-negative-04/extracted/Engine/Content/Internationalization/icudt64l/lang/en_KY.res" Offset 2637928.
[2026.09.06-15.01.33:171][  0]LogPakFile: Display: Extracted "Engine/Content/Internationalization/icudt64l/lang/en_LC.res" to "/mnt/biella-extra/biella-runtime/d03-01-package-negative-04/extracted/Engine/Content/Internationalization/icudt64l/lang/en_LC.res" Offset 2638061.
[2026.09.06-15.01.33:171][  0]LogPakFile: Display: Extracted "Engine/Content/Internationalization/icudt64l/lang/en_LR.res" to "/mnt/biella-extra/biella-runtime/d03-01-package-negative-04/extracted/Engine/Content/Internationalization/icudt64l/lang/en_LR.res" Offset 2638194.
[2026.09.06-15.01.33:171][  0]LogPakFile: Display: Extracted "Engine/Content/Internationalization/icudt64l/lang/en_LS.res" to "/mnt/biella-extra/biella-runtime/d03-01-package-negative-04/extracted/Engine/Content/Internationalization/icudt64l/lang/en_LS.res" Offset 2638327.
[2026.09.06-15.01.33:171][  0]LogPakFile: Display: Extracted "Engine/Content/Internationalization/icudt64l/lang/en_MG.res" to "/mnt/biella-extra/biella-runtime/d03-01-package-negative-04/extracted/Engine/Content/Internationalization/icudt64l/lang/en_MG.res" Offset 2638460.
[2026.09.06-15.01.33:172][  0]LogPakFile: Display: Extracted "Engine/Content/Internationalization/icudt64l/lang/en_MO.res" to "/mnt/biella-extra/biella-runtime/d03-01-package-negative-04/extracted/Engine/Content/Internationalization/icudt64l/lang/en_MO.res" Offset 2638593.
[2026.09.06-15.01.33:172][  0]LogPakFile: Display: Extracted "Engine/Content/Internationalization/icudt64l/lang/en_MS.res" to "/mnt/biella-extra/biella-runtime/d03-01-package-negative-04/extracted/Engine/Content/Internationalization/icudt64l/lang/en_MS.res" Offset 2638726.
[2026.09.06-15.01.33:172][  0]LogPakFile: Display: Extracted "Engine/Content/Internationalization/icudt64l/lang/en_MT.res" to "/mnt/biella-extra/biella-runtime/d03-01-package-negative-04/extracted/Engine/Content/Internationalization/icudt64l/lang/en_MT.res" Offset 2638859.
[2026.09.06-15.01.33:172][  0]LogPakFile: Display: Extracted "Engine/Content/Internationalization/icudt64l/lang/en_MU.res" to "/mnt/biella-extra/biella-runtime/d03-01-package-negative-04/extracted/Engine/Content/Internationalization/icudt64l/lang/en_MU.res" Offset 2638992.
[2026.09.06-15.01.33:172][  0]LogPakFile: Display: Extracted "Engine/Content/Internationalization/icudt64l/lang/en_MW.res" to "/mnt/biella-extra/biella-runtime/d03-01-package-negative-04/extracted/Engine/Content/Internationalization/icudt64l/lang/en_MW.res" Offset 2639125.
[2026.09.06-15.01.33:172][  0]LogPakFile: Display: Extracted "Engine/Content/Internationalization/icudt64l/lang/en_MY.res" to "/mnt/biella-extra/biella-runtime/d03-01-package-negative-04/extracted/Engine/Content/Internationalization/icudt64l/lang/en_MY.res" Offset 2639258.
[2026.09.06-15.01.33:172][  0]LogPakFile: Display: Extracted "Engine/Content/Internationalization/icudt64l/lang/en_NA.res" to "/mnt/biella-extra/biella-runtime/d03-01-package-negative-04/extracted/Engine/Content/Internationalization/icudt64l/lang/en_NA.res" Offset 2639391.
[2026.09.06-15.01.33:172][  0]LogPakFile: Display: Extracted "Engine/Content/Internationalization/icudt64l/lang/en_NF.res" to "/mnt/biella-extra/biella-runtime/d03-01-package-negative-04/extracted/Engine/Content/Internationalization/icudt64l/lang/en_NF.res" Offset 2639524.
[2026.09.06-15.01.33:172][  0]LogPakFile: Display: Extracted "Engine/Content/Internationalization/icudt64l/lang/en_NG.res" to "/mnt/biella-extra/biella-runtime/d03-01-package-negative-04/extracted/Engine/Content/Internationalization/icudt64l/lang/en_NG.res" Offset 2639657.
[2026.09.06-15.01.33:172][  0]LogPakFile: Display: Extracted "Engine/Content/Internationalization/icudt64l/lang/en_NH.res" to "/mnt/biella-extra/biella-runtime/d03-01-package-negative-04/extracted/Engine/Content/Internationalization/icudt64l/lang/en_NH.res" Offset 2639810.
[2026.09.06-15.01.33:173][  0]LogPakFile: Display: Extracted "Engine/Content/Internationalization/icudt64l/lang/en_NL.res" to "/mnt/biella-extra/biella-runtime/d03-01-package-negative-04/extracted/Engine/Content/Internationalization/icudt64l/lang/en_NL.res" Offset 2639951.
[2026.09.06-15.01.33:173][  0]LogPakFile: Display: Extracted "Engine/Content/Internationalization/icudt64l/lang/en_NR.res" to "/mnt/biella-extra/biella-runtime/d03-01-package-negative-04/extracted/Engine/Content/Internationalization/icudt64l/lang/en_NR.res" Offset 2640084.
[2026.09.06-15.01.33:173][  0]LogPakFile: Display: Extracted "Engine/Content/Internationalization/icudt64l/lang/en_NU.res" to "/mnt/biella-extra/biella-runtime/d03-01-package-negative-04/extracted/Engine/Content/Internationalization/icudt64l/lang/en_NU.res" Offset 2640217.
[2026.09.06-15.01.33:173][  0]LogPakFile: Display: Extracted "Engine/Content/Internationalization/icudt64l/lang/en_NZ.res" to "/mnt/biella-extra/biella-runtime/d03-01-package-negative-04/extracted/Engine/Content/Internationalization/icudt64l/lang/en_NZ.res" Offset 2640350.
[2026.09.06-15.01.33:173][  0]LogPakFile: Display: Extracted "Engine/Content/Internationalization/icudt64l/lang/en_PG.res" to "/mnt/biella-extra/biella-runtime/d03-01-package-negative-04/extracted/Engine/Content/Internationalization/icudt64l/lang/en_PG.res" Offset 2640511.
[2026.09.06-15.01.33:173][  0]LogPakFile: Display: Extracted "Engine/Content/Internationalization/icudt64l/lang/en_PH.res" to "/mnt/biella-extra/biella-runtime/d03-01-package-negative-04/extracted/Engine/Content/Internationalization/icudt64l/lang/en_PH.res" Offset 2640644.
[2026.09.06-15.01.33:173][  0]LogPakFile: Display: Extracted "Engine/Content/Internationalization/icudt64l/lang/en_PK.res" to "/mnt/biella-extra/biella-runtime/d03-01-package-negative-04/extracted/Engine/Content/Internationalization/icudt64l/lang/en_PK.res" Offset 2640777.
[2026.09.06-15.01.33:173][  0]LogPakFile: Display: Extracted "Engine/Content/Internationalization/icudt64l/lang/en_PN.res" to "/mnt/biella-extra/biella-runtime/d03-01-package-negative-04/extracted/Engine/Content/Internationalization/icudt64l/lang/en_PN.res" Offset 2640910.
[2026.09.06-15.01.33:173][  0]LogPakFile: Display: Extracted "Engine/Content/Internationalization/icudt64l/lang/en_PW.res" to "/mnt/biella-extra/biella-runtime/d03-01-package-negative-04/extracted/Engine/Content/Internationalization/icudt64l/lang/en_PW.res" Offset 2641043.
[2026.09.06-15.01.33:174][  0]LogPakFile: Display: Extracted "Engine/Content/Internationalization/icudt64l/lang/en_RH.res" to "/mnt/biella-extra/biella-runtime/d03-01-package-negative-04/extracted/Engine/Content/Internationalization/icudt64l/lang/en_RH.res" Offset 2641176.
[2026.09.06-15.01.33:174][  0]LogPakFile: Display: Extracted "Engine/Content/Internationalization/icudt64l/lang/en_RW.res" to "/mnt/biella-extra/biella-runtime/d03-01-package-negative-04/extracted/Engine/Content/Internationalization/icudt64l/lang/en_RW.res" Offset 2641317.
[2026.09.06-15.01.33:174][  0]LogPakFile: Display: Extracted "Engine/Content/Internationalization/icudt64l/lang/en_SB.res" to "/mnt/biella-extra/biella-runtime/d03-01-package-negative-04/extracted/Engine/Content/Internationalization/icudt64l/lang/en_SB.res" Offset 2641450.
[2026.09.06-15.01.33:174][  0]LogPakFile: Display: Extracted "Engine/Content/Internationalization/icudt64l/lang/en_SC.res" to "/mnt/biella-extra/biella-runtime/d03-01-package-negative-04/extracted/Engine/Content/Internationalization/icudt64l/lang/en_SC.res" Offset 2641583.
[2026.09.06-15.01.33:174][  0]LogPakFile: Display: Extracted "Engine/Content/Internationalization/icudt64l/lang/en_SD.res" to "/mnt/biella-extra/biella-runtime/d03-01-package-negative-04/extracted/Engine/Content/Internationalization/icudt64l/lang/en_SD.res" Offset 2641716.
[2026.09.06-15.01.33:174][  0]LogPakFile: Display: Extracted "Engine/Content/Internationalization/icudt64l/lang/en_SE.res" to "/mnt/biella-extra/biella-runtime/d03-01-package-negative-04/extracted/Engine/Content/Internationalization/icudt64l/lang/en_SE.res" Offset 2641849.
[2026.09.06-15.01.33:174][  0]LogPakFile: Display: Extracted "Engine/Content/Internationalization/icudt64l/lang/en_SG.res" to "/mnt/biella-extra/biella-runtime/d03-01-package-negative-04/extracted/Engine/Content/Internationalization/icudt64l/lang/en_SG.res" Offset 2641982.
[2026.09.06-15.01.33:174][  0]LogPakFile: Display: Extracted "Engine/Content/Internationalization/icudt64l/lang/en_SH.res" to "/mnt/biella-extra/biella-runtime/d03-01-package-negative-04/extracted/Engine/Content/Internationalization/icudt64l/lang/en_SH.res" Offset 2642115.
[2026.09.06-15.01.33:174][  0]LogPakFile: Display: Extracted "Engine/Content/Internationalization/icudt64l/lang/en_SI.res" to "/mnt/biella-extra/biella-runtime/d03-01-package-negative-04/extracted/Engine/Content/Internationalization/icudt64l/lang/en_SI.res" Offset 2642248.
[2026.09.06-15.01.33:175][  0]LogPakFile: Display: Extracted "Engine/Content/Internationalization/icudt64l/lang/en_SL.res" to "/mnt/biella-extra/biella-runtime/d03-01-package-negative-04/extracted/Engine/Content/Internationalization/icudt64l/lang/en_SL.res" Offset 2642381.
[2026.09.06-15.01.33:175][  0]LogPakFile: Display: Extracted "Engine/Content/Internationalization/icudt64l/lang/en_SS.res" to "/mnt/biella-extra/biella-runtime/d03-01-package-negative-04/extracted/Engine/Content/Internationalization/icudt64l/lang/en_SS.res" Offset 2642514.
[2026.09.06-15.01.33:175][  0]LogPakFile: Display: Extracted "Engine/Content/Internationalization/icudt64l/lang/en_SX.res" to "/mnt/biella-extra/biella-runtime/d03-01-package-negative-04/extracted/Engine/Content/Internationalization/icudt64l/lang/en_SX.res" Offset 2642647.
[2026.09.06-15.01.33:175][  0]LogPakFile: Display: Extracted "Engine/Content/Internationalization/icudt64l/lang/en_SZ.res" to "/mnt/biella-extra/biella-runtime/d03-01-package-negative-04/extracted/Engine/Content/Internationalization/icudt64l/lang/en_SZ.res" Offset 2642780.
[2026.09.06-15.01.33:175][  0]LogPakFile: Display: Extracted "Engine/Content/Internationalization/icudt64l/lang/en_TC.res" to "/mnt/biella-extra/biella-runtime/d03-01-package-negative-04/extracted/Engine/Content/Internationalization/icudt64l/lang/en_TC.res" Offset 2642913.
[2026.09.06-15.01.33:175][  0]LogPakFile: Display: Extracted "Engine/Content/Internationalization/icudt64l/lang/en_TK.res" to "/mnt/biella-extra/biella-runtime/d03-01-package-negative-04/extracted/Engine/Content/Internationalization/icudt64l/lang/en_TK.res" Offset 2643046.
[2026.09.06-15.01.33:175][  0]LogPakFile: Display: Extracted "Engine/Content/Internationalization/icudt64l/lang/en_TO.res" to "/mnt/biella-extra/biella-runtime/d03-01-package-negative-04/extracted/Engine/Content/Internationalization/icudt64l/lang/en_TO.res" Offset 2643179.
[2026.09.06-15.01.33:175][  0]LogPakFile: Display: Extracted "Engine/Content/Internationalization/icudt64l/lang/en_TT.res" to "/mnt/biella-extra/biella-runtime/d03-01-package-negative-04/extracted/Engine/Content/Internationalization/icudt64l/lang/en_TT.res" Offset 2643312.
[2026.09.06-15.01.33:175][  0]LogPakFile: Display: Extracted "Engine/Content/Internationalization/icudt64l/lang/en_TV.res" to "/mnt/biella-extra/biella-runtime/d03-01-package-negative-04/extracted/Engine/Content/Internationalization/icudt64l/lang/en_TV.res" Offset 2643445.
[2026.09.06-15.01.33:176][  0]LogPakFile: Display: Extracted "Engine/Content/Internationalization/icudt64l/lang/en_TZ.res" to "/mnt/biella-extra/biella-runtime/d03-01-package-negative-04/extracted/Engine/Content/Internationalization/icudt64l/lang/en_TZ.res" Offset 2643578.
[2026.09.06-15.01.33:176][  0]LogPakFile: Display: Extracted "Engine/Content/Internationalization/icudt64l/lang/en_UG.res" to "/mnt/biella-extra/biella-runtime/d03-01-package-negative-04/extracted/Engine/Content/Internationalization/icudt64l/lang/en_UG.res" Offset 2643711.
[2026.09.06-15.01.33:176][  0]LogPakFile: Display: Extracted "Engine/Content/Internationalization/icudt64l/lang/en_VC.res" to "/mnt/biella-extra/biella-runtime/d03-01-package-negative-04/extracted/Engine/Content/Internationalization/icudt64l/lang/en_VC.res" Offset 2643844.
[2026.09.06-15.01.33:176][  0]LogPakFile: Display: Extracted "Engine/Content/Internationalization/icudt64l/lang/en_VG.res" to "/mnt/biella-extra/biella-runtime/d03-01-package-negative-04/extracted/Engine/Content/Internationalization/icudt64l/lang/en_VG.res" Offset 2643977.
[2026.09.06-15.01.33:176][  0]LogPakFile: Display: Extracted "Engine/Content/Internationalization/icudt64l/lang/en_VU.res" to "/mnt/biella-extra/biella-runtime/d03-01-package-negative-04/extracted/Engine/Content/Internationalization/icudt64l/lang/en_VU.res" Offset 2644110.
[2026.09.06-15.01.33:176][  0]LogPakFile: Display: Extracted "Engine/Content/Internationalization/icudt64l/lang/en_WS.res" to "/mnt/biella-extra/biella-runtime/d03-01-package-negative-04/extracted/Engine/Content/Internationalization/icudt64l/lang/en_WS.res" Offset 2644243.
[2026.09.06-15.01.33:176][  0]LogPakFile: Display: Extracted "Engine/Content/Internationalization/icudt64l/lang/en_ZA.res" to "/mnt/biella-extra/biella-runtime/d03-01-package-negative-04/extracted/Engine/Content/Internationalization/icudt64l/lang/en_ZA.res" Offset 2644376.
[2026.09.06-15.01.33:176][  0]LogPakFile: Display: Extracted "Engine/Content/Internationalization/icudt64l/lang/en_ZM.res" to "/mnt/biella-extra/biella-runtime/d03-01-package-negative-04/extracted/Engine/Content/Internationalization/icudt64l/lang/en_ZM.res" Offset 2644509.
[2026.09.06-15.01.33:176][  0]LogPakFile: Display: Extracted "Engine/Content/Internationalization/icudt64l/lang/en_ZW.res" to "/mnt/biella-extra/biella-runtime/d03-01-package-negative-04/extracted/Engine/Content/Internationalization/icudt64l/lang/en_ZW.res" Offset 2644642.
[2026.09.06-15.01.33:177][  0]LogPakFile: Display: Extracted "Engine/Content/Internationalization/icudt64l/lang/pool.res" to "/mnt/biella-extra/biella-runtime/d03-01-package-negative-04/extracted/Engine/Content/Internationalization/icudt64l/lang/pool.res" Offset 2644775.
[2026.09.06-15.01.33:177][  0]LogPakFile: Display: Extracted "Engine/Content/Internationalization/icudt64l/lang/root.res" to "/mnt/biella-extra/biella-runtime/d03-01-package-negative-04/extracted/Engine/Content/Internationalization/icudt64l/lang/root.res" Offset 2648103.
[2026.09.06-15.01.33:177][  0]LogPakFile: Display: Extracted "Engine/Content/Internationalization/icudt64l/rbnf/en.res" to "/mnt/biella-extra/biella-runtime/d03-01-package-negative-04/extracted/Engine/Content/Internationalization/icudt64l/rbnf/en.res" Offset 2750758.
[2026.09.06-15.01.33:177][  0]LogPakFile: Display: Extracted "Engine/Content/Internationalization/icudt64l/rbnf/en_001.res" to "/mnt/biella-extra/biella-runtime/d03-01-package-negative-04/extracted/Engine/Content/Internationalization/icudt64l/rbnf/en_001.res" Offset 2752725.
[2026.09.06-15.01.33:177][  0]LogPakFile: Display: Extracted "Engine/Content/Internationalization/icudt64l/rbnf/en_IN.res" to "/mnt/biella-extra/biella-runtime/d03-01-package-negative-04/extracted/Engine/Content/Internationalization/icudt64l/rbnf/en_IN.res" Offset 2752878.
[2026.09.06-15.01.33:177][  0]LogPakFile: Display: Extracted "Engine/Content/Internationalization/icudt64l/rbnf/root.res" to "/mnt/biella-extra/biella-runtime/d03-01-package-negative-04/extracted/Engine/Content/Internationalization/icudt64l/rbnf/root.res" Offset 2754574.
[2026.09.06-15.01.33:177][  0]LogPakFile: Display: Extracted "Engine/Content/Internationalization/icudt64l/region/en.res" to "/mnt/biella-extra/biella-runtime/d03-01-package-negative-04/extracted/Engine/Content/Internationalization/icudt64l/region/en.res" Offset 2758659.
[2026.09.06-15.01.33:177][  0]LogPakFile: Display: Extracted "Engine/Content/Internationalization/icudt64l/region/en_150.res" to "/mnt/biella-extra/biella-runtime/d03-01-package-negative-04/extracted/Engine/Content/Internationalization/icudt64l/region/en_150.res" Offset 2762034.
[2026.09.06-15.01.33:178][  0]LogPakFile: Display: Extracted "Engine/Content/Internationalization/icudt64l/region/en_AG.res" to "/mnt/biella-extra/biella-runtime/d03-01-package-negative-04/extracted/Engine/Content/Internationalization/icudt64l/region/en_AG.res" Offset 2762167.
[2026.09.06-15.01.33:178][  0]LogPakFile: Display: Extracted "Engine/Content/Internationalization/icudt64l/region/en_AI.res" to "/mnt/biella-extra/biella-runtime/d03-01-package-negative-04/extracted/Engine/Content/Internationalization/icudt64l/region/en_AI.res" Offset 2762300.
[2026.09.06-15.01.33:178][  0]LogPakFile: Display: Extracted "Engine/Content/Internationalization/icudt64l/region/en_AT.res" to "/mnt/biella-extra/biella-runtime/d03-01-package-negative-04/extracted/Engine/Content/Internationalization/icudt64l/region/en_AT.res" Offset 2762433.
[2026.09.06-15.01.33:178][  0]LogPakFile: Display: Extracted "Engine/Content/Internationalization/icudt64l/region/en_AU.res" to "/mnt/biella-extra/biella-runtime/d03-01-package-negative-04/extracted/Engine/Content/Internationalization/icudt64l/region/en_AU.res" Offset 2762566.
[2026.09.06-15.01.33:178][  0]LogPakFile: Display: Extracted "Engine/Content/Internationalization/icudt64l/region/en_BB.res" to "/mnt/biella-extra/biella-runtime/d03-01-package-negative-04/extracted/Engine/Content/Internationalization/icudt64l/region/en_BB.res" Offset 2762719.
[2026.09.06-15.01.33:178][  0]LogPakFile: Display: Extracted "Engine/Content/Internationalization/icudt64l/region/en_BE.res" to "/mnt/biella-extra/biella-runtime/d03-01-package-negative-04/extracted/Engine/Content/Internationalization/icudt64l/region/en_BE.res" Offset 2762852.
[2026.09.06-15.01.33:178][  0]LogPakFile: Display: Extracted "Engine/Content/Internationalization/icudt64l/region/en_BM.res" to "/mnt/biella-extra/biella-runtime/d03-01-package-negative-04/extracted/Engine/Content/Internationalization/icudt64l/region/en_BM.res" Offset 2762985.
[2026.09.06-15.01.33:178][  0]LogPakFile: Display: Extracted "Engine/Content/Internationalization/icudt64l/region/en_BS.res" to "/mnt/biella-extra/biella-runtime/d03-01-package-negative-04/extracted/Engine/Content/Internationalization/icudt64l/region/en_BS.res" Offset 2763118.
[2026.09.06-15.01.33:178][  0]LogPakFile: Display: Extracted "Engine/Content/Internationalization/icudt64l/region/en_BW.res" to "/mnt/biella-extra/biella-runtime/d03-01-package-negative-04/extracted/Engine/Content/Internationalization/icudt64l/region/en_BW.res" Offset 2763251.
[2026.09.06-15.01.33:178][  0]LogPakFile: Display: Extracted "Engine/Content/Internationalization/icudt64l/region/en_BZ.res" to "/mnt/biella-extra/biella-runtime/d03-01-package-negative-04/extracted/Engine/Content/Internationalization/icudt64l/region/en_BZ.res" Offset 2763384.
[2026.09.06-15.01.33:179][  0]LogPakFile: Display: Extracted "Engine/Content/Internationalization/icudt64l/region/en_CA.res" to "/mnt/biella-extra/biella-runtime/d03-01-package-negative-04/extracted/Engine/Content/Internationalization/icudt64l/region/en_CA.res" Offset 2763517.
[2026.09.06-15.01.33:179][  0]LogPakFile: Display: Extracted "Engine/Content/Internationalization/icudt64l/region/en_CC.res" to "/mnt/biella-extra/biella-runtime/d03-01-package-negative-04/extracted/Engine/Content/Internationalization/icudt64l/region/en_CC.res" Offset 2763650.
[2026.09.06-15.01.33:179][  0]LogPakFile: Display: Extracted "Engine/Content/Internationalization/icudt64l/region/en_CH.res" to "/mnt/biella-extra/biella-runtime/d03-01-package-negative-04/extracted/Engine/Content/Internationalization/icudt64l/region/en_CH.res" Offset 2763783.
[2026.09.06-15.01.33:179][  0]LogPakFile: Display: Extracted "Engine/Content/Internationalization/icudt64l/region/en_CK.res" to "/mnt/biella-extra/biella-runtime/d03-01-package-negative-04/extracted/Engine/Content/Internationalization/icudt64l/region/en_CK.res" Offset 2763936.
[2026.09.06-15.01.33:179][  0]LogPakFile: Display: Extracted "Engine/Content/Internationalization/icudt64l/region/en_CM.res" to "/mnt/biella-extra/biella-runtime/d03-01-package-negative-04/extracted/Engine/Content/Internationalization/icudt64l/region/en_CM.res" Offset 2764069.
[2026.09.06-15.01.33:179][  0]LogPakFile: Display: Extracted "Engine/Content/Internationalization/icudt64l/region/en_CX.res" to "/mnt/biella-extra/biella-runtime/d03-01-package-negative-04/extracted/Engine/Content/Internationalization/icudt64l/region/en_CX.res" Offset 2764202.
[2026.09.06-15.01.33:179][  0]LogPakFile: Display: Extracted "Engine/Content/Internationalization/icudt64l/region/en_CY.res" to "/mnt/biella-extra/biella-runtime/d03-01-package-negative-04/extracted/Engine/Content/Internationalization/icudt64l/region/en_CY.res" Offset 2764335.
[2026.09.06-15.01.33:179][  0]LogPakFile: Display: Extracted "Engine/Content/Internationalization/icudt64l/region/en_DE.res" to "/mnt/biella-extra/biella-runtime/d03-01-package-negative-04/extracted/Engine/Content/Internationalization/icudt64l/region/en_DE.res" Offset 2764468.
[2026.09.06-15.01.33:179][  0]LogPakFile: Display: Extracted "Engine/Content/Internationalization/icudt64l/region/en_DG.res" to "/mnt/biella-extra/biella-runtime/d03-01-package-negative-04/extracted/Engine/Content/Internationalization/icudt64l/region/en_DG.res" Offset 2764601.
[2026.09.06-15.01.33:179][  0]LogPakFile: Display: Extracted "Engine/Content/Internationalization/icudt64l/region/en_DK.res" to "/mnt/biella-extra/biella-runtime/d03-01-package-negative-04/extracted/Engine/Content/Internationalization/icudt64l/region/en_DK.res" Offset 2764734.
[2026.09.06-15.01.33:180][  0]LogPakFile: Display: Extracted "Engine/Content/Internationalization/icudt64l/region/en_DM.res" to "/mnt/biella-extra/biella-runtime/d03-01-package-negative-04/extracted/Engine/Content/Internationalization/icudt64l/region/en_DM.res" Offset 2764867.
[2026.09.06-15.01.33:180][  0]LogPakFile: Display: Extracted "Engine/Content/Internationalization/icudt64l/region/en_ER.res" to "/mnt/biella-extra/biella-runtime/d03-01-package-negative-04/extracted/Engine/Content/Internationalization/icudt64l/region/en_ER.res" Offset 2765000.
[2026.09.06-15.01.33:180][  0]LogPakFile: Display: Extracted "Engine/Content/Internationalization/icudt64l/region/en_FI.res" to "/mnt/biella-extra/biella-runtime/d03-01-package-negative-04/extracted/Engine/Content/Internationalization/icudt64l/region/en_FI.res" Offset 2765133.
[2026.09.06-15.01.33:180][  0]LogPakFile: Display: Extracted "Engine/Content/Internationalization/icudt64l/region/en_FJ.res" to "/mnt/biella-extra/biella-runtime/d03-01-package-negative-04/extracted/Engine/Content/Internationalization/icudt64l/region/en_FJ.res" Offset 2765266.
[2026.09.06-15.01.33:180][  0]LogPakFile: Display: Extracted "Engine/Content/Internationalization/icudt64l/region/en_FK.res" to "/mnt/biella-extra/biella-runtime/d03-01-package-negative-04/extracted/Engine/Content/Internationalization/icudt64l/region/en_FK.res" Offset 2765399.
[2026.09.06-15.01.33:180][  0]LogPakFile: Display: Extracted "Engine/Content/Internationalization/icudt64l/region/en_FM.res" to "/mnt/biella-extra/biella-runtime/d03-01-package-negative-04/extracted/Engine/Content/Internationalization/icudt64l/region/en_FM.res" Offset 2765532.
[2026.09.06-15.01.33:180][  0]LogPakFile: Display: Extracted "Engine/Content/Internationalization/icudt64l/region/en_GB.res" to "/mnt/biella-extra/biella-runtime/d03-01-package-negative-04/extracted/Engine/Content/Internationalization/icudt64l/region/en_GB.res" Offset 2765665.
[2026.09.06-15.01.33:180][  0]LogPakFile: Display: Extracted "Engine/Content/Internationalization/icudt64l/region/en_GD.res" to "/mnt/biella-extra/biella-runtime/d03-01-package-negative-04/extracted/Engine/Content/Internationalization/icudt64l/region/en_GD.res" Offset 2766154.
[2026.09.06-15.01.33:180][  0]LogPakFile: Display: Extracted "Engine/Content/Internationalization/icudt64l/region/en_GG.res" to "/mnt/biella-extra/biella-runtime/d03-01-package-negative-04/extracted/Engine/Content/Internationalization/icudt64l/region/en_GG.res" Offset 2766287.
[2026.09.06-15.01.33:180][  0]LogPakFile: Display: Extracted "Engine/Content/Internationalization/icudt64l/region/en_GH.res" to "/mnt/biella-extra/biella-runtime/d03-01-package-negative-04/extracted/Engine/Content/Internationalization/icudt64l/region/en_GH.res" Offset 2766420.
[2026.09.06-15.01.33:181][  0]LogPakFile: Display: Extracted "Engine/Content/Internationalization/icudt64l/region/en_GI.res" to "/mnt/biella-extra/biella-runtime/d03-01-package-negative-04/extracted/Engine/Content/Internationalization/icudt64l/region/en_GI.res" Offset 2766553.
[2026.09.06-15.01.33:181][  0]LogPakFile: Display: Extracted "Engine/Content/Internationalization/icudt64l/region/en_GM.res" to "/mnt/biella-extra/biella-runtime/d03-01-package-negative-04/extracted/Engine/Content/Internationalization/icudt64l/region/en_GM.res" Offset 2766686.
[2026.09.06-15.01.33:181][  0]LogPakFile: Display: Extracted "Engine/Content/Internationalization/icudt64l/region/en_GY.res" to "/mnt/biella-extra/biella-runtime/d03-01-package-negative-04/extracted/Engine/Content/Internationalization/icudt64l/region/en_GY.res" Offset 2766819.
[2026.09.06-15.01.33:181][  0]LogPakFile: Display: Extracted "Engine/Content/Internationalization/icudt64l/region/en_HK.res" to "/mnt/biella-extra/biella-runtime/d03-01-package-negative-04/extracted/Engine/Content/Internationalization/icudt64l/region/en_HK.res" Offset 2766952.
[2026.09.06-15.01.33:181][  0]LogPakFile: Display: Extracted "Engine/Content/Internationalization/icudt64l/region/en_IE.res" to "/mnt/biella-extra/biella-runtime/d03-01-package-negative-04/extracted/Engine/Content/Internationalization/icudt64l/region/en_IE.res" Offset 2767085.
[2026.09.06-15.01.33:181][  0]LogPakFile: Display: Extracted "Engine/Content/Internationalization/icudt64l/region/en_IL.res" to "/mnt/biella-extra/biella-runtime/d03-01-package-negative-04/extracted/Engine/Content/Internationalization/icudt64l/region/en_IL.res" Offset 2767218.
[2026.09.06-15.01.33:181][  0]LogPakFile: Display: Extracted "Engine/Content/Internationalization/icudt64l/region/en_IM.res" to "/mnt/biella-extra/biella-runtime/d03-01-package-negative-04/extracted/Engine/Content/Internationalization/icudt64l/region/en_IM.res" Offset 2767351.
[2026.09.06-15.01.33:181][  0]LogPakFile: Display: Extracted "Engine/Content/Internationalization/icudt64l/region/en_IN.res" to "/mnt/biella-extra/biella-runtime/d03-01-package-negative-04/extracted/Engine/Content/Internationalization/icudt64l/region/en_IN.res" Offset 2767484.
[2026.09.06-15.01.33:181][  0]LogPakFile: Display: Extracted "Engine/Content/Internationalization/icudt64l/region/en_IO.res" to "/mnt/biella-extra/biella-runtime/d03-01-package-negative-04/extracted/Engine/Content/Internationalization/icudt64l/region/en_IO.res" Offset 2767637.
[2026.09.06-15.01.33:181][  0]LogPakFile: Display: Extracted "Engine/Content/Internationalization/icudt64l/region/en_JE.res" to "/mnt/biella-extra/biella-runtime/d03-01-package-negative-04/extracted/Engine/Content/Internationalization/icudt64l/region/en_JE.res" Offset 2767770.
[2026.09.06-15.01.33:182][  0]LogPakFile: Display: Extracted "Engine/Content/Internationalization/icudt64l/region/en_JM.res" to "/mnt/biella-extra/biella-runtime/d03-01-package-negative-04/extracted/Engine/Content/Internationalization/icudt64l/region/en_JM.res" Offset 2767903.
[2026.09.06-15.01.33:182][  0]LogPakFile: Display: Extracted "Engine/Content/Internationalization/icudt64l/region/en_KE.res" to "/mnt/biella-extra/biella-runtime/d03-01-package-negative-04/extracted/Engine/Content/Internationalization/icudt64l/region/en_KE.res" Offset 2768036.
[2026.09.06-15.01.33:182][  0]LogPakFile: Display: Extracted "Engine/Content/Internationalization/icudt64l/region/en_KI.res" to "/mnt/biella-extra/biella-runtime/d03-01-package-negative-04/extracted/Engine/Content/Internationalization/icudt64l/region/en_KI.res" Offset 2768169.
[2026.09.06-15.01.33:182][  0]LogPakFile: Display: Extracted "Engine/Content/Internationalization/icudt64l/region/en_KN.res" to "/mnt/biella-extra/biella-runtime/d03-01-package-negative-04/extracted/Engine/Content/Internationalization/icudt64l/region/en_KN.res" Offset 2768302.
[2026.09.06-15.01.33:182][  0]LogPakFile: Display: Extracted "Engine/Content/Internationalization/icudt64l/region/en_KY.res" to "/mnt/biella-extra/biella-runtime/d03-01-package-negative-04/extracted/Engine/Content/Internationalization/icudt64l/region/en_KY.res" Offset 2768435.
[2026.09.06-15.01.33:182][  0]LogPakFile: Display: Extracted "Engine/Content/Internationalization/icudt64l/region/en_LC.res" to "/mnt/biella-extra/biella-runtime/d03-01-package-negative-04/extracted/Engine/Content/Internationalization/icudt64l/region/en_LC.res" Offset 2768568.
[2026.09.06-15.01.33:182][  0]LogPakFile: Display: Extracted "Engine/Content/Internationalization/icudt64l/region/en_LR.res" to "/mnt/biella-extra/biella-runtime/d03-01-package-negative-04/extracted/Engine/Content/Internationalization/icudt64l/region/en_LR.res" Offset 2768701.
[2026.09.06-15.01.33:182][  0]LogPakFile: Display: Extracted "Engine/Content/Internationalization/icudt64l/region/en_LS.res" to "/mnt/biella-extra/biella-runtime/d03-01-package-negative-04/extracted/Engine/Content/Internationalization/icudt64l/region/en_LS.res" Offset 2768834.
[2026.09.06-15.01.33:182][  0]LogPakFile: Display: Extracted "Engine/Content/Internationalization/icudt64l/region/en_MG.res" to "/mnt/biella-extra/biella-runtime/d03-01-package-negative-04/extracted/Engine/Content/Internationalization/icudt64l/region/en_MG.res" Offset 2768967.
[2026.09.06-15.01.33:182][  0]LogPakFile: Display: Extracted "Engine/Content/Internationalization/icudt64l/region/en_MO.res" to "/mnt/biella-extra/biella-runtime/d03-01-package-negative-04/extracted/Engine/Content/Internationalization/icudt64l/region/en_MO.res" Offset 2769100.
[2026.09.06-15.01.33:183][  0]LogPakFile: Display: Extracted "Engine/Content/Internationalization/icudt64l/region/en_MS.res" to "/mnt/biella-extra/biella-runtime/d03-01-package-negative-04/extracted/Engine/Content/Internationalization/icudt64l/region/en_MS.res" Offset 2769233.
[2026.09.06-15.01.33:183][  0]LogPakFile: Display: Extracted "Engine/Content/Internationalization/icudt64l/region/en_MT.res" to "/mnt/biella-extra/biella-runtime/d03-01-package-negative-04/extracted/Engine/Content/Internationalization/icudt64l/region/en_MT.res" Offset 2769366.
[2026.09.06-15.01.33:183][  0]LogPakFile: Display: Extracted "Engine/Content/Internationalization/icudt64l/region/en_MU.res" to "/mnt/biella-extra/biella-runtime/d03-01-package-negative-04/extracted/Engine/Content/Internationalization/icudt64l/region/en_MU.res" Offset 2769499.
[2026.09.06-15.01.33:183][  0]LogPakFile: Display: Extracted "Engine/Content/Internationalization/icudt64l/region/en_MW.res" to "/mnt/biella-extra/biella-runtime/d03-01-package-negative-04/extracted/Engine/Content/Internationalization/icudt64l/region/en_MW.res" Offset 2769632.
[2026.09.06-15.01.33:183][  0]LogPakFile: Display: Extracted "Engine/Content/Internationalization/icudt64l/region/en_MY.res" to "/mnt/biella-extra/biella-runtime/d03-01-package-negative-04/extracted/Engine/Content/Internationalization/icudt64l/region/en_MY.res" Offset 2769765.
[2026.09.06-15.01.33:183][  0]LogPakFile: Display: Extracted "Engine/Content/Internationalization/icudt64l/region/en_NA.res" to "/mnt/biella-extra/biella-runtime/d03-01-package-negative-04/extracted/Engine/Content/Internationalization/icudt64l/region/en_NA.res" Offset 2769898.
[2026.09.06-15.01.33:183][  0]LogPakFile: Display: Extracted "Engine/Content/Internationalization/icudt64l/region/en_NF.res" to "/mnt/biella-extra/biella-runtime/d03-01-package-negative-04/extracted/Engine/Content/Internationalization/icudt64l/region/en_NF.res" Offset 2770031.
[2026.09.06-15.01.33:183][  0]LogPakFile: Display: Extracted "Engine/Content/Internationalization/icudt64l/region/en_NG.res" to "/mnt/biella-extra/biella-runtime/d03-01-package-negative-04/extracted/Engine/Content/Internationalization/icudt64l/region/en_NG.res" Offset 2770164.
[2026.09.06-15.01.33:184][  0]LogPakFile: Display: Extracted "Engine/Content/Internationalization/icudt64l/region/en_NH.res" to "/mnt/biella-extra/biella-runtime/d03-01-package-negative-04/extracted/Engine/Content/Internationalization/icudt64l/region/en_NH.res" Offset 2770317.
[2026.09.06-15.01.33:184][  0]LogPakFile: Display: Extracted "Engine/Content/Internationalization/icudt64l/region/en_NL.res" to "/mnt/biella-extra/biella-runtime/d03-01-package-negative-04/extracted/Engine/Content/Internationalization/icudt64l/region/en_NL.res" Offset 2770458.
[2026.09.06-15.01.33:184][  0]LogPakFile: Display: Extracted "Engine/Content/Internationalization/icudt64l/region/en_NR.res" to "/mnt/biella-extra/biella-runtime/d03-01-package-negative-04/extracted/Engine/Content/Internationalization/icudt64l/region/en_NR.res" Offset 2770591.
[2026.09.06-15.01.33:184][  0]LogPakFile: Display: Extracted "Engine/Content/Internationalization/icudt64l/region/en_NU.res" to "/mnt/biella-extra/biella-runtime/d03-01-package-negative-04/extracted/Engine/Content/Internationalization/icudt64l/region/en_NU.res" Offset 2770724.
[2026.09.06-15.01.33:184][  0]LogPakFile: Display: Extracted "Engine/Content/Internationalization/icudt64l/region/en_NZ.res" to "/mnt/biella-extra/biella-runtime/d03-01-package-negative-04/extracted/Engine/Content/Internationalization/icudt64l/region/en_NZ.res" Offset 2770857.
[2026.09.06-15.01.33:184][  0]LogPakFile: Display: Extracted "Engine/Content/Internationalization/icudt64l/region/en_PG.res" to "/mnt/biella-extra/biella-runtime/d03-01-package-negative-04/extracted/Engine/Content/Internationalization/icudt64l/region/en_PG.res" Offset 2770990.
[2026.09.06-15.01.33:184][  0]LogPakFile: Display: Extracted "Engine/Content/Internationalization/icudt64l/region/en_PH.res" to "/mnt/biella-extra/biella-runtime/d03-01-package-negative-04/extracted/Engine/Content/Internationalization/icudt64l/region/en_PH.res" Offset 2771123.
[2026.09.06-15.01.33:184][  0]LogPakFile: Display: Extracted "Engine/Content/Internationalization/icudt64l/region/en_PK.res" to "/mnt/biella-extra/biella-runtime/d03-01-package-negative-04/extracted/Engine/Content/Internationalization/icudt64l/region/en_PK.res" Offset 2771256.
[2026.09.06-15.01.33:184][  0]LogPakFile: Display: Extracted "Engine/Content/Internationalization/icudt64l/region/en_PN.res" to "/mnt/biella-extra/biella-runtime/d03-01-package-negative-04/extracted/Engine/Content/Internationalization/icudt64l/region/en_PN.res" Offset 2771389.
[2026.09.06-15.01.33:185][  0]LogPakFile: Display: Extracted "Engine/Content/Internationalization/icudt64l/region/en_PW.res" to "/mnt/biella-extra/biella-runtime/d03-01-package-negative-04/extracted/Engine/Content/Internationalization/icudt64l/region/en_PW.res" Offset 2771522.
[2026.09.06-15.01.33:185][  0]LogPakFile: Display: Extracted "Engine/Content/Internationalization/icudt64l/region/en_RH.res" to "/mnt/biella-extra/biella-runtime/d03-01-package-negative-04/extracted/Engine/Content/Internationalization/icudt64l/region/en_RH.res" Offset 2771655.
[2026.09.06-15.01.33:185][  0]LogPakFile: Display: Extracted "Engine/Content/Internationalization/icudt64l/region/en_RW.res" to "/mnt/biella-extra/biella-runtime/d03-01-package-negative-04/extracted/Engine/Content/Internationalization/icudt64l/region/en_RW.res" Offset 2771796.
[2026.09.06-15.01.33:185][  0]LogPakFile: Display: Extracted "Engine/Content/Internationalization/icudt64l/region/en_SB.res" to "/mnt/biella-extra/biella-runtime/d03-01-package-negative-04/extracted/Engine/Content/Internationalization/icudt64l/region/en_SB.res" Offset 2771929.
[2026.09.06-15.01.33:185][  0]LogPakFile: Display: Extracted "Engine/Content/Internationalization/icudt64l/region/en_SC.res" to "/mnt/biella-extra/biella-runtime/d03-01-package-negative-04/extracted/Engine/Content/Internationalization/icudt64l/region/en_SC.res" Offset 2772062.
[2026.09.06-15.01.33:185][  0]LogPakFile: Display: Extracted "Engine/Content/Internationalization/icudt64l/region/en_SD.res" to "/mnt/biella-extra/biella-runtime/d03-01-package-negative-04/extracted/Engine/Content/Internationalization/icudt64l/region/en_SD.res" Offset 2772195.
[2026.09.06-15.01.33:185][  0]LogPakFile: Display: Extracted "Engine/Content/Internationalization/icudt64l/region/en_SE.res" to "/mnt/biella-extra/biella-runtime/d03-01-package-negative-04/extracted/Engine/Content/Internationalization/icudt64l/region/en_SE.res" Offset 2772328.
[2026.09.06-15.01.33:185][  0]LogPakFile: Display: Extracted "Engine/Content/Internationalization/icudt64l/region/en_SG.res" to "/mnt/biella-extra/biella-runtime/d03-01-package-negative-04/extracted/Engine/Content/Internationalization/icudt64l/region/en_SG.res" Offset 2772461.
[2026.09.06-15.01.33:185][  0]LogPakFile: Display: Extracted "Engine/Content/Internationalization/icudt64l/region/en_SH.res" to "/mnt/biella-extra/biella-runtime/d03-01-package-negative-04/extracted/Engine/Content/Internationalization/icudt64l/region/en_SH.res" Offset 2772594.
[2026.09.06-15.01.33:185][  0]LogPakFile: Display: Extracted "Engine/Content/Internationalization/icudt64l/region/en_SI.res" to "/mnt/biella-extra/biella-runtime/d03-01-package-negative-04/extracted/Engine/Content/Internationalization/icudt64l/region/en_SI.res" Offset 2772727.
[2026.09.06-15.01.33:186][  0]LogPakFile: Display: Extracted "Engine/Content/Internationalization/icudt64l/region/en_SL.res" to "/mnt/biella-extra/biella-runtime/d03-01-package-negative-04/extracted/Engine/Content/Internationalization/icudt64l/region/en_SL.res" Offset 2772860.
[2026.09.06-15.01.33:186][  0]LogPakFile: Display: Extracted "Engine/Content/Internationalization/icudt64l/region/en_SS.res" to "/mnt/biella-extra/biella-runtime/d03-01-package-negative-04/extracted/Engine/Content/Internationalization/icudt64l/region/en_SS.res" Offset 2772993.
[2026.09.06-15.01.33:186][  0]LogPakFile: Display: Extracted "Engine/Content/Internationalization/icudt64l/region/en_SX.res" to "/mnt/biella-extra/biella-runtime/d03-01-package-negative-04/extracted/Engine/Content/Internationalization/icudt64l/region/en_SX.res" Offset 2773126.
[2026.09.06-15.01.33:186][  0]LogPakFile: Display: Extracted "Engine/Content/Internationalization/icudt64l/region/en_SZ.res" to "/mnt/biella-extra/biella-runtime/d03-01-package-negative-04/extracted/Engine/Content/Internationalization/icudt64l/region/en_SZ.res" Offset 2773259.
[2026.09.06-15.01.33:186][  0]LogPakFile: Display: Extracted "Engine/Content/Internationalization/icudt64l/region/en_TC.res" to "/mnt/biella-extra/biella-runtime/d03-01-package-negative-04/extracted/Engine/Content/Internationalization/icudt64l/region/en_TC.res" Offset 2773392.
[2026.09.06-15.01.33:186][  0]LogPakFile: Display: Extracted "Engine/Content/Internationalization/icudt64l/region/en_TK.res" to "/mnt/biella-extra/biella-runtime/d03-01-package-negative-04/extracted/Engine/Content/Internationalization/icudt64l/region/en_TK.res" Offset 2773525.
[2026.09.06-15.01.33:186][  0]LogPakFile: Display: Extracted "Engine/Content/Internationalization/icudt64l/region/en_TO.res" to "/mnt/biella-extra/biella-runtime/d03-01-package-negative-04/extracted/Engine/Content/Internationalization/icudt64l/region/en_TO.res" Offset 2773658.
[2026.09.06-15.01.33:186][  0]LogPakFile: Display: Extracted "Engine/Content/Internationalization/icudt64l/region/en_TT.res" to "/mnt/biella-extra/biella-runtime/d03-01-package-negative-04/extracted/Engine/Content/Internationalization/icudt64l/region/en_TT.res" Offset 2773791.
[2026.09.06-15.01.33:186][  0]LogPakFile: Display: Extracted "Engine/Content/Internationalization/icudt64l/region/en_TV.res" to "/mnt/biella-extra/biella-runtime/d03-01-package-negative-04/extracted/Engine/Content/Internationalization/icudt64l/region/en_TV.res" Offset 2773924.
[2026.09.06-15.01.33:187][  0]LogPakFile: Display: Extracted "Engine/Content/Internationalization/icudt64l/region/en_TZ.res" to "/mnt/biella-extra/biella-runtime/d03-01-package-negative-04/extracted/Engine/Content/Internationalization/icudt64l/region/en_TZ.res" Offset 2774057.
[2026.09.06-15.01.33:187][  0]LogPakFile: Display: Extracted "Engine/Content/Internationalization/icudt64l/region/en_UG.res" to "/mnt/biella-extra/biella-runtime/d03-01-package-negative-04/extracted/Engine/Content/Internationalization/icudt64l/region/en_UG.res" Offset 2774190.
[2026.09.06-15.01.33:187][  0]LogPakFile: Display: Extracted "Engine/Content/Internationalization/icudt64l/region/en_VC.res" to "/mnt/biella-extra/biella-runtime/d03-01-package-negative-04/extracted/Engine/Content/Internationalization/icudt64l/region/en_VC.res" Offset 2774323.
[2026.09.06-15.01.33:187][  0]LogPakFile: Display: Extracted "Engine/Content/Internationalization/icudt64l/region/en_VG.res" to "/mnt/biella-extra/biella-runtime/d03-01-package-negative-04/extracted/Engine/Content/Internationalization/icudt64l/region/en_VG.res" Offset 2774456.
[2026.09.06-15.01.33:187][  0]LogPakFile: Display: Extracted "Engine/Content/Internationalization/icudt64l/region/en_VU.res" to "/mnt/biella-extra/biella-runtime/d03-01-package-negative-04/extracted/Engine/Content/Internationalization/icudt64l/region/en_VU.res" Offset 2774589.
[2026.09.06-15.01.33:187][  0]LogPakFile: Display: Extracted "Engine/Content/Internationalization/icudt64l/region/en_WS.res" to "/mnt/biella-extra/biella-runtime/d03-01-package-negative-04/extracted/Engine/Content/Internationalization/icudt64l/region/en_WS.res" Offset 2774722.
[2026.09.06-15.01.33:187][  0]LogPakFile: Display: Extracted "Engine/Content/Internationalization/icudt64l/region/en_ZA.res" to "/mnt/biella-extra/biella-runtime/d03-01-package-negative-04/extracted/Engine/Content/Internationalization/icudt64l/region/en_ZA.res" Offset 2774855.
[2026.09.06-15.01.33:187][  0]LogPakFile: Display: Extracted "Engine/Content/Internationalization/icudt64l/region/en_ZM.res" to "/mnt/biella-extra/biella-runtime/d03-01-package-negative-04/extracted/Engine/Content/Internationalization/icudt64l/region/en_ZM.res" Offset 2774988.
[2026.09.06-15.01.33:187][  0]LogPakFile: Display: Extracted "Engine/Content/Internationalization/icudt64l/region/en_ZW.res" to "/mnt/biella-extra/biella-runtime/d03-01-package-negative-04/extracted/Engine/Content/Internationalization/icudt64l/region/en_ZW.res" Offset 2775121.
[2026.09.06-15.01.33:188][  0]LogPakFile: Display: Extracted "Engine/Content/Internationalization/icudt64l/region/pool.res" to "/mnt/biella-extra/biella-runtime/d03-01-package-negative-04/extracted/Engine/Content/Internationalization/icudt64l/region/pool.res" Offset 2775254.
[2026.09.06-15.01.33:188][  0]LogPakFile: Display: Extracted "Engine/Content/Internationalization/icudt64l/region/root.res" to "/mnt/biella-extra/biella-runtime/d03-01-package-negative-04/extracted/Engine/Content/Internationalization/icudt64l/region/root.res" Offset 2775964.
[2026.09.06-15.01.33:188][  0]LogPakFile: Display: Extracted "Engine/Content/Internationalization/icudt64l/translit/el.res" to "/mnt/biella-extra/biella-runtime/d03-01-package-negative-04/extracted/Engine/Content/Internationalization/icudt64l/translit/el.res" Offset 2887047.
[2026.09.06-15.01.33:188][  0]LogPakFile: Display: Extracted "Engine/Content/Internationalization/icudt64l/translit/en.res" to "/mnt/biella-extra/biella-runtime/d03-01-package-negative-04/extracted/Engine/Content/Internationalization/icudt64l/translit/en.res" Offset 2887260.
[2026.09.06-15.01.33:189][  0]LogPakFile: Display: Extracted "Engine/Content/Internationalization/icudt64l/translit/root.res" to "/mnt/biella-extra/biella-runtime/d03-01-package-negative-04/extracted/Engine/Content/Internationalization/icudt64l/translit/root.res" Offset 2887633.
[2026.09.06-15.01.33:190][  0]LogPakFile: Display: Extracted "Engine/Content/Internationalization/icudt64l/unit/en.res" to "/mnt/biella-extra/biella-runtime/d03-01-package-negative-04/extracted/Engine/Content/Internationalization/icudt64l/unit/en.res" Offset 3238902.
[2026.09.06-15.01.33:190][  0]LogPakFile: Display: Extracted "Engine/Content/Internationalization/icudt64l/unit/en_001.res" to "/mnt/biella-extra/biella-runtime/d03-01-package-negative-04/extracted/Engine/Content/Internationalization/icudt64l/unit/en_001.res" Offset 3246108.
[2026.09.06-15.01.33:190][  0]LogPakFile: Display: Extracted "Engine/Content/Internationalization/icudt64l/unit/en_150.res" to "/mnt/biella-extra/biella-runtime/d03-01-package-negative-04/extracted/Engine/Content/Internationalization/icudt64l/unit/en_150.res" Offset 3247865.
[2026.09.06-15.01.33:190][  0]LogPakFile: Display: Extracted "Engine/Content/Internationalization/icudt64l/unit/en_AG.res" to "/mnt/biella-extra/biella-runtime/d03-01-package-negative-04/extracted/Engine/Content/Internationalization/icudt64l/unit/en_AG.res" Offset 3247998.
[2026.09.06-15.01.33:190][  0]LogPakFile: Display: Extracted "Engine/Content/Internationalization/icudt64l/unit/en_AI.res" to "/mnt/biella-extra/biella-runtime/d03-01-package-negative-04/extracted/Engine/Content/Internationalization/icudt64l/unit/en_AI.res" Offset 3248131.
[2026.09.06-15.01.33:190][  0]LogPakFile: Display: Extracted "Engine/Content/Internationalization/icudt64l/unit/en_AT.res" to "/mnt/biella-extra/biella-runtime/d03-01-package-negative-04/extracted/Engine/Content/Internationalization/icudt64l/unit/en_AT.res" Offset 3248264.
[2026.09.06-15.01.33:190][  0]LogPakFile: Display: Extracted "Engine/Content/Internationalization/icudt64l/unit/en_AU.res" to "/mnt/biella-extra/biella-runtime/d03-01-package-negative-04/extracted/Engine/Content/Internationalization/icudt64l/unit/en_AU.res" Offset 3248397.
[2026.09.06-15.01.33:190][  0]LogPakFile: Display: Extracted "Engine/Content/Internationalization/icudt64l/unit/en_BB.res" to "/mnt/biella-extra/biella-runtime/d03-01-package-negative-04/extracted/Engine/Content/Internationalization/icudt64l/unit/en_BB.res" Offset 3249643.
[2026.09.06-15.01.33:191][  0]LogPakFile: Display: Extracted "Engine/Content/Internationalization/icudt64l/unit/en_BE.res" to "/mnt/biella-extra/biella-runtime/d03-01-package-negative-04/extracted/Engine/Content/Internationalization/icudt64l/unit/en_BE.res" Offset 3249776.
[2026.09.06-15.01.33:191][  0]LogPakFile: Display: Extracted "Engine/Content/Internationalization/icudt64l/unit/en_BM.res" to "/mnt/biella-extra/biella-runtime/d03-01-package-negative-04/extracted/Engine/Content/Internationalization/icudt64l/unit/en_BM.res" Offset 3249909.
[2026.09.06-15.01.33:191][  0]LogPakFile: Display: Extracted "Engine/Content/Internationalization/icudt64l/unit/en_BS.res" to "/mnt/biella-extra/biella-runtime/d03-01-package-negative-04/extracted/Engine/Content/Internationalization/icudt64l/unit/en_BS.res" Offset 3250042.
[2026.09.06-15.01.33:191][  0]LogPakFile: Display: Extracted "Engine/Content/Internationalization/icudt64l/unit/en_BW.res" to "/mnt/biella-extra/biella-runtime/d03-01-package-negative-04/extracted/Engine/Content/Internationalization/icudt64l/unit/en_BW.res" Offset 3250231.
[2026.09.06-15.01.33:192][  0]LogPakFile: Display: Extracted "Engine/Content/Internationalization/icudt64l/unit/en_BZ.res" to "/mnt/biella-extra/biella-runtime/d03-01-package-negative-04/extracted/Engine/Content/Internationalization/icudt64l/unit/en_BZ.res" Offset 3250364.
[2026.09.06-15.01.33:192][  0]LogPakFile: Display: Extracted "Engine/Content/Internationalization/icudt64l/unit/en_CA.res" to "/mnt/biella-extra/biella-runtime/d03-01-package-negative-04/extracted/Engine/Content/Internationalization/icudt64l/unit/en_CA.res" Offset 3250553.
[2026.09.06-15.01.33:192][  0]LogPakFile: Display: Extracted "Engine/Content/Internationalization/icudt64l/unit/en_CC.res" to "/mnt/biella-extra/biella-runtime/d03-01-package-negative-04/extracted/Engine/Content/Internationalization/icudt64l/unit/en_CC.res" Offset 3252418.
[2026.09.06-15.01.33:192][  0]LogPakFile: Display: Extracted "Engine/Content/Internationalization/icudt64l/unit/en_CH.res" to "/mnt/biella-extra/biella-runtime/d03-01-package-negative-04/extracted/Engine/Content/Internationalization/icudt64l/unit/en_CH.res" Offset 3252551.
[2026.09.06-15.01.33:192][  0]LogPakFile: Display: Extracted "Engine/Content/Internationalization/icudt64l/unit/en_CK.res" to "/mnt/biella-extra/biella-runtime/d03-01-package-negative-04/extracted/Engine/Content/Internationalization/icudt64l/unit/en_CK.res" Offset 3252704.
[2026.09.06-15.01.33:192][  0]LogPakFile: Display: Extracted "Engine/Content/Internationalization/icudt64l/unit/en_CM.res" to "/mnt/biella-extra/biella-runtime/d03-01-package-negative-04/extracted/Engine/Content/Internationalization/icudt64l/unit/en_CM.res" Offset 3252837.
[2026.09.06-15.01.33:192][  0]LogPakFile: Display: Extracted "Engine/Content/Internationalization/icudt64l/unit/en_CX.res" to "/mnt/biella-extra/biella-runtime/d03-01-package-negative-04/extracted/Engine/Content/Internationalization/icudt64l/unit/en_CX.res" Offset 3252970.
[2026.09.06-15.01.33:192][  0]LogPakFile: Display: Extracted "Engine/Content/Internationalization/icudt64l/unit/en_CY.res" to "/mnt/biella-extra/biella-runtime/d03-01-package-negative-04/extracted/Engine/Content/Internationalization/icudt64l/unit/en_CY.res" Offset 3253103.
[2026.09.06-15.01.33:192][  0]LogPakFile: Display: Extracted "Engine/Content/Internationalization/icudt64l/unit/en_DE.res" to "/mnt/biella-extra/biella-runtime/d03-01-package-negative-04/extracted/Engine/Content/Internationalization/icudt64l/unit/en_DE.res" Offset 3253236.
[2026.09.06-15.01.33:193][  0]LogPakFile: Display: Extracted "Engine/Content/Internationalization/icudt64l/unit/en_DG.res" to "/mnt/biella-extra/biella-runtime/d03-01-package-negative-04/extracted/Engine/Content/Internationalization/icudt64l/unit/en_DG.res" Offset 3253369.
[2026.09.06-15.01.33:193][  0]LogPakFile: Display: Extracted "Engine/Content/Internationalization/icudt64l/unit/en_DK.res" to "/mnt/biella-extra/biella-runtime/d03-01-package-negative-04/extracted/Engine/Content/Internationalization/icudt64l/unit/en_DK.res" Offset 3253502.
[2026.09.06-15.01.33:193][  0]LogPakFile: Display: Extracted "Engine/Content/Internationalization/icudt64l/unit/en_DM.res" to "/mnt/biella-extra/biella-runtime/d03-01-package-negative-04/extracted/Engine/Content/Internationalization/icudt64l/unit/en_DM.res" Offset 3253635.
[2026.09.06-15.01.33:193][  0]LogPakFile: Display: Extracted "Engine/Content/Internationalization/icudt64l/unit/en_ER.res" to "/mnt/biella-extra/biella-runtime/d03-01-package-negative-04/extracted/Engine/Content/Internationalization/icudt64l/unit/en_ER.res" Offset 3253768.
[2026.09.06-15.01.33:193][  0]LogPakFile: Display: Extracted "Engine/Content/Internationalization/icudt64l/unit/en_FI.res" to "/mnt/biella-extra/biella-runtime/d03-01-package-negative-04/extracted/Engine/Content/Internationalization/icudt64l/unit/en_FI.res" Offset 3253901.
[2026.09.06-15.01.33:193][  0]LogPakFile: Display: Extracted "Engine/Content/Internationalization/icudt64l/unit/en_FJ.res" to "/mnt/biella-extra/biella-runtime/d03-01-package-negative-04/extracted/Engine/Content/Internationalization/icudt64l/unit/en_FJ.res" Offset 3254034.
[2026.09.06-15.01.33:193][  0]LogPakFile: Display: Extracted "Engine/Content/Internationalization/icudt64l/unit/en_FK.res" to "/mnt/biella-extra/biella-runtime/d03-01-package-negative-04/extracted/Engine/Content/Internationalization/icudt64l/unit/en_FK.res" Offset 3254167.
[2026.09.06-15.01.33:193][  0]LogPakFile: Display: Extracted "Engine/Content/Internationalization/icudt64l/unit/en_FM.res" to "/mnt/biella-extra/biella-runtime/d03-01-package-negative-04/extracted/Engine/Content/Internationalization/icudt64l/unit/en_FM.res" Offset 3254300.
[2026.09.06-15.01.33:193][  0]LogPakFile: Display: Extracted "Engine/Content/Internationalization/icudt64l/unit/en_GB.res" to "/mnt/biella-extra/biella-runtime/d03-01-package-negative-04/extracted/Engine/Content/Internationalization/icudt64l/unit/en_GB.res" Offset 3254433.
[2026.09.06-15.01.33:194][  0]LogPakFile: Display: Extracted "Engine/Content/Internationalization/icudt64l/unit/en_GD.res" to "/mnt/biella-extra/biella-runtime/d03-01-package-negative-04/extracted/Engine/Content/Internationalization/icudt64l/unit/en_GD.res" Offset 3254754.
[2026.09.06-15.01.33:194][  0]LogPakFile: Display: Extracted "Engine/Content/Internationalization/icudt64l/unit/en_GG.res" to "/mnt/biella-extra/biella-runtime/d03-01-package-negative-04/extracted/Engine/Content/Internationalization/icudt64l/unit/en_GG.res" Offset 3254887.
[2026.09.06-15.01.33:194][  0]LogPakFile: Display: Extracted "Engine/Content/Internationalization/icudt64l/unit/en_GH.res" to "/mnt/biella-extra/biella-runtime/d03-01-package-negative-04/extracted/Engine/Content/Internationalization/icudt64l/unit/en_GH.res" Offset 3255020.
[2026.09.06-15.01.33:194][  0]LogPakFile: Display: Extracted "Engine/Content/Internationalization/icudt64l/unit/en_GI.res" to "/mnt/biella-extra/biella-runtime/d03-01-package-negative-04/extracted/Engine/Content/Internationalization/icudt64l/unit/en_GI.res" Offset 3255153.
[2026.09.06-15.01.33:194][  0]LogPakFile: Display: Extracted "Engine/Content/Internationalization/icudt64l/unit/en_GM.res" to "/mnt/biella-extra/biella-runtime/d03-01-package-negative-04/extracted/Engine/Content/Internationalization/icudt64l/unit/en_GM.res" Offset 3255286.
[2026.09.06-15.01.33:194][  0]LogPakFile: Display: Extracted "Engine/Content/Internationalization/icudt64l/unit/en_GY.res" to "/mnt/biella-extra/biella-runtime/d03-01-package-negative-04/extracted/Engine/Content/Internationalization/icudt64l/unit/en_GY.res" Offset 3255419.
[2026.09.06-15.01.33:194][  0]LogPakFile: Display: Extracted "Engine/Content/Internationalization/icudt64l/unit/en_HK.res" to "/mnt/biella-extra/biella-runtime/d03-01-package-negative-04/extracted/Engine/Content/Internationalization/icudt64l/unit/en_HK.res" Offset 3255552.
[2026.09.06-15.01.33:194][  0]LogPakFile: Display: Extracted "Engine/Content/Internationalization/icudt64l/unit/en_IE.res" to "/mnt/biella-extra/biella-runtime/d03-01-package-negative-04/extracted/Engine/Content/Internationalization/icudt64l/unit/en_IE.res" Offset 3255685.
[2026.09.06-15.01.33:194][  0]LogPakFile: Display: Extracted "Engine/Content/Internationalization/icudt64l/unit/en_IL.res" to "/mnt/biella-extra/biella-runtime/d03-01-package-negative-04/extracted/Engine/Content/Internationalization/icudt64l/unit/en_IL.res" Offset 3255818.
[2026.09.06-15.01.33:194][  0]LogPakFile: Display: Extracted "Engine/Content/Internationalization/icudt64l/unit/en_IM.res" to "/mnt/biella-extra/biella-runtime/d03-01-package-negative-04/extracted/Engine/Content/Internationalization/icudt64l/unit/en_IM.res" Offset 3255951.
[2026.09.06-15.01.33:195][  0]LogPakFile: Display: Extracted "Engine/Content/Internationalization/icudt64l/unit/en_IN.res" to "/mnt/biella-extra/biella-runtime/d03-01-package-negative-04/extracted/Engine/Content/Internationalization/icudt64l/unit/en_IN.res" Offset 3256084.
[2026.09.06-15.01.33:195][  0]LogPakFile: Display: Extracted "Engine/Content/Internationalization/icudt64l/unit/en_IO.res" to "/mnt/biella-extra/biella-runtime/d03-01-package-negative-04/extracted/Engine/Content/Internationalization/icudt64l/unit/en_IO.res" Offset 3256337.
[2026.09.06-15.01.33:195][  0]LogPakFile: Display: Extracted "Engine/Content/Internationalization/icudt64l/unit/en_JE.res" to "/mnt/biella-extra/biella-runtime/d03-01-package-negative-04/extracted/Engine/Content/Internationalization/icudt64l/unit/en_JE.res" Offset 3256470.
[2026.09.06-15.01.33:195][  0]LogPakFile: Display: Extracted "Engine/Content/Internationalization/icudt64l/unit/en_JM.res" to "/mnt/biella-extra/biella-runtime/d03-01-package-negative-04/extracted/Engine/Content/Internationalization/icudt64l/unit/en_JM.res" Offset 3256603.
[2026.09.06-15.01.33:195][  0]LogPakFile: Display: Extracted "Engine/Content/Internationalization/icudt64l/unit/en_KE.res" to "/mnt/biella-extra/biella-runtime/d03-01-package-negative-04/extracted/Engine/Content/Internationalization/icudt64l/unit/en_KE.res" Offset 3256736.
[2026.09.06-15.01.33:195][  0]LogPakFile: Display: Extracted "Engine/Content/Internationalization/icudt64l/unit/en_KI.res" to "/mnt/biella-extra/biella-runtime/d03-01-package-negative-04/extracted/Engine/Content/Internationalization/icudt64l/unit/en_KI.res" Offset 3256869.
[2026.09.06-15.01.33:195][  0]LogPakFile: Display: Extracted "Engine/Content/Internationalization/icudt64l/unit/en_KN.res" to "/mnt/biella-extra/biella-runtime/d03-01-package-negative-04/extracted/Engine/Content/Internationalization/icudt64l/unit/en_KN.res" Offset 3257002.
[2026.09.06-15.01.33:195][  0]LogPakFile: Display: Extracted "Engine/Content/Internationalization/icudt64l/unit/en_KY.res" to "/mnt/biella-extra/biella-runtime/d03-01-package-negative-04/extracted/Engine/Content/Internationalization/icudt64l/unit/en_KY.res" Offset 3257135.
[2026.09.06-15.01.33:195][  0]LogPakFile: Display: Extracted "Engine/Content/Internationalization/icudt64l/unit/en_LC.res" to "/mnt/biella-extra/biella-runtime/d03-01-package-negative-04/extracted/Engine/Content/Internationalization/icudt64l/unit/en_LC.res" Offset 3257324.
[2026.09.06-15.01.33:195][  0]LogPakFile: Display: Extracted "Engine/Content/Internationalization/icudt64l/unit/en_LR.res" to "/mnt/biella-extra/biella-runtime/d03-01-package-negative-04/extracted/Engine/Content/Internationalization/icudt64l/unit/en_LR.res" Offset 3257457.
[2026.09.06-15.01.33:196][  0]LogPakFile: Display: Extracted "Engine/Content/Internationalization/icudt64l/unit/en_LS.res" to "/mnt/biella-extra/biella-runtime/d03-01-package-negative-04/extracted/Engine/Content/Internationalization/icudt64l/unit/en_LS.res" Offset 3257590.
[2026.09.06-15.01.33:196][  0]LogPakFile: Display: Extracted "Engine/Content/Internationalization/icudt64l/unit/en_MG.res" to "/mnt/biella-extra/biella-runtime/d03-01-package-negative-04/extracted/Engine/Content/Internationalization/icudt64l/unit/en_MG.res" Offset 3257723.
[2026.09.06-15.01.33:196][  0]LogPakFile: Display: Extracted "Engine/Content/Internationalization/icudt64l/unit/en_MO.res" to "/mnt/biella-extra/biella-runtime/d03-01-package-negative-04/extracted/Engine/Content/Internationalization/icudt64l/unit/en_MO.res" Offset 3257856.
[2026.09.06-15.01.33:196][  0]LogPakFile: Display: Extracted "Engine/Content/Internationalization/icudt64l/unit/en_MS.res" to "/mnt/biella-extra/biella-runtime/d03-01-package-negative-04/extracted/Engine/Content/Internationalization/icudt64l/unit/en_MS.res" Offset 3257989.
[2026.09.06-15.01.33:196][  0]LogPakFile: Display: Extracted "Engine/Content/Internationalization/icudt64l/unit/en_MT.res" to "/mnt/biella-extra/biella-runtime/d03-01-package-negative-04/extracted/Engine/Content/Internationalization/icudt64l/unit/en_MT.res" Offset 3258122.
[2026.09.06-15.01.33:196][  0]LogPakFile: Display: Extracted "Engine/Content/Internationalization/icudt64l/unit/en_MU.res" to "/mnt/biella-extra/biella-runtime/d03-01-package-negative-04/extracted/Engine/Content/Internationalization/icudt64l/unit/en_MU.res" Offset 3258255.
[2026.09.06-15.01.33:196][  0]LogPakFile: Display: Extracted "Engine/Content/Internationalization/icudt64l/unit/en_MW.res" to "/mnt/biella-extra/biella-runtime/d03-01-package-negative-04/extracted/Engine/Content/Internationalization/icudt64l/unit/en_MW.res" Offset 3258388.
[2026.09.06-15.01.33:196][  0]LogPakFile: Display: Extracted "Engine/Content/Internationalization/icudt64l/unit/en_MY.res" to "/mnt/biella-extra/biella-runtime/d03-01-package-negative-04/extracted/Engine/Content/Internationalization/icudt64l/unit/en_MY.res" Offset 3258521.
[2026.09.06-15.01.33:196][  0]LogPakFile: Display: Extracted "Engine/Content/Internationalization/icudt64l/unit/en_NA.res" to "/mnt/biella-extra/biella-runtime/d03-01-package-negative-04/extracted/Engine/Content/Internationalization/icudt64l/unit/en_NA.res" Offset 3258654.
[2026.09.06-15.01.33:196][  0]LogPakFile: Display: Extracted "Engine/Content/Internationalization/icudt64l/unit/en_NF.res" to "/mnt/biella-extra/biella-runtime/d03-01-package-negative-04/extracted/Engine/Content/Internationalization/icudt64l/unit/en_NF.res" Offset 3258787.
[2026.09.06-15.01.33:197][  0]LogPakFile: Display: Extracted "Engine/Content/Internationalization/icudt64l/unit/en_NG.res" to "/mnt/biella-extra/biella-runtime/d03-01-package-negative-04/extracted/Engine/Content/Internationalization/icudt64l/unit/en_NG.res" Offset 3258920.
[2026.09.06-15.01.33:197][  0]LogPakFile: Display: Extracted "Engine/Content/Internationalization/icudt64l/unit/en_NH.res" to "/mnt/biella-extra/biella-runtime/d03-01-package-negative-04/extracted/Engine/Content/Internationalization/icudt64l/unit/en_NH.res" Offset 3259073.
[2026.09.06-15.01.33:197][  0]LogPakFile: Display: Extracted "Engine/Content/Internationalization/icudt64l/unit/en_NL.res" to "/mnt/biella-extra/biella-runtime/d03-01-package-negative-04/extracted/Engine/Content/Internationalization/icudt64l/unit/en_NL.res" Offset 3259214.
[2026.09.06-15.01.33:197][  0]LogPakFile: Display: Extracted "Engine/Content/Internationalization/icudt64l/unit/en_NR.res" to "/mnt/biella-extra/biella-runtime/d03-01-package-negative-04/extracted/Engine/Content/Internationalization/icudt64l/unit/en_NR.res" Offset 3259347.
[2026.09.06-15.01.33:197][  0]LogPakFile: Display: Extracted "Engine/Content/Internationalization/icudt64l/unit/en_NU.res" to "/mnt/biella-extra/biella-runtime/d03-01-package-negative-04/extracted/Engine/Content/Internationalization/icudt64l/unit/en_NU.res" Offset 3259480.
[2026.09.06-15.01.33:197][  0]LogPakFile: Display: Extracted "Engine/Content/Internationalization/icudt64l/unit/en_NZ.res" to "/mnt/biella-extra/biella-runtime/d03-01-package-negative-04/extracted/Engine/Content/Internationalization/icudt64l/unit/en_NZ.res" Offset 3259613.
[2026.09.06-15.01.33:197][  0]LogPakFile: Display: Extracted "Engine/Content/Internationalization/icudt64l/unit/en_PG.res" to "/mnt/biella-extra/biella-runtime/d03-01-package-negative-04/extracted/Engine/Content/Internationalization/icudt64l/unit/en_PG.res" Offset 3259746.
[2026.09.06-15.01.33:197][  0]LogPakFile: Display: Extracted "Engine/Content/Internationalization/icudt64l/unit/en_PH.res" to "/mnt/biella-extra/biella-runtime/d03-01-package-negative-04/extracted/Engine/Content/Internationalization/icudt64l/unit/en_PH.res" Offset 3259879.
[2026.09.06-15.01.33:197][  0]LogPakFile: Display: Extracted "Engine/Content/Internationalization/icudt64l/unit/en_PK.res" to "/mnt/biella-extra/biella-runtime/d03-01-package-negative-04/extracted/Engine/Content/Internationalization/icudt64l/unit/en_PK.res" Offset 3260012.
[2026.09.06-15.01.33:198][  0]LogPakFile: Display: Extracted "Engine/Content/Internationalization/icudt64l/unit/en_PN.res" to "/mnt/biella-extra/biella-runtime/d03-01-package-negative-04/extracted/Engine/Content/Internationalization/icudt64l/unit/en_PN.res" Offset 3260145.
[2026.09.06-15.01.33:198][  0]LogPakFile: Display: Extracted "Engine/Content/Internationalization/icudt64l/unit/en_PW.res" to "/mnt/biella-extra/biella-runtime/d03-01-package-negative-04/extracted/Engine/Content/Internationalization/icudt64l/unit/en_PW.res" Offset 3260278.
[2026.09.06-15.01.33:198][  0]LogPakFile: Display: Extracted "Engine/Content/Internationalization/icudt64l/unit/en_RH.res" to "/mnt/biella-extra/biella-runtime/d03-01-package-negative-04/extracted/Engine/Content/Internationalization/icudt64l/unit/en_RH.res" Offset 3260467.
[2026.09.06-15.01.33:198][  0]LogPakFile: Display: Extracted "Engine/Content/Internationalization/icudt64l/unit/en_RW.res" to "/mnt/biella-extra/biella-runtime/d03-01-package-negative-04/extracted/Engine/Content/Internationalization/icudt64l/unit/en_RW.res" Offset 3260608.
[2026.09.06-15.01.33:198][  0]LogPakFile: Display: Extracted "Engine/Content/Internationalization/icudt64l/unit/en_SB.res" to "/mnt/biella-extra/biella-runtime/d03-01-package-negative-04/extracted/Engine/Content/Internationalization/icudt64l/unit/en_SB.res" Offset 3260741.
[2026.09.06-15.01.33:198][  0]LogPakFile: Display: Extracted "Engine/Content/Internationalization/icudt64l/unit/en_SC.res" to "/mnt/biella-extra/biella-runtime/d03-01-package-negative-04/extracted/Engine/Content/Internationalization/icudt64l/unit/en_SC.res" Offset 3260874.
[2026.09.06-15.01.33:198][  0]LogPakFile: Display: Extracted "Engine/Content/Internationalization/icudt64l/unit/en_SD.res" to "/mnt/biella-extra/biella-runtime/d03-01-package-negative-04/extracted/Engine/Content/Internationalization/icudt64l/unit/en_SD.res" Offset 3261007.
[2026.09.06-15.01.33:198][  0]LogPakFile: Display: Extracted "Engine/Content/Internationalization/icudt64l/unit/en_SE.res" to "/mnt/biella-extra/biella-runtime/d03-01-package-negative-04/extracted/Engine/Content/Internationalization/icudt64l/unit/en_SE.res" Offset 3261140.
[2026.09.06-15.01.33:198][  0]LogPakFile: Display: Extracted "Engine/Content/Internationalization/icudt64l/unit/en_SG.res" to "/mnt/biella-extra/biella-runtime/d03-01-package-negative-04/extracted/Engine/Content/Internationalization/icudt64l/unit/en_SG.res" Offset 3261273.
[2026.09.06-15.01.33:199][  0]LogPakFile: Display: Extracted "Engine/Content/Internationalization/icudt64l/unit/en_SH.res" to "/mnt/biella-extra/biella-runtime/d03-01-package-negative-04/extracted/Engine/Content/Internationalization/icudt64l/unit/en_SH.res" Offset 3261406.
[2026.09.06-15.01.33:199][  0]LogPakFile: Display: Extracted "Engine/Content/Internationalization/icudt64l/unit/en_SI.res" to "/mnt/biella-extra/biella-runtime/d03-01-package-negative-04/extracted/Engine/Content/Internationalization/icudt64l/unit/en_SI.res" Offset 3261539.
[2026.09.06-15.01.33:199][  0]LogPakFile: Display: Extracted "Engine/Content/Internationalization/icudt64l/unit/en_SL.res" to "/mnt/biella-extra/biella-runtime/d03-01-package-negative-04/extracted/Engine/Content/Internationalization/icudt64l/unit/en_SL.res" Offset 3261672.
[2026.09.06-15.01.33:199][  0]LogPakFile: Display: Extracted "Engine/Content/Internationalization/icudt64l/unit/en_SS.res" to "/mnt/biella-extra/biella-runtime/d03-01-package-negative-04/extracted/Engine/Content/Internationalization/icudt64l/unit/en_SS.res" Offset 3261805.
[2026.09.06-15.01.33:199][  0]LogPakFile: Display: Extracted "Engine/Content/Internationalization/icudt64l/unit/en_SX.res" to "/mnt/biella-extra/biella-runtime/d03-01-package-negative-04/extracted/Engine/Content/Internationalization/icudt64l/unit/en_SX.res" Offset 3261938.
[2026.09.06-15.01.33:199][  0]LogPakFile: Display: Extracted "Engine/Content/Internationalization/icudt64l/unit/en_SZ.res" to "/mnt/biella-extra/biella-runtime/d03-01-package-negative-04/extracted/Engine/Content/Internationalization/icudt64l/unit/en_SZ.res" Offset 3262071.
[2026.09.06-15.01.33:199][  0]LogPakFile: Display: Extracted "Engine/Content/Internationalization/icudt64l/unit/en_TC.res" to "/mnt/biella-extra/biella-runtime/d03-01-package-negative-04/extracted/Engine/Content/Internationalization/icudt64l/unit/en_TC.res" Offset 3262204.
[2026.09.06-15.01.33:199][  0]LogPakFile: Display: Extracted "Engine/Content/Internationalization/icudt64l/unit/en_TK.res" to "/mnt/biella-extra/biella-runtime/d03-01-package-negative-04/extracted/Engine/Content/Internationalization/icudt64l/unit/en_TK.res" Offset 3262337.
[2026.09.06-15.01.33:199][  0]LogPakFile: Display: Extracted "Engine/Content/Internationalization/icudt64l/unit/en_TO.res" to "/mnt/biella-extra/biella-runtime/d03-01-package-negative-04/extracted/Engine/Content/Internationalization/icudt64l/unit/en_TO.res" Offset 3262470.
[2026.09.06-15.01.33:199][  0]LogPakFile: Display: Extracted "Engine/Content/Internationalization/icudt64l/unit/en_TT.res" to "/mnt/biella-extra/biella-runtime/d03-01-package-negative-04/extracted/Engine/Content/Internationalization/icudt64l/unit/en_TT.res" Offset 3262603.
[2026.09.06-15.01.33:200][  0]LogPakFile: Display: Extracted "Engine/Content/Internationalization/icudt64l/unit/en_TV.res" to "/mnt/biella-extra/biella-runtime/d03-01-package-negative-04/extracted/Engine/Content/Internationalization/icudt64l/unit/en_TV.res" Offset 3262736.
[2026.09.06-15.01.33:200][  0]LogPakFile: Display: Extracted "Engine/Content/Internationalization/icudt64l/unit/en_TZ.res" to "/mnt/biella-extra/biella-runtime/d03-01-package-negative-04/extracted/Engine/Content/Internationalization/icudt64l/unit/en_TZ.res" Offset 3262869.
[2026.09.06-15.01.33:200][  0]LogPakFile: Display: Extracted "Engine/Content/Internationalization/icudt64l/unit/en_UG.res" to "/mnt/biella-extra/biella-runtime/d03-01-package-negative-04/extracted/Engine/Content/Internationalization/icudt64l/unit/en_UG.res" Offset 3263002.
[2026.09.06-15.01.33:200][  0]LogPakFile: Display: Extracted "Engine/Content/Internationalization/icudt64l/unit/en_VC.res" to "/mnt/biella-extra/biella-runtime/d03-01-package-negative-04/extracted/Engine/Content/Internationalization/icudt64l/unit/en_VC.res" Offset 3263135.
[2026.09.06-15.01.33:200][  0]LogPakFile: Display: Extracted "Engine/Content/Internationalization/icudt64l/unit/en_VG.res" to "/mnt/biella-extra/biella-runtime/d03-01-package-negative-04/extracted/Engine/Content/Internationalization/icudt64l/unit/en_VG.res" Offset 3263268.
[2026.09.06-15.01.33:200][  0]LogPakFile: Display: Extracted "Engine/Content/Internationalization/icudt64l/unit/en_VU.res" to "/mnt/biella-extra/biella-runtime/d03-01-package-negative-04/extracted/Engine/Content/Internationalization/icudt64l/unit/en_VU.res" Offset 3263401.
[2026.09.06-15.01.33:200][  0]LogPakFile: Display: Extracted "Engine/Content/Internationalization/icudt64l/unit/en_WS.res" to "/mnt/biella-extra/biella-runtime/d03-01-package-negative-04/extracted/Engine/Content/Internationalization/icudt64l/unit/en_WS.res" Offset 3263534.
[2026.09.06-15.01.33:200][  0]LogPakFile: Display: Extracted "Engine/Content/Internationalization/icudt64l/unit/en_ZA.res" to "/mnt/biella-extra/biella-runtime/d03-01-package-negative-04/extracted/Engine/Content/Internationalization/icudt64l/unit/en_ZA.res" Offset 3263667.
[2026.09.06-15.01.33:200][  0]LogPakFile: Display: Extracted "Engine/Content/Internationalization/icudt64l/unit/en_ZM.res" to "/mnt/biella-extra/biella-runtime/d03-01-package-negative-04/extracted/Engine/Content/Internationalization/icudt64l/unit/en_ZM.res" Offset 3263800.
[2026.09.06-15.01.33:200][  0]LogPakFile: Display: Extracted "Engine/Content/Internationalization/icudt64l/unit/en_ZW.res" to "/mnt/biella-extra/biella-runtime/d03-01-package-negative-04/extracted/Engine/Content/Internationalization/icudt64l/unit/en_ZW.res" Offset 3263933.
[2026.09.06-15.01.33:201][  0]LogPakFile: Display: Extracted "Engine/Content/Internationalization/icudt64l/unit/pool.res" to "/mnt/biella-extra/biella-runtime/d03-01-package-negative-04/extracted/Engine/Content/Internationalization/icudt64l/unit/pool.res" Offset 3264066.
[2026.09.06-15.01.33:201][  0]LogPakFile: Display: Extracted "Engine/Content/Internationalization/icudt64l/unit/root.res" to "/mnt/biella-extra/biella-runtime/d03-01-package-negative-04/extracted/Engine/Content/Internationalization/icudt64l/unit/root.res" Offset 3265519.
[2026.09.06-15.01.33:201][  0]LogPakFile: Display: Extracted "Engine/Content/Internationalization/icudt64l/zone/en.res" to "/mnt/biella-extra/biella-runtime/d03-01-package-negative-04/extracted/Engine/Content/Internationalization/icudt64l/zone/en.res" Offset 3297547.
[2026.09.06-15.01.33:201][  0]LogPakFile: Display: Extracted "Engine/Content/Internationalization/icudt64l/zone/en_001.res" to "/mnt/biella-extra/biella-runtime/d03-01-package-negative-04/extracted/Engine/Content/Internationalization/icudt64l/zone/en_001.res" Offset 3301609.
[2026.09.06-15.01.33:201][  0]LogPakFile: Display: Extracted "Engine/Content/Internationalization/icudt64l/zone/en_150.res" to "/mnt/biella-extra/biella-runtime/d03-01-package-negative-04/extracted/Engine/Content/Internationalization/icudt64l/zone/en_150.res" Offset 3301914.
[2026.09.06-15.01.33:201][  0]LogPakFile: Display: Extracted "Engine/Content/Internationalization/icudt64l/zone/en_AE.res" to "/mnt/biella-extra/biella-runtime/d03-01-package-negative-04/extracted/Engine/Content/Internationalization/icudt64l/zone/en_AE.res" Offset 3302155.
[2026.09.06-15.01.33:201][  0]LogPakFile: Display: Extracted "Engine/Content/Internationalization/icudt64l/zone/en_AG.res" to "/mnt/biella-extra/biella-runtime/d03-01-package-negative-04/extracted/Engine/Content/Internationalization/icudt64l/zone/en_AG.res" Offset 3302496.
[2026.09.06-15.01.33:201][  0]LogPakFile: Display: Extracted "Engine/Content/Internationalization/icudt64l/zone/en_AI.res" to "/mnt/biella-extra/biella-runtime/d03-01-package-negative-04/extracted/Engine/Content/Internationalization/icudt64l/zone/en_AI.res" Offset 3302629.
[2026.09.06-15.01.33:202][  0]LogPakFile: Display: Extracted "Engine/Content/Internationalization/icudt64l/zone/en_AT.res" to "/mnt/biella-extra/biella-runtime/d03-01-package-negative-04/extracted/Engine/Content/Internationalization/icudt64l/zone/en_AT.res" Offset 3302762.
[2026.09.06-15.01.33:202][  0]LogPakFile: Display: Extracted "Engine/Content/Internationalization/icudt64l/zone/en_AU.res" to "/mnt/biella-extra/biella-runtime/d03-01-package-negative-04/extracted/Engine/Content/Internationalization/icudt64l/zone/en_AU.res" Offset 3302895.
[2026.09.06-15.01.33:202][  0]LogPakFile: Display: Extracted "Engine/Content/Internationalization/icudt64l/zone/en_BB.res" to "/mnt/biella-extra/biella-runtime/d03-01-package-negative-04/extracted/Engine/Content/Internationalization/icudt64l/zone/en_BB.res" Offset 3303662.
[2026.09.06-15.01.33:202][  0]LogPakFile: Display: Extracted "Engine/Content/Internationalization/icudt64l/zone/en_BE.res" to "/mnt/biella-extra/biella-runtime/d03-01-package-negative-04/extracted/Engine/Content/Internationalization/icudt64l/zone/en_BE.res" Offset 3303795.
[2026.09.06-15.01.33:202][  0]LogPakFile: Display: Extracted "Engine/Content/Internationalization/icudt64l/zone/en_BM.res" to "/mnt/biella-extra/biella-runtime/d03-01-package-negative-04/extracted/Engine/Content/Internationalization/icudt64l/zone/en_BM.res" Offset 3303928.
[2026.09.06-15.01.33:202][  0]LogPakFile: Display: Extracted "Engine/Content/Internationalization/icudt64l/zone/en_BS.res" to "/mnt/biella-extra/biella-runtime/d03-01-package-negative-04/extracted/Engine/Content/Internationalization/icudt64l/zone/en_BS.res" Offset 3304061.
[2026.09.06-15.01.33:202][  0]LogPakFile: Display: Extracted "Engine/Content/Internationalization/icudt64l/zone/en_BW.res" to "/mnt/biella-extra/biella-runtime/d03-01-package-negative-04/extracted/Engine/Content/Internationalization/icudt64l/zone/en_BW.res" Offset 3304194.
[2026.09.06-15.01.33:202][  0]LogPakFile: Display: Extracted "Engine/Content/Internationalization/icudt64l/zone/en_BZ.res" to "/mnt/biella-extra/biella-runtime/d03-01-package-negative-04/extracted/Engine/Content/Internationalization/icudt64l/zone/en_BZ.res" Offset 3304399.
[2026.09.06-15.01.33:202][  0]LogPakFile: Display: Extracted "Engine/Content/Internationalization/icudt64l/zone/en_CA.res" to "/mnt/biella-extra/biella-runtime/d03-01-package-negative-04/extracted/Engine/Content/Internationalization/icudt64l/zone/en_CA.res" Offset 3304532.
[2026.09.06-15.01.33:202][  0]LogPakFile: Display: Extracted "Engine/Content/Internationalization/icudt64l/zone/en_CC.res" to "/mnt/biella-extra/biella-runtime/d03-01-package-negative-04/extracted/Engine/Content/Internationalization/icudt64l/zone/en_CC.res" Offset 3305029.
[2026.09.06-15.01.33:203][  0]LogPakFile: Display: Extracted "Engine/Content/Internationalization/icudt64l/zone/en_CH.res" to "/mnt/biella-extra/biella-runtime/d03-01-package-negative-04/extracted/Engine/Content/Internationalization/icudt64l/zone/en_CH.res" Offset 3305162.
[2026.09.06-15.01.33:203][  0]LogPakFile: Display: Extracted "Engine/Content/Internationalization/icudt64l/zone/en_CK.res" to "/mnt/biella-extra/biella-runtime/d03-01-package-negative-04/extracted/Engine/Content/Internationalization/icudt64l/zone/en_CK.res" Offset 3305315.
[2026.09.06-15.01.33:203][  0]LogPakFile: Display: Extracted "Engine/Content/Internationalization/icudt64l/zone/en_CM.res" to "/mnt/biella-extra/biella-runtime/d03-01-package-negative-04/extracted/Engine/Content/Internationalization/icudt64l/zone/en_CM.res" Offset 3305448.
[2026.09.06-15.01.33:203][  0]LogPakFile: Display: Extracted "Engine/Content/Internationalization/icudt64l/zone/en_CX.res" to "/mnt/biella-extra/biella-runtime/d03-01-package-negative-04/extracted/Engine/Content/Internationalization/icudt64l/zone/en_CX.res" Offset 3305653.
[2026.09.06-15.01.33:203][  0]LogPakFile: Display: Extracted "Engine/Content/Internationalization/icudt64l/zone/en_CY.res" to "/mnt/biella-extra/biella-runtime/d03-01-package-negative-04/extracted/Engine/Content/Internationalization/icudt64l/zone/en_CY.res" Offset 3305786.
[2026.09.06-15.01.33:203][  0]LogPakFile: Display: Extracted "Engine/Content/Internationalization/icudt64l/zone/en_DE.res" to "/mnt/biella-extra/biella-runtime/d03-01-package-negative-04/extracted/Engine/Content/Internationalization/icudt64l/zone/en_DE.res" Offset 3305919.
[2026.09.06-15.01.33:203][  0]LogPakFile: Display: Extracted "Engine/Content/Internationalization/icudt64l/zone/en_DG.res" to "/mnt/biella-extra/biella-runtime/d03-01-package-negative-04/extracted/Engine/Content/Internationalization/icudt64l/zone/en_DG.res" Offset 3306052.
[2026.09.06-15.01.33:203][  0]LogPakFile: Display: Extracted "Engine/Content/Internationalization/icudt64l/zone/en_DK.res" to "/mnt/biella-extra/biella-runtime/d03-01-package-negative-04/extracted/Engine/Content/Internationalization/icudt64l/zone/en_DK.res" Offset 3306185.
[2026.09.06-15.01.33:203][  0]LogPakFile: Display: Extracted "Engine/Content/Internationalization/icudt64l/zone/en_DM.res" to "/mnt/biella-extra/biella-runtime/d03-01-package-negative-04/extracted/Engine/Content/Internationalization/icudt64l/zone/en_DM.res" Offset 3306318.
[2026.09.06-15.01.33:204][  0]LogPakFile: Display: Extracted "Engine/Content/Internationalization/icudt64l/zone/en_ER.res" to "/mnt/biella-extra/biella-runtime/d03-01-package-negative-04/extracted/Engine/Content/Internationalization/icudt64l/zone/en_ER.res" Offset 3306451.
[2026.09.06-15.01.33:204][  0]LogPakFile: Display: Extracted "Engine/Content/Internationalization/icudt64l/zone/en_FI.res" to "/mnt/biella-extra/biella-runtime/d03-01-package-negative-04/extracted/Engine/Content/Internationalization/icudt64l/zone/en_FI.res" Offset 3306656.
[2026.09.06-15.01.33:204][  0]LogPakFile: Display: Extracted "Engine/Content/Internationalization/icudt64l/zone/en_FJ.res" to "/mnt/biella-extra/biella-runtime/d03-01-package-negative-04/extracted/Engine/Content/Internationalization/icudt64l/zone/en_FJ.res" Offset 3306789.
[2026.09.06-15.01.33:204][  0]LogPakFile: Display: Extracted "Engine/Content/Internationalization/icudt64l/zone/en_FK.res" to "/mnt/biella-extra/biella-runtime/d03-01-package-negative-04/extracted/Engine/Content/Internationalization/icudt64l/zone/en_FK.res" Offset 3306922.
[2026.09.06-15.01.33:204][  0]LogPakFile: Display: Extracted "Engine/Content/Internationalization/icudt64l/zone/en_FM.res" to "/mnt/biella-extra/biella-runtime/d03-01-package-negative-04/extracted/Engine/Content/Internationalization/icudt64l/zone/en_FM.res" Offset 3307055.
[2026.09.06-15.01.33:204][  0]LogPakFile: Display: Extracted "Engine/Content/Internationalization/icudt64l/zone/en_GB.res" to "/mnt/biella-extra/biella-runtime/d03-01-package-negative-04/extracted/Engine/Content/Internationalization/icudt64l/zone/en_GB.res" Offset 3307188.
[2026.09.06-15.01.33:204][  0]LogPakFile: Display: Extracted "Engine/Content/Internationalization/icudt64l/zone/en_GD.res" to "/mnt/biella-extra/biella-runtime/d03-01-package-negative-04/extracted/Engine/Content/Internationalization/icudt64l/zone/en_GD.res" Offset 3307881.
[2026.09.06-15.01.33:204][  0]LogPakFile: Display: Extracted "Engine/Content/Internationalization/icudt64l/zone/en_GG.res" to "/mnt/biella-extra/biella-runtime/d03-01-package-negative-04/extracted/Engine/Content/Internationalization/icudt64l/zone/en_GG.res" Offset 3308014.
[2026.09.06-15.01.33:204][  0]LogPakFile: Display: Extracted "Engine/Content/Internationalization/icudt64l/zone/en_GH.res" to "/mnt/biella-extra/biella-runtime/d03-01-package-negative-04/extracted/Engine/Content/Internationalization/icudt64l/zone/en_GH.res" Offset 3308147.
[2026.09.06-15.01.33:204][  0]LogPakFile: Display: Extracted "Engine/Content/Internationalization/icudt64l/zone/en_GI.res" to "/mnt/biella-extra/biella-runtime/d03-01-package-negative-04/extracted/Engine/Content/Internationalization/icudt64l/zone/en_GI.res" Offset 3308352.
[2026.09.06-15.01.33:205][  0]LogPakFile: Display: Extracted "Engine/Content/Internationalization/icudt64l/zone/en_GM.res" to "/mnt/biella-extra/biella-runtime/d03-01-package-negative-04/extracted/Engine/Content/Internationalization/icudt64l/zone/en_GM.res" Offset 3308485.
[2026.09.06-15.01.33:205][  0]LogPakFile: Display: Extracted "Engine/Content/Internationalization/icudt64l/zone/en_GU.res" to "/mnt/biella-extra/biella-runtime/d03-01-package-negative-04/extracted/Engine/Content/Internationalization/icudt64l/zone/en_GU.res" Offset 3308690.
[2026.09.06-15.01.33:205][  0]LogPakFile: Display: Extracted "Engine/Content/Internationalization/icudt64l/zone/en_GY.res" to "/mnt/biella-extra/biella-runtime/d03-01-package-negative-04/extracted/Engine/Content/Internationalization/icudt64l/zone/en_GY.res" Offset 3308855.
[2026.09.06-15.01.33:205][  0]LogPakFile: Display: Extracted "Engine/Content/Internationalization/icudt64l/zone/en_HK.res" to "/mnt/biella-extra/biella-runtime/d03-01-package-negative-04/extracted/Engine/Content/Internationalization/icudt64l/zone/en_HK.res" Offset 3309020.
[2026.09.06-15.01.33:205][  0]LogPakFile: Display: Extracted "Engine/Content/Internationalization/icudt64l/zone/en_IE.res" to "/mnt/biella-extra/biella-runtime/d03-01-package-negative-04/extracted/Engine/Content/Internationalization/icudt64l/zone/en_IE.res" Offset 3309205.
[2026.09.06-15.01.33:205][  0]LogPakFile: Display: Extracted "Engine/Content/Internationalization/icudt64l/zone/en_IL.res" to "/mnt/biella-extra/biella-runtime/d03-01-package-negative-04/extracted/Engine/Content/Internationalization/icudt64l/zone/en_IL.res" Offset 3309370.
[2026.09.06-15.01.33:205][  0]LogPakFile: Display: Extracted "Engine/Content/Internationalization/icudt64l/zone/en_IM.res" to "/mnt/biella-extra/biella-runtime/d03-01-package-negative-04/extracted/Engine/Content/Internationalization/icudt64l/zone/en_IM.res" Offset 3309503.
[2026.09.06-15.01.33:205][  0]LogPakFile: Display: Extracted "Engine/Content/Internationalization/icudt64l/zone/en_IN.res" to "/mnt/biella-extra/biella-runtime/d03-01-package-negative-04/extracted/Engine/Content/Internationalization/icudt64l/zone/en_IN.res" Offset 3309636.
[2026.09.06-15.01.33:205][  0]LogPakFile: Display: Extracted "Engine/Content/Internationalization/icudt64l/zone/en_IO.res" to "/mnt/biella-extra/biella-runtime/d03-01-package-negative-04/extracted/Engine/Content/Internationalization/icudt64l/zone/en_IO.res" Offset 3309837.
[2026.09.06-15.01.33:205][  0]LogPakFile: Display: Extracted "Engine/Content/Internationalization/icudt64l/zone/en_JE.res" to "/mnt/biella-extra/biella-runtime/d03-01-package-negative-04/extracted/Engine/Content/Internationalization/icudt64l/zone/en_JE.res" Offset 3309970.
[2026.09.06-15.01.33:206][  0]LogPakFile: Display: Extracted "Engine/Content/Internationalization/icudt64l/zone/en_JM.res" to "/mnt/biella-extra/biella-runtime/d03-01-package-negative-04/extracted/Engine/Content/Internationalization/icudt64l/zone/en_JM.res" Offset 3310103.
[2026.09.06-15.01.33:206][  0]LogPakFile: Display: Extracted "Engine/Content/Internationalization/icudt64l/zone/en_KE.res" to "/mnt/biella-extra/biella-runtime/d03-01-package-negative-04/extracted/Engine/Content/Internationalization/icudt64l/zone/en_KE.res" Offset 3310236.
[2026.09.06-15.01.33:206][  0]LogPakFile: Display: Extracted "Engine/Content/Internationalization/icudt64l/zone/en_KI.res" to "/mnt/biella-extra/biella-runtime/d03-01-package-negative-04/extracted/Engine/Content/Internationalization/icudt64l/zone/en_KI.res" Offset 3310441.
[2026.09.06-15.01.33:206][  0]LogPakFile: Display: Extracted "Engine/Content/Internationalization/icudt64l/zone/en_KN.res" to "/mnt/biella-extra/biella-runtime/d03-01-package-negative-04/extracted/Engine/Content/Internationalization/icudt64l/zone/en_KN.res" Offset 3310574.
[2026.09.06-15.01.33:206][  0]LogPakFile: Display: Extracted "Engine/Content/Internationalization/icudt64l/zone/en_KY.res" to "/mnt/biella-extra/biella-runtime/d03-01-package-negative-04/extracted/Engine/Content/Internationalization/icudt64l/zone/en_KY.res" Offset 3310707.
[2026.09.06-15.01.33:206][  0]LogPakFile: Display: Extracted "Engine/Content/Internationalization/icudt64l/zone/en_LC.res" to "/mnt/biella-extra/biella-runtime/d03-01-package-negative-04/extracted/Engine/Content/Internationalization/icudt64l/zone/en_LC.res" Offset 3310840.
[2026.09.06-15.01.33:206][  0]LogPakFile: Display: Extracted "Engine/Content/Internationalization/icudt64l/zone/en_LR.res" to "/mnt/biella-extra/biella-runtime/d03-01-package-negative-04/extracted/Engine/Content/Internationalization/icudt64l/zone/en_LR.res" Offset 3310973.
[2026.09.06-15.01.33:206][  0]LogPakFile: Display: Extracted "Engine/Content/Internationalization/icudt64l/zone/en_LS.res" to "/mnt/biella-extra/biella-runtime/d03-01-package-negative-04/extracted/Engine/Content/Internationalization/icudt64l/zone/en_LS.res" Offset 3311178.
[2026.09.06-15.01.33:206][  0]LogPakFile: Display: Extracted "Engine/Content/Internationalization/icudt64l/zone/en_MG.res" to "/mnt/biella-extra/biella-runtime/d03-01-package-negative-04/extracted/Engine/Content/Internationalization/icudt64l/zone/en_MG.res" Offset 3311383.
[2026.09.06-15.01.33:206][  0]LogPakFile: Display: Extracted "Engine/Content/Internationalization/icudt64l/zone/en_MH.res" to "/mnt/biella-extra/biella-runtime/d03-01-package-negative-04/extracted/Engine/Content/Internationalization/icudt64l/zone/en_MH.res" Offset 3311588.
[2026.09.06-15.01.33:207][  0]LogPakFile: Display: Extracted "Engine/Content/Internationalization/icudt64l/zone/en_MO.res" to "/mnt/biella-extra/biella-runtime/d03-01-package-negative-04/extracted/Engine/Content/Internationalization/icudt64l/zone/en_MO.res" Offset 3311893.
[2026.09.06-15.01.33:207][  0]LogPakFile: Display: Extracted "Engine/Content/Internationalization/icudt64l/zone/en_MP.res" to "/mnt/biella-extra/biella-runtime/d03-01-package-negative-04/extracted/Engine/Content/Internationalization/icudt64l/zone/en_MP.res" Offset 3312114.
[2026.09.06-15.01.33:207][  0]LogPakFile: Display: Extracted "Engine/Content/Internationalization/icudt64l/zone/en_MS.res" to "/mnt/biella-extra/biella-runtime/d03-01-package-negative-04/extracted/Engine/Content/Internationalization/icudt64l/zone/en_MS.res" Offset 3312419.
[2026.09.06-15.01.33:207][  0]LogPakFile: Display: Extracted "Engine/Content/Internationalization/icudt64l/zone/en_MT.res" to "/mnt/biella-extra/biella-runtime/d03-01-package-negative-04/extracted/Engine/Content/Internationalization/icudt64l/zone/en_MT.res" Offset 3312552.
[2026.09.06-15.01.33:207][  0]LogPakFile: Display: Extracted "Engine/Content/Internationalization/icudt64l/zone/en_MU.res" to "/mnt/biella-extra/biella-runtime/d03-01-package-negative-04/extracted/Engine/Content/Internationalization/icudt64l/zone/en_MU.res" Offset 3312685.
[2026.09.06-15.01.33:207][  0]LogPakFile: Display: Extracted "Engine/Content/Internationalization/icudt64l/zone/en_MW.res" to "/mnt/biella-extra/biella-runtime/d03-01-package-negative-04/extracted/Engine/Content/Internationalization/icudt64l/zone/en_MW.res" Offset 3312890.
[2026.09.06-15.01.33:207][  0]LogPakFile: Display: Extracted "Engine/Content/Internationalization/icudt64l/zone/en_MY.res" to "/mnt/biella-extra/biella-runtime/d03-01-package-negative-04/extracted/Engine/Content/Internationalization/icudt64l/zone/en_MY.res" Offset 3313095.
[2026.09.06-15.01.33:207][  0]LogPakFile: Display: Extracted "Engine/Content/Internationalization/icudt64l/zone/en_NA.res" to "/mnt/biella-extra/biella-runtime/d03-01-package-negative-04/extracted/Engine/Content/Internationalization/icudt64l/zone/en_NA.res" Offset 3313260.
[2026.09.06-15.01.33:207][  0]LogPakFile: Display: Extracted "Engine/Content/Internationalization/icudt64l/zone/en_NF.res" to "/mnt/biella-extra/biella-runtime/d03-01-package-negative-04/extracted/Engine/Content/Internationalization/icudt64l/zone/en_NF.res" Offset 3313465.
[2026.09.06-15.01.33:208][  0]LogPakFile: Display: Extracted "Engine/Content/Internationalization/icudt64l/zone/en_NG.res" to "/mnt/biella-extra/biella-runtime/d03-01-package-negative-04/extracted/Engine/Content/Internationalization/icudt64l/zone/en_NG.res" Offset 3313598.
[2026.09.06-15.01.33:208][  0]LogPakFile: Display: Extracted "Engine/Content/Internationalization/icudt64l/zone/en_NH.res" to "/mnt/biella-extra/biella-runtime/d03-01-package-negative-04/extracted/Engine/Content/Internationalization/icudt64l/zone/en_NH.res" Offset 3313823.
[2026.09.06-15.01.33:208][  0]LogPakFile: Display: Extracted "Engine/Content/Internationalization/icudt64l/zone/en_NL.res" to "/mnt/biella-extra/biella-runtime/d03-01-package-negative-04/extracted/Engine/Content/Internationalization/icudt64l/zone/en_NL.res" Offset 3313964.
[2026.09.06-15.01.33:208][  0]LogPakFile: Display: Extracted "Engine/Content/Internationalization/icudt64l/zone/en_NR.res" to "/mnt/biella-extra/biella-runtime/d03-01-package-negative-04/extracted/Engine/Content/Internationalization/icudt64l/zone/en_NR.res" Offset 3314097.
[2026.09.06-15.01.33:208][  0]LogPakFile: Display: Extracted "Engine/Content/Internationalization/icudt64l/zone/en_NU.res" to "/mnt/biella-extra/biella-runtime/d03-01-package-negative-04/extracted/Engine/Content/Internationalization/icudt64l/zone/en_NU.res" Offset 3314230.
[2026.09.06-15.01.33:208][  0]LogPakFile: Display: Extracted "Engine/Content/Internationalization/icudt64l/zone/en_NZ.res" to "/mnt/biella-extra/biella-runtime/d03-01-package-negative-04/extracted/Engine/Content/Internationalization/icudt64l/zone/en_NZ.res" Offset 3314363.
[2026.09.06-15.01.33:208][  0]LogPakFile: Display: Extracted "Engine/Content/Internationalization/icudt64l/zone/en_PG.res" to "/mnt/biella-extra/biella-runtime/d03-01-package-negative-04/extracted/Engine/Content/Internationalization/icudt64l/zone/en_PG.res" Offset 3314776.
[2026.09.06-15.01.33:208][  0]LogPakFile: Display: Extracted "Engine/Content/Internationalization/icudt64l/zone/en_PH.res" to "/mnt/biella-extra/biella-runtime/d03-01-package-negative-04/extracted/Engine/Content/Internationalization/icudt64l/zone/en_PH.res" Offset 3314909.
[2026.09.06-15.01.33:208][  0]LogPakFile: Display: Extracted "Engine/Content/Internationalization/icudt64l/zone/en_PK.res" to "/mnt/biella-extra/biella-runtime/d03-01-package-negative-04/extracted/Engine/Content/Internationalization/icudt64l/zone/en_PK.res" Offset 3315042.
[2026.09.06-15.01.33:209][  0]LogPakFile: Display: Extracted "Engine/Content/Internationalization/icudt64l/zone/en_PN.res" to "/mnt/biella-extra/biella-runtime/d03-01-package-negative-04/extracted/Engine/Content/Internationalization/icudt64l/zone/en_PN.res" Offset 3315175.
[2026.09.06-15.01.33:209][  0]LogPakFile: Display: Extracted "Engine/Content/Internationalization/icudt64l/zone/en_PW.res" to "/mnt/biella-extra/biella-runtime/d03-01-package-negative-04/extracted/Engine/Content/Internationalization/icudt64l/zone/en_PW.res" Offset 3315308.
[2026.09.06-15.01.33:209][  0]LogPakFile: Display: Extracted "Engine/Content/Internationalization/icudt64l/zone/en_RH.res" to "/mnt/biella-extra/biella-runtime/d03-01-package-negative-04/extracted/Engine/Content/Internationalization/icudt64l/zone/en_RH.res" Offset 3315441.
[2026.09.06-15.01.33:209][  0]LogPakFile: Display: Extracted "Engine/Content/Internationalization/icudt64l/zone/en_RW.res" to "/mnt/biella-extra/biella-runtime/d03-01-package-negative-04/extracted/Engine/Content/Internationalization/icudt64l/zone/en_RW.res" Offset 3315582.
[2026.09.06-15.01.33:209][  0]LogPakFile: Display: Extracted "Engine/Content/Internationalization/icudt64l/zone/en_SB.res" to "/mnt/biella-extra/biella-runtime/d03-01-package-negative-04/extracted/Engine/Content/Internationalization/icudt64l/zone/en_SB.res" Offset 3315787.
[2026.09.06-15.01.33:209][  0]LogPakFile: Display: Extracted "Engine/Content/Internationalization/icudt64l/zone/en_SC.res" to "/mnt/biella-extra/biella-runtime/d03-01-package-negative-04/extracted/Engine/Content/Internationalization/icudt64l/zone/en_SC.res" Offset 3315920.
[2026.09.06-15.01.33:209][  0]LogPakFile: Display: Extracted "Engine/Content/Internationalization/icudt64l/zone/en_SD.res" to "/mnt/biella-extra/biella-runtime/d03-01-package-negative-04/extracted/Engine/Content/Internationalization/icudt64l/zone/en_SD.res" Offset 3316053.
[2026.09.06-15.01.33:209][  0]LogPakFile: Display: Extracted "Engine/Content/Internationalization/icudt64l/zone/en_SE.res" to "/mnt/biella-extra/biella-runtime/d03-01-package-negative-04/extracted/Engine/Content/Internationalization/icudt64l/zone/en_SE.res" Offset 3316258.
[2026.09.06-15.01.33:209][  0]LogPakFile: Display: Extracted "Engine/Content/Internationalization/icudt64l/zone/en_SG.res" to "/mnt/biella-extra/biella-runtime/d03-01-package-negative-04/extracted/Engine/Content/Internationalization/icudt64l/zone/en_SG.res" Offset 3316391.
[2026.09.06-15.01.33:210][  0]LogPakFile: Display: Extracted "Engine/Content/Internationalization/icudt64l/zone/en_SH.res" to "/mnt/biella-extra/biella-runtime/d03-01-package-negative-04/extracted/Engine/Content/Internationalization/icudt64l/zone/en_SH.res" Offset 3316580.
[2026.09.06-15.01.33:210][  0]LogPakFile: Display: Extracted "Engine/Content/Internationalization/icudt64l/zone/en_SI.res" to "/mnt/biella-extra/biella-runtime/d03-01-package-negative-04/extracted/Engine/Content/Internationalization/icudt64l/zone/en_SI.res" Offset 3316713.
[2026.09.06-15.01.33:210][  0]LogPakFile: Display: Extracted "Engine/Content/Internationalization/icudt64l/zone/en_SL.res" to "/mnt/biella-extra/biella-runtime/d03-01-package-negative-04/extracted/Engine/Content/Internationalization/icudt64l/zone/en_SL.res" Offset 3316846.
[2026.09.06-15.01.33:210][  0]LogPakFile: Display: Extracted "Engine/Content/Internationalization/icudt64l/zone/en_SS.res" to "/mnt/biella-extra/biella-runtime/d03-01-package-negative-04/extracted/Engine/Content/Internationalization/icudt64l/zone/en_SS.res" Offset 3317051.
[2026.09.06-15.01.33:210][  0]LogPakFile: Display: Extracted "Engine/Content/Internationalization/icudt64l/zone/en_SX.res" to "/mnt/biella-extra/biella-runtime/d03-01-package-negative-04/extracted/Engine/Content/Internationalization/icudt64l/zone/en_SX.res" Offset 3317256.
[2026.09.06-15.01.33:210][  0]LogPakFile: Display: Extracted "Engine/Content/Internationalization/icudt64l/zone/en_SZ.res" to "/mnt/biella-extra/biella-runtime/d03-01-package-negative-04/extracted/Engine/Content/Internationalization/icudt64l/zone/en_SZ.res" Offset 3317389.
[2026.09.06-15.01.33:210][  0]LogPakFile: Display: Extracted "Engine/Content/Internationalization/icudt64l/zone/en_TC.res" to "/mnt/biella-extra/biella-runtime/d03-01-package-negative-04/extracted/Engine/Content/Internationalization/icudt64l/zone/en_TC.res" Offset 3317594.
[2026.09.06-15.01.33:210][  0]LogPakFile: Display: Extracted "Engine/Content/Internationalization/icudt64l/zone/en_TK.res" to "/mnt/biella-extra/biella-runtime/d03-01-package-negative-04/extracted/Engine/Content/Internationalization/icudt64l/zone/en_TK.res" Offset 3317727.
[2026.09.06-15.01.33:210][  0]LogPakFile: Display: Extracted "Engine/Content/Internationalization/icudt64l/zone/en_TO.res" to "/mnt/biella-extra/biella-runtime/d03-01-package-negative-04/extracted/Engine/Content/Internationalization/icudt64l/zone/en_TO.res" Offset 3317860.
[2026.09.06-15.01.33:210][  0]LogPakFile: Display: Extracted "Engine/Content/Internationalization/icudt64l/zone/en_TT.res" to "/mnt/biella-extra/biella-runtime/d03-01-package-negative-04/extracted/Engine/Content/Internationalization/icudt64l/zone/en_TT.res" Offset 3317993.
[2026.09.06-15.01.33:211][  0]LogPakFile: Display: Extracted "Engine/Content/Internationalization/icudt64l/zone/en_TV.res" to "/mnt/biella-extra/biella-runtime/d03-01-package-negative-04/extracted/Engine/Content/Internationalization/icudt64l/zone/en_TV.res" Offset 3318126.
[2026.09.06-15.01.33:211][  0]LogPakFile: Display: Extracted "Engine/Content/Internationalization/icudt64l/zone/en_TZ.res" to "/mnt/biella-extra/biella-runtime/d03-01-package-negative-04/extracted/Engine/Content/Internationalization/icudt64l/zone/en_TZ.res" Offset 3318259.
[2026.09.06-15.01.33:211][  0]LogPakFile: Display: Extracted "Engine/Content/Internationalization/icudt64l/zone/en_UG.res" to "/mnt/biella-extra/biella-runtime/d03-01-package-negative-04/extracted/Engine/Content/Internationalization/icudt64l/zone/en_UG.res" Offset 3318464.
[2026.09.06-15.01.33:211][  0]LogPakFile: Display: Extracted "Engine/Content/Internationalization/icudt64l/zone/en_VC.res" to "/mnt/biella-extra/biella-runtime/d03-01-package-negative-04/extracted/Engine/Content/Internationalization/icudt64l/zone/en_VC.res" Offset 3318669.
[2026.09.06-15.01.33:211][  0]LogPakFile: Display: Extracted "Engine/Content/Internationalization/icudt64l/zone/en_VG.res" to "/mnt/biella-extra/biella-runtime/d03-01-package-negative-04/extracted/Engine/Content/Internationalization/icudt64l/zone/en_VG.res" Offset 3318802.
[2026.09.06-15.01.33:211][  0]LogPakFile: Display: Extracted "Engine/Content/Internationalization/icudt64l/zone/en_VU.res" to "/mnt/biella-extra/biella-runtime/d03-01-package-negative-04/extracted/Engine/Content/Internationalization/icudt64l/zone/en_VU.res" Offset 3318935.
[2026.09.06-15.01.33:211][  0]LogPakFile: Display: Extracted "Engine/Content/Internationalization/icudt64l/zone/en_WS.res" to "/mnt/biella-extra/biella-runtime/d03-01-package-negative-04/extracted/Engine/Content/Internationalization/icudt64l/zone/en_WS.res" Offset 3319068.
[2026.09.06-15.01.33:211][  0]LogPakFile: Display: Extracted "Engine/Content/Internationalization/icudt64l/zone/en_ZA.res" to "/mnt/biella-extra/biella-runtime/d03-01-package-negative-04/extracted/Engine/Content/Internationalization/icudt64l/zone/en_ZA.res" Offset 3319201.
[2026.09.06-15.01.33:211][  0]LogPakFile: Display: Extracted "Engine/Content/Internationalization/icudt64l/zone/en_ZM.res" to "/mnt/biella-extra/biella-runtime/d03-01-package-negative-04/extracted/Engine/Content/Internationalization/icudt64l/zone/en_ZM.res" Offset 3319406.
[2026.09.06-15.01.33:212][  0]LogPakFile: Display: Extracted "Engine/Content/Internationalization/icudt64l/zone/en_ZW.res" to "/mnt/biella-extra/biella-runtime/d03-01-package-negative-04/extracted/Engine/Content/Internationalization/icudt64l/zone/en_ZW.res" Offset 3319611.
[2026.09.06-15.01.33:212][  0]LogPakFile: Display: Extracted "Engine/Content/Internationalization/icudt64l/zone/pool.res" to "/mnt/biella-extra/biella-runtime/d03-01-package-negative-04/extracted/Engine/Content/Internationalization/icudt64l/zone/pool.res" Offset 3319816.
[2026.09.06-15.01.33:212][  0]LogPakFile: Display: Extracted "Engine/Content/Internationalization/icudt64l/zone/root.res" to "/mnt/biella-extra/biella-runtime/d03-01-package-negative-04/extracted/Engine/Content/Internationalization/icudt64l/zone/root.res" Offset 3321793.
[2026.09.06-15.01.33:212][  0]LogPakFile: Display: Extracted "Engine/Content/Localization/Engine/Engine.locmeta" to "/mnt/biella-extra/biella-runtime/d03-01-package-negative-04/extracted/Engine/Content/Localization/Engine/Engine.locmeta" Offset 5467750.
[2026.09.06-15.01.33:221][  0]LogPakFile: Display: Extracted "Engine/Content/Localization/Engine/en/Engine.locres" to "/mnt/biella-extra/biella-runtime/d03-01-package-negative-04/extracted/Engine/Content/Localization/Engine/en/Engine.locres" Offset 3377712.
[2026.09.06-15.01.33:222][  0]LogPakFile: Display: Extracted "Engine/Content/Slate/Checkerboard.png" to "/mnt/biella-extra/biella-runtime/d03-01-package-negative-04/extracted/Engine/Content/Slate/Checkerboard.png" Offset 5603774.
[2026.09.06-15.01.33:222][  0]LogPakFile: Display: Extracted "Engine/Content/Slate/Automation/DeveloperDirectoryContent.png" to "/mnt/biella-extra/biella-runtime/d03-01-package-negative-04/extracted/Engine/Content/Slate/Automation/DeveloperDirectoryContent.png" Offset 5467966.
[2026.09.06-15.01.33:222][  0]LogPakFile: Display: Extracted "Engine/Content/Slate/Automation/EditorGroupBorder.png" to "/mnt/biella-extra/biella-runtime/d03-01-package-negative-04/extracted/Engine/Content/Slate/Automation/EditorGroupBorder.png" Offset 5473889.
[2026.09.06-15.01.33:222][  0]LogPakFile: Display: Extracted "Engine/Content/Slate/Automation/ErrorFilter.png" to "/mnt/biella-extra/biella-runtime/d03-01-package-negative-04/extracted/Engine/Content/Slate/Automation/ErrorFilter.png" Offset 5477164.
[2026.09.06-15.01.33:222][  0]LogPakFile: Display: Extracted "Engine/Content/Slate/Automation/ExcludedTestsFilter.png" to "/mnt/biella-extra/biella-runtime/d03-01-package-negative-04/extracted/Engine/Content/Slate/Automation/ExcludedTestsFilter.png" Offset 5483980.
[2026.09.06-15.01.33:222][  0]LogPakFile: Display: Extracted "Engine/Content/Slate/Automation/Fail.png" to "/mnt/biella-extra/biella-runtime/d03-01-package-negative-04/extracted/Engine/Content/Slate/Automation/Fail.png" Offset 5501481.
[2026.09.06-15.01.33:222][  0]LogPakFile: Display: Extracted "Engine/Content/Slate/Automation/GameGroupBorder.png" to "/mnt/biella-extra/biella-runtime/d03-01-package-negative-04/extracted/Engine/Content/Slate/Automation/GameGroupBorder.png" Offset 5506099.
[2026.09.06-15.01.33:223][  0]LogPakFile: Display: Extracted "Engine/Content/Slate/Automation/Groups.png" to "/mnt/biella-extra/biella-runtime/d03-01-package-negative-04/extracted/Engine/Content/Slate/Automation/Groups.png" Offset 5509411.
[2026.09.06-15.01.33:223][  0]LogPakFile: Display: Extracted "Engine/Content/Slate/Automation/InProcess.png" to "/mnt/biella-extra/biella-runtime/d03-01-package-negative-04/extracted/Engine/Content/Slate/Automation/InProcess.png" Offset 5521542.
[2026.09.06-15.01.33:223][  0]LogPakFile: Display: Extracted "Engine/Content/Slate/Automation/NoSessionWarning.png" to "/mnt/biella-extra/biella-runtime/d03-01-package-negative-04/extracted/Engine/Content/Slate/Automation/NoSessionWarning.png" Offset 5525108.
[2026.09.06-15.01.33:223][  0]LogPakFile: Display: Extracted "Engine/Content/Slate/Automation/NotEnoughParticipants.png" to "/mnt/biella-extra/biella-runtime/d03-01-package-negative-04/extracted/Engine/Content/Slate/Automation/NotEnoughParticipants.png" Offset 5528125.
[2026.09.06-15.01.33:223][  0]LogPakFile: Display: Extracted "Engine/Content/Slate/Automation/NotRun.png" to "/mnt/biella-extra/biella-runtime/d03-01-package-negative-04/extracted/Engine/Content/Slate/Automation/NotRun.png" Offset 5531511.
[2026.09.06-15.01.33:228][  0]LogPakFile: Display: Extracted "Engine/Content/Slate/Automation/Participant.png" to "/mnt/biella-extra/biella-runtime/d03-01-package-negative-04/extracted/Engine/Content/Slate/Automation/Participant.png" Offset 5534410.
[2026.09.06-15.01.33:229][  0]LogPakFile: Display: Extracted "Engine/Content/Slate/Automation/ParticipantsWarning.png" to "/mnt/biella-extra/biella-runtime/d03-01-package-negative-04/extracted/Engine/Content/Slate/Automation/ParticipantsWarning.png" Offset 5537899.
[2026.09.06-15.01.33:229][  0]LogPakFile: Display: Extracted "Engine/Content/Slate/Automation/RefreshTests.png" to "/mnt/biella-extra/biella-runtime/d03-01-package-negative-04/extracted/Engine/Content/Slate/Automation/RefreshTests.png" Offset 5541285.
[2026.09.06-15.01.33:229][  0]LogPakFile: Display: Extracted "Engine/Content/Slate/Automation/RefreshWorkers.png" to "/mnt/biella-extra/biella-runtime/d03-01-package-negative-04/extracted/Engine/Content/Slate/Automation/RefreshWorkers.png" Offset 5547080.
[2026.09.06-15.01.33:229][  0]LogPakFile: Display: Extracted "Engine/Content/Slate/Automation/RunTests.png" to "/mnt/biella-extra/biella-runtime/d03-01-package-negative-04/extracted/Engine/Content/Slate/Automation/RunTests.png" Offset 5553503.
[2026.09.06-15.01.33:229][  0]LogPakFile: Display: Extracted "Engine/Content/Slate/Automation/SmokeTest.png" to "/mnt/biella-extra/biella-runtime/d03-01-package-negative-04/extracted/Engine/Content/Slate/Automation/SmokeTest.png" Offset 5558174.
[2026.09.06-15.01.33:229][  0]LogPakFile: Display: Extracted "Engine/Content/Slate/Automation/SmokeTestFilter.png" to "/mnt/biella-extra/biella-runtime/d03-01-package-negative-04/extracted/Engine/Content/Slate/Automation/SmokeTestFilter.png" Offset 5561415.
[2026.09.06-15.01.33:229][  0]LogPakFile: Display: Extracted "Engine/Content/Slate/Automation/SmokeTestParent.png" to "/mnt/biella-extra/biella-runtime/d03-01-package-negative-04/extracted/Engine/Content/Slate/Automation/SmokeTestParent.png" Offset 5567932.
[2026.09.06-15.01.33:229][  0]LogPakFile: Display: Extracted "Engine/Content/Slate/Automation/StopTests.png" to "/mnt/biella-extra/biella-runtime/d03-01-package-negative-04/extracted/Engine/Content/Slate/Automation/StopTests.png" Offset 5570965.
[2026.09.06-15.01.33:229][  0]LogPakFile: Display: Extracted "Engine/Content/Slate/Automation/Success.png" to "/mnt/biella-extra/biella-runtime/d03-01-package-negative-04/extracted/Engine/Content/Slate/Automation/Success.png" Offset 5575549.
[2026.09.06-15.01.33:230][  0]LogPakFile: Display: Extracted "Engine/Content/Slate/Automation/TrackTestHistory.png" to "/mnt/biella-extra/biella-runtime/d03-01-package-negative-04/extracted/Engine/Content/Slate/Automation/TrackTestHistory.png" Offset 5580128.
[2026.09.06-15.01.33:230][  0]LogPakFile: Display: Extracted "Engine/Content/Slate/Automation/VisualCommandlet.png" to "/mnt/biella-extra/biella-runtime/d03-01-package-negative-04/extracted/Engine/Content/Slate/Automation/VisualCommandlet.png" Offset 5586965.
[2026.09.06-15.01.33:230][  0]LogPakFile: Display: Extracted "Engine/Content/Slate/Automation/Warning.png" to "/mnt/biella-extra/biella-runtime/d03-01-package-negative-04/extracted/Engine/Content/Slate/Automation/Warning.png" Offset 5592656.
[2026.09.06-15.01.33:230][  0]LogPakFile: Display: Extracted "Engine/Content/Slate/Automation/WarningFilter.png" to "/mnt/biella-extra/biella-runtime/d03-01-package-negative-04/extracted/Engine/Content/Slate/Automation/WarningFilter.png" Offset 5597015.
[2026.09.06-15.01.33:230][  0]LogPakFile: Display: Extracted "Engine/Content/Slate/Common/BoxShadow.png" to "/mnt/biella-extra/biella-runtime/d03-01-package-negative-04/extracted/Engine/Content/Slate/Common/BoxShadow.png" Offset 5604171.
[2026.09.06-15.01.33:230][  0]LogPakFile: Display: Extracted "Engine/Content/Slate/Common/Button.png" to "/mnt/biella-extra/biella-runtime/d03-01-package-negative-04/extracted/Engine/Content/Slate/Common/Button.png" Offset 5605340.
[2026.09.06-15.01.33:230][  0]LogPakFile: Display: Extracted "Engine/Content/Slate/Common/Button_Disabled.png" to "/mnt/biella-extra/biella-runtime/d03-01-package-negative-04/extracted/Engine/Content/Slate/Common/Button_Disabled.png" Offset 5605876.
[2026.09.06-15.01.33:230][  0]LogPakFile: Display: Extracted "Engine/Content/Slate/Common/Button_Hovered.png" to "/mnt/biella-extra/biella-runtime/d03-01-package-negative-04/extracted/Engine/Content/Slate/Common/Button_Hovered.png" Offset 5606441.
[2026.09.06-15.01.33:230][  0]LogPakFile: Display: Extracted "Engine/Content/Slate/Common/Button_Pressed.png" to "/mnt/biella-extra/biella-runtime/d03-01-package-negative-04/extracted/Engine/Content/Slate/Common/Button_Pressed.png" Offset 5609846.
[2026.09.06-15.01.33:231][  0]LogPakFile: Display: Extracted "Engine/Content/Slate/Common/Check.png" to "/mnt/biella-extra/biella-runtime/d03-01-package-negative-04/extracted/Engine/Content/Slate/Common/Check.png" Offset 5612894.
[2026.09.06-15.01.33:231][  0]LogPakFile: Display: Extracted "Engine/Content/Slate/Common/CheckBox.png" to "/mnt/biella-extra/biella-runtime/d03-01-package-negative-04/extracted/Engine/Content/Slate/Common/CheckBox.png" Offset 5613404.
[2026.09.06-15.01.33:231][  0]LogPakFile: Display: Extracted "Engine/Content/Slate/Common/CheckBox_Checked.png" to "/mnt/biella-extra/biella-runtime/d03-01-package-negative-04/extracted/Engine/Content/Slate/Common/CheckBox_Checked.png" Offset 5613858.
[2026.09.06-15.01.33:231][  0]LogPakFile: Display: Extracted "Engine/Content/Slate/Common/CheckBox_Checked_Hovered.png" to "/mnt/biella-extra/biella-runtime/d03-01-package-negative-04/extracted/Engine/Content/Slate/Common/CheckBox_Checked_Hovered.png" Offset 5614411.
[2026.09.06-15.01.33:231][  0]LogPakFile: Display: Extracted "Engine/Content/Slate/Common/CheckBox_Hovered.png" to "/mnt/biella-extra/biella-runtime/d03-01-package-negative-04/extracted/Engine/Content/Slate/Common/CheckBox_Hovered.png" Offset 5614974.
[2026.09.06-15.01.33:231][  0]LogPakFile: Display: Extracted "Engine/Content/Slate/Common/CheckBox_Undetermined.png" to "/mnt/biella-extra/biella-runtime/d03-01-package-negative-04/extracted/Engine/Content/Slate/Common/CheckBox_Undetermined.png" Offset 5615417.
[2026.09.06-15.01.33:231][  0]LogPakFile: Display: Extracted "Engine/Content/Slate/Common/CheckBox_Undetermined_Hovered.png" to "/mnt/biella-extra/biella-runtime/d03-01-package-negative-04/extracted/Engine/Content/Slate/Common/CheckBox_Undetermined_Hovered.png" Offset 5615884.
[2026.09.06-15.01.33:231][  0]LogPakFile: Display: Extracted "Engine/Content/Slate/Common/Checker.png" to "/mnt/biella-extra/biella-runtime/d03-01-package-negative-04/extracted/Engine/Content/Slate/Common/Checker.png" Offset 5616355.
[2026.09.06-15.01.33:231][  0]LogPakFile: Display: Extracted "Engine/Content/Slate/Common/Circle.png" to "/mnt/biella-extra/biella-runtime/d03-01-package-negative-04/extracted/Engine/Content/Slate/Common/Circle.png" Offset 5616768.
[2026.09.06-15.01.33:232][  0]LogPakFile: Display: Extracted "Engine/Content/Slate/Common/ColorGradingWheel.png" to "/mnt/biella-extra/biella-runtime/d03-01-package-negative-04/extracted/Engine/Content/Slate/Common/ColorGradingWheel.png" Offset 5617194.
[2026.09.06-15.01.33:232][  0]LogPakFile: Display: Extracted "Engine/Content/Slate/Common/ColorPicker_Mode_16x.png" to "/mnt/biella-extra/biella-runtime/d03-01-package-negative-04/extracted/Engine/Content/Slate/Common/ColorPicker_Mode_16x.png" Offset 5652150.
[2026.09.06-15.01.33:232][  0]LogPakFile: Display: Extracted "Engine/Content/Slate/Common/ColorPicker_Separator.png" to "/mnt/biella-extra/biella-runtime/d03-01-package-negative-04/extracted/Engine/Content/Slate/Common/ColorPicker_Separator.png" Offset 5653146.
[2026.09.06-15.01.33:232][  0]LogPakFile: Display: Extracted "Engine/Content/Slate/Common/ColorPicker_SliderHandle.png" to "/mnt/biella-extra/biella-runtime/d03-01-package-negative-04/extracted/Engine/Content/Slate/Common/ColorPicker_SliderHandle.png" Offset 5653358.
[2026.09.06-15.01.33:232][  0]LogPakFile: Display: Extracted "Engine/Content/Slate/Common/ColorSpectrum.png" to "/mnt/biella-extra/biella-runtime/d03-01-package-negative-04/extracted/Engine/Content/Slate/Common/ColorSpectrum.png" Offset 5653593.
[2026.09.06-15.01.33:233][  0]LogPakFile: Display: Extracted "Engine/Content/Slate/Common/ColorSpectrum_20x.png" to "/mnt/biella-extra/biella-runtime/d03-01-package-negative-04/extracted/Engine/Content/Slate/Common/ColorSpectrum_20x.png" Offset 5912872.
[2026.09.06-15.01.33:233][  0]LogPakFile: Display: Extracted "Engine/Content/Slate/Common/ColorWheel.png" to "/mnt/biella-extra/biella-runtime/d03-01-package-negative-04/extracted/Engine/Content/Slate/Common/ColorWheel.png" Offset 5913457.
[2026.09.06-15.01.33:233][  0]LogPakFile: Display: Extracted "Engine/Content/Slate/Common/ColorWheel_20x.png" to "/mnt/biella-extra/biella-runtime/d03-01-package-negative-04/extracted/Engine/Content/Slate/Common/ColorWheel_20x.png" Offset 5983104.
[2026.09.06-15.01.33:233][  0]LogPakFile: Display: Extracted "Engine/Content/Slate/Common/ColumnHeader.png" to "/mnt/biella-extra/biella-runtime/d03-01-package-negative-04/extracted/Engine/Content/Slate/Common/ColumnHeader.png" Offset 5984121.
[2026.09.06-15.01.33:233][  0]LogPakFile: Display: Extracted "Engine/Content/Slate/Common/ColumnHeader_Arrow.png" to "/mnt/biella-extra/biella-runtime/d03-01-package-negative-04/extracted/Engine/Content/Slate/Common/ColumnHeader_Arrow.png" Offset 5984543.
[2026.09.06-15.01.33:233][  0]LogPakFile: Display: Extracted "Engine/Content/Slate/Common/ColumnHeader_Hovered.png" to "/mnt/biella-extra/biella-runtime/d03-01-package-negative-04/extracted/Engine/Content/Slate/Common/ColumnHeader_Hovered.png" Offset 5984787.
[2026.09.06-15.01.33:233][  0]LogPakFile: Display: Extracted "Engine/Content/Slate/Common/ColumnHeaderMenuButton_Hovered.png" to "/mnt/biella-extra/biella-runtime/d03-01-package-negative-04/extracted/Engine/Content/Slate/Common/ColumnHeaderMenuButton_Hovered.png" Offset 5986196.
[2026.09.06-15.01.33:233][  0]LogPakFile: Display: Extracted "Engine/Content/Slate/Common/ColumnHeaderMenuButton_Normal.png" to "/mnt/biella-extra/biella-runtime/d03-01-package-negative-04/extracted/Engine/Content/Slate/Common/ColumnHeaderMenuButton_Normal.png" Offset 5987820.
[2026.09.06-15.01.33:233][  0]LogPakFile: Display: Extracted "Engine/Content/Slate/Common/ComboArrow.png" to "/mnt/biella-extra/biella-runtime/d03-01-package-negative-04/extracted/Engine/Content/Slate/Common/ComboArrow.png" Offset 5988223.
[2026.09.06-15.01.33:233][  0]LogPakFile: Display: Extracted "Engine/Content/Slate/Common/CursorPing.png" to "/mnt/biella-extra/biella-runtime/d03-01-package-negative-04/extracted/Engine/Content/Slate/Common/CursorPing.png" Offset 5988637.
[2026.09.06-15.01.33:233][  0]LogPakFile: Display: Extracted "Engine/Content/Slate/Common/DarkGroupBorder.png" to "/mnt/biella-extra/biella-runtime/d03-01-package-negative-04/extracted/Engine/Content/Slate/Common/DarkGroupBorder.png" Offset 5991482.
[2026.09.06-15.01.33:234][  0]LogPakFile: Display: Extracted "Engine/Content/Slate/Common/DebugBorder.PNG" to "/mnt/biella-extra/biella-runtime/d03-01-package-negative-04/extracted/Engine/Content/Slate/Common/DebugBorder.PNG" Offset 5991945.
[2026.09.06-15.01.33:234][  0]LogPakFile: Display: Extracted "Engine/Content/Slate/Common/Delimiter.png" to "/mnt/biella-extra/biella-runtime/d03-01-package-negative-04/extracted/Engine/Content/Slate/Common/Delimiter.png" Offset 5992372.
[2026.09.06-15.01.33:234][  0]LogPakFile: Display: Extracted "Engine/Content/Slate/Common/DownArrow.png" to "/mnt/biella-extra/biella-runtime/d03-01-package-negative-04/extracted/Engine/Content/Slate/Common/DownArrow.png" Offset 5992828.
[2026.09.06-15.01.33:234][  0]LogPakFile: Display: Extracted "Engine/Content/Slate/Common/DropZoneIndicator_Above.png" to "/mnt/biella-extra/biella-runtime/d03-01-package-negative-04/extracted/Engine/Content/Slate/Common/DropZoneIndicator_Above.png" Offset 5993242.
[2026.09.06-15.01.33:234][  0]LogPakFile: Display: Extracted "Engine/Content/Slate/Common/DropZoneIndicator_Below.png" to "/mnt/biella-extra/biella-runtime/d03-01-package-negative-04/extracted/Engine/Content/Slate/Common/DropZoneIndicator_Below.png" Offset 5994833.
[2026.09.06-15.01.33:234][  0]LogPakFile: Display: Extracted "Engine/Content/Slate/Common/DropZoneIndicator_Onto.png" to "/mnt/biella-extra/biella-runtime/d03-01-package-negative-04/extracted/Engine/Content/Slate/Common/DropZoneIndicator_Onto.png" Offset 5996361.
[2026.09.06-15.01.33:234][  0]LogPakFile: Display: Extracted "Engine/Content/Slate/Common/EditableTextSelectionBackground.png" to "/mnt/biella-extra/biella-runtime/d03-01-package-negative-04/extracted/Engine/Content/Slate/Common/EditableTextSelectionBackground.png" Offset 5997831.
[2026.09.06-15.01.33:234][  0]LogPakFile: Display: Extracted "Engine/Content/Slate/Common/EventMessage_Default.png" to "/mnt/biella-extra/biella-runtime/d03-01-package-negative-04/extracted/Engine/Content/Slate/Common/EventMessage_Default.png" Offset 5998238.
[2026.09.06-15.01.33:235][  0]LogPakFile: Display: Extracted "Engine/Content/Slate/Common/ExpansionButton_CloseOverlay.png" to "/mnt/biella-extra/biella-runtime/d03-01-package-negative-04/extracted/Engine/Content/Slate/Common/ExpansionButton_CloseOverlay.png" Offset 5998944.
[2026.09.06-15.01.33:235][  0]LogPakFile: Display: Extracted "Engine/Content/Slate/Common/GroupBorder.png" to "/mnt/biella-extra/biella-runtime/d03-01-package-negative-04/extracted/Engine/Content/Slate/Common/GroupBorder.png" Offset 5999465.
[2026.09.06-15.01.33:235][  0]LogPakFile: Display: Extracted "Engine/Content/Slate/Common/GroupBorder_Shape.png" to "/mnt/biella-extra/biella-runtime/d03-01-package-negative-04/extracted/Engine/Content/Slate/Common/GroupBorder_Shape.png" Offset 5999929.
[2026.09.06-15.01.33:235][  0]LogPakFile: Display: Extracted "Engine/Content/Slate/Common/HeaderSplitterGrip.PNG" to "/mnt/biella-extra/biella-runtime/d03-01-package-negative-04/extracted/Engine/Content/Slate/Common/HeaderSplitterGrip.PNG" Offset 6000152.
[2026.09.06-15.01.33:235][  0]LogPakFile: Display: Extracted "Engine/Content/Slate/Common/LastColumnHeader_Hovered.png" to "/mnt/biella-extra/biella-runtime/d03-01-package-negative-04/extracted/Engine/Content/Slate/Common/LastColumnHeader_Hovered.png" Offset 6000552.
[2026.09.06-15.01.33:235][  0]LogPakFile: Display: Extracted "Engine/Content/Slate/Common/LeftArrow.png" to "/mnt/biella-extra/biella-runtime/d03-01-package-negative-04/extracted/Engine/Content/Slate/Common/LeftArrow.png" Offset 6002062.
[2026.09.06-15.01.33:235][  0]LogPakFile: Display: Extracted "Engine/Content/Slate/Common/LightGroupBorder.png" to "/mnt/biella-extra/biella-runtime/d03-01-package-negative-04/extracted/Engine/Content/Slate/Common/LightGroupBorder.png" Offset 6004938.
[2026.09.06-15.01.33:235][  0]LogPakFile: Display: Extracted "Engine/Content/Slate/Common/menu.svg" to "/mnt/biella-extra/biella-runtime/d03-01-package-negative-04/extracted/Engine/Content/Slate/Common/menu.svg" Offset 6005436.
[2026.09.06-15.01.33:235][  0]LogPakFile: Display: Extracted "Engine/Content/Slate/Common/NoiseBackground.png" to "/mnt/biella-extra/biella-runtime/d03-01-package-negative-04/extracted/Engine/Content/Slate/Common/NoiseBackground.png" Offset 6005887.
[2026.09.06-15.01.33:236][  0]LogPakFile: Display: Extracted "Engine/Content/Slate/Common/PlainBorder.png" to "/mnt/biella-extra/biella-runtime/d03-01-package-negative-04/extracted/Engine/Content/Slate/Common/PlainBorder.png" Offset 6008161.
[2026.09.06-15.01.33:236][  0]LogPakFile: Display: Extracted "Engine/Content/Slate/Common/ProfileVisualizer_Mono.png" to "/mnt/biella-extra/biella-runtime/d03-01-package-negative-04/extracted/Engine/Content/Slate/Common/ProfileVisualizer_Mono.png" Offset 6008376.
[2026.09.06-15.01.33:236][  0]LogPakFile: Display: Extracted "Engine/Content/Slate/Common/ProfileVisualizer_Normal.png" to "/mnt/biella-extra/biella-runtime/d03-01-package-negative-04/extracted/Engine/Content/Slate/Common/ProfileVisualizer_Normal.png" Offset 6011300.
[2026.09.06-15.01.33:236][  0]LogPakFile: Display: Extracted "Engine/Content/Slate/Common/ProfileVisualizer_Selected.png" to "/mnt/biella-extra/biella-runtime/d03-01-package-negative-04/extracted/Engine/Content/Slate/Common/ProfileVisualizer_Selected.png" Offset 6014262.
[2026.09.06-15.01.33:236][  0]LogPakFile: Display: Extracted "Engine/Content/Slate/Common/ProgressBar_Background.png" to "/mnt/biella-extra/biella-runtime/d03-01-package-negative-04/extracted/Engine/Content/Slate/Common/ProgressBar_Background.png" Offset 6017218.
[2026.09.06-15.01.33:236][  0]LogPakFile: Display: Extracted "Engine/Content/Slate/Common/ProgressBar_Fill.png" to "/mnt/biella-extra/biella-runtime/d03-01-package-negative-04/extracted/Engine/Content/Slate/Common/ProgressBar_Fill.png" Offset 6017743.
[2026.09.06-15.01.33:236][  0]LogPakFile: Display: Extracted "Engine/Content/Slate/Common/ProgressBar_Marquee.PNG" to "/mnt/biella-extra/biella-runtime/d03-01-package-negative-04/extracted/Engine/Content/Slate/Common/ProgressBar_Marquee.PNG" Offset 6018217.
[2026.09.06-15.01.33:236][  0]LogPakFile: Display: Extracted "Engine/Content/Slate/Common/RadioButton_Selected_16x.png" to "/mnt/biella-extra/biella-runtime/d03-01-package-negative-04/extracted/Engine/Content/Slate/Common/RadioButton_Selected_16x.png" Offset 6018858.
[2026.09.06-15.01.33:236][  0]LogPakFile: Display: Extracted "Engine/Content/Slate/Common/RadioButton_SelectedBack_16x.png" to "/mnt/biella-extra/biella-runtime/d03-01-package-negative-04/extracted/Engine/Content/Slate/Common/RadioButton_SelectedBack_16x.png" Offset 6019544.
[2026.09.06-15.01.33:237][  0]LogPakFile: Display: Extracted "Engine/Content/Slate/Common/RadioButton_Unselected_16x.png" to "/mnt/biella-extra/biella-runtime/d03-01-package-negative-04/extracted/Engine/Content/Slate/Common/RadioButton_Unselected_16x.png" Offset 6022628.
[2026.09.06-15.01.33:237][  0]LogPakFile: Display: Extracted "Engine/Content/Slate/Common/RoundedSelection_16x.PNG" to "/mnt/biella-extra/biella-runtime/d03-01-package-negative-04/extracted/Engine/Content/Slate/Common/RoundedSelection_16x.PNG" Offset 6024153.
[2026.09.06-15.01.33:237][  0]LogPakFile: Display: Extracted "Engine/Content/Slate/Common/Scrollbar_Background_Horizontal.png" to "/mnt/biella-extra/biella-runtime/d03-01-package-negative-04/extracted/Engine/Content/Slate/Common/Scrollbar_Background_Horizontal.png" Offset 6024584.
[2026.09.06-15.01.33:237][  0]LogPakFile: Display: Extracted "Engine/Content/Slate/Common/Scrollbar_Background_Vertical.png" to "/mnt/biella-extra/biella-runtime/d03-01-package-negative-04/extracted/Engine/Content/Slate/Common/Scrollbar_Background_Vertical.png" Offset 6024987.
[2026.09.06-15.01.33:237][  0]LogPakFile: Display: Extracted "Engine/Content/Slate/Common/Scrollbar_Thumb.png" to "/mnt/biella-extra/biella-runtime/d03-01-package-negative-04/extracted/Engine/Content/Slate/Common/Scrollbar_Thumb.png" Offset 6025385.
[2026.09.06-15.01.33:237][  0]LogPakFile: Display: Extracted "Engine/Content/Slate/Common/ScrollBorderShadowBottom.png" to "/mnt/biella-extra/biella-runtime/d03-01-package-negative-04/extracted/Engine/Content/Slate/Common/ScrollBorderShadowBottom.png" Offset 6025835.
[2026.09.06-15.01.33:237][  0]LogPakFile: Display: Extracted "Engine/Content/Slate/Common/ScrollBorderShadowTop.png" to "/mnt/biella-extra/biella-runtime/d03-01-package-negative-04/extracted/Engine/Content/Slate/Common/ScrollBorderShadowTop.png" Offset 6026372.
[2026.09.06-15.01.33:237][  0]LogPakFile: Display: Extracted "Engine/Content/Slate/Common/ScrollBoxShadowBottom.png" to "/mnt/biella-extra/biella-runtime/d03-01-package-negative-04/extracted/Engine/Content/Slate/Common/ScrollBoxShadowBottom.png" Offset 6026914.
[2026.09.06-15.01.33:237][  0]LogPakFile: Display: Extracted "Engine/Content/Slate/Common/ScrollBoxShadowLeft.png" to "/mnt/biella-extra/biella-runtime/d03-01-package-negative-04/extracted/Engine/Content/Slate/Common/ScrollBoxShadowLeft.png" Offset 6027451.
[2026.09.06-15.01.33:237][  0]LogPakFile: Display: Extracted "Engine/Content/Slate/Common/ScrollBoxShadowRight.png" to "/mnt/biella-extra/biella-runtime/d03-01-package-negative-04/extracted/Engine/Content/Slate/Common/ScrollBoxShadowRight.png" Offset 6027995.
[2026.09.06-15.01.33:238][  0]LogPakFile: Display: Extracted "Engine/Content/Slate/Common/ScrollBoxShadowTop.png" to "/mnt/biella-extra/biella-runtime/d03-01-package-negative-04/extracted/Engine/Content/Slate/Common/ScrollBoxShadowTop.png" Offset 6028539.
[2026.09.06-15.01.33:238][  0]LogPakFile: Display: Extracted "Engine/Content/Slate/Common/SearchGlass.PNG" to "/mnt/biella-extra/biella-runtime/d03-01-package-negative-04/extracted/Engine/Content/Slate/Common/SearchGlass.PNG" Offset 6029081.
[2026.09.06-15.01.33:238][  0]LogPakFile: Display: Extracted "Engine/Content/Slate/Common/Selection.png" to "/mnt/biella-extra/biella-runtime/d03-01-package-negative-04/extracted/Engine/Content/Slate/Common/Selection.png" Offset 6029674.
[2026.09.06-15.01.33:238][  0]LogPakFile: Display: Extracted "Engine/Content/Slate/Common/Selector.png" to "/mnt/biella-extra/biella-runtime/d03-01-package-negative-04/extracted/Engine/Content/Slate/Common/Selector.png" Offset 6030060.
[2026.09.06-15.01.33:238][  0]LogPakFile: Display: Extracted "Engine/Content/Slate/Common/Separator.png" to "/mnt/biella-extra/biella-runtime/d03-01-package-negative-04/extracted/Engine/Content/Slate/Common/Separator.png" Offset 6030474.
[2026.09.06-15.01.33:238][  0]LogPakFile: Display: Extracted "Engine/Content/Slate/Common/SmallCheck.png" to "/mnt/biella-extra/biella-runtime/d03-01-package-negative-04/extracted/Engine/Content/Slate/Common/SmallCheck.png" Offset 6030881.
[2026.09.06-15.01.33:238][  0]LogPakFile: Display: Extracted "Engine/Content/Slate/Common/SmallCheckBox.png" to "/mnt/biella-extra/biella-runtime/d03-01-package-negative-04/extracted/Engine/Content/Slate/Common/SmallCheckBox.png" Offset 6031391.
[2026.09.06-15.01.33:238][  0]LogPakFile: Display: Extracted "Engine/Content/Slate/Common/SmallCheckBox_Checked.png" to "/mnt/biella-extra/biella-runtime/d03-01-package-negative-04/extracted/Engine/Content/Slate/Common/SmallCheckBox_Checked.png" Offset 6031813.
[2026.09.06-15.01.33:238][  0]LogPakFile: Display: Extracted "Engine/Content/Slate/Common/SmallCheckBox_Checked_Hovered.png" to "/mnt/biella-extra/biella-runtime/d03-01-package-negative-04/extracted/Engine/Content/Slate/Common/SmallCheckBox_Checked_Hovered.png" Offset 6032355.
[2026.09.06-15.01.33:238][  0]LogPakFile: Display: Extracted "Engine/Content/Slate/Common/SmallCheckBox_Hovered.png" to "/mnt/biella-extra/biella-runtime/d03-01-package-negative-04/extracted/Engine/Content/Slate/Common/SmallCheckBox_Hovered.png" Offset 6032873.
[2026.09.06-15.01.33:239][  0]LogPakFile: Display: Extracted "Engine/Content/Slate/Common/SmallCheckBox_Undetermined.png" to "/mnt/biella-extra/biella-runtime/d03-01-package-negative-04/extracted/Engine/Content/Slate/Common/SmallCheckBox_Undetermined.png" Offset 6033296.
[2026.09.06-15.01.33:239][  0]LogPakFile: Display: Extracted "Engine/Content/Slate/Common/SmallCheckBox_Undetermined_Hovered.png" to "/mnt/biella-extra/biella-runtime/d03-01-package-negative-04/extracted/Engine/Content/Slate/Common/SmallCheckBox_Undetermined_Hovered.png" Offset 6036207.
[2026.09.06-15.01.33:239][  0]LogPakFile: Display: Extracted "Engine/Content/Slate/Common/SortDownArrow.png" to "/mnt/biella-extra/biella-runtime/d03-01-package-negative-04/extracted/Engine/Content/Slate/Common/SortDownArrow.png" Offset 6039114.
[2026.09.06-15.01.33:239][  0]LogPakFile: Display: Extracted "Engine/Content/Slate/Common/SortDownArrows.png" to "/mnt/biella-extra/biella-runtime/d03-01-package-negative-04/extracted/Engine/Content/Slate/Common/SortDownArrows.png" Offset 6039533.
[2026.09.06-15.01.33:239][  0]LogPakFile: Display: Extracted "Engine/Content/Slate/Common/SortUpArrow.png" to "/mnt/biella-extra/biella-runtime/d03-01-package-negative-04/extracted/Engine/Content/Slate/Common/SortUpArrow.png" Offset 6039821.
[2026.09.06-15.01.33:239][  0]LogPakFile: Display: Extracted "Engine/Content/Slate/Common/SortUpArrows.png" to "/mnt/biella-extra/biella-runtime/d03-01-package-negative-04/extracted/Engine/Content/Slate/Common/SortUpArrows.png" Offset 6040240.
[2026.09.06-15.01.33:239][  0]LogPakFile: Display: Extracted "Engine/Content/Slate/Common/SpinArrows.png" to "/mnt/biella-extra/biella-runtime/d03-01-package-negative-04/extracted/Engine/Content/Slate/Common/SpinArrows.png" Offset 6040531.
[2026.09.06-15.01.33:239][  0]LogPakFile: Display: Extracted "Engine/Content/Slate/Common/Spinbox.PNG" to "/mnt/biella-extra/biella-runtime/d03-01-package-negative-04/extracted/Engine/Content/Slate/Common/Spinbox.PNG" Offset 6041004.
[2026.09.06-15.01.33:239][  0]LogPakFile: Display: Extracted "Engine/Content/Slate/Common/Spinbox_Fill.png" to "/mnt/biella-extra/biella-runtime/d03-01-package-negative-04/extracted/Engine/Content/Slate/Common/Spinbox_Fill.png" Offset 6041461.
[2026.09.06-15.01.33:240][  0]LogPakFile: Display: Extracted "Engine/Content/Slate/Common/Spinbox_Fill_Dark.png" to "/mnt/biella-extra/biella-runtime/d03-01-package-negative-04/extracted/Engine/Content/Slate/Common/Spinbox_Fill_Dark.png" Offset 6042000.
[2026.09.06-15.01.33:240][  0]LogPakFile: Display: Extracted "Engine/Content/Slate/Common/Spinbox_Fill_Hovered.png" to "/mnt/biella-extra/biella-runtime/d03-01-package-negative-04/extracted/Engine/Content/Slate/Common/Spinbox_Fill_Hovered.png" Offset 6042585.
[2026.09.06-15.01.33:240][  0]LogPakFile: Display: Extracted "Engine/Content/Slate/Common/Spinbox_Fill_Hovered_Dark.png" to "/mnt/biella-extra/biella-runtime/d03-01-package-negative-04/extracted/Engine/Content/Slate/Common/Spinbox_Fill_Hovered_Dark.png" Offset 6043151.
[2026.09.06-15.01.33:240][  0]LogPakFile: Display: Extracted "Engine/Content/Slate/Common/Spinbox_Hovered.png" to "/mnt/biella-extra/biella-runtime/d03-01-package-negative-04/extracted/Engine/Content/Slate/Common/Spinbox_Hovered.png" Offset 6043753.
[2026.09.06-15.01.33:240][  0]LogPakFile: Display: Extracted "Engine/Content/Slate/Common/SplitterHandleHighlight.png" to "/mnt/biella-extra/biella-runtime/d03-01-package-negative-04/extracted/Engine/Content/Slate/Common/SplitterHandleHighlight.png" Offset 6044257.
[2026.09.06-15.01.33:240][  0]LogPakFile: Display: Extracted "Engine/Content/Slate/Common/SubmenuArrow.png" to "/mnt/biella-extra/biella-runtime/d03-01-package-negative-04/extracted/Engine/Content/Slate/Common/SubmenuArrow.png" Offset 6044650.
[2026.09.06-15.01.33:240][  0]LogPakFile: Display: Extracted "Engine/Content/Slate/Common/TableViewHeader.png" to "/mnt/biella-extra/biella-runtime/d03-01-package-negative-04/extracted/Engine/Content/Slate/Common/TableViewHeader.png" Offset 6045075.
[2026.09.06-15.01.33:240][  0]LogPakFile: Display: Extracted "Engine/Content/Slate/Common/TableViewMajorColumn.png" to "/mnt/biella-extra/biella-runtime/d03-01-package-negative-04/extracted/Engine/Content/Slate/Common/TableViewMajorColumn.png" Offset 6045654.
[2026.09.06-15.01.33:240][  0]LogPakFile: Display: Extracted "Engine/Content/Slate/Common/TextBlockHighlightShape.png" to "/mnt/biella-extra/biella-runtime/d03-01-package-negative-04/extracted/Engine/Content/Slate/Common/TextBlockHighlightShape.png" Offset 6046027.
[2026.09.06-15.01.33:240][  0]LogPakFile: Display: Extracted "Engine/Content/Slate/Common/TextBlockHighlightShape_Empty.png" to "/mnt/biella-extra/biella-runtime/d03-01-package-negative-04/extracted/Engine/Content/Slate/Common/TextBlockHighlightShape_Empty.png" Offset 6046449.
[2026.09.06-15.01.33:241][  0]LogPakFile: Display: Extracted "Engine/Content/Slate/Common/TextBox.png" to "/mnt/biella-extra/biella-runtime/d03-01-package-negative-04/extracted/Engine/Content/Slate/Common/TextBox.png" Offset 6046881.
[2026.09.06-15.01.33:241][  0]LogPakFile: Display: Extracted "Engine/Content/Slate/Common/TextBox_Dark.png" to "/mnt/biella-extra/biella-runtime/d03-01-package-negative-04/extracted/Engine/Content/Slate/Common/TextBox_Dark.png" Offset 6047339.
[2026.09.06-15.01.33:241][  0]LogPakFile: Display: Extracted "Engine/Content/Slate/Common/TextBox_Hovered.png" to "/mnt/biella-extra/biella-runtime/d03-01-package-negative-04/extracted/Engine/Content/Slate/Common/TextBox_Hovered.png" Offset 6047837.
[2026.09.06-15.01.33:241][  0]LogPakFile: Display: Extracted "Engine/Content/Slate/Common/TextBox_Hovered_Dark.png" to "/mnt/biella-extra/biella-runtime/d03-01-package-negative-04/extracted/Engine/Content/Slate/Common/TextBox_Hovered_Dark.png" Offset 6048300.
[2026.09.06-15.01.33:241][  0]LogPakFile: Display: Extracted "Engine/Content/Slate/Common/TextBox_ReadOnly.png" to "/mnt/biella-extra/biella-runtime/d03-01-package-negative-04/extracted/Engine/Content/Slate/Common/TextBox_ReadOnly.png" Offset 6048815.
[2026.09.06-15.01.33:241][  0]LogPakFile: Display: Extracted "Engine/Content/Slate/Common/TextBox_Special.png" to "/mnt/biella-extra/biella-runtime/d03-01-package-negative-04/extracted/Engine/Content/Slate/Common/TextBox_Special.png" Offset 6049239.
[2026.09.06-15.01.33:241][  0]LogPakFile: Display: Extracted "Engine/Content/Slate/Common/TextBox_Special_Hovered.png" to "/mnt/biella-extra/biella-runtime/d03-01-package-negative-04/extracted/Engine/Content/Slate/Common/TextBox_Special_Hovered.png" Offset 6049699.
[2026.09.06-15.01.33:241][  0]LogPakFile: Display: Extracted "Engine/Content/Slate/Common/TextBoxLabelBorder.PNG" to "/mnt/biella-extra/biella-runtime/d03-01-package-negative-04/extracted/Engine/Content/Slate/Common/TextBoxLabelBorder.PNG" Offset 6050226.
[2026.09.06-15.01.33:241][  0]LogPakFile: Display: Extracted "Engine/Content/Slate/Common/Throbber_Piece.png" to "/mnt/biella-extra/biella-runtime/d03-01-package-negative-04/extracted/Engine/Content/Slate/Common/Throbber_Piece.png" Offset 6050678.
[2026.09.06-15.01.33:242][  0]LogPakFile: Display: Extracted "Engine/Content/Slate/Common/TreeArrow_Collapsed.png" to "/mnt/biella-extra/biella-runtime/d03-01-package-negative-04/extracted/Engine/Content/Slate/Common/TreeArrow_Collapsed.png" Offset 6051181.
[2026.09.06-15.01.33:242][  0]LogPakFile: Display: Extracted "Engine/Content/Slate/Common/TreeArrow_Collapsed_Hovered.png" to "/mnt/biella-extra/biella-runtime/d03-01-package-negative-04/extracted/Engine/Content/Slate/Common/TreeArrow_Collapsed_Hovered.png" Offset 6051606.
[2026.09.06-15.01.33:242][  0]LogPakFile: Display: Extracted "Engine/Content/Slate/Common/TreeArrow_Expanded.png" to "/mnt/biella-extra/biella-runtime/d03-01-package-negative-04/extracted/Engine/Content/Slate/Common/TreeArrow_Expanded.png" Offset 6052028.
[2026.09.06-15.01.33:242][  0]LogPakFile: Display: Extracted "Engine/Content/Slate/Common/TreeArrow_Expanded_Hovered.png" to "/mnt/biella-extra/biella-runtime/d03-01-package-negative-04/extracted/Engine/Content/Slate/Common/TreeArrow_Expanded_Hovered.png" Offset 6052448.
[2026.09.06-15.01.33:242][  0]LogPakFile: Display: Extracted "Engine/Content/Slate/Common/UpArrow.png" to "/mnt/biella-extra/biella-runtime/d03-01-package-negative-04/extracted/Engine/Content/Slate/Common/UpArrow.png" Offset 6052875.
[2026.09.06-15.01.33:242][  0]LogPakFile: Display: Extracted "Engine/Content/Slate/Common/VerticalBoxDragIndicator.png" to "/mnt/biella-extra/biella-runtime/d03-01-package-negative-04/extracted/Engine/Content/Slate/Common/VerticalBoxDragIndicator.png" Offset 6053292.
[2026.09.06-15.01.33:242][  0]LogPakFile: Display: Extracted "Engine/Content/Slate/Common/VerticalBoxDragIndicatorShort.png" to "/mnt/biella-extra/biella-runtime/d03-01-package-negative-04/extracted/Engine/Content/Slate/Common/VerticalBoxDragIndicatorShort.png" Offset 6053582.
[2026.09.06-15.01.33:242][  0]LogPakFile: Display: Extracted "Engine/Content/Slate/Common/VolumeControl_High.png" to "/mnt/biella-extra/biella-runtime/d03-01-package-negative-04/extracted/Engine/Content/Slate/Common/VolumeControl_High.png" Offset 6053983.
[2026.09.06-15.01.33:242][  0]LogPakFile: Display: Extracted "Engine/Content/Slate/Common/VolumeControl_Low.png" to "/mnt/biella-extra/biella-runtime/d03-01-package-negative-04/extracted/Engine/Content/Slate/Common/VolumeControl_Low.png" Offset 6054581.
[2026.09.06-15.01.33:242][  0]LogPakFile: Display: Extracted "Engine/Content/Slate/Common/VolumeControl_Mid.png" to "/mnt/biella-extra/biella-runtime/d03-01-package-negative-04/extracted/Engine/Content/Slate/Common/VolumeControl_Mid.png" Offset 6055138.
[2026.09.06-15.01.33:243][  0]LogPakFile: Display: Extracted "Engine/Content/Slate/Common/VolumeControl_Muted.png" to "/mnt/biella-extra/biella-runtime/d03-01-package-negative-04/extracted/Engine/Content/Slate/Common/VolumeControl_Muted.png" Offset 6055718.
[2026.09.06-15.01.33:243][  0]LogPakFile: Display: Extracted "Engine/Content/Slate/Common/VolumeControl_Off.png" to "/mnt/biella-extra/biella-runtime/d03-01-package-negative-04/extracted/Engine/Content/Slate/Common/VolumeControl_Off.png" Offset 6056446.
[2026.09.06-15.01.33:243][  0]LogPakFile: Display: Extracted "Engine/Content/Slate/Common/WhiteGroupBorder.png" to "/mnt/biella-extra/biella-runtime/d03-01-package-negative-04/extracted/Engine/Content/Slate/Common/WhiteGroupBorder.png" Offset 6056961.
[2026.09.06-15.01.33:243][  0]LogPakFile: Display: Extracted "Engine/Content/Slate/Common/X.PNG" to "/mnt/biella-extra/biella-runtime/d03-01-package-negative-04/extracted/Engine/Content/Slate/Common/X.PNG" Offset 6088465.
[2026.09.06-15.01.33:243][  0]LogPakFile: Display: Extracted "Engine/Content/Slate/Common/Window/WindowBackground.png" to "/mnt/biella-extra/biella-runtime/d03-01-package-negative-04/extracted/Engine/Content/Slate/Common/Window/WindowBackground.png" Offset 6057445.
[2026.09.06-15.01.33:243][  0]LogPakFile: Display: Extracted "Engine/Content/Slate/Common/Window/WindowBorder.png" to "/mnt/biella-extra/biella-runtime/d03-01-package-negative-04/extracted/Engine/Content/Slate/Common/Window/WindowBorder.png" Offset 6057995.
[2026.09.06-15.01.33:243][  0]LogPakFile: Display: Extracted "Engine/Content/Slate/Common/Window/WindowButton_Close_Hovered.png" to "/mnt/biella-extra/biella-runtime/d03-01-package-negative-04/extracted/Engine/Content/Slate/Common/Window/WindowButton_Close_Hovered.png" Offset 6072792.
[2026.09.06-15.01.33:243][  0]LogPakFile: Display: Extracted "Engine/Content/Slate/Common/Window/WindowButton_Close_Normal.png" to "/mnt/biella-extra/biella-runtime/d03-01-package-negative-04/extracted/Engine/Content/Slate/Common/Window/WindowButton_Close_Normal.png" Offset 6073994.
[2026.09.06-15.01.33:243][  0]LogPakFile: Display: Extracted "Engine/Content/Slate/Common/Window/WindowButton_Close_Pressed.png" to "/mnt/biella-extra/biella-runtime/d03-01-package-negative-04/extracted/Engine/Content/Slate/Common/Window/WindowButton_Close_Pressed.png" Offset 6074833.
[2026.09.06-15.01.33:244][  0]LogPakFile: Display: Extracted "Engine/Content/Slate/Common/Window/WindowButton_Maximize_Disabled.png" to "/mnt/biella-extra/biella-runtime/d03-01-package-negative-04/extracted/Engine/Content/Slate/Common/Window/WindowButton_Maximize_Disabled.png" Offset 6075651.
[2026.09.06-15.01.33:244][  0]LogPakFile: Display: Extracted "Engine/Content/Slate/Common/Window/WindowButton_Maximize_Hovered.png" to "/mnt/biella-extra/biella-runtime/d03-01-package-negative-04/extracted/Engine/Content/Slate/Common/Window/WindowButton_Maximize_Hovered.png" Offset 6078804.
[2026.09.06-15.01.33:244][  0]LogPakFile: Display: Extracted "Engine/Content/Slate/Common/Window/WindowButton_Maximize_Normal.png" to "/mnt/biella-extra/biella-runtime/d03-01-package-negative-04/extracted/Engine/Content/Slate/Common/Window/WindowButton_Maximize_Normal.png" Offset 6079439.
[2026.09.06-15.01.33:244][  0]LogPakFile: Display: Extracted "Engine/Content/Slate/Common/Window/WindowButton_Maximize_Pressed.png" to "/mnt/biella-extra/biella-runtime/d03-01-package-negative-04/extracted/Engine/Content/Slate/Common/Window/WindowButton_Maximize_Pressed.png" Offset 6079886.
[2026.09.06-15.01.33:244][  0]LogPakFile: Display: Extracted "Engine/Content/Slate/Common/Window/WindowButton_Minimize_Disabled.png" to "/mnt/biella-extra/biella-runtime/d03-01-package-negative-04/extracted/Engine/Content/Slate/Common/Window/WindowButton_Minimize_Disabled.png" Offset 6080328.
[2026.09.06-15.01.33:244][  0]LogPakFile: Display: Extracted "Engine/Content/Slate/Common/Window/WindowButton_Minimize_Hovered.png" to "/mnt/biella-extra/biella-runtime/d03-01-package-negative-04/extracted/Engine/Content/Slate/Common/Window/WindowButton_Minimize_Hovered.png" Offset 6083457.
[2026.09.06-15.01.33:244][  0]LogPakFile: Display: Extracted "Engine/Content/Slate/Common/Window/WindowButton_Minimize_Normal.png" to "/mnt/biella-extra/biella-runtime/d03-01-package-negative-04/extracted/Engine/Content/Slate/Common/Window/WindowButton_Minimize_Normal.png" Offset 6084075.
[2026.09.06-15.01.33:244][  0]LogPakFile: Display: Extracted "Engine/Content/Slate/Common/Window/WindowButton_Minimize_Pressed.png" to "/mnt/biella-extra/biella-runtime/d03-01-package-negative-04/extracted/Engine/Content/Slate/Common/Window/WindowButton_Minimize_Pressed.png" Offset 6084495.
[2026.09.06-15.01.33:244][  0]LogPakFile: Display: Extracted "Engine/Content/Slate/Common/Window/WindowButton_Restore_Hovered.png" to "/mnt/biella-extra/biella-runtime/d03-01-package-negative-04/extracted/Engine/Content/Slate/Common/Window/WindowButton_Restore_Hovered.png" Offset 6084903.
[2026.09.06-15.01.33:245][  0]LogPakFile: Display: Extracted "Engine/Content/Slate/Common/Window/WindowButton_Restore_Normal.png" to "/mnt/biella-extra/biella-runtime/d03-01-package-negative-04/extracted/Engine/Content/Slate/Common/Window/WindowButton_Restore_Normal.png" Offset 6085594.
[2026.09.06-15.01.33:245][  0]LogPakFile: Display: Extracted "Engine/Content/Slate/Common/Window/WindowButton_Restore_Pressed.png" to "/mnt/biella-extra/biella-runtime/d03-01-package-negative-04/extracted/Engine/Content/Slate/Common/Window/WindowButton_Restore_Pressed.png" Offset 6086127.
[2026.09.06-15.01.33:245][  0]LogPakFile: Display: Extracted "Engine/Content/Slate/Common/Window/WindowOutline.png" to "/mnt/biella-extra/biella-runtime/d03-01-package-negative-04/extracted/Engine/Content/Slate/Common/Window/WindowOutline.png" Offset 6086650.
[2026.09.06-15.01.33:245][  0]LogPakFile: Display: Extracted "Engine/Content/Slate/Common/Window/WindowTitle.png" to "/mnt/biella-extra/biella-runtime/d03-01-package-negative-04/extracted/Engine/Content/Slate/Common/Window/WindowTitle.png" Offset 6087095.
[2026.09.06-15.01.33:245][  0]LogPakFile: Display: Extracted "Engine/Content/Slate/Common/Window/WindowTitle_Flashing.png" to "/mnt/biella-extra/biella-runtime/d03-01-package-negative-04/extracted/Engine/Content/Slate/Common/Window/WindowTitle_Flashing.png" Offset 6087587.
[2026.09.06-15.01.33:245][  0]LogPakFile: Display: Extracted "Engine/Content/Slate/Common/Window/WindowTitle_Inactive.png" to "/mnt/biella-extra/biella-runtime/d03-01-package-negative-04/extracted/Engine/Content/Slate/Common/Window/WindowTitle_Inactive.png" Offset 6088056.
[2026.09.06-15.01.33:245][  0]LogPakFile: Display: Extracted "Engine/Content/Slate/CrashTracker/MouseCursor.png" to "/mnt/biella-extra/biella-runtime/d03-01-package-negative-04/extracted/Engine/Content/Slate/CrashTracker/MouseCursor.png" Offset 6088983.
[2026.09.06-15.01.33:245][  0]LogPakFile: Display: Extracted "Engine/Content/Slate/CrashTracker/Record.png" to "/mnt/biella-extra/biella-runtime/d03-01-package-negative-04/extracted/Engine/Content/Slate/CrashTracker/Record.png" Offset 6089354.
[2026.09.06-15.01.33:245][  0]LogPakFile: Display: Extracted "Engine/Content/Slate/Docking/AppTab_Active.png" to "/mnt/biella-extra/biella-runtime/d03-01-package-negative-04/extracted/Engine/Content/Slate/Docking/AppTab_Active.png" Offset 6091139.
[2026.09.06-15.01.33:246][  0]LogPakFile: Display: Extracted "Engine/Content/Slate/Docking/AppTab_ColorOverlay.png" to "/mnt/biella-extra/biella-runtime/d03-01-package-negative-04/extracted/Engine/Content/Slate/Docking/AppTab_ColorOverlay.png" Offset 6094741.
[2026.09.06-15.01.33:246][  0]LogPakFile: Display: Extracted "Engine/Content/Slate/Docking/AppTab_ColorOverlayIcon.png" to "/mnt/biella-extra/biella-runtime/d03-01-package-negative-04/extracted/Engine/Content/Slate/Docking/AppTab_ColorOverlayIcon.png" Offset 6095490.
[2026.09.06-15.01.33:246][  0]LogPakFile: Display: Extracted "Engine/Content/Slate/Docking/AppTab_Foreground.png" to "/mnt/biella-extra/biella-runtime/d03-01-package-negative-04/extracted/Engine/Content/Slate/Docking/AppTab_Foreground.png" Offset 6098415.
[2026.09.06-15.01.33:246][  0]LogPakFile: Display: Extracted "Engine/Content/Slate/Docking/AppTab_Hovered.png" to "/mnt/biella-extra/biella-runtime/d03-01-package-negative-04/extracted/Engine/Content/Slate/Docking/AppTab_Hovered.png" Offset 6099297.
[2026.09.06-15.01.33:246][  0]LogPakFile: Display: Extracted "Engine/Content/Slate/Docking/AppTab_Inactive.png" to "/mnt/biella-extra/biella-runtime/d03-01-package-negative-04/extracted/Engine/Content/Slate/Docking/AppTab_Inactive.png" Offset 6100114.
[2026.09.06-15.01.33:246][  0]LogPakFile: Display: Extracted "Engine/Content/Slate/Docking/AppTabContentArea.png" to "/mnt/biella-extra/biella-runtime/d03-01-package-negative-04/extracted/Engine/Content/Slate/Docking/AppTabContentArea.png" Offset 6100932.
[2026.09.06-15.01.33:246][  0]LogPakFile: Display: Extracted "Engine/Content/Slate/Docking/AppTabWellSeparator.png" to "/mnt/biella-extra/biella-runtime/d03-01-package-negative-04/extracted/Engine/Content/Slate/Docking/AppTabWellSeparator.png" Offset 6101354.
[2026.09.06-15.01.33:246][  0]LogPakFile: Display: Extracted "Engine/Content/Slate/Docking/CloseApp_Hovered.png" to "/mnt/biella-extra/biella-runtime/d03-01-package-negative-04/extracted/Engine/Content/Slate/Docking/CloseApp_Hovered.png" Offset 6104206.
[2026.09.06-15.01.33:246][  0]LogPakFile: Display: Extracted "Engine/Content/Slate/Docking/CloseApp_Normal.png" to "/mnt/biella-extra/biella-runtime/d03-01-package-negative-04/extracted/Engine/Content/Slate/Docking/CloseApp_Normal.png" Offset 6104837.
[2026.09.06-15.01.33:246][  0]LogPakFile: Display: Extracted "Engine/Content/Slate/Docking/CloseApp_Pressed.png" to "/mnt/biella-extra/biella-runtime/d03-01-package-negative-04/extracted/Engine/Content/Slate/Docking/CloseApp_Pressed.png" Offset 6105319.
[2026.09.06-15.01.33:247][  0]LogPakFile: Display: Extracted "Engine/Content/Slate/Docking/DockingIndicator_Center.png" to "/mnt/biella-extra/biella-runtime/d03-01-package-negative-04/extracted/Engine/Content/Slate/Docking/DockingIndicator_Center.png" Offset 6105901.
[2026.09.06-15.01.33:247][  0]LogPakFile: Display: Extracted "Engine/Content/Slate/Docking/OuterDockingIndicator.png" to "/mnt/biella-extra/biella-runtime/d03-01-package-negative-04/extracted/Engine/Content/Slate/Docking/OuterDockingIndicator.png" Offset 6107022.
[2026.09.06-15.01.33:247][  0]LogPakFile: Display: Extracted "Engine/Content/Slate/Docking/ShowTabwellButton_Hovered.png" to "/mnt/biella-extra/biella-runtime/d03-01-package-negative-04/extracted/Engine/Content/Slate/Docking/ShowTabwellButton_Hovered.png" Offset 6108637.
[2026.09.06-15.01.33:247][  0]LogPakFile: Display: Extracted "Engine/Content/Slate/Docking/ShowTabwellButton_Normal.png" to "/mnt/biella-extra/biella-runtime/d03-01-package-negative-04/extracted/Engine/Content/Slate/Docking/ShowTabwellButton_Normal.png" Offset 6109078.
[2026.09.06-15.01.33:247][  0]LogPakFile: Display: Extracted "Engine/Content/Slate/Docking/ShowTabwellButton_Pressed.png" to "/mnt/biella-extra/biella-runtime/d03-01-package-negative-04/extracted/Engine/Content/Slate/Docking/ShowTabwellButton_Pressed.png" Offset 6109520.
[2026.09.06-15.01.33:247][  0]LogPakFile: Display: Extracted "Engine/Content/Slate/Docking/Tab_Active.png" to "/mnt/biella-extra/biella-runtime/d03-01-package-negative-04/extracted/Engine/Content/Slate/Docking/Tab_Active.png" Offset 6110031.
[2026.09.06-15.01.33:247][  0]LogPakFile: Display: Extracted "Engine/Content/Slate/Docking/Tab_ColorOverlay.png" to "/mnt/biella-extra/biella-runtime/d03-01-package-negative-04/extracted/Engine/Content/Slate/Docking/Tab_ColorOverlay.png" Offset 6112950.
[2026.09.06-15.01.33:247][  0]LogPakFile: Display: Extracted "Engine/Content/Slate/Docking/Tab_ColorOverlayIcon.png" to "/mnt/biella-extra/biella-runtime/d03-01-package-negative-04/extracted/Engine/Content/Slate/Docking/Tab_ColorOverlayIcon.png" Offset 6113480.
[2026.09.06-15.01.33:247][  0]LogPakFile: Display: Extracted "Engine/Content/Slate/Docking/Tab_Foreground.png" to "/mnt/biella-extra/biella-runtime/d03-01-package-negative-04/extracted/Engine/Content/Slate/Docking/Tab_Foreground.png" Offset 6116405.
[2026.09.06-15.01.33:247][  0]LogPakFile: Display: Extracted "Engine/Content/Slate/Docking/Tab_Hovered.png" to "/mnt/biella-extra/biella-runtime/d03-01-package-negative-04/extracted/Engine/Content/Slate/Docking/Tab_Hovered.png" Offset 6119290.
[2026.09.06-15.01.33:248][  0]LogPakFile: Display: Extracted "Engine/Content/Slate/Docking/Tab_Inactive.png" to "/mnt/biella-extra/biella-runtime/d03-01-package-negative-04/extracted/Engine/Content/Slate/Docking/Tab_Inactive.png" Offset 6122181.
[2026.09.06-15.01.33:248][  0]LogPakFile: Display: Extracted "Engine/Content/Slate/Docking/Tab_Shape.png" to "/mnt/biella-extra/biella-runtime/d03-01-package-negative-04/extracted/Engine/Content/Slate/Docking/Tab_Shape.png" Offset 6125072.
[2026.09.06-15.01.33:248][  0]LogPakFile: Display: Extracted "Engine/Content/Slate/Docking/TabContentArea.png" to "/mnt/biella-extra/biella-runtime/d03-01-package-negative-04/extracted/Engine/Content/Slate/Docking/TabContentArea.png" Offset 6125255.
[2026.09.06-15.01.33:248][  0]LogPakFile: Display: Extracted "Engine/Content/Slate/Docking/TabWellSeparator.png" to "/mnt/biella-extra/biella-runtime/d03-01-package-negative-04/extracted/Engine/Content/Slate/Docking/TabWellSeparator.png" Offset 6128134.
[2026.09.06-15.01.33:248][  0]LogPakFile: Display: Extracted "Engine/Content/Slate/Fonts/DroidSans.tps" to "/mnt/biella-extra/biella-runtime/d03-01-package-negative-04/extracted/Engine/Content/Slate/Fonts/DroidSans.tps" Offset 6130989.
[2026.09.06-15.01.33:255][  0]LogPakFile: Display: Extracted "Engine/Content/Slate/Fonts/DroidSansFallback.ttf" to "/mnt/biella-extra/biella-runtime/d03-01-package-negative-04/extracted/Engine/Content/Slate/Fonts/DroidSansFallback.ttf" Offset 6131308.
[2026.09.06-15.01.33:256][  0]LogPakFile: Display: Extracted "Engine/Content/Slate/Fonts/DroidSansMono.ttf" to "/mnt/biella-extra/biella-runtime/d03-01-package-negative-04/extracted/Engine/Content/Slate/Fonts/DroidSansMono.ttf" Offset 7840536.
[2026.09.06-15.01.33:256][  0]LogPakFile: Display: Extracted "Engine/Content/Slate/Fonts/Noto.tps" to "/mnt/biella-extra/biella-runtime/d03-01-package-negative-04/extracted/Engine/Content/Slate/Fonts/Noto.tps" Offset 7890326.
[2026.09.06-15.01.33:256][  0]LogPakFile: Display: Extracted "Engine/Content/Slate/Fonts/NotoNaskhArabicUI-Regular.ttf" to "/mnt/biella-extra/biella-runtime/d03-01-package-negative-04/extracted/Engine/Content/Slate/Fonts/NotoNaskhArabicUI-Regular.ttf" Offset 7891176.
[2026.09.06-15.01.33:256][  0]LogPakFile: Display: Extracted "Engine/Content/Slate/Fonts/NotoSansThai-Regular.ttf" to "/mnt/biella-extra/biella-runtime/d03-01-package-negative-04/extracted/Engine/Content/Slate/Fonts/NotoSansThai-Regular.ttf" Offset 7961981.
[2026.09.06-15.01.33:257][  0]LogPakFile: Display: Extracted "Engine/Content/Slate/Fonts/Roboto-Black.ttf" to "/mnt/biella-extra/biella-runtime/d03-01-package-negative-04/extracted/Engine/Content/Slate/Fonts/Roboto-Black.ttf" Offset 7981247.
[2026.09.06-15.01.33:257][  0]LogPakFile: Display: Extracted "Engine/Content/Slate/Fonts/Roboto-BlackItalic.ttf" to "/mnt/biella-extra/biella-runtime/d03-01-package-negative-04/extracted/Engine/Content/Slate/Fonts/Roboto-BlackItalic.ttf" Offset 8054857.
[2026.09.06-15.01.33:258][  0]LogPakFile: Display: Extracted "Engine/Content/Slate/Fonts/Roboto-Bold.ttf" to "/mnt/biella-extra/biella-runtime/d03-01-package-negative-04/extracted/Engine/Content/Slate/Fonts/Roboto-Bold.ttf" Offset 8130729.
[2026.09.06-15.01.33:258][  0]LogPakFile: Display: Extracted "Engine/Content/Slate/Fonts/Roboto-BoldCondensed.ttf" to "/mnt/biella-extra/biella-runtime/d03-01-package-negative-04/extracted/Engine/Content/Slate/Fonts/Roboto-BoldCondensed.ttf" Offset 8203034.
[2026.09.06-15.01.33:258][  0]LogPakFile: Display: Extracted "Engine/Content/Slate/Fonts/Roboto-BoldCondensedItalic.ttf" to "/mnt/biella-extra/biella-runtime/d03-01-package-negative-04/extracted/Engine/Content/Slate/Fonts/Roboto-BoldCondensedItalic.ttf" Offset 8274809.
[2026.09.06-15.01.33:259][  0]LogPakFile: Display: Extracted "Engine/Content/Slate/Fonts/Roboto-BoldItalic.ttf" to "/mnt/biella-extra/biella-runtime/d03-01-package-negative-04/extracted/Engine/Content/Slate/Fonts/Roboto-BoldItalic.ttf" Offset 8349274.
[2026.09.06-15.01.33:259][  0]LogPakFile: Display: Extracted "Engine/Content/Slate/Fonts/Roboto-Italic.ttf" to "/mnt/biella-extra/biella-runtime/d03-01-package-negative-04/extracted/Engine/Content/Slate/Fonts/Roboto-Italic.ttf" Offset 8425165.
[2026.09.06-15.01.33:260][  0]LogPakFile: Display: Extracted "Engine/Content/Slate/Fonts/Roboto-Light.ttf" to "/mnt/biella-extra/biella-runtime/d03-01-package-negative-04/extracted/Engine/Content/Slate/Fonts/Roboto-Light.ttf" Offset 8498388.
[2026.09.06-15.01.33:260][  0]LogPakFile: Display: Extracted "Engine/Content/Slate/Fonts/Roboto-Medium.ttf" to "/mnt/biella-extra/biella-runtime/d03-01-package-negative-04/extracted/Engine/Content/Slate/Fonts/Roboto-Medium.ttf" Offset 8587866.
[2026.09.06-15.01.33:261][  0]LogPakFile: Display: Extracted "Engine/Content/Slate/Fonts/Roboto-Regular.ttf" to "/mnt/biella-extra/biella-runtime/d03-01-package-negative-04/extracted/Engine/Content/Slate/Fonts/Roboto-Regular.ttf" Offset 8676804.
[2026.09.06-15.01.33:261][  0]LogPakFile: Display: Extracted "Engine/Content/Slate/Fonts/Roboto.tps" to "/mnt/biella-extra/biella-runtime/d03-01-package-negative-04/extracted/Engine/Content/Slate/Fonts/Roboto.tps" Offset 8747549.
[2026.09.06-15.01.33:261][  0]LogPakFile: Display: Extracted "Engine/Content/Slate/Icons/BackIcon.png" to "/mnt/biella-extra/biella-runtime/d03-01-package-negative-04/extracted/Engine/Content/Slate/Icons/BackIcon.png" Offset 8748279.
[2026.09.06-15.01.33:261][  0]LogPakFile: Display: Extracted "Engine/Content/Slate/Icons/Cross_12x.png" to "/mnt/biella-extra/biella-runtime/d03-01-package-negative-04/extracted/Engine/Content/Slate/Icons/Cross_12x.png" Offset 8748915.
[2026.09.06-15.01.33:261][  0]LogPakFile: Display: Extracted "Engine/Content/Slate/Icons/cursor_cardinal_cross.png" to "/mnt/biella-extra/biella-runtime/d03-01-package-negative-04/extracted/Engine/Content/Slate/Icons/cursor_cardinal_cross.png" Offset 8749390.
[2026.09.06-15.01.33:261][  0]LogPakFile: Display: Extracted "Engine/Content/Slate/Icons/cursor_grab.png" to "/mnt/biella-extra/biella-runtime/d03-01-package-negative-04/extracted/Engine/Content/Slate/Icons/cursor_grab.png" Offset 8749843.
[2026.09.06-15.01.33:261][  0]LogPakFile: Display: Extracted "Engine/Content/Slate/Icons/DefaultAppIcon.png" to "/mnt/biella-extra/biella-runtime/d03-01-package-negative-04/extracted/Engine/Content/Slate/Icons/DefaultAppIcon.png" Offset 8750301.
[2026.09.06-15.01.33:261][  0]LogPakFile: Display: Extracted "Engine/Content/Slate/Icons/denied_16x.png" to "/mnt/biella-extra/biella-runtime/d03-01-package-negative-04/extracted/Engine/Content/Slate/Icons/denied_16x.png" Offset 8751579.
[2026.09.06-15.01.33:261][  0]LogPakFile: Display: Extracted "Engine/Content/Slate/Icons/ellipsis_12x.png" to "/mnt/biella-extra/biella-runtime/d03-01-package-negative-04/extracted/Engine/Content/Slate/Icons/ellipsis_12x.png" Offset 8804171.
[2026.09.06-15.01.33:262][  0]LogPakFile: Display: Extracted "Engine/Content/Slate/Icons/Empty_14x.png" to "/mnt/biella-extra/biella-runtime/d03-01-package-negative-04/extracted/Engine/Content/Slate/Icons/Empty_14x.png" Offset 8804591.
[2026.09.06-15.01.33:262][  0]LogPakFile: Display: Extracted "Engine/Content/Slate/Icons/eyedropper_16px.png" to "/mnt/biella-extra/biella-runtime/d03-01-package-negative-04/extracted/Engine/Content/Slate/Icons/eyedropper_16px.png" Offset 8804995.
[2026.09.06-15.01.33:262][  0]LogPakFile: Display: Extracted "Engine/Content/Slate/Icons/icon_Downloads_16x.png" to "/mnt/biella-extra/biella-runtime/d03-01-package-negative-04/extracted/Engine/Content/Slate/Icons/icon_Downloads_16x.png" Offset 8805453.
[2026.09.06-15.01.33:262][  0]LogPakFile: Display: Extracted "Engine/Content/Slate/Icons/icon_error_16x.png" to "/mnt/biella-extra/biella-runtime/d03-01-package-negative-04/extracted/Engine/Content/Slate/Icons/icon_error_16x.png" Offset 8806028.
[2026.09.06-15.01.33:262][  0]LogPakFile: Display: Extracted "Engine/Content/Slate/Icons/icon_generic_toolbar.png" to "/mnt/biella-extra/biella-runtime/d03-01-package-negative-04/extracted/Engine/Content/Slate/Icons/icon_generic_toolbar.png" Offset 8806925.
[2026.09.06-15.01.33:262][  0]LogPakFile: Display: Extracted "Engine/Content/Slate/Icons/icon_help_16x.png" to "/mnt/biella-extra/biella-runtime/d03-01-package-negative-04/extracted/Engine/Content/Slate/Icons/icon_help_16x.png" Offset 8810675.
[2026.09.06-15.01.33:262][  0]LogPakFile: Display: Extracted "Engine/Content/Slate/Icons/icon_info_16x.png" to "/mnt/biella-extra/biella-runtime/d03-01-package-negative-04/extracted/Engine/Content/Slate/Icons/icon_info_16x.png" Offset 8811163.
[2026.09.06-15.01.33:262][  0]LogPakFile: Display: Extracted "Engine/Content/Slate/Icons/icon_redo_16px.png" to "/mnt/biella-extra/biella-runtime/d03-01-package-negative-04/extracted/Engine/Content/Slate/Icons/icon_redo_16px.png" Offset 8811935.
[2026.09.06-15.01.33:262][  0]LogPakFile: Display: Extracted "Engine/Content/Slate/Icons/icon_tab_toolbar_16px.png" to "/mnt/biella-extra/biella-runtime/d03-01-package-negative-04/extracted/Engine/Content/Slate/Icons/icon_tab_toolbar_16px.png" Offset 8812495.
[2026.09.06-15.01.33:263][  0]LogPakFile: Display: Extracted "Engine/Content/Slate/Icons/icon_tab_Tools_16x.png" to "/mnt/biella-extra/biella-runtime/d03-01-package-negative-04/extracted/Engine/Content/Slate/Icons/icon_tab_Tools_16x.png" Offset 8813229.
[2026.09.06-15.01.33:263][  0]LogPakFile: Display: Extracted "Engine/Content/Slate/Icons/icon_tab_WidgetReflector_16x.png" to "/mnt/biella-extra/biella-runtime/d03-01-package-negative-04/extracted/Engine/Content/Slate/Icons/icon_tab_WidgetReflector_16x.png" Offset 8814531.
[2026.09.06-15.01.33:263][  0]LogPakFile: Display: Extracted "Engine/Content/Slate/Icons/icon_tab_WidgetReflector_40x.png" to "/mnt/biella-extra/biella-runtime/d03-01-package-negative-04/extracted/Engine/Content/Slate/Icons/icon_tab_WidgetReflector_40x.png" Offset 8815818.
[2026.09.06-15.01.33:263][  0]LogPakFile: Display: Extracted "Engine/Content/Slate/Icons/icon_undo_16px.png" to "/mnt/biella-extra/biella-runtime/d03-01-package-negative-04/extracted/Engine/Content/Slate/Icons/icon_undo_16px.png" Offset 8819049.
[2026.09.06-15.01.33:263][  0]LogPakFile: Display: Extracted "Engine/Content/Slate/Icons/icon_warning_16x.png" to "/mnt/biella-extra/biella-runtime/d03-01-package-negative-04/extracted/Engine/Content/Slate/Icons/icon_warning_16x.png" Offset 8819614.
[2026.09.06-15.01.33:263][  0]LogPakFile: Display: Extracted "Engine/Content/Slate/Icons/NextIcon.png" to "/mnt/biella-extra/biella-runtime/d03-01-package-negative-04/extracted/Engine/Content/Slate/Icons/NextIcon.png" Offset 8828983.
[2026.09.06-15.01.33:263][  0]LogPakFile: Display: Extracted "Engine/Content/Slate/Icons/notificationlist_fail.png" to "/mnt/biella-extra/biella-runtime/d03-01-package-negative-04/extracted/Engine/Content/Slate/Icons/notificationlist_fail.png" Offset 8829617.
[2026.09.06-15.01.33:263][  0]LogPakFile: Display: Extracted "Engine/Content/Slate/Icons/notificationlist_success.png" to "/mnt/biella-extra/biella-runtime/d03-01-package-negative-04/extracted/Engine/Content/Slate/Icons/notificationlist_success.png" Offset 8829944.
[2026.09.06-15.01.33:263][  0]LogPakFile: Display: Extracted "Engine/Content/Slate/Icons/PlusSymbol_12x.png" to "/mnt/biella-extra/biella-runtime/d03-01-package-negative-04/extracted/Engine/Content/Slate/Icons/PlusSymbol_12x.png" Offset 8891764.
[2026.09.06-15.01.33:263][  0]LogPakFile: Display: Extracted "Engine/Content/Slate/Icons/toolbar_expand_16x.png" to "/mnt/biella-extra/biella-runtime/d03-01-package-negative-04/extracted/Engine/Content/Slate/Icons/toolbar_expand_16x.png" Offset 9132742.
[2026.09.06-15.01.33:264][  0]LogPakFile: Display: Extracted "Engine/Content/Slate/Icons/TrashCan.png" to "/mnt/biella-extra/biella-runtime/d03-01-package-negative-04/extracted/Engine/Content/Slate/Icons/TrashCan.png" Offset 9133240.
[2026.09.06-15.01.33:264][  0]LogPakFile: Display: Extracted "Engine/Content/Slate/Icons/TrashCan_Small.png" to "/mnt/biella-extra/biella-runtime/d03-01-package-negative-04/extracted/Engine/Content/Slate/Icons/TrashCan_Small.png" Offset 9135371.
[2026.09.06-15.01.33:264][  0]LogPakFile: Display: Extracted "Engine/Content/Slate/Icons/Edit/icon_Edit_Copy_16x.png" to "/mnt/biella-extra/biella-runtime/d03-01-package-negative-04/extracted/Engine/Content/Slate/Icons/Edit/icon_Edit_Copy_16x.png" Offset 8752157.
[2026.09.06-15.01.33:264][  0]LogPakFile: Display: Extracted "Engine/Content/Slate/Icons/Edit/icon_Edit_Cut_16x.png" to "/mnt/biella-extra/biella-runtime/d03-01-package-negative-04/extracted/Engine/Content/Slate/Icons/Edit/icon_Edit_Cut_16x.png" Offset 8762076.
[2026.09.06-15.01.33:264][  0]LogPakFile: Display: Extracted "Engine/Content/Slate/Icons/Edit/icon_Edit_Delete_16x.png" to "/mnt/biella-extra/biella-runtime/d03-01-package-negative-04/extracted/Engine/Content/Slate/Icons/Edit/icon_Edit_Delete_16x.png" Offset 8771849.
[2026.09.06-15.01.33:264][  0]LogPakFile: Display: Extracted "Engine/Content/Slate/Icons/Edit/icon_Edit_Duplicate_16x.png" to "/mnt/biella-extra/biella-runtime/d03-01-package-negative-04/extracted/Engine/Content/Slate/Icons/Edit/icon_Edit_Duplicate_16x.png" Offset 8781797.
[2026.09.06-15.01.33:264][  0]LogPakFile: Display: Extracted "Engine/Content/Slate/Icons/Edit/icon_Edit_Paste_16x.png" to "/mnt/biella-extra/biella-runtime/d03-01-package-negative-04/extracted/Engine/Content/Slate/Icons/Edit/icon_Edit_Paste_16x.png" Offset 8783280.
[2026.09.06-15.01.33:264][  0]LogPakFile: Display: Extracted "Engine/Content/Slate/Icons/Edit/icon_Edit_Rename_16x.png" to "/mnt/biella-extra/biella-runtime/d03-01-package-negative-04/extracted/Engine/Content/Slate/Icons/Edit/icon_Edit_Rename_16x.png" Offset 8792855.
[2026.09.06-15.01.33:265][  0]LogPakFile: Display: Extracted "Engine/Content/Slate/Icons/Navigation/candidate-arrow-down.svg" to "/mnt/biella-extra/biella-runtime/d03-01-package-negative-04/extracted/Engine/Content/Slate/Icons/Navigation/candidate-arrow-down.svg" Offset 8820400.
[2026.09.06-15.01.33:265][  0]LogPakFile: Display: Extracted "Engine/Content/Slate/Icons/Navigation/candidate-arrow-left.svg" to "/mnt/biella-extra/biella-runtime/d03-01-package-negative-04/extracted/Engine/Content/Slate/Icons/Navigation/candidate-arrow-left.svg" Offset 8821209.
[2026.09.06-15.01.33:265][  0]LogPakFile: Display: Extracted "Engine/Content/Slate/Icons/Navigation/candidate-arrow-right.svg" to "/mnt/biella-extra/biella-runtime/d03-01-package-negative-04/extracted/Engine/Content/Slate/Icons/Navigation/candidate-arrow-right.svg" Offset 8822021.
[2026.09.06-15.01.33:265][  0]LogPakFile: Display: Extracted "Engine/Content/Slate/Icons/Navigation/candidate-arrow-up.svg" to "/mnt/biella-extra/biella-runtime/d03-01-package-negative-04/extracted/Engine/Content/Slate/Icons/Navigation/candidate-arrow-up.svg" Offset 8822812.
[2026.09.06-15.01.33:265][  0]LogPakFile: Display: Extracted "Engine/Content/Slate/Icons/Navigation/focus-arrow-down.svg" to "/mnt/biella-extra/biella-runtime/d03-01-package-negative-04/extracted/Engine/Content/Slate/Icons/Navigation/focus-arrow-down.svg" Offset 8823565.
[2026.09.06-15.01.33:265][  0]LogPakFile: Display: Extracted "Engine/Content/Slate/Icons/Navigation/focus-arrow-left.svg" to "/mnt/biella-extra/biella-runtime/d03-01-package-negative-04/extracted/Engine/Content/Slate/Icons/Navigation/focus-arrow-left.svg" Offset 8824295.
[2026.09.06-15.01.33:265][  0]LogPakFile: Display: Extracted "Engine/Content/Slate/Icons/Navigation/focus-arrow-right.svg" to "/mnt/biella-extra/biella-runtime/d03-01-package-negative-04/extracted/Engine/Content/Slate/Icons/Navigation/focus-arrow-right.svg" Offset 8825030.
[2026.09.06-15.01.33:265][  0]LogPakFile: Display: Extracted "Engine/Content/Slate/Icons/Navigation/focus-arrow-up.svg" to "/mnt/biella-extra/biella-runtime/d03-01-package-negative-04/extracted/Engine/Content/Slate/Icons/Navigation/focus-arrow-up.svg" Offset 8825745.
[2026.09.06-15.01.33:265][  0]LogPakFile: Display: Extracted "Engine/Content/Slate/Icons/Navigation/target-arrow-down.svg" to "/mnt/biella-extra/biella-runtime/d03-01-package-negative-04/extracted/Engine/Content/Slate/Icons/Navigation/target-arrow-down.svg" Offset 8826450.
[2026.09.06-15.01.33:265][  0]LogPakFile: Display: Extracted "Engine/Content/Slate/Icons/Navigation/target-arrow-left.svg" to "/mnt/biella-extra/biella-runtime/d03-01-package-negative-04/extracted/Engine/Content/Slate/Icons/Navigation/target-arrow-left.svg" Offset 8827095.
[2026.09.06-15.01.33:266][  0]LogPakFile: Display: Extracted "Engine/Content/Slate/Icons/Navigation/target-arrow-right.svg" to "/mnt/biella-extra/biella-runtime/d03-01-package-negative-04/extracted/Engine/Content/Slate/Icons/Navigation/target-arrow-right.svg" Offset 8827700.
[2026.09.06-15.01.33:266][  0]LogPakFile: Display: Extracted "Engine/Content/Slate/Icons/Navigation/target-arrow-up.svg" to "/mnt/biella-extra/biella-runtime/d03-01-package-negative-04/extracted/Engine/Content/Slate/Icons/Navigation/target-arrow-up.svg" Offset 8828349.
[2026.09.06-15.01.33:266][  0]LogPakFile: Display: Extracted "Engine/Content/Slate/Icons/PIEWindow/SmallRoundedButton.png" to "/mnt/biella-extra/biella-runtime/d03-01-package-negative-04/extracted/Engine/Content/Slate/Icons/PIEWindow/SmallRoundedButton.png" Offset 8830560.
[2026.09.06-15.01.33:266][  0]LogPakFile: Display: Extracted "Engine/Content/Slate/Icons/PIEWindow/SmallRoundedButtonBottom.png" to "/mnt/biella-extra/biella-runtime/d03-01-package-negative-04/extracted/Engine/Content/Slate/Icons/PIEWindow/SmallRoundedButtonBottom.png" Offset 8833721.
[2026.09.06-15.01.33:266][  0]LogPakFile: Display: Extracted "Engine/Content/Slate/Icons/PIEWindow/SmallRoundedButtonCentre.png" to "/mnt/biella-extra/biella-runtime/d03-01-package-negative-04/extracted/Engine/Content/Slate/Icons/PIEWindow/SmallRoundedButtonCentre.png" Offset 8836736.
[2026.09.06-15.01.33:266][  0]LogPakFile: Display: Extracted "Engine/Content/Slate/Icons/PIEWindow/SmallRoundedButtonLeft.png" to "/mnt/biella-extra/biella-runtime/d03-01-package-negative-04/extracted/Engine/Content/Slate/Icons/PIEWindow/SmallRoundedButtonLeft.png" Offset 8837076.
[2026.09.06-15.01.33:266][  0]LogPakFile: Display: Extracted "Engine/Content/Slate/Icons/PIEWindow/SmallRoundedButtonRight.png" to "/mnt/biella-extra/biella-runtime/d03-01-package-negative-04/extracted/Engine/Content/Slate/Icons/PIEWindow/SmallRoundedButtonRight.png" Offset 8840120.
[2026.09.06-15.01.33:266][  0]LogPakFile: Display: Extracted "Engine/Content/Slate/Icons/PIEWindow/SmallRoundedButtonTop.png" to "/mnt/biella-extra/biella-runtime/d03-01-package-negative-04/extracted/Engine/Content/Slate/Icons/PIEWindow/SmallRoundedButtonTop.png" Offset 8843161.
[2026.09.06-15.01.33:266][  0]LogPakFile: Display: Extracted "Engine/Content/Slate/Icons/PIEWindow/WindowButton_025x_Hovered.png" to "/mnt/biella-extra/biella-runtime/d03-01-package-negative-04/extracted/Engine/Content/Slate/Icons/PIEWindow/WindowButton_025x_Hovered.png" Offset 8846175.
[2026.09.06-15.01.33:267][  0]LogPakFile: Display: Extracted "Engine/Content/Slate/Icons/PIEWindow/WindowButton_025x_Normal.png" to "/mnt/biella-extra/biella-runtime/d03-01-package-negative-04/extracted/Engine/Content/Slate/Icons/PIEWindow/WindowButton_025x_Normal.png" Offset 8850078.
[2026.09.06-15.01.33:267][  0]LogPakFile: Display: Extracted "Engine/Content/Slate/Icons/PIEWindow/WindowButton_025x_Pressed.png" to "/mnt/biella-extra/biella-runtime/d03-01-package-negative-04/extracted/Engine/Content/Slate/Icons/PIEWindow/WindowButton_025x_Pressed.png" Offset 8853711.
[2026.09.06-15.01.33:267][  0]LogPakFile: Display: Extracted "Engine/Content/Slate/Icons/PIEWindow/WindowButton_05x_Hovered.png" to "/mnt/biella-extra/biella-runtime/d03-01-package-negative-04/extracted/Engine/Content/Slate/Icons/PIEWindow/WindowButton_05x_Hovered.png" Offset 8857295.
[2026.09.06-15.01.33:267][  0]LogPakFile: Display: Extracted "Engine/Content/Slate/Icons/PIEWindow/WindowButton_05x_Normal.png" to "/mnt/biella-extra/biella-runtime/d03-01-package-negative-04/extracted/Engine/Content/Slate/Icons/PIEWindow/WindowButton_05x_Normal.png" Offset 8861232.
[2026.09.06-15.01.33:267][  0]LogPakFile: Display: Extracted "Engine/Content/Slate/Icons/PIEWindow/WindowButton_05x_Pressed.png" to "/mnt/biella-extra/biella-runtime/d03-01-package-negative-04/extracted/Engine/Content/Slate/Icons/PIEWindow/WindowButton_05x_Pressed.png" Offset 8864763.
[2026.09.06-15.01.33:267][  0]LogPakFile: Display: Extracted "Engine/Content/Slate/Icons/PIEWindow/WindowButton_1x_Hovered.png" to "/mnt/biella-extra/biella-runtime/d03-01-package-negative-04/extracted/Engine/Content/Slate/Icons/PIEWindow/WindowButton_1x_Hovered.png" Offset 8868365.
[2026.09.06-15.01.33:267][  0]LogPakFile: Display: Extracted "Engine/Content/Slate/Icons/PIEWindow/WindowButton_1x_Normal.png" to "/mnt/biella-extra/biella-runtime/d03-01-package-negative-04/extracted/Engine/Content/Slate/Icons/PIEWindow/WindowButton_1x_Normal.png" Offset 8872050.
[2026.09.06-15.01.33:267][  0]LogPakFile: Display: Extracted "Engine/Content/Slate/Icons/PIEWindow/WindowButton_1x_Pressed.png" to "/mnt/biella-extra/biella-runtime/d03-01-package-negative-04/extracted/Engine/Content/Slate/Icons/PIEWindow/WindowButton_1x_Pressed.png" Offset 8875439.
[2026.09.06-15.01.33:267][  0]LogPakFile: Display: Extracted "Engine/Content/Slate/Icons/PIEWindow/WindowButton_Screen_Rotation_Hovered.png" to "/mnt/biella-extra/biella-runtime/d03-01-package-negative-04/extracted/Engine/Content/Slate/Icons/PIEWindow/WindowButton_Screen_Rotation_Hovered.png" Offset 8878813.
[2026.09.06-15.01.33:268][  0]LogPakFile: Display: Extracted "Engine/Content/Slate/Icons/PIEWindow/WindowButton_Screen_Rotation_Normal.png" to "/mnt/biella-extra/biella-runtime/d03-01-package-negative-04/extracted/Engine/Content/Slate/Icons/PIEWindow/WindowButton_Screen_Rotation_Normal.png" Offset 8883195.
[2026.09.06-15.01.33:268][  0]LogPakFile: Display: Extracted "Engine/Content/Slate/Icons/PIEWindow/WindowButton_Screen_Rotation_Pressed.png" to "/mnt/biella-extra/biella-runtime/d03-01-package-negative-04/extracted/Engine/Content/Slate/Icons/PIEWindow/WindowButton_Screen_Rotation_Pressed.png" Offset 8887486.
[2026.09.06-15.01.33:268][  0]LogPakFile: Display: Extracted "Engine/Content/Slate/Icons/Profiler/GroupBorder-16Gray.png" to "/mnt/biella-extra/biella-runtime/d03-01-package-negative-04/extracted/Engine/Content/Slate/Icons/Profiler/GroupBorder-16Gray.png" Offset 8892205.
[2026.09.06-15.01.33:268][  0]LogPakFile: Display: Extracted "Engine/Content/Slate/Icons/Profiler/Profiler_Average_Event_Graph_16x.png" to "/mnt/biella-extra/biella-runtime/d03-01-package-negative-04/extracted/Engine/Content/Slate/Icons/Profiler/Profiler_Average_Event_Graph_16x.png" Offset 8895146.
[2026.09.06-15.01.33:268][  0]LogPakFile: Display: Extracted "Engine/Content/Slate/Icons/Profiler/Profiler_Border_L_16x.png" to "/mnt/biella-extra/biella-runtime/d03-01-package-negative-04/extracted/Engine/Content/Slate/Icons/Profiler/Profiler_Border_L_16x.png" Offset 8898555.
[2026.09.06-15.01.33:268][  0]LogPakFile: Display: Extracted "Engine/Content/Slate/Icons/Profiler/Profiler_Border_R_16x.png" to "/mnt/biella-extra/biella-runtime/d03-01-package-negative-04/extracted/Engine/Content/Slate/Icons/Profiler/Profiler_Border_R_16x.png" Offset 8901457.
[2026.09.06-15.01.33:268][  0]LogPakFile: Display: Extracted "Engine/Content/Slate/Icons/Profiler/Profiler_Border_TB_16x.png" to "/mnt/biella-extra/biella-runtime/d03-01-package-negative-04/extracted/Engine/Content/Slate/Icons/Profiler/Profiler_Border_TB_16x.png" Offset 8904361.
[2026.09.06-15.01.33:268][  0]LogPakFile: Display: Extracted "Engine/Content/Slate/Icons/Profiler/profiler_Calls_32x.png" to "/mnt/biella-extra/biella-runtime/d03-01-package-negative-04/extracted/Engine/Content/Slate/Icons/Profiler/profiler_Calls_32x.png" Offset 8907257.
[2026.09.06-15.01.33:268][  0]LogPakFile: Display: Extracted "Engine/Content/Slate/Icons/Profiler/profiler_CollapseAll_32x.png" to "/mnt/biella-extra/biella-runtime/d03-01-package-negative-04/extracted/Engine/Content/Slate/Icons/Profiler/profiler_CollapseAll_32x.png" Offset 8912155.
[2026.09.06-15.01.33:269][  0]LogPakFile: Display: Extracted "Engine/Content/Slate/Icons/Profiler/profiler_CollapseSelection_32x.png" to "/mnt/biella-extra/biella-runtime/d03-01-package-negative-04/extracted/Engine/Content/Slate/Icons/Profiler/profiler_CollapseSelection_32x.png" Offset 8915392.
[2026.09.06-15.01.33:269][  0]LogPakFile: Display: Extracted "Engine/Content/Slate/Icons/Profiler/profiler_CollapseThread_32x.png" to "/mnt/biella-extra/biella-runtime/d03-01-package-negative-04/extracted/Engine/Content/Slate/Icons/Profiler/profiler_CollapseThread_32x.png" Offset 8918673.
[2026.09.06-15.01.33:269][  0]LogPakFile: Display: Extracted "Engine/Content/Slate/Icons/Profiler/profiler_CopyToClipboard_32x.png" to "/mnt/biella-extra/biella-runtime/d03-01-package-negative-04/extracted/Engine/Content/Slate/Icons/Profiler/profiler_CopyToClipboard_32x.png" Offset 8922988.
[2026.09.06-15.01.33:269][  0]LogPakFile: Display: Extracted "Engine/Content/Slate/Icons/Profiler/Profiler_Cull_Events_16x.png" to "/mnt/biella-extra/biella-runtime/d03-01-package-negative-04/extracted/Engine/Content/Slate/Icons/Profiler/Profiler_Cull_Events_16x.png" Offset 8927793.
[2026.09.06-15.01.33:269][  0]LogPakFile: Display: Extracted "Engine/Content/Slate/Icons/Profiler/Profiler_Culled_12x.png" to "/mnt/biella-extra/biella-runtime/d03-01-package-negative-04/extracted/Engine/Content/Slate/Icons/Profiler/Profiler_Culled_12x.png" Offset 8931313.
[2026.09.06-15.01.33:269][  0]LogPakFile: Display: Extracted "Engine/Content/Slate/Icons/Profiler/profiler_CulledEvents_12x.png" to "/mnt/biella-extra/biella-runtime/d03-01-package-negative-04/extracted/Engine/Content/Slate/Icons/Profiler/profiler_CulledEvents_12x.png" Offset 8934656.
[2026.09.06-15.01.33:269][  0]LogPakFile: Display: Extracted "Engine/Content/Slate/Icons/Profiler/Profiler_Custom_Tooltip_12x.png" to "/mnt/biella-extra/biella-runtime/d03-01-package-negative-04/extracted/Engine/Content/Slate/Icons/Profiler/Profiler_Custom_Tooltip_12x.png" Offset 8937688.
[2026.09.06-15.01.33:269][  0]LogPakFile: Display: Extracted "Engine/Content/Slate/Icons/Profiler/Profiler_Data_Capture_40x.png" to "/mnt/biella-extra/biella-runtime/d03-01-package-negative-04/extracted/Engine/Content/Slate/Icons/Profiler/Profiler_Data_Capture_40x.png" Offset 8940996.
[2026.09.06-15.01.33:269][  0]LogPakFile: Display: Extracted "Engine/Content/Slate/Icons/Profiler/profiler_Disconnect_32x.png" to "/mnt/biella-extra/biella-runtime/d03-01-package-negative-04/extracted/Engine/Content/Slate/Icons/Profiler/profiler_Disconnect_32x.png" Offset 8947175.
[2026.09.06-15.01.33:270][  0]LogPakFile: Display: Extracted "Engine/Content/Slate/Icons/Profiler/profiler_Event_32x.png" to "/mnt/biella-extra/biella-runtime/d03-01-package-negative-04/extracted/Engine/Content/Slate/Icons/Profiler/profiler_Event_32x.png" Offset 8952050.
[2026.09.06-15.01.33:270][  0]LogPakFile: Display: Extracted "Engine/Content/Slate/Icons/Profiler/Profiler_Events_Flat_16x.png" to "/mnt/biella-extra/biella-runtime/d03-01-package-negative-04/extracted/Engine/Content/Slate/Icons/Profiler/Profiler_Events_Flat_16x.png" Offset 8956117.
[2026.09.06-15.01.33:270][  0]LogPakFile: Display: Extracted "Engine/Content/Slate/Icons/Profiler/Profiler_Events_Flat_Coalesced_16x.png" to "/mnt/biella-extra/biella-runtime/d03-01-package-negative-04/extracted/Engine/Content/Slate/Icons/Profiler/Profiler_Events_Flat_Coalesced_16x.png" Offset 8959301.
[2026.09.06-15.01.33:270][  0]LogPakFile: Display: Extracted "Engine/Content/Slate/Icons/Profiler/Profiler_Events_Hierarchial_16x.png" to "/mnt/biella-extra/biella-runtime/d03-01-package-negative-04/extracted/Engine/Content/Slate/Icons/Profiler/Profiler_Events_Hierarchial_16x.png" Offset 8962547.
[2026.09.06-15.01.33:270][  0]LogPakFile: Display: Extracted "Engine/Content/Slate/Icons/Profiler/profiler_ExpandAll_32x.png" to "/mnt/biella-extra/biella-runtime/d03-01-package-negative-04/extracted/Engine/Content/Slate/Icons/Profiler/profiler_ExpandAll_32x.png" Offset 8965762.
[2026.09.06-15.01.33:270][  0]LogPakFile: Display: Extracted "Engine/Content/Slate/Icons/Profiler/profiler_ExpandHotPath_32x.png" to "/mnt/biella-extra/biella-runtime/d03-01-package-negative-04/extracted/Engine/Content/Slate/Icons/Profiler/profiler_ExpandHotPath_32x.png" Offset 8968976.
[2026.09.06-15.01.33:270][  0]LogPakFile: Display: Extracted "Engine/Content/Slate/Icons/Profiler/profiler_ExpandSelection_32x.png" to "/mnt/biella-extra/biella-runtime/d03-01-package-negative-04/extracted/Engine/Content/Slate/Icons/Profiler/profiler_ExpandSelection_32x.png" Offset 8973115.
[2026.09.06-15.01.33:270][  0]LogPakFile: Display: Extracted "Engine/Content/Slate/Icons/Profiler/profiler_ExpandThread_32x.png" to "/mnt/biella-extra/biella-runtime/d03-01-package-negative-04/extracted/Engine/Content/Slate/Icons/Profiler/profiler_ExpandThread_32x.png" Offset 8976361.
[2026.09.06-15.01.33:270][  0]LogPakFile: Display: Extracted "Engine/Content/Slate/Icons/Profiler/Profiler_Filter_Events_16x.png" to "/mnt/biella-extra/biella-runtime/d03-01-package-negative-04/extracted/Engine/Content/Slate/Icons/Profiler/Profiler_Filter_Events_16x.png" Offset 8980769.
[2026.09.06-15.01.33:271][  0]LogPakFile: Display: Extracted "Engine/Content/Slate/Icons/Profiler/Profiler_Filter_Presets_Tab_16x.png" to "/mnt/biella-extra/biella-runtime/d03-01-package-negative-04/extracted/Engine/Content/Slate/Icons/Profiler/Profiler_Filter_Presets_Tab_16x.png" Offset 8984382.
[2026.09.06-15.01.33:271][  0]LogPakFile: Display: Extracted "Engine/Content/Slate/Icons/Profiler/Profiler_Filtered_12x.png" to "/mnt/biella-extra/biella-runtime/d03-01-package-negative-04/extracted/Engine/Content/Slate/Icons/Profiler/Profiler_Filtered_12x.png" Offset 8987913.
[2026.09.06-15.01.33:271][  0]LogPakFile: Display: Extracted "Engine/Content/Slate/Icons/Profiler/Profiler_FPS_Chart_40x.png" to "/mnt/biella-extra/biella-runtime/d03-01-package-negative-04/extracted/Engine/Content/Slate/Icons/Profiler/Profiler_FPS_Chart_40x.png" Offset 8991115.
[2026.09.06-15.01.33:271][  0]LogPakFile: Display: Extracted "Engine/Content/Slate/Icons/Profiler/profiler_GameThread_32x.png" to "/mnt/biella-extra/biella-runtime/d03-01-package-negative-04/extracted/Engine/Content/Slate/Icons/Profiler/profiler_GameThread_32x.png" Offset 8996557.
[2026.09.06-15.01.33:271][  0]LogPakFile: Display: Extracted "Engine/Content/Slate/Icons/Profiler/profiler_GenericFilter_32x.png" to "/mnt/biella-extra/biella-runtime/d03-01-package-negative-04/extracted/Engine/Content/Slate/Icons/Profiler/profiler_GenericFilter_32x.png" Offset 9001470.
[2026.09.06-15.01.33:271][  0]LogPakFile: Display: Extracted "Engine/Content/Slate/Icons/Profiler/profiler_GenericGroup_32x.png" to "/mnt/biella-extra/biella-runtime/d03-01-package-negative-04/extracted/Engine/Content/Slate/Icons/Profiler/profiler_GenericGroup_32x.png" Offset 9006190.
[2026.09.06-15.01.33:271][  0]LogPakFile: Display: Extracted "Engine/Content/Slate/Icons/Profiler/Profiler_Graph_View_Tab_16x.png" to "/mnt/biella-extra/biella-runtime/d03-01-package-negative-04/extracted/Engine/Content/Slate/Icons/Profiler/Profiler_Graph_View_Tab_16x.png" Offset 9010689.
[2026.09.06-15.01.33:271][  0]LogPakFile: Display: Extracted "Engine/Content/Slate/Icons/Profiler/Profiler_Has_Culled_Children_12x.png" to "/mnt/biella-extra/biella-runtime/d03-01-package-negative-04/extracted/Engine/Content/Slate/Icons/Profiler/Profiler_Has_Culled_Children_12x.png" Offset 9014188.
[2026.09.06-15.01.33:271][  0]LogPakFile: Display: Extracted "Engine/Content/Slate/Icons/Profiler/Profiler_History_Back_16x.png" to "/mnt/biella-extra/biella-runtime/d03-01-package-negative-04/extracted/Engine/Content/Slate/Icons/Profiler/Profiler_History_Back_16x.png" Offset 9017600.
[2026.09.06-15.01.33:272][  0]LogPakFile: Display: Extracted "Engine/Content/Slate/Icons/Profiler/Profiler_History_Fwd_16x.png" to "/mnt/biella-extra/biella-runtime/d03-01-package-negative-04/extracted/Engine/Content/Slate/Icons/Profiler/Profiler_History_Fwd_16x.png" Offset 9021331.
[2026.09.06-15.01.33:272][  0]LogPakFile: Display: Extracted "Engine/Content/Slate/Icons/Profiler/profiler_HotPath_32x.png" to "/mnt/biella-extra/biella-runtime/d03-01-package-negative-04/extracted/Engine/Content/Slate/Icons/Profiler/profiler_HotPath_32x.png" Offset 9025062.
[2026.09.06-15.01.33:272][  0]LogPakFile: Display: Extracted "Engine/Content/Slate/Icons/Profiler/Profiler_Load_Profiler_40x.png" to "/mnt/biella-extra/biella-runtime/d03-01-package-negative-04/extracted/Engine/Content/Slate/Icons/Profiler/Profiler_Load_Profiler_40x.png" Offset 9029179.
[2026.09.06-15.01.33:272][  0]LogPakFile: Display: Extracted "Engine/Content/Slate/Icons/Profiler/Profiler_LoadMultiple_Profiler_40x.png" to "/mnt/biella-extra/biella-runtime/d03-01-package-negative-04/extracted/Engine/Content/Slate/Icons/Profiler/Profiler_LoadMultiple_Profiler_40x.png" Offset 9035467.
[2026.09.06-15.01.33:272][  0]LogPakFile: Display: Extracted "Engine/Content/Slate/Icons/Profiler/Profiler_Max_Event_Graph_16x.png" to "/mnt/biella-extra/biella-runtime/d03-01-package-negative-04/extracted/Engine/Content/Slate/Icons/Profiler/Profiler_Max_Event_Graph_16x.png" Offset 9041477.
[2026.09.06-15.01.33:272][  0]LogPakFile: Display: Extracted "Engine/Content/Slate/Icons/Profiler/profiler_mem_40x.png" to "/mnt/biella-extra/biella-runtime/d03-01-package-negative-04/extracted/Engine/Content/Slate/Icons/Profiler/profiler_mem_40x.png" Offset 9044961.
[2026.09.06-15.01.33:272][  0]LogPakFile: Display: Extracted "Engine/Content/Slate/Icons/Profiler/profiler_Memory_32x.png" to "/mnt/biella-extra/biella-runtime/d03-01-package-negative-04/extracted/Engine/Content/Slate/Icons/Profiler/profiler_Memory_32x.png" Offset 9050781.
[2026.09.06-15.01.33:272][  0]LogPakFile: Display: Extracted "Engine/Content/Slate/Icons/Profiler/profiler_Number_32x.png" to "/mnt/biella-extra/biella-runtime/d03-01-package-negative-04/extracted/Engine/Content/Slate/Icons/Profiler/profiler_Number_32x.png" Offset 9055163.
[2026.09.06-15.01.33:272][  0]LogPakFile: Display: Extracted "Engine/Content/Slate/Icons/Profiler/profiler_OpenEventGraph_32x.png" to "/mnt/biella-extra/biella-runtime/d03-01-package-negative-04/extracted/Engine/Content/Slate/Icons/Profiler/profiler_OpenEventGraph_32x.png" Offset 9059404.
[2026.09.06-15.01.33:273][  0]LogPakFile: Display: Extracted "Engine/Content/Slate/Icons/Profiler/profiler_RenderThread_32x.png" to "/mnt/biella-extra/biella-runtime/d03-01-package-negative-04/extracted/Engine/Content/Slate/Icons/Profiler/profiler_RenderThread_32x.png" Offset 9064321.
[2026.09.06-15.01.33:273][  0]LogPakFile: Display: Extracted "Engine/Content/Slate/Icons/Profiler/profiler_ResetColumn_32x.png" to "/mnt/biella-extra/biella-runtime/d03-01-package-negative-04/extracted/Engine/Content/Slate/Icons/Profiler/profiler_ResetColumn_32x.png" Offset 9069018.
[2026.09.06-15.01.33:273][  0]LogPakFile: Display: Extracted "Engine/Content/Slate/Icons/Profiler/profiler_ResetToDefault_32x.png" to "/mnt/biella-extra/biella-runtime/d03-01-package-negative-04/extracted/Engine/Content/Slate/Icons/Profiler/profiler_ResetToDefault_32x.png" Offset 9073708.
[2026.09.06-15.01.33:273][  0]LogPakFile: Display: Extracted "Engine/Content/Slate/Icons/Profiler/profiler_SelectStack_32x.png" to "/mnt/biella-extra/biella-runtime/d03-01-package-negative-04/extracted/Engine/Content/Slate/Icons/Profiler/profiler_SelectStack_32x.png" Offset 9077928.
[2026.09.06-15.01.33:273][  0]LogPakFile: Display: Extracted "Engine/Content/Slate/Icons/Profiler/profiler_SetRoot_32x.png" to "/mnt/biella-extra/biella-runtime/d03-01-package-negative-04/extracted/Engine/Content/Slate/Icons/Profiler/profiler_SetRoot_32x.png" Offset 9082899.
[2026.09.06-15.01.33:273][  0]LogPakFile: Display: Extracted "Engine/Content/Slate/Icons/Profiler/Profiler_Settings_40x.png" to "/mnt/biella-extra/biella-runtime/d03-01-package-negative-04/extracted/Engine/Content/Slate/Icons/Profiler/Profiler_Settings_40x.png" Offset 9087561.
[2026.09.06-15.01.33:273][  0]LogPakFile: Display: Extracted "Engine/Content/Slate/Icons/Profiler/profiler_ShowGraphData_32x.png" to "/mnt/biella-extra/biella-runtime/d03-01-package-negative-04/extracted/Engine/Content/Slate/Icons/Profiler/profiler_ShowGraphData_32x.png" Offset 9094120.
[2026.09.06-15.01.33:273][  0]LogPakFile: Display: Extracted "Engine/Content/Slate/Icons/Profiler/profiler_SortAscending_32x.png" to "/mnt/biella-extra/biella-runtime/d03-01-package-negative-04/extracted/Engine/Content/Slate/Icons/Profiler/profiler_SortAscending_32x.png" Offset 9098087.
[2026.09.06-15.01.33:274][  0]LogPakFile: Display: Extracted "Engine/Content/Slate/Icons/Profiler/profiler_SortBy_32x.png" to "/mnt/biella-extra/biella-runtime/d03-01-package-negative-04/extracted/Engine/Content/Slate/Icons/Profiler/profiler_SortBy_32x.png" Offset 9102566.
[2026.09.06-15.01.33:274][  0]LogPakFile: Display: Extracted "Engine/Content/Slate/Icons/Profiler/profiler_SortDescending_32x.png" to "/mnt/biella-extra/biella-runtime/d03-01-package-negative-04/extracted/Engine/Content/Slate/Icons/Profiler/profiler_SortDescending_32x.png" Offset 9107447.
[2026.09.06-15.01.33:274][  0]LogPakFile: Display: Extracted "Engine/Content/Slate/Icons/Profiler/profiler_stats_40x.png" to "/mnt/biella-extra/biella-runtime/d03-01-package-negative-04/extracted/Engine/Content/Slate/Icons/Profiler/profiler_stats_40x.png" Offset 9111807.
[2026.09.06-15.01.33:274][  0]LogPakFile: Display: Extracted "Engine/Content/Slate/Icons/Profiler/profiler_sync_40x.png" to "/mnt/biella-extra/biella-runtime/d03-01-package-negative-04/extracted/Engine/Content/Slate/Icons/Profiler/profiler_sync_40x.png" Offset 9117195.
[2026.09.06-15.01.33:274][  0]LogPakFile: Display: Extracted "Engine/Content/Slate/Icons/Profiler/Profiler_Tab_16x.png" to "/mnt/biella-extra/biella-runtime/d03-01-package-negative-04/extracted/Engine/Content/Slate/Icons/Profiler/Profiler_Tab_16x.png" Offset 9123538.
[2026.09.06-15.01.33:274][  0]LogPakFile: Display: Extracted "Engine/Content/Slate/Icons/Profiler/Profiler_ThreadView_SampleBorder_16x.png" to "/mnt/biella-extra/biella-runtime/d03-01-package-negative-04/extracted/Engine/Content/Slate/Icons/Profiler/Profiler_ThreadView_SampleBorder_16x.png" Offset 9127269.
[2026.09.06-15.01.33:274][  0]LogPakFile: Display: Extracted "Engine/Content/Slate/Icons/Profiler/profiler_ViewColumn_32x.png" to "/mnt/biella-extra/biella-runtime/d03-01-package-negative-04/extracted/Engine/Content/Slate/Icons/Profiler/profiler_ViewColumn_32x.png" Offset 9127483.
[2026.09.06-15.01.33:274][  0]LogPakFile: Display: Extracted "Engine/Content/Slate/Launcher/All_Platforms_128x.png" to "/mnt/biella-extra/biella-runtime/d03-01-package-negative-04/extracted/Engine/Content/Slate/Launcher/All_Platforms_128x.png" Offset 9136138.
[2026.09.06-15.01.33:275][  0]LogPakFile: Display: Extracted "Engine/Content/Slate/Launcher/All_Platforms_24x.png" to "/mnt/biella-extra/biella-runtime/d03-01-package-negative-04/extracted/Engine/Content/Slate/Launcher/All_Platforms_24x.png" Offset 9151054.
[2026.09.06-15.01.33:275][  0]LogPakFile: Display: Extracted "Engine/Content/Slate/Launcher/Instance_Commandlet.png" to "/mnt/biella-extra/biella-runtime/d03-01-package-negative-04/extracted/Engine/Content/Slate/Launcher/Instance_Commandlet.png" Offset 9155237.
[2026.09.06-15.01.33:275][  0]LogPakFile: Display: Extracted "Engine/Content/Slate/Launcher/Instance_Editor.png" to "/mnt/biella-extra/biella-runtime/d03-01-package-negative-04/extracted/Engine/Content/Slate/Launcher/Instance_Editor.png" Offset 9155651.
[2026.09.06-15.01.33:275][  0]LogPakFile: Display: Extracted "Engine/Content/Slate/Launcher/Instance_Game.png" to "/mnt/biella-extra/biella-runtime/d03-01-package-negative-04/extracted/Engine/Content/Slate/Launcher/Instance_Game.png" Offset 9157155.
[2026.09.06-15.01.33:275][  0]LogPakFile: Display: Extracted "Engine/Content/Slate/Launcher/Instance_Other.png" to "/mnt/biella-extra/biella-runtime/d03-01-package-negative-04/extracted/Engine/Content/Slate/Launcher/Instance_Other.png" Offset 9158254.
[2026.09.06-15.01.33:275][  0]LogPakFile: Display: Extracted "Engine/Content/Slate/Launcher/Instance_Server.png" to "/mnt/biella-extra/biella-runtime/d03-01-package-negative-04/extracted/Engine/Content/Slate/Launcher/Instance_Server.png" Offset 9159085.
[2026.09.06-15.01.33:275][  0]LogPakFile: Display: Extracted "Engine/Content/Slate/Launcher/Instance_Unknown.png" to "/mnt/biella-extra/biella-runtime/d03-01-package-negative-04/extracted/Engine/Content/Slate/Launcher/Instance_Unknown.png" Offset 9160075.
[2026.09.06-15.01.33:275][  0]LogPakFile: Display: Extracted "Engine/Content/Slate/Launcher/Launcher_Advanced.png" to "/mnt/biella-extra/biella-runtime/d03-01-package-negative-04/extracted/Engine/Content/Slate/Launcher/Launcher_Advanced.png" Offset 9161668.
[2026.09.06-15.01.33:275][  0]LogPakFile: Display: Extracted "Engine/Content/Slate/Launcher/Launcher_Back.png" to "/mnt/biella-extra/biella-runtime/d03-01-package-negative-04/extracted/Engine/Content/Slate/Launcher/Launcher_Back.png" Offset 9165113.
[2026.09.06-15.01.33:275][  0]LogPakFile: Display: Extracted "Engine/Content/Slate/Launcher/Launcher_Build.png" to "/mnt/biella-extra/biella-runtime/d03-01-package-negative-04/extracted/Engine/Content/Slate/Launcher/Launcher_Build.png" Offset 9166881.
[2026.09.06-15.01.33:276][  0]LogPakFile: Display: Extracted "Engine/Content/Slate/Launcher/Launcher_Delete.png" to "/mnt/biella-extra/biella-runtime/d03-01-package-negative-04/extracted/Engine/Content/Slate/Launcher/Launcher_Delete.png" Offset 9169740.
[2026.09.06-15.01.33:276][  0]LogPakFile: Display: Extracted "Engine/Content/Slate/Launcher/Launcher_Deploy.png" to "/mnt/biella-extra/biella-runtime/d03-01-package-negative-04/extracted/Engine/Content/Slate/Launcher/Launcher_Deploy.png" Offset 9172725.
[2026.09.06-15.01.33:276][  0]LogPakFile: Display: Extracted "Engine/Content/Slate/Launcher/Launcher_EditSettings.png" to "/mnt/biella-extra/biella-runtime/d03-01-package-negative-04/extracted/Engine/Content/Slate/Launcher/Launcher_EditSettings.png" Offset 9175790.
[2026.09.06-15.01.33:276][  0]LogPakFile: Display: Extracted "Engine/Content/Slate/Launcher/Launcher_Launch.png" to "/mnt/biella-extra/biella-runtime/d03-01-package-negative-04/extracted/Engine/Content/Slate/Launcher/Launcher_Launch.png" Offset 9179738.
[2026.09.06-15.01.33:276][  0]LogPakFile: Display: Extracted "Engine/Content/Slate/Launcher/Launcher_Run.png" to "/mnt/biella-extra/biella-runtime/d03-01-package-negative-04/extracted/Engine/Content/Slate/Launcher/Launcher_Run.png" Offset 9184636.
[2026.09.06-15.01.33:276][  0]LogPakFile: Display: Extracted "Engine/Content/Slate/MessageLog/Log_Error.png" to "/mnt/biella-extra/biella-runtime/d03-01-package-negative-04/extracted/Engine/Content/Slate/MessageLog/Log_Error.png" Offset 9188739.
[2026.09.06-15.01.33:276][  0]LogPakFile: Display: Extracted "Engine/Content/Slate/MessageLog/Log_Note.png" to "/mnt/biella-extra/biella-runtime/d03-01-package-negative-04/extracted/Engine/Content/Slate/MessageLog/Log_Note.png" Offset 9189774.
[2026.09.06-15.01.33:276][  0]LogPakFile: Display: Extracted "Engine/Content/Slate/MessageLog/Log_Warning.png" to "/mnt/biella-extra/biella-runtime/d03-01-package-negative-04/extracted/Engine/Content/Slate/MessageLog/Log_Warning.png" Offset 9190304.
[2026.09.06-15.01.33:276][  0]LogPakFile: Display: Extracted "Engine/Content/Slate/Old/Border.PNG" to "/mnt/biella-extra/biella-runtime/d03-01-package-negative-04/extracted/Engine/Content/Slate/Old/Border.PNG" Offset 9190948.
[2026.09.06-15.01.33:277][  0]LogPakFile: Display: Extracted "Engine/Content/Slate/Old/Button.png" to "/mnt/biella-extra/biella-runtime/d03-01-package-negative-04/extracted/Engine/Content/Slate/Old/Button.png" Offset 9191420.
[2026.09.06-15.01.33:277][  0]LogPakFile: Display: Extracted "Engine/Content/Slate/Old/DashedBorder.png" to "/mnt/biella-extra/biella-runtime/d03-01-package-negative-04/extracted/Engine/Content/Slate/Old/DashedBorder.png" Offset 9191947.
[2026.09.06-15.01.33:277][  0]LogPakFile: Display: Extracted "Engine/Content/Slate/Old/HyperlinkDotted.png" to "/mnt/biella-extra/biella-runtime/d03-01-package-negative-04/extracted/Engine/Content/Slate/Old/HyperlinkDotted.png" Offset 9192455.
[2026.09.06-15.01.33:277][  0]LogPakFile: Display: Extracted "Engine/Content/Slate/Old/HyperlinkUnderline.png" to "/mnt/biella-extra/biella-runtime/d03-01-package-negative-04/extracted/Engine/Content/Slate/Old/HyperlinkUnderline.png" Offset 9192853.
[2026.09.06-15.01.33:277][  0]LogPakFile: Display: Extracted "Engine/Content/Slate/Old/Menu_Background.png" to "/mnt/biella-extra/biella-runtime/d03-01-package-negative-04/extracted/Engine/Content/Slate/Old/Menu_Background.png" Offset 9193251.
[2026.09.06-15.01.33:277][  0]LogPakFile: Display: Extracted "Engine/Content/Slate/Old/Menu_Background_Inverted_Border_Bold.png" to "/mnt/biella-extra/biella-runtime/d03-01-package-negative-04/extracted/Engine/Content/Slate/Old/Menu_Background_Inverted_Border_Bold.png" Offset 9193713.
[2026.09.06-15.01.33:277][  0]LogPakFile: Display: Extracted "Engine/Content/Slate/Old/Notification_Border_Flash.png" to "/mnt/biella-extra/biella-runtime/d03-01-package-negative-04/extracted/Engine/Content/Slate/Old/Notification_Border_Flash.png" Offset 9194116.
[2026.09.06-15.01.33:277][  0]LogPakFile: Display: Extracted "Engine/Content/Slate/Old/ToolBar_Background.png" to "/mnt/biella-extra/biella-runtime/d03-01-package-negative-04/extracted/Engine/Content/Slate/Old/ToolBar_Background.png" Offset 9394349.
[2026.09.06-15.01.33:277][  0]LogPakFile: Display: Extracted "Engine/Content/Slate/Old/ToolTip_Background.png" to "/mnt/biella-extra/biella-runtime/d03-01-package-negative-04/extracted/Engine/Content/Slate/Old/ToolTip_Background.png" Offset 9397419.
[2026.09.06-15.01.33:277][  0]LogPakFile: Display: Extracted "Engine/Content/Slate/Old/ToolTip_BrightBackground.png" to "/mnt/biella-extra/biella-runtime/d03-01-package-negative-04/extracted/Engine/Content/Slate/Old/ToolTip_BrightBackground.png" Offset 9398094.
[2026.09.06-15.01.33:278][  0]LogPakFile: Display: Extracted "Engine/Content/Slate/Old/White.png" to "/mnt/biella-extra/biella-runtime/d03-01-package-negative-04/extracted/Engine/Content/Slate/Old/White.png" Offset 9398984.
[2026.09.06-15.01.33:278][  0]LogPakFile: Display: Extracted "Engine/Content/Slate/Old/Tiles/ActionMenuButtonBG.png" to "/mnt/biella-extra/biella-runtime/d03-01-package-negative-04/extracted/Engine/Content/Slate/Old/Tiles/ActionMenuButtonBG.png" Offset 9195393.
[2026.09.06-15.01.33:278][  0]LogPakFile: Display: Extracted "Engine/Content/Slate/Old/Tiles/Arrow_D.png" to "/mnt/biella-extra/biella-runtime/d03-01-package-negative-04/extracted/Engine/Content/Slate/Old/Tiles/Arrow_D.png" Offset 9196579.
[2026.09.06-15.01.33:278][  0]LogPakFile: Display: Extracted "Engine/Content/Slate/Old/Tiles/Arrow_L.png" to "/mnt/biella-extra/biella-runtime/d03-01-package-negative-04/extracted/Engine/Content/Slate/Old/Tiles/Arrow_L.png" Offset 9199047.
[2026.09.06-15.01.33:278][  0]LogPakFile: Display: Extracted "Engine/Content/Slate/Old/Tiles/Arrow_R.png" to "/mnt/biella-extra/biella-runtime/d03-01-package-negative-04/extracted/Engine/Content/Slate/Old/Tiles/Arrow_R.png" Offset 9201513.
[2026.09.06-15.01.33:278][  0]LogPakFile: Display: Extracted "Engine/Content/Slate/Old/Tiles/Arrow_U.png" to "/mnt/biella-extra/biella-runtime/d03-01-package-negative-04/extracted/Engine/Content/Slate/Old/Tiles/Arrow_U.png" Offset 9203946.
[2026.09.06-15.01.33:278][  0]LogPakFile: Display: Extracted "Engine/Content/Slate/Old/Tiles/ArrowBox.png" to "/mnt/biella-extra/biella-runtime/d03-01-package-negative-04/extracted/Engine/Content/Slate/Old/Tiles/ArrowBox.png" Offset 9206402.
[2026.09.06-15.01.33:278][  0]LogPakFile: Display: Extracted "Engine/Content/Slate/Old/Tiles/ArrowLeft.png" to "/mnt/biella-extra/biella-runtime/d03-01-package-negative-04/extracted/Engine/Content/Slate/Old/Tiles/ArrowLeft.png" Offset 9208875.
[2026.09.06-15.01.33:279][  0]LogPakFile: Display: Extracted "Engine/Content/Slate/Old/Tiles/bigdot.png" to "/mnt/biella-extra/biella-runtime/d03-01-package-negative-04/extracted/Engine/Content/Slate/Old/Tiles/bigdot.png" Offset 9211417.
[2026.09.06-15.01.33:279][  0]LogPakFile: Display: Extracted "Engine/Content/Slate/Old/Tiles/blank.png" to "/mnt/biella-extra/biella-runtime/d03-01-package-negative-04/extracted/Engine/Content/Slate/Old/Tiles/blank.png" Offset 9212822.
[2026.09.06-15.01.33:279][  0]LogPakFile: Display: Extracted "Engine/Content/Slate/Old/Tiles/BoxEdgeHighlight.png" to "/mnt/biella-extra/biella-runtime/d03-01-package-negative-04/extracted/Engine/Content/Slate/Old/Tiles/BoxEdgeHighlight.png" Offset 9214178.
[2026.09.06-15.01.33:279][  0]LogPakFile: Display: Extracted "Engine/Content/Slate/Old/Tiles/Callout_Background.png" to "/mnt/biella-extra/biella-runtime/d03-01-package-negative-04/extracted/Engine/Content/Slate/Old/Tiles/Callout_Background.png" Offset 9215637.
[2026.09.06-15.01.33:279][  0]LogPakFile: Display: Extracted "Engine/Content/Slate/Old/Tiles/Callout_Glow.png" to "/mnt/biella-extra/biella-runtime/d03-01-package-negative-04/extracted/Engine/Content/Slate/Old/Tiles/Callout_Glow.png" Offset 9216063.
[2026.09.06-15.01.33:279][  0]LogPakFile: Display: Extracted "Engine/Content/Slate/Old/Tiles/Callout_Outline.png" to "/mnt/biella-extra/biella-runtime/d03-01-package-negative-04/extracted/Engine/Content/Slate/Old/Tiles/Callout_Outline.png" Offset 9216560.
[2026.09.06-15.01.33:279][  0]LogPakFile: Display: Extracted "Engine/Content/Slate/Old/Tiles/CalloutBox.png" to "/mnt/biella-extra/biella-runtime/d03-01-package-negative-04/extracted/Engine/Content/Slate/Old/Tiles/CalloutBox.png" Offset 9217826.
[2026.09.06-15.01.33:279][  0]LogPakFile: Display: Extracted "Engine/Content/Slate/Old/Tiles/CalloutBox2.png" to "/mnt/biella-extra/biella-runtime/d03-01-package-negative-04/extracted/Engine/Content/Slate/Old/Tiles/CalloutBox2.png" Offset 9220115.
[2026.09.06-15.01.33:279][  0]LogPakFile: Display: Extracted "Engine/Content/Slate/Old/Tiles/CalloutBox3.png" to "/mnt/biella-extra/biella-runtime/d03-01-package-negative-04/extracted/Engine/Content/Slate/Old/Tiles/CalloutBox3.png" Offset 9222457.
[2026.09.06-15.01.33:280][  0]LogPakFile: Display: Extracted "Engine/Content/Slate/Old/Tiles/CircleBox.png" to "/mnt/biella-extra/biella-runtime/d03-01-package-negative-04/extracted/Engine/Content/Slate/Old/Tiles/CircleBox.png" Offset 9224742.
[2026.09.06-15.01.33:280][  0]LogPakFile: Display: Extracted "Engine/Content/Slate/Old/Tiles/CircleBox2.png" to "/mnt/biella-extra/biella-runtime/d03-01-package-negative-04/extracted/Engine/Content/Slate/Old/Tiles/CircleBox2.png" Offset 9227532.
[2026.09.06-15.01.33:280][  0]LogPakFile: Display: Extracted "Engine/Content/Slate/Old/Tiles/CodeBlock_Background.png" to "/mnt/biella-extra/biella-runtime/d03-01-package-negative-04/extracted/Engine/Content/Slate/Old/Tiles/CodeBlock_Background.png" Offset 9229762.
[2026.09.06-15.01.33:280][  0]LogPakFile: Display: Extracted "Engine/Content/Slate/Old/Tiles/CodeBlock_Glow.png" to "/mnt/biella-extra/biella-runtime/d03-01-package-negative-04/extracted/Engine/Content/Slate/Old/Tiles/CodeBlock_Glow.png" Offset 9229966.
[2026.09.06-15.01.33:280][  0]LogPakFile: Display: Extracted "Engine/Content/Slate/Old/Tiles/CodeBlock_Outline.png" to "/mnt/biella-extra/biella-runtime/d03-01-package-negative-04/extracted/Engine/Content/Slate/Old/Tiles/CodeBlock_Outline.png" Offset 9230436.
[2026.09.06-15.01.33:280][  0]LogPakFile: Display: Extracted "Engine/Content/Slate/Old/Tiles/DiamondBox.png" to "/mnt/biella-extra/biella-runtime/d03-01-package-negative-04/extracted/Engine/Content/Slate/Old/Tiles/DiamondBox.png" Offset 9231455.
[2026.09.06-15.01.33:280][  0]LogPakFile: Display: Extracted "Engine/Content/Slate/Old/Tiles/DiamondBox_B.png" to "/mnt/biella-extra/biella-runtime/d03-01-package-negative-04/extracted/Engine/Content/Slate/Old/Tiles/DiamondBox_B.png" Offset 9233752.
[2026.09.06-15.01.33:280][  0]LogPakFile: Display: Extracted "Engine/Content/Slate/Old/Tiles/DiamondBox_T.png" to "/mnt/biella-extra/biella-runtime/d03-01-package-negative-04/extracted/Engine/Content/Slate/Old/Tiles/DiamondBox_T.png" Offset 9235916.
[2026.09.06-15.01.33:281][  0]LogPakFile: Display: Extracted "Engine/Content/Slate/Old/Tiles/DottedCircleBox_L.png" to "/mnt/biella-extra/biella-runtime/d03-01-package-negative-04/extracted/Engine/Content/Slate/Old/Tiles/DottedCircleBox_L.png" Offset 9238323.
[2026.09.06-15.01.33:281][  0]LogPakFile: Display: Extracted "Engine/Content/Slate/Old/Tiles/DottedCircleBox_L_E.png" to "/mnt/biella-extra/biella-runtime/d03-01-package-negative-04/extracted/Engine/Content/Slate/Old/Tiles/DottedCircleBox_L_E.png" Offset 9241076.
[2026.09.06-15.01.33:281][  0]LogPakFile: Display: Extracted "Engine/Content/Slate/Old/Tiles/DottedCircleBox_LR.png" to "/mnt/biella-extra/biella-runtime/d03-01-package-negative-04/extracted/Engine/Content/Slate/Old/Tiles/DottedCircleBox_LR.png" Offset 9243698.
[2026.09.06-15.01.33:281][  0]LogPakFile: Display: Extracted "Engine/Content/Slate/Old/Tiles/DottedCircleBox_LR_E.png" to "/mnt/biella-extra/biella-runtime/d03-01-package-negative-04/extracted/Engine/Content/Slate/Old/Tiles/DottedCircleBox_LR_E.png" Offset 9246273.
[2026.09.06-15.01.33:281][  0]LogPakFile: Display: Extracted "Engine/Content/Slate/Old/Tiles/DottedCircleBox_R.png" to "/mnt/biella-extra/biella-runtime/d03-01-package-negative-04/extracted/Engine/Content/Slate/Old/Tiles/DottedCircleBox_R.png" Offset 9249021.
[2026.09.06-15.01.33:281][  0]LogPakFile: Display: Extracted "Engine/Content/Slate/Old/Tiles/DottedCircleBox_R_E.png" to "/mnt/biella-extra/biella-runtime/d03-01-package-negative-04/extracted/Engine/Content/Slate/Old/Tiles/DottedCircleBox_R_E.png" Offset 9251666.
[2026.09.06-15.01.33:281][  0]LogPakFile: Display: Extracted "Engine/Content/Slate/Old/Tiles/DottedSquareBox_L.png" to "/mnt/biella-extra/biella-runtime/d03-01-package-negative-04/extracted/Engine/Content/Slate/Old/Tiles/DottedSquareBox_L.png" Offset 9254423.
[2026.09.06-15.01.33:281][  0]LogPakFile: Display: Extracted "Engine/Content/Slate/Old/Tiles/DottedSquareBox_LR.png" to "/mnt/biella-extra/biella-runtime/d03-01-package-negative-04/extracted/Engine/Content/Slate/Old/Tiles/DottedSquareBox_LR.png" Offset 9256813.
[2026.09.06-15.01.33:282][  0]LogPakFile: Display: Extracted "Engine/Content/Slate/Old/Tiles/DottedSquareBox_LR_E.png" to "/mnt/biella-extra/biella-runtime/d03-01-package-negative-04/extracted/Engine/Content/Slate/Old/Tiles/DottedSquareBox_LR_E.png" Offset 9259255.
[2026.09.06-15.01.33:282][  0]LogPakFile: Display: Extracted "Engine/Content/Slate/Old/Tiles/DottedSquareBox_R.png" to "/mnt/biella-extra/biella-runtime/d03-01-package-negative-04/extracted/Engine/Content/Slate/Old/Tiles/DottedSquareBox_R.png" Offset 9261827.
[2026.09.06-15.01.33:282][  0]LogPakFile: Display: Extracted "Engine/Content/Slate/Old/Tiles/DottedSquareBox_R_E.png" to "/mnt/biella-extra/biella-runtime/d03-01-package-negative-04/extracted/Engine/Content/Slate/Old/Tiles/DottedSquareBox_R_E.png" Offset 9264164.
[2026.09.06-15.01.33:282][  0]LogPakFile: Display: Extracted "Engine/Content/Slate/Old/Tiles/Hat.png" to "/mnt/biella-extra/biella-runtime/d03-01-package-negative-04/extracted/Engine/Content/Slate/Old/Tiles/Hat.png" Offset 9266572.
[2026.09.06-15.01.33:282][  0]LogPakFile: Display: Extracted "Engine/Content/Slate/Old/Tiles/PrePost_RoundedBox.png" to "/mnt/biella-extra/biella-runtime/d03-01-package-negative-04/extracted/Engine/Content/Slate/Old/Tiles/PrePost_RoundedBox.png" Offset 9291414.
[2026.09.06-15.01.33:282][  0]LogPakFile: Display: Extracted "Engine/Content/Slate/Old/Tiles/PrePost_RoundedBox_B.png" to "/mnt/biella-extra/biella-runtime/d03-01-package-negative-04/extracted/Engine/Content/Slate/Old/Tiles/PrePost_RoundedBox_B.png" Offset 9293519.
[2026.09.06-15.01.33:282][  0]LogPakFile: Display: Extracted "Engine/Content/Slate/Old/Tiles/PrePost_RoundedBox_T.png" to "/mnt/biella-extra/biella-runtime/d03-01-package-negative-04/extracted/Engine/Content/Slate/Old/Tiles/PrePost_RoundedBox_T.png" Offset 9295624.
[2026.09.06-15.01.33:282][  0]LogPakFile: Display: Extracted "Engine/Content/Slate/Old/Tiles/QMark.png" to "/mnt/biella-extra/biella-runtime/d03-01-package-negative-04/extracted/Engine/Content/Slate/Old/Tiles/QMark.png" Offset 9297729.
[2026.09.06-15.01.33:283][  0]LogPakFile: Display: Extracted "Engine/Content/Slate/Old/Tiles/Roboto-Bold.ttf" to "/mnt/biella-extra/biella-runtime/d03-01-package-negative-04/extracted/Engine/Content/Slate/Old/Tiles/Roboto-Bold.ttf" Offset 9298413.
[2026.09.06-15.01.33:283][  0]LogPakFile: Display: Extracted "Engine/Content/Slate/Old/Tiles/RoundedBoxBorder.png" to "/mnt/biella-extra/biella-runtime/d03-01-package-negative-04/extracted/Engine/Content/Slate/Old/Tiles/RoundedBoxBorder.png" Offset 9370718.
[2026.09.06-15.01.33:283][  0]LogPakFile: Display: Extracted "Engine/Content/Slate/Old/Tiles/RoundedTile_Background.png" to "/mnt/biella-extra/biella-runtime/d03-01-package-negative-04/extracted/Engine/Content/Slate/Old/Tiles/RoundedTile_Background.png" Offset 9372621.
[2026.09.06-15.01.33:283][  0]LogPakFile: Display: Extracted "Engine/Content/Slate/Old/Tiles/RoundedTile_Glow.png" to "/mnt/biella-extra/biella-runtime/d03-01-package-negative-04/extracted/Engine/Content/Slate/Old/Tiles/RoundedTile_Glow.png" Offset 9373084.
[2026.09.06-15.01.33:283][  0]LogPakFile: Display: Extracted "Engine/Content/Slate/Old/Tiles/RoundedTile_Outline.png" to "/mnt/biella-extra/biella-runtime/d03-01-package-negative-04/extracted/Engine/Content/Slate/Old/Tiles/RoundedTile_Outline.png" Offset 9374306.
[2026.09.06-15.01.33:283][  0]LogPakFile: Display: Extracted "Engine/Content/Slate/Old/Tiles/RoundedTileFaded.png" to "/mnt/biella-extra/biella-runtime/d03-01-package-negative-04/extracted/Engine/Content/Slate/Old/Tiles/RoundedTileFaded.png" Offset 9374849.
[2026.09.06-15.01.33:283][  0]LogPakFile: Display: Extracted "Engine/Content/Slate/Old/Tiles/smalldot.png" to "/mnt/biella-extra/biella-runtime/d03-01-package-negative-04/extracted/Engine/Content/Slate/Old/Tiles/smalldot.png" Offset 9383267.
[2026.09.06-15.01.33:284][  0]LogPakFile: Display: Extracted "Engine/Content/Slate/Old/Tiles/SolidWhite.png" to "/mnt/biella-extra/biella-runtime/d03-01-package-negative-04/extracted/Engine/Content/Slate/Old/Tiles/SolidWhite.png" Offset 9384377.
[2026.09.06-15.01.33:284][  0]LogPakFile: Display: Extracted "Engine/Content/Slate/Old/Tiles/SquareBox.png" to "/mnt/biella-extra/biella-runtime/d03-01-package-negative-04/extracted/Engine/Content/Slate/Old/Tiles/SquareBox.png" Offset 9385466.
[2026.09.06-15.01.33:284][  0]LogPakFile: Display: Extracted "Engine/Content/Slate/Old/Tiles/SquareBox_Solid_L.png" to "/mnt/biella-extra/biella-runtime/d03-01-package-negative-04/extracted/Engine/Content/Slate/Old/Tiles/SquareBox_Solid_L.png" Offset 9387506.
[2026.09.06-15.01.33:284][  0]LogPakFile: Display: Extracted "Engine/Content/Slate/Old/Tiles/SquigglyBox.png" to "/mnt/biella-extra/biella-runtime/d03-01-package-negative-04/extracted/Engine/Content/Slate/Old/Tiles/SquigglyBox.png" Offset 9389558.
[2026.09.06-15.01.33:284][  0]LogPakFile: Display: Extracted "Engine/Content/Slate/Old/Tiles/Tile_Highlight.png" to "/mnt/biella-extra/biella-runtime/d03-01-package-negative-04/extracted/Engine/Content/Slate/Old/Tiles/Tile_Highlight.png" Offset 9391781.
[2026.09.06-15.01.33:284][  0]LogPakFile: Display: Extracted "Engine/Content/Slate/Old/Tiles/Underline.png" to "/mnt/biella-extra/biella-runtime/d03-01-package-negative-04/extracted/Engine/Content/Slate/Old/Tiles/Underline.png" Offset 9393398.
[2026.09.06-15.01.33:284][  0]LogPakFile: Display: Extracted "Engine/Content/Slate/Old/Tiles/Outer/alertOutline.png" to "/mnt/biella-extra/biella-runtime/d03-01-package-negative-04/extracted/Engine/Content/Slate/Old/Tiles/Outer/alertOutline.png" Offset 9267138.
[2026.09.06-15.01.33:284][  0]LogPakFile: Display: Extracted "Engine/Content/Slate/Old/Tiles/Outer/alertSolid.png" to "/mnt/biella-extra/biella-runtime/d03-01-package-negative-04/extracted/Engine/Content/Slate/Old/Tiles/Outer/alertSolid.png" Offset 9267514.
[2026.09.06-15.01.33:285][  0]LogPakFile: Display: Extracted "Engine/Content/Slate/Old/Tiles/pin/pin.png" to "/mnt/biella-extra/biella-runtime/d03-01-package-negative-04/extracted/Engine/Content/Slate/Old/Tiles/pin/pin.png" Offset 9267821.
[2026.09.06-15.01.33:285][  0]LogPakFile: Display: Extracted "Engine/Content/Slate/Old/Tiles/pin/pin_glow.png" to "/mnt/biella-extra/biella-runtime/d03-01-package-negative-04/extracted/Engine/Content/Slate/Old/Tiles/pin/pin_glow.png" Offset 9271217.
[2026.09.06-15.01.33:285][  0]LogPakFile: Display: Extracted "Engine/Content/Slate/Old/Tiles/pin/pin_head.png" to "/mnt/biella-extra/biella-runtime/d03-01-package-negative-04/extracted/Engine/Content/Slate/Old/Tiles/pin/pin_head.png" Offset 9274000.
[2026.09.06-15.01.33:285][  0]LogPakFile: Display: Extracted "Engine/Content/Slate/Old/Tiles/pin/pin_head_glow.png" to "/mnt/biella-extra/biella-runtime/d03-01-package-negative-04/extracted/Engine/Content/Slate/Old/Tiles/pin/pin_head_glow.png" Offset 9275417.
[2026.09.06-15.01.33:285][  0]LogPakFile: Display: Extracted "Engine/Content/Slate/Old/Tiles/pin/pin_highlight.png" to "/mnt/biella-extra/biella-runtime/d03-01-package-negative-04/extracted/Engine/Content/Slate/Old/Tiles/pin/pin_highlight.png" Offset 9277533.
[2026.09.06-15.01.33:285][  0]LogPakFile: Display: Extracted "Engine/Content/Slate/Old/Tiles/pin/pin_shadow.png" to "/mnt/biella-extra/biella-runtime/d03-01-package-negative-04/extracted/Engine/Content/Slate/Old/Tiles/pin/pin_shadow.png" Offset 9279272.
[2026.09.06-15.01.33:285][  0]LogPakFile: Display: Extracted "Engine/Content/Slate/Old/Tiles/pin/pin_stick.png" to "/mnt/biella-extra/biella-runtime/d03-01-package-negative-04/extracted/Engine/Content/Slate/Old/Tiles/pin/pin_stick.png" Offset 9281293.
[2026.09.06-15.01.33:285][  0]LogPakFile: Display: Extracted "Engine/Content/Slate/Old/Tiles/pin/ping.png" to "/mnt/biella-extra/biella-runtime/d03-01-package-negative-04/extracted/Engine/Content/Slate/Old/Tiles/pin/ping.png" Offset 9283175.
[2026.09.06-15.01.33:285][  0]LogPakFile: Display: Extracted "Engine/Content/Slate/Old/Tiles/selectionbar/selectionbar_0.png" to "/mnt/biella-extra/biella-runtime/d03-01-package-negative-04/extracted/Engine/Content/Slate/Old/Tiles/selectionbar/selectionbar_0.png" Offset 9377590.
[2026.09.06-15.01.33:286][  0]LogPakFile: Display: Extracted "Engine/Content/Slate/Old/Tiles/selectionbar/selectionbar_1.png" to "/mnt/biella-extra/biella-runtime/d03-01-package-negative-04/extracted/Engine/Content/Slate/Old/Tiles/selectionbar/selectionbar_1.png" Offset 9379400.
[2026.09.06-15.01.33:286][  0]LogPakFile: Display: Extracted "Engine/Content/Slate/Old/Tiles/selectionbar/selectionbar_2.png" to "/mnt/biella-extra/biella-runtime/d03-01-package-negative-04/extracted/Engine/Content/Slate/Old/Tiles/selectionbar/selectionbar_2.png" Offset 9381353.
[2026.09.06-15.01.33:286][  0]LogPakFile: Display: Extracted "Engine/Content/Slate/Starship/Common/add-circle.svg" to "/mnt/biella-extra/biella-runtime/d03-01-package-negative-04/extracted/Engine/Content/Slate/Starship/Common/add-circle.svg" Offset 9399368.
[2026.09.06-15.01.33:286][  0]LogPakFile: Display: Extracted "Engine/Content/Slate/Starship/Common/Advanced.svg" to "/mnt/biella-extra/biella-runtime/d03-01-package-negative-04/extracted/Engine/Content/Slate/Starship/Common/Advanced.svg" Offset 9399930.
[2026.09.06-15.01.33:286][  0]LogPakFile: Display: Extracted "Engine/Content/Slate/Starship/Common/alert-circle.svg" to "/mnt/biella-extra/biella-runtime/d03-01-package-negative-04/extracted/Engine/Content/Slate/Starship/Common/alert-circle.svg" Offset 9401300.
[2026.09.06-15.01.33:286][  0]LogPakFile: Display: Extracted "Engine/Content/Slate/Starship/Common/alert-triangle-64.svg" to "/mnt/biella-extra/biella-runtime/d03-01-package-negative-04/extracted/Engine/Content/Slate/Starship/Common/alert-triangle-64.svg" Offset 9401973.
[2026.09.06-15.01.33:286][  0]LogPakFile: Display: Extracted "Engine/Content/Slate/Starship/Common/alert-triangle-badge.svg" to "/mnt/biella-extra/biella-runtime/d03-01-package-negative-04/extracted/Engine/Content/Slate/Starship/Common/alert-triangle-badge.svg" Offset 9403807.
[2026.09.06-15.01.33:286][  0]LogPakFile: Display: Extracted "Engine/Content/Slate/Starship/Common/alert-triangle-large.svg" to "/mnt/biella-extra/biella-runtime/d03-01-package-negative-04/extracted/Engine/Content/Slate/Starship/Common/alert-triangle-large.svg" Offset 9404794.
[2026.09.06-15.01.33:286][  0]LogPakFile: Display: Extracted "Engine/Content/Slate/Starship/Common/alert-triangle-red-outlined.svg" to "/mnt/biella-extra/biella-runtime/d03-01-package-negative-04/extracted/Engine/Content/Slate/Starship/Common/alert-triangle-red-outlined.svg" Offset 9405814.
[2026.09.06-15.01.33:287][  0]LogPakFile: Display: Extracted "Engine/Content/Slate/Starship/Common/alert-triangle.svg" to "/mnt/biella-extra/biella-runtime/d03-01-package-negative-04/extracted/Engine/Content/Slate/Starship/Common/alert-triangle.svg" Offset 9406493.
[2026.09.06-15.01.33:287][  0]LogPakFile: Display: Extracted "Engine/Content/Slate/Starship/Common/AllSavedAssets.svg" to "/mnt/biella-extra/biella-runtime/d03-01-package-negative-04/extracted/Engine/Content/Slate/Starship/Common/AllSavedAssets.svg" Offset 9407184.
[2026.09.06-15.01.33:287][  0]LogPakFile: Display: Extracted "Engine/Content/Slate/Starship/Common/arrow-down.svg" to "/mnt/biella-extra/biella-runtime/d03-01-package-negative-04/extracted/Engine/Content/Slate/Starship/Common/arrow-down.svg" Offset 9408064.
[2026.09.06-15.01.33:287][  0]LogPakFile: Display: Extracted "Engine/Content/Slate/Starship/Common/arrow-left.svg" to "/mnt/biella-extra/biella-runtime/d03-01-package-negative-04/extracted/Engine/Content/Slate/Starship/Common/arrow-left.svg" Offset 9408431.
[2026.09.06-15.01.33:287][  0]LogPakFile: Display: Extracted "Engine/Content/Slate/Starship/Common/arrow-leftright.svg" to "/mnt/biella-extra/biella-runtime/d03-01-package-negative-04/extracted/Engine/Content/Slate/Starship/Common/arrow-leftright.svg" Offset 9408797.
[2026.09.06-15.01.33:287][  0]LogPakFile: Display: Extracted "Engine/Content/Slate/Starship/Common/arrow-right.svg" to "/mnt/biella-extra/biella-runtime/d03-01-package-negative-04/extracted/Engine/Content/Slate/Starship/Common/arrow-right.svg" Offset 9409287.
[2026.09.06-15.01.33:287][  0]LogPakFile: Display: Extracted "Engine/Content/Slate/Starship/Common/arrow-up.svg" to "/mnt/biella-extra/biella-runtime/d03-01-package-negative-04/extracted/Engine/Content/Slate/Starship/Common/arrow-up.svg" Offset 9409654.
[2026.09.06-15.01.33:287][  0]LogPakFile: Display: Extracted "Engine/Content/Slate/Starship/Common/AutomationTools.svg" to "/mnt/biella-extra/biella-runtime/d03-01-package-negative-04/extracted/Engine/Content/Slate/Starship/Common/AutomationTools.svg" Offset 9410020.
[2026.09.06-15.01.33:287][  0]LogPakFile: Display: Extracted "Engine/Content/Slate/Starship/Common/badge-modified.svg" to "/mnt/biella-extra/biella-runtime/d03-01-package-negative-04/extracted/Engine/Content/Slate/Starship/Common/badge-modified.svg" Offset 9411198.
[2026.09.06-15.01.33:288][  0]LogPakFile: Display: Extracted "Engine/Content/Slate/Starship/Common/badge.svg" to "/mnt/biella-extra/biella-runtime/d03-01-package-negative-04/extracted/Engine/Content/Slate/Starship/Common/badge.svg" Offset 9411406.
[2026.09.06-15.01.33:288][  0]LogPakFile: Display: Extracted "Engine/Content/Slate/Starship/Common/blueprint.svg" to "/mnt/biella-extra/biella-runtime/d03-01-package-negative-04/extracted/Engine/Content/Slate/Starship/Common/blueprint.svg" Offset 9411869.
[2026.09.06-15.01.33:288][  0]LogPakFile: Display: Extracted "Engine/Content/Slate/Starship/Common/box-perspective.svg" to "/mnt/biella-extra/biella-runtime/d03-01-package-negative-04/extracted/Engine/Content/Slate/Starship/Common/box-perspective.svg" Offset 9412550.
[2026.09.06-15.01.33:288][  0]LogPakFile: Display: Extracted "Engine/Content/Slate/Starship/Common/bullet-point.svg" to "/mnt/biella-extra/biella-runtime/d03-01-package-negative-04/extracted/Engine/Content/Slate/Starship/Common/bullet-point.svg" Offset 9413327.
[2026.09.06-15.01.33:288][  0]LogPakFile: Display: Extracted "Engine/Content/Slate/Starship/Common/bullet-point16.svg" to "/mnt/biella-extra/biella-runtime/d03-01-package-negative-04/extracted/Engine/Content/Slate/Starship/Common/bullet-point16.svg" Offset 9413522.
[2026.09.06-15.01.33:288][  0]LogPakFile: Display: Extracted "Engine/Content/Slate/Starship/Common/Calendar.svg" to "/mnt/biella-extra/biella-runtime/d03-01-package-negative-04/extracted/Engine/Content/Slate/Starship/Common/Calendar.svg" Offset 9413722.
[2026.09.06-15.01.33:288][  0]LogPakFile: Display: Extracted "Engine/Content/Slate/Starship/Common/caret-down.svg" to "/mnt/biella-extra/biella-runtime/d03-01-package-negative-04/extracted/Engine/Content/Slate/Starship/Common/caret-down.svg" Offset 9414632.
[2026.09.06-15.01.33:288][  0]LogPakFile: Display: Extracted "Engine/Content/Slate/Starship/Common/caret-right.svg" to "/mnt/biella-extra/biella-runtime/d03-01-package-negative-04/extracted/Engine/Content/Slate/Starship/Common/caret-right.svg" Offset 9415446.
[2026.09.06-15.01.33:288][  0]LogPakFile: Display: Extracted "Engine/Content/Slate/Starship/Common/check-circle-large.svg" to "/mnt/biella-extra/biella-runtime/d03-01-package-negative-04/extracted/Engine/Content/Slate/Starship/Common/check-circle-large.svg" Offset 9416259.
[2026.09.06-15.01.33:288][  0]LogPakFile: Display: Extracted "Engine/Content/Slate/Starship/Common/check-circle-solid.svg" to "/mnt/biella-extra/biella-runtime/d03-01-package-negative-04/extracted/Engine/Content/Slate/Starship/Common/check-circle-solid.svg" Offset 9417037.
[2026.09.06-15.01.33:289][  0]LogPakFile: Display: Extracted "Engine/Content/Slate/Starship/Common/check-circle.svg" to "/mnt/biella-extra/biella-runtime/d03-01-package-negative-04/extracted/Engine/Content/Slate/Starship/Common/check-circle.svg" Offset 9417476.
[2026.09.06-15.01.33:289][  0]LogPakFile: Display: Extracted "Engine/Content/Slate/Starship/Common/check.svg" to "/mnt/biella-extra/biella-runtime/d03-01-package-negative-04/extracted/Engine/Content/Slate/Starship/Common/check.svg" Offset 9417955.
[2026.09.06-15.01.33:289][  0]LogPakFile: Display: Extracted "Engine/Content/Slate/Starship/Common/checker.png" to "/mnt/biella-extra/biella-runtime/d03-01-package-negative-04/extracted/Engine/Content/Slate/Starship/Common/checker.png" Offset 9418251.
[2026.09.06-15.01.33:289][  0]LogPakFile: Display: Extracted "Engine/Content/Slate/Starship/Common/chevron-down.svg" to "/mnt/biella-extra/biella-runtime/d03-01-package-negative-04/extracted/Engine/Content/Slate/Starship/Common/chevron-down.svg" Offset 9419251.
[2026.09.06-15.01.33:289][  0]LogPakFile: Display: Extracted "Engine/Content/Slate/Starship/Common/chevron-left.svg" to "/mnt/biella-extra/biella-runtime/d03-01-package-negative-04/extracted/Engine/Content/Slate/Starship/Common/chevron-left.svg" Offset 9419512.
[2026.09.06-15.01.33:289][  0]LogPakFile: Display: Extracted "Engine/Content/Slate/Starship/Common/chevron-right.svg" to "/mnt/biella-extra/biella-runtime/d03-01-package-negative-04/extracted/Engine/Content/Slate/Starship/Common/chevron-right.svg" Offset 9419774.
[2026.09.06-15.01.33:289][  0]LogPakFile: Display: Extracted "Engine/Content/Slate/Starship/Common/chevron-up.svg" to "/mnt/biella-extra/biella-runtime/d03-01-package-negative-04/extracted/Engine/Content/Slate/Starship/Common/chevron-up.svg" Offset 9420035.
[2026.09.06-15.01.33:289][  0]LogPakFile: Display: Extracted "Engine/Content/Slate/Starship/Common/circle-arrow-down.svg" to "/mnt/biella-extra/biella-runtime/d03-01-package-negative-04/extracted/Engine/Content/Slate/Starship/Common/circle-arrow-down.svg" Offset 9420297.
[2026.09.06-15.01.33:289][  0]LogPakFile: Display: Extracted "Engine/Content/Slate/Starship/Common/circle-arrow-left.svg" to "/mnt/biella-extra/biella-runtime/d03-01-package-negative-04/extracted/Engine/Content/Slate/Starship/Common/circle-arrow-left.svg" Offset 9420763.
[2026.09.06-15.01.33:289][  0]LogPakFile: Display: Extracted "Engine/Content/Slate/Starship/Common/circle-arrow-right.svg" to "/mnt/biella-extra/biella-runtime/d03-01-package-negative-04/extracted/Engine/Content/Slate/Starship/Common/circle-arrow-right.svg" Offset 9421227.
[2026.09.06-15.01.33:290][  0]LogPakFile: Display: Extracted "Engine/Content/Slate/Starship/Common/circle-arrow-up.svg" to "/mnt/biella-extra/biella-runtime/d03-01-package-negative-04/extracted/Engine/Content/Slate/Starship/Common/circle-arrow-up.svg" Offset 9421691.
[2026.09.06-15.01.33:290][  0]LogPakFile: Display: Extracted "Engine/Content/Slate/Starship/Common/close-circle.svg" to "/mnt/biella-extra/biella-runtime/d03-01-package-negative-04/extracted/Engine/Content/Slate/Starship/Common/close-circle.svg" Offset 9422157.
[2026.09.06-15.01.33:290][  0]LogPakFile: Display: Extracted "Engine/Content/Slate/Starship/Common/close-small.svg" to "/mnt/biella-extra/biella-runtime/d03-01-package-negative-04/extracted/Engine/Content/Slate/Starship/Common/close-small.svg" Offset 9423022.
[2026.09.06-15.01.33:290][  0]LogPakFile: Display: Extracted "Engine/Content/Slate/Starship/Common/close.svg" to "/mnt/biella-extra/biella-runtime/d03-01-package-negative-04/extracted/Engine/Content/Slate/Starship/Common/close.svg" Offset 9423336.
[2026.09.06-15.01.33:290][  0]LogPakFile: Display: Extracted "Engine/Content/Slate/Starship/Common/color-grading-cross.svg" to "/mnt/biella-extra/biella-runtime/d03-01-package-negative-04/extracted/Engine/Content/Slate/Starship/Common/color-grading-cross.svg" Offset 9423694.
[2026.09.06-15.01.33:290][  0]LogPakFile: Display: Extracted "Engine/Content/Slate/Starship/Common/color-grading-selector.svg" to "/mnt/biella-extra/biella-runtime/d03-01-package-negative-04/extracted/Engine/Content/Slate/Starship/Common/color-grading-selector.svg" Offset 9424022.
[2026.09.06-15.01.33:290][  0]LogPakFile: Display: Extracted "Engine/Content/Slate/Starship/Common/color-grading-spinbox-selector-v.png" to "/mnt/biella-extra/biella-runtime/d03-01-package-negative-04/extracted/Engine/Content/Slate/Starship/Common/color-grading-spinbox-selector-v.png" Offset 9424258.
[2026.09.06-15.01.33:290][  0]LogPakFile: Display: Extracted "Engine/Content/Slate/Starship/Common/color-grading-spinbox-selector.png" to "/mnt/biella-extra/biella-runtime/d03-01-package-negative-04/extracted/Engine/Content/Slate/Starship/Common/color-grading-spinbox-selector.png" Offset 9424438.
[2026.09.06-15.01.33:290][  0]LogPakFile: Display: Extracted "Engine/Content/Slate/Starship/Common/ColorThemes_16.svg" to "/mnt/biella-extra/biella-runtime/d03-01-package-negative-04/extracted/Engine/Content/Slate/Starship/Common/ColorThemes_16.svg" Offset 9424569.
[2026.09.06-15.01.33:291][  0]LogPakFile: Display: Extracted "Engine/Content/Slate/Starship/Common/ColorThemes_20.svg" to "/mnt/biella-extra/biella-runtime/d03-01-package-negative-04/extracted/Engine/Content/Slate/Starship/Common/ColorThemes_20.svg" Offset 9425290.
[2026.09.06-15.01.33:291][  0]LogPakFile: Display: Extracted "Engine/Content/Slate/Starship/Common/ColorThemesOff_20.svg" to "/mnt/biella-extra/biella-runtime/d03-01-package-negative-04/extracted/Engine/Content/Slate/Starship/Common/ColorThemesOff_20.svg" Offset 9426076.
[2026.09.06-15.01.33:291][  0]LogPakFile: Display: Extracted "Engine/Content/Slate/Starship/Common/Console.svg" to "/mnt/biella-extra/biella-runtime/d03-01-package-negative-04/extracted/Engine/Content/Slate/Starship/Common/Console.svg" Offset 9426974.
[2026.09.06-15.01.33:291][  0]LogPakFile: Display: Extracted "Engine/Content/Slate/Starship/Common/Copy.svg" to "/mnt/biella-extra/biella-runtime/d03-01-package-negative-04/extracted/Engine/Content/Slate/Starship/Common/Copy.svg" Offset 9427380.
[2026.09.06-15.01.33:291][  0]LogPakFile: Display: Extracted "Engine/Content/Slate/Starship/Common/CPP.svg" to "/mnt/biella-extra/biella-runtime/d03-01-package-negative-04/extracted/Engine/Content/Slate/Starship/Common/CPP.svg" Offset 9427755.
[2026.09.06-15.01.33:291][  0]LogPakFile: Display: Extracted "Engine/Content/Slate/Starship/Common/curve-editor-append-key-20.svg" to "/mnt/biella-extra/biella-runtime/d03-01-package-negative-04/extracted/Engine/Content/Slate/Starship/Common/curve-editor-append-key-20.svg" Offset 9428890.
[2026.09.06-15.01.33:291][  0]LogPakFile: Display: Extracted "Engine/Content/Slate/Starship/Common/Cut.svg" to "/mnt/biella-extra/biella-runtime/d03-01-package-negative-04/extracted/Engine/Content/Slate/Starship/Common/Cut.svg" Offset 9429665.
[2026.09.06-15.01.33:291][  0]LogPakFile: Display: Extracted "Engine/Content/Slate/Starship/Common/cylinder.svg" to "/mnt/biella-extra/biella-runtime/d03-01-package-negative-04/extracted/Engine/Content/Slate/Starship/Common/cylinder.svg" Offset 9429942.
[2026.09.06-15.01.33:291][  0]LogPakFile: Display: Extracted "Engine/Content/Slate/Starship/Common/Dash_Horizontal.png" to "/mnt/biella-extra/biella-runtime/d03-01-package-negative-04/extracted/Engine/Content/Slate/Starship/Common/Dash_Horizontal.png" Offset 9430531.
[2026.09.06-15.01.33:291][  0]LogPakFile: Display: Extracted "Engine/Content/Slate/Starship/Common/Dash_Vertical.png" to "/mnt/biella-extra/biella-runtime/d03-01-package-negative-04/extracted/Engine/Content/Slate/Starship/Common/Dash_Vertical.png" Offset 9431559.
[2026.09.06-15.01.33:292][  0]LogPakFile: Display: Extracted "Engine/Content/Slate/Starship/Common/delete-outline.svg" to "/mnt/biella-extra/biella-runtime/d03-01-package-negative-04/extracted/Engine/Content/Slate/Starship/Common/delete-outline.svg" Offset 9432591.
[2026.09.06-15.01.33:292][  0]LogPakFile: Display: Extracted "Engine/Content/Slate/Starship/Common/Delete.svg" to "/mnt/biella-extra/biella-runtime/d03-01-package-negative-04/extracted/Engine/Content/Slate/Starship/Common/Delete.svg" Offset 9433122.
[2026.09.06-15.01.33:292][  0]LogPakFile: Display: Extracted "Engine/Content/Slate/Starship/Common/Developer.svg" to "/mnt/biella-extra/biella-runtime/d03-01-package-negative-04/extracted/Engine/Content/Slate/Starship/Common/Developer.svg" Offset 9433820.
[2026.09.06-15.01.33:292][  0]LogPakFile: Display: Extracted "Engine/Content/Slate/Starship/Common/drag-handle.svg" to "/mnt/biella-extra/biella-runtime/d03-01-package-negative-04/extracted/Engine/Content/Slate/Starship/Common/drag-handle.svg" Offset 9434334.
[2026.09.06-15.01.33:292][  0]LogPakFile: Display: Extracted "Engine/Content/Slate/Starship/Common/DropTargetBackground.png" to "/mnt/biella-extra/biella-runtime/d03-01-package-negative-04/extracted/Engine/Content/Slate/Starship/Common/DropTargetBackground.png" Offset 9434843.
[2026.09.06-15.01.33:292][  0]LogPakFile: Display: Extracted "Engine/Content/Slate/Starship/Common/Duplicate.svg" to "/mnt/biella-extra/biella-runtime/d03-01-package-negative-04/extracted/Engine/Content/Slate/Starship/Common/Duplicate.svg" Offset 9438832.
[2026.09.06-15.01.33:292][  0]LogPakFile: Display: Extracted "Engine/Content/Slate/Starship/Common/edit.svg" to "/mnt/biella-extra/biella-runtime/d03-01-package-negative-04/extracted/Engine/Content/Slate/Starship/Common/edit.svg" Offset 9439115.
[2026.09.06-15.01.33:292][  0]LogPakFile: Display: Extracted "Engine/Content/Slate/Starship/Common/EditToolbar.svg" to "/mnt/biella-extra/biella-runtime/d03-01-package-negative-04/extracted/Engine/Content/Slate/Starship/Common/EditToolbar.svg" Offset 9439621.
[2026.09.06-15.01.33:292][  0]LogPakFile: Display: Extracted "Engine/Content/Slate/Starship/Common/ellipsis-horizontal-narrow.svg" to "/mnt/biella-extra/biella-runtime/d03-01-package-negative-04/extracted/Engine/Content/Slate/Starship/Common/ellipsis-horizontal-narrow.svg" Offset 9440467.
[2026.09.06-15.01.33:293][  0]LogPakFile: Display: Extracted "Engine/Content/Slate/Starship/Common/ellipsis-vertical-narrow.svg" to "/mnt/biella-extra/biella-runtime/d03-01-package-negative-04/extracted/Engine/Content/Slate/Starship/Common/ellipsis-vertical-narrow.svg" Offset 9440764.
[2026.09.06-15.01.33:293][  0]LogPakFile: Display: Extracted "Engine/Content/Slate/Starship/Common/export.svg" to "/mnt/biella-extra/biella-runtime/d03-01-package-negative-04/extracted/Engine/Content/Slate/Starship/Common/export.svg" Offset 9441059.
[2026.09.06-15.01.33:293][  0]LogPakFile: Display: Extracted "Engine/Content/Slate/Starship/Common/export_20.svg" to "/mnt/biella-extra/biella-runtime/d03-01-package-negative-04/extracted/Engine/Content/Slate/Starship/Common/export_20.svg" Offset 9441935.
[2026.09.06-15.01.33:293][  0]LogPakFile: Display: Extracted "Engine/Content/Slate/Starship/Common/EyeDropper.svg" to "/mnt/biella-extra/biella-runtime/d03-01-package-negative-04/extracted/Engine/Content/Slate/Starship/Common/EyeDropper.svg" Offset 9442649.
[2026.09.06-15.01.33:293][  0]LogPakFile: Display: Extracted "Engine/Content/Slate/Starship/Common/EyeDropper_20.svg" to "/mnt/biella-extra/biella-runtime/d03-01-package-negative-04/extracted/Engine/Content/Slate/Starship/Common/EyeDropper_20.svg" Offset 9443684.
[2026.09.06-15.01.33:293][  0]LogPakFile: Display: Extracted "Engine/Content/Slate/Starship/Common/Favorite.svg" to "/mnt/biella-extra/biella-runtime/d03-01-package-negative-04/extracted/Engine/Content/Slate/Starship/Common/Favorite.svg" Offset 9444484.
[2026.09.06-15.01.33:293][  0]LogPakFile: Display: Extracted "Engine/Content/Slate/Starship/Common/FavoriteOutline.svg" to "/mnt/biella-extra/biella-runtime/d03-01-package-negative-04/extracted/Engine/Content/Slate/Starship/Common/FavoriteOutline.svg" Offset 9444834.
[2026.09.06-15.01.33:293][  0]LogPakFile: Display: Extracted "Engine/Content/Slate/Starship/Common/favorites-category.svg" to "/mnt/biella-extra/biella-runtime/d03-01-package-negative-04/extracted/Engine/Content/Slate/Starship/Common/favorites-category.svg" Offset 9445360.
[2026.09.06-15.01.33:293][  0]LogPakFile: Display: Extracted "Engine/Content/Slate/Starship/Common/fieldnotify_off.svg" to "/mnt/biella-extra/biella-runtime/d03-01-package-negative-04/extracted/Engine/Content/Slate/Starship/Common/fieldnotify_off.svg" Offset 9445702.
[2026.09.06-15.01.33:293][  0]LogPakFile: Display: Extracted "Engine/Content/Slate/Starship/Common/fieldnotify_on.svg" to "/mnt/biella-extra/biella-runtime/d03-01-package-negative-04/extracted/Engine/Content/Slate/Starship/Common/fieldnotify_on.svg" Offset 9446361.
[2026.09.06-15.01.33:294][  0]LogPakFile: Display: Extracted "Engine/Content/Slate/Starship/Common/file-tree-open.svg" to "/mnt/biella-extra/biella-runtime/d03-01-package-negative-04/extracted/Engine/Content/Slate/Starship/Common/file-tree-open.svg" Offset 9446820.
[2026.09.06-15.01.33:294][  0]LogPakFile: Display: Extracted "Engine/Content/Slate/Starship/Common/file-tree.svg" to "/mnt/biella-extra/biella-runtime/d03-01-package-negative-04/extracted/Engine/Content/Slate/Starship/Common/file-tree.svg" Offset 9447324.
[2026.09.06-15.01.33:294][  0]LogPakFile: Display: Extracted "Engine/Content/Slate/Starship/Common/file.svg" to "/mnt/biella-extra/biella-runtime/d03-01-package-negative-04/extracted/Engine/Content/Slate/Starship/Common/file.svg" Offset 9447790.
[2026.09.06-15.01.33:294][  0]LogPakFile: Display: Extracted "Engine/Content/Slate/Starship/Common/filled-circle.svg" to "/mnt/biella-extra/biella-runtime/d03-01-package-negative-04/extracted/Engine/Content/Slate/Starship/Common/filled-circle.svg" Offset 9448088.
[2026.09.06-15.01.33:294][  0]LogPakFile: Display: Extracted "Engine/Content/Slate/Starship/Common/filter.svg" to "/mnt/biella-extra/biella-runtime/d03-01-package-negative-04/extracted/Engine/Content/Slate/Starship/Common/filter.svg" Offset 9448560.
[2026.09.06-15.01.33:294][  0]LogPakFile: Display: Extracted "Engine/Content/Slate/Starship/Common/FilterAuto.svg" to "/mnt/biella-extra/biella-runtime/d03-01-package-negative-04/extracted/Engine/Content/Slate/Starship/Common/FilterAuto.svg" Offset 9449022.
[2026.09.06-15.01.33:294][  0]LogPakFile: Display: Extracted "Engine/Content/Slate/Starship/Common/FlipHorizontal.svg" to "/mnt/biella-extra/biella-runtime/d03-01-package-negative-04/extracted/Engine/Content/Slate/Starship/Common/FlipHorizontal.svg" Offset 9450052.
[2026.09.06-15.01.33:294][  0]LogPakFile: Display: Extracted "Engine/Content/Slate/Starship/Common/FlipVertical.svg" to "/mnt/biella-extra/biella-runtime/d03-01-package-negative-04/extracted/Engine/Content/Slate/Starship/Common/FlipVertical.svg" Offset 9450504.
[2026.09.06-15.01.33:295][  0]LogPakFile: Display: Extracted "Engine/Content/Slate/Starship/Common/folder-cleanup.svg" to "/mnt/biella-extra/biella-runtime/d03-01-package-negative-04/extracted/Engine/Content/Slate/Starship/Common/folder-cleanup.svg" Offset 9450948.
[2026.09.06-15.01.33:295][  0]LogPakFile: Display: Extracted "Engine/Content/Slate/Starship/Common/folder-closed.svg" to "/mnt/biella-extra/biella-runtime/d03-01-package-negative-04/extracted/Engine/Content/Slate/Starship/Common/folder-closed.svg" Offset 9451588.
[2026.09.06-15.01.33:295][  0]LogPakFile: Display: Extracted "Engine/Content/Slate/Starship/Common/folder-open.svg" to "/mnt/biella-extra/biella-runtime/d03-01-package-negative-04/extracted/Engine/Content/Slate/Starship/Common/folder-open.svg" Offset 9451956.
[2026.09.06-15.01.33:295][  0]LogPakFile: Display: Extracted "Engine/Content/Slate/Starship/Common/folder-plus.svg" to "/mnt/biella-extra/biella-runtime/d03-01-package-negative-04/extracted/Engine/Content/Slate/Starship/Common/folder-plus.svg" Offset 9452372.
[2026.09.06-15.01.33:295][  0]LogPakFile: Display: Extracted "Engine/Content/Slate/Starship/Common/folder-virtual-closed.svg" to "/mnt/biella-extra/biella-runtime/d03-01-package-negative-04/extracted/Engine/Content/Slate/Starship/Common/folder-virtual-closed.svg" Offset 9452790.
[2026.09.06-15.01.33:295][  0]LogPakFile: Display: Extracted "Engine/Content/Slate/Starship/Common/folder-virtual-open.svg" to "/mnt/biella-extra/biella-runtime/d03-01-package-negative-04/extracted/Engine/Content/Slate/Starship/Common/folder-virtual-open.svg" Offset 9453301.
[2026.09.06-15.01.33:295][  0]LogPakFile: Display: Extracted "Engine/Content/Slate/Starship/Common/Group_20.svg" to "/mnt/biella-extra/biella-runtime/d03-01-package-negative-04/extracted/Engine/Content/Slate/Starship/Common/Group_20.svg" Offset 9454063.
[2026.09.06-15.01.33:295][  0]LogPakFile: Display: Extracted "Engine/Content/Slate/Starship/Common/help-solid.svg" to "/mnt/biella-extra/biella-runtime/d03-01-package-negative-04/extracted/Engine/Content/Slate/Starship/Common/help-solid.svg" Offset 9455027.
[2026.09.06-15.01.33:295][  0]LogPakFile: Display: Extracted "Engine/Content/Slate/Starship/Common/help.svg" to "/mnt/biella-extra/biella-runtime/d03-01-package-negative-04/extracted/Engine/Content/Slate/Starship/Common/help.svg" Offset 9455721.
[2026.09.06-15.01.33:295][  0]LogPakFile: Display: Extracted "Engine/Content/Slate/Starship/Common/hidden.svg" to "/mnt/biella-extra/biella-runtime/d03-01-package-negative-04/extracted/Engine/Content/Slate/Starship/Common/hidden.svg" Offset 9456494.
[2026.09.06-15.01.33:296][  0]LogPakFile: Display: Extracted "Engine/Content/Slate/Starship/Common/HiddenInGame.svg" to "/mnt/biella-extra/biella-runtime/d03-01-package-negative-04/extracted/Engine/Content/Slate/Starship/Common/HiddenInGame.svg" Offset 9457276.
[2026.09.06-15.01.33:296][  0]LogPakFile: Display: Extracted "Engine/Content/Slate/Starship/Common/import.svg" to "/mnt/biella-extra/biella-runtime/d03-01-package-negative-04/extracted/Engine/Content/Slate/Starship/Common/import.svg" Offset 9458179.
[2026.09.06-15.01.33:296][  0]LogPakFile: Display: Extracted "Engine/Content/Slate/Starship/Common/import_20.svg" to "/mnt/biella-extra/biella-runtime/d03-01-package-negative-04/extracted/Engine/Content/Slate/Starship/Common/import_20.svg" Offset 9458945.
[2026.09.06-15.01.33:296][  0]LogPakFile: Display: Extracted "Engine/Content/Slate/Starship/Common/info-circle-solid.svg" to "/mnt/biella-extra/biella-runtime/d03-01-package-negative-04/extracted/Engine/Content/Slate/Starship/Common/info-circle-solid.svg" Offset 9459624.
[2026.09.06-15.01.33:296][  0]LogPakFile: Display: Extracted "Engine/Content/Slate/Starship/Common/Info.svg" to "/mnt/biella-extra/biella-runtime/d03-01-package-negative-04/extracted/Engine/Content/Slate/Starship/Common/Info.svg" Offset 9460146.
[2026.09.06-15.01.33:296][  0]LogPakFile: Display: Extracted "Engine/Content/Slate/Starship/Common/layout-header-body.svg" to "/mnt/biella-extra/biella-runtime/d03-01-package-negative-04/extracted/Engine/Content/Slate/Starship/Common/layout-header-body.svg" Offset 9460725.
[2026.09.06-15.01.33:296][  0]LogPakFile: Display: Extracted "Engine/Content/Slate/Starship/Common/layout-spreadsheet.svg" to "/mnt/biella-extra/biella-runtime/d03-01-package-negative-04/extracted/Engine/Content/Slate/Starship/Common/layout-spreadsheet.svg" Offset 9461034.
[2026.09.06-15.01.33:296][  0]LogPakFile: Display: Extracted "Engine/Content/Slate/Starship/Common/Layout.svg" to "/mnt/biella-extra/biella-runtime/d03-01-package-negative-04/extracted/Engine/Content/Slate/Starship/Common/Layout.svg" Offset 9461385.
[2026.09.06-15.01.33:296][  0]LogPakFile: Display: Extracted "Engine/Content/Slate/Starship/Common/Linked.svg" to "/mnt/biella-extra/biella-runtime/d03-01-package-negative-04/extracted/Engine/Content/Slate/Starship/Common/Linked.svg" Offset 9461698.
[2026.09.06-15.01.33:297][  0]LogPakFile: Display: Extracted "Engine/Content/Slate/Starship/Common/lock-unlocked.svg" to "/mnt/biella-extra/biella-runtime/d03-01-package-negative-04/extracted/Engine/Content/Slate/Starship/Common/lock-unlocked.svg" Offset 9462300.
[2026.09.06-15.01.33:297][  0]LogPakFile: Display: Extracted "Engine/Content/Slate/Starship/Common/lock.svg" to "/mnt/biella-extra/biella-runtime/d03-01-package-negative-04/extracted/Engine/Content/Slate/Starship/Common/lock.svg" Offset 9463187.
[2026.09.06-15.01.33:297][  0]LogPakFile: Display: Extracted "Engine/Content/Slate/Starship/Common/LookAt.svg" to "/mnt/biella-extra/biella-runtime/d03-01-package-negative-04/extracted/Engine/Content/Slate/Starship/Common/LookAt.svg" Offset 9464075.
[2026.09.06-15.01.33:297][  0]LogPakFile: Display: Extracted "Engine/Content/Slate/Starship/Common/menu.svg" to "/mnt/biella-extra/biella-runtime/d03-01-package-negative-04/extracted/Engine/Content/Slate/Starship/Common/menu.svg" Offset 9464969.
[2026.09.06-15.01.33:297][  0]LogPakFile: Display: Extracted "Engine/Content/Slate/Starship/Common/Merge.svg" to "/mnt/biella-extra/biella-runtime/d03-01-package-negative-04/extracted/Engine/Content/Slate/Starship/Common/Merge.svg" Offset 9465420.
[2026.09.06-15.01.33:297][  0]LogPakFile: Display: Extracted "Engine/Content/Slate/Starship/Common/minus-circle.svg" to "/mnt/biella-extra/biella-runtime/d03-01-package-negative-04/extracted/Engine/Content/Slate/Starship/Common/minus-circle.svg" Offset 9465747.
[2026.09.06-15.01.33:297][  0]LogPakFile: Display: Extracted "Engine/Content/Slate/Starship/Common/minus.svg" to "/mnt/biella-extra/biella-runtime/d03-01-package-negative-04/extracted/Engine/Content/Slate/Starship/Common/minus.svg" Offset 9466211.
[2026.09.06-15.01.33:297][  0]LogPakFile: Display: Extracted "Engine/Content/Slate/Starship/Common/Monitor.svg" to "/mnt/biella-extra/biella-runtime/d03-01-package-negative-04/extracted/Engine/Content/Slate/Starship/Common/Monitor.svg" Offset 9466465.
[2026.09.06-15.01.33:297][  0]LogPakFile: Display: Extracted "Engine/Content/Slate/Starship/Common/normalize.svg" to "/mnt/biella-extra/biella-runtime/d03-01-package-negative-04/extracted/Engine/Content/Slate/Starship/Common/normalize.svg" Offset 9466920.
[2026.09.06-15.01.33:298][  0]LogPakFile: Display: Extracted "Engine/Content/Slate/Starship/Common/OutputLog.svg" to "/mnt/biella-extra/biella-runtime/d03-01-package-negative-04/extracted/Engine/Content/Slate/Starship/Common/OutputLog.svg" Offset 9467548.
[2026.09.06-15.01.33:298][  0]LogPakFile: Display: Extracted "Engine/Content/Slate/Starship/Common/ParentHierarchy.svg" to "/mnt/biella-extra/biella-runtime/d03-01-package-negative-04/extracted/Engine/Content/Slate/Starship/Common/ParentHierarchy.svg" Offset 9467978.
[2026.09.06-15.01.33:298][  0]LogPakFile: Display: Extracted "Engine/Content/Slate/Starship/Common/Paste.svg" to "/mnt/biella-extra/biella-runtime/d03-01-package-negative-04/extracted/Engine/Content/Slate/Starship/Common/Paste.svg" Offset 9468336.
[2026.09.06-15.01.33:298][  0]LogPakFile: Display: Extracted "Engine/Content/Slate/Starship/Common/play.svg" to "/mnt/biella-extra/biella-runtime/d03-01-package-negative-04/extracted/Engine/Content/Slate/Starship/Common/play.svg" Offset 9468593.
[2026.09.06-15.01.33:298][  0]LogPakFile: Display: Extracted "Engine/Content/Slate/Starship/Common/PlayerController.svg" to "/mnt/biella-extra/biella-runtime/d03-01-package-negative-04/extracted/Engine/Content/Slate/Starship/Common/PlayerController.svg" Offset 9468885.
[2026.09.06-15.01.33:298][  0]LogPakFile: Display: Extracted "Engine/Content/Slate/Starship/Common/plus-circle.svg" to "/mnt/biella-extra/biella-runtime/d03-01-package-negative-04/extracted/Engine/Content/Slate/Starship/Common/plus-circle.svg" Offset 9469450.
[2026.09.06-15.01.33:298][  0]LogPakFile: Display: Extracted "Engine/Content/Slate/Starship/Common/plus.svg" to "/mnt/biella-extra/biella-runtime/d03-01-package-negative-04/extracted/Engine/Content/Slate/Starship/Common/plus.svg" Offset 9469933.
[2026.09.06-15.01.33:298][  0]LogPakFile: Display: Extracted "Engine/Content/Slate/Starship/Common/Preferences.svg" to "/mnt/biella-extra/biella-runtime/d03-01-package-negative-04/extracted/Engine/Content/Slate/Starship/Common/Preferences.svg" Offset 9470285.
[2026.09.06-15.01.33:298][  0]LogPakFile: Display: Extracted "Engine/Content/Slate/Starship/Common/preview-default.svg" to "/mnt/biella-extra/biella-runtime/d03-01-package-negative-04/extracted/Engine/Content/Slate/Starship/Common/preview-default.svg" Offset 9470964.
[2026.09.06-15.01.33:298][  0]LogPakFile: Display: Extracted "Engine/Content/Slate/Starship/Common/ProjectLauncher.svg" to "/mnt/biella-extra/biella-runtime/d03-01-package-negative-04/extracted/Engine/Content/Slate/Starship/Common/ProjectLauncher.svg" Offset 9471628.
[2026.09.06-15.01.33:299][  0]LogPakFile: Display: Extracted "Engine/Content/Slate/Starship/Common/pyriamid.svg" to "/mnt/biella-extra/biella-runtime/d03-01-package-negative-04/extracted/Engine/Content/Slate/Starship/Common/pyriamid.svg" Offset 9472662.
[2026.09.06-15.01.33:299][  0]LogPakFile: Display: Extracted "Engine/Content/Slate/Starship/Common/Recent.svg" to "/mnt/biella-extra/biella-runtime/d03-01-package-negative-04/extracted/Engine/Content/Slate/Starship/Common/Recent.svg" Offset 9473286.
[2026.09.06-15.01.33:299][  0]LogPakFile: Display: Extracted "Engine/Content/Slate/Starship/Common/Redo.svg" to "/mnt/biella-extra/biella-runtime/d03-01-package-negative-04/extracted/Engine/Content/Slate/Starship/Common/Redo.svg" Offset 9473852.
[2026.09.06-15.01.33:299][  0]LogPakFile: Display: Extracted "Engine/Content/Slate/Starship/Common/refresh.svg" to "/mnt/biella-extra/biella-runtime/d03-01-package-negative-04/extracted/Engine/Content/Slate/Starship/Common/refresh.svg" Offset 9474307.
[2026.09.06-15.01.33:299][  0]LogPakFile: Display: Extracted "Engine/Content/Slate/Starship/Common/reimport.svg" to "/mnt/biella-extra/biella-runtime/d03-01-package-negative-04/extracted/Engine/Content/Slate/Starship/Common/reimport.svg" Offset 9474728.
[2026.09.06-15.01.33:299][  0]LogPakFile: Display: Extracted "Engine/Content/Slate/Starship/Common/reject.svg" to "/mnt/biella-extra/biella-runtime/d03-01-package-negative-04/extracted/Engine/Content/Slate/Starship/Common/reject.svg" Offset 9475764.
[2026.09.06-15.01.33:299][  0]LogPakFile: Display: Extracted "Engine/Content/Slate/Starship/Common/Rename.svg" to "/mnt/biella-extra/biella-runtime/d03-01-package-negative-04/extracted/Engine/Content/Slate/Starship/Common/Rename.svg" Offset 9476216.
[2026.09.06-15.01.33:299][  0]LogPakFile: Display: Extracted "Engine/Content/Slate/Starship/Common/ResetToDefault.svg" to "/mnt/biella-extra/biella-runtime/d03-01-package-negative-04/extracted/Engine/Content/Slate/Starship/Common/ResetToDefault.svg" Offset 9476566.
[2026.09.06-15.01.33:299][  0]LogPakFile: Display: Extracted "Engine/Content/Slate/Starship/Common/Role.svg" to "/mnt/biella-extra/biella-runtime/d03-01-package-negative-04/extracted/Engine/Content/Slate/Starship/Common/Role.svg" Offset 9477165.
[2026.09.06-15.01.33:300][  0]LogPakFile: Display: Extracted "Engine/Content/Slate/Starship/Common/Rotate180.svg" to "/mnt/biella-extra/biella-runtime/d03-01-package-negative-04/extracted/Engine/Content/Slate/Starship/Common/Rotate180.svg" Offset 9477913.
[2026.09.06-15.01.33:300][  0]LogPakFile: Display: Extracted "Engine/Content/Slate/Starship/Common/Rotate90Clockwise.svg" to "/mnt/biella-extra/biella-runtime/d03-01-package-negative-04/extracted/Engine/Content/Slate/Starship/Common/Rotate90Clockwise.svg" Offset 9478844.
[2026.09.06-15.01.33:300][  0]LogPakFile: Display: Extracted "Engine/Content/Slate/Starship/Common/Rotate90Counterclockwise.svg" to "/mnt/biella-extra/biella-runtime/d03-01-package-negative-04/extracted/Engine/Content/Slate/Starship/Common/Rotate90Counterclockwise.svg" Offset 9479575.
[2026.09.06-15.01.33:300][  0]LogPakFile: Display: Extracted "Engine/Content/Slate/Starship/Common/save-modified.svg" to "/mnt/biella-extra/biella-runtime/d03-01-package-negative-04/extracted/Engine/Content/Slate/Starship/Common/save-modified.svg" Offset 9480312.
[2026.09.06-15.01.33:300][  0]LogPakFile: Display: Extracted "Engine/Content/Slate/Starship/Common/save.svg" to "/mnt/biella-extra/biella-runtime/d03-01-package-negative-04/extracted/Engine/Content/Slate/Starship/Common/save.svg" Offset 9481048.
[2026.09.06-15.01.33:300][  0]LogPakFile: Display: Extracted "Engine/Content/Slate/Starship/Common/search.svg" to "/mnt/biella-extra/biella-runtime/d03-01-package-negative-04/extracted/Engine/Content/Slate/Starship/Common/search.svg" Offset 9481366.
[2026.09.06-15.01.33:300][  0]LogPakFile: Display: Extracted "Engine/Content/Slate/Starship/Common/Search_20.svg" to "/mnt/biella-extra/biella-runtime/d03-01-package-negative-04/extracted/Engine/Content/Slate/Starship/Common/Search_20.svg" Offset 9481887.
[2026.09.06-15.01.33:300][  0]LogPakFile: Display: Extracted "Engine/Content/Slate/Starship/Common/SelectAll_16.svg" to "/mnt/biella-extra/biella-runtime/d03-01-package-negative-04/extracted/Engine/Content/Slate/Starship/Common/SelectAll_16.svg" Offset 9482655.
[2026.09.06-15.01.33:300][  0]LogPakFile: Display: Extracted "Engine/Content/Slate/Starship/Common/server.svg" to "/mnt/biella-extra/biella-runtime/d03-01-package-negative-04/extracted/Engine/Content/Slate/Starship/Common/server.svg" Offset 9483532.
[2026.09.06-15.01.33:301][  0]LogPakFile: Display: Extracted "Engine/Content/Slate/Starship/Common/SessionFrontend.svg" to "/mnt/biella-extra/biella-runtime/d03-01-package-negative-04/extracted/Engine/Content/Slate/Starship/Common/SessionFrontend.svg" Offset 9484199.
[2026.09.06-15.01.33:301][  0]LogPakFile: Display: Extracted "Engine/Content/Slate/Starship/Common/settings.svg" to "/mnt/biella-extra/biella-runtime/d03-01-package-negative-04/extracted/Engine/Content/Slate/Starship/Common/settings.svg" Offset 9484872.
[2026.09.06-15.01.33:301][  0]LogPakFile: Display: Extracted "Engine/Content/Slate/Starship/Common/SortDown.svg" to "/mnt/biella-extra/biella-runtime/d03-01-package-negative-04/extracted/Engine/Content/Slate/Starship/Common/SortDown.svg" Offset 9485712.
[2026.09.06-15.01.33:301][  0]LogPakFile: Display: Extracted "Engine/Content/Slate/Starship/Common/SortUp.svg" to "/mnt/biella-extra/biella-runtime/d03-01-package-negative-04/extracted/Engine/Content/Slate/Starship/Common/SortUp.svg" Offset 9486360.
[2026.09.06-15.01.33:301][  0]LogPakFile: Display: Extracted "Engine/Content/Slate/Starship/Common/sphere.svg" to "/mnt/biella-extra/biella-runtime/d03-01-package-negative-04/extracted/Engine/Content/Slate/Starship/Common/sphere.svg" Offset 9487005.
[2026.09.06-15.01.33:301][  0]LogPakFile: Display: Extracted "Engine/Content/Slate/Starship/Common/stop.svg" to "/mnt/biella-extra/biella-runtime/d03-01-package-negative-04/extracted/Engine/Content/Slate/Starship/Common/stop.svg" Offset 9487703.
[2026.09.06-15.01.33:301][  0]LogPakFile: Display: Extracted "Engine/Content/Slate/Starship/Common/TagCollection_16.svg" to "/mnt/biella-extra/biella-runtime/d03-01-package-negative-04/extracted/Engine/Content/Slate/Starship/Common/TagCollection_16.svg" Offset 9487901.
[2026.09.06-15.01.33:301][  0]LogPakFile: Display: Extracted "Engine/Content/Slate/Starship/Common/TagSimple_16.svg" to "/mnt/biella-extra/biella-runtime/d03-01-package-negative-04/extracted/Engine/Content/Slate/Starship/Common/TagSimple_16.svg" Offset 9488719.
[2026.09.06-15.01.33:301][  0]LogPakFile: Display: Extracted "Engine/Content/Slate/Starship/Common/Test.svg" to "/mnt/biella-extra/biella-runtime/d03-01-package-negative-04/extracted/Engine/Content/Slate/Starship/Common/Test.svg" Offset 9489456.
[2026.09.06-15.01.33:302][  0]LogPakFile: Display: Extracted "Engine/Content/Slate/Starship/Common/tile.svg" to "/mnt/biella-extra/biella-runtime/d03-01-package-negative-04/extracted/Engine/Content/Slate/Starship/Common/tile.svg" Offset 9490320.
[2026.09.06-15.01.33:302][  0]LogPakFile: Display: Extracted "Engine/Content/Slate/Starship/Common/TokenTextBox_16.svg" to "/mnt/biella-extra/biella-runtime/d03-01-package-negative-04/extracted/Engine/Content/Slate/Starship/Common/TokenTextBox_16.svg" Offset 9490653.
[2026.09.06-15.01.33:302][  0]LogPakFile: Display: Extracted "Engine/Content/Slate/Starship/Common/TranslationPicker.svg" to "/mnt/biella-extra/biella-runtime/d03-01-package-negative-04/extracted/Engine/Content/Slate/Starship/Common/TranslationPicker.svg" Offset 9492092.
[2026.09.06-15.01.33:302][  0]LogPakFile: Display: Extracted "Engine/Content/Slate/Starship/Common/UELogo.png" to "/mnt/biella-extra/biella-runtime/d03-01-package-negative-04/extracted/Engine/Content/Slate/Starship/Common/UELogo.png" Offset 9492834.
[2026.09.06-15.01.33:302][  0]LogPakFile: Display: Extracted "Engine/Content/Slate/Starship/Common/UELogo.svg" to "/mnt/biella-extra/biella-runtime/d03-01-package-negative-04/extracted/Engine/Content/Slate/Starship/Common/UELogo.svg" Offset 9497626.
[2026.09.06-15.01.33:302][  0]LogPakFile: Display: Extracted "Engine/Content/Slate/Starship/Common/Undo.svg" to "/mnt/biella-extra/biella-runtime/d03-01-package-negative-04/extracted/Engine/Content/Slate/Starship/Common/Undo.svg" Offset 9501751.
[2026.09.06-15.01.33:302][  0]LogPakFile: Display: Extracted "Engine/Content/Slate/Starship/Common/UndoHistory.svg" to "/mnt/biella-extra/biella-runtime/d03-01-package-negative-04/extracted/Engine/Content/Slate/Starship/Common/UndoHistory.svg" Offset 9502249.
[2026.09.06-15.01.33:302][  0]LogPakFile: Display: Extracted "Engine/Content/Slate/Starship/Common/Unlinked.svg" to "/mnt/biella-extra/biella-runtime/d03-01-package-negative-04/extracted/Engine/Content/Slate/Starship/Common/Unlinked.svg" Offset 9502921.
[2026.09.06-15.01.33:302][  0]LogPakFile: Display: Extracted "Engine/Content/Slate/Starship/Common/unreal-circle-thick.svg" to "/mnt/biella-extra/biella-runtime/d03-01-package-negative-04/extracted/Engine/Content/Slate/Starship/Common/unreal-circle-thick.svg" Offset 9503986.
[2026.09.06-15.01.33:303][  0]LogPakFile: Display: Extracted "Engine/Content/Slate/Starship/Common/unreal-circle-thin.svg" to "/mnt/biella-extra/biella-runtime/d03-01-package-negative-04/extracted/Engine/Content/Slate/Starship/Common/unreal-circle-thin.svg" Offset 9504810.
[2026.09.06-15.01.33:303][  0]LogPakFile: Display: Extracted "Engine/Content/Slate/Starship/Common/unreal-small.svg" to "/mnt/biella-extra/biella-runtime/d03-01-package-negative-04/extracted/Engine/Content/Slate/Starship/Common/unreal-small.svg" Offset 9505628.
[2026.09.06-15.01.33:303][  0]LogPakFile: Display: Extracted "Engine/Content/Slate/Starship/Common/UnsavedAssets.svg" to "/mnt/biella-extra/biella-runtime/d03-01-package-negative-04/extracted/Engine/Content/Slate/Starship/Common/UnsavedAssets.svg" Offset 9509521.
[2026.09.06-15.01.33:303][  0]LogPakFile: Display: Extracted "Engine/Content/Slate/Starship/Common/UnsavedAssetsWarning.svg" to "/mnt/biella-extra/biella-runtime/d03-01-package-negative-04/extracted/Engine/Content/Slate/Starship/Common/UnsavedAssetsWarning.svg" Offset 9510117.
[2026.09.06-15.01.33:303][  0]LogPakFile: Display: Extracted "Engine/Content/Slate/Starship/Common/Update.svg" to "/mnt/biella-extra/biella-runtime/d03-01-package-negative-04/extracted/Engine/Content/Slate/Starship/Common/Update.svg" Offset 9511471.
[2026.09.06-15.01.33:303][  0]LogPakFile: Display: Extracted "Engine/Content/Slate/Starship/Common/visible.svg" to "/mnt/biella-extra/biella-runtime/d03-01-package-negative-04/extracted/Engine/Content/Slate/Starship/Common/visible.svg" Offset 9512234.
[2026.09.06-15.01.33:303][  0]LogPakFile: Display: Extracted "Engine/Content/Slate/Starship/Common/VisibleInGame.svg" to "/mnt/biella-extra/biella-runtime/d03-01-package-negative-04/extracted/Engine/Content/Slate/Starship/Common/VisibleInGame.svg" Offset 9512721.
[2026.09.06-15.01.33:303][  0]LogPakFile: Display: Extracted "Engine/Content/Slate/Starship/Common/Visualizer.svg" to "/mnt/biella-extra/biella-runtime/d03-01-package-negative-04/extracted/Engine/Content/Slate/Starship/Common/Visualizer.svg" Offset 9513327.
[2026.09.06-15.01.33:304][  0]LogPakFile: Display: Extracted "Engine/Content/Slate/Starship/Common/world.svg" to "/mnt/biella-extra/biella-runtime/d03-01-package-negative-04/extracted/Engine/Content/Slate/Starship/Common/world.svg" Offset 9514203.
[2026.09.06-15.01.33:304][  0]LogPakFile: Display: Extracted "Engine/Content/Slate/Starship/Common/x-circle.svg" to "/mnt/biella-extra/biella-runtime/d03-01-package-negative-04/extracted/Engine/Content/Slate/Starship/Common/x-circle.svg" Offset 9514936.
[2026.09.06-15.01.33:304][  0]LogPakFile: Display: Extracted "Engine/Content/Slate/Starship/CoreWidgets/CheckBox/check.svg" to "/mnt/biella-extra/biella-runtime/d03-01-package-negative-04/extracted/Engine/Content/Slate/Starship/CoreWidgets/CheckBox/check.svg" Offset 9515709.
[2026.09.06-15.01.33:304][  0]LogPakFile: Display: Extracted "Engine/Content/Slate/Starship/CoreWidgets/CheckBox/CheckBoxIndeterminate_12.svg" to "/mnt/biella-extra/biella-runtime/d03-01-package-negative-04/extracted/Engine/Content/Slate/Starship/CoreWidgets/CheckBox/CheckBoxIndeterminate_12.svg" Offset 9516005.
[2026.09.06-15.01.33:304][  0]LogPakFile: Display: Extracted "Engine/Content/Slate/Starship/CoreWidgets/CheckBox/CheckBoxIndeterminate_14.svg" to "/mnt/biella-extra/biella-runtime/d03-01-package-negative-04/extracted/Engine/Content/Slate/Starship/CoreWidgets/CheckBox/CheckBoxIndeterminate_14.svg" Offset 9516239.
[2026.09.06-15.01.33:304][  0]LogPakFile: Display: Extracted "Engine/Content/Slate/Starship/CoreWidgets/CheckBox/indeterminate.svg" to "/mnt/biella-extra/biella-runtime/d03-01-package-negative-04/extracted/Engine/Content/Slate/Starship/CoreWidgets/CheckBox/indeterminate.svg" Offset 9516481.
[2026.09.06-15.01.33:304][  0]LogPakFile: Display: Extracted "Engine/Content/Slate/Starship/CoreWidgets/CheckBox/radio-off.svg" to "/mnt/biella-extra/biella-runtime/d03-01-package-negative-04/extracted/Engine/Content/Slate/Starship/CoreWidgets/CheckBox/radio-off.svg" Offset 9516716.
[2026.09.06-15.01.33:304][  0]LogPakFile: Display: Extracted "Engine/Content/Slate/Starship/CoreWidgets/CheckBox/radio-on.svg" to "/mnt/biella-extra/biella-runtime/d03-01-package-negative-04/extracted/Engine/Content/Slate/Starship/CoreWidgets/CheckBox/radio-on.svg" Offset 9517069.
[2026.09.06-15.01.33:305][  0]LogPakFile: Display: Extracted "Engine/Content/Slate/Starship/CoreWidgets/ComboBox/corner-dropdown.svg" to "/mnt/biella-extra/biella-runtime/d03-01-package-negative-04/extracted/Engine/Content/Slate/Starship/CoreWidgets/ComboBox/corner-dropdown.svg" Offset 9517636.
[2026.09.06-15.01.33:305][  0]LogPakFile: Display: Extracted "Engine/Content/Slate/Starship/CoreWidgets/ComboBox/wide-chevron-down.svg" to "/mnt/biella-extra/biella-runtime/d03-01-package-negative-04/extracted/Engine/Content/Slate/Starship/CoreWidgets/ComboBox/wide-chevron-down.svg" Offset 9517890.
[2026.09.06-15.01.33:305][  0]LogPakFile: Display: Extracted "Engine/Content/Slate/Starship/CoreWidgets/FilterBar/FilterColorSegment.svg" to "/mnt/biella-extra/biella-runtime/d03-01-package-negative-04/extracted/Engine/Content/Slate/Starship/CoreWidgets/FilterBar/FilterColorSegment.svg" Offset 9518154.
[2026.09.06-15.01.33:305][  0]LogPakFile: Display: Extracted "Engine/Content/Slate/Starship/CoreWidgets/NumericEntryBox/NarrowDecorator.svg" to "/mnt/biella-extra/biella-runtime/d03-01-package-negative-04/extracted/Engine/Content/Slate/Starship/CoreWidgets/NumericEntryBox/NarrowDecorator.svg" Offset 9518398.
[2026.09.06-15.01.33:305][  0]LogPakFile: Display: Extracted "Engine/Content/Slate/Starship/CoreWidgets/ProgressBar/ProgressMarquee.png" to "/mnt/biella-extra/biella-runtime/d03-01-package-negative-04/extracted/Engine/Content/Slate/Starship/CoreWidgets/ProgressBar/ProgressMarquee.png" Offset 9518686.
[2026.09.06-15.01.33:305][  0]LogPakFile: Display: Extracted "Engine/Content/Slate/Starship/CoreWidgets/SegmentedBox/left.png" to "/mnt/biella-extra/biella-runtime/d03-01-package-negative-04/extracted/Engine/Content/Slate/Starship/CoreWidgets/SegmentedBox/left.png" Offset 9519016.
[2026.09.06-15.01.33:305][  0]LogPakFile: Display: Extracted "Engine/Content/Slate/Starship/CoreWidgets/SegmentedBox/left.svg" to "/mnt/biella-extra/biella-runtime/d03-01-package-negative-04/extracted/Engine/Content/Slate/Starship/CoreWidgets/SegmentedBox/left.svg" Offset 9519262.
[2026.09.06-15.01.33:305][  0]LogPakFile: Display: Extracted "Engine/Content/Slate/Starship/CoreWidgets/SegmentedBox/right.png" to "/mnt/biella-extra/biella-runtime/d03-01-package-negative-04/extracted/Engine/Content/Slate/Starship/CoreWidgets/SegmentedBox/right.png" Offset 9519509.
[2026.09.06-15.01.33:306][  0]LogPakFile: Display: Extracted "Engine/Content/Slate/Starship/CoreWidgets/SegmentedBox/right.svg" to "/mnt/biella-extra/biella-runtime/d03-01-package-negative-04/extracted/Engine/Content/Slate/Starship/CoreWidgets/SegmentedBox/right.svg" Offset 9519739.
[2026.09.06-15.01.33:306][  0]LogPakFile: Display: Extracted "Engine/Content/Slate/Starship/CoreWidgets/TableView/PinnedItemShadow.png" to "/mnt/biella-extra/biella-runtime/d03-01-package-negative-04/extracted/Engine/Content/Slate/Starship/CoreWidgets/TableView/PinnedItemShadow.png" Offset 9519990.
[2026.09.06-15.01.33:306][  0]LogPakFile: Display: Extracted "Engine/Content/Slate/Starship/CoreWidgets/TableView/sort-down-arrow.svg" to "/mnt/biella-extra/biella-runtime/d03-01-package-negative-04/extracted/Engine/Content/Slate/Starship/CoreWidgets/TableView/sort-down-arrow.svg" Offset 9520390.
[2026.09.06-15.01.33:306][  0]LogPakFile: Display: Extracted "Engine/Content/Slate/Starship/CoreWidgets/TableView/sort-down-arrows.svg" to "/mnt/biella-extra/biella-runtime/d03-01-package-negative-04/extracted/Engine/Content/Slate/Starship/CoreWidgets/TableView/sort-down-arrows.svg" Offset 9520755.
[2026.09.06-15.01.33:306][  0]LogPakFile: Display: Extracted "Engine/Content/Slate/Starship/CoreWidgets/TableView/sort-up-arrow.svg" to "/mnt/biella-extra/biella-runtime/d03-01-package-negative-04/extracted/Engine/Content/Slate/Starship/CoreWidgets/TableView/sort-up-arrow.svg" Offset 9521351.
[2026.09.06-15.01.33:306][  0]LogPakFile: Display: Extracted "Engine/Content/Slate/Starship/CoreWidgets/TableView/sort-up-arrows.svg" to "/mnt/biella-extra/biella-runtime/d03-01-package-negative-04/extracted/Engine/Content/Slate/Starship/CoreWidgets/TableView/sort-up-arrows.svg" Offset 9521718.
[2026.09.06-15.01.33:306][  0]LogPakFile: Display: Extracted "Engine/Content/Slate/Starship/CoreWidgets/Window/close.svg" to "/mnt/biella-extra/biella-runtime/d03-01-package-negative-04/extracted/Engine/Content/Slate/Starship/CoreWidgets/Window/close.svg" Offset 9522325.
[2026.09.06-15.01.33:306][  0]LogPakFile: Display: Extracted "Engine/Content/Slate/Starship/CoreWidgets/Window/enter_fullscreen.svg" to "/mnt/biella-extra/biella-runtime/d03-01-package-negative-04/extracted/Engine/Content/Slate/Starship/CoreWidgets/Window/enter_fullscreen.svg" Offset 9522589.
[2026.09.06-15.01.33:306][  0]LogPakFile: Display: Extracted "Engine/Content/Slate/Starship/CoreWidgets/Window/exit_fullscreen.svg" to "/mnt/biella-extra/biella-runtime/d03-01-package-negative-04/extracted/Engine/Content/Slate/Starship/CoreWidgets/Window/exit_fullscreen.svg" Offset 9522995.
[2026.09.06-15.01.33:307][  0]LogPakFile: Display: Extracted "Engine/Content/Slate/Starship/CoreWidgets/Window/maximize.svg" to "/mnt/biella-extra/biella-runtime/d03-01-package-negative-04/extracted/Engine/Content/Slate/Starship/CoreWidgets/Window/maximize.svg" Offset 9523405.
[2026.09.06-15.01.33:307][  0]LogPakFile: Display: Extracted "Engine/Content/Slate/Starship/CoreWidgets/Window/minimize.svg" to "/mnt/biella-extra/biella-runtime/d03-01-package-negative-04/extracted/Engine/Content/Slate/Starship/CoreWidgets/Window/minimize.svg" Offset 9523622.
[2026.09.06-15.01.33:307][  0]LogPakFile: Display: Extracted "Engine/Content/Slate/Starship/CoreWidgets/Window/restore.svg" to "/mnt/biella-extra/biella-runtime/d03-01-package-negative-04/extracted/Engine/Content/Slate/Starship/CoreWidgets/Window/restore.svg" Offset 9523837.
[2026.09.06-15.01.33:307][  0]LogPakFile: Display: Extracted "Engine/Content/Slate/Starship/Docking/Dock_Tab_Active.png" to "/mnt/biella-extra/biella-runtime/d03-01-package-negative-04/extracted/Engine/Content/Slate/Starship/Docking/Dock_Tab_Active.png" Offset 9524181.
[2026.09.06-15.01.33:307][  0]LogPakFile: Display: Extracted "Engine/Content/Slate/Starship/Docking/DockTab_Active.png" to "/mnt/biella-extra/biella-runtime/d03-01-package-negative-04/extracted/Engine/Content/Slate/Starship/Docking/DockTab_Active.png" Offset 9524369.
[2026.09.06-15.01.33:307][  0]LogPakFile: Display: Extracted "Engine/Content/Slate/Starship/Docking/DockTab_Foreground.png" to "/mnt/biella-extra/biella-runtime/d03-01-package-negative-04/extracted/Engine/Content/Slate/Starship/Docking/DockTab_Foreground.png" Offset 9524561.
[2026.09.06-15.01.33:307][  0]LogPakFile: Display: Extracted "Engine/Content/Slate/Starship/Docking/DockTab_Hover.png" to "/mnt/biella-extra/biella-runtime/d03-01-package-negative-04/extracted/Engine/Content/Slate/Starship/Docking/DockTab_Hover.png" Offset 9524799.
[2026.09.06-15.01.33:307][  0]LogPakFile: Display: Extracted "Engine/Content/Slate/Starship/Docking/drawer-shadow.png" to "/mnt/biella-extra/biella-runtime/d03-01-package-negative-04/extracted/Engine/Content/Slate/Starship/Docking/drawer-shadow.png" Offset 9525036.
[2026.09.06-15.01.33:307][  0]LogPakFile: Display: Extracted "Engine/Content/Slate/Starship/Docking/OpenTabInWindow.svg" to "/mnt/biella-extra/biella-runtime/d03-01-package-negative-04/extracted/Engine/Content/Slate/Starship/Docking/OpenTabInWindow.svg" Offset 9526589.
[2026.09.06-15.01.33:308][  0]LogPakFile: Display: Extracted "Engine/Content/Slate/Starship/Docking/pin.svg" to "/mnt/biella-extra/biella-runtime/d03-01-package-negative-04/extracted/Engine/Content/Slate/Starship/Docking/pin.svg" Offset 9527245.
[2026.09.06-15.01.33:308][  0]LogPakFile: Display: Extracted "Engine/Content/Slate/Starship/Docking/show-tab-well.svg" to "/mnt/biella-extra/biella-runtime/d03-01-package-negative-04/extracted/Engine/Content/Slate/Starship/Docking/show-tab-well.svg" Offset 9528048.
[2026.09.06-15.01.33:308][  0]LogPakFile: Display: Extracted "Engine/Content/Slate/Starship/Insights/AllTracks_20.svg" to "/mnt/biella-extra/biella-runtime/d03-01-package-negative-04/extracted/Engine/Content/Slate/Starship/Insights/AllTracks_20.svg" Offset 9528252.
[2026.09.06-15.01.33:308][  0]LogPakFile: Display: Extracted "Engine/Content/Slate/Starship/Insights/Annotation.svg" to "/mnt/biella-extra/biella-runtime/d03-01-package-negative-04/extracted/Engine/Content/Slate/Starship/Insights/Annotation.svg" Offset 9529162.
[2026.09.06-15.01.33:308][  0]LogPakFile: Display: Extracted "Engine/Content/Slate/Starship/Insights/Annotation_20.svg" to "/mnt/biella-extra/biella-runtime/d03-01-package-negative-04/extracted/Engine/Content/Slate/Starship/Insights/Annotation_20.svg" Offset 9529369.
[2026.09.06-15.01.33:308][  0]LogPakFile: Display: Extracted "Engine/Content/Slate/Starship/Insights/AutoScrollDown_20.svg" to "/mnt/biella-extra/biella-runtime/d03-01-package-negative-04/extracted/Engine/Content/Slate/Starship/Insights/AutoScrollDown_20.svg" Offset 9529598.
[2026.09.06-15.01.33:308][  0]LogPakFile: Display: Extracted "Engine/Content/Slate/Starship/Insights/AutoScrollRight_20.svg" to "/mnt/biella-extra/biella-runtime/d03-01-package-negative-04/extracted/Engine/Content/Slate/Starship/Insights/AutoScrollRight_20.svg" Offset 9530046.
[2026.09.06-15.01.33:308][  0]LogPakFile: Display: Extracted "Engine/Content/Slate/Starship/Insights/BudgetSettings.svg" to "/mnt/biella-extra/biella-runtime/d03-01-package-negative-04/extracted/Engine/Content/Slate/Starship/Insights/BudgetSettings.svg" Offset 9530521.
[2026.09.06-15.01.33:308][  0]LogPakFile: Display: Extracted "Engine/Content/Slate/Starship/Insights/Callees.svg" to "/mnt/biella-extra/biella-runtime/d03-01-package-negative-04/extracted/Engine/Content/Slate/Starship/Insights/Callees.svg" Offset 9531084.
[2026.09.06-15.01.33:308][  0]LogPakFile: Display: Extracted "Engine/Content/Slate/Starship/Insights/Callees_20.svg" to "/mnt/biella-extra/biella-runtime/d03-01-package-negative-04/extracted/Engine/Content/Slate/Starship/Insights/Callees_20.svg" Offset 9531657.
[2026.09.06-15.01.33:309][  0]LogPakFile: Display: Extracted "Engine/Content/Slate/Starship/Insights/Callers.svg" to "/mnt/biella-extra/biella-runtime/d03-01-package-negative-04/extracted/Engine/Content/Slate/Starship/Insights/Callers.svg" Offset 9532181.
[2026.09.06-15.01.33:309][  0]LogPakFile: Display: Extracted "Engine/Content/Slate/Starship/Insights/Callers_20.svg" to "/mnt/biella-extra/biella-runtime/d03-01-package-negative-04/extracted/Engine/Content/Slate/Starship/Insights/Callers_20.svg" Offset 9532629.
[2026.09.06-15.01.33:309][  0]LogPakFile: Display: Extracted "Engine/Content/Slate/Starship/Insights/Connection.svg" to "/mnt/biella-extra/biella-runtime/d03-01-package-negative-04/extracted/Engine/Content/Slate/Starship/Insights/Connection.svg" Offset 9533142.
[2026.09.06-15.01.33:309][  0]LogPakFile: Display: Extracted "Engine/Content/Slate/Starship/Insights/ControlsFirst.svg" to "/mnt/biella-extra/biella-runtime/d03-01-package-negative-04/extracted/Engine/Content/Slate/Starship/Insights/ControlsFirst.svg" Offset 9534177.
[2026.09.06-15.01.33:309][  0]LogPakFile: Display: Extracted "Engine/Content/Slate/Starship/Insights/ControlsLast.svg" to "/mnt/biella-extra/biella-runtime/d03-01-package-negative-04/extracted/Engine/Content/Slate/Starship/Insights/ControlsLast.svg" Offset 9534544.
[2026.09.06-15.01.33:309][  0]LogPakFile: Display: Extracted "Engine/Content/Slate/Starship/Insights/ControlsNext.svg" to "/mnt/biella-extra/biella-runtime/d03-01-package-negative-04/extracted/Engine/Content/Slate/Starship/Insights/ControlsNext.svg" Offset 9534922.
[2026.09.06-15.01.33:309][  0]LogPakFile: Display: Extracted "Engine/Content/Slate/Starship/Insights/ControlsPrevious.svg" to "/mnt/biella-extra/biella-runtime/d03-01-package-negative-04/extracted/Engine/Content/Slate/Starship/Insights/ControlsPrevious.svg" Offset 9535201.
[2026.09.06-15.01.33:309][  0]LogPakFile: Display: Extracted "Engine/Content/Slate/Starship/Insights/Counter.svg" to "/mnt/biella-extra/biella-runtime/d03-01-package-negative-04/extracted/Engine/Content/Slate/Starship/Insights/Counter.svg" Offset 9535470.
[2026.09.06-15.01.33:309][  0]LogPakFile: Display: Extracted "Engine/Content/Slate/Starship/Insights/Counter_20.svg" to "/mnt/biella-extra/biella-runtime/d03-01-package-negative-04/extracted/Engine/Content/Slate/Starship/Insights/Counter_20.svg" Offset 9535721.
[2026.09.06-15.01.33:309][  0]LogPakFile: Display: Extracted "Engine/Content/Slate/Starship/Insights/CpuGpuTracks_20.svg" to "/mnt/biella-extra/biella-runtime/d03-01-package-negative-04/extracted/Engine/Content/Slate/Starship/Insights/CpuGpuTracks_20.svg" Offset 9535996.
[2026.09.06-15.01.33:310][  0]LogPakFile: Display: Extracted "Engine/Content/Slate/Starship/Insights/Filter.svg" to "/mnt/biella-extra/biella-runtime/d03-01-package-negative-04/extracted/Engine/Content/Slate/Starship/Insights/Filter.svg" Offset 9536462.
[2026.09.06-15.01.33:310][  0]LogPakFile: Display: Extracted "Engine/Content/Slate/Starship/Insights/FilterConfig.svg" to "/mnt/biella-extra/biella-runtime/d03-01-package-negative-04/extracted/Engine/Content/Slate/Starship/Insights/FilterConfig.svg" Offset 9536685.
[2026.09.06-15.01.33:310][  0]LogPakFile: Display: Extracted "Engine/Content/Slate/Starship/Insights/Frames.svg" to "/mnt/biella-extra/biella-runtime/d03-01-package-negative-04/extracted/Engine/Content/Slate/Starship/Insights/Frames.svg" Offset 9537848.
[2026.09.06-15.01.33:310][  0]LogPakFile: Display: Extracted "Engine/Content/Slate/Starship/Insights/Frames_20.svg" to "/mnt/biella-extra/biella-runtime/d03-01-package-negative-04/extracted/Engine/Content/Slate/Starship/Insights/Frames_20.svg" Offset 9538241.
[2026.09.06-15.01.33:310][  0]LogPakFile: Display: Extracted "Engine/Content/Slate/Starship/Insights/Function.svg" to "/mnt/biella-extra/biella-runtime/d03-01-package-negative-04/extracted/Engine/Content/Slate/Starship/Insights/Function.svg" Offset 9538637.
[2026.09.06-15.01.33:310][  0]LogPakFile: Display: Extracted "Engine/Content/Slate/Starship/Insights/HotPath_12.svg" to "/mnt/biella-extra/biella-runtime/d03-01-package-negative-04/extracted/Engine/Content/Slate/Starship/Insights/HotPath_12.svg" Offset 9539391.
[2026.09.06-15.01.33:310][  0]LogPakFile: Display: Extracted "Engine/Content/Slate/Starship/Insights/InfoTag_12.svg" to "/mnt/biella-extra/biella-runtime/d03-01-package-negative-04/extracted/Engine/Content/Slate/Starship/Insights/InfoTag_12.svg" Offset 9540118.
[2026.09.06-15.01.33:310][  0]LogPakFile: Display: Extracted "Engine/Content/Slate/Starship/Insights/Log.svg" to "/mnt/biella-extra/biella-runtime/d03-01-package-negative-04/extracted/Engine/Content/Slate/Starship/Insights/Log.svg" Offset 9540883.
[2026.09.06-15.01.33:310][  0]LogPakFile: Display: Extracted "Engine/Content/Slate/Starship/Insights/Log_20.svg" to "/mnt/biella-extra/biella-runtime/d03-01-package-negative-04/extracted/Engine/Content/Slate/Starship/Insights/Log_20.svg" Offset 9541317.
[2026.09.06-15.01.33:311][  0]LogPakFile: Display: Extracted "Engine/Content/Slate/Starship/Insights/MemAllocTable.svg" to "/mnt/biella-extra/biella-runtime/d03-01-package-negative-04/extracted/Engine/Content/Slate/Starship/Insights/MemAllocTable.svg" Offset 9541999.
[2026.09.06-15.01.33:311][  0]LogPakFile: Display: Extracted "Engine/Content/Slate/Starship/Insights/MemInvestigation.svg" to "/mnt/biella-extra/biella-runtime/d03-01-package-negative-04/extracted/Engine/Content/Slate/Starship/Insights/MemInvestigation.svg" Offset 9542555.
[2026.09.06-15.01.33:311][  0]LogPakFile: Display: Extracted "Engine/Content/Slate/Starship/Insights/MemInvestigation_20.svg" to "/mnt/biella-extra/biella-runtime/d03-01-package-negative-04/extracted/Engine/Content/Slate/Starship/Insights/MemInvestigation_20.svg" Offset 9543468.
[2026.09.06-15.01.33:311][  0]LogPakFile: Display: Extracted "Engine/Content/Slate/Starship/Insights/Memory.svg" to "/mnt/biella-extra/biella-runtime/d03-01-package-negative-04/extracted/Engine/Content/Slate/Starship/Insights/Memory.svg" Offset 9544254.
[2026.09.06-15.01.33:311][  0]LogPakFile: Display: Extracted "Engine/Content/Slate/Starship/Insights/MemoryAnalysis_16.svg" to "/mnt/biella-extra/biella-runtime/d03-01-package-negative-04/extracted/Engine/Content/Slate/Starship/Insights/MemoryAnalysis_16.svg" Offset 9544958.
[2026.09.06-15.01.33:311][  0]LogPakFile: Display: Extracted "Engine/Content/Slate/Starship/Insights/MemoryAnalysisSnapshot_16.svg" to "/mnt/biella-extra/biella-runtime/d03-01-package-negative-04/extracted/Engine/Content/Slate/Starship/Insights/MemoryAnalysisSnapshot_16.svg" Offset 9545864.
[2026.09.06-15.01.33:311][  0]LogPakFile: Display: Extracted "Engine/Content/Slate/Starship/Insights/MemTag_Asset_12.svg" to "/mnt/biella-extra/biella-runtime/d03-01-package-negative-04/extracted/Engine/Content/Slate/Starship/Insights/MemTag_Asset_12.svg" Offset 9546699.
[2026.09.06-15.01.33:311][  0]LogPakFile: Display: Extracted "Engine/Content/Slate/Starship/Insights/MemTag_Class_12.svg" to "/mnt/biella-extra/biella-runtime/d03-01-package-negative-04/extracted/Engine/Content/Slate/Starship/Insights/MemTag_Class_12.svg" Offset 9547566.
[2026.09.06-15.01.33:311][  0]LogPakFile: Display: Extracted "Engine/Content/Slate/Starship/Insights/MemTag_System_12.svg" to "/mnt/biella-extra/biella-runtime/d03-01-package-negative-04/extracted/Engine/Content/Slate/Starship/Insights/MemTag_System_12.svg" Offset 9548817.
[2026.09.06-15.01.33:312][  0]LogPakFile: Display: Extracted "Engine/Content/Slate/Starship/Insights/MemTags.svg" to "/mnt/biella-extra/biella-runtime/d03-01-package-negative-04/extracted/Engine/Content/Slate/Starship/Insights/MemTags.svg" Offset 9550469.
[2026.09.06-15.01.33:312][  0]LogPakFile: Display: Extracted "Engine/Content/Slate/Starship/Insights/MemTags_20.svg" to "/mnt/biella-extra/biella-runtime/d03-01-package-negative-04/extracted/Engine/Content/Slate/Starship/Insights/MemTags_20.svg" Offset 9551408.
[2026.09.06-15.01.33:312][  0]LogPakFile: Display: Extracted "Engine/Content/Slate/Starship/Insights/MemTagSet_AssetClasses.svg" to "/mnt/biella-extra/biella-runtime/d03-01-package-negative-04/extracted/Engine/Content/Slate/Starship/Insights/MemTagSet_AssetClasses.svg" Offset 9552512.
[2026.09.06-15.01.33:312][  0]LogPakFile: Display: Extracted "Engine/Content/Slate/Starship/Insights/MemTagSet_Assets.svg" to "/mnt/biella-extra/biella-runtime/d03-01-package-negative-04/extracted/Engine/Content/Slate/Starship/Insights/MemTagSet_Assets.svg" Offset 9553802.
[2026.09.06-15.01.33:312][  0]LogPakFile: Display: Extracted "Engine/Content/Slate/Starship/Insights/MemTagSet_Systems.svg" to "/mnt/biella-extra/biella-runtime/d03-01-package-negative-04/extracted/Engine/Content/Slate/Starship/Insights/MemTagSet_Systems.svg" Offset 9554731.
[2026.09.06-15.01.33:312][  0]LogPakFile: Display: Extracted "Engine/Content/Slate/Starship/Insights/NetStats.svg" to "/mnt/biella-extra/biella-runtime/d03-01-package-negative-04/extracted/Engine/Content/Slate/Starship/Insights/NetStats.svg" Offset 9557725.
[2026.09.06-15.01.33:312][  0]LogPakFile: Display: Extracted "Engine/Content/Slate/Starship/Insights/NetStats_20.svg" to "/mnt/biella-extra/biella-runtime/d03-01-package-negative-04/extracted/Engine/Content/Slate/Starship/Insights/NetStats_20.svg" Offset 9558465.
[2026.09.06-15.01.33:312][  0]LogPakFile: Display: Extracted "Engine/Content/Slate/Starship/Insights/Networking.svg" to "/mnt/biella-extra/biella-runtime/d03-01-package-negative-04/extracted/Engine/Content/Slate/Starship/Insights/Networking.svg" Offset 9559538.
[2026.09.06-15.01.33:312][  0]LogPakFile: Display: Extracted "Engine/Content/Slate/Starship/Insights/Object.svg" to "/mnt/biella-extra/biella-runtime/d03-01-package-negative-04/extracted/Engine/Content/Slate/Starship/Insights/Object.svg" Offset 9560497.
[2026.09.06-15.01.33:312][  0]LogPakFile: Display: Extracted "Engine/Content/Slate/Starship/Insights/PacketContent.svg" to "/mnt/biella-extra/biella-runtime/d03-01-package-negative-04/extracted/Engine/Content/Slate/Starship/Insights/PacketContent.svg" Offset 9561062.
[2026.09.06-15.01.33:313][  0]LogPakFile: Display: Extracted "Engine/Content/Slate/Starship/Insights/PacketContent_20.svg" to "/mnt/biella-extra/biella-runtime/d03-01-package-negative-04/extracted/Engine/Content/Slate/Starship/Insights/PacketContent_20.svg" Offset 9562010.
[2026.09.06-15.01.33:313][  0]LogPakFile: Display: Extracted "Engine/Content/Slate/Starship/Insights/Packets.svg" to "/mnt/biella-extra/biella-runtime/d03-01-package-negative-04/extracted/Engine/Content/Slate/Starship/Insights/Packets.svg" Offset 9563034.
[2026.09.06-15.01.33:313][  0]LogPakFile: Display: Extracted "Engine/Content/Slate/Starship/Insights/Packets_20.svg" to "/mnt/biella-extra/biella-runtime/d03-01-package-negative-04/extracted/Engine/Content/Slate/Starship/Insights/Packets_20.svg" Offset 9563634.
[2026.09.06-15.01.33:313][  0]LogPakFile: Display: Extracted "Engine/Content/Slate/Starship/Insights/PluginTracks_20.svg" to "/mnt/biella-extra/biella-runtime/d03-01-package-negative-04/extracted/Engine/Content/Slate/Starship/Insights/PluginTracks_20.svg" Offset 9564314.
[2026.09.06-15.01.33:313][  0]LogPakFile: Display: Extracted "Engine/Content/Slate/Starship/Insights/RoundedBullet.svg" to "/mnt/biella-extra/biella-runtime/d03-01-package-negative-04/extracted/Engine/Content/Slate/Starship/Insights/RoundedBullet.svg" Offset 9564700.
[2026.09.06-15.01.33:313][  0]LogPakFile: Display: Extracted "Engine/Content/Slate/Starship/Insights/Session.svg" to "/mnt/biella-extra/biella-runtime/d03-01-package-negative-04/extracted/Engine/Content/Slate/Starship/Insights/Session.svg" Offset 9564914.
[2026.09.06-15.01.33:313][  0]LogPakFile: Display: Extracted "Engine/Content/Slate/Starship/Insights/SizeLarge.svg" to "/mnt/biella-extra/biella-runtime/d03-01-package-negative-04/extracted/Engine/Content/Slate/Starship/Insights/SizeLarge.svg" Offset 9565988.
[2026.09.06-15.01.33:313][  0]LogPakFile: Display: Extracted "Engine/Content/Slate/Starship/Insights/SizeLarge_20.svg" to "/mnt/biella-extra/biella-runtime/d03-01-package-negative-04/extracted/Engine/Content/Slate/Starship/Insights/SizeLarge_20.svg" Offset 9566304.
[2026.09.06-15.01.33:313][  0]LogPakFile: Display: Extracted "Engine/Content/Slate/Starship/Insights/SizeMedium.svg" to "/mnt/biella-extra/biella-runtime/d03-01-package-negative-04/extracted/Engine/Content/Slate/Starship/Insights/SizeMedium.svg" Offset 9566620.
[2026.09.06-15.01.33:314][  0]LogPakFile: Display: Extracted "Engine/Content/Slate/Starship/Insights/SizeMedium_20.svg" to "/mnt/biella-extra/biella-runtime/d03-01-package-negative-04/extracted/Engine/Content/Slate/Starship/Insights/SizeMedium_20.svg" Offset 9566936.
[2026.09.06-15.01.33:314][  0]LogPakFile: Display: Extracted "Engine/Content/Slate/Starship/Insights/SizeSmall.svg" to "/mnt/biella-extra/biella-runtime/d03-01-package-negative-04/extracted/Engine/Content/Slate/Starship/Insights/SizeSmall.svg" Offset 9567252.
[2026.09.06-15.01.33:314][  0]LogPakFile: Display: Extracted "Engine/Content/Slate/Starship/Insights/SizeSmall_20.svg" to "/mnt/biella-extra/biella-runtime/d03-01-package-negative-04/extracted/Engine/Content/Slate/Starship/Insights/SizeSmall_20.svg" Offset 9567565.
[2026.09.06-15.01.33:314][  0]LogPakFile: Display: Extracted "Engine/Content/Slate/Starship/Insights/SpecialTracks_20.svg" to "/mnt/biella-extra/biella-runtime/d03-01-package-negative-04/extracted/Engine/Content/Slate/Starship/Insights/SpecialTracks_20.svg" Offset 9567881.
[2026.09.06-15.01.33:314][  0]LogPakFile: Display: Extracted "Engine/Content/Slate/Starship/Insights/Tasks.svg" to "/mnt/biella-extra/biella-runtime/d03-01-package-negative-04/extracted/Engine/Content/Slate/Starship/Insights/Tasks.svg" Offset 9568447.
[2026.09.06-15.01.33:314][  0]LogPakFile: Display: Extracted "Engine/Content/Slate/Starship/Insights/Tasks_20.svg" to "/mnt/biella-extra/biella-runtime/d03-01-package-negative-04/extracted/Engine/Content/Slate/Starship/Insights/Tasks_20.svg" Offset 9569512.
[2026.09.06-15.01.33:314][  0]LogPakFile: Display: Extracted "Engine/Content/Slate/Starship/Insights/TimeMarkerSettings.svg" to "/mnt/biella-extra/biella-runtime/d03-01-package-negative-04/extracted/Engine/Content/Slate/Starship/Insights/TimeMarkerSettings.svg" Offset 9570526.
[2026.09.06-15.01.33:314][  0]LogPakFile: Display: Extracted "Engine/Content/Slate/Starship/Insights/Timer.svg" to "/mnt/biella-extra/biella-runtime/d03-01-package-negative-04/extracted/Engine/Content/Slate/Starship/Insights/Timer.svg" Offset 9570970.
[2026.09.06-15.01.33:314][  0]LogPakFile: Display: Extracted "Engine/Content/Slate/Starship/Insights/Timer_20.svg" to "/mnt/biella-extra/biella-runtime/d03-01-package-negative-04/extracted/Engine/Content/Slate/Starship/Insights/Timer_20.svg" Offset 9572149.
[2026.09.06-15.01.33:315][  0]LogPakFile: Display: Extracted "Engine/Content/Slate/Starship/Insights/Timing.svg" to "/mnt/biella-extra/biella-runtime/d03-01-package-negative-04/extracted/Engine/Content/Slate/Starship/Insights/Timing.svg" Offset 9573897.
[2026.09.06-15.01.33:315][  0]LogPakFile: Display: Extracted "Engine/Content/Slate/Starship/Insights/Timing_20.svg" to "/mnt/biella-extra/biella-runtime/d03-01-package-negative-04/extracted/Engine/Content/Slate/Starship/Insights/Timing_20.svg" Offset 9574734.
[2026.09.06-15.01.33:315][  0]LogPakFile: Display: Extracted "Engine/Content/Slate/Starship/Insights/TraceStore.svg" to "/mnt/biella-extra/biella-runtime/d03-01-package-negative-04/extracted/Engine/Content/Slate/Starship/Insights/TraceStore.svg" Offset 9575744.
[2026.09.06-15.01.33:315][  0]LogPakFile: Display: Extracted "Engine/Content/Slate/Starship/Insights/TraceStore_20.svg" to "/mnt/biella-extra/biella-runtime/d03-01-package-negative-04/extracted/Engine/Content/Slate/Starship/Insights/TraceStore_20.svg" Offset 9576280.
[2026.09.06-15.01.33:315][  0]LogPakFile: Display: Extracted "Engine/Content/Slate/Starship/Insights/UnrealInsights.svg" to "/mnt/biella-extra/biella-runtime/d03-01-package-negative-04/extracted/Engine/Content/Slate/Starship/Insights/UnrealInsights.svg" Offset 9580187.
[2026.09.06-15.01.33:315][  0]LogPakFile: Display: Extracted "Engine/Content/Slate/Starship/Insights/UObject.svg" to "/mnt/biella-extra/biella-runtime/d03-01-package-negative-04/extracted/Engine/Content/Slate/Starship/Insights/UObject.svg" Offset 9581066.
[2026.09.06-15.01.33:315][  0]LogPakFile: Display: Extracted "Engine/Content/Slate/Starship/Insights/UObject_12.svg" to "/mnt/biella-extra/biella-runtime/d03-01-package-negative-04/extracted/Engine/Content/Slate/Starship/Insights/UObject_12.svg" Offset 9582452.
[2026.09.06-15.01.33:315][  0]LogPakFile: Display: Extracted "Engine/Content/Slate/Starship/Insights/UTrace.svg" to "/mnt/biella-extra/biella-runtime/d03-01-package-negative-04/extracted/Engine/Content/Slate/Starship/Insights/UTrace.svg" Offset 9583806.
[2026.09.06-15.01.33:315][  0]LogPakFile: Display: Extracted "Engine/Content/Slate/Starship/Insights/ViewMode_20.svg" to "/mnt/biella-extra/biella-runtime/d03-01-package-negative-04/extracted/Engine/Content/Slate/Starship/Insights/ViewMode_20.svg" Offset 9584725.
[2026.09.06-15.01.33:316][  0]LogPakFile: Display: Extracted "Engine/Content/Slate/Starship/Insights/ZeroCountFilter.svg" to "/mnt/biella-extra/biella-runtime/d03-01-package-negative-04/extracted/Engine/Content/Slate/Starship/Insights/ZeroCountFilter.svg" Offset 9585337.
[2026.09.06-15.01.33:316][  0]LogPakFile: Display: Extracted "Engine/Content/Slate/Starship/Insights/TraceTools/RecordTraceCenter.svg" to "/mnt/biella-extra/biella-runtime/d03-01-package-negative-04/extracted/Engine/Content/Slate/Starship/Insights/TraceTools/RecordTraceCenter.svg" Offset 9576838.
[2026.09.06-15.01.33:316][  0]LogPakFile: Display: Extracted "Engine/Content/Slate/Starship/Insights/TraceTools/RecordTraceOutline.svg" to "/mnt/biella-extra/biella-runtime/d03-01-package-negative-04/extracted/Engine/Content/Slate/Starship/Insights/TraceTools/RecordTraceOutline.svg" Offset 9577219.
[2026.09.06-15.01.33:316][  0]LogPakFile: Display: Extracted "Engine/Content/Slate/Starship/Insights/TraceTools/RecordTraceRecording.svg" to "/mnt/biella-extra/biella-runtime/d03-01-package-negative-04/extracted/Engine/Content/Slate/Starship/Insights/TraceTools/RecordTraceRecording.svg" Offset 9577439.
[2026.09.06-15.01.33:316][  0]LogPakFile: Display: Extracted "Engine/Content/Slate/Starship/Insights/TraceTools/TracePause.svg" to "/mnt/biella-extra/biella-runtime/d03-01-package-negative-04/extracted/Engine/Content/Slate/Starship/Insights/TraceTools/TracePause.svg" Offset 9577884.
[2026.09.06-15.01.33:316][  0]LogPakFile: Display: Extracted "Engine/Content/Slate/Starship/Insights/TraceTools/TraceResume.svg" to "/mnt/biella-extra/biella-runtime/d03-01-package-negative-04/extracted/Engine/Content/Slate/Starship/Insights/TraceTools/TraceResume.svg" Offset 9578138.
[2026.09.06-15.01.33:316][  0]LogPakFile: Display: Extracted "Engine/Content/Slate/Starship/Insights/TraceTools/TraceSnapshot.svg" to "/mnt/biella-extra/biella-runtime/d03-01-package-negative-04/extracted/Engine/Content/Slate/Starship/Insights/TraceTools/TraceSnapshot.svg" Offset 9578430.
[2026.09.06-15.01.33:316][  0]LogPakFile: Display: Extracted "Engine/Content/Slate/Starship/Insights/TraceTools/TraceStart.svg" to "/mnt/biella-extra/biella-runtime/d03-01-package-negative-04/extracted/Engine/Content/Slate/Starship/Insights/TraceTools/TraceStart.svg" Offset 9579426.
[2026.09.06-15.01.33:316][  0]LogPakFile: Display: Extracted "Engine/Content/Slate/Starship/Insights/TraceTools/TraceStop.svg" to "/mnt/biella-extra/biella-runtime/d03-01-package-negative-04/extracted/Engine/Content/Slate/Starship/Insights/TraceTools/TraceStop.svg" Offset 9579885.
[2026.09.06-15.01.33:317][  0]LogPakFile: Display: Extracted "Engine/Content/Slate/Starship/Launcher/PaperAirplane.svg" to "/mnt/biella-extra/biella-runtime/d03-01-package-negative-04/extracted/Engine/Content/Slate/Starship/Launcher/PaperAirplane.svg" Offset 9586148.
[2026.09.06-15.01.33:317][  0]LogPakFile: Display: Extracted "Engine/Content/Slate/Starship/Notifications/Throbber.png" to "/mnt/biella-extra/biella-runtime/d03-01-package-negative-04/extracted/Engine/Content/Slate/Starship/Notifications/Throbber.png" Offset 9586529.
[2026.09.06-15.01.33:317][  0]LogPakFile: Display: Extracted "Engine/Content/Slate/Starship/SourceControl/icon_SCC_Change_Source_Control_Settings.svg" to "/mnt/biella-extra/biella-runtime/d03-01-package-negative-04/extracted/Engine/Content/Slate/Starship/SourceControl/icon_SCC_Change_Source_Control_Settings.svg" Offset 9587584.
[2026.09.06-15.01.33:317][  0]LogPakFile: Display: Extracted "Engine/Content/Slate/Starship/SourceControl/icon_SCC_History.svg" to "/mnt/biella-extra/biella-runtime/d03-01-package-negative-04/extracted/Engine/Content/Slate/Starship/SourceControl/icon_SCC_History.svg" Offset 9588491.
[2026.09.06-15.01.33:317][  0]LogPakFile: Display: Extracted "Engine/Content/Slate/Starship/SourceControl/icon_SCC_Revert.svg" to "/mnt/biella-extra/biella-runtime/d03-01-package-negative-04/extracted/Engine/Content/Slate/Starship/SourceControl/icon_SCC_Revert.svg" Offset 9589310.
[2026.09.06-15.01.33:317][  0]LogPakFile: Display: Extracted "Engine/Content/Slate/Starship/SourceControl/RC_Added.svg" to "/mnt/biella-extra/biella-runtime/d03-01-package-negative-04/extracted/Engine/Content/Slate/Starship/SourceControl/RC_Added.svg" Offset 9589713.
[2026.09.06-15.01.33:317][  0]LogPakFile: Display: Extracted "Engine/Content/Slate/Starship/SourceControl/RC_Branch.svg" to "/mnt/biella-extra/biella-runtime/d03-01-package-negative-04/extracted/Engine/Content/Slate/Starship/SourceControl/RC_Branch.svg" Offset 9590065.
[2026.09.06-15.01.33:317][  0]LogPakFile: Display: Extracted "Engine/Content/Slate/Starship/SourceControl/RC_BranchCircle_Branch.svg" to "/mnt/biella-extra/biella-runtime/d03-01-package-negative-04/extracted/Engine/Content/Slate/Starship/SourceControl/RC_BranchCircle_Branch.svg" Offset 9590589.
[2026.09.06-15.01.33:317][  0]LogPakFile: Display: Extracted "Engine/Content/Slate/Starship/SourceControl/RC_BranchCircle_Circle.svg" to "/mnt/biella-extra/biella-runtime/d03-01-package-negative-04/extracted/Engine/Content/Slate/Starship/SourceControl/RC_BranchCircle_Circle.svg" Offset 9591322.
[2026.09.06-15.01.33:318][  0]LogPakFile: Display: Extracted "Engine/Content/Slate/Starship/SourceControl/RC_BranchExplorer.svg" to "/mnt/biella-extra/biella-runtime/d03-01-package-negative-04/extracted/Engine/Content/Slate/Starship/SourceControl/RC_BranchExplorer.svg" Offset 9592155.
[2026.09.06-15.01.33:318][  0]LogPakFile: Display: Extracted "Engine/Content/Slate/Starship/SourceControl/RC_BranchModifiedBadge.svg" to "/mnt/biella-extra/biella-runtime/d03-01-package-negative-04/extracted/Engine/Content/Slate/Starship/SourceControl/RC_BranchModifiedBadge.svg" Offset 9592679.
[2026.09.06-15.01.33:318][  0]LogPakFile: Display: Extracted "Engine/Content/Slate/Starship/SourceControl/RC_CheckCircleLine_Check.svg" to "/mnt/biella-extra/biella-runtime/d03-01-package-negative-04/extracted/Engine/Content/Slate/Starship/SourceControl/RC_CheckCircleLine_Check.svg" Offset 9593283.
[2026.09.06-15.01.33:318][  0]LogPakFile: Display: Extracted "Engine/Content/Slate/Starship/SourceControl/RC_CheckCircleLine_Circle.svg" to "/mnt/biella-extra/biella-runtime/d03-01-package-negative-04/extracted/Engine/Content/Slate/Starship/SourceControl/RC_CheckCircleLine_Circle.svg" Offset 9593585.
[2026.09.06-15.01.33:318][  0]LogPakFile: Display: Extracted "Engine/Content/Slate/Starship/SourceControl/RC_CheckedBranch.svg" to "/mnt/biella-extra/biella-runtime/d03-01-package-negative-04/extracted/Engine/Content/Slate/Starship/SourceControl/RC_CheckedBranch.svg" Offset 9594242.
[2026.09.06-15.01.33:318][  0]LogPakFile: Display: Extracted "Engine/Content/Slate/Starship/SourceControl/RC_CheckedBranchBadge.svg" to "/mnt/biella-extra/biella-runtime/d03-01-package-negative-04/extracted/Engine/Content/Slate/Starship/SourceControl/RC_CheckedBranchBadge.svg" Offset 9594879.
[2026.09.06-15.01.33:318][  0]LogPakFile: Display: Extracted "Engine/Content/Slate/Starship/SourceControl/RC_CheckedOther.svg" to "/mnt/biella-extra/biella-runtime/d03-01-package-negative-04/extracted/Engine/Content/Slate/Starship/SourceControl/RC_CheckedOther.svg" Offset 9595361.
[2026.09.06-15.01.33:318][  0]LogPakFile: Display: Extracted "Engine/Content/Slate/Starship/SourceControl/RC_CheckedOtherBadge.svg" to "/mnt/biella-extra/biella-runtime/d03-01-package-negative-04/extracted/Engine/Content/Slate/Starship/SourceControl/RC_CheckedOtherBadge.svg" Offset 9596249.
[2026.09.06-15.01.33:318][  0]LogPakFile: Display: Extracted "Engine/Content/Slate/Starship/SourceControl/RC_CheckIn.svg" to "/mnt/biella-extra/biella-runtime/d03-01-package-negative-04/extracted/Engine/Content/Slate/Starship/SourceControl/RC_CheckIn.svg" Offset 9596732.
[2026.09.06-15.01.33:318][  0]LogPakFile: Display: Extracted "Engine/Content/Slate/Starship/SourceControl/RC_CheckInAvailable.svg" to "/mnt/biella-extra/biella-runtime/d03-01-package-negative-04/extracted/Engine/Content/Slate/Starship/SourceControl/RC_CheckInAvailable.svg" Offset 9597160.
[2026.09.06-15.01.33:319][  0]LogPakFile: Display: Extracted "Engine/Content/Slate/Starship/SourceControl/RC_CheckInAvailableRewound.svg" to "/mnt/biella-extra/biella-runtime/d03-01-package-negative-04/extracted/Engine/Content/Slate/Starship/SourceControl/RC_CheckInAvailableRewound.svg" Offset 9597848.
[2026.09.06-15.01.33:319][  0]LogPakFile: Display: Extracted "Engine/Content/Slate/Starship/SourceControl/RC_Conflicted.svg" to "/mnt/biella-extra/biella-runtime/d03-01-package-negative-04/extracted/Engine/Content/Slate/Starship/SourceControl/RC_Conflicted.svg" Offset 9598499.
[2026.09.06-15.01.33:319][  0]LogPakFile: Display: Extracted "Engine/Content/Slate/Starship/SourceControl/RC_ConflictedState.svg" to "/mnt/biella-extra/biella-runtime/d03-01-package-negative-04/extracted/Engine/Content/Slate/Starship/SourceControl/RC_ConflictedState.svg" Offset 9599145.
[2026.09.06-15.01.33:319][  0]LogPakFile: Display: Extracted "Engine/Content/Slate/Starship/SourceControl/RC_ConflictResolution_Clear.svg" to "/mnt/biella-extra/biella-runtime/d03-01-package-negative-04/extracted/Engine/Content/Slate/Starship/SourceControl/RC_ConflictResolution_Clear.svg" Offset 9599935.
[2026.09.06-15.01.33:319][  0]LogPakFile: Display: Extracted "Engine/Content/Slate/Starship/SourceControl/RC_ConflictResolution_OpenExternal.svg" to "/mnt/biella-extra/biella-runtime/d03-01-package-negative-04/extracted/Engine/Content/Slate/Starship/SourceControl/RC_ConflictResolution_OpenExternal.svg" Offset 9600378.
[2026.09.06-15.01.33:319][  0]LogPakFile: Display: Extracted "Engine/Content/Slate/Starship/SourceControl/RC_Diff.svg" to "/mnt/biella-extra/biella-runtime/d03-01-package-negative-04/extracted/Engine/Content/Slate/Starship/SourceControl/RC_Diff.svg" Offset 9601024.
[2026.09.06-15.01.33:319][  0]LogPakFile: Display: Extracted "Engine/Content/Slate/Starship/SourceControl/RC_DiskSize.svg" to "/mnt/biella-extra/biella-runtime/d03-01-package-negative-04/extracted/Engine/Content/Slate/Starship/SourceControl/RC_DiskSize.svg" Offset 9602059.
[2026.09.06-15.01.33:319][  0]LogPakFile: Display: Extracted "Engine/Content/Slate/Starship/SourceControl/RC_File.svg" to "/mnt/biella-extra/biella-runtime/d03-01-package-negative-04/extracted/Engine/Content/Slate/Starship/SourceControl/RC_File.svg" Offset 9602700.
[2026.09.06-15.01.33:319][  0]LogPakFile: Display: Extracted "Engine/Content/Slate/Starship/SourceControl/RC_LineCircle.svg" to "/mnt/biella-extra/biella-runtime/d03-01-package-negative-04/extracted/Engine/Content/Slate/Starship/SourceControl/RC_LineCircle.svg" Offset 9603979.
[2026.09.06-15.01.33:319][  0]LogPakFile: Display: Extracted "Engine/Content/Slate/Starship/SourceControl/RC_MarkedForAdd.svg" to "/mnt/biella-extra/biella-runtime/d03-01-package-negative-04/extracted/Engine/Content/Slate/Starship/SourceControl/RC_MarkedForAdd.svg" Offset 9605044.
[2026.09.06-15.01.33:320][  0]LogPakFile: Display: Extracted "Engine/Content/Slate/Starship/SourceControl/RC_Merged.svg" to "/mnt/biella-extra/biella-runtime/d03-01-package-negative-04/extracted/Engine/Content/Slate/Starship/SourceControl/RC_Merged.svg" Offset 9605400.
[2026.09.06-15.01.33:320][  0]LogPakFile: Display: Extracted "Engine/Content/Slate/Starship/SourceControl/RC_Modified.svg" to "/mnt/biella-extra/biella-runtime/d03-01-package-negative-04/extracted/Engine/Content/Slate/Starship/SourceControl/RC_Modified.svg" Offset 9605729.
[2026.09.06-15.01.33:320][  0]LogPakFile: Display: Extracted "Engine/Content/Slate/Starship/SourceControl/RC_ModifiedLocally.svg" to "/mnt/biella-extra/biella-runtime/d03-01-package-negative-04/extracted/Engine/Content/Slate/Starship/SourceControl/RC_ModifiedLocally.svg" Offset 9606164.
[2026.09.06-15.01.33:320][  0]LogPakFile: Display: Extracted "Engine/Content/Slate/Starship/SourceControl/RC_NewBranch.svg" to "/mnt/biella-extra/biella-runtime/d03-01-package-negative-04/extracted/Engine/Content/Slate/Starship/SourceControl/RC_NewBranch.svg" Offset 9606694.
[2026.09.06-15.01.33:320][  0]LogPakFile: Display: Extracted "Engine/Content/Slate/Starship/SourceControl/RC_NewerVersion.svg" to "/mnt/biella-extra/biella-runtime/d03-01-package-negative-04/extracted/Engine/Content/Slate/Starship/SourceControl/RC_NewerVersion.svg" Offset 9607228.
[2026.09.06-15.01.33:320][  0]LogPakFile: Display: Extracted "Engine/Content/Slate/Starship/SourceControl/RC_Promote.svg" to "/mnt/biella-extra/biella-runtime/d03-01-package-negative-04/extracted/Engine/Content/Slate/Starship/SourceControl/RC_Promote.svg" Offset 9607727.
[2026.09.06-15.01.33:320][  0]LogPakFile: Display: Extracted "Engine/Content/Slate/Starship/SourceControl/RC_Promote_Large.svg" to "/mnt/biella-extra/biella-runtime/d03-01-package-negative-04/extracted/Engine/Content/Slate/Starship/SourceControl/RC_Promote_Large.svg" Offset 9608841.
[2026.09.06-15.01.33:320][  0]LogPakFile: Display: Extracted "Engine/Content/Slate/Starship/SourceControl/RC_Removed.svg" to "/mnt/biella-extra/biella-runtime/d03-01-package-negative-04/extracted/Engine/Content/Slate/Starship/SourceControl/RC_Removed.svg" Offset 9609875.
[2026.09.06-15.01.33:320][  0]LogPakFile: Display: Extracted "Engine/Content/Slate/Starship/SourceControl/RC_Rewind.svg" to "/mnt/biella-extra/biella-runtime/d03-01-package-negative-04/extracted/Engine/Content/Slate/Starship/SourceControl/RC_Rewind.svg" Offset 9610465.
[2026.09.06-15.01.33:320][  0]LogPakFile: Display: Extracted "Engine/Content/Slate/Starship/SourceControl/RC_Rewound.svg" to "/mnt/biella-extra/biella-runtime/d03-01-package-negative-04/extracted/Engine/Content/Slate/Starship/SourceControl/RC_Rewound.svg" Offset 9611289.
[2026.09.06-15.01.33:321][  0]LogPakFile: Display: Extracted "Engine/Content/Slate/Starship/SourceControl/RC_StatusLocalUpload.svg" to "/mnt/biella-extra/biella-runtime/d03-01-package-negative-04/extracted/Engine/Content/Slate/Starship/SourceControl/RC_StatusLocalUpload.svg" Offset 9612160.
[2026.09.06-15.01.33:321][  0]LogPakFile: Display: Extracted "Engine/Content/Slate/Starship/SourceControl/RC_StatusLocalUpToDate.svg" to "/mnt/biella-extra/biella-runtime/d03-01-package-negative-04/extracted/Engine/Content/Slate/Starship/SourceControl/RC_StatusLocalUpToDate.svg" Offset 9612876.
[2026.09.06-15.01.33:321][  0]LogPakFile: Display: Extracted "Engine/Content/Slate/Starship/SourceControl/RC_StatusRemoteDownload.svg" to "/mnt/biella-extra/biella-runtime/d03-01-package-negative-04/extracted/Engine/Content/Slate/Starship/SourceControl/RC_StatusRemoteDownload.svg" Offset 9613801.
[2026.09.06-15.01.33:321][  0]LogPakFile: Display: Extracted "Engine/Content/Slate/Starship/SourceControl/RC_StatusRemoteUpToDate.svg" to "/mnt/biella-extra/biella-runtime/d03-01-package-negative-04/extracted/Engine/Content/Slate/Starship/SourceControl/RC_StatusRemoteUpToDate.svg" Offset 9614300.
[2026.09.06-15.01.33:321][  0]LogPakFile: Display: Extracted "Engine/Content/Slate/Starship/SourceControl/RC_Sync.svg" to "/mnt/biella-extra/biella-runtime/d03-01-package-negative-04/extracted/Engine/Content/Slate/Starship/SourceControl/RC_Sync.svg" Offset 9615211.
[2026.09.06-15.01.33:321][  0]LogPakFile: Display: Extracted "Engine/Content/Slate/Starship/SourceControl/RC_SyncAndCheckOut.svg" to "/mnt/biella-extra/biella-runtime/d03-01-package-negative-04/extracted/Engine/Content/Slate/Starship/SourceControl/RC_SyncAndCheckOut.svg" Offset 9615641.
[2026.09.06-15.01.33:321][  0]LogPakFile: Display: Extracted "Engine/Content/Slate/Starship/SourceControl/RC_VerticalLine.svg" to "/mnt/biella-extra/biella-runtime/d03-01-package-negative-04/extracted/Engine/Content/Slate/Starship/SourceControl/RC_VerticalLine.svg" Offset 9616129.
[2026.09.06-15.01.33:321][  0]LogPakFile: Display: Extracted "Engine/Content/Slate/Starship/SourceControl/RC_VerticalLineDashed.svg" to "/mnt/biella-extra/biella-runtime/d03-01-package-negative-04/extracted/Engine/Content/Slate/Starship/SourceControl/RC_VerticalLineDashed.svg" Offset 9616344.
[2026.09.06-15.01.33:321][  0]LogPakFile: Display: Extracted "Engine/Content/Slate/Starship/SourceControl/RC_VerticalLineEnd.svg" to "/mnt/biella-extra/biella-runtime/d03-01-package-negative-04/extracted/Engine/Content/Slate/Starship/SourceControl/RC_VerticalLineEnd.svg" Offset 9616876.
[2026.09.06-15.01.33:321][  0]LogPakFile: Display: Extracted "Engine/Content/Slate/Starship/SourceControl/RC_VerticalLineStart.svg" to "/mnt/biella-extra/biella-runtime/d03-01-package-negative-04/extracted/Engine/Content/Slate/Starship/SourceControl/RC_VerticalLineStart.svg" Offset 9617502.
[2026.09.06-15.01.33:322][  0]LogPakFile: Display: Extracted "Engine/Content/Slate/Starship/SourceControl/SCC_Action_Diff.svg" to "/mnt/biella-extra/biella-runtime/d03-01-package-negative-04/extracted/Engine/Content/Slate/Starship/SourceControl/SCC_Action_Diff.svg" Offset 9617794.
[2026.09.06-15.01.33:322][  0]LogPakFile: Display: Extracted "Engine/Content/Slate/Starship/SourceControl/SCC_Action_Integrate.svg" to "/mnt/biella-extra/biella-runtime/d03-01-package-negative-04/extracted/Engine/Content/Slate/Starship/SourceControl/SCC_Action_Integrate.svg" Offset 9618057.
[2026.09.06-15.01.33:322][  0]LogPakFile: Display: Extracted "Engine/Content/Slate/Starship/SourceControl/SCC_Branched.svg" to "/mnt/biella-extra/biella-runtime/d03-01-package-negative-04/extracted/Engine/Content/Slate/Starship/SourceControl/SCC_Branched.svg" Offset 9618422.
[2026.09.06-15.01.33:322][  0]LogPakFile: Display: Extracted "Engine/Content/Slate/Starship/SourceControl/SCC_Changelist.svg" to "/mnt/biella-extra/biella-runtime/d03-01-package-negative-04/extracted/Engine/Content/Slate/Starship/SourceControl/SCC_Changelist.svg" Offset 9619104.
[2026.09.06-15.01.33:322][  0]LogPakFile: Display: Extracted "Engine/Content/Slate/Starship/SourceControl/SCC_CheckedOut.svg" to "/mnt/biella-extra/biella-runtime/d03-01-package-negative-04/extracted/Engine/Content/Slate/Starship/SourceControl/SCC_CheckedOut.svg" Offset 9619303.
[2026.09.06-15.01.33:322][  0]LogPakFile: Display: Extracted "Engine/Content/Slate/Starship/SourceControl/SCC_ContentAdd.svg" to "/mnt/biella-extra/biella-runtime/d03-01-package-negative-04/extracted/Engine/Content/Slate/Starship/SourceControl/SCC_ContentAdd.svg" Offset 9619577.
[2026.09.06-15.01.33:322][  0]LogPakFile: Display: Extracted "Engine/Content/Slate/Starship/SourceControl/SCC_DlgCheckedOutOther.svg" to "/mnt/biella-extra/biella-runtime/d03-01-package-negative-04/extracted/Engine/Content/Slate/Starship/SourceControl/SCC_DlgCheckedOutOther.svg" Offset 9619921.
[2026.09.06-15.01.33:322][  0]LogPakFile: Display: Extracted "Engine/Content/Slate/Starship/SourceControl/SCC_DlgNotCurrent.svg" to "/mnt/biella-extra/biella-runtime/d03-01-package-negative-04/extracted/Engine/Content/Slate/Starship/SourceControl/SCC_DlgNotCurrent.svg" Offset 9620777.
[2026.09.06-15.01.33:322][  0]LogPakFile: Display: Extracted "Engine/Content/Slate/Starship/SourceControl/SCC_DlgReadOnly.svg" to "/mnt/biella-extra/biella-runtime/d03-01-package-negative-04/extracted/Engine/Content/Slate/Starship/SourceControl/SCC_DlgReadOnly.svg" Offset 9621483.
[2026.09.06-15.01.33:323][  0]LogPakFile: Display: Extracted "Engine/Content/Slate/Starship/SourceControl/SCC_Lock.svg" to "/mnt/biella-extra/biella-runtime/d03-01-package-negative-04/extracted/Engine/Content/Slate/Starship/SourceControl/SCC_Lock.svg" Offset 9622296.
[2026.09.06-15.01.33:323][  0]LogPakFile: Display: Extracted "Engine/Content/Slate/Starship/SourceControl/SCC_MarkedForDelete.svg" to "/mnt/biella-extra/biella-runtime/d03-01-package-negative-04/extracted/Engine/Content/Slate/Starship/SourceControl/SCC_MarkedForDelete.svg" Offset 9623701.
[2026.09.06-15.01.33:323][  0]LogPakFile: Display: Extracted "Engine/Content/Slate/Starship/SourceControl/SCC_ModifiedOtherBranch.svg" to "/mnt/biella-extra/biella-runtime/d03-01-package-negative-04/extracted/Engine/Content/Slate/Starship/SourceControl/SCC_ModifiedOtherBranch.svg" Offset 9624439.
[2026.09.06-15.01.33:323][  0]LogPakFile: Display: Extracted "Engine/Content/Slate/Starship/SourceControl/SCC_NotInDepot.svg" to "/mnt/biella-extra/biella-runtime/d03-01-package-negative-04/extracted/Engine/Content/Slate/Starship/SourceControl/SCC_NotInDepot.svg" Offset 9625370.
[2026.09.06-15.01.33:323][  0]LogPakFile: Display: Extracted "Engine/Content/Slate/Starship/SourceControl/SCC_Shelved.svg" to "/mnt/biella-extra/biella-runtime/d03-01-package-negative-04/extracted/Engine/Content/Slate/Starship/SourceControl/SCC_Shelved.svg" Offset 9626184.
[2026.09.06-15.01.33:323][  0]LogPakFile: Display: Extracted "Engine/Content/Slate/Starship/SourceControl/SourceControl.svg" to "/mnt/biella-extra/biella-runtime/d03-01-package-negative-04/extracted/Engine/Content/Slate/Starship/SourceControl/SourceControl.svg" Offset 9626645.
[2026.09.06-15.01.33:323][  0]LogPakFile: Display: Extracted "Engine/Content/Slate/Starship/SourceControl/Status/RevisionControl.svg" to "/mnt/biella-extra/biella-runtime/d03-01-package-negative-04/extracted/Engine/Content/Slate/Starship/SourceControl/Status/RevisionControl.svg" Offset 9627533.
[2026.09.06-15.01.33:323][  0]LogPakFile: Display: Extracted "Engine/Content/Slate/Starship/SourceControl/Status/RevisionControlBadgeConnected.svg" to "/mnt/biella-extra/biella-runtime/d03-01-package-negative-04/extracted/Engine/Content/Slate/Starship/SourceControl/Status/RevisionControlBadgeConnected.svg" Offset 9628433.
[2026.09.06-15.01.33:323][  0]LogPakFile: Display: Extracted "Engine/Content/Slate/Starship/SourceControl/Status/RevisionControlBadgeWarning.svg" to "/mnt/biella-extra/biella-runtime/d03-01-package-negative-04/extracted/Engine/Content/Slate/Starship/SourceControl/Status/RevisionControlBadgeWarning.svg" Offset 9629247.
[2026.09.06-15.01.33:324][  0]LogPakFile: Display: Extracted "Engine/Content/Slate/Starship/StaticMeshEditor/DisabledOverlay_x16.png" to "/mnt/biella-extra/biella-runtime/d03-01-package-negative-04/extracted/Engine/Content/Slate/Starship/StaticMeshEditor/DisabledOverlay_x16.png" Offset 9630234.
[2026.09.06-15.01.33:324][  0]LogPakFile: Display: Extracted "Engine/Content/Slate/Starship/StatusBar/drawer-shadow-bottom.png" to "/mnt/biella-extra/biella-runtime/d03-01-package-negative-04/extracted/Engine/Content/Slate/Starship/StatusBar/drawer-shadow-bottom.png" Offset 9630470.
[2026.09.06-15.01.33:324][  0]LogPakFile: Display: Extracted "Engine/Content/Slate/Testing/BrushWireframe.png" to "/mnt/biella-extra/biella-runtime/d03-01-package-negative-04/extracted/Engine/Content/Slate/Testing/BrushWireframe.png" Offset 9632236.
[2026.09.06-15.01.33:324][  0]LogPakFile: Display: Extracted "Engine/Content/Slate/Testing/DefaultPawn_16px.png" to "/mnt/biella-extra/biella-runtime/d03-01-package-negative-04/extracted/Engine/Content/Slate/Testing/DefaultPawn_16px.png" Offset 9635571.
[2026.09.06-15.01.33:324][  0]LogPakFile: Display: Extracted "Engine/Content/Slate/Testing/FlatColorSquare.png" to "/mnt/biella-extra/biella-runtime/d03-01-package-negative-04/extracted/Engine/Content/Slate/Testing/FlatColorSquare.png" Offset 9644088.
[2026.09.06-15.01.33:324][  0]LogPakFile: Display: Extracted "Engine/Content/Slate/Testing/Hyperlink.png" to "/mnt/biella-extra/biella-runtime/d03-01-package-negative-04/extracted/Engine/Content/Slate/Testing/Hyperlink.png" Offset 9646932.
[2026.09.06-15.01.33:324][  0]LogPakFile: Display: Extracted "Engine/Content/Slate/Testing/Lit.png" to "/mnt/biella-extra/biella-runtime/d03-01-package-negative-04/extracted/Engine/Content/Slate/Testing/Lit.png" Offset 9647288.
[2026.09.06-15.01.33:324][  0]LogPakFile: Display: Extracted "Engine/Content/Slate/Testing/NewLevelBlank.png" to "/mnt/biella-extra/biella-runtime/d03-01-package-negative-04/extracted/Engine/Content/Slate/Testing/NewLevelBlank.png" Offset 9650828.
[2026.09.06-15.01.33:324][  0]LogPakFile: Display: Extracted "Engine/Content/Slate/Testing/TestRotation.png" to "/mnt/biella-extra/biella-runtime/d03-01-package-negative-04/extracted/Engine/Content/Slate/Testing/TestRotation.png" Offset 9653649.
[2026.09.06-15.01.33:325][  0]LogPakFile: Display: Extracted "Engine/Content/Slate/Testing/Unlit.png" to "/mnt/biella-extra/biella-runtime/d03-01-package-negative-04/extracted/Engine/Content/Slate/Testing/Unlit.png" Offset 9654556.
[2026.09.06-15.01.33:325][  0]LogPakFile: Display: Extracted "Engine/Content/Slate/Testing/Wireframe.png" to "/mnt/biella-extra/biella-runtime/d03-01-package-negative-04/extracted/Engine/Content/Slate/Testing/Wireframe.png" Offset 9658049.
[2026.09.06-15.01.33:325][  0]LogPakFile: Display: Extracted "Engine/Content/Slate/Tutorials/TutorialBorder.png" to "/mnt/biella-extra/biella-runtime/d03-01-package-negative-04/extracted/Engine/Content/Slate/Tutorials/TutorialBorder.png" Offset 9661470.
[2026.09.06-15.01.33:325][  0]LogPakFile: Display: Extracted "Engine/Content/Slate/Tutorials/TutorialShadow.png" to "/mnt/biella-extra/biella-runtime/d03-01-package-negative-04/extracted/Engine/Content/Slate/Tutorials/TutorialShadow.png" Offset 9662535.
[2026.09.06-15.01.33:325][  0]LogPakFile: Display: Extracted "Engine/Plugins/2D/Paper2D/Paper2D.uplugin" to "/mnt/biella-extra/biella-runtime/d03-01-package-negative-04/extracted/Engine/Plugins/2D/Paper2D/Paper2D.uplugin" Offset 10128185.
[2026.09.06-15.01.33:325][  0]LogPakFile: Display: Extracted "Engine/Plugins/2D/Paper2D/Config/DefaultPaper2D.ini" to "/mnt/biella-extra/biella-runtime/d03-01-package-negative-04/extracted/Engine/Plugins/2D/Paper2D/Config/DefaultPaper2D.ini" Offset 10127389.
[2026.09.06-15.01.33:325][  0]LogPakFile: Display: Extracted "Engine/Plugins/AI/AISupport/AISupport.uplugin" to "/mnt/biella-extra/biella-runtime/d03-01-package-negative-04/extracted/Engine/Plugins/AI/AISupport/AISupport.uplugin" Offset 10129250.
[2026.09.06-15.01.33:326][  0]LogPakFile: Display: Extracted "Engine/Plugins/AI/EnvironmentQueryEditor/EnvironmentQueryEditor.uplugin" to "/mnt/biella-extra/biella-runtime/d03-01-package-negative-04/extracted/Engine/Plugins/AI/EnvironmentQueryEditor/EnvironmentQueryEditor.uplugin" Offset 10129928.
[2026.09.06-15.01.33:326][  0]LogPakFile: Display: Extracted "Engine/Plugins/Animation/ACLPlugin/ACLPlugin.uplugin" to "/mnt/biella-extra/biella-runtime/d03-01-package-negative-04/extracted/Engine/Plugins/Animation/ACLPlugin/ACLPlugin.uplugin" Offset 10130659.
[2026.09.06-15.01.33:326][  0]LogPakFile: Display: Extracted "Engine/Plugins/Animation/ACLPlugin/Config/FilterPlugin.ini" to "/mnt/biella-extra/biella-runtime/d03-01-package-negative-04/extracted/Engine/Plugins/Animation/ACLPlugin/Config/FilterPlugin.ini" Offset 10131409.
[2026.09.06-15.01.33:326][  0]LogPakFile: Display: Extracted "Engine/Plugins/Animation/AnimationData/AnimationData.uplugin" to "/mnt/biella-extra/biella-runtime/d03-01-package-negative-04/extracted/Engine/Plugins/Animation/AnimationData/AnimationData.uplugin" Offset 10131501.
[2026.09.06-15.01.33:326][  0]LogPakFile: Display: Extracted "Engine/Plugins/Animation/AnimatorKit/AnimatorKit.uplugin" to "/mnt/biella-extra/biella-runtime/d03-01-package-negative-04/extracted/Engine/Plugins/Animation/AnimatorKit/AnimatorKit.uplugin" Offset 10132131.
[2026.09.06-15.01.33:326][  0]LogPakFile: Display: Extracted "Engine/Plugins/Animation/AnimatorKit/Config/Editor.ini" to "/mnt/biella-extra/biella-runtime/d03-01-package-negative-04/extracted/Engine/Plugins/Animation/AnimatorKit/Config/Editor.ini" Offset 10133205.
[2026.09.06-15.01.33:326][  0]LogPakFile: Display: Extracted "Engine/Plugins/Animation/ControlRig/ControlRig.uplugin" to "/mnt/biella-extra/biella-runtime/d03-01-package-negative-04/extracted/Engine/Plugins/Animation/ControlRig/ControlRig.uplugin" Offset 10138745.
[2026.09.06-15.01.33:327][  0]LogPakFile: Display: Extracted "Engine/Plugins/Animation/ControlRig/Config/DefaultControlRig.ini" to "/mnt/biella-extra/biella-runtime/d03-01-package-negative-04/extracted/Engine/Plugins/Animation/ControlRig/Config/DefaultControlRig.ini" Offset 10133958.
[2026.09.06-15.01.33:327][  0]LogPakFile: Display: Extracted "Engine/Plugins/Animation/ControlRigModules/ControlRigModules.uplugin" to "/mnt/biella-extra/biella-runtime/d03-01-package-negative-04/extracted/Engine/Plugins/Animation/ControlRigModules/ControlRigModules.uplugin" Offset 10139315.
[2026.09.06-15.01.33:327][  0]LogPakFile: Display: Extracted "Engine/Plugins/Animation/ControlRigSpline/ControlRigSpline.uplugin" to "/mnt/biella-extra/biella-runtime/d03-01-package-negative-04/extracted/Engine/Plugins/Animation/ControlRigSpline/ControlRigSpline.uplugin" Offset 10140167.
[2026.09.06-15.01.33:327][  0]LogPakFile: Display: Extracted "Engine/Plugins/Animation/DeformerGraph/DeformerGraph.uplugin" to "/mnt/biella-extra/biella-runtime/d03-01-package-negative-04/extracted/Engine/Plugins/Animation/DeformerGraph/DeformerGraph.uplugin" Offset 10141722.
[2026.09.06-15.01.33:327][  0]LogPakFile: Display: Extracted "Engine/Plugins/Animation/DeformerGraph/Config/DefaultDeformerGraph.ini" to "/mnt/biella-extra/biella-runtime/d03-01-package-negative-04/extracted/Engine/Plugins/Animation/DeformerGraph/Config/DefaultDeformerGraph.ini" Offset 10140908.
[2026.09.06-15.01.33:327][  0]LogPakFile: Display: Extracted "Engine/Plugins/Animation/DeformerGraph/Config/Editor.ini" to "/mnt/biella-extra/biella-runtime/d03-01-package-negative-04/extracted/Engine/Plugins/Animation/DeformerGraph/Config/Editor.ini" Offset 10141578.
[2026.09.06-15.01.33:327][  0]LogPakFile: Display: Extracted "Engine/Plugins/Animation/EaseCurveTool/EaseCurveTool.uplugin" to "/mnt/biella-extra/biella-runtime/d03-01-package-negative-04/extracted/Engine/Plugins/Animation/EaseCurveTool/EaseCurveTool.uplugin" Offset 10142742.
[2026.09.06-15.01.33:327][  0]LogPakFile: Display: Extracted "Engine/Plugins/Animation/GameplayInsights/GameplayInsights.uplugin" to "/mnt/biella-extra/biella-runtime/d03-01-package-negative-04/extracted/Engine/Plugins/Animation/GameplayInsights/GameplayInsights.uplugin" Offset 10143386.
[2026.09.06-15.01.33:328][  0]LogPakFile: Display: Extracted "Engine/Plugins/Animation/IKRig/IKRig.uplugin" to "/mnt/biella-extra/biella-runtime/d03-01-package-negative-04/extracted/Engine/Plugins/Animation/IKRig/IKRig.uplugin" Offset 10144609.
[2026.09.06-15.01.33:328][  0]LogPakFile: Display: Extracted "Engine/Plugins/Animation/IKRig/Config/DefaultIKRig.ini" to "/mnt/biella-extra/biella-runtime/d03-01-package-negative-04/extracted/Engine/Plugins/Animation/IKRig/Config/DefaultIKRig.ini" Offset 10143929.
[2026.09.06-15.01.33:328][  0]LogPakFile: Display: Extracted "Engine/Plugins/Animation/PhysicsControl/PhysicsControl.uplugin" to "/mnt/biella-extra/biella-runtime/d03-01-package-negative-04/extracted/Engine/Plugins/Animation/PhysicsControl/PhysicsControl.uplugin" Offset 10145531.
[2026.09.06-15.01.33:328][  0]LogPakFile: Display: Extracted "Engine/Plugins/Animation/PhysicsControl/Config/DefaultPhysicsControl.ini" to "/mnt/biella-extra/biella-runtime/d03-01-package-negative-04/extracted/Engine/Plugins/Animation/PhysicsControl/Config/DefaultPhysicsControl.ini" Offset 10145157.
[2026.09.06-15.01.33:328][  0]LogPakFile: Display: Extracted "Engine/Plugins/Animation/RigLogic/RigLogic.uplugin" to "/mnt/biella-extra/biella-runtime/d03-01-package-negative-04/extracted/Engine/Plugins/Animation/RigLogic/RigLogic.uplugin" Offset 10146646.
[2026.09.06-15.01.33:328][  0]LogPakFile: Display: Extracted "Engine/Plugins/Animation/RigLogic/Config/DefaultRigLogic.ini" to "/mnt/biella-extra/biella-runtime/d03-01-package-negative-04/extracted/Engine/Plugins/Animation/RigLogic/Config/DefaultRigLogic.ini" Offset 10146440.
[2026.09.06-15.01.33:328][  0]LogPakFile: Display: Extracted "Engine/Plugins/Animation/SkeletalMeshModelingTools/SkeletalMeshModelingTools.uplugin" to "/mnt/biella-extra/biella-runtime/d03-01-package-negative-04/extracted/Engine/Plugins/Animation/SkeletalMeshModelingTools/SkeletalMeshModelingTools.uplugin" Offset 10147196.
[2026.09.06-15.01.33:329][  0]LogPakFile: Display: Extracted "Engine/Plugins/Animation/TweeningUtils/TweeningUtils.uplugin" to "/mnt/biella-extra/biella-runtime/d03-01-package-negative-04/extracted/Engine/Plugins/Animation/TweeningUtils/TweeningUtils.uplugin" Offset 10148052.
[2026.09.06-15.01.33:329][  0]LogPakFile: Display: Extracted "Engine/Plugins/AudioInsights/AudioInsights.uplugin" to "/mnt/biella-extra/biella-runtime/d03-01-package-negative-04/extracted/Engine/Plugins/AudioInsights/AudioInsights.uplugin" Offset 10148700.
[2026.09.06-15.01.33:329][  0]LogPakFile: Display: Extracted "Engine/Plugins/AudioInsightsRuntime/AudioInsightsRuntime.uplugin" to "/mnt/biella-extra/biella-runtime/d03-01-package-negative-04/extracted/Engine/Plugins/AudioInsightsRuntime/AudioInsightsRuntime.uplugin" Offset 10149607.
[2026.09.06-15.01.33:329][  0]LogPakFile: Display: Extracted "Engine/Plugins/AudioModulationInsights/AudioModulationInsights.uplugin" to "/mnt/biella-extra/biella-runtime/d03-01-package-negative-04/extracted/Engine/Plugins/AudioModulationInsights/AudioModulationInsights.uplugin" Offset 10150251.
[2026.09.06-15.01.33:329][  0]LogPakFile: Display: Extracted "Engine/Plugins/BaseMaterial/BaseMaterial.uplugin" to "/mnt/biella-extra/biella-runtime/d03-01-package-negative-04/extracted/Engine/Plugins/BaseMaterial/BaseMaterial.uplugin" Offset 10151066.
[2026.09.06-15.01.33:329][  0]LogPakFile: Display: Extracted "Engine/Plugins/Cameras/CameraShakePreviewer/CameraShakePreviewer.uplugin" to "/mnt/biella-extra/biella-runtime/d03-01-package-negative-04/extracted/Engine/Plugins/Cameras/CameraShakePreviewer/CameraShakePreviewer.uplugin" Offset 10151562.
[2026.09.06-15.01.33:329][  0]LogPakFile: Display: Extracted "Engine/Plugins/Cameras/EngineCameras/EngineCameras.uplugin" to "/mnt/biella-extra/biella-runtime/d03-01-package-negative-04/extracted/Engine/Plugins/Cameras/EngineCameras/EngineCameras.uplugin" Offset 10152326.
[2026.09.06-15.01.33:330][  0]LogPakFile: Display: Extracted "Engine/Plugins/Cameras/GameplayCameras/GameplayCameras.uplugin" to "/mnt/biella-extra/biella-runtime/d03-01-package-negative-04/extracted/Engine/Plugins/Cameras/GameplayCameras/GameplayCameras.uplugin" Offset 10153770.
[2026.09.06-15.01.33:330][  0]LogPakFile: Display: Extracted "Engine/Plugins/Cameras/GameplayCameras/Config/DefaultGameplayCameras.ini" to "/mnt/biella-extra/biella-runtime/d03-01-package-negative-04/extracted/Engine/Plugins/Cameras/GameplayCameras/Config/DefaultGameplayCameras.ini" Offset 10152947.
[2026.09.06-15.01.33:330][  0]LogPakFile: Display: Extracted "Engine/Plugins/ChaosCloth/ChaosCloth.uplugin" to "/mnt/biella-extra/biella-runtime/d03-01-package-negative-04/extracted/Engine/Plugins/ChaosCloth/ChaosCloth.uplugin" Offset 10154783.
[2026.09.06-15.01.33:330][  0]LogPakFile: Display: Extracted "Engine/Plugins/ChaosVD/ChaosVD.uplugin" to "/mnt/biella-extra/biella-runtime/d03-01-package-negative-04/extracted/Engine/Plugins/ChaosVD/ChaosVD.uplugin" Offset 10155578.
[2026.09.06-15.01.33:330][  0]LogPakFile: Display: Extracted "Engine/Plugins/ChaosVD/Config/ConfigRedirects.ini" to "/mnt/biella-extra/biella-runtime/d03-01-package-negative-04/extracted/Engine/Plugins/ChaosVD/Config/ConfigRedirects.ini" Offset 10156157.
[2026.09.06-15.01.33:330][  0]LogPakFile: Display: Extracted "Engine/Plugins/ChaosVD/Config/DefaultChaosVD.ini" to "/mnt/biella-extra/biella-runtime/d03-01-package-negative-04/extracted/Engine/Plugins/ChaosVD/Config/DefaultChaosVD.ini" Offset 10156530.
[2026.09.06-15.01.33:330][  0]LogPakFile: Display: Extracted "Engine/Plugins/ChaosVD/Config/Engine.ini" to "/mnt/biella-extra/biella-runtime/d03-01-package-negative-04/extracted/Engine/Plugins/ChaosVD/Config/Engine.ini" Offset 10157213.
[2026.09.06-15.01.33:330][  0]LogPakFile: Display: Extracted "Engine/Plugins/Compositing/CompositeCore/CompositeCore.uplugin" to "/mnt/biella-extra/biella-runtime/d03-01-package-negative-04/extracted/Engine/Plugins/Compositing/CompositeCore/CompositeCore.uplugin" Offset 10157868.
[2026.09.06-15.01.33:331][  0]LogPakFile: Display: Extracted "Engine/Plugins/Compositing/CompositeCore/Config/DefaultCompositeCore.ini" to "/mnt/biella-extra/biella-runtime/d03-01-package-negative-04/extracted/Engine/Plugins/Compositing/CompositeCore/Config/DefaultCompositeCore.ini" Offset 10158561.
[2026.09.06-15.01.33:331][  0]LogPakFile: Display: Extracted "Engine/Plugins/Compression/OodleNetwork/OodleNetwork.uplugin" to "/mnt/biella-extra/biella-runtime/d03-01-package-negative-04/extracted/Engine/Plugins/Compression/OodleNetwork/OodleNetwork.uplugin" Offset 10159226.
[2026.09.06-15.01.33:331][  0]LogPakFile: Display: Extracted "Engine/Plugins/Dataflow/Dataflow.uplugin" to "/mnt/biella-extra/biella-runtime/d03-01-package-negative-04/extracted/Engine/Plugins/Dataflow/Dataflow.uplugin" Offset 10159793.
[2026.09.06-15.01.33:331][  0]LogPakFile: Display: Extracted "Engine/Plugins/Developer/AnimationSharing/AnimationSharing.uplugin" to "/mnt/biella-extra/biella-runtime/d03-01-package-negative-04/extracted/Engine/Plugins/Developer/AnimationSharing/AnimationSharing.uplugin" Offset 10160423.
[2026.09.06-15.01.33:331][  0]LogPakFile: Display: Extracted "Engine/Plugins/Developer/Concert/ConcertMain/ConcertMain.uplugin" to "/mnt/biella-extra/biella-runtime/d03-01-package-negative-04/extracted/Engine/Plugins/Developer/Concert/ConcertMain/ConcertMain.uplugin" Offset 10161255.
[2026.09.06-15.01.33:331][  0]LogPakFile: Display: Extracted "Engine/Plugins/Developer/Concert/ConcertSync/ConcertSyncClient/ConcertSyncClient.uplugin" to "/mnt/biella-extra/biella-runtime/d03-01-package-negative-04/extracted/Engine/Plugins/Developer/Concert/ConcertSync/ConcertSyncClient/ConcertSyncClient.uplugin" Offset 10161848.
[2026.09.06-15.01.33:332][  0]LogPakFile: Display: Extracted "Engine/Plugins/Developer/Concert/ConcertSync/ConcertSyncCore/ConcertSyncCore.uplugin" to "/mnt/biella-extra/biella-runtime/d03-01-package-negative-04/extracted/Engine/Plugins/Developer/Concert/ConcertSync/ConcertSyncCore/ConcertSyncCore.uplugin" Offset 10162728.
[2026.09.06-15.01.33:332][  0]LogPakFile: Display: Extracted "Engine/Plugins/Developer/Concert/ConcertSync/ConcertSyncCore/Config/DefaultConcertSyncCore.ini" to "/mnt/biella-extra/biella-runtime/d03-01-package-negative-04/extracted/Engine/Plugins/Developer/Concert/ConcertSync/ConcertSyncCore/Config/DefaultConcertSyncCore.ini" Offset 10163354.
[2026.09.06-15.01.33:332][  0]LogPakFile: Display: Extracted "Engine/Plugins/Developer/Concert/ConcertUI/ConcertSharedSlate/ConcertSharedSlate.uplugin" to "/mnt/biella-extra/biella-runtime/d03-01-package-negative-04/extracted/Engine/Plugins/Developer/Concert/ConcertUI/ConcertSharedSlate/ConcertSharedSlate.uplugin" Offset 10164143.
[2026.09.06-15.01.33:332][  0]LogPakFile: Display: Extracted "Engine/Plugins/Developer/DumpGPUServices/DumpGPUServices.uplugin" to "/mnt/biella-extra/biella-runtime/d03-01-package-negative-04/extracted/Engine/Plugins/Developer/DumpGPUServices/DumpGPUServices.uplugin" Offset 10165199.
[2026.09.06-15.01.33:332][  0]LogPakFile: Display: Extracted "Engine/Plugins/Developer/NamingTokens/NamingTokens.uplugin" to "/mnt/biella-extra/biella-runtime/d03-01-package-negative-04/extracted/Engine/Plugins/Developer/NamingTokens/NamingTokens.uplugin" Offset 10165916.
[2026.09.06-15.01.33:332][  0]LogPakFile: Display: Extracted "Engine/Plugins/Developer/PluginUtils/PluginUtils.uplugin" to "/mnt/biella-extra/biella-runtime/d03-01-package-negative-04/extracted/Engine/Plugins/Developer/PluginUtils/PluginUtils.uplugin" Offset 10166861.
[2026.09.06-15.01.33:332][  0]LogPakFile: Display: Extracted "Engine/Plugins/Developer/ProjectLauncher/ProjectLauncher.uplugin" to "/mnt/biella-extra/biella-runtime/d03-01-package-negative-04/extracted/Engine/Plugins/Developer/ProjectLauncher/ProjectLauncher.uplugin" Offset 10167659.
[2026.09.06-15.01.33:333][  0]LogPakFile: Display: Extracted "Engine/Plugins/Developer/RenderDocPlugin/RenderDocPlugin.uplugin" to "/mnt/biella-extra/biella-runtime/d03-01-package-negative-04/extracted/Engine/Plugins/Developer/RenderDocPlugin/RenderDocPlugin.uplugin" Offset 10168698.
[2026.09.06-15.01.33:333][  0]LogPakFile: Display: Extracted "Engine/Plugins/Developer/Sandbox/FileSandbox/FileSandbox.uplugin" to "/mnt/biella-extra/biella-runtime/d03-01-package-negative-04/extracted/Engine/Plugins/Developer/Sandbox/FileSandbox/FileSandbox.uplugin" Offset 10169319.
[2026.09.06-15.01.33:333][  0]LogPakFile: Display: Extracted "Engine/Plugins/Developer/UObjectPlugin/UObjectPlugin.uplugin" to "/mnt/biella-extra/biella-runtime/d03-01-package-negative-04/extracted/Engine/Plugins/Developer/UObjectPlugin/UObjectPlugin.uplugin" Offset 10170016.
[2026.09.06-15.01.33:333][  0]LogPakFile: Display: Extracted "Engine/Plugins/Editor/AssetManagerEditor/AssetManagerEditor.uplugin" to "/mnt/biella-extra/biella-runtime/d03-01-package-negative-04/extracted/Engine/Plugins/Editor/AssetManagerEditor/AssetManagerEditor.uplugin" Offset 10170705.
[2026.09.06-15.01.33:333][  0]LogPakFile: Display: Extracted "Engine/Plugins/Editor/BlueprintHeaderView/BlueprintHeaderView.uplugin" to "/mnt/biella-extra/biella-runtime/d03-01-package-negative-04/extracted/Engine/Plugins/Editor/BlueprintHeaderView/BlueprintHeaderView.uplugin" Offset 10171430.
[2026.09.06-15.01.33:333][  0]LogPakFile: Display: Extracted "Engine/Plugins/Editor/BlueprintMaterialTextureNodes/BlueprintMaterialTextureNodes.uplugin" to "/mnt/biella-extra/biella-runtime/d03-01-package-negative-04/extracted/Engine/Plugins/Editor/BlueprintMaterialTextureNodes/BlueprintMaterialTextureNodes.uplugin" Offset 10172098.
[2026.09.06-15.01.33:333][  0]LogPakFile: Display: Extracted "Engine/Plugins/Editor/ColorGrading/ColorGrading.uplugin" to "/mnt/biella-extra/biella-runtime/d03-01-package-negative-04/extracted/Engine/Plugins/Editor/ColorGrading/ColorGrading.uplugin" Offset 10172825.
[2026.09.06-15.01.33:333][  0]LogPakFile: Display: Extracted "Engine/Plugins/Editor/ConsoleVariablesEditor/ConsoleVariables.uplugin" to "/mnt/biella-extra/biella-runtime/d03-01-package-negative-04/extracted/Engine/Plugins/Editor/ConsoleVariablesEditor/ConsoleVariables.uplugin" Offset 10173697.
[2026.09.06-15.01.33:334][  0]LogPakFile: Display: Extracted "Engine/Plugins/Editor/ConsoleVariablesEditor/Config/DefaultConsoleVariables.ini" to "/mnt/biella-extra/biella-runtime/d03-01-package-negative-04/extracted/Engine/Plugins/Editor/ConsoleVariablesEditor/Config/DefaultConsoleVariables.ini" Offset 10173474.
[2026.09.06-15.01.33:334][  0]LogPakFile: Display: Extracted "Engine/Plugins/Editor/ContentBrowser/ContentBrowserAssetDataSource/ContentBrowserAssetDataSource.uplugin" to "/mnt/biella-extra/biella-runtime/d03-01-package-negative-04/extracted/Engine/Plugins/Editor/ContentBrowser/ContentBrowserAssetDataSource/ContentBrowserAssetDataSource.uplugin" Offset 10174729.
[2026.09.06-15.01.33:334][  0]LogPakFile: Display: Extracted "Engine/Plugins/Editor/CurveEditorTools/CurveEditorTools.uplugin" to "/mnt/biella-extra/biella-runtime/d03-01-package-negative-04/extracted/Engine/Plugins/Editor/CurveEditorTools/CurveEditorTools.uplugin" Offset 10175465.
[2026.09.06-15.01.33:334][  0]LogPakFile: Display: Extracted "Engine/Plugins/Editor/DataValidation/DataValidation.uplugin" to "/mnt/biella-extra/biella-runtime/d03-01-package-negative-04/extracted/Engine/Plugins/Editor/DataValidation/DataValidation.uplugin" Offset 10176141.
[2026.09.06-15.01.33:334][  0]LogPakFile: Display: Extracted "Engine/Plugins/Editor/EditorScriptingUtilities/EditorScriptingUtilities.uplugin" to "/mnt/biella-extra/biella-runtime/d03-01-package-negative-04/extracted/Engine/Plugins/Editor/EditorScriptingUtilities/EditorScriptingUtilities.uplugin" Offset 10177137.
[2026.09.06-15.01.33:334][  0]LogPakFile: Display: Extracted "Engine/Plugins/Editor/EditorScriptingUtilities/Config/DefaultEditorScriptingUtilities.ini" to "/mnt/biella-extra/biella-runtime/d03-01-package-negative-04/extracted/Engine/Plugins/Editor/EditorScriptingUtilities/Config/DefaultEditorScriptingUtilities.ini" Offset 10176748.
[2026.09.06-15.01.33:334][  0]LogPakFile: Display: Extracted "Engine/Plugins/Editor/EngineAssetDefinitions/EngineAssetDefinitions.uplugin" to "/mnt/biella-extra/biella-runtime/d03-01-package-negative-04/extracted/Engine/Plugins/Editor/EngineAssetDefinitions/EngineAssetDefinitions.uplugin" Offset 10177815.
[2026.09.06-15.01.33:335][  0]LogPakFile: Display: Extracted "Engine/Plugins/Editor/FacialAnimation/FacialAnimation.uplugin" to "/mnt/biella-extra/biella-runtime/d03-01-package-negative-04/extracted/Engine/Plugins/Editor/FacialAnimation/FacialAnimation.uplugin" Offset 10178405.
[2026.09.06-15.01.33:335][  0]LogPakFile: Display: Extracted "Engine/Plugins/Editor/GeometryMode/GeometryMode.uplugin" to "/mnt/biella-extra/biella-runtime/d03-01-package-negative-04/extracted/Engine/Plugins/Editor/GeometryMode/GeometryMode.uplugin" Offset 10179197.
[2026.09.06-15.01.33:335][  0]LogPakFile: Display: Extracted "Engine/Plugins/Editor/MaterialAssetWizard/MaterialAssetWizard.uplugin" to "/mnt/biella-extra/biella-runtime/d03-01-package-negative-04/extracted/Engine/Plugins/Editor/MaterialAssetWizard/MaterialAssetWizard.uplugin" Offset 10179939.
[2026.09.06-15.01.33:335][  0]LogPakFile: Display: Extracted "Engine/Plugins/Editor/ObjectMixer/LightMixer/LightMixer.uplugin" to "/mnt/biella-extra/biella-runtime/d03-01-package-negative-04/extracted/Engine/Plugins/Editor/ObjectMixer/LightMixer/LightMixer.uplugin" Offset 10180675.
[2026.09.06-15.01.33:335][  0]LogPakFile: Display: Extracted "Engine/Plugins/Editor/ObjectMixer/ObjectMixer/ObjectMixer.uplugin" to "/mnt/biella-extra/biella-runtime/d03-01-package-negative-04/extracted/Engine/Plugins/Editor/ObjectMixer/ObjectMixer/ObjectMixer.uplugin" Offset 10181358.
[2026.09.06-15.01.33:335][  0]LogPakFile: Display: Extracted "Engine/Plugins/Editor/ProxyLODPlugin/ProxyLODPlugin.uplugin" to "/mnt/biella-extra/biella-runtime/d03-01-package-negative-04/extracted/Engine/Plugins/Editor/ProxyLODPlugin/ProxyLODPlugin.uplugin" Offset 10182061.
[2026.09.06-15.01.33:335][  0]LogPakFile: Display: Extracted "Engine/Plugins/Editor/SequencerAnimTools/SequencerAnimTools.uplugin" to "/mnt/biella-extra/biella-runtime/d03-01-package-negative-04/extracted/Engine/Plugins/Editor/SequencerAnimTools/SequencerAnimTools.uplugin" Offset 10182729.
[2026.09.06-15.01.33:336][  0]LogPakFile: Display: Extracted "Engine/Plugins/Editor/SpeedTreeImporter/SpeedTreeImporter.uplugin" to "/mnt/biella-extra/biella-runtime/d03-01-package-negative-04/extracted/Engine/Plugins/Editor/SpeedTreeImporter/SpeedTreeImporter.uplugin" Offset 10183541.
[2026.09.06-15.01.33:336][  0]LogPakFile: Display: Extracted "Engine/Plugins/Editor/UMGWidgetPreview/UMGWidgetPreview.uplugin" to "/mnt/biella-extra/biella-runtime/d03-01-package-negative-04/extracted/Engine/Plugins/Editor/UMGWidgetPreview/UMGWidgetPreview.uplugin" Offset 10184118.
[2026.09.06-15.01.33:336][  0]LogPakFile: Display: Extracted "Engine/Plugins/Editor/UVEditor/UVEditor.uplugin" to "/mnt/biella-extra/biella-runtime/d03-01-package-negative-04/extracted/Engine/Plugins/Editor/UVEditor/UVEditor.uplugin" Offset 10184818.
[2026.09.06-15.01.33:336][  0]LogPakFile: Display: Extracted "Engine/Plugins/EnhancedInput/EnhancedInput.uplugin" to "/mnt/biella-extra/biella-runtime/d03-01-package-negative-04/extracted/Engine/Plugins/EnhancedInput/EnhancedInput.uplugin" Offset 10187001.
[2026.09.06-15.01.33:336][  0]LogPakFile: Display: Extracted "Engine/Plugins/EnhancedInput/Config/DefaultEnhancedInput.ini" to "/mnt/biella-extra/biella-runtime/d03-01-package-negative-04/extracted/Engine/Plugins/EnhancedInput/Config/DefaultEnhancedInput.ini" Offset 10185846.
[2026.09.06-15.01.33:336][  0]LogPakFile: Display: Extracted "Engine/Plugins/EnhancedInput/Config/Input.ini" to "/mnt/biella-extra/biella-runtime/d03-01-package-negative-04/extracted/Engine/Plugins/EnhancedInput/Config/Input.ini" Offset 10186388.
[2026.09.06-15.01.33:336][  0]LogPakFile: Display: Extracted "Engine/Plugins/Enterprise/DatasmithContent/DatasmithContent.uplugin" to "/mnt/biella-extra/biella-runtime/d03-01-package-negative-04/extracted/Engine/Plugins/Enterprise/DatasmithContent/DatasmithContent.uplugin" Offset 10188640.
[2026.09.06-15.01.33:336][  0]LogPakFile: Display: Extracted "Engine/Plugins/Enterprise/DatasmithContent/Config/DefaultDatasmithContent.ini" to "/mnt/biella-extra/biella-runtime/d03-01-package-negative-04/extracted/Engine/Plugins/Enterprise/DatasmithContent/Config/DefaultDatasmithContent.ini" Offset 10187926.
[2026.09.06-15.01.33:337][  0]LogPakFile: Display: Extracted "Engine/Plugins/Enterprise/GLTFExporter/GLTFExporter.uplugin" to "/mnt/biella-extra/biella-runtime/d03-01-package-negative-04/extracted/Engine/Plugins/Enterprise/GLTFExporter/GLTFExporter.uplugin" Offset 10189712.
[2026.09.06-15.01.33:337][  0]LogPakFile: Display: Extracted "Engine/Plugins/Enterprise/GLTFExporter/Config/DefaultGLTFExporter.ini" to "/mnt/biella-extra/biella-runtime/d03-01-package-negative-04/extracted/Engine/Plugins/Enterprise/GLTFExporter/Config/DefaultGLTFExporter.ini" Offset 10189469.
[2026.09.06-15.01.33:337][  0]LogPakFile: Display: Extracted "Engine/Plugins/Enterprise/GLTFExporter/Config/FilterPlugin.ini" to "/mnt/biella-extra/biella-runtime/d03-01-package-negative-04/extracted/Engine/Plugins/Enterprise/GLTFExporter/Config/FilterPlugin.ini" Offset 10189630.
[2026.09.06-15.01.33:337][  0]LogPakFile: Display: Extracted "Engine/Plugins/Enterprise/VariantManager/VariantManager.uplugin" to "/mnt/biella-extra/biella-runtime/d03-01-package-negative-04/extracted/Engine/Plugins/Enterprise/VariantManager/VariantManager.uplugin" Offset 10190563.
[2026.09.06-15.01.33:337][  0]LogPakFile: Display: Extracted "Engine/Plugins/Enterprise/VariantManagerContent/VariantManagerContent.uplugin" to "/mnt/biella-extra/biella-runtime/d03-01-package-negative-04/extracted/Engine/Plugins/Enterprise/VariantManagerContent/VariantManagerContent.uplugin" Offset 10191504.
[2026.09.06-15.01.33:337][  0]LogPakFile: Display: Extracted "Engine/Plugins/Enterprise/VariantManagerContent/Config/DefaultVariantManagerContent.ini" to "/mnt/biella-extra/biella-runtime/d03-01-package-negative-04/extracted/Engine/Plugins/Enterprise/VariantManagerContent/Config/DefaultVariantManagerContent.ini" Offset 10191291.
[2026.09.06-15.01.33:337][  0]LogPakFile: Display: Extracted "Engine/Plugins/Experimental/Animation/Scribble/Scribble.uplugin" to "/mnt/biella-extra/biella-runtime/d03-01-package-negative-04/extracted/Engine/Plugins/Experimental/Animation/Scribble/Scribble.uplugin" Offset 10192347.
[2026.09.06-15.01.33:338][  0]LogPakFile: Display: Extracted "Engine/Plugins/Experimental/Animation/Scribble/Config/DefaultScribble.ini" to "/mnt/biella-extra/biella-runtime/d03-01-package-negative-04/extracted/Engine/Plugins/Experimental/Animation/Scribble/Config/DefaultScribble.ini" Offset 10192291.
[2026.09.06-15.01.33:338][  0]LogPakFile: Display: Extracted "Engine/Plugins/Experimental/AutomationUtils/AutomationUtils.uplugin" to "/mnt/biella-extra/biella-runtime/d03-01-package-negative-04/extracted/Engine/Plugins/Experimental/AutomationUtils/AutomationUtils.uplugin" Offset 10193040.
[2026.09.06-15.01.33:338][  0]LogPakFile: Display: Extracted "Engine/Plugins/Experimental/BackChannel/BackChannel.uplugin" to "/mnt/biella-extra/biella-runtime/d03-01-package-negative-04/extracted/Engine/Plugins/Experimental/BackChannel/BackChannel.uplugin" Offset 10193750.
[2026.09.06-15.01.33:338][  0]LogPakFile: Display: Extracted "Engine/Plugins/Experimental/Buoyancy/Buoyancy.uplugin" to "/mnt/biella-extra/biella-runtime/d03-01-package-negative-04/extracted/Engine/Plugins/Experimental/Buoyancy/Buoyancy.uplugin" Offset 10194325.
[2026.09.06-15.01.33:338][  0]LogPakFile: Display: Extracted "Engine/Plugins/Experimental/ChaosCaching/ChaosCaching.uplugin" to "/mnt/biella-extra/biella-runtime/d03-01-package-negative-04/extracted/Engine/Plugins/Experimental/ChaosCaching/ChaosCaching.uplugin" Offset 10195095.
[2026.09.06-15.01.33:338][  0]LogPakFile: Display: Extracted "Engine/Plugins/Experimental/ChaosEditor/ChaosEditor.uplugin" to "/mnt/biella-extra/biella-runtime/d03-01-package-negative-04/extracted/Engine/Plugins/Experimental/ChaosEditor/ChaosEditor.uplugin" Offset 10195895.
[2026.09.06-15.01.33:338][  0]LogPakFile: Display: Extracted "Engine/Plugins/Experimental/ChaosNiagara/ChaosNiagara.uplugin" to "/mnt/biella-extra/biella-runtime/d03-01-package-negative-04/extracted/Engine/Plugins/Experimental/ChaosNiagara/ChaosNiagara.uplugin" Offset 10196830.
[2026.09.06-15.01.33:338][  0]LogPakFile: Display: Extracted "Engine/Plugins/Experimental/ChaosSolverPlugin/ChaosSolverPlugin.uplugin" to "/mnt/biella-extra/biella-runtime/d03-01-package-negative-04/extracted/Engine/Plugins/Experimental/ChaosSolverPlugin/ChaosSolverPlugin.uplugin" Offset 10197569.
[2026.09.06-15.01.33:339][  0]LogPakFile: Display: Extracted "Engine/Plugins/Experimental/ChaosUserDataPT/ChaosUserDataPT.uplugin" to "/mnt/biella-extra/biella-runtime/d03-01-package-negative-04/extracted/Engine/Plugins/Experimental/ChaosUserDataPT/ChaosUserDataPT.uplugin" Offset 10198194.
[2026.09.06-15.01.33:339][  0]LogPakFile: Display: Extracted "Engine/Plugins/Experimental/CharacterAI/CharacterAI.uplugin" to "/mnt/biella-extra/biella-runtime/d03-01-package-negative-04/extracted/Engine/Plugins/Experimental/CharacterAI/CharacterAI.uplugin" Offset 10198812.
[2026.09.06-15.01.33:339][  0]LogPakFile: Display: Extracted "Engine/Plugins/Experimental/ControlRigPhysics/ControlRigPhysics.uplugin" to "/mnt/biella-extra/biella-runtime/d03-01-package-negative-04/extracted/Engine/Plugins/Experimental/ControlRigPhysics/ControlRigPhysics.uplugin" Offset 10199655.
[2026.09.06-15.01.33:339][  0]LogPakFile: Display: Extracted "Engine/Plugins/Experimental/ControlRigPhysics/Config/DefaultControlRigPhysics.ini" to "/mnt/biella-extra/biella-runtime/d03-01-package-negative-04/extracted/Engine/Plugins/Experimental/ControlRigPhysics/Config/DefaultControlRigPhysics.ini" Offset 10199443.
[2026.09.06-15.01.33:339][  0]LogPakFile: Display: Extracted "Engine/Plugins/Experimental/EditorDataStorage/EditorDataStorage.uplugin" to "/mnt/biella-extra/biella-runtime/d03-01-package-negative-04/extracted/Engine/Plugins/Experimental/EditorDataStorage/EditorDataStorage.uplugin" Offset 10200524.
[2026.09.06-15.01.33:339][  0]LogPakFile: Display: Extracted "Engine/Plugins/Experimental/EditorDataStorageFeatures/EditorDataStorageFeatures.uplugin" to "/mnt/biella-extra/biella-runtime/d03-01-package-negative-04/extracted/Engine/Plugins/Experimental/EditorDataStorageFeatures/EditorDataStorageFeatures.uplugin" Offset 10201325.
[2026.09.06-15.01.33:339][  0]LogPakFile: Display: Extracted "Engine/Plugins/Experimental/EditorPerformance/EditorPerformance.uplugin" to "/mnt/biella-extra/biella-runtime/d03-01-package-negative-04/extracted/Engine/Plugins/Experimental/EditorPerformance/EditorPerformance.uplugin" Offset 10201973.
[2026.09.06-15.01.33:339][  0]LogPakFile: Display: Extracted "Engine/Plugins/Experimental/EditorTRSGizmo/EditorTRSGizmo.uplugin" to "/mnt/biella-extra/biella-runtime/d03-01-package-negative-04/extracted/Engine/Plugins/Experimental/EditorTRSGizmo/EditorTRSGizmo.uplugin" Offset 10202865.
[2026.09.06-15.01.33:340][  0]LogPakFile: Display: Extracted "Engine/Plugins/Experimental/Fracture/Fracture.uplugin" to "/mnt/biella-extra/biella-runtime/d03-01-package-negative-04/extracted/Engine/Plugins/Experimental/Fracture/Fracture.uplugin" Offset 10203442.
[2026.09.06-15.01.33:340][  0]LogPakFile: Display: Extracted "Engine/Plugins/Experimental/FullBodyIK/FullBodyIK.uplugin" to "/mnt/biella-extra/biella-runtime/d03-01-package-negative-04/extracted/Engine/Plugins/Experimental/FullBodyIK/FullBodyIK.uplugin" Offset 10204253.
[2026.09.06-15.01.33:340][  0]LogPakFile: Display: Extracted "Engine/Plugins/Experimental/FullBodyIK/Config/DefaultFullBodyIK.ini" to "/mnt/biella-extra/biella-runtime/d03-01-package-negative-04/extracted/Engine/Plugins/Experimental/FullBodyIK/Config/DefaultFullBodyIK.ini" Offset 10204078.
[2026.09.06-15.01.33:340][  0]LogPakFile: Display: Extracted "Engine/Plugins/Experimental/GeometryCollectionPlugin/GeometryCollectionPlugin.uplugin" to "/mnt/biella-extra/biella-runtime/d03-01-package-negative-04/extracted/Engine/Plugins/Experimental/GeometryCollectionPlugin/GeometryCollectionPlugin.uplugin" Offset 10204938.
[2026.09.06-15.01.33:340][  0]LogPakFile: Display: Extracted "Engine/Plugins/Experimental/GeometryDataflow/GeometryDataflow.uplugin" to "/mnt/biella-extra/biella-runtime/d03-01-package-negative-04/extracted/Engine/Plugins/Experimental/GeometryDataflow/GeometryDataflow.uplugin" Offset 10205520.
[2026.09.06-15.01.33:340][  0]LogPakFile: Display: Extracted "Engine/Plugins/Experimental/GizmoFramework/GizmoFramework.uplugin" to "/mnt/biella-extra/biella-runtime/d03-01-package-negative-04/extracted/Engine/Plugins/Experimental/GizmoFramework/GizmoFramework.uplugin" Offset 10206388.
[2026.09.06-15.01.33:340][  0]LogPakFile: Display: Extracted "Engine/Plugins/Experimental/GlobalConfigurationData/GlobalConfigurationData.uplugin" to "/mnt/biella-extra/biella-runtime/d03-01-package-negative-04/extracted/Engine/Plugins/Experimental/GlobalConfigurationData/GlobalConfigurationData.uplugin" Offset 10206962.
[2026.09.06-15.01.33:341][  0]LogPakFile: Display: Extracted "Engine/Plugins/Experimental/InterchangeAxF/Assets/InterchangeAxfAssets.uplugin" to "/mnt/biella-extra/biella-runtime/d03-01-package-negative-04/extracted/Engine/Plugins/Experimental/InterchangeAxF/Assets/InterchangeAxfAssets.uplugin" Offset 10208833.
[2026.09.06-15.01.33:341][  0]LogPakFile: Display: Extracted "Engine/Plugins/Experimental/InterchangeAxF/Assets/Config/DefaultInterchangeAxFAssets.ini" to "/mnt/biella-extra/biella-runtime/d03-01-package-negative-04/extracted/Engine/Plugins/Experimental/InterchangeAxF/Assets/Config/DefaultInterchangeAxFAssets.ini" Offset 10207837.
[2026.09.06-15.01.33:341][  0]LogPakFile: Display: Extracted "Engine/Plugins/Experimental/InterchangeAxF/Assets/Config/FilterPlugin.ini" to "/mnt/biella-extra/biella-runtime/d03-01-package-negative-04/extracted/Engine/Plugins/Experimental/InterchangeAxF/Assets/Config/FilterPlugin.ini" Offset 10208762.
[2026.09.06-15.01.33:341][  0]LogPakFile: Display: Extracted "Engine/Plugins/Experimental/Landmass/Landmass.uplugin" to "/mnt/biella-extra/biella-runtime/d03-01-package-negative-04/extracted/Engine/Plugins/Experimental/Landmass/Landmass.uplugin" Offset 10209575.
[2026.09.06-15.01.33:341][  0]LogPakFile: Display: Extracted "Engine/Plugins/Experimental/LevelSequenceNavigatorBridge/LevelSequenceNavigatorBridge.uplugin" to "/mnt/biella-extra/biella-runtime/d03-01-package-negative-04/extracted/Engine/Plugins/Experimental/LevelSequenceNavigatorBridge/LevelSequenceNavigatorBridge.uplugin" Offset 10210154.
[2026.09.06-15.01.33:341][  0]LogPakFile: Display: Extracted "Engine/Plugins/Experimental/LocalizableMessage/LocalizableMessage.uplugin" to "/mnt/biella-extra/biella-runtime/d03-01-package-negative-04/extracted/Engine/Plugins/Experimental/LocalizableMessage/LocalizableMessage.uplugin" Offset 10210966.
[2026.09.06-15.01.33:341][  0]LogPakFile: Display: Extracted "Engine/Plugins/Experimental/MutableAssetUserData/MutableAssetUserData.uplugin" to "/mnt/biella-extra/biella-runtime/d03-01-package-negative-04/extracted/Engine/Plugins/Experimental/MutableAssetUserData/MutableAssetUserData.uplugin" Offset 10211730.
[2026.09.06-15.01.33:342][  0]LogPakFile: Display: Extracted "Engine/Plugins/Experimental/NFORDenoise/NFORDenoise.uplugin" to "/mnt/biella-extra/biella-runtime/d03-01-package-negative-04/extracted/Engine/Plugins/Experimental/NFORDenoise/NFORDenoise.uplugin" Offset 10212424.
[2026.09.06-15.01.33:342][  0]LogPakFile: Display: Extracted "Engine/Plugins/Experimental/PlanarCutPlugin/PlanarCut.uplugin" to "/mnt/biella-extra/biella-runtime/d03-01-package-negative-04/extracted/Engine/Plugins/Experimental/PlanarCutPlugin/PlanarCut.uplugin" Offset 10213418.
[2026.09.06-15.01.33:342][  0]LogPakFile: Display: Extracted "Engine/Plugins/Experimental/PlatformCrypto/PlatformCrypto.uplugin" to "/mnt/biella-extra/biella-runtime/d03-01-package-negative-04/extracted/Engine/Plugins/Experimental/PlatformCrypto/PlatformCrypto.uplugin" Offset 10214180.
[2026.09.06-15.01.33:342][  0]LogPakFile: Display: Extracted "Engine/Plugins/Experimental/PythonScriptPlugin/PythonScriptPlugin.uplugin" to "/mnt/biella-extra/biella-runtime/d03-01-package-negative-04/extracted/Engine/Plugins/Experimental/PythonScriptPlugin/PythonScriptPlugin.uplugin" Offset 10214830.
[2026.09.06-15.01.33:342][  0]LogPakFile: Display: Extracted "Engine/Plugins/Experimental/RuntimeTelemetry/RuntimeTelemetry.uplugin" to "/mnt/biella-extra/biella-runtime/d03-01-package-negative-04/extracted/Engine/Plugins/Experimental/RuntimeTelemetry/RuntimeTelemetry.uplugin" Offset 10215889.
[2026.09.06-15.01.33:342][  0]LogPakFile: Display: Extracted "Engine/Plugins/Experimental/ToolPresets/ToolPresets.uplugin" to "/mnt/biella-extra/biella-runtime/d03-01-package-negative-04/extracted/Engine/Plugins/Experimental/ToolPresets/ToolPresets.uplugin" Offset 10216904.
[2026.09.06-15.01.33:342][  0]LogPakFile: Display: Extracted "Engine/Plugins/Experimental/ToolPresets/Config/DefaultToolPresets.ini" to "/mnt/biella-extra/biella-runtime/d03-01-package-negative-04/extracted/Engine/Plugins/Experimental/ToolPresets/Config/DefaultToolPresets.ini" Offset 10216502.
[2026.09.06-15.01.33:342][  0]LogPakFile: Display: Extracted "Engine/Plugins/Experimental/Water/Water.uplugin" to "/mnt/biella-extra/biella-runtime/d03-01-package-negative-04/extracted/Engine/Plugins/Experimental/Water/Water.uplugin" Offset 10217615.
[2026.09.06-15.01.33:343][  0]LogPakFile: Display: Extracted "Engine/Plugins/FX/Cascade/Cascade.uplugin" to "/mnt/biella-extra/biella-runtime/d03-01-package-negative-04/extracted/Engine/Plugins/FX/Cascade/Cascade.uplugin" Offset 10218642.
[2026.09.06-15.01.33:343][  0]LogPakFile: Display: Extracted "Engine/Plugins/FX/Niagara/Niagara.uplugin" to "/mnt/biella-extra/biella-runtime/d03-01-package-negative-04/extracted/Engine/Plugins/FX/Niagara/Niagara.uplugin" Offset 10224351.
[2026.09.06-15.01.33:343][  0]LogPakFile: Display: Extracted "Engine/Plugins/FX/Niagara/Config/DefaultNiagara.ini" to "/mnt/biella-extra/biella-runtime/d03-01-package-negative-04/extracted/Engine/Plugins/FX/Niagara/Config/DefaultNiagara.ini" Offset 10219308.
[2026.09.06-15.01.33:343][  0]LogPakFile: Display: Extracted "Engine/Plugins/FX/NiagaraPreviewContent/NiagaraPreviewContent.uplugin" to "/mnt/biella-extra/biella-runtime/d03-01-package-negative-04/extracted/Engine/Plugins/FX/NiagaraPreviewContent/NiagaraPreviewContent.uplugin" Offset 10224905.
[2026.09.06-15.01.33:343][  0]LogPakFile: Display: Extracted "Engine/Plugins/FX/NiagaraSimCaching/NiagaraSimCaching.uplugin" to "/mnt/biella-extra/biella-runtime/d03-01-package-negative-04/extracted/Engine/Plugins/FX/NiagaraSimCaching/NiagaraSimCaching.uplugin" Offset 10225499.
[2026.09.06-15.01.33:343][  0]LogPakFile: Display: Extracted "Engine/Plugins/Importers/AlembicImporter/AlembicImporter.uplugin" to "/mnt/biella-extra/biella-runtime/d03-01-package-negative-04/extracted/Engine/Plugins/Importers/AlembicImporter/AlembicImporter.uplugin" Offset 10226490.
[2026.09.06-15.01.33:343][  0]LogPakFile: Display: Extracted "Engine/Plugins/Interchange/Assets/InterchangeAssets.uplugin" to "/mnt/biella-extra/biella-runtime/d03-01-package-negative-04/extracted/Engine/Plugins/Interchange/Assets/InterchangeAssets.uplugin" Offset 10229307.
[2026.09.06-15.01.33:344][  0]LogPakFile: Display: Extracted "Engine/Plugins/Interchange/Assets/Config/DefaultInterchangeAssets.ini" to "/mnt/biella-extra/biella-runtime/d03-01-package-negative-04/extracted/Engine/Plugins/Interchange/Assets/Config/DefaultInterchangeAssets.ini" Offset 10227437.
[2026.09.06-15.01.33:344][  0]LogPakFile: Display: Extracted "Engine/Plugins/Interchange/Editor/InterchangeEditor.uplugin" to "/mnt/biella-extra/biella-runtime/d03-01-package-negative-04/extracted/Engine/Plugins/Interchange/Editor/InterchangeEditor.uplugin" Offset 10230070.
[2026.09.06-15.01.33:344][  0]LogPakFile: Display: Extracted "Engine/Plugins/Interchange/Runtime/Interchange.uplugin" to "/mnt/biella-extra/biella-runtime/d03-01-package-negative-04/extracted/Engine/Plugins/Interchange/Runtime/Interchange.uplugin" Offset 10232532.
[2026.09.06-15.01.33:344][  0]LogPakFile: Display: Extracted "Engine/Plugins/Interchange/Runtime/Config/DefaultInterchange.ini" to "/mnt/biella-extra/biella-runtime/d03-01-package-negative-04/extracted/Engine/Plugins/Interchange/Runtime/Config/DefaultInterchange.ini" Offset 10230650.
[2026.09.06-15.01.33:344][  0]LogPakFile: Display: Extracted "Engine/Plugins/Media/AvfMedia/AvfMedia.uplugin" to "/mnt/biella-extra/biella-runtime/d03-01-package-negative-04/extracted/Engine/Plugins/Media/AvfMedia/AvfMedia.uplugin" Offset 10233346.
[2026.09.06-15.01.33:344][  0]LogPakFile: Display: Extracted "Engine/Plugins/Media/ImgMedia/ImgMedia.uplugin" to "/mnt/biella-extra/biella-runtime/d03-01-package-negative-04/extracted/Engine/Plugins/Media/ImgMedia/ImgMedia.uplugin" Offset 10233999.
[2026.09.06-15.01.33:345][  0]LogPakFile: Display: Extracted "Engine/Plugins/Media/MediaCompositing/MediaCompositing.uplugin" to "/mnt/biella-extra/biella-runtime/d03-01-package-negative-04/extracted/Engine/Plugins/Media/MediaCompositing/MediaCompositing.uplugin" Offset 10234753.
[2026.09.06-15.01.33:345][  0]LogPakFile: Display: Extracted "Engine/Plugins/Media/MediaPlate/MediaPlate.uplugin" to "/mnt/biella-extra/biella-runtime/d03-01-package-negative-04/extracted/Engine/Plugins/Media/MediaPlate/MediaPlate.uplugin" Offset 10235573.
[2026.09.06-15.01.33:345][  0]LogPakFile: Display: Extracted "Engine/Plugins/Media/MP4Utilities/MP4Utilities.uplugin" to "/mnt/biella-extra/biella-runtime/d03-01-package-negative-04/extracted/Engine/Plugins/Media/MP4Utilities/MP4Utilities.uplugin" Offset 10236145.
[2026.09.06-15.01.33:345][  0]LogPakFile: Display: Extracted "Engine/Plugins/Media/TmvMedia/TmvMedia.uplugin" to "/mnt/biella-extra/biella-runtime/d03-01-package-negative-04/extracted/Engine/Plugins/Media/TmvMedia/TmvMedia.uplugin" Offset 10236888.
[2026.09.06-15.01.33:345][  0]LogPakFile: Display: Extracted "Engine/Plugins/Media/WebMMedia/WebMMedia.uplugin" to "/mnt/biella-extra/biella-runtime/d03-01-package-negative-04/extracted/Engine/Plugins/Media/WebMMedia/WebMMedia.uplugin" Offset 10237538.
[2026.09.06-15.01.33:345][  0]LogPakFile: Display: Extracted "Engine/Plugins/Media/WmfMedia/WmfMedia.uplugin" to "/mnt/biella-extra/biella-runtime/d03-01-package-negative-04/extracted/Engine/Plugins/Media/WmfMedia/WmfMedia.uplugin" Offset 10238582.
[2026.09.06-15.01.33:345][  0]LogPakFile: Display: Extracted "Engine/Plugins/MeshPainting/MeshPainting.uplugin" to "/mnt/biella-extra/biella-runtime/d03-01-package-negative-04/extracted/Engine/Plugins/MeshPainting/MeshPainting.uplugin" Offset 10239227.
[2026.09.06-15.01.33:345][  0]LogPakFile: Display: Extracted "Engine/Plugins/Messaging/TcpMessaging/TcpMessaging.uplugin" to "/mnt/biella-extra/biella-runtime/d03-01-package-negative-04/extracted/Engine/Plugins/Messaging/TcpMessaging/TcpMessaging.uplugin" Offset 10240189.
[2026.09.06-15.01.33:346][  0]LogPakFile: Display: Extracted "Engine/Plugins/Messaging/UdpMessaging/UdpMessaging.uplugin" to "/mnt/biella-extra/biella-runtime/d03-01-package-negative-04/extracted/Engine/Plugins/Messaging/UdpMessaging/UdpMessaging.uplugin" Offset 10241082.
[2026.09.06-15.01.33:346][  0]LogPakFile: Display: Extracted "Engine/Plugins/MetaHuman/MetaHumanSDK/MetaHumanSDK.uplugin" to "/mnt/biella-extra/biella-runtime/d03-01-package-negative-04/extracted/Engine/Plugins/MetaHuman/MetaHumanSDK/MetaHumanSDK.uplugin" Offset 10242572.
[2026.09.06-15.01.33:346][  0]LogPakFile: Display: Extracted "Engine/Plugins/MetaHuman/MetaHumanSDK/Config/DefaultMetaHumanSDK.ini" to "/mnt/biella-extra/biella-runtime/d03-01-package-negative-04/extracted/Engine/Plugins/MetaHuman/MetaHumanSDK/Config/DefaultMetaHumanSDK.ini" Offset 10241846.
[2026.09.06-15.01.33:346][  0]LogPakFile: Display: Extracted "Engine/Plugins/MovieScene/ActorSequence/ActorSequence.uplugin" to "/mnt/biella-extra/biella-runtime/d03-01-package-negative-04/extracted/Engine/Plugins/MovieScene/ActorSequence/ActorSequence.uplugin" Offset 10243146.
[2026.09.06-15.01.33:346][  0]LogPakFile: Display: Extracted "Engine/Plugins/MovieScene/LevelSequenceEditor/LevelSequenceEditor.uplugin" to "/mnt/biella-extra/biella-runtime/d03-01-package-negative-04/extracted/Engine/Plugins/MovieScene/LevelSequenceEditor/LevelSequenceEditor.uplugin" Offset 10243853.
[2026.09.06-15.01.33:346][  0]LogPakFile: Display: Extracted "Engine/Plugins/MovieScene/SequencerScripting/SequencerScripting.uplugin" to "/mnt/biella-extra/biella-runtime/d03-01-package-negative-04/extracted/Engine/Plugins/MovieScene/SequencerScripting/SequencerScripting.uplugin" Offset 10244618.
[2026.09.06-15.01.33:346][  0]LogPakFile: Display: Extracted "Engine/Plugins/MovieScene/SequenceValidator/SequenceValidator.uplugin" to "/mnt/biella-extra/biella-runtime/d03-01-package-negative-04/extracted/Engine/Plugins/MovieScene/SequenceValidator/SequenceValidator.uplugin" Offset 10245510.
[2026.09.06-15.01.33:347][  0]LogPakFile: Display: Extracted "Engine/Plugins/MovieScene/TemplateSequence/TemplateSequence.uplugin" to "/mnt/biella-extra/biella-runtime/d03-01-package-negative-04/extracted/Engine/Plugins/MovieScene/TemplateSequence/TemplateSequence.uplugin" Offset 10246242.
[2026.09.06-15.01.33:347][  0]LogPakFile: Display: Extracted "Engine/Plugins/Mutable/Mutable.uplugin" to "/mnt/biella-extra/biella-runtime/d03-01-package-negative-04/extracted/Engine/Plugins/Mutable/Mutable.uplugin" Offset 10248518.
[2026.09.06-15.01.33:347][  0]LogPakFile: Display: Extracted "Engine/Plugins/Mutable/Config/DefaultMutable.ini" to "/mnt/biella-extra/biella-runtime/d03-01-package-negative-04/extracted/Engine/Plugins/Mutable/Config/DefaultMutable.ini" Offset 10247016.
[2026.09.06-15.01.33:347][  0]LogPakFile: Display: Extracted "Engine/Plugins/Mutable/Config/FilterPlugin.ini" to "/mnt/biella-extra/biella-runtime/d03-01-package-negative-04/extracted/Engine/Plugins/Mutable/Config/FilterPlugin.ini" Offset 10248447.
[2026.09.06-15.01.33:347][  0]LogPakFile: Display: Extracted "Engine/Plugins/NNE/NNEDenoiser/NNEDenoiser.uplugin" to "/mnt/biella-extra/biella-runtime/d03-01-package-negative-04/extracted/Engine/Plugins/NNE/NNEDenoiser/NNEDenoiser.uplugin" Offset 10249724.
[2026.09.06-15.01.33:347][  0]LogPakFile: Display: Extracted "Engine/Plugins/NNE/NNEDenoiser/Config/Game.ini" to "/mnt/biella-extra/biella-runtime/d03-01-package-negative-04/extracted/Engine/Plugins/NNE/NNEDenoiser/Config/Game.ini" Offset 10249577.
[2026.09.06-15.01.33:347][  0]LogPakFile: Display: Extracted "Engine/Plugins/NNE/NNERuntimeORT/NNERuntimeORT.uplugin" to "/mnt/biella-extra/biella-runtime/d03-01-package-negative-04/extracted/Engine/Plugins/NNE/NNERuntimeORT/NNERuntimeORT.uplugin" Offset 10250603.
[2026.09.06-15.01.33:348][  0]LogPakFile: Display: Extracted "Engine/Plugins/Online/OnlineBase/OnlineBase.uplugin" to "/mnt/biella-extra/biella-runtime/d03-01-package-negative-04/extracted/Engine/Plugins/Online/OnlineBase/OnlineBase.uplugin" Offset 10251533.
[2026.09.06-15.01.33:348][  0]LogPakFile: Display: Extracted "Engine/Plugins/Online/OnlineServices/OnlineServices.uplugin" to "/mnt/biella-extra/biella-runtime/d03-01-package-negative-04/extracted/Engine/Plugins/Online/OnlineServices/OnlineServices.uplugin" Offset 10251981.
[2026.09.06-15.01.33:348][  0]LogPakFile: Display: Extracted "Engine/Plugins/Online/OnlineSubsystem/OnlineSubsystem.uplugin" to "/mnt/biella-extra/biella-runtime/d03-01-package-negative-04/extracted/Engine/Plugins/Online/OnlineSubsystem/OnlineSubsystem.uplugin" Offset 10254294.
[2026.09.06-15.01.33:348][  0]LogPakFile: Display: Extracted "Engine/Plugins/Online/OnlineSubsystem/Config/Localization/OnlineSubsystem.ini" to "/mnt/biella-extra/biella-runtime/d03-01-package-negative-04/extracted/Engine/Plugins/Online/OnlineSubsystem/Config/Localization/OnlineSubsystem.ini" Offset 10252759.
[2026.09.06-15.01.33:348][  0]LogPakFile: Display: Extracted "Engine/Plugins/Online/OnlineSubsystem/Content/Localization/OnlineSubsystem/OnlineSubsystem.locmeta" to "/mnt/biella-extra/biella-runtime/d03-01-package-negative-04/extracted/Engine/Plugins/Online/OnlineSubsystem/Content/Localization/OnlineSubsystem/OnlineSubsystem.locmeta" Offset 10254187.
[2026.09.06-15.01.33:348][  0]LogPakFile: Display: Extracted "Engine/Plugins/Online/OnlineSubsystem/Content/Localization/OnlineSubsystem/en/OnlineSubsystem.locres" to "/mnt/biella-extra/biella-runtime/d03-01-package-negative-04/extracted/Engine/Plugins/Online/OnlineSubsystem/Content/Localization/OnlineSubsystem/en/OnlineSubsystem.locres" Offset 10253294.
[2026.09.06-15.01.33:348][  0]LogPakFile: Display: Extracted "Engine/Plugins/Online/OnlineSubsystemNull/OnlineSubsystemNull.uplugin" to "/mnt/biella-extra/biella-runtime/d03-01-package-negative-04/extracted/Engine/Plugins/Online/OnlineSubsystemNull/OnlineSubsystemNull.uplugin" Offset 10254942.
[2026.09.06-15.01.33:349][  0]LogPakFile: Display: Extracted "Engine/Plugins/Online/OnlineSubsystemUtils/OnlineSubsystemUtils.uplugin" to "/mnt/biella-extra/biella-runtime/d03-01-package-negative-04/extracted/Engine/Plugins/Online/OnlineSubsystemUtils/OnlineSubsystemUtils.uplugin" Offset 10257271.
[2026.09.06-15.01.33:349][  0]LogPakFile: Display: Extracted "Engine/Plugins/Online/OnlineSubsystemUtils/Config/Editor.ini" to "/mnt/biella-extra/biella-runtime/d03-01-package-negative-04/extracted/Engine/Plugins/Online/OnlineSubsystemUtils/Config/Editor.ini" Offset 10255582.
[2026.09.06-15.01.33:349][  0]LogPakFile: Display: Extracted "Engine/Plugins/Online/OnlineSubsystemUtils/Config/Localization/OnlineSubsystemUtils.ini" to "/mnt/biella-extra/biella-runtime/d03-01-package-negative-04/extracted/Engine/Plugins/Online/OnlineSubsystemUtils/Config/Localization/OnlineSubsystemUtils.ini" Offset 10255725.
[2026.09.06-15.01.33:349][  0]LogPakFile: Display: Extracted "Engine/Plugins/Online/OnlineSubsystemUtils/Content/Localization/OnlineSubsystemUtils/OnlineSubsystemUtils.locmeta" to "/mnt/biella-extra/biella-runtime/d03-01-package-negative-04/extracted/Engine/Plugins/Online/OnlineSubsystemUtils/Content/Localization/OnlineSubsystemUtils/OnlineSubsystemUtils.locmeta" Offset 10257159.
[2026.09.06-15.01.33:349][  0]LogPakFile: Display: Extracted "Engine/Plugins/Online/OnlineSubsystemUtils/Content/Localization/OnlineSubsystemUtils/en/OnlineSubsystemUtils.locres" to "/mnt/biella-extra/biella-runtime/d03-01-package-negative-04/extracted/Engine/Plugins/Online/OnlineSubsystemUtils/Content/Localization/OnlineSubsystemUtils/en/OnlineSubsystemUtils.locres" Offset 10256267.
[2026.09.06-15.01.33:349][  0]LogPakFile: Display: Extracted "Engine/Plugins/PCG/PCG.uplugin" to "/mnt/biella-extra/biella-runtime/d03-01-package-negative-04/extracted/Engine/Plugins/PCG/PCG.uplugin" Offset 10260842.
[2026.09.06-15.01.33:350][  0]LogPakFile: Display: Extracted "Engine/Plugins/PCG/Config/DefaultPCG.ini" to "/mnt/biella-extra/biella-runtime/d03-01-package-negative-04/extracted/Engine/Plugins/PCG/Config/DefaultPCG.ini" Offset 10258221.
[2026.09.06-15.01.33:350][  0]LogPakFile: Display: Extracted "Engine/Plugins/PCG/Config/EditorPerProjectUserSettings.ini" to "/mnt/biella-extra/biella-runtime/d03-01-package-negative-04/extracted/Engine/Plugins/PCG/Config/EditorPerProjectUserSettings.ini" Offset 10260126.
[2026.09.06-15.01.33:350][  0]LogPakFile: Display: Extracted "Engine/Plugins/Performance/AutomatedPerfTestTools/AutomatedPerfTestTools.uplugin" to "/mnt/biella-extra/biella-runtime/d03-01-package-negative-04/extracted/Engine/Plugins/Performance/AutomatedPerfTestTools/AutomatedPerfTestTools.uplugin" Offset 10261492.
[2026.09.06-15.01.33:350][  0]LogPakFile: Display: Extracted "Engine/Plugins/Portal/LauncherChunkInstaller/LauncherChunkInstaller.uplugin" to "/mnt/biella-extra/biella-runtime/d03-01-package-negative-04/extracted/Engine/Plugins/Portal/LauncherChunkInstaller/LauncherChunkInstaller.uplugin" Offset 10262393.
[2026.09.06-15.01.33:350][  0]LogPakFile: Display: Extracted "Engine/Plugins/Runtime/ActorLayerUtilities/ActorLayerUtilities.uplugin" to "/mnt/biella-extra/biella-runtime/d03-01-package-negative-04/extracted/Engine/Plugins/Runtime/ActorLayerUtilities/ActorLayerUtilities.uplugin" Offset 10263115.
[2026.09.06-15.01.33:350][  0]LogPakFile: Display: Extracted "Engine/Plugins/Runtime/AndroidFileServer/AndroidFileServer.uplugin" to "/mnt/biella-extra/biella-runtime/d03-01-package-negative-04/extracted/Engine/Plugins/Runtime/AndroidFileServer/AndroidFileServer.uplugin" Offset 10263849.
[2026.09.06-15.01.33:350][  0]LogPakFile: Display: Extracted "Engine/Plugins/Runtime/AndroidPermission/AndroidPermission.uplugin" to "/mnt/biella-extra/biella-runtime/d03-01-package-negative-04/extracted/Engine/Plugins/Runtime/AndroidPermission/AndroidPermission.uplugin" Offset 10264838.
[2026.09.06-15.01.33:350][  0]LogPakFile: Display: Extracted "Engine/Plugins/Runtime/AppleImageUtils/AppleImageUtils.uplugin" to "/mnt/biella-extra/biella-runtime/d03-01-package-negative-04/extracted/Engine/Plugins/Runtime/AppleImageUtils/AppleImageUtils.uplugin" Offset 10265421.
[2026.09.06-15.01.33:351][  0]LogPakFile: Display: Extracted "Engine/Plugins/Runtime/ArchVisCharacter/ArchVisCharacter.uplugin" to "/mnt/biella-extra/biella-runtime/d03-01-package-negative-04/extracted/Engine/Plugins/Runtime/ArchVisCharacter/ArchVisCharacter.uplugin" Offset 10266314.
[2026.09.06-15.01.33:351][  0]LogPakFile: Display: Extracted "Engine/Plugins/Runtime/AssetTags/AssetTags.uplugin" to "/mnt/biella-extra/biella-runtime/d03-01-package-negative-04/extracted/Engine/Plugins/Runtime/AssetTags/AssetTags.uplugin" Offset 10266934.
[2026.09.06-15.01.33:351][  0]LogPakFile: Display: Extracted "Engine/Plugins/Runtime/AudioCapture/AudioCapture.uplugin" to "/mnt/biella-extra/biella-runtime/d03-01-package-negative-04/extracted/Engine/Plugins/Runtime/AudioCapture/AudioCapture.uplugin" Offset 10267582.
[2026.09.06-15.01.33:351][  0]LogPakFile: Display: Extracted "Engine/Plugins/Runtime/AudioSynesthesia/AudioSynesthesia.uplugin" to "/mnt/biella-extra/biella-runtime/d03-01-package-negative-04/extracted/Engine/Plugins/Runtime/AudioSynesthesia/AudioSynesthesia.uplugin" Offset 10268450.
[2026.09.06-15.01.33:351][  0]LogPakFile: Display: Extracted "Engine/Plugins/Runtime/AudioWidgets/AudioWidgets.uplugin" to "/mnt/biella-extra/biella-runtime/d03-01-package-negative-04/extracted/Engine/Plugins/Runtime/AudioWidgets/AudioWidgets.uplugin" Offset 10269308.
[2026.09.06-15.01.33:351][  0]LogPakFile: Display: Extracted "Engine/Plugins/Runtime/CableComponent/CableComponent.uplugin" to "/mnt/biella-extra/biella-runtime/d03-01-package-negative-04/extracted/Engine/Plugins/Runtime/CableComponent/CableComponent.uplugin" Offset 10270291.
[2026.09.06-15.01.33:351][  0]LogPakFile: Display: Extracted "Engine/Plugins/Runtime/ChunkDownloader/ChunkDownloader.uplugin" to "/mnt/biella-extra/biella-runtime/d03-01-package-negative-04/extracted/Engine/Plugins/Runtime/ChunkDownloader/ChunkDownloader.uplugin" Offset 10270878.
[2026.09.06-15.01.33:352][  0]LogPakFile: Display: Extracted "Engine/Plugins/Runtime/ComputeFramework/ComputeFramework.uplugin" to "/mnt/biella-extra/biella-runtime/d03-01-package-negative-04/extracted/Engine/Plugins/Runtime/ComputeFramework/ComputeFramework.uplugin" Offset 10271392.
[2026.09.06-15.01.33:352][  0]LogPakFile: Display: Extracted "Engine/Plugins/Runtime/CustomMeshComponent/CustomMeshComponent.uplugin" to "/mnt/biella-extra/biella-runtime/d03-01-package-negative-04/extracted/Engine/Plugins/Runtime/CustomMeshComponent/CustomMeshComponent.uplugin" Offset 10272370.
[2026.09.06-15.01.33:352][  0]LogPakFile: Display: Extracted "Engine/Plugins/Runtime/Database/SQLiteCore/SQLiteCore.uplugin" to "/mnt/biella-extra/biella-runtime/d03-01-package-negative-04/extracted/Engine/Plugins/Runtime/Database/SQLiteCore/SQLiteCore.uplugin" Offset 10273073.
[2026.09.06-15.01.33:352][  0]LogPakFile: Display: Extracted "Engine/Plugins/Runtime/ExampleDeviceProfileSelector/ExampleDeviceProfileSelector.uplugin" to "/mnt/biella-extra/biella-runtime/d03-01-package-negative-04/extracted/Engine/Plugins/Runtime/ExampleDeviceProfileSelector/ExampleDeviceProfileSelector.uplugin" Offset 10273945.
[2026.09.06-15.01.33:352][  0]LogPakFile: Display: Extracted "Engine/Plugins/Runtime/GeometryCache/GeometryCache.uplugin" to "/mnt/biella-extra/biella-runtime/d03-01-package-negative-04/extracted/Engine/Plugins/Runtime/GeometryCache/GeometryCache.uplugin" Offset 10274647.
[2026.09.06-15.01.33:352][  0]LogPakFile: Display: Extracted "Engine/Plugins/Runtime/GeometryProcessing/GeometryProcessing.uplugin" to "/mnt/biella-extra/biella-runtime/d03-01-package-negative-04/extracted/Engine/Plugins/Runtime/GeometryProcessing/GeometryProcessing.uplugin" Offset 10275256.
[2026.09.06-15.01.33:352][  0]LogPakFile: Display: Extracted "Engine/Plugins/Runtime/GooglePAD/GooglePAD.uplugin" to "/mnt/biella-extra/biella-runtime/d03-01-package-negative-04/extracted/Engine/Plugins/Runtime/GooglePAD/GooglePAD.uplugin" Offset 10276061.
[2026.09.06-15.01.33:353][  0]LogPakFile: Display: Extracted "Engine/Plugins/Runtime/HairStrands/HairStrands.uplugin" to "/mnt/biella-extra/biella-runtime/d03-01-package-negative-04/extracted/Engine/Plugins/Runtime/HairStrands/HairStrands.uplugin" Offset 10277494.
[2026.09.06-15.01.33:353][  0]LogPakFile: Display: Extracted "Engine/Plugins/Runtime/HairStrands/Config/DefaultHairStrands.ini" to "/mnt/biella-extra/biella-runtime/d03-01-package-negative-04/extracted/Engine/Plugins/Runtime/HairStrands/Config/DefaultHairStrands.ini" Offset 10276862.
[2026.09.06-15.01.33:353][  0]LogPakFile: Display: Extracted "Engine/Plugins/Runtime/InputDebugging/InputDebugging.uplugin" to "/mnt/biella-extra/biella-runtime/d03-01-package-negative-04/extracted/Engine/Plugins/Runtime/InputDebugging/InputDebugging.uplugin" Offset 10278477.
[2026.09.06-15.01.33:353][  0]LogPakFile: Display: Extracted "Engine/Plugins/Runtime/InputDebugging/Config/Input.ini" to "/mnt/biella-extra/biella-runtime/d03-01-package-negative-04/extracted/Engine/Plugins/Runtime/InputDebugging/Config/Input.ini" Offset 10278117.
[2026.09.06-15.01.33:353][  0]LogPakFile: Display: Extracted "Engine/Plugins/Runtime/LinuxDeviceProfileSelector/LinuxDeviceProfileSelector.uplugin" to "/mnt/biella-extra/biella-runtime/d03-01-package-negative-04/extracted/Engine/Plugins/Runtime/LinuxDeviceProfileSelector/LinuxDeviceProfileSelector.uplugin" Offset 10279187.
[2026.09.06-15.01.33:353][  0]LogPakFile: Display: Extracted "Engine/Plugins/Runtime/LocationServicesBPLibrary/LocationServicesBPLibrary.uplugin" to "/mnt/biella-extra/biella-runtime/d03-01-package-negative-04/extracted/Engine/Plugins/Runtime/LocationServicesBPLibrary/LocationServicesBPLibrary.uplugin" Offset 10279899.
[2026.09.06-15.01.33:353][  0]LogPakFile: Display: Extracted "Engine/Plugins/Runtime/MeshModelingToolset/MeshModelingToolset.uplugin" to "/mnt/biella-extra/biella-runtime/d03-01-package-negative-04/extracted/Engine/Plugins/Runtime/MeshModelingToolset/MeshModelingToolset.uplugin" Offset 10280582.
[2026.09.06-15.01.33:353][  0]LogPakFile: Display: Extracted "Engine/Plugins/Runtime/Metasound/Metasound.uplugin" to "/mnt/biella-extra/biella-runtime/d03-01-package-negative-04/extracted/Engine/Plugins/Runtime/Metasound/Metasound.uplugin" Offset 10281992.
[2026.09.06-15.01.33:354][  0]LogPakFile: Display: Extracted "Engine/Plugins/Runtime/Metasound/Config/DefaultMetaSound.ini" to "/mnt/biella-extra/biella-runtime/d03-01-package-negative-04/extracted/Engine/Plugins/Runtime/Metasound/Config/DefaultMetaSound.ini" Offset 10281207.
[2026.09.06-15.01.33:354][  0]LogPakFile: Display: Extracted "Engine/Plugins/Runtime/MobilePatchingUtils/MobilePatchingUtils.uplugin" to "/mnt/biella-extra/biella-runtime/d03-01-package-negative-04/extracted/Engine/Plugins/Runtime/MobilePatchingUtils/MobilePatchingUtils.uplugin" Offset 10282714.
[2026.09.06-15.01.33:354][  0]LogPakFile: Display: Extracted "Engine/Plugins/Runtime/ModelViewViewModel/ModelViewViewModel.uplugin" to "/mnt/biella-extra/biella-runtime/d03-01-package-negative-04/extracted/Engine/Plugins/Runtime/ModelViewViewModel/ModelViewViewModel.uplugin" Offset 10284362.
[2026.09.06-15.01.33:354][  0]LogPakFile: Display: Extracted "Engine/Plugins/Runtime/ModelViewViewModel/Config/DefaultModelViewViewModel.ini" to "/mnt/biella-extra/biella-runtime/d03-01-package-negative-04/extracted/Engine/Plugins/Runtime/ModelViewViewModel/Config/DefaultModelViewViewModel.ini" Offset 10283370.
[2026.09.06-15.01.33:354][  0]LogPakFile: Display: Extracted "Engine/Plugins/Runtime/MsQuic/MsQuic.uplugin" to "/mnt/biella-extra/biella-runtime/d03-01-package-negative-04/extracted/Engine/Plugins/Runtime/MsQuic/MsQuic.uplugin" Offset 10285425.
[2026.09.06-15.01.33:354][  0]LogPakFile: Display: Extracted "Engine/Plugins/Runtime/ProceduralMeshComponent/ProceduralMeshComponent.uplugin" to "/mnt/biella-extra/biella-runtime/d03-01-package-negative-04/extracted/Engine/Plugins/Runtime/ProceduralMeshComponent/ProceduralMeshComponent.uplugin" Offset 10286495.
[2026.09.06-15.01.33:354][  0]LogPakFile: Display: Extracted "Engine/Plugins/Runtime/PropertyAccess/PropertyAccessEditor.uplugin" to "/mnt/biella-extra/biella-runtime/d03-01-package-negative-04/extracted/Engine/Plugins/Runtime/PropertyAccess/PropertyAccessEditor.uplugin" Offset 10287430.
[2026.09.06-15.01.33:355][  0]LogPakFile: Display: Extracted "Engine/Plugins/Runtime/PropertyBindingUtils/PropertyBindingUtils.uplugin" to "/mnt/biella-extra/biella-runtime/d03-01-package-negative-04/extracted/Engine/Plugins/Runtime/PropertyBindingUtils/PropertyBindingUtils.uplugin" Offset 10288526.
[2026.09.06-15.01.33:355][  0]LogPakFile: Display: Extracted "Engine/Plugins/Runtime/PropertyBindingUtils/Config/DefaultPropertyBindingUtils.ini" to "/mnt/biella-extra/biella-runtime/d03-01-package-negative-04/extracted/Engine/Plugins/Runtime/PropertyBindingUtils/Config/DefaultPropertyBindingUtils.ini" Offset 10288198.
[2026.09.06-15.01.33:355][  0]LogPakFile: Display: Extracted "Engine/Plugins/Runtime/ResonanceAudio/ResonanceAudio.uplugin" to "/mnt/biella-extra/biella-runtime/d03-01-package-negative-04/extracted/Engine/Plugins/Runtime/ResonanceAudio/ResonanceAudio.uplugin" Offset 10289368.
[2026.09.06-15.01.33:355][  0]LogPakFile: Display: Extracted "Engine/Plugins/Runtime/RigVM/RigVM.uplugin" to "/mnt/biella-extra/biella-runtime/d03-01-package-negative-04/extracted/Engine/Plugins/Runtime/RigVM/RigVM.uplugin" Offset 10290992.
[2026.09.06-15.01.33:355][  0]LogPakFile: Display: Extracted "Engine/Plugins/Runtime/RigVM/Config/DefaultRigVM.ini" to "/mnt/biella-extra/biella-runtime/d03-01-package-negative-04/extracted/Engine/Plugins/Runtime/RigVM/Config/DefaultRigVM.ini" Offset 10289984.
[2026.09.06-15.01.33:355][  0]LogPakFile: Display: Extracted "Engine/Plugins/Runtime/RigVM/Config/Editor.ini" to "/mnt/biella-extra/biella-runtime/d03-01-package-negative-04/extracted/Engine/Plugins/Runtime/RigVM/Config/Editor.ini" Offset 10290432.
[2026.09.06-15.01.33:355][  0]LogPakFile: Display: Extracted "Engine/Plugins/Runtime/SignificanceManager/SignificanceManager.uplugin" to "/mnt/biella-extra/biella-runtime/d03-01-package-negative-04/extracted/Engine/Plugins/Runtime/SignificanceManager/SignificanceManager.uplugin" Offset 10292022.
[2026.09.06-15.01.33:355][  0]LogPakFile: Display: Extracted "Engine/Plugins/Runtime/SkeletalMerging/SkeletalMerging.uplugin" to "/mnt/biella-extra/biella-runtime/d03-01-package-negative-04/extracted/Engine/Plugins/Runtime/SkeletalMerging/SkeletalMerging.uplugin" Offset 10292766.
[2026.09.06-15.01.33:356][  0]LogPakFile: Display: Extracted "Engine/Plugins/Runtime/SoundFields/SoundFields.uplugin" to "/mnt/biella-extra/biella-runtime/d03-01-package-negative-04/extracted/Engine/Plugins/Runtime/SoundFields/SoundFields.uplugin" Offset 10293392.
[2026.09.06-15.01.33:356][  0]LogPakFile: Display: Extracted "Engine/Plugins/Runtime/StateTree/StateTree.uplugin" to "/mnt/biella-extra/biella-runtime/d03-01-package-negative-04/extracted/Engine/Plugins/Runtime/StateTree/StateTree.uplugin" Offset 10295275.
[2026.09.06-15.01.33:356][  0]LogPakFile: Display: Extracted "Engine/Plugins/Runtime/StateTree/Config/DefaultStateTree.ini" to "/mnt/biella-extra/biella-runtime/d03-01-package-negative-04/extracted/Engine/Plugins/Runtime/StateTree/Config/DefaultStateTree.ini" Offset 10293983.
[2026.09.06-15.01.33:356][  0]LogPakFile: Display: Extracted "Engine/Plugins/Runtime/Synthesis/Synthesis.uplugin" to "/mnt/biella-extra/biella-runtime/d03-01-package-negative-04/extracted/Engine/Plugins/Runtime/Synthesis/Synthesis.uplugin" Offset 10296425.
[2026.09.06-15.01.33:356][  0]LogPakFile: Display: Extracted "Engine/Plugins/Runtime/Synthesis/Config/DefaultSynthesis.ini" to "/mnt/biella-extra/biella-runtime/d03-01-package-negative-04/extracted/Engine/Plugins/Runtime/Synthesis/Config/DefaultSynthesis.ini" Offset 10295859.
[2026.09.06-15.01.33:356][  0]LogPakFile: Display: Extracted "Engine/Plugins/Runtime/WaveTable/WaveTable.uplugin" to "/mnt/biella-extra/biella-runtime/d03-01-package-negative-04/extracted/Engine/Plugins/Runtime/WaveTable/WaveTable.uplugin" Offset 10297221.
[2026.09.06-15.01.33:356][  0]LogPakFile: Display: Extracted "Engine/Plugins/Runtime/WebMMoviePlayer/WebMMoviePlayer.uplugin" to "/mnt/biella-extra/biella-runtime/d03-01-package-negative-04/extracted/Engine/Plugins/Runtime/WebMMoviePlayer/WebMMoviePlayer.uplugin" Offset 10297966.
[2026.09.06-15.01.33:357][  0]LogPakFile: Display: Extracted "Engine/Plugins/Tests/InterchangeTests/InterchangeTests.uplugin" to "/mnt/biella-extra/biella-runtime/d03-01-package-negative-04/extracted/Engine/Plugins/Tests/InterchangeTests/InterchangeTests.uplugin" Offset 10298779.
[2026.09.06-15.01.33:357][  0]LogPakFile: Display: Extracted "Engine/Plugins/TraceUtilities/TraceUtilities.uplugin" to "/mnt/biella-extra/biella-runtime/d03-01-package-negative-04/extracted/Engine/Plugins/TraceUtilities/TraceUtilities.uplugin" Offset 10299983.
[2026.09.06-15.01.33:357][  0]LogPakFile: Display: Extracted "Engine/Plugins/TraceUtilities/Config/DefaultTraceUtilities.ini" to "/mnt/biella-extra/biella-runtime/d03-01-package-negative-04/extracted/Engine/Plugins/TraceUtilities/Config/DefaultTraceUtilities.ini" Offset 10299809.
[2026.09.06-15.01.33:357][  0]LogPakFile: Display: Extracted "Engine/Plugins/VirtualProduction/Takes/Takes.uplugin" to "/mnt/biella-extra/biella-runtime/d03-01-package-negative-04/extracted/Engine/Plugins/VirtualProduction/Takes/Takes.uplugin" Offset 10301012.
[2026.09.06-15.01.33:357][  0]LogPakFile: Display: Extracted "Engine/Plugins/VirtualProduction/Takes/Config/DefaultTakes.ini" to "/mnt/biella-extra/biella-runtime/d03-01-package-negative-04/extracted/Engine/Plugins/VirtualProduction/Takes/Config/DefaultTakes.ini" Offset 10300845.
[2026.09.06-15.01.33:357][  0]LogPakFile: Display: Extracted "Engine/Plugins/WorldMetrics/WorldMetrics.uplugin" to "/mnt/biella-extra/biella-runtime/d03-01-package-negative-04/extracted/Engine/Plugins/WorldMetrics/WorldMetrics.uplugin" Offset 10301718.
[2026.09.06-15.01.33:357][  0]LogPakFile: Finished extracting 1729 (including 0 errors).
[2026.09.06-15.01.33:358][  0]LogPakFile: Display: UnrealPak executed in 0.252739 seconds
[2026.09.06-15.01.33:358][  0]LogCore: Engine exit requested (reason: UnrealPak Exiting)
[2026.09.06-15.01.33:358][  0]LogExit: Preparing to exit.
[2026.09.06-15.01.33:359][  0]LogExit: Object subsystem successfully closed.
[2026.09.06-15.01.33:360][  0]LogPakFile: Destroying PakPlatformFile
[2026.09.06-15.01.33:363][  0]LogExit: Exiting.
