frame,wall_seconds,wall_ms,sim_ms,phase,x,y,z,yaw,roll,pitch,speed,velocity,contacts,travel,spin,throttle,steering,brake,held,dormant,health,impacts,driver,player_health,ammo,audio,resident_bytes
595,0.261089646,9.837141,222.865786,1,2800.0000,-450.0000,108.1046,0.0000,0.0000,0.0000,0.0000,48.7147,0,60.0000,0.0000,0.000,0.000,1,0,0,100.0000,0,0,73.000,60,0,3074359296
596,0.278785517,17.695871,16.667287,1,2800.0000,-450.0000,107.0231,0.0000,0.0000,0.0000,0.0000,64.8860,0,60.0000,0.0000,0.000,0.000,1,0,0,100.0000,0,0,73.000,60,0,3074760704
597,0.292208334,13.422817,16.667838,1,2800.0000,-450.0000,105.6728,0.0000,0.0000,0.0000,0.0000,81.0175,0,60.0000,0.0000,0.000,0.000,1,0,0,100.0000,0,0,73.000,60,0,3075301376
598,0.310265102,18.056768,16.667128,1,2800.0000,-450.0000,104.0543,0.0000,0.0000,0.0000,0.0000,97.1079,0,60.0000,0.0000,0.000,0.000,1,0,0,100.0000,0,0,73.000,60,0,3075485696
599,0.324907117,14.642015,16.667327,1,2800.0000,-450.0000,102.1682,0.0000,0.0000,0.0000,0.0000,113.1582,0,60.0000,0.0000,0.000,0.000,1,0,0,100.0000,0,0,73.000,60,0,3075604480
600,0.340120273,15.213156,16.668759,1,2800.0000,-450.0000,100.0151,0.0000,0.0000,0.0000,0.0000,129.1698,0,60.0000,0.0000,0.000,0.000,1,0,0,100.0000,0,0,73.000,60,0,3075743744
601,0.355872432,15.752159,16.667968,1,2800.0000,-450.0000,97.5959,0.0000,0.0000,0.0000,0.0000,145.1407,0,60.0000,0.0000,0.000,0.000,1,0,0,100.0000,0,0,73.000,60,0,3075821568
602,0.374623705,18.751273,16.667217,1,2800.0000,-450.0000,95.3224,0.0000,0.0000,0.0000,0.0000,136.4029,4,59.5959,0.0000,0.000,0.000,1,0,0,100.0000,0,0,73.000,60,0,3075874816
603,0.391391335,16.767630,16.668128,1,2800.0000,-450.0000,93.2203,0.0000,0.0000,0.0000,-0.0000,126.1154,4,57.3224,0.0000,0.000,0.000,1,0,0,100.0000,0,0,73.000,60,0,3075928064
604,0.410431084,19.039749,16.667868,1,2800.0000,-450.0000,91.3074,0.0000,0.0000,0.0000,-0.0000,114.7682,4,55.2203,-0.0000,0.000,0.000,1,0,0,100.0000,0,0,73.000,60,0,3075985408
605,0.422117204,11.686120,16.667168,1,2800.0000,-450.0000,89.5941,0.0000,0.0000,0.0000,-0.0000,102.7920,4,53.3074,-0.0000,0.000,0.000,1,0,0,100.0000,0,0,73.000,60,0,3076030464
606,0.440546850,18.429646,16.668548,1,2800.0000,-450.0000,88.0847,0.0000,0.0000,0.0000,-0.0000,90.5572,4,51.5941,-0.0000,0.000,0.000,1,0,0,100.0000,0,0,73.000,60,0,3076091904
607,0.458742571,18.195721,16.667078,1,2800.0000,-450.0000,86.7783,0.0000,0.0000,0.0000,-0.0000,78.3805,4,50.0847,-0.0000,0.000,0.000,1,0,0,100.0000,0,0,73.000,60,0,3076145152
608,0.474873767,16.131196,16.667827,1,2800.0000,-450.0000,85.6696,0.0000,0.0000,0.0000,-0.0000,66.5207,4,48.7783,-0.0000,0.000,0.000,1,0,0,100.0000,0,0,73.000,60,0,3076210688
609,0.493565419,18.691652,16.667939,1,2800.0000,-450.0000,84.7497,0.0000,0.0000,0.0000,-0.0000,55.1874,4,47.6696,-0.0000,0.000,0.000,1,0,0,100.0000,0,0,73.000,60,0,3076272128
610,0.505782391,12.216972,16.668958,1,2800.0000,-450.0000,84.0072,0.0000,0.0000,0.0000,-0.0000,44.5427,4,46.7497,-0.0000,0.000,0.000,1,0,0,100.0000,0,0,73.000,60,0,3076304896
611,0.524719617,18.937226,16.667617,1,2800.0000,-450.0000,83.4287,0.0000,0.0000,0.0000,-0.0000,34.7077,4,46.0072,-0.0000,0.000,0.000,1,0,0,100.0000,0,0,73.000,60,0,3076374528
612,0.544262396,19.542779,16.668388,1,2800.0000,-450.0000,82.9993,0.0000,0.0000,0.0000,-0.0000,25.7625,4,45.4287,-0.0000,0.000,0.000,1,0,0,100.0000,0,0,73.000,60,0,3076571136
613,0.555172131,10.909735,16.667978,1,2800.0000,-450.0000,82.7033,0.0000,0.0000,0.0000,-0.0000,17.7561,4,44.9993,-0.0000,0.000,0.000,1,0,0,100.0000,0,0,73.000,60,0,3076628480
614,0.573986045,18.813914,16.667918,1,2800.0000,-450.0000,82.5249,0.0000,0.0000,0.0000,0.0000,10.7071,4,44.7033,-0.0000,0.000,0.000,1,0,0,100.0000,0,0,73.000,60,0,3076677632
615,0.591595373,17.609328,16.668628,1,2800.0000,-450.0000,82.4480,0.0000,0.0000,0.0000,0.0000,4.6102,4,44.5249,-0.0000,0.000,0.000,1,0,0,100.0000,0,0,73.000,60,0,3076730880
616,0.608557378,16.962005,16.668718,1,2800.0000,-450.0000,82.4574,0.0000,0.0000,0.0000,0.0000,0.5600,4,44.4480,-0.0000,0.000,0.000,1,0,0,100.0000,0,0,73.000,60,0,3076780032
617,0.624570101,16.012723,16.668597,1,2800.0000,-450.0000,82.5381,0.0000,0.0000,0.0000,0.0000,4.8452,4,44.4574,-0.0000,0.000,0.000,1,0,0,100.0000,0,0,73.000,60,0,3076849664
618,0.641325570,16.755469,16.667799,1,2800.0000,-450.0000,82.6765,0.0000,0.0000,0.0000,0.0000,8.2996,4,44.5381,-0.0000,0.000,0.000,1,0,0,100.0000,0,0,73.000,60,0,3076886528
619,0.658268584,16.943014,16.668478,1,2800.0000,-450.0000,82.8596,0.0000,0.0000,0.0000,0.0000,10.9871,4,44.6765,-0.0000,0.000,0.000,1,0,0,100.0000,0,0,73.000,60,0,3076935680
620,0.674922072,16.653488,16.667277,1,2800.0000,-450.0000,83.0759,0.0000,0.0000,0.0000,0.0000,12.9773,4,44.8596,-0.0000,0.000,0.000,1,0,0,100.0000,0,0,73.000,60,0,3076968448
621,0.691971928,17.049856,16.667688,1,2800.0000,-450.0000,83.3150,0.0000,0.0000,0.0000,0.0000,14.3440,4,45.0759,0.0000,0.000,0.000,1,0,0,100.0000,0,0,73.000,60,0,3077001216
622,0.707987952,16.016024,16.667549,1,2800.0000,-450.0000,83.5677,0.0000,0.0000,0.0000,-0.0000,15.1621,4,45.3150,0.0000,0.000,0.000,1,0,0,100.0000,0,0,73.000,60,0,3077033984
623,0.724665531,16.677579,16.668127,1,2800.0000,-450.0000,83.8262,0.0000,0.0000,0.0000,-0.0000,15.5060,4,45.5677,0.0000,0.000,0.000,1,0,0,100.0000,0,0,73.000,60,0,3077070848
624,0.743439733,18.774202,16.667908,1,2800.0000,-450.0000,84.0836,0.0000,0.0000,0.0000,-0.0000,15.4480,4,45.8262,0.0000,0.000,0.000,1,0,0,100.0000,0,0,73.000,60,0,3077103616
625,0.755282587,11.842854,16.668618,1,2800.0000,-450.0000,84.3346,0.0000,0.0000,0.0000,-0.0000,15.0574,4,46.0836,-0.0000,0.000,0.000,1,0,0,100.0000,0,0,73.000,60,0,3077132288
626,0.772757273,17.474686,16.668347,1,2800.0000,-450.0000,84.5746,0.0000,0.0000,0.0000,-0.0000,14.3988,4,46.3346,-0.0000,0.000,0.000,1,0,0,100.0000,0,0,73.000,60,0,3077185536
627,0.791095837,18.338564,16.667519,1,2800.0000,-450.0000,84.8002,0.0000,0.0000,0.0000,-0.0000,13.5322,4,46.5746,-0.0000,0.000,0.000,1,0,0,100.0000,0,0,73.000,60,0,3077271552
628,0.807400846,16.305009,16.667577,1,2800.0000,-450.0000,85.0087,0.0000,0.0000,0.0000,-0.0000,12.5118,4,46.8002,-0.0000,0.000,0.000,1,0,0,100.0000,0,0,73.000,60,0,3077308416
629,0.824469553,17.068707,16.668508,1,2800.0000,-450.0000,85.1985,0.0000,0.0000,0.0000,0.0000,11.3862,4,47.0087,-0.0000,0.000,0.000,1,0,0,100.0000,0,0,73.000,60,0,3077337088
630,0.843559294,19.089741,16.667898,1,2800.0000,-450.0000,85.3685,0.0000,0.0000,0.0000,0.0000,10.1982,4,47.1985,-0.0000,0.000,0.000,1,0,0,100.0000,0,0,73.000,60,0,3077369856
631,0.855256374,11.697080,16.667798,1,2800.0000,-450.0000,85.5183,0.0000,0.0000,0.0000,0.0000,8.9846,4,47.3685,-0.0000,0.000,0.000,1,0,0,100.0000,0,0,73.000,60,0,3077398528
632,0.872368091,17.111717,16.668408,1,2800.0000,-450.0000,85.6479,0.0000,0.0000,0.0000,0.0000,7.7765,4,47.5183,-0.0000,0.000,0.000,1,0,0,100.0000,0,0,73.000,60,0,3077439488
633,0.888839385,16.471294,16.667628,1,2800.0000,-450.0000,85.7579,0.0000,0.0000,0.0000,-0.0000,6.6000,4,47.6479,-0.0000,0.000,0.000,1,0,0,100.0000,0,0,73.000,60,0,3077492736
634,0.909830556,20.991171,16.668727,1,2800.0000,-450.0000,85.8492,0.0000,0.0000,0.0000,-0.0000,5.4756,4,47.7579,-0.0000,0.000,0.000,1,0,0,100.0000,0,0,73.000,60,0,3077562368
635,0.921869635,12.039079,16.668908,1,2800.0000,-450.0000,85.9228,0.0000,0.0000,0.0000,-0.0000,4.4196,4,47.8492,-0.0000,0.000,0.000,1,0,0,100.0000,0,0,73.000,60,0,3077574656
636,0.940085336,18.215701,16.667829,1,2800.0000,-450.0000,85.9802,0.0000,0.0000,0.0000,-0.0000,3.4439,4,47.9228,-0.0000,0.000,0.000,1,0,0,100.0000,0,0,73.000,60,0,3077623808
637,0.958703916,18.618580,16.667397,1,2800.0000,-450.0000,86.0228,0.0000,0.0000,0.0000,-0.0000,2.5565,4,47.9802,-0.0000,0.000,0.000,1,0,0,100.0000,0,0,73.000,60,0,3077656576
638,0.976097769,17.393853,16.668318,1,2800.0000,-450.0000,86.0522,0.0000,0.0000,0.0000,-0.0000,1.7621,4,48.0228,-0.0000,0.000,0.000,1,0,0,100.0000,0,0,73.000,60,0,3077693440
639,0.988493165,12.395396,16.667608,1,2800.0000,-450.0000,86.0699,0.0000,0.0000,0.0000,-0.0000,1.0628,4,48.0522,-0.0000,0.000,0.000,1,0,0,100.0000,0,0,73.000,60,0,3077718016
640,1.005736366,17.243201,16.668648,1,2800.0000,-450.0000,86.0776,0.0000,0.0000,0.0000,-0.0000,0.4579,4,48.0699,-0.0000,0.000,0.000,1,0,0,100.0000,0,0,73.000,60,0,3077746688
641,1.026198295,20.461929,16.668388,1,2800.0000,-450.0000,86.0766,0.0000,0.0000,0.0000,-0.0000,0.0551,4,48.0776,-0.0000,0.000,0.000,1,0,0,100.0000,0,0,73.000,60,0,3077791744
642,1.038295284,12.096989,16.691688,1,2800.0000,-450.0000,86.0686,0.0000,0.0000,0.0000,-0.0000,0.4809,4,48.0766,-0.0000,0.000,0.000,1,0,0,100.0000,0,0,73.000,60,0,3077812224
643,1.056456784,18.161500,16.668638,1,2800.0000,-450.0000,86.0549,0.0000,0.0000,0.0000,0.0000,0.0000,4,48.0686,-0.0000,0.000,0.000,1,0,0,100.0000,0,0,73.000,60,0,3077844992
644,1.075378430,18.921646,16.667048,1,2800.0000,-450.0000,86.0481,0.0000,0.0000,0.0000,0.0000,0.4055,4,48.0549,-0.0000,0.000,0.000,1,0,0,100.0000,0,0,73.000,60,0,3077885952
645,1.092620130,17.241700,16.667948,1,2800.0000,-450.0000,86.0359,0.0000,0.0000,0.0000,-0.0000,0.7336,4,48.0481,-0.0000,0.000,0.000,1,0,0,100.0000,0,0,73.000,60,0,3077931008
646,1.105141870,12.521740,16.668157,1,2800.0000,-450.0000,86.0194,0.0000,0.0000,0.0000,0.0000,0.9901,4,48.0359,-0.0000,0.000,0.000,1,0,0,100.0000,0,0,73.000,60,0,3077951488
647,1.122161315,17.019445,16.668919,1,2800.0000,-450.0000,85.9997,0.0000,0.0000,0.0000,0.0000,1.1813,4,48.0194,-0.0000,0.000,0.000,1,0,0,100.0000,0,0,73.000,60,0,3077992448
648,1.143375310,21.213995,16.667438,1,2800.0000,-450.0000,85.9778,0.0000,0.0000,0.0000,0.0000,1.3141,4,47.9997,-0.0000,0.000,0.000,1,0,0,100.0000,0,0,73.000,60,0,3078041600
649,1.154896828,11.521518,16.667897,1,2800.0000,-450.0000,85.9545,0.0000,0.0000,0.0000,0.0000,1.3953,4,47.9778,-0.0000,0.000,0.000,1,0,0,100.0000,0,0,73.000,60,0,3078082560
650,1.174640131,19.743303,16.668308,1,2800.0000,-450.0000,85.9307,0.0000,0.0000,0.0000,0.0000,1.4319,4,47.9545,-0.0000,0.000,0.000,1,0,0,100.0000,0,0,73.000,60,0,3078131712
651,1.193502106,18.861975,16.668358,1,2800.0000,-450.0000,85.9068,0.0000,0.0000,0.0000,0.0000,1.4306,4,47.9307,-0.0000,0.000,0.000,1,0,0,100.0000,0,0,73.000,60,0,3078156288
652,1.209768387,16.266281,16.667228,1,2800.0000,-450.0000,85.8835,0.0000,0.0000,0.0000,0.0000,1.3977,4,47.9068,-0.0000,0.000,0.000,1,0,0,100.0000,0,0,73.000,60,0,3078184960
653,1.221626550,11.858163,16.667068,1,2800.0000,-450.0000,85.8612,0.0000,0.0000,0.0000,0.0000,1.3395,4,47.8835,-0.0000,0.000,0.000,1,0,0,100.0000,0,0,73.000,60,0,3078221824
654,1.239674558,18.048008,16.668328,1,2800.0000,-450.0000,85.8402,0.0000,0.0000,0.0000,0.0000,1.2613,4,47.8612,-0.0000,0.000,0.000,1,0,0,100.0000,0,0,73.000,60,0,3078258688
655,1.259706319,20.031761,16.667347,1,2800.0000,-450.0000,85.8207,0.0000,0.0000,0.0000,0.0000,1.1684,4,47.8402,-0.0000,0.000,0.000,1,0,0,100.0000,0,0,73.000,60,0,3078291456
656,1.271592663,11.886344,16.667509,1,2800.0000,-450.0000,85.8030,0.0000,0.0000,0.0000,0.0000,1.0653,4,47.8207,-0.0000,0.000,0.000,1,0,0,100.0000,0,0,73.000,60,0,3078295552
657,1.288744942,17.152279,16.668458,1,2800.0000,-450.0000,85.7870,0.0000,0.0000,0.0000,0.0000,0.9559,4,47.8030,-0.0000,0.000,0.000,1,0,0,100.0000,0,0,73.000,60,0,3078332416
658,1.310072110,21.327168,16.667887,1,2800.0000,-450.0000,85.7730,0.0000,0.0000,0.0000,0.0000,0.0000,4,47.7870,-0.0000,0.000,0.000,1,0,0,100.0000,0,0,73.000,60,0,3078385664
659,1.321673798,11.601688,16.668208,1,2800.0000,-450.0000,85.7724,0.0000,0.0000,0.0000,0.0000,0.0305,4,47.7730,-0.0000,0.000,0.000,1,0,0,100.0000,0,0,73.000,60,0,3078385664
660,1.340148166,18.474368,16.668209,1,2800.0000,-450.0000,85.7715,0.0000,0.0000,0.0000,0.0000,0.0552,4,47.7724,-0.0000,0.000,0.000,1,0,0,100.0000,0,0,73.000,60,0,3078410240
661,1.359206375,19.058209,16.668757,1,2800.0000,-450.0000,85.7703,0.0000,0.0000,0.0000,0.0000,0.0745,4,47.7715,-0.0000,0.000,0.000,1,0,0,100.0000,0,0,73.000,60,0,3078463488
662,1.371744354,12.537979,16.667988,1,2800.0000,-450.0000,85.7688,0.0000,0.0000,0.0000,-0.0000,0.0889,4,47.7703,-0.0000,0.000,0.000,1,0,0,100.0000,0,0,73.000,60,0,3078500352
663,1.388763090,17.018736,16.668738,1,2800.0000,-450.0000,85.7672,0.0000,0.0000,0.0000,0.0000,0.0000,4,47.7688,-0.0000,0.000,0.000,1,0,0,100.0000,0,0,73.000,60,0,3078529024
664,1.409731209,20.968119,16.668627,1,2800.0000,-450.0000,85.7668,0.0000,0.0000,0.0000,0.0000,0.0228,4,47.7672,-0.0000,0.000,0.000,1,0,0,100.0000,0,0,73.000,60,0,3078574080
665,1.421772789,12.041580,16.668789,1,2800.0000,-450.0000,85.7661,0.0000,0.0000,0.0000,-0.0000,0.0413,4,47.7668,-0.0000,0.000,0.000,1,0,0,100.0000,0,0,73.000,60,0,3078594560
666,1.439603951,17.831162,16.667968,1,2800.0000,-450.0000,85.7652,0.0000,0.0000,0.0000,-0.0000,0.0557,4,47.7661,-0.0000,0.000,0.000,1,0,0,100.0000,0,0,73.000,60,0,3078623232
667,1.459293254,19.689303,16.668207,1,2800.0000,-450.0000,85.7640,0.0000,0.0000,0.0000,-0.0000,0.0665,4,47.7652,-0.0000,0.000,0.000,1,0,0,100.0000,0,0,73.000,60,0,3078660096
668,1.471736770,12.443516,16.668248,1,2800.0000,-450.0000,85.7628,0.0000,0.0000,0.0000,0.0000,0.0000,4,47.7640,-0.0000,0.000,0.000,1,0,0,100.0000,0,0,73.000,60,0,3078680576
669,1.489891451,18.154681,16.668929,1,2800.0000,-450.0000,85.7625,0.0000,0.0000,0.0000,0.0000,0.0170,4,47.7628,-0.0000,0.000,0.000,1,0,0,100.0000,0,0,73.000,60,0,3078713344
670,1.511234859,21.343408,16.667687,1,2800.0000,-450.0000,85.7620,0.0000,0.0000,0.0000,-0.0000,0.0308,4,47.7625,-0.0000,0.000,0.000,1,0,0,100.0000,0,0,73.000,60,0,3078742016
671,1.523145735,11.910876,16.692109,1,2800.0000,-450.0000,85.7613,0.0000,0.0000,0.0000,-0.0000,0.0416,4,47.7620,-0.0000,0.000,0.000,1,0,0,100.0000,0,0,73.000,60,0,3078766592
672,1.539228140,16.082405,16.667808,1,2800.0000,-450.0000,85.7605,0.0000,0.0000,0.0000,-0.0000,0.0497,4,47.7613,-0.0000,0.000,0.000,1,0,0,100.0000,0,0,73.000,60,0,3078799360
673,1.560171690,20.943550,16.667647,1,2800.0000,-450.0000,85.7596,0.0000,0.0000,0.0000,0.0000,0.0000,4,47.7605,-0.0000,0.000,0.000,1,0,0,100.0000,0,0,73.000,60,0,3078836224
674,1.572786410,12.614720,16.668328,1,2800.0000,-450.0000,85.7594,0.0000,0.0000,0.0000,0.0000,0.0127,4,47.7596,-0.0000,0.000,0.000,1,0,0,100.0000,0,0,73.000,60,0,3078873088
675,1.590351478,17.565068,16.668728,1,2800.0000,-450.0000,85.7590,0.0000,0.0000,0.0000,-0.0000,0.0230,4,47.7594,-0.0000,0.000,0.000,1,0,0,100.0000,0,0,73.000,60,0,3078901760
676,1.608752612,18.401134,16.668468,1,2800.0000,-450.0000,85.7585,0.0000,0.0000,0.0000,-0.0000,0.0311,4,47.7590,-0.0000,0.000,0.000,1,0,0,100.0000,0,0,73.000,60,0,3078938624
677,1.625384130,16.631518,16.668408,1,2800.0000,-450.0000,85.7578,0.0000,0.0000,0.0000,0.0000,0.0371,4,47.7585,-0.0000,0.000,0.000,1,0,0,100.0000,0,0,73.000,60,0,3078991872
678,1.642973208,17.589078,16.669068,1,2800.0000,-450.0000,85.7572,0.0000,0.0000,0.0000,0.0000,0.0000,4,47.7578,-0.0000,0.000,0.000,1,0,0,100.0000,0,0,73.000,60,0,3079049216
679,1.661252470,18.279262,16.669287,1,2800.0000,-450.0000,85.7570,0.0000,0.0000,0.0000,0.0000,0.0095,4,47.7571,-0.0000,0.000,0.000,1,0,0,100.0000,0,0,73.000,60,0,3079077888
680,1.671929850,10.677380,16.668149,1,2800.0000,-450.0000,85.7567,0.0000,0.0000,0.0000,-0.0000,0.0172,4,47.7570,-0.0000,0.000,0.000,1,0,0,100.0000,0,0,73.000,60,0,3079077888
681,1.689554308,17.624458,16.668348,1,2800.0000,-450.0000,85.7563,0.0000,0.0000,0.0000,-0.0000,0.0232,4,47.7567,-0.0000,0.000,0.000,1,0,0,100.0000,0,0,73.000,60,0,3079122944
682,1.710342144,20.787836,16.667127,1,2800.0000,-450.0000,85.7559,0.0000,0.0000,0.0000,-0.0000,0.0277,4,47.7563,-0.0000,0.000,0.000,1,0,0,100.0000,0,0,73.000,60,0,3079180288
683,1.721929903,11.587759,16.668308,1,2800.0000,-450.0000,85.7553,0.0000,0.0000,0.0000,0.0000,0.0000,4,47.7559,-0.0000,0.000,0.000,1,0,0,100.0000,0,0,73.000,60,0,3079180288
684,1.739425539,17.495636,16.667229,1,2800.0000,-450.0000,85.7552,0.0000,0.0000,0.0000,0.0000,0.0071,4,47.7553,-0.0000,0.000,0.000,1,0,0,100.0000,0,0,73.000,60,0,3079245824
685,1.758471087,19.045548,16.667757,1,2800.0000,-450.0000,85.7550,0.0000,0.0000,0.0000,-0.0000,0.0129,4,47.7552,-0.0000,0.000,0.000,1,0,0,100.0000,0,0,73.000,60,0,3079286784
686,1.776892954,18.421867,16.668178,1,2800.0000,-450.0000,85.7547,0.0000,0.0000,0.0000,0.0000,0.0174,4,47.7550,-0.0000,0.000,0.000,1,0,0,100.0000,0,0,73.000,60,0,3079315456
687,1.788873650,11.980696,16.667678,1,2800.0000,-450.0000,85.7544,0.0000,0.0000,0.0000,0.0000,0.0207,4,47.7547,-0.0000,0.000,0.000,1,0,0,100.0000,0,0,73.000,60,0,3079344128
688,1.806532509,17.658859,16.667538,1,2800.0000,-450.0000,85.7540,0.0000,0.0000,0.0000,0.0000,0.0000,4,47.7544,-0.0000,0.000,0.000,1,0,0,100.0000,0,0,73.000,60,0,3079376896
689,1.826975109,20.442600,16.669168,1,2800.0000,-450.0000,85.7540,0.0000,0.0000,0.0000,0.0000,0.0053,4,47.7540,-0.0000,0.000,0.000,1,0,0,100.0000,0,0,73.000,60,0,3079417856
690,1.838738851,11.763742,16.668118,1,2800.0000,-450.0000,85.7537,0.0000,0.0000,0.0000,-0.0000,0.0097,4,47.7540,-0.0000,0.000,0.000,1,0,0,100.0000,0,0,73.000,60,0,3079438336
691,1.857788860,19.050009,16.668907,1,2800.0000,-450.0000,85.7535,0.0000,0.0000,0.0000,-0.0000,0.0131,4,47.7537,-0.0000,0.000,0.000,1,0,0,100.0000,0,0,73.000,60,0,3079487488
692,1.877101155,19.312295,16.667938,1,2800.0000,-450.0000,85.7533,0.0000,0.0000,0.0000,-0.0000,0.0155,4,47.7535,-0.0000,0.000,0.000,1,0,0,100.0000,0,0,73.000,60,0,3078467584
693,1.888952830,11.851675,16.667099,1,2800.0000,-450.0000,85.7530,0.0000,0.0000,0.0000,0.0000,0.0000,4,47.7533,-0.0000,0.000,0.000,1,0,0,100.0000,0,0,73.000,60,0,3078488064
694,1.908124071,19.171241,16.668507,1,2800.0000,-450.0000,85.7530,0.0000,0.0000,0.0000,0.0000,0.0040,4,47.7530,-0.0000,0.000,0.000,1,0,0,100.0000,0,0,73.000,60,0,3076423680
695,1.926444454,18.320383,16.667828,1,2800.0000,-450.0000,85.7528,0.0000,0.0000,0.0000,-0.0000,0.0072,4,47.7530,-0.0000,0.000,0.000,1,0,0,100.0000,0,0,73.000,60,0,3075403776
696,1.938890671,12.446217,16.667348,1,2800.0000,-450.0000,85.7526,0.0000,0.0000,0.0000,-0.0000,0.0097,4,47.7528,-0.0000,0.000,0.000,1,0,0,100.0000,0,0,73.000,60,0,3075440640
697,1.957791557,18.900886,16.667988,1,2800.0000,-450.0000,85.7524,0.0000,0.0000,0.0000,-0.0000,0.0116,4,47.7526,-0.0000,0.000,0.000,1,0,0,100.0000,0,0,73.000,60,0,3074428928
698,1.974983577,17.192020,16.667258,1,2800.0000,-450.0000,85.7522,0.0000,0.0000,0.0000,0.0000,0.0000,4,47.7524,-0.0000,0.000,0.000,1,0,0,100.0000,0,0,73.000,60,0,3074453504
699,1.993030774,18.047197,16.668268,1,2800.0000,-450.0000,85.7522,0.0000,0.0000,0.0000,0.0000,0.0030,4,47.7522,-0.0000,0.000,0.000,1,0,0,100.0000,0,0,73.000,60,0,3074478080
700,2.005625154,12.594380,16.667807,1,2800.0000,-450.0000,85.7521,0.0000,0.0000,0.0000,0.0000,0.0054,4,47.7522,-0.0000,0.000,0.000,1,0,0,100.0000,0,0,73.000,60,0,3074514944
701,2.023076710,17.451556,16.667708,1,2800.0000,-450.0000,85.7520,0.0000,0.0000,0.0000,0.0000,0.0073,4,47.7521,-0.0000,0.000,0.000,1,0,0,100.0000,0,0,73.000,60,0,3074547712
702,2.043942897,20.866187,16.667849,1,2800.0000,-450.0000,85.7518,0.0000,0.0000,0.0000,0.0000,0.0086,4,47.7520,-0.0000,0.000,0.000,1,0,0,100.0000,0,0,73.000,60,0,3074572288
703,2.055314111,11.371214,16.668247,1,2800.0000,-450.0000,85.7517,0.0000,0.0000,0.0000,0.0000,0.0000,4,47.7518,-0.0000,0.000,0.000,1,0,0,100.0000,0,0,73.000,60,0,3074572288
704,2.074330060,19.015949,16.669138,1,2800.0000,-450.0000,85.7517,0.0000,0.0000,0.0000,0.0000,0.0022,4,47.7517,-0.0000,0.000,0.000,1,0,0,100.0000,0,0,73.000,60,0,3074633728
705,2.093673095,19.343035,16.667868,1,2800.0000,-450.0000,85.7516,0.0000,0.0000,0.0000,-0.0000,0.0040,4,47.7517,-0.0000,0.000,0.000,1,0,0,100.0000,0,0,73.000,60,0,3074654208
706,2.105359866,11.686771,16.667248,1,2800.0000,-450.0000,85.7516,0.0000,0.0000,0.0000,0.0000,0.0054,4,47.7516,-0.0000,0.000,0.000,1,0,0,100.0000,0,0,73.000,60,0,3074654208
707,2.123836082,18.476216,16.668348,1,2800.0000,-450.0000,85.7514,0.0000,0.0000,0.0000,-0.0000,0.0066,4,47.7516,-0.0000,0.000,0.000,1,0,0,100.0000,0,0,73.000,60,0,3074686976
708,2.141271047,17.434965,16.668888,1,2800.0000,-450.0000,85.7512,0.0000,0.0000,0.0000,0.0000,0.0000,4,47.7514,-0.0000,0.000,0.000,1,0,0,100.0000,0,0,73.000,60,0,3074732032
709,2.160284845,19.013798,16.667777,1,2800.0000,-450.0000,85.7512,0.0000,0.0000,0.0000,0.0000,0.0016,4,47.7512,-0.0000,0.000,0.000,1,0,0,100.0000,0,0,73.000,60,0,3074793472
710,2.171878674,11.593829,16.668318,1,2800.0000,-450.0000,85.7512,0.0000,0.0000,0.0000,-0.0000,0.0030,4,47.7512,-0.0000,0.000,0.000,1,0,0,100.0000,0,0,73.000,60,0,3074793472
711,2.189773208,17.894534,16.667178,1,2800.0000,-450.0000,85.7511,0.0000,0.0000,0.0000,-0.0000,0.0041,4,47.7512,-0.0000,0.000,0.000,1,0,0,100.0000,0,0,73.000,60,0,3074842624
712,2.208442329,18.669121,16.667318,1,2800.0000,-450.0000,85.7511,0.0000,0.0000,0.0000,-0.0000,0.0049,4,47.7511,-0.0000,0.000,0.000,1,0,0,100.0000,0,0,73.000,60,0,3074891776
713,2.226402955,17.960626,16.667158,1,2800.0000,-450.0000,85.7509,0.0000,0.0000,0.0000,0.0000,0.0000,4,47.7511,-0.0000,0.000,0.000,1,0,0,100.0000,0,0,73.000,60,0,3074936832
714,2.238830061,12.427106,16.668987,1,2800.0000,-450.0000,85.7509,0.0000,0.0000,0.0000,0.0000,0.0012,4,47.7509,-0.0000,0.000,0.000,1,0,0,100.0000,0,0,73.000,60,0,3074965504
715,2.256273886,17.443825,16.667739,1,2800.0000,-450.0000,85.7509,0.0000,0.0000,0.0000,-0.0000,0.0022,4,47.7509,-0.0000,0.000,0.000,1,0,0,100.0000,0,0,73.000,60,0,3075014656
716,2.274514308,18.240422,16.667638,1,2800.0000,-450.0000,85.7508,0.0000,0.0000,0.0000,-0.0000,0.0031,4,47.7509,-0.0000,0.000,0.000,1,0,0,100.0000,0,0,73.000,60,0,3075039232
717,2.291777868,17.263560,16.667657,1,2800.0000,-450.0000,85.7508,0.0000,0.0000,0.0000,-0.0000,0.0036,4,47.7508,-0.0000,0.000,0.000,1,0,0,100.0000,0,0,73.000,60,0,3075067904
718,2.307744641,15.966773,16.667568,1,2800.0000,-450.0000,85.7507,0.0000,0.0000,0.0000,0.0000,0.0000,4,47.7508,-0.0000,0.000,0.000,1,0,0,100.0000,0,0,73.000,60,0,3075096576
719,2.324539382,16.794741,16.667258,1,2800.0000,-450.0000,85.7507,0.0000,0.0000,0.0000,0.0000,0.0009,4,47.7507,-0.0000,0.000,0.000,1,0,0,100.0000,0,0,73.000,60,0,3075129344
720,2.343426258,18.886876,16.667728,1,2800.0000,-450.0000,85.7507,0.0000,0.0000,0.0000,0.0000,0.0017,4,47.7507,-0.0000,0.000,0.000,1,0,0,100.0000,0,0,73.000,60,0,3075170304
721,2.355232301,11.806043,16.667338,1,2800.0000,-450.0000,85.7507,0.0000,0.0000,0.0000,0.0000,0.0023,4,47.7507,-0.0000,0.000,0.000,1,0,0,100.0000,0,0,73.000,60,0,3075194880
722,2.372203996,16.971695,16.667918,1,2800.0000,-450.0000,85.7505,0.0000,0.0000,0.0000,0.0000,0.0028,4,47.7507,-0.0000,0.000,0.000,1,0,0,100.0000,0,0,73.000,60,0,3075231744
723,2.393252288,21.048292,16.668837,1,2800.0000,-450.0000,85.7505,0.0000,0.0000,0.0000,0.0000,0.0000,4,47.7505,-0.0000,0.000,0.000,1,0,0,100.0000,0,0,73.000,60,0,3075264512
724,2.405481910,12.229622,16.668589,1,2800.0000,-450.0000,85.7505,0.0000,0.0000,0.0000,0.0000,0.0007,4,47.7505,-0.0000,0.000,0.000,1,0,0,100.0000,0,0,73.000,60,0,3075301376
725,2.422409424,16.927514,16.667678,1,2800.0000,-450.0000,85.7505,0.0000,0.0000,0.0000,0.0000,0.0013,4,47.7505,-0.0000,0.000,0.000,1,0,0,100.0000,0,0,73.000,60,0,3074281472
726,2.441320540,18.911116,16.667177,1,2800.0000,-450.0000,85.7504,0.0000,0.0000,0.0000,0.0000,0.0018,4,47.7505,-0.0000,0.000,0.000,1,0,0,100.0000,0,0,73.000,60,0,3074310144
727,2.458686652,17.366112,16.667628,1,2800.0000,-450.0000,85.7504,0.0000,0.0000,0.0000,0.0000,0.0021,4,47.7504,-0.0000,0.000,0.000,1,0,0,100.0000,0,0,73.000,60,0,3074347008
728,2.474754157,16.067505,16.667729,1,2800.0000,-450.0000,85.7504,0.0000,0.0000,0.0000,0.0000,0.0000,4,47.7504,-0.0000,0.000,0.000,1,0,0,100.0000,0,0,73.000,60,0,3074375680
729,2.491773963,17.019806,16.689207,1,2800.0000,-450.0000,85.7504,0.0000,0.0000,0.0000,0.0000,0.0006,4,47.7504,-0.0000,0.000,0.000,1,0,0,100.0000,0,0,73.000,60,0,3074400256
730,2.507741196,15.967233,16.667788,1,2800.0000,-450.0000,85.7503,0.0000,0.0000,0.0000,0.0000,0.0011,4,47.7504,-0.0000,0.000,0.000,1,0,0,100.0000,0,0,73.000,60,0,3074433024
731,2.525125398,17.384202,16.668829,1,2800.0000,-450.0000,85.7503,0.0000,0.0000,0.0000,0.0000,0.0013,4,47.7503,-0.0000,0.000,0.000,1,0,0,100.0000,0,0,73.000,60,0,3074453504
732,2.540913248,15.787850,16.668737,1,2800.0000,-450.0000,85.7503,0.0000,0.0000,0.0000,0.0000,0.0015,4,47.7503,-0.0000,0.000,0.000,1,0,0,100.0000,0,0,73.000,60,0,3074465792
733,2.558582977,17.669729,16.667698,1,2800.0000,-450.0000,85.7503,0.0000,0.0000,0.0000,0.0000,0.0000,4,47.7503,-0.0000,0.000,0.000,1,0,0,100.0000,0,0,73.000,60,0,3074494464
734,2.574289265,15.706288,16.668718,1,2800.0000,-450.0000,85.7503,0.0000,0.0000,0.0000,0.0000,0.0004,4,47.7503,-0.0000,0.000,0.000,1,0,0,100.0000,0,0,73.000,60,0,3074531328
735,2.591272770,16.983505,16.667558,1,2800.0000,-450.0000,85.7503,0.0000,0.0000,0.0000,0.0000,0.0008,4,47.7503,-0.0000,0.000,0.000,1,0,0,100.0000,0,0,73.000,60,0,3074560000
736,2.607762893,16.490123,16.667518,1,2800.0000,-450.0000,85.7502,0.0000,0.0000,0.0000,-0.0000,0.0011,4,47.7503,-0.0000,0.000,0.000,1,0,0,100.0000,0,0,73.000,60,0,3074588672
737,2.625335751,17.572858,16.667378,1,2800.0000,-450.0000,85.7502,0.0000,0.0000,0.0000,-0.0000,0.0012,4,47.7502,-0.0000,0.000,0.000,1,0,0,100.0000,0,0,73.000,60,0,3074617344
738,2.642284175,16.948424,16.668127,1,2800.0000,-450.0000,85.7502,0.0000,0.0000,0.0000,0.0000,0.0000,4,47.7502,-0.0000,0.000,0.000,1,0,0,100.0000,0,0,73.000,60,0,3074662400
739,2.660418534,18.134359,16.669278,1,2800.0000,-450.0000,85.7502,0.0000,0.0000,0.0000,0.0000,0.0003,4,47.7502,-0.0000,0.000,0.000,1,0,0,100.0000,0,0,73.000,60,0,3074691072
740,2.672144055,11.725521,16.667419,1,2800.0000,-450.0000,85.7502,0.0000,0.0000,0.0000,0.0000,0.0005,4,47.7502,-0.0000,0.000,0.000,1,0,0,100.0000,0,0,73.000,60,0,3074711552
741,2.691792677,19.648622,16.668437,1,2800.0000,-450.0000,85.7502,0.0000,0.0000,0.0000,-0.0000,0.0007,4,47.7502,-0.0000,0.000,0.000,1,0,0,100.0000,0,0,73.000,60,0,3074748416
742,2.708317573,16.524896,16.668828,1,2800.0000,-450.0000,85.7502,0.0000,0.0000,0.0000,-0.0000,0.0009,4,47.7502,-0.0000,0.000,0.000,1,0,0,100.0000,0,0,73.000,60,0,3074777088
743,2.724324966,16.007393,16.667478,1,2800.0000,-450.0000,85.7502,0.0000,0.0000,0.0000,0.0000,0.0000,4,47.7502,-0.0000,0.000,0.000,1,0,0,100.0000,0,0,73.000,60,0,3074801664
744,2.741147067,16.822101,16.668858,1,2800.0000,-450.0000,85.7501,0.0000,0.0000,0.0000,0.0000,0.0003,4,47.7502,-0.0000,0.000,0.000,1,0,0,100.0000,0,0,73.000,60,0,3074846720
745,2.758132172,16.985105,16.668828,1,2800.0000,-450.0000,85.7501,0.0000,0.0000,0.0000,0.0000,0.0004,4,47.7501,-0.0000,0.000,0.000,1,0,0,100.0000,0,0,73.000,60,0,3074887680
746,2.774576585,16.444413,16.668688,1,2800.0000,-450.0000,85.7501,0.0000,0.0000,0.0000,-0.0000,0.0005,4,47.7501,-0.0000,0.000,0.000,1,0,0,100.0000,0,0,73.000,60,0,3074961408
747,2.791419447,16.842862,16.667347,1,2800.0000,-450.0000,85.7501,0.0000,0.0000,0.0000,-0.0000,0.0005,4,47.7501,-0.0000,0.000,0.000,1,0,0,100.0000,0,0,73.000,60,0,3075010560
748,2.810280722,18.861275,16.668039,1,2800.0000,-450.0000,85.7501,0.0000,0.0000,0.0000,0.0000,0.0000,4,47.7501,-0.0000,0.000,0.000,1,0,0,100.0000,0,0,73.000,60,0,3075055616
749,2.821948492,11.667770,16.667628,1,2800.0000,-450.0000,85.7501,0.0000,0.0000,0.0000,0.0000,0.0002,4,47.7501,-0.0000,0.000,0.000,1,0,0,100.0000,0,0,73.000,60,0,3075092480
750,2.841131274,19.182782,16.668507,1,2800.0000,-450.0000,85.7501,0.0000,0.0000,0.0000,-0.0000,0.0003,4,47.7501,-0.0000,0.000,0.000,1,0,0,100.0000,0,0,73.000,60,0,3075153920
751,2.859161821,18.030547,16.667168,1,2800.0000,-450.0000,85.7501,0.0000,0.0000,0.0000,-0.0000,0.0004,4,47.7501,-0.0000,0.000,0.000,1,0,0,100.0000,0,0,73.000,60,0,3075194880
752,2.875791618,16.629797,16.668728,1,2800.0000,-450.0000,85.7501,0.0000,0.0000,0.0000,0.0000,0.0005,4,47.7501,-0.0000,0.000,0.000,1,0,0,100.0000,0,0,73.000,60,0,3075227648
753,2.893701363,17.909745,16.667928,1,2800.0000,-450.0000,85.7501,0.0000,0.0000,0.0000,0.0000,0.0000,4,47.7501,-0.0000,0.000,0.000,1,0,0,100.0000,0,0,73.000,60,0,3075272704
754,2.909002041,15.300678,16.668338,1,2800.0000,-450.0000,85.7501,0.0000,0.0000,0.0000,0.0000,0.0002,4,47.7501,-0.0000,0.000,0.000,1,0,0,100.0000,0,0,73.000,60,0,3075325952
755,2.924848001,15.845960,16.668608,1,2800.0000,-450.0000,85.7501,0.0000,0.0000,0.0000,-0.0000,0.0003,4,47.7501,-0.0000,0.000,0.000,1,0,0,100.0000,0,0,73.000,60,0,3075362816
756,2.945157777,20.309776,16.669347,1,2800.0000,-450.0000,85.7501,0.0000,0.0000,0.0000,-0.0000,0.0004,4,47.7501,-0.0000,0.000,0.000,1,0,0,100.0000,0,0,73.000,60,0,3075403776
757,2.955103550,9.945773,16.668738,1,2800.0000,-450.0000,85.7501,0.0000,0.0000,0.0000,0.0000,0.0005,4,47.7501,-0.0000,0.000,0.000,1,0,0,100.0000,0,0,73.000,60,0,3075411968
758,2.971941272,16.837722,16.667148,1,2800.0000,-450.0000,85.7501,0.0000,0.0000,0.0000,0.0000,0.0000,4,47.7501,-0.0000,0.000,0.000,1,0,0,100.0000,0,0,73.000,60,0,3075473408
759,2.988690712,16.749440,16.667557,1,2800.0000,-450.0000,85.7501,0.0000,0.0000,0.0000,0.0000,0.0002,4,47.7501,-0.0000,0.000,0.000,1,0,0,100.0000,0,0,73.000,60,0,3075502080
760,3.005312578,16.621866,16.667719,1,2800.0000,-450.0000,85.7500,0.0000,0.0000,0.0000,-0.0000,0.0003,4,47.7501,-0.0000,0.000,0.000,1,0,0,100.0000,0,0,73.000,60,0,3075538944
761,3.025840359,20.527781,16.667218,1,2800.0000,-450.0000,85.7500,0.0000,0.0000,0.0000,-0.0000,0.0003,4,47.7500,-0.0000,0.000,0.000,1,0,0,100.0000,0,0,73.000,60,0,3075588096
762,3.044673924,18.833565,16.667197,22,2800.0000,-450.0000,85.7500,0.0000,0.0000,0.0000,0.0000,0.0002,4,47.7500,-0.0000,0.000,0.000,1,0,0,100.0000,0,0,73.000,60,0,3075624960
763,3.800255927,755.582003,16.666928,22,2800.0000,-450.0000,85.7500,0.0000,0.0000,0.0000,0.0000,0.0000,4,47.7500,-0.0000,0.000,0.000,1,0,0,100.0000,0,0,73.000,60,0,3106484224
764,3.808236998,7.981071,748.898450,2,2800.0000,-450.0000,85.7500,0.0000,0.0000,0.0000,0.0000,0.0000,4,47.7500,-0.0000,0.000,0.000,1,0,0,100.0000,0,0,73.000,60,0,3107733504
765,3.825655872,17.418874,16.666877,2,2800.0000,-450.0000,85.7500,0.0000,0.0000,0.0000,0.0000,0.0001,4,47.7500,-0.0000,0.000,0.000,0,0,0,100.0000,0,1,73.000,60,1,3107774464
766,3.837001566,11.345694,16.667098,2,2800.0000,-450.0000,85.7500,0.0000,0.0000,0.0000,0.0000,0.0001,4,47.7500,-0.0000,0.000,0.000,0,0,0,100.0000,0,1,73.000,60,1,3107848192
767,3.855584324,18.582758,16.667189,2,2800.0000,-450.0000,85.7500,0.0000,0.0000,0.0000,-0.0000,0.0001,4,47.7500,-0.0000,0.000,0.000,0,0,0,100.0000,0,1,73.000,60,1,3107921920
768,3.875182325,19.598001,16.666957,2,2800.0000,-450.0000,85.7500,0.0000,0.0000,0.0000,0.0000,0.0000,4,47.7500,-0.0000,0.000,0.000,0,0,0,100.0000,0,1,73.000,60,1,3107987456
769,3.886954708,11.772383,16.667838,2,2800.0000,-450.0000,85.7500,0.0000,0.0000,0.0000,0.0000,0.0000,4,47.7500,-0.0000,0.000,0.000,0,0,0,100.0000,0,1,73.000,60,1,3108007936
770,3.905470545,18.515837,16.667858,2,2800.0000,-450.0000,85.7500,0.0000,0.0000,0.0000,0.0000,0.0000,4,47.7500,-0.0000,0.000,0.000,0,0,0,100.0000,0,1,73.000,60,1,3108044800
771,3.925372103,19.901558,16.667748,2,2800.0000,-450.0000,85.7500,0.0000,0.0000,0.0000,-0.0000,0.0001,4,47.7500,-0.0000,0.000,0.000,0,0,0,100.0000,0,1,73.000,60,1,3108089856
772,3.937303699,11.931596,16.668728,2,2800.0000,-450.0000,85.7500,0.0000,0.0000,0.0000,0.0000,0.0001,4,47.7500,-0.0000,0.000,0.000,0,0,0,100.0000,0,1,73.000,60,1,3108118528
773,3.955739726,18.436027,16.668258,2,2800.0000,-450.0000,85.7500,0.0000,0.0000,0.0000,0.0000,0.0000,4,47.7500,-0.0000,0.000,0.000,0,0,0,100.0000,0,1,73.000,60,1,3108163584
774,3.973670180,17.930454,16.668067,2,2800.0000,-450.0000,85.7500,0.0000,0.0000,0.0000,0.0000,0.0000,4,47.7500,-0.0000,0.000,0.000,0,0,0,100.0000,0,1,73.000,60,1,3108204544
775,3.992513924,18.843744,16.667598,2,2800.0000,-450.0000,85.7500,0.0000,0.0000,0.0000,0.0000,0.0000,4,47.7500,-0.0000,0.000,0.000,0,0,0,100.0000,0,1,73.000,60,1,3108237312
776,4.003870199,11.356275,16.667218,2,2800.0000,-450.0000,85.7500,0.0000,0.0000,0.0000,-0.0000,0.0001,4,47.7500,-0.0000,0.000,0.000,0,0,0,100.0000,0,1,73.000,60,1,3108270080
777,4.021673320,17.803121,16.668428,2,2800.0000,-450.0000,85.7500,0.0000,0.0000,0.0000,0.0000,0.0001,4,47.7500,-0.0000,0.000,0.000,0,0,0,100.0000,0,1,73.000,60,1,3108323328
778,4.041825914,20.152594,16.668538,2,2800.0000,-450.0000,85.7500,0.0000,0.0000,0.0000,0.0000,0.0000,4,47.7500,-0.0000,0.000,0.000,0,0,0,100.0000,0,1,73.000,60,1,3108372480
779,4.058885740,17.059826,16.668747,2,2800.0000,-450.0000,85.7500,0.0000,0.0000,0.0000,0.0000,0.0000,4,47.7500,-0.0000,0.000,0.000,0,0,0,100.0000,0,1,73.000,60,1,3108405248
780,4.070655282,11.769542,16.668299,2,2800.0000,-450.0000,85.7500,0.0000,0.0000,0.0000,0.0000,0.0000,4,47.7500,-0.0000,0.000,0.000,0,0,0,100.0000,0,1,73.000,60,1,3108442112
781,4.090527069,19.871787,16.667008,2,2800.0000,-450.0000,85.7500,0.0000,0.0000,0.0000,-0.0000,0.0001,4,47.7500,-0.0000,0.000,0.000,0,0,0,100.0000,0,1,73.000,60,1,3108499456
782,4.108789062,18.261993,16.668847,2,2800.0000,-450.0000,85.7500,0.0000,0.0000,0.0000,0.0000,0.0001,4,47.7500,-0.0000,0.000,0.000,0,0,0,100.0000,0,1,73.000,60,1,3108540416
783,4.125383318,16.594256,16.667288,2,2800.0000,-450.0000,85.7500,0.0000,0.0000,0.0000,0.0000,0.0000,4,47.7500,-0.0000,0.000,0.000,0,0,0,100.0000,0,1,73.000,60,1,3108581376
784,4.137271783,11.888465,16.667529,2,2800.0000,-450.0000,85.7500,0.0000,0.0000,0.0000,0.0000,0.0000,4,47.7500,-0.0000,0.000,0.000,0,0,0,100.0000,0,1,73.000,60,1,3108618240
785,4.157335744,20.063961,16.667117,3,2800.0000,-450.0000,85.7500,0.0000,0.0000,0.0000,0.0000,0.0000,4,47.7500,-0.0000,0.000,0.000,0,0,0,100.0000,0,1,73.000,60,1,3108646912
786,4.175171697,17.835953,16.667088,3,2800.1385,-450.0000,85.7500,0.0000,0.0000,0.0000,8.3127,8.3127,4,47.7500,-0.0000,1.000,0.000,0,0,0,100.0000,0,1,73.000,60,1,3108671488
787,4.190899105,15.727408,16.667568,3,2800.4150,-450.0000,85.7500,0.0000,0.0000,0.0000,16.5883,16.5883,4,47.7500,0.2089,1.000,0.000,0,0,0,100.0000,0,1,73.000,60,1,3108716544
788,4.208105714,17.206609,16.668617,3,2800.8289,-450.0000,85.7500,0.0000,0.0000,0.0000,24.8272,24.8272,4,47.7500,0.6258,1.000,0.000,0,0,0,100.0000,0,1,73.000,60,1,3108745216
789,4.224791143,16.685429,16.668739,3,2801.3794,-450.0000,85.7500,0.0000,0.0000,0.0000,33.0291,33.0291,4,47.7500,1.2498,1.000,0.000,0,0,0,100.0000,0,1,73.000,60,1,3108782080
790,4.241008211,16.217068,16.668818,3,2802.0661,-450.0000,85.7500,0.0000,0.0000,0.0000,41.1942,41.1942,4,47.7500,2.0799,1.000,0.000,0,0,0,100.0000,0,1,73.000,60,1,3108810752
791,4.258693440,17.685229,16.667337,3,2802.8881,-450.0000,85.7500,0.0000,0.0000,0.0000,49.3218,49.3218,4,47.7500,3.1152,1.000,0.000,0,0,0,100.0000,0,1,73.000,60,1,3108843520
792,4.274954830,16.261390,16.668478,3,2803.8451,-450.0000,85.7500,0.0000,0.0000,0.0000,57.4135,57.4135,4,47.7500,4.3547,1.000,0.000,0,0,0,100.0000,0,1,73.000,60,1,3108868096
793,4.293261772,18.306942,16.696519,3,2804.9385,-450.0000,85.7500,0.0000,0.0000,0.0000,65.4823,65.4823,4,47.7500,5.8001,1.000,0.000,0,0,0,100.0000,0,1,73.000,60,1,3108896768
794,4.308326686,15.064914,16.667067,3,2806.1635,-450.0000,85.7500,0.0000,0.0000,0.0000,73.5007,73.5007,4,47.7500,7.4457,1.000,0.000,0,0,0,100.0000,0,1,73.000,60,1,3108925440
795,4.325484494,17.157808,16.668469,3,2807.5217,-450.0000,85.7500,0.0000,0.0000,0.0000,81.4837,81.4837,4,47.7500,9.2929,1.000,0.000,0,0,0,100.0000,0,1,73.000,60,1,3108966400
796,4.341371765,15.887271,16.668428,3,2809.0124,-450.0000,85.7500,0.0000,0.0000,0.0000,89.4307,89.4307,4,47.7500,11.3408,1.000,0.000,0,0,0,100.0000,0,1,73.000,60,1,3109003264
797,4.358180256,16.808491,16.667577,3,2810.6348,-450.0000,85.7500,0.0000,0.0000,0.0000,97.3417,97.3417,4,47.7500,13.5883,1.000,0.000,0,0,0,100.0000,0,1,73.000,60,1,3109031936
798,4.374223211,16.042955,16.668928,3,2812.3887,-450.0000,85.7500,0.0000,0.0000,0.0000,105.2177,105.2177,4,47.7500,16.0348,1.000,0.000,0,0,0,100.0000,0,1,73.000,60,1,3109040128
799,4.391942872,17.719661,16.667769,3,2814.2731,-450.0000,85.7500,0.0000,0.0000,0.0000,113.0577,113.0577,4,47.7500,18.6791,1.000,0.000,0,0,0,100.0000,0,1,73.000,60,1,3109081088
800,4.408576818,16.633946,16.667917,3,2816.2877,-450.0000,85.7500,0.0000,0.0000,0.0000,120.8626,120.8626,4,47.7500,21.5204,1.000,0.000,0,0,0,100.0000,0,1,73.000,60,1,3109117952
801,4.420581946,12.005128,16.667768,3,2818.4317,-450.0000,85.7500,0.0000,0.0000,0.0000,128.6324,128.6324,4,47.7500,24.5579,1.000,0.000,0,0,0,100.0000,0,1,73.000,60,1,3109150720
802,4.440308540,19.726594,16.668328,3,2820.7047,-450.0000,85.7500,0.0000,0.0000,0.0000,136.3674,136.3674,4,47.7500,27.7907,1.000,0.000,0,0,0,100.0000,0,1,73.000,60,1,3109199872
803,4.458857089,18.548549,16.668418,3,2823.1061,-450.0000,85.7500,0.0000,0.0000,0.0000,144.0678,144.0678,4,47.7500,31.2179,1.000,0.000,0,0,0,100.0000,0,1,73.000,60,1,3109244928
804,4.470445007,11.587918,16.667188,3,2825.6350,-450.0000,85.7500,0.0000,0.0000,0.0000,151.7329,151.7329,4,47.7500,34.8384,1.000,0.000,0,0,0,100.0000,0,1,73.000,60,1,3109277696
805,4.489837833,19.392826,16.668058,3,2828.2913,-450.0000,85.7500,0.0000,0.0000,0.0000,159.3640,159.3640,4,47.7500,38.6517,1.000,0.000,0,0,0,100.0000,0,1,73.000,60,1,3109318656
806,4.509144178,19.306345,16.667877,3,2831.0742,-450.0000,85.7500,0.0000,0.0000,0.0000,166.9607,166.9607,4,47.7500,42.6568,1.000,0.000,0,0,0,100.0000,0,1,73.000,60,1,3109371904
807,4.520439610,11.295432,16.667198,3,2833.9830,-450.0000,85.7500,0.0000,0.0000,0.0000,174.5230,174.5230,4,47.7500,46.8526,1.000,0.000,0,0,0,100.0000,0,1,73.000,60,1,3109396480
808,4.537949677,17.510067,16.669009,3,2837.0176,-450.0000,85.7500,0.0000,0.0000,0.0000,182.0521,182.0521,4,47.7500,51.2389,1.000,0.000,0,0,0,100.0000,0,1,73.000,60,1,3109421056
809,4.555083965,17.134288,16.668647,3,2840.1771,-450.0000,85.7500,0.0000,0.0000,0.0000,189.5471,189.5471,4,47.7500,55.8144,1.000,0.000,0,0,0,100.0000,0,1,73.000,60,1,3109462016
810,4.574071512,18.987547,16.667648,3,2843.4608,-450.0000,85.7500,0.0000,0.0000,0.0000,197.0081,197.0081,4,47.7500,60.5779,1.000,0.000,0,0,0,100.0000,0,1,73.000,60,1,3109494784
811,4.591652529,17.581017,16.668458,3,2846.8684,-450.0000,85.7500,0.0000,0.0000,0.0000,204.4358,204.4358,4,47.7500,65.5292,1.000,0.000,0,0,0,100.0000,0,1,73.000,60,1,3109519360
812,4.604364962,12.712433,16.667628,3,2850.3991,-450.0000,85.7500,0.0000,0.0000,0.0000,211.8298,211.8298,4,47.7500,70.6669,1.000,0.000,0,0,0,100.0000,0,1,73.000,60,1,3109543936
813,4.624782420,20.417458,16.667068,3,2854.0524,-450.0000,85.7500,0.0000,0.0000,0.0000,219.1903,219.1903,4,47.7500,75.9903,1.000,0.000,0,0,0,100.0000,0,1,73.000,60,1,3109597184
814,4.637570475,12.788055,16.668278,3,2857.8280,-450.0000,85.7500,0.0000,0.0000,0.0000,226.5182,226.5182,4,47.7500,81.4990,1.000,0.000,0,0,0,100.0000,0,1,73.000,60,1,3109629952
815,4.656632365,19.061890,16.667327,3,2861.7251,-450.0000,85.7500,0.0000,0.0000,0.0000,233.8128,233.8128,4,47.7500,87.1916,1.000,0.000,0,0,0,100.0000,0,1,73.000,60,1,3109670912
816,4.675095801,18.463436,16.668079,3,2865.7433,-450.0000,85.7500,0.0000,0.0000,0.0000,241.0750,241.0750,4,47.7500,93.0677,1.000,0.000,0,0,0,100.0000,0,1,73.000,60,1,3109711872
817,4.691672627,16.576826,16.667658,3,2869.8820,-450.0000,85.7500,0.0000,0.0000,0.0000,248.3042,248.3042,4,47.7500,99.1263,1.000,0.000,0,0,0,100.0000,0,1,73.000,60,1,3109740544
818,4.707640750,15.968123,16.668797,3,2874.1409,-450.0000,85.7500,0.0000,0.0000,0.0000,255.5015,255.5015,4,47.7500,105.3669,1.000,0.000,0,0,0,100.0000,0,1,73.000,60,1,3109781504
819,4.724498802,16.858052,16.667208,3,2878.5188,-450.0000,85.7500,0.0000,0.0000,0.0000,262.6658,262.6658,4,47.7500,111.7878,1.000,0.000,0,0,0,100.0000,0,1,73.000,60,1,3109830656
820,4.741073338,16.574536,16.668179,3,2883.0158,-450.0000,85.7500,0.0000,0.0000,0.0000,269.7983,269.7983,4,47.7500,118.3891,1.000,0.000,0,0,0,100.0000,0,1,73.000,60,1,3109875712
821,4.757849718,16.776380,16.667167,3,2887.6310,-450.0000,85.7500,0.0000,0.0000,0.0000,276.8983,276.8983,4,47.7500,125.1692,1.000,0.000,0,0,0,100.0000,0,1,73.000,60,1,3109912576
822,4.774873193,17.023475,16.667648,3,2892.3640,-450.0000,85.7500,0.0000,0.0000,0.0000,283.9665,283.9665,4,47.7500,132.1280,1.000,0.000,0,0,0,100.0000,0,1,73.000,60,1,3109941248
823,4.790626152,15.752959,16.668318,3,2897.2145,-450.0000,85.7500,0.0000,0.0000,0.0000,291.0033,291.0033,4,47.7500,139.2647,1.000,0.000,0,0,0,100.0000,0,1,73.000,60,1,3109945344
824,4.807791140,17.164988,16.668897,3,2902.1820,-450.0000,85.7500,0.0000,0.0000,0.0000,298.0087,298.0087,4,47.7500,146.5786,1.000,0.000,0,0,0,100.0000,0,1,73.000,60,1,3109978112
825,4.824756014,16.964874,16.668599,3,2907.2656,-450.0000,85.7500,0.0000,0.0000,0.0000,304.9824,304.9824,4,47.7500,154.0683,1.000,0.000,0,0,0,100.0000,0,1,73.000,60,1,3110006784
826,4.841493614,16.737600,16.668508,3,2912.4650,-450.0000,85.7500,0.0000,0.0000,0.0000,311.9248,311.9248,4,47.7500,161.7333,1.000,0.000,0,0,0,100.0000,0,1,73.000,60,1,3110039552
827,4.858150172,16.656558,16.667967,3,2917.7793,-450.0000,85.7500,0.0000,0.0000,0.0000,318.8358,318.8358,4,47.7500,169.5725,1.000,0.000,0,0,0,100.0000,0,1,73.000,60,1,3110076416
828,4.874763778,16.613606,16.668788,3,2923.2086,-450.0000,85.7500,0.0000,0.0000,0.0000,325.7160,325.7160,4,47.7500,177.5858,1.000,0.000,0,0,0,100.0000,0,1,73.000,60,1,3110100992
829,4.891551299,16.787521,16.668339,3,2928.7519,-450.0000,85.7500,0.0000,0.0000,0.0000,332.5651,332.5651,4,47.7500,185.7717,1.000,0.000,0,0,0,100.0000,0,1,73.000,60,1,3110129664
830,4.909431493,17.880194,16.668247,3,2934.4088,-450.0000,85.7500,0.0000,0.0000,0.0000,339.3833,339.3833,4,47.7500,194.1298,1.000,0.000,0,0,0,100.0000,0,1,73.000,60,1,3110162432
831,4.925019667,15.588174,16.668588,3,2940.1790,-450.0000,85.7500,0.0000,0.0000,0.0000,346.1711,346.1711,4,47.7500,202.6594,1.000,0.000,0,0,0,100.0000,0,1,73.000,60,1,3110195200
832,4.942093525,17.073858,16.667628,3,2946.0615,-450.0000,85.7500,0.0000,0.0000,0.0000,352.9279,352.9279,4,47.7500,211.3591,1.000,0.000,0,0,0,100.0000,0,1,73.000,60,1,3110223872
833,4.957863842,15.770317,16.667938,3,2952.0562,-450.0000,85.7500,0.0000,0.0000,0.0000,359.6545,359.6545,4,47.7500,220.2287,1.000,0.000,0,0,0,100.0000,0,1,73.000,60,1,3110252544
834,4.975314108,17.450266,16.668658,3,2958.1628,-450.0000,85.7500,0.0000,0.0000,0.0000,366.3512,366.3512,4,47.7500,229.2678,1.000,0.000,0,0,0,100.0000,0,1,73.000,60,1,3110289408
835,4.991232750,15.918642,16.667458,3,2964.3800,-450.0000,85.7500,0.0000,0.0000,0.0000,373.0172,373.0172,4,47.7500,238.4746,1.000,0.000,0,0,0,100.0000,0,1,73.000,60,1,3110322176
836,5.008796366,17.563616,16.667497,3,2970.7079,-450.0000,85.7500,0.0000,0.0000,0.0000,379.6534,379.6534,4,47.7500,247.8488,1.000,0.000,0,0,0,100.0000,0,1,73.000,60,1,3110354944
837,5.023947821,15.151455,16.668268,3,2977.1462,-450.0000,85.7500,0.0000,0.0000,0.0000,386.2599,386.2599,4,47.7500,257.3904,1.000,0.000,0,0,0,100.0000,0,1,73.000,60,1,3110391808
838,5.041634781,17.686960,16.667979,3,2983.6940,-450.0000,85.7500,0.0000,0.0000,0.0000,392.8367,392.8367,4,47.7500,267.0977,1.000,0.000,0,0,0,100.0000,0,1,73.000,60,1,3110428672
839,5.057813849,16.179068,16.668977,3,2990.3513,-450.0000,85.7500,0.0000,0.0000,0.0000,399.3843,399.3843,4,47.7500,276.9710,1.000,0.000,0,0,0,100.0000,0,1,73.000,60,1,3110461440
840,5.074893385,17.079536,16.667628,3,2997.1167,-450.0000,85.7500,0.0000,0.0000,0.0000,405.9020,405.9020,4,47.7500,287.0080,1.000,0.000,0,0,0,100.0000,0,1,73.000,60,1,3110502400
841,5.092365081,17.471696,16.667218,3,3003.9901,-450.0000,85.7500,0.0000,0.0000,0.0000,412.3902,412.3902,4,47.7500,297.2085,1.000,0.000,0,0,0,100.0000,0,1,73.000,60,1,3110539264
842,5.108623700,16.258619,16.668758,3,3010.9718,-450.0000,85.7500,0.0000,0.0000,0.0000,418.8498,418.8498,4,47.7500,307.5731,1.000,0.000,0,0,0,100.0000,0,1,73.000,60,1,3110572032
843,5.124185324,15.561624,16.667548,3,3018.0602,-450.0000,85.7500,0.0000,0.0000,0.0000,425.2799,425.2799,4,47.7500,318.0992,1.000,0.000,0,0,0,100.0000,0,1,73.000,60,1,3110604800
844,5.141825233,17.639909,16.667378,3,3025.2552,-450.0000,85.7500,0.0000,0.0000,0.0000,431.6811,431.6811,4,47.7500,328.7868,1.000,0.000,0,0,0,100.0000,0,1,73.000,60,1,3110641664
845,5.157896618,16.071385,16.668307,3,3032.5568,-450.0000,85.7500,0.0000,0.0000,0.0000,438.0538,438.0538,4,47.7500,339.6359,1.000,0.000,0,0,0,100.0000,0,1,73.000,60,1,3110674432
846,5.174202128,16.305510,16.667769,3,3039.9639,-450.0000,85.7500,0.0000,0.0000,0.0000,444.3976,444.3976,4,47.7500,350.6448,1.000,0.000,0,0,0,100.0000,0,1,73.000,60,1,3110703104
847,5.192516971,18.314843,16.668818,3,3047.4768,-450.0000,85.7500,0.0000,0.0000,0.0000,450.7134,450.7134,4,47.7500,1.8138,1.000,0.000,0,0,0,100.0000,0,1,73.000,60,1,3110727680
848,5.207678537,15.161566,16.667577,3,3055.0939,-450.0000,85.7500,0.0000,0.0000,0.0000,457.0003,457.0003,4,47.7500,13.1408,1.000,0.000,0,0,0,100.0000,0,1,73.000,60,1,3110727680
849,5.224003837,16.325300,16.667418,3,3062.8152,-450.0000,85.7500,0.0000,0.0000,0.0000,463.2589,463.2589,4,47.7500,24.6256,1.000,0.000,0,0,0,100.0000,0,1,73.000,60,1,3110764544
850,5.240874469,16.870632,16.667749,3,3070.6405,-450.0000,85.7500,0.0000,0.0000,0.0000,469.4894,469.4894,4,47.7500,36.2679,1.000,0.000,0,0,0,100.0000,0,1,73.000,60,1,3110793216
851,5.257269462,16.394993,16.668427,3,3078.5696,-450.0000,85.7500,0.0000,0.0000,0.0000,475.6922,475.6922,4,47.7500,48.0673,1.000,0.000,0,0,0,100.0000,0,1,73.000,60,1,3110817792
852,5.276006584,18.737122,16.667518,3,3086.6011,-450.0000,85.7500,0.0000,0.0000,0.0000,481.8668,481.8668,4,47.7500,60.0219,1.000,0.000,0,0,0,100.0000,0,1,73.000,60,1,3110846464
853,5.291226811,15.220227,16.667697,3,3094.7352,-450.0000,85.7500,0.0000,0.0000,0.0000,488.0137,488.0137,4,47.7500,72.1318,1.000,0.000,0,0,0,100.0000,0,1,73.000,60,1,3110875136
854,5.306884267,15.657456,16.668908,3,3102.9718,-450.0000,85.7500,0.0000,0.0000,0.0000,494.1334,494.1334,4,47.7500,84.3971,1.000,0.000,0,0,0,100.0000,0,1,73.000,60,1,3110903808
855,5.323734729,16.850462,16.667109,3,3111.3091,-450.0000,85.7500,0.0000,0.0000,0.0000,500.2249,500.2249,4,47.7500,96.8149,1.000,0.000,0,0,0,100.0000,0,1,73.000,60,1,3110932480
856,5.341822067,18.087338,16.668917,3,3119.7484,-450.0000,85.7500,0.0000,0.0000,0.0000,506.2897,506.2897,4,47.7500,109.3871,1.000,0.000,0,0,0,100.0000,0,1,73.000,60,1,3110973440
857,5.353652051,11.829984,16.667618,3,3128.2877,-450.0000,85.7500,0.0000,0.0000,0.0000,512.3268,512.3268,4,47.7500,122.1108,1.000,0.000,0,0,0,100.0000,0,1,73.000,60,1,3110989824
858,5.371862342,18.210291,16.704139,3,3136.9463,-450.0000,85.7500,0.0000,0.0000,0.0000,518.3499,518.3499,4,47.7500,135.0143,1.000,0.000,0,0,0,100.0000,0,1,73.000,60,1,3111030784
859,5.391896362,20.034020,16.667637,3,3145.6857,-450.0000,85.7500,0.0000,0.0000,0.0000,524.3327,524.3327,4,47.7500,148.0411,1.000,0.000,0,0,0,100.0000,0,1,73.000,60,1,3111079936
860,5.404252648,12.356286,16.668629,3,3154.5249,-450.0000,85.7500,0.0000,0.0000,0.0000,530.2890,530.2890,4,47.7500,161.2190,1.000,0.000,0,0,0,100.0000,0,1,73.000,60,1,3111096320
861,5.420895055,16.642407,16.669018,3,3163.4631,-450.0000,85.7500,0.0000,0.0000,0.0000,536.2187,536.2187,4,47.7500,174.5469,1.000,0.000,0,0,0,100.0000,0,1,73.000,60,1,3111133184
862,5.437541993,16.646938,16.668987,3,3172.4997,-450.0000,85.7500,0.0000,0.0000,0.0000,542.1217,542.1217,4,47.7500,188.0238,1.000,0.000,0,0,0,100.0000,0,1,73.000,60,1,3111161856
863,5.457184694,19.642701,16.668248,3,3181.6339,-450.0000,85.7500,0.0000,0.0000,0.0000,547.9979,547.9979,4,47.7500,201.6484,1.000,0.000,0,0,0,100.0000,0,1,73.000,60,1,3111190528
864,5.474304622,17.119928,16.668539,3,3190.8657,-450.0000,85.7500,0.0000,0.0000,0.0000,553.8478,553.8478,4,47.7500,215.4210,1.000,0.000,0,0,0,100.0000,0,1,73.000,60,1,3111219200
865,5.490967689,16.663067,16.667977,3,3200.1943,-450.0000,85.7500,0.0000,0.0000,0.0000,559.6713,559.6713,4,47.7500,229.3402,1.000,0.000,0,0,0,100.0000,0,1,73.000,60,1,3111247872
866,5.508346143,17.378454,16.668158,3,3209.6196,-450.0000,85.7500,0.0000,0.0000,0.0000,565.4686,565.4686,4,47.7500,243.4058,1.000,0.000,0,0,0,100.0000,0,1,73.000,60,1,3111276544
867,5.524582632,16.236489,16.667888,3,3219.1410,-450.0000,85.7500,0.0000,0.0000,0.0000,571.2397,571.2397,4,47.7500,257.6169,1.000,0.000,0,0,0,100.0000,0,1,73.000,60,1,3111305216
868,5.540930302,16.347670,16.668208,3,3228.7583,-450.0000,85.7500,0.0000,0.0000,0.0000,576.9850,576.9850,4,47.7500,271.9733,1.000,0.000,0,0,0,100.0000,0,1,73.000,60,1,3111333888
869,5.557582030,16.651728,16.667698,3,3238.4706,-450.0000,85.7500,0.0000,0.0000,0.0000,582.7043,582.7043,4,47.7500,286.4737,1.000,0.000,0,0,0,100.0000,0,1,73.000,60,1,3111366656
870,5.574230887,16.648857,16.668968,3,3248.2786,-450.0000,85.7500,0.0000,0.0000,0.0000,588.3983,588.3983,4,47.7500,301.1189,1.000,0.000,0,0,0,100.0000,0,1,73.000,60,1,3111456768
871,5.590029686,15.798799,16.668787,3,3258.1810,-450.0000,85.7500,0.0000,0.0000,0.0000,594.0667,594.0667,4,47.7500,315.9071,1.000,0.000,0,0,0,100.0000,0,1,73.000,60,1,3114180608
872,5.607744017,17.714331,16.668859,3,3268.1775,-450.0000,85.7500,0.0000,0.0000,0.0000,599.7096,599.7096,4,47.7500,330.8378,1.000,0.000,0,0,0,100.0000,0,1,73.000,60,1,3114962944
873,5.622782140,15.038123,16.668888,3,3278.2676,-450.0000,85.7500,0.0000,0.0000,0.0000,605.3271,605.3271,4,47.7500,345.9103,1.000,0.000,0,0,0,100.0000,0,1,73.000,60,1,3115704320
874,5.643657918,20.875778,16.668577,3,3288.4507,-450.0000,85.7500,0.0000,0.0000,0.0000,610.9193,610.9193,4,47.7500,1.1238,1.000,0.000,0,0,0,100.0000,0,1,73.000,60,1,3115802624
875,5.656981684,13.323766,16.667668,4,3298.7261,-450.0000,85.7500,0.0000,0.0000,0.0000,616.4861,616.4861,4,47.7500,16.4769,1.000,0.000,0,0,0,100.0000,0,1,73.000,60,1,3116003328
876,5.677076675,20.094991,16.667869,4,3308.9863,-449.8445,85.7500,0.0856,-0.0000,0.0000,615.5814,615.6389,4,47.7500,31.9702,1.000,1.000,0,0,0,100.0000,0,1,73.000,60,1,3116113920
877,5.691090006,14.013331,16.668397,4,3319.2332,-449.5296,85.7500,0.2528,-0.0000,0.0000,614.8256,615.0383,4,47.7500,47.4412,1.000,1.000,0,0,0,100.0000,0,1,73.000,60,1,3116113920
878,5.709222416,18.132410,16.668338,4,3329.4679,-449.0516,85.7500,0.4975,-0.0000,0.0000,614.2452,614.6887,4,47.7500,62.8931,1.000,1.000,0,0,0,100.0000,0,1,73.000,60,1,3116154880
879,5.721001899,11.779483,16.668368,4,3339.6918,-448.4063,85.7500,0.8159,-0.0000,0.0000,613.8633,614.5947,4,47.7500,78.3305,1.000,1.000,0,0,0,100.0000,0,1,73.000,60,1,3116208128
880,5.741653242,20.651343,16.668537,4,3349.9064,-447.5897,85.7500,1.2040,-0.0000,0.0000,613.7001,614.7610,4,47.7500,93.7585,1.000,1.000,0,0,0,100.0000,0,1,73.000,60,1,3116273664
881,5.754153800,12.500558,16.667909,4,3360.1123,-446.5979,85.7500,1.6580,-0.0000,0.0000,613.7732,615.1925,4,47.7500,109.1817,1.000,1.000,0,0,0,100.0000,0,1,73.000,60,1,3116294144
882,5.774708992,20.555192,16.667018,4,3370.3104,-445.4269,85.7500,2.1740,-0.0000,0.0000,614.0980,615.8938,4,47.7500,124.6060,1.000,1.000,0,0,0,100.0000,0,1,73.000,60,1,3116384256
883,5.787570809,12.861817,16.667287,4,3380.5024,-444.0726,85.7500,2.7485,-0.0000,0.0000,614.6877,616.8696,4,47.7500,140.0387,1.000,1.000,0,0,0,100.0000,0,1,73.000,60,1,3116400640
884,5.808030257,20.459448,16.668688,4,3390.6897,-442.5312,85.7500,3.3779,-0.0000,0.0000,615.5540,618.1237,4,47.7500,155.4875,1.000,1.000,0,0,0,100.0000,0,1,73.000,60,1,3116470272
885,5.826174527,18.144270,16.667769,4,3400.8718,-440.7991,85.7500,4.0585,-0.0000,0.0000,616.7057,619.6587,4,47.7500,170.9572,1.000,1.000,0,0,0,100.0000,0,1,73.000,60,1,3116539904
886,5.842439867,16.265340,16.667127,4,3411.0502,-438.8782,85.7500,4.7838,-0.0000,0.0000,618.1696,621.4653,4,47.7500,186.4553,1.000,1.000,0,0,0,100.0000,0,1,73.000,60,1,3116593152
887,5.854287970,11.848103,16.667178,4,3421.2261,-436.7702,85.7500,5.5478,-0.0000,0.0000,619.9044,623.4996,4,47.7500,201.9902,1.000,1.000,0,0,0,100.0000,0,1,73.000,60,1,3116625920
888,5.872959122,18.671152,16.667708,4,3431.4000,-434.4761,85.7500,6.3455,-0.0000,0.0000,621.8700,625.7226,4,47.7500,217.5692,1.000,1.000,0,0,0,100.0000,0,1,73.000,60,1,3116666880
889,5.890914517,17.955395,16.668968,4,3441.5720,-431.9967,85.7500,7.1726,-0.0000,0.0000,624.0304,628.1009,4,47.7500,233.1988,1.000,1.000,0,0,0,100.0000,0,1,73.000,60,1,3116707840
890,5.907844961,16.930444,16.667918,4,3451.7396,-429.3326,85.7500,8.0252,-0.0000,0.0000,626.3531,630.6051,4,47.7500,248.8817,1.000,1.000,0,0,0,100.0000,0,1,73.000,60,1,3116740608
891,5.925350836,17.505875,16.667278,4,3461.9018,-426.4840,85.7500,8.9000,-0.0000,0.0000,628.8096,633.2101,4,47.7500,264.6223,1.000,1.000,0,0,0,100.0000,0,1,73.000,60,1,3116769280
892,5.941002473,15.651637,16.668437,4,3472.0579,-423.4506,85.7500,9.7944,-0.0000,0.0000,631.3751,635.8946,4,47.7500,280.4258,1.000,1.000,0,0,0,100.0000,0,1,73.000,60,1,3116797952
893,5.957434476,16.432003,16.667719,5,3482.2045,-420.2326,85.7500,10.7058,-0.0000,0.0000,634.0272,638.6400,4,47.7500,296.2931,1.000,1.000,0,0,0,100.0000,0,1,73.000,60,1,3116826624
894,5.976229419,18.794943,16.667248,5,3492.3435,-417.1204,85.7500,11.4808,-0.0000,0.0000,633.3138,636.3330,4,47.7500,312.2266,1.000,-1.000,0,0,0,100.0000,0,1,73.000,60,1,3116859392
895,5.992212772,15.983353,16.668097,5,3502.4790,-414.1174,85.7500,12.1251,-0.0000,0.0000,632.3562,634.2071,4,47.7500,328.1430,1.000,-1.000,0,0,0,100.0000,0,1,73.000,60,1,3116888064
896,6.007514511,15.301739,16.667128,5,3512.6133,-411.2284,85.7500,12.6444,-0.0000,0.0000,631.2396,632.2670,4,47.7500,344.0344,1.000,-1.000,0,0,0,100.0000,0,1,73.000,60,1,3116920832
897,6.025194250,17.679739,16.667778,5,3522.7509,-408.4578,85.7500,13.0444,-0.0000,0.0000,630.0369,630.5192,4,47.7500,359.8983,1.000,-1.000,0,0,0,100.0000,0,1,73.000,60,1,3116961792
898,6.042127194,16.932944,16.667308,5,3532.8944,-405.8107,85.7500,13.3311,-0.0000,0.0000,628.8104,628.9711,4,47.7500,15.7315,1.000,-1.000,0,0,0,100.0000,0,1,73.000,60,1,3116998656
899,6.058975216,16.848022,16.667968,5,3543.0480,-403.2919,85.7500,13.5101,-0.0000,0.0000,627.6134,627.6304,4,47.7500,31.5346,1.000,-1.000,0,0,0,100.0000,0,1,73.000,60,1,3117031424
900,6.075845508,16.870292,16.668198,5,3553.2147,-400.9067,85.7500,13.5872,-0.0000,0.0000,626.4911,626.5052,4,47.7500,47.3078,1.000,-1.000,0,0,0,100.0000,0,1,73.000,60,1,3117072384
901,6.091560836,15.715328,16.667997,5,3563.3974,-398.6604,85.7500,13.5678,-0.0000,0.0000,625.4821,625.6032,4,47.7500,63.0526,1.000,-1.000,0,0,0,100.0000,0,1,73.000,60,1,3117101056
902,6.108925519,17.364683,16.667269,5,3573.5990,-396.5582,85.7500,13.4572,-0.0000,0.0000,624.6190,624.9320,4,47.7500,78.7714,1.000,-1.000,0,0,0,100.0000,0,1,73.000,60,1,3117142016
903,6.124921552,15.996033,16.667538,5,3583.8229,-394.6051,85.7500,13.2608,-0.0000,0.0000,623.9297,624.4987,4,47.7500,94.4687,1.000,-1.000,0,0,0,100.0000,0,1,73.000,60,1,3117178880
904,6.143943730,19.022178,16.668577,5,3594.0726,-392.8062,85.7500,12.9836,-0.0000,0.0000,623.4378,624.3101,4,47.7500,110.1497,1.000,-1.000,0,0,0,100.0000,0,1,73.000,60,1,3117219840
905,6.159414622,15.470892,16.668118,5,3604.3498,-391.1666,85.7500,12.6303,-0.0000,0.0000,623.1636,624.3723,4,47.7500,125.8179,1.000,-1.000,0,0,0,100.0000,0,1,73.000,60,1,3117252608
906,6.176251054,16.836432,16.667618,5,3614.6568,-389.6912,85.7500,12.2057,-0.0000,0.0000,623.1243,624.6913,4,47.7500,141.4787,1.000,-1.000,0,0,0,100.0000,0,1,73.000,60,1,3117256704
907,6.187746221,11.495167,16.668458,5,3624.9969,-388.3845,85.7500,11.7143,-0.0000,0.0000,623.3345,625.2723,4,47.7500,157.1393,1.000,-1.000,0,0,0,100.0000,0,1,73.000,60,1,3117289472
908,6.205872340,18.126119,16.668038,5,3635.3714,-387.2512,85.7500,11.1604,-0.0000,0.0000,623.8069,626.1198,4,47.7500,172.8048,1.000,-1.000,0,0,0,100.0000,0,1,73.000,60,1,3117309952
909,6.226712388,20.840048,16.668798,5,3645.7829,-386.2957,85.7500,10.5481,-0.0000,0.0000,624.5515,627.2376,4,47.7500,188.4829,1.000,-1.000,0,0,0,100.0000,0,1,73.000,60,1,3117346816
910,6.242213890,15.501502,16.667317,5,3656.2319,-385.5222,85.7500,9.8816,-0.0000,0.0000,625.5764,628.6283,4,47.7500,204.1784,1.000,-1.000,0,0,0,100.0000,0,1,73.000,60,1,3117379584
911,6.259927661,17.713771,16.668419,6,3666.7212,-384.9318,85.7500,9.1663,-0.0000,0.0000,626.9003,630.2899,4,47.7500,219.9006,1.000,-1.000,0,0,0,100.0000,0,1,73.000,60,1,3117408256
912,6.275139477,15.211816,16.668178,6,3677.2732,-384.2077,85.7500,8.5744,-0.0000,0.0000,632.4630,634.5503,4,47.7500,235.6558,1.000,0.000,0,0,0,100.0000,0,1,73.000,60,1,3117436928
913,6.291839846,16.700369,16.667397,6,3687.8975,-383.3551,85.7500,8.0963,-0.0000,0.0000,638.2816,639.4800,4,47.7500,251.5502,1.000,0.000,0,0,0,100.0000,0,1,73.000,60,1,3117465600
914,6.309073416,17.233570,16.668408,6,3698.5999,-382.4022,85.7500,7.7100,-0.0000,0.0000,643.9390,644.6139,4,47.7500,267.5917,1.000,0.000,0,0,0,100.0000,0,1,73.000,60,1,3117494272
915,6.324959937,15.886521,16.667789,6,3709.3824,-381.3713,85.7500,7.3980,-0.0000,0.0000,649.4865,649.8575,4,47.7500,283.7748,1.000,0.000,0,0,0,100.0000,0,1,73.000,60,1,3117531136
916,6.341905901,16.945964,16.668667,6,3720.2482,-380.2795,85.7500,7.1459,-0.0000,0.0000,654.9574,655.1553,4,47.7500,300.0981,1.000,0.000,0,0,0,100.0000,0,1,73.000,60,1,3117559808
917,6.358703952,16.798051,16.668218,6,3731.1981,-379.1405,85.7500,6.9423,-0.0000,0.0000,660.3716,660.4730,4,47.7500,316.5586,1.000,0.000,0,0,0,100.0000,0,1,73.000,60,1,3117588480
918,6.374631644,15.927692,16.667518,6,3742.2327,-377.9648,85.7500,6.7778,-0.0000,0.0000,665.7421,665.7912,4,47.7500,333.1544,1.000,0.000,0,0,0,100.0000,0,1,73.000,60,1,3117617152
919,6.392200051,17.568407,16.667438,6,3753.3532,-376.7606,85.7500,6.6449,-0.0000,0.0000,671.0767,671.0987,4,47.7500,349.8850,1.000,0.000,0,0,0,100.0000,0,1,73.000,60,1,3117641728
920,6.407565501,15.365450,16.667418,6,3764.5599,-375.5339,85.7500,6.5376,-0.0000,0.0000,676.3806,676.3893,4,47.7500,6.7498,1.000,0.000,0,0,0,100.0000,0,1,73.000,60,1,3117670400
921,6.425932695,18.367194,16.667028,6,3775.8528,-374.2896,85.7500,6.4508,-0.0000,0.0000,681.6566,681.6593,4,47.7500,23.7474,1.000,0.000,0,0,0,100.0000,0,1,73.000,60,1,3117699072
922,6.441278175,15.345480,16.667797,6,3787.2326,-373.0310,85.7500,6.3808,-0.0000,0.0000,686.9069,686.9074,4,47.7500,40.8784,1.000,0.000,0,0,0,100.0000,0,1,73.000,60,1,3117723648
923,6.457552174,16.273999,16.668619,6,3798.6994,-371.7608,85.7500,6.3242,-0.0000,0.0000,692.1328,692.1328,4,47.7500,58.1422,1.000,0.000,0,0,0,100.0000,0,1,73.000,60,1,3117752320
924,6.474084329,16.532155,16.668698,6,3810.2524,-370.4809,85.7500,6.2785,-0.0000,0.0000,697.3345,697.3348,4,47.7500,75.5375,1.000,0.000,0,0,0,100.0000,0,1,73.000,60,1,3117780992
925,6.492131747,18.047418,16.667027,6,3821.8901,-369.1929,85.7500,6.2415,-0.0000,0.0000,702.5122,702.5128,4,47.7500,93.0617,1.000,0.000,0,0,0,100.0000,0,1,73.000,60,1,3117809664
926,6.507964157,15.832410,16.667218,6,3833.6136,-367.8976,85.7500,6.2117,-0.0000,0.0000,707.6666,707.6675,4,47.7500,110.7162,1.000,0.000,0,0,0,100.0000,0,1,73.000,60,1,3117838336
927,6.524179385,16.215228,16.668458,6,3845.4233,-366.5956,85.7500,6.1876,-0.0000,0.0000,712.7982,712.7993,4,47.7500,128.5016,1.000,0.000,0,0,0,100.0000,0,1,73.000,60,1,3117862912
928,6.540747861,16.568476,16.667208,6,3857.3171,-365.2873,85.7500,6.1681,-0.0000,0.0000,717.9064,717.9077,4,47.7500,146.4146,1.000,0.000,0,0,0,100.0000,0,1,73.000,60,1,3117862912
929,6.559290029,18.542168,16.668278,6,3869.2963,-363.9729,85.7500,6.1524,-0.0000,0.0000,722.9920,722.9933,4,47.7500,164.4571,1.000,0.000,0,0,0,100.0000,0,1,73.000,60,1,3117928448
930,6.571323017,12.032988,16.668277,6,3881.3597,-362.6526,85.7500,6.1397,-0.0000,0.0000,728.0549,728.0561,4,47.7500,182.6275,1.000,0.000,0,0,0,100.0000,0,1,73.000,60,1,3117940736
931,6.589999538,18.676521,16.668348,6,3893.5070,-361.3263,85.7500,6.1294,-0.0000,0.0000,733.0950,733.0962,4,47.7500,200.9251,1.000,0.000,0,0,0,100.0000,0,1,73.000,60,1,3117989888
932,6.609170270,19.170732,16.667619,6,3905.7373,-359.9941,85.7500,6.1211,-0.0000,0.0000,738.1124,738.1134,4,47.7500,219.3487,1.000,0.000,0,0,0,100.0000,0,1,73.000,60,1,3118034944
933,6.625407008,16.236738,16.667957,6,3918.0508,-358.6557,85.7500,6.1144,-0.0000,0.0000,743.1073,743.1082,4,47.7500,237.8987,1.000,0.000,0,0,0,100.0000,0,1,73.000,60,1,3118075904
934,6.641276159,15.869151,16.667158,6,3930.4465,-357.3112,85.7500,6.1090,-0.0000,0.0000,748.0796,748.0803,4,47.7500,256.5733,1.000,0.000,0,0,0,100.0000,0,1,73.000,60,1,3118125056
935,6.658102931,16.826772,16.668918,6,3942.9258,-355.9601,85.7500,6.1047,-0.0000,0.0000,753.0300,753.0307,4,47.7500,275.3749,1.000,0.000,0,0,0,100.0000,0,1,73.000,60,1,3118174208
936,6.672195763,14.092832,16.667898,6,3955.4862,-354.6026,85.7500,6.1011,-0.0000,0.0000,757.9579,757.9585,4,47.7500,294.2997,1.000,0.000,0,0,0,100.0000,0,1,73.000,60,1,3118215168
937,6.688020793,15.825030,16.668038,6,3968.1283,-353.2383,85.7500,6.0983,-0.0000,0.0000,762.8638,762.8642,4,47.7500,313.3486,1.000,0.000,0,0,0,100.0000,0,1,73.000,60,1,3118260224
938,6.704861605,16.840812,16.667978,6,3980.8514,-351.8673,85.7500,6.0960,-0.0000,0.0000,767.7476,767.7479,4,47.7500,332.5206,1.000,0.000,0,0,0,100.0000,0,1,73.000,60,1,3118292992
939,6.721906011,17.044406,16.667927,6,3993.6553,-350.4892,85.7500,6.0941,-0.0000,0.0000,772.6094,772.6097,4,47.7500,351.8154,1.000,0.000,0,0,0,100.0000,0,1,73.000,60,1,3118329856
940,6.741505901,19.599890,16.667709,6,4006.5393,-349.1042,85.7500,6.0926,-0.0000,0.0000,777.4493,777.4495,4,47.7500,11.2321,1.000,0.000,0,0,0,100.0000,0,1,73.000,60,1,3118362624
941,6.757854623,16.348722,16.668928,6,4019.5043,-347.7118,85.7500,6.0914,-0.0000,0.0000,782.2678,782.2680,4,47.7500,30.7718,1.000,0.000,0,0,0,100.0000,0,1,73.000,60,1,3118391296
942,6.774807747,16.953124,16.668837,6,4032.5489,-346.3121,85.7500,6.0904,-0.0000,0.0000,787.0646,787.0647,4,47.7500,50.4325,1.000,0.000,0,0,0,100.0000,0,1,73.000,60,1,3118428160
943,6.791977405,17.169658,16.668668,6,4045.6726,-344.9050,85.7500,6.0896,-0.0000,0.0000,791.8398,791.8399,4,47.7500,70.2136,1.000,0.000,0,0,0,100.0000,0,1,73.000,60,1,3118456832
944,6.809679725,17.702320,16.668009,6,4058.8747,-343.4905,85.7500,6.0890,-0.0000,0.0000,796.5934,796.5935,4,47.7500,90.1139,1.000,0.000,0,0,0,100.0000,0,1,73.000,60,1,3118493696
945,6.825907404,16.227679,16.667057,6,4072.1545,-342.0686,85.7500,6.0885,-0.0000,0.0000,801.3253,801.3254,4,47.7500,110.1326,1.000,0.000,0,0,0,100.0000,0,1,73.000,60,1,3118522368
946,6.841099850,15.192446,16.668888,6,4085.5140,-340.6389,85.7500,6.0880,-0.0000,0.0000,806.0365,806.0365,4,47.7500,130.2724,1.000,0.000,0,0,0,100.0000,0,1,73.000,60,1,3118555136
947,6.858334170,17.234320,16.668278,6,4098.9507,-339.2016,85.7500,6.0877,-0.0000,0.0000,810.7263,810.7263,4,47.7500,150.5298,1.000,0.000,0,0,0,100.0000,0,1,73.000,60,1,3118583808
948,6.875709133,17.374963,16.667737,6,4112.4645,-337.7566,85.7500,6.0874,-0.0000,0.0000,815.3948,815.3949,4,47.7500,170.9044,1.000,0.000,0,0,0,100.0000,0,1,73.000,60,1,3118616576
949,6.891172865,15.463732,16.667459,6,4126.0551,-336.3040,85.7500,6.0872,-0.0000,0.0000,820.0424,820.0424,4,47.7500,191.3960,1.000,0.000,0,0,0,100.0000,0,1,73.000,60,1,3118641152
950,6.908079298,16.906433,16.667208,6,4139.7222,-334.8437,85.7500,6.0870,-0.0000,0.0000,824.6689,824.6689,4,47.7500,212.0042,1.000,0.000,0,0,0,100.0000,0,1,73.000,60,1,3118678016
951,6.924458510,16.379212,16.667907,6,4153.4663,-333.3755,85.7500,6.0869,-0.0000,0.0000,829.2749,829.2749,4,47.7500,232.7294,1.000,0.000,0,0,0,100.0000,0,1,73.000,60,1,3118686208
952,6.941968856,17.510346,16.668518,6,4167.2869,-331.8995,85.7500,6.0868,-0.0000,0.0000,833.8603,833.8603,4,47.7500,253.5712,1.000,0.000,0,0,0,100.0000,0,1,73.000,60,1,3118714880
953,6.958552742,16.583886,16.667439,6,4181.1823,-330.4159,85.7500,6.0868,-0.0000,0.0000,838.4247,838.4248,4,47.7500,274.5268,1.000,0.000,0,0,0,100.0000,0,1,73.000,60,1,3118743552
954,6.974304410,15.751668,16.668227,6,4195.1538,-328.9244,85.7500,6.0866,-0.0000,0.0000,842.9689,842.9690,4,47.7500,295.5982,1.000,0.000,0,0,0,100.0000,0,1,73.000,60,1,3118772224
955,6.993312618,19.008208,16.667488,6,4209.1995,-327.4252,85.7500,6.0866,-0.0000,0.0000,847.4925,847.4925,4,47.7500,316.7828,1.000,0.000,0,0,0,100.0000,0,1,73.000,60,1,3118796800
956,7.008383042,15.070424,16.667228,6,4223.3198,-325.9182,85.7500,6.0865,-0.0000,0.0000,851.9957,851.9957,4,47.7500,338.0808,1.000,0.000,0,0,0,100.0000,0,1,73.000,60,1,3118825472
957,7.024930018,16.546976,16.667508,6,4237.5145,-324.4035,85.7500,6.0865,-0.0000,0.0000,856.4788,856.4787,4,47.7500,359.4923,1.000,0.000,0,0,0,100.0000,0,1,73.000,60,1,3118854144
958,7.041708677,16.778659,16.669098,6,4251.7847,-322.8809,85.7500,6.0865,-0.0000,0.0000,860.9420,860.9420,4,47.7500,21.0185,1.000,0.000,0,0,0,100.0000,0,1,73.000,60,1,3118882816
959,7.058356445,16.647768,16.667188,6,4266.1268,-321.3508,85.7500,6.0865,-0.0000,0.0000,865.3848,865.3848,4,47.7500,42.6544,1.000,0.000,0,0,0,100.0000,0,1,73.000,60,1,3118911488
960,7.074847669,16.491224,16.667417,6,4280.5424,-319.8129,85.7500,6.0864,-0.0000,0.0000,869.8076,869.8075,4,47.7500,64.4023,1.000,0.000,0,0,0,100.0000,0,1,73.000,60,1,3118944256
961,7.091247411,16.399742,16.667218,6,4295.0309,-318.2674,85.7500,6.0864,-0.0000,0.0000,874.2104,874.2104,4,47.7500,86.2610,1.000,0.000,0,0,0,100.0000,0,1,73.000,60,1,3118972928
962,7.107525250,16.277839,16.668849,6,4309.5934,-316.7140,85.7500,6.0864,-0.0000,0.0000,878.5938,878.5938,4,47.7500,108.2326,1.000,0.000,0,0,0,100.0000,0,1,73.000,60,1,3119001600
963,7.124084026,16.558776,16.667597,6,4324.2272,-315.1532,85.7500,6.0864,-0.0000,0.0000,882.9573,882.9573,4,47.7500,130.3126,1.000,0.000,0,0,0,100.0000,0,1,73.000,60,1,3119030272
964,7.142110563,18.026537,16.668188,6,4338.9335,-313.5846,85.7500,6.0864,-0.0000,0.0000,887.3013,887.3013,4,47.7500,152.5031,1.000,0.000,0,0,0,100.0000,0,1,73.000,60,1,3119071232
965,7.158509205,16.398642,16.667238,6,4353.7106,-312.0086,85.7500,6.0864,-0.0000,0.0000,891.6255,891.6256,4,47.7500,174.8015,1.000,0.000,0,0,0,100.0000,0,1,73.000,60,1,3119095808
966,7.175475210,16.966005,16.668738,6,4368.5605,-310.4249,85.7500,6.0864,-0.0000,0.0000,895.9307,895.9307,4,47.7500,197.2106,1.000,0.000,0,0,0,100.0000,0,1,73.000,60,1,3119140864
967,7.192220209,16.744999,16.667988,6,4383.4806,-308.8337,85.7500,6.0864,-0.0000,0.0000,900.2163,900.2163,4,47.7500,219.7269,1.000,0.000,0,0,0,100.0000,0,1,73.000,60,1,3119169536
968,7.208816145,16.595936,16.667868,6,4398.4714,-307.2350,85.7500,6.0864,-0.0000,0.0000,904.4826,904.4826,4,47.7500,242.3507,1.000,0.000,0,0,0,100.0000,0,1,73.000,60,1,3119198208
969,7.225823800,17.007655,16.668667,6,4413.5333,-305.6288,85.7500,6.0864,-0.0000,0.0000,908.7300,908.7300,4,47.7500,265.0828,1.000,0.000,0,0,0,100.0000,0,1,73.000,60,1,3119226880
970,7.237975592,12.151792,16.668869,6,4428.6655,-304.0151,85.7500,6.0864,-0.0000,0.0000,912.9583,912.9583,4,47.7500,287.9220,1.000,0.000,0,0,0,100.0000,0,1,73.000,60,1,3119251456
971,7.257309297,19.333705,16.668938,6,4443.8675,-302.3940,85.7500,6.0864,-0.0000,0.0000,917.1676,917.1676,4,47.7500,310.8675,1.000,0.000,0,0,0,100.0000,0,1,73.000,60,1,3119292416
972,7.274897855,17.588558,16.668407,6,4459.1385,-300.7655,85.7500,6.0864,-0.0000,0.0000,921.3578,921.3579,4,47.7500,333.9181,1.000,0.000,0,0,0,100.0000,0,1,73.000,60,1,3119321088
973,7.291751356,16.853501,16.668478,6,4474.4787,-299.1297,85.7500,6.0864,-0.0000,0.0000,925.5293,925.5293,4,47.7500,357.0740,1.000,0.000,0,0,0,100.0000,0,1,73.000,60,1,3119353856
974,7.309414596,17.663240,16.667599,6,4489.8869,-297.4866,85.7500,6.0864,-0.0000,0.0000,929.6818,929.6818,4,47.7500,20.3336,1.000,0.000,0,0,0,100.0000,0,1,73.000,60,1,3119390720
975,7.321501285,12.086689,16.667617,6,4505.3637,-295.8363,85.7500,6.0864,-0.0000,0.0000,933.8156,933.8156,4,47.7500,43.6976,1.000,0.000,0,0,0,100.0000,0,1,73.000,60,1,3119394816
976,7.340533254,19.031969,16.668868,6,4520.9098,-294.1786,85.7500,6.0864,-0.0000,0.0000,937.9312,937.9311,4,47.7500,67.1672,1.000,0.000,0,0,0,100.0000,0,1,73.000,60,1,3119427584
977,7.359491481,18.958227,16.668898,6,4536.5238,-292.5136,85.7500,6.0864,-0.0000,0.0000,942.0282,942.0282,4,47.7500,90.7403,1.000,0.000,0,0,0,100.0000,0,1,73.000,60,1,3119464448
978,7.375515345,16.023864,16.667068,6,4552.2038,-290.8416,85.7500,6.0864,-0.0000,0.0000,946.1064,946.1064,4,47.7500,114.4138,1.000,0.000,0,0,0,100.0000,0,1,73.000,60,1,3119489024
979,7.392718164,17.202819,16.668808,6,4567.9526,-289.1623,85.7500,6.0864,-0.0000,0.0000,950.1666,950.1666,4,47.7500,138.1923,1.000,0.000,0,0,0,100.0000,0,1,73.000,60,1,3119554560
980,7.409803691,17.085527,16.668258,6,4583.7680,-287.4759,85.7500,6.0864,-0.0000,0.0000,954.2086,954.2085,4,47.7500,162.0720,1.000,0.000,0,0,0,100.0000,0,1,73.000,60,1,3119607808
981,7.425281544,15.477853,16.667887,6,4599.6496,-285.7824,85.7500,6.0864,-0.0000,0.0000,958.2322,958.2322,4,47.7500,186.0527,1.000,0.000,0,0,0,100.0000,0,1,73.000,60,1,3119661056
982,7.442217738,16.936194,16.668359,6,4615.5982,-284.0818,85.7500,6.0864,-0.0000,0.0000,962.2378,962.2378,4,47.7500,210.1353,1.000,0.000,0,0,0,100.0000,0,1,73.000,60,1,3119718400
983,7.458027847,15.810109,16.667378,6,4631.6118,-282.3743,85.7500,6.0864,-0.0000,0.0000,966.2252,966.2252,4,47.7500,234.3171,1.000,0.000,0,0,0,100.0000,0,1,73.000,60,1,3119755264
984,7.475822409,17.794562,16.668077,6,4647.6919,-280.6596,85.7500,6.0864,-0.0000,0.0000,970.1949,970.1949,4,47.7500,258.6001,1.000,0.000,0,0,0,100.0000,0,1,73.000,60,1,3123724288
985,7.488033452,12.211043,16.668558,6,4663.8380,-278.9380,85.7500,6.0864,-0.0000,0.0000,974.1469,974.1468,4,47.7500,282.9836,1.000,0.000,0,0,0,100.0000,0,1,73.000,60,1,3090186240
986,7.504600727,16.567275,16.667799,6,4680.0486,-277.2095,85.7500,6.0864,-0.0000,0.0000,978.0808,978.0808,4,47.7500,307.4653,1.000,0.000,0,0,0,100.0000,0,1,73.000,60,1,3090227200
987,7.524689168,20.088441,16.668917,6,4696.3252,-275.4739,85.7500,6.0864,-0.0000,0.0000,981.9973,981.9973,4,47.7500,332.0475,1.000,0.000,0,0,0,100.0000,0,1,73.000,60,1,3090259968
988,7.543141615,18.452447,16.667898,6,4712.6653,-273.7316,85.7500,6.0864,-0.0000,0.0000,985.8961,985.8961,4,47.7500,356.7267,1.000,0.000,0,0,0,100.0000,0,1,73.000,60,1,3090288640
989,7.558962624,15.821009,16.702779,6,4729.1043,-271.9787,85.7500,6.0864,-0.0000,0.0000,989.7853,989.7853,4,47.7500,21.5557,1.000,0.000,0,0,0,100.0000,0,1,73.000,60,1,3090341888
990,7.574548329,15.585705,16.668287,6,4745.5734,-270.2226,85.7500,6.0864,-0.0000,0.0000,993.6492,993.6492,4,47.7500,46.4311,1.000,0.000,0,0,0,100.0000,0,1,73.000,60,1,3090391040
991,7.591268888,16.720559,16.667619,6,4762.1055,-268.4598,85.7500,6.0864,-0.0000,0.0000,997.4954,997.4954,4,47.7500,71.4027,1.000,0.000,0,0,0,100.0000,0,1,73.000,60,1,3090444288
992,7.608015158,16.746270,16.667978,6,4778.7015,-266.6902,85.7500,6.0864,-0.0000,0.0000,1001.3245,1001.3245,4,47.7500,96.4714,1.000,0.000,0,0,0,100.0000,0,1,73.000,60,1,3090472960
993,7.624744666,16.729508,16.668547,6,4795.3612,-264.9138,85.7500,6.0864,-0.0000,0.0000,1005.1364,1005.1364,4,47.7500,121.6373,1.000,0.000,0,0,0,100.0000,0,1,73.000,60,1,3090526208
994,7.641863664,17.118998,16.668128,6,4812.0834,-263.1307,85.7500,6.0864,-0.0000,0.0000,1008.9312,1008.9312,4,47.7500,146.8983,1.000,0.000,0,0,0,100.0000,0,1,73.000,60,1,3090579456
995,7.659968392,18.104728,16.668129,6,4828.8683,-261.3410,85.7500,6.0864,-0.0000,0.0000,1012.7089,1012.7089,4,47.7500,172.2547,1.000,0.000,0,0,0,100.0000,0,1,73.000,60,1,3090632704
996,7.677140722,17.172330,16.668297,6,4845.7156,-259.5446,85.7500,6.0864,-0.0000,0.0000,1016.4697,1016.4697,4,47.7500,197.7063,1.000,0.000,0,0,0,100.0000,0,1,73.000,60,1,3090694144
997,7.690980088,13.839366,16.668728,6,4862.6254,-257.7415,85.7500,6.0864,-0.0000,0.0000,1020.2136,1020.2136,4,47.7500,223.2530,1.000,0.000,0,0,0,100.0000,0,1,73.000,60,1,3090731008
998,7.708576327,17.596239,16.667198,6,4879.5954,-255.9320,85.7500,6.0864,-0.0000,0.0000,1023.9404,1023.9403,4,47.7500,248.8915,1.000,0.000,0,0,0,100.0000,0,1,73.000,60,1,3090784256
999,7.725512870,16.936543,16.667107,6,4896.6268,-254.1160,85.7500,6.0864,-0.0000,0.0000,1027.6504,1027.6503,4,47.7500,274.6236,1.000,0.000,0,0,0,100.0000,0,1,73.000,60,1,3090853888
1000,7.740701566,15.188696,16.668169,6,4913.7205,-252.2933,85.7500,6.0864,-0.0000,0.0000,1031.3439,1031.3439,4,47.7500,300.4505,1.000,0.000,0,0,0,100.0000,0,1,73.000,60,1,3090882560
1001,7.758011218,17.309652,16.667808,6,4930.8748,-250.4641,85.7500,6.0864,-0.0000,0.0000,1035.0208,1035.0207,4,47.7500,326.3696,1.000,0.000,0,0,0,100.0000,0,1,73.000,60,1,3090927616
1002,7.774450361,16.439143,16.669007,6,4948.0910,-248.6284,85.7500,6.0864,-0.0000,0.0000,1038.6814,1038.6814,4,47.7500,352.3831,1.000,0.000,0,0,0,100.0000,0,1,73.000,60,1,3090980864
1003,7.790592768,16.142407,16.668598,6,4965.3672,-246.7863,85.7500,6.0864,-0.0000,0.0000,1042.3254,1042.3255,4,47.7500,18.4879,1.000,0.000,0,0,0,100.0000,0,1,73.000,60,1,3091034112
1004,7.808768238,18.175470,16.668839,6,4982.7037,-244.9377,85.7500,6.0864,-0.0000,0.0000,1045.9532,1045.9532,4,47.7500,44.6846,1.000,0.000,0,0,0,100.0000,0,1,73.000,60,1,3091095552
1005,7.824328912,15.560674,16.667327,6,5000.0985,-243.0829,85.7500,6.0864,-0.0000,0.0000,1049.5642,1049.5643,4,47.7500,70.9702,1.000,0.000,0,0,0,100.0000,0,1,73.000,60,1,3091148800
1006,7.841550032,17.221120,16.668768,6,5017.5544,-241.2216,85.7500,6.0864,-0.0000,0.0000,1053.1594,1053.1595,4,47.7500,97.3488,1.000,0.000,0,0,0,100.0000,0,1,73.000,60,1,3091177472
1007,7.858320062,16.770030,16.667838,6,5035.0687,-239.3541,85.7500,6.0864,-0.0000,0.0000,1056.7383,1056.7382,4,47.7500,123.8162,1.000,0.000,0,0,0,100.0000,0,1,73.000,60,1,3091230720
1008,7.874607492,16.287430,16.668718,6,5052.6429,-237.4802,85.7500,6.0864,-0.0000,0.0000,1060.3011,1060.3012,4,47.7500,150.3750,1.000,0.000,0,0,0,100.0000,0,1,73.000,60,1,3091283968
1009,7.891548376,16.940884,16.668518,6,5070.2758,-235.6000,85.7500,6.0864,-0.0000,0.0000,1063.8480,1063.8480,4,47.7500,177.0231,1.000,0.000,0,0,0,100.0000,0,1,73.000,60,1,3091341312
1010,7.907864566,16.316190,16.668657,6,5087.9672,-233.7136,85.7500,6.0864,-0.0000,0.0000,1067.3789,1067.3789,4,47.7500,203.7605,1.000,0.000,0,0,0,100.0000,0,1,73.000,60,1,3091398656
1011,7.924884401,17.019835,16.667368,6,5105.7156,-231.8211,85.7500,6.0864,-0.0000,0.0000,1070.8937,1070.8937,4,47.7500,230.5845,1.000,0.000,0,0,0,100.0000,0,1,73.000,60,1,3091431424
1012,7.941987468,17.103067,16.668119,6,5123.5228,-229.9224,85.7500,6.0864,-0.0000,0.0000,1074.3928,1074.3928,4,47.7500,257.4982,1.000,0.000,0,0,0,100.0000,0,1,73.000,60,1,3091484672
1013,7.958616626,16.629158,16.668357,6,5141.3879,-228.0174,85.7500,6.0864,-0.0000,0.0000,1077.8763,1077.8763,4,47.7500,284.5001,1.000,0.000,0,0,0,100.0000,0,1,73.000,60,1,3091537920
1014,7.975996048,17.379422,16.667618,6,5159.3098,-226.1064,85.7500,6.0864,-0.0000,0.0000,1081.3440,1081.3440,4,47.7500,311.5884,1.000,0.000,0,0,0,100.0000,0,1,73.000,60,1,3091591168
1015,7.992023883,16.027835,16.667638,6,5177.2888,-224.1894,85.7500,6.0864,-0.0000,0.0000,1084.7960,1084.7961,4,47.7500,338.7639,1.000,0.000,0,0,0,100.0000,0,1,73.000,60,1,3091615744
1016,8.008943906,16.920023,16.667728,6,5195.3249,-222.2662,85.7500,6.0864,-0.0000,0.0000,1088.2327,1088.2327,4,47.7500,6.0262,1.000,0.000,0,0,0,100.0000,0,1,73.000,60,1,3091677184
1017,8.025164355,16.220449,16.668948,6,5213.4191,-220.3368,85.7500,6.0864,-0.0000,0.0000,1091.6541,1091.6540,4,47.7500,33.3769,1.000,0.000,0,0,0,100.0000,0,1,73.000,60,1,3091730432
1018,8.042165150,17.000795,16.667908,6,5231.5686,-218.4016,85.7500,6.0864,-0.0000,0.0000,1095.0598,1095.0598,4,47.7500,60.8120,1.000,0.000,0,0,0,100.0000,0,1,73.000,60,1,3091767296
1019,8.058528771,16.363621,16.668667,6,5249.7751,-216.4603,85.7500,6.0864,-0.0000,0.0000,1098.4504,1098.4504,4,47.7500,88.3338,1.000,0.000,0,0,0,100.0000,0,1,73.000,60,1,3091791872
1020,8.075752011,17.223240,16.668609,6,5268.0374,-214.5130,85.7500,6.0864,-0.0000,0.0000,1101.8258,1101.8258,4,47.7500,115.9408,1.000,0.000,0,0,0,100.0000,0,1,73.000,60,1,3091800064
1021,8.092843068,17.091057,16.668448,6,5286.3553,-212.5598,85.7500,6.0864,-0.0000,0.0000,1105.1859,1105.1859,4,47.7500,143.6323,1.000,0.000,0,0,0,100.0000,0,1,73.000,60,1,3091836928
1022,8.104764674,11.921606,16.668287,6,5304.7285,-210.6007,85.7500,6.0864,-0.0000,0.0000,1108.5309,1108.5309,4,47.7500,171.4081,1.000,0.000,0,0,0,100.0000,0,1,73.000,60,1,3091869696
1023,8.124156390,19.391716,16.668718,6,5323.1573,-208.6356,85.7500,6.0864,-0.0000,0.0000,1111.8610,1111.8610,4,47.7500,199.2686,1.000,0.000,0,0,0,100.0000,0,1,73.000,60,1,3091898368
1024,8.141973302,17.816912,16.668839,6,5341.6412,-206.6647,85.7500,6.0864,-0.0000,0.0000,1115.1760,1115.1760,4,47.7500,227.2130,1.000,0.000,0,0,0,100.0000,0,1,73.000,60,1,3091927040
1025,8.159534580,17.561278,16.668547,6,5360.1795,-204.6880,85.7500,6.0864,-0.0000,0.0000,1118.4762,1118.4761,4,47.7500,255.2402,1.000,0.000,0,0,0,100.0000,0,1,73.000,60,1,3091931136
1026,8.176100945,16.566365,16.667648,6,5378.7713,-202.7056,85.7500,6.0864,-0.0000,0.0000,1121.7612,1121.7613,4,47.7500,283.3488,1.000,0.000,0,0,0,100.0000,0,1,73.000,60,1,3091959808
1027,8.192090348,15.989403,16.668888,6,5397.4186,-200.7172,85.7500,6.0864,-0.0000,0.0000,1125.0319,1125.0319,4,47.7500,311.5421,1.000,0.000,0,0,0,100.0000,0,1,73.000,60,1,3091984384
1028,8.209624805,17.534457,16.667888,6,5416.1187,-198.7233,85.7500,6.0864,-0.0000,0.0000,1128.2877,1128.2877,4,47.7500,339.8159,1.000,0.000,0,0,0,100.0000,0,1,73.000,60,1,3092017152
1029,8.228966930,19.342125,16.668698,6,5416.1187,-198.7233,85.7500,6.0864,-0.0000,0.0000,0.0000,0.0000,0,47.7500,339.8159,1.000,0.000,0,1,0,100.0000,0,1,73.000,60,1,3092054016
1030,8.238367083,9.400153,16.668838,6,5416.1187,-198.7233,85.7500,6.0864,-0.0000,0.0000,0.0000,0.0000,0,47.7500,339.8159,1.000,0.000,0,1,0,100.0000,0,1,73.000,60,1,3092062208
1031,8.256601384,18.234301,16.669027,6,5416.1187,-198.7233,85.7500,6.0864,-0.0000,0.0000,0.0000,0.0000,0,47.7500,339.8159,1.000,0.000,0,1,0,100.0000,0,1,73.000,60,1,3092099072
1032,8.275086231,18.484847,16.668179,6,5416.1187,-198.7233,85.7500,6.0864,-0.0000,0.0000,0.0000,0.0000,0,47.7500,339.8159,1.000,0.000,0,1,0,100.0000,0,1,73.000,60,1,3092123648
1033,8.293223720,18.137489,16.667988,6,5416.1187,-198.7233,85.7500,6.0864,-0.0000,0.0000,0.0000,0.0000,0,47.7500,339.8159,1.000,0.000,0,1,0,100.0000,0,1,73.000,60,1,3092148224
1034,8.304285508,11.061788,16.668807,6,5416.1187,-198.7233,85.7500,6.0864,-0.0000,0.0000,0.0000,0.0000,0,47.7500,339.8159,1.000,0.000,0,1,0,100.0000,0,1,73.000,60,1,3092152320
1035,8.321593150,17.307642,16.668528,6,5416.1187,-198.7233,85.7500,6.0864,-0.0000,0.0000,0.0000,0.0000,0,47.7500,339.8159,1.000,0.000,0,1,0,100.0000,0,1,73.000,60,1,3092176896
1036,8.343230464,21.637314,16.668249,6,5416.1187,-198.7233,85.7500,6.0864,-0.0000,0.0000,0.0000,0.0000,0,47.7500,339.8159,1.000,0.000,0,1,0,100.0000,0,1,73.000,60,1,3092205568
1037,8.355668571,12.438107,16.667367,6,5416.1187,-198.7233,85.7500,6.0864,-0.0000,0.0000,0.0000,0.0000,0,47.7500,339.8159,1.000,0.000,0,1,0,100.0000,0,1,73.000,60,1,3092230144
1038,8.372238977,16.570406,16.667608,6,5416.1187,-198.7233,85.7500,6.0864,-0.0000,0.0000,0.0000,0.0000,0,47.7500,339.8159,1.000,0.000,0,1,0,100.0000,0,1,73.000,60,1,3092230144
1039,8.390648403,18.409426,16.668608,6,5416.1187,-198.7233,85.7500,6.0864,-0.0000,0.0000,0.0000,0.0000,0,47.7500,339.8159,1.000,0.000,0,1,0,100.0000,0,1,73.000,60,1,3092254720
1040,8.409312484,18.664081,16.668268,6,5416.1187,-198.7233,85.7500,6.0864,-0.0000,0.0000,0.0000,0.0000,0,47.7500,339.8159,1.000,0.000,0,1,0,100.0000,0,1,73.000,60,1,3092279296
1041,8.421358122,12.045638,16.668878,6,5416.1187,-198.7233,85.7500,6.0864,-0.0000,0.0000,0.0000,0.0000,0,47.7500,339.8159,1.000,0.000,0,1,0,100.0000,0,1,73.000,60,1,3092303872
1042,8.438289035,16.930913,16.668698,6,5416.1187,-198.7233,85.7500,6.0864,-0.0000,0.0000,0.0000,0.0000,0,47.7500,339.8159,1.000,0.000,0,1,0,100.0000,0,1,73.000,60,1,3092328448
1043,8.459654644,21.365609,16.667297,6,5416.1187,-198.7233,85.7500,6.0864,-0.0000,0.0000,0.0000,0.0000,0,47.7500,339.8159,1.000,0.000,0,1,0,100.0000,0,1,73.000,60,1,3092353024
1044,8.471331175,11.676531,16.667219,6,5416.1187,-198.7233,85.7500,6.0864,-0.0000,0.0000,0.0000,0.0000,0,47.7500,339.8159,1.000,0.000,0,1,0,100.0000,0,1,73.000,60,1,3092357120
1045,8.488197457,16.866282,16.667138,6,5416.1187,-198.7233,85.7500,6.0864,-0.0000,0.0000,0.0000,0.0000,0,47.7500,339.8159,1.000,0.000,0,1,0,100.0000,0,1,73.000,60,1,3092385792
1046,8.509124656,20.927199,16.668497,6,5416.1187,-198.7233,85.7500,6.0864,-0.0000,0.0000,0.0000,0.0000,0,47.7500,339.8159,1.000,0.000,0,1,0,100.0000,0,1,73.000,60,1,3092414464
1047,8.521079073,11.954417,16.668478,6,5416.1187,-198.7233,85.7500,6.0864,-0.0000,0.0000,0.0000,0.0000,0,47.7500,339.8159,1.000,0.000,0,1,0,100.0000,0,1,73.000,60,1,3092434944
1048,8.539105780,18.026707,16.668249,6,5416.1187,-198.7233,85.7500,6.0864,-0.0000,0.0000,0.0000,0.0000,0,47.7500,339.8159,1.000,0.000,0,1,0,100.0000,0,1,73.000,60,1,3092459520
1049,8.557299600,18.193820,16.668367,6,5416.1187,-198.7233,85.7500,6.0864,-0.0000,0.0000,0.0000,0.0000,0,47.7500,339.8159,1.000,0.000,0,1,0,100.0000,0,1,73.000,60,1,3092484096
1050,8.575359749,18.060149,16.667478,6,5416.1187,-198.7233,85.7500,6.0864,-0.0000,0.0000,0.0000,0.0000,0,47.7500,339.8159,1.000,0.000,0,1,0,100.0000,0,1,73.000,60,1,3092516864
1051,8.587890808,12.531059,16.667818,6,5416.1187,-198.7233,85.7500,6.0864,-0.0000,0.0000,0.0000,0.0000,0,47.7500,339.8159,1.000,0.000,0,1,0,100.0000,0,1,73.000,60,1,3092541440
1052,8.605770852,17.880044,16.668198,6,5416.1187,-198.7233,85.7500,6.0864,-0.0000,0.0000,0.0000,0.0000,0,47.7500,339.8159,1.000,0.000,0,1,0,100.0000,0,1,73.000,60,1,3092541440
1053,8.626229851,20.458999,16.668648,6,5416.1187,-198.7233,85.7500,6.0864,-0.0000,0.0000,0.0000,0.0000,0,47.7500,339.8159,1.000,0.000,0,1,0,100.0000,0,1,73.000,60,1,3092566016
1054,8.640805714,14.575863,16.667078,6,5416.1187,-198.7233,85.7500,6.0864,-0.0000,0.0000,0.0000,0.0000,0,47.7500,339.8159,1.000,0.000,0,1,0,100.0000,0,1,73.000,60,1,3092590592
1055,8.657533703,16.727989,16.668717,6,5416.1187,-198.7233,85.7500,6.0864,-0.0000,0.0000,0.0000,0.0000,0,47.7500,339.8159,1.000,0.000,0,1,0,100.0000,0,1,73.000,60,1,3092623360
1056,8.676143352,18.609649,16.668628,6,5416.1187,-198.7233,85.7500,6.0864,-0.0000,0.0000,0.0000,0.0000,0,47.7500,339.8159,1.000,0.000,0,1,0,100.0000,0,1,73.000,60,1,3092647936
1057,8.687947286,11.803934,16.667919,6,5416.1187,-198.7233,85.7500,6.0864,-0.0000,0.0000,0.0000,0.0000,0,47.7500,339.8159,1.000,0.000,0,1,0,100.0000,0,1,73.000,60,1,3092647936
1058,8.706684259,18.736973,16.668587,6,5416.1187,-198.7233,85.7500,6.0864,-0.0000,0.0000,0.0000,0.0000,0,47.7500,339.8159,1.000,0.000,0,1,0,100.0000,0,1,73.000,60,1,3092672512
1059,8.729114530,22.430271,16.667818,6,5416.2565,-198.7086,85.7500,6.0864,-0.0000,0.0000,8.3131,8.3131,4,47.7500,339.8159,1.000,0.000,0,0,0,100.0000,0,1,73.000,60,1,3092893696
1060,8.739546384,10.431854,16.667688,6,5416.5315,-198.6793,85.7500,6.0864,-0.0000,0.0000,16.5887,16.5887,4,47.7500,340.0248,1.000,0.000,0,0,0,100.0000,0,1,73.000,60,1,3092914176
1061,8.758503372,18.956988,16.740419,6,5416.9453,-198.6351,85.7500,6.0864,-0.0000,0.0000,24.8630,24.8630,4,47.7500,340.4435,1.000,0.000,0,0,0,100.0000,0,1,73.000,60,1,3092922368
1062,8.776494028,17.990656,16.668428,6,5417.4934,-198.5767,85.7500,6.0864,-0.0000,0.0000,33.0646,33.0646,4,47.7500,341.0684,1.000,0.000,0,0,0,100.0000,0,1,73.000,60,1,3092922368
1063,8.791986250,15.492222,16.667829,6,5418.1767,-198.5038,85.7500,6.0864,-0.0000,0.0000,41.2291,41.2291,4,47.7500,341.8994,1.000,0.000,0,0,0,100.0000,0,1,73.000,60,1,3092922368
1064,8.808896533,16.910283,16.667957,6,5418.9947,-198.4166,85.7500,6.0864,-0.0000,0.0000,49.3569,49.3569,4,47.7500,342.9355,1.000,0.000,0,0,0,100.0000,0,1,73.000,60,1,3092922368
1065,8.825803006,16.906473,16.668278,6,5419.9469,-198.3151,85.7500,6.0864,-0.0000,0.0000,57.4483,57.4483,4,47.7500,344.1760,1.000,0.000,0,0,0,100.0000,0,1,73.000,60,1,3092922368
1066,8.841423921,15.620915,16.668008,6,5421.0325,-198.1993,85.7500,6.0864,-0.0000,0.0000,65.5032,65.5032,4,47.7500,345.6198,1.000,0.000,0,0,0,100.0000,0,1,73.000,60,1,3092922368
1067,8.855092355,13.668434,16.668708,6,5422.2512,-198.0694,85.7500,6.0864,-0.0000,0.0000,73.5222,73.5222,4,47.7500,347.2661,1.000,0.000,0,0,0,100.0000,0,1,73.000,60,1,3092922368
1068,8.871638971,16.546616,16.668408,6,5423.6021,-197.9253,85.7500,6.0864,-0.0000,0.0000,81.5051,81.5051,4,47.7500,349.1138,1.000,0.000,0,0,0,100.0000,0,1,73.000,60,1,3092930560
1069,8.888238797,16.599826,16.668398,6,5425.0847,-197.7673,85.7500,6.0864,-0.0000,0.0000,89.4520,89.4520,4,47.7500,351.1622,1.000,0.000,0,0,0,100.0000,0,1,73.000,60,1,3092934656
1070,8.905891496,17.652699,16.668407,6,5426.6984,-197.5952,85.7500,6.0864,-0.0000,0.0000,97.3633,97.3633,4,47.7500,353.4104,1.000,0.000,0,0,0,100.0000,0,1,73.000,60,1,3092959232
1071,8.925745033,19.853537,16.667399,6,5428.4426,-197.4092,85.7500,6.0864,-0.0000,0.0000,105.2385,105.2385,4,47.7500,355.8572,1.000,0.000,0,0,0,100.0000,0,1,73.000,60,1,3092983808
1072,8.942340048,16.595015,16.667588,6,5430.3167,-197.2094,85.7500,6.0864,-0.0000,0.0000,113.0784,113.0784,4,47.7500,358.5020,1.000,0.000,0,0,0,100.0000,0,1,73.000,60,1,3092983808
1073,8.959731272,17.391224,16.668937,6,5432.3203,-196.9957,85.7500,6.0864,-0.0000,0.0000,120.8836,120.8836,4,47.7500,1.3440,1.000,0.000,0,0,0,100.0000,0,1,73.000,60,1,3093008384
1074,8.971938904,12.207632,16.667568,6,5434.4526,-196.7684,85.7500,6.0864,-0.0000,0.0000,128.6532,128.6532,4,47.7500,4.3819,1.000,0.000,0,0,0,100.0000,0,1,73.000,60,1,3093032960
1075,8.988466069,16.527165,16.667219,6,5436.7130,-196.5273,85.7500,6.0864,-0.0000,0.0000,136.3876,136.3876,4,47.7500,7.6150,1.000,0.000,0,0,0,100.0000,0,1,73.000,60,1,3093057536
1076,9.004998674,16.532605,16.667567,6,5439.1010,-196.2727,85.7500,6.0864,-0.0000,0.0000,144.0875,144.0875,4,47.7500,11.0426,1.000,0.000,0,0,0,100.0000,0,1,73.000,60,1,3093057536
1077,9.022687994,17.689320,16.667878,6,5441.6162,-196.0045,85.7500,6.0864,-0.0000,0.0000,151.7529,151.7529,4,47.7500,14.6637,1.000,0.000,0,0,0,100.0000,0,1,73.000,60,1,3093082112
1078,9.042667173,19.979179,16.668538,6,5444.2579,-195.7228,85.7500,6.0864,-0.0000,0.0000,159.3841,159.3841,4,47.7500,18.4777,1.000,0.000,0,0,0,100.0000,0,1,73.000,60,1,3093106688
1079,9.059160537,16.493364,16.668178,6,5447.0255,-195.4277,85.7500,6.0864,-0.0000,0.0000,166.9809,166.9809,4,47.7500,22.4833,1.000,0.000,0,0,0,100.0000,0,1,73.000,60,1,3093131264
1080,9.075757154,16.596617,16.668128,6,5449.9184,-195.1193,85.7500,6.0864,-0.0000,0.0000,174.5435,174.5435,4,47.7500,26.6799,1.000,0.000,0,0,0,100.0000,0,1,73.000,60,1,3093155840
1081,9.088707822,12.950668,16.668288,6,5452.9361,-194.7975,85.7500,6.0864,-0.0000,0.0000,182.0721,182.0721,4,47.7500,31.0665,1.000,0.000,0,0,0,100.0000,0,1,73.000,60,1,3093155840
1082,9.106136376,17.428554,16.667597,6,5456.0779,-194.4625,85.7500,6.0864,-0.0000,0.0000,189.5666,189.5666,4,47.7500,35.6422,1.000,0.000,0,0,0,100.0000,0,1,73.000,60,1,3093180416
1083,9.126697208,20.560832,16.668539,6,5459.3436,-194.1143,85.7500,6.0864,-0.0000,0.0000,197.0278,197.0278,4,47.7500,40.4065,1.000,0.000,0,0,0,100.0000,0,1,73.000,60,1,3093204992
1084,9.138216644,11.519436,16.667408,6,5462.7321,-193.7530,85.7500,6.0864,-0.0000,0.0000,204.4550,204.4550,4,47.7500,45.3580,1.000,0.000,0,0,0,100.0000,0,1,73.000,60,1,3093229568
1085,9.157533889,19.317245,16.667807,6,5466.2433,-193.3786,85.7500,6.0864,-0.0000,0.0000,211.8490,211.8490,4,47.7500,50.4962,1.000,0.000,0,0,0,100.0000,0,1,73.000,60,1,3093254144
1086,9.175684480,18.150591,16.668138,6,5469.8765,-192.9912,85.7500,6.0864,-0.0000,0.0000,219.2099,219.2099,4,47.7500,55.8204,1.000,0.000,0,0,0,100.0000,0,1,73.000,60,1,3093258240
1087,9.192355507,16.671027,16.668928,6,5473.6313,-192.5908,85.7500,6.0864,-0.0000,0.0000,226.5380,226.5380,4,47.7500,61.3298,1.000,0.000,0,0,0,100.0000,0,1,73.000,60,1,3093315584
1088,9.204989498,12.633991,16.667198,6,5477.5067,-192.1776,85.7500,6.0864,-0.0000,0.0000,233.8325,233.8325,4,47.7500,67.0229,1.000,0.000,0,0,0,100.0000,0,1,73.000,60,1,3093344256
1089,9.224183840,19.194342,16.668018,6,5481.5026,-191.7515,85.7500,6.0864,-0.0000,0.0000,241.0945,241.0945,4,47.7500,72.8995,1.000,0.000,0,0,0,100.0000,0,1,73.000,60,1,3093368832
1090,9.242376171,18.192331,16.667818,6,5485.6183,-191.3126,85.7500,6.0864,-0.0000,0.0000,248.3238,248.3238,4,47.7500,78.9585,1.000,0.000,0,0,0,100.0000,0,1,73.000,60,1,3093393408
1091,9.258748063,16.371892,16.667097,6,5489.8531,-190.8611,85.7500,6.0864,-0.0000,0.0000,255.5202,255.5202,4,47.7500,85.1990,1.000,0.000,0,0,0,100.0000,0,1,73.000,60,1,3093397504
1092,9.275325038,16.576975,16.668209,6,5494.2069,-190.3969,85.7500,6.0864,-0.0000,0.0000,262.6848,262.6848,4,47.7500,91.6208,1.000,0.000,0,0,0,100.0000,0,1,73.000,60,1,3093422080
1093,9.292713832,17.388794,16.667798,6,5498.6788,-189.9200,85.7500,6.0864,-0.0000,0.0000,269.8170,269.8170,4,47.7500,98.2224,1.000,0.000,0,0,0,100.0000,0,1,73.000,60,1,3093446656
1094,9.305198850,12.485018,16.667967,6,5503.2684,-189.4306,85.7500,6.0864,-0.0000,0.0000,276.9173,276.9173,4,47.7500,105.0034,1.000,0.000,0,0,0,100.0000,0,1,73.000,60,1,3093471232
1095,9.321822517,16.623667,16.668958,6,5507.9755,-188.9287,85.7500,6.0864,-0.0000,0.0000,283.9860,283.9860,4,47.7500,111.9632,1.000,0.000,0,0,0,100.0000,0,1,73.000,60,1,3093471232
1096,9.339799873,17.977356,16.667909,6,5512.7989,-188.4144,85.7500,6.0864,-0.0000,0.0000,291.0225,291.0225,4,47.7500,119.1002,1.000,0.000,0,0,0,100.0000,0,1,73.000,60,1,3093504000
1097,9.358559185,18.759312,16.668847,6,5517.7387,-187.8877,85.7500,6.0864,-0.0000,0.0000,298.0278,298.0278,4,47.7500,126.4145,1.000,0.000,0,0,0,100.0000,0,1,73.000,60,1,3093528576
1098,9.374259283,15.700098,16.667058,6,5522.7935,-187.3487,85.7500,6.0864,-0.0000,0.0000,305.0008,305.0008,4,47.7500,133.9040,1.000,0.000,0,0,0,100.0000,0,1,73.000,60,1,3093557248
1099,9.390762708,16.503425,16.668417,6,5527.9638,-186.7974,85.7500,6.0864,-0.0000,0.0000,311.9431,311.9431,4,47.7500,141.5694,1.000,0.000,0,0,0,100.0000,0,1,73.000,60,1,3093581824
1100,9.409723265,18.960557,16.667209,6,5533.2482,-186.2339,85.7500,6.0864,-0.0000,0.0000,318.8536,318.8536,4,47.7500,149.4087,1.000,0.000,0,0,0,100.0000,0,1,73.000,60,1,3093581824
1101,9.421787344,12.064079,16.667308,6,5538.6467,-185.6583,85.7500,6.0864,-0.0000,0.0000,325.7331,325.7331,4,47.7500,157.4217,1.000,0.000,0,0,0,100.0000,0,1,73.000,60,1,3093606400
1102,9.438855460,17.068116,16.667887,6,5544.1589,-185.0705,85.7500,6.0864,-0.0000,0.0000,332.5819,332.5819,4,47.7500,165.6079,1.000,0.000,0,0,0,100.0000,0,1,73.000,60,1,3093643264
1103,9.459494113,20.638653,16.668528,6,5549.7843,-184.4707,85.7500,6.0864,-0.0000,0.0000,339.4002,339.4002,4,47.7500,173.9665,1.000,0.000,0,0,0,100.0000,0,1,73.000,60,1,3093667840
1104,9.471489721,11.995608,16.667769,6,5555.5219,-183.8589,85.7500,6.0864,-0.0000,0.0000,346.1876,346.1876,4,47.7500,182.4961,1.000,0.000,0,0,0,100.0000,0,1,73.000,60,1,3093667840
1105,9.489486837,17.997116,16.667727,6,5561.3716,-183.2352,85.7500,6.0864,-0.0000,0.0000,352.9444,352.9444,4,47.7500,191.1963,1.000,0.000,0,0,0,100.0000,0,1,73.000,60,1,3093692416
1106,9.508133688,18.646851,16.668188,6,5567.3328,-182.5995,85.7500,6.0864,-0.0000,0.0000,359.6710,359.6710,4,47.7500,200.0665,1.000,0.000,0,0,0,100.0000,0,1,73.000,60,1,3093716992
1107,9.524374516,16.240828,16.668348,6,5573.4052,-181.9521,85.7500,6.0864,-0.0000,0.0000,366.3675,366.3674,4,47.7500,209.1058,1.000,0.000,0,0,0,100.0000,0,1,73.000,60,1,3093749760
1108,9.542840253,18.465737,16.667738,6,5579.5877,-181.2928,85.7500,6.0864,-0.0000,0.0000,373.0336,373.0336,4,47.7500,218.3131,1.000,0.000,0,0,0,100.0000,0,1,73.000,60,1,3093778432
1109,9.554784330,11.944077,16.668848,6,5585.8807,-180.6218,85.7500,6.0864,-0.0000,0.0000,379.6702,379.6702,4,47.7500,227.6886,1.000,0.000,0,0,0,100.0000,0,1,73.000,60,1,3093778432
1110,9.574906802,20.122472,17.145598,6,5592.4696,-179.9193,85.7500,6.0864,-0.0000,0.0000,386.4653,386.4653,4,47.7500,237.5038,1.000,0.000,0,0,0,100.0000,0,1,73.000,60,1,3093803008
1111,9.588953723,14.046921,16.667358,6,5598.9836,-179.2247,85.7500,6.0864,-0.0000,0.0000,393.0409,393.0409,4,47.7500,247.2159,1.000,0.000,0,0,0,100.0000,0,1,73.000,60,1,3093827584
1112,9.608827310,19.873587,16.668038,6,5605.6064,-178.5185,85.7500,6.0864,-0.0000,0.0000,399.5872,399.5872,4,47.7500,257.0938,1.000,0.000,0,0,0,100.0000,0,1,73.000,60,1,3093852160
1113,9.626704043,17.876733,16.669088,6,5612.3376,-177.8007,85.7500,6.0864,-0.0000,0.0000,406.1045,406.1045,4,47.7500,267.1367,1.000,0.000,0,0,0,100.0000,0,1,73.000,60,1,3093876736
1114,9.643117586,16.413543,16.667158,6,5619.1756,-177.0716,85.7500,6.0864,-0.0000,0.0000,412.5918,412.5918,4,47.7500,277.3423,1.000,0.000,0,0,0,100.0000,0,1,73.000,60,1,3093876736
1115,9.659799725,16.682139,16.667268,6,5626.1206,-176.3311,85.7500,6.0864,-0.0000,0.0000,419.0499,419.0499,4,47.7500,287.7110,1.000,0.000,0,0,0,100.0000,0,1,73.000,60,1,3093921792
1116,9.677252199,17.452474,16.668557,6,5633.1728,-175.5791,85.7500,6.0864,-0.0000,0.0000,425.4795,425.4795,4,47.7500,298.2428,1.000,0.000,0,0,0,100.0000,0,1,73.000,60,1,3093954560
1117,9.694154902,16.902703,16.667049,6,5640.3304,-174.8159,85.7500,6.0864,-0.0000,0.0000,431.8796,431.8796,4,47.7500,308.9352,1.000,0.000,0,0,0,100.0000,0,1,73.000,60,1,3093979136
1118,9.708078161,13.923259,16.667548,6,5647.5938,-174.0414,85.7500,6.0864,-0.0000,0.0000,438.2512,438.2512,4,47.7500,319.7888,1.000,0.000,0,0,0,100.0000,0,1,73.000,60,1,3094003712
1119,9.721119321,13.041160,16.667177,6,5654.9621,-173.2558,85.7500,6.0864,-0.0000,0.0000,444.5939,444.5939,4,47.7500,330.8023,1.000,0.000,0,0,0,100.0000,0,1,73.000,60,1,3094016000
1120,9.737736227,16.616906,16.667428,6,5662.4352,-172.4589,85.7500,6.0864,-0.0000,0.0000,450.9083,450.9083,4,47.7500,341.9753,1.000,0.000,0,0,0,100.0000,0,1,73.000,60,1,3094048768
1121,9.754029478,16.293251,16.667178,6,5670.0124,-171.6510,85.7500,6.0864,-0.0000,0.0000,457.1941,457.1941,4,47.7500,353.3069,1.000,0.000,0,0,0,100.0000,0,1,73.000,60,1,3094073344
1122,9.771283108,17.253630,16.667268,6,5677.6933,-170.8320,85.7500,6.0864,-0.0000,0.0000,463.4518,463.4517,4,47.7500,4.7964,1.000,0.000,0,0,0,100.0000,0,1,73.000,60,1,3094097920
1123,9.787381414,16.098306,16.667448,6,5685.4776,-170.0019,85.7500,6.0864,-0.0000,0.0000,469.6813,469.6813,4,47.7500,16.4434,1.000,0.000,0,0,0,100.0000,0,1,73.000,60,1,3094097920
1124,9.804408229,17.026815,16.667558,6,5693.3647,-169.1609,85.7500,6.0864,-0.0000,0.0000,475.8829,475.8829,4,47.7500,28.2470,1.000,0.000,0,0,0,100.0000,0,1,73.000,60,1,3094122496
1125,9.820940125,16.531896,16.667477,6,5701.3541,-168.3091,85.7500,6.0864,-0.0000,0.0000,482.0566,482.0566,4,47.7500,40.2064,1.000,0.000,0,0,0,100.0000,0,1,73.000,60,1,3094147072
1126,9.837630763,16.690638,16.667099,6,5709.4451,-167.4463,85.7500,6.0864,-0.0000,0.0000,488.2025,488.2025,4,47.7500,52.3206,1.000,0.000,0,0,0,100.0000,0,1,73.000,60,1,3094188032
1127,9.854113217,16.482454,16.667067,6,5717.6376,-166.5728,85.7500,6.0864,-0.0000,0.0000,494.3206,494.3206,4,47.7500,64.5893,1.000,0.000,0,0,0,100.0000,0,1,73.000,60,1,3094188032
1128,9.870759674,16.646457,16.667438,6,5725.9311,-165.6884,85.7500,6.0864,-0.0000,0.0000,500.4114,500.4114,4,47.7500,77.0120,1.000,0.000,0,0,0,100.0000,0,1,73.000,60,1,3094212608
1129,9.887240248,16.480574,16.666958,6,5734.3249,-164.7934,85.7500,6.0864,-0.0000,0.0000,506.4747,506.4747,4,47.7500,89.5874,1.000,0.000,0,0,0,100.0000,0,1,73.000,60,1,3094237184
1130,9.904950949,17.710701,16.667198,6,5742.8189,-163.8877,85.7500,6.0864,-0.0000,0.0000,512.5108,512.5108,4,47.7500,102.3154,1.000,0.000,0,0,0,100.0000,0,1,73.000,60,1,3094261760
1131,9.921548505,16.597556,16.667158,6,5751.4124,-162.9714,85.7500,6.0864,-0.0000,0.0000,518.5198,518.5198,4,47.7500,115.1951,1.000,0.000,0,0,0,100.0000,0,1,73.000,60,1,3094290432
1132,9.938217293,16.668788,16.666958,6,5760.1050,-162.0445,85.7500,6.0864,-0.0000,0.0000,524.5016,524.5016,4,47.7500,128.2256,1.000,0.000,0,0,0,100.0000,0,1,73.000,60,1,3094294528
1133,9.957684640,19.467347,16.667147,6,5768.8964,-161.1071,85.7500,6.0864,-0.0000,0.0000,530.4566,530.4566,4,47.7500,141.4065,1.000,0.000,0,0,0,100.0000,0,1,73.000,60,1,3094319104
1134,9.971125770,13.441130,16.666888,6,5777.7859,-160.1592,85.7500,6.0864,-0.0000,0.0000,536.3848,536.3848,4,47.7500,154.7369,1.000,0.000,0,0,0,100.0000,0,1,73.000,60,1,3094343680
1135,9.987990842,16.865072,16.667349,6,5786.7734,-159.2009,85.7500,6.0864,-0.0000,0.0000,542.2865,542.2865,4,47.7500,168.2167,1.000,0.000,0,0,0,100.0000,0,1,73.000,60,1,3094368256
1136,10.004610278,16.619436,16.667147,6,5795.8582,-158.2322,85.7500,6.0864,-0.0000,0.0000,548.1616,548.1616,4,47.7500,181.8446,1.000,0.000,0,0,0,100.0000,0,1,73.000,60,1,3094396928
1137,10.021253226,16.642948,16.667338,6,5805.0400,-157.2532,85.7500,6.0864,-0.0000,0.0000,554.0104,554.0104,4,47.7500,195.6203,1.000,0.000,0,0,0,100.0000,0,1,73.000,60,1,3094396928
1138,10.038115958,16.862732,16.667288,6,5814.3183,-156.2638,85.7500,6.0864,-0.0000,0.0000,559.8328,559.8328,4,47.7500,209.5429,1.000,0.000,0,0,0,100.0000,0,1,73.000,60,1,3094425600
1139,10.054668563,16.552605,16.667508,6,5823.6928,-155.2643,85.7500,6.0864,-0.0000,0.0000,565.6292,565.6291,4,47.7500,223.6121,1.000,0.000,0,0,0,100.0000,0,1,73.000,60,1,3094450176
1140,10.071344461,16.675898,16.667328,6,5833.1628,-154.2545,85.7500,6.0864,-0.0000,0.0000,571.3994,571.3993,4,47.7500,237.8268,1.000,0.000,0,0,0,100.0000,0,1,73.000,60,1,3094474752
1141,10.087928138,16.583677,16.667658,6,5842.7282,-153.2345,85.7500,6.0864,-0.0000,0.0000,577.1437,577.1437,4,47.7500,252.1867,1.000,0.000,0,0,0,100.0000,0,1,73.000,60,1,3094499328
1142,10.104596455,16.668317,16.667147,6,5852.3881,-152.2045,85.7500,6.0864,-0.0000,0.0000,582.8621,582.8621,4,47.7500,266.6906,1.000,0.000,0,0,0,100.0000,0,1,73.000,60,1,3094499328
1143,10.121417837,16.821382,16.667529,6,5862.1426,-151.1644,85.7500,6.0864,-0.0000,0.0000,588.5550,588.5550,4,47.7500,281.3385,1.000,0.000,0,0,0,100.0000,0,1,73.000,60,1,3094523904
1144,10.137938262,16.520425,16.667608,6,5871.9910,-150.1143,85.7500,6.0864,-0.0000,0.0000,594.2222,594.2223,4,47.7500,296.1296,1.000,0.000,0,0,0,100.0000,0,1,73.000,60,1,3094548480
1145,10.154861734,16.923472,16.667627,6,5881.9330,-149.0542,85.7500,6.0864,-0.0000,0.0000,599.8640,599.8640,4,47.7500,311.0631,1.000,0.000,0,0,0,100.0000,0,1,73.000,60,1,3094573056
1146,10.171269117,16.407383,16.667398,6,5891.9679,-147.9842,85.7500,6.0864,-0.0000,0.0000,605.4804,605.4804,4,47.7500,326.1382,1.000,0.000,0,0,0,100.0000,0,1,73.000,60,1,3094597632
1147,10.187895204,16.626087,16.667088,6,5902.0952,-146.9043,85.7500,6.0864,-0.0000,0.0000,611.0714,611.0714,4,47.7500,341.3541,1.000,0.000,0,0,0,100.0000,0,1,73.000,60,1,3094597632
1148,10.204560612,16.665408,16.666978,6,5912.3148,-145.8146,85.7500,6.0864,-0.0000,0.0000,616.6373,616.6373,4,47.7500,356.7104,1.000,0.000,0,0,0,100.0000,0,1,73.000,60,1,3094622208
1149,10.222399005,17.838393,16.667728,6,5922.6266,-144.7151,85.7500,6.0864,-0.0000,0.0000,622.1783,622.1784,4,47.7500,12.2074,1.000,0.000,0,0,0,100.0000,0,1,73.000,60,1,3094646784
1150,10.240093215,17.694210,16.667828,6,5933.0299,-143.6058,85.7500,6.0864,-0.0000,0.0000,627.6946,627.6946,4,47.7500,27.8436,1.000,0.000,0,0,0,100.0000,0,1,73.000,60,1,3094671360
1151,10.257880756,17.787541,16.667367,6,5943.5240,-142.4868,85.7500,6.0864,-0.0000,0.0000,633.1858,633.1858,4,47.7500,43.6181,1.000,0.000,0,0,0,100.0000,0,1,73.000,60,1,3094695936
1152,10.274318610,16.437854,16.667049,6,5954.1084,-141.3582,85.7500,6.0864,-0.0000,0.0000,638.6523,638.6523,4,47.7500,59.5302,1.000,0.000,0,0,0,100.0000,0,1,73.000,60,1,3094695936
1153,10.290158210,15.839600,16.667068,6,5964.7831,-140.2200,85.7500,6.0864,-0.0000,0.0000,644.0941,644.0941,4,47.7500,75.5798,1.000,0.000,0,0,0,100.0000,0,1,73.000,60,1,3094724608
1154,10.306654724,16.496514,16.667187,6,5975.5476,-139.0722,85.7500,6.0864,-0.0000,0.0000,649.5116,649.5116,4,47.7500,91.7662,1.000,0.000,0,0,0,100.0000,0,1,73.000,60,1,3094753280
1155,10.322736209,16.081485,16.666848,6,5986.4013,-137.9149,85.7500,6.0864,-0.0000,0.0000,654.9046,654.9046,4,47.7500,108.0884,1.000,0.000,0,0,0,100.0000,0,1,73.000,60,1,3094781952
1156,10.338478537,15.742328,16.667609,6,5997.3444,-136.7480,85.7500,6.0864,-0.0000,0.0000,660.2736,660.2736,4,47.7500,124.5469,1.000,0.000,0,0,0,100.0000,0,1,73.000,60,1,3094798336
1157,10.355089835,16.611298,16.667097,6,6008.3758,-135.5718,85.7500,6.0864,-0.0000,0.0000,665.6183,665.6183,4,47.7500,141.1398,1.000,0.000,0,0,0,100.0000,0,1,73.000,60,1,3094822912
1158,10.371942066,16.852231,16.668148,6,6019.4961,-134.3860,85.7500,6.0864,-0.0000,0.0000,670.9393,670.9393,4,47.7500,157.8681,1.000,0.000,0,0,0,100.0000,0,1,73.000,60,1,3094851584
1159,10.389297669,17.355603,16.667638,6,6030.7038,-133.1910,85.7500,6.0864,-0.0000,0.0000,676.2363,676.2362,4,47.7500,174.7296,1.000,0.000,0,0,0,100.0000,0,1,73.000,60,1,3094896640
1160,10.405520287,16.222618,16.667828,6,6041.9991,-131.9866,85.7500,6.0864,-0.0000,0.0000,681.5095,681.5094,4,47.7500,191.7245,1.000,0.000,0,0,0,100.0000,0,1,73.000,60,1,3094921216
1161,10.422338588,16.818301,16.667388,6,6053.3810,-130.7729,85.7500,6.0864,-0.0000,0.0000,686.7587,686.7588,4,47.7500,208.8513,1.000,0.000,0,0,0,100.0000,0,1,73.000,60,1,3094921216
1162,10.438912244,16.573656,16.667428,6,6064.8496,-129.5501,85.7500,6.0864,-0.0000,0.0000,691.9845,691.9845,4,47.7500,226.1102,1.000,0.000,0,0,0,100.0000,0,1,73.000,60,1,3094962176
1163,10.455889938,16.977694,16.668547,6,6076.4052,-128.3179,85.7500,6.0864,-0.0000,0.0000,697.1871,697.1871,4,47.7500,243.5015,1.000,0.000,0,0,0,100.0000,0,1,73.000,60,1,3102306304
1164,10.473691471,17.801533,16.667198,6,6088.0457,-127.0767,85.7500,6.0864,-0.0000,0.0000,702.3659,702.3659,4,47.7500,261.0222,1.000,0.000,0,0,0,100.0000,0,1,73.000,60,1,3095007232
1165,10.489105802,15.414331,16.667509,6,6099.7718,-125.8264,85.7500,6.0864,-0.0000,0.0000,707.5215,707.5215,4,47.7500,278.6734,1.000,0.000,0,0,0,100.0000,0,1,73.000,60,1,3095035904
1166,10.507849974,18.744172,16.666927,6,6111.5826,-124.5670,85.7500,6.0864,-0.0000,0.0000,712.6538,712.6538,4,47.7500,296.4535,1.000,0.000,0,0,0,100.0000,0,1,73.000,60,1,3095040000
1167,10.523580692,15.730718,16.667068,6,6123.4782,-123.2986,85.7500,6.0864,-0.0000,0.0000,717.7631,717.7631,4,47.7500,314.3627,1.000,0.000,0,0,0,100.0000,0,1,73.000,60,1,3095072768
1168,10.541751882,18.171190,16.667278,6,6135.4582,-122.0212,85.7500,6.0864,-0.0000,0.0000,722.8494,722.8494,4,47.7500,332.4005,1.000,0.000,0,0,0,100.0000,0,1,73.000,60,1,3095101440
1169,10.560543156,18.791274,16.667458,6,6147.5223,-120.7348,85.7500,6.0864,-0.0000,0.0000,727.9129,727.9129,4,47.7500,350.5664,1.000,0.000,0,0,0,100.0000,0,1,73.000,60,1,3095130112
1170,10.574897174,14.354018,16.667168,6,6159.6697,-119.4395,85.7500,6.0864,-0.0000,0.0000,732.9536,732.9536,4,47.7500,8.8592,1.000,0.000,0,0,0,100.0000,0,1,73.000,60,1,3095154688
1171,10.594515805,19.618631,16.669008,6,6171.9016,-118.1353,85.7500,6.0864,-0.0000,0.0000,737.9722,737.9722,4,47.7500,27.2807,1.000,0.000,0,0,0,100.0000,0,1,73.000,60,1,3095179264
1172,10.606230207,11.714402,16.667317,6,6184.2151,-116.8223,85.7500,6.0864,-0.0000,0.0000,742.9677,742.9677,4,47.7500,45.8265,1.000,0.000,0,0,0,100.0000,0,1,73.000,60,1,3095179264
1173,10.625248206,19.017999,16.667909,6,6196.6114,-115.5005,85.7500,6.0864,-0.0000,0.0000,747.9409,747.9409,4,47.7500,64.4984,1.000,0.000,0,0,0,100.0000,0,1,73.000,60,1,3095203840
1174,10.641737379,16.489173,16.668428,6,6209.0902,-114.1699,85.7500,6.0864,-0.0000,0.0000,752.8919,752.8919,4,47.7500,83.2960,1.000,0.000,0,0,0,100.0000,0,1,73.000,60,1,3095236608
1175,10.659220655,17.483276,16.668877,6,6221.6510,-112.8306,85.7500,6.0864,-0.0000,0.0000,757.8208,757.8208,4,47.7500,102.2185,1.000,0.000,0,0,0,100.0000,0,1,73.000,60,1,3095261184
1176,10.674786119,15.565464,16.667388,6,6234.2921,-111.4827,85.7500,6.0864,-0.0000,0.0000,762.7271,762.7271,4,47.7500,121.2631,1.000,0.000,0,0,0,100.0000,0,1,73.000,60,1,3095261184
1177,10.692554111,17.767992,16.668959,6,6247.0152,-110.1260,85.7500,6.0864,-0.0000,0.0000,767.6119,767.6118,4,47.7500,140.4329,1.000,0.000,0,0,0,100.0000,0,1,73.000,60,1,3095285760
1178,10.706396848,13.842737,16.667977,6,6259.8182,-108.7608,85.7500,6.0864,-0.0000,0.0000,772.4744,772.4743,4,47.7500,159.7243,1.000,0.000,0,0,0,100.0000,0,1,73.000,60,1,3095310336
1179,10.724544967,18.148119,16.668248,6,6272.7017,-107.3871,85.7500,6.0864,-0.0000,0.0000,777.3151,777.3150,4,47.7500,179.1382,1.000,0.000,0,0,0,100.0000,0,1,73.000,60,1,3095334912
1180,10.744604308,20.059341,16.668788,6,6285.6654,-106.0048,85.7500,6.0864,-0.0000,0.0000,782.1342,782.1341,4,47.7500,198.6744,1.000,0.000,0,0,0,100.0000,0,1,73.000,60,1,3095359488
1181,10.756421322,11.817014,16.667238,6,6298.7074,-104.6141,85.7500,6.0864,-0.0000,0.0000,786.9312,786.9311,4,47.7500,218.3299,1.000,0.000,0,0,0,100.0000,0,1,73.000,60,1,3095363584
1182,10.772894625,16.473303,16.668158,6,6311.8294,-103.2150,85.7500,6.0864,-0.0000,0.0000,791.7068,791.7068,4,47.7500,238.1070,1.000,0.000,0,0,0,100.0000,0,1,73.000,60,1,3095392256
1183,10.789742007,16.847382,16.668088,6,6325.0300,-101.8074,85.7500,6.0864,-0.0000,0.0000,796.4610,796.4610,4,47.7500,258.0041,1.000,0.000,0,0,0,100.0000,0,1,73.000,60,1,3095429120
1184,10.808952110,19.210103,16.668307,6,6338.3093,-100.3915,85.7500,6.0864,-0.0000,0.0000,801.1938,801.1938,4,47.7500,278.0209,1.000,0.000,0,0,0,100.0000,0,1,73.000,60,1,3095457792
1185,10.827178772,18.226662,16.668519,6,6351.6668,-98.9672,85.7500,6.0864,-0.0000,0.0000,805.9055,805.9055,4,47.7500,298.1569,1.000,0.000,0,0,0,100.0000,0,1,73.000,60,1,3095494656
1186,10.843574793,16.396021,16.667438,6,6365.1012,-97.5347,85.7500,6.0864,-0.0000,0.0000,810.5957,810.5957,4,47.7500,318.4100,1.000,0.000,0,0,0,100.0000,0,1,73.000,60,1,3095498752
1187,10.859532096,15.957303,16.667777,6,6378.6133,-96.0939,85.7500,6.0864,-0.0000,0.0000,815.2649,815.2649,4,47.7500,338.7814,1.000,0.000,0,0,0,100.0000,0,1,73.000,60,1,3095527424
1188,10.878885971,19.353875,16.667648,6,6392.2022,-94.6449,85.7500,6.0864,-0.0000,0.0000,819.9131,819.9131,4,47.7500,359.2700,1.000,0.000,0,0,0,100.0000,0,1,73.000,60,1,3095556096
1189,10.895132070,16.246099,16.667229,6,6405.8676,-93.1878,85.7500,6.0864,-0.0000,0.0000,824.5402,824.5402,4,47.7500,19.8749,1.000,0.000,0,0,0,100.0000,0,1,73.000,60,1,3095592960
1190,10.910123202,14.991132,16.667997,6,6419.6099,-91.7225,85.7500,6.0864,-0.0000,0.0000,829.1467,829.1468,4,47.7500,40.5970,1.000,0.000,0,0,0,100.0000,0,1,73.000,60,1,3095597056
1191,10.923326546,13.203344,16.668758,6,6433.4289,-90.2490,85.7500,6.0864,-0.0000,0.0000,833.7328,833.7328,4,47.7500,61.4358,1.000,0.000,0,0,0,100.0000,0,1,73.000,60,1,3095629824
1192,10.942414046,19.087500,16.667377,6,6447.3223,-88.7676,85.7500,6.0864,-0.0000,0.0000,838.2979,838.2978,4,47.7500,82.3882,1.000,0.000,0,0,0,100.0000,0,1,73.000,60,1,3095670784
1193,10.961799882,19.385836,16.689349,6,6461.3096,-87.2761,85.7500,6.0864,-0.0000,0.0000,842.8483,842.8483,4,47.7500,103.4831,1.000,0.000,0,0,0,100.0000,0,1,73.000,60,1,3095703552
1194,10.972463591,10.663709,16.668058,6,6475.3541,-85.7786,85.7500,6.0864,-0.0000,0.0000,847.3726,847.3726,4,47.7500,124.6654,1.000,0.000,0,0,0,100.0000,0,1,73.000,60,1,3095707648
1195,10.992226905,19.763314,16.668819,6,6489.4738,-84.2730,85.7500,6.0864,-0.0000,0.0000,851.8768,851.8768,4,47.7500,145.9624,1.000,0.000,0,0,0,100.0000,0,1,73.000,60,1,3095748608
1196,11.012301967,20.075062,16.668717,6,6503.6678,-82.7595,85.7500,6.0864,-0.0000,0.0000,856.3607,856.3606,4,47.7500,167.3725,1.000,0.000,0,0,0,100.0000,0,1,73.000,60,1,3095789568
1197,11.028506975,16.205008,16.668678,6,6517.9357,-81.2382,85.7500,6.0864,-0.0000,0.0000,860.8243,860.8243,4,47.7500,188.8952,1.000,0.000,0,0,0,100.0000,0,1,73.000,60,1,3095826432
1198,11.044104449,15.597474,16.667627,6,6532.2764,-79.7090,85.7500,6.0864,-0.0000,0.0000,865.2676,865.2677,4,47.7500,210.5287,1.000,0.000,0,0,0,100.0000,0,1,73.000,60,1,3095859200
1199,11.061264978,17.160529,16.684599,6,6546.7051,-78.1705,85.7500,6.0864,-0.0000,0.0000,869.6955,869.6955,4,47.7500,232.2960,1.000,0.000,0,0,0,100.0000,0,1,73.000,60,1,3095883776
1200,11.075715778,14.450800,16.667438,6,6561.1920,-76.6258,85.7500,6.0864,-0.0000,0.0000,874.0989,874.0989,4,47.7500,254.1522,1.000,0.000,0,0,0,100.0000,0,1,73.000,60,1,3095883776
1201,11.094145523,18.429745,16.669207,6,6575.7530,-75.0732,85.7500,6.0864,-0.0000,0.0000,878.4830,878.4830,4,47.7500,276.1215,1.000,0.000,0,0,0,100.0000,0,1,73.000,60,1,3095908352
1202,11.110833082,16.687559,16.668559,6,6590.3859,-73.5129,85.7500,6.0864,-0.0000,0.0000,882.8472,882.8472,4,47.7500,298.2000,1.000,0.000,0,0,0,100.0000,0,1,73.000,60,1,3095998464
1203,11.127134432,16.301350,16.668738,6,6605.0909,-71.9449,85.7500,6.0864,-0.0000,0.0000,887.1918,887.1918,4,47.7500,320.3885,1.000,0.000,0,0,0,100.0000,0,1,73.000,60,1,3096023040
1204,11.143091914,15.957482,16.668887,6,6619.8677,-70.3693,85.7500,6.0864,-0.0000,0.0000,891.5170,891.5170,4,47.7500,342.6863,1.000,0.000,0,0,0,100.0000,0,1,73.000,60,1,3096023040
1205,11.160791655,17.699741,16.668718,6,6634.7158,-68.7861,85.7500,6.0864,-0.0000,0.0000,895.8226,895.8226,4,47.7500,5.0927,1.000,0.000,0,0,0,100.0000,0,1,73.000,60,1,3096047616
1206,11.176593474,15.801819,16.667929,6,6649.6341,-67.1953,85.7500,6.0864,-0.0000,0.0000,900.1088,900.1088,4,47.7500,27.6062,1.000,0.000,0,0,0,100.0000,0,1,73.000,60,1,3096072192
1207,11.192440555,15.847081,16.667237,6,6664.6226,-65.5971,85.7500,6.0864,-0.0000,0.0000,904.3754,904.3754,4,47.7500,50.2264,1.000,0.000,0,0,0,100.0000,0,1,73.000,60,1,3096096768
1208,11.210011092,17.570537,16.668318,6,6679.6825,-63.9913,85.7500,6.0864,-0.0000,0.0000,908.6232,908.6232,4,47.7500,72.9554,1.000,0.000,0,0,0,100.0000,0,1,73.000,60,1,3096121344
1209,11.227371705,17.360613,16.668128,6,6694.8122,-62.3781,85.7500,6.0864,-0.0000,0.0000,912.8518,912.8518,4,47.7500,95.7908,1.000,0.000,0,0,0,100.0000,0,1,73.000,60,1,3096125440
1210,11.242587181,15.215476,16.669278,6,6710.0128,-60.7573,85.7500,6.0864,-0.0000,0.0000,917.0617,917.0617,4,47.7500,118.7341,1.000,0.000,0,0,0,100.0000,0,1,73.000,60,1,3096150016
1211,11.258726628,16.139447,16.668958,6,6725.2826,-59.1291,85.7500,6.0864,-0.0000,0.0000,921.2526,921.2525,4,47.7500,141.7828,1.000,0.000,0,0,0,100.0000,0,1,73.000,60,1,3096178688
1212,11.276081030,17.354402,16.667218,6,6740.6199,-57.4937,85.7500,6.0864,-0.0000,0.0000,925.4241,925.4241,4,47.7500,164.9344,1.000,0.000,0,0,0,100.0000,0,1,73.000,60,1,3096207360
1213,11.292856041,16.775011,16.668837,6,6756.0275,-55.8508,85.7500,6.0864,-0.0000,0.0000,929.5774,929.5774,4,47.7500,188.1931,1.000,0.000,0,0,0,100.0000,0,1,73.000,60,1,3096244224
1214,11.310209463,17.353422,16.667549,6,6771.5025,-54.2007,85.7500,6.0864,-0.0000,0.0000,933.7116,933.7116,4,47.7500,211.5544,1.000,0.000,0,0,0,100.0000,0,1,73.000,60,1,3096248320
1215,11.326359081,16.149618,16.667398,6,6787.0455,-52.5434,85.7500,6.0864,-0.0000,0.0000,937.8273,937.8273,4,47.7500,235.0193,1.000,0.000,0,0,0,100.0000,0,1,73.000,60,1,3096276992
1216,11.342897265,16.538184,16.667347,6,6802.6564,-50.8788,85.7500,6.0864,-0.0000,0.0000,941.9244,941.9244,4,47.7500,258.5876,1.000,0.000,0,0,0,100.0000,0,1,73.000,60,1,3096309760
1217,11.359498042,16.600777,16.668218,6,6818.3357,-49.2069,85.7500,6.0864,-0.0000,0.0000,946.0034,946.0033,4,47.7500,282.2601,1.000,0.000,0,0,0,100.0000,0,1,73.000,60,1,3096338432
1218,11.376717312,17.219270,16.668359,6,6834.0824,-47.5279,85.7500,6.0864,-0.0000,0.0000,950.0640,950.0639,4,47.7500,306.0353,1.000,0.000,0,0,0,100.0000,0,1,73.000,60,1,3096342528
1219,11.393802428,17.085116,16.667507,6,6849.8954,-45.8418,85.7500,6.0864,-0.0000,0.0000,954.1061,954.1061,4,47.7500,329.9114,1.000,0.000,0,0,0,100.0000,0,1,73.000,60,1,3096375296
1220,11.409820122,16.017694,16.667708,6,6865.7752,-44.1485,85.7500,6.0864,-0.0000,0.0000,958.1302,958.1302,4,47.7500,353.8893,1.000,0.000,0,0,0,100.0000,0,1,73.000,60,1,3096403968
1221,11.428347470,18.527348,16.668328,6,6881.7220,-42.4482,85.7500,6.0864,-0.0000,0.0000,962.1363,962.1363,4,47.7500,17.9693,1.000,0.000,0,0,0,100.0000,0,1,73.000,60,1,3096436736
1222,11.440001510,11.654040,16.668358,6,6897.7349,-40.7407,85.7500,6.0864,-0.0000,0.0000,966.1244,966.1244,4,47.7500,42.1500,1.000,0.000,0,0,0,100.0000,0,1,73.000,60,1,3096444928
1223,11.456390592,16.389082,16.667298,6,6913.8126,-39.0264,85.7500,6.0864,-0.0000,0.0000,970.0943,970.0943,4,47.7500,66.4293,1.000,0.000,0,0,0,100.0000,0,1,73.000,60,1,3096473600
1224,11.473273174,16.882582,16.667858,6,6929.9564,-37.3050,85.7500,6.0864,-0.0000,0.0000,974.0465,974.0465,4,47.7500,90.8093,1.000,0.000,0,0,0,100.0000,0,1,73.000,60,1,3096498176
1225,11.493157521,19.884347,16.668457,6,6946.1659,-35.5766,85.7500,6.0864,-0.0000,0.0000,977.9811,977.9811,4,47.7500,115.2894,1.000,0.000,0,0,0,100.0000,0,1,73.000,60,1,3096522752
1226,11.509463052,16.305531,16.668149,6,6962.4401,-33.8413,85.7500,6.0864,-0.0000,0.0000,981.8979,981.8979,4,47.7500,139.8680,1.000,0.000,0,0,0,100.0000,0,1,73.000,60,1,3096547328
1227,11.526207951,16.744899,16.668228,6,6978.7790,-32.0991,85.7500,6.0864,-0.0000,0.0000,985.7972,985.7972,4,47.7500,164.5452,1.000,0.000,0,0,0,100.0000,0,1,73.000,60,1,3096571904
1228,11.544661448,18.453497,16.668627,6,6995.1826,-30.3500,85.7500,6.0864,-0.0000,0.0000,989.6790,989.6790,4,47.7500,189.3209,1.000,0.000,0,0,0,100.0000,0,1,73.000,60,1,3096571904
1229,11.556367969,11.706521,16.668348,6,7011.6499,-28.5941,85.7500,6.0864,-0.0000,0.0000,993.5433,993.5433,4,47.7500,214.1937,1.000,0.000,0,0,0,100.0000,0,1,73.000,60,1,3096600576
1230,11.574479708,18.111739,16.668379,6,7028.1811,-26.8314,85.7500,6.0864,-0.0000,0.0000,997.3902,997.3902,4,47.7500,239.1638,1.000,0.000,0,0,0,100.0000,0,1,73.000,60,1,3096625152
1231,11.592710190,18.230482,16.668117,6,7044.7755,-25.0620,85.7500,6.0864,-0.0000,0.0000,1001.2198,1001.2198,4,47.7500,264.2301,1.000,0.000,0,0,0,100.0000,0,1,73.000,60,1,3096653824
1232,11.609799597,17.089407,16.668818,6,7061.4338,-23.2858,85.7500,6.0864,-0.0000,0.0000,1005.0323,1005.0323,4,47.7500,289.3937,1.000,0.000,0,0,0,100.0000,0,1,73.000,60,1,3096653824
1233,11.626572557,16.772960,16.668158,6,7078.1543,-21.5029,85.7500,6.0864,-0.0000,0.0000,1008.8275,1008.8275,4,47.7500,314.6522,1.000,0.000,0,0,0,100.0000,0,1,73.000,60,1,3096702976
1234,11.642130911,15.558354,16.667498,6,7094.9367,-19.7134,85.7500,6.0864,-0.0000,0.0000,1012.6055,1012.6055,4,47.7500,340.0050,1.000,0.000,0,0,0,100.0000,0,1,73.000,60,1,3096731648
1235,11.660692300,18.561389,16.667138,6,7111.7812,-17.9173,85.7500,6.0864,-0.0000,0.0000,1016.3665,1016.3664,4,47.7500,5.4522,1.000,0.000,0,0,0,100.0000,0,1,73.000,60,1,3096756224
1236,11.675674951,14.982651,16.667678,6,7128.6882,-16.1145,85.7500,6.0864,-0.0000,0.0000,1020.1107,1020.1106,4,47.7500,30.9948,1.000,0.000,0,0,0,100.0000,0,1,73.000,60,1,3096780800
1237,11.692237506,16.562555,16.668528,6,7145.6579,-14.3051,85.7500,6.0864,-0.0000,0.0000,1023.8381,1023.8381,4,47.7500,56.6327,1.000,0.000,0,0,0,100.0000,0,1,73.000,60,1,3096780800
1238,11.709108199,16.870693,16.668008,6,7162.6885,-12.4891,85.7500,6.0864,-0.0000,0.0000,1027.5488,1027.5488,4,47.7500,82.3636,1.000,0.000,0,0,0,100.0000,0,1,73.000,60,1,3096805376
1239,11.725936430,16.828231,16.667578,6,7179.7800,-10.6667,85.7500,6.0864,-0.0000,0.0000,1031.2427,1031.2427,4,47.7500,108.1870,1.000,0.000,0,0,0,100.0000,0,1,73.000,60,1,3096838144
1240,11.742397723,16.461293,16.667587,6,7196.9323,-8.8377,85.7500,6.0864,-0.0000,0.0000,1034.9199,1034.9199,4,47.7500,134.1033,1.000,0.000,0,0,0,100.0000,0,1,73.000,60,1,3096870912
1241,11.758853957,16.456234,16.667368,6,7214.1452,-7.0024,85.7500,6.0864,-0.0000,0.0000,1038.5806,1038.5806,4,47.7500,160.1116,1.000,0.000,0,0,0,100.0000,0,1,73.000,60,1,3096895488
1242,11.775961504,17.107547,16.667159,6,7231.4182,-5.1606,85.7500,6.0864,-0.0000,0.0000,1042.2247,1042.2248,4,47.7500,186.2117,1.000,0.000,0,0,0,100.0000,0,1,73.000,60,1,3096899584
1243,11.790204880,14.243376,16.668357,6,7248.7526,-3.3122,85.7500,6.0864,-0.0000,0.0000,1045.8529,1045.8529,4,47.7500,212.4051,1.000,0.000,0,0,0,100.0000,0,1,73.000,60,1,3096924160
1244,11.806262045,16.057165,16.668608,6,7266.1471,-1.4575,85.7500,6.0864,-0.0000,0.0000,1049.4647,1049.4647,4,47.7500,238.6902,1.000,0.000,0,0,0,100.0000,0,1,73.000,60,1,3096956928
1245,11.825594821,19.332776,16.668799,6,7283.6014,0.4037,85.7500,6.0864,-0.0000,0.0000,1053.0603,1053.0603,4,47.7500,265.0663,1.000,0.000,0,0,0,100.0000,0,1,73.000,60,1,3096981504
1246,11.843986555,18.391734,16.667457,6,7301.1136,2.2710,85.7500,6.0864,-0.0000,0.0000,1056.6394,1056.6394,4,47.7500,291.5307,1.000,0.000,0,0,0,100.0000,0,1,73.000,60,1,3097006080
1247,11.855443721,11.457166,16.667258,6,7318.6847,4.1445,85.7500,6.0864,-0.0000,0.0000,1060.2025,1060.2025,4,47.7500,318.0847,1.000,0.000,0,0,0,100.0000,0,1,73.000,60,1,3097006080
1248,11.876894262,21.450541,16.667108,6,7336.3144,6.0244,85.7500,6.0864,-0.0000,0.0000,1063.7494,1063.7494,4,47.7500,344.7280,1.000,0.000,0,0,0,100.0000,0,1,73.000,60,1,3097034752
1249,11.893315084,16.420822,16.667577,6,7354.0031,7.9105,85.7500,6.0864,-0.0000,0.0000,1067.2805,1067.2806,4,47.7500,11.4612,1.000,0.000,0,0,0,100.0000,0,1,73.000,60,1,3097071616
1250,11.905851584,12.536500,16.668619,6,7371.7511,9.8029,85.7500,6.0864,-0.0000,0.0000,1070.7961,1070.7961,4,47.7500,38.2848,1.000,0.000,0,0,0,100.0000,0,1,73.000,60,1,3097071616
1251,11.926675111,20.823527,16.667638,6,7389.5562,11.7015,85.7500,6.0864,-0.0000,0.0000,1074.2955,1074.2956,4,47.7500,65.1952,1.000,0.000,0,0,0,100.0000,0,1,73.000,60,1,3097104384
1252,11.943014172,16.339061,16.668937,6,7407.4204,13.6063,85.7500,6.0864,-0.0000,0.0000,1077.7795,1077.7796,4,47.7500,92.1956,1.000,0.000,0,0,0,100.0000,0,1,73.000,60,1,3097128960
1253,11.959599368,16.585196,16.668418,6,7425.3415,15.5172,85.7500,6.0864,-0.0000,0.0000,1081.2478,1081.2479,4,47.7500,119.2828,1.000,0.000,0,0,0,100.0000,0,1,73.000,60,1,3097153536
1254,11.977446701,17.847333,16.667169,6,7443.3184,17.4340,85.7500,6.0864,-0.0000,0.0000,1084.7003,1084.7003,4,47.7500,146.4551,1.000,0.000,0,0,0,100.0000,0,1,73.000,60,1,3097178112
1255,11.993766042,16.319341,16.668117,6,7461.3534,19.3571,85.7500,6.0864,-0.0000,0.0000,1088.1375,1088.1374,4,47.7500,173.7157,1.000,0.000,0,0,0,100.0000,0,1,73.000,60,1,3097202688
1256,12.009982700,16.216658,16.668728,6,7479.4457,21.2862,85.7500,6.0864,-0.0000,0.0000,1091.5592,1091.5591,4,47.7500,201.0636,1.000,0.000,0,0,0,100.0000,0,1,73.000,60,1,3097202688
1257,12.026317510,16.334810,16.667778,6,7497.5935,23.2213,85.7500,6.0864,-0.0000,0.0000,1094.9653,1094.9653,4,47.7500,228.4960,1.000,0.000,0,0,0,100.0000,0,1,73.000,60,1,3097231360
1258,12.043980130,17.662620,16.668048,6,7515.7978,25.1624,85.7500,6.0864,-0.0000,0.0000,1098.3562,1098.3563,4,47.7500,256.0145,1.000,0.000,0,0,0,100.0000,0,1,73.000,60,1,3097255936
1259,12.059877041,15.896911,16.668598,6,7534.0586,27.1095,85.7500,6.0864,-0.0000,0.0000,1101.7319,1101.7320,4,47.7500,283.6191,1.000,0.000,0,0,0,100.0000,0,1,73.000,60,1,3097280512
1260,12.076595539,16.718498,16.668028,6,7552.3745,29.0625,85.7500,6.0864,-0.0000,0.0000,1105.0924,1105.0925,4,47.7500,311.3076,1.000,0.000,0,0,0,100.0000,0,1,73.000,60,1,3097305088
1261,12.093553044,16.957505,16.668937,6,7570.7468,31.0215,85.7500,6.0864,-0.0000,0.0000,1108.4380,1108.4380,4,47.7500,339.0820,1.000,0.000,0,0,0,100.0000,0,1,73.000,60,1,3097305088
1262,12.112727146,19.174102,16.668609,6,7589.1740,32.9864,85.7500,6.0864,-0.0000,0.0000,1111.7684,1111.7684,4,47.7500,6.9400,1.000,0.000,0,0,0,100.0000,0,1,73.000,60,1,3097329664
1263,12.128641138,15.913992,16.668088,6,7607.6555,34.9571,85.7500,6.0864,-0.0000,0.0000,1115.0839,1115.0838,4,47.7500,34.8808,1.000,0.000,0,0,0,100.0000,0,1,73.000,60,1,3097100288
1264,12.146023351,17.382213,16.668447,6,7626.1922,36.9336,85.7500,6.0864,-0.0000,0.0000,1118.3844,1118.3844,4,47.7500,62.9056,1.000,0.000,0,0,0,100.0000,0,1,73.000,60,1,3097128960
1265,12.160561352,14.538001,16.667258,6,7644.7819,38.9158,85.7500,6.0864,-0.0000,0.0000,1121.6699,1121.6699,4,47.7500,91.0113,1.000,0.000,0,0,0,100.0000,0,1,73.000,60,1,3097153536
1266,12.176655418,16.094066,16.668709,6,7663.4276,40.9040,85.7500,6.0864,-0.0000,0.0000,1124.9409,1124.9409,4,47.7500,119.2020,1.000,0.000,0,0,0,100.0000,0,1,73.000,60,1,3097153536
1267,12.189117576,12.462158,16.667397,6,7682.1257,42.8977,85.7500,6.0864,-0.0000,0.0000,1128.1969,1128.1969,4,47.7500,147.4727,1.000,0.000,0,0,0,100.0000,0,1,73.000,60,1,3097178112
1268,12.209930543,20.812967,16.668428,6,7700.8787,44.8973,85.7500,6.0864,-0.0000,0.0000,1131.4385,1131.4385,4,47.7500,175.8270,1.000,0.000,0,0,0,100.0000,0,1,73.000,60,1,3097202688
1269,12.222155186,12.224643,16.668959,6,7719.6857,46.9027,85.7500,6.0864,-0.0000,0.0000,1134.6656,1134.6657,4,47.7500,204.2636,1.000,0.000,0,0,0,100.0000,0,1,73.000,60,1,3097202688
1270,12.242920822,20.765636,16.667537,6,7738.5445,48.9136,85.7500,6.0864,-0.0000,0.0000,1137.8779,1137.8780,4,47.7500,232.7789,1.000,0.000,0,0,0,100.0000,0,1,73.000,60,1,3097231360
1271,12.255542532,12.621710,16.667918,6,7757.4566,50.9301,85.7500,6.0864,-0.0000,0.0000,1141.0759,1141.0759,4,47.7500,261.3756,1.000,0.000,0,0,0,100.0000,0,1,73.000,60,1,3097260032
1272,12.272177740,16.635208,16.667737,6,7776.4213,52.9523,85.7500,6.0864,-0.0000,0.0000,1144.2595,1144.2595,4,47.7500,290.0524,1.000,0.000,0,0,0,100.0000,0,1,73.000,60,1,3097309184
1273,12.288691704,16.513964,16.667569,6,7795.4384,54.9801,85.7500,6.0864,-0.0000,0.0000,1147.4287,1147.4288,4,47.7500,318.8089,1.000,0.000,0,0,0,100.0000,0,1,73.000,60,1,3097333760
1274,12.305866923,17.175219,16.668138,6,7814.5084,57.0135,85.7500,6.0864,-0.0000,0.0000,1150.5839,1150.5839,4,47.7500,347.6460,1.000,0.000,0,0,0,100.0000,0,1,73.000,60,1,3097333760
1275,12.326346713,20.479790,16.668627,6,7833.6310,59.0525,85.7500,6.0864,-0.0000,0.0000,1153.7249,1153.7249,4,47.7500,16.5633,1.000,0.000,0,0,0,100.0000,0,1,73.000,60,1,3097358336
1276,12.342897039,16.550326,16.667858,6,7852.8045,61.0969,85.7500,6.0864,-0.0000,0.0000,1156.8517,1156.8516,4,47.7500,45.5581,1.000,0.000,0,0,0,100.0000,0,1,73.000,60,1,3097382912
1277,12.358798600,15.901561,16.668969,6,7872.0309,63.1470,85.7500,6.0864,-0.0000,0.0000,1159.9645,1159.9645,4,47.7500,74.6335,1.000,0.000,0,0,0,100.0000,0,1,73.000,60,1,3097407488
1278,12.374961277,16.162677,16.667127,6,7891.3066,65.2024,85.7500,6.0864,-0.0000,0.0000,1163.0630,1163.0630,4,47.7500,103.7839,1.000,0.000,0,0,0,100.0000,0,1,73.000,60,1,3097444352
1279,12.394478766,19.517489,16.668088,6,7910.6345,67.2633,85.7500,6.0864,-0.0000,0.0000,1166.1478,1166.1478,4,47.7500,133.0139,1.000,0.000,0,0,0,100.0000,0,1,73.000,60,1,3097468928
1280,12.407105767,12.627001,16.689919,6,7930.0387,69.3323,85.7500,6.0864,-0.0000,0.0000,1169.2228,1169.2228,4,47.7500,162.3597,1.000,0.000,0,0,0,100.0000,0,1,73.000,60,1,3097473024
1281,12.422870116,15.764349,16.667697,6,7949.4678,71.4040,85.7500,6.0864,-0.0000,0.0000,1172.2798,1172.2798,4,47.7500,191.7438,1.000,0.000,0,0,0,100.0000,0,1,73.000,60,1,3097509888
1282,12.440408832,17.538716,16.667558,6,7968.9471,73.4811,85.7500,6.0864,-0.0000,0.0000,1175.3230,1175.3231,4,47.7500,221.2044,1.000,0.000,0,0,0,100.0000,0,1,73.000,60,1,3097534464
1283,12.458183004,17.774172,16.667148,6,7988.4762,75.5634,85.7500,6.0864,-0.0000,0.0000,1178.3525,1178.3526,4,47.7500,250.7408,1.000,0.000,0,0,0,100.0000,0,1,73.000,60,1,3097559040
1284,12.472223525,14.040521,16.668618,6,8008.0570,77.6513,85.7500,6.0864,-0.0000,0.0000,1181.3688,1181.3687,4,47.7500,280.3560,1.000,0.000,0,0,0,100.0000,0,1,73.000,60,1,3097567232
1285,12.492159903,19.936378,16.667778,6,8027.6865,79.7444,85.7500,6.0864,-0.0000,0.0000,1184.3711,1184.3711,4,47.7500,310.0454,1.000,0.000,0,0,0,100.0000,0,1,73.000,60,1,3097591808
1286,12.510984468,18.824565,16.672668,6,8047.3714,81.8433,85.7500,6.0864,-0.0000,0.0000,1187.3610,1187.3610,4,47.7500,339.8190,1.000,0.000,0,0,0,100.0000,0,1,73.000,60,1,3097616384
1287,12.525078980,14.094512,16.668488,6,8067.1007,83.9470,85.7500,6.0864,-0.0000,0.0000,1190.3367,1190.3366,4,47.7500,9.6603,1.000,0.000,0,0,0,100.0000,0,1,73.000,60,1,3097640960
1288,12.542597146,17.518166,16.667428,6,8086.8778,86.0558,85.7500,6.0864,-0.0000,0.0000,1193.2988,1193.2988,4,47.7500,39.5745,1.000,0.000,0,0,0,100.0000,0,1,73.000,60,1,3097665536
1289,12.559797826,17.200680,16.667728,6,8106.7041,88.1699,85.7500,6.0864,-0.0000,0.0000,1196.2476,1196.2475,4,47.7500,69.5637,1.000,0.000,0,0,0,100.0000,0,1,73.000,60,1,3097665536
1290,12.575952823,16.154997,16.668137,6,8126.5796,90.2892,85.7500,6.0864,-0.0000,0.0000,1199.1831,1199.1831,4,47.7500,99.6277,1.000,0.000,0,0,0,100.0000,0,1,73.000,60,1,3097690112
1291,12.593180523,17.227700,16.668419,6,8146.5039,92.4137,85.7500,6.0864,-0.0000,0.0000,1202.1056,1202.1056,4,47.7500,129.7661,1.000,0.000,0,0,0,100.0000,0,1,73.000,60,1,3097714688
1292,12.610894493,17.713970,16.667108,6,8166.4748,94.5431,85.7500,6.0864,-0.0000,0.0000,1205.0148,1205.0147,4,47.7500,159.9754,1.000,0.000,0,0,0,100.0000,0,1,73.000,60,1,3097739264
1293,12.622596064,11.701571,16.667507,6,8186.4942,96.6778,85.7500,6.0864,-0.0000,0.0000,1207.9108,1207.9108,4,47.7500,190.2587,1.000,0.000,0,0,0,100.0000,0,1,73.000,60,1,3097739264
1294,12.642081963,19.485899,16.668048,6,8206.5620,98.8176,85.7500,6.0864,-0.0000,0.0000,1210.7939,1210.7940,4,47.7500,220.6156,1.000,0.000,0,0,0,100.0000,0,1,73.000,60,1,3097763840
1295,12.660187982,18.106019,16.667319,6,8226.6765,100.9624,85.7500,6.0864,-0.0000,0.0000,1213.6641,1213.6641,4,47.7500,251.0437,1.000,0.000,0,0,0,100.0000,0,1,73.000,60,1,3097788416
1296,12.677230948,17.042966,16.667407,6,8246.8384,103.1122,85.7500,6.0864,-0.0000,0.0000,1216.5212,1216.5212,4,47.7500,281.5442,1.000,0.000,0,0,0,100.0000,0,1,73.000,60,1,3097812992
1297,12.692987596,15.756648,16.668608,6,8267.0490,105.2672,85.7500,6.0864,-0.0000,0.0000,1219.3657,1219.3658,4,47.7500,312.1186,1.000,0.000,0,0,0,100.0000,0,1,73.000,60,1,3097837568
1298,12.711451702,18.464106,16.667788,6,8287.3055,107.4271,85.7500,6.0864,-0.0000,0.0000,1222.1974,1222.1974,4,47.7500,342.7629,1.000,0.000,0,0,0,100.0000,0,1,73.000,60,1,3097837568
1299,12.722196163,10.744461,16.668388,6,8307.6094,109.5921,85.7500,6.0864,-0.0000,0.0000,1225.0164,1225.0164,4,47.7500,13.4796,1.000,0.000,0,0,0,100.0000,0,1,73.000,60,1,3097866240
1300,12.741468087,19.271924,16.667428,6,8327.9587,111.7619,85.7500,6.0864,-0.0000,0.0000,1227.8226,1227.8226,4,47.7500,44.2654,1.000,0.000,0,0,0,100.0000,0,1,73.000,60,1,3097903104
1301,12.755289454,13.821367,16.668768,6,8348.3560,113.9369,85.7500,6.0864,-0.0000,0.0000,1230.6165,1230.6164,4,47.7500,75.1241,1.000,0.000,0,0,0,100.0000,0,1,73.000,60,1,3097948160
1302,12.774699640,19.410186,16.668377,6,8368.7988,116.1167,85.7500,6.0864,-0.0000,0.0000,1233.3976,1233.3976,4,47.7500,106.0523,1.000,0.000,0,0,0,100.0000,0,1,73.000,60,1,3097948160
1303,12.793413272,18.713632,16.667169,6,8389.2861,118.3012,85.7500,6.0864,-0.0000,0.0000,1236.1660,1236.1660,4,47.7500,137.0482,1.000,0.000,0,0,0,100.0000,0,1,73.000,60,1,3097972736
1304,12.810385617,16.972345,16.667578,6,8409.8195,120.4906,85.7500,6.0864,-0.0000,0.0000,1238.9221,1238.9222,4,47.7500,168.1144,1.000,0.000,0,0,0,100.0000,0,1,73.000,60,1,3098001408
1305,12.826230597,15.844980,16.667247,6,8430.3980,122.6849,85.7500,6.0864,-0.0000,0.0000,1241.6658,1241.6658,4,47.7500,199.2493,1.000,0.000,0,0,0,100.0000,0,1,73.000,60,1,3103961088
1306,12.838748405,12.517808,16.668048,6,8451.0227,124.8841,85.7500,6.0864,-0.0000,0.0000,1244.3972,1244.3972,4,47.7500,230.4546,1.000,0.000,0,0,0,100.0000,0,1,73.000,60,1,3098451968
1307,12.857029159,18.280754,16.668919,6,8471.6937,127.0882,85.7500,6.0864,-0.0000,0.0000,1247.1166,1247.1165,4,47.7500,261.7302,1.000,0.000,0,0,0,100.0000,0,1,73.000,60,1,3098451968
1308,12.875290320,18.261161,16.668937,6,8492.4095,129.2971,85.7500,6.0864,-0.0000,0.0000,1249.8236,1249.8236,4,47.7500,293.0741,1.000,0.000,0,0,0,100.0000,0,1,73.000,60,1,3098460160
1309,12.892814866,17.524546,16.667508,6,8513.1681,131.5105,85.7500,6.0864,-0.0000,0.0000,1252.5182,1252.5182,4,47.7500,324.4834,1.000,0.000,0,0,0,100.0000,0,1,73.000,60,1,3098464256
1310,12.910604589,17.789723,16.667498,6,8533.9713,133.7288,85.7500,6.0864,-0.0000,0.0000,1255.2008,1255.2008,4,47.7500,355.9604,1.000,0.000,0,0,0,100.0000,0,1,73.000,60,1,3098464256
1311,12.926632883,16.028294,16.667428,6,8554.8186,135.9517,85.7500,6.0864,-0.0000,0.0000,1257.8712,1257.8713,4,47.7500,27.5047,1.000,0.000,0,0,0,100.0000,0,1,73.000,60,1,3098464256
1312,12.943537846,16.904963,16.667338,6,8575.7098,138.1793,85.7500,6.0864,-0.0000,0.0000,1260.5297,1260.5297,4,47.7500,59.1160,1.000,0.000,0,0,0,100.0000,0,1,73.000,60,1,3098468352
1313,12.959755064,16.217218,16.667958,6,8596.6457,140.4116,85.7500,6.0864,-0.0000,0.0000,1263.1763,1263.1763,4,47.7500,90.7952,1.000,0.000,0,0,0,100.0000,0,1,73.000,60,1,3098468352
1314,12.972343454,12.588390,16.668927,6,8617.6265,142.6488,85.7500,6.0864,-0.0000,0.0000,1265.8112,1265.8112,4,47.7500,122.5428,1.000,0.000,0,0,0,100.0000,0,1,73.000,60,1,3098468352
1315,12.991985637,19.642183,16.668709,6,8638.6505,144.8905,85.7500,6.0864,-0.0000,0.0000,1268.4341,1268.4341,4,47.7500,154.3562,1.000,0.000,0,0,0,100.0000,0,1,73.000,60,1,3098472448
1316,13.011225250,19.239613,16.667108,6,8659.7157,147.1367,85.7500,6.0864,-0.0000,0.0000,1271.0450,1271.0450,4,47.7500,186.2324,1.000,0.000,0,0,0,100.0000,0,1,73.000,60,1,3098472448
1317,13.026939496,15.714246,16.668627,6,8680.8259,149.3877,85.7500,6.0864,-0.0000,0.0000,1273.6445,1273.6445,4,47.7500,218.1772,1.000,0.000,0,0,0,100.0000,0,1,73.000,60,1,3098472448
1318,13.038913683,11.974187,16.668738,6,8701.9792,151.6432,85.7500,6.0864,-0.0000,0.0000,1276.2323,1276.2323,4,47.7500,250.1875,1.000,0.000,0,0,0,100.0000,0,1,73.000,60,1,3098472448
1319,13.058282710,19.369027,16.668729,6,8723.1752,153.9033,85.7500,6.0864,-0.0000,0.0000,1278.8085,1278.8085,4,47.7500,282.2628,1.000,0.000,0,0,0,100.0000,0,1,73.000,60,1,3098472448
1320,13.076888339,18.605629,16.667887,6,8744.4125,156.1678,85.7500,6.0864,-0.0000,0.0000,1281.3729,1281.3729,4,47.7500,314.4013,1.000,0.000,0,0,0,100.0000,0,1,73.000,60,1,3098472448
1321,13.093113798,16.225459,16.668818,6,8765.6934,158.4369,85.7500,6.0864,-0.0000,0.0000,1283.9259,1283.9260,4,47.7500,346.6060,1.000,0.000,0,0,0,100.0000,0,1,73.000,60,1,3098472448
1322,13.109897048,16.783250,16.668178,6,8787.0156,160.7105,85.7500,6.0864,-0.0000,0.0000,1286.4674,1286.4674,4,47.7500,18.8737,1.000,0.000,0,0,0,100.0000,0,1,73.000,60,1,3098472448
1323,13.126954784,17.057736,16.667058,6,8808.3783,162.9884,85.7500,6.0864,-0.0000,0.0000,1288.9973,1288.9973,4,47.7500,51.2030,1.000,0.000,0,0,0,100.0000,0,1,73.000,60,1,3098476544
1324,13.139947873,12.993089,16.668098,6,8829.7841,165.2708,85.7500,6.0864,-0.0000,0.0000,1291.5160,1291.5160,4,47.7500,83.5979,1.000,0.000,0,0,0,100.0000,0,1,73.000,60,1,3098476544
1325,13.156326795,16.378922,16.667278,6,8851.2304,167.5576,85.7500,6.0864,-0.0000,0.0000,1294.0232,1294.0232,4,47.7500,116.0546,1.000,0.000,0,0,0,100.0000,0,1,73.000,60,1,3098484736
1326,13.175254492,18.927697,16.668677,6,8872.7198,169.8490,85.7500,6.0864,-0.0000,0.0000,1296.5193,1296.5193,4,47.7500,148.5769,1.000,0.000,0,0,0,100.0000,0,1,73.000,60,1,3098484736
1327,13.194212889,18.958397,16.668929,6,8894.2508,172.1448,85.7500,6.0864,-0.0000,0.0000,1299.0043,1299.0042,4,47.7500,181.1625,1.000,0.000,0,0,0,100.0000,0,1,73.000,60,1,3098505216
1328,13.210563390,16.350501,16.667098,6,8915.8204,174.4448,85.7500,6.0864,-0.0000,0.0000,1301.4778,1301.4778,4,47.7500,213.8070,1.000,0.000,0,0,0,100.0000,0,1,73.000,60,1,3098546176
1329,13.222417204,11.853814,16.668097,6,8937.4320,176.7492,85.7500,6.0864,-0.0000,0.0000,1303.9404,1303.9404,4,47.7500,246.5156,1.000,0.000,0,0,0,100.0000,0,1,73.000,60,1,3098570752
1330,13.241148107,18.730903,16.667668,6,8959.0838,179.0579,85.7500,6.0864,-0.0000,0.0000,1306.3918,1306.3918,4,47.7500,279.2852,1.000,0.000,0,0,0,100.0000,0,1,73.000,60,1,3098599424
1331,13.259153434,18.005327,16.668779,6,8980.7775,181.3710,85.7500,6.0864,-0.0000,0.0000,1308.8325,1308.8325,4,47.7500,312.1187,1.000,0.000,0,0,0,100.0000,0,1,73.000,60,1,3098599424
1332,13.276217020,17.063586,16.667047,6,9002.5091,183.6883,85.7500,6.0864,-0.0000,0.0000,1311.2618,1311.2618,4,47.7500,345.0100,1.000,0.000,0,0,0,100.0000,0,1,73.000,60,1,3098628096
1333,13.293754166,17.537146,16.668048,6,9024.2822,186.0099,85.7500,6.0864,-0.0000,0.0000,1313.6803,1313.6803,4,47.7500,17.9644,1.000,0.000,0,0,0,100.0000,0,1,73.000,60,1,3098652672
1334,13.310727550,16.973384,16.668238,6,9046.0954,188.3358,85.7500,6.0864,-0.0000,0.0000,1316.0881,1316.0881,4,47.7500,50.9799,1.000,0.000,0,0,0,100.0000,0,1,73.000,60,1,3098685440
1335,13.326132822,15.405272,16.668268,6,9067.9484,190.6660,85.7500,6.0864,-0.0000,0.0000,1318.4850,1318.4850,4,47.7500,84.0560,1.000,0.000,0,0,0,100.0000,0,1,73.000,60,1,3098714112
1336,13.343619447,17.486625,16.667558,6,9089.8400,193.0002,85.7500,6.0864,-0.0000,0.0000,1320.8710,1320.8710,4,47.7500,117.1910,1.000,0.000,0,0,0,100.0000,0,1,73.000,60,1,3098718208
1337,13.360089141,16.469694,16.668168,6,9111.7718,195.3388,85.7500,6.0864,-0.0000,0.0000,1323.2465,1323.2465,4,47.7500,150.3871,1.000,0.000,0,0,0,100.0000,0,1,73.000,60,1,3098746880
1338,13.376611625,16.522484,16.668937,6,9133.7437,197.6816,85.7500,6.0864,-0.0000,0.0000,1325.6112,1325.6112,4,47.7500,183.6445,1.000,0.000,0,0,0,100.0000,0,1,73.000,60,1,3098771456
1339,13.393666331,17.054706,16.668569,6,9155.7543,200.0286,85.7500,6.0864,-0.0000,0.0000,1327.9653,1327.9653,4,47.7500,216.9605,1.000,0.000,0,0,0,100.0000,0,1,73.000,60,1,3098800128
1340,13.410638326,16.971995,16.667218,6,9177.8018,202.3795,85.7500,6.0864,-0.0000,0.0000,1330.3087,1330.3087,4,47.7500,250.3330,1.000,0.000,0,0,0,100.0000,0,1,73.000,60,1,3098824704
1341,13.427457657,16.819331,16.667457,6,9199.8884,204.7345,85.7500,6.0864,-0.0000,0.0000,1332.6416,1332.6416,4,47.7500,283.7649,1.000,0.000,0,0,0,100.0000,0,1,73.000,60,1,3098824704
1342,13.443615584,16.157927,16.668758,6,9222.0151,207.0939,85.7500,6.0864,-0.0000,0.0000,1334.9641,1334.9641,4,47.7500,317.2580,1.000,0.000,0,0,0,100.0000,0,1,73.000,60,1,3098849280
1343,13.460088947,16.473363,16.668409,6,9244.1797,209.4572,85.7500,6.0864,-0.0000,0.0000,1337.2762,1337.2762,4,47.7500,350.8088,1.000,0.000,0,0,0,100.0000,0,1,73.000,60,1,3098882048
1344,13.476430129,16.341182,16.667567,6,9266.3814,211.8246,85.7500,6.0864,-0.0000,0.0000,1339.5778,1339.5778,4,47.7500,24.4160,1.000,0.000,0,0,0,100.0000,0,1,73.000,60,1,3098910720
1345,13.492847491,16.417362,16.667808,6,9288.6213,214.1960,85.7500,6.0864,-0.0000,0.0000,1341.8690,1341.8690,4,47.7500,58.0815,1.000,0.000,0,0,0,100.0000,0,1,73.000,60,1,3098914816
1346,13.510241305,17.393814,16.667168,7,9310.8982,216.5713,85.7500,6.0864,-0.0000,0.0000,1344.1499,1344.1499,4,47.7500,91.8033,1.000,0.000,0,0,0,100.0000,0,1,73.000,60,1,3098939392
1347,13.692810965,182.569660,16.667478,7,9332.7958,218.9062,85.7500,6.0864,-0.0000,0.0000,1321.2374,1321.2375,4,47.7500,125.5831,0.000,0.000,1,0,0,100.0000,0,1,73.000,60,1,3102183424
1348,13.700136192,7.325227,174.377334,7,9375.0770,223.4146,85.7500,6.0864,-0.0000,0.0000,1275.6272,1275.6272,4,47.7500,112.9672,0.000,0.000,1,0,0,100.0000,0,1,73.000,60,1,3102183424
1349,13.717117027,16.980835,16.666988,7,9395.8412,225.6287,85.7500,6.0864,-0.0000,0.0000,1252.8867,1252.8867,4,47.7500,145.0239,0.000,0.000,1,0,0,100.0000,0,1,73.000,60,1,3102208000
1350,13.733721324,16.604297,16.667138,7,9416.2295,227.8027,85.7500,6.0864,-0.0000,0.0000,1230.2029,1230.2028,4,47.7500,176.5095,0.000,0.000,1,0,0,100.0000,0,1,73.000,60,1,3102236672
1351,13.746830945,13.109621,16.667428,7,9436.2433,229.9367,85.7500,6.0864,-0.0000,0.0000,1207.5753,1207.5753,4,47.7500,207.4256,0.000,0.000,1,0,0,100.0000,0,1,73.000,60,1,3102236672
1352,13.768355648,21.524703,16.667548,7,9455.8831,232.0309,85.7500,6.0864,-0.0000,0.0000,1185.0043,1185.0042,4,47.7500,237.7733,0.000,0.000,1,0,0,100.0000,0,1,73.000,60,1,3102273536
1353,13.780027958,11.672310,16.668188,7,9475.1504,234.0853,85.7500,6.0864,-0.0000,0.0000,1162.4886,1162.4886,4,47.7500,267.5548,0.000,0.000,1,0,0,100.0000,0,1,73.000,60,1,3102298112
1354,13.798152597,18.124639,16.667567,7,9494.0448,236.1000,85.7500,6.0864,-0.0000,0.0000,1140.0303,1140.0303,4,47.7500,296.7694,0.000,0.000,1,0,0,100.0000,0,1,73.000,60,1,3102322688
1355,13.816898460,18.745863,16.669019,7,9512.5695,238.0753,85.7500,6.0864,-0.0000,0.0000,1117.6260,1117.6260,4,47.7500,325.4221,0.000,0.000,1,0,0,100.0000,0,1,73.000,60,1,3102347264
1356,13.833609659,16.711199,16.669028,7,9530.7238,240.0110,85.7500,6.0864,-0.0000,0.0000,1095.2777,1095.2777,4,47.7500,353.5117,0.000,0.000,1,0,0,100.0000,0,1,73.000,60,1,3102371840
1357,13.851532594,17.922935,16.667727,7,9548.5073,241.9072,85.7500,6.0864,-0.0000,0.0000,1072.9872,1072.9872,4,47.7500,21.0375,0.000,0.000,1,0,0,100.0000,0,1,73.000,60,1,3102371840
1358,13.869183422,17.650828,16.718509,7,9565.9742,243.7697,85.7500,6.0864,-0.0000,0.0000,1050.6847,1050.6847,4,47.7500,48.0852,0.000,0.000,1,0,0,100.0000,0,1,73.000,60,1,3102396416
1359,13.880810782,11.627360,16.668529,7,9583.0212,245.5874,85.7500,6.0864,-0.0000,0.0000,1028.5045,1028.5045,4,47.7500,74.4916,0.000,0.000,1,0,0,100.0000,0,1,73.000,60,1,3102420992
1360,13.896953289,16.142507,16.668287,7,9599.7013,247.3660,85.7500,6.0864,-0.0000,0.0000,1006.3801,1006.3801,4,47.7500,100.3401,0.000,0.000,1,0,0,100.0000,0,1,73.000,60,1,3102449664
1361,13.913500174,16.546885,16.667718,7,9616.0150,249.1055,85.7500,6.0864,-0.0000,0.0000,984.3118,984.3117,4,47.7500,125.6318,0.000,0.000,1,0,0,100.0000,0,1,73.000,60,1,3102449664
1362,13.933439863,19.939689,16.668258,7,9631.9644,250.8062,85.7500,6.0864,-0.0000,0.0000,962.2979,962.2979,4,47.7500,150.3696,0.000,0.000,1,0,0,100.0000,0,1,73.000,60,1,3102474240
1363,13.952536463,19.096600,16.668948,7,9647.5505,252.4681,85.7500,6.0864,-0.0000,0.0000,940.3381,940.3382,4,47.7500,174.5552,0.000,0.000,1,0,0,100.0000,0,1,73.000,60,1,3102498816
1364,13.968756261,16.219798,16.668468,7,9662.7731,254.0912,85.7500,6.0864,-0.0000,0.0000,918.4339,918.4339,4,47.7500,198.1882,0.000,0.000,1,0,0,100.0000,0,1,73.000,60,1,3102523392
1365,13.984614971,15.858710,16.668698,7,9677.6338,255.6758,85.7500,6.0864,-0.0000,0.0000,896.5842,896.5842,4,47.7500,221.2710,0.000,0.000,1,0,0,100.0000,0,1,73.000,60,1,3102552064
1366,14.000962312,16.347341,16.668137,7,9692.1327,257.2218,85.7500,6.0864,-0.0000,0.0000,874.7899,874.7898,4,47.7500,243.8039,0.000,0.000,1,0,0,100.0000,0,1,73.000,60,1,3102552064
1367,14.016680770,15.718458,16.667329,7,9706.2706,258.7293,85.7500,6.0864,-0.0000,0.0000,853.0510,853.0510,4,47.7500,265.7881,0.000,0.000,1,0,0,100.0000,0,1,73.000,60,1,3102576640
1368,14.033269625,16.588855,16.669128,7,9720.0506,260.1987,85.7500,6.0864,-0.0000,0.0000,831.3642,831.3642,4,47.7500,287.2281,0.000,0.000,1,0,0,100.0000,0,1,73.000,60,1,3102601216
1369,14.051889036,18.619411,16.668227,7,9733.4714,261.6297,85.7500,6.0864,-0.0000,0.0000,809.7328,809.7328,4,47.7500,308.1221,0.000,0.000,1,0,0,100.0000,0,1,73.000,60,1,3102625792
1370,14.066567331,14.678295,16.669239,7,9746.5352,263.0227,85.7500,6.0864,-0.0000,0.0000,788.1541,788.1541,4,47.7500,328.4736,0.000,0.000,1,0,0,100.0000,0,1,73.000,60,1,3102650368
1371,14.085460847,18.893516,16.668898,7,9759.2421,264.3776,85.7500,6.0864,-0.0000,0.0000,766.6298,766.6298,4,47.7500,348.2823,0.000,0.000,1,0,0,100.0000,0,1,73.000,60,1,3102650368
1372,14.097510226,12.049379,16.668547,7,9771.5928,265.6945,85.7500,6.0864,-0.0000,0.0000,745.1599,745.1599,4,47.7500,7.5497,0.000,0.000,1,0,0,100.0000,0,1,73.000,60,1,3102674944
1373,14.113845476,16.335250,16.668788,7,9783.5887,266.9736,85.7500,6.0864,-0.0000,0.0000,723.7432,723.7432,4,47.7500,26.2777,0.000,0.000,1,0,0,100.0000,0,1,73.000,60,1,3102703616
1374,14.133535639,19.690163,16.668519,7,9795.2304,268.2150,85.7500,6.0864,-0.0000,0.0000,702.3805,702.3805,4,47.7500,44.4672,0.000,0.000,1,0,0,100.0000,0,1,73.000,60,1,3102728192
1375,14.151814661,18.279022,16.667287,7,9806.5180,269.4186,85.7500,6.0864,-0.0000,0.0000,681.0728,681.0728,4,47.7500,62.1185,0.000,0.000,1,0,0,100.0000,0,1,73.000,60,1,3102752768
1376,14.164353230,12.538569,16.669138,7,9817.4546,270.5847,85.7500,6.0864,-0.0000,0.0000,659.8159,659.8159,4,47.7500,79.2362,0.000,0.000,1,0,0,100.0000,0,1,73.000,60,1,3102752768
1377,14.180845385,16.492155,16.668508,7,9828.0393,271.7133,85.7500,6.0864,-0.0000,0.0000,638.6130,638.6130,4,47.7500,95.8190,0.000,0.000,1,0,0,100.0000,0,1,73.000,60,1,3102777344
1378,14.201651932,20.806547,16.668478,7,9838.2735,272.8046,85.7500,6.0864,-0.0000,0.0000,617.4633,617.4632,4,47.7500,111.8690,0.000,0.000,1,0,0,100.0000,0,1,73.000,60,1,3102801920
1379,14.214236032,12.584100,16.668708,7,9848.1581,273.8586,85.7500,6.0864,-0.0000,0.0000,596.3660,596.3660,4,47.7500,127.3875,0.000,0.000,1,0,0,100.0000,0,1,73.000,60,1,3102826496
1380,14.232549125,18.313093,16.667668,7,9857.6933,274.8753,85.7500,6.0864,-0.0000,0.0000,575.3228,575.3228,4,47.7500,142.3750,0.000,0.000,1,0,0,100.0000,0,1,73.000,60,1,3102826496
1381,14.251566024,19.016899,16.668257,7,9866.8810,275.8550,85.7500,6.0864,-0.0000,0.0000,554.3315,554.3315,4,47.7500,156.8340,0.000,0.000,1,0,0,100.0000,0,1,73.000,60,1,3102851072
1382,14.263867118,12.301094,16.668049,7,9875.7215,276.7976,85.7500,6.0864,-0.0000,0.0000,533.3929,533.3929,4,47.7500,170.7654,0.000,0.000,1,0,0,100.0000,0,1,73.000,60,1,3102875648
1383,14.282689282,18.822164,16.667298,7,9884.2154,277.7033,85.7500,6.0864,-0.0000,0.0000,512.5076,512.5076,4,47.7500,184.1699,0.000,0.000,1,0,0,100.0000,0,1,73.000,60,1,3102904320
1384,14.301105757,18.416475,16.667247,7,9892.3641,278.5722,85.7500,6.0864,-0.0000,0.0000,491.6747,491.6747,4,47.7500,197.0495,0.000,0.000,1,0,0,100.0000,0,1,73.000,60,1,3102928896
1385,14.314139137,13.033380,16.667428,7,9900.1685,279.4044,85.7500,6.0864,-0.0000,0.0000,470.8935,470.8935,4,47.7500,209.4058,0.000,0.000,1,0,0,100.0000,0,1,73.000,60,1,3102928896
1386,14.332704986,18.565849,16.667509,7,9907.6293,280.1999,85.7500,6.0864,-0.0000,0.0000,450.1642,450.1643,4,47.7500,221.2398,0.000,0.000,1,0,0,100.0000,0,1,73.000,60,1,3102961664
1387,14.351447228,18.742242,16.668577,7,9914.7478,280.9589,85.7500,6.0864,-0.0000,0.0000,429.4855,429.4855,4,47.7500,232.5536,0.000,0.000,1,0,0,100.0000,0,1,73.000,60,1,3102986240
1388,14.363844955,12.397727,16.668308,7,9921.5244,281.6815,85.7500,6.0864,-0.0000,0.0000,408.8587,408.8587,4,47.7500,243.3475,0.000,0.000,1,0,0,100.0000,0,1,73.000,60,1,3103010816
1389,14.380777088,16.932133,16.668448,7,9927.9600,282.3677,85.7500,6.0864,-0.0000,0.0000,388.2834,388.2834,4,47.7500,253.6231,0.000,0.000,1,0,0,100.0000,0,1,73.000,60,1,3103010816
1390,14.397239601,16.462513,16.668258,7,9934.0554,283.0177,85.7500,6.0864,-0.0000,0.0000,367.7597,367.7597,4,47.7500,263.3815,0.000,0.000,1,0,0,100.0000,0,1,73.000,60,1,3103035392
1391,14.416331791,19.092190,16.667408,7,9939.8111,283.6314,85.7500,6.0864,-0.0000,0.0000,347.2884,347.2884,4,47.7500,272.6236,0.000,0.000,1,0,0,100.0000,0,1,73.000,60,1,3103064064
1392,14.434768598,18.436807,16.667278,7,9945.2284,284.2090,85.7500,6.0864,-0.0000,0.0000,326.8684,326.8684,4,47.7500,281.3512,0.000,0.000,1,0,0,100.0000,0,1,73.000,60,1,3103092736
1393,14.447306006,12.537408,16.667428,7,9950.3082,284.7507,85.7500,6.0864,-0.0000,0.0000,306.4994,306.4993,4,47.7500,289.5657,0.000,0.000,1,0,0,100.0000,0,1,73.000,60,1,3103121408
1394,14.466099660,18.793654,16.667648,7,9955.0513,285.2564,85.7500,6.0864,-0.0000,0.0000,286.1809,286.1809,4,47.7500,297.2684,0.000,0.000,1,0,0,100.0000,0,1,73.000,60,1,3103133696
1395,14.484443404,18.343744,16.667428,7,9959.4584,285.7264,85.7500,6.0864,-0.0000,0.0000,265.9135,265.9135,4,47.7500,304.4604,0.000,0.000,1,0,0,100.0000,0,1,73.000,60,1,3103158272
1396,14.497469573,13.026169,16.668647,7,9963.5307,286.1606,85.7500,6.0864,-0.0000,0.0000,245.6953,245.6953,4,47.7500,311.1435,0.000,0.000,1,0,0,100.0000,0,1,73.000,60,1,3103182848
1397,14.515935560,18.465987,16.667679,7,9967.2686,286.5592,85.7500,6.0864,-0.0000,0.0000,225.5289,225.5289,4,47.7500,317.3181,0.000,0.000,1,0,0,100.0000,0,1,73.000,60,1,3103207424
1398,14.533462776,17.527216,16.669168,7,9970.6733,286.9222,85.7500,6.0864,-0.0000,0.0000,205.4111,205.4111,4,47.7500,322.9865,0.000,0.000,1,0,0,100.0000,0,1,73.000,60,1,3103232000
1399,14.551458663,17.995887,16.667217,7,9973.7451,287.2497,85.7500,6.0864,-0.0000,0.0000,185.3459,185.3459,4,47.7500,328.1486,0.000,0.000,1,0,0,100.0000,0,1,73.000,60,1,3103256576
1400,14.564268868,12.810205,16.669628,7,9976.4855,287.5419,85.7500,6.0864,-0.0000,0.0000,165.3279,165.3279,4,47.7500,332.8071,0.000,0.000,1,0,0,100.0000,0,1,73.000,60,1,3103256576
1401,14.585842392,21.573524,16.668289,7,9978.8948,287.7988,85.7500,6.0864,-0.0000,0.0000,145.3617,145.3617,4,47.7500,336.9621,0.000,0.000,1,0,0,100.0000,0,1,73.000,60,1,3103281152
1402,14.600655200,14.812808,16.667887,7,9980.9739,288.0205,85.7500,6.0864,-0.0000,0.0000,125.4458,125.4458,4,47.7500,340.6153,0.000,0.000,1,0,0,100.0000,0,1,73.000,60,1,3103305728
1403,14.618017482,17.362282,16.668438,7,9982.7238,288.2071,85.7500,6.0864,-0.0000,0.0000,105.5791,105.5791,4,47.7500,343.7680,0.000,0.000,1,0,0,100.0000,0,1,73.000,60,1,3103330304
1404,14.634093158,16.075676,16.667488,7,9984.1783,288.3622,85.7500,6.0864,-0.0000,0.0000,87.7618,87.7618,4,47.7500,346.4213,0.000,0.000,1,0,0,100.0000,0,1,73.000,60,1,3103330304
1405,14.650342196,16.249038,16.667518,7,9985.3874,288.4911,85.7500,6.0864,-0.0000,0.0000,72.9512,72.9512,4,47.7500,348.6269,0.000,0.000,1,0,0,100.0000,0,1,73.000,60,1,3103354880
1406,14.667997636,17.655440,16.668698,7,9986.3925,288.5983,85.7500,6.0864,-0.0000,0.0000,60.6392,60.6392,4,47.7500,350.4603,0.000,0.000,1,0,0,100.0000,0,1,73.000,60,1,3103379456
1407,14.683989779,15.992143,16.668898,7,9987.2279,288.6874,85.7500,6.0864,-0.0000,0.0000,50.4050,50.4050,4,47.7500,351.9844,0.000,0.000,1,0,0,100.0000,0,1,73.000,60,1,3103404032
1408,14.699858090,15.868311,16.668757,7,9987.9224,288.7614,85.7500,6.0864,-0.0000,0.0000,41.8981,41.8981,4,47.7500,353.2512,0.000,0.000,1,0,0,100.0000,0,1,73.000,60,1,3103428608
1409,14.713860941,14.002851,16.668029,7,9988.4996,288.8230,85.7500,6.0864,-0.0000,0.0000,34.8272,34.8272,4,47.7500,354.3042,0.000,0.000,1,0,0,100.0000,0,1,73.000,60,1,3103428608
1410,14.733236476,19.375535,16.668738,7,9988.9795,288.8742,85.7500,6.0864,-0.0000,0.0000,28.9494,28.9494,4,47.7500,355.1795,0.000,0.000,1,0,0,100.0000,0,1,73.000,60,1,3103453184
1411,14.751553629,18.317153,16.667267,7,9989.3783,288.9167,85.7500,6.0864,-0.0000,0.0000,24.0640,24.0640,4,47.7500,355.9070,0.000,0.000,1,0,0,100.0000,0,1,73.000,60,1,3103477760
1412,14.768526494,16.972865,16.667978,7,9989.7098,288.9520,85.7500,6.0864,-0.0000,0.0000,20.0029,20.0029,4,47.7500,356.5117,0.000,0.000,1,0,0,100.0000,0,1,73.000,60,1,3103502336
1413,14.779940240,11.413746,16.668099,7,9989.9854,288.9814,85.7500,6.0864,-0.0000,0.0000,16.6271,16.6271,4,47.7500,357.0145,0.000,0.000,1,0,0,100.0000,0,1,73.000,60,1,3103502336
1414,14.797153509,17.213269,16.668387,7,9990.2145,289.0058,85.7500,6.0864,-0.0000,0.0000,13.8210,13.8210,4,47.7500,357.4323,0.000,0.000,1,0,0,100.0000,0,1,73.000,60,1,3103531008
1415,14.813519380,16.365871,16.667968,7,9990.4049,289.0261,85.7500,6.0864,-0.0000,0.0000,11.4885,11.4885,4,47.7500,357.7797,0.000,0.000,1,0,0,100.0000,0,1,73.000,60,1,3103555584
1416,14.832081649,18.562269,16.667419,7,9990.5631,289.0430,85.7500,6.0864,-0.0000,0.0000,9.5497,9.5497,4,47.7500,358.0684,0.000,0.000,1,0,0,100.0000,0,1,73.000,60,1,3103580160
1417,14.849880082,17.798433,16.667127,7,9990.6947,289.0571,85.7500,6.0864,-0.0000,0.0000,7.9382,7.9382,4,47.7500,358.3084,0.000,0.000,1,0,0,100.0000,0,1,73.000,60,1,3103604736
1418,14.871097647,21.217565,18.107418,7,9990.8114,289.0695,85.7500,6.0864,-0.0000,0.0000,6.4831,6.4831,4,47.7500,358.5251,0.000,0.000,1,0,0,100.0000,0,1,73.000,60,1,3103629312
1419,14.882026322,10.928675,16.888193,7,9990.9017,289.0791,85.7500,6.0864,-0.0000,0.0000,5.3746,5.3746,4,47.7500,358.6902,0.000,0.000,1,0,0,100.0000,0,1,73.000,60,1,3103629312
1420,14.898362832,16.336510,16.718210,7,9990.9759,289.0870,85.7500,6.0864,-0.0000,0.0000,4.4648,4.4648,4,47.7500,358.8257,0.000,0.000,1,0,0,100.0000,0,1,73.000,60,1,3103657984
1421,14.918545595,20.182763,16.668808,7,9991.0374,289.0936,85.7500,6.0864,-0.0000,0.0000,3.7113,3.7113,4,47.7500,358.9379,0.000,0.000,1,0,0,100.0000,0,1,73.000,60,1,3103694848
1422,14.936160534,17.614939,16.667977,7,9991.0886,289.0990,85.7500,6.0864,-0.0000,0.0000,3.0850,3.0850,4,47.7500,359.0312,0.000,0.000,1,0,0,100.0000,0,1,73.000,60,1,3103731712
1423,14.951654326,15.493792,16.667528,7,9991.1311,289.1036,85.7500,6.0864,-0.0000,0.0000,2.5643,2.5643,4,47.7500,359.1087,0.000,0.000,1,0,0,100.0000,0,1,73.000,60,1,3103739904
1424,14.968155751,16.501425,16.668549,7,9991.1664,289.1073,85.7500,6.0864,-0.0000,0.0000,2.1316,2.1316,4,47.7500,359.1731,0.000,0.000,1,0,0,100.0000,0,1,73.000,60,1,3103764480
1425,14.986234439,18.078688,16.668397,7,9991.1958,289.1105,85.7500,6.0864,-0.0000,0.0000,1.7718,1.7718,4,47.7500,359.2267,0.000,0.000,1,0,0,100.0000,0,1,73.000,60,1,3103789056
1426,15.001829855,15.595416,16.668798,7,9991.2202,289.1131,85.7500,6.0864,-0.0000,0.0000,1.4728,1.4728,4,47.7500,359.2712,0.000,0.000,1,0,0,100.0000,0,1,73.000,60,1,3103825920
1427,15.019922423,18.092568,16.667538,8,9991.2405,289.1152,85.7500,6.0864,-0.0000,0.0000,1.2242,1.2242,4,47.7500,359.3082,0.000,0.000,1,0,0,100.0000,0,1,73.000,60,1,3103850496
1428,15.035755423,15.833000,16.668958,8,9991.1229,289.1027,85.7500,6.0864,-0.0000,0.0000,-7.0949,7.0949,4,47.7500,359.3390,-1.000,0.000,0,0,0,100.0000,0,1,73.000,60,1,3103858688
1429,15.054200779,18.445356,16.667818,8,9990.8680,289.0755,85.7500,6.0864,-0.0000,0.0000,-15.3761,15.3761,4,47.7500,359.1607,-1.000,0.000,0,0,0,100.0000,0,1,73.000,60,1,3103883264
1430,15.069772754,15.571975,16.668678,8,9990.4765,289.0338,85.7500,6.0864,-0.0000,0.0000,-23.6205,23.6205,4,47.7500,358.7742,-1.000,0.000,0,0,0,100.0000,0,1,73.000,60,1,3103907840
1431,15.081678728,11.905974,16.667327,8,9989.9490,288.9775,85.7500,6.0864,-0.0000,0.0000,-31.8271,31.8271,4,47.7500,358.1806,-1.000,0.000,0,0,0,100.0000,0,1,73.000,60,1,3103936512
1432,15.100269838,18.591110,16.668619,8,9989.2861,288.9069,85.7500,6.0864,-0.0000,0.0000,-39.9975,39.9975,4,47.7500,357.3807,-1.000,0.000,0,0,0,100.0000,0,1,73.000,60,1,3103940608
1433,15.118739165,18.469327,16.668948,8,9988.4883,288.8218,85.7500,6.0864,-0.0000,0.0000,-48.1313,48.1313,4,47.7500,356.3755,-1.000,0.000,0,0,0,100.0000,0,1,73.000,60,1,3103965184
1434,15.135443683,16.704518,16.668227,8,9987.5564,288.7224,85.7500,6.0864,-0.0000,0.0000,-56.2282,56.2282,4,47.7500,355.1659,-1.000,0.000,0,0,0,100.0000,0,1,73.000,60,1,3103989760
1435,15.152366797,16.923114,16.668138,8,9986.4908,288.6088,85.7500,6.0864,-0.0000,0.0000,-64.2887,64.2887,4,47.7500,353.7527,-1.000,0.000,0,0,0,100.0000,0,1,73.000,60,1,3104018432
1436,15.169716589,17.349792,16.668689,8,9985.2923,288.4810,85.7500,6.0864,-0.0000,0.0000,-72.3132,72.3132,4,47.7500,352.1370,-1.000,0.000,0,0,0,100.0000,0,1,73.000,60,1,3104047104
1437,15.185561579,15.844990,16.668127,8,9983.9613,288.3391,85.7500,6.0864,-0.0000,0.0000,-80.3013,80.3013,4,47.7500,350.3196,-1.000,0.000,0,0,0,100.0000,0,1,73.000,60,1,3104047104
1438,15.202015343,16.453764,16.668178,8,9982.4986,288.1831,85.7500,6.0864,-0.0000,0.0000,-88.2536,88.2536,4,47.7500,348.3015,-1.000,0.000,0,0,0,100.0000,0,1,73.000,60,1,3104079872
1439,15.219510058,17.494715,16.668057,8,9980.9047,288.0132,85.7500,6.0864,-0.0000,0.0000,-96.1701,96.1701,4,47.7500,346.0835,-1.000,0.000,0,0,0,100.0000,0,1,73.000,60,1,3104104448
1440,15.232295823,12.785765,16.668909,8,9979.1800,287.8293,85.7500,6.0864,-0.0000,0.0000,-104.0513,104.0513,4,47.7500,343.6664,-1.000,0.000,0,0,0,100.0000,0,1,73.000,60,1,3104133120
1441,15.248718705,16.422882,16.668738,8,9977.3254,287.6315,85.7500,6.0864,-0.0000,0.0000,-111.8971,111.8971,4,47.7500,341.0513,-1.000,0.000,0,0,0,100.0000,0,1,73.000,60,1,3104137216
1442,15.268886779,20.168074,16.667067,8,9975.3414,287.4200,85.7500,6.0864,-0.0000,0.0000,-119.7068,119.7068,4,47.7500,338.2393,-1.000,0.000,0,0,0,100.0000,0,1,73.000,60,1,3104161792
1443,15.287140831,18.254052,16.667529,8,9973.2286,287.1947,85.7500,6.0864,-0.0000,0.0000,-127.4816,127.4816,4,47.7500,335.2310,-1.000,0.000,0,0,0,100.0000,0,1,73.000,60,1,3104186368
1444,15.303276097,16.135266,16.668918,8,9970.9873,286.9557,85.7500,6.0864,-0.0000,0.0000,-135.2221,135.2221,4,47.7500,332.0269,-1.000,0.000,0,0,0,100.0000,0,1,73.000,60,1,3104210944
1445,15.320455646,17.179549,16.668007,8,9968.6184,286.7031,85.7500,6.0864,-0.0000,0.0000,-142.9274,142.9274,4,47.7500,328.6286,-1.000,0.000,0,0,0,100.0000,0,1,73.000,60,1,3104235520
1446,15.335468808,15.013162,16.667788,8,9966.1224,286.4369,85.7500,6.0864,-0.0000,0.0000,-150.5980,150.5980,4,47.7500,325.0366,-1.000,0.000,0,0,0,100.0000,0,1,73.000,60,1,3104235520
1447,15.353182219,17.713411,16.667639,8,9963.4999,286.1573,85.7500,6.0864,-0.0000,0.0000,-158.2340,158.2340,4,47.7500,321.2519,-1.000,0.000,0,0,0,100.0000,0,1,73.000,60,1,3104260096
1448,15.369406587,16.224368,16.667537,8,9960.7514,285.8642,85.7500,6.0864,-0.0000,0.0000,-165.8356,165.8356,4,47.7500,317.2753,-1.000,0.000,0,0,0,100.0000,0,1,73.000,60,1,3104288768
1449,15.386752239,17.345652,17.122908,8,9957.7955,285.5491,85.7500,6.0864,-0.0000,0.0000,-173.6093,173.6093,4,47.7500,312.9938,-1.000,0.000,0,0,0,100.0000,0,1,73.000,60,1,3104317440
1450,15.402293854,15.541615,16.668968,8,9954.7930,285.2289,85.7500,6.0864,-0.0000,0.0000,-181.1424,181.1424,4,47.7500,308.6305,-1.000,0.000,0,0,0,100.0000,0,1,73.000,60,1,3104362496
1451,15.421630498,19.336644,16.668168,8,9951.6665,284.8955,85.7500,6.0864,-0.0000,0.0000,-188.6414,188.6414,4,47.7500,304.0780,-1.000,0.000,0,0,0,100.0000,0,1,73.000,60,1,3104387072
1452,15.432158275,10.527777,16.667508,8,9948.4163,284.5490,85.7500,6.0864,-0.0000,0.0000,-196.1063,196.1063,4,47.7500,299.3372,-1.000,0.000,0,0,0,100.0000,0,1,73.000,60,1,3104395264
1453,15.448983046,16.824771,16.668327,8,9945.0428,284.1893,85.7500,6.0864,-0.0000,0.0000,-203.5381,203.5381,4,47.7500,294.4087,-1.000,0.000,0,0,0,100.0000,0,1,73.000,60,1,3104428032
1454,15.466656295,17.673249,16.750540,8,9941.5288,283.8146,85.7500,6.0864,-0.0000,0.0000,-210.9728,210.9728,4,47.7500,289.2681,-1.000,0.000,0,0,0,100.0000,0,1,73.000,60,1,3104452608
1455,15.486118214,19.461919,16.667189,8,9937.9102,283.4287,85.7500,6.0864,-0.0000,0.0000,-218.3372,218.3372,4,47.7500,283.9662,-1.000,0.000,0,0,0,100.0000,0,1,73.000,60,1,3104477184
1456,15.503108349,16.990135,16.667177,8,9934.1702,283.0299,85.7500,6.0864,-0.0000,0.0000,-225.6685,225.6685,4,47.7500,278.4793,-1.000,0.000,0,0,0,100.0000,0,1,73.000,60,1,3104477184
1457,15.519525031,16.416682,16.668548,8,9930.3088,282.6182,85.7500,6.0864,-0.0000,0.0000,-232.9674,232.9674,4,47.7500,272.8077,-1.000,0.000,0,0,0,100.0000,0,1,73.000,60,1,3104509952
1458,15.537656590,18.131559,16.667318,8,9926.3274,282.1937,85.7500,6.0864,-0.0000,0.0000,-240.2330,240.2330,4,47.7500,266.9530,-1.000,0.000,0,0,0,100.0000,0,1,73.000,60,1,3104534528
1459,15.552686403,15.029813,16.668508,8,9922.2257,281.7563,85.7500,6.0864,-0.0000,0.0000,-247.4665,247.4665,4,47.7500,260.9154,-1.000,0.000,0,0,0,100.0000,0,1,73.000,60,1,3104559104
1460,15.571191151,18.504748,16.668708,8,9918.0047,281.3062,85.7500,6.0864,-0.0000,0.0000,-254.6675,254.6675,4,47.7500,254.6958,-1.000,0.000,0,0,0,100.0000,0,1,73.000,60,1,3104591872
1461,15.586607721,15.416570,16.667778,8,9913.6650,280.8435,85.7500,6.0864,-0.0000,0.0000,-261.8358,261.8357,4,47.7500,248.2957,-1.000,0.000,0,0,0,100.0000,0,1,73.000,60,1,3104591872
1462,15.603474274,16.866553,16.668697,8,9909.2069,280.3681,85.7500,6.0864,-0.0000,0.0000,-268.9722,268.9722,4,47.7500,241.7150,-1.000,0.000,0,0,0,100.0000,0,1,73.000,60,1,3104616448
1463,15.615938372,12.464098,16.667729,8,9904.6313,279.8802,85.7500,6.0864,-0.0000,0.0000,-276.0761,276.0761,4,47.7500,234.9554,-1.000,0.000,0,0,0,100.0000,0,1,73.000,60,1,3104522240
1464,15.633671212,17.732840,16.667128,8,9899.9386,279.3799,85.7500,6.0864,-0.0000,0.0000,-283.1478,283.1478,4,47.7500,228.0175,-1.000,0.000,0,0,0,100.0000,0,1,73.000,60,1,3104546816
1465,15.653139110,19.467898,16.668687,8,9895.1288,278.8670,85.7500,6.0864,-0.0000,0.0000,-290.1884,290.1884,4,47.7500,220.9012,-1.000,0.000,0,0,0,100.0000,0,1,73.000,60,1,3104546816
1466,15.669530782,16.391672,16.668198,8,9890.2030,278.3418,85.7500,6.0864,-0.0000,0.0000,-297.1971,297.1972,4,47.7500,213.6082,-1.000,0.000,0,0,0,100.0000,0,1,73.000,60,1,3104571392
1467,15.685750540,16.219758,16.668149,8,9885.1616,277.8042,85.7500,6.0864,-0.0000,0.0000,-304.1744,304.1744,4,47.7500,206.1390,-1.000,0.000,0,0,0,100.0000,0,1,73.000,60,1,3104595968
1468,15.703314108,17.563568,16.667147,8,9880.0053,277.2544,85.7500,6.0864,-0.0000,0.0000,-311.1198,311.1198,4,47.7500,198.4950,-1.000,0.000,0,0,0,100.0000,0,1,73.000,60,1,3104620544
1469,15.720682600,17.368492,16.667978,8,9874.7342,276.6924,85.7500,6.0864,-0.0000,0.0000,-318.0344,318.0344,4,47.7500,190.6760,-1.000,0.000,0,0,0,100.0000,0,1,73.000,60,1,3104645120
1470,15.735637791,14.955191,16.667199,8,9869.3493,276.1182,85.7500,6.0864,-0.0000,0.0000,-324.9175,324.9175,4,47.7500,182.6837,-1.000,0.000,0,0,0,100.0000,0,1,73.000,60,1,3104645120
1471,15.752575385,16.937594,16.667737,8,9863.8506,275.5318,85.7500,6.0864,-0.0000,0.0000,-331.7700,331.7700,4,47.7500,174.5180,-1.000,0.000,0,0,0,100.0000,0,1,73.000,60,1,3104669696
1472,15.769575320,16.999935,16.668388,8,9858.2386,274.9335,85.7500,6.0864,-0.0000,0.0000,-338.5919,338.5919,4,47.7500,166.1799,-1.000,0.000,0,0,0,100.0000,0,1,73.000,60,1,3104694272
1473,15.785804158,16.228838,16.668528,8,9852.5140,274.3230,85.7500,6.0864,-0.0000,0.0000,-345.3831,345.3831,4,47.7500,157.6702,-1.000,0.000,0,0,0,100.0000,0,1,73.000,60,1,3104718848
1474,15.802351794,16.547636,16.667998,8,9846.6776,273.7007,85.7500,6.0864,-0.0000,0.0000,-352.1437,352.1437,4,47.7500,148.9901,-1.000,0.000,0,0,0,100.0000,0,1,73.000,60,1,3104743424
1475,15.820450863,18.099069,16.668418,8,9840.7294,273.0665,85.7500,6.0864,-0.0000,0.0000,-358.8740,358.8740,4,47.7500,140.1399,-1.000,0.000,0,0,0,100.0000,0,1,73.000,60,1,3104743424
1476,15.837308165,16.857302,16.667828,8,9834.6705,272.4204,85.7500,6.0864,-0.0000,0.0000,-365.5738,365.5738,4,47.7500,131.1209,-1.000,0.000,0,0,0,100.0000,0,1,73.000,60,1,3104768000
1477,15.853638455,16.330290,16.669127,8,9828.5005,271.7625,85.7500,6.0864,-0.0000,0.0000,-372.2440,372.2440,4,47.7500,121.9328,-1.000,0.000,0,0,0,100.0000,0,1,73.000,60,1,3104796672
1478,15.870018748,16.380293,16.668939,8,9822.2205,271.0929,85.7500,6.0864,-0.0000,0.0000,-378.8842,378.8842,4,47.7500,112.5771,-1.000,0.000,0,0,0,100.0000,0,1,73.000,60,1,3104821248
1479,15.886863139,16.844391,16.667948,8,9815.8313,270.4116,85.7500,6.0864,-0.0000,0.0000,-385.4941,385.4941,4,47.7500,103.0551,-1.000,0.000,0,0,0,100.0000,0,1,73.000,60,1,3104845824
1480,15.902768990,15.905851,16.668477,8,9809.3328,269.7187,85.7500,6.0864,-0.0000,0.0000,-392.0746,392.0745,4,47.7500,93.3667,-1.000,0.000,0,0,0,100.0000,0,1,73.000,60,1,3104845824
1481,15.919716334,16.947344,16.667188,8,9802.7263,269.0143,85.7500,6.0864,-0.0000,0.0000,-398.6249,398.6249,4,47.7500,83.5137,-1.000,0.000,0,0,0,100.0000,0,1,73.000,60,1,3104874496
1482,15.935695387,15.979053,16.667068,8,9796.0118,268.2983,85.7500,6.0864,-0.0000,0.0000,-405.1457,405.1457,4,47.7500,73.4961,-1.000,0.000,0,0,0,100.0000,0,1,73.000,60,1,3104899072
1483,15.952121781,16.426394,16.668198,8,9789.1892,267.5708,85.7500,6.0864,-0.0000,0.0000,-411.6377,411.6377,4,47.7500,63.3139,-1.000,0.000,0,0,0,100.0000,0,1,73.000,60,1,3104927744
1484,15.970005954,17.884173,16.668208,8,9782.2595,266.8319,85.7500,6.0864,-0.0000,0.0000,-418.1005,418.1005,4,47.7500,52.9687,-1.000,0.000,0,0,0,100.0000,0,1,73.000,60,1,3104931840
1485,15.986576640,16.570686,16.667997,8,9775.2233,266.0816,85.7500,6.0864,-0.0000,0.0000,-424.5341,424.5341,4,47.7500,42.4611,-1.000,0.000,0,0,0,100.0000,0,1,73.000,60,1,3104964608
1486,16.003398371,16.821731,16.668719,8,9768.0806,265.3200,85.7500,6.0864,-0.0000,0.0000,-430.9391,430.9391,4,47.7500,31.7913,-1.000,0.000,0,0,0,100.0000,0,1,73.000,60,1,3104997376
1487,16.019569869,16.171498,16.667278,8,9760.8328,264.5472,85.7500,6.0864,-0.0000,0.0000,-437.3148,437.3148,4,47.7500,20.9615,-1.000,0.000,0,0,0,100.0000,0,1,73.000,60,1,3105034240
1488,16.035745526,16.175657,16.668377,8,9753.4794,263.7631,85.7500,6.0864,-0.0000,0.0000,-443.6622,443.6622,4,47.7500,9.9708,-1.000,0.000,0,0,0,100.0000,0,1,73.000,60,1,3105062912
1489,16.052224970,16.479444,16.669049,8,9746.0209,262.9678,85.7500,6.0864,-0.0000,0.0000,-449.9814,449.9813,4,47.7500,-1.1799,-1.000,0.000,0,0,0,100.0000,0,1,73.000,60,1,3105062912
1490,16.070694606,18.469636,16.667668,8,9738.4588,262.1615,85.7500,6.0864,-0.0000,0.0000,-456.2715,456.2716,4,47.7500,-12.4885,-1.000,0.000,0,0,0,100.0000,0,1,73.000,60,1,3105091584
1491,16.086479185,15.784579,16.668717,8,9730.7924,261.3440,85.7500,6.0864,-0.0000,0.0000,-462.5339,462.5339,4,47.7500,-23.9559,-1.000,0.000,0,0,0,100.0000,0,1,73.000,60,1,3112292352
1492,16.104326699,17.847514,16.668308,8,9723.0229,260.5156,85.7500,6.0864,-0.0000,0.0000,-468.7679,468.7679,4,47.7500,-35.5804,-1.000,0.000,0,0,0,100.0000,0,1,73.000,60,1,3102924800
1493,16.116495320,12.168621,16.667539,8,9715.1508,259.6762,85.7500,6.0864,-0.0000,0.0000,-474.9736,474.9736,4,47.7500,-47.3610,-1.000,0.000,0,0,0,100.0000,0,1,73.000,60,1,3102924800
1494,16.132800620,16.305300,16.702037,8,9707.1597,258.8241,85.7500,6.0864,-0.0000,0.0000,-481.1642,481.1642,4,47.7500,-59.3223,-1.000,0.000,0,0,0,100.0000,0,1,73.000,60,1,3102937088
1495,16.151594704,18.794084,16.668359,8,9699.0828,257.9629,85.7500,6.0864,-0.0000,0.0000,-487.3145,487.3145,4,47.7500,-71.4150,-1.000,0.000,0,0,0,100.0000,0,1,73.000,60,1,3102937088
1496,16.169399166,17.804462,16.667858,8,9690.9046,257.0909,85.7500,6.0864,-0.0000,0.0000,-493.4370,493.4370,4,47.7500,-83.6620,-1.000,0.000,0,0,0,100.0000,0,1,73.000,60,1,3102937088
1497,16.185562653,16.163487,16.669417,8,9682.6246,256.2080,85.7500,6.0864,-0.0000,0.0000,-499.5325,499.5325,4,47.7500,-96.0640,-1.000,0.000,0,0,0,100.0000,0,1,73.000,60,1,3102949376
1498,16.202137689,16.575036,16.668279,8,9674.2446,255.3144,85.7500,6.0864,-0.0000,0.0000,-505.6002,505.6002,4,47.7500,-108.6183,-1.000,0.000,0,0,0,100.0000,0,1,73.000,60,1,3102949376
1499,16.219364299,17.226610,16.668278,8,9665.7645,254.4102,85.7500,6.0864,-0.0000,0.0000,-511.6405,511.6405,4,47.7500,-121.3251,-1.000,0.000,0,0,0,100.0000,0,1,73.000,60,1,3102949376
1500,16.236669660,17.305361,16.668987,8,9657.1844,253.4953,85.7500,6.0864,-0.0000,0.0000,-517.6541,517.6541,4,47.7500,-134.1843,-1.000,0.000,0,0,0,100.0000,0,1,73.000,60,1,3102953472
1501,16.252448169,15.778509,16.668738,8,9648.5052,252.5699,85.7500,6.0864,-0.0000,0.0000,-523.6404,523.6404,4,47.7500,-147.1944,-1.000,0.000,0,0,0,100.0000,0,1,73.000,60,1,3102961664
1502,16.269702520,17.254351,16.668359,8,9639.7274,251.6339,85.7500,6.0864,-0.0000,0.0000,-529.5997,529.5998,4,47.7500,-160.3547,-1.000,0.000,0,0,0,100.0000,0,1,73.000,60,1,3102961664
1503,16.286355628,16.653108,16.668747,8,9630.8510,250.6874,85.7500,6.0864,-0.0000,0.0000,-535.5324,535.5324,4,47.7500,-173.6651,-1.000,0.000,0,0,0,100.0000,0,1,73.000,60,1,3102961664
1504,16.303149948,16.794320,16.667038,8,9621.8777,249.7306,85.7500,6.0864,-0.0000,0.0000,-541.4379,541.4378,4,47.7500,-187.1231,-1.000,0.000,0,0,0,100.0000,0,1,73.000,60,1,3102961664
1505,16.318701922,15.551974,16.668688,8,9612.8061,248.7633,85.7500,6.0864,-0.0000,0.0000,-547.3173,547.3173,4,47.7500,-200.7310,-1.000,0.000,0,0,0,100.0000,0,1,73.000,60,1,3102969856
1506,16.335723338,17.021416,16.667488,8,9603.6381,247.7858,85.7500,6.0864,-0.0000,0.0000,-553.1699,553.1699,4,47.7500,-214.4856,-1.000,0.000,0,0,0,100.0000,0,1,73.000,60,1,3102973952
1507,16.352667361,16.944023,16.668788,8,9594.3729,246.7978,85.7500,6.0864,-0.0000,0.0000,-558.9966,558.9966,4,47.7500,-228.3884,-1.000,0.000,0,0,0,100.0000,0,1,73.000,60,1,3103031296
1508,16.370821411,18.154050,16.667128,8,9585.0124,245.7997,85.7500,6.0864,-0.0000,0.0000,-564.7966,564.7966,4,47.7500,-242.4362,-1.000,0.000,0,0,0,100.0000,0,1,73.000,60,1,3103031296
1509,16.382995092,12.173681,16.669387,8,9575.5549,244.7913,85.7500,6.0864,-0.0000,0.0000,-570.5712,570.5712,4,47.7500,-256.6317,-1.000,0.000,0,0,0,100.0000,0,1,73.000,60,1,3103035392
1510,16.401507310,18.512218,16.667539,8,9566.0032,243.7728,85.7500,6.0864,-0.0000,0.0000,-576.3193,576.3193,4,47.7500,-270.9707,-1.000,0.000,0,0,0,100.0000,0,1,73.000,60,1,3102515200
1511,16.419709401,18.202091,16.668098,8,9556.3564,242.7442,85.7500,6.0864,-0.0000,0.0000,-582.0418,582.0418,4,47.7500,-285.4547,-1.000,0.000,0,0,0,100.0000,0,1,73.000,60,1,3102515200
1512,16.436997932,17.288531,16.667437,8,9546.6155,241.7055,85.7500,6.0864,-0.0000,0.0000,-587.7383,587.7383,4,47.7500,-300.0819,-1.000,0.000,0,0,0,100.0000,0,1,73.000,60,1,3102515200
1513,16.453632260,16.634328,16.668999,8,9536.7797,240.6568,85.7500,6.0864,-0.0000,0.0000,-593.4097,593.4097,4,47.7500,-314.8537,-1.000,0.000,0,0,0,100.0000,0,1,73.000,60,1,3102515200
1514,16.466512786,12.880526,16.667538,8,9526.8512,239.5981,85.7500,6.0864,-0.0000,0.0000,-599.0551,599.0551,4,47.7500,-329.7667,-1.000,0.000,0,0,0,100.0000,0,1,73.000,60,1,3102515200
1515,16.482653993,16.141207,16.669267,8,9516.8286,238.5294,85.7500,6.0864,-0.0000,0.0000,-604.6757,604.6757,4,47.7500,-344.8231,-1.000,0.000,0,0,0,100.0000,0,1,73.000,60,1,3102515200
1516,16.502083010,19.429017,16.668848,8,9506.7134,237.4508,85.7500,6.0864,-0.0000,0.0000,-610.2709,610.2709,4,47.7500,-0.0204,-1.000,0.000,0,0,0,100.0000,0,1,73.000,60,1,3102515200
1517,16.518267938,16.184928,16.668559,9,9496.5061,236.3624,85.7500,6.0864,-0.0000,0.0000,-615.8409,615.8409,4,47.7500,-15.3581,-1.000,0.000,0,0,0,100.0000,0,1,73.000,60,1,3102515200
1518,16.534355763,16.087825,16.668167,9,9486.6486,235.3114,85.7500,6.0864,-0.0000,0.0000,-594.7484,594.7484,4,47.7500,-30.8354,0.000,0.000,1,0,0,100.0000,0,1,73.000,60,1,3102523392
1519,16.551113242,16.757479,16.667138,9,9477.1404,234.2975,85.7500,6.0864,-0.0000,0.0000,-573.7100,573.7100,4,47.7500,-45.7817,0.000,0.000,1,0,0,100.0000,0,1,73.000,60,1,3102543872
1520,16.568010455,16.897213,16.668448,9,9467.9793,233.3207,85.7500,6.0864,-0.0000,0.0000,-552.7225,552.7225,4,47.7500,-60.2004,0.000,0.000,1,0,0,100.0000,0,1,73.000,60,1,3102543872
1521,16.582389895,14.379440,16.668798,9,9459.1650,232.3808,85.7500,6.0864,-0.0000,0.0000,-531.7870,531.7870,4,47.7500,-74.0920,0.000,0.000,1,0,0,100.0000,0,1,73.000,60,1,3102543872
1522,16.600587745,18.197850,16.667608,9,9450.6974,231.4779,85.7500,6.0864,-0.0000,0.0000,-510.9054,510.9054,4,47.7500,-87.4564,0.000,0.000,1,0,0,100.0000,0,1,73.000,60,1,3102543872
1523,16.619276687,18.688942,16.668768,9,9442.5745,230.6118,85.7500,6.0864,-0.0000,0.0000,-490.0745,490.0745,4,47.7500,-100.2969,0.000,0.000,1,0,0,100.0000,0,1,73.000,60,1,3102556160
1524,16.636425785,17.149098,16.668867,9,9434.7960,229.7824,85.7500,6.0864,-0.0000,0.0000,-469.2955,469.2955,4,47.7500,-112.6140,0.000,0.000,1,0,0,100.0000,0,1,73.000,60,1,3102556160
1525,16.654012642,17.586857,16.667649,9,9427.3616,228.9897,85.7500,6.0864,-0.0000,0.0000,-448.5701,448.5701,4,47.7500,-124.4080,0.000,0.000,1,0,0,100.0000,0,1,73.000,60,1,3102564352
1526,16.670440076,16.427434,16.668488,9,9420.2694,228.2334,85.7500,6.0864,-0.0000,0.0000,-427.8954,427.8954,4,47.7500,-135.6816,0.000,0.000,1,0,0,100.0000,0,1,73.000,60,1,3102564352
1527,16.686150512,15.710436,16.668427,9,9413.5191,227.5137,85.7500,6.0864,-0.0000,0.0000,-407.2725,407.2725,4,47.7500,-146.4357,0.000,0.000,1,0,0,100.0000,0,1,73.000,60,1,3102564352
1528,16.702464133,16.313621,16.668129,9,9407.1098,226.8302,85.7500,6.0864,-0.0000,0.0000,-386.7015,386.7015,4,47.7500,-156.6712,0.000,0.000,1,0,0,100.0000,0,1,73.000,60,1,3102564352
1529,16.720604973,18.140840,16.668178,9,9401.0406,226.1831,85.7500,6.0864,-0.0000,0.0000,-366.1819,366.1819,4,47.7500,-166.3898,0.000,0.000,1,0,0,100.0000,0,1,73.000,60,1,3102568448
1530,16.736177356,15.572383,16.668287,9,9395.3107,225.5721,85.7500,6.0864,-0.0000,0.0000,-345.7135,345.7135,4,47.7500,-175.5927,0.000,0.000,1,0,0,100.0000,0,1,73.000,60,1,3102568448
1531,16.752799164,16.621808,16.667498,9,9389.9193,224.9973,85.7500,6.0864,-0.0000,0.0000,-325.2972,325.2972,4,47.7500,-184.2809,0.000,0.000,1,0,0,100.0000,0,1,73.000,60,1,3102568448
1532,16.769127454,16.328290,16.668259,9,9384.8653,224.4584,85.7500,6.0864,-0.0000,0.0000,-304.9310,304.9310,4,47.7500,-192.4563,0.000,0.000,1,0,0,100.0000,0,1,73.000,60,1,3102568448
1533,16.785993066,16.865612,16.667237,9,9380.1483,223.9554,85.7500,6.0864,-0.0000,0.0000,-284.6170,284.6170,4,47.7500,-200.1194,0.000,0.000,1,0,0,100.0000,0,1,73.000,60,1,3102744576
1534,16.802486801,16.493735,16.668858,9,9375.7667,223.4882,85.7500,6.0864,-0.0000,0.0000,-264.3518,264.3518,4,47.7500,-207.2727,0.000,0.000,1,0,0,100.0000,0,1,73.000,60,1,3102760960
1535,16.821452818,18.966017,16.667498,9,9371.7204,223.0567,85.7500,6.0864,-0.0000,0.0000,-244.1389,244.1389,4,47.7500,-213.9161,0.000,0.000,1,0,0,100.0000,0,1,73.000,60,1,3102789632
1536,16.836168904,14.716086,16.667338,9,9368.0084,222.6609,85.7500,6.0864,-0.0000,0.0000,-223.9767,223.9767,4,47.7500,-220.0515,0.000,0.000,1,0,0,100.0000,0,1,73.000,60,1,3102789632
1537,16.853018936,16.850032,16.668198,9,9364.6295,222.3006,85.7500,6.0864,-0.0000,0.0000,-203.8640,203.8640,4,47.7500,-225.6805,0.000,0.000,1,0,0,100.0000,0,1,73.000,60,1,3102814208
1538,16.869572632,16.553696,16.667378,9,9361.5832,221.9758,85.7500,6.0864,-0.0000,0.0000,-183.8024,183.8024,4,47.7500,-230.8037,0.000,0.000,1,0,0,100.0000,0,1,73.000,60,1,3102851072
1539,16.886194658,16.622026,16.667247,9,9358.8687,221.6864,85.7500,6.0864,-0.0000,0.0000,-163.7912,163.7912,4,47.7500,-235.4228,0.000,0.000,1,0,0,100.0000,0,1,73.000,60,1,3102875648
1540,16.904165974,17.971316,16.667139,9,9356.4849,221.4322,85.7500,6.0864,-0.0000,0.0000,-143.8302,143.8302,4,47.7500,-239.5389,0.000,0.000,1,0,0,100.0000,0,1,73.000,60,1,3102900224
1541,16.919603566,15.437592,16.668638,9,9354.4311,221.2132,85.7500,6.0864,-0.0000,0.0000,-123.9173,123.9173,4,47.7500,-243.1538,0.000,0.000,1,0,0,100.0000,0,1,73.000,60,1,3102904320
1542,16.932476072,12.872506,16.668817,9,9352.7064,221.0293,85.7500,6.0864,-0.0000,0.0000,-104.0539,104.0539,4,47.7500,-246.2682,0.000,0.000,1,0,0,100.0000,0,1,73.000,60,1,3102928896
1543,16.952318818,19.842746,16.667958,9,9351.2728,220.8764,85.7500,6.0864,-0.0000,0.0000,-86.4935,86.4935,4,47.7500,-248.8832,0.000,0.000,1,0,0,100.0000,0,1,73.000,60,1,3102953472
1544,16.970742804,18.423986,16.668779,9,9350.0812,220.7494,85.7500,6.0864,-0.0000,0.0000,-71.8959,71.8958,4,47.7500,-251.0571,0.000,0.000,1,0,0,100.0000,0,1,73.000,60,1,3102990336
1545,16.986879490,16.136686,16.668797,9,9349.0906,220.6437,85.7500,6.0864,-0.0000,0.0000,-59.7619,59.7619,4,47.7500,-252.8640,0.000,0.000,1,0,0,100.0000,0,1,73.000,60,1,3103014912
1546,16.999302787,12.423297,16.667398,9,9348.2673,220.5560,85.7500,6.0864,-0.0000,0.0000,-49.6766,49.6766,4,47.7500,-254.3659,0.000,0.000,1,0,0,100.0000,0,1,73.000,60,1,3103014912
1547,17.016230490,16.927703,16.667718,9,9347.5829,220.4830,85.7500,6.0864,-0.0000,0.0000,-41.2932,41.2932,4,47.7500,-255.6143,0.000,0.000,1,0,0,100.0000,0,1,73.000,60,1,3103039488
1548,17.032520051,16.289561,16.667448,9,9347.0141,220.4223,85.7500,6.0864,-0.0000,0.0000,-34.3246,34.3246,4,47.7500,-256.6521,0.000,0.000,1,0,0,100.0000,0,1,73.000,60,1,3103064064
1549,17.052595732,20.075681,16.667468,9,9346.5412,220.3719,85.7500,6.0864,-0.0000,0.0000,-28.5321,28.5321,4,47.7500,-257.5147,0.000,0.000,1,0,0,100.0000,0,1,73.000,60,1,3103088640
1550,17.068609876,16.014144,16.667418,9,9346.1481,220.3300,85.7500,6.0864,-0.0000,0.0000,-23.7171,23.7171,4,47.7500,-258.2317,0.000,0.000,1,0,0,100.0000,0,1,73.000,60,1,3103100928
1551,17.085837985,17.228109,16.667468,9,9345.8214,220.2952,85.7500,6.0864,-0.0000,0.0000,-19.7146,19.7146,4,47.7500,-258.8278,0.000,0.000,1,0,0,100.0000,0,1,73.000,60,1,3103133696
1552,17.102711608,16.873623,16.668518,9,9345.5498,220.2662,85.7500,6.0864,-0.0000,0.0000,-16.3874,16.3874,4,47.7500,-259.3232,0.000,0.000,1,0,0,100.0000,0,1,73.000,60,1,3103178752
1553,17.120487730,17.776122,16.668908,9,9345.3240,220.2421,85.7500,6.0864,-0.0000,0.0000,-13.6217,13.6217,4,47.7500,-259.7351,0.000,0.000,1,0,0,100.0000,0,1,73.000,60,1,3103203328
1554,17.132633200,12.145470,16.666987,9,9345.1363,220.2221,85.7500,6.0864,-0.0000,0.0000,-11.3230,11.3230,4,47.7500,-260.0774,0.000,0.000,1,0,0,100.0000,0,1,73.000,60,1,3103203328
1555,17.152224471,19.591271,16.667269,9,9344.9803,220.2055,85.7500,6.0864,-0.0000,0.0000,-9.4121,9.4121,4,47.7500,-260.3620,0.000,0.000,1,0,0,100.0000,0,1,73.000,60,1,3103236096
1556,17.171014784,18.790313,16.668668,9,9344.8507,220.1916,85.7500,6.0864,-0.0000,0.0000,-7.8237,7.8237,4,47.7500,-260.5985,0.000,0.000,1,0,0,100.0000,0,1,73.000,60,1,3103272960
1557,17.186286462,15.271678,16.667397,9,9344.7429,220.1802,85.7500,6.0864,-0.0000,0.0000,-6.5034,6.5034,4,47.7500,-260.7951,0.000,0.000,1,0,0,100.0000,0,1,73.000,60,1,3103297536
1558,17.199499347,13.212885,16.668068,9,9344.6533,220.1706,85.7500,6.0864,-0.0000,0.0000,-5.4058,5.4058,4,47.7500,-260.9586,0.000,0.000,1,0,0,100.0000,0,1,73.000,60,1,3103297536
1559,17.217423870,17.924523,16.668269,9,9344.5788,220.1627,85.7500,6.0864,-0.0000,0.0000,-4.4935,4.4935,4,47.7500,-261.0945,0.000,0.000,1,0,0,100.0000,0,1,73.000,60,1,3103322112
1560,17.236440219,19.016349,16.667847,9,9344.5169,220.1561,85.7500,6.0864,-0.0000,0.0000,-3.7352,3.7352,4,47.7500,-261.2074,0.000,0.000,1,0,0,100.0000,0,1,73.000,60,1,3103350784
1561,17.254211841,17.771622,16.669348,9,9344.4654,220.1506,85.7500,6.0864,-0.0000,0.0000,-3.1048,3.1048,4,47.7500,-261.3012,0.000,0.000,1,0,0,100.0000,0,1,73.000,60,1,3103375360
1562,17.270179124,15.967283,16.667387,9,9344.4227,220.1460,85.7500,6.0864,-0.0000,0.0000,-2.5808,2.5808,4,47.7500,-261.3793,0.000,0.000,1,0,0,100.0000,0,1,73.000,60,1,3103399936
1563,17.282704963,12.525839,16.667819,9,9344.3871,220.1422,85.7500,6.0864,-0.0000,0.0000,-2.1453,2.1453,4,47.7500,-261.4441,0.000,0.000,1,0,0,100.0000,0,1,73.000,60,1,3103399936
1564,17.300326691,17.621728,16.668658,9,9344.3575,220.1391,85.7500,6.0864,-0.0000,0.0000,-1.7832,1.7832,4,47.7500,-261.4980,0.000,0.000,1,0,0,100.0000,0,1,73.000,60,1,3103424512
1565,17.320252509,19.925818,16.668217,9,9344.3330,220.1364,85.7500,6.0864,-0.0000,0.0000,-1.4823,1.4823,4,47.7500,-261.5429,0.000,0.000,1,0,0,100.0000,0,1,73.000,60,1,3103449088
1566,17.332824599,12.572090,16.668578,9,9344.3126,220.1343,85.7500,6.0864,-0.0000,0.0000,-1.2321,1.2321,4,47.7500,-261.5801,0.000,0.000,1,0,0,100.0000,0,1,73.000,60,1,3103473664
1567,17.350168781,17.344182,16.668749,9,9344.2956,220.1325,85.7500,6.0864,-0.0000,0.0000,-1.0242,1.0242,4,47.7500,-261.6111,0.000,0.000,1,0,0,100.0000,0,1,73.000,60,1,3103498240
1568,17.371193343,21.024562,16.668537,9,9344.2815,220.1310,85.7500,6.0864,-0.0000,0.0000,-0.8513,0.8513,4,47.7500,-261.6368,0.000,0.000,1,0,0,100.0000,0,1,73.000,60,1,3103522816
1569,17.387113085,15.919742,16.668518,9,9344.2697,220.1297,85.7500,6.0864,-0.0000,0.0000,-0.7076,0.7076,4,47.7500,-261.6582,0.000,0.000,1,0,0,100.0000,0,1,73.000,60,1,3103522816
1570,17.402661519,15.548434,16.669069,9,9344.2600,220.1287,85.7500,6.0864,-0.0000,0.0000,-0.5882,0.5882,4,47.7500,-261.6760,0.000,0.000,1,0,0,100.0000,0,1,73.000,60,1,3103547392
1571,17.421010833,18.349314,16.667797,9,9344.2519,220.1278,85.7500,6.0864,-0.0000,0.0000,-0.4889,0.4889,4,47.7500,-261.6908,0.000,0.000,1,0,0,100.0000,0,1,73.000,60,1,3103592448
1572,17.433173444,12.162611,16.668178,9,9344.2451,220.1271,85.7500,6.0864,-0.0000,0.0000,0.0000,0.0000,4,47.7500,-261.7031,0.000,0.000,1,0,0,100.0000,0,1,73.000,60,1,3103649792
1573,17.449275899,16.102455,16.667818,9,9344.2451,220.1271,85.7500,6.0864,-0.0000,0.0000,-0.0000,0.0000,4,47.7500,-261.7031,0.000,0.000,1,0,0,100.0000,0,1,73.000,60,1,3103657984
1574,17.465805095,16.529196,16.667258,9,9344.2451,220.1271,85.7500,6.0864,-0.0000,0.0000,-0.0000,0.0000,4,47.7500,-261.7031,0.000,0.000,1,0,0,100.0000,0,1,73.000,60,1,3103682560
1575,17.486950869,21.145774,16.668758,9,9344.2451,220.1271,85.7500,6.0864,-0.0000,0.0000,-0.0000,0.0000,4,47.7500,-261.7031,0.000,0.000,1,0,0,100.0000,0,1,73.000,60,1,3103707136
1576,17.499087619,12.136750,16.669448,9,9344.2451,220.1271,85.7500,6.0864,-0.0000,0.0000,-0.0000,0.0000,4,47.7500,-261.7031,0.000,0.000,1,0,0,100.0000,0,1,73.000,60,1,3103731712
1577,17.518736822,19.649203,16.668777,9,9344.2451,220.1271,85.7500,6.0864,-0.0000,0.0000,0.0000,0.0000,4,47.7500,-261.7031,0.000,0.000,1,0,0,100.0000,0,1,73.000,60,1,3103756288
1578,17.537482863,18.746041,16.667579,9,9344.2451,220.1271,85.7500,6.0864,-0.0000,0.0000,-0.0000,0.0000,4,47.7500,-261.7031,0.000,0.000,1,0,0,100.0000,0,1,73.000,60,1,3103756288
1579,17.551942244,14.459381,16.668078,9,9344.2451,220.1271,85.7500,6.0864,-0.0000,0.0000,-0.0000,0.0000,4,47.7500,-261.7031,0.000,0.000,1,0,0,100.0000,0,1,73.000,60,1,3103780864
1580,17.571234348,19.292104,16.668957,9,9344.2451,220.1271,85.7500,6.0864,-0.0000,0.0000,-0.0000,0.0000,4,47.7500,-261.7031,0.000,0.000,1,0,0,100.0000,0,1,73.000,60,1,3103805440
1581,17.582279926,11.045578,16.669059,9,9344.2451,220.1271,85.7500,6.0864,-0.0000,0.0000,-0.0000,0.0000,4,47.7500,-261.7031,0.000,0.000,1,0,0,100.0000,0,1,73.000,60,1,3103830016
1582,17.600996738,18.716812,16.669308,9,9344.2451,220.1271,85.7500,6.0864,-0.0000,0.0000,0.0000,0.0000,4,47.7500,-261.7031,0.000,0.000,1,0,0,100.0000,0,1,73.000,60,1,3103830016
1583,17.619535375,18.538637,16.667487,9,9344.2451,220.1271,85.7500,6.0864,-0.0000,0.0000,-0.0000,0.0000,4,47.7500,-261.7031,0.000,0.000,1,0,0,100.0000,0,1,73.000,60,1,3103854592
1584,17.636331066,16.795691,16.668048,9,9344.2451,220.1271,85.7500,6.0864,-0.0000,0.0000,-0.0000,0.0000,4,47.7500,-261.7031,0.000,0.000,1,0,0,100.0000,0,1,73.000,60,1,3103879168
1585,17.654822424,18.491358,16.668619,9,9344.2451,220.1271,85.7500,6.0864,-0.0000,0.0000,-0.0000,0.0000,4,47.7500,-261.7031,0.000,0.000,1,0,0,100.0000,0,1,73.000,60,1,3103903744
1586,17.666488634,11.666210,16.667907,9,9344.2451,220.1271,85.7500,6.0864,-0.0000,0.0000,-0.0000,0.0000,4,47.7500,-261.7031,0.000,0.000,1,0,0,100.0000,0,1,73.000,60,1,3103928320
1587,17.683291835,16.803201,16.667798,9,9344.2451,220.1271,85.7500,6.0864,-0.0000,0.0000,0.0000,0.0000,4,47.7500,-261.7031,0.000,0.000,1,0,0,100.0000,0,1,73.000,60,1,3103928320
1588,17.701292791,18.000956,16.668258,9,9344.2451,220.1271,85.7500,6.0864,-0.0000,0.0000,-0.0000,0.0000,4,47.7500,-261.7031,0.000,0.000,1,0,0,100.0000,0,1,73.000,60,1,3103952896
1589,17.720077035,18.784244,16.668638,9,9344.2451,220.1271,85.7500,6.0864,-0.0000,0.0000,-0.0000,0.0000,4,47.7500,-261.7031,0.000,0.000,1,0,0,100.0000,0,1,73.000,60,1,3103977472
1590,17.736708302,16.631267,16.668558,9,9344.2451,220.1271,85.7500,6.0864,-0.0000,0.0000,-0.0000,0.0000,4,47.7500,-261.7031,0.000,0.000,1,0,0,100.0000,0,1,73.000,60,1,3104002048
1591,17.752700276,15.991974,16.668338,9,9344.2451,220.1271,85.7500,6.0864,-0.0000,0.0000,-0.0000,0.0000,4,47.7500,-261.7031,0.000,0.000,1,0,0,100.0000,0,1,73.000,60,1,3104026624
1592,17.769868464,17.168188,16.667168,9,9344.2451,220.1271,85.7500,6.0864,-0.0000,0.0000,0.0000,0.0000,4,47.7500,-261.7031,0.000,0.000,1,0,0,100.0000,0,1,73.000,60,1,3104026624
1593,17.786964661,17.096197,16.667498,9,9344.2451,220.1271,85.7500,6.0864,-0.0000,0.0000,-0.0000,0.0000,4,47.7500,-261.7031,0.000,0.000,1,0,0,100.0000,0,1,73.000,60,1,3104051200
1594,17.803621748,16.657087,16.667098,9,9344.2451,220.1271,85.7500,6.0864,-0.0000,0.0000,-0.0000,0.0000,4,47.7500,-261.7031,0.000,0.000,1,0,0,100.0000,0,1,73.000,60,1,3104075776
1595,17.818945318,15.323570,16.668957,9,9344.2451,220.1271,85.7500,6.0864,-0.0000,0.0000,-0.0000,0.0000,4,47.7500,-261.7031,0.000,0.000,1,0,0,100.0000,0,1,73.000,60,1,3104100352
1596,17.836197288,17.251970,16.667388,9,9344.2451,220.1271,85.7500,6.0864,-0.0000,0.0000,-0.0000,0.0000,4,47.7500,-261.7031,0.000,0.000,1,0,0,100.0000,0,1,73.000,60,1,3104124928
1597,17.854245216,18.047928,16.668309,9,9344.2451,220.1271,85.7500,6.0864,-0.0000,0.0000,0.0000,0.0000,4,47.7500,-261.7031,0.000,0.000,1,0,0,100.0000,0,1,73.000,60,1,3104124928
1598,17.866394737,12.149521,16.669117,9,9344.2451,220.1271,85.7500,6.0864,-0.0000,0.0000,-0.0000,0.0000,4,47.7500,-261.7031,0.000,0.000,1,0,0,100.0000,0,1,73.000,60,1,3104149504
1599,17.885789144,19.394407,16.668938,9,9344.2451,220.1271,85.7500,6.0864,-0.0000,0.0000,-0.0000,0.0000,4,47.7500,-261.7031,0.000,0.000,1,0,0,100.0000,0,1,73.000,60,1,3104178176
1600,17.902627374,16.838230,16.668139,9,9344.2451,220.1271,85.7500,6.0864,-0.0000,0.0000,-0.0000,0.0000,4,47.7500,-261.7031,0.000,0.000,1,0,0,100.0000,0,1,73.000,60,1,3104202752
1601,17.919786964,17.159590,16.667637,9,9344.2451,220.1271,85.7500,6.0864,-0.0000,0.0000,-0.0000,0.0000,4,47.7500,-261.7031,0.000,0.000,1,0,0,100.0000,0,1,73.000,60,1,3104227328
1602,17.937744048,17.957084,16.667708,9,9344.2451,220.1271,85.7500,6.0864,-0.0000,0.0000,0.0000,0.0000,4,47.7500,-261.7031,0.000,0.000,1,0,0,100.0000,0,1,73.000,60,1,3104227328
1603,17.949244766,11.500718,16.667538,9,9344.2451,220.1271,85.7500,6.0864,-0.0000,0.0000,-0.0000,0.0000,4,47.7500,-261.7031,0.000,0.000,1,0,0,100.0000,0,1,73.000,60,1,3104251904
1604,17.969689505,20.444739,16.667568,9,9344.2451,220.1271,85.7500,6.0864,-0.0000,0.0000,-0.0000,0.0000,4,47.7500,-261.7031,0.000,0.000,1,0,0,100.0000,0,1,73.000,60,1,3104280576
1605,17.988090060,18.400555,16.668838,9,9344.2451,220.1271,85.7500,6.0864,-0.0000,0.0000,-0.0000,0.0000,4,47.7500,-261.7031,0.000,0.000,1,0,0,100.0000,0,1,73.000,60,1,3104305152
1606,17.999675988,11.585928,16.686569,9,9344.2451,220.1271,85.7500,6.0864,-0.0000,0.0000,-0.0000,0.0000,4,47.7500,-261.7031,0.000,0.000,1,0,0,100.0000,0,1,73.000,60,1,3104305152
1607,18.016854978,17.178990,16.667977,10,9344.2451,220.1271,85.7500,6.0864,-0.0000,0.0000,0.0000,0.0000,4,47.7500,-261.7031,0.000,0.000,1,0,0,100.0000,0,1,73.000,60,1,3104329728
1608,18.034832494,17.977516,16.668218,10,9344.3829,220.1418,85.7500,6.0864,-0.0000,0.0000,8.3133,8.3133,4,47.7500,-261.7031,1.000,0.000,0,0,0,100.0000,0,1,73.000,60,1,3104354304
1609,18.055803575,20.971081,16.668018,10,9344.6579,220.1711,85.7500,6.0864,-0.0000,0.0000,16.5891,16.5891,4,47.7500,-261.4942,1.000,0.000,0,0,0,100.0000,0,1,73.000,60,1,3104382976
1610,18.072696336,16.892761,16.669208,10,9345.0694,220.2150,85.7500,6.0864,-0.0000,0.0000,24.8283,24.8283,4,47.7500,-261.0772,1.000,0.000,0,0,0,100.0000,0,1,73.000,60,1,3104407552
1611,18.089381775,16.685439,16.668158,10,9345.6169,220.2733,85.7500,6.0864,-0.0000,0.0000,33.0299,33.0299,4,47.7500,-260.4532,1.000,0.000,0,0,0,100.0000,0,1,73.000,60,1,3104432128
1612,18.104367267,14.985492,16.668008,10,9346.2996,220.3461,85.7500,6.0864,-0.0000,0.0000,41.1946,41.1946,4,47.7500,-259.6231,1.000,0.000,0,0,0,100.0000,0,1,73.000,60,1,3104432128
1613,18.119362449,14.995182,16.669037,10,9347.1172,220.4333,85.7500,6.0864,-0.0000,0.0000,49.3231,49.3231,4,47.7500,-258.5878,1.000,0.000,0,0,0,100.0000,0,1,73.000,60,1,3104456704
1614,18.136378914,17.016465,16.668879,10,9348.0688,220.5348,85.7500,6.0864,-0.0000,0.0000,57.4149,57.4149,4,47.7500,-257.3481,1.000,0.000,0,0,0,100.0000,0,1,73.000,60,1,3104481280
1615,18.154017023,17.638109,16.668148,10,9349.1539,220.6505,85.7500,6.0864,-0.0000,0.0000,65.4701,65.4701,4,47.7500,-255.9052,1.000,0.000,0,0,0,100.0000,0,1,73.000,60,1,3104505856
1616,18.170577668,16.560645,16.668897,10,9350.3720,220.7804,85.7500,6.0864,-0.0000,0.0000,73.4893,73.4893,4,47.7500,-254.2597,1.000,0.000,0,0,0,100.0000,0,1,73.000,60,1,3104505856
1617,18.187029352,16.451684,16.668879,10,9351.7224,220.9244,85.7500,6.0864,-0.0000,0.0000,81.4726,81.4726,4,47.7500,-252.4127,1.000,0.000,0,0,0,100.0000,0,1,73.000,60,1,3104530432
1618,18.199671153,12.641801,16.668598,10,9353.2045,221.0824,85.7500,6.0864,-0.0000,0.0000,89.4198,89.4198,4,47.7500,-250.3651,1.000,0.000,0,0,0,100.0000,0,1,73.000,60,1,3104555008
1619,18.220142753,20.471600,16.668727,10,9354.8177,221.2544,85.7500,6.0864,-0.0000,0.0000,97.3313,97.3313,4,47.7500,-248.1177,1.000,0.000,0,0,0,100.0000,0,1,73.000,60,1,3104579584
1620,18.237255991,17.113238,16.667858,10,9356.5614,221.4403,85.7500,6.0864,-0.0000,0.0000,105.2069,105.2069,4,47.7500,-245.6716,1.000,0.000,0,0,0,100.0000,0,1,73.000,60,1,3104604160
1621,18.249468863,12.212872,16.668089,10,9358.4351,221.6401,85.7500,6.0864,-0.0000,0.0000,113.0471,113.0471,4,47.7500,-243.0276,1.000,0.000,0,0,0,100.0000,0,1,73.000,60,1,3104604160
1622,18.270504454,21.035591,16.667547,10,9360.4380,221.8537,85.7500,6.0864,-0.0000,0.0000,120.8519,120.8519,4,47.7500,-240.1866,1.000,0.000,0,0,0,100.0000,0,1,73.000,60,1,3104628736
1623,18.287168833,16.664379,16.667768,10,9362.5698,222.0810,85.7500,6.0864,-0.0000,0.0000,128.6217,128.6217,4,47.7500,-237.1494,1.000,0.000,0,0,0,100.0000,0,1,73.000,60,1,3104653312
1624,18.304612537,17.443704,16.667448,10,9364.8297,222.3220,85.7500,6.0864,-0.0000,0.0000,136.3564,136.3564,4,47.7500,-233.9170,1.000,0.000,0,0,0,100.0000,0,1,73.000,60,1,3104681984
1625,18.320942708,16.330171,16.667098,10,9367.2172,222.5766,85.7500,6.0864,-0.0000,0.0000,144.0561,144.0561,4,47.7500,-230.4903,1.000,0.000,0,0,0,100.0000,0,1,73.000,60,1,3104686080
1626,18.337505733,16.563025,16.667158,10,9369.7317,222.8447,85.7500,6.0864,-0.0000,0.0000,151.7213,151.7213,4,47.7500,-226.8701,1.000,0.000,0,0,0,100.0000,0,1,73.000,60,1,3104710656
1627,18.354688572,17.182839,16.668008,10,9372.3728,223.1263,85.7500,6.0864,-0.0000,0.0000,159.3524,159.3524,4,47.7500,-223.0571,1.000,0.000,0,0,0,100.0000,0,1,73.000,60,1,3104735232
1628,18.371270999,16.582427,16.668047,10,9375.1398,223.4213,85.7500,6.0864,-0.0000,0.0000,166.9493,166.9493,4,47.7500,-219.0523,1.000,0.000,0,0,0,100.0000,0,1,73.000,60,1,3104759808
1629,18.382685653,11.414654,16.667859,10,9378.0322,223.7297,85.7500,6.0864,-0.0000,0.0000,174.5119,174.5119,4,47.7500,-214.8566,1.000,0.000,0,0,0,100.0000,0,1,73.000,60,1,3104759808
1630,18.400094398,17.408745,16.668068,10,9381.0493,224.0515,85.7500,6.0864,-0.0000,0.0000,182.0406,182.0406,4,47.7500,-210.4708,1.000,0.000,0,0,0,100.0000,0,1,73.000,60,1,3104784384
1631,18.420404334,20.309936,16.667567,10,9384.1906,224.3864,85.7500,6.0864,-0.0000,0.0000,189.5352,189.5352,4,47.7500,-205.8959,1.000,0.000,0,0,0,100.0000,0,1,73.000,60,1,3104808960
1632,18.437380468,16.976134,16.667579,10,9387.4555,224.7345,85.7500,6.0864,-0.0000,0.0000,196.9962,196.9962,4,47.7500,-201.1327,1.000,0.000,0,0,0,100.0000,0,1,73.000,60,1,3104833536
1633,18.454490825,17.110357,16.668648,10,9390.8438,225.0958,85.7500,6.0864,-0.0000,0.0000,204.4241,204.4241,4,47.7500,-196.1817,1.000,0.000,0,0,0,100.0000,0,1,73.000,60,1,3104858112
1634,18.471645574,17.154749,16.667297,10,9394.3543,225.4702,85.7500,6.0864,-0.0000,0.0000,211.8179,211.8180,4,47.7500,-191.0443,1.000,0.000,0,0,0,100.0000,0,1,73.000,60,1,3104882688
1635,18.482799503,11.153929,16.667688,10,9397.9870,225.8575,85.7500,6.0864,-0.0000,0.0000,219.1788,219.1788,4,47.7500,-185.7211,1.000,0.000,0,0,0,100.0000,0,1,73.000,60,1,3104882688
1636,18.499442921,16.643418,16.668219,10,9401.7411,226.2578,85.7500,6.0864,-0.0000,0.0000,226.5068,226.5068,4,47.7500,-180.2127,1.000,0.000,0,0,0,100.0000,0,1,73.000,60,1,3104907264
1637,18.516141030,16.698109,16.668807,10,9405.6164,226.6710,85.7500,6.0864,-0.0000,0.0000,233.8020,233.8020,4,47.7500,-174.5199,1.000,0.000,0,0,0,100.0000,0,1,73.000,60,1,3104931840
1638,18.535146428,19.005398,16.667638,10,9409.6117,227.0970,85.7500,6.0864,-0.0000,0.0000,241.0640,241.0640,4,47.7500,-168.6442,1.000,0.000,0,0,0,100.0000,0,1,73.000,60,1,3104956416
1639,18.554201557,19.055129,16.668237,10,9413.7270,227.5358,85.7500,6.0864,-0.0000,0.0000,248.2936,248.2936,4,47.7500,-162.5857,1.000,0.000,0,0,0,100.0000,0,1,73.000,60,1,3104980992
1640,18.565849796,11.648239,16.668689,10,9417.9617,227.9874,85.7500,6.0864,-0.0000,0.0000,255.4909,255.4909,4,47.7500,-156.3454,1.000,0.000,0,0,0,100.0000,0,1,73.000,60,1,3104980992
1641,18.583098238,17.248442,16.667648,10,9422.3148,228.4515,85.7500,6.0864,-0.0000,0.0000,262.6554,262.6554,4,47.7500,-149.9246,1.000,0.000,0,0,0,100.0000,0,1,73.000,60,1,3105009664
1642,18.601210426,18.112188,16.667557,10,9426.7862,228.9283,85.7500,6.0864,-0.0000,0.0000,269.7877,269.7876,4,47.7500,-143.3238,1.000,0.000,0,0,0,100.0000,0,1,73.000,60,1,3105034240
1643,18.618981447,17.771021,16.667108,10,9431.3751,229.4176,85.7500,6.0864,-0.0000,0.0000,276.8876,276.8876,4,47.7500,-136.5439,1.000,0.000,0,0,0,100.0000,0,1,73.000,60,1,3105058816
1644,18.638104599,19.123152,16.668479,10,9436.0815,229.9195,85.7500,6.0864,-0.0000,0.0000,283.9563,283.9563,4,47.7500,-129.5851,1.000,0.000,0,0,0,100.0000,0,1,73.000,60,1,3105058816
1645,18.649753478,11.648879,16.668857,10,9440.9047,230.4338,85.7500,6.0864,-0.0000,0.0000,290.9933,290.9933,4,47.7500,-122.4484,1.000,0.000,0,0,0,100.0000,0,1,73.000,60,1,3105087488
1646,18.666275494,16.522016,16.668148,10,9445.8438,230.9604,85.7500,6.0864,-0.0000,0.0000,297.9984,297.9984,4,47.7500,-115.1352,1.000,0.000,0,0,0,100.0000,0,1,73.000,60,1,3105112064
1647,18.686958547,20.683053,16.667828,10,9450.8984,231.4994,85.7500,6.0864,-0.0000,0.0000,304.9719,304.9719,4,47.7500,-107.6460,1.000,0.000,0,0,0,100.0000,0,1,73.000,60,1,3105140736
1648,18.699401055,12.442508,16.668798,10,9456.0683,232.0506,85.7500,6.0864,-0.0000,0.0000,311.9145,311.9144,4,47.7500,-99.9812,1.000,0.000,0,0,0,100.0000,0,1,73.000,60,1,3105140736
1649,18.719554337,20.153282,16.667598,10,9461.3524,232.6141,85.7500,6.0864,-0.0000,0.0000,318.8253,318.8253,4,47.7500,-92.1424,1.000,0.000,0,0,0,100.0000,0,1,73.000,60,1,3105165312
1650,18.738094746,18.540409,16.668988,10,9466.7510,233.1897,85.7500,6.0864,-0.0000,0.0000,325.7056,325.7056,4,47.7500,-84.1293,1.000,0.000,0,0,0,100.0000,0,1,73.000,60,1,3105189888
1651,18.749643533,11.548787,16.668458,10,9472.2629,233.7774,85.7500,6.0864,-0.0000,0.0000,332.5548,332.5548,4,47.7500,-75.9435,1.000,0.000,0,0,0,100.0000,0,1,73.000,60,1,3105218560
1652,18.769249115,19.605582,16.668328,10,9477.8878,234.3772,85.7500,6.0864,-0.0000,0.0000,339.3731,339.3732,4,47.7500,-67.5857,1.000,0.000,0,0,0,100.0000,0,1,73.000,60,1,3105243136
1653,18.787089828,17.840713,16.667438,10,9483.6249,234.9889,85.7500,6.0864,-0.0000,0.0000,346.1605,346.1605,4,47.7500,-59.0569,1.000,0.000,0,0,0,100.0000,0,1,73.000,60,1,3105267712
1654,18.803807156,16.717328,16.667707,10,9489.4741,235.6126,85.7500,6.0864,-0.0000,0.0000,352.9174,352.9174,4,47.7500,-50.3575,1.000,0.000,0,0,0,100.0000,0,1,73.000,60,1,3105267712
1655,18.816003628,12.196472,16.667659,10,9495.4347,236.2482,85.7500,6.0864,-0.0000,0.0000,359.6440,359.6440,4,47.7500,-41.4882,1.000,0.000,0,0,0,100.0000,0,1,73.000,60,1,3105292288
1656,18.834359773,18.356145,16.667588,10,9501.5063,236.8956,85.7500,6.0864,-0.0000,0.0000,366.3402,366.3402,4,47.7500,-32.4500,1.000,0.000,0,0,0,100.0000,0,1,73.000,60,1,3105316864
1657,18.853016293,18.656520,16.668397,10,9507.6887,237.5548,85.7500,6.0864,-0.0000,0.0000,373.0067,373.0067,4,47.7500,-23.2430,1.000,0.000,0,0,0,100.0000,0,1,73.000,60,1,3105341440
1658,18.870316645,17.300352,16.668498,10,9513.9811,238.2258,85.7500,6.0864,-0.0000,0.0000,379.6433,379.6433,4,47.7500,-13.8684,1.000,0.000,0,0,0,100.0000,0,1,73.000,60,1,3105341440
1659,18.885812677,15.496032,16.667199,10,9520.3825,238.9083,85.7500,6.0864,-0.0000,0.0000,386.2495,386.2495,4,47.7500,-4.3278,1.000,0.000,0,0,0,100.0000,0,1,73.000,60,1,3105460224
1660,18.902796272,16.983595,16.668127,10,9526.8933,239.6026,85.7500,6.0864,-0.0000,0.0000,392.8264,392.8264,4,47.7500,5.3794,1.000,0.000,0,0,0,100.0000,0,1,73.000,60,1,3105484800
1661,18.918286365,15.490093,16.667828,10,9533.5124,240.3084,85.7500,6.0864,-0.0000,0.0000,399.3736,399.3736,4,47.7500,15.2517,1.000,0.000,0,0,0,100.0000,0,1,73.000,60,1,3105509376
1662,18.935802471,17.516106,16.667299,10,9540.2394,241.0257,85.7500,6.0864,-0.0000,0.0000,405.8911,405.8911,4,47.7500,25.2883,1.000,0.000,0,0,0,100.0000,0,1,73.000,60,1,3105533952
1663,18.952484499,16.682028,16.667687,10,9547.0741,241.7544,85.7500,6.0864,-0.0000,0.0000,412.3795,412.3796,4,47.7500,35.4888,1.000,0.000,0,0,0,100.0000,0,1,73.000,60,1,3105533952
1664,18.966090651,13.606152,16.668028,10,9554.0159,242.4946,85.7500,6.0864,-0.0000,0.0000,418.8389,418.8389,4,47.7500,45.8527,1.000,0.000,0,0,0,100.0000,0,1,73.000,60,1,3105562624
1665,18.986695024,20.604373,16.667568,10,9561.0642,243.2462,85.7500,6.0864,-0.0000,0.0000,425.2691,425.2691,4,47.7500,56.3785,1.000,0.000,0,0,0,100.0000,0,1,73.000,60,1,3105587200
1666,18.999432758,12.737734,16.667678,10,9568.2186,244.0090,85.7500,6.0864,-0.0000,0.0000,431.6704,431.6704,4,47.7500,67.0661,1.000,0.000,0,0,0,100.0000,0,1,73.000,60,1,3105611776
1667,19.018095118,18.662360,16.667658,10,9575.4786,244.7832,85.7500,6.0864,-0.0000,0.0000,438.0429,438.0430,4,47.7500,77.9145,1.000,0.000,0,0,0,100.0000,0,1,73.000,60,1,3105611776
1668,19.036533064,18.437946,16.668758,10,9582.8442,245.5685,85.7500,6.0864,-0.0000,0.0000,444.3872,444.3872,4,47.7500,88.9238,1.000,0.000,0,0,0,100.0000,0,1,73.000,60,1,3105636352
1669,19.052378395,15.845331,16.667927,10,9590.3141,246.3651,85.7500,6.0864,-0.0000,0.0000,450.7027,450.7027,4,47.7500,100.0919,1.000,0.000,0,0,0,100.0000,0,1,73.000,60,1,3105660928
1670,19.069005771,16.627376,16.667079,10,9597.8879,247.1726,85.7500,6.0864,-0.0000,0.0000,456.9894,456.9894,4,47.7500,111.4182,1.000,0.000,0,0,0,100.0000,0,1,73.000,60,1,3105685504
1671,19.085817802,16.812031,16.667318,10,9605.5655,247.9913,85.7500,6.0864,-0.0000,0.0000,463.2480,463.2480,4,47.7500,122.9027,1.000,0.000,0,0,0,100.0000,0,1,73.000,60,1,3105710080
1672,19.105304011,19.486209,16.682607,10,9613.3535,248.8217,85.7500,6.0864,-0.0000,0.0000,469.4842,469.4842,4,47.7500,134.5551,1.000,0.000,0,0,0,100.0000,0,1,73.000,60,1,3105746944
1673,19.120964947,15.660936,16.667199,10,9621.2372,249.6623,85.7500,6.0864,-0.0000,0.0000,475.6865,475.6865,4,47.7500,146.3535,1.000,0.000,0,0,0,100.0000,0,1,73.000,60,1,3105746944
1674,19.136498011,15.533064,16.667778,10,9629.2235,250.5139,85.7500,6.0864,-0.0000,0.0000,481.8612,481.8612,4,47.7500,158.3082,1.000,0.000,0,0,0,100.0000,0,1,73.000,60,1,3105771520
1675,19.152871402,16.373391,16.667547,10,9637.3115,251.3763,85.7500,6.0864,-0.0000,0.0000,488.0081,488.0081,4,47.7500,170.4179,1.000,0.000,0,0,0,100.0000,0,1,73.000,60,1,3105796096
1676,19.169787456,16.916054,16.667518,10,9645.5010,252.2495,85.7500,6.0864,-0.0000,0.0000,494.1273,494.1273,4,47.7500,182.6820,1.000,0.000,0,0,0,100.0000,0,1,73.000,60,1,3105820672
1677,19.188071558,18.284102,16.668889,10,9653.7921,253.1336,85.7500,6.0864,-0.0000,0.0000,500.2195,500.2195,4,47.7500,195.1010,1.000,0.000,0,0,0,100.0000,0,1,73.000,60,1,3105820672
1678,19.204247766,16.176208,16.668627,10,9662.1836,254.0284,85.7500,6.0864,-0.0000,0.0000,506.2842,506.2842,4,47.7500,207.6728,1.000,0.000,0,0,0,100.0000,0,1,73.000,60,1,3105845248
1679,19.216188232,11.940466,16.667558,10,9670.6746,254.9338,85.7500,6.0864,-0.0000,0.0000,512.3213,512.3213,4,47.7500,220.3963,1.000,0.000,0,0,0,100.0000,0,1,73.000,60,1,3105869824
1680,19.233177116,16.988884,16.667288,10,9679.2651,255.8498,85.7500,6.0864,-0.0000,0.0000,518.3312,518.3312,4,47.7500,233.2712,1.000,0.000,0,0,0,100.0000,0,1,73.000,60,1,3105894400
1681,19.252722267,19.545151,16.686338,10,9687.9647,256.7774,85.7500,6.0864,-0.0000,0.0000,524.3208,524.3208,4,47.7500,246.3121,1.000,0.000,0,0,0,100.0000,0,1,73.000,60,1,3105927168
1682,19.266258478,13.536211,16.668158,10,9696.7537,257.7145,85.7500,6.0864,-0.0000,0.0000,530.2770,530.2770,4,47.7500,259.4893,1.000,0.000,0,0,0,100.0000,0,1,73.000,60,1,3105927168
1683,19.285775956,19.517478,16.667779,10,9705.6406,258.6622,85.7500,6.0864,-0.0000,0.0000,536.2062,536.2063,4,47.7500,272.8159,1.000,0.000,0,0,0,100.0000,0,1,73.000,60,1,3105951744
1684,19.303752062,17.976106,16.684207,10,9714.6344,259.6211,85.7500,6.0864,-0.0000,0.0000,542.1147,542.1147,4,47.7500,286.3048,1.000,0.000,0,0,0,100.0000,0,1,73.000,60,1,3105976320
1685,19.321174166,17.422104,16.667129,10,9723.7164,260.5895,85.7500,6.0864,-0.0000,0.0000,547.9905,547.9905,4,47.7500,299.9284,1.000,0.000,0,0,0,100.0000,0,1,73.000,60,1,3106000896
1686,19.337437846,16.263680,16.667328,10,9732.8954,261.5683,85.7500,6.0864,-0.0000,0.0000,553.8400,553.8400,4,47.7500,313.6998,1.000,0.000,0,0,0,100.0000,0,1,73.000,60,1,3106025472
1687,19.353551452,16.113606,16.667857,10,9742.1712,262.5573,85.7500,6.0864,-0.0000,0.0000,559.6635,559.6634,4,47.7500,327.6187,1.000,0.000,0,0,0,100.0000,0,1,73.000,60,1,3106025472
1688,19.370339783,16.788331,16.667728,10,9751.5430,263.5567,85.7500,6.0864,-0.0000,0.0000,565.4606,565.4606,4,47.7500,341.6837,1.000,0.000,0,0,0,100.0000,0,1,73.000,60,1,3106054144
1689,19.387505251,17.165468,16.668119,10,9761.0107,264.5662,85.7500,6.0864,-0.0000,0.0000,571.2319,571.2319,4,47.7500,355.8949,1.000,0.000,0,0,0,100.0000,0,1,73.000,60,1,3106082816
1690,19.403895873,16.390622,16.668217,10,9770.5737,265.5859,85.7500,6.0864,-0.0000,0.0000,576.9772,576.9772,4,47.7500,10.2511,1.000,0.000,0,0,0,100.0000,0,1,73.000,60,1,3106119680
1691,19.420518010,16.622137,16.667738,10,9780.2311,266.6156,85.7500,6.0864,-0.0000,0.0000,582.6966,582.6966,4,47.7500,24.7513,1.000,0.000,0,0,0,100.0000,0,1,73.000,60,1,3106119680
1692,19.433027778,12.509768,16.668758,10,9789.9836,267.6555,85.7500,6.0864,-0.0000,0.0000,588.3906,588.3906,4,47.7500,39.3962,1.000,0.000,0,0,0,100.0000,0,1,73.000,60,1,3106144256
1693,19.452167179,19.139401,16.667238,10,9799.8291,268.7053,85.7500,6.0864,-0.0000,0.0000,594.0584,594.0584,4,47.7500,54.1828,1.000,0.000,0,0,0,100.0000,0,1,73.000,60,1,3106172928
1694,19.470992524,18.825345,16.668938,10,9809.7691,269.7652,85.7500,6.0864,-0.0000,0.0000,599.7014,599.7014,4,47.7500,69.1133,1.000,0.000,0,0,0,100.0000,0,1,73.000,60,1,3106197504
1695,19.486605359,15.612835,16.667438,10,9819.8014,270.8349,85.7500,6.0864,-0.0000,0.0000,605.3185,605.3185,4,47.7500,84.1843,1.000,0.000,0,0,0,100.0000,0,1,73.000,60,1,3106222080
1696,19.504324020,17.718661,16.667337,10,9829.9262,271.9145,85.7500,6.0864,-0.0000,0.0000,610.9103,610.9103,4,47.7500,99.3964,1.000,0.000,0,0,0,100.0000,0,1,73.000,60,1,3106222080
1697,19.519898544,15.574524,16.667729,10,9840.1436,273.0040,85.7500,6.0864,-0.0000,0.0000,616.4772,616.4772,4,47.7500,114.7494,1.000,0.000,0,0,0,100.0000,0,1,73.000,60,1,3106246656
1698,19.536175543,16.276999,16.668468,10,9850.4532,274.1033,85.7500,6.0864,-0.0000,0.0000,622.0192,622.0192,4,47.7500,130.2430,1.000,0.000,0,0,0,100.0000,0,1,73.000,60,1,3106271232
1699,19.553945775,17.770232,16.668347,10,9860.8543,275.2124,85.7500,6.0864,-0.0000,0.0000,627.5363,627.5363,4,47.7500,145.8758,1.000,0.000,0,0,0,100.0000,0,1,73.000,60,1,3106295808
1700,19.570687145,16.741370,16.668149,10,9871.3462,276.3311,85.7500,6.0864,-0.0000,0.0000,633.0284,633.0285,4,47.7500,161.6470,1.000,0.000,0,0,0,100.0000,0,1,73.000,60,1,3106320384
1701,19.587102807,16.415662,16.667258,10,9881.9282,277.4594,85.7500,6.0864,-0.0000,0.0000,638.4957,638.4957,4,47.7500,177.5554,1.000,0.000,0,0,0,100.0000,0,1,73.000,60,1,3106320384
1702,19.603943449,16.840642,16.667617,10,9892.6006,278.5974,85.7500,6.0864,-0.0000,0.0000,643.9385,643.9385,4,47.7500,193.6015,1.000,0.000,0,0,0,100.0000,0,1,73.000,60,1,3106344960
1703,19.621005865,17.062416,16.667668,10,9903.3629,279.7450,85.7500,6.0864,-0.0000,0.0000,649.3568,649.3568,4,47.7500,209.7845,1.000,0.000,0,0,0,100.0000,0,1,73.000,60,1,3106369536
1704,19.637193253,16.187388,16.667899,10,9914.2147,280.9021,85.7500,6.0864,-0.0000,0.0000,654.7508,654.7508,4,47.7500,226.1039,1.000,0.000,0,0,0,100.0000,0,1,73.000,60,1,3106394112
1705,19.654616077,17.422824,16.667277,10,9925.1551,282.0687,85.7500,6.0864,-0.0000,0.0000,660.1204,660.1204,4,47.7500,242.5582,1.000,0.000,0,0,0,100.0000,0,1,73.000,60,1,3106418688
1706,19.670378355,15.762278,16.667938,10,9936.1845,283.2447,85.7500,6.0864,-0.0000,0.0000,665.4661,665.4661,4,47.7500,259.1481,1.000,0.000,0,0,0,100.0000,0,1,73.000,60,1,3106418688
1707,19.686871750,16.493395,16.668248,10,9947.3023,284.4302,85.7500,6.0864,-0.0000,0.0000,670.7878,670.7878,4,47.7500,275.8727,1.000,0.000,0,0,0,100.0000,0,1,73.000,60,1,3106443264
1708,19.704228662,17.356912,16.668308,10,9958.5080,285.6250,85.7500,6.0864,-0.0000,0.0000,676.0856,676.0856,4,47.7500,292.7310,1.000,0.000,0,0,0,100.0000,0,1,73.000,60,1,3106467840
1709,19.720240976,16.012314,16.668318,10,9969.8011,286.8292,85.7500,6.0864,-0.0000,0.0000,681.3596,681.3596,4,47.7500,309.7225,1.000,0.000,0,0,0,100.0000,0,1,73.000,60,1,3106500608
1710,19.736555857,16.314881,16.668228,10,9981.1812,288.0426,85.7500,6.0864,-0.0000,0.0000,686.6099,686.6099,4,47.7500,326.8465,1.000,0.000,0,0,0,100.0000,0,1,73.000,60,1,3106500608
1711,19.753557962,17.002105,16.667967,10,9992.6477,289.2653,85.7500,6.0864,-0.0000,0.0000,691.8365,691.8365,4,47.7500,344.1022,1.000,0.000,0,0,0,100.0000,0,1,73.000,60,1,3106525184
1712,19.770516446,16.958484,16.668909,10,10004.2011,290.4972,85.7500,6.0864,-0.0000,0.0000,697.0399,697.0399,4,47.7500,1.4902,1.000,0.000,0,0,0,100.0000,0,1,73.000,60,1,3106553856
1713,19.789229087,18.712641,16.667998,10,10015.8397,291.7382,85.7500,6.0864,-0.0000,0.0000,702.2196,702.2196,4,47.7500,19.0080,1.000,0.000,0,0,0,100.0000,0,1,73.000,60,1,3106578432
1714,19.804353352,15.124265,16.667257,10,10027.5633,292.9883,85.7500,6.0864,-0.0000,0.0000,707.3759,707.3758,4,47.7500,36.6552,1.000,0.000,0,0,0,100.0000,0,1,73.000,60,1,3106603008
1715,19.819975098,15.621746,16.668829,10,10039.3730,294.2475,85.7500,6.0864,-0.0000,0.0000,712.5093,712.5093,4,47.7500,54.4337,1.000,0.000,0,0,0,100.0000,0,1,73.000,60,1,3106603008
1716,19.836835690,16.860592,16.667228,10,10051.2663,295.5157,85.7500,6.0864,-0.0000,0.0000,717.6193,717.6192,4,47.7500,72.3395,1.000,0.000,0,0,0,100.0000,0,1,73.000,60,1,3106627584
1717,19.853746823,16.911133,16.667767,10,10063.2443,296.7929,85.7500,6.0864,-0.0000,0.0000,722.7064,722.7064,4,47.7500,90.3742,1.000,0.000,0,0,0,100.0000,0,1,73.000,60,1,3106656256
1718,19.870666117,16.919294,16.667908,10,10075.3063,298.0791,85.7500,6.0864,-0.0000,0.0000,727.7707,727.7707,4,47.7500,108.5370,1.000,0.000,0,0,0,100.0000,0,1,73.000,60,1,3106680832
1719,19.886636910,15.970793,16.668298,10,10087.4522,299.3742,85.7500,6.0864,-0.0000,0.0000,732.8124,732.8124,4,47.7500,126.8275,1.000,0.000,0,0,0,100.0000,0,1,73.000,60,1,3106680832
1720,19.903389609,16.752699,16.668588,10,10099.6815,300.6781,85.7500,6.0864,-0.0000,0.0000,737.8314,737.8314,4,47.7500,145.2450,1.000,0.000,0,0,0,100.0000,0,1,73.000,60,1,3106705408
1721,19.919940525,16.550916,16.667798,10,10111.9930,301.9909,85.7500,6.0864,-0.0000,0.0000,742.8278,742.8277,4,47.7500,163.7877,1.000,0.000,0,0,0,100.0000,0,1,73.000,60,1,3106734080
1722,19.936569202,16.628677,16.668497,10,10124.3875,303.3125,85.7500,6.0864,-0.0000,0.0000,747.8018,747.8018,4,47.7500,182.4568,1.000,0.000,0,0,0,100.0000,0,1,73.000,60,1,3106758656
1723,19.953892594,17.323392,16.667989,10,10136.8637,304.6428,85.7500,6.0864,-0.0000,0.0000,752.7532,752.7533,4,47.7500,201.2504,1.000,0.000,0,0,0,100.0000,0,1,73.000,60,1,3106783232
1724,19.972185476,18.292882,16.667138,10,10149.4209,305.9818,85.7500,6.0864,-0.0000,0.0000,757.6823,757.6823,4,47.7500,220.1674,1.000,0.000,0,0,0,100.0000,0,1,73.000,60,1,3106807808
1725,19.987595278,15.409802,16.667797,10,10162.0599,307.3295,85.7500,6.0864,-0.0000,0.0000,762.5894,762.5893,4,47.7500,239.2090,1.000,0.000,0,0,0,100.0000,0,1,73.000,60,1,3106807808
1726,20.004419048,16.823770,16.667378,10,10174.7796,308.6857,85.7500,6.0864,-0.0000,0.0000,767.4742,767.4742,4,47.7500,258.3735,1.000,0.000,0,0,0,100.0000,0,1,73.000,60,1,3106832384
1727,20.021696890,17.277842,16.668049,10,10187.5804,310.0507,85.7500,6.0864,-0.0000,0.0000,772.3373,772.3373,4,47.7500,277.6616,1.000,0.000,0,0,0,100.0000,0,1,73.000,60,1,3106856960
1728,20.036783884,15.086994,16.668627,10,10200.4618,311.4242,85.7500,6.0864,-0.0000,0.0000,777.1788,777.1788,4,47.7500,297.0725,1.000,0.000,0,0,0,100.0000,0,1,73.000,60,1,3106881536
1729,20.052620484,15.836600,16.667738,10,10213.4225,312.8062,85.7500,6.0864,-0.0000,0.0000,781.9982,781.9982,4,47.7500,316.6040,1.000,0.000,0,0,0,100.0000,0,1,73.000,60,1,3106881536
1730,20.069802983,17.182499,16.667209,10,10226.4623,314.1966,85.7500,6.0864,-0.0000,0.0000,786.7957,786.7957,4,47.7500,336.2561,1.000,0.000,0,0,0,100.0000,0,1,73.000,60,1,3106906112
1731,20.085922659,16.119676,16.667067,10,10239.5811,315.5954,85.7500,6.0864,-0.0000,0.0000,791.5717,791.5717,4,47.7500,356.0285,1.000,0.000,0,0,0,100.0000,0,1,73.000,60,1,3106930688
1732,20.103187700,17.265041,16.669138,10,10252.7804,317.0029,85.7500,6.0864,-0.0000,0.0000,796.3267,796.3267,4,47.7500,15.9234,1.000,0.000,0,0,0,100.0000,0,1,73.000,60,1,3106955264
1733,20.119607893,16.420193,16.668858,10,10266.0579,318.4186,85.7500,6.0864,-0.0000,0.0000,801.0604,801.0604,4,47.7500,35.9375,1.000,0.000,0,0,0,100.0000,0,1,73.000,60,1,3106955264
1734,20.137351033,17.743140,16.668078,10,10279.4128,319.8426,85.7500,6.0864,-0.0000,0.0000,805.7725,805.7725,4,47.7500,56.0697,1.000,0.000,0,0,0,100.0000,0,1,73.000,60,1,3106979840
1735,20.153230384,15.879351,16.668438,10,10292.8458,321.2750,85.7500,6.0864,-0.0000,0.0000,810.4636,810.4636,4,47.7500,76.3207,1.000,0.000,0,0,0,100.0000,0,1,73.000,60,1,3107004416
1736,20.169666608,16.436224,16.668208,10,10306.3561,322.7156,85.7500,6.0864,-0.0000,0.0000,815.1334,815.1334,4,47.7500,96.6893,1.000,0.000,0,0,0,100.0000,0,1,73.000,60,1,3107028992
1737,20.187212264,17.545656,16.667607,10,10319.9429,324.1643,85.7500,6.0864,-0.0000,0.0000,819.7822,819.7822,4,47.7500,117.1745,1.000,0.000,0,0,0,100.0000,0,1,73.000,60,1,3107053568
1738,20.204445484,17.233220,16.667719,10,10333.6064,325.6212,85.7500,6.0864,-0.0000,0.0000,824.4101,824.4101,4,47.7500,137.7767,1.000,0.000,0,0,0,100.0000,0,1,73.000,60,1,3107053568
1739,20.220791385,16.345901,16.667958,10,10347.3466,327.0863,85.7500,6.0864,-0.0000,0.0000,829.0173,829.0172,4,47.7500,158.4955,1.000,0.000,0,0,0,100.0000,0,1,73.000,60,1,3107078144
1740,20.237662488,16.871103,16.667297,10,10361.1622,328.5594,85.7500,6.0864,-0.0000,0.0000,833.6035,833.6035,4,47.7500,179.3293,1.000,0.000,0,0,0,100.0000,0,1,73.000,60,1,3107102720
1741,20.253895026,16.232538,16.668169,10,10375.0542,330.0407,85.7500,6.0864,-0.0000,0.0000,838.1693,838.1693,4,47.7500,200.2794,1.000,0.000,0,0,0,100.0000,0,1,73.000,60,1,3107127296
1742,20.269256506,15.361480,16.667438,10,10389.0209,331.5300,85.7500,6.0864,-0.0000,0.0000,842.7145,842.7144,4,47.7500,221.3434,1.000,0.000,0,0,0,100.0000,0,1,73.000,60,1,3107151872
1743,20.288592611,19.336105,16.667417,10,10403.0626,333.0272,85.7500,6.0864,-0.0000,0.0000,847.2391,847.2392,4,47.7500,242.5215,1.000,0.000,0,0,0,100.0000,0,1,73.000,60,1,3107151872
1744,20.303238675,14.646064,16.668488,10,10417.1798,334.5325,85.7500,6.0864,-0.0000,0.0000,851.7438,851.7438,4,47.7500,263.8147,1.000,0.000,0,0,0,100.0000,0,1,73.000,60,1,3107176448
1745,20.320787263,17.548588,16.667799,10,10431.3708,336.0457,85.7500,6.0864,-0.0000,0.0000,856.2280,856.2280,4,47.7500,285.2202,1.000,0.000,0,0,0,100.0000,0,1,73.000,60,1,3107201024
1746,20.336808297,16.021034,16.668667,10,10445.6365,337.5668,85.7500,6.0864,-0.0000,0.0000,860.6923,860.6923,4,47.7500,306.7396,1.000,0.000,0,0,0,100.0000,0,1,73.000,60,1,3107225600
1747,20.353921774,17.113477,16.667638,10,10459.9750,339.0957,85.7500,6.0864,-0.0000,0.0000,865.1362,865.1362,4,47.7500,328.3698,1.000,0.000,0,0,0,100.0000,0,1,73.000,60,1,3107250176
1748,20.371564962,17.643188,16.667308,10,10474.3866,340.6324,85.7500,6.0864,-0.0000,0.0000,869.5601,869.5601,4,47.7500,350.1113,1.000,0.000,0,0,0,100.0000,0,1,73.000,60,1,3107250176
1749,20.382712873,11.147911,16.667258,10,10488.8710,342.1769,85.7500,6.0864,-0.0000,0.0000,873.9641,873.9641,4,47.7500,11.9639,1.000,0.000,0,0,0,100.0000,0,1,73.000,60,1,3107278848
1750,20.399583144,16.870271,16.667168,10,10503.4281,343.7291,85.7500,6.0864,-0.0000,0.0000,878.3482,878.3482,4,47.7500,33.9270,1.000,0.000,0,0,0,100.0000,0,1,73.000,60,1,3107303424
1751,20.420487673,20.904529,16.668108,10,10518.0583,345.2891,85.7500,6.0864,-0.0000,0.0000,882.7130,882.7129,4,47.7500,56.0016,1.000,0.000,0,0,0,100.0000,0,1,73.000,60,1,3107328000
1752,20.436330273,15.842600,16.668907,10,10532.7613,346.8568,85.7500,6.0864,-0.0000,0.0000,887.0582,887.0582,4,47.7500,78.1869,1.000,0.000,0,0,0,100.0000,0,1,73.000,60,1,3107328000
1753,20.452578172,16.247899,16.667779,10,10547.5349,348.4321,85.7500,6.0864,-0.0000,0.0000,891.3837,891.3837,4,47.7500,100.4799,1.000,0.000,0,0,0,100.0000,0,1,73.000,60,1,3107352576
1754,20.470179791,17.601619,16.668538,10,10562.3806,350.0151,85.7500,6.0864,-0.0000,0.0000,895.6899,895.6899,4,47.7500,122.8826,1.000,0.000,0,0,0,100.0000,0,1,73.000,60,1,3107381248
1755,20.482833893,12.654102,16.667577,10,10577.2965,351.6055,85.7500,6.0864,-0.0000,0.0000,899.9765,899.9765,4,47.7500,145.3923,1.000,0.000,0,0,0,100.0000,0,1,73.000,60,1,3107483648
1756,20.502608767,19.774874,16.667159,10,10592.2827,353.2035,85.7500,6.0864,-0.0000,0.0000,904.2437,904.2437,4,47.7500,168.0092,1.000,0.000,0,0,0,100.0000,0,1,73.000,60,1,3107508224
1757,20.519254064,16.645297,16.668058,10,10607.3401,354.8090,85.7500,6.0864,-0.0000,0.0000,908.4919,908.4920,4,47.7500,190.7345,1.000,0.000,0,0,0,100.0000,0,1,73.000,60,1,3107508224
1758,20.537341093,18.087029,16.669397,10,10622.4689,356.4222,85.7500,6.0864,-0.0000,0.0000,912.7215,912.7215,4,47.7500,213.5683,1.000,0.000,0,0,0,100.0000,0,1,73.000,60,1,3107532800
1759,20.549420962,12.079869,16.667268,10,10637.6655,358.0426,85.7500,6.0864,-0.0000,0.0000,916.9315,916.9314,4,47.7500,236.5056,1.000,0.000,0,0,0,100.0000,0,1,73.000,60,1,3107557376
1760,20.570088296,20.667334,16.668239,10,10652.9324,359.6705,85.7500,6.0864,-0.0000,0.0000,921.1227,921.1227,4,47.7500,259.5500,1.000,0.000,0,0,0,100.0000,0,1,73.000,60,1,3111919616
1761,20.587853938,17.765642,16.668157,10,10668.2685,361.3057,85.7500,6.0864,-0.0000,0.0000,925.2952,925.2952,4,47.7500,282.6996,1.000,0.000,0,0,0,100.0000,0,1,73.000,60,1,3126255616
1762,20.599346544,11.492606,16.669018,10,10683.6741,362.9484,85.7500,6.0864,-0.0000,0.0000,929.4491,929.4491,4,47.7500,305.9554,1.000,0.000,0,0,0,100.0000,0,1,73.000,60,1,3108433920
1763,20.620260713,20.914169,16.667928,10,10699.1473,364.5983,85.7500,6.0864,-0.0000,0.0000,933.5840,933.5840,4,47.7500,329.3139,1.000,0.000,0,0,0,100.0000,0,1,73.000,60,1,3108442112
1764,20.636238586,15.977873,16.667478,10,10714.6883,366.2554,85.7500,6.0864,-0.0000,0.0000,937.7003,937.7002,4,47.7500,352.7758,1.000,0.000,0,0,0,100.0000,0,1,73.000,60,1,3108442112
1765,20.653872746,17.634160,16.667978,10,10730.2977,367.9198,85.7500,6.0864,-0.0000,0.0000,941.7981,941.7981,4,47.7500,16.3418,1.000,0.000,0,0,0,100.0000,0,1,73.000,60,1,3108442112
1766,20.670005292,16.132546,16.667628,11,10736.3034,368.5670,85.3873,6.0845,0.0120,0.1168,-271.5240,280.3694,4,47.7500,40.0103,1.000,0.000,0,0,0,60.0000,1,1,73.000,60,1,3109507072
