frame,wall_ms,sim_ms,phase,power,dormant,revision,panel_health,physics,debris_x,debris_y,debris_z,player_x,player_y,player_z,health,ammo,rival_health,infected_health
614,57.658204,355.252237,1,0,1,0,68.000,0,6500.000,700.000,110.000,0.000,0.000,90.000,100.000,60,-1.000,-1.000
615,16.706484,57.632153,1,0,1,0,68.000,0,6500.000,700.000,110.000,0.000,0.000,90.000,100.000,60,-1.000,-1.000
616,4.761421,16.698863,1,0,1,0,68.000,0,6500.000,700.000,110.000,0.000,0.000,90.000,100.000,60,-1.000,-1.000
617,15.491739,16.667284,1,0,1,0,68.000,0,6500.000,700.000,110.000,0.000,0.000,90.000,100.000,60,-1.000,-1.000
618,22.287483,16.667094,1,0,1,0,68.000,0,6500.000,700.000,110.000,6140.000,390.000,90.000,100.000,60,-1.000,-1.000
619,23.212932,16.667623,1,0,0,0,68.000,0,6500.000,700.000,110.000,6140.000,390.000,90.000,100.000,60,-1.000,-1.000
620,17.269666,16.667014,1,0,0,0,68.000,0,6500.000,700.000,110.000,6140.000,390.000,90.000,100.000,60,-1.000,-1.000
621,20.542246,16.668274,1,0,0,0,68.000,0,6500.000,700.000,110.000,6140.000,390.000,90.000,100.000,60,-1.000,-1.000
622,15.109431,20.364642,1,0,0,0,68.000,0,6500.000,700.000,110.000,6140.000,390.000,90.000,100.000,60,-1.000,-1.000
623,13.013946,16.676294,1,0,0,0,68.000,0,6500.000,700.000,110.000,6140.000,390.000,90.000,100.000,60,-1.000,-1.000
624,13.177899,16.668293,1,0,0,0,68.000,0,6500.000,700.000,110.000,6140.000,390.000,90.000,100.000,60,-1.000,-1.000
625,14.152220,16.668724,1,0,0,0,68.000,0,6500.000,700.000,110.000,6140.000,390.000,90.000,100.000,60,-1.000,-1.000
626,17.218905,16.667323,1,0,0,0,68.000,0,6500.000,700.000,110.000,6140.000,390.000,90.000,100.000,60,-1.000,-1.000
627,15.157303,16.668793,1,0,0,0,68.000,0,6500.000,700.000,110.000,6140.000,390.000,90.000,100.000,60,-1.000,-1.000
628,19.481423,16.667024,1,0,0,0,68.000,0,6500.000,700.000,110.000,6140.000,390.000,90.000,100.000,60,-1.000,-1.000
629,15.236783,16.668344,1,0,0,0,68.000,0,6500.000,700.000,110.000,6140.000,390.000,90.000,100.000,60,-1.000,-1.000
630,17.631494,16.667783,1,0,0,0,68.000,0,6500.000,700.000,110.000,6140.000,390.000,90.000,100.000,60,-1.000,-1.000
631,17.245046,16.667354,1,0,0,0,68.000,0,6500.000,700.000,110.000,6140.000,390.000,90.000,100.000,60,-1.000,-1.000
632,15.907297,16.667754,1,0,0,0,68.000,0,6500.000,700.000,110.000,6140.000,390.000,90.000,100.000,60,-1.000,-1.000
633,17.590034,16.667173,1,0,0,0,68.000,0,6500.000,700.000,110.000,6140.000,390.000,90.000,100.000,60,-1.000,-1.000
634,12.962845,16.668564,1,0,0,0,68.000,0,6500.000,700.000,110.000,6140.000,390.000,90.000,100.000,60,-1.000,-1.000
635,16.733894,16.667044,1,0,0,0,68.000,0,6500.000,700.000,110.000,6140.000,390.000,90.000,100.000,60,-1.000,-1.000
636,16.669934,16.667733,1,0,0,0,68.000,0,6500.000,700.000,110.000,6140.000,390.000,90.000,100.000,60,-1.000,-1.000
637,16.651104,16.667494,1,0,0,0,68.000,0,6500.000,700.000,110.000,6140.000,390.000,90.000,100.000,60,-1.000,-1.000
638,16.858898,16.667364,1,0,0,0,68.000,0,6500.000,700.000,110.000,6140.000,390.000,90.000,100.000,60,-1.000,-1.000
639,16.568530,16.667213,1,0,0,0,68.000,0,6500.000,700.000,110.000,6140.000,390.000,90.000,100.000,60,-1.000,-1.000
640,18.974893,16.668324,1,0,0,0,68.000,0,6500.000,700.000,110.000,6140.000,390.000,90.000,100.000,60,-1.000,-1.000
641,14.495398,16.668144,1,0,0,0,68.000,0,6500.000,700.000,110.000,6140.000,390.000,90.000,100.000,60,-1.000,-1.000
642,16.599332,16.667012,1,0,0,0,68.000,0,6500.000,700.000,110.000,6140.000,390.000,90.000,100.000,60,-1.000,-1.000
643,16.767106,16.667754,1,0,0,0,68.000,0,6500.000,700.000,110.000,6140.000,390.000,90.000,100.000,60,-1.000,-1.000
644,16.519379,16.668914,1,0,0,0,68.000,0,6500.000,700.000,110.000,6140.000,390.000,90.000,100.000,60,-1.000,-1.000
645,16.751546,16.668323,1,0,0,0,68.000,0,6500.000,700.000,110.000,6140.000,390.000,90.000,100.000,60,-1.000,-1.000
646,16.556522,16.668704,1,0,0,0,68.000,0,6500.000,700.000,110.000,6140.000,390.000,90.000,100.000,60,-1.000,-1.000
647,16.740844,16.667164,1,0,0,0,68.000,0,6500.000,700.000,110.000,6140.000,390.000,90.000,100.000,60,-1.000,-1.000
648,16.709595,16.667163,1,0,0,0,68.000,0,6500.000,700.000,110.000,6140.000,390.000,90.000,100.000,60,-1.000,-1.000
649,16.622323,16.668284,1,0,0,0,68.000,0,6500.000,700.000,110.000,6140.000,390.000,90.000,100.000,60,-1.000,-1.000
650,16.594101,16.668344,1,0,0,0,68.000,0,6500.000,700.000,110.000,6140.000,390.000,90.000,100.000,60,-1.000,-1.000
651,17.031962,16.667563,1,0,0,0,68.000,0,6500.000,700.000,110.000,6140.000,390.000,90.000,100.000,60,-1.000,-1.000
652,16.627133,16.669064,1,0,0,0,68.000,0,6500.000,700.000,110.000,6140.000,390.000,90.000,100.000,60,-1.000,-1.000
653,16.620663,16.667734,1,0,0,0,68.000,0,6500.000,700.000,110.000,6140.000,390.000,90.000,100.000,60,-1.000,-1.000
654,16.440898,16.668753,1,0,0,0,68.000,0,6500.000,700.000,110.000,6140.000,390.000,90.000,100.000,60,-1.000,-1.000
655,19.978794,16.668144,1,0,0,0,68.000,0,6500.000,700.000,110.000,6140.000,390.000,90.000,100.000,60,-1.000,-1.000
656,16.720565,16.667024,1,0,0,0,68.000,0,6500.000,700.000,110.000,6140.000,390.000,90.000,100.000,60,-1.000,-1.000
657,13.328283,16.668273,1,0,0,0,68.000,0,6500.000,700.000,110.000,6140.000,390.000,90.000,100.000,60,-1.000,-1.000
658,19.731908,16.667264,1,0,0,0,68.000,0,6500.000,700.000,110.000,6140.000,390.000,90.000,100.000,60,-1.000,-1.000
659,16.960520,16.667964,1,0,0,0,68.000,0,6500.000,700.000,110.000,6140.000,390.000,90.000,100.000,60,-1.000,-1.000
660,16.614272,16.668623,1,0,0,0,68.000,0,6500.000,700.000,110.000,6140.000,390.000,90.000,100.000,60,-1.000,-1.000
661,13.357454,16.667974,1,0,0,0,68.000,0,6500.000,700.000,110.000,6140.000,390.000,90.000,100.000,60,-1.000,-1.000
662,16.613732,16.667234,1,0,0,0,68.000,0,6500.000,700.000,110.000,6140.000,390.000,90.000,100.000,60,-1.000,-1.000
663,16.412999,16.667732,1,0,0,0,68.000,0,6500.000,700.000,110.000,6140.000,390.000,90.000,100.000,60,-1.000,-1.000
664,16.725164,16.668394,1,0,0,0,68.000,0,6500.000,700.000,110.000,6140.000,390.000,90.000,100.000,60,-1.000,-1.000
665,19.156557,16.667424,1,0,0,0,68.000,0,6500.000,700.000,110.000,6140.000,390.000,90.000,100.000,60,-1.000,-1.000
666,19.448843,16.668583,1,0,0,0,68.000,0,6500.000,700.000,110.000,6140.000,390.000,90.000,100.000,60,-1.000,-1.000
667,12.052035,16.668514,1,0,0,0,68.000,0,6500.000,700.000,110.000,6140.000,390.000,90.000,100.000,60,-1.000,-1.000
668,17.081533,16.668824,1,0,0,0,68.000,0,6500.000,700.000,110.000,6140.000,390.000,90.000,100.000,60,-1.000,-1.000
669,21.216499,16.667463,1,0,0,0,68.000,0,6500.000,700.000,110.000,6140.000,390.000,90.000,100.000,60,-1.000,-1.000
670,14.476098,16.667174,1,0,0,0,68.000,0,6500.000,700.000,110.000,6140.000,390.000,90.000,100.000,60,-1.000,-1.000
671,17.371608,16.668304,1,0,0,0,68.000,0,6500.000,700.000,110.000,6140.000,390.000,90.000,100.000,60,-1.000,-1.000
672,15.647573,16.668003,1,0,0,0,68.000,0,6500.000,700.000,110.000,6140.000,390.000,90.000,100.000,60,-1.000,-1.000
673,17.436339,16.667284,1,0,0,0,68.000,0,6500.000,700.000,110.000,6140.000,390.000,90.000,100.000,60,-1.000,-1.000
674,16.916049,16.668034,1,0,0,0,68.000,0,6500.000,700.000,110.000,6140.000,390.000,90.000,100.000,60,-1.000,-1.000
675,16.465810,16.667263,1,0,0,0,68.000,0,6500.000,700.000,110.000,6140.000,390.000,90.000,100.000,60,-1.000,-1.000
676,17.677804,16.668064,1,0,0,0,68.000,0,6500.000,700.000,110.000,6140.000,390.000,90.000,100.000,60,-1.000,-1.000
677,17.230817,16.921759,1,0,0,0,68.000,0,6500.000,700.000,110.000,6140.000,390.000,90.000,100.000,60,-1.000,-1.000
678,10.696716,16.666973,1,0,0,0,68.000,0,6500.000,700.000,110.000,6140.000,390.000,90.000,100.000,60,-1.000,-1.000
679,17.294426,16.667474,1,0,0,0,68.000,0,6500.000,700.000,110.000,6140.000,390.000,90.000,100.000,60,-1.000,-1.000
680,19.656238,16.667934,1,0,0,0,68.000,0,6500.000,700.000,110.000,6140.000,390.000,90.000,100.000,60,-1.000,-1.000
681,16.947159,16.667603,1,0,0,0,68.000,0,6500.000,700.000,110.000,6140.000,390.000,90.000,100.000,60,-1.000,-1.000
682,18.209527,16.668214,1,0,0,0,68.000,0,6500.000,700.000,110.000,6140.000,390.000,90.000,100.000,60,-1.000,-1.000
683,16.098381,16.667814,1,0,0,0,68.000,0,6500.000,700.000,110.000,6140.000,390.000,90.000,100.000,60,-1.000,-1.000
684,16.162154,16.668713,1,0,0,0,68.000,0,6500.000,700.000,110.000,6140.000,390.000,90.000,100.000,60,-1.000,-1.000
685,16.974189,16.668464,1,0,0,0,68.000,0,6500.000,700.000,110.000,6140.000,390.000,90.000,100.000,60,-1.000,-1.000
686,17.136164,16.668354,1,0,0,0,68.000,0,6500.000,700.000,110.000,6140.000,390.000,90.000,100.000,60,-1.000,-1.000
687,16.246265,16.668213,1,0,0,0,68.000,0,6500.000,700.000,110.000,6140.000,390.000,90.000,100.000,60,-1.000,-1.000
688,17.334327,16.668564,1,0,0,0,68.000,0,6500.000,700.000,110.000,6140.000,390.000,90.000,100.000,60,-1.000,-1.000
689,15.688613,16.668564,1,0,0,0,68.000,0,6500.000,700.000,110.000,6140.000,390.000,90.000,100.000,60,-1.000,-1.000
690,17.235486,16.668072,1,0,0,0,68.000,0,6500.000,700.000,110.000,6140.000,390.000,90.000,100.000,60,-1.000,-1.000
691,15.855726,16.667874,1,0,0,0,68.000,0,6500.000,700.000,110.000,6140.000,390.000,90.000,100.000,60,-1.000,-1.000
692,16.694005,16.667824,1,0,0,0,68.000,0,6500.000,700.000,110.000,6140.000,390.000,90.000,100.000,60,-1.000,-1.000
693,16.652982,16.667553,1,0,0,0,68.000,0,6500.000,700.000,110.000,6140.000,390.000,90.000,100.000,60,-1.000,-1.000
694,18.211767,16.667884,1,0,0,0,68.000,0,6500.000,700.000,110.000,6140.000,390.000,90.000,100.000,60,-1.000,-1.000
695,11.576456,16.667494,1,0,0,0,68.000,0,6500.000,700.000,110.000,6140.000,390.000,90.000,100.000,60,-1.000,-1.000
696,21.514287,16.668403,1,0,0,0,68.000,0,6500.000,700.000,110.000,6140.000,390.000,90.000,100.000,60,-1.000,-1.000
697,16.636752,16.667364,1,0,0,0,68.000,0,6500.000,700.000,110.000,6140.000,390.000,90.000,100.000,60,-1.000,-1.000
698,16.758816,16.668364,1,0,0,0,68.000,0,6500.000,700.000,110.000,6140.000,390.000,90.000,100.000,60,-1.000,-1.000
699,11.839331,16.668063,1,0,0,0,68.000,0,6500.000,700.000,110.000,6140.000,390.000,90.000,100.000,60,-1.000,-1.000
700,16.833147,16.667344,1,0,0,0,68.000,0,6500.000,700.000,110.000,6140.000,390.000,90.000,100.000,60,-1.000,-1.000
701,16.744595,16.668484,1,0,0,0,68.000,0,6500.000,700.000,110.000,6140.000,390.000,90.000,100.000,60,-1.000,-1.000
702,16.616653,16.668533,1,0,0,0,68.000,0,6500.000,700.000,110.000,6140.000,390.000,90.000,100.000,60,-1.000,-1.000
703,16.659044,16.667744,1,0,0,0,68.000,0,6500.000,700.000,110.000,6140.000,390.000,90.000,100.000,60,-1.000,-1.000
704,20.678518,16.667844,1,0,0,0,68.000,0,6500.000,700.000,110.000,6140.000,390.000,90.000,100.000,60,-1.000,-1.000
705,12.503105,16.668193,1,0,0,0,68.000,0,6500.000,700.000,110.000,6140.000,390.000,90.000,100.000,60,-1.000,-1.000
706,19.587225,16.667214,1,0,0,0,68.000,0,6500.000,700.000,110.000,6140.000,390.000,90.000,100.000,60,-1.000,-1.000
707,13.756542,16.669064,1,0,0,0,68.000,0,6500.000,700.000,110.000,6140.000,390.000,90.000,100.000,60,-1.000,-1.000
708,21.092418,16.668933,1,0,0,0,68.000,0,6500.000,700.000,110.000,6140.000,390.000,90.000,100.000,60,-1.000,-1.000
709,17.335498,16.668194,1,0,0,0,68.000,0,6500.000,700.000,110.000,6140.000,390.000,90.000,100.000,60,-1.000,-1.000
710,18.104264,16.667454,26,0,0,0,68.000,0,6500.000,700.000,110.000,6140.000,390.000,90.000,100.000,60,-1.000,-1.000
711,780.511880,16.667423,26,0,0,0,68.000,0,6500.000,700.000,110.000,6140.000,390.000,90.000,100.000,60,-1.000,-1.000
712,7.806496,774.053163,26,0,0,0,68.000,0,6500.000,700.000,110.000,6140.000,390.000,90.000,100.000,60,-1.000,-1.000
713,11.268588,16.667233,26,0,0,0,68.000,0,6500.000,700.000,110.000,6140.000,390.000,90.000,100.000,60,-1.000,-1.000
714,16.638944,16.667233,26,0,0,0,68.000,0,6500.000,700.000,110.000,6140.000,390.000,90.000,100.000,60,-1.000,-1.000
715,18.477301,16.668444,26,0,0,0,68.000,0,6500.000,700.000,110.000,6140.000,390.000,90.000,100.000,60,-1.000,-1.000
716,15.780945,16.667174,26,0,0,0,68.000,0,6500.000,700.000,110.000,6140.000,390.000,90.000,100.000,60,-1.000,-1.000
717,16.222054,16.667423,2,0,0,0,68.000,0,6500.000,700.000,110.000,6140.000,390.000,90.000,100.000,60,-1.000,-1.000
718,18.687177,16.667664,2,1,0,1,68.000,0,6500.000,700.000,110.000,6140.000,390.000,90.000,100.000,60,-1.000,-1.000
719,15.722423,16.667774,2,1,0,1,68.000,0,6500.000,700.000,110.000,6140.000,390.000,90.000,100.000,60,-1.000,-1.000
720,19.568766,16.668303,2,1,0,1,68.000,0,6500.000,700.000,110.000,6140.000,390.000,90.000,100.000,60,-1.000,-1.000
721,17.061082,16.667604,2,1,0,1,68.000,0,6500.000,700.000,110.000,6140.000,390.000,90.000,100.000,60,-1.000,-1.000
722,17.947400,16.667734,2,1,0,1,68.000,0,6500.000,700.000,110.000,6140.000,390.000,90.000,100.000,60,-1.000,-1.000
723,14.481967,16.667913,2,1,0,1,68.000,0,6500.000,700.000,110.000,6140.000,390.000,90.000,100.000,60,-1.000,-1.000
724,14.528489,16.668154,2,1,0,1,68.000,0,6500.000,700.000,110.000,6140.000,390.000,90.000,100.000,60,-1.000,-1.000
725,16.188793,16.667824,2,1,0,1,68.000,0,6500.000,700.000,110.000,6140.000,390.000,90.000,100.000,60,-1.000,-1.000
726,16.960530,16.667963,2,1,0,1,68.000,0,6500.000,700.000,110.000,6140.000,390.000,90.000,100.000,60,-1.000,-1.000
727,16.423209,16.668294,2,1,0,1,68.000,0,6500.000,700.000,110.000,6140.000,390.000,90.000,100.000,60,-1.000,-1.000
728,16.575781,16.667324,2,1,0,1,68.000,0,6500.000,700.000,110.000,6140.000,390.000,90.000,100.000,60,-1.000,-1.000
729,20.133897,16.668863,2,1,0,1,68.000,0,6500.000,700.000,110.000,6140.000,390.000,90.000,100.000,60,-1.000,-1.000
730,13.383995,16.669424,2,1,0,1,68.000,0,6500.000,700.000,110.000,6140.000,390.000,90.000,100.000,60,-1.000,-1.000
731,22.116499,16.668794,2,1,0,1,68.000,0,6500.000,700.000,110.000,6140.000,390.000,90.000,100.000,60,-1.000,-1.000
732,12.619557,16.668213,2,1,0,1,68.000,0,6500.000,700.000,110.000,6140.000,390.000,90.000,100.000,60,-1.000,-1.000
733,17.026131,16.668894,2,1,0,1,68.000,0,6500.000,700.000,110.000,6140.000,390.000,90.000,100.000,60,-1.000,-1.000
734,16.834808,16.667474,2,1,0,1,68.000,0,6500.000,700.000,110.000,6140.000,390.000,90.000,100.000,60,-1.000,-1.000
735,17.616674,16.667543,2,1,0,1,68.000,0,6500.000,700.000,110.000,6140.000,390.000,90.000,100.000,60,-1.000,-1.000
736,17.841009,16.669044,2,1,0,1,68.000,0,6500.000,700.000,110.000,6140.000,390.000,90.000,100.000,60,-1.000,-1.000
737,13.234440,16.667444,2,1,0,1,68.000,0,6500.000,700.000,110.000,6140.000,390.000,90.000,100.000,60,-1.000,-1.000
738,16.637073,16.667433,2,1,0,1,68.000,0,6500.000,700.000,110.000,6140.000,390.000,90.000,100.000,60,-1.000,-1.000
739,17.006510,16.668494,2,1,0,1,68.000,0,6500.000,700.000,110.000,6140.000,390.000,90.000,100.000,60,-1.000,-1.000
740,16.849408,16.668624,2,1,0,1,68.000,0,6500.000,700.000,110.000,6140.000,390.000,90.000,100.000,60,-1.000,-1.000
741,16.061931,16.667813,3,1,0,1,68.000,0,6500.000,700.000,110.000,6140.000,390.000,90.000,100.000,60,-1.000,-1.000
742,19.224659,16.668804,3,1,0,1,68.000,0,6500.000,700.000,110.000,5900.000,390.000,90.000,100.000,60,-1.000,-1.000
743,13.967106,16.668874,3,1,0,1,68.000,0,6500.000,700.000,110.000,5900.000,390.000,90.000,100.000,60,-1.000,-1.000
744,16.613862,16.667393,3,1,0,1,68.000,0,6500.000,700.000,110.000,5900.000,390.000,90.000,100.000,60,-1.000,-1.000
745,16.715675,16.669174,3,1,0,1,68.000,0,6500.000,700.000,110.000,5900.000,390.000,90.000,100.000,60,-1.000,-1.000
746,16.713415,16.667514,3,1,0,1,68.000,0,6500.000,700.000,110.000,5900.000,390.000,90.000,100.000,60,-1.000,-1.000
747,16.615932,16.668863,3,1,0,1,68.000,0,6500.000,700.000,110.000,5900.000,390.000,90.000,100.000,60,-1.000,-1.000
748,16.785666,16.668824,3,1,0,1,68.000,0,6500.000,700.000,110.000,5900.000,390.000,90.000,100.000,60,-1.000,-1.000
749,16.340426,16.667364,3,1,0,1,68.000,0,6500.000,700.000,110.000,5900.000,390.000,90.000,100.000,60,-1.000,-1.000
750,17.520533,16.667123,3,1,0,1,68.000,0,6500.000,700.000,110.000,5900.000,390.000,90.000,100.000,60,-1.000,-1.000
751,17.023761,16.668704,3,1,0,1,68.000,0,6500.000,700.000,110.000,5900.000,390.000,90.000,100.000,60,-1.000,-1.000
752,16.372747,16.667934,3,1,0,1,68.000,0,6500.000,700.000,110.000,5900.000,390.000,90.000,100.000,60,-1.000,-1.000
753,15.056479,16.667933,3,1,0,1,68.000,0,6500.000,700.000,110.000,5900.000,390.000,90.000,100.000,60,-1.000,-1.000
754,16.506961,16.667884,3,1,0,1,68.000,0,6500.000,700.000,110.000,5900.000,390.000,90.000,100.000,60,-1.000,-1.000
755,19.999794,16.667974,3,1,0,1,68.000,0,6500.000,700.000,110.000,5900.000,390.000,90.000,100.000,60,-1.000,-1.000
756,13.435395,16.668153,3,1,0,1,68.000,0,6500.000,700.000,110.000,5900.000,390.000,90.000,100.000,60,-1.000,-1.000
757,16.847248,16.667374,3,1,0,1,68.000,0,6500.000,700.000,110.000,5900.000,390.000,90.000,100.000,60,-1.000,-1.000
758,20.083926,16.667044,3,1,0,1,68.000,0,6500.000,700.000,110.000,5900.000,390.000,90.000,100.000,60,-1.000,-1.000
759,20.397603,16.667823,3,1,0,1,68.000,0,6500.000,700.000,110.000,5900.000,390.000,90.000,100.000,60,-1.000,-1.000
760,11.417922,16.668224,3,1,0,1,68.000,0,6500.000,700.000,110.000,5900.000,390.000,90.000,100.000,60,-1.000,-1.000
761,16.227934,16.667453,3,1,0,1,68.000,0,6500.000,700.000,110.000,5900.000,390.000,90.000,100.000,60,-1.000,-1.000
762,18.398281,16.668374,3,1,0,1,68.000,0,6500.000,700.000,110.000,5900.000,390.000,90.000,100.000,60,-1.000,-1.000
763,14.708771,16.668144,3,1,0,1,68.000,0,6500.000,700.000,110.000,5900.000,390.000,90.000,100.000,60,-1.000,-1.000
764,18.244177,16.668133,3,1,0,1,68.000,0,6500.000,700.000,110.000,5900.000,390.000,90.000,100.000,60,-1.000,-1.000
765,15.468709,16.668304,3,1,0,1,68.000,0,6500.000,700.000,110.000,5900.000,390.000,90.000,100.000,60,-1.000,-1.000
766,18.440661,16.730215,3,1,0,1,68.000,0,6500.000,700.000,110.000,5900.000,390.000,90.000,100.000,60,-1.000,-1.000
767,17.840478,16.668634,3,1,0,1,68.000,0,6500.000,700.000,110.000,5900.000,390.000,90.000,100.000,60,-1.000,-1.000
768,14.405307,16.667223,3,1,0,1,68.000,0,6500.000,700.000,110.000,5900.000,390.000,90.000,100.000,60,-1.000,-1.000
769,18.653875,16.668174,3,1,0,1,68.000,0,6500.000,700.000,110.000,5900.000,390.000,90.000,100.000,60,-1.000,-1.000
770,14.311874,16.667524,3,1,0,1,68.000,0,6500.000,700.000,110.000,5900.000,390.000,90.000,100.000,60,-1.000,-1.000
771,17.426760,16.668123,3,1,0,1,68.000,0,6500.000,700.000,110.000,5900.000,390.000,90.000,100.000,60,-1.000,-1.000
772,16.544741,16.667614,3,1,0,1,68.000,0,6500.000,700.000,110.000,5900.000,390.000,90.000,100.000,60,-1.000,-1.000
773,16.833446,16.667353,3,1,0,1,68.000,0,6500.000,700.000,110.000,5900.000,390.000,90.000,100.000,60,-1.000,-1.000
774,16.380009,16.668924,3,1,0,1,68.000,0,6500.000,700.000,110.000,5900.000,390.000,90.000,100.000,60,-1.000,-1.000
775,16.374187,16.668014,3,1,0,1,68.000,0,6500.000,700.000,110.000,5900.000,390.000,90.000,100.000,60,-1.000,-1.000
776,17.642694,16.667393,3,1,0,1,68.000,0,6500.000,700.000,110.000,5900.000,390.000,90.000,100.000,60,-1.000,-1.000
777,15.283764,16.668044,3,1,0,1,68.000,0,6500.000,700.000,110.000,5900.000,390.000,90.000,100.000,60,-1.000,-1.000
778,17.125704,16.667074,3,1,0,1,68.000,0,6500.000,700.000,110.000,5900.000,390.000,90.000,100.000,60,-1.000,-1.000
779,16.750295,16.667793,3,1,0,1,68.000,0,6500.000,700.000,110.000,5900.000,390.000,90.000,100.000,60,-1.000,-1.000
780,16.340437,16.667634,3,1,0,1,68.000,0,6500.000,700.000,110.000,5900.000,390.000,90.000,100.000,60,-1.000,-1.000
781,17.002970,16.668584,3,1,0,1,68.000,0,6500.000,700.000,110.000,5900.000,390.000,90.000,100.000,60,-1.000,-1.000
782,16.554292,16.667283,3,1,0,1,68.000,0,6500.000,700.000,110.000,5900.000,390.000,90.000,100.000,60,-1.000,-1.000
783,18.878331,16.667194,3,1,0,1,68.000,0,6500.000,700.000,110.000,5900.000,390.000,90.000,100.000,60,-1.000,-1.000
784,16.378227,16.668104,3,1,0,1,68.000,0,6500.000,700.000,110.000,5900.000,390.000,90.000,100.000,60,-1.000,-1.000
785,17.529002,16.667493,3,1,0,1,68.000,0,6500.000,700.000,110.000,5900.000,390.000,90.000,100.000,60,-1.000,-1.000
786,16.513740,16.668614,3,1,0,1,68.000,0,6500.000,700.000,110.000,5900.000,390.000,90.000,100.000,60,-1.000,-1.000
787,15.285604,16.667764,3,1,0,1,68.000,0,6500.000,700.000,110.000,5900.000,390.000,90.000,100.000,60,-1.000,-1.000
788,15.440798,16.668523,3,1,0,1,68.000,0,6500.000,700.000,110.000,5900.000,390.000,90.000,100.000,60,-1.000,-1.000
789,16.250895,16.667894,3,1,0,1,68.000,0,6500.000,700.000,110.000,5900.000,390.000,90.000,100.000,60,-1.000,-1.000
790,16.388597,16.668984,3,1,0,1,68.000,0,6500.000,700.000,110.000,5900.000,390.000,90.000,100.000,60,-1.000,-1.000
791,16.677495,16.668043,3,1,0,1,68.000,0,6500.000,700.000,110.000,5900.000,390.000,90.000,100.000,60,-1.000,-1.000
792,16.612022,16.667364,3,1,0,1,68.000,0,6500.000,700.000,110.000,5900.000,390.000,90.000,100.000,60,-1.000,-1.000
793,16.732325,16.668914,3,1,0,1,68.000,0,6500.000,700.000,110.000,5900.000,390.000,90.000,100.000,60,-1.000,-1.000
794,16.663884,16.668723,3,1,0,1,68.000,0,6500.000,700.000,110.000,5900.000,390.000,90.000,100.000,60,-1.000,-1.000
795,17.087452,16.667304,3,1,0,1,68.000,0,6500.000,700.000,110.000,5900.000,390.000,90.000,100.000,60,-1.000,-1.000
796,16.665644,16.668204,3,1,0,1,68.000,0,6500.000,700.000,110.000,5900.000,390.000,90.000,100.000,60,-1.000,-1.000
797,15.559850,16.667943,3,1,0,1,68.000,0,6500.000,700.000,110.000,5900.000,390.000,90.000,100.000,60,-1.000,-1.000
798,16.616413,16.668254,3,1,0,1,68.000,0,6500.000,700.000,110.000,5900.000,390.000,90.000,100.000,60,-1.000,-1.000
799,16.738495,16.668154,3,1,0,1,68.000,0,6500.000,700.000,110.000,5900.000,390.000,90.000,100.000,60,-1.000,-1.000
800,16.778265,16.668103,3,1,0,1,68.000,0,6500.000,700.000,110.000,5900.000,390.000,90.000,100.000,60,-1.000,-1.000
801,21.104779,16.667954,4,1,0,1,68.000,0,6500.000,700.000,110.000,5900.000,390.000,90.000,100.000,60,-1.000,-1.000
802,17.534752,16.667984,4,1,0,1,68.000,0,6500.000,700.000,110.000,6200.000,610.000,90.000,100.000,60,-1.000,-1.000
803,11.621637,16.667703,4,1,0,1,68.000,0,6500.000,700.000,110.000,6200.000,610.000,90.000,100.000,60,-1.000,-1.000
804,16.648862,16.669054,4,1,0,1,68.000,0,6500.000,700.000,110.000,6200.000,610.000,90.000,100.000,60,-1.000,-1.000
805,16.706355,16.718125,4,1,0,1,68.000,0,6500.000,700.000,110.000,6200.000,610.000,90.000,100.000,60,-1.000,-1.000
806,16.484059,16.668493,4,1,0,1,68.000,0,6500.000,700.000,110.000,6200.000,610.000,90.000,100.000,60,-1.000,-1.000
807,16.713655,16.668224,4,1,0,1,68.000,0,6500.000,700.000,110.000,6200.000,610.000,90.000,100.000,60,-1.000,-1.000
808,16.814207,16.668394,4,1,0,1,68.000,0,6500.000,700.000,110.000,6200.000,610.000,90.000,100.000,60,-1.000,-1.000
809,16.889199,16.667823,4,1,0,1,68.000,0,6500.000,700.000,110.000,6200.000,610.000,90.000,100.000,60,-1.000,-1.000
810,17.731166,16.682905,4,1,0,1,68.000,0,6500.000,700.000,110.000,6200.000,610.000,90.000,100.000,60,-1.000,-1.000
811,15.188132,16.668264,4,1,0,1,68.000,0,6500.000,700.000,110.000,6200.000,610.000,90.000,100.000,60,-1.000,-1.000
812,16.696884,16.667493,4,1,0,1,68.000,0,6500.000,700.000,110.000,6200.000,610.000,90.000,100.000,60,-1.000,-1.000
813,16.959110,16.669204,4,1,0,1,68.000,0,6500.000,700.000,110.000,6200.000,610.000,90.000,100.000,60,-1.000,-1.000
814,16.897518,16.669304,4,1,0,1,68.000,0,6500.000,700.000,110.000,6200.000,610.000,90.000,100.000,60,-1.000,-1.000
815,16.094002,16.669293,4,1,0,1,68.000,0,6500.000,700.000,110.000,6200.000,610.000,90.000,100.000,60,-1.000,-1.000
816,16.655284,16.669214,4,1,0,1,68.000,0,6500.000,700.000,110.000,6200.000,610.000,90.000,100.000,60,-1.000,-1.000
817,16.805156,16.668684,4,1,0,1,68.000,0,6500.000,700.000,110.000,6200.000,610.000,90.000,100.000,60,-1.000,-1.000
818,16.505800,16.668943,4,1,0,1,68.000,0,6500.000,700.000,110.000,6200.000,610.000,90.000,100.000,60,-1.000,-1.000
819,16.570812,16.668214,4,1,0,1,68.000,0,6500.000,700.000,110.000,6200.000,610.000,90.000,100.000,60,-1.000,-1.000
820,16.617723,16.668404,4,1,0,1,68.000,0,6500.000,700.000,110.000,6200.000,610.000,90.000,100.000,60,-1.000,-1.000
821,16.604712,16.667413,4,1,0,1,68.000,0,6500.000,700.000,110.000,6200.000,610.000,90.000,100.000,60,-1.000,-1.000
822,17.403330,16.667864,4,1,0,1,68.000,0,6500.000,700.000,110.000,6200.000,610.000,90.000,100.000,60,-1.000,-1.000
823,16.478469,16.667644,4,1,0,1,68.000,0,6500.000,700.000,110.000,6200.000,610.000,90.000,100.000,60,-1.000,-1.000
824,16.699335,16.669223,4,1,0,1,68.000,0,6500.000,700.000,110.000,6200.000,610.000,90.000,100.000,60,-1.000,-1.000
825,17.508531,16.807037,4,1,0,1,68.000,0,6500.000,700.000,110.000,6200.000,610.000,90.000,100.000,60,-1.000,-1.000
826,15.844766,16.668544,4,1,0,1,68.000,0,6500.000,700.000,110.000,6200.000,610.000,90.000,100.000,60,-1.000,-1.000
827,16.508391,16.667563,4,1,0,1,68.000,0,6500.000,700.000,110.000,6200.000,610.000,90.000,100.000,60,-1.000,-1.000
828,19.092965,16.669354,4,1,0,1,68.000,0,6500.000,700.000,110.000,6200.000,610.000,90.000,100.000,60,-1.000,-1.000
829,18.457211,16.667574,4,1,0,1,68.000,0,6500.000,700.000,110.000,6200.000,610.000,90.000,100.000,60,-1.000,-1.000
830,14.589660,16.670983,4,1,0,1,68.000,0,6500.000,700.000,110.000,6200.000,610.000,90.000,100.000,60,-1.000,-1.000
831,16.855248,16.667654,4,1,0,1,68.000,0,6500.000,700.000,110.000,6200.000,610.000,90.000,100.000,60,-1.000,-1.000
832,14.627529,16.668994,4,1,0,1,68.000,0,6500.000,700.000,110.000,6200.000,610.000,90.000,100.000,60,-1.000,-1.000
833,16.228505,16.669503,4,1,0,1,68.000,0,6500.000,700.000,110.000,6200.000,610.000,90.000,100.000,60,-1.000,-1.000
834,16.626773,16.668904,4,1,0,1,68.000,0,6500.000,700.000,110.000,6200.000,610.000,90.000,100.000,60,-1.000,-1.000
835,20.750520,16.668484,4,1,0,1,68.000,0,6500.000,700.000,110.000,6200.000,610.000,90.000,100.000,60,-1.000,-1.000
836,17.084363,16.667583,4,1,0,1,68.000,0,6500.000,700.000,110.000,6200.000,610.000,90.000,100.000,60,-1.000,-1.000
837,12.042205,16.668704,4,1,0,1,68.000,0,6500.000,700.000,110.000,6200.000,610.000,90.000,100.000,60,-1.000,-1.000
838,20.267150,16.667764,4,1,0,1,68.000,0,6500.000,700.000,110.000,6200.000,610.000,90.000,100.000,60,-1.000,-1.000
839,17.504892,16.667253,4,1,0,1,68.000,0,6500.000,700.000,110.000,6200.000,610.000,90.000,100.000,60,-1.000,-1.000
840,12.473494,16.669324,4,1,0,1,68.000,0,6500.000,700.000,110.000,6200.000,610.000,90.000,100.000,60,-1.000,-1.000
841,16.619893,16.668694,4,1,0,1,68.000,0,6500.000,700.000,110.000,6200.000,610.000,90.000,100.000,60,-1.000,-1.000
842,17.066322,16.669353,4,1,0,1,68.000,0,6500.000,700.000,110.000,6200.000,610.000,90.000,100.000,60,-1.000,-1.000
843,16.377857,16.667774,4,1,0,1,68.000,0,6500.000,700.000,110.000,6200.000,610.000,90.000,100.000,60,-1.000,-1.000
844,16.361027,16.667354,4,1,0,1,68.000,0,6500.000,700.000,110.000,6200.000,610.000,90.000,100.000,60,-1.000,-1.000
845,20.404064,16.667893,4,1,0,1,68.000,0,6500.000,700.000,110.000,6200.000,610.000,90.000,100.000,60,-1.000,-1.000
846,19.135326,16.667864,4,1,0,1,68.000,0,6500.000,700.000,110.000,6200.000,610.000,90.000,100.000,60,-1.000,-1.000
847,10.758158,16.669254,4,1,0,1,68.000,0,6500.000,700.000,110.000,6200.000,610.000,90.000,100.000,60,-1.000,-1.000
848,16.526020,16.667343,4,1,0,1,68.000,0,6500.000,700.000,110.000,6200.000,610.000,90.000,100.000,60,-1.000,-1.000
849,17.016941,16.667484,4,1,0,1,68.000,0,6500.000,700.000,110.000,6200.000,610.000,90.000,100.000,60,-1.000,-1.000
850,16.576793,16.667144,4,1,0,1,68.000,0,6500.000,700.000,110.000,6200.000,610.000,90.000,100.000,60,-1.000,-1.000
851,16.545430,16.667603,4,1,0,1,68.000,0,6500.000,700.000,110.000,6200.000,610.000,90.000,100.000,60,-1.000,-1.000
852,16.834748,16.667384,4,1,0,1,68.000,0,6500.000,700.000,110.000,6200.000,610.000,90.000,100.000,60,-1.000,-1.000
853,16.826697,16.669414,4,1,0,1,68.000,0,6500.000,700.000,110.000,6200.000,610.000,90.000,100.000,60,-1.000,-1.000
854,16.452468,16.668873,4,1,0,1,68.000,0,6500.000,700.000,110.000,6200.000,610.000,90.000,100.000,60,-1.000,-1.000
855,16.619333,16.668674,4,1,0,1,68.000,0,6500.000,700.000,110.000,6200.000,610.000,90.000,100.000,60,-1.000,-1.000
856,17.207245,16.668444,4,1,0,1,68.000,0,6500.000,700.000,110.000,6200.000,610.000,90.000,100.000,60,-1.000,-1.000
857,16.593433,16.667843,4,1,0,1,68.000,0,6500.000,700.000,110.000,6200.000,610.000,90.000,100.000,60,-1.000,-1.000
858,16.772946,16.669164,4,1,0,1,68.000,0,6500.000,700.000,110.000,6200.000,610.000,90.000,100.000,60,-1.000,-1.000
859,16.697914,16.667964,4,1,0,1,68.000,0,6500.000,700.000,110.000,6200.000,610.000,90.000,100.000,60,-1.000,-1.000
860,16.354787,16.668064,4,1,0,1,68.000,0,6500.000,700.000,110.000,6200.000,610.000,90.000,100.000,60,-1.000,-1.000
861,16.898049,16.668153,5,1,0,1,68.000,0,6500.000,700.000,110.000,6200.000,610.000,90.000,100.000,60,-1.000,-1.000
862,18.194536,16.668895,5,1,0,2,34.000,0,6500.000,700.000,110.000,6200.000,610.000,90.000,100.000,59,-1.000,-1.000
863,15.237283,16.667633,5,1,0,2,34.000,0,6500.000,700.000,110.000,6200.000,610.000,90.000,100.000,59,-1.000,-1.000
864,17.253466,16.669084,5,1,0,2,34.000,0,6500.000,700.000,110.000,6200.000,610.000,90.000,100.000,59,-1.000,-1.000
865,16.289346,16.669234,5,1,0,2,34.000,0,6500.000,700.000,110.000,6200.000,610.000,90.000,100.000,59,-1.000,-1.000
866,16.133332,16.668203,5,1,0,2,34.000,0,6500.000,700.000,110.000,6200.000,610.000,90.000,100.000,59,-1.000,-1.000
867,17.410599,16.667774,6,1,0,2,34.000,0,6500.000,700.000,110.000,6200.000,610.000,90.000,100.000,59,-1.000,-1.000
868,194.403545,16.668174,6,1,0,2,34.000,0,6500.000,700.000,110.000,6200.000,610.000,90.000,100.000,59,-1.000,-1.000
869,4.843443,183.142886,6,1,0,2,34.000,0,6500.000,700.000,110.000,6200.000,610.000,90.000,100.000,59,-1.000,-1.000
870,15.443739,16.667323,6,1,0,2,34.000,0,6500.000,700.000,110.000,6200.000,610.000,90.000,100.000,59,-1.000,-1.000
871,16.643022,16.668174,6,1,0,2,34.000,0,6500.000,700.000,110.000,6200.000,610.000,90.000,100.000,59,-1.000,-1.000
872,16.952270,16.667414,6,1,0,2,34.000,0,6500.000,700.000,110.000,6200.000,610.000,90.000,100.000,59,-1.000,-1.000
873,16.988510,16.667313,6,1,0,2,34.000,0,6500.000,700.000,110.000,6200.000,610.000,90.000,100.000,59,-1.000,-1.000
874,16.233355,16.667604,6,1,0,2,34.000,0,6500.000,700.000,110.000,6200.000,610.000,90.000,100.000,59,-1.000,-1.000
875,16.738725,16.667374,6,1,0,2,34.000,0,6500.000,700.000,110.000,6200.000,610.000,90.000,100.000,59,-1.000,-1.000
876,17.300878,16.668703,6,1,0,2,34.000,0,6500.000,700.000,110.000,6200.000,610.000,90.000,100.000,59,-1.000,-1.000
877,16.817246,16.668154,6,1,0,2,34.000,0,6500.000,700.000,110.000,6200.000,610.000,90.000,100.000,59,-1.000,-1.000
878,16.728735,16.667974,6,1,0,2,34.000,0,6500.000,700.000,110.000,6200.000,610.000,90.000,100.000,59,-1.000,-1.000
879,16.305496,16.668803,6,1,0,2,34.000,0,6500.000,700.000,110.000,6200.000,610.000,90.000,100.000,59,-1.000,-1.000
880,16.436419,16.667054,6,1,0,2,34.000,0,6500.000,700.000,110.000,6200.000,610.000,90.000,100.000,59,-1.000,-1.000
881,16.658563,16.668444,6,1,0,2,34.000,0,6500.000,700.000,110.000,6200.000,610.000,90.000,100.000,59,-1.000,-1.000
882,16.747966,16.667883,6,1,0,2,34.000,0,6500.000,700.000,110.000,6200.000,610.000,90.000,100.000,59,-1.000,-1.000
883,16.846057,16.668724,6,1,0,2,34.000,0,6500.000,700.000,110.000,6200.000,610.000,90.000,100.000,59,-1.000,-1.000
884,16.728806,16.667154,6,1,0,2,34.000,0,6500.000,700.000,110.000,6200.000,610.000,90.000,100.000,59,-1.000,-1.000
885,16.489329,16.667763,6,1,0,2,34.000,0,6500.000,700.000,110.000,6200.000,610.000,90.000,100.000,59,-1.000,-1.000
886,16.665644,16.667934,6,1,0,2,34.000,0,6500.000,700.000,110.000,6200.000,610.000,90.000,100.000,59,-1.000,-1.000
887,16.532230,16.667404,6,1,0,2,34.000,0,6500.000,700.000,110.000,6200.000,610.000,90.000,100.000,59,-1.000,-1.000
888,17.088373,16.669133,7,1,0,2,34.000,0,6500.000,700.000,110.000,6200.000,610.000,90.000,100.000,59,-1.000,-1.000
889,20.960355,16.667904,7,1,0,3,0.000,1,6506.569,700.000,111.051,6200.000,610.000,90.000,100.000,58,-1.000,-1.000
890,13.324553,16.668544,7,1,0,3,0.000,1,6513.051,700.000,111.818,6200.000,610.000,90.000,100.000,58,-1.000,-1.000
891,16.580961,16.667783,7,1,0,3,0.000,1,6519.446,700.000,112.307,6200.000,610.000,90.000,100.000,58,-1.000,-1.000
892,18.170266,16.810107,7,1,0,3,0.000,1,6525.809,700.000,112.521,6200.000,610.000,90.000,100.000,58,-1.000,-1.000
893,14.420776,16.668484,7,1,0,3,0.000,1,6532.034,700.000,112.461,6200.000,610.000,90.000,100.000,58,-1.000,-1.000
894,16.861648,16.668673,8,1,0,3,0.000,1,6538.176,700.000,112.133,6200.000,610.000,90.000,100.000,58,-1.000,-1.000
895,16.433648,16.667414,8,1,0,3,0.000,1,6544.236,700.000,111.541,6200.000,610.000,90.000,100.000,58,-1.000,-1.000
896,17.136854,16.667894,8,1,0,3,0.000,1,6550.215,700.000,110.688,6200.000,610.000,90.000,100.000,58,-1.000,-1.000
897,16.899359,16.667993,8,1,0,3,0.000,1,6556.115,700.000,109.578,6200.000,610.000,90.000,100.000,58,-1.000,-1.000
898,16.152072,16.668945,8,1,0,3,0.000,1,6561.936,700.000,108.214,6200.000,610.000,90.000,100.000,58,-1.000,-1.000
899,16.541612,16.667784,8,1,0,3,0.000,1,6567.679,700.000,106.600,6200.000,610.000,90.000,100.000,58,-1.000,-1.000
900,15.237983,16.666923,8,1,0,3,0.000,1,6573.346,700.000,104.739,6200.000,610.000,90.000,100.000,58,-1.000,-1.000
901,16.501321,16.667374,8,1,0,3,0.000,1,6578.879,700.009,102.717,6200.000,610.000,90.000,100.000,58,-1.000,-1.000
902,19.286699,16.668404,8,1,0,3,0.000,1,6584.068,700.317,101.013,6200.000,610.000,90.000,100.000,58,-1.000,-1.000
903,15.554149,16.667993,8,1,0,3,0.000,1,6589.187,700.621,99.064,6200.000,610.000,90.000,100.000,58,-1.000,-1.000
904,16.398989,16.667494,8,1,0,3,0.000,1,6594.213,700.932,96.913,6200.000,610.000,90.000,100.000,58,-1.000,-1.000
905,16.740845,16.667574,8,1,0,3,0.000,1,6599.140,701.258,94.573,6200.000,610.000,90.000,100.000,58,-1.000,-1.000
906,16.711384,16.669023,8,1,0,3,0.000,1,6603.978,701.591,92.033,6200.000,610.000,90.000,100.000,58,-1.000,-1.000
907,16.518021,16.667144,8,1,0,3,0.000,1,6608.730,701.933,89.295,6200.000,610.000,90.000,100.000,58,-1.000,-1.000
908,16.658023,16.667964,8,1,0,3,0.000,1,6613.396,702.282,86.361,6200.000,610.000,90.000,100.000,58,-1.000,-1.000
909,16.948820,16.668073,8,1,0,3,0.000,1,6617.978,702.638,83.233,6200.000,610.000,90.000,100.000,58,-1.000,-1.000
910,16.590522,16.668594,8,1,0,3,0.000,1,6622.477,703.001,79.913,6200.000,610.000,90.000,100.000,58,-1.000,-1.000
911,17.093833,16.667484,8,1,0,3,0.000,1,6626.894,703.370,76.404,6200.000,610.000,90.000,100.000,58,-1.000,-1.000
912,16.682124,16.667203,8,1,0,3,0.000,1,6631.230,703.744,72.707,6200.000,610.000,90.000,100.000,58,-1.000,-1.000
913,16.244615,16.666934,8,1,0,3,0.000,1,6635.486,704.122,68.825,6200.000,610.000,90.000,100.000,58,-1.000,-1.000
914,16.422508,16.667054,8,1,0,3,0.000,1,6639.664,704.502,64.760,6200.000,610.000,90.000,100.000,58,-1.000,-1.000
915,16.548161,16.668293,8,1,0,3,0.000,1,6643.763,704.884,60.514,6200.000,610.000,90.000,100.000,58,-1.000,-1.000
916,17.604994,16.667884,8,1,0,3,0.000,1,6647.735,705.266,56.159,6200.000,610.000,90.000,100.000,58,-1.000,-1.000
917,16.608162,16.667204,8,1,0,3,0.000,1,6651.429,705.634,51.913,6200.000,610.000,90.000,100.000,58,-1.000,-1.000
918,17.360808,16.667263,8,1,0,3,0.000,1,6655.053,705.999,47.486,6200.000,610.000,90.000,100.000,58,-1.000,-1.000
919,15.714034,16.668934,8,1,0,3,0.000,1,6658.607,706.361,42.881,6200.000,610.000,90.000,100.000,58,-1.000,-1.000
920,17.015881,16.668204,8,1,0,3,0.000,1,6662.090,706.718,38.102,6200.000,610.000,90.000,100.000,58,-1.000,-1.000
921,16.657054,16.668953,8,1,0,3,0.000,1,6665.502,707.070,33.153,6200.000,610.000,90.000,100.000,58,-1.000,-1.000
922,16.329676,16.668615,8,1,0,3,0.000,1,6668.843,707.416,28.038,6200.000,610.000,90.000,100.000,58,-1.000,-1.000
923,16.578332,16.667473,8,1,0,3,0.000,1,6672.112,707.756,22.762,6200.000,610.000,90.000,100.000,58,-1.000,-1.000
924,16.866558,16.667944,8,1,0,3,0.000,1,6675.309,708.089,17.329,6200.000,610.000,90.000,100.000,58,-1.000,-1.000
925,16.010950,16.669004,8,1,0,3,0.000,1,6678.407,708.411,11.780,6200.000,610.000,90.000,100.000,58,-1.000,-1.000
926,16.810116,16.668774,8,1,0,3,0.000,1,6681.351,708.716,6.199,6200.000,610.000,90.000,100.000,58,-1.000,-1.000
927,16.814067,16.668133,8,1,0,3,0.000,1,6680.404,708.600,7.561,6200.000,610.000,90.000,100.000,58,-1.000,-1.000
928,16.865308,16.668604,8,1,0,3,0.000,1,6681.057,708.468,6.347,6200.000,610.000,90.000,100.000,58,-1.000,-1.000
929,17.093183,16.667764,8,1,0,3,0.000,1,6681.112,708.137,6.573,6200.000,610.000,90.000,100.000,58,-1.000,-1.000
930,16.305205,16.668863,8,1,0,3,0.000,1,6681.140,708.012,6.864,6200.000,610.000,90.000,100.000,58,-1.000,-1.000
931,16.761646,16.669344,8,1,0,3,0.000,1,6681.168,707.888,6.883,6200.000,610.000,90.000,100.000,58,-1.000,-1.000
932,16.579003,16.669004,8,1,0,3,0.000,1,6681.195,707.766,6.633,6200.000,610.000,90.000,100.000,58,-1.000,-1.000
933,16.469469,16.667473,8,1,0,3,0.000,1,6681.217,707.663,6.144,6200.000,610.000,90.000,100.000,58,-1.000,-1.000
934,16.775576,16.668894,8,1,0,3,0.000,1,6681.206,707.652,6.000,6200.000,610.000,90.000,100.000,58,-1.000,-1.000
935,20.270680,16.667894,8,1,0,3,0.000,1,6681.210,707.653,6.000,6200.000,610.000,90.000,100.000,58,-1.000,-1.000
936,13.010986,16.669033,8,1,0,3,0.000,1,6681.206,707.654,6.000,6200.000,610.000,90.000,100.000,58,-1.000,-1.000
937,16.937419,16.667894,8,1,0,3,0.000,1,6681.210,707.658,6.000,6200.000,610.000,90.000,100.000,58,-1.000,-1.000
938,16.519221,16.668684,8,1,0,3,0.000,1,6681.208,707.654,6.000,6200.000,610.000,90.000,100.000,58,-1.000,-1.000
939,16.376677,16.668053,8,1,0,3,0.000,1,6681.211,707.660,6.000,6200.000,610.000,90.000,100.000,58,-1.000,-1.000
940,16.714685,16.667494,8,1,0,3,0.000,1,6681.213,707.658,6.000,6200.000,610.000,90.000,100.000,58,-1.000,-1.000
941,16.561771,16.667733,8,1,0,3,0.000,1,6681.207,707.656,6.000,6200.000,610.000,90.000,100.000,58,-1.000,-1.000
942,16.735176,16.667624,8,1,0,3,0.000,1,6681.210,707.661,6.000,6200.000,610.000,90.000,100.000,58,-1.000,-1.000
943,16.549901,16.667264,8,1,0,3,0.000,1,6681.206,707.661,6.000,6200.000,610.000,90.000,100.000,58,-1.000,-1.000
944,16.775056,16.667743,8,1,0,3,0.000,1,6681.215,707.659,6.000,6200.000,610.000,90.000,100.000,58,-1.000,-1.000
945,16.713975,16.668935,8,1,0,3,0.000,1,6681.206,707.659,6.000,6200.000,610.000,90.000,100.000,58,-1.000,-1.000
946,16.706724,16.668684,8,1,0,3,0.000,1,6681.208,707.657,6.000,6200.000,610.000,90.000,100.000,58,-1.000,-1.000
947,16.386428,16.667973,8,1,0,3,0.000,1,6681.214,707.660,6.000,6200.000,610.000,90.000,100.000,58,-1.000,-1.000
948,16.755376,16.668414,8,1,0,3,0.000,1,6681.207,707.660,6.000,6200.000,610.000,90.000,100.000,58,-1.000,-1.000
949,16.650453,16.668244,8,1,0,3,0.000,1,6681.208,707.657,6.000,6200.000,610.000,90.000,100.000,58,-1.000,-1.000
950,16.722944,16.668933,8,1,0,3,0.000,1,6681.208,707.657,6.000,6200.000,610.000,90.000,100.000,58,-1.000,-1.000
951,17.563874,16.667634,8,1,0,3,0.000,1,6681.208,707.657,6.000,6200.000,610.000,90.000,100.000,58,-1.000,-1.000
952,16.299435,16.667364,8,1,0,3,0.000,1,6681.208,707.657,6.000,6200.000,610.000,90.000,100.000,58,-1.000,-1.000
953,16.912069,16.667733,8,1,0,3,0.000,1,6681.208,707.657,6.000,6200.000,610.000,90.000,100.000,58,-1.000,-1.000
954,16.819737,16.668034,8,1,0,3,0.000,1,6681.208,707.657,6.000,6200.000,610.000,90.000,100.000,58,-1.000,-1.000
955,16.186634,16.667814,8,1,0,3,0.000,1,6681.208,707.657,6.000,6200.000,610.000,90.000,100.000,58,-1.000,-1.000
956,16.615793,16.668163,8,1,0,3,0.000,1,6681.208,707.657,6.000,6200.000,610.000,90.000,100.000,58,-1.000,-1.000
957,17.042791,16.667984,8,1,0,3,0.000,1,6681.208,707.657,6.000,6200.000,610.000,90.000,100.000,58,-1.000,-1.000
958,16.493740,16.668784,8,1,0,3,0.000,1,6681.208,707.657,6.000,6200.000,610.000,90.000,100.000,58,-1.000,-1.000
959,18.457572,16.667543,8,1,0,3,0.000,1,6681.208,707.657,6.000,6200.000,610.000,90.000,100.000,58,-1.000,-1.000
960,16.404058,16.668114,8,1,0,3,0.000,1,6681.208,707.657,6.000,6200.000,610.000,90.000,100.000,58,-1.000,-1.000
961,15.993699,16.668024,8,1,0,3,0.000,1,6681.208,707.657,6.000,6200.000,610.000,90.000,100.000,58,-1.000,-1.000
962,17.070322,16.669073,8,1,0,3,0.000,1,6681.208,707.657,6.000,6200.000,610.000,90.000,100.000,58,-1.000,-1.000
963,16.295346,16.667344,8,1,0,3,0.000,1,6681.208,707.657,6.000,6200.000,610.000,90.000,100.000,58,-1.000,-1.000
964,17.127444,16.668285,8,1,0,3,0.000,1,6681.208,707.657,6.000,6200.000,610.000,90.000,100.000,58,-1.000,-1.000
965,16.743045,16.668803,8,1,0,3,0.000,1,6681.208,707.657,6.000,6200.000,610.000,90.000,100.000,58,-1.000,-1.000
966,19.451043,16.667744,8,1,0,3,0.000,1,6681.208,707.657,6.000,6200.000,610.000,90.000,100.000,58,-1.000,-1.000
967,15.690242,16.667844,8,1,0,3,0.000,1,6681.208,707.657,6.000,6200.000,610.000,90.000,100.000,58,-1.000,-1.000
968,15.804806,16.669043,8,1,0,3,0.000,1,6681.208,707.657,6.000,6200.000,610.000,90.000,100.000,58,-1.000,-1.000
969,18.191516,16.668344,8,1,0,3,0.000,1,6681.208,707.657,6.000,6200.000,610.000,90.000,100.000,58,-1.000,-1.000
970,16.733685,16.668374,8,1,0,3,0.000,1,6681.208,707.657,6.000,6200.000,610.000,90.000,100.000,58,-1.000,-1.000
971,17.228746,16.667633,8,1,0,3,0.000,1,6681.208,707.657,6.000,6200.000,610.000,90.000,100.000,58,-1.000,-1.000
972,16.417239,16.668204,8,1,0,3,0.000,1,6681.208,707.657,6.000,6200.000,610.000,90.000,100.000,58,-1.000,-1.000
973,15.505288,16.669054,8,1,0,3,0.000,1,6681.208,707.657,6.000,6200.000,610.000,90.000,100.000,58,-1.000,-1.000
974,12.438065,16.668163,8,1,0,3,0.000,1,6681.208,707.657,6.000,6200.000,610.000,90.000,100.000,58,-1.000,-1.000
975,16.351916,16.667134,8,1,0,3,0.000,1,6681.208,707.657,6.000,6200.000,610.000,90.000,100.000,58,-1.000,-1.000
976,16.562962,16.667734,8,1,0,3,0.000,1,6681.208,707.657,6.000,6200.000,610.000,90.000,100.000,58,-1.000,-1.000
977,16.710194,16.668193,8,1,0,3,0.000,1,6681.208,707.657,6.000,6200.000,610.000,90.000,100.000,58,-1.000,-1.000
978,16.705795,16.667454,8,1,0,3,0.000,1,6681.208,707.657,6.000,6200.000,610.000,90.000,100.000,58,-1.000,-1.000
979,16.739396,16.667754,8,1,0,3,0.000,1,6681.208,707.657,6.000,6200.000,610.000,90.000,100.000,58,-1.000,-1.000
980,16.714494,16.668003,8,1,0,3,0.000,1,6681.208,707.657,6.000,6200.000,610.000,90.000,100.000,58,-1.000,-1.000
981,16.716035,16.668285,8,1,0,3,0.000,1,6681.208,707.657,6.000,6200.000,610.000,90.000,100.000,58,-1.000,-1.000
982,20.819422,16.667484,8,1,0,3,0.000,1,6681.208,707.657,6.000,6200.000,610.000,90.000,100.000,58,-1.000,-1.000
983,14.004547,16.669143,8,1,0,3,0.000,1,6681.208,707.657,6.000,6200.000,610.000,90.000,100.000,58,-1.000,-1.000
984,16.527020,16.668464,8,1,0,3,0.000,1,6681.208,707.657,6.000,6200.000,610.000,90.000,100.000,58,-1.000,-1.000
985,16.540891,16.668874,8,1,0,3,0.000,1,6681.208,707.657,6.000,6200.000,610.000,90.000,100.000,58,-1.000,-1.000
986,16.751066,16.668163,8,1,0,3,0.000,1,6681.208,707.657,6.000,6200.000,610.000,90.000,100.000,58,-1.000,-1.000
987,16.824297,16.667634,8,1,0,3,0.000,1,6681.208,707.657,6.000,6200.000,610.000,90.000,100.000,58,-1.000,-1.000
988,16.657153,16.667234,8,1,0,3,0.000,1,6681.208,707.657,6.000,6200.000,610.000,90.000,100.000,58,-1.000,-1.000
989,16.980361,16.669143,8,1,0,3,0.000,1,6681.208,707.657,6.000,6200.000,610.000,90.000,100.000,58,-1.000,-1.000
990,15.979319,16.668154,8,1,0,3,0.000,1,6681.208,707.657,6.000,6200.000,610.000,90.000,100.000,58,-1.000,-1.000
991,16.021940,16.667834,8,1,0,3,0.000,1,6681.208,707.657,6.000,6200.000,610.000,90.000,100.000,58,-1.000,-1.000
992,16.549401,16.667813,8,1,0,3,0.000,1,6681.208,707.657,6.000,6200.000,610.000,90.000,100.000,58,-1.000,-1.000
993,17.019022,16.668294,8,1,0,3,0.000,1,6681.208,707.657,6.000,6200.000,610.000,90.000,100.000,58,-1.000,-1.000
994,16.975380,16.668164,8,1,0,3,0.000,1,6681.208,707.657,6.000,6200.000,610.000,90.000,100.000,58,-1.000,-1.000
995,17.083972,16.667443,8,1,0,3,0.000,1,6681.208,707.657,6.000,6200.000,610.000,90.000,100.000,58,-1.000,-1.000
996,16.479850,16.667615,8,1,0,3,0.000,1,6681.208,707.657,6.000,6200.000,610.000,90.000,100.000,58,-1.000,-1.000
997,19.235298,16.667093,8,1,0,3,0.000,1,6681.208,707.657,6.000,6200.000,610.000,90.000,100.000,58,-1.000,-1.000
998,19.705728,16.667724,8,1,0,3,0.000,1,6681.208,707.657,6.000,6200.000,610.000,90.000,100.000,58,-1.000,-1.000
999,11.051815,16.669314,8,1,0,3,0.000,1,6681.208,707.657,6.000,6200.000,610.000,90.000,100.000,58,-1.000,-1.000
1000,19.597876,16.668554,8,1,0,3,0.000,1,6681.208,707.657,6.000,6200.000,610.000,90.000,100.000,58,-1.000,-1.000
1001,14.097319,16.668093,8,1,0,3,0.000,1,6681.208,707.657,6.000,6200.000,610.000,90.000,100.000,58,-1.000,-1.000
1002,16.005280,16.668944,8,1,0,3,0.000,1,6681.208,707.657,6.000,6200.000,610.000,90.000,100.000,58,-1.000,-1.000
1003,16.874118,16.667714,8,1,0,3,0.000,1,6681.208,707.657,6.000,6200.000,610.000,90.000,100.000,58,-1.000,-1.000
1004,16.317916,16.668423,8,1,0,3,0.000,1,6681.208,707.657,6.000,6200.000,610.000,90.000,100.000,58,-1.000,-1.000
1005,17.029941,16.668274,8,1,0,3,0.000,1,6681.208,707.657,6.000,6200.000,610.000,90.000,100.000,58,-1.000,-1.000
1006,16.642514,16.667764,8,1,0,3,0.000,1,6681.208,707.657,6.000,6200.000,610.000,90.000,100.000,58,-1.000,-1.000
1007,16.505859,16.667993,8,1,0,3,0.000,1,6681.208,707.657,6.000,6200.000,610.000,90.000,100.000,58,-1.000,-1.000
1008,16.671945,16.668484,8,1,0,3,0.000,1,6681.208,707.657,6.000,6200.000,610.000,90.000,100.000,58,-1.000,-1.000
1009,16.732565,16.667154,8,1,0,3,0.000,1,6681.208,707.657,6.000,6200.000,610.000,90.000,100.000,58,-1.000,-1.000
1010,16.380917,16.668073,8,1,0,3,0.000,1,6681.208,707.657,6.000,6200.000,610.000,90.000,100.000,58,-1.000,-1.000
1011,16.972380,16.668324,8,1,0,3,0.000,1,6681.208,707.657,6.000,6200.000,610.000,90.000,100.000,58,-1.000,-1.000
1012,16.519762,16.668374,8,1,0,3,0.000,1,6681.208,707.657,6.000,6200.000,610.000,90.000,100.000,58,-1.000,-1.000
1013,17.082052,16.667203,8,1,0,3,0.000,1,6681.208,707.657,6.000,6200.000,610.000,90.000,100.000,58,-1.000,-1.000
1014,17.095063,16.668235,27,1,0,3,0.000,1,6681.208,707.657,6.000,6200.000,610.000,90.000,100.000,58,-1.000,-1.000
1015,184.464564,16.667533,27,1,0,3,0.000,1,6681.208,707.657,6.000,6200.000,610.000,90.000,100.000,58,-1.000,-1.000
1016,7.073110,172.854578,27,1,0,3,0.000,1,6681.208,707.657,6.000,6200.000,610.000,90.000,100.000,58,-1.000,-1.000
1017,12.280390,16.667334,27,1,0,3,0.000,1,6681.208,707.657,6.000,6200.000,610.000,90.000,100.000,58,-1.000,-1.000
1018,16.927490,16.667394,27,1,0,3,0.000,1,6681.208,707.657,6.000,6200.000,610.000,90.000,100.000,58,-1.000,-1.000
1019,16.756596,16.667243,27,1,0,3,0.000,1,6681.208,707.657,6.000,6200.000,610.000,90.000,100.000,58,-1.000,-1.000
1020,17.254126,16.668235,27,1,0,3,0.000,1,6681.208,707.657,6.000,6200.000,610.000,90.000,100.000,58,-1.000,-1.000
1021,16.637513,16.667084,27,1,0,3,0.000,1,6681.208,707.657,6.000,6200.000,610.000,90.000,100.000,58,-1.000,-1.000
1022,17.016151,16.667483,27,1,0,3,0.000,1,6681.208,707.657,6.000,6200.000,610.000,90.000,100.000,58,-1.000,-1.000
1023,16.533760,16.667344,27,1,0,3,0.000,1,6681.208,707.657,6.000,6200.000,610.000,90.000,100.000,58,-1.000,-1.000
1024,17.430001,16.667704,27,1,0,3,0.000,1,6681.208,707.657,6.000,6200.000,610.000,90.000,100.000,58,-1.000,-1.000
1025,16.715295,16.667963,27,1,0,3,0.000,1,6681.208,707.657,6.000,6200.000,610.000,90.000,100.000,58,-1.000,-1.000
1026,16.815886,16.669354,27,1,0,3,0.000,1,6681.208,707.657,6.000,6200.000,610.000,90.000,100.000,58,-1.000,-1.000
1027,16.142334,16.668424,27,1,0,3,0.000,1,6681.208,707.657,6.000,6200.000,610.000,90.000,100.000,58,-1.000,-1.000
1028,17.057231,16.668293,27,1,0,3,0.000,1,6681.208,707.657,6.000,6200.000,610.000,90.000,100.000,58,-1.000,-1.000
1029,16.752525,16.668204,27,1,0,3,0.000,1,6681.208,707.657,6.000,6200.000,610.000,90.000,100.000,58,-1.000,-1.000
1030,16.550382,16.667394,27,1,0,3,0.000,1,6681.208,707.657,6.000,6200.000,610.000,90.000,100.000,58,-1.000,-1.000
1031,16.994981,16.668513,27,1,0,3,0.000,1,6681.208,707.657,6.000,6200.000,610.000,90.000,100.000,58,-1.000,-1.000
1032,16.066741,16.668964,27,1,0,3,0.000,1,6681.208,707.657,6.000,6200.000,610.000,90.000,100.000,58,-1.000,-1.000
1033,17.178184,16.668415,27,1,0,3,0.000,1,6681.208,707.657,6.000,6200.000,610.000,90.000,100.000,58,-1.000,-1.000
1034,16.864028,16.865327,27,1,0,3,0.000,1,6681.208,707.657,6.000,6200.000,610.000,90.000,100.000,58,-1.000,-1.000
1035,17.343438,16.669534,9,1,0,3,0.000,1,6681.208,707.657,6.000,6200.000,610.000,90.000,100.000,58,-1.000,-1.000
1036,16.117942,16.668674,9,1,0,3,0.000,1,6681.208,707.657,6.000,6300.000,700.000,90.000,100.000,58,-1.000,-1.000
1037,16.678384,16.668683,9,1,0,3,0.000,1,6681.208,707.657,6.000,6300.000,700.000,90.000,100.000,58,-1.000,-1.000
1038,16.426479,16.669084,9,1,0,3,0.000,1,6681.208,707.657,6.000,6300.000,700.000,90.000,100.000,58,-1.000,-1.000
1039,16.127722,16.668914,9,1,0,3,0.000,1,6681.208,707.657,6.000,6300.000,700.000,90.000,100.000,58,-1.000,-1.000
1040,17.674255,16.668053,9,1,0,3,0.000,1,6681.208,707.657,6.000,6300.000,700.000,90.000,100.000,58,-1.000,-1.000
1041,14.348875,16.679624,9,1,0,3,0.000,1,6681.208,707.657,6.000,6300.000,700.000,90.000,100.000,58,-1.000,-1.000
1042,16.648033,16.667764,9,1,0,3,0.000,1,6681.208,707.657,6.000,6300.000,700.000,90.000,100.000,58,-1.000,-1.000
1043,16.806316,16.667254,9,1,0,3,0.000,1,6681.208,707.657,6.000,6300.000,700.000,90.000,100.000,58,-1.000,-1.000
1044,16.525322,16.667084,9,1,0,3,0.000,1,6681.208,707.657,6.000,6300.000,700.000,90.000,100.000,58,-1.000,-1.000
1045,20.054355,16.669144,9,1,0,3,0.000,1,6681.208,707.657,6.000,6300.000,700.000,90.000,100.000,58,-1.000,-1.000
1046,17.962311,16.668433,9,1,0,3,0.000,1,6681.208,707.657,6.000,6300.000,700.000,90.000,100.000,58,-1.000,-1.000
1047,17.460931,16.669044,9,1,0,3,0.000,1,6681.208,707.657,6.000,6300.000,700.000,90.000,100.000,58,-1.000,-1.000
1048,16.690094,16.667134,9,1,0,3,0.000,1,6681.208,707.657,6.000,6300.000,700.000,90.000,100.000,58,-1.000,-1.000
1049,17.569222,16.667833,9,1,0,3,0.000,1,6681.208,707.657,6.000,6300.000,700.000,90.000,100.000,58,-1.000,-1.000
1050,11.746670,16.669984,9,1,0,3,0.000,1,6681.208,707.657,6.000,6300.000,700.000,90.000,100.000,58,-1.000,-1.000
1051,17.823148,16.667874,9,1,0,3,0.000,1,6681.208,707.657,6.000,6300.000,700.000,90.000,100.000,58,-1.000,-1.000
1052,19.315720,16.668383,9,1,0,3,0.000,1,6681.208,707.657,6.000,6300.000,700.000,90.000,100.000,58,-1.000,-1.000
1053,15.974229,16.667454,9,1,0,3,0.000,1,6681.208,707.657,6.000,6300.000,700.000,90.000,100.000,58,-1.000,-1.000
1054,16.034790,16.667594,9,1,0,3,0.000,1,6681.208,707.657,6.000,6300.000,700.000,90.000,100.000,58,-1.000,-1.000
1055,16.428179,16.667483,9,1,0,3,0.000,1,6681.208,707.657,6.000,6300.000,700.000,90.000,100.000,58,-1.000,-1.000
1056,16.865418,16.667225,9,1,0,3,0.000,1,6681.208,707.657,6.000,6300.000,700.000,90.000,100.000,58,-1.000,-1.000
1057,18.003632,16.667794,9,1,0,3,0.000,1,6681.208,707.657,6.000,6300.000,700.000,90.000,100.000,58,-1.000,-1.000
1058,11.253159,16.666873,9,1,0,3,0.000,1,6681.208,707.657,6.000,6300.000,700.000,90.000,100.000,58,-1.000,-1.000
1059,16.772015,16.667494,9,1,0,3,0.000,1,6681.208,707.657,6.000,6300.000,700.000,90.000,100.000,58,-1.000,-1.000
1060,18.990013,16.666944,9,1,0,3,0.000,1,6681.208,707.657,6.000,6300.000,700.000,90.000,100.000,58,-1.000,-1.000
1061,13.982807,16.667623,9,1,0,3,0.000,1,6681.208,707.657,6.000,6300.000,700.000,90.000,100.000,58,-1.000,-1.000
1062,16.715855,16.667344,9,1,0,3,0.000,1,6681.208,707.657,6.000,6300.000,700.000,90.000,100.000,58,-1.000,-1.000
1063,16.862258,16.667714,9,1,0,3,0.000,1,6681.208,707.657,6.000,6300.000,700.000,90.000,100.000,58,-1.000,-1.000
1064,16.561222,16.666963,9,1,0,3,0.000,1,6681.208,707.657,6.000,6300.000,700.000,90.000,100.000,58,-1.000,-1.000
1065,20.397313,16.667594,9,1,0,3,0.000,1,6681.208,707.657,6.000,6300.000,700.000,90.000,100.000,58,-1.000,-1.000
1066,13.498006,16.667464,9,1,0,3,0.000,1,6681.208,707.657,6.000,6300.000,700.000,90.000,100.000,58,-1.000,-1.000
1067,16.585442,16.667313,9,1,0,3,0.000,1,6681.208,707.657,6.000,6300.000,700.000,90.000,100.000,58,-1.000,-1.000
1068,17.537943,16.667554,9,1,0,3,0.000,1,6681.208,707.657,6.000,6300.000,700.000,90.000,100.000,58,-1.000,-1.000
1069,15.767504,16.666844,9,1,0,3,0.000,1,6681.208,707.657,6.000,6300.000,700.000,90.000,100.000,58,-1.000,-1.000
1070,17.008261,16.667333,9,1,0,3,0.000,1,6681.208,707.657,6.000,6300.000,700.000,90.000,100.000,58,-1.000,-1.000
1071,18.019132,16.668165,9,1,0,3,0.000,1,6681.208,707.657,6.000,6300.000,700.000,90.000,100.000,58,-1.000,-1.000
1072,14.912467,16.667144,9,1,0,3,0.000,1,6681.208,707.657,6.000,6300.000,700.000,90.000,100.000,58,-1.000,-1.000
1073,20.064805,16.668803,9,1,0,3,0.000,1,6681.208,707.657,6.000,6300.000,700.000,90.000,100.000,58,-1.000,-1.000
1074,13.639740,16.667694,9,1,0,3,0.000,1,6681.208,707.657,6.000,6300.000,700.000,90.000,100.000,58,-1.000,-1.000
1075,16.677575,16.667664,9,1,0,3,0.000,1,6681.208,707.657,6.000,6300.000,700.000,90.000,100.000,58,-1.000,-1.000
1076,20.491754,16.667403,9,1,0,3,0.000,1,6681.208,707.657,6.000,6300.000,700.000,90.000,100.000,58,-1.000,-1.000
1077,14.537369,16.667634,9,1,0,3,0.000,1,6681.208,707.657,6.000,6300.000,700.000,90.000,100.000,58,-1.000,-1.000
1078,15.328035,16.668754,9,1,0,3,0.000,1,6681.208,707.657,6.000,6300.000,700.000,90.000,100.000,58,-1.000,-1.000
1079,16.901379,16.667283,9,1,0,3,0.000,1,6681.208,707.657,6.000,6300.000,700.000,90.000,100.000,58,-1.000,-1.000
1080,15.788395,16.667024,9,1,0,3,0.000,1,6681.208,707.657,6.000,6300.000,700.000,90.000,100.000,58,-1.000,-1.000
1081,16.984771,16.667273,9,1,0,3,0.000,1,6681.208,707.657,6.000,6300.000,700.000,90.000,100.000,58,-1.000,-1.000
1082,19.490403,16.667115,9,1,0,3,0.000,1,6681.208,707.657,6.000,6300.000,700.000,90.000,100.000,58,-1.000,-1.000
1083,13.315662,16.667774,9,1,0,3,0.000,1,6681.208,707.657,6.000,6300.000,700.000,90.000,100.000,58,-1.000,-1.000
1084,17.855819,16.667023,9,1,0,3,0.000,1,6681.208,707.657,6.000,6300.000,700.000,90.000,100.000,58,-1.000,-1.000
1085,15.393928,16.667244,9,1,0,3,0.000,1,6681.208,707.657,6.000,6300.000,700.000,90.000,100.000,58,-1.000,-1.000
1086,19.913522,16.667614,9,1,0,3,0.000,1,6681.208,707.657,6.000,6300.000,700.000,90.000,100.000,58,-1.000,-1.000
1087,17.990412,16.667413,9,1,0,3,0.000,1,6681.208,707.657,6.000,6300.000,700.000,90.000,100.000,58,-1.000,-1.000
1088,11.990444,16.667974,9,1,0,3,0.000,1,6681.208,707.657,6.000,6300.000,700.000,90.000,100.000,58,-1.000,-1.000
1089,19.379031,16.667334,9,1,0,3,0.000,1,6681.208,707.657,6.000,6300.000,700.000,90.000,100.000,58,-1.000,-1.000
1090,18.898512,16.667153,9,1,0,3,0.000,1,6681.208,707.657,6.000,6300.000,700.000,90.000,100.000,58,-1.000,-1.000
1091,16.309966,16.667664,9,1,0,3,0.000,1,6681.208,707.657,6.000,6300.000,700.000,90.000,100.000,58,-1.000,-1.000
1092,17.273456,16.667394,9,1,0,3,0.000,1,6681.208,707.657,6.000,6300.000,700.000,90.000,100.000,58,-1.000,-1.000
1093,11.486774,16.667293,9,1,0,3,0.000,1,6681.208,707.657,6.000,6300.000,700.000,90.000,100.000,58,-1.000,-1.000
1094,16.959690,16.666924,9,1,0,3,0.000,1,6681.208,707.657,6.000,6300.000,700.000,90.000,100.000,58,-1.000,-1.000
1095,16.549561,16.666965,10,1,0,3,0.000,1,6681.208,707.657,6.000,6300.000,700.000,90.000,100.000,58,-1.000,-1.000
1096,19.533765,16.667443,10,1,0,3,0.000,1,6681.208,707.657,6.000,6300.667,700.000,90.000,100.000,58,-1.000,-1.000
1097,14.080509,16.667414,10,1,0,3,0.000,1,6681.208,707.657,6.000,6302.000,700.000,90.000,100.000,58,-1.000,-1.000
1098,16.360337,16.667714,10,1,0,3,0.000,1,6681.208,707.657,6.000,6304.000,700.000,90.000,100.000,58,-1.000,-1.000
1099,16.733765,16.667383,10,1,0,3,0.000,1,6681.208,707.657,6.000,6306.667,700.000,90.000,100.000,58,-1.000,-1.000
1100,17.138114,16.666844,10,1,0,3,0.000,1,6681.208,707.657,6.000,6310.001,700.000,90.000,100.000,58,-1.000,-1.000
1101,16.269245,16.667254,10,1,0,3,0.000,1,6681.208,707.657,6.000,6314.001,700.000,90.000,100.000,58,-1.000,-1.000
1102,16.770576,16.667713,10,1,0,3,0.000,1,6681.208,707.657,6.000,6318.668,700.000,90.000,100.000,58,-1.000,-1.000
1103,17.027451,16.667954,10,1,0,3,0.000,1,6681.208,707.657,6.000,6324.002,700.000,90.000,100.000,58,-1.000,-1.000
1104,16.361658,16.667794,10,1,0,3,0.000,1,6681.208,707.657,6.000,6330.003,700.000,90.000,100.000,58,-1.000,-1.000
1105,16.806616,16.667013,10,1,0,3,0.000,1,6681.208,707.657,6.000,6336.670,700.000,90.000,100.000,58,-1.000,-1.000
1106,16.534851,16.667364,10,1,0,3,0.000,1,6681.208,707.657,6.000,6344.004,700.000,90.000,100.000,58,-1.000,-1.000
1107,16.611262,16.667285,10,1,0,3,0.000,1,6681.208,707.657,6.000,6352.005,700.000,90.000,100.000,58,-1.000,-1.000
1108,16.518241,16.668393,10,1,0,3,0.000,1,6681.208,707.657,6.000,6360.672,700.000,90.000,100.000,58,-1.000,-1.000
1109,17.918881,16.668224,10,1,0,3,0.000,1,6681.208,707.657,6.000,6369.340,700.000,90.000,100.000,58,-1.000,-1.000
1110,16.459179,16.668184,10,1,0,3,0.000,1,6681.208,707.657,6.000,6378.007,700.000,90.000,100.000,58,-1.000,-1.000
1111,16.616233,16.666983,10,1,0,3,0.000,1,6681.208,707.657,6.000,6386.674,700.000,90.000,100.000,58,-1.000,-1.000
1112,16.927419,16.667394,10,1,0,3,0.000,1,6681.208,707.657,6.000,6395.341,700.000,90.000,100.000,58,-1.000,-1.000
1113,20.793861,16.667864,10,1,0,3,0.000,1,6681.208,707.657,6.000,6404.008,700.000,90.000,100.000,58,-1.000,-1.000
1114,14.230162,16.667303,10,1,0,3,0.000,1,6681.208,707.657,6.000,6412.675,700.000,90.000,100.000,58,-1.000,-1.000
1115,17.806378,16.667174,10,1,0,3,0.000,1,6681.208,707.657,6.000,6421.342,700.000,90.000,100.000,58,-1.000,-1.000
1116,17.054162,16.670684,10,1,0,3,0.000,1,6681.208,707.657,6.000,6430.011,700.000,90.000,100.000,58,-1.000,-1.000
1117,13.169300,16.667193,10,1,0,3,0.000,1,6681.208,707.657,6.000,6438.678,700.000,90.000,100.000,58,-1.000,-1.000
1118,17.311547,16.668784,10,1,0,3,0.000,1,6681.208,707.657,6.000,6447.346,700.000,90.000,100.000,58,-1.000,-1.000
1119,18.223136,16.667575,10,1,0,3,0.000,1,6681.208,707.657,6.000,6456.013,700.000,90.000,100.000,58,-1.000,-1.000
1120,15.624052,17.207385,10,1,0,3,0.000,1,6681.208,707.657,6.000,6464.961,700.000,90.000,100.000,58,-1.000,-1.000
1121,16.711575,16.667303,10,1,0,3,0.000,1,6681.208,707.657,6.000,6473.628,700.000,90.000,100.000,58,-1.000,-1.000
1122,16.087442,16.667514,10,1,0,3,0.000,1,6681.208,707.657,6.000,6482.295,700.000,90.000,100.000,58,-1.000,-1.000
1123,16.657703,16.668564,10,1,0,3,0.000,1,6681.208,707.657,6.000,6490.963,700.000,90.000,100.000,58,-1.000,-1.000
1124,17.597223,16.667773,10,1,0,3,0.000,1,6681.208,707.657,6.000,6499.630,700.000,90.000,100.000,58,-1.000,-1.000
1125,16.861538,16.668284,10,1,0,3,0.000,1,6681.208,707.657,6.000,6508.297,700.000,90.000,100.000,58,-1.000,-1.000
1126,16.899699,16.668064,10,1,0,3,0.000,1,6681.208,707.657,6.000,6516.965,700.000,90.000,100.000,58,-1.000,-1.000
1127,16.959030,17.296417,10,1,0,3,0.000,1,6681.208,707.657,6.000,6525.959,700.000,90.000,100.000,58,-1.000,-1.000
1128,16.170693,16.668834,10,1,0,3,0.000,1,6681.208,707.657,6.000,6534.627,700.000,90.000,100.000,58,-1.000,-1.000
1129,19.368111,16.667563,10,1,0,3,0.000,1,6681.208,707.657,6.000,6543.294,700.000,90.000,100.000,58,-1.000,-1.000
1130,18.824110,16.667654,10,1,0,3,0.000,1,6681.208,707.657,6.000,6551.961,700.000,90.000,100.000,58,-1.000,-1.000
1131,15.104170,16.667254,10,1,0,3,0.000,1,6681.208,707.657,6.000,6560.628,700.000,90.000,100.000,58,-1.000,-1.000
1132,17.056322,16.683004,10,1,0,3,0.000,1,6681.208,707.657,6.000,6569.303,700.000,90.000,100.000,58,-1.000,-1.000
1133,16.918239,16.667874,10,1,0,3,0.000,1,6681.208,707.657,6.000,6577.970,700.000,90.000,100.000,58,-1.000,-1.000
1134,17.187735,16.668604,10,1,0,3,0.000,1,6681.208,707.657,6.000,6586.638,700.000,90.000,100.000,58,-1.000,-1.000
1135,18.740578,16.668233,10,1,0,3,0.000,1,6681.208,707.657,6.000,6595.306,700.000,90.000,100.000,58,-1.000,-1.000
1136,15.664493,16.667034,10,1,0,3,0.000,1,6681.208,707.657,6.000,6603.972,700.000,90.000,100.000,58,-1.000,-1.000
1137,14.526017,16.668364,10,1,0,3,0.000,1,6681.208,707.657,6.000,6612.640,700.000,90.000,100.000,58,-1.000,-1.000
1138,12.074297,16.667043,10,1,0,3,0.000,1,6681.208,707.657,6.000,6621.307,700.000,90.000,100.000,58,-1.000,-1.000
1139,17.054702,16.667284,10,1,0,3,0.000,1,6681.208,707.657,6.000,6629.974,700.000,90.000,100.000,58,-1.000,-1.000
1140,15.994519,16.667625,10,1,0,3,0.000,1,6681.208,707.657,6.000,6638.641,700.000,90.000,100.000,58,-1.000,-1.000
1141,17.150925,16.667253,10,1,0,3,0.000,1,6681.208,707.657,6.000,6647.308,700.000,90.000,100.000,58,-1.000,-1.000
1142,17.952730,16.667404,10,1,0,3,0.000,1,6681.208,707.657,6.000,6655.975,700.000,90.000,100.000,58,-1.000,-1.000
1143,18.802459,16.668294,10,1,0,3,0.000,1,6681.208,707.657,6.000,6664.642,700.000,90.000,100.000,58,-1.000,-1.000
1144,15.373367,16.667463,10,1,0,3,0.000,1,6681.208,707.657,6.000,6673.310,700.000,90.000,100.000,58,-1.000,-1.000
1145,18.882741,16.668654,10,1,0,3,0.000,1,6681.208,707.657,6.000,6681.977,700.000,90.000,97.000,58,-1.000,-1.000
1146,16.474939,16.668134,10,1,0,3,0.000,1,6681.208,707.657,6.000,6690.645,700.000,90.000,97.000,58,-1.000,-1.000
1147,16.488910,16.667933,10,1,0,3,0.000,1,6681.208,707.657,6.000,6699.312,700.000,90.000,97.000,58,-1.000,-1.000
1148,16.779846,16.668144,10,1,0,3,0.000,1,6681.208,707.657,6.000,6707.979,700.000,90.000,97.000,58,-1.000,-1.000
1149,16.010410,16.668645,11,1,0,3,0.000,1,6681.208,707.657,6.000,6716.647,700.000,90.000,97.000,58,-1.000,-1.000
1150,17.498972,16.667753,11,1,0,3,0.000,1,6681.208,707.657,6.000,6770.000,700.000,90.000,97.000,58,-1.000,-1.000
1151,13.173699,16.668104,11,1,0,3,0.000,1,6681.208,707.657,6.000,6770.000,700.000,90.000,97.000,58,-1.000,-1.000
1152,18.850441,16.669064,11,1,0,3,0.000,1,6681.208,707.657,6.000,6770.000,700.000,90.000,97.000,58,-1.000,-1.000
1153,18.983393,16.669003,11,1,0,3,0.000,1,6681.208,707.657,6.000,6770.000,700.000,90.000,97.000,58,-1.000,-1.000
1154,16.263504,16.667154,11,1,0,3,0.000,1,6681.208,707.657,6.000,6770.000,700.000,90.000,97.000,58,-1.000,-1.000
1155,17.068863,16.668414,11,1,0,3,0.000,1,6681.208,707.657,6.000,6770.000,700.000,90.000,97.000,58,-1.000,-1.000
1156,15.349265,16.668093,11,1,0,3,0.000,1,6681.208,707.657,6.000,6770.000,700.000,90.000,97.000,58,-1.000,-1.000
1157,17.318108,16.667684,11,1,0,3,0.000,1,6681.208,707.657,6.000,6770.000,700.000,90.000,97.000,58,-1.000,-1.000
1158,16.224555,16.667895,11,1,0,3,0.000,1,6681.208,707.657,6.000,6770.000,700.000,90.000,97.000,58,-1.000,-1.000
1159,17.036731,16.667823,11,1,0,3,0.000,1,6681.208,707.657,6.000,6770.000,700.000,90.000,97.000,58,-1.000,-1.000
1160,16.936280,16.667914,11,1,0,3,0.000,1,6681.208,707.657,6.000,6770.000,700.000,90.000,93.999,58,-1.000,-1.000
1161,16.163463,16.668214,11,1,0,3,0.000,1,6681.208,707.657,6.000,6770.000,700.000,90.000,93.999,58,-1.000,-1.000
1162,16.605942,16.668833,11,1,0,3,0.000,1,6681.208,707.657,6.000,6770.000,700.000,90.000,93.999,58,-1.000,-1.000
1163,16.299206,16.668174,11,1,0,3,0.000,1,6681.208,707.657,6.000,6770.000,700.000,90.000,93.999,58,-1.000,-1.000
1164,17.299847,16.667434,11,1,0,3,0.000,1,6681.208,707.657,6.000,6770.000,700.000,90.000,93.999,58,-1.000,-1.000
1165,16.794787,16.668363,11,1,0,3,0.000,1,6681.208,707.657,6.000,6770.000,700.000,90.000,93.999,58,-1.000,-1.000
1166,16.808817,16.667414,11,1,0,3,0.000,1,6681.208,707.657,6.000,6770.000,700.000,90.000,93.999,58,-1.000,-1.000
1167,15.998539,16.668765,11,1,0,3,0.000,1,6681.208,707.657,6.000,6770.000,700.000,90.000,93.999,58,-1.000,-1.000
1168,18.686807,16.690563,11,1,0,3,0.000,1,6681.208,707.657,6.000,6770.000,700.000,90.000,93.999,58,-1.000,-1.000
1169,17.003791,16.668554,11,1,0,3,0.000,1,6681.208,707.657,6.000,6770.000,700.000,90.000,93.999,58,-1.000,-1.000
1170,17.086983,16.668284,11,1,0,3,0.000,1,6681.208,707.657,6.000,6770.000,700.000,90.000,93.999,58,-1.000,-1.000
1171,16.074011,16.669224,11,1,0,3,0.000,1,6681.208,707.657,6.000,6770.000,700.000,90.000,93.999,58,-1.000,-1.000
1172,17.271306,16.667474,11,1,0,3,0.000,1,6681.208,707.657,6.000,6770.000,700.000,90.000,93.999,58,-1.000,-1.000
1173,15.569620,16.667534,11,1,0,3,0.000,1,6681.208,707.657,6.000,6770.000,700.000,90.000,93.999,58,-1.000,-1.000
1174,16.323397,16.667933,11,1,0,3,0.000,1,6681.208,707.657,6.000,6770.000,700.000,90.000,93.999,58,-1.000,-1.000
1175,15.702234,16.668784,11,1,0,3,0.000,1,6681.208,707.657,6.000,6770.000,700.000,90.000,90.999,58,-1.000,-1.000
1176,17.620673,16.667754,11,1,0,3,0.000,1,6681.208,707.657,6.000,6770.000,700.000,90.000,90.999,58,-1.000,-1.000
1177,15.936668,16.667963,11,1,0,3,0.000,1,6681.208,707.657,6.000,6770.000,700.000,90.000,90.999,58,-1.000,-1.000
1178,17.317108,16.668994,11,1,0,3,0.000,1,6681.208,707.657,6.000,6770.000,700.000,90.000,90.999,58,-1.000,-1.000
1179,16.716435,16.668024,11,1,0,3,0.000,1,6681.208,707.657,6.000,6770.000,700.000,90.000,90.999,58,-1.000,-1.000
1180,15.701243,16.666853,11,1,0,3,0.000,1,6681.208,707.657,6.000,6770.000,700.000,90.000,90.999,58,-1.000,-1.000
1181,17.295947,16.667295,11,1,0,3,0.000,1,6681.208,707.657,6.000,6770.000,700.000,90.000,90.999,58,-1.000,-1.000
1182,16.596333,16.668454,11,1,0,3,0.000,1,6681.208,707.657,6.000,6770.000,700.000,90.000,90.999,58,-1.000,-1.000
1183,17.157774,16.667263,11,1,0,3,0.000,1,6681.208,707.657,6.000,6770.000,700.000,90.000,90.999,58,-1.000,-1.000
1184,16.256354,16.667144,11,1,0,3,0.000,1,6681.208,707.657,6.000,6770.000,700.000,90.000,90.999,58,-1.000,-1.000
1185,16.894879,16.668154,11,1,0,3,0.000,1,6681.208,707.657,6.000,6770.000,700.000,90.000,90.999,58,-1.000,-1.000
1186,16.079411,16.667763,11,1,0,3,0.000,1,6681.208,707.657,6.000,6770.000,700.000,90.000,90.999,58,-1.000,-1.000
1187,16.507501,16.668194,11,1,0,3,0.000,1,6681.208,707.657,6.000,6770.000,700.000,90.000,90.999,58,-1.000,-1.000
1188,17.604103,16.668694,11,1,0,3,0.000,1,6681.208,707.657,6.000,6770.000,700.000,90.000,90.999,58,-1.000,-1.000
1189,16.458940,16.668363,11,1,0,3,0.000,1,6681.208,707.657,6.000,6770.000,700.000,90.000,90.999,58,-1.000,-1.000
1190,17.880219,16.667725,11,1,0,3,0.000,1,6681.208,707.657,6.000,6770.000,700.000,90.000,87.999,58,-1.000,-1.000
1191,21.810003,16.668804,12,1,0,3,0.000,1,6681.208,707.657,6.000,6770.000,700.000,90.000,87.999,58,100.000,70.000
1192,10.509593,16.668473,12,1,0,3,0.000,1,6681.208,707.657,6.000,6770.000,700.000,90.000,87.999,58,100.000,70.000
1193,12.344042,16.668874,12,1,0,3,0.000,1,6681.208,707.657,6.000,6770.000,700.000,90.000,87.999,58,100.000,70.000
1194,20.179068,16.667953,12,1,0,3,0.000,1,6681.208,707.657,6.000,6770.000,700.000,90.000,87.999,58,100.000,70.000
1195,18.221387,16.667054,12,1,0,3,0.000,1,6681.208,707.657,6.000,6770.000,700.000,90.000,87.999,58,100.000,70.000
1196,17.023841,16.668544,12,1,0,3,0.000,1,6681.208,707.657,6.000,6770.000,700.000,90.000,87.999,58,100.000,70.000
1197,16.313297,16.668954,12,1,0,3,0.000,1,6681.208,707.657,6.000,6770.000,700.000,90.000,87.999,58,100.000,70.000
1198,16.093132,16.668314,12,1,0,3,0.000,1,6681.208,707.657,6.000,6770.000,700.000,90.000,87.999,58,100.000,70.000
1199,11.886132,16.667254,12,1,0,3,0.000,1,6681.208,707.657,6.000,6770.000,700.000,90.000,87.999,58,100.000,70.000
1200,16.837478,16.667543,12,1,0,3,0.000,1,6681.208,707.657,6.000,6770.000,700.000,90.000,87.999,58,100.000,70.000
1201,17.332327,16.667724,12,1,0,3,0.000,1,6681.208,707.657,6.000,6770.000,700.000,90.000,87.999,58,100.000,70.000
1202,21.352733,16.668864,12,1,0,3,0.000,1,6681.208,707.657,6.000,6770.000,700.000,90.000,87.999,58,100.000,70.000
1203,16.824457,16.668343,12,1,0,3,0.000,1,6681.208,707.657,6.000,6770.000,700.000,90.000,87.999,58,100.000,70.000
1204,15.348066,16.668694,12,1,0,3,0.000,1,6681.208,707.657,6.000,6770.000,700.000,90.000,87.999,58,100.000,70.000
1205,17.816568,16.668595,12,1,0,3,0.000,1,6681.208,707.657,6.000,6770.000,700.000,90.000,84.998,58,100.000,70.000
1206,16.908429,16.667393,12,1,0,3,0.000,1,6681.208,707.657,6.000,6770.000,700.000,90.000,84.998,58,97.000,67.000
1207,16.601973,16.667864,12,1,0,3,0.000,1,6681.208,707.657,6.000,6770.000,700.000,90.000,84.998,58,97.000,67.000
1208,15.357735,16.667334,12,1,0,3,0.000,1,6681.208,707.657,6.000,6770.000,700.000,90.000,84.998,58,97.000,67.000
1209,18.012173,16.668233,12,1,0,3,0.000,1,6681.208,707.657,6.000,6770.000,700.000,90.000,84.998,58,97.000,67.000
1210,15.450478,16.667944,12,1,0,3,0.000,1,6681.208,707.657,6.000,6770.000,700.000,90.000,84.998,58,97.000,67.000
1211,17.294377,16.667174,12,1,0,3,0.000,1,6681.208,707.657,6.000,6770.000,700.000,90.000,84.998,58,97.000,67.000
1212,16.670973,16.668553,12,1,0,3,0.000,1,6681.208,707.657,6.000,6770.000,700.000,90.000,84.998,58,97.000,67.000
1213,16.253096,16.668114,12,1,0,3,0.000,1,6681.208,707.657,6.000,6770.000,700.000,90.000,84.998,58,97.000,67.000
1214,16.632262,16.668355,12,1,0,3,0.000,1,6681.208,707.657,6.000,6770.000,700.000,90.000,84.998,58,97.000,67.000
1215,16.216125,16.668153,12,1,0,3,0.000,1,6681.208,707.657,6.000,6770.000,700.000,90.000,84.998,58,97.000,67.000
1216,17.104903,16.668874,12,1,0,3,0.000,1,6681.208,707.657,6.000,6770.000,700.000,90.000,84.998,58,97.000,67.000
1217,16.577532,16.668674,12,1,0,3,0.000,1,6681.208,707.657,6.000,6770.000,700.000,90.000,84.998,58,97.000,67.000
1218,16.989420,16.667053,12,1,0,3,0.000,1,6681.208,707.657,6.000,6770.000,700.000,90.000,84.998,58,97.000,67.000
1219,16.473190,16.667374,12,1,0,3,0.000,1,6681.208,707.657,6.000,6770.000,700.000,90.000,84.998,58,97.000,67.000
1220,17.363779,16.668514,12,1,0,3,0.000,1,6681.208,707.657,6.000,6770.000,700.000,90.000,81.998,58,97.000,67.000
1221,16.638063,16.668123,12,1,0,3,0.000,1,6681.208,707.657,6.000,6770.000,700.000,90.000,81.998,58,93.999,63.999
1222,11.695198,16.668505,12,1,0,3,0.000,1,6681.208,707.657,6.000,6770.000,700.000,90.000,81.998,58,93.999,63.999
1223,18.261828,16.667394,12,1,0,3,0.000,1,6681.208,707.657,6.000,6770.000,700.000,90.000,81.998,58,93.999,63.999
1224,20.266040,16.668843,12,1,0,3,0.000,1,6681.208,707.657,6.000,6770.000,700.000,90.000,81.998,58,93.999,63.999
1225,15.726254,16.668504,12,1,0,3,0.000,1,6681.208,707.657,6.000,6770.000,700.000,90.000,81.998,58,93.999,63.999
1226,16.369267,16.668454,12,1,0,3,0.000,1,6681.208,707.657,6.000,6770.000,700.000,90.000,81.998,58,93.999,63.999
1227,16.779046,16.667563,12,1,0,3,0.000,1,6681.208,707.657,6.000,6770.000,700.000,90.000,81.998,58,93.999,63.999
1228,16.713994,16.667144,12,1,0,3,0.000,1,6681.208,707.657,6.000,6770.000,700.000,90.000,81.998,58,93.999,63.999
1229,16.693755,16.668175,12,1,0,3,0.000,1,6681.208,707.657,6.000,6770.000,700.000,90.000,81.998,58,93.999,63.999
1230,17.312137,16.667073,12,1,0,3,0.000,1,6681.208,707.657,6.000,6770.000,700.000,90.000,81.998,58,93.999,63.999
1231,15.989080,16.667374,12,1,0,3,0.000,1,6681.208,707.657,6.000,6770.000,700.000,90.000,81.998,58,93.999,63.999
1232,16.615113,16.668414,12,1,0,3,0.000,1,6681.208,707.657,6.000,6770.000,700.000,90.000,81.998,58,93.999,63.999
1233,16.536891,16.668853,12,1,0,3,0.000,1,6681.208,707.657,6.000,6770.000,700.000,90.000,81.998,58,93.999,63.999
1234,16.994961,16.667034,12,1,0,3,0.000,1,6681.208,707.657,6.000,6770.000,700.000,90.000,81.998,58,93.999,63.999
1235,16.823816,16.667084,12,1,0,3,0.000,1,6681.208,707.657,6.000,6770.000,700.000,90.000,78.998,58,93.999,63.999
1236,17.336309,16.668313,12,1,0,3,0.000,1,6681.208,707.657,6.000,6770.000,700.000,90.000,78.998,58,90.999,60.999
1237,15.942458,16.667684,12,1,0,3,0.000,1,6681.208,707.657,6.000,6770.000,700.000,90.000,78.998,58,90.999,60.999
1238,17.021422,16.668935,12,1,0,3,0.000,1,6681.208,707.657,6.000,6770.000,700.000,90.000,78.998,58,90.999,60.999
1239,16.801315,16.668883,12,1,0,3,0.000,1,6681.208,707.657,6.000,6770.000,700.000,90.000,78.998,58,90.999,60.999
1240,15.603662,16.667334,12,1,0,3,0.000,1,6681.208,707.657,6.000,6770.000,700.000,90.000,78.998,58,90.999,60.999
1241,16.662454,16.667154,12,1,0,3,0.000,1,6681.208,707.657,6.000,6770.000,700.000,90.000,78.998,58,90.999,60.999
1242,17.312627,16.668313,12,1,0,3,0.000,1,6681.208,707.657,6.000,6770.000,700.000,90.000,78.998,58,90.999,60.999
1243,16.369637,16.668664,12,1,0,3,0.000,1,6681.208,707.657,6.000,6770.000,700.000,90.000,78.998,58,90.999,60.999
1244,16.038331,16.668444,12,1,0,3,0.000,1,6681.208,707.657,6.000,6770.000,700.000,90.000,78.998,58,90.999,60.999
1245,17.553013,16.667073,12,1,0,3,0.000,1,6681.208,707.657,6.000,6770.000,700.000,90.000,78.998,58,90.999,60.999
1246,17.046381,16.667555,12,1,0,3,0.000,1,6681.208,707.657,6.000,6770.000,700.000,90.000,78.998,58,90.999,60.999
1247,16.865489,16.668414,12,1,0,3,0.000,1,6681.208,707.657,6.000,6770.000,700.000,90.000,78.998,58,90.999,60.999
1248,11.611385,16.667743,12,1,0,3,0.000,1,6681.208,707.657,6.000,6770.000,700.000,90.000,78.998,58,90.999,60.999
1249,19.255910,16.667714,12,1,0,3,0.000,1,6681.208,707.657,6.000,6770.000,700.000,90.000,78.998,58,90.999,60.999
1250,19.459853,16.667994,12,1,0,3,0.000,1,6681.208,707.657,6.000,6770.000,700.000,90.000,75.998,58,90.999,60.999
1251,16.553411,16.668663,12,1,0,3,0.000,1,6681.208,707.657,6.000,6770.000,700.000,90.000,75.998,58,87.999,57.999
1252,16.017640,16.668244,12,1,0,3,0.000,1,6681.208,707.657,6.000,6770.000,700.000,90.000,75.998,58,87.999,57.999
1253,16.764165,16.667955,12,1,0,3,0.000,1,6681.208,707.657,6.000,6770.000,700.000,90.000,75.998,58,87.999,57.999
1254,16.601753,16.667213,12,1,0,3,0.000,1,6681.208,707.657,6.000,6770.000,700.000,90.000,75.998,58,87.999,57.999
1255,17.040262,16.668424,12,1,0,3,0.000,1,6681.208,707.657,6.000,6770.000,700.000,90.000,75.998,58,87.999,57.999
1256,15.079250,16.667934,12,1,0,3,0.000,1,6681.208,707.657,6.000,6770.000,700.000,90.000,75.998,58,87.999,57.999
1257,17.088373,16.668583,12,1,0,3,0.000,1,6681.208,707.657,6.000,6770.000,700.000,90.000,75.998,58,87.999,57.999
1258,16.548381,16.668684,12,1,0,3,0.000,1,6681.208,707.657,6.000,6770.000,700.000,90.000,75.998,58,87.999,57.999
1259,17.081283,16.669024,12,1,0,3,0.000,1,6681.208,707.657,6.000,6770.000,700.000,90.000,75.998,58,87.999,57.999
1260,16.045580,16.668774,12,1,0,3,0.000,1,6681.208,707.657,6.000,6770.000,700.000,90.000,75.998,58,87.999,57.999
1261,17.119844,16.668994,12,1,0,3,0.000,1,6681.208,707.657,6.000,6770.000,700.000,90.000,75.998,58,87.999,57.999
1262,16.687304,16.668224,12,1,0,3,0.000,1,6681.208,707.657,6.000,6770.000,700.000,90.000,75.998,58,87.999,57.999
1263,13.016046,16.668053,12,1,0,3,0.000,1,6681.208,707.657,6.000,6770.000,700.000,90.000,75.998,58,87.999,57.999
1264,16.628043,16.668534,12,1,0,3,0.000,1,6681.208,707.657,6.000,6770.000,700.000,90.000,75.998,58,87.999,57.999
1265,17.543563,16.667553,12,1,0,3,0.000,1,6681.208,707.657,6.000,6770.000,700.000,90.000,72.997,58,87.999,57.999
1266,18.085173,16.667764,12,1,0,3,0.000,1,6681.208,707.657,6.000,6770.000,700.000,90.000,72.997,58,84.999,54.999
1267,18.545135,16.668455,12,1,0,3,0.000,1,6681.208,707.657,6.000,6770.000,700.000,90.000,72.997,58,84.999,54.999
1268,17.352367,16.667603,12,1,0,3,0.000,1,6681.208,707.657,6.000,6770.000,700.000,90.000,72.997,58,84.999,54.999
1269,16.690955,16.668254,12,1,0,3,0.000,1,6681.208,707.657,6.000,6770.000,700.000,90.000,72.997,58,84.999,54.999
1270,15.012659,16.669164,12,1,0,3,0.000,1,6681.208,707.657,6.000,6770.000,700.000,90.000,72.997,58,84.999,54.999
1271,17.221885,16.668373,12,1,0,3,0.000,1,6681.208,707.657,6.000,6770.000,700.000,90.000,72.997,58,84.999,54.999
1272,18.341869,16.667654,12,1,0,3,0.000,1,6681.208,707.657,6.000,6770.000,700.000,90.000,72.997,58,84.999,54.999
1273,15.315735,16.669155,12,1,0,3,0.000,1,6681.208,707.657,6.000,6770.000,700.000,90.000,72.997,58,84.999,54.999
1274,16.316687,16.668123,12,1,0,3,0.000,1,6681.208,707.657,6.000,6770.000,700.000,90.000,72.997,58,84.999,54.999
1275,13.149539,16.668714,12,1,0,3,0.000,1,6681.208,707.657,6.000,6770.000,700.000,90.000,72.997,58,84.999,54.999
1276,19.186077,16.667784,12,1,0,3,0.000,1,6681.208,707.657,6.000,6770.000,700.000,90.000,72.997,58,84.999,54.999
1277,14.095519,16.667353,12,1,0,3,0.000,1,6681.208,707.657,6.000,6770.000,700.000,90.000,72.997,58,84.999,54.999
1278,17.117083,16.667554,12,1,0,3,0.000,1,6681.208,707.657,6.000,6770.000,700.000,90.000,72.997,58,84.999,54.999
1279,18.896191,16.667614,12,1,0,3,0.000,1,6681.208,707.657,6.000,6770.000,700.000,90.000,72.997,58,84.999,54.999
1280,17.070453,16.667823,12,1,0,3,0.000,1,6681.208,707.657,6.000,6770.000,700.000,90.000,69.997,58,84.999,54.999
1281,19.061444,16.669325,28,1,0,3,0.000,1,6681.208,707.657,6.000,6770.000,700.000,90.000,69.997,58,81.998,51.998
1282,171.519862,16.667684,28,1,0,3,0.000,1,6681.208,707.657,6.000,6770.000,700.000,90.000,69.997,58,81.998,51.998
1283,6.702131,165.203036,28,1,0,3,0.000,1,6681.208,707.657,6.000,6770.000,700.000,90.000,69.997,58,81.998,51.998
1284,12.920045,16.667374,28,1,0,3,0.000,1,6681.208,707.657,6.000,6770.000,700.000,90.000,69.997,58,81.998,51.998
1285,17.040831,16.667534,28,1,0,3,0.000,1,6681.208,707.657,6.000,6770.000,700.000,90.000,69.997,58,81.998,51.998
1286,16.673324,16.667004,28,1,0,3,0.000,1,6681.208,707.657,6.000,6770.000,700.000,90.000,69.997,58,81.998,51.998
1287,17.064453,16.667204,28,1,0,3,0.000,1,6681.208,707.657,6.000,6770.000,700.000,90.000,66.815,58,81.998,51.998
1288,17.195434,16.667803,28,1,0,3,0.000,1,6681.208,707.657,6.000,6770.000,700.000,90.000,66.815,58,78.816,48.816
1289,16.723076,16.668594,28,1,0,3,0.000,1,6681.208,707.657,6.000,6770.000,700.000,90.000,66.815,58,78.816,48.816
1290,16.614583,16.668284,28,1,0,3,0.000,1,6681.208,707.657,6.000,6770.000,700.000,90.000,66.815,58,78.816,48.816
1291,17.602013,16.667133,28,1,0,3,0.000,1,6681.208,707.657,6.000,6770.000,700.000,90.000,66.815,58,78.816,48.816
1292,20.072336,16.667315,28,1,0,3,0.000,1,6681.208,707.657,6.000,6770.000,700.000,90.000,66.815,58,78.816,48.816
1293,11.700578,16.667534,28,1,0,3,0.000,1,6681.208,707.657,6.000,6770.000,700.000,90.000,66.815,58,78.816,48.816
1294,16.919030,16.668473,28,1,0,3,0.000,1,6681.208,707.657,6.000,6770.000,700.000,90.000,66.815,58,78.816,48.816
1295,17.924030,16.668734,28,1,0,3,0.000,1,6681.208,707.657,6.000,6770.000,700.000,90.000,66.815,58,78.816,48.816
1296,16.142743,16.668643,28,1,0,3,0.000,1,6681.208,707.657,6.000,6770.000,700.000,90.000,66.815,58,78.816,48.816
1297,16.556631,16.667624,28,1,0,3,0.000,1,6681.208,707.657,6.000,6770.000,700.000,90.000,66.815,58,78.816,48.816
1298,16.813067,16.668604,28,1,0,3,0.000,1,6681.208,707.657,6.000,6770.000,700.000,90.000,66.815,58,78.816,48.816
1299,16.831597,16.667334,28,1,0,3,0.000,1,6681.208,707.657,6.000,6770.000,700.000,90.000,66.815,58,78.816,48.816
1300,16.273005,16.668964,28,1,0,3,0.000,1,6681.208,707.657,6.000,6770.000,700.000,90.000,66.815,58,78.816,48.816
1301,16.570023,16.668364,28,1,0,3,0.000,1,6681.208,707.657,6.000,6770.000,700.000,90.000,66.815,58,78.816,48.816
1302,17.180394,16.667513,28,1,0,3,0.000,1,6681.208,707.657,6.000,6770.000,700.000,90.000,63.814,58,78.816,48.816
1303,16.088001,16.668324,13,1,0,3,0.000,1,6681.208,707.657,6.000,6770.000,700.000,90.000,63.814,58,75.816,45.816
1304,16.796087,16.667984,13,1,0,3,0.000,1,6681.208,707.657,6.000,6140.000,390.000,90.000,63.814,58,75.816,45.816
1305,16.795537,16.667423,13,1,0,3,0.000,1,6681.208,707.657,6.000,6140.000,390.000,90.000,63.814,58,75.816,45.816
1306,16.662753,16.669205,13,1,0,3,0.000,1,6681.208,707.657,6.000,6140.000,390.000,90.000,63.814,58,75.816,45.816
1307,16.388428,16.668254,13,1,0,3,0.000,1,6681.208,707.657,6.000,6140.000,390.000,90.000,63.814,58,75.816,45.816
1308,16.692294,16.668443,13,1,0,3,0.000,1,6681.208,707.657,6.000,6140.000,390.000,90.000,63.814,58,75.816,45.816
1309,16.834418,16.667384,13,1,0,3,0.000,1,6681.208,707.657,6.000,6140.000,390.000,90.000,63.814,58,75.816,45.816
1310,16.602943,16.668164,13,1,0,3,0.000,1,6681.208,707.657,6.000,6140.000,390.000,90.000,63.814,58,75.816,45.816
1311,17.332127,16.668373,13,1,0,3,0.000,1,6681.208,707.657,6.000,6140.000,390.000,90.000,63.814,58,75.816,45.816
1312,17.018341,16.668705,13,1,0,3,0.000,1,6681.208,707.657,6.000,6140.000,390.000,90.000,63.814,58,75.816,45.816
1313,16.164903,16.668784,13,1,0,3,0.000,1,6681.208,707.657,6.000,6140.000,390.000,90.000,63.814,58,75.816,45.816
1314,17.434221,16.668333,13,1,0,3,0.000,1,6681.208,707.657,6.000,6140.000,390.000,90.000,63.814,58,75.816,45.816
1315,16.071341,16.668024,13,1,0,3,0.000,1,6681.208,707.657,6.000,6140.000,390.000,90.000,63.814,58,75.816,45.816
1316,16.538441,16.667354,13,1,0,3,0.000,1,6681.208,707.657,6.000,6140.000,390.000,90.000,63.814,58,75.816,45.816
1317,16.516001,16.668323,13,1,0,3,0.000,1,6681.208,707.657,6.000,6140.000,390.000,90.000,63.814,58,75.816,45.816
1318,16.576572,16.667645,13,1,0,3,0.000,1,6681.208,707.657,6.000,6140.000,390.000,90.000,63.814,58,72.815,42.815
1319,16.275715,16.667164,13,1,0,3,0.000,1,6681.208,707.657,6.000,6140.000,390.000,90.000,63.814,58,72.815,42.815
1320,16.866078,16.667833,13,1,0,3,0.000,1,6681.208,707.657,6.000,6140.000,390.000,90.000,63.814,58,72.815,42.815
1321,16.366327,16.667204,13,1,0,3,0.000,1,6681.208,707.657,6.000,6140.000,390.000,90.000,63.814,58,72.815,42.815
1322,16.717096,16.668174,13,1,0,3,0.000,1,6681.208,707.657,6.000,6140.000,390.000,90.000,63.814,58,72.815,42.815
1323,16.928339,16.669183,13,1,0,3,0.000,1,6681.208,707.657,6.000,6140.000,390.000,90.000,63.814,58,72.815,42.815
1324,16.561431,16.668255,13,1,0,3,0.000,1,6681.208,707.657,6.000,6140.000,390.000,90.000,63.814,58,72.815,42.815
1325,16.514841,16.668484,13,1,0,3,0.000,1,6681.208,707.657,6.000,6140.000,390.000,90.000,63.814,58,72.815,42.815
1326,16.784576,16.667263,13,1,0,3,0.000,1,6681.208,707.657,6.000,6140.000,390.000,90.000,63.814,58,72.815,42.815
1327,16.918779,16.668154,13,1,0,3,0.000,1,6681.208,707.657,6.000,6140.000,390.000,90.000,63.814,58,72.815,42.815
1328,18.873391,16.668554,13,1,0,3,0.000,1,6681.208,707.657,6.000,6140.000,390.000,90.000,63.814,58,72.815,42.815
1329,14.105039,16.668673,13,1,0,3,0.000,1,6681.208,707.657,6.000,6140.000,390.000,90.000,63.814,58,72.815,42.815
1330,18.059173,16.668635,13,1,0,3,0.000,1,6681.208,707.657,6.000,6140.000,390.000,90.000,63.814,58,72.815,42.815
1331,20.085787,16.667574,13,1,0,3,0.000,1,6681.208,707.657,6.000,6140.000,390.000,90.000,63.814,58,72.815,42.815
1332,16.475060,16.668763,13,1,0,3,0.000,1,6681.208,707.657,6.000,6140.000,390.000,90.000,63.814,58,72.815,42.815
1333,17.679535,16.668544,14,1,0,3,0.000,1,6681.208,707.657,6.000,6140.000,390.000,90.000,63.814,58,69.815,39.815
1334,16.826997,16.667764,14,0,0,4,0.000,1,6681.208,707.657,6.000,6140.000,390.000,90.000,63.814,58,69.815,39.815
1335,10.882911,16.667403,14,0,0,4,0.000,1,6681.208,707.657,6.000,6140.000,390.000,90.000,63.814,58,69.815,39.815
1336,17.401580,16.668744,14,0,0,4,0.000,1,6681.208,707.657,6.000,6140.000,390.000,90.000,63.814,58,69.815,39.815
1337,16.228584,16.668315,14,0,0,4,0.000,1,6681.208,707.657,6.000,6140.000,390.000,90.000,63.814,58,69.815,39.815
1338,16.799357,16.668153,14,0,0,4,0.000,1,6681.208,707.657,6.000,6140.000,390.000,90.000,63.814,58,69.815,39.815
1339,16.870518,16.668564,15,0,0,4,0.000,1,6681.208,707.657,6.000,6140.000,390.000,90.000,63.814,58,69.815,39.815
1340,16.422468,16.668754,15,0,0,4,0.000,1,6681.208,707.657,6.000,6770.000,700.000,90.000,63.814,58,69.815,39.815
1341,16.865139,16.668823,15,0,0,4,0.000,1,6681.208,707.657,6.000,6770.000,700.000,90.000,63.814,58,69.815,39.815
1342,16.543470,16.667054,15,0,0,4,0.000,1,6681.208,707.657,6.000,6770.000,700.000,90.000,63.814,58,69.815,39.815
1343,16.996241,16.668585,15,0,0,4,0.000,1,6681.208,707.657,6.000,6770.000,700.000,90.000,63.814,58,69.815,39.815
1344,16.338277,16.668763,15,0,0,4,0.000,1,6681.208,707.657,6.000,6770.000,700.000,90.000,63.814,58,69.815,39.815
1345,19.919293,16.667094,15,0,0,4,0.000,1,6681.208,707.657,6.000,6770.000,700.000,90.000,63.814,58,69.815,39.815
1346,13.567488,16.667434,15,0,0,4,0.000,1,6681.208,707.657,6.000,6770.000,700.000,90.000,63.814,58,69.815,39.815
1347,18.517443,16.668263,15,0,0,4,0.000,1,6681.208,707.657,6.000,6770.000,700.000,90.000,63.814,58,69.815,39.815
1348,13.765903,16.668204,15,0,0,4,0.000,1,6681.208,707.657,6.000,6770.000,700.000,90.000,63.814,58,69.815,39.815
1349,18.435701,16.668505,15,0,0,4,0.000,1,6681.208,707.657,6.000,6770.000,700.000,90.000,63.814,58,69.815,39.815
1350,14.455956,16.667113,15,0,0,4,0.000,1,6681.208,707.657,6.000,6770.000,700.000,90.000,63.814,58,69.815,39.815
1351,18.074584,16.667494,15,0,0,4,0.000,1,6681.208,707.657,6.000,6770.000,700.000,90.000,63.814,58,69.815,39.815
1352,18.650846,16.667044,15,0,0,4,0.000,1,6681.208,707.657,6.000,6770.000,700.000,90.000,63.814,58,69.815,39.815
1353,12.762881,16.667483,15,0,0,4,0.000,1,6681.208,707.657,6.000,6770.000,700.000,90.000,63.814,58,69.815,39.815
1354,18.440451,16.667414,15,0,0,4,0.000,1,6681.208,707.657,6.000,6770.000,700.000,90.000,63.814,58,69.815,39.815
1355,19.487894,16.668934,15,0,0,4,0.000,1,6681.208,707.657,6.000,6770.000,700.000,90.000,63.814,58,69.815,39.815
1356,17.970162,16.668674,15,0,0,4,0.000,1,6681.208,707.657,6.000,6770.000,700.000,90.000,63.814,58,69.815,39.815
1357,11.909853,16.668404,15,0,0,4,0.000,1,6681.208,707.657,6.000,6770.000,700.000,90.000,63.814,58,69.815,39.815
1358,16.790035,16.667574,15,0,0,4,0.000,1,6681.208,707.657,6.000,6770.000,700.000,90.000,63.814,58,69.815,39.815
1359,18.455873,16.667543,15,0,0,4,0.000,1,6681.208,707.657,6.000,6770.000,700.000,90.000,63.814,58,69.815,39.815
1360,19.429562,16.667184,15,0,0,4,0.000,1,6681.208,707.657,6.000,6770.000,700.000,90.000,63.814,58,69.815,39.815
1361,17.166404,16.667414,15,0,0,4,0.000,1,6681.208,707.657,6.000,6770.000,700.000,90.000,63.814,58,69.815,39.815
1362,12.391324,16.668344,15,0,0,4,0.000,1,6681.208,707.657,6.000,6770.000,700.000,90.000,63.814,58,69.815,39.815
1363,15.930548,16.667144,15,0,0,4,0.000,1,6681.208,707.657,6.000,6770.000,700.000,90.000,63.814,58,69.815,39.815
1364,19.877522,16.667864,15,0,0,4,0.000,1,6681.208,707.657,6.000,6770.000,700.000,90.000,63.814,58,69.815,39.815
1365,17.825508,16.667793,15,0,0,4,0.000,1,6681.208,707.657,6.000,6770.000,700.000,90.000,63.814,58,69.815,39.815
1366,12.001714,16.667544,15,0,0,4,0.000,1,6681.208,707.657,6.000,6770.000,700.000,90.000,63.814,58,69.815,39.815
1367,18.409652,16.668573,15,0,0,4,0.000,1,6681.208,707.657,6.000,6770.000,700.000,90.000,63.814,58,69.815,39.815
1368,15.249663,16.667445,15,0,0,4,0.000,1,6681.208,707.657,6.000,6770.000,700.000,90.000,63.814,58,69.815,39.815
1369,18.242327,16.668654,15,0,0,4,0.000,1,6681.208,707.657,6.000,6770.000,700.000,90.000,63.814,58,69.815,39.815
1370,19.733210,16.667663,15,0,0,4,0.000,1,6681.208,707.657,6.000,6770.000,700.000,90.000,63.814,58,69.815,39.815
1371,12.118897,16.668284,15,0,0,4,0.000,1,6681.208,707.657,6.000,6770.000,700.000,90.000,63.814,58,69.815,39.815
1372,20.263190,16.668354,15,0,0,4,0.000,1,6681.208,707.657,6.000,6770.000,700.000,90.000,63.814,58,69.815,39.815
1373,18.256278,16.668233,15,0,0,4,0.000,1,6681.208,707.657,6.000,6770.000,700.000,90.000,63.814,58,69.815,39.815
1374,11.375561,16.667405,15,0,0,4,0.000,1,6681.208,707.657,6.000,6770.000,700.000,90.000,63.814,58,69.815,39.815
1375,16.794867,16.668234,15,0,0,4,0.000,1,6681.208,707.657,6.000,6770.000,700.000,90.000,63.814,58,69.815,39.815
1376,16.810447,16.668603,15,0,0,4,0.000,1,6681.208,707.657,6.000,6770.000,700.000,90.000,63.814,58,69.815,39.815
1377,16.566551,16.668554,15,0,0,4,0.000,1,6681.208,707.657,6.000,6770.000,700.000,90.000,63.814,58,69.815,39.815
1378,16.706625,16.668324,15,0,0,4,0.000,1,6681.208,707.657,6.000,6770.000,700.000,90.000,63.814,58,69.815,39.815
1379,16.457409,16.667254,15,0,0,4,0.000,1,6681.208,707.657,6.000,6770.000,700.000,90.000,63.814,58,69.815,39.815
1380,16.707605,16.668244,15,0,0,4,0.000,1,6681.208,707.657,6.000,6770.000,700.000,90.000,63.814,58,69.815,39.815
1381,16.489930,16.668224,15,0,0,4,0.000,1,6681.208,707.657,6.000,6770.000,700.000,90.000,63.814,58,69.815,39.815
1382,16.987261,16.668553,15,0,0,4,0.000,1,6681.208,707.657,6.000,6770.000,700.000,90.000,63.814,58,69.815,39.815
1383,16.773915,16.667314,15,0,0,4,0.000,1,6681.208,707.657,6.000,6770.000,700.000,90.000,63.814,58,69.815,39.815
1384,16.562182,16.668964,15,0,0,4,0.000,1,6681.208,707.657,6.000,6770.000,700.000,90.000,63.814,58,69.815,39.815
1385,16.492810,16.668594,15,0,0,4,0.000,1,6681.208,707.657,6.000,6770.000,700.000,90.000,63.814,58,69.815,39.815
1386,16.978820,16.668324,15,0,0,4,0.000,1,6681.208,707.657,6.000,6770.000,700.000,90.000,63.814,58,69.815,39.815
1387,16.157843,16.667514,15,0,0,4,0.000,1,6681.208,707.657,6.000,6770.000,700.000,90.000,63.814,58,69.815,39.815
1388,19.974944,16.668303,15,0,0,4,0.000,1,6681.208,707.657,6.000,6770.000,700.000,90.000,63.814,58,69.815,39.815
1389,16.978981,16.667504,15,0,0,4,0.000,1,6681.208,707.657,6.000,6770.000,700.000,90.000,63.814,58,69.815,39.815
1390,16.071371,16.669045,15,0,0,4,0.000,1,6681.208,707.657,6.000,6770.000,700.000,90.000,63.814,58,69.815,39.815
1391,13.777223,16.668213,15,0,0,4,0.000,1,6681.208,707.657,6.000,6770.000,700.000,90.000,63.814,58,69.815,39.815
1392,17.123943,16.668334,15,0,0,4,0.000,1,6681.208,707.657,6.000,6770.000,700.000,90.000,63.814,58,69.815,39.815
1393,16.941380,16.667244,15,0,0,4,0.000,1,6681.208,707.657,6.000,6770.000,700.000,90.000,63.814,58,69.815,39.815
1394,16.241795,16.667523,15,0,0,4,0.000,1,6681.208,707.657,6.000,6770.000,700.000,90.000,63.814,58,69.815,39.815
1395,16.562731,16.667504,15,0,0,4,0.000,1,6681.208,707.657,6.000,6770.000,700.000,90.000,63.814,58,69.815,39.815
1396,16.561642,16.668495,15,0,0,4,0.000,1,6681.208,707.657,6.000,6770.000,700.000,90.000,63.814,58,69.815,39.815
1397,16.926290,16.668263,15,0,0,4,0.000,1,6681.208,707.657,6.000,6770.000,700.000,90.000,63.814,58,69.815,39.815
1398,16.639062,16.668834,15,0,0,4,0.000,1,6681.208,707.657,6.000,6770.000,700.000,90.000,63.814,58,69.815,39.815
1399,16.664134,16.669074,16,0,0,4,0.000,1,6681.208,707.657,6.000,6770.000,700.000,90.000,63.814,58,69.815,39.815
1400,16.644843,16.668703,16,0,0,4,0.000,1,6681.208,707.657,6.000,6770.000,700.000,90.000,63.814,58,69.815,39.815
1401,16.667164,16.668314,16,0,0,4,0.000,1,6681.208,707.657,6.000,6770.000,700.000,90.000,63.814,58,69.815,39.815
1402,23.093490,16.668505,16,0,0,4,0.000,1,6681.208,707.657,6.000,6770.000,700.000,90.000,63.814,58,69.815,39.815
1403,10.078664,16.667113,16,0,0,4,0.000,1,6681.208,707.657,6.000,6770.000,700.000,90.000,63.814,58,69.815,39.815
1404,16.274016,16.667664,16,0,0,4,0.000,1,6681.208,707.657,6.000,6770.000,700.000,90.000,63.814,58,69.815,39.815
1405,16.793476,16.667794,16,0,0,4,0.000,1,6681.208,707.657,6.000,6770.000,700.000,90.000,63.814,58,69.815,39.815
1406,19.747420,16.668173,16,0,0,4,0.000,1,6681.208,707.657,6.000,6770.000,700.000,90.000,63.814,58,69.815,39.815
1407,17.809908,16.667424,16,0,0,4,0.000,1,6681.208,707.657,6.000,6770.000,700.000,90.000,63.814,58,69.815,39.815
1408,16.949640,16.667545,16,0,0,4,0.000,1,6681.208,707.657,6.000,6770.000,700.000,90.000,63.814,58,69.815,39.815
1409,16.349427,16.668573,16,0,0,4,0.000,1,6681.208,707.657,6.000,6770.000,700.000,90.000,63.814,58,69.815,39.815
1410,12.451024,16.667924,16,0,0,4,0.000,1,6681.208,707.657,6.000,6770.000,700.000,90.000,63.814,58,69.815,39.815
1411,16.704124,16.668504,16,0,0,4,0.000,1,6681.208,707.657,6.000,6770.000,700.000,90.000,63.814,58,69.815,39.815
1412,19.367222,16.667783,16,0,0,4,0.000,1,6681.208,707.657,6.000,6770.000,700.000,90.000,63.814,58,69.815,39.815
1413,18.207676,16.667055,16,0,0,4,0.000,1,6681.208,707.657,6.000,6770.000,700.000,90.000,63.814,58,69.815,39.815
1414,12.541666,16.667484,16,0,0,4,0.000,1,6681.208,707.657,6.000,6770.000,700.000,90.000,63.814,58,69.815,39.815
1415,16.475200,16.667313,16,0,0,4,0.000,1,6681.208,707.657,6.000,6770.000,700.000,90.000,63.814,58,69.815,39.815
1416,18.480022,16.668634,16,0,0,4,0.000,1,6681.208,707.657,6.000,6770.000,700.000,90.000,63.814,58,69.815,39.815
1417,14.829855,16.667824,16,0,0,4,0.000,1,6681.208,707.657,6.000,6770.000,700.000,90.000,63.814,58,69.815,39.815
1418,18.211567,16.667873,16,0,0,4,0.000,1,6681.208,707.657,6.000,6770.000,700.000,90.000,63.814,58,69.815,39.815
1419,19.807250,16.667165,16,0,0,4,0.000,1,6681.208,707.657,6.000,6770.000,700.000,90.000,63.814,58,69.815,39.815
1420,11.925014,16.667044,16,0,0,4,0.000,1,6681.208,707.657,6.000,6770.000,700.000,90.000,63.814,58,69.815,39.815
1421,17.152184,16.668763,16,0,0,4,0.000,1,6681.208,707.657,6.000,6770.000,700.000,90.000,63.814,58,69.815,39.815
1422,18.833420,16.668944,16,0,0,4,0.000,1,6681.208,707.657,6.000,6770.000,700.000,90.000,63.814,58,69.815,39.815
1423,14.066668,16.667674,16,0,0,4,0.000,1,6681.208,707.657,6.000,6770.000,700.000,90.000,63.814,58,69.815,39.815
1424,18.689797,16.682094,16,0,0,4,0.000,1,6681.208,707.657,6.000,6770.000,700.000,90.000,63.814,58,69.815,39.815
1425,19.408132,16.667204,16,0,0,4,0.000,1,6681.208,707.657,6.000,6770.000,700.000,90.000,63.814,58,69.815,39.815
1426,11.949814,16.667244,16,0,0,4,0.000,1,6681.208,707.657,6.000,6770.000,700.000,90.000,63.814,58,69.815,39.815
1427,18.621805,16.667373,16,0,0,4,0.000,1,6681.208,707.657,6.000,6770.000,700.000,90.000,63.814,58,69.815,39.815
1428,19.441413,16.667414,16,0,0,4,0.000,1,6681.208,707.657,6.000,6770.000,700.000,90.000,63.814,58,69.815,39.815
1429,12.047225,16.667215,16,0,0,4,0.000,1,6681.208,707.657,6.000,6770.000,700.000,90.000,63.814,58,69.815,39.815
1430,16.803767,16.668733,16,0,0,4,0.000,1,6681.208,707.657,6.000,6770.000,700.000,90.000,63.814,58,69.815,39.815
1431,16.837308,16.668154,16,0,0,4,0.000,1,6681.208,707.657,6.000,6770.000,700.000,90.000,63.814,58,69.815,39.815
1432,16.356147,16.667294,16,0,0,4,0.000,1,6681.208,707.657,6.000,6770.000,700.000,90.000,63.814,58,69.815,39.815
1433,19.835251,16.668003,16,0,0,4,0.000,1,6681.208,707.657,6.000,6770.000,700.000,90.000,63.814,58,69.815,39.815
1434,13.769733,16.668795,16,0,0,4,0.000,1,6681.208,707.657,6.000,6770.000,700.000,90.000,63.814,58,69.815,39.815
1435,19.785640,16.668464,16,0,0,4,0.000,1,6681.208,707.657,6.000,6770.000,700.000,90.000,63.814,58,69.815,39.815
1436,13.353753,16.668313,16,0,0,4,0.000,1,6681.208,707.657,6.000,6770.000,700.000,90.000,63.814,58,69.815,39.815
1437,17.345578,16.668204,16,0,0,4,0.000,1,6681.208,707.657,6.000,6770.000,700.000,90.000,63.814,58,69.815,39.815
1438,18.898491,16.668094,16,0,0,4,0.000,1,6681.208,707.657,6.000,6770.000,700.000,90.000,63.814,58,69.815,39.815
1439,13.951306,16.667434,16,0,0,4,0.000,1,6681.208,707.657,6.000,6770.000,700.000,90.000,63.814,58,69.815,39.815
1440,18.592706,16.668394,16,0,0,4,0.000,1,6681.208,707.657,6.000,6770.000,700.000,90.000,63.814,58,69.815,39.815
1441,15.109910,16.669683,16,0,0,4,0.000,1,6681.208,707.657,6.000,6770.000,700.000,90.000,63.814,58,69.815,39.815
1442,16.334557,16.667604,16,0,0,4,0.000,1,6681.208,707.657,6.000,6770.000,700.000,90.000,63.814,58,69.815,39.815
1443,16.463950,16.668904,16,0,0,4,0.000,1,6681.208,707.657,6.000,6770.000,700.000,90.000,63.814,58,69.815,39.815
1444,16.605022,16.668874,16,0,0,4,0.000,1,6681.208,707.657,6.000,6770.000,700.000,90.000,63.814,58,69.815,39.815
1445,16.632323,16.668704,16,0,0,4,0.000,1,6681.208,707.657,6.000,6770.000,700.000,90.000,63.814,58,69.815,39.815
1446,16.727045,16.669114,16,0,0,4,0.000,1,6681.208,707.657,6.000,6770.000,700.000,90.000,63.814,58,69.815,39.815
1447,19.811100,16.667143,16,0,0,4,0.000,1,6681.208,707.657,6.000,6770.000,700.000,90.000,63.814,58,69.815,39.815
1448,13.432486,16.668854,16,0,0,4,0.000,1,6681.208,707.657,6.000,6770.000,700.000,90.000,63.814,58,69.815,39.815
1449,17.230196,16.976011,16,0,0,4,0.000,1,6681.208,707.657,6.000,6770.000,700.000,90.000,63.814,58,69.815,39.815
1450,16.430108,16.667044,16,0,0,4,0.000,1,6681.208,707.657,6.000,6770.000,700.000,90.000,63.814,58,69.815,39.815
1451,17.392660,16.667493,16,0,0,4,0.000,1,6681.208,707.657,6.000,6770.000,700.000,90.000,63.814,58,69.815,39.815
1452,16.080351,16.667844,16,0,0,4,0.000,1,6681.208,707.657,6.000,6770.000,700.000,90.000,63.814,58,69.815,39.815
1453,16.600913,16.668285,16,0,0,4,0.000,1,6681.208,707.657,6.000,6770.000,700.000,90.000,63.814,58,69.815,39.815
1454,16.647903,16.675073,16,0,0,4,0.000,1,6681.208,707.657,6.000,6770.000,700.000,90.000,63.814,58,69.815,39.815
1455,16.881278,16.668064,16,0,0,4,0.000,1,6681.208,707.657,6.000,6770.000,700.000,90.000,63.814,58,69.815,39.815
1456,16.630664,16.667964,16,0,0,4,0.000,1,6681.208,707.657,6.000,6770.000,700.000,90.000,63.814,58,69.815,39.815
1457,16.652182,16.667533,16,0,0,4,0.000,1,6681.208,707.657,6.000,6770.000,700.000,90.000,63.814,58,69.815,39.815
1458,16.500641,16.668375,16,0,0,4,0.000,1,6681.208,707.657,6.000,6770.000,700.000,90.000,63.814,58,69.815,39.815
1459,16.747106,16.668924,16,0,0,4,0.000,1,6681.208,707.657,6.000,6770.000,700.000,90.000,63.814,58,69.815,39.815
1460,16.601142,16.668043,16,0,0,4,0.000,1,6681.208,707.657,6.000,6770.000,700.000,90.000,63.814,58,69.815,39.815
1461,16.687294,16.668494,16,0,0,4,0.000,1,6681.208,707.657,6.000,6770.000,700.000,90.000,63.814,58,69.815,39.815
1462,16.550781,16.667244,16,0,0,4,0.000,1,6681.208,707.657,6.000,6770.000,700.000,90.000,63.814,58,69.815,39.815
1463,17.006371,16.668584,16,0,0,4,0.000,1,6681.208,707.657,6.000,6770.000,700.000,90.000,63.814,58,69.815,39.815
1464,16.549802,16.668804,16,0,0,4,0.000,1,6681.208,707.657,6.000,6770.000,700.000,90.000,63.814,58,69.815,39.815
1465,16.933280,16.668614,16,0,0,4,0.000,1,6681.208,707.657,6.000,6770.000,700.000,90.000,63.814,58,69.815,39.815
1466,16.838127,16.668363,16,0,0,4,0.000,1,6681.208,707.657,6.000,6770.000,700.000,90.000,63.814,58,69.815,39.815
1467,16.366097,16.667544,16,0,0,4,0.000,1,6681.208,707.657,6.000,6770.000,700.000,90.000,63.814,58,69.815,39.815
1468,17.173765,16.668245,16,0,0,4,0.000,1,6681.208,707.657,6.000,6770.000,700.000,90.000,63.814,58,69.815,39.815
1469,16.131742,16.668633,16,0,0,4,0.000,1,6681.208,707.657,6.000,6770.000,700.000,90.000,63.814,58,69.815,39.815
1470,19.091095,16.667894,16,0,0,4,0.000,1,6681.208,707.657,6.000,6770.000,700.000,90.000,63.814,58,69.815,39.815
1471,18.493033,16.668944,16,0,0,4,0.000,1,6681.208,707.657,6.000,6770.000,700.000,90.000,63.814,58,69.815,39.815
1472,16.271386,16.668073,16,0,0,4,0.000,1,6681.208,707.657,6.000,6770.000,700.000,90.000,63.814,58,69.815,39.815
1473,14.665031,16.667945,16,0,0,4,0.000,1,6681.208,707.657,6.000,6770.000,700.000,90.000,63.814,58,69.815,39.815
1474,14.662961,16.668004,16,0,0,4,0.000,1,6681.208,707.657,6.000,6770.000,700.000,90.000,63.814,58,69.815,39.815
1475,16.755766,16.667673,16,0,0,4,0.000,1,6681.208,707.657,6.000,6770.000,700.000,90.000,63.814,58,69.815,39.815
1476,16.983110,16.667634,16,0,0,4,0.000,1,6681.208,707.657,6.000,6770.000,700.000,90.000,63.814,58,69.815,39.815
1477,17.783158,16.667374,16,0,0,4,0.000,1,6681.208,707.657,6.000,6770.000,700.000,90.000,63.814,58,69.815,39.815
1478,18.917002,16.668823,16,0,0,4,0.000,1,6681.208,707.657,6.000,6770.000,700.000,90.000,63.814,58,69.815,39.815
1479,13.254011,16.668995,16,0,0,4,0.000,1,6681.208,707.657,6.000,6770.000,700.000,90.000,63.814,58,69.815,39.815
1480,20.118817,16.667614,16,0,0,4,0.000,1,6681.208,707.657,6.000,6770.000,700.000,90.000,63.814,58,69.815,39.815
1481,16.104952,16.667453,16,0,0,4,0.000,1,6681.208,707.657,6.000,6770.000,700.000,90.000,63.814,58,69.815,39.815
1482,16.008450,16.667234,16,0,0,4,0.000,1,6681.208,707.657,6.000,6770.000,700.000,90.000,63.814,58,69.815,39.815
1483,17.253117,16.668374,16,0,0,4,0.000,1,6681.208,707.657,6.000,6770.000,700.000,90.000,63.814,58,69.815,39.815
1484,16.828236,16.667694,16,0,0,4,0.000,1,6681.208,707.657,6.000,6770.000,700.000,90.000,63.814,58,69.815,39.815
1485,16.697005,16.667794,16,0,0,4,0.000,1,6681.208,707.657,6.000,6770.000,700.000,90.000,63.814,58,69.815,39.815
1486,13.631630,16.668034,16,0,0,4,0.000,1,6681.208,707.657,6.000,6770.000,700.000,90.000,63.814,58,69.815,39.815
1487,18.136835,16.668223,16,0,0,4,0.000,1,6681.208,707.657,6.000,6770.000,700.000,90.000,63.814,58,69.815,39.815
1488,19.793150,16.667625,16,0,0,4,0.000,1,6681.208,707.657,6.000,6770.000,700.000,90.000,63.814,58,69.815,39.815
1489,12.874614,16.668434,22,0,0,4,0.000,1,6681.208,707.657,6.000,6770.000,700.000,90.000,63.814,58,-1.000,-1.000
1490,18.956891,16.688093,22,0,0,4,0.000,1,6681.208,707.657,6.000,6140.000,390.000,90.000,63.814,58,-1.000,-1.000
1491,14.099680,16.667405,22,0,0,4,0.000,1,6681.208,707.657,6.000,6140.000,390.000,90.000,63.814,58,-1.000,-1.000
1492,16.358927,16.667974,22,0,0,4,0.000,1,6681.208,707.657,6.000,6140.000,390.000,90.000,63.814,58,-1.000,-1.000
1493,17.204065,16.667943,22,0,0,4,0.000,1,6681.208,707.657,6.000,6140.000,390.000,90.000,63.814,58,-1.000,-1.000
1494,17.538333,16.668584,22,0,0,4,0.000,1,6681.208,707.657,6.000,6140.000,390.000,90.000,63.814,58,-1.000,-1.000
1495,15.046980,16.667624,22,0,0,4,0.000,1,6681.208,707.657,6.000,6140.000,390.000,90.000,63.814,58,-1.000,-1.000
1496,17.683674,16.668854,22,0,0,4,0.000,1,6681.208,707.657,6.000,6140.000,390.000,90.000,63.814,58,-1.000,-1.000
1497,19.935124,16.667584,22,0,0,4,0.000,1,6681.208,707.657,6.000,6140.000,390.000,90.000,63.814,58,-1.000,-1.000
1498,17.641095,16.667464,22,0,0,4,0.000,1,6681.208,707.657,6.000,6140.000,390.000,90.000,63.814,58,-1.000,-1.000
1499,15.288804,16.668483,22,0,0,4,0.000,1,6681.208,707.657,6.000,6140.000,390.000,90.000,63.814,58,-1.000,-1.000
1500,17.263876,16.668164,22,0,0,4,0.000,1,6681.208,707.657,6.000,6140.000,390.000,90.000,63.814,58,-1.000,-1.000
1501,15.815806,16.667355,22,0,0,4,0.000,1,6681.208,707.657,6.000,6140.000,390.000,90.000,63.814,58,-1.000,-1.000
1502,17.368359,16.668113,22,0,0,4,0.000,1,6681.208,707.657,6.000,6140.000,390.000,90.000,63.814,58,-1.000,-1.000
1503,16.268386,16.667204,22,0,0,4,0.000,1,6681.208,707.657,6.000,6140.000,390.000,90.000,63.814,58,-1.000,-1.000
1504,15.565169,16.667464,22,0,0,4,0.000,1,6681.208,707.657,6.000,6140.000,390.000,90.000,63.814,58,-1.000,-1.000
1505,17.039603,16.668043,22,0,0,4,0.000,1,6681.208,707.657,6.000,6140.000,390.000,90.000,63.814,58,-1.000,-1.000
1506,12.775891,16.667325,22,0,0,4,0.000,1,6681.208,707.657,6.000,6140.000,390.000,90.000,63.814,58,-1.000,-1.000
1507,19.298220,16.667784,22,0,0,4,0.000,1,6681.208,707.657,6.000,6140.000,390.000,90.000,63.814,58,-1.000,-1.000
1508,13.812853,16.667193,22,0,0,4,0.000,1,6681.208,707.657,6.000,6140.000,390.000,90.000,63.814,58,-1.000,-1.000
1509,17.535132,16.667334,22,0,0,4,0.000,1,6681.208,707.657,6.000,6140.000,390.000,90.000,63.814,58,-1.000,-1.000
1510,16.329027,16.667544,22,0,0,4,0.000,1,6681.208,707.657,6.000,6140.000,390.000,90.000,63.814,58,-1.000,-1.000
1511,16.598162,16.667524,22,0,0,4,0.000,1,6681.208,707.657,6.000,6140.000,390.000,90.000,63.814,58,-1.000,-1.000
1512,19.116296,16.667584,22,0,0,4,0.000,1,6681.208,707.657,6.000,6140.000,390.000,90.000,63.814,58,-1.000,-1.000
1513,18.817730,16.668203,22,0,0,4,0.000,1,6681.208,707.657,6.000,6140.000,390.000,90.000,63.814,58,-1.000,-1.000
1514,11.663417,16.666984,22,0,0,4,0.000,1,6681.208,707.657,6.000,6140.000,390.000,90.000,63.814,58,-1.000,-1.000
1515,19.451893,16.667284,22,0,0,4,0.000,1,6681.208,707.657,6.000,6140.000,390.000,90.000,63.814,58,-1.000,-1.000
1516,20.230150,16.667324,22,0,0,4,0.000,1,6681.208,707.657,6.000,6140.000,390.000,90.000,63.814,58,-1.000,-1.000
1517,10.285588,16.667054,22,0,0,4,0.000,1,6681.208,707.657,6.000,6140.000,390.000,90.000,63.814,58,-1.000,-1.000
1518,17.184825,16.667824,22,0,0,4,0.000,1,6681.208,707.657,6.000,6140.000,390.000,90.000,63.814,58,-1.000,-1.000
1519,19.769729,16.667313,23,0,0,4,0.000,1,6681.208,707.657,6.000,6140.000,390.000,90.000,63.814,58,-1.000,-1.000
1520,18.192636,16.668274,23,1,0,5,0.000,1,6681.208,707.657,6.000,6140.000,390.000,90.000,63.814,58,-1.000,-1.000
1521,11.455684,16.667945,23,1,0,5,0.000,1,6681.208,707.657,6.000,6140.000,390.000,90.000,63.814,58,-1.000,-1.000
1522,16.597003,16.668433,23,1,0,5,0.000,1,6681.208,707.657,6.000,6140.000,390.000,90.000,63.814,58,-1.000,-1.000
1523,16.755215,16.668004,23,1,0,5,0.000,1,6681.208,707.657,6.000,6140.000,390.000,90.000,63.814,58,-1.000,-1.000
1524,16.695505,16.667434,23,1,0,5,0.000,1,6681.208,707.657,6.000,6140.000,390.000,90.000,63.814,58,-1.000,-1.000
1525,16.944929,16.668263,23,1,0,5,0.000,1,6681.208,707.657,6.000,6140.000,390.000,90.000,63.814,58,-1.000,-1.000
1526,16.426869,16.667405,23,1,0,5,0.000,1,6681.208,707.657,6.000,6140.000,390.000,90.000,63.814,58,-1.000,-1.000
1527,17.863229,16.668654,23,1,0,5,0.000,1,6681.208,707.657,6.000,6140.000,390.000,90.000,63.814,58,-1.000,-1.000
1528,16.474390,16.668103,23,1,0,5,0.000,1,6681.208,707.657,6.000,6140.000,390.000,90.000,63.814,58,-1.000,-1.000
1529,16.558101,16.667724,23,1,0,5,0.000,1,6681.208,707.657,6.000,6140.000,390.000,90.000,63.814,58,-1.000,-1.000
1530,16.543062,16.667534,23,1,0,5,0.000,1,6681.208,707.657,6.000,6140.000,390.000,90.000,63.814,58,-1.000,-1.000
1531,16.587202,16.667814,23,1,0,5,0.000,1,6681.208,707.657,6.000,6140.000,390.000,90.000,63.814,58,-1.000,-1.000
1532,19.364521,16.667764,23,1,0,5,0.000,1,6681.208,707.657,6.000,6140.000,390.000,90.000,63.814,58,-1.000,-1.000
1533,18.684846,16.668464,23,1,0,5,0.000,1,6681.208,707.657,6.000,6140.000,390.000,90.000,63.814,58,-1.000,-1.000
1534,16.829878,16.668043,23,1,0,5,0.000,1,6681.208,707.657,6.000,6140.000,390.000,90.000,63.814,58,-1.000,-1.000
1535,11.993095,16.668164,23,1,0,5,0.000,1,6681.208,707.657,6.000,6140.000,390.000,90.000,63.814,58,-1.000,-1.000
1536,16.440039,16.668455,23,1,0,5,0.000,1,6681.208,707.657,6.000,6140.000,390.000,90.000,63.814,58,-1.000,-1.000
1537,19.673537,16.668253,23,1,0,5,0.000,1,6681.208,707.657,6.000,6140.000,390.000,90.000,63.814,58,-1.000,-1.000
1538,17.957181,16.668224,23,1,0,5,0.000,1,6681.208,707.657,6.000,6140.000,390.000,90.000,63.814,58,-1.000,-1.000
1539,12.667160,16.668864,23,1,0,5,0.000,1,6681.208,707.657,6.000,6140.000,390.000,90.000,63.814,58,-1.000,-1.000
1540,16.995991,16.668474,23,1,0,5,0.000,1,6681.208,707.657,6.000,6140.000,390.000,90.000,63.814,58,-1.000,-1.000
1541,16.850167,16.668204,23,1,0,5,0.000,1,6681.208,707.657,6.000,6140.000,390.000,90.000,63.814,58,-1.000,-1.000
1542,16.557562,16.667804,23,1,0,5,0.000,1,6681.208,707.657,6.000,6140.000,390.000,90.000,63.814,58,-1.000,-1.000
1543,16.491640,16.668233,17,1,0,5,0.000,1,6681.208,707.657,6.000,6140.000,390.000,90.000,63.814,58,-1.000,-1.000
1544,18.992383,16.668354,17,1,0,5,0.000,1,6681.208,707.657,6.000,6140.000,390.000,90.000,63.814,58,-1.000,-1.000
1545,18.648416,16.668525,17,1,0,5,0.000,1,6681.208,707.657,6.000,6140.000,390.000,90.000,63.814,58,-1.000,-1.000
1546,18.097954,16.668563,17,1,0,5,0.000,1,6681.208,707.657,6.000,6140.000,390.000,90.000,63.814,58,-1.000,-1.000
1547,13.915285,16.667124,17,1,0,5,0.000,1,6681.208,707.657,6.000,6140.000,390.000,90.000,63.814,58,-1.000,-1.000
1548,15.045740,16.667574,17,1,0,5,0.000,1,6681.208,707.657,6.000,16500.000,700.000,90.000,63.814,58,-1.000,-1.000
1549,16.731265,16.667104,17,1,1,5,0.000,0,6681.208,707.657,6.000,16500.000,700.000,90.000,63.814,58,-1.000,-1.000
1550,18.318099,16.668534,17,1,1,5,0.000,0,6681.208,707.657,6.000,16500.000,700.000,90.000,63.814,58,-1.000,-1.000
1551,19.298590,16.667054,17,1,1,5,0.000,0,6681.208,707.657,6.000,16500.000,700.000,90.000,63.814,58,-1.000,-1.000
1552,12.975206,16.667203,17,1,1,5,0.000,0,6681.208,707.657,6.000,16500.000,700.000,90.000,63.814,58,-1.000,-1.000
1553,17.009401,16.667524,17,1,1,5,0.000,0,6681.208,707.657,6.000,16500.000,700.000,90.000,63.814,58,-1.000,-1.000
1554,15.289754,16.667585,17,1,1,5,0.000,0,6681.208,707.657,6.000,16500.000,700.000,90.000,63.814,58,-1.000,-1.000
1555,15.531111,16.667313,17,1,1,5,0.000,0,6681.208,707.657,6.000,16500.000,700.000,90.000,63.814,58,-1.000,-1.000
1556,15.866405,16.667094,17,1,1,5,0.000,0,6681.208,707.657,6.000,16500.000,700.000,90.000,63.814,58,-1.000,-1.000
1557,16.049831,16.720335,17,1,1,5,0.000,0,6681.208,707.657,6.000,16500.000,700.000,90.000,63.814,58,-1.000,-1.000
1558,16.646564,16.667104,17,1,1,5,0.000,0,6681.208,707.657,6.000,16500.000,700.000,90.000,63.814,58,-1.000,-1.000
1559,16.797017,16.667194,17,1,1,5,0.000,0,6681.208,707.657,6.000,16500.000,700.000,90.000,63.814,58,-1.000,-1.000
1560,19.613436,16.773676,17,1,1,5,0.000,0,6681.208,707.657,6.000,16500.000,700.000,90.000,63.814,58,-1.000,-1.000
1561,14.090370,16.687494,17,1,1,5,0.000,0,6681.208,707.657,6.000,16500.000,700.000,90.000,63.814,58,-1.000,-1.000
1562,18.197136,16.667234,17,1,1,5,0.000,0,6681.208,707.657,6.000,16500.000,700.000,90.000,63.814,58,-1.000,-1.000
1563,14.235202,16.667494,17,1,1,5,0.000,0,6681.208,707.657,6.000,16500.000,700.000,90.000,63.814,58,-1.000,-1.000
1564,16.788107,16.667563,17,1,1,5,0.000,0,6681.208,707.657,6.000,16500.000,700.000,90.000,63.814,58,-1.000,-1.000
1565,16.564361,16.687525,17,1,1,5,0.000,0,6681.208,707.657,6.000,16500.000,700.000,90.000,63.814,58,-1.000,-1.000
1566,16.413039,16.719045,17,1,1,5,0.000,0,6681.208,707.657,6.000,16500.000,700.000,90.000,63.814,58,-1.000,-1.000
1567,16.837977,16.667143,17,1,1,5,0.000,0,6681.208,707.657,6.000,16500.000,700.000,90.000,63.814,58,-1.000,-1.000
1568,16.755325,16.667555,17,1,1,5,0.000,0,6681.208,707.657,6.000,16500.000,700.000,90.000,63.814,58,-1.000,-1.000
1569,16.774967,16.667014,17,1,1,5,0.000,0,6681.208,707.657,6.000,16500.000,700.000,90.000,63.814,58,-1.000,-1.000
1570,16.673644,16.667433,17,1,1,5,0.000,0,6681.208,707.657,6.000,16500.000,700.000,90.000,63.814,58,-1.000,-1.000
1571,16.665383,16.675824,17,1,1,5,0.000,0,6681.208,707.657,6.000,16500.000,700.000,90.000,63.814,58,-1.000,-1.000
1572,16.789037,16.825728,17,1,1,5,0.000,0,6681.208,707.657,6.000,16500.000,700.000,90.000,63.814,58,-1.000,-1.000
1573,16.861178,16.667214,17,1,1,5,0.000,0,6681.208,707.657,6.000,16500.000,700.000,90.000,63.814,58,-1.000,-1.000
1574,16.834528,16.666983,17,1,1,5,0.000,0,6681.208,707.657,6.000,16500.000,700.000,90.000,63.814,58,-1.000,-1.000
1575,19.701348,16.668764,17,1,1,5,0.000,0,6681.208,707.657,6.000,16500.000,700.000,90.000,63.814,58,-1.000,-1.000
1576,19.741579,16.667165,17,1,1,5,0.000,0,6681.208,707.657,6.000,16500.000,700.000,90.000,63.814,58,-1.000,-1.000
1577,11.716279,16.668533,17,1,1,5,0.000,0,6681.208,707.657,6.000,16500.000,700.000,90.000,63.814,58,-1.000,-1.000
1578,18.246747,16.668984,17,1,1,5,0.000,0,6681.208,707.657,6.000,16500.000,700.000,90.000,63.814,58,-1.000,-1.000
1579,19.704048,16.667324,17,1,1,5,0.000,0,6681.208,707.657,6.000,16500.000,700.000,90.000,63.814,58,-1.000,-1.000
1580,11.589477,16.667234,17,1,1,5,0.000,0,6681.208,707.657,6.000,16500.000,700.000,90.000,63.814,58,-1.000,-1.000
1581,20.166268,16.668984,17,1,1,5,0.000,0,6681.208,707.657,6.000,16500.000,700.000,90.000,63.814,58,-1.000,-1.000
1582,17.988842,16.667204,17,1,1,5,0.000,0,6681.208,707.657,6.000,16500.000,700.000,90.000,63.814,58,-1.000,-1.000
1583,11.678747,16.667693,17,1,1,5,0.000,0,6681.208,707.657,6.000,16500.000,700.000,90.000,63.814,58,-1.000,-1.000
1584,16.833498,16.668434,17,1,1,5,0.000,0,6681.208,707.657,6.000,16500.000,700.000,90.000,63.814,58,-1.000,-1.000
1585,16.773046,16.667525,17,1,1,5,0.000,0,6681.208,707.657,6.000,16500.000,700.000,90.000,63.814,58,-1.000,-1.000
1586,16.710635,16.667383,17,1,1,5,0.000,0,6681.208,707.657,6.000,16500.000,700.000,90.000,63.814,58,-1.000,-1.000
1587,17.373899,16.669064,17,1,1,5,0.000,0,6681.208,707.657,6.000,16500.000,700.000,90.000,63.814,58,-1.000,-1.000
1588,18.458181,16.668344,17,1,1,5,0.000,0,6681.208,707.657,6.000,16500.000,700.000,90.000,63.814,58,-1.000,-1.000
1589,18.590205,16.667874,17,1,1,5,0.000,0,6681.208,707.657,6.000,16500.000,700.000,90.000,63.814,58,-1.000,-1.000
1590,17.082803,16.668164,17,1,1,5,0.000,0,6681.208,707.657,6.000,16500.000,700.000,90.000,63.814,58,-1.000,-1.000
1591,16.583022,16.668634,17,1,1,5,0.000,0,6681.208,707.657,6.000,16500.000,700.000,90.000,63.814,58,-1.000,-1.000
1592,16.344437,16.667583,17,1,1,5,0.000,0,6681.208,707.657,6.000,16500.000,700.000,90.000,63.814,58,-1.000,-1.000
1593,16.487631,16.668374,17,1,1,5,0.000,0,6681.208,707.657,6.000,16500.000,700.000,90.000,63.814,58,-1.000,-1.000
1594,16.818646,16.669055,17,1,1,5,0.000,0,6681.208,707.657,6.000,16500.000,700.000,90.000,63.814,58,-1.000,-1.000
1595,16.719235,16.668703,17,1,1,5,0.000,0,6681.208,707.657,6.000,16500.000,700.000,90.000,63.814,58,-1.000,-1.000
1596,16.466730,16.667834,17,1,1,5,0.000,0,6681.208,707.657,6.000,16500.000,700.000,90.000,63.814,58,-1.000,-1.000
1597,17.281087,16.668113,17,1,1,5,0.000,0,6681.208,707.657,6.000,16500.000,700.000,90.000,63.814,58,-1.000,-1.000
1598,15.496149,16.668145,17,1,1,5,0.000,0,6681.208,707.657,6.000,16500.000,700.000,90.000,63.814,58,-1.000,-1.000
1599,15.931168,16.667224,17,1,1,5,0.000,0,6681.208,707.657,6.000,16500.000,700.000,90.000,63.814,58,-1.000,-1.000
1600,17.011121,16.669073,17,1,1,5,0.000,0,6681.208,707.657,6.000,16500.000,700.000,90.000,63.814,58,-1.000,-1.000
1601,17.733127,16.667564,17,1,1,5,0.000,0,6681.208,707.657,6.000,16500.000,700.000,90.000,63.814,58,-1.000,-1.000
1602,15.902228,16.667675,17,1,1,5,0.000,0,6681.208,707.657,6.000,16500.000,700.000,90.000,63.814,58,-1.000,-1.000
1603,12.288200,16.667223,17,1,1,5,0.000,0,6681.208,707.657,6.000,16500.000,700.000,90.000,63.814,58,-1.000,-1.000
1604,18.722418,16.667804,17,1,1,5,0.000,0,6681.208,707.657,6.000,16500.000,700.000,90.000,63.814,58,-1.000,-1.000
1605,14.700262,16.667194,17,1,1,5,0.000,0,6681.208,707.657,6.000,16500.000,700.000,90.000,63.814,58,-1.000,-1.000
1606,16.804066,16.667513,17,1,1,5,0.000,0,6681.208,707.657,6.000,16500.000,700.000,90.000,63.814,58,-1.000,-1.000
1607,17.382430,16.667375,17,1,1,5,0.000,0,6681.208,707.657,6.000,16500.000,700.000,90.000,63.814,58,-1.000,-1.000
1608,20.393623,16.667744,17,1,1,5,0.000,0,6681.208,707.657,6.000,16500.000,700.000,90.000,63.814,58,-1.000,-1.000
1609,13.323632,16.667703,17,1,1,5,0.000,0,6681.208,707.657,6.000,16500.000,700.000,90.000,63.814,58,-1.000,-1.000
1610,17.644435,16.668224,17,1,1,5,0.000,0,6681.208,707.657,6.000,16500.000,700.000,90.000,63.814,58,-1.000,-1.000
1611,19.091986,16.667825,17,1,1,5,0.000,0,6681.208,707.657,6.000,16500.000,700.000,90.000,63.814,58,-1.000,-1.000
1612,13.769562,16.668473,17,1,1,5,0.000,0,6681.208,707.657,6.000,16500.000,700.000,90.000,63.814,58,-1.000,-1.000
1613,16.741006,16.668494,17,1,1,5,0.000,0,6681.208,707.657,6.000,16500.000,700.000,90.000,63.814,58,-1.000,-1.000
1614,19.042514,16.667674,17,1,1,5,0.000,0,6681.208,707.657,6.000,16500.000,700.000,90.000,63.814,58,-1.000,-1.000
1615,16.582602,16.668274,17,1,1,5,0.000,0,6681.208,707.657,6.000,16500.000,700.000,90.000,63.814,58,-1.000,-1.000
1616,18.000342,16.668794,17,1,1,5,0.000,0,6681.208,707.657,6.000,16500.000,700.000,90.000,63.814,58,-1.000,-1.000
1617,12.615498,16.668264,17,1,1,5,0.000,0,6681.208,707.657,6.000,16500.000,700.000,90.000,63.814,58,-1.000,-1.000
1618,18.490552,16.668673,17,1,1,5,0.000,0,6681.208,707.657,6.000,16500.000,700.000,90.000,63.814,58,-1.000,-1.000
1619,15.007089,16.668475,17,1,1,5,0.000,0,6681.208,707.657,6.000,16500.000,700.000,90.000,63.814,58,-1.000,-1.000
1620,16.681184,16.668214,17,1,1,5,0.000,0,6681.208,707.657,6.000,16500.000,700.000,90.000,63.814,58,-1.000,-1.000
1621,18.832480,16.669153,17,1,1,5,0.000,0,6681.208,707.657,6.000,16500.000,700.000,90.000,63.814,58,-1.000,-1.000
1622,17.775718,16.668064,17,1,1,5,0.000,0,6681.208,707.657,6.000,16500.000,700.000,90.000,63.814,58,-1.000,-1.000
1623,16.905888,16.667585,17,1,1,5,0.000,0,6681.208,707.657,6.000,16500.000,700.000,90.000,63.814,58,-1.000,-1.000
1624,14.201712,16.667513,17,1,1,5,0.000,0,6681.208,707.657,6.000,16500.000,700.000,90.000,63.814,58,-1.000,-1.000
1625,15.620081,16.667484,17,1,1,5,0.000,0,6681.208,707.657,6.000,16500.000,700.000,90.000,63.814,58,-1.000,-1.000
1626,18.039013,16.667274,17,1,1,5,0.000,0,6681.208,707.657,6.000,16500.000,700.000,90.000,63.814,58,-1.000,-1.000
1627,18.418912,16.683334,17,1,1,5,0.000,0,6681.208,707.657,6.000,16500.000,700.000,90.000,63.814,58,-1.000,-1.000
1628,16.226914,16.667254,17,1,1,5,0.000,0,6681.208,707.657,6.000,16500.000,700.000,90.000,63.814,58,-1.000,-1.000
1629,17.404980,16.668324,17,1,1,5,0.000,0,6681.208,707.657,6.000,16500.000,700.000,90.000,63.814,58,-1.000,-1.000
1630,17.650125,16.667533,17,1,1,5,0.000,0,6681.208,707.657,6.000,16500.000,700.000,90.000,63.814,58,-1.000,-1.000
1631,12.031955,16.668265,17,1,1,5,0.000,0,6681.208,707.657,6.000,16500.000,700.000,90.000,63.814,58,-1.000,-1.000
1632,18.158446,16.668554,17,1,1,5,0.000,0,6681.208,707.657,6.000,16500.000,700.000,90.000,63.814,58,-1.000,-1.000
1633,18.690497,16.668973,17,1,1,5,0.000,0,6681.208,707.657,6.000,16500.000,700.000,90.000,63.814,58,-1.000,-1.000
1634,16.152102,16.667544,17,1,1,5,0.000,0,6681.208,707.657,6.000,16500.000,700.000,90.000,63.814,58,-1.000,-1.000
1635,18.594396,16.668935,17,1,1,5,0.000,0,6681.208,707.657,6.000,16500.000,700.000,90.000,63.814,58,-1.000,-1.000
1636,11.609546,16.668743,17,1,1,5,0.000,0,6681.208,707.657,6.000,16500.000,700.000,90.000,63.814,58,-1.000,-1.000
1637,19.040374,16.667864,17,1,1,5,0.000,0,6681.208,707.657,6.000,16500.000,700.000,90.000,63.814,58,-1.000,-1.000
1638,19.571516,16.668535,17,1,1,5,0.000,0,6681.208,707.657,6.000,16500.000,700.000,90.000,63.814,58,-1.000,-1.000
1639,15.696073,16.668683,17,1,1,5,0.000,0,6681.208,707.657,6.000,16500.000,700.000,90.000,63.814,58,-1.000,-1.000
1640,16.638123,16.667954,17,1,1,5,0.000,0,6681.208,707.657,6.000,16500.000,700.000,90.000,63.814,58,-1.000,-1.000
1641,16.380818,16.667254,17,1,1,5,0.000,0,6681.208,707.657,6.000,16500.000,700.000,90.000,63.814,58,-1.000,-1.000
1642,16.190684,16.668563,17,1,1,5,0.000,0,6681.208,707.657,6.000,16500.000,700.000,90.000,63.814,58,-1.000,-1.000
1643,17.892350,16.668595,17,1,1,5,0.000,0,6681.208,707.657,6.000,16500.000,700.000,90.000,63.814,58,-1.000,-1.000
1644,11.656347,16.668254,17,1,1,5,0.000,0,6681.208,707.657,6.000,16500.000,700.000,90.000,63.814,58,-1.000,-1.000
1645,19.830091,16.667333,17,1,1,5,0.000,0,6681.208,707.657,6.000,16500.000,700.000,90.000,63.814,58,-1.000,-1.000
1646,18.689367,16.667484,17,1,1,5,0.000,0,6681.208,707.657,6.000,16500.000,700.000,90.000,63.814,58,-1.000,-1.000
1647,11.430652,16.667575,17,1,1,5,0.000,0,6681.208,707.657,6.000,16500.000,700.000,90.000,63.814,58,-1.000,-1.000
1648,16.562703,16.667983,17,1,1,5,0.000,0,6681.208,707.657,6.000,16500.000,700.000,90.000,63.814,58,-1.000,-1.000
1649,16.885108,16.668894,17,1,1,5,0.000,0,6681.208,707.657,6.000,16500.000,700.000,90.000,63.814,58,-1.000,-1.000
1650,16.641903,16.667864,17,1,1,5,0.000,0,6681.208,707.657,6.000,16500.000,700.000,90.000,63.814,58,-1.000,-1.000
1651,16.691625,16.668104,17,1,1,5,0.000,0,6681.208,707.657,6.000,16500.000,700.000,90.000,63.814,58,-1.000,-1.000
1652,16.666594,16.668504,17,1,1,5,0.000,0,6681.208,707.657,6.000,16500.000,700.000,90.000,63.814,58,-1.000,-1.000
1653,16.667673,16.667904,17,1,1,5,0.000,0,6681.208,707.657,6.000,16500.000,700.000,90.000,63.814,58,-1.000,-1.000
1654,16.685375,16.669493,17,1,1,5,0.000,0,6681.208,707.657,6.000,16500.000,700.000,90.000,63.814,58,-1.000,-1.000
1655,16.803747,16.668475,17,1,1,5,0.000,0,6681.208,707.657,6.000,16500.000,700.000,90.000,63.814,58,-1.000,-1.000
1656,16.887368,16.667844,17,1,1,5,0.000,0,6681.208,707.657,6.000,16500.000,700.000,90.000,63.814,58,-1.000,-1.000
1657,17.267127,16.669923,17,1,1,5,0.000,0,6681.208,707.657,6.000,16500.000,700.000,90.000,63.814,58,-1.000,-1.000
1658,16.339486,16.668594,17,1,1,5,0.000,0,6681.208,707.657,6.000,16500.000,700.000,90.000,63.814,58,-1.000,-1.000
1659,16.618024,16.668125,17,1,1,5,0.000,0,6681.208,707.657,6.000,16500.000,700.000,90.000,63.814,58,-1.000,-1.000
1660,16.660153,16.704254,17,1,1,5,0.000,0,6681.208,707.657,6.000,16500.000,700.000,90.000,63.814,58,-1.000,-1.000
1661,17.161055,16.669334,17,1,1,5,0.000,0,6681.208,707.657,6.000,16500.000,700.000,90.000,63.814,58,-1.000,-1.000
1662,16.235244,16.667594,17,1,1,5,0.000,0,6681.208,707.657,6.000,16500.000,700.000,90.000,63.814,58,-1.000,-1.000
1663,17.888130,16.667703,17,1,1,5,0.000,0,6681.208,707.657,6.000,16500.000,700.000,90.000,63.814,58,-1.000,-1.000
1664,19.384292,16.674415,17,1,1,5,0.000,0,6681.208,707.657,6.000,16500.000,700.000,90.000,63.814,58,-1.000,-1.000
1665,16.861968,16.668324,17,1,1,5,0.000,0,6681.208,707.657,6.000,16500.000,700.000,90.000,63.814,58,-1.000,-1.000
1666,12.322921,16.667973,17,1,1,5,0.000,0,6681.208,707.657,6.000,16500.000,700.000,90.000,63.814,58,-1.000,-1.000
1667,16.797997,16.669515,17,1,1,5,0.000,0,6681.208,707.657,6.000,16500.000,700.000,90.000,63.814,58,-1.000,-1.000
1668,16.351007,16.667614,17,1,1,5,0.000,0,6681.208,707.657,6.000,16500.000,700.000,90.000,63.814,58,-1.000,-1.000
1669,16.642364,16.667493,17,1,1,5,0.000,0,6681.208,707.657,6.000,16500.000,700.000,90.000,63.814,58,-1.000,-1.000
1670,18.829170,16.669124,17,1,1,5,0.000,0,6681.208,707.657,6.000,16500.000,700.000,90.000,63.814,58,-1.000,-1.000
1671,17.647915,16.668325,17,1,1,5,0.000,0,6681.208,707.657,6.000,16500.000,700.000,90.000,63.814,58,-1.000,-1.000
1672,18.929701,16.667723,17,1,1,5,0.000,0,6681.208,707.657,6.000,16500.000,700.000,90.000,63.814,58,-1.000,-1.000
1673,15.495439,16.668524,17,1,1,5,0.000,0,6681.208,707.657,6.000,16500.000,700.000,90.000,63.814,58,-1.000,-1.000
1674,15.379666,16.668714,17,1,1,5,0.000,0,6681.208,707.657,6.000,16500.000,700.000,90.000,63.814,58,-1.000,-1.000
1675,18.520174,16.667494,17,1,1,5,0.000,0,6681.208,707.657,6.000,16500.000,700.000,90.000,63.814,58,-1.000,-1.000
1676,10.979183,16.668024,17,1,1,5,0.000,0,6681.208,707.657,6.000,16500.000,700.000,90.000,63.814,58,-1.000,-1.000
1677,21.049817,16.667074,17,1,1,5,0.000,0,6681.208,707.657,6.000,16500.000,700.000,90.000,63.814,58,-1.000,-1.000
1678,13.990927,16.668253,17,1,1,5,0.000,0,6681.208,707.657,6.000,16500.000,700.000,90.000,63.814,58,-1.000,-1.000
1679,20.692530,16.669165,17,1,1,5,0.000,0,6681.208,707.657,6.000,16500.000,700.000,90.000,63.814,58,-1.000,-1.000
1680,11.006364,16.667644,17,1,1,5,0.000,0,6681.208,707.657,6.000,16500.000,700.000,90.000,63.814,58,-1.000,-1.000
1681,16.228674,16.667053,17,1,1,5,0.000,0,6681.208,707.657,6.000,16500.000,700.000,90.000,63.814,58,-1.000,-1.000
1682,19.671327,16.667174,17,1,1,5,0.000,0,6681.208,707.657,6.000,16500.000,700.000,90.000,63.814,58,-1.000,-1.000
1683,16.262066,16.667894,17,1,1,5,0.000,0,6681.208,707.657,6.000,16500.000,700.000,90.000,63.814,58,-1.000,-1.000
1684,14.031308,16.667094,17,1,1,5,0.000,0,6681.208,707.657,6.000,16500.000,700.000,90.000,63.814,58,-1.000,-1.000
1685,19.072635,16.667444,17,1,1,5,0.000,0,6681.208,707.657,6.000,16500.000,700.000,90.000,63.814,58,-1.000,-1.000
1686,18.003032,16.667153,17,1,1,5,0.000,0,6681.208,707.657,6.000,16500.000,700.000,90.000,63.814,58,-1.000,-1.000
1687,16.618582,16.667545,17,1,1,5,0.000,0,6681.208,707.657,6.000,16500.000,700.000,90.000,63.814,58,-1.000,-1.000
1688,16.622184,16.667474,17,1,1,5,0.000,0,6681.208,707.657,6.000,16500.000,700.000,90.000,63.814,58,-1.000,-1.000
1689,17.801258,16.667373,17,1,1,5,0.000,0,6681.208,707.657,6.000,16500.000,700.000,90.000,63.814,58,-1.000,-1.000
1690,12.119297,16.667574,17,1,1,5,0.000,0,6681.208,707.657,6.000,16500.000,700.000,90.000,63.814,58,-1.000,-1.000
1691,16.649034,16.667195,17,1,1,5,0.000,0,6681.208,707.657,6.000,16500.000,700.000,90.000,63.814,58,-1.000,-1.000
1692,19.007524,16.666863,17,1,1,5,0.000,0,6681.208,707.657,6.000,16500.000,700.000,90.000,63.814,58,-1.000,-1.000
1693,18.881550,16.667624,17,1,1,5,0.000,0,6681.208,707.657,6.000,16500.000,700.000,90.000,63.814,58,-1.000,-1.000
1694,12.127688,16.667164,17,1,1,5,0.000,0,6681.208,707.657,6.000,16500.000,700.000,90.000,63.814,58,-1.000,-1.000
1695,16.682513,16.667424,17,1,1,5,0.000,0,6681.208,707.657,6.000,16500.000,700.000,90.000,63.814,58,-1.000,-1.000
1696,18.023353,16.667624,17,1,1,5,0.000,0,6681.208,707.657,6.000,16500.000,700.000,90.000,63.814,58,-1.000,-1.000
1697,20.113297,16.667454,17,1,1,5,0.000,0,6681.208,707.657,6.000,16500.000,700.000,90.000,63.814,58,-1.000,-1.000
1698,12.209030,16.667633,17,1,1,5,0.000,0,6681.208,707.657,6.000,16500.000,700.000,90.000,63.814,58,-1.000,-1.000
1699,16.289206,16.667305,17,1,1,5,0.000,0,6681.208,707.657,6.000,16500.000,700.000,90.000,63.814,58,-1.000,-1.000
1700,18.978413,16.666934,17,1,1,5,0.000,0,6681.208,707.657,6.000,16500.000,700.000,90.000,63.814,58,-1.000,-1.000
1701,19.044714,16.666913,17,1,1,5,0.000,0,6681.208,707.657,6.000,16500.000,700.000,90.000,63.814,58,-1.000,-1.000
1702,12.102517,16.667514,17,1,1,5,0.000,0,6681.208,707.657,6.000,16500.000,700.000,90.000,63.814,58,-1.000,-1.000
1703,19.136196,16.667664,17,1,1,5,0.000,0,6681.208,707.657,6.000,16500.000,700.000,90.000,63.814,58,-1.000,-1.000
1704,14.451827,16.667264,17,1,1,5,0.000,0,6681.208,707.657,6.000,16500.000,700.000,90.000,63.814,58,-1.000,-1.000
1705,16.888328,16.668634,17,1,1,5,0.000,0,6681.208,707.657,6.000,16500.000,700.000,90.000,63.814,58,-1.000,-1.000
1706,17.240207,16.668334,17,1,1,5,0.000,0,6681.208,707.657,6.000,16500.000,700.000,90.000,63.814,58,-1.000,-1.000
1707,16.548051,16.668593,17,1,1,5,0.000,0,6681.208,707.657,6.000,16500.000,700.000,90.000,63.814,58,-1.000,-1.000
1708,16.636044,16.667815,17,1,1,5,0.000,0,6681.208,707.657,6.000,16500.000,700.000,90.000,63.814,58,-1.000,-1.000
1709,16.703794,16.668004,17,1,1,5,0.000,0,6681.208,707.657,6.000,16500.000,700.000,90.000,63.814,58,-1.000,-1.000
1710,16.670334,16.667903,17,1,1,5,0.000,0,6681.208,707.657,6.000,16500.000,700.000,90.000,63.814,58,-1.000,-1.000
1711,16.911849,16.667795,17,1,1,5,0.000,0,6681.208,707.657,6.000,16500.000,700.000,90.000,63.814,58,-1.000,-1.000
1712,16.365437,16.667294,17,1,1,5,0.000,0,6681.208,707.657,6.000,16500.000,700.000,90.000,63.814,58,-1.000,-1.000
1713,18.957793,16.667473,17,1,1,5,0.000,0,6681.208,707.657,6.000,16500.000,700.000,90.000,63.814,58,-1.000,-1.000
1714,18.898301,16.667654,17,1,1,5,0.000,0,6681.208,707.657,6.000,16500.000,700.000,90.000,63.814,58,-1.000,-1.000
1715,12.265011,16.667144,17,1,1,5,0.000,0,6681.208,707.657,6.000,16500.000,700.000,90.000,63.814,58,-1.000,-1.000
1716,16.507700,16.668184,17,1,1,5,0.000,0,6681.208,707.657,6.000,16500.000,700.000,90.000,63.814,58,-1.000,-1.000
1717,16.589383,16.668094,17,1,1,5,0.000,0,6681.208,707.657,6.000,16500.000,700.000,90.000,63.814,58,-1.000,-1.000
1718,19.112576,16.669084,17,1,1,5,0.000,0,6681.208,707.657,6.000,16500.000,700.000,90.000,63.814,58,-1.000,-1.000
1719,14.314573,16.667884,17,1,1,5,0.000,0,6681.208,707.657,6.000,16500.000,700.000,90.000,63.814,58,-1.000,-1.000
1720,16.545552,16.668174,17,1,1,5,0.000,0,6681.208,707.657,6.000,16500.000,700.000,90.000,63.814,58,-1.000,-1.000
1721,16.781576,16.668974,17,1,1,5,0.000,0,6681.208,707.657,6.000,16500.000,700.000,90.000,63.814,58,-1.000,-1.000
1722,16.680824,16.668943,17,1,1,5,0.000,0,6681.208,707.657,6.000,16500.000,700.000,90.000,63.814,58,-1.000,-1.000
1723,16.623304,16.668745,18,1,1,5,0.000,0,6681.208,707.657,6.000,16500.000,700.000,90.000,63.814,58,-1.000,-1.000
1724,18.991813,16.668194,18,1,1,5,0.000,0,6681.208,707.657,6.000,16500.000,700.000,90.000,63.814,58,-1.000,-1.000
1725,14.120380,16.668663,18,1,1,5,0.000,0,6681.208,707.657,6.000,16500.000,700.000,90.000,63.814,58,-1.000,-1.000
1726,18.911461,16.668565,18,1,1,5,0.000,0,6681.208,707.657,6.000,16500.000,700.000,90.000,63.814,58,-1.000,-1.000
1727,19.628146,16.668484,18,1,1,5,0.000,0,6681.208,707.657,6.000,16500.000,700.000,90.000,63.814,58,-1.000,-1.000
1728,11.318251,16.668903,18,1,1,5,0.000,0,6681.208,707.657,6.000,16500.000,700.000,90.000,63.814,58,-1.000,-1.000
1729,16.994971,16.667094,18,1,1,5,0.000,0,6681.208,707.657,6.000,16500.000,700.000,90.000,63.814,58,-1.000,-1.000
1730,16.435809,16.667795,18,1,1,5,0.000,0,6681.208,707.657,6.000,16500.000,700.000,90.000,63.814,58,-1.000,-1.000
1731,16.726595,16.667883,18,1,1,5,0.000,0,6681.208,707.657,6.000,16500.000,700.000,90.000,63.814,58,-1.000,-1.000
1732,16.680984,16.668344,18,1,1,5,0.000,0,6681.208,707.657,6.000,16500.000,700.000,90.000,63.814,58,-1.000,-1.000
1733,16.872368,16.667254,18,1,1,5,0.000,0,6681.208,707.657,6.000,16500.000,700.000,90.000,63.814,58,-1.000,-1.000
1734,16.342748,16.667394,18,1,1,5,0.000,0,6681.208,707.657,6.000,16500.000,700.000,90.000,63.814,58,-1.000,-1.000
1735,17.298637,16.668554,18,1,1,5,0.000,0,6681.208,707.657,6.000,16500.000,700.000,90.000,63.814,58,-1.000,-1.000
1736,16.548081,16.667194,18,1,1,5,0.000,0,6681.208,707.657,6.000,16500.000,700.000,90.000,63.814,58,-1.000,-1.000
1737,16.656344,16.667244,18,1,1,5,0.000,0,6681.208,707.657,6.000,16500.000,700.000,90.000,63.814,58,-1.000,-1.000
1738,16.536012,16.668584,18,1,1,5,0.000,0,6681.208,707.657,6.000,16500.000,700.000,90.000,63.814,58,-1.000,-1.000
1739,16.907548,16.668334,18,1,1,5,0.000,0,6681.208,707.657,6.000,16500.000,700.000,90.000,63.814,58,-1.000,-1.000
1740,16.723405,16.668243,18,1,1,5,0.000,0,6681.208,707.657,6.000,16500.000,700.000,90.000,63.814,58,-1.000,-1.000
1741,16.486921,16.668995,18,1,1,5,0.000,0,6681.208,707.657,6.000,16500.000,700.000,90.000,63.814,58,-1.000,-1.000
1742,16.473439,16.668394,18,1,1,5,0.000,0,6681.208,707.657,6.000,16500.000,700.000,90.000,63.814,58,-1.000,-1.000
1743,16.780837,16.669093,18,1,1,5,0.000,0,6681.208,707.657,6.000,16500.000,700.000,90.000,63.814,58,-1.000,-1.000
1744,19.066304,16.667874,18,1,1,5,0.000,0,6681.208,707.657,6.000,16500.000,700.000,90.000,63.814,58,-1.000,-1.000
1745,18.584925,16.667145,18,1,1,5,0.000,0,6681.208,707.657,6.000,16500.000,700.000,90.000,63.814,58,-1.000,-1.000
1746,16.500300,16.667043,18,1,1,5,0.000,0,6681.208,707.657,6.000,16500.000,700.000,90.000,63.814,58,-1.000,-1.000
1747,17.860260,16.668834,18,1,1,5,0.000,0,6681.208,707.657,6.000,16500.000,700.000,90.000,63.814,58,-1.000,-1.000
1748,15.582230,16.668355,18,1,1,5,0.000,0,6681.208,707.657,6.000,16500.000,700.000,90.000,63.814,58,-1.000,-1.000
1749,12.384864,16.667203,18,1,1,5,0.000,0,6681.208,707.657,6.000,16500.000,700.000,90.000,63.814,58,-1.000,-1.000
1750,19.492363,16.667464,18,1,1,5,0.000,0,6681.208,707.657,6.000,16500.000,700.000,90.000,63.814,58,-1.000,-1.000
1751,13.708541,16.667223,18,1,1,5,0.000,0,6681.208,707.657,6.000,16500.000,700.000,90.000,63.814,58,-1.000,-1.000
1752,16.842218,16.668915,18,1,1,5,0.000,0,6681.208,707.657,6.000,16500.000,700.000,90.000,63.814,58,-1.000,-1.000
1753,16.842358,16.667704,18,1,1,5,0.000,0,6681.208,707.657,6.000,16500.000,700.000,90.000,63.814,58,-1.000,-1.000
1754,16.651503,16.667893,18,1,1,5,0.000,0,6681.208,707.657,6.000,16500.000,700.000,90.000,63.814,58,-1.000,-1.000
1755,16.696245,16.668554,18,1,1,5,0.000,0,6681.208,707.657,6.000,16500.000,700.000,90.000,63.814,58,-1.000,-1.000
1756,17.279336,16.668195,18,1,1,5,0.000,0,6681.208,707.657,6.000,16500.000,700.000,90.000,63.814,58,-1.000,-1.000
1757,16.029391,16.668993,18,1,1,5,0.000,0,6681.208,707.657,6.000,16500.000,700.000,90.000,63.814,58,-1.000,-1.000
1758,16.803657,16.668774,18,1,1,5,0.000,0,6681.208,707.657,6.000,16500.000,700.000,90.000,63.814,58,-1.000,-1.000
1759,16.530311,16.667245,18,1,1,5,0.000,0,6681.208,707.657,6.000,16500.000,700.000,90.000,63.814,58,-1.000,-1.000
1760,16.413238,16.667393,18,1,1,5,0.000,0,6681.208,707.657,6.000,16500.000,700.000,90.000,63.814,58,-1.000,-1.000
1761,16.683205,16.668804,18,1,1,5,0.000,0,6681.208,707.657,6.000,16500.000,700.000,90.000,63.814,58,-1.000,-1.000
1762,17.059742,16.667984,18,1,1,5,0.000,0,6681.208,707.657,6.000,16500.000,700.000,90.000,63.814,58,-1.000,-1.000
1763,16.115692,16.669374,18,1,1,5,0.000,0,6681.208,707.657,6.000,16500.000,700.000,90.000,63.814,58,-1.000,-1.000
1764,16.385428,16.667574,18,1,1,5,0.000,0,6681.208,707.657,6.000,16500.000,700.000,90.000,63.814,58,-1.000,-1.000
1765,16.787326,16.668114,18,1,1,5,0.000,0,6681.208,707.657,6.000,16500.000,700.000,90.000,63.814,58,-1.000,-1.000
1766,16.929180,16.669123,18,1,1,5,0.000,0,6681.208,707.657,6.000,16500.000,700.000,90.000,63.814,58,-1.000,-1.000
1767,16.556702,16.667945,18,1,1,5,0.000,0,6681.208,707.657,6.000,16500.000,700.000,90.000,63.814,58,-1.000,-1.000
1768,16.817696,16.667374,18,1,1,5,0.000,0,6681.208,707.657,6.000,16500.000,700.000,90.000,63.814,58,-1.000,-1.000
1769,16.993591,16.667443,18,1,1,5,0.000,0,6681.208,707.657,6.000,16500.000,700.000,90.000,63.814,58,-1.000,-1.000
1770,16.795927,16.667465,18,1,1,5,0.000,0,6681.208,707.657,6.000,16500.000,700.000,90.000,63.814,58,-1.000,-1.000
1771,16.663544,16.669394,18,1,1,5,0.000,0,6681.208,707.657,6.000,16500.000,700.000,90.000,63.814,58,-1.000,-1.000
1772,16.791577,16.668883,18,1,1,5,0.000,0,6681.208,707.657,6.000,16500.000,700.000,90.000,63.814,58,-1.000,-1.000
1773,16.651583,16.668964,18,1,1,5,0.000,0,6681.208,707.657,6.000,16500.000,700.000,90.000,63.814,58,-1.000,-1.000
1774,16.619043,16.667205,18,1,1,5,0.000,0,6681.208,707.657,6.000,16500.000,700.000,90.000,63.814,58,-1.000,-1.000
1775,19.349901,16.667543,18,1,1,5,0.000,0,6681.208,707.657,6.000,16500.000,700.000,90.000,63.814,58,-1.000,-1.000
1776,18.582005,16.667534,18,1,1,5,0.000,0,6681.208,707.657,6.000,16500.000,700.000,90.000,63.814,58,-1.000,-1.000
1777,16.106212,16.668104,18,1,1,5,0.000,0,6681.208,707.657,6.000,16500.000,700.000,90.000,63.814,58,-1.000,-1.000
1778,16.441848,16.668274,18,1,1,5,0.000,0,6681.208,707.657,6.000,16500.000,700.000,90.000,63.814,58,-1.000,-1.000
1779,16.782707,16.667674,18,1,1,5,0.000,0,6681.208,707.657,6.000,16500.000,700.000,90.000,63.814,58,-1.000,-1.000
1780,16.520781,16.667974,18,1,1,5,0.000,0,6681.208,707.657,6.000,16500.000,700.000,90.000,63.814,58,-1.000,-1.000
1781,17.242766,16.667534,18,1,1,5,0.000,0,6681.208,707.657,6.000,16500.000,700.000,90.000,63.814,58,-1.000,-1.000
1782,16.270275,16.667984,18,1,1,5,0.000,0,6681.208,707.657,6.000,16500.000,700.000,90.000,63.814,58,-1.000,-1.000
1783,12.644299,16.667774,18,1,1,5,0.000,0,6681.208,707.657,6.000,16500.000,700.000,90.000,63.814,58,-1.000,-1.000
1784,16.655273,16.668123,18,1,1,5,0.000,0,6681.208,707.657,6.000,16500.000,700.000,90.000,63.814,58,-1.000,-1.000
1785,16.483691,16.669125,18,1,1,5,0.000,0,6681.208,707.657,6.000,16500.000,700.000,90.000,63.814,58,-1.000,-1.000
1786,17.586273,16.668724,18,1,1,5,0.000,0,6681.208,707.657,6.000,16500.000,700.000,90.000,63.814,58,-1.000,-1.000
1787,19.066356,16.668233,18,1,1,5,0.000,0,6681.208,707.657,6.000,16500.000,700.000,90.000,63.814,58,-1.000,-1.000
1788,17.797717,16.669005,18,1,1,5,0.000,0,6681.208,707.657,6.000,16500.000,700.000,90.000,63.814,58,-1.000,-1.000
1789,16.685574,16.668574,18,1,1,5,0.000,0,6681.208,707.657,6.000,16500.000,700.000,90.000,63.814,58,-1.000,-1.000
1790,16.231665,16.667583,18,1,1,5,0.000,0,6681.208,707.657,6.000,16500.000,700.000,90.000,63.814,58,-1.000,-1.000
1791,16.501021,16.667974,18,1,1,5,0.000,0,6681.208,707.657,6.000,16500.000,700.000,90.000,63.814,58,-1.000,-1.000
1792,17.862259,16.668845,18,1,1,5,0.000,0,6681.208,707.657,6.000,16500.000,700.000,90.000,63.814,58,-1.000,-1.000
1793,16.174344,16.667853,18,1,1,5,0.000,0,6681.208,707.657,6.000,16500.000,700.000,90.000,63.814,58,-1.000,-1.000
1794,15.953508,16.668324,18,1,1,5,0.000,0,6681.208,707.657,6.000,16500.000,700.000,90.000,63.814,58,-1.000,-1.000
1795,16.067581,16.668395,18,1,1,5,0.000,0,6681.208,707.657,6.000,16500.000,700.000,90.000,63.814,58,-1.000,-1.000
1796,17.605124,16.668173,18,1,1,5,0.000,0,6681.208,707.657,6.000,16500.000,700.000,90.000,63.814,58,-1.000,-1.000
1797,16.329497,16.667714,18,1,1,5,0.000,0,6681.208,707.657,6.000,16500.000,700.000,90.000,63.814,58,-1.000,-1.000
1798,16.527371,16.668405,18,1,1,5,0.000,0,6681.208,707.657,6.000,16500.000,700.000,90.000,63.814,58,-1.000,-1.000
1799,16.863668,16.668533,18,1,1,5,0.000,0,6681.208,707.657,6.000,16500.000,700.000,90.000,63.814,58,-1.000,-1.000
1800,15.812186,16.667564,18,1,1,5,0.000,0,6681.208,707.657,6.000,16500.000,700.000,90.000,63.814,58,-1.000,-1.000
1801,18.011832,16.668634,18,1,1,5,0.000,0,6681.208,707.657,6.000,16500.000,700.000,90.000,63.814,58,-1.000,-1.000
1802,15.877688,16.668244,18,1,1,5,0.000,0,6681.208,707.657,6.000,16500.000,700.000,90.000,63.814,58,-1.000,-1.000
1803,12.539775,16.668624,18,1,1,5,0.000,0,6681.208,707.657,6.000,16500.000,700.000,90.000,63.814,58,-1.000,-1.000
1804,16.984131,16.668104,18,1,1,5,0.000,0,6681.208,707.657,6.000,16500.000,700.000,90.000,63.814,58,-1.000,-1.000
1805,22.039418,16.668364,18,1,1,5,0.000,0,6681.208,707.657,6.000,16500.000,700.000,90.000,63.814,58,-1.000,-1.000
1806,16.167623,16.669424,18,1,1,5,0.000,0,6681.208,707.657,6.000,16500.000,700.000,90.000,63.814,58,-1.000,-1.000
1807,12.470536,16.667854,18,1,1,5,0.000,0,6681.208,707.657,6.000,16500.000,700.000,90.000,63.814,58,-1.000,-1.000
1808,19.032594,16.668233,18,1,1,5,0.000,0,6681.208,707.657,6.000,16500.000,700.000,90.000,63.814,58,-1.000,-1.000
1809,17.919350,16.668005,18,1,1,5,0.000,0,6681.208,707.657,6.000,16500.000,700.000,90.000,63.814,58,-1.000,-1.000
1810,15.907068,16.669204,18,1,1,5,0.000,0,6681.208,707.657,6.000,16500.000,700.000,90.000,63.814,58,-1.000,-1.000
1811,18.500183,16.667253,18,1,1,5,0.000,0,6681.208,707.657,6.000,16500.000,700.000,90.000,63.814,58,-1.000,-1.000
1812,17.594874,16.667715,18,1,1,5,0.000,0,6681.208,707.657,6.000,16500.000,700.000,90.000,63.814,58,-1.000,-1.000
1813,16.278065,16.667864,18,1,1,5,0.000,0,6681.208,707.657,6.000,16500.000,700.000,90.000,63.814,58,-1.000,-1.000
1814,16.396198,16.667453,18,1,1,5,0.000,0,6681.208,707.657,6.000,16500.000,700.000,90.000,63.814,58,-1.000,-1.000
1815,11.023054,16.738336,18,1,1,5,0.000,0,6681.208,707.657,6.000,16500.000,700.000,90.000,63.814,58,-1.000,-1.000
1816,17.495832,16.668674,18,1,1,5,0.000,0,6681.208,707.657,6.000,16500.000,700.000,90.000,63.814,58,-1.000,-1.000
1817,20.921974,16.669053,18,1,1,5,0.000,0,6681.208,707.657,6.000,16500.000,700.000,90.000,63.814,58,-1.000,-1.000
1818,16.137603,16.667795,18,1,1,5,0.000,0,6681.208,707.657,6.000,16500.000,700.000,90.000,63.814,58,-1.000,-1.000
1819,17.482482,16.667244,18,1,1,5,0.000,0,6681.208,707.657,6.000,16500.000,700.000,90.000,63.814,58,-1.000,-1.000
1820,11.386101,16.668113,18,1,1,5,0.000,0,6681.208,707.657,6.000,16500.000,700.000,90.000,63.814,58,-1.000,-1.000
1821,18.270578,16.667805,18,1,1,5,0.000,0,6681.208,707.657,6.000,16500.000,700.000,90.000,63.814,58,-1.000,-1.000
1822,15.126371,16.667584,18,1,1,5,0.000,0,6681.208,707.657,6.000,16500.000,700.000,90.000,63.814,58,-1.000,-1.000
1823,20.641888,16.688113,18,1,1,5,0.000,0,6681.208,707.657,6.000,16500.000,700.000,90.000,63.814,58,-1.000,-1.000
1824,12.709571,16.667725,18,1,1,5,0.000,0,6681.208,707.657,6.000,16500.000,700.000,90.000,63.814,58,-1.000,-1.000
1825,18.270417,16.667734,18,1,1,5,0.000,0,6681.208,707.657,6.000,16500.000,700.000,90.000,63.814,58,-1.000,-1.000
1826,18.975993,16.668773,18,1,1,5,0.000,0,6681.208,707.657,6.000,16500.000,700.000,90.000,63.814,58,-1.000,-1.000
1827,12.311341,16.667145,18,1,1,5,0.000,0,6681.208,707.657,6.000,16500.000,700.000,90.000,63.814,58,-1.000,-1.000
1828,16.752356,16.668354,18,1,1,5,0.000,0,6681.208,707.657,6.000,16500.000,700.000,90.000,63.814,58,-1.000,-1.000
1829,16.514711,16.667593,18,1,1,5,0.000,0,6681.208,707.657,6.000,16500.000,700.000,90.000,63.814,58,-1.000,-1.000
1830,19.888142,16.667285,18,1,1,5,0.000,0,6681.208,707.657,6.000,16500.000,700.000,90.000,63.814,58,-1.000,-1.000
1831,13.649100,16.668694,18,1,1,5,0.000,0,6681.208,707.657,6.000,16500.000,700.000,90.000,63.814,58,-1.000,-1.000
1832,16.406278,16.668633,18,1,1,5,0.000,0,6681.208,707.657,6.000,16500.000,700.000,90.000,63.814,58,-1.000,-1.000
1833,21.217542,16.667384,18,1,1,5,0.000,0,6681.208,707.657,6.000,16500.000,700.000,90.000,63.814,58,-1.000,-1.000
1834,12.334611,16.668935,18,1,1,5,0.000,0,6681.208,707.657,6.000,16500.000,700.000,90.000,63.814,58,-1.000,-1.000
1835,20.123187,16.667993,18,1,1,5,0.000,0,6681.208,707.657,6.000,16500.000,700.000,90.000,63.814,58,-1.000,-1.000
1836,18.305359,16.669004,18,1,1,5,0.000,0,6681.208,707.657,6.000,16500.000,700.000,90.000,63.814,58,-1.000,-1.000
1837,11.554706,16.668635,18,1,1,5,0.000,0,6681.208,707.657,6.000,16500.000,700.000,90.000,63.814,58,-1.000,-1.000
1838,19.540434,16.668063,18,1,1,5,0.000,0,6681.208,707.657,6.000,16500.000,700.000,90.000,63.814,58,-1.000,-1.000
1839,19.074335,16.669394,18,1,1,5,0.000,0,6681.208,707.657,6.000,16500.000,700.000,90.000,63.814,58,-1.000,-1.000
1840,12.062796,16.668955,18,1,1,5,0.000,0,6681.208,707.657,6.000,16500.000,700.000,90.000,63.814,58,-1.000,-1.000
1841,18.510794,16.668893,18,1,1,5,0.000,0,6681.208,707.657,6.000,16500.000,700.000,90.000,63.814,58,-1.000,-1.000
1842,14.901676,16.667284,18,1,1,5,0.000,0,6681.208,707.657,6.000,16500.000,700.000,90.000,63.814,58,-1.000,-1.000
1843,17.912921,16.667904,19,1,1,5,0.000,0,6681.208,707.657,6.000,16500.000,700.000,90.000,63.814,58,-1.000,-1.000
1844,19.489273,16.667224,19,1,1,5,0.000,0,6681.208,707.657,6.000,16500.000,700.000,90.000,63.814,58,-1.000,-1.000
1845,34.356170,16.668494,19,1,1,5,0.000,0,6681.208,707.657,6.000,16500.000,700.000,90.000,63.814,58,-1.000,-1.000
1846,9.407770,26.044643,19,1,1,5,0.000,0,6681.208,707.657,6.000,16500.000,700.000,90.000,63.814,58,-1.000,-1.000
1847,10.196296,16.667334,19,1,1,5,0.000,0,6681.208,707.657,6.000,16500.000,700.000,90.000,63.814,58,-1.000,-1.000
1848,19.037854,16.669324,19,1,1,5,0.000,0,6681.208,707.657,6.000,6140.000,390.000,90.000,63.814,58,-1.000,-1.000
1849,20.795112,16.667034,19,1,0,5,0.000,1,6681.208,707.657,6.000,6140.000,390.000,90.000,63.814,58,-1.000,-1.000
1850,16.938940,16.667184,19,1,0,5,0.000,1,6681.208,707.657,6.000,6140.000,390.000,90.000,63.814,58,-1.000,-1.000
1851,16.663984,16.667484,19,1,0,5,0.000,1,6681.208,707.657,6.000,6140.000,390.000,90.000,63.814,58,-1.000,-1.000
1852,18.145285,16.667104,19,1,0,5,0.000,1,6681.208,707.657,6.000,6140.000,390.000,90.000,63.814,58,-1.000,-1.000
1853,13.125099,16.668693,19,1,0,5,0.000,1,6681.208,707.657,6.000,6140.000,390.000,90.000,63.814,58,-1.000,-1.000
1854,15.744755,16.667214,19,1,0,5,0.000,1,6681.208,707.657,6.000,6140.000,390.000,90.000,63.814,58,-1.000,-1.000
1855,19.602075,16.667745,19,1,0,5,0.000,1,6681.208,707.657,6.000,6140.000,390.000,90.000,63.814,58,-1.000,-1.000
1856,13.627380,16.667333,19,1,0,5,0.000,1,6681.208,707.657,6.000,6140.000,390.000,90.000,63.814,58,-1.000,-1.000
1857,15.076190,16.669054,19,1,0,5,0.000,1,6681.208,707.657,6.000,6140.000,390.000,90.000,63.814,58,-1.000,-1.000
1858,15.922878,16.668205,19,1,0,5,0.000,1,6681.208,707.657,6.000,6140.000,390.000,90.000,63.814,58,-1.000,-1.000
1859,16.608123,16.667823,19,1,0,5,0.000,1,6681.208,707.657,6.000,6140.000,390.000,90.000,63.814,58,-1.000,-1.000
1860,18.439372,16.669284,19,1,0,5,0.000,1,6681.208,707.657,6.000,6140.000,390.000,90.000,63.814,58,-1.000,-1.000
1861,19.537724,16.669295,19,1,0,5,0.000,1,6681.208,707.657,6.000,6140.000,390.000,90.000,63.814,58,-1.000,-1.000
1862,11.975744,16.668353,19,1,0,5,0.000,1,6681.208,707.657,6.000,6140.000,390.000,90.000,63.814,58,-1.000,-1.000
1863,18.082174,16.668274,19,1,0,5,0.000,1,6681.208,707.657,6.000,6140.000,390.000,90.000,63.814,58,-1.000,-1.000
1864,19.025734,16.667975,19,1,0,5,0.000,1,6681.208,707.657,6.000,6140.000,390.000,90.000,63.814,58,-1.000,-1.000
1865,16.912200,16.668753,19,1,0,5,0.000,1,6681.208,707.657,6.000,6140.000,390.000,90.000,63.814,58,-1.000,-1.000
1866,16.427239,16.667774,19,1,0,5,0.000,1,6681.208,707.657,6.000,6140.000,390.000,90.000,63.814,58,-1.000,-1.000
1867,15.888938,16.668855,19,1,0,5,0.000,1,6681.208,707.657,6.000,6140.000,390.000,90.000,63.814,58,-1.000,-1.000
1868,17.389488,16.668523,19,1,0,5,0.000,1,6681.208,707.657,6.000,6140.000,390.000,90.000,63.814,58,-1.000,-1.000
1869,17.223746,16.667624,19,1,0,5,0.000,1,6681.208,707.657,6.000,6140.000,390.000,90.000,63.814,58,-1.000,-1.000
1870,15.183482,16.668894,19,1,0,5,0.000,1,6681.208,707.657,6.000,6140.000,390.000,90.000,63.814,58,-1.000,-1.000
1871,13.367365,16.667244,19,1,0,5,0.000,1,6681.208,707.657,6.000,6140.000,390.000,90.000,63.814,58,-1.000,-1.000
1872,20.565426,16.668894,19,1,0,5,0.000,1,6681.208,707.657,6.000,6140.000,390.000,90.000,63.814,58,-1.000,-1.000
1873,18.268669,16.668694,19,1,0,5,0.000,1,6681.208,707.657,6.000,6140.000,390.000,90.000,63.814,58,-1.000,-1.000
1874,11.544604,16.667414,19,1,0,5,0.000,1,6681.208,707.657,6.000,6140.000,390.000,90.000,63.814,58,-1.000,-1.000
1875,16.470941,16.667744,19,1,0,5,0.000,1,6681.208,707.657,6.000,6140.000,390.000,90.000,63.814,58,-1.000,-1.000
1876,18.894591,16.667894,19,1,0,5,0.000,1,6681.208,707.657,6.000,6140.000,390.000,90.000,63.814,58,-1.000,-1.000
1877,19.933812,16.668814,19,1,0,5,0.000,1,6681.208,707.657,6.000,6140.000,390.000,90.000,63.814,58,-1.000,-1.000
1878,11.103157,16.668134,19,1,0,5,0.000,1,6681.208,707.657,6.000,6140.000,390.000,90.000,63.814,58,-1.000,-1.000
1879,18.606425,16.668404,19,1,0,5,0.000,1,6681.208,707.657,6.000,6140.000,390.000,90.000,63.814,58,-1.000,-1.000
1880,20.015085,16.668013,19,1,0,5,0.000,1,6681.208,707.657,6.000,6140.000,390.000,90.000,63.814,58,-1.000,-1.000
1881,11.262718,16.667255,19,1,0,5,0.000,1,6681.208,707.657,6.000,6140.000,390.000,90.000,63.814,58,-1.000,-1.000
1882,16.909830,16.667804,19,1,0,5,0.000,1,6681.208,707.657,6.000,6140.000,390.000,90.000,63.814,58,-1.000,-1.000
1883,16.387258,16.668653,19,1,0,5,0.000,1,6681.208,707.657,6.000,6140.000,390.000,90.000,63.814,58,-1.000,-1.000
1884,18.362550,16.667355,19,1,0,5,0.000,1,6681.208,707.657,6.000,6140.000,390.000,90.000,63.814,58,-1.000,-1.000
1885,15.329465,16.668444,19,1,0,5,0.000,1,6681.208,707.657,6.000,6140.000,390.000,90.000,63.814,58,-1.000,-1.000
1886,16.550262,16.667993,19,1,0,5,0.000,1,6681.208,707.657,6.000,6140.000,390.000,90.000,63.814,58,-1.000,-1.000
1887,16.574442,16.667475,19,1,0,5,0.000,1,6681.208,707.657,6.000,6140.000,390.000,90.000,63.814,58,-1.000,-1.000
1888,16.848947,16.668274,19,1,0,5,0.000,1,6681.208,707.657,6.000,6140.000,390.000,90.000,63.814,58,-1.000,-1.000
1889,16.678885,16.667893,19,1,0,5,0.000,1,6681.208,707.657,6.000,6140.000,390.000,90.000,63.814,58,-1.000,-1.000
1890,16.505911,16.668675,19,1,0,5,0.000,1,6681.208,707.657,6.000,6140.000,390.000,90.000,63.814,58,-1.000,-1.000
1891,16.981040,16.667544,19,1,0,5,0.000,1,6681.208,707.657,6.000,6140.000,390.000,90.000,63.814,58,-1.000,-1.000
1892,16.633283,16.667953,19,1,0,5,0.000,1,6681.208,707.657,6.000,6140.000,390.000,90.000,63.814,58,-1.000,-1.000
1893,16.238215,16.668424,19,1,0,5,0.000,1,6681.208,707.657,6.000,6140.000,390.000,90.000,63.814,58,-1.000,-1.000
1894,17.023951,16.669255,19,1,0,5,0.000,1,6681.208,707.657,6.000,6140.000,390.000,90.000,63.814,58,-1.000,-1.000
1895,16.708255,16.667463,19,1,0,5,0.000,1,6681.208,707.657,6.000,6140.000,390.000,90.000,63.814,58,-1.000,-1.000
1896,16.603593,16.668944,19,1,0,5,0.000,1,6681.208,707.657,6.000,6140.000,390.000,90.000,63.814,58,-1.000,-1.000
1897,16.712645,16.668105,19,1,0,5,0.000,1,6681.208,707.657,6.000,6140.000,390.000,90.000,63.814,58,-1.000,-1.000
1898,16.330657,16.667823,19,1,0,5,0.000,1,6681.208,707.657,6.000,6140.000,390.000,90.000,63.814,58,-1.000,-1.000
1899,16.653123,16.668284,19,1,0,5,0.000,1,6681.208,707.657,6.000,6140.000,390.000,90.000,63.814,58,-1.000,-1.000
1900,16.903859,16.668845,19,1,0,5,0.000,1,6681.208,707.657,6.000,6140.000,390.000,90.000,63.814,58,-1.000,-1.000
1901,16.743806,16.667733,19,1,0,5,0.000,1,6681.208,707.657,6.000,6140.000,390.000,90.000,63.814,58,-1.000,-1.000
1902,19.352711,16.667784,19,1,0,5,0.000,1,6681.208,707.657,6.000,6140.000,390.000,90.000,63.814,58,-1.000,-1.000
1903,16.896029,16.667795,19,1,0,5,0.000,1,6681.208,707.657,6.000,6140.000,390.000,90.000,63.814,58,-1.000,-1.000
1904,16.753626,16.668823,19,1,0,5,0.000,1,6681.208,707.657,6.000,6140.000,390.000,90.000,63.814,58,-1.000,-1.000
1905,15.873017,16.668724,19,1,0,5,0.000,1,6681.208,707.657,6.000,6140.000,390.000,90.000,63.814,58,-1.000,-1.000
1906,16.662243,16.667425,19,1,0,5,0.000,1,6681.208,707.657,6.000,6140.000,390.000,90.000,63.814,58,-1.000,-1.000
1907,16.466940,16.668863,19,1,0,5,0.000,1,6681.208,707.657,6.000,6140.000,390.000,90.000,63.814,58,-1.000,-1.000
1908,18.243908,16.668044,19,1,0,5,0.000,1,6681.208,707.657,6.000,6140.000,390.000,90.000,63.814,58,-1.000,-1.000
1909,15.904887,16.667515,19,1,0,5,0.000,1,6681.208,707.657,6.000,6140.000,390.000,90.000,63.814,58,-1.000,-1.000
1910,17.154925,16.668203,19,1,0,5,0.000,1,6681.208,707.657,6.000,6140.000,390.000,90.000,63.814,58,-1.000,-1.000
1911,16.354498,16.668614,19,1,0,5,0.000,1,6681.208,707.657,6.000,6140.000,390.000,90.000,63.814,58,-1.000,-1.000
1912,17.691215,16.668424,19,1,0,5,0.000,1,6681.208,707.657,6.000,6140.000,390.000,90.000,63.814,58,-1.000,-1.000
1913,12.860353,16.668014,19,1,0,5,0.000,1,6681.208,707.657,6.000,6140.000,390.000,90.000,63.814,58,-1.000,-1.000
1914,19.702639,16.667754,19,1,0,5,0.000,1,6681.208,707.657,6.000,6140.000,390.000,90.000,63.814,58,-1.000,-1.000
1915,16.134882,16.667494,19,1,0,5,0.000,1,6681.208,707.657,6.000,6140.000,390.000,90.000,63.814,58,-1.000,-1.000
1916,16.961560,16.668144,19,1,0,5,0.000,1,6681.208,707.657,6.000,6140.000,390.000,90.000,63.814,58,-1.000,-1.000
1917,16.169544,16.668194,19,1,0,5,0.000,1,6681.208,707.657,6.000,6140.000,390.000,90.000,63.814,58,-1.000,-1.000
1918,17.876359,16.667084,19,1,0,5,0.000,1,6681.208,707.657,6.000,6140.000,390.000,90.000,63.814,58,-1.000,-1.000
1919,13.170330,16.667394,19,1,0,5,0.000,1,6681.208,707.657,6.000,6140.000,390.000,90.000,63.814,58,-1.000,-1.000
1920,16.826277,16.668234,19,1,0,5,0.000,1,6681.208,707.657,6.000,6140.000,390.000,90.000,63.814,58,-1.000,-1.000
1921,16.667535,16.668614,19,1,0,5,0.000,1,6681.208,707.657,6.000,6140.000,390.000,90.000,63.814,58,-1.000,-1.000
1922,16.592242,16.668834,19,1,0,5,0.000,1,6681.208,707.657,6.000,6140.000,390.000,90.000,63.814,58,-1.000,-1.000
1923,19.582256,16.668334,19,1,0,5,0.000,1,6681.208,707.657,6.000,6140.000,390.000,90.000,63.814,58,-1.000,-1.000
1924,17.717345,16.667734,19,1,0,5,0.000,1,6681.208,707.657,6.000,6140.000,390.000,90.000,63.814,58,-1.000,-1.000
1925,15.192374,16.667704,19,1,0,5,0.000,1,6681.208,707.657,6.000,6140.000,390.000,90.000,63.814,58,-1.000,-1.000
1926,16.568951,16.666974,19,1,0,5,0.000,1,6681.208,707.657,6.000,6140.000,390.000,90.000,63.814,58,-1.000,-1.000
1927,16.320277,16.667613,19,1,0,5,0.000,1,6681.208,707.657,6.000,6140.000,390.000,90.000,63.814,58,-1.000,-1.000
1928,17.064003,16.668895,19,1,0,5,0.000,1,6681.208,707.657,6.000,6140.000,390.000,90.000,63.814,58,-1.000,-1.000
1929,16.167403,16.669094,19,1,0,5,0.000,1,6681.208,707.657,6.000,6140.000,390.000,90.000,63.814,58,-1.000,-1.000
1930,16.447989,16.669163,19,1,0,5,0.000,1,6681.208,707.657,6.000,6140.000,390.000,90.000,63.814,58,-1.000,-1.000
1931,17.612054,16.668995,19,1,0,5,0.000,1,6681.208,707.657,6.000,6140.000,390.000,90.000,63.814,58,-1.000,-1.000
1932,13.599869,16.667854,19,1,0,5,0.000,1,6681.208,707.657,6.000,6140.000,390.000,90.000,63.814,58,-1.000,-1.000
1933,17.608854,16.667653,19,1,0,5,0.000,1,6681.208,707.657,6.000,6140.000,390.000,90.000,63.814,58,-1.000,-1.000
1934,17.351038,16.668855,19,1,0,5,0.000,1,6681.208,707.657,6.000,6140.000,390.000,90.000,63.814,58,-1.000,-1.000
1935,17.214396,16.668244,19,1,0,5,0.000,1,6681.208,707.657,6.000,6140.000,390.000,90.000,63.814,58,-1.000,-1.000
1936,17.966692,16.667843,19,1,0,5,0.000,1,6681.208,707.657,6.000,6140.000,390.000,90.000,63.814,58,-1.000,-1.000
1937,17.524422,16.667744,19,1,0,5,0.000,1,6681.208,707.657,6.000,6140.000,390.000,90.000,63.814,58,-1.000,-1.000
1938,16.937679,16.668585,19,1,0,5,0.000,1,6681.208,707.657,6.000,6140.000,390.000,90.000,63.814,58,-1.000,-1.000
1939,12.026146,16.667853,19,1,0,5,0.000,1,6681.208,707.657,6.000,6140.000,390.000,90.000,63.814,58,-1.000,-1.000
1940,18.205076,16.668914,19,1,0,5,0.000,1,6681.208,707.657,6.000,6140.000,390.000,90.000,63.814,58,-1.000,-1.000
1941,15.598382,16.667495,19,1,0,5,0.000,1,6681.208,707.657,6.000,6140.000,390.000,90.000,63.814,58,-1.000,-1.000
1942,18.248377,16.668753,19,1,0,5,0.000,1,6681.208,707.657,6.000,6140.000,390.000,90.000,63.814,58,-1.000,-1.000
1943,15.194443,16.667704,19,1,0,5,0.000,1,6681.208,707.657,6.000,6140.000,390.000,90.000,63.814,58,-1.000,-1.000
1944,18.578885,16.667705,19,1,0,5,0.000,1,6681.208,707.657,6.000,6140.000,390.000,90.000,63.814,58,-1.000,-1.000
1945,17.457650,16.668073,19,1,0,5,0.000,1,6681.208,707.657,6.000,6140.000,390.000,90.000,63.814,58,-1.000,-1.000
1946,18.628326,16.668774,19,1,0,5,0.000,1,6681.208,707.657,6.000,6140.000,390.000,90.000,63.814,58,-1.000,-1.000
1947,14.834825,16.668425,19,1,0,5,0.000,1,6681.208,707.657,6.000,6140.000,390.000,90.000,63.814,58,-1.000,-1.000
1948,17.054422,16.667913,19,1,0,5,0.000,1,6681.208,707.657,6.000,6140.000,390.000,90.000,63.814,58,-1.000,-1.000
1949,16.445009,16.667374,19,1,0,5,0.000,1,6681.208,707.657,6.000,6140.000,390.000,90.000,63.814,58,-1.000,-1.000
1950,16.584833,16.668145,19,1,0,5,0.000,1,6681.208,707.657,6.000,6140.000,390.000,90.000,63.814,58,-1.000,-1.000
1951,13.699720,16.667313,19,1,0,5,0.000,1,6681.208,707.657,6.000,6140.000,390.000,90.000,63.814,58,-1.000,-1.000
1952,16.807917,16.668274,19,1,0,5,0.000,1,6681.208,707.657,6.000,6140.000,390.000,90.000,63.814,58,-1.000,-1.000
1953,16.413389,16.667365,19,1,0,5,0.000,1,6681.208,707.657,6.000,6140.000,390.000,90.000,63.814,58,-1.000,-1.000
1954,16.768366,16.668013,19,1,0,5,0.000,1,6681.208,707.657,6.000,6140.000,390.000,90.000,63.814,58,-1.000,-1.000
1955,16.539291,16.667754,19,1,0,5,0.000,1,6681.208,707.657,6.000,6140.000,390.000,90.000,63.814,58,-1.000,-1.000
1956,16.575733,16.667565,19,1,0,5,0.000,1,6681.208,707.657,6.000,6140.000,390.000,90.000,63.814,58,-1.000,-1.000
1957,16.523320,16.668783,19,1,0,5,0.000,1,6681.208,707.657,6.000,6140.000,390.000,90.000,63.814,58,-1.000,-1.000
1958,16.567413,16.667974,19,1,0,5,0.000,1,6681.208,707.657,6.000,6140.000,390.000,90.000,63.814,58,-1.000,-1.000
1959,16.775465,16.668865,19,1,0,5,0.000,1,6681.208,707.657,6.000,6140.000,390.000,90.000,63.814,58,-1.000,-1.000
1960,16.613283,16.682483,19,1,0,5,0.000,1,6681.208,707.657,6.000,6140.000,390.000,90.000,63.814,58,-1.000,-1.000
1961,16.586213,16.667925,19,1,0,5,0.000,1,6681.208,707.657,6.000,6140.000,390.000,90.000,63.814,58,-1.000,-1.000
1962,16.714304,16.669004,19,1,0,5,0.000,1,6681.208,707.657,6.000,6140.000,390.000,90.000,63.814,58,-1.000,-1.000
1963,16.628564,16.668303,21,1,0,5,0.000,1,6681.208,707.657,6.000,6140.000,390.000,90.000,63.814,58,-1.000,-1.000
1964,186.180504,16.667735,21,1,0,5,0.000,1,6681.208,707.657,6.000,6140.000,390.000,90.000,63.814,58,-1.000,-1.000
1965,6.709993,173.238299,21,1,0,5,0.000,1,6681.208,707.657,6.000,6140.000,390.000,90.000,63.814,58,-1.000,-1.000
1966,12.256560,16.667094,21,1,0,5,0.000,1,6681.208,707.657,6.000,6140.000,390.000,90.000,63.814,58,-1.000,-1.000
1967,16.696905,16.667333,21,1,0,5,0.000,1,6681.208,707.657,6.000,6140.000,390.000,90.000,63.814,58,-1.000,-1.000
1968,16.451959,16.666885,21,1,0,5,0.000,1,6681.208,707.657,6.000,6140.000,390.000,90.000,63.814,58,-1.000,-1.000
1969,19.109495,16.667814,21,1,0,5,0.000,1,6681.208,707.657,6.000,6140.000,390.000,90.000,63.814,58,-1.000,-1.000
1970,15.064330,16.668103,21,1,0,5,0.000,1,6681.208,707.657,6.000,6140.000,390.000,90.000,63.814,58,-1.000,-1.000
1971,16.731616,16.667035,21,1,0,5,0.000,1,6681.208,707.657,6.000,6140.000,390.000,90.000,63.814,58,-1.000,-1.000
1972,16.860308,16.667214,21,1,0,5,0.000,1,6681.208,707.657,6.000,6140.000,390.000,90.000,63.814,58,-1.000,-1.000
1973,17.387039,16.668143,21,1,0,5,0.000,1,6681.208,707.657,6.000,6140.000,390.000,90.000,63.814,58,-1.000,-1.000
1974,16.672504,16.668935,21,1,0,5,0.000,1,6681.208,707.657,6.000,6140.000,390.000,90.000,63.814,58,-1.000,-1.000
1975,16.590092,16.669034,21,1,0,5,0.000,1,6681.208,707.657,6.000,6140.000,390.000,90.000,63.814,58,-1.000,-1.000
1976,16.848258,16.667533,21,1,0,5,0.000,1,6681.208,707.657,6.000,6140.000,390.000,90.000,63.814,58,-1.000,-1.000
1977,16.631504,16.668355,21,1,0,5,0.000,1,6681.208,707.657,6.000,6140.000,390.000,90.000,63.814,58,-1.000,-1.000
1978,17.011141,16.667194,21,1,0,5,0.000,1,6681.208,707.657,6.000,6140.000,390.000,90.000,63.814,58,-1.000,-1.000
1979,16.491150,16.667853,21,1,0,5,0.000,1,6681.208,707.657,6.000,6140.000,390.000,90.000,63.814,58,-1.000,-1.000
1980,17.209906,16.669175,21,1,0,5,0.000,1,6681.208,707.657,6.000,6140.000,390.000,90.000,63.814,58,-1.000,-1.000
1981,15.852756,16.667284,21,1,0,5,0.000,1,6681.208,707.657,6.000,6140.000,390.000,90.000,63.814,58,-1.000,-1.000
1982,16.728085,16.668963,21,1,0,5,0.000,1,6681.208,707.657,6.000,6140.000,390.000,90.000,63.814,58,-1.000,-1.000
1983,16.981831,16.668745,21,1,0,5,0.000,1,6681.208,707.657,6.000,6140.000,390.000,90.000,63.814,58,-1.000,-1.000
1984,16.391319,16.668814,24,1,0,5,0.000,1,6681.208,707.657,6.000,6140.000,390.000,90.000,63.814,58,-1.000,-1.000
1985,16.951849,16.669003,24,1,0,5,0.000,1,6681.208,707.657,6.000,6770.000,700.000,90.000,63.814,58,-1.000,-1.000
1986,16.274046,16.667665,24,1,0,5,0.000,1,6681.208,707.657,6.000,6770.000,700.000,90.000,63.814,58,-1.000,-1.000
1987,16.418569,16.668534,24,1,0,5,0.000,1,6681.208,707.657,6.000,6770.000,700.000,90.000,63.814,58,-1.000,-1.000
1988,16.715515,16.667923,24,1,0,5,0.000,1,6681.208,707.657,6.000,6770.000,700.000,90.000,63.814,58,-1.000,-1.000
1989,18.112524,16.667795,24,1,0,5,0.000,1,6681.208,707.657,6.000,6770.000,700.000,90.000,63.814,58,-1.000,-1.000
1990,15.278095,16.667454,24,1,0,5,0.000,1,6681.208,707.657,6.000,6770.000,700.000,90.000,63.814,58,-1.000,-1.000
1991,19.309430,16.669023,24,1,0,5,0.000,1,6681.208,707.657,6.000,6770.000,700.000,90.000,63.814,58,-1.000,-1.000
1992,14.399926,16.668085,24,1,0,5,0.000,1,6681.208,707.657,6.000,6770.000,700.000,90.000,63.814,58,-1.000,-1.000
1993,16.809747,16.668954,24,1,0,5,0.000,1,6681.208,707.657,6.000,6770.000,700.000,90.000,63.814,58,-1.000,-1.000
1994,16.706174,16.667393,24,1,0,5,0.000,1,6681.208,707.657,6.000,6770.000,700.000,90.000,63.814,58,-1.000,-1.000
1995,19.895563,16.667685,24,1,0,5,0.000,1,6681.208,707.657,6.000,6770.000,700.000,90.000,63.814,58,-1.000,-1.000
1996,18.347860,16.668614,24,1,0,5,0.000,1,6681.208,707.657,6.000,6770.000,700.000,90.000,63.814,58,-1.000,-1.000
1997,17.387829,16.667883,24,1,0,5,0.000,1,6681.208,707.657,6.000,6770.000,700.000,90.000,63.814,58,-1.000,-1.000
1998,11.157037,16.668055,24,1,0,5,0.000,1,6681.208,707.657,6.000,6770.000,700.000,90.000,63.814,58,-1.000,-1.000
1999,17.061672,16.667774,24,1,0,5,0.000,1,6681.208,707.657,6.000,6770.000,700.000,90.000,63.814,58,-1.000,-1.000
2000,16.905329,16.668713,24,1,0,5,0.000,1,6681.208,707.657,6.000,6770.000,700.000,90.000,60.814,58,-1.000,-1.000
2001,17.160195,16.667325,24,1,0,5,0.000,1,6681.208,707.657,6.000,6770.000,700.000,90.000,60.814,58,-1.000,-1.000
2002,20.562647,16.668444,24,1,0,5,0.000,1,6681.208,707.657,6.000,6770.000,700.000,90.000,60.814,58,-1.000,-1.000
2003,11.365951,16.667333,24,1,0,5,0.000,1,6681.208,707.657,6.000,6770.000,700.000,90.000,60.814,58,-1.000,-1.000
2004,16.534181,16.668025,24,1,0,5,0.000,1,6681.208,707.657,6.000,6770.000,700.000,90.000,60.814,58,-1.000,-1.000
2005,16.269436,16.667224,24,1,0,5,0.000,1,6681.208,707.657,6.000,6770.000,700.000,90.000,60.814,58,-1.000,-1.000
2006,17.574243,16.668093,24,1,0,5,0.000,1,6681.208,707.657,6.000,6770.000,700.000,90.000,60.814,58,-1.000,-1.000
2007,16.604122,16.667185,24,1,0,5,0.000,1,6681.208,707.657,6.000,6770.000,700.000,90.000,60.814,58,-1.000,-1.000
2008,15.173633,16.667084,24,1,0,5,0.000,1,6681.208,707.657,6.000,6770.000,700.000,90.000,60.814,58,-1.000,-1.000
2009,17.943081,16.668633,24,1,0,5,0.000,1,6681.208,707.657,6.000,6770.000,700.000,90.000,60.814,58,-1.000,-1.000
2010,17.372839,16.668695,24,1,0,5,0.000,1,6681.208,707.657,6.000,6770.000,700.000,90.000,60.814,58,-1.000,-1.000
2011,17.024712,16.668354,24,1,0,5,0.000,1,6681.208,707.657,6.000,6770.000,700.000,90.000,60.814,58,-1.000,-1.000
2012,16.574411,16.668373,24,1,0,5,0.000,1,6681.208,707.657,6.000,6770.000,700.000,90.000,60.814,58,-1.000,-1.000
2013,16.923100,16.667785,24,1,0,5,0.000,1,6681.208,707.657,6.000,6770.000,700.000,90.000,60.814,58,-1.000,-1.000
2014,16.367328,16.668174,25,1,0,5,0.000,1,6681.208,707.657,6.000,6770.000,700.000,90.000,60.814,58,-1.000,-1.000
2015,16.864927,16.667623,25,1,0,5,0.000,1,6681.208,707.657,6.000,6770.000,700.000,90.000,57.814,58,-1.000,-1.000
2016,15.890788,16.668155,25,1,0,5,0.000,1,6681.208,707.657,6.000,6770.000,700.000,90.000,57.814,58,-1.000,-1.000
2017,16.864948,16.668754,25,1,0,5,0.000,1,6681.208,707.657,6.000,6770.000,700.000,90.000,57.814,58,-1.000,-1.000
2018,16.911930,16.668284,25,1,0,5,0.000,1,6681.208,707.657,6.000,6770.000,700.000,90.000,57.814,58,-1.000,-1.000
2019,16.586172,16.687274,25,1,0,5,0.000,1,6681.208,707.657,6.000,6770.000,700.000,90.000,57.814,58,-1.000,-1.000
2020,16.642633,16.668245,25,1,0,5,0.000,1,6681.208,707.657,6.000,6770.000,700.000,90.000,57.814,58,-1.000,-1.000
2021,16.918240,16.668933,25,1,0,5,0.000,1,6681.208,707.657,6.000,6770.000,700.000,90.000,57.814,58,-1.000,-1.000
2022,16.730585,16.667424,25,1,0,5,0.000,1,6681.208,707.657,6.000,6770.000,700.000,90.000,57.814,58,-1.000,-1.000
2023,16.466669,16.668755,25,1,0,5,0.000,1,6681.208,707.657,6.000,6770.000,700.000,90.000,57.814,58,-1.000,-1.000
2024,16.349708,16.669933,25,1,0,5,0.000,1,6681.208,707.657,6.000,6770.000,700.000,90.000,57.814,58,-1.000,-1.000
2025,16.769156,16.667654,25,1,0,5,0.000,1,6681.208,707.657,6.000,6770.000,700.000,90.000,57.814,58,-1.000,-1.000
2026,18.849560,16.668525,25,1,0,5,0.000,1,6681.208,707.657,6.000,6770.000,700.000,90.000,57.814,58,-1.000,-1.000
2027,18.847041,16.668533,25,1,0,5,0.000,1,6681.208,707.657,6.000,6770.000,700.000,90.000,57.814,58,-1.000,-1.000
2028,16.402389,16.667855,25,1,0,5,0.000,1,6681.208,707.657,6.000,6770.000,700.000,90.000,57.814,58,-1.000,-1.000
2029,16.543081,16.667354,25,1,0,5,0.000,1,6681.208,707.657,6.000,6770.000,700.000,90.000,57.814,58,-1.000,-1.000
2030,16.874388,16.668493,25,1,0,5,0.000,1,6681.208,707.657,6.000,6770.000,700.000,90.000,54.813,58,-1.000,-1.000
2031,16.869099,16.667215,25,1,0,5,0.000,1,6681.208,707.657,6.000,6770.000,700.000,90.000,54.813,58,-1.000,-1.000
2032,16.680473,16.668064,25,1,0,5,0.000,1,6681.208,707.657,6.000,6770.000,700.000,90.000,54.813,58,-1.000,-1.000
2033,17.024613,16.667233,25,1,0,5,0.000,1,6681.208,707.657,6.000,6770.000,700.000,90.000,54.813,58,-1.000,-1.000
2034,15.864366,16.667805,25,1,0,5,0.000,1,6681.208,707.657,6.000,6770.000,700.000,90.000,54.813,58,-1.000,-1.000
2035,16.818397,16.668234,25,1,0,5,0.000,1,6681.208,707.657,6.000,6770.000,700.000,90.000,54.813,58,-1.000,-1.000
2036,16.572843,16.668103,25,1,0,5,0.000,1,6681.208,707.657,6.000,6770.000,700.000,90.000,54.813,58,-1.000,-1.000
2037,15.863637,16.667615,25,1,0,5,0.000,1,6681.208,707.657,6.000,6770.000,700.000,90.000,54.813,58,-1.000,-1.000
2038,17.252046,16.667344,25,1,0,5,0.000,1,6681.208,707.657,6.000,6770.000,700.000,90.000,54.813,58,-1.000,-1.000
2039,15.468368,16.667423,25,1,0,5,0.000,1,6681.208,707.657,6.000,6770.000,700.000,90.000,54.813,58,-1.000,-1.000
2040,17.818618,16.667715,25,1,0,5,0.000,1,6681.208,707.657,6.000,6770.000,700.000,90.000,54.813,58,-1.000,-1.000
2041,16.084682,16.668534,25,1,0,5,0.000,1,6681.208,707.657,6.000,6770.000,700.000,90.000,54.813,58,-1.000,-1.000
2042,16.164473,16.667353,25,1,0,5,0.000,1,6681.208,707.657,6.000,6770.000,700.000,90.000,54.813,58,-1.000,-1.000
2043,17.095413,16.668465,25,1,0,5,0.000,1,6681.208,707.657,6.000,6770.000,700.000,90.000,54.813,58,-1.000,-1.000
2044,15.900248,16.667643,25,1,0,5,0.000,1,6681.208,707.657,6.000,6770.000,700.000,90.000,54.813,58,-1.000,-1.000
2045,17.198856,16.667404,25,1,0,5,0.000,1,6681.208,707.657,6.000,6770.000,700.000,90.000,51.813,58,-1.000,-1.000
2046,17.189905,16.668225,25,1,0,5,0.000,1,6681.208,707.657,6.000,6770.000,700.000,90.000,51.813,58,-1.000,-1.000
2047,16.516090,16.669033,25,1,0,5,0.000,1,6681.208,707.657,6.000,6770.000,700.000,90.000,51.813,58,-1.000,-1.000
2048,16.204034,16.667804,25,1,0,5,0.000,1,6681.208,707.657,6.000,6770.000,700.000,90.000,51.813,58,-1.000,-1.000
2049,17.054512,16.668835,25,1,0,5,0.000,1,6681.208,707.657,6.000,6770.000,700.000,90.000,51.813,58,-1.000,-1.000
2050,15.942309,16.668693,25,1,0,5,0.000,1,6681.208,707.657,6.000,6770.000,700.000,90.000,51.813,58,-1.000,-1.000
2051,17.521313,16.668835,25,1,0,5,0.000,1,6681.208,707.657,6.000,6770.000,700.000,90.000,51.813,58,-1.000,-1.000
2052,15.599201,16.667754,25,1,0,5,0.000,1,6681.208,707.657,6.000,6770.000,700.000,90.000,51.813,58,-1.000,-1.000
2053,17.079383,16.668753,25,1,0,5,0.000,1,6681.208,707.657,6.000,6770.000,700.000,90.000,51.813,58,-1.000,-1.000
2054,17.262186,16.668645,25,1,0,5,0.000,1,6681.208,707.657,6.000,6770.000,700.000,90.000,51.813,58,-1.000,-1.000
2055,16.335757,16.685974,25,1,0,5,0.000,1,6681.208,707.657,6.000,6770.000,700.000,90.000,51.813,58,-1.000,-1.000
2056,16.201494,16.668794,25,1,0,5,0.000,1,6681.208,707.657,6.000,6770.000,700.000,90.000,51.813,58,-1.000,-1.000
2057,17.199116,16.667424,25,1,0,5,0.000,1,6681.208,707.657,6.000,6770.000,700.000,90.000,51.813,58,-1.000,-1.000
2058,16.937340,16.668404,25,1,0,5,0.000,1,6681.208,707.657,6.000,6770.000,700.000,90.000,51.813,58,-1.000,-1.000
