frame,wall_ms,sim_ms,phase,power,dormant,revision,panel_health,physics,debris_x,debris_y,debris_z,player_x,player_y,player_z,health,ammo,rival_health,infected_health
604,57.976135,377.125439,1,0,1,0,68.000,0,6500.000,700.000,110.000,0.000,0.000,90.000,100.000,60,-1.000,-1.000
605,16.872212,57.894673,1,0,1,0,68.000,0,6500.000,700.000,110.000,0.000,0.000,90.000,100.000,60,-1.000,-1.000
606,4.732597,16.854632,1,0,1,0,68.000,0,6500.000,700.000,110.000,0.000,0.000,90.000,100.000,60,-1.000,-1.000
607,15.109652,16.667297,1,0,1,0,68.000,0,6500.000,700.000,110.000,0.000,0.000,90.000,100.000,60,-1.000,-1.000
608,18.184083,16.667158,1,0,1,0,68.000,0,6500.000,700.000,110.000,6140.000,390.000,90.000,100.000,60,-1.000,-1.000
609,16.555745,16.667159,1,0,0,0,68.000,0,6500.000,700.000,110.000,6140.000,390.000,90.000,100.000,60,-1.000,-1.000
610,18.150501,16.667567,1,0,0,0,68.000,0,6500.000,700.000,110.000,6140.000,390.000,90.000,100.000,60,-1.000,-1.000
611,18.586302,16.667148,1,0,0,0,68.000,0,6500.000,700.000,110.000,6140.000,390.000,90.000,100.000,60,-1.000,-1.000
612,14.871537,18.379516,1,0,0,0,68.000,0,6500.000,700.000,110.000,6140.000,390.000,90.000,100.000,60,-1.000,-1.000
613,16.211787,16.667318,1,0,0,0,68.000,0,6500.000,700.000,110.000,6140.000,390.000,90.000,100.000,60,-1.000,-1.000
614,16.759321,16.667258,1,0,0,0,68.000,0,6500.000,700.000,110.000,6140.000,390.000,90.000,100.000,60,-1.000,-1.000
615,16.463362,16.667438,1,0,0,0,68.000,0,6500.000,700.000,110.000,6140.000,390.000,90.000,100.000,60,-1.000,-1.000
616,20.360402,16.667678,1,0,0,0,68.000,0,6500.000,700.000,110.000,6140.000,390.000,90.000,100.000,60,-1.000,-1.000
617,12.524424,16.667078,1,0,0,0,68.000,0,6500.000,700.000,110.000,6140.000,390.000,90.000,100.000,60,-1.000,-1.000
618,16.389201,16.667907,1,0,0,0,68.000,0,6500.000,700.000,110.000,6140.000,390.000,90.000,100.000,60,-1.000,-1.000
619,20.432494,16.667398,1,0,0,0,68.000,0,6500.000,700.000,110.000,6140.000,390.000,90.000,100.000,60,-1.000,-1.000
620,18.272724,16.668688,1,0,0,0,68.000,0,6500.000,700.000,110.000,6140.000,390.000,90.000,100.000,60,-1.000,-1.000
621,15.438830,16.668688,1,0,0,0,68.000,0,6500.000,700.000,110.000,6140.000,390.000,90.000,100.000,60,-1.000,-1.000
622,13.184949,16.667418,1,0,0,0,68.000,0,6500.000,700.000,110.000,6140.000,390.000,90.000,100.000,60,-1.000,-1.000
623,17.088917,16.667318,1,0,0,0,68.000,0,6500.000,700.000,110.000,6140.000,390.000,90.000,100.000,60,-1.000,-1.000
624,19.790549,16.668417,1,0,0,0,68.000,0,6500.000,700.000,110.000,6140.000,390.000,90.000,100.000,60,-1.000,-1.000
625,17.049186,16.667888,1,0,0,0,68.000,0,6500.000,700.000,110.000,6140.000,390.000,90.000,100.000,60,-1.000,-1.000
626,15.811818,16.667178,1,0,0,0,68.000,0,6500.000,700.000,110.000,6140.000,390.000,90.000,100.000,60,-1.000,-1.000
627,17.683611,16.668448,1,0,0,0,68.000,0,6500.000,700.000,110.000,6140.000,390.000,90.000,100.000,60,-1.000,-1.000
628,16.902153,16.667428,1,0,0,0,68.000,0,6500.000,700.000,110.000,6140.000,390.000,90.000,100.000,60,-1.000,-1.000
629,16.510825,16.668508,1,0,0,0,68.000,0,6500.000,700.000,110.000,6140.000,390.000,90.000,100.000,60,-1.000,-1.000
630,15.877479,16.668487,1,0,0,0,68.000,0,6500.000,700.000,110.000,6140.000,390.000,90.000,100.000,60,-1.000,-1.000
631,17.505148,16.668788,1,0,0,0,68.000,0,6500.000,700.000,110.000,6140.000,390.000,90.000,100.000,60,-1.000,-1.000
632,15.762037,16.667618,1,0,0,0,68.000,0,6500.000,700.000,110.000,6140.000,390.000,90.000,100.000,60,-1.000,-1.000
633,16.583675,16.668618,1,0,0,0,68.000,0,6500.000,700.000,110.000,6140.000,390.000,90.000,100.000,60,-1.000,-1.000
634,17.378615,16.668598,1,0,0,0,68.000,0,6500.000,700.000,110.000,6140.000,390.000,90.000,100.000,60,-1.000,-1.000
635,17.706311,16.667788,1,0,0,0,68.000,0,6500.000,700.000,110.000,6140.000,390.000,90.000,100.000,60,-1.000,-1.000
636,14.331945,16.668697,1,0,0,0,68.000,0,6500.000,700.000,110.000,6140.000,390.000,90.000,100.000,60,-1.000,-1.000
637,18.536240,16.667428,1,0,0,0,68.000,0,6500.000,700.000,110.000,6140.000,390.000,90.000,100.000,60,-1.000,-1.000
638,12.848831,16.667288,1,0,0,0,68.000,0,6500.000,700.000,110.000,6140.000,390.000,90.000,100.000,60,-1.000,-1.000
639,18.039269,16.667608,1,0,0,0,68.000,0,6500.000,700.000,110.000,6140.000,390.000,90.000,100.000,60,-1.000,-1.000
640,18.394387,16.667498,1,0,0,0,68.000,0,6500.000,700.000,110.000,6140.000,390.000,90.000,100.000,60,-1.000,-1.000
641,16.133526,16.668338,1,0,0,0,68.000,0,6500.000,700.000,110.000,6140.000,390.000,90.000,100.000,60,-1.000,-1.000
642,18.557620,16.667447,1,0,0,0,68.000,0,6500.000,700.000,110.000,6140.000,390.000,90.000,100.000,60,-1.000,-1.000
643,12.053074,16.667618,1,0,0,0,68.000,0,6500.000,700.000,110.000,6140.000,390.000,90.000,100.000,60,-1.000,-1.000
644,17.224890,16.667478,1,0,0,0,68.000,0,6500.000,700.000,110.000,6140.000,390.000,90.000,100.000,60,-1.000,-1.000
645,18.540481,16.667838,1,0,0,0,68.000,0,6500.000,700.000,110.000,6140.000,390.000,90.000,100.000,60,-1.000,-1.000
646,16.888613,16.667098,1,0,0,0,68.000,0,6500.000,700.000,110.000,6140.000,390.000,90.000,100.000,60,-1.000,-1.000
647,16.365760,16.667538,1,0,0,0,68.000,0,6500.000,700.000,110.000,6140.000,390.000,90.000,100.000,60,-1.000,-1.000
648,16.602547,16.668827,1,0,0,0,68.000,0,6500.000,700.000,110.000,6140.000,390.000,90.000,100.000,60,-1.000,-1.000
649,16.546474,16.667428,1,0,0,0,68.000,0,6500.000,700.000,110.000,6140.000,390.000,90.000,100.000,60,-1.000,-1.000
650,18.836508,16.667888,1,0,0,0,68.000,0,6500.000,700.000,110.000,6140.000,390.000,90.000,100.000,60,-1.000,-1.000
651,15.319477,16.667098,1,0,0,0,68.000,0,6500.000,700.000,110.000,6140.000,390.000,90.000,100.000,60,-1.000,-1.000
652,17.999068,16.668308,1,0,0,0,68.000,0,6500.000,700.000,110.000,6140.000,390.000,90.000,100.000,60,-1.000,-1.000
653,15.006290,16.667868,1,0,0,0,68.000,0,6500.000,700.000,110.000,6140.000,390.000,90.000,100.000,60,-1.000,-1.000
654,17.779413,16.668407,1,0,0,0,68.000,0,6500.000,700.000,110.000,6140.000,390.000,90.000,100.000,60,-1.000,-1.000
655,16.203057,16.668328,1,0,0,0,68.000,0,6500.000,700.000,110.000,6140.000,390.000,90.000,100.000,60,-1.000,-1.000
656,16.512635,16.667338,1,0,0,0,68.000,0,6500.000,700.000,110.000,6140.000,390.000,90.000,100.000,60,-1.000,-1.000
657,17.589018,16.667778,1,0,0,0,68.000,0,6500.000,700.000,110.000,6140.000,390.000,90.000,100.000,60,-1.000,-1.000
658,16.712599,16.667908,1,0,0,0,68.000,0,6500.000,700.000,110.000,6140.000,390.000,90.000,100.000,60,-1.000,-1.000
659,16.097765,16.668148,1,0,0,0,68.000,0,6500.000,700.000,110.000,6140.000,390.000,90.000,100.000,60,-1.000,-1.000
660,15.957602,16.668807,1,0,0,0,68.000,0,6500.000,700.000,110.000,6140.000,390.000,90.000,100.000,60,-1.000,-1.000
661,15.695436,16.667678,1,0,0,0,68.000,0,6500.000,700.000,110.000,6140.000,390.000,90.000,100.000,60,-1.000,-1.000
662,17.183399,16.667688,1,0,0,0,68.000,0,6500.000,700.000,110.000,6140.000,390.000,90.000,100.000,60,-1.000,-1.000
663,17.138848,16.668108,1,0,0,0,68.000,0,6500.000,700.000,110.000,6140.000,390.000,90.000,100.000,60,-1.000,-1.000
664,17.613530,16.667778,1,0,0,0,68.000,0,6500.000,700.000,110.000,6140.000,390.000,90.000,100.000,60,-1.000,-1.000
665,14.739904,16.667627,1,0,0,0,68.000,0,6500.000,700.000,110.000,6140.000,390.000,90.000,100.000,60,-1.000,-1.000
666,17.367544,16.667428,1,0,0,0,68.000,0,6500.000,700.000,110.000,6140.000,390.000,90.000,100.000,60,-1.000,-1.000
667,11.946341,16.667198,1,0,0,0,68.000,0,6500.000,700.000,110.000,6140.000,390.000,90.000,100.000,60,-1.000,-1.000
668,20.206007,16.667557,1,0,0,0,68.000,0,6500.000,700.000,110.000,6140.000,390.000,90.000,100.000,60,-1.000,-1.000
669,13.101177,16.667208,1,0,0,0,68.000,0,6500.000,700.000,110.000,6140.000,390.000,90.000,100.000,60,-1.000,-1.000
670,19.264687,16.667078,1,0,0,0,68.000,0,6500.000,700.000,110.000,6140.000,390.000,90.000,100.000,60,-1.000,-1.000
671,17.509607,16.667228,1,0,0,0,68.000,0,6500.000,700.000,110.000,6140.000,390.000,90.000,100.000,60,-1.000,-1.000
672,16.894923,16.667278,1,0,0,0,68.000,0,6500.000,700.000,110.000,6140.000,390.000,90.000,100.000,60,-1.000,-1.000
673,14.587500,16.667938,1,0,0,0,68.000,0,6500.000,700.000,110.000,6140.000,390.000,90.000,100.000,60,-1.000,-1.000
674,17.850195,16.668327,1,0,0,0,68.000,0,6500.000,700.000,110.000,6140.000,390.000,90.000,100.000,60,-1.000,-1.000
675,18.945359,16.667898,1,0,0,0,68.000,0,6500.000,700.000,110.000,6140.000,390.000,90.000,100.000,60,-1.000,-1.000
676,17.222001,16.667618,1,0,0,0,68.000,0,6500.000,700.000,110.000,6140.000,390.000,90.000,100.000,60,-1.000,-1.000
677,15.838409,16.683018,1,0,0,0,68.000,0,6500.000,700.000,110.000,6140.000,390.000,90.000,100.000,60,-1.000,-1.000
678,15.946741,16.667338,1,0,0,0,68.000,0,6500.000,700.000,110.000,6140.000,390.000,90.000,100.000,60,-1.000,-1.000
679,18.430179,16.667508,1,0,0,0,68.000,0,6500.000,700.000,110.000,6140.000,390.000,90.000,100.000,60,-1.000,-1.000
680,16.651676,16.668787,1,0,0,0,68.000,0,6500.000,700.000,110.000,6140.000,390.000,90.000,100.000,60,-1.000,-1.000
681,15.083042,16.667238,1,0,0,0,68.000,0,6500.000,700.000,110.000,6140.000,390.000,90.000,100.000,60,-1.000,-1.000
682,16.864163,16.667098,1,0,0,0,68.000,0,6500.000,700.000,110.000,6140.000,390.000,90.000,100.000,60,-1.000,-1.000
683,17.987657,16.668798,1,0,0,0,68.000,0,6500.000,700.000,110.000,6140.000,390.000,90.000,100.000,60,-1.000,-1.000
684,15.426171,16.668828,1,0,0,0,68.000,0,6500.000,700.000,110.000,6140.000,390.000,90.000,100.000,60,-1.000,-1.000
685,17.052576,16.668958,1,0,0,0,68.000,0,6500.000,700.000,110.000,6140.000,390.000,90.000,100.000,60,-1.000,-1.000
686,17.451495,16.667707,1,0,0,0,68.000,0,6500.000,700.000,110.000,6140.000,390.000,90.000,100.000,60,-1.000,-1.000
687,17.003626,16.667738,1,0,0,0,68.000,0,6500.000,700.000,110.000,6140.000,390.000,90.000,100.000,60,-1.000,-1.000
688,17.195699,16.668238,1,0,0,0,68.000,0,6500.000,700.000,110.000,6140.000,390.000,90.000,100.000,60,-1.000,-1.000
689,15.193734,16.668647,1,0,0,0,68.000,0,6500.000,700.000,110.000,6140.000,390.000,90.000,100.000,60,-1.000,-1.000
690,17.140110,16.668809,1,0,0,0,68.000,0,6500.000,700.000,110.000,6140.000,390.000,90.000,100.000,60,-1.000,-1.000
691,16.987645,16.667138,1,0,0,0,68.000,0,6500.000,700.000,110.000,6140.000,390.000,90.000,100.000,60,-1.000,-1.000
692,16.616966,16.668657,1,0,0,0,68.000,0,6500.000,700.000,110.000,6140.000,390.000,90.000,100.000,60,-1.000,-1.000
693,15.172883,16.667868,1,0,0,0,68.000,0,6500.000,700.000,110.000,6140.000,390.000,90.000,100.000,60,-1.000,-1.000
694,17.335874,16.667188,1,0,0,0,68.000,0,6500.000,700.000,110.000,6140.000,390.000,90.000,100.000,60,-1.000,-1.000
695,16.147706,16.668917,1,0,0,0,68.000,0,6500.000,700.000,110.000,6140.000,390.000,90.000,100.000,60,-1.000,-1.000
696,17.544687,16.667918,1,0,0,0,68.000,0,6500.000,700.000,110.000,6140.000,390.000,90.000,100.000,60,-1.000,-1.000
697,15.156674,16.668739,1,0,0,0,68.000,0,6500.000,700.000,110.000,6140.000,390.000,90.000,100.000,60,-1.000,-1.000
698,16.972404,16.668847,1,0,0,0,68.000,0,6500.000,700.000,110.000,6140.000,390.000,90.000,100.000,60,-1.000,-1.000
699,18.284875,16.668438,26,0,0,0,68.000,0,6500.000,700.000,110.000,6140.000,390.000,90.000,100.000,60,-1.000,-1.000
700,753.795695,16.668008,26,0,0,0,68.000,0,6500.000,700.000,110.000,6140.000,390.000,90.000,100.000,60,-1.000,-1.000
701,7.301506,745.065497,26,0,0,0,68.000,0,6500.000,700.000,110.000,6140.000,390.000,90.000,100.000,60,-1.000,-1.000
702,16.043704,16.667568,26,0,0,0,68.000,0,6500.000,700.000,110.000,6140.000,390.000,90.000,100.000,60,-1.000,-1.000
703,16.462403,16.667778,26,0,0,0,68.000,0,6500.000,700.000,110.000,6140.000,390.000,90.000,100.000,60,-1.000,-1.000
704,18.095060,16.667967,26,0,0,0,68.000,0,6500.000,700.000,110.000,6140.000,390.000,90.000,100.000,60,-1.000,-1.000
705,11.855549,16.667028,26,0,0,0,68.000,0,6500.000,700.000,110.000,6140.000,390.000,90.000,100.000,60,-1.000,-1.000
706,19.736697,16.666988,2,0,0,0,68.000,0,6500.000,700.000,110.000,6140.000,390.000,90.000,100.000,60,-1.000,-1.000
707,19.746377,16.667157,2,1,0,1,68.000,0,6500.000,700.000,110.000,6140.000,390.000,90.000,100.000,60,-1.000,-1.000
708,12.097135,16.668818,2,1,0,1,68.000,0,6500.000,700.000,110.000,6140.000,390.000,90.000,100.000,60,-1.000,-1.000
709,15.402309,16.667959,2,1,0,1,68.000,0,6500.000,700.000,110.000,6140.000,390.000,90.000,100.000,60,-1.000,-1.000
710,19.140413,16.667627,2,1,0,1,68.000,0,6500.000,700.000,110.000,6140.000,390.000,90.000,100.000,60,-1.000,-1.000
711,19.780109,16.668438,2,1,0,1,68.000,0,6500.000,700.000,110.000,6140.000,390.000,90.000,100.000,60,-1.000,-1.000
712,14.828086,16.668078,2,1,0,1,68.000,0,6500.000,700.000,110.000,6140.000,390.000,90.000,100.000,60,-1.000,-1.000
713,16.703758,16.668207,2,1,0,1,68.000,0,6500.000,700.000,110.000,6140.000,390.000,90.000,100.000,60,-1.000,-1.000
714,16.280330,16.667558,2,1,0,1,68.000,0,6500.000,700.000,110.000,6140.000,390.000,90.000,100.000,60,-1.000,-1.000
715,17.137778,16.668348,2,1,0,1,68.000,0,6500.000,700.000,110.000,6140.000,390.000,90.000,100.000,60,-1.000,-1.000
716,16.001843,16.667187,2,1,0,1,68.000,0,6500.000,700.000,110.000,6140.000,390.000,90.000,100.000,60,-1.000,-1.000
717,17.012765,16.667478,2,1,0,1,68.000,0,6500.000,700.000,110.000,6140.000,390.000,90.000,100.000,60,-1.000,-1.000
718,16.648167,16.667269,2,1,0,1,68.000,0,6500.000,700.000,110.000,6140.000,390.000,90.000,100.000,60,-1.000,-1.000
719,17.026566,16.668177,2,1,0,1,68.000,0,6500.000,700.000,110.000,6140.000,390.000,90.000,100.000,60,-1.000,-1.000
720,17.507997,16.667518,2,1,0,1,68.000,0,6500.000,700.000,110.000,6140.000,390.000,90.000,100.000,60,-1.000,-1.000
721,16.229688,16.667628,2,1,0,1,68.000,0,6500.000,700.000,110.000,6140.000,390.000,90.000,100.000,60,-1.000,-1.000
722,16.926444,16.668067,2,1,0,1,68.000,0,6500.000,700.000,110.000,6140.000,390.000,90.000,100.000,60,-1.000,-1.000
723,15.745237,16.667298,2,1,0,1,68.000,0,6500.000,700.000,110.000,6140.000,390.000,90.000,100.000,60,-1.000,-1.000
724,16.415781,16.668418,2,1,0,1,68.000,0,6500.000,700.000,110.000,6140.000,390.000,90.000,100.000,60,-1.000,-1.000
725,17.697862,16.668117,2,1,0,1,68.000,0,6500.000,700.000,110.000,6140.000,390.000,90.000,100.000,60,-1.000,-1.000
726,16.957904,16.668708,2,1,0,1,68.000,0,6500.000,700.000,110.000,6140.000,390.000,90.000,100.000,60,-1.000,-1.000
727,16.280599,16.667359,2,1,0,1,68.000,0,6500.000,700.000,110.000,6140.000,390.000,90.000,100.000,60,-1.000,-1.000
728,15.987672,16.667887,2,1,0,1,68.000,0,6500.000,700.000,110.000,6140.000,390.000,90.000,100.000,60,-1.000,-1.000
729,17.843645,16.668598,2,1,0,1,68.000,0,6500.000,700.000,110.000,6140.000,390.000,90.000,100.000,60,-1.000,-1.000
730,15.778388,16.667448,3,1,0,1,68.000,0,6500.000,700.000,110.000,6140.000,390.000,90.000,100.000,60,-1.000,-1.000
731,15.633523,16.668557,3,1,0,1,68.000,0,6500.000,700.000,110.000,5900.000,390.000,90.000,100.000,60,-1.000,-1.000
732,14.411518,16.667688,3,1,0,1,68.000,0,6500.000,700.000,110.000,5900.000,390.000,90.000,100.000,60,-1.000,-1.000
733,16.668437,16.668668,3,1,0,1,68.000,0,6500.000,700.000,110.000,5900.000,390.000,90.000,100.000,60,-1.000,-1.000
734,16.876212,16.667967,3,1,0,1,68.000,0,6500.000,700.000,110.000,5900.000,390.000,90.000,100.000,60,-1.000,-1.000
735,19.957003,16.668229,3,1,0,1,68.000,0,6500.000,700.000,110.000,5900.000,390.000,90.000,100.000,60,-1.000,-1.000
736,17.182939,16.667728,3,1,0,1,68.000,0,6500.000,700.000,110.000,5900.000,390.000,90.000,100.000,60,-1.000,-1.000
737,15.003610,16.667737,3,1,0,1,68.000,0,6500.000,700.000,110.000,5900.000,390.000,90.000,100.000,60,-1.000,-1.000
738,19.047032,16.667028,3,1,0,1,68.000,0,6500.000,700.000,110.000,5900.000,390.000,90.000,100.000,60,-1.000,-1.000
739,11.753976,16.668068,3,1,0,1,68.000,0,6500.000,700.000,110.000,5900.000,390.000,90.000,100.000,60,-1.000,-1.000
740,19.185135,16.668807,3,1,0,1,68.000,0,6500.000,700.000,110.000,5900.000,390.000,90.000,100.000,60,-1.000,-1.000
741,18.620972,16.667648,3,1,0,1,68.000,0,6500.000,700.000,110.000,5900.000,390.000,90.000,100.000,60,-1.000,-1.000
742,15.261556,16.668558,3,1,0,1,68.000,0,6500.000,700.000,110.000,5900.000,390.000,90.000,100.000,60,-1.000,-1.000
743,16.876433,16.669287,3,1,0,1,68.000,0,6500.000,700.000,110.000,5900.000,390.000,90.000,100.000,60,-1.000,-1.000
744,16.320689,16.668918,3,1,0,1,68.000,0,6500.000,700.000,110.000,5900.000,390.000,90.000,100.000,60,-1.000,-1.000
745,16.762130,16.667158,3,1,0,1,68.000,0,6500.000,700.000,110.000,5900.000,390.000,90.000,100.000,60,-1.000,-1.000
746,16.205847,16.668698,3,1,0,1,68.000,0,6500.000,700.000,110.000,5900.000,390.000,90.000,100.000,60,-1.000,-1.000
747,19.577014,16.668208,3,1,0,1,68.000,0,6500.000,700.000,110.000,5900.000,390.000,90.000,100.000,60,-1.000,-1.000
748,11.080192,16.668418,3,1,0,1,68.000,0,6500.000,700.000,110.000,5900.000,390.000,90.000,100.000,60,-1.000,-1.000
749,21.265531,16.668747,3,1,0,1,68.000,0,6500.000,700.000,110.000,5900.000,390.000,90.000,100.000,60,-1.000,-1.000
750,17.877056,16.668088,3,1,0,1,68.000,0,6500.000,700.000,110.000,5900.000,390.000,90.000,100.000,60,-1.000,-1.000
751,11.546392,16.668428,3,1,0,1,68.000,0,6500.000,700.000,110.000,5900.000,390.000,90.000,100.000,60,-1.000,-1.000
752,20.651947,16.668507,3,1,0,1,68.000,0,6500.000,700.000,110.000,5900.000,390.000,90.000,100.000,60,-1.000,-1.000
753,17.993668,16.668288,3,1,0,1,68.000,0,6500.000,700.000,110.000,5900.000,390.000,90.000,100.000,60,-1.000,-1.000
754,11.178874,16.668418,3,1,0,1,68.000,0,6500.000,700.000,110.000,5900.000,390.000,90.000,100.000,60,-1.000,-1.000
755,17.037096,16.667167,3,1,0,1,68.000,0,6500.000,700.000,110.000,5900.000,390.000,90.000,100.000,60,-1.000,-1.000
756,18.759895,16.668108,3,1,0,1,68.000,0,6500.000,700.000,110.000,5900.000,390.000,90.000,100.000,60,-1.000,-1.000
757,18.228013,16.667949,3,1,0,1,68.000,0,6500.000,700.000,110.000,5900.000,390.000,90.000,100.000,60,-1.000,-1.000
758,15.087652,16.668697,3,1,0,1,68.000,0,6500.000,700.000,110.000,5900.000,390.000,90.000,100.000,60,-1.000,-1.000
759,16.636197,16.667688,3,1,0,1,68.000,0,6500.000,700.000,110.000,5900.000,390.000,90.000,100.000,60,-1.000,-1.000
760,17.632490,16.667908,3,1,0,1,68.000,0,6500.000,700.000,110.000,5900.000,390.000,90.000,100.000,60,-1.000,-1.000
761,16.597095,16.669217,3,1,0,1,68.000,0,6500.000,700.000,110.000,5900.000,390.000,90.000,100.000,60,-1.000,-1.000
762,18.124252,16.668888,3,1,0,1,68.000,0,6500.000,700.000,110.000,5900.000,390.000,90.000,100.000,60,-1.000,-1.000
763,16.621046,16.668548,3,1,0,1,68.000,0,6500.000,700.000,110.000,5900.000,390.000,90.000,100.000,60,-1.000,-1.000
764,17.007785,16.668757,3,1,0,1,68.000,0,6500.000,700.000,110.000,5900.000,390.000,90.000,100.000,60,-1.000,-1.000
765,16.689049,16.668408,3,1,0,1,68.000,0,6500.000,700.000,110.000,5900.000,390.000,90.000,100.000,60,-1.000,-1.000
766,16.768470,16.669088,3,1,0,1,68.000,0,6500.000,700.000,110.000,5900.000,390.000,90.000,100.000,60,-1.000,-1.000
767,15.703635,16.668788,3,1,0,1,68.000,0,6500.000,700.000,110.000,5900.000,390.000,90.000,100.000,60,-1.000,-1.000
768,18.500530,16.667848,3,1,0,1,68.000,0,6500.000,700.000,110.000,5900.000,390.000,90.000,100.000,60,-1.000,-1.000
769,16.642297,16.668587,3,1,0,1,68.000,0,6500.000,700.000,110.000,5900.000,390.000,90.000,100.000,60,-1.000,-1.000
770,15.883750,16.667478,3,1,0,1,68.000,0,6500.000,700.000,110.000,5900.000,390.000,90.000,100.000,60,-1.000,-1.000
771,16.867782,16.667388,3,1,0,1,68.000,0,6500.000,700.000,110.000,5900.000,390.000,90.000,100.000,60,-1.000,-1.000
772,15.633395,16.668897,3,1,0,1,68.000,0,6500.000,700.000,110.000,5900.000,390.000,90.000,100.000,60,-1.000,-1.000
773,17.894936,16.668888,3,1,0,1,68.000,0,6500.000,700.000,110.000,5900.000,390.000,90.000,100.000,60,-1.000,-1.000
774,16.450152,16.667128,3,1,0,1,68.000,0,6500.000,700.000,110.000,5900.000,390.000,90.000,100.000,60,-1.000,-1.000
775,17.096637,16.667247,3,1,0,1,68.000,0,6500.000,700.000,110.000,5900.000,390.000,90.000,100.000,60,-1.000,-1.000
776,10.339055,16.667268,3,1,0,1,68.000,0,6500.000,700.000,110.000,5900.000,390.000,90.000,100.000,60,-1.000,-1.000
777,20.942675,16.668238,3,1,0,1,68.000,0,6500.000,700.000,110.000,5900.000,390.000,90.000,100.000,60,-1.000,-1.000
778,13.455934,16.667908,3,1,0,1,68.000,0,6500.000,700.000,110.000,5900.000,390.000,90.000,100.000,60,-1.000,-1.000
779,17.831055,16.668458,3,1,0,1,68.000,0,6500.000,700.000,110.000,5900.000,390.000,90.000,100.000,60,-1.000,-1.000
780,17.402644,16.667258,3,1,0,1,68.000,0,6500.000,700.000,110.000,5900.000,390.000,90.000,100.000,60,-1.000,-1.000
781,17.244970,16.668317,3,1,0,1,68.000,0,6500.000,700.000,110.000,5900.000,390.000,90.000,100.000,60,-1.000,-1.000
782,17.937347,16.667128,3,1,0,1,68.000,0,6500.000,700.000,110.000,5900.000,390.000,90.000,100.000,60,-1.000,-1.000
783,16.745720,16.668278,3,1,0,1,68.000,0,6500.000,700.000,110.000,5900.000,390.000,90.000,100.000,60,-1.000,-1.000
784,11.412769,16.668077,3,1,0,1,68.000,0,6500.000,700.000,110.000,5900.000,390.000,90.000,100.000,60,-1.000,-1.000
785,18.249903,16.668918,3,1,0,1,68.000,0,6500.000,700.000,110.000,5900.000,390.000,90.000,100.000,60,-1.000,-1.000
786,19.602374,16.687789,3,1,0,1,68.000,0,6500.000,700.000,110.000,5900.000,390.000,90.000,100.000,60,-1.000,-1.000
787,15.618964,16.667687,3,1,0,1,68.000,0,6500.000,700.000,110.000,5900.000,390.000,90.000,100.000,60,-1.000,-1.000
788,17.480936,16.668428,3,1,0,1,68.000,0,6500.000,700.000,110.000,5900.000,390.000,90.000,100.000,60,-1.000,-1.000
789,16.781621,16.668308,3,1,0,1,68.000,0,6500.000,700.000,110.000,5900.000,390.000,90.000,100.000,60,-1.000,-1.000
790,16.750149,16.668977,4,1,0,1,68.000,0,6500.000,700.000,110.000,5900.000,390.000,90.000,100.000,60,-1.000,-1.000
791,15.364128,16.667578,4,1,0,1,68.000,0,6500.000,700.000,110.000,6200.000,610.000,90.000,100.000,60,-1.000,-1.000
792,18.854738,16.667698,4,1,0,1,68.000,0,6500.000,700.000,110.000,6200.000,610.000,90.000,100.000,60,-1.000,-1.000
793,14.931978,16.668017,4,1,0,1,68.000,0,6500.000,700.000,110.000,6200.000,610.000,90.000,100.000,60,-1.000,-1.000
794,16.143326,16.667308,4,1,0,1,68.000,0,6500.000,700.000,110.000,6200.000,610.000,90.000,100.000,60,-1.000,-1.000
795,18.129571,16.668629,4,1,0,1,68.000,0,6500.000,700.000,110.000,6200.000,610.000,90.000,100.000,60,-1.000,-1.000
796,15.985172,16.668447,4,1,0,1,68.000,0,6500.000,700.000,110.000,6200.000,610.000,90.000,100.000,60,-1.000,-1.000
797,17.225441,16.667628,4,1,0,1,68.000,0,6500.000,700.000,110.000,6200.000,610.000,90.000,100.000,60,-1.000,-1.000
798,15.738126,16.668828,4,1,0,1,68.000,0,6500.000,700.000,110.000,6200.000,610.000,90.000,100.000,60,-1.000,-1.000
799,16.308720,16.667787,4,1,0,1,68.000,0,6500.000,700.000,110.000,6200.000,610.000,90.000,100.000,60,-1.000,-1.000
800,16.824961,16.668528,4,1,0,1,68.000,0,6500.000,700.000,110.000,6200.000,610.000,90.000,100.000,60,-1.000,-1.000
801,18.318626,16.668518,4,1,0,1,68.000,0,6500.000,700.000,110.000,6200.000,610.000,90.000,100.000,60,-1.000,-1.000
802,11.820748,16.668257,4,1,0,1,68.000,0,6500.000,700.000,110.000,6200.000,610.000,90.000,100.000,60,-1.000,-1.000
803,20.841841,16.668078,4,1,0,1,68.000,0,6500.000,700.000,110.000,6200.000,610.000,90.000,100.000,60,-1.000,-1.000
804,15.599224,16.667488,4,1,0,1,68.000,0,6500.000,700.000,110.000,6200.000,610.000,90.000,100.000,60,-1.000,-1.000
805,17.888466,16.668107,4,1,0,1,68.000,0,6500.000,700.000,110.000,6200.000,610.000,90.000,100.000,60,-1.000,-1.000
806,15.868009,16.668538,4,1,0,1,68.000,0,6500.000,700.000,110.000,6200.000,610.000,90.000,100.000,60,-1.000,-1.000
807,17.809954,16.668738,4,1,0,1,68.000,0,6500.000,700.000,110.000,6200.000,610.000,90.000,100.000,60,-1.000,-1.000
808,16.579975,16.668897,4,1,0,1,68.000,0,6500.000,700.000,110.000,6200.000,610.000,90.000,100.000,60,-1.000,-1.000
809,12.354890,16.668279,4,1,0,1,68.000,0,6500.000,700.000,110.000,6200.000,610.000,90.000,100.000,60,-1.000,-1.000
810,20.086606,16.667518,4,1,0,1,68.000,0,6500.000,700.000,110.000,6200.000,610.000,90.000,100.000,60,-1.000,-1.000
811,17.813833,16.667047,4,1,0,1,68.000,0,6500.000,700.000,110.000,6200.000,610.000,90.000,100.000,60,-1.000,-1.000
812,16.878293,16.667818,4,1,0,1,68.000,0,6500.000,700.000,110.000,6200.000,610.000,90.000,100.000,60,-1.000,-1.000
813,16.669858,16.668518,4,1,0,1,68.000,0,6500.000,700.000,110.000,6200.000,610.000,90.000,100.000,60,-1.000,-1.000
814,16.751850,16.668627,4,1,0,1,68.000,0,6500.000,700.000,110.000,6200.000,610.000,90.000,100.000,60,-1.000,-1.000
815,15.948571,16.668888,4,1,0,1,68.000,0,6500.000,700.000,110.000,6200.000,610.000,90.000,100.000,60,-1.000,-1.000
816,17.760692,16.668998,4,1,0,1,68.000,0,6500.000,700.000,110.000,6200.000,610.000,90.000,100.000,60,-1.000,-1.000
817,11.580993,16.667567,4,1,0,1,68.000,0,6500.000,700.000,110.000,6200.000,610.000,90.000,100.000,60,-1.000,-1.000
818,20.911954,16.668418,4,1,0,1,68.000,0,6500.000,700.000,110.000,6200.000,610.000,90.000,100.000,60,-1.000,-1.000
819,17.936836,16.668578,4,1,0,1,68.000,0,6500.000,700.000,110.000,6200.000,610.000,90.000,100.000,60,-1.000,-1.000
820,16.066904,16.668777,4,1,0,1,68.000,0,6500.000,700.000,110.000,6200.000,610.000,90.000,100.000,60,-1.000,-1.000
821,16.696338,16.668158,4,1,0,1,68.000,0,6500.000,700.000,110.000,6200.000,610.000,90.000,100.000,60,-1.000,-1.000
822,15.286457,16.668768,4,1,0,1,68.000,0,6500.000,700.000,110.000,6200.000,610.000,90.000,100.000,60,-1.000,-1.000
823,17.334132,16.668158,4,1,0,1,68.000,0,6500.000,700.000,110.000,6200.000,610.000,90.000,100.000,60,-1.000,-1.000
824,15.335558,16.667658,4,1,0,1,68.000,0,6500.000,700.000,110.000,6200.000,610.000,90.000,100.000,60,-1.000,-1.000
825,16.617437,16.667858,4,1,0,1,68.000,0,6500.000,700.000,110.000,6200.000,610.000,90.000,100.000,60,-1.000,-1.000
826,17.163058,16.668897,4,1,0,1,68.000,0,6500.000,700.000,110.000,6200.000,610.000,90.000,100.000,60,-1.000,-1.000
827,13.085817,16.667648,4,1,0,1,68.000,0,6500.000,700.000,110.000,6200.000,610.000,90.000,100.000,60,-1.000,-1.000
828,17.439816,16.669038,4,1,0,1,68.000,0,6500.000,700.000,110.000,6200.000,610.000,90.000,100.000,60,-1.000,-1.000
829,19.916791,16.668967,4,1,0,1,68.000,0,6500.000,700.000,110.000,6200.000,610.000,90.000,100.000,60,-1.000,-1.000
830,16.200397,16.668328,4,1,0,1,68.000,0,6500.000,700.000,110.000,6200.000,610.000,90.000,100.000,60,-1.000,-1.000
831,17.368323,16.667788,4,1,0,1,68.000,0,6500.000,700.000,110.000,6200.000,610.000,90.000,100.000,60,-1.000,-1.000
832,17.910516,16.667987,4,1,0,1,68.000,0,6500.000,700.000,110.000,6200.000,610.000,90.000,100.000,60,-1.000,-1.000
833,16.078425,16.668948,4,1,0,1,68.000,0,6500.000,700.000,110.000,6200.000,610.000,90.000,100.000,60,-1.000,-1.000
834,16.070654,16.668878,4,1,0,1,68.000,0,6500.000,700.000,110.000,6200.000,610.000,90.000,100.000,60,-1.000,-1.000
835,15.767487,16.667177,4,1,0,1,68.000,0,6500.000,700.000,110.000,6200.000,610.000,90.000,100.000,60,-1.000,-1.000
836,17.089327,16.668808,4,1,0,1,68.000,0,6500.000,700.000,110.000,6200.000,610.000,90.000,100.000,60,-1.000,-1.000
837,14.076879,16.668059,4,1,0,1,68.000,0,6500.000,700.000,110.000,6200.000,610.000,90.000,100.000,60,-1.000,-1.000
838,15.816729,16.686867,4,1,0,1,68.000,0,6500.000,700.000,110.000,6200.000,610.000,90.000,100.000,60,-1.000,-1.000
839,17.000385,16.667178,4,1,0,1,68.000,0,6500.000,700.000,110.000,6200.000,610.000,90.000,100.000,60,-1.000,-1.000
840,17.140589,16.667018,4,1,0,1,68.000,0,6500.000,700.000,110.000,6200.000,610.000,90.000,100.000,60,-1.000,-1.000
841,16.823121,16.668227,4,1,0,1,68.000,0,6500.000,700.000,110.000,6200.000,610.000,90.000,100.000,60,-1.000,-1.000
842,15.937341,16.667998,4,1,0,1,68.000,0,6500.000,700.000,110.000,6200.000,610.000,90.000,100.000,60,-1.000,-1.000
843,17.577608,16.668858,4,1,0,1,68.000,0,6500.000,700.000,110.000,6200.000,610.000,90.000,100.000,60,-1.000,-1.000
844,17.078077,16.667437,4,1,0,1,68.000,0,6500.000,700.000,110.000,6200.000,610.000,90.000,100.000,60,-1.000,-1.000
845,15.372139,16.668438,4,1,0,1,68.000,0,6500.000,700.000,110.000,6200.000,610.000,90.000,100.000,60,-1.000,-1.000
846,17.195929,16.668678,4,1,0,1,68.000,0,6500.000,700.000,110.000,6200.000,610.000,90.000,100.000,60,-1.000,-1.000
847,18.375896,16.668718,4,1,0,1,68.000,0,6500.000,700.000,110.000,6200.000,610.000,90.000,100.000,60,-1.000,-1.000
848,13.885495,16.668738,4,1,0,1,68.000,0,6500.000,700.000,110.000,6200.000,610.000,90.000,100.000,60,-1.000,-1.000
849,18.609512,16.668897,4,1,0,1,68.000,0,6500.000,700.000,110.000,6200.000,610.000,90.000,100.000,60,-1.000,-1.000
850,15.687606,16.668188,5,1,0,1,68.000,0,6500.000,700.000,110.000,6200.000,610.000,90.000,100.000,60,-1.000,-1.000
851,17.653330,16.667588,5,1,0,2,34.000,0,6500.000,700.000,110.000,6200.000,610.000,90.000,100.000,59,-1.000,-1.000
852,14.900147,16.667627,5,1,0,2,34.000,0,6500.000,700.000,110.000,6200.000,610.000,90.000,100.000,59,-1.000,-1.000
853,20.804442,16.668228,5,1,0,2,34.000,0,6500.000,700.000,110.000,6200.000,610.000,90.000,100.000,59,-1.000,-1.000
854,15.009850,16.667388,5,1,0,2,34.000,0,6500.000,700.000,110.000,6200.000,610.000,90.000,100.000,59,-1.000,-1.000
855,14.126050,16.668067,5,1,0,2,34.000,0,6500.000,700.000,110.000,6200.000,610.000,90.000,100.000,59,-1.000,-1.000
856,20.097445,16.667528,6,1,0,2,34.000,0,6500.000,700.000,110.000,6200.000,610.000,90.000,100.000,59,-1.000,-1.000
857,163.890994,16.667948,6,1,0,2,34.000,0,6500.000,700.000,110.000,6200.000,610.000,90.000,100.000,59,-1.000,-1.000
858,7.546531,154.444139,6,1,0,2,34.000,0,6500.000,700.000,110.000,6200.000,610.000,90.000,100.000,59,-1.000,-1.000
859,16.829131,16.667569,6,1,0,2,34.000,0,6500.000,700.000,110.000,6200.000,610.000,90.000,100.000,59,-1.000,-1.000
860,16.927434,16.667067,6,1,0,2,34.000,0,6500.000,700.000,110.000,6200.000,610.000,90.000,100.000,59,-1.000,-1.000
861,11.447620,16.667218,6,1,0,2,34.000,0,6500.000,700.000,110.000,6200.000,610.000,90.000,100.000,59,-1.000,-1.000
862,19.059792,16.666898,6,1,0,2,34.000,0,6500.000,700.000,110.000,6200.000,610.000,90.000,100.000,59,-1.000,-1.000
863,13.994497,16.667307,6,1,0,2,34.000,0,6500.000,700.000,110.000,6200.000,610.000,90.000,100.000,59,-1.000,-1.000
864,16.784460,16.667398,6,1,0,2,34.000,0,6500.000,700.000,110.000,6200.000,610.000,90.000,100.000,59,-1.000,-1.000
865,21.434786,16.667858,6,1,0,2,34.000,0,6500.000,700.000,110.000,6200.000,610.000,90.000,100.000,59,-1.000,-1.000
866,12.758999,16.668267,6,1,0,2,34.000,0,6500.000,700.000,110.000,6200.000,610.000,90.000,100.000,59,-1.000,-1.000
867,17.639899,16.668218,6,1,0,2,34.000,0,6500.000,700.000,110.000,6200.000,610.000,90.000,100.000,59,-1.000,-1.000
868,18.835837,16.667628,6,1,0,2,34.000,0,6500.000,700.000,110.000,6200.000,610.000,90.000,100.000,59,-1.000,-1.000
869,17.097548,16.667397,6,1,0,2,34.000,0,6500.000,700.000,110.000,6200.000,610.000,90.000,100.000,59,-1.000,-1.000
870,18.339866,16.667808,6,1,0,2,34.000,0,6500.000,700.000,110.000,6200.000,610.000,90.000,100.000,59,-1.000,-1.000
871,12.934772,16.668418,6,1,0,2,34.000,0,6500.000,700.000,110.000,6200.000,610.000,90.000,100.000,59,-1.000,-1.000
872,16.314050,16.667937,6,1,0,2,34.000,0,6500.000,700.000,110.000,6200.000,610.000,90.000,100.000,59,-1.000,-1.000
873,19.821850,16.667818,6,1,0,2,34.000,0,6500.000,700.000,110.000,6200.000,610.000,90.000,100.000,59,-1.000,-1.000
874,16.892893,16.668458,6,1,0,2,34.000,0,6500.000,700.000,110.000,6200.000,610.000,90.000,100.000,59,-1.000,-1.000
875,15.662744,16.668677,6,1,0,2,34.000,0,6500.000,700.000,110.000,6200.000,610.000,90.000,100.000,59,-1.000,-1.000
876,16.354181,16.667338,6,1,0,2,34.000,0,6500.000,700.000,110.000,6200.000,610.000,90.000,100.000,59,-1.000,-1.000
877,15.989872,16.667138,6,1,0,2,34.000,0,6500.000,700.000,110.000,6200.000,610.000,90.000,100.000,59,-1.000,-1.000
878,19.070343,16.667147,7,1,0,2,34.000,0,6500.000,700.000,110.000,6200.000,610.000,90.000,100.000,59,-1.000,-1.000
879,14.157550,16.668228,7,1,0,3,0.000,1,6506.569,700.000,111.051,6200.000,610.000,90.000,100.000,58,-1.000,-1.000
880,14.708063,16.667938,7,1,0,3,0.000,1,6513.051,700.000,111.818,6200.000,610.000,90.000,100.000,58,-1.000,-1.000
881,17.747512,16.667587,7,1,0,3,0.000,1,6519.446,700.000,112.307,6200.000,610.000,90.000,100.000,58,-1.000,-1.000
882,19.457432,16.667628,7,1,0,3,0.000,1,6525.755,700.000,112.521,6200.000,610.000,90.000,100.000,58,-1.000,-1.000
883,14.565649,16.667698,7,1,0,3,0.000,1,6531.981,700.000,112.464,6200.000,610.000,90.000,100.000,58,-1.000,-1.000
884,15.364849,16.667677,8,1,0,3,0.000,1,6538.124,700.000,112.138,6200.000,610.000,90.000,100.000,58,-1.000,-1.000
885,17.988208,16.668838,8,1,0,3,0.000,1,6544.185,700.000,111.548,6200.000,610.000,90.000,100.000,58,-1.000,-1.000
886,15.434579,16.668488,8,1,0,3,0.000,1,6550.165,700.000,110.698,6200.000,610.000,90.000,100.000,58,-1.000,-1.000
887,16.575716,16.667427,8,1,0,3,0.000,1,6556.065,700.000,109.590,6200.000,610.000,90.000,100.000,58,-1.000,-1.000
888,17.236950,16.668508,8,1,0,3,0.000,1,6561.887,700.000,108.228,6200.000,610.000,90.000,100.000,58,-1.000,-1.000
889,16.908184,16.668099,8,1,0,3,0.000,1,6567.631,700.000,106.616,6200.000,610.000,90.000,100.000,58,-1.000,-1.000
890,17.344122,16.668477,8,1,0,3,0.000,1,6573.298,700.000,104.757,6200.000,610.000,90.000,100.000,58,-1.000,-1.000
891,17.455655,16.668258,8,1,0,3,0.000,1,6578.835,700.008,102.732,6200.000,610.000,90.000,100.000,58,-1.000,-1.000
892,17.837795,16.668908,8,1,0,3,0.000,1,6584.025,700.316,101.031,6200.000,610.000,90.000,100.000,58,-1.000,-1.000
893,16.825761,16.668977,8,1,0,3,0.000,1,6589.145,700.619,99.083,6200.000,610.000,90.000,100.000,58,-1.000,-1.000
894,16.128876,16.667318,8,1,0,3,0.000,1,6594.171,700.931,96.933,6200.000,610.000,90.000,100.000,58,-1.000,-1.000
895,17.824864,16.667508,8,1,0,3,0.000,1,6599.099,701.256,94.595,6200.000,610.000,90.000,100.000,58,-1.000,-1.000
896,16.739399,16.667687,8,1,0,3,0.000,1,6603.938,701.589,92.057,6200.000,610.000,90.000,100.000,58,-1.000,-1.000
897,14.916088,16.667738,8,1,0,3,0.000,1,6608.690,701.930,89.320,6200.000,610.000,90.000,100.000,58,-1.000,-1.000
898,17.518867,16.668678,8,1,0,3,0.000,1,6613.356,702.279,86.388,6200.000,610.000,90.000,100.000,58,-1.000,-1.000
899,16.412112,16.667787,8,1,0,3,0.000,1,6617.939,702.635,83.261,6200.000,610.000,90.000,100.000,58,-1.000,-1.000
900,16.701228,16.667648,8,1,0,3,0.000,1,6622.438,702.997,79.943,6200.000,610.000,90.000,100.000,58,-1.000,-1.000
901,15.133513,16.667148,8,1,0,3,0.000,1,6626.856,703.366,76.436,6200.000,610.000,90.000,100.000,58,-1.000,-1.000
902,18.092050,16.668197,8,1,0,3,0.000,1,6631.193,703.740,72.740,6200.000,610.000,90.000,100.000,58,-1.000,-1.000
903,16.052174,16.667308,8,1,0,3,0.000,1,6635.450,704.118,68.860,6200.000,610.000,90.000,100.000,58,-1.000,-1.000
904,17.394284,16.667168,8,1,0,3,0.000,1,6639.628,704.498,64.796,6200.000,610.000,90.000,100.000,58,-1.000,-1.000
905,16.670468,16.668747,8,1,0,3,0.000,1,6643.727,704.880,60.551,6200.000,610.000,90.000,100.000,58,-1.000,-1.000
906,16.482063,16.668078,8,1,0,3,0.000,1,6647.702,705.262,56.195,6200.000,610.000,90.000,100.000,58,-1.000,-1.000
907,16.352541,16.668888,8,1,0,3,0.000,1,6651.397,705.629,51.951,6200.000,610.000,90.000,100.000,58,-1.000,-1.000
908,16.930003,16.668317,8,1,0,3,0.000,1,6655.022,705.993,47.525,6200.000,610.000,90.000,100.000,58,-1.000,-1.000
909,16.748450,16.668838,8,1,0,3,0.000,1,6658.576,706.354,42.921,6200.000,610.000,90.000,100.000,58,-1.000,-1.000
910,16.488454,16.668868,8,1,0,3,0.000,1,6662.059,706.710,38.144,6200.000,610.000,90.000,100.000,58,-1.000,-1.000
911,15.755076,16.668137,8,1,0,3,0.000,1,6665.471,707.062,33.197,6200.000,610.000,90.000,100.000,58,-1.000,-1.000
912,16.496915,16.668518,8,1,0,3,0.000,1,6668.812,707.408,28.084,6200.000,610.000,90.000,100.000,58,-1.000,-1.000
913,17.686700,16.668778,8,1,0,3,0.000,1,6672.082,707.747,22.809,6200.000,610.000,90.000,100.000,58,-1.000,-1.000
914,15.527112,16.668047,8,1,0,3,0.000,1,6675.279,708.080,17.377,6200.000,610.000,90.000,100.000,58,-1.000,-1.000
915,16.801381,16.667358,8,1,0,3,0.000,1,6678.380,708.402,11.825,6200.000,610.000,90.000,100.000,58,-1.000,-1.000
916,17.667090,16.667248,8,1,0,3,0.000,1,6681.324,708.706,6.245,6200.000,610.000,90.000,100.000,58,-1.000,-1.000
917,16.512064,16.668927,8,1,0,3,0.000,1,6680.396,708.593,7.582,6200.000,610.000,90.000,100.000,58,-1.000,-1.000
918,17.246491,16.668948,8,1,0,3,0.000,1,6681.035,708.457,6.355,6200.000,610.000,90.000,100.000,58,-1.000,-1.000
919,16.548455,16.668468,8,1,0,3,0.000,1,6681.096,708.129,6.575,6200.000,610.000,90.000,100.000,58,-1.000,-1.000
920,15.600033,16.668167,8,1,0,3,0.000,1,6681.119,708.008,6.864,6200.000,610.000,90.000,100.000,58,-1.000,-1.000
921,16.629777,16.667548,8,1,0,3,0.000,1,6681.142,707.888,6.881,6200.000,610.000,90.000,100.000,58,-1.000,-1.000
922,17.294352,16.667848,8,1,0,3,0.000,1,6681.165,707.770,6.629,6200.000,610.000,90.000,100.000,58,-1.000,-1.000
923,17.379164,16.667337,8,1,0,3,0.000,1,6681.182,707.672,6.138,6200.000,610.000,90.000,100.000,58,-1.000,-1.000
924,15.758077,16.668298,8,1,0,3,0.000,1,6681.171,707.661,6.000,6200.000,610.000,90.000,100.000,58,-1.000,-1.000
925,16.726109,16.669008,8,1,0,3,0.000,1,6681.175,707.661,6.000,6200.000,610.000,90.000,100.000,58,-1.000,-1.000
926,15.789438,16.667437,8,1,0,3,0.000,1,6681.171,707.663,6.000,6200.000,610.000,90.000,100.000,58,-1.000,-1.000
927,16.787670,16.667928,8,1,0,3,0.000,1,6681.176,707.666,6.000,6200.000,610.000,90.000,100.000,58,-1.000,-1.000
928,16.759489,16.667439,8,1,0,3,0.000,1,6681.175,707.663,6.000,6200.000,610.000,90.000,100.000,58,-1.000,-1.000
929,17.447416,16.668497,8,1,0,3,0.000,1,6681.172,707.667,6.000,6200.000,610.000,90.000,100.000,58,-1.000,-1.000
930,16.344540,16.667397,8,1,0,3,0.000,1,6681.176,707.668,6.000,6200.000,610.000,90.000,100.000,58,-1.000,-1.000
931,18.719075,16.668327,8,1,0,3,0.000,1,6681.175,707.669,6.000,6200.000,610.000,90.000,100.000,58,-1.000,-1.000
932,12.611936,16.667098,8,1,0,3,0.000,1,6681.169,707.670,6.000,6200.000,610.000,90.000,100.000,58,-1.000,-1.000
933,16.564965,16.668059,8,1,0,3,0.000,1,6681.180,707.669,6.000,6200.000,610.000,90.000,100.000,58,-1.000,-1.000
934,18.431037,16.668217,8,1,0,3,0.000,1,6681.171,707.665,6.000,6200.000,610.000,90.000,100.000,58,-1.000,-1.000
935,18.050520,16.668998,8,1,0,3,0.000,1,6681.180,707.671,6.000,6200.000,610.000,90.000,100.000,58,-1.000,-1.000
936,16.385211,16.668448,8,1,0,3,0.000,1,6681.171,707.665,6.000,6200.000,610.000,90.000,100.000,58,-1.000,-1.000
937,15.764677,16.667927,8,1,0,3,0.000,1,6681.179,707.670,6.000,6200.000,610.000,90.000,100.000,58,-1.000,-1.000
938,17.010606,16.669288,8,1,0,3,0.000,1,6681.174,707.670,6.000,6200.000,610.000,90.000,100.000,58,-1.000,-1.000
939,19.055381,16.668938,8,1,0,3,0.000,1,6681.173,707.668,6.000,6200.000,610.000,90.000,100.000,58,-1.000,-1.000
940,15.281806,16.668627,8,1,0,3,0.000,1,6681.173,707.668,6.000,6200.000,610.000,90.000,100.000,58,-1.000,-1.000
941,15.408539,16.667388,8,1,0,3,0.000,1,6681.173,707.668,6.000,6200.000,610.000,90.000,100.000,58,-1.000,-1.000
942,18.766665,16.668438,8,1,0,3,0.000,1,6681.173,707.668,6.000,6200.000,610.000,90.000,100.000,58,-1.000,-1.000
943,11.825699,16.667887,8,1,0,3,0.000,1,6681.173,707.668,6.000,6200.000,610.000,90.000,100.000,58,-1.000,-1.000
944,16.678448,16.668328,8,1,0,3,0.000,1,6681.173,707.668,6.000,6200.000,610.000,90.000,100.000,58,-1.000,-1.000
945,18.187402,16.668288,8,1,0,3,0.000,1,6681.173,707.668,6.000,6200.000,610.000,90.000,100.000,58,-1.000,-1.000
946,18.212462,16.667707,8,1,0,3,0.000,1,6681.173,707.668,6.000,6200.000,610.000,90.000,100.000,58,-1.000,-1.000
947,15.740857,16.668258,8,1,0,3,0.000,1,6681.173,707.668,6.000,6200.000,610.000,90.000,100.000,58,-1.000,-1.000
948,17.789843,16.669028,8,1,0,3,0.000,1,6681.173,707.668,6.000,6200.000,610.000,90.000,100.000,58,-1.000,-1.000
949,16.748979,16.668807,8,1,0,3,0.000,1,6681.173,707.668,6.000,6200.000,610.000,90.000,100.000,58,-1.000,-1.000
950,16.049114,16.668318,8,1,0,3,0.000,1,6681.173,707.668,6.000,6200.000,610.000,90.000,100.000,58,-1.000,-1.000
951,17.969487,16.668458,8,1,0,3,0.000,1,6681.173,707.668,6.000,6200.000,610.000,90.000,100.000,58,-1.000,-1.000
952,12.510614,16.668017,8,1,0,3,0.000,1,6681.173,707.668,6.000,6200.000,610.000,90.000,100.000,58,-1.000,-1.000
953,18.444697,16.668688,8,1,0,3,0.000,1,6681.173,707.668,6.000,6200.000,610.000,90.000,100.000,58,-1.000,-1.000
954,19.998954,16.667438,8,1,0,3,0.000,1,6681.173,707.668,6.000,6200.000,610.000,90.000,100.000,58,-1.000,-1.000
955,11.544012,16.667677,8,1,0,3,0.000,1,6681.173,707.668,6.000,6200.000,610.000,90.000,100.000,58,-1.000,-1.000
956,19.828519,16.667368,8,1,0,3,0.000,1,6681.173,707.668,6.000,6200.000,610.000,90.000,100.000,58,-1.000,-1.000
957,16.285659,16.689708,8,1,0,3,0.000,1,6681.173,707.668,6.000,6200.000,610.000,90.000,100.000,58,-1.000,-1.000
958,17.101887,16.667827,8,1,0,3,0.000,1,6681.173,707.668,6.000,6200.000,610.000,90.000,100.000,58,-1.000,-1.000
959,15.865260,16.668558,8,1,0,3,0.000,1,6681.173,707.668,6.000,6200.000,610.000,90.000,100.000,58,-1.000,-1.000
960,18.756085,16.669218,8,1,0,3,0.000,1,6681.173,707.668,6.000,6200.000,610.000,90.000,100.000,58,-1.000,-1.000
961,12.566674,16.668107,8,1,0,3,0.000,1,6681.173,707.668,6.000,6200.000,610.000,90.000,100.000,58,-1.000,-1.000
962,17.906116,16.667138,8,1,0,3,0.000,1,6681.173,707.668,6.000,6200.000,610.000,90.000,100.000,58,-1.000,-1.000
963,19.531473,16.668568,8,1,0,3,0.000,1,6681.173,707.668,6.000,6200.000,610.000,90.000,100.000,58,-1.000,-1.000
964,16.968955,16.668477,8,1,0,3,0.000,1,6681.173,707.668,6.000,6200.000,610.000,90.000,100.000,58,-1.000,-1.000
965,16.512633,16.667388,8,1,0,3,0.000,1,6681.173,707.668,6.000,6200.000,610.000,90.000,100.000,58,-1.000,-1.000
966,16.255688,16.668538,8,1,0,3,0.000,1,6681.173,707.668,6.000,6200.000,610.000,90.000,100.000,58,-1.000,-1.000
967,12.754320,16.668147,8,1,0,3,0.000,1,6681.173,707.668,6.000,6200.000,610.000,90.000,100.000,58,-1.000,-1.000
968,18.297244,16.667928,8,1,0,3,0.000,1,6681.173,707.668,6.000,6200.000,610.000,90.000,100.000,58,-1.000,-1.000
969,19.680896,16.668529,8,1,0,3,0.000,1,6681.173,707.668,6.000,6200.000,610.000,90.000,100.000,58,-1.000,-1.000
970,16.344960,16.668527,8,1,0,3,0.000,1,6681.173,707.668,6.000,6200.000,610.000,90.000,100.000,58,-1.000,-1.000
971,16.492394,16.668247,8,1,0,3,0.000,1,6681.173,707.668,6.000,6200.000,610.000,90.000,100.000,58,-1.000,-1.000
972,13.211630,16.667869,8,1,0,3,0.000,1,6681.173,707.668,6.000,6200.000,610.000,90.000,100.000,58,-1.000,-1.000
973,16.331419,16.683907,8,1,0,3,0.000,1,6681.173,707.668,6.000,6200.000,610.000,90.000,100.000,58,-1.000,-1.000
974,20.944955,16.667948,8,1,0,3,0.000,1,6681.173,707.668,6.000,6200.000,610.000,90.000,100.000,58,-1.000,-1.000
975,12.918263,16.669608,8,1,0,3,0.000,1,6681.173,707.668,6.000,6200.000,610.000,90.000,100.000,58,-1.000,-1.000
976,18.373056,16.667267,8,1,0,3,0.000,1,6681.173,707.668,6.000,6200.000,610.000,90.000,100.000,58,-1.000,-1.000
977,17.971778,16.668108,8,1,0,3,0.000,1,6681.173,707.668,6.000,6200.000,610.000,90.000,100.000,58,-1.000,-1.000
978,17.276231,16.668678,8,1,0,3,0.000,1,6681.173,707.668,6.000,6200.000,610.000,90.000,100.000,58,-1.000,-1.000
979,13.424324,16.668677,8,1,0,3,0.000,1,6681.173,707.668,6.000,6200.000,610.000,90.000,100.000,58,-1.000,-1.000
980,15.949231,16.668998,8,1,0,3,0.000,1,6681.173,707.668,6.000,6200.000,610.000,90.000,100.000,58,-1.000,-1.000
981,19.351349,16.667328,8,1,0,3,0.000,1,6681.173,707.668,6.000,6200.000,610.000,90.000,100.000,58,-1.000,-1.000
982,16.294309,16.668257,8,1,0,3,0.000,1,6681.173,707.668,6.000,6200.000,610.000,90.000,100.000,58,-1.000,-1.000
983,16.658617,16.668268,8,1,0,3,0.000,1,6681.173,707.668,6.000,6200.000,610.000,90.000,100.000,58,-1.000,-1.000
984,19.313258,16.667018,8,1,0,3,0.000,1,6681.173,707.668,6.000,6200.000,610.000,90.000,100.000,58,-1.000,-1.000
985,11.544641,16.669037,8,1,0,3,0.000,1,6681.173,707.668,6.000,6200.000,610.000,90.000,100.000,58,-1.000,-1.000
986,20.274800,16.667108,8,1,0,3,0.000,1,6681.173,707.668,6.000,6200.000,610.000,90.000,100.000,58,-1.000,-1.000
987,15.949572,16.668358,8,1,0,3,0.000,1,6681.173,707.668,6.000,6200.000,610.000,90.000,100.000,58,-1.000,-1.000
988,18.760004,16.668787,8,1,0,3,0.000,1,6681.173,707.668,6.000,6200.000,610.000,90.000,100.000,58,-1.000,-1.000
989,11.864399,16.668538,8,1,0,3,0.000,1,6681.173,707.668,6.000,6200.000,610.000,90.000,100.000,58,-1.000,-1.000
990,19.072562,16.668688,8,1,0,3,0.000,1,6681.173,707.668,6.000,6200.000,610.000,90.000,100.000,58,-1.000,-1.000
991,18.681463,16.669037,8,1,0,3,0.000,1,6681.173,707.668,6.000,6200.000,610.000,90.000,100.000,58,-1.000,-1.000
992,12.394711,16.667318,8,1,0,3,0.000,1,6681.173,707.668,6.000,6200.000,610.000,90.000,100.000,58,-1.000,-1.000
993,19.080482,16.667298,8,1,0,3,0.000,1,6681.173,707.668,6.000,6200.000,610.000,90.000,100.000,58,-1.000,-1.000
994,16.939704,16.667197,8,1,0,3,0.000,1,6681.173,707.668,6.000,6200.000,610.000,90.000,100.000,58,-1.000,-1.000
995,16.124135,16.668658,8,1,0,3,0.000,1,6681.173,707.668,6.000,6200.000,610.000,90.000,100.000,58,-1.000,-1.000
996,19.228747,16.668058,8,1,0,3,0.000,1,6681.173,707.668,6.000,6200.000,610.000,90.000,100.000,58,-1.000,-1.000
997,15.839658,16.668567,8,1,0,3,0.000,1,6681.173,707.668,6.000,6200.000,610.000,90.000,100.000,58,-1.000,-1.000
998,15.853349,16.667927,8,1,0,3,0.000,1,6681.173,707.668,6.000,6200.000,610.000,90.000,100.000,58,-1.000,-1.000
999,15.925911,16.667398,8,1,0,3,0.000,1,6681.173,707.668,6.000,6200.000,610.000,90.000,100.000,58,-1.000,-1.000
1000,17.568488,16.667487,8,1,0,3,0.000,1,6681.173,707.668,6.000,6200.000,610.000,90.000,100.000,58,-1.000,-1.000
1001,16.762270,16.667578,8,1,0,3,0.000,1,6681.173,707.668,6.000,6200.000,610.000,90.000,100.000,58,-1.000,-1.000
1002,16.195697,16.667738,8,1,0,3,0.000,1,6681.173,707.668,6.000,6200.000,610.000,90.000,100.000,58,-1.000,-1.000
1003,16.066834,16.668187,8,1,0,3,0.000,1,6681.173,707.668,6.000,6200.000,610.000,90.000,100.000,58,-1.000,-1.000
1004,17.597008,16.667888,27,1,0,3,0.000,1,6681.173,707.668,6.000,6200.000,610.000,90.000,100.000,58,-1.000,-1.000
1005,175.708022,16.698669,27,1,0,3,0.000,1,6681.173,707.668,6.000,6200.000,610.000,90.000,100.000,58,-1.000,-1.000
1006,8.512733,166.732157,27,1,0,3,0.000,1,6681.173,707.668,6.000,6200.000,610.000,90.000,100.000,58,-1.000,-1.000
1007,10.183551,16.667568,27,1,0,3,0.000,1,6681.173,707.668,6.000,6200.000,610.000,90.000,100.000,58,-1.000,-1.000
1008,20.117725,16.667608,27,1,0,3,0.000,1,6681.173,707.668,6.000,6200.000,610.000,90.000,100.000,58,-1.000,-1.000
1009,13.304891,16.666917,27,1,0,3,0.000,1,6681.173,707.668,6.000,6200.000,610.000,90.000,100.000,58,-1.000,-1.000
1010,20.076425,16.667248,27,1,0,3,0.000,1,6681.173,707.668,6.000,6200.000,610.000,90.000,100.000,58,-1.000,-1.000
1011,13.786383,16.667998,27,1,0,3,0.000,1,6681.173,707.668,6.000,6200.000,610.000,90.000,100.000,58,-1.000,-1.000
1012,19.121903,16.668847,27,1,0,3,0.000,1,6681.173,707.668,6.000,6200.000,610.000,90.000,100.000,58,-1.000,-1.000
1013,18.783006,16.667218,27,1,0,3,0.000,1,6681.173,707.668,6.000,6200.000,610.000,90.000,100.000,58,-1.000,-1.000
1014,16.766330,16.668908,27,1,0,3,0.000,1,6681.173,707.668,6.000,6200.000,610.000,90.000,100.000,58,-1.000,-1.000
1015,18.050879,16.668997,27,1,0,3,0.000,1,6681.173,707.668,6.000,6200.000,610.000,90.000,100.000,58,-1.000,-1.000
1016,17.538217,16.667168,27,1,0,3,0.000,1,6681.173,707.668,6.000,6200.000,610.000,90.000,100.000,58,-1.000,-1.000
1017,10.622461,16.668338,27,1,0,3,0.000,1,6681.173,707.668,6.000,6200.000,610.000,90.000,100.000,58,-1.000,-1.000
1018,19.495661,16.667907,27,1,0,3,0.000,1,6681.173,707.668,6.000,6200.000,610.000,90.000,100.000,58,-1.000,-1.000
1019,19.138893,16.668358,27,1,0,3,0.000,1,6681.173,707.668,6.000,6200.000,610.000,90.000,100.000,58,-1.000,-1.000
1020,11.302247,16.668247,27,1,0,3,0.000,1,6681.173,707.668,6.000,6200.000,610.000,90.000,100.000,58,-1.000,-1.000
1021,16.971205,16.668978,27,1,0,3,0.000,1,6681.173,707.668,6.000,6200.000,610.000,90.000,100.000,58,-1.000,-1.000
1022,19.851850,16.667328,27,1,0,3,0.000,1,6681.173,707.668,6.000,6200.000,610.000,90.000,100.000,58,-1.000,-1.000
1023,13.601487,16.668397,27,1,0,3,0.000,1,6681.173,707.668,6.000,6200.000,610.000,90.000,100.000,58,-1.000,-1.000
1024,19.652466,16.667568,27,1,0,3,0.000,1,6681.173,707.668,6.000,6200.000,610.000,90.000,100.000,58,-1.000,-1.000
1025,14.466147,16.667758,9,1,0,3,0.000,1,6681.173,707.668,6.000,6200.000,610.000,90.000,100.000,58,-1.000,-1.000
1026,16.516275,16.667407,9,1,0,3,0.000,1,6681.173,707.668,6.000,6300.000,700.000,90.000,100.000,58,-1.000,-1.000
1027,18.167951,16.669097,9,1,0,3,0.000,1,6681.173,707.668,6.000,6300.000,700.000,90.000,100.000,58,-1.000,-1.000
1028,18.131571,16.668288,9,1,0,3,0.000,1,6681.173,707.668,6.000,6300.000,700.000,90.000,100.000,58,-1.000,-1.000
1029,16.334120,16.668977,9,1,0,3,0.000,1,6681.173,707.668,6.000,6300.000,700.000,90.000,100.000,58,-1.000,-1.000
1030,19.195925,16.667928,9,1,0,3,0.000,1,6681.173,707.668,6.000,6300.000,700.000,90.000,100.000,58,-1.000,-1.000
1031,10.391415,16.667788,9,1,0,3,0.000,1,6681.173,707.668,6.000,6300.000,700.000,90.000,100.000,58,-1.000,-1.000
1032,17.046536,16.668757,9,1,0,3,0.000,1,6681.173,707.668,6.000,6300.000,700.000,90.000,100.000,58,-1.000,-1.000
1033,18.252904,16.668428,9,1,0,3,0.000,1,6681.173,707.668,6.000,6300.000,700.000,90.000,100.000,58,-1.000,-1.000
1034,18.668713,16.667838,9,1,0,3,0.000,1,6681.173,707.668,6.000,6300.000,700.000,90.000,100.000,58,-1.000,-1.000
1035,16.283099,16.667057,9,1,0,3,0.000,1,6681.173,707.668,6.000,6300.000,700.000,90.000,100.000,58,-1.000,-1.000
1036,16.910443,16.668058,9,1,0,3,0.000,1,6681.173,707.668,6.000,6300.000,700.000,90.000,100.000,58,-1.000,-1.000
1037,17.065576,16.668088,9,1,0,3,0.000,1,6681.173,707.668,6.000,6300.000,700.000,90.000,100.000,58,-1.000,-1.000
1038,17.989368,16.668247,9,1,0,3,0.000,1,6681.173,707.668,6.000,6300.000,700.000,90.000,100.000,58,-1.000,-1.000
1039,11.282365,16.668808,9,1,0,3,0.000,1,6681.173,707.668,6.000,6300.000,700.000,90.000,100.000,58,-1.000,-1.000
1040,17.401825,16.668968,9,1,0,3,0.000,1,6681.173,707.668,6.000,6300.000,700.000,90.000,100.000,58,-1.000,-1.000
1041,19.415360,16.667997,9,1,0,3,0.000,1,6681.173,707.668,6.000,6300.000,700.000,90.000,100.000,58,-1.000,-1.000
1042,18.192702,16.669138,9,1,0,3,0.000,1,6681.173,707.668,6.000,6300.000,700.000,90.000,100.000,58,-1.000,-1.000
1043,15.951581,16.667718,9,1,0,3,0.000,1,6681.173,707.668,6.000,6300.000,700.000,90.000,100.000,58,-1.000,-1.000
1044,16.265819,16.668927,9,1,0,3,0.000,1,6681.173,707.668,6.000,6300.000,700.000,90.000,100.000,58,-1.000,-1.000
1045,17.904835,16.667788,9,1,0,3,0.000,1,6681.173,707.668,6.000,6300.000,700.000,90.000,100.000,58,-1.000,-1.000
1046,11.592903,16.668948,9,1,0,3,0.000,1,6681.173,707.668,6.000,6300.000,700.000,90.000,100.000,58,-1.000,-1.000
1047,18.300584,16.669087,9,1,0,3,0.000,1,6681.173,707.668,6.000,6300.000,700.000,90.000,100.000,58,-1.000,-1.000
1048,19.180016,16.667638,9,1,0,3,0.000,1,6681.173,707.668,6.000,6300.000,700.000,90.000,100.000,58,-1.000,-1.000
1049,16.434922,16.668668,9,1,0,3,0.000,1,6681.173,707.668,6.000,6300.000,700.000,90.000,100.000,58,-1.000,-1.000
1050,17.796143,16.668067,9,1,0,3,0.000,1,6681.173,707.668,6.000,6300.000,700.000,90.000,100.000,58,-1.000,-1.000
1051,15.845159,16.667188,9,1,0,3,0.000,1,6681.173,707.668,6.000,6300.000,700.000,90.000,100.000,58,-1.000,-1.000
1052,16.620136,16.668577,9,1,0,3,0.000,1,6681.173,707.668,6.000,6300.000,700.000,90.000,100.000,58,-1.000,-1.000
1053,17.073996,16.667937,9,1,0,3,0.000,1,6681.173,707.668,6.000,6300.000,700.000,90.000,100.000,58,-1.000,-1.000
1054,16.083955,16.668908,9,1,0,3,0.000,1,6681.173,707.668,6.000,6300.000,700.000,90.000,100.000,58,-1.000,-1.000
1055,16.353951,16.668618,9,1,0,3,0.000,1,6681.173,707.668,6.000,6300.000,700.000,90.000,100.000,58,-1.000,-1.000
1056,17.354312,16.667627,9,1,0,3,0.000,1,6681.173,707.668,6.000,6300.000,700.000,90.000,100.000,58,-1.000,-1.000
1057,17.008146,16.668998,9,1,0,3,0.000,1,6681.173,707.668,6.000,6300.000,700.000,90.000,100.000,58,-1.000,-1.000
1058,15.709936,16.668188,9,1,0,3,0.000,1,6681.173,707.668,6.000,6300.000,700.000,90.000,100.000,58,-1.000,-1.000
1059,17.969857,16.668257,9,1,0,3,0.000,1,6681.173,707.668,6.000,6300.000,700.000,90.000,100.000,58,-1.000,-1.000
1060,15.994122,16.668487,9,1,0,3,0.000,1,6681.173,707.668,6.000,6300.000,700.000,90.000,100.000,58,-1.000,-1.000
1061,16.761170,16.668359,9,1,0,3,0.000,1,6681.173,707.668,6.000,6300.000,700.000,90.000,100.000,58,-1.000,-1.000
1062,16.408542,16.668267,9,1,0,3,0.000,1,6681.173,707.668,6.000,6300.000,700.000,90.000,100.000,58,-1.000,-1.000
1063,17.979777,16.667988,9,1,0,3,0.000,1,6681.173,707.668,6.000,6300.000,700.000,90.000,100.000,58,-1.000,-1.000
1064,16.340380,16.667798,9,1,0,3,0.000,1,6681.173,707.668,6.000,6300.000,700.000,90.000,100.000,58,-1.000,-1.000
1065,11.384899,16.668876,9,1,0,3,0.000,1,6681.173,707.668,6.000,6300.000,700.000,90.000,100.000,58,-1.000,-1.000
1066,20.518844,16.667408,9,1,0,3,0.000,1,6681.173,707.668,6.000,6300.000,700.000,90.000,100.000,58,-1.000,-1.000
1067,17.977267,16.669048,9,1,0,3,0.000,1,6681.173,707.668,6.000,6300.000,700.000,90.000,100.000,58,-1.000,-1.000
1068,17.365743,16.667367,9,1,0,3,0.000,1,6681.173,707.668,6.000,6300.000,700.000,90.000,100.000,58,-1.000,-1.000
1069,16.425003,16.668148,9,1,0,3,0.000,1,6681.173,707.668,6.000,6300.000,700.000,90.000,100.000,58,-1.000,-1.000
1070,15.905941,16.667208,9,1,0,3,0.000,1,6681.173,707.668,6.000,6300.000,700.000,90.000,100.000,58,-1.000,-1.000
1071,16.234017,16.668017,9,1,0,3,0.000,1,6681.173,707.668,6.000,6300.000,700.000,90.000,100.000,58,-1.000,-1.000
1072,17.167149,16.667369,9,1,0,3,0.000,1,6681.173,707.668,6.000,6300.000,700.000,90.000,100.000,58,-1.000,-1.000
1073,16.230878,16.668797,9,1,0,3,0.000,1,6681.173,707.668,6.000,6300.000,700.000,90.000,100.000,58,-1.000,-1.000
1074,16.649697,16.667737,9,1,0,3,0.000,1,6681.173,707.668,6.000,6300.000,700.000,90.000,100.000,58,-1.000,-1.000
1075,16.008293,16.667208,9,1,0,3,0.000,1,6681.173,707.668,6.000,6300.000,700.000,90.000,100.000,58,-1.000,-1.000
1076,17.611819,16.667218,9,1,0,3,0.000,1,6681.173,707.668,6.000,6300.000,700.000,90.000,100.000,58,-1.000,-1.000
1077,16.174746,16.667917,9,1,0,3,0.000,1,6681.173,707.668,6.000,6300.000,700.000,90.000,100.000,58,-1.000,-1.000
1078,17.455245,16.668588,9,1,0,3,0.000,1,6681.173,707.668,6.000,6300.000,700.000,90.000,100.000,58,-1.000,-1.000
1079,16.637138,16.667468,9,1,0,3,0.000,1,6681.173,707.668,6.000,6300.000,700.000,90.000,100.000,58,-1.000,-1.000
1080,16.675698,16.667947,9,1,0,3,0.000,1,6681.173,707.668,6.000,6300.000,700.000,90.000,100.000,58,-1.000,-1.000
1081,16.645007,16.667718,9,1,0,3,0.000,1,6681.173,707.668,6.000,6300.000,700.000,90.000,100.000,58,-1.000,-1.000
1082,16.524514,16.667518,9,1,0,3,0.000,1,6681.173,707.668,6.000,6300.000,700.000,90.000,100.000,58,-1.000,-1.000
1083,16.893003,16.668357,9,1,0,3,0.000,1,6681.173,707.668,6.000,6300.000,700.000,90.000,100.000,58,-1.000,-1.000
1084,17.380043,16.667648,9,1,0,3,0.000,1,6681.173,707.668,6.000,6300.000,700.000,90.000,100.000,58,-1.000,-1.000
1085,16.635357,16.667748,10,1,0,3,0.000,1,6681.173,707.668,6.000,6300.000,700.000,90.000,100.000,58,-1.000,-1.000
1086,17.019226,16.668807,10,1,0,3,0.000,1,6681.173,707.668,6.000,6300.667,700.000,90.000,100.000,58,-1.000,-1.000
1087,15.110742,16.667708,10,1,0,3,0.000,1,6681.173,707.668,6.000,6302.000,700.000,90.000,100.000,58,-1.000,-1.000
1088,15.728866,16.667817,10,1,0,3,0.000,1,6681.173,707.668,6.000,6304.001,700.000,90.000,100.000,58,-1.000,-1.000
1089,16.798460,16.668187,10,1,0,3,0.000,1,6681.173,707.668,6.000,6306.668,700.000,90.000,100.000,58,-1.000,-1.000
1090,16.267749,16.668688,10,1,0,3,0.000,1,6681.173,707.668,6.000,6310.002,700.000,90.000,100.000,58,-1.000,-1.000
1091,17.833314,16.668617,10,1,0,3,0.000,1,6681.173,707.668,6.000,6314.003,700.000,90.000,100.000,58,-1.000,-1.000
1092,15.943991,16.668048,10,1,0,3,0.000,1,6681.173,707.668,6.000,6318.670,700.000,90.000,100.000,58,-1.000,-1.000
1093,17.574978,16.668218,10,1,0,3,0.000,1,6681.173,707.668,6.000,6324.005,700.000,90.000,100.000,58,-1.000,-1.000
1094,15.079282,16.667757,10,1,0,3,0.000,1,6681.173,707.668,6.000,6330.006,700.000,90.000,100.000,58,-1.000,-1.000
1095,17.662540,16.667688,10,1,0,3,0.000,1,6681.173,707.668,6.000,6336.673,700.000,90.000,100.000,58,-1.000,-1.000
1096,16.226668,16.667568,10,1,0,3,0.000,1,6681.173,707.668,6.000,6344.008,700.000,90.000,100.000,58,-1.000,-1.000
1097,15.730536,16.668397,10,1,0,3,0.000,1,6681.173,707.668,6.000,6352.009,700.000,90.000,100.000,58,-1.000,-1.000
1098,16.933394,16.668538,10,1,0,3,0.000,1,6681.173,707.668,6.000,6360.677,700.000,90.000,100.000,58,-1.000,-1.000
1099,16.096834,16.667308,10,1,0,3,0.000,1,6681.173,707.668,6.000,6369.344,700.000,90.000,100.000,58,-1.000,-1.000
1100,17.334554,16.668957,10,1,0,3,0.000,1,6681.173,707.668,6.000,6378.012,700.000,90.000,100.000,58,-1.000,-1.000
1101,16.319619,16.667278,10,1,0,3,0.000,1,6681.173,707.668,6.000,6386.679,700.000,90.000,100.000,58,-1.000,-1.000
1102,17.077747,16.668088,10,1,0,3,0.000,1,6681.173,707.668,6.000,6395.346,700.000,90.000,100.000,58,-1.000,-1.000
1103,17.654930,16.667526,10,1,0,3,0.000,1,6681.173,707.668,6.000,6404.013,700.000,90.000,100.000,58,-1.000,-1.000
1104,16.677118,16.667668,10,1,0,3,0.000,1,6681.173,707.668,6.000,6412.680,700.000,90.000,100.000,58,-1.000,-1.000
1105,15.889909,16.668458,10,1,0,3,0.000,1,6681.173,707.668,6.000,6421.348,700.000,90.000,100.000,58,-1.000,-1.000
1106,17.217481,16.668047,10,1,0,3,0.000,1,6681.173,707.668,6.000,6430.015,700.000,90.000,100.000,58,-1.000,-1.000
1107,17.325162,16.668368,10,1,0,3,0.000,1,6681.173,707.668,6.000,6438.683,700.000,90.000,100.000,58,-1.000,-1.000
1108,16.053414,16.667048,10,1,0,3,0.000,1,6681.173,707.668,6.000,6447.350,700.000,90.000,100.000,58,-1.000,-1.000
1109,16.117735,16.668447,10,1,0,3,0.000,1,6681.173,707.668,6.000,6456.017,700.000,90.000,100.000,58,-1.000,-1.000
1110,16.426172,16.668518,10,1,0,3,0.000,1,6681.173,707.668,6.000,6464.685,700.000,90.000,100.000,58,-1.000,-1.000
1111,17.115268,16.667328,10,1,0,3,0.000,1,6681.173,707.668,6.000,6473.352,700.000,90.000,100.000,58,-1.000,-1.000
1112,17.531807,16.667697,10,1,0,3,0.000,1,6681.173,707.668,6.000,6482.019,700.000,90.000,100.000,58,-1.000,-1.000
1113,16.259538,16.668568,10,1,0,3,0.000,1,6681.173,707.668,6.000,6490.687,700.000,90.000,100.000,58,-1.000,-1.000
1114,16.356941,16.667918,10,1,0,3,0.000,1,6681.173,707.668,6.000,6499.354,700.000,90.000,100.000,58,-1.000,-1.000
1115,16.270348,16.668927,10,1,0,3,0.000,1,6681.173,707.668,6.000,6508.022,700.000,90.000,100.000,58,-1.000,-1.000
1116,16.635298,16.668318,10,1,0,3,0.000,1,6681.173,707.668,6.000,6516.689,700.000,90.000,100.000,58,-1.000,-1.000
1117,16.771409,16.668488,10,1,0,3,0.000,1,6681.173,707.668,6.000,6525.357,700.000,90.000,100.000,58,-1.000,-1.000
1118,17.153339,16.669006,10,1,0,3,0.000,1,6681.173,707.668,6.000,6534.025,700.000,90.000,100.000,58,-1.000,-1.000
1119,17.976237,16.667248,10,1,0,3,0.000,1,6681.173,707.668,6.000,6542.692,700.000,90.000,100.000,58,-1.000,-1.000
1120,11.918080,16.667468,10,1,0,3,0.000,1,6681.173,707.668,6.000,6551.359,700.000,90.000,100.000,58,-1.000,-1.000
1121,18.140521,16.667537,10,1,0,3,0.000,1,6681.173,707.668,6.000,6560.026,700.000,90.000,100.000,58,-1.000,-1.000
1122,18.277734,16.669168,10,1,0,3,0.000,1,6681.173,707.668,6.000,6568.694,700.000,90.000,100.000,58,-1.000,-1.000
1123,18.676944,16.667318,10,1,0,3,0.000,1,6681.173,707.668,6.000,6577.361,700.000,90.000,100.000,58,-1.000,-1.000
1124,11.710834,16.668157,10,1,0,3,0.000,1,6681.173,707.668,6.000,6586.029,700.000,90.000,100.000,58,-1.000,-1.000
1125,17.271271,16.667098,10,1,0,3,0.000,1,6681.173,707.668,6.000,6594.695,700.000,90.000,100.000,58,-1.000,-1.000
1126,17.947237,16.667988,10,1,0,3,0.000,1,6681.173,707.668,6.000,6603.363,700.000,90.000,100.000,58,-1.000,-1.000
1127,19.600054,16.667277,10,1,0,3,0.000,1,6681.173,707.668,6.000,6612.030,700.000,90.000,100.000,58,-1.000,-1.000
1128,12.057363,16.668788,10,1,0,3,0.000,1,6681.173,707.668,6.000,6620.698,700.000,90.000,100.000,58,-1.000,-1.000
1129,17.752123,16.669398,10,1,0,3,0.000,1,6681.173,707.668,6.000,6629.366,700.000,90.000,100.000,58,-1.000,-1.000
1130,17.351242,16.668867,10,1,0,3,0.000,1,6681.173,707.668,6.000,6638.033,700.000,90.000,100.000,58,-1.000,-1.000
1131,19.609275,16.667358,10,1,0,3,0.000,1,6681.173,707.668,6.000,6646.700,700.000,90.000,100.000,58,-1.000,-1.000
1132,11.713565,16.668618,10,1,0,3,0.000,1,6681.173,707.668,6.000,6655.368,700.000,90.000,100.000,58,-1.000,-1.000
1133,18.422528,16.667647,10,1,0,3,0.000,1,6681.173,707.668,6.000,6664.035,700.000,90.000,100.000,58,-1.000,-1.000
1134,17.087787,16.667747,10,1,0,3,0.000,1,6681.173,707.668,6.000,6672.703,700.000,90.000,100.000,58,-1.000,-1.000
1135,17.417134,16.667808,10,1,0,3,0.000,1,6681.173,707.668,6.000,6681.370,700.000,90.000,97.000,58,-1.000,-1.000
1136,18.844597,16.667867,10,1,0,3,0.000,1,6681.173,707.668,6.000,6690.037,700.000,90.000,97.000,58,-1.000,-1.000
1137,11.545602,16.667038,10,1,0,3,0.000,1,6681.173,707.668,6.000,6698.704,700.000,90.000,97.000,58,-1.000,-1.000
1138,17.178659,16.667428,10,1,0,3,0.000,1,6681.173,707.668,6.000,6707.371,700.000,90.000,97.000,58,-1.000,-1.000
1139,21.334833,16.668527,11,1,0,3,0.000,1,6681.173,707.668,6.000,6716.039,700.000,90.000,97.000,58,-1.000,-1.000
1140,11.500321,16.668138,11,1,0,3,0.000,1,6681.173,707.668,6.000,6770.000,700.000,90.000,97.000,58,-1.000,-1.000
1141,18.923209,16.668278,11,1,0,3,0.000,1,6681.173,707.668,6.000,6770.000,700.000,90.000,97.000,58,-1.000,-1.000
1142,19.237015,16.668487,11,1,0,3,0.000,1,6681.173,707.668,6.000,6770.000,700.000,90.000,97.000,58,-1.000,-1.000
1143,11.591662,16.667948,11,1,0,3,0.000,1,6681.173,707.668,6.000,6770.000,700.000,90.000,97.000,58,-1.000,-1.000
1144,20.941685,16.668398,11,1,0,3,0.000,1,6681.173,707.668,6.000,6770.000,700.000,90.000,97.000,58,-1.000,-1.000
1145,19.065932,16.668397,11,1,0,3,0.000,1,6681.173,707.668,6.000,6770.000,700.000,90.000,97.000,58,-1.000,-1.000
1146,9.870243,16.668588,11,1,0,3,0.000,1,6681.173,707.668,6.000,6770.000,700.000,90.000,97.000,58,-1.000,-1.000
1147,17.256202,16.667058,11,1,0,3,0.000,1,6681.173,707.668,6.000,6770.000,700.000,90.000,97.000,58,-1.000,-1.000
1148,17.310322,16.668167,11,1,0,3,0.000,1,6681.173,707.668,6.000,6770.000,700.000,90.000,97.000,58,-1.000,-1.000
1149,18.497028,16.668907,11,1,0,3,0.000,1,6681.173,707.668,6.000,6770.000,700.000,90.000,97.000,58,-1.000,-1.000
1150,19.355149,16.668108,11,1,0,3,0.000,1,6681.173,707.668,6.000,6770.000,700.000,90.000,93.999,58,-1.000,-1.000
1151,11.059091,16.667947,11,1,0,3,0.000,1,6681.173,707.668,6.000,6770.000,700.000,90.000,93.999,58,-1.000,-1.000
1152,18.975940,16.668058,11,1,0,3,0.000,1,6681.173,707.668,6.000,6770.000,700.000,90.000,93.999,58,-1.000,-1.000
1153,18.738505,16.667388,11,1,0,3,0.000,1,6681.173,707.668,6.000,6770.000,700.000,90.000,93.999,58,-1.000,-1.000
1154,16.437451,16.667987,11,1,0,3,0.000,1,6681.173,707.668,6.000,6770.000,700.000,90.000,93.999,58,-1.000,-1.000
1155,15.497321,16.668618,11,1,0,3,0.000,1,6681.173,707.668,6.000,6770.000,700.000,90.000,93.999,58,-1.000,-1.000
1156,17.638940,16.667448,11,1,0,3,0.000,1,6681.173,707.668,6.000,6770.000,700.000,90.000,93.999,58,-1.000,-1.000
1157,16.086894,16.667967,11,1,0,3,0.000,1,6681.173,707.668,6.000,6770.000,700.000,90.000,93.999,58,-1.000,-1.000
1158,18.762926,16.668898,11,1,0,3,0.000,1,6681.173,707.668,6.000,6770.000,700.000,90.000,93.999,58,-1.000,-1.000
1159,11.409488,16.668098,11,1,0,3,0.000,1,6681.173,707.668,6.000,6770.000,700.000,90.000,93.999,58,-1.000,-1.000
1160,19.390629,16.668066,11,1,0,3,0.000,1,6681.173,707.668,6.000,6770.000,700.000,90.000,93.999,58,-1.000,-1.000
1161,17.328333,16.668048,11,1,0,3,0.000,1,6681.173,707.668,6.000,6770.000,700.000,90.000,93.999,58,-1.000,-1.000
1162,12.969473,16.667757,11,1,0,3,0.000,1,6681.173,707.668,6.000,6770.000,700.000,90.000,93.999,58,-1.000,-1.000
1163,18.231973,16.668088,11,1,0,3,0.000,1,6681.173,707.668,6.000,6770.000,700.000,90.000,93.999,58,-1.000,-1.000
1164,16.780321,16.667978,11,1,0,3,0.000,1,6681.173,707.668,6.000,6770.000,700.000,90.000,93.999,58,-1.000,-1.000
1165,17.302351,16.667727,11,1,0,3,0.000,1,6681.173,707.668,6.000,6770.000,700.000,90.000,90.999,58,-1.000,-1.000
1166,18.597492,16.668858,11,1,0,3,0.000,1,6681.173,707.668,6.000,6770.000,700.000,90.000,90.999,58,-1.000,-1.000
1167,12.443621,16.668088,11,1,0,3,0.000,1,6681.173,707.668,6.000,6770.000,700.000,90.000,90.999,58,-1.000,-1.000
1168,19.679896,16.667367,11,1,0,3,0.000,1,6681.173,707.668,6.000,6770.000,700.000,90.000,90.999,58,-1.000,-1.000
1169,17.632930,16.668068,11,1,0,3,0.000,1,6681.173,707.668,6.000,6770.000,700.000,90.000,90.999,58,-1.000,-1.000
1170,16.250828,16.667778,11,1,0,3,0.000,1,6681.173,707.668,6.000,6770.000,700.000,90.000,90.999,58,-1.000,-1.000
1171,13.259500,16.668936,11,1,0,3,0.000,1,6681.173,707.668,6.000,6770.000,700.000,90.000,90.999,58,-1.000,-1.000
1172,17.737122,16.668848,11,1,0,3,0.000,1,6681.173,707.668,6.000,6770.000,700.000,90.000,90.999,58,-1.000,-1.000
1173,17.847305,16.667298,11,1,0,3,0.000,1,6681.173,707.668,6.000,6770.000,700.000,90.000,90.999,58,-1.000,-1.000
1174,15.838498,16.667167,11,1,0,3,0.000,1,6681.173,707.668,6.000,6770.000,700.000,90.000,90.999,58,-1.000,-1.000
1175,16.892692,16.668378,11,1,0,3,0.000,1,6681.173,707.668,6.000,6770.000,700.000,90.000,90.999,58,-1.000,-1.000
1176,18.185083,16.667788,11,1,0,3,0.000,1,6681.173,707.668,6.000,6770.000,700.000,90.000,90.999,58,-1.000,-1.000
1177,17.584078,16.693337,11,1,0,3,0.000,1,6681.173,707.668,6.000,6770.000,700.000,90.000,90.999,58,-1.000,-1.000
1178,16.801371,16.668348,11,1,0,3,0.000,1,6681.173,707.668,6.000,6770.000,700.000,90.000,90.999,58,-1.000,-1.000
1179,17.083327,16.667458,11,1,0,3,0.000,1,6681.173,707.668,6.000,6770.000,700.000,90.000,90.999,58,-1.000,-1.000
1180,16.918583,16.667137,11,1,0,3,0.000,1,6681.173,707.668,6.000,6770.000,700.000,90.000,87.999,58,-1.000,-1.000
1181,24.388102,16.668868,12,1,0,3,0.000,1,6681.173,707.668,6.000,6770.000,700.000,90.000,87.999,58,100.000,70.000
1182,12.320520,16.667868,12,1,0,3,0.000,1,6681.173,707.668,6.000,6770.000,700.000,90.000,87.999,58,100.000,70.000
1183,8.949363,16.667547,12,1,0,3,0.000,1,6681.173,707.668,6.000,6770.000,700.000,90.000,87.999,58,100.000,70.000
1184,17.719480,16.668168,12,1,0,3,0.000,1,6681.173,707.668,6.000,6770.000,700.000,90.000,87.999,58,100.000,70.000
1185,18.451619,16.668238,12,1,0,3,0.000,1,6681.173,707.668,6.000,6770.000,700.000,90.000,87.999,58,100.000,70.000
1186,16.218037,16.668326,12,1,0,3,0.000,1,6681.173,707.668,6.000,6770.000,700.000,90.000,87.999,58,100.000,70.000
1187,16.818461,16.668318,12,1,0,3,0.000,1,6681.173,707.668,6.000,6770.000,700.000,90.000,87.999,58,100.000,70.000
1188,16.472773,16.668618,12,1,0,3,0.000,1,6681.173,707.668,6.000,6770.000,700.000,90.000,87.999,58,100.000,70.000
1189,17.078677,16.667317,12,1,0,3,0.000,1,6681.173,707.668,6.000,6770.000,700.000,90.000,87.999,58,100.000,70.000
1190,16.219698,16.667788,12,1,0,3,0.000,1,6681.173,707.668,6.000,6770.000,700.000,90.000,87.999,58,100.000,70.000
1191,18.957028,16.668818,12,1,0,3,0.000,1,6681.173,707.668,6.000,6770.000,700.000,90.000,87.999,58,100.000,70.000
1192,11.554492,16.668447,12,1,0,3,0.000,1,6681.173,707.668,6.000,6770.000,700.000,90.000,87.999,58,100.000,70.000
1193,17.041486,16.667168,12,1,0,3,0.000,1,6681.173,707.668,6.000,6770.000,700.000,90.000,87.999,58,100.000,70.000
1194,18.595842,16.667478,12,1,0,3,0.000,1,6681.173,707.668,6.000,6770.000,700.000,90.000,87.999,58,100.000,70.000
1195,20.176687,16.668397,12,1,0,3,0.000,1,6681.173,707.668,6.000,6770.000,700.000,90.000,84.998,58,100.000,70.000
1196,11.321136,16.667558,12,1,0,3,0.000,1,6681.173,707.668,6.000,6770.000,700.000,90.000,84.998,58,97.000,67.000
1197,18.350945,16.668167,12,1,0,3,0.000,1,6681.173,707.668,6.000,6770.000,700.000,90.000,84.998,58,97.000,67.000
1198,17.171280,16.667427,12,1,0,3,0.000,1,6681.173,707.668,6.000,6770.000,700.000,90.000,84.998,58,97.000,67.000
1199,19.213785,16.667038,12,1,0,3,0.000,1,6681.173,707.668,6.000,6770.000,700.000,90.000,84.998,58,97.000,67.000
1200,11.569652,16.668178,12,1,0,3,0.000,1,6681.173,707.668,6.000,6770.000,700.000,90.000,84.998,58,97.000,67.000
1201,17.253691,16.668857,12,1,0,3,0.000,1,6681.173,707.668,6.000,6770.000,700.000,90.000,84.998,58,97.000,67.000
1202,18.949430,16.668618,12,1,0,3,0.000,1,6681.173,707.668,6.000,6770.000,700.000,90.000,84.998,58,97.000,67.000
1203,17.206429,16.669058,12,1,0,3,0.000,1,6681.173,707.668,6.000,6770.000,700.000,90.000,84.998,58,97.000,67.000
1204,18.273784,16.668477,12,1,0,3,0.000,1,6681.173,707.668,6.000,6770.000,700.000,90.000,84.998,58,97.000,67.000
1205,11.850708,16.667478,12,1,0,3,0.000,1,6681.173,707.668,6.000,6770.000,700.000,90.000,84.998,58,97.000,67.000
1206,17.520547,16.667387,12,1,0,3,0.000,1,6681.173,707.668,6.000,6770.000,700.000,90.000,84.998,58,97.000,67.000
1207,17.750662,16.667497,12,1,0,3,0.000,1,6681.173,707.668,6.000,6770.000,700.000,90.000,84.998,58,97.000,67.000
1208,16.602016,16.668768,12,1,0,3,0.000,1,6681.173,707.668,6.000,6770.000,700.000,90.000,84.998,58,97.000,67.000
1209,17.070237,16.667798,12,1,0,3,0.000,1,6681.173,707.668,6.000,6770.000,700.000,90.000,84.998,58,97.000,67.000
1210,16.971954,16.668667,12,1,0,3,0.000,1,6681.173,707.668,6.000,6770.000,700.000,90.000,81.998,58,97.000,67.000
1211,17.533637,16.668308,12,1,0,3,0.000,1,6681.173,707.668,6.000,6770.000,700.000,90.000,81.998,58,93.999,63.999
1212,15.633085,16.668778,12,1,0,3,0.000,1,6681.173,707.668,6.000,6770.000,700.000,90.000,81.998,58,93.999,63.999
1213,17.216159,16.668307,12,1,0,3,0.000,1,6681.173,707.668,6.000,6770.000,700.000,90.000,81.998,58,93.999,63.999
1214,16.138356,16.668108,12,1,0,3,0.000,1,6681.173,707.668,6.000,6770.000,700.000,90.000,81.998,58,93.999,63.999
1215,16.846721,16.668167,12,1,0,3,0.000,1,6681.173,707.668,6.000,6770.000,700.000,90.000,81.998,58,93.999,63.999
1216,18.694564,16.668347,12,1,0,3,0.000,1,6681.173,707.668,6.000,6770.000,700.000,90.000,81.998,58,93.999,63.999
1217,12.161816,16.667228,12,1,0,3,0.000,1,6681.173,707.668,6.000,6770.000,700.000,90.000,81.998,58,93.999,63.999
1218,17.463355,16.667798,12,1,0,3,0.000,1,6681.173,707.668,6.000,6770.000,700.000,90.000,81.998,58,93.999,63.999
1219,18.806886,16.668627,12,1,0,3,0.000,1,6681.173,707.668,6.000,6770.000,700.000,90.000,81.998,58,93.999,63.999
1220,15.686685,16.667458,12,1,0,3,0.000,1,6681.173,707.668,6.000,6770.000,700.000,90.000,81.998,58,93.999,63.999
1221,19.415340,16.667588,12,1,0,3,0.000,1,6681.173,707.668,6.000,6770.000,700.000,90.000,81.998,58,93.999,63.999
1222,11.762806,16.667607,12,1,0,3,0.000,1,6681.173,707.668,6.000,6770.000,700.000,90.000,81.998,58,93.999,63.999
1223,17.338023,16.942253,12,1,0,3,0.000,1,6681.173,707.668,6.000,6770.000,700.000,90.000,81.998,58,93.999,63.999
1224,17.931556,16.668478,12,1,0,3,0.000,1,6681.173,707.668,6.000,6770.000,700.000,90.000,81.998,58,93.999,63.999
1225,18.742955,16.668738,12,1,0,3,0.000,1,6681.173,707.668,6.000,6770.000,700.000,90.000,78.995,58,93.999,63.999
1226,16.312709,16.667507,12,1,0,3,0.000,1,6681.173,707.668,6.000,6770.000,700.000,90.000,78.995,58,90.996,60.996
1227,16.383362,16.668238,12,1,0,3,0.000,1,6681.173,707.668,6.000,6770.000,700.000,90.000,78.995,58,90.996,60.996
1228,18.716113,16.668087,12,1,0,3,0.000,1,6681.173,707.668,6.000,6770.000,700.000,90.000,78.995,58,90.996,60.996
1229,11.509101,16.667578,12,1,0,3,0.000,1,6681.173,707.668,6.000,6770.000,700.000,90.000,78.995,58,90.996,60.996
1230,18.401317,16.668658,12,1,0,3,0.000,1,6681.173,707.668,6.000,6770.000,700.000,90.000,78.995,58,90.996,60.996
1231,18.310815,16.667206,12,1,0,3,0.000,1,6681.173,707.668,6.000,6770.000,700.000,90.000,78.995,58,90.996,60.996
1232,16.842451,16.668798,12,1,0,3,0.000,1,6681.173,707.668,6.000,6770.000,700.000,90.000,78.995,58,90.996,60.996
1233,17.722101,16.668648,12,1,0,3,0.000,1,6681.173,707.668,6.000,6770.000,700.000,90.000,78.995,58,90.996,60.996
1234,16.458124,16.667817,12,1,0,3,0.000,1,6681.173,707.668,6.000,6770.000,700.000,90.000,78.995,58,90.996,60.996
1235,16.744398,16.668638,12,1,0,3,0.000,1,6681.173,707.668,6.000,6770.000,700.000,90.000,78.995,58,90.996,60.996
1236,16.114516,16.667478,12,1,0,3,0.000,1,6681.173,707.668,6.000,6770.000,700.000,90.000,78.995,58,90.996,60.996
1237,17.195800,16.668677,12,1,0,3,0.000,1,6681.173,707.668,6.000,6770.000,700.000,90.000,78.995,58,90.996,60.996
1238,12.192355,16.668138,12,1,0,3,0.000,1,6681.173,707.668,6.000,6770.000,700.000,90.000,78.995,58,90.996,60.996
1239,18.596291,16.667057,12,1,0,3,0.000,1,6681.173,707.668,6.000,6770.000,700.000,90.000,78.995,58,90.996,60.996
1240,19.865890,16.668377,12,1,0,3,0.000,1,6681.173,707.668,6.000,6770.000,700.000,90.000,75.994,58,90.996,60.996
1241,11.981942,16.667318,12,1,0,3,0.000,1,6681.173,707.668,6.000,6770.000,700.000,90.000,75.994,58,87.996,57.996
1242,17.460946,16.667288,12,1,0,3,0.000,1,6681.173,707.668,6.000,6770.000,700.000,90.000,75.994,58,87.996,57.996
1243,22.837057,16.668767,12,1,0,3,0.000,1,6681.173,707.668,6.000,6770.000,700.000,90.000,75.994,58,87.996,57.996
1244,9.056435,16.668938,12,1,0,3,0.000,1,6681.173,707.668,6.000,6770.000,700.000,90.000,75.994,58,87.996,57.996
1245,19.039041,16.668348,12,1,0,3,0.000,1,6681.173,707.668,6.000,6770.000,700.000,90.000,75.994,58,87.996,57.996
1246,19.900881,16.668257,12,1,0,3,0.000,1,6681.173,707.668,6.000,6770.000,700.000,90.000,75.994,58,87.996,57.996
1247,11.377238,16.668617,12,1,0,3,0.000,1,6681.173,707.668,6.000,6770.000,700.000,90.000,75.994,58,87.996,57.996
1248,19.295706,16.668478,12,1,0,3,0.000,1,6681.173,707.668,6.000,6770.000,700.000,90.000,75.994,58,87.996,57.996
1249,17.386095,16.668247,12,1,0,3,0.000,1,6681.173,707.668,6.000,6770.000,700.000,90.000,75.994,58,87.996,57.996
1250,15.912930,16.667148,12,1,0,3,0.000,1,6681.173,707.668,6.000,6770.000,700.000,90.000,75.994,58,87.996,57.996
1251,19.789828,16.667758,12,1,0,3,0.000,1,6681.173,707.668,6.000,6770.000,700.000,90.000,75.994,58,87.996,57.996
1252,12.303739,16.667707,12,1,0,3,0.000,1,6681.173,707.668,6.000,6770.000,700.000,90.000,75.994,58,87.996,57.996
1253,15.470010,16.668868,12,1,0,3,0.000,1,6681.173,707.668,6.000,6770.000,700.000,90.000,75.994,58,87.996,57.996
1254,21.374444,16.668938,12,1,0,3,0.000,1,6681.173,707.668,6.000,6770.000,700.000,90.000,75.994,58,87.996,57.996
1255,11.986091,16.667127,12,1,0,3,0.000,1,6681.173,707.668,6.000,6770.000,700.000,90.000,72.994,58,87.996,57.996
1256,18.353127,16.668167,12,1,0,3,0.000,1,6681.173,707.668,6.000,6770.000,700.000,90.000,72.994,58,84.995,54.995
1257,17.563617,16.668628,12,1,0,3,0.000,1,6681.173,707.668,6.000,6770.000,700.000,90.000,72.994,58,84.995,54.995
1258,18.573131,16.668387,12,1,0,3,0.000,1,6681.173,707.668,6.000,6770.000,700.000,90.000,72.994,58,84.995,54.995
1259,11.827008,16.668768,12,1,0,3,0.000,1,6681.173,707.668,6.000,6770.000,700.000,90.000,72.994,58,84.995,54.995
1260,17.639599,16.668348,12,1,0,3,0.000,1,6681.173,707.668,6.000,6770.000,700.000,90.000,72.994,58,84.995,54.995
1261,18.516150,16.668537,12,1,0,3,0.000,1,6681.173,707.668,6.000,6770.000,700.000,90.000,72.994,58,84.995,54.995
1262,18.522079,16.668608,12,1,0,3,0.000,1,6681.173,707.668,6.000,6770.000,700.000,90.000,72.994,58,84.995,54.995
1263,12.004992,16.667598,12,1,0,3,0.000,1,6681.173,707.668,6.000,6770.000,700.000,90.000,72.994,58,84.995,54.995
1264,18.650333,16.667176,12,1,0,3,0.000,1,6681.173,707.668,6.000,6770.000,700.000,90.000,72.994,58,84.995,54.995
1265,18.725944,16.668688,12,1,0,3,0.000,1,6681.173,707.668,6.000,6770.000,700.000,90.000,72.994,58,84.995,54.995
1266,16.762349,16.668288,12,1,0,3,0.000,1,6681.173,707.668,6.000,6770.000,700.000,90.000,72.994,58,84.995,54.995
1267,12.238178,16.667767,12,1,0,3,0.000,1,6681.173,707.668,6.000,6770.000,700.000,90.000,72.994,58,84.995,54.995
1268,16.920473,16.667538,12,1,0,3,0.000,1,6681.173,707.668,6.000,6770.000,700.000,90.000,72.994,58,84.995,54.995
1269,21.443956,16.668078,12,1,0,3,0.000,1,6681.173,707.668,6.000,6770.000,700.000,90.000,72.994,58,84.995,54.995
1270,12.284247,16.668577,12,1,0,3,0.000,1,6681.173,707.668,6.000,6770.000,700.000,90.000,69.994,58,84.995,54.995
1271,18.975720,16.668917,28,1,0,3,0.000,1,6681.173,707.668,6.000,6770.000,700.000,90.000,69.994,58,81.995,51.995
1272,170.788909,16.667758,28,1,0,3,0.000,1,6681.173,707.668,6.000,6770.000,700.000,90.000,69.994,58,81.995,51.995
1273,7.104021,160.631388,28,1,0,3,0.000,1,6681.173,707.668,6.000,6770.000,700.000,90.000,69.994,58,81.995,51.995
1274,15.447160,16.667178,28,1,0,3,0.000,1,6681.173,707.668,6.000,6770.000,700.000,90.000,69.994,58,81.995,51.995
1275,17.040996,16.667357,28,1,0,3,0.000,1,6681.173,707.668,6.000,6770.000,700.000,90.000,69.994,58,81.995,51.995
1276,13.353612,16.667367,28,1,0,3,0.000,1,6681.173,707.668,6.000,6770.000,700.000,90.000,69.994,58,81.995,51.995
1277,18.199572,16.666998,28,1,0,3,0.000,1,6681.173,707.668,6.000,6770.000,700.000,90.000,66.866,58,81.995,51.995
1278,19.504812,16.667197,28,1,0,3,0.000,1,6681.173,707.668,6.000,6770.000,700.000,90.000,66.866,58,78.868,48.868
1279,16.247568,16.667138,28,1,0,3,0.000,1,6681.173,707.668,6.000,6770.000,700.000,90.000,66.866,58,78.868,48.868
1280,17.240520,16.667218,28,1,0,3,0.000,1,6681.173,707.668,6.000,6770.000,700.000,90.000,66.866,58,78.868,48.868
1281,13.054186,16.667397,28,1,0,3,0.000,1,6681.173,707.668,6.000,6770.000,700.000,90.000,66.866,58,78.868,48.868
1282,18.044648,16.667607,28,1,0,3,0.000,1,6681.173,707.668,6.000,6770.000,700.000,90.000,66.866,58,78.868,48.868
1283,17.216490,16.667928,28,1,0,3,0.000,1,6681.173,707.668,6.000,6770.000,700.000,90.000,66.866,58,78.868,48.868
1284,18.785896,16.667237,28,1,0,3,0.000,1,6681.173,707.668,6.000,6770.000,700.000,90.000,66.866,58,78.868,48.868
1285,12.425732,16.668388,28,1,0,3,0.000,1,6681.173,707.668,6.000,6770.000,700.000,90.000,66.866,58,78.868,48.868
1286,17.571297,16.667988,28,1,0,3,0.000,1,6681.173,707.668,6.000,6770.000,700.000,90.000,66.866,58,78.868,48.868
1287,19.015161,16.667477,28,1,0,3,0.000,1,6681.173,707.668,6.000,6770.000,700.000,90.000,66.866,58,78.868,48.868
1288,17.547488,16.668507,28,1,0,3,0.000,1,6681.173,707.668,6.000,6770.000,700.000,90.000,66.866,58,78.868,48.868
1289,12.429651,16.668278,28,1,0,3,0.000,1,6681.173,707.668,6.000,6770.000,700.000,90.000,66.866,58,78.868,48.868
1290,18.996280,16.668127,28,1,0,3,0.000,1,6681.173,707.668,6.000,6770.000,700.000,90.000,66.866,58,78.868,48.868
1291,18.984790,16.667558,28,1,0,3,0.000,1,6681.173,707.668,6.000,6770.000,700.000,90.000,66.866,58,78.868,48.868
1292,14.786735,16.667728,28,1,0,3,0.000,1,6681.173,707.668,6.000,6770.000,700.000,90.000,63.866,58,78.868,48.868
1293,17.603619,16.668667,13,1,0,3,0.000,1,6681.173,707.668,6.000,6770.000,700.000,90.000,63.866,58,75.867,45.867
1294,16.618166,16.668798,13,1,0,3,0.000,1,6681.173,707.668,6.000,6140.000,390.000,90.000,63.866,58,75.867,45.867
1295,18.260204,16.668087,13,1,0,3,0.000,1,6681.173,707.668,6.000,6140.000,390.000,90.000,63.866,58,75.867,45.867
1296,16.212698,16.668377,13,1,0,3,0.000,1,6681.173,707.668,6.000,6140.000,390.000,90.000,63.866,58,75.867,45.867
1297,16.153575,16.668568,13,1,0,3,0.000,1,6681.173,707.668,6.000,6140.000,390.000,90.000,63.866,58,75.867,45.867
1298,15.210475,16.667928,13,1,0,3,0.000,1,6681.173,707.668,6.000,6140.000,390.000,90.000,63.866,58,75.867,45.867
1299,16.640737,16.667377,13,1,0,3,0.000,1,6681.173,707.668,6.000,6140.000,390.000,90.000,63.866,58,75.867,45.867
1300,16.419861,16.668288,13,1,0,3,0.000,1,6681.173,707.668,6.000,6140.000,390.000,90.000,63.866,58,75.867,45.867
1301,16.419792,16.667157,13,1,0,3,0.000,1,6681.173,707.668,6.000,6140.000,390.000,90.000,63.866,58,75.867,45.867
1302,19.193905,16.668857,13,1,0,3,0.000,1,6681.173,707.668,6.000,6140.000,390.000,90.000,63.866,58,75.867,45.867
1303,12.141835,16.668398,13,1,0,3,0.000,1,6681.173,707.668,6.000,6140.000,390.000,90.000,63.866,58,75.867,45.867
1304,18.570360,16.668408,13,1,0,3,0.000,1,6681.173,707.668,6.000,6140.000,390.000,90.000,63.866,58,75.867,45.867
1305,17.103057,16.667917,13,1,0,3,0.000,1,6681.173,707.668,6.000,6140.000,390.000,90.000,63.866,58,75.867,45.867
1306,17.138250,16.668208,13,1,0,3,0.000,1,6681.173,707.668,6.000,6140.000,390.000,90.000,63.866,58,75.867,45.867
1307,16.276518,16.668668,13,1,0,3,0.000,1,6681.173,707.668,6.000,6140.000,390.000,90.000,63.866,58,75.867,45.867
1308,19.207525,16.667656,13,1,0,3,0.000,1,6681.173,707.668,6.000,6140.000,390.000,90.000,63.866,58,72.867,42.867
1309,11.853338,16.667398,13,1,0,3,0.000,1,6681.173,707.668,6.000,6140.000,390.000,90.000,63.866,58,72.867,42.867
1310,16.817131,16.667168,13,1,0,3,0.000,1,6681.173,707.668,6.000,6140.000,390.000,90.000,63.866,58,72.867,42.867
1311,21.001066,16.667487,13,1,0,3,0.000,1,6681.173,707.668,6.000,6140.000,390.000,90.000,63.866,58,72.867,42.867
1312,11.789816,16.668378,13,1,0,3,0.000,1,6681.173,707.668,6.000,6140.000,390.000,90.000,63.866,58,72.867,42.867
1313,18.049339,16.667228,13,1,0,3,0.000,1,6681.173,707.668,6.000,6140.000,390.000,90.000,63.866,58,72.867,42.867
1314,19.986333,16.667996,13,1,0,3,0.000,1,6681.173,707.668,6.000,6140.000,390.000,90.000,63.866,58,72.867,42.867
1315,15.247946,16.668698,13,1,0,3,0.000,1,6681.173,707.668,6.000,6140.000,390.000,90.000,63.866,58,72.867,42.867
1316,16.063913,16.667268,13,1,0,3,0.000,1,6681.173,707.668,6.000,6140.000,390.000,90.000,63.866,58,72.867,42.867
1317,19.288127,16.667587,13,1,0,3,0.000,1,6681.173,707.668,6.000,6140.000,390.000,90.000,63.866,58,72.867,42.867
1318,11.686035,16.667488,13,1,0,3,0.000,1,6681.173,707.668,6.000,6140.000,390.000,90.000,63.866,58,72.867,42.867
1319,18.986640,16.668448,13,1,0,3,0.000,1,6681.173,707.668,6.000,6140.000,390.000,90.000,63.866,58,72.867,42.867
1320,18.405607,16.668896,13,1,0,3,0.000,1,6681.173,707.668,6.000,6140.000,390.000,90.000,63.866,58,72.867,42.867
1321,16.673667,16.668408,13,1,0,3,0.000,1,6681.173,707.668,6.000,6140.000,390.000,90.000,63.866,58,72.867,42.867
1322,12.487493,16.667438,13,1,0,3,0.000,1,6681.173,707.668,6.000,6140.000,390.000,90.000,63.866,58,72.867,42.867
1323,18.647742,16.668107,14,1,0,3,0.000,1,6681.173,707.668,6.000,6140.000,390.000,90.000,63.866,58,69.867,39.867
1324,17.856595,16.668058,14,0,0,4,0.000,1,6681.173,707.668,6.000,6140.000,390.000,90.000,63.866,58,69.867,39.867
1325,18.092970,16.667328,14,0,0,4,0.000,1,6681.173,707.668,6.000,6140.000,390.000,90.000,63.866,58,69.867,39.867
1326,15.616663,16.668686,14,0,0,4,0.000,1,6681.173,707.668,6.000,6140.000,390.000,90.000,63.866,58,69.867,39.867
1327,16.812861,16.668498,14,0,0,4,0.000,1,6681.173,707.668,6.000,6140.000,390.000,90.000,63.866,58,69.867,39.867
1328,17.245160,16.668008,14,0,0,4,0.000,1,6681.173,707.668,6.000,6140.000,390.000,90.000,63.866,58,69.867,39.867
1329,16.383592,16.667267,15,0,0,4,0.000,1,6681.173,707.668,6.000,6140.000,390.000,90.000,63.866,58,69.867,39.867
1330,16.306899,16.668698,15,0,0,4,0.000,1,6681.173,707.668,6.000,6770.000,700.000,90.000,63.866,58,69.867,39.867
1331,18.329655,16.668437,15,0,0,4,0.000,1,6681.173,707.668,6.000,6770.000,700.000,90.000,63.866,58,69.867,39.867
1332,14.903617,16.668337,15,0,0,4,0.000,1,6681.173,707.668,6.000,6770.000,700.000,90.000,63.866,58,69.867,39.867
1333,18.267745,16.667528,15,0,0,4,0.000,1,6681.173,707.668,6.000,6770.000,700.000,90.000,63.866,58,69.867,39.867
1334,16.614615,16.667368,15,0,0,4,0.000,1,6681.173,707.668,6.000,6770.000,700.000,90.000,63.866,58,69.867,39.867
1335,12.258639,16.667767,15,0,0,4,0.000,1,6681.173,707.668,6.000,6770.000,700.000,90.000,63.866,58,69.867,39.867
1336,17.745271,16.668928,15,0,0,4,0.000,1,6681.173,707.668,6.000,6770.000,700.000,90.000,63.866,58,69.867,39.867
1337,17.072126,16.667227,15,0,0,4,0.000,1,6681.173,707.668,6.000,6770.000,700.000,90.000,63.866,58,69.867,39.867
1338,16.973605,16.668247,15,0,0,4,0.000,1,6681.173,707.668,6.000,6770.000,700.000,90.000,63.866,58,69.867,39.867
1339,18.884728,16.667918,15,0,0,4,0.000,1,6681.173,707.668,6.000,6770.000,700.000,90.000,63.866,58,69.867,39.867
1340,12.430522,16.668968,15,0,0,4,0.000,1,6681.173,707.668,6.000,6770.000,700.000,90.000,63.866,58,69.867,39.867
1341,20.480803,16.667237,15,0,0,4,0.000,1,6681.173,707.668,6.000,6770.000,700.000,90.000,63.866,58,69.867,39.867
1342,15.997812,16.668538,15,0,0,4,0.000,1,6681.173,707.668,6.000,6770.000,700.000,90.000,63.866,58,69.867,39.867
1343,16.059374,16.668457,15,0,0,4,0.000,1,6681.173,707.668,6.000,6770.000,700.000,90.000,63.866,58,69.867,39.867
1344,17.313782,16.667407,15,0,0,4,0.000,1,6681.173,707.668,6.000,6770.000,700.000,90.000,63.866,58,69.867,39.867
1345,16.493874,16.667568,15,0,0,4,0.000,1,6681.173,707.668,6.000,6770.000,700.000,90.000,63.866,58,69.867,39.867
1346,16.627407,16.667668,15,0,0,4,0.000,1,6681.173,707.668,6.000,6770.000,700.000,90.000,63.866,58,69.867,39.867
1347,16.777079,16.667147,15,0,0,4,0.000,1,6681.173,707.668,6.000,6770.000,700.000,90.000,63.866,58,69.867,39.867
1348,16.449923,16.667798,15,0,0,4,0.000,1,6681.173,707.668,6.000,6770.000,700.000,90.000,63.866,58,69.867,39.867
1349,16.859742,16.668976,15,0,0,4,0.000,1,6681.173,707.668,6.000,6770.000,700.000,90.000,63.866,58,69.867,39.867
1350,17.056026,16.667328,15,0,0,4,0.000,1,6681.173,707.668,6.000,6770.000,700.000,90.000,63.866,58,69.867,39.867
1351,16.801110,16.668888,15,0,0,4,0.000,1,6681.173,707.668,6.000,6770.000,700.000,90.000,63.866,58,69.867,39.867
1352,17.425715,16.667607,15,0,0,4,0.000,1,6681.173,707.668,6.000,6770.000,700.000,90.000,63.866,58,69.867,39.867
1353,17.213760,16.668468,15,0,0,4,0.000,1,6681.173,707.668,6.000,6770.000,700.000,90.000,63.866,58,69.867,39.867
1354,12.575095,16.667087,15,0,0,4,0.000,1,6681.173,707.668,6.000,6770.000,700.000,90.000,63.866,58,69.867,39.867
1355,16.625976,16.668067,15,0,0,4,0.000,1,6681.173,707.668,6.000,6770.000,700.000,90.000,63.866,58,69.867,39.867
1356,17.860055,16.668868,15,0,0,4,0.000,1,6681.173,707.668,6.000,6770.000,700.000,90.000,63.866,58,69.867,39.867
1357,18.150581,16.667268,15,0,0,4,0.000,1,6681.173,707.668,6.000,6770.000,700.000,90.000,63.866,58,69.867,39.867
1358,16.541165,16.668027,15,0,0,4,0.000,1,6681.173,707.668,6.000,6770.000,700.000,90.000,63.866,58,69.867,39.867
1359,16.351430,16.668448,15,0,0,4,0.000,1,6681.173,707.668,6.000,6770.000,700.000,90.000,63.866,58,69.867,39.867
1360,16.837751,16.667477,15,0,0,4,0.000,1,6681.173,707.668,6.000,6770.000,700.000,90.000,63.866,58,69.867,39.867
1361,17.887795,16.667807,15,0,0,4,0.000,1,6681.173,707.668,6.000,6770.000,700.000,90.000,63.866,58,69.867,39.867
1362,15.984712,16.669278,15,0,0,4,0.000,1,6681.173,707.668,6.000,6770.000,700.000,90.000,63.866,58,69.867,39.867
1363,16.520444,16.667888,15,0,0,4,0.000,1,6681.173,707.668,6.000,6770.000,700.000,90.000,63.866,58,69.867,39.867
1364,17.299733,16.668897,15,0,0,4,0.000,1,6681.173,707.668,6.000,6770.000,700.000,90.000,63.866,58,69.867,39.867
1365,16.718567,16.667258,15,0,0,4,0.000,1,6681.173,707.668,6.000,6770.000,700.000,90.000,63.866,58,69.867,39.867
1366,14.186353,16.667297,15,0,0,4,0.000,1,6681.173,707.668,6.000,6770.000,700.000,90.000,63.866,58,69.867,39.867
1367,18.144210,16.667607,15,0,0,4,0.000,1,6681.173,707.668,6.000,6770.000,700.000,90.000,63.866,58,69.867,39.867
1368,20.132446,16.667348,15,0,0,4,0.000,1,6681.173,707.668,6.000,6770.000,700.000,90.000,63.866,58,69.867,39.867
1369,11.597462,17.265161,15,0,0,4,0.000,1,6681.173,707.668,6.000,6770.000,700.000,90.000,63.866,58,69.867,39.867
1370,15.631575,16.668138,15,0,0,4,0.000,1,6681.173,707.668,6.000,6770.000,700.000,90.000,63.866,58,69.867,39.867
1371,16.410621,16.668817,15,0,0,4,0.000,1,6681.173,707.668,6.000,6770.000,700.000,90.000,63.866,58,69.867,39.867
1372,20.449754,16.667207,15,0,0,4,0.000,1,6681.173,707.668,6.000,6770.000,700.000,90.000,63.866,58,69.867,39.867
1373,12.629455,16.668268,15,0,0,4,0.000,1,6681.173,707.668,6.000,6770.000,700.000,90.000,63.866,58,69.867,39.867
1374,19.106044,16.668978,15,0,0,4,0.000,1,6681.173,707.668,6.000,6770.000,700.000,90.000,63.866,58,69.867,39.867
1375,18.705292,16.667777,15,0,0,4,0.000,1,6681.173,707.668,6.000,6770.000,700.000,90.000,63.866,58,69.867,39.867
1376,15.633405,16.667777,15,0,0,4,0.000,1,6681.173,707.668,6.000,6770.000,700.000,90.000,63.866,58,69.867,39.867
1377,18.810906,16.667538,15,0,0,4,0.000,1,6681.173,707.668,6.000,6770.000,700.000,90.000,63.866,58,69.867,39.867
1378,11.095001,16.667657,15,0,0,4,0.000,1,6681.173,707.668,6.000,6770.000,700.000,90.000,63.866,58,69.867,39.867
1379,17.886155,16.668578,15,0,0,4,0.000,1,6681.173,707.668,6.000,6770.000,700.000,90.000,63.866,58,69.867,39.867
1380,20.942665,16.668768,15,0,0,4,0.000,1,6681.173,707.668,6.000,6770.000,700.000,90.000,63.866,58,69.867,39.867
1381,11.116191,16.667636,15,0,0,4,0.000,1,6681.173,707.668,6.000,6770.000,700.000,90.000,63.866,58,69.867,39.867
1382,18.653942,16.668098,15,0,0,4,0.000,1,6681.173,707.668,6.000,6770.000,700.000,90.000,63.866,58,69.867,39.867
1383,20.211789,16.667268,15,0,0,4,0.000,1,6681.173,707.668,6.000,6770.000,700.000,90.000,63.866,58,69.867,39.867
1384,11.306085,16.668037,15,0,0,4,0.000,1,6681.173,707.668,6.000,6770.000,700.000,90.000,63.866,58,69.867,39.867
1385,18.401297,16.668048,15,0,0,4,0.000,1,6681.173,707.668,6.000,6770.000,700.000,90.000,63.866,58,69.867,39.867
1386,18.661713,16.667697,15,0,0,4,0.000,1,6681.173,707.668,6.000,6770.000,700.000,90.000,63.866,58,69.867,39.867
1387,18.450657,16.667337,15,0,0,4,0.000,1,6681.173,707.668,6.000,6770.000,700.000,90.000,63.866,58,69.867,39.867
1388,11.052030,16.667188,15,0,0,4,0.000,1,6681.173,707.668,6.000,6770.000,700.000,90.000,63.866,58,69.867,39.867
1389,17.647920,16.668728,16,0,0,4,0.000,1,6681.173,707.668,6.000,6770.000,700.000,90.000,63.866,58,69.867,39.867
1390,16.313419,16.669057,16,0,0,4,0.000,1,6681.173,707.668,6.000,6770.000,700.000,90.000,63.866,58,69.867,39.867
1391,18.615842,16.667587,16,0,0,4,0.000,1,6681.173,707.668,6.000,6770.000,700.000,90.000,63.866,58,69.867,39.867
1392,18.931029,16.667718,16,0,0,4,0.000,1,6681.173,707.668,6.000,6770.000,700.000,90.000,63.866,58,69.867,39.867
1393,12.045453,16.668667,16,0,0,4,0.000,1,6681.173,707.668,6.000,6770.000,700.000,90.000,63.866,58,69.867,39.867
1394,19.189324,16.668768,16,0,0,4,0.000,1,6681.173,707.668,6.000,6770.000,700.000,90.000,63.866,58,69.867,39.867
1395,19.605525,16.668368,16,0,0,4,0.000,1,6681.173,707.668,6.000,6770.000,700.000,90.000,63.866,58,69.867,39.867
1396,11.204503,16.668047,16,0,0,4,0.000,1,6681.173,707.668,6.000,6770.000,700.000,90.000,63.866,58,69.867,39.867
1397,16.676208,16.668697,16,0,0,4,0.000,1,6681.173,707.668,6.000,6770.000,700.000,90.000,63.866,58,69.867,39.867
1398,19.484621,16.667908,16,0,0,4,0.000,1,6681.173,707.668,6.000,6770.000,700.000,90.000,63.866,58,69.867,39.867
1399,18.372476,16.667317,16,0,0,4,0.000,1,6681.173,707.668,6.000,6770.000,700.000,90.000,63.866,58,69.867,39.867
1400,12.223647,16.668138,16,0,0,4,0.000,1,6681.173,707.668,6.000,6770.000,700.000,90.000,63.866,58,69.867,39.867
1401,19.611474,16.667647,16,0,0,4,0.000,1,6681.173,707.668,6.000,6770.000,700.000,90.000,63.866,58,69.867,39.867
1402,18.795405,16.668907,16,0,0,4,0.000,1,6681.173,707.668,6.000,6770.000,700.000,90.000,63.866,58,69.867,39.867
1403,11.563613,16.667198,16,0,0,4,0.000,1,6681.173,707.668,6.000,6770.000,700.000,90.000,63.866,58,69.867,39.867
1404,19.516601,16.668507,16,0,0,4,0.000,1,6681.173,707.668,6.000,6770.000,700.000,90.000,63.866,58,69.867,39.867
1405,16.584926,16.667078,16,0,0,4,0.000,1,6681.173,707.668,6.000,6770.000,700.000,90.000,63.866,58,69.867,39.867
1406,18.857187,16.668947,16,0,0,4,0.000,1,6681.173,707.668,6.000,6770.000,700.000,90.000,63.866,58,69.867,39.867
1407,11.557122,16.668787,16,0,0,4,0.000,1,6681.173,707.668,6.000,6770.000,700.000,90.000,63.866,58,69.867,39.867
1408,19.541523,16.668448,16,0,0,4,0.000,1,6681.173,707.668,6.000,6770.000,700.000,90.000,63.866,58,69.867,39.867
1409,18.753234,16.668378,16,0,0,4,0.000,1,6681.173,707.668,6.000,6770.000,700.000,90.000,63.866,58,69.867,39.867
1410,11.881819,16.668047,16,0,0,4,0.000,1,6681.173,707.668,6.000,6770.000,700.000,90.000,63.866,58,69.867,39.867
1411,18.272944,16.667938,16,0,0,4,0.000,1,6681.173,707.668,6.000,6770.000,700.000,90.000,63.866,58,69.867,39.867
1412,18.193422,16.668607,16,0,0,4,0.000,1,6681.173,707.668,6.000,6770.000,700.000,90.000,63.866,58,69.867,39.867
1413,17.150798,16.668227,16,0,0,4,0.000,1,6681.173,707.668,6.000,6770.000,700.000,90.000,63.866,58,69.867,39.867
1414,17.163799,16.667458,16,0,0,4,0.000,1,6681.173,707.668,6.000,6770.000,700.000,90.000,63.866,58,69.867,39.867
1415,15.567023,16.668298,16,0,0,4,0.000,1,6681.173,707.668,6.000,6770.000,700.000,90.000,63.866,58,69.867,39.867
1416,17.391653,16.668647,16,0,0,4,0.000,1,6681.173,707.668,6.000,6770.000,700.000,90.000,63.866,58,69.867,39.867
1417,16.081674,16.668587,16,0,0,4,0.000,1,6681.173,707.668,6.000,6770.000,700.000,90.000,63.866,58,69.867,39.867
1418,14.960219,16.667188,16,0,0,4,0.000,1,6681.173,707.668,6.000,6770.000,700.000,90.000,63.866,58,69.867,39.867
1419,16.829922,16.667037,16,0,0,4,0.000,1,6681.173,707.668,6.000,6770.000,700.000,90.000,63.866,58,69.867,39.867
1420,18.531439,16.668938,16,0,0,4,0.000,1,6681.173,707.668,6.000,6770.000,700.000,90.000,63.866,58,69.867,39.867
1421,16.149615,16.667638,16,0,0,4,0.000,1,6681.173,707.668,6.000,6770.000,700.000,90.000,63.866,58,69.867,39.867
1422,19.307388,16.761929,16,0,0,4,0.000,1,6681.173,707.668,6.000,6770.000,700.000,90.000,63.866,58,69.867,39.867
1423,10.994319,16.668967,16,0,0,4,0.000,1,6681.173,707.668,6.000,6770.000,700.000,90.000,63.866,58,69.867,39.867
1424,16.903823,16.668288,16,0,0,4,0.000,1,6681.173,707.668,6.000,6770.000,700.000,90.000,63.866,58,69.867,39.867
1425,18.609651,16.668927,16,0,0,4,0.000,1,6681.173,707.668,6.000,6770.000,700.000,90.000,63.866,58,69.867,39.867
1426,17.936566,16.668588,16,0,0,4,0.000,1,6681.173,707.668,6.000,6770.000,700.000,90.000,63.866,58,69.867,39.867
1427,17.213320,16.668728,16,0,0,4,0.000,1,6681.173,707.668,6.000,6770.000,700.000,90.000,63.866,58,69.867,39.867
1428,17.096438,16.668476,16,0,0,4,0.000,1,6681.173,707.668,6.000,6770.000,700.000,90.000,63.866,58,69.867,39.867
1429,15.910889,16.667428,16,0,0,4,0.000,1,6681.173,707.668,6.000,6770.000,700.000,90.000,63.866,58,69.867,39.867
1430,17.131109,16.667658,16,0,0,4,0.000,1,6681.173,707.668,6.000,6770.000,700.000,90.000,63.866,58,69.867,39.867
1431,16.907562,16.667847,16,0,0,4,0.000,1,6681.173,707.668,6.000,6770.000,700.000,90.000,63.866,58,69.867,39.867
1432,16.603747,16.668337,16,0,0,4,0.000,1,6681.173,707.668,6.000,6770.000,700.000,90.000,63.866,58,69.867,39.867
1433,15.960471,16.668968,16,0,0,4,0.000,1,6681.173,707.668,6.000,6770.000,700.000,90.000,63.866,58,69.867,39.867
1434,18.125390,16.667957,16,0,0,4,0.000,1,6681.173,707.668,6.000,6770.000,700.000,90.000,63.866,58,69.867,39.867
1435,16.208147,16.667558,16,0,0,4,0.000,1,6681.173,707.668,6.000,6770.000,700.000,90.000,63.866,58,69.867,39.867
1436,16.368151,16.667938,16,0,0,4,0.000,1,6681.173,707.668,6.000,6770.000,700.000,90.000,63.866,58,69.867,39.867
1437,17.179369,16.667656,16,0,0,4,0.000,1,6681.173,707.668,6.000,6770.000,700.000,90.000,63.866,58,69.867,39.867
1438,15.044961,16.668828,16,0,0,4,0.000,1,6681.173,707.668,6.000,6770.000,700.000,90.000,63.866,58,69.867,39.867
1439,16.573475,16.667448,16,0,0,4,0.000,1,6681.173,707.668,6.000,6770.000,700.000,90.000,63.866,58,69.867,39.867
1440,16.516334,16.667767,16,0,0,4,0.000,1,6681.173,707.668,6.000,6770.000,700.000,90.000,63.866,58,69.867,39.867
1441,18.737575,16.668297,16,0,0,4,0.000,1,6681.173,707.668,6.000,6770.000,700.000,90.000,63.866,58,69.867,39.867
1442,11.714894,16.668458,16,0,0,4,0.000,1,6681.173,707.668,6.000,6770.000,700.000,90.000,63.866,58,69.867,39.867
1443,16.800901,16.667747,16,0,0,4,0.000,1,6681.173,707.668,6.000,6770.000,700.000,90.000,63.866,58,69.867,39.867
1444,17.491847,16.667898,16,0,0,4,0.000,1,6681.173,707.668,6.000,6770.000,700.000,90.000,63.866,58,69.867,39.867
1445,18.854857,16.668708,16,0,0,4,0.000,1,6681.173,707.668,6.000,6770.000,700.000,90.000,63.866,58,69.867,39.867
1446,18.570390,16.667336,16,0,0,4,0.000,1,6681.173,707.668,6.000,6770.000,700.000,90.000,63.866,58,69.867,39.867
1447,11.311975,16.667218,16,0,0,4,0.000,1,6681.173,707.668,6.000,6770.000,700.000,90.000,63.866,58,69.867,39.867
1448,19.273658,16.667198,16,0,0,4,0.000,1,6681.173,707.668,6.000,6770.000,700.000,90.000,63.866,58,69.867,39.867
1449,17.901565,16.667637,16,0,0,4,0.000,1,6681.173,707.668,6.000,6770.000,700.000,90.000,63.866,58,69.867,39.867
1450,17.977917,16.668517,16,0,0,4,0.000,1,6681.173,707.668,6.000,6770.000,700.000,90.000,63.866,58,69.867,39.867
1451,11.622853,16.668078,16,0,0,4,0.000,1,6681.173,707.668,6.000,6770.000,700.000,90.000,63.866,58,69.867,39.867
1452,19.625675,16.668647,16,0,0,4,0.000,1,6681.173,707.668,6.000,6770.000,700.000,90.000,63.866,58,69.867,39.867
1453,17.061176,16.667738,16,0,0,4,0.000,1,6681.173,707.668,6.000,6770.000,700.000,90.000,63.866,58,69.867,39.867
1454,16.353530,16.688228,16,0,0,4,0.000,1,6681.173,707.668,6.000,6770.000,700.000,90.000,63.866,58,69.867,39.867
1455,17.580488,16.667497,16,0,0,4,0.000,1,6681.173,707.668,6.000,6770.000,700.000,90.000,63.866,58,69.867,39.867
1456,16.043704,16.668197,16,0,0,4,0.000,1,6681.173,707.668,6.000,6770.000,700.000,90.000,63.866,58,69.867,39.867
1457,16.934823,16.671728,16,0,0,4,0.000,1,6681.173,707.668,6.000,6770.000,700.000,90.000,63.866,58,69.867,39.867
1458,16.205397,16.667847,16,0,0,4,0.000,1,6681.173,707.668,6.000,6770.000,700.000,90.000,63.866,58,69.867,39.867
1459,17.055376,16.667988,16,0,0,4,0.000,1,6681.173,707.668,6.000,6770.000,700.000,90.000,63.866,58,69.867,39.867
1460,16.295949,16.668508,16,0,0,4,0.000,1,6681.173,707.668,6.000,6770.000,700.000,90.000,63.866,58,69.867,39.867
1461,16.945984,16.667626,16,0,0,4,0.000,1,6681.173,707.668,6.000,6770.000,700.000,90.000,63.866,58,69.867,39.867
1462,16.184266,16.668288,16,0,0,4,0.000,1,6681.173,707.668,6.000,6770.000,700.000,90.000,63.866,58,69.867,39.867
1463,17.371524,16.667448,16,0,0,4,0.000,1,6681.173,707.668,6.000,6770.000,700.000,90.000,63.866,58,69.867,39.867
1464,16.300329,16.668537,16,0,0,4,0.000,1,6681.173,707.668,6.000,6770.000,700.000,90.000,63.866,58,69.867,39.867
1465,17.181869,16.667637,16,0,0,4,0.000,1,6681.173,707.668,6.000,6770.000,700.000,90.000,63.866,58,69.867,39.867
1466,18.350906,16.667708,16,0,0,4,0.000,1,6681.173,707.668,6.000,6770.000,700.000,90.000,63.866,58,69.867,39.867
1467,11.327206,16.668937,16,0,0,4,0.000,1,6681.173,707.668,6.000,6770.000,700.000,90.000,63.866,58,69.867,39.867
1468,19.514041,16.667718,16,0,0,4,0.000,1,6681.173,707.668,6.000,6770.000,700.000,90.000,63.866,58,69.867,39.867
1469,17.278332,16.668238,16,0,0,4,0.000,1,6681.173,707.668,6.000,6770.000,700.000,90.000,63.866,58,69.867,39.867
1470,16.533534,16.668016,16,0,0,4,0.000,1,6681.173,707.668,6.000,6770.000,700.000,90.000,63.866,58,69.867,39.867
1471,17.230310,16.668728,16,0,0,4,0.000,1,6681.173,707.668,6.000,6770.000,700.000,90.000,63.866,58,69.867,39.867
1472,15.846279,16.667288,16,0,0,4,0.000,1,6681.173,707.668,6.000,6770.000,700.000,90.000,63.866,58,69.867,39.867
1473,16.453943,16.668917,16,0,0,4,0.000,1,6681.173,707.668,6.000,6770.000,700.000,90.000,63.866,58,69.867,39.867
1474,16.955684,16.668567,16,0,0,4,0.000,1,6681.173,707.668,6.000,6770.000,700.000,90.000,63.866,58,69.867,39.867
1475,16.701038,16.668888,16,0,0,4,0.000,1,6681.173,707.668,6.000,6770.000,700.000,90.000,63.866,58,69.867,39.867
1476,18.704134,16.668327,16,0,0,4,0.000,1,6681.173,707.668,6.000,6770.000,700.000,90.000,63.866,58,69.867,39.867
1477,11.284865,16.667488,16,0,0,4,0.000,1,6681.173,707.668,6.000,6770.000,700.000,90.000,63.866,58,69.867,39.867
1478,19.893820,16.667258,16,0,0,4,0.000,1,6681.173,707.668,6.000,6770.000,700.000,90.000,63.866,58,69.867,39.867
1479,19.151594,16.667406,22,0,0,4,0.000,1,6681.173,707.668,6.000,6770.000,700.000,90.000,63.866,58,-1.000,-1.000
1480,11.872649,16.667648,22,0,0,4,0.000,1,6681.173,707.668,6.000,6140.000,390.000,90.000,63.866,58,-1.000,-1.000
1481,18.622652,16.667488,22,0,0,4,0.000,1,6681.173,707.668,6.000,6140.000,390.000,90.000,63.866,58,-1.000,-1.000
1482,18.225333,16.668217,22,0,0,4,0.000,1,6681.173,707.668,6.000,6140.000,390.000,90.000,63.866,58,-1.000,-1.000
1483,16.630207,16.667717,22,0,0,4,0.000,1,6681.173,707.668,6.000,6140.000,390.000,90.000,63.866,58,-1.000,-1.000
1484,18.409776,16.668598,22,0,0,4,0.000,1,6681.173,707.668,6.000,6140.000,390.000,90.000,63.866,58,-1.000,-1.000
1485,21.463287,16.697298,22,0,0,4,0.000,1,6681.173,707.668,6.000,6140.000,390.000,90.000,63.866,58,-1.000,-1.000
1486,6.233280,16.668767,22,0,0,4,0.000,1,6681.173,707.668,6.000,6140.000,390.000,90.000,63.866,58,-1.000,-1.000
1487,19.597924,16.668258,22,0,0,4,0.000,1,6681.173,707.668,6.000,6140.000,390.000,90.000,63.866,58,-1.000,-1.000
1488,13.632139,16.667397,22,0,0,4,0.000,1,6681.173,707.668,6.000,6140.000,390.000,90.000,63.866,58,-1.000,-1.000
1489,20.288099,16.668938,22,0,0,4,0.000,1,6681.173,707.668,6.000,6140.000,390.000,90.000,63.866,58,-1.000,-1.000
1490,13.092906,16.667868,22,0,0,4,0.000,1,6681.173,707.668,6.000,6140.000,390.000,90.000,63.866,58,-1.000,-1.000
1491,18.879258,16.668556,22,0,0,4,0.000,1,6681.173,707.668,6.000,6140.000,390.000,90.000,63.866,58,-1.000,-1.000
1492,19.434450,16.667418,22,0,0,4,0.000,1,6681.173,707.668,6.000,6140.000,390.000,90.000,63.866,58,-1.000,-1.000
1493,11.410618,16.668608,22,0,0,4,0.000,1,6681.173,707.668,6.000,6140.000,390.000,90.000,63.866,58,-1.000,-1.000
1494,18.899819,16.667067,22,0,0,4,0.000,1,6681.173,707.668,6.000,6140.000,390.000,90.000,63.866,58,-1.000,-1.000
1495,17.283561,16.668077,22,0,0,4,0.000,1,6681.173,707.668,6.000,6140.000,390.000,90.000,63.866,58,-1.000,-1.000
1496,14.421477,16.667328,22,0,0,4,0.000,1,6681.173,707.668,6.000,6140.000,390.000,90.000,63.866,58,-1.000,-1.000
1497,19.390078,16.668717,22,0,0,4,0.000,1,6681.173,707.668,6.000,6140.000,390.000,90.000,63.866,58,-1.000,-1.000
1498,18.213423,16.668118,22,0,0,4,0.000,1,6681.173,707.668,6.000,6140.000,390.000,90.000,63.866,58,-1.000,-1.000
1499,11.807617,16.667257,22,0,0,4,0.000,1,6681.173,707.668,6.000,6140.000,390.000,90.000,63.866,58,-1.000,-1.000
1500,19.340478,16.668637,22,0,0,4,0.000,1,6681.173,707.668,6.000,6140.000,390.000,90.000,63.866,58,-1.000,-1.000
1501,19.222636,16.668778,22,0,0,4,0.000,1,6681.173,707.668,6.000,6140.000,390.000,90.000,63.866,58,-1.000,-1.000
1502,11.312216,16.668058,22,0,0,4,0.000,1,6681.173,707.668,6.000,6140.000,390.000,90.000,63.866,58,-1.000,-1.000
1503,18.058228,16.668856,22,0,0,4,0.000,1,6681.173,707.668,6.000,6140.000,390.000,90.000,63.866,58,-1.000,-1.000
1504,19.957502,16.667578,22,0,0,4,0.000,1,6681.173,707.668,6.000,6140.000,390.000,90.000,63.866,58,-1.000,-1.000
1505,12.028273,16.667218,22,0,0,4,0.000,1,6681.173,707.668,6.000,6140.000,390.000,90.000,63.866,58,-1.000,-1.000
1506,16.851721,16.668207,22,0,0,4,0.000,1,6681.173,707.668,6.000,6140.000,390.000,90.000,63.866,58,-1.000,-1.000
1507,18.420537,16.667407,22,0,0,4,0.000,1,6681.173,707.668,6.000,6140.000,390.000,90.000,63.866,58,-1.000,-1.000
1508,18.564471,16.667507,22,0,0,4,0.000,1,6681.173,707.668,6.000,6140.000,390.000,90.000,63.866,58,-1.000,-1.000
1509,16.762009,16.668308,23,0,0,4,0.000,1,6681.173,707.668,6.000,6140.000,390.000,90.000,63.866,58,-1.000,-1.000
1510,15.702206,16.667728,23,1,0,5,0.000,1,6681.173,707.668,6.000,6140.000,390.000,90.000,63.866,58,-1.000,-1.000
1511,13.894044,16.667436,23,1,0,5,0.000,1,6681.173,707.668,6.000,6140.000,390.000,90.000,63.866,58,-1.000,-1.000
1512,16.746210,16.668118,23,1,0,5,0.000,1,6681.173,707.668,6.000,6140.000,390.000,90.000,63.866,58,-1.000,-1.000
1513,16.641256,16.667128,23,1,0,5,0.000,1,6681.173,707.668,6.000,6140.000,390.000,90.000,63.866,58,-1.000,-1.000
1514,16.526265,16.668537,23,1,0,5,0.000,1,6681.173,707.668,6.000,6140.000,390.000,90.000,63.866,58,-1.000,-1.000
1515,16.674817,16.668277,23,1,0,5,0.000,1,6681.173,707.668,6.000,6140.000,390.000,90.000,63.866,58,-1.000,-1.000
1516,16.757909,16.668458,23,1,0,5,0.000,1,6681.173,707.668,6.000,6140.000,390.000,90.000,63.866,58,-1.000,-1.000
1517,17.273322,16.668387,23,1,0,5,0.000,1,6681.173,707.668,6.000,6140.000,390.000,90.000,63.866,58,-1.000,-1.000
1518,18.520909,16.667918,23,1,0,5,0.000,1,6681.173,707.668,6.000,6140.000,390.000,90.000,63.866,58,-1.000,-1.000
1519,16.514194,16.668207,23,1,0,5,0.000,1,6681.173,707.668,6.000,6140.000,390.000,90.000,63.866,58,-1.000,-1.000
1520,20.344181,16.669107,23,1,0,5,0.000,1,6681.173,707.668,6.000,6140.000,390.000,90.000,63.866,58,-1.000,-1.000
1521,10.683712,16.668568,23,1,0,5,0.000,1,6681.173,707.668,6.000,6140.000,390.000,90.000,63.866,58,-1.000,-1.000
1522,19.740286,16.667608,23,1,0,5,0.000,1,6681.173,707.668,6.000,6140.000,390.000,90.000,63.866,58,-1.000,-1.000
1523,16.370381,16.667546,23,1,0,5,0.000,1,6681.173,707.668,6.000,6140.000,390.000,90.000,63.866,58,-1.000,-1.000
1524,16.432402,16.667428,23,1,0,5,0.000,1,6681.173,707.668,6.000,6140.000,390.000,90.000,63.866,58,-1.000,-1.000
1525,16.496384,16.667268,23,1,0,5,0.000,1,6681.173,707.668,6.000,6140.000,390.000,90.000,63.866,58,-1.000,-1.000
1526,16.522904,16.668247,23,1,0,5,0.000,1,6681.173,707.668,6.000,6140.000,390.000,90.000,63.866,58,-1.000,-1.000
1527,17.242630,16.667487,23,1,0,5,0.000,1,6681.173,707.668,6.000,6140.000,390.000,90.000,63.866,58,-1.000,-1.000
1528,13.855604,16.667308,23,1,0,5,0.000,1,6681.173,707.668,6.000,6140.000,390.000,90.000,63.866,58,-1.000,-1.000
1529,17.231461,16.667627,23,1,0,5,0.000,1,6681.173,707.668,6.000,6140.000,390.000,90.000,63.866,58,-1.000,-1.000
1530,18.087869,16.667867,23,1,0,5,0.000,1,6681.173,707.668,6.000,6140.000,390.000,90.000,63.866,58,-1.000,-1.000
1531,14.459227,16.668188,23,1,0,5,0.000,1,6681.173,707.668,6.000,6140.000,390.000,90.000,63.866,58,-1.000,-1.000
1532,16.910413,16.667307,23,1,0,5,0.000,1,6681.173,707.668,6.000,6140.000,390.000,90.000,63.866,58,-1.000,-1.000
1533,17.950177,16.668638,17,1,0,5,0.000,1,6681.173,707.668,6.000,6140.000,390.000,90.000,63.866,58,-1.000,-1.000
1534,18.883817,16.668737,17,1,0,5,0.000,1,6681.173,707.668,6.000,6140.000,390.000,90.000,63.866,58,-1.000,-1.000
1535,17.742672,16.667187,17,1,0,5,0.000,1,6681.173,707.668,6.000,6140.000,390.000,90.000,63.866,58,-1.000,-1.000
1536,16.929753,16.667478,17,1,0,5,0.000,1,6681.173,707.668,6.000,6140.000,390.000,90.000,63.866,58,-1.000,-1.000
1537,16.935613,16.667978,17,1,0,5,0.000,1,6681.173,707.668,6.000,6140.000,390.000,90.000,63.866,58,-1.000,-1.000
1538,15.168064,16.668506,17,1,0,5,0.000,1,6681.173,707.668,6.000,16500.000,700.000,90.000,63.866,58,-1.000,-1.000
1539,21.827324,16.667728,17,1,1,5,0.000,0,6681.173,707.668,6.000,16500.000,700.000,90.000,63.866,58,-1.000,-1.000
1540,10.339665,16.668578,17,1,1,5,0.000,0,6681.173,707.668,6.000,16500.000,700.000,90.000,63.866,58,-1.000,-1.000
1541,18.444247,16.666947,17,1,1,5,0.000,0,6681.173,707.668,6.000,16500.000,700.000,90.000,63.866,58,-1.000,-1.000
1542,17.060876,16.667457,17,1,1,5,0.000,0,6681.173,707.668,6.000,16500.000,700.000,90.000,63.866,58,-1.000,-1.000
1543,11.827518,16.668068,17,1,1,5,0.000,0,6681.173,707.668,6.000,16500.000,700.000,90.000,63.866,58,-1.000,-1.000
1544,19.387379,16.667907,17,1,1,5,0.000,0,6681.173,707.668,6.000,16500.000,700.000,90.000,63.866,58,-1.000,-1.000
1545,18.483059,16.668858,17,1,1,5,0.000,0,6681.173,707.668,6.000,16500.000,700.000,90.000,63.866,58,-1.000,-1.000
1546,16.064693,16.667507,17,1,1,5,0.000,0,6681.173,707.668,6.000,16500.000,700.000,90.000,63.866,58,-1.000,-1.000
1547,15.074362,16.668287,17,1,1,5,0.000,0,6681.173,707.668,6.000,16500.000,700.000,90.000,63.866,58,-1.000,-1.000
1548,18.235662,16.667588,17,1,1,5,0.000,0,6681.173,707.668,6.000,16500.000,700.000,90.000,63.866,58,-1.000,-1.000
1549,16.713659,16.668838,17,1,1,5,0.000,0,6681.173,707.668,6.000,16500.000,700.000,90.000,63.866,58,-1.000,-1.000
1550,14.034148,16.668766,17,1,1,5,0.000,0,6681.173,707.668,6.000,16500.000,700.000,90.000,63.866,58,-1.000,-1.000
1551,18.013878,16.667558,17,1,1,5,0.000,0,6681.173,707.668,6.000,16500.000,700.000,90.000,63.866,58,-1.000,-1.000
1552,17.784973,16.667098,17,1,1,5,0.000,0,6681.173,707.668,6.000,16500.000,700.000,90.000,63.866,58,-1.000,-1.000
1553,16.074734,16.668177,17,1,1,5,0.000,0,6681.173,707.668,6.000,16500.000,700.000,90.000,63.866,58,-1.000,-1.000
1554,14.609800,16.667397,17,1,1,5,0.000,0,6681.173,707.668,6.000,16500.000,700.000,90.000,63.866,58,-1.000,-1.000
1555,18.932568,16.667418,17,1,1,5,0.000,0,6681.173,707.668,6.000,16500.000,700.000,90.000,63.866,58,-1.000,-1.000
1556,12.768450,16.667697,17,1,1,5,0.000,0,6681.173,707.668,6.000,16500.000,700.000,90.000,63.866,58,-1.000,-1.000
1557,18.373865,16.667947,17,1,1,5,0.000,0,6681.173,707.668,6.000,16500.000,700.000,90.000,63.866,58,-1.000,-1.000
1558,16.407252,16.667088,17,1,1,5,0.000,0,6681.173,707.668,6.000,16500.000,700.000,90.000,63.866,58,-1.000,-1.000
1559,16.574355,16.668287,17,1,1,5,0.000,0,6681.173,707.668,6.000,16500.000,700.000,90.000,63.866,58,-1.000,-1.000
1560,17.370864,16.667938,17,1,1,5,0.000,0,6681.173,707.668,6.000,16500.000,700.000,90.000,63.866,58,-1.000,-1.000
1561,17.166929,16.668667,17,1,1,5,0.000,0,6681.173,707.668,6.000,16500.000,700.000,90.000,63.866,58,-1.000,-1.000
1562,16.332809,16.668357,17,1,1,5,0.000,0,6681.173,707.668,6.000,16500.000,700.000,90.000,63.866,58,-1.000,-1.000
1563,16.616397,16.667618,17,1,1,5,0.000,0,6681.173,707.668,6.000,16500.000,700.000,90.000,63.866,58,-1.000,-1.000
1564,16.350290,16.668518,17,1,1,5,0.000,0,6681.173,707.668,6.000,16500.000,700.000,90.000,63.866,58,-1.000,-1.000
1565,16.932793,16.667296,17,1,1,5,0.000,0,6681.173,707.668,6.000,16500.000,700.000,90.000,63.866,58,-1.000,-1.000
1566,16.529975,16.668398,17,1,1,5,0.000,0,6681.173,707.668,6.000,16500.000,700.000,90.000,63.866,58,-1.000,-1.000
1567,16.036243,16.668298,17,1,1,5,0.000,0,6681.173,707.668,6.000,16500.000,700.000,90.000,63.866,58,-1.000,-1.000
1568,16.132665,16.668446,17,1,1,5,0.000,0,6681.173,707.668,6.000,16500.000,700.000,90.000,63.866,58,-1.000,-1.000
1569,17.104967,16.695639,17,1,1,5,0.000,0,6681.173,707.668,6.000,16500.000,700.000,90.000,63.866,58,-1.000,-1.000
1570,17.288431,16.667757,17,1,1,5,0.000,0,6681.173,707.668,6.000,16500.000,700.000,90.000,63.866,58,-1.000,-1.000
1571,16.390042,16.668287,17,1,1,5,0.000,0,6681.173,707.668,6.000,16500.000,700.000,90.000,63.866,58,-1.000,-1.000
1572,16.865572,16.667558,17,1,1,5,0.000,0,6681.173,707.668,6.000,16500.000,700.000,90.000,63.866,58,-1.000,-1.000
1573,15.656264,16.668338,17,1,1,5,0.000,0,6681.173,707.668,6.000,16500.000,700.000,90.000,63.866,58,-1.000,-1.000
1574,16.204026,16.668476,17,1,1,5,0.000,0,6681.173,707.668,6.000,16500.000,700.000,90.000,63.866,58,-1.000,-1.000
1575,16.769830,16.668038,17,1,1,5,0.000,0,6681.173,707.668,6.000,16500.000,700.000,90.000,63.866,58,-1.000,-1.000
1576,17.097317,16.851142,17,1,1,5,0.000,0,6681.173,707.668,6.000,16500.000,700.000,90.000,63.866,58,-1.000,-1.000
1577,16.956514,16.668007,17,1,1,5,0.000,0,6681.173,707.668,6.000,16500.000,700.000,90.000,63.866,58,-1.000,-1.000
1578,19.095313,16.667087,17,1,1,5,0.000,0,6681.173,707.668,6.000,16500.000,700.000,90.000,63.866,58,-1.000,-1.000
1579,16.958904,16.668058,17,1,1,5,0.000,0,6681.173,707.668,6.000,16500.000,700.000,90.000,63.866,58,-1.000,-1.000
1580,15.515861,16.668877,17,1,1,5,0.000,0,6681.173,707.668,6.000,16500.000,700.000,90.000,63.866,58,-1.000,-1.000
1581,18.558760,16.668497,17,1,1,5,0.000,0,6681.173,707.668,6.000,16500.000,700.000,90.000,63.866,58,-1.000,-1.000
1582,12.357491,16.667388,17,1,1,5,0.000,0,6681.173,707.668,6.000,16500.000,700.000,90.000,63.866,58,-1.000,-1.000
1583,16.807389,16.667737,17,1,1,5,0.000,0,6681.173,707.668,6.000,16500.000,700.000,90.000,63.866,58,-1.000,-1.000
1584,19.211366,16.668458,17,1,1,5,0.000,0,6681.173,707.668,6.000,16500.000,700.000,90.000,63.866,58,-1.000,-1.000
1585,17.548757,16.668657,17,1,1,5,0.000,0,6681.173,707.668,6.000,16500.000,700.000,90.000,63.866,58,-1.000,-1.000
1586,15.879709,16.668817,17,1,1,5,0.000,0,6681.173,707.668,6.000,16500.000,700.000,90.000,63.866,58,-1.000,-1.000
1587,17.948917,16.668488,17,1,1,5,0.000,0,6681.173,707.668,6.000,16500.000,700.000,90.000,63.866,58,-1.000,-1.000
1588,14.823306,16.667368,17,1,1,5,0.000,0,6681.173,707.668,6.000,16500.000,700.000,90.000,63.866,58,-1.000,-1.000
1589,17.824113,16.667316,17,1,1,5,0.000,0,6681.173,707.668,6.000,16500.000,700.000,90.000,63.866,58,-1.000,-1.000
1590,16.463283,16.668398,17,1,1,5,0.000,0,6681.173,707.668,6.000,16500.000,700.000,90.000,63.866,58,-1.000,-1.000
1591,17.684840,16.667248,17,1,1,5,0.000,0,6681.173,707.668,6.000,16500.000,700.000,90.000,63.866,58,-1.000,-1.000
1592,14.497678,16.668186,17,1,1,5,0.000,0,6681.173,707.668,6.000,16500.000,700.000,90.000,63.866,58,-1.000,-1.000
1593,18.665093,16.667778,17,1,1,5,0.000,0,6681.173,707.668,6.000,16500.000,700.000,90.000,63.866,58,-1.000,-1.000
1594,16.621417,16.668448,17,1,1,5,0.000,0,6681.173,707.668,6.000,16500.000,700.000,90.000,63.866,58,-1.000,-1.000
1595,13.951195,16.667197,17,1,1,5,0.000,0,6681.173,707.668,6.000,16500.000,700.000,90.000,63.866,58,-1.000,-1.000
1596,18.250024,16.667437,17,1,1,5,0.000,0,6681.173,707.668,6.000,16500.000,700.000,90.000,63.866,58,-1.000,-1.000
1597,18.451967,16.669008,17,1,1,5,0.000,0,6681.173,707.668,6.000,16500.000,700.000,90.000,63.866,58,-1.000,-1.000
1598,16.214677,16.668197,17,1,1,5,0.000,0,6681.173,707.668,6.000,16500.000,700.000,90.000,63.866,58,-1.000,-1.000
1599,14.366366,16.667537,17,1,1,5,0.000,0,6681.173,707.668,6.000,16500.000,700.000,90.000,63.866,58,-1.000,-1.000
1600,19.461560,16.668288,17,1,1,5,0.000,0,6681.173,707.668,6.000,16500.000,700.000,90.000,63.866,58,-1.000,-1.000
1601,12.034332,16.667207,17,1,1,5,0.000,0,6681.173,707.668,6.000,16500.000,700.000,90.000,63.866,58,-1.000,-1.000
1602,17.280571,16.669078,17,1,1,5,0.000,0,6681.173,707.668,6.000,16500.000,700.000,90.000,63.866,58,-1.000,-1.000
1603,19.476042,16.668197,17,1,1,5,0.000,0,6681.173,707.668,6.000,16500.000,700.000,90.000,63.866,58,-1.000,-1.000
1604,16.141985,16.667487,17,1,1,5,0.000,0,6681.173,707.668,6.000,16500.000,700.000,90.000,63.866,58,-1.000,-1.000
1605,16.652548,16.668398,17,1,1,5,0.000,0,6681.173,707.668,6.000,16500.000,700.000,90.000,63.866,58,-1.000,-1.000
1606,18.124520,16.668638,17,1,1,5,0.000,0,6681.173,707.668,6.000,16500.000,700.000,90.000,63.866,58,-1.000,-1.000
1607,16.525304,16.668126,17,1,1,5,0.000,0,6681.173,707.668,6.000,16500.000,700.000,90.000,63.866,58,-1.000,-1.000
1608,12.459262,16.667938,17,1,1,5,0.000,0,6681.173,707.668,6.000,16500.000,700.000,90.000,63.866,58,-1.000,-1.000
1609,18.720814,16.668688,17,1,1,5,0.000,0,6681.173,707.668,6.000,16500.000,700.000,90.000,63.866,58,-1.000,-1.000
1610,17.898555,16.667146,17,1,1,5,0.000,0,6681.173,707.668,6.000,16500.000,700.000,90.000,63.866,58,-1.000,-1.000
1611,16.729849,16.667898,17,1,1,5,0.000,0,6681.173,707.668,6.000,16500.000,700.000,90.000,63.866,58,-1.000,-1.000
1612,18.424118,16.667258,17,1,1,5,0.000,0,6681.173,707.668,6.000,16500.000,700.000,90.000,63.866,58,-1.000,-1.000
1613,14.854185,16.667297,17,1,1,5,0.000,0,6681.173,707.668,6.000,16500.000,700.000,90.000,63.866,58,-1.000,-1.000
1614,13.625769,16.668257,17,1,1,5,0.000,0,6681.173,707.668,6.000,16500.000,700.000,90.000,63.866,58,-1.000,-1.000
1615,17.447004,16.667748,17,1,1,5,0.000,0,6681.173,707.668,6.000,16500.000,700.000,90.000,63.866,58,-1.000,-1.000
1616,19.959702,16.668637,17,1,1,5,0.000,0,6681.173,707.668,6.000,16500.000,700.000,90.000,63.866,58,-1.000,-1.000
1617,12.987224,16.668287,17,1,1,5,0.000,0,6681.173,707.668,6.000,16500.000,700.000,90.000,63.866,58,-1.000,-1.000
1618,16.391112,16.667788,17,1,1,5,0.000,0,6681.173,707.668,6.000,16500.000,700.000,90.000,63.866,58,-1.000,-1.000
1619,20.976885,16.667117,17,1,1,5,0.000,0,6681.173,707.668,6.000,16500.000,700.000,90.000,63.866,58,-1.000,-1.000
1620,12.789330,16.668817,17,1,1,5,0.000,0,6681.173,707.668,6.000,16500.000,700.000,90.000,63.866,58,-1.000,-1.000
1621,16.446442,16.668757,17,1,1,5,0.000,0,6681.173,707.668,6.000,16500.000,700.000,90.000,63.866,58,-1.000,-1.000
1622,20.964904,16.668578,17,1,1,5,0.000,0,6681.173,707.668,6.000,16500.000,700.000,90.000,63.866,58,-1.000,-1.000
1623,12.593256,16.668248,17,1,1,5,0.000,0,6681.173,707.668,6.000,16500.000,700.000,90.000,63.866,58,-1.000,-1.000
1624,17.476625,16.668036,17,1,1,5,0.000,0,6681.173,707.668,6.000,16500.000,700.000,90.000,63.866,58,-1.000,-1.000
1625,20.017533,16.668988,17,1,1,5,0.000,0,6681.173,707.668,6.000,16500.000,700.000,90.000,63.866,58,-1.000,-1.000
1626,12.452482,16.668118,17,1,1,5,0.000,0,6681.173,707.668,6.000,16500.000,700.000,90.000,63.866,58,-1.000,-1.000
1627,17.462436,16.668076,17,1,1,5,0.000,0,6681.173,707.668,6.000,16500.000,700.000,90.000,63.866,58,-1.000,-1.000
1628,18.040728,16.667988,17,1,1,5,0.000,0,6681.173,707.668,6.000,16500.000,700.000,90.000,63.866,58,-1.000,-1.000
1629,18.116770,16.668358,17,1,1,5,0.000,0,6681.173,707.668,6.000,16500.000,700.000,90.000,63.866,58,-1.000,-1.000
1630,12.828591,16.667786,17,1,1,5,0.000,0,6681.173,707.668,6.000,16500.000,700.000,90.000,63.866,58,-1.000,-1.000
1631,20.271818,16.669028,17,1,1,5,0.000,0,6681.173,707.668,6.000,16500.000,700.000,90.000,63.866,58,-1.000,-1.000
1632,13.077346,16.669068,17,1,1,5,0.000,0,6681.173,707.668,6.000,16500.000,700.000,90.000,63.866,58,-1.000,-1.000
1633,17.984798,16.667266,17,1,1,5,0.000,0,6681.173,707.668,6.000,16500.000,700.000,90.000,63.866,58,-1.000,-1.000
1634,19.514102,16.668418,17,1,1,5,0.000,0,6681.173,707.668,6.000,16500.000,700.000,90.000,63.866,58,-1.000,-1.000
1635,12.650446,16.667098,17,1,1,5,0.000,0,6681.173,707.668,6.000,16500.000,700.000,90.000,63.866,58,-1.000,-1.000
1636,18.661192,16.669087,17,1,1,5,0.000,0,6681.173,707.668,6.000,16500.000,700.000,90.000,63.866,58,-1.000,-1.000
1637,18.666643,16.668067,17,1,1,5,0.000,0,6681.173,707.668,6.000,16500.000,700.000,90.000,63.866,58,-1.000,-1.000
1638,12.729238,16.668058,17,1,1,5,0.000,0,6681.173,707.668,6.000,16500.000,700.000,90.000,63.866,58,-1.000,-1.000
1639,18.350706,16.667177,17,1,1,5,0.000,0,6681.173,707.668,6.000,16500.000,700.000,90.000,63.866,58,-1.000,-1.000
1640,19.163264,16.668437,17,1,1,5,0.000,0,6681.173,707.668,6.000,16500.000,700.000,90.000,63.866,58,-1.000,-1.000
1641,12.911822,16.667748,17,1,1,5,0.000,0,6681.173,707.668,6.000,16500.000,700.000,90.000,63.866,58,-1.000,-1.000
1642,17.641529,16.680647,17,1,1,5,0.000,0,6681.173,707.668,6.000,16500.000,700.000,90.000,63.866,58,-1.000,-1.000
1643,17.644420,16.667508,17,1,1,5,0.000,0,6681.173,707.668,6.000,16500.000,700.000,90.000,63.866,58,-1.000,-1.000
1644,18.419266,16.669027,17,1,1,5,0.000,0,6681.173,707.668,6.000,16500.000,700.000,90.000,63.866,58,-1.000,-1.000
1645,11.793247,16.668027,17,1,1,5,0.000,0,6681.173,707.668,6.000,16500.000,700.000,90.000,63.866,58,-1.000,-1.000
1646,18.919249,16.668258,17,1,1,5,0.000,0,6681.173,707.668,6.000,16500.000,700.000,90.000,63.866,58,-1.000,-1.000
1647,19.026521,16.667288,17,1,1,5,0.000,0,6681.173,707.668,6.000,16500.000,700.000,90.000,63.866,58,-1.000,-1.000
1648,14.969889,16.667416,17,1,1,5,0.000,0,6681.173,707.668,6.000,16500.000,700.000,90.000,63.866,58,-1.000,-1.000
1649,18.040418,16.667778,17,1,1,5,0.000,0,6681.173,707.668,6.000,16500.000,700.000,90.000,63.866,58,-1.000,-1.000
1650,12.907632,16.667188,17,1,1,5,0.000,0,6681.173,707.668,6.000,16500.000,700.000,90.000,63.866,58,-1.000,-1.000
1651,17.463996,16.667356,17,1,1,5,0.000,0,6681.173,707.668,6.000,16500.000,700.000,90.000,63.866,58,-1.000,-1.000
1652,18.800625,16.667588,17,1,1,5,0.000,0,6681.173,707.668,6.000,16500.000,700.000,90.000,63.866,58,-1.000,-1.000
1653,13.186409,16.668718,17,1,1,5,0.000,0,6681.173,707.668,6.000,16500.000,700.000,90.000,63.866,58,-1.000,-1.000
1654,19.792388,16.668596,17,1,1,5,0.000,0,6681.173,707.668,6.000,16500.000,700.000,90.000,63.866,58,-1.000,-1.000
1655,18.417487,16.667148,17,1,1,5,0.000,0,6681.173,707.668,6.000,16500.000,700.000,90.000,63.866,58,-1.000,-1.000
1656,15.561992,16.668648,17,1,1,5,0.000,0,6681.173,707.668,6.000,16500.000,700.000,90.000,63.866,58,-1.000,-1.000
1657,17.499707,16.667916,17,1,1,5,0.000,0,6681.173,707.668,6.000,16500.000,700.000,90.000,63.866,58,-1.000,-1.000
1658,16.181396,16.668878,17,1,1,5,0.000,0,6681.173,707.668,6.000,16500.000,700.000,90.000,63.866,58,-1.000,-1.000
1659,12.898782,16.667428,17,1,1,5,0.000,0,6681.173,707.668,6.000,16500.000,700.000,90.000,63.866,58,-1.000,-1.000
1660,20.993035,16.668297,17,1,1,5,0.000,0,6681.173,707.668,6.000,16500.000,700.000,90.000,63.866,58,-1.000,-1.000
1661,12.157675,16.668837,17,1,1,5,0.000,0,6681.173,707.668,6.000,16500.000,700.000,90.000,63.866,58,-1.000,-1.000
1662,19.235436,16.669068,17,1,1,5,0.000,0,6681.173,707.668,6.000,16500.000,700.000,90.000,63.866,58,-1.000,-1.000
1663,18.747224,16.669037,17,1,1,5,0.000,0,6681.173,707.668,6.000,16500.000,700.000,90.000,63.866,58,-1.000,-1.000
1664,21.032116,16.668277,17,1,1,5,0.000,0,6681.173,707.668,6.000,16500.000,700.000,90.000,63.866,58,-1.000,-1.000
1665,12.676368,16.667448,17,1,1,5,0.000,0,6681.173,707.668,6.000,16500.000,700.000,90.000,63.866,58,-1.000,-1.000
1666,17.141828,16.668607,17,1,1,5,0.000,0,6681.173,707.668,6.000,16500.000,700.000,90.000,63.866,58,-1.000,-1.000
1667,13.089116,16.667617,17,1,1,5,0.000,0,6681.173,707.668,6.000,16500.000,700.000,90.000,63.866,58,-1.000,-1.000
1668,19.641845,16.668098,17,1,1,5,0.000,0,6681.173,707.668,6.000,16500.000,700.000,90.000,63.866,58,-1.000,-1.000
1669,12.826370,16.667327,17,1,1,5,0.000,0,6681.173,707.668,6.000,16500.000,700.000,90.000,63.866,58,-1.000,-1.000
1670,20.185427,16.667518,17,1,1,5,0.000,0,6681.173,707.668,6.000,16500.000,700.000,90.000,63.866,58,-1.000,-1.000
1671,16.670757,16.667037,17,1,1,5,0.000,0,6681.173,707.668,6.000,16500.000,700.000,90.000,63.866,58,-1.000,-1.000
1672,12.149985,16.667667,17,1,1,5,0.000,0,6681.173,707.668,6.000,16500.000,700.000,90.000,63.866,58,-1.000,-1.000
1673,18.412307,16.668908,17,1,1,5,0.000,0,6681.173,707.668,6.000,16500.000,700.000,90.000,63.866,58,-1.000,-1.000
1674,19.009491,16.667697,17,1,1,5,0.000,0,6681.173,707.668,6.000,16500.000,700.000,90.000,63.866,58,-1.000,-1.000
1675,12.694456,16.668847,17,1,1,5,0.000,0,6681.173,707.668,6.000,16500.000,700.000,90.000,63.866,58,-1.000,-1.000
1676,21.060467,16.667578,17,1,1,5,0.000,0,6681.173,707.668,6.000,16500.000,700.000,90.000,63.866,58,-1.000,-1.000
1677,12.309360,16.667877,17,1,1,5,0.000,0,6681.173,707.668,6.000,16500.000,700.000,90.000,63.866,58,-1.000,-1.000
1678,19.502211,16.667177,17,1,1,5,0.000,0,6681.173,707.668,6.000,16500.000,700.000,90.000,63.866,58,-1.000,-1.000
1679,17.016905,16.667808,17,1,1,5,0.000,0,6681.173,707.668,6.000,16500.000,700.000,90.000,63.866,58,-1.000,-1.000
1680,16.823861,16.668357,17,1,1,5,0.000,0,6681.173,707.668,6.000,16500.000,700.000,90.000,63.866,58,-1.000,-1.000
1681,16.318119,16.667097,17,1,1,5,0.000,0,6681.173,707.668,6.000,16500.000,700.000,90.000,63.866,58,-1.000,-1.000
1682,17.689701,16.667638,17,1,1,5,0.000,0,6681.173,707.668,6.000,16500.000,700.000,90.000,63.866,58,-1.000,-1.000
1683,12.509553,16.667527,17,1,1,5,0.000,0,6681.173,707.668,6.000,16500.000,700.000,90.000,63.866,58,-1.000,-1.000
1684,21.329863,16.668647,17,1,1,5,0.000,0,6681.173,707.668,6.000,16500.000,700.000,90.000,63.866,58,-1.000,-1.000
1685,12.015142,16.667898,17,1,1,5,0.000,0,6681.173,707.668,6.000,16500.000,700.000,90.000,63.866,58,-1.000,-1.000
1686,21.509466,16.668287,17,1,1,5,0.000,0,6681.173,707.668,6.000,16500.000,700.000,90.000,63.866,58,-1.000,-1.000
1687,11.715846,16.668237,17,1,1,5,0.000,0,6681.173,707.668,6.000,16500.000,700.000,90.000,63.866,58,-1.000,-1.000
1688,20.375912,16.668608,17,1,1,5,0.000,0,6681.173,707.668,6.000,16500.000,700.000,90.000,63.866,58,-1.000,-1.000
1689,13.089186,16.667047,17,1,1,5,0.000,0,6681.173,707.668,6.000,16500.000,700.000,90.000,63.866,58,-1.000,-1.000
1690,20.604546,16.667887,17,1,1,5,0.000,0,6681.173,707.668,6.000,16500.000,700.000,90.000,63.866,58,-1.000,-1.000
1691,12.756849,16.667378,17,1,1,5,0.000,0,6681.173,707.668,6.000,16500.000,700.000,90.000,63.866,58,-1.000,-1.000
1692,20.332530,16.668207,17,1,1,5,0.000,0,6681.173,707.668,6.000,16500.000,700.000,90.000,63.866,58,-1.000,-1.000
1693,13.071836,16.668457,17,1,1,5,0.000,0,6681.173,707.668,6.000,16500.000,700.000,90.000,63.866,58,-1.000,-1.000
1694,17.263501,16.667138,17,1,1,5,0.000,0,6681.173,707.668,6.000,16500.000,700.000,90.000,63.866,58,-1.000,-1.000
1695,19.802128,16.667676,17,1,1,5,0.000,0,6681.173,707.668,6.000,16500.000,700.000,90.000,63.866,58,-1.000,-1.000
1696,17.578118,16.668198,17,1,1,5,0.000,0,6681.173,707.668,6.000,16500.000,700.000,90.000,63.866,58,-1.000,-1.000
1697,15.056321,16.668678,17,1,1,5,0.000,0,6681.173,707.668,6.000,16500.000,700.000,90.000,63.866,58,-1.000,-1.000
1698,18.124240,16.667026,17,1,1,5,0.000,0,6681.173,707.668,6.000,16500.000,700.000,90.000,63.866,58,-1.000,-1.000
1699,15.502622,16.667738,17,1,1,5,0.000,0,6681.173,707.668,6.000,16500.000,700.000,90.000,63.866,58,-1.000,-1.000
1700,17.428354,16.668088,17,1,1,5,0.000,0,6681.173,707.668,6.000,16500.000,700.000,90.000,63.866,58,-1.000,-1.000
1701,16.617016,16.667736,17,1,1,5,0.000,0,6681.173,707.668,6.000,16500.000,700.000,90.000,63.866,58,-1.000,-1.000
1702,12.839201,16.667228,17,1,1,5,0.000,0,6681.173,707.668,6.000,16500.000,700.000,90.000,63.866,58,-1.000,-1.000
1703,19.339868,16.668378,17,1,1,5,0.000,0,6681.173,707.668,6.000,16500.000,700.000,90.000,63.866,58,-1.000,-1.000
1704,17.995187,16.667496,17,1,1,5,0.000,0,6681.173,707.668,6.000,16500.000,700.000,90.000,63.866,58,-1.000,-1.000
1705,15.428719,16.668378,17,1,1,5,0.000,0,6681.173,707.668,6.000,16500.000,700.000,90.000,63.866,58,-1.000,-1.000
1706,17.643090,16.668468,17,1,1,5,0.000,0,6681.173,707.668,6.000,16500.000,700.000,90.000,63.866,58,-1.000,-1.000
1707,15.922030,16.668786,17,1,1,5,0.000,0,6681.173,707.668,6.000,16500.000,700.000,90.000,63.866,58,-1.000,-1.000
1708,16.510003,16.668268,17,1,1,5,0.000,0,6681.173,707.668,6.000,16500.000,700.000,90.000,63.866,58,-1.000,-1.000
1709,16.306500,16.667848,17,1,1,5,0.000,0,6681.173,707.668,6.000,16500.000,700.000,90.000,63.866,58,-1.000,-1.000
1710,17.991658,16.667556,17,1,1,5,0.000,0,6681.173,707.668,6.000,16500.000,700.000,90.000,63.866,58,-1.000,-1.000
1711,12.900491,16.667148,17,1,1,5,0.000,0,6681.173,707.668,6.000,16500.000,700.000,90.000,63.866,58,-1.000,-1.000
1712,18.195892,16.668728,17,1,1,5,0.000,0,6681.173,707.668,6.000,16500.000,700.000,90.000,63.866,58,-1.000,-1.000
1713,17.666300,16.668846,18,1,1,5,0.000,0,6681.173,707.668,6.000,16500.000,700.000,90.000,63.866,58,-1.000,-1.000
1714,17.163178,16.668858,18,1,1,5,0.000,0,6681.173,707.668,6.000,16500.000,700.000,90.000,63.866,58,-1.000,-1.000
1715,17.736192,16.668808,18,1,1,5,0.000,0,6681.173,707.668,6.000,16500.000,700.000,90.000,63.866,58,-1.000,-1.000
1716,12.207606,16.667426,18,1,1,5,0.000,0,6681.173,707.668,6.000,16500.000,700.000,90.000,63.866,58,-1.000,-1.000
1717,19.925201,16.668258,18,1,1,5,0.000,0,6681.173,707.668,6.000,16500.000,700.000,90.000,63.866,58,-1.000,-1.000
1718,18.442728,16.668388,18,1,1,5,0.000,0,6681.173,707.668,6.000,16500.000,700.000,90.000,63.866,58,-1.000,-1.000
1719,15.853849,16.667436,18,1,1,5,0.000,0,6681.173,707.668,6.000,16500.000,700.000,90.000,63.866,58,-1.000,-1.000
1720,12.583895,16.667858,18,1,1,5,0.000,0,6681.173,707.668,6.000,16500.000,700.000,90.000,63.866,58,-1.000,-1.000
1721,17.673930,16.667128,18,1,1,5,0.000,0,6681.173,707.668,6.000,16500.000,700.000,90.000,63.866,58,-1.000,-1.000
1722,19.016190,16.667586,18,1,1,5,0.000,0,6681.173,707.668,6.000,16500.000,700.000,90.000,63.866,58,-1.000,-1.000
1723,16.635977,16.667748,18,1,1,5,0.000,0,6681.173,707.668,6.000,16500.000,700.000,90.000,63.866,58,-1.000,-1.000
1724,17.792322,16.667898,18,1,1,5,0.000,0,6681.173,707.668,6.000,16500.000,700.000,90.000,63.866,58,-1.000,-1.000
1725,12.494374,16.668836,18,1,1,5,0.000,0,6681.173,707.668,6.000,16500.000,700.000,90.000,63.866,58,-1.000,-1.000
1726,19.606453,16.668678,18,1,1,5,0.000,0,6681.173,707.668,6.000,16500.000,700.000,90.000,63.866,58,-1.000,-1.000
1727,13.320692,16.668908,18,1,1,5,0.000,0,6681.173,707.668,6.000,16500.000,700.000,90.000,63.866,58,-1.000,-1.000
1728,19.945012,16.668016,18,1,1,5,0.000,0,6681.173,707.668,6.000,16500.000,700.000,90.000,63.866,58,-1.000,-1.000
1729,13.145187,16.668288,18,1,1,5,0.000,0,6681.173,707.668,6.000,16500.000,700.000,90.000,63.866,58,-1.000,-1.000
1730,19.628174,16.667808,18,1,1,5,0.000,0,6681.173,707.668,6.000,16500.000,700.000,90.000,63.866,58,-1.000,-1.000
1731,13.872634,16.668126,18,1,1,5,0.000,0,6681.173,707.668,6.000,16500.000,700.000,90.000,63.866,58,-1.000,-1.000
1732,19.579254,16.667738,18,1,1,5,0.000,0,6681.173,707.668,6.000,16500.000,700.000,90.000,63.866,58,-1.000,-1.000
1733,13.679890,16.667148,18,1,1,5,0.000,0,6681.173,707.668,6.000,16500.000,700.000,90.000,63.866,58,-1.000,-1.000
1734,19.564802,16.668846,18,1,1,5,0.000,0,6681.173,707.668,6.000,16500.000,700.000,90.000,63.866,58,-1.000,-1.000
1735,18.799076,16.668058,18,1,1,5,0.000,0,6681.173,707.668,6.000,16500.000,700.000,90.000,63.866,58,-1.000,-1.000
1736,15.045780,16.668748,18,1,1,5,0.000,0,6681.173,707.668,6.000,16500.000,700.000,90.000,63.866,58,-1.000,-1.000
1737,18.107680,16.668666,18,1,1,5,0.000,0,6681.173,707.668,6.000,16500.000,700.000,90.000,63.866,58,-1.000,-1.000
1738,15.866540,16.667568,18,1,1,5,0.000,0,6681.173,707.668,6.000,16500.000,700.000,90.000,63.866,58,-1.000,-1.000
1739,16.043233,16.667568,18,1,1,5,0.000,0,6681.173,707.668,6.000,16500.000,700.000,90.000,63.866,58,-1.000,-1.000
1740,16.248767,16.668356,18,1,1,5,0.000,0,6681.173,707.668,6.000,16500.000,700.000,90.000,63.866,58,-1.000,-1.000
1741,18.615252,16.701759,18,1,1,5,0.000,0,6681.173,707.668,6.000,16500.000,700.000,90.000,63.866,58,-1.000,-1.000
1742,11.891599,16.667717,18,1,1,5,0.000,0,6681.173,707.668,6.000,16500.000,700.000,90.000,63.866,58,-1.000,-1.000
1743,19.848349,16.668537,18,1,1,5,0.000,0,6681.173,707.668,6.000,16500.000,700.000,90.000,63.866,58,-1.000,-1.000
1744,13.357223,16.668198,18,1,1,5,0.000,0,6681.173,707.668,6.000,16500.000,700.000,90.000,63.866,58,-1.000,-1.000
1745,19.714796,16.668247,18,1,1,5,0.000,0,6681.173,707.668,6.000,16500.000,700.000,90.000,63.866,58,-1.000,-1.000
1746,13.984717,16.668347,18,1,1,5,0.000,0,6681.173,707.668,6.000,16500.000,700.000,90.000,63.866,58,-1.000,-1.000
1747,19.486551,16.667738,18,1,1,5,0.000,0,6681.173,707.668,6.000,16500.000,700.000,90.000,63.866,58,-1.000,-1.000
1748,18.300164,16.667717,18,1,1,5,0.000,0,6681.173,707.668,6.000,16500.000,700.000,90.000,63.866,58,-1.000,-1.000
1749,16.098054,16.667127,18,1,1,5,0.000,0,6681.173,707.668,6.000,16500.000,700.000,90.000,63.866,58,-1.000,-1.000
1750,12.818300,16.667788,18,1,1,5,0.000,0,6681.173,707.668,6.000,16500.000,700.000,90.000,63.866,58,-1.000,-1.000
1751,17.396585,16.667687,18,1,1,5,0.000,0,6681.173,707.668,6.000,16500.000,700.000,90.000,63.866,58,-1.000,-1.000
1752,20.561715,16.668327,18,1,1,5,0.000,0,6681.173,707.668,6.000,16500.000,700.000,90.000,63.866,58,-1.000,-1.000
1753,12.060423,16.667997,18,1,1,5,0.000,0,6681.173,707.668,6.000,16500.000,700.000,90.000,63.866,58,-1.000,-1.000
1754,17.652770,16.668738,18,1,1,5,0.000,0,6681.173,707.668,6.000,16500.000,700.000,90.000,63.866,58,-1.000,-1.000
1755,18.717353,16.667627,18,1,1,5,0.000,0,6681.173,707.668,6.000,16500.000,700.000,90.000,63.866,58,-1.000,-1.000
1756,16.799140,16.667467,18,1,1,5,0.000,0,6681.173,707.668,6.000,16500.000,700.000,90.000,63.866,58,-1.000,-1.000
1757,18.341326,16.668848,18,1,1,5,0.000,0,6681.173,707.668,6.000,16500.000,700.000,90.000,63.866,58,-1.000,-1.000
1758,11.687384,16.667797,18,1,1,5,0.000,0,6681.173,707.668,6.000,16500.000,700.000,90.000,63.866,58,-1.000,-1.000
1759,17.714241,16.667717,18,1,1,5,0.000,0,6681.173,707.668,6.000,16500.000,700.000,90.000,63.866,58,-1.000,-1.000
1760,21.102278,16.668108,18,1,1,5,0.000,0,6681.173,707.668,6.000,16500.000,700.000,90.000,63.866,58,-1.000,-1.000
1761,11.443429,16.668967,18,1,1,5,0.000,0,6681.173,707.668,6.000,16500.000,700.000,90.000,63.866,58,-1.000,-1.000
1762,16.905693,16.669037,18,1,1,5,0.000,0,6681.173,707.668,6.000,16500.000,700.000,90.000,63.866,58,-1.000,-1.000
1763,19.506051,16.667378,18,1,1,5,0.000,0,6681.173,707.668,6.000,16500.000,700.000,90.000,63.866,58,-1.000,-1.000
1764,18.705784,16.668187,18,1,1,5,0.000,0,6681.173,707.668,6.000,16500.000,700.000,90.000,63.866,58,-1.000,-1.000
1765,15.281255,16.668757,18,1,1,5,0.000,0,6681.173,707.668,6.000,16500.000,700.000,90.000,63.866,58,-1.000,-1.000
1766,12.843031,16.667828,18,1,1,5,0.000,0,6681.173,707.668,6.000,16500.000,700.000,90.000,63.866,58,-1.000,-1.000
1767,18.496668,16.669157,18,1,1,5,0.000,0,6681.173,707.668,6.000,16500.000,700.000,90.000,63.866,58,-1.000,-1.000
1768,17.606579,16.667447,18,1,1,5,0.000,0,6681.173,707.668,6.000,16500.000,700.000,90.000,63.866,58,-1.000,-1.000
1769,16.005943,16.667268,18,1,1,5,0.000,0,6681.173,707.668,6.000,16500.000,700.000,90.000,63.866,58,-1.000,-1.000
1770,14.292793,16.667536,18,1,1,5,0.000,0,6681.173,707.668,6.000,16500.000,700.000,90.000,63.866,58,-1.000,-1.000
1771,17.555538,16.667098,18,1,1,5,0.000,0,6681.173,707.668,6.000,16500.000,700.000,90.000,63.866,58,-1.000,-1.000
1772,20.565055,16.667138,18,1,1,5,0.000,0,6681.173,707.668,6.000,16500.000,700.000,90.000,63.866,58,-1.000,-1.000
1773,11.036440,16.667196,18,1,1,5,0.000,0,6681.173,707.668,6.000,16500.000,700.000,90.000,63.866,58,-1.000,-1.000
1774,17.167469,16.667418,18,1,1,5,0.000,0,6681.173,707.668,6.000,16500.000,700.000,90.000,63.866,58,-1.000,-1.000
1775,19.652874,16.667417,18,1,1,5,0.000,0,6681.173,707.668,6.000,16500.000,700.000,90.000,63.866,58,-1.000,-1.000
1776,17.984657,16.667167,18,1,1,5,0.000,0,6681.173,707.668,6.000,16500.000,700.000,90.000,63.866,58,-1.000,-1.000
1777,16.717989,16.668088,18,1,1,5,0.000,0,6681.173,707.668,6.000,16500.000,700.000,90.000,63.866,58,-1.000,-1.000
1778,14.837576,16.668877,18,1,1,5,0.000,0,6681.173,707.668,6.000,16500.000,700.000,90.000,63.866,58,-1.000,-1.000
1779,19.449330,16.667727,18,1,1,5,0.000,0,6681.173,707.668,6.000,16500.000,700.000,90.000,63.866,58,-1.000,-1.000
1780,11.799137,16.668338,18,1,1,5,0.000,0,6681.173,707.668,6.000,16500.000,700.000,90.000,63.866,58,-1.000,-1.000
1781,19.129283,16.668106,18,1,1,5,0.000,0,6681.173,707.668,6.000,16500.000,700.000,90.000,63.866,58,-1.000,-1.000
1782,18.788646,16.667248,18,1,1,5,0.000,0,6681.173,707.668,6.000,16500.000,700.000,90.000,63.866,58,-1.000,-1.000
1783,16.873212,16.668798,18,1,1,5,0.000,0,6681.173,707.668,6.000,16500.000,700.000,90.000,63.866,58,-1.000,-1.000
1784,13.931105,16.667346,18,1,1,5,0.000,0,6681.173,707.668,6.000,16500.000,700.000,90.000,63.866,58,-1.000,-1.000
1785,16.939614,16.667658,18,1,1,5,0.000,0,6681.173,707.668,6.000,16500.000,700.000,90.000,63.866,58,-1.000,-1.000
1786,15.045240,16.668218,18,1,1,5,0.000,0,6681.173,707.668,6.000,16500.000,700.000,90.000,63.866,58,-1.000,-1.000
1787,16.486613,16.668146,18,1,1,5,0.000,0,6681.173,707.668,6.000,16500.000,700.000,90.000,63.866,58,-1.000,-1.000
1788,17.804693,16.667168,18,1,1,5,0.000,0,6681.173,707.668,6.000,16500.000,700.000,90.000,63.866,58,-1.000,-1.000
1789,17.280451,16.667348,18,1,1,5,0.000,0,6681.173,707.668,6.000,16500.000,700.000,90.000,63.866,58,-1.000,-1.000
1790,16.405672,16.668076,18,1,1,5,0.000,0,6681.173,707.668,6.000,16500.000,700.000,90.000,63.866,58,-1.000,-1.000
1791,17.047406,16.668328,18,1,1,5,0.000,0,6681.173,707.668,6.000,16500.000,700.000,90.000,63.866,58,-1.000,-1.000
1792,15.378048,16.667598,18,1,1,5,0.000,0,6681.173,707.668,6.000,16500.000,700.000,90.000,63.866,58,-1.000,-1.000
1793,17.984037,16.668686,18,1,1,5,0.000,0,6681.173,707.668,6.000,16500.000,700.000,90.000,63.866,58,-1.000,-1.000
1794,16.692948,16.667118,18,1,1,5,0.000,0,6681.173,707.668,6.000,16500.000,700.000,90.000,63.866,58,-1.000,-1.000
1795,15.291316,16.667677,18,1,1,5,0.000,0,6681.173,707.668,6.000,16500.000,700.000,90.000,63.866,58,-1.000,-1.000
1796,16.936653,16.667277,18,1,1,5,0.000,0,6681.173,707.668,6.000,16500.000,700.000,90.000,63.866,58,-1.000,-1.000
1797,18.074219,16.667828,18,1,1,5,0.000,0,6681.173,707.668,6.000,16500.000,700.000,90.000,63.866,58,-1.000,-1.000
1798,16.570865,16.667917,18,1,1,5,0.000,0,6681.173,707.668,6.000,16500.000,700.000,90.000,63.866,58,-1.000,-1.000
1799,17.431285,16.668447,18,1,1,5,0.000,0,6681.173,707.668,6.000,16500.000,700.000,90.000,63.866,58,-1.000,-1.000
1800,15.146943,16.667727,18,1,1,5,0.000,0,6681.173,707.668,6.000,16500.000,700.000,90.000,63.866,58,-1.000,-1.000
1801,17.283760,16.667168,18,1,1,5,0.000,0,6681.173,707.668,6.000,16500.000,700.000,90.000,63.866,58,-1.000,-1.000
1802,17.366544,16.667797,18,1,1,5,0.000,0,6681.173,707.668,6.000,16500.000,700.000,90.000,63.866,58,-1.000,-1.000
1803,18.615791,16.809230,18,1,1,5,0.000,0,6681.173,707.668,6.000,16500.000,700.000,90.000,63.866,58,-1.000,-1.000
1804,15.118262,16.788881,18,1,1,5,0.000,0,6681.173,707.668,6.000,16500.000,700.000,90.000,63.866,58,-1.000,-1.000
1805,15.485301,16.667637,18,1,1,5,0.000,0,6681.173,707.668,6.000,16500.000,700.000,90.000,63.866,58,-1.000,-1.000
1806,17.179759,16.668307,18,1,1,5,0.000,0,6681.173,707.668,6.000,16500.000,700.000,90.000,63.866,58,-1.000,-1.000
1807,17.265670,16.667437,18,1,1,5,0.000,0,6681.173,707.668,6.000,16500.000,700.000,90.000,63.866,58,-1.000,-1.000
1808,16.522645,16.668298,18,1,1,5,0.000,0,6681.173,707.668,6.000,16500.000,700.000,90.000,63.866,58,-1.000,-1.000
1809,16.566064,16.667487,18,1,1,5,0.000,0,6681.173,707.668,6.000,16500.000,700.000,90.000,63.866,58,-1.000,-1.000
1810,16.371821,16.668147,18,1,1,5,0.000,0,6681.173,707.668,6.000,16500.000,700.000,90.000,63.866,58,-1.000,-1.000
1811,16.544414,16.667338,18,1,1,5,0.000,0,6681.173,707.668,6.000,16500.000,700.000,90.000,63.866,58,-1.000,-1.000
1812,16.744240,16.667877,18,1,1,5,0.000,0,6681.173,707.668,6.000,16500.000,700.000,90.000,63.866,58,-1.000,-1.000
1813,18.020008,16.667417,18,1,1,5,0.000,0,6681.173,707.668,6.000,16500.000,700.000,90.000,63.866,58,-1.000,-1.000
1814,16.846601,16.667688,18,1,1,5,0.000,0,6681.173,707.668,6.000,16500.000,700.000,90.000,63.866,58,-1.000,-1.000
1815,15.135052,16.667796,18,1,1,5,0.000,0,6681.173,707.668,6.000,16500.000,700.000,90.000,63.866,58,-1.000,-1.000
1816,21.806464,16.667898,18,1,1,5,0.000,0,6681.173,707.668,6.000,16500.000,700.000,90.000,63.866,58,-1.000,-1.000
1817,9.159947,16.667908,18,1,1,5,0.000,0,6681.173,707.668,6.000,16500.000,700.000,90.000,63.866,58,-1.000,-1.000
1818,17.659781,16.669406,18,1,1,5,0.000,0,6681.173,707.668,6.000,16500.000,700.000,90.000,63.866,58,-1.000,-1.000
1819,16.348289,16.668048,18,1,1,5,0.000,0,6681.173,707.668,6.000,16500.000,700.000,90.000,63.866,58,-1.000,-1.000
1820,16.928213,16.667417,18,1,1,5,0.000,0,6681.173,707.668,6.000,16500.000,700.000,90.000,63.866,58,-1.000,-1.000
1821,18.842227,16.667897,18,1,1,5,0.000,0,6681.173,707.668,6.000,16500.000,700.000,90.000,63.866,58,-1.000,-1.000
1822,14.630951,16.667518,18,1,1,5,0.000,0,6681.173,707.668,6.000,16500.000,700.000,90.000,63.866,58,-1.000,-1.000
1823,14.757804,16.667737,18,1,1,5,0.000,0,6681.173,707.668,6.000,16500.000,700.000,90.000,63.866,58,-1.000,-1.000
1824,16.643527,16.667127,18,1,1,5,0.000,0,6681.173,707.668,6.000,16500.000,700.000,90.000,63.866,58,-1.000,-1.000
1825,16.634226,16.667498,18,1,1,5,0.000,0,6681.173,707.668,6.000,16500.000,700.000,90.000,63.866,58,-1.000,-1.000
1826,18.925788,16.667266,18,1,1,5,0.000,0,6681.173,707.668,6.000,16500.000,700.000,90.000,63.866,58,-1.000,-1.000
1827,20.114776,16.667368,18,1,1,5,0.000,0,6681.173,707.668,6.000,16500.000,700.000,90.000,63.866,58,-1.000,-1.000
1828,16.196927,16.667327,18,1,1,5,0.000,0,6681.173,707.668,6.000,16500.000,700.000,90.000,63.866,58,-1.000,-1.000
1829,12.096414,16.667547,18,1,1,5,0.000,0,6681.173,707.668,6.000,16500.000,700.000,90.000,63.866,58,-1.000,-1.000
1830,18.037168,16.668308,18,1,1,5,0.000,0,6681.173,707.668,6.000,16500.000,700.000,90.000,63.866,58,-1.000,-1.000
1831,18.241743,16.667647,18,1,1,5,0.000,0,6681.173,707.668,6.000,16500.000,700.000,90.000,63.866,58,-1.000,-1.000
1832,16.668447,16.667737,18,1,1,5,0.000,0,6681.173,707.668,6.000,16500.000,700.000,90.000,63.866,58,-1.000,-1.000
1833,16.000902,16.667097,19,1,1,5,0.000,0,6681.173,707.668,6.000,16500.000,700.000,90.000,63.866,58,-1.000,-1.000
1834,20.515744,16.669638,19,1,1,5,0.000,0,6681.173,707.668,6.000,16500.000,700.000,90.000,63.866,58,-1.000,-1.000
1835,24.151237,16.667417,19,1,1,5,0.000,0,6681.173,707.668,6.000,16500.000,700.000,90.000,63.866,58,-1.000,-1.000
1836,4.050102,17.052436,19,1,1,5,0.000,0,6681.173,707.668,6.000,16500.000,700.000,90.000,63.866,58,-1.000,-1.000
1837,22.529980,16.667517,19,1,1,5,0.000,0,6681.173,707.668,6.000,16500.000,700.000,90.000,63.866,58,-1.000,-1.000
1838,14.622270,16.668088,19,1,1,5,0.000,0,6681.173,707.668,6.000,6140.000,390.000,90.000,63.866,58,-1.000,-1.000
1839,13.446455,16.666816,19,1,0,5,0.000,1,6681.173,707.668,6.000,6140.000,390.000,90.000,63.866,58,-1.000,-1.000
1840,16.025413,16.667638,19,1,0,5,0.000,1,6681.173,707.668,6.000,6140.000,390.000,90.000,63.866,58,-1.000,-1.000
1841,16.982734,16.667308,19,1,0,5,0.000,1,6681.173,707.668,6.000,6140.000,390.000,90.000,63.866,58,-1.000,-1.000
1842,17.112368,16.667006,19,1,0,5,0.000,1,6681.173,707.668,6.000,6140.000,390.000,90.000,63.866,58,-1.000,-1.000
1843,17.711341,16.667118,19,1,0,5,0.000,1,6681.173,707.668,6.000,6140.000,390.000,90.000,63.866,58,-1.000,-1.000
1844,17.699490,16.666907,19,1,0,5,0.000,1,6681.173,707.668,6.000,6140.000,390.000,90.000,63.866,58,-1.000,-1.000
1845,17.303792,16.666887,19,1,0,5,0.000,1,6681.173,707.668,6.000,6140.000,390.000,90.000,63.866,58,-1.000,-1.000
1846,13.590477,16.667228,19,1,0,5,0.000,1,6681.173,707.668,6.000,6140.000,390.000,90.000,63.866,58,-1.000,-1.000
1847,19.256436,16.667187,19,1,0,5,0.000,1,6681.173,707.668,6.000,6140.000,390.000,90.000,63.866,58,-1.000,-1.000
1848,16.286079,16.667177,19,1,0,5,0.000,1,6681.173,707.668,6.000,6140.000,390.000,90.000,63.866,58,-1.000,-1.000
1849,13.968866,16.666877,19,1,0,5,0.000,1,6681.173,707.668,6.000,6140.000,390.000,90.000,63.866,58,-1.000,-1.000
1850,18.159241,16.667128,19,1,0,5,0.000,1,6681.173,707.668,6.000,6140.000,390.000,90.000,63.866,58,-1.000,-1.000
1851,19.327907,16.667197,19,1,0,5,0.000,1,6681.173,707.668,6.000,6140.000,390.000,90.000,63.866,58,-1.000,-1.000
1852,11.713756,16.668327,19,1,0,5,0.000,1,6681.173,707.668,6.000,6140.000,390.000,90.000,63.866,58,-1.000,-1.000
1853,19.886840,16.667548,19,1,0,5,0.000,1,6681.173,707.668,6.000,6140.000,390.000,90.000,63.866,58,-1.000,-1.000
1854,16.873492,16.668646,19,1,0,5,0.000,1,6681.173,707.668,6.000,6140.000,390.000,90.000,63.866,58,-1.000,-1.000
1855,16.408641,16.668618,19,1,0,5,0.000,1,6681.173,707.668,6.000,6140.000,390.000,90.000,63.866,58,-1.000,-1.000
1856,16.718089,16.668438,19,1,0,5,0.000,1,6681.173,707.668,6.000,6140.000,390.000,90.000,63.866,58,-1.000,-1.000
1857,17.775522,16.668796,19,1,0,5,0.000,1,6681.173,707.668,6.000,6140.000,390.000,90.000,63.866,58,-1.000,-1.000
1858,17.481616,16.668398,19,1,0,5,0.000,1,6681.173,707.668,6.000,6140.000,390.000,90.000,63.866,58,-1.000,-1.000
1859,15.992012,16.670117,19,1,0,5,0.000,1,6681.173,707.668,6.000,6140.000,390.000,90.000,63.866,58,-1.000,-1.000
1860,17.403113,16.667287,19,1,0,5,0.000,1,6681.173,707.668,6.000,6140.000,390.000,90.000,63.866,58,-1.000,-1.000
1861,15.195815,16.667128,19,1,0,5,0.000,1,6681.173,707.668,6.000,6140.000,390.000,90.000,63.866,58,-1.000,-1.000
1862,17.182358,16.667217,19,1,0,5,0.000,1,6681.173,707.668,6.000,6140.000,390.000,90.000,63.866,58,-1.000,-1.000
1863,17.218600,16.667387,19,1,0,5,0.000,1,6681.173,707.668,6.000,6140.000,390.000,90.000,63.866,58,-1.000,-1.000
1864,18.329915,16.668747,19,1,0,5,0.000,1,6681.173,707.668,6.000,6140.000,390.000,90.000,63.866,58,-1.000,-1.000
1865,14.159640,16.668378,19,1,0,5,0.000,1,6681.173,707.668,6.000,6140.000,390.000,90.000,63.866,58,-1.000,-1.000
1866,17.457756,16.667647,19,1,0,5,0.000,1,6681.173,707.668,6.000,6140.000,390.000,90.000,63.866,58,-1.000,-1.000
1867,16.023042,16.668297,19,1,0,5,0.000,1,6681.173,707.668,6.000,6140.000,390.000,90.000,63.866,58,-1.000,-1.000
1868,17.495676,16.668088,19,1,0,5,0.000,1,6681.173,707.668,6.000,6140.000,390.000,90.000,63.866,58,-1.000,-1.000
1869,15.618944,16.668926,19,1,0,5,0.000,1,6681.173,707.668,6.000,6140.000,390.000,90.000,63.866,58,-1.000,-1.000
1870,17.897305,16.667168,19,1,0,5,0.000,1,6681.173,707.668,6.000,6140.000,390.000,90.000,63.866,58,-1.000,-1.000
1871,15.715656,16.668828,19,1,0,5,0.000,1,6681.173,707.668,6.000,6140.000,390.000,90.000,63.866,58,-1.000,-1.000
1872,17.306621,16.667106,19,1,0,5,0.000,1,6681.173,707.668,6.000,6140.000,390.000,90.000,63.866,58,-1.000,-1.000
1873,15.143113,16.668048,19,1,0,5,0.000,1,6681.173,707.668,6.000,6140.000,390.000,90.000,63.866,58,-1.000,-1.000
1874,17.749612,16.667507,19,1,0,5,0.000,1,6681.173,707.668,6.000,6140.000,390.000,90.000,63.866,58,-1.000,-1.000
1875,15.793697,16.669167,19,1,0,5,0.000,1,6681.173,707.668,6.000,6140.000,390.000,90.000,63.866,58,-1.000,-1.000
1876,17.272431,16.667278,19,1,0,5,0.000,1,6681.173,707.668,6.000,6140.000,390.000,90.000,63.866,58,-1.000,-1.000
1877,16.529924,16.668607,19,1,0,5,0.000,1,6681.173,707.668,6.000,6140.000,390.000,90.000,63.866,58,-1.000,-1.000
1878,17.312562,16.667257,19,1,0,5,0.000,1,6681.173,707.668,6.000,6140.000,390.000,90.000,63.866,58,-1.000,-1.000
1879,15.582942,16.668437,19,1,0,5,0.000,1,6681.173,707.668,6.000,6140.000,390.000,90.000,63.866,58,-1.000,-1.000
1880,17.945327,16.667848,19,1,0,5,0.000,1,6681.173,707.668,6.000,6140.000,390.000,90.000,63.866,58,-1.000,-1.000
1881,16.087264,16.668127,19,1,0,5,0.000,1,6681.173,707.668,6.000,6140.000,390.000,90.000,63.866,58,-1.000,-1.000
1882,18.397397,16.667237,19,1,0,5,0.000,1,6681.173,707.668,6.000,6140.000,390.000,90.000,63.866,58,-1.000,-1.000
1883,15.669214,16.667308,19,1,0,5,0.000,1,6681.173,707.668,6.000,6140.000,390.000,90.000,63.866,58,-1.000,-1.000
1884,11.873038,16.667926,19,1,0,5,0.000,1,6681.173,707.668,6.000,6140.000,390.000,90.000,63.866,58,-1.000,-1.000
1885,20.506015,16.667848,19,1,0,5,0.000,1,6681.173,707.668,6.000,6140.000,390.000,90.000,63.866,58,-1.000,-1.000
1886,20.271039,16.668157,19,1,0,5,0.000,1,6681.173,707.668,6.000,6140.000,390.000,90.000,63.866,58,-1.000,-1.000
1887,13.508895,16.667307,19,1,0,5,0.000,1,6681.173,707.668,6.000,6140.000,390.000,90.000,63.866,58,-1.000,-1.000
1888,15.686235,16.667878,19,1,0,5,0.000,1,6681.173,707.668,6.000,6140.000,390.000,90.000,63.866,58,-1.000,-1.000
1889,15.611384,16.668517,19,1,0,5,0.000,1,6681.173,707.668,6.000,6140.000,390.000,90.000,63.866,58,-1.000,-1.000
1890,17.146078,16.667787,19,1,0,5,0.000,1,6681.173,707.668,6.000,6140.000,390.000,90.000,63.866,58,-1.000,-1.000
1891,15.848129,16.668597,19,1,0,5,0.000,1,6681.173,707.668,6.000,6140.000,390.000,90.000,63.866,58,-1.000,-1.000
1892,19.568712,16.668948,19,1,0,5,0.000,1,6681.173,707.668,6.000,6140.000,390.000,90.000,63.866,58,-1.000,-1.000
1893,15.920431,16.668177,19,1,0,5,0.000,1,6681.173,707.668,6.000,6140.000,390.000,90.000,63.866,58,-1.000,-1.000
1894,15.577053,16.668707,19,1,0,5,0.000,1,6681.173,707.668,6.000,6140.000,390.000,90.000,63.866,58,-1.000,-1.000
1895,20.009812,16.667498,19,1,0,5,0.000,1,6681.173,707.668,6.000,6140.000,390.000,90.000,63.866,58,-1.000,-1.000
1896,16.563455,16.667526,19,1,0,5,0.000,1,6681.173,707.668,6.000,6140.000,390.000,90.000,63.866,58,-1.000,-1.000
1897,11.569842,16.667538,19,1,0,5,0.000,1,6681.173,707.668,6.000,6140.000,390.000,90.000,63.866,58,-1.000,-1.000
1898,18.899918,16.668368,19,1,0,5,0.000,1,6681.173,707.668,6.000,6140.000,390.000,90.000,63.866,58,-1.000,-1.000
1899,20.701519,16.667396,19,1,0,5,0.000,1,6681.173,707.668,6.000,6140.000,390.000,90.000,63.866,58,-1.000,-1.000
1900,10.556888,16.667448,19,1,0,5,0.000,1,6681.173,707.668,6.000,6140.000,390.000,90.000,63.866,58,-1.000,-1.000
1901,20.960535,16.668757,19,1,0,5,0.000,1,6681.173,707.668,6.000,6140.000,390.000,90.000,63.866,58,-1.000,-1.000
1902,15.424398,16.668697,19,1,0,5,0.000,1,6681.173,707.668,6.000,6140.000,390.000,90.000,63.866,58,-1.000,-1.000
1903,16.556535,16.668928,19,1,0,5,0.000,1,6681.173,707.668,6.000,6140.000,390.000,90.000,63.866,58,-1.000,-1.000
1904,16.369721,16.669087,19,1,0,5,0.000,1,6681.173,707.668,6.000,6140.000,390.000,90.000,63.866,58,-1.000,-1.000
1905,17.871994,16.668867,19,1,0,5,0.000,1,6681.173,707.668,6.000,6140.000,390.000,90.000,63.866,58,-1.000,-1.000
1906,18.650593,16.667157,19,1,0,5,0.000,1,6681.173,707.668,6.000,6140.000,390.000,90.000,63.866,58,-1.000,-1.000
1907,10.808725,16.667227,19,1,0,5,0.000,1,6681.173,707.668,6.000,6140.000,390.000,90.000,63.866,58,-1.000,-1.000
1908,20.168666,16.668548,19,1,0,5,0.000,1,6681.173,707.668,6.000,6140.000,390.000,90.000,63.866,58,-1.000,-1.000
1909,17.819843,16.668397,19,1,0,5,0.000,1,6681.173,707.668,6.000,6140.000,390.000,90.000,63.866,58,-1.000,-1.000
1910,16.011823,16.668957,19,1,0,5,0.000,1,6681.173,707.668,6.000,6140.000,390.000,90.000,63.866,58,-1.000,-1.000
1911,17.440064,16.668287,19,1,0,5,0.000,1,6681.173,707.668,6.000,6140.000,390.000,90.000,63.866,58,-1.000,-1.000
1912,17.505217,16.667798,19,1,0,5,0.000,1,6681.173,707.668,6.000,6140.000,390.000,90.000,63.866,58,-1.000,-1.000
1913,15.053800,16.668737,19,1,0,5,0.000,1,6681.173,707.668,6.000,6140.000,390.000,90.000,63.866,58,-1.000,-1.000
1914,18.538029,16.668007,19,1,0,5,0.000,1,6681.173,707.668,6.000,6140.000,390.000,90.000,63.866,58,-1.000,-1.000
1915,14.854737,16.669098,19,1,0,5,0.000,1,6681.173,707.668,6.000,6140.000,390.000,90.000,63.866,58,-1.000,-1.000
1916,17.478605,16.668046,19,1,0,5,0.000,1,6681.173,707.668,6.000,6140.000,390.000,90.000,63.866,58,-1.000,-1.000
1917,17.118238,16.667668,19,1,0,5,0.000,1,6681.173,707.668,6.000,6140.000,390.000,90.000,63.866,58,-1.000,-1.000
1918,16.692837,16.669567,19,1,0,5,0.000,1,6681.173,707.668,6.000,6140.000,390.000,90.000,63.866,58,-1.000,-1.000
1919,16.818201,16.669517,19,1,0,5,0.000,1,6681.173,707.668,6.000,6140.000,390.000,90.000,63.866,58,-1.000,-1.000
1920,15.740677,16.667098,19,1,0,5,0.000,1,6681.173,707.668,6.000,6140.000,390.000,90.000,63.866,58,-1.000,-1.000
1921,15.436289,16.667197,19,1,0,5,0.000,1,6681.173,707.668,6.000,6140.000,390.000,90.000,63.866,58,-1.000,-1.000
1922,17.780022,16.667327,19,1,0,5,0.000,1,6681.173,707.668,6.000,6140.000,390.000,90.000,63.866,58,-1.000,-1.000
1923,16.327779,16.668117,19,1,0,5,0.000,1,6681.173,707.668,6.000,6140.000,390.000,90.000,63.866,58,-1.000,-1.000
1924,17.272402,16.668248,19,1,0,5,0.000,1,6681.173,707.668,6.000,6140.000,390.000,90.000,63.866,58,-1.000,-1.000
1925,15.727985,16.668336,19,1,0,5,0.000,1,6681.173,707.668,6.000,6140.000,390.000,90.000,63.866,58,-1.000,-1.000
1926,16.458913,16.668088,19,1,0,5,0.000,1,6681.173,707.668,6.000,6140.000,390.000,90.000,63.866,58,-1.000,-1.000
1927,16.810871,16.668978,19,1,0,5,0.000,1,6681.173,707.668,6.000,6140.000,390.000,90.000,63.866,58,-1.000,-1.000
1928,17.159398,16.667326,19,1,0,5,0.000,1,6681.173,707.668,6.000,6140.000,390.000,90.000,63.866,58,-1.000,-1.000
1929,17.853594,16.668308,19,1,0,5,0.000,1,6681.173,707.668,6.000,6140.000,390.000,90.000,63.866,58,-1.000,-1.000
1930,14.922468,16.667577,19,1,0,5,0.000,1,6681.173,707.668,6.000,6140.000,390.000,90.000,63.866,58,-1.000,-1.000
1931,16.715088,16.668397,19,1,0,5,0.000,1,6681.173,707.668,6.000,6140.000,390.000,90.000,63.866,58,-1.000,-1.000
1932,17.231250,16.667477,19,1,0,5,0.000,1,6681.173,707.668,6.000,6140.000,390.000,90.000,63.866,58,-1.000,-1.000
1933,16.826061,16.667498,19,1,0,5,0.000,1,6681.173,707.668,6.000,6140.000,390.000,90.000,63.866,58,-1.000,-1.000
1934,15.543182,16.667596,19,1,0,5,0.000,1,6681.173,707.668,6.000,6140.000,390.000,90.000,63.866,58,-1.000,-1.000
1935,17.123497,16.667708,19,1,0,5,0.000,1,6681.173,707.668,6.000,6140.000,390.000,90.000,63.866,58,-1.000,-1.000
1936,16.110425,16.667788,19,1,0,5,0.000,1,6681.173,707.668,6.000,6140.000,390.000,90.000,63.866,58,-1.000,-1.000
1937,16.954904,16.668506,19,1,0,5,0.000,1,6681.173,707.668,6.000,6140.000,390.000,90.000,63.866,58,-1.000,-1.000
1938,16.645937,16.668868,19,1,0,5,0.000,1,6681.173,707.668,6.000,6140.000,390.000,90.000,63.866,58,-1.000,-1.000
1939,16.176126,16.668427,19,1,0,5,0.000,1,6681.173,707.668,6.000,6140.000,390.000,90.000,63.866,58,-1.000,-1.000
1940,15.233204,16.667907,19,1,0,5,0.000,1,6681.173,707.668,6.000,6140.000,390.000,90.000,63.866,58,-1.000,-1.000
1941,18.342655,16.668558,19,1,0,5,0.000,1,6681.173,707.668,6.000,6140.000,390.000,90.000,63.866,58,-1.000,-1.000
1942,18.775715,16.667837,19,1,0,5,0.000,1,6681.173,707.668,6.000,6140.000,390.000,90.000,63.866,58,-1.000,-1.000
1943,15.756617,16.667237,19,1,0,5,0.000,1,6681.173,707.668,6.000,6140.000,390.000,90.000,63.866,58,-1.000,-1.000
1944,15.243955,16.668177,19,1,0,5,0.000,1,6681.173,707.668,6.000,6140.000,390.000,90.000,63.866,58,-1.000,-1.000
1945,20.719729,16.668138,19,1,0,5,0.000,1,6681.173,707.668,6.000,6140.000,390.000,90.000,63.866,58,-1.000,-1.000
1946,10.580149,16.668756,19,1,0,5,0.000,1,6681.173,707.668,6.000,6140.000,390.000,90.000,63.866,58,-1.000,-1.000
1947,20.009533,16.668548,19,1,0,5,0.000,1,6681.173,707.668,6.000,6140.000,390.000,90.000,63.866,58,-1.000,-1.000
1948,13.232930,16.668088,19,1,0,5,0.000,1,6681.173,707.668,6.000,6140.000,390.000,90.000,63.866,58,-1.000,-1.000
1949,17.796722,16.667406,19,1,0,5,0.000,1,6681.173,707.668,6.000,6140.000,390.000,90.000,63.866,58,-1.000,-1.000
1950,18.735714,16.668828,19,1,0,5,0.000,1,6681.173,707.668,6.000,6140.000,390.000,90.000,63.866,58,-1.000,-1.000
1951,17.263641,16.668037,19,1,0,5,0.000,1,6681.173,707.668,6.000,6140.000,390.000,90.000,63.866,58,-1.000,-1.000
1952,17.912485,16.668447,19,1,0,5,0.000,1,6681.173,707.668,6.000,6140.000,390.000,90.000,63.866,58,-1.000,-1.000
1953,16.397182,16.668347,21,1,0,5,0.000,1,6681.173,707.668,6.000,6140.000,390.000,90.000,63.866,58,-1.000,-1.000
1954,250.160341,16.667718,21,1,0,5,0.000,1,6681.173,707.668,6.000,6140.000,390.000,90.000,63.866,58,-1.000,-1.000
1955,7.642173,243.528241,21,1,0,5,0.000,1,6681.173,707.668,6.000,6140.000,390.000,90.000,63.866,58,-1.000,-1.000
1956,16.458913,16.667218,21,1,0,5,0.000,1,6681.173,707.668,6.000,6140.000,390.000,90.000,63.866,58,-1.000,-1.000
1957,16.961464,16.667616,21,1,0,5,0.000,1,6681.173,707.668,6.000,6140.000,390.000,90.000,63.866,58,-1.000,-1.000
1958,11.463409,16.666978,21,1,0,5,0.000,1,6681.173,707.668,6.000,6140.000,390.000,90.000,63.866,58,-1.000,-1.000
1959,20.749219,16.667167,21,1,0,5,0.000,1,6681.173,707.668,6.000,6140.000,390.000,90.000,63.866,58,-1.000,-1.000
1960,17.470645,16.667147,21,1,0,5,0.000,1,6681.173,707.668,6.000,6140.000,390.000,90.000,63.866,58,-1.000,-1.000
1961,12.977014,16.667467,21,1,0,5,0.000,1,6681.173,707.668,6.000,6140.000,390.000,90.000,63.866,58,-1.000,-1.000
1962,20.009623,16.667968,21,1,0,5,0.000,1,6681.173,707.668,6.000,6140.000,390.000,90.000,63.866,58,-1.000,-1.000
1963,12.474663,16.667356,21,1,0,5,0.000,1,6681.173,707.668,6.000,6140.000,390.000,90.000,63.866,58,-1.000,-1.000
1964,20.357460,16.667118,21,1,0,5,0.000,1,6681.173,707.668,6.000,6140.000,390.000,90.000,63.866,58,-1.000,-1.000
1965,18.012558,16.667417,21,1,0,5,0.000,1,6681.173,707.668,6.000,6140.000,390.000,90.000,63.866,58,-1.000,-1.000
1966,12.287388,16.667997,21,1,0,5,0.000,1,6681.173,707.668,6.000,6140.000,390.000,90.000,63.866,58,-1.000,-1.000
1967,20.872112,16.667267,21,1,0,5,0.000,1,6681.173,707.668,6.000,6140.000,390.000,90.000,63.866,58,-1.000,-1.000
1968,12.336620,16.667828,21,1,0,5,0.000,1,6681.173,707.668,6.000,6140.000,390.000,90.000,63.866,58,-1.000,-1.000
1969,22.449977,16.667076,21,1,0,5,0.000,1,6681.173,707.668,6.000,6140.000,390.000,90.000,63.866,58,-1.000,-1.000
1970,11.701525,16.668768,24,1,0,5,0.000,1,6681.173,707.668,6.000,6140.000,390.000,90.000,63.866,58,-1.000,-1.000
1971,21.934007,16.667628,24,1,0,5,0.000,1,6681.173,707.668,6.000,6770.000,700.000,90.000,63.866,58,-1.000,-1.000
1972,11.432528,16.667026,24,1,0,5,0.000,1,6681.173,707.668,6.000,6770.000,700.000,90.000,63.866,58,-1.000,-1.000
1973,16.788870,16.668938,24,1,0,5,0.000,1,6681.173,707.668,6.000,6770.000,700.000,90.000,63.866,58,-1.000,-1.000
1974,19.836179,16.667427,24,1,0,5,0.000,1,6681.173,707.668,6.000,6770.000,700.000,90.000,63.866,58,-1.000,-1.000
1975,16.541314,16.668667,24,1,0,5,0.000,1,6681.173,707.668,6.000,6770.000,700.000,90.000,63.866,58,-1.000,-1.000
1976,16.691118,16.668607,24,1,0,5,0.000,1,6681.173,707.668,6.000,6770.000,700.000,90.000,63.866,58,-1.000,-1.000
1977,19.202385,16.667888,24,1,0,5,0.000,1,6681.173,707.668,6.000,6770.000,700.000,90.000,63.866,58,-1.000,-1.000
1978,11.001289,16.668226,24,1,0,5,0.000,1,6681.173,707.668,6.000,6770.000,700.000,90.000,63.866,58,-1.000,-1.000
1979,20.019453,16.667108,24,1,0,5,0.000,1,6681.173,707.668,6.000,6770.000,700.000,90.000,63.866,58,-1.000,-1.000
1980,16.398041,16.667878,24,1,0,5,0.000,1,6681.173,707.668,6.000,6770.000,700.000,90.000,63.866,58,-1.000,-1.000
1981,16.843592,16.669126,24,1,0,5,0.000,1,6681.173,707.668,6.000,6770.000,700.000,90.000,63.866,58,-1.000,-1.000
1982,16.137975,16.667758,24,1,0,5,0.000,1,6681.173,707.668,6.000,6770.000,700.000,90.000,63.866,58,-1.000,-1.000
1983,18.028198,16.667977,24,1,0,5,0.000,1,6681.173,707.668,6.000,6770.000,700.000,90.000,63.866,58,-1.000,-1.000
1984,14.181851,16.667827,24,1,0,5,0.000,1,6681.173,707.668,6.000,6770.000,700.000,90.000,63.866,58,-1.000,-1.000
1985,17.831243,16.667747,24,1,0,5,0.000,1,6681.173,707.668,6.000,6770.000,700.000,90.000,63.866,58,-1.000,-1.000
1986,16.802410,16.668158,24,1,0,5,0.000,1,6681.173,707.668,6.000,6770.000,700.000,90.000,60.866,58,-1.000,-1.000
1987,16.704258,16.668336,24,1,0,5,0.000,1,6681.173,707.668,6.000,6770.000,700.000,90.000,60.866,58,-1.000,-1.000
1988,18.581601,16.667138,24,1,0,5,0.000,1,6681.173,707.668,6.000,6770.000,700.000,90.000,60.866,58,-1.000,-1.000
1989,11.333956,16.667597,24,1,0,5,0.000,1,6681.173,707.668,6.000,6770.000,700.000,90.000,60.866,58,-1.000,-1.000
1990,20.177067,16.668547,24,1,0,5,0.000,1,6681.173,707.668,6.000,6770.000,700.000,90.000,60.866,58,-1.000,-1.000
1991,18.241142,16.667797,24,1,0,5,0.000,1,6681.173,707.668,6.000,6770.000,700.000,90.000,60.866,58,-1.000,-1.000
1992,11.590603,16.667818,24,1,0,5,0.000,1,6681.173,707.668,6.000,6770.000,700.000,90.000,60.866,58,-1.000,-1.000
1993,18.960229,16.667577,24,1,0,5,0.000,1,6681.173,707.668,6.000,6770.000,700.000,90.000,60.866,58,-1.000,-1.000
1994,19.906681,16.667207,24,1,0,5,0.000,1,6681.173,707.668,6.000,6770.000,700.000,90.000,60.866,58,-1.000,-1.000
1995,11.304045,16.668158,24,1,0,5,0.000,1,6681.173,707.668,6.000,6770.000,700.000,90.000,60.866,58,-1.000,-1.000
1996,19.259946,16.667746,24,1,0,5,0.000,1,6681.173,707.668,6.000,6770.000,700.000,90.000,60.866,58,-1.000,-1.000
1997,19.300877,16.667638,24,1,0,5,0.000,1,6681.173,707.668,6.000,6770.000,700.000,90.000,60.866,58,-1.000,-1.000
1998,11.289985,16.668766,24,1,0,5,0.000,1,6681.173,707.668,6.000,6770.000,700.000,90.000,60.866,58,-1.000,-1.000
1999,21.804894,16.667848,24,1,0,5,0.000,1,6681.173,707.668,6.000,6770.000,700.000,90.000,60.866,58,-1.000,-1.000
2000,15.832288,16.668967,25,1,0,5,0.000,1,6681.173,707.668,6.000,6770.000,700.000,90.000,60.866,58,-1.000,-1.000
2001,16.280969,16.668757,25,1,0,5,0.000,1,6681.173,707.668,6.000,6770.000,700.000,90.000,57.866,58,-1.000,-1.000
2002,17.036135,16.668137,25,1,0,5,0.000,1,6681.173,707.668,6.000,6770.000,700.000,90.000,57.866,58,-1.000,-1.000
2003,15.741227,16.667348,25,1,0,5,0.000,1,6681.173,707.668,6.000,6770.000,700.000,90.000,57.866,58,-1.000,-1.000
2004,17.197149,16.668046,25,1,0,5,0.000,1,6681.173,707.668,6.000,6770.000,700.000,90.000,57.866,58,-1.000,-1.000
2005,18.032248,16.668728,25,1,0,5,0.000,1,6681.173,707.668,6.000,6770.000,700.000,90.000,57.866,58,-1.000,-1.000
2006,16.194026,16.668258,25,1,0,5,0.000,1,6681.173,707.668,6.000,6770.000,700.000,90.000,57.866,58,-1.000,-1.000
2007,16.562025,16.667786,25,1,0,5,0.000,1,6681.173,707.668,6.000,6770.000,700.000,90.000,57.866,58,-1.000,-1.000
2008,16.638996,16.667848,25,1,0,5,0.000,1,6681.173,707.668,6.000,6770.000,700.000,90.000,57.866,58,-1.000,-1.000
2009,13.998637,16.667887,25,1,0,5,0.000,1,6681.173,707.668,6.000,6770.000,700.000,90.000,57.866,58,-1.000,-1.000
2010,18.246864,16.667577,25,1,0,5,0.000,1,6681.173,707.668,6.000,6770.000,700.000,90.000,57.866,58,-1.000,-1.000
2011,17.486575,16.668207,25,1,0,5,0.000,1,6681.173,707.668,6.000,6770.000,700.000,90.000,57.866,58,-1.000,-1.000
2012,15.267915,16.668108,25,1,0,5,0.000,1,6681.173,707.668,6.000,6770.000,700.000,90.000,57.866,58,-1.000,-1.000
2013,17.337973,16.668596,25,1,0,5,0.000,1,6681.173,707.668,6.000,6770.000,700.000,90.000,57.866,58,-1.000,-1.000
2014,17.236670,16.667988,25,1,0,5,0.000,1,6681.173,707.668,6.000,6770.000,700.000,90.000,57.866,58,-1.000,-1.000
2015,16.289678,16.667347,25,1,0,5,0.000,1,6681.173,707.668,6.000,6770.000,700.000,90.000,57.866,58,-1.000,-1.000
2016,16.634667,16.668637,25,1,0,5,0.000,1,6681.173,707.668,6.000,6770.000,700.000,90.000,54.865,58,-1.000,-1.000
2017,17.860465,16.668698,25,1,0,5,0.000,1,6681.173,707.668,6.000,6770.000,700.000,90.000,54.865,58,-1.000,-1.000
2018,16.932983,16.668797,25,1,0,5,0.000,1,6681.173,707.668,6.000,6770.000,700.000,90.000,54.865,58,-1.000,-1.000
2019,11.701984,16.668807,25,1,0,5,0.000,1,6681.173,707.668,6.000,6770.000,700.000,90.000,54.865,58,-1.000,-1.000
2020,17.115227,16.669147,25,1,0,5,0.000,1,6681.173,707.668,6.000,6770.000,700.000,90.000,54.865,58,-1.000,-1.000
2021,20.134736,16.668838,25,1,0,5,0.000,1,6681.173,707.668,6.000,6770.000,700.000,90.000,54.865,58,-1.000,-1.000
2022,17.952926,16.667556,25,1,0,5,0.000,1,6681.173,707.668,6.000,6770.000,700.000,90.000,54.865,58,-1.000,-1.000
2023,15.178524,16.667818,25,1,0,5,0.000,1,6681.173,707.668,6.000,6770.000,700.000,90.000,54.865,58,-1.000,-1.000
2024,16.103655,16.667587,25,1,0,5,0.000,1,6681.173,707.668,6.000,6770.000,700.000,90.000,54.865,58,-1.000,-1.000
2025,17.492265,16.667997,25,1,0,5,0.000,1,6681.173,707.668,6.000,6770.000,700.000,90.000,54.865,58,-1.000,-1.000
2026,12.493753,16.667217,25,1,0,5,0.000,1,6681.173,707.668,6.000,6770.000,700.000,90.000,54.865,58,-1.000,-1.000
2027,21.341143,16.667818,25,1,0,5,0.000,1,6681.173,707.668,6.000,6770.000,700.000,90.000,54.865,58,-1.000,-1.000
2028,16.516544,16.667356,25,1,0,5,0.000,1,6681.173,707.668,6.000,6770.000,700.000,90.000,54.865,58,-1.000,-1.000
2029,16.917112,16.668878,25,1,0,5,0.000,1,6681.173,707.668,6.000,6770.000,700.000,90.000,54.865,58,-1.000,-1.000
2030,11.940550,16.668957,25,1,0,5,0.000,1,6681.173,707.668,6.000,6770.000,700.000,90.000,54.865,58,-1.000,-1.000
2031,18.655893,16.668417,25,1,0,5,0.000,1,6681.173,707.668,6.000,6770.000,700.000,90.000,51.865,58,-1.000,-1.000
2032,19.368258,16.668148,25,1,0,5,0.000,1,6681.173,707.668,6.000,6770.000,700.000,90.000,51.865,58,-1.000,-1.000
2033,11.944910,16.668207,25,1,0,5,0.000,1,6681.173,707.668,6.000,6770.000,700.000,90.000,51.865,58,-1.000,-1.000
2034,18.975619,16.668367,25,1,0,5,0.000,1,6681.173,707.668,6.000,6770.000,700.000,90.000,51.865,58,-1.000,-1.000
2035,18.449308,16.667577,25,1,0,5,0.000,1,6681.173,707.668,6.000,6770.000,700.000,90.000,51.865,58,-1.000,-1.000
2036,17.414504,16.669068,25,1,0,5,0.000,1,6681.173,707.668,6.000,6770.000,700.000,90.000,51.865,58,-1.000,-1.000
2037,15.451640,16.668436,25,1,0,5,0.000,1,6681.173,707.668,6.000,6770.000,700.000,90.000,51.865,58,-1.000,-1.000
2038,16.013173,16.668358,25,1,0,5,0.000,1,6681.173,707.668,6.000,6770.000,700.000,90.000,51.865,58,-1.000,-1.000
2039,15.996452,16.667517,25,1,0,5,0.000,1,6681.173,707.668,6.000,6770.000,700.000,90.000,51.865,58,-1.000,-1.000
2040,17.022585,16.667587,25,1,0,5,0.000,1,6681.173,707.668,6.000,6770.000,700.000,90.000,51.865,58,-1.000,-1.000
2041,16.717557,16.667337,25,1,0,5,0.000,1,6681.173,707.668,6.000,6770.000,700.000,90.000,51.865,58,-1.000,-1.000
2042,16.580286,16.667668,25,1,0,5,0.000,1,6681.173,707.668,6.000,6770.000,700.000,90.000,51.865,58,-1.000,-1.000
2043,18.535759,16.666906,25,1,0,5,0.000,1,6681.173,707.668,6.000,6770.000,700.000,90.000,51.865,58,-1.000,-1.000
2044,16.906293,16.667348,25,1,0,5,0.000,1,6681.173,707.668,6.000,6770.000,700.000,90.000,51.865,58,-1.000,-1.000
