frame,wall_ms,sim_ms,gpu_ms,phase,shot_requested,x,y,z,yaw,ready,aa,screen_percentage
767,18.329387,205.535335,4.085000,1,0,0.0000,0.0000,88.0000,0.0000,0,4.0,100.00
768,16.368706,18.315476,7.702000,1,0,0.0000,0.0000,90.0000,0.0000,0,4.0,100.00
769,14.941016,16.478559,7.702000,1,0,0.0000,0.0000,90.0000,0.0000,0,4.0,100.00
770,15.778253,14.866904,4.288000,1,0,0.0000,0.0000,90.0000,0.0000,0,4.0,100.00
771,15.674562,15.761673,3.934000,1,0,6000.0000,-1000.0000,90.0000,0.0000,0,4.0,100.00
772,17.480439,15.676302,3.816000,1,0,6000.0000,-1000.0000,90.0000,0.0000,1,4.0,100.00
773,22.874304,17.465558,3.613000,1,0,6000.0000,-1000.0000,90.0000,0.0000,1,4.0,100.00
774,18.123963,23.459207,4.451000,1,0,6000.0000,-1000.0000,90.0000,0.0000,1,4.0,100.00
775,13.713250,17.547960,3.928000,1,0,6000.0000,-1000.0000,90.0000,0.0000,1,4.0,100.00
776,13.090646,13.703040,3.824000,1,0,6000.0000,-1000.0000,90.0000,0.0000,1,4.0,100.00
777,12.158247,13.081456,3.576000,1,0,6000.0000,-1000.0000,90.0000,0.0000,1,4.0,100.00
778,11.157506,12.225319,3.595000,1,0,6000.0000,-1000.0000,90.0000,0.0000,1,4.0,100.00
779,11.671847,11.103324,3.761000,1,0,6000.0000,-1000.0000,90.0000,0.0000,1,4.0,100.00
780,12.122576,11.592516,3.552000,1,0,6000.0000,-1000.0000,90.0000,0.0000,1,4.0,100.00
781,11.946643,12.099295,3.544000,1,0,6000.0000,-1000.0000,90.0000,0.0000,1,4.0,100.00
782,11.965602,11.996694,3.633000,1,0,6000.0000,-1000.0000,90.0000,0.0000,1,4.0,100.00
783,11.898702,11.974203,3.662000,1,0,6000.0000,-1000.0000,90.0000,0.0000,1,4.0,100.00
784,12.243549,11.938042,3.522000,1,0,6000.0000,-1000.0000,90.0000,0.0000,1,4.0,100.00
785,11.740798,12.213978,3.488000,1,0,6000.0000,-1000.0000,90.0000,0.0000,1,4.0,100.00
786,13.389673,11.725048,3.521000,1,0,6000.0000,-1000.0000,90.0000,0.0000,1,4.0,100.00
787,12.851461,13.369803,3.502000,1,0,6000.0000,-1000.0000,90.0000,0.0000,1,4.0,100.00
788,12.398032,12.857891,3.481000,1,0,6000.0000,-1000.0000,90.0000,0.0000,1,4.0,100.00
789,12.514785,12.400912,3.476000,1,0,6000.0000,-1000.0000,90.0000,0.0000,1,4.0,100.00
790,11.991683,12.530115,3.551000,1,0,6000.0000,-1000.0000,90.0000,0.0000,1,4.0,100.00
791,12.157107,12.056565,3.459000,1,0,6000.0000,-1000.0000,90.0000,0.0000,1,4.0,100.00
792,12.191738,12.132387,3.575000,1,0,6000.0000,-1000.0000,90.0000,0.0000,1,4.0,100.00
793,13.821202,12.183737,3.553000,1,0,6000.0000,-1000.0000,90.0000,0.0000,1,4.0,100.00
794,14.063337,13.837452,3.593000,1,0,6000.0000,-1000.0000,90.0000,0.0000,1,4.0,100.00
795,13.160778,14.050047,3.560000,1,0,6000.0000,-1000.0000,90.0000,0.0000,1,4.0,100.00
796,12.951514,13.163588,3.528000,1,0,6000.0000,-1000.0000,90.0000,0.0000,1,4.0,100.00
797,12.619607,12.937784,3.517000,1,0,6000.0000,-1000.0000,90.0000,0.0000,1,4.0,100.00
798,12.379491,12.615467,3.535000,1,0,6000.0000,-1000.0000,90.0000,0.0000,1,4.0,100.00
799,12.534456,12.382091,3.551000,1,0,6000.0000,-1000.0000,90.0000,0.0000,1,4.0,100.00
800,12.085745,12.543666,3.524000,1,0,6000.0000,-1000.0000,90.0000,0.0000,1,4.0,100.00
801,11.853211,12.081095,3.486000,1,0,6000.0000,-1000.0000,90.0000,0.0000,1,4.0,100.00
802,10.841888,11.882981,3.475000,1,0,6000.0000,-1000.0000,90.0000,0.0000,1,4.0,100.00
803,9.446150,10.863250,3.495000,1,0,6000.0000,-1000.0000,90.0000,0.0000,1,4.0,100.00
804,9.496581,9.401259,3.493000,1,0,6000.0000,-1000.0000,90.0000,0.0000,1,4.0,100.00
805,9.845488,9.492051,3.573000,1,0,6000.0000,-1000.0000,90.0000,0.0000,1,4.0,100.00
806,8.660813,9.839427,3.473000,1,0,6000.0000,-1000.0000,90.0000,0.0000,1,4.0,100.00
807,9.664965,8.633533,3.503000,1,0,6000.0000,-1000.0000,90.0000,0.0000,1,4.0,100.00
808,11.478052,9.666684,3.451000,1,0,6000.0000,-1000.0000,90.0000,0.0000,1,4.0,100.00
809,11.549805,11.545414,3.487000,1,0,6000.0000,-1000.0000,90.0000,0.0000,1,4.0,100.00
810,10.215455,11.545684,3.515000,1,0,6000.0000,-1000.0000,90.0000,0.0000,1,4.0,100.00
811,10.134444,10.226166,3.483000,1,0,6000.0000,-1000.0000,90.0000,0.0000,1,4.0,100.00
812,10.047143,10.088253,3.483000,1,0,6000.0000,-1000.0000,90.0000,0.0000,1,4.0,100.00
813,11.047553,10.049673,3.474000,1,0,6000.0000,-1000.0000,90.0000,0.0000,1,4.0,100.00
814,10.338168,11.049213,3.472000,1,0,6000.0000,-1000.0000,90.0000,0.0000,1,4.0,100.00
815,10.302529,10.335279,3.462000,1,0,6000.0000,-1000.0000,90.0000,0.0000,1,4.0,100.00
816,10.353828,10.315098,3.475000,1,0,6000.0000,-1000.0000,90.0000,0.0000,1,4.0,100.00
817,10.076973,10.353558,3.551000,1,0,6000.0000,-1000.0000,90.0000,0.0000,1,4.0,100.00
818,9.887689,10.083094,3.513000,1,0,6000.0000,-1000.0000,90.0000,0.0000,1,4.0,100.00
819,9.883239,9.874118,3.386000,1,0,6000.0000,-1000.0000,90.0000,0.0000,1,4.0,100.00
820,9.924780,9.901910,3.442000,1,0,6000.0000,-1000.0000,90.0000,0.0000,1,4.0,100.00
821,10.753327,9.904219,3.466000,1,0,6000.0000,-1000.0000,90.0000,0.0000,1,4.0,100.00
822,9.788287,10.777978,3.472000,1,0,6000.0000,-1000.0000,90.0000,0.0000,1,4.0,100.00
823,10.215916,9.759066,3.565000,1,0,6000.0000,-1000.0000,90.0000,0.0000,1,4.0,100.00
824,10.778358,10.256237,3.470000,1,0,6000.0000,-1000.0000,90.0000,0.0000,1,4.0,100.00
825,10.150704,10.766627,3.512000,1,0,6000.0000,-1000.0000,90.0000,0.0000,1,4.0,100.00
826,9.938230,10.157856,3.536000,1,0,6000.0000,-1000.0000,90.0000,0.0000,1,4.0,100.00
827,11.265809,9.983861,3.573000,1,0,6000.0000,-1000.0000,90.0000,0.0000,1,4.0,100.00
828,9.757125,11.195036,3.517000,1,0,6000.0000,-1000.0000,90.0000,0.0000,1,4.0,100.00
829,10.208667,9.794447,3.558000,1,0,6000.0000,-1000.0000,90.0000,0.0000,1,4.0,100.00
830,8.893627,10.187165,3.413000,1,0,6000.0000,-1000.0000,90.0000,0.0000,1,4.0,100.00
831,10.409331,8.931409,3.485000,1,0,6000.0000,-1000.0000,90.0000,0.0000,1,4.0,100.00
832,9.826338,10.358229,3.458000,1,0,6000.0000,-1000.0000,90.0000,0.0000,1,4.0,100.00
833,11.151805,9.816648,3.466000,1,0,6000.0000,-1000.0000,90.0000,0.0000,1,4.0,100.00
834,11.797870,11.186286,3.426000,1,0,6000.0000,-1000.0000,90.0000,0.0000,1,4.0,100.00
835,9.824956,11.784809,3.439000,1,0,6000.0000,-1000.0000,90.0000,0.0000,1,4.0,100.00
836,9.570333,9.878209,3.486000,1,0,6000.0000,-1000.0000,90.0000,0.0000,1,4.0,100.00
837,9.463110,9.526541,3.586000,1,0,6000.0000,-1000.0000,90.0000,0.0000,1,4.0,100.00
838,9.643434,9.502441,3.459000,1,0,6000.0000,-1000.0000,90.0000,0.0000,1,4.0,100.00
839,8.350036,9.643333,3.459000,1,0,6000.0000,-1000.0000,90.0000,0.0000,1,4.0,100.00
840,11.318690,8.382148,3.450000,1,0,6000.0000,-1000.0000,90.0000,0.0000,1,4.0,100.00
841,9.506791,11.388300,3.441000,1,0,6000.0000,-1000.0000,90.0000,0.0000,1,4.0,100.00
842,9.036020,9.421130,3.441000,1,0,6000.0000,-1000.0000,90.0000,0.0000,1,4.0,100.00
843,9.014731,9.061112,3.584000,1,0,6000.0000,-1000.0000,90.0000,0.0000,1,4.0,100.00
844,9.456720,8.973139,3.494000,1,0,6000.0000,-1000.0000,90.0000,0.0000,1,4.0,100.00
845,9.450390,9.384648,3.494000,1,0,6000.0000,-1000.0000,90.0000,0.0000,1,4.0,100.00
846,10.842419,9.490600,3.508000,1,0,6000.0000,-1000.0000,90.0000,0.0000,1,4.0,100.00
847,11.175756,10.816349,3.538000,1,0,6000.0000,-1000.0000,90.0000,0.0000,1,4.0,100.00
848,11.721348,11.232047,3.514000,1,0,6000.0000,-1000.0000,90.0000,0.0000,1,4.0,100.00
849,11.067044,11.701528,3.596000,1,0,6000.0000,-1000.0000,90.0000,0.0000,1,4.0,100.00
850,10.981932,11.003013,3.535000,1,0,6000.0000,-1000.0000,90.0000,0.0000,1,4.0,100.00
851,10.667936,10.978952,3.488000,1,0,6000.0000,-1000.0000,90.0000,0.0000,1,4.0,100.00
852,11.390890,10.654005,3.427000,1,0,6000.0000,-1000.0000,90.0000,0.0000,1,4.0,100.00
853,10.828699,11.370850,3.540000,1,0,6000.0000,-1000.0000,90.0000,0.0000,1,4.0,100.00
854,10.678566,10.835419,3.563000,1,0,6000.0000,-1000.0000,90.0000,0.0000,1,4.0,100.00
855,11.170046,10.669876,3.495000,1,0,6000.0000,-1000.0000,90.0000,0.0000,1,4.0,100.00
856,10.717366,11.201017,3.476000,1,0,6000.0000,-1000.0000,90.0000,0.0000,1,4.0,100.00
857,11.297340,10.732247,3.483000,1,0,6000.0000,-1000.0000,90.0000,0.0000,1,4.0,100.00
858,11.763748,11.260938,3.583000,1,0,6000.0000,-1000.0000,90.0000,0.0000,1,4.0,100.00
859,11.493133,11.754819,3.553000,1,0,6000.0000,-1000.0000,90.0000,0.0000,1,4.0,100.00
860,11.767669,11.491112,3.479000,1,0,6000.0000,-1000.0000,90.0000,0.0000,1,4.0,100.00
861,10.545472,11.767529,3.554000,1,0,6000.0000,-1000.0000,90.0000,0.0000,1,4.0,100.00
862,11.076754,10.565363,3.480000,1,0,6000.0000,-1000.0000,90.0000,0.0000,1,4.0,100.00
863,9.855119,11.077724,3.399000,1,0,6000.0000,-1000.0000,90.0000,0.0000,1,4.0,100.00
864,11.339530,9.839018,3.530000,1,0,6000.0000,-1000.0000,90.0000,0.0000,1,4.0,100.00
865,11.147296,11.336200,3.522000,1,0,6000.0000,-1000.0000,90.0000,0.0000,1,4.0,100.00
866,11.449191,11.172036,3.495000,1,0,6000.0000,-1000.0000,90.0000,0.0000,1,4.0,100.00
867,11.309359,11.429631,3.232000,1,0,6000.0000,-1000.0000,90.0000,0.0000,1,4.0,100.00
868,10.719917,11.321160,3.441000,1,0,6000.0000,-1000.0000,90.0000,0.0000,1,4.0,100.00
869,13.069646,10.764937,3.295000,1,0,6000.0000,-1000.0000,90.0000,0.0000,1,4.0,100.00
870,10.690386,13.128938,3.354000,1,0,6000.0000,-1000.0000,90.0000,0.0000,1,4.0,100.00
871,13.651629,10.624074,3.212000,1,0,6000.0000,-1000.0000,90.0000,0.0000,1,4.0,100.00
872,12.738579,13.661970,3.200000,1,0,6000.0000,-1000.0000,90.0000,0.0000,1,4.0,100.00
873,12.285720,12.780990,3.267000,1,0,6000.0000,-1000.0000,90.0000,0.0000,1,4.0,100.00
874,12.523344,12.242958,3.283000,1,0,6000.0000,-1000.0000,90.0000,0.0000,1,4.0,100.00
875,11.593116,12.551255,3.326000,1,0,6000.0000,-1000.0000,90.0000,0.0000,1,4.0,100.00
876,11.959053,11.587856,3.260000,1,0,6000.0000,-1000.0000,90.0000,0.0000,1,4.0,100.00
877,11.873120,11.959462,3.220000,1,0,6000.0000,-1000.0000,90.0000,0.0000,1,4.0,100.00
878,11.916932,12.014094,3.274000,1,0,6000.0000,-1000.0000,90.0000,0.0000,1,4.0,100.00
879,12.276590,11.785310,3.236000,1,0,6000.0000,-1000.0000,90.0000,0.0000,1,4.0,100.00
880,11.740637,12.276609,3.289000,1,0,6000.0000,-1000.0000,90.0000,0.0000,1,4.0,100.00
881,11.756079,11.739718,3.247000,1,0,6000.0000,-1000.0000,90.0000,0.0000,1,4.0,100.00
882,11.843611,11.795469,3.255000,1,0,6000.0000,-1000.0000,90.0000,0.0000,1,4.0,100.00
883,12.862982,11.809920,3.223000,1,0,6000.0000,-1000.0000,90.0000,0.0000,1,4.0,100.00
884,12.072895,12.856662,3.276000,1,0,6000.0000,-1000.0000,90.0000,0.0000,1,4.0,100.00
885,12.353881,12.082295,3.252000,1,0,6000.0000,-1000.0000,90.0000,0.0000,1,4.0,100.00
886,11.929892,12.381162,3.339000,1,0,6000.0000,-1000.0000,90.0000,0.0000,1,4.0,100.00
887,12.296779,11.952912,3.182000,1,0,6000.0000,-1000.0000,90.0000,0.0000,1,4.0,100.00
888,12.247470,12.234329,3.447000,1,0,6000.0000,-1000.0000,90.0000,0.0000,1,4.0,100.00
889,11.778008,12.245379,3.412000,1,0,6000.0000,-1000.0000,90.0000,0.0000,1,4.0,100.00
890,12.529826,11.777709,3.410000,1,0,6000.0000,-1000.0000,90.0000,0.0000,1,4.0,100.00
891,12.914753,12.586196,3.219000,1,0,6000.0000,-1000.0000,90.0000,0.0000,1,4.0,100.00
892,13.776021,12.866402,3.285000,1,0,6000.0000,-1000.0000,90.0000,0.0000,1,4.0,100.00
893,13.632978,13.767681,3.234000,1,0,6000.0000,-1000.0000,90.0000,0.0000,1,4.0,100.00
894,13.264821,13.639349,3.354000,1,0,6000.0000,-1000.0000,90.0000,0.0000,1,4.0,100.00
895,13.203179,13.259760,3.220000,1,0,6000.0000,-1000.0000,90.0000,0.0000,1,4.0,100.00
896,13.020585,13.178848,3.201000,1,0,6000.0000,-1000.0000,90.0000,0.0000,1,4.0,100.00
897,13.862973,13.037056,3.251000,1,0,6000.0000,-1000.0000,90.0000,0.0000,1,4.0,100.00
898,12.383132,13.888353,3.317000,1,0,6000.0000,-1000.0000,90.0000,0.0000,1,4.0,100.00
899,13.725950,12.370331,3.282000,1,0,6000.0000,-1000.0000,90.0000,0.0000,1,4.0,100.00
900,13.021095,13.705630,3.239000,1,0,6000.0000,-1000.0000,90.0000,0.0000,1,4.0,100.00
901,13.326332,13.041686,3.199000,1,0,6000.0000,-1000.0000,90.0000,0.0000,1,4.0,100.00
902,15.310193,13.360522,3.249000,1,0,6000.0000,-1000.0000,90.0000,0.0000,1,4.0,100.00
903,13.418794,15.310155,3.276000,1,0,6000.0000,-1000.0000,90.0000,0.0000,1,4.0,100.00
904,14.095408,13.390512,3.274000,1,0,6000.0000,-1000.0000,90.0000,0.0000,1,4.0,100.00
905,13.217169,14.113769,3.212000,1,0,6000.0000,-1000.0000,90.0000,0.0000,1,4.0,100.00
906,13.567798,13.204808,3.232000,1,0,6000.0000,-1000.0000,90.0000,0.0000,1,4.0,100.00
907,12.957703,13.531807,3.206000,1,0,6000.0000,-1000.0000,90.0000,0.0000,1,4.0,100.00
908,13.215740,12.949094,3.303000,1,0,6000.0000,-1000.0000,90.0000,0.0000,1,4.0,100.00
909,12.864412,13.432333,3.251000,1,0,6000.0000,-1000.0000,90.0000,0.0000,1,4.0,100.00
910,14.084127,12.677108,3.257000,1,0,6000.0000,-1000.0000,90.0000,0.0000,1,4.0,100.00
911,12.830822,14.087398,3.210000,1,0,6000.0000,-1000.0000,90.0000,0.0000,1,4.0,100.00
912,12.938803,12.826281,3.229000,1,0,6000.0000,-1000.0000,90.0000,0.0000,1,4.0,100.00
913,12.790680,12.925494,3.282000,1,0,6000.0000,-1000.0000,90.0000,0.0000,1,4.0,100.00
914,13.336252,12.793390,3.293000,1,0,6000.0000,-1000.0000,90.0000,0.0000,1,4.0,100.00
915,13.077117,13.402293,3.293000,1,0,6000.0000,-1000.0000,90.0000,0.0000,1,4.0,100.00
916,13.878713,13.029116,3.306000,1,0,6000.0000,-1000.0000,90.0000,0.0000,1,4.0,100.00
917,13.254130,14.000426,3.274000,1,0,6000.0000,-1000.0000,90.0000,0.0000,1,4.0,100.00
918,13.400553,13.108797,3.304000,1,0,6000.0000,-1000.0000,90.0000,0.0000,1,4.0,100.00
919,13.008295,13.367382,3.284000,1,0,6000.0000,-1000.0000,90.0000,0.0000,1,4.0,100.00
920,14.037487,13.003735,3.202000,1,0,6000.0000,-1000.0000,90.0000,0.0000,1,4.0,100.00
921,14.909535,14.053587,3.252000,1,0,6000.0000,-1000.0000,90.0000,0.0000,1,4.0,100.00
922,13.141898,14.903055,3.232000,1,0,6000.0000,-1000.0000,90.0000,0.0000,1,4.0,100.00
923,13.946824,13.136238,3.277000,1,0,6000.0000,-1000.0000,90.0000,0.0000,1,4.0,100.00
924,13.490626,13.943784,3.271000,1,0,6000.0000,-1000.0000,90.0000,0.0000,1,4.0,100.00
925,13.417823,13.493396,3.356000,1,0,6000.0000,-1000.0000,90.0000,0.0000,1,4.0,100.00
926,13.995936,13.409983,3.253000,1,0,6000.0000,-1000.0000,90.0000,0.0000,1,4.0,100.00
927,13.135168,14.005196,3.346000,1,0,6000.0000,-1000.0000,90.0000,0.0000,1,4.0,100.00
928,13.179428,13.127247,3.256000,1,0,6000.0000,-1000.0000,90.0000,0.0000,1,4.0,100.00
929,13.484936,13.197600,3.327000,1,0,6000.0000,-1000.0000,90.0000,0.0000,1,4.0,100.00
930,14.068677,13.494595,3.234000,1,0,6000.0000,-1000.0000,90.0000,0.0000,1,4.0,100.00
931,13.127678,14.058577,3.224000,1,0,6000.0000,-1000.0000,90.0000,0.0000,1,4.0,100.00
932,11.905521,13.125257,3.344000,1,0,6000.0000,-1000.0000,90.0000,0.0000,1,4.0,100.00
933,12.100576,11.941633,3.260000,1,0,6000.0000,-1000.0000,90.0000,0.0000,1,4.0,100.00
934,12.167837,12.054345,3.285000,1,0,6000.0000,-1000.0000,90.0000,0.0000,1,4.0,100.00
935,11.991934,12.167947,3.221000,1,0,6000.0000,-1000.0000,90.0000,0.0000,1,4.0,100.00
936,13.121387,12.003494,3.178000,1,0,6000.0000,-1000.0000,90.0000,0.0000,1,4.0,100.00
937,13.160459,13.115498,3.309000,1,0,6000.0000,-1000.0000,90.0000,0.0000,1,4.0,100.00
938,13.913353,13.150547,3.222000,1,0,6000.0000,-1000.0000,90.0000,0.0000,1,4.0,100.00
939,12.981905,13.926755,3.280000,1,0,6000.0000,-1000.0000,90.0000,0.0000,1,4.0,100.00
940,13.612678,12.982134,3.236000,1,0,6000.0000,-1000.0000,90.0000,0.0000,1,4.0,100.00
941,13.437323,13.583917,3.177000,1,0,6000.0000,-1000.0000,90.0000,0.0000,1,4.0,100.00
942,13.767652,13.441835,3.232000,1,0,6000.0000,-1000.0000,90.0000,0.0000,1,4.0,100.00
943,12.811951,13.913174,3.211000,1,0,6000.0000,-1000.0000,90.0000,0.0000,1,4.0,100.00
944,12.737519,12.751019,3.229000,1,0,6000.0000,-1000.0000,90.0000,0.0000,1,4.0,100.00
945,12.665417,12.775090,3.184000,1,0,6000.0000,-1000.0000,90.0000,0.0000,1,4.0,100.00
946,15.463438,12.635418,3.224000,1,0,6000.0000,-1000.0000,90.0000,0.0000,1,4.0,100.00
947,13.028875,15.493427,3.104000,1,0,6000.0000,-1000.0000,90.0000,0.0000,1,4.0,100.00
948,14.131679,13.105597,3.279000,1,0,6000.0000,-1000.0000,90.0000,0.0000,1,4.0,100.00
949,11.900161,14.022916,3.251000,1,0,6000.0000,-1000.0000,90.0000,0.0000,1,4.0,100.00
950,12.345001,11.911792,3.209000,1,0,6000.0000,-1000.0000,90.0000,0.0000,1,4.0,100.00
951,11.828170,12.290340,3.181000,1,0,6000.0000,-1000.0000,90.0000,0.0000,1,4.0,100.00
952,15.679732,11.823780,3.274000,1,0,6000.0000,-1000.0000,90.0000,0.0000,1,4.0,100.00
953,12.608966,15.725862,3.272000,1,0,6000.0000,-1000.0000,90.0000,0.0000,1,4.0,100.00
954,12.834762,12.568626,3.227000,1,0,6000.0000,-1000.0000,90.0000,0.0000,1,4.0,100.00
955,13.468185,12.869492,3.241000,1,0,6000.0000,-1000.0000,90.0000,0.0000,1,4.0,100.00
956,12.882732,13.452705,3.130000,1,0,6000.0000,-1000.0000,90.0000,0.0000,1,4.0,100.00
957,13.084867,12.865822,3.150000,1,0,6000.0000,-1000.0000,90.0000,0.0000,1,4.0,100.00
958,12.833250,13.076686,3.260000,1,0,6000.0000,-1000.0000,90.0000,0.0000,1,4.0,100.00
959,13.337453,12.841042,3.245000,1,0,6000.0000,-1000.0000,90.0000,0.0000,1,4.0,100.00
960,12.893043,13.382652,3.284000,1,0,6000.0000,-1000.0000,90.0000,0.0000,1,4.0,100.00
961,13.432253,12.839512,3.203000,1,0,6000.0000,-1000.0000,90.0000,0.0000,1,4.0,100.00
962,13.903954,13.454994,3.172000,1,0,6000.0000,-1000.0000,90.0000,0.0000,1,4.0,100.00
963,14.175750,13.902474,3.149000,1,0,6000.0000,-1000.0000,90.0000,0.0000,1,4.0,100.00
964,13.386283,14.188650,3.311000,1,0,6000.0000,-1000.0000,90.0000,0.0000,1,4.0,100.00
965,13.622338,13.354163,3.246000,1,0,6000.0000,-1000.0000,90.0000,0.0000,1,4.0,100.00
966,13.758931,13.624347,3.227000,1,0,6000.0000,-1000.0000,90.0000,0.0000,1,4.0,100.00
967,12.606697,13.762671,3.192000,1,0,6000.0000,-1000.0000,90.0000,0.0000,1,4.0,100.00
968,13.649378,12.614297,3.230000,1,0,6000.0000,-1000.0000,90.0000,0.0000,1,4.0,100.00
969,13.035935,13.675929,3.222000,1,0,6000.0000,-1000.0000,90.0000,0.0000,1,4.0,100.00
970,13.335793,12.996104,3.264000,1,0,6000.0000,-1000.0000,90.0000,0.0000,1,4.0,100.00
971,13.821371,13.347243,3.108000,1,0,6000.0000,-1000.0000,90.0000,0.0000,1,4.0,100.00
972,12.690139,13.813582,3.163000,1,0,6000.0000,-1000.0000,90.0000,0.0000,1,4.0,100.00
973,12.921983,12.695618,3.200000,1,0,6000.0000,-1000.0000,90.0000,0.0000,1,4.0,100.00
974,13.270310,12.977634,3.198000,1,0,6000.0000,-1000.0000,90.0000,0.0000,1,4.0,100.00
975,13.576068,13.201449,3.216000,1,0,6000.0000,-1000.0000,90.0000,0.0000,1,4.0,100.00
976,13.397082,13.624739,3.253000,1,0,6000.0000,-1000.0000,90.0000,0.0000,1,4.0,100.00
977,12.610027,13.354082,3.229000,1,0,6000.0000,-1000.0000,90.0000,0.0000,1,4.0,100.00
978,13.666469,12.633817,3.259000,1,0,6000.0000,-1000.0000,90.0000,0.0000,1,4.0,100.00
979,14.933395,13.647129,3.152000,1,0,6000.0000,-1000.0000,90.0000,0.0000,1,4.0,100.00
980,14.411726,14.950566,3.173000,1,0,6000.0000,-1000.0000,90.0000,0.0000,1,4.0,100.00
981,12.390841,14.442695,3.254000,1,0,6000.0000,-1000.0000,90.0000,0.0000,1,4.0,100.00
982,12.474064,12.364481,3.342000,1,0,6000.0000,-1000.0000,90.0000,0.0000,1,4.0,100.00
983,12.566366,12.538866,3.267000,1,0,6000.0000,-1000.0000,90.0000,0.0000,1,4.0,100.00
984,12.694508,12.520654,3.224000,1,0,6000.0000,-1000.0000,90.0000,0.0000,1,4.0,100.00
985,13.070846,12.727969,3.223000,1,0,6000.0000,-1000.0000,90.0000,0.0000,1,4.0,100.00
986,13.387443,13.038066,3.241000,1,0,6000.0000,-1000.0000,90.0000,0.0000,1,4.0,100.00
987,13.798022,13.331912,3.179000,1,0,6000.0000,-1000.0000,90.0000,0.0000,1,4.0,100.00
988,12.853662,13.901773,3.293000,1,0,6000.0000,-1000.0000,90.0000,0.0000,1,4.0,100.00
989,12.432632,12.774610,3.265000,1,0,6000.0000,-1000.0000,90.0000,0.0000,1,4.0,100.00
990,12.934614,12.406063,3.120000,1,0,6000.0000,-1000.0000,90.0000,0.0000,1,4.0,100.00
991,13.958785,12.940124,3.225000,1,0,6000.0000,-1000.0000,90.0000,0.0000,1,4.0,100.00
992,12.902303,13.963645,3.182000,1,0,6000.0000,-1000.0000,90.0000,0.0000,1,4.0,100.00
993,12.945333,12.952863,3.298000,2,0,6000.0000,-1000.0000,90.0000,0.0000,1,4.0,100.00
994,12.216388,12.876212,3.260000,2,0,6000.0000,-1000.0000,90.0000,0.0000,1,4.0,100.00
995,13.127868,12.234220,3.166000,2,0,6000.0000,-1000.0000,90.0000,0.0000,1,4.0,100.00
996,12.110477,13.111947,3.143000,2,0,6000.0000,-1000.0000,90.0000,0.0000,1,4.0,100.00
997,12.709058,12.132606,3.168000,2,0,6000.0000,-1000.0000,90.0000,0.0000,1,4.0,100.00
998,13.356633,12.691548,3.364000,2,0,6000.0000,-1000.0000,90.0000,0.0000,1,4.0,100.00
999,12.785059,13.380793,3.210000,2,0,6000.0000,-1000.0000,90.0000,0.0000,1,4.0,100.00
1000,12.641128,12.762380,3.237000,2,0,6000.0000,-1000.0000,90.0000,0.0000,1,4.0,100.00
1001,12.958924,12.642147,3.210000,2,0,6000.0000,-1000.0000,90.0000,0.0000,1,4.0,100.00
1002,12.416612,12.951484,3.191000,2,0,6000.0000,-1000.0000,90.0000,0.0000,1,4.0,100.00
1003,12.991785,12.413563,3.238000,2,0,6000.0000,-1000.0000,90.0000,0.0000,1,4.0,100.00
1004,12.042754,12.995255,3.131000,2,0,6000.0000,-1000.0000,90.0000,0.0000,1,4.0,100.00
1005,12.200689,12.065295,3.158000,2,0,6000.0000,-1000.0000,90.0000,0.0000,1,4.0,100.00
1006,12.699298,12.219868,3.127000,2,0,6000.0000,-1000.0000,90.0000,0.0000,1,4.0,100.00
1007,13.166429,12.656678,3.254000,2,0,6000.0000,-1000.0000,90.0000,0.0000,1,4.0,100.00
1008,13.258560,13.172278,3.222000,2,0,6000.0000,-1000.0000,90.0000,0.0000,1,4.0,100.00
1009,13.334422,13.252920,3.173000,2,0,6000.0000,-1000.0000,90.0000,0.0000,1,4.0,100.00
1010,13.178748,13.336812,3.161000,2,0,6000.0000,-1000.0000,90.0000,0.0000,1,4.0,100.00
1011,13.662909,13.178528,3.130000,2,0,6000.0000,-1000.0000,90.0000,0.0000,1,4.0,100.00
1012,11.478962,13.679590,3.186000,2,0,6000.0000,-1000.0000,90.0000,0.0000,1,4.0,100.00
1013,10.793059,11.529804,3.186000,2,0,6000.0000,-1000.0000,90.0000,0.0000,1,4.0,100.00
1014,11.936252,10.726996,3.234000,2,0,6000.0000,-1000.0000,90.0000,0.0000,1,4.0,100.00
1015,13.082537,11.941922,3.169000,2,0,6000.0000,-1000.0000,90.0000,0.0000,1,4.0,100.00
1016,12.108526,13.123788,3.205000,2,0,6000.0000,-1000.0000,90.0000,0.0000,1,4.0,100.00
1017,12.761360,12.102386,3.158000,2,0,6000.0000,-1000.0000,90.0000,0.0000,1,4.0,100.00
1018,13.576297,12.760420,3.219000,2,0,6000.0000,-1000.0000,90.0000,0.0000,1,4.0,100.00
1019,11.589095,13.636458,3.161000,2,0,6000.0000,-1000.0000,90.0000,0.0000,1,4.0,100.00
1020,12.323221,11.565264,3.147000,2,0,6000.0000,-1000.0000,90.0000,0.0000,1,4.0,100.00
1021,13.306431,12.293641,3.150000,2,0,6000.0000,-1000.0000,90.0000,0.0000,1,4.0,100.00
1022,12.878772,13.286940,3.238000,2,0,6000.0000,-1000.0000,90.0000,0.0000,1,4.0,100.00
1023,13.431114,12.858072,3.224000,2,0,6000.0000,-1000.0000,90.0000,0.0000,1,4.0,100.00
1024,12.667778,13.426074,3.260000,2,0,6000.0000,-1000.0000,90.0000,0.0000,1,4.0,100.00
1025,12.801461,12.668618,3.199000,2,0,6000.0000,-1000.0000,90.0000,0.0000,1,4.0,100.00
1026,12.446342,12.857882,3.228000,2,0,6000.0000,-1000.0000,90.0000,0.0000,1,4.0,100.00
1027,12.882683,12.386081,3.214000,2,0,6000.0000,-1000.0000,90.0000,0.0000,1,4.0,100.00
1028,13.028515,12.886303,3.197000,2,0,6000.0000,-1000.0000,90.0000,0.0000,1,4.0,100.00
1029,12.549295,13.036276,3.141000,2,0,6000.0000,-1000.0000,90.0000,0.0000,1,4.0,100.00
1030,12.247990,12.588886,3.261000,2,0,6000.0000,-1000.0000,90.0000,0.0000,1,4.0,100.00
1031,14.451995,12.186008,3.256000,2,0,6000.0000,-1000.0000,90.0000,0.0000,1,4.0,100.00
1032,12.734109,14.451645,3.124000,2,0,6000.0000,-1000.0000,90.0000,0.0000,1,4.0,100.00
1033,12.661348,12.774540,3.162000,2,0,6000.0000,-1000.0000,90.0000,0.0000,1,4.0,100.00
1034,12.657797,12.653608,3.205000,2,0,6000.0000,-1000.0000,90.0000,0.0000,1,4.0,100.00
1035,13.197649,12.900033,3.191000,2,0,6000.0000,-1000.0000,90.0000,0.0000,1,4.0,100.00
1036,12.845912,13.001595,3.200000,2,0,6000.0000,-1000.0000,90.0000,0.0000,1,4.0,100.00
1037,12.782300,12.840101,3.156000,2,0,6000.0000,-1000.0000,90.0000,0.0000,1,4.0,100.00
1038,13.285161,12.789230,3.157000,2,0,6000.0000,-1000.0000,90.0000,0.0000,1,4.0,100.00
1039,13.952005,13.276611,3.178000,2,0,6000.0000,-1000.0000,90.0000,0.0000,1,4.0,100.00
1040,13.033835,13.915974,3.212000,2,0,6000.0000,-1000.0000,90.0000,0.0000,1,4.0,100.00
1041,12.737930,13.047976,3.160000,2,0,6000.0000,-1000.0000,90.0000,0.0000,1,4.0,100.00
1042,13.576928,12.715818,3.184000,2,0,6000.0000,-1000.0000,90.0000,0.0000,1,4.0,100.00
1043,12.127426,13.575708,3.142000,2,0,6000.0000,-1000.0000,90.0000,0.0000,1,4.0,100.00
1044,13.918454,12.131536,3.203000,2,0,6000.0000,-1000.0000,90.0000,0.0000,1,4.0,100.00
1045,13.037076,14.086958,3.133000,2,0,6000.0000,-1000.0000,90.0000,0.0000,1,4.0,100.00
1046,13.007755,12.881602,3.179000,2,0,6000.0000,-1000.0000,90.0000,0.0000,1,4.0,100.00
1047,12.938533,13.017806,3.308000,2,0,6000.0000,-1000.0000,90.0000,0.0000,1,4.0,100.00
1048,12.896392,12.911993,3.234000,2,0,6000.0000,-1000.0000,90.0000,0.0000,1,4.0,100.00
1049,12.709439,12.961654,3.212000,2,0,6000.0000,-1000.0000,90.0000,0.0000,1,4.0,100.00
1050,12.668718,12.651577,3.169000,2,0,6000.0000,-1000.0000,90.0000,0.0000,1,4.0,100.00
1051,14.143149,12.666958,3.241000,2,0,6000.0000,-1000.0000,90.0000,0.0000,1,4.0,100.00
1052,12.807941,14.161399,3.189000,2,0,6000.0000,-1000.0000,90.0000,0.0000,1,4.0,100.00
1053,12.139437,12.839992,3.183000,2,0,6000.0000,-1000.0000,90.0000,0.0000,1,4.0,100.00
1054,14.282871,12.091515,3.241000,2,0,6000.0000,-1000.0000,90.0000,0.0000,1,4.0,100.00
1055,13.250780,14.283422,3.175000,2,0,6000.0000,-1000.0000,90.0000,0.0000,1,4.0,100.00
1056,13.083628,13.275731,3.238000,2,0,6000.0000,-1000.0000,90.0000,0.0000,1,4.0,100.00
1057,12.655847,13.059926,3.300000,2,0,6000.0000,-1000.0000,90.0000,0.0000,1,4.0,100.00
1058,13.004115,12.657537,3.204000,2,0,6000.0000,-1000.0000,90.0000,0.0000,1,4.0,100.00
1059,12.835781,12.996575,3.198000,2,0,6000.0000,-1000.0000,90.0000,0.0000,1,4.0,100.00
1060,11.045864,12.841002,3.266000,2,0,6000.0000,-1000.0000,90.0000,0.0000,1,4.0,100.00
1061,12.260029,11.044023,3.114000,2,0,6000.0000,-1000.0000,90.0000,0.0000,1,4.0,100.00
1062,12.331671,12.277761,3.275000,2,0,6000.0000,-1000.0000,90.0000,0.0000,1,4.0,100.00
1063,12.358091,12.307499,3.231000,2,0,6000.0000,-1000.0000,90.0000,0.0000,1,4.0,100.00
1064,11.867201,12.358371,3.162000,2,0,6000.0000,-1000.0000,90.0000,0.0000,1,4.0,100.00
1065,11.979603,11.878462,3.203000,2,0,6000.0000,-1000.0000,90.0000,0.0000,1,4.0,100.00
1066,13.864534,11.969123,3.163000,2,0,6000.0000,-1000.0000,90.0000,0.0000,1,4.0,100.00
1067,12.780389,13.887953,3.170000,2,0,6000.0000,-1000.0000,90.0000,0.0000,1,4.0,100.00
1068,13.315492,12.754550,3.187000,2,0,6000.0000,-1000.0000,90.0000,0.0000,1,4.0,100.00
1069,12.523284,13.313051,3.195000,2,0,6000.0000,-1000.0000,90.0000,0.0000,1,4.0,100.00
1070,12.602637,12.563547,3.175000,2,0,6000.0000,-1000.0000,90.0000,0.0000,1,4.0,100.00
1071,12.803121,12.576655,3.170000,2,0,6000.0000,-1000.0000,90.0000,0.0000,1,4.0,100.00
1072,12.959924,12.807141,3.191000,2,0,6000.0000,-1000.0000,90.0000,0.0000,1,4.0,100.00
1073,12.681958,13.027385,3.182000,2,0,6000.0000,-1000.0000,90.0000,0.0000,1,4.0,100.00
1074,13.758811,12.623647,3.240000,2,0,6000.0000,-1000.0000,90.0000,0.0000,1,4.0,100.00
1075,12.779380,13.800581,3.135000,2,0,6000.0000,-1000.0000,90.0000,0.0000,1,4.0,100.00
1076,13.240540,12.743750,3.221000,2,0,6000.0000,-1000.0000,90.0000,0.0000,1,4.0,100.00
1077,12.637867,13.231920,3.194000,2,0,6000.0000,-1000.0000,90.0000,0.0000,1,4.0,100.00
1078,15.338714,12.628157,3.137000,2,0,6000.0000,-1000.0000,90.0000,0.0000,1,4.0,100.00
1079,12.769801,15.346514,3.231000,2,0,6000.0000,-1000.0000,90.0000,0.0000,1,4.0,100.00
1080,13.094666,12.766690,3.152000,2,0,6000.0000,-1000.0000,90.0000,0.0000,1,4.0,100.00
1081,11.794270,13.130468,3.152000,2,0,6000.0000,-1000.0000,90.0000,0.0000,1,4.0,100.00
1082,12.408242,11.774109,3.160000,2,0,6000.0000,-1000.0000,90.0000,0.0000,1,4.0,100.00
1083,12.313010,12.408882,3.207000,2,0,6000.0000,-1000.0000,90.0000,0.0000,1,4.0,100.00
1084,12.419793,12.285410,3.180000,2,0,6000.0000,-1000.0000,90.0000,0.0000,1,4.0,100.00
1085,13.451424,12.429093,3.249000,2,0,6000.0000,-1000.0000,90.0000,0.0000,1,4.0,100.00
1086,12.100806,13.578557,3.255000,2,0,6000.0000,-1000.0000,90.0000,0.0000,1,4.0,100.00
1087,12.751070,12.024024,3.184000,2,0,6000.0000,-1000.0000,90.0000,0.0000,1,4.0,100.00
1088,12.969574,12.763079,3.193000,2,0,6000.0000,-1000.0000,90.0000,0.0000,1,4.0,100.00
1089,12.535425,12.965505,3.167000,2,0,6000.0000,-1000.0000,90.0000,0.0000,1,4.0,100.00
1090,14.175740,12.483074,3.145000,2,0,6000.0000,-1000.0000,90.0000,0.0000,1,4.0,100.00
1091,11.781899,14.089008,3.305000,2,0,6000.0000,-1000.0000,90.0000,0.0000,1,4.0,100.00
1092,13.457764,11.915402,3.216000,2,0,6000.0000,-1000.0000,90.0000,0.0000,1,4.0,100.00
1093,12.346371,13.597977,3.205000,2,0,6000.0000,-1000.0000,90.0000,0.0000,1,4.0,100.00
1094,13.660029,12.179788,3.166000,2,0,6000.0000,-1000.0000,90.0000,0.0000,1,4.0,100.00
1095,11.871341,13.589307,3.182000,2,0,6000.0000,-1000.0000,90.0000,0.0000,1,4.0,100.00
1096,12.086146,11.881431,3.217000,2,0,6000.0000,-1000.0000,90.0000,0.0000,1,4.0,100.00
1097,10.264827,12.071515,3.266000,2,0,6000.0000,-1000.0000,90.0000,0.0000,1,4.0,100.00
1098,13.152328,10.304848,3.164000,2,0,6000.0000,-1000.0000,90.0000,0.0000,1,4.0,100.00
1099,12.732419,13.116678,3.235000,2,0,6000.0000,-1000.0000,90.0000,0.0000,1,4.0,100.00
1100,13.220999,12.780000,3.148000,2,0,6000.0000,-1000.0000,90.0000,0.0000,1,4.0,100.00
1101,14.051338,13.175568,3.158000,2,0,6000.0000,-1000.0000,90.0000,0.0000,1,4.0,100.00
1102,13.266631,14.224272,3.165000,2,0,6000.0000,-1000.0000,90.0000,0.0000,1,4.0,100.00
1103,13.438873,13.132857,3.209000,2,0,6000.0000,-1000.0000,90.0000,0.0000,1,4.0,100.00
1104,12.903593,13.469265,3.193000,2,0,6000.0000,-1000.0000,90.0000,0.0000,1,4.0,100.00
1105,12.995725,12.857422,3.225000,2,0,6000.0000,-1000.0000,90.0000,0.0000,1,4.0,100.00
1106,12.580167,13.014955,3.203000,2,0,6000.0000,-1000.0000,90.0000,0.0000,1,4.0,100.00
1107,12.836870,12.556916,3.176000,2,0,6000.0000,-1000.0000,90.0000,0.0000,1,4.0,100.00
1108,12.066265,12.882452,3.224000,2,0,6000.0000,-1000.0000,90.0000,0.0000,1,4.0,100.00
1109,12.263740,12.018054,3.159000,2,0,6000.0000,-1000.0000,90.0000,0.0000,1,4.0,100.00
1110,12.730439,12.274190,3.149000,2,0,6000.0000,-1000.0000,90.0000,0.0000,1,4.0,100.00
1111,13.213040,12.748439,3.160000,2,0,6000.0000,-1000.0000,90.0000,0.0000,1,4.0,100.00
1112,13.181228,13.279811,3.208000,2,0,6000.0000,-1000.0000,90.0000,0.0000,1,4.0,100.00
1113,13.339682,13.193799,3.275000,2,0,6000.0000,-1000.0000,90.0000,0.0000,1,4.0,100.00
1114,14.660240,13.309901,3.275000,2,0,6000.0000,-1000.0000,90.0000,0.0000,1,4.0,100.00
1115,14.073398,14.615129,3.305000,2,0,6000.0000,-1000.0000,90.0000,0.0000,1,4.0,100.00
1116,13.434423,14.057557,3.175000,2,0,6000.0000,-1000.0000,90.0000,0.0000,1,4.0,100.00
1117,13.296102,13.434784,3.226000,2,0,6000.0000,-1000.0000,90.0000,0.0000,1,4.0,100.00
1118,13.774131,13.285302,3.192000,2,0,6000.0000,-1000.0000,90.0000,0.0000,1,4.0,100.00
1119,14.255862,13.827732,3.161000,2,0,6000.0000,-1000.0000,90.0000,0.0000,1,4.0,100.00
1120,12.968284,14.341083,3.251000,2,0,6000.0000,-1000.0000,90.0000,0.0000,1,4.0,100.00
1121,12.947783,12.917303,3.229000,2,0,6000.0000,-1000.0000,90.0000,0.0000,1,4.0,100.00
1122,15.609420,12.927424,3.218000,2,0,6000.0000,-1000.0000,90.0000,0.0000,1,4.0,100.00
1123,14.041987,15.646220,3.284000,2,0,6000.0000,-1000.0000,90.0000,0.0000,1,4.0,100.00
1124,13.550597,13.998666,3.215000,2,0,6000.0000,-1000.0000,90.0000,0.0000,1,4.0,100.00
1125,13.836913,13.539627,3.172000,2,0,6000.0000,-1000.0000,90.0000,0.0000,1,4.0,100.00
1126,12.281019,13.818462,3.291000,2,0,6000.0000,-1000.0000,90.0000,0.0000,1,4.0,100.00
1127,12.648717,12.259849,3.122000,2,0,6000.0000,-1000.0000,90.0000,0.0000,1,4.0,100.00
1128,13.861963,12.663058,3.208000,2,0,6000.0000,-1000.0000,90.0000,0.0000,1,4.0,100.00
1129,13.690970,13.853693,3.261000,2,0,6000.0000,-1000.0000,90.0000,0.0000,1,4.0,100.00
1130,13.520496,13.735230,3.229000,2,0,6000.0000,-1000.0000,90.0000,0.0000,1,4.0,100.00
1131,14.264132,13.468395,3.166000,2,0,6000.0000,-1000.0000,90.0000,0.0000,1,4.0,100.00
1132,13.226169,14.312702,3.138000,2,0,6000.0000,-1000.0000,90.0000,0.0000,1,4.0,100.00
1133,12.537765,13.205389,3.202000,2,0,6000.0000,-1000.0000,90.0000,0.0000,1,4.0,100.00
1134,13.212940,12.518346,3.132000,2,0,6000.0000,-1000.0000,90.0000,0.0000,1,4.0,100.00
1135,14.236691,13.234089,3.239000,2,0,6000.0000,-1000.0000,90.0000,0.0000,1,4.0,100.00
1136,13.523745,14.295162,3.185000,2,0,6000.0000,-1000.0000,90.0000,0.0000,1,4.0,100.00
1137,15.743273,13.515456,3.215000,2,0,6000.0000,-1000.0000,90.0000,0.0000,1,4.0,100.00
1138,13.229250,15.730952,3.194000,2,0,6000.0000,-1000.0000,90.0000,0.0000,1,4.0,100.00
1139,12.253300,13.148439,3.174000,2,0,6000.0000,-1000.0000,90.0000,0.0000,1,4.0,100.00
1140,13.212469,12.253369,3.169000,2,0,6000.0000,-1000.0000,90.0000,0.0000,1,4.0,100.00
1141,13.678509,13.265840,3.167000,2,0,6000.0000,-1000.0000,90.0000,0.0000,1,4.0,100.00
1142,12.739689,13.739901,3.235000,2,0,6000.0000,-1000.0000,90.0000,0.0000,1,4.0,100.00
1143,11.741949,12.703119,3.138000,2,0,6000.0000,-1000.0000,90.0000,0.0000,1,4.0,100.00
1144,12.428282,11.749558,3.185000,2,0,6000.0000,-1000.0000,90.0000,0.0000,1,4.0,100.00
1145,13.918164,12.371552,3.229000,2,0,6000.0000,-1000.0000,90.0000,0.0000,1,4.0,100.00
1146,13.357533,13.903794,3.252000,2,0,6000.0000,-1000.0000,90.0000,0.0000,1,4.0,100.00
1147,12.159997,13.416013,3.210000,2,0,6000.0000,-1000.0000,90.0000,0.0000,1,4.0,100.00
1148,14.413765,12.131246,3.189000,2,0,6000.0000,-1000.0000,90.0000,0.0000,1,4.0,100.00
1149,13.145238,14.392885,3.107000,2,0,6000.0000,-1000.0000,90.0000,0.0000,1,4.0,100.00
1150,13.050735,13.146048,3.195000,2,0,6000.0000,-1000.0000,90.0000,0.0000,1,4.0,100.00
1151,12.970405,13.280151,3.197000,2,0,6000.0000,-1000.0000,90.0000,0.0000,1,4.0,100.00
1152,13.280971,12.779980,3.209000,2,0,6000.0000,-1000.0000,90.0000,0.0000,1,4.0,100.00
1153,12.979265,13.267080,3.248000,2,0,6000.0000,-1000.0000,90.0000,0.0000,1,4.0,100.00
1154,13.128877,12.994325,3.165000,2,0,6000.0000,-1000.0000,90.0000,0.0000,1,4.0,100.00
1155,13.140398,13.159758,3.242000,2,0,6000.0000,-1000.0000,90.0000,0.0000,1,4.0,100.00
1156,12.986664,13.123107,3.173000,2,0,6000.0000,-1000.0000,90.0000,0.0000,1,4.0,100.00
1157,13.712021,12.996055,3.231000,2,0,6000.0000,-1000.0000,90.0000,0.0000,1,4.0,100.00
1158,13.788250,13.675930,3.247000,2,0,6000.0000,-1000.0000,90.0000,0.0000,1,4.0,100.00
1159,13.353824,13.786152,3.126000,2,0,6000.0000,-1000.0000,90.0000,0.0000,1,4.0,100.00
1160,13.427453,13.391852,3.136000,2,0,6000.0000,-1000.0000,90.0000,0.0000,1,4.0,100.00
1161,15.069159,13.408204,3.252000,2,0,6000.0000,-1000.0000,90.0000,0.0000,1,4.0,100.00
1162,12.423273,15.118090,3.252000,2,0,6000.0000,-1000.0000,90.0000,0.0000,1,4.0,100.00
1163,12.953794,12.309140,3.221000,2,0,6000.0000,-1000.0000,90.0000,0.0000,1,4.0,100.00
1164,12.415312,12.943454,3.210000,2,0,6000.0000,-1000.0000,90.0000,0.0000,1,4.0,100.00
1165,13.014195,12.428912,3.144000,2,0,6000.0000,-1000.0000,90.0000,0.0000,1,4.0,100.00
1166,13.026456,13.039006,3.185000,2,0,6000.0000,-1000.0000,90.0000,0.0000,1,4.0,100.00
1167,12.611607,13.100607,3.160000,2,0,6000.0000,-1000.0000,90.0000,0.0000,1,4.0,100.00
1168,14.617308,12.569926,3.228000,2,0,6000.0000,-1000.0000,90.0000,0.0000,1,4.0,100.00
1169,14.354854,14.581199,3.167000,2,0,6000.0000,-1000.0000,90.0000,0.0000,1,4.0,100.00
1170,12.782370,14.382714,3.151000,2,0,6000.0000,-1000.0000,90.0000,0.0000,1,4.0,100.00
1171,13.304302,12.737169,3.147000,2,0,6000.0000,-1000.0000,90.0000,0.0000,1,4.0,100.00
1172,12.411902,13.311841,3.142000,2,0,6000.0000,-1000.0000,90.0000,0.0000,1,4.0,100.00
1173,12.857932,12.433283,3.168000,2,0,6000.0000,-1000.0000,90.0000,0.0000,1,4.0,100.00
1174,13.019055,12.835121,3.237000,2,0,6000.0000,-1000.0000,90.0000,0.0000,1,4.0,100.00
1175,12.617197,13.014076,3.154000,2,0,6000.0000,-1000.0000,90.0000,0.0000,1,4.0,100.00
1176,12.145397,12.616047,3.211000,2,0,6000.0000,-1000.0000,90.0000,0.0000,1,4.0,100.00
1177,12.257779,12.177827,3.160000,2,0,6000.0000,-1000.0000,90.0000,0.0000,1,4.0,100.00
1178,12.748730,12.225158,3.183000,2,0,6000.0000,-1000.0000,90.0000,0.0000,1,4.0,100.00
1179,13.809662,12.780461,3.252000,2,0,6000.0000,-1000.0000,90.0000,0.0000,1,4.0,100.00
1180,14.525397,13.791082,3.355000,2,0,6000.0000,-1000.0000,90.0000,0.0000,1,4.0,100.00
1181,12.575256,14.514556,3.220000,2,0,6000.0000,-1000.0000,90.0000,0.0000,1,4.0,100.00
1182,12.931824,12.810611,3.120000,2,0,6000.0000,-1000.0000,90.0000,0.0000,1,4.0,100.00
1183,12.724988,12.744980,3.198000,2,0,6000.0000,-1000.0000,90.0000,0.0000,1,4.0,100.00
1184,13.176218,12.724259,3.221000,2,0,6000.0000,-1000.0000,90.0000,0.0000,1,4.0,100.00
1185,12.724620,13.165249,3.223000,2,0,6000.0000,-1000.0000,90.0000,0.0000,1,4.0,100.00
1186,12.828081,12.731558,3.350000,2,0,6000.0000,-1000.0000,90.0000,0.0000,1,4.0,100.00
1187,13.367053,12.824811,3.118000,2,0,6000.0000,-1000.0000,90.0000,0.0000,1,4.0,100.00
1188,11.255788,13.527467,3.118000,2,0,6000.0000,-1000.0000,90.0000,0.0000,1,4.0,100.00
1189,12.670468,11.698797,3.242000,2,0,6000.0000,-1000.0000,90.0000,0.0000,1,4.0,100.00
1190,12.545735,12.594586,3.307000,2,0,6000.0000,-1000.0000,90.0000,0.0000,1,4.0,100.00
1191,12.457563,12.532906,3.236000,2,0,6000.0000,-1000.0000,90.0000,0.0000,1,4.0,100.00
1192,12.795021,12.622296,3.221000,2,0,6000.0000,-1000.0000,90.0000,0.0000,1,4.0,100.00
1193,12.216218,12.141517,3.184000,2,0,6000.0000,-1000.0000,90.0000,0.0000,1,4.0,100.00
1194,14.363524,12.155247,3.235000,2,0,6000.0000,-1000.0000,90.0000,0.0000,1,4.0,100.00
1195,12.771580,14.346734,3.218000,2,0,6000.0000,-1000.0000,90.0000,0.0000,1,4.0,100.00
1196,12.237279,12.766660,3.133000,2,0,6000.0000,-1000.0000,90.0000,0.0000,1,4.0,100.00
1197,13.750390,12.282879,3.259000,2,0,6000.0000,-1000.0000,90.0000,0.0000,1,4.0,100.00
1198,13.599688,13.717571,3.145000,2,0,6000.0000,-1000.0000,90.0000,0.0000,1,4.0,100.00
1199,13.719221,13.602117,3.116000,2,0,6000.0000,-1000.0000,90.0000,0.0000,1,4.0,100.00
1200,13.322461,13.764901,3.212000,2,0,6000.0000,-1000.0000,90.0000,0.0000,1,4.0,100.00
1201,13.019925,13.327291,3.155000,2,0,6000.0000,-1000.0000,90.0000,0.0000,1,4.0,100.00
1202,12.664209,12.993695,3.232000,2,0,6000.0000,-1000.0000,90.0000,0.0000,1,4.0,100.00
1203,12.993064,12.687219,3.224000,2,0,6000.0000,-1000.0000,90.0000,0.0000,1,4.0,100.00
1204,13.202949,13.092207,3.127000,2,0,6000.0000,-1000.0000,90.0000,0.0000,1,4.0,100.00
1205,13.907554,13.064186,3.168000,2,0,6000.0000,-1000.0000,90.0000,0.0000,1,4.0,100.00
1206,13.179299,13.936785,3.146000,2,0,6000.0000,-1000.0000,90.0000,0.0000,1,4.0,100.00
1207,12.666368,13.138137,3.139000,2,0,6000.0000,-1000.0000,90.0000,0.0000,1,4.0,100.00
1208,12.148607,12.691679,3.236000,2,0,6000.0000,-1000.0000,90.0000,0.0000,1,4.0,100.00
1209,12.642547,12.138976,3.174000,2,0,6000.0000,-1000.0000,90.0000,0.0000,1,4.0,100.00
1210,12.027124,12.650838,3.196000,2,0,6000.0000,-1000.0000,90.0000,0.0000,1,4.0,100.00
1211,12.666118,11.984804,3.188000,2,0,6000.0000,-1000.0000,90.0000,0.0000,1,4.0,100.00
1212,12.282129,12.678467,3.204000,2,0,6000.0000,-1000.0000,90.0000,0.0000,1,4.0,100.00
1213,12.966815,12.310921,3.176000,2,0,6000.0000,-1000.0000,90.0000,0.0000,1,4.0,100.00
1214,12.394542,12.951564,3.235000,2,0,6000.0000,-1000.0000,90.0000,0.0000,1,4.0,100.00
1215,11.868081,12.420472,3.143000,2,0,6000.0000,-1000.0000,90.0000,0.0000,1,4.0,100.00
1216,14.495687,11.896112,3.208000,2,0,6000.0000,-1000.0000,90.0000,0.0000,1,4.0,100.00
1217,14.520687,14.440095,3.216000,2,0,6000.0000,-1000.0000,90.0000,0.0000,1,4.0,100.00
1218,13.720189,14.576579,3.215000,2,0,6000.0000,-1000.0000,90.0000,0.0000,1,4.0,100.00
1219,13.610569,13.681469,3.141000,2,0,6000.0000,-1000.0000,90.0000,0.0000,1,4.0,100.00
1220,13.269590,13.664839,3.225000,2,0,6000.0000,-1000.0000,90.0000,0.0000,1,4.0,100.00
1221,15.197421,13.244059,3.135000,2,0,6000.0000,-1000.0000,90.0000,0.0000,1,4.0,100.00
1222,13.835273,15.248744,3.266000,2,0,6000.0000,-1000.0000,90.0000,0.0000,1,4.0,100.00
1223,13.564097,13.742629,3.183000,2,0,6000.0000,-1000.0000,90.0000,0.0000,1,4.0,100.00
1224,15.485267,13.542767,3.071000,2,0,6000.0000,-1000.0000,90.0000,0.0000,1,4.0,100.00
1225,14.365195,15.517038,3.178000,2,0,6000.0000,-1000.0000,90.0000,0.0000,1,4.0,100.00
1226,13.906823,14.388175,3.231000,2,0,6000.0000,-1000.0000,90.0000,0.0000,1,4.0,100.00
1227,14.895885,13.906254,3.252000,2,0,6000.0000,-1000.0000,90.0000,0.0000,1,4.0,100.00
1228,12.710919,14.855334,3.176000,2,0,6000.0000,-1000.0000,90.0000,0.0000,1,4.0,100.00
1229,12.389901,12.760579,3.134000,2,0,6000.0000,-1000.0000,90.0000,0.0000,1,4.0,100.00
1230,12.618168,12.392553,3.124000,2,0,6000.0000,-1000.0000,90.0000,0.0000,1,4.0,100.00
1231,12.183007,12.568935,3.231000,2,0,6000.0000,-1000.0000,90.0000,0.0000,1,4.0,100.00
1232,13.008685,12.167787,3.214000,2,0,6000.0000,-1000.0000,90.0000,0.0000,1,4.0,100.00
1233,12.792571,13.082258,3.218000,2,0,6000.0000,-1000.0000,90.0000,0.0000,1,4.0,100.00
1234,14.048417,12.716708,3.117000,2,0,6000.0000,-1000.0000,90.0000,0.0000,1,4.0,100.00
1235,11.632716,14.071537,3.164000,2,0,6000.0000,-1000.0000,90.0000,0.0000,1,4.0,100.00
1236,12.341131,11.624667,3.168000,2,0,6000.0000,-1000.0000,90.0000,0.0000,1,4.0,100.00
1237,11.310109,12.399211,3.196000,2,0,6000.0000,-1000.0000,90.0000,0.0000,1,4.0,100.00
1238,11.776809,11.288170,3.215000,2,0,6000.0000,-1000.0000,90.0000,0.0000,1,4.0,100.00
1239,12.030104,11.741987,3.126000,2,0,6000.0000,-1000.0000,90.0000,0.0000,1,4.0,100.00
1240,11.886962,12.025205,3.225000,2,0,6000.0000,-1000.0000,90.0000,0.0000,1,4.0,100.00
1241,11.802420,11.887391,3.154000,2,0,6000.0000,-1000.0000,90.0000,0.0000,1,4.0,100.00
1242,11.846050,11.804790,3.122000,2,0,6000.0000,-1000.0000,90.0000,0.0000,1,4.0,100.00
1243,11.997194,11.848971,3.230000,2,0,6000.0000,-1000.0000,90.0000,0.0000,1,4.0,100.00
1244,12.208878,11.997684,3.230000,2,0,6000.0000,-1000.0000,90.0000,0.0000,1,4.0,100.00
1245,11.565884,12.219378,3.267000,2,0,6000.0000,-1000.0000,90.0000,0.0000,1,4.0,100.00
1246,11.261069,11.605836,3.276000,2,0,6000.0000,-1000.0000,90.0000,0.0000,1,4.0,100.00
1247,12.426602,11.220237,3.197000,2,0,6000.0000,-1000.0000,90.0000,0.0000,1,4.0,100.00
1248,11.582116,12.443312,3.148000,2,0,6000.0000,-1000.0000,90.0000,0.0000,1,4.0,100.00
1249,11.643585,11.562565,3.222000,2,0,6000.0000,-1000.0000,90.0000,0.0000,1,4.0,100.00
1250,11.972664,11.761709,3.232000,2,0,6000.0000,-1000.0000,90.0000,0.0000,1,4.0,100.00
1251,12.483684,11.857381,3.187000,2,0,6000.0000,-1000.0000,90.0000,0.0000,1,4.0,100.00
1252,13.780272,12.503114,3.229000,2,0,6000.0000,-1000.0000,90.0000,0.0000,1,4.0,100.00
1253,13.752330,13.797982,3.190000,2,0,6000.0000,-1000.0000,90.0000,0.0000,1,4.0,100.00
1254,12.933173,13.722470,3.228000,2,0,6000.0000,-1000.0000,90.0000,0.0000,1,4.0,100.00
1255,13.817653,12.926113,3.255000,2,0,6000.0000,-1000.0000,90.0000,0.0000,1,4.0,100.00
1256,12.892243,13.826443,3.198000,2,0,6000.0000,-1000.0000,90.0000,0.0000,1,4.0,100.00
1257,12.763320,12.889942,3.199000,2,0,6000.0000,-1000.0000,90.0000,0.0000,1,4.0,100.00
1258,13.336631,12.788831,3.189000,2,0,6000.0000,-1000.0000,90.0000,0.0000,1,4.0,100.00
1259,14.180100,13.332992,3.209000,2,0,6000.0000,-1000.0000,90.0000,0.0000,1,4.0,100.00
1260,13.491336,14.138738,3.224000,2,0,6000.0000,-1000.0000,90.0000,0.0000,1,4.0,100.00
1261,12.638797,13.465026,3.147000,2,0,6000.0000,-1000.0000,90.0000,0.0000,1,4.0,100.00
1262,12.980884,12.691408,3.171000,2,0,6000.0000,-1000.0000,90.0000,0.0000,1,4.0,100.00
1263,12.927434,12.925303,3.173000,2,0,6000.0000,-1000.0000,90.0000,0.0000,1,4.0,100.00
1264,12.958084,12.929893,3.233000,2,0,6000.0000,-1000.0000,90.0000,0.0000,1,4.0,100.00
1265,13.914764,12.974445,3.227000,2,0,6000.0000,-1000.0000,90.0000,0.0000,1,4.0,100.00
1266,13.077476,13.916944,3.164000,2,0,6000.0000,-1000.0000,90.0000,0.0000,1,4.0,100.00
1267,12.581647,13.071546,3.148000,2,0,6000.0000,-1000.0000,90.0000,0.0000,1,4.0,100.00
1268,12.641667,12.579897,3.203000,2,0,6000.0000,-1000.0000,90.0000,0.0000,1,4.0,100.00
1269,13.407134,12.665358,3.138000,2,0,6000.0000,-1000.0000,90.0000,0.0000,1,4.0,100.00
1270,13.648838,13.405773,3.214000,2,0,6000.0000,-1000.0000,90.0000,0.0000,1,4.0,100.00
1271,13.600518,13.652119,3.170000,2,0,6000.0000,-1000.0000,90.0000,0.0000,1,4.0,100.00
1272,15.628451,13.574287,3.235000,2,0,6000.0000,-1000.0000,90.0000,0.0000,1,4.0,100.00
1273,12.449343,15.632731,3.185000,2,0,6000.0000,-1000.0000,90.0000,0.0000,1,4.0,100.00
1274,12.593256,12.451973,3.202000,2,0,6000.0000,-1000.0000,90.0000,0.0000,1,4.0,100.00
1275,13.450864,12.584306,3.223000,2,0,6000.0000,-1000.0000,90.0000,0.0000,1,4.0,100.00
1276,12.257779,13.449684,3.159000,2,0,6000.0000,-1000.0000,90.0000,0.0000,1,4.0,100.00
1277,12.754620,12.309341,3.239000,2,0,6000.0000,-1000.0000,90.0000,0.0000,1,4.0,100.00
1278,12.815901,12.707038,3.163000,2,0,6000.0000,-1000.0000,90.0000,0.0000,1,4.0,100.00
1279,11.981414,12.823812,3.136000,2,0,6000.0000,-1000.0000,90.0000,0.0000,1,4.0,100.00
1280,14.202260,11.989933,3.222000,2,0,6000.0000,-1000.0000,90.0000,0.0000,1,4.0,100.00
1281,13.120557,14.195350,3.100000,2,0,6000.0000,-1000.0000,90.0000,0.0000,1,4.0,100.00
1282,12.748930,13.163838,3.203000,2,0,6000.0000,-1000.0000,90.0000,0.0000,1,4.0,100.00
1283,12.215478,12.722590,3.191000,2,0,6000.0000,-1000.0000,90.0000,0.0000,1,4.0,100.00
1284,12.321581,12.235908,3.181000,2,0,6000.0000,-1000.0000,90.0000,0.0000,1,4.0,100.00
1285,12.351611,12.305281,3.152000,2,0,6000.0000,-1000.0000,90.0000,0.0000,1,4.0,100.00
1286,12.221319,12.339291,3.167000,2,0,6000.0000,-1000.0000,90.0000,0.0000,1,4.0,100.00
1287,12.489064,12.229708,3.228000,2,0,6000.0000,-1000.0000,90.0000,0.0000,1,4.0,100.00
1288,12.888382,12.491225,3.194000,2,0,6000.0000,-1000.0000,90.0000,0.0000,1,4.0,100.00
1289,12.260340,12.901493,3.215000,2,0,6000.0000,-1000.0000,90.0000,0.0000,1,4.0,100.00
1290,13.851943,12.281009,3.229000,2,0,6000.0000,-1000.0000,90.0000,0.0000,1,4.0,100.00
1291,12.980734,13.820303,3.264000,2,0,6000.0000,-1000.0000,90.0000,0.0000,1,4.0,100.00
1292,14.271502,12.980944,3.223000,2,0,6000.0000,-1000.0000,90.0000,0.0000,1,4.0,100.00
1293,13.501665,14.257342,3.165000,2,0,6000.0000,-1000.0000,90.0000,0.0000,1,4.0,100.00
1294,12.917733,13.543696,3.150000,2,0,6000.0000,-1000.0000,90.0000,0.0000,1,4.0,100.00
1295,12.380103,12.911652,3.227000,2,0,6000.0000,-1000.0000,90.0000,0.0000,1,4.0,100.00
1296,12.158417,12.352562,3.210000,2,0,6000.0000,-1000.0000,90.0000,0.0000,1,4.0,100.00
1297,12.890673,12.162077,3.138000,2,0,6000.0000,-1000.0000,90.0000,0.0000,1,4.0,100.00
1298,13.114257,12.877723,3.242000,2,0,6000.0000,-1000.0000,90.0000,0.0000,1,4.0,100.00
1299,12.998505,13.092437,3.181000,2,0,6000.0000,-1000.0000,90.0000,0.0000,1,4.0,100.00
1300,12.063955,12.989514,3.185000,2,0,6000.0000,-1000.0000,90.0000,0.0000,1,4.0,100.00
1301,12.515554,12.030295,3.158000,2,0,6000.0000,-1000.0000,90.0000,0.0000,1,4.0,100.00
1302,12.362322,12.566135,3.129000,3,0,6000.0000,-1000.0000,90.0000,0.0000,1,4.0,100.00
1303,13.257870,12.336752,3.165000,3,1,6000.0000,-1000.0000,90.0000,0.0000,1,4.0,100.00
1304,754.566248,13.269770,3.209000,3,0,6000.0000,-1000.0000,90.0000,0.0000,1,4.0,100.00
1305,7.029639,754.624189,3.209000,3,1,6000.0000,-1000.0000,90.0000,0.0000,1,4.0,100.00
1306,147.136351,6.885846,3.264000,3,0,6000.0000,-1000.0000,90.0000,0.0000,1,4.0,100.00
1307,6.744423,147.248384,3.264000,3,1,6000.0000,-1000.0000,90.0000,0.0000,1,4.0,100.00
1308,150.806860,6.638971,3.386000,3,0,6000.0000,-1000.0000,90.0000,0.0000,1,4.0,100.00
1309,7.040619,150.962892,3.386000,3,1,6000.0000,-1000.0000,90.0000,0.0000,1,4.0,100.00
1310,148.271546,6.874986,3.322000,3,0,6000.0000,-1000.0000,90.0000,0.0000,1,4.0,100.00
1311,6.587129,148.382778,3.322000,3,1,6000.0000,-1000.0000,90.0000,0.0000,1,4.0,100.00
1312,146.182542,6.476657,3.295000,3,0,6000.0000,-1000.0000,90.0000,0.0000,1,4.0,100.00
1313,6.790754,146.359336,3.295000,3,1,6000.0000,-1000.0000,90.0000,0.0000,1,4.0,100.00
1314,173.058691,6.613110,3.390000,3,0,6000.0000,-1000.0000,90.0000,0.0000,1,4.0,100.00
1315,7.151171,173.146282,3.390000,3,1,6000.0000,-1000.0000,90.0000,0.0000,1,4.0,100.00
1316,149.684345,7.094480,3.357000,3,0,6000.0000,-1000.0000,90.0000,0.0000,1,4.0,100.00
1317,7.137161,149.786219,3.357000,3,1,6000.0000,-1000.0000,90.0000,0.0000,1,4.0,100.00
1318,179.351244,7.003468,3.385000,3,0,6000.0000,-1000.0000,90.0000,0.0000,1,4.0,100.00
1319,6.672460,179.459235,3.385000,3,1,6000.0000,-1000.0000,90.0000,0.0000,1,4.0,100.00
1320,148.917870,6.575849,3.350000,3,0,6000.0000,-1000.0000,90.0000,0.0000,1,4.0,100.00
1321,7.626582,149.061104,3.350000,3,1,6000.0000,-1000.0000,90.0000,0.0000,1,4.0,100.00
1322,173.085281,7.525238,3.394000,4,0,6000.0000,-1000.0000,90.0000,-25.0000,1,4.0,100.00
1323,6.969498,173.163213,3.394000,4,0,6000.0000,-1000.0000,90.0000,-22.8355,1,4.0,100.00
1324,5.478295,6.868835,3.409000,4,0,6000.0000,-1000.0000,90.0000,-22.7496,1,4.0,100.00
1325,13.834423,5.451145,3.409000,4,0,6000.0000,-1000.0000,90.0000,-22.6815,1,4.0,100.00
1326,15.790774,13.880474,3.787000,4,0,6000.0000,-1000.0000,90.0000,-22.5080,1,4.0,100.00
1327,14.570779,15.866526,3.628000,4,0,6000.0000,-1000.0000,90.0000,-22.3096,1,4.0,100.00
1328,13.396343,14.642810,3.621000,4,0,6000.0000,-1000.0000,90.0000,-22.1266,1,4.0,100.00
1329,12.961934,13.381153,3.534000,4,0,6000.0000,-1000.0000,90.0000,-21.9593,1,4.0,100.00
1330,12.596616,12.927823,3.567000,4,0,6000.0000,-1000.0000,90.0000,-21.7977,1,4.0,100.00
1331,13.384414,12.553116,3.451000,4,0,6000.0000,-1000.0000,90.0000,-21.6408,1,4.0,100.00
1332,12.469523,13.377723,3.495000,4,0,6000.0000,-1000.0000,90.0000,-21.4736,1,4.0,100.00
1333,13.437175,12.488414,3.558000,4,0,6000.0000,-1000.0000,90.0000,-21.3175,1,4.0,100.00
1334,12.400902,13.430294,3.570000,4,0,6000.0000,-1000.0000,90.0000,-21.1496,1,4.0,100.00
1335,13.063756,12.376341,3.520000,4,0,6000.0000,-1000.0000,90.0000,-20.9949,1,4.0,100.00
1336,12.325661,13.083137,3.492000,4,0,6000.0000,-1000.0000,90.0000,-20.8314,1,4.0,100.00
1337,14.118329,12.322081,3.545000,4,0,6000.0000,-1000.0000,90.0000,-20.6773,1,4.0,100.00
1338,13.127717,14.124319,3.435000,4,0,6000.0000,-1000.0000,90.0000,-20.5008,1,4.0,100.00
1339,12.945814,13.120147,3.538000,4,0,6000.0000,-1000.0000,90.0000,-20.3368,1,4.0,100.00
1340,12.674528,12.963635,3.446000,4,0,6000.0000,-1000.0000,90.0000,-20.1747,1,4.0,100.00
1341,12.755140,12.710079,3.537000,4,0,6000.0000,-1000.0000,90.0000,-20.0159,1,4.0,100.00
1342,12.585626,12.781520,3.481000,4,0,6000.0000,-1000.0000,90.0000,-19.8561,1,4.0,100.00
1343,12.372322,12.556206,3.478000,4,0,6000.0000,-1000.0000,90.0000,-19.6991,1,4.0,100.00
1344,12.428292,12.380031,3.501000,4,0,6000.0000,-1000.0000,90.0000,-19.5444,1,4.0,100.00
1345,12.079737,12.412453,3.545000,4,0,6000.0000,-1000.0000,90.0000,-19.3892,1,4.0,100.00
1346,13.436104,12.077946,3.425000,4,0,6000.0000,-1000.0000,90.0000,-19.2383,1,4.0,100.00
1347,12.590946,13.448384,3.527000,4,0,6000.0000,-1000.0000,90.0000,-19.0702,1,4.0,100.00
1348,13.159269,12.625047,3.457000,4,0,6000.0000,-1000.0000,90.0000,-18.9123,1,4.0,100.00
1349,13.757430,13.200149,3.455000,4,0,6000.0000,-1000.0000,90.0000,-18.7473,1,4.0,100.00
1350,12.545046,13.723451,3.588000,4,0,6000.0000,-1000.0000,90.0000,-18.5758,1,4.0,100.00
1351,12.900553,12.513504,3.553000,4,0,6000.0000,-1000.0000,90.0000,-18.4194,1,4.0,100.00
1352,12.584766,12.928583,3.512000,4,0,6000.0000,-1000.0000,90.0000,-18.2578,1,4.0,100.00
1353,13.116188,12.567707,3.495000,4,0,6000.0000,-1000.0000,90.0000,-18.1007,1,4.0,100.00
1354,13.329351,13.118387,3.517000,4,0,6000.0000,-1000.0000,90.0000,-17.9367,1,4.0,100.00
1355,13.391613,13.293441,3.526000,4,0,6000.0000,-1000.0000,90.0000,-17.7705,1,4.0,100.00
1356,13.699030,13.438085,3.664000,4,0,6000.0000,-1000.0000,90.0000,-17.6025,1,4.0,100.00
1357,12.991945,13.687959,3.508000,4,0,6000.0000,-1000.0000,90.0000,-17.4314,1,4.0,100.00
1358,12.982615,13.003795,3.502000,4,0,6000.0000,-1000.0000,90.0000,-17.2689,1,4.0,100.00
1359,13.487584,13.017275,3.512000,4,0,6000.0000,-1000.0000,90.0000,-17.1062,1,4.0,100.00
1360,12.437494,13.445345,3.555000,4,0,6000.0000,-1000.0000,90.0000,-16.9381,1,4.0,100.00
1361,13.535746,12.447863,3.518000,4,0,6000.0000,-1000.0000,90.0000,-16.7825,1,4.0,100.00
1362,15.530649,13.536887,3.483000,4,0,6000.0000,-1000.0000,90.0000,-16.6133,1,4.0,100.00
1363,14.366313,15.511507,3.515000,4,0,6000.0000,-1000.0000,90.0000,-16.4194,1,4.0,100.00
1364,14.832004,14.404826,3.488000,4,0,6000.0000,-1000.0000,90.0000,-16.2394,1,4.0,100.00
1365,14.747143,14.873363,3.554000,4,0,6000.0000,-1000.0000,90.0000,-16.0534,1,4.0,100.00
1366,14.314452,14.642981,3.492000,4,0,6000.0000,-1000.0000,90.0000,-15.8704,1,4.0,100.00
1367,14.340654,14.386225,3.534000,4,0,6000.0000,-1000.0000,90.0000,-15.6906,1,4.0,100.00
1368,14.092398,14.336452,3.536000,4,0,6000.0000,-1000.0000,90.0000,-15.5114,1,4.0,100.00
1369,14.354833,14.020787,3.558000,4,0,6000.0000,-1000.0000,90.0000,-15.3361,1,4.0,100.00
1370,12.416043,14.365363,3.568000,4,0,6000.0000,-1000.0000,90.0000,-15.1565,1,4.0,100.00
1371,13.622408,12.395983,3.499000,4,0,6000.0000,-1000.0000,90.0000,-15.0016,1,4.0,100.00
1372,12.134577,13.616238,3.525000,4,0,6000.0000,-1000.0000,90.0000,-14.8314,1,4.0,100.00
1373,12.932563,12.177627,3.530000,4,0,6000.0000,-1000.0000,90.0000,-14.6792,1,4.0,100.00
1374,12.543986,12.960354,3.625000,4,0,6000.0000,-1000.0000,90.0000,-14.5172,1,4.0,100.00
1375,13.835052,12.497705,3.568000,4,0,6000.0000,-1000.0000,90.0000,-14.3609,1,4.0,100.00
1376,12.879353,13.921165,3.641000,4,0,6000.0000,-1000.0000,90.0000,-14.1869,1,4.0,100.00
1377,13.076146,12.781720,3.590000,4,0,6000.0000,-1000.0000,90.0000,-14.0272,1,4.0,100.00
1378,12.114186,13.049986,3.606000,4,0,6000.0000,-1000.0000,90.0000,-13.8640,1,4.0,100.00
1379,14.671821,12.084306,3.640000,4,0,6000.0000,-1000.0000,90.0000,-13.7130,1,4.0,100.00
1380,11.692528,14.706840,3.590000,4,0,6000.0000,-1000.0000,90.0000,-13.5291,1,4.0,100.00
1381,13.866053,11.669777,3.520000,4,0,6000.0000,-1000.0000,90.0000,-13.3833,1,4.0,100.00
1382,12.182288,13.871404,3.530000,4,0,6000.0000,-1000.0000,90.0000,-13.2099,1,4.0,100.00
1383,11.306368,12.193208,3.464000,4,0,6000.0000,-1000.0000,90.0000,-13.0575,1,4.0,100.00
1384,10.563574,11.337829,3.541000,4,0,6000.0000,-1000.0000,90.0000,-12.9157,1,4.0,100.00
1385,11.418451,10.531653,3.487000,4,0,6000.0000,-1000.0000,90.0000,-12.7841,1,4.0,100.00
1386,11.878592,11.430342,3.523000,4,0,6000.0000,-1000.0000,90.0000,-12.6412,1,4.0,100.00
1387,10.750897,11.992194,3.572000,4,0,6000.0000,-1000.0000,90.0000,-12.4913,1,4.0,100.00
1388,14.987347,10.694536,3.611000,4,0,6000.0000,-1000.0000,90.0000,-12.3576,1,4.0,100.00
1389,11.528204,14.954506,3.532000,4,0,6000.0000,-1000.0000,90.0000,-12.1707,1,4.0,100.00
1390,10.857940,11.487733,3.590000,4,0,6000.0000,-1000.0000,90.0000,-12.0271,1,4.0,100.00
1391,11.005523,10.861550,3.478000,4,0,6000.0000,-1000.0000,90.0000,-11.8913,1,4.0,100.00
1392,11.480783,11.038023,3.511000,4,0,6000.0000,-1000.0000,90.0000,-11.7534,1,4.0,100.00
1393,10.563003,11.429813,3.508000,4,0,6000.0000,-1000.0000,90.0000,-11.6105,1,4.0,100.00
1394,11.005243,10.581173,3.578000,4,0,6000.0000,-1000.0000,90.0000,-11.4782,1,4.0,100.00
1395,10.936661,11.012763,3.504000,4,0,6000.0000,-1000.0000,90.0000,-11.3406,1,4.0,100.00
1396,11.316339,10.941682,3.585000,4,0,6000.0000,-1000.0000,90.0000,-11.2038,1,4.0,100.00
1397,11.101286,11.272899,3.507000,4,0,6000.0000,-1000.0000,90.0000,-11.0629,1,4.0,100.00
1398,11.186336,11.111455,3.551000,4,0,6000.0000,-1000.0000,90.0000,-10.9240,1,4.0,100.00
1399,12.016964,11.184296,3.562000,4,0,6000.0000,-1000.0000,90.0000,-10.7842,1,4.0,100.00
1400,12.044995,12.038805,3.474000,4,0,6000.0000,-1000.0000,90.0000,-10.6337,1,4.0,100.00
1401,11.712767,12.020154,3.484000,4,0,6000.0000,-1000.0000,90.0000,-10.4834,1,4.0,100.00
1402,11.540045,11.695558,3.576000,4,0,6000.0000,-1000.0000,90.0000,-10.3372,1,4.0,100.00
1403,9.927450,11.560524,3.483000,4,0,6000.0000,-1000.0000,90.0000,-10.1927,1,4.0,100.00
1404,11.162526,9.896589,3.483000,4,0,6000.0000,-1000.0000,90.0000,-10.0690,1,4.0,100.00
1405,11.301709,11.268378,3.495000,4,0,6000.0000,-1000.0000,90.0000,-9.9282,1,4.0,100.00
1406,10.100763,11.263089,3.495000,4,0,6000.0000,-1000.0000,90.0000,-9.7874,1,4.0,100.00
1407,9.885540,10.087234,3.529000,4,0,6000.0000,-1000.0000,90.0000,-9.6613,1,4.0,100.00
1408,10.661346,9.897669,3.497000,4,0,6000.0000,-1000.0000,90.0000,-9.5376,1,4.0,100.00
1409,9.708915,10.702036,3.531000,4,0,6000.0000,-1000.0000,90.0000,-9.4038,1,4.0,100.00
1410,10.449611,9.697385,3.495000,4,0,6000.0000,-1000.0000,90.0000,-9.2826,1,4.0,100.00
1411,9.217085,10.482482,3.522000,4,0,6000.0000,-1000.0000,90.0000,-9.1516,1,4.0,100.00
1412,9.419109,9.150814,3.497000,4,0,6000.0000,-1000.0000,90.0000,-9.0372,1,4.0,100.00
1413,9.818698,9.447039,3.487000,4,0,6000.0000,-1000.0000,90.0000,-8.9191,1,4.0,100.00
1414,9.491561,9.812928,3.715000,4,0,6000.0000,-1000.0000,90.0000,-8.7964,1,4.0,100.00
1415,11.389830,9.444370,3.621000,4,0,6000.0000,-1000.0000,90.0000,-8.6784,1,4.0,100.00
1416,10.633855,11.361531,3.566000,4,0,6000.0000,-1000.0000,90.0000,-8.5363,1,4.0,100.00
1417,10.555354,10.627584,3.558000,4,0,6000.0000,-1000.0000,90.0000,-8.4035,1,4.0,100.00
1418,10.446371,10.555113,3.470000,4,0,6000.0000,-1000.0000,90.0000,-8.2716,1,4.0,100.00
1419,10.255347,10.439891,3.513000,4,0,6000.0000,-1000.0000,90.0000,-8.1411,1,4.0,100.00
1420,10.816929,10.259478,3.549000,4,0,6000.0000,-1000.0000,90.0000,-8.0128,1,4.0,100.00
1421,10.436001,10.815188,3.518000,4,0,6000.0000,-1000.0000,90.0000,-7.8776,1,4.0,100.00
1422,9.884488,10.434821,3.548000,4,0,6000.0000,-1000.0000,90.0000,-7.7472,1,4.0,100.00
1423,17.494261,9.888109,3.479000,4,0,6000.0000,-1000.0000,90.0000,-7.6236,1,4.0,100.00
1424,10.170935,17.508670,3.654000,4,0,6000.0000,-1000.0000,90.0000,-7.4047,1,4.0,100.00
1425,10.267187,10.159735,3.517000,4,0,6000.0000,-1000.0000,90.0000,-7.2777,1,4.0,100.00
1426,10.193206,10.260808,3.513000,4,0,6000.0000,-1000.0000,90.0000,-7.1495,1,4.0,100.00
1427,10.033432,10.193735,3.588000,4,0,6000.0000,-1000.0000,90.0000,-7.0221,1,4.0,100.00
1428,9.977051,10.026732,3.540000,4,0,6000.0000,-1000.0000,90.0000,-6.8967,1,4.0,100.00
1429,10.202976,9.985632,3.533000,4,0,6000.0000,-1000.0000,90.0000,-6.7719,1,4.0,100.00
1430,9.632673,10.200555,3.598000,4,0,6000.0000,-1000.0000,90.0000,-6.6444,1,4.0,100.00
1431,10.190537,9.646565,3.500000,4,0,6000.0000,-1000.0000,90.0000,-6.5238,1,4.0,100.00
1432,9.616702,10.176055,3.469000,4,0,6000.0000,-1000.0000,90.0000,-6.3966,1,4.0,100.00
1433,10.465952,9.610342,3.530000,4,0,6000.0000,-1000.0000,90.0000,-6.2765,1,4.0,100.00
1434,10.263087,10.473023,3.576000,4,0,6000.0000,-1000.0000,90.0000,-6.1456,1,4.0,100.00
1435,10.556563,10.316657,3.562000,4,0,6000.0000,-1000.0000,90.0000,-6.0166,1,4.0,100.00
1436,9.004611,10.583495,3.582000,4,0,6000.0000,-1000.0000,90.0000,-5.8843,1,4.0,100.00
1437,9.693195,9.009950,3.597000,4,0,6000.0000,-1000.0000,90.0000,-5.7717,1,4.0,100.00
1438,10.729857,9.695395,3.562000,4,0,6000.0000,-1000.0000,90.0000,-5.6505,1,4.0,100.00
1439,9.973341,10.753848,3.612000,4,0,6000.0000,-1000.0000,90.0000,-5.5161,1,4.0,100.00
1440,10.018532,9.973130,3.596000,4,0,6000.0000,-1000.0000,90.0000,-5.3914,1,4.0,100.00
1441,9.636454,10.011442,3.626000,4,0,6000.0000,-1000.0000,90.0000,-5.2663,1,4.0,100.00
1442,10.168745,9.612414,3.678000,4,0,6000.0000,-1000.0000,90.0000,-5.1461,1,4.0,100.00
1443,9.819548,10.202586,3.656000,4,0,6000.0000,-1000.0000,90.0000,-5.0186,1,4.0,100.00
1444,8.923278,9.829048,3.576000,4,0,6000.0000,-1000.0000,90.0000,-4.8957,1,4.0,100.00
1445,9.740806,8.884958,3.479000,4,0,6000.0000,-1000.0000,90.0000,-4.7847,1,4.0,100.00
1446,9.433641,9.737135,3.607000,4,0,6000.0000,-1000.0000,90.0000,-4.6629,1,4.0,100.00
1447,9.446889,9.441220,3.529000,4,0,6000.0000,-1000.0000,90.0000,-4.5449,1,4.0,100.00
1448,9.762407,9.445980,3.505000,4,0,6000.0000,-1000.0000,90.0000,-4.4269,1,4.0,100.00
1449,9.287696,9.800087,3.503000,4,0,6000.0000,-1000.0000,90.0000,-4.3044,1,4.0,100.00
1450,9.914290,9.240936,3.527000,4,0,6000.0000,-1000.0000,90.0000,-4.1888,1,4.0,100.00
1451,9.773307,9.909169,3.503000,4,0,6000.0000,-1000.0000,90.0000,-4.0650,1,4.0,100.00
1452,9.994651,9.810018,3.501000,4,0,6000.0000,-1000.0000,90.0000,-3.9424,1,4.0,100.00
1453,10.449281,9.999562,3.539000,4,0,6000.0000,-1000.0000,90.0000,-3.8174,1,4.0,100.00
1454,10.377270,10.425310,3.509000,4,0,6000.0000,-1000.0000,90.0000,-3.6870,1,4.0,100.00
1455,10.309888,10.388410,3.491000,4,0,6000.0000,-1000.0000,90.0000,-3.5572,1,4.0,100.00
1456,10.840579,10.332338,3.464000,4,0,6000.0000,-1000.0000,90.0000,-3.4280,1,4.0,100.00
1457,10.867510,10.720867,3.585000,4,0,6000.0000,-1000.0000,90.0000,-3.2940,1,4.0,100.00
1458,10.699226,10.858020,3.577000,4,0,6000.0000,-1000.0000,90.0000,-3.1583,1,4.0,100.00
1459,10.736527,10.690136,3.569000,4,0,6000.0000,-1000.0000,90.0000,-3.0247,1,4.0,100.00
1460,10.003592,10.773968,3.549000,4,0,6000.0000,-1000.0000,90.0000,-2.8900,1,4.0,100.00
1461,10.188785,9.973741,3.482000,4,0,6000.0000,-1000.0000,90.0000,-2.7653,1,4.0,100.00
1462,9.650955,10.203166,3.539000,4,0,6000.0000,-1000.0000,90.0000,-2.6378,1,4.0,100.00
1463,10.235686,9.654614,3.480000,4,0,6000.0000,-1000.0000,90.0000,-2.5171,1,4.0,100.00
1464,9.859079,10.213006,3.570000,4,0,6000.0000,-1000.0000,90.0000,-2.3894,1,4.0,100.00
1465,14.500876,9.854729,3.583000,4,0,6000.0000,-1000.0000,90.0000,-2.2663,1,4.0,100.00
1466,12.442384,14.541388,3.493000,4,0,6000.0000,-1000.0000,90.0000,-2.0845,1,4.0,100.00
1467,11.768749,12.429812,3.556000,4,0,6000.0000,-1000.0000,90.0000,-1.9291,1,4.0,100.00
1468,11.111995,11.745189,3.456000,4,0,6000.0000,-1000.0000,90.0000,-1.7823,1,4.0,100.00
1469,12.066655,11.113225,3.502000,4,0,6000.0000,-1000.0000,90.0000,-1.6434,1,4.0,100.00
1470,12.301100,12.099306,3.521000,4,0,6000.0000,-1000.0000,90.0000,-1.4921,1,4.0,100.00
1471,11.719818,12.277859,3.438000,4,0,6000.0000,-1000.0000,90.0000,-1.3387,1,4.0,100.00
1472,12.816882,11.731749,3.528000,4,0,6000.0000,-1000.0000,90.0000,-1.1920,1,4.0,100.00
1473,12.234978,12.862852,3.564000,4,0,6000.0000,-1000.0000,90.0000,-1.0312,1,4.0,100.00
1474,12.094156,12.254119,3.547000,4,0,6000.0000,-1000.0000,90.0000,-0.8781,1,4.0,100.00
1475,12.459123,12.075475,3.498000,4,0,6000.0000,-1000.0000,90.0000,-0.7271,1,4.0,100.00
1476,12.794081,12.571527,3.535000,4,0,6000.0000,-1000.0000,90.0000,-0.5700,1,4.0,100.00
1477,12.508615,12.728078,3.501000,4,0,6000.0000,-1000.0000,90.0000,-0.4109,1,4.0,100.00
1478,11.869031,12.577377,3.503000,4,0,6000.0000,-1000.0000,90.0000,-0.2537,1,4.0,100.00
1479,13.013356,11.798880,3.614000,4,0,6000.0000,-1000.0000,90.0000,-0.1062,1,4.0,100.00
1480,12.992365,12.997975,3.537000,4,0,6000.0000,-1000.0000,90.0000,0.0563,1,4.0,100.00
1481,12.340370,12.991544,3.473000,4,0,6000.0000,-1000.0000,90.0000,0.2187,1,4.0,100.00
1482,11.762289,12.386972,3.562000,4,0,6000.0000,-1000.0000,90.0000,0.3735,1,4.0,100.00
1483,12.748789,11.749319,3.534000,4,0,6000.0000,-1000.0000,90.0000,0.5204,1,4.0,100.00
1484,12.415504,12.730480,3.501000,4,0,6000.0000,-1000.0000,90.0000,0.6795,1,4.0,100.00
1485,12.323500,12.439132,3.559000,4,0,6000.0000,-1000.0000,90.0000,0.8350,1,4.0,100.00
1486,12.533356,12.286740,3.507000,4,0,6000.0000,-1000.0000,90.0000,0.9886,1,4.0,100.00
1487,11.736767,12.572616,3.518000,4,0,6000.0000,-1000.0000,90.0000,1.1458,1,4.0,100.00
1488,12.581557,11.716658,3.508000,4,0,6000.0000,-1000.0000,90.0000,1.2922,1,4.0,100.00
1489,14.268931,12.571066,3.500000,4,0,6000.0000,-1000.0000,90.0000,1.4494,1,4.0,100.00
1490,11.654507,14.279732,3.499000,4,0,6000.0000,-1000.0000,90.0000,1.6279,1,4.0,100.00
1491,11.521124,11.644466,3.499000,4,0,6000.0000,-1000.0000,90.0000,1.7734,1,4.0,100.00
1492,12.612287,11.524555,3.486000,4,0,6000.0000,-1000.0000,90.0000,1.9175,1,4.0,100.00
1493,11.587865,12.751889,3.527000,4,0,6000.0000,-1000.0000,90.0000,2.0769,1,4.0,100.00
1494,12.423183,11.437932,3.564000,4,0,6000.0000,-1000.0000,90.0000,2.2198,1,4.0,100.00
1495,11.924712,12.393502,3.468000,4,0,6000.0000,-1000.0000,90.0000,2.3748,1,4.0,100.00
1496,11.808130,11.933663,3.433000,4,0,6000.0000,-1000.0000,90.0000,2.5239,1,4.0,100.00
1497,12.100036,11.850671,3.587000,4,0,6000.0000,-1000.0000,90.0000,2.6721,1,4.0,100.00
1498,12.163347,12.134086,3.501000,4,0,6000.0000,-1000.0000,90.0000,2.8237,1,4.0,100.00
1499,11.747939,12.190158,3.455000,4,0,6000.0000,-1000.0000,90.0000,2.9761,1,4.0,100.00
1500,11.529343,11.681817,3.522000,4,0,6000.0000,-1000.0000,90.0000,3.1221,1,4.0,100.00
1501,12.377923,11.477183,3.493000,4,0,6000.0000,-1000.0000,90.0000,3.2656,1,4.0,100.00
1502,11.838630,12.403453,3.542000,4,0,6000.0000,-1000.0000,90.0000,3.4206,1,4.0,100.00
1503,11.227258,11.861111,3.478000,4,0,6000.0000,-1000.0000,90.0000,3.5689,1,4.0,100.00
1504,9.946780,11.292818,3.493000,4,0,6000.0000,-1000.0000,90.0000,3.7101,1,4.0,100.00
1505,9.746916,9.886660,3.583000,4,0,6000.0000,-1000.0000,90.0000,3.8337,1,4.0,100.00
1506,10.092293,9.732176,3.630000,4,0,6000.0000,-1000.0000,90.0000,3.9553,1,4.0,100.00
1507,9.016291,10.075523,3.602000,4,0,6000.0000,-1000.0000,90.0000,4.0813,1,4.0,100.00
1508,9.585823,9.005191,3.540000,4,0,6000.0000,-1000.0000,90.0000,4.1938,1,4.0,100.00
1509,9.668485,9.555781,3.638000,4,0,6000.0000,-1000.0000,90.0000,4.3133,1,4.0,100.00
1510,10.663815,9.698256,3.662000,4,0,6000.0000,-1000.0000,90.0000,4.4345,1,4.0,100.00
1511,14.684011,10.658716,3.590000,4,0,6000.0000,-1000.0000,90.0000,4.5677,1,4.0,100.00
1512,13.932055,14.700530,3.600000,4,0,6000.0000,-1000.0000,90.0000,4.7515,1,4.0,100.00
1513,14.285852,13.936065,3.533000,4,0,6000.0000,-1000.0000,90.0000,4.9257,1,4.0,100.00
1514,13.343443,14.272441,3.487000,4,0,6000.0000,-1000.0000,90.0000,5.1041,1,4.0,100.00
1515,13.959905,13.369814,3.453000,4,0,6000.0000,-1000.0000,90.0000,5.2712,1,4.0,100.00
1516,12.839781,13.969685,3.542000,4,0,6000.0000,-1000.0000,90.0000,5.4458,1,4.0,100.00
1517,12.755790,12.800931,3.524000,4,0,6000.0000,-1000.0000,90.0000,5.6058,1,4.0,100.00
1518,12.980785,12.761060,3.587000,4,0,6000.0000,-1000.0000,90.0000,5.7654,1,4.0,100.00
1519,13.785782,12.972304,3.466000,4,0,6000.0000,-1000.0000,90.0000,5.9275,1,4.0,100.00
1520,10.466291,13.790722,3.559000,4,0,6000.0000,-1000.0000,90.0000,6.0999,1,4.0,100.00
1521,10.493142,10.465622,3.519000,4,0,6000.0000,-1000.0000,90.0000,6.2307,1,4.0,100.00
1522,10.497812,10.554973,3.540000,4,0,6000.0000,-1000.0000,90.0000,6.3627,1,4.0,100.00
1523,9.928670,10.484882,3.481000,4,0,6000.0000,-1000.0000,90.0000,6.4937,1,4.0,100.00
1524,10.311819,9.895580,3.528000,4,0,6000.0000,-1000.0000,90.0000,6.6174,1,4.0,100.00
1525,10.709236,10.357128,3.517000,4,0,6000.0000,-1000.0000,90.0000,6.7469,1,4.0,100.00
1526,12.875302,10.656346,3.534000,4,0,6000.0000,-1000.0000,90.0000,6.8801,1,4.0,100.00
1527,11.322209,12.884592,3.498000,4,0,6000.0000,-1000.0000,90.0000,7.0411,1,4.0,100.00
1528,10.706137,11.199628,3.596000,4,0,6000.0000,-1000.0000,90.0000,7.1811,1,4.0,100.00
1529,11.098105,10.740796,3.463000,4,0,6000.0000,-1000.0000,90.0000,7.3154,1,4.0,100.00
1530,10.355580,11.082455,3.579000,4,0,6000.0000,-1000.0000,90.0000,7.4539,1,4.0,100.00
1531,10.481221,10.397130,3.538000,4,0,6000.0000,-1000.0000,90.0000,7.5839,1,4.0,100.00
1532,10.355249,10.454691,3.475000,4,0,6000.0000,-1000.0000,90.0000,7.7146,1,4.0,100.00
1533,10.637765,10.365960,3.486000,4,0,6000.0000,-1000.0000,90.0000,7.8441,1,4.0,100.00
1534,9.928930,10.625314,3.650000,4,0,6000.0000,-1000.0000,90.0000,7.9770,1,4.0,100.00
1535,9.710506,9.946321,3.526000,4,0,6000.0000,-1000.0000,90.0000,8.1013,1,4.0,100.00
1536,10.287717,9.704475,3.534000,4,0,6000.0000,-1000.0000,90.0000,8.2226,1,4.0,100.00
1537,10.406250,10.274207,3.566000,4,0,6000.0000,-1000.0000,90.0000,8.3510,1,4.0,100.00
1538,8.605393,10.393591,3.550000,4,0,6000.0000,-1000.0000,90.0000,8.4809,1,4.0,100.00
1539,9.228065,8.659992,3.487000,4,0,6000.0000,-1000.0000,90.0000,8.5892,1,4.0,100.00
1540,9.646654,9.239796,3.512000,4,0,6000.0000,-1000.0000,90.0000,8.7047,1,4.0,100.00
1541,9.221625,9.676965,3.528000,4,0,6000.0000,-1000.0000,90.0000,8.8257,1,4.0,100.00
1542,8.706614,9.203104,3.594000,4,0,6000.0000,-1000.0000,90.0000,8.9407,1,4.0,100.00
1543,9.125533,8.727705,3.517000,4,0,6000.0000,-1000.0000,90.0000,9.0498,1,4.0,100.00
1544,8.991971,9.158424,3.518000,4,0,6000.0000,-1000.0000,90.0000,9.1643,1,4.0,100.00
1545,9.273546,9.012210,3.482000,4,0,6000.0000,-1000.0000,90.0000,9.2769,1,4.0,100.00
1546,9.070061,9.209475,3.557000,4,0,6000.0000,-1000.0000,90.0000,9.3920,1,4.0,100.00
1547,8.974100,9.040461,3.528000,4,0,6000.0000,-1000.0000,90.0000,9.5050,1,4.0,100.00
1548,9.354249,8.889928,3.576000,4,0,6000.0000,-1000.0000,90.0000,9.6162,1,4.0,100.00
1549,9.319647,9.368669,3.521000,4,0,6000.0000,-1000.0000,90.0000,9.7333,1,4.0,100.00
1550,9.742316,9.391689,3.561000,4,0,6000.0000,-1000.0000,90.0000,9.8507,1,4.0,100.00
1551,9.198864,9.780337,3.517000,4,0,6000.0000,-1000.0000,90.0000,9.9729,1,4.0,100.00
1552,9.096343,9.157273,3.490000,4,0,6000.0000,-1000.0000,90.0000,10.0874,1,4.0,100.00
1553,9.966861,9.103593,3.628000,4,0,6000.0000,-1000.0000,90.0000,10.2012,1,4.0,100.00
1554,9.404278,9.967701,3.581000,4,0,6000.0000,-1000.0000,90.0000,10.3258,1,4.0,100.00
1555,11.534795,9.421089,3.504000,4,0,6000.0000,-1000.0000,90.0000,10.4435,1,4.0,100.00
1556,11.020823,11.512374,3.511000,4,0,6000.0000,-1000.0000,90.0000,10.5875,1,4.0,100.00
1557,11.774399,11.023353,3.518000,4,0,6000.0000,-1000.0000,90.0000,10.7252,1,4.0,100.00
1558,12.420373,11.785259,3.608000,4,0,6000.0000,-1000.0000,90.0000,10.8726,1,4.0,100.00
1559,11.500682,12.418173,3.532000,4,0,6000.0000,-1000.0000,90.0000,11.0278,1,4.0,100.00
1560,11.344801,11.515484,3.497000,4,0,6000.0000,-1000.0000,90.0000,11.1717,1,4.0,100.00
1561,10.224336,11.334849,3.555000,4,0,6000.0000,-1000.0000,90.0000,11.3134,1,4.0,100.00
1562,12.678129,10.206266,3.478000,4,0,6000.0000,-1000.0000,90.0000,11.4410,1,4.0,100.00
1563,10.547722,12.674809,3.509000,4,0,6000.0000,-1000.0000,90.0000,11.5994,1,4.0,100.00
1564,10.076204,10.549982,3.547000,4,0,6000.0000,-1000.0000,90.0000,11.7313,1,4.0,100.00
1565,10.461531,10.120525,3.537000,4,0,6000.0000,-1000.0000,90.0000,11.8578,1,4.0,100.00
1566,10.119394,10.451041,3.473000,4,0,6000.0000,-1000.0000,90.0000,11.9884,1,4.0,100.00
1567,9.633385,10.130084,3.519000,4,0,6000.0000,-1000.0000,90.0000,12.1151,1,4.0,100.00
1568,11.272688,9.604894,3.556000,4,0,6000.0000,-1000.0000,90.0000,12.2351,1,4.0,100.00
1569,11.176796,11.283118,3.539000,4,0,6000.0000,-1000.0000,90.0000,12.3762,1,4.0,100.00
1570,11.596836,11.240908,3.498000,4,0,6000.0000,-1000.0000,90.0000,12.5167,1,4.0,100.00
1571,11.531633,11.607526,3.570000,4,0,6000.0000,-1000.0000,90.0000,12.6618,1,4.0,100.00
1572,11.275719,11.467922,3.478000,4,0,6000.0000,-1000.0000,90.0000,12.8051,1,4.0,100.00
1573,11.320830,11.306570,3.527000,4,0,6000.0000,-1000.0000,90.0000,12.9465,1,4.0,100.00
1574,10.870690,11.291268,3.656000,4,0,6000.0000,-1000.0000,90.0000,13.0876,1,4.0,100.00
1575,11.471802,10.887741,3.590000,4,0,6000.0000,-1000.0000,90.0000,13.2237,1,4.0,100.00
1576,11.615426,11.424411,3.564000,4,0,6000.0000,-1000.0000,90.0000,13.3665,1,4.0,100.00
1577,11.552104,11.603326,3.638000,4,0,6000.0000,-1000.0000,90.0000,13.5115,1,4.0,100.00
1578,14.416336,11.566844,3.615000,4,0,6000.0000,-1000.0000,90.0000,13.6561,1,4.0,100.00
1579,12.649447,14.406976,3.602000,4,0,6000.0000,-1000.0000,90.0000,13.8362,1,4.0,100.00
1580,11.170246,12.713349,3.552000,4,0,6000.0000,-1000.0000,90.0000,13.9951,1,4.0,100.00
1581,11.362481,11.027023,3.536000,4,0,6000.0000,-1000.0000,90.0000,14.1330,1,4.0,100.00
1582,12.022034,11.405351,3.561000,4,0,6000.0000,-1000.0000,90.0000,14.2755,1,4.0,100.00
1583,11.334780,11.975404,3.546000,4,0,6000.0000,-1000.0000,90.0000,14.4252,1,4.0,100.00
1584,10.487142,11.330119,3.520000,4,0,6000.0000,-1000.0000,90.0000,14.5669,1,4.0,100.00
1585,10.759737,10.494193,3.509000,4,0,6000.0000,-1000.0000,90.0000,14.6980,1,4.0,100.00
1586,10.971142,10.848709,3.555000,4,0,6000.0000,-1000.0000,90.0000,14.8336,1,4.0,100.00
1587,10.650856,10.938021,3.508000,4,0,6000.0000,-1000.0000,90.0000,14.9704,1,4.0,100.00
1588,9.930250,10.634905,3.527000,4,0,6000.0000,-1000.0000,90.0000,15.1033,1,4.0,100.00
1589,8.918479,9.949041,3.554000,4,0,6000.0000,-1000.0000,90.0000,15.2277,1,4.0,100.00
1590,13.474985,8.899678,3.526000,4,0,6000.0000,-1000.0000,90.0000,15.3389,1,4.0,100.00
1591,9.817498,13.472715,3.475000,4,0,6000.0000,-1000.0000,90.0000,15.5073,1,4.0,100.00
1592,9.049801,9.958540,3.515000,4,0,6000.0000,-1000.0000,90.0000,15.6318,1,4.0,100.00
1593,11.092115,9.094763,3.587000,4,0,6000.0000,-1000.0000,90.0000,15.7455,1,4.0,100.00
1594,8.867377,11.039164,3.580000,4,0,6000.0000,-1000.0000,90.0000,15.8835,1,4.0,100.00
1595,10.248057,8.903338,3.494000,4,0,6000.0000,-1000.0000,90.0000,15.9948,1,4.0,100.00
1596,9.819518,10.075013,3.638000,4,0,6000.0000,-1000.0000,90.0000,16.1207,1,4.0,100.00
1597,9.146193,9.846838,3.570000,4,0,6000.0000,-1000.0000,90.0000,16.2438,1,4.0,100.00
1598,9.554163,9.200456,3.549000,4,0,6000.0000,-1000.0000,90.0000,16.3588,1,4.0,100.00
1599,8.827637,9.481190,3.558000,4,0,6000.0000,-1000.0000,90.0000,16.4773,1,4.0,100.00
1600,9.018221,8.843057,3.502000,4,0,6000.0000,-1000.0000,90.0000,16.5879,1,4.0,100.00
1601,10.170545,9.015441,3.549000,4,0,6000.0000,-1000.0000,90.0000,16.7005,1,4.0,100.00
1602,8.867937,10.183905,3.607000,4,0,6000.0000,-1000.0000,90.0000,16.8278,1,4.0,100.00
1603,9.790378,8.850518,3.537000,4,0,6000.0000,-1000.0000,90.0000,16.9385,1,4.0,100.00
1604,8.899607,9.809387,3.526000,4,0,6000.0000,-1000.0000,90.0000,17.0611,1,4.0,100.00
1605,9.025811,8.878028,3.533000,4,0,6000.0000,-1000.0000,90.0000,17.1721,1,4.0,100.00
1606,9.192255,9.011111,3.534000,4,0,6000.0000,-1000.0000,90.0000,17.2847,1,4.0,100.00
1607,8.563991,9.188144,3.495000,4,0,6000.0000,-1000.0000,90.0000,17.3996,1,4.0,100.00
1608,9.264866,8.576201,3.540000,4,0,6000.0000,-1000.0000,90.0000,17.5068,1,4.0,100.00
1609,9.837568,9.270747,3.500000,4,0,6000.0000,-1000.0000,90.0000,17.6226,1,4.0,100.00
1610,8.744725,9.838137,3.599000,4,0,6000.0000,-1000.0000,90.0000,17.7456,1,4.0,100.00
1611,8.695905,8.739496,3.589000,4,0,6000.0000,-1000.0000,90.0000,17.8549,1,4.0,100.00
1612,8.695873,8.688964,3.488000,4,0,6000.0000,-1000.0000,90.0000,17.9635,1,4.0,100.00
1613,12.175999,8.709284,3.528000,4,0,6000.0000,-1000.0000,90.0000,18.0723,1,4.0,100.00
1614,9.033361,12.242609,3.508000,4,0,6000.0000,-1000.0000,90.0000,18.2254,1,4.0,100.00
1615,9.325127,9.019981,3.522000,4,0,6000.0000,-1000.0000,90.0000,18.3381,1,4.0,100.00
1616,9.792827,9.301367,3.563000,4,0,6000.0000,-1000.0000,90.0000,18.4544,1,4.0,100.00
1617,10.016972,9.753836,3.586000,4,0,6000.0000,-1000.0000,90.0000,18.5763,1,4.0,100.00
1618,8.657003,10.027212,3.526000,4,0,6000.0000,-1000.0000,90.0000,18.7017,1,4.0,100.00
1619,8.592032,8.660304,3.596000,4,0,6000.0000,-1000.0000,90.0000,18.8099,1,4.0,100.00
1620,9.353557,8.633202,3.508000,4,0,6000.0000,-1000.0000,90.0000,18.9178,1,4.0,100.00
1621,9.491532,9.317377,3.508000,4,0,6000.0000,-1000.0000,90.0000,19.0343,1,4.0,100.00
1622,9.452409,9.489381,3.650000,4,0,6000.0000,-1000.0000,90.0000,19.1529,1,4.0,100.00
1623,8.795087,9.483860,3.527000,4,0,6000.0000,-1000.0000,90.0000,19.2715,1,4.0,100.00
1624,9.559712,8.789316,3.503000,4,0,6000.0000,-1000.0000,90.0000,19.3813,1,4.0,100.00
1625,8.990940,9.574903,3.585000,4,0,6000.0000,-1000.0000,90.0000,19.5010,1,4.0,100.00
1626,9.503501,8.985831,3.491000,4,0,6000.0000,-1000.0000,90.0000,19.6133,1,4.0,100.00
1627,9.355618,9.460609,3.558000,4,0,6000.0000,-1000.0000,90.0000,19.7316,1,4.0,100.00
1628,9.418520,9.361689,3.524000,4,0,6000.0000,-1000.0000,90.0000,19.8486,1,4.0,100.00
1629,8.998970,9.417309,3.563000,4,0,6000.0000,-1000.0000,90.0000,19.9663,1,4.0,100.00
1630,8.748795,9.001730,3.565000,4,0,6000.0000,-1000.0000,90.0000,20.0789,1,4.0,100.00
1631,9.457140,8.749676,3.534000,4,0,6000.0000,-1000.0000,90.0000,20.1882,1,4.0,100.00
1632,8.815417,9.436889,3.585000,4,0,6000.0000,-1000.0000,90.0000,20.3062,1,4.0,100.00
1633,9.169704,8.835367,3.520000,4,0,6000.0000,-1000.0000,90.0000,20.4166,1,4.0,100.00
1634,8.591252,9.142623,3.506000,4,0,6000.0000,-1000.0000,90.0000,20.5309,1,4.0,100.00
1635,9.148883,8.626633,3.586000,4,0,6000.0000,-1000.0000,90.0000,20.6387,1,4.0,100.00
1636,9.073972,9.139844,3.511000,4,0,6000.0000,-1000.0000,90.0000,20.7530,1,4.0,100.00
1637,9.802228,9.098122,3.532000,4,0,6000.0000,-1000.0000,90.0000,20.8667,1,4.0,100.00
1638,8.909668,10.020082,3.551000,4,0,6000.0000,-1000.0000,90.0000,20.9920,1,4.0,100.00
1639,9.421369,8.668364,3.486000,4,0,6000.0000,-1000.0000,90.0000,21.1003,1,4.0,100.00
1640,9.835228,9.427399,3.577000,4,0,6000.0000,-1000.0000,90.0000,21.2182,1,4.0,100.00
1641,10.309668,9.821718,3.585000,4,0,6000.0000,-1000.0000,90.0000,21.3409,1,4.0,100.00
1642,10.814479,10.323928,3.559000,4,0,6000.0000,-1000.0000,90.0000,21.4700,1,4.0,100.00
1643,10.261587,10.799539,3.594000,4,0,6000.0000,-1000.0000,90.0000,21.6050,1,4.0,100.00
1644,10.100464,10.278717,3.685000,4,0,6000.0000,-1000.0000,90.0000,21.7335,1,4.0,100.00
1645,11.170736,10.071843,3.498000,4,0,6000.0000,-1000.0000,90.0000,21.8594,1,4.0,100.00
1646,10.646786,11.188047,3.641000,4,0,6000.0000,-1000.0000,90.0000,21.9992,1,4.0,100.00
1647,10.687166,10.640155,3.672000,4,0,6000.0000,-1000.0000,90.0000,22.1322,1,4.0,100.00
1648,11.016893,10.688326,3.638000,4,0,6000.0000,-1000.0000,90.0000,22.2658,1,4.0,100.00
1649,9.124813,10.997823,3.618000,4,0,6000.0000,-1000.0000,90.0000,22.4033,1,4.0,100.00
1650,9.349798,9.141533,3.592000,4,0,6000.0000,-1000.0000,90.0000,22.5176,1,4.0,100.00
1651,8.969559,9.367558,3.584000,4,0,6000.0000,-1000.0000,90.0000,22.6347,1,4.0,100.00
1652,9.127173,9.045821,3.546000,4,0,6000.0000,-1000.0000,90.0000,22.7477,1,4.0,100.00
1653,8.890339,9.020181,3.574000,4,0,6000.0000,-1000.0000,90.0000,22.8605,1,4.0,100.00
1654,9.614323,8.902859,3.597000,4,0,6000.0000,-1000.0000,90.0000,22.9718,1,4.0,100.00
1655,8.452549,9.641584,3.499000,4,0,6000.0000,-1000.0000,90.0000,23.0923,1,4.0,100.00
1656,8.274106,8.387777,3.552000,4,0,6000.0000,-1000.0000,90.0000,23.1971,1,4.0,100.00
1657,8.389257,8.320407,3.494000,4,0,6000.0000,-1000.0000,90.0000,23.3011,1,4.0,100.00
1658,8.303935,8.381287,3.569000,4,0,6000.0000,-1000.0000,90.0000,23.4059,1,4.0,100.00
1659,8.900679,8.297065,3.494000,4,0,6000.0000,-1000.0000,90.0000,23.5096,1,4.0,100.00
1660,9.529162,8.953050,3.549000,4,0,6000.0000,-1000.0000,90.0000,23.6215,1,4.0,100.00
1661,8.834256,9.500691,3.595000,4,0,6000.0000,-1000.0000,90.0000,23.7403,1,4.0,100.00
1662,8.374258,8.852758,3.538000,4,0,6000.0000,-1000.0000,90.0000,23.8509,1,4.0,100.00
1663,9.416608,8.335986,3.492000,4,0,6000.0000,-1000.0000,90.0000,23.9551,1,4.0,100.00
1664,8.678574,9.426809,3.571000,4,0,6000.0000,-1000.0000,90.0000,24.0730,1,4.0,100.00
1665,8.475789,8.662103,3.510000,4,0,6000.0000,-1000.0000,90.0000,24.1813,1,4.0,100.00
1666,8.395378,8.490941,3.545000,4,0,6000.0000,-1000.0000,90.0000,24.2874,1,4.0,100.00
1667,8.474299,8.396737,3.524000,4,0,6000.0000,-1000.0000,90.0000,24.3924,1,4.0,100.00
1668,8.190613,8.464128,3.548000,4,0,6000.0000,-1000.0000,90.0000,24.4982,1,4.0,100.00
1669,8.099233,8.182014,3.517000,4,0,6000.0000,-1000.0000,90.0000,24.6004,1,4.0,100.00
1670,8.893017,8.066231,3.530000,4,0,6000.0000,-1000.0000,90.0000,24.7013,1,4.0,100.00
1671,8.305996,8.916219,3.527000,4,0,6000.0000,-1000.0000,90.0000,24.8127,1,4.0,100.00
1672,8.786386,8.307185,3.589000,4,0,6000.0000,-1000.0000,90.0000,24.9166,1,4.0,100.00
1673,9.695815,8.766546,3.568000,5,0,6000.0000,-1000.0000,90.0000,-25.0000,1,4.0,100.00
1674,9.302897,9.704555,3.501000,5,0,6000.0000,-1000.0000,90.0000,-25.0000,1,4.0,100.00
1675,8.499520,9.286417,3.526000,5,0,6000.0000,-1000.0000,90.0000,-25.0000,1,4.0,100.00
1676,8.435728,8.524170,3.561000,5,0,6000.0000,-1000.0000,90.0000,-25.0000,1,4.0,100.00
1677,8.918379,8.424738,3.803000,5,0,6000.0000,-1000.0000,90.0000,-25.0000,1,4.0,100.00
1678,8.132643,8.917069,3.562000,5,0,6000.0000,-1000.0000,90.0000,-25.0000,1,4.0,100.00
1679,7.818264,8.143602,3.343000,5,0,6000.0000,-1000.0000,90.0000,-25.0000,1,4.0,100.00
1680,10.008282,7.887017,3.180000,5,0,6000.0000,-1000.0000,90.0000,-25.0000,1,4.0,100.00
1681,10.029212,9.968590,3.162000,5,0,6000.0000,-1000.0000,90.0000,-25.0000,1,4.0,100.00
1682,9.294198,10.016983,3.212000,5,0,6000.0000,-1000.0000,90.0000,-25.0000,1,4.0,100.00
1683,9.383188,9.295117,3.155000,5,0,6000.0000,-1000.0000,90.0000,-25.0000,1,4.0,100.00
1684,9.858649,9.469350,3.261000,5,0,6000.0000,-1000.0000,90.0000,-25.0000,1,4.0,100.00
1685,10.720467,9.848918,3.105000,5,0,6000.0000,-1000.0000,90.0000,-25.0000,1,4.0,100.00
1686,9.594742,10.684207,3.211000,5,0,6000.0000,-1000.0000,90.0000,-25.0000,1,4.0,100.00
1687,9.446551,9.542741,3.229000,5,0,6000.0000,-1000.0000,90.0000,-25.0000,1,4.0,100.00
1688,9.649223,9.443090,3.129000,5,0,6000.0000,-1000.0000,90.0000,-25.0000,1,4.0,100.00
1689,10.152665,9.653734,3.147000,5,0,6000.0000,-1000.0000,90.0000,-25.0000,1,4.0,100.00
1690,9.483611,10.147225,3.161000,5,0,6000.0000,-1000.0000,90.0000,-25.0000,1,4.0,100.00
1691,10.313568,9.495801,3.151000,5,0,6000.0000,-1000.0000,90.0000,-25.0000,1,4.0,100.00
1692,10.438521,10.320288,3.100000,5,0,6000.0000,-1000.0000,90.0000,-25.0000,1,4.0,100.00
1693,10.207116,10.433071,3.169000,5,0,6000.0000,-1000.0000,90.0000,-25.0000,1,4.0,100.00
1694,10.133444,10.209156,3.073000,5,0,6000.0000,-1000.0000,90.0000,-25.0000,1,4.0,100.00
1695,10.266277,10.133544,3.103000,5,0,6000.0000,-1000.0000,90.0000,-25.0000,1,4.0,100.00
1696,10.323320,10.353669,3.225000,5,0,6000.0000,-1000.0000,90.0000,-25.0000,1,4.0,100.00
1697,10.408939,10.327879,3.143000,5,0,6000.0000,-1000.0000,90.0000,-25.0000,1,4.0,100.00
1698,10.132235,10.431331,3.123000,5,0,6000.0000,-1000.0000,90.0000,-25.0000,1,4.0,100.00
1699,11.023943,10.110344,3.109000,5,0,6000.0000,-1000.0000,90.0000,-25.0000,1,4.0,100.00
1700,10.812439,11.017163,3.093000,5,0,6000.0000,-1000.0000,90.0000,-25.0000,1,4.0,100.00
1701,10.434380,10.841849,3.178000,5,0,6000.0000,-1000.0000,90.0000,-25.0000,1,4.0,100.00
1702,11.067924,10.407051,3.240000,5,0,6000.0000,-1000.0000,90.0000,-25.0000,1,4.0,100.00
1703,10.420691,11.079464,3.075000,5,0,6000.0000,-1000.0000,90.0000,-25.0000,1,4.0,100.00
1704,9.986482,10.445911,3.239000,5,0,6000.0000,-1000.0000,90.0000,-25.0000,1,4.0,100.00
1705,10.275887,10.023692,3.237000,5,0,6000.0000,-1000.0000,90.0000,-25.0000,1,4.0,100.00
1706,10.902121,10.204506,3.243000,5,0,6000.0000,-1000.0000,90.0000,-25.0000,1,4.0,100.00
1707,11.099925,10.920661,3.208000,5,0,6000.0000,-1000.0000,90.0000,-25.0000,1,4.0,100.00
1708,11.533054,11.086195,3.226000,5,0,6000.0000,-1000.0000,90.0000,-25.0000,1,4.0,100.00
1709,10.948062,11.525664,3.261000,5,0,6000.0000,-1000.0000,90.0000,-25.0000,1,4.0,100.00
1710,10.667935,10.956672,3.245000,5,0,6000.0000,-1000.0000,90.0000,-25.0000,1,4.0,100.00
1711,11.231777,10.661335,3.194000,5,0,6000.0000,-1000.0000,90.0000,-25.0000,1,4.0,100.00
1712,11.165117,11.233748,3.170000,5,0,6000.0000,-1000.0000,90.0000,-25.0000,1,4.0,100.00
1713,11.018994,11.161876,3.193000,5,0,6000.0000,-1000.0000,90.0000,-25.0000,1,4.0,100.00
1714,10.984722,11.036004,3.055000,5,0,6000.0000,-1000.0000,90.0000,-25.0000,1,4.0,100.00
1715,10.751247,10.969722,3.151000,5,0,6000.0000,-1000.0000,90.0000,-25.0000,1,4.0,100.00
1716,10.586044,10.756718,3.107000,5,0,6000.0000,-1000.0000,90.0000,-25.0000,1,4.0,100.00
1717,11.812930,10.610734,3.203000,5,0,6000.0000,-1000.0000,90.0000,-25.0000,1,4.0,100.00
1718,10.530373,11.830750,3.324000,5,0,6000.0000,-1000.0000,90.0000,-25.0000,1,4.0,100.00
1719,10.764678,10.477483,3.249000,5,0,6000.0000,-1000.0000,90.0000,-25.0000,1,4.0,100.00
1720,11.058044,10.772317,3.140000,5,0,6000.0000,-1000.0000,90.0000,-25.0000,1,4.0,100.00
1721,10.652105,11.056284,3.169000,5,0,6000.0000,-1000.0000,90.0000,-25.0000,1,4.0,100.00
1722,11.159126,10.677946,3.184000,5,0,6000.0000,-1000.0000,90.0000,-25.0000,1,4.0,100.00
1723,11.158986,11.159936,3.194000,5,0,6000.0000,-1000.0000,90.0000,-25.0000,1,4.0,100.00
1724,11.253888,11.129795,3.141000,5,0,6000.0000,-1000.0000,90.0000,-25.0000,1,4.0,100.00
1725,10.432872,11.251879,3.179000,5,0,6000.0000,-1000.0000,90.0000,-25.0000,1,4.0,100.00
1726,11.050013,10.470531,3.156000,5,0,6000.0000,-1000.0000,90.0000,-25.0000,1,4.0,100.00
1727,11.721818,11.049734,3.172000,5,0,6000.0000,-1000.0000,90.0000,-25.0000,1,4.0,100.00
1728,10.402140,11.738409,3.246000,5,0,6000.0000,-1000.0000,90.0000,-25.0000,1,4.0,100.00
1729,11.519784,10.373179,3.260000,5,0,6000.0000,-1000.0000,90.0000,-25.0000,1,4.0,100.00
1730,11.062614,11.499734,3.134000,5,0,6000.0000,-1000.0000,90.0000,-25.0000,1,4.0,100.00
1731,11.106756,11.064044,3.132000,5,0,6000.0000,-1000.0000,90.0000,-25.0000,1,4.0,100.00
1732,11.229917,11.117615,3.113000,5,0,6000.0000,-1000.0000,90.0000,-25.0000,1,4.0,100.00
1733,11.813820,11.290568,3.144000,5,0,6000.0000,-1000.0000,90.0000,-25.0000,1,4.0,100.00
1734,12.370652,11.706438,3.169000,5,0,6000.0000,-1000.0000,90.0000,-25.0000,1,4.0,100.00
1735,11.844500,12.361372,3.174000,5,0,6000.0000,-1000.0000,90.0000,-25.0000,1,4.0,100.00
1736,11.509413,11.866301,3.175000,5,0,6000.0000,-1000.0000,90.0000,-25.0000,1,4.0,100.00
1737,11.416843,11.477533,3.136000,5,0,6000.0000,-1000.0000,90.0000,-25.0000,1,4.0,100.00
1738,12.383871,11.464692,3.104000,5,0,6000.0000,-1000.0000,90.0000,-25.0000,1,4.0,100.00
1739,11.956443,12.335451,3.155000,5,0,6000.0000,-1000.0000,90.0000,-25.0000,1,4.0,100.00
1740,11.424152,11.952463,3.195000,5,0,6000.0000,-1000.0000,90.0000,-25.0000,1,4.0,100.00
1741,12.006534,11.424872,3.202000,5,0,6000.0000,-1000.0000,90.0000,-25.0000,1,4.0,100.00
1742,11.480673,12.019325,3.147000,5,0,6000.0000,-1000.0000,90.0000,-25.0000,1,4.0,100.00
1743,11.410891,11.473282,3.201000,5,0,6000.0000,-1000.0000,90.0000,-25.0000,1,4.0,100.00
1744,11.519615,11.404372,3.177000,5,0,6000.0000,-1000.0000,90.0000,-25.0000,1,4.0,100.00
1745,11.851090,11.530403,3.160000,5,0,6000.0000,-1000.0000,90.0000,-25.0000,1,4.0,100.00
1746,11.186647,11.867742,3.211000,5,0,6000.0000,-1000.0000,90.0000,-25.0000,1,4.0,100.00
1747,11.788300,11.164866,3.182000,5,0,6000.0000,-1000.0000,90.0000,-25.0000,1,4.0,100.00
1748,11.594654,11.815430,3.160000,5,0,6000.0000,-1000.0000,90.0000,-25.0000,1,4.0,100.00
1749,11.600436,11.571724,3.155000,5,0,6000.0000,-1000.0000,90.0000,-25.0000,1,4.0,100.00
1750,11.268858,11.603536,3.170000,5,0,6000.0000,-1000.0000,90.0000,-25.0000,1,4.0,100.00
1751,11.615037,11.258518,3.173000,5,0,6000.0000,-1000.0000,90.0000,-25.0000,1,4.0,100.00
1752,11.434751,11.640317,3.202000,5,0,6000.0000,-1000.0000,90.0000,-25.0000,1,4.0,100.00
1753,11.746799,11.403981,3.159000,5,0,6000.0000,-1000.0000,90.0000,-25.0000,1,4.0,100.00
1754,11.293799,11.759049,3.151000,5,0,6000.0000,-1000.0000,90.0000,-25.0000,1,4.0,100.00
1755,11.933082,11.288258,3.188000,5,0,6000.0000,-1000.0000,90.0000,-25.0000,1,4.0,100.00
1756,11.184237,11.936913,3.168000,5,0,6000.0000,-1000.0000,90.0000,-25.0000,1,4.0,100.00
1757,12.042245,11.179427,3.180000,5,0,6000.0000,-1000.0000,90.0000,-25.0000,1,4.0,100.00
1758,10.684576,12.050095,3.197000,5,0,6000.0000,-1000.0000,90.0000,-25.0000,1,4.0,100.00
1759,11.717088,10.672826,3.132000,5,0,6000.0000,-1000.0000,90.0000,-25.0000,1,4.0,100.00
1760,12.694518,11.739168,3.128000,5,0,6000.0000,-1000.0000,90.0000,-25.0000,1,4.0,100.00
1761,13.859764,12.731880,3.219000,5,0,6000.0000,-1000.0000,90.0000,-25.0000,1,4.0,100.00
1762,12.702179,13.983376,3.178000,5,0,6000.0000,-1000.0000,90.0000,-25.0000,1,4.0,100.00
1763,12.579676,12.658677,3.137000,5,0,6000.0000,-1000.0000,90.0000,-25.0000,1,4.0,100.00
1764,13.274641,12.628958,3.192000,5,0,6000.0000,-1000.0000,90.0000,-25.0000,1,4.0,100.00
1765,13.340112,13.188799,3.257000,5,0,6000.0000,-1000.0000,90.0000,-25.0000,1,4.0,100.00
1766,12.790761,13.320221,3.244000,5,0,6000.0000,-1000.0000,90.0000,-25.0000,1,4.0,100.00
1767,12.333850,12.801391,3.256000,5,0,6000.0000,-1000.0000,90.0000,-25.0000,1,4.0,100.00
1768,12.651708,12.355382,3.366000,5,0,6000.0000,-1000.0000,90.0000,-25.0000,1,4.0,100.00
1769,12.048745,12.671848,3.232000,5,0,6000.0000,-1000.0000,90.0000,-25.0000,1,4.0,100.00
1770,12.682809,12.033364,3.208000,5,0,6000.0000,-1000.0000,90.0000,-25.0000,1,4.0,100.00
1771,12.173097,12.737460,3.254000,5,0,6000.0000,-1000.0000,90.0000,-25.0000,1,4.0,100.00
1772,12.295970,12.115437,3.239000,5,0,6000.0000,-1000.0000,90.0000,-25.0000,1,4.0,100.00
1773,11.982404,12.303480,3.217000,5,0,6000.0000,-1000.0000,90.0000,-25.0000,1,4.0,100.00
1774,12.767470,11.980353,3.115000,5,0,6000.0000,-1000.0000,90.0000,-25.0000,1,4.0,100.00
1775,12.762411,12.767011,3.140000,5,0,6000.0000,-1000.0000,90.0000,-25.0000,1,4.0,100.00
1776,12.635607,12.793681,3.228000,5,0,6000.0000,-1000.0000,90.0000,-25.0000,1,4.0,100.00
1777,11.862971,12.604477,3.164000,5,0,6000.0000,-1000.0000,90.0000,-25.0000,1,4.0,100.00
1778,12.763510,11.884620,3.165000,5,0,6000.0000,-1000.0000,90.0000,-25.0000,1,4.0,100.00
1779,12.988095,12.759841,3.202000,5,0,6000.0000,-1000.0000,90.0000,-25.0000,1,4.0,100.00
1780,13.333982,12.966154,3.038000,5,0,6000.0000,-1000.0000,90.0000,-25.0000,1,4.0,100.00
1781,13.547247,13.309191,3.158000,5,0,6000.0000,-1000.0000,90.0000,-25.0000,1,4.0,100.00
1782,12.868902,13.492706,3.196000,5,0,6000.0000,-1000.0000,90.0000,-25.0000,1,4.0,100.00
1783,13.621048,12.895933,3.118000,5,0,6000.0000,-1000.0000,90.0000,-25.0000,1,4.0,100.00
1784,12.964994,13.595418,3.115000,5,0,6000.0000,-1000.0000,90.0000,-25.0000,1,4.0,100.00
1785,12.941764,12.950924,3.196000,5,0,6000.0000,-1000.0000,90.0000,-25.0000,1,4.0,100.00
1786,12.492405,12.943294,3.159000,5,0,6000.0000,-1000.0000,90.0000,-25.0000,1,4.0,100.00
1787,12.201478,12.524235,3.189000,5,0,6000.0000,-1000.0000,90.0000,-25.0000,1,4.0,100.00
1788,12.770421,12.164077,3.162000,5,0,6000.0000,-1000.0000,90.0000,-25.0000,1,4.0,100.00
1789,13.022955,12.824892,3.134000,5,0,6000.0000,-1000.0000,90.0000,-25.0000,1,4.0,100.00
1790,12.451993,12.991165,3.132000,5,0,6000.0000,-1000.0000,90.0000,-25.0000,1,4.0,100.00
1791,12.323541,12.461003,3.120000,5,0,6000.0000,-1000.0000,90.0000,-25.0000,1,4.0,100.00
1792,13.429455,12.298201,3.160000,5,0,6000.0000,-1000.0000,90.0000,-25.0000,1,4.0,100.00
1793,12.344130,13.415334,3.150000,5,0,6000.0000,-1000.0000,90.0000,-25.0000,1,4.0,100.00
1794,12.427334,12.350681,3.247000,5,0,6000.0000,-1000.0000,90.0000,-25.0000,1,4.0,100.00
1795,11.754648,12.454654,3.125000,5,0,6000.0000,-1000.0000,90.0000,-25.0000,1,4.0,100.00
1796,12.021695,12.283419,3.091000,5,0,6000.0000,-1000.0000,90.0000,-25.0000,1,4.0,100.00
1797,11.752198,11.664138,3.192000,5,0,6000.0000,-1000.0000,90.0000,-25.0000,1,4.0,100.00
1798,12.300360,11.794338,3.131000,5,0,6000.0000,-1000.0000,90.0000,-25.0000,1,4.0,100.00
1799,12.477605,12.469695,3.161000,5,0,6000.0000,-1000.0000,90.0000,-25.0000,1,4.0,100.00
1800,11.869951,12.096906,3.156000,5,0,6000.0000,-1000.0000,90.0000,-25.0000,1,4.0,100.00
1801,11.926233,12.142027,3.166000,5,0,6000.0000,-1000.0000,90.0000,-25.0000,1,4.0,100.00
1802,12.411862,11.744148,3.158000,5,0,6000.0000,-1000.0000,90.0000,-25.0000,1,4.0,100.00
1803,12.030615,12.501274,3.208000,5,0,6000.0000,-1000.0000,90.0000,-25.0000,1,4.0,100.00
1804,11.711028,11.877382,3.126000,5,0,6000.0000,-1000.0000,90.0000,-25.0000,1,4.0,100.00
1805,11.560794,11.780989,3.197000,5,0,6000.0000,-1000.0000,90.0000,-25.0000,1,4.0,100.00
1806,12.670348,11.473204,3.162000,5,0,6000.0000,-1000.0000,90.0000,-25.0000,1,4.0,100.00
1807,11.690858,12.656027,3.156000,5,0,6000.0000,-1000.0000,90.0000,-25.0000,1,4.0,100.00
1808,12.174078,11.715998,3.209000,5,0,6000.0000,-1000.0000,90.0000,-25.0000,1,4.0,100.00
1809,11.420011,12.158217,3.194000,5,0,6000.0000,-1000.0000,90.0000,-25.0000,1,4.0,100.00
1810,12.182557,11.422352,3.123000,5,0,6000.0000,-1000.0000,90.0000,-25.0000,1,4.0,100.00
1811,11.874512,12.242059,3.150000,5,0,6000.0000,-1000.0000,90.0000,-25.0000,1,4.0,100.00
1812,11.820870,11.873312,3.096000,5,0,6000.0000,-1000.0000,90.0000,-25.0000,1,4.0,100.00
1813,11.656347,11.744108,3.075000,5,0,6000.0000,-1000.0000,90.0000,-25.0000,1,4.0,100.00
1814,12.350961,11.666987,3.138000,5,0,6000.0000,-1000.0000,90.0000,-25.0000,1,4.0,100.00
1815,12.065746,12.344111,3.215000,5,0,6000.0000,-1000.0000,90.0000,-25.0000,1,4.0,100.00
1816,12.470344,12.068465,3.162000,5,0,6000.0000,-1000.0000,90.0000,-25.0000,1,4.0,100.00
1817,11.770538,12.471035,3.192000,5,0,6000.0000,-1000.0000,90.0000,-25.0000,1,4.0,100.00
1818,11.726049,11.829770,3.169000,5,0,6000.0000,-1000.0000,90.0000,-25.0000,1,4.0,100.00
1819,12.180657,11.664586,3.134000,5,0,6000.0000,-1000.0000,90.0000,-25.0000,1,4.0,100.00
1820,11.500014,12.239690,3.136000,5,0,6000.0000,-1000.0000,90.0000,-25.0000,1,4.0,100.00
1821,11.546694,11.429102,3.173000,5,0,6000.0000,-1000.0000,90.0000,-25.0000,1,4.0,100.00
1822,11.500254,11.597705,3.156000,5,0,6000.0000,-1000.0000,90.0000,-25.0000,1,4.0,100.00
1823,12.507444,11.462032,3.153000,5,0,6000.0000,-1000.0000,90.0000,-25.0000,1,4.0,100.00
1824,12.397273,12.594677,3.177000,5,0,6000.0000,-1000.0000,90.0000,-25.0000,1,4.0,100.00
1825,13.495205,12.300380,3.111000,5,0,6000.0000,-1000.0000,90.0000,-25.0000,1,4.0,100.00
1826,12.618278,13.537486,3.212000,5,0,6000.0000,-1000.0000,90.0000,-25.0000,1,4.0,100.00
1827,12.189347,12.606928,3.273000,5,0,6000.0000,-1000.0000,90.0000,-25.0000,1,4.0,100.00
1828,13.441354,12.169617,3.220000,5,0,6000.0000,-1000.0000,90.0000,-25.0000,1,4.0,100.00
1829,11.793420,13.485516,3.216000,5,0,6000.0000,-1000.0000,90.0000,-25.0000,1,4.0,100.00
1830,13.357843,11.819640,3.341000,5,0,6000.0000,-1000.0000,90.0000,-25.0000,1,4.0,100.00
1831,14.027757,13.294301,3.248000,5,0,6000.0000,-1000.0000,90.0000,-25.0000,1,4.0,100.00
1832,12.671578,14.034017,3.246000,5,0,6000.0000,-1000.0000,90.0000,-25.0000,1,4.0,100.00
1833,12.726779,12.745110,3.261000,5,0,6000.0000,-1000.0000,90.0000,-25.0000,1,4.0,100.00
1834,11.666808,12.661337,3.163000,5,0,6000.0000,-1000.0000,90.0000,-25.0000,1,4.0,100.00
1835,12.352921,11.625627,3.160000,5,0,6000.0000,-1000.0000,90.0000,-25.0000,1,4.0,100.00
1836,11.979113,12.375051,3.137000,5,0,6000.0000,-1000.0000,90.0000,-25.0000,1,4.0,100.00
1837,12.854042,11.992664,3.202000,5,0,6000.0000,-1000.0000,90.0000,-25.0000,1,4.0,100.00
1838,12.197438,12.844602,3.207000,5,0,6000.0000,-1000.0000,90.0000,-25.0000,1,4.0,100.00
1839,12.475215,12.206608,3.199000,5,0,6000.0000,-1000.0000,90.0000,-25.0000,1,4.0,100.00
1840,11.763048,12.479225,3.115000,5,0,6000.0000,-1000.0000,90.0000,-25.0000,1,4.0,100.00
1841,12.072905,11.774909,3.134000,5,0,6000.0000,-1000.0000,90.0000,-25.0000,1,4.0,100.00
1842,12.128817,12.084376,3.224000,5,0,6000.0000,-1000.0000,90.0000,-25.0000,1,4.0,100.00
1843,11.789880,12.105496,3.110000,5,0,6000.0000,-1000.0000,90.0000,-25.0000,1,4.0,100.00
1844,12.085045,11.823220,3.083000,5,0,6000.0000,-1000.0000,90.0000,-25.0000,1,4.0,100.00
1845,12.170908,12.069596,3.108000,5,0,6000.0000,-1000.0000,90.0000,-25.0000,1,4.0,100.00
1846,12.091157,12.163007,3.176000,6,0,6000.0000,-1000.0000,90.0000,-25.0000,1,4.0,100.00
1847,12.175457,12.069085,3.194000,6,1,6000.0000,-1000.0000,90.0000,-24.8491,1,4.0,100.00
1848,168.607678,12.188468,3.356000,6,0,6000.0000,-1000.0000,90.0000,-24.6968,1,4.0,100.00
1849,6.703832,168.562287,3.356000,6,1,6000.0000,-1000.0000,90.0000,-22.5898,1,4.0,100.00
1850,142.204490,6.618051,3.602000,6,0,6000.0000,-1000.0000,90.0000,-22.5070,1,4.0,100.00
1851,6.639900,142.272860,3.602000,6,1,6000.0000,-1000.0000,90.0000,-20.7286,1,4.0,100.00
1852,140.859702,6.548769,3.609000,6,0,6000.0000,-1000.0000,90.0000,-20.6468,1,4.0,100.00
1853,6.772122,140.943743,3.609000,6,1,6000.0000,-1000.0000,90.0000,-18.8850,1,4.0,100.00
1854,140.903723,6.686811,3.579000,6,0,6000.0000,-1000.0000,90.0000,-18.8014,1,4.0,100.00
1855,6.757983,140.968864,3.579000,6,1,6000.0000,-1000.0000,90.0000,-17.0393,1,4.0,100.00
1856,140.709668,6.708502,3.671000,6,0,6000.0000,-1000.0000,90.0000,-16.9554,1,4.0,100.00
1857,6.771933,140.763700,3.671000,6,1,6000.0000,-1000.0000,90.0000,-15.1959,1,4.0,100.00
1858,143.634660,6.717152,3.646000,6,0,6000.0000,-1000.0000,90.0000,-15.1119,1,4.0,100.00
1859,6.614641,143.711501,3.646000,6,1,6000.0000,-1000.0000,90.0000,-13.3155,1,4.0,100.00
1860,140.676696,6.516818,3.651000,6,0,6000.0000,-1000.0000,90.0000,-13.2340,1,4.0,100.00
1861,6.620731,140.775319,3.651000,6,1,6000.0000,-1000.0000,90.0000,-11.4744,1,4.0,100.00
1862,137.756106,6.532999,3.617000,6,0,6000.0000,-1000.0000,90.0000,-11.3927,1,4.0,100.00
1863,6.519607,137.810047,3.617000,6,1,6000.0000,-1000.0000,90.0000,-9.6701,1,4.0,100.00
1864,142.871635,6.464306,3.683000,6,0,6000.0000,-1000.0000,90.0000,-9.5893,1,4.0,100.00
1865,7.457167,142.995847,3.683000,6,1,6000.0000,-1000.0000,90.0000,-7.8018,1,4.0,100.00
1866,142.359924,7.346325,3.645000,6,0,6000.0000,-1000.0000,90.0000,-7.7100,1,4.0,100.00
1867,6.429675,142.412635,3.645000,6,1,6000.0000,-1000.0000,90.0000,-5.9298,1,4.0,100.00
1868,144.220173,6.367855,3.663000,6,0,6000.0000,-1000.0000,90.0000,-5.8502,1,4.0,100.00
1869,6.491688,144.296644,3.663000,6,1,6000.0000,-1000.0000,90.0000,-4.0465,1,4.0,100.00
1870,141.659258,6.420706,3.728000,6,0,6000.0000,-1000.0000,90.0000,-3.9663,1,4.0,100.00
1871,7.194213,141.701099,3.728000,6,1,6000.0000,-1000.0000,90.0000,-2.1950,1,4.0,100.00
1872,140.792029,7.152072,3.569000,6,0,6000.0000,-1000.0000,90.0000,-2.1056,1,4.0,100.00
1873,6.814484,140.861440,3.569000,6,1,6000.0000,-1000.0000,90.0000,-0.3448,1,4.0,100.00
1874,142.667741,6.754444,3.642000,6,0,6000.0000,-1000.0000,90.0000,-0.2604,1,4.0,100.00
1875,6.604919,142.701761,3.642000,6,1,6000.0000,-1000.0000,90.0000,1.5234,1,4.0,100.00
1876,169.071129,6.560718,3.710000,6,0,6000.0000,-1000.0000,90.0000,1.6054,1,4.0,100.00
1877,6.892326,169.154660,3.710000,6,1,6000.0000,-1000.0000,90.0000,3.7198,1,4.0,100.00
1878,144.270453,6.792274,3.603000,6,0,6000.0000,-1000.0000,90.0000,3.8047,1,4.0,100.00
1879,6.807845,144.347967,3.603000,6,1,6000.0000,-1000.0000,90.0000,5.6091,1,4.0,100.00
1880,144.335056,6.726161,3.610000,6,0,6000.0000,-1000.0000,90.0000,5.6931,1,4.0,100.00
1881,6.791653,144.422478,3.610000,6,1,6000.0000,-1000.0000,90.0000,7.4984,1,4.0,100.00
1882,145.563031,6.716972,3.702000,6,0,6000.0000,-1000.0000,90.0000,7.5824,1,4.0,100.00
1883,7.051730,145.609142,3.702000,6,1,6000.0000,-1000.0000,90.0000,9.4025,1,4.0,100.00
1884,147.244226,6.993768,3.729000,6,0,6000.0000,-1000.0000,90.0000,9.4899,1,4.0,100.00
1885,6.679162,147.330829,3.729000,6,1,6000.0000,-1000.0000,90.0000,11.3316,1,4.0,100.00
1886,147.682375,6.606250,3.779000,6,0,6000.0000,-1000.0000,90.0000,11.4141,1,4.0,100.00
1887,7.396298,147.729356,3.779000,6,1,6000.0000,-1000.0000,90.0000,13.2608,1,4.0,100.00
1888,146.083472,7.349637,3.723000,6,0,6000.0000,-1000.0000,90.0000,13.3526,1,4.0,100.00
1889,6.979588,146.154664,3.723000,6,1,6000.0000,-1000.0000,90.0000,15.1796,1,4.0,100.00
1890,145.913399,6.932716,3.698000,6,0,6000.0000,-1000.0000,90.0000,15.2662,1,4.0,100.00
1891,7.088400,145.936230,3.698000,6,1,6000.0000,-1000.0000,90.0000,17.0904,1,4.0,100.00
1892,148.333380,7.062199,3.778000,6,0,6000.0000,-1000.0000,90.0000,17.1787,1,4.0,100.00
1893,7.276664,148.399762,3.778000,6,1,6000.0000,-1000.0000,90.0000,19.0337,1,4.0,100.00
1894,144.139981,7.217472,3.671000,6,0,6000.0000,-1000.0000,90.0000,19.1239,1,4.0,100.00
1895,7.143771,144.156212,3.671000,6,1,6000.0000,-1000.0000,90.0000,20.9259,1,4.0,100.00
1896,143.778194,7.143112,3.641000,6,0,6000.0000,-1000.0000,90.0000,21.0152,1,4.0,100.00
1897,7.747454,143.804463,3.641000,6,1,6000.0000,-1000.0000,90.0000,22.8127,1,4.0,100.00
1898,142.745552,7.768495,3.518000,6,0,6000.0000,-1000.0000,90.0000,22.9098,1,4.0,100.00
1899,7.612171,142.737202,3.518000,6,1,6000.0000,-1000.0000,90.0000,24.6940,1,4.0,100.00
1900,141.526317,7.580360,3.498000,6,0,6000.0000,-1000.0000,90.0000,24.7888,1,4.0,100.00
1901,7.819025,141.599798,3.498000,6,1,6000.0000,-1000.0000,90.0000,25.0000,1,4.0,100.00
1902,144.936748,7.762925,3.478000,6,0,6000.0000,-1000.0000,90.0000,25.0000,1,4.0,100.00
1903,7.316546,144.937489,3.478000,6,1,6000.0000,-1000.0000,90.0000,25.0000,1,4.0,100.00
1904,147.258777,7.306294,3.404000,6,0,6000.0000,-1000.0000,90.0000,25.0000,1,4.0,100.00
1905,7.619612,147.296048,3.404000,6,1,6000.0000,-1000.0000,90.0000,25.0000,1,4.0,100.00
1906,146.968420,7.592981,3.339000,6,0,6000.0000,-1000.0000,90.0000,25.0000,1,4.0,100.00
1907,7.513330,146.970172,3.339000,6,1,6000.0000,-1000.0000,90.0000,25.0000,1,4.0,100.00
1908,145.614343,7.491578,3.193000,6,0,6000.0000,-1000.0000,90.0000,25.0000,1,4.0,100.00
1909,7.196213,145.686595,3.193000,6,1,6000.0000,-1000.0000,90.0000,25.0000,1,4.0,100.00
1910,176.876765,7.132041,3.189000,7,0,6000.0000,-1000.0000,90.0000,0.0000,1,4.0,100.00
1911,8.959469,177.183531,3.373000,7,0,6075.3456,-1000.0000,90.0000,0.0000,1,4.0,100.00
1912,8.782875,8.638143,3.373000,7,0,6079.1980,-1000.0000,90.0000,0.0000,1,4.0,100.00
1913,12.269061,8.779305,3.373000,7,0,6083.2983,-1000.0000,90.0000,0.0000,1,4.0,100.00
1914,13.411063,12.267631,3.664000,7,0,6089.3890,-1000.0000,90.0000,0.0000,1,4.0,100.00
1915,12.949035,13.438004,3.693000,7,0,6096.3767,-1000.0000,90.0000,0.0000,1,4.0,100.00
1916,12.867902,12.990715,3.557000,7,0,6103.1319,-1000.0000,90.0000,0.0000,1,4.0,100.00
1917,12.866413,12.910593,3.510000,7,0,6109.8454,-1000.0000,90.0000,0.0000,1,4.0,100.00
1918,12.725928,12.774231,3.498000,7,0,6116.4880,-1000.0000,90.0000,0.0000,1,4.0,100.00
1919,12.103217,12.757050,3.673000,7,0,6123.1217,-1000.0000,90.0000,0.0000,1,4.0,100.00
1920,11.986293,12.216409,3.554000,7,0,6129.4742,-1000.0000,90.0000,0.0000,1,4.0,100.00
1921,11.971824,11.863851,3.579000,7,0,6135.6434,-1000.0000,90.0000,0.0000,1,4.0,100.00
1922,11.794880,12.006074,3.481000,7,0,6141.8866,-1000.0000,90.0000,0.0000,1,4.0,100.00
1923,12.845252,11.777459,3.490000,7,0,6148.0109,-1000.0000,90.0000,0.0000,1,4.0,100.00
1924,12.695279,12.878593,3.468000,7,0,6154.7077,-1000.0000,90.0000,0.0000,1,4.0,100.00
1925,12.714929,12.892283,3.558000,7,0,6161.4117,-1000.0000,90.0000,0.0000,1,4.0,100.00
1926,12.285380,12.805621,3.567000,7,0,6168.0706,-1000.0000,90.0000,0.0000,1,4.0,100.00
1927,13.621578,12.064755,3.583000,7,0,6174.3443,-1000.0000,90.0000,0.0000,1,4.0,100.00
1928,13.660950,13.784792,3.522000,7,0,6181.5124,-1000.0000,90.0000,0.0000,1,4.0,100.00
1929,11.490233,13.575897,3.566000,7,0,6188.5719,-1000.0000,90.0000,0.0000,1,4.0,100.00
1930,11.917412,11.410102,3.625000,7,0,6194.5051,-1000.0000,90.0000,0.0000,1,4.0,100.00
1931,11.947903,11.969774,3.537000,7,0,6200.7294,-1000.0000,90.0000,0.0000,1,4.0,100.00
1932,12.615348,11.773730,3.465000,7,0,6206.8517,-1000.0000,90.0000,0.0000,1,4.0,100.00
1933,11.552054,12.933972,3.554000,7,0,6213.5774,-1000.0000,90.0000,0.0000,1,4.0,100.00
1934,11.958153,11.855882,3.505000,7,0,6219.7425,-1000.0000,90.0000,0.0000,1,4.0,100.00
1935,11.909322,11.730228,3.525000,7,0,6225.8422,-1000.0000,90.0000,0.0000,1,4.0,100.00
1936,11.959273,12.070916,3.495000,7,0,6232.1191,-1000.0000,90.0000,0.0000,1,4.0,100.00
1937,12.093086,11.893502,3.547000,7,0,6238.3037,-1000.0000,90.0000,0.0000,1,4.0,100.00
1938,11.563256,12.079325,3.500000,7,0,6244.5849,-1000.0000,90.0000,0.0000,1,4.0,100.00
1939,11.455762,11.314140,3.546000,7,0,6250.4683,-1000.0000,90.0000,0.0000,1,4.0,100.00
1940,11.983003,11.709828,3.524000,7,0,6256.5574,-1000.0000,90.0000,0.0000,1,4.0,100.00
1941,12.438554,11.890562,3.610000,7,0,6262.7405,-1000.0000,90.0000,0.0000,1,4.0,100.00
1942,12.027415,12.189428,3.502000,7,0,6269.0790,-1000.0000,90.0000,0.0000,1,4.0,100.00
1943,11.432192,11.924842,3.511000,7,0,6275.2799,-1000.0000,90.0000,0.0000,1,4.0,100.00
1944,11.856571,11.687978,3.511000,7,0,6281.3576,-1000.0000,90.0000,0.0000,1,4.0,100.00
1945,10.841829,11.880262,3.524000,7,0,6287.5354,-1000.0000,90.0000,0.0000,1,4.0,100.00
1946,11.279859,11.059504,3.446000,7,0,6293.2863,-1000.0000,90.0000,0.0000,1,4.0,100.00
1947,11.434113,11.211017,3.562000,7,0,6299.1161,-1000.0000,90.0000,0.0000,1,4.0,100.00
1948,11.149446,11.014933,3.597000,7,0,6304.8438,-1000.0000,90.0000,0.0000,1,4.0,100.00
1949,11.764619,11.600425,3.731000,7,0,6310.8760,-1000.0000,90.0000,0.0000,1,4.0,100.00
1950,12.319911,11.787850,3.628000,7,0,6317.0057,-1000.0000,90.0000,0.0000,1,4.0,100.00
1951,12.246209,12.254150,3.641000,7,0,6323.3779,-1000.0000,90.0000,0.0000,1,4.0,100.00
1952,13.799852,11.905861,3.593000,7,0,6329.5689,-1000.0000,90.0000,0.0000,1,4.0,100.00
1953,12.787311,13.851824,3.559000,7,0,6336.7719,-1000.0000,90.0000,0.0000,1,4.0,100.00
1954,13.615738,12.815861,3.628000,7,0,6343.4361,-1000.0000,90.0000,0.0000,1,4.0,100.00
1955,12.971264,13.565558,3.611000,7,0,6350.4902,-1000.0000,90.0000,0.0000,1,4.0,100.00
1956,12.680579,12.944744,3.418000,7,0,6357.2215,-1000.0000,90.0000,0.0000,1,4.0,100.00
1957,12.738430,12.642457,3.484000,7,0,6363.7956,-1000.0000,90.0000,0.0000,1,4.0,100.00
1958,13.036906,12.735110,3.506000,7,0,6370.4178,-1000.0000,90.0000,0.0000,1,4.0,100.00
1959,13.364663,13.079917,3.482000,7,0,6377.2194,-1000.0000,90.0000,0.0000,1,4.0,100.00
1960,13.241520,13.336632,3.497000,7,0,6384.1544,-1000.0000,90.0000,0.0000,1,4.0,100.00
1961,11.853211,13.267502,3.589000,7,0,6391.0535,-1000.0000,90.0000,0.0000,1,4.0,100.00
1962,12.689559,11.821969,3.485000,7,0,6397.2009,-1000.0000,90.0000,0.0000,1,4.0,100.00
1963,12.627777,12.634168,3.674000,7,0,6403.7707,-1000.0000,90.0000,0.0000,1,4.0,100.00
1964,12.414103,12.633188,3.492000,7,0,6410.3400,-1000.0000,90.0000,0.0000,1,4.0,100.00
1965,12.660889,12.410192,3.597000,7,0,6416.7933,-1000.0000,90.0000,0.0000,1,4.0,100.00
1966,12.766349,12.674759,3.528000,7,0,6423.3841,-1000.0000,90.0000,0.0000,1,4.0,100.00
1967,12.376603,12.774961,3.514000,7,0,6430.0271,-1000.0000,90.0000,0.0000,1,4.0,100.00
1968,14.118719,12.355271,3.532000,7,0,6436.4519,-1000.0000,90.0000,0.0000,1,4.0,100.00
1969,13.475794,14.125439,3.546000,7,0,6443.7971,-1000.0000,90.0000,0.0000,1,4.0,100.00
1970,13.513207,13.515707,3.473000,7,0,6450.8253,-1000.0000,90.0000,0.0000,1,4.0,100.00
1971,13.831103,13.491465,3.472000,7,0,6457.8408,-1000.0000,90.0000,0.0000,1,4.0,100.00
1972,13.195049,13.793662,3.502000,7,0,6465.0135,-1000.0000,90.0000,0.0000,1,4.0,100.00
1973,12.870273,13.202679,3.543000,7,0,6471.8789,-1000.0000,90.0000,0.0000,1,4.0,100.00
1974,12.970175,12.883873,3.674000,7,0,6478.5785,-1000.0000,90.0000,0.0000,1,4.0,100.00
1975,12.024754,12.940074,3.552000,7,0,6485.3074,-1000.0000,90.0000,0.0000,1,4.0,100.00
1976,12.476904,12.041155,3.549000,7,0,6491.5688,-1000.0000,90.0000,0.0000,1,4.0,100.00
1977,13.055696,12.538385,3.462000,7,0,6498.0887,-1000.0000,90.0000,0.0000,1,4.0,100.00
1978,13.219680,13.029476,3.512000,7,0,6504.8641,-1000.0000,90.0000,0.0000,1,4.0,100.00
1979,12.716410,13.271152,3.588000,7,0,6511.7651,-1000.0000,90.0000,0.0000,1,4.0,100.00
1980,12.250209,12.731669,3.570000,7,0,6518.3855,-1000.0000,90.0000,0.0000,1,4.0,100.00
1981,12.313361,12.191999,3.505000,7,0,6524.7254,-1000.0000,90.0000,0.0000,1,4.0,100.00
1982,12.299340,12.347201,3.456000,7,0,6531.1459,-1000.0000,90.0000,0.0000,1,4.0,100.00
1983,12.286370,12.244949,3.534000,7,0,6537.5133,-1000.0000,90.0000,0.0000,1,4.0,100.00
1984,12.315932,12.319740,3.676000,7,0,6543.9196,-1000.0000,90.0000,0.0000,1,4.0,100.00
1985,13.047086,12.315212,3.638000,7,0,6550.3235,-1000.0000,90.0000,0.0000,1,4.0,100.00
1986,12.904282,13.054376,3.527000,7,0,6557.1117,-1000.0000,90.0000,0.0000,1,4.0,100.00
1987,12.379573,12.900763,3.572000,7,0,6563.8201,-1000.0000,90.0000,0.0000,1,4.0,100.00
1988,12.343731,12.362452,3.544000,7,0,6570.2486,-1000.0000,90.0000,0.0000,1,4.0,100.00
1989,12.012214,12.382822,3.464000,7,0,6576.6877,-1000.0000,90.0000,0.0000,1,4.0,100.00
1990,12.670979,12.010584,3.545000,7,0,6582.9332,-1000.0000,90.0000,0.0000,1,4.0,100.00
1991,13.055026,12.717959,3.509000,7,0,6589.5465,-1000.0000,90.0000,0.0000,1,4.0,100.00
1992,13.142898,13.034026,3.523000,7,0,6596.3242,-1000.0000,90.0000,0.0000,1,4.0,100.00
1993,13.867534,13.203930,3.479000,7,0,6603.1903,-1000.0000,90.0000,0.0000,1,4.0,100.00
1994,13.663510,13.800172,3.487000,7,0,6610.3663,-1000.0000,90.0000,0.0000,1,4.0,100.00
1995,12.814190,13.607789,3.521000,7,0,6617.4424,-1000.0000,90.0000,0.0000,1,4.0,100.00
1996,13.051106,12.801301,3.559000,7,0,6624.0991,-1000.0000,90.0000,0.0000,1,4.0,100.00
1997,12.744661,13.081147,3.630000,7,0,6630.9013,-1000.0000,90.0000,0.0000,1,4.0,100.00
1998,13.184839,12.760519,3.471000,7,0,6637.5367,-1000.0000,90.0000,0.0000,1,4.0,100.00
1999,13.347413,13.233821,3.530000,7,0,6644.4183,-1000.0000,90.0000,0.0000,1,4.0,100.00
2000,12.812500,13.296861,3.511000,7,0,6651.3327,-1000.0000,90.0000,0.0000,1,4.0,100.00
2001,13.661540,12.814052,3.559000,7,0,6657.9960,-1000.0000,90.0000,0.0000,1,4.0,100.00
2002,13.263870,13.665869,3.539000,7,0,6665.1023,-1000.0000,90.0000,0.0000,1,4.0,100.00
2003,15.054479,13.255451,3.472000,7,0,6671.9951,-1000.0000,90.0000,0.0000,1,4.0,100.00
2004,13.063778,14.989937,3.505000,7,0,6679.7899,-1000.0000,90.0000,0.0000,1,4.0,100.00
2005,13.609547,13.087738,3.646000,7,0,6686.5955,-1000.0000,90.0000,0.0000,1,4.0,100.00
2006,13.378223,13.617567,3.487000,7,0,6693.6766,-1000.0000,90.0000,0.0000,1,4.0,100.00
2007,14.185322,13.362594,3.567000,7,0,6700.6252,-1000.0000,90.0000,0.0000,1,4.0,100.00
2008,13.172058,14.199700,3.528000,7,0,6708.0090,-1000.0000,90.0000,0.0000,1,4.0,100.00
2009,12.758361,13.325122,3.554000,7,0,6714.9381,-1000.0000,90.0000,0.0000,1,4.0,100.00
2010,12.552145,12.605538,3.553000,7,0,6721.4930,-1000.0000,90.0000,0.0000,1,4.0,100.00
2011,12.803061,12.566415,3.480000,7,0,6728.0275,-1000.0000,90.0000,0.0000,1,4.0,100.00
2012,14.272022,12.814272,3.462000,7,0,6734.6909,-1000.0000,90.0000,0.0000,1,4.0,100.00
2013,13.527317,14.233611,3.554000,7,0,6742.0924,-1000.0000,90.0000,0.0000,1,4.0,100.00
2014,13.757201,13.594878,3.626000,7,0,6749.1617,-1000.0000,90.0000,0.0000,1,4.0,100.00
2015,13.944815,13.705701,3.566000,7,0,6756.2887,-1000.0000,90.0000,0.0000,1,4.0,100.00
2016,13.011235,13.940915,3.626000,7,0,6763.5380,-1000.0000,90.0000,0.0000,1,4.0,100.00
2017,13.213321,12.999895,3.513000,7,0,6770.2979,-1000.0000,90.0000,0.0000,1,4.0,100.00
2018,14.345013,13.256501,3.532000,7,0,6777.1913,-1000.0000,90.0000,0.0000,1,4.0,100.00
2019,14.319023,14.337753,3.550000,7,0,6784.6469,-1000.0000,90.0000,0.0000,1,4.0,100.00
2020,13.461536,14.259132,3.602000,7,0,6792.0617,-1000.0000,90.0000,0.0000,1,4.0,100.00
2021,13.096657,13.456125,3.637000,7,0,6799.0589,-1000.0000,90.0000,0.0000,1,4.0,100.00
2022,14.629499,13.096447,3.665000,7,0,6805.8690,-1000.0000,90.0000,0.0000,1,4.0,100.00
2023,12.929574,14.639311,3.614000,7,0,6813.4814,-1000.0000,90.0000,0.0000,1,4.0,100.00
2024,13.871244,12.930513,3.697000,7,0,6820.2053,-1000.0000,90.0000,0.0000,1,4.0,100.00
2025,12.317702,13.866533,3.642000,7,0,6827.4159,-1000.0000,90.0000,0.0000,1,4.0,100.00
2026,12.460323,12.307412,3.486000,7,0,6833.8158,-1000.0000,90.0000,0.0000,1,4.0,100.00
2027,13.432254,12.475553,3.576000,7,0,6840.3031,-1000.0000,90.0000,0.0000,1,4.0,100.00
2028,12.554646,13.421195,3.567000,7,0,6847.2821,-1000.0000,90.0000,0.0000,1,4.0,100.00
2029,13.255611,12.589796,3.474000,7,0,6853.8288,-1000.0000,90.0000,0.0000,1,4.0,100.00
2030,14.378665,13.219780,3.489000,7,0,6860.7031,-1000.0000,90.0000,0.0000,1,4.0,100.00
2031,14.371424,14.384025,3.444000,7,0,6868.1827,-1000.0000,90.0000,0.0000,1,4.0,100.00
2032,10.498722,14.460766,3.543000,7,0,6875.7023,-1000.0000,90.0000,0.0000,1,4.0,100.00
2033,9.400369,10.344339,3.571000,7,0,6881.0814,-1000.0000,90.0000,0.0000,1,4.0,100.00
2034,10.891001,9.413959,3.603000,7,0,6885.9767,-1000.0000,90.0000,0.0000,1,4.0,100.00
2035,8.744215,11.036704,3.665000,7,0,6891.7157,-1000.0000,90.0000,0.0000,1,4.0,100.00
2036,8.956049,8.648254,3.459000,7,0,6896.2128,-1000.0000,90.0000,0.0000,1,4.0,100.00
2037,9.587924,8.932669,3.481000,7,0,6900.8578,-1000.0000,90.0000,0.0000,1,4.0,100.00
2038,9.459320,9.592902,3.531000,7,0,6905.8461,-1000.0000,90.0000,0.0000,1,4.0,100.00
2039,9.742996,9.502482,3.568000,7,0,6910.7874,-1000.0000,90.0000,0.0000,1,4.0,100.00
2040,9.362259,9.685814,3.539000,7,0,6915.8240,-1000.0000,90.0000,0.0000,1,4.0,100.00
2041,10.021282,9.364279,3.516000,7,0,6920.6935,-1000.0000,90.0000,0.0000,1,4.0,100.00
2042,9.557122,10.013302,3.498000,7,0,6925.9004,-1000.0000,90.0000,0.0000,1,4.0,100.00
2043,9.303317,9.581493,3.509000,7,0,6930.8828,-1000.0000,90.0000,0.0000,1,4.0,100.00
2044,8.163683,9.319868,3.506000,7,0,6935.7291,-1000.0000,90.0000,0.0000,1,4.0,100.00
2045,9.722805,8.109571,3.620000,7,0,6939.9461,-1000.0000,90.0000,0.0000,1,4.0,100.00
2046,8.603663,9.750887,3.535000,7,0,6945.0165,-1000.0000,90.0000,0.0000,1,4.0,100.00
2047,8.426348,8.599232,3.453000,7,0,6949.4881,-1000.0000,90.0000,0.0000,1,4.0,100.00
2048,8.284076,8.408708,3.609000,7,0,6953.8607,-1000.0000,90.0000,0.0000,1,4.0,100.00
2049,8.412808,8.274685,3.633000,7,0,6958.1635,-1000.0000,90.0000,0.0000,1,4.0,100.00
2050,8.225874,8.422828,3.466000,7,0,6962.5434,-1000.0000,90.0000,0.0000,1,4.0,100.00
2051,8.137202,8.199413,3.555000,7,0,6966.8071,-1000.0000,90.0000,0.0000,1,4.0,100.00
2052,8.128653,8.140604,3.517000,7,0,6971.0402,-1000.0000,90.0000,0.0000,1,4.0,100.00
2053,8.452459,8.115141,3.464000,7,0,6975.2601,-1000.0000,90.0000,0.0000,1,4.0,100.00
2054,8.381657,8.540511,3.550000,7,0,6979.7011,-1000.0000,90.0000,0.0000,1,4.0,100.00
2055,9.386049,8.375048,3.545000,7,0,6984.0561,-1000.0000,90.0000,0.0000,1,4.0,100.00
2056,8.851958,9.411079,3.568000,7,0,6988.9499,-1000.0000,90.0000,0.0000,1,4.0,100.00
2057,8.226194,8.789286,3.569000,7,0,6993.5203,-1000.0000,90.0000,0.0000,1,4.0,100.00
2058,8.071440,8.232954,3.540000,7,0,6997.8015,-1000.0000,90.0000,0.0000,1,4.0,100.00
2059,8.801537,8.066151,3.516000,7,0,7001.9959,-1000.0000,90.0000,0.0000,1,4.0,100.00
2060,8.557091,8.800936,3.446000,7,0,7006.5724,-1000.0000,90.0000,0.0000,1,4.0,100.00
2061,8.749375,8.531440,3.485000,7,0,7011.0087,-1000.0000,90.0000,0.0000,1,4.0,100.00
2062,9.191445,8.776327,3.491000,7,0,7015.5724,-1000.0000,90.0000,0.0000,1,4.0,100.00
2063,10.734777,9.272206,3.677000,7,0,7020.3939,-1000.0000,90.0000,0.0000,1,4.0,100.00
2064,9.939391,10.797708,3.540000,8,1,7026.0088,-1000.0000,90.0000,0.0000,1,4.0,100.00
2065,153.308496,9.932251,3.571000,8,0,7030.9170,-1000.0000,90.0000,0.0000,1,4.0,100.00
2066,4.706610,153.174063,3.571000,8,0,7045.6100,-1000.0000,90.0000,0.0000,1,4.0,100.00
2067,4.699580,4.679680,3.687000,8,0,7046.0020,-1000.0000,90.0000,0.0000,1,4.0,100.00
2068,8.689583,4.666149,3.687000,8,0,7046.3362,-1000.0000,90.0000,0.0000,1,4.0,100.00
2069,9.854219,8.818106,3.595000,8,0,7046.7656,-1000.0000,90.0000,0.0000,1,4.0,100.00
2070,8.960110,9.883789,3.601000,8,0,7046.9929,-1000.0000,90.0000,0.0000,1,4.0,100.00
2071,8.981430,8.978140,3.441000,8,0,7046.9929,-1000.0000,90.0000,0.0000,1,4.0,100.00
2072,10.542073,8.933089,3.515000,8,0,7046.9929,-1000.0000,90.0000,0.0000,1,4.0,100.00
2073,9.646294,10.483933,3.468000,8,0,7046.9929,-1000.0000,90.0000,0.0000,1,4.0,100.00
2074,9.364959,9.615243,3.361000,8,0,7046.9929,-1000.0000,90.0000,0.0000,1,4.0,100.00
2075,9.148534,9.378189,3.161000,8,0,7046.9929,-1000.0000,90.0000,0.0000,1,4.0,100.00
2076,8.907118,9.147604,3.304000,8,0,7046.9929,-1000.0000,90.0000,0.0000,1,4.0,100.00
2077,8.855347,8.900388,3.215000,8,0,7046.9929,-1000.0000,90.0000,0.0000,1,4.0,100.00
2078,8.459080,8.850068,3.167000,8,0,7046.9929,-1000.0000,90.0000,0.0000,1,4.0,100.00
2079,8.745765,8.474109,3.123000,8,0,7046.9929,-1000.0000,90.0000,0.0000,1,4.0,100.00
2080,8.498560,8.747535,3.238000,8,0,7046.9929,-1000.0000,90.0000,0.0000,1,4.0,100.00
2081,8.207953,8.480189,3.225000,8,0,7046.9929,-1000.0000,90.0000,0.0000,1,4.0,100.00
2082,8.113092,8.196724,3.143000,8,0,7046.9929,-1000.0000,90.0000,0.0000,1,4.0,100.00
2083,8.336087,8.147163,3.178000,8,0,7046.9929,-1000.0000,90.0000,0.0000,1,4.0,100.00
2084,8.900839,8.307916,3.159000,8,0,7046.9929,-1000.0000,90.0000,0.0000,1,4.0,100.00
2085,9.222575,8.898138,3.243000,8,0,7046.9929,-1000.0000,90.0000,0.0000,1,4.0,100.00
2086,10.516192,9.305127,3.214000,8,0,7046.9929,-1000.0000,90.0000,0.0000,1,4.0,100.00
2087,9.018421,10.468792,3.275000,8,0,7046.9929,-1000.0000,90.0000,0.0000,1,4.0,100.00
2088,9.046001,9.018581,3.257000,8,0,7046.9929,-1000.0000,90.0000,0.0000,1,4.0,100.00
2089,8.885449,9.069482,3.225000,8,0,7046.9929,-1000.0000,90.0000,0.0000,1,4.0,100.00
2090,9.053011,8.887469,3.210000,8,0,7046.9929,-1000.0000,90.0000,0.0000,1,4.0,100.00
2091,8.751406,9.042631,3.237000,8,0,7046.9929,-1000.0000,90.0000,0.0000,1,4.0,100.00
2092,8.975060,8.765025,3.262000,8,0,7046.9929,-1000.0000,90.0000,0.0000,1,4.0,100.00
2093,8.810347,8.976670,3.174000,8,0,7046.9929,-1000.0000,90.0000,0.0000,1,4.0,100.00
2094,8.692944,8.803257,3.126000,8,0,7046.9929,-1000.0000,90.0000,0.0000,1,4.0,100.00
2095,8.752325,8.732545,3.206000,8,0,7046.9929,-1000.0000,90.0000,0.0000,1,4.0,100.00
2096,8.682324,8.720015,3.131000,8,0,7046.9929,-1000.0000,90.0000,0.0000,1,4.0,100.00
2097,8.640273,8.696543,3.165000,8,0,7046.9929,-1000.0000,90.0000,0.0000,1,4.0,100.00
2098,8.762265,8.601433,3.217000,8,0,7046.9929,-1000.0000,90.0000,0.0000,1,4.0,100.00
2099,8.787646,8.783946,3.146000,8,0,7046.9929,-1000.0000,90.0000,0.0000,1,4.0,100.00
2100,8.579422,8.750365,3.155000,8,0,7046.9929,-1000.0000,90.0000,0.0000,1,4.0,100.00
2101,8.252135,8.548021,3.139000,8,0,7046.9929,-1000.0000,90.0000,0.0000,1,4.0,100.00
2102,8.001309,8.281165,3.197000,8,0,7046.9929,-1000.0000,90.0000,0.0000,1,4.0,100.00
2103,8.832068,7.980859,3.171000,8,0,7046.9929,-1000.0000,90.0000,0.0000,1,4.0,100.00
2104,9.653664,8.906169,3.195000,8,0,7046.9929,-1000.0000,90.0000,0.0000,1,4.0,100.00
2105,9.540162,9.614524,3.164000,8,0,7046.9929,-1000.0000,90.0000,0.0000,1,4.0,100.00
2106,8.864078,9.506661,3.215000,8,0,7046.9929,-1000.0000,90.0000,0.0000,1,4.0,100.00
2107,8.927819,8.868338,3.104000,8,0,7046.9929,-1000.0000,90.0000,0.0000,1,4.0,100.00
2108,8.839287,8.914349,3.127000,8,0,7046.9929,-1000.0000,90.0000,0.0000,1,4.0,100.00
2109,9.320607,8.901358,3.192000,8,0,7046.9929,-1000.0000,90.0000,0.0000,1,4.0,100.00
2110,8.513631,9.357808,3.228000,8,0,7046.9929,-1000.0000,90.0000,0.0000,1,4.0,100.00
2111,8.086411,8.428149,3.178000,8,0,7046.9929,-1000.0000,90.0000,0.0000,1,4.0,100.00
2112,8.455649,8.100102,3.191000,8,0,7046.9929,-1000.0000,90.0000,0.0000,1,4.0,100.00
2113,8.604343,8.439888,3.185000,8,0,7046.9929,-1000.0000,90.0000,0.0000,1,4.0,100.00
2114,8.888438,8.656843,3.169000,8,0,7046.9929,-1000.0000,90.0000,0.0000,1,4.0,100.00
2115,10.000852,8.853678,3.145000,8,0,7046.9929,-1000.0000,90.0000,0.0000,1,4.0,100.00
2116,9.762226,10.338939,3.162000,8,0,7046.9929,-1000.0000,90.0000,0.0000,1,4.0,100.00
2117,8.979330,9.498891,3.162000,8,0,7046.9929,-1000.0000,90.0000,0.0000,1,4.0,100.00
2118,9.563183,9.182495,3.183000,8,0,7046.9929,-1000.0000,90.0000,0.0000,1,4.0,100.00
2119,9.178264,9.556682,3.236000,8,0,7046.9929,-1000.0000,90.0000,0.0000,1,4.0,100.00
2120,9.104193,8.980690,3.208000,8,0,7046.9929,-1000.0000,90.0000,0.0000,1,4.0,100.00
2121,9.642514,9.185234,3.227000,8,0,7046.9929,-1000.0000,90.0000,0.0000,1,4.0,100.00
2122,9.355388,9.711356,3.130000,8,0,7046.9929,-1000.0000,90.0000,0.0000,1,4.0,100.00
2123,8.998881,9.431450,3.096000,8,0,7046.9929,-1000.0000,90.0000,0.0000,1,4.0,100.00
2124,9.936720,9.049642,3.255000,8,0,7046.9929,-1000.0000,90.0000,0.0000,1,4.0,100.00
2125,8.570692,9.797297,3.255000,8,0,7046.9929,-1000.0000,90.0000,0.0000,1,4.0,100.00
2126,8.397237,8.775576,3.257000,8,0,7046.9929,-1000.0000,90.0000,0.0000,1,4.0,100.00
2127,9.401299,8.291885,3.182000,8,0,7046.9929,-1000.0000,90.0000,0.0000,1,4.0,100.00
2128,9.296008,9.312418,3.235000,8,0,7046.9929,-1000.0000,90.0000,0.0000,1,4.0,100.00
2129,8.663492,9.187004,3.207000,8,0,7046.9929,-1000.0000,90.0000,0.0000,1,4.0,100.00
2130,9.506752,8.569622,3.174000,8,0,7046.9929,-1000.0000,90.0000,0.0000,1,4.0,100.00
2131,8.722275,9.618943,3.130000,8,0,7046.9929,-1000.0000,90.0000,0.0000,1,4.0,100.00
2132,9.144914,8.687145,3.230000,8,0,7046.9929,-1000.0000,90.0000,0.0000,1,4.0,100.00
2133,8.788345,9.124223,3.188000,8,0,7046.9929,-1000.0000,90.0000,0.0000,1,4.0,100.00
2134,9.488682,8.861267,3.160000,8,0,7046.9929,-1000.0000,90.0000,0.0000,1,4.0,100.00
2135,8.592852,9.454230,3.198000,8,0,7046.9929,-1000.0000,90.0000,0.0000,1,4.0,100.00
2136,8.743094,8.603793,3.141000,8,0,7046.9929,-1000.0000,90.0000,0.0000,1,4.0,100.00
2137,8.831538,8.699654,3.128000,8,0,7046.9929,-1000.0000,90.0000,0.0000,1,4.0,100.00
2138,9.068432,8.826206,3.148000,8,0,7046.9929,-1000.0000,90.0000,0.0000,1,4.0,100.00
2139,11.253148,9.058182,3.099000,8,0,7046.9929,-1000.0000,90.0000,0.0000,1,4.0,100.00
2140,10.243757,11.330281,3.208000,8,0,7046.9929,-1000.0000,90.0000,0.0000,1,4.0,100.00
2141,10.454331,10.146215,3.202000,8,0,7046.9929,-1000.0000,90.0000,0.0000,1,4.0,100.00
2142,10.459332,10.467441,3.125000,8,0,7046.9929,-1000.0000,90.0000,0.0000,1,4.0,100.00
2143,10.322319,10.455492,3.170000,8,0,7046.9929,-1000.0000,90.0000,0.0000,1,4.0,100.00
2144,10.690346,10.311198,3.200000,8,0,7046.9929,-1000.0000,90.0000,0.0000,1,4.0,100.00
2145,10.500762,10.693707,3.136000,8,0,7046.9929,-1000.0000,90.0000,0.0000,1,4.0,100.00
2146,10.400470,10.511062,3.213000,8,0,7046.9929,-1000.0000,90.0000,0.0000,1,4.0,100.00
2147,10.767748,10.423721,3.133000,8,0,7046.9929,-1000.0000,90.0000,0.0000,1,4.0,100.00
2148,10.738858,10.797659,3.141000,8,0,7046.9929,-1000.0000,90.0000,0.0000,1,4.0,100.00
2149,10.567594,10.627694,3.122000,8,0,7046.9929,-1000.0000,90.0000,0.0000,1,4.0,100.00
2150,11.558174,10.597555,3.230000,8,0,7046.9929,-1000.0000,90.0000,0.0000,1,4.0,100.00
2151,10.862461,11.643556,3.275000,8,0,7046.9929,-1000.0000,90.0000,0.0000,1,4.0,100.00
2152,10.297777,10.844270,3.193000,8,0,7046.9929,-1000.0000,90.0000,0.0000,1,4.0,100.00
2153,9.442171,10.288187,3.092000,8,0,7046.9929,-1000.0000,90.0000,0.0000,1,4.0,100.00
2154,9.597663,9.468291,3.200000,8,0,7046.9929,-1000.0000,90.0000,0.0000,1,4.0,100.00
2155,8.968900,9.582784,3.167000,8,0,7046.9929,-1000.0000,90.0000,0.0000,1,4.0,100.00
2156,9.062511,8.928438,3.195000,8,0,7046.9929,-1000.0000,90.0000,0.0000,1,4.0,100.00
2157,9.327309,9.062043,3.183000,8,0,7046.9929,-1000.0000,90.0000,0.0000,1,4.0,100.00
