frame,wall_ms,sim_ms,gpu_ms,phase,shot_requested,x,y,z,yaw,ready,aa,screen_percentage,motion_blur_quality,dynamic_res,vsync,frame_cap
333,25.111464,323.851192,7.474000,1,0,0.0000,0.0000,88.0000,0.0000,0,4.0,100.00,0.0,0.0,0.0,0.0
334,15.491944,25.122934,7.474000,1,0,0.0000,0.0000,90.0000,0.0000,0,4.0,100.00,0.0,0.0,0.0,0.0
335,20.226012,15.430852,6.679000,1,0,0.0000,0.0000,90.0000,0.0000,0,4.0,100.00,0.0,0.0,0.0,0.0
336,17.499600,20.367126,6.789000,1,0,0.0000,0.0000,90.0000,0.0000,0,4.0,100.00,0.0,0.0,0.0,0.0
337,19.037235,17.381227,6.789000,1,0,6000.0000,-1000.0000,90.0000,0.0000,0,4.0,100.00,0.0,0.0,0.0,0.0
338,20.942169,19.107207,7.112000,1,0,6000.0000,-1000.0000,90.0000,0.0000,1,4.0,100.00,0.0,0.0,0.0,0.0
339,19.922285,20.893077,8.145000,1,0,6000.0000,-1000.0000,90.0000,0.0000,1,4.0,100.00,0.0,0.0,0.0,0.0
340,16.523287,19.983257,8.145000,1,0,6000.0000,-1000.0000,90.0000,0.0000,1,4.0,100.00,0.0,0.0,0.0,0.0
341,17.160092,16.446837,6.930000,1,0,6000.0000,-1000.0000,90.0000,0.0000,1,4.0,100.00,0.0,0.0,0.0,0.0
342,17.197724,17.110141,6.613000,1,0,6000.0000,-1000.0000,90.0000,0.0000,1,4.0,100.00,0.0,0.0,0.0,0.0
343,15.024163,17.262214,6.571000,1,0,6000.0000,-1000.0000,90.0000,0.0000,1,4.0,100.00,0.0,0.0,0.0,0.0
344,15.347791,14.990682,6.692000,1,0,6000.0000,-1000.0000,90.0000,0.0000,1,4.0,100.00,0.0,0.0,0.0,0.0
345,15.956514,15.571496,6.450000,1,0,6000.0000,-1000.0000,90.0000,0.0000,1,4.0,100.00,0.0,0.0,0.0,0.0
346,14.877841,15.737060,6.401000,1,0,6000.0000,-1000.0000,90.0000,0.0000,1,4.0,100.00,0.0,0.0,0.0,0.0
347,15.338270,14.923541,6.401000,1,0,6000.0000,-1000.0000,90.0000,0.0000,1,4.0,100.00,0.0,0.0,0.0,0.0
348,15.387352,15.301809,6.719000,1,0,6000.0000,-1000.0000,90.0000,0.0000,1,4.0,100.00,0.0,0.0,0.0,0.0
349,15.595676,15.429763,6.578000,1,0,6000.0000,-1000.0000,90.0000,0.0000,1,4.0,100.00,0.0,0.0,0.0,0.0
350,16.949287,15.631007,6.572000,1,0,6000.0000,-1000.0000,90.0000,0.0000,1,4.0,100.00,0.0,0.0,0.0,0.0
351,16.026167,16.843155,6.601000,1,0,6000.0000,-1000.0000,90.0000,0.0000,1,4.0,100.00,0.0,0.0,0.0,0.0
352,15.080674,15.993436,6.488000,1,0,6000.0000,-1000.0000,90.0000,0.0000,1,4.0,100.00,0.0,0.0,0.0,0.0
353,17.323856,15.063844,6.504000,1,0,6000.0000,-1000.0000,90.0000,0.0000,1,4.0,100.00,0.0,0.0,0.0,0.0
354,15.100386,17.414648,6.645000,1,0,6000.0000,-1000.0000,90.0000,0.0000,1,4.0,100.00,0.0,0.0,0.0,0.0
355,13.398615,15.035514,6.615000,1,0,6000.0000,-1000.0000,90.0000,0.0000,1,4.0,100.00,0.0,0.0,0.0,0.0
356,13.454568,13.373485,6.055000,1,0,6000.0000,-1000.0000,90.0000,0.0000,1,4.0,100.00,0.0,0.0,0.0,0.0
357,10.234884,13.447248,6.055000,1,0,6000.0000,-1000.0000,90.0000,0.0000,1,4.0,100.00,0.0,0.0,0.0,0.0
358,11.895692,10.213593,6.241000,1,0,6000.0000,-1000.0000,90.0000,0.0000,1,4.0,100.00,0.0,0.0,0.0,0.0
359,11.841900,11.928893,6.267000,1,0,6000.0000,-1000.0000,90.0000,0.0000,1,4.0,100.00,0.0,0.0,0.0,0.0
360,11.840491,11.840031,6.267000,1,0,6000.0000,-1000.0000,90.0000,0.0000,1,4.0,100.00,0.0,0.0,0.0,0.0
361,12.114797,11.818229,6.237000,1,0,6000.0000,-1000.0000,90.0000,0.0000,1,4.0,100.00,0.0,0.0,0.0,0.0
362,12.501586,12.172649,6.515000,1,0,6000.0000,-1000.0000,90.0000,0.0000,1,4.0,100.00,0.0,0.0,0.0,0.0
363,13.886627,12.425764,6.333000,1,0,6000.0000,-1000.0000,90.0000,0.0000,1,4.0,100.00,0.0,0.0,0.0,0.0
364,13.356065,13.893497,6.290000,1,0,6000.0000,-1000.0000,90.0000,0.0000,1,4.0,100.00,0.0,0.0,0.0,0.0
365,13.465268,13.481038,6.293000,1,0,6000.0000,-1000.0000,90.0000,0.0000,1,4.0,100.00,0.0,0.0,0.0,0.0
366,13.248853,13.450898,6.326000,1,0,6000.0000,-1000.0000,90.0000,0.0000,1,4.0,100.00,0.0,0.0,0.0,0.0
367,13.610620,13.202891,6.188000,1,0,6000.0000,-1000.0000,90.0000,0.0000,1,4.0,100.00,0.0,0.0,0.0,0.0
368,13.593181,13.652783,6.277000,1,0,6000.0000,-1000.0000,90.0000,0.0000,1,4.0,100.00,0.0,0.0,0.0,0.0
369,14.312647,13.560679,6.330000,1,0,6000.0000,-1000.0000,90.0000,0.0000,1,4.0,100.00,0.0,0.0,0.0,0.0
370,14.212045,14.326938,6.271000,1,0,6000.0000,-1000.0000,90.0000,0.0000,1,4.0,100.00,0.0,0.0,0.0,0.0
371,14.907431,14.208475,6.307000,1,0,6000.0000,-1000.0000,90.0000,0.0000,1,4.0,100.00,0.0,0.0,0.0,0.0
372,15.167897,14.949041,6.327000,1,0,6000.0000,-1000.0000,90.0000,0.0000,1,4.0,100.00,0.0,0.0,0.0,0.0
373,13.865536,15.135726,6.189000,1,0,6000.0000,-1000.0000,90.0000,0.0000,1,4.0,100.00,0.0,0.0,0.0,0.0
374,14.269797,13.886247,6.155000,1,0,6000.0000,-1000.0000,90.0000,0.0000,1,4.0,100.00,0.0,0.0,0.0,0.0
375,13.503658,14.231216,6.257000,1,0,6000.0000,-1000.0000,90.0000,0.0000,1,4.0,100.00,0.0,0.0,0.0,0.0
376,14.128783,13.483007,6.231000,1,0,6000.0000,-1000.0000,90.0000,0.0000,1,4.0,100.00,0.0,0.0,0.0,0.0
377,13.696643,14.174105,6.263000,1,0,6000.0000,-1000.0000,90.0000,0.0000,1,4.0,100.00,0.0,0.0,0.0,0.0
378,14.277136,13.665452,6.358000,1,0,6000.0000,-1000.0000,90.0000,0.0000,1,4.0,100.00,0.0,0.0,0.0,0.0
379,13.762825,14.272225,6.254000,1,0,6000.0000,-1000.0000,90.0000,0.0000,1,4.0,100.00,0.0,0.0,0.0,0.0
380,13.801405,13.759965,6.236000,1,0,6000.0000,-1000.0000,90.0000,0.0000,1,4.0,100.00,0.0,0.0,0.0,0.0
381,14.150064,13.804726,6.301000,1,0,6000.0000,-1000.0000,90.0000,0.0000,1,4.0,100.00,0.0,0.0,0.0,0.0
382,16.018086,14.188864,6.156000,1,0,6000.0000,-1000.0000,90.0000,0.0000,1,4.0,100.00,0.0,0.0,0.0,0.0
383,15.211327,15.988855,6.218000,1,0,6000.0000,-1000.0000,90.0000,0.0000,1,4.0,100.00,0.0,0.0,0.0,0.0
384,14.798449,15.254299,6.232000,1,0,6000.0000,-1000.0000,90.0000,0.0000,1,4.0,100.00,0.0,0.0,0.0,0.0
385,14.447809,14.672815,6.264000,1,0,6000.0000,-1000.0000,90.0000,0.0000,1,4.0,100.00,0.0,0.0,0.0,0.0
386,15.760211,14.459451,6.167000,1,0,6000.0000,-1000.0000,90.0000,0.0000,1,4.0,100.00,0.0,0.0,0.0,0.0
387,14.619614,15.781810,6.289000,1,0,6000.0000,-1000.0000,90.0000,0.0000,1,4.0,100.00,0.0,0.0,0.0,0.0
388,13.998990,14.748218,6.307000,1,0,6000.0000,-1000.0000,90.0000,0.0000,1,4.0,100.00,0.0,0.0,0.0,0.0
389,14.651004,14.015200,6.201000,1,0,6000.0000,-1000.0000,90.0000,0.0000,1,4.0,100.00,0.0,0.0,0.0,0.0
390,13.925549,14.575223,6.319000,1,0,6000.0000,-1000.0000,90.0000,0.0000,1,4.0,100.00,0.0,0.0,0.0,0.0
391,15.105115,13.962409,6.166000,1,0,6000.0000,-1000.0000,90.0000,0.0000,1,4.0,100.00,0.0,0.0,0.0,0.0
392,14.509642,15.101456,6.271000,1,0,6000.0000,-1000.0000,90.0000,0.0000,1,4.0,100.00,0.0,0.0,0.0,0.0
393,14.403199,14.524031,6.299000,1,0,6000.0000,-1000.0000,90.0000,0.0000,1,4.0,100.00,0.0,0.0,0.0,0.0
394,14.667925,14.454031,6.273000,1,0,6000.0000,-1000.0000,90.0000,0.0000,1,4.0,100.00,0.0,0.0,0.0,0.0
395,14.676486,14.544402,6.198000,1,0,6000.0000,-1000.0000,90.0000,0.0000,1,4.0,100.00,0.0,0.0,0.0,0.0
396,13.903848,14.751417,6.279000,1,0,6000.0000,-1000.0000,90.0000,0.0000,1,4.0,100.00,0.0,0.0,0.0,0.0
397,14.043461,13.900048,6.232000,1,0,6000.0000,-1000.0000,90.0000,0.0000,1,4.0,100.00,0.0,0.0,0.0,0.0
398,15.067624,13.871047,6.322000,1,0,6000.0000,-1000.0000,90.0000,0.0000,1,4.0,100.00,0.0,0.0,0.0,0.0
399,14.675895,15.219258,6.273000,1,0,6000.0000,-1000.0000,90.0000,0.0000,1,4.0,100.00,0.0,0.0,0.0,0.0
400,14.800098,14.679235,6.239000,1,0,6000.0000,-1000.0000,90.0000,0.0000,1,4.0,100.00,0.0,0.0,0.0,0.0
401,15.387102,14.846879,6.204000,1,0,6000.0000,-1000.0000,90.0000,0.0000,1,4.0,100.00,0.0,0.0,0.0,0.0
402,15.548125,15.305200,6.365000,1,0,6000.0000,-1000.0000,90.0000,0.0000,1,4.0,100.00,0.0,0.0,0.0,0.0
403,18.044692,15.543235,6.241000,1,0,6000.0000,-1000.0000,90.0000,0.0000,1,4.0,100.00,0.0,0.0,0.0,0.0
404,13.581461,18.117744,6.257000,1,0,6000.0000,-1000.0000,90.0000,0.0000,1,4.0,100.00,0.0,0.0,0.0,0.0
405,14.866910,13.480418,6.268000,1,0,6000.0000,-1000.0000,90.0000,0.0000,1,4.0,100.00,0.0,0.0,0.0,0.0
406,13.696142,14.881821,6.234000,1,0,6000.0000,-1000.0000,90.0000,0.0000,1,4.0,100.00,0.0,0.0,0.0,0.0
407,14.387880,13.726513,6.160000,1,0,6000.0000,-1000.0000,90.0000,0.0000,1,4.0,100.00,0.0,0.0,0.0,0.0
408,13.634561,14.464461,6.161000,1,0,6000.0000,-1000.0000,90.0000,0.0000,1,4.0,100.00,0.0,0.0,0.0,0.0
409,13.827246,13.552570,6.180000,1,0,6000.0000,-1000.0000,90.0000,0.0000,1,4.0,100.00,0.0,0.0,0.0,0.0
410,14.554303,13.896957,6.286000,1,0,6000.0000,-1000.0000,90.0000,0.0000,1,4.0,100.00,0.0,0.0,0.0,0.0
411,15.461103,14.552053,6.150000,1,0,6000.0000,-1000.0000,90.0000,0.0000,1,4.0,100.00,0.0,0.0,0.0,0.0
412,15.421622,15.556065,6.197000,1,0,6000.0000,-1000.0000,90.0000,0.0000,1,4.0,100.00,0.0,0.0,0.0,0.0
413,14.362799,15.208298,6.287000,1,0,6000.0000,-1000.0000,90.0000,0.0000,1,4.0,100.00,0.0,0.0,0.0,0.0
414,15.342800,14.357258,6.231000,1,0,6000.0000,-1000.0000,90.0000,0.0000,1,4.0,100.00,0.0,0.0,0.0,0.0
415,14.854250,15.384741,6.637000,1,0,6000.0000,-1000.0000,90.0000,0.0000,1,4.0,100.00,0.0,0.0,0.0,0.0
416,17.893549,15.010813,6.478000,1,0,6000.0000,-1000.0000,90.0000,0.0000,1,4.0,100.00,0.0,0.0,0.0,0.0
417,14.762457,17.761696,6.478000,1,0,6000.0000,-1000.0000,90.0000,0.0000,1,4.0,100.00,0.0,0.0,0.0,0.0
418,16.639630,14.786528,6.460000,1,0,6000.0000,-1000.0000,90.0000,0.0000,1,4.0,100.00,0.0,0.0,0.0,0.0
419,16.871226,16.651371,6.519000,1,0,6000.0000,-1000.0000,90.0000,0.0000,1,4.0,100.00,0.0,0.0,0.0,0.0
420,16.832684,16.835684,6.601000,1,0,6000.0000,-1000.0000,90.0000,0.0000,1,4.0,100.00,0.0,0.0,0.0,0.0
421,15.527636,16.827015,6.620000,1,0,6000.0000,-1000.0000,90.0000,0.0000,1,4.0,100.00,0.0,0.0,0.0,0.0
422,19.634258,15.518695,6.519000,1,0,6000.0000,-1000.0000,90.0000,0.0000,1,4.0,100.00,0.0,0.0,0.0,0.0
423,15.178157,19.672709,6.235000,1,0,6000.0000,-1000.0000,90.0000,0.0000,1,4.0,100.00,0.0,0.0,0.0,0.0
424,15.041873,15.148447,6.238000,1,0,6000.0000,-1000.0000,90.0000,0.0000,1,4.0,100.00,0.0,0.0,0.0,0.0
425,14.475992,15.030073,6.157000,1,0,6000.0000,-1000.0000,90.0000,0.0000,1,4.0,100.00,0.0,0.0,0.0,0.0
426,14.905380,14.488821,6.193000,1,0,6000.0000,-1000.0000,90.0000,0.0000,1,4.0,100.00,0.0,0.0,0.0,0.0
427,14.939192,14.904381,6.108000,1,0,6000.0000,-1000.0000,90.0000,0.0000,1,4.0,100.00,0.0,0.0,0.0,0.0
428,16.397084,14.920191,6.202000,1,0,6000.0000,-1000.0000,90.0000,0.0000,1,4.0,100.00,0.0,0.0,0.0,0.0
429,15.347341,16.478556,6.471000,1,0,6000.0000,-1000.0000,90.0000,0.0000,1,4.0,100.00,0.0,0.0,0.0,0.0
430,14.909230,15.273940,6.188000,1,0,6000.0000,-1000.0000,90.0000,0.0000,1,4.0,100.00,0.0,0.0,0.0,0.0
431,26.590288,14.886280,6.219000,1,0,6000.0000,-1000.0000,90.0000,0.0000,1,4.0,100.00,0.0,0.0,0.0,0.0
432,18.014112,26.590487,6.269000,1,0,6000.0000,-1000.0000,90.0000,0.0000,1,4.0,100.00,0.0,0.0,0.0,0.0
433,17.189813,18.039332,6.246000,1,0,6000.0000,-1000.0000,90.0000,0.0000,1,4.0,100.00,0.0,0.0,0.0,0.0
434,17.022039,17.244574,6.468000,1,0,6000.0000,-1000.0000,90.0000,0.0000,1,4.0,100.00,0.0,0.0,0.0,0.0
435,15.669118,16.977928,6.300000,1,0,6000.0000,-1000.0000,90.0000,0.0000,1,4.0,100.00,0.0,0.0,0.0,0.0
436,15.716779,15.626748,6.158000,1,0,6000.0000,-1000.0000,90.0000,0.0000,1,4.0,100.00,0.0,0.0,0.0,0.0
437,15.580356,15.716069,6.280000,1,0,6000.0000,-1000.0000,90.0000,0.0000,1,4.0,100.00,0.0,0.0,0.0,0.0
438,14.613804,15.619466,6.399000,1,0,6000.0000,-1000.0000,90.0000,0.0000,1,4.0,100.00,0.0,0.0,0.0,0.0
439,15.278609,14.595614,6.160000,1,0,6000.0000,-1000.0000,90.0000,0.0000,1,4.0,100.00,0.0,0.0,0.0,0.0
440,14.055202,15.273259,6.232000,1,0,6000.0000,-1000.0000,90.0000,0.0000,1,4.0,100.00,0.0,0.0,0.0,0.0
441,15.336440,14.078632,6.103000,1,0,6000.0000,-1000.0000,90.0000,0.0000,1,4.0,100.00,0.0,0.0,0.0,0.0
442,15.363461,15.297400,6.557000,1,0,6000.0000,-1000.0000,90.0000,0.0000,1,4.0,100.00,0.0,0.0,0.0,0.0
443,15.218648,15.362801,6.082000,1,0,6000.0000,-1000.0000,90.0000,0.0000,1,4.0,100.00,0.0,0.0,0.0,0.0
444,14.289116,15.432772,6.123000,1,0,6000.0000,-1000.0000,90.0000,0.0000,1,4.0,100.00,0.0,0.0,0.0,0.0
445,15.480785,14.127393,6.159000,1,0,6000.0000,-1000.0000,90.0000,0.0000,1,4.0,100.00,0.0,0.0,0.0,0.0
446,15.098335,15.433253,6.197000,1,0,6000.0000,-1000.0000,90.0000,0.0000,1,4.0,100.00,0.0,0.0,0.0,0.0
447,15.198177,15.083165,6.179000,1,0,6000.0000,-1000.0000,90.0000,0.0000,1,4.0,100.00,0.0,0.0,0.0,0.0
448,14.576792,15.393561,6.191000,1,0,6000.0000,-1000.0000,90.0000,0.0000,1,4.0,100.00,0.0,0.0,0.0,0.0
449,15.196888,14.434990,6.137000,1,0,6000.0000,-1000.0000,90.0000,0.0000,1,4.0,100.00,0.0,0.0,0.0,0.0
450,14.027471,15.227068,6.089000,1,0,6000.0000,-1000.0000,90.0000,0.0000,1,4.0,100.00,0.0,0.0,0.0,0.0
451,14.395608,13.984870,6.244000,1,0,6000.0000,-1000.0000,90.0000,0.0000,1,4.0,100.00,0.0,0.0,0.0,0.0
452,14.319237,14.439379,6.169000,1,0,6000.0000,-1000.0000,90.0000,0.0000,1,4.0,100.00,0.0,0.0,0.0,0.0
453,14.478472,14.270987,6.144000,1,0,6000.0000,-1000.0000,90.0000,0.0000,1,4.0,100.00,0.0,0.0,0.0,0.0
454,15.733560,14.517741,6.048000,1,0,6000.0000,-1000.0000,90.0000,0.0000,1,4.0,100.00,0.0,0.0,0.0,0.0
455,14.871249,15.703920,6.165000,1,0,6000.0000,-1000.0000,90.0000,0.0000,1,4.0,100.00,0.0,0.0,0.0,0.0
456,14.265426,14.836259,6.022000,1,0,6000.0000,-1000.0000,90.0000,0.0000,1,4.0,100.00,0.0,0.0,0.0,0.0
457,15.043024,14.219955,6.249000,1,0,6000.0000,-1000.0000,90.0000,0.0000,1,4.0,100.00,0.0,0.0,0.0,0.0
458,15.390731,15.035233,6.126000,1,0,6000.0000,-1000.0000,90.0000,0.0000,1,4.0,100.00,0.0,0.0,0.0,0.0
459,16.894136,15.386711,6.165000,1,0,6000.0000,-1000.0000,90.0000,0.0000,1,4.0,100.00,0.0,0.0,0.0,0.0
460,14.743688,16.922607,6.058000,1,0,6000.0000,-1000.0000,90.0000,0.0000,1,4.0,100.00,0.0,0.0,0.0,0.0
461,15.237628,14.711957,6.153000,1,0,6000.0000,-1000.0000,90.0000,0.0000,1,4.0,100.00,0.0,0.0,0.0,0.0
462,15.291699,15.274038,6.173000,1,0,6000.0000,-1000.0000,90.0000,0.0000,1,4.0,100.00,0.0,0.0,0.0,0.0
463,14.766948,15.249979,6.073000,1,0,6000.0000,-1000.0000,90.0000,0.0000,1,4.0,100.00,0.0,0.0,0.0,0.0
464,14.230805,14.795158,6.203000,1,0,6000.0000,-1000.0000,90.0000,0.0000,1,4.0,100.00,0.0,0.0,0.0,0.0
465,14.610544,14.193804,6.083000,1,0,6000.0000,-1000.0000,90.0000,0.0000,1,4.0,100.00,0.0,0.0,0.0,0.0
466,15.825842,14.802899,6.092000,1,0,6000.0000,-1000.0000,90.0000,0.0000,1,4.0,100.00,0.0,0.0,0.0,0.0
467,14.181364,15.742960,6.193000,1,0,6000.0000,-1000.0000,90.0000,0.0000,1,4.0,100.00,0.0,0.0,0.0,0.0
468,15.703139,14.112802,6.170000,1,0,6000.0000,-1000.0000,90.0000,0.0000,1,4.0,100.00,0.0,0.0,0.0,0.0
469,14.664584,15.664408,6.059000,1,0,6000.0000,-1000.0000,90.0000,0.0000,1,4.0,100.00,0.0,0.0,0.0,0.0
470,14.524223,14.666205,6.271000,1,0,6000.0000,-1000.0000,90.0000,0.0000,1,4.0,100.00,0.0,0.0,0.0,0.0
471,14.497830,14.523332,6.153000,1,0,6000.0000,-1000.0000,90.0000,0.0000,1,4.0,100.00,0.0,0.0,0.0,0.0
472,15.447634,14.479381,6.095000,1,0,6000.0000,-1000.0000,90.0000,0.0000,1,4.0,100.00,0.0,0.0,0.0,0.0
473,13.685802,15.440173,6.185000,1,0,6000.0000,-1000.0000,90.0000,0.0000,1,4.0,100.00,0.0,0.0,0.0,0.0
474,13.323195,13.948229,6.148000,1,0,6000.0000,-1000.0000,90.0000,0.0000,1,4.0,100.00,0.0,0.0,0.0,0.0
475,13.686182,13.190271,6.192000,1,0,6000.0000,-1000.0000,90.0000,0.0000,1,4.0,100.00,0.0,0.0,0.0,0.0
476,13.795596,13.653843,6.166000,1,0,6000.0000,-1000.0000,90.0000,0.0000,1,4.0,100.00,0.0,0.0,0.0,0.0
477,14.139813,13.801764,6.082000,1,0,6000.0000,-1000.0000,90.0000,0.0000,1,4.0,100.00,0.0,0.0,0.0,0.0
478,13.290304,14.228656,6.126000,1,0,6000.0000,-1000.0000,90.0000,0.0000,1,4.0,100.00,0.0,0.0,0.0,0.0
479,13.244273,13.178361,6.121000,1,0,6000.0000,-1000.0000,90.0000,0.0000,1,4.0,100.00,0.0,0.0,0.0,0.0
480,13.877217,13.256293,6.122000,1,0,6000.0000,-1000.0000,90.0000,0.0000,1,4.0,100.00,0.0,0.0,0.0,0.0
481,13.728463,13.845306,6.492000,1,0,6000.0000,-1000.0000,90.0000,0.0000,1,4.0,100.00,0.0,0.0,0.0,0.0
482,15.208748,13.737254,6.497000,1,0,6000.0000,-1000.0000,90.0000,0.0000,1,4.0,100.00,0.0,0.0,0.0,0.0
483,13.635661,15.226138,6.579000,1,0,6000.0000,-1000.0000,90.0000,0.0000,1,4.0,100.00,0.0,0.0,0.0,0.0
484,15.050594,13.617631,6.416000,1,0,6000.0000,-1000.0000,90.0000,0.0000,1,4.0,100.00,0.0,0.0,0.0,0.0
485,14.711707,15.091456,6.461000,1,0,6000.0000,-1000.0000,90.0000,0.0000,1,4.0,100.00,0.0,0.0,0.0,0.0
486,15.725319,14.672284,6.514000,1,0,6000.0000,-1000.0000,90.0000,0.0000,1,4.0,100.00,0.0,0.0,0.0,0.0
487,14.877920,15.713980,6.401000,1,0,6000.0000,-1000.0000,90.0000,0.0000,1,4.0,100.00,0.0,0.0,0.0,0.0
488,14.954282,14.865899,6.511000,1,0,6000.0000,-1000.0000,90.0000,0.0000,1,4.0,100.00,0.0,0.0,0.0,0.0
489,12.830082,15.195497,6.523000,1,0,6000.0000,-1000.0000,90.0000,0.0000,1,4.0,100.00,0.0,0.0,0.0,0.0
490,11.870812,12.641710,6.227000,1,0,6000.0000,-1000.0000,90.0000,0.0000,1,4.0,100.00,0.0,0.0,0.0,0.0
491,12.808653,11.905682,6.088000,1,0,6000.0000,-1000.0000,90.0000,0.0000,1,4.0,100.00,0.0,0.0,0.0,0.0
492,12.184608,12.800412,6.120000,1,0,6000.0000,-1000.0000,90.0000,0.0000,1,4.0,100.00,0.0,0.0,0.0,0.0
493,12.669380,12.231830,6.067000,1,0,6000.0000,-1000.0000,90.0000,0.0000,1,4.0,100.00,0.0,0.0,0.0,0.0
494,14.013420,12.559746,6.180000,1,0,6000.0000,-1000.0000,90.0000,0.0000,1,4.0,100.00,0.0,0.0,0.0,0.0
495,13.102089,14.325957,6.435000,1,0,6000.0000,-1000.0000,90.0000,0.0000,1,4.0,100.00,0.0,0.0,0.0,0.0
496,13.676183,12.860484,6.155000,1,0,6000.0000,-1000.0000,90.0000,0.0000,1,4.0,100.00,0.0,0.0,0.0,0.0
497,13.105050,13.765055,5.914000,1,0,6000.0000,-1000.0000,90.0000,0.0000,1,4.0,100.00,0.0,0.0,0.0,0.0
498,13.937198,13.019548,6.271000,1,0,6000.0000,-1000.0000,90.0000,0.0000,1,4.0,100.00,0.0,0.0,0.0,0.0
499,14.331267,13.990109,6.148000,1,0,6000.0000,-1000.0000,90.0000,0.0000,1,4.0,100.00,0.0,0.0,0.0,0.0
500,13.558071,14.174214,6.148000,1,0,6000.0000,-1000.0000,90.0000,0.0000,1,4.0,100.00,0.0,0.0,0.0,0.0
501,12.828752,13.547020,6.239000,1,0,6000.0000,-1000.0000,90.0000,0.0000,1,4.0,100.00,0.0,0.0,0.0,0.0
502,12.590998,12.831924,6.024000,1,0,6000.0000,-1000.0000,90.0000,0.0000,1,4.0,100.00,0.0,0.0,0.0,0.0
503,13.300424,12.594947,5.901000,1,0,6000.0000,-1000.0000,90.0000,0.0000,1,4.0,100.00,0.0,0.0,0.0,0.0
504,13.478918,13.430287,6.084000,1,0,6000.0000,-1000.0000,90.0000,0.0000,1,4.0,100.00,0.0,0.0,0.0,0.0
505,13.313544,13.356125,6.056000,1,0,6000.0000,-1000.0000,90.0000,0.0000,1,4.0,100.00,0.0,0.0,0.0,0.0
506,13.247963,13.259463,6.225000,1,0,6000.0000,-1000.0000,90.0000,0.0000,1,4.0,100.00,0.0,0.0,0.0,0.0
507,13.930068,13.246832,6.262000,1,0,6000.0000,-1000.0000,90.0000,0.0000,1,4.0,100.00,0.0,0.0,0.0,0.0
508,13.892178,14.180685,6.160000,1,0,6000.0000,-1000.0000,90.0000,0.0000,1,4.0,100.00,0.0,0.0,0.0,0.0
509,14.198414,13.784275,6.215000,1,0,6000.0000,-1000.0000,90.0000,0.0000,1,4.0,100.00,0.0,0.0,0.0,0.0
510,14.586244,14.186655,6.117000,1,0,6000.0000,-1000.0000,90.0000,0.0000,1,4.0,100.00,0.0,0.0,0.0,0.0
511,14.487930,14.552122,6.143000,1,0,6000.0000,-1000.0000,90.0000,0.0000,1,4.0,100.00,0.0,0.0,0.0,0.0
512,14.197256,14.486591,6.271000,1,0,6000.0000,-1000.0000,90.0000,0.0000,1,4.0,100.00,0.0,0.0,0.0,0.0
513,14.461570,14.204395,6.194000,2,0,6000.0000,-1000.0000,90.0000,0.0000,1,4.0,100.00,0.0,0.0,0.0,0.0
514,15.001212,14.465830,6.126000,2,0,6000.0000,-1000.0000,90.0000,0.0000,1,4.0,100.00,0.0,0.0,0.0,0.0
515,15.485654,15.019443,6.202000,2,0,6000.0000,-1000.0000,90.0000,0.0000,1,4.0,100.00,0.0,0.0,0.0,0.0
516,16.931827,15.507395,6.211000,2,0,6000.0000,-1000.0000,90.0000,0.0000,1,4.0,100.00,0.0,0.0,0.0,0.0
517,14.171654,16.909036,6.084000,2,0,6000.0000,-1000.0000,90.0000,0.0000,1,4.0,100.00,0.0,0.0,0.0,0.0
518,14.688535,14.206825,6.134000,2,0,6000.0000,-1000.0000,90.0000,0.0000,1,4.0,100.00,0.0,0.0,0.0,0.0
519,14.537423,14.626593,6.166000,2,0,6000.0000,-1000.0000,90.0000,0.0000,1,4.0,100.00,0.0,0.0,0.0,0.0
520,14.257926,14.568874,6.217000,2,0,6000.0000,-1000.0000,90.0000,0.0000,1,4.0,100.00,0.0,0.0,0.0,0.0
521,14.317167,14.258385,6.123000,2,0,6000.0000,-1000.0000,90.0000,0.0000,1,4.0,100.00,0.0,0.0,0.0,0.0
522,15.129505,14.377369,6.086000,2,0,6000.0000,-1000.0000,90.0000,0.0000,1,4.0,100.00,0.0,0.0,0.0,0.0
523,14.546823,15.051244,6.237000,2,0,6000.0000,-1000.0000,90.0000,0.0000,1,4.0,100.00,0.0,0.0,0.0,0.0
524,14.567323,14.541112,6.072000,2,0,6000.0000,-1000.0000,90.0000,0.0000,1,4.0,100.00,0.0,0.0,0.0,0.0
525,14.667355,14.596474,6.114000,2,0,6000.0000,-1000.0000,90.0000,0.0000,1,4.0,100.00,0.0,0.0,0.0,0.0
526,14.064881,14.646874,6.090000,2,0,6000.0000,-1000.0000,90.0000,0.0000,1,4.0,100.00,0.0,0.0,0.0,0.0
527,13.924148,14.087453,6.120000,2,0,6000.0000,-1000.0000,90.0000,0.0000,1,4.0,100.00,0.0,0.0,0.0,0.0
528,13.875448,13.909317,6.154000,2,0,6000.0000,-1000.0000,90.0000,0.0000,1,4.0,100.00,0.0,0.0,0.0,0.0
529,13.922848,13.871667,6.213000,2,0,6000.0000,-1000.0000,90.0000,0.0000,1,4.0,100.00,0.0,0.0,0.0,0.0
530,14.492572,13.908868,6.118000,2,0,6000.0000,-1000.0000,90.0000,0.0000,1,4.0,100.00,0.0,0.0,0.0,0.0
531,15.639216,14.562873,6.159000,2,0,6000.0000,-1000.0000,90.0000,0.0000,1,4.0,100.00,0.0,0.0,0.0,0.0
532,15.911244,15.629467,6.202000,2,0,6000.0000,-1000.0000,90.0000,0.0000,1,4.0,100.00,0.0,0.0,0.0,0.0
533,15.055994,15.997495,6.059000,2,0,6000.0000,-1000.0000,90.0000,0.0000,1,4.0,100.00,0.0,0.0,0.0,0.0
534,14.141383,14.929982,6.214000,2,0,6000.0000,-1000.0000,90.0000,0.0000,1,4.0,100.00,0.0,0.0,0.0,0.0
535,15.496525,14.179344,6.145000,2,0,6000.0000,-1000.0000,90.0000,0.0000,1,4.0,100.00,0.0,0.0,0.0,0.0
536,14.799648,15.445543,6.205000,2,0,6000.0000,-1000.0000,90.0000,0.0000,1,4.0,100.00,0.0,0.0,0.0,0.0
537,15.543365,14.877940,6.045000,2,0,6000.0000,-1000.0000,90.0000,0.0000,1,4.0,100.00,0.0,0.0,0.0,0.0
538,14.124462,15.585766,6.045000,2,0,6000.0000,-1000.0000,90.0000,0.0000,1,4.0,100.00,0.0,0.0,0.0,0.0
539,15.578277,14.050811,6.205000,2,0,6000.0000,-1000.0000,90.0000,0.0000,1,4.0,100.00,0.0,0.0,0.0,0.0
540,14.537932,15.614067,6.115000,2,0,6000.0000,-1000.0000,90.0000,0.0000,1,4.0,100.00,0.0,0.0,0.0,0.0
541,14.410749,14.506962,6.170000,2,0,6000.0000,-1000.0000,90.0000,0.0000,1,4.0,100.00,0.0,0.0,0.0,0.0
542,14.819928,14.388828,6.144000,2,0,6000.0000,-1000.0000,90.0000,0.0000,1,4.0,100.00,0.0,0.0,0.0,0.0
543,14.985823,14.847350,6.144000,2,0,6000.0000,-1000.0000,90.0000,0.0000,1,4.0,100.00,0.0,0.0,0.0,0.0
544,13.905778,14.998572,6.059000,2,0,6000.0000,-1000.0000,90.0000,0.0000,1,4.0,100.00,0.0,0.0,0.0,0.0
545,13.546390,13.892218,6.182000,2,0,6000.0000,-1000.0000,90.0000,0.0000,1,4.0,100.00,0.0,0.0,0.0,0.0
546,14.166023,13.655591,6.157000,2,0,6000.0000,-1000.0000,90.0000,0.0000,1,4.0,100.00,0.0,0.0,0.0,0.0
547,14.184574,14.060912,6.085000,2,0,6000.0000,-1000.0000,90.0000,0.0000,1,4.0,100.00,0.0,0.0,0.0,0.0
548,14.942282,14.181635,6.590000,2,0,6000.0000,-1000.0000,90.0000,0.0000,1,4.0,100.00,0.0,0.0,0.0,0.0
549,15.674608,14.916760,6.410000,2,0,6000.0000,-1000.0000,90.0000,0.0000,1,4.0,100.00,0.0,0.0,0.0,0.0
550,17.915830,15.718639,6.263000,2,0,6000.0000,-1000.0000,90.0000,0.0000,1,4.0,100.00,0.0,0.0,0.0,0.0
551,15.909773,17.843608,6.363000,2,0,6000.0000,-1000.0000,90.0000,0.0000,1,4.0,100.00,0.0,0.0,0.0,0.0
552,16.016736,15.903513,6.545000,2,0,6000.0000,-1000.0000,90.0000,0.0000,1,4.0,100.00,0.0,0.0,0.0,0.0
553,15.465353,16.183290,6.463000,2,0,6000.0000,-1000.0000,90.0000,0.0000,1,4.0,100.00,0.0,0.0,0.0,0.0
554,15.854303,15.367771,6.488000,2,0,6000.0000,-1000.0000,90.0000,0.0000,1,4.0,100.00,0.0,0.0,0.0,0.0
555,15.264698,15.855032,6.496000,2,0,6000.0000,-1000.0000,90.0000,0.0000,1,4.0,100.00,0.0,0.0,0.0,0.0
556,15.662338,15.243869,6.252000,2,0,6000.0000,-1000.0000,90.0000,0.0000,1,4.0,100.00,0.0,0.0,0.0,0.0
557,16.320873,15.689138,6.180000,2,0,6000.0000,-1000.0000,90.0000,0.0000,1,4.0,100.00,0.0,0.0,0.0,0.0
558,14.469241,16.268192,6.143000,2,0,6000.0000,-1000.0000,90.0000,0.0000,1,4.0,100.00,0.0,0.0,0.0,0.0
559,15.203978,14.475291,6.142000,2,0,6000.0000,-1000.0000,90.0000,0.0000,1,4.0,100.00,0.0,0.0,0.0,0.0
560,15.317949,15.215138,6.147000,2,0,6000.0000,-1000.0000,90.0000,0.0000,1,4.0,100.00,0.0,0.0,0.0,0.0
561,16.212460,15.375571,6.420000,2,0,6000.0000,-1000.0000,90.0000,0.0000,1,4.0,100.00,0.0,0.0,0.0,0.0
562,15.949565,16.142789,6.215000,2,0,6000.0000,-1000.0000,90.0000,0.0000,1,4.0,100.00,0.0,0.0,0.0,0.0
563,16.304273,15.929014,6.197000,2,0,6000.0000,-1000.0000,90.0000,0.0000,1,4.0,100.00,0.0,0.0,0.0,0.0
564,14.934602,16.297232,6.145000,2,0,6000.0000,-1000.0000,90.0000,0.0000,1,4.0,100.00,0.0,0.0,0.0,0.0
565,15.242048,14.915801,6.217000,2,0,6000.0000,-1000.0000,90.0000,0.0000,1,4.0,100.00,0.0,0.0,0.0,0.0
566,15.051704,15.245409,6.137000,2,0,6000.0000,-1000.0000,90.0000,0.0000,1,4.0,100.00,0.0,0.0,0.0,0.0
567,15.552854,15.039773,6.177000,2,0,6000.0000,-1000.0000,90.0000,0.0000,1,4.0,100.00,0.0,0.0,0.0,0.0
568,14.820079,15.611557,6.179000,2,0,6000.0000,-1000.0000,90.0000,0.0000,1,4.0,100.00,0.0,0.0,0.0,0.0
569,15.551516,14.757317,6.142000,2,0,6000.0000,-1000.0000,90.0000,0.0000,1,4.0,100.00,0.0,0.0,0.0,0.0
570,15.140036,15.583136,6.121000,2,0,6000.0000,-1000.0000,90.0000,0.0000,1,4.0,100.00,0.0,0.0,0.0,0.0
571,15.613867,15.298930,6.165000,2,0,6000.0000,-1000.0000,90.0000,0.0000,1,4.0,100.00,0.0,0.0,0.0,0.0
572,17.251674,15.452643,6.248000,2,0,6000.0000,-1000.0000,90.0000,0.0000,1,4.0,100.00,0.0,0.0,0.0,0.0
573,14.418919,17.373037,6.228000,2,0,6000.0000,-1000.0000,90.0000,0.0000,1,4.0,100.00,0.0,0.0,0.0,0.0
574,17.247924,14.316497,6.140000,2,0,6000.0000,-1000.0000,90.0000,0.0000,1,4.0,100.00,0.0,0.0,0.0,0.0
575,15.103346,17.259905,6.202000,2,0,6000.0000,-1000.0000,90.0000,0.0000,1,4.0,100.00,0.0,0.0,0.0,0.0
576,14.914290,15.074484,6.168000,2,0,6000.0000,-1000.0000,90.0000,0.0000,1,4.0,100.00,0.0,0.0,0.0,0.0
577,15.229379,14.939132,6.116000,2,0,6000.0000,-1000.0000,90.0000,0.0000,1,4.0,100.00,0.0,0.0,0.0,0.0
578,14.848358,15.192487,6.175000,2,0,6000.0000,-1000.0000,90.0000,0.0000,1,4.0,100.00,0.0,0.0,0.0,0.0
579,16.142210,14.847369,6.076000,2,0,6000.0000,-1000.0000,90.0000,0.0000,1,4.0,100.00,0.0,0.0,0.0,0.0
580,14.519521,16.138279,6.156000,2,0,6000.0000,-1000.0000,90.0000,0.0000,1,4.0,100.00,0.0,0.0,0.0,0.0
581,14.888121,14.511201,6.110000,2,0,6000.0000,-1000.0000,90.0000,0.0000,1,4.0,100.00,0.0,0.0,0.0,0.0
582,14.943071,14.892640,6.032000,2,0,6000.0000,-1000.0000,90.0000,0.0000,1,4.0,100.00,0.0,0.0,0.0,0.0
583,14.866280,14.935652,6.257000,2,0,6000.0000,-1000.0000,90.0000,0.0000,1,4.0,100.00,0.0,0.0,0.0,0.0
584,15.409092,14.867760,6.161000,2,0,6000.0000,-1000.0000,90.0000,0.0000,1,4.0,100.00,0.0,0.0,0.0,0.0
585,15.590386,15.644767,6.133000,2,0,6000.0000,-1000.0000,90.0000,0.0000,1,4.0,100.00,0.0,0.0,0.0,0.0
586,17.775987,15.554055,6.190000,2,0,6000.0000,-1000.0000,90.0000,0.0000,1,4.0,100.00,0.0,0.0,0.0,0.0
587,16.102078,17.678975,6.188000,2,0,6000.0000,-1000.0000,90.0000,0.0000,1,4.0,100.00,0.0,0.0,0.0,0.0
588,15.252708,16.072437,6.140000,2,0,6000.0000,-1000.0000,90.0000,0.0000,1,4.0,100.00,0.0,0.0,0.0,0.0
589,16.595040,15.246328,6.200000,2,0,6000.0000,-1000.0000,90.0000,0.0000,1,4.0,100.00,0.0,0.0,0.0,0.0
590,14.165603,16.585699,6.216000,2,0,6000.0000,-1000.0000,90.0000,0.0000,1,4.0,100.00,0.0,0.0,0.0,0.0
591,15.863893,14.219785,6.220000,2,0,6000.0000,-1000.0000,90.0000,0.0000,1,4.0,100.00,0.0,0.0,0.0,0.0
592,15.092175,15.870343,6.184000,2,0,6000.0000,-1000.0000,90.0000,0.0000,1,4.0,100.00,0.0,0.0,0.0,0.0
593,14.862228,15.006653,6.134000,2,0,6000.0000,-1000.0000,90.0000,0.0000,1,4.0,100.00,0.0,0.0,0.0,0.0
594,14.291968,14.836229,6.152000,2,0,6000.0000,-1000.0000,90.0000,0.0000,1,4.0,100.00,0.0,0.0,0.0,0.0
595,14.859239,14.287886,6.118000,2,0,6000.0000,-1000.0000,90.0000,0.0000,1,4.0,100.00,0.0,0.0,0.0,0.0
596,15.153266,14.955122,6.207000,2,0,6000.0000,-1000.0000,90.0000,0.0000,1,4.0,100.00,0.0,0.0,0.0,0.0
597,14.917551,15.164166,6.167000,2,0,6000.0000,-1000.0000,90.0000,0.0000,1,4.0,100.00,0.0,0.0,0.0,0.0
598,15.301320,14.858160,6.148000,2,0,6000.0000,-1000.0000,90.0000,0.0000,1,4.0,100.00,0.0,0.0,0.0,0.0
599,14.272186,15.297409,6.211000,2,0,6000.0000,-1000.0000,90.0000,0.0000,1,4.0,100.00,0.0,0.0,0.0,0.0
600,15.485874,14.281446,6.238000,2,0,6000.0000,-1000.0000,90.0000,0.0000,1,4.0,100.00,0.0,0.0,0.0,0.0
601,14.263336,15.616218,6.166000,2,0,6000.0000,-1000.0000,90.0000,0.0000,1,4.0,100.00,0.0,0.0,0.0,0.0
602,15.822281,14.186534,6.195000,2,0,6000.0000,-1000.0000,90.0000,0.0000,1,4.0,100.00,0.0,0.0,0.0,0.0
603,15.660358,15.814911,6.240000,2,0,6000.0000,-1000.0000,90.0000,0.0000,1,4.0,100.00,0.0,0.0,0.0,0.0
604,15.815181,15.649188,6.211000,2,0,6000.0000,-1000.0000,90.0000,0.0000,1,4.0,100.00,0.0,0.0,0.0,0.0
605,15.974305,15.790721,6.238000,2,0,6000.0000,-1000.0000,90.0000,0.0000,1,4.0,100.00,0.0,0.0,0.0,0.0
606,14.246636,15.976694,6.216000,2,0,6000.0000,-1000.0000,90.0000,0.0000,1,4.0,100.00,0.0,0.0,0.0,0.0
607,14.485561,14.214406,6.163000,2,0,6000.0000,-1000.0000,90.0000,0.0000,1,4.0,100.00,0.0,0.0,0.0,0.0
608,15.470253,14.515591,6.236000,2,0,6000.0000,-1000.0000,90.0000,0.0000,1,4.0,100.00,0.0,0.0,0.0,0.0
609,14.949432,15.451924,6.178000,2,0,6000.0000,-1000.0000,90.0000,0.0000,1,4.0,100.00,0.0,0.0,0.0,0.0
610,15.462894,14.938161,6.222000,2,0,6000.0000,-1000.0000,90.0000,0.0000,1,4.0,100.00,0.0,0.0,0.0,0.0
611,15.887313,15.554175,6.208000,2,0,6000.0000,-1000.0000,90.0000,0.0000,1,4.0,100.00,0.0,0.0,0.0,0.0
612,16.213230,15.802981,6.184000,2,0,6000.0000,-1000.0000,90.0000,0.0000,1,4.0,100.00,0.0,0.0,0.0,0.0
613,15.140336,16.201150,6.216000,2,0,6000.0000,-1000.0000,90.0000,0.0000,1,4.0,100.00,0.0,0.0,0.0,0.0
614,16.094878,15.166577,6.504000,2,0,6000.0000,-1000.0000,90.0000,0.0000,1,4.0,100.00,0.0,0.0,0.0,0.0
615,17.990881,16.100438,6.452000,2,0,6000.0000,-1000.0000,90.0000,0.0000,1,4.0,100.00,0.0,0.0,0.0,0.0
616,16.563549,17.975010,6.578000,2,0,6000.0000,-1000.0000,90.0000,0.0000,1,4.0,100.00,0.0,0.0,0.0,0.0
617,16.054276,16.535929,6.474000,2,0,6000.0000,-1000.0000,90.0000,0.0000,1,4.0,100.00,0.0,0.0,0.0,0.0
618,16.345104,16.052666,6.469000,2,0,6000.0000,-1000.0000,90.0000,0.0000,1,4.0,100.00,0.0,0.0,0.0,0.0
619,16.504097,16.499817,6.564000,2,0,6000.0000,-1000.0000,90.0000,0.0000,1,4.0,100.00,0.0,0.0,0.0,0.0
620,16.510757,16.522888,6.556000,2,0,6000.0000,-1000.0000,90.0000,0.0000,1,4.0,100.00,0.0,0.0,0.0,0.0
621,14.370438,16.535757,6.440000,2,0,6000.0000,-1000.0000,90.0000,0.0000,1,4.0,100.00,0.0,0.0,0.0,0.0
622,15.423113,14.187525,6.264000,2,0,6000.0000,-1000.0000,90.0000,0.0000,1,4.0,100.00,0.0,0.0,0.0,0.0
623,16.498016,15.508864,6.204000,2,0,6000.0000,-1000.0000,90.0000,0.0000,1,4.0,100.00,0.0,0.0,0.0,0.0
624,15.214909,16.435616,6.222000,2,0,6000.0000,-1000.0000,90.0000,0.0000,1,4.0,100.00,0.0,0.0,0.0,0.0
625,15.387441,15.172867,6.123000,2,0,6000.0000,-1000.0000,90.0000,0.0000,1,4.0,100.00,0.0,0.0,0.0,0.0
626,14.798989,15.377631,6.155000,2,0,6000.0000,-1000.0000,90.0000,0.0000,1,4.0,100.00,0.0,0.0,0.0,0.0
627,15.092294,14.799008,6.444000,2,0,6000.0000,-1000.0000,90.0000,0.0000,1,4.0,100.00,0.0,0.0,0.0,0.0
628,15.705088,15.094855,6.258000,2,0,6000.0000,-1000.0000,90.0000,0.0000,1,4.0,100.00,0.0,0.0,0.0,0.0
629,13.534130,15.918594,6.181000,2,0,6000.0000,-1000.0000,90.0000,0.0000,1,4.0,100.00,0.0,0.0,0.0,0.0
630,15.089485,13.448787,6.129000,2,0,6000.0000,-1000.0000,90.0000,0.0000,1,4.0,100.00,0.0,0.0,0.0,0.0
631,15.140266,15.031113,6.161000,2,0,6000.0000,-1000.0000,90.0000,0.0000,1,4.0,100.00,0.0,0.0,0.0,0.0
632,15.251278,15.077335,6.222000,2,0,6000.0000,-1000.0000,90.0000,0.0000,1,4.0,100.00,0.0,0.0,0.0,0.0
633,13.520949,15.471604,6.211000,2,0,6000.0000,-1000.0000,90.0000,0.0000,1,4.0,100.00,0.0,0.0,0.0,0.0
634,14.279336,13.352784,6.214000,2,0,6000.0000,-1000.0000,90.0000,0.0000,1,4.0,100.00,0.0,0.0,0.0,0.0
635,16.821095,14.525273,6.093000,2,0,6000.0000,-1000.0000,90.0000,0.0000,1,4.0,100.00,0.0,0.0,0.0,0.0
636,16.236641,16.620779,6.097000,2,0,6000.0000,-1000.0000,90.0000,0.0000,1,4.0,100.00,0.0,0.0,0.0,0.0
637,15.736070,16.146000,6.247000,2,0,6000.0000,-1000.0000,90.0000,0.0000,1,4.0,100.00,0.0,0.0,0.0,0.0
638,14.579463,15.806540,6.278000,2,0,6000.0000,-1000.0000,90.0000,0.0000,1,4.0,100.00,0.0,0.0,0.0,0.0
639,14.986403,14.513422,6.134000,2,0,6000.0000,-1000.0000,90.0000,0.0000,1,4.0,100.00,0.0,0.0,0.0,0.0
640,14.584412,14.986913,6.193000,2,0,6000.0000,-1000.0000,90.0000,0.0000,1,4.0,100.00,0.0,0.0,0.0,0.0
641,14.734007,14.717656,6.113000,2,0,6000.0000,-1000.0000,90.0000,0.0000,1,4.0,100.00,0.0,0.0,0.0,0.0
642,14.798169,14.646824,6.179000,2,0,6000.0000,-1000.0000,90.0000,0.0000,1,4.0,100.00,0.0,0.0,0.0,0.0
643,15.491793,14.750678,6.203000,2,0,6000.0000,-1000.0000,90.0000,0.0000,1,4.0,100.00,0.0,0.0,0.0,0.0
644,15.658998,15.499253,6.182000,2,0,6000.0000,-1000.0000,90.0000,0.0000,1,4.0,100.00,0.0,0.0,0.0,0.0
645,15.870373,15.688649,6.094000,2,0,6000.0000,-1000.0000,90.0000,0.0000,1,4.0,100.00,0.0,0.0,0.0,0.0
646,15.403002,15.828662,6.237000,2,0,6000.0000,-1000.0000,90.0000,0.0000,1,4.0,100.00,0.0,0.0,0.0,0.0
647,15.685088,15.412322,6.149000,2,0,6000.0000,-1000.0000,90.0000,0.0000,1,4.0,100.00,0.0,0.0,0.0,0.0
648,16.714423,15.685499,6.190000,2,0,6000.0000,-1000.0000,90.0000,0.0000,1,4.0,100.00,0.0,0.0,0.0,0.0
649,15.960593,16.720672,6.240000,2,0,6000.0000,-1000.0000,90.0000,0.0000,1,4.0,100.00,0.0,0.0,0.0,0.0
650,15.184028,15.956745,6.171000,2,0,6000.0000,-1000.0000,90.0000,0.0000,1,4.0,100.00,0.0,0.0,0.0,0.0
651,17.313926,15.238488,6.207000,2,0,6000.0000,-1000.0000,90.0000,0.0000,1,4.0,100.00,0.0,0.0,0.0,0.0
652,13.379555,17.310785,6.207000,2,0,6000.0000,-1000.0000,90.0000,0.0000,1,4.0,100.00,0.0,0.0,0.0,0.0
653,14.595194,13.315705,6.181000,2,0,6000.0000,-1000.0000,90.0000,0.0000,1,4.0,100.00,0.0,0.0,0.0,0.0
654,15.488593,14.718155,6.128000,2,0,6000.0000,-1000.0000,90.0000,0.0000,1,4.0,100.00,0.0,0.0,0.0,0.0
655,16.029116,15.353362,6.241000,2,0,6000.0000,-1000.0000,90.0000,0.0000,1,4.0,100.00,0.0,0.0,0.0,0.0
656,14.969823,16.020786,6.187000,2,0,6000.0000,-1000.0000,90.0000,0.0000,1,4.0,100.00,0.0,0.0,0.0,0.0
657,14.647685,14.979902,6.178000,2,0,6000.0000,-1000.0000,90.0000,0.0000,1,4.0,100.00,0.0,0.0,0.0,0.0
658,14.415829,14.681765,6.171000,2,0,6000.0000,-1000.0000,90.0000,0.0000,1,4.0,100.00,0.0,0.0,0.0,0.0
659,14.293237,14.372699,6.155000,2,0,6000.0000,-1000.0000,90.0000,0.0000,1,4.0,100.00,0.0,0.0,0.0,0.0
660,14.182514,14.294687,6.211000,2,0,6000.0000,-1000.0000,90.0000,0.0000,1,4.0,100.00,0.0,0.0,0.0,0.0
661,14.428939,14.209424,6.141000,2,0,6000.0000,-1000.0000,90.0000,0.0000,1,4.0,100.00,0.0,0.0,0.0,0.0
662,14.079592,14.614744,6.201000,2,0,6000.0000,-1000.0000,90.0000,0.0000,1,4.0,100.00,0.0,0.0,0.0,0.0
663,14.152994,14.027361,6.185000,2,0,6000.0000,-1000.0000,90.0000,0.0000,1,4.0,100.00,0.0,0.0,0.0,0.0
664,15.078655,14.090912,6.144000,2,0,6000.0000,-1000.0000,90.0000,0.0000,1,4.0,100.00,0.0,0.0,0.0,0.0
665,13.842955,15.043063,6.077000,2,0,6000.0000,-1000.0000,90.0000,0.0000,1,4.0,100.00,0.0,0.0,0.0,0.0
666,14.120924,13.820916,6.194000,2,0,6000.0000,-1000.0000,90.0000,0.0000,1,4.0,100.00,0.0,0.0,0.0,0.0
667,16.597688,14.109613,6.173000,2,0,6000.0000,-1000.0000,90.0000,0.0000,1,4.0,100.00,0.0,0.0,0.0,0.0
668,14.288716,16.666000,6.171000,2,0,6000.0000,-1000.0000,90.0000,0.0000,1,4.0,100.00,0.0,0.0,0.0,0.0
669,14.445611,14.268937,6.143000,2,0,6000.0000,-1000.0000,90.0000,0.0000,1,4.0,100.00,0.0,0.0,0.0,0.0
670,14.874910,14.412859,6.222000,2,0,6000.0000,-1000.0000,90.0000,0.0000,1,4.0,100.00,0.0,0.0,0.0,0.0
671,14.864760,14.905730,6.133000,2,0,6000.0000,-1000.0000,90.0000,0.0000,1,4.0,100.00,0.0,0.0,0.0,0.0
672,14.897960,14.804759,6.229000,2,0,6000.0000,-1000.0000,90.0000,0.0000,1,4.0,100.00,0.0,0.0,0.0,0.0
673,14.905280,14.895970,6.102000,2,0,6000.0000,-1000.0000,90.0000,0.0000,1,4.0,100.00,0.0,0.0,0.0,0.0
674,14.459481,14.916581,6.178000,2,0,6000.0000,-1000.0000,90.0000,0.0000,1,4.0,100.00,0.0,0.0,0.0,0.0
675,14.480420,14.485351,6.134000,2,0,6000.0000,-1000.0000,90.0000,0.0000,1,4.0,100.00,0.0,0.0,0.0,0.0
676,14.520883,14.466451,6.122000,2,0,6000.0000,-1000.0000,90.0000,0.0000,1,4.0,100.00,0.0,0.0,0.0,0.0
677,14.407149,14.509211,6.211000,2,0,6000.0000,-1000.0000,90.0000,0.0000,1,4.0,100.00,0.0,0.0,0.0,0.0
678,16.238750,14.385578,6.094000,2,0,6000.0000,-1000.0000,90.0000,0.0000,1,4.0,100.00,0.0,0.0,0.0,0.0
679,16.309774,16.229632,6.414000,2,0,6000.0000,-1000.0000,90.0000,0.0000,1,4.0,100.00,0.0,0.0,0.0,0.0
680,15.674777,16.250451,6.493000,2,0,6000.0000,-1000.0000,90.0000,0.0000,1,4.0,100.00,0.0,0.0,0.0,0.0
681,16.523138,15.647718,6.423000,2,0,6000.0000,-1000.0000,90.0000,0.0000,1,4.0,100.00,0.0,0.0,0.0,0.0
682,16.273132,16.528037,6.485000,2,0,6000.0000,-1000.0000,90.0000,0.0000,1,4.0,100.00,0.0,0.0,0.0,0.0
683,16.594679,16.276912,6.518000,2,0,6000.0000,-1000.0000,90.0000,0.0000,1,4.0,100.00,0.0,0.0,0.0,0.0
684,16.434926,16.601899,6.535000,2,0,6000.0000,-1000.0000,90.0000,0.0000,1,4.0,100.00,0.0,0.0,0.0,0.0
685,16.881915,16.645021,6.496000,2,0,6000.0000,-1000.0000,90.0000,0.0000,1,4.0,100.00,0.0,0.0,0.0,0.0
686,15.001073,16.809593,6.469000,2,0,6000.0000,-1000.0000,90.0000,0.0000,1,4.0,100.00,0.0,0.0,0.0,0.0
687,14.094842,14.958222,6.246000,2,0,6000.0000,-1000.0000,90.0000,0.0000,1,4.0,100.00,0.0,0.0,0.0,0.0
688,14.779658,14.132163,6.195000,2,0,6000.0000,-1000.0000,90.0000,0.0000,1,4.0,100.00,0.0,0.0,0.0,0.0
689,14.529513,14.777578,6.162000,2,0,6000.0000,-1000.0000,90.0000,0.0000,1,4.0,100.00,0.0,0.0,0.0,0.0
690,14.873349,14.673786,6.191000,2,0,6000.0000,-1000.0000,90.0000,0.0000,1,4.0,100.00,0.0,0.0,0.0,0.0
691,15.290570,14.724116,6.408000,2,0,6000.0000,-1000.0000,90.0000,0.0000,1,4.0,100.00,0.0,0.0,0.0,0.0
692,16.189129,15.323980,6.182000,2,0,6000.0000,-1000.0000,90.0000,0.0000,1,4.0,100.00,0.0,0.0,0.0,0.0
693,15.515954,16.188300,6.249000,2,0,6000.0000,-1000.0000,90.0000,0.0000,1,4.0,100.00,0.0,0.0,0.0,0.0
694,16.620121,15.471534,6.068000,2,0,6000.0000,-1000.0000,90.0000,0.0000,1,4.0,100.00,0.0,0.0,0.0,0.0
695,16.717472,16.623219,6.110000,2,0,6000.0000,-1000.0000,90.0000,0.0000,1,4.0,100.00,0.0,0.0,0.0,0.0
696,13.030758,16.741053,6.243000,2,0,6000.0000,-1000.0000,90.0000,0.0000,1,4.0,100.00,0.0,0.0,0.0,0.0
697,16.059446,13.069748,6.215000,2,0,6000.0000,-1000.0000,90.0000,0.0000,1,4.0,100.00,0.0,0.0,0.0,0.0
698,14.577163,16.041687,6.166000,2,0,6000.0000,-1000.0000,90.0000,0.0000,1,4.0,100.00,0.0,0.0,0.0,0.0
699,13.904028,14.518962,6.215000,2,0,6000.0000,-1000.0000,90.0000,0.0000,1,4.0,100.00,0.0,0.0,0.0,0.0
700,14.571073,13.894597,6.172000,2,0,6000.0000,-1000.0000,90.0000,0.0000,1,4.0,100.00,0.0,0.0,0.0,0.0
701,14.395919,14.606694,6.225000,2,0,6000.0000,-1000.0000,90.0000,0.0000,1,4.0,100.00,0.0,0.0,0.0,0.0
702,14.888600,14.458121,6.166000,2,0,6000.0000,-1000.0000,90.0000,0.0000,1,4.0,100.00,0.0,0.0,0.0,0.0
703,13.113209,14.973561,6.160000,2,0,6000.0000,-1000.0000,90.0000,0.0000,1,4.0,100.00,0.0,0.0,0.0,0.0
704,13.426198,12.975696,6.162000,2,0,6000.0000,-1000.0000,90.0000,0.0000,1,4.0,100.00,0.0,0.0,0.0,0.0
705,13.717693,13.493269,6.180000,2,0,6000.0000,-1000.0000,90.0000,0.0000,1,4.0,100.00,0.0,0.0,0.0,0.0
706,15.039343,13.619462,6.149000,2,0,6000.0000,-1000.0000,90.0000,0.0000,1,4.0,100.00,0.0,0.0,0.0,0.0
707,15.759441,15.034163,6.206000,2,0,6000.0000,-1000.0000,90.0000,0.0000,1,4.0,100.00,0.0,0.0,0.0,0.0
708,14.758967,15.757090,6.257000,2,0,6000.0000,-1000.0000,90.0000,0.0000,1,4.0,100.00,0.0,0.0,0.0,0.0
709,15.922334,14.757077,6.121000,2,0,6000.0000,-1000.0000,90.0000,0.0000,1,4.0,100.00,0.0,0.0,0.0,0.0
710,16.914847,15.942984,6.221000,2,0,6000.0000,-1000.0000,90.0000,0.0000,1,4.0,100.00,0.0,0.0,0.0,0.0
711,15.897543,16.896077,6.179000,2,0,6000.0000,-1000.0000,90.0000,0.0000,1,4.0,100.00,0.0,0.0,0.0,0.0
712,16.003916,16.088287,6.147000,2,0,6000.0000,-1000.0000,90.0000,0.0000,1,4.0,100.00,0.0,0.0,0.0,0.0
713,16.141138,15.919764,6.150000,2,0,6000.0000,-1000.0000,90.0000,0.0000,1,4.0,100.00,0.0,0.0,0.0,0.0
714,15.339050,16.099388,6.203000,2,0,6000.0000,-1000.0000,90.0000,0.0000,1,4.0,100.00,0.0,0.0,0.0,0.0
715,14.799639,15.331260,6.180000,2,0,6000.0000,-1000.0000,90.0000,0.0000,1,4.0,100.00,0.0,0.0,0.0,0.0
716,14.219164,14.777088,6.146000,2,0,6000.0000,-1000.0000,90.0000,0.0000,1,4.0,100.00,0.0,0.0,0.0,0.0
717,15.169017,14.234785,6.162000,2,0,6000.0000,-1000.0000,90.0000,0.0000,1,4.0,100.00,0.0,0.0,0.0,0.0
718,14.852909,15.192178,6.164000,2,0,6000.0000,-1000.0000,90.0000,0.0000,1,4.0,100.00,0.0,0.0,0.0,0.0
719,15.832572,14.856078,6.146000,2,0,6000.0000,-1000.0000,90.0000,0.0000,1,4.0,100.00,0.0,0.0,0.0,0.0
720,14.608364,15.914344,6.211000,2,0,6000.0000,-1000.0000,90.0000,0.0000,1,4.0,100.00,0.0,0.0,0.0,0.0
721,14.912430,14.522102,6.238000,2,0,6000.0000,-1000.0000,90.0000,0.0000,1,4.0,100.00,0.0,0.0,0.0,0.0
722,14.720007,14.897811,6.141000,2,0,6000.0000,-1000.0000,90.0000,0.0000,1,4.0,100.00,0.0,0.0,0.0,0.0
723,14.842809,14.677915,6.167000,2,0,6000.0000,-1000.0000,90.0000,0.0000,1,4.0,100.00,0.0,0.0,0.0,0.0
724,14.915491,14.845789,6.192000,2,0,6000.0000,-1000.0000,90.0000,0.0000,1,4.0,100.00,0.0,0.0,0.0,0.0
725,14.137073,14.961842,6.164000,2,0,6000.0000,-1000.0000,90.0000,0.0000,1,4.0,100.00,0.0,0.0,0.0,0.0
726,15.090735,14.084782,6.233000,2,0,6000.0000,-1000.0000,90.0000,0.0000,1,4.0,100.00,0.0,0.0,0.0,0.0
727,15.018413,15.415112,6.145000,2,0,6000.0000,-1000.0000,90.0000,0.0000,1,4.0,100.00,0.0,0.0,0.0,0.0
728,16.492377,14.827288,6.123000,2,0,6000.0000,-1000.0000,90.0000,0.0000,1,4.0,100.00,0.0,0.0,0.0,0.0
729,13.844996,16.459997,6.123000,2,0,6000.0000,-1000.0000,90.0000,0.0000,1,4.0,100.00,0.0,0.0,0.0,0.0
730,14.163924,13.905078,6.164000,2,0,6000.0000,-1000.0000,90.0000,0.0000,1,4.0,100.00,0.0,0.0,0.0,0.0
731,14.506341,14.381368,6.175000,2,0,6000.0000,-1000.0000,90.0000,0.0000,1,4.0,100.00,0.0,0.0,0.0,0.0
732,13.714564,14.227945,6.219000,2,0,6000.0000,-1000.0000,90.0000,0.0000,1,4.0,100.00,0.0,0.0,0.0,0.0
733,13.700722,13.946689,6.006000,2,0,6000.0000,-1000.0000,90.0000,0.0000,1,4.0,100.00,0.0,0.0,0.0,0.0
734,13.989870,13.494779,6.188000,2,0,6000.0000,-1000.0000,90.0000,0.0000,1,4.0,100.00,0.0,0.0,0.0,0.0
735,13.958829,14.055561,6.029000,2,0,6000.0000,-1000.0000,90.0000,0.0000,1,4.0,100.00,0.0,0.0,0.0,0.0
736,14.849690,13.836726,6.159000,2,0,6000.0000,-1000.0000,90.0000,0.0000,1,4.0,100.00,0.0,0.0,0.0,0.0
737,15.316350,14.778218,6.142000,2,0,6000.0000,-1000.0000,90.0000,0.0000,1,4.0,100.00,0.0,0.0,0.0,0.0
738,18.121624,15.314479,6.200000,2,0,6000.0000,-1000.0000,90.0000,0.0000,1,4.0,100.00,0.0,0.0,0.0,0.0
739,13.349465,18.120294,6.200000,2,0,6000.0000,-1000.0000,90.0000,0.0000,1,4.0,100.00,0.0,0.0,0.0,0.0
740,12.636639,13.226982,6.126000,2,0,6000.0000,-1000.0000,90.0000,0.0000,1,4.0,100.00,0.0,0.0,0.0,0.0
741,12.516225,12.842834,6.170000,2,0,6000.0000,-1000.0000,90.0000,0.0000,1,4.0,100.00,0.0,0.0,0.0,0.0
742,14.637985,12.501575,6.081000,2,0,6000.0000,-1000.0000,90.0000,0.0000,1,4.0,100.00,0.0,0.0,0.0,0.0
743,14.133173,14.601314,6.508000,2,0,6000.0000,-1000.0000,90.0000,0.0000,1,4.0,100.00,0.0,0.0,0.0,0.0
744,12.643499,14.119143,6.445000,2,0,6000.0000,-1000.0000,90.0000,0.0000,1,4.0,100.00,0.0,0.0,0.0,0.0
745,14.157304,12.708040,6.486000,2,0,6000.0000,-1000.0000,90.0000,0.0000,1,4.0,100.00,0.0,0.0,0.0,0.0
746,13.097679,14.123083,6.365000,2,0,6000.0000,-1000.0000,90.0000,0.0000,1,4.0,100.00,0.0,0.0,0.0,0.0
747,14.548892,13.032068,6.519000,2,0,6000.0000,-1000.0000,90.0000,0.0000,1,4.0,100.00,0.0,0.0,0.0,0.0
748,14.598344,14.559073,6.459000,2,0,6000.0000,-1000.0000,90.0000,0.0000,1,4.0,100.00,0.0,0.0,0.0,0.0
749,14.711506,14.572712,6.470000,2,0,6000.0000,-1000.0000,90.0000,0.0000,1,4.0,100.00,0.0,0.0,0.0,0.0
750,13.181781,14.707397,6.445000,2,0,6000.0000,-1000.0000,90.0000,0.0000,1,4.0,100.00,0.0,0.0,0.0,0.0
751,13.232852,13.168970,6.171000,2,0,6000.0000,-1000.0000,90.0000,0.0000,1,4.0,100.00,0.0,0.0,0.0,0.0
752,12.153958,13.233022,6.044000,2,0,6000.0000,-1000.0000,90.0000,0.0000,1,4.0,100.00,0.0,0.0,0.0,0.0
753,12.786882,12.158638,6.119000,2,0,6000.0000,-1000.0000,90.0000,0.0000,1,4.0,100.00,0.0,0.0,0.0,0.0
754,12.950746,12.970946,6.096000,2,0,6000.0000,-1000.0000,90.0000,0.0000,1,4.0,100.00,0.0,0.0,0.0,0.0
755,12.562328,12.815324,6.385000,2,0,6000.0000,-1000.0000,90.0000,0.0000,1,4.0,100.00,0.0,0.0,0.0,0.0
756,12.909614,12.549567,6.223000,2,0,6000.0000,-1000.0000,90.0000,0.0000,1,4.0,100.00,0.0,0.0,0.0,0.0
757,12.956806,12.949136,6.186000,2,0,6000.0000,-1000.0000,90.0000,0.0000,1,4.0,100.00,0.0,0.0,0.0,0.0
758,12.901885,12.971916,6.142000,2,0,6000.0000,-1000.0000,90.0000,0.0000,1,4.0,100.00,0.0,0.0,0.0,0.0
759,13.946808,13.400206,6.237000,2,0,6000.0000,-1000.0000,90.0000,0.0000,1,4.0,100.00,0.0,0.0,0.0,0.0
760,13.713524,13.490639,6.168000,2,0,6000.0000,-1000.0000,90.0000,0.0000,1,4.0,100.00,0.0,0.0,0.0,0.0
761,13.468107,13.776124,6.110000,2,0,6000.0000,-1000.0000,90.0000,0.0000,1,4.0,100.00,0.0,0.0,0.0,0.0
762,13.627982,13.406597,6.243000,2,0,6000.0000,-1000.0000,90.0000,0.0000,1,4.0,100.00,0.0,0.0,0.0,0.0
763,13.157801,13.647241,6.093000,2,0,6000.0000,-1000.0000,90.0000,0.0000,1,4.0,100.00,0.0,0.0,0.0,0.0
764,12.887774,13.214082,6.186000,2,0,6000.0000,-1000.0000,90.0000,0.0000,1,4.0,100.00,0.0,0.0,0.0,0.0
765,12.722231,12.789562,6.282000,2,0,6000.0000,-1000.0000,90.0000,0.0000,1,4.0,100.00,0.0,0.0,0.0,0.0
766,12.595257,12.830733,6.100000,2,0,6000.0000,-1000.0000,90.0000,0.0000,1,4.0,100.00,0.0,0.0,0.0,0.0
767,12.548147,12.563828,6.083000,2,0,6000.0000,-1000.0000,90.0000,0.0000,1,4.0,100.00,0.0,0.0,0.0,0.0
768,12.592888,12.967216,6.214000,2,0,6000.0000,-1000.0000,90.0000,0.0000,1,4.0,100.00,0.0,0.0,0.0,0.0
769,12.789012,12.063976,6.097000,2,0,6000.0000,-1000.0000,90.0000,0.0000,1,4.0,100.00,0.0,0.0,0.0,0.0
770,13.585151,12.955356,6.205000,2,0,6000.0000,-1000.0000,90.0000,0.0000,1,4.0,100.00,0.0,0.0,0.0,0.0
771,14.100402,13.663181,6.074000,2,0,6000.0000,-1000.0000,90.0000,0.0000,1,4.0,100.00,0.0,0.0,0.0,0.0
772,14.167563,13.970039,6.185000,2,0,6000.0000,-1000.0000,90.0000,0.0000,1,4.0,100.00,0.0,0.0,0.0,0.0
773,14.022951,14.478242,6.233000,2,0,6000.0000,-1000.0000,90.0000,0.0000,1,4.0,100.00,0.0,0.0,0.0,0.0
774,14.324517,13.935188,6.128000,2,0,6000.0000,-1000.0000,90.0000,0.0000,1,4.0,100.00,0.0,0.0,0.0,0.0
775,13.862627,14.104282,6.148000,2,0,6000.0000,-1000.0000,90.0000,0.0000,1,4.0,100.00,0.0,0.0,0.0,0.0
776,14.032440,13.802736,6.227000,2,0,6000.0000,-1000.0000,90.0000,0.0000,1,4.0,100.00,0.0,0.0,0.0,0.0
777,14.605775,14.111252,6.095000,2,0,6000.0000,-1000.0000,90.0000,0.0000,1,4.0,100.00,0.0,0.0,0.0,0.0
778,14.092721,14.481671,6.182000,2,0,6000.0000,-1000.0000,90.0000,0.0000,1,4.0,100.00,0.0,0.0,0.0,0.0
779,15.823692,14.212414,6.189000,2,0,6000.0000,-1000.0000,90.0000,0.0000,1,4.0,100.00,0.0,0.0,0.0,0.0
780,14.980162,15.717670,6.114000,2,0,6000.0000,-1000.0000,90.0000,0.0000,1,4.0,100.00,0.0,0.0,0.0,0.0
781,14.757818,14.892750,6.130000,2,0,6000.0000,-1000.0000,90.0000,0.0000,1,4.0,100.00,0.0,0.0,0.0,0.0
782,16.161299,15.021773,6.137000,3,0,6000.0000,-1000.0000,90.0000,0.0000,1,4.0,100.00,0.0,0.0,0.0,0.0
783,15.073424,16.264902,6.095000,3,1,6000.0000,-1000.0000,90.0000,0.0000,1,4.0,100.00,0.0,0.0,0.0,0.0
784,189.538001,14.935971,6.316000,3,0,6000.0000,-1000.0000,90.0000,0.0000,1,4.0,100.00,0.0,0.0,0.0,0.0
785,7.882050,189.304585,6.316000,3,1,6000.0000,-1000.0000,90.0000,0.0000,1,4.0,100.00,0.0,0.0,0.0,0.0
786,196.119831,7.766738,6.357000,3,0,6000.0000,-1000.0000,90.0000,0.0000,1,4.0,100.00,0.0,0.0,0.0,0.0
787,7.756527,196.244294,6.357000,3,1,6000.0000,-1000.0000,90.0000,0.0000,1,4.0,100.00,0.0,0.0,0.0,0.0
788,190.547054,7.626834,6.285000,3,0,6000.0000,-1000.0000,90.0000,0.0000,1,4.0,100.00,0.0,0.0,0.0,0.0
789,7.943371,190.682117,6.285000,3,1,6000.0000,-1000.0000,90.0000,0.0000,1,4.0,100.00,0.0,0.0,0.0,0.0
790,192.338395,7.855889,6.325000,3,0,6000.0000,-1000.0000,90.0000,0.0000,1,4.0,100.00,0.0,0.0,0.0,0.0
791,8.263129,192.469528,6.325000,3,1,6000.0000,-1000.0000,90.0000,0.0000,1,4.0,100.00,0.0,0.0,0.0,0.0
792,162.885092,8.094345,6.280000,3,0,6000.0000,-1000.0000,90.0000,0.0000,1,4.0,100.00,0.0,0.0,0.0,0.0
793,7.098852,163.014155,6.280000,3,1,6000.0000,-1000.0000,90.0000,0.0000,1,4.0,100.00,0.0,0.0,0.0,0.0
794,196.061839,6.971349,6.320000,3,0,6000.0000,-1000.0000,90.0000,0.0000,1,4.0,100.00,0.0,0.0,0.0,0.0
795,7.104523,196.232623,6.320000,3,1,6000.0000,-1000.0000,90.0000,0.0000,1,4.0,100.00,0.0,0.0,0.0,0.0
796,175.940160,7.014891,6.344000,3,0,6000.0000,-1000.0000,90.0000,0.0000,1,4.0,100.00,0.0,0.0,0.0,0.0
797,7.479030,175.982141,6.344000,3,1,6000.0000,-1000.0000,90.0000,0.0000,1,4.0,100.00,0.0,0.0,0.0,0.0
798,191.612758,7.374308,6.280000,3,0,6000.0000,-1000.0000,90.0000,0.0000,1,4.0,100.00,0.0,0.0,0.0,0.0
799,7.850340,191.790282,6.280000,3,1,6000.0000,-1000.0000,90.0000,0.0000,1,4.0,100.00,0.0,0.0,0.0,0.0
800,195.084217,7.747337,6.326000,3,0,6000.0000,-1000.0000,90.0000,0.0000,1,4.0,100.00,0.0,0.0,0.0,0.0
801,8.085385,195.083707,6.326000,3,1,6000.0000,-1000.0000,90.0000,0.0000,1,4.0,100.00,0.0,0.0,0.0,0.0
802,189.060899,7.992133,6.386000,4,0,6000.0000,-1000.0000,90.0000,-25.0000,1,4.0,100.00,0.0,0.0,0.0,0.0
803,7.922821,189.156602,6.386000,4,0,6000.0000,-1000.0000,90.0000,-22.6355,1,4.0,100.00,0.0,0.0,0.0,0.0
804,7.759147,7.830469,6.304000,4,0,6000.0000,-1000.0000,90.0000,-22.5377,1,4.0,100.00,0.0,0.0,0.0,0.0
805,13.311535,8.132815,6.304000,4,0,6000.0000,-1000.0000,90.0000,-22.4360,1,4.0,100.00,0.0,0.0,0.0,0.0
806,17.176672,13.096850,6.993000,4,0,6000.0000,-1000.0000,90.0000,-22.2723,1,4.0,100.00,0.0,0.0,0.0,0.0
807,15.387461,17.142671,6.847000,4,0,6000.0000,-1000.0000,90.0000,-22.0580,1,4.0,100.00,0.0,0.0,0.0,0.0
808,17.875329,15.407283,6.769000,4,0,6000.0000,-1000.0000,90.0000,-21.8654,1,4.0,100.00,0.0,0.0,0.0,0.0
809,16.673581,17.901588,6.591000,4,0,6000.0000,-1000.0000,90.0000,-21.6416,1,4.0,100.00,0.0,0.0,0.0,0.0
810,15.780081,16.751403,6.542000,4,0,6000.0000,-1000.0000,90.0000,-21.4323,1,4.0,100.00,0.0,0.0,0.0,0.0
811,15.442002,15.736220,6.582000,4,0,6000.0000,-1000.0000,90.0000,-21.2356,1,4.0,100.00,0.0,0.0,0.0,0.0
812,15.679089,15.554194,6.510000,4,0,6000.0000,-1000.0000,90.0000,-21.0411,1,4.0,100.00,0.0,0.0,0.0,0.0
813,15.136495,15.588217,6.458000,4,0,6000.0000,-1000.0000,90.0000,-20.8463,1,4.0,100.00,0.0,0.0,0.0,0.0
814,15.134696,15.111015,6.576000,4,0,6000.0000,-1000.0000,90.0000,-20.6574,1,4.0,100.00,0.0,0.0,0.0,0.0
815,15.924924,15.089735,6.222000,4,0,6000.0000,-1000.0000,90.0000,-20.4688,1,4.0,100.00,0.0,0.0,0.0,0.0
816,15.326550,15.932954,6.292000,4,0,6000.0000,-1000.0000,90.0000,-20.2696,1,4.0,100.00,0.0,0.0,0.0,0.0
817,15.828522,15.315810,6.226000,4,0,6000.0000,-1000.0000,90.0000,-20.0782,1,4.0,100.00,0.0,0.0,0.0,0.0
818,15.635797,15.969354,6.252000,4,0,6000.0000,-1000.0000,90.0000,-19.8785,1,4.0,100.00,0.0,0.0,0.0,0.0
819,15.359261,15.519285,6.192000,4,0,6000.0000,-1000.0000,90.0000,-19.6845,1,4.0,100.00,0.0,0.0,0.0,0.0
820,14.594534,15.419552,6.234000,4,0,6000.0000,-1000.0000,90.0000,-19.4918,1,4.0,100.00,0.0,0.0,0.0,0.0
821,14.760446,14.592024,6.178000,4,0,6000.0000,-1000.0000,90.0000,-19.3094,1,4.0,100.00,0.0,0.0,0.0,0.0
822,14.726967,14.692746,6.144000,4,0,6000.0000,-1000.0000,90.0000,-19.1257,1,4.0,100.00,0.0,0.0,0.0,0.0
823,14.871100,14.697805,6.128000,4,0,6000.0000,-1000.0000,90.0000,-18.9420,1,4.0,100.00,0.0,0.0,0.0,0.0
824,14.891600,14.860070,6.192000,4,0,6000.0000,-1000.0000,90.0000,-18.7563,1,4.0,100.00,0.0,0.0,0.0,0.0
825,15.568035,14.948742,6.157000,4,0,6000.0000,-1000.0000,90.0000,-18.5694,1,4.0,100.00,0.0,0.0,0.0,0.0
826,15.437254,15.599656,6.334000,4,0,6000.0000,-1000.0000,90.0000,-18.3744,1,4.0,100.00,0.0,0.0,0.0,0.0
827,15.202337,15.458643,6.222000,4,0,6000.0000,-1000.0000,90.0000,-18.1812,1,4.0,100.00,0.0,0.0,0.0,0.0
828,14.148553,15.115885,6.239000,4,0,6000.0000,-1000.0000,90.0000,-17.9922,1,4.0,100.00,0.0,0.0,0.0,0.0
829,14.442910,14.143773,6.171000,4,0,6000.0000,-1000.0000,90.0000,-17.8154,1,4.0,100.00,0.0,0.0,0.0,0.0
830,14.698626,14.468091,6.357000,4,0,6000.0000,-1000.0000,90.0000,-17.6346,1,4.0,100.00,0.0,0.0,0.0,0.0
831,15.300100,14.805699,6.304000,4,0,6000.0000,-1000.0000,90.0000,-17.4495,1,4.0,100.00,0.0,0.0,0.0,0.0
832,15.730289,15.216767,6.246000,4,0,6000.0000,-1000.0000,90.0000,-17.2593,1,4.0,100.00,0.0,0.0,0.0,0.0
833,14.040120,15.731730,6.273000,4,0,6000.0000,-1000.0000,90.0000,-17.0627,1,4.0,100.00,0.0,0.0,0.0,0.0
834,15.739140,14.047371,6.158000,4,0,6000.0000,-1000.0000,90.0000,-16.8871,1,4.0,100.00,0.0,0.0,0.0,0.0
835,13.053588,15.759549,6.158000,4,0,6000.0000,-1000.0000,90.0000,-16.6901,1,4.0,100.00,0.0,0.0,0.0,0.0
836,14.475981,12.963276,6.186000,4,0,6000.0000,-1000.0000,90.0000,-16.5280,1,4.0,100.00,0.0,0.0,0.0,0.0
837,16.158190,14.497832,6.178000,4,0,6000.0000,-1000.0000,90.0000,-16.3468,1,4.0,100.00,0.0,0.0,0.0,0.0
838,13.790515,16.115718,6.199000,4,0,6000.0000,-1000.0000,90.0000,-16.1454,1,4.0,100.00,0.0,0.0,0.0,0.0
839,14.780407,13.785255,6.155000,4,0,6000.0000,-1000.0000,90.0000,-15.9730,1,4.0,100.00,0.0,0.0,0.0,0.0
840,14.854859,14.804929,6.181000,4,0,6000.0000,-1000.0000,90.0000,-15.7880,1,4.0,100.00,0.0,0.0,0.0,0.0
841,16.043047,14.829568,6.272000,4,0,6000.0000,-1000.0000,90.0000,-15.6026,1,4.0,100.00,0.0,0.0,0.0,0.0
842,15.035923,16.052167,6.232000,4,0,6000.0000,-1000.0000,90.0000,-15.4020,1,4.0,100.00,0.0,0.0,0.0,0.0
843,14.471221,15.059984,6.228000,4,0,6000.0000,-1000.0000,90.0000,-15.2137,1,4.0,100.00,0.0,0.0,0.0,0.0
844,14.933612,14.455220,6.300000,4,0,6000.0000,-1000.0000,90.0000,-15.0330,1,4.0,100.00,0.0,0.0,0.0,0.0
845,15.146996,14.912051,6.164000,4,0,6000.0000,-1000.0000,90.0000,-14.8466,1,4.0,100.00,0.0,0.0,0.0,0.0
846,14.746976,15.146676,6.228000,4,0,6000.0000,-1000.0000,90.0000,-14.6573,1,4.0,100.00,0.0,0.0,0.0,0.0
847,15.165747,14.755227,6.268000,4,0,6000.0000,-1000.0000,90.0000,-14.4728,1,4.0,100.00,0.0,0.0,0.0,0.0
848,14.918691,15.171887,6.201000,4,0,6000.0000,-1000.0000,90.0000,-14.2832,1,4.0,100.00,0.0,0.0,0.0,0.0
849,15.261898,14.903531,6.253000,4,0,6000.0000,-1000.0000,90.0000,-14.0969,1,4.0,100.00,0.0,0.0,0.0,0.0
850,14.999983,15.266598,6.227000,4,0,6000.0000,-1000.0000,90.0000,-13.9061,1,4.0,100.00,0.0,0.0,0.0,0.0
851,14.649714,14.998423,6.127000,4,0,6000.0000,-1000.0000,90.0000,-13.7186,1,4.0,100.00,0.0,0.0,0.0,0.0
852,15.175988,14.649505,6.245000,4,0,6000.0000,-1000.0000,90.0000,-13.5355,1,4.0,100.00,0.0,0.0,0.0,0.0
853,14.944341,15.181836,6.275000,4,0,6000.0000,-1000.0000,90.0000,-13.3457,1,4.0,100.00,0.0,0.0,0.0,0.0
854,15.249388,15.169247,6.271000,4,0,6000.0000,-1000.0000,90.0000,-13.1561,1,4.0,100.00,0.0,0.0,0.0,0.0
855,15.570586,15.111425,6.175000,4,0,6000.0000,-1000.0000,90.0000,-12.9672,1,4.0,100.00,0.0,0.0,0.0,0.0
856,16.354794,15.610657,6.224000,4,0,6000.0000,-1000.0000,90.0000,-12.7721,1,4.0,100.00,0.0,0.0,0.0,0.0
857,16.248961,16.323483,6.178000,4,0,6000.0000,-1000.0000,90.0000,-12.5680,1,4.0,100.00,0.0,0.0,0.0,0.0
858,16.344243,16.239860,6.576000,4,0,6000.0000,-1000.0000,90.0000,-12.3650,1,4.0,100.00,0.0,0.0,0.0,0.0
859,15.426053,16.384425,6.283000,4,0,6000.0000,-1000.0000,90.0000,-12.1602,1,4.0,100.00,0.0,0.0,0.0,0.0
860,15.167226,15.454533,6.230000,4,0,6000.0000,-1000.0000,90.0000,-11.9670,1,4.0,100.00,0.0,0.0,0.0,0.0
861,17.411258,15.092735,6.304000,4,0,6000.0000,-1000.0000,90.0000,-11.7784,1,4.0,100.00,0.0,0.0,0.0,0.0
862,16.826254,17.452869,6.284000,4,0,6000.0000,-1000.0000,90.0000,-11.5602,1,4.0,100.00,0.0,0.0,0.0,0.0
863,14.571964,16.840874,6.500000,4,0,6000.0000,-1000.0000,90.0000,-11.3497,1,4.0,100.00,0.0,0.0,0.0,0.0
864,15.144276,14.523082,6.571000,4,0,6000.0000,-1000.0000,90.0000,-11.1682,1,4.0,100.00,0.0,0.0,0.0,0.0
865,16.229480,15.148786,6.541000,4,0,6000.0000,-1000.0000,90.0000,-10.9788,1,4.0,100.00,0.0,0.0,0.0,0.0
866,16.560679,16.192890,6.505000,4,0,6000.0000,-1000.0000,90.0000,-10.7764,1,4.0,100.00,0.0,0.0,0.0,0.0
867,16.653010,16.623240,6.630000,4,0,6000.0000,-1000.0000,90.0000,-10.5686,1,4.0,100.00,0.0,0.0,0.0,0.0
868,16.848865,16.703252,6.545000,4,0,6000.0000,-1000.0000,90.0000,-10.3598,1,4.0,100.00,0.0,0.0,0.0,0.0
869,18.100563,16.839964,6.453000,4,0,6000.0000,-1000.0000,90.0000,-10.1493,1,4.0,100.00,0.0,0.0,0.0,0.0
870,18.302838,18.154736,6.612000,4,0,6000.0000,-1000.0000,90.0000,-9.9224,1,4.0,100.00,0.0,0.0,0.0,0.0
871,17.937870,18.243466,6.604000,4,0,6000.0000,-1000.0000,90.0000,-9.6943,1,4.0,100.00,0.0,0.0,0.0,0.0
872,14.946492,17.846088,6.228000,4,0,6000.0000,-1000.0000,90.0000,-9.4713,1,4.0,100.00,0.0,0.0,0.0,0.0
873,15.498334,14.942151,6.209000,4,0,6000.0000,-1000.0000,90.0000,-9.2845,1,4.0,100.00,0.0,0.0,0.0,0.0
874,15.166767,15.511984,6.178000,4,0,6000.0000,-1000.0000,90.0000,-9.0906,1,4.0,100.00,0.0,0.0,0.0,0.0
875,17.642283,15.314350,6.205000,4,0,6000.0000,-1000.0000,90.0000,-8.8991,1,4.0,100.00,0.0,0.0,0.0,0.0
876,15.352570,17.547421,6.270000,4,0,6000.0000,-1000.0000,90.0000,-8.6798,1,4.0,100.00,0.0,0.0,0.0,0.0
877,14.790718,15.235358,6.260000,4,0,6000.0000,-1000.0000,90.0000,-8.4894,1,4.0,100.00,0.0,0.0,0.0,0.0
878,15.111466,14.770928,6.236000,4,0,6000.0000,-1000.0000,90.0000,-8.3047,1,4.0,100.00,0.0,0.0,0.0,0.0
879,16.090097,15.110215,6.216000,4,0,6000.0000,-1000.0000,90.0000,-8.1158,1,4.0,100.00,0.0,0.0,0.0,0.0
880,14.959192,16.210400,6.216000,4,0,6000.0000,-1000.0000,90.0000,-7.9132,1,4.0,100.00,0.0,0.0,0.0,0.0
881,14.872190,14.876570,6.171000,4,0,6000.0000,-1000.0000,90.0000,-7.7273,1,4.0,100.00,0.0,0.0,0.0,0.0
882,15.173816,14.854530,6.254000,4,0,6000.0000,-1000.0000,90.0000,-7.5416,1,4.0,100.00,0.0,0.0,0.0,0.0
883,15.561935,15.165006,6.464000,4,0,6000.0000,-1000.0000,90.0000,-7.3520,1,4.0,100.00,0.0,0.0,0.0,0.0
884,13.866877,15.569186,6.187000,4,0,6000.0000,-1000.0000,90.0000,-7.1574,1,4.0,100.00,0.0,0.0,0.0,0.0
885,14.446591,14.016010,6.187000,4,0,6000.0000,-1000.0000,90.0000,-6.9822,1,4.0,100.00,0.0,0.0,0.0,0.0
886,13.867877,14.385889,6.156000,4,0,6000.0000,-1000.0000,90.0000,-6.8024,1,4.0,100.00,0.0,0.0,0.0,0.0
887,14.687385,13.884097,6.171000,4,0,6000.0000,-1000.0000,90.0000,-6.6288,1,4.0,100.00,0.0,0.0,0.0,0.0
888,13.940698,14.703596,6.227000,4,0,6000.0000,-1000.0000,90.0000,-6.4450,1,4.0,100.00,0.0,0.0,0.0,0.0
889,13.715504,13.908878,6.364000,4,0,6000.0000,-1000.0000,90.0000,-6.2712,1,4.0,100.00,0.0,0.0,0.0,0.0
890,15.209417,13.737843,6.208000,4,0,6000.0000,-1000.0000,90.0000,-6.0994,1,4.0,100.00,0.0,0.0,0.0,0.0
891,14.788768,15.180157,6.305000,4,0,6000.0000,-1000.0000,90.0000,-5.9097,1,4.0,100.00,0.0,0.0,0.0,0.0
892,15.894404,14.812318,6.308000,4,0,6000.0000,-1000.0000,90.0000,-5.7245,1,4.0,100.00,0.0,0.0,0.0,0.0
893,16.089297,15.919294,6.223000,4,0,6000.0000,-1000.0000,90.0000,-5.5255,1,4.0,100.00,0.0,0.0,0.0,0.0
894,16.553859,15.978515,6.276000,4,0,6000.0000,-1000.0000,90.0000,-5.3258,1,4.0,100.00,0.0,0.0,0.0,0.0
895,14.650304,16.700022,6.260000,4,0,6000.0000,-1000.0000,90.0000,-5.1171,1,4.0,100.00,0.0,0.0,0.0,0.0
896,15.634817,14.586403,6.270000,4,0,6000.0000,-1000.0000,90.0000,-4.9347,1,4.0,100.00,0.0,0.0,0.0,0.0
897,14.739337,15.615967,6.274000,4,0,6000.0000,-1000.0000,90.0000,-4.7395,1,4.0,100.00,0.0,0.0,0.0,0.0
898,14.716506,14.708736,6.163000,4,0,6000.0000,-1000.0000,90.0000,-4.5557,1,4.0,100.00,0.0,0.0,0.0,0.0
899,14.508482,14.724637,6.156000,4,0,6000.0000,-1000.0000,90.0000,-4.3716,1,4.0,100.00,0.0,0.0,0.0,0.0
900,14.452400,14.488720,6.323000,4,0,6000.0000,-1000.0000,90.0000,-4.1905,1,4.0,100.00,0.0,0.0,0.0,0.0
901,14.462990,14.453100,6.189000,4,0,6000.0000,-1000.0000,90.0000,-4.0098,1,4.0,100.00,0.0,0.0,0.0,0.0
902,15.570416,14.473391,6.156000,4,0,6000.0000,-1000.0000,90.0000,-3.8289,1,4.0,100.00,0.0,0.0,0.0,0.0
903,16.589739,15.632418,6.204000,4,0,6000.0000,-1000.0000,90.0000,-3.6335,1,4.0,100.00,0.0,0.0,0.0,0.0
904,15.968475,16.526297,6.256000,4,0,6000.0000,-1000.0000,90.0000,-3.4269,1,4.0,100.00,0.0,0.0,0.0,0.0
905,14.773498,15.966855,6.414000,4,0,6000.0000,-1000.0000,90.0000,-3.2274,1,4.0,100.00,0.0,0.0,0.0,0.0
906,15.080674,14.749897,6.169000,4,0,6000.0000,-1000.0000,90.0000,-3.0430,1,4.0,100.00,0.0,0.0,0.0,0.0
907,15.370111,15.135806,6.305000,4,0,6000.0000,-1000.0000,90.0000,-2.8538,1,4.0,100.00,0.0,0.0,0.0,0.0
908,16.492296,15.357900,6.292000,4,0,6000.0000,-1000.0000,90.0000,-2.6618,1,4.0,100.00,0.0,0.0,0.0,0.0
909,16.164520,16.466727,6.199000,4,0,6000.0000,-1000.0000,90.0000,-2.4560,1,4.0,100.00,0.0,0.0,0.0,0.0
910,14.987943,16.215500,6.239000,4,0,6000.0000,-1000.0000,90.0000,-2.2533,1,4.0,100.00,0.0,0.0,0.0,0.0
911,14.584692,14.983623,6.200000,4,0,6000.0000,-1000.0000,90.0000,-2.0660,1,4.0,100.00,0.0,0.0,0.0,0.0
912,15.530036,14.586202,6.182000,4,0,6000.0000,-1000.0000,90.0000,-1.8837,1,4.0,100.00,0.0,0.0,0.0,0.0
913,16.137618,15.528755,6.265000,4,0,6000.0000,-1000.0000,90.0000,-1.6896,1,4.0,100.00,0.0,0.0,0.0,0.0
914,15.377941,16.175470,6.250000,4,0,6000.0000,-1000.0000,90.0000,-1.4874,1,4.0,100.00,0.0,0.0,0.0,0.0
915,15.677329,15.343300,6.179000,4,0,6000.0000,-1000.0000,90.0000,-1.2956,1,4.0,100.00,0.0,0.0,0.0,0.0
916,15.594355,15.711449,6.519000,4,0,6000.0000,-1000.0000,90.0000,-1.0992,1,4.0,100.00,0.0,0.0,0.0,0.0
917,14.772518,15.563866,6.223000,4,0,6000.0000,-1000.0000,90.0000,-0.9046,1,4.0,100.00,0.0,0.0,0.0,0.0
918,14.874520,14.788368,6.237000,4,0,6000.0000,-1000.0000,90.0000,-0.7198,1,4.0,100.00,0.0,0.0,0.0,0.0
919,15.384871,14.870259,6.517000,4,0,6000.0000,-1000.0000,90.0000,-0.5339,1,4.0,100.00,0.0,0.0,0.0,0.0
920,16.563449,15.395012,6.203000,4,0,6000.0000,-1000.0000,90.0000,-0.3415,1,4.0,100.00,0.0,0.0,0.0,0.0
921,15.844692,16.604899,6.139000,4,0,6000.0000,-1000.0000,90.0000,-0.1339,1,4.0,100.00,0.0,0.0,0.0,0.0
922,16.195630,15.827352,6.346000,4,0,6000.0000,-1000.0000,90.0000,0.0639,1,4.0,100.00,0.0,0.0,0.0,0.0
923,15.569636,16.164809,6.597000,4,0,6000.0000,-1000.0000,90.0000,0.2660,1,4.0,100.00,0.0,0.0,0.0,0.0
924,17.887888,15.725560,6.607000,4,0,6000.0000,-1000.0000,90.0000,0.4626,1,4.0,100.00,0.0,0.0,0.0,0.0
925,16.487357,17.649553,6.645000,4,0,6000.0000,-1000.0000,90.0000,0.6832,1,4.0,100.00,0.0,0.0,0.0,0.0
926,15.245418,16.475146,6.645000,4,0,6000.0000,-1000.0000,90.0000,0.8891,1,4.0,100.00,0.0,0.0,0.0,0.0
927,16.690562,15.215868,6.557000,4,0,6000.0000,-1000.0000,90.0000,1.0793,1,4.0,100.00,0.0,0.0,0.0,0.0
928,17.352886,16.815194,6.578000,4,0,6000.0000,-1000.0000,90.0000,1.2895,1,4.0,100.00,0.0,0.0,0.0,0.0
929,16.950607,17.304596,6.507000,4,0,6000.0000,-1000.0000,90.0000,1.5058,1,4.0,100.00,0.0,0.0,0.0,0.0
930,17.351797,16.957806,6.612000,4,0,6000.0000,-1000.0000,90.0000,1.7178,1,4.0,100.00,0.0,0.0,0.0,0.0
931,17.314325,17.345327,6.287000,4,0,6000.0000,-1000.0000,90.0000,1.9346,1,4.0,100.00,0.0,0.0,0.0,0.0
932,16.677402,17.328856,6.397000,4,0,6000.0000,-1000.0000,90.0000,2.1512,1,4.0,100.00,0.0,0.0,0.0,0.0
933,16.812153,16.688772,6.180000,4,0,6000.0000,-1000.0000,90.0000,2.3598,1,4.0,100.00,0.0,0.0,0.0,0.0
934,16.687782,16.794223,6.257000,4,0,6000.0000,-1000.0000,90.0000,2.5698,1,4.0,100.00,0.0,0.0,0.0,0.0
935,15.259138,16.683711,6.282000,4,0,6000.0000,-1000.0000,90.0000,2.7783,1,4.0,100.00,0.0,0.0,0.0,0.0
936,16.037626,15.312920,6.284000,4,0,6000.0000,-1000.0000,90.0000,2.9697,1,4.0,100.00,0.0,0.0,0.0,0.0
937,16.298753,16.024937,6.312000,4,0,6000.0000,-1000.0000,90.0000,3.1700,1,4.0,100.00,0.0,0.0,0.0,0.0
938,17.213443,16.302762,6.332000,4,0,6000.0000,-1000.0000,90.0000,3.3738,1,4.0,100.00,0.0,0.0,0.0,0.0
939,15.734730,17.196892,6.400000,4,0,6000.0000,-1000.0000,90.0000,3.5888,1,4.0,100.00,0.0,0.0,0.0,0.0
940,17.299595,15.703440,6.214000,4,0,6000.0000,-1000.0000,90.0000,3.7851,1,4.0,100.00,0.0,0.0,0.0,0.0
941,17.292085,17.321935,6.103000,4,0,6000.0000,-1000.0000,90.0000,4.0016,1,4.0,100.00,0.0,0.0,0.0,0.0
942,15.962075,17.258524,6.316000,4,0,6000.0000,-1000.0000,90.0000,4.2173,1,4.0,100.00,0.0,0.0,0.0,0.0
943,15.995865,16.015996,6.347000,4,0,6000.0000,-1000.0000,90.0000,4.4175,1,4.0,100.00,0.0,0.0,0.0,0.0
944,15.193087,15.931664,6.502000,4,0,6000.0000,-1000.0000,90.0000,4.6167,1,4.0,100.00,0.0,0.0,0.0,0.0
945,15.320991,15.192327,6.186000,4,0,6000.0000,-1000.0000,90.0000,4.8066,1,4.0,100.00,0.0,0.0,0.0,0.0
946,17.904278,15.384802,6.305000,4,0,6000.0000,-1000.0000,90.0000,4.9989,1,4.0,100.00,0.0,0.0,0.0,0.0
947,15.268519,17.803237,6.301000,4,0,6000.0000,-1000.0000,90.0000,5.2214,1,4.0,100.00,0.0,0.0,0.0,0.0
948,16.913617,15.476753,6.386000,4,0,6000.0000,-1000.0000,90.0000,5.4149,1,4.0,100.00,0.0,0.0,0.0,0.0
949,17.058390,16.793024,6.303000,4,0,6000.0000,-1000.0000,90.0000,5.6248,1,4.0,100.00,0.0,0.0,0.0,0.0
950,15.468353,17.136061,6.202000,4,0,6000.0000,-1000.0000,90.0000,5.8390,1,4.0,100.00,0.0,0.0,0.0,0.0
951,15.620317,15.299769,6.210000,4,0,6000.0000,-1000.0000,90.0000,6.0302,1,4.0,100.00,0.0,0.0,0.0,0.0
952,14.806438,15.655048,6.324000,4,0,6000.0000,-1000.0000,90.0000,6.2259,1,4.0,100.00,0.0,0.0,0.0,0.0
953,16.462326,14.826799,6.228000,4,0,6000.0000,-1000.0000,90.0000,6.4113,1,4.0,100.00,0.0,0.0,0.0,0.0
954,15.350090,16.403945,6.402000,4,0,6000.0000,-1000.0000,90.0000,6.6163,1,4.0,100.00,0.0,0.0,0.0,0.0
955,17.196844,15.348081,6.133000,4,0,6000.0000,-1000.0000,90.0000,6.8082,1,4.0,100.00,0.0,0.0,0.0,0.0
956,15.092445,17.266694,6.296000,4,0,6000.0000,-1000.0000,90.0000,7.0240,1,4.0,100.00,0.0,0.0,0.0,0.0
957,15.335720,15.071754,6.213000,4,0,6000.0000,-1000.0000,90.0000,7.2124,1,4.0,100.00,0.0,0.0,0.0,0.0
958,14.672815,15.285829,6.262000,4,0,6000.0000,-1000.0000,90.0000,7.4035,1,4.0,100.00,0.0,0.0,0.0,0.0
959,15.836181,14.754668,6.318000,4,0,6000.0000,-1000.0000,90.0000,7.5879,1,4.0,100.00,0.0,0.0,0.0,0.0
960,16.258342,15.766420,6.339000,4,0,6000.0000,-1000.0000,90.0000,7.7850,1,4.0,100.00,0.0,0.0,0.0,0.0
961,16.227271,16.836845,6.244000,4,0,6000.0000,-1000.0000,90.0000,7.9955,1,4.0,100.00,0.0,0.0,0.0,0.0
962,15.606537,15.723118,6.209000,4,0,6000.0000,-1000.0000,90.0000,8.1920,1,4.0,100.00,0.0,0.0,0.0,0.0
963,14.826308,15.611837,6.354000,4,0,6000.0000,-1000.0000,90.0000,8.3871,1,4.0,100.00,0.0,0.0,0.0,0.0
964,14.961071,14.767198,6.310000,4,0,6000.0000,-1000.0000,90.0000,8.5717,1,4.0,100.00,0.0,0.0,0.0,0.0
965,15.490275,15.032163,6.234000,4,0,6000.0000,-1000.0000,90.0000,8.7596,1,4.0,100.00,0.0,0.0,0.0,0.0
966,16.004665,15.407762,6.219000,4,0,6000.0000,-1000.0000,90.0000,8.9522,1,4.0,100.00,0.0,0.0,0.0,0.0
967,17.491060,16.016916,6.200000,4,0,6000.0000,-1000.0000,90.0000,9.1524,1,4.0,100.00,0.0,0.0,0.0,0.0
968,17.255715,17.461328,6.196000,4,0,6000.0000,-1000.0000,90.0000,9.3707,1,4.0,100.00,0.0,0.0,0.0,0.0
969,17.125891,17.322797,6.187000,4,0,6000.0000,-1000.0000,90.0000,9.5872,1,4.0,100.00,0.0,0.0,0.0,0.0
970,17.285254,17.176922,6.447000,4,0,6000.0000,-1000.0000,90.0000,9.8020,1,4.0,100.00,0.0,0.0,0.0,0.0
971,13.294234,17.200783,6.353000,4,0,6000.0000,-1000.0000,90.0000,10.0170,1,4.0,100.00,0.0,0.0,0.0,0.0
972,13.032887,13.266713,6.360000,4,0,6000.0000,-1000.0000,90.0000,10.1828,1,4.0,100.00,0.0,0.0,0.0,0.0
973,13.422748,13.293004,6.379000,4,0,6000.0000,-1000.0000,90.0000,10.3490,1,4.0,100.00,0.0,0.0,0.0,0.0
974,12.854852,13.294623,6.234000,4,0,6000.0000,-1000.0000,90.0000,10.5151,1,4.0,100.00,0.0,0.0,0.0,0.0
975,12.522207,12.810963,6.311000,4,0,6000.0000,-1000.0000,90.0000,10.6753,1,4.0,100.00,0.0,0.0,0.0,0.0
976,12.158288,12.472565,6.218000,4,0,6000.0000,-1000.0000,90.0000,10.8312,1,4.0,100.00,0.0,0.0,0.0,0.0
977,13.750564,12.161818,6.349000,4,0,6000.0000,-1000.0000,90.0000,10.9832,1,4.0,100.00,0.0,0.0,0.0,0.0
978,12.381052,13.741114,6.246000,4,0,6000.0000,-1000.0000,90.0000,11.1550,1,4.0,100.00,0.0,0.0,0.0,0.0
979,11.645157,12.384343,6.233000,4,0,6000.0000,-1000.0000,90.0000,11.3098,1,4.0,100.00,0.0,0.0,0.0,0.0
980,15.147616,11.578664,6.201000,4,0,6000.0000,-1000.0000,90.0000,11.4545,1,4.0,100.00,0.0,0.0,0.0,0.0
981,15.179786,15.157256,6.481000,4,0,6000.0000,-1000.0000,90.0000,11.6440,1,4.0,100.00,0.0,0.0,0.0,0.0
982,14.914131,15.184147,6.342000,4,0,6000.0000,-1000.0000,90.0000,11.8338,1,4.0,100.00,0.0,0.0,0.0,0.0
983,12.758902,15.008613,6.399000,4,0,6000.0000,-1000.0000,90.0000,12.0214,1,4.0,100.00,0.0,0.0,0.0,0.0
984,12.730501,12.744081,6.275000,4,0,6000.0000,-1000.0000,90.0000,12.1807,1,4.0,100.00,0.0,0.0,0.0,0.0
985,13.815145,12.780082,6.293000,4,0,6000.0000,-1000.0000,90.0000,12.3404,1,4.0,100.00,0.0,0.0,0.0,0.0
986,13.758144,13.766275,6.248000,4,0,6000.0000,-1000.0000,90.0000,12.5125,1,4.0,100.00,0.0,0.0,0.0,0.0
987,14.347519,13.727713,6.248000,4,0,6000.0000,-1000.0000,90.0000,12.6841,1,4.0,100.00,0.0,0.0,0.0,0.0
988,14.217854,14.385959,6.683000,4,0,6000.0000,-1000.0000,90.0000,12.8639,1,4.0,100.00,0.0,0.0,0.0,0.0
989,13.325605,14.154914,6.610000,4,0,6000.0000,-1000.0000,90.0000,13.0409,1,4.0,100.00,0.0,0.0,0.0,0.0
990,13.399855,13.307033,6.723000,4,0,6000.0000,-1000.0000,90.0000,13.2072,1,4.0,100.00,0.0,0.0,0.0,0.0
991,13.616522,13.439218,6.582000,4,0,6000.0000,-1000.0000,90.0000,13.3752,1,4.0,100.00,0.0,0.0,0.0,0.0
992,14.014250,13.577859,6.624000,4,0,6000.0000,-1000.0000,90.0000,13.5449,1,4.0,100.00,0.0,0.0,0.0,0.0
993,13.937328,14.043061,6.637000,4,0,6000.0000,-1000.0000,90.0000,13.7205,1,4.0,100.00,0.0,0.0,0.0,0.0
994,13.658603,13.940429,6.601000,4,0,6000.0000,-1000.0000,90.0000,13.8947,1,4.0,100.00,0.0,0.0,0.0,0.0
995,13.628300,13.629452,6.598000,4,0,6000.0000,-1000.0000,90.0000,14.0651,1,4.0,100.00,0.0,0.0,0.0,0.0
996,14.274967,13.619671,6.342000,4,0,6000.0000,-1000.0000,90.0000,14.2353,1,4.0,100.00,0.0,0.0,0.0,0.0
997,14.358758,14.298856,6.269000,4,0,6000.0000,-1000.0000,90.0000,14.4141,1,4.0,100.00,0.0,0.0,0.0,0.0
998,13.811826,14.336588,6.287000,4,0,6000.0000,-1000.0000,90.0000,14.5933,1,4.0,100.00,0.0,0.0,0.0,0.0
999,13.334694,13.909968,6.227000,4,0,6000.0000,-1000.0000,90.0000,14.7671,1,4.0,100.00,0.0,0.0,0.0,0.0
1000,15.948294,13.234642,6.264000,4,0,6000.0000,-1000.0000,90.0000,14.9326,1,4.0,100.00,0.0,0.0,0.0,0.0
1001,14.156944,15.954044,6.494000,4,0,6000.0000,-1000.0000,90.0000,15.1320,1,4.0,100.00,0.0,0.0,0.0,0.0
1002,13.417977,14.149573,6.342000,4,0,6000.0000,-1000.0000,90.0000,15.3089,1,4.0,100.00,0.0,0.0,0.0,0.0
1003,14.761016,13.413257,6.154000,4,0,6000.0000,-1000.0000,90.0000,15.4765,1,4.0,100.00,0.0,0.0,0.0,0.0
1004,13.417637,14.786518,6.296000,4,0,6000.0000,-1000.0000,90.0000,15.6614,1,4.0,100.00,0.0,0.0,0.0,0.0
1005,14.071162,13.387356,6.236000,4,0,6000.0000,-1000.0000,90.0000,15.8287,1,4.0,100.00,0.0,0.0,0.0,0.0
1006,13.092919,14.107532,6.400000,4,0,6000.0000,-1000.0000,90.0000,16.0051,1,4.0,100.00,0.0,0.0,0.0,0.0
1007,13.978099,13.059808,6.234000,4,0,6000.0000,-1000.0000,90.0000,16.1683,1,4.0,100.00,0.0,0.0,0.0,0.0
1008,12.217049,13.989410,6.323000,4,0,6000.0000,-1000.0000,90.0000,16.3432,1,4.0,100.00,0.0,0.0,0.0,0.0
1009,15.610147,12.214629,6.374000,4,0,6000.0000,-1000.0000,90.0000,16.4959,1,4.0,100.00,0.0,0.0,0.0,0.0
1010,14.735266,15.611257,6.300000,4,0,6000.0000,-1000.0000,90.0000,16.6910,1,4.0,100.00,0.0,0.0,0.0,0.0
1011,14.686326,14.832609,6.221000,4,0,6000.0000,-1000.0000,90.0000,16.8764,1,4.0,100.00,0.0,0.0,0.0,0.0
1012,14.697136,14.585932,6.372000,4,0,6000.0000,-1000.0000,90.0000,17.0587,1,4.0,100.00,0.0,0.0,0.0,0.0
1013,14.799678,14.751708,6.270000,4,0,6000.0000,-1000.0000,90.0000,17.2431,1,4.0,100.00,0.0,0.0,0.0,0.0
1014,14.512141,14.749217,6.267000,4,0,6000.0000,-1000.0000,90.0000,17.4275,1,4.0,100.00,0.0,0.0,0.0,0.0
1015,15.012283,14.629123,6.275000,4,0,6000.0000,-1000.0000,90.0000,17.6104,1,4.0,100.00,0.0,0.0,0.0,0.0
1016,13.977169,14.977993,6.281000,4,0,6000.0000,-1000.0000,90.0000,17.7976,1,4.0,100.00,0.0,0.0,0.0,0.0
1017,15.913774,13.980949,6.444000,4,0,6000.0000,-1000.0000,90.0000,17.9723,1,4.0,100.00,0.0,0.0,0.0,0.0
1018,13.269263,15.984525,6.444000,4,0,6000.0000,-1000.0000,90.0000,18.1721,1,4.0,100.00,0.0,0.0,0.0,0.0
1019,14.154963,13.256704,6.212000,4,0,6000.0000,-1000.0000,90.0000,18.3379,1,4.0,100.00,0.0,0.0,0.0,0.0
1020,16.052787,14.054871,6.243000,4,0,6000.0000,-1000.0000,90.0000,18.5135,1,4.0,100.00,0.0,0.0,0.0,0.0
1021,17.313646,16.022586,6.222000,4,0,6000.0000,-1000.0000,90.0000,18.7138,1,4.0,100.00,0.0,0.0,0.0,0.0
1022,14.972392,17.315475,6.255000,4,0,6000.0000,-1000.0000,90.0000,18.9303,1,4.0,100.00,0.0,0.0,0.0,0.0
1023,15.300059,14.908001,6.280000,4,0,6000.0000,-1000.0000,90.0000,19.1166,1,4.0,100.00,0.0,0.0,0.0,0.0
1024,15.082215,15.328180,6.242000,4,0,6000.0000,-1000.0000,90.0000,19.3082,1,4.0,100.00,0.0,0.0,0.0,0.0
1025,15.306479,15.052424,6.310000,4,0,6000.0000,-1000.0000,90.0000,19.4964,1,4.0,100.00,0.0,0.0,0.0,0.0
1026,15.036014,15.280219,6.305000,4,0,6000.0000,-1000.0000,90.0000,19.6874,1,4.0,100.00,0.0,0.0,0.0,0.0
1027,14.797118,15.319320,6.164000,4,0,6000.0000,-1000.0000,90.0000,19.8789,1,4.0,100.00,0.0,0.0,0.0,0.0
1028,14.776668,14.807718,6.494000,4,0,6000.0000,-1000.0000,90.0000,20.0640,1,4.0,100.00,0.0,0.0,0.0,0.0
1029,15.967665,14.792888,6.234000,4,0,6000.0000,-1000.0000,90.0000,20.2489,1,4.0,100.00,0.0,0.0,0.0,0.0
1030,15.207207,15.856222,6.297000,4,0,6000.0000,-1000.0000,90.0000,20.4471,1,4.0,100.00,0.0,0.0,0.0,0.0
1031,15.409082,15.159176,6.523000,4,0,6000.0000,-1000.0000,90.0000,20.6366,1,4.0,100.00,0.0,0.0,0.0,0.0
1032,15.869132,15.506005,6.275000,4,0,6000.0000,-1000.0000,90.0000,20.8304,1,4.0,100.00,0.0,0.0,0.0,0.0
1033,15.927784,15.859642,6.154000,4,0,6000.0000,-1000.0000,90.0000,21.0286,1,4.0,100.00,0.0,0.0,0.0,0.0
1034,14.957792,16.036187,6.281000,4,0,6000.0000,-1000.0000,90.0000,21.2291,1,4.0,100.00,0.0,0.0,0.0,0.0
1035,15.054924,14.821578,6.260000,4,0,6000.0000,-1000.0000,90.0000,21.4144,1,4.0,100.00,0.0,0.0,0.0,0.0
1036,15.577706,15.558675,6.271000,4,0,6000.0000,-1000.0000,90.0000,21.6088,1,4.0,100.00,0.0,0.0,0.0,0.0
1037,15.244788,15.253118,6.291000,4,0,6000.0000,-1000.0000,90.0000,21.7995,1,4.0,100.00,0.0,0.0,0.0,0.0
1038,14.474241,15.103666,6.481000,4,0,6000.0000,-1000.0000,90.0000,21.9883,1,4.0,100.00,0.0,0.0,0.0,0.0
1039,14.643614,14.349068,6.304000,4,0,6000.0000,-1000.0000,90.0000,22.1677,1,4.0,100.00,0.0,0.0,0.0,0.0
1040,14.023550,14.688446,6.285000,4,0,6000.0000,-1000.0000,90.0000,22.3513,1,4.0,100.00,0.0,0.0,0.0,0.0
1041,16.131759,14.098232,6.210000,4,0,6000.0000,-1000.0000,90.0000,22.5275,1,4.0,100.00,0.0,0.0,0.0,0.0
1042,16.791854,16.039356,6.440000,4,0,6000.0000,-1000.0000,90.0000,22.7280,1,4.0,100.00,0.0,0.0,0.0,0.0
1043,14.871259,16.815863,6.214000,4,0,6000.0000,-1000.0000,90.0000,22.9382,1,4.0,100.00,0.0,0.0,0.0,0.0
1044,13.791186,14.872920,6.339000,4,0,6000.0000,-1000.0000,90.0000,23.1241,1,4.0,100.00,0.0,0.0,0.0,0.0
1045,14.269295,13.715854,6.244000,4,0,6000.0000,-1000.0000,90.0000,23.2956,1,4.0,100.00,0.0,0.0,0.0,0.0
1046,14.156164,14.326487,6.259000,4,0,6000.0000,-1000.0000,90.0000,23.4746,1,4.0,100.00,0.0,0.0,0.0,0.0
1047,14.236595,14.127934,6.669000,4,0,6000.0000,-1000.0000,90.0000,23.6512,1,4.0,100.00,0.0,0.0,0.0,0.0
1048,14.592713,14.233244,6.229000,4,0,6000.0000,-1000.0000,90.0000,23.8291,1,4.0,100.00,0.0,0.0,0.0,0.0
1049,14.871810,14.754937,6.309000,4,0,6000.0000,-1000.0000,90.0000,24.0136,1,4.0,100.00,0.0,0.0,0.0,0.0
1050,15.292229,14.760907,6.248000,4,0,6000.0000,-1000.0000,90.0000,24.1981,1,4.0,100.00,0.0,0.0,0.0,0.0
1051,17.396248,15.329071,6.332000,4,0,6000.0000,-1000.0000,90.0000,24.3897,1,4.0,100.00,0.0,0.0,0.0,0.0
1052,14.627154,17.405527,6.189000,4,0,6000.0000,-1000.0000,90.0000,24.6073,1,4.0,100.00,0.0,0.0,0.0,0.0
1053,16.789344,14.562053,6.193000,4,0,6000.0000,-1000.0000,90.0000,24.7893,1,4.0,100.00,0.0,0.0,0.0,0.0
1054,15.650438,16.786863,6.555000,4,0,6000.0000,-1000.0000,90.0000,24.9991,1,4.0,100.00,0.0,0.0,0.0,0.0
1055,15.962714,15.594577,6.651000,5,0,6000.0000,-1000.0000,90.0000,-25.0000,1,4.0,100.00,0.0,0.0,0.0,0.0
1056,15.075835,15.979495,6.602000,5,0,6000.0000,-1000.0000,90.0000,-25.0000,1,4.0,100.00,0.0,0.0,0.0,0.0
1057,15.623226,15.082594,6.208000,5,0,6000.0000,-1000.0000,90.0000,-25.0000,1,4.0,100.00,0.0,0.0,0.0,0.0
1058,15.369112,15.650378,6.343000,5,0,6000.0000,-1000.0000,90.0000,-25.0000,1,4.0,100.00,0.0,0.0,0.0,0.0
1059,17.047749,15.328110,6.847000,5,0,6000.0000,-1000.0000,90.0000,-25.0000,1,4.0,100.00,0.0,0.0,0.0,0.0
1060,17.128731,17.131451,7.090000,5,0,6000.0000,-1000.0000,90.0000,-25.0000,1,4.0,100.00,0.0,0.0,0.0,0.0
1061,18.203406,17.053440,6.455000,5,0,6000.0000,-1000.0000,90.0000,-25.0000,1,4.0,100.00,0.0,0.0,0.0,0.0
1062,16.916196,18.275727,6.455000,5,0,6000.0000,-1000.0000,90.0000,-25.0000,1,4.0,100.00,0.0,0.0,0.0,0.0
1063,17.381677,16.961858,6.420000,5,0,6000.0000,-1000.0000,90.0000,-25.0000,1,4.0,100.00,0.0,0.0,0.0,0.0
1064,18.092103,17.234824,6.237000,5,0,6000.0000,-1000.0000,90.0000,-25.0000,1,4.0,100.00,0.0,0.0,0.0,0.0
1065,16.490258,18.085673,6.149000,5,0,6000.0000,-1000.0000,90.0000,-25.0000,1,4.0,100.00,0.0,0.0,0.0,0.0
1066,16.049756,16.490446,6.168000,5,0,6000.0000,-1000.0000,90.0000,-25.0000,1,4.0,100.00,0.0,0.0,0.0,0.0
1067,16.059747,16.047137,6.191000,5,0,6000.0000,-1000.0000,90.0000,-25.0000,1,4.0,100.00,0.0,0.0,0.0,0.0
1068,15.200477,16.093257,6.127000,5,0,6000.0000,-1000.0000,90.0000,-25.0000,1,4.0,100.00,0.0,0.0,0.0,0.0
1069,16.006066,15.169987,6.138000,5,0,6000.0000,-1000.0000,90.0000,-25.0000,1,4.0,100.00,0.0,0.0,0.0,0.0
1070,17.127001,16.008626,6.182000,5,0,6000.0000,-1000.0000,90.0000,-25.0000,1,4.0,100.00,0.0,0.0,0.0,0.0
1071,17.375787,17.132922,6.083000,5,0,6000.0000,-1000.0000,90.0000,-25.0000,1,4.0,100.00,0.0,0.0,0.0,0.0
1072,18.371720,17.387047,6.125000,5,0,6000.0000,-1000.0000,90.0000,-25.0000,1,4.0,100.00,0.0,0.0,0.0,0.0
1073,16.086567,18.606475,6.229000,5,0,6000.0000,-1000.0000,90.0000,-25.0000,1,4.0,100.00,0.0,0.0,0.0,0.0
1074,15.918004,15.871742,6.075000,5,0,6000.0000,-1000.0000,90.0000,-25.0000,1,4.0,100.00,0.0,0.0,0.0,0.0
1075,14.945621,16.028666,6.168000,5,0,6000.0000,-1000.0000,90.0000,-25.0000,1,4.0,100.00,0.0,0.0,0.0,0.0
1076,14.564243,14.840659,6.086000,5,0,6000.0000,-1000.0000,90.0000,-25.0000,1,4.0,100.00,0.0,0.0,0.0,0.0
1077,16.240691,14.536443,6.138000,5,0,6000.0000,-1000.0000,90.0000,-25.0000,1,4.0,100.00,0.0,0.0,0.0,0.0
1078,16.317203,16.225250,6.053000,5,0,6000.0000,-1000.0000,90.0000,-25.0000,1,4.0,100.00,0.0,0.0,0.0,0.0
1079,15.812821,16.348663,6.125000,5,0,6000.0000,-1000.0000,90.0000,-25.0000,1,4.0,100.00,0.0,0.0,0.0,0.0
1080,15.755280,15.834982,6.141000,5,0,6000.0000,-1000.0000,90.0000,-25.0000,1,4.0,100.00,0.0,0.0,0.0,0.0
1081,15.776530,15.842622,6.184000,5,0,6000.0000,-1000.0000,90.0000,-25.0000,1,4.0,100.00,0.0,0.0,0.0,0.0
1082,15.589187,15.679649,6.181000,5,0,6000.0000,-1000.0000,90.0000,-25.0000,1,4.0,100.00,0.0,0.0,0.0,0.0
1083,16.713402,15.679227,6.128000,5,0,6000.0000,-1000.0000,90.0000,-25.0000,1,4.0,100.00,0.0,0.0,0.0,0.0
1084,15.257288,16.602120,6.124000,5,0,6000.0000,-1000.0000,90.0000,-25.0000,1,4.0,100.00,0.0,0.0,0.0,0.0
1085,16.756643,15.433482,6.108000,5,0,6000.0000,-1000.0000,90.0000,-25.0000,1,4.0,100.00,0.0,0.0,0.0,0.0
1086,15.501104,16.623900,6.200000,5,0,6000.0000,-1000.0000,90.0000,-25.0000,1,4.0,100.00,0.0,0.0,0.0,0.0
1087,16.308282,15.500524,6.106000,5,0,6000.0000,-1000.0000,90.0000,-25.0000,1,4.0,100.00,0.0,0.0,0.0,0.0
1088,15.427963,16.544758,6.116000,5,0,6000.0000,-1000.0000,90.0000,-25.0000,1,4.0,100.00,0.0,0.0,0.0,0.0
1089,16.998978,15.294829,6.101000,5,0,6000.0000,-1000.0000,90.0000,-25.0000,1,4.0,100.00,0.0,0.0,0.0,0.0
1090,16.291042,16.865806,6.116000,5,0,6000.0000,-1000.0000,90.0000,-25.0000,1,4.0,100.00,0.0,0.0,0.0,0.0
1091,15.079034,16.245421,6.094000,5,0,6000.0000,-1000.0000,90.0000,-25.0000,1,4.0,100.00,0.0,0.0,0.0,0.0
1092,20.862897,15.874772,6.018000,5,0,6000.0000,-1000.0000,90.0000,-25.0000,1,4.0,100.00,0.0,0.0,0.0,0.0
1093,14.147353,20.073629,6.018000,5,0,6000.0000,-1000.0000,90.0000,-25.0000,1,4.0,100.00,0.0,0.0,0.0,0.0
1094,15.145676,14.100692,6.130000,5,0,6000.0000,-1000.0000,90.0000,-25.0000,1,4.0,100.00,0.0,0.0,0.0,0.0
1095,15.760980,15.264879,6.152000,5,0,6000.0000,-1000.0000,90.0000,-25.0000,1,4.0,100.00,0.0,0.0,0.0,0.0
1096,16.146409,15.689688,6.113000,5,0,6000.0000,-1000.0000,90.0000,-25.0000,1,4.0,100.00,0.0,0.0,0.0,0.0
1097,16.585229,16.161170,6.227000,5,0,6000.0000,-1000.0000,90.0000,-25.0000,1,4.0,100.00,0.0,0.0,0.0,0.0
1098,16.999199,16.612759,6.123000,5,0,6000.0000,-1000.0000,90.0000,-25.0000,1,4.0,100.00,0.0,0.0,0.0,0.0
1099,15.755710,17.068020,6.135000,5,0,6000.0000,-1000.0000,90.0000,-25.0000,1,4.0,100.00,0.0,0.0,0.0,0.0
1100,15.759909,15.756570,6.118000,5,0,6000.0000,-1000.0000,90.0000,-25.0000,1,4.0,100.00,0.0,0.0,0.0,0.0
1101,15.030523,15.641638,6.200000,5,0,6000.0000,-1000.0000,90.0000,-25.0000,1,4.0,100.00,0.0,0.0,0.0,0.0
1102,15.881973,15.153286,6.182000,5,0,6000.0000,-1000.0000,90.0000,-25.0000,1,4.0,100.00,0.0,0.0,0.0,0.0
1103,15.268350,15.851792,6.226000,5,0,6000.0000,-1000.0000,90.0000,-25.0000,1,4.0,100.00,0.0,0.0,0.0,0.0
1104,16.305102,15.226758,6.133000,5,0,6000.0000,-1000.0000,90.0000,-25.0000,1,4.0,100.00,0.0,0.0,0.0,0.0
1105,18.883271,16.359323,6.442000,5,0,6000.0000,-1000.0000,90.0000,-25.0000,1,4.0,100.00,0.0,0.0,0.0,0.0
1106,15.804532,18.993224,6.455000,5,0,6000.0000,-1000.0000,90.0000,-25.0000,1,4.0,100.00,0.0,0.0,0.0,0.0
1107,15.383221,15.619437,6.522000,5,0,6000.0000,-1000.0000,90.0000,-25.0000,1,4.0,100.00,0.0,0.0,0.0,0.0
1108,16.707102,15.403012,6.522000,5,0,6000.0000,-1000.0000,90.0000,-25.0000,1,4.0,100.00,0.0,0.0,0.0,0.0
1109,17.755475,16.694781,6.412000,5,0,6000.0000,-1000.0000,90.0000,-25.0000,1,4.0,100.00,0.0,0.0,0.0,0.0
1110,18.988743,17.769836,5.989000,5,0,6000.0000,-1000.0000,90.0000,-25.0000,1,4.0,100.00,0.0,0.0,0.0,0.0
1111,16.526458,18.970274,6.427000,5,0,6000.0000,-1000.0000,90.0000,-25.0000,1,4.0,100.00,0.0,0.0,0.0,0.0
1112,15.029384,16.557638,6.160000,5,0,6000.0000,-1000.0000,90.0000,-25.0000,1,4.0,100.00,0.0,0.0,0.0,0.0
1113,18.875371,15.097644,6.144000,5,0,6000.0000,-1000.0000,90.0000,-25.0000,1,4.0,100.00,0.0,0.0,0.0,0.0
1114,15.847892,18.962203,6.451000,5,0,6000.0000,-1000.0000,90.0000,-25.0000,1,4.0,100.00,0.0,0.0,0.0,0.0
1115,15.388241,15.677469,6.436000,5,0,6000.0000,-1000.0000,90.0000,-25.0000,1,4.0,100.00,0.0,0.0,0.0,0.0
1116,15.510334,15.419022,6.158000,5,0,6000.0000,-1000.0000,90.0000,-25.0000,1,4.0,100.00,0.0,0.0,0.0,0.0
1117,15.168127,15.559056,6.468000,5,0,6000.0000,-1000.0000,90.0000,-25.0000,1,4.0,100.00,0.0,0.0,0.0,0.0
1118,15.105095,15.173026,6.030000,5,0,6000.0000,-1000.0000,90.0000,-25.0000,1,4.0,100.00,0.0,0.0,0.0,0.0
1119,16.310573,15.091535,6.175000,5,0,6000.0000,-1000.0000,90.0000,-25.0000,1,4.0,100.00,0.0,0.0,0.0,0.0
1120,16.141868,16.289202,6.387000,5,0,6000.0000,-1000.0000,90.0000,-25.0000,1,4.0,100.00,0.0,0.0,0.0,0.0
1121,16.184660,16.096807,6.419000,5,0,6000.0000,-1000.0000,90.0000,-25.0000,1,4.0,100.00,0.0,0.0,0.0,0.0
1122,15.540995,16.154420,6.449000,5,0,6000.0000,-1000.0000,90.0000,-25.0000,1,4.0,100.00,0.0,0.0,0.0,0.0
1123,15.630457,15.525624,6.256000,5,0,6000.0000,-1000.0000,90.0000,-25.0000,1,4.0,100.00,0.0,0.0,0.0,0.0
1124,17.181443,15.827282,6.123000,5,0,6000.0000,-1000.0000,90.0000,-25.0000,1,4.0,100.00,0.0,0.0,0.0,0.0
1125,15.803860,17.079340,6.193000,5,0,6000.0000,-1000.0000,90.0000,-25.0000,1,4.0,100.00,0.0,0.0,0.0,0.0
1126,15.974205,15.798231,6.185000,5,0,6000.0000,-1000.0000,90.0000,-25.0000,1,4.0,100.00,0.0,0.0,0.0,0.0
1127,17.590832,16.260531,6.065000,5,0,6000.0000,-1000.0000,90.0000,-25.0000,1,4.0,100.00,0.0,0.0,0.0,0.0
1128,18.606166,17.329916,6.058000,5,0,6000.0000,-1000.0000,90.0000,-25.0000,1,4.0,100.00,0.0,0.0,0.0,0.0
1129,15.579715,18.641176,6.133000,5,0,6000.0000,-1000.0000,90.0000,-25.0000,1,4.0,100.00,0.0,0.0,0.0,0.0
1130,13.519440,15.563226,6.133000,5,0,6000.0000,-1000.0000,90.0000,-25.0000,1,4.0,100.00,0.0,0.0,0.0,0.0
1131,14.508700,13.505598,6.103000,5,0,6000.0000,-1000.0000,90.0000,-25.0000,1,4.0,100.00,0.0,0.0,0.0,0.0
1132,15.129646,14.495472,6.156000,5,0,6000.0000,-1000.0000,90.0000,-25.0000,1,4.0,100.00,0.0,0.0,0.0,0.0
1133,15.353761,15.148726,6.116000,5,0,6000.0000,-1000.0000,90.0000,-25.0000,1,4.0,100.00,0.0,0.0,0.0,0.0
1134,14.996483,15.384571,6.163000,5,0,6000.0000,-1000.0000,90.0000,-25.0000,1,4.0,100.00,0.0,0.0,0.0,0.0
1135,14.945511,14.982112,6.234000,5,0,6000.0000,-1000.0000,90.0000,-25.0000,1,4.0,100.00,0.0,0.0,0.0,0.0
1136,14.832928,14.975742,6.191000,5,0,6000.0000,-1000.0000,90.0000,-25.0000,1,4.0,100.00,0.0,0.0,0.0,0.0
1137,15.857083,14.824579,6.066000,5,0,6000.0000,-1000.0000,90.0000,-25.0000,1,4.0,100.00,0.0,0.0,0.0,0.0
1138,15.298370,15.792201,6.112000,5,0,6000.0000,-1000.0000,90.0000,-25.0000,1,4.0,100.00,0.0,0.0,0.0,0.0
1139,16.333353,15.312859,6.162000,5,0,6000.0000,-1000.0000,90.0000,-25.0000,1,4.0,100.00,0.0,0.0,0.0,0.0
1140,16.170089,16.325103,6.028000,5,0,6000.0000,-1000.0000,90.0000,-25.0000,1,4.0,100.00,0.0,0.0,0.0,0.0
1141,14.027690,16.074487,6.148000,5,0,6000.0000,-1000.0000,90.0000,-25.0000,1,4.0,100.00,0.0,0.0,0.0,0.0
1142,16.365974,13.997390,6.018000,5,0,6000.0000,-1000.0000,90.0000,-25.0000,1,4.0,100.00,0.0,0.0,0.0,0.0
1143,15.537585,16.465027,6.154000,5,0,6000.0000,-1000.0000,90.0000,-25.0000,1,4.0,100.00,0.0,0.0,0.0,0.0
1144,15.044944,15.513903,6.091000,5,0,6000.0000,-1000.0000,90.0000,-25.0000,1,4.0,100.00,0.0,0.0,0.0,0.0
1145,15.004253,15.021374,6.229000,5,0,6000.0000,-1000.0000,90.0000,-25.0000,1,4.0,100.00,0.0,0.0,0.0,0.0
1146,16.413894,15.019923,6.047000,5,0,6000.0000,-1000.0000,90.0000,-25.0000,1,4.0,100.00,0.0,0.0,0.0,0.0
1147,15.053524,16.477137,6.215000,5,0,6000.0000,-1000.0000,90.0000,-25.0000,1,4.0,100.00,0.0,0.0,0.0,0.0
1148,16.108059,15.001342,6.064000,5,0,6000.0000,-1000.0000,90.0000,-25.0000,1,4.0,100.00,0.0,0.0,0.0,0.0
1149,15.403742,16.083458,6.158000,5,0,6000.0000,-1000.0000,90.0000,-25.0000,1,4.0,100.00,0.0,0.0,0.0,0.0
1150,17.477138,15.462702,6.077000,5,0,6000.0000,-1000.0000,90.0000,-25.0000,1,4.0,100.00,0.0,0.0,0.0,0.0
1151,14.104863,17.431709,6.096000,5,0,6000.0000,-1000.0000,90.0000,-25.0000,1,4.0,100.00,0.0,0.0,0.0,0.0
1152,14.078962,14.099952,6.036000,5,0,6000.0000,-1000.0000,90.0000,-25.0000,1,4.0,100.00,0.0,0.0,0.0,0.0
1153,14.313357,14.053971,6.132000,5,0,6000.0000,-1000.0000,90.0000,-25.0000,1,4.0,100.00,0.0,0.0,0.0,0.0
1154,15.999605,14.499211,6.006000,5,0,6000.0000,-1000.0000,90.0000,-25.0000,1,4.0,100.00,0.0,0.0,0.0,0.0
1155,14.006200,15.938244,6.050000,5,0,6000.0000,-1000.0000,90.0000,-25.0000,1,4.0,100.00,0.0,0.0,0.0,0.0
1156,13.478697,13.922228,6.244000,5,0,6000.0000,-1000.0000,90.0000,-25.0000,1,4.0,100.00,0.0,0.0,0.0,0.0
1157,13.178152,13.504939,6.071000,5,0,6000.0000,-1000.0000,90.0000,-25.0000,1,4.0,100.00,0.0,0.0,0.0,0.0
1158,13.029088,13.082109,6.001000,5,0,6000.0000,-1000.0000,90.0000,-25.0000,1,4.0,100.00,0.0,0.0,0.0,0.0
1159,13.309744,13.038108,6.197000,5,0,6000.0000,-1000.0000,90.0000,-25.0000,1,4.0,100.00,0.0,0.0,0.0,0.0
1160,14.047780,13.249362,6.023000,5,0,6000.0000,-1000.0000,90.0000,-25.0000,1,4.0,100.00,0.0,0.0,0.0,0.0
1161,14.207015,14.078422,6.065000,5,0,6000.0000,-1000.0000,90.0000,-25.0000,1,4.0,100.00,0.0,0.0,0.0,0.0
1162,13.544850,14.205544,5.944000,5,0,6000.0000,-1000.0000,90.0000,-25.0000,1,4.0,100.00,0.0,0.0,0.0,0.0
1163,14.025410,13.673113,6.213000,5,0,6000.0000,-1000.0000,90.0000,-25.0000,1,4.0,100.00,0.0,0.0,0.0,0.0
1164,15.695118,13.904707,6.340000,5,0,6000.0000,-1000.0000,90.0000,-25.0000,1,4.0,100.00,0.0,0.0,0.0,0.0
1165,14.155164,15.734150,6.371000,5,0,6000.0000,-1000.0000,90.0000,-25.0000,1,4.0,100.00,0.0,0.0,0.0,0.0
1166,14.407129,14.126513,6.469000,5,0,6000.0000,-1000.0000,90.0000,-25.0000,1,4.0,100.00,0.0,0.0,0.0,0.0
1167,15.666358,14.401758,6.365000,5,0,6000.0000,-1000.0000,90.0000,-25.0000,1,4.0,100.00,0.0,0.0,0.0,0.0
1168,15.135845,15.685919,6.472000,5,0,6000.0000,-1000.0000,90.0000,-25.0000,1,4.0,100.00,0.0,0.0,0.0,0.0
1169,14.309557,15.150126,6.083000,5,0,6000.0000,-1000.0000,90.0000,-25.0000,1,4.0,100.00,0.0,0.0,0.0,0.0
1170,14.780508,14.278906,6.338000,5,0,6000.0000,-1000.0000,90.0000,-25.0000,1,4.0,100.00,0.0,0.0,0.0,0.0
1171,16.128698,14.810908,6.061000,5,0,6000.0000,-1000.0000,90.0000,-25.0000,1,4.0,100.00,0.0,0.0,0.0,0.0
1172,15.660068,16.122738,6.267000,5,0,6000.0000,-1000.0000,90.0000,-25.0000,1,4.0,100.00,0.0,0.0,0.0,0.0
1173,17.532480,15.584407,6.281000,5,0,6000.0000,-1000.0000,90.0000,-25.0000,1,4.0,100.00,0.0,0.0,0.0,0.0
1174,17.237784,17.524259,6.393000,5,0,6000.0000,-1000.0000,90.0000,-25.0000,1,4.0,100.00,0.0,0.0,0.0,0.0
1175,18.193906,17.234205,6.072000,5,0,6000.0000,-1000.0000,90.0000,-25.0000,1,4.0,100.00,0.0,0.0,0.0,0.0
1176,16.616449,18.438171,6.457000,5,0,6000.0000,-1000.0000,90.0000,-25.0000,1,4.0,100.00,0.0,0.0,0.0,0.0
1177,15.816072,16.542387,6.140000,5,0,6000.0000,-1000.0000,90.0000,-25.0000,1,4.0,100.00,0.0,0.0,0.0,0.0
1178,17.241633,15.837832,6.118000,5,0,6000.0000,-1000.0000,90.0000,-25.0000,1,4.0,100.00,0.0,0.0,0.0,0.0
1179,15.590767,17.177222,6.517000,5,0,6000.0000,-1000.0000,90.0000,-25.0000,1,4.0,100.00,0.0,0.0,0.0,0.0
1180,17.945630,15.598677,6.468000,5,0,6000.0000,-1000.0000,90.0000,-25.0000,1,4.0,100.00,0.0,0.0,0.0,0.0
1181,15.349440,17.927970,6.466000,5,0,6000.0000,-1000.0000,90.0000,-25.0000,1,4.0,100.00,0.0,0.0,0.0,0.0
1182,16.790484,15.484953,6.249000,6,0,6000.0000,-1000.0000,90.0000,-25.0000,1,4.0,100.00,0.0,0.0,0.0,0.0
1183,15.659398,16.714132,6.113000,6,1,6000.0000,-1000.0000,90.0000,-24.7911,1,4.0,100.00,0.0,0.0,0.0,0.0
1184,180.786939,15.758200,6.194000,6,0,6000.0000,-1000.0000,90.0000,-24.5941,1,4.0,100.00,0.0,0.0,0.0,0.0
1185,2.104828,180.587555,6.194000,6,1,6000.0000,-1000.0000,90.0000,-22.3368,1,4.0,100.00,0.0,0.0,0.0,0.0
1186,166.475083,1.998425,6.597000,6,0,6000.0000,-1000.0000,90.0000,-22.3118,1,4.0,100.00,0.0,0.0,0.0,0.0
1187,2.215801,166.537075,6.597000,6,1,6000.0000,-1000.0000,90.0000,-20.2301,1,4.0,100.00,0.0,0.0,0.0,0.0
1188,199.895996,2.130059,6.298000,6,0,6000.0000,-1000.0000,90.0000,-20.2034,1,4.0,100.00,0.0,0.0,0.0,0.0
1189,8.590776,200.082490,6.298000,6,1,6000.0000,-1000.0000,90.0000,-17.7024,1,4.0,100.00,0.0,0.0,0.0,0.0
1190,195.451005,8.459814,6.317000,6,0,6000.0000,-1000.0000,90.0000,-17.5967,1,4.0,100.00,0.0,0.0,0.0,0.0
1191,8.026653,195.536656,6.317000,6,1,6000.0000,-1000.0000,90.0000,-15.1524,1,4.0,100.00,0.0,0.0,0.0,0.0
1192,200.238354,7.953872,6.363000,6,0,6000.0000,-1000.0000,90.0000,-15.0530,1,4.0,100.00,0.0,0.0,0.0,0.0
1193,7.563653,200.311005,6.363000,6,1,6000.0000,-1000.0000,90.0000,-12.5491,1,4.0,100.00,0.0,0.0,0.0,0.0
1194,193.566391,7.427290,6.278000,6,0,6000.0000,-1000.0000,90.0000,-12.4563,1,4.0,100.00,0.0,0.0,0.0,0.0
1195,6.504319,193.721885,6.278000,6,1,6000.0000,-1000.0000,90.0000,-10.0348,1,4.0,100.00,0.0,0.0,0.0,0.0
1196,197.980892,6.528959,6.391000,6,0,6000.0000,-1000.0000,90.0000,-9.9532,1,4.0,100.00,0.0,0.0,0.0,0.0
1197,2.232941,197.873580,6.391000,6,1,6000.0000,-1000.0000,90.0000,-7.4797,1,4.0,100.00,0.0,0.0,0.0,0.0
1198,198.840012,2.150689,6.315000,6,0,6000.0000,-1000.0000,90.0000,-7.4529,1,4.0,100.00,0.0,0.0,0.0,0.0
1199,7.505201,199.004436,6.315000,6,1,6000.0000,-1000.0000,90.0000,-4.9653,1,4.0,100.00,0.0,0.0,0.0,0.0
1200,166.003742,7.366798,6.446000,6,0,6000.0000,-1000.0000,90.0000,-4.8732,1,4.0,100.00,0.0,0.0,0.0,0.0
1201,7.595553,166.163415,6.446000,6,1,6000.0000,-1000.0000,90.0000,-2.7962,1,4.0,100.00,0.0,0.0,0.0,0.0
1202,169.426201,7.432021,6.339000,6,0,6000.0000,-1000.0000,90.0000,-2.7033,1,4.0,100.00,0.0,0.0,0.0,0.0
1203,8.933584,169.464970,6.339000,6,1,6000.0000,-1000.0000,90.0000,-0.5850,1,4.0,100.00,0.0,0.0,0.0,0.0
1204,168.076829,8.900173,6.287000,6,0,6000.0000,-1000.0000,90.0000,-0.4737,1,4.0,100.00,0.0,0.0,0.0,0.0
1205,2.102328,168.140851,6.287000,6,1,6000.0000,-1000.0000,90.0000,1.6281,1,4.0,100.00,0.0,0.0,0.0,0.0
1206,174.739392,2.010696,6.875000,6,0,6000.0000,-1000.0000,90.0000,1.6532,1,4.0,100.00,0.0,0.0,0.0,0.0
1207,1.970435,174.819443,6.875000,6,1,6000.0000,-1000.0000,90.0000,3.8384,1,4.0,100.00,0.0,0.0,0.0,0.0
1208,172.447778,1.892064,6.305000,6,0,6000.0000,-1000.0000,90.0000,3.8621,1,4.0,100.00,0.0,0.0,0.0,0.0
1209,1.929314,172.523180,6.305000,6,1,6000.0000,-1000.0000,90.0000,6.0186,1,4.0,100.00,0.0,0.0,0.0,0.0
1210,174.499926,1.849922,6.445000,6,0,6000.0000,-1000.0000,90.0000,6.0417,1,4.0,100.00,0.0,0.0,0.0,0.0
1211,1.983135,174.568997,6.445000,6,1,6000.0000,-1000.0000,90.0000,8.2239,1,4.0,100.00,0.0,0.0,0.0,0.0
1212,175.388387,1.913144,6.313000,6,0,6000.0000,-1000.0000,90.0000,8.2478,1,4.0,100.00,0.0,0.0,0.0,0.0
1213,1.871222,175.472918,6.313000,6,1,6000.0000,-1000.0000,90.0000,10.4412,1,4.0,100.00,0.0,0.0,0.0,0.0
1214,209.185589,1.807862,6.303000,6,0,6000.0000,-1000.0000,90.0000,10.4638,1,4.0,100.00,0.0,0.0,0.0,0.0
1215,7.623923,209.320731,6.303000,6,1,6000.0000,-1000.0000,90.0000,13.0803,1,4.0,100.00,0.0,0.0,0.0,0.0
1216,167.765882,7.532721,6.296000,6,0,6000.0000,-1000.0000,90.0000,13.1745,1,4.0,100.00,0.0,0.0,0.0,0.0
1217,7.563402,167.896825,6.296000,6,1,6000.0000,-1000.0000,90.0000,15.2732,1,4.0,100.00,0.0,0.0,0.0,0.0
1218,170.615778,7.446331,6.640000,6,0,6000.0000,-1000.0000,90.0000,15.3662,1,4.0,100.00,0.0,0.0,0.0,0.0
1219,7.775428,170.678538,6.640000,6,1,6000.0000,-1000.0000,90.0000,17.4997,1,4.0,100.00,0.0,0.0,0.0,0.0
1220,170.867703,7.699386,6.342000,6,0,6000.0000,-1000.0000,90.0000,17.5960,1,4.0,100.00,0.0,0.0,0.0,0.0
1221,6.995039,171.030696,6.342000,6,1,6000.0000,-1000.0000,90.0000,19.7338,1,4.0,100.00,0.0,0.0,0.0,0.0
1222,168.590050,6.833807,6.817000,6,0,6000.0000,-1000.0000,90.0000,19.8193,1,4.0,100.00,0.0,0.0,0.0,0.0
1223,7.230365,168.702032,6.817000,6,1,6000.0000,-1000.0000,90.0000,21.9280,1,4.0,100.00,0.0,0.0,0.0,0.0
1224,200.931690,7.116363,6.628000,6,0,6000.0000,-1000.0000,90.0000,22.0170,1,4.0,100.00,0.0,0.0,0.0,0.0
1225,6.930308,201.079932,6.628000,6,1,6000.0000,-1000.0000,90.0000,24.5305,1,4.0,100.00,0.0,0.0,0.0,0.0
1226,168.619142,6.747225,6.581000,6,0,6000.0000,-1000.0000,90.0000,24.6148,1,4.0,100.00,0.0,0.0,0.0,0.0
1227,7.813448,168.746454,6.581000,6,1,6000.0000,-1000.0000,90.0000,25.0000,1,4.0,100.00,0.0,0.0,0.0,0.0
1228,167.248220,7.732417,6.423000,6,0,6000.0000,-1000.0000,90.0000,25.0000,1,4.0,100.00,0.0,0.0,0.0,0.0
1229,8.052624,167.379093,6.423000,6,1,6000.0000,-1000.0000,90.0000,25.0000,1,4.0,100.00,0.0,0.0,0.0,0.0
1230,165.552161,7.923921,6.275000,6,0,6000.0000,-1000.0000,90.0000,25.0000,1,4.0,100.00,0.0,0.0,0.0,0.0
1231,6.957809,165.621482,6.275000,6,1,6000.0000,-1000.0000,90.0000,25.0000,1,4.0,100.00,0.0,0.0,0.0,0.0
1232,166.187855,6.873667,6.256000,6,0,6000.0000,-1000.0000,90.0000,25.0000,1,4.0,100.00,0.0,0.0,0.0,0.0
1233,6.955619,166.315919,6.256000,6,1,6000.0000,-1000.0000,90.0000,25.0000,1,4.0,100.00,0.0,0.0,0.0,0.0
1234,163.273069,6.792015,6.328000,6,0,6000.0000,-1000.0000,90.0000,25.0000,1,4.0,100.00,0.0,0.0,0.0,0.0
1235,7.008480,163.396492,6.328000,6,1,6000.0000,-1000.0000,90.0000,25.0000,1,4.0,100.00,0.0,0.0,0.0,0.0
1236,162.288778,6.888408,6.312000,6,0,6000.0000,-1000.0000,90.0000,25.0000,1,4.0,100.00,0.0,0.0,0.0,0.0
1237,7.004480,162.442889,6.312000,6,1,6000.0000,-1000.0000,90.0000,25.0000,1,4.0,100.00,0.0,0.0,0.0,0.0
1238,164.331653,6.847777,6.529000,6,0,6000.0000,-1000.0000,90.0000,25.0000,1,4.0,100.00,0.0,0.0,0.0,0.0
1239,7.104832,164.443705,6.529000,6,1,6000.0000,-1000.0000,90.0000,25.0000,1,4.0,100.00,0.0,0.0,0.0,0.0
1240,193.749595,7.024841,6.491000,6,0,6000.0000,-1000.0000,90.0000,25.0000,1,4.0,100.00,0.0,0.0,0.0,0.0
1241,7.598903,193.794666,6.491000,6,1,6000.0000,-1000.0000,90.0000,25.0000,1,4.0,100.00,0.0,0.0,0.0,0.0
1242,194.599795,7.568032,6.317000,6,0,6000.0000,-1000.0000,90.0000,25.0000,1,4.0,100.00,0.0,0.0,0.0,0.0
1243,7.127703,194.666597,6.317000,6,1,6000.0000,-1000.0000,90.0000,25.0000,1,4.0,100.00,0.0,0.0,0.0,0.0
1244,170.004812,7.064251,6.266000,6,0,6000.0000,-1000.0000,90.0000,25.0000,1,4.0,100.00,0.0,0.0,0.0,0.0
1245,9.292502,170.111295,6.266000,6,1,6000.0000,-1000.0000,90.0000,25.0000,1,4.0,100.00,0.0,0.0,0.0,0.0
1246,190.962722,9.184550,6.574000,7,0,6000.0000,-1000.0000,90.0000,0.0000,1,4.0,100.00,0.0,0.0,0.0,0.0
1247,5.062705,191.063544,6.574000,7,0,6087.6127,-1000.0000,90.0000,0.0000,1,4.0,100.00,0.0,0.0,0.0,0.0
1248,10.232604,4.906422,6.357000,7,0,6089.9203,-1000.0000,90.0000,0.0000,1,4.0,100.00,0.0,0.0,0.0,0.0
1249,13.473658,10.280035,6.357000,7,0,6095.0089,-1000.0000,90.0000,0.0000,1,4.0,100.00,0.0,0.0,0.0,0.0
1250,15.807701,13.470967,6.795000,7,0,6102.0138,-1000.0000,90.0000,0.0000,1,4.0,100.00,0.0,0.0,0.0,0.0
1251,17.210303,15.840382,6.736000,7,0,6110.2508,-1000.0000,90.0000,0.0000,1,4.0,100.00,0.0,0.0,0.0,0.0
1252,17.150092,17.288325,6.462000,7,0,6119.2407,-1000.0000,90.0000,0.0000,1,4.0,100.00,0.0,0.0,0.0,0.0
1253,17.474288,17.375947,6.478000,7,0,6128.2762,-1000.0000,90.0000,0.0000,1,4.0,100.00,0.0,0.0,0.0,0.0
1254,16.955558,17.328556,6.832000,7,0,6137.2871,-1000.0000,90.0000,0.0000,1,4.0,100.00,0.0,0.0,0.0,0.0
1255,15.720279,16.953167,6.350000,7,0,6146.1027,-1000.0000,90.0000,0.0000,1,4.0,100.00,0.0,0.0,0.0,0.0
1256,16.162969,15.730710,6.320000,7,0,6154.2827,-1000.0000,90.0000,0.0000,1,4.0,100.00,0.0,0.0,0.0,0.0
1257,16.629190,16.174609,6.357000,7,0,6162.6935,-1000.0000,90.0000,0.0000,1,4.0,100.00,0.0,0.0,0.0,0.0
1258,17.106291,16.663780,6.438000,7,0,6171.3587,-1000.0000,90.0000,0.0000,1,4.0,100.00,0.0,0.0,0.0,0.0
1259,19.536616,17.069910,6.472000,7,0,6180.2350,-1000.0000,90.0000,0.0000,1,4.0,100.00,0.0,0.0,0.0,0.0
1260,13.168841,19.501595,6.472000,7,0,6190.3758,-1000.0000,90.0000,0.0000,1,4.0,100.00,0.0,0.0,0.0,0.0
1261,14.593233,13.163771,6.429000,7,0,6197.2210,-1000.0000,90.0000,0.0000,1,4.0,100.00,0.0,0.0,0.0,0.0
1262,14.601234,14.575673,6.391000,7,0,6204.8004,-1000.0000,90.0000,0.0000,1,4.0,100.00,0.0,0.0,0.0,0.0
1263,15.387491,14.754526,6.429000,7,0,6212.4727,-1000.0000,90.0000,0.0000,1,4.0,100.00,0.0,0.0,0.0,0.0
1264,14.063591,15.163528,6.449000,7,0,6220.3577,-1000.0000,90.0000,0.0000,1,4.0,100.00,0.0,0.0,0.0,0.0
1265,15.442783,14.244555,6.361000,7,0,6227.7649,-1000.0000,90.0000,0.0000,1,4.0,100.00,0.0,0.0,0.0,0.0
1266,16.991518,15.379881,6.398000,7,0,6235.7624,-1000.0000,90.0000,0.0000,1,4.0,100.00,0.0,0.0,0.0,0.0
1267,14.325297,16.891945,6.438000,7,0,6244.5463,-1000.0000,90.0000,0.0000,1,4.0,100.00,0.0,0.0,0.0,0.0
1268,13.792655,14.537623,6.590000,7,0,6252.1058,-1000.0000,90.0000,0.0000,1,4.0,100.00,0.0,0.0,0.0,0.0
1269,15.376721,13.596410,6.590000,7,0,6259.1760,-1000.0000,90.0000,0.0000,1,4.0,100.00,0.0,0.0,0.0,0.0
1270,15.833032,15.416203,6.262000,7,0,6267.1924,-1000.0000,90.0000,0.0000,1,4.0,100.00,0.0,0.0,0.0,0.0
1271,12.857374,15.826260,6.262000,7,0,6275.4220,-1000.0000,90.0000,0.0000,1,4.0,100.00,0.0,0.0,0.0,0.0
1272,13.568679,13.050038,6.299000,7,0,6282.2081,-1000.0000,90.0000,0.0000,1,4.0,100.00,0.0,0.0,0.0,0.0
1273,12.960726,13.349866,6.302000,7,0,6289.1500,-1000.0000,90.0000,0.0000,1,4.0,100.00,0.0,0.0,0.0,0.0
1274,15.442653,12.943855,6.463000,7,0,6295.8808,-1000.0000,90.0000,0.0000,1,4.0,100.00,0.0,0.0,0.0,0.0
1275,13.379605,15.461023,6.463000,7,0,6303.9205,-1000.0000,90.0000,0.0000,1,4.0,100.00,0.0,0.0,0.0,0.0
1276,14.558163,13.420417,6.238000,7,0,6310.8991,-1000.0000,90.0000,0.0000,1,4.0,100.00,0.0,0.0,0.0,0.0
1277,14.321217,14.535652,6.238000,7,0,6318.4577,-1000.0000,90.0000,0.0000,1,4.0,100.00,0.0,0.0,0.0,0.0
1278,15.622517,14.394718,6.419000,7,0,6325.9429,-1000.0000,90.0000,0.0000,1,4.0,100.00,0.0,0.0,0.0,0.0
1279,15.551175,15.507685,6.356000,7,0,6334.0069,-1000.0000,90.0000,0.0000,1,4.0,100.00,0.0,0.0,0.0,0.0
1280,15.191787,15.490693,6.462000,7,0,6342.0621,-1000.0000,90.0000,0.0000,1,4.0,100.00,0.0,0.0,0.0,0.0
1281,14.988192,15.168197,6.385000,7,0,6349.9496,-1000.0000,90.0000,0.0000,1,4.0,100.00,0.0,0.0,0.0,0.0
1282,16.896456,15.043644,6.532000,7,0,6357.7722,-1000.0000,90.0000,0.0000,1,4.0,100.00,0.0,0.0,0.0,0.0
1283,14.921311,17.028319,6.432000,7,0,6366.6270,-1000.0000,90.0000,0.0000,1,4.0,100.00,0.0,0.0,0.0,0.0
1284,15.927324,14.884470,6.829000,7,0,6374.3669,-1000.0000,90.0000,0.0000,1,4.0,100.00,0.0,0.0,0.0,0.0
1285,16.020876,15.978815,6.633000,7,0,6382.6759,-1000.0000,90.0000,0.0000,1,4.0,100.00,0.0,0.0,0.0,0.0
1286,17.303525,15.949604,6.707000,7,0,6390.9697,-1000.0000,90.0000,0.0000,1,4.0,100.00,0.0,0.0,0.0,0.0
1287,17.585311,17.246404,6.707000,7,0,6399.9378,-1000.0000,90.0000,0.0000,1,4.0,100.00,0.0,0.0,0.0,0.0
1288,17.494171,17.562230,6.920000,7,0,6409.0702,-1000.0000,90.0000,0.0000,1,4.0,100.00,0.0,0.0,0.0,0.0
1289,16.091957,17.481270,6.562000,7,0,6418.1604,-1000.0000,90.0000,0.0000,1,4.0,100.00,0.0,0.0,0.0,0.0
1290,16.774282,16.106298,6.767000,7,0,6426.5357,-1000.0000,90.0000,0.0000,1,4.0,100.00,0.0,0.0,0.0,0.0
1291,15.611397,16.765603,6.457000,7,0,6435.2538,-1000.0000,90.0000,0.0000,1,4.0,100.00,0.0,0.0,0.0,0.0
1292,17.795927,15.647586,6.213000,7,0,6443.3906,-1000.0000,90.0000,0.0000,1,4.0,100.00,0.0,0.0,0.0,0.0
1293,14.915351,17.751466,6.322000,7,0,6452.6213,-1000.0000,90.0000,0.0000,1,4.0,100.00,0.0,0.0,0.0,0.0
1294,16.137378,14.894510,6.366000,7,0,6460.3665,-1000.0000,90.0000,0.0000,1,4.0,100.00,0.0,0.0,0.0,0.0
1295,16.979738,16.137679,6.403000,7,0,6468.7581,-1000.0000,90.0000,0.0000,1,4.0,100.00,0.0,0.0,0.0,0.0
1296,14.834719,16.981858,6.782000,7,0,6477.5886,-1000.0000,90.0000,0.0000,1,4.0,100.00,0.0,0.0,0.0,0.0
1297,14.551272,15.089114,6.284000,7,0,6485.4350,-1000.0000,90.0000,0.0000,1,4.0,100.00,0.0,0.0,0.0,0.0
1298,15.251128,14.376348,6.188000,7,0,6492.9107,-1000.0000,90.0000,0.0000,1,4.0,100.00,0.0,0.0,0.0,0.0
1299,15.040513,15.299640,6.261000,7,0,6500.8665,-1000.0000,90.0000,0.0000,1,4.0,100.00,0.0,0.0,0.0,0.0
1300,14.109653,14.980022,6.309000,7,0,6508.6561,-1000.0000,90.0000,0.0000,1,4.0,100.00,0.0,0.0,0.0,0.0
1301,14.348157,14.130693,6.447000,7,0,6516.0040,-1000.0000,90.0000,0.0000,1,4.0,100.00,0.0,0.0,0.0,0.0
1302,14.909291,14.339097,6.407000,7,0,6523.4604,-1000.0000,90.0000,0.0000,1,4.0,100.00,0.0,0.0,0.0,0.0
1303,15.313479,14.918421,6.264000,7,0,6531.2180,-1000.0000,90.0000,0.0000,1,4.0,100.00,0.0,0.0,0.0,0.0
1304,15.442824,15.274068,6.438000,7,0,6539.1605,-1000.0000,90.0000,0.0000,1,4.0,100.00,0.0,0.0,0.0,0.0
1305,14.503630,15.435144,6.664000,7,0,6547.1867,-1000.0000,90.0000,0.0000,1,4.0,100.00,0.0,0.0,0.0,0.0
1306,15.771331,14.506590,6.405000,7,0,6554.7302,-1000.0000,90.0000,0.0000,1,4.0,100.00,0.0,0.0,0.0,0.0
1307,14.180094,15.800551,6.354000,7,0,6562.9465,-1000.0000,90.0000,0.0000,1,4.0,100.00,0.0,0.0,0.0,0.0
1308,14.971792,14.125733,6.210000,7,0,6570.2918,-1000.0000,90.0000,0.0000,1,4.0,100.00,0.0,0.0,0.0,0.0
1309,15.265538,14.941931,6.529000,7,0,6578.0616,-1000.0000,90.0000,0.0000,1,4.0,100.00,0.0,0.0,0.0,0.0
1310,15.515185,15.331460,6.223000,7,0,6586.0340,-1000.0000,90.0000,0.0000,1,4.0,100.00,0.0,0.0,0.0,0.0
1311,15.613306,15.502695,6.554000,7,0,6594.0954,-1000.0000,90.0000,0.0000,1,4.0,100.00,0.0,0.0,0.0,0.0
1312,15.146406,15.793700,6.371000,7,0,6602.3081,-1000.0000,90.0000,0.0000,1,4.0,100.00,0.0,0.0,0.0,0.0
1313,15.935463,14.999003,6.548000,7,0,6610.1076,-1000.0000,90.0000,0.0000,1,4.0,100.00,0.0,0.0,0.0,0.0
1314,14.793919,15.925244,6.568000,7,0,6618.3887,-1000.0000,90.0000,0.0000,1,4.0,100.00,0.0,0.0,0.0,0.0
1315,16.654650,14.790827,6.312000,7,0,6626.0800,-1000.0000,90.0000,0.0000,1,4.0,100.00,0.0,0.0,0.0,0.0
1316,14.285256,16.707862,6.468000,7,0,6634.7681,-1000.0000,90.0000,0.0000,1,4.0,100.00,0.0,0.0,0.0,0.0
1317,15.089115,14.222444,6.336000,7,0,6642.1637,-1000.0000,90.0000,0.0000,1,4.0,100.00,0.0,0.0,0.0,0.0
1318,15.420102,15.133667,6.500000,7,0,6650.0332,-1000.0000,90.0000,0.0000,1,4.0,100.00,0.0,0.0,0.0,0.0
1319,14.784907,15.374211,6.192000,7,0,6658.0278,-1000.0000,90.0000,0.0000,1,4.0,100.00,0.0,0.0,0.0,0.0
1320,13.859837,14.792248,6.744000,7,0,6665.7198,-1000.0000,90.0000,0.0000,1,4.0,100.00,0.0,0.0,0.0,0.0
1321,14.760477,14.000859,6.467000,7,0,6673.0002,-1000.0000,90.0000,0.0000,1,4.0,100.00,0.0,0.0,0.0,0.0
1322,14.896231,14.659585,6.486000,7,0,6680.6232,-1000.0000,90.0000,0.0000,1,4.0,100.00,0.0,0.0,0.0,0.0
1323,15.546174,14.849239,6.465000,7,0,6688.3448,-1000.0000,90.0000,0.0000,1,4.0,100.00,0.0,0.0,0.0,0.0
1324,14.956262,15.524495,6.333000,7,0,6696.4176,-1000.0000,90.0000,0.0000,1,4.0,100.00,0.0,0.0,0.0,0.0
1325,15.792861,14.963652,6.256000,7,0,6704.1987,-1000.0000,90.0000,0.0000,1,4.0,100.00,0.0,0.0,0.0,0.0
1326,16.228470,15.804700,6.741000,7,0,6712.4171,-1000.0000,90.0000,0.0000,1,4.0,100.00,0.0,0.0,0.0,0.0
1327,15.783811,16.234071,6.651000,7,0,6720.8588,-1000.0000,90.0000,0.0000,1,4.0,100.00,0.0,0.0,0.0,0.0
1328,14.518902,15.773880,6.328000,7,0,6729.0612,-1000.0000,90.0000,0.0000,1,4.0,100.00,0.0,0.0,0.0,0.0
1329,15.651787,14.557503,6.357000,7,0,6736.6311,-1000.0000,90.0000,0.0000,1,4.0,100.00,0.0,0.0,0.0,0.0
1330,15.132916,15.615147,6.224000,7,0,6744.7510,-1000.0000,90.0000,0.0000,1,4.0,100.00,0.0,0.0,0.0,0.0
1331,16.460256,15.122345,6.253000,7,0,6752.6146,-1000.0000,90.0000,0.0000,1,4.0,100.00,0.0,0.0,0.0,0.0
1332,14.824968,16.476736,6.524000,7,0,6761.1825,-1000.0000,90.0000,0.0000,1,4.0,100.00,0.0,0.0,0.0,0.0
1333,15.535725,14.841059,6.265000,7,0,6768.8999,-1000.0000,90.0000,0.0000,1,4.0,100.00,0.0,0.0,0.0,0.0
1334,15.797471,15.549635,6.359000,7,0,6776.9857,-1000.0000,90.0000,0.0000,1,4.0,100.00,0.0,0.0,0.0,0.0
1335,14.607614,15.786900,6.307000,7,0,6785.1949,-1000.0000,90.0000,0.0000,1,4.0,100.00,0.0,0.0,0.0,0.0
1336,16.033176,14.650875,6.443000,7,0,6792.8133,-1000.0000,90.0000,0.0000,1,4.0,100.00,0.0,0.0,0.0,0.0
1337,15.124385,16.154869,6.645000,7,0,6801.2139,-1000.0000,90.0000,0.0000,1,4.0,100.00,0.0,0.0,0.0,0.0
1338,14.763957,14.980052,6.735000,7,0,6809.0035,-1000.0000,90.0000,0.0000,1,4.0,100.00,0.0,0.0,0.0,0.0
1339,15.090295,14.779898,6.254000,7,0,6816.6891,-1000.0000,90.0000,0.0000,1,4.0,100.00,0.0,0.0,0.0,0.0
1340,16.332213,15.911513,6.437000,7,0,6824.9630,-1000.0000,90.0000,0.0000,1,4.0,100.00,0.0,0.0,0.0,0.0
1341,17.126401,15.479833,6.529000,7,0,6833.0126,-1000.0000,90.0000,0.0000,1,4.0,100.00,0.0,0.0,0.0,0.0
1342,16.004045,17.138912,6.331000,7,0,6841.9248,-1000.0000,90.0000,0.0000,1,4.0,100.00,0.0,0.0,0.0,0.0
1343,15.550126,16.140859,6.348000,7,0,6850.3180,-1000.0000,90.0000,0.0000,1,4.0,100.00,0.0,0.0,0.0,0.0
1344,14.819917,15.464923,6.296000,7,0,6858.3598,-1000.0000,90.0000,0.0000,1,4.0,100.00,0.0,0.0,0.0,0.0
1345,15.140287,14.750827,6.276000,7,0,6866.0302,-1000.0000,90.0000,0.0000,1,4.0,100.00,0.0,0.0,0.0,0.0
1346,15.192607,15.182417,6.491000,7,0,6873.9251,-1000.0000,90.0000,0.0000,1,4.0,100.00,0.0,0.0,0.0,0.0
1347,15.982025,15.133175,6.394000,7,0,6881.7943,-1000.0000,90.0000,0.0000,1,4.0,100.00,0.0,0.0,0.0,0.0
1348,16.245421,15.989565,6.382000,7,0,6890.1089,-1000.0000,90.0000,0.0000,1,4.0,100.00,0.0,0.0,0.0,0.0
1349,14.609674,16.237851,6.405000,7,0,6898.5526,-1000.0000,90.0000,0.0000,1,4.0,100.00,0.0,0.0,0.0,0.0
1350,15.314349,14.655355,6.443000,7,0,6906.1734,-1000.0000,90.0000,0.0000,1,4.0,100.00,0.0,0.0,0.0,0.0
1351,14.988472,15.257418,6.508000,7,0,6914.1072,-1000.0000,90.0000,0.0000,1,4.0,100.00,0.0,0.0,0.0,0.0
1352,14.565783,15.039003,6.387000,7,0,6921.9275,-1000.0000,90.0000,0.0000,1,4.0,100.00,0.0,0.0,0.0,0.0
1353,14.652625,14.523883,6.273000,7,0,6929.4799,-1000.0000,90.0000,0.0000,1,4.0,100.00,0.0,0.0,0.0,0.0
1354,15.328429,14.671714,6.553000,7,0,6937.1092,-1000.0000,90.0000,0.0000,1,4.0,100.00,0.0,0.0,0.0,0.0
1355,14.211516,15.224399,6.811000,7,0,6945.0259,-1000.0000,90.0000,0.0000,1,4.0,100.00,0.0,0.0,0.0,0.0
1356,15.628716,14.205354,6.598000,7,0,6952.4127,-1000.0000,90.0000,0.0000,1,4.0,100.00,0.0,0.0,0.0,0.0
1357,14.335188,15.622786,6.741000,7,0,6960.5365,-1000.0000,90.0000,0.0000,1,4.0,100.00,0.0,0.0,0.0,0.0
1358,14.876849,14.353808,6.857000,7,0,6968.0005,-1000.0000,90.0000,0.0000,1,4.0,100.00,0.0,0.0,0.0,0.0
1359,15.444453,14.855970,6.622000,7,0,6975.7256,-1000.0000,90.0000,0.0000,1,4.0,100.00,0.0,0.0,0.0,0.0
1360,14.582584,15.452892,6.545000,7,0,6983.7611,-1000.0000,90.0000,0.0000,1,4.0,100.00,0.0,0.0,0.0,0.0
1361,15.167746,14.835729,6.370000,7,0,6991.4757,-1000.0000,90.0000,0.0000,1,4.0,100.00,0.0,0.0,0.0,0.0
1362,14.411228,15.014303,6.312000,7,0,6999.2831,-1000.0000,90.0000,0.0000,1,4.0,100.00,0.0,0.0,0.0,0.0
1363,15.707229,14.475920,6.558000,7,0,7006.8106,-1000.0000,90.0000,0.0000,1,4.0,100.00,0.0,0.0,0.0,0.0
1364,14.518272,15.619377,6.560000,7,0,7014.9327,-1000.0000,90.0000,0.0000,1,4.0,100.00,0.0,0.0,0.0,0.0
1365,14.942541,14.525382,6.432000,7,0,7022.4859,-1000.0000,90.0000,0.0000,1,4.0,100.00,0.0,0.0,0.0,0.0
1366,14.312157,14.938651,6.691000,8,1,7030.2540,-1000.0000,90.0000,0.0000,1,4.0,100.00,0.0,0.0,0.0,0.0
1367,189.961748,14.329478,6.769000,8,0,7037.1715,-1000.0000,90.0000,0.0000,1,4.0,100.00,0.0,0.0,0.0,0.0
1368,2.306863,189.933447,6.769000,8,0,7037.1715,-1000.0000,90.0000,0.0000,1,4.0,100.00,0.0,0.0,0.0,0.0
1369,11.577904,2.189970,6.374000,8,0,7037.1715,-1000.0000,90.0000,0.0000,1,4.0,100.00,0.0,0.0,0.0,0.0
1370,13.522169,11.598654,6.374000,8,0,7037.1715,-1000.0000,90.0000,0.0000,1,4.0,100.00,0.0,0.0,0.0,0.0
1371,14.350888,13.526120,6.265000,8,0,7037.1715,-1000.0000,90.0000,0.0000,1,4.0,100.00,0.0,0.0,0.0,0.0
1372,14.648534,14.347057,6.316000,8,0,7037.1715,-1000.0000,90.0000,0.0000,1,4.0,100.00,0.0,0.0,0.0,0.0
1373,15.734370,14.809348,6.537000,8,0,7037.1715,-1000.0000,90.0000,0.0000,1,4.0,100.00,0.0,0.0,0.0,0.0
1374,15.312359,15.743580,6.151000,8,0,7037.1715,-1000.0000,90.0000,0.0000,1,4.0,100.00,0.0,0.0,0.0,0.0
1375,14.685656,15.288349,6.152000,8,0,7037.1715,-1000.0000,90.0000,0.0000,1,4.0,100.00,0.0,0.0,0.0,0.0
1376,15.057724,14.738217,6.181000,8,0,7037.1715,-1000.0000,90.0000,0.0000,1,4.0,100.00,0.0,0.0,0.0,0.0
1377,14.013200,15.007783,6.552000,8,0,7037.1715,-1000.0000,90.0000,0.0000,1,4.0,100.00,0.0,0.0,0.0,0.0
1378,13.751653,14.000319,6.186000,8,0,7037.1715,-1000.0000,90.0000,0.0000,1,4.0,100.00,0.0,0.0,0.0,0.0
1379,14.123833,13.777285,6.181000,8,0,7037.1715,-1000.0000,90.0000,0.0000,1,4.0,100.00,0.0,0.0,0.0,0.0
1380,14.176174,14.156243,6.536000,8,0,7037.1715,-1000.0000,90.0000,0.0000,1,4.0,100.00,0.0,0.0,0.0,0.0
1381,14.007840,14.112473,6.168000,8,0,7037.1715,-1000.0000,90.0000,0.0000,1,4.0,100.00,0.0,0.0,0.0,0.0
1382,14.180124,14.003829,6.435000,8,0,7037.1715,-1000.0000,90.0000,0.0000,1,4.0,100.00,0.0,0.0,0.0,0.0
1383,14.066141,14.192154,6.307000,8,0,7037.1715,-1000.0000,90.0000,0.0000,1,4.0,100.00,0.0,0.0,0.0,0.0
1384,15.211177,14.057631,6.235000,8,0,7037.1715,-1000.0000,90.0000,0.0000,1,4.0,100.00,0.0,0.0,0.0,0.0
1385,16.368644,15.207717,6.159000,8,0,7037.1715,-1000.0000,90.0000,0.0000,1,4.0,100.00,0.0,0.0,0.0,0.0
1386,15.870842,16.371345,6.557000,8,0,7037.1715,-1000.0000,90.0000,0.0000,1,4.0,100.00,0.0,0.0,0.0,0.0
1387,15.626367,15.788790,6.155000,8,0,7037.1715,-1000.0000,90.0000,0.0000,1,4.0,100.00,0.0,0.0,0.0,0.0
1388,15.171947,15.626107,6.550000,8,0,7037.1715,-1000.0000,90.0000,0.0000,1,4.0,100.00,0.0,0.0,0.0,0.0
1389,13.676122,15.322240,6.258000,8,0,7037.1715,-1000.0000,90.0000,0.0000,1,4.0,100.00,0.0,0.0,0.0,0.0
1390,12.715550,13.604381,6.426000,8,0,7037.1715,-1000.0000,90.0000,0.0000,1,4.0,100.00,0.0,0.0,0.0,0.0
1391,12.075907,12.729831,6.170000,8,0,7037.1715,-1000.0000,90.0000,0.0000,1,4.0,100.00,0.0,0.0,0.0,0.0
1392,12.890563,12.062985,6.238000,8,0,7037.1715,-1000.0000,90.0000,0.0000,1,4.0,100.00,0.0,0.0,0.0,0.0
1393,12.166669,12.890175,6.477000,8,0,7037.1715,-1000.0000,90.0000,0.0000,1,4.0,100.00,0.0,0.0,0.0,0.0
1394,11.895301,12.147407,6.162000,8,0,7037.1715,-1000.0000,90.0000,0.0000,1,4.0,100.00,0.0,0.0,0.0,0.0
1395,11.865271,11.898402,6.180000,8,0,7037.1715,-1000.0000,90.0000,0.0000,1,4.0,100.00,0.0,0.0,0.0,0.0
1396,12.830133,11.890411,6.167000,8,0,7037.1715,-1000.0000,90.0000,0.0000,1,4.0,100.00,0.0,0.0,0.0,0.0
1397,11.304268,12.809062,6.167000,8,0,7037.1715,-1000.0000,90.0000,0.0000,1,4.0,100.00,0.0,0.0,0.0,0.0
1398,12.774982,11.311009,6.147000,8,0,7037.1715,-1000.0000,90.0000,0.0000,1,4.0,100.00,0.0,0.0,0.0,0.0
1399,10.228593,12.954996,6.147000,8,0,7037.1715,-1000.0000,90.0000,0.0000,1,4.0,100.00,0.0,0.0,0.0,0.0
1400,11.089704,10.043729,6.236000,8,0,7037.1715,-1000.0000,90.0000,0.0000,1,4.0,100.00,0.0,0.0,0.0,0.0
1401,12.626378,11.149735,6.224000,8,0,7037.1715,-1000.0000,90.0000,0.0000,1,4.0,100.00,0.0,0.0,0.0,0.0
1402,12.753732,12.682450,6.248000,8,0,7037.1715,-1000.0000,90.0000,0.0000,1,4.0,100.00,0.0,0.0,0.0,0.0
1403,13.429196,12.660378,6.356000,8,0,7037.1715,-1000.0000,90.0000,0.0000,1,4.0,100.00,0.0,0.0,0.0,0.0
1404,15.719339,13.461048,6.373000,8,0,7037.1715,-1000.0000,90.0000,0.0000,1,4.0,100.00,0.0,0.0,0.0,0.0
1405,13.199661,15.684848,6.373000,8,0,7037.1715,-1000.0000,90.0000,0.0000,1,4.0,100.00,0.0,0.0,0.0,0.0
1406,14.907191,13.326205,6.275000,8,0,7037.1715,-1000.0000,90.0000,0.0000,1,4.0,100.00,0.0,0.0,0.0,0.0
1407,15.114865,14.892280,6.193000,8,0,7037.1715,-1000.0000,90.0000,0.0000,1,4.0,100.00,0.0,0.0,0.0,0.0
1408,14.575563,15.078614,6.132000,8,0,7037.1715,-1000.0000,90.0000,0.0000,1,4.0,100.00,0.0,0.0,0.0,0.0
1409,14.951672,14.535782,6.220000,8,0,7037.1715,-1000.0000,90.0000,0.0000,1,4.0,100.00,0.0,0.0,0.0,0.0
1410,15.996945,14.904490,6.214000,8,0,7037.1715,-1000.0000,90.0000,0.0000,1,4.0,100.00,0.0,0.0,0.0,0.0
1411,14.494101,15.995095,6.239000,8,0,7037.1715,-1000.0000,90.0000,0.0000,1,4.0,100.00,0.0,0.0,0.0,0.0
1412,15.242267,14.550333,6.209000,8,0,7037.1715,-1000.0000,90.0000,0.0000,1,4.0,100.00,0.0,0.0,0.0,0.0
1413,14.605524,15.198937,6.270000,8,0,7037.1715,-1000.0000,90.0000,0.0000,1,4.0,100.00,0.0,0.0,0.0,0.0
1414,15.807262,14.673064,6.179000,8,0,7037.1715,-1000.0000,90.0000,0.0000,1,4.0,100.00,0.0,0.0,0.0,0.0
1415,14.517091,15.658108,6.150000,8,0,7037.1715,-1000.0000,90.0000,0.0000,1,4.0,100.00,0.0,0.0,0.0,0.0
1416,13.839596,14.499502,6.096000,8,0,7037.1715,-1000.0000,90.0000,0.0000,1,4.0,100.00,0.0,0.0,0.0,0.0
1417,13.919608,13.839775,6.246000,8,0,7037.1715,-1000.0000,90.0000,0.0000,1,4.0,100.00,0.0,0.0,0.0,0.0
1418,13.622701,13.921598,6.123000,8,0,7037.1715,-1000.0000,90.0000,0.0000,1,4.0,100.00,0.0,0.0,0.0,0.0
1419,13.420316,13.609381,6.142000,8,0,7037.1715,-1000.0000,90.0000,0.0000,1,4.0,100.00,0.0,0.0,0.0,0.0
1420,15.608407,13.449557,6.176000,8,0,7037.1715,-1000.0000,90.0000,0.0000,1,4.0,100.00,0.0,0.0,0.0,0.0
1421,14.359158,15.626677,6.113000,8,0,7037.1715,-1000.0000,90.0000,0.0000,1,4.0,100.00,0.0,0.0,0.0,0.0
1422,15.840172,14.320637,6.237000,8,0,7037.1715,-1000.0000,90.0000,0.0000,1,4.0,100.00,0.0,0.0,0.0,0.0
1423,14.277265,15.858662,6.199000,8,0,7037.1715,-1000.0000,90.0000,0.0000,1,4.0,100.00,0.0,0.0,0.0,0.0
1424,14.623505,14.312537,6.074000,8,0,7037.1715,-1000.0000,90.0000,0.0000,1,4.0,100.00,0.0,0.0,0.0,0.0
1425,15.176216,14.594224,6.200000,8,0,7037.1715,-1000.0000,90.0000,0.0000,1,4.0,100.00,0.0,0.0,0.0,0.0
