frame,wall_ms,sim_ms,gpu_ms,phase,shot_requested,x,y,z,yaw,ready,aa,screen_percentage,motion_blur_quality,dynamic_res,vsync,frame_cap
715,21.657448,218.945149,4.111000,1,0,0.0000,0.0000,88.0000,0.0000,0,2.0,100.00,0.0,0.0,0.0,0.0
716,17.375484,21.909512,7.602000,1,0,0.0000,0.0000,90.0000,0.0000,0,2.0,100.00,0.0,0.0,0.0,0.0
717,15.172627,17.262873,7.602000,1,0,0.0000,0.0000,90.0000,0.0000,0,2.0,100.00,0.0,0.0,0.0,0.0
718,18.893817,15.217638,4.166000,1,0,0.0000,0.0000,90.0000,0.0000,0,2.0,100.00,0.0,0.0,0.0,0.0
719,15.078525,18.871807,3.883000,1,0,6000.0000,-1000.0000,90.0000,0.0000,0,2.0,100.00,0.0,0.0,0.0,0.0
720,19.399099,15.079515,3.503000,1,0,6000.0000,-1000.0000,90.0000,0.0000,1,2.0,100.00,0.0,0.0,0.0,0.0
721,20.431210,19.421528,3.743000,1,0,6000.0000,-1000.0000,90.0000,0.0000,1,2.0,100.00,0.0,0.0,0.0,0.0
722,20.391100,20.430201,4.163000,1,0,6000.0000,-1000.0000,90.0000,0.0000,1,2.0,100.00,0.0,0.0,0.0,0.0
723,14.335489,20.222846,3.523000,1,0,6000.0000,-1000.0000,90.0000,0.0000,1,2.0,100.00,0.0,0.0,0.0,0.0
724,11.932027,14.303548,3.489000,1,0,6000.0000,-1000.0000,90.0000,0.0000,1,2.0,100.00,0.0,0.0,0.0,0.0
725,10.478115,11.908847,3.419000,1,0,6000.0000,-1000.0000,90.0000,0.0000,1,2.0,100.00,0.0,0.0,0.0,0.0
726,9.022145,10.470505,3.419000,1,0,6000.0000,-1000.0000,90.0000,0.0000,1,2.0,100.00,0.0,0.0,0.0,0.0
727,11.448307,9.039295,3.395000,1,0,6000.0000,-1000.0000,90.0000,0.0000,1,2.0,100.00,0.0,0.0,0.0,0.0
728,10.506716,11.427816,3.395000,1,0,6000.0000,-1000.0000,90.0000,0.0000,1,2.0,100.00,0.0,0.0,0.0,0.0
729,10.650400,10.555567,3.459000,1,0,6000.0000,-1000.0000,90.0000,0.0000,1,2.0,100.00,0.0,0.0,0.0,0.0
730,10.301922,10.677311,3.509000,1,0,6000.0000,-1000.0000,90.0000,0.0000,1,2.0,100.00,0.0,0.0,0.0,0.0
731,10.049576,10.278201,3.496000,1,0,6000.0000,-1000.0000,90.0000,0.0000,1,2.0,100.00,0.0,0.0,0.0,0.0
732,10.353594,10.044397,3.364000,1,0,6000.0000,-1000.0000,90.0000,0.0000,1,2.0,100.00,0.0,0.0,0.0,0.0
733,10.008526,10.391464,3.451000,1,0,6000.0000,-1000.0000,90.0000,0.0000,1,2.0,100.00,0.0,0.0,0.0,0.0
734,9.751339,9.971845,3.337000,1,0,6000.0000,-1000.0000,90.0000,0.0000,1,2.0,100.00,0.0,0.0,0.0,0.0
735,9.875473,9.747641,3.404000,1,0,6000.0000,-1000.0000,90.0000,0.0000,1,2.0,100.00,0.0,0.0,0.0,0.0
736,9.179898,9.870482,3.215000,1,0,6000.0000,-1000.0000,90.0000,0.0000,1,2.0,100.00,0.0,0.0,0.0,0.0
737,9.760251,9.179908,3.338000,1,0,6000.0000,-1000.0000,90.0000,0.0000,1,2.0,100.00,0.0,0.0,0.0,0.0
738,9.560526,9.754230,3.266000,1,0,6000.0000,-1000.0000,90.0000,0.0000,1,2.0,100.00,0.0,0.0,0.0,0.0
739,9.322821,9.566076,3.367000,1,0,6000.0000,-1000.0000,90.0000,0.0000,1,2.0,100.00,0.0,0.0,0.0,0.0
740,9.636558,9.364692,3.248000,1,0,6000.0000,-1000.0000,90.0000,0.0000,1,2.0,100.00,0.0,0.0,0.0,0.0
741,10.178279,9.658758,3.358000,1,0,6000.0000,-1000.0000,90.0000,0.0000,1,2.0,100.00,0.0,0.0,0.0,0.0
742,9.614027,10.186390,3.408000,1,0,6000.0000,-1000.0000,90.0000,0.0000,1,2.0,100.00,0.0,0.0,0.0,0.0
743,9.700139,9.611767,3.541000,1,0,6000.0000,-1000.0000,90.0000,0.0000,1,2.0,100.00,0.0,0.0,0.0,0.0
744,11.384996,9.685658,3.456000,1,0,6000.0000,-1000.0000,90.0000,0.0000,1,2.0,100.00,0.0,0.0,0.0,0.0
745,11.336484,11.365416,3.451000,1,0,6000.0000,-1000.0000,90.0000,0.0000,1,2.0,100.00,0.0,0.0,0.0,0.0
746,11.456927,11.357295,3.324000,1,0,6000.0000,-1000.0000,90.0000,0.0000,1,2.0,100.00,0.0,0.0,0.0,0.0
747,10.377154,11.436547,3.388000,1,0,6000.0000,-1000.0000,90.0000,0.0000,1,2.0,100.00,0.0,0.0,0.0,0.0
748,9.869653,10.378903,3.495000,1,0,6000.0000,-1000.0000,90.0000,0.0000,1,2.0,100.00,0.0,0.0,0.0,0.0
749,10.110428,9.890613,3.253000,1,0,6000.0000,-1000.0000,90.0000,0.0000,1,2.0,100.00,0.0,0.0,0.0,0.0
750,10.652329,10.093618,3.203000,1,0,6000.0000,-1000.0000,90.0000,0.0000,1,2.0,100.00,0.0,0.0,0.0,0.0
751,10.048096,10.715741,3.348000,1,0,6000.0000,-1000.0000,90.0000,0.0000,1,2.0,100.00,0.0,0.0,0.0,0.0
752,11.334405,10.028386,3.268000,1,0,6000.0000,-1000.0000,90.0000,0.0000,1,2.0,100.00,0.0,0.0,0.0,0.0
753,10.882205,11.306414,3.332000,1,0,6000.0000,-1000.0000,90.0000,0.0000,1,2.0,100.00,0.0,0.0,0.0,0.0
754,10.253851,10.875954,3.446000,1,0,6000.0000,-1000.0000,90.0000,0.0000,1,2.0,100.00,0.0,0.0,0.0,0.0
755,10.432214,10.277051,3.305000,1,0,6000.0000,-1000.0000,90.0000,0.0000,1,2.0,100.00,0.0,0.0,0.0,0.0
756,10.103308,10.408694,3.274000,1,0,6000.0000,-1000.0000,90.0000,0.0000,1,2.0,100.00,0.0,0.0,0.0,0.0
757,10.211371,10.106209,3.191000,1,0,6000.0000,-1000.0000,90.0000,0.0000,1,2.0,100.00,0.0,0.0,0.0,0.0
758,11.077838,10.242991,3.347000,1,0,6000.0000,-1000.0000,90.0000,0.0000,1,2.0,100.00,0.0,0.0,0.0,0.0
759,9.799371,11.070718,3.480000,1,0,6000.0000,-1000.0000,90.0000,0.0000,1,2.0,100.00,0.0,0.0,0.0,0.0
760,9.448534,9.793572,3.439000,1,0,6000.0000,-1000.0000,90.0000,0.0000,1,2.0,100.00,0.0,0.0,0.0,0.0
761,10.080357,9.475763,3.313000,1,0,6000.0000,-1000.0000,90.0000,0.0000,1,2.0,100.00,0.0,0.0,0.0,0.0
762,9.882203,10.176360,3.286000,1,0,6000.0000,-1000.0000,90.0000,0.0000,1,2.0,100.00,0.0,0.0,0.0,0.0
763,12.904359,9.901513,3.389000,1,0,6000.0000,-1000.0000,90.0000,0.0000,1,2.0,100.00,0.0,0.0,0.0,0.0
764,12.693632,12.783846,3.461000,1,0,6000.0000,-1000.0000,90.0000,0.0000,1,2.0,100.00,0.0,0.0,0.0,0.0
765,12.540081,12.664023,3.329000,1,0,6000.0000,-1000.0000,90.0000,0.0000,1,2.0,100.00,0.0,0.0,0.0,0.0
766,12.411757,12.537050,3.389000,1,0,6000.0000,-1000.0000,90.0000,0.0000,1,2.0,100.00,0.0,0.0,0.0,0.0
767,12.689864,12.422988,3.289000,1,0,6000.0000,-1000.0000,90.0000,0.0000,1,2.0,100.00,0.0,0.0,0.0,0.0
768,13.556663,12.666963,3.356000,1,0,6000.0000,-1000.0000,90.0000,0.0000,1,2.0,100.00,0.0,0.0,0.0,0.0
769,13.775896,13.573973,3.344000,1,0,6000.0000,-1000.0000,90.0000,0.0000,1,2.0,100.00,0.0,0.0,0.0,0.0
770,13.593553,13.760966,3.370000,1,0,6000.0000,-1000.0000,90.0000,0.0000,1,2.0,100.00,0.0,0.0,0.0,0.0
771,11.188421,13.607283,3.377000,1,0,6000.0000,-1000.0000,90.0000,0.0000,1,2.0,100.00,0.0,0.0,0.0,0.0
772,11.082739,11.171581,3.427000,1,0,6000.0000,-1000.0000,90.0000,0.0000,1,2.0,100.00,0.0,0.0,0.0,0.0
773,10.772483,11.083169,3.338000,1,0,6000.0000,-1000.0000,90.0000,0.0000,1,2.0,100.00,0.0,0.0,0.0,0.0
774,10.359943,10.760102,3.393000,1,0,6000.0000,-1000.0000,90.0000,0.0000,1,2.0,100.00,0.0,0.0,0.0,0.0
775,9.726610,10.388834,3.310000,1,0,6000.0000,-1000.0000,90.0000,0.0000,1,2.0,100.00,0.0,0.0,0.0,0.0
776,10.218170,9.693179,3.296000,1,0,6000.0000,-1000.0000,90.0000,0.0000,1,2.0,100.00,0.0,0.0,0.0,0.0
777,10.524897,10.227641,3.410000,1,0,6000.0000,-1000.0000,90.0000,0.0000,1,2.0,100.00,0.0,0.0,0.0,0.0
778,10.185639,10.449015,3.313000,1,0,6000.0000,-1000.0000,90.0000,0.0000,1,2.0,100.00,0.0,0.0,0.0,0.0
779,9.994626,10.168969,3.274000,1,0,6000.0000,-1000.0000,90.0000,0.0000,1,2.0,100.00,0.0,0.0,0.0,0.0
780,10.287281,10.000155,3.398000,1,0,6000.0000,-1000.0000,90.0000,0.0000,1,2.0,100.00,0.0,0.0,0.0,0.0
781,10.449356,10.310062,3.355000,1,0,6000.0000,-1000.0000,90.0000,0.0000,1,2.0,100.00,0.0,0.0,0.0,0.0
782,13.221475,10.420145,3.445000,1,0,6000.0000,-1000.0000,90.0000,0.0000,1,2.0,100.00,0.0,0.0,0.0,0.0
783,13.420369,13.218355,3.376000,1,0,6000.0000,-1000.0000,90.0000,0.0000,1,2.0,100.00,0.0,0.0,0.0,0.0
784,11.463767,13.420259,3.361000,1,0,6000.0000,-1000.0000,90.0000,0.0000,1,2.0,100.00,0.0,0.0,0.0,0.0
785,12.137342,11.474108,3.336000,1,0,6000.0000,-1000.0000,90.0000,0.0000,1,2.0,100.00,0.0,0.0,0.0,0.0
786,12.891458,12.123431,3.354000,1,0,6000.0000,-1000.0000,90.0000,0.0000,1,2.0,100.00,0.0,0.0,0.0,0.0
787,12.917138,12.910908,3.328000,1,0,6000.0000,-1000.0000,90.0000,0.0000,1,2.0,100.00,0.0,0.0,0.0,0.0
788,12.551760,12.919869,3.219000,1,0,6000.0000,-1000.0000,90.0000,0.0000,1,2.0,100.00,0.0,0.0,0.0,0.0
789,12.494130,12.732975,3.273000,1,0,6000.0000,-1000.0000,90.0000,0.0000,1,2.0,100.00,0.0,0.0,0.0,0.0
790,11.562329,12.437187,3.281000,1,0,6000.0000,-1000.0000,90.0000,0.0000,1,2.0,100.00,0.0,0.0,0.0,0.0
791,13.504181,11.478438,3.172000,1,0,6000.0000,-1000.0000,90.0000,0.0000,1,2.0,100.00,0.0,0.0,0.0,0.0
792,12.172163,13.482350,3.357000,1,0,6000.0000,-1000.0000,90.0000,0.0000,1,2.0,100.00,0.0,0.0,0.0,0.0
793,12.579781,12.162962,3.388000,1,0,6000.0000,-1000.0000,90.0000,0.0000,1,2.0,100.00,0.0,0.0,0.0,0.0
794,10.689250,12.599112,3.388000,1,0,6000.0000,-1000.0000,90.0000,0.0000,1,2.0,100.00,0.0,0.0,0.0,0.0
795,12.127231,10.681070,3.438000,1,0,6000.0000,-1000.0000,90.0000,0.0000,1,2.0,100.00,0.0,0.0,0.0,0.0
796,12.567072,12.120522,3.310000,1,0,6000.0000,-1000.0000,90.0000,0.0000,1,2.0,100.00,0.0,0.0,0.0,0.0
797,11.544169,12.587521,3.373000,1,0,6000.0000,-1000.0000,90.0000,0.0000,1,2.0,100.00,0.0,0.0,0.0,0.0
798,10.990176,11.538669,3.443000,1,0,6000.0000,-1000.0000,90.0000,0.0000,1,2.0,100.00,0.0,0.0,0.0,0.0
799,11.783304,10.977777,3.420000,1,0,6000.0000,-1000.0000,90.0000,0.0000,1,2.0,100.00,0.0,0.0,0.0,0.0
800,9.472245,11.790643,3.273000,1,0,6000.0000,-1000.0000,90.0000,0.0000,1,2.0,100.00,0.0,0.0,0.0,0.0
801,10.142878,9.477065,3.365000,1,0,6000.0000,-1000.0000,90.0000,0.0000,1,2.0,100.00,0.0,0.0,0.0,0.0
802,10.450455,10.156929,3.391000,1,0,6000.0000,-1000.0000,90.0000,0.0000,1,2.0,100.00,0.0,0.0,0.0,0.0
803,9.679099,10.414224,3.359000,1,0,6000.0000,-1000.0000,90.0000,0.0000,1,2.0,100.00,0.0,0.0,0.0,0.0
804,9.121077,9.666828,3.387000,1,0,6000.0000,-1000.0000,90.0000,0.0000,1,2.0,100.00,0.0,0.0,0.0,0.0
805,9.344141,9.121267,3.363000,1,0,6000.0000,-1000.0000,90.0000,0.0000,1,2.0,100.00,0.0,0.0,0.0,0.0
806,10.415565,9.343202,3.365000,1,0,6000.0000,-1000.0000,90.0000,0.0000,1,2.0,100.00,0.0,0.0,0.0,0.0
807,11.100969,10.534517,3.366000,1,0,6000.0000,-1000.0000,90.0000,0.0000,1,2.0,100.00,0.0,0.0,0.0,0.0
808,10.282461,11.099149,3.427000,1,0,6000.0000,-1000.0000,90.0000,0.0000,1,2.0,100.00,0.0,0.0,0.0,0.0
809,10.878935,10.300271,3.388000,1,0,6000.0000,-1000.0000,90.0000,0.0000,1,2.0,100.00,0.0,0.0,0.0,0.0
810,11.483568,10.877075,3.386000,1,0,6000.0000,-1000.0000,90.0000,0.0000,1,2.0,100.00,0.0,0.0,0.0,0.0
811,12.696753,11.522479,3.332000,1,0,6000.0000,-1000.0000,90.0000,0.0000,1,2.0,100.00,0.0,0.0,0.0,0.0
812,14.865590,12.648243,3.353000,1,0,6000.0000,-1000.0000,90.0000,0.0000,1,2.0,100.00,0.0,0.0,0.0,0.0
813,12.182953,14.901890,3.252000,1,0,6000.0000,-1000.0000,90.0000,0.0000,1,2.0,100.00,0.0,0.0,0.0,0.0
814,13.157263,12.171393,3.282000,1,0,6000.0000,-1000.0000,90.0000,0.0000,1,2.0,100.00,0.0,0.0,0.0,0.0
815,12.718505,13.186134,3.324000,1,0,6000.0000,-1000.0000,90.0000,0.0000,1,2.0,100.00,0.0,0.0,0.0,0.0
816,12.378837,12.665163,3.263000,1,0,6000.0000,-1000.0000,90.0000,0.0000,1,2.0,100.00,0.0,0.0,0.0,0.0
817,14.841419,12.411338,3.351000,1,0,6000.0000,-1000.0000,90.0000,0.0000,1,2.0,100.00,0.0,0.0,0.0,0.0
818,12.881218,14.812879,3.217000,1,0,6000.0000,-1000.0000,90.0000,0.0000,1,2.0,100.00,0.0,0.0,0.0,0.0
819,15.114606,12.883288,3.282000,1,0,6000.0000,-1000.0000,90.0000,0.0000,1,2.0,100.00,0.0,0.0,0.0,0.0
820,14.108484,15.144246,3.372000,1,0,6000.0000,-1000.0000,90.0000,0.0000,1,2.0,100.00,0.0,0.0,0.0,0.0
821,13.672715,14.116255,3.323000,1,0,6000.0000,-1000.0000,90.0000,0.0000,1,2.0,100.00,0.0,0.0,0.0,0.0
822,14.139944,13.654513,3.231000,1,0,6000.0000,-1000.0000,90.0000,0.0000,1,2.0,100.00,0.0,0.0,0.0,0.0
823,14.704758,14.174217,3.360000,1,0,6000.0000,-1000.0000,90.0000,0.0000,1,2.0,100.00,0.0,0.0,0.0,0.0
824,13.810178,14.680475,3.286000,1,0,6000.0000,-1000.0000,90.0000,0.0000,1,2.0,100.00,0.0,0.0,0.0,0.0
825,14.196565,13.804158,3.300000,1,0,6000.0000,-1000.0000,90.0000,0.0000,1,2.0,100.00,0.0,0.0,0.0,0.0
826,17.015067,14.205906,3.399000,1,0,6000.0000,-1000.0000,90.0000,0.0000,1,2.0,100.00,0.0,0.0,0.0,0.0
827,20.832699,17.004807,3.420000,1,0,6000.0000,-1000.0000,90.0000,0.0000,1,2.0,100.00,0.0,0.0,0.0,0.0
828,14.102444,20.842039,3.330000,1,0,6000.0000,-1000.0000,90.0000,0.0000,1,2.0,100.00,0.0,0.0,0.0,0.0
829,13.010851,14.071453,3.288000,1,0,6000.0000,-1000.0000,90.0000,0.0000,1,2.0,100.00,0.0,0.0,0.0,0.0
830,13.396638,13.001311,3.224000,1,0,6000.0000,-1000.0000,90.0000,0.0000,1,2.0,100.00,0.0,0.0,0.0,0.0
831,13.175344,13.422500,3.259000,1,0,6000.0000,-1000.0000,90.0000,0.0000,1,2.0,100.00,0.0,0.0,0.0,0.0
832,14.152406,13.181634,3.368000,1,0,6000.0000,-1000.0000,90.0000,0.0000,1,2.0,100.00,0.0,0.0,0.0,0.0
833,14.178395,14.123794,3.335000,1,0,6000.0000,-1000.0000,90.0000,0.0000,1,2.0,100.00,0.0,0.0,0.0,0.0
834,13.689386,14.174595,3.291000,1,0,6000.0000,-1000.0000,90.0000,0.0000,1,2.0,100.00,0.0,0.0,0.0,0.0
835,13.576092,13.724406,3.329000,1,0,6000.0000,-1000.0000,90.0000,0.0000,1,2.0,100.00,0.0,0.0,0.0,0.0
836,13.923980,13.601583,3.353000,1,0,6000.0000,-1000.0000,90.0000,0.0000,1,2.0,100.00,0.0,0.0,0.0,0.0
837,15.458173,13.906950,3.257000,1,0,6000.0000,-1000.0000,90.0000,0.0000,1,2.0,100.00,0.0,0.0,0.0,0.0
838,13.702625,15.487424,3.411000,1,0,6000.0000,-1000.0000,90.0000,0.0000,1,2.0,100.00,0.0,0.0,0.0,0.0
839,13.391630,13.688475,3.266000,1,0,6000.0000,-1000.0000,90.0000,0.0000,1,2.0,100.00,0.0,0.0,0.0,0.0
840,13.170193,13.343648,3.303000,1,0,6000.0000,-1000.0000,90.0000,0.0000,1,2.0,100.00,0.0,0.0,0.0,0.0
841,13.563572,13.175774,3.315000,1,0,6000.0000,-1000.0000,90.0000,0.0000,1,2.0,100.00,0.0,0.0,0.0,0.0
842,13.899090,13.529351,3.290000,1,0,6000.0000,-1000.0000,90.0000,0.0000,1,2.0,100.00,0.0,0.0,0.0,0.0
843,13.317057,13.896369,3.180000,1,0,6000.0000,-1000.0000,90.0000,0.0000,1,2.0,100.00,0.0,0.0,0.0,0.0
844,12.302666,13.336599,3.353000,1,0,6000.0000,-1000.0000,90.0000,0.0000,1,2.0,100.00,0.0,0.0,0.0,0.0
845,13.172973,12.273944,3.225000,1,0,6000.0000,-1000.0000,90.0000,0.0000,1,2.0,100.00,0.0,0.0,0.0,0.0
846,13.323237,13.203634,3.221000,1,0,6000.0000,-1000.0000,90.0000,0.0000,1,2.0,100.00,0.0,0.0,0.0,0.0
847,13.582223,13.312977,3.368000,1,0,6000.0000,-1000.0000,90.0000,0.0000,1,2.0,100.00,0.0,0.0,0.0,0.0
848,13.851979,13.573783,3.286000,1,0,6000.0000,-1000.0000,90.0000,0.0000,1,2.0,100.00,0.0,0.0,0.0,0.0
849,13.142373,13.935030,3.271000,1,0,6000.0000,-1000.0000,90.0000,0.0000,1,2.0,100.00,0.0,0.0,0.0,0.0
850,14.322779,13.050442,3.310000,1,0,6000.0000,-1000.0000,90.0000,0.0000,1,2.0,100.00,0.0,0.0,0.0,0.0
851,12.241443,14.306058,3.249000,1,0,6000.0000,-1000.0000,90.0000,0.0000,1,2.0,100.00,0.0,0.0,0.0,0.0
852,13.815748,12.250685,3.280000,1,0,6000.0000,-1000.0000,90.0000,0.0000,1,2.0,100.00,0.0,0.0,0.0,0.0
853,13.570673,13.883788,3.312000,1,0,6000.0000,-1000.0000,90.0000,0.0000,1,2.0,100.00,0.0,0.0,0.0,0.0
854,14.059653,13.545282,3.242000,1,0,6000.0000,-1000.0000,90.0000,0.0000,1,2.0,100.00,0.0,0.0,0.0,0.0
855,11.989399,14.053423,3.316000,1,0,6000.0000,-1000.0000,90.0000,0.0000,1,2.0,100.00,0.0,0.0,0.0,0.0
856,11.390565,11.975278,3.344000,1,0,6000.0000,-1000.0000,90.0000,0.0000,1,2.0,100.00,0.0,0.0,0.0,0.0
857,13.269696,11.389465,3.330000,1,0,6000.0000,-1000.0000,90.0000,0.0000,1,2.0,100.00,0.0,0.0,0.0,0.0
858,12.517420,13.303448,3.284000,1,0,6000.0000,-1000.0000,90.0000,0.0000,1,2.0,100.00,0.0,0.0,0.0,0.0
859,13.369978,12.517569,3.388000,1,0,6000.0000,-1000.0000,90.0000,0.0000,1,2.0,100.00,0.0,0.0,0.0,0.0
860,13.699135,13.463961,3.325000,1,0,6000.0000,-1000.0000,90.0000,0.0000,1,2.0,100.00,0.0,0.0,0.0,0.0
861,13.362068,13.574442,3.309000,1,0,6000.0000,-1000.0000,90.0000,0.0000,1,2.0,100.00,0.0,0.0,0.0,0.0
862,13.295787,13.382949,3.226000,1,0,6000.0000,-1000.0000,90.0000,0.0000,1,2.0,100.00,0.0,0.0,0.0,0.0
863,13.369768,13.288326,3.261000,1,0,6000.0000,-1000.0000,90.0000,0.0000,1,2.0,100.00,0.0,0.0,0.0,0.0
864,14.934032,13.364658,3.272000,1,0,6000.0000,-1000.0000,90.0000,0.0000,1,2.0,100.00,0.0,0.0,0.0,0.0
865,13.390128,14.944542,3.307000,1,0,6000.0000,-1000.0000,90.0000,0.0000,1,2.0,100.00,0.0,0.0,0.0,0.0
866,14.885001,13.431950,3.236000,1,0,6000.0000,-1000.0000,90.0000,0.0000,1,2.0,100.00,0.0,0.0,0.0,0.0
867,12.745645,14.900932,3.213000,1,0,6000.0000,-1000.0000,90.0000,0.0000,1,2.0,100.00,0.0,0.0,0.0,0.0
868,12.957830,12.627541,3.306000,1,0,6000.0000,-1000.0000,90.0000,0.0000,1,2.0,100.00,0.0,0.0,0.0,0.0
869,12.874207,12.956900,3.176000,1,0,6000.0000,-1000.0000,90.0000,0.0000,1,2.0,100.00,0.0,0.0,0.0,0.0
870,14.139455,12.931788,3.358000,1,0,6000.0000,-1000.0000,90.0000,0.0000,1,2.0,100.00,0.0,0.0,0.0,0.0
871,13.792587,14.183316,3.310000,1,0,6000.0000,-1000.0000,90.0000,0.0000,1,2.0,100.00,0.0,0.0,0.0,0.0
872,13.344478,13.799417,3.402000,1,0,6000.0000,-1000.0000,90.0000,0.0000,1,2.0,100.00,0.0,0.0,0.0,0.0
873,13.726956,13.300007,3.216000,1,0,6000.0000,-1000.0000,90.0000,0.0000,1,2.0,100.00,0.0,0.0,0.0,0.0
874,13.043271,13.737516,3.413000,1,0,6000.0000,-1000.0000,90.0000,0.0000,1,2.0,100.00,0.0,0.0,0.0,0.0
875,14.020242,13.041231,3.202000,1,0,6000.0000,-1000.0000,90.0000,0.0000,1,2.0,100.00,0.0,0.0,0.0,0.0
876,12.798266,14.038223,3.387000,1,0,6000.0000,-1000.0000,90.0000,0.0000,1,2.0,100.00,0.0,0.0,0.0,0.0
877,12.645092,12.770845,3.337000,1,0,6000.0000,-1000.0000,90.0000,0.0000,1,2.0,100.00,0.0,0.0,0.0,0.0
878,13.431990,12.688534,3.258000,1,0,6000.0000,-1000.0000,90.0000,0.0000,1,2.0,100.00,0.0,0.0,0.0,0.0
879,13.996532,13.416729,3.262000,1,0,6000.0000,-1000.0000,90.0000,0.0000,1,2.0,100.00,0.0,0.0,0.0,0.0
880,12.992540,13.984071,3.155000,1,0,6000.0000,-1000.0000,90.0000,0.0000,1,2.0,100.00,0.0,0.0,0.0,0.0
881,13.455780,12.978120,3.337000,1,0,6000.0000,-1000.0000,90.0000,0.0000,1,2.0,100.00,0.0,0.0,0.0,0.0
882,14.561134,13.432209,3.344000,1,0,6000.0000,-1000.0000,90.0000,0.0000,1,2.0,100.00,0.0,0.0,0.0,0.0
883,12.828596,14.592685,3.352000,1,0,6000.0000,-1000.0000,90.0000,0.0000,1,2.0,100.00,0.0,0.0,0.0,0.0
884,13.097403,12.815457,3.333000,1,0,6000.0000,-1000.0000,90.0000,0.0000,1,2.0,100.00,0.0,0.0,0.0,0.0
885,14.055093,13.104412,3.170000,1,0,6000.0000,-1000.0000,90.0000,0.0000,1,2.0,100.00,0.0,0.0,0.0,0.0
886,13.368338,14.056123,3.256000,1,0,6000.0000,-1000.0000,90.0000,0.0000,1,2.0,100.00,0.0,0.0,0.0,0.0
887,13.701885,13.359618,3.278000,1,0,6000.0000,-1000.0000,90.0000,0.0000,1,2.0,100.00,0.0,0.0,0.0,0.0
888,13.949121,13.729476,3.272000,1,0,6000.0000,-1000.0000,90.0000,0.0000,1,2.0,100.00,0.0,0.0,0.0,0.0
889,13.357008,13.910660,3.323000,1,0,6000.0000,-1000.0000,90.0000,0.0000,1,2.0,100.00,0.0,0.0,0.0,0.0
890,14.172885,13.364678,3.127000,1,0,6000.0000,-1000.0000,90.0000,0.0000,1,2.0,100.00,0.0,0.0,0.0,0.0
891,14.781139,14.268267,3.285000,1,0,6000.0000,-1000.0000,90.0000,0.0000,1,2.0,100.00,0.0,0.0,0.0,0.0
892,14.356449,14.753498,3.339000,1,0,6000.0000,-1000.0000,90.0000,0.0000,1,2.0,100.00,0.0,0.0,0.0,0.0
893,14.422151,14.348590,3.323000,1,0,6000.0000,-1000.0000,90.0000,0.0000,1,2.0,100.00,0.0,0.0,0.0,0.0
894,13.729296,14.403160,3.215000,1,0,6000.0000,-1000.0000,90.0000,0.0000,1,2.0,100.00,0.0,0.0,0.0,0.0
895,14.532083,13.717686,3.255000,1,0,6000.0000,-1000.0000,90.0000,0.0000,1,2.0,100.00,0.0,0.0,0.0,0.0
896,13.952251,14.536473,3.352000,1,0,6000.0000,-1000.0000,90.0000,0.0000,1,2.0,100.00,0.0,0.0,0.0,0.0
897,14.004252,13.956861,3.299000,1,0,6000.0000,-1000.0000,90.0000,0.0000,1,2.0,100.00,0.0,0.0,0.0,0.0
898,13.334687,13.961041,3.298000,1,0,6000.0000,-1000.0000,90.0000,0.0000,1,2.0,100.00,0.0,0.0,0.0,0.0
899,12.907158,13.322187,3.314000,1,0,6000.0000,-1000.0000,90.0000,0.0000,1,2.0,100.00,0.0,0.0,0.0,0.0
900,13.505952,12.910068,3.301000,1,0,6000.0000,-1000.0000,90.0000,0.0000,1,2.0,100.00,0.0,0.0,0.0,0.0
901,13.562392,13.474441,3.327000,1,0,6000.0000,-1000.0000,90.0000,0.0000,1,2.0,100.00,0.0,0.0,0.0,0.0
902,15.598266,13.597522,3.306000,1,0,6000.0000,-1000.0000,90.0000,0.0000,1,2.0,100.00,0.0,0.0,0.0,0.0
903,13.378758,15.742970,3.298000,1,0,6000.0000,-1000.0000,90.0000,0.0000,1,2.0,100.00,0.0,0.0,0.0,0.0
904,13.394550,13.299736,3.349000,1,0,6000.0000,-1000.0000,90.0000,0.0000,1,2.0,100.00,0.0,0.0,0.0,0.0
905,13.057001,13.362719,3.285000,1,0,6000.0000,-1000.0000,90.0000,0.0000,1,2.0,100.00,0.0,0.0,0.0,0.0
906,13.911869,13.072512,3.212000,1,0,6000.0000,-1000.0000,90.0000,0.0000,1,2.0,100.00,0.0,0.0,0.0,0.0
907,12.982660,13.865349,3.245000,1,0,6000.0000,-1000.0000,90.0000,0.0000,1,2.0,100.00,0.0,0.0,0.0,0.0
908,12.309696,12.986610,3.263000,1,0,6000.0000,-1000.0000,90.0000,0.0000,1,2.0,100.00,0.0,0.0,0.0,0.0
909,12.781006,12.314765,3.265000,1,0,6000.0000,-1000.0000,90.0000,0.0000,1,2.0,100.00,0.0,0.0,0.0,0.0
910,12.710483,12.768405,3.266000,1,0,6000.0000,-1000.0000,90.0000,0.0000,1,2.0,100.00,0.0,0.0,0.0,0.0
911,13.326448,12.724995,3.321000,1,0,6000.0000,-1000.0000,90.0000,0.0000,1,2.0,100.00,0.0,0.0,0.0,0.0
912,13.496820,13.420789,3.195000,1,0,6000.0000,-1000.0000,90.0000,0.0000,1,2.0,100.00,0.0,0.0,0.0,0.0
913,13.299177,13.445719,3.213000,1,0,6000.0000,-1000.0000,90.0000,0.0000,1,2.0,100.00,0.0,0.0,0.0,0.0
914,13.405379,13.259717,3.228000,1,0,6000.0000,-1000.0000,90.0000,0.0000,1,2.0,100.00,0.0,0.0,0.0,0.0
915,14.363619,13.432409,3.308000,1,0,6000.0000,-1000.0000,90.0000,0.0000,1,2.0,100.00,0.0,0.0,0.0,0.0
916,13.674535,14.349289,3.323000,1,0,6000.0000,-1000.0000,90.0000,0.0000,1,2.0,100.00,0.0,0.0,0.0,0.0
917,13.824199,13.706365,3.185000,1,0,6000.0000,-1000.0000,90.0000,0.0000,1,2.0,100.00,0.0,0.0,0.0,0.0
918,15.035714,13.770488,3.220000,1,0,6000.0000,-1000.0000,90.0000,0.0000,1,2.0,100.00,0.0,0.0,0.0,0.0
919,14.232956,15.034734,3.305000,1,0,6000.0000,-1000.0000,90.0000,0.0000,1,2.0,100.00,0.0,0.0,0.0,0.0
920,14.168386,14.234866,3.280000,1,0,6000.0000,-1000.0000,90.0000,0.0000,1,2.0,100.00,0.0,0.0,0.0,0.0
921,14.030512,14.184286,3.382000,1,0,6000.0000,-1000.0000,90.0000,0.0000,1,2.0,100.00,0.0,0.0,0.0,0.0
922,13.193674,14.045422,3.308000,1,0,6000.0000,-1000.0000,90.0000,0.0000,1,2.0,100.00,0.0,0.0,0.0,0.0
923,13.180854,13.139094,3.222000,1,0,6000.0000,-1000.0000,90.0000,0.0000,1,2.0,100.00,0.0,0.0,0.0,0.0
924,13.593973,13.181065,3.076000,1,0,6000.0000,-1000.0000,90.0000,0.0000,1,2.0,100.00,0.0,0.0,0.0,0.0
925,14.604596,13.764355,3.293000,1,0,6000.0000,-1000.0000,90.0000,0.0000,1,2.0,100.00,0.0,0.0,0.0,0.0
926,14.481251,14.502074,3.217000,1,0,6000.0000,-1000.0000,90.0000,0.0000,1,2.0,100.00,0.0,0.0,0.0,0.0
927,13.892060,14.496702,3.182000,1,0,6000.0000,-1000.0000,90.0000,0.0000,1,2.0,100.00,0.0,0.0,0.0,0.0
928,13.316827,13.897179,3.249000,1,0,6000.0000,-1000.0000,90.0000,0.0000,1,2.0,100.00,0.0,0.0,0.0,0.0
929,13.716286,13.322478,3.257000,1,0,6000.0000,-1000.0000,90.0000,0.0000,1,2.0,100.00,0.0,0.0,0.0,0.0
930,13.351057,13.660694,3.396000,1,0,6000.0000,-1000.0000,90.0000,0.0000,1,2.0,100.00,0.0,0.0,0.0,0.0
931,13.010550,13.270407,3.297000,1,0,6000.0000,-1000.0000,90.0000,0.0000,1,2.0,100.00,0.0,0.0,0.0,0.0
932,13.225456,13.079511,3.302000,1,0,6000.0000,-1000.0000,90.0000,0.0000,1,2.0,100.00,0.0,0.0,0.0,0.0
933,15.081985,13.291257,3.207000,2,0,6000.0000,-1000.0000,90.0000,0.0000,1,2.0,100.00,0.0,0.0,0.0,0.0
934,17.686511,15.062834,3.241000,2,0,6000.0000,-1000.0000,90.0000,0.0000,1,2.0,100.00,0.0,0.0,0.0,0.0
935,14.139075,17.719123,3.353000,2,0,6000.0000,-1000.0000,90.0000,0.0000,1,2.0,100.00,0.0,0.0,0.0,0.0
936,13.503861,14.081893,3.386000,2,0,6000.0000,-1000.0000,90.0000,0.0000,1,2.0,100.00,0.0,0.0,0.0,0.0
937,13.857249,13.632623,3.347000,2,0,6000.0000,-1000.0000,90.0000,0.0000,1,2.0,100.00,0.0,0.0,0.0,0.0
938,14.235917,13.835949,3.090000,2,0,6000.0000,-1000.0000,90.0000,0.0000,1,2.0,100.00,0.0,0.0,0.0,0.0
939,14.470682,14.159475,3.278000,2,0,6000.0000,-1000.0000,90.0000,0.0000,1,2.0,100.00,0.0,0.0,0.0,0.0
940,13.337377,14.540774,3.282000,2,0,6000.0000,-1000.0000,90.0000,0.0000,1,2.0,100.00,0.0,0.0,0.0,0.0
941,14.290158,13.262385,3.357000,2,0,6000.0000,-1000.0000,90.0000,0.0000,1,2.0,100.00,0.0,0.0,0.0,0.0
942,14.191976,14.186976,3.211000,2,0,6000.0000,-1000.0000,90.0000,0.0000,1,2.0,100.00,0.0,0.0,0.0,0.0
943,14.369410,14.281588,3.235000,2,0,6000.0000,-1000.0000,90.0000,0.0000,1,2.0,100.00,0.0,0.0,0.0,0.0
944,14.487872,14.445401,3.358000,2,0,6000.0000,-1000.0000,90.0000,0.0000,1,2.0,100.00,0.0,0.0,0.0,0.0
945,13.628704,14.336869,3.300000,2,0,6000.0000,-1000.0000,90.0000,0.0000,1,2.0,100.00,0.0,0.0,0.0,0.0
946,13.793077,13.629334,3.220000,2,0,6000.0000,-1000.0000,90.0000,0.0000,1,2.0,100.00,0.0,0.0,0.0,0.0
947,13.728366,13.900180,3.379000,2,0,6000.0000,-1000.0000,90.0000,0.0000,1,2.0,100.00,0.0,0.0,0.0,0.0
948,13.029750,13.801278,3.283000,2,0,6000.0000,-1000.0000,90.0000,0.0000,1,2.0,100.00,0.0,0.0,0.0,0.0
949,12.801567,12.929308,3.263000,2,0,6000.0000,-1000.0000,90.0000,0.0000,1,2.0,100.00,0.0,0.0,0.0,0.0
950,13.354457,12.791975,3.215000,2,0,6000.0000,-1000.0000,90.0000,0.0000,1,2.0,100.00,0.0,0.0,0.0,0.0
951,13.758067,13.285717,3.299000,2,0,6000.0000,-1000.0000,90.0000,0.0000,1,2.0,100.00,0.0,0.0,0.0,0.0
952,13.136753,13.819997,3.200000,2,0,6000.0000,-1000.0000,90.0000,0.0000,1,2.0,100.00,0.0,0.0,0.0,0.0
953,13.496361,13.130044,3.292000,2,0,6000.0000,-1000.0000,90.0000,0.0000,1,2.0,100.00,0.0,0.0,0.0,0.0
954,13.877180,13.552792,3.259000,2,0,6000.0000,-1000.0000,90.0000,0.0000,1,2.0,100.00,0.0,0.0,0.0,0.0
955,13.347627,13.807868,3.246000,2,0,6000.0000,-1000.0000,90.0000,0.0000,1,2.0,100.00,0.0,0.0,0.0,0.0
956,13.676095,13.437579,3.388000,2,0,6000.0000,-1000.0000,90.0000,0.0000,1,2.0,100.00,0.0,0.0,0.0,0.0
957,12.733534,13.551082,3.328000,2,0,6000.0000,-1000.0000,90.0000,0.0000,1,2.0,100.00,0.0,0.0,0.0,0.0
958,13.052522,13.015511,3.308000,2,0,6000.0000,-1000.0000,90.0000,0.0000,1,2.0,100.00,0.0,0.0,0.0,0.0
959,13.152374,13.137023,3.276000,2,0,6000.0000,-1000.0000,90.0000,0.0000,1,2.0,100.00,0.0,0.0,0.0,0.0
960,13.441619,13.009470,3.211000,2,0,6000.0000,-1000.0000,90.0000,0.0000,1,2.0,100.00,0.0,0.0,0.0,0.0
961,13.072752,13.764917,3.268000,2,0,6000.0000,-1000.0000,90.0000,0.0000,1,2.0,100.00,0.0,0.0,0.0,0.0
962,13.480191,12.581311,3.367000,2,0,6000.0000,-1000.0000,90.0000,0.0000,1,2.0,100.00,0.0,0.0,0.0,0.0
963,13.312826,13.578593,3.219000,2,0,6000.0000,-1000.0000,90.0000,0.0000,1,2.0,100.00,0.0,0.0,0.0,0.0
964,13.642835,13.302227,3.299000,2,0,6000.0000,-1000.0000,90.0000,0.0000,1,2.0,100.00,0.0,0.0,0.0,0.0
965,14.373039,13.532742,3.251000,2,0,6000.0000,-1000.0000,90.0000,0.0000,1,2.0,100.00,0.0,0.0,0.0,0.0
966,13.909960,14.377749,3.358000,2,0,6000.0000,-1000.0000,90.0000,0.0000,1,2.0,100.00,0.0,0.0,0.0,0.0
967,12.495599,13.908740,3.293000,2,0,6000.0000,-1000.0000,90.0000,0.0000,1,2.0,100.00,0.0,0.0,0.0,0.0
968,11.980658,12.467109,3.359000,2,0,6000.0000,-1000.0000,90.0000,0.0000,1,2.0,100.00,0.0,0.0,0.0,0.0
969,11.896887,11.988629,3.247000,2,0,6000.0000,-1000.0000,90.0000,0.0000,1,2.0,100.00,0.0,0.0,0.0,0.0
970,12.540890,11.884475,3.229000,2,0,6000.0000,-1000.0000,90.0000,0.0000,1,2.0,100.00,0.0,0.0,0.0,0.0
971,11.856486,12.569582,3.235000,2,0,6000.0000,-1000.0000,90.0000,0.0000,1,2.0,100.00,0.0,0.0,0.0,0.0
972,12.228124,11.821194,3.230000,2,0,6000.0000,-1000.0000,90.0000,0.0000,1,2.0,100.00,0.0,0.0,0.0,0.0
973,12.296874,12.249714,3.260000,2,0,6000.0000,-1000.0000,90.0000,0.0000,1,2.0,100.00,0.0,0.0,0.0,0.0
974,11.536199,12.311275,3.126000,2,0,6000.0000,-1000.0000,90.0000,0.0000,1,2.0,100.00,0.0,0.0,0.0,0.0
975,11.682242,11.501499,3.391000,2,0,6000.0000,-1000.0000,90.0000,0.0000,1,2.0,100.00,0.0,0.0,0.0,0.0
976,11.776854,11.715693,3.290000,2,0,6000.0000,-1000.0000,90.0000,0.0000,1,2.0,100.00,0.0,0.0,0.0,0.0
977,11.637371,11.748792,3.245000,2,0,6000.0000,-1000.0000,90.0000,0.0000,1,2.0,100.00,0.0,0.0,0.0,0.0
978,10.800373,11.747604,3.310000,2,0,6000.0000,-1000.0000,90.0000,0.0000,1,2.0,100.00,0.0,0.0,0.0,0.0
979,12.508599,10.729381,3.232000,2,0,6000.0000,-1000.0000,90.0000,0.0000,1,2.0,100.00,0.0,0.0,0.0,0.0
980,13.270676,12.516559,3.260000,2,0,6000.0000,-1000.0000,90.0000,0.0000,1,2.0,100.00,0.0,0.0,0.0,0.0
981,14.201546,13.231896,3.209000,2,0,6000.0000,-1000.0000,90.0000,0.0000,1,2.0,100.00,0.0,0.0,0.0,0.0
982,14.404181,14.162415,3.146000,2,0,6000.0000,-1000.0000,90.0000,0.0000,1,2.0,100.00,0.0,0.0,0.0,0.0
983,14.013442,14.397610,3.229000,2,0,6000.0000,-1000.0000,90.0000,0.0000,1,2.0,100.00,0.0,0.0,0.0,0.0
984,14.364689,14.010032,3.289000,2,0,6000.0000,-1000.0000,90.0000,0.0000,1,2.0,100.00,0.0,0.0,0.0,0.0
985,13.471321,14.354760,3.345000,2,0,6000.0000,-1000.0000,90.0000,0.0000,1,2.0,100.00,0.0,0.0,0.0,0.0
986,14.008212,13.510601,3.354000,2,0,6000.0000,-1000.0000,90.0000,0.0000,1,2.0,100.00,0.0,0.0,0.0,0.0
987,13.989492,13.986492,3.395000,2,0,6000.0000,-1000.0000,90.0000,0.0000,1,2.0,100.00,0.0,0.0,0.0,0.0
988,13.735165,13.984421,3.434000,2,0,6000.0000,-1000.0000,90.0000,0.0000,1,2.0,100.00,0.0,0.0,0.0,0.0
989,14.540694,13.735627,3.312000,2,0,6000.0000,-1000.0000,90.0000,0.0000,1,2.0,100.00,0.0,0.0,0.0,0.0
990,9.843202,14.533602,3.285000,2,0,6000.0000,-1000.0000,90.0000,0.0000,1,2.0,100.00,0.0,0.0,0.0,0.0
991,9.584016,9.836082,3.259000,2,0,6000.0000,-1000.0000,90.0000,0.0000,1,2.0,100.00,0.0,0.0,0.0,0.0
992,11.556710,9.565417,3.247000,2,0,6000.0000,-1000.0000,90.0000,0.0000,1,2.0,100.00,0.0,0.0,0.0,0.0
993,9.432923,11.564789,3.295000,2,0,6000.0000,-1000.0000,90.0000,0.0000,1,2.0,100.00,0.0,0.0,0.0,0.0
994,9.867822,9.455564,3.246000,2,0,6000.0000,-1000.0000,90.0000,0.0000,1,2.0,100.00,0.0,0.0,0.0,0.0
995,9.776501,9.838561,3.284000,2,0,6000.0000,-1000.0000,90.0000,0.0000,1,2.0,100.00,0.0,0.0,0.0,0.0
996,9.744881,9.755351,3.305000,2,0,6000.0000,-1000.0000,90.0000,0.0000,1,2.0,100.00,0.0,0.0,0.0,0.0
997,14.011072,9.806701,3.298000,2,0,6000.0000,-1000.0000,90.0000,0.0000,1,2.0,100.00,0.0,0.0,0.0,0.0
998,13.769057,14.085944,3.309000,2,0,6000.0000,-1000.0000,90.0000,0.0000,1,2.0,100.00,0.0,0.0,0.0,0.0
999,14.537682,13.744036,3.364000,2,0,6000.0000,-1000.0000,90.0000,0.0000,1,2.0,100.00,0.0,0.0,0.0,0.0
1000,14.131325,14.561924,3.482000,2,0,6000.0000,-1000.0000,90.0000,0.0000,1,2.0,100.00,0.0,0.0,0.0,0.0
1001,12.483760,14.099744,3.313000,2,0,6000.0000,-1000.0000,90.0000,0.0000,1,2.0,100.00,0.0,0.0,0.0,0.0
1002,12.758794,12.500010,3.279000,2,0,6000.0000,-1000.0000,90.0000,0.0000,1,2.0,100.00,0.0,0.0,0.0,0.0
1003,12.587172,12.736264,3.357000,2,0,6000.0000,-1000.0000,90.0000,0.0000,1,2.0,100.00,0.0,0.0,0.0,0.0
1004,12.539190,12.582391,3.343000,2,0,6000.0000,-1000.0000,90.0000,0.0000,1,2.0,100.00,0.0,0.0,0.0,0.0
1005,12.398657,12.544691,3.195000,2,0,6000.0000,-1000.0000,90.0000,0.0000,1,2.0,100.00,0.0,0.0,0.0,0.0
1006,12.261414,12.392857,3.374000,2,0,6000.0000,-1000.0000,90.0000,0.0000,1,2.0,100.00,0.0,0.0,0.0,0.0
1007,12.265694,12.253833,3.221000,2,0,6000.0000,-1000.0000,90.0000,0.0000,1,2.0,100.00,0.0,0.0,0.0,0.0
1008,12.550741,12.265786,3.193000,2,0,6000.0000,-1000.0000,90.0000,0.0000,1,2.0,100.00,0.0,0.0,0.0,0.0
1009,12.900828,12.550780,3.399000,2,0,6000.0000,-1000.0000,90.0000,0.0000,1,2.0,100.00,0.0,0.0,0.0,0.0
1010,12.385027,12.909338,3.229000,2,0,6000.0000,-1000.0000,90.0000,0.0000,1,2.0,100.00,0.0,0.0,0.0,0.0
1011,12.941589,12.406648,3.267000,2,0,6000.0000,-1000.0000,90.0000,0.0000,1,2.0,100.00,0.0,0.0,0.0,0.0
1012,12.224123,12.928148,3.295000,2,0,6000.0000,-1000.0000,90.0000,0.0000,1,2.0,100.00,0.0,0.0,0.0,0.0
1013,12.029990,12.210794,3.300000,2,0,6000.0000,-1000.0000,90.0000,0.0000,1,2.0,100.00,0.0,0.0,0.0,0.0
1014,12.589861,12.052439,3.161000,2,0,6000.0000,-1000.0000,90.0000,0.0000,1,2.0,100.00,0.0,0.0,0.0,0.0
1015,13.199865,12.608912,3.327000,2,0,6000.0000,-1000.0000,90.0000,0.0000,1,2.0,100.00,0.0,0.0,0.0,0.0
1016,12.649733,13.203194,3.239000,2,0,6000.0000,-1000.0000,90.0000,0.0000,1,2.0,100.00,0.0,0.0,0.0,0.0
1017,12.044749,12.623632,3.322000,2,0,6000.0000,-1000.0000,90.0000,0.0000,1,2.0,100.00,0.0,0.0,0.0,0.0
1018,12.532720,12.117832,3.291000,2,0,6000.0000,-1000.0000,90.0000,0.0000,1,2.0,100.00,0.0,0.0,0.0,0.0
1019,12.614472,12.441538,3.251000,2,0,6000.0000,-1000.0000,90.0000,0.0000,1,2.0,100.00,0.0,0.0,0.0,0.0
1020,12.367746,12.606211,3.251000,2,0,6000.0000,-1000.0000,90.0000,0.0000,1,2.0,100.00,0.0,0.0,0.0,0.0
1021,13.155615,12.374308,3.303000,2,0,6000.0000,-1000.0000,90.0000,0.0000,1,2.0,100.00,0.0,0.0,0.0,0.0
1022,12.984810,13.190024,3.336000,2,0,6000.0000,-1000.0000,90.0000,0.0000,1,2.0,100.00,0.0,0.0,0.0,0.0
1023,12.546320,13.009710,3.220000,2,0,6000.0000,-1000.0000,90.0000,0.0000,1,2.0,100.00,0.0,0.0,0.0,0.0
1024,12.755635,12.506089,3.353000,2,0,6000.0000,-1000.0000,90.0000,0.0000,1,2.0,100.00,0.0,0.0,0.0,0.0
1025,12.634472,12.754066,3.248000,2,0,6000.0000,-1000.0000,90.0000,0.0000,1,2.0,100.00,0.0,0.0,0.0,0.0
1026,12.903608,12.672813,3.305000,2,0,6000.0000,-1000.0000,90.0000,0.0000,1,2.0,100.00,0.0,0.0,0.0,0.0
1027,12.364927,12.873318,3.265000,2,0,6000.0000,-1000.0000,90.0000,0.0000,1,2.0,100.00,0.0,0.0,0.0,0.0
1028,13.387998,12.382986,3.393000,2,0,6000.0000,-1000.0000,90.0000,0.0000,1,2.0,100.00,0.0,0.0,0.0,0.0
1029,13.895150,13.430659,3.224000,2,0,6000.0000,-1000.0000,90.0000,0.0000,1,2.0,100.00,0.0,0.0,0.0,0.0
1030,12.737965,13.865049,3.403000,2,0,6000.0000,-1000.0000,90.0000,0.0000,1,2.0,100.00,0.0,0.0,0.0,0.0
1031,12.841807,12.747135,3.286000,2,0,6000.0000,-1000.0000,90.0000,0.0000,1,2.0,100.00,0.0,0.0,0.0,0.0
1032,13.771966,12.831167,3.339000,2,0,6000.0000,-1000.0000,90.0000,0.0000,1,2.0,100.00,0.0,0.0,0.0,0.0
1033,13.623434,13.752237,3.222000,2,0,6000.0000,-1000.0000,90.0000,0.0000,1,2.0,100.00,0.0,0.0,0.0,0.0
1034,12.497499,13.630473,3.259000,2,0,6000.0000,-1000.0000,90.0000,0.0000,1,2.0,100.00,0.0,0.0,0.0,0.0
1035,13.042841,12.562381,3.268000,2,0,6000.0000,-1000.0000,90.0000,0.0000,1,2.0,100.00,0.0,0.0,0.0,0.0
1036,13.850588,13.065362,3.387000,2,0,6000.0000,-1000.0000,90.0000,0.0000,1,2.0,100.00,0.0,0.0,0.0,0.0
1037,13.226096,13.752346,3.242000,2,0,6000.0000,-1000.0000,90.0000,0.0000,1,2.0,100.00,0.0,0.0,0.0,0.0
1038,14.483262,13.229125,3.273000,2,0,6000.0000,-1000.0000,90.0000,0.0000,1,2.0,100.00,0.0,0.0,0.0,0.0
1039,14.355369,14.448611,3.340000,2,0,6000.0000,-1000.0000,90.0000,0.0000,1,2.0,100.00,0.0,0.0,0.0,0.0
1040,15.492044,14.396531,3.264000,2,0,6000.0000,-1000.0000,90.0000,0.0000,1,2.0,100.00,0.0,0.0,0.0,0.0
1041,15.335861,15.565215,3.332000,2,0,6000.0000,-1000.0000,90.0000,0.0000,1,2.0,100.00,0.0,0.0,0.0,0.0
1042,12.982390,15.285499,3.211000,2,0,6000.0000,-1000.0000,90.0000,0.0000,1,2.0,100.00,0.0,0.0,0.0,0.0
1043,13.076441,12.887898,3.278000,2,0,6000.0000,-1000.0000,90.0000,0.0000,1,2.0,100.00,0.0,0.0,0.0,0.0
1044,13.230625,13.070182,3.266000,2,0,6000.0000,-1000.0000,90.0000,0.0000,1,2.0,100.00,0.0,0.0,0.0,0.0
1045,12.740975,13.244926,3.224000,2,0,6000.0000,-1000.0000,90.0000,0.0000,1,2.0,100.00,0.0,0.0,0.0,0.0
1046,13.293937,12.734634,3.324000,2,0,6000.0000,-1000.0000,90.0000,0.0000,1,2.0,100.00,0.0,0.0,0.0,0.0
1047,12.590741,13.309367,3.255000,2,0,6000.0000,-1000.0000,90.0000,0.0000,1,2.0,100.00,0.0,0.0,0.0,0.0
1048,11.017098,12.580721,3.273000,2,0,6000.0000,-1000.0000,90.0000,0.0000,1,2.0,100.00,0.0,0.0,0.0,0.0
1049,12.882647,11.011947,3.358000,2,0,6000.0000,-1000.0000,90.0000,0.0000,1,2.0,100.00,0.0,0.0,0.0,0.0
1050,11.171311,13.002251,3.347000,2,0,6000.0000,-1000.0000,90.0000,0.0000,1,2.0,100.00,0.0,0.0,0.0,0.0
1051,11.306284,11.127999,3.378000,2,0,6000.0000,-1000.0000,90.0000,0.0000,1,2.0,100.00,0.0,0.0,0.0,0.0
1052,14.296528,11.299125,3.367000,2,0,6000.0000,-1000.0000,90.0000,0.0000,1,2.0,100.00,0.0,0.0,0.0,0.0
1053,13.401649,14.285147,3.349000,2,0,6000.0000,-1000.0000,90.0000,0.0000,1,2.0,100.00,0.0,0.0,0.0,0.0
1054,13.291816,13.478910,3.364000,2,0,6000.0000,-1000.0000,90.0000,0.0000,1,2.0,100.00,0.0,0.0,0.0,0.0
1055,12.830547,13.254587,3.236000,2,0,6000.0000,-1000.0000,90.0000,0.0000,1,2.0,100.00,0.0,0.0,0.0,0.0
1056,13.341028,12.772474,3.248000,2,0,6000.0000,-1000.0000,90.0000,0.0000,1,2.0,100.00,0.0,0.0,0.0,0.0
1057,12.249234,13.317158,3.328000,2,0,6000.0000,-1000.0000,90.0000,0.0000,1,2.0,100.00,0.0,0.0,0.0,0.0
1058,13.711906,12.240974,3.381000,2,0,6000.0000,-1000.0000,90.0000,0.0000,1,2.0,100.00,0.0,0.0,0.0,0.0
1059,15.256048,13.711446,3.266000,2,0,6000.0000,-1000.0000,90.0000,0.0000,1,2.0,100.00,0.0,0.0,0.0,0.0
1060,15.192608,15.257408,3.308000,2,0,6000.0000,-1000.0000,90.0000,0.0000,1,2.0,100.00,0.0,0.0,0.0,0.0
1061,14.993713,15.283359,3.196000,2,0,6000.0000,-1000.0000,90.0000,0.0000,1,2.0,100.00,0.0,0.0,0.0,0.0
1062,13.802667,14.915522,3.305000,2,0,6000.0000,-1000.0000,90.0000,0.0000,1,2.0,100.00,0.0,0.0,0.0,0.0
1063,13.431940,13.793338,3.414000,2,0,6000.0000,-1000.0000,90.0000,0.0000,1,2.0,100.00,0.0,0.0,0.0,0.0
1064,14.594405,13.411238,3.382000,2,0,6000.0000,-1000.0000,90.0000,0.0000,1,2.0,100.00,0.0,0.0,0.0,0.0
1065,13.049591,14.566545,3.384000,2,0,6000.0000,-1000.0000,90.0000,0.0000,1,2.0,100.00,0.0,0.0,0.0,0.0
1066,15.484583,13.034360,3.319000,2,0,6000.0000,-1000.0000,90.0000,0.0000,1,2.0,100.00,0.0,0.0,0.0,0.0
1067,13.740856,15.487694,3.332000,2,0,6000.0000,-1000.0000,90.0000,0.0000,1,2.0,100.00,0.0,0.0,0.0,0.0
1068,14.283088,13.734856,3.291000,2,0,6000.0000,-1000.0000,90.0000,0.0000,1,2.0,100.00,0.0,0.0,0.0,0.0
1069,13.493231,14.287848,3.272000,2,0,6000.0000,-1000.0000,90.0000,0.0000,1,2.0,100.00,0.0,0.0,0.0,0.0
1070,14.567334,13.483241,3.258000,2,0,6000.0000,-1000.0000,90.0000,0.0000,1,2.0,100.00,0.0,0.0,0.0,0.0
1071,13.666905,14.592365,3.273000,2,0,6000.0000,-1000.0000,90.0000,0.0000,1,2.0,100.00,0.0,0.0,0.0,0.0
1072,13.163533,13.684414,3.278000,2,0,6000.0000,-1000.0000,90.0000,0.0000,1,2.0,100.00,0.0,0.0,0.0,0.0
1073,12.645253,13.133823,3.253000,2,0,6000.0000,-1000.0000,90.0000,0.0000,1,2.0,100.00,0.0,0.0,0.0,0.0
1074,11.057089,12.648653,3.345000,2,0,6000.0000,-1000.0000,90.0000,0.0000,1,2.0,100.00,0.0,0.0,0.0,0.0
1075,11.606819,11.054238,3.321000,2,0,6000.0000,-1000.0000,90.0000,0.0000,1,2.0,100.00,0.0,0.0,0.0,0.0
1076,11.559310,11.601381,3.231000,2,0,6000.0000,-1000.0000,90.0000,0.0000,1,2.0,100.00,0.0,0.0,0.0,0.0
1077,11.675332,11.555258,3.237000,2,0,6000.0000,-1000.0000,90.0000,0.0000,1,2.0,100.00,0.0,0.0,0.0,0.0
1078,12.317205,11.831946,3.279000,2,0,6000.0000,-1000.0000,90.0000,0.0000,1,2.0,100.00,0.0,0.0,0.0,0.0
1079,11.023597,12.367436,3.267000,2,0,6000.0000,-1000.0000,90.0000,0.0000,1,2.0,100.00,0.0,0.0,0.0,0.0
1080,10.875225,10.879484,3.272000,2,0,6000.0000,-1000.0000,90.0000,0.0000,1,2.0,100.00,0.0,0.0,0.0,0.0
1081,12.272544,10.982857,3.269000,2,0,6000.0000,-1000.0000,90.0000,0.0000,1,2.0,100.00,0.0,0.0,0.0,0.0
1082,9.520926,12.265604,3.269000,2,0,6000.0000,-1000.0000,90.0000,0.0000,1,2.0,100.00,0.0,0.0,0.0,0.0
1083,12.521699,9.466345,3.307000,2,0,6000.0000,-1000.0000,90.0000,0.0000,1,2.0,100.00,0.0,0.0,0.0,0.0
1084,11.116320,12.558790,3.354000,2,0,6000.0000,-1000.0000,90.0000,0.0000,1,2.0,100.00,0.0,0.0,0.0,0.0
1085,12.500890,11.108060,3.295000,2,0,6000.0000,-1000.0000,90.0000,0.0000,1,2.0,100.00,0.0,0.0,0.0,0.0
1086,11.842575,12.469279,3.237000,2,0,6000.0000,-1000.0000,90.0000,0.0000,1,2.0,100.00,0.0,0.0,0.0,0.0
1087,12.310625,11.841905,3.296000,2,0,6000.0000,-1000.0000,90.0000,0.0000,1,2.0,100.00,0.0,0.0,0.0,0.0
1088,11.590971,12.316625,3.288000,2,0,6000.0000,-1000.0000,90.0000,0.0000,1,2.0,100.00,0.0,0.0,0.0,0.0
1089,12.354276,11.588280,3.321000,2,0,6000.0000,-1000.0000,90.0000,0.0000,1,2.0,100.00,0.0,0.0,0.0,0.0
1090,12.080800,12.354346,3.355000,2,0,6000.0000,-1000.0000,90.0000,0.0000,1,2.0,100.00,0.0,0.0,0.0,0.0
1091,13.196454,12.077491,3.198000,2,0,6000.0000,-1000.0000,90.0000,0.0000,1,2.0,100.00,0.0,0.0,0.0,0.0
1092,14.704977,13.220674,3.293000,2,0,6000.0000,-1000.0000,90.0000,0.0000,1,2.0,100.00,0.0,0.0,0.0,0.0
1093,14.046693,14.664007,3.294000,2,0,6000.0000,-1000.0000,90.0000,0.0000,1,2.0,100.00,0.0,0.0,0.0,0.0
1094,12.718744,14.107934,3.361000,2,0,6000.0000,-1000.0000,90.0000,0.0000,1,2.0,100.00,0.0,0.0,0.0,0.0
1095,13.073412,12.707114,3.268000,2,0,6000.0000,-1000.0000,90.0000,0.0000,1,2.0,100.00,0.0,0.0,0.0,0.0
1096,13.767126,13.039361,3.260000,2,0,6000.0000,-1000.0000,90.0000,0.0000,1,2.0,100.00,0.0,0.0,0.0,0.0
1097,13.196766,13.769057,3.336000,2,0,6000.0000,-1000.0000,90.0000,0.0000,1,2.0,100.00,0.0,0.0,0.0,0.0
1098,12.664882,13.185084,3.290000,2,0,6000.0000,-1000.0000,90.0000,0.0000,1,2.0,100.00,0.0,0.0,0.0,0.0
1099,12.237604,12.688814,3.417000,2,0,6000.0000,-1000.0000,90.0000,0.0000,1,2.0,100.00,0.0,0.0,0.0,0.0
1100,11.341794,12.222823,3.324000,2,0,6000.0000,-1000.0000,90.0000,0.0000,1,2.0,100.00,0.0,0.0,0.0,0.0
1101,10.856785,11.335714,3.236000,2,0,6000.0000,-1000.0000,90.0000,0.0000,1,2.0,100.00,0.0,0.0,0.0,0.0
1102,11.723502,10.862414,3.262000,2,0,6000.0000,-1000.0000,90.0000,0.0000,1,2.0,100.00,0.0,0.0,0.0,0.0
1103,11.439317,11.712093,3.289000,2,0,6000.0000,-1000.0000,90.0000,0.0000,1,2.0,100.00,0.0,0.0,0.0,0.0
1104,12.125051,11.454077,3.269000,2,0,6000.0000,-1000.0000,90.0000,0.0000,1,2.0,100.00,0.0,0.0,0.0,0.0
1105,11.185631,12.321995,3.368000,2,0,6000.0000,-1000.0000,90.0000,0.0000,1,2.0,100.00,0.0,0.0,0.0,0.0
1106,11.450267,11.046328,3.305000,2,0,6000.0000,-1000.0000,90.0000,0.0000,1,2.0,100.00,0.0,0.0,0.0,0.0
1107,11.494808,11.405816,3.266000,2,0,6000.0000,-1000.0000,90.0000,0.0000,1,2.0,100.00,0.0,0.0,0.0,0.0
1108,10.854024,11.539669,3.310000,2,0,6000.0000,-1000.0000,90.0000,0.0000,1,2.0,100.00,0.0,0.0,0.0,0.0
1109,10.703621,10.798793,3.270000,2,0,6000.0000,-1000.0000,90.0000,0.0000,1,2.0,100.00,0.0,0.0,0.0,0.0
1110,11.079488,10.709131,3.217000,2,0,6000.0000,-1000.0000,90.0000,0.0000,1,2.0,100.00,0.0,0.0,0.0,0.0
1111,11.006908,11.069918,3.355000,2,0,6000.0000,-1000.0000,90.0000,0.0000,1,2.0,100.00,0.0,0.0,0.0,0.0
1112,10.458555,10.992257,3.320000,2,0,6000.0000,-1000.0000,90.0000,0.0000,1,2.0,100.00,0.0,0.0,0.0,0.0
1113,10.741161,10.495816,3.249000,2,0,6000.0000,-1000.0000,90.0000,0.0000,1,2.0,100.00,0.0,0.0,0.0,0.0
1114,10.265191,10.714541,3.375000,2,0,6000.0000,-1000.0000,90.0000,0.0000,1,2.0,100.00,0.0,0.0,0.0,0.0
1115,10.544198,10.343264,3.405000,2,0,6000.0000,-1000.0000,90.0000,0.0000,1,2.0,100.00,0.0,0.0,0.0,0.0
1116,10.329933,10.480145,3.326000,2,0,6000.0000,-1000.0000,90.0000,0.0000,1,2.0,100.00,0.0,0.0,0.0,0.0
1117,11.264582,10.349473,3.321000,2,0,6000.0000,-1000.0000,90.0000,0.0000,1,2.0,100.00,0.0,0.0,0.0,0.0
1118,10.438186,11.225903,3.285000,2,0,6000.0000,-1000.0000,90.0000,0.0000,1,2.0,100.00,0.0,0.0,0.0,0.0
1119,11.432996,10.468665,3.224000,2,0,6000.0000,-1000.0000,90.0000,0.0000,1,2.0,100.00,0.0,0.0,0.0,0.0
1120,10.972866,11.423826,3.287000,2,0,6000.0000,-1000.0000,90.0000,0.0000,1,2.0,100.00,0.0,0.0,0.0,0.0
1121,10.164729,10.974026,3.295000,2,0,6000.0000,-1000.0000,90.0000,0.0000,1,2.0,100.00,0.0,0.0,0.0,0.0
1122,10.717821,10.137190,3.292000,2,0,6000.0000,-1000.0000,90.0000,0.0000,1,2.0,100.00,0.0,0.0,0.0,0.0
1123,10.987087,10.804682,3.361000,2,0,6000.0000,-1000.0000,90.0000,0.0000,1,2.0,100.00,0.0,0.0,0.0,0.0
1124,10.913356,10.970926,3.319000,2,0,6000.0000,-1000.0000,90.0000,0.0000,1,2.0,100.00,0.0,0.0,0.0,0.0
1125,11.523737,10.862634,3.294000,2,0,6000.0000,-1000.0000,90.0000,0.0000,1,2.0,100.00,0.0,0.0,0.0,0.0
1126,10.952967,11.524909,3.318000,2,0,6000.0000,-1000.0000,90.0000,0.0000,1,2.0,100.00,0.0,0.0,0.0,0.0
1127,10.720221,10.950496,3.348000,2,0,6000.0000,-1000.0000,90.0000,0.0000,1,2.0,100.00,0.0,0.0,0.0,0.0
1128,11.800124,10.729231,3.322000,2,0,6000.0000,-1000.0000,90.0000,0.0000,1,2.0,100.00,0.0,0.0,0.0,0.0
1129,10.983897,11.926177,3.404000,2,0,6000.0000,-1000.0000,90.0000,0.0000,1,2.0,100.00,0.0,0.0,0.0,0.0
1130,11.197591,10.864234,3.381000,2,0,6000.0000,-1000.0000,90.0000,0.0000,1,2.0,100.00,0.0,0.0,0.0,0.0
1131,11.009188,11.247103,3.257000,2,0,6000.0000,-1000.0000,90.0000,0.0000,1,2.0,100.00,0.0,0.0,0.0,0.0
1132,10.684110,11.005697,3.311000,2,0,6000.0000,-1000.0000,90.0000,0.0000,1,2.0,100.00,0.0,0.0,0.0,0.0
1133,10.621829,10.640000,3.257000,2,0,6000.0000,-1000.0000,90.0000,0.0000,1,2.0,100.00,0.0,0.0,0.0,0.0
1134,11.227742,10.632059,3.209000,2,0,6000.0000,-1000.0000,90.0000,0.0000,1,2.0,100.00,0.0,0.0,0.0,0.0
1135,10.907666,11.241992,3.376000,2,0,6000.0000,-1000.0000,90.0000,0.0000,1,2.0,100.00,0.0,0.0,0.0,0.0
1136,10.692779,10.882765,3.242000,2,0,6000.0000,-1000.0000,90.0000,0.0000,1,2.0,100.00,0.0,0.0,0.0,0.0
1137,10.596179,10.701490,3.197000,2,0,6000.0000,-1000.0000,90.0000,0.0000,1,2.0,100.00,0.0,0.0,0.0,0.0
1138,11.445427,10.740962,3.335000,2,0,6000.0000,-1000.0000,90.0000,0.0000,1,2.0,100.00,0.0,0.0,0.0,0.0
1139,11.446207,11.313184,3.276000,2,0,6000.0000,-1000.0000,90.0000,0.0000,1,2.0,100.00,0.0,0.0,0.0,0.0
1140,11.839585,11.437826,3.262000,2,0,6000.0000,-1000.0000,90.0000,0.0000,1,2.0,100.00,0.0,0.0,0.0,0.0
1141,10.245171,11.832805,3.262000,2,0,6000.0000,-1000.0000,90.0000,0.0000,1,2.0,100.00,0.0,0.0,0.0,0.0
1142,12.176032,10.236871,3.297000,2,0,6000.0000,-1000.0000,90.0000,0.0000,1,2.0,100.00,0.0,0.0,0.0,0.0
1143,11.116439,12.208713,3.259000,2,0,6000.0000,-1000.0000,90.0000,0.0000,1,2.0,100.00,0.0,0.0,0.0,0.0
1144,10.448176,11.116819,3.306000,2,0,6000.0000,-1000.0000,90.0000,0.0000,1,2.0,100.00,0.0,0.0,0.0,0.0
1145,12.179613,10.433326,3.194000,2,0,6000.0000,-1000.0000,90.0000,0.0000,1,2.0,100.00,0.0,0.0,0.0,0.0
1146,11.872926,12.160832,3.271000,2,0,6000.0000,-1000.0000,90.0000,0.0000,1,2.0,100.00,0.0,0.0,0.0,0.0
1147,11.096419,11.863106,3.354000,2,0,6000.0000,-1000.0000,90.0000,0.0000,1,2.0,100.00,0.0,0.0,0.0,0.0
1148,11.027607,11.079048,3.285000,2,0,6000.0000,-1000.0000,90.0000,0.0000,1,2.0,100.00,0.0,0.0,0.0,0.0
1149,11.461587,11.025338,3.279000,2,0,6000.0000,-1000.0000,90.0000,0.0000,1,2.0,100.00,0.0,0.0,0.0,0.0
1150,11.036558,11.481737,3.325000,2,0,6000.0000,-1000.0000,90.0000,0.0000,1,2.0,100.00,0.0,0.0,0.0,0.0
1151,11.693692,11.012347,3.213000,2,0,6000.0000,-1000.0000,90.0000,0.0000,1,2.0,100.00,0.0,0.0,0.0,0.0
1152,11.688782,11.698383,3.326000,2,0,6000.0000,-1000.0000,90.0000,0.0000,1,2.0,100.00,0.0,0.0,0.0,0.0
1153,10.392344,11.676412,3.379000,2,0,6000.0000,-1000.0000,90.0000,0.0000,1,2.0,100.00,0.0,0.0,0.0,0.0
1154,11.496187,10.422234,3.301000,2,0,6000.0000,-1000.0000,90.0000,0.0000,1,2.0,100.00,0.0,0.0,0.0,0.0
1155,10.366654,11.472548,3.288000,2,0,6000.0000,-1000.0000,90.0000,0.0000,1,2.0,100.00,0.0,0.0,0.0,0.0
1156,10.774333,10.354663,3.277000,2,0,6000.0000,-1000.0000,90.0000,0.0000,1,2.0,100.00,0.0,0.0,0.0,0.0
1157,11.010557,10.780792,3.376000,2,0,6000.0000,-1000.0000,90.0000,0.0000,1,2.0,100.00,0.0,0.0,0.0,0.0
1158,11.138860,11.007648,3.320000,2,0,6000.0000,-1000.0000,90.0000,0.0000,1,2.0,100.00,0.0,0.0,0.0,0.0
1159,11.234172,11.154920,3.361000,2,0,6000.0000,-1000.0000,90.0000,0.0000,1,2.0,100.00,0.0,0.0,0.0,0.0
1160,11.413026,11.266662,3.287000,2,0,6000.0000,-1000.0000,90.0000,0.0000,1,2.0,100.00,0.0,0.0,0.0,0.0
1161,10.582168,11.377336,3.250000,2,0,6000.0000,-1000.0000,90.0000,0.0000,1,2.0,100.00,0.0,0.0,0.0,0.0
1162,12.089591,10.603448,3.270000,2,0,6000.0000,-1000.0000,90.0000,0.0000,1,2.0,100.00,0.0,0.0,0.0,0.0
1163,11.166220,12.080031,3.306000,2,0,6000.0000,-1000.0000,90.0000,0.0000,1,2.0,100.00,0.0,0.0,0.0,0.0
1164,11.372176,11.140010,3.250000,2,0,6000.0000,-1000.0000,90.0000,0.0000,1,2.0,100.00,0.0,0.0,0.0,0.0
1165,10.809682,11.373725,3.269000,2,0,6000.0000,-1000.0000,90.0000,0.0000,1,2.0,100.00,0.0,0.0,0.0,0.0
1166,11.736513,10.808103,3.235000,2,0,6000.0000,-1000.0000,90.0000,0.0000,1,2.0,100.00,0.0,0.0,0.0,0.0
1167,11.153221,11.795054,3.278000,2,0,6000.0000,-1000.0000,90.0000,0.0000,1,2.0,100.00,0.0,0.0,0.0,0.0
1168,11.064508,11.103579,3.275000,2,0,6000.0000,-1000.0000,90.0000,0.0000,1,2.0,100.00,0.0,0.0,0.0,0.0
1169,10.520347,11.064629,3.205000,2,0,6000.0000,-1000.0000,90.0000,0.0000,1,2.0,100.00,0.0,0.0,0.0,0.0
1170,10.175710,10.515967,3.296000,2,0,6000.0000,-1000.0000,90.0000,0.0000,1,2.0,100.00,0.0,0.0,0.0,0.0
1171,10.342102,10.194059,3.327000,2,0,6000.0000,-1000.0000,90.0000,0.0000,1,2.0,100.00,0.0,0.0,0.0,0.0
1172,9.425814,10.318372,3.260000,2,0,6000.0000,-1000.0000,90.0000,0.0000,1,2.0,100.00,0.0,0.0,0.0,0.0
1173,10.566727,9.420194,3.178000,2,0,6000.0000,-1000.0000,90.0000,0.0000,1,2.0,100.00,0.0,0.0,0.0,0.0
1174,10.052257,10.570147,3.160000,2,0,6000.0000,-1000.0000,90.0000,0.0000,1,2.0,100.00,0.0,0.0,0.0,0.0
1175,14.181935,10.055088,3.309000,2,0,6000.0000,-1000.0000,90.0000,0.0000,1,2.0,100.00,0.0,0.0,0.0,0.0
1176,12.040811,14.229936,3.303000,2,0,6000.0000,-1000.0000,90.0000,0.0000,1,2.0,100.00,0.0,0.0,0.0,0.0
1177,12.116201,12.036630,3.341000,2,0,6000.0000,-1000.0000,90.0000,0.0000,1,2.0,100.00,0.0,0.0,0.0,0.0
1178,13.103792,12.119641,3.369000,2,0,6000.0000,-1000.0000,90.0000,0.0000,1,2.0,100.00,0.0,0.0,0.0,0.0
1179,13.166544,13.079422,3.341000,2,0,6000.0000,-1000.0000,90.0000,0.0000,1,2.0,100.00,0.0,0.0,0.0,0.0
1180,13.071581,13.190934,3.326000,2,0,6000.0000,-1000.0000,90.0000,0.0000,1,2.0,100.00,0.0,0.0,0.0,0.0
1181,12.761066,13.077522,3.214000,2,0,6000.0000,-1000.0000,90.0000,0.0000,1,2.0,100.00,0.0,0.0,0.0,0.0
1182,12.453748,12.733234,3.193000,2,0,6000.0000,-1000.0000,90.0000,0.0000,1,2.0,100.00,0.0,0.0,0.0,0.0
1183,12.897868,12.489439,3.405000,2,0,6000.0000,-1000.0000,90.0000,0.0000,1,2.0,100.00,0.0,0.0,0.0,0.0
1184,12.533970,12.868108,3.240000,2,0,6000.0000,-1000.0000,90.0000,0.0000,1,2.0,100.00,0.0,0.0,0.0,0.0
1185,14.343319,12.543011,3.374000,2,0,6000.0000,-1000.0000,90.0000,0.0000,1,2.0,100.00,0.0,0.0,0.0,0.0
1186,12.254244,14.511832,3.350000,2,0,6000.0000,-1000.0000,90.0000,0.0000,1,2.0,100.00,0.0,0.0,0.0,0.0
1187,13.129463,12.107701,3.254000,2,0,6000.0000,-1000.0000,90.0000,0.0000,1,2.0,100.00,0.0,0.0,0.0,0.0
1188,13.140113,13.104183,3.273000,2,0,6000.0000,-1000.0000,90.0000,0.0000,1,2.0,100.00,0.0,0.0,0.0,0.0
1189,12.565921,13.122603,3.308000,2,0,6000.0000,-1000.0000,90.0000,0.0000,1,2.0,100.00,0.0,0.0,0.0,0.0
1190,12.593182,12.567040,3.279000,2,0,6000.0000,-1000.0000,90.0000,0.0000,1,2.0,100.00,0.0,0.0,0.0,0.0
1191,13.010381,12.598032,3.398000,2,0,6000.0000,-1000.0000,90.0000,0.0000,1,2.0,100.00,0.0,0.0,0.0,0.0
1192,12.641001,12.999670,3.315000,2,0,6000.0000,-1000.0000,90.0000,0.0000,1,2.0,100.00,0.0,0.0,0.0,0.0
1193,10.893245,12.633382,3.406000,2,0,6000.0000,-1000.0000,90.0000,0.0000,1,2.0,100.00,0.0,0.0,0.0,0.0
1194,10.355023,10.899225,3.329000,2,0,6000.0000,-1000.0000,90.0000,0.0000,1,2.0,100.00,0.0,0.0,0.0,0.0
1195,10.863954,10.353374,3.322000,2,0,6000.0000,-1000.0000,90.0000,0.0000,1,2.0,100.00,0.0,0.0,0.0,0.0
1196,10.309163,10.862304,3.315000,2,0,6000.0000,-1000.0000,90.0000,0.0000,1,2.0,100.00,0.0,0.0,0.0,0.0
1197,10.809513,10.303622,3.262000,2,0,6000.0000,-1000.0000,90.0000,0.0000,1,2.0,100.00,0.0,0.0,0.0,0.0
1198,9.885633,10.828423,3.125000,2,0,6000.0000,-1000.0000,90.0000,0.0000,1,2.0,100.00,0.0,0.0,0.0,0.0
1199,9.440764,9.863763,3.356000,2,0,6000.0000,-1000.0000,90.0000,0.0000,1,2.0,100.00,0.0,0.0,0.0,0.0
1200,11.611119,9.488614,3.281000,2,0,6000.0000,-1000.0000,90.0000,0.0000,1,2.0,100.00,0.0,0.0,0.0,0.0
1201,11.379386,11.570190,3.289000,2,0,6000.0000,-1000.0000,90.0000,0.0000,1,2.0,100.00,0.0,0.0,0.0,0.0
1202,11.793725,11.405655,3.198000,2,0,6000.0000,-1000.0000,90.0000,0.0000,1,2.0,100.00,0.0,0.0,0.0,0.0
1203,11.079169,11.764514,3.260000,2,0,6000.0000,-1000.0000,90.0000,0.0000,1,2.0,100.00,0.0,0.0,0.0,0.0
1204,11.346354,11.086459,3.210000,2,0,6000.0000,-1000.0000,90.0000,0.0000,1,2.0,100.00,0.0,0.0,0.0,0.0
1205,10.788703,11.399905,3.328000,2,0,6000.0000,-1000.0000,90.0000,0.0000,1,2.0,100.00,0.0,0.0,0.0,0.0
1206,11.204851,10.751892,3.146000,2,0,6000.0000,-1000.0000,90.0000,0.0000,1,2.0,100.00,0.0,0.0,0.0,0.0
1207,10.976896,11.182451,3.291000,2,0,6000.0000,-1000.0000,90.0000,0.0000,1,2.0,100.00,0.0,0.0,0.0,0.0
1208,11.120310,10.990997,3.278000,2,0,6000.0000,-1000.0000,90.0000,0.0000,1,2.0,100.00,0.0,0.0,0.0,0.0
1209,10.648550,11.108719,3.159000,2,0,6000.0000,-1000.0000,90.0000,0.0000,1,2.0,100.00,0.0,0.0,0.0,0.0
1210,11.109379,10.665031,3.021000,2,0,6000.0000,-1000.0000,90.0000,0.0000,1,2.0,100.00,0.0,0.0,0.0,0.0
1211,10.819494,11.132469,3.238000,2,0,6000.0000,-1000.0000,90.0000,0.0000,1,2.0,100.00,0.0,0.0,0.0,0.0
1212,12.093030,10.781463,3.205000,2,0,6000.0000,-1000.0000,90.0000,0.0000,1,2.0,100.00,0.0,0.0,0.0,0.0
1213,12.412947,12.129321,3.249000,2,0,6000.0000,-1000.0000,90.0000,0.0000,1,2.0,100.00,0.0,0.0,0.0,0.0
1214,12.679274,12.407147,3.194000,2,0,6000.0000,-1000.0000,90.0000,0.0000,1,2.0,100.00,0.0,0.0,0.0,0.0
1215,12.147352,12.698824,3.236000,2,0,6000.0000,-1000.0000,90.0000,0.0000,1,2.0,100.00,0.0,0.0,0.0,0.0
1216,11.397295,12.091521,3.301000,2,0,6000.0000,-1000.0000,90.0000,0.0000,1,2.0,100.00,0.0,0.0,0.0,0.0
1217,11.589390,11.389506,3.319000,2,0,6000.0000,-1000.0000,90.0000,0.0000,1,2.0,100.00,0.0,0.0,0.0,0.0
1218,11.714233,11.600430,3.339000,2,0,6000.0000,-1000.0000,90.0000,0.0000,1,2.0,100.00,0.0,0.0,0.0,0.0
1219,11.724602,11.712472,3.244000,2,0,6000.0000,-1000.0000,90.0000,0.0000,1,2.0,100.00,0.0,0.0,0.0,0.0
1220,12.011929,11.756014,3.250000,2,0,6000.0000,-1000.0000,90.0000,0.0000,1,2.0,100.00,0.0,0.0,0.0,0.0
1221,11.526389,12.000659,3.318000,2,0,6000.0000,-1000.0000,90.0000,0.0000,1,2.0,100.00,0.0,0.0,0.0,0.0
1222,11.562588,11.501537,3.171000,2,0,6000.0000,-1000.0000,90.0000,0.0000,1,2.0,100.00,0.0,0.0,0.0,0.0
1223,12.107802,11.578930,3.360000,2,0,6000.0000,-1000.0000,90.0000,0.0000,1,2.0,100.00,0.0,0.0,0.0,0.0
1224,12.843526,12.111281,3.224000,2,0,6000.0000,-1000.0000,90.0000,0.0000,1,2.0,100.00,0.0,0.0,0.0,0.0
1225,11.965288,12.867688,3.358000,2,0,6000.0000,-1000.0000,90.0000,0.0000,1,2.0,100.00,0.0,0.0,0.0,0.0
1226,11.903777,11.970438,3.202000,2,0,6000.0000,-1000.0000,90.0000,0.0000,1,2.0,100.00,0.0,0.0,0.0,0.0
1227,11.646711,11.963508,3.338000,2,0,6000.0000,-1000.0000,90.0000,0.0000,1,2.0,100.00,0.0,0.0,0.0,0.0
1228,11.701223,11.555538,3.231000,2,0,6000.0000,-1000.0000,90.0000,0.0000,1,2.0,100.00,0.0,0.0,0.0,0.0
1229,11.811724,11.701782,3.237000,2,0,6000.0000,-1000.0000,90.0000,0.0000,1,2.0,100.00,0.0,0.0,0.0,0.0
1230,13.042171,11.808315,3.199000,2,0,6000.0000,-1000.0000,90.0000,0.0000,1,2.0,100.00,0.0,0.0,0.0,0.0
1231,11.520649,13.060882,3.346000,2,0,6000.0000,-1000.0000,90.0000,0.0000,1,2.0,100.00,0.0,0.0,0.0,0.0
1232,11.646151,11.528728,3.210000,2,0,6000.0000,-1000.0000,90.0000,0.0000,1,2.0,100.00,0.0,0.0,0.0,0.0
1233,11.615810,11.687262,3.211000,2,0,6000.0000,-1000.0000,90.0000,0.0000,1,2.0,100.00,0.0,0.0,0.0,0.0
1234,11.129139,11.564669,3.371000,2,0,6000.0000,-1000.0000,90.0000,0.0000,1,2.0,100.00,0.0,0.0,0.0,0.0
1235,11.385616,11.133300,3.284000,2,0,6000.0000,-1000.0000,90.0000,0.0000,1,2.0,100.00,0.0,0.0,0.0,0.0
1236,11.367055,11.404606,3.233000,2,0,6000.0000,-1000.0000,90.0000,0.0000,1,2.0,100.00,0.0,0.0,0.0,0.0
1237,12.519790,11.326514,3.277000,2,0,6000.0000,-1000.0000,90.0000,0.0000,1,2.0,100.00,0.0,0.0,0.0,0.0
1238,12.520290,12.563131,3.295000,2,0,6000.0000,-1000.0000,90.0000,0.0000,1,2.0,100.00,0.0,0.0,0.0,0.0
1239,12.911008,12.486559,3.336000,2,0,6000.0000,-1000.0000,90.0000,0.0000,1,2.0,100.00,0.0,0.0,0.0,0.0
1240,12.385777,12.925128,3.306000,2,0,6000.0000,-1000.0000,90.0000,0.0000,1,2.0,100.00,0.0,0.0,0.0,0.0
1241,11.821265,12.391048,3.384000,2,0,6000.0000,-1000.0000,90.0000,0.0000,1,2.0,100.00,0.0,0.0,0.0,0.0
1242,13.129193,11.796203,3.190000,2,0,6000.0000,-1000.0000,90.0000,0.0000,1,2.0,100.00,0.0,0.0,0.0,0.0
1243,11.703672,13.155185,3.436000,2,0,6000.0000,-1000.0000,90.0000,0.0000,1,2.0,100.00,0.0,0.0,0.0,0.0
1244,12.953469,11.681451,3.379000,2,0,6000.0000,-1000.0000,90.0000,0.0000,1,2.0,100.00,0.0,0.0,0.0,0.0
1245,12.189293,12.956739,3.237000,2,0,6000.0000,-1000.0000,90.0000,0.0000,1,2.0,100.00,0.0,0.0,0.0,0.0
1246,12.044000,12.187823,3.397000,2,0,6000.0000,-1000.0000,90.0000,0.0000,1,2.0,100.00,0.0,0.0,0.0,0.0
1247,12.823416,12.032439,3.242000,2,0,6000.0000,-1000.0000,90.0000,0.0000,1,2.0,100.00,0.0,0.0,0.0,0.0
1248,12.345386,12.844447,3.301000,2,0,6000.0000,-1000.0000,90.0000,0.0000,1,2.0,100.00,0.0,0.0,0.0,0.0
1249,13.958211,12.234834,3.307000,2,0,6000.0000,-1000.0000,90.0000,0.0000,1,2.0,100.00,0.0,0.0,0.0,0.0
1250,12.602062,13.988691,3.326000,2,0,6000.0000,-1000.0000,90.0000,0.0000,1,2.0,100.00,0.0,0.0,0.0,0.0
1251,11.720573,12.593692,3.258000,2,0,6000.0000,-1000.0000,90.0000,0.0000,1,2.0,100.00,0.0,0.0,0.0,0.0
1252,13.665134,11.737463,3.317000,2,0,6000.0000,-1000.0000,90.0000,0.0000,1,2.0,100.00,0.0,0.0,0.0,0.0
1253,11.978238,13.635984,3.334000,2,0,6000.0000,-1000.0000,90.0000,0.0000,1,2.0,100.00,0.0,0.0,0.0,0.0
1254,12.411208,11.984648,3.288000,2,0,6000.0000,-1000.0000,90.0000,0.0000,1,2.0,100.00,0.0,0.0,0.0,0.0
1255,12.137201,12.423578,3.400000,2,0,6000.0000,-1000.0000,90.0000,0.0000,1,2.0,100.00,0.0,0.0,0.0,0.0
1256,12.261674,12.125172,3.319000,2,0,6000.0000,-1000.0000,90.0000,0.0000,1,2.0,100.00,0.0,0.0,0.0,0.0
1257,11.934378,12.253173,3.338000,2,0,6000.0000,-1000.0000,90.0000,0.0000,1,2.0,100.00,0.0,0.0,0.0,0.0
1258,12.531739,11.947008,3.290000,2,0,6000.0000,-1000.0000,90.0000,0.0000,1,2.0,100.00,0.0,0.0,0.0,0.0
1259,10.761473,12.521970,3.255000,3,0,6000.0000,-1000.0000,90.0000,0.0000,1,2.0,100.00,0.0,0.0,0.0,0.0
1260,11.199311,10.765682,3.299000,3,1,6000.0000,-1000.0000,90.0000,0.0000,1,2.0,100.00,0.0,0.0,0.0,0.0
1261,726.283534,11.205582,3.308000,3,0,6000.0000,-1000.0000,90.0000,0.0000,1,2.0,100.00,0.0,0.0,0.0,0.0
1262,8.154157,726.320645,3.308000,3,1,6000.0000,-1000.0000,90.0000,0.0000,1,2.0,100.00,0.0,0.0,0.0,0.0
1263,144.940353,8.068844,3.386000,3,0,6000.0000,-1000.0000,90.0000,0.0000,1,2.0,100.00,0.0,0.0,0.0,0.0
1264,7.425211,144.996435,3.386000,3,1,6000.0000,-1000.0000,90.0000,0.0000,1,2.0,100.00,0.0,0.0,0.0,0.0
1265,142.259316,7.375069,3.413000,3,0,6000.0000,-1000.0000,90.0000,0.0000,1,2.0,100.00,0.0,0.0,0.0,0.0
1266,7.084702,142.383009,3.413000,3,0,6000.0000,-1000.0000,90.0000,0.0000,1,2.0,100.00,0.0,0.0,0.0,0.0
1267,4.666021,6.967930,3.433000,3,1,6000.0000,-1000.0000,90.0000,0.0000,1,2.0,100.00,0.0,0.0,0.0,0.0
1268,152.424035,4.643040,3.250000,3,0,6000.0000,-1000.0000,90.0000,0.0000,1,2.0,100.00,0.0,0.0,0.0,0.0
1269,7.798219,152.507397,3.250000,3,1,6000.0000,-1000.0000,90.0000,0.0000,1,2.0,100.00,0.0,0.0,0.0,0.0
1270,144.128966,7.726127,3.492000,3,0,6000.0000,-1000.0000,90.0000,0.0000,1,2.0,100.00,0.0,0.0,0.0,0.0
1271,7.819629,144.232298,3.492000,3,1,6000.0000,-1000.0000,90.0000,0.0000,1,2.0,100.00,0.0,0.0,0.0,0.0
1272,142.455120,7.748288,3.375000,3,0,6000.0000,-1000.0000,90.0000,0.0000,1,2.0,100.00,0.0,0.0,0.0,0.0
1273,7.427241,142.502592,3.375000,3,1,6000.0000,-1000.0000,90.0000,0.0000,1,2.0,100.00,0.0,0.0,0.0,0.0
1274,144.558915,7.362288,3.372000,3,0,6000.0000,-1000.0000,90.0000,0.0000,1,2.0,100.00,0.0,0.0,0.0,0.0
1275,7.711606,144.625297,3.372000,3,1,6000.0000,-1000.0000,90.0000,0.0000,1,2.0,100.00,0.0,0.0,0.0,0.0
1276,144.502675,7.655365,3.459000,3,0,6000.0000,-1000.0000,90.0000,0.0000,1,2.0,100.00,0.0,0.0,0.0,0.0
1277,7.751967,144.538216,3.459000,3,1,6000.0000,-1000.0000,90.0000,0.0000,1,2.0,100.00,0.0,0.0,0.0,0.0
1278,142.811838,7.696075,3.404000,3,0,6000.0000,-1000.0000,90.0000,0.0000,1,2.0,100.00,0.0,0.0,0.0,0.0
1279,7.436380,142.908401,3.404000,3,1,6000.0000,-1000.0000,90.0000,0.0000,1,2.0,100.00,0.0,0.0,0.0,0.0
1280,143.328680,7.335767,3.364000,4,0,6000.0000,-1000.0000,90.0000,-25.0000,1,2.0,100.00,0.0,0.0,0.0,0.0
1281,7.961962,143.396472,3.364000,4,0,6000.0000,-1000.0000,90.0000,-23.2075,1,2.0,100.00,0.0,0.0,0.0,0.0
1282,3.806191,7.887230,3.421000,4,0,6000.0000,-1000.0000,90.0000,-23.1090,1,2.0,100.00,0.0,0.0,0.0,0.0
1283,13.355779,3.798542,3.421000,4,0,6000.0000,-1000.0000,90.0000,-23.0615,1,2.0,100.00,0.0,0.0,0.0,0.0
1284,13.172284,13.371238,3.479000,4,0,6000.0000,-1000.0000,90.0000,-22.8943,1,2.0,100.00,0.0,0.0,0.0,0.0
1285,12.464378,13.177274,3.393000,4,0,6000.0000,-1000.0000,90.0000,-22.7296,1,2.0,100.00,0.0,0.0,0.0,0.0
1286,12.816386,12.473249,3.318000,4,0,6000.0000,-1000.0000,90.0000,-22.5737,1,2.0,100.00,0.0,0.0,0.0,0.0
1287,11.966978,12.828256,3.240000,4,0,6000.0000,-1000.0000,90.0000,-22.4133,1,2.0,100.00,0.0,0.0,0.0,0.0
1288,12.791416,11.965298,3.245000,4,0,6000.0000,-1000.0000,90.0000,-22.2638,1,2.0,100.00,0.0,0.0,0.0,0.0
1289,12.464688,12.781906,3.327000,4,0,6000.0000,-1000.0000,90.0000,-22.1040,1,2.0,100.00,0.0,0.0,0.0,0.0
1290,12.439749,12.532040,3.337000,4,0,6000.0000,-1000.0000,90.0000,-21.9474,1,2.0,100.00,0.0,0.0,0.0,0.0
1291,11.939767,12.438858,3.183000,4,0,6000.0000,-1000.0000,90.0000,-21.7919,1,2.0,100.00,0.0,0.0,0.0,0.0
1292,13.361228,11.941037,3.288000,4,0,6000.0000,-1000.0000,90.0000,-21.6426,1,2.0,100.00,0.0,0.0,0.0,0.0
1293,12.782886,13.348308,3.322000,4,0,6000.0000,-1000.0000,90.0000,-21.4758,1,2.0,100.00,0.0,0.0,0.0,0.0
1294,12.655233,12.777265,3.271000,4,0,6000.0000,-1000.0000,90.0000,-21.3160,1,2.0,100.00,0.0,0.0,0.0,0.0
1295,11.224182,12.794336,3.232000,4,0,6000.0000,-1000.0000,90.0000,-21.1561,1,2.0,100.00,0.0,0.0,0.0,0.0
1296,11.832415,11.226222,3.273000,4,0,6000.0000,-1000.0000,90.0000,-21.0158,1,2.0,100.00,0.0,0.0,0.0,0.0
1297,11.698501,11.810045,3.304000,4,0,6000.0000,-1000.0000,90.0000,-20.8682,1,2.0,100.00,0.0,0.0,0.0,0.0
1298,10.985027,11.662801,3.259000,4,0,6000.0000,-1000.0000,90.0000,-20.7224,1,2.0,100.00,0.0,0.0,0.0,0.0
1299,11.864626,11.004008,3.271000,4,0,6000.0000,-1000.0000,90.0000,-20.5848,1,2.0,100.00,0.0,0.0,0.0,0.0
1300,10.847394,11.846354,3.144000,4,0,6000.0000,-1000.0000,90.0000,-20.4367,1,2.0,100.00,0.0,0.0,0.0,0.0
1301,9.750120,10.836214,3.222000,4,0,6000.0000,-1000.0000,90.0000,-20.3013,1,2.0,100.00,0.0,0.0,0.0,0.0
1302,10.667329,9.774841,3.280000,4,0,6000.0000,-1000.0000,90.0000,-20.1791,1,2.0,100.00,0.0,0.0,0.0,0.0
1303,10.591749,10.644809,3.263000,4,0,6000.0000,-1000.0000,90.0000,-20.0460,1,2.0,100.00,0.0,0.0,0.0,0.0
1304,10.418854,10.586028,3.180000,4,0,6000.0000,-1000.0000,90.0000,-19.9137,1,2.0,100.00,0.0,0.0,0.0,0.0
1305,10.629810,10.432036,3.361000,4,0,6000.0000,-1000.0000,90.0000,-19.7833,1,2.0,100.00,0.0,0.0,0.0,0.0
1306,10.848264,10.608608,3.433000,4,0,6000.0000,-1000.0000,90.0000,-19.6507,1,2.0,100.00,0.0,0.0,0.0,0.0
1307,10.506296,10.845484,3.266000,4,0,6000.0000,-1000.0000,90.0000,-19.5151,1,2.0,100.00,0.0,0.0,0.0,0.0
1308,10.033016,10.533197,3.372000,4,0,6000.0000,-1000.0000,90.0000,-19.3835,1,2.0,100.00,0.0,0.0,0.0,0.0
1309,10.654850,10.007916,3.310000,4,0,6000.0000,-1000.0000,90.0000,-19.2584,1,2.0,100.00,0.0,0.0,0.0,0.0
1310,10.994137,10.660069,3.327000,4,0,6000.0000,-1000.0000,90.0000,-19.1251,1,2.0,100.00,0.0,0.0,0.0,0.0
1311,10.138688,10.993527,3.365000,4,0,6000.0000,-1000.0000,90.0000,-18.9877,1,2.0,100.00,0.0,0.0,0.0,0.0
1312,8.729759,10.139508,3.366000,4,0,6000.0000,-1000.0000,90.0000,-18.8610,1,2.0,100.00,0.0,0.0,0.0,0.0
1313,9.133797,8.757109,3.262000,4,0,6000.0000,-1000.0000,90.0000,-18.7515,1,2.0,100.00,0.0,0.0,0.0,0.0
1314,9.689389,9.102876,3.252000,4,0,6000.0000,-1000.0000,90.0000,-18.6377,1,2.0,100.00,0.0,0.0,0.0,0.0
1315,9.817722,9.717590,3.302000,4,0,6000.0000,-1000.0000,90.0000,-18.5162,1,2.0,100.00,0.0,0.0,0.0,0.0
1316,9.644507,9.816492,3.300000,4,0,6000.0000,-1000.0000,90.0000,-18.3935,1,2.0,100.00,0.0,0.0,0.0,0.0
1317,9.347962,9.625277,3.173000,4,0,6000.0000,-1000.0000,90.0000,-18.2732,1,2.0,100.00,0.0,0.0,0.0,0.0
1318,9.496644,9.370762,3.237000,4,0,6000.0000,-1000.0000,90.0000,-18.1561,1,2.0,100.00,0.0,0.0,0.0,0.0
1319,10.502807,9.469744,3.276000,4,0,6000.0000,-1000.0000,90.0000,-18.0377,1,2.0,100.00,0.0,0.0,0.0,0.0
1320,9.853071,10.531257,3.397000,4,0,6000.0000,-1000.0000,90.0000,-17.9061,1,2.0,100.00,0.0,0.0,0.0,0.0
1321,9.508536,9.833083,3.283000,4,0,6000.0000,-1000.0000,90.0000,-17.7832,1,2.0,100.00,0.0,0.0,0.0,0.0
1322,10.232230,9.455143,3.161000,4,0,6000.0000,-1000.0000,90.0000,-17.6650,1,2.0,100.00,0.0,0.0,0.0,0.0
1323,9.831962,10.194449,3.297000,4,0,6000.0000,-1000.0000,90.0000,-17.5375,1,2.0,100.00,0.0,0.0,0.0,0.0
1324,10.331173,9.816082,3.211000,4,0,6000.0000,-1000.0000,90.0000,-17.4148,1,2.0,100.00,0.0,0.0,0.0,0.0
1325,10.080137,10.343093,3.325000,4,0,6000.0000,-1000.0000,90.0000,-17.2856,1,2.0,100.00,0.0,0.0,0.0,0.0
1326,9.929534,10.069007,3.360000,4,0,6000.0000,-1000.0000,90.0000,-17.1597,1,2.0,100.00,0.0,0.0,0.0,0.0
1327,9.428494,9.927404,3.227000,4,0,6000.0000,-1000.0000,90.0000,-17.0356,1,2.0,100.00,0.0,0.0,0.0,0.0
1328,9.326010,9.418083,3.254000,4,0,6000.0000,-1000.0000,90.0000,-16.9179,1,2.0,100.00,0.0,0.0,0.0,0.0
1329,9.641729,9.311551,3.300000,4,0,6000.0000,-1000.0000,90.0000,-16.8015,1,2.0,100.00,0.0,0.0,0.0,0.0
1330,9.331990,9.658828,3.307000,4,0,6000.0000,-1000.0000,90.0000,-16.6807,1,2.0,100.00,0.0,0.0,0.0,0.0
1331,9.804252,9.315881,3.268000,4,0,6000.0000,-1000.0000,90.0000,-16.5643,1,2.0,100.00,0.0,0.0,0.0,0.0
1332,10.316362,9.908043,3.338000,4,0,6000.0000,-1000.0000,90.0000,-16.4404,1,2.0,100.00,0.0,0.0,0.0,0.0
1333,9.539406,10.314732,3.302000,4,0,6000.0000,-1000.0000,90.0000,-16.3115,1,2.0,100.00,0.0,0.0,0.0,0.0
1334,9.372092,9.569367,3.229000,4,0,6000.0000,-1000.0000,90.0000,-16.1919,1,2.0,100.00,0.0,0.0,0.0,0.0
1335,9.335821,9.342061,3.300000,4,0,6000.0000,-1000.0000,90.0000,-16.0751,1,2.0,100.00,0.0,0.0,0.0,0.0
1336,9.880483,9.344512,3.214000,4,0,6000.0000,-1000.0000,90.0000,-15.9583,1,2.0,100.00,0.0,0.0,0.0,0.0
1337,9.315511,9.904213,3.289000,4,0,6000.0000,-1000.0000,90.0000,-15.8345,1,2.0,100.00,0.0,0.0,0.0,0.0
1338,10.073087,9.320201,3.266000,4,0,6000.0000,-1000.0000,90.0000,-15.7180,1,2.0,100.00,0.0,0.0,0.0,0.0
1339,9.148837,10.114068,3.266000,4,0,6000.0000,-1000.0000,90.0000,-15.5916,1,2.0,100.00,0.0,0.0,0.0,0.0
1340,9.853273,9.090766,3.284000,4,0,6000.0000,-1000.0000,90.0000,-15.4779,1,2.0,100.00,0.0,0.0,0.0,0.0
1341,10.232510,9.869213,3.326000,4,0,6000.0000,-1000.0000,90.0000,-15.3546,1,2.0,100.00,0.0,0.0,0.0,0.0
1342,9.756911,10.205160,3.310000,4,0,6000.0000,-1000.0000,90.0000,-15.2270,1,2.0,100.00,0.0,0.0,0.0,0.0
1343,9.841101,9.774501,3.296000,4,0,6000.0000,-1000.0000,90.0000,-15.1048,1,2.0,100.00,0.0,0.0,0.0,0.0
1344,9.898473,9.818351,3.257000,4,0,6000.0000,-1000.0000,90.0000,-14.9821,1,2.0,100.00,0.0,0.0,0.0,0.0
1345,10.477397,9.890554,3.219000,4,0,6000.0000,-1000.0000,90.0000,-14.8585,1,2.0,100.00,0.0,0.0,0.0,0.0
1346,10.308412,10.485345,3.294000,4,0,6000.0000,-1000.0000,90.0000,-14.7274,1,2.0,100.00,0.0,0.0,0.0,0.0
1347,9.641848,10.307522,3.249000,4,0,6000.0000,-1000.0000,90.0000,-14.5986,1,2.0,100.00,0.0,0.0,0.0,0.0
1348,10.315002,9.648888,3.310000,4,0,6000.0000,-1000.0000,90.0000,-14.4779,1,2.0,100.00,0.0,0.0,0.0,0.0
1349,9.835572,10.320423,3.264000,4,0,6000.0000,-1000.0000,90.0000,-14.3489,1,2.0,100.00,0.0,0.0,0.0,0.0
1350,10.169459,9.835742,3.279000,4,0,6000.0000,-1000.0000,90.0000,-14.2260,1,2.0,100.00,0.0,0.0,0.0,0.0
1351,10.561698,10.166819,3.320000,4,0,6000.0000,-1000.0000,90.0000,-14.0989,1,2.0,100.00,0.0,0.0,0.0,0.0
1352,10.696170,10.584338,3.334000,4,0,6000.0000,-1000.0000,90.0000,-13.9666,1,2.0,100.00,0.0,0.0,0.0,0.0
1353,10.617029,10.628419,3.290000,4,0,6000.0000,-1000.0000,90.0000,-13.8338,1,2.0,100.00,0.0,0.0,0.0,0.0
1354,11.638321,10.588258,3.254000,4,0,6000.0000,-1000.0000,90.0000,-13.7014,1,2.0,100.00,0.0,0.0,0.0,0.0
1355,11.142580,11.656572,3.239000,4,0,6000.0000,-1000.0000,90.0000,-13.5557,1,2.0,100.00,0.0,0.0,0.0,0.0
1356,10.303972,11.115099,3.350000,4,0,6000.0000,-1000.0000,90.0000,-13.4168,1,2.0,100.00,0.0,0.0,0.0,0.0
1357,11.438936,10.314302,3.254000,4,0,6000.0000,-1000.0000,90.0000,-13.2878,1,2.0,100.00,0.0,0.0,0.0,0.0
1358,12.382438,11.631062,3.291000,4,0,6000.0000,-1000.0000,90.0000,-13.1424,1,2.0,100.00,0.0,0.0,0.0,0.0
1359,10.232890,12.338375,3.227000,4,0,6000.0000,-1000.0000,90.0000,-12.9882,1,2.0,100.00,0.0,0.0,0.0,0.0
1360,11.743144,10.173519,3.299000,4,0,6000.0000,-1000.0000,90.0000,-12.8610,1,2.0,100.00,0.0,0.0,0.0,0.0
1361,9.655197,11.735173,3.315000,4,0,6000.0000,-1000.0000,90.0000,-12.7143,1,2.0,100.00,0.0,0.0,0.0,0.0
1362,10.428485,9.671869,3.292000,4,0,6000.0000,-1000.0000,90.0000,-12.5934,1,2.0,100.00,0.0,0.0,0.0,0.0
1363,11.578669,10.427135,3.243000,4,0,6000.0000,-1000.0000,90.0000,-12.4631,1,2.0,100.00,0.0,0.0,0.0,0.0
1364,11.182262,11.568489,3.350000,4,0,6000.0000,-1000.0000,90.0000,-12.3185,1,2.0,100.00,0.0,0.0,0.0,0.0
1365,10.787762,11.183431,3.257000,4,0,6000.0000,-1000.0000,90.0000,-12.1787,1,2.0,100.00,0.0,0.0,0.0,0.0
1366,11.385856,10.738292,3.315000,4,0,6000.0000,-1000.0000,90.0000,-12.0445,1,2.0,100.00,0.0,0.0,0.0,0.0
1367,11.131740,11.518908,3.335000,4,0,6000.0000,-1000.0000,90.0000,-11.9005,1,2.0,100.00,0.0,0.0,0.0,0.0
1368,10.947976,11.082878,3.419000,4,0,6000.0000,-1000.0000,90.0000,-11.7620,1,2.0,100.00,0.0,0.0,0.0,0.0
1369,11.005947,10.983267,3.312000,4,0,6000.0000,-1000.0000,90.0000,-11.6247,1,2.0,100.00,0.0,0.0,0.0,0.0
1370,12.517229,10.999747,3.314000,4,0,6000.0000,-1000.0000,90.0000,-11.4872,1,2.0,100.00,0.0,0.0,0.0,0.0
1371,11.855726,12.531171,3.408000,4,0,6000.0000,-1000.0000,90.0000,-11.3305,1,2.0,100.00,0.0,0.0,0.0,0.0
1372,11.940697,11.797553,3.434000,4,0,6000.0000,-1000.0000,90.0000,-11.1831,1,2.0,100.00,0.0,0.0,0.0,0.0
1373,11.433267,11.922847,3.396000,4,0,6000.0000,-1000.0000,90.0000,-11.0340,1,2.0,100.00,0.0,0.0,0.0,0.0
1374,11.132960,11.446728,3.288000,4,0,6000.0000,-1000.0000,90.0000,-10.8909,1,2.0,100.00,0.0,0.0,0.0,0.0
1375,11.746113,11.152070,3.224000,4,0,6000.0000,-1000.0000,90.0000,-10.7515,1,2.0,100.00,0.0,0.0,0.0,0.0
1376,11.276524,11.672602,3.287000,4,0,6000.0000,-1000.0000,90.0000,-10.6056,1,2.0,100.00,0.0,0.0,0.0,0.0
1377,12.018709,11.303303,3.338000,4,0,6000.0000,-1000.0000,90.0000,-10.4643,1,2.0,100.00,0.0,0.0,0.0,0.0
1378,11.228341,12.134842,3.312000,4,0,6000.0000,-1000.0000,90.0000,-10.3127,1,2.0,100.00,0.0,0.0,0.0,0.0
1379,10.522467,11.164850,3.237000,4,0,6000.0000,-1000.0000,90.0000,-10.1731,1,2.0,100.00,0.0,0.0,0.0,0.0
1380,10.207520,10.534818,3.343000,4,0,6000.0000,-1000.0000,90.0000,-10.0414,1,2.0,100.00,0.0,0.0,0.0,0.0
1381,10.030327,10.192559,3.232000,4,0,6000.0000,-1000.0000,90.0000,-9.9140,1,2.0,100.00,0.0,0.0,0.0,0.0
1382,11.248812,10.043567,3.296000,4,0,6000.0000,-1000.0000,90.0000,-9.7885,1,2.0,100.00,0.0,0.0,0.0,0.0
1383,10.543396,11.196111,3.267000,4,0,6000.0000,-1000.0000,90.0000,-9.6485,1,2.0,100.00,0.0,0.0,0.0,0.0
1384,10.986857,10.597039,3.216000,4,0,6000.0000,-1000.0000,90.0000,-9.5160,1,2.0,100.00,0.0,0.0,0.0,0.0
1385,10.397695,10.963606,3.293000,4,0,6000.0000,-1000.0000,90.0000,-9.3790,1,2.0,100.00,0.0,0.0,0.0,0.0
1386,10.621398,10.400204,3.340000,4,0,6000.0000,-1000.0000,90.0000,-9.2490,1,2.0,100.00,0.0,0.0,0.0,0.0
1387,13.489482,10.632159,3.235000,4,0,6000.0000,-1000.0000,90.0000,-9.1161,1,2.0,100.00,0.0,0.0,0.0,0.0
1388,13.136593,13.449690,3.291000,4,0,6000.0000,-1000.0000,90.0000,-8.9480,1,2.0,100.00,0.0,0.0,0.0,0.0
1389,13.227165,13.170323,3.305000,4,0,6000.0000,-1000.0000,90.0000,-8.7833,1,2.0,100.00,0.0,0.0,0.0,0.0
1390,13.599403,13.214466,3.388000,4,0,6000.0000,-1000.0000,90.0000,-8.6182,1,2.0,100.00,0.0,0.0,0.0,0.0
1391,12.851047,13.572282,3.313000,4,0,6000.0000,-1000.0000,90.0000,-8.4485,1,2.0,100.00,0.0,0.0,0.0,0.0
1392,12.858607,12.825957,3.332000,4,0,6000.0000,-1000.0000,90.0000,-8.2882,1,2.0,100.00,0.0,0.0,0.0,0.0
1393,12.975590,12.870467,3.311000,4,0,6000.0000,-1000.0000,90.0000,-8.1273,1,2.0,100.00,0.0,0.0,0.0,0.0
1394,12.963400,13.073262,3.364000,4,0,6000.0000,-1000.0000,90.0000,-7.9639,1,2.0,100.00,0.0,0.0,0.0,0.0
1395,13.019280,12.916288,3.232000,4,0,6000.0000,-1000.0000,90.0000,-7.8024,1,2.0,100.00,0.0,0.0,0.0,0.0
1396,12.967619,12.999920,3.275000,4,0,6000.0000,-1000.0000,90.0000,-7.6399,1,2.0,100.00,0.0,0.0,0.0,0.0
1397,12.822576,12.965520,3.259000,4,0,6000.0000,-1000.0000,90.0000,-7.4779,1,2.0,100.00,0.0,0.0,0.0,0.0
1398,13.288067,12.853897,3.251000,4,0,6000.0000,-1000.0000,90.0000,-7.3172,1,2.0,100.00,0.0,0.0,0.0,0.0
1399,13.587103,13.287806,3.393000,4,0,6000.0000,-1000.0000,90.0000,-7.1511,1,2.0,100.00,0.0,0.0,0.0,0.0
1400,12.185672,13.543932,3.381000,4,0,6000.0000,-1000.0000,90.0000,-6.9818,1,2.0,100.00,0.0,0.0,0.0,0.0
1401,12.202044,12.216104,3.281000,4,0,6000.0000,-1000.0000,90.0000,-6.8291,1,2.0,100.00,0.0,0.0,0.0,0.0
1402,12.378566,12.174602,3.224000,4,0,6000.0000,-1000.0000,90.0000,-6.6769,1,2.0,100.00,0.0,0.0,0.0,0.0
1403,12.689344,12.379726,3.248000,4,0,6000.0000,-1000.0000,90.0000,-6.5222,1,2.0,100.00,0.0,0.0,0.0,0.0
1404,12.778915,12.710505,3.366000,4,0,6000.0000,-1000.0000,90.0000,-6.3633,1,2.0,100.00,0.0,0.0,0.0,0.0
1405,12.359587,12.811176,3.365000,4,0,6000.0000,-1000.0000,90.0000,-6.2031,1,2.0,100.00,0.0,0.0,0.0,0.0
1406,12.230153,12.347236,3.277000,4,0,6000.0000,-1000.0000,90.0000,-6.0488,1,2.0,100.00,0.0,0.0,0.0,0.0
1407,14.336699,12.203503,3.268000,4,0,6000.0000,-1000.0000,90.0000,-5.8963,1,2.0,100.00,0.0,0.0,0.0,0.0
1408,12.610852,14.373430,3.193000,4,0,6000.0000,-1000.0000,90.0000,-5.7166,1,2.0,100.00,0.0,0.0,0.0,0.0
1409,12.652103,12.603761,3.237000,4,0,6000.0000,-1000.0000,90.0000,-5.5590,1,2.0,100.00,0.0,0.0,0.0,0.0
1410,12.210823,12.612292,3.454000,4,0,6000.0000,-1000.0000,90.0000,-5.4014,1,2.0,100.00,0.0,0.0,0.0,0.0
1411,12.021889,12.280145,3.305000,4,0,6000.0000,-1000.0000,90.0000,-5.2479,1,2.0,100.00,0.0,0.0,0.0,0.0
1412,12.242554,11.972428,3.262000,4,0,6000.0000,-1000.0000,90.0000,-5.0982,1,2.0,100.00,0.0,0.0,0.0,0.0
1413,13.182564,12.252054,3.359000,4,0,6000.0000,-1000.0000,90.0000,-4.9451,1,2.0,100.00,0.0,0.0,0.0,0.0
1414,13.332288,13.155723,3.279000,4,0,6000.0000,-1000.0000,90.0000,-4.7806,1,2.0,100.00,0.0,0.0,0.0,0.0
1415,13.133893,13.280657,3.330000,4,0,6000.0000,-1000.0000,90.0000,-4.6146,1,2.0,100.00,0.0,0.0,0.0,0.0
1416,13.461180,13.131113,3.259000,4,0,6000.0000,-1000.0000,90.0000,-4.4505,1,2.0,100.00,0.0,0.0,0.0,0.0
1417,13.980751,13.452240,3.258000,4,0,6000.0000,-1000.0000,90.0000,-4.2823,1,2.0,100.00,0.0,0.0,0.0,0.0
1418,13.432650,13.976541,3.279000,4,0,6000.0000,-1000.0000,90.0000,-4.1076,1,2.0,100.00,0.0,0.0,0.0,0.0
1419,12.751594,13.435810,3.210000,4,0,6000.0000,-1000.0000,90.0000,-3.9397,1,2.0,100.00,0.0,0.0,0.0,0.0
1420,17.195551,12.763724,3.388000,4,0,6000.0000,-1000.0000,90.0000,-3.7801,1,2.0,100.00,0.0,0.0,0.0,0.0
1421,13.491181,17.219262,3.238000,4,0,6000.0000,-1000.0000,90.0000,-3.5649,1,2.0,100.00,0.0,0.0,0.0,0.0
1422,12.647853,13.449840,3.324000,4,0,6000.0000,-1000.0000,90.0000,-3.3968,1,2.0,100.00,0.0,0.0,0.0,0.0
1423,14.138624,12.788076,3.362000,4,0,6000.0000,-1000.0000,90.0000,-3.2369,1,2.0,100.00,0.0,0.0,0.0,0.0
1424,16.658569,14.076633,3.348000,4,0,6000.0000,-1000.0000,90.0000,-3.0610,1,2.0,100.00,0.0,0.0,0.0,0.0
1425,13.355118,16.700260,3.288000,4,0,6000.0000,-1000.0000,90.0000,-2.8522,1,2.0,100.00,0.0,0.0,0.0,0.0
1426,13.163254,13.362128,3.413000,4,0,6000.0000,-1000.0000,90.0000,-2.6852,1,2.0,100.00,0.0,0.0,0.0,0.0
1427,12.786316,13.152463,3.281000,4,0,6000.0000,-1000.0000,90.0000,-2.5208,1,2.0,100.00,0.0,0.0,0.0,0.0
1428,14.147385,12.771916,3.365000,4,0,6000.0000,-1000.0000,90.0000,-2.3611,1,2.0,100.00,0.0,0.0,0.0,0.0
1429,13.643903,14.211706,3.386000,4,0,6000.0000,-1000.0000,90.0000,-2.1835,1,2.0,100.00,0.0,0.0,0.0,0.0
1430,13.267347,13.579443,3.253000,4,0,6000.0000,-1000.0000,90.0000,-2.0137,1,2.0,100.00,0.0,0.0,0.0,0.0
1431,13.554351,13.274416,3.429000,4,0,6000.0000,-1000.0000,90.0000,-1.8478,1,2.0,100.00,0.0,0.0,0.0,0.0
1432,13.661225,13.586833,3.391000,4,0,6000.0000,-1000.0000,90.0000,-1.6780,1,2.0,100.00,0.0,0.0,0.0,0.0
1433,13.673875,13.613563,3.429000,4,0,6000.0000,-1000.0000,90.0000,-1.5078,1,2.0,100.00,0.0,0.0,0.0,0.0
1434,13.230165,13.741606,3.368000,4,0,6000.0000,-1000.0000,90.0000,-1.3360,1,2.0,100.00,0.0,0.0,0.0,0.0
1435,14.022462,13.230335,3.334000,4,0,6000.0000,-1000.0000,90.0000,-1.1707,1,2.0,100.00,0.0,0.0,0.0,0.0
1436,13.502061,14.020042,3.329000,4,0,6000.0000,-1000.0000,90.0000,-0.9954,1,2.0,100.00,0.0,0.0,0.0,0.0
1437,13.895149,13.496832,3.251000,4,0,6000.0000,-1000.0000,90.0000,-0.8267,1,2.0,100.00,0.0,0.0,0.0,0.0
1438,14.644546,13.943150,3.226000,4,0,6000.0000,-1000.0000,90.0000,-0.6524,1,2.0,100.00,0.0,0.0,0.0,0.0
1439,14.686127,14.605305,3.311000,4,0,6000.0000,-1000.0000,90.0000,-0.4698,1,2.0,100.00,0.0,0.0,0.0,0.0
1440,14.505052,14.623785,3.229000,4,0,6000.0000,-1000.0000,90.0000,-0.2870,1,2.0,100.00,0.0,0.0,0.0,0.0
1441,13.288027,14.531283,3.309000,4,0,6000.0000,-1000.0000,90.0000,-0.1054,1,2.0,100.00,0.0,0.0,0.0,0.0
1442,13.500611,13.276467,3.351000,4,0,6000.0000,-1000.0000,90.0000,0.0606,1,2.0,100.00,0.0,0.0,0.0,0.0
1443,13.952541,13.448959,3.298000,4,0,6000.0000,-1000.0000,90.0000,0.2287,1,2.0,100.00,0.0,0.0,0.0,0.0
1444,13.040541,13.983272,3.331000,4,0,6000.0000,-1000.0000,90.0000,0.4035,1,2.0,100.00,0.0,0.0,0.0,0.0
1445,13.289306,13.015440,3.282000,4,0,6000.0000,-1000.0000,90.0000,0.5661,1,2.0,100.00,0.0,0.0,0.0,0.0
1446,13.557123,13.295726,3.327000,4,0,6000.0000,-1000.0000,90.0000,0.7323,1,2.0,100.00,0.0,0.0,0.0,0.0
1447,12.880406,13.533402,3.251000,4,0,6000.0000,-1000.0000,90.0000,0.9015,1,2.0,100.00,0.0,0.0,0.0,0.0
1448,14.037694,12.873528,3.244000,4,0,6000.0000,-1000.0000,90.0000,1.0624,1,2.0,100.00,0.0,0.0,0.0,0.0
1449,13.963210,14.037653,3.330000,4,0,6000.0000,-1000.0000,90.0000,1.2379,1,2.0,100.00,0.0,0.0,0.0,0.0
1450,13.281327,13.955981,3.279000,4,0,6000.0000,-1000.0000,90.0000,1.4124,1,2.0,100.00,0.0,0.0,0.0,0.0
1451,11.994839,13.289926,3.219000,4,0,6000.0000,-1000.0000,90.0000,1.5785,1,2.0,100.00,0.0,0.0,0.0,0.0
1452,12.950189,11.995628,3.308000,4,0,6000.0000,-1000.0000,90.0000,1.7284,1,2.0,100.00,0.0,0.0,0.0,0.0
1453,13.000560,12.945919,3.198000,4,0,6000.0000,-1000.0000,90.0000,1.8902,1,2.0,100.00,0.0,0.0,0.0,0.0
1454,12.514199,13.012681,3.315000,4,0,6000.0000,-1000.0000,90.0000,2.0529,1,2.0,100.00,0.0,0.0,0.0,0.0
1455,13.077302,12.496749,3.276000,4,0,6000.0000,-1000.0000,90.0000,2.2091,1,2.0,100.00,0.0,0.0,0.0,0.0
1456,13.182584,13.071291,3.348000,4,0,6000.0000,-1000.0000,90.0000,2.3725,1,2.0,100.00,0.0,0.0,0.0,0.0
1457,12.400908,13.183195,3.269000,4,0,6000.0000,-1000.0000,90.0000,2.5373,1,2.0,100.00,0.0,0.0,0.0,0.0
1458,13.251895,12.398117,3.370000,4,0,6000.0000,-1000.0000,90.0000,2.6923,1,2.0,100.00,0.0,0.0,0.0,0.0
1459,13.202745,13.279466,3.326000,4,0,6000.0000,-1000.0000,90.0000,2.8583,1,2.0,100.00,0.0,0.0,0.0,0.0
1460,13.273316,13.180515,3.287000,4,0,6000.0000,-1000.0000,90.0000,3.0230,1,2.0,100.00,0.0,0.0,0.0,0.0
1461,13.662124,13.267536,3.266000,4,0,6000.0000,-1000.0000,90.0000,3.1889,1,2.0,100.00,0.0,0.0,0.0,0.0
1462,13.519842,13.661434,3.377000,4,0,6000.0000,-1000.0000,90.0000,3.3596,1,2.0,100.00,0.0,0.0,0.0,0.0
1463,12.763484,13.553662,3.298000,4,0,6000.0000,-1000.0000,90.0000,3.5291,1,2.0,100.00,0.0,0.0,0.0,0.0
1464,12.791086,12.728905,3.311000,4,0,6000.0000,-1000.0000,90.0000,3.6882,1,2.0,100.00,0.0,0.0,0.0,0.0
1465,12.968200,12.787215,3.335000,4,0,6000.0000,-1000.0000,90.0000,3.8480,1,2.0,100.00,0.0,0.0,0.0,0.0
1466,13.506442,12.955009,3.273000,4,0,6000.0000,-1000.0000,90.0000,4.0099,1,2.0,100.00,0.0,0.0,0.0,0.0
1467,13.317976,13.527842,3.357000,4,0,6000.0000,-1000.0000,90.0000,4.1790,1,2.0,100.00,0.0,0.0,0.0,0.0
1468,13.951861,13.333457,3.289000,4,0,6000.0000,-1000.0000,90.0000,4.3457,1,2.0,100.00,0.0,0.0,0.0,0.0
1469,14.245897,13.961751,3.325000,4,0,6000.0000,-1000.0000,90.0000,4.5202,1,2.0,100.00,0.0,0.0,0.0,0.0
1470,13.751656,14.221626,3.341000,4,0,6000.0000,-1000.0000,90.0000,4.6980,1,2.0,100.00,0.0,0.0,0.0,0.0
1471,13.634095,13.769147,3.372000,4,0,6000.0000,-1000.0000,90.0000,4.8701,1,2.0,100.00,0.0,0.0,0.0,0.0
1472,14.448071,13.619214,3.290000,4,0,6000.0000,-1000.0000,90.0000,5.0404,1,2.0,100.00,0.0,0.0,0.0,0.0
1473,13.929890,14.473552,3.308000,4,0,6000.0000,-1000.0000,90.0000,5.2213,1,2.0,100.00,0.0,0.0,0.0,0.0
1474,13.679215,13.930600,3.300000,4,0,6000.0000,-1000.0000,90.0000,5.3954,1,2.0,100.00,0.0,0.0,0.0,0.0
1475,13.776906,13.674815,3.311000,4,0,6000.0000,-1000.0000,90.0000,5.5663,1,2.0,100.00,0.0,0.0,0.0,0.0
1476,13.505552,13.746917,3.298000,4,0,6000.0000,-1000.0000,90.0000,5.7382,1,2.0,100.00,0.0,0.0,0.0,0.0
1477,13.826028,13.535431,3.257000,4,0,6000.0000,-1000.0000,90.0000,5.9074,1,2.0,100.00,0.0,0.0,0.0,0.0
1478,13.598503,13.804438,3.325000,4,0,6000.0000,-1000.0000,90.0000,6.0799,1,2.0,100.00,0.0,0.0,0.0,0.0
1479,13.229526,13.597793,3.295000,4,0,6000.0000,-1000.0000,90.0000,6.2499,1,2.0,100.00,0.0,0.0,0.0,0.0
1480,13.565331,13.252675,3.316000,4,0,6000.0000,-1000.0000,90.0000,6.4156,1,2.0,100.00,0.0,0.0,0.0,0.0
1481,13.240426,13.538272,3.307000,4,0,6000.0000,-1000.0000,90.0000,6.5848,1,2.0,100.00,0.0,0.0,0.0,0.0
1482,13.575283,13.282577,3.308000,4,0,6000.0000,-1000.0000,90.0000,6.7508,1,2.0,100.00,0.0,0.0,0.0,0.0
1483,13.617623,13.578022,3.349000,4,0,6000.0000,-1000.0000,90.0000,6.9205,1,2.0,100.00,0.0,0.0,0.0,0.0
1484,13.870368,13.584423,3.303000,4,0,6000.0000,-1000.0000,90.0000,7.0904,1,2.0,100.00,0.0,0.0,0.0,0.0
1485,12.801327,13.875739,3.277000,4,0,6000.0000,-1000.0000,90.0000,7.2638,1,2.0,100.00,0.0,0.0,0.0,0.0
1486,13.112192,12.795665,3.266000,4,0,6000.0000,-1000.0000,90.0000,7.4237,1,2.0,100.00,0.0,0.0,0.0,0.0
1487,13.060112,13.107174,3.303000,4,0,6000.0000,-1000.0000,90.0000,7.5876,1,2.0,100.00,0.0,0.0,0.0,0.0
1488,13.220495,13.061661,3.279000,4,0,6000.0000,-1000.0000,90.0000,7.7509,1,2.0,100.00,0.0,0.0,0.0,0.0
1489,13.492421,13.251945,3.421000,4,0,6000.0000,-1000.0000,90.0000,7.9165,1,2.0,100.00,0.0,0.0,0.0,0.0
1490,12.805326,13.470130,3.400000,4,0,6000.0000,-1000.0000,90.0000,8.0849,1,2.0,100.00,0.0,0.0,0.0,0.0
1491,14.072723,12.837367,3.350000,4,0,6000.0000,-1000.0000,90.0000,8.2453,1,2.0,100.00,0.0,0.0,0.0,0.0
1492,13.502221,14.069823,3.294000,4,0,6000.0000,-1000.0000,90.0000,8.4212,1,2.0,100.00,0.0,0.0,0.0,0.0
1493,12.958609,13.438701,3.422000,4,0,6000.0000,-1000.0000,90.0000,8.5892,1,2.0,100.00,0.0,0.0,0.0,0.0
1494,13.002730,13.056931,3.339000,4,0,6000.0000,-1000.0000,90.0000,8.7524,1,2.0,100.00,0.0,0.0,0.0,0.0
1495,12.901588,12.922359,3.442000,4,0,6000.0000,-1000.0000,90.0000,8.9139,1,2.0,100.00,0.0,0.0,0.0,0.0
1496,12.849618,12.968709,3.241000,4,0,6000.0000,-1000.0000,90.0000,9.0761,1,2.0,100.00,0.0,0.0,0.0,0.0
1497,13.672975,12.833816,3.436000,4,0,6000.0000,-1000.0000,90.0000,9.2365,1,2.0,100.00,0.0,0.0,0.0,0.0
1498,14.006831,13.699796,3.474000,4,0,6000.0000,-1000.0000,90.0000,9.4077,1,2.0,100.00,0.0,0.0,0.0,0.0
1499,13.964932,14.006401,3.301000,4,0,6000.0000,-1000.0000,90.0000,9.5828,1,2.0,100.00,0.0,0.0,0.0,0.0
1500,14.009191,13.968472,3.409000,4,0,6000.0000,-1000.0000,90.0000,9.7574,1,2.0,100.00,0.0,0.0,0.0,0.0
1501,13.852479,14.039242,3.283000,4,0,6000.0000,-1000.0000,90.0000,9.9329,1,2.0,100.00,0.0,0.0,0.0,0.0
1502,13.674794,13.808438,3.351000,4,0,6000.0000,-1000.0000,90.0000,10.1055,1,2.0,100.00,0.0,0.0,0.0,0.0
1503,14.680967,13.677685,3.317000,4,0,6000.0000,-1000.0000,90.0000,10.2765,1,2.0,100.00,0.0,0.0,0.0,0.0
1504,12.014679,14.650215,3.317000,4,0,6000.0000,-1000.0000,90.0000,10.4596,1,2.0,100.00,0.0,0.0,0.0,0.0
1505,12.774036,12.006259,3.301000,4,0,6000.0000,-1000.0000,90.0000,10.6097,1,2.0,100.00,0.0,0.0,0.0,0.0
1506,12.453887,12.794526,3.377000,4,0,6000.0000,-1000.0000,90.0000,10.7696,1,2.0,100.00,0.0,0.0,0.0,0.0
1507,13.556003,12.435468,3.367000,4,0,6000.0000,-1000.0000,90.0000,10.9251,1,2.0,100.00,0.0,0.0,0.0,0.0
1508,12.666022,13.569862,3.247000,4,0,6000.0000,-1000.0000,90.0000,11.0947,1,2.0,100.00,0.0,0.0,0.0,0.0
1509,13.823159,12.636853,3.355000,4,0,6000.0000,-1000.0000,90.0000,11.2526,1,2.0,100.00,0.0,0.0,0.0,0.0
1510,12.612452,13.827257,3.264000,4,0,6000.0000,-1000.0000,90.0000,11.4255,1,2.0,100.00,0.0,0.0,0.0,0.0
1511,12.210213,12.699654,3.253000,4,0,6000.0000,-1000.0000,90.0000,11.5842,1,2.0,100.00,0.0,0.0,0.0,0.0
1512,12.889718,12.172663,3.297000,4,0,6000.0000,-1000.0000,90.0000,11.7364,1,2.0,100.00,0.0,0.0,0.0,0.0
1513,12.574030,12.861727,3.260000,4,0,6000.0000,-1000.0000,90.0000,11.8972,1,2.0,100.00,0.0,0.0,0.0,0.0
1514,11.897727,12.575642,3.335000,4,0,6000.0000,-1000.0000,90.0000,12.0544,1,2.0,100.00,0.0,0.0,0.0,0.0
1515,11.728563,11.896366,3.296000,4,0,6000.0000,-1000.0000,90.0000,12.2031,1,2.0,100.00,0.0,0.0,0.0,0.0
1516,11.819655,11.750973,3.233000,4,0,6000.0000,-1000.0000,90.0000,12.3499,1,2.0,100.00,0.0,0.0,0.0,0.0
1517,12.689834,11.799274,3.345000,4,0,6000.0000,-1000.0000,90.0000,12.4974,1,2.0,100.00,0.0,0.0,0.0,0.0
1518,11.925407,12.711804,3.327000,4,0,6000.0000,-1000.0000,90.0000,12.6563,1,2.0,100.00,0.0,0.0,0.0,0.0
1519,12.998480,11.896447,3.276000,4,0,6000.0000,-1000.0000,90.0000,12.8050,1,2.0,100.00,0.0,0.0,0.0,0.0
1520,14.644355,12.999690,3.276000,4,0,6000.0000,-1000.0000,90.0000,12.9675,1,2.0,100.00,0.0,0.0,0.0,0.0
1521,14.057043,14.681756,3.279000,4,0,6000.0000,-1000.0000,90.0000,13.1511,1,2.0,100.00,0.0,0.0,0.0,0.0
1522,14.411611,14.012952,3.349000,4,0,6000.0000,-1000.0000,90.0000,13.3262,1,2.0,100.00,0.0,0.0,0.0,0.0
1523,13.696695,14.483263,3.270000,4,0,6000.0000,-1000.0000,90.0000,13.5073,1,2.0,100.00,0.0,0.0,0.0,0.0
1524,12.665453,13.630564,3.336000,4,0,6000.0000,-1000.0000,90.0000,13.6776,1,2.0,100.00,0.0,0.0,0.0,0.0
1525,13.452779,12.670962,3.267000,4,0,6000.0000,-1000.0000,90.0000,13.8360,1,2.0,100.00,0.0,0.0,0.0,0.0
1526,13.201526,13.456201,3.348000,4,0,6000.0000,-1000.0000,90.0000,14.0042,1,2.0,100.00,0.0,0.0,0.0,0.0
1527,13.450639,13.234615,3.366000,4,0,6000.0000,-1000.0000,90.0000,14.1697,1,2.0,100.00,0.0,0.0,0.0,0.0
1528,12.896948,13.418059,3.312000,4,0,6000.0000,-1000.0000,90.0000,14.3374,1,2.0,100.00,0.0,0.0,0.0,0.0
1529,13.281066,12.903298,3.240000,4,0,6000.0000,-1000.0000,90.0000,14.4987,1,2.0,100.00,0.0,0.0,0.0,0.0
1530,13.489691,13.305467,3.358000,4,0,6000.0000,-1000.0000,90.0000,14.6650,1,2.0,100.00,0.0,0.0,0.0,0.0
1531,12.950550,13.520361,3.385000,4,0,6000.0000,-1000.0000,90.0000,14.8340,1,2.0,100.00,0.0,0.0,0.0,0.0
1532,14.054463,12.926019,3.357000,4,0,6000.0000,-1000.0000,90.0000,14.9956,1,2.0,100.00,0.0,0.0,0.0,0.0
1533,13.268935,14.066553,3.292000,4,0,6000.0000,-1000.0000,90.0000,15.1714,1,2.0,100.00,0.0,0.0,0.0,0.0
1534,13.765797,13.233425,3.291000,4,0,6000.0000,-1000.0000,90.0000,15.3368,1,2.0,100.00,0.0,0.0,0.0,0.0
1535,13.821198,13.787627,3.314000,4,0,6000.0000,-1000.0000,90.0000,15.5092,1,2.0,100.00,0.0,0.0,0.0,0.0
1536,13.105993,13.827488,3.308000,4,0,6000.0000,-1000.0000,90.0000,15.6820,1,2.0,100.00,0.0,0.0,0.0,0.0
1537,12.699713,13.100193,3.356000,4,0,6000.0000,-1000.0000,90.0000,15.8458,1,2.0,100.00,0.0,0.0,0.0,0.0
1538,13.021570,12.666913,3.373000,4,0,6000.0000,-1000.0000,90.0000,16.0041,1,2.0,100.00,0.0,0.0,0.0,0.0
1539,13.071112,13.030171,3.266000,4,0,6000.0000,-1000.0000,90.0000,16.1670,1,2.0,100.00,0.0,0.0,0.0,0.0
1540,12.544451,13.095182,3.397000,4,0,6000.0000,-1000.0000,90.0000,16.3307,1,2.0,100.00,0.0,0.0,0.0,0.0
1541,13.232555,12.508969,3.288000,4,0,6000.0000,-1000.0000,90.0000,16.4870,1,2.0,100.00,0.0,0.0,0.0,0.0
1542,13.497571,13.238115,3.310000,4,0,6000.0000,-1000.0000,90.0000,16.6525,1,2.0,100.00,0.0,0.0,0.0,0.0
1543,13.006161,13.524052,3.211000,4,0,6000.0000,-1000.0000,90.0000,16.8216,1,2.0,100.00,0.0,0.0,0.0,0.0
1544,12.985900,13.008991,3.231000,4,0,6000.0000,-1000.0000,90.0000,16.9842,1,2.0,100.00,0.0,0.0,0.0,0.0
1545,12.765354,12.975409,3.367000,4,0,6000.0000,-1000.0000,90.0000,17.1464,1,2.0,100.00,0.0,0.0,0.0,0.0
1546,12.735525,12.735435,3.288000,4,0,6000.0000,-1000.0000,90.0000,17.3056,1,2.0,100.00,0.0,0.0,0.0,0.0
1547,12.957019,12.769315,3.305000,4,0,6000.0000,-1000.0000,90.0000,17.4652,1,2.0,100.00,0.0,0.0,0.0,0.0
1548,13.147873,12.932468,3.343000,4,0,6000.0000,-1000.0000,90.0000,17.6268,1,2.0,100.00,0.0,0.0,0.0,0.0
1549,15.215198,13.145755,3.305000,4,0,6000.0000,-1000.0000,90.0000,17.7912,1,2.0,100.00,0.0,0.0,0.0,0.0
1550,14.523763,15.247898,3.353000,4,0,6000.0000,-1000.0000,90.0000,17.9818,1,2.0,100.00,0.0,0.0,0.0,0.0
1551,14.460232,14.490412,3.340000,4,0,6000.0000,-1000.0000,90.0000,18.1629,1,2.0,100.00,0.0,0.0,0.0,0.0
1552,15.273550,14.497433,3.280000,4,0,6000.0000,-1000.0000,90.0000,18.3441,1,2.0,100.00,0.0,0.0,0.0,0.0
1553,15.169306,15.239798,3.267000,4,0,6000.0000,-1000.0000,90.0000,18.5346,1,2.0,100.00,0.0,0.0,0.0,0.0
1554,14.855921,15.176907,3.344000,4,0,6000.0000,-1000.0000,90.0000,18.7243,1,2.0,100.00,0.0,0.0,0.0,0.0
1555,15.489673,14.854980,3.413000,4,0,6000.0000,-1000.0000,90.0000,18.9100,1,2.0,100.00,0.0,0.0,0.0,0.0
1556,13.174604,15.919244,3.411000,4,0,6000.0000,-1000.0000,90.0000,19.1090,1,2.0,100.00,0.0,0.0,0.0,0.0
1557,13.910940,12.745955,3.354000,4,0,6000.0000,-1000.0000,90.0000,19.2683,1,2.0,100.00,0.0,0.0,0.0,0.0
1558,13.743716,13.981151,3.312000,4,0,6000.0000,-1000.0000,90.0000,19.4431,1,2.0,100.00,0.0,0.0,0.0,0.0
1559,13.441560,13.796027,3.381000,4,0,6000.0000,-1000.0000,90.0000,19.6155,1,2.0,100.00,0.0,0.0,0.0,0.0
1560,13.078312,13.436790,3.440000,4,0,6000.0000,-1000.0000,90.0000,19.7835,1,2.0,100.00,0.0,0.0,0.0,0.0
1561,13.189094,12.973339,3.398000,4,0,6000.0000,-1000.0000,90.0000,19.9457,1,2.0,100.00,0.0,0.0,0.0,0.0
1562,13.508001,13.277726,3.276000,4,0,6000.0000,-1000.0000,90.0000,20.1116,1,2.0,100.00,0.0,0.0,0.0,0.0
1563,13.250805,13.309097,3.327000,4,0,6000.0000,-1000.0000,90.0000,20.2780,1,2.0,100.00,0.0,0.0,0.0,0.0
1564,12.559342,13.382079,3.292000,4,0,6000.0000,-1000.0000,90.0000,20.4453,1,2.0,100.00,0.0,0.0,0.0,0.0
1565,13.553582,12.596951,3.331000,4,0,6000.0000,-1000.0000,90.0000,20.6027,1,2.0,100.00,0.0,0.0,0.0,0.0
1566,13.438859,13.507351,3.304000,4,0,6000.0000,-1000.0000,90.0000,20.7716,1,2.0,100.00,0.0,0.0,0.0,0.0
1567,13.094173,13.405209,3.313000,4,0,6000.0000,-1000.0000,90.0000,20.9391,1,2.0,100.00,0.0,0.0,0.0,0.0
1568,14.391389,13.034571,3.211000,4,0,6000.0000,-1000.0000,90.0000,21.1021,1,2.0,100.00,0.0,0.0,0.0,0.0
1569,12.895738,14.489773,3.319000,4,0,6000.0000,-1000.0000,90.0000,21.2832,1,2.0,100.00,0.0,0.0,0.0,0.0
1570,12.655914,12.905488,3.388000,4,0,6000.0000,-1000.0000,90.0000,21.4445,1,2.0,100.00,0.0,0.0,0.0,0.0
1571,13.608213,12.608441,3.301000,4,0,6000.0000,-1000.0000,90.0000,21.6021,1,2.0,100.00,0.0,0.0,0.0,0.0
1572,13.657194,13.605904,3.352000,4,0,6000.0000,-1000.0000,90.0000,21.7722,1,2.0,100.00,0.0,0.0,0.0,0.0
1573,16.192599,13.655164,3.360000,4,0,6000.0000,-1000.0000,90.0000,21.9429,1,2.0,100.00,0.0,0.0,0.0,0.0
1574,13.380369,16.230990,3.324000,4,0,6000.0000,-1000.0000,90.0000,22.1458,1,2.0,100.00,0.0,0.0,0.0,0.0
1575,13.161243,13.391978,3.356000,4,0,6000.0000,-1000.0000,90.0000,22.3132,1,2.0,100.00,0.0,0.0,0.0,0.0
1576,13.408769,13.101973,3.262000,4,0,6000.0000,-1000.0000,90.0000,22.4769,1,2.0,100.00,0.0,0.0,0.0,0.0
1577,14.278368,13.371368,3.369000,4,0,6000.0000,-1000.0000,90.0000,22.6441,1,2.0,100.00,0.0,0.0,0.0,0.0
1578,13.556632,14.276228,3.278000,4,0,6000.0000,-1000.0000,90.0000,22.8225,1,2.0,100.00,0.0,0.0,0.0,0.0
1579,13.799848,13.512701,3.326000,4,0,6000.0000,-1000.0000,90.0000,22.9914,1,2.0,100.00,0.0,0.0,0.0,0.0
1580,13.178604,13.791927,3.369000,4,0,6000.0000,-1000.0000,90.0000,23.1638,1,2.0,100.00,0.0,0.0,0.0,0.0
1581,13.645864,13.190664,3.314000,4,0,6000.0000,-1000.0000,90.0000,23.3287,1,2.0,100.00,0.0,0.0,0.0,0.0
1582,12.895638,13.631354,3.358000,4,0,6000.0000,-1000.0000,90.0000,23.4991,1,2.0,100.00,0.0,0.0,0.0,0.0
1583,13.498831,12.890338,3.300000,4,0,6000.0000,-1000.0000,90.0000,23.6602,1,2.0,100.00,0.0,0.0,0.0,0.0
1584,14.274477,13.513981,3.285000,4,0,6000.0000,-1000.0000,90.0000,23.8292,1,2.0,100.00,0.0,0.0,0.0,0.0
1585,14.583175,14.298599,3.376000,4,0,6000.0000,-1000.0000,90.0000,24.0079,1,2.0,100.00,0.0,0.0,0.0,0.0
1586,13.067921,14.547503,3.304000,4,0,6000.0000,-1000.0000,90.0000,24.1897,1,2.0,100.00,0.0,0.0,0.0,0.0
1587,13.143773,13.066932,3.325000,4,0,6000.0000,-1000.0000,90.0000,24.3531,1,2.0,100.00,0.0,0.0,0.0,0.0
1588,12.977980,13.162593,3.275000,4,0,6000.0000,-1000.0000,90.0000,24.5176,1,2.0,100.00,0.0,0.0,0.0,0.0
1589,13.512552,13.037371,3.217000,4,0,6000.0000,-1000.0000,90.0000,24.6806,1,2.0,100.00,0.0,0.0,0.0,0.0
1590,13.251785,13.517452,3.385000,4,0,6000.0000,-1000.0000,90.0000,24.8495,1,2.0,100.00,0.0,0.0,0.0,0.0
1591,13.389598,13.266335,3.335000,5,0,6000.0000,-1000.0000,90.0000,-25.0000,1,2.0,100.00,0.0,0.0,0.0,0.0
1592,14.303389,13.400990,3.256000,5,0,6000.0000,-1000.0000,90.0000,-25.0000,1,2.0,100.00,0.0,0.0,0.0,0.0
1593,13.571322,14.252947,3.341000,5,0,6000.0000,-1000.0000,90.0000,-25.0000,1,2.0,100.00,0.0,0.0,0.0,0.0
1594,14.316300,13.810678,3.346000,5,0,6000.0000,-1000.0000,90.0000,-25.0000,1,2.0,100.00,0.0,0.0,0.0,0.0
1595,13.992651,14.156195,3.462000,5,0,6000.0000,-1000.0000,90.0000,-25.0000,1,2.0,100.00,0.0,0.0,0.0,0.0
1596,13.097182,13.964431,3.374000,5,0,6000.0000,-1000.0000,90.0000,-25.0000,1,2.0,100.00,0.0,0.0,0.0,0.0
1597,13.149934,13.167933,3.292000,5,0,6000.0000,-1000.0000,90.0000,-25.0000,1,2.0,100.00,0.0,0.0,0.0,0.0
1598,14.540823,13.072042,3.237000,5,0,6000.0000,-1000.0000,90.0000,-25.0000,1,2.0,100.00,0.0,0.0,0.0,0.0
1599,11.959227,14.616065,3.341000,5,0,6000.0000,-1000.0000,90.0000,-25.0000,1,2.0,100.00,0.0,0.0,0.0,0.0
1600,12.163292,11.910687,3.194000,5,0,6000.0000,-1000.0000,90.0000,-25.0000,1,2.0,100.00,0.0,0.0,0.0,0.0
1601,13.055022,12.158102,3.228000,5,0,6000.0000,-1000.0000,90.0000,-25.0000,1,2.0,100.00,0.0,0.0,0.0,0.0
1602,13.502191,13.012891,3.344000,5,0,6000.0000,-1000.0000,90.0000,-25.0000,1,2.0,100.00,0.0,0.0,0.0,0.0
1603,13.173074,13.502200,3.271000,5,0,6000.0000,-1000.0000,90.0000,-25.0000,1,2.0,100.00,0.0,0.0,0.0,0.0
1604,13.210475,13.180324,3.141000,5,0,6000.0000,-1000.0000,90.0000,-25.0000,1,2.0,100.00,0.0,0.0,0.0,0.0
1605,13.285297,13.216456,3.251000,5,0,6000.0000,-1000.0000,90.0000,-25.0000,1,2.0,100.00,0.0,0.0,0.0,0.0
1606,14.572193,13.263565,3.251000,5,0,6000.0000,-1000.0000,90.0000,-25.0000,1,2.0,100.00,0.0,0.0,0.0,0.0
1607,13.378119,14.618975,3.267000,5,0,6000.0000,-1000.0000,90.0000,-25.0000,1,2.0,100.00,0.0,0.0,0.0,0.0
1608,13.407929,13.333568,3.255000,5,0,6000.0000,-1000.0000,90.0000,-25.0000,1,2.0,100.00,0.0,0.0,0.0,0.0
1609,12.612912,13.411009,3.283000,5,0,6000.0000,-1000.0000,90.0000,-25.0000,1,2.0,100.00,0.0,0.0,0.0,0.0
1610,12.574910,12.617692,3.236000,5,0,6000.0000,-1000.0000,90.0000,-25.0000,1,2.0,100.00,0.0,0.0,0.0,0.0
1611,12.450069,12.569940,3.262000,5,0,6000.0000,-1000.0000,90.0000,-25.0000,1,2.0,100.00,0.0,0.0,0.0,0.0
1612,13.156214,12.449559,3.152000,5,0,6000.0000,-1000.0000,90.0000,-25.0000,1,2.0,100.00,0.0,0.0,0.0,0.0
1613,12.801036,13.235735,3.202000,5,0,6000.0000,-1000.0000,90.0000,-25.0000,1,2.0,100.00,0.0,0.0,0.0,0.0
1614,12.594681,12.758965,3.306000,5,0,6000.0000,-1000.0000,90.0000,-25.0000,1,2.0,100.00,0.0,0.0,0.0,0.0
1615,12.568931,12.614792,3.261000,5,0,6000.0000,-1000.0000,90.0000,-25.0000,1,2.0,100.00,0.0,0.0,0.0,0.0
1616,13.146383,12.515240,3.257000,5,0,6000.0000,-1000.0000,90.0000,-25.0000,1,2.0,100.00,0.0,0.0,0.0,0.0
1617,12.556890,13.222075,3.317000,5,0,6000.0000,-1000.0000,90.0000,-25.0000,1,2.0,100.00,0.0,0.0,0.0,0.0
1618,12.759926,12.469299,3.345000,5,0,6000.0000,-1000.0000,90.0000,-25.0000,1,2.0,100.00,0.0,0.0,0.0,0.0
1619,12.698974,12.798835,3.291000,5,0,6000.0000,-1000.0000,90.0000,-25.0000,1,2.0,100.00,0.0,0.0,0.0,0.0
1620,13.447869,12.666113,3.282000,5,0,6000.0000,-1000.0000,90.0000,-25.0000,1,2.0,100.00,0.0,0.0,0.0,0.0
1621,12.255295,13.477461,3.310000,5,0,6000.0000,-1000.0000,90.0000,-25.0000,1,2.0,100.00,0.0,0.0,0.0,0.0
1622,12.238884,12.231704,3.171000,5,0,6000.0000,-1000.0000,90.0000,-25.0000,1,2.0,100.00,0.0,0.0,0.0,0.0
1623,13.171383,12.255124,3.285000,5,0,6000.0000,-1000.0000,90.0000,-25.0000,1,2.0,100.00,0.0,0.0,0.0,0.0
1624,12.921409,13.145793,3.252000,5,0,6000.0000,-1000.0000,90.0000,-25.0000,1,2.0,100.00,0.0,0.0,0.0,0.0
1625,12.947319,12.919258,3.236000,5,0,6000.0000,-1000.0000,90.0000,-25.0000,1,2.0,100.00,0.0,0.0,0.0,0.0
1626,12.589591,12.947020,3.303000,5,0,6000.0000,-1000.0000,90.0000,-25.0000,1,2.0,100.00,0.0,0.0,0.0,0.0
1627,12.798566,12.591651,3.214000,5,0,6000.0000,-1000.0000,90.0000,-25.0000,1,2.0,100.00,0.0,0.0,0.0,0.0
1628,12.929919,12.842706,3.240000,5,0,6000.0000,-1000.0000,90.0000,-25.0000,1,2.0,100.00,0.0,0.0,0.0,0.0
1629,13.268585,12.933769,3.245000,5,0,6000.0000,-1000.0000,90.0000,-25.0000,1,2.0,100.00,0.0,0.0,0.0,0.0
1630,12.002919,13.238346,3.142000,5,0,6000.0000,-1000.0000,90.0000,-25.0000,1,2.0,100.00,0.0,0.0,0.0,0.0
1631,12.741615,11.982159,3.268000,5,0,6000.0000,-1000.0000,90.0000,-25.0000,1,2.0,100.00,0.0,0.0,0.0,0.0
1632,12.418238,12.771734,3.205000,5,0,6000.0000,-1000.0000,90.0000,-25.0000,1,2.0,100.00,0.0,0.0,0.0,0.0
1633,12.255644,12.393358,3.289000,5,0,6000.0000,-1000.0000,90.0000,-25.0000,1,2.0,100.00,0.0,0.0,0.0,0.0
1634,12.711163,12.283304,3.251000,5,0,6000.0000,-1000.0000,90.0000,-25.0000,1,2.0,100.00,0.0,0.0,0.0,0.0
1635,12.450779,12.684404,3.297000,5,0,6000.0000,-1000.0000,90.0000,-25.0000,1,2.0,100.00,0.0,0.0,0.0,0.0
1636,13.217455,12.451458,3.146000,5,0,6000.0000,-1000.0000,90.0000,-25.0000,1,2.0,100.00,0.0,0.0,0.0,0.0
1637,13.749526,13.306206,3.192000,5,0,6000.0000,-1000.0000,90.0000,-25.0000,1,2.0,100.00,0.0,0.0,0.0,0.0
1638,12.732215,13.691396,3.293000,5,0,6000.0000,-1000.0000,90.0000,-25.0000,1,2.0,100.00,0.0,0.0,0.0,0.0
1639,12.543270,12.700004,3.262000,5,0,6000.0000,-1000.0000,90.0000,-25.0000,1,2.0,100.00,0.0,0.0,0.0,0.0
1640,13.813118,12.655262,3.346000,5,0,6000.0000,-1000.0000,90.0000,-25.0000,1,2.0,100.00,0.0,0.0,0.0,0.0
1641,13.099742,13.692925,3.372000,5,0,6000.0000,-1000.0000,90.0000,-25.0000,1,2.0,100.00,0.0,0.0,0.0,0.0
1642,14.181696,13.124663,3.216000,5,0,6000.0000,-1000.0000,90.0000,-25.0000,1,2.0,100.00,0.0,0.0,0.0,0.0
1643,13.251805,14.165895,3.250000,5,0,6000.0000,-1000.0000,90.0000,-25.0000,1,2.0,100.00,0.0,0.0,0.0,0.0
1644,14.440262,13.208986,3.329000,5,0,6000.0000,-1000.0000,90.0000,-25.0000,1,2.0,100.00,0.0,0.0,0.0,0.0
1645,11.686432,14.446411,3.296000,5,0,6000.0000,-1000.0000,90.0000,-25.0000,1,2.0,100.00,0.0,0.0,0.0,0.0
1646,10.688520,11.737913,3.192000,5,0,6000.0000,-1000.0000,90.0000,-25.0000,1,2.0,100.00,0.0,0.0,0.0,0.0
1647,12.992060,10.684451,3.264000,5,0,6000.0000,-1000.0000,90.0000,-25.0000,1,2.0,100.00,0.0,0.0,0.0,0.0
1648,12.398308,13.088672,3.173000,5,0,6000.0000,-1000.0000,90.0000,-25.0000,1,2.0,100.00,0.0,0.0,0.0,0.0
1649,12.976869,12.389806,3.301000,5,0,6000.0000,-1000.0000,90.0000,-25.0000,1,2.0,100.00,0.0,0.0,0.0,0.0
1650,13.554772,12.975410,3.367000,5,0,6000.0000,-1000.0000,90.0000,-25.0000,1,2.0,100.00,0.0,0.0,0.0,0.0
1651,12.627402,13.582063,3.251000,5,0,6000.0000,-1000.0000,90.0000,-25.0000,1,2.0,100.00,0.0,0.0,0.0,0.0
1652,12.864458,12.620412,3.247000,5,0,6000.0000,-1000.0000,90.0000,-25.0000,1,2.0,100.00,0.0,0.0,0.0,0.0
1653,13.048051,12.894918,3.129000,5,0,6000.0000,-1000.0000,90.0000,-25.0000,1,2.0,100.00,0.0,0.0,0.0,0.0
1654,12.912968,13.020030,3.158000,5,0,6000.0000,-1000.0000,90.0000,-25.0000,1,2.0,100.00,0.0,0.0,0.0,0.0
1655,13.458980,12.944339,3.242000,5,0,6000.0000,-1000.0000,90.0000,-25.0000,1,2.0,100.00,0.0,0.0,0.0,0.0
1656,13.083032,13.460250,3.267000,5,0,6000.0000,-1000.0000,90.0000,-25.0000,1,2.0,100.00,0.0,0.0,0.0,0.0
1657,13.286376,13.118764,3.258000,5,0,6000.0000,-1000.0000,90.0000,-25.0000,1,2.0,100.00,0.0,0.0,0.0,0.0
1658,13.166935,13.209674,3.227000,5,0,6000.0000,-1000.0000,90.0000,-25.0000,1,2.0,100.00,0.0,0.0,0.0,0.0
1659,12.960029,13.159354,3.287000,5,0,6000.0000,-1000.0000,90.0000,-25.0000,1,2.0,100.00,0.0,0.0,0.0,0.0
1660,13.171254,12.972929,3.223000,5,0,6000.0000,-1000.0000,90.0000,-25.0000,1,2.0,100.00,0.0,0.0,0.0,0.0
1661,13.235895,13.179594,3.243000,5,0,6000.0000,-1000.0000,90.0000,-25.0000,1,2.0,100.00,0.0,0.0,0.0,0.0
1662,13.440649,13.292786,3.267000,5,0,6000.0000,-1000.0000,90.0000,-25.0000,1,2.0,100.00,0.0,0.0,0.0,0.0
1663,14.152056,13.373959,3.237000,5,0,6000.0000,-1000.0000,90.0000,-25.0000,1,2.0,100.00,0.0,0.0,0.0,0.0
1664,13.471280,14.162435,3.241000,5,0,6000.0000,-1000.0000,90.0000,-25.0000,1,2.0,100.00,0.0,0.0,0.0,0.0
1665,13.728986,13.424649,3.285000,5,0,6000.0000,-1000.0000,90.0000,-25.0000,1,2.0,100.00,0.0,0.0,0.0,0.0
1666,13.533441,13.664745,3.323000,5,0,6000.0000,-1000.0000,90.0000,-25.0000,1,2.0,100.00,0.0,0.0,0.0,0.0
1667,13.445260,13.550193,3.285000,5,0,6000.0000,-1000.0000,90.0000,-25.0000,1,2.0,100.00,0.0,0.0,0.0,0.0
1668,13.013591,13.416518,3.242000,5,0,6000.0000,-1000.0000,90.0000,-25.0000,1,2.0,100.00,0.0,0.0,0.0,0.0
1669,14.173525,13.002451,3.181000,5,0,6000.0000,-1000.0000,90.0000,-25.0000,1,2.0,100.00,0.0,0.0,0.0,0.0
1670,13.392999,14.201645,3.227000,5,0,6000.0000,-1000.0000,90.0000,-25.0000,1,2.0,100.00,0.0,0.0,0.0,0.0
1671,14.149284,13.362988,3.278000,5,0,6000.0000,-1000.0000,90.0000,-25.0000,1,2.0,100.00,0.0,0.0,0.0,0.0
1672,12.792986,14.173366,3.205000,5,0,6000.0000,-1000.0000,90.0000,-25.0000,1,2.0,100.00,0.0,0.0,0.0,0.0
1673,14.094204,12.778655,3.333000,5,0,6000.0000,-1000.0000,90.0000,-25.0000,1,2.0,100.00,0.0,0.0,0.0,0.0
1674,14.320489,14.012182,3.385000,5,0,6000.0000,-1000.0000,90.0000,-25.0000,1,2.0,100.00,0.0,0.0,0.0,0.0
1675,12.694723,14.291769,3.398000,5,0,6000.0000,-1000.0000,90.0000,-25.0000,1,2.0,100.00,0.0,0.0,0.0,0.0
1676,12.406168,12.714883,3.324000,5,0,6000.0000,-1000.0000,90.0000,-25.0000,1,2.0,100.00,0.0,0.0,0.0,0.0
1677,12.814966,12.465769,3.346000,5,0,6000.0000,-1000.0000,90.0000,-25.0000,1,2.0,100.00,0.0,0.0,0.0,0.0
1678,12.502670,12.816967,3.272000,5,0,6000.0000,-1000.0000,90.0000,-25.0000,1,2.0,100.00,0.0,0.0,0.0,0.0
1679,12.205682,12.524479,3.329000,5,0,6000.0000,-1000.0000,90.0000,-25.0000,1,2.0,100.00,0.0,0.0,0.0,0.0
1680,11.976559,12.182623,3.332000,5,0,6000.0000,-1000.0000,90.0000,-25.0000,1,2.0,100.00,0.0,0.0,0.0,0.0
1681,13.209954,11.989598,3.228000,5,0,6000.0000,-1000.0000,90.0000,-25.0000,1,2.0,100.00,0.0,0.0,0.0,0.0
1682,12.128531,13.200405,3.291000,5,0,6000.0000,-1000.0000,90.0000,-25.0000,1,2.0,100.00,0.0,0.0,0.0,0.0
1683,11.550520,12.127912,3.240000,5,0,6000.0000,-1000.0000,90.0000,-25.0000,1,2.0,100.00,0.0,0.0,0.0,0.0
1684,11.409505,11.574729,3.202000,5,0,6000.0000,-1000.0000,90.0000,-25.0000,1,2.0,100.00,0.0,0.0,0.0,0.0
1685,12.066391,11.404866,3.294000,5,0,6000.0000,-1000.0000,90.0000,-25.0000,1,2.0,100.00,0.0,0.0,0.0,0.0
1686,11.290203,12.063610,3.247000,5,0,6000.0000,-1000.0000,90.0000,-25.0000,1,2.0,100.00,0.0,0.0,0.0,0.0
1687,11.705112,11.281713,3.257000,5,0,6000.0000,-1000.0000,90.0000,-25.0000,1,2.0,100.00,0.0,0.0,0.0,0.0
1688,10.936126,11.833035,3.201000,5,0,6000.0000,-1000.0000,90.0000,-25.0000,1,2.0,100.00,0.0,0.0,0.0,0.0
1689,10.889155,10.751892,3.291000,5,0,6000.0000,-1000.0000,90.0000,-25.0000,1,2.0,100.00,0.0,0.0,0.0,0.0
1690,11.752403,10.913704,3.240000,5,0,6000.0000,-1000.0000,90.0000,-25.0000,1,2.0,100.00,0.0,0.0,0.0,0.0
1691,11.294753,11.745004,3.250000,5,0,6000.0000,-1000.0000,90.0000,-25.0000,1,2.0,100.00,0.0,0.0,0.0,0.0
1692,10.955427,11.285624,3.278000,5,0,6000.0000,-1000.0000,90.0000,-25.0000,1,2.0,100.00,0.0,0.0,0.0,0.0
1693,11.408326,10.956545,3.245000,5,0,6000.0000,-1000.0000,90.0000,-25.0000,1,2.0,100.00,0.0,0.0,0.0,0.0
1694,12.644172,11.429887,3.248000,5,0,6000.0000,-1000.0000,90.0000,-25.0000,1,2.0,100.00,0.0,0.0,0.0,0.0
1695,11.616341,12.696894,3.229000,5,0,6000.0000,-1000.0000,90.0000,-25.0000,1,2.0,100.00,0.0,0.0,0.0,0.0
1696,10.820113,11.580019,3.257000,5,0,6000.0000,-1000.0000,90.0000,-25.0000,1,2.0,100.00,0.0,0.0,0.0,0.0
1697,11.619920,10.795223,3.267000,5,0,6000.0000,-1000.0000,90.0000,-25.0000,1,2.0,100.00,0.0,0.0,0.0,0.0
1698,11.181732,11.658881,3.351000,5,0,6000.0000,-1000.0000,90.0000,-25.0000,1,2.0,100.00,0.0,0.0,0.0,0.0
1699,10.696240,11.120160,3.284000,5,0,6000.0000,-1000.0000,90.0000,-25.0000,1,2.0,100.00,0.0,0.0,0.0,0.0
1700,10.973506,10.668799,3.246000,5,0,6000.0000,-1000.0000,90.0000,-25.0000,1,2.0,100.00,0.0,0.0,0.0,0.0
1701,10.927366,10.981937,3.289000,5,0,6000.0000,-1000.0000,90.0000,-25.0000,1,2.0,100.00,0.0,0.0,0.0,0.0
1702,10.552658,10.926535,3.284000,5,0,6000.0000,-1000.0000,90.0000,-25.0000,1,2.0,100.00,0.0,0.0,0.0,0.0
1703,10.884684,10.550508,3.314000,5,0,6000.0000,-1000.0000,90.0000,-25.0000,1,2.0,100.00,0.0,0.0,0.0,0.0
1704,10.943756,10.877785,3.300000,5,0,6000.0000,-1000.0000,90.0000,-25.0000,1,2.0,100.00,0.0,0.0,0.0,0.0
1705,10.843253,10.954356,3.297000,5,0,6000.0000,-1000.0000,90.0000,-25.0000,1,2.0,100.00,0.0,0.0,0.0,0.0
1706,11.461528,10.835243,3.213000,5,0,6000.0000,-1000.0000,90.0000,-25.0000,1,2.0,100.00,0.0,0.0,0.0,0.0
1707,11.173610,11.468838,3.197000,5,0,6000.0000,-1000.0000,90.0000,-25.0000,1,2.0,100.00,0.0,0.0,0.0,0.0
1708,10.876125,11.183920,3.254000,5,0,6000.0000,-1000.0000,90.0000,-25.0000,1,2.0,100.00,0.0,0.0,0.0,0.0
1709,11.058378,10.890515,3.282000,5,0,6000.0000,-1000.0000,90.0000,-25.0000,1,2.0,100.00,0.0,0.0,0.0,0.0
1710,11.199821,11.064339,3.262000,5,0,6000.0000,-1000.0000,90.0000,-25.0000,1,2.0,100.00,0.0,0.0,0.0,0.0
1711,11.460748,11.172860,3.359000,5,0,6000.0000,-1000.0000,90.0000,-25.0000,1,2.0,100.00,0.0,0.0,0.0,0.0
1712,11.553868,11.460268,3.236000,5,0,6000.0000,-1000.0000,90.0000,-25.0000,1,2.0,100.00,0.0,0.0,0.0,0.0
1713,11.099900,11.537038,3.203000,5,0,6000.0000,-1000.0000,90.0000,-25.0000,1,2.0,100.00,0.0,0.0,0.0,0.0
1714,10.872824,11.103349,3.352000,5,0,6000.0000,-1000.0000,90.0000,-25.0000,1,2.0,100.00,0.0,0.0,0.0,0.0
1715,11.431777,10.863224,3.291000,5,0,6000.0000,-1000.0000,90.0000,-25.0000,1,2.0,100.00,0.0,0.0,0.0,0.0
1716,10.991836,11.458078,3.308000,5,0,6000.0000,-1000.0000,90.0000,-25.0000,1,2.0,100.00,0.0,0.0,0.0,0.0
1717,10.607319,11.003857,3.297000,5,0,6000.0000,-1000.0000,90.0000,-25.0000,1,2.0,100.00,0.0,0.0,0.0,0.0
1718,10.966166,10.581018,3.145000,5,0,6000.0000,-1000.0000,90.0000,-25.0000,1,2.0,100.00,0.0,0.0,0.0,0.0
1719,10.869725,10.958026,3.276000,5,0,6000.0000,-1000.0000,90.0000,-25.0000,1,2.0,100.00,0.0,0.0,0.0,0.0
1720,11.010617,10.879034,3.300000,5,0,6000.0000,-1000.0000,90.0000,-25.0000,1,2.0,100.00,0.0,0.0,0.0,0.0
1721,12.068060,11.046398,3.245000,5,0,6000.0000,-1000.0000,90.0000,-25.0000,1,2.0,100.00,0.0,0.0,0.0,0.0
1722,11.570770,12.037780,3.322000,5,0,6000.0000,-1000.0000,90.0000,-25.0000,1,2.0,100.00,0.0,0.0,0.0,0.0
1723,11.150080,11.575310,3.254000,5,0,6000.0000,-1000.0000,90.0000,-25.0000,1,2.0,100.00,0.0,0.0,0.0,0.0
1724,11.622770,11.156720,3.211000,5,0,6000.0000,-1000.0000,90.0000,-25.0000,1,2.0,100.00,0.0,0.0,0.0,0.0
1725,10.884575,11.726003,3.130000,5,0,6000.0000,-1000.0000,90.0000,-25.0000,1,2.0,100.00,0.0,0.0,0.0,0.0
1726,11.415846,10.871864,3.272000,5,0,6000.0000,-1000.0000,90.0000,-25.0000,1,2.0,100.00,0.0,0.0,0.0,0.0
1727,11.028738,11.405346,3.272000,5,0,6000.0000,-1000.0000,90.0000,-25.0000,1,2.0,100.00,0.0,0.0,0.0,0.0
1728,11.263722,11.067649,2.984000,5,0,6000.0000,-1000.0000,90.0000,-25.0000,1,2.0,100.00,0.0,0.0,0.0,0.0
1729,11.844656,11.229931,3.281000,5,0,6000.0000,-1000.0000,90.0000,-25.0000,1,2.0,100.00,0.0,0.0,0.0,0.0
1730,11.233242,11.862566,3.271000,5,0,6000.0000,-1000.0000,90.0000,-25.0000,1,2.0,100.00,0.0,0.0,0.0,0.0
1731,11.677752,11.195001,3.163000,5,0,6000.0000,-1000.0000,90.0000,-25.0000,1,2.0,100.00,0.0,0.0,0.0,0.0
1732,12.012199,11.721963,3.216000,5,0,6000.0000,-1000.0000,90.0000,-25.0000,1,2.0,100.00,0.0,0.0,0.0,0.0
1733,11.312833,12.031939,3.367000,5,0,6000.0000,-1000.0000,90.0000,-25.0000,1,2.0,100.00,0.0,0.0,0.0,0.0
1734,10.723982,11.298404,3.249000,5,0,6000.0000,-1000.0000,90.0000,-25.0000,1,2.0,100.00,0.0,0.0,0.0,0.0
1735,11.714061,10.707361,3.311000,5,0,6000.0000,-1000.0000,90.0000,-25.0000,1,2.0,100.00,0.0,0.0,0.0,0.0
1736,11.558990,11.731223,3.343000,5,0,6000.0000,-1000.0000,90.0000,-25.0000,1,2.0,100.00,0.0,0.0,0.0,0.0
1737,12.411387,11.556638,3.323000,5,0,6000.0000,-1000.0000,90.0000,-25.0000,1,2.0,100.00,0.0,0.0,0.0,0.0
1738,12.147952,12.433419,3.352000,5,0,6000.0000,-1000.0000,90.0000,-25.0000,1,2.0,100.00,0.0,0.0,0.0,0.0
1739,11.973548,12.079470,3.224000,5,0,6000.0000,-1000.0000,90.0000,-25.0000,1,2.0,100.00,0.0,0.0,0.0,0.0
1740,11.603480,11.987509,3.241000,5,0,6000.0000,-1000.0000,90.0000,-25.0000,1,2.0,100.00,0.0,0.0,0.0,0.0
1741,11.856506,11.587029,3.229000,5,0,6000.0000,-1000.0000,90.0000,-25.0000,1,2.0,100.00,0.0,0.0,0.0,0.0
1742,11.818685,11.877826,3.114000,5,0,6000.0000,-1000.0000,90.0000,-25.0000,1,2.0,100.00,0.0,0.0,0.0,0.0
1743,11.767833,11.884516,3.331000,5,0,6000.0000,-1000.0000,90.0000,-25.0000,1,2.0,100.00,0.0,0.0,0.0,0.0
1744,11.550139,11.682532,3.239000,5,0,6000.0000,-1000.0000,90.0000,-25.0000,1,2.0,100.00,0.0,0.0,0.0,0.0
1745,11.073639,11.555839,3.130000,5,0,6000.0000,-1000.0000,90.0000,-25.0000,1,2.0,100.00,0.0,0.0,0.0,0.0
1746,11.941567,11.069038,3.308000,5,0,6000.0000,-1000.0000,90.0000,-25.0000,1,2.0,100.00,0.0,0.0,0.0,0.0
1747,11.036438,12.027330,3.143000,5,0,6000.0000,-1000.0000,90.0000,-25.0000,1,2.0,100.00,0.0,0.0,0.0,0.0
1748,11.193921,10.992546,3.162000,5,0,6000.0000,-1000.0000,90.0000,-25.0000,1,2.0,100.00,0.0,0.0,0.0,0.0
1749,11.371126,11.199433,3.223000,5,0,6000.0000,-1000.0000,90.0000,-25.0000,1,2.0,100.00,0.0,0.0,0.0,0.0
1750,10.630498,11.406275,3.264000,5,0,6000.0000,-1000.0000,90.0000,-25.0000,1,2.0,100.00,0.0,0.0,0.0,0.0
1751,11.369316,10.594109,3.267000,5,0,6000.0000,-1000.0000,90.0000,-25.0000,1,2.0,100.00,0.0,0.0,0.0,0.0
1752,10.446485,11.329184,3.249000,5,0,6000.0000,-1000.0000,90.0000,-25.0000,1,2.0,100.00,0.0,0.0,0.0,0.0
1753,11.464218,10.421164,3.190000,5,0,6000.0000,-1000.0000,90.0000,-25.0000,1,2.0,100.00,0.0,0.0,0.0,0.0
1754,10.860123,11.629571,3.251000,6,0,6000.0000,-1000.0000,90.0000,-25.0000,1,2.0,100.00,0.0,0.0,0.0,0.0
1755,10.768922,10.752692,3.231000,6,1,6000.0000,-1000.0000,90.0000,-24.8656,1,2.0,100.00,0.0,0.0,0.0,0.0
1756,150.447563,10.750971,3.417000,6,0,6000.0000,-1000.0000,90.0000,-24.7312,1,2.0,100.00,0.0,0.0,0.0,0.0
1757,7.361939,150.438953,3.417000,6,1,6000.0000,-1000.0000,90.0000,-22.8507,1,2.0,100.00,0.0,0.0,0.0,0.0
1758,138.005284,7.263116,3.408000,6,0,6000.0000,-1000.0000,90.0000,-22.7599,1,2.0,100.00,0.0,0.0,0.0,0.0
1759,9.176728,138.038325,3.408000,6,1,6000.0000,-1000.0000,90.0000,-21.0344,1,2.0,100.00,0.0,0.0,0.0,0.0
1760,140.453757,9.173678,3.511000,6,0,6000.0000,-1000.0000,90.0000,-20.9198,1,2.0,100.00,0.0,0.0,0.0,0.0
1761,7.736277,140.517689,3.511000,6,1,6000.0000,-1000.0000,90.0000,-19.1633,1,2.0,100.00,0.0,0.0,0.0,0.0
1762,138.937354,7.646334,3.365000,6,0,6000.0000,-1000.0000,90.0000,-19.0677,1,2.0,100.00,0.0,0.0,0.0,0.0
1763,8.693768,139.005166,3.365000,6,1,6000.0000,-1000.0000,90.0000,-17.3302,1,2.0,100.00,0.0,0.0,0.0,0.0
1764,141.840007,8.634947,3.393000,6,0,6000.0000,-1000.0000,90.0000,-17.2222,1,2.0,100.00,0.0,0.0,0.0,0.0
1765,7.220146,141.913319,3.393000,6,1,6000.0000,-1000.0000,90.0000,-15.4483,1,2.0,100.00,0.0,0.0,0.0,0.0
1766,140.497277,7.171304,3.362000,6,0,6000.0000,-1000.0000,90.0000,-15.3587,1,2.0,100.00,0.0,0.0,0.0,0.0
1767,8.050344,140.492678,3.362000,6,1,6000.0000,-1000.0000,90.0000,-13.6025,1,2.0,100.00,0.0,0.0,0.0,0.0
1768,134.637742,8.036253,3.218000,6,0,6000.0000,-1000.0000,90.0000,-13.5021,1,2.0,100.00,0.0,0.0,0.0,0.0
1769,7.049982,134.710784,3.218000,6,1,6000.0000,-1000.0000,90.0000,-11.8182,1,2.0,100.00,0.0,0.0,0.0,0.0
1770,135.183333,6.970360,3.307000,6,0,6000.0000,-1000.0000,90.0000,-11.7310,1,2.0,100.00,0.0,0.0,0.0,0.0
1771,7.137824,135.266165,3.491000,6,1,6000.0000,-1000.0000,90.0000,-10.0402,1,2.0,100.00,0.0,0.0,0.0,0.0
1772,139.559899,7.125053,3.269000,6,0,6000.0000,-1000.0000,90.0000,-9.9512,1,2.0,100.00,0.0,0.0,0.0,0.0
1773,7.959111,139.590120,3.269000,6,1,6000.0000,-1000.0000,90.0000,-8.2063,1,2.0,100.00,0.0,0.0,0.0,0.0
1774,145.437144,7.853789,3.525000,6,0,6000.0000,-1000.0000,90.0000,-8.1081,1,2.0,100.00,0.0,0.0,0.0,0.0
1775,8.190197,145.491525,3.525000,6,1,6000.0000,-1000.0000,90.0000,-6.2895,1,2.0,100.00,0.0,0.0,0.0,0.0
1776,135.593503,8.185746,3.247000,6,0,6000.0000,-1000.0000,90.0000,-6.1871,1,2.0,100.00,0.0,0.0,0.0,0.0
1777,7.688355,135.636004,3.247000,6,1,6000.0000,-1000.0000,90.0000,-4.4917,1,2.0,100.00,0.0,0.0,0.0,0.0
1778,139.174730,7.584984,3.386000,6,0,6000.0000,-1000.0000,90.0000,-4.3969,1,2.0,100.00,0.0,0.0,0.0,0.0
1779,7.224986,139.245901,3.386000,6,1,6000.0000,-1000.0000,90.0000,-2.6563,1,2.0,100.00,0.0,0.0,0.0,0.0
1780,137.048233,7.170345,3.294000,6,0,6000.0000,-1000.0000,90.0000,-2.5667,1,2.0,100.00,0.0,0.0,0.0,0.0
1781,7.288587,137.130265,3.294000,6,1,6000.0000,-1000.0000,90.0000,-0.8525,1,2.0,100.00,0.0,0.0,0.0,0.0
1782,140.569960,7.239816,3.288000,6,0,6000.0000,-1000.0000,90.0000,-0.7620,1,2.0,100.00,0.0,0.0,0.0,0.0
1783,7.466401,140.596991,3.288000,6,1,6000.0000,-1000.0000,90.0000,0.9954,1,2.0,100.00,0.0,0.0,0.0,0.0
1784,136.987883,7.454500,3.325000,6,0,6000.0000,-1000.0000,90.0000,1.0886,1,2.0,100.00,0.0,0.0,0.0,0.0
1785,4.423994,137.016283,3.325000,6,1,6000.0000,-1000.0000,90.0000,2.8013,1,2.0,100.00,0.0,0.0,0.0,0.0
1786,141.392558,4.350274,3.446000,6,0,6000.0000,-1000.0000,90.0000,2.8557,1,2.0,100.00,0.0,0.0,0.0,0.0
1787,7.994273,141.464609,3.446000,6,1,6000.0000,-1000.0000,90.0000,4.6240,1,2.0,100.00,0.0,0.0,0.0,0.0
1788,139.438615,7.940991,3.292000,6,0,6000.0000,-1000.0000,90.0000,4.7232,1,2.0,100.00,0.0,0.0,0.0,0.0
1789,7.825789,139.495396,3.572000,6,1,6000.0000,-1000.0000,90.0000,6.4669,1,2.0,100.00,0.0,0.0,0.0,0.0
1790,138.528355,7.766938,3.422000,6,0,6000.0000,-1000.0000,90.0000,6.5640,1,2.0,100.00,0.0,0.0,0.0,0.0
1791,4.624920,138.557397,3.422000,6,1,6000.0000,-1000.0000,90.0000,8.2960,1,2.0,100.00,0.0,0.0,0.0,0.0
1792,142.171764,4.579728,3.509000,6,0,6000.0000,-1000.0000,90.0000,8.3532,1,2.0,100.00,0.0,0.0,0.0,0.0
1793,8.522354,142.245945,3.509000,6,1,6000.0000,-1000.0000,90.0000,10.1313,1,2.0,100.00,0.0,0.0,0.0,0.0
1794,138.202619,8.493854,3.389000,6,0,6000.0000,-1000.0000,90.0000,10.2375,1,2.0,100.00,0.0,0.0,0.0,0.0
1795,4.593298,138.199728,3.389000,6,1,6000.0000,-1000.0000,90.0000,11.9650,1,2.0,100.00,0.0,0.0,0.0,0.0
1796,141.040860,4.552779,3.437000,6,0,6000.0000,-1000.0000,90.0000,12.0219,1,2.0,100.00,0.0,0.0,0.0,0.0
1797,8.358091,141.135582,3.382000,6,1,6000.0000,-1000.0000,90.0000,13.7861,1,2.0,100.00,0.0,0.0,0.0,0.0
1798,139.202460,8.300628,3.301000,6,0,6000.0000,-1000.0000,90.0000,13.8898,1,2.0,100.00,0.0,0.0,0.0,0.0
1799,4.505226,139.211131,3.301000,6,1,6000.0000,-1000.0000,90.0000,15.6300,1,2.0,100.00,0.0,0.0,0.0,0.0
1800,140.772425,4.457886,3.419000,6,0,6000.0000,-1000.0000,90.0000,15.6857,1,2.0,100.00,0.0,0.0,0.0,0.0
1801,4.288942,140.855385,3.419000,6,1,6000.0000,-1000.0000,90.0000,17.4464,1,2.0,100.00,0.0,0.0,0.0,0.0
1802,140.999069,4.228612,3.533000,6,0,6000.0000,-1000.0000,90.0000,17.4993,1,2.0,100.00,0.0,0.0,0.0,0.0
1803,8.225758,141.045140,3.502000,6,1,6000.0000,-1000.0000,90.0000,19.2623,1,2.0,100.00,0.0,0.0,0.0,0.0
1804,139.575727,8.165696,3.241000,6,0,6000.0000,-1000.0000,90.0000,19.3644,1,2.0,100.00,0.0,0.0,0.0,0.0
1805,7.749258,139.638049,3.241000,6,1,6000.0000,-1000.0000,90.0000,21.1099,1,2.0,100.00,0.0,0.0,0.0,0.0
1806,141.111591,7.702466,3.245000,6,0,6000.0000,-1000.0000,90.0000,21.2062,1,2.0,100.00,0.0,0.0,0.0,0.0
1807,4.699182,141.145802,3.245000,6,1,6000.0000,-1000.0000,90.0000,22.9705,1,2.0,100.00,0.0,0.0,0.0,0.0
1808,143.634705,4.633700,3.400000,6,0,6000.0000,-1000.0000,90.0000,23.0284,1,2.0,100.00,0.0,0.0,0.0,0.0
1809,8.131355,143.733067,3.400000,6,1,6000.0000,-1000.0000,90.0000,24.8251,1,2.0,100.00,0.0,0.0,0.0,0.0
1810,139.738822,8.075145,3.309000,6,0,6000.0000,-1000.0000,90.0000,24.9260,1,2.0,100.00,0.0,0.0,0.0,0.0
1811,7.136274,139.753402,3.309000,6,1,6000.0000,-1000.0000,90.0000,25.0000,1,2.0,100.00,0.0,0.0,0.0,0.0
1812,139.806843,7.128143,3.255000,6,0,6000.0000,-1000.0000,90.0000,25.0000,1,2.0,100.00,0.0,0.0,0.0,0.0
1813,6.801027,139.848035,3.255000,6,1,6000.0000,-1000.0000,90.0000,25.0000,1,2.0,100.00,0.0,0.0,0.0,0.0
1814,139.118278,6.725245,3.304000,6,0,6000.0000,-1000.0000,90.0000,25.0000,1,2.0,100.00,0.0,0.0,0.0,0.0
1815,7.625484,139.164999,3.304000,6,1,6000.0000,-1000.0000,90.0000,25.0000,1,2.0,100.00,0.0,0.0,0.0,0.0
1816,139.926806,7.581374,3.397000,6,0,6000.0000,-1000.0000,90.0000,25.0000,1,2.0,100.00,0.0,0.0,0.0,0.0
1817,6.798526,139.994977,3.397000,6,1,6000.0000,-1000.0000,90.0000,25.0000,1,2.0,100.00,0.0,0.0,0.0,0.0
1818,141.209124,6.746275,3.344000,7,0,6000.0000,-1000.0000,90.0000,0.0000,1,2.0,100.00,0.0,0.0,0.0,0.0
1819,6.628103,141.225213,3.344000,7,0,6047.8669,-1000.0000,90.0000,0.0000,1,2.0,100.00,0.0,0.0,0.0,0.0
1820,2.471243,6.587933,3.450000,7,0,6050.2040,-1000.0000,90.0000,0.0000,1,2.0,100.00,0.0,0.0,0.0,0.0
1821,11.222312,2.449162,3.450000,7,0,6051.0873,-1000.0000,90.0000,0.0000,1,2.0,100.00,0.0,0.0,0.0,0.0
1822,12.337786,11.251003,3.375000,7,0,6055.4485,-1000.0000,90.0000,0.0000,1,2.0,100.00,0.0,0.0,0.0,0.0
1823,12.025169,12.350796,3.440000,7,0,6060.6022,-1000.0000,90.0000,0.0000,1,2.0,100.00,0.0,0.0,0.0,0.0
1824,11.977718,12.029970,3.279000,7,0,6065.9693,-1000.0000,90.0000,0.0000,1,2.0,100.00,0.0,0.0,0.0,0.0
1825,10.992657,11.943587,3.292000,7,0,6071.6402,-1000.0000,90.0000,0.0000,1,2.0,100.00,0.0,0.0,0.0,0.0
1826,11.577979,11.003487,3.255000,7,0,6077.1554,-1000.0000,90.0000,0.0000,1,2.0,100.00,0.0,0.0,0.0,0.0
1827,12.962099,11.566740,3.275000,7,0,6083.1701,-1000.0000,90.0000,0.0000,1,2.0,100.00,0.0,0.0,0.0,0.0
1828,10.788643,12.953449,3.275000,7,0,6089.9059,-1000.0000,90.0000,0.0000,1,2.0,100.00,0.0,0.0,0.0,0.0
1829,12.910439,10.819022,3.359000,7,0,6095.5318,-1000.0000,90.0000,0.0000,1,2.0,100.00,0.0,0.0,0.0,0.0
1830,12.477579,13.056522,3.318000,7,0,6102.3212,-1000.0000,90.0000,0.0000,1,2.0,100.00,0.0,0.0,0.0,0.0
1831,13.058001,12.435178,3.315000,7,0,6108.7875,-1000.0000,90.0000,0.0000,1,2.0,100.00,0.0,0.0,0.0,0.0
1832,12.730084,13.058312,3.232000,7,0,6115.5778,-1000.0000,90.0000,0.0000,1,2.0,100.00,0.0,0.0,0.0,0.0
1833,14.209517,12.721344,3.318000,7,0,6122.1929,-1000.0000,90.0000,0.0000,1,2.0,100.00,0.0,0.0,0.0,0.0
1834,13.589622,14.219716,3.388000,7,0,6129.5871,-1000.0000,90.0000,0.0000,1,2.0,100.00,0.0,0.0,0.0,0.0
1835,13.620914,13.640594,3.225000,7,0,6136.6803,-1000.0000,90.0000,0.0000,1,2.0,100.00,0.0,0.0,0.0,0.0
1836,13.618923,13.619854,3.219000,7,0,6143.7626,-1000.0000,90.0000,0.0000,1,2.0,100.00,0.0,0.0,0.0,0.0
1837,12.995550,13.609523,3.249000,7,0,6150.8395,-1000.0000,90.0000,0.0000,1,2.0,100.00,0.0,0.0,0.0,0.0
1838,13.180335,12.983520,3.241000,7,0,6157.5910,-1000.0000,90.0000,0.0000,1,2.0,100.00,0.0,0.0,0.0,0.0
1839,14.755048,13.206175,3.250000,7,0,6164.4582,-1000.0000,90.0000,0.0000,1,2.0,100.00,0.0,0.0,0.0,0.0
1840,13.307617,14.639525,3.198000,7,0,6172.0707,-1000.0000,90.0000,0.0000,1,2.0,100.00,0.0,0.0,0.0,0.0
1841,11.693531,13.322708,3.300000,7,0,6178.9985,-1000.0000,90.0000,0.0000,1,2.0,100.00,0.0,0.0,0.0,0.0
1842,10.923576,11.675040,3.308000,7,0,6185.0696,-1000.0000,90.0000,0.0000,1,2.0,100.00,0.0,0.0,0.0,0.0
1843,11.072528,10.925576,3.404000,7,0,6190.7509,-1000.0000,90.0000,0.0000,1,2.0,100.00,0.0,0.0,0.0,0.0
1844,11.078029,11.068458,3.273000,7,0,6196.5064,-1000.0000,90.0000,0.0000,1,2.0,100.00,0.0,0.0,0.0,0.0
1845,10.745962,11.105861,3.307000,7,0,6202.2815,-1000.0000,90.0000,0.0000,1,2.0,100.00,0.0,0.0,0.0,0.0
1846,10.642630,10.732420,3.273000,7,0,6207.8624,-1000.0000,90.0000,0.0000,1,2.0,100.00,0.0,0.0,0.0,0.0
1847,11.551478,10.685931,3.172000,7,0,6213.4190,-1000.0000,90.0000,0.0000,1,2.0,100.00,0.0,0.0,0.0,0.0
1848,11.697793,11.498397,3.360000,7,0,6219.3982,-1000.0000,90.0000,0.0000,1,2.0,100.00,0.0,0.0,0.0,0.0
1849,12.610332,11.691863,3.304000,7,0,6225.4780,-1000.0000,90.0000,0.0000,1,2.0,100.00,0.0,0.0,0.0,0.0
1850,13.169173,12.863837,3.308000,7,0,6232.1672,-1000.0000,90.0000,0.0000,1,2.0,100.00,0.0,0.0,0.0,0.0
1851,12.103781,13.042711,3.384000,7,0,6238.9494,-1000.0000,90.0000,0.0000,1,2.0,100.00,0.0,0.0,0.0,0.0
1852,12.485319,12.071530,3.411000,7,0,6245.2266,-1000.0000,90.0000,0.0000,1,2.0,100.00,0.0,0.0,0.0,0.0
1853,11.963788,12.512280,3.362000,7,0,6251.7330,-1000.0000,90.0000,0.0000,1,2.0,100.00,0.0,0.0,0.0,0.0
1854,12.395897,11.972008,3.251000,7,0,6257.9584,-1000.0000,90.0000,0.0000,1,2.0,100.00,0.0,0.0,0.0,0.0
1855,11.561629,12.400917,3.357000,7,0,6264.4069,-1000.0000,90.0000,0.0000,1,2.0,100.00,0.0,0.0,0.0,0.0
1856,11.915397,11.521519,3.266000,7,0,6270.3981,-1000.0000,90.0000,0.0000,1,2.0,100.00,0.0,0.0,0.0,0.0
1857,10.992827,11.905696,3.190000,7,0,6276.5890,-1000.0000,90.0000,0.0000,1,2.0,100.00,0.0,0.0,0.0,0.0
1858,13.128063,10.997877,3.322000,7,0,6282.3079,-1000.0000,90.0000,0.0000,1,2.0,100.00,0.0,0.0,0.0,0.0
1859,12.026119,13.189725,3.218000,7,0,6289.1666,-1000.0000,90.0000,0.0000,1,2.0,100.00,0.0,0.0,0.0,0.0
1860,12.832717,12.062990,3.246000,7,0,6295.4393,-1000.0000,90.0000,0.0000,1,2.0,100.00,0.0,0.0,0.0,0.0
1861,12.631232,12.783215,3.231000,7,0,6302.0866,-1000.0000,90.0000,0.0000,1,2.0,100.00,0.0,0.0,0.0,0.0
1862,13.032671,12.638632,3.267000,7,0,6308.6587,-1000.0000,90.0000,0.0000,1,2.0,100.00,0.0,0.0,0.0,0.0
1863,12.157522,13.019961,3.317000,7,0,6315.4291,-1000.0000,90.0000,0.0000,1,2.0,100.00,0.0,0.0,0.0,0.0
1864,20.164154,12.097810,3.294000,7,0,6321.7199,-1000.0000,90.0000,0.0000,1,2.0,100.00,0.0,0.0,0.0,0.0
1865,12.026640,20.183775,3.341000,7,0,6332.2155,-1000.0000,90.0000,0.0000,1,2.0,100.00,0.0,0.0,0.0,0.0
1866,12.461119,11.928778,3.307000,7,0,6338.4185,-1000.0000,90.0000,0.0000,1,2.0,100.00,0.0,0.0,0.0,0.0
1867,12.882956,12.437618,3.192000,7,0,6344.8860,-1000.0000,90.0000,0.0000,1,2.0,100.00,0.0,0.0,0.0,0.0
1868,14.419252,12.886118,3.213000,7,0,6351.5868,-1000.0000,90.0000,0.0000,1,2.0,100.00,0.0,0.0,0.0,0.0
1869,12.002389,15.022634,3.307000,7,0,6359.3986,-1000.0000,90.0000,0.0000,1,2.0,100.00,0.0,0.0,0.0,0.0
1870,11.900886,11.793963,3.307000,7,0,6365.5314,-1000.0000,90.0000,0.0000,1,2.0,100.00,0.0,0.0,0.0,0.0
1871,13.915330,12.007779,3.177000,7,0,6371.7755,-1000.0000,90.0000,0.0000,1,2.0,100.00,0.0,0.0,0.0,0.0
1872,13.727225,13.842718,3.308000,7,0,6378.9737,-1000.0000,90.0000,0.0000,1,2.0,100.00,0.0,0.0,0.0,0.0
1873,13.990082,13.570033,3.165000,7,0,6386.0301,-1000.0000,90.0000,0.0000,1,2.0,100.00,0.0,0.0,0.0,0.0
1874,12.956789,14.373610,3.265000,7,0,6393.5044,-1000.0000,90.0000,0.0000,1,2.0,100.00,0.0,0.0,0.0,0.0
1875,12.976770,12.824436,3.337000,7,0,6400.1731,-1000.0000,90.0000,0.0000,1,2.0,100.00,0.0,0.0,0.0,0.0
1876,12.706124,12.916709,3.329000,7,0,6406.8898,-1000.0000,90.0000,0.0000,1,2.0,100.00,0.0,0.0,0.0,0.0
1877,13.405738,12.458928,3.197000,7,0,6413.3684,-1000.0000,90.0000,0.0000,1,2.0,100.00,0.0,0.0,0.0,0.0
1878,13.921531,13.437670,3.333000,7,0,6420.3560,-1000.0000,90.0000,0.0000,1,2.0,100.00,0.0,0.0,0.0,0.0
1879,13.472291,13.913360,3.227000,7,0,6427.5910,-1000.0000,90.0000,0.0000,1,2.0,100.00,0.0,0.0,0.0,0.0
1880,13.928380,13.467410,3.330000,7,0,6434.5940,-1000.0000,90.0000,0.0000,1,2.0,100.00,0.0,0.0,0.0,0.0
1881,13.268265,13.935870,3.257000,7,0,6441.8407,-1000.0000,90.0000,0.0000,1,2.0,100.00,0.0,0.0,0.0,0.0
1882,14.311699,13.170744,3.392000,7,0,6448.6895,-1000.0000,90.0000,0.0000,1,2.0,100.00,0.0,0.0,0.0,0.0
1883,13.423349,14.372760,3.228000,7,0,6456.1633,-1000.0000,90.0000,0.0000,1,2.0,100.00,0.0,0.0,0.0,0.0
1884,16.383453,13.448000,3.223000,7,0,6463.1563,-1000.0000,90.0000,0.0000,1,2.0,100.00,0.0,0.0,0.0,0.0
1885,13.743287,16.289391,3.285000,7,0,6471.6267,-1000.0000,90.0000,0.0000,1,2.0,100.00,0.0,0.0,0.0,0.0
1886,14.106824,13.677845,3.309000,7,0,6478.7392,-1000.0000,90.0000,0.0000,1,2.0,100.00,0.0,0.0,0.0,0.0
1887,13.749076,14.086783,3.385000,7,0,6486.0643,-1000.0000,90.0000,0.0000,1,2.0,100.00,0.0,0.0,0.0,0.0
1888,13.032781,13.782657,3.249000,7,0,6493.2313,-1000.0000,90.0000,0.0000,1,2.0,100.00,0.0,0.0,0.0,0.0
1889,13.311547,13.084772,3.233000,7,0,6500.0354,-1000.0000,90.0000,0.0000,1,2.0,100.00,0.0,0.0,0.0,0.0
1890,12.350435,13.222585,3.266000,7,0,6506.9112,-1000.0000,90.0000,0.0000,1,2.0,100.00,0.0,0.0,0.0,0.0
1891,12.151852,12.348007,3.234000,7,0,6513.3321,-1000.0000,90.0000,0.0000,1,2.0,100.00,0.0,0.0,0.0,0.0
1892,12.691374,12.145542,3.223000,7,0,6519.6478,-1000.0000,90.0000,0.0000,1,2.0,100.00,0.0,0.0,0.0,0.0
1893,12.889188,12.695312,3.183000,7,0,6526.2494,-1000.0000,90.0000,0.0000,1,2.0,100.00,0.0,0.0,0.0,0.0
1894,13.202224,12.883908,3.238000,7,0,6532.9490,-1000.0000,90.0000,0.0000,1,2.0,100.00,0.0,0.0,0.0,0.0
1895,13.408440,13.312478,3.327000,7,0,6539.8715,-1000.0000,90.0000,0.0000,1,2.0,100.00,0.0,0.0,0.0,0.0
1896,14.648145,13.377018,3.262000,7,0,6546.8275,-1000.0000,90.0000,0.0000,1,2.0,100.00,0.0,0.0,0.0,0.0
1897,14.790649,14.645626,3.303000,7,0,6554.4433,-1000.0000,90.0000,0.0000,1,2.0,100.00,0.0,0.0,0.0,0.0
1898,13.087322,14.808178,3.231000,7,0,6562.1435,-1000.0000,90.0000,0.0000,1,2.0,100.00,0.0,0.0,0.0,0.0
1899,13.590163,13.071902,3.202000,7,0,6568.9409,-1000.0000,90.0000,0.0000,1,2.0,100.00,0.0,0.0,0.0,0.0
1900,13.720065,13.600733,3.243000,7,0,6576.0133,-1000.0000,90.0000,0.0000,1,2.0,100.00,0.0,0.0,0.0,0.0
1901,13.156915,13.785108,3.207000,7,0,6583.1815,-1000.0000,90.0000,0.0000,1,2.0,100.00,0.0,0.0,0.0,0.0
1902,12.936098,13.049771,3.241000,7,0,6589.9674,-1000.0000,90.0000,0.0000,1,2.0,100.00,0.0,0.0,0.0,0.0
1903,13.014571,12.929139,3.251000,7,0,6596.6906,-1000.0000,90.0000,0.0000,1,2.0,100.00,0.0,0.0,0.0,0.0
1904,12.877667,13.017640,3.310000,7,0,6603.4597,-1000.0000,90.0000,0.0000,1,2.0,100.00,0.0,0.0,0.0,0.0
1905,13.216995,12.840477,3.247000,7,0,6610.1368,-1000.0000,90.0000,0.0000,1,2.0,100.00,0.0,0.0,0.0,0.0
1906,13.021101,13.242135,3.324000,7,0,6617.0227,-1000.0000,90.0000,0.0000,1,2.0,100.00,0.0,0.0,0.0,0.0
1907,13.150933,13.028431,3.303000,7,0,6623.7975,-1000.0000,90.0000,0.0000,1,2.0,100.00,0.0,0.0,0.0,0.0
1908,13.037261,13.158333,3.335000,7,0,6630.6398,-1000.0000,90.0000,0.0000,1,2.0,100.00,0.0,0.0,0.0,0.0
1909,12.502309,12.999131,3.226000,7,0,6637.3994,-1000.0000,90.0000,0.0000,1,2.0,100.00,0.0,0.0,0.0,0.0
1910,12.697794,12.487859,3.314000,7,0,6643.8931,-1000.0000,90.0000,0.0000,1,2.0,100.00,0.0,0.0,0.0,0.0
1911,12.143412,12.709853,3.272000,7,0,6650.5022,-1000.0000,90.0000,0.0000,1,2.0,100.00,0.0,0.0,0.0,0.0
1912,13.306286,12.122752,3.205000,7,0,6656.8060,-1000.0000,90.0000,0.0000,1,2.0,100.00,0.0,0.0,0.0,0.0
1913,13.313548,13.358118,3.207000,7,0,6663.7522,-1000.0000,90.0000,0.0000,1,2.0,100.00,0.0,0.0,0.0,0.0
1914,12.519909,13.295256,3.212000,7,0,6670.6658,-1000.0000,90.0000,0.0000,1,2.0,100.00,0.0,0.0,0.0,0.0
1915,11.957738,12.508640,3.204000,7,0,6677.1703,-1000.0000,90.0000,0.0000,1,2.0,100.00,0.0,0.0,0.0,0.0
1916,12.627102,11.977078,3.411000,7,0,6683.3983,-1000.0000,90.0000,0.0000,1,2.0,100.00,0.0,0.0,0.0,0.0
1917,13.107973,12.608052,3.316000,7,0,6689.9545,-1000.0000,90.0000,0.0000,1,2.0,100.00,0.0,0.0,0.0,0.0
1918,13.432889,13.105032,3.440000,7,0,6696.7691,-1000.0000,90.0000,0.0000,1,2.0,100.00,0.0,0.0,0.0,0.0
1919,13.464861,13.433940,3.437000,7,0,6703.7548,-1000.0000,90.0000,0.0000,1,2.0,100.00,0.0,0.0,0.0,0.0
1920,13.344117,13.476400,3.298000,7,0,6710.7625,-1000.0000,90.0000,0.0000,1,2.0,100.00,0.0,0.0,0.0,0.0
1921,14.130144,13.352228,3.305000,7,0,6717.7057,-1000.0000,90.0000,0.0000,1,2.0,100.00,0.0,0.0,0.0,0.0
1922,12.964560,14.115685,3.485000,7,0,6725.0458,-1000.0000,90.0000,0.0000,1,2.0,100.00,0.0,0.0,0.0,0.0
1923,12.617542,12.962408,3.364000,7,0,6731.7863,-1000.0000,90.0000,0.0000,1,2.0,100.00,0.0,0.0,0.0,0.0
1924,12.787186,12.606492,3.274000,7,0,6738.3417,-1000.0000,90.0000,0.0000,1,2.0,100.00,0.0,0.0,0.0,0.0
1925,12.438028,12.789906,3.302000,7,0,6744.9924,-1000.0000,90.0000,0.0000,1,2.0,100.00,0.0,0.0,0.0,0.0
1926,13.185604,12.435258,3.234000,7,0,6751.4587,-1000.0000,90.0000,0.0000,1,2.0,100.00,0.0,0.0,0.0,0.0
1927,14.100943,13.197874,3.402000,7,0,6758.3216,-1000.0000,90.0000,0.0000,1,2.0,100.00,0.0,0.0,0.0,0.0
1928,12.869218,14.345760,3.290000,7,0,6765.7814,-1000.0000,90.0000,0.0000,1,2.0,100.00,0.0,0.0,0.0,0.0
1929,13.736036,12.795276,3.219000,7,0,6772.4350,-1000.0000,90.0000,0.0000,1,2.0,100.00,0.0,0.0,0.0,0.0
1930,13.273086,13.681494,3.286000,7,0,6779.5494,-1000.0000,90.0000,0.0000,1,2.0,100.00,0.0,0.0,0.0,0.0
1931,12.476519,13.298317,3.293000,7,0,6786.4645,-1000.0000,90.0000,0.0000,1,2.0,100.00,0.0,0.0,0.0,0.0
1932,13.715845,12.463948,3.238000,7,0,6792.9457,-1000.0000,90.0000,0.0000,1,2.0,100.00,0.0,0.0,0.0,0.0
1933,13.530542,13.721967,3.298000,7,0,6800.0812,-1000.0000,90.0000,0.0000,1,2.0,100.00,0.0,0.0,0.0,0.0
1934,12.964630,13.520220,3.194000,7,0,6807.1117,-1000.0000,90.0000,0.0000,1,2.0,100.00,0.0,0.0,0.0,0.0
1935,13.759437,12.939869,3.208000,7,0,6813.8404,-1000.0000,90.0000,0.0000,1,2.0,100.00,0.0,0.0,0.0,0.0
1936,13.404028,13.751507,3.334000,7,0,6820.9912,-1000.0000,90.0000,0.0000,1,2.0,100.00,0.0,0.0,0.0,0.0
1937,13.328017,13.407139,3.316000,7,0,6827.9629,-1000.0000,90.0000,0.0000,1,2.0,100.00,0.0,0.0,0.0,0.0
1938,13.463421,13.326207,3.216000,7,0,6834.8925,-1000.0000,90.0000,0.0000,1,2.0,100.00,0.0,0.0,0.0,0.0
1939,14.078393,13.428019,3.253000,7,0,6841.8751,-1000.0000,90.0000,0.0000,1,2.0,100.00,0.0,0.0,0.0,0.0
1940,13.834968,14.089914,3.322000,7,0,6849.2018,-1000.0000,90.0000,0.0000,1,2.0,100.00,0.0,0.0,0.0,0.0
1941,13.204115,13.762947,3.256000,7,0,6856.3586,-1000.0000,90.0000,0.0000,1,2.0,100.00,0.0,0.0,0.0,0.0
1942,13.513521,13.217505,3.263000,7,0,6863.2317,-1000.0000,90.0000,0.0000,1,2.0,100.00,0.0,0.0,0.0,0.0
1943,13.708645,13.527132,3.277000,7,0,6870.2658,-1000.0000,90.0000,0.0000,1,2.0,100.00,0.0,0.0,0.0,0.0
1944,12.066510,13.635143,3.250000,7,0,6877.3561,-1000.0000,90.0000,0.0000,1,2.0,100.00,0.0,0.0,0.0,0.0
1945,11.941848,12.107641,3.316000,7,0,6883.6520,-1000.0000,90.0000,0.0000,1,2.0,100.00,0.0,0.0,0.0,0.0
1946,11.978628,11.932737,3.301000,7,0,6889.8571,-1000.0000,90.0000,0.0000,1,2.0,100.00,0.0,0.0,0.0,0.0
1947,11.751013,11.998248,3.333000,7,0,6896.0962,-1000.0000,90.0000,0.0000,1,2.0,100.00,0.0,0.0,0.0,0.0
1948,12.371727,11.742744,3.246000,7,0,6902.2024,-1000.0000,90.0000,0.0000,1,2.0,100.00,0.0,0.0,0.0,0.0
1949,12.830746,12.361366,3.222000,7,0,6908.6303,-1000.0000,90.0000,0.0000,1,2.0,100.00,0.0,0.0,0.0,0.0
1950,12.997931,12.814896,3.277000,7,0,6915.2940,-1000.0000,90.0000,0.0000,1,2.0,100.00,0.0,0.0,0.0,0.0
1951,11.883036,12.982410,3.271000,7,0,6922.0449,-1000.0000,90.0000,0.0000,1,2.0,100.00,0.0,0.0,0.0,0.0
1952,13.019930,11.903927,3.295000,7,0,6928.2349,-1000.0000,90.0000,0.0000,1,2.0,100.00,0.0,0.0,0.0,0.0
1953,12.633673,13.009300,3.202000,7,0,6934.9998,-1000.0000,90.0000,0.0000,1,2.0,100.00,0.0,0.0,0.0,0.0
1954,15.011714,12.746665,3.284000,7,0,6941.6280,-1000.0000,90.0000,0.0000,1,2.0,100.00,0.0,0.0,0.0,0.0
1955,12.496628,15.006933,3.138000,7,0,6949.4316,-1000.0000,90.0000,0.0000,1,2.0,100.00,0.0,0.0,0.0,0.0
1956,12.516631,12.459079,3.182000,7,0,6955.9104,-1000.0000,90.0000,0.0000,1,2.0,100.00,0.0,0.0,0.0,0.0
1957,12.786915,12.518820,3.395000,7,0,6962.4201,-1000.0000,90.0000,0.0000,1,2.0,100.00,0.0,0.0,0.0,0.0
1958,13.078291,12.812506,3.366000,7,0,6969.0826,-1000.0000,90.0000,0.0000,1,2.0,100.00,0.0,0.0,0.0,0.0
1959,12.304286,13.054932,3.312000,7,0,6975.8712,-1000.0000,90.0000,0.0000,1,2.0,100.00,0.0,0.0,0.0,0.0
1960,12.483159,12.308904,3.202000,7,0,6982.2718,-1000.0000,90.0000,0.0000,1,2.0,100.00,0.0,0.0,0.0,0.0
1961,11.791254,12.500319,3.341000,7,0,6988.7720,-1000.0000,90.0000,0.0000,1,2.0,100.00,0.0,0.0,0.0,0.0
1962,12.041400,11.764334,3.270000,7,0,6994.8895,-1000.0000,90.0000,0.0000,1,2.0,100.00,0.0,0.0,0.0,0.0
1963,13.378558,12.034760,3.330000,7,0,7001.1475,-1000.0000,90.0000,0.0000,1,2.0,100.00,0.0,0.0,0.0,0.0
1964,12.353806,13.386319,3.361000,7,0,7008.1084,-1000.0000,90.0000,0.0000,1,2.0,100.00,0.0,0.0,0.0,0.0
1965,13.355008,12.424917,3.147000,8,1,7014.5694,-1000.0000,90.0000,0.0000,1,2.0,100.00,0.0,0.0,0.0,0.0
1966,187.011120,13.282456,3.530000,8,0,7021.0176,-1000.0000,90.0000,0.0000,1,2.0,100.00,0.0,0.0,0.0,0.0
1967,6.560352,186.973680,3.530000,8,0,7021.0176,-1000.0000,90.0000,0.0000,1,2.0,100.00,0.0,0.0,0.0,0.0
1968,5.712793,6.469550,3.516000,8,0,7021.0176,-1000.0000,90.0000,0.0000,1,2.0,100.00,0.0,0.0,0.0,0.0
1969,10.822763,5.711392,3.516000,8,0,7021.0176,-1000.0000,90.0000,0.0000,1,2.0,100.00,0.0,0.0,0.0,0.0
1970,11.921177,10.843824,3.338000,8,0,7021.0176,-1000.0000,90.0000,0.0000,1,2.0,100.00,0.0,0.0,0.0,0.0
1971,11.954318,11.914457,3.269000,8,0,7021.0176,-1000.0000,90.0000,0.0000,1,2.0,100.00,0.0,0.0,0.0,0.0
1972,12.103861,11.986178,3.354000,8,0,7021.0176,-1000.0000,90.0000,0.0000,1,2.0,100.00,0.0,0.0,0.0,0.0
1973,11.891936,12.092351,3.311000,8,0,7021.0176,-1000.0000,90.0000,0.0000,1,2.0,100.00,0.0,0.0,0.0,0.0
1974,11.107289,11.910337,3.249000,8,0,7021.0176,-1000.0000,90.0000,0.0000,1,2.0,100.00,0.0,0.0,0.0,0.0
1975,9.955505,11.102319,3.274000,8,0,7021.0176,-1000.0000,90.0000,0.0000,1,2.0,100.00,0.0,0.0,0.0,0.0
1976,10.193719,9.970265,3.312000,8,0,7021.0176,-1000.0000,90.0000,0.0000,1,2.0,100.00,0.0,0.0,0.0,0.0
1977,9.401624,10.289732,3.312000,8,0,7021.0176,-1000.0000,90.0000,0.0000,1,2.0,100.00,0.0,0.0,0.0,0.0
1978,10.160858,9.350941,3.308000,8,0,7021.0176,-1000.0000,90.0000,0.0000,1,2.0,100.00,0.0,0.0,0.0,0.0
1979,10.679060,10.175119,3.322000,8,0,7021.0176,-1000.0000,90.0000,0.0000,1,2.0,100.00,0.0,0.0,0.0,0.0
1980,11.411736,10.672331,3.392000,8,0,7021.0176,-1000.0000,90.0000,0.0000,1,2.0,100.00,0.0,0.0,0.0,0.0
1981,10.501726,11.395225,3.392000,8,0,7021.0176,-1000.0000,90.0000,0.0000,1,2.0,100.00,0.0,0.0,0.0,0.0
1982,11.486228,10.512627,3.369000,8,0,7021.0176,-1000.0000,90.0000,0.0000,1,2.0,100.00,0.0,0.0,0.0,0.0
1983,11.290533,11.469287,3.369000,8,0,7021.0176,-1000.0000,90.0000,0.0000,1,2.0,100.00,0.0,0.0,0.0,0.0
1984,11.429037,11.339494,3.322000,8,0,7021.0176,-1000.0000,90.0000,0.0000,1,2.0,100.00,0.0,0.0,0.0,0.0
1985,13.453280,11.415486,3.356000,8,0,7021.0176,-1000.0000,90.0000,0.0000,1,2.0,100.00,0.0,0.0,0.0,0.0
1986,10.403304,13.540812,3.356000,8,0,7021.0176,-1000.0000,90.0000,0.0000,1,2.0,100.00,0.0,0.0,0.0,0.0
1987,11.467477,10.380304,3.212000,8,0,7021.0176,-1000.0000,90.0000,0.0000,1,2.0,100.00,0.0,0.0,0.0,0.0
1988,11.843826,11.476417,3.284000,8,0,7021.0176,-1000.0000,90.0000,0.0000,1,2.0,100.00,0.0,0.0,0.0,0.0
1989,11.880286,11.842655,3.268000,8,0,7021.0176,-1000.0000,90.0000,0.0000,1,2.0,100.00,0.0,0.0,0.0,0.0
1990,9.480134,11.886597,3.268000,8,0,7021.0176,-1000.0000,90.0000,0.0000,1,2.0,100.00,0.0,0.0,0.0,0.0
1991,11.067058,9.465853,3.354000,8,0,7021.0176,-1000.0000,90.0000,0.0000,1,2.0,100.00,0.0,0.0,0.0,0.0
1992,11.465178,11.022478,3.274000,8,0,7021.0176,-1000.0000,90.0000,0.0000,1,2.0,100.00,0.0,0.0,0.0,0.0
1993,11.083039,11.529049,3.240000,8,0,7021.0176,-1000.0000,90.0000,0.0000,1,2.0,100.00,0.0,0.0,0.0,0.0
1994,11.218121,11.019787,3.285000,8,0,7021.0176,-1000.0000,90.0000,0.0000,1,2.0,100.00,0.0,0.0,0.0,0.0
1995,11.621461,11.200801,3.228000,8,0,7021.0176,-1000.0000,90.0000,0.0000,1,2.0,100.00,0.0,0.0,0.0,0.0
1996,11.019638,11.573140,3.332000,8,0,7021.0176,-1000.0000,90.0000,0.0000,1,2.0,100.00,0.0,0.0,0.0,0.0
1997,11.147910,11.054768,3.311000,8,0,7021.0176,-1000.0000,90.0000,0.0000,1,2.0,100.00,0.0,0.0,0.0,0.0
1998,11.688431,11.115310,3.258000,8,0,7021.0176,-1000.0000,90.0000,0.0000,1,2.0,100.00,0.0,0.0,0.0,0.0
1999,10.908955,11.715943,3.289000,8,0,7021.0176,-1000.0000,90.0000,0.0000,1,2.0,100.00,0.0,0.0,0.0,0.0
2000,10.794753,10.901954,3.247000,8,0,7021.0176,-1000.0000,90.0000,0.0000,1,2.0,100.00,0.0,0.0,0.0,0.0
2001,10.993937,10.820553,3.277000,8,0,7021.0176,-1000.0000,90.0000,0.0000,1,2.0,100.00,0.0,0.0,0.0,0.0
2002,11.064108,10.997807,3.287000,8,0,7021.0176,-1000.0000,90.0000,0.0000,1,2.0,100.00,0.0,0.0,0.0,0.0
2003,11.847756,11.088309,3.413000,8,0,7021.0176,-1000.0000,90.0000,0.0000,1,2.0,100.00,0.0,0.0,0.0,0.0
2004,11.038268,11.809795,3.189000,8,0,7021.0176,-1000.0000,90.0000,0.0000,1,2.0,100.00,0.0,0.0,0.0,0.0
2005,10.764152,11.043138,3.245000,8,0,7021.0176,-1000.0000,90.0000,0.0000,1,2.0,100.00,0.0,0.0,0.0,0.0
2006,10.197360,10.793763,3.183000,8,0,7021.0176,-1000.0000,90.0000,0.0000,1,2.0,100.00,0.0,0.0,0.0,0.0
2007,10.822273,10.198169,3.225000,8,0,7021.0176,-1000.0000,90.0000,0.0000,1,2.0,100.00,0.0,0.0,0.0,0.0
2008,11.331764,10.759012,3.261000,8,0,7021.0176,-1000.0000,90.0000,0.0000,1,2.0,100.00,0.0,0.0,0.0,0.0
2009,10.707241,11.348095,3.353000,8,0,7021.0176,-1000.0000,90.0000,0.0000,1,2.0,100.00,0.0,0.0,0.0,0.0
2010,11.202321,10.792042,3.345000,8,0,7021.0176,-1000.0000,90.0000,0.0000,1,2.0,100.00,0.0,0.0,0.0,0.0
2011,10.225280,11.157731,3.247000,8,0,7021.0176,-1000.0000,90.0000,0.0000,1,2.0,100.00,0.0,0.0,0.0,0.0
2012,10.861945,10.190919,3.248000,8,0,7021.0176,-1000.0000,90.0000,0.0000,1,2.0,100.00,0.0,0.0,0.0,0.0
2013,10.626709,10.868995,3.255000,8,0,7021.0176,-1000.0000,90.0000,0.0000,1,2.0,100.00,0.0,0.0,0.0,0.0
2014,10.053517,10.653719,3.271000,8,0,7021.0176,-1000.0000,90.0000,0.0000,1,2.0,100.00,0.0,0.0,0.0,0.0
2015,10.470715,10.015856,3.346000,8,0,7021.0176,-1000.0000,90.0000,0.0000,1,2.0,100.00,0.0,0.0,0.0,0.0
2016,10.611339,10.466535,3.257000,8,0,7021.0176,-1000.0000,90.0000,0.0000,1,2.0,100.00,0.0,0.0,0.0,0.0
2017,10.514706,10.597049,3.359000,8,0,7021.0176,-1000.0000,90.0000,0.0000,1,2.0,100.00,0.0,0.0,0.0,0.0
2018,10.444486,10.536068,3.304000,8,0,7021.0176,-1000.0000,90.0000,0.0000,1,2.0,100.00,0.0,0.0,0.0,0.0
2019,10.436374,10.439714,3.290000,8,0,7021.0176,-1000.0000,90.0000,0.0000,1,2.0,100.00,0.0,0.0,0.0,0.0
2020,10.986577,10.435915,3.280000,8,0,7021.0176,-1000.0000,90.0000,0.0000,1,2.0,100.00,0.0,0.0,0.0,0.0
2021,10.865464,10.987087,3.260000,8,0,7021.0176,-1000.0000,90.0000,0.0000,1,2.0,100.00,0.0,0.0,0.0,0.0
2022,10.861754,10.875184,3.311000,8,0,7021.0176,-1000.0000,90.0000,0.0000,1,2.0,100.00,0.0,0.0,0.0,0.0
2023,10.933296,10.859574,3.212000,8,0,7021.0176,-1000.0000,90.0000,0.0000,1,2.0,100.00,0.0,0.0,0.0,0.0
2024,10.539207,10.995427,3.055000,8,0,7021.0176,-1000.0000,90.0000,0.0000,1,2.0,100.00,0.0,0.0,0.0,0.0
2025,10.466016,10.515017,3.390000,8,0,7021.0176,-1000.0000,90.0000,0.0000,1,2.0,100.00,0.0,0.0,0.0,0.0
2026,10.472635,10.431445,3.302000,8,0,7021.0176,-1000.0000,90.0000,0.0000,1,2.0,100.00,0.0,0.0,0.0,0.0
2027,10.892555,10.509677,3.096000,8,0,7021.0176,-1000.0000,90.0000,0.0000,1,2.0,100.00,0.0,0.0,0.0,0.0
2028,11.112669,10.882434,3.275000,8,0,7021.0176,-1000.0000,90.0000,0.0000,1,2.0,100.00,0.0,0.0,0.0,0.0
2029,10.987877,11.096330,3.182000,8,0,7021.0176,-1000.0000,90.0000,0.0000,1,2.0,100.00,0.0,0.0,0.0,0.0
2030,11.088279,10.978476,3.277000,8,0,7021.0176,-1000.0000,90.0000,0.0000,1,2.0,100.00,0.0,0.0,0.0,0.0
2031,11.789954,11.080839,3.267000,8,0,7021.0176,-1000.0000,90.0000,0.0000,1,2.0,100.00,0.0,0.0,0.0,0.0
2032,11.639502,11.792913,3.180000,8,0,7021.0176,-1000.0000,90.0000,0.0000,1,2.0,100.00,0.0,0.0,0.0,0.0
2033,11.218901,11.642142,3.209000,8,0,7021.0176,-1000.0000,90.0000,0.0000,1,2.0,100.00,0.0,0.0,0.0,0.0
2034,11.651872,11.208071,3.385000,8,0,7021.0176,-1000.0000,90.0000,0.0000,1,2.0,100.00,0.0,0.0,0.0,0.0
2035,11.714671,11.646021,3.307000,8,0,7021.0176,-1000.0000,90.0000,0.0000,1,2.0,100.00,0.0,0.0,0.0,0.0
2036,11.494319,11.716563,3.286000,8,0,7021.0176,-1000.0000,90.0000,0.0000,1,2.0,100.00,0.0,0.0,0.0,0.0
2037,11.656010,11.550418,3.256000,8,0,7021.0176,-1000.0000,90.0000,0.0000,1,2.0,100.00,0.0,0.0,0.0,0.0
2038,11.793325,11.626531,3.138000,8,0,7021.0176,-1000.0000,90.0000,0.0000,1,2.0,100.00,0.0,0.0,0.0,0.0
2039,11.581140,11.792465,3.378000,8,0,7021.0176,-1000.0000,90.0000,0.0000,1,2.0,100.00,0.0,0.0,0.0,0.0
2040,13.344537,11.627140,3.279000,8,0,7021.0176,-1000.0000,90.0000,0.0000,1,2.0,100.00,0.0,0.0,0.0,0.0
