frame,wall_ms,sim_ms,gpu_ms,phase,shot_requested,x,y,z,yaw,ready,aa,screen_percentage,motion_blur_quality,dynamic_res,vsync,frame_cap
413,17.453336,263.841116,4.555000,1,0,0.0000,0.0000,88.0000,0.0000,0,2.0,100.00,0.0,0.0,0.0,0.0
414,40.742759,17.433384,4.555000,1,0,0.0000,0.0000,90.0000,0.0000,0,2.0,100.00,0.0,0.0,0.0,0.0
415,13.922588,40.815632,7.804000,1,0,0.0000,0.0000,90.0000,0.0000,0,2.0,100.00,0.0,0.0,0.0,0.0
416,15.373820,13.857786,3.604000,1,0,0.0000,0.0000,90.0000,0.0000,0,2.0,100.00,0.0,0.0,0.0,0.0
417,13.053318,15.376429,3.702000,1,0,6000.0000,-1000.0000,90.0000,0.0000,0,2.0,100.00,0.0,0.0,0.0,0.0
418,15.951902,12.995957,3.790000,1,0,6000.0000,-1000.0000,90.0000,0.0000,1,2.0,100.00,0.0,0.0,0.0,0.0
419,15.079293,15.978313,3.653000,1,0,6000.0000,-1000.0000,90.0000,0.0000,1,2.0,100.00,0.0,0.0,0.0,0.0
420,25.193276,15.059272,4.409000,1,0,6000.0000,-1000.0000,90.0000,0.0000,1,2.0,100.00,0.0,0.0,0.0,0.0
421,13.491309,25.233357,3.904000,1,0,6000.0000,-1000.0000,90.0000,0.0000,1,2.0,100.00,0.0,0.0,0.0,0.0
422,13.254452,13.451618,3.806000,1,0,6000.0000,-1000.0000,90.0000,0.0000,1,2.0,100.00,0.0,0.0,0.0,0.0
423,13.745474,13.254462,3.665000,1,0,6000.0000,-1000.0000,90.0000,0.0000,1,2.0,100.00,0.0,0.0,0.0,0.0
424,11.882331,13.730084,3.665000,1,0,6000.0000,-1000.0000,90.0000,0.0000,1,2.0,100.00,0.0,0.0,0.0,0.0
425,9.775116,11.905523,3.587000,1,0,6000.0000,-1000.0000,90.0000,0.0000,1,2.0,100.00,0.0,0.0,0.0,0.0
426,11.036624,9.728134,3.573000,1,0,6000.0000,-1000.0000,90.0000,0.0000,1,2.0,100.00,0.0,0.0,0.0,0.0
427,12.909815,11.075304,3.523000,1,0,6000.0000,-1000.0000,90.0000,0.0000,1,2.0,100.00,0.0,0.0,0.0,0.0
428,11.876922,12.875925,3.709000,1,0,6000.0000,-1000.0000,90.0000,0.0000,1,2.0,100.00,0.0,0.0,0.0,0.0
429,11.693759,11.903023,3.637000,1,0,6000.0000,-1000.0000,90.0000,0.0000,1,2.0,100.00,0.0,0.0,0.0,0.0
430,11.413152,11.656947,3.615000,1,0,6000.0000,-1000.0000,90.0000,0.0000,1,2.0,100.00,0.0,0.0,0.0,0.0
431,9.613072,11.440953,3.523000,1,0,6000.0000,-1000.0000,90.0000,0.0000,1,2.0,100.00,0.0,0.0,0.0,0.0
432,8.666181,9.596642,3.324000,1,0,6000.0000,-1000.0000,90.0000,0.0000,1,2.0,100.00,0.0,0.0,0.0,0.0
433,8.592510,8.681062,3.405000,1,0,6000.0000,-1000.0000,90.0000,0.0000,1,2.0,100.00,0.0,0.0,0.0,0.0
434,8.454106,8.648220,3.405000,1,0,6000.0000,-1000.0000,90.0000,0.0000,1,2.0,100.00,0.0,0.0,0.0,0.0
435,9.429489,8.553819,3.599000,1,0,6000.0000,-1000.0000,90.0000,0.0000,1,2.0,100.00,0.0,0.0,0.0,0.0
436,9.013169,9.463239,3.562000,1,0,6000.0000,-1000.0000,90.0000,0.0000,1,2.0,100.00,0.0,0.0,0.0,0.0
437,13.400986,8.802385,3.429000,1,0,6000.0000,-1000.0000,90.0000,0.0000,1,2.0,100.00,0.0,0.0,0.0,0.0
438,11.700408,13.376144,3.542000,1,0,6000.0000,-1000.0000,90.0000,0.0000,1,2.0,100.00,0.0,0.0,0.0,0.0
439,12.103158,11.740230,3.453000,1,0,6000.0000,-1000.0000,90.0000,0.0000,1,2.0,100.00,0.0,0.0,0.0,0.0
440,12.670320,12.122658,3.398000,1,0,6000.0000,-1000.0000,90.0000,0.0000,1,2.0,100.00,0.0,0.0,0.0,0.0
441,12.575287,12.626659,3.447000,1,0,6000.0000,-1000.0000,90.0000,0.0000,1,2.0,100.00,0.0,0.0,0.0,0.0
442,14.027289,12.587467,3.590000,1,0,6000.0000,-1000.0000,90.0000,0.0000,1,2.0,100.00,0.0,0.0,0.0,0.0
443,11.520815,14.031000,3.565000,1,0,6000.0000,-1000.0000,90.0000,0.0000,1,2.0,100.00,0.0,0.0,0.0,0.0
444,14.648153,11.521275,3.488000,1,0,6000.0000,-1000.0000,90.0000,0.0000,1,2.0,100.00,0.0,0.0,0.0,0.0
445,11.728419,14.706715,3.488000,1,0,6000.0000,-1000.0000,90.0000,0.0000,1,2.0,100.00,0.0,0.0,0.0,0.0
446,11.792981,11.815910,3.466000,1,0,6000.0000,-1000.0000,90.0000,0.0000,1,2.0,100.00,0.0,0.0,0.0,0.0
447,12.125348,11.749180,3.537000,1,0,6000.0000,-1000.0000,90.0000,0.0000,1,2.0,100.00,0.0,0.0,0.0,0.0
448,11.075354,12.096257,3.497000,1,0,6000.0000,-1000.0000,90.0000,0.0000,1,2.0,100.00,0.0,0.0,0.0,0.0
449,12.896175,11.074084,3.440000,1,0,6000.0000,-1000.0000,90.0000,0.0000,1,2.0,100.00,0.0,0.0,0.0,0.0
450,11.933134,12.858974,3.511000,1,0,6000.0000,-1000.0000,90.0000,0.0000,1,2.0,100.00,0.0,0.0,0.0,0.0
451,12.122087,11.966534,3.561000,1,0,6000.0000,-1000.0000,90.0000,0.0000,1,2.0,100.00,0.0,0.0,0.0,0.0
452,10.144714,12.082957,3.483000,1,0,6000.0000,-1000.0000,90.0000,0.0000,1,2.0,100.00,0.0,0.0,0.0,0.0
453,9.973640,10.148994,3.582000,1,0,6000.0000,-1000.0000,90.0000,0.0000,1,2.0,100.00,0.0,0.0,0.0,0.0
454,12.081777,10.585114,3.582000,1,0,6000.0000,-1000.0000,90.0000,0.0000,1,2.0,100.00,0.0,0.0,0.0,0.0
455,11.912713,11.485973,3.433000,1,0,6000.0000,-1000.0000,90.0000,0.0000,1,2.0,100.00,0.0,0.0,0.0,0.0
456,9.797406,11.943064,3.520000,1,0,6000.0000,-1000.0000,90.0000,0.0000,1,2.0,100.00,0.0,0.0,0.0,0.0
457,9.900829,9.783556,3.520000,1,0,6000.0000,-1000.0000,90.0000,0.0000,1,2.0,100.00,0.0,0.0,0.0,0.0
458,9.892989,9.863128,3.470000,1,0,6000.0000,-1000.0000,90.0000,0.0000,1,2.0,100.00,0.0,0.0,0.0,0.0
459,8.743392,9.881389,3.470000,1,0,6000.0000,-1000.0000,90.0000,0.0000,1,2.0,100.00,0.0,0.0,0.0,0.0
460,10.804739,8.732493,3.544000,1,0,6000.0000,-1000.0000,90.0000,0.0000,1,2.0,100.00,0.0,0.0,0.0,0.0
461,13.805265,10.822358,3.498000,1,0,6000.0000,-1000.0000,90.0000,0.0000,1,2.0,100.00,0.0,0.0,0.0,0.0
462,10.296417,13.912137,3.498000,1,0,6000.0000,-1000.0000,90.0000,0.0000,1,2.0,100.00,0.0,0.0,0.0,0.0
463,11.868672,10.242077,3.447000,1,0,6000.0000,-1000.0000,90.0000,0.0000,1,2.0,100.00,0.0,0.0,0.0,0.0
464,12.727772,11.868551,3.451000,1,0,6000.0000,-1000.0000,90.0000,0.0000,1,2.0,100.00,0.0,0.0,0.0,0.0
465,10.380958,12.707731,3.384000,1,0,6000.0000,-1000.0000,90.0000,0.0000,1,2.0,100.00,0.0,0.0,0.0,0.0
466,11.390632,10.375500,3.486000,1,0,6000.0000,-1000.0000,90.0000,0.0000,1,2.0,100.00,0.0,0.0,0.0,0.0
467,11.607106,11.367120,3.479000,1,0,6000.0000,-1000.0000,90.0000,0.0000,1,2.0,100.00,0.0,0.0,0.0,0.0
468,12.400555,11.613297,3.537000,1,0,6000.0000,-1000.0000,90.0000,0.0000,1,2.0,100.00,0.0,0.0,0.0,0.0
469,10.827059,12.415594,3.541000,1,0,6000.0000,-1000.0000,90.0000,0.0000,1,2.0,100.00,0.0,0.0,0.0,0.0
470,9.320035,10.794489,3.297000,1,0,6000.0000,-1000.0000,90.0000,0.0000,1,2.0,100.00,0.0,0.0,0.0,0.0
471,11.373101,9.297675,3.449000,1,0,6000.0000,-1000.0000,90.0000,0.0000,1,2.0,100.00,0.0,0.0,0.0,0.0
472,9.993221,11.391711,3.470000,1,0,6000.0000,-1000.0000,90.0000,0.0000,1,2.0,100.00,0.0,0.0,0.0,0.0
473,10.791228,10.006761,3.399000,1,0,6000.0000,-1000.0000,90.0000,0.0000,1,2.0,100.00,0.0,0.0,0.0,0.0
474,10.743528,10.829709,3.427000,1,0,6000.0000,-1000.0000,90.0000,0.0000,1,2.0,100.00,0.0,0.0,0.0,0.0
475,12.256950,10.703857,3.490000,1,0,6000.0000,-1000.0000,90.0000,0.0000,1,2.0,100.00,0.0,0.0,0.0,0.0
476,11.035164,12.326402,3.387000,1,0,6000.0000,-1000.0000,90.0000,0.0000,1,2.0,100.00,0.0,0.0,0.0,0.0
477,9.904218,11.011553,3.391000,1,0,6000.0000,-1000.0000,90.0000,0.0000,1,2.0,100.00,0.0,0.0,0.0,0.0
478,8.857106,9.856897,3.516000,1,0,6000.0000,-1000.0000,90.0000,0.0000,1,2.0,100.00,0.0,0.0,0.0,0.0
479,9.715065,8.877787,3.488000,1,0,6000.0000,-1000.0000,90.0000,0.0000,1,2.0,100.00,0.0,0.0,0.0,0.0
480,11.092945,9.698474,3.433000,1,0,6000.0000,-1000.0000,90.0000,0.0000,1,2.0,100.00,0.0,0.0,0.0,0.0
481,11.295639,11.094645,3.514000,1,0,6000.0000,-1000.0000,90.0000,0.0000,1,2.0,100.00,0.0,0.0,0.0,0.0
482,13.849676,11.342050,3.469000,1,0,6000.0000,-1000.0000,90.0000,0.0000,1,2.0,100.00,0.0,0.0,0.0,0.0
483,10.339108,14.037960,3.327000,1,0,6000.0000,-1000.0000,90.0000,0.0000,1,2.0,100.00,0.0,0.0,0.0,0.0
484,12.798823,10.140054,3.633000,1,0,6000.0000,-1000.0000,90.0000,0.0000,1,2.0,100.00,0.0,0.0,0.0,0.0
485,12.136068,12.792782,3.449000,1,0,6000.0000,-1000.0000,90.0000,0.0000,1,2.0,100.00,0.0,0.0,0.0,0.0
486,9.173632,12.093317,3.508000,1,0,6000.0000,-1000.0000,90.0000,0.0000,1,2.0,100.00,0.0,0.0,0.0,0.0
487,11.486044,9.180483,3.515000,1,0,6000.0000,-1000.0000,90.0000,0.0000,1,2.0,100.00,0.0,0.0,0.0,0.0
488,13.929708,11.479884,3.421000,1,0,6000.0000,-1000.0000,90.0000,0.0000,1,2.0,100.00,0.0,0.0,0.0,0.0
489,15.266987,13.969838,3.462000,1,0,6000.0000,-1000.0000,90.0000,0.0000,1,2.0,100.00,0.0,0.0,0.0,0.0
490,13.068698,15.232327,3.620000,1,0,6000.0000,-1000.0000,90.0000,0.0000,1,2.0,100.00,0.0,0.0,0.0,0.0
491,12.255390,13.070788,3.478000,1,0,6000.0000,-1000.0000,90.0000,0.0000,1,2.0,100.00,0.0,0.0,0.0,0.0
492,12.376084,12.256180,3.529000,1,0,6000.0000,-1000.0000,90.0000,0.0000,1,2.0,100.00,0.0,0.0,0.0,0.0
493,10.142384,12.363644,3.640000,1,0,6000.0000,-1000.0000,90.0000,0.0000,1,2.0,100.00,0.0,0.0,0.0,0.0
494,10.818148,10.134024,3.577000,1,0,6000.0000,-1000.0000,90.0000,0.0000,1,2.0,100.00,0.0,0.0,0.0,0.0
495,9.829917,10.806029,3.657000,1,0,6000.0000,-1000.0000,90.0000,0.0000,1,2.0,100.00,0.0,0.0,0.0,0.0
496,10.602325,9.868937,3.503000,1,0,6000.0000,-1000.0000,90.0000,0.0000,1,2.0,100.00,0.0,0.0,0.0,0.0
497,10.198165,10.563893,3.586000,1,0,6000.0000,-1000.0000,90.0000,0.0000,1,2.0,100.00,0.0,0.0,0.0,0.0
498,11.702379,10.238756,3.653000,1,0,6000.0000,-1000.0000,90.0000,0.0000,1,2.0,100.00,0.0,0.0,0.0,0.0
499,9.548960,11.668238,3.530000,1,0,6000.0000,-1000.0000,90.0000,0.0000,1,2.0,100.00,0.0,0.0,0.0,0.0
500,12.270962,9.550950,3.474000,1,0,6000.0000,-1000.0000,90.0000,0.0000,1,2.0,100.00,0.0,0.0,0.0,0.0
501,11.237378,12.272432,3.497000,1,0,6000.0000,-1000.0000,90.0000,0.0000,1,2.0,100.00,0.0,0.0,0.0,0.0
502,11.949923,11.245228,3.679000,1,0,6000.0000,-1000.0000,90.0000,0.0000,1,2.0,100.00,0.0,0.0,0.0,0.0
503,10.779139,11.946364,3.545000,1,0,6000.0000,-1000.0000,90.0000,0.0000,1,2.0,100.00,0.0,0.0,0.0,0.0
504,10.629494,10.794069,3.505000,1,0,6000.0000,-1000.0000,90.0000,0.0000,1,2.0,100.00,0.0,0.0,0.0,0.0
505,11.623847,10.624224,3.340000,1,0,6000.0000,-1000.0000,90.0000,0.0000,1,2.0,100.00,0.0,0.0,0.0,0.0
506,15.114393,11.642337,3.464000,1,0,6000.0000,-1000.0000,90.0000,0.0000,1,2.0,100.00,0.0,0.0,0.0,0.0
507,15.877051,15.116004,3.440000,1,0,6000.0000,-1000.0000,90.0000,0.0000,1,2.0,100.00,0.0,0.0,0.0,0.0
508,13.188431,15.856060,3.502000,1,0,6000.0000,-1000.0000,90.0000,0.0000,1,2.0,100.00,0.0,0.0,0.0,0.0
509,10.500231,13.204191,3.474000,1,0,6000.0000,-1000.0000,90.0000,0.0000,1,2.0,100.00,0.0,0.0,0.0,0.0
510,10.735378,10.463532,3.498000,1,0,6000.0000,-1000.0000,90.0000,0.0000,1,2.0,100.00,0.0,0.0,0.0,0.0
511,9.830457,10.744516,3.508000,1,0,6000.0000,-1000.0000,90.0000,0.0000,1,2.0,100.00,0.0,0.0,0.0,0.0
512,10.648776,9.893189,3.434000,1,0,6000.0000,-1000.0000,90.0000,0.0000,1,2.0,100.00,0.0,0.0,0.0,0.0
513,7.248459,10.584234,3.434000,1,0,6000.0000,-1000.0000,90.0000,0.0000,1,2.0,100.00,0.0,0.0,0.0,0.0
514,12.621539,7.225179,3.443000,1,0,6000.0000,-1000.0000,90.0000,0.0000,1,2.0,100.00,0.0,0.0,0.0,0.0
515,10.675766,12.628800,3.457000,1,0,6000.0000,-1000.0000,90.0000,0.0000,1,2.0,100.00,0.0,0.0,0.0,0.0
516,8.629890,10.708225,3.457000,1,0,6000.0000,-1000.0000,90.0000,0.0000,1,2.0,100.00,0.0,0.0,0.0,0.0
517,10.413200,8.626671,3.400000,1,0,6000.0000,-1000.0000,90.0000,0.0000,1,2.0,100.00,0.0,0.0,0.0,0.0
518,11.766350,10.425010,3.467000,1,0,6000.0000,-1000.0000,90.0000,0.0000,1,2.0,100.00,0.0,0.0,0.0,0.0
519,7.693880,11.876742,3.467000,1,0,6000.0000,-1000.0000,90.0000,0.0000,1,2.0,100.00,0.0,0.0,0.0,0.0
520,9.659143,7.587198,3.339000,1,0,6000.0000,-1000.0000,90.0000,0.0000,1,2.0,100.00,0.0,0.0,0.0,0.0
521,11.356161,9.656104,3.365000,1,0,6000.0000,-1000.0000,90.0000,0.0000,1,2.0,100.00,0.0,0.0,0.0,0.0
522,9.916009,11.342400,3.452000,1,0,6000.0000,-1000.0000,90.0000,0.0000,1,2.0,100.00,0.0,0.0,0.0,0.0
523,10.277137,9.917329,3.389000,1,0,6000.0000,-1000.0000,90.0000,0.0000,1,2.0,100.00,0.0,0.0,0.0,0.0
524,12.152178,10.432900,3.501000,1,0,6000.0000,-1000.0000,90.0000,0.0000,1,2.0,100.00,0.0,0.0,0.0,0.0
525,11.670318,12.042996,3.501000,1,0,6000.0000,-1000.0000,90.0000,0.0000,1,2.0,100.00,0.0,0.0,0.0,0.0
526,13.209892,11.667618,3.366000,1,0,6000.0000,-1000.0000,90.0000,0.0000,1,2.0,100.00,0.0,0.0,0.0,0.0
527,10.036971,13.217452,3.483000,1,0,6000.0000,-1000.0000,90.0000,0.0000,1,2.0,100.00,0.0,0.0,0.0,0.0
528,9.967660,10.060442,3.487000,1,0,6000.0000,-1000.0000,90.0000,0.0000,1,2.0,100.00,0.0,0.0,0.0,0.0
529,12.358873,9.912488,3.437000,1,0,6000.0000,-1000.0000,90.0000,0.0000,1,2.0,100.00,0.0,0.0,0.0,0.0
530,11.992435,12.329552,3.355000,1,0,6000.0000,-1000.0000,90.0000,0.0000,1,2.0,100.00,0.0,0.0,0.0,0.0
531,11.983734,11.991375,3.403000,1,0,6000.0000,-1000.0000,90.0000,0.0000,1,2.0,100.00,0.0,0.0,0.0,0.0
532,11.286639,12.119709,3.489000,1,0,6000.0000,-1000.0000,90.0000,0.0000,1,2.0,100.00,0.0,0.0,0.0,0.0
533,13.105030,11.237378,3.444000,1,0,6000.0000,-1000.0000,90.0000,0.0000,1,2.0,100.00,0.0,0.0,0.0,0.0
534,9.671423,13.141680,3.444000,1,0,6000.0000,-1000.0000,90.0000,0.0000,1,2.0,100.00,0.0,0.0,0.0,0.0
535,12.351124,9.541410,3.476000,1,0,6000.0000,-1000.0000,90.0000,0.0000,1,2.0,100.00,0.0,0.0,0.0,0.0
536,10.785117,12.371984,3.430000,1,0,6000.0000,-1000.0000,90.0000,0.0000,1,2.0,100.00,0.0,0.0,0.0,0.0
537,10.715937,11.020223,3.437000,1,0,6000.0000,-1000.0000,90.0000,0.0000,1,2.0,100.00,0.0,0.0,0.0,0.0
538,10.905901,10.688355,3.419000,1,0,6000.0000,-1000.0000,90.0000,0.0000,1,2.0,100.00,0.0,0.0,0.0,0.0
539,10.563134,10.731027,3.406000,1,0,6000.0000,-1000.0000,90.0000,0.0000,1,2.0,100.00,0.0,0.0,0.0,0.0
540,11.152346,11.197918,3.445000,1,0,6000.0000,-1000.0000,90.0000,0.0000,1,2.0,100.00,0.0,0.0,0.0,0.0
541,10.965832,10.750647,3.449000,1,0,6000.0000,-1000.0000,90.0000,0.0000,1,2.0,100.00,0.0,0.0,0.0,0.0
542,11.402601,11.210177,3.438000,1,0,6000.0000,-1000.0000,90.0000,0.0000,1,2.0,100.00,0.0,0.0,0.0,0.0
543,13.797765,10.883671,3.440000,1,0,6000.0000,-1000.0000,90.0000,0.0000,1,2.0,100.00,0.0,0.0,0.0,0.0
544,12.215430,13.786425,3.472000,1,0,6000.0000,-1000.0000,90.0000,0.0000,1,2.0,100.00,0.0,0.0,0.0,0.0
545,13.012677,12.225309,3.416000,1,0,6000.0000,-1000.0000,90.0000,0.0000,1,2.0,100.00,0.0,0.0,0.0,0.0
546,15.591975,13.005397,3.444000,1,0,6000.0000,-1000.0000,90.0000,0.0000,1,2.0,100.00,0.0,0.0,0.0,0.0
547,8.772242,15.613066,3.444000,1,0,6000.0000,-1000.0000,90.0000,0.0000,1,2.0,100.00,0.0,0.0,0.0,0.0
548,13.243824,8.747293,3.405000,1,0,6000.0000,-1000.0000,90.0000,0.0000,1,2.0,100.00,0.0,0.0,0.0,0.0
549,12.352252,13.314054,3.454000,1,0,6000.0000,-1000.0000,90.0000,0.0000,1,2.0,100.00,0.0,0.0,0.0,0.0
550,16.162737,12.300781,3.451000,1,0,6000.0000,-1000.0000,90.0000,0.0000,1,2.0,100.00,0.0,0.0,0.0,0.0
551,13.349345,16.180777,3.380000,1,0,6000.0000,-1000.0000,90.0000,0.0000,1,2.0,100.00,0.0,0.0,0.0,0.0
552,13.494568,13.442217,3.467000,1,0,6000.0000,-1000.0000,90.0000,0.0000,1,2.0,100.00,0.0,0.0,0.0,0.0
553,13.442626,13.356125,3.467000,1,0,6000.0000,-1000.0000,90.0000,0.0000,1,2.0,100.00,0.0,0.0,0.0,0.0
554,12.364914,13.452918,3.480000,1,0,6000.0000,-1000.0000,90.0000,0.0000,1,2.0,100.00,0.0,0.0,0.0,0.0
555,11.985954,12.475544,3.426000,1,0,6000.0000,-1000.0000,90.0000,0.0000,1,2.0,100.00,0.0,0.0,0.0,0.0
556,11.043184,11.923584,3.511000,1,0,6000.0000,-1000.0000,90.0000,0.0000,1,2.0,100.00,0.0,0.0,0.0,0.0
557,10.605964,11.018903,3.411000,1,0,6000.0000,-1000.0000,90.0000,0.0000,1,2.0,100.00,0.0,0.0,0.0,0.0
558,12.258651,10.580944,3.410000,1,0,6000.0000,-1000.0000,90.0000,0.0000,1,2.0,100.00,0.0,0.0,0.0,0.0
559,10.680485,12.257751,3.506000,1,0,6000.0000,-1000.0000,90.0000,0.0000,1,2.0,100.00,0.0,0.0,0.0,0.0
560,9.843608,10.688086,3.431000,1,0,6000.0000,-1000.0000,90.0000,0.0000,1,2.0,100.00,0.0,0.0,0.0,0.0
561,26.895204,9.836116,3.524000,1,0,6000.0000,-1000.0000,90.0000,0.0000,1,2.0,100.00,0.0,0.0,0.0,0.0
562,13.211361,26.946315,3.575000,1,0,6000.0000,-1000.0000,90.0000,0.0000,1,2.0,100.00,0.0,0.0,0.0,0.0
563,12.680621,13.180501,3.515000,1,0,6000.0000,-1000.0000,90.0000,0.0000,1,2.0,100.00,0.0,0.0,0.0,0.0
564,10.421419,12.674190,3.515000,1,0,6000.0000,-1000.0000,90.0000,0.0000,1,2.0,100.00,0.0,0.0,0.0,0.0
565,13.268984,10.514033,3.487000,1,0,6000.0000,-1000.0000,90.0000,0.0000,1,2.0,100.00,0.0,0.0,0.0,0.0
566,17.040886,13.315624,3.500000,1,0,6000.0000,-1000.0000,90.0000,0.0000,1,2.0,100.00,0.0,0.0,0.0,0.0
567,10.422680,16.966634,3.500000,1,0,6000.0000,-1000.0000,90.0000,0.0000,1,2.0,100.00,0.0,0.0,0.0,0.0
568,12.140968,10.363679,3.457000,1,0,6000.0000,-1000.0000,90.0000,0.0000,1,2.0,100.00,0.0,0.0,0.0,0.0
569,12.149298,12.184879,3.287000,1,0,6000.0000,-1000.0000,90.0000,0.0000,1,2.0,100.00,0.0,0.0,0.0,0.0
570,12.342023,12.151199,3.446000,1,0,6000.0000,-1000.0000,90.0000,0.0000,1,2.0,100.00,0.0,0.0,0.0,0.0
571,9.697724,12.351102,3.439000,1,0,6000.0000,-1000.0000,90.0000,0.0000,1,2.0,100.00,0.0,0.0,0.0,0.0
572,9.324346,9.651494,3.423000,1,0,6000.0000,-1000.0000,90.0000,0.0000,1,2.0,100.00,0.0,0.0,0.0,0.0
573,7.531376,9.548150,3.407000,1,0,6000.0000,-1000.0000,90.0000,0.0000,1,2.0,100.00,0.0,0.0,0.0,0.0
574,10.617485,7.285111,3.481000,1,0,6000.0000,-1000.0000,90.0000,0.0000,1,2.0,100.00,0.0,0.0,0.0,0.0
575,10.364458,10.627225,3.410000,1,0,6000.0000,-1000.0000,90.0000,0.0000,1,2.0,100.00,0.0,0.0,0.0,0.0
576,10.418151,10.358028,3.478000,1,0,6000.0000,-1000.0000,90.0000,0.0000,1,2.0,100.00,0.0,0.0,0.0,0.0
577,9.392917,10.444661,3.408000,1,0,6000.0000,-1000.0000,90.0000,0.0000,1,2.0,100.00,0.0,0.0,0.0,0.0
578,11.380501,9.402037,3.376000,1,0,6000.0000,-1000.0000,90.0000,0.0000,1,2.0,100.00,0.0,0.0,0.0,0.0
579,8.825815,11.419153,3.443000,1,0,6000.0000,-1000.0000,90.0000,0.0000,1,2.0,100.00,0.0,0.0,0.0,0.0
580,11.084055,8.792803,3.509000,1,0,6000.0000,-1000.0000,90.0000,0.0000,1,2.0,100.00,0.0,0.0,0.0,0.0
581,9.859447,11.073776,3.407000,1,0,6000.0000,-1000.0000,90.0000,0.0000,1,2.0,100.00,0.0,0.0,0.0,0.0
582,13.568350,9.874617,3.388000,1,0,6000.0000,-1000.0000,90.0000,0.0000,1,2.0,100.00,0.0,0.0,0.0,0.0
583,11.638647,13.509809,3.373000,1,0,6000.0000,-1000.0000,90.0000,0.0000,1,2.0,100.00,0.0,0.0,0.0,0.0
584,13.980149,12.042546,3.370000,1,0,6000.0000,-1000.0000,90.0000,0.0000,1,2.0,100.00,0.0,0.0,0.0,0.0
585,11.557575,13.598040,3.425000,1,0,6000.0000,-1000.0000,90.0000,0.0000,1,2.0,100.00,0.0,0.0,0.0,0.0
586,12.895525,11.509414,3.399000,1,0,6000.0000,-1000.0000,90.0000,0.0000,1,2.0,100.00,0.0,0.0,0.0,0.0
587,10.201185,12.952596,3.413000,1,0,6000.0000,-1000.0000,90.0000,0.0000,1,2.0,100.00,0.0,0.0,0.0,0.0
588,10.651286,10.169714,3.298000,1,0,6000.0000,-1000.0000,90.0000,0.0000,1,2.0,100.00,0.0,0.0,0.0,0.0
589,9.302825,10.665226,3.301000,1,0,6000.0000,-1000.0000,90.0000,0.0000,1,2.0,100.00,0.0,0.0,0.0,0.0
590,11.524334,9.280585,3.464000,1,0,6000.0000,-1000.0000,90.0000,0.0000,1,2.0,100.00,0.0,0.0,0.0,0.0
591,11.410352,11.652798,3.449000,1,0,6000.0000,-1000.0000,90.0000,0.0000,1,2.0,100.00,0.0,0.0,0.0,0.0
592,10.620864,11.439552,3.310000,1,0,6000.0000,-1000.0000,90.0000,0.0000,1,2.0,100.00,0.0,0.0,0.0,0.0
593,10.108764,10.591104,3.360000,1,0,6000.0000,-1000.0000,90.0000,0.0000,1,2.0,100.00,0.0,0.0,0.0,0.0
594,10.986903,10.221045,3.426000,1,0,6000.0000,-1000.0000,90.0000,0.0000,1,2.0,100.00,0.0,0.0,0.0,0.0
595,11.401681,10.846140,3.417000,1,0,6000.0000,-1000.0000,90.0000,0.0000,1,2.0,100.00,0.0,0.0,0.0,0.0
596,9.914529,11.471923,3.455000,1,0,6000.0000,-1000.0000,90.0000,0.0000,1,2.0,100.00,0.0,0.0,0.0,0.0
597,9.374407,9.809467,3.399000,1,0,6000.0000,-1000.0000,90.0000,0.0000,1,2.0,100.00,0.0,0.0,0.0,0.0
598,9.156902,9.377776,3.239000,1,0,6000.0000,-1000.0000,90.0000,0.0000,1,2.0,100.00,0.0,0.0,0.0,0.0
599,9.171263,9.160514,3.378000,1,0,6000.0000,-1000.0000,90.0000,0.0000,1,2.0,100.00,0.0,0.0,0.0,0.0
600,11.008573,9.179362,3.349000,1,0,6000.0000,-1000.0000,90.0000,0.0000,1,2.0,100.00,0.0,0.0,0.0,0.0
601,9.735704,11.001213,3.451000,1,0,6000.0000,-1000.0000,90.0000,0.0000,1,2.0,100.00,0.0,0.0,0.0,0.0
602,10.063963,9.758326,3.418000,1,0,6000.0000,-1000.0000,90.0000,0.0000,1,2.0,100.00,0.0,0.0,0.0,0.0
603,9.796506,10.024101,3.444000,1,0,6000.0000,-1000.0000,90.0000,0.0000,1,2.0,100.00,0.0,0.0,0.0,0.0
604,11.142446,9.773415,3.393000,1,0,6000.0000,-1000.0000,90.0000,0.0000,1,2.0,100.00,0.0,0.0,0.0,0.0
605,11.367022,11.211088,3.458000,1,0,6000.0000,-1000.0000,90.0000,0.0000,1,2.0,100.00,0.0,0.0,0.0,0.0
606,11.682987,11.337140,3.435000,1,0,6000.0000,-1000.0000,90.0000,0.0000,1,2.0,100.00,0.0,0.0,0.0,0.0
607,9.945820,11.679829,3.449000,1,0,6000.0000,-1000.0000,90.0000,0.0000,1,2.0,100.00,0.0,0.0,0.0,0.0
608,11.100755,10.020011,3.404000,1,0,6000.0000,-1000.0000,90.0000,0.0000,1,2.0,100.00,0.0,0.0,0.0,0.0
609,10.267567,11.088975,3.404000,1,0,6000.0000,-1000.0000,90.0000,0.0000,1,2.0,100.00,0.0,0.0,0.0,0.0
610,10.135864,10.233845,3.291000,1,0,6000.0000,-1000.0000,90.0000,0.0000,1,2.0,100.00,0.0,0.0,0.0,0.0
611,9.975940,10.144234,3.459000,1,0,6000.0000,-1000.0000,90.0000,0.0000,1,2.0,100.00,0.0,0.0,0.0,0.0
612,8.586239,9.938060,3.422000,1,0,6000.0000,-1000.0000,90.0000,0.0000,1,2.0,100.00,0.0,0.0,0.0,0.0
613,9.456039,8.593280,3.422000,1,0,6000.0000,-1000.0000,90.0000,0.0000,1,2.0,100.00,0.0,0.0,0.0,0.0
614,9.221364,9.464728,3.414000,1,0,6000.0000,-1000.0000,90.0000,0.0000,1,2.0,100.00,0.0,0.0,0.0,0.0
615,10.719837,9.239334,3.435000,1,0,6000.0000,-1000.0000,90.0000,0.0000,1,2.0,100.00,0.0,0.0,0.0,0.0
616,8.821885,10.707087,3.413000,1,0,6000.0000,-1000.0000,90.0000,0.0000,1,2.0,100.00,0.0,0.0,0.0,0.0
617,9.313365,8.825845,3.176000,1,0,6000.0000,-1000.0000,90.0000,0.0000,1,2.0,100.00,0.0,0.0,0.0,0.0
618,10.475621,9.263754,3.382000,1,0,6000.0000,-1000.0000,90.0000,0.0000,1,2.0,100.00,0.0,0.0,0.0,0.0
619,8.451217,10.530523,3.382000,1,0,6000.0000,-1000.0000,90.0000,0.0000,1,2.0,100.00,0.0,0.0,0.0,0.0
620,9.629972,8.397415,3.382000,1,0,6000.0000,-1000.0000,90.0000,0.0000,1,2.0,100.00,0.0,0.0,0.0,0.0
621,11.382812,9.745616,3.432000,1,0,6000.0000,-1000.0000,90.0000,0.0000,1,2.0,100.00,0.0,0.0,0.0,0.0
622,9.577121,11.286399,3.359000,1,0,6000.0000,-1000.0000,90.0000,0.0000,1,2.0,100.00,0.0,0.0,0.0,0.0
623,9.398318,9.527550,3.396000,1,0,6000.0000,-1000.0000,90.0000,0.0000,1,2.0,100.00,0.0,0.0,0.0,0.0
624,6.504603,9.385787,3.396000,1,0,6000.0000,-1000.0000,90.0000,0.0000,1,2.0,100.00,0.0,0.0,0.0,0.0
625,10.248146,6.489863,3.424000,1,0,6000.0000,-1000.0000,90.0000,0.0000,1,2.0,100.00,0.0,0.0,0.0,0.0
626,8.997819,10.277218,3.465000,1,0,6000.0000,-1000.0000,90.0000,0.0000,1,2.0,100.00,0.0,0.0,0.0,0.0
627,8.860276,8.985368,3.440000,1,0,6000.0000,-1000.0000,90.0000,0.0000,1,2.0,100.00,0.0,0.0,0.0,0.0
628,6.841021,8.853055,3.440000,1,0,6000.0000,-1000.0000,90.0000,0.0000,1,2.0,100.00,0.0,0.0,0.0,0.0
629,9.205813,7.338252,3.505000,1,0,6000.0000,-1000.0000,90.0000,0.0000,1,2.0,100.00,0.0,0.0,0.0,0.0
630,10.985502,8.691733,3.312000,1,0,6000.0000,-1000.0000,90.0000,0.0000,1,2.0,100.00,0.0,0.0,0.0,0.0
631,7.817513,10.997192,3.362000,1,0,6000.0000,-1000.0000,90.0000,0.0000,1,2.0,100.00,0.0,0.0,0.0,0.0
632,11.699559,7.813512,3.453000,1,0,6000.0000,-1000.0000,90.0000,0.0000,1,2.0,100.00,0.0,0.0,0.0,0.0
633,6.318589,11.714029,3.453000,1,0,6000.0000,-1000.0000,90.0000,0.0000,1,2.0,100.00,0.0,0.0,0.0,0.0
634,10.213565,6.305979,3.478000,1,0,6000.0000,-1000.0000,90.0000,0.0000,1,2.0,100.00,0.0,0.0,0.0,0.0
635,9.554102,10.220076,3.457000,1,0,6000.0000,-1000.0000,90.0000,0.0000,1,2.0,100.00,0.0,0.0,0.0,0.0
636,10.197405,9.571201,3.304000,1,0,6000.0000,-1000.0000,90.0000,0.0000,1,2.0,100.00,0.0,0.0,0.0,0.0
637,9.075580,10.173055,3.304000,1,0,6000.0000,-1000.0000,90.0000,0.0000,1,2.0,100.00,0.0,0.0,0.0,0.0
638,9.736325,9.076000,3.357000,1,0,6000.0000,-1000.0000,90.0000,0.0000,1,2.0,100.00,0.0,0.0,0.0,0.0
639,11.566006,9.742355,3.247000,1,0,6000.0000,-1000.0000,90.0000,0.0000,1,2.0,100.00,0.0,0.0,0.0,0.0
640,10.732636,11.594117,3.234000,1,0,6000.0000,-1000.0000,90.0000,0.0000,1,2.0,100.00,0.0,0.0,0.0,0.0
641,11.219928,10.708305,3.247000,1,0,6000.0000,-1000.0000,90.0000,0.0000,1,2.0,100.00,0.0,0.0,0.0,0.0
642,12.831663,11.240809,3.273000,1,0,6000.0000,-1000.0000,90.0000,0.0000,1,2.0,100.00,0.0,0.0,0.0,0.0
643,11.295821,12.825193,3.319000,1,0,6000.0000,-1000.0000,90.0000,0.0000,1,2.0,100.00,0.0,0.0,0.0,0.0
644,10.812227,11.395842,3.319000,1,0,6000.0000,-1000.0000,90.0000,0.0000,1,2.0,100.00,0.0,0.0,0.0,0.0
645,13.484119,10.796169,3.436000,1,0,6000.0000,-1000.0000,90.0000,0.0000,1,2.0,100.00,0.0,0.0,0.0,0.0
646,12.079826,13.499297,3.493000,1,0,6000.0000,-1000.0000,90.0000,0.0000,1,2.0,100.00,0.0,0.0,0.0,0.0
647,9.100231,11.996315,3.382000,1,0,6000.0000,-1000.0000,90.0000,0.0000,1,2.0,100.00,0.0,0.0,0.0,0.0
648,9.629043,9.272425,3.435000,1,0,6000.0000,-1000.0000,90.0000,0.0000,1,2.0,100.00,0.0,0.0,0.0,0.0
649,9.717274,9.431168,3.424000,1,0,6000.0000,-1000.0000,90.0000,0.0000,1,2.0,100.00,0.0,0.0,0.0,0.0
650,10.685876,9.744836,3.419000,1,0,6000.0000,-1000.0000,90.0000,0.0000,1,2.0,100.00,0.0,0.0,0.0,0.0
651,9.947490,10.662065,3.424000,1,0,6000.0000,-1000.0000,90.0000,0.0000,1,2.0,100.00,0.0,0.0,0.0,0.0
652,10.439190,9.948469,3.450000,1,0,6000.0000,-1000.0000,90.0000,0.0000,1,2.0,100.00,0.0,0.0,0.0,0.0
653,15.847290,10.454372,3.329000,1,0,6000.0000,-1000.0000,90.0000,0.0000,1,2.0,100.00,0.0,0.0,0.0,0.0
654,14.951890,15.858229,3.306000,2,0,6000.0000,-1000.0000,90.0000,0.0000,1,2.0,100.00,0.0,0.0,0.0,0.0
655,12.464736,14.937760,3.449000,2,0,6000.0000,-1000.0000,90.0000,0.0000,1,2.0,100.00,0.0,0.0,0.0,0.0
656,12.232540,12.580498,3.353000,2,0,6000.0000,-1000.0000,90.0000,0.0000,1,2.0,100.00,0.0,0.0,0.0,0.0
657,9.962210,12.157248,3.393000,2,0,6000.0000,-1000.0000,90.0000,0.0000,1,2.0,100.00,0.0,0.0,0.0,0.0
658,10.793398,9.908319,3.418000,2,0,6000.0000,-1000.0000,90.0000,0.0000,1,2.0,100.00,0.0,0.0,0.0,0.0
659,11.141226,10.828290,3.360000,2,0,6000.0000,-1000.0000,90.0000,0.0000,1,2.0,100.00,0.0,0.0,0.0,0.0
660,9.051140,11.100904,3.391000,2,0,6000.0000,-1000.0000,90.0000,0.0000,1,2.0,100.00,0.0,0.0,0.0,0.0
661,10.620004,9.046110,3.414000,2,0,6000.0000,-1000.0000,90.0000,0.0000,1,2.0,100.00,0.0,0.0,0.0,0.0
662,12.099578,10.647676,3.326000,2,0,6000.0000,-1000.0000,90.0000,0.0000,1,2.0,100.00,0.0,0.0,0.0,0.0
663,12.621578,12.168198,3.396000,2,0,6000.0000,-1000.0000,90.0000,0.0000,1,2.0,100.00,0.0,0.0,0.0,0.0
664,10.211785,12.527976,3.456000,2,0,6000.0000,-1000.0000,90.0000,0.0000,1,2.0,100.00,0.0,0.0,0.0,0.0
665,9.809507,10.238767,3.281000,2,0,6000.0000,-1000.0000,90.0000,0.0000,1,2.0,100.00,0.0,0.0,0.0,0.0
666,10.932622,9.773175,3.440000,2,0,6000.0000,-1000.0000,90.0000,0.0000,1,2.0,100.00,0.0,0.0,0.0,0.0
667,10.860430,10.940632,3.480000,2,0,6000.0000,-1000.0000,90.0000,0.0000,1,2.0,100.00,0.0,0.0,0.0,0.0
668,9.076490,11.301750,3.368000,2,0,6000.0000,-1000.0000,90.0000,0.0000,1,2.0,100.00,0.0,0.0,0.0,0.0
669,9.163912,8.637410,3.368000,2,0,6000.0000,-1000.0000,90.0000,0.0000,1,2.0,100.00,0.0,0.0,0.0,0.0
670,9.892839,9.155932,3.493000,2,0,6000.0000,-1000.0000,90.0000,0.0000,1,2.0,100.00,0.0,0.0,0.0,0.0
671,11.007823,9.900809,3.379000,2,0,6000.0000,-1000.0000,90.0000,0.0000,1,2.0,100.00,0.0,0.0,0.0,0.0
672,9.043629,11.061984,3.410000,2,0,6000.0000,-1000.0000,90.0000,0.0000,1,2.0,100.00,0.0,0.0,0.0,0.0
673,9.147402,8.990498,3.345000,2,0,6000.0000,-1000.0000,90.0000,0.0000,1,2.0,100.00,0.0,0.0,0.0,0.0
674,9.660904,9.171223,3.446000,2,0,6000.0000,-1000.0000,90.0000,0.0000,1,2.0,100.00,0.0,0.0,0.0,0.0
675,9.992201,9.658113,3.559000,2,0,6000.0000,-1000.0000,90.0000,0.0000,1,2.0,100.00,0.0,0.0,0.0,0.0
676,8.655231,9.966371,3.559000,2,0,6000.0000,-1000.0000,90.0000,0.0000,1,2.0,100.00,0.0,0.0,0.0,0.0
677,7.921305,8.656101,3.369000,2,0,6000.0000,-1000.0000,90.0000,0.0000,1,2.0,100.00,0.0,0.0,0.0,0.0
678,8.840384,7.908465,3.322000,2,0,6000.0000,-1000.0000,90.0000,0.0000,1,2.0,100.00,0.0,0.0,0.0,0.0
679,11.456264,8.861925,3.461000,2,0,6000.0000,-1000.0000,90.0000,0.0000,1,2.0,100.00,0.0,0.0,0.0,0.0
680,8.876746,11.450543,3.408000,2,0,6000.0000,-1000.0000,90.0000,0.0000,1,2.0,100.00,0.0,0.0,0.0,0.0
681,11.456612,8.885006,3.414000,2,0,6000.0000,-1000.0000,90.0000,0.0000,1,2.0,100.00,0.0,0.0,0.0,0.0
682,10.816739,11.451883,3.383000,2,0,6000.0000,-1000.0000,90.0000,0.0000,1,2.0,100.00,0.0,0.0,0.0,0.0
683,9.141072,10.925471,3.383000,2,0,6000.0000,-1000.0000,90.0000,0.0000,1,2.0,100.00,0.0,0.0,0.0,0.0
684,12.392703,9.045290,3.396000,2,0,6000.0000,-1000.0000,90.0000,0.0000,1,2.0,100.00,0.0,0.0,0.0,0.0
685,9.421489,12.374963,3.466000,2,0,6000.0000,-1000.0000,90.0000,0.0000,1,2.0,100.00,0.0,0.0,0.0,0.0
686,9.564491,9.539501,3.470000,2,0,6000.0000,-1000.0000,90.0000,0.0000,1,2.0,100.00,0.0,0.0,0.0,0.0
687,10.253627,9.444329,3.467000,2,0,6000.0000,-1000.0000,90.0000,0.0000,1,2.0,100.00,0.0,0.0,0.0,0.0
688,10.205685,10.248106,3.300000,2,0,6000.0000,-1000.0000,90.0000,0.0000,1,2.0,100.00,0.0,0.0,0.0,0.0
689,13.660012,10.211465,3.455000,2,0,6000.0000,-1000.0000,90.0000,0.0000,1,2.0,100.00,0.0,0.0,0.0,0.0
690,7.680229,13.938178,3.455000,2,0,6000.0000,-1000.0000,90.0000,0.0000,1,2.0,100.00,0.0,0.0,0.0,0.0
691,7.941645,7.391633,3.455000,2,0,6000.0000,-1000.0000,90.0000,0.0000,1,2.0,100.00,0.0,0.0,0.0,0.0
692,13.637792,7.928825,3.557000,2,0,6000.0000,-1000.0000,90.0000,0.0000,1,2.0,100.00,0.0,0.0,0.0,0.0
693,11.729939,14.014249,3.550000,2,0,6000.0000,-1000.0000,90.0000,0.0000,1,2.0,100.00,0.0,0.0,0.0,0.0
694,11.095715,11.386492,3.528000,2,0,6000.0000,-1000.0000,90.0000,0.0000,1,2.0,100.00,0.0,0.0,0.0,0.0
695,13.580209,11.086695,3.561000,2,0,6000.0000,-1000.0000,90.0000,0.0000,1,2.0,100.00,0.0,0.0,0.0,0.0
696,12.090417,13.598690,3.464000,2,0,6000.0000,-1000.0000,90.0000,0.0000,1,2.0,100.00,0.0,0.0,0.0,0.0
697,12.263981,12.111867,3.331000,2,0,6000.0000,-1000.0000,90.0000,0.0000,1,2.0,100.00,0.0,0.0,0.0,0.0
698,12.642649,12.245751,3.550000,2,0,6000.0000,-1000.0000,90.0000,0.0000,1,2.0,100.00,0.0,0.0,0.0,0.0
699,13.959138,12.629988,3.546000,2,0,6000.0000,-1000.0000,90.0000,0.0000,1,2.0,100.00,0.0,0.0,0.0,0.0
700,12.106908,13.976889,3.408000,2,0,6000.0000,-1000.0000,90.0000,0.0000,1,2.0,100.00,0.0,0.0,0.0,0.0
701,13.603870,12.118157,3.373000,2,0,6000.0000,-1000.0000,90.0000,0.0000,1,2.0,100.00,0.0,0.0,0.0,0.0
702,10.780639,13.716514,3.475000,2,0,6000.0000,-1000.0000,90.0000,0.0000,1,2.0,100.00,0.0,0.0,0.0,0.0
703,10.653844,10.709616,3.386000,2,0,6000.0000,-1000.0000,90.0000,0.0000,1,2.0,100.00,0.0,0.0,0.0,0.0
704,11.554566,10.652465,3.373000,2,0,6000.0000,-1000.0000,90.0000,0.0000,1,2.0,100.00,0.0,0.0,0.0,0.0
705,10.916231,11.523515,3.448000,2,0,6000.0000,-1000.0000,90.0000,0.0000,1,2.0,100.00,0.0,0.0,0.0,0.0
706,15.093353,10.918481,3.397000,2,0,6000.0000,-1000.0000,90.0000,0.0000,1,2.0,100.00,0.0,0.0,0.0,0.0
707,10.899721,15.113854,3.504000,2,0,6000.0000,-1000.0000,90.0000,0.0000,1,2.0,100.00,0.0,0.0,0.0,0.0
708,11.771549,10.877860,3.483000,2,0,6000.0000,-1000.0000,90.0000,0.0000,1,2.0,100.00,0.0,0.0,0.0,0.0
709,11.924493,11.751490,3.486000,2,0,6000.0000,-1000.0000,90.0000,0.0000,1,2.0,100.00,0.0,0.0,0.0,0.0
710,10.996713,11.929833,3.486000,2,0,6000.0000,-1000.0000,90.0000,0.0000,1,2.0,100.00,0.0,0.0,0.0,0.0
711,9.999481,11.024373,3.356000,2,0,6000.0000,-1000.0000,90.0000,0.0000,1,2.0,100.00,0.0,0.0,0.0,0.0
712,10.989673,9.983711,3.500000,2,0,6000.0000,-1000.0000,90.0000,0.0000,1,2.0,100.00,0.0,0.0,0.0,0.0
713,8.222902,10.971832,3.500000,2,0,6000.0000,-1000.0000,90.0000,0.0000,1,2.0,100.00,0.0,0.0,0.0,0.0
714,10.012431,8.208631,3.429000,2,0,6000.0000,-1000.0000,90.0000,0.0000,1,2.0,100.00,0.0,0.0,0.0,0.0
715,11.354650,10.048262,3.444000,2,0,6000.0000,-1000.0000,90.0000,0.0000,1,2.0,100.00,0.0,0.0,0.0,0.0
716,12.255631,11.358401,3.468000,2,0,6000.0000,-1000.0000,90.0000,0.0000,1,2.0,100.00,0.0,0.0,0.0,0.0
717,8.649531,12.273560,3.402000,2,0,6000.0000,-1000.0000,90.0000,0.0000,1,2.0,100.00,0.0,0.0,0.0,0.0
718,9.230174,8.607891,3.402000,2,0,6000.0000,-1000.0000,90.0000,0.0000,1,2.0,100.00,0.0,0.0,0.0,0.0
719,13.300263,9.240354,3.355000,2,0,6000.0000,-1000.0000,90.0000,0.0000,1,2.0,100.00,0.0,0.0,0.0,0.0
720,9.712515,13.293194,3.355000,2,0,6000.0000,-1000.0000,90.0000,0.0000,1,2.0,100.00,0.0,0.0,0.0,0.0
721,10.552603,9.689433,3.458000,2,0,6000.0000,-1000.0000,90.0000,0.0000,1,2.0,100.00,0.0,0.0,0.0,0.0
722,15.222466,10.573674,3.402000,2,0,6000.0000,-1000.0000,90.0000,0.0000,1,2.0,100.00,0.0,0.0,0.0,0.0
723,6.659066,15.212396,3.402000,2,0,6000.0000,-1000.0000,90.0000,0.0000,1,2.0,100.00,0.0,0.0,0.0,0.0
724,13.887427,6.650687,3.504000,2,0,6000.0000,-1000.0000,90.0000,0.0000,1,2.0,100.00,0.0,0.0,0.0,0.0
725,12.898155,13.891817,3.463000,2,0,6000.0000,-1000.0000,90.0000,0.0000,1,2.0,100.00,0.0,0.0,0.0,0.0
726,10.309228,12.928694,3.482000,2,0,6000.0000,-1000.0000,90.0000,0.0000,1,2.0,100.00,0.0,0.0,0.0,0.0
727,9.377837,10.355429,3.482000,2,0,6000.0000,-1000.0000,90.0000,0.0000,1,2.0,100.00,0.0,0.0,0.0,0.0
728,8.792234,9.302365,3.374000,2,0,6000.0000,-1000.0000,90.0000,0.0000,1,2.0,100.00,0.0,0.0,0.0,0.0
729,10.583564,8.814085,3.357000,2,0,6000.0000,-1000.0000,90.0000,0.0000,1,2.0,100.00,0.0,0.0,0.0,0.0
730,9.858627,10.549243,3.466000,2,0,6000.0000,-1000.0000,90.0000,0.0000,1,2.0,100.00,0.0,0.0,0.0,0.0
731,12.267571,9.972160,3.433000,2,0,6000.0000,-1000.0000,90.0000,0.0000,1,2.0,100.00,0.0,0.0,0.0,0.0
732,13.224203,12.179690,3.383000,2,0,6000.0000,-1000.0000,90.0000,0.0000,1,2.0,100.00,0.0,0.0,0.0,0.0
733,13.639750,13.246502,3.384000,2,0,6000.0000,-1000.0000,90.0000,0.0000,1,2.0,100.00,0.0,0.0,0.0,0.0
734,12.387294,13.671812,3.554000,2,0,6000.0000,-1000.0000,90.0000,0.0000,1,2.0,100.00,0.0,0.0,0.0,0.0
735,13.420186,12.390963,3.426000,2,0,6000.0000,-1000.0000,90.0000,0.0000,1,2.0,100.00,0.0,0.0,0.0,0.0
736,13.731354,13.371145,3.439000,2,0,6000.0000,-1000.0000,90.0000,0.0000,1,2.0,100.00,0.0,0.0,0.0,0.0
737,12.886344,13.759684,3.293000,2,0,6000.0000,-1000.0000,90.0000,0.0000,1,2.0,100.00,0.0,0.0,0.0,0.0
738,13.106370,12.840364,3.426000,2,0,6000.0000,-1000.0000,90.0000,0.0000,1,2.0,100.00,0.0,0.0,0.0,0.0
739,11.248598,13.206711,3.379000,2,0,6000.0000,-1000.0000,90.0000,0.0000,1,2.0,100.00,0.0,0.0,0.0,0.0
740,8.848645,11.167277,3.379000,2,0,6000.0000,-1000.0000,90.0000,0.0000,1,2.0,100.00,0.0,0.0,0.0,0.0
741,10.207185,8.823605,3.393000,2,0,6000.0000,-1000.0000,90.0000,0.0000,1,2.0,100.00,0.0,0.0,0.0,0.0
742,12.407414,10.219595,3.421000,2,0,6000.0000,-1000.0000,90.0000,0.0000,1,2.0,100.00,0.0,0.0,0.0,0.0
743,12.198410,12.392704,3.388000,2,0,6000.0000,-1000.0000,90.0000,0.0000,1,2.0,100.00,0.0,0.0,0.0,0.0
744,8.458126,12.186619,3.388000,2,0,6000.0000,-1000.0000,90.0000,0.0000,1,2.0,100.00,0.0,0.0,0.0,0.0
745,12.596889,8.485687,3.424000,2,0,6000.0000,-1000.0000,90.0000,0.0000,1,2.0,100.00,0.0,0.0,0.0,0.0
746,10.334648,12.586068,3.495000,2,0,6000.0000,-1000.0000,90.0000,0.0000,1,2.0,100.00,0.0,0.0,0.0,0.0
747,9.151792,10.512292,3.295000,2,0,6000.0000,-1000.0000,90.0000,0.0000,1,2.0,100.00,0.0,0.0,0.0,0.0
748,10.391050,9.015519,3.352000,2,0,6000.0000,-1000.0000,90.0000,0.0000,1,2.0,100.00,0.0,0.0,0.0,0.0
749,8.812714,10.371890,3.432000,2,0,6000.0000,-1000.0000,90.0000,0.0000,1,2.0,100.00,0.0,0.0,0.0,0.0
750,11.306960,8.845665,3.418000,2,0,6000.0000,-1000.0000,90.0000,0.0000,1,2.0,100.00,0.0,0.0,0.0,0.0
751,11.340230,12.001625,3.503000,2,0,6000.0000,-1000.0000,90.0000,0.0000,1,2.0,100.00,0.0,0.0,0.0,0.0
752,10.899181,10.990683,3.503000,2,0,6000.0000,-1000.0000,90.0000,0.0000,1,2.0,100.00,0.0,0.0,0.0,0.0
753,13.752294,10.485241,3.458000,2,0,6000.0000,-1000.0000,90.0000,0.0000,1,2.0,100.00,0.0,0.0,0.0,0.0
754,13.575789,13.875256,3.422000,2,0,6000.0000,-1000.0000,90.0000,0.0000,1,2.0,100.00,0.0,0.0,0.0,0.0
755,14.871108,13.588711,3.346000,2,0,6000.0000,-1000.0000,90.0000,0.0000,1,2.0,100.00,0.0,0.0,0.0,0.0
756,10.754488,15.169925,3.446000,2,0,6000.0000,-1000.0000,90.0000,0.0000,1,2.0,100.00,0.0,0.0,0.0,0.0
757,14.870098,10.388639,3.397000,2,0,6000.0000,-1000.0000,90.0000,0.0000,1,2.0,100.00,0.0,0.0,0.0,0.0
758,12.511046,14.831987,3.397000,2,0,6000.0000,-1000.0000,90.0000,0.0000,1,2.0,100.00,0.0,0.0,0.0,0.0
759,14.226094,12.567817,3.532000,2,0,6000.0000,-1000.0000,90.0000,0.0000,1,2.0,100.00,0.0,0.0,0.0,0.0
760,16.290681,14.158014,3.551000,2,0,6000.0000,-1000.0000,90.0000,0.0000,1,2.0,100.00,0.0,0.0,0.0,0.0
761,14.161242,16.289819,3.481000,2,0,6000.0000,-1000.0000,90.0000,0.0000,1,2.0,100.00,0.0,0.0,0.0,0.0
762,15.051742,14.157582,3.491000,2,0,6000.0000,-1000.0000,90.0000,0.0000,1,2.0,100.00,0.0,0.0,0.0,0.0
763,13.302124,15.101774,3.516000,2,0,6000.0000,-1000.0000,90.0000,0.0000,1,2.0,100.00,0.0,0.0,0.0,0.0
764,14.415489,13.303483,3.474000,2,0,6000.0000,-1000.0000,90.0000,0.0000,1,2.0,100.00,0.0,0.0,0.0,0.0
765,12.090456,14.441530,3.526000,2,0,6000.0000,-1000.0000,90.0000,0.0000,1,2.0,100.00,0.0,0.0,0.0,0.0
766,12.995137,11.989684,3.497000,2,0,6000.0000,-1000.0000,90.0000,0.0000,1,2.0,100.00,0.0,0.0,0.0,0.0
767,13.366495,13.064409,3.422000,2,0,6000.0000,-1000.0000,90.0000,0.0000,1,2.0,100.00,0.0,0.0,0.0,0.0
768,11.523555,13.380445,3.414000,2,0,6000.0000,-1000.0000,90.0000,0.0000,1,2.0,100.00,0.0,0.0,0.0,0.0
769,13.154500,11.539365,3.465000,2,0,6000.0000,-1000.0000,90.0000,0.0000,1,2.0,100.00,0.0,0.0,0.0,0.0
770,13.130610,13.105499,3.454000,2,0,6000.0000,-1000.0000,90.0000,0.0000,1,2.0,100.00,0.0,0.0,0.0,0.0
771,11.929684,13.113300,3.522000,2,0,6000.0000,-1000.0000,90.0000,0.0000,1,2.0,100.00,0.0,0.0,0.0,0.0
772,13.149920,11.937184,3.470000,2,0,6000.0000,-1000.0000,90.0000,0.0000,1,2.0,100.00,0.0,0.0,0.0,0.0
773,57.297195,13.131729,3.458000,2,0,6000.0000,-1000.0000,90.0000,0.0000,1,2.0,100.00,0.0,0.0,0.0,0.0
774,13.499008,57.388568,3.363000,2,0,6000.0000,-1000.0000,90.0000,0.0000,1,2.0,100.00,0.0,0.0,0.0,0.0
775,14.726855,13.423436,3.420000,2,0,6000.0000,-1000.0000,90.0000,0.0000,1,2.0,100.00,0.0,0.0,0.0,0.0
776,12.622619,14.791947,3.441000,2,0,6000.0000,-1000.0000,90.0000,0.0000,1,2.0,100.00,0.0,0.0,0.0,0.0
777,13.990409,12.631108,3.391000,2,0,6000.0000,-1000.0000,90.0000,0.0000,1,2.0,100.00,0.0,0.0,0.0,0.0
778,9.414407,13.936528,3.403000,2,0,6000.0000,-1000.0000,90.0000,0.0000,1,2.0,100.00,0.0,0.0,0.0,0.0
779,10.879870,9.403488,3.413000,2,0,6000.0000,-1000.0000,90.0000,0.0000,1,2.0,100.00,0.0,0.0,0.0,0.0
780,10.382180,10.852410,3.367000,2,0,6000.0000,-1000.0000,90.0000,0.0000,1,2.0,100.00,0.0,0.0,0.0,0.0
781,12.862154,10.389209,3.504000,2,0,6000.0000,-1000.0000,90.0000,0.0000,1,2.0,100.00,0.0,0.0,0.0,0.0
782,16.354421,12.861504,3.432000,2,0,6000.0000,-1000.0000,90.0000,0.0000,1,2.0,100.00,0.0,0.0,0.0,0.0
783,10.422380,16.451863,3.432000,2,0,6000.0000,-1000.0000,90.0000,0.0000,1,2.0,100.00,0.0,0.0,0.0,0.0
784,12.882005,10.355999,3.472000,2,0,6000.0000,-1000.0000,90.0000,0.0000,1,2.0,100.00,0.0,0.0,0.0,0.0
785,15.220995,12.896174,3.382000,2,0,6000.0000,-1000.0000,90.0000,0.0000,1,2.0,100.00,0.0,0.0,0.0,0.0
786,13.151942,15.300608,3.416000,2,0,6000.0000,-1000.0000,90.0000,0.0000,1,2.0,100.00,0.0,0.0,0.0,0.0
787,14.447328,13.067739,3.527000,2,0,6000.0000,-1000.0000,90.0000,0.0000,1,2.0,100.00,0.0,0.0,0.0,0.0
788,13.232742,14.440288,3.448000,2,0,6000.0000,-1000.0000,90.0000,0.0000,1,2.0,100.00,0.0,0.0,0.0,0.0
789,9.367488,13.293185,3.374000,2,0,6000.0000,-1000.0000,90.0000,0.0000,1,2.0,100.00,0.0,0.0,0.0,0.0
790,10.917421,9.403357,3.418000,2,0,6000.0000,-1000.0000,90.0000,0.0000,1,2.0,100.00,0.0,0.0,0.0,0.0
791,10.719016,10.841989,3.455000,2,0,6000.0000,-1000.0000,90.0000,0.0000,1,2.0,100.00,0.0,0.0,0.0,0.0
792,11.013503,10.724036,3.318000,2,0,6000.0000,-1000.0000,90.0000,0.0000,1,2.0,100.00,0.0,0.0,0.0,0.0
793,10.091163,10.987373,3.451000,2,0,6000.0000,-1000.0000,90.0000,0.0000,1,2.0,100.00,0.0,0.0,0.0,0.0
794,11.557805,10.100144,3.430000,2,0,6000.0000,-1000.0000,90.0000,0.0000,1,2.0,100.00,0.0,0.0,0.0,0.0
795,12.339272,11.559855,3.430000,2,0,6000.0000,-1000.0000,90.0000,0.0000,1,2.0,100.00,0.0,0.0,0.0,0.0
796,12.117428,12.367712,3.468000,2,0,6000.0000,-1000.0000,90.0000,0.0000,1,2.0,100.00,0.0,0.0,0.0,0.0
797,12.783192,12.081308,3.473000,2,0,6000.0000,-1000.0000,90.0000,0.0000,1,2.0,100.00,0.0,0.0,0.0,0.0
798,9.811187,12.771961,3.408000,2,0,6000.0000,-1000.0000,90.0000,0.0000,1,2.0,100.00,0.0,0.0,0.0,0.0
799,12.523586,9.828837,3.489000,2,0,6000.0000,-1000.0000,90.0000,0.0000,1,2.0,100.00,0.0,0.0,0.0,0.0
800,8.608720,12.502707,3.403000,2,0,6000.0000,-1000.0000,90.0000,0.0000,1,2.0,100.00,0.0,0.0,0.0,0.0
801,10.490433,8.621400,3.381000,2,0,6000.0000,-1000.0000,90.0000,0.0000,1,2.0,100.00,0.0,0.0,0.0,0.0
802,11.313989,10.659705,3.428000,2,0,6000.0000,-1000.0000,90.0000,0.0000,1,2.0,100.00,0.0,0.0,0.0,0.0
803,11.146486,11.154357,3.473000,2,0,6000.0000,-1000.0000,90.0000,0.0000,1,2.0,100.00,0.0,0.0,0.0,0.0
804,13.573400,11.101245,3.431000,2,0,6000.0000,-1000.0000,90.0000,0.0000,1,2.0,100.00,0.0,0.0,0.0,0.0
805,10.109173,13.609400,3.490000,2,0,6000.0000,-1000.0000,90.0000,0.0000,1,2.0,100.00,0.0,0.0,0.0,0.0
806,12.846164,10.312558,3.490000,2,0,6000.0000,-1000.0000,90.0000,0.0000,1,2.0,100.00,0.0,0.0,0.0,0.0
807,11.329700,12.652930,3.373000,2,0,6000.0000,-1000.0000,90.0000,0.0000,1,2.0,100.00,0.0,0.0,0.0,0.0
808,10.320207,11.306949,3.419000,2,0,6000.0000,-1000.0000,90.0000,0.0000,1,2.0,100.00,0.0,0.0,0.0,0.0
809,8.817285,11.134296,3.421000,2,0,6000.0000,-1000.0000,90.0000,0.0000,1,2.0,100.00,0.0,0.0,0.0,0.0
810,9.650704,7.971876,3.433000,2,0,6000.0000,-1000.0000,90.0000,0.0000,1,2.0,100.00,0.0,0.0,0.0,0.0
811,10.576183,9.682684,3.432000,2,0,6000.0000,-1000.0000,90.0000,0.0000,1,2.0,100.00,0.0,0.0,0.0,0.0
812,11.491774,10.577243,3.473000,2,0,6000.0000,-1000.0000,90.0000,0.0000,1,2.0,100.00,0.0,0.0,0.0,0.0
813,12.635298,11.518245,3.434000,2,0,6000.0000,-1000.0000,90.0000,0.0000,1,2.0,100.00,0.0,0.0,0.0,0.0
814,11.784061,12.603548,3.441000,2,0,6000.0000,-1000.0000,90.0000,0.0000,1,2.0,100.00,0.0,0.0,0.0,0.0
815,10.077762,11.798320,3.481000,2,0,6000.0000,-1000.0000,90.0000,0.0000,1,2.0,100.00,0.0,0.0,0.0,0.0
816,11.073845,10.059872,3.392000,2,0,6000.0000,-1000.0000,90.0000,0.0000,1,2.0,100.00,0.0,0.0,0.0,0.0
817,11.542375,11.087695,3.407000,2,0,6000.0000,-1000.0000,90.0000,0.0000,1,2.0,100.00,0.0,0.0,0.0,0.0
818,12.532586,11.556115,3.382000,2,0,6000.0000,-1000.0000,90.0000,0.0000,1,2.0,100.00,0.0,0.0,0.0,0.0
819,10.222036,12.536148,3.391000,2,0,6000.0000,-1000.0000,90.0000,0.0000,1,2.0,100.00,0.0,0.0,0.0,0.0
820,13.132460,10.217445,3.483000,2,0,6000.0000,-1000.0000,90.0000,0.0000,1,2.0,100.00,0.0,0.0,0.0,0.0
821,11.905563,13.125000,3.401000,2,0,6000.0000,-1000.0000,90.0000,0.0000,1,2.0,100.00,0.0,0.0,0.0,0.0
822,8.349694,12.159768,3.472000,2,0,6000.0000,-1000.0000,90.0000,0.0000,1,2.0,100.00,0.0,0.0,0.0,0.0
823,12.601038,8.059778,3.472000,2,0,6000.0000,-1000.0000,90.0000,0.0000,1,2.0,100.00,0.0,0.0,0.0,0.0
824,12.370704,12.624059,3.490000,2,0,6000.0000,-1000.0000,90.0000,0.0000,1,2.0,100.00,0.0,0.0,0.0,0.0
825,9.620942,12.365923,3.490000,2,0,6000.0000,-1000.0000,90.0000,0.0000,1,2.0,100.00,0.0,0.0,0.0,0.0
826,12.976526,9.628633,3.525000,2,0,6000.0000,-1000.0000,90.0000,0.0000,1,2.0,100.00,0.0,0.0,0.0,0.0
827,12.886585,13.184551,3.525000,2,0,6000.0000,-1000.0000,90.0000,0.0000,1,2.0,100.00,0.0,0.0,0.0,0.0
828,15.909851,12.682360,3.428000,2,0,6000.0000,-1000.0000,90.0000,0.0000,1,2.0,100.00,0.0,0.0,0.0,0.0
829,14.072301,15.944451,3.428000,2,0,6000.0000,-1000.0000,90.0000,0.0000,1,2.0,100.00,0.0,0.0,0.0,0.0
830,13.578140,14.050771,3.588000,2,0,6000.0000,-1000.0000,90.0000,0.0000,1,2.0,100.00,0.0,0.0,0.0,0.0
831,11.081795,13.663391,3.588000,2,0,6000.0000,-1000.0000,90.0000,0.0000,1,2.0,100.00,0.0,0.0,0.0,0.0
832,13.631881,10.984073,3.419000,2,0,6000.0000,-1000.0000,90.0000,0.0000,1,2.0,100.00,0.0,0.0,0.0,0.0
833,12.420094,13.646761,3.408000,2,0,6000.0000,-1000.0000,90.0000,0.0000,1,2.0,100.00,0.0,0.0,0.0,0.0
834,13.456126,12.403764,3.433000,2,0,6000.0000,-1000.0000,90.0000,0.0000,1,2.0,100.00,0.0,0.0,0.0,0.0
835,12.046536,13.444487,3.465000,2,0,6000.0000,-1000.0000,90.0000,0.0000,1,2.0,100.00,0.0,0.0,0.0,0.0
836,12.186310,12.025086,3.478000,2,0,6000.0000,-1000.0000,90.0000,0.0000,1,2.0,100.00,0.0,0.0,0.0,0.0
837,13.006767,12.229390,3.528000,2,0,6000.0000,-1000.0000,90.0000,0.0000,1,2.0,100.00,0.0,0.0,0.0,0.0
838,12.811852,13.019017,3.400000,2,0,6000.0000,-1000.0000,90.0000,0.0000,1,2.0,100.00,0.0,0.0,0.0,0.0
839,13.814666,12.749522,3.422000,2,0,6000.0000,-1000.0000,90.0000,0.0000,1,2.0,100.00,0.0,0.0,0.0,0.0
840,13.665662,13.823514,3.472000,2,0,6000.0000,-1000.0000,90.0000,0.0000,1,2.0,100.00,0.0,0.0,0.0,0.0
841,14.378117,13.681863,3.392000,2,0,6000.0000,-1000.0000,90.0000,0.0000,1,2.0,100.00,0.0,0.0,0.0,0.0
842,13.100379,14.362576,3.425000,2,0,6000.0000,-1000.0000,90.0000,0.0000,1,2.0,100.00,0.0,0.0,0.0,0.0
843,13.113700,13.140521,3.446000,2,0,6000.0000,-1000.0000,90.0000,0.0000,1,2.0,100.00,0.0,0.0,0.0,0.0
844,13.658691,13.108650,3.473000,2,0,6000.0000,-1000.0000,90.0000,0.0000,1,2.0,100.00,0.0,0.0,0.0,0.0
845,13.248433,13.637980,3.422000,2,0,6000.0000,-1000.0000,90.0000,0.0000,1,2.0,100.00,0.0,0.0,0.0,0.0
846,12.032945,13.254634,3.435000,2,0,6000.0000,-1000.0000,90.0000,0.0000,1,2.0,100.00,0.0,0.0,0.0,0.0
847,12.400905,12.037505,3.487000,2,0,6000.0000,-1000.0000,90.0000,0.0000,1,2.0,100.00,0.0,0.0,0.0,0.0
848,12.814133,12.422614,3.454000,2,0,6000.0000,-1000.0000,90.0000,0.0000,1,2.0,100.00,0.0,0.0,0.0,0.0
849,12.327502,12.801473,3.439000,2,0,6000.0000,-1000.0000,90.0000,0.0000,1,2.0,100.00,0.0,0.0,0.0,0.0
850,12.578008,12.369643,3.452000,2,0,6000.0000,-1000.0000,90.0000,0.0000,1,2.0,100.00,0.0,0.0,0.0,0.0
851,12.003415,12.583228,3.447000,2,0,6000.0000,-1000.0000,90.0000,0.0000,1,2.0,100.00,0.0,0.0,0.0,0.0
852,12.629618,11.968734,3.452000,2,0,6000.0000,-1000.0000,90.0000,0.0000,1,2.0,100.00,0.0,0.0,0.0,0.0
853,11.677978,12.598838,3.483000,2,0,6000.0000,-1000.0000,90.0000,0.0000,1,2.0,100.00,0.0,0.0,0.0,0.0
854,11.731949,11.691168,3.383000,2,0,6000.0000,-1000.0000,90.0000,0.0000,1,2.0,100.00,0.0,0.0,0.0,0.0
855,16.893363,11.741350,3.454000,2,0,6000.0000,-1000.0000,90.0000,0.0000,1,2.0,100.00,0.0,0.0,0.0,0.0
856,15.480472,17.070447,3.420000,2,0,6000.0000,-1000.0000,90.0000,0.0000,1,2.0,100.00,0.0,0.0,0.0,0.0
857,14.602133,15.292877,3.361000,2,0,6000.0000,-1000.0000,90.0000,0.0000,1,2.0,100.00,0.0,0.0,0.0,0.0
858,13.301583,14.685015,3.419000,2,0,6000.0000,-1000.0000,90.0000,0.0000,1,2.0,100.00,0.0,0.0,0.0,0.0
859,14.463569,13.282353,3.478000,2,0,6000.0000,-1000.0000,90.0000,0.0000,1,2.0,100.00,0.0,0.0,0.0,0.0
860,13.034448,14.556631,3.385000,2,0,6000.0000,-1000.0000,90.0000,0.0000,1,2.0,100.00,0.0,0.0,0.0,0.0
861,13.233343,12.926986,3.402000,2,0,6000.0000,-1000.0000,90.0000,0.0000,1,2.0,100.00,0.0,0.0,0.0,0.0
862,11.480783,13.221822,3.427000,2,0,6000.0000,-1000.0000,90.0000,0.0000,1,2.0,100.00,0.0,0.0,0.0,0.0
863,10.491212,11.502663,3.493000,2,0,6000.0000,-1000.0000,90.0000,0.0000,1,2.0,100.00,0.0,0.0,0.0,0.0
864,11.997825,10.525773,3.344000,2,0,6000.0000,-1000.0000,90.0000,0.0000,1,2.0,100.00,0.0,0.0,0.0,0.0
865,12.920304,11.970454,3.446000,2,0,6000.0000,-1000.0000,90.0000,0.0000,1,2.0,100.00,0.0,0.0,0.0,0.0
866,12.264822,15.988483,3.382000,2,0,6000.0000,-1000.0000,90.0000,0.0000,1,2.0,100.00,0.0,0.0,0.0,0.0
867,16.002203,9.108141,3.380000,2,0,6000.0000,-1000.0000,90.0000,0.0000,1,2.0,100.00,0.0,0.0,0.0,0.0
868,11.945194,16.096026,3.490000,2,0,6000.0000,-1000.0000,90.0000,0.0000,1,2.0,100.00,0.0,0.0,0.0,0.0
869,8.925477,11.906583,3.490000,2,0,6000.0000,-1000.0000,90.0000,0.0000,1,2.0,100.00,0.0,0.0,0.0,0.0
870,10.888700,8.963348,3.352000,2,0,6000.0000,-1000.0000,90.0000,0.0000,1,2.0,100.00,0.0,0.0,0.0,0.0
871,10.579314,11.133265,3.422000,2,0,6000.0000,-1000.0000,90.0000,0.0000,1,2.0,100.00,0.0,0.0,0.0,0.0
872,15.121093,10.381739,3.396000,2,0,6000.0000,-1000.0000,90.0000,0.0000,1,2.0,100.00,0.0,0.0,0.0,0.0
873,11.780311,15.055602,3.409000,2,0,6000.0000,-1000.0000,90.0000,0.0000,1,2.0,100.00,0.0,0.0,0.0,0.0
874,13.338864,11.731710,3.455000,2,0,6000.0000,-1000.0000,90.0000,0.0000,1,2.0,100.00,0.0,0.0,0.0,0.0
875,11.192727,13.341054,3.463000,2,0,6000.0000,-1000.0000,90.0000,0.0000,1,2.0,100.00,0.0,0.0,0.0,0.0
876,13.940458,11.291210,3.399000,2,0,6000.0000,-1000.0000,90.0000,0.0000,1,2.0,100.00,0.0,0.0,0.0,0.0
877,7.745761,14.007819,3.399000,2,0,6000.0000,-1000.0000,90.0000,0.0000,1,2.0,100.00,0.0,0.0,0.0,0.0
878,13.180071,7.619988,3.529000,2,0,6000.0000,-1000.0000,90.0000,0.0000,1,2.0,100.00,0.0,0.0,0.0,0.0
879,9.458549,13.915717,3.529000,2,0,6000.0000,-1000.0000,90.0000,0.0000,1,2.0,100.00,0.0,0.0,0.0,0.0
880,12.954556,8.734083,3.438000,2,0,6000.0000,-1000.0000,90.0000,0.0000,1,2.0,100.00,0.0,0.0,0.0,0.0
881,10.740827,12.997527,3.386000,2,0,6000.0000,-1000.0000,90.0000,0.0000,1,2.0,100.00,0.0,0.0,0.0,0.0
882,11.149617,10.713557,3.428000,2,0,6000.0000,-1000.0000,90.0000,0.0000,1,2.0,100.00,0.0,0.0,0.0,0.0
883,12.579517,11.077965,3.378000,2,0,6000.0000,-1000.0000,90.0000,0.0000,1,2.0,100.00,0.0,0.0,0.0,0.0
884,15.899651,12.641508,3.438000,2,0,6000.0000,-1000.0000,90.0000,0.0000,1,2.0,100.00,0.0,0.0,0.0,0.0
885,13.912717,15.902781,3.392000,2,0,6000.0000,-1000.0000,90.0000,0.0000,1,2.0,100.00,0.0,0.0,0.0,0.0
886,12.141508,13.887537,3.353000,2,0,6000.0000,-1000.0000,90.0000,0.0000,1,2.0,100.00,0.0,0.0,0.0,0.0
887,15.152674,12.168949,3.402000,2,0,6000.0000,-1000.0000,90.0000,0.0000,1,2.0,100.00,0.0,0.0,0.0,0.0
888,13.137300,15.148454,3.486000,2,0,6000.0000,-1000.0000,90.0000,0.0000,1,2.0,100.00,0.0,0.0,0.0,0.0
889,12.254282,13.213772,3.475000,2,0,6000.0000,-1000.0000,90.0000,0.0000,1,2.0,100.00,0.0,0.0,0.0,0.0
890,17.173809,12.263631,3.416000,2,0,6000.0000,-1000.0000,90.0000,0.0000,1,2.0,100.00,0.0,0.0,0.0,0.0
891,14.246234,17.095417,3.496000,2,0,6000.0000,-1000.0000,90.0000,0.0000,1,2.0,100.00,0.0,0.0,0.0,0.0
892,12.942156,14.218084,3.475000,2,0,6000.0000,-1000.0000,90.0000,0.0000,1,2.0,100.00,0.0,0.0,0.0,0.0
893,14.305585,12.918275,3.583000,2,0,6000.0000,-1000.0000,90.0000,0.0000,1,2.0,100.00,0.0,0.0,0.0,0.0
894,11.765710,14.331886,3.524000,2,0,6000.0000,-1000.0000,90.0000,0.0000,1,2.0,100.00,0.0,0.0,0.0,0.0
895,10.386439,12.293483,3.468000,2,0,6000.0000,-1000.0000,90.0000,0.0000,1,2.0,100.00,0.0,0.0,0.0,0.0
896,14.005770,10.081092,3.543000,2,0,6000.0000,-1000.0000,90.0000,0.0000,1,2.0,100.00,0.0,0.0,0.0,0.0
897,10.845849,14.113732,3.457000,2,0,6000.0000,-1000.0000,90.0000,0.0000,1,2.0,100.00,0.0,0.0,0.0,0.0
898,12.080857,10.466140,3.328000,2,0,6000.0000,-1000.0000,90.0000,0.0000,1,2.0,100.00,0.0,0.0,0.0,0.0
899,14.341047,12.069087,3.420000,2,0,6000.0000,-1000.0000,90.0000,0.0000,1,2.0,100.00,0.0,0.0,0.0,0.0
900,12.317652,14.314026,3.456000,2,0,6000.0000,-1000.0000,90.0000,0.0000,1,2.0,100.00,0.0,0.0,0.0,0.0
901,11.468753,12.316022,3.388000,2,0,6000.0000,-1000.0000,90.0000,0.0000,1,2.0,100.00,0.0,0.0,0.0,0.0
902,11.940903,11.608217,3.435000,2,0,6000.0000,-1000.0000,90.0000,0.0000,1,2.0,100.00,0.0,0.0,0.0,0.0
903,15.436582,11.882262,3.517000,2,0,6000.0000,-1000.0000,90.0000,0.0000,1,2.0,100.00,0.0,0.0,0.0,0.0
904,11.064724,15.419730,3.403000,2,0,6000.0000,-1000.0000,90.0000,0.0000,1,2.0,100.00,0.0,0.0,0.0,0.0
905,10.887660,11.119496,3.449000,2,0,6000.0000,-1000.0000,90.0000,0.0000,1,2.0,100.00,0.0,0.0,0.0,0.0
906,10.732047,10.828509,3.489000,2,0,6000.0000,-1000.0000,90.0000,0.0000,1,2.0,100.00,0.0,0.0,0.0,0.0
907,14.001679,10.953302,3.487000,2,0,6000.0000,-1000.0000,90.0000,0.0000,1,2.0,100.00,0.0,0.0,0.0,0.0
908,9.934109,13.790174,3.487000,2,0,6000.0000,-1000.0000,90.0000,0.0000,1,2.0,100.00,0.0,0.0,0.0,0.0
909,11.595827,10.034552,3.386000,2,0,6000.0000,-1000.0000,90.0000,0.0000,1,2.0,100.00,0.0,0.0,0.0,0.0
910,12.350162,11.543484,3.429000,2,0,6000.0000,-1000.0000,90.0000,0.0000,1,2.0,100.00,0.0,0.0,0.0,0.0
911,12.085857,12.390464,3.445000,2,0,6000.0000,-1000.0000,90.0000,0.0000,1,2.0,100.00,0.0,0.0,0.0,0.0
912,11.957164,12.059607,3.449000,2,0,6000.0000,-1000.0000,90.0000,0.0000,1,2.0,100.00,0.0,0.0,0.0,0.0
913,14.009789,11.971494,3.422000,2,0,6000.0000,-1000.0000,90.0000,0.0000,1,2.0,100.00,0.0,0.0,0.0,0.0
914,12.284452,14.011589,3.489000,2,0,6000.0000,-1000.0000,90.0000,0.0000,1,2.0,100.00,0.0,0.0,0.0,0.0
915,12.667359,12.199950,3.372000,2,0,6000.0000,-1000.0000,90.0000,0.0000,1,2.0,100.00,0.0,0.0,0.0,0.0
916,12.450895,12.697760,3.506000,2,0,6000.0000,-1000.0000,90.0000,0.0000,1,2.0,100.00,0.0,0.0,0.0,0.0
917,14.809868,12.557237,3.466000,2,0,6000.0000,-1000.0000,90.0000,0.0000,1,2.0,100.00,0.0,0.0,0.0,0.0
918,14.242074,14.666864,3.427000,2,0,6000.0000,-1000.0000,90.0000,0.0000,1,2.0,100.00,0.0,0.0,0.0,0.0
919,12.323582,14.285205,3.386000,2,0,6000.0000,-1000.0000,90.0000,0.0000,1,2.0,100.00,0.0,0.0,0.0,0.0
920,15.195895,12.350003,3.421000,2,0,6000.0000,-1000.0000,90.0000,0.0000,1,2.0,100.00,0.0,0.0,0.0,0.0
921,14.384058,15.160185,3.343000,2,0,6000.0000,-1000.0000,90.0000,0.0000,1,2.0,100.00,0.0,0.0,0.0,0.0
922,14.227194,14.390977,3.396000,2,0,6000.0000,-1000.0000,90.0000,0.0000,1,2.0,100.00,0.0,0.0,0.0,0.0
923,13.619841,14.216794,3.445000,2,0,6000.0000,-1000.0000,90.0000,0.0000,1,2.0,100.00,0.0,0.0,0.0,0.0
924,18.040229,13.601641,3.444000,2,0,6000.0000,-1000.0000,90.0000,0.0000,1,2.0,100.00,0.0,0.0,0.0,0.0
925,13.013427,18.055478,3.406000,2,0,6000.0000,-1000.0000,90.0000,0.0000,1,2.0,100.00,0.0,0.0,0.0,0.0
926,12.476955,13.027438,3.472000,2,0,6000.0000,-1000.0000,90.0000,0.0000,1,2.0,100.00,0.0,0.0,0.0,0.0
927,13.502038,12.466665,3.511000,2,0,6000.0000,-1000.0000,90.0000,0.0000,1,2.0,100.00,0.0,0.0,0.0,0.0
928,14.831287,13.524309,3.447000,2,0,6000.0000,-1000.0000,90.0000,0.0000,1,2.0,100.00,0.0,0.0,0.0,0.0
929,15.107184,14.826617,3.272000,2,0,6000.0000,-1000.0000,90.0000,0.0000,1,2.0,100.00,0.0,0.0,0.0,0.0
930,12.266641,15.111554,3.448000,2,0,6000.0000,-1000.0000,90.0000,0.0000,1,2.0,100.00,0.0,0.0,0.0,0.0
931,14.455739,12.268681,3.405000,2,0,6000.0000,-1000.0000,90.0000,0.0000,1,2.0,100.00,0.0,0.0,0.0,0.0
932,11.821091,14.470039,3.472000,2,0,6000.0000,-1000.0000,90.0000,0.0000,1,2.0,100.00,0.0,0.0,0.0,0.0
933,11.369941,11.805270,3.408000,2,0,6000.0000,-1000.0000,90.0000,0.0000,1,2.0,100.00,0.0,0.0,0.0,0.0
934,10.203586,11.348902,3.475000,2,0,6000.0000,-1000.0000,90.0000,0.0000,1,2.0,100.00,0.0,0.0,0.0,0.0
935,14.965940,10.218725,3.428000,2,0,6000.0000,-1000.0000,90.0000,0.0000,1,2.0,100.00,0.0,0.0,0.0,0.0
936,9.572121,14.969321,3.406000,2,0,6000.0000,-1000.0000,90.0000,0.0000,1,2.0,100.00,0.0,0.0,0.0,0.0
937,8.911237,9.571150,3.406000,2,0,6000.0000,-1000.0000,90.0000,0.0000,1,2.0,100.00,0.0,0.0,0.0,0.0
938,10.663426,8.896717,3.422000,2,0,6000.0000,-1000.0000,90.0000,0.0000,1,2.0,100.00,0.0,0.0,0.0,0.0
939,10.281756,10.654836,3.369000,2,0,6000.0000,-1000.0000,90.0000,0.0000,1,2.0,100.00,0.0,0.0,0.0,0.0
940,13.763604,10.299837,3.420000,2,0,6000.0000,-1000.0000,90.0000,0.0000,1,2.0,100.00,0.0,0.0,0.0,0.0
941,10.108704,13.765494,3.492000,2,0,6000.0000,-1000.0000,90.0000,0.0000,1,2.0,100.00,0.0,0.0,0.0,0.0
942,10.190624,10.120603,3.492000,2,0,6000.0000,-1000.0000,90.0000,0.0000,1,2.0,100.00,0.0,0.0,0.0,0.0
943,11.235328,10.168625,3.396000,2,0,6000.0000,-1000.0000,90.0000,0.0000,1,2.0,100.00,0.0,0.0,0.0,0.0
944,10.452902,11.200787,3.428000,2,0,6000.0000,-1000.0000,90.0000,0.0000,1,2.0,100.00,0.0,0.0,0.0,0.0
945,10.447680,10.415510,3.421000,2,0,6000.0000,-1000.0000,90.0000,0.0000,1,2.0,100.00,0.0,0.0,0.0,0.0
946,10.135483,10.516102,3.386000,2,0,6000.0000,-1000.0000,90.0000,0.0000,1,2.0,100.00,0.0,0.0,0.0,0.0
947,10.498463,10.057302,3.396000,2,0,6000.0000,-1000.0000,90.0000,0.0000,1,2.0,100.00,0.0,0.0,0.0,0.0
948,9.920309,10.497972,3.505000,2,0,6000.0000,-1000.0000,90.0000,0.0000,1,2.0,100.00,0.0,0.0,0.0,0.0
949,10.241886,9.922879,3.378000,2,0,6000.0000,-1000.0000,90.0000,0.0000,1,2.0,100.00,0.0,0.0,0.0,0.0
950,10.299157,10.246206,3.316000,2,0,6000.0000,-1000.0000,90.0000,0.0000,1,2.0,100.00,0.0,0.0,0.0,0.0
951,10.111253,10.324488,3.424000,2,0,6000.0000,-1000.0000,90.0000,0.0000,1,2.0,100.00,0.0,0.0,0.0,0.0
952,10.187805,10.075892,3.427000,2,0,6000.0000,-1000.0000,90.0000,0.0000,1,2.0,100.00,0.0,0.0,0.0,0.0
953,9.922479,10.200006,3.359000,2,0,6000.0000,-1000.0000,90.0000,0.0000,1,2.0,100.00,0.0,0.0,0.0,0.0
954,10.837419,9.923120,3.393000,2,0,6000.0000,-1000.0000,90.0000,0.0000,1,2.0,100.00,0.0,0.0,0.0,0.0
955,10.207016,10.872339,3.426000,2,0,6000.0000,-1000.0000,90.0000,0.0000,1,2.0,100.00,0.0,0.0,0.0,0.0
956,10.452621,10.184085,3.385000,2,0,6000.0000,-1000.0000,90.0000,0.0000,1,2.0,100.00,0.0,0.0,0.0,0.0
957,10.895530,10.449021,3.479000,2,0,6000.0000,-1000.0000,90.0000,0.0000,1,2.0,100.00,0.0,0.0,0.0,0.0
958,10.034412,10.889550,3.528000,2,0,6000.0000,-1000.0000,90.0000,0.0000,1,2.0,100.00,0.0,0.0,0.0,0.0
959,11.156026,10.054572,3.563000,2,0,6000.0000,-1000.0000,90.0000,0.0000,1,2.0,100.00,0.0,0.0,0.0,0.0
960,9.245174,11.140276,3.541000,2,0,6000.0000,-1000.0000,90.0000,0.0000,1,2.0,100.00,0.0,0.0,0.0,0.0
961,10.117603,9.246014,3.486000,2,0,6000.0000,-1000.0000,90.0000,0.0000,1,2.0,100.00,0.0,0.0,0.0,0.0
962,9.104881,10.136554,3.483000,2,0,6000.0000,-1000.0000,90.0000,0.0000,1,2.0,100.00,0.0,0.0,0.0,0.0
963,12.037426,9.020510,3.486000,2,0,6000.0000,-1000.0000,90.0000,0.0000,1,2.0,100.00,0.0,0.0,0.0,0.0
964,12.247081,12.037005,3.475000,2,0,6000.0000,-1000.0000,90.0000,0.0000,1,2.0,100.00,0.0,0.0,0.0,0.0
965,12.409334,12.235130,3.439000,2,0,6000.0000,-1000.0000,90.0000,0.0000,1,2.0,100.00,0.0,0.0,0.0,0.0
966,11.398161,12.428884,3.378000,2,0,6000.0000,-1000.0000,90.0000,0.0000,1,2.0,100.00,0.0,0.0,0.0,0.0
967,10.297368,11.378812,3.444000,2,0,6000.0000,-1000.0000,90.0000,0.0000,1,2.0,100.00,0.0,0.0,0.0,0.0
968,12.028396,10.615614,3.420000,2,0,6000.0000,-1000.0000,90.0000,0.0000,1,2.0,100.00,0.0,0.0,0.0,0.0
969,9.665672,11.751590,3.404000,2,0,6000.0000,-1000.0000,90.0000,0.0000,1,2.0,100.00,0.0,0.0,0.0,0.0
970,9.135243,9.657783,3.553000,2,0,6000.0000,-1000.0000,90.0000,0.0000,1,2.0,100.00,0.0,0.0,0.0,0.0
971,9.392147,9.107231,3.326000,2,0,6000.0000,-1000.0000,90.0000,0.0000,1,2.0,100.00,0.0,0.0,0.0,0.0
972,8.948377,9.421028,3.414000,2,0,6000.0000,-1000.0000,90.0000,0.0000,1,2.0,100.00,0.0,0.0,0.0,0.0
973,8.657542,8.981848,3.457000,2,0,6000.0000,-1000.0000,90.0000,0.0000,1,2.0,100.00,0.0,0.0,0.0,0.0
974,8.824894,8.609031,3.381000,2,0,6000.0000,-1000.0000,90.0000,0.0000,1,2.0,100.00,0.0,0.0,0.0,0.0
975,7.619889,8.806844,3.428000,2,0,6000.0000,-1000.0000,90.0000,0.0000,1,2.0,100.00,0.0,0.0,0.0,0.0
976,7.962335,7.639808,3.495000,2,0,6000.0000,-1000.0000,90.0000,0.0000,1,2.0,100.00,0.0,0.0,0.0,0.0
977,7.613079,7.950766,3.454000,2,0,6000.0000,-1000.0000,90.0000,0.0000,1,2.0,100.00,0.0,0.0,0.0,0.0
978,8.485647,7.590598,3.399000,2,0,6000.0000,-1000.0000,90.0000,0.0000,1,2.0,100.00,0.0,0.0,0.0,0.0
979,10.117433,8.527578,3.477000,2,0,6000.0000,-1000.0000,90.0000,0.0000,1,2.0,100.00,0.0,0.0,0.0,0.0
980,8.752844,10.099032,3.408000,2,0,6000.0000,-1000.0000,90.0000,0.0000,1,2.0,100.00,0.0,0.0,0.0,0.0
981,8.653301,8.778564,3.438000,2,0,6000.0000,-1000.0000,90.0000,0.0000,1,2.0,100.00,0.0,0.0,0.0,0.0
982,7.398943,8.625731,3.369000,2,0,6000.0000,-1000.0000,90.0000,0.0000,1,2.0,100.00,0.0,0.0,0.0,0.0
983,12.562348,7.389623,3.369000,2,0,6000.0000,-1000.0000,90.0000,0.0000,1,2.0,100.00,0.0,0.0,0.0,0.0
984,12.581037,12.575528,3.331000,2,0,6000.0000,-1000.0000,90.0000,0.0000,1,2.0,100.00,0.0,0.0,0.0,0.0
985,12.243910,12.723960,3.403000,2,0,6000.0000,-1000.0000,90.0000,0.0000,1,2.0,100.00,0.0,0.0,0.0,0.0
986,12.861474,12.206451,3.380000,2,0,6000.0000,-1000.0000,90.0000,0.0000,1,2.0,100.00,0.0,0.0,0.0,0.0
987,12.800163,12.861523,3.391000,2,0,6000.0000,-1000.0000,90.0000,0.0000,1,2.0,100.00,0.0,0.0,0.0,0.0
988,11.852332,12.838923,3.473000,2,0,6000.0000,-1000.0000,90.0000,0.0000,1,2.0,100.00,0.0,0.0,0.0,0.0
989,11.525064,11.846512,3.353000,2,0,6000.0000,-1000.0000,90.0000,0.0000,1,2.0,100.00,0.0,0.0,0.0,0.0
990,11.954224,11.482884,3.466000,2,0,6000.0000,-1000.0000,90.0000,0.0000,1,2.0,100.00,0.0,0.0,0.0,0.0
991,11.177257,11.952494,3.446000,3,0,6000.0000,-1000.0000,90.0000,0.0000,1,2.0,100.00,0.0,0.0,0.0,0.0
992,11.709588,11.185947,3.380000,3,1,6000.0000,-1000.0000,90.0000,0.0000,1,2.0,100.00,0.0,0.0,0.0,0.0
993,155.482414,11.741718,3.529000,3,0,6000.0000,-1000.0000,90.0000,0.0000,1,2.0,100.00,0.0,0.0,0.0,0.0
994,5.068171,155.502114,3.529000,3,1,6000.0000,-1000.0000,90.0000,0.0000,1,2.0,100.00,0.0,0.0,0.0,0.0
995,155.007803,4.947790,3.686000,3,0,6000.0000,-1000.0000,90.0000,0.0000,1,2.0,100.00,0.0,0.0,0.0,0.0
996,7.228049,155.085644,3.686000,3,1,6000.0000,-1000.0000,90.0000,0.0000,1,2.0,100.00,0.0,0.0,0.0,0.0
997,153.201653,7.164288,3.499000,3,0,6000.0000,-1000.0000,90.0000,0.0000,1,2.0,100.00,0.0,0.0,0.0,0.0
998,6.497184,153.295594,3.499000,3,1,6000.0000,-1000.0000,90.0000,0.0000,1,2.0,100.00,0.0,0.0,0.0,0.0
999,156.658708,6.380542,3.622000,3,0,6000.0000,-1000.0000,90.0000,0.0000,1,2.0,100.00,0.0,0.0,0.0,0.0
1000,6.759919,156.720739,3.622000,3,1,6000.0000,-1000.0000,90.0000,0.0000,1,2.0,100.00,0.0,0.0,0.0,0.0
1001,154.219605,6.746839,3.480000,3,0,6000.0000,-1000.0000,90.0000,0.0000,1,2.0,100.00,0.0,0.0,0.0,0.0
1002,6.349450,154.298757,3.480000,3,1,6000.0000,-1000.0000,90.0000,0.0000,1,2.0,100.00,0.0,0.0,0.0,0.0
1003,153.853917,6.247998,3.589000,3,0,6000.0000,-1000.0000,90.0000,0.0000,1,2.0,100.00,0.0,0.0,0.0,0.0
1004,6.739769,153.912988,3.589000,3,1,6000.0000,-1000.0000,90.0000,0.0000,1,2.0,100.00,0.0,0.0,0.0,0.0
1005,153.839357,6.691558,3.690000,3,0,6000.0000,-1000.0000,90.0000,0.0000,1,2.0,100.00,0.0,0.0,0.0,0.0
1006,6.351880,153.926098,3.690000,3,1,6000.0000,-1000.0000,90.0000,0.0000,1,2.0,100.00,0.0,0.0,0.0,0.0
1007,157.422645,6.258928,3.477000,3,0,6000.0000,-1000.0000,90.0000,0.0000,1,2.0,100.00,0.0,0.0,0.0,0.0
1008,6.244138,157.491078,3.477000,3,1,6000.0000,-1000.0000,90.0000,0.0000,1,2.0,100.00,0.0,0.0,0.0,0.0
1009,153.422857,6.172636,3.514000,3,0,6000.0000,-1000.0000,90.0000,0.0000,1,2.0,100.00,0.0,0.0,0.0,0.0
1010,5.982863,153.510309,3.514000,3,1,6000.0000,-1000.0000,90.0000,0.0000,1,2.0,100.00,0.0,0.0,0.0,0.0
1011,154.406468,5.912160,3.568000,4,0,6000.0000,-1000.0000,90.0000,-25.0000,1,2.0,100.00,0.0,0.0,0.0,0.0
1012,6.601196,154.467121,3.568000,4,0,6000.0000,-1000.0000,90.0000,-23.0692,1,2.0,100.00,0.0,0.0,0.0,0.0
1013,4.161852,6.533504,3.510000,4,0,6000.0000,-1000.0000,90.0000,-22.9875,1,2.0,100.00,0.0,0.0,0.0,0.0
1014,13.496439,4.103631,3.510000,4,0,6000.0000,-1000.0000,90.0000,-22.9362,1,2.0,100.00,0.0,0.0,0.0,0.0
1015,12.584417,13.648071,3.654000,4,0,6000.0000,-1000.0000,90.0000,-22.7656,1,2.0,100.00,0.0,0.0,0.0,0.0
1016,12.403364,12.623889,3.474000,4,0,6000.0000,-1000.0000,90.0000,-22.6078,1,2.0,100.00,0.0,0.0,0.0,0.0
1017,12.088967,12.340282,3.358000,4,0,6000.0000,-1000.0000,90.0000,-22.4535,1,2.0,100.00,0.0,0.0,0.0,0.0
1018,12.122798,12.086307,3.424000,4,0,6000.0000,-1000.0000,90.0000,-22.3025,1,2.0,100.00,0.0,0.0,0.0,0.0
1019,12.436034,12.150068,3.535000,4,0,6000.0000,-1000.0000,90.0000,-22.1506,1,2.0,100.00,0.0,0.0,0.0,0.0
1020,11.915363,12.466806,3.409000,4,0,6000.0000,-1000.0000,90.0000,-21.9948,1,2.0,100.00,0.0,0.0,0.0,0.0
1021,11.531215,11.948573,3.536000,4,0,6000.0000,-1000.0000,90.0000,-21.8454,1,2.0,100.00,0.0,0.0,0.0,0.0
1022,11.674967,11.452063,3.540000,4,0,6000.0000,-1000.0000,90.0000,-21.7022,1,2.0,100.00,0.0,0.0,0.0,0.0
1023,10.722617,11.716979,3.467000,4,0,6000.0000,-1000.0000,90.0000,-21.5558,1,2.0,100.00,0.0,0.0,0.0,0.0
1024,10.281937,10.653545,3.421000,4,0,6000.0000,-1000.0000,90.0000,-21.4226,1,2.0,100.00,0.0,0.0,0.0,0.0
1025,11.125585,10.332629,3.520000,4,0,6000.0000,-1000.0000,90.0000,-21.2935,1,2.0,100.00,0.0,0.0,0.0,0.0
1026,9.982511,11.084744,3.460000,4,0,6000.0000,-1000.0000,90.0000,-21.1549,1,2.0,100.00,0.0,0.0,0.0,0.0
1027,8.815605,9.998861,3.455000,4,0,6000.0000,-1000.0000,90.0000,-21.0299,1,2.0,100.00,0.0,0.0,0.0,0.0
1028,10.352529,8.869496,3.580000,4,0,6000.0000,-1000.0000,90.0000,-20.9190,1,2.0,100.00,0.0,0.0,0.0,0.0
1029,9.983950,10.316057,3.468000,4,0,6000.0000,-1000.0000,90.0000,-20.7901,1,2.0,100.00,0.0,0.0,0.0,0.0
1030,10.430270,9.998351,3.417000,4,0,6000.0000,-1000.0000,90.0000,-20.6651,1,2.0,100.00,0.0,0.0,0.0,0.0
1031,10.907681,10.427180,3.428000,4,0,6000.0000,-1000.0000,90.0000,-20.5348,1,2.0,100.00,0.0,0.0,0.0,0.0
1032,11.377801,10.909151,3.342000,4,0,6000.0000,-1000.0000,90.0000,-20.3984,1,2.0,100.00,0.0,0.0,0.0,0.0
1033,25.936323,11.443763,3.376000,4,0,6000.0000,-1000.0000,90.0000,-20.2554,1,2.0,100.00,0.0,0.0,0.0,0.0
1034,11.136635,25.921793,3.477000,4,0,6000.0000,-1000.0000,90.0000,-19.9313,1,2.0,100.00,0.0,0.0,0.0,0.0
1035,10.909501,11.127385,3.417000,4,0,6000.0000,-1000.0000,90.0000,-19.7922,1,2.0,100.00,0.0,0.0,0.0,0.0
1036,10.642966,10.894481,3.418000,4,0,6000.0000,-1000.0000,90.0000,-19.6561,1,2.0,100.00,0.0,0.0,0.0,0.0
1037,10.457160,10.615254,3.393000,4,0,6000.0000,-1000.0000,90.0000,-19.5234,1,2.0,100.00,0.0,0.0,0.0,0.0
1038,11.498904,10.473781,3.421000,4,0,6000.0000,-1000.0000,90.0000,-19.3925,1,2.0,100.00,0.0,0.0,0.0,0.0
1039,13.693573,11.466113,3.416000,4,0,6000.0000,-1000.0000,90.0000,-19.2491,1,2.0,100.00,0.0,0.0,0.0,0.0
1040,12.042746,13.735534,3.466000,4,0,6000.0000,-1000.0000,90.0000,-19.0774,1,2.0,100.00,0.0,0.0,0.0,0.0
1041,12.432554,11.985404,3.425000,4,0,6000.0000,-1000.0000,90.0000,-18.9276,1,2.0,100.00,0.0,0.0,0.0,0.0
1042,12.113377,12.414664,3.370000,4,0,6000.0000,-1000.0000,90.0000,-18.7724,1,2.0,100.00,0.0,0.0,0.0,0.0
1043,10.711687,12.172769,3.406000,4,0,6000.0000,-1000.0000,90.0000,-18.6203,1,2.0,100.00,0.0,0.0,0.0,0.0
1044,10.877601,10.664225,3.436000,4,0,6000.0000,-1000.0000,90.0000,-18.4870,1,2.0,100.00,0.0,0.0,0.0,0.0
1045,11.504093,10.876081,3.356000,4,0,6000.0000,-1000.0000,90.0000,-18.3510,1,2.0,100.00,0.0,0.0,0.0,0.0
1046,9.810717,11.560935,3.500000,4,0,6000.0000,-1000.0000,90.0000,-18.2065,1,2.0,100.00,0.0,0.0,0.0,0.0
1047,9.085930,9.762155,3.410000,4,0,6000.0000,-1000.0000,90.0000,-18.0845,1,2.0,100.00,0.0,0.0,0.0,0.0
1048,10.368709,9.073461,3.371000,4,0,6000.0000,-1000.0000,90.0000,-17.9711,1,2.0,100.00,0.0,0.0,0.0,0.0
1049,10.017131,10.379330,3.534000,4,0,6000.0000,-1000.0000,90.0000,-17.8413,1,2.0,100.00,0.0,0.0,0.0,0.0
1050,10.372330,10.076422,3.429000,4,0,6000.0000,-1000.0000,90.0000,-17.7154,1,2.0,100.00,0.0,0.0,0.0,0.0
1051,10.248846,10.270506,3.357000,4,0,6000.0000,-1000.0000,90.0000,-17.5870,1,2.0,100.00,0.0,0.0,0.0,0.0
1052,10.525483,10.259627,3.375000,4,0,6000.0000,-1000.0000,90.0000,-17.4587,1,2.0,100.00,0.0,0.0,0.0,0.0
1053,10.069292,10.536183,3.459000,4,0,6000.0000,-1000.0000,90.0000,-17.3270,1,2.0,100.00,0.0,0.0,0.0,0.0
1054,10.535092,10.043781,3.398000,4,0,6000.0000,-1000.0000,90.0000,-17.2015,1,2.0,100.00,0.0,0.0,0.0,0.0
1055,10.099913,10.585774,3.436000,4,0,6000.0000,-1000.0000,90.0000,-17.0692,1,2.0,100.00,0.0,0.0,0.0,0.0
1056,10.648615,10.064183,3.449000,4,0,6000.0000,-1000.0000,90.0000,-16.9434,1,2.0,100.00,0.0,0.0,0.0,0.0
1057,10.838530,10.627454,3.375000,4,0,6000.0000,-1000.0000,90.0000,-16.8105,1,2.0,100.00,0.0,0.0,0.0,0.0
1058,10.111293,10.843559,3.533000,4,0,6000.0000,-1000.0000,90.0000,-16.6750,1,2.0,100.00,0.0,0.0,0.0,0.0
1059,10.446210,10.103813,3.459000,4,0,6000.0000,-1000.0000,90.0000,-16.5487,1,2.0,100.00,0.0,0.0,0.0,0.0
1060,11.567256,10.444341,3.445000,4,0,6000.0000,-1000.0000,90.0000,-16.4181,1,2.0,100.00,0.0,0.0,0.0,0.0
1061,10.847510,11.568705,3.417000,4,0,6000.0000,-1000.0000,90.0000,-16.2735,1,2.0,100.00,0.0,0.0,0.0,0.0
1062,11.217197,10.922202,3.399000,4,0,6000.0000,-1000.0000,90.0000,-16.1370,1,2.0,100.00,0.0,0.0,0.0,0.0
1063,11.286559,11.161536,3.359000,4,0,6000.0000,-1000.0000,90.0000,-15.9975,1,2.0,100.00,0.0,0.0,0.0,0.0
1064,11.194577,11.318229,3.339000,4,0,6000.0000,-1000.0000,90.0000,-15.8560,1,2.0,100.00,0.0,0.0,0.0,0.0
1065,11.727699,11.153367,3.425000,4,0,6000.0000,-1000.0000,90.0000,-15.7166,1,2.0,100.00,0.0,0.0,0.0,0.0
1066,11.732950,11.785550,3.330000,4,0,6000.0000,-1000.0000,90.0000,-15.5693,1,2.0,100.00,0.0,0.0,0.0,0.0
1067,11.682928,11.710089,3.509000,4,0,6000.0000,-1000.0000,90.0000,-15.4229,1,2.0,100.00,0.0,0.0,0.0,0.0
1068,11.303089,11.649247,3.466000,4,0,6000.0000,-1000.0000,90.0000,-15.2773,1,2.0,100.00,0.0,0.0,0.0,0.0
1069,11.727889,11.301789,3.428000,4,0,6000.0000,-1000.0000,90.0000,-15.1360,1,2.0,100.00,0.0,0.0,0.0,0.0
1070,10.721806,11.729049,3.431000,4,0,6000.0000,-1000.0000,90.0000,-14.9894,1,2.0,100.00,0.0,0.0,0.0,0.0
1071,10.084912,10.722456,3.410000,4,0,6000.0000,-1000.0000,90.0000,-14.8553,1,2.0,100.00,0.0,0.0,0.0,0.0
1072,10.777229,10.113464,3.509000,4,0,6000.0000,-1000.0000,90.0000,-14.7289,1,2.0,100.00,0.0,0.0,0.0,0.0
1073,10.503562,10.810798,3.459000,4,0,6000.0000,-1000.0000,90.0000,-14.5938,1,2.0,100.00,0.0,0.0,0.0,0.0
1074,9.945460,10.452922,3.452000,4,0,6000.0000,-1000.0000,90.0000,-14.4631,1,2.0,100.00,0.0,0.0,0.0,0.0
1075,12.238230,9.955620,3.309000,4,0,6000.0000,-1000.0000,90.0000,-14.3387,1,2.0,100.00,0.0,0.0,0.0,0.0
1076,12.823793,12.251440,3.454000,4,0,6000.0000,-1000.0000,90.0000,-14.1855,1,2.0,100.00,0.0,0.0,0.0,0.0
1077,12.468975,12.783812,3.460000,4,0,6000.0000,-1000.0000,90.0000,-14.0257,1,2.0,100.00,0.0,0.0,0.0,0.0
1078,12.005605,12.514936,3.380000,4,0,6000.0000,-1000.0000,90.0000,-13.8693,1,2.0,100.00,0.0,0.0,0.0,0.0
1079,13.236092,12.017846,3.481000,4,0,6000.0000,-1000.0000,90.0000,-13.7191,1,2.0,100.00,0.0,0.0,0.0,0.0
1080,12.425865,13.213662,3.444000,4,0,6000.0000,-1000.0000,90.0000,-13.5539,1,2.0,100.00,0.0,0.0,0.0,0.0
1081,12.555156,12.390263,3.476000,4,0,6000.0000,-1000.0000,90.0000,-13.3990,1,2.0,100.00,0.0,0.0,0.0,0.0
1082,12.163549,12.553657,3.596000,4,0,6000.0000,-1000.0000,90.0000,-13.2421,1,2.0,100.00,0.0,0.0,0.0,0.0
1083,13.149301,12.167089,3.486000,4,0,6000.0000,-1000.0000,90.0000,-13.0900,1,2.0,100.00,0.0,0.0,0.0,0.0
1084,12.238610,13.176891,3.507000,4,0,6000.0000,-1000.0000,90.0000,-12.9253,1,2.0,100.00,0.0,0.0,0.0,0.0
1085,11.016623,12.241030,3.494000,4,0,6000.0000,-1000.0000,90.0000,-12.7723,1,2.0,100.00,0.0,0.0,0.0,0.0
1086,12.057876,11.012423,3.523000,4,0,6000.0000,-1000.0000,90.0000,-12.6346,1,2.0,100.00,0.0,0.0,0.0,0.0
1087,12.034576,12.064616,3.482000,4,0,6000.0000,-1000.0000,90.0000,-12.4838,1,2.0,100.00,0.0,0.0,0.0,0.0
1088,12.272541,12.146298,3.603000,4,0,6000.0000,-1000.0000,90.0000,-12.3320,1,2.0,100.00,0.0,0.0,0.0,0.0
1089,12.433115,12.196599,3.494000,4,0,6000.0000,-1000.0000,90.0000,-12.1796,1,2.0,100.00,0.0,0.0,0.0,0.0
1090,11.576365,12.363724,3.443000,4,0,6000.0000,-1000.0000,90.0000,-12.0250,1,2.0,100.00,0.0,0.0,0.0,0.0
1091,11.436753,11.594465,3.432000,4,0,6000.0000,-1000.0000,90.0000,-11.8801,1,2.0,100.00,0.0,0.0,0.0,0.0
1092,12.183299,11.413983,3.466000,4,0,6000.0000,-1000.0000,90.0000,-11.7374,1,2.0,100.00,0.0,0.0,0.0,0.0
1093,11.732349,12.192299,3.363000,4,0,6000.0000,-1000.0000,90.0000,-11.5850,1,2.0,100.00,0.0,0.0,0.0,0.0
1094,11.798420,11.741730,3.475000,4,0,6000.0000,-1000.0000,90.0000,-11.4382,1,2.0,100.00,0.0,0.0,0.0,0.0
1095,12.489206,11.849311,3.473000,4,0,6000.0000,-1000.0000,90.0000,-11.2901,1,2.0,100.00,0.0,0.0,0.0,0.0
1096,12.086487,12.439124,3.490000,4,0,6000.0000,-1000.0000,90.0000,-11.1346,1,2.0,100.00,0.0,0.0,0.0,0.0
1097,12.686380,12.084097,3.484000,4,0,6000.0000,-1000.0000,90.0000,-10.9836,1,2.0,100.00,0.0,0.0,0.0,0.0
1098,11.965544,12.686031,3.460000,4,0,6000.0000,-1000.0000,90.0000,-10.8250,1,2.0,100.00,0.0,0.0,0.0,0.0
1099,12.259061,11.967994,3.385000,4,0,6000.0000,-1000.0000,90.0000,-10.6754,1,2.0,100.00,0.0,0.0,0.0,0.0
1100,10.634524,12.252800,3.466000,4,0,6000.0000,-1000.0000,90.0000,-10.5222,1,2.0,100.00,0.0,0.0,0.0,0.0
1101,12.407724,10.643486,3.400000,4,0,6000.0000,-1000.0000,90.0000,-10.3892,1,2.0,100.00,0.0,0.0,0.0,0.0
1102,11.979755,12.401893,3.491000,4,0,6000.0000,-1000.0000,90.0000,-10.2342,1,2.0,100.00,0.0,0.0,0.0,0.0
1103,11.967624,11.980024,3.508000,4,0,6000.0000,-1000.0000,90.0000,-10.0844,1,2.0,100.00,0.0,0.0,0.0,0.0
1104,11.681487,11.910713,3.466000,4,0,6000.0000,-1000.0000,90.0000,-9.9355,1,2.0,100.00,0.0,0.0,0.0,0.0
1105,12.261912,11.622967,3.495000,4,0,6000.0000,-1000.0000,90.0000,-9.7902,1,2.0,100.00,0.0,0.0,0.0,0.0
1106,10.229385,12.272261,3.495000,4,0,6000.0000,-1000.0000,90.0000,-9.6368,1,2.0,100.00,0.0,0.0,0.0,0.0
1107,10.774318,10.449140,3.496000,4,0,6000.0000,-1000.0000,90.0000,-9.5062,1,2.0,100.00,0.0,0.0,0.0,0.0
1108,9.841908,10.707107,3.434000,4,0,6000.0000,-1000.0000,90.0000,-9.3724,1,2.0,100.00,0.0,0.0,0.0,0.0
1109,9.910358,9.827567,3.450000,4,0,6000.0000,-1000.0000,90.0000,-9.2495,1,2.0,100.00,0.0,0.0,0.0,0.0
1110,10.251097,9.833697,3.381000,4,0,6000.0000,-1000.0000,90.0000,-9.1266,1,2.0,100.00,0.0,0.0,0.0,0.0
1111,9.198693,10.204336,3.511000,4,0,6000.0000,-1000.0000,90.0000,-8.9991,1,2.0,100.00,0.0,0.0,0.0,0.0
1112,8.425725,9.177952,3.365000,4,0,6000.0000,-1000.0000,90.0000,-8.8843,1,2.0,100.00,0.0,0.0,0.0,0.0
1113,9.120032,8.426756,3.464000,4,0,6000.0000,-1000.0000,90.0000,-8.7790,1,2.0,100.00,0.0,0.0,0.0,0.0
1114,9.352517,9.268445,3.469000,4,0,6000.0000,-1000.0000,90.0000,-8.6632,1,2.0,100.00,0.0,0.0,0.0,0.0
1115,8.758473,9.318705,3.489000,4,0,6000.0000,-1000.0000,90.0000,-8.5467,1,2.0,100.00,0.0,0.0,0.0,0.0
1116,10.081343,8.747864,3.493000,4,0,6000.0000,-1000.0000,90.0000,-8.4373,1,2.0,100.00,0.0,0.0,0.0,0.0
1117,9.175092,10.093533,3.390000,4,0,6000.0000,-1000.0000,90.0000,-8.3112,1,2.0,100.00,0.0,0.0,0.0,0.0
1118,9.583911,9.162172,3.477000,4,0,6000.0000,-1000.0000,90.0000,-8.1966,1,2.0,100.00,0.0,0.0,0.0,0.0
1119,9.140932,9.588782,3.528000,4,0,6000.0000,-1000.0000,90.0000,-8.0768,1,2.0,100.00,0.0,0.0,0.0,0.0
1120,7.890684,9.134081,3.502000,4,0,6000.0000,-1000.0000,90.0000,-7.9626,1,2.0,100.00,0.0,0.0,0.0,0.0
1121,8.074128,7.897245,3.424000,4,0,6000.0000,-1000.0000,90.0000,-7.8639,1,2.0,100.00,0.0,0.0,0.0,0.0
1122,7.866794,8.072188,3.373000,4,0,6000.0000,-1000.0000,90.0000,-7.7630,1,2.0,100.00,0.0,0.0,0.0,0.0
1123,9.787767,7.874274,3.514000,4,0,6000.0000,-1000.0000,90.0000,-7.6645,1,2.0,100.00,0.0,0.0,0.0,0.0
1124,7.242159,9.797605,3.514000,4,0,6000.0000,-1000.0000,90.0000,-7.5421,1,2.0,100.00,0.0,0.0,0.0,0.0
1125,8.928837,7.232611,3.408000,4,0,6000.0000,-1000.0000,90.0000,-7.4517,1,2.0,100.00,0.0,0.0,0.0,0.0
1126,8.044138,8.938726,3.408000,4,0,6000.0000,-1000.0000,90.0000,-7.3399,1,2.0,100.00,0.0,0.0,0.0,0.0
1127,8.057568,8.047109,3.514000,4,0,6000.0000,-1000.0000,90.0000,-7.2393,1,2.0,100.00,0.0,0.0,0.0,0.0
1128,8.364055,8.046348,3.392000,4,0,6000.0000,-1000.0000,90.0000,-7.1388,1,2.0,100.00,0.0,0.0,0.0,0.0
1129,8.510688,8.359874,3.435000,4,0,6000.0000,-1000.0000,90.0000,-7.0343,1,2.0,100.00,0.0,0.0,0.0,0.0
1130,7.340802,8.530558,3.473000,4,0,6000.0000,-1000.0000,90.0000,-6.9276,1,2.0,100.00,0.0,0.0,0.0,0.0
1131,7.586117,7.314252,3.473000,4,0,6000.0000,-1000.0000,90.0000,-6.8362,1,2.0,100.00,0.0,0.0,0.0,0.0
1132,8.208281,7.606697,3.420000,4,0,6000.0000,-1000.0000,90.0000,-6.7411,1,2.0,100.00,0.0,0.0,0.0,0.0
1133,10.498083,8.210502,3.522000,4,0,6000.0000,-1000.0000,90.0000,-6.6385,1,2.0,100.00,0.0,0.0,0.0,0.0
1134,7.971966,10.513982,3.522000,4,0,6000.0000,-1000.0000,90.0000,-6.5071,1,2.0,100.00,0.0,0.0,0.0,0.0
1135,9.920249,7.968016,3.444000,4,0,6000.0000,-1000.0000,90.0000,-6.4075,1,2.0,100.00,0.0,0.0,0.0,0.0
1136,8.749872,9.894548,3.499000,4,0,6000.0000,-1000.0000,90.0000,-6.2838,1,2.0,100.00,0.0,0.0,0.0,0.0
1137,8.294534,8.759354,3.473000,4,0,6000.0000,-1000.0000,90.0000,-6.1743,1,2.0,100.00,0.0,0.0,0.0,0.0
1138,8.482847,8.311083,3.473000,4,0,6000.0000,-1000.0000,90.0000,-6.0704,1,2.0,100.00,0.0,0.0,0.0,0.0
1139,8.320544,8.448806,3.569000,4,0,6000.0000,-1000.0000,90.0000,-5.9648,1,2.0,100.00,0.0,0.0,0.0,0.0
1140,8.206271,8.347165,3.560000,4,0,6000.0000,-1000.0000,90.0000,-5.8605,1,2.0,100.00,0.0,0.0,0.0,0.0
1141,8.735643,8.226982,3.544000,4,0,6000.0000,-1000.0000,90.0000,-5.7576,1,2.0,100.00,0.0,0.0,0.0,0.0
1142,7.987686,8.685142,3.494000,4,0,6000.0000,-1000.0000,90.0000,-5.6491,1,2.0,100.00,0.0,0.0,0.0,0.0
1143,6.809250,7.992396,3.494000,4,0,6000.0000,-1000.0000,90.0000,-5.5491,1,2.0,100.00,0.0,0.0,0.0,0.0
1144,7.752362,6.819671,3.406000,4,0,6000.0000,-1000.0000,90.0000,-5.4639,1,2.0,100.00,0.0,0.0,0.0,0.0
1145,7.935475,7.744160,3.455000,4,0,6000.0000,-1000.0000,90.0000,-5.3671,1,2.0,100.00,0.0,0.0,0.0,0.0
1146,9.268984,7.952966,3.506000,4,0,6000.0000,-1000.0000,90.0000,-5.2677,1,2.0,100.00,0.0,0.0,0.0,0.0
1147,7.830993,9.257464,3.506000,4,0,6000.0000,-1000.0000,90.0000,-5.1520,1,2.0,100.00,0.0,0.0,0.0,0.0
1148,7.590308,7.913165,3.414000,4,0,6000.0000,-1000.0000,90.0000,-5.0531,1,2.0,100.00,0.0,0.0,0.0,0.0
1149,7.731140,7.523126,3.504000,4,0,6000.0000,-1000.0000,90.0000,-4.9590,1,2.0,100.00,0.0,0.0,0.0,0.0
1150,8.238423,7.710431,3.506000,4,0,6000.0000,-1000.0000,90.0000,-4.8626,1,2.0,100.00,0.0,0.0,0.0,0.0
1151,7.800771,8.232801,3.464000,4,0,6000.0000,-1000.0000,90.0000,-4.7597,1,2.0,100.00,0.0,0.0,0.0,0.0
1152,8.162891,7.849994,3.470000,4,0,6000.0000,-1000.0000,90.0000,-4.6616,1,2.0,100.00,0.0,0.0,0.0,0.0
1153,10.940492,8.080358,3.387000,4,0,6000.0000,-1000.0000,90.0000,-4.5606,1,2.0,100.00,0.0,0.0,0.0,0.0
1154,10.651434,11.168506,3.440000,4,0,6000.0000,-1000.0000,90.0000,-4.4210,1,2.0,100.00,0.0,0.0,0.0,0.0
1155,10.489743,10.538783,3.413000,4,0,6000.0000,-1000.0000,90.0000,-4.2893,1,2.0,100.00,0.0,0.0,0.0,0.0
1156,9.996020,10.399390,3.427000,4,0,6000.0000,-1000.0000,90.0000,-4.1593,1,2.0,100.00,0.0,0.0,0.0,0.0
1157,9.972490,9.980180,3.469000,4,0,6000.0000,-1000.0000,90.0000,-4.0345,1,2.0,100.00,0.0,0.0,0.0,0.0
1158,9.757855,9.978200,3.394000,4,0,6000.0000,-1000.0000,90.0000,-3.9098,1,2.0,100.00,0.0,0.0,0.0,0.0
1159,10.064662,9.741946,3.463000,4,0,6000.0000,-1000.0000,90.0000,-3.7880,1,2.0,100.00,0.0,0.0,0.0,0.0
1160,9.972060,10.043031,3.448000,4,0,6000.0000,-1000.0000,90.0000,-3.6625,1,2.0,100.00,0.0,0.0,0.0,0.0
1161,9.110842,9.983001,3.349000,4,0,6000.0000,-1000.0000,90.0000,-3.5377,1,2.0,100.00,0.0,0.0,0.0,0.0
1162,9.184903,9.091251,3.450000,4,0,6000.0000,-1000.0000,90.0000,-3.4240,1,2.0,100.00,0.0,0.0,0.0,0.0
1163,9.240514,9.189302,3.460000,4,0,6000.0000,-1000.0000,90.0000,-3.3092,1,2.0,100.00,0.0,0.0,0.0,0.0
1164,9.164222,9.243974,3.388000,4,0,6000.0000,-1000.0000,90.0000,-3.1936,1,2.0,100.00,0.0,0.0,0.0,0.0
1165,8.622961,9.181353,3.427000,4,0,6000.0000,-1000.0000,90.0000,-3.0789,1,2.0,100.00,0.0,0.0,0.0,0.0
1166,9.136161,8.620360,3.424000,4,0,6000.0000,-1000.0000,90.0000,-2.9711,1,2.0,100.00,0.0,0.0,0.0,0.0
1167,8.357724,9.129342,3.417000,4,0,6000.0000,-1000.0000,90.0000,-2.8570,1,2.0,100.00,0.0,0.0,0.0,0.0
1168,7.274251,8.326403,3.493000,4,0,6000.0000,-1000.0000,90.0000,-2.7529,1,2.0,100.00,0.0,0.0,0.0,0.0
1169,7.470505,7.321963,3.456000,4,0,6000.0000,-1000.0000,90.0000,-2.6614,1,2.0,100.00,0.0,0.0,0.0,0.0
1170,7.805753,7.427603,3.383000,4,0,6000.0000,-1000.0000,90.0000,-2.5685,1,2.0,100.00,0.0,0.0,0.0,0.0
1171,7.634248,7.829733,3.470000,4,0,6000.0000,-1000.0000,90.0000,-2.4707,1,2.0,100.00,0.0,0.0,0.0,0.0
1172,6.664227,7.607399,3.467000,4,0,6000.0000,-1000.0000,90.0000,-2.3756,1,2.0,100.00,0.0,0.0,0.0,0.0
1173,7.302311,6.658656,3.364000,4,0,6000.0000,-1000.0000,90.0000,-2.2923,1,2.0,100.00,0.0,0.0,0.0,0.0
1174,9.790217,7.282450,3.430000,4,0,6000.0000,-1000.0000,90.0000,-2.2013,1,2.0,100.00,0.0,0.0,0.0,0.0
1175,10.108653,9.813517,3.414000,4,0,6000.0000,-1000.0000,90.0000,-2.0786,1,2.0,100.00,0.0,0.0,0.0,0.0
1176,11.391022,10.132764,3.349000,4,0,6000.0000,-1000.0000,90.0000,-1.9520,1,2.0,100.00,0.0,0.0,0.0,0.0
1177,11.189597,11.388612,3.409000,4,0,6000.0000,-1000.0000,90.0000,-1.8096,1,2.0,100.00,0.0,0.0,0.0,0.0
1178,10.932601,11.209417,3.432000,4,0,6000.0000,-1000.0000,90.0000,-1.6695,1,2.0,100.00,0.0,0.0,0.0,0.0
1179,10.386219,10.922611,3.428000,4,0,6000.0000,-1000.0000,90.0000,-1.5330,1,2.0,100.00,0.0,0.0,0.0,0.0
1180,9.586612,10.353009,3.412000,4,0,6000.0000,-1000.0000,90.0000,-1.4036,1,2.0,100.00,0.0,0.0,0.0,0.0
1181,10.766827,9.600882,3.466000,4,0,6000.0000,-1000.0000,90.0000,-1.2836,1,2.0,100.00,0.0,0.0,0.0,0.0
1182,10.910441,10.764838,3.409000,4,0,6000.0000,-1000.0000,90.0000,-1.1490,1,2.0,100.00,0.0,0.0,0.0,0.0
1183,10.882740,10.924511,3.518000,4,0,6000.0000,-1000.0000,90.0000,-1.0124,1,2.0,100.00,0.0,0.0,0.0,0.0
1184,10.963692,10.881069,3.451000,4,0,6000.0000,-1000.0000,90.0000,-0.8764,1,2.0,100.00,0.0,0.0,0.0,0.0
1185,10.362420,11.006923,3.388000,4,0,6000.0000,-1000.0000,90.0000,-0.7388,1,2.0,100.00,0.0,0.0,0.0,0.0
1186,10.467270,10.329499,3.434000,4,0,6000.0000,-1000.0000,90.0000,-0.6097,1,2.0,100.00,0.0,0.0,0.0,0.0
1187,10.551054,10.473971,3.431000,4,0,6000.0000,-1000.0000,90.0000,-0.4788,1,2.0,100.00,0.0,0.0,0.0,0.0
1188,11.763069,10.542853,3.426000,4,0,6000.0000,-1000.0000,90.0000,-0.3470,1,2.0,100.00,0.0,0.0,0.0,0.0
1189,10.526283,11.743779,3.532000,4,0,6000.0000,-1000.0000,90.0000,-0.2002,1,2.0,100.00,0.0,0.0,0.0,0.0
1190,11.484823,10.526693,3.396000,4,0,6000.0000,-1000.0000,90.0000,-0.0686,1,2.0,100.00,0.0,0.0,0.0,0.0
1191,12.262591,11.501733,3.433000,4,0,6000.0000,-1000.0000,90.0000,0.0751,1,2.0,100.00,0.0,0.0,0.0,0.0
1192,11.467763,12.242311,3.436000,4,0,6000.0000,-1000.0000,90.0000,0.2282,1,2.0,100.00,0.0,0.0,0.0,0.0
1193,11.800471,11.482923,3.390000,4,0,6000.0000,-1000.0000,90.0000,0.3717,1,2.0,100.00,0.0,0.0,0.0,0.0
1194,10.616483,11.836772,3.400000,4,0,6000.0000,-1000.0000,90.0000,0.5197,1,2.0,100.00,0.0,0.0,0.0,0.0
1195,11.430153,10.562863,3.465000,4,0,6000.0000,-1000.0000,90.0000,0.6517,1,2.0,100.00,0.0,0.0,0.0,0.0
1196,10.803969,11.435192,3.374000,4,0,6000.0000,-1000.0000,90.0000,0.7946,1,2.0,100.00,0.0,0.0,0.0,0.0
1197,11.318320,10.833340,3.465000,4,0,6000.0000,-1000.0000,90.0000,0.9301,1,2.0,100.00,0.0,0.0,0.0,0.0
1198,11.265378,11.316199,3.427000,4,0,6000.0000,-1000.0000,90.0000,1.0715,1,2.0,100.00,0.0,0.0,0.0,0.0
1199,12.253711,11.295569,3.402000,4,0,6000.0000,-1000.0000,90.0000,1.2127,1,2.0,100.00,0.0,0.0,0.0,0.0
1200,10.441770,12.228541,3.407000,4,0,6000.0000,-1000.0000,90.0000,1.3656,1,2.0,100.00,0.0,0.0,0.0,0.0
1201,11.596037,10.438390,3.424000,4,0,6000.0000,-1000.0000,90.0000,1.4960,1,2.0,100.00,0.0,0.0,0.0,0.0
1202,10.713586,11.593196,3.417000,4,0,6000.0000,-1000.0000,90.0000,1.6410,1,2.0,100.00,0.0,0.0,0.0,0.0
1203,13.726633,10.733337,3.449000,4,0,6000.0000,-1000.0000,90.0000,1.7751,1,2.0,100.00,0.0,0.0,0.0,0.0
1204,13.161170,13.738093,3.589000,4,0,6000.0000,-1000.0000,90.0000,1.9469,1,2.0,100.00,0.0,0.0,0.0,0.0
1205,13.311004,13.149240,3.517000,4,0,6000.0000,-1000.0000,90.0000,2.1112,1,2.0,100.00,0.0,0.0,0.0,0.0
1206,12.707491,13.327095,3.474000,4,0,6000.0000,-1000.0000,90.0000,2.2778,1,2.0,100.00,0.0,0.0,0.0,0.0
1207,12.623249,12.694180,3.474000,4,0,6000.0000,-1000.0000,90.0000,2.4365,1,2.0,100.00,0.0,0.0,0.0,0.0
1208,12.275141,12.572728,3.487000,4,0,6000.0000,-1000.0000,90.0000,2.5936,1,2.0,100.00,0.0,0.0,0.0,0.0
1209,11.745319,12.263610,3.511000,4,0,6000.0000,-1000.0000,90.0000,2.7469,1,2.0,100.00,0.0,0.0,0.0,0.0
1210,11.296969,11.726550,3.538000,4,0,6000.0000,-1000.0000,90.0000,2.8935,1,2.0,100.00,0.0,0.0,0.0,0.0
1211,11.325820,11.303569,3.484000,4,0,6000.0000,-1000.0000,90.0000,3.0348,1,2.0,100.00,0.0,0.0,0.0,0.0
1212,10.942042,11.341891,3.442000,4,0,6000.0000,-1000.0000,90.0000,3.1766,1,2.0,100.00,0.0,0.0,0.0,0.0
1213,10.643115,10.936970,3.503000,4,0,6000.0000,-1000.0000,90.0000,3.3133,1,2.0,100.00,0.0,0.0,0.0,0.0
1214,10.983403,10.622275,3.503000,4,0,6000.0000,-1000.0000,90.0000,3.4461,1,2.0,100.00,0.0,0.0,0.0,0.0
1215,10.694396,10.980533,3.412000,4,0,6000.0000,-1000.0000,90.0000,3.5833,1,2.0,100.00,0.0,0.0,0.0,0.0
1216,10.774097,10.727047,3.362000,4,0,6000.0000,-1000.0000,90.0000,3.7174,1,2.0,100.00,0.0,0.0,0.0,0.0
1217,10.726177,10.748617,3.455000,4,0,6000.0000,-1000.0000,90.0000,3.8518,1,2.0,100.00,0.0,0.0,0.0,0.0
1218,10.762518,10.720766,3.447000,4,0,6000.0000,-1000.0000,90.0000,3.9858,1,2.0,100.00,0.0,0.0,0.0,0.0
1219,10.821769,10.775938,3.524000,4,0,6000.0000,-1000.0000,90.0000,4.1205,1,2.0,100.00,0.0,0.0,0.0,0.0
1220,10.974472,10.816839,3.369000,4,0,6000.0000,-1000.0000,90.0000,4.2557,1,2.0,100.00,0.0,0.0,0.0,0.0
1221,10.820458,10.982003,3.414000,4,0,6000.0000,-1000.0000,90.0000,4.3930,1,2.0,100.00,0.0,0.0,0.0,0.0
1222,10.598015,10.813919,3.491000,4,0,6000.0000,-1000.0000,90.0000,4.5282,1,2.0,100.00,0.0,0.0,0.0,0.0
1223,10.986982,10.590963,3.371000,4,0,6000.0000,-1000.0000,90.0000,4.6605,1,2.0,100.00,0.0,0.0,0.0,0.0
1224,11.145626,10.993193,3.438000,4,0,6000.0000,-1000.0000,90.0000,4.7980,1,2.0,100.00,0.0,0.0,0.0,0.0
1225,12.509547,11.144566,3.395000,4,0,6000.0000,-1000.0000,90.0000,4.9373,1,2.0,100.00,0.0,0.0,0.0,0.0
1226,12.384163,12.517317,3.430000,4,0,6000.0000,-1000.0000,90.0000,5.0937,1,2.0,100.00,0.0,0.0,0.0,0.0
1227,12.129918,12.392793,3.434000,4,0,6000.0000,-1000.0000,90.0000,5.2486,1,2.0,100.00,0.0,0.0,0.0,0.0
1228,11.661868,12.116507,3.464000,4,0,6000.0000,-1000.0000,90.0000,5.4001,1,2.0,100.00,0.0,0.0,0.0,0.0
1229,12.121267,11.753680,3.402000,4,0,6000.0000,-1000.0000,90.0000,5.5470,1,2.0,100.00,0.0,0.0,0.0,0.0
1230,11.394231,12.122517,3.437000,4,0,6000.0000,-1000.0000,90.0000,5.6985,1,2.0,100.00,0.0,0.0,0.0,0.0
1231,10.972012,11.304650,3.493000,4,0,6000.0000,-1000.0000,90.0000,5.8399,1,2.0,100.00,0.0,0.0,0.0,0.0
1232,10.926352,10.974182,3.467000,4,0,6000.0000,-1000.0000,90.0000,5.9770,1,2.0,100.00,0.0,0.0,0.0,0.0
1233,11.153776,10.924261,3.376000,4,0,6000.0000,-1000.0000,90.0000,6.1136,1,2.0,100.00,0.0,0.0,0.0,0.0
1234,12.041906,11.151497,3.465000,4,0,6000.0000,-1000.0000,90.0000,6.2530,1,2.0,100.00,0.0,0.0,0.0,0.0
1235,11.400862,12.042936,3.454000,4,0,6000.0000,-1000.0000,90.0000,6.4035,1,2.0,100.00,0.0,0.0,0.0,0.0
1236,11.495103,11.392211,3.493000,4,0,6000.0000,-1000.0000,90.0000,6.5459,1,2.0,100.00,0.0,0.0,0.0,0.0
1237,10.632975,11.493083,3.406000,4,0,6000.0000,-1000.0000,90.0000,6.6896,1,2.0,100.00,0.0,0.0,0.0,0.0
1238,11.319570,10.715877,3.436000,4,0,6000.0000,-1000.0000,90.0000,6.8235,1,2.0,100.00,0.0,0.0,0.0,0.0
1239,11.668498,11.323120,3.394000,4,0,6000.0000,-1000.0000,90.0000,6.9651,1,2.0,100.00,0.0,0.0,0.0,0.0
1240,12.183569,11.635157,3.419000,4,0,6000.0000,-1000.0000,90.0000,7.1105,1,2.0,100.00,0.0,0.0,0.0,0.0
1241,12.918065,12.296812,3.347000,4,0,6000.0000,-1000.0000,90.0000,7.2642,1,2.0,100.00,0.0,0.0,0.0,0.0
1242,12.735841,12.877494,3.444000,4,0,6000.0000,-1000.0000,90.0000,7.4252,1,2.0,100.00,0.0,0.0,0.0,0.0
1243,11.772621,12.705681,3.361000,4,0,6000.0000,-1000.0000,90.0000,7.5840,1,2.0,100.00,0.0,0.0,0.0,0.0
1244,11.428821,11.868862,3.494000,4,0,6000.0000,-1000.0000,90.0000,7.7324,1,2.0,100.00,0.0,0.0,0.0,0.0
1245,11.754680,11.346770,3.421000,4,0,6000.0000,-1000.0000,90.0000,7.8742,1,2.0,100.00,0.0,0.0,0.0,0.0
1246,10.827359,11.671688,3.447000,4,0,6000.0000,-1000.0000,90.0000,8.0201,1,2.0,100.00,0.0,0.0,0.0,0.0
1247,10.260237,10.843580,3.565000,4,0,6000.0000,-1000.0000,90.0000,8.1556,1,2.0,100.00,0.0,0.0,0.0,0.0
1248,10.550852,10.240325,3.373000,4,0,6000.0000,-1000.0000,90.0000,8.2837,1,2.0,100.00,0.0,0.0,0.0,0.0
1249,10.141934,10.561283,3.443000,4,0,6000.0000,-1000.0000,90.0000,8.4157,1,2.0,100.00,0.0,0.0,0.0,0.0
1250,10.268337,10.160705,3.481000,4,0,6000.0000,-1000.0000,90.0000,8.5427,1,2.0,100.00,0.0,0.0,0.0,0.0
1251,8.986649,10.260526,3.387000,4,0,6000.0000,-1000.0000,90.0000,8.6709,1,2.0,100.00,0.0,0.0,0.0,0.0
1252,9.227803,8.963808,3.439000,4,0,6000.0000,-1000.0000,90.0000,8.7830,1,2.0,100.00,0.0,0.0,0.0,0.0
1253,10.238156,9.235114,3.452000,4,0,6000.0000,-1000.0000,90.0000,8.8984,1,2.0,100.00,0.0,0.0,0.0,0.0
1254,9.688004,10.231626,3.440000,4,0,6000.0000,-1000.0000,90.0000,9.0263,1,2.0,100.00,0.0,0.0,0.0,0.0
1255,10.171165,9.684374,3.370000,4,0,6000.0000,-1000.0000,90.0000,9.1474,1,2.0,100.00,0.0,0.0,0.0,0.0
1256,9.956179,10.167134,3.428000,4,0,6000.0000,-1000.0000,90.0000,9.2745,1,2.0,100.00,0.0,0.0,0.0,0.0
1257,9.860708,9.988461,3.507000,4,0,6000.0000,-1000.0000,90.0000,9.3993,1,2.0,100.00,0.0,0.0,0.0,0.0
1258,10.060252,9.844707,3.565000,4,0,6000.0000,-1000.0000,90.0000,9.5224,1,2.0,100.00,0.0,0.0,0.0,0.0
1259,9.966620,10.050802,3.462000,4,0,6000.0000,-1000.0000,90.0000,9.6480,1,2.0,100.00,0.0,0.0,0.0,0.0
1260,9.542971,9.957220,3.386000,4,0,6000.0000,-1000.0000,90.0000,9.7725,1,2.0,100.00,0.0,0.0,0.0,0.0
1261,9.528360,9.567602,3.412000,4,0,6000.0000,-1000.0000,90.0000,9.8921,1,2.0,100.00,0.0,0.0,0.0,0.0
1262,10.172175,9.503019,3.436000,4,0,6000.0000,-1000.0000,90.0000,10.0109,1,2.0,100.00,0.0,0.0,0.0,0.0
1263,8.718803,10.202395,3.453000,4,0,6000.0000,-1000.0000,90.0000,10.1384,1,2.0,100.00,0.0,0.0,0.0,0.0
1264,8.077518,8.711533,3.509000,4,0,6000.0000,-1000.0000,90.0000,10.2473,1,2.0,100.00,0.0,0.0,0.0,0.0
1265,9.384977,8.058777,3.356000,4,0,6000.0000,-1000.0000,90.0000,10.3480,1,2.0,100.00,0.0,0.0,0.0,0.0
1266,7.179248,9.373957,3.356000,4,0,6000.0000,-1000.0000,90.0000,10.4652,1,2.0,100.00,0.0,0.0,0.0,0.0
1267,8.594190,7.216360,3.422000,4,0,6000.0000,-1000.0000,90.0000,10.5554,1,2.0,100.00,0.0,0.0,0.0,0.0
1268,8.622911,8.557659,3.523000,4,0,6000.0000,-1000.0000,90.0000,10.6624,1,2.0,100.00,0.0,0.0,0.0,0.0
1269,9.144472,8.753033,3.485000,4,0,6000.0000,-1000.0000,90.0000,10.7718,1,2.0,100.00,0.0,0.0,0.0,0.0
1270,10.340418,9.160462,3.528000,4,0,6000.0000,-1000.0000,90.0000,10.8863,1,2.0,100.00,0.0,0.0,0.0,0.0
1271,10.329147,10.254546,3.572000,4,0,6000.0000,-1000.0000,90.0000,11.0145,1,2.0,100.00,0.0,0.0,0.0,0.0
1272,10.811859,10.326259,3.520000,4,0,6000.0000,-1000.0000,90.0000,11.1435,1,2.0,100.00,0.0,0.0,0.0,0.0
1273,10.758498,10.796637,3.554000,4,0,6000.0000,-1000.0000,90.0000,11.2785,1,2.0,100.00,0.0,0.0,0.0,0.0
1274,12.156058,10.758968,3.428000,4,0,6000.0000,-1000.0000,90.0000,11.4130,1,2.0,100.00,0.0,0.0,0.0,0.0
1275,10.529913,12.162649,3.546000,4,0,6000.0000,-1000.0000,90.0000,11.5650,1,2.0,100.00,0.0,0.0,0.0,0.0
1276,9.711494,10.691526,3.619000,4,0,6000.0000,-1000.0000,90.0000,11.6987,1,2.0,100.00,0.0,0.0,0.0,0.0
1277,10.372289,9.685944,3.497000,4,0,6000.0000,-1000.0000,90.0000,11.8197,1,2.0,100.00,0.0,0.0,0.0,0.0
1278,10.756658,10.302917,3.472000,4,0,6000.0000,-1000.0000,90.0000,11.9485,1,2.0,100.00,0.0,0.0,0.0,0.0
1279,11.095635,10.749188,3.557000,4,0,6000.0000,-1000.0000,90.0000,12.0829,1,2.0,100.00,0.0,0.0,0.0,0.0
1280,11.013753,11.102775,3.516000,4,0,6000.0000,-1000.0000,90.0000,12.2217,1,2.0,100.00,0.0,0.0,0.0,0.0
1281,10.073702,11.001513,3.443000,4,0,6000.0000,-1000.0000,90.0000,12.3592,1,2.0,100.00,0.0,0.0,0.0,0.0
1282,12.022796,10.077942,3.467000,4,0,6000.0000,-1000.0000,90.0000,12.4852,1,2.0,100.00,0.0,0.0,0.0,0.0
1283,12.213219,12.033726,3.442000,4,0,6000.0000,-1000.0000,90.0000,12.6356,1,2.0,100.00,0.0,0.0,0.0,0.0
1284,11.430152,12.182939,3.448000,4,0,6000.0000,-1000.0000,90.0000,12.7879,1,2.0,100.00,0.0,0.0,0.0,0.0
1285,12.325223,11.475834,3.440000,4,0,6000.0000,-1000.0000,90.0000,12.9313,1,2.0,100.00,0.0,0.0,0.0,0.0
1286,10.599583,12.275060,3.500000,4,0,6000.0000,-1000.0000,90.0000,13.0848,1,2.0,100.00,0.0,0.0,0.0,0.0
1287,11.206658,10.649486,3.402000,4,0,6000.0000,-1000.0000,90.0000,13.2179,1,2.0,100.00,0.0,0.0,0.0,0.0
1288,13.480778,12.115687,3.404000,4,0,6000.0000,-1000.0000,90.0000,13.3693,1,2.0,100.00,0.0,0.0,0.0,0.0
1289,12.278291,12.544666,3.522000,4,0,6000.0000,-1000.0000,90.0000,13.5261,1,2.0,100.00,0.0,0.0,0.0,0.0
1290,11.658747,12.172269,3.530000,4,0,6000.0000,-1000.0000,90.0000,13.6783,1,2.0,100.00,0.0,0.0,0.0,0.0
1291,11.411292,11.698039,3.435000,4,0,6000.0000,-1000.0000,90.0000,13.8245,1,2.0,100.00,0.0,0.0,0.0,0.0
1292,11.559226,11.424151,3.418000,4,0,6000.0000,-1000.0000,90.0000,13.9673,1,2.0,100.00,0.0,0.0,0.0,0.0
1293,12.002795,11.538306,3.491000,4,0,6000.0000,-1000.0000,90.0000,14.1115,1,2.0,100.00,0.0,0.0,0.0,0.0
1294,11.685878,12.145738,3.476000,4,0,6000.0000,-1000.0000,90.0000,14.2634,1,2.0,100.00,0.0,0.0,0.0,0.0
1295,11.480163,11.617746,3.515000,4,0,6000.0000,-1000.0000,90.0000,14.4086,1,2.0,100.00,0.0,0.0,0.0,0.0
1296,11.632227,11.470033,3.392000,4,0,6000.0000,-1000.0000,90.0000,14.5520,1,2.0,100.00,0.0,0.0,0.0,0.0
1297,11.180627,11.627147,3.381000,4,0,6000.0000,-1000.0000,90.0000,14.6973,1,2.0,100.00,0.0,0.0,0.0,0.0
1298,11.752079,11.178217,3.448000,4,0,6000.0000,-1000.0000,90.0000,14.8370,1,2.0,100.00,0.0,0.0,0.0,0.0
1299,11.522154,11.748430,3.490000,4,0,6000.0000,-1000.0000,90.0000,14.9839,1,2.0,100.00,0.0,0.0,0.0,0.0
1300,11.562416,11.521053,3.504000,4,0,6000.0000,-1000.0000,90.0000,15.1279,1,2.0,100.00,0.0,0.0,0.0,0.0
1301,11.595865,11.564506,3.450000,4,0,6000.0000,-1000.0000,90.0000,15.2725,1,2.0,100.00,0.0,0.0,0.0,0.0
1302,78.681758,11.629056,3.363000,4,0,6000.0000,-1000.0000,90.0000,15.4178,1,2.0,100.00,0.0,0.0,0.0,0.0
1303,13.396165,78.755589,3.481000,4,0,6000.0000,-1000.0000,90.0000,16.4023,1,2.0,100.00,0.0,0.0,0.0,0.0
1304,14.341267,13.354816,3.456000,4,0,6000.0000,-1000.0000,90.0000,16.5692,1,2.0,100.00,0.0,0.0,0.0,0.0
1305,13.356425,14.277885,3.570000,4,0,6000.0000,-1000.0000,90.0000,16.7477,1,2.0,100.00,0.0,0.0,0.0,0.0
1306,13.670162,13.367724,3.406000,4,0,6000.0000,-1000.0000,90.0000,16.9148,1,2.0,100.00,0.0,0.0,0.0,0.0
1307,12.801722,13.662072,3.576000,4,0,6000.0000,-1000.0000,90.0000,17.0855,1,2.0,100.00,0.0,0.0,0.0,0.0
1308,12.988507,12.805603,3.498000,4,0,6000.0000,-1000.0000,90.0000,17.2456,1,2.0,100.00,0.0,0.0,0.0,0.0
1309,13.838055,12.992507,3.474000,4,0,6000.0000,-1000.0000,90.0000,17.4080,1,2.0,100.00,0.0,0.0,0.0,0.0
1310,12.261051,13.850425,3.439000,4,0,6000.0000,-1000.0000,90.0000,17.5812,1,2.0,100.00,0.0,0.0,0.0,0.0
1311,13.355445,12.253271,3.480000,4,0,6000.0000,-1000.0000,90.0000,17.7343,1,2.0,100.00,0.0,0.0,0.0,0.0
1312,10.079523,13.353515,3.413000,4,0,6000.0000,-1000.0000,90.0000,17.9012,1,2.0,100.00,0.0,0.0,0.0,0.0
1313,10.994952,10.062932,3.491000,4,0,6000.0000,-1000.0000,90.0000,18.0270,1,2.0,100.00,0.0,0.0,0.0,0.0
1314,12.562407,11.026633,3.491000,4,0,6000.0000,-1000.0000,90.0000,18.1649,1,2.0,100.00,0.0,0.0,0.0,0.0
1315,13.920408,12.582579,3.376000,4,0,6000.0000,-1000.0000,90.0000,18.3221,1,2.0,100.00,0.0,0.0,0.0,0.0
1316,13.768204,13.872646,3.435000,4,0,6000.0000,-1000.0000,90.0000,18.4955,1,2.0,100.00,0.0,0.0,0.0,0.0
1317,13.518039,13.808984,3.413000,4,0,6000.0000,-1000.0000,90.0000,18.6682,1,2.0,100.00,0.0,0.0,0.0,0.0
1318,13.376255,13.481778,3.375000,4,0,6000.0000,-1000.0000,90.0000,18.8367,1,2.0,100.00,0.0,0.0,0.0,0.0
1319,12.772252,13.378235,3.446000,4,0,6000.0000,-1000.0000,90.0000,19.0039,1,2.0,100.00,0.0,0.0,0.0,0.0
1320,12.672989,12.763132,3.411000,4,0,6000.0000,-1000.0000,90.0000,19.1634,1,2.0,100.00,0.0,0.0,0.0,0.0
1321,12.684090,12.726401,3.458000,4,0,6000.0000,-1000.0000,90.0000,19.3225,1,2.0,100.00,0.0,0.0,0.0,0.0
1322,11.287919,12.661189,3.412000,4,0,6000.0000,-1000.0000,90.0000,19.4808,1,2.0,100.00,0.0,0.0,0.0,0.0
1323,12.968147,11.302720,3.501000,4,0,6000.0000,-1000.0000,90.0000,19.6221,1,2.0,100.00,0.0,0.0,0.0,0.0
1324,13.223992,12.958647,3.446000,4,0,6000.0000,-1000.0000,90.0000,19.7841,1,2.0,100.00,0.0,0.0,0.0,0.0
1325,13.541219,13.213471,3.389000,4,0,6000.0000,-1000.0000,90.0000,19.9492,1,2.0,100.00,0.0,0.0,0.0,0.0
1326,13.486088,13.557569,3.498000,4,0,6000.0000,-1000.0000,90.0000,20.1187,1,2.0,100.00,0.0,0.0,0.0,0.0
1327,12.472855,13.449027,3.538000,4,0,6000.0000,-1000.0000,90.0000,20.2868,1,2.0,100.00,0.0,0.0,0.0,0.0
1328,12.692170,12.508316,3.379000,4,0,6000.0000,-1000.0000,90.0000,20.4432,1,2.0,100.00,0.0,0.0,0.0,0.0
1329,12.557067,12.658520,3.512000,4,0,6000.0000,-1000.0000,90.0000,20.6014,1,2.0,100.00,0.0,0.0,0.0,0.0
1330,12.372884,12.560468,3.458000,4,0,6000.0000,-1000.0000,90.0000,20.7584,1,2.0,100.00,0.0,0.0,0.0,0.0
1331,12.586327,12.367512,3.404000,4,0,6000.0000,-1000.0000,90.0000,20.9130,1,2.0,100.00,0.0,0.0,0.0,0.0
1332,13.192741,12.625499,3.512000,4,0,6000.0000,-1000.0000,90.0000,21.0708,1,2.0,100.00,0.0,0.0,0.0,0.0
1333,12.854454,13.156721,3.441000,4,0,6000.0000,-1000.0000,90.0000,21.2353,1,2.0,100.00,0.0,0.0,0.0,0.0
1334,11.848542,12.874974,3.453000,4,0,6000.0000,-1000.0000,90.0000,21.3962,1,2.0,100.00,0.0,0.0,0.0,0.0
1335,12.003115,11.836620,3.462000,4,0,6000.0000,-1000.0000,90.0000,21.5442,1,2.0,100.00,0.0,0.0,0.0,0.0
1336,11.815681,12.015986,3.396000,4,0,6000.0000,-1000.0000,90.0000,21.6944,1,2.0,100.00,0.0,0.0,0.0,0.0
1337,11.627607,11.826901,3.472000,4,0,6000.0000,-1000.0000,90.0000,21.8422,1,2.0,100.00,0.0,0.0,0.0,0.0
1338,11.774229,11.589266,3.425000,4,0,6000.0000,-1000.0000,90.0000,21.9871,1,2.0,100.00,0.0,0.0,0.0,0.0
1339,12.362634,11.780081,3.581000,4,0,6000.0000,-1000.0000,90.0000,22.1343,1,2.0,100.00,0.0,0.0,0.0,0.0
1340,12.686859,12.355322,3.541000,4,0,6000.0000,-1000.0000,90.0000,22.2888,1,2.0,100.00,0.0,0.0,0.0,0.0
1341,11.827421,12.877804,3.626000,4,0,6000.0000,-1000.0000,90.0000,22.4497,1,2.0,100.00,0.0,0.0,0.0,0.0
1342,12.763382,11.666787,3.536000,4,0,6000.0000,-1000.0000,90.0000,22.5956,1,2.0,100.00,0.0,0.0,0.0,0.0
1343,11.971015,12.809743,3.593000,4,0,6000.0000,-1000.0000,90.0000,22.7557,1,2.0,100.00,0.0,0.0,0.0,0.0
1344,13.355654,12.040836,3.550000,4,0,6000.0000,-1000.0000,90.0000,22.9062,1,2.0,100.00,0.0,0.0,0.0,0.0
1345,11.062494,13.357116,3.520000,4,0,6000.0000,-1000.0000,90.0000,23.0732,1,2.0,100.00,0.0,0.0,0.0,0.0
1346,11.525155,10.999862,3.411000,4,0,6000.0000,-1000.0000,90.0000,23.2107,1,2.0,100.00,0.0,0.0,0.0,0.0
1347,11.567355,11.576096,3.444000,4,0,6000.0000,-1000.0000,90.0000,23.3554,1,2.0,100.00,0.0,0.0,0.0,0.0
1348,11.056845,11.546465,3.486000,4,0,6000.0000,-1000.0000,90.0000,23.4997,1,2.0,100.00,0.0,0.0,0.0,0.0
1349,11.486223,10.985812,3.511000,4,0,6000.0000,-1000.0000,90.0000,23.6370,1,2.0,100.00,0.0,0.0,0.0,0.0
1350,11.932214,11.616166,3.410000,4,0,6000.0000,-1000.0000,90.0000,23.7822,1,2.0,100.00,0.0,0.0,0.0,0.0
1351,11.946204,11.897573,3.420000,4,0,6000.0000,-1000.0000,90.0000,23.9309,1,2.0,100.00,0.0,0.0,0.0,0.0
1352,11.715609,11.978024,3.477000,4,0,6000.0000,-1000.0000,90.0000,24.0807,1,2.0,100.00,0.0,0.0,0.0,0.0
1353,11.950643,11.599647,3.423000,4,0,6000.0000,-1000.0000,90.0000,24.2257,1,2.0,100.00,0.0,0.0,0.0,0.0
1354,11.435943,11.904963,3.386000,4,0,6000.0000,-1000.0000,90.0000,24.3745,1,2.0,100.00,0.0,0.0,0.0,0.0
1355,11.798830,11.646596,3.434000,4,0,6000.0000,-1000.0000,90.0000,24.5201,1,2.0,100.00,0.0,0.0,0.0,0.0
1356,12.216290,11.667148,3.428000,4,0,6000.0000,-1000.0000,90.0000,24.6659,1,2.0,100.00,0.0,0.0,0.0,0.0
1357,12.190039,12.328482,3.530000,4,0,6000.0000,-1000.0000,90.0000,24.8200,1,2.0,100.00,0.0,0.0,0.0,0.0
1358,11.125215,12.143498,3.449000,4,0,6000.0000,-1000.0000,90.0000,24.9718,1,2.0,100.00,0.0,0.0,0.0,0.0
1359,11.525445,11.201148,3.465000,5,0,6000.0000,-1000.0000,90.0000,-25.0000,1,2.0,100.00,0.0,0.0,0.0,0.0
1360,12.024116,11.719708,3.421000,5,0,6000.0000,-1000.0000,90.0000,-25.0000,1,2.0,100.00,0.0,0.0,0.0,0.0
1361,12.725121,12.000885,3.395000,5,0,6000.0000,-1000.0000,90.0000,-25.0000,1,2.0,100.00,0.0,0.0,0.0,0.0
1362,11.742828,12.433825,3.486000,5,0,6000.0000,-1000.0000,90.0000,-25.0000,1,2.0,100.00,0.0,0.0,0.0,0.0
1363,12.370554,11.659587,3.632000,5,0,6000.0000,-1000.0000,90.0000,-25.0000,1,2.0,100.00,0.0,0.0,0.0,0.0
1364,11.774969,12.387904,3.654000,5,0,6000.0000,-1000.0000,90.0000,-25.0000,1,2.0,100.00,0.0,0.0,0.0,0.0
1365,11.806221,11.804211,3.475000,5,0,6000.0000,-1000.0000,90.0000,-25.0000,1,2.0,100.00,0.0,0.0,0.0,0.0
1366,11.955664,11.785719,3.331000,5,0,6000.0000,-1000.0000,90.0000,-25.0000,1,2.0,100.00,0.0,0.0,0.0,0.0
1367,11.807761,12.053347,3.414000,5,0,6000.0000,-1000.0000,90.0000,-25.0000,1,2.0,100.00,0.0,0.0,0.0,0.0
1368,11.357490,11.743569,3.368000,5,0,6000.0000,-1000.0000,90.0000,-25.0000,1,2.0,100.00,0.0,0.0,0.0,0.0
1369,11.623017,11.410682,3.330000,5,0,6000.0000,-1000.0000,90.0000,-25.0000,1,2.0,100.00,0.0,0.0,0.0,0.0
1370,11.716319,11.695908,3.435000,5,0,6000.0000,-1000.0000,90.0000,-25.0000,1,2.0,100.00,0.0,0.0,0.0,0.0
1371,11.913833,11.580666,3.398000,5,0,6000.0000,-1000.0000,90.0000,-25.0000,1,2.0,100.00,0.0,0.0,0.0,0.0
1372,11.668257,11.850072,3.465000,5,0,6000.0000,-1000.0000,90.0000,-25.0000,1,2.0,100.00,0.0,0.0,0.0,0.0
1373,12.214130,11.663387,3.415000,5,0,6000.0000,-1000.0000,90.0000,-25.0000,1,2.0,100.00,0.0,0.0,0.0,0.0
1374,12.006315,12.215540,3.405000,5,0,6000.0000,-1000.0000,90.0000,-25.0000,1,2.0,100.00,0.0,0.0,0.0,0.0
1375,12.043326,11.998525,3.376000,5,0,6000.0000,-1000.0000,90.0000,-25.0000,1,2.0,100.00,0.0,0.0,0.0,0.0
1376,10.416440,12.054956,3.499000,5,0,6000.0000,-1000.0000,90.0000,-25.0000,1,2.0,100.00,0.0,0.0,0.0,0.0
1377,10.386099,10.451830,3.357000,5,0,6000.0000,-1000.0000,90.0000,-25.0000,1,2.0,100.00,0.0,0.0,0.0,0.0
1378,10.122293,10.345748,3.432000,5,0,6000.0000,-1000.0000,90.0000,-25.0000,1,2.0,100.00,0.0,0.0,0.0,0.0
1379,9.750066,10.104034,3.432000,5,0,6000.0000,-1000.0000,90.0000,-25.0000,1,2.0,100.00,0.0,0.0,0.0,0.0
1380,11.354930,9.723074,3.401000,5,0,6000.0000,-1000.0000,90.0000,-25.0000,1,2.0,100.00,0.0,0.0,0.0,0.0
1381,9.044001,11.339351,3.401000,5,0,6000.0000,-1000.0000,90.0000,-25.0000,1,2.0,100.00,0.0,0.0,0.0,0.0
1382,10.344518,9.043370,3.448000,5,0,6000.0000,-1000.0000,90.0000,-25.0000,1,2.0,100.00,0.0,0.0,0.0,0.0
1383,10.617634,10.362618,3.324000,5,0,6000.0000,-1000.0000,90.0000,-25.0000,1,2.0,100.00,0.0,0.0,0.0,0.0
1384,10.585834,10.588485,3.348000,5,0,6000.0000,-1000.0000,90.0000,-25.0000,1,2.0,100.00,0.0,0.0,0.0,0.0
1385,9.682764,10.580663,3.359000,5,0,6000.0000,-1000.0000,90.0000,-25.0000,1,2.0,100.00,0.0,0.0,0.0,0.0
1386,10.221225,9.678534,3.393000,5,0,6000.0000,-1000.0000,90.0000,-25.0000,1,2.0,100.00,0.0,0.0,0.0,0.0
1387,10.094223,10.419219,3.349000,5,0,6000.0000,-1000.0000,90.0000,-25.0000,1,2.0,100.00,0.0,0.0,0.0,0.0
1388,12.555978,10.066522,3.474000,5,0,6000.0000,-1000.0000,90.0000,-25.0000,1,2.0,100.00,0.0,0.0,0.0,0.0
1389,10.985692,12.490757,3.433000,5,0,6000.0000,-1000.0000,90.0000,-25.0000,1,2.0,100.00,0.0,0.0,0.0,0.0
1390,11.202497,11.024263,3.410000,5,0,6000.0000,-1000.0000,90.0000,-25.0000,1,2.0,100.00,0.0,0.0,0.0,0.0
1391,12.910935,11.189847,3.422000,5,0,6000.0000,-1000.0000,90.0000,-25.0000,1,2.0,100.00,0.0,0.0,0.0,0.0
1392,11.687158,12.868054,3.470000,5,0,6000.0000,-1000.0000,90.0000,-25.0000,1,2.0,100.00,0.0,0.0,0.0,0.0
1393,11.812791,11.683848,3.443000,5,0,6000.0000,-1000.0000,90.0000,-25.0000,1,2.0,100.00,0.0,0.0,0.0,0.0
1394,10.990542,11.803180,3.465000,5,0,6000.0000,-1000.0000,90.0000,-25.0000,1,2.0,100.00,0.0,0.0,0.0,0.0
1395,11.330730,10.994773,3.333000,5,0,6000.0000,-1000.0000,90.0000,-25.0000,1,2.0,100.00,0.0,0.0,0.0,0.0
1396,9.807607,11.556395,3.411000,5,0,6000.0000,-1000.0000,90.0000,-25.0000,1,2.0,100.00,0.0,0.0,0.0,0.0
1397,9.954040,9.614863,3.421000,5,0,6000.0000,-1000.0000,90.0000,-25.0000,1,2.0,100.00,0.0,0.0,0.0,0.0
1398,11.443933,9.948389,3.469000,5,0,6000.0000,-1000.0000,90.0000,-25.0000,1,2.0,100.00,0.0,0.0,0.0,0.0
1399,8.968468,11.475724,3.469000,5,0,6000.0000,-1000.0000,90.0000,-25.0000,1,2.0,100.00,0.0,0.0,0.0,0.0
1400,10.661715,8.912946,3.532000,5,0,6000.0000,-1000.0000,90.0000,-25.0000,1,2.0,100.00,0.0,0.0,0.0,0.0
1401,9.185322,10.681237,3.532000,5,0,6000.0000,-1000.0000,90.0000,-25.0000,1,2.0,100.00,0.0,0.0,0.0,0.0
1402,9.524851,9.173252,3.469000,5,0,6000.0000,-1000.0000,90.0000,-25.0000,1,2.0,100.00,0.0,0.0,0.0,0.0
1403,9.372407,9.548580,3.370000,5,0,6000.0000,-1000.0000,90.0000,-25.0000,1,2.0,100.00,0.0,0.0,0.0,0.0
1404,9.790666,9.360917,3.510000,5,0,6000.0000,-1000.0000,90.0000,-25.0000,1,2.0,100.00,0.0,0.0,0.0,0.0
1405,9.436909,9.773336,3.422000,5,0,6000.0000,-1000.0000,90.0000,-25.0000,1,2.0,100.00,0.0,0.0,0.0,0.0
1406,9.273124,9.460399,3.414000,5,0,6000.0000,-1000.0000,90.0000,-25.0000,1,2.0,100.00,0.0,0.0,0.0,0.0
1407,10.129974,9.276994,3.423000,5,0,6000.0000,-1000.0000,90.0000,-25.0000,1,2.0,100.00,0.0,0.0,0.0,0.0
1408,11.177456,10.122474,3.505000,5,0,6000.0000,-1000.0000,90.0000,-25.0000,1,2.0,100.00,0.0,0.0,0.0,0.0
1409,9.548142,11.171316,3.330000,5,0,6000.0000,-1000.0000,90.0000,-25.0000,1,2.0,100.00,0.0,0.0,0.0,0.0
1410,12.742320,9.575192,3.357000,5,0,6000.0000,-1000.0000,90.0000,-25.0000,1,2.0,100.00,0.0,0.0,0.0,0.0
1411,10.693027,12.778282,3.397000,5,0,6000.0000,-1000.0000,90.0000,-25.0000,1,2.0,100.00,0.0,0.0,0.0,0.0
1412,11.825831,10.630394,3.579000,5,0,6000.0000,-1000.0000,90.0000,-25.0000,1,2.0,100.00,0.0,0.0,0.0,0.0
1413,12.836723,11.840722,3.364000,5,0,6000.0000,-1000.0000,90.0000,-25.0000,1,2.0,100.00,0.0,0.0,0.0,0.0
1414,12.526536,12.909965,3.372000,5,0,6000.0000,-1000.0000,90.0000,-25.0000,1,2.0,100.00,0.0,0.0,0.0,0.0
1415,12.410405,12.449996,3.293000,5,0,6000.0000,-1000.0000,90.0000,-25.0000,1,2.0,100.00,0.0,0.0,0.0,0.0
1416,11.057074,12.439624,3.366000,5,0,6000.0000,-1000.0000,90.0000,-25.0000,1,2.0,100.00,0.0,0.0,0.0,0.0
1417,10.413680,11.053594,3.445000,5,0,6000.0000,-1000.0000,90.0000,-25.0000,1,2.0,100.00,0.0,0.0,0.0,0.0
1418,11.720569,10.383509,3.461000,5,0,6000.0000,-1000.0000,90.0000,-25.0000,1,2.0,100.00,0.0,0.0,0.0,0.0
1419,11.848941,11.721519,3.436000,5,0,6000.0000,-1000.0000,90.0000,-25.0000,1,2.0,100.00,0.0,0.0,0.0,0.0
1420,11.138786,11.894632,3.434000,5,0,6000.0000,-1000.0000,90.0000,-25.0000,1,2.0,100.00,0.0,0.0,0.0,0.0
1421,11.563435,11.096725,3.427000,5,0,6000.0000,-1000.0000,90.0000,-25.0000,1,2.0,100.00,0.0,0.0,0.0,0.0
1422,10.826089,11.556946,3.455000,5,0,6000.0000,-1000.0000,90.0000,-25.0000,1,2.0,100.00,0.0,0.0,0.0,0.0
1423,12.464296,10.772867,3.359000,5,0,6000.0000,-1000.0000,90.0000,-25.0000,1,2.0,100.00,0.0,0.0,0.0,0.0
1424,11.234938,12.417424,3.514000,5,0,6000.0000,-1000.0000,90.0000,-25.0000,1,2.0,100.00,0.0,0.0,0.0,0.0
1425,11.499283,11.199318,3.419000,5,0,6000.0000,-1000.0000,90.0000,-25.0000,1,2.0,100.00,0.0,0.0,0.0,0.0
1426,10.992333,11.497664,3.351000,5,0,6000.0000,-1000.0000,90.0000,-25.0000,1,2.0,100.00,0.0,0.0,0.0,0.0
1427,11.720249,10.990023,3.423000,5,0,6000.0000,-1000.0000,90.0000,-25.0000,1,2.0,100.00,0.0,0.0,0.0,0.0
1428,11.009293,11.735738,3.498000,5,0,6000.0000,-1000.0000,90.0000,-25.0000,1,2.0,100.00,0.0,0.0,0.0,0.0
1429,10.458061,11.003563,3.371000,5,0,6000.0000,-1000.0000,90.0000,-25.0000,1,2.0,100.00,0.0,0.0,0.0,0.0
1430,11.051244,10.455781,3.358000,5,0,6000.0000,-1000.0000,90.0000,-25.0000,1,2.0,100.00,0.0,0.0,0.0,0.0
1431,11.772349,11.049234,3.365000,5,0,6000.0000,-1000.0000,90.0000,-25.0000,1,2.0,100.00,0.0,0.0,0.0,0.0
1432,10.157715,11.984865,3.429000,5,0,6000.0000,-1000.0000,90.0000,-25.0000,1,2.0,100.00,0.0,0.0,0.0,0.0
1433,10.865879,10.171184,3.406000,5,0,6000.0000,-1000.0000,90.0000,-25.0000,1,2.0,100.00,0.0,0.0,0.0,0.0
1434,10.025812,10.786229,3.394000,5,0,6000.0000,-1000.0000,90.0000,-25.0000,1,2.0,100.00,0.0,0.0,0.0,0.0
1435,10.483492,10.044601,3.345000,5,0,6000.0000,-1000.0000,90.0000,-25.0000,1,2.0,100.00,0.0,0.0,0.0,0.0
1436,10.478920,10.494741,3.485000,5,0,6000.0000,-1000.0000,90.0000,-25.0000,1,2.0,100.00,0.0,0.0,0.0,0.0
1437,8.735434,10.534963,3.394000,5,0,6000.0000,-1000.0000,90.0000,-25.0000,1,2.0,100.00,0.0,0.0,0.0,0.0
1438,9.304925,8.677561,3.482000,5,0,6000.0000,-1000.0000,90.0000,-25.0000,1,2.0,100.00,0.0,0.0,0.0,0.0
1439,10.240106,9.315967,3.391000,5,0,6000.0000,-1000.0000,90.0000,-25.0000,1,2.0,100.00,0.0,0.0,0.0,0.0
1440,14.779356,10.204695,3.389000,5,0,6000.0000,-1000.0000,90.0000,-25.0000,1,2.0,100.00,0.0,0.0,0.0,0.0
1441,13.334755,14.879498,3.445000,5,0,6000.0000,-1000.0000,90.0000,-25.0000,1,2.0,100.00,0.0,0.0,0.0,0.0
1442,11.549795,13.244033,3.411000,5,0,6000.0000,-1000.0000,90.0000,-25.0000,1,2.0,100.00,0.0,0.0,0.0,0.0
1443,10.713056,11.517384,3.426000,5,0,6000.0000,-1000.0000,90.0000,-25.0000,1,2.0,100.00,0.0,0.0,0.0,0.0
1444,10.463671,10.708966,3.427000,5,0,6000.0000,-1000.0000,90.0000,-25.0000,1,2.0,100.00,0.0,0.0,0.0,0.0
1445,10.516523,10.462172,3.341000,5,0,6000.0000,-1000.0000,90.0000,-25.0000,1,2.0,100.00,0.0,0.0,0.0,0.0
1446,9.281094,10.501531,3.323000,5,0,6000.0000,-1000.0000,90.0000,-25.0000,1,2.0,100.00,0.0,0.0,0.0,0.0
1447,12.158238,9.306316,3.383000,5,0,6000.0000,-1000.0000,90.0000,-25.0000,1,2.0,100.00,0.0,0.0,0.0,0.0
1448,12.094718,12.138098,3.439000,5,0,6000.0000,-1000.0000,90.0000,-25.0000,1,2.0,100.00,0.0,0.0,0.0,0.0
1449,12.456595,12.143868,3.324000,5,0,6000.0000,-1000.0000,90.0000,-25.0000,1,2.0,100.00,0.0,0.0,0.0,0.0
1450,11.940244,12.410863,3.373000,5,0,6000.0000,-1000.0000,90.0000,-25.0000,1,2.0,100.00,0.0,0.0,0.0,0.0
1451,11.081154,11.944994,3.489000,5,0,6000.0000,-1000.0000,90.0000,-25.0000,1,2.0,100.00,0.0,0.0,0.0,0.0
1452,10.376529,11.071514,3.464000,5,0,6000.0000,-1000.0000,90.0000,-25.0000,1,2.0,100.00,0.0,0.0,0.0,0.0
1453,11.933333,10.371790,3.381000,5,0,6000.0000,-1000.0000,90.0000,-25.0000,1,2.0,100.00,0.0,0.0,0.0,0.0
1454,10.652306,11.922822,3.461000,5,0,6000.0000,-1000.0000,90.0000,-25.0000,1,2.0,100.00,0.0,0.0,0.0,0.0
1455,9.889288,10.646096,3.442000,5,0,6000.0000,-1000.0000,90.0000,-25.0000,1,2.0,100.00,0.0,0.0,0.0,0.0
1456,10.265807,9.895168,3.442000,5,0,6000.0000,-1000.0000,90.0000,-25.0000,1,2.0,100.00,0.0,0.0,0.0,0.0
1457,9.688374,10.269047,3.489000,5,0,6000.0000,-1000.0000,90.0000,-25.0000,1,2.0,100.00,0.0,0.0,0.0,0.0
1458,9.032949,9.685494,3.520000,5,0,6000.0000,-1000.0000,90.0000,-25.0000,1,2.0,100.00,0.0,0.0,0.0,0.0
1459,8.931498,9.037419,3.439000,5,0,6000.0000,-1000.0000,90.0000,-25.0000,1,2.0,100.00,0.0,0.0,0.0,0.0
1460,9.488098,8.923338,3.472000,5,0,6000.0000,-1000.0000,90.0000,-25.0000,1,2.0,100.00,0.0,0.0,0.0,0.0
1461,9.279536,9.519989,3.511000,5,0,6000.0000,-1000.0000,90.0000,-25.0000,1,2.0,100.00,0.0,0.0,0.0,0.0
1462,9.213493,9.290736,3.542000,5,0,6000.0000,-1000.0000,90.0000,-25.0000,1,2.0,100.00,0.0,0.0,0.0,0.0
1463,9.535980,9.170432,3.430000,5,0,6000.0000,-1000.0000,90.0000,-25.0000,1,2.0,100.00,0.0,0.0,0.0,0.0
1464,9.177083,9.550221,3.332000,5,0,6000.0000,-1000.0000,90.0000,-25.0000,1,2.0,100.00,0.0,0.0,0.0,0.0
1465,11.503504,9.181753,3.348000,5,0,6000.0000,-1000.0000,90.0000,-25.0000,1,2.0,100.00,0.0,0.0,0.0,0.0
1466,12.252170,11.548645,3.403000,5,0,6000.0000,-1000.0000,90.0000,-25.0000,1,2.0,100.00,0.0,0.0,0.0,0.0
1467,11.821602,12.348683,3.415000,5,0,6000.0000,-1000.0000,90.0000,-25.0000,1,2.0,100.00,0.0,0.0,0.0,0.0
1468,10.958862,11.725148,3.467000,5,0,6000.0000,-1000.0000,90.0000,-25.0000,1,2.0,100.00,0.0,0.0,0.0,0.0
1469,10.939861,10.965782,3.336000,5,0,6000.0000,-1000.0000,90.0000,-25.0000,1,2.0,100.00,0.0,0.0,0.0,0.0
1470,11.074825,10.898921,3.392000,5,0,6000.0000,-1000.0000,90.0000,-25.0000,1,2.0,100.00,0.0,0.0,0.0,0.0
1471,12.764982,11.140826,3.382000,5,0,6000.0000,-1000.0000,90.0000,-25.0000,1,2.0,100.00,0.0,0.0,0.0,0.0
1472,12.375202,12.636989,3.439000,5,0,6000.0000,-1000.0000,90.0000,-25.0000,1,2.0,100.00,0.0,0.0,0.0,0.0
1473,13.036678,12.370243,3.435000,5,0,6000.0000,-1000.0000,90.0000,-25.0000,1,2.0,100.00,0.0,0.0,0.0,0.0
1474,14.026560,13.034427,3.431000,5,0,6000.0000,-1000.0000,90.0000,-25.0000,1,2.0,100.00,0.0,0.0,0.0,0.0
1475,12.208219,14.028920,3.387000,5,0,6000.0000,-1000.0000,90.0000,-25.0000,1,2.0,100.00,0.0,0.0,0.0,0.0
1476,10.962132,12.205629,3.492000,5,0,6000.0000,-1000.0000,90.0000,-25.0000,1,2.0,100.00,0.0,0.0,0.0,0.0
1477,11.471554,11.069356,3.337000,5,0,6000.0000,-1000.0000,90.0000,-25.0000,1,2.0,100.00,0.0,0.0,0.0,0.0
1478,12.521256,11.525413,3.428000,5,0,6000.0000,-1000.0000,90.0000,-25.0000,1,2.0,100.00,0.0,0.0,0.0,0.0
1479,11.022613,12.434645,3.443000,5,0,6000.0000,-1000.0000,90.0000,-25.0000,1,2.0,100.00,0.0,0.0,0.0,0.0
1480,11.214588,11.013134,3.376000,5,0,6000.0000,-1000.0000,90.0000,-25.0000,1,2.0,100.00,0.0,0.0,0.0,0.0
1481,11.633627,11.255718,3.374000,5,0,6000.0000,-1000.0000,90.0000,-25.0000,1,2.0,100.00,0.0,0.0,0.0,0.0
1482,11.298559,11.590825,3.378000,5,0,6000.0000,-1000.0000,90.0000,-25.0000,1,2.0,100.00,0.0,0.0,0.0,0.0
1483,12.344463,11.357392,3.341000,5,0,6000.0000,-1000.0000,90.0000,-25.0000,1,2.0,100.00,0.0,0.0,0.0,0.0
1484,12.276271,12.287391,3.440000,5,0,6000.0000,-1000.0000,90.0000,-25.0000,1,2.0,100.00,0.0,0.0,0.0,0.0
1485,12.139778,12.251510,3.465000,5,0,6000.0000,-1000.0000,90.0000,-25.0000,1,2.0,100.00,0.0,0.0,0.0,0.0
1486,12.003305,12.147228,3.411000,5,0,6000.0000,-1000.0000,90.0000,-25.0000,1,2.0,100.00,0.0,0.0,0.0,0.0
1487,12.659219,12.017355,3.434000,5,0,6000.0000,-1000.0000,90.0000,-25.0000,1,2.0,100.00,0.0,0.0,0.0,0.0
1488,10.431240,12.646840,3.434000,5,0,6000.0000,-1000.0000,90.0000,-25.0000,1,2.0,100.00,0.0,0.0,0.0,0.0
1489,11.781871,10.429049,3.423000,5,0,6000.0000,-1000.0000,90.0000,-25.0000,1,2.0,100.00,0.0,0.0,0.0,0.0
1490,11.870192,11.782231,3.483000,5,0,6000.0000,-1000.0000,90.0000,-25.0000,1,2.0,100.00,0.0,0.0,0.0,0.0
1491,12.013785,11.870402,3.374000,5,0,6000.0000,-1000.0000,90.0000,-25.0000,1,2.0,100.00,0.0,0.0,0.0,0.0
1492,12.417884,12.037796,3.420000,5,0,6000.0000,-1000.0000,90.0000,-25.0000,1,2.0,100.00,0.0,0.0,0.0,0.0
1493,12.101557,12.404024,3.405000,5,0,6000.0000,-1000.0000,90.0000,-25.0000,1,2.0,100.00,0.0,0.0,0.0,0.0
1494,12.289592,12.140978,3.405000,5,0,6000.0000,-1000.0000,90.0000,-25.0000,1,2.0,100.00,0.0,0.0,0.0,0.0
1495,12.198039,12.259000,3.352000,5,0,6000.0000,-1000.0000,90.0000,-25.0000,1,2.0,100.00,0.0,0.0,0.0,0.0
1496,11.702369,12.220150,3.414000,5,0,6000.0000,-1000.0000,90.0000,-25.0000,1,2.0,100.00,0.0,0.0,0.0,0.0
1497,12.033465,11.675038,3.363000,5,0,6000.0000,-1000.0000,90.0000,-25.0000,1,2.0,100.00,0.0,0.0,0.0,0.0
1498,10.912811,12.231190,3.386000,5,0,6000.0000,-1000.0000,90.0000,-25.0000,1,2.0,100.00,0.0,0.0,0.0,0.0
1499,8.428066,10.755538,3.386000,5,0,6000.0000,-1000.0000,90.0000,-25.0000,1,2.0,100.00,0.0,0.0,0.0,0.0
1500,9.787776,8.414185,3.467000,5,0,6000.0000,-1000.0000,90.0000,-25.0000,1,2.0,100.00,0.0,0.0,0.0,0.0
1501,9.586331,9.772686,3.431000,5,0,6000.0000,-1000.0000,90.0000,-25.0000,1,2.0,100.00,0.0,0.0,0.0,0.0
1502,9.909429,9.639073,3.451000,5,0,6000.0000,-1000.0000,90.0000,-25.0000,1,2.0,100.00,0.0,0.0,0.0,0.0
1503,9.300586,9.876167,3.333000,5,0,6000.0000,-1000.0000,90.0000,-25.0000,1,2.0,100.00,0.0,0.0,0.0,0.0
1504,8.932476,9.312026,3.421000,5,0,6000.0000,-1000.0000,90.0000,-25.0000,1,2.0,100.00,0.0,0.0,0.0,0.0
1505,8.513279,9.102471,3.285000,5,0,6000.0000,-1000.0000,90.0000,-25.0000,1,2.0,100.00,0.0,0.0,0.0,0.0
1506,10.575964,8.390205,3.408000,5,0,6000.0000,-1000.0000,90.0000,-25.0000,1,2.0,100.00,0.0,0.0,0.0,0.0
1507,8.435645,10.506713,3.464000,5,0,6000.0000,-1000.0000,90.0000,-25.0000,1,2.0,100.00,0.0,0.0,0.0,0.0
1508,8.672842,8.442455,3.464000,5,0,6000.0000,-1000.0000,90.0000,-25.0000,1,2.0,100.00,0.0,0.0,0.0,0.0
1509,10.221156,8.692003,3.392000,5,0,6000.0000,-1000.0000,90.0000,-25.0000,1,2.0,100.00,0.0,0.0,0.0,0.0
1510,10.604463,10.227225,3.367000,5,0,6000.0000,-1000.0000,90.0000,-25.0000,1,2.0,100.00,0.0,0.0,0.0,0.0
1511,7.642139,10.635335,3.367000,5,0,6000.0000,-1000.0000,90.0000,-25.0000,1,2.0,100.00,0.0,0.0,0.0,0.0
1512,8.808315,7.581247,3.338000,5,0,6000.0000,-1000.0000,90.0000,-25.0000,1,2.0,100.00,0.0,0.0,0.0,0.0
1513,11.408131,8.801365,3.490000,5,0,6000.0000,-1000.0000,90.0000,-25.0000,1,2.0,100.00,0.0,0.0,0.0,0.0
1514,11.320941,11.475284,3.369000,5,0,6000.0000,-1000.0000,90.0000,-25.0000,1,2.0,100.00,0.0,0.0,0.0,0.0
1515,11.303699,11.287868,3.388000,5,0,6000.0000,-1000.0000,90.0000,-25.0000,1,2.0,100.00,0.0,0.0,0.0,0.0
1516,11.581706,11.279689,3.453000,5,0,6000.0000,-1000.0000,90.0000,-25.0000,1,2.0,100.00,0.0,0.0,0.0,0.0
1517,12.274521,11.573056,3.535000,5,0,6000.0000,-1000.0000,90.0000,-25.0000,1,2.0,100.00,0.0,0.0,0.0,0.0
1518,11.834511,12.281241,3.515000,5,0,6000.0000,-1000.0000,90.0000,-25.0000,1,2.0,100.00,0.0,0.0,0.0,0.0
1519,12.019516,11.825551,3.473000,5,0,6000.0000,-1000.0000,90.0000,-25.0000,1,2.0,100.00,0.0,0.0,0.0,0.0
1520,12.183799,12.052656,3.473000,5,0,6000.0000,-1000.0000,90.0000,-25.0000,1,2.0,100.00,0.0,0.0,0.0,0.0
1521,11.918543,12.156509,3.546000,5,0,6000.0000,-1000.0000,90.0000,-25.0000,1,2.0,100.00,0.0,0.0,0.0,0.0
1522,11.675527,11.930583,3.569000,5,0,6000.0000,-1000.0000,90.0000,-25.0000,1,2.0,100.00,0.0,0.0,0.0,0.0
1523,11.413192,11.693058,3.463000,5,0,6000.0000,-1000.0000,90.0000,-25.0000,1,2.0,100.00,0.0,0.0,0.0,0.0
1524,9.380437,11.370471,3.487000,5,0,6000.0000,-1000.0000,90.0000,-25.0000,1,2.0,100.00,0.0,0.0,0.0,0.0
1525,8.278073,9.456088,3.308000,5,0,6000.0000,-1000.0000,90.0000,-25.0000,1,2.0,100.00,0.0,0.0,0.0,0.0
1526,9.060501,8.219243,3.461000,5,0,6000.0000,-1000.0000,90.0000,-25.0000,1,2.0,100.00,0.0,0.0,0.0,0.0
1527,10.483251,9.071260,3.154000,5,0,6000.0000,-1000.0000,90.0000,-25.0000,1,2.0,100.00,0.0,0.0,0.0,0.0
1528,11.255308,10.546872,3.426000,5,0,6000.0000,-1000.0000,90.0000,-25.0000,1,2.0,100.00,0.0,0.0,0.0,0.0
1529,9.779216,11.319161,3.388000,5,0,6000.0000,-1000.0000,90.0000,-25.0000,1,2.0,100.00,0.0,0.0,0.0,0.0
1530,10.529413,9.688283,3.383000,5,0,6000.0000,-1000.0000,90.0000,-25.0000,1,2.0,100.00,0.0,0.0,0.0,0.0
1531,10.259996,10.505542,3.487000,5,0,6000.0000,-1000.0000,90.0000,-25.0000,1,2.0,100.00,0.0,0.0,0.0,0.0
1532,10.339508,10.248846,3.324000,5,0,6000.0000,-1000.0000,90.0000,-25.0000,1,2.0,100.00,0.0,0.0,0.0,0.0
1533,8.520839,10.300947,3.324000,5,0,6000.0000,-1000.0000,90.0000,-25.0000,1,2.0,100.00,0.0,0.0,0.0,0.0
1534,8.575128,8.516439,3.469000,5,0,6000.0000,-1000.0000,90.0000,-25.0000,1,2.0,100.00,0.0,0.0,0.0,0.0
1535,9.201733,8.623780,3.443000,5,0,6000.0000,-1000.0000,90.0000,-25.0000,1,2.0,100.00,0.0,0.0,0.0,0.0
1536,9.068820,9.238854,3.281000,5,0,6000.0000,-1000.0000,90.0000,-25.0000,1,2.0,100.00,0.0,0.0,0.0,0.0
1537,9.028661,9.016339,3.363000,5,0,6000.0000,-1000.0000,90.0000,-25.0000,1,2.0,100.00,0.0,0.0,0.0,0.0
1538,8.508197,9.012479,3.413000,5,0,6000.0000,-1000.0000,90.0000,-25.0000,1,2.0,100.00,0.0,0.0,0.0,0.0
1539,9.179432,8.479137,3.348000,5,0,6000.0000,-1000.0000,90.0000,-25.0000,1,2.0,100.00,0.0,0.0,0.0,0.0
1540,8.948048,9.265294,3.421000,5,0,6000.0000,-1000.0000,90.0000,-25.0000,1,2.0,100.00,0.0,0.0,0.0,0.0
1541,8.891487,8.868046,3.467000,5,0,6000.0000,-1000.0000,90.0000,-25.0000,1,2.0,100.00,0.0,0.0,0.0,0.0
1542,8.225701,8.892397,3.304000,5,0,6000.0000,-1000.0000,90.0000,-25.0000,1,2.0,100.00,0.0,0.0,0.0,0.0
1543,8.585050,8.284042,3.295000,5,0,6000.0000,-1000.0000,90.0000,-25.0000,1,2.0,100.00,0.0,0.0,0.0,0.0
1544,8.145660,8.524129,3.456000,6,0,6000.0000,-1000.0000,90.0000,-25.0000,1,2.0,100.00,0.0,0.0,0.0,0.0
1545,8.227831,8.141730,3.366000,6,1,6000.0000,-1000.0000,90.0000,-24.8982,1,2.0,100.00,0.0,0.0,0.0,0.0
1546,167.141340,8.312033,3.568000,6,0,6000.0000,-1000.0000,90.0000,-24.7943,1,2.0,100.00,0.0,0.0,0.0,0.0
1547,2.937515,167.168071,3.568000,6,1,6000.0000,-1000.0000,90.0000,-22.7047,1,2.0,100.00,0.0,0.0,0.0,0.0
1548,153.052798,2.760310,3.594000,6,0,6000.0000,-1000.0000,90.0000,-22.6702,1,2.0,100.00,0.0,0.0,0.0,0.0
1549,3.606080,153.182132,3.594000,6,1,6000.0000,-1000.0000,90.0000,-20.7554,1,2.0,100.00,0.0,0.0,0.0,0.0
1550,148.884337,3.452687,3.518000,6,0,6000.0000,-1000.0000,90.0000,-20.7123,1,2.0,100.00,0.0,0.0,0.0,0.0
1551,4.111471,149.061450,3.518000,6,1,6000.0000,-1000.0000,90.0000,-18.8490,1,2.0,100.00,0.0,0.0,0.0,0.0
1552,182.693852,3.935427,3.600000,6,0,6000.0000,-1000.0000,90.0000,-18.7998,1,2.0,100.00,0.0,0.0,0.0,0.0
1553,2.059466,182.754365,3.600000,6,1,6000.0000,-1000.0000,90.0000,-16.5154,1,2.0,100.00,0.0,0.0,0.0,0.0
1554,153.415637,1.976514,3.549000,6,0,6000.0000,-1000.0000,90.0000,-16.4907,1,2.0,100.00,0.0,0.0,0.0,0.0
1555,2.050716,153.534699,3.549000,6,1,6000.0000,-1000.0000,90.0000,-14.5715,1,2.0,100.00,0.0,0.0,0.0,0.0
1556,176.808553,1.931932,3.557000,6,0,6000.0000,-1000.0000,90.0000,-14.5474,1,2.0,100.00,0.0,0.0,0.0,0.0
1557,4.056760,176.955887,3.557000,6,1,6000.0000,-1000.0000,90.0000,-12.3354,1,2.0,100.00,0.0,0.0,0.0,0.0
1558,175.731828,3.951287,3.575000,6,0,6000.0000,-1000.0000,90.0000,-12.2860,1,2.0,100.00,0.0,0.0,0.0,0.0
1559,3.724523,175.888103,3.575000,6,1,6000.0000,-1000.0000,90.0000,-10.0874,1,2.0,100.00,0.0,0.0,0.0,0.0
1560,151.546876,3.598759,3.542000,6,0,6000.0000,-1000.0000,90.0000,-10.0424,1,2.0,100.00,0.0,0.0,0.0,0.0
1561,3.900215,151.618838,3.542000,6,1,6000.0000,-1000.0000,90.0000,-8.1472,1,2.0,100.00,0.0,0.0,0.0,0.0
1562,178.320717,3.795254,3.642000,6,0,6000.0000,-1000.0000,90.0000,-8.0998,1,2.0,100.00,0.0,0.0,0.0,0.0
1563,3.930077,178.488920,3.642000,6,1,6000.0000,-1000.0000,90.0000,-5.8686,1,2.0,100.00,0.0,0.0,0.0,0.0
1564,156.643508,3.783903,3.705000,6,0,6000.0000,-1000.0000,90.0000,-5.8213,1,2.0,100.00,0.0,0.0,0.0,0.0
1565,3.795664,156.719339,3.705000,6,1,6000.0000,-1000.0000,90.0000,-3.8624,1,2.0,100.00,0.0,0.0,0.0,0.0
1566,186.913776,3.684422,3.531000,6,0,6000.0000,-1000.0000,90.0000,-3.8163,1,2.0,100.00,0.0,0.0,0.0,0.0
1567,6.161886,187.112531,3.531000,6,1,6000.0000,-1000.0000,90.0000,-1.4774,1,2.0,100.00,0.0,0.0,0.0,0.0
1568,158.208192,5.996762,3.539000,6,0,6000.0000,-1000.0000,90.0000,-1.4024,1,2.0,100.00,0.0,0.0,0.0,0.0
1569,7.126108,158.233113,3.539000,6,1,6000.0000,-1000.0000,90.0000,0.5755,1,2.0,100.00,0.0,0.0,0.0,0.0
1570,186.709612,7.047955,3.642000,6,0,6000.0000,-1000.0000,90.0000,0.6636,1,2.0,100.00,0.0,0.0,0.0,0.0
1571,6.884622,186.862736,3.642000,6,1,6000.0000,-1000.0000,90.0000,2.9994,1,2.0,100.00,0.0,0.0,0.0,0.0
1572,155.220276,6.810370,3.514000,6,0,6000.0000,-1000.0000,90.0000,3.0845,1,2.0,100.00,0.0,0.0,0.0,0.0
1573,6.036133,155.281478,3.514000,6,1,6000.0000,-1000.0000,90.0000,5.0255,1,2.0,100.00,0.0,0.0,0.0,0.0
1574,179.265138,5.976882,3.546000,6,0,6000.0000,-1000.0000,90.0000,5.1002,1,2.0,100.00,0.0,0.0,0.0,0.0
1575,2.277690,179.295378,3.546000,6,1,6000.0000,-1000.0000,90.0000,7.3414,1,2.0,100.00,0.0,0.0,0.0,0.0
1576,160.386311,2.179129,3.711000,6,0,6000.0000,-1000.0000,90.0000,7.3687,1,2.0,100.00,0.0,0.0,0.0,0.0
1577,6.673587,160.450821,3.711000,6,1,6000.0000,-1000.0000,90.0000,9.3743,1,2.0,100.00,0.0,0.0,0.0,0.0
1578,156.752580,6.619217,3.753000,6,0,6000.0000,-1000.0000,90.0000,9.4570,1,2.0,100.00,0.0,0.0,0.0,0.0
1579,7.031885,156.892413,3.753000,6,1,6000.0000,-1000.0000,90.0000,11.4182,1,2.0,100.00,0.0,0.0,0.0,0.0
1580,158.021699,6.908952,3.725000,6,0,6000.0000,-1000.0000,90.0000,11.5045,1,2.0,100.00,0.0,0.0,0.0,0.0
1581,2.507826,158.167232,3.725000,6,1,6000.0000,-1000.0000,90.0000,13.4816,1,2.0,100.00,0.0,0.0,0.0,0.0
1582,189.548304,2.335162,3.538000,6,0,6000.0000,-1000.0000,90.0000,13.5108,1,2.0,100.00,0.0,0.0,0.0,0.0
1583,5.904970,189.645446,3.538000,6,1,6000.0000,-1000.0000,90.0000,15.8814,1,2.0,100.00,0.0,0.0,0.0,0.0
1584,155.923562,5.827289,3.559000,6,0,6000.0000,-1000.0000,90.0000,15.9542,1,2.0,100.00,0.0,0.0,0.0,0.0
1585,6.271368,155.955942,3.559000,6,1,6000.0000,-1000.0000,90.0000,17.9037,1,2.0,100.00,0.0,0.0,0.0,0.0
1586,157.071858,6.230168,3.640000,6,0,6000.0000,-1000.0000,90.0000,17.9816,1,2.0,100.00,0.0,0.0,0.0,0.0
1587,6.370201,157.167339,3.640000,6,1,6000.0000,-1000.0000,90.0000,19.9462,1,2.0,100.00,0.0,0.0,0.0,0.0
1588,155.839049,6.289290,3.578000,6,0,6000.0000,-1000.0000,90.0000,20.0248,1,2.0,100.00,0.0,0.0,0.0,0.0
1589,6.029983,155.890891,3.578000,6,1,6000.0000,-1000.0000,90.0000,21.9734,1,2.0,100.00,0.0,0.0,0.0,0.0
1590,153.969499,5.963901,3.593000,6,0,6000.0000,-1000.0000,90.0000,22.0480,1,2.0,100.00,0.0,0.0,0.0,0.0
1591,6.088065,154.059451,3.593000,6,1,6000.0000,-1000.0000,90.0000,23.9737,1,2.0,100.00,0.0,0.0,0.0,0.0
1592,185.253560,5.976612,3.551000,6,0,6000.0000,-1000.0000,90.0000,24.0484,1,2.0,100.00,0.0,0.0,0.0,0.0
1593,4.538210,185.321811,3.551000,6,1,6000.0000,-1000.0000,90.0000,25.0000,1,2.0,100.00,0.0,0.0,0.0,0.0
1594,151.582826,4.513770,3.575000,6,0,6000.0000,-1000.0000,90.0000,25.0000,1,2.0,100.00,0.0,0.0,0.0,0.0
1595,4.357846,151.658868,3.575000,6,1,6000.0000,-1000.0000,90.0000,25.0000,1,2.0,100.00,0.0,0.0,0.0,0.0
1596,153.539379,4.276724,3.627000,6,0,6000.0000,-1000.0000,90.0000,25.0000,1,2.0,100.00,0.0,0.0,0.0,0.0
1597,4.685714,153.575670,3.627000,6,1,6000.0000,-1000.0000,90.0000,25.0000,1,2.0,100.00,0.0,0.0,0.0,0.0
1598,157.618110,4.657533,3.543000,6,0,6000.0000,-1000.0000,90.0000,25.0000,1,2.0,100.00,0.0,0.0,0.0,0.0
1599,6.423061,157.691571,3.543000,6,1,6000.0000,-1000.0000,90.0000,25.0000,1,2.0,100.00,0.0,0.0,0.0,0.0
1600,158.253093,6.323869,3.619000,6,0,6000.0000,-1000.0000,90.0000,25.0000,1,2.0,100.00,0.0,0.0,0.0,0.0
1601,6.058394,158.305375,3.619000,6,1,6000.0000,-1000.0000,90.0000,25.0000,1,2.0,100.00,0.0,0.0,0.0,0.0
1602,155.385851,6.001942,3.618000,6,0,6000.0000,-1000.0000,90.0000,25.0000,1,2.0,100.00,0.0,0.0,0.0,0.0
1603,5.902460,155.473243,3.618000,6,1,6000.0000,-1000.0000,90.0000,25.0000,1,2.0,100.00,0.0,0.0,0.0,0.0
1604,154.827797,5.817028,3.611000,6,0,6000.0000,-1000.0000,90.0000,25.0000,1,2.0,100.00,0.0,0.0,0.0,0.0
1605,2.194859,154.901950,3.611000,6,1,6000.0000,-1000.0000,90.0000,25.0000,1,2.0,100.00,0.0,0.0,0.0,0.0
1606,190.563096,2.111596,3.570000,6,0,6000.0000,-1000.0000,90.0000,25.0000,1,2.0,100.00,0.0,0.0,0.0,0.0
1607,6.433913,190.752691,3.570000,6,1,6000.0000,-1000.0000,90.0000,25.0000,1,2.0,100.00,0.0,0.0,0.0,0.0
1608,156.547375,6.307759,3.603000,7,0,6000.0000,-1000.0000,90.0000,0.0000,1,2.0,100.00,0.0,0.0,0.0,0.0
1609,6.114745,156.616187,3.603000,7,0,6058.8687,-1000.0000,90.0000,0.0000,1,2.0,100.00,0.0,0.0,0.0,0.0
1610,5.173564,6.049034,3.551000,7,0,6061.2302,-1000.0000,90.0000,0.0000,1,2.0,100.00,0.0,0.0,0.0,0.0
1611,12.365444,5.157733,3.551000,7,0,6063.3076,-1000.0000,90.0000,0.0000,1,2.0,100.00,0.0,0.0,0.0,0.0
1612,14.098691,12.348454,3.626000,7,0,6068.6472,-1000.0000,90.0000,0.0000,1,2.0,100.00,0.0,0.0,0.0,0.0
1613,14.404807,14.107781,3.448000,7,0,6075.2253,-1000.0000,90.0000,0.0000,1,2.0,100.00,0.0,0.0,0.0,0.0
1614,14.274155,14.597252,3.462000,7,0,6082.5429,-1000.0000,90.0000,0.0000,1,2.0,100.00,0.0,0.0,0.0,0.0
1615,14.554082,14.173723,3.462000,7,0,6089.9133,-1000.0000,90.0000,0.0000,1,2.0,100.00,0.0,0.0,0.0,0.0
1616,14.328096,14.675004,3.320000,7,0,6097.5443,-1000.0000,90.0000,0.0000,1,2.0,100.00,0.0,0.0,0.0,0.0
1617,13.546029,14.763606,3.395000,7,0,6105.2213,-1000.0000,90.0000,0.0000,1,2.0,100.00,0.0,0.0,0.0,0.0
1618,13.829936,12.991536,3.402000,7,0,6111.9769,-1000.0000,90.0000,0.0000,1,2.0,100.00,0.0,0.0,0.0,0.0
1619,12.553307,13.814436,3.428000,7,0,6119.1605,-1000.0000,90.0000,0.0000,1,2.0,100.00,0.0,0.0,0.0,0.0
1620,12.248850,13.221811,3.560000,7,0,6126.0358,-1000.0000,90.0000,0.0000,1,2.0,100.00,0.0,0.0,0.0,0.0
1621,12.024865,12.212390,3.399000,7,0,6132.3862,-1000.0000,90.0000,0.0000,1,2.0,100.00,0.0,0.0,0.0,0.0
1622,11.946904,11.642647,3.347000,7,0,6138.4404,-1000.0000,90.0000,0.0000,1,2.0,100.00,0.0,0.0,0.0,0.0
1623,11.818611,11.807971,3.407000,7,0,6144.5806,-1000.0000,90.0000,0.0000,1,2.0,100.00,0.0,0.0,0.0,0.0
1624,11.948084,11.740008,3.455000,7,0,6150.6854,-1000.0000,90.0000,0.0000,1,2.0,100.00,0.0,0.0,0.0,0.0
1625,12.187919,11.970885,3.423000,7,0,6156.9102,-1000.0000,90.0000,0.0000,1,2.0,100.00,0.0,0.0,0.0,0.0
1626,11.932373,12.283451,3.479000,7,0,6163.2976,-1000.0000,90.0000,0.0000,1,2.0,100.00,0.0,0.0,0.0,0.0
1627,11.995105,11.911073,3.420000,7,0,6169.4914,-1000.0000,90.0000,0.0000,1,2.0,100.00,0.0,0.0,0.0,0.0
1628,11.405272,11.880182,3.431000,7,0,6175.6691,-1000.0000,90.0000,0.0000,1,2.0,100.00,0.0,0.0,0.0,0.0
1629,11.321020,11.375342,3.458000,7,0,6181.5842,-1000.0000,90.0000,0.0000,1,2.0,100.00,0.0,0.0,0.0,0.0
1630,11.278479,11.317219,3.398000,7,0,6187.4692,-1000.0000,90.0000,0.0000,1,2.0,100.00,0.0,0.0,0.0,0.0
1631,11.907282,11.309309,3.456000,7,0,6193.3500,-1000.0000,90.0000,0.0000,1,2.0,100.00,0.0,0.0,0.0,0.0
1632,11.063195,11.922404,3.512000,7,0,6199.5497,-1000.0000,90.0000,0.0000,1,2.0,100.00,0.0,0.0,0.0,0.0
1633,11.893542,11.044733,3.390000,7,0,6205.2930,-1000.0000,90.0000,0.0000,1,2.0,100.00,0.0,0.0,0.0,0.0
1634,11.856422,11.909853,3.393000,7,0,6211.4861,-1000.0000,90.0000,0.0000,1,2.0,100.00,0.0,0.0,0.0,0.0
1635,10.623285,11.836042,3.362000,7,0,6217.6408,-1000.0000,90.0000,0.0000,1,2.0,100.00,0.0,0.0,0.0,0.0
1636,11.206987,10.599434,3.386000,7,0,6223.1525,-1000.0000,90.0000,0.0000,1,2.0,100.00,0.0,0.0,0.0,0.0
1637,11.504274,11.206667,3.370000,7,0,6228.9800,-1000.0000,90.0000,0.0000,1,2.0,100.00,0.0,0.0,0.0,0.0
1638,25.505233,11.524234,3.416000,7,0,6234.9726,-1000.0000,90.0000,0.0000,1,2.0,100.00,0.0,0.0,0.0,0.0
1639,12.713220,25.573045,3.395000,7,0,6248.2706,-1000.0000,90.0000,0.0000,1,2.0,100.00,0.0,0.0,0.0,0.0
1640,11.790011,12.638960,3.470000,7,0,6254.8428,-1000.0000,90.0000,0.0000,1,2.0,100.00,0.0,0.0,0.0,0.0
1641,11.302550,11.784529,3.525000,7,0,6260.9708,-1000.0000,90.0000,0.0000,1,2.0,100.00,0.0,0.0,0.0,0.0
1642,10.634404,11.322071,3.599000,7,0,6266.8583,-1000.0000,90.0000,0.0000,1,2.0,100.00,0.0,0.0,0.0,0.0
1643,12.017075,10.657044,3.476000,7,0,6272.3999,-1000.0000,90.0000,0.0000,1,2.0,100.00,0.0,0.0,0.0,0.0
1644,12.003965,12.053336,3.513000,7,0,6278.6677,-1000.0000,90.0000,0.0000,1,2.0,100.00,0.0,0.0,0.0,0.0
1645,11.524195,11.998545,3.461000,7,0,6284.9069,-1000.0000,90.0000,0.0000,1,2.0,100.00,0.0,0.0,0.0,0.0
1646,13.944758,11.466584,3.476000,7,0,6290.8695,-1000.0000,90.0000,0.0000,1,2.0,100.00,0.0,0.0,0.0,0.0
1647,13.804444,13.957498,3.504000,7,0,6298.1274,-1000.0000,90.0000,0.0000,1,2.0,100.00,0.0,0.0,0.0,0.0
1648,11.655377,13.867786,3.444000,7,0,6305.3387,-1000.0000,90.0000,0.0000,1,2.0,100.00,0.0,0.0,0.0,0.0
1649,13.513959,11.567025,3.366000,7,0,6311.3535,-1000.0000,90.0000,0.0000,1,2.0,100.00,0.0,0.0,0.0,0.0
1650,13.677341,13.430437,3.422000,7,0,6318.3374,-1000.0000,90.0000,0.0000,1,2.0,100.00,0.0,0.0,0.0,0.0
1651,13.291865,13.678731,3.372000,7,0,6325.4503,-1000.0000,90.0000,0.0000,1,2.0,100.00,0.0,0.0,0.0,0.0
1652,12.441774,13.287624,3.509000,7,0,6332.3599,-1000.0000,90.0000,0.0000,1,2.0,100.00,0.0,0.0,0.0,0.0
1653,13.716843,12.442955,3.407000,7,0,6338.8302,-1000.0000,90.0000,0.0000,1,2.0,100.00,0.0,0.0,0.0,0.0
1654,12.261820,13.713933,3.464000,7,0,6345.9614,-1000.0000,90.0000,0.0000,1,2.0,100.00,0.0,0.0,0.0,0.0
1655,12.883525,12.251510,3.365000,7,0,6352.3322,-1000.0000,90.0000,0.0000,1,2.0,100.00,0.0,0.0,0.0,0.0
1656,12.134858,12.885084,3.465000,7,0,6359.0325,-1000.0000,90.0000,0.0000,1,2.0,100.00,0.0,0.0,0.0,0.0
1657,11.653987,12.149108,3.417000,7,0,6365.3500,-1000.0000,90.0000,0.0000,1,2.0,100.00,0.0,0.0,0.0,0.0
1658,11.456183,11.644198,3.442000,7,0,6371.4050,-1000.0000,90.0000,0.0000,1,2.0,100.00,0.0,0.0,0.0,0.0
1659,11.062114,11.467112,3.346000,7,0,6377.3679,-1000.0000,90.0000,0.0000,1,2.0,100.00,0.0,0.0,0.0,0.0
1660,11.335800,11.100215,3.433000,7,0,6383.1400,-1000.0000,90.0000,0.0000,1,2.0,100.00,0.0,0.0,0.0,0.0
1661,12.558887,11.278650,3.420000,7,0,6389.0049,-1000.0000,90.0000,0.0000,1,2.0,100.00,0.0,0.0,0.0,0.0
1662,11.957064,12.596177,3.456000,7,0,6395.5549,-1000.0000,90.0000,0.0000,1,2.0,100.00,0.0,0.0,0.0,0.0
1663,11.542936,11.933434,3.552000,7,0,6401.7603,-1000.0000,90.0000,0.0000,1,2.0,100.00,0.0,0.0,0.0,0.0
1664,11.954483,12.425935,3.456000,7,0,6408.2218,-1000.0000,90.0000,0.0000,1,2.0,100.00,0.0,0.0,0.0,0.0
1665,12.389414,11.307419,3.429000,7,0,6414.1016,-1000.0000,90.0000,0.0000,1,2.0,100.00,0.0,0.0,0.0,0.0
1666,12.493025,12.882575,3.463000,7,0,6420.8006,-1000.0000,90.0000,0.0000,1,2.0,100.00,0.0,0.0,0.0,0.0
1667,12.494066,12.056096,3.389000,7,0,6427.0698,-1000.0000,90.0000,0.0000,1,2.0,100.00,0.0,0.0,0.0,0.0
1668,11.785171,12.933175,3.366000,7,0,6433.7950,-1000.0000,90.0000,0.0000,1,2.0,100.00,0.0,0.0,0.0,0.0
1669,12.174968,11.657207,3.369000,7,0,6439.8568,-1000.0000,90.0000,0.0000,1,2.0,100.00,0.0,0.0,0.0,0.0
1670,11.368991,12.212410,3.446000,7,0,6446.2072,-1000.0000,90.0000,0.0000,1,2.0,100.00,0.0,0.0,0.0,0.0
1671,11.292839,11.520024,3.408000,7,0,6452.1976,-1000.0000,90.0000,0.0000,1,2.0,100.00,0.0,0.0,0.0,0.0
1672,11.582966,11.121656,3.436000,7,0,6457.9809,-1000.0000,90.0000,0.0000,1,2.0,100.00,0.0,0.0,0.0,0.0
1673,11.559255,11.548105,3.374000,7,0,6463.9859,-1000.0000,90.0000,0.0000,1,2.0,100.00,0.0,0.0,0.0,0.0
1674,11.663147,11.052924,3.403000,7,0,6469.7334,-1000.0000,90.0000,0.0000,1,2.0,100.00,0.0,0.0,0.0,0.0
1675,10.279538,11.760790,3.462000,7,0,6475.8490,-1000.0000,90.0000,0.0000,1,2.0,100.00,0.0,0.0,0.0,0.0
1676,10.128333,10.246176,3.384000,7,0,6481.1770,-1000.0000,90.0000,0.0000,1,2.0,100.00,0.0,0.0,0.0,0.0
1677,9.811546,10.111643,3.475000,7,0,6486.4351,-1000.0000,90.0000,0.0000,1,2.0,100.00,0.0,0.0,0.0,0.0
1678,11.982385,9.818147,3.390000,7,0,6491.5405,-1000.0000,90.0000,0.0000,1,2.0,100.00,0.0,0.0,0.0,0.0
1679,11.999485,11.964624,3.438000,7,0,6497.7621,-1000.0000,90.0000,0.0000,1,2.0,100.00,0.0,0.0,0.0,0.0
1680,11.061034,11.996545,3.429000,7,0,6504.0003,-1000.0000,90.0000,0.0000,1,2.0,100.00,0.0,0.0,0.0,0.0
1681,11.093775,11.060874,3.373000,7,0,6509.7520,-1000.0000,90.0000,0.0000,1,2.0,100.00,0.0,0.0,0.0,0.0
1682,10.221936,11.127585,3.425000,7,0,6515.5383,-1000.0000,90.0000,0.0000,1,2.0,100.00,0.0,0.0,0.0,0.0
1683,9.945330,10.187415,3.366000,7,0,6520.8358,-1000.0000,90.0000,0.0000,1,2.0,100.00,0.0,0.0,0.0,0.0
1684,10.592533,9.959340,3.334000,7,0,6526.0146,-1000.0000,90.0000,0.0000,1,2.0,100.00,0.0,0.0,0.0,0.0
1685,12.419474,10.642545,3.520000,7,0,6531.5488,-1000.0000,90.0000,0.0000,1,2.0,100.00,0.0,0.0,0.0,0.0
1686,10.104653,12.279771,3.360000,7,0,6537.9343,-1000.0000,90.0000,0.0000,1,2.0,100.00,0.0,0.0,0.0,0.0
1687,9.808637,10.083652,3.320000,7,0,6543.1778,-1000.0000,90.0000,0.0000,1,2.0,100.00,0.0,0.0,0.0,0.0
1688,8.095589,9.809817,3.320000,7,0,6548.2789,-1000.0000,90.0000,0.0000,1,2.0,100.00,0.0,0.0,0.0,0.0
1689,9.022559,8.085339,3.470000,7,0,6552.4832,-1000.0000,90.0000,0.0000,1,2.0,100.00,0.0,0.0,0.0,0.0
1690,7.937445,9.033019,3.456000,7,0,6557.1804,-1000.0000,90.0000,0.0000,1,2.0,100.00,0.0,0.0,0.0,0.0
1691,9.947760,7.901204,3.309000,7,0,6561.2890,-1000.0000,90.0000,0.0000,1,2.0,100.00,0.0,0.0,0.0,0.0
1692,8.601239,9.950740,3.373000,7,0,6566.4634,-1000.0000,90.0000,0.0000,1,2.0,100.00,0.0,0.0,0.0,0.0
1693,8.730593,8.593529,3.304000,7,0,6570.9320,-1000.0000,90.0000,0.0000,1,2.0,100.00,0.0,0.0,0.0,0.0
1694,9.204433,8.748574,3.382000,7,0,6575.4813,-1000.0000,90.0000,0.0000,1,2.0,100.00,0.0,0.0,0.0,0.0
1695,11.361281,9.193812,3.459000,7,0,6580.2621,-1000.0000,90.0000,0.0000,1,2.0,100.00,0.0,0.0,0.0,0.0
1696,11.119556,11.366892,3.432000,7,0,6586.1729,-1000.0000,90.0000,0.0000,1,2.0,100.00,0.0,0.0,0.0,0.0
1697,11.060054,11.120245,3.362000,7,0,6591.9554,-1000.0000,90.0000,0.0000,1,2.0,100.00,0.0,0.0,0.0,0.0
1698,11.509903,11.065904,3.399000,7,0,6597.7097,-1000.0000,90.0000,0.0000,1,2.0,100.00,0.0,0.0,0.0,0.0
1699,11.745320,11.683848,3.412000,7,0,6603.7853,-1000.0000,90.0000,0.0000,1,2.0,100.00,0.0,0.0,0.0,0.0
1700,9.299135,11.680008,3.394000,7,0,6609.8589,-1000.0000,90.0000,0.0000,1,2.0,100.00,0.0,0.0,0.0,0.0
1701,9.385798,9.254304,3.424000,7,0,6614.6711,-1000.0000,90.0000,0.0000,1,2.0,100.00,0.0,0.0,0.0,0.0
1702,9.127491,9.374077,3.475000,7,0,6619.5456,-1000.0000,90.0000,0.0000,1,2.0,100.00,0.0,0.0,0.0,0.0
1703,10.828409,9.132402,3.337000,7,0,6624.2945,-1000.0000,90.0000,0.0000,1,2.0,100.00,0.0,0.0,0.0,0.0
1704,11.569935,10.840149,3.434000,7,0,6629.9314,-1000.0000,90.0000,0.0000,1,2.0,100.00,0.0,0.0,0.0,0.0
1705,10.816639,11.658267,3.403000,7,0,6635.9937,-1000.0000,90.0000,0.0000,1,2.0,100.00,0.0,0.0,0.0,0.0
1706,10.986553,10.711657,3.374000,7,0,6641.5637,-1000.0000,90.0000,0.0000,1,2.0,100.00,0.0,0.0,0.0,0.0
1707,11.778910,11.006723,3.400000,7,0,6647.2872,-1000.0000,90.0000,0.0000,1,2.0,100.00,0.0,0.0,0.0,0.0
1708,11.467973,11.972474,3.492000,7,0,6653.5129,-1000.0000,90.0000,0.0000,1,2.0,100.00,0.0,0.0,0.0,0.0
1709,11.507054,12.185489,3.460000,7,0,6659.8494,-1000.0000,90.0000,0.0000,1,2.0,100.00,0.0,0.0,0.0,0.0
1710,10.608964,10.675566,3.579000,7,0,6665.4007,-1000.0000,90.0000,0.0000,1,2.0,100.00,0.0,0.0,0.0,0.0
1711,11.657707,10.541322,3.472000,7,0,6670.8821,-1000.0000,90.0000,0.0000,1,2.0,100.00,0.0,0.0,0.0,0.0
1712,11.268499,11.693548,3.557000,7,0,6676.9628,-1000.0000,90.0000,0.0000,1,2.0,100.00,0.0,0.0,0.0,0.0
1713,13.520069,11.224298,3.470000,7,0,6682.7994,-1000.0000,90.0000,0.0000,1,2.0,100.00,0.0,0.0,0.0,0.0
1714,12.958376,13.443757,3.573000,7,0,6689.7902,-1000.0000,90.0000,0.0000,1,2.0,100.00,0.0,0.0,0.0,0.0
1715,13.434976,12.965217,3.446000,7,0,6696.5321,-1000.0000,90.0000,0.0000,1,2.0,100.00,0.0,0.0,0.0,0.0
1716,14.122382,13.611369,3.553000,7,0,6703.6100,-1000.0000,90.0000,0.0000,1,2.0,100.00,0.0,0.0,0.0,0.0
1717,12.426714,14.127503,3.398000,7,0,6710.9563,-1000.0000,90.0000,0.0000,1,2.0,100.00,0.0,0.0,0.0,0.0
1718,10.786948,12.341532,3.438000,7,0,6717.3739,-1000.0000,90.0000,0.0000,1,2.0,100.00,0.0,0.0,0.0,0.0
1719,10.248397,10.771728,3.390000,7,0,6722.9752,-1000.0000,90.0000,0.0000,1,2.0,100.00,0.0,0.0,0.0,0.0
1720,12.599397,10.248496,3.371000,7,0,6728.3044,-1000.0000,90.0000,0.0000,1,2.0,100.00,0.0,0.0,0.0,0.0
1721,9.822157,12.605838,3.456000,7,0,6734.8594,-1000.0000,90.0000,0.0000,1,2.0,100.00,0.0,0.0,0.0,0.0
1722,9.538911,9.809097,3.456000,7,0,6739.9602,-1000.0000,90.0000,0.0000,1,2.0,100.00,0.0,0.0,0.0,0.0
1723,10.542953,9.538341,3.449000,7,0,6744.9201,-1000.0000,90.0000,0.0000,1,2.0,100.00,0.0,0.0,0.0,0.0
1724,10.287636,10.544172,3.383000,7,0,6750.4031,-1000.0000,90.0000,0.0000,1,2.0,100.00,0.0,0.0,0.0,0.0
1725,10.216487,10.284248,3.463000,7,0,6755.7509,-1000.0000,90.0000,0.0000,1,2.0,100.00,0.0,0.0,0.0,0.0
1726,10.895400,10.290206,3.430000,7,0,6761.1018,-1000.0000,90.0000,0.0000,1,2.0,100.00,0.0,0.0,0.0,0.0
1727,11.201597,10.828870,3.299000,7,0,6766.7328,-1000.0000,90.0000,0.0000,1,2.0,100.00,0.0,0.0,0.0,0.0
1728,10.275537,11.272348,3.362000,7,0,6772.5944,-1000.0000,90.0000,0.0000,1,2.0,100.00,0.0,0.0,0.0,0.0
1729,11.011033,10.251266,3.350000,7,0,6777.9251,-1000.0000,90.0000,0.0000,1,2.0,100.00,0.0,0.0,0.0,0.0
1730,10.376179,10.964442,3.416000,7,0,6783.6266,-1000.0000,90.0000,0.0000,1,2.0,100.00,0.0,0.0,0.0,0.0
1731,11.583036,10.367460,3.480000,7,0,6789.0177,-1000.0000,90.0000,0.0000,1,2.0,100.00,0.0,0.0,0.0,0.0
1732,11.345470,11.701487,3.438000,7,0,6795.1025,-1000.0000,90.0000,0.0000,1,2.0,100.00,0.0,0.0,0.0,0.0
1733,12.254871,11.302861,3.315000,7,0,6800.9799,-1000.0000,90.0000,0.0000,1,2.0,100.00,0.0,0.0,0.0,0.0
1734,11.742959,12.199609,3.445000,7,0,6807.3237,-1000.0000,90.0000,0.0000,1,2.0,100.00,0.0,0.0,0.0,0.0
1735,11.183536,11.735448,3.366000,7,0,6813.4262,-1000.0000,90.0000,0.0000,1,2.0,100.00,0.0,0.0,0.0,0.0
1736,10.642226,11.173437,3.504000,7,0,6819.2364,-1000.0000,90.0000,0.0000,1,2.0,100.00,0.0,0.0,0.0,0.0
1737,9.989970,10.633865,3.435000,7,0,6824.7660,-1000.0000,90.0000,0.0000,1,2.0,100.00,0.0,0.0,0.0,0.0
1738,10.525513,9.995840,3.356000,7,0,6829.9638,-1000.0000,90.0000,0.0000,1,2.0,100.00,0.0,0.0,0.0,0.0
1739,10.050022,10.511053,3.409000,7,0,6835.4296,-1000.0000,90.0000,0.0000,1,2.0,100.00,0.0,0.0,0.0,0.0
1740,10.339008,10.081682,3.431000,7,0,6840.6720,-1000.0000,90.0000,0.0000,1,2.0,100.00,0.0,0.0,0.0,0.0
1741,11.137485,10.305477,3.439000,7,0,6846.0309,-1000.0000,90.0000,0.0000,1,2.0,100.00,0.0,0.0,0.0,0.0
1742,12.673960,11.140826,3.414000,7,0,6851.8241,-1000.0000,90.0000,0.0000,1,2.0,100.00,0.0,0.0,0.0,0.0
1743,12.288251,12.683760,3.419000,7,0,6858.4197,-1000.0000,90.0000,0.0000,1,2.0,100.00,0.0,0.0,0.0,0.0
1744,13.398866,12.310942,3.413000,7,0,6864.8214,-1000.0000,90.0000,0.0000,1,2.0,100.00,0.0,0.0,0.0,0.0
1745,13.522019,13.380976,3.415000,7,0,6871.7795,-1000.0000,90.0000,0.0000,1,2.0,100.00,0.0,0.0,0.0,0.0
1746,12.600818,13.541298,3.436000,7,0,6878.8209,-1000.0000,90.0000,0.0000,1,2.0,100.00,0.0,0.0,0.0,0.0
1747,12.402864,12.572758,3.391000,7,0,6885.3588,-1000.0000,90.0000,0.0000,1,2.0,100.00,0.0,0.0,0.0,0.0
1748,11.653147,12.403594,3.481000,7,0,6891.8086,-1000.0000,90.0000,0.0000,1,2.0,100.00,0.0,0.0,0.0,0.0
1749,11.445012,11.671518,3.406000,7,0,6897.8778,-1000.0000,90.0000,0.0000,1,2.0,100.00,0.0,0.0,0.0,0.0
1750,11.429633,11.411221,3.397000,7,0,6903.8117,-1000.0000,90.0000,0.0000,1,2.0,100.00,0.0,0.0,0.0,0.0
1751,11.959343,11.466044,3.367000,7,0,6909.7740,-1000.0000,90.0000,0.0000,1,2.0,100.00,0.0,0.0,0.0,0.0
1752,12.281902,11.914633,3.420000,7,0,6915.9696,-1000.0000,90.0000,0.0000,1,2.0,100.00,0.0,0.0,0.0,0.0
1753,11.424902,12.311191,3.368000,7,0,6922.3714,-1000.0000,90.0000,0.0000,1,2.0,100.00,0.0,0.0,0.0,0.0
1754,11.852882,11.558685,3.515000,7,0,6928.3820,-1000.0000,90.0000,0.0000,1,2.0,100.00,0.0,0.0,0.0,0.0
1755,12.011255,11.737629,3.409000,7,0,6934.4855,-1000.0000,90.0000,0.0000,1,2.0,100.00,0.0,0.0,0.0,0.0
1756,11.611667,12.008705,3.348000,7,0,6940.7300,-1000.0000,90.0000,0.0000,1,2.0,100.00,0.0,0.0,0.0,0.0
1757,11.012463,11.663658,3.339000,7,0,6946.7951,-1000.0000,90.0000,0.0000,1,2.0,100.00,0.0,0.0,0.0,0.0
1758,11.385251,10.999313,3.496000,7,0,6952.5148,-1000.0000,90.0000,0.0000,1,2.0,100.00,0.0,0.0,0.0,0.0
1759,11.549315,11.351270,3.605000,7,0,6958.4174,-1000.0000,90.0000,0.0000,1,2.0,100.00,0.0,0.0,0.0,0.0
1760,10.631444,11.582906,3.456000,7,0,6964.4406,-1000.0000,90.0000,0.0000,1,2.0,100.00,0.0,0.0,0.0,0.0
1761,11.006693,10.593574,3.399000,7,0,6969.9492,-1000.0000,90.0000,0.0000,1,2.0,100.00,0.0,0.0,0.0,0.0
1762,10.846250,11.008213,3.398000,7,0,6975.6735,-1000.0000,90.0000,0.0000,1,2.0,100.00,0.0,0.0,0.0,0.0
1763,11.551795,10.850879,3.335000,7,0,6981.3159,-1000.0000,90.0000,0.0000,1,2.0,100.00,0.0,0.0,0.0,0.0
1764,9.782765,11.600287,3.415000,7,0,6987.3481,-1000.0000,90.0000,0.0000,1,2.0,100.00,0.0,0.0,0.0,0.0
1765,10.055062,9.737905,3.375000,7,0,6992.4118,-1000.0000,90.0000,0.0000,1,2.0,100.00,0.0,0.0,0.0,0.0
1766,9.680014,10.035881,3.442000,7,0,6997.6305,-1000.0000,90.0000,0.0000,1,2.0,100.00,0.0,0.0,0.0,0.0
1767,9.800177,9.687494,3.396000,7,0,7002.6680,-1000.0000,90.0000,0.0000,1,2.0,100.00,0.0,0.0,0.0,0.0
1768,9.699364,9.796896,3.379000,7,0,7007.7623,-1000.0000,90.0000,0.0000,1,2.0,100.00,0.0,0.0,0.0,0.0
1769,9.954590,9.724045,3.435000,7,0,7012.8189,-1000.0000,90.0000,0.0000,1,2.0,100.00,0.0,0.0,0.0,0.0
1770,10.249106,9.957500,3.368000,8,1,7017.9968,-1000.0000,90.0000,0.0000,1,2.0,100.00,0.0,0.0,0.0,0.0
1771,184.460921,10.391219,3.508000,8,0,7023.1194,-1000.0000,90.0000,0.0000,1,2.0,100.00,0.0,0.0,0.0,0.0
1772,3.807624,184.275977,3.508000,8,0,7025.6745,-1000.0000,90.0000,0.0000,1,2.0,100.00,0.0,0.0,0.0,0.0
1773,6.076194,3.748863,3.547000,8,0,7025.6899,-1000.0000,90.0000,0.0000,1,2.0,100.00,0.0,0.0,0.0,0.0
1774,10.261267,6.058724,3.547000,8,0,7025.6899,-1000.0000,90.0000,0.0000,1,2.0,100.00,0.0,0.0,0.0,0.0
1775,11.300470,10.280167,3.335000,8,0,7025.6899,-1000.0000,90.0000,0.0000,1,2.0,100.00,0.0,0.0,0.0,0.0
1776,11.028123,11.330000,3.434000,8,0,7025.6899,-1000.0000,90.0000,0.0000,1,2.0,100.00,0.0,0.0,0.0,0.0
1777,11.174677,11.014363,3.475000,8,0,7025.6899,-1000.0000,90.0000,0.0000,1,2.0,100.00,0.0,0.0,0.0,0.0
1778,11.896962,11.167697,3.485000,8,0,7025.6899,-1000.0000,90.0000,0.0000,1,2.0,100.00,0.0,0.0,0.0,0.0
1779,10.645715,11.938663,3.481000,8,0,7025.6899,-1000.0000,90.0000,0.0000,1,2.0,100.00,0.0,0.0,0.0,0.0
1780,13.617691,10.647396,3.452000,8,0,7025.6899,-1000.0000,90.0000,0.0000,1,2.0,100.00,0.0,0.0,0.0,0.0
1781,12.481955,13.582359,3.500000,8,0,7025.6899,-1000.0000,90.0000,0.0000,1,2.0,100.00,0.0,0.0,0.0,0.0
1782,11.315560,12.479906,3.631000,8,0,7025.6899,-1000.0000,90.0000,0.0000,1,2.0,100.00,0.0,0.0,0.0,0.0
1783,13.044248,11.313890,3.560000,8,0,7025.6899,-1000.0000,90.0000,0.0000,1,2.0,100.00,0.0,0.0,0.0,0.0
1784,13.265293,13.216611,3.543000,8,0,7025.6899,-1000.0000,90.0000,0.0000,1,2.0,100.00,0.0,0.0,0.0,0.0
1785,10.267386,13.187821,3.476000,8,0,7025.6899,-1000.0000,90.0000,0.0000,1,2.0,100.00,0.0,0.0,0.0,0.0
1786,11.633397,10.253627,3.549000,8,0,7025.6899,-1000.0000,90.0000,0.0000,1,2.0,100.00,0.0,0.0,0.0,0.0
1787,9.549031,11.663977,3.398000,8,0,7025.6899,-1000.0000,90.0000,0.0000,1,2.0,100.00,0.0,0.0,0.0,0.0
1788,10.026991,9.576592,3.381000,8,0,7025.6899,-1000.0000,90.0000,0.0000,1,2.0,100.00,0.0,0.0,0.0,0.0
1789,10.251827,10.012351,3.441000,8,0,7025.6899,-1000.0000,90.0000,0.0000,1,2.0,100.00,0.0,0.0,0.0,0.0
1790,9.633092,10.248916,3.406000,8,0,7025.6899,-1000.0000,90.0000,0.0000,1,2.0,100.00,0.0,0.0,0.0,0.0
1791,10.678396,9.659513,3.443000,8,0,7025.6899,-1000.0000,90.0000,0.0000,1,2.0,100.00,0.0,0.0,0.0,0.0
1792,8.775884,10.623204,3.456000,8,0,7025.6899,-1000.0000,90.0000,0.0000,1,2.0,100.00,0.0,0.0,0.0,0.0
1793,8.494887,8.772174,3.456000,8,0,7025.6899,-1000.0000,90.0000,0.0000,1,2.0,100.00,0.0,0.0,0.0,0.0
1794,9.056440,8.534339,3.382000,8,0,7025.6899,-1000.0000,90.0000,0.0000,1,2.0,100.00,0.0,0.0,0.0,0.0
1795,8.940917,9.087510,3.449000,8,0,7025.6899,-1000.0000,90.0000,0.0000,1,2.0,100.00,0.0,0.0,0.0,0.0
1796,8.115359,8.916377,3.481000,8,0,7025.6899,-1000.0000,90.0000,0.0000,1,2.0,100.00,0.0,0.0,0.0,0.0
1797,8.555980,8.136770,3.324000,8,0,7025.6899,-1000.0000,90.0000,0.0000,1,2.0,100.00,0.0,0.0,0.0,0.0
1798,9.543441,8.491527,3.413000,8,0,7025.6899,-1000.0000,90.0000,0.0000,1,2.0,100.00,0.0,0.0,0.0,0.0
1799,9.244124,9.514120,3.527000,8,0,7025.6899,-1000.0000,90.0000,0.0000,1,2.0,100.00,0.0,0.0,0.0,0.0
1800,8.826605,9.195443,3.379000,8,0,7025.6899,-1000.0000,90.0000,0.0000,1,2.0,100.00,0.0,0.0,0.0,0.0
1801,9.541980,8.825645,3.387000,8,0,7025.6899,-1000.0000,90.0000,0.0000,1,2.0,100.00,0.0,0.0,0.0,0.0
1802,10.906211,9.542530,3.418000,8,0,7025.6899,-1000.0000,90.0000,0.0000,1,2.0,100.00,0.0,0.0,0.0,0.0
1803,9.282284,10.922191,3.445000,8,0,7025.6899,-1000.0000,90.0000,0.0000,1,2.0,100.00,0.0,0.0,0.0,0.0
1804,10.001671,9.270755,3.432000,8,0,7025.6899,-1000.0000,90.0000,0.0000,1,2.0,100.00,0.0,0.0,0.0,0.0
1805,10.204225,10.015221,3.457000,8,0,7025.6899,-1000.0000,90.0000,0.0000,1,2.0,100.00,0.0,0.0,0.0,0.0
1806,9.115482,10.218726,3.442000,8,0,7025.6899,-1000.0000,90.0000,0.0000,1,2.0,100.00,0.0,0.0,0.0,0.0
1807,9.828486,9.073730,3.489000,8,0,7025.6899,-1000.0000,90.0000,0.0000,1,2.0,100.00,0.0,0.0,0.0,0.0
1808,10.995103,9.843428,3.380000,8,0,7025.6899,-1000.0000,90.0000,0.0000,1,2.0,100.00,0.0,0.0,0.0,0.0
1809,11.116246,11.202947,3.417000,8,0,7025.6899,-1000.0000,90.0000,0.0000,1,2.0,100.00,0.0,0.0,0.0,0.0
1810,10.827348,10.946111,3.505000,8,0,7025.6899,-1000.0000,90.0000,0.0000,1,2.0,100.00,0.0,0.0,0.0,0.0
1811,11.573966,10.830880,3.409000,8,0,7025.6899,-1000.0000,90.0000,0.0000,1,2.0,100.00,0.0,0.0,0.0,0.0
1812,11.397121,11.553674,3.484000,8,0,7025.6899,-1000.0000,90.0000,0.0000,1,2.0,100.00,0.0,0.0,0.0,0.0
1813,10.737448,11.409713,3.400000,8,0,7025.6899,-1000.0000,90.0000,0.0000,1,2.0,100.00,0.0,0.0,0.0,0.0
1814,10.884590,10.714665,3.388000,8,0,7025.6899,-1000.0000,90.0000,0.0000,1,2.0,100.00,0.0,0.0,0.0,0.0
1815,10.102823,10.874171,3.416000,8,0,7025.6899,-1000.0000,90.0000,0.0000,1,2.0,100.00,0.0,0.0,0.0,0.0
1816,10.359098,10.125993,3.387000,8,0,7025.6899,-1000.0000,90.0000,0.0000,1,2.0,100.00,0.0,0.0,0.0,0.0
1817,10.042142,10.366469,3.399000,8,0,7025.6899,-1000.0000,90.0000,0.0000,1,2.0,100.00,0.0,0.0,0.0,0.0
1818,11.740479,10.017532,3.510000,8,0,7025.6899,-1000.0000,90.0000,0.0000,1,2.0,100.00,0.0,0.0,0.0,0.0
1819,11.583316,11.743188,3.534000,8,0,7025.6899,-1000.0000,90.0000,0.0000,1,2.0,100.00,0.0,0.0,0.0,0.0
1820,11.474573,11.594856,3.299000,8,0,7025.6899,-1000.0000,90.0000,0.0000,1,2.0,100.00,0.0,0.0,0.0,0.0
1821,10.590214,11.452603,3.404000,8,0,7025.6899,-1000.0000,90.0000,0.0000,1,2.0,100.00,0.0,0.0,0.0,0.0
1822,9.677083,10.646045,3.435000,8,0,7025.6899,-1000.0000,90.0000,0.0000,1,2.0,100.00,0.0,0.0,0.0,0.0
1823,8.929138,9.618703,3.403000,8,0,7025.6899,-1000.0000,90.0000,0.0000,1,2.0,100.00,0.0,0.0,0.0,0.0
1824,9.112692,9.101001,3.485000,8,0,7025.6899,-1000.0000,90.0000,0.0000,1,2.0,100.00,0.0,0.0,0.0,0.0
1825,9.809245,9.109641,3.438000,8,0,7025.6899,-1000.0000,90.0000,0.0000,1,2.0,100.00,0.0,0.0,0.0,0.0
1826,9.689975,9.732435,3.407000,8,0,7025.6899,-1000.0000,90.0000,0.0000,1,2.0,100.00,0.0,0.0,0.0,0.0
1827,11.269348,9.660162,3.491000,8,0,7025.6899,-1000.0000,90.0000,0.0000,1,2.0,100.00,0.0,0.0,0.0,0.0
1828,12.453635,11.190187,3.541000,8,0,7025.6899,-1000.0000,90.0000,0.0000,1,2.0,100.00,0.0,0.0,0.0,0.0
1829,12.995217,12.429505,3.348000,8,0,7025.6899,-1000.0000,90.0000,0.0000,1,2.0,100.00,0.0,0.0,0.0,0.0
1830,9.876128,13.022308,3.463000,8,0,7025.6899,-1000.0000,90.0000,0.0000,1,2.0,100.00,0.0,0.0,0.0,0.0
1831,9.107731,10.083882,3.393000,8,0,7025.6899,-1000.0000,90.0000,0.0000,1,2.0,100.00,0.0,0.0,0.0,0.0
1832,9.402618,8.978118,3.415000,8,0,7025.6899,-1000.0000,90.0000,0.0000,1,2.0,100.00,0.0,0.0,0.0,0.0
1833,11.201797,9.401727,3.455000,8,0,7025.6899,-1000.0000,90.0000,0.0000,1,2.0,100.00,0.0,0.0,0.0,0.0
1834,12.385114,11.322021,3.424000,8,0,7025.6899,-1000.0000,90.0000,0.0000,1,2.0,100.00,0.0,0.0,0.0,0.0
1835,11.046903,12.266050,3.433000,8,0,7025.6899,-1000.0000,90.0000,0.0000,1,2.0,100.00,0.0,0.0,0.0,0.0
1836,9.888779,11.051214,3.459000,8,0,7025.6899,-1000.0000,90.0000,0.0000,1,2.0,100.00,0.0,0.0,0.0,0.0
1837,11.425532,9.866108,3.394000,8,0,7025.6899,-1000.0000,90.0000,0.0000,1,2.0,100.00,0.0,0.0,0.0,0.0
1838,11.471782,11.503664,3.404000,8,0,7025.6899,-1000.0000,90.0000,0.0000,1,2.0,100.00,0.0,0.0,0.0,0.0
1839,8.178332,11.443833,3.498000,8,0,7025.6899,-1000.0000,90.0000,0.0000,1,2.0,100.00,0.0,0.0,0.0,0.0
1840,9.428237,8.163160,3.389000,8,0,7025.6899,-1000.0000,90.0000,0.0000,1,2.0,100.00,0.0,0.0,0.0,0.0
1841,8.957358,9.373636,3.283000,8,0,7025.6899,-1000.0000,90.0000,0.0000,1,2.0,100.00,0.0,0.0,0.0,0.0
1842,9.092571,8.900697,3.488000,8,0,7025.6899,-1000.0000,90.0000,0.0000,1,2.0,100.00,0.0,0.0,0.0,0.0
1843,8.742813,9.080220,3.365000,8,0,7025.6899,-1000.0000,90.0000,0.0000,1,2.0,100.00,0.0,0.0,0.0,0.0
1844,8.572409,8.734153,3.493000,8,0,7025.6899,-1000.0000,90.0000,0.0000,1,2.0,100.00,0.0,0.0,0.0,0.0
1845,8.413446,8.571810,3.388000,8,0,7025.6899,-1000.0000,90.0000,0.0000,1,2.0,100.00,0.0,0.0,0.0,0.0
1846,10.481591,8.415135,3.388000,8,0,7025.6899,-1000.0000,90.0000,0.0000,1,2.0,100.00,0.0,0.0,0.0,0.0
1847,12.124277,10.513692,3.436000,8,0,7025.6899,-1000.0000,90.0000,0.0000,1,2.0,100.00,0.0,0.0,0.0,0.0
1848,13.232303,12.090608,3.396000,8,0,7025.6899,-1000.0000,90.0000,0.0000,1,2.0,100.00,0.0,0.0,0.0,0.0
1849,15.544973,13.221991,3.408000,8,0,7025.6899,-1000.0000,90.0000,0.0000,1,2.0,100.00,0.0,0.0,0.0,0.0
