frame,wall_ms,sim_ms,phase,power,dormant,revision,panel_health,physics,debris_x,debris_y,debris_z,player_x,player_y,player_z,health,ammo,rival_health,infected_health
614,57.801757,387.935962,1,0,1,0,68.000,0,6500.000,700.000,110.000,0.000,0.000,90.000,100.000,60,-1.000,-1.000
615,8.018880,57.664203,1,0,1,0,68.000,0,6500.000,700.000,110.000,0.000,0.000,90.000,100.000,60,-1.000,-1.000
616,14.221602,16.667104,1,0,1,0,68.000,0,6500.000,700.000,110.000,0.000,0.000,90.000,100.000,60,-1.000,-1.000
617,14.917266,16.667584,1,0,1,0,68.000,0,6500.000,700.000,110.000,0.000,0.000,90.000,100.000,60,-1.000,-1.000
618,19.101735,16.667323,1,0,1,0,68.000,0,6500.000,700.000,110.000,6140.000,390.000,90.000,100.000,60,-1.000,-1.000
619,22.018318,16.667124,1,0,0,0,68.000,0,6500.000,700.000,110.000,6140.000,390.000,90.000,100.000,60,-1.000,-1.000
620,23.439718,16.667064,1,0,0,0,68.000,0,6500.000,700.000,110.000,6140.000,390.000,90.000,100.000,60,-1.000,-1.000
621,20.585476,18.523273,1,0,0,0,68.000,0,6500.000,700.000,110.000,6140.000,390.000,90.000,100.000,60,-1.000,-1.000
622,13.480146,20.519776,1,0,0,0,68.000,0,6500.000,700.000,110.000,6140.000,390.000,90.000,100.000,60,-1.000,-1.000
623,14.650461,16.667233,1,0,0,0,68.000,0,6500.000,700.000,110.000,6140.000,390.000,90.000,100.000,60,-1.000,-1.000
624,16.283026,16.667094,1,0,0,0,68.000,0,6500.000,700.000,110.000,6140.000,390.000,90.000,100.000,60,-1.000,-1.000
625,25.502201,17.537361,1,0,0,0,68.000,0,6500.000,700.000,110.000,6140.000,390.000,90.000,100.000,60,-1.000,-1.000
626,17.212385,19.121387,1,0,0,0,68.000,0,6500.000,700.000,110.000,6140.000,390.000,90.000,100.000,60,-1.000,-1.000
627,16.037900,17.120783,1,0,0,0,68.000,0,6500.000,700.000,110.000,6140.000,390.000,90.000,100.000,60,-1.000,-1.000
628,16.350398,16.668083,1,0,0,0,68.000,0,6500.000,700.000,110.000,6140.000,390.000,90.000,100.000,60,-1.000,-1.000
629,15.797005,16.667664,1,0,0,0,68.000,0,6500.000,700.000,110.000,6140.000,390.000,90.000,100.000,60,-1.000,-1.000
630,16.448929,16.722835,1,0,0,0,68.000,0,6500.000,700.000,110.000,6140.000,390.000,90.000,100.000,60,-1.000,-1.000
631,15.857446,16.666983,1,0,0,0,68.000,0,6500.000,700.000,110.000,6140.000,390.000,90.000,100.000,60,-1.000,-1.000
632,16.871828,16.667444,1,0,0,0,68.000,0,6500.000,700.000,110.000,6140.000,390.000,90.000,100.000,60,-1.000,-1.000
633,15.743964,16.733866,1,0,0,0,68.000,0,6500.000,700.000,110.000,6140.000,390.000,90.000,100.000,60,-1.000,-1.000
634,14.859535,16.667593,1,0,0,0,68.000,0,6500.000,700.000,110.000,6140.000,390.000,90.000,100.000,60,-1.000,-1.000
635,15.268455,16.667134,1,0,0,0,68.000,0,6500.000,700.000,110.000,6140.000,390.000,90.000,100.000,60,-1.000,-1.000
636,15.823075,16.667004,1,0,0,0,68.000,0,6500.000,700.000,110.000,6140.000,390.000,90.000,100.000,60,-1.000,-1.000
637,15.331446,16.666903,1,0,0,0,68.000,0,6500.000,700.000,110.000,6140.000,390.000,90.000,100.000,60,-1.000,-1.000
638,18.652085,16.668664,1,0,0,0,68.000,0,6500.000,700.000,110.000,6140.000,390.000,90.000,100.000,60,-1.000,-1.000
639,12.717260,16.667824,1,0,0,0,68.000,0,6500.000,700.000,110.000,6140.000,390.000,90.000,100.000,60,-1.000,-1.000
640,15.615902,16.667913,1,0,0,0,68.000,0,6500.000,700.000,110.000,6140.000,390.000,90.000,100.000,60,-1.000,-1.000
641,16.893328,16.667304,1,0,0,0,68.000,0,6500.000,700.000,110.000,6140.000,390.000,90.000,100.000,60,-1.000,-1.000
642,16.627353,16.668034,1,0,0,0,68.000,0,6500.000,700.000,110.000,6140.000,390.000,90.000,100.000,60,-1.000,-1.000
643,16.675534,16.667163,1,0,0,0,68.000,0,6500.000,700.000,110.000,6140.000,390.000,90.000,100.000,60,-1.000,-1.000
644,16.496869,16.669044,1,0,0,0,68.000,0,6500.000,700.000,110.000,6140.000,390.000,90.000,100.000,60,-1.000,-1.000
645,16.730226,16.668494,1,0,0,0,68.000,0,6500.000,700.000,110.000,6140.000,390.000,90.000,100.000,60,-1.000,-1.000
646,16.653723,16.668523,1,0,0,0,68.000,0,6500.000,700.000,110.000,6140.000,390.000,90.000,100.000,60,-1.000,-1.000
647,17.039362,16.668914,1,0,0,0,68.000,0,6500.000,700.000,110.000,6140.000,390.000,90.000,100.000,60,-1.000,-1.000
648,16.577961,16.668804,1,0,0,0,68.000,0,6500.000,700.000,110.000,6140.000,390.000,90.000,100.000,60,-1.000,-1.000
649,16.637354,16.667703,1,0,0,0,68.000,0,6500.000,700.000,110.000,6140.000,390.000,90.000,100.000,60,-1.000,-1.000
650,17.044131,16.667144,1,0,0,0,68.000,0,6500.000,700.000,110.000,6140.000,390.000,90.000,100.000,60,-1.000,-1.000
651,16.276625,16.668114,1,0,0,0,68.000,0,6500.000,700.000,110.000,6140.000,390.000,90.000,100.000,60,-1.000,-1.000
652,16.645614,16.667603,1,0,0,0,68.000,0,6500.000,700.000,110.000,6140.000,390.000,90.000,100.000,60,-1.000,-1.000
653,16.690034,16.668604,1,0,0,0,68.000,0,6500.000,700.000,110.000,6140.000,390.000,90.000,100.000,60,-1.000,-1.000
654,16.887378,16.668794,1,0,0,0,68.000,0,6500.000,700.000,110.000,6140.000,390.000,90.000,100.000,60,-1.000,-1.000
655,16.602573,16.668673,1,0,0,0,68.000,0,6500.000,700.000,110.000,6140.000,390.000,90.000,100.000,60,-1.000,-1.000
656,22.678701,16.668564,1,0,0,0,68.000,0,6500.000,700.000,110.000,6140.000,390.000,90.000,100.000,60,-1.000,-1.000
657,11.164077,16.667524,1,0,0,0,68.000,0,6500.000,700.000,110.000,6140.000,390.000,90.000,100.000,60,-1.000,-1.000
658,16.141662,16.668884,1,0,0,0,68.000,0,6500.000,700.000,110.000,6140.000,390.000,90.000,100.000,60,-1.000,-1.000
659,17.128614,16.667634,1,0,0,0,68.000,0,6500.000,700.000,110.000,6140.000,390.000,90.000,100.000,60,-1.000,-1.000
660,18.273027,16.667444,1,0,0,0,68.000,0,6500.000,700.000,110.000,6140.000,390.000,90.000,100.000,60,-1.000,-1.000
661,20.439094,17.182584,1,0,0,0,68.000,0,6500.000,700.000,110.000,6140.000,390.000,90.000,100.000,60,-1.000,-1.000
662,13.395634,16.667753,1,0,0,0,68.000,0,6500.000,700.000,110.000,6140.000,390.000,90.000,100.000,60,-1.000,-1.000
663,19.356882,16.668724,1,0,0,0,68.000,0,6500.000,700.000,110.000,6140.000,390.000,90.000,100.000,60,-1.000,-1.000
664,13.650069,16.667344,1,0,0,0,68.000,0,6500.000,700.000,110.000,6140.000,390.000,90.000,100.000,60,-1.000,-1.000
665,17.304098,16.668483,1,0,0,0,68.000,0,6500.000,700.000,110.000,6140.000,390.000,90.000,100.000,60,-1.000,-1.000
666,17.772386,16.667884,1,0,0,0,68.000,0,6500.000,700.000,110.000,6140.000,390.000,90.000,100.000,60,-1.000,-1.000
667,16.175513,16.668934,1,0,0,0,68.000,0,6500.000,700.000,110.000,6140.000,390.000,90.000,100.000,60,-1.000,-1.000
668,16.265756,16.668423,1,0,0,0,68.000,0,6500.000,700.000,110.000,6140.000,390.000,90.000,100.000,60,-1.000,-1.000
669,16.438128,16.668574,1,0,0,0,68.000,0,6500.000,700.000,110.000,6140.000,390.000,90.000,100.000,60,-1.000,-1.000
670,20.509766,16.667104,1,0,0,0,68.000,0,6500.000,700.000,110.000,6140.000,390.000,90.000,100.000,60,-1.000,-1.000
671,12.976825,16.721894,1,0,0,0,68.000,0,6500.000,700.000,110.000,6140.000,390.000,90.000,100.000,60,-1.000,-1.000
672,19.549465,16.668215,1,0,0,0,68.000,0,6500.000,700.000,110.000,6140.000,390.000,90.000,100.000,60,-1.000,-1.000
673,17.007801,16.667664,1,0,0,0,68.000,0,6500.000,700.000,110.000,6140.000,390.000,90.000,100.000,60,-1.000,-1.000
674,13.844744,16.667233,1,0,0,0,68.000,0,6500.000,700.000,110.000,6140.000,390.000,90.000,100.000,60,-1.000,-1.000
675,16.387297,16.668364,1,0,0,0,68.000,0,6500.000,700.000,110.000,6140.000,390.000,90.000,100.000,60,-1.000,-1.000
676,20.101937,16.667574,1,0,0,0,68.000,0,6500.000,700.000,110.000,6140.000,390.000,90.000,100.000,60,-1.000,-1.000
677,15.917937,16.667453,1,0,0,0,68.000,0,6500.000,700.000,110.000,6140.000,390.000,90.000,100.000,60,-1.000,-1.000
678,17.325279,16.667364,1,0,0,0,68.000,0,6500.000,700.000,110.000,6140.000,390.000,90.000,100.000,60,-1.000,-1.000
679,15.326995,16.668424,1,0,0,0,68.000,0,6500.000,700.000,110.000,6140.000,390.000,90.000,100.000,60,-1.000,-1.000
680,14.737703,16.668343,1,0,0,0,68.000,0,6500.000,700.000,110.000,6140.000,390.000,90.000,100.000,60,-1.000,-1.000
681,16.307695,16.667894,1,0,0,0,68.000,0,6500.000,700.000,110.000,6140.000,390.000,90.000,100.000,60,-1.000,-1.000
682,14.578270,16.696964,1,0,0,0,68.000,0,6500.000,700.000,110.000,6140.000,390.000,90.000,100.000,60,-1.000,-1.000
683,17.017131,16.668233,1,0,0,0,68.000,0,6500.000,700.000,110.000,6140.000,390.000,90.000,100.000,60,-1.000,-1.000
684,16.290116,16.668354,1,0,0,0,68.000,0,6500.000,700.000,110.000,6140.000,390.000,90.000,100.000,60,-1.000,-1.000
685,17.385328,16.722356,1,0,0,0,68.000,0,6500.000,700.000,110.000,6140.000,390.000,90.000,100.000,60,-1.000,-1.000
686,15.751295,16.667293,1,0,0,0,68.000,0,6500.000,700.000,110.000,6140.000,390.000,90.000,100.000,60,-1.000,-1.000
687,16.015349,16.667754,1,0,0,0,68.000,0,6500.000,700.000,110.000,6140.000,390.000,90.000,100.000,60,-1.000,-1.000
688,17.327868,16.668864,1,0,0,0,68.000,0,6500.000,700.000,110.000,6140.000,390.000,90.000,100.000,60,-1.000,-1.000
689,16.039400,16.720714,1,0,0,0,68.000,0,6500.000,700.000,110.000,6140.000,390.000,90.000,100.000,60,-1.000,-1.000
690,16.706175,16.670344,1,0,0,0,68.000,0,6500.000,700.000,110.000,6140.000,390.000,90.000,100.000,60,-1.000,-1.000
691,17.657905,16.667274,1,0,0,0,68.000,0,6500.000,700.000,110.000,6140.000,390.000,90.000,100.000,60,-1.000,-1.000
692,17.085123,16.667093,1,0,0,0,68.000,0,6500.000,700.000,110.000,6140.000,390.000,90.000,100.000,60,-1.000,-1.000
693,15.503668,16.676924,1,0,0,0,68.000,0,6500.000,700.000,110.000,6140.000,390.000,90.000,100.000,60,-1.000,-1.000
694,17.400750,16.667774,1,0,0,0,68.000,0,6500.000,700.000,110.000,6140.000,390.000,90.000,100.000,60,-1.000,-1.000
695,16.495879,16.668273,1,0,0,0,68.000,0,6500.000,700.000,110.000,6140.000,390.000,90.000,100.000,60,-1.000,-1.000
696,16.975221,16.667344,1,0,0,0,68.000,0,6500.000,700.000,110.000,6140.000,390.000,90.000,100.000,60,-1.000,-1.000
697,15.615351,16.668044,1,0,0,0,68.000,0,6500.000,700.000,110.000,6140.000,390.000,90.000,100.000,60,-1.000,-1.000
698,17.121774,16.667973,1,0,0,0,68.000,0,6500.000,700.000,110.000,6140.000,390.000,90.000,100.000,60,-1.000,-1.000
699,16.898958,16.668084,1,0,0,0,68.000,0,6500.000,700.000,110.000,6140.000,390.000,90.000,100.000,60,-1.000,-1.000
700,16.904229,16.668294,1,0,0,0,68.000,0,6500.000,700.000,110.000,6140.000,390.000,90.000,100.000,60,-1.000,-1.000
701,16.436688,16.668253,1,0,0,0,68.000,0,6500.000,700.000,110.000,6140.000,390.000,90.000,100.000,60,-1.000,-1.000
702,17.493162,16.668285,1,0,0,0,68.000,0,6500.000,700.000,110.000,6140.000,390.000,90.000,100.000,60,-1.000,-1.000
703,16.634803,16.668614,1,0,0,0,68.000,0,6500.000,700.000,110.000,6140.000,390.000,90.000,100.000,60,-1.000,-1.000
704,15.593951,16.667823,1,0,0,0,68.000,0,6500.000,700.000,110.000,6140.000,390.000,90.000,100.000,60,-1.000,-1.000
705,17.426999,16.667544,1,0,0,0,68.000,0,6500.000,700.000,110.000,6140.000,390.000,90.000,100.000,60,-1.000,-1.000
706,16.291157,16.667634,1,0,0,0,68.000,0,6500.000,700.000,110.000,6140.000,390.000,90.000,100.000,60,-1.000,-1.000
707,16.741404,16.667113,1,0,0,0,68.000,0,6500.000,700.000,110.000,6140.000,390.000,90.000,100.000,60,-1.000,-1.000
708,17.377330,16.723545,26,0,0,0,68.000,0,6500.000,700.000,110.000,6140.000,390.000,90.000,100.000,60,-1.000,-1.000
709,785.788204,16.667494,26,0,0,0,68.000,0,6500.000,700.000,110.000,6140.000,390.000,90.000,100.000,60,-1.000,-1.000
710,8.450029,774.957934,26,0,0,0,68.000,0,6500.000,700.000,110.000,6140.000,390.000,90.000,100.000,60,-1.000,-1.000
711,13.134089,16.667144,26,0,0,0,68.000,0,6500.000,700.000,110.000,6140.000,390.000,90.000,100.000,60,-1.000,-1.000
712,16.608802,16.744445,26,0,0,0,68.000,0,6500.000,700.000,110.000,6140.000,390.000,90.000,100.000,60,-1.000,-1.000
713,18.705467,17.182115,26,0,0,0,68.000,0,6500.000,700.000,110.000,6140.000,390.000,90.000,100.000,60,-1.000,-1.000
714,17.104273,16.667824,26,0,0,0,68.000,0,6500.000,700.000,110.000,6140.000,390.000,90.000,100.000,60,-1.000,-1.000
715,17.147214,16.666813,2,0,0,0,68.000,0,6500.000,700.000,110.000,6140.000,390.000,90.000,100.000,60,-1.000,-1.000
716,19.924563,16.667474,2,1,0,1,68.000,0,6500.000,700.000,110.000,6140.000,390.000,90.000,100.000,60,-1.000,-1.000
717,13.809373,16.667624,2,1,0,1,68.000,0,6500.000,700.000,110.000,6140.000,390.000,90.000,100.000,60,-1.000,-1.000
718,16.646863,16.667323,2,1,0,1,68.000,0,6500.000,700.000,110.000,6140.000,390.000,90.000,100.000,60,-1.000,-1.000
719,15.592401,16.667624,2,1,0,1,68.000,0,6500.000,700.000,110.000,6140.000,390.000,90.000,100.000,60,-1.000,-1.000
720,19.042364,16.667124,2,1,0,1,68.000,0,6500.000,700.000,110.000,6140.000,390.000,90.000,100.000,60,-1.000,-1.000
721,14.451307,16.667333,2,1,0,1,68.000,0,6500.000,700.000,110.000,6140.000,390.000,90.000,100.000,60,-1.000,-1.000
722,16.019020,16.667374,2,1,0,1,68.000,0,6500.000,700.000,110.000,6140.000,390.000,90.000,100.000,60,-1.000,-1.000
723,15.054029,16.666944,2,1,0,1,68.000,0,6500.000,700.000,110.000,6140.000,390.000,90.000,100.000,60,-1.000,-1.000
724,17.261326,16.667633,2,1,0,1,68.000,0,6500.000,700.000,110.000,6140.000,390.000,90.000,100.000,60,-1.000,-1.000
725,15.958199,16.667054,2,1,0,1,68.000,0,6500.000,700.000,110.000,6140.000,390.000,90.000,100.000,60,-1.000,-1.000
726,16.666884,16.668384,2,1,0,1,68.000,0,6500.000,700.000,110.000,6140.000,390.000,90.000,100.000,60,-1.000,-1.000
727,17.095383,16.667233,2,1,0,1,68.000,0,6500.000,700.000,110.000,6140.000,390.000,90.000,100.000,60,-1.000,-1.000
728,16.237324,16.667444,2,1,0,1,68.000,0,6500.000,700.000,110.000,6140.000,390.000,90.000,100.000,60,-1.000,-1.000
729,17.720506,16.669264,2,1,0,1,68.000,0,6500.000,700.000,110.000,6140.000,390.000,90.000,100.000,60,-1.000,-1.000
730,16.159103,16.668543,2,1,0,1,68.000,0,6500.000,700.000,110.000,6140.000,390.000,90.000,100.000,60,-1.000,-1.000
731,17.878820,16.819697,2,1,0,1,68.000,0,6500.000,700.000,110.000,6140.000,390.000,90.000,100.000,60,-1.000,-1.000
732,16.290205,16.667214,2,1,0,1,68.000,0,6500.000,700.000,110.000,6140.000,390.000,90.000,100.000,60,-1.000,-1.000
733,16.122142,16.688924,2,1,0,1,68.000,0,6500.000,700.000,110.000,6140.000,390.000,90.000,100.000,60,-1.000,-1.000
734,17.475421,16.668294,2,1,0,1,68.000,0,6500.000,700.000,110.000,6140.000,390.000,90.000,100.000,60,-1.000,-1.000
735,16.250455,16.668394,2,1,0,1,68.000,0,6500.000,700.000,110.000,6140.000,390.000,90.000,100.000,60,-1.000,-1.000
736,17.212595,16.667873,2,1,0,1,68.000,0,6500.000,700.000,110.000,6140.000,390.000,90.000,100.000,60,-1.000,-1.000
737,15.696933,16.667604,2,1,0,1,68.000,0,6500.000,700.000,110.000,6140.000,390.000,90.000,100.000,60,-1.000,-1.000
738,16.919539,16.668574,2,1,0,1,68.000,0,6500.000,700.000,110.000,6140.000,390.000,90.000,100.000,60,-1.000,-1.000
739,16.375088,16.669203,3,1,0,1,68.000,0,6500.000,700.000,110.000,6140.000,390.000,90.000,100.000,60,-1.000,-1.000
740,17.679955,16.668564,3,1,0,1,68.000,0,6500.000,700.000,110.000,5900.000,390.000,90.000,100.000,60,-1.000,-1.000
741,16.638543,16.667264,3,1,0,1,68.000,0,6500.000,700.000,110.000,5900.000,390.000,90.000,100.000,60,-1.000,-1.000
742,14.950527,16.667123,3,1,0,1,68.000,0,6500.000,700.000,110.000,5900.000,390.000,90.000,100.000,60,-1.000,-1.000
743,16.146442,16.667634,3,1,0,1,68.000,0,6500.000,700.000,110.000,5900.000,390.000,90.000,100.000,60,-1.000,-1.000
744,17.464011,16.667544,3,1,0,1,68.000,0,6500.000,700.000,110.000,5900.000,390.000,90.000,100.000,60,-1.000,-1.000
745,15.917288,16.669053,3,1,0,1,68.000,0,6500.000,700.000,110.000,5900.000,390.000,90.000,100.000,60,-1.000,-1.000
746,17.190325,16.667584,3,1,0,1,68.000,0,6500.000,700.000,110.000,5900.000,390.000,90.000,100.000,60,-1.000,-1.000
747,16.702475,16.667974,3,1,0,1,68.000,0,6500.000,700.000,110.000,5900.000,390.000,90.000,100.000,60,-1.000,-1.000
748,16.639512,16.667083,3,1,0,1,68.000,0,6500.000,700.000,110.000,5900.000,390.000,90.000,100.000,60,-1.000,-1.000
749,16.601603,16.667854,3,1,0,1,68.000,0,6500.000,700.000,110.000,5900.000,390.000,90.000,100.000,60,-1.000,-1.000
750,16.858998,16.667534,3,1,0,1,68.000,0,6500.000,700.000,110.000,5900.000,390.000,90.000,100.000,60,-1.000,-1.000
751,16.475359,16.667994,3,1,0,1,68.000,0,6500.000,700.000,110.000,5900.000,390.000,90.000,100.000,60,-1.000,-1.000
752,16.452920,16.667174,3,1,0,1,68.000,0,6500.000,700.000,110.000,5900.000,390.000,90.000,100.000,60,-1.000,-1.000
753,16.755444,16.668074,3,1,0,1,68.000,0,6500.000,700.000,110.000,5900.000,390.000,90.000,100.000,60,-1.000,-1.000
754,16.712115,16.668573,3,1,0,1,68.000,0,6500.000,700.000,110.000,5900.000,390.000,90.000,100.000,60,-1.000,-1.000
755,16.591533,16.668144,3,1,0,1,68.000,0,6500.000,700.000,110.000,5900.000,390.000,90.000,100.000,60,-1.000,-1.000
756,19.761858,16.668914,3,1,0,1,68.000,0,6500.000,700.000,110.000,5900.000,390.000,90.000,100.000,60,-1.000,-1.000
757,14.985308,16.752734,3,1,0,1,68.000,0,6500.000,700.000,110.000,5900.000,390.000,90.000,100.000,60,-1.000,-1.000
758,15.546781,16.668624,3,1,0,1,68.000,0,6500.000,700.000,110.000,5900.000,390.000,90.000,100.000,60,-1.000,-1.000
759,16.668044,16.667514,3,1,0,1,68.000,0,6500.000,700.000,110.000,5900.000,390.000,90.000,100.000,60,-1.000,-1.000
760,16.291375,16.668203,3,1,0,1,68.000,0,6500.000,700.000,110.000,5900.000,390.000,90.000,100.000,60,-1.000,-1.000
761,16.627983,16.667875,3,1,0,1,68.000,0,6500.000,700.000,110.000,5900.000,390.000,90.000,100.000,60,-1.000,-1.000
762,16.554721,16.668324,3,1,0,1,68.000,0,6500.000,700.000,110.000,5900.000,390.000,90.000,100.000,60,-1.000,-1.000
763,18.078124,16.668943,3,1,0,1,68.000,0,6500.000,700.000,110.000,5900.000,390.000,90.000,100.000,60,-1.000,-1.000
764,16.683924,16.668284,3,1,0,1,68.000,0,6500.000,700.000,110.000,5900.000,390.000,90.000,100.000,60,-1.000,-1.000
765,16.959550,16.669204,3,1,0,1,68.000,0,6500.000,700.000,110.000,5900.000,390.000,90.000,100.000,60,-1.000,-1.000
766,15.592850,16.668693,3,1,0,1,68.000,0,6500.000,700.000,110.000,5900.000,390.000,90.000,100.000,60,-1.000,-1.000
767,16.521831,16.668934,3,1,0,1,68.000,0,6500.000,700.000,110.000,5900.000,390.000,90.000,100.000,60,-1.000,-1.000
768,16.635834,16.667424,3,1,0,1,68.000,0,6500.000,700.000,110.000,5900.000,390.000,90.000,100.000,60,-1.000,-1.000
769,16.787755,16.668203,3,1,0,1,68.000,0,6500.000,700.000,110.000,5900.000,390.000,90.000,100.000,60,-1.000,-1.000
770,16.579882,16.667224,3,1,0,1,68.000,0,6500.000,700.000,110.000,5900.000,390.000,90.000,100.000,60,-1.000,-1.000
771,16.588022,16.683224,3,1,0,1,68.000,0,6500.000,700.000,110.000,5900.000,390.000,90.000,100.000,60,-1.000,-1.000
772,16.963010,16.668283,3,1,0,1,68.000,0,6500.000,700.000,110.000,5900.000,390.000,90.000,100.000,60,-1.000,-1.000
773,16.391538,16.667474,3,1,0,1,68.000,0,6500.000,700.000,110.000,5900.000,390.000,90.000,100.000,60,-1.000,-1.000
774,16.648943,16.667494,3,1,0,1,68.000,0,6500.000,700.000,110.000,5900.000,390.000,90.000,100.000,60,-1.000,-1.000
775,16.796087,16.668033,3,1,0,1,68.000,0,6500.000,700.000,110.000,5900.000,390.000,90.000,100.000,60,-1.000,-1.000
776,16.575252,16.668404,3,1,0,1,68.000,0,6500.000,700.000,110.000,5900.000,390.000,90.000,100.000,60,-1.000,-1.000
777,16.902458,16.667584,3,1,0,1,68.000,0,6500.000,700.000,110.000,5900.000,390.000,90.000,100.000,60,-1.000,-1.000
778,16.296336,16.667264,3,1,0,1,68.000,0,6500.000,700.000,110.000,5900.000,390.000,90.000,100.000,60,-1.000,-1.000
779,16.734225,16.668213,3,1,0,1,68.000,0,6500.000,700.000,110.000,5900.000,390.000,90.000,100.000,60,-1.000,-1.000
780,16.549201,16.668165,3,1,0,1,68.000,0,6500.000,700.000,110.000,5900.000,390.000,90.000,100.000,60,-1.000,-1.000
781,16.989000,16.668753,3,1,0,1,68.000,0,6500.000,700.000,110.000,5900.000,390.000,90.000,100.000,60,-1.000,-1.000
782,16.455020,16.668614,3,1,0,1,68.000,0,6500.000,700.000,110.000,5900.000,390.000,90.000,100.000,60,-1.000,-1.000
783,16.668163,16.668994,3,1,0,1,68.000,0,6500.000,700.000,110.000,5900.000,390.000,90.000,100.000,60,-1.000,-1.000
784,16.679105,16.667233,3,1,0,1,68.000,0,6500.000,700.000,110.000,5900.000,390.000,90.000,100.000,60,-1.000,-1.000
785,16.669634,16.667334,3,1,0,1,68.000,0,6500.000,700.000,110.000,5900.000,390.000,90.000,100.000,60,-1.000,-1.000
786,16.607001,16.667154,3,1,0,1,68.000,0,6500.000,700.000,110.000,5900.000,390.000,90.000,100.000,60,-1.000,-1.000
787,16.882249,16.668543,3,1,0,1,68.000,0,6500.000,700.000,110.000,5900.000,390.000,90.000,100.000,60,-1.000,-1.000
788,16.527891,16.668854,3,1,0,1,68.000,0,6500.000,700.000,110.000,5900.000,390.000,90.000,100.000,60,-1.000,-1.000
789,16.734984,16.668594,3,1,0,1,68.000,0,6500.000,700.000,110.000,5900.000,390.000,90.000,100.000,60,-1.000,-1.000
790,16.698005,16.667603,3,1,0,1,68.000,0,6500.000,700.000,110.000,5900.000,390.000,90.000,100.000,60,-1.000,-1.000
791,16.624963,16.668234,3,1,0,1,68.000,0,6500.000,700.000,110.000,5900.000,390.000,90.000,100.000,60,-1.000,-1.000
792,16.426928,16.668764,3,1,0,1,68.000,0,6500.000,700.000,110.000,5900.000,390.000,90.000,100.000,60,-1.000,-1.000
793,16.752006,16.667933,3,1,0,1,68.000,0,6500.000,700.000,110.000,5900.000,390.000,90.000,100.000,60,-1.000,-1.000
794,16.494360,16.667614,3,1,0,1,68.000,0,6500.000,700.000,110.000,5900.000,390.000,90.000,100.000,60,-1.000,-1.000
795,16.697014,16.667674,3,1,0,1,68.000,0,6500.000,700.000,110.000,5900.000,390.000,90.000,100.000,60,-1.000,-1.000
796,16.859068,16.668863,3,1,0,1,68.000,0,6500.000,700.000,110.000,5900.000,390.000,90.000,100.000,60,-1.000,-1.000
797,16.684204,16.668054,3,1,0,1,68.000,0,6500.000,700.000,110.000,5900.000,390.000,90.000,100.000,60,-1.000,-1.000
798,16.729745,16.667684,3,1,0,1,68.000,0,6500.000,700.000,110.000,5900.000,390.000,90.000,100.000,60,-1.000,-1.000
799,16.738675,16.667363,4,1,0,1,68.000,0,6500.000,700.000,110.000,5900.000,390.000,90.000,100.000,60,-1.000,-1.000
800,17.047492,16.668604,4,1,0,1,68.000,0,6500.000,700.000,110.000,6200.000,610.000,90.000,100.000,60,-1.000,-1.000
801,16.551282,16.668044,4,1,0,1,68.000,0,6500.000,700.000,110.000,6200.000,610.000,90.000,100.000,60,-1.000,-1.000
802,17.240835,16.668193,4,1,0,1,68.000,0,6500.000,700.000,110.000,6200.000,610.000,90.000,100.000,60,-1.000,-1.000
803,15.883057,16.667774,4,1,0,1,68.000,0,6500.000,700.000,110.000,6200.000,610.000,90.000,100.000,60,-1.000,-1.000
804,16.685754,16.668794,4,1,0,1,68.000,0,6500.000,700.000,110.000,6200.000,610.000,90.000,100.000,60,-1.000,-1.000
805,19.692638,16.667924,4,1,0,1,68.000,0,6500.000,700.000,110.000,6200.000,610.000,90.000,100.000,60,-1.000,-1.000
806,14.897436,16.667814,4,1,0,1,68.000,0,6500.000,700.000,110.000,6200.000,610.000,90.000,100.000,60,-1.000,-1.000
807,16.807787,16.668824,4,1,0,1,68.000,0,6500.000,700.000,110.000,6200.000,610.000,90.000,100.000,60,-1.000,-1.000
808,17.930661,17.537241,4,1,0,1,68.000,0,6500.000,700.000,110.000,6200.000,610.000,90.000,100.000,60,-1.000,-1.000
809,15.230303,16.668814,4,1,0,1,68.000,0,6500.000,700.000,110.000,6200.000,610.000,90.000,100.000,60,-1.000,-1.000
810,16.378737,16.667963,4,1,0,1,68.000,0,6500.000,700.000,110.000,6200.000,610.000,90.000,100.000,60,-1.000,-1.000
811,16.935159,16.667074,4,1,0,1,68.000,0,6500.000,700.000,110.000,6200.000,610.000,90.000,100.000,60,-1.000,-1.000
812,16.639184,16.666994,4,1,0,1,68.000,0,6500.000,700.000,110.000,6200.000,610.000,90.000,100.000,60,-1.000,-1.000
813,16.772816,16.667783,4,1,0,1,68.000,0,6500.000,700.000,110.000,6200.000,610.000,90.000,100.000,60,-1.000,-1.000
814,16.694013,16.667974,4,1,0,1,68.000,0,6500.000,700.000,110.000,6200.000,610.000,90.000,100.000,60,-1.000,-1.000
815,16.510471,16.668924,4,1,0,1,68.000,0,6500.000,700.000,110.000,6200.000,610.000,90.000,100.000,60,-1.000,-1.000
816,16.370827,16.668533,4,1,0,1,68.000,0,6500.000,700.000,110.000,6200.000,610.000,90.000,100.000,60,-1.000,-1.000
817,16.599813,16.668655,4,1,0,1,68.000,0,6500.000,700.000,110.000,6200.000,610.000,90.000,100.000,60,-1.000,-1.000
818,16.743136,16.668764,4,1,0,1,68.000,0,6500.000,700.000,110.000,6200.000,610.000,90.000,100.000,60,-1.000,-1.000
819,16.824026,16.702103,4,1,0,1,68.000,0,6500.000,700.000,110.000,6200.000,610.000,90.000,100.000,60,-1.000,-1.000
820,16.528061,16.667914,4,1,0,1,68.000,0,6500.000,700.000,110.000,6200.000,610.000,90.000,100.000,60,-1.000,-1.000
821,16.835267,16.668594,4,1,0,1,68.000,0,6500.000,700.000,110.000,6200.000,610.000,90.000,100.000,60,-1.000,-1.000
822,16.569951,16.668333,4,1,0,1,68.000,0,6500.000,700.000,110.000,6200.000,610.000,90.000,100.000,60,-1.000,-1.000
823,17.106253,16.668034,4,1,0,1,68.000,0,6500.000,700.000,110.000,6200.000,610.000,90.000,100.000,60,-1.000,-1.000
824,16.372718,16.668715,4,1,0,1,68.000,0,6500.000,700.000,110.000,6200.000,610.000,90.000,100.000,60,-1.000,-1.000
825,16.541501,16.667033,4,1,0,1,68.000,0,6500.000,700.000,110.000,6200.000,610.000,90.000,100.000,60,-1.000,-1.000
826,16.516091,16.667063,4,1,0,1,68.000,0,6500.000,700.000,110.000,6200.000,610.000,90.000,100.000,60,-1.000,-1.000
827,16.772456,16.667435,4,1,0,1,68.000,0,6500.000,700.000,110.000,6200.000,610.000,90.000,100.000,60,-1.000,-1.000
828,16.566781,16.667503,4,1,0,1,68.000,0,6500.000,700.000,110.000,6200.000,610.000,90.000,100.000,60,-1.000,-1.000
829,16.914129,16.668414,4,1,0,1,68.000,0,6500.000,700.000,110.000,6200.000,610.000,90.000,100.000,60,-1.000,-1.000
830,16.479700,16.668954,4,1,0,1,68.000,0,6500.000,700.000,110.000,6200.000,610.000,90.000,100.000,60,-1.000,-1.000
831,16.871827,16.668303,4,1,0,1,68.000,0,6500.000,700.000,110.000,6200.000,610.000,90.000,100.000,60,-1.000,-1.000
832,16.574912,16.667834,4,1,0,1,68.000,0,6500.000,700.000,110.000,6200.000,610.000,90.000,100.000,60,-1.000,-1.000
833,16.548002,16.667524,4,1,0,1,68.000,0,6500.000,700.000,110.000,6200.000,610.000,90.000,100.000,60,-1.000,-1.000
834,16.631292,16.668653,4,1,0,1,68.000,0,6500.000,700.000,110.000,6200.000,610.000,90.000,100.000,60,-1.000,-1.000
835,16.958960,16.667074,4,1,0,1,68.000,0,6500.000,700.000,110.000,6200.000,610.000,90.000,100.000,60,-1.000,-1.000
836,16.349397,16.667434,4,1,0,1,68.000,0,6500.000,700.000,110.000,6200.000,610.000,90.000,100.000,60,-1.000,-1.000
837,16.856028,16.667793,4,1,0,1,68.000,0,6500.000,700.000,110.000,6200.000,610.000,90.000,100.000,60,-1.000,-1.000
838,16.684514,16.668704,4,1,0,1,68.000,0,6500.000,700.000,110.000,6200.000,610.000,90.000,100.000,60,-1.000,-1.000
839,17.654235,16.684334,4,1,0,1,68.000,0,6500.000,700.000,110.000,6200.000,610.000,90.000,100.000,60,-1.000,-1.000
840,15.580950,16.668153,4,1,0,1,68.000,0,6500.000,700.000,110.000,6200.000,610.000,90.000,100.000,60,-1.000,-1.000
841,16.382188,16.668474,4,1,0,1,68.000,0,6500.000,700.000,110.000,6200.000,610.000,90.000,100.000,60,-1.000,-1.000
842,16.952750,16.667794,4,1,0,1,68.000,0,6500.000,700.000,110.000,6200.000,610.000,90.000,100.000,60,-1.000,-1.000
843,16.400418,16.667463,4,1,0,1,68.000,0,6500.000,700.000,110.000,6200.000,610.000,90.000,100.000,60,-1.000,-1.000
844,16.917849,16.668424,4,1,0,1,68.000,0,6500.000,700.000,110.000,6200.000,610.000,90.000,100.000,60,-1.000,-1.000
845,17.711816,16.668604,4,1,0,1,68.000,0,6500.000,700.000,110.000,6200.000,610.000,90.000,100.000,60,-1.000,-1.000
846,15.891286,16.667124,4,1,0,1,68.000,0,6500.000,700.000,110.000,6200.000,610.000,90.000,100.000,60,-1.000,-1.000
847,16.439130,16.667514,4,1,0,1,68.000,0,6500.000,700.000,110.000,6200.000,610.000,90.000,100.000,60,-1.000,-1.000
848,16.626442,16.668094,4,1,0,1,68.000,0,6500.000,700.000,110.000,6200.000,610.000,90.000,100.000,60,-1.000,-1.000
849,16.500481,16.667093,4,1,0,1,68.000,0,6500.000,700.000,110.000,6200.000,610.000,90.000,100.000,60,-1.000,-1.000
850,16.674494,16.667524,4,1,0,1,68.000,0,6500.000,700.000,110.000,6200.000,610.000,90.000,100.000,60,-1.000,-1.000
851,16.776055,16.667984,4,1,0,1,68.000,0,6500.000,700.000,110.000,6200.000,610.000,90.000,100.000,60,-1.000,-1.000
852,16.761976,16.668253,4,1,0,1,68.000,0,6500.000,700.000,110.000,6200.000,610.000,90.000,100.000,60,-1.000,-1.000
853,16.770966,16.668964,4,1,0,1,68.000,0,6500.000,700.000,110.000,6200.000,610.000,90.000,100.000,60,-1.000,-1.000
854,16.170213,16.668324,4,1,0,1,68.000,0,6500.000,700.000,110.000,6200.000,610.000,90.000,100.000,60,-1.000,-1.000
855,16.734655,16.668553,4,1,0,1,68.000,0,6500.000,700.000,110.000,6200.000,610.000,90.000,100.000,60,-1.000,-1.000
856,17.205005,16.668854,4,1,0,1,68.000,0,6500.000,700.000,110.000,6200.000,610.000,90.000,100.000,60,-1.000,-1.000
857,16.216514,16.668884,4,1,0,1,68.000,0,6500.000,700.000,110.000,6200.000,610.000,90.000,100.000,60,-1.000,-1.000
858,16.728135,16.668733,4,1,0,1,68.000,0,6500.000,700.000,110.000,6200.000,610.000,90.000,100.000,60,-1.000,-1.000
859,17.237306,16.668234,5,1,0,1,68.000,0,6500.000,700.000,110.000,6200.000,610.000,90.000,100.000,60,-1.000,-1.000
860,18.137275,16.667174,5,1,0,2,34.000,0,6500.000,700.000,110.000,6200.000,610.000,90.000,100.000,59,-1.000,-1.000
861,18.636426,16.668383,5,1,0,2,34.000,0,6500.000,700.000,110.000,6200.000,610.000,90.000,100.000,59,-1.000,-1.000
862,14.122049,16.668254,5,1,0,2,34.000,0,6500.000,700.000,110.000,6200.000,610.000,90.000,100.000,59,-1.000,-1.000
863,17.886920,16.667424,5,1,0,2,34.000,0,6500.000,700.000,110.000,6200.000,610.000,90.000,100.000,59,-1.000,-1.000
864,15.962899,16.668283,5,1,0,2,34.000,0,6500.000,700.000,110.000,6200.000,610.000,90.000,100.000,59,-1.000,-1.000
865,16.357166,16.695195,6,1,0,2,34.000,0,6500.000,700.000,110.000,6200.000,610.000,90.000,100.000,59,-1.000,-1.000
866,198.685007,16.952620,6,1,0,2,34.000,0,6500.000,700.000,110.000,6200.000,610.000,90.000,100.000,59,-1.000,-1.000
867,7.840376,187.324194,6,1,0,2,34.000,0,6500.000,700.000,110.000,6200.000,610.000,90.000,100.000,59,-1.000,-1.000
868,12.132358,16.667044,6,1,0,2,34.000,0,6500.000,700.000,110.000,6200.000,610.000,90.000,100.000,59,-1.000,-1.000
869,16.456428,16.667123,6,1,0,2,34.000,0,6500.000,700.000,110.000,6200.000,610.000,90.000,100.000,59,-1.000,-1.000
870,16.539312,16.667354,6,1,0,2,34.000,0,6500.000,700.000,110.000,6200.000,610.000,90.000,100.000,59,-1.000,-1.000
871,17.357008,16.683395,6,1,0,2,34.000,0,6500.000,700.000,110.000,6200.000,610.000,90.000,100.000,59,-1.000,-1.000
872,16.754956,16.667143,6,1,0,2,34.000,0,6500.000,700.000,110.000,6200.000,610.000,90.000,100.000,59,-1.000,-1.000
873,17.284006,16.668504,6,1,0,2,34.000,0,6500.000,700.000,110.000,6200.000,610.000,90.000,100.000,59,-1.000,-1.000
874,16.855708,16.667304,6,1,0,2,34.000,0,6500.000,700.000,110.000,6200.000,610.000,90.000,100.000,59,-1.000,-1.000
875,16.759976,16.667283,6,1,0,2,34.000,0,6500.000,700.000,110.000,6200.000,610.000,90.000,100.000,59,-1.000,-1.000
876,16.777706,16.667194,6,1,0,2,34.000,0,6500.000,700.000,110.000,6200.000,610.000,90.000,100.000,59,-1.000,-1.000
877,16.568451,16.668194,6,1,0,2,34.000,0,6500.000,700.000,110.000,6200.000,610.000,90.000,100.000,59,-1.000,-1.000
878,16.155663,16.667213,6,1,0,2,34.000,0,6500.000,700.000,110.000,6200.000,610.000,90.000,100.000,59,-1.000,-1.000
879,17.159164,16.668074,6,1,0,2,34.000,0,6500.000,700.000,110.000,6200.000,610.000,90.000,100.000,59,-1.000,-1.000
880,16.552411,16.668674,6,1,0,2,34.000,0,6500.000,700.000,110.000,6200.000,610.000,90.000,100.000,59,-1.000,-1.000
881,17.537093,16.667773,6,1,0,2,34.000,0,6500.000,700.000,110.000,6200.000,610.000,90.000,100.000,59,-1.000,-1.000
882,15.477078,16.799537,6,1,0,2,34.000,0,6500.000,700.000,110.000,6200.000,610.000,90.000,100.000,59,-1.000,-1.000
883,16.437978,16.667934,6,1,0,2,34.000,0,6500.000,700.000,110.000,6200.000,610.000,90.000,100.000,59,-1.000,-1.000
884,16.536452,16.667783,6,1,0,2,34.000,0,6500.000,700.000,110.000,6200.000,610.000,90.000,100.000,59,-1.000,-1.000
885,16.990630,16.667874,7,1,0,2,34.000,0,6500.000,700.000,110.000,6200.000,610.000,90.000,100.000,59,-1.000,-1.000
886,22.267403,16.668164,7,1,0,3,0.000,1,6506.569,700.000,111.051,6200.000,610.000,90.000,100.000,58,-1.000,-1.000
887,11.326871,16.730415,7,1,0,3,0.000,1,6513.075,700.000,111.820,6200.000,610.000,90.000,100.000,58,-1.000,-1.000
888,17.379988,16.667983,7,1,0,3,0.000,1,6519.470,700.000,112.308,6200.000,610.000,90.000,100.000,58,-1.000,-1.000
889,18.199946,16.667734,7,1,0,3,0.000,1,6525.779,700.000,112.521,6200.000,610.000,90.000,100.000,58,-1.000,-1.000
890,17.187395,16.667884,7,1,0,3,0.000,1,6532.004,700.000,112.462,6200.000,610.000,90.000,100.000,58,-1.000,-1.000
891,17.214205,16.668903,8,1,0,3,0.000,1,6538.147,700.000,112.136,6200.000,610.000,90.000,100.000,58,-1.000,-1.000
892,17.654445,16.668874,8,1,0,3,0.000,1,6544.208,700.000,111.545,6200.000,610.000,90.000,100.000,58,-1.000,-1.000
893,16.474900,16.668664,8,1,0,3,0.000,1,6550.188,700.000,110.693,6200.000,610.000,90.000,100.000,58,-1.000,-1.000
894,16.411058,16.668413,8,1,0,3,0.000,1,6556.088,700.000,109.585,6200.000,610.000,90.000,100.000,58,-1.000,-1.000
895,15.982439,16.668544,8,1,0,3,0.000,1,6561.909,700.000,108.222,6200.000,610.000,90.000,100.000,58,-1.000,-1.000
896,17.166864,16.667693,8,1,0,3,0.000,1,6567.653,700.000,106.609,6200.000,610.000,90.000,100.000,58,-1.000,-1.000
897,16.498810,16.667465,8,1,0,3,0.000,1,6573.320,700.000,104.748,6200.000,610.000,90.000,100.000,58,-1.000,-1.000
898,16.233905,16.667994,8,1,0,3,0.000,1,6578.855,700.009,102.725,6200.000,610.000,90.000,100.000,58,-1.000,-1.000
899,15.669213,16.668113,8,1,0,3,0.000,1,6584.044,700.316,101.023,6200.000,610.000,90.000,100.000,58,-1.000,-1.000
900,15.714882,16.667734,8,1,0,3,0.000,1,6589.164,700.620,99.075,6200.000,610.000,90.000,100.000,58,-1.000,-1.000
901,15.522940,16.668524,8,1,0,3,0.000,1,6594.190,700.931,96.924,6200.000,610.000,90.000,100.000,58,-1.000,-1.000
902,16.927139,16.668933,8,1,0,3,0.000,1,6599.118,701.257,94.585,6200.000,610.000,90.000,100.000,58,-1.000,-1.000
903,16.438059,16.668204,8,1,0,3,0.000,1,6603.956,701.590,92.046,6200.000,610.000,90.000,100.000,58,-1.000,-1.000
904,16.488900,16.667324,8,1,0,3,0.000,1,6608.708,701.931,89.309,6200.000,610.000,90.000,100.000,58,-1.000,-1.000
905,18.489352,16.949250,8,1,0,3,0.000,1,6613.452,702.286,86.323,6200.000,610.000,90.000,100.000,58,-1.000,-1.000
906,15.405837,16.668803,8,1,0,3,0.000,1,6618.033,702.643,83.192,6200.000,610.000,90.000,100.000,58,-1.000,-1.000
907,16.643853,16.667254,8,1,0,3,0.000,1,6622.530,703.005,79.871,6200.000,610.000,90.000,100.000,58,-1.000,-1.000
908,16.839928,16.668844,8,1,0,3,0.000,1,6626.947,703.374,76.359,6200.000,610.000,90.000,100.000,58,-1.000,-1.000
909,16.232354,16.668403,8,1,0,3,0.000,1,6631.282,703.748,72.659,6200.000,610.000,90.000,100.000,58,-1.000,-1.000
910,16.744575,16.668484,8,1,0,3,0.000,1,6635.538,704.126,68.775,6200.000,610.000,90.000,100.000,58,-1.000,-1.000
911,16.611202,16.668144,8,1,0,3,0.000,1,6639.714,704.507,64.707,6200.000,610.000,90.000,100.000,58,-1.000,-1.000
912,16.867529,16.667533,8,1,0,3,0.000,1,6643.812,704.889,60.458,6200.000,610.000,90.000,100.000,58,-1.000,-1.000
913,16.400778,16.668224,8,1,0,3,0.000,1,6647.781,705.271,56.104,6200.000,610.000,90.000,100.000,58,-1.000,-1.000
914,16.826067,16.668634,8,1,0,3,0.000,1,6651.475,705.639,51.856,6200.000,610.000,90.000,100.000,58,-1.000,-1.000
915,16.796026,16.667353,8,1,0,3,0.000,1,6655.098,706.005,47.426,6200.000,610.000,90.000,100.000,58,-1.000,-1.000
916,16.722215,16.667544,8,1,0,3,0.000,1,6658.651,706.366,42.819,6200.000,610.000,90.000,100.000,58,-1.000,-1.000
917,16.580622,16.667974,8,1,0,3,0.000,1,6662.133,706.724,38.038,6200.000,610.000,90.000,100.000,58,-1.000,-1.000
918,16.399788,16.668913,8,1,0,3,0.000,1,6665.545,707.076,33.086,6200.000,610.000,90.000,100.000,58,-1.000,-1.000
919,16.731145,16.667074,8,1,0,3,0.000,1,6668.884,707.423,27.970,6200.000,610.000,90.000,100.000,58,-1.000,-1.000
920,17.149464,16.845768,8,1,0,3,0.000,1,6672.187,707.767,22.633,6200.000,610.000,90.000,100.000,58,-1.000,-1.000
921,18.317518,16.668893,8,1,0,3,0.000,1,6675.382,708.100,17.196,6200.000,610.000,90.000,100.000,58,-1.000,-1.000
922,15.947179,16.667344,8,1,0,3,0.000,1,6678.474,708.422,11.650,6200.000,610.000,90.000,100.000,58,-1.000,-1.000
923,16.160013,16.667104,8,1,0,3,0.000,1,6681.415,708.727,6.067,6200.000,610.000,90.000,100.000,58,-1.000,-1.000
924,23.115110,16.668683,8,1,0,3,0.000,1,6680.418,708.605,7.501,6200.000,610.000,90.000,100.000,58,-1.000,-1.000
925,10.555244,16.668434,8,1,0,3,0.000,1,6681.107,708.481,6.325,6200.000,610.000,90.000,100.000,58,-1.000,-1.000
926,16.459489,16.667504,8,1,0,3,0.000,1,6681.152,708.147,6.568,6200.000,610.000,90.000,100.000,58,-1.000,-1.000
927,16.550522,16.667673,8,1,0,3,0.000,1,6681.191,708.010,6.865,6200.000,610.000,90.000,100.000,58,-1.000,-1.000
928,16.775166,16.667924,8,1,0,3,0.000,1,6681.230,707.874,6.888,6200.000,610.000,90.000,100.000,58,-1.000,-1.000
929,16.722884,16.668004,8,1,0,3,0.000,1,6681.269,707.741,6.643,6200.000,610.000,90.000,100.000,58,-1.000,-1.000
930,16.778537,16.669033,8,1,0,3,0.000,1,6681.300,707.627,6.159,6200.000,610.000,90.000,100.000,58,-1.000,-1.000
931,16.788656,16.667264,8,1,0,3,0.000,1,6681.291,707.614,6.000,6200.000,610.000,90.000,100.000,58,-1.000,-1.000
932,16.341406,16.668514,8,1,0,3,0.000,1,6681.294,707.617,6.000,6200.000,610.000,90.000,100.000,58,-1.000,-1.000
933,16.765677,16.668593,8,1,0,3,0.000,1,6681.290,707.619,6.000,6200.000,610.000,90.000,100.000,58,-1.000,-1.000
934,16.565131,16.667184,8,1,0,3,0.000,1,6681.292,707.621,6.000,6200.000,610.000,90.000,100.000,58,-1.000,-1.000
935,16.746475,16.669144,8,1,0,3,0.000,1,6681.291,707.619,6.000,6200.000,610.000,90.000,100.000,58,-1.000,-1.000
936,16.726245,16.668153,8,1,0,3,0.000,1,6681.292,707.625,6.000,6200.000,610.000,90.000,100.000,58,-1.000,-1.000
937,16.682555,16.667834,8,1,0,3,0.000,1,6681.291,707.623,6.000,6200.000,610.000,90.000,100.000,58,-1.000,-1.000
938,16.652602,16.668044,8,1,0,3,0.000,1,6681.292,707.621,6.000,6200.000,610.000,90.000,100.000,58,-1.000,-1.000
939,16.585303,16.668023,8,1,0,3,0.000,1,6681.297,707.622,6.000,6200.000,610.000,90.000,100.000,58,-1.000,-1.000
940,16.868048,16.667584,8,1,0,3,0.000,1,6681.291,707.622,6.000,6200.000,610.000,90.000,100.000,58,-1.000,-1.000
941,16.821527,16.667584,8,1,0,3,0.000,1,6681.291,707.621,6.000,6200.000,610.000,90.000,100.000,58,-1.000,-1.000
942,17.244116,16.668573,8,1,0,3,0.000,1,6681.297,707.622,6.000,6200.000,610.000,90.000,100.000,58,-1.000,-1.000
943,16.476919,16.667764,8,1,0,3,0.000,1,6681.290,707.622,6.000,6200.000,610.000,90.000,100.000,58,-1.000,-1.000
944,16.258616,16.667695,8,1,0,3,0.000,1,6681.291,707.622,6.000,6200.000,610.000,90.000,100.000,58,-1.000,-1.000
945,16.070750,16.667843,8,1,0,3,0.000,1,6681.298,707.623,6.000,6200.000,610.000,90.000,100.000,58,-1.000,-1.000
946,16.675514,16.668494,8,1,0,3,0.000,1,6681.289,707.622,6.000,6200.000,610.000,90.000,100.000,58,-1.000,-1.000
947,17.310438,16.668624,8,1,0,3,0.000,1,6681.289,707.622,6.000,6200.000,610.000,90.000,100.000,58,-1.000,-1.000
948,15.543989,16.667893,8,1,0,3,0.000,1,6681.289,707.622,6.000,6200.000,610.000,90.000,100.000,58,-1.000,-1.000
949,17.036181,16.667524,8,1,0,3,0.000,1,6681.289,707.622,6.000,6200.000,610.000,90.000,100.000,58,-1.000,-1.000
950,16.336698,16.667404,8,1,0,3,0.000,1,6681.289,707.622,6.000,6200.000,610.000,90.000,100.000,58,-1.000,-1.000
951,16.671143,16.668563,8,1,0,3,0.000,1,6681.289,707.622,6.000,6200.000,610.000,90.000,100.000,58,-1.000,-1.000
952,16.727235,16.668024,8,1,0,3,0.000,1,6681.289,707.622,6.000,6200.000,610.000,90.000,100.000,58,-1.000,-1.000
953,16.900909,16.668194,8,1,0,3,0.000,1,6681.289,707.622,6.000,6200.000,610.000,90.000,100.000,58,-1.000,-1.000
954,16.373837,16.668843,8,1,0,3,0.000,1,6681.289,707.622,6.000,6200.000,610.000,90.000,100.000,58,-1.000,-1.000
955,16.881158,16.667474,8,1,0,3,0.000,1,6681.289,707.622,6.000,6200.000,610.000,90.000,100.000,58,-1.000,-1.000
956,16.345657,16.669004,8,1,0,3,0.000,1,6681.289,707.622,6.000,6200.000,610.000,90.000,100.000,58,-1.000,-1.000
957,16.915609,16.667243,8,1,0,3,0.000,1,6681.289,707.622,6.000,6200.000,610.000,90.000,100.000,58,-1.000,-1.000
958,16.546191,16.667284,8,1,0,3,0.000,1,6681.289,707.622,6.000,6200.000,610.000,90.000,100.000,58,-1.000,-1.000
959,17.852509,16.667354,8,1,0,3,0.000,1,6681.289,707.622,6.000,6200.000,610.000,90.000,100.000,58,-1.000,-1.000
960,15.544120,16.667203,8,1,0,3,0.000,1,6681.289,707.622,6.000,6200.000,610.000,90.000,100.000,58,-1.000,-1.000
961,16.860728,16.667894,8,1,0,3,0.000,1,6681.289,707.622,6.000,6200.000,610.000,90.000,100.000,58,-1.000,-1.000
962,16.484630,16.668764,8,1,0,3,0.000,1,6681.289,707.622,6.000,6200.000,610.000,90.000,100.000,58,-1.000,-1.000
963,16.891209,16.668933,8,1,0,3,0.000,1,6681.289,707.622,6.000,6200.000,610.000,90.000,100.000,58,-1.000,-1.000
964,16.434178,16.667264,8,1,0,3,0.000,1,6681.289,707.622,6.000,6200.000,610.000,90.000,100.000,58,-1.000,-1.000
965,17.769477,17.040422,8,1,0,3,0.000,1,6681.289,707.622,6.000,6200.000,610.000,90.000,100.000,58,-1.000,-1.000
966,15.987119,16.668154,8,1,0,3,0.000,1,6681.289,707.622,6.000,6200.000,610.000,90.000,100.000,58,-1.000,-1.000
967,16.625133,16.668793,8,1,0,3,0.000,1,6681.289,707.622,6.000,6200.000,610.000,90.000,100.000,58,-1.000,-1.000
968,16.530351,16.668654,8,1,0,3,0.000,1,6681.289,707.622,6.000,6200.000,610.000,90.000,100.000,58,-1.000,-1.000
969,16.780186,16.667194,8,1,0,3,0.000,1,6681.289,707.622,6.000,6200.000,610.000,90.000,100.000,58,-1.000,-1.000
970,16.850817,16.667863,8,1,0,3,0.000,1,6681.289,707.622,6.000,6200.000,610.000,90.000,100.000,58,-1.000,-1.000
971,16.345477,16.668774,8,1,0,3,0.000,1,6681.289,707.622,6.000,6200.000,610.000,90.000,100.000,58,-1.000,-1.000
972,16.780097,16.668334,8,1,0,3,0.000,1,6681.289,707.622,6.000,6200.000,610.000,90.000,100.000,58,-1.000,-1.000
973,16.728444,16.667073,8,1,0,3,0.000,1,6681.289,707.622,6.000,6200.000,610.000,90.000,100.000,58,-1.000,-1.000
974,16.450450,16.667474,8,1,0,3,0.000,1,6681.289,707.622,6.000,6200.000,610.000,90.000,100.000,58,-1.000,-1.000
975,17.024221,16.667914,8,1,0,3,0.000,1,6681.289,707.622,6.000,6200.000,610.000,90.000,100.000,58,-1.000,-1.000
976,16.399037,16.668213,8,1,0,3,0.000,1,6681.289,707.622,6.000,6200.000,610.000,90.000,100.000,58,-1.000,-1.000
977,16.534942,16.667424,8,1,0,3,0.000,1,6681.289,707.622,6.000,6200.000,610.000,90.000,100.000,58,-1.000,-1.000
978,17.556282,16.668854,8,1,0,3,0.000,1,6681.289,707.622,6.000,6200.000,610.000,90.000,100.000,58,-1.000,-1.000
979,20.069056,16.668473,8,1,0,3,0.000,1,6681.289,707.622,6.000,6200.000,610.000,90.000,100.000,58,-1.000,-1.000
980,16.766606,16.667564,8,1,0,3,0.000,1,6681.289,707.622,6.000,6200.000,610.000,90.000,100.000,58,-1.000,-1.000
981,12.400542,16.667284,8,1,0,3,0.000,1,6681.289,707.622,6.000,6200.000,610.000,90.000,100.000,58,-1.000,-1.000
982,16.633064,16.668833,8,1,0,3,0.000,1,6681.289,707.622,6.000,6200.000,610.000,90.000,100.000,58,-1.000,-1.000
983,16.447109,16.668384,8,1,0,3,0.000,1,6681.289,707.622,6.000,6200.000,610.000,90.000,100.000,58,-1.000,-1.000
984,18.299488,16.667384,8,1,0,3,0.000,1,6681.289,707.622,6.000,6200.000,610.000,90.000,100.000,58,-1.000,-1.000
985,21.691420,16.667443,8,1,0,3,0.000,1,6681.289,707.622,6.000,6200.000,610.000,90.000,100.000,58,-1.000,-1.000
986,16.386718,16.668574,8,1,0,3,0.000,1,6681.289,707.622,6.000,6200.000,610.000,90.000,100.000,58,-1.000,-1.000
987,17.029732,16.667955,8,1,0,3,0.000,1,6681.289,707.622,6.000,6200.000,610.000,90.000,100.000,58,-1.000,-1.000
988,10.533063,16.668603,8,1,0,3,0.000,1,6681.289,707.622,6.000,6200.000,610.000,90.000,100.000,58,-1.000,-1.000
989,16.314256,16.668344,8,1,0,3,0.000,1,6681.289,707.622,6.000,6200.000,610.000,90.000,100.000,58,-1.000,-1.000
990,16.909559,16.669264,8,1,0,3,0.000,1,6681.289,707.622,6.000,6200.000,610.000,90.000,100.000,58,-1.000,-1.000
991,17.053532,16.667943,8,1,0,3,0.000,1,6681.289,707.622,6.000,6200.000,610.000,90.000,100.000,58,-1.000,-1.000
992,16.083311,16.667294,8,1,0,3,0.000,1,6681.289,707.622,6.000,6200.000,610.000,90.000,100.000,58,-1.000,-1.000
993,16.905189,16.668854,8,1,0,3,0.000,1,6681.289,707.622,6.000,6200.000,610.000,90.000,100.000,58,-1.000,-1.000
994,16.187964,16.667623,8,1,0,3,0.000,1,6681.289,707.622,6.000,6200.000,610.000,90.000,100.000,58,-1.000,-1.000
995,16.811856,16.667334,8,1,0,3,0.000,1,6681.289,707.622,6.000,6200.000,610.000,90.000,100.000,58,-1.000,-1.000
996,16.785276,16.667164,8,1,0,3,0.000,1,6681.289,707.622,6.000,6200.000,610.000,90.000,100.000,58,-1.000,-1.000
997,16.910379,16.667183,8,1,0,3,0.000,1,6681.289,707.622,6.000,6200.000,610.000,90.000,100.000,58,-1.000,-1.000
998,16.857208,16.668264,8,1,0,3,0.000,1,6681.289,707.622,6.000,6200.000,610.000,90.000,100.000,58,-1.000,-1.000
999,16.879258,16.667304,8,1,0,3,0.000,1,6681.289,707.622,6.000,6200.000,610.000,90.000,100.000,58,-1.000,-1.000
1000,16.434898,16.668263,8,1,0,3,0.000,1,6681.289,707.622,6.000,6200.000,610.000,90.000,100.000,58,-1.000,-1.000
1001,20.219380,16.667664,8,1,0,3,0.000,1,6681.289,707.622,6.000,6200.000,610.000,90.000,100.000,58,-1.000,-1.000
1002,12.731360,16.667373,8,1,0,3,0.000,1,6681.289,707.622,6.000,6200.000,610.000,90.000,100.000,58,-1.000,-1.000
1003,17.401639,16.668094,8,1,0,3,0.000,1,6681.289,707.622,6.000,6200.000,610.000,90.000,100.000,58,-1.000,-1.000
1004,20.065046,16.667604,8,1,0,3,0.000,1,6681.289,707.622,6.000,6200.000,610.000,90.000,100.000,58,-1.000,-1.000
1005,16.617942,16.668423,8,1,0,3,0.000,1,6681.289,707.622,6.000,6200.000,610.000,90.000,100.000,58,-1.000,-1.000
1006,16.683755,16.667924,8,1,0,3,0.000,1,6681.289,707.622,6.000,6200.000,610.000,90.000,100.000,58,-1.000,-1.000
1007,16.987540,16.667814,8,1,0,3,0.000,1,6681.289,707.622,6.000,6200.000,610.000,90.000,100.000,58,-1.000,-1.000
1008,17.302307,16.668923,8,1,0,3,0.000,1,6681.289,707.622,6.000,6200.000,610.000,90.000,100.000,58,-1.000,-1.000
1009,17.775727,16.667664,8,1,0,3,0.000,1,6681.289,707.622,6.000,6200.000,610.000,90.000,100.000,58,-1.000,-1.000
1010,15.538020,16.668034,8,1,0,3,0.000,1,6681.289,707.622,6.000,6200.000,610.000,90.000,100.000,58,-1.000,-1.000
1011,11.793061,16.674213,27,1,0,3,0.000,1,6681.289,707.622,6.000,6200.000,610.000,90.000,100.000,58,-1.000,-1.000
1012,195.281414,16.668914,27,1,0,3,0.000,1,6681.289,707.622,6.000,6200.000,610.000,90.000,100.000,58,-1.000,-1.000
1013,7.401696,182.995434,27,1,0,3,0.000,1,6681.289,707.622,6.000,6200.000,610.000,90.000,100.000,58,-1.000,-1.000
1014,13.010826,16.667594,27,1,0,3,0.000,1,6681.289,707.622,6.000,6200.000,610.000,90.000,100.000,58,-1.000,-1.000
1015,15.898728,16.667583,27,1,0,3,0.000,1,6681.289,707.622,6.000,6200.000,610.000,90.000,100.000,58,-1.000,-1.000
1016,16.308516,16.667044,27,1,0,3,0.000,1,6681.289,707.622,6.000,6200.000,610.000,90.000,100.000,58,-1.000,-1.000
1017,17.077552,16.667404,27,1,0,3,0.000,1,6681.289,707.622,6.000,6200.000,610.000,90.000,100.000,58,-1.000,-1.000
1018,19.347841,16.667513,27,1,0,3,0.000,1,6681.289,707.622,6.000,6200.000,610.000,90.000,100.000,58,-1.000,-1.000
1019,13.734181,16.667044,27,1,0,3,0.000,1,6681.289,707.622,6.000,6200.000,610.000,90.000,100.000,58,-1.000,-1.000
1020,16.715515,16.667024,27,1,0,3,0.000,1,6681.289,707.622,6.000,6200.000,610.000,90.000,100.000,58,-1.000,-1.000
1021,22.136379,16.667923,27,1,0,3,0.000,1,6681.289,707.622,6.000,6200.000,610.000,90.000,100.000,58,-1.000,-1.000
1022,19.754360,16.668014,27,1,0,3,0.000,1,6681.289,707.622,6.000,6200.000,610.000,90.000,100.000,58,-1.000,-1.000
1023,16.290365,16.702185,27,1,0,3,0.000,1,6681.289,707.622,6.000,6200.000,610.000,90.000,100.000,58,-1.000,-1.000
1024,16.078651,16.681493,27,1,0,3,0.000,1,6681.289,707.622,6.000,6200.000,610.000,90.000,100.000,58,-1.000,-1.000
1025,16.307027,16.668224,27,1,0,3,0.000,1,6681.289,707.622,6.000,6200.000,610.000,90.000,100.000,58,-1.000,-1.000
1026,11.856832,16.668344,27,1,0,3,0.000,1,6681.289,707.622,6.000,6200.000,610.000,90.000,100.000,58,-1.000,-1.000
1027,21.988077,16.668743,27,1,0,3,0.000,1,6681.289,707.622,6.000,6200.000,610.000,90.000,100.000,58,-1.000,-1.000
1028,15.350155,16.667364,27,1,0,3,0.000,1,6681.289,707.622,6.000,6200.000,610.000,90.000,100.000,58,-1.000,-1.000
1029,17.986532,16.668264,27,1,0,3,0.000,1,6681.289,707.622,6.000,6200.000,610.000,90.000,100.000,58,-1.000,-1.000
1030,16.273975,16.667293,27,1,0,3,0.000,1,6681.289,707.622,6.000,6200.000,610.000,90.000,100.000,58,-1.000,-1.000
1031,10.342179,16.667304,27,1,0,3,0.000,1,6681.289,707.622,6.000,6200.000,610.000,90.000,100.000,58,-1.000,-1.000
1032,21.582018,16.668614,9,1,0,3,0.000,1,6681.289,707.622,6.000,6200.000,610.000,90.000,100.000,58,-1.000,-1.000
1033,17.522523,16.668003,9,1,0,3,0.000,1,6681.289,707.622,6.000,6300.000,700.000,90.000,100.000,58,-1.000,-1.000
1034,10.724456,16.667324,9,1,0,3,0.000,1,6681.289,707.622,6.000,6300.000,700.000,90.000,100.000,58,-1.000,-1.000
1035,16.823908,16.668804,9,1,0,3,0.000,1,6681.289,707.622,6.000,6300.000,700.000,90.000,100.000,58,-1.000,-1.000
1036,20.128677,16.668803,9,1,0,3,0.000,1,6681.289,707.622,6.000,6300.000,700.000,90.000,100.000,58,-1.000,-1.000
1037,13.143818,16.667364,9,1,0,3,0.000,1,6681.289,707.622,6.000,6300.000,700.000,90.000,100.000,58,-1.000,-1.000
1038,20.163579,16.668894,9,1,0,3,0.000,1,6681.289,707.622,6.000,6300.000,700.000,90.000,100.000,58,-1.000,-1.000
1039,17.556522,16.668284,9,1,0,3,0.000,1,6681.289,707.622,6.000,6300.000,700.000,90.000,100.000,58,-1.000,-1.000
1040,16.336506,16.668914,9,1,0,3,0.000,1,6681.289,707.622,6.000,6300.000,700.000,90.000,100.000,58,-1.000,-1.000
1041,16.920309,16.667214,9,1,0,3,0.000,1,6681.289,707.622,6.000,6300.000,700.000,90.000,100.000,58,-1.000,-1.000
1042,17.271448,16.667223,9,1,0,3,0.000,1,6681.289,707.622,6.000,6300.000,700.000,90.000,100.000,58,-1.000,-1.000
1043,16.343876,16.668034,9,1,0,3,0.000,1,6681.289,707.622,6.000,6300.000,700.000,90.000,100.000,58,-1.000,-1.000
1044,16.599993,16.668794,9,1,0,3,0.000,1,6681.289,707.622,6.000,6300.000,700.000,90.000,100.000,58,-1.000,-1.000
1045,16.225194,16.667133,9,1,0,3,0.000,1,6681.289,707.622,6.000,6300.000,700.000,90.000,100.000,58,-1.000,-1.000
1046,12.540826,16.668354,9,1,0,3,0.000,1,6681.289,707.622,6.000,6300.000,700.000,90.000,100.000,58,-1.000,-1.000
1047,16.900938,16.667394,9,1,0,3,0.000,1,6681.289,707.622,6.000,6300.000,700.000,90.000,100.000,58,-1.000,-1.000
1048,16.571612,16.667233,9,1,0,3,0.000,1,6681.289,707.622,6.000,6300.000,700.000,90.000,100.000,58,-1.000,-1.000
1049,16.888029,16.668734,9,1,0,3,0.000,1,6681.289,707.622,6.000,6300.000,700.000,90.000,100.000,58,-1.000,-1.000
1050,16.658393,16.668084,9,1,0,3,0.000,1,6681.289,707.622,6.000,6300.000,700.000,90.000,100.000,58,-1.000,-1.000
1051,16.750785,16.667323,9,1,0,3,0.000,1,6681.289,707.622,6.000,6300.000,700.000,90.000,100.000,58,-1.000,-1.000
1052,16.541222,16.668384,9,1,0,3,0.000,1,6681.289,707.622,6.000,6300.000,700.000,90.000,100.000,58,-1.000,-1.000
1053,16.690143,16.668724,9,1,0,3,0.000,1,6681.289,707.622,6.000,6300.000,700.000,90.000,100.000,58,-1.000,-1.000
1054,19.602627,16.668283,9,1,0,3,0.000,1,6681.289,707.622,6.000,6300.000,700.000,90.000,100.000,58,-1.000,-1.000
1055,17.486370,16.668514,9,1,0,3,0.000,1,6681.289,707.622,6.000,6300.000,700.000,90.000,100.000,58,-1.000,-1.000
1056,16.944940,16.669184,9,1,0,3,0.000,1,6681.289,707.622,6.000,6300.000,700.000,90.000,100.000,58,-1.000,-1.000
1057,12.461135,16.668673,9,1,0,3,0.000,1,6681.289,707.622,6.000,6300.000,700.000,90.000,100.000,58,-1.000,-1.000
1058,17.485660,16.668014,9,1,0,3,0.000,1,6681.289,707.622,6.000,6300.000,700.000,90.000,100.000,58,-1.000,-1.000
1059,15.744205,16.668104,9,1,0,3,0.000,1,6681.289,707.622,6.000,6300.000,700.000,90.000,100.000,58,-1.000,-1.000
1060,16.758146,16.667263,9,1,0,3,0.000,1,6681.289,707.622,6.000,6300.000,700.000,90.000,100.000,58,-1.000,-1.000
1061,17.537261,16.667954,9,1,0,3,0.000,1,6681.289,707.622,6.000,6300.000,700.000,90.000,100.000,58,-1.000,-1.000
1062,21.632500,16.667764,9,1,0,3,0.000,1,6681.289,707.622,6.000,6300.000,700.000,90.000,100.000,58,-1.000,-1.000
1063,15.797695,16.668123,9,1,0,3,0.000,1,6681.289,707.622,6.000,6300.000,700.000,90.000,100.000,58,-1.000,-1.000
1064,12.110347,16.668304,9,1,0,3,0.000,1,6681.289,707.622,6.000,6300.000,700.000,90.000,100.000,58,-1.000,-1.000
1065,16.513800,16.668364,9,1,0,3,0.000,1,6681.289,707.622,6.000,6300.000,700.000,90.000,100.000,58,-1.000,-1.000
1066,16.717965,16.668403,9,1,0,3,0.000,1,6681.289,707.622,6.000,6300.000,700.000,90.000,100.000,58,-1.000,-1.000
1067,16.772056,16.668845,9,1,0,3,0.000,1,6681.289,707.622,6.000,6300.000,700.000,90.000,100.000,58,-1.000,-1.000
1068,16.502600,16.668223,9,1,0,3,0.000,1,6681.289,707.622,6.000,6300.000,700.000,90.000,100.000,58,-1.000,-1.000
1069,16.723635,16.667454,9,1,0,3,0.000,1,6681.289,707.622,6.000,6300.000,700.000,90.000,100.000,58,-1.000,-1.000
1070,16.663264,16.668234,9,1,0,3,0.000,1,6681.289,707.622,6.000,6300.000,700.000,90.000,100.000,58,-1.000,-1.000
1071,16.498090,16.667733,9,1,0,3,0.000,1,6681.289,707.622,6.000,6300.000,700.000,90.000,100.000,58,-1.000,-1.000
1072,19.743959,16.667274,9,1,0,3,0.000,1,6681.289,707.622,6.000,6300.000,700.000,90.000,100.000,58,-1.000,-1.000
1073,13.736272,16.668114,9,1,0,3,0.000,1,6681.289,707.622,6.000,6300.000,700.000,90.000,100.000,58,-1.000,-1.000
1074,16.662723,16.668283,9,1,0,3,0.000,1,6681.289,707.622,6.000,6300.000,700.000,90.000,100.000,58,-1.000,-1.000
1075,16.660253,16.668114,9,1,0,3,0.000,1,6681.289,707.622,6.000,6300.000,700.000,90.000,100.000,58,-1.000,-1.000
1076,16.641504,16.667474,9,1,0,3,0.000,1,6681.289,707.622,6.000,6300.000,700.000,90.000,100.000,58,-1.000,-1.000
1077,20.603246,16.668353,9,1,0,3,0.000,1,6681.289,707.622,6.000,6300.000,700.000,90.000,100.000,58,-1.000,-1.000
1078,12.810182,16.667444,9,1,0,3,0.000,1,6681.289,707.622,6.000,6300.000,700.000,90.000,100.000,58,-1.000,-1.000
1079,16.758646,16.667564,9,1,0,3,0.000,1,6681.289,707.622,6.000,6300.000,700.000,90.000,100.000,58,-1.000,-1.000
1080,17.065862,16.668903,9,1,0,3,0.000,1,6681.289,707.622,6.000,6300.000,700.000,90.000,100.000,58,-1.000,-1.000
1081,16.157263,16.669184,9,1,0,3,0.000,1,6681.289,707.622,6.000,6300.000,700.000,90.000,100.000,58,-1.000,-1.000
1082,16.792197,16.667234,9,1,0,3,0.000,1,6681.289,707.622,6.000,6300.000,700.000,90.000,100.000,58,-1.000,-1.000
1083,16.795055,16.668433,9,1,0,3,0.000,1,6681.289,707.622,6.000,6300.000,700.000,90.000,100.000,58,-1.000,-1.000
1084,16.435360,16.668254,9,1,0,3,0.000,1,6681.289,707.622,6.000,6300.000,700.000,90.000,100.000,58,-1.000,-1.000
1085,16.739105,16.668514,9,1,0,3,0.000,1,6681.289,707.622,6.000,6300.000,700.000,90.000,100.000,58,-1.000,-1.000
1086,16.552621,16.669193,9,1,0,3,0.000,1,6681.289,707.622,6.000,6300.000,700.000,90.000,100.000,58,-1.000,-1.000
1087,16.794136,16.668314,9,1,0,3,0.000,1,6681.289,707.622,6.000,6300.000,700.000,90.000,100.000,58,-1.000,-1.000
1088,19.302040,16.668124,9,1,0,3,0.000,1,6681.289,707.622,6.000,6300.000,700.000,90.000,100.000,58,-1.000,-1.000
1089,34.020192,16.668063,9,1,0,3,0.000,1,6681.289,707.622,6.000,6300.000,700.000,90.000,100.000,58,-1.000,-1.000
1090,12.481535,24.137443,9,1,0,3,0.000,1,6681.289,707.622,6.000,6300.000,700.000,90.000,100.000,58,-1.000,-1.000
1091,12.630317,16.667433,9,1,0,3,0.000,1,6681.289,707.622,6.000,6300.000,700.000,90.000,100.000,58,-1.000,-1.000
1092,16.720265,16.668054,10,1,0,3,0.000,1,6681.289,707.622,6.000,6300.000,700.000,90.000,100.000,58,-1.000,-1.000
1093,13.816314,16.668814,10,1,0,3,0.000,1,6681.289,707.622,6.000,6300.667,700.000,90.000,100.000,58,-1.000,-1.000
1094,16.189613,16.668324,10,1,0,3,0.000,1,6681.289,707.622,6.000,6302.000,700.000,90.000,100.000,58,-1.000,-1.000
1095,16.392738,16.667774,10,1,0,3,0.000,1,6681.289,707.622,6.000,6304.001,700.000,90.000,100.000,58,-1.000,-1.000
1096,16.593752,16.668404,10,1,0,3,0.000,1,6681.289,707.622,6.000,6306.668,700.000,90.000,100.000,58,-1.000,-1.000
1097,16.706665,16.667973,10,1,0,3,0.000,1,6681.289,707.622,6.000,6310.002,700.000,90.000,100.000,58,-1.000,-1.000
1098,16.437698,16.667744,10,1,0,3,0.000,1,6681.289,707.622,6.000,6314.003,700.000,90.000,100.000,58,-1.000,-1.000
1099,16.522081,16.668363,10,1,0,3,0.000,1,6681.289,707.622,6.000,6318.670,700.000,90.000,100.000,58,-1.000,-1.000
1100,16.688194,16.667424,10,1,0,3,0.000,1,6681.289,707.622,6.000,6324.004,700.000,90.000,100.000,58,-1.000,-1.000
1101,19.678468,16.668574,10,1,0,3,0.000,1,6681.289,707.622,6.000,6330.005,700.000,90.000,100.000,58,-1.000,-1.000
1102,18.999413,16.668353,10,1,0,3,0.000,1,6681.289,707.622,6.000,6336.673,700.000,90.000,100.000,58,-1.000,-1.000
1103,11.694588,16.667684,10,1,0,3,0.000,1,6681.289,707.622,6.000,6344.008,700.000,90.000,100.000,58,-1.000,-1.000
1104,16.505430,16.668434,10,1,0,3,0.000,1,6681.289,707.622,6.000,6352.009,700.000,90.000,100.000,58,-1.000,-1.000
1105,16.472090,16.668933,10,1,0,3,0.000,1,6681.289,707.622,6.000,6360.677,700.000,90.000,100.000,58,-1.000,-1.000
1106,16.914229,16.668524,10,1,0,3,0.000,1,6681.289,707.622,6.000,6369.345,700.000,90.000,100.000,58,-1.000,-1.000
1107,15.399347,16.667374,10,1,0,3,0.000,1,6681.289,707.622,6.000,6378.012,700.000,90.000,100.000,58,-1.000,-1.000
1108,16.634543,16.666863,10,1,0,3,0.000,1,6681.289,707.622,6.000,6386.679,700.000,90.000,100.000,58,-1.000,-1.000
1109,17.032811,16.667324,10,1,0,3,0.000,1,6681.289,707.622,6.000,6395.346,700.000,90.000,100.000,58,-1.000,-1.000
1110,16.160703,16.667574,10,1,0,3,0.000,1,6681.289,707.622,6.000,6404.013,700.000,90.000,100.000,58,-1.000,-1.000
1111,18.254267,16.667413,10,1,0,3,0.000,1,6681.289,707.622,6.000,6412.680,700.000,90.000,100.000,58,-1.000,-1.000
1112,15.080650,16.667724,10,1,0,3,0.000,1,6681.289,707.622,6.000,6421.347,700.000,90.000,100.000,58,-1.000,-1.000
1113,16.596023,16.667184,10,1,0,3,0.000,1,6681.289,707.622,6.000,6430.014,700.000,90.000,100.000,58,-1.000,-1.000
1114,17.820398,16.667363,10,1,0,3,0.000,1,6681.289,707.622,6.000,6438.681,700.000,90.000,100.000,58,-1.000,-1.000
1115,19.773369,16.667394,10,1,0,3,0.000,1,6681.289,707.622,6.000,6447.348,700.000,90.000,100.000,58,-1.000,-1.000
1116,16.603793,16.667224,10,1,0,3,0.000,1,6681.289,707.622,6.000,6456.015,700.000,90.000,100.000,58,-1.000,-1.000
1117,17.666555,16.667333,10,1,0,3,0.000,1,6681.289,707.622,6.000,6464.682,700.000,90.000,100.000,58,-1.000,-1.000
1118,11.383511,16.666854,10,1,0,3,0.000,1,6681.289,707.622,6.000,6473.349,700.000,90.000,100.000,58,-1.000,-1.000
1119,17.042972,16.667614,10,1,0,3,0.000,1,6681.289,707.622,6.000,6482.016,700.000,90.000,100.000,58,-1.000,-1.000
1120,20.522725,16.667203,10,1,0,3,0.000,1,6681.289,707.622,6.000,6490.683,700.000,90.000,100.000,58,-1.000,-1.000
1121,12.724290,16.667414,10,1,0,3,0.000,1,6681.289,707.622,6.000,6499.350,700.000,90.000,100.000,58,-1.000,-1.000
1122,16.934299,16.667594,10,1,0,3,0.000,1,6681.289,707.622,6.000,6508.017,700.000,90.000,100.000,58,-1.000,-1.000
1123,16.561542,16.666983,10,1,0,3,0.000,1,6681.289,707.622,6.000,6516.684,700.000,90.000,100.000,58,-1.000,-1.000
1124,16.541171,16.666874,10,1,0,3,0.000,1,6681.289,707.622,6.000,6525.351,700.000,90.000,100.000,58,-1.000,-1.000
1125,16.881408,16.667654,10,1,0,3,0.000,1,6681.289,707.622,6.000,6534.018,700.000,90.000,100.000,58,-1.000,-1.000
1126,16.765556,16.667063,10,1,0,3,0.000,1,6681.289,707.622,6.000,6542.685,700.000,90.000,100.000,58,-1.000,-1.000
1127,16.782026,16.667104,10,1,0,3,0.000,1,6681.289,707.622,6.000,6551.352,700.000,90.000,100.000,58,-1.000,-1.000
1128,16.604282,16.667034,10,1,0,3,0.000,1,6681.289,707.622,6.000,6560.018,700.000,90.000,100.000,58,-1.000,-1.000
1129,16.654484,16.666973,10,1,0,3,0.000,1,6681.289,707.622,6.000,6568.685,700.000,90.000,100.000,58,-1.000,-1.000
1130,16.456299,16.667024,10,1,0,3,0.000,1,6681.289,707.622,6.000,6577.352,700.000,90.000,100.000,58,-1.000,-1.000
1131,16.702894,16.667474,10,1,0,3,0.000,1,6681.289,707.622,6.000,6586.019,700.000,90.000,100.000,58,-1.000,-1.000
1132,16.613153,16.667653,10,1,0,3,0.000,1,6681.289,707.622,6.000,6594.686,700.000,90.000,100.000,58,-1.000,-1.000
1133,16.683264,16.667005,10,1,0,3,0.000,1,6681.289,707.622,6.000,6603.353,700.000,90.000,100.000,58,-1.000,-1.000
1134,16.799096,16.667494,10,1,0,3,0.000,1,6681.289,707.622,6.000,6612.020,700.000,90.000,100.000,58,-1.000,-1.000
1135,19.721539,16.667573,10,1,0,3,0.000,1,6681.289,707.622,6.000,6620.687,700.000,90.000,100.000,58,-1.000,-1.000
1136,13.236871,16.667474,10,1,0,3,0.000,1,6681.289,707.622,6.000,6629.355,700.000,90.000,100.000,58,-1.000,-1.000
1137,17.189054,16.667634,10,1,0,3,0.000,1,6681.289,707.622,6.000,6638.022,700.000,90.000,100.000,58,-1.000,-1.000
1138,16.380509,16.667433,10,1,0,3,0.000,1,6681.289,707.622,6.000,6646.689,700.000,90.000,100.000,58,-1.000,-1.000
1139,16.941069,16.668304,10,1,0,3,0.000,1,6681.289,707.622,6.000,6655.356,700.000,90.000,100.000,58,-1.000,-1.000
1140,21.711390,16.667454,10,1,0,3,0.000,1,6681.289,707.622,6.000,6664.023,700.000,90.000,100.000,58,-1.000,-1.000
1141,13.722212,16.700303,10,1,0,3,0.000,1,6681.289,707.622,6.000,6672.708,700.000,90.000,100.000,58,-1.000,-1.000
1142,16.711235,16.667344,10,1,0,3,0.000,1,6681.289,707.622,6.000,6681.375,700.000,90.000,96.999,58,-1.000,-1.000
1143,15.415256,16.667844,10,1,0,3,0.000,1,6681.289,707.622,6.000,6690.042,700.000,90.000,96.999,58,-1.000,-1.000
1144,16.637184,16.668543,10,1,0,3,0.000,1,6681.289,707.622,6.000,6698.709,700.000,90.000,96.999,58,-1.000,-1.000
1145,16.678063,16.667064,10,1,0,3,0.000,1,6681.289,707.622,6.000,6707.376,700.000,90.000,96.999,58,-1.000,-1.000
1146,16.559502,16.668544,11,1,0,3,0.000,1,6681.289,707.622,6.000,6716.044,700.000,90.000,96.999,58,-1.000,-1.000
1147,18.563833,16.667694,11,1,0,3,0.000,1,6681.289,707.622,6.000,6770.000,700.000,90.000,96.999,58,-1.000,-1.000
1148,14.551759,16.668384,11,1,0,3,0.000,1,6681.289,707.622,6.000,6770.000,700.000,90.000,96.999,58,-1.000,-1.000
1149,16.364027,16.667634,11,1,0,3,0.000,1,6681.289,707.622,6.000,6770.000,700.000,90.000,96.999,58,-1.000,-1.000
1150,16.829268,16.667103,11,1,0,3,0.000,1,6681.289,707.622,6.000,6770.000,700.000,90.000,96.999,58,-1.000,-1.000
1151,16.562051,16.669064,11,1,0,3,0.000,1,6681.289,707.622,6.000,6770.000,700.000,90.000,96.999,58,-1.000,-1.000
1152,16.662003,16.669084,11,1,0,3,0.000,1,6681.289,707.622,6.000,6770.000,700.000,90.000,96.999,58,-1.000,-1.000
1153,16.576123,16.668493,11,1,0,3,0.000,1,6681.289,707.622,6.000,6770.000,700.000,90.000,96.999,58,-1.000,-1.000
1154,20.677419,16.668714,11,1,0,3,0.000,1,6681.289,707.622,6.000,6770.000,700.000,90.000,96.999,58,-1.000,-1.000
1155,14.797473,16.667884,11,1,0,3,0.000,1,6681.289,707.622,6.000,6770.000,700.000,90.000,96.999,58,-1.000,-1.000
1156,16.825017,16.679563,11,1,0,3,0.000,1,6681.289,707.622,6.000,6770.000,700.000,90.000,96.999,58,-1.000,-1.000
1157,17.452651,16.667574,11,1,0,3,0.000,1,6681.289,707.622,6.000,6770.000,700.000,90.000,93.999,58,-1.000,-1.000
1158,13.838744,16.667084,11,1,0,3,0.000,1,6681.289,707.622,6.000,6770.000,700.000,90.000,93.999,58,-1.000,-1.000
1159,18.621034,16.668143,11,1,0,3,0.000,1,6681.289,707.622,6.000,6770.000,700.000,90.000,93.999,58,-1.000,-1.000
1160,16.773306,16.667524,11,1,0,3,0.000,1,6681.289,707.622,6.000,6770.000,700.000,90.000,93.999,58,-1.000,-1.000
1161,14.575660,16.668844,11,1,0,3,0.000,1,6681.289,707.622,6.000,6770.000,700.000,90.000,93.999,58,-1.000,-1.000
1162,19.400682,16.668933,11,1,0,3,0.000,1,6681.289,707.622,6.000,6770.000,700.000,90.000,93.999,58,-1.000,-1.000
1163,13.997907,16.667944,11,1,0,3,0.000,1,6681.289,707.622,6.000,6770.000,700.000,90.000,93.999,58,-1.000,-1.000
1164,16.749405,16.668514,11,1,0,3,0.000,1,6681.289,707.622,6.000,6770.000,700.000,90.000,93.999,58,-1.000,-1.000
1165,16.477929,16.667293,11,1,0,3,0.000,1,6681.289,707.622,6.000,6770.000,700.000,90.000,93.999,58,-1.000,-1.000
1166,16.671355,16.669024,11,1,0,3,0.000,1,6681.289,707.622,6.000,6770.000,700.000,90.000,93.999,58,-1.000,-1.000
1167,17.112313,16.668425,11,1,0,3,0.000,1,6681.289,707.622,6.000,6770.000,700.000,90.000,93.999,58,-1.000,-1.000
1168,16.400027,16.668053,11,1,0,3,0.000,1,6681.289,707.622,6.000,6770.000,700.000,90.000,93.999,58,-1.000,-1.000
1169,17.008181,16.668734,11,1,0,3,0.000,1,6681.289,707.622,6.000,6770.000,700.000,90.000,93.999,58,-1.000,-1.000
1170,16.760056,16.667334,11,1,0,3,0.000,1,6681.289,707.622,6.000,6770.000,700.000,90.000,93.999,58,-1.000,-1.000
1171,16.186643,16.668113,11,1,0,3,0.000,1,6681.289,707.622,6.000,6770.000,700.000,90.000,93.999,58,-1.000,-1.000
1172,17.140414,16.668014,11,1,0,3,0.000,1,6681.289,707.622,6.000,6770.000,700.000,90.000,90.999,58,-1.000,-1.000
1173,16.610013,16.668604,11,1,0,3,0.000,1,6681.289,707.622,6.000,6770.000,700.000,90.000,90.999,58,-1.000,-1.000
1174,16.819847,16.667033,11,1,0,3,0.000,1,6681.289,707.622,6.000,6770.000,700.000,90.000,90.999,58,-1.000,-1.000
1175,17.508301,16.667524,11,1,0,3,0.000,1,6681.289,707.622,6.000,6770.000,700.000,90.000,90.999,58,-1.000,-1.000
1176,15.709863,16.667453,11,1,0,3,0.000,1,6681.289,707.622,6.000,6770.000,700.000,90.000,90.999,58,-1.000,-1.000
1177,16.548062,16.668624,11,1,0,3,0.000,1,6681.289,707.622,6.000,6770.000,700.000,90.000,90.999,58,-1.000,-1.000
1178,16.324126,16.667064,11,1,0,3,0.000,1,6681.289,707.622,6.000,6770.000,700.000,90.000,90.999,58,-1.000,-1.000
1179,16.657163,16.667803,11,1,0,3,0.000,1,6681.289,707.622,6.000,6770.000,700.000,90.000,90.999,58,-1.000,-1.000
1180,16.568392,16.667484,11,1,0,3,0.000,1,6681.289,707.622,6.000,6770.000,700.000,90.000,90.999,58,-1.000,-1.000
1181,17.051582,16.669204,11,1,0,3,0.000,1,6681.289,707.622,6.000,6770.000,700.000,90.000,90.999,58,-1.000,-1.000
1182,16.760566,16.669063,11,1,0,3,0.000,1,6681.289,707.622,6.000,6770.000,700.000,90.000,90.999,58,-1.000,-1.000
1183,21.470225,16.906909,11,1,0,3,0.000,1,6681.289,707.622,6.000,6770.000,700.000,90.000,90.999,58,-1.000,-1.000
1184,12.147327,16.668974,11,1,0,3,0.000,1,6681.289,707.622,6.000,6770.000,700.000,90.000,90.999,58,-1.000,-1.000
1185,16.169964,16.668394,11,1,0,3,0.000,1,6681.289,707.622,6.000,6770.000,700.000,90.000,90.999,58,-1.000,-1.000
1186,17.613494,16.668543,11,1,0,3,0.000,1,6681.289,707.622,6.000,6770.000,700.000,90.000,90.999,58,-1.000,-1.000
1187,17.243225,16.667174,11,1,0,3,0.000,1,6681.289,707.622,6.000,6770.000,700.000,90.000,87.996,58,-1.000,-1.000
1188,21.170810,16.668384,12,1,0,3,0.000,1,6681.289,707.622,6.000,6770.000,700.000,90.000,87.996,58,100.000,70.000
1189,12.525106,16.667493,12,1,0,3,0.000,1,6681.289,707.622,6.000,6770.000,700.000,90.000,87.996,58,100.000,70.000
1190,16.373038,16.668704,12,1,0,3,0.000,1,6681.289,707.622,6.000,6770.000,700.000,90.000,87.996,58,100.000,70.000
1191,16.444258,16.668064,12,1,0,3,0.000,1,6681.289,707.622,6.000,6770.000,700.000,90.000,87.996,58,100.000,70.000
1192,16.945190,16.668843,12,1,0,3,0.000,1,6681.289,707.622,6.000,6770.000,700.000,90.000,87.996,58,100.000,70.000
1193,16.334876,16.667994,12,1,0,3,0.000,1,6681.289,707.622,6.000,6770.000,700.000,90.000,87.996,58,100.000,70.000
1194,16.808057,16.668464,12,1,0,3,0.000,1,6681.289,707.622,6.000,6770.000,700.000,90.000,87.996,58,100.000,70.000
1195,16.028520,16.668063,12,1,0,3,0.000,1,6681.289,707.622,6.000,6770.000,700.000,90.000,87.996,58,100.000,70.000
1196,17.080922,16.667544,12,1,0,3,0.000,1,6681.289,707.622,6.000,6770.000,700.000,90.000,87.996,58,100.000,70.000
1197,16.263905,16.668334,12,1,0,3,0.000,1,6681.289,707.622,6.000,6770.000,700.000,90.000,87.996,58,100.000,70.000
1198,16.113622,16.668073,12,1,0,3,0.000,1,6681.289,707.622,6.000,6770.000,700.000,90.000,87.996,58,100.000,70.000
1199,17.127124,16.668115,12,1,0,3,0.000,1,6681.289,707.622,6.000,6770.000,700.000,90.000,87.996,58,100.000,70.000
1200,16.598862,16.668314,12,1,0,3,0.000,1,6681.289,707.622,6.000,6770.000,700.000,90.000,87.996,58,100.000,70.000
1201,17.648875,16.668073,12,1,0,3,0.000,1,6681.289,707.622,6.000,6770.000,700.000,90.000,87.996,58,100.000,70.000
1202,18.104424,16.668804,12,1,0,3,0.000,1,6681.289,707.622,6.000,6770.000,700.000,90.000,84.995,58,100.000,70.000
1203,16.086971,16.669284,12,1,0,3,0.000,1,6681.289,707.622,6.000,6770.000,700.000,90.000,84.995,58,97.000,67.000
1204,15.703164,16.668463,12,1,0,3,0.000,1,6681.289,707.622,6.000,6770.000,700.000,90.000,84.995,58,97.000,67.000
1205,16.595501,16.668494,12,1,0,3,0.000,1,6681.289,707.622,6.000,6770.000,700.000,90.000,84.995,58,97.000,67.000
1206,16.858998,16.668504,12,1,0,3,0.000,1,6681.289,707.622,6.000,6770.000,700.000,90.000,84.995,58,97.000,67.000
1207,18.136035,16.668743,12,1,0,3,0.000,1,6681.289,707.622,6.000,6770.000,700.000,90.000,84.995,58,97.000,67.000
1208,16.637343,16.667144,12,1,0,3,0.000,1,6681.289,707.622,6.000,6770.000,700.000,90.000,84.995,58,97.000,67.000
1209,15.494419,16.667964,12,1,0,3,0.000,1,6681.289,707.622,6.000,6770.000,700.000,90.000,84.995,58,97.000,67.000
1210,16.825097,16.668373,12,1,0,3,0.000,1,6681.289,707.622,6.000,6770.000,700.000,90.000,84.995,58,97.000,67.000
1211,16.261405,16.669084,12,1,0,3,0.000,1,6681.289,707.622,6.000,6770.000,700.000,90.000,84.995,58,97.000,67.000
1212,15.867147,16.667314,12,1,0,3,0.000,1,6681.289,707.622,6.000,6770.000,700.000,90.000,84.995,58,97.000,67.000
1213,16.917389,16.668673,12,1,0,3,0.000,1,6681.289,707.622,6.000,6770.000,700.000,90.000,84.995,58,97.000,67.000
1214,16.071051,16.667084,12,1,0,3,0.000,1,6681.289,707.622,6.000,6770.000,700.000,90.000,84.995,58,97.000,67.000
1215,16.599772,16.668354,12,1,0,3,0.000,1,6681.289,707.622,6.000,6770.000,700.000,90.000,84.995,58,97.000,67.000
1216,16.895849,16.668933,12,1,0,3,0.000,1,6681.289,707.622,6.000,6770.000,700.000,90.000,84.995,58,97.000,67.000
1217,17.724836,16.668504,12,1,0,3,0.000,1,6681.289,707.622,6.000,6770.000,700.000,90.000,81.995,58,97.000,67.000
1218,16.235375,16.667154,12,1,0,3,0.000,1,6681.289,707.622,6.000,6770.000,700.000,90.000,81.995,58,93.999,63.999
1219,16.299435,16.668743,12,1,0,3,0.000,1,6681.289,707.622,6.000,6770.000,700.000,90.000,81.995,58,93.999,63.999
1220,16.859818,16.667254,12,1,0,3,0.000,1,6681.289,707.622,6.000,6770.000,700.000,90.000,81.995,58,93.999,63.999
1221,16.862598,16.667074,12,1,0,3,0.000,1,6681.289,707.622,6.000,6770.000,700.000,90.000,81.995,58,93.999,63.999
1222,15.506019,16.667423,12,1,0,3,0.000,1,6681.289,707.622,6.000,6770.000,700.000,90.000,81.995,58,93.999,63.999
1223,16.580852,16.668334,12,1,0,3,0.000,1,6681.289,707.622,6.000,6770.000,700.000,90.000,81.995,58,93.999,63.999
1224,17.003741,16.667824,12,1,0,3,0.000,1,6681.289,707.622,6.000,6770.000,700.000,90.000,81.995,58,93.999,63.999
1225,16.627542,16.668083,12,1,0,3,0.000,1,6681.289,707.622,6.000,6770.000,700.000,90.000,81.995,58,93.999,63.999
1226,16.951020,16.668965,12,1,0,3,0.000,1,6681.289,707.622,6.000,6770.000,700.000,90.000,81.995,58,93.999,63.999
1227,16.890488,16.668403,12,1,0,3,0.000,1,6681.289,707.622,6.000,6770.000,700.000,90.000,81.995,58,93.999,63.999
1228,16.546732,16.668734,12,1,0,3,0.000,1,6681.289,707.622,6.000,6770.000,700.000,90.000,81.995,58,93.999,63.999
1229,16.435108,16.667094,12,1,0,3,0.000,1,6681.289,707.622,6.000,6770.000,700.000,90.000,81.995,58,93.999,63.999
1230,17.044112,16.667303,12,1,0,3,0.000,1,6681.289,707.622,6.000,6770.000,700.000,90.000,81.995,58,93.999,63.999
1231,16.503700,16.668134,12,1,0,3,0.000,1,6681.289,707.622,6.000,6770.000,700.000,90.000,81.995,58,93.999,63.999
1232,17.278187,16.668554,12,1,0,3,0.000,1,6681.289,707.622,6.000,6770.000,700.000,90.000,78.995,58,93.999,63.999
1233,16.511511,16.668613,12,1,0,3,0.000,1,6681.289,707.622,6.000,6770.000,700.000,90.000,78.995,58,90.999,60.999
1234,15.847645,16.668854,12,1,0,3,0.000,1,6681.289,707.622,6.000,6770.000,700.000,90.000,78.995,58,90.999,60.999
1235,16.829447,16.667604,12,1,0,3,0.000,1,6681.289,707.622,6.000,6770.000,700.000,90.000,78.995,58,90.999,60.999
1236,17.107203,16.669393,12,1,0,3,0.000,1,6681.289,707.622,6.000,6770.000,700.000,90.000,78.995,58,90.999,60.999
1237,16.284567,16.668524,12,1,0,3,0.000,1,6681.289,707.622,6.000,6770.000,700.000,90.000,78.995,58,90.999,60.999
1238,16.427348,16.667904,12,1,0,3,0.000,1,6681.289,707.622,6.000,6770.000,700.000,90.000,78.995,58,90.999,60.999
1239,17.144694,16.668103,12,1,0,3,0.000,1,6681.289,707.622,6.000,6770.000,700.000,90.000,78.995,58,90.999,60.999
1240,16.588052,16.667474,12,1,0,3,0.000,1,6681.289,707.622,6.000,6770.000,700.000,90.000,78.995,58,90.999,60.999
1241,20.564426,16.668684,12,1,0,3,0.000,1,6681.289,707.622,6.000,6770.000,700.000,90.000,78.995,58,90.999,60.999
1242,12.604478,16.668963,12,1,0,3,0.000,1,6681.289,707.622,6.000,6770.000,700.000,90.000,78.995,58,90.999,60.999
1243,16.778306,16.667384,12,1,0,3,0.000,1,6681.289,707.622,6.000,6770.000,700.000,90.000,78.995,58,90.999,60.999
1244,16.821396,16.667904,12,1,0,3,0.000,1,6681.289,707.622,6.000,6770.000,700.000,90.000,78.995,58,90.999,60.999
1245,16.478410,16.668543,12,1,0,3,0.000,1,6681.289,707.622,6.000,6770.000,700.000,90.000,78.995,58,90.999,60.999
1246,17.999142,16.667184,12,1,0,3,0.000,1,6681.289,707.622,6.000,6770.000,700.000,90.000,78.995,58,90.999,60.999
1247,15.984159,17.188085,12,1,0,3,0.000,1,6681.289,707.622,6.000,6770.000,700.000,90.000,75.988,58,90.999,60.999
1248,16.910179,16.667044,12,1,0,3,0.000,1,6681.289,707.622,6.000,6770.000,700.000,90.000,75.988,58,87.993,57.993
1249,18.296048,16.668844,12,1,0,3,0.000,1,6681.289,707.622,6.000,6770.000,700.000,90.000,75.988,58,87.993,57.993
1250,16.337437,16.668973,12,1,0,3,0.000,1,6681.289,707.622,6.000,6770.000,700.000,90.000,75.988,58,87.993,57.993
1251,14.957067,16.667374,12,1,0,3,0.000,1,6681.289,707.622,6.000,6770.000,700.000,90.000,75.988,58,87.993,57.993
1252,16.991041,16.668434,12,1,0,3,0.000,1,6681.289,707.622,6.000,6770.000,700.000,90.000,75.988,58,87.993,57.993
1253,15.901497,16.668793,12,1,0,3,0.000,1,6681.289,707.622,6.000,6770.000,700.000,90.000,75.988,58,87.993,57.993
1254,16.789647,16.668624,12,1,0,3,0.000,1,6681.289,707.622,6.000,6770.000,700.000,90.000,75.988,58,87.993,57.993
1255,16.679234,16.668944,12,1,0,3,0.000,1,6681.289,707.622,6.000,6770.000,700.000,90.000,75.988,58,87.993,57.993
1256,17.105423,16.668543,12,1,0,3,0.000,1,6681.289,707.622,6.000,6770.000,700.000,90.000,75.988,58,87.993,57.993
1257,16.108861,16.668704,12,1,0,3,0.000,1,6681.289,707.622,6.000,6770.000,700.000,90.000,75.988,58,87.993,57.993
1258,16.750046,16.668384,12,1,0,3,0.000,1,6681.289,707.622,6.000,6770.000,700.000,90.000,75.988,58,87.993,57.993
1259,16.625282,16.667763,12,1,0,3,0.000,1,6681.289,707.622,6.000,6770.000,700.000,90.000,75.988,58,87.993,57.993
1260,16.973211,16.667034,12,1,0,3,0.000,1,6681.289,707.622,6.000,6770.000,700.000,90.000,75.988,58,87.993,57.993
1261,16.377678,16.668854,12,1,0,3,0.000,1,6681.289,707.622,6.000,6770.000,700.000,90.000,75.988,58,87.993,57.993
1262,17.725455,16.667263,12,1,0,3,0.000,1,6681.289,707.622,6.000,6770.000,700.000,90.000,72.988,58,87.993,57.993
1263,15.830296,16.668024,12,1,0,3,0.000,1,6681.289,707.622,6.000,6770.000,700.000,90.000,72.988,58,84.992,54.992
1264,16.426819,16.667274,12,1,0,3,0.000,1,6681.289,707.622,6.000,6770.000,700.000,90.000,72.988,58,84.992,54.992
1265,16.409148,16.667193,12,1,0,3,0.000,1,6681.289,707.622,6.000,6770.000,700.000,90.000,72.988,58,84.992,54.992
1266,16.927999,16.668364,12,1,0,3,0.000,1,6681.289,707.622,6.000,6770.000,700.000,90.000,72.988,58,84.992,54.992
1267,16.437379,16.667384,12,1,0,3,0.000,1,6681.289,707.622,6.000,6770.000,700.000,90.000,72.988,58,84.992,54.992
1268,17.354769,16.668354,12,1,0,3,0.000,1,6681.289,707.622,6.000,6770.000,700.000,90.000,72.988,58,84.992,54.992
1269,16.210404,16.667434,12,1,0,3,0.000,1,6681.289,707.622,6.000,6770.000,700.000,90.000,72.988,58,84.992,54.992
1270,16.841517,16.668853,12,1,0,3,0.000,1,6681.289,707.622,6.000,6770.000,700.000,90.000,72.988,58,84.992,54.992
1271,16.561901,16.668754,12,1,0,3,0.000,1,6681.289,707.622,6.000,6770.000,700.000,90.000,72.988,58,84.992,54.992
1272,17.066532,16.667644,12,1,0,3,0.000,1,6681.289,707.622,6.000,6770.000,700.000,90.000,72.988,58,84.992,54.992
1273,16.235005,16.667473,12,1,0,3,0.000,1,6681.289,707.622,6.000,6770.000,700.000,90.000,72.988,58,84.992,54.992
1274,16.487890,16.668224,12,1,0,3,0.000,1,6681.289,707.622,6.000,6770.000,700.000,90.000,72.988,58,84.992,54.992
1275,16.926009,16.667424,12,1,0,3,0.000,1,6681.289,707.622,6.000,6770.000,700.000,90.000,72.988,58,84.992,54.992
1276,16.599423,16.667973,12,1,0,3,0.000,1,6681.289,707.622,6.000,6770.000,700.000,90.000,72.988,58,84.992,54.992
1277,16.969310,16.668374,12,1,0,3,0.000,1,6681.289,707.622,6.000,6770.000,700.000,90.000,69.988,58,84.992,54.992
1278,19.361320,16.668684,28,1,0,3,0.000,1,6681.289,707.622,6.000,6770.000,700.000,90.000,69.988,58,81.992,51.992
1279,194.807424,16.667873,28,1,0,3,0.000,1,6681.289,707.622,6.000,6770.000,700.000,90.000,69.988,58,81.992,51.992
1280,8.119463,185.590759,28,1,0,3,0.000,1,6681.289,707.622,6.000,6770.000,700.000,90.000,69.988,58,81.992,51.992
1281,12.613047,16.667174,28,1,0,3,0.000,1,6681.289,707.622,6.000,6770.000,700.000,90.000,69.988,58,81.992,51.992
1282,16.861288,16.667753,28,1,0,3,0.000,1,6681.289,707.622,6.000,6770.000,700.000,90.000,66.961,58,81.992,51.992
1283,16.662833,16.667654,28,1,0,3,0.000,1,6681.289,707.622,6.000,6770.000,700.000,90.000,66.961,58,78.965,48.965
1284,16.172213,16.667244,28,1,0,3,0.000,1,6681.289,707.622,6.000,6770.000,700.000,90.000,66.961,58,78.965,48.965
1285,16.748746,16.691643,28,1,0,3,0.000,1,6681.289,707.622,6.000,6770.000,700.000,90.000,66.961,58,78.965,48.965
1286,16.186333,16.666814,28,1,0,3,0.000,1,6681.289,707.622,6.000,6770.000,700.000,90.000,66.961,58,78.965,48.965
1287,17.364939,16.667574,28,1,0,3,0.000,1,6681.289,707.622,6.000,6770.000,700.000,90.000,66.961,58,78.965,48.965
1288,16.463330,16.667373,28,1,0,3,0.000,1,6681.289,707.622,6.000,6770.000,700.000,90.000,66.961,58,78.965,48.965
1289,18.179175,16.674995,28,1,0,3,0.000,1,6681.289,707.622,6.000,6770.000,700.000,90.000,66.961,58,78.965,48.965
1290,18.963283,16.667754,28,1,0,3,0.000,1,6681.289,707.622,6.000,6770.000,700.000,90.000,66.961,58,78.965,48.965
1291,12.636758,16.674803,28,1,0,3,0.000,1,6681.289,707.622,6.000,6770.000,700.000,90.000,66.961,58,78.965,48.965
1292,17.080572,16.667804,28,1,0,3,0.000,1,6681.289,707.622,6.000,6770.000,700.000,90.000,66.961,58,78.965,48.965
1293,16.832007,16.666954,28,1,0,3,0.000,1,6681.289,707.622,6.000,6770.000,700.000,90.000,66.961,58,78.965,48.965
1294,16.160924,16.667403,28,1,0,3,0.000,1,6681.289,707.622,6.000,6770.000,700.000,90.000,66.961,58,78.965,48.965
1295,16.671103,16.666934,28,1,0,3,0.000,1,6681.289,707.622,6.000,6770.000,700.000,90.000,66.961,58,78.965,48.965
1296,19.257719,16.666964,28,1,0,3,0.000,1,6681.289,707.622,6.000,6770.000,700.000,90.000,66.961,58,78.965,48.965
1297,14.815044,16.667543,28,1,0,3,0.000,1,6681.289,707.622,6.000,6770.000,700.000,90.000,63.960,58,78.965,48.965
1298,16.613943,16.667514,13,1,0,3,0.000,1,6681.289,707.622,6.000,6770.000,700.000,90.000,63.960,58,75.964,45.964
1299,15.964248,16.667004,13,1,0,3,0.000,1,6681.289,707.622,6.000,6140.000,390.000,90.000,63.960,58,75.964,45.964
1300,17.797718,16.667353,13,1,0,3,0.000,1,6681.289,707.622,6.000,6140.000,390.000,90.000,63.960,58,75.964,45.964
1301,16.867028,16.667484,13,1,0,3,0.000,1,6681.289,707.622,6.000,6140.000,390.000,90.000,63.960,58,75.964,45.964
1302,14.939006,16.667604,13,1,0,3,0.000,1,6681.289,707.622,6.000,6140.000,390.000,90.000,63.960,58,75.964,45.964
1303,16.386009,16.667613,13,1,0,3,0.000,1,6681.289,707.622,6.000,6140.000,390.000,90.000,63.960,58,75.964,45.964
1304,17.712236,16.668114,13,1,0,3,0.000,1,6681.289,707.622,6.000,6140.000,390.000,90.000,63.960,58,75.964,45.964
1305,16.541590,16.667404,13,1,0,3,0.000,1,6681.289,707.622,6.000,6140.000,390.000,90.000,63.960,58,75.964,45.964
1306,16.806617,16.667523,13,1,0,3,0.000,1,6681.289,707.622,6.000,6140.000,390.000,90.000,63.960,58,75.964,45.964
1307,16.718385,16.668474,13,1,0,3,0.000,1,6681.289,707.622,6.000,6140.000,390.000,90.000,63.960,58,75.964,45.964
1308,17.703425,16.667524,13,1,0,3,0.000,1,6681.289,707.622,6.000,6140.000,390.000,90.000,63.960,58,75.964,45.964
1309,16.532781,16.669033,13,1,0,3,0.000,1,6681.289,707.622,6.000,6140.000,390.000,90.000,63.960,58,75.964,45.964
1310,16.276806,16.667794,13,1,0,3,0.000,1,6681.289,707.622,6.000,6140.000,390.000,90.000,63.960,58,75.964,45.964
1311,17.067782,16.667454,13,1,0,3,0.000,1,6681.289,707.622,6.000,6140.000,390.000,90.000,63.960,58,75.964,45.964
1312,16.017550,16.668313,13,1,0,3,0.000,1,6681.289,707.622,6.000,6140.000,390.000,90.000,63.960,58,75.964,45.964
1313,19.493564,16.668704,13,1,0,3,0.000,1,6681.289,707.622,6.000,6140.000,390.000,90.000,63.960,58,72.964,42.964
1314,14.118499,16.669233,13,1,0,3,0.000,1,6681.289,707.622,6.000,6140.000,390.000,90.000,63.960,58,72.964,42.964
1315,16.703444,16.668374,13,1,0,3,0.000,1,6681.289,707.622,6.000,6140.000,390.000,90.000,63.960,58,72.964,42.964
1316,18.834080,16.668054,13,1,0,3,0.000,1,6681.289,707.622,6.000,6140.000,390.000,90.000,63.960,58,72.964,42.964
1317,19.262749,16.668283,13,1,0,3,0.000,1,6681.289,707.622,6.000,6140.000,390.000,90.000,63.960,58,72.964,42.964
1318,11.709458,16.668365,13,1,0,3,0.000,1,6681.289,707.622,6.000,6140.000,390.000,90.000,63.960,58,72.964,42.964
1319,16.865508,16.668594,13,1,0,3,0.000,1,6681.289,707.622,6.000,6140.000,390.000,90.000,63.960,58,72.964,42.964
1320,16.767396,16.668253,13,1,0,3,0.000,1,6681.289,707.622,6.000,6140.000,390.000,90.000,63.960,58,72.964,42.964
1321,19.338270,16.667244,13,1,0,3,0.000,1,6681.289,707.622,6.000,6140.000,390.000,90.000,63.960,58,72.964,42.964
1322,19.378872,16.668314,13,1,0,3,0.000,1,6681.289,707.622,6.000,6140.000,390.000,90.000,63.960,58,72.964,42.964
1323,15.412957,16.668203,13,1,0,3,0.000,1,6681.289,707.622,6.000,6140.000,390.000,90.000,63.960,58,72.964,42.964
1324,17.212365,16.667094,13,1,0,3,0.000,1,6681.289,707.622,6.000,6140.000,390.000,90.000,63.960,58,72.964,42.964
1325,16.633423,16.668054,13,1,0,3,0.000,1,6681.289,707.622,6.000,6140.000,390.000,90.000,63.960,58,72.964,42.964
1326,11.976374,16.669053,13,1,0,3,0.000,1,6681.289,707.622,6.000,6140.000,390.000,90.000,63.960,58,72.964,42.964
1327,18.425041,16.669254,13,1,0,3,0.000,1,6681.289,707.622,6.000,6140.000,390.000,90.000,63.960,58,72.964,42.964
1328,18.647306,16.667624,14,1,0,3,0.000,1,6681.289,707.622,6.000,6140.000,390.000,90.000,63.960,58,69.964,39.964
1329,17.089402,16.667233,14,0,0,4,0.000,1,6681.289,707.622,6.000,6140.000,390.000,90.000,63.960,58,69.964,39.964
1330,12.306041,16.667874,14,0,0,4,0.000,1,6681.289,707.622,6.000,6140.000,390.000,90.000,63.960,58,69.964,39.964
1331,19.078505,16.667394,14,0,0,4,0.000,1,6681.289,707.622,6.000,6140.000,390.000,90.000,63.960,58,69.964,39.964
1332,19.155036,16.668173,14,0,0,4,0.000,1,6681.289,707.622,6.000,6140.000,390.000,90.000,63.960,58,69.964,39.964
1333,11.737580,16.668554,14,0,0,4,0.000,1,6681.289,707.622,6.000,6140.000,390.000,90.000,63.960,58,69.964,39.964
1334,19.259648,16.668424,15,0,0,4,0.000,1,6681.289,707.622,6.000,6140.000,390.000,90.000,63.960,58,69.964,39.964
1335,19.202718,16.669143,15,0,0,4,0.000,1,6681.289,707.622,6.000,6770.000,700.000,90.000,63.960,58,69.964,39.964
1336,11.702908,16.668344,15,0,0,4,0.000,1,6681.289,707.622,6.000,6770.000,700.000,90.000,63.960,58,69.964,39.964
1337,16.699675,16.668164,15,0,0,4,0.000,1,6681.289,707.622,6.000,6770.000,700.000,90.000,63.960,58,69.964,39.964
1338,16.979990,16.668153,15,0,0,4,0.000,1,6681.289,707.622,6.000,6770.000,700.000,90.000,63.960,58,69.964,39.964
1339,16.237014,16.667994,15,0,0,4,0.000,1,6681.289,707.622,6.000,6770.000,700.000,90.000,63.960,58,69.964,39.964
1340,16.665044,16.668784,15,0,0,4,0.000,1,6681.289,707.622,6.000,6770.000,700.000,90.000,63.960,58,69.964,39.964
1341,17.028322,16.668833,15,0,0,4,0.000,1,6681.289,707.622,6.000,6770.000,700.000,90.000,63.960,58,69.964,39.964
1342,16.548130,16.668154,15,0,0,4,0.000,1,6681.289,707.622,6.000,6770.000,700.000,90.000,63.960,58,69.964,39.964
1343,17.112924,16.667234,15,0,0,4,0.000,1,6681.289,707.622,6.000,6770.000,700.000,90.000,63.960,58,69.964,39.964
1344,21.883964,16.669103,15,0,0,4,0.000,1,6681.289,707.622,6.000,6770.000,700.000,90.000,63.960,58,69.964,39.964
1345,16.683594,16.752986,15,0,0,4,0.000,1,6681.289,707.622,6.000,6770.000,700.000,90.000,63.960,58,69.964,39.964
1346,15.955369,16.668544,15,0,0,4,0.000,1,6681.289,707.622,6.000,6770.000,700.000,90.000,63.960,58,69.964,39.964
1347,15.872687,16.667173,15,0,0,4,0.000,1,6681.289,707.622,6.000,6770.000,700.000,90.000,63.960,58,69.964,39.964
1348,16.872058,16.667404,15,0,0,4,0.000,1,6681.289,707.622,6.000,6770.000,700.000,90.000,63.960,58,69.964,39.964
1349,16.512070,16.667334,15,0,0,4,0.000,1,6681.289,707.622,6.000,6770.000,700.000,90.000,63.960,58,69.964,39.964
1350,12.597357,16.667733,15,0,0,4,0.000,1,6681.289,707.622,6.000,6770.000,700.000,90.000,63.960,58,69.964,39.964
1351,19.922343,16.667854,15,0,0,4,0.000,1,6681.289,707.622,6.000,6770.000,700.000,90.000,63.960,58,69.964,39.964
1352,12.554066,16.667164,15,0,0,4,0.000,1,6681.289,707.622,6.000,6770.000,700.000,90.000,63.960,58,69.964,39.964
1353,15.879507,16.667503,15,0,0,4,0.000,1,6681.289,707.622,6.000,6770.000,700.000,90.000,63.960,58,69.964,39.964
1354,20.538427,16.673865,15,0,0,4,0.000,1,6681.289,707.622,6.000,6770.000,700.000,90.000,63.960,58,69.964,39.964
1355,12.469854,16.668994,15,0,0,4,0.000,1,6681.289,707.622,6.000,6770.000,700.000,90.000,63.960,58,69.964,39.964
1356,16.539871,16.667483,15,0,0,4,0.000,1,6681.289,707.622,6.000,6770.000,700.000,90.000,63.960,58,69.964,39.964
1357,18.643465,16.667484,15,0,0,4,0.000,1,6681.289,707.622,6.000,6770.000,700.000,90.000,63.960,58,69.964,39.964
1358,14.678702,16.803586,15,0,0,4,0.000,1,6681.289,707.622,6.000,6770.000,700.000,90.000,63.960,58,69.964,39.964
1359,16.833957,16.666924,15,0,0,4,0.000,1,6681.289,707.622,6.000,6770.000,700.000,90.000,63.960,58,69.964,39.964
1360,16.605763,16.667354,15,0,0,4,0.000,1,6681.289,707.622,6.000,6770.000,700.000,90.000,63.960,58,69.964,39.964
1361,16.642513,16.666994,15,0,0,4,0.000,1,6681.289,707.622,6.000,6770.000,700.000,90.000,63.960,58,69.964,39.964
1362,17.035461,17.149523,15,0,0,4,0.000,1,6681.289,707.622,6.000,6770.000,700.000,90.000,63.960,58,69.964,39.964
1363,16.596513,16.667014,15,0,0,4,0.000,1,6681.289,707.622,6.000,6770.000,700.000,90.000,63.960,58,69.964,39.964
1364,16.691383,16.667093,15,0,0,4,0.000,1,6681.289,707.622,6.000,6770.000,700.000,90.000,63.960,58,69.964,39.964
1365,16.648334,16.667524,15,0,0,4,0.000,1,6681.289,707.622,6.000,6770.000,700.000,90.000,63.960,58,69.964,39.964
1366,16.733975,16.667454,15,0,0,4,0.000,1,6681.289,707.622,6.000,6770.000,700.000,90.000,63.960,58,69.964,39.964
1367,17.040302,16.693614,15,0,0,4,0.000,1,6681.289,707.622,6.000,6770.000,700.000,90.000,63.960,58,69.964,39.964
1368,16.371567,16.666894,15,0,0,4,0.000,1,6681.289,707.622,6.000,6770.000,700.000,90.000,63.960,58,69.964,39.964
1369,16.682374,16.667524,15,0,0,4,0.000,1,6681.289,707.622,6.000,6770.000,700.000,90.000,63.960,58,69.964,39.964
1370,16.563971,16.667413,15,0,0,4,0.000,1,6681.289,707.622,6.000,6770.000,700.000,90.000,63.960,58,69.964,39.964
1371,16.642044,16.666964,15,0,0,4,0.000,1,6681.289,707.622,6.000,6770.000,700.000,90.000,63.960,58,69.964,39.964
1372,16.601122,16.667594,15,0,0,4,0.000,1,6681.289,707.622,6.000,6770.000,700.000,90.000,63.960,58,69.964,39.964
1373,16.721304,16.667013,15,0,0,4,0.000,1,6681.289,707.622,6.000,6770.000,700.000,90.000,63.960,58,69.964,39.964
1374,16.728696,16.667274,15,0,0,4,0.000,1,6681.289,707.622,6.000,6770.000,700.000,90.000,63.960,58,69.964,39.964
1375,16.717085,16.667094,15,0,0,4,0.000,1,6681.289,707.622,6.000,6770.000,700.000,90.000,63.960,58,69.964,39.964
1376,16.527060,16.667373,15,0,0,4,0.000,1,6681.289,707.622,6.000,6770.000,700.000,90.000,63.960,58,69.964,39.964
1377,16.713445,16.667174,15,0,0,4,0.000,1,6681.289,707.622,6.000,6770.000,700.000,90.000,63.960,58,69.964,39.964
1378,16.627013,16.666924,15,0,0,4,0.000,1,6681.289,707.622,6.000,6770.000,700.000,90.000,63.960,58,69.964,39.964
1379,16.893629,16.667643,15,0,0,4,0.000,1,6681.289,707.622,6.000,6770.000,700.000,90.000,63.960,58,69.964,39.964
1380,16.688413,16.667484,15,0,0,4,0.000,1,6681.289,707.622,6.000,6770.000,700.000,90.000,63.960,58,69.964,39.964
1381,22.200321,16.667554,15,0,0,4,0.000,1,6681.289,707.622,6.000,6770.000,700.000,90.000,63.960,58,69.964,39.964
1382,12.374183,16.668263,15,0,0,4,0.000,1,6681.289,707.622,6.000,6770.000,700.000,90.000,63.960,58,69.964,39.964
1383,16.790727,16.668064,15,0,0,4,0.000,1,6681.289,707.622,6.000,6770.000,700.000,90.000,63.960,58,69.964,39.964
1384,16.460328,16.667634,15,0,0,4,0.000,1,6681.289,707.622,6.000,6770.000,700.000,90.000,63.960,58,69.964,39.964
1385,16.876489,16.667443,15,0,0,4,0.000,1,6681.289,707.622,6.000,6770.000,700.000,90.000,63.960,58,69.964,39.964
1386,16.476639,16.668724,15,0,0,4,0.000,1,6681.289,707.622,6.000,6770.000,700.000,90.000,63.960,58,69.964,39.964
1387,17.961171,16.712995,15,0,0,4,0.000,1,6681.289,707.622,6.000,6770.000,700.000,90.000,63.960,58,69.964,39.964
1388,16.190814,16.668843,15,0,0,4,0.000,1,6681.289,707.622,6.000,6770.000,700.000,90.000,63.960,58,69.964,39.964
1389,16.053671,16.668734,15,0,0,4,0.000,1,6681.289,707.622,6.000,6770.000,700.000,90.000,63.960,58,69.964,39.964
1390,16.736854,16.668614,15,0,0,4,0.000,1,6681.289,707.622,6.000,6770.000,700.000,90.000,63.960,58,69.964,39.964
1391,16.722306,16.667003,15,0,0,4,0.000,1,6681.289,707.622,6.000,6770.000,700.000,90.000,63.960,58,69.964,39.964
1392,16.587792,16.668184,15,0,0,4,0.000,1,6681.289,707.622,6.000,6770.000,700.000,90.000,63.960,58,69.964,39.964
1393,16.505550,16.668585,15,0,0,4,0.000,1,6681.289,707.622,6.000,6770.000,700.000,90.000,63.960,58,69.964,39.964
1394,16.956360,16.668563,16,0,0,4,0.000,1,6681.289,707.622,6.000,6770.000,700.000,90.000,63.960,58,69.964,39.964
1395,16.459549,16.667374,16,0,0,4,0.000,1,6681.289,707.622,6.000,6770.000,700.000,90.000,63.960,58,69.964,39.964
1396,16.636343,16.667444,16,0,0,4,0.000,1,6681.289,707.622,6.000,6770.000,700.000,90.000,63.960,58,69.964,39.964
1397,17.189424,16.667333,16,0,0,4,0.000,1,6681.289,707.622,6.000,6770.000,700.000,90.000,63.960,58,69.964,39.964
1398,16.265696,16.667724,16,0,0,4,0.000,1,6681.289,707.622,6.000,6770.000,700.000,90.000,63.960,58,69.964,39.964
1399,16.695874,16.668884,16,0,0,4,0.000,1,6681.289,707.622,6.000,6770.000,700.000,90.000,63.960,58,69.964,39.964
1400,16.552382,16.667853,16,0,0,4,0.000,1,6681.289,707.622,6.000,6770.000,700.000,90.000,63.960,58,69.964,39.964
1401,16.973020,16.667364,16,0,0,4,0.000,1,6681.289,707.622,6.000,6770.000,700.000,90.000,63.960,58,69.964,39.964
1402,16.373007,16.668354,16,0,0,4,0.000,1,6681.289,707.622,6.000,6770.000,700.000,90.000,63.960,58,69.964,39.964
1403,16.798617,16.668323,16,0,0,4,0.000,1,6681.289,707.622,6.000,6770.000,700.000,90.000,63.960,58,69.964,39.964
1404,16.907588,16.668004,16,0,0,4,0.000,1,6681.289,707.622,6.000,6770.000,700.000,90.000,63.960,58,69.964,39.964
1405,16.232505,16.667173,16,0,0,4,0.000,1,6681.289,707.622,6.000,6770.000,700.000,90.000,63.960,58,69.964,39.964
1406,17.127783,16.667634,16,0,0,4,0.000,1,6681.289,707.622,6.000,6770.000,700.000,90.000,63.960,58,69.964,39.964
1407,16.632983,16.668564,16,0,0,4,0.000,1,6681.289,707.622,6.000,6770.000,700.000,90.000,63.960,58,69.964,39.964
1408,16.506730,16.668283,16,0,0,4,0.000,1,6681.289,707.622,6.000,6770.000,700.000,90.000,63.960,58,69.964,39.964
1409,17.063492,16.697855,16,0,0,4,0.000,1,6681.289,707.622,6.000,6770.000,700.000,90.000,63.960,58,69.964,39.964
1410,16.367988,16.667434,16,0,0,4,0.000,1,6681.289,707.622,6.000,6770.000,700.000,90.000,63.960,58,69.964,39.964
1411,16.572561,16.667324,16,0,0,4,0.000,1,6681.289,707.622,6.000,6770.000,700.000,90.000,63.960,58,69.964,39.964
1412,16.916989,16.668133,16,0,0,4,0.000,1,6681.289,707.622,6.000,6770.000,700.000,90.000,63.960,58,69.964,39.964
1413,16.659864,16.668264,16,0,0,4,0.000,1,6681.289,707.622,6.000,6770.000,700.000,90.000,63.960,58,69.964,39.964
1414,16.566611,16.668163,16,0,0,4,0.000,1,6681.289,707.622,6.000,6770.000,700.000,90.000,63.960,58,69.964,39.964
1415,16.856068,16.669214,16,0,0,4,0.000,1,6681.289,707.622,6.000,6770.000,700.000,90.000,63.960,58,69.964,39.964
1416,16.611333,16.667964,16,0,0,4,0.000,1,6681.289,707.622,6.000,6770.000,700.000,90.000,63.960,58,69.964,39.964
1417,16.340486,16.668463,16,0,0,4,0.000,1,6681.289,707.622,6.000,6770.000,700.000,90.000,63.960,58,69.964,39.964
1418,17.040632,16.667714,16,0,0,4,0.000,1,6681.289,707.622,6.000,6770.000,700.000,90.000,63.960,58,69.964,39.964
1419,16.757966,16.667944,16,0,0,4,0.000,1,6681.289,707.622,6.000,6770.000,700.000,90.000,63.960,58,69.964,39.964
1420,16.669764,16.668583,16,0,0,4,0.000,1,6681.289,707.622,6.000,6770.000,700.000,90.000,63.960,58,69.964,39.964
1421,16.761905,16.668554,16,0,0,4,0.000,1,6681.289,707.622,6.000,6770.000,700.000,90.000,63.960,58,69.964,39.964
1422,16.787506,16.668584,16,0,0,4,0.000,1,6681.289,707.622,6.000,6770.000,700.000,90.000,63.960,58,69.964,39.964
1423,16.201114,16.667443,16,0,0,4,0.000,1,6681.289,707.622,6.000,6770.000,700.000,90.000,63.960,58,69.964,39.964
1424,16.821927,16.667334,16,0,0,4,0.000,1,6681.289,707.622,6.000,6770.000,700.000,90.000,63.960,58,69.964,39.964
1425,16.521631,16.667384,16,0,0,4,0.000,1,6681.289,707.622,6.000,6770.000,700.000,90.000,63.960,58,69.964,39.964
1426,16.718524,16.667453,16,0,0,4,0.000,1,6681.289,707.622,6.000,6770.000,700.000,90.000,63.960,58,69.964,39.964
1427,16.664224,16.667904,16,0,0,4,0.000,1,6681.289,707.622,6.000,6770.000,700.000,90.000,63.960,58,69.964,39.964
1428,16.587952,16.667734,16,0,0,4,0.000,1,6681.289,707.622,6.000,6770.000,700.000,90.000,63.960,58,69.964,39.964
1429,16.814367,16.668083,16,0,0,4,0.000,1,6681.289,707.622,6.000,6770.000,700.000,90.000,63.960,58,69.964,39.964
1430,16.806906,16.666954,16,0,0,4,0.000,1,6681.289,707.622,6.000,6770.000,700.000,90.000,63.960,58,69.964,39.964
1431,16.849038,16.667784,16,0,0,4,0.000,1,6681.289,707.622,6.000,6770.000,700.000,90.000,63.960,58,69.964,39.964
1432,15.981119,16.667663,16,0,0,4,0.000,1,6681.289,707.622,6.000,6770.000,700.000,90.000,63.960,58,69.964,39.964
1433,17.164734,16.667344,16,0,0,4,0.000,1,6681.289,707.622,6.000,6770.000,700.000,90.000,63.960,58,69.964,39.964
1434,16.367748,16.668964,16,0,0,4,0.000,1,6681.289,707.622,6.000,6770.000,700.000,90.000,63.960,58,69.964,39.964
1435,16.508410,16.669003,16,0,0,4,0.000,1,6681.289,707.622,6.000,6770.000,700.000,90.000,63.960,58,69.964,39.964
1436,16.560772,16.667795,16,0,0,4,0.000,1,6681.289,707.622,6.000,6770.000,700.000,90.000,63.960,58,69.964,39.964
1437,16.680193,16.668214,16,0,0,4,0.000,1,6681.289,707.622,6.000,6770.000,700.000,90.000,63.960,58,69.964,39.964
1438,20.678649,16.668923,16,0,0,4,0.000,1,6681.289,707.622,6.000,6770.000,700.000,90.000,63.960,58,69.964,39.964
1439,13.093068,16.669254,16,0,0,4,0.000,1,6681.289,707.622,6.000,6770.000,700.000,90.000,63.960,58,69.964,39.964
1440,16.489630,16.668554,16,0,0,4,0.000,1,6681.289,707.622,6.000,6770.000,700.000,90.000,63.960,58,69.964,39.964
1441,16.718304,16.667213,16,0,0,4,0.000,1,6681.289,707.622,6.000,6770.000,700.000,90.000,63.960,58,69.964,39.964
1442,17.263777,16.668754,16,0,0,4,0.000,1,6681.289,707.622,6.000,6770.000,700.000,90.000,63.960,58,69.964,39.964
1443,17.177925,16.669404,16,0,0,4,0.000,1,6681.289,707.622,6.000,6770.000,700.000,90.000,63.960,58,69.964,39.964
1444,16.136982,16.668713,16,0,0,4,0.000,1,6681.289,707.622,6.000,6770.000,700.000,90.000,63.960,58,69.964,39.964
1445,16.481259,16.668054,16,0,0,4,0.000,1,6681.289,707.622,6.000,6770.000,700.000,90.000,63.960,58,69.964,39.964
1446,17.054692,16.670124,16,0,0,4,0.000,1,6681.289,707.622,6.000,6770.000,700.000,90.000,63.960,58,69.964,39.964
1447,16.871348,16.668993,16,0,0,4,0.000,1,6681.289,707.622,6.000,6770.000,700.000,90.000,63.960,58,69.964,39.964
1448,16.387039,16.668684,16,0,0,4,0.000,1,6681.289,707.622,6.000,6770.000,700.000,90.000,63.960,58,69.964,39.964
1449,16.874218,16.668764,16,0,0,4,0.000,1,6681.289,707.622,6.000,6770.000,700.000,90.000,63.960,58,69.964,39.964
1450,16.139322,16.669023,16,0,0,4,0.000,1,6681.289,707.622,6.000,6770.000,700.000,90.000,63.960,58,69.964,39.964
1451,16.863938,16.668354,16,0,0,4,0.000,1,6681.289,707.622,6.000,6770.000,700.000,90.000,63.960,58,69.964,39.964
1452,16.731255,16.669084,16,0,0,4,0.000,1,6681.289,707.622,6.000,6770.000,700.000,90.000,63.960,58,69.964,39.964
1453,16.371678,16.669233,16,0,0,4,0.000,1,6681.289,707.622,6.000,6770.000,700.000,90.000,63.960,58,69.964,39.964
1454,16.926489,16.667974,16,0,0,4,0.000,1,6681.289,707.622,6.000,6770.000,700.000,90.000,63.960,58,69.964,39.964
1455,17.029141,16.668274,16,0,0,4,0.000,1,6681.289,707.622,6.000,6770.000,700.000,90.000,63.960,58,69.964,39.964
1456,16.166803,16.667853,16,0,0,4,0.000,1,6681.289,707.622,6.000,6770.000,700.000,90.000,63.960,58,69.964,39.964
1457,17.064652,16.667324,16,0,0,4,0.000,1,6681.289,707.622,6.000,6770.000,700.000,90.000,63.960,58,69.964,39.964
1458,16.350187,16.667745,16,0,0,4,0.000,1,6681.289,707.622,6.000,6770.000,700.000,90.000,63.960,58,69.964,39.964
1459,17.115313,16.668043,16,0,0,4,0.000,1,6681.289,707.622,6.000,6770.000,700.000,90.000,63.960,58,69.964,39.964
1460,16.511281,16.667464,16,0,0,4,0.000,1,6681.289,707.622,6.000,6770.000,700.000,90.000,63.960,58,69.964,39.964
1461,17.027961,16.668004,16,0,0,4,0.000,1,6681.289,707.622,6.000,6770.000,700.000,90.000,63.960,58,69.964,39.964
1462,16.280235,16.668603,16,0,0,4,0.000,1,6681.289,707.622,6.000,6770.000,700.000,90.000,63.960,58,69.964,39.964
1463,17.168684,16.667324,16,0,0,4,0.000,1,6681.289,707.622,6.000,6770.000,700.000,90.000,63.960,58,69.964,39.964
1464,16.376258,16.668444,16,0,0,4,0.000,1,6681.289,707.622,6.000,6770.000,700.000,90.000,63.960,58,69.964,39.964
1465,15.671522,16.668603,16,0,0,4,0.000,1,6681.289,707.622,6.000,6770.000,700.000,90.000,63.960,58,69.964,39.964
1466,16.442430,16.667154,16,0,0,4,0.000,1,6681.289,707.622,6.000,6770.000,700.000,90.000,63.960,58,69.964,39.964
1467,19.482703,16.667574,16,0,0,4,0.000,1,6681.289,707.622,6.000,6770.000,700.000,90.000,63.960,58,69.964,39.964
1468,15.549740,16.668083,16,0,0,4,0.000,1,6681.289,707.622,6.000,6770.000,700.000,90.000,63.960,58,69.964,39.964
1469,17.251966,16.667244,16,0,0,4,0.000,1,6681.289,707.622,6.000,6770.000,700.000,90.000,63.960,58,69.964,39.964
1470,16.345837,16.667294,16,0,0,4,0.000,1,6681.289,707.622,6.000,6770.000,700.000,90.000,63.960,58,69.964,39.964
1471,17.081092,16.667883,16,0,0,4,0.000,1,6681.289,707.622,6.000,6770.000,700.000,90.000,63.960,58,69.964,39.964
1472,16.152784,16.668014,16,0,0,4,0.000,1,6681.289,707.622,6.000,6770.000,700.000,90.000,63.960,58,69.964,39.964
1473,16.702213,16.667394,16,0,0,4,0.000,1,6681.289,707.622,6.000,6770.000,700.000,90.000,63.960,58,69.964,39.964
1474,17.543763,16.667063,16,0,0,4,0.000,1,6681.289,707.622,6.000,6770.000,700.000,90.000,63.960,58,69.964,39.964
1475,18.441791,16.667394,16,0,0,4,0.000,1,6681.289,707.622,6.000,6770.000,700.000,90.000,63.960,58,69.964,39.964
1476,16.975000,16.667134,16,0,0,4,0.000,1,6681.289,707.622,6.000,6770.000,700.000,90.000,63.960,58,69.964,39.964
1477,15.653423,16.668733,16,0,0,4,0.000,1,6681.289,707.622,6.000,6770.000,700.000,90.000,63.960,58,69.964,39.964
1478,17.469850,16.668164,16,0,0,4,0.000,1,6681.289,707.622,6.000,6770.000,700.000,90.000,63.960,58,69.964,39.964
1479,16.363828,16.668144,16,0,0,4,0.000,1,6681.289,707.622,6.000,6770.000,700.000,90.000,63.960,58,69.964,39.964
1480,17.018121,16.668003,16,0,0,4,0.000,1,6681.289,707.622,6.000,6770.000,700.000,90.000,63.960,58,69.964,39.964
1481,16.327846,16.667674,16,0,0,4,0.000,1,6681.289,707.622,6.000,6770.000,700.000,90.000,63.960,58,69.964,39.964
1482,15.462578,16.668804,16,0,0,4,0.000,1,6681.289,707.622,6.000,6770.000,700.000,90.000,63.960,58,69.964,39.964
1483,18.225467,16.668313,16,0,0,4,0.000,1,6681.289,707.622,6.000,6770.000,700.000,90.000,63.960,58,69.964,39.964
1484,17.028142,16.667914,22,0,0,4,0.000,1,6681.289,707.622,6.000,6770.000,700.000,90.000,63.960,58,-1.000,-1.000
1485,16.012169,16.668863,22,0,0,4,0.000,1,6681.289,707.622,6.000,6140.000,390.000,90.000,63.960,58,-1.000,-1.000
1486,14.212652,16.667544,22,0,0,4,0.000,1,6681.289,707.622,6.000,6140.000,390.000,90.000,63.960,58,-1.000,-1.000
1487,19.544374,16.667604,22,0,0,4,0.000,1,6681.289,707.622,6.000,6140.000,390.000,90.000,63.960,58,-1.000,-1.000
1488,16.206695,16.667753,22,0,0,4,0.000,1,6681.289,707.622,6.000,6140.000,390.000,90.000,63.960,58,-1.000,-1.000
1489,18.363309,16.667354,22,0,0,4,0.000,1,6681.289,707.622,6.000,6140.000,390.000,90.000,63.960,58,-1.000,-1.000
1490,15.287344,16.667465,22,0,0,4,0.000,1,6681.289,707.622,6.000,6140.000,390.000,90.000,63.960,58,-1.000,-1.000
1491,16.041190,16.667402,22,0,0,4,0.000,1,6681.289,707.622,6.000,6140.000,390.000,90.000,63.960,58,-1.000,-1.000
1492,16.316077,16.667395,22,0,0,4,0.000,1,6681.289,707.622,6.000,6140.000,390.000,90.000,63.960,58,-1.000,-1.000
1493,15.978039,16.668354,22,0,0,4,0.000,1,6681.289,707.622,6.000,6140.000,390.000,90.000,63.960,58,-1.000,-1.000
1494,17.216696,16.667373,22,0,0,4,0.000,1,6681.289,707.622,6.000,6140.000,390.000,90.000,63.960,58,-1.000,-1.000
1495,15.297304,16.668954,22,0,0,4,0.000,1,6681.289,707.622,6.000,6140.000,390.000,90.000,63.960,58,-1.000,-1.000
1496,15.501359,16.667064,22,0,0,4,0.000,1,6681.289,707.622,6.000,6140.000,390.000,90.000,63.960,58,-1.000,-1.000
1497,15.828185,16.668253,22,0,0,4,0.000,1,6681.289,707.622,6.000,6140.000,390.000,90.000,63.960,58,-1.000,-1.000
1498,16.404679,16.667484,22,0,0,4,0.000,1,6681.289,707.622,6.000,6140.000,390.000,90.000,63.960,58,-1.000,-1.000
1499,17.531552,16.667844,22,0,0,4,0.000,1,6681.289,707.622,6.000,6140.000,390.000,90.000,63.960,58,-1.000,-1.000
1500,15.931378,16.667203,22,0,0,4,0.000,1,6681.289,707.622,6.000,6140.000,390.000,90.000,63.960,58,-1.000,-1.000
1501,16.698954,16.667134,22,0,0,4,0.000,1,6681.289,707.622,6.000,6140.000,390.000,90.000,63.960,58,-1.000,-1.000
1502,16.594753,16.667244,22,0,0,4,0.000,1,6681.289,707.622,6.000,6140.000,390.000,90.000,63.960,58,-1.000,-1.000
1503,21.064977,16.668393,22,0,0,4,0.000,1,6681.289,707.622,6.000,6140.000,390.000,90.000,63.960,58,-1.000,-1.000
1504,16.639302,16.667244,22,0,0,4,0.000,1,6681.289,707.622,6.000,6140.000,390.000,90.000,63.960,58,-1.000,-1.000
1505,17.602704,16.668544,22,0,0,4,0.000,1,6681.289,707.622,6.000,6140.000,390.000,90.000,63.960,58,-1.000,-1.000
1506,15.986529,16.668813,22,0,0,4,0.000,1,6681.289,707.622,6.000,6140.000,390.000,90.000,63.960,58,-1.000,-1.000
1507,16.923900,16.667954,22,0,0,4,0.000,1,6681.289,707.622,6.000,6140.000,390.000,90.000,63.960,58,-1.000,-1.000
1508,16.652282,16.667574,22,0,0,4,0.000,1,6681.289,707.622,6.000,6140.000,390.000,90.000,63.960,58,-1.000,-1.000
1509,17.136384,16.668233,22,0,0,4,0.000,1,6681.289,707.622,6.000,6140.000,390.000,90.000,63.960,58,-1.000,-1.000
1510,11.396882,16.667984,22,0,0,4,0.000,1,6681.289,707.622,6.000,6140.000,390.000,90.000,63.960,58,-1.000,-1.000
1511,16.524630,16.667224,22,0,0,4,0.000,1,6681.289,707.622,6.000,6140.000,390.000,90.000,63.960,58,-1.000,-1.000
1512,16.722656,16.667733,22,0,0,4,0.000,1,6681.289,707.622,6.000,6140.000,390.000,90.000,63.960,58,-1.000,-1.000
1513,16.649043,16.667884,22,0,0,4,0.000,1,6681.289,707.622,6.000,6140.000,390.000,90.000,63.960,58,-1.000,-1.000
1514,18.284668,16.667114,23,0,0,4,0.000,1,6681.289,707.622,6.000,6140.000,390.000,90.000,63.960,58,-1.000,-1.000
1515,20.572397,16.667143,23,1,0,5,0.000,1,6681.289,707.622,6.000,6140.000,390.000,90.000,63.960,58,-1.000,-1.000
1516,11.254559,16.668464,23,1,0,5,0.000,1,6681.289,707.622,6.000,6140.000,390.000,90.000,63.960,58,-1.000,-1.000
1517,16.866878,16.667144,23,1,0,5,0.000,1,6681.289,707.622,6.000,6140.000,390.000,90.000,63.960,58,-1.000,-1.000
1518,20.030215,19.377121,23,1,0,5,0.000,1,6681.289,707.622,6.000,6140.000,390.000,90.000,63.960,58,-1.000,-1.000
1519,16.237724,16.667284,23,1,0,5,0.000,1,6681.289,707.622,6.000,6140.000,390.000,90.000,63.960,58,-1.000,-1.000
1520,17.093413,16.825837,23,1,0,5,0.000,1,6681.289,707.622,6.000,6140.000,390.000,90.000,63.960,58,-1.000,-1.000
1521,16.588012,16.667563,23,1,0,5,0.000,1,6681.289,707.622,6.000,6140.000,390.000,90.000,63.960,58,-1.000,-1.000
1522,18.154185,16.668104,23,1,0,5,0.000,1,6681.289,707.622,6.000,6140.000,390.000,90.000,63.960,58,-1.000,-1.000
1523,14.768194,16.668144,23,1,0,5,0.000,1,6681.289,707.622,6.000,6140.000,390.000,90.000,63.960,58,-1.000,-1.000
1524,16.754865,16.667343,23,1,0,5,0.000,1,6681.289,707.622,6.000,6140.000,390.000,90.000,63.960,58,-1.000,-1.000
1525,21.481506,16.667554,23,1,0,5,0.000,1,6681.289,707.622,6.000,6140.000,390.000,90.000,63.960,58,-1.000,-1.000
1526,17.224995,16.667263,23,1,0,5,0.000,1,6681.289,707.622,6.000,6140.000,390.000,90.000,63.960,58,-1.000,-1.000
1527,14.790404,16.668494,23,1,0,5,0.000,1,6681.289,707.622,6.000,6140.000,390.000,90.000,63.960,58,-1.000,-1.000
1528,16.334856,16.668734,23,1,0,5,0.000,1,6681.289,707.622,6.000,6140.000,390.000,90.000,63.960,58,-1.000,-1.000
1529,17.552763,16.668804,23,1,0,5,0.000,1,6681.289,707.622,6.000,6140.000,390.000,90.000,63.960,58,-1.000,-1.000
1530,16.609212,16.667324,23,1,0,5,0.000,1,6681.289,707.622,6.000,6140.000,390.000,90.000,63.960,58,-1.000,-1.000
1531,16.792057,16.668924,23,1,0,5,0.000,1,6681.289,707.622,6.000,6140.000,390.000,90.000,63.960,58,-1.000,-1.000
1532,17.780927,16.667753,23,1,0,5,0.000,1,6681.289,707.622,6.000,6140.000,390.000,90.000,63.960,58,-1.000,-1.000
1533,16.048931,16.667404,23,1,0,5,0.000,1,6681.289,707.622,6.000,6140.000,390.000,90.000,63.960,58,-1.000,-1.000
1534,14.772324,16.668074,23,1,0,5,0.000,1,6681.289,707.622,6.000,6140.000,390.000,90.000,63.960,58,-1.000,-1.000
1535,13.163719,16.667543,23,1,0,5,0.000,1,6681.289,707.622,6.000,6140.000,390.000,90.000,63.960,58,-1.000,-1.000
1536,17.216045,16.668294,23,1,0,5,0.000,1,6681.289,707.622,6.000,6140.000,390.000,90.000,63.960,58,-1.000,-1.000
1537,20.946504,16.668244,23,1,0,5,0.000,1,6681.289,707.622,6.000,6140.000,390.000,90.000,63.960,58,-1.000,-1.000
1538,12.953015,16.668453,17,1,0,5,0.000,1,6681.289,707.622,6.000,6140.000,390.000,90.000,63.960,58,-1.000,-1.000
1539,19.132186,16.668364,17,1,0,5,0.000,1,6681.289,707.622,6.000,6140.000,390.000,90.000,63.960,58,-1.000,-1.000
1540,20.780041,16.668724,17,1,0,5,0.000,1,6681.289,707.622,6.000,6140.000,390.000,90.000,63.960,58,-1.000,-1.000
1541,14.565339,16.668033,17,1,0,5,0.000,1,6681.289,707.622,6.000,6140.000,390.000,90.000,63.960,58,-1.000,-1.000
1542,12.975075,16.668254,17,1,0,5,0.000,1,6681.289,707.622,6.000,6140.000,390.000,90.000,63.960,58,-1.000,-1.000
1543,17.929281,16.669044,17,1,0,5,0.000,1,6681.289,707.622,6.000,16500.000,700.000,90.000,63.960,58,-1.000,-1.000
1544,17.590203,16.667253,17,1,1,5,0.000,0,6681.289,707.622,6.000,16500.000,700.000,90.000,63.960,58,-1.000,-1.000
1545,17.570813,16.668114,17,1,1,5,0.000,0,6681.289,707.622,6.000,16500.000,700.000,90.000,63.960,58,-1.000,-1.000
1546,15.846666,16.668134,17,1,1,5,0.000,0,6681.289,707.622,6.000,16500.000,700.000,90.000,63.960,58,-1.000,-1.000
1547,16.357598,16.668423,17,1,1,5,0.000,0,6681.289,707.622,6.000,16500.000,700.000,90.000,63.960,58,-1.000,-1.000
1548,17.116253,16.667364,17,1,1,5,0.000,0,6681.289,707.622,6.000,16500.000,700.000,90.000,63.960,58,-1.000,-1.000
1549,18.323919,16.668614,17,1,1,5,0.000,0,6681.289,707.622,6.000,16500.000,700.000,90.000,63.960,58,-1.000,-1.000
1550,14.160730,16.668563,17,1,1,5,0.000,0,6681.289,707.622,6.000,16500.000,700.000,90.000,63.960,58,-1.000,-1.000
1551,14.751093,16.667704,17,1,1,5,0.000,0,6681.289,707.622,6.000,16500.000,700.000,90.000,63.960,58,-1.000,-1.000
1552,15.530849,16.667994,17,1,1,5,0.000,0,6681.289,707.622,6.000,16500.000,700.000,90.000,63.960,58,-1.000,-1.000
1553,16.480900,16.667553,17,1,1,5,0.000,0,6681.289,707.622,6.000,16500.000,700.000,90.000,63.960,58,-1.000,-1.000
1554,16.923690,16.667964,17,1,1,5,0.000,0,6681.289,707.622,6.000,16500.000,700.000,90.000,63.960,58,-1.000,-1.000
1555,16.461339,16.668714,17,1,1,5,0.000,0,6681.289,707.622,6.000,16500.000,700.000,90.000,63.960,58,-1.000,-1.000
1556,21.177739,16.667054,17,1,1,5,0.000,0,6681.289,707.622,6.000,16500.000,700.000,90.000,63.960,58,-1.000,-1.000
1557,12.006444,16.667154,17,1,1,5,0.000,0,6681.289,707.622,6.000,16500.000,700.000,90.000,63.960,58,-1.000,-1.000
1558,16.697585,16.668624,17,1,1,5,0.000,0,6681.289,707.622,6.000,16500.000,700.000,90.000,63.960,58,-1.000,-1.000
1559,16.567912,16.668323,17,1,1,5,0.000,0,6681.289,707.622,6.000,16500.000,700.000,90.000,63.960,58,-1.000,-1.000
1560,16.907819,16.668294,17,1,1,5,0.000,0,6681.289,707.622,6.000,16500.000,700.000,90.000,63.960,58,-1.000,-1.000
1561,16.574221,16.667494,17,1,1,5,0.000,0,6681.289,707.622,6.000,16500.000,700.000,90.000,63.960,58,-1.000,-1.000
1562,16.906099,16.669053,17,1,1,5,0.000,0,6681.289,707.622,6.000,16500.000,700.000,90.000,63.960,58,-1.000,-1.000
1563,16.490760,16.668924,17,1,1,5,0.000,0,6681.289,707.622,6.000,16500.000,700.000,90.000,63.960,58,-1.000,-1.000
1564,16.625203,16.667384,17,1,1,5,0.000,0,6681.289,707.622,6.000,16500.000,700.000,90.000,63.960,58,-1.000,-1.000
1565,18.606635,16.668563,17,1,1,5,0.000,0,6681.289,707.622,6.000,16500.000,700.000,90.000,63.960,58,-1.000,-1.000
1566,17.972551,16.667644,17,1,1,5,0.000,0,6681.289,707.622,6.000,16500.000,700.000,90.000,63.960,58,-1.000,-1.000
1567,14.689511,16.667034,17,1,1,5,0.000,0,6681.289,707.622,6.000,16500.000,700.000,90.000,63.960,58,-1.000,-1.000
1568,16.385069,16.668863,17,1,1,5,0.000,0,6681.289,707.622,6.000,16500.000,700.000,90.000,63.960,58,-1.000,-1.000
1569,16.207133,16.668854,17,1,1,5,0.000,0,6681.289,707.622,6.000,16500.000,700.000,90.000,63.960,58,-1.000,-1.000
1570,16.380698,16.668204,17,1,1,5,0.000,0,6681.289,707.622,6.000,16500.000,700.000,90.000,63.960,58,-1.000,-1.000
1571,16.603612,16.667223,17,1,1,5,0.000,0,6681.289,707.622,6.000,16500.000,700.000,90.000,63.960,58,-1.000,-1.000
1572,16.777987,16.669474,17,1,1,5,0.000,0,6681.289,707.622,6.000,16500.000,700.000,90.000,63.960,58,-1.000,-1.000
1573,17.906670,16.668094,17,1,1,5,0.000,0,6681.289,707.622,6.000,16500.000,700.000,90.000,63.960,58,-1.000,-1.000
1574,16.420028,16.668943,17,1,1,5,0.000,0,6681.289,707.622,6.000,16500.000,700.000,90.000,63.960,58,-1.000,-1.000
1575,16.039200,16.667664,17,1,1,5,0.000,0,6681.289,707.622,6.000,16500.000,700.000,90.000,63.960,58,-1.000,-1.000
1576,16.500711,16.667404,17,1,1,5,0.000,0,6681.289,707.622,6.000,16500.000,700.000,90.000,63.960,58,-1.000,-1.000
1577,16.518910,16.668023,17,1,1,5,0.000,0,6681.289,707.622,6.000,16500.000,700.000,90.000,63.960,58,-1.000,-1.000
1578,23.440268,16.668444,17,1,1,5,0.000,0,6681.289,707.622,6.000,16500.000,700.000,90.000,63.960,58,-1.000,-1.000
1579,10.171205,16.667544,17,1,1,5,0.000,0,6681.289,707.622,6.000,16500.000,700.000,90.000,63.960,58,-1.000,-1.000
1580,16.848278,16.667963,17,1,1,5,0.000,0,6681.289,707.622,6.000,16500.000,700.000,90.000,63.960,58,-1.000,-1.000
1581,16.257915,16.667594,17,1,1,5,0.000,0,6681.289,707.622,6.000,16500.000,700.000,90.000,63.960,58,-1.000,-1.000
1582,16.469589,16.667224,17,1,1,5,0.000,0,6681.289,707.622,6.000,16500.000,700.000,90.000,63.960,58,-1.000,-1.000
1583,19.299680,16.667883,17,1,1,5,0.000,0,6681.289,707.622,6.000,16500.000,700.000,90.000,63.960,58,-1.000,-1.000
1584,17.684265,16.667514,17,1,1,5,0.000,0,6681.289,707.622,6.000,16500.000,700.000,90.000,63.960,58,-1.000,-1.000
1585,17.161143,16.667144,17,1,1,5,0.000,0,6681.289,707.622,6.000,16500.000,700.000,90.000,63.960,58,-1.000,-1.000
1586,17.283928,16.668204,17,1,1,5,0.000,0,6681.289,707.622,6.000,16500.000,700.000,90.000,63.960,58,-1.000,-1.000
1587,17.006381,16.668004,17,1,1,5,0.000,0,6681.289,707.622,6.000,16500.000,700.000,90.000,63.960,58,-1.000,-1.000
1588,11.267009,16.668104,17,1,1,5,0.000,0,6681.289,707.622,6.000,16500.000,700.000,90.000,63.960,58,-1.000,-1.000
1589,16.850207,16.667843,17,1,1,5,0.000,0,6681.289,707.622,6.000,16500.000,700.000,90.000,63.960,58,-1.000,-1.000
1590,16.903409,16.667934,17,1,1,5,0.000,0,6681.289,707.622,6.000,16500.000,700.000,90.000,63.960,58,-1.000,-1.000
1591,16.608922,16.668334,17,1,1,5,0.000,0,6681.289,707.622,6.000,16500.000,700.000,90.000,63.960,58,-1.000,-1.000
1592,16.778516,16.668183,17,1,1,5,0.000,0,6681.289,707.622,6.000,16500.000,700.000,90.000,63.960,58,-1.000,-1.000
1593,16.373047,16.668634,17,1,1,5,0.000,0,6681.289,707.622,6.000,16500.000,700.000,90.000,63.960,58,-1.000,-1.000
1594,16.592303,16.667384,17,1,1,5,0.000,0,6681.289,707.622,6.000,16500.000,700.000,90.000,63.960,58,-1.000,-1.000
1595,17.720826,16.668563,17,1,1,5,0.000,0,6681.289,707.622,6.000,16500.000,700.000,90.000,63.960,58,-1.000,-1.000
1596,15.795285,16.668834,17,1,1,5,0.000,0,6681.289,707.622,6.000,16500.000,700.000,90.000,63.960,58,-1.000,-1.000
1597,16.485750,16.668223,17,1,1,5,0.000,0,6681.289,707.622,6.000,16500.000,700.000,90.000,63.960,58,-1.000,-1.000
1598,16.497270,16.668244,17,1,1,5,0.000,0,6681.289,707.622,6.000,16500.000,700.000,90.000,63.960,58,-1.000,-1.000
1599,16.592572,16.668444,17,1,1,5,0.000,0,6681.289,707.622,6.000,16500.000,700.000,90.000,63.960,58,-1.000,-1.000
1600,16.755636,16.667113,17,1,1,5,0.000,0,6681.289,707.622,6.000,16500.000,700.000,90.000,63.960,58,-1.000,-1.000
1601,16.540100,16.667294,17,1,1,5,0.000,0,6681.289,707.622,6.000,16500.000,700.000,90.000,63.960,58,-1.000,-1.000
1602,20.926104,16.667234,17,1,1,5,0.000,0,6681.289,707.622,6.000,16500.000,700.000,90.000,63.960,58,-1.000,-1.000
1603,12.421895,16.667423,17,1,1,5,0.000,0,6681.289,707.622,6.000,16500.000,700.000,90.000,63.960,58,-1.000,-1.000
1604,16.579831,16.668004,17,1,1,5,0.000,0,6681.289,707.622,6.000,16500.000,700.000,90.000,63.960,58,-1.000,-1.000
1605,17.227065,16.667914,17,1,1,5,0.000,0,6681.289,707.622,6.000,16500.000,700.000,90.000,63.960,58,-1.000,-1.000
1606,21.070578,16.669013,17,1,1,5,0.000,0,6681.289,707.622,6.000,16500.000,700.000,90.000,63.960,58,-1.000,-1.000
1607,12.295871,16.667174,17,1,1,5,0.000,0,6681.289,707.622,6.000,16500.000,700.000,90.000,63.960,58,-1.000,-1.000
1608,18.511312,16.667334,17,1,1,5,0.000,0,6681.289,707.622,6.000,16500.000,700.000,90.000,63.960,58,-1.000,-1.000
1609,20.704720,16.684434,17,1,1,5,0.000,0,6681.289,707.622,6.000,16500.000,700.000,90.000,63.960,58,-1.000,-1.000
1610,16.112312,16.668104,17,1,1,5,0.000,0,6681.289,707.622,6.000,16500.000,700.000,90.000,63.960,58,-1.000,-1.000
1611,17.046871,16.667714,17,1,1,5,0.000,0,6681.289,707.622,6.000,16500.000,700.000,90.000,63.960,58,-1.000,-1.000
1612,16.408369,16.668883,17,1,1,5,0.000,0,6681.289,707.622,6.000,16500.000,700.000,90.000,63.960,58,-1.000,-1.000
1613,17.105293,16.668954,17,1,1,5,0.000,0,6681.289,707.622,6.000,16500.000,700.000,90.000,63.960,58,-1.000,-1.000
1614,10.902601,16.667534,17,1,1,5,0.000,0,6681.289,707.622,6.000,16500.000,700.000,90.000,63.960,58,-1.000,-1.000
1615,19.726278,16.676183,17,1,1,5,0.000,0,6681.289,707.622,6.000,16500.000,700.000,90.000,63.960,58,-1.000,-1.000
1616,14.438147,16.777576,17,1,1,5,0.000,0,6681.289,707.622,6.000,16500.000,700.000,90.000,63.960,58,-1.000,-1.000
1617,19.949144,16.667134,17,1,1,5,0.000,0,6681.289,707.622,6.000,16500.000,700.000,90.000,63.960,58,-1.000,-1.000
1618,14.591409,16.850068,17,1,1,5,0.000,0,6681.289,707.622,6.000,16500.000,700.000,90.000,63.960,58,-1.000,-1.000
1619,15.235483,16.668663,17,1,1,5,0.000,0,6681.289,707.622,6.000,16500.000,700.000,90.000,63.960,58,-1.000,-1.000
1620,17.611084,16.667054,17,1,1,5,0.000,0,6681.289,707.622,6.000,16500.000,700.000,90.000,63.960,58,-1.000,-1.000
1621,15.482729,16.668274,17,1,1,5,0.000,0,6681.289,707.622,6.000,16500.000,700.000,90.000,63.960,58,-1.000,-1.000
1622,16.235574,16.667573,17,1,1,5,0.000,0,6681.289,707.622,6.000,16500.000,700.000,90.000,63.960,58,-1.000,-1.000
1623,16.681123,16.668934,17,1,1,5,0.000,0,6681.289,707.622,6.000,16500.000,700.000,90.000,63.960,58,-1.000,-1.000
1624,17.932021,16.668934,17,1,1,5,0.000,0,6681.289,707.622,6.000,16500.000,700.000,90.000,63.960,58,-1.000,-1.000
1625,15.209674,16.667103,17,1,1,5,0.000,0,6681.289,707.622,6.000,16500.000,700.000,90.000,63.960,58,-1.000,-1.000
1626,18.236586,16.668244,17,1,1,5,0.000,0,6681.289,707.622,6.000,16500.000,700.000,90.000,63.960,58,-1.000,-1.000
1627,15.307135,16.667584,17,1,1,5,0.000,0,6681.289,707.622,6.000,16500.000,700.000,90.000,63.960,58,-1.000,-1.000
1628,16.702255,16.668543,17,1,1,5,0.000,0,6681.289,707.622,6.000,16500.000,700.000,90.000,63.960,58,-1.000,-1.000
1629,18.182895,16.669094,17,1,1,5,0.000,0,6681.289,707.622,6.000,16500.000,700.000,90.000,63.960,58,-1.000,-1.000
1630,21.003986,16.668694,17,1,1,5,0.000,0,6681.289,707.622,6.000,16500.000,700.000,90.000,63.960,58,-1.000,-1.000
1631,15.914738,16.668173,17,1,1,5,0.000,0,6681.289,707.622,6.000,16500.000,700.000,90.000,63.960,58,-1.000,-1.000
1632,16.497799,16.668204,17,1,1,5,0.000,0,6681.289,707.622,6.000,16500.000,700.000,90.000,63.960,58,-1.000,-1.000
1633,11.730780,16.667384,17,1,1,5,0.000,0,6681.289,707.622,6.000,16500.000,700.000,90.000,63.960,58,-1.000,-1.000
1634,17.841388,16.667564,17,1,1,5,0.000,0,6681.289,707.622,6.000,16500.000,700.000,90.000,63.960,58,-1.000,-1.000
1635,21.072547,16.668064,17,1,1,5,0.000,0,6681.289,707.622,6.000,16500.000,700.000,90.000,63.960,58,-1.000,-1.000
1636,16.156453,16.667954,17,1,1,5,0.000,0,6681.289,707.622,6.000,16500.000,700.000,90.000,63.960,58,-1.000,-1.000
1637,11.304990,16.668013,17,1,1,5,0.000,0,6681.289,707.622,6.000,16500.000,700.000,90.000,63.960,58,-1.000,-1.000
1638,16.794586,16.667844,17,1,1,5,0.000,0,6681.289,707.622,6.000,16500.000,700.000,90.000,63.960,58,-1.000,-1.000
1639,16.660214,16.668334,17,1,1,5,0.000,0,6681.289,707.622,6.000,16500.000,700.000,90.000,63.960,58,-1.000,-1.000
1640,16.785237,16.667343,17,1,1,5,0.000,0,6681.289,707.622,6.000,16500.000,700.000,90.000,63.960,58,-1.000,-1.000
1641,16.895108,16.687774,17,1,1,5,0.000,0,6681.289,707.622,6.000,16500.000,700.000,90.000,63.960,58,-1.000,-1.000
1642,16.498370,16.668134,17,1,1,5,0.000,0,6681.289,707.622,6.000,16500.000,700.000,90.000,63.960,58,-1.000,-1.000
1643,16.983910,16.668353,17,1,1,5,0.000,0,6681.289,707.622,6.000,16500.000,700.000,90.000,63.960,58,-1.000,-1.000
1644,16.519561,16.668904,17,1,1,5,0.000,0,6681.289,707.622,6.000,16500.000,700.000,90.000,63.960,58,-1.000,-1.000
1645,16.922289,16.668664,17,1,1,5,0.000,0,6681.289,707.622,6.000,16500.000,700.000,90.000,63.960,58,-1.000,-1.000
1646,16.709074,16.668833,17,1,1,5,0.000,0,6681.289,707.622,6.000,16500.000,700.000,90.000,63.960,58,-1.000,-1.000
1647,16.702345,16.667634,17,1,1,5,0.000,0,6681.289,707.622,6.000,16500.000,700.000,90.000,63.960,58,-1.000,-1.000
1648,16.487829,16.667144,17,1,1,5,0.000,0,6681.289,707.622,6.000,16500.000,700.000,90.000,63.960,58,-1.000,-1.000
1649,16.619564,16.668053,17,1,1,5,0.000,0,6681.289,707.622,6.000,16500.000,700.000,90.000,63.960,58,-1.000,-1.000
1650,16.391237,16.667724,17,1,1,5,0.000,0,6681.289,707.622,6.000,16500.000,700.000,90.000,63.960,58,-1.000,-1.000
1651,16.601953,16.668394,17,1,1,5,0.000,0,6681.289,707.622,6.000,16500.000,700.000,90.000,63.960,58,-1.000,-1.000
1652,16.672844,16.668734,17,1,1,5,0.000,0,6681.289,707.622,6.000,16500.000,700.000,90.000,63.960,58,-1.000,-1.000
1653,16.570851,16.668374,17,1,1,5,0.000,0,6681.289,707.622,6.000,16500.000,700.000,90.000,63.960,58,-1.000,-1.000
1654,16.759086,16.668964,17,1,1,5,0.000,0,6681.289,707.622,6.000,16500.000,700.000,90.000,63.960,58,-1.000,-1.000
1655,16.582242,16.667313,17,1,1,5,0.000,0,6681.289,707.622,6.000,16500.000,700.000,90.000,63.960,58,-1.000,-1.000
1656,16.806956,16.668534,17,1,1,5,0.000,0,6681.289,707.622,6.000,16500.000,700.000,90.000,63.960,58,-1.000,-1.000
1657,16.574402,16.668344,17,1,1,5,0.000,0,6681.289,707.622,6.000,16500.000,700.000,90.000,63.960,58,-1.000,-1.000
1658,16.806497,16.667473,17,1,1,5,0.000,0,6681.289,707.622,6.000,16500.000,700.000,90.000,63.960,58,-1.000,-1.000
1659,16.517690,16.667594,17,1,1,5,0.000,0,6681.289,707.622,6.000,16500.000,700.000,90.000,63.960,58,-1.000,-1.000
1660,18.216716,16.880068,17,1,1,5,0.000,0,6681.289,707.622,6.000,16500.000,700.000,90.000,63.960,58,-1.000,-1.000
1661,15.732504,16.667923,17,1,1,5,0.000,0,6681.289,707.622,6.000,16500.000,700.000,90.000,63.960,58,-1.000,-1.000
1662,16.492531,16.668524,17,1,1,5,0.000,0,6681.289,707.622,6.000,16500.000,700.000,90.000,63.960,58,-1.000,-1.000
1663,16.615982,16.668644,17,1,1,5,0.000,0,6681.289,707.622,6.000,16500.000,700.000,90.000,63.960,58,-1.000,-1.000
1664,16.529511,16.668443,17,1,1,5,0.000,0,6681.289,707.622,6.000,16500.000,700.000,90.000,63.960,58,-1.000,-1.000
1665,17.082652,16.667274,17,1,1,5,0.000,0,6681.289,707.622,6.000,16500.000,700.000,90.000,63.960,58,-1.000,-1.000
1666,17.174665,16.745956,17,1,1,5,0.000,0,6681.289,707.622,6.000,16500.000,700.000,90.000,63.960,58,-1.000,-1.000
1667,15.939138,16.667403,17,1,1,5,0.000,0,6681.289,707.622,6.000,16500.000,700.000,90.000,63.960,58,-1.000,-1.000
1668,16.494189,16.668014,17,1,1,5,0.000,0,6681.289,707.622,6.000,16500.000,700.000,90.000,63.960,58,-1.000,-1.000
1669,16.627834,16.668224,17,1,1,5,0.000,0,6681.289,707.622,6.000,16500.000,700.000,90.000,63.960,58,-1.000,-1.000
1670,17.349158,16.667083,17,1,1,5,0.000,0,6681.289,707.622,6.000,16500.000,700.000,90.000,63.960,58,-1.000,-1.000
1671,20.810741,16.667994,17,1,1,5,0.000,0,6681.289,707.622,6.000,16500.000,700.000,90.000,63.960,58,-1.000,-1.000
1672,16.528532,16.667914,17,1,1,5,0.000,0,6681.289,707.622,6.000,16500.000,700.000,90.000,63.960,58,-1.000,-1.000
1673,15.608740,16.667563,17,1,1,5,0.000,0,6681.289,707.622,6.000,16500.000,700.000,90.000,63.960,58,-1.000,-1.000
1674,13.212741,16.667734,17,1,1,5,0.000,0,6681.289,707.622,6.000,16500.000,700.000,90.000,63.960,58,-1.000,-1.000
1675,16.835797,16.668884,17,1,1,5,0.000,0,6681.289,707.622,6.000,16500.000,700.000,90.000,63.960,58,-1.000,-1.000
1676,16.441669,16.668203,17,1,1,5,0.000,0,6681.289,707.622,6.000,16500.000,700.000,90.000,63.960,58,-1.000,-1.000
1677,16.589132,16.669274,17,1,1,5,0.000,0,6681.289,707.622,6.000,16500.000,700.000,90.000,63.960,58,-1.000,-1.000
1678,16.530491,16.667084,17,1,1,5,0.000,0,6681.289,707.622,6.000,16500.000,700.000,90.000,63.960,58,-1.000,-1.000
1679,16.759196,16.668023,17,1,1,5,0.000,0,6681.289,707.622,6.000,16500.000,700.000,90.000,63.960,58,-1.000,-1.000
1680,16.670723,16.668744,17,1,1,5,0.000,0,6681.289,707.622,6.000,16500.000,700.000,90.000,63.960,58,-1.000,-1.000
1681,16.653074,16.668754,17,1,1,5,0.000,0,6681.289,707.622,6.000,16500.000,700.000,90.000,63.960,58,-1.000,-1.000
1682,16.615343,16.668893,17,1,1,5,0.000,0,6681.289,707.622,6.000,16500.000,700.000,90.000,63.960,58,-1.000,-1.000
1683,16.689153,16.667675,17,1,1,5,0.000,0,6681.289,707.622,6.000,16500.000,700.000,90.000,63.960,58,-1.000,-1.000
1684,16.758866,16.667684,17,1,1,5,0.000,0,6681.289,707.622,6.000,16500.000,700.000,90.000,63.960,58,-1.000,-1.000
1685,16.639643,16.668613,17,1,1,5,0.000,0,6681.289,707.622,6.000,16500.000,700.000,90.000,63.960,58,-1.000,-1.000
1686,16.756705,16.668234,17,1,1,5,0.000,0,6681.289,707.622,6.000,16500.000,700.000,90.000,63.960,58,-1.000,-1.000
1687,16.748146,16.668834,17,1,1,5,0.000,0,6681.289,707.622,6.000,16500.000,700.000,90.000,63.960,58,-1.000,-1.000
1688,16.817297,16.668513,17,1,1,5,0.000,0,6681.289,707.622,6.000,16500.000,700.000,90.000,63.960,58,-1.000,-1.000
1689,16.344376,16.668344,17,1,1,5,0.000,0,6681.289,707.622,6.000,16500.000,700.000,90.000,63.960,58,-1.000,-1.000
1690,16.788857,16.668284,17,1,1,5,0.000,0,6681.289,707.622,6.000,16500.000,700.000,90.000,63.960,58,-1.000,-1.000
1691,16.557372,16.668223,17,1,1,5,0.000,0,6681.289,707.622,6.000,16500.000,700.000,90.000,63.960,58,-1.000,-1.000
1692,16.766015,16.668964,17,1,1,5,0.000,0,6681.289,707.622,6.000,16500.000,700.000,90.000,63.960,58,-1.000,-1.000
1693,16.658764,16.668804,17,1,1,5,0.000,0,6681.289,707.622,6.000,16500.000,700.000,90.000,63.960,58,-1.000,-1.000
1694,16.502780,16.667183,17,1,1,5,0.000,0,6681.289,707.622,6.000,16500.000,700.000,90.000,63.960,58,-1.000,-1.000
1695,16.683434,16.668214,17,1,1,5,0.000,0,6681.289,707.622,6.000,16500.000,700.000,90.000,63.960,58,-1.000,-1.000
1696,21.495896,16.669104,17,1,1,5,0.000,0,6681.289,707.622,6.000,16500.000,700.000,90.000,63.960,58,-1.000,-1.000
1697,12.633678,16.669173,17,1,1,5,0.000,0,6681.289,707.622,6.000,16500.000,700.000,90.000,63.960,58,-1.000,-1.000
1698,16.749325,16.668314,17,1,1,5,0.000,0,6681.289,707.622,6.000,16500.000,700.000,90.000,63.960,58,-1.000,-1.000
1699,16.279585,16.667714,17,1,1,5,0.000,0,6681.289,707.622,6.000,16500.000,700.000,90.000,63.960,58,-1.000,-1.000
1700,16.565482,16.667123,17,1,1,5,0.000,0,6681.289,707.622,6.000,16500.000,700.000,90.000,63.960,58,-1.000,-1.000
1701,16.569932,16.667204,17,1,1,5,0.000,0,6681.289,707.622,6.000,16500.000,700.000,90.000,63.960,58,-1.000,-1.000
1702,16.563391,16.667904,17,1,1,5,0.000,0,6681.289,707.622,6.000,16500.000,700.000,90.000,63.960,58,-1.000,-1.000
1703,16.833778,16.668493,17,1,1,5,0.000,0,6681.289,707.622,6.000,16500.000,700.000,90.000,63.960,58,-1.000,-1.000
1704,16.644922,16.667864,17,1,1,5,0.000,0,6681.289,707.622,6.000,16500.000,700.000,90.000,63.960,58,-1.000,-1.000
1705,20.973075,16.667754,17,1,1,5,0.000,0,6681.289,707.622,6.000,16500.000,700.000,90.000,63.960,58,-1.000,-1.000
1706,12.451885,16.668073,17,1,1,5,0.000,0,6681.289,707.622,6.000,16500.000,700.000,90.000,63.960,58,-1.000,-1.000
1707,16.419618,16.667984,17,1,1,5,0.000,0,6681.289,707.622,6.000,16500.000,700.000,90.000,63.960,58,-1.000,-1.000
1708,16.459480,16.667824,17,1,1,5,0.000,0,6681.289,707.622,6.000,16500.000,700.000,90.000,63.960,58,-1.000,-1.000
1709,21.153449,16.669073,17,1,1,5,0.000,0,6681.289,707.622,6.000,16500.000,700.000,90.000,63.960,58,-1.000,-1.000
1710,17.628034,16.667254,17,1,1,5,0.000,0,6681.289,707.622,6.000,16500.000,700.000,90.000,63.960,58,-1.000,-1.000
1711,11.688628,16.667574,17,1,1,5,0.000,0,6681.289,707.622,6.000,16500.000,700.000,90.000,63.960,58,-1.000,-1.000
1712,16.404588,16.667353,17,1,1,5,0.000,0,6681.289,707.622,6.000,16500.000,700.000,90.000,63.960,58,-1.000,-1.000
1713,16.537961,16.668365,17,1,1,5,0.000,0,6681.289,707.622,6.000,16500.000,700.000,90.000,63.960,58,-1.000,-1.000
1714,16.630793,16.667734,17,1,1,5,0.000,0,6681.289,707.622,6.000,16500.000,700.000,90.000,63.960,58,-1.000,-1.000
1715,16.929269,16.667033,17,1,1,5,0.000,0,6681.289,707.622,6.000,16500.000,700.000,90.000,63.960,58,-1.000,-1.000
1716,16.456929,16.668504,17,1,1,5,0.000,0,6681.289,707.622,6.000,16500.000,700.000,90.000,63.960,58,-1.000,-1.000
1717,18.823920,16.668254,17,1,1,5,0.000,0,6681.289,707.622,6.000,16500.000,700.000,90.000,63.960,58,-1.000,-1.000
1718,14.855535,16.667883,18,1,1,5,0.000,0,6681.289,707.622,6.000,16500.000,700.000,90.000,63.960,58,-1.000,-1.000
1719,16.653193,16.667454,18,1,1,5,0.000,0,6681.289,707.622,6.000,16500.000,700.000,90.000,63.960,58,-1.000,-1.000
1720,16.605173,16.667634,18,1,1,5,0.000,0,6681.289,707.622,6.000,16500.000,700.000,90.000,63.960,58,-1.000,-1.000
1721,16.776596,16.668813,18,1,1,5,0.000,0,6681.289,707.622,6.000,16500.000,700.000,90.000,63.960,58,-1.000,-1.000
1722,16.550330,16.668304,18,1,1,5,0.000,0,6681.289,707.622,6.000,16500.000,700.000,90.000,63.960,58,-1.000,-1.000
1723,16.672845,16.667634,18,1,1,5,0.000,0,6681.289,707.622,6.000,16500.000,700.000,90.000,63.960,58,-1.000,-1.000
1724,16.723515,16.670173,18,1,1,5,0.000,0,6681.289,707.622,6.000,16500.000,700.000,90.000,63.960,58,-1.000,-1.000
1725,16.635132,16.668564,18,1,1,5,0.000,0,6681.289,707.622,6.000,16500.000,700.000,90.000,63.960,58,-1.000,-1.000
1726,16.648274,16.668294,18,1,1,5,0.000,0,6681.289,707.622,6.000,16500.000,700.000,90.000,63.960,58,-1.000,-1.000
1727,18.916761,16.667153,18,1,1,5,0.000,0,6681.289,707.622,6.000,16500.000,700.000,90.000,63.960,58,-1.000,-1.000
1728,18.145285,16.667044,18,1,1,5,0.000,0,6681.289,707.622,6.000,16500.000,700.000,90.000,63.960,58,-1.000,-1.000
1729,20.834242,16.667274,18,1,1,5,0.000,0,6681.289,707.622,6.000,16500.000,700.000,90.000,63.960,58,-1.000,-1.000
1730,14.884616,16.668083,18,1,1,5,0.000,0,6681.289,707.622,6.000,16500.000,700.000,90.000,63.960,58,-1.000,-1.000
1731,10.683166,16.668224,18,1,1,5,0.000,0,6681.289,707.622,6.000,16500.000,700.000,90.000,63.960,58,-1.000,-1.000
1732,16.421299,16.667743,18,1,1,5,0.000,0,6681.289,707.622,6.000,16500.000,700.000,90.000,63.960,58,-1.000,-1.000
1733,16.924610,16.668644,18,1,1,5,0.000,0,6681.289,707.622,6.000,16500.000,700.000,90.000,63.960,58,-1.000,-1.000
1734,16.762256,16.668544,18,1,1,5,0.000,0,6681.289,707.622,6.000,16500.000,700.000,90.000,63.960,58,-1.000,-1.000
1735,16.707003,16.668173,18,1,1,5,0.000,0,6681.289,707.622,6.000,16500.000,700.000,90.000,63.960,58,-1.000,-1.000
1736,16.449730,16.669124,18,1,1,5,0.000,0,6681.289,707.622,6.000,16500.000,700.000,90.000,63.960,58,-1.000,-1.000
1737,16.621272,16.667974,18,1,1,5,0.000,0,6681.289,707.622,6.000,16500.000,700.000,90.000,63.960,58,-1.000,-1.000
1738,16.632053,16.668883,18,1,1,5,0.000,0,6681.289,707.622,6.000,16500.000,700.000,90.000,63.960,58,-1.000,-1.000
1739,16.586033,16.668925,18,1,1,5,0.000,0,6681.289,707.622,6.000,16500.000,700.000,90.000,63.960,58,-1.000,-1.000
1740,16.903448,16.668353,18,1,1,5,0.000,0,6681.289,707.622,6.000,16500.000,700.000,90.000,63.960,58,-1.000,-1.000
1741,20.975235,16.667944,18,1,1,5,0.000,0,6681.289,707.622,6.000,16500.000,700.000,90.000,63.960,58,-1.000,-1.000
1742,17.933320,16.667164,18,1,1,5,0.000,0,6681.289,707.622,6.000,16500.000,700.000,90.000,63.960,58,-1.000,-1.000
1743,16.182374,16.667624,18,1,1,5,0.000,0,6681.289,707.622,6.000,16500.000,700.000,90.000,63.960,58,-1.000,-1.000
1744,17.424010,16.667563,18,1,1,5,0.000,0,6681.289,707.622,6.000,16500.000,700.000,90.000,63.960,58,-1.000,-1.000
1745,10.971233,16.668374,18,1,1,5,0.000,0,6681.289,707.622,6.000,16500.000,700.000,90.000,63.960,58,-1.000,-1.000
1746,16.635292,16.667604,18,1,1,5,0.000,0,6681.289,707.622,6.000,16500.000,700.000,90.000,63.960,58,-1.000,-1.000
1747,20.439364,16.668083,18,1,1,5,0.000,0,6681.289,707.622,6.000,16500.000,700.000,90.000,63.960,58,-1.000,-1.000
1748,18.633456,16.668294,18,1,1,5,0.000,0,6681.289,707.622,6.000,16500.000,700.000,90.000,63.960,58,-1.000,-1.000
1749,11.045834,16.668744,18,1,1,5,0.000,0,6681.289,707.622,6.000,16500.000,700.000,90.000,63.960,58,-1.000,-1.000
1750,16.555011,16.668323,18,1,1,5,0.000,0,6681.289,707.622,6.000,16500.000,700.000,90.000,63.960,58,-1.000,-1.000
1751,20.213049,16.667644,18,1,1,5,0.000,0,6681.289,707.622,6.000,16500.000,700.000,90.000,63.960,58,-1.000,-1.000
1752,12.985866,16.667084,18,1,1,5,0.000,0,6681.289,707.622,6.000,16500.000,700.000,90.000,63.960,58,-1.000,-1.000
1753,16.699334,16.667313,18,1,1,5,0.000,0,6681.289,707.622,6.000,16500.000,700.000,90.000,63.960,58,-1.000,-1.000
1754,16.902389,16.715775,18,1,1,5,0.000,0,6681.289,707.622,6.000,16500.000,700.000,90.000,63.960,58,-1.000,-1.000
1755,16.603353,16.668664,18,1,1,5,0.000,0,6681.289,707.622,6.000,16500.000,700.000,90.000,63.960,58,-1.000,-1.000
1756,21.120938,16.668483,18,1,1,5,0.000,0,6681.289,707.622,6.000,16500.000,700.000,90.000,63.960,58,-1.000,-1.000
1757,12.676188,17.050442,18,1,1,5,0.000,0,6681.289,707.622,6.000,16500.000,700.000,90.000,63.960,58,-1.000,-1.000
1758,16.445280,16.667824,18,1,1,5,0.000,0,6681.289,707.622,6.000,16500.000,700.000,90.000,63.960,58,-1.000,-1.000
1759,16.607241,16.668554,18,1,1,5,0.000,0,6681.289,707.622,6.000,16500.000,700.000,90.000,63.960,58,-1.000,-1.000
1760,16.543522,16.668903,18,1,1,5,0.000,0,6681.289,707.622,6.000,16500.000,700.000,90.000,63.960,58,-1.000,-1.000
1761,16.966740,16.668394,18,1,1,5,0.000,0,6681.289,707.622,6.000,16500.000,700.000,90.000,63.960,58,-1.000,-1.000
1762,16.361917,16.667134,18,1,1,5,0.000,0,6681.289,707.622,6.000,16500.000,700.000,90.000,63.960,58,-1.000,-1.000
1763,16.613003,16.668453,18,1,1,5,0.000,0,6681.289,707.622,6.000,16500.000,700.000,90.000,63.960,58,-1.000,-1.000
1764,16.654763,16.668804,18,1,1,5,0.000,0,6681.289,707.622,6.000,16500.000,700.000,90.000,63.960,58,-1.000,-1.000
1765,16.516210,16.669004,18,1,1,5,0.000,0,6681.289,707.622,6.000,16500.000,700.000,90.000,63.960,58,-1.000,-1.000
1766,16.755066,16.668713,18,1,1,5,0.000,0,6681.289,707.622,6.000,16500.000,700.000,90.000,63.960,58,-1.000,-1.000
1767,16.829428,16.668454,18,1,1,5,0.000,0,6681.289,707.622,6.000,16500.000,700.000,90.000,63.960,58,-1.000,-1.000
1768,16.783895,16.668704,18,1,1,5,0.000,0,6681.289,707.622,6.000,16500.000,700.000,90.000,63.960,58,-1.000,-1.000
1769,16.606183,16.668193,18,1,1,5,0.000,0,6681.289,707.622,6.000,16500.000,700.000,90.000,63.960,58,-1.000,-1.000
1770,16.659154,16.668524,18,1,1,5,0.000,0,6681.289,707.622,6.000,16500.000,700.000,90.000,63.960,58,-1.000,-1.000
1771,16.641562,16.667654,18,1,1,5,0.000,0,6681.289,707.622,6.000,16500.000,700.000,90.000,63.960,58,-1.000,-1.000
1772,16.641064,16.668773,18,1,1,5,0.000,0,6681.289,707.622,6.000,16500.000,700.000,90.000,63.960,58,-1.000,-1.000
1773,16.617922,16.667384,18,1,1,5,0.000,0,6681.289,707.622,6.000,16500.000,700.000,90.000,63.960,58,-1.000,-1.000
1774,16.769666,16.667734,18,1,1,5,0.000,0,6681.289,707.622,6.000,16500.000,700.000,90.000,63.960,58,-1.000,-1.000
1775,16.948329,16.667463,18,1,1,5,0.000,0,6681.289,707.622,6.000,16500.000,700.000,90.000,63.960,58,-1.000,-1.000
1776,16.686275,16.667734,18,1,1,5,0.000,0,6681.289,707.622,6.000,16500.000,700.000,90.000,63.960,58,-1.000,-1.000
1777,16.791206,16.667134,18,1,1,5,0.000,0,6681.289,707.622,6.000,16500.000,700.000,90.000,63.960,58,-1.000,-1.000
1778,16.380198,16.668283,18,1,1,5,0.000,0,6681.289,707.622,6.000,16500.000,700.000,90.000,63.960,58,-1.000,-1.000
1779,16.701824,16.668345,18,1,1,5,0.000,0,6681.289,707.622,6.000,16500.000,700.000,90.000,63.960,58,-1.000,-1.000
1780,17.301757,16.669124,18,1,1,5,0.000,0,6681.289,707.622,6.000,16500.000,700.000,90.000,63.960,58,-1.000,-1.000
1781,16.827557,16.711133,18,1,1,5,0.000,0,6681.289,707.622,6.000,16500.000,700.000,90.000,63.960,58,-1.000,-1.000
1782,17.770128,16.668505,18,1,1,5,0.000,0,6681.289,707.622,6.000,16500.000,700.000,90.000,63.960,58,-1.000,-1.000
1783,14.648180,16.668484,18,1,1,5,0.000,0,6681.289,707.622,6.000,16500.000,700.000,90.000,63.960,58,-1.000,-1.000
1784,16.383898,16.668473,18,1,1,5,0.000,0,6681.289,707.622,6.000,16500.000,700.000,90.000,63.960,58,-1.000,-1.000
1785,16.591162,16.667914,18,1,1,5,0.000,0,6681.289,707.622,6.000,16500.000,700.000,90.000,63.960,58,-1.000,-1.000
1786,16.584392,16.667184,18,1,1,5,0.000,0,6681.289,707.622,6.000,16500.000,700.000,90.000,63.960,58,-1.000,-1.000
1787,16.644863,16.667363,18,1,1,5,0.000,0,6681.289,707.622,6.000,16500.000,700.000,90.000,63.960,58,-1.000,-1.000
1788,18.900251,16.668144,18,1,1,5,0.000,0,6681.289,707.622,6.000,16500.000,700.000,90.000,63.960,58,-1.000,-1.000
1789,18.058203,16.667254,18,1,1,5,0.000,0,6681.289,707.622,6.000,16500.000,700.000,90.000,63.960,58,-1.000,-1.000
1790,13.014316,16.669133,18,1,1,5,0.000,0,6681.289,707.622,6.000,16500.000,700.000,90.000,63.960,58,-1.000,-1.000
1791,16.769346,16.668924,18,1,1,5,0.000,0,6681.289,707.622,6.000,16500.000,700.000,90.000,63.960,58,-1.000,-1.000
1792,16.789237,16.668044,18,1,1,5,0.000,0,6681.289,707.622,6.000,16500.000,700.000,90.000,63.960,58,-1.000,-1.000
1793,16.527960,16.667903,18,1,1,5,0.000,0,6681.289,707.622,6.000,16500.000,700.000,90.000,63.960,58,-1.000,-1.000
1794,17.755167,16.669034,18,1,1,5,0.000,0,6681.289,707.622,6.000,16500.000,700.000,90.000,63.960,58,-1.000,-1.000
1795,16.573072,16.668794,18,1,1,5,0.000,0,6681.289,707.622,6.000,16500.000,700.000,90.000,63.960,58,-1.000,-1.000
1796,16.374657,16.667393,18,1,1,5,0.000,0,6681.289,707.622,6.000,16500.000,700.000,90.000,63.960,58,-1.000,-1.000
1797,16.602933,16.668304,18,1,1,5,0.000,0,6681.289,707.622,6.000,16500.000,700.000,90.000,63.960,58,-1.000,-1.000
1798,19.842441,16.667714,18,1,1,5,0.000,0,6681.289,707.622,6.000,16500.000,700.000,90.000,63.960,58,-1.000,-1.000
1799,19.619246,16.689174,18,1,1,5,0.000,0,6681.289,707.622,6.000,16500.000,700.000,90.000,63.960,58,-1.000,-1.000
1800,16.356026,16.677494,18,1,1,5,0.000,0,6681.289,707.622,6.000,16500.000,700.000,90.000,63.960,58,-1.000,-1.000
1801,16.919659,16.667434,18,1,1,5,0.000,0,6681.289,707.622,6.000,16500.000,700.000,90.000,63.960,58,-1.000,-1.000
1802,15.345277,16.667923,18,1,1,5,0.000,0,6681.289,707.622,6.000,16500.000,700.000,90.000,63.960,58,-1.000,-1.000
1803,16.246514,16.667584,18,1,1,5,0.000,0,6681.289,707.622,6.000,16500.000,700.000,90.000,63.960,58,-1.000,-1.000
1804,11.809101,16.669134,18,1,1,5,0.000,0,6681.289,707.622,6.000,16500.000,700.000,90.000,63.960,58,-1.000,-1.000
1805,16.665093,16.668153,18,1,1,5,0.000,0,6681.289,707.622,6.000,16500.000,700.000,90.000,63.960,58,-1.000,-1.000
1806,16.878128,16.667814,18,1,1,5,0.000,0,6681.289,707.622,6.000,16500.000,700.000,90.000,63.960,58,-1.000,-1.000
1807,16.478761,16.667384,18,1,1,5,0.000,0,6681.289,707.622,6.000,16500.000,700.000,90.000,63.960,58,-1.000,-1.000
1808,17.022921,16.667363,18,1,1,5,0.000,0,6681.289,707.622,6.000,16500.000,700.000,90.000,63.960,58,-1.000,-1.000
1809,16.819687,16.667314,18,1,1,5,0.000,0,6681.289,707.622,6.000,16500.000,700.000,90.000,63.960,58,-1.000,-1.000
1810,16.876947,16.667814,18,1,1,5,0.000,0,6681.289,707.622,6.000,16500.000,700.000,90.000,63.960,58,-1.000,-1.000
1811,16.695185,16.668303,18,1,1,5,0.000,0,6681.289,707.622,6.000,16500.000,700.000,90.000,63.960,58,-1.000,-1.000
1812,16.601022,16.669374,18,1,1,5,0.000,0,6681.289,707.622,6.000,16500.000,700.000,90.000,63.960,58,-1.000,-1.000
1813,16.535781,16.667704,18,1,1,5,0.000,0,6681.289,707.622,6.000,16500.000,700.000,90.000,63.960,58,-1.000,-1.000
1814,16.359107,16.669063,18,1,1,5,0.000,0,6681.289,707.622,6.000,16500.000,700.000,90.000,63.960,58,-1.000,-1.000
1815,16.862839,16.667794,18,1,1,5,0.000,0,6681.289,707.622,6.000,16500.000,700.000,90.000,63.960,58,-1.000,-1.000
1816,16.559090,16.668434,18,1,1,5,0.000,0,6681.289,707.622,6.000,16500.000,700.000,90.000,63.960,58,-1.000,-1.000
1817,16.576122,16.667463,18,1,1,5,0.000,0,6681.289,707.622,6.000,16500.000,700.000,90.000,63.960,58,-1.000,-1.000
1818,16.716904,16.668924,18,1,1,5,0.000,0,6681.289,707.622,6.000,16500.000,700.000,90.000,63.960,58,-1.000,-1.000
1819,16.481631,16.667304,18,1,1,5,0.000,0,6681.289,707.622,6.000,16500.000,700.000,90.000,63.960,58,-1.000,-1.000
1820,16.753885,16.669043,18,1,1,5,0.000,0,6681.289,707.622,6.000,16500.000,700.000,90.000,63.960,58,-1.000,-1.000
1821,27.136416,16.689405,18,1,1,5,0.000,0,6681.289,707.622,6.000,16500.000,700.000,90.000,63.960,58,-1.000,-1.000
1822,8.458049,16.668624,18,1,1,5,0.000,0,6681.289,707.622,6.000,16500.000,700.000,90.000,63.960,58,-1.000,-1.000
1823,17.863349,16.668023,18,1,1,5,0.000,0,6681.289,707.622,6.000,16500.000,700.000,90.000,63.960,58,-1.000,-1.000
1824,15.719484,16.668544,18,1,1,5,0.000,0,6681.289,707.622,6.000,16500.000,700.000,90.000,63.960,58,-1.000,-1.000
1825,16.722914,16.669044,18,1,1,5,0.000,0,6681.289,707.622,6.000,16500.000,700.000,90.000,63.960,58,-1.000,-1.000
1826,14.637521,16.667513,18,1,1,5,0.000,0,6681.289,707.622,6.000,16500.000,700.000,90.000,63.960,58,-1.000,-1.000
1827,17.123954,16.668634,18,1,1,5,0.000,0,6681.289,707.622,6.000,16500.000,700.000,90.000,63.960,58,-1.000,-1.000
1828,16.265655,16.668044,18,1,1,5,0.000,0,6681.289,707.622,6.000,16500.000,700.000,90.000,63.960,58,-1.000,-1.000
1829,16.711985,16.668133,18,1,1,5,0.000,0,6681.289,707.622,6.000,16500.000,700.000,90.000,63.960,58,-1.000,-1.000
1830,16.700854,16.668054,18,1,1,5,0.000,0,6681.289,707.622,6.000,16500.000,700.000,90.000,63.960,58,-1.000,-1.000
1831,16.713585,16.668444,18,1,1,5,0.000,0,6681.289,707.622,6.000,16500.000,700.000,90.000,63.960,58,-1.000,-1.000
1832,16.649633,16.669083,18,1,1,5,0.000,0,6681.289,707.622,6.000,16500.000,700.000,90.000,63.960,58,-1.000,-1.000
1833,16.498850,16.668614,18,1,1,5,0.000,0,6681.289,707.622,6.000,16500.000,700.000,90.000,63.960,58,-1.000,-1.000
1834,16.763235,16.667404,18,1,1,5,0.000,0,6681.289,707.622,6.000,16500.000,700.000,90.000,63.960,58,-1.000,-1.000
1835,16.397599,16.668633,18,1,1,5,0.000,0,6681.289,707.622,6.000,16500.000,700.000,90.000,63.960,58,-1.000,-1.000
1836,16.678274,16.669105,18,1,1,5,0.000,0,6681.289,707.622,6.000,16500.000,700.000,90.000,63.960,58,-1.000,-1.000
1837,19.925462,16.668224,18,1,1,5,0.000,0,6681.289,707.622,6.000,16500.000,700.000,90.000,63.960,58,-1.000,-1.000
1838,17.935601,16.667663,19,1,1,5,0.000,0,6681.289,707.622,6.000,16500.000,700.000,90.000,63.960,58,-1.000,-1.000
1839,17.040361,16.667994,19,1,1,5,0.000,0,6681.289,707.622,6.000,16500.000,700.000,90.000,63.960,58,-1.000,-1.000
1840,32.925839,16.667734,19,1,1,5,0.000,0,6681.289,707.622,6.000,16500.000,700.000,90.000,63.960,58,-1.000,-1.000
1841,8.171073,25.098802,19,1,1,5,0.000,0,6681.289,707.622,6.000,16500.000,700.000,90.000,63.960,58,-1.000,-1.000
1842,13.829954,16.668203,19,1,1,5,0.000,0,6681.289,707.622,6.000,16500.000,700.000,90.000,63.960,58,-1.000,-1.000
1843,17.769587,16.668314,19,1,1,5,0.000,0,6681.289,707.622,6.000,6140.000,390.000,90.000,63.960,58,-1.000,-1.000
1844,19.696109,16.668994,19,1,0,5,0.000,1,6681.289,707.622,6.000,6140.000,390.000,90.000,63.960,58,-1.000,-1.000
1845,17.408159,16.668773,19,1,0,5,0.000,1,6681.289,707.622,6.000,6140.000,390.000,90.000,63.960,58,-1.000,-1.000
1846,15.678503,16.667644,19,1,0,5,0.000,1,6681.289,707.622,6.000,6140.000,390.000,90.000,63.960,58,-1.000,-1.000
1847,16.395387,16.667664,19,1,0,5,0.000,1,6681.289,707.622,6.000,6140.000,390.000,90.000,63.960,58,-1.000,-1.000
1848,17.084263,17.979272,19,1,0,5,0.000,1,6681.289,707.622,6.000,6140.000,390.000,90.000,63.960,58,-1.000,-1.000
1849,17.339458,16.667813,19,1,0,5,0.000,1,6681.289,707.622,6.000,6140.000,390.000,90.000,63.960,58,-1.000,-1.000
1850,15.342325,16.667404,19,1,0,5,0.000,1,6681.289,707.622,6.000,6140.000,390.000,90.000,63.960,58,-1.000,-1.000
1851,18.076794,16.667514,19,1,0,5,0.000,1,6681.289,707.622,6.000,6140.000,390.000,90.000,63.960,58,-1.000,-1.000
1852,15.653352,16.669013,19,1,0,5,0.000,1,6681.289,707.622,6.000,6140.000,390.000,90.000,63.960,58,-1.000,-1.000
1853,14.982518,16.667564,19,1,0,5,0.000,1,6681.289,707.622,6.000,6140.000,390.000,90.000,63.960,58,-1.000,-1.000
1854,14.963528,16.667984,19,1,0,5,0.000,1,6681.289,707.622,6.000,6140.000,390.000,90.000,63.960,58,-1.000,-1.000
1855,16.332956,16.667533,19,1,0,5,0.000,1,6681.289,707.622,6.000,6140.000,390.000,90.000,63.960,58,-1.000,-1.000
1856,16.613293,16.668504,19,1,0,5,0.000,1,6681.289,707.622,6.000,6140.000,390.000,90.000,63.960,58,-1.000,-1.000
1857,16.700394,16.668464,19,1,0,5,0.000,1,6681.289,707.622,6.000,6140.000,390.000,90.000,63.960,58,-1.000,-1.000
1858,16.346117,16.667913,19,1,0,5,0.000,1,6681.289,707.622,6.000,6140.000,390.000,90.000,63.960,58,-1.000,-1.000
1859,16.904818,16.668624,19,1,0,5,0.000,1,6681.289,707.622,6.000,6140.000,390.000,90.000,63.960,58,-1.000,-1.000
1860,16.620943,16.667394,19,1,0,5,0.000,1,6681.289,707.622,6.000,6140.000,390.000,90.000,63.960,58,-1.000,-1.000
1861,16.844988,16.668413,19,1,0,5,0.000,1,6681.289,707.622,6.000,6140.000,390.000,90.000,63.960,58,-1.000,-1.000
1862,18.713747,16.667664,19,1,0,5,0.000,1,6681.289,707.622,6.000,6140.000,390.000,90.000,63.960,58,-1.000,-1.000
1863,15.092480,16.668973,19,1,0,5,0.000,1,6681.289,707.622,6.000,6140.000,390.000,90.000,63.960,58,-1.000,-1.000
1864,16.914429,16.666974,19,1,0,5,0.000,1,6681.289,707.622,6.000,6140.000,390.000,90.000,63.960,58,-1.000,-1.000
1865,16.579802,16.668935,19,1,0,5,0.000,1,6681.289,707.622,6.000,6140.000,390.000,90.000,63.960,58,-1.000,-1.000
1866,15.707233,16.668743,19,1,0,5,0.000,1,6681.289,707.622,6.000,6140.000,390.000,90.000,63.960,58,-1.000,-1.000
1867,16.711885,16.668834,19,1,0,5,0.000,1,6681.289,707.622,6.000,6140.000,390.000,90.000,63.960,58,-1.000,-1.000
1868,16.615852,16.667964,19,1,0,5,0.000,1,6681.289,707.622,6.000,6140.000,390.000,90.000,63.960,58,-1.000,-1.000
1869,16.826257,16.668893,19,1,0,5,0.000,1,6681.289,707.622,6.000,6140.000,390.000,90.000,63.960,58,-1.000,-1.000
1870,16.837628,16.669094,19,1,0,5,0.000,1,6681.289,707.622,6.000,6140.000,390.000,90.000,63.960,58,-1.000,-1.000
1871,16.594371,16.668424,19,1,0,5,0.000,1,6681.289,707.622,6.000,6140.000,390.000,90.000,63.960,58,-1.000,-1.000
1872,16.494661,16.667913,19,1,0,5,0.000,1,6681.289,707.622,6.000,6140.000,390.000,90.000,63.960,58,-1.000,-1.000
1873,16.659844,16.668444,19,1,0,5,0.000,1,6681.289,707.622,6.000,6140.000,390.000,90.000,63.960,58,-1.000,-1.000
1874,16.461559,16.667784,19,1,0,5,0.000,1,6681.289,707.622,6.000,6140.000,390.000,90.000,63.960,58,-1.000,-1.000
1875,18.403130,16.669023,19,1,0,5,0.000,1,6681.289,707.622,6.000,6140.000,390.000,90.000,63.960,58,-1.000,-1.000
1876,15.034500,16.667464,19,1,0,5,0.000,1,6681.289,707.622,6.000,6140.000,390.000,90.000,63.960,58,-1.000,-1.000
1877,16.714884,16.668814,19,1,0,5,0.000,1,6681.289,707.622,6.000,6140.000,390.000,90.000,63.960,58,-1.000,-1.000
1878,17.026721,16.667063,19,1,0,5,0.000,1,6681.289,707.622,6.000,6140.000,390.000,90.000,63.960,58,-1.000,-1.000
1879,16.481050,16.667434,19,1,0,5,0.000,1,6681.289,707.622,6.000,6140.000,390.000,90.000,63.960,58,-1.000,-1.000
1880,16.687584,16.668324,19,1,0,5,0.000,1,6681.289,707.622,6.000,6140.000,390.000,90.000,63.960,58,-1.000,-1.000
1881,17.565853,16.668393,19,1,0,5,0.000,1,6681.289,707.622,6.000,6140.000,390.000,90.000,63.960,58,-1.000,-1.000
1882,15.766665,16.667134,19,1,0,5,0.000,1,6681.289,707.622,6.000,6140.000,390.000,90.000,63.960,58,-1.000,-1.000
1883,16.851887,16.668454,19,1,0,5,0.000,1,6681.289,707.622,6.000,6140.000,390.000,90.000,63.960,58,-1.000,-1.000
1884,16.265795,16.668553,19,1,0,5,0.000,1,6681.289,707.622,6.000,6140.000,390.000,90.000,63.960,58,-1.000,-1.000
1885,18.490612,16.667984,19,1,0,5,0.000,1,6681.289,707.622,6.000,6140.000,390.000,90.000,63.960,58,-1.000,-1.000
1886,19.854642,16.667644,19,1,0,5,0.000,1,6681.289,707.622,6.000,6140.000,390.000,90.000,63.960,58,-1.000,-1.000
1887,16.804467,16.667603,19,1,0,5,0.000,1,6681.289,707.622,6.000,6140.000,390.000,90.000,63.960,58,-1.000,-1.000
1888,12.163017,16.668254,19,1,0,5,0.000,1,6681.289,707.622,6.000,6140.000,390.000,90.000,63.960,58,-1.000,-1.000
1889,16.707305,16.667834,19,1,0,5,0.000,1,6681.289,707.622,6.000,6140.000,390.000,90.000,63.960,58,-1.000,-1.000
1890,16.477420,16.667963,19,1,0,5,0.000,1,6681.289,707.622,6.000,6140.000,390.000,90.000,63.960,58,-1.000,-1.000
1891,16.777496,16.667694,19,1,0,5,0.000,1,6681.289,707.622,6.000,6140.000,390.000,90.000,63.960,58,-1.000,-1.000
1892,16.765726,16.668754,19,1,0,5,0.000,1,6681.289,707.622,6.000,6140.000,390.000,90.000,63.960,58,-1.000,-1.000
1893,16.527110,16.668683,19,1,0,5,0.000,1,6681.289,707.622,6.000,6140.000,390.000,90.000,63.960,58,-1.000,-1.000
1894,16.413519,16.668145,19,1,0,5,0.000,1,6681.289,707.622,6.000,6140.000,390.000,90.000,63.960,58,-1.000,-1.000
1895,16.560821,16.667814,19,1,0,5,0.000,1,6681.289,707.622,6.000,6140.000,390.000,90.000,63.960,58,-1.000,-1.000
1896,16.843247,16.667213,19,1,0,5,0.000,1,6681.289,707.622,6.000,6140.000,390.000,90.000,63.960,58,-1.000,-1.000
1897,16.508321,16.667064,19,1,0,5,0.000,1,6681.289,707.622,6.000,6140.000,390.000,90.000,63.960,58,-1.000,-1.000
1898,16.470459,16.667794,19,1,0,5,0.000,1,6681.289,707.622,6.000,6140.000,390.000,90.000,63.960,58,-1.000,-1.000
1899,16.772956,16.667543,19,1,0,5,0.000,1,6681.289,707.622,6.000,6140.000,390.000,90.000,63.960,58,-1.000,-1.000
1900,16.649694,16.668414,19,1,0,5,0.000,1,6681.289,707.622,6.000,6140.000,390.000,90.000,63.960,58,-1.000,-1.000
1901,16.769115,16.668004,19,1,0,5,0.000,1,6681.289,707.622,6.000,6140.000,390.000,90.000,63.960,58,-1.000,-1.000
1902,18.138715,16.667513,19,1,0,5,0.000,1,6681.289,707.622,6.000,6140.000,390.000,90.000,63.960,58,-1.000,-1.000
1903,15.223584,16.668044,19,1,0,5,0.000,1,6681.289,707.622,6.000,6140.000,390.000,90.000,63.960,58,-1.000,-1.000
1904,16.582001,16.668784,19,1,0,5,0.000,1,6681.289,707.622,6.000,6140.000,390.000,90.000,63.960,58,-1.000,-1.000
1905,18.346270,16.668173,19,1,0,5,0.000,1,6681.289,707.622,6.000,6140.000,390.000,90.000,63.960,58,-1.000,-1.000
1906,19.849410,16.668964,19,1,0,5,0.000,1,6681.289,707.622,6.000,6140.000,390.000,90.000,63.960,58,-1.000,-1.000
1907,12.031595,16.668664,19,1,0,5,0.000,1,6681.289,707.622,6.000,6140.000,390.000,90.000,63.960,58,-1.000,-1.000
1908,16.560272,16.668963,19,1,0,5,0.000,1,6681.289,707.622,6.000,6140.000,390.000,90.000,63.960,58,-1.000,-1.000
1909,16.615273,16.668534,19,1,0,5,0.000,1,6681.289,707.622,6.000,6140.000,390.000,90.000,63.960,58,-1.000,-1.000
1910,16.611212,16.677664,19,1,0,5,0.000,1,6681.289,707.622,6.000,6140.000,390.000,90.000,63.960,58,-1.000,-1.000
1911,19.412523,16.667343,19,1,0,5,0.000,1,6681.289,707.622,6.000,6140.000,390.000,90.000,63.960,58,-1.000,-1.000
1912,13.879263,16.667954,19,1,0,5,0.000,1,6681.289,707.622,6.000,6140.000,390.000,90.000,63.960,58,-1.000,-1.000
1913,16.839788,16.667354,19,1,0,5,0.000,1,6681.289,707.622,6.000,6140.000,390.000,90.000,63.960,58,-1.000,-1.000
1914,16.491720,16.668423,19,1,0,5,0.000,1,6681.289,707.622,6.000,6140.000,390.000,90.000,63.960,58,-1.000,-1.000
1915,16.750666,16.667984,19,1,0,5,0.000,1,6681.289,707.622,6.000,6140.000,390.000,90.000,63.960,58,-1.000,-1.000
1916,16.517929,16.668144,19,1,0,5,0.000,1,6681.289,707.622,6.000,6140.000,390.000,90.000,63.960,58,-1.000,-1.000
1917,16.653114,16.668143,19,1,0,5,0.000,1,6681.289,707.622,6.000,6140.000,390.000,90.000,63.960,58,-1.000,-1.000
1918,16.734185,16.668054,19,1,0,5,0.000,1,6681.289,707.622,6.000,6140.000,390.000,90.000,63.960,58,-1.000,-1.000
1919,17.895010,16.668354,19,1,0,5,0.000,1,6681.289,707.622,6.000,6140.000,390.000,90.000,63.960,58,-1.000,-1.000
1920,15.367326,16.668323,19,1,0,5,0.000,1,6681.289,707.622,6.000,6140.000,390.000,90.000,63.960,58,-1.000,-1.000
1921,16.770065,16.667734,19,1,0,5,0.000,1,6681.289,707.622,6.000,6140.000,390.000,90.000,63.960,58,-1.000,-1.000
1922,16.710985,16.668634,19,1,0,5,0.000,1,6681.289,707.622,6.000,6140.000,390.000,90.000,63.960,58,-1.000,-1.000
1923,16.695305,16.668253,19,1,0,5,0.000,1,6681.289,707.622,6.000,6140.000,390.000,90.000,63.960,58,-1.000,-1.000
1924,16.745615,16.667084,19,1,0,5,0.000,1,6681.289,707.622,6.000,6140.000,390.000,90.000,63.960,58,-1.000,-1.000
1925,16.755895,16.667304,19,1,0,5,0.000,1,6681.289,707.622,6.000,6140.000,390.000,90.000,63.960,58,-1.000,-1.000
1926,16.422779,16.667823,19,1,0,5,0.000,1,6681.289,707.622,6.000,6140.000,390.000,90.000,63.960,58,-1.000,-1.000
1927,16.694324,16.668974,19,1,0,5,0.000,1,6681.289,707.622,6.000,6140.000,390.000,90.000,63.960,58,-1.000,-1.000
1928,16.794596,16.667374,19,1,0,5,0.000,1,6681.289,707.622,6.000,6140.000,390.000,90.000,63.960,58,-1.000,-1.000
1929,16.369088,16.668543,19,1,0,5,0.000,1,6681.289,707.622,6.000,6140.000,390.000,90.000,63.960,58,-1.000,-1.000
1930,16.951480,16.669344,19,1,0,5,0.000,1,6681.289,707.622,6.000,6140.000,390.000,90.000,63.960,58,-1.000,-1.000
1931,16.830706,16.668144,19,1,0,5,0.000,1,6681.289,707.622,6.000,6140.000,390.000,90.000,63.960,58,-1.000,-1.000
1932,16.573972,16.668743,19,1,0,5,0.000,1,6681.289,707.622,6.000,6140.000,390.000,90.000,63.960,58,-1.000,-1.000
1933,16.579231,16.669304,19,1,0,5,0.000,1,6681.289,707.622,6.000,6140.000,390.000,90.000,63.960,58,-1.000,-1.000
1934,16.758596,16.668754,19,1,0,5,0.000,1,6681.289,707.622,6.000,6140.000,390.000,90.000,63.960,58,-1.000,-1.000
1935,16.494530,16.667543,19,1,0,5,0.000,1,6681.289,707.622,6.000,6140.000,390.000,90.000,63.960,58,-1.000,-1.000
1936,16.673543,16.667754,19,1,0,5,0.000,1,6681.289,707.622,6.000,6140.000,390.000,90.000,63.960,58,-1.000,-1.000
1937,16.822627,16.668443,19,1,0,5,0.000,1,6681.289,707.622,6.000,6140.000,390.000,90.000,63.960,58,-1.000,-1.000
1938,16.917630,16.667854,19,1,0,5,0.000,1,6681.289,707.622,6.000,6140.000,390.000,90.000,63.960,58,-1.000,-1.000
1939,16.352476,16.667074,19,1,0,5,0.000,1,6681.289,707.622,6.000,6140.000,390.000,90.000,63.960,58,-1.000,-1.000
1940,16.465330,16.668623,19,1,0,5,0.000,1,6681.289,707.622,6.000,6140.000,390.000,90.000,63.960,58,-1.000,-1.000
1941,16.819597,16.667044,19,1,0,5,0.000,1,6681.289,707.622,6.000,6140.000,390.000,90.000,63.960,58,-1.000,-1.000
1942,16.582222,16.667514,19,1,0,5,0.000,1,6681.289,707.622,6.000,6140.000,390.000,90.000,63.960,58,-1.000,-1.000
1943,16.778956,16.667893,19,1,0,5,0.000,1,6681.289,707.622,6.000,6140.000,390.000,90.000,63.960,58,-1.000,-1.000
1944,16.485660,16.667984,19,1,0,5,0.000,1,6681.289,707.622,6.000,6140.000,390.000,90.000,63.960,58,-1.000,-1.000
1945,16.718704,16.667314,19,1,0,5,0.000,1,6681.289,707.622,6.000,6140.000,390.000,90.000,63.960,58,-1.000,-1.000
1946,16.671504,16.668183,19,1,0,5,0.000,1,6681.289,707.622,6.000,6140.000,390.000,90.000,63.960,58,-1.000,-1.000
1947,16.691885,16.667884,19,1,0,5,0.000,1,6681.289,707.622,6.000,6140.000,390.000,90.000,63.960,58,-1.000,-1.000
1948,19.559084,16.668324,19,1,0,5,0.000,1,6681.289,707.622,6.000,6140.000,390.000,90.000,63.960,58,-1.000,-1.000
1949,13.914976,16.668313,19,1,0,5,0.000,1,6681.289,707.622,6.000,6140.000,390.000,90.000,63.960,58,-1.000,-1.000
1950,16.502220,16.667444,19,1,0,5,0.000,1,6681.289,707.622,6.000,6140.000,390.000,90.000,63.960,58,-1.000,-1.000
1951,16.809596,16.668594,19,1,0,5,0.000,1,6681.289,707.622,6.000,6140.000,390.000,90.000,63.960,58,-1.000,-1.000
1952,16.680714,16.668793,19,1,0,5,0.000,1,6681.289,707.622,6.000,6140.000,390.000,90.000,63.960,58,-1.000,-1.000
1953,16.997131,16.668454,19,1,0,5,0.000,1,6681.289,707.622,6.000,6140.000,390.000,90.000,63.960,58,-1.000,-1.000
1954,16.470990,16.667904,19,1,0,5,0.000,1,6681.289,707.622,6.000,6140.000,390.000,90.000,63.960,58,-1.000,-1.000
1955,17.863718,16.667433,19,1,0,5,0.000,1,6681.289,707.622,6.000,6140.000,390.000,90.000,63.960,58,-1.000,-1.000
1956,15.404837,16.667424,19,1,0,5,0.000,1,6681.289,707.622,6.000,6140.000,390.000,90.000,63.960,58,-1.000,-1.000
1957,16.818148,16.668534,19,1,0,5,0.000,1,6681.289,707.622,6.000,6140.000,390.000,90.000,63.960,58,-1.000,-1.000
1958,16.812826,16.667243,21,1,0,5,0.000,1,6681.289,707.622,6.000,6140.000,390.000,90.000,63.960,58,-1.000,-1.000
1959,193.522447,16.667694,21,1,0,5,0.000,1,6681.289,707.622,6.000,6140.000,390.000,90.000,63.960,58,-1.000,-1.000
1960,7.365226,181.015681,21,1,0,5,0.000,1,6681.289,707.622,6.000,6140.000,390.000,90.000,63.960,58,-1.000,-1.000
1961,12.199658,16.667854,21,1,0,5,0.000,1,6681.289,707.622,6.000,6140.000,390.000,90.000,63.960,58,-1.000,-1.000
1962,17.016461,16.667523,21,1,0,5,0.000,1,6681.289,707.622,6.000,6140.000,390.000,90.000,63.960,58,-1.000,-1.000
1963,17.185266,16.667254,21,1,0,5,0.000,1,6681.289,707.622,6.000,6140.000,390.000,90.000,63.960,58,-1.000,-1.000
1964,16.491019,16.667634,21,1,0,5,0.000,1,6681.289,707.622,6.000,6140.000,390.000,90.000,63.960,58,-1.000,-1.000
1965,19.108716,16.737885,21,1,0,5,0.000,1,6681.289,707.622,6.000,6140.000,390.000,90.000,63.960,58,-1.000,-1.000
1966,16.535431,16.668184,21,1,0,5,0.000,1,6681.289,707.622,6.000,6140.000,390.000,90.000,63.960,58,-1.000,-1.000
1967,15.687252,16.701844,21,1,0,5,0.000,1,6681.289,707.622,6.000,6140.000,390.000,90.000,63.960,58,-1.000,-1.000
1968,16.810907,16.668284,21,1,0,5,0.000,1,6681.289,707.622,6.000,6140.000,390.000,90.000,63.960,58,-1.000,-1.000
1969,16.451500,16.667054,21,1,0,5,0.000,1,6681.289,707.622,6.000,6140.000,390.000,90.000,63.960,58,-1.000,-1.000
1970,16.317986,16.667924,21,1,0,5,0.000,1,6681.289,707.622,6.000,6140.000,390.000,90.000,63.960,58,-1.000,-1.000
1971,16.680244,16.668733,21,1,0,5,0.000,1,6681.289,707.622,6.000,6140.000,390.000,90.000,63.960,58,-1.000,-1.000
1972,16.464379,16.668314,21,1,0,5,0.000,1,6681.289,707.622,6.000,6140.000,390.000,90.000,63.960,58,-1.000,-1.000
1973,19.534435,16.668924,21,1,0,5,0.000,1,6681.289,707.622,6.000,6140.000,390.000,90.000,63.960,58,-1.000,-1.000
1974,17.489511,16.667313,21,1,0,5,0.000,1,6681.289,707.622,6.000,6140.000,390.000,90.000,63.960,58,-1.000,-1.000
1975,11.935203,16.667784,21,1,0,5,0.000,1,6681.289,707.622,6.000,6140.000,390.000,90.000,63.960,58,-1.000,-1.000
1976,16.713055,16.668304,21,1,0,5,0.000,1,6681.289,707.622,6.000,6140.000,390.000,90.000,63.960,58,-1.000,-1.000
1977,19.779749,16.668693,21,1,0,5,0.000,1,6681.289,707.622,6.000,6140.000,390.000,90.000,63.960,58,-1.000,-1.000
1978,14.434337,16.667024,21,1,0,5,0.000,1,6681.289,707.622,6.000,6140.000,390.000,90.000,63.960,58,-1.000,-1.000
1979,16.798367,16.667694,24,1,0,5,0.000,1,6681.289,707.622,6.000,6140.000,390.000,90.000,63.960,58,-1.000,-1.000
1980,18.549143,16.667633,24,1,0,5,0.000,1,6681.289,707.622,6.000,6770.000,700.000,90.000,63.960,58,-1.000,-1.000
1981,14.647841,16.668674,24,1,0,5,0.000,1,6681.289,707.622,6.000,6770.000,700.000,90.000,63.960,58,-1.000,-1.000
1982,16.612323,16.667744,24,1,0,5,0.000,1,6681.289,707.622,6.000,6770.000,700.000,90.000,63.960,58,-1.000,-1.000
1983,16.967129,16.668183,24,1,0,5,0.000,1,6681.289,707.622,6.000,6770.000,700.000,90.000,63.960,58,-1.000,-1.000
1984,16.520671,16.667664,24,1,0,5,0.000,1,6681.289,707.622,6.000,6770.000,700.000,90.000,63.960,58,-1.000,-1.000
1985,16.604523,16.667234,24,1,0,5,0.000,1,6681.289,707.622,6.000,6770.000,700.000,90.000,63.960,58,-1.000,-1.000
1986,16.761364,16.668013,24,1,0,5,0.000,1,6681.289,707.622,6.000,6770.000,700.000,90.000,63.960,58,-1.000,-1.000
1987,16.619343,16.667544,24,1,0,5,0.000,1,6681.289,707.622,6.000,6770.000,700.000,90.000,63.960,58,-1.000,-1.000
1988,16.778997,16.667524,24,1,0,5,0.000,1,6681.289,707.622,6.000,6770.000,700.000,90.000,63.960,58,-1.000,-1.000
1989,16.377117,16.668643,24,1,0,5,0.000,1,6681.289,707.622,6.000,6770.000,700.000,90.000,63.960,58,-1.000,-1.000
1990,16.760026,16.667254,24,1,0,5,0.000,1,6681.289,707.622,6.000,6770.000,700.000,90.000,63.960,58,-1.000,-1.000
1991,16.493729,16.668734,24,1,0,5,0.000,1,6681.289,707.622,6.000,6770.000,700.000,90.000,63.960,58,-1.000,-1.000
1992,16.993611,16.667053,24,1,0,5,0.000,1,6681.289,707.622,6.000,6770.000,700.000,90.000,63.960,58,-1.000,-1.000
1993,16.544791,16.668964,24,1,0,5,0.000,1,6681.289,707.622,6.000,6770.000,700.000,90.000,63.960,58,-1.000,-1.000
1994,16.848328,16.667514,24,1,0,5,0.000,1,6681.289,707.622,6.000,6770.000,700.000,90.000,63.960,58,-1.000,-1.000
1995,17.378258,16.667743,24,1,0,5,0.000,1,6681.289,707.622,6.000,6770.000,700.000,90.000,60.960,58,-1.000,-1.000
1996,16.311256,16.668664,24,1,0,5,0.000,1,6681.289,707.622,6.000,6770.000,700.000,90.000,60.960,58,-1.000,-1.000
1997,17.451381,16.668704,24,1,0,5,0.000,1,6681.289,707.622,6.000,6770.000,700.000,90.000,60.960,58,-1.000,-1.000
1998,15.516779,16.667133,24,1,0,5,0.000,1,6681.289,707.622,6.000,6770.000,700.000,90.000,60.960,58,-1.000,-1.000
1999,16.585232,16.668124,24,1,0,5,0.000,1,6681.289,707.622,6.000,6770.000,700.000,90.000,60.960,58,-1.000,-1.000
2000,16.561831,16.668074,24,1,0,5,0.000,1,6681.289,707.622,6.000,6770.000,700.000,90.000,60.960,58,-1.000,-1.000
2001,16.703795,16.667173,24,1,0,5,0.000,1,6681.289,707.622,6.000,6770.000,700.000,90.000,60.960,58,-1.000,-1.000
2002,21.004676,16.668514,24,1,0,5,0.000,1,6681.289,707.622,6.000,6770.000,700.000,90.000,60.960,58,-1.000,-1.000
2003,12.486585,16.667584,24,1,0,5,0.000,1,6681.289,707.622,6.000,6770.000,700.000,90.000,60.960,58,-1.000,-1.000
2004,16.475699,16.668393,24,1,0,5,0.000,1,6681.289,707.622,6.000,6770.000,700.000,90.000,60.960,58,-1.000,-1.000
2005,17.199165,16.667514,24,1,0,5,0.000,1,6681.289,707.622,6.000,6770.000,700.000,90.000,60.960,58,-1.000,-1.000
2006,18.756168,16.667275,24,1,0,5,0.000,1,6681.289,707.622,6.000,6770.000,700.000,90.000,60.960,58,-1.000,-1.000
2007,14.269223,16.668443,24,1,0,5,0.000,1,6681.289,707.622,6.000,6770.000,700.000,90.000,60.960,58,-1.000,-1.000
2008,16.880308,16.667634,24,1,0,5,0.000,1,6681.289,707.622,6.000,6770.000,700.000,90.000,60.960,58,-1.000,-1.000
2009,16.668954,16.667764,25,1,0,5,0.000,1,6681.289,707.622,6.000,6770.000,700.000,90.000,60.960,58,-1.000,-1.000
2010,17.140914,16.668373,25,1,0,5,0.000,1,6681.289,707.622,6.000,6770.000,700.000,90.000,57.960,58,-1.000,-1.000
2011,16.096631,16.668114,25,1,0,5,0.000,1,6681.289,707.622,6.000,6770.000,700.000,90.000,57.960,58,-1.000,-1.000
2012,16.327166,16.667344,25,1,0,5,0.000,1,6681.289,707.622,6.000,6770.000,700.000,90.000,57.960,58,-1.000,-1.000
2013,16.866878,16.667933,25,1,0,5,0.000,1,6681.289,707.622,6.000,6770.000,700.000,90.000,57.960,58,-1.000,-1.000
2014,16.493041,16.668004,25,1,0,5,0.000,1,6681.289,707.622,6.000,6770.000,700.000,90.000,57.960,58,-1.000,-1.000
2015,16.317686,16.667824,25,1,0,5,0.000,1,6681.289,707.622,6.000,6770.000,700.000,90.000,57.960,58,-1.000,-1.000
2016,16.790796,16.667463,25,1,0,5,0.000,1,6681.289,707.622,6.000,6770.000,700.000,90.000,57.960,58,-1.000,-1.000
2017,16.719955,16.668444,25,1,0,5,0.000,1,6681.289,707.622,6.000,6770.000,700.000,90.000,57.960,58,-1.000,-1.000
2018,16.583022,16.668824,25,1,0,5,0.000,1,6681.289,707.622,6.000,6770.000,700.000,90.000,57.960,58,-1.000,-1.000
2019,17.087362,16.668853,25,1,0,5,0.000,1,6681.289,707.622,6.000,6770.000,700.000,90.000,57.960,58,-1.000,-1.000
2020,16.752166,16.667884,25,1,0,5,0.000,1,6681.289,707.622,6.000,6770.000,700.000,90.000,57.960,58,-1.000,-1.000
2021,16.456139,16.669083,25,1,0,5,0.000,1,6681.289,707.622,6.000,6770.000,700.000,90.000,57.960,58,-1.000,-1.000
2022,16.804096,16.667164,25,1,0,5,0.000,1,6681.289,707.622,6.000,6770.000,700.000,90.000,57.960,58,-1.000,-1.000
2023,16.833878,16.668144,25,1,0,5,0.000,1,6681.289,707.622,6.000,6770.000,700.000,90.000,57.960,58,-1.000,-1.000
2024,16.484320,16.668793,25,1,0,5,0.000,1,6681.289,707.622,6.000,6770.000,700.000,90.000,57.960,58,-1.000,-1.000
2025,20.477774,16.669094,25,1,0,5,0.000,1,6681.289,707.622,6.000,6770.000,700.000,90.000,54.959,58,-1.000,-1.000
2026,12.495975,16.667814,25,1,0,5,0.000,1,6681.289,707.622,6.000,6770.000,700.000,90.000,54.959,58,-1.000,-1.000
2027,16.967280,16.668953,25,1,0,5,0.000,1,6681.289,707.622,6.000,6770.000,700.000,90.000,54.959,58,-1.000,-1.000
2028,16.450990,16.668354,25,1,0,5,0.000,1,6681.289,707.622,6.000,6770.000,700.000,90.000,54.959,58,-1.000,-1.000
2029,16.712065,16.668574,25,1,0,5,0.000,1,6681.289,707.622,6.000,6770.000,700.000,90.000,54.959,58,-1.000,-1.000
2030,16.620682,16.668303,25,1,0,5,0.000,1,6681.289,707.622,6.000,6770.000,700.000,90.000,54.959,58,-1.000,-1.000
2031,16.569892,16.667815,25,1,0,5,0.000,1,6681.289,707.622,6.000,6770.000,700.000,90.000,54.959,58,-1.000,-1.000
2032,16.618242,16.668694,25,1,0,5,0.000,1,6681.289,707.622,6.000,6770.000,700.000,90.000,54.959,58,-1.000,-1.000
2033,16.736675,16.668243,25,1,0,5,0.000,1,6681.289,707.622,6.000,6770.000,700.000,90.000,54.959,58,-1.000,-1.000
2034,16.645614,16.668914,25,1,0,5,0.000,1,6681.289,707.622,6.000,6770.000,700.000,90.000,54.959,58,-1.000,-1.000
2035,16.679773,16.667364,25,1,0,5,0.000,1,6681.289,707.622,6.000,6770.000,700.000,90.000,54.959,58,-1.000,-1.000
2036,16.565872,16.667303,25,1,0,5,0.000,1,6681.289,707.622,6.000,6770.000,700.000,90.000,54.959,58,-1.000,-1.000
2037,16.664404,16.667154,25,1,0,5,0.000,1,6681.289,707.622,6.000,6770.000,700.000,90.000,54.959,58,-1.000,-1.000
2038,16.590532,16.668604,25,1,0,5,0.000,1,6681.289,707.622,6.000,6770.000,700.000,90.000,54.959,58,-1.000,-1.000
2039,16.835837,16.668543,25,1,0,5,0.000,1,6681.289,707.622,6.000,6770.000,700.000,90.000,54.959,58,-1.000,-1.000
2040,17.107103,16.668824,25,1,0,5,0.000,1,6681.289,707.622,6.000,6770.000,700.000,90.000,51.959,58,-1.000,-1.000
2041,16.425709,16.668554,25,1,0,5,0.000,1,6681.289,707.622,6.000,6770.000,700.000,90.000,51.959,58,-1.000,-1.000
2042,16.516260,16.668953,25,1,0,5,0.000,1,6681.289,707.622,6.000,6770.000,700.000,90.000,51.959,58,-1.000,-1.000
2043,19.050964,16.668514,25,1,0,5,0.000,1,6681.289,707.622,6.000,6770.000,700.000,90.000,51.959,58,-1.000,-1.000
2044,14.700162,16.667504,25,1,0,5,0.000,1,6681.289,707.622,6.000,6770.000,700.000,90.000,51.959,58,-1.000,-1.000
2045,16.718265,16.667663,25,1,0,5,0.000,1,6681.289,707.622,6.000,6770.000,700.000,90.000,51.959,58,-1.000,-1.000
2046,16.254205,16.667484,25,1,0,5,0.000,1,6681.289,707.622,6.000,6770.000,700.000,90.000,51.959,58,-1.000,-1.000
2047,19.404261,16.667224,25,1,0,5,0.000,1,6681.289,707.622,6.000,6770.000,700.000,90.000,51.959,58,-1.000,-1.000
2048,13.958807,16.668043,25,1,0,5,0.000,1,6681.289,707.622,6.000,6770.000,700.000,90.000,51.959,58,-1.000,-1.000
2049,16.542811,16.667524,25,1,0,5,0.000,1,6681.289,707.622,6.000,6770.000,700.000,90.000,51.959,58,-1.000,-1.000
2050,16.880029,16.668784,25,1,0,5,0.000,1,6681.289,707.622,6.000,6770.000,700.000,90.000,51.959,58,-1.000,-1.000
2051,16.710823,16.667253,25,1,0,5,0.000,1,6681.289,707.622,6.000,6770.000,700.000,90.000,51.959,58,-1.000,-1.000
2052,18.796260,16.668964,25,1,0,5,0.000,1,6681.289,707.622,6.000,6770.000,700.000,90.000,51.959,58,-1.000,-1.000
2053,14.176800,16.668104,25,1,0,5,0.000,1,6681.289,707.622,6.000,6770.000,700.000,90.000,51.959,58,-1.000,-1.000
