frame,time,phase,age,camera_pitch,barrel_pitch,sample_pitch,aim_weight,jump_weight,x,y,z,foot_x,foot_y,foot_z
1089,3.017097,2,0.000000,-0.000000,-18.000000,-18.000000,1.000000,0.000000,6000.000000,-1000.000000,90.000000,19.779633,8.687961,6.132371
1090,3.030023,2,0.012926,0.000000,-16.448856,-16.448858,1.000000,0.000000,6000.000000,-1000.000000,90.000000,19.779065,8.683738,6.132371
1091,3.042939,2,0.025842,0.000000,-14.898993,-14.898991,1.000000,0.000000,6000.000000,-1000.000000,90.000000,19.778385,8.679740,6.132371
1092,3.056941,2,0.039843,0.000000,-13.218806,-13.218806,1.000000,0.000000,6000.000000,-1000.000000,90.000000,19.777608,8.675500,6.132371
1093,3.070770,2,0.053673,0.000000,-11.559275,-11.559275,1.000000,0.000000,6000.000000,-1000.000000,90.000000,19.776244,8.673751,6.132371
1094,3.085109,2,0.068012,0.000000,-9.838612,-9.838612,1.000000,0.000000,6000.000000,-1000.000000,90.000000,19.773355,8.677949,6.132371
1095,3.099810,2,0.082713,0.000000,-8.074430,-8.074430,1.000000,0.000000,6000.000000,-1000.000000,90.000000,19.770407,8.682251,6.132371
1096,3.114787,2,0.097690,0.000000,-6.277200,-6.277200,1.000000,0.000000,6000.000000,-1000.000000,90.000000,19.774237,8.683339,6.132371
1097,3.127638,2,0.110541,0.000000,-4.735094,-4.735094,1.000000,0.000000,6000.000000,-1000.000000,90.000000,19.777585,8.684241,6.132371
1098,3.141265,2,0.124168,0.000000,-3.099862,-3.099861,1.000000,0.000000,6000.000000,-1000.000000,90.000000,19.778635,8.684477,6.132371
1099,3.154995,2,0.137898,0.000000,-1.452237,-1.452237,1.000000,0.000000,6000.000000,-1000.000000,90.000000,19.777883,8.684204,6.132371
1100,3.169128,2,0.152031,0.000000,-0.000000,0.000000,1.000000,0.000000,6000.000000,-1000.000000,90.000000,19.776702,8.683867,6.132371
1101,3.183059,2,0.165961,0.000000,-0.000000,0.000000,1.000000,0.000000,6000.000000,-1000.000000,90.000000,19.773623,8.683259,6.132371
1102,3.197244,2,0.180147,0.000000,-0.000000,0.000000,1.000000,0.000000,6000.000000,-1000.000000,90.000000,19.770484,8.682639,6.132371
1103,3.210761,2,0.193664,0.000000,-0.000000,0.000000,1.000000,0.000000,6000.000000,-1000.000000,90.000000,19.771383,8.682331,6.132371
1104,3.224366,2,0.207268,0.000000,-0.000000,0.000000,1.000000,0.000000,6000.000000,-1000.000000,90.000000,19.773291,8.682098,6.132371
1105,3.237514,2,0.220417,0.000000,-0.000000,0.000000,1.000000,0.000000,6000.000000,-1000.000000,90.000000,19.775017,8.681742,6.132371
1106,3.250490,2,0.233392,0.000000,-0.000000,0.000000,1.000000,0.000000,6000.000000,-1000.000000,90.000000,19.776472,8.681107,6.132371
1107,3.264237,2,0.247140,0.000000,-0.000000,0.000000,1.000000,0.000000,6000.000000,-1000.000000,90.000000,19.778009,8.680434,6.132371
1108,3.276758,2,0.259661,0.000000,-0.000000,0.000000,1.000000,0.000000,6000.000000,-1000.000000,90.000000,19.777241,8.680789,6.132371
1109,3.289789,2,0.272692,0.000000,-0.000000,0.000000,1.000000,0.000000,6000.000000,-1000.000000,90.000000,19.775896,8.681392,6.132371
1110,3.303030,2,0.285933,0.000000,-0.000000,0.000000,1.000000,0.000000,6000.000000,-1000.000000,90.000000,19.773869,8.681246,6.132371
1111,3.316330,2,0.299233,0.000000,-0.000000,0.000000,1.000000,0.000000,6000.000000,-1000.000000,90.000000,19.769558,8.678493,6.132371
1112,3.329177,2,0.312080,0.000000,-0.000000,0.000000,1.000000,0.000000,6000.000000,-1000.000000,90.000000,19.765405,8.675837,6.132371
1113,3.342610,2,0.325513,0.000000,-0.000000,0.000000,1.000000,0.000000,6000.000000,-1000.000000,90.000000,19.765804,8.673946,6.132371
1114,3.355644,2,0.338547,0.000000,-0.000000,0.000000,1.000000,0.000000,6000.000000,-1000.000000,90.000000,19.768259,8.672496,6.132371
1115,3.368563,2,0.351465,0.000000,-0.000000,0.000000,1.000000,0.000000,6000.000000,-1000.000000,90.000000,19.770300,8.670723,6.132371
1116,3.381778,2,0.364681,0.000000,-0.000000,0.000000,1.000000,0.000000,6000.000000,-1000.000000,90.000000,19.770094,8.666940,6.132371
1117,3.394766,2,0.377668,0.000000,-0.000000,0.000000,1.000000,0.000000,6000.000000,-1000.000000,90.000000,19.769890,8.663223,6.132371
1118,3.407075,2,0.389978,0.000000,-0.000000,0.000000,1.000000,0.000000,6000.000000,-1000.000000,90.000000,19.766424,8.663181,6.132371
1119,3.419520,2,0.402423,0.000000,-0.000000,0.000000,1.000000,0.000000,6000.000000,-1000.000000,90.000000,19.760470,8.665732,6.132371
1120,3.431754,2,0.414657,0.000000,-0.000000,0.000000,1.000000,0.000000,6000.000000,-1000.000000,90.000000,19.754615,8.668238,6.132371
1121,3.444697,2,0.427600,0.000000,-0.000000,0.000000,1.000000,0.000000,6000.000000,-1000.000000,90.000000,19.753096,8.671866,6.132371
1122,3.456832,2,0.439735,0.000000,-0.000000,0.000000,1.000000,0.000000,6000.000000,-1000.000000,90.000000,19.752280,8.675394,6.132371
1123,3.468028,2,0.450931,0.000000,-0.000000,0.000000,1.000000,0.000000,6000.000000,-1000.000000,90.000000,19.751972,8.678417,6.132371
1124,3.479469,2,0.462371,0.000000,-0.000000,0.000000,1.000000,0.000000,6000.000000,-1000.000000,90.000000,19.754945,8.679779,6.132371
1125,3.490913,2,0.473815,0.000000,-0.000000,0.000000,1.000000,0.000000,6000.000000,-1000.000000,90.000000,19.757917,8.681140,6.132371
1126,3.503051,2,0.485953,0.000000,-0.000000,0.000000,1.000000,0.000000,6000.000000,-1000.000000,90.000000,19.761227,8.681325,6.132371
1127,3.514332,2,0.497234,0.000000,-0.000000,0.000000,1.000000,0.000000,6000.000000,-1000.000000,90.000000,19.764715,8.677994,6.132371
1128,3.525404,2,0.508307,0.000000,-0.000000,0.000000,1.000000,0.000000,6000.000000,-1000.000000,90.000000,19.768141,8.674728,6.132371
1129,3.537126,2,0.520029,0.000000,-0.000000,0.000000,1.000000,0.000000,6000.000000,-1000.000000,90.000000,19.770480,8.671829,6.132371
1130,3.548298,2,0.531201,0.000000,-0.000000,0.000000,1.000000,0.000000,6000.000000,-1000.000000,90.000000,19.770144,8.670177,6.132371
1131,3.559484,2,0.542387,0.000000,-0.000000,0.000000,1.000000,0.000000,6000.000000,-1000.000000,90.000000,19.769814,8.668523,6.132371
1132,3.570763,2,0.553666,0.000000,-0.000000,0.000000,1.000000,0.000000,6000.000000,-1000.000000,90.000000,19.770753,8.668158,6.132371
1133,3.582173,2,0.565076,0.000000,-0.000000,0.000000,1.000000,0.000000,6000.000000,-1000.000000,90.000000,19.773982,8.670106,6.132371
1134,3.594831,2,0.577734,0.000000,-0.000000,0.000000,1.000000,0.000000,6000.000000,-1000.000000,90.000000,19.777560,8.672272,6.132371
1135,3.606471,2,0.589374,0.000000,-0.000000,0.000000,1.000000,0.000000,6000.000000,-1000.000000,90.000000,19.780450,8.674227,6.132371
1136,3.618269,2,0.601172,0.000000,-0.000000,0.000000,1.000000,0.000000,6000.000000,-1000.000000,90.000000,19.783044,8.676184,6.132371
1137,3.630448,2,0.613350,0.000000,-0.000000,0.000000,1.000000,0.000000,6000.000000,-1000.000000,90.000000,19.785723,8.678208,6.132371
1138,3.642390,2,0.625293,0.000000,-0.000000,0.000000,1.000000,0.000000,6000.000000,-1000.000000,90.000000,19.788684,8.677786,6.132371
1139,3.654151,2,0.637053,0.000000,-0.000000,0.000000,1.000000,0.000000,6000.000000,-1000.000000,90.000000,19.791713,8.676626,6.132371
1140,3.665587,2,0.648489,0.000000,-0.000000,0.000000,1.000000,0.000000,6000.000000,-1000.000000,90.000000,19.794654,8.675495,6.132371
1141,3.676579,2,0.659482,0.000000,-0.000000,0.000000,1.000000,0.000000,6000.000000,-1000.000000,90.000000,19.794484,8.674013,6.132371
1142,3.688039,2,0.670942,0.000000,-0.000000,0.000000,1.000000,0.000000,6000.000000,-1000.000000,90.000000,19.793973,8.672428,6.132371
1143,3.699496,2,0.682399,0.000000,-0.000000,0.000000,1.000000,0.000000,6000.000000,-1000.000000,90.000000,19.793469,8.670849,6.132371
1144,3.711354,2,0.694257,0.000000,-0.000000,0.000000,1.000000,0.000000,6000.000000,-1000.000000,90.000000,19.790675,8.670783,6.132371
1145,3.722830,2,0.705733,0.000000,-0.000000,0.000000,1.000000,0.000000,6000.000000,-1000.000000,90.000000,19.787889,8.670790,6.132371
1146,3.734865,2,0.717768,0.000000,-0.000000,0.000000,1.000000,0.000000,6000.000000,-1000.000000,90.000000,19.785728,8.670729,6.132371
1147,3.745711,2,0.728614,0.000000,-0.000000,0.000000,1.000000,0.000000,6000.000000,-1000.000000,90.000000,19.788597,8.670267,6.132371
1148,3.760816,2,0.743719,0.000000,-0.000000,0.000000,1.000000,0.000000,6000.000000,-1000.000000,90.000000,19.792572,8.669614,6.132371
1149,3.772726,2,0.755629,0.000000,-0.000000,0.000000,1.000000,0.000000,6000.000000,-1000.000000,90.000000,19.795299,8.668372,6.132371
1150,3.784321,2,0.767224,0.000000,-0.000000,0.000000,1.000000,0.000000,6000.000000,-1000.000000,90.000000,19.797562,8.666472,6.132371
1151,3.796230,2,0.779133,0.000000,-0.000000,0.000000,1.000000,0.000000,6000.000000,-1000.000000,90.000000,19.799867,8.664518,6.132371
1152,3.807814,2,0.790716,0.000000,-0.000000,0.000000,1.000000,0.000000,6000.000000,-1000.000000,90.000000,19.800955,8.665040,6.132371
1153,3.821449,2,0.804351,0.000000,-0.000000,0.000000,1.000000,0.000000,6000.000000,-1000.000000,90.000000,19.801580,8.667028,6.132371
1154,3.837314,2,0.820217,0.000000,-0.000000,0.000000,1.000000,0.000000,6000.000000,-1000.000000,90.000000,19.802188,8.668820,6.132371
1155,3.850094,2,0.832997,0.000000,-0.000000,0.000000,1.000000,0.000000,6000.000000,-1000.000000,90.000000,19.802444,8.669032,6.132371
1156,3.862884,2,0.845787,0.000000,-0.000000,0.000000,1.000000,0.000000,6000.000000,-1000.000000,90.000000,19.802696,8.669233,6.132371
1157,3.875582,2,0.858485,0.000000,-0.000000,0.000000,1.000000,0.000000,6000.000000,-1000.000000,90.000000,19.800409,8.670417,6.132371
1158,3.887730,2,0.870633,0.000000,-0.000000,0.000000,1.000000,0.000000,6000.000000,-1000.000000,90.000000,19.797187,8.671959,6.132371
1159,3.900381,2,0.883284,0.000000,-0.000000,0.000000,1.000000,0.000000,6000.000000,-1000.000000,90.000000,19.793899,8.673558,6.132371
1160,3.913931,2,0.896834,0.000000,-0.000000,0.000000,1.000000,0.000000,6000.000000,-1000.000000,90.000000,19.792590,8.675379,6.132371
1161,3.926223,2,0.909126,0.000000,-0.000000,0.000000,1.000000,0.000000,6000.000000,-1000.000000,90.000000,19.791405,8.677038,6.132371
1162,3.938079,2,0.920981,0.000000,-0.000000,0.000000,1.000000,0.000000,6000.000000,-1000.000000,90.000000,19.789709,8.677673,6.132371
1163,3.949854,2,0.932757,0.000000,-0.000000,0.000000,1.000000,0.000000,6000.000000,-1000.000000,90.000000,19.787199,8.676869,6.132371
1164,3.962133,2,0.945036,0.000000,-0.000000,0.000000,1.000000,0.000000,6000.000000,-1000.000000,90.000000,19.784581,8.676033,6.132371
1165,3.974375,2,0.957278,0.000000,-0.000000,0.000000,1.000000,0.000000,6000.000000,-1000.000000,90.000000,19.783833,8.676490,6.132371
1166,3.988834,2,0.971736,0.000000,-0.000000,0.000000,1.000000,0.000000,6000.000000,-1000.000000,90.000000,19.784246,8.677921,6.132371
1167,4.001952,2,0.984854,0.000000,-0.000000,0.000000,1.000000,0.000000,6000.000000,-1000.000000,90.000000,19.784609,8.678651,6.132371
1168,4.014359,2,0.997262,0.000000,-0.000000,0.000000,1.000000,0.000000,6000.000000,-1000.000000,90.000000,19.784926,8.676256,6.132371
1169,4.027840,2,1.010743,0.000000,-0.000000,0.000000,1.000000,0.000000,6000.000000,-1000.000000,90.000000,19.785265,8.673645,6.132371
1170,4.040981,2,1.023884,0.000000,-0.000000,0.000000,1.000000,0.000000,6000.000000,-1000.000000,90.000000,19.784485,8.671519,6.132371
1171,4.054210,2,1.037112,0.000000,-0.000000,0.000000,1.000000,0.000000,6000.000000,-1000.000000,90.000000,19.782920,8.669690,6.132371
1172,4.066384,2,1.049287,0.000000,-0.000000,0.000000,1.000000,0.000000,6000.000000,-1000.000000,90.000000,19.781480,8.668002,6.132371
1173,4.079270,2,1.062172,0.000000,-0.000000,0.000000,1.000000,0.000000,6000.000000,-1000.000000,90.000000,19.779465,8.669527,6.132371
1174,4.092891,2,1.075793,0.000000,-0.000000,0.000000,1.000000,0.000000,6000.000000,-1000.000000,90.000000,19.777328,8.671209,6.132371
1175,4.103741,2,1.086644,0.000000,-0.000000,0.000000,1.000000,0.000000,6000.000000,-1000.000000,90.000000,19.775793,8.672681,6.132371
1176,4.115462,2,1.098364,0.000000,-0.000000,0.000000,1.000000,0.000000,6000.000000,-1000.000000,90.000000,19.774483,8.674531,6.132371
1177,4.126094,2,1.108997,0.000000,-0.000000,0.000000,1.000000,0.000000,6000.000000,-1000.000000,90.000000,19.773289,8.676211,6.132371
1178,4.136596,2,1.119498,0.000000,-0.000000,0.000000,1.000000,0.000000,6000.000000,-1000.000000,90.000000,19.772769,8.676802,6.132371
1179,4.147096,2,1.129999,0.000000,-0.000000,0.000000,1.000000,0.000000,6000.000000,-1000.000000,90.000000,19.773680,8.675018,6.132371
1180,4.157650,2,1.140552,0.000000,-0.000000,0.000000,1.000000,0.000000,6000.000000,-1000.000000,90.000000,19.774614,8.673237,6.132371
1181,4.168859,2,1.151762,0.000000,-0.000000,0.000000,1.000000,0.000000,6000.000000,-1000.000000,90.000000,19.775002,8.671769,6.132371
1182,4.179787,2,1.162690,0.000000,-0.000000,0.000000,1.000000,0.000000,6000.000000,-1000.000000,90.000000,19.773019,8.672043,6.132371
1183,4.190826,2,1.173729,0.000000,-0.000000,0.000000,1.000000,0.000000,6000.000000,-1000.000000,90.000000,19.771026,8.672338,6.132371
1184,4.201552,2,1.184455,0.000000,-0.000000,0.000000,1.000000,0.000000,6000.000000,-1000.000000,90.000000,19.769207,8.672572,6.132371
1185,4.212224,2,1.195127,0.000000,-0.000000,0.000000,1.000000,0.000000,6000.000000,-1000.000000,90.000000,19.768142,8.672601,6.132371
1186,4.223216,2,1.206118,0.000000,-0.000000,0.000000,1.000000,0.000000,6000.000000,-1000.000000,90.000000,19.767048,8.672628,6.132371
1187,4.233955,2,1.216858,0.000000,-0.000000,0.000000,1.000000,0.000000,6000.000000,-1000.000000,90.000000,19.766131,8.672571,6.132371
1188,4.244811,2,1.227714,0.000000,-0.000000,0.000000,1.000000,0.000000,6000.000000,-1000.000000,90.000000,19.767922,8.671235,6.132371
1189,4.255688,2,1.238591,0.000000,-0.000000,0.000000,1.000000,0.000000,6000.000000,-1000.000000,90.000000,19.769704,8.669893,6.132371
1190,4.268195,2,1.251097,0.000000,-0.000000,0.000000,1.000000,0.000000,6000.000000,-1000.000000,90.000000,19.771572,8.668540,6.132371
1191,4.282371,2,1.265274,0.000000,-0.000000,0.000000,1.000000,0.000000,6000.000000,-1000.000000,90.000000,19.772239,8.668508,6.132371
1192,4.293060,2,1.275963,0.000000,-0.000000,0.000000,1.000000,0.000000,6000.000000,-1000.000000,90.000000,19.772749,8.668489,6.132371
1193,4.307034,2,1.289937,0.000000,-0.000000,0.000000,1.000000,0.000000,6000.000000,-1000.000000,90.000000,19.773088,8.667329,6.132371
1194,4.320551,2,1.303453,0.000000,-0.000000,0.000000,1.000000,0.000000,6000.000000,-1000.000000,90.000000,19.773104,8.665123,6.132371
1195,4.333571,2,1.316474,0.000000,-0.000000,0.000000,1.000000,0.000000,6000.000000,-1000.000000,90.000000,19.773121,8.663071,6.132371
1196,4.733571,2,1.716474,0.000000,11.890607,0.000000,0.000000,0.000000,6000.000000,-1000.000000,90.000000,19.794100,8.639312,7.631840
1197,4.738959,3,0.000000,-45.000000,11.508128,0.000000,0.032331,0.000000,6000.000000,-1000.000000,90.000000,19.795061,8.639599,7.566986
1198,4.744448,3,0.005488,-45.000000,11.075218,-0.658615,0.065262,0.000000,6000.000000,-1000.000000,90.000000,19.796042,8.639883,7.500944
1199,4.755783,3,0.016823,-45.000000,10.042840,-2.018780,0.133270,0.000000,6000.000000,-1000.000000,90.000000,19.798074,8.640479,7.364633
1200,4.767832,3,0.028872,-45.000000,8.740785,-3.464698,0.205566,0.000000,6000.000000,-1000.000000,90.000000,19.800048,8.641137,7.219823
1201,4.778838,3,0.039878,-45.000000,7.365786,-4.785374,0.271600,0.000000,6000.000000,-1000.000000,90.000000,19.800184,8.641939,7.087660
1202,4.790424,3,0.051464,-45.000000,5.729190,-6.175716,0.341117,0.000000,6000.000000,-1000.000000,90.000000,19.800339,8.642787,6.948606
1203,4.801215,3,0.062256,-45.000000,4.029975,-7.470695,0.405866,0.000000,6000.000000,-1000.000000,90.000000,19.800550,8.643293,6.819118
1204,4.811856,3,0.072896,-45.000000,2.185958,-8.747559,0.469709,0.000000,6000.000000,-1000.000000,90.000000,19.801323,8.641581,6.691239
1205,4.823542,3,0.084582,-45.000000,-0.025582,-10.149860,0.539824,0.000000,6000.000000,-1000.000000,90.000000,19.802162,8.639696,6.551049
1206,4.834765,3,0.095806,-45.000000,-2.333324,-11.496683,0.607165,0.000000,6000.000000,-1000.000000,90.000000,19.802882,8.638455,6.416659
1207,4.846256,3,0.107296,-45.000000,-4.883502,-12.875539,0.676108,0.000000,6000.000000,-1000.000000,90.000000,19.803019,8.641182,6.279353
1208,4.857521,3,0.118562,-45.000000,-7.564961,-14.227437,0.743703,0.000000,6000.000000,-1000.000000,90.000000,19.803150,8.643851,6.144890
1209,4.870987,3,0.132028,-45.000000,-11.003801,-15.843342,0.824498,0.000000,6000.000000,-1000.000000,90.000000,19.803813,8.646162,6.132371
1210,4.882060,3,0.143100,-45.000000,-14.021935,-17.172007,0.890931,0.000000,6000.000000,-1000.000000,90.000000,19.805223,8.646534,6.132371
1211,4.894012,3,0.155053,-45.000000,-17.474972,-18.606319,0.962647,0.000000,6000.000000,-1000.000000,90.000000,19.806752,8.646935,6.132371
1212,4.906058,3,0.167099,-45.000000,-20.051880,-20.051880,1.000000,0.000000,6000.000000,-1000.000000,90.000000,19.806865,8.646343,6.132371
1213,4.917977,3,0.179018,-45.000000,-21.482119,-21.482119,1.000000,0.000000,6000.000000,-1000.000000,90.000000,19.805603,8.644792,6.132371
1214,4.930213,3,0.191254,-45.000000,-22.950478,-22.950478,1.000000,0.000000,6000.000000,-1000.000000,90.000000,19.804296,8.643190,6.132371
1215,4.943940,3,0.204981,-45.000000,-24.597673,-24.597672,1.000000,0.000000,6000.000000,-1000.000000,90.000000,19.808386,8.641758,6.132371
1216,4.956385,3,0.217425,-45.000000,-26.091038,-26.091038,1.000000,0.000000,6000.000000,-1000.000000,90.000000,19.813573,8.640554,6.132371
1217,4.968856,3,0.229896,-45.000000,-27.587578,-27.587578,1.000000,0.000000,6000.000000,-1000.000000,90.000000,19.817801,8.639555,6.132371
1218,4.981499,3,0.242540,-45.000000,-29.104769,-29.104769,1.000000,0.000000,6000.000000,-1000.000000,90.000000,19.817456,8.639517,6.132371
1219,4.993371,3,0.254411,-45.000000,-30.529331,-30.529329,1.000000,0.000000,6000.000000,-1000.000000,90.000000,19.817135,8.639483,6.132371
1220,5.005560,3,0.266600,-45.000000,-31.992050,-31.992048,1.000000,0.000000,6000.000000,-1000.000000,90.000000,19.815491,8.639554,6.132371
1221,5.018212,3,0.279252,-45.000000,-33.510258,-33.510254,1.000000,0.000000,6000.000000,-1000.000000,90.000000,19.812165,8.639748,6.132371
1222,5.029786,3,0.290827,-45.000000,-34.899235,-34.899235,1.000000,0.000000,6000.000000,-1000.000000,90.000000,19.809123,8.639930,6.132371
1223,5.042589,3,0.303630,-45.000000,-36.435539,-36.435539,1.000000,0.000000,6000.000000,-1000.000000,90.000000,19.809386,8.640205,6.132371
1224,5.055821,3,0.316862,-45.000000,-38.023434,-38.023430,1.000000,0.000000,6000.000000,-1000.000000,90.000000,19.811088,8.640522,6.132371
1225,5.068843,3,0.329883,-45.000000,-39.586010,-39.586006,1.000000,0.000000,6000.000000,-1000.000000,90.000000,19.813015,8.640569,6.132371
1226,5.082635,3,0.343676,-45.000000,-41.241112,-41.241112,1.000000,0.000000,6000.000000,-1000.000000,90.000000,19.816314,8.639228,6.132371
1227,5.094419,3,0.355460,-45.000000,-42.655193,-42.655193,1.000000,0.000000,6000.000000,-1000.000000,90.000000,19.819143,8.638089,6.132371
1228,5.106701,3,0.367741,-45.000000,-44.128952,-44.128952,1.000000,0.000000,6000.000000,-1000.000000,90.000000,19.819780,8.637300,6.132371
1229,5.118444,3,0.379485,-45.000000,-45.000000,-45.000000,1.000000,0.000000,6000.000000,-1000.000000,90.000000,19.818559,8.636867,6.132371
1230,5.130655,3,0.391695,-45.000000,-45.000000,-45.000000,1.000000,0.000000,6000.000000,-1000.000000,90.000000,19.817288,8.636419,6.132371
1231,5.142658,3,0.403699,-45.000000,-45.000000,-45.000000,1.000000,0.000000,6000.000000,-1000.000000,90.000000,19.816702,8.634803,6.132371
1232,5.155708,3,0.416748,-45.000000,-45.000000,-45.000000,1.000000,0.000000,6000.000000,-1000.000000,90.000000,19.816284,8.632678,6.132371
1233,5.167629,3,0.428670,-45.000000,-45.000000,-45.000000,1.000000,0.000000,6000.000000,-1000.000000,90.000000,19.815968,8.630709,6.132371
1234,5.178669,3,0.439709,-45.000000,-45.000000,-45.000000,1.000000,0.000000,6000.000000,-1000.000000,90.000000,19.816523,8.628684,6.132371
1235,5.189967,3,0.451007,-45.000000,-45.000000,-45.000000,1.000000,0.000000,6000.000000,-1000.000000,90.000000,19.817096,8.626615,6.132371
1236,5.202581,3,0.463622,-45.000000,-45.000000,-45.000000,1.000000,0.000000,6000.000000,-1000.000000,90.000000,19.817720,8.625044,6.132371
1237,5.215869,3,0.476909,-45.000000,-45.000000,-45.000000,1.000000,0.000000,6000.000000,-1000.000000,90.000000,19.818347,8.626417,6.132371
1238,5.228498,3,0.489539,-45.000000,-45.000000,-45.000000,1.000000,0.000000,6000.000000,-1000.000000,90.000000,19.818944,8.627720,6.132371
1239,5.240929,3,0.501970,-45.000000,-45.000000,-45.000000,1.000000,0.000000,6000.000000,-1000.000000,90.000000,19.818154,8.624706,6.132371
1240,5.253268,3,0.514309,-45.000000,-45.000000,-45.000000,1.000000,0.000000,6000.000000,-1000.000000,90.000000,19.816497,8.619003,6.132371
1241,5.264509,3,0.525549,-45.000000,-45.000000,-45.000000,1.000000,0.000000,6000.000000,-1000.000000,90.000000,19.814976,8.613802,6.132371
1242,5.275266,3,0.536306,-45.000000,-45.000000,-45.000000,1.000000,0.000000,6000.000000,-1000.000000,90.000000,19.817838,8.613224,6.132371
1243,5.286623,3,0.547664,-45.000000,-45.000000,-45.000000,1.000000,0.000000,6000.000000,-1000.000000,90.000000,19.821994,8.613771,6.132371
1244,5.298216,3,0.559257,-45.000000,-45.000000,-45.000000,1.000000,0.000000,6000.000000,-1000.000000,90.000000,19.826245,8.614340,6.132371
1245,5.309461,3,0.570502,-45.000000,-45.000000,-45.000000,1.000000,0.000000,6000.000000,-1000.000000,90.000000,19.823436,8.614339,6.132371
1246,5.320736,3,0.581776,-45.000000,-45.000000,-45.000000,1.000000,0.000000,6000.000000,-1000.000000,90.000000,19.819313,8.614234,6.132371
1247,5.332065,3,0.593106,-45.000000,-45.000000,-45.000000,1.000000,0.000000,6000.000000,-1000.000000,90.000000,19.815166,8.614128,6.132371
1248,5.343520,3,0.604561,-45.000000,-45.000000,-45.000000,1.000000,0.000000,6000.000000,-1000.000000,90.000000,19.813464,8.611559,6.132371
1249,5.354576,3,0.615616,-45.000000,-45.000000,-45.000000,1.000000,0.000000,6000.000000,-1000.000000,90.000000,19.812126,8.608788,6.132371
1250,5.365777,3,0.626817,-45.000000,-45.000000,-45.000000,1.000000,0.000000,6000.000000,-1000.000000,90.000000,19.810770,8.605972,6.132371
1251,5.377250,3,0.638291,-45.000000,-45.000000,-45.000000,1.000000,0.000000,6000.000000,-1000.000000,90.000000,19.816367,8.612056,6.132371
1252,5.388915,3,0.649955,-45.000000,-45.000000,-45.000000,1.000000,0.000000,6000.000000,-1000.000000,90.000000,19.822669,8.619021,6.132371
1253,5.400628,3,0.661668,-45.000000,-45.000000,-45.000000,1.000000,0.000000,6000.000000,-1000.000000,90.000000,19.828847,8.625680,6.132371
1254,5.411805,3,0.672845,-45.000000,-45.000000,-45.000000,1.000000,0.000000,6000.000000,-1000.000000,90.000000,19.832441,8.626519,6.132371
1255,5.427511,3,0.688552,-45.000000,-45.000000,-45.000000,1.000000,0.000000,6000.000000,-1000.000000,90.000000,19.837478,8.627697,6.132371
1256,5.440966,3,0.702007,-45.000000,-45.000000,-45.000000,1.000000,0.000000,6000.000000,-1000.000000,90.000000,19.839922,8.628258,6.132371
1257,5.455063,3,0.716104,-45.000000,-45.000000,-45.000000,1.000000,0.000000,6000.000000,-1000.000000,90.000000,19.840970,8.628467,6.132371
1258,5.466904,3,0.727944,-45.000000,-45.000000,-45.000000,1.000000,0.000000,6000.000000,-1000.000000,90.000000,19.841886,8.628665,6.132371
1259,5.482544,3,0.743585,-45.000000,-45.000000,-45.000000,1.000000,0.000000,6000.000000,-1000.000000,90.000000,19.844432,8.629874,6.132371
1260,5.495439,3,0.756480,-45.000000,-45.000000,-45.000000,1.000000,0.000000,6000.000000,-1000.000000,90.000000,19.846547,8.630873,6.132371
1261,5.507926,3,0.768967,-45.000000,-45.000000,-45.000000,1.000000,0.000000,6000.000000,-1000.000000,90.000000,19.848765,8.631732,6.132371
1262,5.520436,3,0.781477,-45.000000,-45.000000,-45.000000,1.000000,0.000000,6000.000000,-1000.000000,90.000000,19.851081,8.632544,6.132371
1263,5.531318,3,0.792359,-45.000000,-45.000000,-45.000000,1.000000,0.000000,6000.000000,-1000.000000,90.000000,19.853104,8.633243,6.132371
1264,5.545318,3,0.806359,-45.000000,-45.000000,-45.000000,1.000000,0.000000,6000.000000,-1000.000000,90.000000,19.854271,8.634658,6.132371
1265,5.556827,3,0.817868,-45.000000,-45.000000,-45.000000,1.000000,0.000000,6000.000000,-1000.000000,90.000000,19.855027,8.635888,6.132371
1266,5.567298,3,0.828339,-45.000000,-45.000000,-45.000000,1.000000,0.000000,6000.000000,-1000.000000,90.000000,19.855720,8.636874,6.132371
1267,5.580446,3,0.841486,-45.000000,-45.000000,-45.000000,1.000000,0.000000,6000.000000,-1000.000000,90.000000,19.856636,8.635472,6.132371
1268,5.593530,3,0.854571,-45.000000,-45.000000,-45.000000,1.000000,0.000000,6000.000000,-1000.000000,90.000000,19.857545,8.634073,6.132371
1269,5.606065,3,0.867105,-45.000000,-45.000000,-45.000000,1.000000,0.000000,6000.000000,-1000.000000,90.000000,19.858712,8.633344,6.132371
1270,5.619346,3,0.880386,-45.000000,-45.000000,-45.000000,1.000000,0.000000,6000.000000,-1000.000000,90.000000,19.860291,8.633250,6.132371
1271,5.631377,3,0.892418,-45.000000,-45.000000,-45.000000,1.000000,0.000000,6000.000000,-1000.000000,90.000000,19.861714,8.633164,6.132371
1272,5.643630,3,0.904671,-45.000000,-45.000000,-45.000000,1.000000,0.000000,6000.000000,-1000.000000,90.000000,19.862317,8.634549,6.132371
1273,5.657472,3,0.918513,-45.000000,-45.000000,-45.000000,1.000000,0.000000,6000.000000,-1000.000000,90.000000,19.862818,8.636424,6.132371
1274,5.670637,3,0.931678,-45.000000,-45.000000,-45.000000,1.000000,0.000000,6000.000000,-1000.000000,90.000000,19.862760,8.636875,6.132371
1275,5.683990,3,0.945030,-45.000000,-45.000000,-45.000000,1.000000,0.000000,6000.000000,-1000.000000,90.000000,19.861466,8.634211,6.132371
1276,5.696210,3,0.957250,-45.000000,-45.000000,-45.000000,1.000000,0.000000,6000.000000,-1000.000000,90.000000,19.860271,8.631771,6.132371
1277,5.708750,3,0.969791,-45.000000,-45.000000,-45.000000,1.000000,0.000000,6000.000000,-1000.000000,90.000000,19.859993,8.631241,6.132371
1278,5.721429,3,0.982470,-45.000000,-45.000000,-45.000000,1.000000,0.000000,6000.000000,-1000.000000,90.000000,19.860127,8.631575,6.132371
1279,5.733659,3,0.994699,-45.000000,-45.000000,-45.000000,1.000000,0.000000,6000.000000,-1000.000000,90.000000,19.860205,8.631779,6.132371
1280,5.745845,3,1.006886,-45.000000,-45.000000,-45.000000,1.000000,0.000000,6000.000000,-1000.000000,90.000000,19.858544,8.628046,6.132371
1281,5.759245,3,1.020286,-45.000000,-45.000000,-45.000000,1.000000,0.000000,6000.000000,-1000.000000,90.000000,19.856718,8.623941,6.132371
1282,5.772916,3,1.033956,-45.000000,-45.000000,-45.000000,1.000000,0.000000,6000.000000,-1000.000000,90.000000,19.854975,8.621021,6.132371
1283,5.787861,3,1.048902,-45.000000,-45.000000,-45.000000,1.000000,0.000000,6000.000000,-1000.000000,90.000000,19.853224,8.619475,6.132371
1284,5.802079,3,1.063119,-45.000000,-45.000000,-45.000000,1.000000,0.000000,6000.000000,-1000.000000,90.000000,19.852089,8.618075,6.132371
1285,5.815933,3,1.076973,-45.000000,-45.000000,-45.000000,1.000000,0.000000,6000.000000,-1000.000000,90.000000,19.854040,8.617172,6.132371
1286,5.829560,3,1.090600,-45.000000,-45.000000,-45.000000,1.000000,0.000000,6000.000000,-1000.000000,90.000000,19.855962,8.616285,6.132371
1287,5.844307,3,1.105348,-45.000000,-45.000000,-45.000000,1.000000,0.000000,6000.000000,-1000.000000,90.000000,19.855239,8.613437,6.132371
1288,5.859765,3,1.120805,-45.000000,-45.000000,-45.000000,1.000000,0.000000,6000.000000,-1000.000000,90.000000,19.853455,8.609765,6.132371
1289,5.875436,3,1.136477,-45.000000,-45.000000,-45.000000,1.000000,0.000000,6000.000000,-1000.000000,90.000000,19.854076,8.607958,6.132371
1290,5.891353,3,1.152393,-45.000000,-45.000000,-45.000000,1.000000,0.000000,6000.000000,-1000.000000,90.000000,19.856628,8.607640,6.132371
1291,5.906175,3,1.167216,-45.000000,-45.000000,-45.000000,1.000000,0.000000,6000.000000,-1000.000000,90.000000,19.857133,8.607405,6.132371
1292,5.921037,3,1.182077,-45.000000,-45.000000,-45.000000,1.000000,0.000000,6000.000000,-1000.000000,90.000000,19.855004,8.607245,6.132371
1293,5.935879,3,1.196920,-45.000000,-45.000000,-45.000000,1.000000,0.000000,6000.000000,-1000.000000,90.000000,19.852934,8.606931,6.132371
1294,5.950570,3,1.211610,-45.000000,-45.000000,-45.000000,1.000000,0.000000,6000.000000,-1000.000000,90.000000,19.851176,8.605861,6.132371
1295,5.964184,3,1.225225,-45.000000,-45.000000,-45.000000,1.000000,0.000000,6000.000000,-1000.000000,90.000000,19.849544,8.604878,6.132371
1296,5.977831,3,1.238872,-45.000000,-45.000000,-45.000000,1.000000,0.000000,6000.000000,-1000.000000,90.000000,19.849386,8.602571,6.132371
1297,5.990658,3,1.251699,-45.000000,-45.000000,-45.000000,1.000000,0.000000,6000.000000,-1000.000000,90.000000,19.849539,8.600131,6.132371
1298,6.004568,3,1.265609,-45.000000,-45.000000,-45.000000,1.000000,0.000000,6000.000000,-1000.000000,90.000000,19.850540,8.598642,6.132371
1299,6.018474,3,1.279515,-45.000000,-45.000000,-45.000000,1.000000,0.000000,6000.000000,-1000.000000,90.000000,19.853208,8.599507,6.132371
1300,6.031839,3,1.292879,-45.000000,-45.000000,-45.000000,1.000000,0.000000,6000.000000,-1000.000000,90.000000,19.855783,8.600338,6.132371
1301,6.045110,3,1.306151,-45.000000,-45.000000,-45.000000,1.000000,0.000000,6000.000000,-1000.000000,90.000000,19.857343,8.601866,6.132371
1302,6.058581,3,1.319621,-45.000000,-45.000000,-45.000000,1.000000,0.000000,6000.000000,-1000.000000,90.000000,19.858806,8.603519,6.132371
1303,6.258850,3,1.519891,-45.000000,-45.000000,-45.000000,1.000000,0.000000,6000.000000,-1000.000000,90.000000,19.878916,8.616408,6.132371
1304,6.266209,4,0.000000,12.000000,-45.000000,-45.000000,1.000000,0.000000,6000.000000,-1000.000000,90.000000,19.882296,8.617297,6.132371
1305,6.270185,4,0.003976,12.000000,-44.522877,-44.522877,1.000000,0.000000,6000.000000,-1000.000000,90.000000,19.883802,8.616927,6.132371
1306,6.282926,4,0.016717,12.000000,-42.993908,-42.993908,1.000000,0.000000,6000.000000,-1000.000000,90.000000,19.888463,8.615371,6.132371
1307,6.296721,4,0.030512,12.000000,-41.338509,-41.338509,1.000000,0.000000,6000.000000,-1000.000000,90.000000,19.893507,8.613691,6.132371
1308,6.312416,4,0.046207,12.000000,-39.455204,-39.455204,1.000000,0.000000,6000.000000,-1000.000000,90.000000,19.899520,8.614307,6.132371
1309,6.326559,4,0.060351,12.000000,-37.757938,-37.757938,1.000000,0.000000,6000.000000,-1000.000000,90.000000,19.904992,8.615466,6.132371
1310,6.340615,4,0.074406,12.000000,-36.071281,-36.071281,1.000000,0.000000,6000.000000,-1000.000000,90.000000,19.909527,8.612342,6.132371
1311,6.352574,4,0.086365,12.000000,-34.636219,-34.636219,1.000000,0.000000,6000.000000,-1000.000000,90.000000,19.912676,8.606314,6.132371
1312,6.364900,4,0.098691,12.000000,-33.157021,-33.157021,1.000000,0.000000,6000.000000,-1000.000000,90.000000,19.915926,8.600094,6.132371
1313,6.376482,4,0.110273,12.000000,-31.767204,-31.767204,1.000000,0.000000,6000.000000,-1000.000000,90.000000,19.915986,8.601345,6.132371
1314,6.388584,4,0.122375,12.000000,-30.314981,-30.314983,1.000000,0.000000,6000.000000,-1000.000000,90.000000,19.915482,8.603979,6.132371
1315,6.402078,4,0.135869,12.000000,-28.695688,-28.695688,1.000000,0.000000,6000.000000,-1000.000000,90.000000,19.914347,8.607011,6.132371
1316,6.415243,4,0.149034,12.000000,-27.115969,-27.115969,1.000000,0.000000,6000.000000,-1000.000000,90.000000,19.910189,8.610512,6.132371
1317,6.427692,4,0.161483,12.000000,-25.622059,-25.622059,1.000000,0.000000,6000.000000,-1000.000000,90.000000,19.906249,8.613812,6.132371
1318,6.439509,4,0.173300,12.000000,-24.204042,-24.204041,1.000000,0.000000,6000.000000,-1000.000000,90.000000,19.908130,8.614373,6.132371
1319,6.451796,4,0.185587,12.000000,-22.729599,-22.729597,1.000000,0.000000,6000.000000,-1000.000000,90.000000,19.915415,8.612513,6.132371
1320,6.463770,4,0.197561,12.000000,-21.292707,-21.292707,1.000000,0.000000,6000.000000,-1000.000000,90.000000,19.922520,8.610696,6.132371
1321,6.475826,4,0.209617,12.000000,-19.845932,-19.845932,1.000000,0.000000,6000.000000,-1000.000000,90.000000,19.922508,8.609487,6.132371
1322,6.487978,4,0.221769,12.000000,-18.387699,-18.387699,1.000000,0.000000,6000.000000,-1000.000000,90.000000,19.920222,8.608460,6.132371
1323,6.500446,4,0.234237,12.000000,-16.891533,-16.891533,1.000000,0.000000,6000.000000,-1000.000000,90.000000,19.918091,8.607561,6.132371
1324,6.512258,4,0.246049,12.000000,-15.474119,-15.474118,1.000000,0.000000,6000.000000,-1000.000000,90.000000,19.921105,8.610490,6.132371
1325,6.524761,4,0.258552,12.000000,-13.973756,-13.973755,1.000000,0.000000,6000.000000,-1000.000000,90.000000,19.924293,8.613584,6.132371
1326,6.537176,4,0.270967,12.000000,-12.483927,-12.483927,1.000000,0.000000,6000.000000,-1000.000000,90.000000,19.926909,8.615234,6.132371
1327,6.548854,4,0.282645,12.000000,-11.082585,-11.082585,1.000000,0.000000,6000.000000,-1000.000000,90.000000,19.928192,8.613801,6.132371
1328,6.561078,4,0.294869,12.000000,-9.615767,-9.615767,1.000000,0.000000,6000.000000,-1000.000000,90.000000,19.929542,8.612298,6.132371
1329,6.572766,4,0.306558,12.000000,-8.213093,-8.213092,1.000000,0.000000,6000.000000,-1000.000000,90.000000,19.929194,8.611106,6.132371
1330,6.584893,4,0.318684,12.000000,-6.757863,-6.757862,1.000000,0.000000,6000.000000,-1000.000000,90.000000,19.927279,8.610104,6.132371
1331,6.596730,4,0.330521,12.000000,-5.337426,-5.337426,1.000000,0.000000,6000.000000,-1000.000000,90.000000,19.925415,8.609126,6.132371
1332,6.610237,4,0.344028,12.000000,-3.716580,-3.716580,1.000000,0.000000,6000.000000,-1000.000000,90.000000,19.923224,8.607945,6.132371
1333,6.621816,4,0.355607,12.000000,-2.327121,-2.327121,1.000000,0.000000,6000.000000,-1000.000000,90.000000,19.921341,8.606915,6.132371
1334,6.634349,4,0.368140,12.000000,-0.823175,-0.823175,1.000000,0.000000,6000.000000,-1000.000000,90.000000,19.919657,8.605898,6.132371
1335,6.646005,4,0.379796,12.000000,0.575553,0.575553,1.000000,0.000000,6000.000000,-1000.000000,90.000000,19.921930,8.606029,6.132371
1336,6.657771,4,0.391562,12.000000,1.987480,1.987480,1.000000,0.000000,6000.000000,-1000.000000,90.000000,19.924221,8.606163,6.132371
1337,6.669693,4,0.403484,12.000000,3.418118,3.418118,1.000000,0.000000,6000.000000,-1000.000000,90.000000,19.926187,8.606348,6.132371
1338,6.682075,4,0.415866,12.000000,4.903934,4.903935,1.000000,0.000000,6000.000000,-1000.000000,90.000000,19.927127,8.606699,6.132371
1339,6.693550,4,0.427341,12.000000,6.280923,6.280923,1.000000,0.000000,6000.000000,-1000.000000,90.000000,19.927995,8.607020,6.132371
1340,6.704069,4,0.437860,12.000000,7.543171,7.543171,1.000000,0.000000,6000.000000,-1000.000000,90.000000,19.928765,8.609019,6.132371
1341,6.714504,4,0.448295,12.000000,8.795422,8.795422,1.000000,0.000000,6000.000000,-1000.000000,90.000000,19.929486,8.613669,6.132371
1342,6.724657,4,0.458448,12.000000,10.013791,10.013792,1.000000,0.000000,6000.000000,-1000.000000,90.000000,19.930203,8.618200,6.132371
1343,6.735010,4,0.468801,12.000000,11.256157,11.256157,1.000000,0.000000,6000.000000,-1000.000000,90.000000,19.931035,8.621940,6.132371
1344,6.745845,4,0.479636,12.000000,12.000000,12.000000,1.000000,0.000000,6000.000000,-1000.000000,90.000000,19.932518,8.621112,6.132371
1345,6.756045,4,0.489836,12.000000,12.000000,12.000000,1.000000,0.000000,6000.000000,-1000.000000,90.000000,19.933910,8.620329,6.132371
1346,6.766776,4,0.500567,12.000000,12.000000,12.000000,1.000000,0.000000,6000.000000,-1000.000000,90.000000,19.935361,8.619491,6.132371
1347,6.778221,4,0.512012,12.000000,12.000000,12.000000,1.000000,0.000000,6000.000000,-1000.000000,90.000000,19.934945,8.617113,6.132371
1348,6.788596,4,0.522387,12.000000,12.000000,12.000000,1.000000,0.000000,6000.000000,-1000.000000,90.000000,19.934579,8.614960,6.132371
1349,6.800774,4,0.534565,12.000000,12.000000,12.000000,1.000000,0.000000,6000.000000,-1000.000000,90.000000,19.934265,8.612639,6.132371
1350,6.815366,4,0.549157,12.000000,12.000000,12.000000,1.000000,0.000000,6000.000000,-1000.000000,90.000000,19.936035,8.613496,6.132371
1351,6.828765,4,0.562556,12.000000,12.000000,12.000000,1.000000,0.000000,6000.000000,-1000.000000,90.000000,19.937667,8.614286,6.132371
1352,6.842101,4,0.575892,12.000000,12.000000,12.000000,1.000000,0.000000,6000.000000,-1000.000000,90.000000,19.936298,8.613661,6.132371
1353,6.856501,4,0.590292,12.000000,12.000000,12.000000,1.000000,0.000000,6000.000000,-1000.000000,90.000000,19.933138,8.612198,6.132371
1354,6.869557,4,0.603348,12.000000,12.000000,12.000000,1.000000,0.000000,6000.000000,-1000.000000,90.000000,19.930148,8.610513,6.132371
1355,6.882254,4,0.616045,12.000000,12.000000,12.000000,1.000000,0.000000,6000.000000,-1000.000000,90.000000,19.926827,8.607651,6.132371
1356,6.894501,4,0.628292,12.000000,12.000000,12.000000,1.000000,0.000000,6000.000000,-1000.000000,90.000000,19.923632,8.604892,6.132371
1357,6.907330,4,0.641121,12.000000,12.000000,12.000000,1.000000,0.000000,6000.000000,-1000.000000,90.000000,19.921087,8.602614,6.132371
1358,6.920642,4,0.654433,12.000000,12.000000,12.000000,1.000000,0.000000,6000.000000,-1000.000000,90.000000,19.919080,8.600744,6.132371
1359,6.934150,4,0.667941,12.000000,12.000000,12.000000,1.000000,0.000000,6000.000000,-1000.000000,90.000000,19.917076,8.598987,6.132371
1360,6.945065,4,0.678856,12.000000,12.000000,12.000000,1.000000,0.000000,6000.000000,-1000.000000,90.000000,19.915753,8.599415,6.132371
1361,6.956557,4,0.690349,12.000000,12.000000,12.000000,1.000000,0.000000,6000.000000,-1000.000000,90.000000,19.914365,8.599870,6.132371
1362,6.969793,4,0.703584,12.000000,12.000000,12.000000,1.000000,0.000000,6000.000000,-1000.000000,90.000000,19.912397,8.600571,6.132371
1363,6.982586,4,0.716377,12.000000,12.000000,12.000000,1.000000,0.000000,6000.000000,-1000.000000,90.000000,19.909311,8.601794,6.132371
1364,6.996081,4,0.729872,12.000000,12.000000,12.000000,1.000000,0.000000,6000.000000,-1000.000000,90.000000,19.906065,8.603088,6.132371
1365,7.009625,4,0.743416,12.000000,12.000000,12.000000,1.000000,0.000000,6000.000000,-1000.000000,90.000000,19.904295,8.604514,6.132371
1366,7.023712,4,0.757503,12.000000,12.000000,12.000000,1.000000,0.000000,6000.000000,-1000.000000,90.000000,19.903077,8.606047,6.132371
1367,7.037680,4,0.771471,12.000000,12.000000,12.000000,1.000000,0.000000,6000.000000,-1000.000000,90.000000,19.901787,8.605939,6.132371
1368,7.050865,4,0.784656,12.000000,12.000000,12.000000,1.000000,0.000000,6000.000000,-1000.000000,90.000000,19.900369,8.602414,6.132371
1369,7.064170,4,0.797961,12.000000,12.000000,12.000000,1.000000,0.000000,6000.000000,-1000.000000,90.000000,19.898956,8.598868,6.132371
1370,7.076897,4,0.810688,12.000000,12.000000,12.000000,1.000000,0.000000,6000.000000,-1000.000000,90.000000,19.897483,8.596791,6.132371
1371,7.089441,4,0.823232,12.000000,12.000000,12.000000,1.000000,0.000000,6000.000000,-1000.000000,90.000000,19.896002,8.595059,6.132371
1372,7.102440,4,0.836231,12.000000,12.000000,12.000000,1.000000,0.000000,6000.000000,-1000.000000,90.000000,19.894440,8.593854,6.132371
1373,7.116156,4,0.849947,12.000000,12.000000,12.000000,1.000000,0.000000,6000.000000,-1000.000000,90.000000,19.892659,8.595295,6.132371
1374,7.129446,4,0.863237,12.000000,12.000000,12.000000,1.000000,0.000000,6000.000000,-1000.000000,90.000000,19.890941,8.596688,6.132371
1375,7.141911,4,0.875702,12.000000,12.000000,12.000000,1.000000,0.000000,6000.000000,-1000.000000,90.000000,19.891412,8.597782,6.132371
1376,7.154388,4,0.888179,12.000000,12.000000,12.000000,1.000000,0.000000,6000.000000,-1000.000000,90.000000,19.892843,8.598773,6.132371
1377,7.166568,4,0.900359,12.000000,12.000000,12.000000,1.000000,0.000000,6000.000000,-1000.000000,90.000000,19.894226,8.599745,6.132371
1378,7.179049,4,0.912840,12.000000,12.000000,12.000000,1.000000,0.000000,6000.000000,-1000.000000,90.000000,19.891561,8.604239,6.132371
1379,7.191395,4,0.925186,12.000000,12.000000,12.000000,1.000000,0.000000,6000.000000,-1000.000000,90.000000,19.888900,8.608712,6.132371
1380,7.204553,4,0.938344,12.000000,12.000000,12.000000,1.000000,0.000000,6000.000000,-1000.000000,90.000000,19.887703,8.609797,6.132371
1381,7.217548,4,0.951339,12.000000,12.000000,12.000000,1.000000,0.000000,6000.000000,-1000.000000,90.000000,19.889606,8.604012,6.132371
1382,7.230638,4,0.964429,12.000000,12.000000,12.000000,1.000000,0.000000,6000.000000,-1000.000000,90.000000,19.891528,8.598182,6.132371
1383,7.242925,4,0.976717,12.000000,12.000000,12.000000,1.000000,0.000000,6000.000000,-1000.000000,90.000000,19.891982,8.597615,6.132371
1384,7.256240,4,0.990032,12.000000,12.000000,12.000000,1.000000,0.000000,6000.000000,-1000.000000,90.000000,19.892083,8.598494,6.132371
1385,7.270018,4,1.003809,12.000000,12.000000,12.000000,1.000000,0.000000,6000.000000,-1000.000000,90.000000,19.892377,8.599197,6.132371
1386,7.283454,4,1.017245,12.000000,12.000000,12.000000,1.000000,0.000000,6000.000000,-1000.000000,90.000000,19.893219,8.599260,6.132371
1387,7.297611,4,1.031402,12.000000,12.000000,12.000000,1.000000,0.000000,6000.000000,-1000.000000,90.000000,19.894113,8.599322,6.132371
1388,7.310850,4,1.044641,12.000000,12.000000,12.000000,1.000000,0.000000,6000.000000,-1000.000000,90.000000,19.890505,8.598638,6.132371
1389,7.324306,4,1.058097,12.000000,12.000000,12.000000,1.000000,0.000000,6000.000000,-1000.000000,90.000000,19.885857,8.597771,6.132371
1390,7.338114,4,1.071905,12.000000,12.000000,12.000000,1.000000,0.000000,6000.000000,-1000.000000,90.000000,19.883011,8.597364,6.132371
1391,7.351621,4,1.085412,12.000000,12.000000,12.000000,1.000000,0.000000,6000.000000,-1000.000000,90.000000,19.883784,8.597851,6.132371
1392,7.364767,4,1.098558,12.000000,12.000000,12.000000,1.000000,0.000000,6000.000000,-1000.000000,90.000000,19.884534,8.598324,6.132371
1393,7.377375,4,1.111166,12.000000,12.000000,12.000000,1.000000,0.000000,6000.000000,-1000.000000,90.000000,19.883457,8.598300,6.132371
1394,7.389916,4,1.123707,12.000000,12.000000,12.000000,1.000000,0.000000,6000.000000,-1000.000000,90.000000,19.882065,8.598190,6.132371
1395,7.403233,4,1.137024,12.000000,12.000000,12.000000,1.000000,0.000000,6000.000000,-1000.000000,90.000000,19.880958,8.597952,6.132371
1396,7.416324,4,1.150115,12.000000,12.000000,12.000000,1.000000,0.000000,6000.000000,-1000.000000,90.000000,19.880995,8.597332,6.132371
1397,7.428976,4,1.162767,12.000000,12.000000,12.000000,1.000000,0.000000,6000.000000,-1000.000000,90.000000,19.881022,8.596730,6.132371
1398,7.441946,4,1.175737,12.000000,12.000000,12.000000,1.000000,0.000000,6000.000000,-1000.000000,90.000000,19.882092,8.598772,6.132371
1399,7.454734,4,1.188525,12.000000,12.000000,12.000000,1.000000,0.000000,6000.000000,-1000.000000,90.000000,19.883651,8.602097,6.132371
1400,7.467944,4,1.201735,12.000000,12.000000,12.000000,1.000000,0.000000,6000.000000,-1000.000000,90.000000,19.884756,8.605263,6.132371
1401,7.481103,4,1.214894,12.000000,12.000000,12.000000,1.000000,0.000000,6000.000000,-1000.000000,90.000000,19.881131,8.605935,6.132371
1402,7.493713,4,1.227504,12.000000,12.000000,12.000000,1.000000,0.000000,6000.000000,-1000.000000,90.000000,19.877651,8.606575,6.132371
1403,7.507825,4,1.241616,12.000000,12.000000,12.000000,1.000000,0.000000,6000.000000,-1000.000000,90.000000,19.877544,8.605740,6.132371
1404,7.520676,4,1.254467,12.000000,12.000000,12.000000,1.000000,0.000000,6000.000000,-1000.000000,90.000000,19.880226,8.603847,6.132371
1405,7.533618,4,1.267409,12.000000,12.000000,12.000000,1.000000,0.000000,6000.000000,-1000.000000,90.000000,19.882848,8.601952,6.132371
1406,7.546189,4,1.279980,12.000000,12.000000,12.000000,1.000000,0.000000,6000.000000,-1000.000000,90.000000,19.882115,8.600798,6.132371
1407,7.560352,4,1.294143,12.000000,12.000000,12.000000,1.000000,0.000000,6000.000000,-1000.000000,90.000000,19.881280,8.599496,6.132371
1408,7.573623,4,1.307414,12.000000,12.000000,12.000000,1.000000,0.000000,6000.000000,-1000.000000,90.000000,19.880145,8.599458,6.132371
1409,7.586619,4,1.320410,12.000000,12.000000,12.000000,1.000000,0.000000,6000.000000,-1000.000000,90.000000,19.878720,8.600479,6.132371
1410,7.768589,4,1.502381,12.000000,12.000000,12.000000,1.000000,0.000000,6000.000000,-1000.000000,90.000000,19.885584,8.602092,6.132371
1411,7.775513,5,0.000000,-30.000000,12.000000,12.000000,1.000000,0.000000,6000.000000,-1000.000000,90.000000,19.885356,8.601554,6.132371
1412,7.779049,5,0.003536,-30.000000,11.575665,11.575665,1.000000,0.000000,6000.000000,-999.969990,90.000000,19.885234,8.601277,6.132371
1413,7.790624,5,0.015111,-30.000000,10.186658,10.186658,1.000000,0.000000,6000.000000,-999.550199,90.000000,19.857459,8.580228,6.132371
1414,7.803592,5,0.028079,-30.000000,8.630509,8.630510,1.000000,0.000000,6000.000000,-998.676296,90.000000,19.762511,8.507686,6.132371
1415,7.817055,5,0.041542,-30.000000,7.014937,7.014937,1.000000,0.000000,6000.000000,-997.334007,90.000000,19.528957,8.269784,6.132371
1416,7.829785,5,0.054272,-30.000000,5.487330,5.487330,1.000000,0.000000,6000.000000,-995.675874,90.000000,19.208992,7.784675,6.132371
1417,7.843736,5,0.068223,-30.000000,3.813207,3.813207,1.000000,0.000000,6000.000000,-993.391591,90.000000,18.809299,6.899310,6.132371
1418,7.857289,5,0.081776,-30.000000,2.186838,2.186838,1.000000,0.000000,6000.000000,-990.731620,90.000000,18.364625,5.545668,6.132371
1419,7.871505,5,0.095992,-30.000000,0.480926,0.480926,1.000000,0.000000,6000.000000,-987.456533,90.000000,17.887907,3.529987,6.132371
1420,7.884659,5,0.109147,-30.000000,-1.097604,-1.097604,1.000000,0.000000,6000.000000,-984.010706,90.000000,17.453639,1.061581,6.132371
1421,7.897394,5,0.121881,-30.000000,-2.625774,-2.625774,1.000000,0.000000,6000.000000,-980.285594,90.000000,17.064662,-1.878390,6.132371
1422,7.910072,5,0.134559,-30.000000,-4.147050,-4.147050,1.000000,0.000000,6000.000000,-976.191575,90.000000,16.647157,-5.385399,6.132371
1423,7.923956,5,0.148443,-30.000000,-5.813213,-5.813212,1.000000,0.000000,6000.000000,-971.244958,90.000000,16.136047,-9.874611,6.132371
1424,7.936534,5,0.161021,-30.000000,-7.322515,-7.322514,1.000000,0.000000,6000.000000,-966.384374,90.000000,15.708306,-14.400057,6.132371
1425,7.950080,5,0.174568,-30.000000,-8.948120,-8.948120,1.000000,0.000000,6000.000000,-960.708808,90.000000,15.054713,-19.850561,6.132371
1426,7.964039,5,0.188526,-30.000000,-10.623098,-10.623097,1.000000,0.000000,6000.000000,-954.393278,90.000000,14.344952,-25.776761,6.575230
1427,7.978903,5,0.203390,-30.000000,-12.406792,-12.406792,1.000000,0.000000,6000.000000,-947.137571,90.000000,13.344241,-32.305433,8.472973
1428,7.990496,5,0.214983,-30.000000,-13.798015,-13.798014,1.000000,0.000000,6000.000000,-941.155778,90.000000,12.316682,-37.171884,10.662491
1429,8.003641,5,0.228128,-30.000000,-15.375416,-15.375416,1.000000,0.000000,6000.000000,-934.320368,90.000000,11.195442,-41.876530,13.652530
1430,8.016164,5,0.240651,-30.000000,-16.878090,-16.878090,1.000000,0.000000,6000.000000,-927.808780,90.000000,10.065744,-45.644210,16.938460
1431,8.028832,5,0.253319,-30.000000,-18.398306,-18.398304,1.000000,0.000000,6000.000000,-921.221187,90.000000,9.028128,-48.286647,20.442449
1432,8.041556,5,0.266043,-30.000000,-19.925213,-19.925213,1.000000,0.000000,6000.000000,-914.604578,90.000000,8.395288,-49.436438,23.267576
1433,8.054893,5,0.279380,-30.000000,-21.525589,-21.525589,1.000000,0.000000,6000.000000,-907.669617,90.000000,8.072145,-49.498785,25.107626
1434,8.067522,5,0.292009,-30.000000,-23.041111,-23.041113,1.000000,0.000000,6000.000000,-901.102347,90.000000,7.704605,-47.900118,27.054476
1435,8.080415,5,0.304902,-30.000000,-24.588213,-24.588211,1.000000,0.000000,6000.000000,-894.398255,90.000000,7.456327,-45.717986,28.539160
1436,8.093058,5,0.317545,-30.000000,-26.105408,-26.105408,1.000000,0.000000,6000.000000,-887.823741,90.000000,7.030423,-41.221948,28.089341
1437,8.105788,5,0.330276,-30.000000,-27.633078,-27.633080,1.000000,0.000000,6000.000000,-881.203829,90.000000,6.421285,-35.955593,27.352607
1438,8.117962,5,0.342449,-30.000000,-29.093943,-29.093941,1.000000,0.000000,6000.000000,-874.873433,90.000000,5.686251,-30.332833,26.258769
1439,8.130281,5,0.354768,-30.000000,-30.000000,-30.000000,1.000000,0.000000,6000.000000,-868.467548,90.000000,4.702689,-24.713310,24.035029
1440,8.142876,5,0.367363,-30.000000,-30.000000,-30.000000,1.000000,0.000000,6000.000000,-861.918368,90.000000,4.019506,-17.920709,21.913665
1441,8.155777,5,0.380265,-30.000000,-30.000000,-30.000000,1.000000,0.000000,6000.000000,-855.209509,90.000000,3.402311,-11.207770,19.087799
1442,8.168300,5,0.392787,-30.000000,-30.000000,-30.000000,1.000000,0.000000,6000.000000,-848.697775,90.000000,3.012580,-3.688356,15.679275
1443,8.180689,5,0.405176,-30.000000,-30.000000,-30.000000,1.000000,0.000000,6000.000000,-842.255494,90.000000,2.731122,4.548168,13.419484
1444,8.193855,5,0.418342,-30.000000,-30.000000,-30.000000,1.000000,0.000000,6000.000000,-835.409190,90.000000,2.604220,12.507008,10.756934
1445,8.205535,5,0.430022,-30.000000,-30.000000,-30.000000,1.000000,0.000000,6000.000000,-829.335690,90.000000,2.583764,19.798779,9.553847
1446,8.217986,5,0.442473,-30.000000,-30.000000,-30.000000,1.000000,0.000000,6000.000000,-822.861340,90.000000,2.761276,26.429885,9.375541
1447,8.230251,5,0.454739,-30.000000,-30.000000,-30.000000,1.000000,0.000000,6000.000000,-816.483104,90.000000,2.898475,29.817536,9.407135
1448,8.243018,5,0.467505,-30.000000,-30.000000,-30.000000,1.000000,0.000000,6000.000000,-809.844378,90.000000,3.082942,32.943464,9.587107
1449,8.254799,5,0.479286,-30.000000,-30.000000,-30.000000,1.000000,0.000000,6000.000000,-803.718228,90.000000,3.228250,33.380876,9.257581
1450,8.266707,5,0.491194,-30.000000,-30.000000,-30.000000,1.000000,0.000000,6000.000000,-797.526238,90.000000,3.258822,32.176403,8.503661
1451,8.278182,5,0.502669,-30.000000,-30.000000,-30.000000,1.000000,0.000000,6000.000000,-791.559414,90.000000,3.070595,30.651996,7.625805
1452,8.290245,5,0.514732,-30.000000,-30.000000,-30.000000,1.000000,0.000000,6000.000000,-785.286589,90.000000,3.156013,27.831337,6.306738
1453,8.302176,5,0.526663,-30.000000,-30.000000,-30.000000,1.000000,0.000000,6000.000000,-779.082489,90.000000,3.027610,23.949542,6.132371
1454,8.314307,5,0.538794,-30.000000,-30.000000,-30.000000,1.000000,0.000000,6000.000000,-772.774418,90.000000,2.509652,19.528218,6.132371
1455,8.326501,5,0.550988,-30.000000,-30.000000,-30.000000,1.000000,0.000000,6000.000000,-766.433159,90.000000,2.032178,13.547986,6.132371
1456,8.338103,5,0.562590,-30.000000,-30.000000,-30.000000,1.000000,0.000000,6000.000000,-760.400309,90.000000,1.455557,7.601130,6.132371
1457,8.349256,5,0.573744,-30.000000,-30.000000,-30.000000,1.000000,0.000000,6000.000000,-754.600534,90.000000,1.328703,1.850276,6.132371
1458,8.361256,5,0.585743,-30.000000,-30.000000,-30.000000,1.000000,0.000000,6000.000000,-748.360677,90.000000,1.580722,-4.270536,6.132371
1459,8.372579,5,0.597066,-30.000000,-30.000000,-30.000000,1.000000,0.000000,6000.000000,-742.472973,90.000000,1.870684,-10.346714,6.132371
1460,8.384341,5,0.608828,-30.000000,-30.000000,-30.000000,1.000000,0.000000,6000.000000,-736.356359,90.000000,2.156284,-16.328070,6.132371
1461,8.396197,5,0.620685,-30.000000,-30.000000,-30.000000,1.000000,0.000000,6000.000000,-730.191140,90.000000,2.306518,-21.497259,6.132371
1462,8.407945,5,0.632433,-30.000000,-30.000000,-30.000000,1.000000,0.000000,6000.000000,-724.082166,90.000000,2.659163,-26.653903,6.787018
1463,8.419963,5,0.644451,-30.000000,-30.000000,-30.000000,1.000000,0.000000,6000.000000,-717.832893,90.000000,3.021358,-31.756838,8.708451
1464,8.431705,5,0.656192,-30.000000,-30.000000,-30.000000,1.000000,0.000000,6000.000000,-711.727142,90.000000,3.319483,-36.463321,11.208673
1465,8.442917,5,0.667404,-30.000000,-30.000000,-30.000000,1.000000,0.000000,6000.000000,-705.897091,90.000000,3.906369,-40.790542,13.997202
1466,8.454243,5,0.678730,-30.000000,-30.000000,-30.000000,1.000000,0.000000,6000.000000,-700.007353,90.000000,3.984862,-45.549867,16.908321
1467,8.466240,5,0.690727,-30.000000,-30.000000,-30.000000,1.000000,0.000000,6000.000000,-693.768989,90.000000,3.656154,-50.879192,20.352423
1468,8.477737,5,0.702225,-30.000000,-30.000000,-30.000000,1.000000,0.000000,6000.000000,-687.790345,90.000000,3.460759,-55.811498,22.222902
1469,8.489563,5,0.714050,-30.000000,-30.000000,-30.000000,1.000000,0.000000,6000.000000,-681.641142,90.000000,3.289358,-57.665205,25.351772
1470,8.501513,5,0.726001,-30.000000,-30.000000,-30.000000,1.000000,0.000000,6000.000000,-675.426855,90.000000,3.035732,-57.954127,28.507800
1471,8.512964,5,0.737452,-30.000000,-30.000000,-30.000000,1.000000,0.000000,6000.000000,-669.472309,90.000000,2.844754,-57.844498,31.624930
1472,8.524999,5,0.749486,-30.000000,-30.000000,-30.000000,1.000000,0.000000,6000.000000,-663.214523,90.000000,2.811318,-56.495427,33.339445
1473,8.536373,5,0.760860,-30.000000,-30.000000,-30.000000,1.000000,0.000000,6000.000000,-657.299808,90.000000,2.906321,-54.881106,34.984982
1474,8.547840,5,0.772327,-30.000000,-30.000000,-30.000000,1.000000,0.000000,6000.000000,-651.337223,90.000000,3.105126,-52.885558,37.214011
1475,8.560056,5,0.784543,-30.000000,-30.000000,-30.000000,1.000000,0.000000,6000.000000,-644.984825,90.000000,3.730705,-49.776532,37.084528
1476,8.571908,5,0.796396,-30.000000,-30.000000,-30.000000,1.000000,0.000000,6000.000000,-638.821505,90.000000,4.225698,-46.149811,36.978040
1477,8.584021,5,0.808508,-30.000000,-30.000000,-30.000000,1.000000,0.000000,6000.000000,-632.522788,90.000000,4.715698,-42.259039,36.221414
1478,8.595376,5,0.819863,-30.000000,-30.000000,-30.000000,1.000000,0.000000,6000.000000,-626.618443,90.000000,5.288014,-38.160837,33.740534
1479,8.607429,5,0.831916,-30.000000,-30.000000,-30.000000,1.000000,0.000000,6000.000000,-620.350756,90.000000,5.758558,-33.312557,31.283625
1480,8.619006,5,0.843493,-30.000000,-30.000000,-30.000000,1.000000,0.000000,6000.000000,-614.330891,90.000000,5.944501,-28.701562,28.852997
1481,8.631065,5,0.855553,-30.000000,-30.000000,-30.000000,1.000000,0.000000,6000.000000,-608.059772,90.000000,5.960112,-23.880298,25.738319
1482,8.642898,5,0.867386,-30.000000,-30.000000,-30.000000,1.000000,0.000000,6000.000000,-601.906633,90.000000,6.097815,-18.557371,23.271940
1483,8.655435,5,0.879922,-30.000000,-30.000000,-30.000000,1.000000,0.000000,6000.000000,-595.387723,90.000000,6.049648,-12.851592,22.651731
1484,8.669617,5,0.894104,-30.000000,-30.000000,-30.000000,1.000000,0.000000,6000.000000,-588.013129,90.000000,5.929449,-5.969052,19.513698
1485,8.683486,5,0.907973,-30.000000,-30.000000,-30.000000,1.000000,0.000000,6000.000000,-580.801303,90.000000,5.954206,1.736987,16.982768
1486,8.697719,5,0.922207,-30.000000,-30.000000,-30.000000,1.000000,0.000000,6000.000000,-573.399778,90.000000,5.748815,8.313151,14.841293
1487,8.711959,5,0.936446,-30.000000,-30.000000,-30.000000,1.000000,0.000000,6000.000000,-565.995144,90.000000,5.875267,15.441083,13.570269
1488,8.725816,5,0.950303,-30.000000,-30.000000,-30.000000,1.000000,0.000000,6000.000000,-558.789512,90.000000,5.476793,20.737871,12.037264
1489,8.739263,5,0.963751,-30.000000,-30.000000,-30.000000,1.000000,0.000000,6000.000000,-551.796788,90.000000,5.442484,25.382877,11.159009
1490,8.752745,5,0.977232,-30.000000,-30.000000,-30.000000,1.000000,0.000000,6000.000000,-544.786379,90.000000,5.934316,27.778689,10.542355
1491,8.766202,5,0.990690,-30.000000,-30.000000,-30.000000,1.000000,0.000000,6000.000000,-537.788616,90.000000,6.666480,26.564423,9.285363
1492,8.780097,5,1.004584,-30.000000,-30.000000,-30.000000,1.000000,0.000000,6000.000000,-530.563303,90.000000,7.084751,24.936521,8.037133
1493,8.793478,5,1.017965,-30.000000,-30.000000,-30.000000,1.000000,0.000000,6000.000000,-523.605476,90.000000,6.721438,19.603901,6.146227
1494,8.806585,5,1.031072,-30.000000,-30.000000,-30.000000,1.000000,0.000000,6000.000000,-516.789609,90.000000,5.961275,13.817743,6.132371
1495,8.819325,5,1.043812,-30.000000,-30.000000,-30.000000,1.000000,0.000000,6000.000000,-510.164861,90.000000,4.684593,7.569805,6.132371
1496,8.832867,5,1.057355,-30.000000,-30.000000,-30.000000,1.000000,0.000000,6000.000000,-503.122794,90.000000,3.875383,0.796386,6.132371
1497,8.845581,5,1.070068,-30.000000,-30.000000,-30.000000,1.000000,0.000000,6000.000000,-496.511639,90.000000,3.625794,-5.757569,6.132371
1498,8.858356,5,1.082844,-30.000000,-30.000000,-30.000000,1.000000,0.000000,6000.000000,-489.868451,90.000000,3.607568,-12.164593,6.132371
1499,8.872262,5,1.096749,-30.000000,-30.000000,-30.000000,1.000000,0.000000,6000.000000,-482.637568,90.000000,3.791213,-19.136630,6.132371
1500,8.885486,5,1.109974,-30.000000,-30.000000,-30.000000,1.000000,0.000000,6000.000000,-475.760937,90.000000,3.806018,-25.467943,6.132371
1501,8.898070,5,1.122557,-30.000000,-30.000000,-30.000000,1.000000,0.000000,6000.000000,-469.217457,90.000000,3.775659,-30.907256,6.132371
1502,8.910623,5,1.135111,-30.000000,-30.000000,-30.000000,1.000000,0.000000,6000.000000,-462.689608,90.000000,4.194936,-36.487645,7.008969
1503,8.924213,5,1.148700,-30.000000,-30.000000,-30.000000,1.000000,0.000000,6000.000000,-455.623219,90.000000,4.622388,-41.659441,8.608478
1504,8.937168,5,1.161655,-30.000000,-30.000000,-30.000000,1.000000,0.000000,6000.000000,-448.886321,90.000000,5.200908,-46.144492,10.642388
1505,8.949901,5,1.174388,-30.000000,-30.000000,-30.000000,1.000000,0.000000,6000.000000,-442.265202,90.000000,5.835193,-50.329524,13.125459
1506,8.962381,5,1.186869,-30.000000,-30.000000,-30.000000,1.000000,0.000000,6000.000000,-435.775501,90.000000,5.880158,-53.869741,16.440197
1507,8.975310,5,1.199798,-30.000000,-30.000000,-30.000000,1.000000,0.000000,6000.000000,-429.052424,90.000000,6.151076,-57.290957,20.018005
1508,8.987036,5,1.211523,-30.000000,-30.000000,-30.000000,1.000000,0.000000,6000.000000,-422.955041,90.000000,6.241222,-59.481960,23.427708
1509,8.999321,5,1.223809,-30.000000,-30.000000,-30.000000,1.000000,0.000000,6000.000000,-416.566665,90.000000,5.873229,-60.791513,25.318404
1510,9.010988,5,1.235475,-30.000000,-30.000000,-30.000000,1.000000,0.000000,6000.000000,-410.500269,90.000000,5.500307,-61.661693,28.457435
1511,9.022976,5,1.247463,-30.000000,-30.000000,-30.000000,1.000000,0.000000,6000.000000,-404.266544,90.000000,5.051818,-61.448978,30.704118
1512,9.035079,5,1.259566,-30.000000,-30.000000,-30.000000,1.000000,0.000000,6000.000000,-397.972731,90.000000,4.716300,-60.531422,32.488669
1513,9.050073,5,1.274560,-30.000000,-30.000000,-30.000000,1.000000,0.000000,6000.000000,-390.175955,90.000000,4.378546,-58.795968,34.800149
1514,9.062578,5,1.287065,-30.000000,-30.000000,-30.000000,1.000000,0.000000,6000.000000,-383.673296,90.000000,4.597450,-56.183079,35.689492
1515,9.074620,5,1.299107,-30.000000,-30.000000,-30.000000,1.000000,0.000000,6000.000000,-377.411594,90.000000,4.700331,-53.109276,37.173704
1516,9.087517,5,1.312004,-30.000000,-30.000000,-30.000000,1.000000,0.000000,6000.000000,-370.705038,90.000000,5.068171,-49.138465,37.271479
1517,9.099210,5,1.323697,-30.000000,-30.000000,-30.000000,1.000000,0.000000,6000.000000,-364.624539,90.000000,5.409539,-44.669942,36.096273
1518,9.111681,5,1.336168,-30.000000,-30.000000,-30.000000,1.000000,0.000000,6000.000000,-358.139841,90.000000,5.554359,-39.936476,35.139997
1519,9.123701,5,1.348188,-30.000000,-30.000000,-30.000000,1.000000,0.000000,6000.000000,-351.889361,90.000000,5.629076,-34.939893,32.804220
1520,9.135527,5,1.360014,-30.000000,-30.000000,-30.000000,1.000000,0.000000,6000.000000,-345.739783,90.000000,5.652419,-29.734122,30.225068
1521,9.147231,5,1.371718,-30.000000,-30.000000,-30.000000,1.000000,0.000000,6000.000000,-339.653601,90.000000,5.740134,-23.968559,27.563332
1522,9.159915,5,1.384402,-30.000000,-30.000000,-30.000000,1.000000,0.000000,6000.000000,-333.058224,90.000000,5.268736,-18.553193,24.407181
1523,9.172277,5,1.396764,-30.000000,-30.000000,-30.000000,1.000000,0.000000,6000.000000,-326.629915,90.000000,4.987005,-12.208786,22.996563
1524,9.185056,5,1.409544,-30.000000,-30.000000,-30.000000,1.000000,0.000000,6000.000000,-319.984450,90.000000,4.708138,-5.316964,20.143698
1525,9.196968,5,1.421455,-30.000000,-30.000000,-30.000000,1.000000,0.000000,6000.000000,-314.159327,90.000000,4.378706,1.295763,16.921923
1526,9.362187,5,1.586675,-30.000000,-30.000002,-30.000000,1.000000,0.000000,6000.000000,-304.335430,90.000000,10.581885,14.194708,6.132371
1527,9.370083,6,0.000000,-30.000000,-30.000002,-30.000000,1.000000,0.000000,6000.000000,-304.028044,90.000000,11.215238,13.946654,6.132371
1528,9.373997,6,0.003914,-30.000000,-30.000002,-30.000000,1.000000,0.000000,6000.000000,-303.915502,90.000000,11.496055,13.864433,6.132371
1529,9.384931,6,0.014848,-30.000000,-30.000002,-30.000000,1.000000,0.000000,6000.000000,-303.911932,90.000000,12.107694,13.278831,6.132371
1530,9.397867,6,0.027784,-30.000000,-30.000002,-30.000000,1.000000,0.000000,6000.000000,-303.911932,90.000000,12.699533,12.353022,6.132371
1531,9.410684,6,0.040601,-30.000000,-30.000002,-30.000000,1.000000,0.000000,6000.000000,-303.911932,90.000000,13.280735,11.477667,6.132371
1532,9.423528,6,0.053445,-30.000000,-30.000002,-30.000000,1.000000,0.000000,6000.000000,-303.911932,90.000000,14.023411,10.720684,6.132371
1533,9.436203,6,0.066120,-30.000000,-30.000002,-30.000000,1.000000,0.000000,6000.000000,-303.911932,90.000000,14.729403,10.065712,6.132371
1534,9.449075,6,0.078992,-30.000000,-30.000002,-30.000000,1.000000,0.000000,6000.000000,-303.911932,90.000000,15.465838,9.486113,6.132371
1535,9.461007,6,0.090924,-30.000000,-30.000002,-30.000000,1.000000,0.000000,6000.000000,-303.911932,90.000000,16.152139,8.992608,6.132371
1536,9.473748,6,0.103665,-30.000000,-30.000002,-30.000000,1.000000,0.000000,6000.000000,-303.911932,90.000000,16.814373,8.607307,6.132371
1537,9.485939,6,0.115856,-30.000000,-30.000002,-30.000000,1.000000,0.000000,6000.000000,-303.911932,90.000000,17.374170,8.309531,6.132371
1538,9.497529,6,0.127446,-30.000000,-30.000002,-30.000000,1.000000,0.000000,6000.000000,-303.911932,90.000000,17.828450,8.109746,6.132371
1539,9.510912,6,0.140829,-30.000000,-30.000002,-30.000000,1.000000,0.000000,6000.000000,-303.911932,90.000000,18.278232,7.966918,6.132371
1540,9.523676,6,0.153593,-30.000000,-30.000002,-30.000000,1.000000,0.000000,6000.000000,-303.911932,90.000000,18.637375,7.927290,6.132371
1541,9.535978,6,0.165895,-30.000000,-30.000002,-30.000000,1.000000,0.000000,6000.000000,-303.911932,90.000000,18.919657,7.938013,6.132371
1542,9.548889,6,0.178806,-30.000000,-30.000002,-30.000000,1.000000,0.000000,6000.000000,-303.911932,90.000000,19.160471,7.978150,6.132371
1543,9.560678,6,0.190595,-30.000000,-30.000002,-30.000000,1.000000,0.000000,6000.000000,-303.911932,90.000000,19.321756,8.030947,6.132371
1544,9.572628,6,0.202545,-30.000000,-30.000002,-30.000000,1.000000,0.000000,6000.000000,-303.911932,90.000000,19.446611,8.104664,6.132371
1545,9.584791,6,0.214708,-30.000000,-30.000002,-30.000000,1.000000,0.000000,6000.000000,-303.911932,90.000000,19.539981,8.173820,6.132371
1546,9.596649,6,0.226566,-30.000000,-30.000002,-30.000000,1.000000,0.000000,6000.000000,-303.911932,90.000000,19.613769,8.237385,6.132371
1547,9.609275,6,0.239192,-30.000000,-30.000002,-30.000000,1.000000,0.000000,6000.000000,-303.911932,90.000000,19.669122,8.300045,6.132371
1548,9.621070,6,0.250987,-30.000000,-30.000002,-30.000000,1.000000,0.000000,6000.000000,-303.911932,90.000000,19.703304,8.355540,6.132371
1549,9.632950,6,0.262867,-30.000000,-30.000002,-30.000000,1.000000,0.000000,6000.000000,-303.911932,90.000000,19.732827,8.402484,6.132371
1550,9.646021,6,0.275938,-30.000000,-30.000002,-30.000000,1.000000,0.000000,6000.000000,-303.911932,90.000000,19.756734,8.446225,6.132371
1551,9.658349,6,0.288266,-30.000000,-30.000002,-30.000000,1.000000,0.000000,6000.000000,-303.911932,90.000000,19.773359,8.479334,6.132371
1552,9.670983,6,0.300900,-30.000000,-30.000002,-30.000000,1.000000,0.000000,6000.000000,-303.911932,90.000000,19.793844,8.512148,6.132371
1553,9.683521,6,0.313438,-30.000000,-30.000002,-30.000000,1.000000,0.000000,6000.000000,-303.911932,90.000000,19.797839,8.537302,6.132371
1554,9.694979,6,0.324896,-30.000000,-30.000002,-30.000000,1.000000,0.000000,6000.000000,-303.911932,90.000000,19.806780,8.560440,6.132371
1555,9.706483,6,0.336399,-30.000000,-30.000002,-30.000000,1.000000,0.000000,6000.000000,-303.911932,90.000000,19.810811,8.575882,6.132371
1556,9.718766,6,0.348683,-30.000000,-30.000002,-30.000000,1.000000,0.000000,6000.000000,-303.911932,90.000000,19.814658,8.595699,6.132371
1557,9.730548,6,0.360465,-30.000000,-30.000002,-30.000000,1.000000,0.000000,6000.000000,-303.911932,90.000000,19.825515,8.600448,6.132371
1558,9.743989,6,0.373906,-30.000000,-30.000002,-30.000000,1.000000,0.000000,6000.000000,-303.911932,90.000000,19.815132,8.611469,6.132371
1559,9.756679,6,0.386596,-30.000000,-30.000002,-30.000000,1.000000,0.000000,6000.000000,-303.911932,90.000000,19.824841,8.615618,6.132371
1560,9.769674,6,0.399591,-30.000000,-30.000002,-30.000000,1.000000,0.000000,6000.000000,-303.911932,90.000000,19.820449,8.613214,6.132371
1561,9.782218,6,0.412135,-30.000000,-30.000002,-30.000000,1.000000,0.000000,6000.000000,-303.911932,90.000000,19.821570,8.612939,6.132371
1562,9.795289,6,0.425206,-30.000000,-30.000002,-30.000000,1.000000,0.000000,6000.000000,-303.911932,90.000000,19.826360,8.605304,6.132371
1563,9.808275,6,0.438192,-30.000000,-30.000002,-30.000000,1.000000,0.000000,6000.000000,-303.911932,90.000000,19.817440,8.604550,6.132371
1564,9.821858,6,0.451775,-30.000000,-30.000002,-30.000000,1.000000,0.000000,6000.000000,-303.911932,90.000000,19.841619,8.623503,6.132371
1565,9.834101,6,0.464018,-30.000000,-30.000002,-30.000000,1.000000,0.000000,6000.000000,-303.911932,90.000000,19.850158,8.628306,6.132371
1566,9.847694,6,0.477611,-30.000000,-30.000002,-30.000000,1.000000,0.000000,6000.000000,-303.911932,90.000000,19.857314,8.632782,6.132371
1567,9.860587,6,0.490504,-30.000000,-30.000002,-30.000000,1.000000,0.000000,6000.000000,-303.911932,90.000000,19.862885,8.633412,6.132371
1568,9.873905,6,0.503822,-30.000000,-30.000002,-30.000000,1.000000,0.000000,6000.000000,-303.911932,90.000000,19.860313,8.630192,6.132371
1569,9.886174,6,0.516091,-30.000000,-30.000002,-30.000000,1.000000,0.000000,6000.000000,-303.911932,90.000000,19.853995,8.619115,6.132371
1570,9.897983,6,0.527900,-30.000000,-30.000002,-30.000000,1.000000,0.000000,6000.000000,-303.911932,90.000000,19.851712,8.618571,6.132371
1571,9.908900,6,0.538817,-30.000000,-30.000002,-30.000000,1.000000,0.000000,6000.000000,-303.911932,90.000000,19.851920,8.617695,6.132371
1572,9.920601,6,0.550518,-30.000000,-30.000002,-30.000000,1.000000,0.000000,6000.000000,-303.911932,90.000000,19.853720,8.616979,6.132371
1573,9.931742,6,0.561659,-30.000000,-30.000002,-30.000000,1.000000,0.000000,6000.000000,-303.911932,90.000000,19.855393,8.616289,6.132371
1574,9.942635,6,0.572552,-30.000000,-30.000002,-30.000000,1.000000,0.000000,6000.000000,-303.911932,90.000000,19.855609,8.614660,6.132371
1575,9.953628,6,0.583545,-30.000000,-30.000002,-30.000000,1.000000,0.000000,6000.000000,-303.911932,90.000000,19.854406,8.612071,6.132371
1576,9.964886,6,0.594803,-30.000000,-30.000002,-30.000000,1.000000,0.000000,6000.000000,-303.911932,90.000000,19.853160,8.609418,6.132371
1577,9.976743,7,0.000000,-30.000000,-30.000002,-30.000000,1.000000,0.000000,6000.000000,-303.911932,90.000000,19.853551,8.607974,6.132371
1578,9.987837,7,0.011094,-30.000000,2.312576,0.000000,0.000000,0.110937,6000.000000,-303.911932,96.097153,15.867447,5.513360,6.022919
1579,9.998096,7,0.021353,-30.000000,-7.095850,0.000000,0.000000,0.213528,6000.000000,-303.911932,101.725555,13.092211,3.171857,5.561679
1580,10.010872,7,0.034129,-30.000000,-18.910364,0.000000,0.000000,0.341292,6000.000000,-303.911932,108.707405,10.835025,0.536242,5.726177
1581,10.023200,7,0.046457,-30.000000,-29.647739,0.000000,0.000000,0.464571,6000.000000,-303.911932,115.399704,9.762950,-1.884474,5.777997
1582,10.036483,7,0.059740,-30.000000,-39.902126,0.000000,0.000000,0.597395,6000.000000,-303.911932,122.543106,9.083083,-5.164519,5.973573
1583,10.049563,7,0.072820,-30.000000,-48.288345,0.000000,0.000000,0.728198,6000.000000,-303.911932,129.491348,7.714666,-8.286364,5.066196
1584,10.061955,7,0.085212,-30.000000,-53.705357,0.000000,0.000000,0.852121,6000.000000,-303.911932,135.978394,6.064212,-11.413350,4.187491
1585,10.074637,7,0.097894,-30.000000,-56.702888,0.000000,0.000000,0.978940,6000.000000,-303.911932,142.504166,3.615201,-14.566168,4.747557
1586,10.087150,7,0.110407,-30.000000,-53.880928,0.000000,0.000000,1.000000,6000.000000,-303.911932,148.815445,3.257214,-15.610559,6.604358
1587,10.099745,7,0.123002,-30.000000,-50.032101,0.000000,0.000000,1.000000,6000.000000,-303.911932,155.024933,3.467681,-16.320234,8.528828
1588,10.112618,7,0.135875,-30.000000,-45.435844,0.000000,0.000000,1.000000,6000.000000,-303.911932,161.206726,3.608892,-16.905150,11.705011
1589,10.125423,7,0.148679,-30.000000,-40.860924,0.000000,0.000000,1.000000,6000.000000,-303.911932,167.175156,3.755213,-17.476326,14.901373
1590,10.138275,7,0.161532,-30.000000,-36.714436,0.000000,0.000000,1.000000,6000.000000,-303.911932,172.969971,3.845200,-18.665211,17.987265
1591,10.151763,7,0.175020,-30.000000,-32.678864,0.000000,0.000000,1.000000,6000.000000,-303.911932,178.823639,3.966711,-20.328806,21.260673
1592,10.163840,7,0.187097,-30.000000,-29.316380,0.000000,0.000000,1.000000,6000.000000,-303.911932,183.853851,4.135827,-21.692497,24.153962
1593,10.175943,7,0.199200,-30.000000,-26.871967,0.000000,0.000000,1.000000,6000.000000,-303.911932,188.683350,4.289957,-22.688911,26.483749
1594,10.210283,7,0.233540,-30.000000,-20.701855,0.000000,0.000000,1.000000,6000.000000,-303.911932,201.138702,4.867205,-22.981546,33.548056
1595,10.220352,7,0.243608,-30.000000,-19.090620,0.000000,0.000000,1.000000,6000.000000,-303.911932,204.417053,5.063967,-22.383788,35.972548
1596,10.231804,7,0.255060,-30.000000,-16.819416,0.000000,0.000000,1.000000,6000.000000,-303.911932,207.928314,5.381794,-21.293539,38.382723
1597,10.243182,7,0.266439,-30.000000,-14.440860,0.000000,0.000000,1.000000,6000.000000,-303.911932,211.180817,5.706656,-20.113330,40.901674
1598,10.414787,7,0.438044,-30.000000,22.809486,0.000000,0.000000,1.000000,6000.000000,-303.911932,228.440536,12.959538,-1.003142,77.158541
1599,10.421472,8,0.000000,-30.000000,23.848322,0.000000,0.000000,1.000000,6000.000000,-303.911932,227.845856,13.185780,-1.077224,77.422643
1600,10.425719,8,0.004247,-30.000000,24.507072,0.000000,0.000000,1.000000,6000.000000,-303.911932,227.418716,13.323465,-1.124486,77.591607
1601,10.437335,8,0.015863,-30.000000,26.304045,0.000000,0.000000,1.000000,6000.000000,-303.911932,226.055496,13.676054,-1.254865,78.057968
1602,10.449756,8,0.028284,-30.000000,28.169182,0.000000,0.000000,1.000000,6000.000000,-303.911932,224.284683,14.073159,-1.428524,78.150869
1603,10.461900,8,0.040428,-30.000000,29.969284,0.000000,0.000000,1.000000,6000.000000,-303.911932,222.244522,14.443436,-1.595654,78.215133
1604,10.474371,8,0.052899,-30.000000,31.792372,0.000000,0.000000,1.000000,6000.000000,-303.911932,219.836685,14.767861,-1.567341,78.190470
1605,10.488339,8,0.066867,-30.000000,33.794464,0.000000,0.000000,1.000000,6000.000000,-303.911932,216.770325,15.055586,-1.249274,78.026764
1606,10.502337,8,0.080865,-30.000000,35.757069,0.000000,0.000000,1.000000,6000.000000,-303.911932,213.314865,15.297810,-0.947899,77.746837
1607,10.514329,8,0.092857,-30.000000,37.403027,0.000000,0.000000,1.000000,6000.000000,-303.911932,210.057831,15.421056,-0.708040,77.022703
1608,10.527107,8,0.105636,-30.000000,39.113125,0.000000,0.000000,1.000000,6000.000000,-303.911932,206.294342,15.550599,-0.444291,76.261186
1609,10.539638,8,0.118166,-30.000000,40.745438,0.000000,0.000000,1.000000,6000.000000,-303.911932,202.319702,15.550717,-0.174462,75.337898
1610,10.552207,8,0.130736,-30.000000,42.322392,0.000000,0.000000,1.000000,6000.000000,-303.911932,198.059341,15.491540,0.103312,74.346457
1611,10.564801,8,0.143329,-30.000000,43.768665,0.000000,0.000000,1.000000,6000.000000,-303.911932,193.526855,15.408605,0.349206,73.379717
1612,10.577186,8,0.155714,-30.000000,44.947205,0.000000,0.000000,1.000000,6000.000000,-303.911932,188.822815,15.284236,0.487287,72.484369
1613,10.589796,8,0.168324,-30.000000,46.055050,0.000000,0.000000,1.000000,6000.000000,-303.911932,183.792908,15.142322,0.615778,71.574053
1614,10.603224,8,0.181752,-30.000000,46.602707,0.000000,0.000000,1.000000,6000.000000,-303.911932,178.184097,15.035950,0.538429,70.670032
1615,10.615436,8,0.193964,-30.000000,46.872429,0.000000,0.000000,1.000000,6000.000000,-303.911932,172.870422,14.941189,0.397900,69.859943
1616,10.627364,8,0.205892,-30.000000,46.874138,0.000000,0.000000,1.000000,6000.000000,-303.911932,167.495941,14.852294,0.273366,68.994445
1617,10.639952,8,0.218480,-30.000000,46.515167,0.000000,0.000000,1.000000,6000.000000,-303.911932,161.640015,14.774904,0.201228,67.949926
1618,10.654295,8,0.232824,-30.000000,45.961151,0.000000,0.000000,1.000000,6000.000000,-303.911932,154.754730,14.686037,0.098537,66.708759
1619,10.668924,8,0.247452,-30.000000,45.134453,0.000000,0.000000,1.000000,6000.000000,-303.911932,147.521439,14.629295,-0.199324,64.279151
1620,10.683980,8,0.262508,-30.000000,44.188473,0.000000,0.000000,1.000000,6000.000000,-303.911932,139.878845,14.564245,-0.620547,61.792718
1621,10.698253,8,0.276781,-30.000000,43.285389,0.000000,0.000000,1.000000,6000.000000,-303.911932,132.472229,14.503715,-0.683039,58.945400
1622,10.713471,8,0.291999,-30.000000,42.280388,0.000000,0.000000,1.000000,6000.000000,-303.911932,124.428772,14.429678,-0.891010,55.928408
1623,10.728568,8,0.307096,-30.000000,41.606674,0.000000,0.000000,1.000000,6000.000000,-303.911932,116.327835,14.266630,-0.253836,52.813355
1624,10.742571,8,0.321099,-30.000000,41.016544,0.000000,0.000000,1.000000,6000.000000,-303.911932,108.730499,14.070324,0.346739,49.957382
1625,10.757727,8,0.336255,-30.000000,40.813980,0.000000,0.000000,1.000000,6000.000000,-303.911932,100.444817,13.756915,2.045979,47.166043
1626,10.771806,8,0.350334,-30.000000,40.728004,0.000000,0.000000,1.000000,6000.000000,-303.911932,92.714302,13.396589,3.891828,44.707420
1627,10.785663,8,0.364191,-30.000000,40.667122,0.000000,0.000000,0.861427,6000.000000,-303.911932,89.999985,14.224792,4.543178,37.919524
1628,10.799937,8,0.378465,-30.000000,37.934166,0.000000,0.000000,0.718691,6000.000000,-303.911932,89.999985,15.347284,5.205568,31.230617
1629,10.814868,8,0.393396,-30.000000,32.893261,0.000000,0.000000,0.569379,6000.000000,-303.911932,89.999985,16.651771,5.970495,24.773081
1630,10.829207,8,0.407735,-30.000000,27.000214,0.000000,0.000000,0.425988,6000.000000,-303.911932,89.999985,17.843167,6.773900,19.257510
1631,10.842617,8,0.421145,-30.000000,21.441359,0.000000,0.000000,0.291890,6000.000000,-303.911932,89.999985,18.762564,7.517359,14.801102
1632,10.857057,8,0.435585,-30.000000,16.136106,0.000000,0.000000,0.147490,6000.000000,-303.911932,89.999985,19.459513,8.189142,10.802462
1633,10.870175,8,0.448703,-30.000000,12.343207,0.000000,0.000000,0.016307,6000.000000,-303.911932,89.999985,19.828855,8.575843,7.880842
1634,10.883183,8,0.461711,-30.000000,10.902681,-1.560913,0.078046,0.000000,6000.000000,-303.911932,89.999985,19.858829,8.605968,7.413307
1635,10.896760,8,0.475288,-30.000000,9.545587,-3.190180,0.159509,0.000000,6000.000000,-303.911932,89.999985,19.858082,8.607245,7.256960
1636,10.909983,8,0.488511,-30.000000,7.980303,-4.776983,0.238849,0.000000,6000.000000,-303.911932,89.999985,19.859658,8.608067,7.104875
1637,10.923420,8,0.501949,-30.000000,6.132926,-6.389454,0.319473,0.000000,6000.000000,-303.911932,89.999985,19.862365,8.608693,6.950606
1638,10.936938,8,0.515466,-30.000000,4.006599,-8.011596,0.400580,0.000000,6000.000000,-303.911932,89.999985,19.864654,8.609225,6.795637
1639,10.950155,8,0.528683,-30.000000,1.669164,-9.597601,0.479880,0.000000,6000.000000,-303.911932,89.999985,19.865072,8.609328,6.644150
1640,10.963088,8,0.541616,-30.000000,-0.866745,-11.149611,0.557481,0.000000,6000.000000,-303.911932,89.999985,19.865489,8.609432,6.496458
1641,10.976638,8,0.555166,-30.000000,-3.795837,-12.775589,0.638779,0.000000,6000.000000,-303.911932,89.999985,19.865644,8.610859,6.342264
1642,10.989684,8,0.568212,-30.000000,-6.869769,-14.341131,0.717057,0.000000,6000.000000,-303.911932,89.999985,19.865647,8.612886,6.194417
1643,11.002840,8,0.581369,-30.000000,-10.215136,-15.919855,0.795993,0.000000,6000.000000,-303.911932,89.999985,19.865730,8.614575,6.132387
1644,11.016067,8,0.594595,-30.000000,-13.825408,-17.507029,0.875351,0.000000,6000.000000,-303.911932,89.999985,19.866344,8.614050,6.132387
1645,11.028827,8,0.607355,-30.000000,-17.545252,-19.038282,0.951914,0.000000,6000.000000,-303.911932,89.999985,19.866938,8.613546,6.132387
1646,11.042361,8,0.620889,-30.000000,-20.662350,-20.662348,1.000000,0.000000,6000.000000,-303.911932,89.999985,19.870875,8.614291,6.132387
1647,11.056166,8,0.634694,-30.000000,-22.318897,-22.318897,1.000000,0.000000,6000.000000,-303.911932,89.999985,19.877208,8.615955,6.132387
1648,11.070516,8,0.649044,-30.000000,-24.040890,-24.040888,1.000000,0.000000,6000.000000,-303.911932,89.999985,19.883533,8.617004,6.132387
1649,11.084724,8,0.663252,-30.000000,-25.745899,-25.745899,1.000000,0.000000,6000.000000,-303.911932,89.999985,19.888741,8.615277,6.132387
1650,11.098444,8,0.676973,-30.000000,-27.392340,-27.392340,1.000000,0.000000,6000.000000,-303.911932,89.999985,19.893760,8.613604,6.132387
1651,11.111517,8,0.690045,-30.000000,-28.960997,-28.960997,1.000000,0.000000,6000.000000,-303.911932,89.999985,19.898772,8.614150,6.132387
1652,11.125699,8,0.704227,-30.000000,-30.000002,-30.000000,1.000000,0.000000,6000.000000,-303.911932,89.999985,19.904256,8.615309,6.132387
1653,11.139750,8,0.718278,-30.000000,-30.000002,-30.000000,1.000000,0.000000,6000.000000,-303.911932,89.999985,19.909027,8.613292,6.132387
1654,11.154167,8,0.732695,-30.000000,-30.000002,-30.000000,1.000000,0.000000,6000.000000,-303.911932,89.999985,19.912824,8.606025,6.132387
1655,11.168492,8,0.747020,-30.000000,-30.000002,-30.000000,1.000000,0.000000,6000.000000,-303.911932,89.999985,19.916347,8.599376,6.132387
1656,11.181608,8,0.760136,-30.000000,-30.000002,-30.000000,1.000000,0.000000,6000.000000,-303.911932,89.999985,19.915813,8.602238,6.132387
1657,11.195326,8,0.773854,-30.000000,-30.000002,-30.000000,1.000000,0.000000,6000.000000,-303.911932,89.999985,19.915242,8.605221,6.132387
1658,11.208654,8,0.787182,-30.000000,-30.000002,-30.000000,1.000000,0.000000,6000.000000,-303.911932,89.999985,19.912597,8.608489,6.132387
1659,11.221634,8,0.800162,-30.000000,-30.000002,-30.000000,1.000000,0.000000,6000.000000,-303.911932,89.999985,19.908485,8.611935,6.132387
1660,11.234233,8,0.812762,-30.000000,-30.000002,-30.000000,1.000000,0.000000,6000.000000,-303.911932,89.999985,19.904500,8.615280,6.132387
1661,11.247201,8,0.825729,-30.000000,-30.000002,-30.000000,1.000000,0.000000,6000.000000,-303.911932,89.999985,19.912082,8.613360,6.132387
1662,11.260281,8,0.838809,-30.000000,-30.000002,-30.000000,1.000000,0.000000,6000.000000,-303.911932,89.999985,19.919839,8.611376,6.132387
1663,11.273478,8,0.852006,-30.000000,-30.000002,-30.000000,1.000000,0.000000,6000.000000,-303.911932,89.999985,19.923141,8.609773,6.132387
1664,11.286500,8,0.865028,-30.000000,-30.000002,-30.000000,1.000000,0.000000,6000.000000,-303.911932,89.999985,19.920692,8.608675,6.132387
1665,11.297345,8,0.875873,-30.000000,-30.000002,-30.000000,1.000000,0.000000,6000.000000,-303.911932,89.999985,19.918654,8.607755,6.132387
1666,11.309318,8,0.887846,-30.000000,-30.000002,-30.000000,1.000000,0.000000,6000.000000,-303.911932,89.999985,19.920086,8.609502,6.132387
1667,11.320745,8,0.899273,-30.000000,-30.000002,-30.000000,1.000000,0.000000,6000.000000,-303.911932,89.999985,19.922998,8.612335,6.132387
1668,11.331660,8,0.910188,-30.000000,-30.000002,-30.000000,1.000000,0.000000,6000.000000,-303.911932,89.999985,19.925791,8.615040,6.132387
1669,11.341996,8,0.920524,-30.000000,-30.000002,-30.000000,1.000000,0.000000,6000.000000,-303.911932,89.999985,19.927321,8.614765,6.132387
1670,11.352831,8,0.931359,-30.000000,-30.000002,-30.000000,1.000000,0.000000,6000.000000,-303.911932,89.999985,19.928513,8.613434,6.132387
1671,11.363265,8,0.941793,-30.000000,-30.000002,-30.000000,1.000000,0.000000,6000.000000,-303.911932,89.999985,19.929667,8.612152,6.132387
1672,11.374697,8,0.953225,-30.000000,-30.000002,-30.000000,1.000000,0.000000,6000.000000,-303.911932,89.999985,19.929046,8.611031,6.132387
1673,11.386075,8,0.964603,-30.000000,-30.000002,-30.000000,1.000000,0.000000,6000.000000,-303.911932,89.999985,19.927250,8.610091,6.132387
1674,11.397271,8,0.975799,-30.000000,-30.000002,-30.000000,1.000000,0.000000,6000.000000,-303.911932,89.999985,19.925482,8.609166,6.132387
1675,11.408809,8,0.987337,-30.000000,-30.000002,-30.000000,1.000000,0.000000,6000.000000,-303.911932,89.999985,19.923620,8.608160,6.132387
1676,11.419899,8,0.998427,-30.000000,-30.000002,-30.000000,1.000000,0.000000,6000.000000,-303.911932,89.999985,19.921811,8.607171,6.132387
1677,11.431292,9,0.000000,-30.000000,-30.000002,0.000000,0.000000,0.000000,6000.000000,-303.911932,89.999985,19.919957,8.606157,6.132387
1678,11.442439,9,0.011148,-30.000000,-30.000002,0.000000,0.000000,0.000000,6000.000000,-303.911932,89.999985,19.919957,8.606157,6.132387
1679,11.454241,9,0.022949,-30.000000,-30.000002,0.000000,0.000000,0.000000,6000.000000,-303.911932,89.999985,19.919957,8.606157,6.132387
1680,11.465582,9,0.034290,-30.000000,-30.000002,0.000000,0.000000,0.000000,6000.000000,-303.911932,89.999985,19.919957,8.606157,6.132387
1681,11.477975,9,0.046683,-30.000000,-30.000002,0.000000,0.000000,0.000000,6000.000000,-303.911932,89.999985,19.919957,8.606157,6.132387
1682,11.490357,9,0.059066,-30.000000,-30.000002,0.000000,0.000000,0.000000,6000.000000,-303.911932,89.999985,19.919957,8.606157,6.132387
1683,11.503015,9,0.071723,-30.000000,-30.000002,0.000000,0.000000,0.000000,6000.000000,-303.911932,89.999985,19.919957,8.606157,6.132387
1684,11.515922,9,0.084631,-30.000000,-30.000002,0.000000,0.000000,0.000000,6000.000000,-303.911932,89.999985,19.919957,8.606157,6.132387
1685,11.527466,9,0.096174,-30.000000,-30.000002,0.000000,0.000000,0.000000,6000.000000,-303.911932,89.999985,19.919957,8.606157,6.132387
1686,11.539009,9,0.107717,-30.000000,-30.000002,0.000000,0.000000,0.000000,6000.000000,-303.911932,89.999985,19.919957,8.606157,6.132387
1687,11.547912,9,0.116620,-30.000000,-30.000002,0.000000,0.000000,0.000000,6000.000000,-303.911932,89.999985,19.919957,8.606157,6.132387
1688,11.556395,9,0.125103,-30.000000,-30.000002,0.000000,0.000000,0.000000,6000.000000,-303.911932,89.999985,19.919957,8.606157,6.132387
1689,11.565683,9,0.134391,-30.000000,-30.000002,0.000000,0.000000,0.000000,6000.000000,-303.911932,89.999985,19.919957,8.606157,6.132387
1690,11.575720,9,0.144429,-30.000000,-30.000002,0.000000,0.000000,0.000000,6000.000000,-303.911932,89.999985,19.919957,8.606157,6.132387
1691,11.584904,9,0.153612,-30.000000,-30.000002,0.000000,0.000000,0.000000,6000.000000,-303.911932,89.999985,19.919957,8.606157,6.132387
1692,11.593630,9,0.162339,-30.000000,-30.000002,0.000000,0.000000,0.000000,6000.000000,-303.911932,89.999985,19.919957,8.606157,6.132387
1693,11.603663,9,0.172371,-30.000000,-30.000002,0.000000,0.000000,0.000000,6000.000000,-303.911932,89.999985,19.919957,8.606157,6.132387
1694,11.612507,9,0.181215,-30.000000,-30.000002,0.000000,0.000000,0.000000,6000.000000,-303.911932,89.999985,19.919957,8.606157,6.132387
1695,11.621430,9,0.190139,-30.000000,-30.000002,0.000000,0.000000,0.000000,6000.000000,-303.911932,89.999985,19.919957,8.606157,6.132387
1696,11.630098,9,0.198807,-30.000000,-30.000002,0.000000,0.000000,0.000000,6000.000000,-303.911932,89.999985,19.919957,8.606157,6.132387
1697,11.639773,9,0.208481,-30.000000,-30.000002,0.000000,0.000000,0.000000,6000.000000,-303.911932,89.999985,19.919957,8.606157,6.132387
1698,11.648209,9,0.216918,-30.000000,-30.000002,0.000000,0.000000,0.000000,6000.000000,-303.911932,89.999985,19.919957,8.606157,6.132387
1699,11.657435,9,0.226144,-30.000000,-30.000002,0.000000,0.000000,0.000000,6000.000000,-303.911932,89.999985,19.919957,8.606157,6.132387
1700,11.667234,9,0.235942,-30.000000,-30.000002,0.000000,0.000000,0.000000,6000.000000,-303.911932,89.999985,19.919957,8.606157,6.132387
1701,11.677755,9,0.246464,-30.000000,-30.000002,0.000000,0.000000,0.000000,6000.000000,-303.911932,89.999985,19.919957,8.606157,6.132387
1702,11.689636,9,0.258344,-30.000000,-30.000002,0.000000,0.000000,0.000000,6000.000000,-303.911932,89.999985,19.919957,8.606157,6.132387
1703,11.701690,9,0.270399,-30.000000,-30.000002,0.000000,0.000000,0.000000,6000.000000,-303.911932,89.999985,19.919957,8.606157,6.132387
1704,11.713829,9,0.282538,-30.000000,-30.000002,0.000000,0.000000,0.000000,6000.000000,-303.911932,89.999985,19.919957,8.606157,6.132387
1705,11.725617,9,0.294326,-30.000000,-30.000002,0.000000,0.000000,0.000000,6000.000000,-303.911932,89.999985,19.919957,8.606157,6.132387
1706,11.737921,10,0.000000,-30.000000,-30.000002,0.000000,0.000000,0.000000,6000.000000,-303.911932,89.999985,19.919957,8.606157,6.132387
1707,11.750324,10,0.012402,-30.000000,12.133914,-30.000000,0.000000,0.000000,6000.000000,-303.911932,89.999985,19.921275,8.605992,7.464817
1708,11.761590,10,0.023669,-30.000000,9.257967,-30.000000,0.067598,0.000000,6000.000000,-303.911932,89.999985,19.923467,8.606116,7.344720
1709,11.773584,10,0.035663,-30.000000,6.199471,-30.000000,0.139562,0.000000,6000.000000,-303.911932,89.999985,19.925810,8.606250,7.216868
1710,11.785823,10,0.047902,-30.000000,3.087599,-30.000000,0.212995,0.000000,6000.000000,-303.911932,89.999985,19.926829,8.606586,7.086747
1711,11.799208,10,0.061286,-30.000000,-0.311694,-30.000000,0.293303,0.000000,6000.000000,-303.911932,89.999985,19.927835,8.606962,6.944353
1712,11.811454,10,0.073533,-30.000000,-3.420339,-30.000000,0.366783,0.000000,6000.000000,-303.911932,89.999985,19.928742,8.608895,6.814158
1713,11.823497,10,0.085576,-30.000000,-6.476809,-30.000000,0.439040,0.000000,6000.000000,-303.911932,89.999985,19.929576,8.614266,6.686292
1714,11.835280,10,0.097358,-30.000000,-9.462108,-30.000000,0.509735,0.000000,6000.000000,-303.911932,89.999985,19.930407,8.619524,6.560885
1715,11.847523,10,0.109602,-30.000000,-12.561756,-30.000000,0.583198,0.000000,6000.000000,-303.911932,89.999985,19.931695,8.621565,6.430148
1716,11.859819,10,0.121898,-30.000000,-15.669637,-30.000000,0.656972,0.000000,6000.000000,-303.911932,89.999985,19.933375,8.620625,6.298564
1717,11.872773,10,0.134852,-30.000000,-18.934780,-30.000000,0.734698,0.000000,6000.000000,-303.911932,89.999985,19.935147,8.619632,6.159740
1718,11.885575,10,0.147654,-30.000000,-22.153658,-30.000000,0.811507,0.000000,6000.000000,-303.911932,89.999985,19.934954,8.617173,6.132387
1719,11.898156,10,0.160234,-30.000000,-25.305428,-30.000000,0.886992,0.000000,6000.000000,-303.911932,89.999985,19.934502,8.614563,6.132387
1720,11.910595,10,0.172674,-30.000000,-28.408625,-30.000000,0.961628,0.000000,6000.000000,-303.911932,89.999985,19.934515,8.612766,6.132387
1721,11.922552,10,0.184630,-30.000000,-30.000002,-30.000000,1.000000,0.000000,6000.000000,-303.911932,89.999985,19.935973,8.613469,6.132387
1722,11.936255,10,0.198334,-30.000000,-30.000002,-30.000000,1.000000,0.000000,6000.000000,-303.911932,89.999985,19.937643,8.614278,6.132387
1723,11.949215,10,0.211293,-30.000000,-30.000002,-30.000000,1.000000,0.000000,6000.000000,-303.911932,89.999985,19.936413,8.613717,6.132387
1724,11.962185,10,0.224264,-30.000000,-30.000002,-30.000000,1.000000,0.000000,6000.000000,-303.911932,89.999985,19.933555,8.612393,6.132387
1725,11.974899,10,0.236978,-30.000000,-30.000002,-30.000000,1.000000,0.000000,6000.000000,-303.911932,89.999985,19.930752,8.611031,6.132387
1726,11.988562,10,0.250640,-30.000000,-30.000002,-30.000000,1.000000,0.000000,6000.000000,-303.911932,89.999985,19.927172,8.607952,6.132387
1727,12.001505,10,0.263584,-30.000000,-30.000002,-30.000000,1.000000,0.000000,6000.000000,-303.911932,89.999985,19.923797,8.605036,6.132387
1728,12.013419,10,0.275497,-30.000000,-30.000002,-30.000000,1.000000,0.000000,6000.000000,-303.911932,89.999985,19.921317,8.602839,6.132387
1729,12.026457,10,0.288536,-30.000000,-30.000002,-30.000000,1.000000,0.000000,6000.000000,-303.911932,89.999985,19.919351,8.600998,6.132387
1730,12.038243,10,0.300322,-30.000000,-30.000002,-30.000000,1.000000,0.000000,6000.000000,-303.911932,89.999985,19.917576,8.599337,6.132387
1731,12.051037,10,0.313116,-30.000000,-30.000002,-30.000000,1.000000,0.000000,6000.000000,-303.911932,89.999985,19.915948,8.599344,6.132387
1732,12.063204,10,0.325282,-30.000000,-30.000002,-30.000000,1.000000,0.000000,6000.000000,-303.911932,89.999985,19.914482,8.599828,6.132387
1733,12.075709,10,0.337788,-30.000000,-30.000002,-30.000000,1.000000,0.000000,6000.000000,-303.911932,89.999985,19.912807,8.600400,6.132387
1734,12.087404,10,0.349482,-30.000000,-30.000002,-30.000000,1.000000,0.000000,6000.000000,-303.911932,89.999985,19.909991,8.601521,6.132387
1735,12.099345,10,0.361424,-30.000000,-30.000002,-30.000000,1.000000,0.000000,6000.000000,-303.911932,89.999985,19.907118,8.602666,6.132387
1736,12.111114,10,0.373192,-30.000000,-30.000002,-30.000000,1.000000,0.000000,6000.000000,-303.911932,89.999985,19.904822,8.603843,6.132387
1737,12.122859,10,0.384938,-30.000000,-30.000002,-30.000000,1.000000,0.000000,6000.000000,-303.911932,89.999985,19.903811,8.605119,6.132387
1738,12.134568,10,0.396646,-30.000000,-30.000002,-30.000000,1.000000,0.000000,6000.000000,-303.911932,89.999985,19.902794,8.606398,6.132387
1739,12.147304,10,0.409382,-30.000000,-30.000002,-30.000000,1.000000,0.000000,6000.000000,-303.911932,89.999985,19.901564,8.605409,6.132387
1740,12.159716,10,0.421794,-30.000000,-30.000002,-30.000000,1.000000,0.000000,6000.000000,-303.911932,89.999985,19.900240,8.602099,6.132387
1741,12.171593,10,0.433672,-30.000000,-30.000002,-30.000000,1.000000,0.000000,6000.000000,-303.911932,89.999985,19.898969,8.598926,6.132387
1742,12.183515,10,0.445593,-30.000000,-30.000002,-30.000000,1.000000,0.000000,6000.000000,-303.911932,89.999985,19.897598,8.596937,6.132387
1743,12.195684,10,0.457763,-30.000000,-30.000002,-30.000000,1.000000,0.000000,6000.000000,-303.911932,89.999985,19.896164,8.595249,6.132387
1744,12.207481,10,0.469560,-30.000000,-30.000002,-30.000000,1.000000,0.000000,6000.000000,-303.911932,89.999985,19.894773,8.593622,6.132387
1745,12.218845,10,0.480923,-30.000000,-30.000002,-30.000000,1.000000,0.000000,6000.000000,-303.911932,89.999985,19.893301,8.594771,6.132387
1746,12.230422,10,0.492500,-30.000000,-30.000002,-30.000000,1.000000,0.000000,6000.000000,-303.911932,89.999985,19.891795,8.595984,6.132387
1747,12.243734,10,0.505812,-30.000000,-30.000002,-30.000000,1.000000,0.000000,6000.000000,-303.911932,89.999985,19.890749,8.597312,6.132387
1748,12.257764,10,0.519843,-30.000000,-30.000002,-30.000000,1.000000,0.000000,6000.000000,-303.911932,89.999985,19.892348,8.598431,6.132387
1749,12.270740,10,0.532818,-30.000000,-30.000002,-30.000000,1.000000,0.000000,6000.000000,-303.911932,89.999985,19.893824,8.599461,6.132387
1750,12.282838,10,0.544917,-30.000000,-30.000002,-30.000000,1.000000,0.000000,6000.000000,-303.911932,89.999985,19.892395,8.602834,6.132387
1751,12.295580,10,0.557658,-30.000000,-30.000002,-30.000000,1.000000,0.000000,6000.000000,-303.911932,89.999985,19.889643,8.607454,6.132387
1752,12.307739,10,0.569817,-30.000000,-30.000002,-30.000000,1.000000,0.000000,6000.000000,-303.911932,89.999985,19.887046,8.611783,6.132387
1753,12.319911,10,0.581989,-30.000000,-30.000002,-30.000000,1.000000,0.000000,6000.000000,-303.911932,89.999985,19.888824,8.606366,6.132387
1754,12.332394,10,0.594472,-30.000000,-30.000002,-30.000000,1.000000,0.000000,6000.000000,-303.911932,89.999985,19.890651,8.600803,6.132387
1755,12.344231,10,0.606310,-30.000000,-30.000002,-30.000000,1.000000,0.000000,6000.000000,-303.911932,89.999985,19.891932,8.597196,6.132387
1756,12.356457,10,0.618535,-30.000000,-30.000002,-30.000000,1.000000,0.000000,6000.000000,-303.911932,89.999985,19.892027,8.598005,6.132387
1757,12.368862,10,0.630941,-30.000000,-30.000002,-30.000000,1.000000,0.000000,6000.000000,-303.911932,89.999985,19.892121,8.598822,6.132387
1758,12.381168,10,0.643247,-30.000000,-30.000002,-30.000000,1.000000,0.000000,6000.000000,-303.911932,89.999985,19.892591,8.599215,6.132387
1759,12.393989,10,0.656068,-30.000000,-30.000002,-30.000000,1.000000,0.000000,6000.000000,-303.911932,89.999985,19.893396,8.599270,6.132387
1760,12.406792,10,0.668870,-30.000000,-30.000002,-30.000000,1.000000,0.000000,6000.000000,-303.911932,89.999985,19.894198,8.599327,6.132387
1761,12.426030,10,0.688109,-30.000000,-30.000002,-30.000000,1.000000,0.000000,6000.000000,-303.911932,89.999985,19.887907,8.598152,6.132387
1762,12.438266,11,0.000000,-30.000000,-30.000002,-30.000000,1.000000,0.000000,6000.000000,-303.911932,89.999985,19.883676,8.597368,6.132387
1763,12.450226,11,0.011960,-30.000000,-30.000002,-30.000000,1.000000,0.000000,6000.000000,-303.911932,89.999985,19.883262,8.597524,6.132387
1764,12.462818,11,0.024552,-30.000000,-30.000002,-30.000000,1.000000,0.000000,6000.000000,-303.911932,89.999985,19.883979,8.597976,6.132387
1765,12.474692,11,0.036426,-30.000000,-30.000002,-30.000000,1.000000,0.000000,6000.000000,-303.911932,89.999985,19.884595,8.598387,6.132387
1766,12.488380,11,0.050113,-30.000000,-30.000002,-30.000000,1.000000,0.000000,6000.000000,-303.911932,89.999985,19.883078,8.598268,6.132387
1767,12.500013,11,0.061747,-30.000000,-30.000002,-30.000000,1.000000,0.000000,6000.000000,-303.911932,89.999985,19.881789,8.598166,6.132387
1768,12.511852,11,0.073586,-30.000000,-30.000002,-30.000000,1.000000,0.000000,6000.000000,-303.911932,89.999985,19.880947,8.597898,6.132387
1769,12.524321,11,0.086055,-30.000000,-30.000002,-30.000000,1.000000,0.000000,6000.000000,-303.911932,89.999985,19.880985,8.597313,6.132387
1770,12.535484,11,0.097218,-30.000000,-30.000002,-30.000000,1.000000,0.000000,6000.000000,-303.911932,89.999985,19.881014,8.596784,6.132387
1771,12.547251,11,0.108985,-30.000000,-30.000002,-30.000000,1.000000,0.000000,6000.000000,-303.911932,89.999985,19.881801,8.598156,6.132387
1772,12.559164,11,0.120898,-30.000000,-30.000002,-30.000000,1.000000,0.000000,6000.000000,-303.911932,89.999985,19.883250,8.601253,6.132387
1773,12.570540,11,0.132274,-30.000000,-30.000002,-30.000000,1.000000,0.000000,6000.000000,-303.911932,89.999985,19.884647,8.604217,6.132387
1774,12.582155,11,0.143889,-30.000000,-30.000002,-30.000000,1.000000,0.000000,6000.000000,-303.911932,89.999985,19.882940,8.605595,6.132387
1775,12.593738,11,0.155472,-30.000000,-30.000002,-30.000000,1.000000,0.000000,6000.000000,-303.911932,89.999985,19.879748,8.606185,6.132387
1776,12.605639,11,0.167373,-30.000000,-30.000002,-30.000000,1.000000,0.000000,6000.000000,-303.911932,89.999985,19.876464,8.606789,6.132387
1777,12.617410,11,0.179144,-30.000000,-30.000002,-30.000000,1.000000,0.000000,6000.000000,-303.911932,89.999985,19.877945,8.605455,6.132387
1778,12.628993,11,0.190727,-30.000000,-30.000002,-30.000000,1.000000,0.000000,6000.000000,-303.911932,89.999985,19.880366,8.603751,6.132387
1779,12.640317,11,0.202051,-30.000000,-30.000002,-30.000000,1.000000,0.000000,6000.000000,-303.911932,89.999985,19.882723,8.602078,6.132387
1780,12.651840,11,0.213574,-30.000000,-30.000002,-30.000000,1.000000,0.000000,6000.000000,-303.911932,89.999985,19.882227,8.600984,6.132387
1781,12.664104,11,0.225838,-30.000000,-30.000002,-30.000000,1.000000,0.000000,6000.000000,-303.911932,89.999985,19.881503,8.599854,6.132387
1782,12.676371,11,0.238105,-30.000000,-30.000002,-30.000000,1.000000,0.000000,6000.000000,-303.911932,89.999985,19.880682,8.599077,6.132387
1783,12.688227,11,0.249961,-30.000000,-30.000002,-30.000000,1.000000,0.000000,6000.000000,-303.911932,89.999985,19.879378,8.600005,6.132387
1784,12.699241,11,0.260975,-30.000000,-30.000002,-30.000000,1.000000,0.000000,6000.000000,-303.911932,89.999985,19.878175,8.600868,6.132387
1785,12.711480,11,0.273214,-30.000000,-30.000002,-30.000000,1.000000,0.000000,6000.000000,-303.911932,89.999985,19.876987,8.603487,6.132387
1786,12.722697,11,0.284431,-30.000000,-30.000002,-30.000000,1.000000,0.000000,6000.000000,-303.911932,89.999985,19.876240,8.609229,6.132387
1787,12.733985,11,0.295719,-30.000000,-30.000002,-30.000000,1.000000,0.000000,6000.000000,-303.911932,89.999985,19.875487,8.615009,6.132387
1788,12.745360,11,0.307094,-30.000000,-30.000002,-30.000000,1.000000,0.000000,6000.000000,-303.911932,89.999985,19.875334,8.618049,6.132387
1789,12.757570,11,0.319304,-30.000000,-30.000002,-30.000000,1.000000,0.000000,6000.000000,-303.911932,89.999985,19.876183,8.616523,6.132387
1790,12.770028,11,0.331762,-30.000000,-30.000002,-30.000000,1.000000,0.000000,6000.000000,-303.911932,89.999985,19.877057,8.614970,6.132387
1791,12.782593,11,0.344327,-30.000000,-30.000002,-30.000000,1.000000,0.000000,6000.000000,-303.911932,89.999985,19.879319,8.614483,6.132387
1792,12.794530,11,0.356264,-30.000000,-30.000002,-30.000000,1.000000,0.000000,6000.000000,-303.911932,89.999985,19.882160,8.614550,6.132387
1793,12.806532,11,0.368266,-30.000000,-30.000002,-30.000000,1.000000,0.000000,6000.000000,-303.911932,89.999985,19.885013,8.614624,6.132387
1794,12.818609,11,0.380343,-30.000000,-30.000002,-30.000000,1.000000,0.000000,6000.000000,-303.911932,89.999985,19.885416,8.610539,6.132387
1795,12.830442,11,0.392176,-30.000000,-30.000002,-30.000000,1.000000,0.000000,6000.000000,-303.911932,89.999985,19.885575,8.606124,6.132387
1796,12.843588,11,0.405322,-30.000000,-30.000002,-30.000000,1.000000,0.000000,6000.000000,-303.911932,89.999985,19.885708,8.602193,6.132387
1797,12.857284,11,0.419018,-30.000000,-30.000002,-30.000000,1.000000,0.000000,6000.000000,-303.911932,89.999985,19.885673,8.602215,6.132387
1798,12.870390,11,0.432124,-30.000000,-30.000002,-30.000000,1.000000,0.000000,6000.000000,-303.911932,89.999985,19.885647,8.602238,6.132387
1799,12.883925,11,0.445659,-30.000000,-30.000002,-30.000000,1.000000,0.000000,6000.000000,-303.911932,89.999985,19.885326,8.601493,6.132387
1800,12.896100,11,0.457834,-30.000000,-30.000002,-30.000000,1.000000,0.000000,6000.000000,-303.911932,89.999985,19.884920,8.600547,6.132387
1801,12.909410,11,0.471144,-30.000000,-30.000002,-30.000000,1.000000,0.000000,6000.000000,-303.911932,89.999985,19.884369,8.599245,6.132387
1802,12.921396,11,0.483130,-30.000000,-30.000002,-30.000000,1.000000,0.000000,6000.000000,-303.911932,89.999985,19.883195,8.596515,6.132387
1803,12.934719,11,0.496453,-30.000000,-30.000002,-30.000000,1.000000,0.000000,6000.000000,-303.911932,89.999985,19.881891,8.593483,6.132387
1804,12.947758,11,0.509492,-30.000000,-30.000002,-30.000000,1.000000,0.000000,6000.000000,-303.911932,89.999985,19.881491,8.592934,6.132387
1805,12.960714,11,0.522448,-30.000000,-30.000002,-30.000000,1.000000,0.000000,6000.000000,-303.911932,89.999985,19.881890,8.594605,6.132387
1806,12.973300,11,0.535034,-30.000000,-30.000002,-30.000000,1.000000,0.000000,6000.000000,-303.911932,89.999985,19.882276,8.596232,6.132387
1807,12.986634,11,0.548368,-30.000000,-30.000002,-30.000000,1.000000,0.000000,6000.000000,-303.911932,89.999985,19.886045,8.598004,6.132387
1808,12.999815,11,0.561549,-30.000000,-30.000002,-30.000000,1.000000,0.000000,6000.000000,-303.911932,89.999985,19.890027,8.599758,6.132387
1809,13.012790,11,0.574524,-30.000000,-30.000002,-30.000000,1.000000,0.000000,6000.000000,-303.911932,89.999985,19.891995,8.601206,6.132387
1810,13.024932,11,0.586666,-30.000000,-30.000002,-30.000000,1.000000,0.000000,6000.000000,-303.911932,89.999985,19.891049,8.602170,6.132387
1811,13.037024,11,0.598758,-30.000000,-30.000002,-30.000000,1.000000,0.000000,6000.000000,-303.911932,89.999985,19.890096,8.603122,6.132387
1812,13.049509,11,0.611243,-30.000000,-30.000002,-30.000000,1.000000,0.000000,6000.000000,-303.911932,89.999985,19.888230,8.604693,6.132387
1813,13.062392,11,0.624126,-30.000000,-30.000002,-30.000000,1.000000,0.000000,6000.000000,-303.911932,89.999985,19.885884,8.606599,6.132387
1814,13.075424,11,0.637158,-30.000000,-30.000002,-30.000000,1.000000,0.000000,6000.000000,-303.911932,89.999985,19.883579,8.608658,6.132387
1815,13.088158,11,0.649892,-30.000000,-30.000002,-30.000000,1.000000,0.000000,6000.000000,-303.911932,89.999985,19.882020,8.612052,6.132387
1816,13.103558,11,0.665292,-30.000000,-30.000002,-30.000000,1.000000,0.000000,6000.000000,-303.911932,89.999985,19.880132,8.616154,6.132387
1817,13.116213,11,0.677947,-30.000000,-30.000002,-30.000000,1.000000,0.000000,6000.000000,-303.911932,89.999985,19.867598,8.584571,6.132387
1818,13.129820,11,0.691554,-30.000000,-30.000002,-30.000000,1.000000,0.000000,6000.000000,-303.911932,89.999985,19.868225,8.591215,6.132387
1819,13.142477,11,0.704211,-30.000000,-30.000002,-30.000000,1.000000,0.000000,6000.000000,-303.911932,89.999985,19.868792,8.597338,6.132387
1820,13.154878,11,0.716612,-30.000000,-30.000002,-30.000000,1.000000,0.000000,6000.000000,-303.911932,89.999985,19.869222,8.602918,6.132387
1821,13.167957,11,0.729690,-30.000000,-30.000002,-30.000000,1.000000,0.000000,6000.000000,-303.911932,89.999985,19.869680,8.608805,6.132387
1822,13.180518,11,0.742252,-30.000000,-30.000002,-30.000000,1.000000,0.000000,6000.000000,-303.911932,89.999985,19.872519,8.613229,6.132387
1823,13.192831,11,0.754565,-30.000000,-30.000002,-30.000000,1.000000,0.000000,6000.000000,-303.911932,89.999985,19.877721,8.616323,6.132387
1824,13.205753,11,0.767487,-30.000000,-30.000002,-30.000000,1.000000,0.000000,6000.000000,-303.911932,89.999985,19.883185,8.619574,6.132387
1825,13.217755,11,0.779489,-30.000000,-30.000002,-30.000000,1.000000,0.000000,6000.000000,-303.911932,89.999985,19.884648,8.620330,6.132387
1826,13.230523,11,0.792257,-30.000000,-30.000002,-30.000000,1.000000,0.000000,6000.000000,-303.911932,89.999985,19.885483,8.620687,6.132387
1827,13.242618,11,0.804352,-30.000000,-30.000002,-30.000000,1.000000,0.000000,6000.000000,-303.911932,89.999985,19.886062,8.620939,6.132387
1828,13.254757,11,0.816491,-30.000000,-30.000002,-30.000000,1.000000,0.000000,6000.000000,-303.911932,89.999985,19.885265,8.620665,6.132387
1829,13.267102,11,0.828836,-30.000000,-30.000002,-30.000000,1.000000,0.000000,6000.000000,-303.911932,89.999985,19.884450,8.620379,6.132387
1830,13.279936,11,0.841670,-30.000000,-30.000002,-30.000000,1.000000,0.000000,6000.000000,-303.911932,89.999985,19.883095,8.620120,6.132387
1831,13.292645,11,0.854379,-30.000000,-30.000002,-30.000000,1.000000,0.000000,6000.000000,-303.911932,89.999985,19.881116,8.619911,6.132387
1832,13.304947,11,0.866681,-30.000000,-30.000002,-30.000000,1.000000,0.000000,6000.000000,-303.911932,89.999985,19.879195,8.619703,6.132387
1833,13.317935,11,0.879669,-30.000000,-30.000002,-30.000000,1.000000,0.000000,6000.000000,-303.911932,89.999985,19.881352,8.621441,6.132387
1834,13.329887,11,0.891621,-30.000000,-30.000002,-30.000000,1.000000,0.000000,6000.000000,-303.911932,89.999985,19.884353,8.623517,6.132387
1835,13.343588,11,0.905322,-30.000000,-30.000002,-30.000000,1.000000,0.000000,6000.000000,-303.911932,89.999985,19.886895,8.625499,6.132387
1836,13.355430,11,0.917164,-30.000000,-30.000002,-30.000000,1.000000,0.000000,6000.000000,-303.911932,89.999985,19.885830,8.625757,6.132387
1837,13.368865,11,0.930599,-30.000000,-30.000002,-30.000000,1.000000,0.000000,6000.000000,-303.911932,89.999985,19.884616,8.626056,6.132387
1838,13.380899,11,0.942633,-30.000000,-30.000002,-30.000000,1.000000,0.000000,6000.000000,-303.911932,89.999985,19.882885,8.624302,6.132387
1839,13.392716,11,0.954450,-30.000000,-30.000002,-30.000000,1.000000,0.000000,6000.000000,-303.911932,89.999985,19.880677,8.620940,6.132387
1840,13.404874,11,0.966608,-30.000000,-30.000002,-30.000000,1.000000,0.000000,6000.000000,-303.911932,89.999985,19.878390,8.617483,6.132387
1841,13.416836,11,0.978570,-30.000000,-30.000002,-30.000000,1.000000,0.000000,6000.000000,-303.911932,89.999985,19.880166,8.618861,6.132387
1842,13.429504,11,0.991238,-30.000000,-30.000002,-30.000000,1.000000,0.000000,6000.000000,-303.911932,89.999985,19.883324,8.621855,6.132387
1843,13.441759,11,1.003493,-30.000000,-30.000002,-30.000000,1.000000,0.000000,6000.000000,-303.911932,89.999985,19.886219,8.624629,6.132387
1844,13.453930,11,1.015664,-30.000000,-30.000002,-30.000000,1.000000,0.000000,6000.000000,-303.911932,89.999985,19.886638,8.625501,6.132387
1845,13.465503,11,1.027237,-30.000000,-30.000002,-30.000000,1.000000,0.000000,6000.000000,-303.911932,89.999985,19.887041,8.626332,6.132387
1846,13.477929,11,1.039663,-30.000000,-30.000002,-30.000000,1.000000,0.000000,6000.000000,-303.911932,89.999985,19.887992,8.627776,6.132387
1847,13.490108,11,1.051842,-30.000000,-30.000002,-30.000000,1.000000,0.000000,6000.000000,-303.911932,89.999985,19.890183,8.630510,6.132387
1848,13.502844,11,1.064578,-30.000000,-30.000002,-30.000000,1.000000,0.000000,6000.000000,-303.911932,89.999985,19.892462,8.633361,6.132387
1849,13.515038,11,1.076772,-30.000000,-30.000002,-30.000000,1.000000,0.000000,6000.000000,-303.911932,89.999985,19.891416,8.634147,6.132387
1850,13.527217,11,1.088951,-30.000000,-30.000002,-30.000000,1.000000,0.000000,6000.000000,-303.911932,89.999985,19.888276,8.633674,6.132387
1851,13.539567,11,1.101301,-30.000000,-30.000002,-30.000000,1.000000,0.000000,6000.000000,-303.911932,89.999985,19.885088,8.633187,6.132387
1852,13.551937,11,1.113671,-30.000000,-30.000002,-30.000000,1.000000,0.000000,6000.000000,-303.911932,89.999985,19.882072,8.628036,6.132387
1853,13.564234,11,1.125968,-30.000000,-30.000002,-30.000000,1.000000,0.000000,6000.000000,-303.911932,89.999985,19.879100,8.622328,6.132387
1854,13.576065,11,1.137799,-30.000000,-30.000002,-30.000000,1.000000,0.000000,6000.000000,-303.911932,89.999985,19.876712,8.617926,6.132387
1855,13.587576,11,1.149309,-30.000000,-30.000002,-30.000000,1.000000,0.000000,6000.000000,-303.911932,89.999985,19.877136,8.619823,6.132387
1856,13.598954,11,1.160688,-30.000000,-30.000002,-30.000000,1.000000,0.000000,6000.000000,-303.911932,89.999985,19.877538,8.621690,6.132387
1857,13.610989,11,1.172723,-30.000000,-30.000002,-30.000000,1.000000,0.000000,6000.000000,-303.911932,89.999985,19.877869,8.622437,6.132387
1858,13.623050,11,1.184784,-30.000000,-30.000002,-30.000000,1.000000,0.000000,6000.000000,-303.911932,89.999985,19.877918,8.619978,6.132387
1859,13.635679,11,1.197413,-30.000000,-30.000002,-30.000000,1.000000,0.000000,6000.000000,-303.911932,89.999985,19.877976,8.617400,6.132387
1860,13.647799,11,1.209533,-30.000000,-30.000002,-30.000000,1.000000,0.000000,6000.000000,-303.911932,89.999985,19.877298,8.616309,6.132387
1861,13.660045,11,1.221779,-30.000000,-30.000002,-30.000000,1.000000,0.000000,6000.000000,-303.911932,89.999985,19.876035,8.616285,6.132387
1862,13.672225,11,1.233959,-30.000000,-30.000002,-30.000000,1.000000,0.000000,6000.000000,-303.911932,89.999985,19.874770,8.616262,6.132387
1863,13.684295,11,1.246029,-30.000000,-30.000002,-30.000000,1.000000,0.000000,6000.000000,-303.911932,89.999985,19.874061,8.614410,6.132387
1864,13.696914,11,1.258648,-30.000000,-30.000002,-30.000000,1.000000,0.000000,6000.000000,-303.911932,89.999985,19.873426,8.612087,6.132387
1865,13.708841,11,1.270575,-30.000000,-30.000002,-30.000000,1.000000,0.000000,6000.000000,-303.911932,89.999985,19.873183,8.610556,6.132387
1866,13.721080,11,1.282814,-30.000000,-30.000002,-30.000000,1.000000,0.000000,6000.000000,-303.911932,89.999985,19.876190,8.615260,6.132387
1867,13.732791,11,1.294525,-30.000000,-30.000002,-30.000000,1.000000,0.000000,6000.000000,-303.911932,89.999985,19.879068,8.619751,6.132387
1868,13.745158,11,1.306892,-30.000000,-30.000002,-30.000000,1.000000,0.000000,6000.000000,-303.911932,89.999985,19.881208,8.624097,6.132387
1869,13.757322,11,1.319056,-30.000000,-30.000002,-30.000000,1.000000,0.000000,6000.000000,-303.911932,89.999985,19.881570,8.627572,6.132387
1870,13.769273,11,1.331007,-30.000000,-30.000002,-30.000000,1.000000,0.000000,6000.000000,-303.911932,89.999985,19.881926,8.630990,6.132387
1871,13.781904,11,1.343638,-30.000000,-30.000002,-30.000000,1.000000,0.000000,6000.000000,-303.911932,89.999985,19.883869,8.629231,6.132387
1872,13.794853,11,1.356587,-30.000000,-30.000002,-30.000000,1.000000,0.000000,6000.000000,-303.911932,89.999985,19.886945,8.623777,6.132387
1873,13.807771,11,1.369505,-30.000000,-30.000002,-30.000000,1.000000,0.000000,6000.000000,-303.911932,89.999985,19.889948,8.618417,6.132387
1874,13.819929,11,1.381663,-30.000000,-30.000002,-30.000000,1.000000,0.000000,6000.000000,-303.911932,89.999985,19.886752,8.621514,6.132387
1875,13.831784,11,1.393518,-30.000000,-30.000002,-30.000000,1.000000,0.000000,6000.000000,-303.911932,89.999985,19.883636,8.624530,6.132387
1876,13.843506,11,1.405240,-30.000000,-30.000002,-30.000000,1.000000,0.000000,6000.000000,-303.911932,89.999985,19.881232,8.626730,6.132387
1877,13.856036,11,1.417770,-30.000000,-30.000002,-30.000000,1.000000,0.000000,6000.000000,-303.911932,89.999985,19.881256,8.626000,6.132387
1878,13.868623,11,1.430357,-30.000000,-30.000002,-30.000000,1.000000,0.000000,6000.000000,-303.911932,89.999985,19.881269,8.625258,6.132387
1879,13.881096,11,1.442830,-30.000000,-30.000002,-30.000000,1.000000,0.000000,6000.000000,-303.911932,89.999985,19.881341,8.623806,6.132387
1880,13.893753,11,1.455487,-30.000000,-30.000002,-30.000000,1.000000,0.000000,6000.000000,-303.911932,89.999985,19.881464,8.621718,6.132387
1881,13.906234,11,1.467968,-30.000000,-30.000002,-30.000000,1.000000,0.000000,6000.000000,-303.911932,89.999985,19.881585,8.619661,6.132387
1882,13.918682,11,1.480416,-30.000000,-30.000002,-30.000000,1.000000,0.000000,6000.000000,-303.911932,89.999985,19.880026,8.617650,6.132387
1883,13.931310,11,1.493044,-30.000000,-30.000002,-30.000000,1.000000,0.000000,6000.000000,-303.911932,89.999985,19.878235,8.615639,6.132387
1884,13.943378,11,1.505112,-30.000000,-30.000002,-30.000000,1.000000,0.000000,6000.000000,-303.911932,89.999985,19.876016,8.614477,6.132387
1885,13.955338,11,1.517072,-30.000000,-30.000002,-30.000000,1.000000,0.000000,6000.000000,-303.911932,89.999985,19.871779,8.616420,6.132387
1886,13.967951,11,1.529685,-30.000000,-30.000002,-30.000000,1.000000,0.000000,6000.000000,-303.911932,89.999985,19.867305,8.618459,6.132387
1887,13.980702,11,1.542436,-30.000000,-30.000002,-30.000000,1.000000,0.000000,6000.000000,-303.911932,89.999985,19.864156,8.618897,6.132387
1888,13.992697,11,1.554430,-30.000000,-30.000002,-30.000000,1.000000,0.000000,6000.000000,-303.911932,89.999985,19.862479,8.617781,6.132387
1889,14.005104,11,1.566838,-30.000000,-30.000002,-30.000000,1.000000,0.000000,6000.000000,-303.911932,89.999985,19.860747,8.616631,6.132387
1890,14.016920,11,1.578654,-30.000000,-30.000002,-30.000000,1.000000,0.000000,6000.000000,-303.911932,89.999985,19.862102,8.622579,6.132387
1891,14.029505,11,1.591239,-30.000000,-30.000002,-30.000000,1.000000,0.000000,6000.000000,-303.911932,89.999985,19.864410,8.630967,6.132387
1892,14.041887,11,1.603621,-30.000000,-30.000002,-30.000000,1.000000,0.000000,6000.000000,-303.911932,89.999985,19.866753,8.638545,6.132387
1893,14.054301,11,1.616035,-30.000000,-30.000002,-30.000000,1.000000,0.000000,6000.000000,-303.911932,89.999985,19.869811,8.637433,6.132387
1894,14.066071,11,1.627805,-30.000000,-30.000002,-30.000000,1.000000,0.000000,6000.000000,-303.911932,89.999985,19.872707,8.636376,6.132387
1895,14.078373,11,1.640107,-30.000000,-30.000002,-30.000000,1.000000,0.000000,6000.000000,-303.911932,89.999985,19.874553,8.637442,6.132387
1896,14.089927,11,1.651661,-30.000000,-30.000002,-30.000000,1.000000,0.000000,6000.000000,-303.911932,89.999985,19.874018,8.642575,6.132387
1897,14.102431,11,1.664165,-30.000000,-30.000002,-30.000000,1.000000,0.000000,6000.000000,-303.911932,89.999985,19.873435,8.648131,6.132387
1898,14.114367,11,1.676101,-30.000000,-30.000002,-30.000000,1.000000,0.000000,6000.000000,-303.911932,89.999985,19.876841,8.647803,6.132387
1899,14.126414,11,1.688148,-30.000000,-30.000002,-30.000000,1.000000,0.000000,6000.000000,-303.911932,89.999985,19.883386,8.643063,6.132387
1900,14.138293,11,1.700027,-30.000000,-30.000002,-30.000000,1.000000,0.000000,6000.000000,-303.911932,89.999985,19.889840,8.638380,6.132387
1901,14.150283,11,1.712017,-30.000000,-30.000002,-30.000000,1.000000,0.000000,6000.000000,-303.911932,89.999985,19.888732,8.638457,6.132387
1902,14.161813,11,1.723547,-30.000000,-30.000002,-30.000000,1.000000,0.000000,6000.000000,-303.911932,89.999985,19.885554,8.639868,6.132387
1903,14.174168,11,1.735902,-30.000000,-30.000002,-30.000000,1.000000,0.000000,6000.000000,-303.911932,89.999985,19.882142,8.641376,6.132387
1904,14.185757,11,1.747491,-30.000000,-30.000002,-30.000000,1.000000,0.000000,6000.000000,-303.911932,89.999985,19.883322,8.639718,6.132387
1905,14.198267,11,1.760001,-30.000000,-30.000002,-30.000000,1.000000,0.000000,6000.000000,-303.911932,89.999985,19.884652,8.637884,6.132387
1906,14.210847,11,1.772581,-30.000000,-30.000002,-30.000000,1.000000,0.000000,6000.000000,-303.911932,89.999985,19.885467,8.635776,6.132387
1907,14.222848,11,1.784582,-30.000000,-30.000002,-30.000000,1.000000,0.000000,6000.000000,-303.911932,89.999985,19.884768,8.633040,6.132387
1908,14.236115,11,1.797849,-30.000000,-30.000002,-30.000000,1.000000,0.000000,6000.000000,-303.911932,89.999985,19.884005,8.630014,6.132387
1909,14.249487,11,1.811221,-30.000000,-30.000002,-30.000000,1.000000,0.000000,6000.000000,-303.911932,89.999985,19.882258,8.627921,6.132387
1910,14.262452,11,1.824186,-30.000000,-30.000002,-30.000000,1.000000,0.000000,6000.000000,-303.911932,89.999985,19.880003,8.626416,6.132387
1911,14.274890,11,1.836624,-30.000000,-30.000002,-30.000000,1.000000,0.000000,6000.000000,-303.911932,89.999985,19.877808,8.624985,6.132387
1912,14.287301,11,1.849035,-30.000000,-30.000002,-30.000000,1.000000,0.000000,6000.000000,-303.911932,89.999985,19.874768,8.623664,6.132387
1913,14.300350,11,1.862084,-30.000000,-30.000002,-30.000000,1.000000,0.000000,6000.000000,-303.911932,89.999985,19.871559,8.622277,6.132387
1914,14.312884,11,1.874618,-30.000000,-30.000002,-30.000000,1.000000,0.000000,6000.000000,-303.911932,89.999985,19.870816,8.621046,6.132387
1915,14.324975,11,1.886709,-30.000000,-30.000002,-30.000000,1.000000,0.000000,6000.000000,-303.911932,89.999985,19.873239,8.619990,6.132387
1916,14.336821,11,1.898555,-30.000000,-30.000002,-30.000000,1.000000,0.000000,6000.000000,-303.911932,89.999985,19.875599,8.618953,6.132387
1917,14.348549,11,1.910283,-30.000000,-30.000002,-30.000000,1.000000,0.000000,6000.000000,-303.911932,89.999985,19.874670,8.619291,6.132387
1918,14.360470,11,1.922204,-30.000000,-30.000002,-30.000000,1.000000,0.000000,6000.000000,-303.911932,89.999985,19.871895,8.620395,6.132387
1919,14.372820,11,1.934554,-30.000000,-30.000002,-30.000000,1.000000,0.000000,6000.000000,-303.911932,89.999985,19.869013,8.621538,6.132387
1920,14.385808,11,1.947542,-30.000000,-30.000002,-30.000000,1.000000,0.000000,6000.000000,-303.911932,89.999985,19.867344,8.622905,6.132387
1921,14.398548,11,1.960282,-30.000000,-30.000002,-30.000000,1.000000,0.000000,6000.000000,-303.911932,89.999985,19.865880,8.624263,6.132387
1922,14.410530,11,1.972264,-30.000000,-30.000002,-30.000000,1.000000,0.000000,6000.000000,-303.911932,89.999985,19.865296,8.625338,6.132387
1923,14.422855,11,1.984589,-30.000000,-30.000002,-30.000000,1.000000,0.000000,6000.000000,-303.911932,89.999985,19.867285,8.625772,6.132387
1924,14.435222,11,1.996956,-30.000000,-30.000002,-30.000000,1.000000,0.000000,6000.000000,-303.911932,89.999985,19.869292,8.626211,6.132387
1925,14.448244,12,0.000000,-30.000000,-30.000002,0.000000,0.000000,0.000000,5980.000000,-111.911932,161.746078,19.869146,8.630037,6.132387
1926,14.461111,12,0.012867,-30.000000,-30.000002,0.000000,0.000000,0.000000,5980.000000,-111.911932,161.746286,19.869146,8.630037,6.132387
1927,14.474106,12,0.025863,-30.000000,-30.000002,0.000000,0.000000,0.000000,5980.000000,-111.911932,161.746286,19.869146,8.630037,6.132387
1928,14.486755,12,0.038512,-30.000000,-30.000002,0.000000,0.000000,0.000000,5980.000000,-111.911932,161.746426,19.869146,8.630037,6.132387
1929,14.502161,12,0.053917,-30.000000,-30.000002,0.000000,0.000000,0.000000,5980.000000,-111.911932,161.746586,19.869146,8.630037,6.132387
1930,14.514815,12,0.066572,-30.000000,-30.000002,0.000000,0.000000,0.000000,5980.000000,-111.911932,161.746745,19.869146,8.630037,6.132387
1931,14.528309,12,0.080065,-30.000000,-30.000002,0.000000,0.000000,0.000000,5980.000000,-111.911932,161.746938,19.869146,8.630037,6.132387
1932,14.541533,12,0.093289,-30.000000,-30.000002,0.000000,0.000000,0.000000,5980.000000,-111.911932,161.746938,19.869146,8.630037,6.132387
1933,14.555551,12,0.107307,-30.000000,-30.000002,0.000000,0.000000,0.000000,5980.000000,-111.911932,161.747067,19.869146,8.630037,6.132387
1934,14.568462,12,0.120219,-30.000000,-30.000002,0.000000,0.000000,0.000000,5980.000000,-111.911932,161.747176,19.869146,8.630037,6.132387
1935,14.581912,12,0.133668,-30.000000,-30.000002,0.000000,0.000000,0.000000,5980.000000,-111.911932,161.747314,19.869146,8.630037,6.132387
1936,14.594912,12,0.146669,-30.000000,-30.000002,0.000000,0.000000,0.000000,5980.000000,-111.911932,161.747466,19.869146,8.630037,6.132387
1937,14.608275,12,0.160031,-30.000000,-30.000002,0.000000,0.000000,0.000000,5980.000000,-111.911932,161.747466,19.869146,8.630037,6.132387
1938,14.621733,12,0.173489,-30.000000,-30.000002,0.000000,0.000000,0.000000,5980.000000,-111.911932,161.747571,19.869146,8.630037,6.132387
1939,14.635715,12,0.187472,-30.000000,-30.000002,0.000000,0.000000,0.000000,5980.000000,-111.911932,161.747571,19.869146,8.630037,6.132387
1940,14.650018,12,0.201775,-30.000000,-30.000002,0.000000,0.000000,0.000000,5980.000000,-111.911932,161.747795,19.869146,8.630037,6.132387
1941,14.663880,12,0.215636,-30.000000,-30.000002,0.000000,0.000000,0.000000,5980.000000,-111.911932,161.747934,19.869146,8.630037,6.132387
1942,14.676512,12,0.228268,-30.000000,-30.000002,0.000000,0.000000,0.000000,5980.000000,-111.911932,161.747934,19.869146,8.630037,6.132387
1943,14.690201,12,0.241957,-30.000000,-30.000002,0.000000,0.000000,0.000000,5980.000000,-111.911932,161.747934,19.869146,8.630037,6.132387
1944,14.704525,12,0.256282,-30.000000,-30.000002,0.000000,0.000000,0.000000,5980.000000,-111.911932,161.748099,19.869146,8.630037,6.132387
1945,14.718794,12,0.270550,-30.000000,-30.000002,0.000000,0.000000,0.000000,5980.000000,-111.911932,161.748201,19.869146,8.630037,6.132387
1946,14.734035,12,0.285792,-30.000000,-30.000002,0.000000,0.000000,0.000000,5980.000000,-111.911932,161.748326,19.869146,8.630037,6.132387
1947,14.748495,12,0.300251,-30.000000,-30.000002,0.000000,0.000000,0.000000,5980.000000,-111.911932,161.748326,19.869146,8.630037,6.132387
1948,14.763689,12,0.315445,-30.000000,-30.000002,0.000000,0.000000,0.000000,5980.000000,-111.911932,161.748326,19.869146,8.630037,6.132387
1949,14.778697,12,0.330454,-30.000000,-30.000002,0.000000,0.000000,0.000000,5980.000000,-111.911932,161.748487,19.869146,8.630037,6.132387
1950,14.792984,12,0.344740,-30.000000,-30.000002,0.000000,0.000000,0.000000,5980.000000,-111.911932,161.748487,19.869146,8.630037,6.132387
1951,14.806489,12,0.358245,-30.000000,-30.000002,0.000000,0.000000,0.000000,5980.000000,-111.911932,161.748667,19.869146,8.630037,6.132387
1952,14.821676,12,0.373433,-30.000000,-30.000002,0.000000,0.000000,0.000000,5980.000000,-111.911932,161.748667,19.869146,8.630037,6.132387
1953,14.834242,12,0.385999,-30.000000,-30.000002,0.000000,0.000000,0.000000,5980.000000,-111.911932,161.748667,19.869146,8.630037,6.132387
1954,14.847192,12,0.398948,-30.000000,-30.000002,0.000000,0.000000,0.000000,5980.000000,-111.911932,161.748775,19.869146,8.630037,6.132387
1955,14.860307,13,0.000000,-30.000000,-30.000002,0.000000,0.000000,0.000000,6000.000000,-303.911932,90.000000,19.869146,8.630037,6.132387
1956,14.872965,13,0.012658,-30.000000,11.900510,-30.000000,0.000000,0.000000,6000.000000,-303.911932,90.000000,19.867267,8.636362,7.576303
1957,14.886657,13,0.026350,-30.000000,8.458165,-30.000000,0.082154,0.000000,6000.000000,-303.911932,90.000000,19.865197,8.642989,7.420448
1958,14.899685,13,0.039378,-30.000000,5.178803,-30.000000,0.160321,0.000000,6000.000000,-303.911932,90.000000,19.861838,8.639931,7.272157
1959,14.912619,13,0.052312,-30.000000,1.922578,-30.000000,0.237926,0.000000,6000.000000,-303.911932,90.000000,19.858500,8.636896,7.124290
1960,14.925089,13,0.064782,-30.000000,-1.217997,-30.000000,0.312744,0.000000,6000.000000,-303.911932,90.000000,19.853838,8.634359,6.980775
1961,14.940652,13,0.080345,-30.000000,-5.138791,-30.000000,0.406125,0.000000,6000.000000,-303.911932,90.000000,19.845669,8.631847,6.800516
1962,14.954335,13,0.094028,-30.000000,-8.584217,-30.000000,0.488222,0.000000,6000.000000,-303.911932,90.000000,19.839252,8.629985,6.641666
1963,14.969469,13,0.109161,-30.000000,-12.392240,-30.000000,0.579022,0.000000,6000.000000,-303.911932,90.000000,19.840403,8.631570,6.465775
1964,14.984806,13,0.124498,-30.000000,-16.248775,-30.000000,0.671045,0.000000,6000.000000,-303.911932,90.000000,19.841572,8.633175,6.286688
1965,14.999328,13,0.139021,-30.000000,-19.897045,-30.000000,0.758178,0.000000,6000.000000,-303.911932,90.000000,19.841277,8.638259,6.132371
1966,15.014197,13,0.153889,-30.000000,-23.628532,-30.000000,0.847391,0.000000,6000.000000,-303.911932,90.000000,19.840792,8.643901,6.132371
1967,15.028626,13,0.168318,-30.000000,-27.244738,-30.000000,0.933964,0.000000,6000.000000,-303.911932,90.000000,19.838864,8.645288,6.132371
1968,15.043049,13,0.182742,-30.000000,-30.000002,-30.000000,1.000000,0.000000,6000.000000,-303.911932,90.000000,19.836025,8.644135,6.132371
1969,15.057057,13,0.196750,-30.000000,-30.000002,-30.000000,1.000000,0.000000,6000.000000,-303.911932,90.000000,19.833131,8.643868,6.132371
1970,15.071026,13,0.210718,-30.000000,-30.000002,-30.000000,1.000000,0.000000,6000.000000,-303.911932,90.000000,19.829903,8.645700,6.132371
1971,15.084530,13,0.224223,-30.000000,-30.000002,-30.000000,1.000000,0.000000,6000.000000,-303.911932,90.000000,19.826776,8.647477,6.132371
1972,15.097955,13,0.237648,-30.000000,-30.000002,-30.000000,1.000000,0.000000,6000.000000,-303.911932,90.000000,19.823613,8.646571,6.132371
1973,15.111319,13,0.251012,-30.000000,-30.000002,-30.000000,1.000000,0.000000,6000.000000,-303.911932,90.000000,19.820450,8.645250,6.132371
1974,15.124385,13,0.264078,-30.000000,-30.000002,-30.000000,1.000000,0.000000,6000.000000,-303.911932,90.000000,19.818504,8.644968,6.132371
1975,15.137315,13,0.277008,-30.000000,-30.000002,-30.000000,1.000000,0.000000,6000.000000,-303.911932,90.000000,19.818599,8.646488,6.132371
1976,15.150279,13,0.289972,-30.000000,-30.000002,-30.000000,1.000000,0.000000,6000.000000,-303.911932,90.000000,19.818691,8.648014,6.132371
1977,15.162426,13,0.302119,-30.000000,-30.000002,-30.000000,1.000000,0.000000,6000.000000,-303.911932,90.000000,19.816269,8.649532,6.132371
1978,15.176085,13,0.315777,-30.000000,-30.000002,-30.000000,1.000000,0.000000,6000.000000,-303.911932,90.000000,19.812692,8.651272,6.132371
1979,15.188502,13,0.328195,-30.000000,-30.000002,-30.000000,1.000000,0.000000,6000.000000,-303.911932,90.000000,19.809548,8.652773,6.132371
1980,15.203271,13,0.342964,-30.000000,-30.000002,-30.000000,1.000000,0.000000,6000.000000,-303.911932,90.000000,19.806436,8.654082,6.132371
1981,15.216088,13,0.355780,-30.000000,-30.000002,-30.000000,1.000000,0.000000,6000.000000,-303.911932,90.000000,19.803727,8.655219,6.132371
1982,15.229448,13,0.369141,-30.000000,-30.000002,-30.000000,1.000000,0.000000,6000.000000,-303.911932,90.000000,19.803028,8.656251,6.132371
1983,15.243083,13,0.382776,-30.000000,-30.000002,-30.000000,1.000000,0.000000,6000.000000,-303.911932,90.000000,19.803120,8.657252,6.132371
1984,15.256575,13,0.396268,-30.000000,-30.000002,-30.000000,1.000000,0.000000,6000.000000,-303.911932,90.000000,19.802658,8.658033,6.132371
1985,15.269462,13,0.409155,-30.000000,-30.000002,-30.000000,1.000000,0.000000,6000.000000,-303.911932,90.000000,19.800711,8.658236,6.132371
1986,15.282781,13,0.422474,-30.000000,-30.000002,-30.000000,1.000000,0.000000,6000.000000,-303.911932,90.000000,19.798697,8.658439,6.132371
1987,15.296321,13,0.436014,-30.000000,-30.000002,-30.000000,1.000000,0.000000,6000.000000,-303.911932,90.000000,19.795360,8.657679,6.132371
1988,15.309990,13,0.449682,-30.000000,-30.000002,-30.000000,1.000000,0.000000,6000.000000,-303.911932,90.000000,19.791520,8.656567,6.132371
1989,15.324426,13,0.464119,-30.000000,-30.000002,-30.000000,1.000000,0.000000,6000.000000,-303.911932,90.000000,19.788823,8.657375,6.132371
1990,15.340305,13,0.479998,-30.000000,-30.000002,-30.000000,1.000000,0.000000,6000.000000,-303.911932,90.000000,19.788978,8.662790,6.132371
1991,15.353007,13,0.492700,-30.000000,-30.000002,-30.000000,1.000000,0.000000,6000.000000,-303.911932,90.000000,19.789099,8.667121,6.132371
1992,15.364973,13,0.504666,-30.000000,-30.000002,-30.000000,1.000000,0.000000,6000.000000,-303.911932,90.000000,19.785880,8.667257,6.132371
1993,15.377298,13,0.516991,-30.000000,-30.000002,-30.000000,1.000000,0.000000,6000.000000,-303.911932,90.000000,19.782547,8.667380,6.132371
1994,15.392021,13,0.531714,-30.000000,-30.000002,-30.000000,1.000000,0.000000,6000.000000,-303.911932,90.000000,19.779529,8.666921,6.132371
1995,15.402455,13,0.542147,-30.000000,-30.000002,-30.000000,1.000000,0.000000,6000.000000,-303.911932,90.000000,19.778484,8.665904,6.132371
1996,15.414454,13,0.554147,-30.000000,-30.000002,-30.000000,1.000000,0.000000,6000.000000,-303.911932,90.000000,19.777275,8.664732,6.132371
1997,15.426835,13,0.566528,-30.000000,-30.000002,-30.000000,1.000000,0.000000,6000.000000,-303.911932,90.000000,19.776238,8.664556,6.132371
1998,15.439018,13,0.578711,-30.000000,-30.000002,-30.000000,1.000000,0.000000,6000.000000,-303.911932,90.000000,19.775363,8.665129,6.132371
1999,15.451201,13,0.590894,-30.000000,-30.000002,-30.000000,1.000000,0.000000,6000.000000,-303.911932,90.000000,19.774496,8.665702,6.132371
2000,15.463363,13,0.603055,-30.000000,-30.000002,-30.000000,1.000000,0.000000,6000.000000,-303.911932,90.000000,19.772798,8.666649,6.132371
2001,15.474777,13,0.614469,-30.000000,-30.000002,-30.000000,1.000000,0.000000,6000.000000,-303.911932,90.000000,19.771062,8.667602,6.132371
2002,15.486589,13,0.626282,-30.000000,-30.000002,-30.000000,1.000000,0.000000,6000.000000,-303.911932,90.000000,19.769277,8.668551,6.132371
2003,15.497877,13,0.637570,-30.000000,-30.000002,-30.000000,1.000000,0.000000,6000.000000,-303.911932,90.000000,19.768219,8.667580,6.132371
2004,15.509705,13,0.649398,-30.000000,-30.000002,-30.000000,1.000000,0.000000,6000.000000,-303.911932,90.000000,19.767110,8.666555,6.132371
2005,15.522375,13,0.662068,-30.000000,-30.000002,-30.000000,1.000000,0.000000,6000.000000,-303.911932,90.000000,19.765842,8.665785,6.132371
2006,15.535661,13,0.675353,-30.000000,-30.000002,-30.000000,1.000000,0.000000,6000.000000,-303.911932,90.000000,19.764207,8.666239,6.132371
2007,15.548760,13,0.688453,-30.000000,-30.000002,-30.000000,1.000000,0.000000,6000.000000,-303.911932,90.000000,19.762593,8.666676,6.132371
2008,15.562866,13,0.702559,-30.000000,-30.000002,-30.000000,1.000000,0.000000,6000.000000,-303.911932,90.000000,19.761891,8.666580,6.132371
2009,15.576645,13,0.716337,-30.000000,-30.000002,-30.000000,1.000000,0.000000,6000.000000,-303.911932,90.000000,19.761649,8.666238,6.132371
2010,15.590153,13,0.729846,-30.000000,-30.000002,-30.000000,1.000000,0.000000,6000.000000,-303.911932,90.000000,19.760398,8.665494,6.132371
2011,15.603709,13,0.743402,-30.000000,-30.000002,-30.000000,1.000000,0.000000,6000.000000,-303.911932,90.000000,19.756502,8.663671,6.132371
2012,15.617444,13,0.757137,-30.000000,-30.000002,-30.000000,1.000000,0.000000,6000.000000,-303.911932,90.000000,19.752566,8.661832,6.132371
2013,15.632244,13,0.771936,-30.000000,-30.000002,-30.000000,1.000000,0.000000,6000.000000,-303.911932,90.000000,19.750815,8.656589,6.132371
2014,15.645323,13,0.785016,-30.000000,-30.000002,-30.000000,1.000000,0.000000,6000.000000,-303.911932,90.000000,19.749663,8.651432,6.132371
2015,15.658177,13,0.797869,-30.000000,-30.000002,-30.000000,1.000000,0.000000,6000.000000,-303.911932,90.000000,19.750993,8.649376,6.132371
2016,15.672340,13,0.812033,-30.000000,-30.000002,-30.000000,1.000000,0.000000,6000.000000,-303.911932,90.000000,19.756528,8.652098,6.132371
2017,15.685641,13,0.825334,-30.000000,-30.000002,-30.000000,1.000000,0.000000,6000.000000,-303.911932,90.000000,19.761727,8.654657,6.132371
2018,15.699779,13,0.839472,-30.000000,-30.000002,-30.000000,1.000000,0.000000,6000.000000,-303.911932,90.000000,19.760931,8.661175,6.132371
2019,15.713658,13,0.853350,-30.000000,-30.000002,-30.000000,1.000000,0.000000,6000.000000,-303.911932,90.000000,19.759807,8.667782,6.132371
2020,15.726273,13,0.865966,-30.000000,-30.000002,-30.000000,1.000000,0.000000,6000.000000,-303.911932,90.000000,19.759968,8.670166,6.132371
2021,15.739266,13,0.878959,-30.000000,-30.000002,-30.000000,1.000000,0.000000,6000.000000,-303.911932,90.000000,19.761259,8.669178,6.132371
2022,15.753022,13,0.892715,-30.000000,-30.000002,-30.000000,1.000000,0.000000,6000.000000,-303.911932,90.000000,19.762625,8.668133,6.132371
2023,15.765668,13,0.905361,-30.000000,-30.000002,-30.000000,1.000000,0.000000,6000.000000,-303.911932,90.000000,19.762158,8.671284,6.132371
2024,15.778342,13,0.918035,-30.000000,-30.000002,-30.000000,1.000000,0.000000,6000.000000,-303.911932,90.000000,19.761690,8.674450,6.132371
2025,15.938861,13,1.078553,-30.000000,-30.000002,-30.000000,1.000000,0.000000,6000.000000,-303.911932,90.000000,19.761481,8.672583,6.132371
2026,15.946375,14,0.000000,-30.000000,-30.000002,-30.000000,1.000000,0.000000,6000.000000,-303.911932,90.000000,19.761469,8.671953,6.132371
2027,15.950967,14,0.004592,-30.000000,-30.000002,-30.000000,1.000000,0.000000,6000.000000,-303.911932,90.000000,19.761470,8.671571,6.132371
2028,15.962697,14,0.016322,-30.000000,-30.000002,-30.000000,1.000000,0.000000,6000.000000,-303.911932,90.000000,19.763753,8.672759,6.132371
2029,15.975942,14,0.029567,-30.000000,-30.000002,-30.000000,1.000000,0.000000,6000.000000,-303.911932,90.000000,19.766894,8.674618,6.132371
2030,15.988082,14,0.041707,-30.000000,-30.000002,-30.000000,1.000000,0.000000,6000.000000,-303.911932,90.000000,19.769275,8.676023,6.132371
2031,16.001339,14,0.054964,-30.000000,-30.000002,-30.000000,1.000000,0.000000,6000.000000,-303.911932,90.000000,19.768500,8.675545,6.132371
2032,16.013595,14,0.067220,-30.000000,-30.000002,-30.000000,1.000000,0.000000,6000.000000,-303.911932,90.000000,19.767790,8.675102,6.132371
2033,16.025810,14,0.079436,-30.000000,-30.000002,-30.000000,1.000000,0.000000,6000.000000,-303.911932,90.000000,19.765458,8.674697,6.132371
2034,16.038420,14,0.092046,-30.000000,-30.000002,-30.000000,1.000000,0.000000,6000.000000,-303.911932,90.000000,19.761389,8.674306,6.132371
2035,16.050470,14,0.104096,-30.000000,-30.000002,-30.000000,1.000000,0.000000,6000.000000,-303.911932,90.000000,19.757495,8.673934,6.132371
2036,16.063172,14,0.116797,-30.000000,-30.000002,-30.000000,1.000000,0.000000,6000.000000,-303.911932,90.000000,19.755496,8.672512,6.132371
2037,16.075347,14,0.128972,-30.000000,-30.000002,-30.000000,1.000000,0.000000,6000.000000,-303.911932,90.000000,19.754105,8.670900,6.132371
2038,16.087825,14,0.141450,-30.000000,-30.000002,-30.000000,1.000000,0.000000,6000.000000,-303.911932,90.000000,19.752203,8.669633,6.132371
2039,16.101607,14,0.155233,-30.000000,-30.000002,-30.000000,1.000000,0.000000,6000.000000,-303.911932,90.000000,19.746058,8.671440,6.132371
2040,16.113826,14,0.167451,-30.000000,-30.000002,-30.000000,1.000000,0.000000,6000.000000,-303.911932,90.000000,19.740612,8.673050,6.132371
2041,16.125484,14,0.179109,-30.000000,-30.000002,-30.000000,1.000000,0.000000,6000.000000,-303.911932,90.000000,19.739349,8.673618,6.132371
2042,16.137763,14,0.191389,-30.000000,-30.000002,-30.000000,1.000000,0.000000,6000.000000,-303.911932,90.000000,19.742260,8.673189,6.132371
2043,16.149632,15,0.000000,-30.000000,-30.000002,0.000000,0.000000,0.000000,6000.000000,-303.911932,90.000000,19.745072,8.672774,6.132371
2044,16.161148,15,0.011516,-30.000000,-30.000002,0.000000,0.000000,0.000000,6000.000000,-303.911932,90.000000,19.745072,8.672774,6.132371
2045,16.173639,15,0.024008,-30.000000,-30.000002,0.000000,0.000000,0.000000,6000.000000,-303.911932,90.000000,19.745072,8.672774,6.132371
2046,16.185604,15,0.035972,-30.000000,-30.000002,0.000000,0.000000,0.000000,6000.000000,-303.911932,90.000000,19.745072,8.672774,6.132371
2047,16.198976,15,0.049344,-30.000000,-30.000002,0.000000,0.000000,0.000000,6000.000000,-303.911932,90.000000,19.745072,8.672774,6.132371
2048,16.211804,15,0.062172,-30.000000,-30.000002,0.000000,0.000000,0.000000,6000.000000,-303.911932,90.000000,19.745072,8.672774,6.132371
2049,16.224520,15,0.074888,-30.000000,-30.000002,0.000000,0.000000,0.000000,6000.000000,-303.911932,90.000000,19.745072,8.672774,6.132371
2050,16.236280,15,0.086648,-30.000000,-30.000002,0.000000,0.000000,0.000000,6000.000000,-303.911932,90.000000,19.745072,8.672774,6.132371
2051,16.248131,15,0.098499,-30.000000,-30.000002,0.000000,0.000000,0.000000,6000.000000,-303.911932,90.000000,19.745072,8.672774,6.132371
2052,16.259640,15,0.110009,-30.000000,-30.000002,0.000000,0.000000,0.000000,6000.000000,-303.911932,90.000000,19.745072,8.672774,6.132371
2053,16.270883,15,0.121251,-30.000000,-30.000002,0.000000,0.000000,0.000000,6000.000000,-303.911932,90.000000,19.745072,8.672774,6.132371
2054,16.282113,15,0.132481,-30.000000,-30.000002,0.000000,0.000000,0.000000,6000.000000,-303.911932,90.000000,19.745072,8.672774,6.132371
2055,16.293530,15,0.143898,-30.000000,-30.000002,0.000000,0.000000,0.000000,6000.000000,-303.911932,90.000000,19.745072,8.672774,6.132371
2056,16.305889,15,0.156257,-30.000000,-30.000002,0.000000,0.000000,0.000000,6000.000000,-303.911932,90.000000,19.745072,8.672774,6.132371
2057,16.318286,15,0.168654,-30.000000,-30.000002,0.000000,0.000000,0.000000,6000.000000,-303.911932,90.000000,19.745072,8.672774,6.132371
2058,16.329774,15,0.180142,-30.000000,-30.000002,0.000000,0.000000,0.000000,6000.000000,-303.911932,90.000000,19.745072,8.672774,6.132371
2059,16.341735,15,0.192104,-30.000000,-30.000002,0.000000,0.000000,0.000000,6000.000000,-303.911932,90.000000,19.745072,8.672774,6.132371
2060,16.353069,15,0.203438,-30.000000,-30.000002,0.000000,0.000000,0.000000,6000.000000,-303.911932,90.000000,19.745072,8.672774,6.132371
2061,16.365837,15,0.216205,-30.000000,-30.000002,0.000000,0.000000,0.000000,6000.000000,-303.911932,90.000000,19.745072,8.672774,6.132371
2062,16.377814,15,0.228182,-30.000000,-30.000002,0.000000,0.000000,0.000000,6000.000000,-303.911932,90.000000,19.745072,8.672774,6.132371
2063,16.388424,15,0.238793,-30.000000,-30.000002,0.000000,0.000000,0.000000,6000.000000,-303.911932,90.000000,19.745072,8.672774,6.132371
2064,16.400360,15,0.250728,-30.000000,-30.000002,0.000000,0.000000,0.000000,6000.000000,-303.911932,90.000000,19.745072,8.672774,6.132371
2065,16.412182,15,0.262550,-30.000000,-30.000002,0.000000,0.000000,0.000000,6000.000000,-303.911932,90.000000,19.745072,8.672774,6.132371
2066,16.423646,15,0.274014,-30.000000,-30.000002,0.000000,0.000000,0.000000,6000.000000,-303.911932,90.000000,19.745072,8.672774,6.132371
2067,16.434812,15,0.285180,-30.000000,-30.000002,0.000000,0.000000,0.000000,6000.000000,-303.911932,90.000000,19.745072,8.672774,6.132371
2068,16.446341,15,0.296709,-30.000000,-30.000002,0.000000,0.000000,0.000000,6000.000000,-303.911932,90.000000,19.745072,8.672774,6.132371
