frame,wall_ms,sim_ms,gpu_ms,phase,shot_requested,x,y,z,yaw,ready,aa,screen_percentage,motion_blur_quality,dynamic_res,vsync,frame_cap
334,20.784051,310.710753,7.558000,1,0,0.0000,0.0000,88.0000,0.0000,0,4.0,100.00,0.0,0.0,0.0,0.0
335,15.950698,20.894453,7.558000,1,0,0.0000,0.0000,90.0000,0.0000,0,4.0,100.00,0.0,0.0,0.0,0.0
336,19.362858,15.897757,14.199000,1,0,0.0000,0.0000,90.0000,0.0000,0,4.0,100.00,0.0,0.0,0.0,0.0
337,19.777427,19.351727,6.540000,1,0,0.0000,0.0000,90.0000,0.0000,0,4.0,100.00,0.0,0.0,0.0,0.0
338,18.367934,19.762228,7.000000,1,0,6000.0000,-1000.0000,90.0000,0.0000,0,4.0,100.00,0.0,0.0,0.0,0.0
339,19.360569,18.362155,7.306000,1,0,6000.0000,-1000.0000,90.0000,0.0000,1,4.0,100.00,0.0,0.0,0.0,0.0
340,19.822518,19.411978,6.949000,1,0,6000.0000,-1000.0000,90.0000,0.0000,1,4.0,100.00,0.0,0.0,0.0,0.0
341,18.287812,19.894930,8.187000,1,0,6000.0000,-1000.0000,90.0000,0.0000,1,4.0,100.00,0.0,0.0,0.0,0.0
342,17.323841,18.269352,6.788000,1,0,6000.0000,-1000.0000,90.0000,0.0000,1,4.0,100.00,0.0,0.0,0.0,0.0
343,16.612174,17.247799,6.429000,1,0,6000.0000,-1000.0000,90.0000,0.0000,1,4.0,100.00,0.0,0.0,0.0,0.0
344,15.349155,16.671735,6.769000,1,0,6000.0000,-1000.0000,90.0000,0.0000,1,4.0,100.00,0.0,0.0,0.0,0.0
345,13.659956,15.253623,6.674000,1,0,6000.0000,-1000.0000,90.0000,0.0000,1,4.0,100.00,0.0,0.0,0.0,0.0
346,14.059055,13.687196,6.300000,1,0,6000.0000,-1000.0000,90.0000,0.0000,1,4.0,100.00,0.0,0.0,0.0,0.0
347,14.899694,14.096046,6.305000,1,0,6000.0000,-1000.0000,90.0000,0.0000,1,4.0,100.00,0.0,0.0,0.0,0.0
348,15.643151,14.900795,6.319000,1,0,6000.0000,-1000.0000,90.0000,0.0000,1,4.0,100.00,0.0,0.0,0.0,0.0
349,14.885564,15.677603,6.627000,1,0,6000.0000,-1000.0000,90.0000,0.0000,1,4.0,100.00,0.0,0.0,0.0,0.0
350,15.789606,14.810271,6.567000,1,0,6000.0000,-1000.0000,90.0000,0.0000,1,4.0,100.00,0.0,0.0,0.0,0.0
351,16.190134,15.786985,6.584000,1,0,6000.0000,-1000.0000,90.0000,0.0000,1,4.0,100.00,0.0,0.0,0.0,0.0
352,17.226508,16.234985,6.618000,1,0,6000.0000,-1000.0000,90.0000,0.0000,1,4.0,100.00,0.0,0.0,0.0,0.0
353,14.447794,17.204799,6.480000,1,0,6000.0000,-1000.0000,90.0000,0.0000,1,4.0,100.00,0.0,0.0,0.0,0.0
354,14.375512,14.472804,6.442000,1,0,6000.0000,-1000.0000,90.0000,0.0000,1,4.0,100.00,0.0,0.0,0.0,0.0
355,15.452898,14.316751,6.624000,1,0,6000.0000,-1000.0000,90.0000,0.0000,1,4.0,100.00,0.0,0.0,0.0,0.0
356,14.956486,15.488328,6.514000,1,0,6000.0000,-1000.0000,90.0000,0.0000,1,4.0,100.00,0.0,0.0,0.0,0.0
357,15.109949,14.973956,6.273000,1,0,6000.0000,-1000.0000,90.0000,0.0000,1,4.0,100.00,0.0,0.0,0.0,0.0
358,14.740050,15.113500,6.096000,1,0,6000.0000,-1000.0000,90.0000,0.0000,1,4.0,100.00,0.0,0.0,0.0,0.0
359,14.255480,14.693200,6.182000,1,0,6000.0000,-1000.0000,90.0000,0.0000,1,4.0,100.00,0.0,0.0,0.0,0.0
360,15.307834,14.292720,6.184000,1,0,6000.0000,-1000.0000,90.0000,0.0000,1,4.0,100.00,0.0,0.0,0.0,0.0
361,14.490444,15.320273,6.127000,1,0,6000.0000,-1000.0000,90.0000,0.0000,1,4.0,100.00,0.0,0.0,0.0,0.0
362,13.076673,14.485416,6.127000,1,0,6000.0000,-1000.0000,90.0000,0.0000,1,4.0,100.00,0.0,0.0,0.0,0.0
363,14.565066,13.117913,6.587000,1,0,6000.0000,-1000.0000,90.0000,0.0000,1,4.0,100.00,0.0,0.0,0.0,0.0
364,15.100169,14.514895,6.227000,1,0,6000.0000,-1000.0000,90.0000,0.0000,1,4.0,100.00,0.0,0.0,0.0,0.0
365,15.086899,15.128321,6.280000,1,0,6000.0000,-1000.0000,90.0000,0.0000,1,4.0,100.00,0.0,0.0,0.0,0.0
366,15.279814,15.099309,6.297000,1,0,6000.0000,-1000.0000,90.0000,0.0000,1,4.0,100.00,0.0,0.0,0.0,0.0
367,16.677215,15.249232,6.234000,1,0,6000.0000,-1000.0000,90.0000,0.0000,1,4.0,100.00,0.0,0.0,0.0,0.0
368,14.414824,16.623373,6.317000,1,0,6000.0000,-1000.0000,90.0000,0.0000,1,4.0,100.00,0.0,0.0,0.0,0.0
369,15.655631,14.462165,6.322000,1,0,6000.0000,-1000.0000,90.0000,0.0000,1,4.0,100.00,0.0,0.0,0.0,0.0
370,13.969243,15.650982,6.268000,1,0,6000.0000,-1000.0000,90.0000,0.0000,1,4.0,100.00,0.0,0.0,0.0,0.0
371,15.845546,13.922411,6.226000,1,0,6000.0000,-1000.0000,90.0000,0.0000,1,4.0,100.00,0.0,0.0,0.0,0.0
372,15.538320,15.852537,6.379000,1,0,6000.0000,-1000.0000,90.0000,0.0000,1,4.0,100.00,0.0,0.0,0.0,0.0
373,14.984166,15.607921,6.293000,1,0,6000.0000,-1000.0000,90.0000,0.0000,1,4.0,100.00,0.0,0.0,0.0,0.0
374,14.672639,14.966376,6.153000,1,0,6000.0000,-1000.0000,90.0000,0.0000,1,4.0,100.00,0.0,0.0,0.0,0.0
375,14.885404,14.645059,6.201000,1,0,6000.0000,-1000.0000,90.0000,0.0000,1,4.0,100.00,0.0,0.0,0.0,0.0
376,14.126887,14.866923,6.154000,1,0,6000.0000,-1000.0000,90.0000,0.0000,1,4.0,100.00,0.0,0.0,0.0,0.0
377,15.088138,14.118137,6.200000,1,0,6000.0000,-1000.0000,90.0000,0.0000,1,4.0,100.00,0.0,0.0,0.0,0.0
378,13.951513,15.102109,6.268000,1,0,6000.0000,-1000.0000,90.0000,0.0000,1,4.0,100.00,0.0,0.0,0.0,0.0
379,14.910455,13.931012,6.338000,1,0,6000.0000,-1000.0000,90.0000,0.0000,1,4.0,100.00,0.0,0.0,0.0,0.0
380,13.961982,14.918464,6.232000,1,0,6000.0000,-1000.0000,90.0000,0.0000,1,4.0,100.00,0.0,0.0,0.0,0.0
381,14.731091,13.952103,6.240000,1,0,6000.0000,-1000.0000,90.0000,0.0000,1,4.0,100.00,0.0,0.0,0.0,0.0
382,14.061295,14.735601,6.151000,1,0,6000.0000,-1000.0000,90.0000,0.0000,1,4.0,100.00,0.0,0.0,0.0,0.0
383,13.458241,14.095205,6.177000,1,0,6000.0000,-1000.0000,90.0000,0.0000,1,4.0,100.00,0.0,0.0,0.0,0.0
384,14.893494,13.422221,6.238000,1,0,6000.0000,-1000.0000,90.0000,0.0000,1,4.0,100.00,0.0,0.0,0.0,0.0
385,13.592595,14.919185,6.315000,1,0,6000.0000,-1000.0000,90.0000,0.0000,1,4.0,100.00,0.0,0.0,0.0,0.0
386,16.356848,13.581454,6.220000,1,0,6000.0000,-1000.0000,90.0000,0.0000,1,4.0,100.00,0.0,0.0,0.0,0.0
387,14.613628,16.356417,6.424000,1,0,6000.0000,-1000.0000,90.0000,0.0000,1,4.0,100.00,0.0,0.0,0.0,0.0
388,14.878984,14.600268,6.237000,1,0,6000.0000,-1000.0000,90.0000,0.0000,1,4.0,100.00,0.0,0.0,0.0,0.0
389,14.495494,14.883284,6.276000,1,0,6000.0000,-1000.0000,90.0000,0.0000,1,4.0,100.00,0.0,0.0,0.0,0.0
390,17.058025,14.489585,6.253000,1,0,6000.0000,-1000.0000,90.0000,0.0000,1,4.0,100.00,0.0,0.0,0.0,0.0
391,14.393493,17.057584,6.277000,1,0,6000.0000,-1000.0000,90.0000,0.0000,1,4.0,100.00,0.0,0.0,0.0,0.0
392,14.887744,14.423274,6.223000,1,0,6000.0000,-1000.0000,90.0000,0.0000,1,4.0,100.00,0.0,0.0,0.0,0.0
393,14.510835,14.885174,6.333000,1,0,6000.0000,-1000.0000,90.0000,0.0000,1,4.0,100.00,0.0,0.0,0.0,0.0
394,14.697230,14.477534,6.200000,1,0,6000.0000,-1000.0000,90.0000,0.0000,1,4.0,100.00,0.0,0.0,0.0,0.0
395,14.021054,14.706641,6.185000,1,0,6000.0000,-1000.0000,90.0000,0.0000,1,4.0,100.00,0.0,0.0,0.0,0.0
396,14.591657,14.029754,6.287000,1,0,6000.0000,-1000.0000,90.0000,0.0000,1,4.0,100.00,0.0,0.0,0.0,0.0
397,15.100509,14.597218,6.259000,1,0,6000.0000,-1000.0000,90.0000,0.0000,1,4.0,100.00,0.0,0.0,0.0,0.0
398,14.375593,15.028827,6.304000,1,0,6000.0000,-1000.0000,90.0000,0.0000,1,4.0,100.00,0.0,0.0,0.0,0.0
399,15.550259,14.359442,6.251000,1,0,6000.0000,-1000.0000,90.0000,0.0000,1,4.0,100.00,0.0,0.0,0.0,0.0
400,14.676969,15.844166,6.281000,1,0,6000.0000,-1000.0000,90.0000,0.0000,1,4.0,100.00,0.0,0.0,0.0,0.0
401,15.568881,14.478984,6.189000,1,0,6000.0000,-1000.0000,90.0000,0.0000,1,4.0,100.00,0.0,0.0,0.0,0.0
402,15.502628,15.607872,6.342000,1,0,6000.0000,-1000.0000,90.0000,0.0000,1,4.0,100.00,0.0,0.0,0.0,0.0
403,14.588727,15.436046,6.187000,1,0,6000.0000,-1000.0000,90.0000,0.0000,1,4.0,100.00,0.0,0.0,0.0,0.0
404,15.459517,14.655629,6.263000,1,0,6000.0000,-1000.0000,90.0000,0.0000,1,4.0,100.00,0.0,0.0,0.0,0.0
405,14.200798,15.366695,6.244000,1,0,6000.0000,-1000.0000,90.0000,0.0000,1,4.0,100.00,0.0,0.0,0.0,0.0
406,14.308222,14.199458,6.113000,1,0,6000.0000,-1000.0000,90.0000,0.0000,1,4.0,100.00,0.0,0.0,0.0,0.0
407,14.206868,14.530446,6.229000,1,0,6000.0000,-1000.0000,90.0000,0.0000,1,4.0,100.00,0.0,0.0,0.0,0.0
408,15.245272,14.023365,6.193000,1,0,6000.0000,-1000.0000,90.0000,0.0000,1,4.0,100.00,0.0,0.0,0.0,0.0
409,15.160360,15.235011,6.193000,1,0,6000.0000,-1000.0000,90.0000,0.0000,1,4.0,100.00,0.0,0.0,0.0,0.0
410,14.249160,15.195742,6.198000,1,0,6000.0000,-1000.0000,90.0000,0.0000,1,4.0,100.00,0.0,0.0,0.0,0.0
411,14.256910,14.249130,6.169000,1,0,6000.0000,-1000.0000,90.0000,0.0000,1,4.0,100.00,0.0,0.0,0.0,0.0
412,14.550396,14.250769,6.145000,1,0,6000.0000,-1000.0000,90.0000,0.0000,1,4.0,100.00,0.0,0.0,0.0,0.0
413,14.014634,14.621378,6.257000,1,0,6000.0000,-1000.0000,90.0000,0.0000,1,4.0,100.00,0.0,0.0,0.0,0.0
414,14.456294,13.935761,6.234000,1,0,6000.0000,-1000.0000,90.0000,0.0000,1,4.0,100.00,0.0,0.0,0.0,0.0
415,16.280346,14.440115,6.583000,1,0,6000.0000,-1000.0000,90.0000,0.0000,1,4.0,100.00,0.0,0.0,0.0,0.0
416,16.182074,16.300056,6.530000,1,0,6000.0000,-1000.0000,90.0000,0.0000,1,4.0,100.00,0.0,0.0,0.0,0.0
417,14.214929,16.403210,6.417000,1,0,6000.0000,-1000.0000,90.0000,0.0000,1,4.0,100.00,0.0,0.0,0.0,0.0
418,14.956775,14.021914,6.413000,1,0,6000.0000,-1000.0000,90.0000,0.0000,1,4.0,100.00,0.0,0.0,0.0,0.0
419,15.559840,14.951176,6.432000,1,0,6000.0000,-1000.0000,90.0000,0.0000,1,4.0,100.00,0.0,0.0,0.0,0.0
420,17.520905,15.526988,6.467000,1,0,6000.0000,-1000.0000,90.0000,0.0000,1,4.0,100.00,0.0,0.0,0.0,0.0
421,15.426037,17.595497,6.548000,1,0,6000.0000,-1000.0000,90.0000,0.0000,1,4.0,100.00,0.0,0.0,0.0,0.0
422,15.248792,15.378065,6.415000,1,0,6000.0000,-1000.0000,90.0000,0.0000,1,4.0,100.00,0.0,0.0,0.0,0.0
423,15.576971,15.225542,6.171000,1,0,6000.0000,-1000.0000,90.0000,0.0000,1,4.0,100.00,0.0,0.0,0.0,0.0
424,15.542499,15.569590,6.227000,1,0,6000.0000,-1000.0000,90.0000,0.0000,1,4.0,100.00,0.0,0.0,0.0,0.0
425,15.597511,15.591840,6.154000,1,0,6000.0000,-1000.0000,90.0000,0.0000,1,4.0,100.00,0.0,0.0,0.0,0.0
426,14.540475,15.555510,6.163000,1,0,6000.0000,-1000.0000,90.0000,0.0000,1,4.0,100.00,0.0,0.0,0.0,0.0
427,18.944808,14.554237,6.175000,1,0,6000.0000,-1000.0000,90.0000,0.0000,1,4.0,100.00,0.0,0.0,0.0,0.0
428,16.761368,18.961797,6.225000,1,0,6000.0000,-1000.0000,90.0000,0.0000,1,4.0,100.00,0.0,0.0,0.0,0.0
429,15.732744,16.715167,6.537000,1,0,6000.0000,-1000.0000,90.0000,0.0000,1,4.0,100.00,0.0,0.0,0.0,0.0
430,15.092178,15.712624,6.271000,1,0,6000.0000,-1000.0000,90.0000,0.0000,1,4.0,100.00,0.0,0.0,0.0,0.0
431,14.559936,15.153960,6.188000,1,0,6000.0000,-1000.0000,90.0000,0.0000,1,4.0,100.00,0.0,0.0,0.0,0.0
432,15.336806,14.580577,6.208000,1,0,6000.0000,-1000.0000,90.0000,0.0000,1,4.0,100.00,0.0,0.0,0.0,0.0
433,16.860469,15.322304,6.309000,1,0,6000.0000,-1000.0000,90.0000,0.0000,1,4.0,100.00,0.0,0.0,0.0,0.0
434,15.143160,16.807719,6.168000,1,0,6000.0000,-1000.0000,90.0000,0.0000,1,4.0,100.00,0.0,0.0,0.0,0.0
435,13.684376,15.135609,6.424000,1,0,6000.0000,-1000.0000,90.0000,0.0000,1,4.0,100.00,0.0,0.0,0.0,0.0
436,13.338019,13.701067,6.127000,1,0,6000.0000,-1000.0000,90.0000,0.0000,1,4.0,100.00,0.0,0.0,0.0,0.0
437,13.591873,13.312198,6.150000,1,0,6000.0000,-1000.0000,90.0000,0.0000,1,4.0,100.00,0.0,0.0,0.0,0.0
438,13.896432,13.573763,6.148000,1,0,6000.0000,-1000.0000,90.0000,0.0000,1,4.0,100.00,0.0,0.0,0.0,0.0
439,13.700857,13.861451,6.390000,1,0,6000.0000,-1000.0000,90.0000,0.0000,1,4.0,100.00,0.0,0.0,0.0,0.0
440,13.140793,13.730507,6.223000,1,0,6000.0000,-1000.0000,90.0000,0.0000,1,4.0,100.00,0.0,0.0,0.0,0.0
441,13.865921,13.092053,6.087000,1,0,6000.0000,-1000.0000,90.0000,0.0000,1,4.0,100.00,0.0,0.0,0.0,0.0
442,13.488591,14.042914,6.165000,1,0,6000.0000,-1000.0000,90.0000,0.0000,1,4.0,100.00,0.0,0.0,0.0,0.0
443,13.072452,13.485363,6.499000,1,0,6000.0000,-1000.0000,90.0000,0.0000,1,4.0,100.00,0.0,0.0,0.0,0.0
444,13.807580,12.955559,6.138000,1,0,6000.0000,-1000.0000,90.0000,0.0000,1,4.0,100.00,0.0,0.0,0.0,0.0
445,13.483852,13.824889,6.174000,1,0,6000.0000,-1000.0000,90.0000,0.0000,1,4.0,100.00,0.0,0.0,0.0,0.0
446,13.714346,13.467492,6.140000,1,0,6000.0000,-1000.0000,90.0000,0.0000,1,4.0,100.00,0.0,0.0,0.0,0.0
447,13.731658,13.718227,6.071000,1,0,6000.0000,-1000.0000,90.0000,0.0000,1,4.0,100.00,0.0,0.0,0.0,0.0
448,13.579064,13.729827,6.248000,1,0,6000.0000,-1000.0000,90.0000,0.0000,1,4.0,100.00,0.0,0.0,0.0,0.0
449,13.284457,13.603364,6.086000,1,0,6000.0000,-1000.0000,90.0000,0.0000,1,4.0,100.00,0.0,0.0,0.0,0.0
450,13.892631,13.276297,6.152000,1,0,6000.0000,-1000.0000,90.0000,0.0000,1,4.0,100.00,0.0,0.0,0.0,0.0
451,14.338701,13.936982,6.205000,1,0,6000.0000,-1000.0000,90.0000,0.0000,1,4.0,100.00,0.0,0.0,0.0,0.0
452,14.329272,14.365362,6.134000,1,0,6000.0000,-1000.0000,90.0000,0.0000,1,4.0,100.00,0.0,0.0,0.0,0.0
453,14.783751,14.269301,6.106000,1,0,6000.0000,-1000.0000,90.0000,0.0000,1,4.0,100.00,0.0,0.0,0.0,0.0
454,12.485479,14.818502,6.212000,1,0,6000.0000,-1000.0000,90.0000,0.0000,1,4.0,100.00,0.0,0.0,0.0,0.0
455,12.419577,12.524719,6.090000,1,0,6000.0000,-1000.0000,90.0000,0.0000,1,4.0,100.00,0.0,0.0,0.0,0.0
456,13.744428,12.399186,6.077000,1,0,6000.0000,-1000.0000,90.0000,0.0000,1,4.0,100.00,0.0,0.0,0.0,0.0
457,11.552756,13.726548,6.165000,1,0,6000.0000,-1000.0000,90.0000,0.0000,1,4.0,100.00,0.0,0.0,0.0,0.0
458,11.074567,11.540047,6.128000,1,0,6000.0000,-1000.0000,90.0000,0.0000,1,4.0,100.00,0.0,0.0,0.0,0.0
459,10.988604,11.090376,5.991000,1,0,6000.0000,-1000.0000,90.0000,0.0000,1,4.0,100.00,0.0,0.0,0.0,0.0
460,11.278681,10.996305,6.177000,1,0,6000.0000,-1000.0000,90.0000,0.0000,1,4.0,100.00,0.0,0.0,0.0,0.0
461,10.588734,11.241279,6.149000,1,0,6000.0000,-1000.0000,90.0000,0.0000,1,4.0,100.00,0.0,0.0,0.0,0.0
462,10.459812,10.537114,6.115000,1,0,6000.0000,-1000.0000,90.0000,0.0000,1,4.0,100.00,0.0,0.0,0.0,0.0
463,11.744732,10.460062,6.046000,1,0,6000.0000,-1000.0000,90.0000,0.0000,1,4.0,100.00,0.0,0.0,0.0,0.0
464,11.565857,11.750241,6.204000,1,0,6000.0000,-1000.0000,90.0000,0.0000,1,4.0,100.00,0.0,0.0,0.0,0.0
465,11.844904,11.546527,6.066000,1,0,6000.0000,-1000.0000,90.0000,0.0000,1,4.0,100.00,0.0,0.0,0.0,0.0
466,12.949469,11.839124,5.925000,1,0,6000.0000,-1000.0000,90.0000,0.0000,1,4.0,100.00,0.0,0.0,0.0,0.0
467,13.534832,13.092092,6.113000,1,0,6000.0000,-1000.0000,90.0000,0.0000,1,4.0,100.00,0.0,0.0,0.0,0.0
468,13.872671,13.453142,6.158000,1,0,6000.0000,-1000.0000,90.0000,0.0000,1,4.0,100.00,0.0,0.0,0.0,0.0
469,13.076162,13.847330,6.161000,1,0,6000.0000,-1000.0000,90.0000,0.0000,1,4.0,100.00,0.0,0.0,0.0,0.0
470,13.040632,13.068202,6.137000,1,0,6000.0000,-1000.0000,90.0000,0.0000,1,4.0,100.00,0.0,0.0,0.0,0.0
471,12.358036,13.042981,6.185000,1,0,6000.0000,-1000.0000,90.0000,0.0000,1,4.0,100.00,0.0,0.0,0.0,0.0
472,13.897011,12.356416,5.981000,1,0,6000.0000,-1000.0000,90.0000,0.0000,1,4.0,100.00,0.0,0.0,0.0,0.0
473,12.542590,13.948802,6.193000,1,0,6000.0000,-1000.0000,90.0000,0.0000,1,4.0,100.00,0.0,0.0,0.0,0.0
474,13.501572,12.520869,5.999000,1,0,6000.0000,-1000.0000,90.0000,0.0000,1,4.0,100.00,0.0,0.0,0.0,0.0
475,12.828717,13.478312,6.169000,1,0,6000.0000,-1000.0000,90.0000,0.0000,1,4.0,100.00,0.0,0.0,0.0,0.0
476,13.155884,12.844667,6.181000,1,0,6000.0000,-1000.0000,90.0000,0.0000,1,4.0,100.00,0.0,0.0,0.0,0.0
477,13.688956,13.159224,6.074000,1,0,6000.0000,-1000.0000,90.0000,0.0000,1,4.0,100.00,0.0,0.0,0.0,0.0
478,13.223076,13.683477,6.081000,1,0,6000.0000,-1000.0000,90.0000,0.0000,1,4.0,100.00,0.0,0.0,0.0,0.0
479,13.627835,13.215315,6.176000,1,0,6000.0000,-1000.0000,90.0000,0.0000,1,4.0,100.00,0.0,0.0,0.0,0.0
480,14.381423,13.629114,6.481000,1,0,6000.0000,-1000.0000,90.0000,0.0000,1,4.0,100.00,0.0,0.0,0.0,0.0
481,13.747087,14.379063,6.507000,1,0,6000.0000,-1000.0000,90.0000,0.0000,1,4.0,100.00,0.0,0.0,0.0,0.0
482,14.244700,13.745368,6.475000,1,0,6000.0000,-1000.0000,90.0000,0.0000,1,4.0,100.00,0.0,0.0,0.0,0.0
483,14.004483,14.237879,6.410000,1,0,6000.0000,-1000.0000,90.0000,0.0000,1,4.0,100.00,0.0,0.0,0.0,0.0
484,14.010184,14.013164,6.423000,1,0,6000.0000,-1000.0000,90.0000,0.0000,1,4.0,100.00,0.0,0.0,0.0,0.0
485,15.403846,14.005054,6.620000,1,0,6000.0000,-1000.0000,90.0000,0.0000,1,4.0,100.00,0.0,0.0,0.0,0.0
486,14.216238,15.451777,6.554000,1,0,6000.0000,-1000.0000,90.0000,0.0000,1,4.0,100.00,0.0,0.0,0.0,0.0
487,13.470342,14.171737,6.512000,1,0,6000.0000,-1000.0000,90.0000,0.0000,1,4.0,100.00,0.0,0.0,0.0,0.0
488,13.360859,13.471252,6.241000,1,0,6000.0000,-1000.0000,90.0000,0.0000,1,4.0,100.00,0.0,0.0,0.0,0.0
489,10.625656,13.254716,6.038000,1,0,6000.0000,-1000.0000,90.0000,0.0000,1,4.0,100.00,0.0,0.0,0.0,0.0
490,10.866490,10.885762,6.164000,1,0,6000.0000,-1000.0000,90.0000,0.0000,1,4.0,100.00,0.0,0.0,0.0,0.0
491,14.333242,10.647306,6.083000,1,0,6000.0000,-1000.0000,90.0000,0.0000,1,4.0,100.00,0.0,0.0,0.0,0.0
492,12.195542,14.367282,6.163000,1,0,6000.0000,-1000.0000,90.0000,0.0000,1,4.0,100.00,0.0,0.0,0.0,0.0
493,11.007264,12.189791,6.337000,1,0,6000.0000,-1000.0000,90.0000,0.0000,1,4.0,100.00,0.0,0.0,0.0,0.0
494,10.494672,11.181209,5.883000,1,0,6000.0000,-1000.0000,90.0000,0.0000,1,4.0,100.00,0.0,0.0,0.0,0.0
495,10.552004,10.334669,6.011000,1,0,6000.0000,-1000.0000,90.0000,0.0000,1,4.0,100.00,0.0,0.0,0.0,0.0
496,10.391550,10.547803,6.181000,1,0,6000.0000,-1000.0000,90.0000,0.0000,1,4.0,100.00,0.0,0.0,0.0,0.0
497,10.576745,10.381491,6.051000,1,0,6000.0000,-1000.0000,90.0000,0.0000,1,4.0,100.00,0.0,0.0,0.0,0.0
498,10.248577,10.582164,6.201000,1,0,6000.0000,-1000.0000,90.0000,0.0000,1,4.0,100.00,0.0,0.0,0.0,0.0
499,9.937609,10.303068,6.145000,1,0,6000.0000,-1000.0000,90.0000,0.0000,1,4.0,100.00,0.0,0.0,0.0,0.0
500,10.560785,9.946330,6.004000,1,0,6000.0000,-1000.0000,90.0000,0.0000,1,4.0,100.00,0.0,0.0,0.0,0.0
501,12.629211,10.554014,6.212000,1,0,6000.0000,-1000.0000,90.0000,0.0000,1,4.0,100.00,0.0,0.0,0.0,0.0
502,12.825197,12.632513,5.989000,1,0,6000.0000,-1000.0000,90.0000,0.0000,1,4.0,100.00,0.0,0.0,0.0,0.0
503,12.701204,12.792815,6.152000,1,0,6000.0000,-1000.0000,90.0000,0.0000,1,4.0,100.00,0.0,0.0,0.0,0.0
504,14.696350,12.762425,6.186000,1,0,6000.0000,-1000.0000,90.0000,0.0000,1,4.0,100.00,0.0,0.0,0.0,0.0
505,14.237609,14.671429,5.967000,1,0,6000.0000,-1000.0000,90.0000,0.0000,1,4.0,100.00,0.0,0.0,0.0,0.0
506,12.723024,14.211058,6.129000,1,0,6000.0000,-1000.0000,90.0000,0.0000,1,4.0,100.00,0.0,0.0,0.0,0.0
507,12.463137,12.741615,6.089000,1,0,6000.0000,-1000.0000,90.0000,0.0000,1,4.0,100.00,0.0,0.0,0.0,0.0
508,13.409310,12.540670,6.087000,1,0,6000.0000,-1000.0000,90.0000,0.0000,1,4.0,100.00,0.0,0.0,0.0,0.0
509,13.489222,13.378519,6.183000,1,0,6000.0000,-1000.0000,90.0000,0.0000,1,4.0,100.00,0.0,0.0,0.0,0.0
510,12.662843,13.513452,6.131000,1,0,6000.0000,-1000.0000,90.0000,0.0000,1,4.0,100.00,0.0,0.0,0.0,0.0
511,12.956749,12.629163,5.894000,1,0,6000.0000,-1000.0000,90.0000,0.0000,1,4.0,100.00,0.0,0.0,0.0,0.0
512,12.688553,12.953109,6.124000,1,0,6000.0000,-1000.0000,90.0000,0.0000,1,4.0,100.00,0.0,0.0,0.0,0.0
513,12.360517,12.686992,5.851000,1,0,6000.0000,-1000.0000,90.0000,0.0000,1,4.0,100.00,0.0,0.0,0.0,0.0
514,11.547806,12.398138,6.075000,1,0,6000.0000,-1000.0000,90.0000,0.0000,1,4.0,100.00,0.0,0.0,0.0,0.0
515,11.853784,11.550596,6.010000,1,0,6000.0000,-1000.0000,90.0000,0.0000,1,4.0,100.00,0.0,0.0,0.0,0.0
516,9.831248,11.868115,5.855000,1,0,6000.0000,-1000.0000,90.0000,0.0000,1,4.0,100.00,0.0,0.0,0.0,0.0
517,10.747117,9.659553,6.157000,1,0,6000.0000,-1000.0000,90.0000,0.0000,1,4.0,100.00,0.0,0.0,0.0,0.0
518,9.897579,10.738529,6.157000,1,0,6000.0000,-1000.0000,90.0000,0.0000,1,4.0,100.00,0.0,0.0,0.0,0.0
519,12.493679,9.919979,6.064000,1,0,6000.0000,-1000.0000,90.0000,0.0000,1,4.0,100.00,0.0,0.0,0.0,0.0
520,11.197709,12.516239,6.136000,1,0,6000.0000,-1000.0000,90.0000,0.0000,1,4.0,100.00,0.0,0.0,0.0,0.0
521,11.492756,11.344912,6.102000,1,0,6000.0000,-1000.0000,90.0000,0.0000,1,4.0,100.00,0.0,0.0,0.0,0.0
522,10.682347,11.480716,6.102000,1,0,6000.0000,-1000.0000,90.0000,0.0000,1,4.0,100.00,0.0,0.0,0.0,0.0
523,10.993274,10.657686,6.172000,1,0,6000.0000,-1000.0000,90.0000,0.0000,1,4.0,100.00,0.0,0.0,0.0,0.0
524,10.997794,11.041065,6.130000,1,0,6000.0000,-1000.0000,90.0000,0.0000,1,4.0,100.00,0.0,0.0,0.0,0.0
525,9.920349,10.975224,6.031000,2,0,6000.0000,-1000.0000,90.0000,0.0000,1,4.0,100.00,0.0,0.0,0.0,0.0
526,11.130757,9.897138,6.029000,2,0,6000.0000,-1000.0000,90.0000,0.0000,1,4.0,100.00,0.0,0.0,0.0,0.0
527,9.980491,11.059545,6.218000,2,0,6000.0000,-1000.0000,90.0000,0.0000,1,4.0,100.00,0.0,0.0,0.0,0.0
528,10.351900,10.020953,6.149000,2,0,6000.0000,-1000.0000,90.0000,0.0000,1,4.0,100.00,0.0,0.0,0.0,0.0
529,10.656006,10.366649,5.882000,2,0,6000.0000,-1000.0000,90.0000,0.0000,1,4.0,100.00,0.0,0.0,0.0,0.0
530,11.218019,10.644687,6.129000,2,0,6000.0000,-1000.0000,90.0000,0.0000,1,4.0,100.00,0.0,0.0,0.0,0.0
531,13.395120,11.203809,6.071000,2,0,6000.0000,-1000.0000,90.0000,0.0000,1,4.0,100.00,0.0,0.0,0.0,0.0
532,13.755688,13.364738,6.182000,2,0,6000.0000,-1000.0000,90.0000,0.0000,1,4.0,100.00,0.0,0.0,0.0,0.0
533,10.851540,13.655636,6.087000,2,0,6000.0000,-1000.0000,90.0000,0.0000,1,4.0,100.00,0.0,0.0,0.0,0.0
534,11.491386,10.831551,6.087000,2,0,6000.0000,-1000.0000,90.0000,0.0000,1,4.0,100.00,0.0,0.0,0.0,0.0
535,12.661323,11.502775,6.160000,2,0,6000.0000,-1000.0000,90.0000,0.0000,1,4.0,100.00,0.0,0.0,0.0,0.0
536,12.550420,12.692624,6.110000,2,0,6000.0000,-1000.0000,90.0000,0.0000,1,4.0,100.00,0.0,0.0,0.0,0.0
537,10.313688,12.502458,6.110000,2,0,6000.0000,-1000.0000,90.0000,0.0000,1,4.0,100.00,0.0,0.0,0.0,0.0
538,12.968130,10.321679,6.097000,2,0,6000.0000,-1000.0000,90.0000,0.0000,1,4.0,100.00,0.0,0.0,0.0,0.0
539,13.943422,12.952589,6.184000,2,0,6000.0000,-1000.0000,90.0000,0.0000,1,4.0,100.00,0.0,0.0,0.0,0.0
540,12.937399,13.942082,5.999000,2,0,6000.0000,-1000.0000,90.0000,0.0000,1,4.0,100.00,0.0,0.0,0.0,0.0
541,13.222495,13.013471,5.858000,2,0,6000.0000,-1000.0000,90.0000,0.0000,1,4.0,100.00,0.0,0.0,0.0,0.0
542,13.618576,13.201326,6.133000,2,0,6000.0000,-1000.0000,90.0000,0.0000,1,4.0,100.00,0.0,0.0,0.0,0.0
543,12.916548,13.614274,6.182000,2,0,6000.0000,-1000.0000,90.0000,0.0000,1,4.0,100.00,0.0,0.0,0.0,0.0
544,13.923492,12.908428,6.171000,2,0,6000.0000,-1000.0000,90.0000,0.0000,1,4.0,100.00,0.0,0.0,0.0,0.0
545,14.097056,13.955393,6.436000,2,0,6000.0000,-1000.0000,90.0000,0.0000,1,4.0,100.00,0.0,0.0,0.0,0.0
546,12.061619,14.075815,6.479000,2,0,6000.0000,-1000.0000,90.0000,0.0000,1,4.0,100.00,0.0,0.0,0.0,0.0
547,11.453215,12.193262,6.464000,2,0,6000.0000,-1000.0000,90.0000,0.0000,1,4.0,100.00,0.0,0.0,0.0,0.0
548,12.477948,11.385994,6.444000,2,0,6000.0000,-1000.0000,90.0000,0.0000,1,4.0,100.00,0.0,0.0,0.0,0.0
549,11.781402,12.469697,6.561000,2,0,6000.0000,-1000.0000,90.0000,0.0000,1,4.0,100.00,0.0,0.0,0.0,0.0
550,11.562627,11.847354,6.561000,2,0,6000.0000,-1000.0000,90.0000,0.0000,1,4.0,100.00,0.0,0.0,0.0,0.0
551,11.350753,11.551918,6.486000,2,0,6000.0000,-1000.0000,90.0000,0.0000,1,4.0,100.00,0.0,0.0,0.0,0.0
552,10.912232,11.350602,6.489000,2,0,6000.0000,-1000.0000,90.0000,0.0000,1,4.0,100.00,0.0,0.0,0.0,0.0
553,10.714227,10.860561,6.087000,2,0,6000.0000,-1000.0000,90.0000,0.0000,1,4.0,100.00,0.0,0.0,0.0,0.0
554,10.292509,10.792520,6.128000,2,0,6000.0000,-1000.0000,90.0000,0.0000,1,4.0,100.00,0.0,0.0,0.0,0.0
555,11.550706,10.256106,6.074000,2,0,6000.0000,-1000.0000,90.0000,0.0000,1,4.0,100.00,0.0,0.0,0.0,0.0
556,12.288534,11.525876,6.212000,2,0,6000.0000,-1000.0000,90.0000,0.0000,1,4.0,100.00,0.0,0.0,0.0,0.0
557,11.008524,12.339256,6.032000,2,0,6000.0000,-1000.0000,90.0000,0.0000,1,4.0,100.00,0.0,0.0,0.0,0.0
558,11.027185,10.986984,6.472000,2,0,6000.0000,-1000.0000,90.0000,0.0000,1,4.0,100.00,0.0,0.0,0.0,0.0
559,10.823020,11.017285,6.060000,2,0,6000.0000,-1000.0000,90.0000,0.0000,1,4.0,100.00,0.0,0.0,0.0,0.0
560,11.863685,10.822730,6.177000,2,0,6000.0000,-1000.0000,90.0000,0.0000,1,4.0,100.00,0.0,0.0,0.0,0.0
561,11.550637,11.879504,6.204000,2,0,6000.0000,-1000.0000,90.0000,0.0000,1,4.0,100.00,0.0,0.0,0.0,0.0
562,11.019525,11.569657,6.143000,2,0,6000.0000,-1000.0000,90.0000,0.0000,1,4.0,100.00,0.0,0.0,0.0,0.0
563,11.361652,11.009425,6.141000,2,0,6000.0000,-1000.0000,90.0000,0.0000,1,4.0,100.00,0.0,0.0,0.0,0.0
564,11.180839,11.341592,6.131000,2,0,6000.0000,-1000.0000,90.0000,0.0000,1,4.0,100.00,0.0,0.0,0.0,0.0
565,11.526077,11.170498,6.168000,2,0,6000.0000,-1000.0000,90.0000,0.0000,1,4.0,100.00,0.0,0.0,0.0,0.0
566,11.534446,11.573298,6.105000,2,0,6000.0000,-1000.0000,90.0000,0.0000,1,4.0,100.00,0.0,0.0,0.0,0.0
567,13.207875,11.576058,6.163000,2,0,6000.0000,-1000.0000,90.0000,0.0000,1,4.0,100.00,0.0,0.0,0.0,0.0
568,13.403700,13.293277,6.125000,2,0,6000.0000,-1000.0000,90.0000,0.0000,1,4.0,100.00,0.0,0.0,0.0,0.0
569,11.852524,13.269537,6.188000,2,0,6000.0000,-1000.0000,90.0000,0.0000,1,4.0,100.00,0.0,0.0,0.0,0.0
570,11.932126,11.860454,6.087000,2,0,6000.0000,-1000.0000,90.0000,0.0000,1,4.0,100.00,0.0,0.0,0.0,0.0
571,11.684240,11.966267,5.794000,2,0,6000.0000,-1000.0000,90.0000,0.0000,1,4.0,100.00,0.0,0.0,0.0,0.0
572,12.126010,11.653539,6.047000,2,0,6000.0000,-1000.0000,90.0000,0.0000,1,4.0,100.00,0.0,0.0,0.0,0.0
573,11.859994,12.063199,6.181000,2,0,6000.0000,-1000.0000,90.0000,0.0000,1,4.0,100.00,0.0,0.0,0.0,0.0
574,12.158921,11.889435,6.144000,2,0,6000.0000,-1000.0000,90.0000,0.0000,1,4.0,100.00,0.0,0.0,0.0,0.0
575,12.258784,12.163331,6.133000,2,0,6000.0000,-1000.0000,90.0000,0.0000,1,4.0,100.00,0.0,0.0,0.0,0.0
576,11.257090,12.201152,6.156000,2,0,6000.0000,-1000.0000,90.0000,0.0000,1,4.0,100.00,0.0,0.0,0.0,0.0
577,11.344882,11.307481,6.163000,2,0,6000.0000,-1000.0000,90.0000,0.0000,1,4.0,100.00,0.0,0.0,0.0,0.0
578,10.878072,11.343433,6.192000,2,0,6000.0000,-1000.0000,90.0000,0.0000,1,4.0,100.00,0.0,0.0,0.0,0.0
579,11.826753,10.872420,6.200000,2,0,6000.0000,-1000.0000,90.0000,0.0000,1,4.0,100.00,0.0,0.0,0.0,0.0
580,11.332242,11.807483,6.126000,2,0,6000.0000,-1000.0000,90.0000,0.0000,1,4.0,100.00,0.0,0.0,0.0,0.0
581,11.626969,11.326662,6.226000,2,0,6000.0000,-1000.0000,90.0000,0.0000,1,4.0,100.00,0.0,0.0,0.0,0.0
582,11.140767,11.622229,6.107000,2,0,6000.0000,-1000.0000,90.0000,0.0000,1,4.0,100.00,0.0,0.0,0.0,0.0
583,12.920709,11.145477,6.240000,2,0,6000.0000,-1000.0000,90.0000,0.0000,1,4.0,100.00,0.0,0.0,0.0,0.0
584,12.433307,12.948039,6.173000,2,0,6000.0000,-1000.0000,90.0000,0.0000,1,4.0,100.00,0.0,0.0,0.0,0.0
585,11.627279,12.412848,6.152000,2,0,6000.0000,-1000.0000,90.0000,0.0000,1,4.0,100.00,0.0,0.0,0.0,0.0
586,12.724084,11.619358,6.189000,2,0,6000.0000,-1000.0000,90.0000,0.0000,1,4.0,100.00,0.0,0.0,0.0,0.0
587,12.015348,12.719594,6.080000,2,0,6000.0000,-1000.0000,90.0000,0.0000,1,4.0,100.00,0.0,0.0,0.0,0.0
588,12.040228,12.003667,6.100000,2,0,6000.0000,-1000.0000,90.0000,0.0000,1,4.0,100.00,0.0,0.0,0.0,0.0
589,11.813774,12.038349,6.220000,2,0,6000.0000,-1000.0000,90.0000,0.0000,1,4.0,100.00,0.0,0.0,0.0,0.0
590,11.557656,11.838624,6.205000,2,0,6000.0000,-1000.0000,90.0000,0.0000,1,4.0,100.00,0.0,0.0,0.0,0.0
591,11.447005,11.557266,6.198000,2,0,6000.0000,-1000.0000,90.0000,0.0000,1,4.0,100.00,0.0,0.0,0.0,0.0
592,11.279311,11.408194,6.102000,2,0,6000.0000,-1000.0000,90.0000,0.0000,1,4.0,100.00,0.0,0.0,0.0,0.0
593,11.611638,11.214199,6.138000,2,0,6000.0000,-1000.0000,90.0000,0.0000,1,4.0,100.00,0.0,0.0,0.0,0.0
594,12.368376,11.589879,6.127000,2,0,6000.0000,-1000.0000,90.0000,0.0000,1,4.0,100.00,0.0,0.0,0.0,0.0
595,11.608087,12.357725,6.171000,2,0,6000.0000,-1000.0000,90.0000,0.0000,1,4.0,100.00,0.0,0.0,0.0,0.0
596,10.223027,11.611859,6.171000,2,0,6000.0000,-1000.0000,90.0000,0.0000,1,4.0,100.00,0.0,0.0,0.0,0.0
597,11.646679,10.210085,6.230000,2,0,6000.0000,-1000.0000,90.0000,0.0000,1,4.0,100.00,0.0,0.0,0.0,0.0
598,12.173012,11.666489,6.128000,2,0,6000.0000,-1000.0000,90.0000,0.0000,1,4.0,100.00,0.0,0.0,0.0,0.0
599,11.981446,12.165782,6.029000,2,0,6000.0000,-1000.0000,90.0000,0.0000,1,4.0,100.00,0.0,0.0,0.0,0.0
600,12.531070,12.000048,6.141000,2,0,6000.0000,-1000.0000,90.0000,0.0000,1,4.0,100.00,0.0,0.0,0.0,0.0
601,12.867858,12.543279,6.215000,2,0,6000.0000,-1000.0000,90.0000,0.0000,1,4.0,100.00,0.0,0.0,0.0,0.0
602,12.528919,12.861757,6.177000,2,0,6000.0000,-1000.0000,90.0000,0.0000,1,4.0,100.00,0.0,0.0,0.0,0.0
603,13.259407,12.516240,6.077000,2,0,6000.0000,-1000.0000,90.0000,0.0000,1,4.0,100.00,0.0,0.0,0.0,0.0
604,12.712423,13.247096,6.128000,2,0,6000.0000,-1000.0000,90.0000,0.0000,1,4.0,100.00,0.0,0.0,0.0,0.0
605,14.494726,12.723283,6.182000,2,0,6000.0000,-1000.0000,90.0000,0.0000,1,4.0,100.00,0.0,0.0,0.0,0.0
606,14.394122,14.499226,6.208000,2,0,6000.0000,-1000.0000,90.0000,0.0000,1,4.0,100.00,0.0,0.0,0.0,0.0
607,14.480575,14.379112,6.143000,2,0,6000.0000,-1000.0000,90.0000,0.0000,1,4.0,100.00,0.0,0.0,0.0,0.0
608,15.168440,14.684480,6.200000,2,0,6000.0000,-1000.0000,90.0000,0.0000,1,4.0,100.00,0.0,0.0,0.0,0.0
609,15.542069,15.107149,6.471000,2,0,6000.0000,-1000.0000,90.0000,0.0000,1,4.0,100.00,0.0,0.0,0.0,0.0
610,14.351193,15.572490,6.472000,2,0,6000.0000,-1000.0000,90.0000,0.0000,1,4.0,100.00,0.0,0.0,0.0,0.0
611,14.311590,14.318371,6.439000,2,0,6000.0000,-1000.0000,90.0000,0.0000,1,4.0,100.00,0.0,0.0,0.0,0.0
612,13.755788,14.336281,6.434000,2,0,6000.0000,-1000.0000,90.0000,0.0000,1,4.0,100.00,0.0,0.0,0.0,0.0
613,14.805893,13.732488,6.587000,2,0,6000.0000,-1000.0000,90.0000,0.0000,1,4.0,100.00,0.0,0.0,0.0,0.0
614,13.570653,14.809722,6.482000,2,0,6000.0000,-1000.0000,90.0000,0.0000,1,4.0,100.00,0.0,0.0,0.0,0.0
615,13.873691,13.570133,6.488000,2,0,6000.0000,-1000.0000,90.0000,0.0000,1,4.0,100.00,0.0,0.0,0.0,0.0
616,13.937022,13.882411,6.474000,2,0,6000.0000,-1000.0000,90.0000,0.0000,1,4.0,100.00,0.0,0.0,0.0,0.0
617,13.311277,13.957683,6.140000,2,0,6000.0000,-1000.0000,90.0000,0.0000,1,4.0,100.00,0.0,0.0,0.0,0.0
618,13.735508,13.289608,6.219000,2,0,6000.0000,-1000.0000,90.0000,0.0000,1,4.0,100.00,0.0,0.0,0.0,0.0
619,13.513403,13.731416,6.201000,2,0,6000.0000,-1000.0000,90.0000,0.0000,1,4.0,100.00,0.0,0.0,0.0,0.0
620,13.949061,13.514503,6.124000,2,0,6000.0000,-1000.0000,90.0000,0.0000,1,4.0,100.00,0.0,0.0,0.0,0.0
621,13.586235,13.986883,6.137000,2,0,6000.0000,-1000.0000,90.0000,0.0000,1,4.0,100.00,0.0,0.0,0.0,0.0
622,13.569724,13.527363,6.495000,2,0,6000.0000,-1000.0000,90.0000,0.0000,1,4.0,100.00,0.0,0.0,0.0,0.0
623,13.882951,13.577904,6.155000,2,0,6000.0000,-1000.0000,90.0000,0.0000,1,4.0,100.00,0.0,0.0,0.0,0.0
624,13.568603,13.918132,6.278000,2,0,6000.0000,-1000.0000,90.0000,0.0000,1,4.0,100.00,0.0,0.0,0.0,0.0
625,13.985703,13.538512,6.216000,2,0,6000.0000,-1000.0000,90.0000,0.0000,1,4.0,100.00,0.0,0.0,0.0,0.0
626,13.881771,13.989863,6.236000,2,0,6000.0000,-1000.0000,90.0000,0.0000,1,4.0,100.00,0.0,0.0,0.0,0.0
627,13.847340,13.860871,6.113000,2,0,6000.0000,-1000.0000,90.0000,0.0000,1,4.0,100.00,0.0,0.0,0.0,0.0
628,12.973060,13.867970,6.230000,2,0,6000.0000,-1000.0000,90.0000,0.0000,1,4.0,100.00,0.0,0.0,0.0,0.0
629,12.696663,12.953920,6.110000,2,0,6000.0000,-1000.0000,90.0000,0.0000,1,4.0,100.00,0.0,0.0,0.0,0.0
630,13.616595,12.721404,6.069000,2,0,6000.0000,-1000.0000,90.0000,0.0000,1,4.0,100.00,0.0,0.0,0.0,0.0
631,12.933519,13.609794,6.147000,2,0,6000.0000,-1000.0000,90.0000,0.0000,1,4.0,100.00,0.0,0.0,0.0,0.0
632,13.703017,12.914239,6.205000,2,0,6000.0000,-1000.0000,90.0000,0.0000,1,4.0,100.00,0.0,0.0,0.0,0.0
633,13.934902,13.707107,6.214000,2,0,6000.0000,-1000.0000,90.0000,0.0000,1,4.0,100.00,0.0,0.0,0.0,0.0
634,14.507635,13.993393,6.110000,2,0,6000.0000,-1000.0000,90.0000,0.0000,1,4.0,100.00,0.0,0.0,0.0,0.0
635,13.173354,14.466514,6.151000,2,0,6000.0000,-1000.0000,90.0000,0.0000,1,4.0,100.00,0.0,0.0,0.0,0.0
636,13.671396,13.188836,6.217000,2,0,6000.0000,-1000.0000,90.0000,0.0000,1,4.0,100.00,0.0,0.0,0.0,0.0
637,13.682057,13.642434,6.224000,2,0,6000.0000,-1000.0000,90.0000,0.0000,1,4.0,100.00,0.0,0.0,0.0,0.0
638,14.199718,13.733578,6.271000,2,0,6000.0000,-1000.0000,90.0000,0.0000,1,4.0,100.00,0.0,0.0,0.0,0.0
639,13.737228,14.142477,6.077000,2,0,6000.0000,-1000.0000,90.0000,0.0000,1,4.0,100.00,0.0,0.0,0.0,0.0
640,12.566540,13.758758,6.129000,2,0,6000.0000,-1000.0000,90.0000,0.0000,1,4.0,100.00,0.0,0.0,0.0,0.0
641,12.371025,12.566650,6.166000,2,0,6000.0000,-1000.0000,90.0000,0.0000,1,4.0,100.00,0.0,0.0,0.0,0.0
642,12.483439,12.355676,6.102000,2,0,6000.0000,-1000.0000,90.0000,0.0000,1,4.0,100.00,0.0,0.0,0.0,0.0
643,12.080729,12.483658,6.178000,2,0,6000.0000,-1000.0000,90.0000,0.0000,1,4.0,100.00,0.0,0.0,0.0,0.0
644,12.069809,12.085369,6.144000,2,0,6000.0000,-1000.0000,90.0000,0.0000,1,4.0,100.00,0.0,0.0,0.0,0.0
645,12.844527,12.076440,6.220000,2,0,6000.0000,-1000.0000,90.0000,0.0000,1,4.0,100.00,0.0,0.0,0.0,0.0
646,12.162541,12.762395,6.169000,2,0,6000.0000,-1000.0000,90.0000,0.0000,1,4.0,100.00,0.0,0.0,0.0,0.0
647,12.148961,12.131760,6.181000,2,0,6000.0000,-1000.0000,90.0000,0.0000,1,4.0,100.00,0.0,0.0,0.0,0.0
648,12.004587,12.136260,6.079000,2,0,6000.0000,-1000.0000,90.0000,0.0000,1,4.0,100.00,0.0,0.0,0.0,0.0
649,11.719721,11.988637,6.223000,2,0,6000.0000,-1000.0000,90.0000,0.0000,1,4.0,100.00,0.0,0.0,0.0,0.0
650,11.890725,11.731582,6.179000,2,0,6000.0000,-1000.0000,90.0000,0.0000,1,4.0,100.00,0.0,0.0,0.0,0.0
651,12.129750,12.061329,6.176000,2,0,6000.0000,-1000.0000,90.0000,0.0000,1,4.0,100.00,0.0,0.0,0.0,0.0
652,12.616842,12.097649,6.151000,2,0,6000.0000,-1000.0000,90.0000,0.0000,1,4.0,100.00,0.0,0.0,0.0,0.0
653,12.474388,12.605542,6.078000,2,0,6000.0000,-1000.0000,90.0000,0.0000,1,4.0,100.00,0.0,0.0,0.0,0.0
654,12.019958,12.445337,6.114000,2,0,6000.0000,-1000.0000,90.0000,0.0000,1,4.0,100.00,0.0,0.0,0.0,0.0
655,12.531530,12.013548,6.241000,2,0,6000.0000,-1000.0000,90.0000,0.0000,1,4.0,100.00,0.0,0.0,0.0,0.0
656,12.204302,12.524119,6.175000,2,0,6000.0000,-1000.0000,90.0000,0.0000,1,4.0,100.00,0.0,0.0,0.0,0.0
657,12.294174,12.209802,6.164000,2,0,6000.0000,-1000.0000,90.0000,0.0000,1,4.0,100.00,0.0,0.0,0.0,0.0
658,12.116580,12.287594,6.148000,2,0,6000.0000,-1000.0000,90.0000,0.0000,1,4.0,100.00,0.0,0.0,0.0,0.0
659,10.916352,12.235714,6.166000,2,0,6000.0000,-1000.0000,90.0000,0.0000,1,4.0,100.00,0.0,0.0,0.0,0.0
660,10.856921,10.712006,6.149000,2,0,6000.0000,-1000.0000,90.0000,0.0000,1,4.0,100.00,0.0,0.0,0.0,0.0
661,10.908572,10.850431,6.200000,2,0,6000.0000,-1000.0000,90.0000,0.0000,1,4.0,100.00,0.0,0.0,0.0,0.0
662,11.260010,10.913443,6.115000,2,0,6000.0000,-1000.0000,90.0000,0.0000,1,4.0,100.00,0.0,0.0,0.0,0.0
663,10.662597,11.783382,6.077000,2,0,6000.0000,-1000.0000,90.0000,0.0000,1,4.0,100.00,0.0,0.0,0.0,0.0
664,10.864241,10.341269,6.119000,2,0,6000.0000,-1000.0000,90.0000,0.0000,1,4.0,100.00,0.0,0.0,0.0,0.0
665,11.688060,10.842691,6.125000,2,0,6000.0000,-1000.0000,90.0000,0.0000,1,4.0,100.00,0.0,0.0,0.0,0.0
666,11.385233,11.706680,6.213000,2,0,6000.0000,-1000.0000,90.0000,0.0000,1,4.0,100.00,0.0,0.0,0.0,0.0
667,12.923809,11.363433,6.160000,2,0,6000.0000,-1000.0000,90.0000,0.0000,1,4.0,100.00,0.0,0.0,0.0,0.0
668,13.183925,12.908668,6.192000,2,0,6000.0000,-1000.0000,90.0000,0.0000,1,4.0,100.00,0.0,0.0,0.0,0.0
669,13.736127,13.151114,6.149000,2,0,6000.0000,-1000.0000,90.0000,0.0000,1,4.0,100.00,0.0,0.0,0.0,0.0
670,12.876987,13.756468,6.130000,2,0,6000.0000,-1000.0000,90.0000,0.0000,1,4.0,100.00,0.0,0.0,0.0,0.0
671,13.440231,12.885838,6.183000,2,0,6000.0000,-1000.0000,90.0000,0.0000,1,4.0,100.00,0.0,0.0,0.0,0.0
672,13.684207,13.384919,6.169000,2,0,6000.0000,-1000.0000,90.0000,0.0000,1,4.0,100.00,0.0,0.0,0.0,0.0
673,13.657275,13.581684,6.483000,2,0,6000.0000,-1000.0000,90.0000,0.0000,1,4.0,100.00,0.0,0.0,0.0,0.0
674,13.309797,13.651845,6.557000,2,0,6000.0000,-1000.0000,90.0000,0.0000,1,4.0,100.00,0.0,0.0,0.0,0.0
675,13.284018,13.322619,6.532000,2,0,6000.0000,-1000.0000,90.0000,0.0000,1,4.0,100.00,0.0,0.0,0.0,0.0
676,13.710636,13.327687,6.374000,2,0,6000.0000,-1000.0000,90.0000,0.0000,1,4.0,100.00,0.0,0.0,0.0,0.0
677,14.192809,13.716438,6.501000,2,0,6000.0000,-1000.0000,90.0000,0.0000,1,4.0,100.00,0.0,0.0,0.0,0.0
678,14.198018,14.177097,6.528000,2,0,6000.0000,-1000.0000,90.0000,0.0000,1,4.0,100.00,0.0,0.0,0.0,0.0
679,13.905661,14.231739,6.455000,2,0,6000.0000,-1000.0000,90.0000,0.0000,1,4.0,100.00,0.0,0.0,0.0,0.0
680,14.218859,13.871500,6.541000,2,0,6000.0000,-1000.0000,90.0000,0.0000,1,4.0,100.00,0.0,0.0,0.0,0.0
681,14.043054,14.220259,6.116000,2,0,6000.0000,-1000.0000,90.0000,0.0000,1,4.0,100.00,0.0,0.0,0.0,0.0
682,13.900421,14.046314,6.068000,2,0,6000.0000,-1000.0000,90.0000,0.0000,1,4.0,100.00,0.0,0.0,0.0,0.0
683,15.044348,13.906942,6.152000,2,0,6000.0000,-1000.0000,90.0000,0.0000,1,4.0,100.00,0.0,0.0,0.0,0.0
684,15.551409,15.039838,6.211000,2,0,6000.0000,-1000.0000,90.0000,0.0000,1,4.0,100.00,0.0,0.0,0.0,0.0
685,13.507313,15.545579,6.494000,2,0,6000.0000,-1000.0000,90.0000,0.0000,1,4.0,100.00,0.0,0.0,0.0,0.0
686,13.786908,13.517982,6.158000,2,0,6000.0000,-1000.0000,90.0000,0.0000,1,4.0,100.00,0.0,0.0,0.0,0.0
687,13.449011,13.937262,6.191000,2,0,6000.0000,-1000.0000,90.0000,0.0000,1,4.0,100.00,0.0,0.0,0.0,0.0
688,13.592324,13.446412,6.187000,2,0,6000.0000,-1000.0000,90.0000,0.0000,1,4.0,100.00,0.0,0.0,0.0,0.0
689,14.120036,13.547502,6.131000,2,0,6000.0000,-1000.0000,90.0000,0.0000,1,4.0,100.00,0.0,0.0,0.0,0.0
690,13.238926,14.103456,6.121000,2,0,6000.0000,-1000.0000,90.0000,0.0000,1,4.0,100.00,0.0,0.0,0.0,0.0
691,13.431731,13.271696,6.150000,2,0,6000.0000,-1000.0000,90.0000,0.0000,1,4.0,100.00,0.0,0.0,0.0,0.0
692,13.748857,13.419211,6.130000,2,0,6000.0000,-1000.0000,90.0000,0.0000,1,4.0,100.00,0.0,0.0,0.0,0.0
693,12.763735,13.754308,6.255000,2,0,6000.0000,-1000.0000,90.0000,0.0000,1,4.0,100.00,0.0,0.0,0.0,0.0
694,13.791699,12.778135,6.102000,2,0,6000.0000,-1000.0000,90.0000,0.0000,1,4.0,100.00,0.0,0.0,0.0,0.0
695,13.187295,13.676606,6.158000,2,0,6000.0000,-1000.0000,90.0000,0.0000,1,4.0,100.00,0.0,0.0,0.0,0.0
696,14.419093,13.170144,6.150000,2,0,6000.0000,-1000.0000,90.0000,0.0000,1,4.0,100.00,0.0,0.0,0.0,0.0
697,14.456934,14.414454,6.101000,2,0,6000.0000,-1000.0000,90.0000,0.0000,1,4.0,100.00,0.0,0.0,0.0,0.0
698,13.491712,14.680679,6.152000,2,0,6000.0000,-1000.0000,90.0000,0.0000,1,4.0,100.00,0.0,0.0,0.0,0.0
699,13.759318,13.341829,6.129000,2,0,6000.0000,-1000.0000,90.0000,0.0000,1,4.0,100.00,0.0,0.0,0.0,0.0
700,14.223828,13.781157,6.201000,2,0,6000.0000,-1000.0000,90.0000,0.0000,1,4.0,100.00,0.0,0.0,0.0,0.0
701,14.703491,14.265211,6.107000,2,0,6000.0000,-1000.0000,90.0000,0.0000,1,4.0,100.00,0.0,0.0,0.0,0.0
702,14.558666,14.673138,6.175000,2,0,6000.0000,-1000.0000,90.0000,0.0000,1,4.0,100.00,0.0,0.0,0.0,0.0
703,13.378349,14.533267,6.138000,2,0,6000.0000,-1000.0000,90.0000,0.0000,1,4.0,100.00,0.0,0.0,0.0,0.0
704,14.450274,13.434560,6.171000,2,0,6000.0000,-1000.0000,90.0000,0.0000,1,4.0,100.00,0.0,0.0,0.0,0.0
705,13.770368,14.425124,6.197000,2,0,6000.0000,-1000.0000,90.0000,0.0000,1,4.0,100.00,0.0,0.0,0.0,0.0
706,14.116826,13.728816,6.214000,2,0,6000.0000,-1000.0000,90.0000,0.0000,1,4.0,100.00,0.0,0.0,0.0,0.0
707,12.934429,14.119997,6.238000,2,0,6000.0000,-1000.0000,90.0000,0.0000,1,4.0,100.00,0.0,0.0,0.0,0.0
708,14.139437,12.960339,6.112000,2,0,6000.0000,-1000.0000,90.0000,0.0000,1,4.0,100.00,0.0,0.0,0.0,0.0
709,13.288628,14.105827,6.127000,2,0,6000.0000,-1000.0000,90.0000,0.0000,1,4.0,100.00,0.0,0.0,0.0,0.0
710,14.710619,13.286097,6.148000,2,0,6000.0000,-1000.0000,90.0000,0.0000,1,4.0,100.00,0.0,0.0,0.0,0.0
711,13.546904,14.711730,6.121000,2,0,6000.0000,-1000.0000,90.0000,0.0000,1,4.0,100.00,0.0,0.0,0.0,0.0
712,14.543185,13.648985,6.243000,2,0,6000.0000,-1000.0000,90.0000,0.0000,1,4.0,100.00,0.0,0.0,0.0,0.0
713,12.941779,14.441114,6.140000,2,0,6000.0000,-1000.0000,90.0000,0.0000,1,4.0,100.00,0.0,0.0,0.0,0.0
714,13.630336,12.912478,6.118000,2,0,6000.0000,-1000.0000,90.0000,0.0000,1,4.0,100.00,0.0,0.0,0.0,0.0
715,13.285166,13.595634,6.227000,2,0,6000.0000,-1000.0000,90.0000,0.0000,1,4.0,100.00,0.0,0.0,0.0,0.0
716,14.150377,13.275007,6.108000,2,0,6000.0000,-1000.0000,90.0000,0.0000,1,4.0,100.00,0.0,0.0,0.0,0.0
717,14.428324,14.170338,6.115000,2,0,6000.0000,-1000.0000,90.0000,0.0000,1,4.0,100.00,0.0,0.0,0.0,0.0
718,13.740328,14.404792,6.115000,2,0,6000.0000,-1000.0000,90.0000,0.0000,1,4.0,100.00,0.0,0.0,0.0,0.0
719,13.894780,13.755499,6.189000,2,0,6000.0000,-1000.0000,90.0000,0.0000,1,4.0,100.00,0.0,0.0,0.0,0.0
720,14.003404,13.891201,6.149000,2,0,6000.0000,-1000.0000,90.0000,0.0000,1,4.0,100.00,0.0,0.0,0.0,0.0
721,13.970883,14.005113,6.199000,2,0,6000.0000,-1000.0000,90.0000,0.0000,1,4.0,100.00,0.0,0.0,0.0,0.0
722,13.961423,14.158687,6.236000,2,0,6000.0000,-1000.0000,90.0000,0.0000,1,4.0,100.00,0.0,0.0,0.0,0.0
723,14.207059,13.838940,6.135000,2,0,6000.0000,-1000.0000,90.0000,0.0000,1,4.0,100.00,0.0,0.0,0.0,0.0
724,13.405759,14.334681,6.176000,2,0,6000.0000,-1000.0000,90.0000,0.0000,1,4.0,100.00,0.0,0.0,0.0,0.0
725,15.259053,13.343848,6.160000,2,0,6000.0000,-1000.0000,90.0000,0.0000,1,4.0,100.00,0.0,0.0,0.0,0.0
726,14.580317,15.192471,6.167000,2,0,6000.0000,-1000.0000,90.0000,0.0000,1,4.0,100.00,0.0,0.0,0.0,0.0
727,14.198088,14.616508,6.150000,2,0,6000.0000,-1000.0000,90.0000,0.0000,1,4.0,100.00,0.0,0.0,0.0,0.0
728,14.332121,14.177958,6.129000,2,0,6000.0000,-1000.0000,90.0000,0.0000,1,4.0,100.00,0.0,0.0,0.0,0.0
729,13.561814,14.326602,6.169000,2,0,6000.0000,-1000.0000,90.0000,0.0000,1,4.0,100.00,0.0,0.0,0.0,0.0
730,14.780401,13.578573,6.186000,2,0,6000.0000,-1000.0000,90.0000,0.0000,1,4.0,100.00,0.0,0.0,0.0,0.0
731,15.100679,14.759201,6.155000,2,0,6000.0000,-1000.0000,90.0000,0.0000,1,4.0,100.00,0.0,0.0,0.0,0.0
732,13.337238,15.104959,6.192000,2,0,6000.0000,-1000.0000,90.0000,0.0000,1,4.0,100.00,0.0,0.0,0.0,0.0
733,14.472905,13.360089,6.154000,2,0,6000.0000,-1000.0000,90.0000,0.0000,1,4.0,100.00,0.0,0.0,0.0,0.0
734,14.288510,14.497775,6.132000,2,0,6000.0000,-1000.0000,90.0000,0.0000,1,4.0,100.00,0.0,0.0,0.0,0.0
735,16.251205,14.322731,6.201000,2,0,6000.0000,-1000.0000,90.0000,0.0000,1,4.0,100.00,0.0,0.0,0.0,0.0
736,14.302510,16.196544,6.201000,2,0,6000.0000,-1000.0000,90.0000,0.0000,1,4.0,100.00,0.0,0.0,0.0,0.0
737,16.263187,14.237990,6.445000,2,0,6000.0000,-1000.0000,90.0000,0.0000,1,4.0,100.00,0.0,0.0,0.0,0.0
738,14.305440,16.216514,6.467000,2,0,6000.0000,-1000.0000,90.0000,0.0000,1,4.0,100.00,0.0,0.0,0.0,0.0
739,14.868104,14.287700,6.547000,2,0,6000.0000,-1000.0000,90.0000,0.0000,1,4.0,100.00,0.0,0.0,0.0,0.0
740,15.107609,15.123330,6.451000,2,0,6000.0000,-1000.0000,90.0000,0.0000,1,4.0,100.00,0.0,0.0,0.0,0.0
741,15.204421,15.002476,6.501000,2,0,6000.0000,-1000.0000,90.0000,0.0000,1,4.0,100.00,0.0,0.0,0.0,0.0
742,16.642745,15.239832,6.455000,2,0,6000.0000,-1000.0000,90.0000,0.0000,1,4.0,100.00,0.0,0.0,0.0,0.0
743,14.990137,16.680026,6.544000,2,0,6000.0000,-1000.0000,90.0000,0.0000,1,4.0,100.00,0.0,0.0,0.0,0.0
744,15.750413,14.963126,6.547000,2,0,6000.0000,-1000.0000,90.0000,0.0000,1,4.0,100.00,0.0,0.0,0.0,0.0
745,14.188829,15.746784,6.222000,2,0,6000.0000,-1000.0000,90.0000,0.0000,1,4.0,100.00,0.0,0.0,0.0,0.0
746,14.329690,14.096456,6.135000,2,0,6000.0000,-1000.0000,90.0000,0.0000,1,4.0,100.00,0.0,0.0,0.0,0.0
747,14.601328,14.340421,6.131000,2,0,6000.0000,-1000.0000,90.0000,0.0000,1,4.0,100.00,0.0,0.0,0.0,0.0
748,14.626178,14.621458,6.281000,2,0,6000.0000,-1000.0000,90.0000,0.0000,1,4.0,100.00,0.0,0.0,0.0,0.0
749,13.877660,14.590166,6.469000,2,0,6000.0000,-1000.0000,90.0000,0.0000,1,4.0,100.00,0.0,0.0,0.0,0.0
750,14.140107,13.870491,6.089000,2,0,6000.0000,-1000.0000,90.0000,0.0000,1,4.0,100.00,0.0,0.0,0.0,0.0
751,13.526023,14.171787,6.140000,2,0,6000.0000,-1000.0000,90.0000,0.0000,1,4.0,100.00,0.0,0.0,0.0,0.0
752,13.754257,13.565104,6.128000,2,0,6000.0000,-1000.0000,90.0000,0.0000,1,4.0,100.00,0.0,0.0,0.0,0.0
753,14.031945,13.705257,6.171000,2,0,6000.0000,-1000.0000,90.0000,0.0000,1,4.0,100.00,0.0,0.0,0.0,0.0
754,14.113847,14.036675,6.204000,2,0,6000.0000,-1000.0000,90.0000,0.0000,1,4.0,100.00,0.0,0.0,0.0,0.0
755,14.100255,14.110866,6.156000,2,0,6000.0000,-1000.0000,90.0000,0.0000,1,4.0,100.00,0.0,0.0,0.0,0.0
756,13.629285,14.129246,6.100000,2,0,6000.0000,-1000.0000,90.0000,0.0000,1,4.0,100.00,0.0,0.0,0.0,0.0
757,14.991596,13.598305,6.211000,2,0,6000.0000,-1000.0000,90.0000,0.0000,1,4.0,100.00,0.0,0.0,0.0,0.0
758,13.790119,15.024457,6.150000,2,0,6000.0000,-1000.0000,90.0000,0.0000,1,4.0,100.00,0.0,0.0,0.0,0.0
759,13.844610,13.750747,6.125000,2,0,6000.0000,-1000.0000,90.0000,0.0000,1,4.0,100.00,0.0,0.0,0.0,0.0
760,14.330161,13.857930,6.216000,2,0,6000.0000,-1000.0000,90.0000,0.0000,1,4.0,100.00,0.0,0.0,0.0,0.0
761,14.719310,14.327532,6.083000,2,0,6000.0000,-1000.0000,90.0000,0.0000,1,4.0,100.00,0.0,0.0,0.0,0.0
762,13.658056,14.713019,6.186000,2,0,6000.0000,-1000.0000,90.0000,0.0000,1,4.0,100.00,0.0,0.0,0.0,0.0
763,14.919795,13.682967,6.135000,2,0,6000.0000,-1000.0000,90.0000,0.0000,1,4.0,100.00,0.0,0.0,0.0,0.0
764,13.342088,14.999197,6.147000,2,0,6000.0000,-1000.0000,90.0000,0.0000,1,4.0,100.00,0.0,0.0,0.0,0.0
765,13.444300,13.270606,6.193000,2,0,6000.0000,-1000.0000,90.0000,0.0000,1,4.0,100.00,0.0,0.0,0.0,0.0
766,13.579795,13.461032,6.169000,2,0,6000.0000,-1000.0000,90.0000,0.0000,1,4.0,100.00,0.0,0.0,0.0,0.0
767,13.020541,13.557092,6.167000,2,0,6000.0000,-1000.0000,90.0000,0.0000,1,4.0,100.00,0.0,0.0,0.0,0.0
768,12.956659,13.009051,6.122000,2,0,6000.0000,-1000.0000,90.0000,0.0000,1,4.0,100.00,0.0,0.0,0.0,0.0
769,13.846870,12.964750,6.107000,2,0,6000.0000,-1000.0000,90.0000,0.0000,1,4.0,100.00,0.0,0.0,0.0,0.0
770,13.450660,13.981803,6.131000,2,0,6000.0000,-1000.0000,90.0000,0.0000,1,4.0,100.00,0.0,0.0,0.0,0.0
771,14.099536,13.342408,6.067000,2,0,6000.0000,-1000.0000,90.0000,0.0000,1,4.0,100.00,0.0,0.0,0.0,0.0
772,13.124433,14.075576,6.209000,2,0,6000.0000,-1000.0000,90.0000,0.0000,1,4.0,100.00,0.0,0.0,0.0,0.0
773,13.158575,13.126823,6.203000,2,0,6000.0000,-1000.0000,90.0000,0.0000,1,4.0,100.00,0.0,0.0,0.0,0.0
774,14.893424,13.086772,6.081000,2,0,6000.0000,-1000.0000,90.0000,0.0000,1,4.0,100.00,0.0,0.0,0.0,0.0
775,14.353612,14.911805,6.088000,2,0,6000.0000,-1000.0000,90.0000,0.0000,1,4.0,100.00,0.0,0.0,0.0,0.0
776,15.421546,14.379582,6.252000,2,0,6000.0000,-1000.0000,90.0000,0.0000,1,4.0,100.00,0.0,0.0,0.0,0.0
777,13.882431,15.470477,6.184000,2,0,6000.0000,-1000.0000,90.0000,0.0000,1,4.0,100.00,0.0,0.0,0.0,0.0
778,14.468185,13.853170,6.148000,2,0,6000.0000,-1000.0000,90.0000,0.0000,1,4.0,100.00,0.0,0.0,0.0,0.0
779,15.109379,14.501046,6.102000,2,0,6000.0000,-1000.0000,90.0000,0.0000,1,4.0,100.00,0.0,0.0,0.0,0.0
780,15.182590,15.160710,6.128000,2,0,6000.0000,-1000.0000,90.0000,0.0000,1,4.0,100.00,0.0,0.0,0.0,0.0
781,14.611458,15.152750,6.129000,2,0,6000.0000,-1000.0000,90.0000,0.0000,1,4.0,100.00,0.0,0.0,0.0,0.0
782,14.199078,14.573027,6.062000,2,0,6000.0000,-1000.0000,90.0000,0.0000,1,4.0,100.00,0.0,0.0,0.0,0.0
783,14.015994,14.238269,6.233000,2,0,6000.0000,-1000.0000,90.0000,0.0000,1,4.0,100.00,0.0,0.0,0.0,0.0
784,15.059248,14.080866,6.081000,2,0,6000.0000,-1000.0000,90.0000,0.0000,1,4.0,100.00,0.0,0.0,0.0,0.0
785,14.456914,14.983296,6.072000,2,0,6000.0000,-1000.0000,90.0000,0.0000,1,4.0,100.00,0.0,0.0,0.0,0.0
786,14.600098,14.495924,6.102000,2,0,6000.0000,-1000.0000,90.0000,0.0000,1,4.0,100.00,0.0,0.0,0.0,0.0
787,14.875984,14.619609,6.140000,2,0,6000.0000,-1000.0000,90.0000,0.0000,1,4.0,100.00,0.0,0.0,0.0,0.0
788,16.272445,14.940645,6.052000,2,0,6000.0000,-1000.0000,90.0000,0.0000,1,4.0,100.00,0.0,0.0,0.0,0.0
789,14.369312,16.185884,6.187000,2,0,6000.0000,-1000.0000,90.0000,0.0000,1,4.0,100.00,0.0,0.0,0.0,0.0
790,13.957043,14.284420,6.049000,2,0,6000.0000,-1000.0000,90.0000,0.0000,1,4.0,100.00,0.0,0.0,0.0,0.0
791,15.286603,13.946702,6.097000,2,0,6000.0000,-1000.0000,90.0000,0.0000,1,4.0,100.00,0.0,0.0,0.0,0.0
792,13.610195,15.258703,6.060000,2,0,6000.0000,-1000.0000,90.0000,0.0000,1,4.0,100.00,0.0,0.0,0.0,0.0
793,14.379741,13.634435,6.110000,2,0,6000.0000,-1000.0000,90.0000,0.0000,1,4.0,100.00,0.0,0.0,0.0,0.0
794,14.194379,14.357372,6.042000,2,0,6000.0000,-1000.0000,90.0000,0.0000,1,4.0,100.00,0.0,0.0,0.0,0.0
795,14.237629,14.229809,6.097000,2,0,6000.0000,-1000.0000,90.0000,0.0000,1,4.0,100.00,0.0,0.0,0.0,0.0
796,13.729948,14.225088,6.236000,2,0,6000.0000,-1000.0000,90.0000,0.0000,1,4.0,100.00,0.0,0.0,0.0,0.0
797,13.693155,13.710087,6.109000,2,0,6000.0000,-1000.0000,90.0000,0.0000,1,4.0,100.00,0.0,0.0,0.0,0.0
798,14.530667,13.662835,5.993000,2,0,6000.0000,-1000.0000,90.0000,0.0000,1,4.0,100.00,0.0,0.0,0.0,0.0
799,17.522144,14.514656,6.147000,2,0,6000.0000,-1000.0000,90.0000,0.0000,1,4.0,100.00,0.0,0.0,0.0,0.0
800,13.954752,17.544335,6.227000,2,0,6000.0000,-1000.0000,90.0000,0.0000,1,4.0,100.00,0.0,0.0,0.0,0.0
801,14.633459,13.935782,6.471000,2,0,6000.0000,-1000.0000,90.0000,0.0000,1,4.0,100.00,0.0,0.0,0.0,0.0
802,14.328641,14.634409,6.471000,2,0,6000.0000,-1000.0000,90.0000,0.0000,1,4.0,100.00,0.0,0.0,0.0,0.0
803,12.918328,14.318890,6.445000,2,0,6000.0000,-1000.0000,90.0000,0.0000,1,4.0,100.00,0.0,0.0,0.0,0.0
804,12.345055,12.930099,6.459000,2,0,6000.0000,-1000.0000,90.0000,0.0000,1,4.0,100.00,0.0,0.0,0.0,0.0
805,14.730081,12.362287,6.543000,2,0,6000.0000,-1000.0000,90.0000,0.0000,1,4.0,100.00,0.0,0.0,0.0,0.0
806,13.963683,14.819411,6.520000,2,0,6000.0000,-1000.0000,90.0000,0.0000,1,4.0,100.00,0.0,0.0,0.0,0.0
807,13.248356,13.921892,6.520000,2,0,6000.0000,-1000.0000,90.0000,0.0000,1,4.0,100.00,0.0,0.0,0.0,0.0
808,12.345235,13.268357,6.454000,2,0,6000.0000,-1000.0000,90.0000,0.0000,1,4.0,100.00,0.0,0.0,0.0,0.0
809,12.721624,12.334985,6.197000,2,0,6000.0000,-1000.0000,90.0000,0.0000,1,4.0,100.00,0.0,0.0,0.0,0.0
810,13.347969,12.673563,6.118000,2,0,6000.0000,-1000.0000,90.0000,0.0000,1,4.0,100.00,0.0,0.0,0.0,0.0
811,13.033091,13.302437,6.178000,2,0,6000.0000,-1000.0000,90.0000,0.0000,1,4.0,100.00,0.0,0.0,0.0,0.0
812,14.178817,13.032321,6.178000,2,0,6000.0000,-1000.0000,90.0000,0.0000,1,4.0,100.00,0.0,0.0,0.0,0.0
813,12.540991,14.343261,6.441000,2,0,6000.0000,-1000.0000,90.0000,0.0000,1,4.0,100.00,0.0,0.0,0.0,0.0
814,14.203638,12.555801,6.224000,2,0,6000.0000,-1000.0000,90.0000,0.0000,1,4.0,100.00,0.0,0.0,0.0,0.0
815,12.975570,14.137517,6.067000,2,0,6000.0000,-1000.0000,90.0000,0.0000,1,4.0,100.00,0.0,0.0,0.0,0.0
816,13.616634,12.966289,6.146000,2,0,6000.0000,-1000.0000,90.0000,0.0000,1,4.0,100.00,0.0,0.0,0.0,0.0
817,12.302555,13.700187,6.244000,2,0,6000.0000,-1000.0000,90.0000,0.0000,1,4.0,100.00,0.0,0.0,0.0,0.0
818,13.666685,12.237083,6.084000,2,0,6000.0000,-1000.0000,90.0000,0.0000,1,4.0,100.00,0.0,0.0,0.0,0.0
819,17.883793,13.660446,6.088000,2,0,6000.0000,-1000.0000,90.0000,0.0000,1,4.0,100.00,0.0,0.0,0.0,0.0
820,14.299470,17.941513,6.235000,2,0,6000.0000,-1000.0000,90.0000,0.0000,1,4.0,100.00,0.0,0.0,0.0,0.0
821,14.975406,14.215150,6.152000,2,0,6000.0000,-1000.0000,90.0000,0.0000,1,4.0,100.00,0.0,0.0,0.0,0.0
822,15.411857,14.929655,6.152000,2,0,6000.0000,-1000.0000,90.0000,0.0000,1,4.0,100.00,0.0,0.0,0.0,0.0
823,14.134296,15.505097,6.204000,2,0,6000.0000,-1000.0000,90.0000,0.0000,1,4.0,100.00,0.0,0.0,0.0,0.0
824,13.247966,14.071396,6.119000,2,0,6000.0000,-1000.0000,90.0000,0.0000,1,4.0,100.00,0.0,0.0,0.0,0.0
825,12.613082,13.297736,6.134000,2,0,6000.0000,-1000.0000,90.0000,0.0000,1,4.0,100.00,0.0,0.0,0.0,0.0
826,12.024908,12.651373,6.142000,2,0,6000.0000,-1000.0000,90.0000,0.0000,1,4.0,100.00,0.0,0.0,0.0,0.0
827,12.908178,11.918146,6.229000,3,0,6000.0000,-1000.0000,90.0000,0.0000,1,4.0,100.00,0.0,0.0,0.0,0.0
828,14.258440,12.904878,6.229000,3,1,6000.0000,-1000.0000,90.0000,0.0000,1,4.0,100.00,0.0,0.0,0.0,0.0
829,171.007981,14.201118,6.316000,3,0,6000.0000,-1000.0000,90.0000,0.0000,1,4.0,100.00,0.0,0.0,0.0,0.0
830,2.308603,171.050713,6.316000,3,1,6000.0000,-1000.0000,90.0000,0.0000,1,4.0,100.00,0.0,0.0,0.0,0.0
831,196.146283,2.232561,6.311000,3,0,6000.0000,-1000.0000,90.0000,0.0000,1,4.0,100.00,0.0,0.0,0.0,0.0
832,2.227912,196.266056,6.311000,3,1,6000.0000,-1000.0000,90.0000,0.0000,1,4.0,100.00,0.0,0.0,0.0,0.0
833,167.910239,2.096398,6.284000,3,0,6000.0000,-1000.0000,90.0000,0.0000,1,4.0,100.00,0.0,0.0,0.0,0.0
834,2.081138,167.955911,6.284000,3,1,6000.0000,-1000.0000,90.0000,0.0000,1,4.0,100.00,0.0,0.0,0.0,0.0
835,194.904564,2.015677,6.271000,3,0,6000.0000,-1000.0000,90.0000,0.0000,1,4.0,100.00,0.0,0.0,0.0,0.0
836,6.820458,195.019275,6.271000,3,1,6000.0000,-1000.0000,90.0000,0.0000,1,4.0,100.00,0.0,0.0,0.0,0.0
837,160.962279,6.774897,6.208000,3,0,6000.0000,-1000.0000,90.0000,0.0000,1,4.0,100.00,0.0,0.0,0.0,0.0
838,6.723076,160.995870,6.208000,3,1,6000.0000,-1000.0000,90.0000,0.0000,1,4.0,100.00,0.0,0.0,0.0,0.0
839,158.667195,6.672975,6.188000,3,0,6000.0000,-1000.0000,90.0000,0.0000,1,4.0,100.00,0.0,0.0,0.0,0.0
840,6.397329,158.730348,6.188000,3,1,6000.0000,-1000.0000,90.0000,0.0000,1,4.0,100.00,0.0,0.0,0.0,0.0
841,195.768102,6.316475,6.323000,3,0,6000.0000,-1000.0000,90.0000,0.0000,1,4.0,100.00,0.0,0.0,0.0,0.0
842,6.715286,195.845026,6.323000,3,1,6000.0000,-1000.0000,90.0000,0.0000,1,4.0,100.00,0.0,0.0,0.0,0.0
843,165.391161,6.613722,6.273000,3,0,6000.0000,-1000.0000,90.0000,0.0000,1,4.0,100.00,0.0,0.0,0.0,0.0
844,6.845048,165.558906,6.273000,3,1,6000.0000,-1000.0000,90.0000,0.0000,1,4.0,100.00,0.0,0.0,0.0,0.0
845,163.274374,6.680214,6.369000,3,0,6000.0000,-1000.0000,90.0000,0.0000,1,4.0,100.00,0.0,0.0,0.0,0.0
846,6.477489,163.379045,6.369000,3,1,6000.0000,-1000.0000,90.0000,0.0000,1,4.0,100.00,0.0,0.0,0.0,0.0
847,167.055950,6.383127,6.281000,4,0,6000.0000,-1000.0000,90.0000,-25.0000,1,4.0,100.00,0.0,0.0,0.0,0.0
848,2.498878,167.184623,6.281000,4,0,6000.0000,-1000.0000,90.0000,-22.9102,1,4.0,100.00,0.0,0.0,0.0,0.0
849,14.556736,2.364895,6.174000,4,0,6000.0000,-1000.0000,90.0000,-22.8806,1,4.0,100.00,0.0,0.0,0.0,0.0
850,17.388351,14.616247,6.174000,4,0,6000.0000,-1000.0000,90.0000,-22.6979,1,4.0,100.00,0.0,0.0,0.0,0.0
851,15.615501,17.441444,6.917000,4,0,6000.0000,-1000.0000,90.0000,-22.4799,1,4.0,100.00,0.0,0.0,0.0,0.0
852,16.417649,15.593590,6.384000,4,0,6000.0000,-1000.0000,90.0000,-22.2850,1,4.0,100.00,0.0,0.0,0.0,0.0
853,15.919898,16.437680,6.309000,4,0,6000.0000,-1000.0000,90.0000,-22.0795,1,4.0,100.00,0.0,0.0,0.0,0.0
854,15.373546,15.905688,6.309000,4,0,6000.0000,-1000.0000,90.0000,-21.8807,1,4.0,100.00,0.0,0.0,0.0,0.0
855,14.632517,15.477747,6.118000,4,0,6000.0000,-1000.0000,90.0000,-21.6872,1,4.0,100.00,0.0,0.0,0.0,0.0
856,18.892447,14.581517,6.252000,4,0,6000.0000,-1000.0000,90.0000,-21.5050,1,4.0,100.00,0.0,0.0,0.0,0.0
857,14.698710,18.902437,6.371000,4,0,6000.0000,-1000.0000,90.0000,-21.2687,1,4.0,100.00,0.0,0.0,0.0,0.0
858,11.240000,14.659658,6.371000,4,0,6000.0000,-1000.0000,90.0000,-21.0854,1,4.0,100.00,0.0,0.0,0.0,0.0
859,13.186254,11.246510,6.183000,4,0,6000.0000,-1000.0000,90.0000,-20.9448,1,4.0,100.00,0.0,0.0,0.0,0.0
860,15.248683,13.176995,6.357000,4,0,6000.0000,-1000.0000,90.0000,-20.7801,1,4.0,100.00,0.0,0.0,0.0,0.0
861,13.339498,15.283163,6.227000,4,0,6000.0000,-1000.0000,90.0000,-20.5891,1,4.0,100.00,0.0,0.0,0.0,0.0
862,13.285077,13.325607,6.255000,4,0,6000.0000,-1000.0000,90.0000,-20.4225,1,4.0,100.00,0.0,0.0,0.0,0.0
863,13.073452,13.275727,6.199000,4,0,6000.0000,-1000.0000,90.0000,-20.2566,1,4.0,100.00,0.0,0.0,0.0,0.0
864,13.172664,13.073423,6.163000,4,0,6000.0000,-1000.0000,90.0000,-20.0932,1,4.0,100.00,0.0,0.0,0.0,0.0
865,15.451277,13.157303,6.486000,4,0,6000.0000,-1000.0000,90.0000,-19.9287,1,4.0,100.00,0.0,0.0,0.0,0.0
866,15.030748,15.509168,6.521000,4,0,6000.0000,-1000.0000,90.0000,-19.7348,1,4.0,100.00,0.0,0.0,0.0,0.0
867,13.622215,15.084299,6.467000,4,0,6000.0000,-1000.0000,90.0000,-19.5463,1,4.0,100.00,0.0,0.0,0.0,0.0
868,13.967422,13.552153,6.457000,4,0,6000.0000,-1000.0000,90.0000,-19.3769,1,4.0,100.00,0.0,0.0,0.0,0.0
869,14.806692,13.977983,6.503000,4,0,6000.0000,-1000.0000,90.0000,-19.2022,1,4.0,100.00,0.0,0.0,0.0,0.0
870,13.997033,14.784892,6.541000,4,0,6000.0000,-1000.0000,90.0000,-19.0173,1,4.0,100.00,0.0,0.0,0.0,0.0
871,12.506440,13.961603,6.501000,4,0,6000.0000,-1000.0000,90.0000,-18.8428,1,4.0,100.00,0.0,0.0,0.0,0.0
872,12.272843,12.497548,6.500000,4,0,6000.0000,-1000.0000,90.0000,-18.6866,1,4.0,100.00,0.0,0.0,0.0,0.0
873,12.211472,12.257213,6.256000,4,0,6000.0000,-1000.0000,90.0000,-18.5334,1,4.0,100.00,0.0,0.0,0.0,0.0
874,16.780738,12.206092,6.241000,4,0,6000.0000,-1000.0000,90.0000,-18.3808,1,4.0,100.00,0.0,0.0,0.0,0.0
875,14.221188,16.781398,6.218000,4,0,6000.0000,-1000.0000,90.0000,-18.1710,1,4.0,100.00,0.0,0.0,0.0,0.0
876,13.282418,14.227358,6.187000,4,0,6000.0000,-1000.0000,90.0000,-17.9932,1,4.0,100.00,0.0,0.0,0.0,0.0
877,11.863923,13.295778,6.266000,4,0,6000.0000,-1000.0000,90.0000,-17.8270,1,4.0,100.00,0.0,0.0,0.0,0.0
878,13.632685,11.836004,6.256000,4,0,6000.0000,-1000.0000,90.0000,-17.6791,1,4.0,100.00,0.0,0.0,0.0,0.0
879,11.577328,13.707526,6.173000,4,0,6000.0000,-1000.0000,90.0000,-17.5077,1,4.0,100.00,0.0,0.0,0.0,0.0
880,12.327255,11.506836,6.173000,4,0,6000.0000,-1000.0000,90.0000,-17.3639,1,4.0,100.00,0.0,0.0,0.0,0.0
881,16.250845,12.481138,6.229000,4,0,6000.0000,-1000.0000,90.0000,-17.2079,1,4.0,100.00,0.0,0.0,0.0,0.0
882,15.256292,16.143923,6.287000,4,0,6000.0000,-1000.0000,90.0000,-17.0061,1,4.0,100.00,0.0,0.0,0.0,0.0
883,14.291401,15.331015,6.147000,4,0,6000.0000,-1000.0000,90.0000,-16.8144,1,4.0,100.00,0.0,0.0,0.0,0.0
884,15.369415,14.278850,6.186000,4,0,6000.0000,-1000.0000,90.0000,-16.6359,1,4.0,100.00,0.0,0.0,0.0,0.0
885,14.197318,15.343064,6.226000,4,0,6000.0000,-1000.0000,90.0000,-16.4441,1,4.0,100.00,0.0,0.0,0.0,0.0
886,14.487775,14.163937,6.029000,4,0,6000.0000,-1000.0000,90.0000,-16.2671,1,4.0,100.00,0.0,0.0,0.0,0.0
887,14.854723,14.471965,6.206000,4,0,6000.0000,-1000.0000,90.0000,-16.0862,1,4.0,100.00,0.0,0.0,0.0,0.0
888,15.169091,15.062158,6.209000,4,0,6000.0000,-1000.0000,90.0000,-15.8979,1,4.0,100.00,0.0,0.0,0.0,0.0
889,14.016184,14.991986,6.215000,4,0,6000.0000,-1000.0000,90.0000,-15.7105,1,4.0,100.00,0.0,0.0,0.0,0.0
890,17.915013,14.020884,6.271000,4,0,6000.0000,-1000.0000,90.0000,-15.5353,1,4.0,100.00,0.0,0.0,0.0,0.0
891,18.648681,17.910874,6.174000,4,0,6000.0000,-1000.0000,90.0000,-15.3114,1,4.0,100.00,0.0,0.0,0.0,0.0
892,13.972003,18.637121,6.230000,4,0,6000.0000,-1000.0000,90.0000,-15.0784,1,4.0,100.00,0.0,0.0,0.0,0.0
893,14.398713,13.966973,6.299000,4,0,6000.0000,-1000.0000,90.0000,-14.9038,1,4.0,100.00,0.0,0.0,0.0,0.0
894,12.663212,14.510254,6.083000,4,0,6000.0000,-1000.0000,90.0000,-14.7224,1,4.0,100.00,0.0,0.0,0.0,0.0
895,15.382826,12.584452,6.083000,4,0,6000.0000,-1000.0000,90.0000,-14.5651,1,4.0,100.00,0.0,0.0,0.0,0.0
896,13.655185,15.356034,6.203000,4,0,6000.0000,-1000.0000,90.0000,-14.3732,1,4.0,100.00,0.0,0.0,0.0,0.0
897,9.396377,13.690587,6.203000,4,0,6000.0000,-1000.0000,90.0000,-14.2021,1,4.0,100.00,0.0,0.0,0.0,0.0
898,11.437164,9.357215,6.177000,4,0,6000.0000,-1000.0000,90.0000,-14.0851,1,4.0,100.00,0.0,0.0,0.0,0.0
899,12.720814,11.437244,6.145000,4,0,6000.0000,-1000.0000,90.0000,-13.9421,1,4.0,100.00,0.0,0.0,0.0,0.0
900,12.934669,12.720664,6.120000,4,0,6000.0000,-1000.0000,90.0000,-13.7831,1,4.0,100.00,0.0,0.0,0.0,0.0
901,10.771859,12.984741,6.282000,4,0,6000.0000,-1000.0000,90.0000,-13.6208,1,4.0,100.00,0.0,0.0,0.0,0.0
902,11.792132,10.738968,6.173000,4,0,6000.0000,-1000.0000,90.0000,-13.4866,1,4.0,100.00,0.0,0.0,0.0,0.0
903,10.061413,11.842834,6.124000,4,0,6000.0000,-1000.0000,90.0000,-13.3385,1,4.0,100.00,0.0,0.0,0.0,0.0
904,11.096827,10.062412,6.266000,4,0,6000.0000,-1000.0000,90.0000,-13.2128,1,4.0,100.00,0.0,0.0,0.0,0.0
905,11.353602,11.065866,6.125000,4,0,6000.0000,-1000.0000,90.0000,-13.0744,1,4.0,100.00,0.0,0.0,0.0,0.0
906,11.936056,11.331471,6.152000,4,0,6000.0000,-1000.0000,90.0000,-12.9328,1,4.0,100.00,0.0,0.0,0.0,0.0
907,12.504708,11.883795,6.297000,4,0,6000.0000,-1000.0000,90.0000,-12.7842,1,4.0,100.00,0.0,0.0,0.0,0.0
908,16.551993,12.465747,6.398000,4,0,6000.0000,-1000.0000,90.0000,-12.6284,1,4.0,100.00,0.0,0.0,0.0,0.0
909,14.746411,16.591604,6.554000,4,0,6000.0000,-1000.0000,90.0000,-12.4210,1,4.0,100.00,0.0,0.0,0.0,0.0
910,15.654911,14.768832,6.566000,4,0,6000.0000,-1000.0000,90.0000,-12.2364,1,4.0,100.00,0.0,0.0,0.0,0.0
911,14.555237,15.577499,6.219000,4,0,6000.0000,-1000.0000,90.0000,-12.0417,1,4.0,100.00,0.0,0.0,0.0,0.0
912,14.750371,14.603598,6.204000,4,0,6000.0000,-1000.0000,90.0000,-11.8592,1,4.0,100.00,0.0,0.0,0.0,0.0
913,14.632087,14.748171,6.274000,4,0,6000.0000,-1000.0000,90.0000,-11.6748,1,4.0,100.00,0.0,0.0,0.0,0.0
914,14.430684,14.686128,6.130000,4,0,6000.0000,-1000.0000,90.0000,-11.4912,1,4.0,100.00,0.0,0.0,0.0,0.0
915,11.640058,14.367363,6.162000,4,0,6000.0000,-1000.0000,90.0000,-11.3116,1,4.0,100.00,0.0,0.0,0.0,0.0
916,11.270231,11.583827,6.240000,4,0,6000.0000,-1000.0000,90.0000,-11.1668,1,4.0,100.00,0.0,0.0,0.0,0.0
917,11.891854,11.258161,6.280000,4,0,6000.0000,-1000.0000,90.0000,-11.0261,1,4.0,100.00,0.0,0.0,0.0,0.0
918,11.805443,11.964146,6.186000,4,0,6000.0000,-1000.0000,90.0000,-10.8766,1,4.0,100.00,0.0,0.0,0.0,0.0
919,11.240080,11.780392,6.211000,4,0,6000.0000,-1000.0000,90.0000,-10.7293,1,4.0,100.00,0.0,0.0,0.0,0.0
920,10.975843,11.258130,6.162000,4,0,6000.0000,-1000.0000,90.0000,-10.5886,1,4.0,100.00,0.0,0.0,0.0,0.0
921,12.885978,10.977194,6.184000,4,0,6000.0000,-1000.0000,90.0000,-10.4514,1,4.0,100.00,0.0,0.0,0.0,0.0
922,12.279085,12.875637,6.506000,4,0,6000.0000,-1000.0000,90.0000,-10.2904,1,4.0,100.00,0.0,0.0,0.0,0.0
923,11.026614,12.276284,6.229000,4,0,6000.0000,-1000.0000,90.0000,-10.1370,1,4.0,100.00,0.0,0.0,0.0,0.0
924,11.700200,11.055115,6.239000,4,0,6000.0000,-1000.0000,90.0000,-9.9988,1,4.0,100.00,0.0,0.0,0.0,0.0
925,11.104016,11.668069,6.264000,4,0,6000.0000,-1000.0000,90.0000,-9.8529,1,4.0,100.00,0.0,0.0,0.0,0.0
926,11.820324,11.120648,6.466000,4,0,6000.0000,-1000.0000,90.0000,-9.7139,1,4.0,100.00,0.0,0.0,0.0,0.0
927,11.231069,11.814692,6.608000,4,0,6000.0000,-1000.0000,90.0000,-9.5662,1,4.0,100.00,0.0,0.0,0.0,0.0
928,11.807923,11.257101,6.550000,4,0,6000.0000,-1000.0000,90.0000,-9.4255,1,4.0,100.00,0.0,0.0,0.0,0.0
929,11.769842,11.789992,6.526000,4,0,6000.0000,-1000.0000,90.0000,-9.2781,1,4.0,100.00,0.0,0.0,0.0,0.0
930,11.784752,11.764782,6.586000,4,0,6000.0000,-1000.0000,90.0000,-9.1311,1,4.0,100.00,0.0,0.0,0.0,0.0
931,12.065269,11.787872,6.570000,4,0,6000.0000,-1000.0000,90.0000,-8.9837,1,4.0,100.00,0.0,0.0,0.0,0.0
932,12.676463,12.060999,6.479000,4,0,6000.0000,-1000.0000,90.0000,-8.8330,1,4.0,100.00,0.0,0.0,0.0,0.0
933,11.248850,12.677763,6.595000,4,0,6000.0000,-1000.0000,90.0000,-8.6745,1,4.0,100.00,0.0,0.0,0.0,0.0
934,11.049505,11.247110,6.249000,4,0,6000.0000,-1000.0000,90.0000,-8.5339,1,4.0,100.00,0.0,0.0,0.0,0.0
935,11.153898,11.043615,6.264000,4,0,6000.0000,-1000.0000,90.0000,-8.3959,1,4.0,100.00,0.0,0.0,0.0,0.0
936,10.753408,11.158937,6.405000,4,0,6000.0000,-1000.0000,90.0000,-8.2564,1,4.0,100.00,0.0,0.0,0.0,0.0
937,11.592008,10.757399,6.229000,4,0,6000.0000,-1000.0000,90.0000,-8.1219,1,4.0,100.00,0.0,0.0,0.0,0.0
938,13.600734,11.605378,6.216000,4,0,6000.0000,-1000.0000,90.0000,-7.9768,1,4.0,100.00,0.0,0.0,0.0,0.0
939,11.290121,13.577204,6.257000,4,0,6000.0000,-1000.0000,90.0000,-7.8071,1,4.0,100.00,0.0,0.0,0.0,0.0
940,11.764422,11.279700,6.225000,4,0,6000.0000,-1000.0000,90.0000,-7.6661,1,4.0,100.00,0.0,0.0,0.0,0.0
941,11.130177,11.793283,6.154000,4,0,6000.0000,-1000.0000,90.0000,-7.5187,1,4.0,100.00,0.0,0.0,0.0,0.0
942,11.033855,11.114907,6.209000,4,0,6000.0000,-1000.0000,90.0000,-7.3798,1,4.0,100.00,0.0,0.0,0.0,0.0
943,10.992504,11.032134,6.334000,4,0,6000.0000,-1000.0000,90.0000,-7.2419,1,4.0,100.00,0.0,0.0,0.0,0.0
944,11.843974,11.006405,6.249000,4,0,6000.0000,-1000.0000,90.0000,-7.1043,1,4.0,100.00,0.0,0.0,0.0,0.0
945,12.146390,11.833163,6.224000,4,0,6000.0000,-1000.0000,90.0000,-6.9564,1,4.0,100.00,0.0,0.0,0.0,0.0
946,12.206332,12.513710,6.188000,4,0,6000.0000,-1000.0000,90.0000,-6.8000,1,4.0,100.00,0.0,0.0,0.0,0.0
947,11.939016,11.995537,6.193000,4,0,6000.0000,-1000.0000,90.0000,-6.6500,1,4.0,100.00,0.0,0.0,0.0,0.0
948,11.401394,11.941456,6.232000,4,0,6000.0000,-1000.0000,90.0000,-6.5007,1,4.0,100.00,0.0,0.0,0.0,0.0
949,12.068499,11.329581,6.262000,4,0,6000.0000,-1000.0000,90.0000,-6.3591,1,4.0,100.00,0.0,0.0,0.0,0.0
950,12.308804,12.107750,6.197000,4,0,6000.0000,-1000.0000,90.0000,-6.2078,1,4.0,100.00,0.0,0.0,0.0,0.0
951,11.334501,12.290934,6.159000,4,0,6000.0000,-1000.0000,90.0000,-6.0541,1,4.0,100.00,0.0,0.0,0.0,0.0
952,11.009995,11.382023,6.248000,4,0,6000.0000,-1000.0000,90.0000,-5.9119,1,4.0,100.00,0.0,0.0,0.0,0.0
953,12.237193,10.987944,6.192000,4,0,6000.0000,-1000.0000,90.0000,-5.7745,1,4.0,100.00,0.0,0.0,0.0,0.0
954,10.973974,12.239343,6.340000,4,0,6000.0000,-1000.0000,90.0000,-5.6215,1,4.0,100.00,0.0,0.0,0.0,0.0
955,11.148647,10.989404,6.222000,4,0,6000.0000,-1000.0000,90.0000,-5.4842,1,4.0,100.00,0.0,0.0,0.0,0.0
956,11.278790,11.099186,6.217000,4,0,6000.0000,-1000.0000,90.0000,-5.3454,1,4.0,100.00,0.0,0.0,0.0,0.0
957,11.369263,11.280580,6.219000,4,0,6000.0000,-1000.0000,90.0000,-5.2044,1,4.0,100.00,0.0,0.0,0.0,0.0
958,12.788495,11.428785,6.367000,4,0,6000.0000,-1000.0000,90.0000,-5.0616,1,4.0,100.00,0.0,0.0,0.0,0.0
959,11.866225,12.751214,6.214000,4,0,6000.0000,-1000.0000,90.0000,-4.9022,1,4.0,100.00,0.0,0.0,0.0,0.0
960,11.252709,11.834673,6.211000,4,0,6000.0000,-1000.0000,90.0000,-4.7542,1,4.0,100.00,0.0,0.0,0.0,0.0
961,10.740299,11.279581,6.215000,4,0,6000.0000,-1000.0000,90.0000,-4.6132,1,4.0,100.00,0.0,0.0,0.0,0.0
962,11.472064,10.716628,6.133000,4,0,6000.0000,-1000.0000,90.0000,-4.4793,1,4.0,100.00,0.0,0.0,0.0,0.0
963,14.024694,11.468435,6.172000,4,0,6000.0000,-1000.0000,90.0000,-4.3359,1,4.0,100.00,0.0,0.0,0.0,0.0
964,11.935466,14.034204,6.135000,4,0,6000.0000,-1000.0000,90.0000,-4.1605,1,4.0,100.00,0.0,0.0,0.0,0.0
965,12.161531,11.946496,6.275000,4,0,6000.0000,-1000.0000,90.0000,-4.0112,1,4.0,100.00,0.0,0.0,0.0,0.0
966,14.084566,12.158841,6.095000,4,0,6000.0000,-1000.0000,90.0000,-3.8592,1,4.0,100.00,0.0,0.0,0.0,0.0
967,12.018458,14.080575,6.209000,4,0,6000.0000,-1000.0000,90.0000,-3.6832,1,4.0,100.00,0.0,0.0,0.0,0.0
968,11.091326,12.053449,6.211000,4,0,6000.0000,-1000.0000,90.0000,-3.5325,1,4.0,100.00,0.0,0.0,0.0,0.0
969,11.660449,11.043435,6.469000,4,0,6000.0000,-1000.0000,90.0000,-3.3945,1,4.0,100.00,0.0,0.0,0.0,0.0
970,11.442825,11.673240,6.260000,4,0,6000.0000,-1000.0000,90.0000,-3.2485,1,4.0,100.00,0.0,0.0,0.0,0.0
971,13.438050,11.432124,6.638000,4,0,6000.0000,-1000.0000,90.0000,-3.1056,1,4.0,100.00,0.0,0.0,0.0,0.0
972,11.101896,13.495892,6.505000,4,0,6000.0000,-1000.0000,90.0000,-2.9369,1,4.0,100.00,0.0,0.0,0.0,0.0
973,11.997657,11.052245,6.212000,4,0,6000.0000,-1000.0000,90.0000,-2.7988,1,4.0,100.00,0.0,0.0,0.0,0.0
974,11.462646,11.984937,6.158000,4,0,6000.0000,-1000.0000,90.0000,-2.6490,1,4.0,100.00,0.0,0.0,0.0,0.0
975,11.308331,11.465805,6.284000,4,0,6000.0000,-1000.0000,90.0000,-2.5057,1,4.0,100.00,0.0,0.0,0.0,0.0
976,12.001797,11.337781,6.239000,4,0,6000.0000,-1000.0000,90.0000,-2.3639,1,4.0,100.00,0.0,0.0,0.0,0.0
977,10.837591,11.999577,6.232000,4,0,6000.0000,-1000.0000,90.0000,-2.2139,1,4.0,100.00,0.0,0.0,0.0,0.0
978,11.153987,10.801260,6.237000,4,0,6000.0000,-1000.0000,90.0000,-2.0789,1,4.0,100.00,0.0,0.0,0.0,0.0
979,10.746519,11.197589,6.320000,4,0,6000.0000,-1000.0000,90.0000,-1.9390,1,4.0,100.00,0.0,0.0,0.0,0.0
980,11.740381,10.710487,6.188000,4,0,6000.0000,-1000.0000,90.0000,-1.8051,1,4.0,100.00,0.0,0.0,0.0,0.0
981,15.247932,11.735572,6.286000,4,0,6000.0000,-1000.0000,90.0000,-1.6584,1,4.0,100.00,0.0,0.0,0.0,0.0
982,13.620774,15.266382,6.231000,4,0,6000.0000,-1000.0000,90.0000,-1.4675,1,4.0,100.00,0.0,0.0,0.0,0.0
983,12.016698,13.639346,6.204000,4,0,6000.0000,-1000.0000,90.0000,-1.2971,1,4.0,100.00,0.0,0.0,0.0,0.0
984,10.964983,11.984697,6.239000,4,0,6000.0000,-1000.0000,90.0000,-1.1472,1,4.0,100.00,0.0,0.0,0.0,0.0
985,12.766735,10.999084,6.214000,4,0,6000.0000,-1000.0000,90.0000,-1.0098,1,4.0,100.00,0.0,0.0,0.0,0.0
986,9.400818,12.766854,6.214000,4,0,6000.0000,-1000.0000,90.0000,-0.8502,1,4.0,100.00,0.0,0.0,0.0,0.0
987,11.282701,9.386247,6.772000,4,0,6000.0000,-1000.0000,90.0000,-0.7328,1,4.0,100.00,0.0,0.0,0.0,0.0
988,11.541816,11.356192,6.210000,4,0,6000.0000,-1000.0000,90.0000,-0.5909,1,4.0,100.00,0.0,0.0,0.0,0.0
989,11.873224,11.552898,6.240000,4,0,6000.0000,-1000.0000,90.0000,-0.4465,1,4.0,100.00,0.0,0.0,0.0,0.0
990,11.556988,11.833853,6.318000,4,0,6000.0000,-1000.0000,90.0000,-0.2986,1,4.0,100.00,0.0,0.0,0.0,0.0
991,11.982876,11.507476,6.231000,4,0,6000.0000,-1000.0000,90.0000,-0.1547,1,4.0,100.00,0.0,0.0,0.0,0.0
992,13.015481,11.943676,6.661000,4,0,6000.0000,-1000.0000,90.0000,-0.0054,1,4.0,100.00,0.0,0.0,0.0,0.0
993,11.388293,13.013410,6.661000,4,0,6000.0000,-1000.0000,90.0000,0.1572,1,4.0,100.00,0.0,0.0,0.0,0.0
994,11.785582,11.407063,6.533000,4,0,6000.0000,-1000.0000,90.0000,0.2998,1,4.0,100.00,0.0,0.0,0.0,0.0
995,12.160681,11.761622,6.171000,4,0,6000.0000,-1000.0000,90.0000,0.4469,1,4.0,100.00,0.0,0.0,0.0,0.0
996,12.149801,12.184192,6.555000,4,0,6000.0000,-1000.0000,90.0000,0.5992,1,4.0,100.00,0.0,0.0,0.0,0.0
997,11.266540,12.119529,6.550000,4,0,6000.0000,-1000.0000,90.0000,0.7507,1,4.0,100.00,0.0,0.0,0.0,0.0
998,12.283214,11.268792,6.536000,4,0,6000.0000,-1000.0000,90.0000,0.8915,1,4.0,100.00,0.0,0.0,0.0,0.0
999,11.656759,12.289993,6.550000,4,0,6000.0000,-1000.0000,90.0000,1.0451,1,4.0,100.00,0.0,0.0,0.0,0.0
1000,12.528280,11.646480,6.513000,4,0,6000.0000,-1000.0000,90.0000,1.1907,1,4.0,100.00,0.0,0.0,0.0,0.0
1001,12.320024,12.569209,6.678000,4,0,6000.0000,-1000.0000,90.0000,1.3478,1,4.0,100.00,0.0,0.0,0.0,0.0
1002,11.518027,12.318185,6.158000,4,0,6000.0000,-1000.0000,90.0000,1.5018,1,4.0,100.00,0.0,0.0,0.0,0.0
1003,12.330104,11.482775,6.482000,4,0,6000.0000,-1000.0000,90.0000,1.6453,1,4.0,100.00,0.0,0.0,0.0,0.0
1004,11.696731,12.367046,6.343000,4,0,6000.0000,-1000.0000,90.0000,1.7999,1,4.0,100.00,0.0,0.0,0.0,0.0
1005,11.337681,11.666140,6.191000,4,0,6000.0000,-1000.0000,90.0000,1.9458,1,4.0,100.00,0.0,0.0,0.0,0.0
1006,11.168438,11.352502,6.255000,4,0,6000.0000,-1000.0000,90.0000,2.0877,1,4.0,100.00,0.0,0.0,0.0,0.0
1007,11.260841,11.147907,6.216000,4,0,6000.0000,-1000.0000,90.0000,2.2270,1,4.0,100.00,0.0,0.0,0.0,0.0
1008,11.511995,11.270311,6.192000,4,0,6000.0000,-1000.0000,90.0000,2.3679,1,4.0,100.00,0.0,0.0,0.0,0.0
1009,11.123347,11.527736,6.412000,4,0,6000.0000,-1000.0000,90.0000,2.5120,1,4.0,100.00,0.0,0.0,0.0,0.0
1010,10.726118,11.107386,6.195000,4,0,6000.0000,-1000.0000,90.0000,2.6508,1,4.0,100.00,0.0,0.0,0.0,0.0
1011,11.515586,10.769929,6.208000,4,0,6000.0000,-1000.0000,90.0000,2.7855,1,4.0,100.00,0.0,0.0,0.0,0.0
1012,11.521046,11.503817,6.239000,4,0,6000.0000,-1000.0000,90.0000,2.9293,1,4.0,100.00,0.0,0.0,0.0,0.0
1013,11.734522,11.524275,6.239000,4,0,6000.0000,-1000.0000,90.0000,3.0733,1,4.0,100.00,0.0,0.0,0.0,0.0
1014,11.744140,11.734362,6.231000,4,0,6000.0000,-1000.0000,90.0000,3.2200,1,4.0,100.00,0.0,0.0,0.0,0.0
1015,12.023088,11.718151,6.258000,4,0,6000.0000,-1000.0000,90.0000,3.3665,1,4.0,100.00,0.0,0.0,0.0,0.0
1016,11.495296,12.043318,6.182000,4,0,6000.0000,-1000.0000,90.0000,3.5170,1,4.0,100.00,0.0,0.0,0.0,0.0
1017,11.141057,11.527266,6.232000,4,0,6000.0000,-1000.0000,90.0000,3.6611,1,4.0,100.00,0.0,0.0,0.0,0.0
1018,11.558318,11.132447,6.160000,4,0,6000.0000,-1000.0000,90.0000,3.8003,1,4.0,100.00,0.0,0.0,0.0,0.0
1019,11.286260,11.517856,6.197000,4,0,6000.0000,-1000.0000,90.0000,3.9442,1,4.0,100.00,0.0,0.0,0.0,0.0
1020,11.599768,11.320392,6.311000,4,0,6000.0000,-1000.0000,90.0000,4.0857,1,4.0,100.00,0.0,0.0,0.0,0.0
1021,11.720171,11.560427,6.180000,4,0,6000.0000,-1000.0000,90.0000,4.2302,1,4.0,100.00,0.0,0.0,0.0,0.0
1022,12.224072,11.735600,6.328000,4,0,6000.0000,-1000.0000,90.0000,4.3769,1,4.0,100.00,0.0,0.0,0.0,0.0
1023,12.144141,12.224094,6.266000,4,0,6000.0000,-1000.0000,90.0000,4.5297,1,4.0,100.00,0.0,0.0,0.0,0.0
1024,12.875527,12.168001,6.199000,4,0,6000.0000,-1000.0000,90.0000,4.6818,1,4.0,100.00,0.0,0.0,0.0,0.0
1025,13.247887,12.811036,6.248000,4,0,6000.0000,-1000.0000,90.0000,4.8420,1,4.0,100.00,0.0,0.0,0.0,0.0
1026,12.911558,13.240675,6.268000,4,0,6000.0000,-1000.0000,90.0000,5.0075,1,4.0,100.00,0.0,0.0,0.0,0.0
1027,12.906487,12.913899,6.341000,4,0,6000.0000,-1000.0000,90.0000,5.1689,1,4.0,100.00,0.0,0.0,0.0,0.0
1028,11.098758,12.920998,6.199000,4,0,6000.0000,-1000.0000,90.0000,5.3304,1,4.0,100.00,0.0,0.0,0.0,0.0
1029,11.321951,11.076896,6.199000,4,0,6000.0000,-1000.0000,90.0000,5.4689,1,4.0,100.00,0.0,0.0,0.0,0.0
1030,13.389329,11.372323,6.276000,4,0,6000.0000,-1000.0000,90.0000,5.6110,1,4.0,100.00,0.0,0.0,0.0,0.0
1031,10.963413,13.561583,6.276000,4,0,6000.0000,-1000.0000,90.0000,5.7806,1,4.0,100.00,0.0,0.0,0.0,0.0
1032,11.659270,10.758748,6.242000,4,0,6000.0000,-1000.0000,90.0000,5.9150,1,4.0,100.00,0.0,0.0,0.0,0.0
1033,12.378776,11.717891,6.242000,4,0,6000.0000,-1000.0000,90.0000,6.0615,1,4.0,100.00,0.0,0.0,0.0,0.0
1034,13.000990,12.311394,6.229000,4,0,6000.0000,-1000.0000,90.0000,6.2154,1,4.0,100.00,0.0,0.0,0.0,0.0
1035,11.199538,13.001321,6.264000,4,0,6000.0000,-1000.0000,90.0000,6.3779,1,4.0,100.00,0.0,0.0,0.0,0.0
1036,12.901259,11.232960,6.237000,4,0,6000.0000,-1000.0000,90.0000,6.5183,1,4.0,100.00,0.0,0.0,0.0,0.0
1037,11.433064,12.897118,6.528000,4,0,6000.0000,-1000.0000,90.0000,6.6795,1,4.0,100.00,0.0,0.0,0.0,0.0
1038,13.862651,11.416643,6.216000,4,0,6000.0000,-1000.0000,90.0000,6.8223,1,4.0,100.00,0.0,0.0,0.0,0.0
1039,10.277667,13.878831,6.216000,4,0,6000.0000,-1000.0000,90.0000,6.9957,1,4.0,100.00,0.0,0.0,0.0,0.0
1040,10.331598,10.304808,6.526000,4,0,6000.0000,-1000.0000,90.0000,7.1245,1,4.0,100.00,0.0,0.0,0.0,0.0
1041,11.144208,10.315068,6.185000,4,0,6000.0000,-1000.0000,90.0000,7.2535,1,4.0,100.00,0.0,0.0,0.0,0.0
1042,10.907402,11.120848,6.176000,4,0,6000.0000,-1000.0000,90.0000,7.3925,1,4.0,100.00,0.0,0.0,0.0,0.0
1043,11.740511,11.141737,6.238000,4,0,6000.0000,-1000.0000,90.0000,7.5318,1,4.0,100.00,0.0,0.0,0.0,0.0
1044,10.818700,11.527346,6.172000,4,0,6000.0000,-1000.0000,90.0000,7.6759,1,4.0,100.00,0.0,0.0,0.0,0.0
1045,11.615678,10.861041,6.337000,4,0,6000.0000,-1000.0000,90.0000,7.8116,1,4.0,100.00,0.0,0.0,0.0,0.0
1046,11.918005,11.564747,6.283000,4,0,6000.0000,-1000.0000,90.0000,7.9562,1,4.0,100.00,0.0,0.0,0.0,0.0
1047,11.750442,11.895705,6.278000,4,0,6000.0000,-1000.0000,90.0000,8.1049,1,4.0,100.00,0.0,0.0,0.0,0.0
1048,10.852711,11.791532,6.182000,4,0,6000.0000,-1000.0000,90.0000,8.2523,1,4.0,100.00,0.0,0.0,0.0,0.0
1049,11.598738,10.842741,6.231000,4,0,6000.0000,-1000.0000,90.0000,8.3878,1,4.0,100.00,0.0,0.0,0.0,0.0
1050,10.784359,11.608828,6.287000,4,0,6000.0000,-1000.0000,90.0000,8.5329,1,4.0,100.00,0.0,0.0,0.0,0.0
1051,11.384683,10.749219,6.235000,4,0,6000.0000,-1000.0000,90.0000,8.6673,1,4.0,100.00,0.0,0.0,0.0,0.0
1052,10.811539,11.412033,6.213000,4,0,6000.0000,-1000.0000,90.0000,8.8099,1,4.0,100.00,0.0,0.0,0.0,0.0
1053,11.314542,10.806090,6.164000,4,0,6000.0000,-1000.0000,90.0000,8.9450,1,4.0,100.00,0.0,0.0,0.0,0.0
1054,11.091416,11.331831,6.202000,4,0,6000.0000,-1000.0000,90.0000,9.0867,1,4.0,100.00,0.0,0.0,0.0,0.0
1055,11.973717,11.123217,6.297000,4,0,6000.0000,-1000.0000,90.0000,9.2257,1,4.0,100.00,0.0,0.0,0.0,0.0
1056,11.003584,11.939886,6.544000,4,0,6000.0000,-1000.0000,90.0000,9.3749,1,4.0,100.00,0.0,0.0,0.0,0.0
1057,11.331252,11.011694,6.276000,4,0,6000.0000,-1000.0000,90.0000,9.5126,1,4.0,100.00,0.0,0.0,0.0,0.0
1058,11.625769,11.302941,6.244000,4,0,6000.0000,-1000.0000,90.0000,9.6539,1,4.0,100.00,0.0,0.0,0.0,0.0
1059,11.664209,11.656210,6.202000,4,0,6000.0000,-1000.0000,90.0000,9.7996,1,4.0,100.00,0.0,0.0,0.0,0.0
1060,12.021937,11.657419,6.609000,4,0,6000.0000,-1000.0000,90.0000,9.9453,1,4.0,100.00,0.0,0.0,0.0,0.0
1061,12.026478,12.006508,6.522000,4,0,6000.0000,-1000.0000,90.0000,10.0954,1,4.0,100.00,0.0,0.0,0.0,0.0
1062,11.080727,12.006497,6.465000,4,0,6000.0000,-1000.0000,90.0000,10.2455,1,4.0,100.00,0.0,0.0,0.0,0.0
1063,12.058629,11.086396,6.272000,4,0,6000.0000,-1000.0000,90.0000,10.3840,1,4.0,100.00,0.0,0.0,0.0,0.0
1064,11.740810,12.055589,6.607000,4,0,6000.0000,-1000.0000,90.0000,10.5347,1,4.0,100.00,0.0,0.0,0.0,0.0
1065,12.254754,11.781842,6.562000,4,0,6000.0000,-1000.0000,90.0000,10.6820,1,4.0,100.00,0.0,0.0,0.0,0.0
1066,12.433397,12.209172,6.553000,4,0,6000.0000,-1000.0000,90.0000,10.8346,1,4.0,100.00,0.0,0.0,0.0,0.0
1067,11.801883,12.457667,6.781000,4,0,6000.0000,-1000.0000,90.0000,10.9903,1,4.0,100.00,0.0,0.0,0.0,0.0
1068,12.180861,11.816484,6.585000,4,0,6000.0000,-1000.0000,90.0000,11.1381,1,4.0,100.00,0.0,0.0,0.0,0.0
1069,10.773079,12.136670,6.558000,4,0,6000.0000,-1000.0000,90.0000,11.2898,1,4.0,100.00,0.0,0.0,0.0,0.0
1070,12.808316,10.827220,6.493000,4,0,6000.0000,-1000.0000,90.0000,11.4251,1,4.0,100.00,0.0,0.0,0.0,0.0
1071,11.122957,12.771335,6.493000,4,0,6000.0000,-1000.0000,90.0000,11.5847,1,4.0,100.00,0.0,0.0,0.0,0.0
1072,11.592057,11.151868,6.210000,4,0,6000.0000,-1000.0000,90.0000,11.7241,1,4.0,100.00,0.0,0.0,0.0,0.0
1073,11.313242,11.562147,6.401000,4,0,6000.0000,-1000.0000,90.0000,11.8687,1,4.0,100.00,0.0,0.0,0.0,0.0
1074,11.057435,11.347502,6.362000,4,0,6000.0000,-1000.0000,90.0000,12.0105,1,4.0,100.00,0.0,0.0,0.0,0.0
1075,11.499216,11.034155,6.315000,4,0,6000.0000,-1000.0000,90.0000,12.1484,1,4.0,100.00,0.0,0.0,0.0,0.0
1076,12.070488,11.538806,6.251000,4,0,6000.0000,-1000.0000,90.0000,12.2927,1,4.0,100.00,0.0,0.0,0.0,0.0
1077,11.000984,12.067580,6.339000,4,0,6000.0000,-1000.0000,90.0000,12.4435,1,4.0,100.00,0.0,0.0,0.0,0.0
1078,11.665540,10.955792,6.242000,4,0,6000.0000,-1000.0000,90.0000,12.5805,1,4.0,100.00,0.0,0.0,0.0,0.0
1079,12.574360,11.678350,6.262000,4,0,6000.0000,-1000.0000,90.0000,12.7264,1,4.0,100.00,0.0,0.0,0.0,0.0
1080,11.707421,12.867087,6.210000,4,0,6000.0000,-1000.0000,90.0000,12.8873,1,4.0,100.00,0.0,0.0,0.0,0.0
1081,11.364943,11.410983,6.224000,4,0,6000.0000,-1000.0000,90.0000,13.0299,1,4.0,100.00,0.0,0.0,0.0,0.0
1082,11.802632,11.340163,6.342000,4,0,6000.0000,-1000.0000,90.0000,13.1717,1,4.0,100.00,0.0,0.0,0.0,0.0
1083,11.539027,11.836174,6.275000,4,0,6000.0000,-1000.0000,90.0000,13.3196,1,4.0,100.00,0.0,0.0,0.0,0.0
1084,11.308601,11.514625,6.283000,4,0,6000.0000,-1000.0000,90.0000,13.4636,1,4.0,100.00,0.0,0.0,0.0,0.0
1085,10.604325,11.317631,6.249000,4,0,6000.0000,-1000.0000,90.0000,13.6050,1,4.0,100.00,0.0,0.0,0.0,0.0
1086,11.134707,10.618716,6.298000,4,0,6000.0000,-1000.0000,90.0000,13.7378,1,4.0,100.00,0.0,0.0,0.0,0.0
1087,11.963417,11.116847,6.309000,4,0,6000.0000,-1000.0000,90.0000,13.8767,1,4.0,100.00,0.0,0.0,0.0,0.0
1088,11.516135,11.945846,6.154000,4,0,6000.0000,-1000.0000,90.0000,14.0260,1,4.0,100.00,0.0,0.0,0.0,0.0
1089,11.710881,11.533217,6.340000,4,0,6000.0000,-1000.0000,90.0000,14.1702,1,4.0,100.00,0.0,0.0,0.0,0.0
1090,12.178131,11.705999,6.200000,4,0,6000.0000,-1000.0000,90.0000,14.3165,1,4.0,100.00,0.0,0.0,0.0,0.0
1091,11.557248,12.184612,6.205000,4,0,6000.0000,-1000.0000,90.0000,14.4688,1,4.0,100.00,0.0,0.0,0.0,0.0
1092,11.242919,11.565757,6.250000,4,0,6000.0000,-1000.0000,90.0000,14.6134,1,4.0,100.00,0.0,0.0,0.0,0.0
1093,11.101857,11.238470,6.352000,4,0,6000.0000,-1000.0000,90.0000,14.7539,1,4.0,100.00,0.0,0.0,0.0,0.0
1094,12.503959,11.327152,6.215000,4,0,6000.0000,-1000.0000,90.0000,14.8955,1,4.0,100.00,0.0,0.0,0.0,0.0
1095,11.159358,12.292954,6.292000,4,0,6000.0000,-1000.0000,90.0000,15.0491,1,4.0,100.00,0.0,0.0,0.0,0.0
1096,11.148877,11.150047,6.156000,4,0,6000.0000,-1000.0000,90.0000,15.1885,1,4.0,100.00,0.0,0.0,0.0,0.0
1097,10.961713,11.128907,6.274000,4,0,6000.0000,-1000.0000,90.0000,15.3276,1,4.0,100.00,0.0,0.0,0.0,0.0
1098,12.210762,10.900612,6.311000,4,0,6000.0000,-1000.0000,90.0000,15.4639,1,4.0,100.00,0.0,0.0,0.0,0.0
1099,12.031808,12.226242,6.201000,4,0,6000.0000,-1000.0000,90.0000,15.6167,1,4.0,100.00,0.0,0.0,0.0,0.0
1100,11.408274,12.017578,6.199000,4,0,6000.0000,-1000.0000,90.0000,15.7669,1,4.0,100.00,0.0,0.0,0.0,0.0
1101,11.643548,11.461585,6.373000,4,0,6000.0000,-1000.0000,90.0000,15.9102,1,4.0,100.00,0.0,0.0,0.0,0.0
1102,12.018988,11.575757,6.514000,4,0,6000.0000,-1000.0000,90.0000,16.0549,1,4.0,100.00,0.0,0.0,0.0,0.0
1103,12.410917,12.052378,6.302000,4,0,6000.0000,-1000.0000,90.0000,16.2056,1,4.0,100.00,0.0,0.0,0.0,0.0
1104,10.949803,12.435768,6.514000,4,0,6000.0000,-1000.0000,90.0000,16.3610,1,4.0,100.00,0.0,0.0,0.0,0.0
1105,11.661119,10.934683,6.278000,4,0,6000.0000,-1000.0000,90.0000,16.4977,1,4.0,100.00,0.0,0.0,0.0,0.0
1106,11.450025,11.625328,6.192000,4,0,6000.0000,-1000.0000,90.0000,16.6430,1,4.0,100.00,0.0,0.0,0.0,0.0
1107,10.948303,11.471575,6.245000,4,0,6000.0000,-1000.0000,90.0000,16.7864,1,4.0,100.00,0.0,0.0,0.0,0.0
1108,11.485335,10.928793,6.169000,4,0,6000.0000,-1000.0000,90.0000,16.9230,1,4.0,100.00,0.0,0.0,0.0,0.0
1109,11.780352,11.485225,6.359000,4,0,6000.0000,-1000.0000,90.0000,17.0666,1,4.0,100.00,0.0,0.0,0.0,0.0
1110,10.753789,11.783212,6.253000,4,0,6000.0000,-1000.0000,90.0000,17.2139,1,4.0,100.00,0.0,0.0,0.0,0.0
1111,10.901741,10.743158,6.237000,4,0,6000.0000,-1000.0000,90.0000,17.3482,1,4.0,100.00,0.0,0.0,0.0,0.0
1112,11.274621,10.907003,6.305000,4,0,6000.0000,-1000.0000,90.0000,17.4845,1,4.0,100.00,0.0,0.0,0.0,0.0
1113,11.200099,11.264770,6.311000,4,0,6000.0000,-1000.0000,90.0000,17.6253,1,4.0,100.00,0.0,0.0,0.0,0.0
1114,11.484044,11.202388,6.317000,4,0,6000.0000,-1000.0000,90.0000,17.7653,1,4.0,100.00,0.0,0.0,0.0,0.0
1115,11.687371,11.491676,6.256000,4,0,6000.0000,-1000.0000,90.0000,17.9090,1,4.0,100.00,0.0,0.0,0.0,0.0
1116,12.299584,11.702370,6.387000,4,0,6000.0000,-1000.0000,90.0000,18.0553,1,4.0,100.00,0.0,0.0,0.0,0.0
1117,10.753708,12.333565,6.121000,4,0,6000.0000,-1000.0000,90.0000,18.2094,1,4.0,100.00,0.0,0.0,0.0,0.0
1118,12.294354,10.743998,6.170000,4,0,6000.0000,-1000.0000,90.0000,18.3437,1,4.0,100.00,0.0,0.0,0.0,0.0
1119,13.477362,12.278534,6.318000,4,0,6000.0000,-1000.0000,90.0000,18.4972,1,4.0,100.00,0.0,0.0,0.0,0.0
1120,11.872124,13.448050,6.486000,4,0,6000.0000,-1000.0000,90.0000,18.6653,1,4.0,100.00,0.0,0.0,0.0,0.0
1121,11.440444,11.929296,6.178000,4,0,6000.0000,-1000.0000,90.0000,18.8144,1,4.0,100.00,0.0,0.0,0.0,0.0
1122,11.087246,11.421993,6.238000,4,0,6000.0000,-1000.0000,90.0000,18.9572,1,4.0,100.00,0.0,0.0,0.0,0.0
1123,11.409034,11.063826,6.236000,4,0,6000.0000,-1000.0000,90.0000,19.0955,1,4.0,100.00,0.0,0.0,0.0,0.0
1124,11.058766,11.394024,6.343000,4,0,6000.0000,-1000.0000,90.0000,19.2379,1,4.0,100.00,0.0,0.0,0.0,0.0
1125,11.643578,11.071725,6.308000,4,0,6000.0000,-1000.0000,90.0000,19.3763,1,4.0,100.00,0.0,0.0,0.0,0.0
1126,11.496646,11.721281,6.147000,4,0,6000.0000,-1000.0000,90.0000,19.5228,1,4.0,100.00,0.0,0.0,0.0,0.0
1127,11.481745,11.426924,6.448000,4,0,6000.0000,-1000.0000,90.0000,19.6657,1,4.0,100.00,0.0,0.0,0.0,0.0
1128,11.570148,11.569208,6.509000,4,0,6000.0000,-1000.0000,90.0000,19.8103,1,4.0,100.00,0.0,0.0,0.0,0.0
1129,11.623429,11.519486,6.805000,4,0,6000.0000,-1000.0000,90.0000,19.9543,1,4.0,100.00,0.0,0.0,0.0,0.0
1130,11.111836,11.610058,6.508000,4,0,6000.0000,-1000.0000,90.0000,20.0994,1,4.0,100.00,0.0,0.0,0.0,0.0
1131,11.297541,11.121877,6.245000,4,0,6000.0000,-1000.0000,90.0000,20.2384,1,4.0,100.00,0.0,0.0,0.0,0.0
1132,11.247409,11.264950,6.575000,4,0,6000.0000,-1000.0000,90.0000,20.3792,1,4.0,100.00,0.0,0.0,0.0,0.0
1133,11.069076,11.250850,6.522000,4,0,6000.0000,-1000.0000,90.0000,20.5199,1,4.0,100.00,0.0,0.0,0.0,0.0
1134,11.222789,11.097626,6.499000,4,0,6000.0000,-1000.0000,90.0000,20.6586,1,4.0,100.00,0.0,0.0,0.0,0.0
1135,11.177689,11.228090,6.562000,4,0,6000.0000,-1000.0000,90.0000,20.7990,1,4.0,100.00,0.0,0.0,0.0,0.0
1136,11.118027,11.203589,6.506000,4,0,6000.0000,-1000.0000,90.0000,20.9390,1,4.0,100.00,0.0,0.0,0.0,0.0
1137,11.045435,11.072745,6.388000,4,0,6000.0000,-1000.0000,90.0000,21.0774,1,4.0,100.00,0.0,0.0,0.0,0.0
1138,10.902062,11.048155,6.484000,4,0,6000.0000,-1000.0000,90.0000,21.2155,1,4.0,100.00,0.0,0.0,0.0,0.0
1139,10.775478,10.915023,6.247000,4,0,6000.0000,-1000.0000,90.0000,21.3519,1,4.0,100.00,0.0,0.0,0.0,0.0
1140,11.385154,10.752478,6.279000,4,0,6000.0000,-1000.0000,90.0000,21.4864,1,4.0,100.00,0.0,0.0,0.0,0.0
1141,11.590177,11.398583,6.329000,4,0,6000.0000,-1000.0000,90.0000,21.6288,1,4.0,100.00,0.0,0.0,0.0,0.0
1142,11.621369,11.592439,6.407000,4,0,6000.0000,-1000.0000,90.0000,21.7737,1,4.0,100.00,0.0,0.0,0.0,0.0
1143,11.120387,11.629967,6.289000,4,0,6000.0000,-1000.0000,90.0000,21.9191,1,4.0,100.00,0.0,0.0,0.0,0.0
1144,11.693260,11.149118,6.274000,4,0,6000.0000,-1000.0000,90.0000,22.0585,1,4.0,100.00,0.0,0.0,0.0,0.0
1145,10.615015,11.654310,6.214000,4,0,6000.0000,-1000.0000,90.0000,22.2042,1,4.0,100.00,0.0,0.0,0.0,0.0
1146,11.402814,10.613645,6.226000,4,0,6000.0000,-1000.0000,90.0000,22.3368,1,4.0,100.00,0.0,0.0,0.0,0.0
1147,10.996124,11.381643,6.318000,4,0,6000.0000,-1000.0000,90.0000,22.4791,1,4.0,100.00,0.0,0.0,0.0,0.0
1148,10.818790,10.996004,6.353000,4,0,6000.0000,-1000.0000,90.0000,22.6165,1,4.0,100.00,0.0,0.0,0.0,0.0
1149,10.751047,10.809090,6.190000,4,0,6000.0000,-1000.0000,90.0000,22.7517,1,4.0,100.00,0.0,0.0,0.0,0.0
1150,10.912803,10.774159,6.252000,4,0,6000.0000,-1000.0000,90.0000,22.8863,1,4.0,100.00,0.0,0.0,0.0,0.0
1151,10.709357,10.945653,6.255000,4,0,6000.0000,-1000.0000,90.0000,23.0232,1,4.0,100.00,0.0,0.0,0.0,0.0
1152,10.945373,10.704166,6.215000,4,0,6000.0000,-1000.0000,90.0000,23.1570,1,4.0,100.00,0.0,0.0,0.0,0.0
1153,17.206487,10.914452,6.210000,4,0,6000.0000,-1000.0000,90.0000,23.2934,1,4.0,100.00,0.0,0.0,0.0,0.0
1154,18.548519,17.184427,6.233000,4,0,6000.0000,-1000.0000,90.0000,23.5082,1,4.0,100.00,0.0,0.0,0.0,0.0
1155,11.160998,18.575800,6.233000,4,0,6000.0000,-1000.0000,90.0000,23.7404,1,4.0,100.00,0.0,0.0,0.0,0.0
1156,13.247266,11.124267,6.260000,4,0,6000.0000,-1000.0000,90.0000,23.8794,1,4.0,100.00,0.0,0.0,0.0,0.0
1157,17.879703,13.262436,6.284000,4,0,6000.0000,-1000.0000,90.0000,24.0452,1,4.0,100.00,0.0,0.0,0.0,0.0
1158,15.155410,17.859682,6.284000,4,0,6000.0000,-1000.0000,90.0000,24.2685,1,4.0,100.00,0.0,0.0,0.0,0.0
1159,14.993686,15.147250,6.231000,4,0,6000.0000,-1000.0000,90.0000,24.4578,1,4.0,100.00,0.0,0.0,0.0,0.0
1160,14.716590,14.990806,6.191000,4,0,6000.0000,-1000.0000,90.0000,24.6452,1,4.0,100.00,0.0,0.0,0.0,0.0
1161,12.457418,14.749401,6.191000,4,0,6000.0000,-1000.0000,90.0000,24.8296,1,4.0,100.00,0.0,0.0,0.0,0.0
1162,12.634512,12.447287,6.256000,4,0,6000.0000,-1000.0000,90.0000,24.9852,1,4.0,100.00,0.0,0.0,0.0,0.0
1163,15.081928,12.614692,6.272000,5,0,6000.0000,-1000.0000,90.0000,-25.0000,1,4.0,100.00,0.0,0.0,0.0,0.0
1164,19.677045,15.133160,6.272000,5,0,6000.0000,-1000.0000,90.0000,-25.0000,1,4.0,100.00,0.0,0.0,0.0,0.0
1165,11.109897,19.661674,6.312000,5,0,6000.0000,-1000.0000,90.0000,-25.0000,1,4.0,100.00,0.0,0.0,0.0,0.0
1166,19.344566,11.084386,6.813000,5,0,6000.0000,-1000.0000,90.0000,-25.0000,1,4.0,100.00,0.0,0.0,0.0,0.0
1167,11.882345,19.403968,6.813000,5,0,6000.0000,-1000.0000,90.0000,-25.0000,1,4.0,100.00,0.0,0.0,0.0,0.0
1168,15.098178,11.870254,6.720000,5,0,6000.0000,-1000.0000,90.0000,-25.0000,1,4.0,100.00,0.0,0.0,0.0,0.0
1169,14.530997,15.100009,6.117000,5,0,6000.0000,-1000.0000,90.0000,-25.0000,1,4.0,100.00,0.0,0.0,0.0,0.0
1170,13.052771,14.549337,6.117000,5,0,6000.0000,-1000.0000,90.0000,-25.0000,1,4.0,100.00,0.0,0.0,0.0,0.0
1171,14.578766,13.024090,6.160000,5,0,6000.0000,-1000.0000,90.0000,-25.0000,1,4.0,100.00,0.0,0.0,0.0,0.0
1172,15.708513,14.609157,6.149000,5,0,6000.0000,-1000.0000,90.0000,-25.0000,1,4.0,100.00,0.0,0.0,0.0,0.0
1173,18.114959,15.684163,6.092000,5,0,6000.0000,-1000.0000,90.0000,-25.0000,1,4.0,100.00,0.0,0.0,0.0,0.0
1174,16.806138,18.129578,6.109000,5,0,6000.0000,-1000.0000,90.0000,-25.0000,1,4.0,100.00,0.0,0.0,0.0,0.0
1175,16.139093,16.824219,6.059000,5,0,6000.0000,-1000.0000,90.0000,-25.0000,1,4.0,100.00,0.0,0.0,0.0,0.0
1176,16.024950,16.072351,6.060000,5,0,6000.0000,-1000.0000,90.0000,-25.0000,1,4.0,100.00,0.0,0.0,0.0,0.0
1177,16.707436,16.015840,6.136000,5,0,6000.0000,-1000.0000,90.0000,-25.0000,1,4.0,100.00,0.0,0.0,0.0,0.0
1178,13.863781,16.703507,5.998000,5,0,6000.0000,-1000.0000,90.0000,-25.0000,1,4.0,100.00,0.0,0.0,0.0,0.0
1179,10.935171,13.858040,5.998000,5,0,6000.0000,-1000.0000,90.0000,-25.0000,1,4.0,100.00,0.0,0.0,0.0,0.0
1180,10.848981,10.921732,6.020000,5,0,6000.0000,-1000.0000,90.0000,-25.0000,1,4.0,100.00,0.0,0.0,0.0,0.0
1181,10.999604,10.875012,6.069000,5,0,6000.0000,-1000.0000,90.0000,-25.0000,1,4.0,100.00,0.0,0.0,0.0,0.0
1182,9.760266,10.997263,6.069000,5,0,6000.0000,-1000.0000,90.0000,-25.0000,1,4.0,100.00,0.0,0.0,0.0,0.0
1183,10.494833,9.739105,6.158000,5,0,6000.0000,-1000.0000,90.0000,-25.0000,1,4.0,100.00,0.0,0.0,0.0,0.0
1184,10.963283,10.490083,6.073000,5,0,6000.0000,-1000.0000,90.0000,-25.0000,1,4.0,100.00,0.0,0.0,0.0,0.0
1185,12.460437,10.958783,6.121000,5,0,6000.0000,-1000.0000,90.0000,-25.0000,1,4.0,100.00,0.0,0.0,0.0,0.0
1186,11.393353,12.465537,6.129000,5,0,6000.0000,-1000.0000,90.0000,-25.0000,1,4.0,100.00,0.0,0.0,0.0,0.0
1187,11.587548,11.394024,6.497000,5,0,6000.0000,-1000.0000,90.0000,-25.0000,1,4.0,100.00,0.0,0.0,0.0,0.0
1188,10.731378,11.597537,6.432000,5,0,6000.0000,-1000.0000,90.0000,-25.0000,1,4.0,100.00,0.0,0.0,0.0,0.0
1189,11.000374,10.726408,6.558000,5,0,6000.0000,-1000.0000,90.0000,-25.0000,1,4.0,100.00,0.0,0.0,0.0,0.0
1190,11.261640,10.992874,6.460000,5,0,6000.0000,-1000.0000,90.0000,-25.0000,1,4.0,100.00,0.0,0.0,0.0,0.0
1191,11.333742,11.264880,6.539000,5,0,6000.0000,-1000.0000,90.0000,-25.0000,1,4.0,100.00,0.0,0.0,0.0,0.0
1192,10.948323,11.345762,6.456000,5,0,6000.0000,-1000.0000,90.0000,-25.0000,1,4.0,100.00,0.0,0.0,0.0,0.0
1193,11.772172,10.942683,6.458000,5,0,6000.0000,-1000.0000,90.0000,-25.0000,1,4.0,100.00,0.0,0.0,0.0,0.0
1194,10.419040,11.759542,6.185000,5,0,6000.0000,-1000.0000,90.0000,-25.0000,1,4.0,100.00,0.0,0.0,0.0,0.0
1195,10.641506,10.421891,6.186000,5,0,6000.0000,-1000.0000,90.0000,-25.0000,1,4.0,100.00,0.0,0.0,0.0,0.0
1196,10.484803,10.650236,6.083000,5,0,6000.0000,-1000.0000,90.0000,-25.0000,1,4.0,100.00,0.0,0.0,0.0,0.0
1197,10.316198,10.479862,6.126000,5,0,6000.0000,-1000.0000,90.0000,-25.0000,1,4.0,100.00,0.0,0.0,0.0,0.0
1198,10.748689,10.313668,6.123000,5,0,6000.0000,-1000.0000,90.0000,-25.0000,1,4.0,100.00,0.0,0.0,0.0,0.0
1199,10.611074,10.752499,6.136000,5,0,6000.0000,-1000.0000,90.0000,-25.0000,1,4.0,100.00,0.0,0.0,0.0,0.0
1200,11.115317,10.658275,6.128000,5,0,6000.0000,-1000.0000,90.0000,-25.0000,1,4.0,100.00,0.0,0.0,0.0,0.0
1201,10.344669,11.062776,6.195000,5,0,6000.0000,-1000.0000,90.0000,-25.0000,1,4.0,100.00,0.0,0.0,0.0,0.0
1202,11.228810,10.347959,6.065000,5,0,6000.0000,-1000.0000,90.0000,-25.0000,1,4.0,100.00,0.0,0.0,0.0,0.0
1203,10.212305,11.233860,6.073000,5,0,6000.0000,-1000.0000,90.0000,-25.0000,1,4.0,100.00,0.0,0.0,0.0,0.0
1204,10.036322,10.239886,6.037000,5,0,6000.0000,-1000.0000,90.0000,-25.0000,1,4.0,100.00,0.0,0.0,0.0,0.0
1205,10.368299,10.023722,6.259000,5,0,6000.0000,-1000.0000,90.0000,-25.0000,1,4.0,100.00,0.0,0.0,0.0,0.0
1206,9.767366,10.337849,6.125000,5,0,6000.0000,-1000.0000,90.0000,-25.0000,1,4.0,100.00,0.0,0.0,0.0,0.0
1207,10.147724,9.768005,6.125000,5,0,6000.0000,-1000.0000,90.0000,-25.0000,1,4.0,100.00,0.0,0.0,0.0,0.0
1208,11.420025,10.137495,6.097000,5,0,6000.0000,-1000.0000,90.0000,-25.0000,1,4.0,100.00,0.0,0.0,0.0,0.0
1209,10.384049,11.422073,6.098000,5,0,6000.0000,-1000.0000,90.0000,-25.0000,1,4.0,100.00,0.0,0.0,0.0,0.0
1210,10.578195,10.398960,6.149000,5,0,6000.0000,-1000.0000,90.0000,-25.0000,1,4.0,100.00,0.0,0.0,0.0,0.0
1211,10.105433,10.562635,6.189000,5,0,6000.0000,-1000.0000,90.0000,-25.0000,1,4.0,100.00,0.0,0.0,0.0,0.0
1212,10.414260,10.115883,6.068000,5,0,6000.0000,-1000.0000,90.0000,-25.0000,1,4.0,100.00,0.0,0.0,0.0,0.0
1213,10.107274,10.397550,6.229000,5,0,6000.0000,-1000.0000,90.0000,-25.0000,1,4.0,100.00,0.0,0.0,0.0,0.0
1214,10.737368,10.104633,6.128000,5,0,6000.0000,-1000.0000,90.0000,-25.0000,1,4.0,100.00,0.0,0.0,0.0,0.0
1215,10.403891,10.762169,6.121000,5,0,6000.0000,-1000.0000,90.0000,-25.0000,1,4.0,100.00,0.0,0.0,0.0,0.0
1216,10.444381,10.390381,6.406000,5,0,6000.0000,-1000.0000,90.0000,-25.0000,1,4.0,100.00,0.0,0.0,0.0,0.0
1217,9.945870,10.439410,6.489000,5,0,6000.0000,-1000.0000,90.0000,-25.0000,1,4.0,100.00,0.0,0.0,0.0,0.0
1218,10.336608,9.937710,6.117000,5,0,6000.0000,-1000.0000,90.0000,-25.0000,1,4.0,100.00,0.0,0.0,0.0,0.0
1219,10.975814,10.358059,6.064000,5,0,6000.0000,-1000.0000,90.0000,-25.0000,1,4.0,100.00,0.0,0.0,0.0,0.0
1220,13.137873,10.974133,6.475000,5,0,6000.0000,-1000.0000,90.0000,-25.0000,1,4.0,100.00,0.0,0.0,0.0,0.0
1221,10.560744,13.125574,6.116000,5,0,6000.0000,-1000.0000,90.0000,-25.0000,1,4.0,100.00,0.0,0.0,0.0,0.0
1222,10.703698,10.553144,6.072000,5,0,6000.0000,-1000.0000,90.0000,-25.0000,1,4.0,100.00,0.0,0.0,0.0,0.0
1223,11.167678,10.730608,6.129000,5,0,6000.0000,-1000.0000,90.0000,-25.0000,1,4.0,100.00,0.0,0.0,0.0,0.0
1224,10.814720,11.151027,6.100000,5,0,6000.0000,-1000.0000,90.0000,-25.0000,1,4.0,100.00,0.0,0.0,0.0,0.0
1225,10.757927,10.824971,6.395000,5,0,6000.0000,-1000.0000,90.0000,-25.0000,1,4.0,100.00,0.0,0.0,0.0,0.0
1226,10.570175,10.751847,6.075000,5,0,6000.0000,-1000.0000,90.0000,-25.0000,1,4.0,100.00,0.0,0.0,0.0,0.0
1227,10.833010,10.560295,6.047000,5,0,6000.0000,-1000.0000,90.0000,-25.0000,1,4.0,100.00,0.0,0.0,0.0,0.0
1228,11.586368,10.901001,6.073000,5,0,6000.0000,-1000.0000,90.0000,-25.0000,1,4.0,100.00,0.0,0.0,0.0,0.0
1229,11.164037,11.535486,6.121000,5,0,6000.0000,-1000.0000,90.0000,-25.0000,1,4.0,100.00,0.0,0.0,0.0,0.0
1230,12.641113,11.156039,6.111000,5,0,6000.0000,-1000.0000,90.0000,-25.0000,1,4.0,100.00,0.0,0.0,0.0,0.0
1231,10.264926,12.658762,6.089000,5,0,6000.0000,-1000.0000,90.0000,-25.0000,1,4.0,100.00,0.0,0.0,0.0,0.0
1232,10.399671,10.248916,6.167000,5,0,6000.0000,-1000.0000,90.0000,-25.0000,1,4.0,100.00,0.0,0.0,0.0,0.0
1233,10.383120,10.403551,6.203000,5,0,6000.0000,-1000.0000,90.0000,-25.0000,1,4.0,100.00,0.0,0.0,0.0,0.0
1234,11.383063,10.385850,6.130000,5,0,6000.0000,-1000.0000,90.0000,-25.0000,1,4.0,100.00,0.0,0.0,0.0,0.0
1235,9.933209,11.389563,6.121000,5,0,6000.0000,-1000.0000,90.0000,-25.0000,1,4.0,100.00,0.0,0.0,0.0,0.0
1236,10.887551,9.927200,6.056000,5,0,6000.0000,-1000.0000,90.0000,-25.0000,1,4.0,100.00,0.0,0.0,0.0,0.0
1237,11.266131,10.898311,6.084000,5,0,6000.0000,-1000.0000,90.0000,-25.0000,1,4.0,100.00,0.0,0.0,0.0,0.0
1238,10.427211,11.257510,6.077000,5,0,6000.0000,-1000.0000,90.0000,-25.0000,1,4.0,100.00,0.0,0.0,0.0,0.0
1239,10.217716,10.449401,6.052000,5,0,6000.0000,-1000.0000,90.0000,-25.0000,1,4.0,100.00,0.0,0.0,0.0,0.0
1240,10.082672,10.195926,6.047000,5,0,6000.0000,-1000.0000,90.0000,-25.0000,1,4.0,100.00,0.0,0.0,0.0,0.0
1241,10.159855,10.081832,6.198000,5,0,6000.0000,-1000.0000,90.0000,-25.0000,1,4.0,100.00,0.0,0.0,0.0,0.0
1242,10.721058,10.160306,6.187000,5,0,6000.0000,-1000.0000,90.0000,-25.0000,1,4.0,100.00,0.0,0.0,0.0,0.0
1243,11.397264,10.718227,6.075000,5,0,6000.0000,-1000.0000,90.0000,-25.0000,1,4.0,100.00,0.0,0.0,0.0,0.0
1244,10.440700,11.408564,6.133000,5,0,6000.0000,-1000.0000,90.0000,-25.0000,1,4.0,100.00,0.0,0.0,0.0,0.0
1245,11.171718,10.453021,6.117000,5,0,6000.0000,-1000.0000,90.0000,-25.0000,1,4.0,100.00,0.0,0.0,0.0,0.0
1246,11.634359,11.175578,6.427000,5,0,6000.0000,-1000.0000,90.0000,-25.0000,1,4.0,100.00,0.0,0.0,0.0,0.0
1247,11.408344,11.609258,6.431000,5,0,6000.0000,-1000.0000,90.0000,-25.0000,1,4.0,100.00,0.0,0.0,0.0,0.0
1248,10.678957,11.401863,6.512000,5,0,6000.0000,-1000.0000,90.0000,-25.0000,1,4.0,100.00,0.0,0.0,0.0,0.0
1249,10.592504,10.675207,6.458000,5,0,6000.0000,-1000.0000,90.0000,-25.0000,1,4.0,100.00,0.0,0.0,0.0,0.0
1250,11.129818,10.594405,6.404000,5,0,6000.0000,-1000.0000,90.0000,-25.0000,1,4.0,100.00,0.0,0.0,0.0,0.0
1251,10.521612,11.128747,6.454000,5,0,6000.0000,-1000.0000,90.0000,-25.0000,1,4.0,100.00,0.0,0.0,0.0,0.0
1252,11.235339,10.578564,6.329000,5,0,6000.0000,-1000.0000,90.0000,-25.0000,1,4.0,100.00,0.0,0.0,0.0,0.0
1253,11.908176,11.193898,6.175000,5,0,6000.0000,-1000.0000,90.0000,-25.0000,1,4.0,100.00,0.0,0.0,0.0,0.0
1254,10.822280,11.906256,6.107000,5,0,6000.0000,-1000.0000,90.0000,-25.0000,1,4.0,100.00,0.0,0.0,0.0,0.0
1255,11.486825,10.847980,6.209000,5,0,6000.0000,-1000.0000,90.0000,-25.0000,1,4.0,100.00,0.0,0.0,0.0,0.0
1256,10.700777,11.464406,6.104000,5,0,6000.0000,-1000.0000,90.0000,-25.0000,1,4.0,100.00,0.0,0.0,0.0,0.0
1257,10.787219,10.703826,6.119000,5,0,6000.0000,-1000.0000,90.0000,-25.0000,1,4.0,100.00,0.0,0.0,0.0,0.0
1258,10.871912,10.793910,6.160000,5,0,6000.0000,-1000.0000,90.0000,-25.0000,1,4.0,100.00,0.0,0.0,0.0,0.0
1259,10.848010,10.863811,6.113000,5,0,6000.0000,-1000.0000,90.0000,-25.0000,1,4.0,100.00,0.0,0.0,0.0,0.0
1260,10.436901,10.841400,6.061000,5,0,6000.0000,-1000.0000,90.0000,-25.0000,1,4.0,100.00,0.0,0.0,0.0,0.0
1261,11.485816,10.432311,6.117000,5,0,6000.0000,-1000.0000,90.0000,-25.0000,1,4.0,100.00,0.0,0.0,0.0,0.0
1262,10.458621,11.496496,6.081000,5,0,6000.0000,-1000.0000,90.0000,-25.0000,1,4.0,100.00,0.0,0.0,0.0,0.0
1263,11.007854,10.502382,6.164000,5,0,6000.0000,-1000.0000,90.0000,-25.0000,1,4.0,100.00,0.0,0.0,0.0,0.0
1264,11.737212,10.961143,6.176000,5,0,6000.0000,-1000.0000,90.0000,-25.0000,1,4.0,100.00,0.0,0.0,0.0,0.0
1265,11.690510,11.749072,6.038000,5,0,6000.0000,-1000.0000,90.0000,-25.0000,1,4.0,100.00,0.0,0.0,0.0,0.0
1266,11.849343,11.678350,6.134000,5,0,6000.0000,-1000.0000,90.0000,-25.0000,1,4.0,100.00,0.0,0.0,0.0,0.0
1267,12.630882,11.856464,6.083000,5,0,6000.0000,-1000.0000,90.0000,-25.0000,1,4.0,100.00,0.0,0.0,0.0,0.0
1268,12.161471,12.643751,6.155000,5,0,6000.0000,-1000.0000,90.0000,-25.0000,1,4.0,100.00,0.0,0.0,0.0,0.0
1269,11.938205,12.166311,6.136000,5,0,6000.0000,-1000.0000,90.0000,-25.0000,1,4.0,100.00,0.0,0.0,0.0,0.0
1270,13.859011,11.922526,6.095000,5,0,6000.0000,-1000.0000,90.0000,-25.0000,1,4.0,100.00,0.0,0.0,0.0,0.0
1271,11.994197,13.867080,6.207000,5,0,6000.0000,-1000.0000,90.0000,-25.0000,1,4.0,100.00,0.0,0.0,0.0,0.0
1272,12.656452,11.995157,6.069000,5,0,6000.0000,-1000.0000,90.0000,-25.0000,1,4.0,100.00,0.0,0.0,0.0,0.0
1273,11.038535,12.642012,6.102000,5,0,6000.0000,-1000.0000,90.0000,-25.0000,1,4.0,100.00,0.0,0.0,0.0,0.0
1274,11.270820,11.065636,6.106000,5,0,6000.0000,-1000.0000,90.0000,-25.0000,1,4.0,100.00,0.0,0.0,0.0,0.0
1275,11.141048,11.268350,6.433000,5,0,6000.0000,-1000.0000,90.0000,-25.0000,1,4.0,100.00,0.0,0.0,0.0,0.0
1276,10.725568,11.113047,6.364000,5,0,6000.0000,-1000.0000,90.0000,-25.0000,1,4.0,100.00,0.0,0.0,0.0,0.0
1277,10.422180,10.720138,6.084000,5,0,6000.0000,-1000.0000,90.0000,-25.0000,1,4.0,100.00,0.0,0.0,0.0,0.0
1278,11.818103,10.433140,6.110000,5,0,6000.0000,-1000.0000,90.0000,-25.0000,1,4.0,100.00,0.0,0.0,0.0,0.0
1279,10.759359,11.812433,6.504000,5,0,6000.0000,-1000.0000,90.0000,-25.0000,1,4.0,100.00,0.0,0.0,0.0,0.0
1280,10.403330,10.758619,6.183000,5,0,6000.0000,-1000.0000,90.0000,-25.0000,1,4.0,100.00,0.0,0.0,0.0,0.0
1281,11.161767,10.395250,6.123000,5,0,6000.0000,-1000.0000,90.0000,-25.0000,1,4.0,100.00,0.0,0.0,0.0,0.0
1282,10.317669,11.168187,6.155000,5,0,6000.0000,-1000.0000,90.0000,-25.0000,1,4.0,100.00,0.0,0.0,0.0,0.0
1283,11.471725,10.331990,6.123000,5,0,6000.0000,-1000.0000,90.0000,-25.0000,1,4.0,100.00,0.0,0.0,0.0,0.0
1284,10.329178,11.465554,6.407000,5,0,6000.0000,-1000.0000,90.0000,-25.0000,1,4.0,100.00,0.0,0.0,0.0,0.0
1285,11.093836,10.317479,6.120000,5,0,6000.0000,-1000.0000,90.0000,-25.0000,1,4.0,100.00,0.0,0.0,0.0,0.0
1286,10.535194,11.096056,6.158000,5,0,6000.0000,-1000.0000,90.0000,-25.0000,1,4.0,100.00,0.0,0.0,0.0,0.0
1287,10.601365,10.545103,6.124000,5,0,6000.0000,-1000.0000,90.0000,-25.0000,1,4.0,100.00,0.0,0.0,0.0,0.0
1288,10.849810,10.598116,6.156000,5,0,6000.0000,-1000.0000,90.0000,-25.0000,1,4.0,100.00,0.0,0.0,0.0,0.0
1289,11.230750,10.847660,6.107000,5,0,6000.0000,-1000.0000,90.0000,-25.0000,1,4.0,100.00,0.0,0.0,0.0,0.0
1290,11.220989,11.232879,6.131000,5,0,6000.0000,-1000.0000,90.0000,-25.0000,1,4.0,100.00,0.0,0.0,0.0,0.0
1291,13.698087,11.231710,6.118000,5,0,6000.0000,-1000.0000,90.0000,-25.0000,1,4.0,100.00,0.0,0.0,0.0,0.0
1292,12.501628,13.676306,6.134000,5,0,6000.0000,-1000.0000,90.0000,-25.0000,1,4.0,100.00,0.0,0.0,0.0,0.0
1293,9.890009,12.501448,6.066000,5,0,6000.0000,-1000.0000,90.0000,-25.0000,1,4.0,100.00,0.0,0.0,0.0,0.0
1294,10.955193,9.898339,6.151000,5,0,6000.0000,-1000.0000,90.0000,-25.0000,1,4.0,100.00,0.0,0.0,0.0,0.0
1295,9.763366,10.957263,6.151000,5,0,6000.0000,-1000.0000,90.0000,-25.0000,1,4.0,100.00,0.0,0.0,0.0,0.0
1296,10.843830,9.770246,6.147000,5,0,6000.0000,-1000.0000,90.0000,-25.0000,1,4.0,100.00,0.0,0.0,0.0,0.0
1297,10.590774,10.870731,6.072000,5,0,6000.0000,-1000.0000,90.0000,-25.0000,1,4.0,100.00,0.0,0.0,0.0,0.0
1298,11.135027,10.561824,6.145000,5,0,6000.0000,-1000.0000,90.0000,-25.0000,1,4.0,100.00,0.0,0.0,0.0,0.0
1299,10.397731,11.129876,6.065000,5,0,6000.0000,-1000.0000,90.0000,-25.0000,1,4.0,100.00,0.0,0.0,0.0,0.0
1300,10.800729,10.394811,6.183000,5,0,6000.0000,-1000.0000,90.0000,-25.0000,1,4.0,100.00,0.0,0.0,0.0,0.0
1301,11.497246,10.798890,6.266000,5,0,6000.0000,-1000.0000,90.0000,-25.0000,1,4.0,100.00,0.0,0.0,0.0,0.0
1302,11.030765,11.483945,6.169000,5,0,6000.0000,-1000.0000,90.0000,-25.0000,1,4.0,100.00,0.0,0.0,0.0,0.0
1303,11.702300,11.036905,6.058000,5,0,6000.0000,-1000.0000,90.0000,-25.0000,1,4.0,100.00,0.0,0.0,0.0,0.0
1304,11.647169,11.713130,6.399000,5,0,6000.0000,-1000.0000,90.0000,-25.0000,1,4.0,100.00,0.0,0.0,0.0,0.0
1305,11.263851,11.650599,6.539000,5,0,6000.0000,-1000.0000,90.0000,-25.0000,1,4.0,100.00,0.0,0.0,0.0,0.0
1306,11.709299,11.256721,6.529000,5,0,6000.0000,-1000.0000,90.0000,-25.0000,1,4.0,100.00,0.0,0.0,0.0,0.0
1307,11.091076,11.700809,6.356000,5,0,6000.0000,-1000.0000,90.0000,-25.0000,1,4.0,100.00,0.0,0.0,0.0,0.0
1308,11.803023,11.087166,6.385000,5,0,6000.0000,-1000.0000,90.0000,-25.0000,1,4.0,100.00,0.0,0.0,0.0,0.0
1309,12.503120,11.811023,6.433000,5,0,6000.0000,-1000.0000,90.0000,-25.0000,1,4.0,100.00,0.0,0.0,0.0,0.0
1310,11.089826,12.506140,6.145000,5,0,6000.0000,-1000.0000,90.0000,-25.0000,1,4.0,100.00,0.0,0.0,0.0,0.0
1311,10.746077,11.102156,6.212000,5,0,6000.0000,-1000.0000,90.0000,-25.0000,1,4.0,100.00,0.0,0.0,0.0,0.0
1312,10.738888,10.745928,6.188000,5,0,6000.0000,-1000.0000,90.0000,-25.0000,1,4.0,100.00,0.0,0.0,0.0,0.0
1313,10.816040,10.718587,6.172000,5,0,6000.0000,-1000.0000,90.0000,-25.0000,1,4.0,100.00,0.0,0.0,0.0,0.0
1314,11.377443,10.820040,6.009000,5,0,6000.0000,-1000.0000,90.0000,-25.0000,1,4.0,100.00,0.0,0.0,0.0,0.0
1315,10.564404,11.377894,6.166000,5,0,6000.0000,-1000.0000,90.0000,-25.0000,1,4.0,100.00,0.0,0.0,0.0,0.0
1316,10.726948,10.564003,6.055000,5,0,6000.0000,-1000.0000,90.0000,-25.0000,1,4.0,100.00,0.0,0.0,0.0,0.0
1317,10.970534,10.743019,6.112000,5,0,6000.0000,-1000.0000,90.0000,-25.0000,1,4.0,100.00,0.0,0.0,0.0,0.0
1318,11.128517,10.956973,6.131000,5,0,6000.0000,-1000.0000,90.0000,-25.0000,1,4.0,100.00,0.0,0.0,0.0,0.0
1319,10.949693,11.143067,6.082000,5,0,6000.0000,-1000.0000,90.0000,-25.0000,1,4.0,100.00,0.0,0.0,0.0,0.0
1320,10.606584,10.974173,6.054000,5,0,6000.0000,-1000.0000,90.0000,-25.0000,1,4.0,100.00,0.0,0.0,0.0,0.0
1321,12.213123,10.554564,5.887000,5,0,6000.0000,-1000.0000,90.0000,-25.0000,1,4.0,100.00,0.0,0.0,0.0,0.0
1322,10.938002,12.215093,6.049000,5,0,6000.0000,-1000.0000,90.0000,-25.0000,1,4.0,100.00,0.0,0.0,0.0,0.0
1323,11.620619,10.948243,6.068000,5,0,6000.0000,-1000.0000,90.0000,-25.0000,1,4.0,100.00,0.0,0.0,0.0,0.0
1324,10.523703,11.638968,6.076000,5,0,6000.0000,-1000.0000,90.0000,-25.0000,1,4.0,100.00,0.0,0.0,0.0,0.0
1325,11.060446,10.502323,6.006000,5,0,6000.0000,-1000.0000,90.0000,-25.0000,1,4.0,100.00,0.0,0.0,0.0,0.0
1326,11.302310,11.068976,6.006000,5,0,6000.0000,-1000.0000,90.0000,-25.0000,1,4.0,100.00,0.0,0.0,0.0,0.0
1327,9.863558,11.283630,6.097000,5,0,6000.0000,-1000.0000,90.0000,-25.0000,1,4.0,100.00,0.0,0.0,0.0,0.0
1328,11.308421,9.865958,6.143000,5,0,6000.0000,-1000.0000,90.0000,-25.0000,1,4.0,100.00,0.0,0.0,0.0,0.0
1329,10.166225,11.315931,6.070000,5,0,6000.0000,-1000.0000,90.0000,-25.0000,1,4.0,100.00,0.0,0.0,0.0,0.0
1330,10.608005,10.161074,6.129000,5,0,6000.0000,-1000.0000,90.0000,-25.0000,1,4.0,100.00,0.0,0.0,0.0,0.0
1331,10.892282,10.607846,6.086000,5,0,6000.0000,-1000.0000,90.0000,-25.0000,1,4.0,100.00,0.0,0.0,0.0,0.0
1332,10.787689,10.897742,6.081000,5,0,6000.0000,-1000.0000,90.0000,-25.0000,1,4.0,100.00,0.0,0.0,0.0,0.0
1333,10.834250,10.784139,6.343000,5,0,6000.0000,-1000.0000,90.0000,-25.0000,1,4.0,100.00,0.0,0.0,0.0,0.0
1334,10.822510,10.851911,6.140000,5,0,6000.0000,-1000.0000,90.0000,-25.0000,1,4.0,100.00,0.0,0.0,0.0,0.0
1335,10.470842,10.804298,6.281000,5,0,6000.0000,-1000.0000,90.0000,-25.0000,1,4.0,100.00,0.0,0.0,0.0,0.0
1336,10.864521,10.489573,6.124000,5,0,6000.0000,-1000.0000,90.0000,-25.0000,1,4.0,100.00,0.0,0.0,0.0,0.0
1337,11.131027,10.854511,6.157000,5,0,6000.0000,-1000.0000,90.0000,-25.0000,1,4.0,100.00,0.0,0.0,0.0,0.0
1338,10.432501,11.161968,6.336000,5,0,6000.0000,-1000.0000,90.0000,-25.0000,1,4.0,100.00,0.0,0.0,0.0,0.0
1339,10.669686,10.403100,6.061000,6,0,6000.0000,-1000.0000,90.0000,-25.0000,1,4.0,100.00,0.0,0.0,0.0,0.0
1340,10.366430,10.665966,6.156000,6,1,6000.0000,-1000.0000,90.0000,-24.8667,1,4.0,100.00,0.0,0.0,0.0,0.0
1341,164.999181,10.361989,6.579000,6,0,6000.0000,-1000.0000,90.0000,-24.7372,1,4.0,100.00,0.0,0.0,0.0,0.0
1342,7.205946,165.047802,6.579000,6,1,6000.0000,-1000.0000,90.0000,-22.6741,1,4.0,100.00,0.0,0.0,0.0,0.0
1343,166.940076,7.155465,6.538000,6,0,6000.0000,-1000.0000,90.0000,-22.5846,1,4.0,100.00,0.0,0.0,0.0,0.0
1344,7.260677,166.966467,6.538000,6,1,6000.0000,-1000.0000,90.0000,-20.4975,1,4.0,100.00,0.0,0.0,0.0,0.0
1345,164.700874,7.240858,6.221000,6,0,6000.0000,-1000.0000,90.0000,-20.4070,1,4.0,100.00,0.0,0.0,0.0,0.0
1346,7.108535,164.755805,6.221000,6,1,6000.0000,-1000.0000,90.0000,-18.3476,1,4.0,100.00,0.0,0.0,0.0,0.0
1347,165.869731,7.025032,6.242000,6,0,6000.0000,-1000.0000,90.0000,-18.2598,1,4.0,100.00,0.0,0.0,0.0,0.0
1348,7.231397,165.920012,6.242000,6,1,6000.0000,-1000.0000,90.0000,-16.1858,1,4.0,100.00,0.0,0.0,0.0,0.0
1349,166.716171,7.180716,6.300000,6,0,6000.0000,-1000.0000,90.0000,-16.0960,1,4.0,100.00,0.0,0.0,0.0,0.0
1350,1.999816,166.785192,6.300000,6,1,6000.0000,-1000.0000,90.0000,-14.0112,1,4.0,100.00,0.0,0.0,0.0,0.0
1351,171.300566,1.912044,6.295000,6,0,6000.0000,-1000.0000,90.0000,-13.9873,1,4.0,100.00,0.0,0.0,0.0,0.0
1352,1.958085,171.363178,6.295000,6,1,6000.0000,-1000.0000,90.0000,-11.8452,1,4.0,100.00,0.0,0.0,0.0,0.0
1353,171.038760,1.898104,6.333000,6,0,6000.0000,-1000.0000,90.0000,-11.8215,1,4.0,100.00,0.0,0.0,0.0,0.0
1354,2.149210,171.143132,6.333000,6,1,6000.0000,-1000.0000,90.0000,-9.6822,1,4.0,100.00,0.0,0.0,0.0,0.0
1355,172.023613,2.045858,6.315000,6,0,6000.0000,-1000.0000,90.0000,-9.6567,1,4.0,100.00,0.0,0.0,0.0,0.0
1356,2.002286,172.094844,6.315000,6,1,6000.0000,-1000.0000,90.0000,-7.5055,1,4.0,100.00,0.0,0.0,0.0,0.0
1357,173.975088,1.948955,6.352000,6,0,6000.0000,-1000.0000,90.0000,-7.4811,1,4.0,100.00,0.0,0.0,0.0,0.0
1358,2.048587,174.067460,6.352000,6,1,6000.0000,-1000.0000,90.0000,-5.3053,1,4.0,100.00,0.0,0.0,0.0,0.0
1359,175.028593,1.953205,6.304000,6,0,6000.0000,-1000.0000,90.0000,-5.2808,1,4.0,100.00,0.0,0.0,0.0,0.0
1360,7.698248,175.090714,6.304000,6,1,6000.0000,-1000.0000,90.0000,-3.0922,1,4.0,100.00,0.0,0.0,0.0,0.0
1361,170.521067,7.634797,6.639000,6,0,6000.0000,-1000.0000,90.0000,-2.9968,1,4.0,100.00,0.0,0.0,0.0,0.0
1362,1.933795,170.599849,6.639000,6,1,6000.0000,-1000.0000,90.0000,-0.8643,1,4.0,100.00,0.0,0.0,0.0,0.0
1363,178.771869,1.840613,6.676000,6,0,6000.0000,-1000.0000,90.0000,-0.8413,1,4.0,100.00,0.0,0.0,0.0,0.0
1364,7.562404,178.855881,6.676000,6,1,6000.0000,-1000.0000,90.0000,1.3944,1,4.0,100.00,0.0,0.0,0.0,0.0
1365,174.963071,7.492472,6.862000,6,0,6000.0000,-1000.0000,90.0000,1.4881,1,4.0,100.00,0.0,0.0,0.0,0.0
1366,1.960795,175.035413,6.862000,6,1,6000.0000,-1000.0000,90.0000,3.6760,1,4.0,100.00,0.0,0.0,0.0,0.0
1367,178.574735,1.880623,6.653000,6,0,6000.0000,-1000.0000,90.0000,3.6995,1,4.0,100.00,0.0,0.0,0.0,0.0
1368,12.682062,178.667147,6.772000,6,1,6000.0000,-1000.0000,90.0000,5.9329,1,4.0,100.00,0.0,0.0,0.0,0.0
1369,168.694826,12.614591,6.277000,6,0,6000.0000,-1000.0000,90.0000,6.0906,1,4.0,100.00,0.0,0.0,0.0,0.0
1370,9.183652,168.768377,6.277000,6,1,6000.0000,-1000.0000,90.0000,8.2002,1,4.0,100.00,0.0,0.0,0.0,0.0
1371,160.166599,9.145691,6.255000,6,0,6000.0000,-1000.0000,90.0000,8.3145,1,4.0,100.00,0.0,0.0,0.0,0.0
1372,7.914042,160.180550,6.255000,6,1,6000.0000,-1000.0000,90.0000,10.3167,1,4.0,100.00,0.0,0.0,0.0,0.0
1373,162.605346,7.863991,6.481000,6,0,6000.0000,-1000.0000,90.0000,10.4150,1,4.0,100.00,0.0,0.0,0.0,0.0
1374,6.270225,162.684407,6.481000,6,1,6000.0000,-1000.0000,90.0000,12.4486,1,4.0,100.00,0.0,0.0,0.0,0.0
1375,163.920865,6.189333,6.311000,6,0,6000.0000,-1000.0000,90.0000,12.5260,1,4.0,100.00,0.0,0.0,0.0,0.0
1376,1.780541,163.965026,6.311000,6,1,6000.0000,-1000.0000,90.0000,14.5755,1,4.0,100.00,0.0,0.0,0.0,0.0
1377,169.828041,1.712180,6.520000,6,0,6000.0000,-1000.0000,90.0000,14.5969,1,4.0,100.00,0.0,0.0,0.0,0.0
1378,9.944890,169.960745,6.520000,6,1,6000.0000,-1000.0000,90.0000,16.7214,1,4.0,100.00,0.0,0.0,0.0,0.0
1379,150.962406,9.877759,6.228000,6,0,6000.0000,-1000.0000,90.0000,16.8449,1,4.0,100.00,0.0,0.0,0.0,0.0
1380,7.159106,150.996757,6.228000,6,1,6000.0000,-1000.0000,90.0000,18.7324,1,4.0,100.00,0.0,0.0,0.0,0.0
1381,167.990349,7.082813,6.403000,6,0,6000.0000,-1000.0000,90.0000,18.8209,1,4.0,100.00,0.0,0.0,0.0,0.0
1382,7.236628,168.074081,6.403000,6,1,6000.0000,-1000.0000,90.0000,20.9218,1,4.0,100.00,0.0,0.0,0.0,0.0
1383,167.674981,7.146715,6.342000,6,0,6000.0000,-1000.0000,90.0000,21.0112,1,4.0,100.00,0.0,0.0,0.0,0.0
1384,7.820501,167.747223,6.342000,6,1,6000.0000,-1000.0000,90.0000,23.1080,1,4.0,100.00,0.0,0.0,0.0,0.0
1385,168.112492,7.754109,6.239000,6,0,6000.0000,-1000.0000,90.0000,23.2049,1,4.0,100.00,0.0,0.0,0.0,0.0
1386,6.381888,168.210595,6.239000,6,1,6000.0000,-1000.0000,90.0000,25.0000,1,4.0,100.00,0.0,0.0,0.0,0.0
1387,167.517398,6.283595,6.272000,6,0,6000.0000,-1000.0000,90.0000,25.0000,1,4.0,100.00,0.0,0.0,0.0,0.0
1388,1.820052,167.566479,6.272000,6,1,6000.0000,-1000.0000,90.0000,25.0000,1,4.0,100.00,0.0,0.0,0.0,0.0
1389,166.741319,1.741981,6.285000,6,0,6000.0000,-1000.0000,90.0000,25.0000,1,4.0,100.00,0.0,0.0,0.0,0.0
1390,7.008052,166.843903,6.285000,6,1,6000.0000,-1000.0000,90.0000,25.0000,1,4.0,100.00,0.0,0.0,0.0,0.0
1391,161.570522,6.934260,6.290000,6,0,6000.0000,-1000.0000,90.0000,25.0000,1,4.0,100.00,0.0,0.0,0.0,0.0
1392,6.700935,161.632921,6.290000,6,1,6000.0000,-1000.0000,90.0000,25.0000,1,4.0,100.00,0.0,0.0,0.0,0.0
1393,164.226362,6.635004,6.564000,6,0,6000.0000,-1000.0000,90.0000,25.0000,1,4.0,100.00,0.0,0.0,0.0,0.0
1394,1.848492,164.325844,6.564000,6,1,6000.0000,-1000.0000,90.0000,25.0000,1,4.0,100.00,0.0,0.0,0.0,0.0
1395,199.244631,1.726350,6.350000,6,0,6000.0000,-1000.0000,90.0000,25.0000,1,4.0,100.00,0.0,0.0,0.0,0.0
1396,8.593028,199.352733,6.350000,6,1,6000.0000,-1000.0000,90.0000,25.0000,1,4.0,100.00,0.0,0.0,0.0,0.0
1397,168.870909,8.495657,6.227000,6,0,6000.0000,-1000.0000,90.0000,25.0000,1,4.0,100.00,0.0,0.0,0.0,0.0
1398,8.624690,168.971511,6.227000,6,1,6000.0000,-1000.0000,90.0000,25.0000,1,4.0,100.00,0.0,0.0,0.0,0.0
1399,169.608135,8.520517,6.334000,6,0,6000.0000,-1000.0000,90.0000,25.0000,1,4.0,100.00,0.0,0.0,0.0,0.0
1400,8.431916,169.681078,6.334000,6,1,6000.0000,-1000.0000,90.0000,25.0000,1,4.0,100.00,0.0,0.0,0.0,0.0
1401,167.521537,8.417024,6.269000,6,0,6000.0000,-1000.0000,90.0000,25.0000,1,4.0,100.00,0.0,0.0,0.0,0.0
1402,8.313593,167.564250,6.269000,6,1,6000.0000,-1000.0000,90.0000,25.0000,1,4.0,100.00,0.0,0.0,0.0,0.0
1403,164.283583,8.233049,6.314000,7,0,6000.0000,-1000.0000,90.0000,0.0000,1,4.0,100.00,0.0,0.0,0.0,0.0
1404,8.130388,164.320384,6.314000,7,0,6064.8028,-1000.0000,90.0000,0.0000,1,4.0,100.00,0.0,0.0,0.0,0.0
1405,6.437648,8.123678,6.296000,7,0,6068.1650,-1000.0000,90.0000,0.0000,1,4.0,100.00,0.0,0.0,0.0,0.0
1406,14.648338,6.382868,6.296000,7,0,6070.9044,-1000.0000,90.0000,0.0000,1,4.0,100.00,0.0,0.0,0.0,0.0
1407,18.485788,14.722809,6.888000,7,0,6077.7434,-1000.0000,90.0000,0.0000,1,4.0,100.00,0.0,0.0,0.0,0.0
1408,16.887119,18.466847,6.725000,7,0,6087.1401,-1000.0000,90.0000,0.0000,1,4.0,100.00,0.0,0.0,0.0,0.0
1409,16.026580,16.863569,6.142000,7,0,6095.9091,-1000.0000,90.0000,0.0000,1,4.0,100.00,0.0,0.0,0.0,0.0
1410,15.688002,16.044931,6.212000,7,0,6104.2525,-1000.0000,90.0000,0.0000,1,4.0,100.00,0.0,0.0,0.0,0.0
1411,15.330864,15.670281,6.164000,7,0,6112.4011,-1000.0000,90.0000,0.0000,1,4.0,100.00,0.0,0.0,0.0,0.0
1412,17.443233,15.341925,6.359000,7,0,6120.3789,-1000.0000,90.0000,0.0000,1,4.0,100.00,0.0,0.0,0.0,0.0
1413,15.597450,17.440192,6.610000,7,0,6129.4478,-1000.0000,90.0000,0.0000,1,4.0,100.00,0.0,0.0,0.0,0.0
1414,16.110963,15.655892,6.600000,7,0,6137.5888,-1000.0000,90.0000,0.0000,1,4.0,100.00,0.0,0.0,0.0,0.0
1415,15.469977,16.070871,6.392000,7,0,6145.9457,-1000.0000,90.0000,0.0000,1,4.0,100.00,0.0,0.0,0.0,0.0
1416,15.326373,15.449256,6.501000,7,0,6153.9793,-1000.0000,90.0000,0.0000,1,4.0,100.00,0.0,0.0,0.0,0.0
1417,58.940511,15.382096,6.360000,7,0,6161.9780,-1000.0000,90.0000,0.0000,1,4.0,100.00,0.0,0.0,0.0,0.0
1418,25.525270,70.241122,6.370000,7,0,6198.5034,-1000.0000,90.0000,0.0000,1,4.0,100.00,0.0,0.0,0.0,0.0
1419,14.538615,14.323150,6.370000,7,0,6205.9514,-1000.0000,90.0000,0.0000,1,4.0,100.00,0.0,0.0,0.0,0.0
1420,13.674186,14.565587,6.359000,7,0,6213.5255,-1000.0000,90.0000,0.0000,1,4.0,100.00,0.0,0.0,0.0,0.0
1421,12.989680,13.622104,6.428000,7,0,6220.6090,-1000.0000,90.0000,0.0000,1,4.0,100.00,0.0,0.0,0.0,0.0
1422,13.601175,12.966359,6.461000,7,0,6227.3515,-1000.0000,90.0000,0.0000,1,4.0,100.00,0.0,0.0,0.0,0.0
1423,13.432409,13.683706,6.279000,7,0,6234.4670,-1000.0000,90.0000,0.0000,1,4.0,100.00,0.0,0.0,0.0,0.0
1424,13.907501,13.358019,6.316000,7,0,6241.4132,-1000.0000,90.0000,0.0000,1,4.0,100.00,0.0,0.0,0.0,0.0
1425,13.767529,13.900881,6.667000,7,0,6248.6417,-1000.0000,90.0000,0.0000,1,4.0,100.00,0.0,0.0,0.0,0.0
1426,14.353941,13.788218,6.605000,7,0,6255.8115,-1000.0000,90.0000,0.0000,1,4.0,100.00,0.0,0.0,0.0,0.0
1427,13.681086,14.356061,6.769000,7,0,6263.2767,-1000.0000,90.0000,0.0000,1,4.0,100.00,0.0,0.0,0.0,0.0
1428,13.675585,13.655296,6.587000,7,0,6270.3774,-1000.0000,90.0000,0.0000,1,4.0,100.00,0.0,0.0,0.0,0.0
1429,13.995163,13.705827,6.710000,7,0,6277.5045,-1000.0000,90.0000,0.0000,1,4.0,100.00,0.0,0.0,0.0,0.0
1430,14.375423,13.990433,6.636000,7,0,6284.7795,-1000.0000,90.0000,0.0000,1,4.0,100.00,0.0,0.0,0.0,0.0
1431,15.319293,14.362631,6.655000,7,0,6292.2481,-1000.0000,90.0000,0.0000,1,4.0,100.00,0.0,0.0,0.0,0.0
1432,14.537636,15.340274,6.623000,7,0,6300.2250,-1000.0000,90.0000,0.0000,1,4.0,100.00,0.0,0.0,0.0,0.0
1433,14.742900,14.517075,6.545000,7,0,6307.7739,-1000.0000,90.0000,0.0000,1,4.0,100.00,0.0,0.0,0.0,0.0
1434,13.961042,14.777962,6.332000,7,0,6315.4584,-1000.0000,90.0000,0.0000,1,4.0,100.00,0.0,0.0,0.0,0.0
1435,14.797642,13.946882,6.363000,7,0,6322.7108,-1000.0000,90.0000,0.0000,1,4.0,100.00,0.0,0.0,0.0,0.0
1436,14.066285,14.792531,6.118000,7,0,6330.4029,-1000.0000,90.0000,0.0000,1,4.0,100.00,0.0,0.0,0.0,0.0
1437,14.172857,14.046824,6.383000,7,0,6337.7073,-1000.0000,90.0000,0.0000,1,4.0,100.00,0.0,0.0,0.0,0.0
1438,13.602724,14.221419,6.452000,7,0,6345.1024,-1000.0000,90.0000,0.0000,1,4.0,100.00,0.0,0.0,0.0,0.0
1439,13.888571,13.552782,6.516000,7,0,6352.1498,-1000.0000,90.0000,0.0000,1,4.0,100.00,0.0,0.0,0.0,0.0
1440,15.221571,13.884211,6.405000,7,0,6359.3696,-1000.0000,90.0000,0.0000,1,4.0,100.00,0.0,0.0,0.0,0.0
1441,13.340688,15.288643,6.550000,7,0,6367.3197,-1000.0000,90.0000,0.0000,1,4.0,100.00,0.0,0.0,0.0,0.0
1442,13.537863,13.281197,6.302000,7,0,6374.2260,-1000.0000,90.0000,0.0000,1,4.0,100.00,0.0,0.0,0.0,0.0
1443,13.093462,13.521602,6.493000,7,0,6381.2572,-1000.0000,90.0000,0.0000,1,4.0,100.00,0.0,0.0,0.0,0.0
1444,15.374595,13.141363,6.281000,7,0,6388.0907,-1000.0000,90.0000,0.0000,1,4.0,100.00,0.0,0.0,0.0,0.0
1445,13.934672,15.366136,6.332000,7,0,6396.0811,-1000.0000,90.0000,0.0000,1,4.0,100.00,0.0,0.0,0.0,0.0
1446,13.825999,13.920081,6.509000,7,0,6403.3195,-1000.0000,90.0000,0.0000,1,4.0,100.00,0.0,0.0,0.0,0.0
1447,14.048234,13.812588,6.242000,7,0,6410.5021,-1000.0000,90.0000,0.0000,1,4.0,100.00,0.0,0.0,0.0,0.0
1448,12.100660,14.031504,6.411000,7,0,6417.7985,-1000.0000,90.0000,0.0000,1,4.0,100.00,0.0,0.0,0.0,0.0
1449,11.642119,12.138070,6.336000,7,0,6424.1103,-1000.0000,90.0000,0.0000,1,4.0,100.00,0.0,0.0,0.0,0.0
1450,12.119189,11.609689,6.415000,7,0,6430.1473,-1000.0000,90.0000,0.0000,1,4.0,100.00,0.0,0.0,0.0,0.0
1451,11.786803,12.105049,6.201000,7,0,6436.4419,-1000.0000,90.0000,0.0000,1,4.0,100.00,0.0,0.0,0.0,0.0
1452,12.198311,11.786082,6.175000,7,0,6442.5707,-1000.0000,90.0000,0.0000,1,4.0,100.00,0.0,0.0,0.0,0.0
1453,11.973097,12.199772,6.315000,7,0,6448.9146,-1000.0000,90.0000,0.0000,1,4.0,100.00,0.0,0.0,0.0,0.0
1454,12.062058,11.966466,6.217000,7,0,6455.1371,-1000.0000,90.0000,0.0000,1,4.0,100.00,0.0,0.0,0.0,0.0
1455,12.974290,12.105650,6.326000,7,0,6461.4321,-1000.0000,90.0000,0.0000,1,4.0,100.00,0.0,0.0,0.0,0.0
1456,13.297066,12.965769,6.558000,7,0,6468.1743,-1000.0000,90.0000,0.0000,1,4.0,100.00,0.0,0.0,0.0,0.0
1457,11.928616,13.329748,6.382000,7,0,6475.1057,-1000.0000,90.0000,0.0000,1,4.0,100.00,0.0,0.0,0.0,0.0
1458,12.062968,12.001608,6.459000,7,0,6481.3466,-1000.0000,90.0000,0.0000,1,4.0,100.00,0.0,0.0,0.0,0.0
1459,12.506400,11.991216,6.337000,7,0,6487.5820,-1000.0000,90.0000,0.0000,1,4.0,100.00,0.0,0.0,0.0,0.0
1460,12.007337,12.472748,6.297000,7,0,6494.0678,-1000.0000,90.0000,0.0000,1,4.0,100.00,0.0,0.0,0.0,0.0
1461,13.903431,12.065868,6.367000,7,0,6500.3421,-1000.0000,90.0000,0.0000,1,4.0,100.00,0.0,0.0,0.0,0.0
1462,13.770827,13.842150,6.388000,7,0,6507.5400,-1000.0000,90.0000,0.0000,1,4.0,100.00,0.0,0.0,0.0,0.0
1463,13.177445,13.772668,6.261000,7,0,6514.7018,-1000.0000,90.0000,0.0000,1,4.0,100.00,0.0,0.0,0.0,0.0
1464,13.144654,13.167134,6.150000,7,0,6521.5487,-1000.0000,90.0000,0.0000,1,4.0,100.00,0.0,0.0,0.0,0.0
1465,13.667054,13.141414,6.266000,7,0,6528.3822,-1000.0000,90.0000,0.0000,1,4.0,100.00,0.0,0.0,0.0,0.0
1466,14.182789,13.670886,6.515000,7,0,6535.4911,-1000.0000,90.0000,0.0000,1,4.0,100.00,0.0,0.0,0.0,0.0
1467,13.354348,14.173007,6.699000,7,0,6542.8611,-1000.0000,90.0000,0.0000,1,4.0,100.00,0.0,0.0,0.0,0.0
1468,13.541272,13.353668,6.591000,7,0,6549.8050,-1000.0000,90.0000,0.0000,1,4.0,100.00,0.0,0.0,0.0,0.0
1469,13.390330,13.555983,6.613000,7,0,6556.8541,-1000.0000,90.0000,0.0000,1,4.0,100.00,0.0,0.0,0.0,0.0
1470,13.548732,13.397309,6.143000,7,0,6563.8207,-1000.0000,90.0000,0.0000,1,4.0,100.00,0.0,0.0,0.0,0.0
1471,13.414060,13.531673,6.294000,7,0,6570.8571,-1000.0000,90.0000,0.0000,1,4.0,100.00,0.0,0.0,0.0,0.0
1472,13.397599,13.408989,6.225000,7,0,6577.8298,-1000.0000,90.0000,0.0000,1,4.0,100.00,0.0,0.0,0.0,0.0
1473,13.789859,13.432250,6.230000,7,0,6584.8146,-1000.0000,90.0000,0.0000,1,4.0,100.00,0.0,0.0,0.0,0.0
1474,13.455070,13.802789,6.184000,7,0,6591.9920,-1000.0000,90.0000,0.0000,1,4.0,100.00,0.0,0.0,0.0,0.0
1475,13.770138,13.424870,6.222000,7,0,6598.9730,-1000.0000,90.0000,0.0000,1,4.0,100.00,0.0,0.0,0.0,0.0
1476,13.156454,13.818188,6.549000,7,0,6606.1584,-1000.0000,90.0000,0.0000,1,4.0,100.00,0.0,0.0,0.0,0.0
1477,14.439154,13.099364,6.350000,7,0,6612.9701,-1000.0000,90.0000,0.0000,1,4.0,100.00,0.0,0.0,0.0,0.0
1478,13.311507,14.454843,6.610000,7,0,6620.4866,-1000.0000,90.0000,0.0000,1,4.0,100.00,0.0,0.0,0.0,0.0
1479,14.320850,13.352798,6.164000,7,0,6627.4301,-1000.0000,90.0000,0.0000,1,4.0,100.00,0.0,0.0,0.0,0.0
1480,13.565924,14.335572,6.521000,7,0,6634.8846,-1000.0000,90.0000,0.0000,1,4.0,100.00,0.0,0.0,0.0,0.0
1481,13.478970,13.525031,6.325000,7,0,6641.9176,-1000.0000,90.0000,0.0000,1,4.0,100.00,0.0,0.0,0.0,0.0
1482,13.915652,13.482482,6.269000,7,0,6648.9285,-1000.0000,90.0000,0.0000,1,4.0,100.00,0.0,0.0,0.0,0.0
1483,14.283460,13.903461,6.237000,7,0,6656.1583,-1000.0000,90.0000,0.0000,1,4.0,100.00,0.0,0.0,0.0,0.0
1484,13.704566,14.303240,6.629000,7,0,6663.5960,-1000.0000,90.0000,0.0000,1,4.0,100.00,0.0,0.0,0.0,0.0
1485,14.561837,13.669716,6.478000,7,0,6670.7042,-1000.0000,90.0000,0.0000,1,4.0,100.00,0.0,0.0,0.0,0.0
1486,13.722287,14.546796,6.665000,7,0,6678.2685,-1000.0000,90.0000,0.0000,1,4.0,100.00,0.0,0.0,0.0,0.0
1487,14.632087,13.727807,6.522000,7,0,6685.4070,-1000.0000,90.0000,0.0000,1,4.0,100.00,0.0,0.0,0.0,0.0
1488,12.975800,14.661138,6.567000,7,0,6693.0308,-1000.0000,90.0000,0.0000,1,4.0,100.00,0.0,0.0,0.0,0.0
1489,12.662982,12.968429,6.178000,7,0,6699.7744,-1000.0000,90.0000,0.0000,1,4.0,100.00,0.0,0.0,0.0,0.0
1490,12.605021,12.647473,6.333000,7,0,6706.3511,-1000.0000,90.0000,0.0000,1,4.0,100.00,0.0,0.0,0.0,0.0
1491,13.220966,12.601401,6.553000,7,0,6712.9038,-1000.0000,90.0000,0.0000,1,4.0,100.00,0.0,0.0,0.0,0.0
1492,12.902578,13.209055,6.420000,7,0,6719.7725,-1000.0000,90.0000,0.0000,1,4.0,100.00,0.0,0.0,0.0,0.0
1493,12.746563,12.904168,6.357000,7,0,6726.4827,-1000.0000,90.0000,0.0000,1,4.0,100.00,0.0,0.0,0.0,0.0
1494,13.537133,12.747814,6.336000,7,0,6733.1115,-1000.0000,90.0000,0.0000,1,4.0,100.00,0.0,0.0,0.0,0.0
1495,14.846953,13.564933,6.298000,7,0,6740.1653,-1000.0000,90.0000,0.0000,1,4.0,100.00,0.0,0.0,0.0,0.0
1496,15.810995,14.875293,6.570000,7,0,6747.9005,-1000.0000,90.0000,0.0000,1,4.0,100.00,0.0,0.0,0.0,0.0
1497,14.958555,15.786205,6.698000,7,0,6756.1093,-1000.0000,90.0000,0.0000,1,4.0,100.00,0.0,0.0,0.0,0.0
1498,13.992023,14.956805,6.715000,7,0,6763.8868,-1000.0000,90.0000,0.0000,1,4.0,100.00,0.0,0.0,0.0,0.0
1499,14.586317,14.121806,6.666000,7,0,6771.2302,-1000.0000,90.0000,0.0000,1,4.0,100.00,0.0,0.0,0.0,0.0
1500,15.434096,14.531015,6.718000,7,0,6778.7863,-1000.0000,90.0000,0.0000,1,4.0,100.00,0.0,0.0,0.0,0.0
1501,14.270560,15.488048,6.726000,7,0,6786.8401,-1000.0000,90.0000,0.0000,1,4.0,100.00,0.0,0.0,0.0,0.0
1502,14.658238,14.113996,6.654000,7,0,6794.1793,-1000.0000,90.0000,0.0000,1,4.0,100.00,0.0,0.0,0.0,0.0
1503,13.979253,14.664139,6.165000,7,0,6801.8047,-1000.0000,90.0000,0.0000,1,4.0,100.00,0.0,0.0,0.0,0.0
1504,16.718726,13.933321,6.391000,7,0,6809.0500,-1000.0000,90.0000,0.0000,1,4.0,100.00,0.0,0.0,0.0,0.0
1505,16.349547,16.724986,6.421000,7,0,6817.7470,-1000.0000,90.0000,0.0000,1,4.0,100.00,0.0,0.0,0.0,0.0
1506,14.920605,16.443290,6.421000,7,0,6826.2975,-1000.0000,90.0000,0.0000,1,4.0,100.00,0.0,0.0,0.0,0.0
1507,15.212921,14.957016,6.395000,7,0,6834.0752,-1000.0000,90.0000,0.0000,1,4.0,100.00,0.0,0.0,0.0,0.0
1508,14.111206,15.261362,6.326000,7,0,6842.0111,-1000.0000,90.0000,0.0000,1,4.0,100.00,0.0,0.0,0.0,0.0
1509,15.711522,14.265829,6.330000,7,0,6849.4293,-1000.0000,90.0000,0.0000,1,4.0,100.00,0.0,0.0,0.0,0.0
1510,14.625339,15.488948,6.259000,7,0,6857.4836,-1000.0000,90.0000,0.0000,1,4.0,100.00,0.0,0.0,0.0,0.0
1511,15.832725,14.654558,6.180000,7,0,6865.1039,-1000.0000,90.0000,0.0000,1,4.0,100.00,0.0,0.0,0.0,0.0
1512,15.673121,15.815695,6.262000,7,0,6873.3281,-1000.0000,90.0000,0.0000,1,4.0,100.00,0.0,0.0,0.0,0.0
1513,15.862987,15.656692,6.361000,7,0,6881.4696,-1000.0000,90.0000,0.0000,1,4.0,100.00,0.0,0.0,0.0,0.0
1514,16.526082,15.798404,6.375000,7,0,6889.6848,-1000.0000,90.0000,0.0000,1,4.0,100.00,0.0,0.0,0.0,0.0
1515,16.073741,16.499291,6.411000,7,0,6898.2644,-1000.0000,90.0000,0.0000,1,4.0,100.00,0.0,0.0,0.0,0.0
1516,15.423345,16.343287,6.445000,7,0,6906.7629,-1000.0000,90.0000,0.0000,1,4.0,100.00,0.0,0.0,0.0,0.0
1517,15.190481,15.229163,6.431000,7,0,6914.6821,-1000.0000,90.0000,0.0000,1,4.0,100.00,0.0,0.0,0.0,0.0
1518,14.952555,15.160119,6.196000,7,0,6922.5653,-1000.0000,90.0000,0.0000,1,4.0,100.00,0.0,0.0,0.0,0.0
1519,14.397493,15.129080,6.247000,7,0,6930.4324,-1000.0000,90.0000,0.0000,1,4.0,100.00,0.0,0.0,0.0,0.0
1520,14.819723,14.367101,6.371000,7,0,6937.9033,-1000.0000,90.0000,0.0000,1,4.0,100.00,0.0,0.0,0.0,0.0
1521,14.919224,14.752931,6.509000,7,0,6945.5749,-1000.0000,90.0000,0.0000,1,4.0,100.00,0.0,0.0,0.0,0.0
1522,16.924830,14.862803,6.233000,7,0,6953.3035,-1000.0000,90.0000,0.0000,1,4.0,100.00,0.0,0.0,0.0,0.0
1523,17.093715,16.905030,6.778000,7,0,6962.0941,-1000.0000,90.0000,0.0000,1,4.0,100.00,0.0,0.0,0.0,0.0
1524,17.240938,17.072945,6.401000,7,0,6970.9721,-1000.0000,90.0000,0.0000,1,4.0,100.00,0.0,0.0,0.0,0.0
1525,16.235205,17.254438,6.287000,7,0,6979.9444,-1000.0000,90.0000,0.0000,1,4.0,100.00,0.0,0.0,0.0,0.0
1526,15.222741,16.262125,6.359000,7,0,6988.4007,-1000.0000,90.0000,0.0000,1,4.0,100.00,0.0,0.0,0.0,0.0
1527,15.474608,15.175980,6.456000,7,0,6996.2922,-1000.0000,90.0000,0.0000,1,4.0,100.00,0.0,0.0,0.0,0.0
1528,15.263012,15.478768,6.617000,7,0,7004.3411,-1000.0000,90.0000,0.0000,1,4.0,100.00,0.0,0.0,0.0,0.0
1529,15.727233,15.278492,6.323000,7,0,7012.2860,-1000.0000,90.0000,0.0000,1,4.0,100.00,0.0,0.0,0.0,0.0
1530,17.883773,15.728714,6.648000,8,1,7020.4649,-1000.0000,90.0000,0.0000,1,4.0,100.00,0.0,0.0,0.0,0.0
1531,207.083241,17.875193,6.448000,8,0,7028.9292,-1000.0000,90.0000,0.0000,1,4.0,100.00,0.0,0.0,0.0,0.0
1532,7.973615,207.045910,6.448000,8,0,7028.9292,-1000.0000,90.0000,0.0000,1,4.0,100.00,0.0,0.0,0.0,0.0
1533,4.249757,7.895012,6.535000,8,0,7028.9292,-1000.0000,90.0000,0.0000,1,4.0,100.00,0.0,0.0,0.0,0.0
1534,14.567666,4.229278,6.535000,8,0,7028.9292,-1000.0000,90.0000,0.0000,1,4.0,100.00,0.0,0.0,0.0,0.0
1535,15.676112,14.595486,6.160000,8,0,7028.9292,-1000.0000,90.0000,0.0000,1,4.0,100.00,0.0,0.0,0.0,0.0
1536,17.525926,15.684262,6.581000,8,0,7028.9292,-1000.0000,90.0000,0.0000,1,4.0,100.00,0.0,0.0,0.0,0.0
1537,15.853785,17.524345,6.395000,8,0,7028.9292,-1000.0000,90.0000,0.0000,1,4.0,100.00,0.0,0.0,0.0,0.0
1538,15.357385,15.870077,6.442000,8,0,7028.9292,-1000.0000,90.0000,0.0000,1,4.0,100.00,0.0,0.0,0.0,0.0
1539,15.882247,15.350164,6.119000,8,0,7028.9292,-1000.0000,90.0000,0.0000,1,4.0,100.00,0.0,0.0,0.0,0.0
1540,15.822624,15.882047,6.188000,8,0,7028.9292,-1000.0000,90.0000,0.0000,1,4.0,100.00,0.0,0.0,0.0,0.0
1541,15.172331,15.801505,6.328000,8,0,7028.9292,-1000.0000,90.0000,0.0000,1,4.0,100.00,0.0,0.0,0.0,0.0
1542,14.782021,15.182970,6.134000,8,0,7028.9292,-1000.0000,90.0000,0.0000,1,4.0,100.00,0.0,0.0,0.0,0.0
1543,15.823425,14.784171,6.521000,8,0,7028.9292,-1000.0000,90.0000,0.0000,1,4.0,100.00,0.0,0.0,0.0,0.0
1544,17.238758,15.824125,6.423000,8,0,7028.9292,-1000.0000,90.0000,0.0000,1,4.0,100.00,0.0,0.0,0.0,0.0
1545,16.130313,17.234399,6.285000,8,0,7028.9292,-1000.0000,90.0000,0.0000,1,4.0,100.00,0.0,0.0,0.0,0.0
1546,15.428426,16.147453,6.260000,8,0,7028.9292,-1000.0000,90.0000,0.0000,1,4.0,100.00,0.0,0.0,0.0,0.0
1547,17.230008,15.421045,6.151000,8,0,7028.9292,-1000.0000,90.0000,0.0000,1,4.0,100.00,0.0,0.0,0.0,0.0
1548,15.201560,17.233298,6.425000,8,0,7028.9292,-1000.0000,90.0000,0.0000,1,4.0,100.00,0.0,0.0,0.0,0.0
1549,15.985959,15.219822,6.292000,8,0,7028.9292,-1000.0000,90.0000,0.0000,1,4.0,100.00,0.0,0.0,0.0,0.0
1550,15.097349,16.015100,6.524000,8,0,7028.9292,-1000.0000,90.0000,0.0000,1,4.0,100.00,0.0,0.0,0.0,0.0
1551,15.637671,15.068867,6.182000,8,0,7028.9292,-1000.0000,90.0000,0.0000,1,4.0,100.00,0.0,0.0,0.0,0.0
1552,14.611648,15.636551,6.556000,8,0,7028.9292,-1000.0000,90.0000,0.0000,1,4.0,100.00,0.0,0.0,0.0,0.0
1553,15.003586,14.627008,6.178000,8,0,7028.9292,-1000.0000,90.0000,0.0000,1,4.0,100.00,0.0,0.0,0.0,0.0
1554,14.892934,15.011986,6.185000,8,0,7028.9292,-1000.0000,90.0000,0.0000,1,4.0,100.00,0.0,0.0,0.0,0.0
1555,14.437343,14.866574,6.414000,8,0,7028.9292,-1000.0000,90.0000,0.0000,1,4.0,100.00,0.0,0.0,0.0,0.0
1556,14.682729,14.522345,6.172000,8,0,7028.9292,-1000.0000,90.0000,0.0000,1,4.0,100.00,0.0,0.0,0.0,0.0
1557,14.147087,14.716340,6.386000,8,0,7028.9292,-1000.0000,90.0000,0.0000,1,4.0,100.00,0.0,0.0,0.0,0.0
1558,15.265842,14.181737,6.156000,8,0,7028.9292,-1000.0000,90.0000,0.0000,1,4.0,100.00,0.0,0.0,0.0,0.0
1559,15.219891,15.264642,6.503000,8,0,7028.9292,-1000.0000,90.0000,0.0000,1,4.0,100.00,0.0,0.0,0.0,0.0
1560,14.227839,15.057887,6.207000,8,0,7028.9292,-1000.0000,90.0000,0.0000,1,4.0,100.00,0.0,0.0,0.0,0.0
1561,14.359342,14.224530,6.118000,8,0,7028.9292,-1000.0000,90.0000,0.0000,1,4.0,100.00,0.0,0.0,0.0,0.0
1562,14.322610,14.361861,6.494000,8,0,7028.9292,-1000.0000,90.0000,0.0000,1,4.0,100.00,0.0,0.0,0.0,0.0
1563,14.038214,14.411522,6.486000,8,0,7028.9292,-1000.0000,90.0000,0.0000,1,4.0,100.00,0.0,0.0,0.0,0.0
1564,15.024307,14.036934,6.175000,8,0,7028.9292,-1000.0000,90.0000,0.0000,1,4.0,100.00,0.0,0.0,0.0,0.0
1565,14.807512,15.055189,6.120000,8,0,7028.9292,-1000.0000,90.0000,0.0000,1,4.0,100.00,0.0,0.0,0.0,0.0
1566,14.838793,14.774570,6.520000,8,0,7028.9292,-1000.0000,90.0000,0.0000,1,4.0,100.00,0.0,0.0,0.0,0.0
1567,15.182360,14.869683,6.554000,8,0,7028.9292,-1000.0000,90.0000,0.0000,1,4.0,100.00,0.0,0.0,0.0,0.0
1568,16.504611,15.144840,6.540000,8,0,7028.9292,-1000.0000,90.0000,0.0000,1,4.0,100.00,0.0,0.0,0.0,0.0
1569,108.700069,16.541322,6.513000,8,0,7028.9292,-1000.0000,90.0000,0.0000,1,4.0,100.00,0.0,0.0,0.0,0.0
1570,10.818320,108.614627,6.439000,8,0,7028.9292,-1000.0000,90.0000,0.0000,1,4.0,100.00,0.0,0.0,0.0,0.0
1571,10.339508,10.778489,6.218000,8,0,7028.9292,-1000.0000,90.0000,0.0000,1,4.0,100.00,0.0,0.0,0.0,0.0
1572,14.018064,10.336088,6.148000,8,0,7028.9292,-1000.0000,90.0000,0.0000,1,4.0,100.00,0.0,0.0,0.0,0.0
1573,11.199109,14.014085,6.445000,8,0,7028.9292,-1000.0000,90.0000,0.0000,1,4.0,100.00,0.0,0.0,0.0,0.0
1574,11.625518,11.210439,6.222000,8,0,7028.9292,-1000.0000,90.0000,0.0000,1,4.0,100.00,0.0,0.0,0.0,0.0
1575,12.785766,11.632878,6.219000,8,0,7028.9292,-1000.0000,90.0000,0.0000,1,4.0,100.00,0.0,0.0,0.0,0.0
1576,10.294087,12.791465,6.219000,8,0,7028.9292,-1000.0000,90.0000,0.0000,1,4.0,100.00,0.0,0.0,0.0,0.0
1577,11.851574,10.268487,6.125000,8,0,7028.9292,-1000.0000,90.0000,0.0000,1,4.0,100.00,0.0,0.0,0.0,0.0
1578,12.058208,11.842443,6.174000,8,0,7028.9292,-1000.0000,90.0000,0.0000,1,4.0,100.00,0.0,0.0,0.0,0.0
1579,11.988937,12.073799,6.185000,8,0,7028.9292,-1000.0000,90.0000,0.0000,1,4.0,100.00,0.0,0.0,0.0,0.0
1580,11.991717,12.016977,6.179000,8,0,7028.9292,-1000.0000,90.0000,0.0000,1,4.0,100.00,0.0,0.0,0.0,0.0
