frame,wall_seconds,wall_ms,sim_ms,phase,active,spawned,rivals,infected,health_sum,paths,blocked,overlap_pairs,resident_bytes
866,0.149312913,31.886771,112.219469,1,0,0,0,0,0.000,0,0,0,2903719936
867,0.162365650,13.052737,32.013074,1,0,0,0,0,0.000,0,0,0,2906800128
868,0.175474749,13.109099,12.867792,1,0,0,0,0,0.000,0,0,0,2907267072
869,0.191717647,16.242898,13.112628,1,0,0,0,0,0.000,0,0,0,2907586560
870,0.202135635,10.417988,16.245548,1,0,0,0,0,0.000,0,0,0,2908807168
871,0.236960091,34.824456,10.429129,1,0,0,0,0,0.000,0,0,0,2914340864
872,0.250344155,13.384064,34.837847,1,0,0,0,0,0.000,0,0,0,2914512896
873,0.261237325,10.893170,13.350843,1,0,0,0,0,0.000,0,0,0,2915311616
874,0.271167833,9.930508,10.920540,1,0,0,0,0,0.000,0,0,0,2915467264
875,0.281909210,10.741377,9.898428,1,0,0,0,0,0.000,0,0,0,2915516416
876,0.293119926,11.210716,10.770497,1,0,0,0,0,0.000,0,0,0,2915627008
877,0.303719619,10.599693,11.420591,1,0,0,0,0,0.000,0,0,0,2915942400
878,0.315821776,12.102157,10.578103,1,0,0,0,0,0.000,0,0,0,2916196352
879,0.326069051,10.247275,12.084226,1,0,0,0,0,0.000,0,0,0,2916261888
880,0.336188303,10.119252,10.213694,1,0,0,0,0,0.000,0,0,0,2916298752
881,0.345192421,9.004118,10.096272,1,0,0,0,0,0.000,0,0,0,2916372480
882,0.353786351,8.593930,8.979887,1,0,0,0,0,0.000,0,0,0,2916392960
883,0.361950260,8.163909,8.585770,1,0,0,0,0,0.000,0,0,0,2916470784
884,0.372535952,10.585692,8.198370,1,0,0,0,0,0.000,0,0,0,2916487168
885,0.381022920,8.486968,10.584383,1,0,0,0,0,0.000,0,0,0,2916552704
886,0.389327812,8.304892,8.498066,1,0,0,0,0,0.000,0,0,0,2916564992
887,0.398181277,8.853465,8.267352,1,0,0,0,0,0.000,0,0,0,2916646912
888,0.407395209,9.213932,8.871495,1,0,0,0,0,0.000,0,0,0,2916655104
889,0.418219337,10.824128,9.203312,1,0,0,0,0,0.000,0,0,0,2916732928
890,0.427326878,9.107541,10.814508,1,0,0,0,0,0.000,0,0,0,2916745216
891,0.436591581,9.264703,9.102720,1,0,0,0,0,0.000,0,0,0,2916790272
892,0.444844093,8.252512,9.262455,1,0,0,0,0,0.000,0,0,0,2916798464
893,0.453780200,8.936107,8.249061,1,0,0,0,0,0.000,0,0,0,2916868096
894,0.463329689,9.549489,8.934507,1,0,0,0,0,0.000,0,0,0,2916917248
895,0.472588723,9.259034,9.552149,1,0,0,0,0,0.000,0,0,0,2916941824
896,0.481571530,8.982807,9.254964,1,0,0,0,0,0.000,0,0,0,2916986880
897,0.491216663,9.645133,8.989568,1,0,0,0,0,0.000,0,0,0,2916995072
898,0.500500957,9.284294,9.660712,1,0,0,0,0,0.000,0,0,0,2917044224
899,0.509132627,8.631670,9.264773,1,0,0,0,0,0.000,0,0,0,2917048320
900,0.518362370,9.229743,8.647541,1,0,0,0,0,0.000,0,0,0,2917101568
901,0.527290786,8.928416,9.211122,1,0,0,0,0,0.000,0,0,0,2917117952
902,0.535522717,8.231931,8.955397,1,0,0,0,0,0.000,0,0,0,2917167104
903,0.544362782,8.840065,8.212631,1,0,0,0,0,0.000,0,0,0,2917171200
904,0.553024702,8.661920,8.846914,1,0,0,0,0,0.000,0,0,0,2917216256
905,0.561913338,8.888636,9.010749,1,0,0,0,0,0.000,0,0,0,2917220352
906,0.571622411,9.709073,8.588119,1,0,0,0,0,0.000,0,0,0,2917273600
907,0.580944737,9.322326,9.651633,1,0,0,0,0,0.000,0,0,0,2917273600
908,0.590002026,9.057289,9.351105,1,0,0,0,0,0.000,0,0,0,2917322752
909,0.600453835,10.451809,9.065179,1,0,0,0,0,0.000,0,0,0,2917326848
910,0.609567655,9.113820,10.413119,1,0,0,0,0,0.000,0,0,0,2917371904
911,0.618393640,8.825985,9.111641,1,0,0,0,0,0.000,0,0,0,2917376000
912,0.626859846,8.466206,8.833323,1,0,0,0,0,0.000,0,0,0,2917421056
913,0.635222820,8.362974,8.564829,1,0,0,0,0,0.000,0,0,0,2917433344
914,0.644134906,8.912086,8.259772,1,0,0,0,0,0.000,0,0,0,2917490688
915,0.652512760,8.377854,8.935266,1,0,0,0,0,0.000,0,0,0,2917490688
916,0.660609348,8.096588,8.352894,1,0,0,0,0,0.000,0,0,0,2917568512
917,0.669950554,9.341206,8.093678,1,0,0,0,0,0.000,0,0,0,2917572608
918,0.679011573,9.061019,9.385017,1,0,0,0,0,0.000,0,0,0,2917613568
919,0.687388297,8.376724,9.049318,1,0,0,0,0,0.000,0,0,0,2917621760
920,0.695871284,8.482987,8.348334,1,0,0,0,0,0.000,0,0,0,2917666816
921,0.704692477,8.821193,8.527248,1,0,0,0,0,0.000,0,0,0,2917670912
922,0.713334278,8.641801,8.778483,1,0,0,0,0,0.000,0,0,0,2917740544
923,0.722579271,9.244993,8.647680,1,0,0,0,0,0.000,0,0,0,2917740544
924,0.731417505,8.838234,9.242983,1,0,0,0,0,0.000,0,0,0,2917789696
925,0.739635096,8.217591,8.844994,1,0,0,0,0,0.000,0,0,0,2917793792
926,0.748367278,8.732182,8.229062,1,0,0,0,0,0.000,0,0,0,2917855232
927,0.757192232,8.824954,8.713881,1,0,0,0,0,0.000,0,0,0,2917859328
928,0.766091378,8.899146,8.823354,1,0,0,0,0,0.000,0,0,0,2917908480
929,0.775225089,9.133711,8.937257,1,0,0,0,0,0.000,0,0,0,2917920768
930,0.783680884,8.455795,9.094870,1,0,0,0,0,0.000,0,0,0,2917969920
931,0.793344217,9.663333,8.506357,1,0,0,0,0,0.000,0,0,0,2917969920
932,0.802234593,8.890376,9.749764,1,0,0,0,0,0.000,0,0,0,2918035456
933,0.811061197,8.826604,8.815894,1,0,0,0,0,0.000,0,0,0,2918039552
934,0.819753038,8.691841,8.809144,1,0,0,0,0,0.000,0,0,0,2918084608
935,0.828456029,8.702991,8.681621,1,0,0,0,0,0.000,0,0,0,2918088704
936,0.837626331,9.170302,8.668840,1,0,0,0,0,0.000,0,0,0,2918137856
937,0.846351283,8.724952,9.172292,1,0,0,0,0,0.000,0,0,0,2918141952
938,0.856667600,10.316317,8.720282,1,0,0,0,0,0.000,0,0,0,2918187008
939,0.866602718,9.935118,10.337478,1,0,0,0,0,0.000,0,0,0,2918236160
940,0.875482964,8.880246,9.925257,1,0,0,0,0,0.000,0,0,0,2918236160
941,0.884901790,9.418826,8.870945,1,0,0,0,0,0.000,0,0,0,2918273024
942,0.893842967,8.941177,9.485680,1,0,0,0,0,0.000,0,0,0,2918273024
943,0.906517536,12.674569,8.876605,1,0,0,0,0,0.000,0,0,0,2918354944
944,0.918194953,11.677417,12.705679,1,0,0,0,0,0.000,0,0,0,2918383616
945,0.929746807,11.551854,11.649536,1,0,0,0,0,0.000,0,0,0,2918383616
946,0.939947711,10.200904,11.557895,1,0,0,0,0,0.000,0,0,0,2918424576
947,0.949427530,9.479819,10.244625,1,0,0,0,0,0.000,0,0,0,2918424576
948,0.959583733,10.156203,9.421447,1,0,0,0,0,0.000,0,0,0,2918461440
949,0.969033941,9.450208,10.156963,1,0,0,0,0,0.000,0,0,0,2918502400
950,0.977565329,8.531388,9.478909,1,0,0,0,0,0.000,0,0,0,2918514688
951,0.988953609,11.388280,8.501866,1,0,0,0,0,0.000,0,0,0,2917511168
952,1.001365942,12.412333,11.535064,1,0,0,0,0,0.000,0,0,0,2916470784
953,1.013740954,12.375012,12.332201,1,0,0,0,0,0.000,0,0,0,2915454976
954,1.026022775,12.281821,12.336662,1,0,0,0,0,0.000,0,0,0,2914451456
955,1.039456540,13.433765,12.326501,1,0,0,0,0,0.000,0,0,0,2913427456
956,1.051436543,11.980003,13.918456,1,0,0,0,0,0.000,0,0,0,2913431552
957,1.062918245,11.481702,12.033885,1,0,0,0,0,0.000,0,0,0,2913480704
958,1.075078014,12.159769,11.226177,1,0,0,0,0,0.000,0,0,0,2913513472
959,1.087820653,12.742639,11.905191,1,0,0,0,0,0.000,0,0,0,2913517568
960,1.099654933,11.834280,12.794842,1,0,0,0,0,0.000,0,0,0,2913558528
961,1.111550155,11.895222,11.788899,1,0,0,0,0,0.000,0,0,0,2913587200
962,1.124226474,12.676319,11.806849,1,0,0,0,0,0.000,0,0,0,2913591296
963,1.136005703,11.779229,12.674529,1,0,0,0,0,0.000,0,0,0,2913624064
964,1.147106448,11.100745,11.898402,1,0,0,0,0,0.000,0,0,0,2913660928
965,1.159333916,12.227468,11.021853,1,0,0,0,0,0.000,0,0,0,2913660928
966,1.171684478,12.350562,12.186767,1,0,0,0,0,0.000,0,0,0,2913685504
967,1.183988888,12.304410,12.396833,1,0,0,0,0,0.000,0,0,0,2913726464
968,1.196021663,12.032775,12.298241,1,0,0,0,0,0.000,0,0,0,2913755136
969,1.208413366,12.391703,11.920332,1,0,0,0,0,0.000,0,0,0,2913755136
970,1.220998812,12.585446,12.341011,1,0,0,0,0,0.000,0,0,0,2913792000
971,1.233660071,12.661259,12.586057,1,0,0,0,0,0.000,0,0,0,2913820672
972,1.246223127,12.563056,12.863862,1,0,0,0,0,0.000,0,0,0,2913824768
973,1.260201675,13.978548,12.511216,1,0,0,0,0,0.000,0,0,0,2913849344
974,1.271791299,11.589624,13.980108,1,0,0,0,0,0.000,0,0,0,2913890304
975,1.284000367,12.209068,11.585625,1,0,0,0,0,0.000,0,0,0,2913923072
976,1.296573594,12.573227,12.138467,1,0,0,0,0,0.000,0,0,0,2913927168
977,1.308765842,12.192248,12.707508,1,0,0,0,0,0.000,0,0,0,2913964032
978,1.320770556,12.004714,12.170469,1,0,0,0,0,0.000,0,0,0,2913992704
979,1.332765870,11.995314,11.993294,1,0,0,0,0,0.000,0,0,0,2913992704
980,1.344107440,11.341570,11.987783,1,0,0,0,0,0.000,0,0,0,2914037760
981,1.353803273,9.695833,11.392190,1,0,0,0,0,0.000,0,0,0,2914070528
982,1.363243371,9.440098,9.687554,1,0,0,0,0,0.000,0,0,0,2914070528
983,1.375237755,11.994384,9.382726,1,0,0,0,0,0.000,0,0,0,2914119680
984,1.388705230,13.467475,11.976543,1,0,0,0,0,0.000,0,0,0,2913099776
985,1.399470537,10.765307,13.569668,1,0,0,0,0,0.000,0,0,0,2913103872
986,1.409578220,10.107683,10.716986,1,0,0,0,0,0.000,0,0,0,2913140736
987,1.420339927,10.761707,10.104542,1,0,0,0,0,0.000,0,0,0,2913140736
988,1.431134694,10.794767,10.757317,1,0,0,0,0,0.000,0,0,0,2913177600
989,1.441727246,10.592552,10.860399,1,0,0,0,0,0.000,0,0,0,2913226752
990,1.451419270,9.692024,10.437969,1,0,0,0,0,0.000,0,0,0,2913226752
991,1.461168975,9.749705,9.677253,1,0,0,0,0,0.000,0,0,0,2913271808
992,1.471465281,10.296306,9.775155,1,0,0,0,0,0.000,0,0,0,2913275904
993,1.482102864,10.637583,10.279536,1,0,0,0,0,0.000,0,0,0,2913316864
994,1.494843254,12.740390,10.648805,1,0,0,0,0,0.000,0,0,0,2913353728
995,1.506944151,12.100897,12.701748,1,0,0,0,0,0.000,0,0,0,2913366016
996,1.518870023,11.925872,12.103227,1,0,0,0,0,0.000,0,0,0,2913406976
997,1.530782345,11.912322,11.919802,1,0,0,0,0,0.000,0,0,0,2913447936
998,1.543924574,13.142229,11.896491,1,0,0,0,0,0.000,0,0,0,2913488896
999,1.556572462,12.647888,13.256133,1,0,0,0,0,0.000,0,0,0,2913492992
1000,1.569794283,13.221821,12.643147,1,0,0,0,0,0.000,0,0,0,2913554432
1001,1.582600645,12.806362,13.221761,1,0,0,0,0,0.000,0,0,0,2913583104
1002,1.595599991,12.999346,12.939424,1,0,0,0,0,0.000,0,0,0,2913595392
1003,1.607556134,11.956143,12.875324,1,0,0,0,0,0.000,0,0,0,2913628160
1004,1.619181499,11.625365,11.923302,1,0,0,0,0,0.000,0,0,0,2913673216
1005,1.631592712,12.411213,11.616856,1,0,0,0,0,0.000,0,0,0,2913705984
1006,1.643802370,12.209658,12.472863,1,0,0,0,0,0.000,0,0,0,2913734656
1007,1.655566310,11.763940,12.262570,1,0,0,0,0,0.000,0,0,0,2913775616
1008,1.667888440,12.322130,11.662707,1,0,0,0,0,0.000,0,0,0,2913812480
1009,1.679497046,11.608606,12.364432,1,0,0,0,0,0.000,0,0,0,2913816576
1010,1.690922427,11.425381,11.556914,1,0,0,0,0,0.000,0,0,0,2913857536
1011,1.702873790,11.951363,11.457732,1,0,0,0,0,0.000,0,0,0,2913890304
1012,1.714408034,11.534244,11.992204,1,0,0,0,0,0.000,0,0,0,2913894400
1013,1.725671131,11.263097,11.465162,1,0,0,0,0,0.000,0,0,0,2913935360
1014,1.737252836,11.581705,11.280038,1,0,0,0,0,0.000,0,0,0,2913964032
1015,1.749480385,12.227549,11.590755,1,0,0,0,0,0.000,0,0,0,2913964032
1016,1.761365756,11.885371,12.216068,1,0,0,0,0,0.000,0,0,0,2914000896
1017,1.773364770,11.999014,11.872562,1,0,0,0,0,0.000,0,0,0,2914029568
1018,1.784872813,11.508043,11.993663,1,0,0,0,0,0.000,0,0,0,2914045952
1019,1.796630022,11.757209,11.539784,1,0,0,0,0,0.000,0,0,0,2914082816
1020,1.808134494,11.504472,11.752408,1,0,0,0,0,0.000,0,0,0,2914119680
1021,1.820404895,12.270401,11.506804,1,0,0,0,0,0.000,0,0,0,2914123776
1022,1.832700725,12.295830,12.251759,1,0,0,0,0,0.000,0,0,0,2914160640
1023,1.845631969,12.931244,12.288660,1,0,0,0,0,0.000,0,0,0,2914185216
1024,1.860378724,14.746755,12.929865,1,0,0,0,0,0.000,0,0,0,2914217984
1025,1.873709117,13.330393,14.747644,1,0,0,0,0,0.000,0,0,0,2914230272
1026,1.886245152,12.536035,13.426785,1,0,0,0,0,0.000,0,0,0,2914267136
1027,1.899119265,12.874113,12.503835,1,0,0,0,0,0.000,0,0,0,2914312192
1028,1.911019337,11.900072,13.024667,1,0,0,0,0,0.000,0,0,0,2914365440
1029,1.923159384,12.140047,11.747528,1,0,0,0,0,0.000,0,0,0,2914369536
1030,1.935577658,12.418274,12.084076,1,0,0,0,0,0.000,0,0,0,2914414592
1031,1.947174792,11.597134,12.413473,1,0,0,0,0,0.000,0,0,0,2914443264
1032,1.960752031,13.577239,11.596085,1,0,0,0,0,0.000,0,0,0,2914443264
1033,1.973610984,12.858953,13.594539,1,0,0,0,0,0.000,0,0,0,2914480128
1034,1.986049677,12.438693,12.847822,1,0,0,0,0,0.000,0,0,0,2914516992
1035,1.998237255,12.187578,12.463355,1,0,0,0,0,0.000,0,0,0,2914541568
1036,2.010739950,12.502695,12.156907,1,0,0,0,0,0.000,0,0,0,2914549760
1037,2.023748717,13.008767,12.523935,1,0,0,0,0,0.000,0,0,0,2914594816
1038,2.036692191,12.943474,13.012216,1,0,0,0,0,0.000,0,0,0,2914631680
1039,2.050462534,13.770343,12.941785,1,0,0,0,0,0.000,0,0,0,2914656256
1040,2.062484909,12.022375,13.755353,1,0,0,0,0,0.000,0,0,0,2914660352
1041,2.074497533,12.012624,12.037234,1,0,0,0,0,0.000,0,0,0,2914701312
1042,2.086645000,12.147467,12.004104,1,0,0,0,0,0.000,0,0,0,2914729984
1043,2.099065823,12.420823,12.139967,1,0,0,0,0,0.000,0,0,0,2914729984
1044,2.110880463,11.814640,12.525396,1,0,0,0,0,0.000,0,0,0,2914770944
1045,2.123040220,12.159757,11.752258,1,0,0,0,0,0.000,0,0,0,2914803712
1046,2.135504865,12.464645,12.172078,2,0,0,0,0,0.000,0,0,0,2914803712
1047,2.147504818,11.999953,12.422323,2,0,0,0,0,0.000,0,0,0,2914861056
1048,2.160638217,13.133399,12.057285,2,0,0,0,0,0.000,0,0,0,2914955264
1049,2.172503918,11.865701,13.129749,2,2,2,1,1,156.000,1,0,0,2915012608
1050,2.186527727,14.023809,11.835660,2,2,2,1,1,156.000,1,0,0,2916061184
1051,2.200273888,13.746161,14.021399,2,2,2,1,1,156.000,1,0,0,2917154816
1052,2.212848315,12.574427,13.765753,2,2,2,1,1,156.000,1,0,0,2918232064
1053,2.226459265,13.610950,12.616676,2,2,2,1,1,156.000,1,0,0,2919317504
1054,2.239492161,13.032896,13.565259,2,2,2,1,1,156.000,1,0,0,2920370176
1055,2.254865519,15.373358,13.037727,2,2,2,1,1,156.000,1,0,0,2921459712
1056,2.268322425,13.456906,15.385168,2,2,2,1,1,156.000,1,0,0,2921512960
1057,2.281403612,13.081187,13.532338,2,2,2,1,1,156.000,1,0,0,2921553920
1058,2.296518376,15.114764,12.964255,2,2,2,1,1,156.000,1,0,0,2921586688
1059,2.310576875,14.058499,15.133773,2,2,2,1,1,156.000,1,0,0,2921607168
1060,2.325708547,15.131672,14.048069,2,2,2,1,1,156.000,1,0,0,2921644032
1061,2.339118012,13.409465,15.179493,2,2,2,1,1,156.000,1,0,0,2921693184
1062,2.353625491,14.507479,13.392075,2,2,2,1,1,156.000,1,0,0,2921725952
1063,2.367415054,13.789563,14.499929,2,2,2,1,1,156.000,1,0,0,2921762816
1064,2.380045222,12.630168,13.821334,2,2,2,1,1,156.000,1,0,0,2921771008
1065,2.393221732,13.176510,12.626637,2,2,2,1,1,156.000,1,0,0,2921816064
1066,2.405727377,12.505645,13.142530,2,2,2,1,1,156.000,1,0,0,2921852928
1067,2.418172990,12.445613,12.500674,2,2,2,1,1,156.000,1,0,0,2921889792
1068,2.431414901,13.241911,12.501586,3,4,4,1,3,296.000,3,0,0,2922000384
1069,2.445033371,13.618470,13.189770,3,4,4,1,3,296.000,3,0,0,2922082304
1070,2.458416125,13.382754,13.651749,3,4,4,1,3,296.000,3,0,0,2922143744
1071,2.471351060,12.934935,13.336994,3,4,4,1,3,296.000,3,0,0,2922176512
1072,2.484525110,13.174050,12.949575,3,4,4,1,3,296.000,3,0,0,2922180608
1073,2.497763941,13.238831,13.173640,3,4,4,1,3,296.000,3,0,0,2922221568
1074,2.511867131,14.103190,13.235540,3,4,4,1,3,296.000,3,0,0,2922254336
1075,2.525028561,13.161430,13.981328,3,4,4,1,3,296.000,3,0,0,2922295296
1076,2.538360153,13.331592,13.178270,3,4,4,1,3,296.000,3,0,0,2922295296
1077,2.551325829,12.965676,13.318623,3,4,4,1,3,296.000,3,0,0,2922328064
1078,2.564922428,13.596599,13.151859,3,4,4,1,3,296.000,3,0,0,2922360832
1079,2.577902163,12.979735,13.548048,3,4,4,1,3,296.000,3,0,0,2922385408
1080,2.591213666,13.311503,12.973915,3,4,4,1,3,296.000,3,0,0,2922385408
1081,2.603726102,12.512436,13.301123,3,4,4,1,3,296.000,3,0,0,2922422272
1082,2.616659716,12.933614,12.504975,3,4,4,1,3,296.000,3,0,0,2922459136
1083,2.629217012,12.557296,12.921264,3,4,4,1,3,296.000,3,0,0,2922487808
1084,2.641622595,12.405583,12.572316,3,4,4,1,3,296.000,3,0,0,2922487808
1085,2.655992791,14.370196,12.402483,3,4,4,1,3,296.000,3,0,0,2922541056
1086,2.668997147,13.004356,14.422737,3,4,4,1,3,296.000,3,0,0,2922565632
1087,2.682615187,13.618040,12.990126,3,4,4,1,3,296.000,3,0,0,2922602496
1088,2.695506219,12.891032,13.552538,3,4,4,1,3,296.000,3,0,0,2922602496
1089,2.708237610,12.731391,12.893284,3,4,4,1,3,296.000,3,0,0,2922643456
1090,2.720341496,12.103886,12.730819,3,4,4,1,3,296.000,3,0,0,2922688512
1091,2.732941123,12.599627,12.127798,3,4,4,1,3,296.000,3,0,0,2922725376
1092,2.746031581,13.090458,12.686918,3,4,4,1,3,296.000,3,0,0,2922725376
1093,2.760229853,14.198272,13.017326,3,4,4,1,3,296.000,3,0,0,2922774528
1094,2.774592288,14.362435,14.197352,3,4,4,1,3,296.000,3,0,0,2922799104
1095,2.787412561,12.820273,14.287665,3,4,4,1,3,296.000,3,0,0,2922827776
1096,2.799183990,11.771429,12.871994,3,4,4,1,3,296.000,3,0,0,2922852352
1097,2.812212666,13.028676,11.727407,3,4,4,1,3,296.000,3,0,0,2922889216
1098,2.824621009,12.408343,13.078597,3,4,4,1,3,296.000,3,0,0,2922930176
1099,2.836583402,11.962393,12.436884,3,4,4,1,3,296.000,3,0,0,2922962944
1100,2.848898663,12.315261,11.992804,3,4,4,1,3,296.000,3,0,0,2922999808
1101,2.862320998,13.422335,12.427893,3,4,4,1,3,296.000,3,0,0,2923032576
1102,2.875439806,13.118808,13.389445,3,4,4,1,3,296.000,3,0,0,2923061248
1103,2.892502772,17.062966,13.129739,3,4,4,1,3,296.000,3,0,0,2923094016
1104,2.905814445,13.311673,17.076835,3,4,4,1,3,296.000,3,0,0,2923094016
1105,2.918910173,13.095728,13.310903,3,4,4,1,3,296.000,3,0,0,2923126784
1106,2.931889829,12.979656,13.182979,3,4,4,1,3,296.000,3,0,0,2923167744
1107,2.946512679,14.622850,12.923215,3,4,4,1,3,296.000,3,0,0,2923204608
1108,2.959515176,13.002497,14.574931,3,4,4,1,3,296.000,3,0,0,2923233280
1109,2.973209017,13.693841,12.990775,3,4,4,1,3,296.000,3,0,0,2923237376
1110,2.986448678,13.239661,13.600719,3,4,4,1,3,296.000,3,0,0,2923278336
1111,3.002016711,15.568033,13.186581,3,4,4,1,3,296.000,3,0,0,2923302912
1112,3.015539068,13.522357,15.575212,3,4,4,1,3,296.000,3,0,0,2923339776
1113,3.028667076,13.128008,13.526588,3,4,4,1,3,296.000,3,0,0,2923339776
1114,3.042299386,13.632310,13.100058,3,4,4,1,3,296.000,3,0,0,2923376640
1115,3.054466314,12.166928,13.608038,3,4,4,1,3,296.000,3,0,0,2923417600
1116,3.067108422,12.642108,12.167669,3,4,4,1,3,296.000,3,0,0,2923479040
1117,3.079404042,12.295620,12.670438,3,4,4,1,3,296.000,3,0,0,2923491328
1118,3.091755075,12.351033,12.271379,3,4,4,1,3,296.000,3,0,0,2923528192
1119,3.104041844,12.286769,12.360483,3,4,4,1,3,296.000,3,0,0,2923556864
1120,3.116635391,12.593547,12.316230,3,4,4,1,3,296.000,3,0,0,2923556864
1121,3.129199937,12.564546,12.545967,3,4,4,1,3,296.000,3,0,0,2923589632
1122,3.149091625,19.891688,12.557925,3,4,4,1,3,296.000,3,0,0,2923626496
1123,3.161891857,12.800232,20.102862,3,4,4,1,3,296.000,3,0,0,2923655168
1124,3.174619616,12.727759,12.756111,3,4,4,1,3,296.000,3,0,0,2923687936
1125,3.188696435,14.076819,12.713390,3,4,4,1,3,296.000,3,0,0,2923712512
1126,3.203163394,14.466959,14.228003,3,4,4,1,3,296.000,3,0,0,2923712512
1127,3.216159340,12.995946,14.747254,3,4,4,1,3,296.000,3,0,0,2923745280
1128,3.229967674,13.808334,12.585456,3,4,4,1,3,296.000,3,0,0,2923773952
1129,3.243385549,13.417875,13.759203,3,4,4,1,3,296.000,3,0,0,2923802624
1130,3.256080698,12.695149,13.369904,3,4,4,1,3,296.000,3,0,0,2923802624
1131,3.268694045,12.613347,12.714980,3,4,4,1,3,296.000,3,0,0,2923835392
1132,3.281619619,12.925574,12.591317,3,4,4,1,3,296.000,3,0,0,2923864064
1133,3.294825060,13.205441,12.919894,3,4,4,1,3,296.000,3,0,0,2923892736
1134,3.308399808,13.574748,13.242121,3,4,4,1,3,296.000,3,0,0,2923892736
1135,3.321209310,12.809502,13.539588,3,4,4,1,3,296.000,3,0,0,2923925504
1136,3.334067583,12.858273,12.811802,3,4,4,1,3,296.000,3,0,0,2923954176
1137,3.346858945,12.791362,12.887213,3,4,4,1,3,296.000,3,0,0,2923986944
1138,3.360267959,13.409014,12.775941,3,4,4,1,3,296.000,3,0,0,2923986944
1139,3.373837927,13.569968,13.385914,3,4,4,1,3,296.000,3,0,0,2924019712
1140,3.387207422,13.369495,13.591370,3,4,4,1,3,296.000,3,0,0,2924052480
1141,3.400492184,13.284762,13.335362,3,4,4,1,3,296.000,3,0,0,2924081152
1142,3.413458489,12.966305,13.301463,3,4,4,1,3,296.000,3,0,0,2924081152
1143,3.425306719,11.848230,12.976605,3,4,4,1,3,296.000,3,0,0,2924109824
1144,3.437782763,12.476044,11.941413,3,4,4,1,3,296.000,3,0,0,2924163072
1145,3.450845941,13.063178,12.435114,3,4,4,1,3,296.000,3,0,0,2924195840
1146,3.463012569,12.166628,13.099748,3,4,4,1,3,296.000,3,0,0,2924195840
1147,3.476191929,13.179360,12.125496,3,4,4,1,3,296.000,3,0,0,2924232704
1148,3.489390549,13.198620,13.163470,3,4,4,1,3,296.000,3,0,0,2924281856
1149,3.502458226,13.067677,13.208620,3,4,4,1,3,296.000,3,0,0,2924318720
1150,3.515552464,13.094238,12.971695,3,4,4,1,3,296.000,3,0,0,2924326912
1151,3.528396717,12.844253,13.220192,3,4,4,1,3,296.000,3,0,0,2924371968
1152,3.540959833,12.563116,12.757450,3,4,4,1,3,296.000,3,0,0,2924400640
1153,3.553812585,12.852752,12.633418,3,4,4,1,3,296.000,3,0,0,2924408832
1154,3.566220919,12.408334,13.032356,3,4,4,1,3,296.000,3,0,0,2924441600
1155,3.578944319,12.723400,12.180108,3,4,4,1,3,296.000,3,0,0,2924482560
1156,3.591006214,12.061895,13.149469,3,4,4,1,3,296.000,3,0,0,2924515328
1157,3.603245603,12.239389,12.048305,3,4,4,1,3,296.000,3,0,0,2924519424
1158,3.614910389,11.664786,12.405524,3,4,4,1,3,296.000,3,0,0,2924560384
1159,3.624177853,9.267464,11.593184,3,4,4,1,3,296.000,3,0,0,2924601344
1160,3.633798184,9.620331,8.911396,3,4,4,1,3,296.000,3,0,0,2924601344
1161,3.643099409,9.301225,9.521770,3,4,4,1,3,296.000,3,0,0,2924650496
1162,3.652271451,9.172042,9.243763,3,4,4,1,3,296.000,3,0,0,2924658688
1163,3.662191359,9.919908,9.142171,3,4,4,1,3,296.000,3,0,0,2924707840
1164,3.671508724,9.317365,10.012200,3,4,4,1,3,296.000,3,0,0,2924707840
1165,3.680938061,9.429337,9.277914,3,4,4,1,3,296.000,3,0,0,2924752896
1166,3.691752629,10.814568,9.531080,3,4,4,1,3,296.000,3,0,0,2924761088
1167,3.700421560,8.668931,10.770397,3,4,4,1,3,296.000,3,0,0,2924806144
1168,3.708789913,8.368353,8.601938,3,4,4,1,3,296.000,3,0,0,2924810240
1169,3.717053696,8.263783,8.399316,3,4,4,1,3,296.000,3,0,0,2924855296
1170,3.726656526,9.602830,8.245161,3,4,4,1,3,296.000,3,0,0,2924855296
1171,3.736851201,10.194675,9.633562,3,4,4,1,3,296.000,3,0,0,2924896256
1172,3.747544806,10.693605,10.152013,3,4,4,1,3,296.000,3,0,0,2924933120
1173,3.757833642,10.288836,10.728555,3,4,4,1,3,296.000,3,0,0,2924933120
1174,3.767462014,9.628372,10.261217,3,4,4,1,3,296.000,3,0,0,2924994560
1175,3.777162228,9.700214,9.607911,3,4,4,1,3,296.000,3,0,0,2925015040
1176,3.787176278,10.014050,9.738964,3,4,4,1,3,296.000,3,0,0,2925056000
1177,3.797707669,10.531391,9.963709,3,4,4,1,3,296.000,3,0,0,2925076480
1178,3.808464596,10.756927,10.440489,3,4,4,1,3,296.000,3,0,0,2925117440
1179,3.819517129,11.052533,10.752887,3,4,4,1,3,296.000,3,0,0,2925162496
1180,3.831079804,11.562675,11.185896,3,4,4,1,3,296.000,3,0,0,2924150784
1181,3.843211240,12.131436,11.508193,3,4,4,1,3,296.000,3,0,0,2923159552
1182,3.854800595,11.589355,12.089466,3,4,4,1,3,296.000,3,0,0,2922147840
1183,3.865848487,11.047892,11.587445,3,4,4,1,3,296.000,3,0,0,2921103360
1184,3.876747027,10.898540,11.042743,3,4,4,1,3,296.000,3,0,0,2920091648
1185,3.886821419,10.074392,10.910100,3,4,4,1,3,296.000,3,0,0,2920128512
1186,3.898568517,11.747098,10.216635,3,4,4,1,3,296.000,3,0,0,2920144896
1187,3.910839787,12.271270,11.616985,3,4,4,1,3,296.000,3,0,0,2920189952
1188,3.922743609,11.903822,12.307651,3,4,4,1,3,296.000,3,0,0,2920255488
1189,3.934657161,11.913552,11.871371,3,4,4,1,3,296.000,3,0,0,2920259584
1190,3.946750127,12.092966,11.923432,3,4,4,1,3,296.000,3,0,0,2920300544
1191,3.958396793,11.646666,12.066115,3,4,4,1,3,296.000,3,0,0,2920329216
1192,3.970278325,11.881532,11.644346,3,4,4,1,3,296.000,3,0,0,2920333312
1193,3.981786717,11.508392,11.887852,3,4,4,1,3,296.000,3,0,0,2920394752
1194,3.994166760,12.380043,11.542694,3,4,4,1,3,296.000,3,0,0,2920427520
1195,4.007517813,13.351053,12.271170,3,4,4,1,3,296.000,3,0,0,2920488960
1196,4.020829756,13.311943,13.329763,3,4,4,1,3,296.000,3,0,0,2920529920
1197,4.032958082,12.128326,13.334772,3,4,4,1,3,296.000,3,0,0,2920583168
1198,4.045507909,12.549827,12.130108,3,4,4,1,3,296.000,3,0,0,2920628224
1199,4.057740038,12.232129,12.534695,3,4,4,1,3,296.000,3,0,0,2920648704
1200,4.070090959,12.350921,12.474025,3,4,4,1,3,296.000,3,0,0,2920681472
1201,4.082394080,12.303121,12.220399,3,4,4,1,3,296.000,3,0,0,2920747008
1202,4.093773960,11.379880,12.281079,3,4,4,1,3,296.000,3,0,0,2920775680
1203,4.105793794,12.019834,11.364490,3,4,4,1,3,296.000,3,0,0,2920787968
1204,4.117829409,12.035615,12.019684,3,4,4,1,3,296.000,3,0,0,2920828928
1205,4.130936837,13.107428,12.032855,3,4,4,1,3,296.000,3,0,0,2920861696
1206,4.144166339,13.229502,13.140090,3,4,4,1,3,296.000,3,0,0,2920878080
1207,4.157648945,13.482606,13.200870,3,4,4,1,3,296.000,3,0,0,2920898560
1208,4.171037179,13.388234,13.487096,3,4,4,1,3,296.000,3,0,0,2920943616
1209,4.184173609,13.136430,13.419166,3,4,4,1,3,296.000,3,0,0,2920976384
1210,4.196863127,12.689518,13.097958,3,4,4,1,3,296.000,3,0,0,2921005056
1211,4.208584195,11.721068,12.766731,3,4,4,1,3,296.000,3,0,0,2921009152
1212,4.220762473,12.178278,11.658395,3,4,4,1,3,296.000,3,0,0,2921046016
1213,4.233351630,12.589157,12.161428,3,4,4,1,3,296.000,3,0,0,2921074688
1214,4.245459066,12.107436,12.606667,3,4,4,1,3,296.000,3,0,0,2921074688
1215,4.258684497,13.225431,12.092116,3,4,4,1,3,296.000,3,0,0,2920062976
1216,4.271598181,12.913684,13.237351,3,4,4,1,3,296.000,3,0,0,2920099840
1217,4.284188938,12.590757,12.905754,3,4,4,1,3,296.000,3,0,0,2920128512
1218,4.295506177,11.317239,12.586817,3,4,4,1,3,296.000,3,0,0,2920128512
1219,4.307532741,12.026564,11.331179,3,4,4,1,3,296.000,3,0,0,2920165376
1220,4.319787631,12.254890,12.012524,3,4,4,1,3,296.000,3,0,0,2920198144
1221,4.333814619,14.026988,12.280370,3,4,4,1,3,296.000,3,0,0,2920202240
1222,4.346367476,12.552857,14.013318,3,4,4,1,3,296.000,3,0,0,2920226816
1223,4.359172656,12.805180,12.640328,3,4,4,1,3,296.000,3,0,0,2920263680
1224,4.371050988,11.878332,12.750641,3,4,4,1,3,296.000,3,0,0,2920292352
1225,4.385591078,14.540090,11.898162,3,4,4,1,3,296.000,3,0,0,2920308736
1226,4.398399200,12.808122,14.503848,3,4,4,1,3,296.000,3,0,0,2920353792
1227,4.411099418,12.700218,12.788402,3,4,4,1,3,296.000,3,0,0,2920402944
1228,4.422882548,11.783130,12.726750,3,4,4,1,3,296.000,3,0,0,2920448000
1229,4.435275971,12.393423,11.787608,4,4,4,1,3,296.000,3,0,0,2920460288
1230,5.141166994,705.891023,12.353423,4,4,4,1,3,296.000,3,0,0,2962415616
1231,5.149669222,8.502228,705.865352,4,4,4,1,3,296.000,3,0,0,2962415616
1232,5.154713142,5.043920,8.380445,4,4,4,1,3,296.000,3,0,0,2962472960
1233,5.168738951,14.025809,5.034821,4,4,4,1,3,296.000,3,0,0,2963845120
1234,5.183078096,14.339145,14.049329,4,4,4,1,3,296.000,3,0,0,2963963904
1235,5.198193968,15.115872,14.356535,4,4,4,1,3,296.000,3,0,0,2963968000
1236,5.220748035,22.554067,15.101482,4,4,4,1,3,296.000,3,0,0,2963980288
1237,5.235005818,14.257783,22.558947,4,4,4,1,3,296.000,3,0,0,2963992576
1238,5.249784013,14.778195,14.261583,4,4,4,1,3,296.000,3,0,0,2963996672
1239,5.263060085,13.276072,14.770735,4,4,4,1,3,296.000,3,0,0,2964000768
1240,5.275798525,12.738440,13.290902,4,4,4,1,3,296.000,3,0,0,2964000768
1241,5.288664558,12.866033,12.735951,4,4,4,1,3,296.000,3,0,0,2964008960
1242,5.301504040,12.839482,12.852092,4,4,4,1,3,296.000,3,0,0,2964008960
1243,5.314106847,12.602807,12.841963,4,4,4,1,3,296.000,3,0,0,2964008960
1244,5.327381369,13.274522,12.611917,4,4,4,1,3,296.000,3,0,0,2964017152
1245,5.340467477,13.086108,13.264891,4,4,4,1,3,296.000,3,0,0,2964017152
1246,5.353459553,12.992076,13.235262,4,4,4,1,3,296.000,3,0,0,2964017152
1247,5.366216343,12.756790,12.980566,4,4,4,1,3,296.000,3,0,0,2964017152
1248,5.379010095,12.793752,12.757969,4,4,4,1,3,296.000,3,0,0,2964017152
1249,5.392065402,13.055307,12.826493,4,4,4,1,3,296.000,3,0,0,2964033536
1250,5.405292393,13.226991,13.075797,4,4,4,1,3,296.000,3,0,0,2964045824
1251,5.417574762,12.282369,13.167520,4,4,4,1,3,296.000,3,0,0,2964049920
1252,5.430312323,12.737561,12.285050,4,4,4,1,3,296.000,3,0,0,2964058112
1253,5.443606136,13.293813,12.772812,4,4,4,1,3,296.000,3,0,0,2964070400
1254,5.456589710,12.983574,13.258731,4,4,4,1,3,296.000,3,0,0,2964078592
1255,5.469785211,13.195501,12.985345,4,4,4,1,3,296.000,3,0,0,2964078592
1256,5.482825758,13.040547,13.190180,4,4,4,1,3,296.000,3,0,0,2964078592
1257,5.496453087,13.627329,13.045807,4,4,4,1,3,296.000,3,0,0,2964082688
1258,5.509044375,12.591288,13.629830,4,4,4,1,3,296.000,3,0,0,2964082688
1259,5.521915328,12.870953,12.617377,4,4,4,1,3,296.000,3,0,0,2964082688
1260,5.534764181,12.848853,12.871243,4,4,4,1,3,296.000,3,0,0,2964086784
1261,5.547547251,12.783070,12.817603,4,4,4,1,3,296.000,3,0,0,2964090880
1262,5.560267761,12.720510,12.802521,4,4,4,1,3,296.000,3,0,0,2964090880
1263,5.573347228,13.079467,12.713399,4,4,4,1,3,296.000,3,0,0,2964090880
1264,5.587108521,13.761293,13.084279,4,4,4,1,3,296.000,3,0,0,2964103168
1265,5.600635248,13.526727,13.777062,4,4,4,1,3,296.000,3,0,0,2964107264
1266,5.613247786,12.612538,13.508818,4,4,4,1,3,296.000,3,0,0,2964107264
1267,5.626555528,13.307742,12.607716,4,4,4,1,3,296.000,3,0,0,2964107264
1268,5.639893322,13.337794,13.307033,4,4,4,1,3,296.000,3,0,0,2964107264
1269,5.653120653,13.227331,13.393415,4,4,4,1,3,282.000,3,0,0,2964131840
1270,5.666470246,13.349593,13.236551,4,4,4,1,3,282.000,3,0,0,2965184512
1271,5.681713222,15.242976,13.294673,4,4,4,1,3,282.000,3,0,0,2966233088
1272,5.696949017,15.235795,15.248185,4,4,4,1,3,282.000,3,0,0,2967281664
1273,5.710562456,13.613439,15.267055,4,4,4,1,3,282.000,3,0,0,2968330240
1274,5.724937733,14.375277,13.617990,4,4,4,1,3,282.000,3,0,0,2969378816
1275,5.738076491,13.138758,14.383366,4,4,4,1,3,282.000,6,0,0,2970427392
1276,5.750112376,12.035885,13.135319,4,4,4,1,3,282.000,6,0,0,2970427392
1277,5.761887345,11.774969,12.029134,4,4,4,1,3,282.000,6,0,0,2970439680
1278,5.773694454,11.807109,11.783820,4,4,4,1,3,282.000,6,0,0,2970443776
1279,5.784979203,11.284749,11.848390,4,4,4,1,3,282.000,6,0,0,2970468352
1280,5.795016434,10.037231,11.237187,4,4,4,1,3,282.000,6,0,0,2970468352
1281,5.809904711,14.888277,10.031121,4,4,4,1,3,282.000,6,0,0,2970480640
1282,5.822645211,12.740500,14.873437,4,4,4,1,3,282.000,6,0,0,2970501120
1283,5.835439282,12.794071,12.718320,4,4,4,1,3,282.000,6,0,0,2970521600
1284,5.848023769,12.584487,12.782020,4,4,4,1,3,282.000,6,0,0,2970546176
1285,5.861340702,13.316933,12.617018,4,4,4,1,3,282.000,6,0,0,2970570752
1286,5.873911209,12.570507,13.273732,4,4,4,1,3,282.000,6,0,0,2970570752
1287,5.888026509,14.115300,12.608188,4,4,4,1,3,282.000,6,0,0,2970570752
1288,5.901260740,13.234231,14.196232,4,4,4,1,3,282.000,6,0,0,2970574848
1289,5.913915739,12.654999,13.176869,4,4,4,1,3,282.000,6,0,0,2970578944
1290,5.926889694,12.973955,12.681019,4,4,4,1,3,282.000,6,0,0,2970583040
1291,5.941347641,14.457947,12.968666,4,4,4,1,3,282.000,6,0,0,2970587136
1292,5.954466080,13.118439,14.405186,4,4,4,1,3,282.000,6,0,0,2970591232
1293,5.967133199,12.667119,13.115228,4,4,4,1,3,282.000,6,0,0,2970615808
1294,5.980599564,13.466365,12.689200,4,4,4,1,3,282.000,6,0,0,2970619904
1295,5.994707825,14.108261,13.442716,4,4,4,1,3,282.000,6,0,0,2970619904
1296,6.007851195,13.143370,14.110820,4,4,4,1,3,282.000,6,0,0,2970624000
1297,6.020955443,13.104248,13.199950,4,4,4,1,3,282.000,6,0,0,2970648576
1298,6.033859477,12.904034,13.076938,4,4,4,1,3,282.000,6,0,0,2970673152
1299,6.047552697,13.693220,12.906064,4,4,4,1,3,282.000,6,0,0,2970673152
1300,6.060750917,13.198220,13.678811,4,4,4,1,3,282.000,6,0,0,2970673152
1301,6.073826866,13.075949,13.191260,4,4,4,1,3,282.000,6,0,0,2970677248
1302,6.088583329,14.756463,13.110328,4,4,4,1,3,282.000,6,0,0,2970677248
1303,6.101118375,12.535046,14.744734,4,4,4,1,3,282.000,6,0,0,2970681344
1304,6.114190633,13.072258,12.542536,4,4,4,1,3,282.000,6,0,0,2970681344
1305,6.126838850,12.648217,12.924594,4,4,4,1,3,282.000,6,0,0,2970681344
1306,6.140885760,14.046910,12.589887,4,4,4,1,3,282.000,6,0,0,2970681344
1307,6.155345038,14.459278,14.249333,4,4,4,1,3,282.000,6,0,0,2970681344
1308,6.169956119,14.611081,14.427897,4,4,4,1,3,282.000,6,0,0,2970681344
1309,6.183976008,14.019889,14.653873,4,4,4,1,3,282.000,6,0,0,2970685440
1310,6.196177706,12.201698,13.984907,4,4,4,1,3,282.000,6,0,0,2970685440
1311,6.207203108,11.025402,12.161348,4,4,4,1,3,282.000,6,0,0,2970685440
1312,6.219511549,12.308441,11.040922,4,4,4,1,3,282.000,6,0,0,2970685440
1313,6.234984200,15.472651,12.310561,4,4,4,1,3,282.000,6,0,0,2970685440
1314,6.248763902,13.779702,15.515772,4,4,4,1,3,282.000,6,0,0,2970685440
1315,6.261851499,13.087597,13.734012,4,4,4,1,3,282.000,6,0,0,2970685440
1316,6.275128292,13.276793,13.140479,4,4,4,1,3,282.000,6,0,0,2970693632
1317,6.288304382,13.176090,13.250421,4,4,4,1,3,282.000,6,0,0,2970730496
1318,6.301657555,13.353173,13.152429,4,4,4,1,3,282.000,6,0,0,2970738688
1319,6.314619650,12.962095,13.353504,4,4,4,1,3,282.000,6,0,0,2970738688
1320,6.328394133,13.774483,12.960075,4,4,4,1,3,282.000,6,0,0,2970742784
1321,6.340683953,12.289820,13.785723,4,4,4,1,3,282.000,6,0,0,2970742784
1322,6.354989599,14.305646,12.272440,4,4,4,1,3,282.000,6,0,0,2970746880
1323,6.372410831,17.421232,14.343855,4,4,4,1,3,282.000,6,0,0,2971787264
1324,6.387222137,14.811306,17.433183,4,4,4,1,3,282.000,6,0,0,2971791360
1325,6.401578963,14.356826,14.775606,4,4,4,1,3,282.000,6,0,0,2971795456
1326,6.415245744,13.666781,14.407666,4,4,4,1,3,282.000,6,0,0,2971807744
1327,6.428808751,13.563007,13.649081,4,4,4,1,3,282.000,6,0,0,2971836416
1328,6.443998296,15.189545,13.595019,4,4,4,1,3,282.000,6,0,0,2971844608
1329,6.456744406,12.746110,15.160723,4,4,4,1,3,282.000,6,0,0,2971844608
1330,6.470316865,13.572459,12.695800,4,4,4,1,3,282.000,6,0,0,2971852800
1331,6.483628577,13.311712,13.575998,4,4,4,1,3,282.000,6,0,0,2971881472
1332,6.496439999,12.811422,13.326543,4,4,4,1,3,282.000,6,0,0,2971885568
1333,6.509708210,13.268211,12.805781,4,4,4,1,3,282.000,6,0,0,2971889664
1334,6.522386440,12.678230,13.251632,4,4,4,1,3,282.000,6,0,0,2971889664
1335,6.534883774,12.497334,12.680389,4,4,4,1,3,282.000,6,0,0,2971893760
1336,6.548480503,13.596729,12.523086,4,4,4,1,3,282.000,6,0,0,2971893760
1337,6.561967179,13.486676,13.583698,4,4,4,1,3,268.000,6,0,0,2971901952
1338,6.575374885,13.407706,13.510087,4,4,4,1,3,268.000,6,0,0,2971901952
1339,6.589444614,14.069729,13.367034,4,4,4,1,3,268.000,6,0,0,2971906048
1340,6.602941971,13.497357,14.075029,4,4,4,1,3,268.000,6,0,0,2971926528
1341,6.616044350,13.102379,13.532468,4,4,4,1,3,268.000,6,0,0,2971926528
1342,6.630100659,14.056309,13.095968,4,4,4,1,3,268.000,6,0,0,2971930624
1343,6.643756938,13.656279,14.060059,4,4,4,1,3,268.000,6,0,0,2971934720
1344,6.656442628,12.685690,13.647481,4,4,4,1,3,268.000,6,0,0,2971934720
1345,6.669317861,12.875233,12.662788,4,4,4,1,3,268.000,6,0,0,2971934720
1346,6.682266036,12.948175,12.892043,4,4,4,1,3,268.000,6,0,0,2971934720
1347,6.695815733,13.549697,12.984706,4,4,4,1,3,268.000,6,0,0,2971947008
1348,6.708855570,13.039837,13.752413,4,4,4,1,3,268.000,6,0,0,2971951104
1349,6.721167591,12.312021,12.895523,4,4,4,1,3,268.000,6,0,0,2971955200
1350,6.733454681,12.287090,12.281770,4,4,4,1,3,268.000,9,0,0,2971963392
1351,6.745690590,12.235909,12.224929,4,4,4,1,3,268.000,9,0,0,2971967488
1352,6.758163365,12.472775,12.230549,4,4,4,1,3,268.000,9,0,0,2971967488
1353,6.770626089,12.462724,12.476704,4,4,4,1,3,268.000,9,0,0,2971967488
1354,6.783131994,12.505905,12.466014,4,4,4,1,3,268.000,9,0,0,2971967488
1355,6.795125748,11.993754,12.539726,4,4,4,1,3,268.000,9,0,0,2972004352
1356,6.807671473,12.545725,11.975554,4,4,4,1,3,268.000,9,0,0,2972012544
1357,6.819279279,11.607806,12.556615,4,4,4,1,3,268.000,9,0,0,2972033024
1358,6.831098649,11.819370,11.562885,4,4,4,1,3,268.000,9,0,0,2972033024
1359,6.843046591,11.947942,11.855751,4,4,4,1,3,268.000,9,0,0,2972037120
1360,6.854807380,11.760789,11.949483,4,4,4,1,3,268.000,9,0,0,2972045312
1361,6.866527688,11.720308,11.742168,4,4,4,1,3,268.000,9,0,0,2972045312
1362,6.878312917,11.785229,11.706857,4,4,4,1,3,268.000,9,0,0,2972045312
1363,6.890633978,12.321061,11.785229,4,4,4,1,3,268.000,9,0,0,2972061696
1364,6.903406539,12.772561,12.329671,4,4,4,1,3,268.000,9,0,0,2972069888
1365,6.915407793,12.001254,12.773281,4,4,4,1,3,268.000,9,0,0,2972069888
1366,6.927656272,12.248479,12.102116,4,4,4,1,3,268.000,9,0,0,2972078080
1367,6.939544124,11.887852,12.169748,4,4,4,1,3,268.000,9,0,0,2972078080
1368,6.950868912,11.324788,11.891152,4,4,4,1,3,268.000,9,0,0,2972086272
1369,6.963625993,12.757081,11.313329,4,4,4,1,3,268.000,9,0,0,2972090368
1370,6.976184940,12.558947,12.750490,4,4,4,1,3,268.000,9,0,0,2972094464
1371,6.987065208,10.880268,12.534916,4,4,4,1,3,268.000,9,0,0,2972094464
1372,6.998412338,11.347130,10.896910,4,4,4,1,3,268.000,9,0,0,2972094464
1373,7.010073814,11.661476,11.312398,4,4,4,1,3,268.000,9,0,0,2972102656
1374,7.023465559,13.391745,11.696318,4,4,4,1,3,268.000,9,0,0,2972110848
1375,7.034674586,11.209027,13.368073,4,4,4,1,3,268.000,9,0,0,2972131328
1376,7.047427756,12.753170,11.206566,4,4,4,1,3,268.000,9,0,0,2972139520
1377,7.060456023,13.028267,12.752331,4,4,4,1,3,268.000,9,0,0,2972143616
1378,7.072996308,12.540285,13.031727,4,4,4,1,3,268.000,9,0,0,2972143616
1379,7.084636594,11.640286,12.575927,4,4,4,1,3,268.000,9,0,0,2972147712
1380,7.098458418,13.821824,11.606494,4,4,4,1,3,268.000,9,0,0,2972147712
1381,7.110779949,12.321531,13.841865,4,4,4,1,3,268.000,9,0,0,2972151808
1382,7.123775885,12.995936,12.317520,4,4,4,1,3,268.000,9,0,0,2972151808
1383,7.136643268,12.867383,13.024597,4,4,4,1,3,268.000,9,0,0,2972160000
1384,7.149772697,13.129429,12.874523,4,4,4,1,3,268.000,9,0,0,2972180480
1385,7.165956722,16.184025,13.109088,4,4,4,1,3,268.000,9,0,0,2972184576
1386,7.178764824,12.808102,16.270649,4,4,4,1,3,268.000,9,0,0,2972184576
1387,7.190377220,11.612396,12.730159,4,4,4,1,3,268.000,9,0,0,2972188672
1388,7.203739364,13.362144,11.648027,4,4,4,1,3,268.000,9,0,0,2972188672
1389,7.216854502,13.115138,13.333562,4,4,4,1,3,268.000,9,0,0,2972188672
1390,7.230028821,13.174319,13.148419,4,4,4,1,3,268.000,9,0,0,2972188672
1391,7.243583350,13.554529,13.161521,4,4,4,1,3,268.000,9,0,0,2972188672
1392,7.256077034,12.493684,13.556397,4,4,4,1,3,268.000,9,0,0,2972188672
1393,7.268918737,12.841703,12.480465,4,4,4,1,3,268.000,9,0,0,2972188672
1394,7.281617456,12.698719,12.860613,4,4,4,1,3,268.000,9,0,0,2972188672
1395,7.294409938,12.792482,12.681428,4,4,4,1,3,268.000,9,0,0,2972188672
1396,7.307265900,12.855962,12.773162,4,4,4,1,3,268.000,9,0,0,2972192768
1397,7.320119353,12.853453,12.854552,4,4,4,1,3,268.000,9,0,0,2972229632
1398,7.332816952,12.697599,12.881694,4,4,4,1,3,268.000,9,0,0,2972229632
1399,7.346228847,13.411895,12.701978,4,4,4,1,3,256.000,9,0,0,2972246016
1400,7.359167031,12.938184,13.385546,4,4,4,1,3,256.000,9,0,0,2972250112
1401,7.373127498,13.960467,12.942314,4,4,4,1,3,256.000,9,0,0,2972250112
1402,7.385870129,12.742631,13.995438,4,4,4,1,3,256.000,9,0,0,2972250112
1403,7.399814616,13.944487,12.743919,4,4,4,1,3,256.000,9,0,0,2972274688
1404,7.412866052,13.051436,13.985758,4,4,4,1,3,256.000,9,0,0,2972274688
1405,7.425680204,12.814152,12.991206,4,4,4,1,3,256.000,9,0,0,2972295168
1406,7.438689590,13.009386,12.797311,4,4,4,1,3,256.000,9,0,0,2972299264
1407,7.476410390,37.720800,12.994106,4,4,4,1,3,256.000,9,0,0,2972307456
1408,7.486480462,10.070072,37.764581,4,4,4,1,3,242.000,9,0,0,2972315648
1409,7.496516732,10.036270,9.890748,4,4,4,1,3,242.000,9,0,0,2972327936
1410,7.506540783,10.024051,10.007300,4,4,4,1,3,242.000,9,0,0,2972336128
1411,7.516840359,10.299576,10.035310,4,4,4,1,3,242.000,9,0,0,2972356608
1412,7.527045573,10.205214,10.277236,4,4,4,1,3,242.000,9,0,0,2972360704
1413,7.537667877,10.622304,10.236225,4,4,4,1,3,242.000,9,0,0,2972495872
1414,7.547947523,10.279646,10.595393,4,4,4,1,3,242.000,9,0,0,2972504064
1415,7.558591928,10.644405,10.281636,4,4,4,1,3,242.000,9,0,0,2972504064
1416,7.568708920,10.116992,10.643935,4,4,4,1,3,242.000,9,0,0,2972504064
1417,7.578227919,9.518999,10.114492,4,4,4,1,3,242.000,9,0,0,2972508160
1418,7.587842651,9.614732,9.516560,4,4,4,1,3,242.000,9,0,0,2972512256
1419,7.598168047,10.325396,9.640311,4,4,4,1,3,242.000,9,0,0,2972512256
1420,7.608570127,10.402080,10.318117,4,4,4,1,3,242.000,9,0,0,2972512256
1421,7.618526096,9.955969,10.403509,4,4,4,1,3,242.000,9,0,0,2972512256
1422,7.630879957,12.353861,9.947779,4,4,4,1,3,242.000,9,0,0,2972512256
1423,7.641057391,10.177434,12.363201,4,4,4,1,3,242.000,9,0,0,2972512256
1424,7.652448632,11.391241,10.206745,4,4,4,1,3,242.000,9,0,0,2972512256
1425,7.663396432,10.947800,11.360960,4,4,4,1,3,242.000,9,0,0,2972516352
1426,7.674604459,11.208027,11.108704,4,4,4,1,3,242.000,10,0,0,2972520448
1427,7.684955386,10.350927,11.195016,4,4,4,1,3,242.000,10,0,0,2972520448
1428,7.696440279,11.484893,10.370378,4,4,4,1,3,242.000,10,0,0,2972520448
1429,7.707394019,10.953740,11.462603,4,4,4,1,3,242.000,10,0,0,2972520448
1430,7.718322720,10.928701,10.953641,4,4,4,1,3,242.000,10,0,0,2972520448
1431,7.730060228,11.737508,10.915710,4,4,4,1,3,242.000,10,0,0,2972524544
1432,7.741227973,11.167745,11.810120,4,4,4,1,3,242.000,12,0,0,2972524544
1433,7.751637083,10.409110,11.098814,4,4,4,1,3,242.000,12,0,0,2972524544
1434,7.762389069,10.751986,10.425748,4,4,4,1,3,242.000,12,0,0,2972528640
1435,7.773464213,11.075144,10.733327,4,4,4,1,3,242.000,12,0,0,2972528640
1436,7.784357212,10.892999,11.080813,4,4,4,1,3,242.000,12,0,0,2972536832
1437,7.794676759,10.319547,10.903120,4,4,4,1,3,242.000,12,0,0,2972536832
1438,7.805064207,10.387448,10.313767,4,4,4,1,3,242.000,12,0,0,2972565504
1439,7.816202772,11.138565,10.417378,4,4,4,1,3,242.000,12,0,0,2972610560
1440,7.826511060,10.308288,11.119916,4,4,4,1,3,242.000,12,0,0,2972635136
1441,7.837387128,10.876068,10.291756,4,4,4,1,3,242.000,12,0,0,2972643328
1442,7.847778027,10.390899,10.886669,4,4,4,1,3,242.000,12,0,0,2972667904
1443,7.858377720,10.599693,10.409969,4,4,4,1,3,242.000,12,0,0,2972672000
1444,7.868702417,10.324697,10.580433,4,4,4,1,3,242.000,12,0,0,2972676096
1445,7.878890071,10.187654,10.318687,4,4,4,1,3,242.000,12,0,0,2972680192
1446,7.889344301,10.454230,10.214224,4,4,4,1,3,242.000,12,0,0,2972680192
1447,7.899593087,10.248786,10.421590,4,4,4,1,3,242.000,12,0,0,2972688384
1448,7.909729280,10.136193,10.253105,4,4,4,1,3,242.000,12,0,0,2972688384
1449,7.919827711,10.098431,10.128533,4,4,4,1,3,242.000,12,0,0,2972688384
1450,7.929551286,9.723575,10.147513,4,4,4,1,3,242.000,12,0,0,2972688384
1451,7.939456963,9.905677,9.680523,4,4,4,1,3,242.000,12,0,0,2972704768
1452,7.950039486,10.582523,9.900428,4,4,4,1,3,242.000,12,0,0,2972704768
1453,7.959411521,9.372035,10.625713,4,4,4,1,3,242.000,12,0,0,2972708864
1454,7.968849030,9.437509,9.333146,4,4,4,1,3,242.000,12,0,0,2972717056
1455,7.978075132,9.226102,9.487478,4,4,4,1,3,242.000,12,0,0,2972717056
1456,7.987343436,9.268304,9.200192,4,4,4,1,3,242.000,12,0,0,2972717056
1457,7.997250474,9.907038,9.287665,4,4,4,1,3,242.000,12,0,0,2972717056
1458,8.006120619,8.870145,9.861587,4,4,4,1,3,242.000,12,0,0,2972717056
1459,8.015003784,8.883165,8.889825,4,4,4,1,3,242.000,12,0,0,2972721152
1460,8.024256328,9.252544,8.887065,4,4,4,1,3,242.000,12,0,0,2972721152
1461,8.033213605,8.957277,9.228354,4,4,4,1,3,242.000,12,0,0,2972725248
1462,8.042238863,9.025258,8.960756,4,4,4,1,3,242.000,12,0,0,2972725248
1463,8.051485856,9.246993,9.041840,4,4,4,1,3,242.000,12,0,0,2972725248
1464,8.060469724,8.983868,9.261483,4,4,4,1,3,242.000,12,0,0,2972725248
1465,8.069424961,8.955237,8.972768,4,4,4,1,3,242.000,12,0,0,2972725248
1466,8.079542673,10.117712,8.839424,4,4,4,1,3,242.000,12,0,0,2972733440
1467,8.089128734,9.586061,10.099072,4,4,4,1,3,242.000,12,0,0,2972753920
1468,8.099676097,10.547363,9.597551,4,4,4,1,3,242.000,12,0,0,2972758016
1469,8.110219398,10.543301,10.524272,4,4,4,1,3,242.000,12,0,0,2972762112
1470,8.120390202,10.170804,10.552741,4,4,4,1,3,242.000,12,0,0,2972786688
1471,8.129724848,9.334646,10.166905,4,4,4,1,3,242.000,12,0,0,2972790784
1472,8.139510372,9.785524,9.349325,4,4,4,1,3,242.000,12,0,0,2972798976
1473,8.149361679,9.851307,9.854537,4,4,4,1,3,242.000,12,0,0,2972844032
1474,8.159231846,9.870167,9.842986,4,4,4,1,3,242.000,12,0,0,2972856320
1475,8.168435598,9.203752,9.869056,4,4,4,1,3,242.000,12,0,0,2972864512
1476,8.178348866,9.913268,9.190553,4,4,4,1,3,242.000,12,0,0,2972876800
1477,8.190882022,12.533156,9.882167,4,4,4,1,3,242.000,12,0,0,2972884992
1478,8.201372973,10.490951,12.572657,4,4,4,1,3,242.000,12,0,0,2972884992
1479,8.211765832,10.392859,10.484271,4,4,4,1,3,230.000,12,0,0,2972884992
1480,8.222216751,10.450919,10.414688,4,4,4,1,3,230.000,12,0,0,2972901376
1481,8.232413215,10.196464,10.440149,4,4,4,1,3,230.000,12,0,0,2972909568
1482,8.242743803,10.330588,10.177875,4,4,4,1,3,230.000,12,0,0,2972917760
1483,8.253388917,10.645114,10.369718,4,4,4,1,3,230.000,12,0,0,2972917760
1484,8.262897166,9.508249,10.609284,4,4,4,1,3,230.000,12,0,0,2972917760
1485,8.273335895,10.438729,9.530279,4,4,4,1,3,230.000,12,0,0,2972917760
1486,8.283443627,10.107732,10.482561,4,4,4,1,3,230.000,12,0,0,2972917760
1487,8.293419817,9.976190,10.292516,4,4,4,1,3,230.000,12,0,0,2972917760
1488,8.302438345,9.018528,9.791965,4,4,4,1,3,230.000,12,0,0,2972917760
1489,8.311673649,9.235304,8.996378,4,4,4,1,3,230.000,12,0,0,2972921856
1490,8.321048885,9.375236,9.251743,4,4,4,1,3,230.000,12,0,0,2972921856
1491,8.330027322,8.978437,9.380686,4,4,4,1,3,230.000,12,0,0,2972921856
1492,8.339090412,9.063090,8.973948,4,4,4,1,3,230.000,12,0,0,2972921856
1493,8.348377895,9.287483,9.059009,4,4,4,1,3,230.000,12,0,0,2972921856
1494,8.357852544,9.474649,9.268274,4,4,4,1,3,230.000,12,0,0,2972921856
1495,8.366563975,8.711431,9.475708,4,4,4,1,3,230.000,12,0,0,2972921856
1496,8.375374269,8.810294,8.726322,4,4,4,1,3,230.000,12,0,0,2972925952
1497,8.384619912,9.245643,8.797243,4,4,4,1,3,230.000,12,0,0,2972930048
1498,8.393263073,8.643161,9.251404,4,3,4,1,2,216.000,12,0,0,2972934144
1499,8.401692299,8.429226,8.640020,4,3,4,1,2,216.000,12,0,0,2972938240
1500,8.411373921,9.681622,8.431076,4,3,4,1,2,216.000,12,0,0,2972946432
1501,8.419534800,8.160879,9.852746,4,3,4,1,2,216.000,12,0,0,2972946432
1502,8.429174953,9.640153,7.990036,4,3,4,1,2,216.000,12,0,0,2973425664
1503,8.438179331,9.004378,9.688673,4,3,4,1,2,216.000,12,0,0,2973433856
1504,8.447683499,9.504168,9.004028,4,3,4,1,2,216.000,12,0,0,2973442048
1505,8.458872866,11.189367,9.513689,4,3,4,1,2,216.000,12,0,0,2973450240
1506,8.470418849,11.545983,11.202196,4,3,4,1,2,216.000,12,0,0,2973450240
1507,8.480338658,9.919809,11.492664,4,3,4,1,2,216.000,12,0,0,2973474816
1508,8.491098754,10.760096,9.915237,4,3,4,1,2,216.000,12,0,0,2973474816
1509,8.501896122,10.797368,10.862729,4,3,4,1,2,216.000,12,0,0,2973487104
1510,8.512782902,10.886780,10.779937,4,3,4,1,2,216.000,12,0,0,2973499392
1511,8.523163530,10.380628,10.811938,4,3,4,1,2,216.000,12,0,0,2973499392
1512,8.534111640,10.948110,10.384718,4,3,4,1,2,216.000,12,0,0,2973499392
1513,8.543883456,9.771816,10.964181,4,3,4,1,2,216.000,12,0,0,2973499392
1514,8.553447815,9.564359,9.777916,4,3,4,1,2,216.000,12,0,0,2973511680
1515,8.563444165,9.996350,9.523079,4,3,4,1,2,216.000,12,0,0,2973515776
1516,8.573136449,9.692284,9.997050,4,3,4,1,2,216.000,12,0,0,2973540352
1517,8.582469223,9.332774,9.709003,4,3,4,1,2,216.000,12,0,0,2973548544
1518,8.592581546,10.112323,9.316076,4,3,4,1,2,216.000,14,0,0,2973548544
1519,8.604903987,12.322441,10.115932,4,3,4,1,2,216.000,14,0,0,2973548544
1520,8.616960553,12.056566,12.354371,4,3,4,1,2,216.000,14,0,0,2973548544
1521,8.629681512,12.720959,12.060586,4,3,4,1,2,216.000,14,0,0,2973552640
1522,8.641666435,11.984923,12.690319,4,3,4,1,2,216.000,14,0,0,2973552640
1523,8.653690580,12.024145,11.989414,4,3,4,1,2,216.000,14,0,0,2973560832
1524,8.665624962,11.934382,12.024214,4,3,4,1,2,216.000,14,0,0,2973569024
1525,8.677051844,11.426882,11.938933,4,3,4,1,2,216.000,14,0,0,2973569024
1526,8.689490447,12.438603,11.468441,4,3,4,1,2,216.000,14,0,0,2973573120
1527,8.701631944,12.141497,12.398964,4,3,4,1,2,216.000,14,0,0,2973573120
1528,8.715210073,13.578129,12.162077,4,3,4,1,2,216.000,14,0,0,2973573120
1529,8.728240309,13.030236,13.582178,4,3,4,1,2,216.000,14,0,0,2973581312
1530,8.740782205,12.541896,13.006986,4,3,4,1,2,216.000,14,0,0,2973581312
1531,8.752242357,11.460152,12.541846,4,3,4,1,2,216.000,14,0,0,2973581312
1532,8.764643560,12.401203,11.499213,4,3,4,1,2,216.000,14,0,0,2973585408
1533,8.776784367,12.140807,12.378823,4,3,4,1,2,216.000,14,0,0,2973585408
1534,8.789170609,12.386242,12.133446,4,3,4,1,2,216.000,14,0,0,2973585408
1535,8.800908608,11.737999,12.387482,4,3,4,1,2,216.000,14,0,0,2973585408
1536,8.813776420,12.867812,11.765169,4,3,4,1,2,216.000,14,0,0,2973585408
1537,8.826254305,12.477885,12.860913,4,3,4,1,2,216.000,14,0,0,2973585408
1538,8.838937004,12.682699,12.456894,4,3,4,1,2,216.000,14,0,0,2973585408
1539,8.851207384,12.270380,12.715330,4,3,4,1,2,216.000,14,0,0,2973585408
1540,8.863501244,12.293860,12.249069,4,3,4,1,2,216.000,14,0,0,2973585408
1541,8.875995359,12.494115,12.284430,4,3,4,1,2,216.000,14,0,0,2973585408
1542,8.888421402,12.426043,12.714460,4,3,4,1,2,216.000,14,0,0,2973585408
1543,8.901469089,13.047687,12.253479,4,3,4,1,2,216.000,14,0,0,2973585408
1544,8.914093207,12.624118,13.020586,4,3,4,1,2,216.000,14,0,0,2973589504
1545,8.926132872,12.039665,12.657709,4,3,4,1,2,216.000,14,0,0,2973589504
1546,8.938762849,12.629977,12.034434,4,3,4,1,2,216.000,14,0,0,2973593600
1547,8.951573601,12.810752,12.594188,4,3,4,1,2,216.000,14,0,0,2973597696
1548,8.965968898,14.395297,12.839012,4,3,4,1,2,216.000,14,0,0,2973601792
1549,8.978808449,12.839551,14.401437,4,3,4,1,2,216.000,14,0,0,2973630464
1550,8.991681733,12.873284,12.849192,4,3,4,1,2,216.000,14,0,0,2973638656
1551,9.004398092,12.716359,12.868373,4,3,4,1,2,216.000,14,0,0,2973638656
1552,9.017019570,12.621478,12.743240,4,3,4,1,2,216.000,14,0,0,2973650944
1553,9.029496274,12.476704,12.586857,4,3,4,1,2,216.000,14,0,0,2973650944
1554,9.042279326,12.783052,12.481994,4,3,4,1,2,216.000,14,0,0,2973650944
1555,9.054664378,12.385052,12.765111,4,3,4,1,2,216.000,14,0,0,2973650944
1556,9.067278775,12.614397,12.397373,4,3,4,1,2,216.000,14,0,0,2973650944
1557,9.081164831,13.886056,12.557846,4,3,4,1,2,216.000,14,0,0,2973650944
1558,9.093772758,12.607927,13.924396,4,3,4,1,2,216.000,14,0,0,2973650944
1559,9.105792162,12.019404,12.564897,4,3,4,1,2,216.000,14,0,0,2973655040
1560,9.122024660,16.232498,12.008154,4,3,4,1,2,216.000,14,0,0,2973659136
1561,9.136217952,14.193292,16.443891,4,3,4,1,2,216.000,14,0,0,2973667328
1562,9.150542666,14.324714,14.090310,4,3,4,1,2,216.000,14,0,0,2973667328
1563,9.164918302,14.375636,14.316796,4,3,4,1,2,216.000,14,0,0,2973675520
1564,9.179578835,14.660533,14.506058,4,3,4,1,2,216.000,14,0,0,2973675520
1565,9.194195287,14.616452,14.618672,4,3,4,1,2,216.000,14,0,0,2973679616
1566,9.208062522,13.867235,14.617381,4,3,4,1,2,216.000,14,0,0,2973679616
1567,9.222849876,14.787354,13.872315,4,3,4,1,2,216.000,14,0,0,2973679616
1568,9.236788673,13.938797,14.762125,4,3,4,1,2,216.000,14,0,0,2973683712
1569,9.249671246,12.882573,13.967367,4,3,4,1,2,216.000,14,0,0,2973683712
1570,9.264575824,14.904578,12.925904,4,3,4,1,2,216.000,14,0,0,2973683712
1571,9.279291788,14.715964,14.888438,4,3,4,1,2,216.000,14,0,0,2973683712
1572,9.293365097,14.073309,14.655592,4,3,4,1,2,216.000,14,0,0,2973683712
1573,9.307110510,13.745413,14.090759,4,3,4,1,2,202.000,14,0,0,2973683712
1574,9.321957666,14.847156,13.735653,4,3,4,1,2,202.000,14,0,0,2973687808
1575,9.335010464,13.052798,14.741984,4,3,4,1,2,202.000,14,0,0,2973720576
1576,9.348258045,13.247581,13.039397,4,3,4,1,2,202.000,14,0,0,2973745152
1577,9.360836041,12.577996,13.202930,4,3,4,1,2,202.000,14,0,0,2973753344
1578,9.372589259,11.753218,12.625668,4,3,4,1,2,202.000,14,0,0,2973753344
1579,9.384386549,11.797290,11.710967,4,3,4,1,2,202.000,14,0,0,2973753344
1580,9.398428928,14.042379,11.778709,4,3,4,1,2,202.000,14,0,0,2973753344
1581,9.411633328,13.204400,14.050459,4,3,4,1,2,202.000,14,0,0,2973757440
1582,9.424465450,12.832122,13.226031,4,3,4,1,2,202.000,14,0,0,2973757440
1583,9.436906324,12.440874,12.852783,4,3,4,1,2,202.000,14,0,0,2973757440
1584,9.449987411,13.081087,12.500445,4,3,4,1,2,202.000,14,0,0,2973757440
1585,9.462350224,12.362813,13.074007,4,3,4,1,2,202.000,14,0,0,2973757440
1586,9.475826330,13.476106,12.332451,4,3,4,1,2,202.000,14,0,0,2973757440
1587,9.489466320,13.639990,13.495998,4,3,4,1,2,202.000,14,0,0,2973757440
1588,9.502131159,12.664839,13.571288,4,3,4,1,2,202.000,14,0,0,2973757440
1589,9.514655524,12.524365,12.688559,4,3,4,1,2,202.000,14,0,0,2973757440
1590,9.527781792,13.126268,12.517405,4,3,4,1,2,202.000,14,0,0,2973765632
1591,9.541099076,13.317284,13.227211,4,3,4,1,2,202.000,14,0,0,2973769728
1592,9.554900088,13.801012,13.241671,4,3,4,1,2,202.000,14,0,0,2973769728
1593,9.568807324,13.907236,13.791254,4,3,4,1,2,202.000,14,0,0,2973777920
1594,9.582391594,13.584270,13.868995,4,3,4,1,2,202.000,14,0,0,2973777920
1595,9.596631456,14.239862,13.599638,4,3,4,1,2,202.000,16,0,0,2973777920
1596,9.610074802,13.443346,14.253184,4,3,4,1,2,202.000,16,0,0,2973777920
1597,9.624033919,13.959117,13.455736,4,3,4,1,2,202.000,16,0,0,2973777920
1598,9.636563955,12.530036,13.985108,4,3,4,1,2,202.000,16,0,0,2973782016
1599,9.649480279,12.916324,12.445643,4,3,4,1,2,202.000,16,0,0,2973782016
1600,9.661928322,12.448043,12.925564,4,3,4,1,2,202.000,16,0,0,2973978624
1601,9.675096721,13.168399,12.505326,4,3,4,1,2,202.000,16,0,0,2973982720
1602,9.687765480,12.668759,13.160369,4,3,4,1,2,202.000,16,0,0,2973990912
1603,9.700380378,12.614898,12.646617,4,3,4,1,2,202.000,16,0,0,2973990912
1604,9.713213541,12.833163,12.582318,4,3,4,1,2,202.000,16,0,0,2973990912
1605,9.726042522,12.828981,12.845662,4,3,4,1,2,202.000,16,0,0,2973990912
1606,9.739413567,13.371045,12.887944,4,3,4,1,2,202.000,16,0,0,2973990912
1607,9.752186218,12.772651,13.297562,4,3,4,1,2,202.000,16,0,0,2973990912
1608,9.766187266,14.001048,12.830862,4,3,4,1,2,202.000,16,0,0,2973990912
1609,9.782449393,16.262127,14.017668,4,3,4,1,2,202.000,16,0,0,2973990912
1610,9.795856287,13.406894,16.423751,4,3,4,1,2,202.000,16,0,0,2973990912
1611,9.808387994,12.531707,13.383465,4,3,4,1,2,202.000,16,0,0,2973990912
1612,9.821453191,13.065197,12.466984,4,3,4,1,2,202.000,16,0,0,2973990912
1613,9.834889376,13.436185,13.058067,4,3,4,1,2,202.000,16,0,0,2973990912
1614,9.847965743,13.076367,13.490907,4,3,4,1,2,202.000,16,0,0,2973990912
1615,9.860788436,12.822693,13.067738,4,3,4,1,2,202.000,16,0,0,2973995008
1616,9.874875585,14.087149,12.834192,4,3,4,1,2,202.000,16,0,0,2973995008
1617,9.888291671,13.416086,14.032458,4,3,4,1,2,202.000,16,0,0,2973995008
1618,9.901329758,13.038087,13.465426,4,3,4,1,2,202.000,16,0,0,2973995008
1619,9.915108410,13.778652,13.003626,4,3,4,1,2,202.000,16,0,0,2973995008
1620,9.928539386,13.430976,13.788904,4,3,4,1,2,202.000,16,0,0,2974023680
1621,9.941730876,13.191490,13.440175,4,3,4,1,2,202.000,16,0,0,2974027776
1622,9.954946956,13.216080,13.201850,4,3,4,1,2,202.000,16,0,0,2974027776
1623,9.968276180,13.329224,13.253002,4,3,4,1,2,202.000,16,0,0,2974027776
1624,9.981668414,13.392234,13.269572,4,3,4,1,2,202.000,16,0,0,2974040064
1625,9.994917265,13.248851,13.447695,4,3,4,1,2,202.000,16,0,0,2974048256
1626,10.007874040,12.956775,13.238392,4,3,4,1,2,202.000,16,0,0,2974048256
1627,10.021457849,13.583809,12.975215,4,3,4,1,2,202.000,16,0,0,2974048256
1628,10.034528167,13.070318,13.515187,4,3,4,1,2,202.000,16,0,0,2974052352
1629,10.046879708,12.351541,13.108068,4,3,4,1,2,202.000,16,0,0,2974064640
1630,10.060533518,13.653810,12.372573,4,3,4,1,2,202.000,16,0,0,2974068736
1631,10.074090146,13.556628,13.648859,4,3,4,1,2,202.000,16,0,0,2974072832
1632,10.088222277,14.132131,13.492557,4,3,4,1,2,202.000,16,0,0,2974072832
1633,10.101554530,13.332253,14.070020,4,3,4,1,2,202.000,16,0,0,2974072832
1634,10.114807992,13.253462,13.417154,4,3,4,1,2,202.000,16,0,0,2974076928
1635,10.128819610,14.011618,13.264802,4,3,4,1,2,202.000,16,0,0,2974081024
1636,10.142988351,14.168741,14.072630,4,3,4,1,2,202.000,16,0,0,2974085120
1637,10.156470348,13.481997,14.117911,4,3,4,1,2,202.000,16,0,0,2974093312
1638,10.170505227,14.034879,13.422694,4,3,4,1,2,202.000,16,0,0,2974093312
1639,10.184355482,13.850255,14.060000,4,3,4,1,2,202.000,16,0,0,2974093312
1640,10.198971722,14.616240,13.768983,4,3,4,1,2,202.000,16,0,0,2974097408
1641,10.212265615,13.293893,14.641792,4,3,4,1,2,188.000,16,0,0,2974105600
1642,10.226125299,13.859684,13.250591,4,3,4,1,2,188.000,16,0,0,2974117888
1643,10.240850684,14.725385,13.824134,4,3,4,1,2,188.000,16,0,0,2974121984
1644,10.254130875,13.280191,14.740274,4,3,4,1,2,188.000,16,0,0,2974121984
1645,10.268039471,13.908596,13.265192,4,3,4,1,2,188.000,16,0,0,2974126080
1646,10.281397036,13.357565,13.914406,4,3,4,1,2,188.000,16,0,0,2974130176
1647,10.294685478,13.288442,13.319153,4,3,4,1,2,188.000,16,0,0,2973736960
1648,10.308045591,13.360113,13.364893,4,3,4,1,2,188.000,16,0,0,2973736960
1649,10.321972027,13.926436,13.442897,4,3,4,1,2,188.000,16,0,0,2973741056
1650,10.335238019,13.265992,13.990307,4,3,4,1,2,188.000,16,0,0,2973741056
1651,10.349206396,13.968377,13.119159,4,3,4,1,2,188.000,16,0,0,2973741056
1652,10.363012180,13.805784,13.977617,4,3,4,1,2,188.000,16,0,0,2973745152
1653,10.376749322,13.737142,13.871655,4,3,4,1,2,188.000,16,0,0,2973745152
1654,10.390602057,13.852735,13.755262,4,3,4,1,2,188.000,16,0,0,2973749248
1655,10.404727928,14.125871,13.774303,4,3,4,1,2,188.000,16,0,0,2973757440
1656,10.420892913,16.164985,14.194452,4,3,4,1,2,188.000,16,0,0,2973757440
1657,10.434687436,13.794523,16.168365,4,3,4,1,2,188.000,16,0,0,2973757440
1658,10.449169955,14.482519,13.748583,4,3,4,1,2,188.000,16,0,0,2973773824
1659,10.463025019,13.855064,14.475219,4,3,4,1,2,188.000,16,0,0,2973790208
1660,10.477782554,14.757535,13.872945,4,3,4,1,2,188.000,16,0,0,2973798400
1661,10.491723041,13.940487,14.774294,4,3,4,1,2,188.000,16,0,0,2973806592
1662,10.506329071,14.606030,13.985928,4,3,4,1,2,188.000,16,0,0,2973806592
1663,10.521379382,15.050311,14.502999,4,3,4,1,2,188.000,16,0,0,2973806592
1664,10.535803940,14.424558,15.069352,4,3,4,1,2,188.000,16,0,0,2973818880
1665,10.550395800,14.591860,14.477248,4,3,4,1,2,188.000,16,0,0,2973827072
1666,10.566014834,15.619034,14.577300,4,3,4,1,2,188.000,16,0,0,2973827072
1667,10.580642106,14.627272,15.615423,4,3,4,1,2,188.000,18,0,0,2973831168
1668,10.594574643,13.932537,14.590882,4,3,4,1,2,188.000,18,0,0,2973831168
1669,10.608504579,13.929936,13.929876,4,3,4,1,2,188.000,18,0,0,2973839360
1670,10.622949536,14.444957,13.920256,4,3,4,1,2,188.000,18,0,0,2973843456
1671,10.637022276,14.072740,14.805946,4,3,4,1,2,188.000,18,0,0,2973843456
1672,10.650309338,13.287062,13.768292,4,3,4,1,2,188.000,18,0,0,2973855744
1673,10.663611161,13.301823,13.263022,4,3,4,1,2,188.000,18,0,0,2973859840
1674,10.677677230,14.066069,13.306433,4,3,4,1,2,188.000,18,0,0,2973859840
1675,10.691894063,14.216833,14.049579,4,3,4,1,2,188.000,18,0,0,2973859840
1676,10.705095813,13.201750,14.272473,4,3,4,1,2,188.000,18,0,0,2973868032
1677,10.719468318,14.372505,13.175851,4,3,4,1,2,188.000,18,0,0,2973868032
1678,10.733506297,14.037979,14.350335,4,3,4,1,2,188.000,18,0,0,2973868032
1679,10.746897152,13.390855,14.058739,4,3,4,1,2,188.000,18,0,0,2973872128
1680,10.760415469,13.518317,13.398544,4,3,4,1,2,188.000,18,0,0,2973872128
1681,10.774084530,13.669061,13.501518,4,3,4,1,2,188.000,18,0,0,2973872128
1682,10.788202030,14.117500,13.719772,4,3,4,1,2,188.000,18,0,0,2973884416
1683,10.801116304,12.914274,14.059159,4,3,4,1,2,188.000,18,0,0,2973884416
1684,10.814870477,13.754173,12.980085,4,3,4,1,2,188.000,18,0,0,2973888512
1685,10.828167339,13.296862,13.715321,4,3,4,1,2,188.000,18,0,0,2973896704
1686,10.841086213,12.918874,13.228931,4,3,4,1,2,188.000,18,0,0,2973896704
1687,10.854631722,13.545509,12.977765,4,3,4,1,2,188.000,18,0,0,2973896704
1688,10.868973997,14.342275,13.490808,4,3,4,1,2,188.000,18,0,0,2973900800
1689,10.882866422,13.892425,14.475728,4,3,4,1,2,188.000,18,0,0,2973900800
1690,10.895875928,13.009506,13.787863,4,3,4,1,2,188.000,18,0,0,2973900800
1691,10.908651750,12.775822,12.986716,4,3,4,1,2,176.000,18,0,0,2973904896
1692,10.922017323,13.365573,12.733210,4,3,4,1,2,176.000,18,0,0,2973908992
1693,10.937502473,15.485150,13.391684,4,3,4,1,2,176.000,18,0,0,2973908992
1694,10.950129451,12.626978,15.603874,4,3,4,1,2,176.000,18,0,0,2973917184
1695,10.963554896,13.425445,12.552505,4,3,4,1,2,176.000,18,0,0,2973921280
1696,10.978026915,14.472019,13.347094,4,3,4,1,2,176.000,18,0,0,2973925376
1697,10.991191344,13.164429,14.509929,4,3,4,1,2,176.000,18,0,0,2973925376
1698,11.005164252,13.972908,13.139889,4,3,4,1,2,176.000,18,0,0,2973929472
1699,11.018705040,13.540788,13.988587,4,3,4,1,2,176.000,18,0,0,2973929472
1700,11.032570134,13.865094,13.545809,4,3,4,1,2,176.000,18,0,0,2973929472
1701,11.046277686,13.707552,13.846924,4,3,4,1,2,176.000,18,0,0,2973941760
1702,11.059557987,13.280301,13.719482,4,3,4,1,2,176.000,18,0,0,2973941760
1703,11.072957613,13.399626,13.355844,4,3,4,1,2,176.000,18,0,0,2973941760
1704,11.087275087,14.317474,13.352963,4,3,4,1,2,176.000,18,0,0,2973945856
1705,11.101179933,13.904846,14.277334,4,3,4,1,2,176.000,18,0,0,2973945856
1706,11.115174551,13.994618,13.908906,4,3,4,1,2,162.000,18,0,0,2973954048
1707,11.129136138,13.961587,14.013438,4,3,4,1,2,162.000,18,0,0,2973978624
1708,11.142931162,13.795024,13.967087,4,3,4,1,2,162.000,18,0,0,2973982720
1709,11.157208655,14.277493,13.814114,4,3,4,1,2,162.000,18,0,0,2973986816
1710,11.171213673,14.005018,14.237833,4,3,4,1,2,162.000,18,0,0,2973990912
1711,11.187692056,16.478383,13.996868,4,3,4,1,2,162.000,18,0,0,2973995008
1712,11.201342376,13.650320,16.505093,4,3,4,1,2,162.000,18,0,0,2973999104
1713,11.213400521,12.058145,13.611139,4,3,4,1,2,162.000,18,0,0,2974003200
1714,11.227426049,14.025528,12.113647,4,3,4,1,2,162.000,18,0,0,2974011392
1715,11.241474778,14.048729,13.970947,4,3,4,1,2,162.000,18,0,0,2974015488
1716,11.256222783,14.748005,14.039019,4,3,4,1,2,162.000,18,0,0,2974019584
1717,11.269634627,13.411844,14.740753,4,3,4,1,2,162.000,18,0,0,2974023680
1718,11.283990254,14.355627,13.425346,4,3,4,1,2,162.000,18,0,0,2974027776
1719,11.297538791,13.548537,14.415787,4,3,4,1,2,162.000,18,0,0,2974035968
1720,11.313425411,15.886620,13.493137,4,3,4,1,2,162.000,18,0,0,2974048256
1721,11.329521444,16.096033,15.904840,4,3,4,1,2,162.000,18,0,0,2974052352
1722,11.342345626,12.824182,16.054403,4,3,4,1,2,162.000,18,0,0,2974052352
1723,11.354924524,12.578898,12.899713,4,3,4,1,2,162.000,18,0,0,2974060544
1724,11.367716124,12.791600,12.582097,4,3,4,1,2,162.000,18,0,0,2974060544
1725,11.380204009,12.487885,12.734340,4,3,4,1,2,162.000,18,0,0,2974060544
1726,11.392691003,12.486994,12.466384,4,3,4,1,2,162.000,18,0,0,2974060544
1727,11.405533836,12.842833,12.487615,4,3,4,1,2,162.000,18,0,0,2974060544
1728,11.419371060,13.837224,12.877663,4,3,4,1,2,162.000,18,0,0,2974060544
1729,11.434491123,15.120063,14.304085,4,3,4,1,2,162.000,18,0,0,2974060544
1730,11.448467910,13.976787,14.638372,4,3,4,1,2,162.000,18,0,0,2974060544
1731,11.463080532,14.612622,13.975457,4,3,4,1,2,162.000,18,0,0,2974060544
1732,11.476502597,13.422065,14.669632,4,3,4,1,2,162.000,19,0,0,2974064640
1733,11.489618185,13.115588,13.362915,4,3,4,1,2,162.000,19,0,0,2974064640
1734,11.502193122,12.574937,13.134538,4,3,4,1,2,162.000,19,0,0,2974064640
1735,11.513776376,11.583254,12.552816,4,3,4,1,2,162.000,19,0,0,2974064640
1736,11.525786300,12.009924,11.599575,4,3,4,1,2,162.000,19,0,0,2974064640
1737,11.537409086,11.622786,11.996614,4,3,4,1,2,162.000,19,0,0,2974064640
1738,11.548255955,10.846869,11.625295,4,3,4,1,2,162.000,20,0,0,2974064640
1739,11.558993631,10.737676,10.844679,4,3,4,1,2,162.000,20,0,0,2974064640
1740,11.569904221,10.910590,10.769917,4,3,4,1,2,162.000,20,0,0,2974064640
1741,11.579757097,9.852876,10.926560,4,3,4,1,2,162.000,20,0,0,2974064640
1742,11.590036314,10.279217,9.815136,4,3,4,1,2,162.000,20,0,0,2974064640
1743,11.600200747,10.164433,10.284336,4,3,4,1,2,162.000,20,0,0,2974064640
1744,11.610991765,10.791018,10.155133,4,3,4,1,2,162.000,20,0,0,2974076928
1745,11.621324642,10.332877,10.799548,4,3,4,1,2,162.000,20,0,0,2974085120
1746,11.660762709,39.438067,10.303336,4,3,4,1,2,162.000,20,0,0,2974109696
1747,11.673658902,12.896193,39.392457,4,3,4,1,2,162.000,20,0,0,2974117888
1748,11.686742080,13.083178,12.861333,4,3,4,1,2,162.000,20,0,0,2974117888
1749,11.699997542,13.255462,13.148849,4,3,4,1,2,162.000,20,0,0,2974117888
1750,11.711887264,11.889722,13.275762,4,3,4,1,2,162.000,20,0,0,2974117888
1751,11.724000880,12.113616,11.981903,4,3,4,1,2,162.000,20,0,0,2974117888
1752,11.736081966,12.081086,11.959583,4,3,4,1,2,162.000,20,0,0,2974130176
1753,11.748450017,12.368051,12.027565,4,3,4,1,2,162.000,20,0,0,2974130176
1754,11.760322538,11.872521,12.349141,4,3,4,1,2,162.000,20,0,0,2974130176
1755,11.772184779,11.862241,11.879092,4,3,4,1,2,162.000,20,0,0,2974138368
1756,11.784752815,12.568036,11.869231,4,3,4,1,2,162.000,20,0,0,2974138368
1757,11.796532155,11.779340,12.607807,4,3,4,1,2,162.000,20,0,0,2974138368
1758,11.809842047,13.309892,11.746938,4,3,4,1,2,162.000,20,0,0,2974150656
1759,11.822756141,12.914094,13.314583,4,3,4,1,2,162.000,20,0,0,2974150656
1760,11.835065172,12.309031,12.942295,4,3,4,1,2,150.000,20,0,0,2974158848
1761,11.847071246,12.006074,12.292480,4,3,4,1,2,150.000,20,0,0,2974158848
1762,11.859101261,12.030015,11.989024,4,3,4,1,2,150.000,20,0,0,2974183424
1763,11.871525074,12.423813,12.047235,4,3,4,1,2,150.000,20,0,0,2974183424
1764,11.884385027,12.859953,12.387332,4,3,4,1,2,150.000,20,0,0,2974183424
1765,11.896497913,12.112886,12.878773,4,3,4,1,2,150.000,20,0,0,2974187520
1766,11.908937916,12.440003,12.098586,4,3,4,1,2,150.000,20,0,0,2974208000
1767,11.921062074,12.124158,12.435324,4,3,4,1,2,150.000,20,0,0,2974212096
1768,11.933195560,12.133486,12.145767,4,3,4,1,2,150.000,20,0,0,2974216192
1769,11.945493580,12.298020,12.109486,4,3,4,1,2,150.000,20,0,0,2974220288
1770,11.957320271,11.826691,12.820302,4,3,4,1,2,150.000,20,0,0,2974220288
1771,11.970876408,13.556137,11.441142,4,3,4,1,2,150.000,20,0,0,2973171712
1772,11.984510408,13.634000,13.586889,4,3,4,1,2,150.000,20,0,0,2972123136
1773,11.998596208,14.085800,13.468595,4,3,4,1,2,150.000,20,0,0,2971074560
1774,12.012420872,13.824664,14.242543,4,3,4,1,2,150.000,20,0,0,2968977408
1775,12.024946437,12.525565,13.893836,4,3,4,1,2,136.000,20,0,0,2968981504
1776,12.036362029,11.415592,12.443754,4,3,4,1,2,136.000,20,0,0,2968981504
1777,12.048397463,12.035434,11.367140,4,3,4,1,2,136.000,20,0,0,2968981504
1778,12.060998710,12.601247,12.033204,4,3,4,1,2,136.000,20,0,0,2968981504
1779,12.073414094,12.415384,12.632119,4,3,4,1,2,136.000,20,0,0,2968981504
1780,12.085481289,12.067195,12.431423,4,3,4,1,2,136.000,20,0,0,2968985600
1781,12.098307651,12.826362,12.010934,4,3,4,1,2,136.000,20,0,0,2968985600
1782,12.110365426,12.057775,12.835492,4,3,4,1,2,136.000,20,0,0,2968985600
1783,12.122809000,12.443574,12.053235,4,3,4,1,2,136.000,20,0,0,2968989696
1784,12.135575920,12.766920,12.449234,4,3,4,1,2,136.000,20,0,0,2968989696
1785,12.147965573,12.389653,12.764990,4,3,4,1,2,136.000,20,0,0,2968989696
1786,12.159962146,11.996573,12.420674,4,3,4,1,2,136.000,20,0,0,2968989696
1787,12.172444421,12.482275,11.989144,4,3,4,1,2,136.000,20,0,0,2968989696
1788,12.184703481,12.259060,12.502214,4,3,4,1,2,136.000,20,0,0,2968989696
1789,12.197406590,12.703109,12.215669,4,3,4,1,2,136.000,20,0,0,2968993792
1790,12.209526427,12.119837,12.703769,4,3,4,1,2,136.000,20,0,0,2968993792
1791,12.221236085,11.709658,12.210949,4,3,4,1,2,136.000,20,0,0,2969014272
1792,12.233537275,12.301190,11.677297,4,3,4,1,2,136.000,21,0,0,2969014272
1793,12.245942427,12.405152,12.294450,4,3,4,1,2,136.000,21,0,0,2969014272
1794,12.257975642,12.033215,12.416774,4,3,4,1,2,136.000,21,0,0,2969026560
1795,12.270339664,12.364022,12.032444,4,3,4,1,2,136.000,21,0,0,2969026560
1796,12.283348870,13.009206,12.341221,4,3,4,1,2,136.000,21,0,0,2969038848
1797,12.296620072,13.271202,13.035077,4,3,4,1,2,136.000,21,0,0,2969042944
1798,12.309779911,13.159839,13.257721,4,3,4,1,2,136.000,21,0,0,2969047040
1799,12.322580263,12.800352,13.128949,4,3,4,1,2,136.000,21,0,0,2969047040
1800,12.334891353,12.311090,12.806961,4,3,4,1,2,136.000,21,0,0,2969047040
1801,12.347341418,12.450065,12.362423,4,3,4,1,2,136.000,21,0,0,2969047040
1802,12.359958435,12.617017,12.383932,4,3,4,1,2,136.000,21,0,0,2969051136
1803,12.372554972,12.596537,12.645638,4,3,4,1,2,136.000,21,0,0,2969059328
1804,12.386109340,13.554368,12.564806,4,3,4,1,2,136.000,21,0,0,2969063424
1805,12.398694947,12.585607,13.595120,4,3,4,1,2,136.000,21,0,0,2969075712
1806,12.413843830,15.148883,12.537425,4,3,4,1,2,136.000,21,0,0,2968027136
1807,12.427853958,14.010128,15.148724,4,3,4,1,2,136.000,21,0,0,2968027136
1808,12.441174291,13.320333,13.963926,4,3,4,1,2,136.000,21,0,0,2968035328
1809,12.454085164,12.910873,13.292243,4,3,4,1,2,136.000,21,0,0,2968035328
1810,12.466431327,12.346163,12.920134,4,3,4,1,2,136.000,21,0,0,2968039424
1811,12.481840985,15.409658,12.291760,4,3,4,1,2,136.000,22,0,0,2968039424
1812,12.494341240,12.500255,15.397498,4,3,4,1,2,136.000,22,0,0,2968039424
1813,12.507946179,13.604939,12.572527,4,3,4,1,2,136.000,22,0,0,2968043520
1814,12.521698152,13.751973,13.638400,4,3,4,1,2,136.000,22,0,0,2968043520
1815,12.534831750,13.133598,13.718701,4,3,4,1,2,136.000,22,0,0,2968043520
1816,12.546504527,11.672777,13.133719,4,3,4,1,2,136.000,22,0,0,2968043520
1817,12.556881385,10.376858,11.678867,4,3,4,1,2,136.000,22,0,0,2968043520
1818,12.567332826,10.451441,10.365828,4,3,4,1,2,136.000,22,0,0,2968043520
1819,12.576895135,9.562309,10.442080,4,3,4,1,2,136.000,22,0,0,2968043520
1820,12.586319443,9.424308,9.568130,4,3,4,1,2,136.000,22,0,0,2968043520
1821,12.595602987,9.283544,9.426808,4,3,4,1,2,136.000,22,0,0,2968043520
1822,12.606002845,10.399858,9.270573,4,3,4,1,2,136.000,22,0,0,2968043520
1823,12.616105537,10.102692,10.434150,4,3,4,1,2,136.000,22,0,0,2968043520
1824,12.626174139,10.068602,10.107653,4,3,4,1,2,136.000,22,0,0,2968047616
1825,12.636074497,9.900358,10.040230,4,3,4,1,2,136.000,22,0,0,2968051712
1826,12.646262221,10.187724,9.913199,4,3,4,1,2,136.000,22,0,0,2968051712
1827,12.656588398,10.326177,10.163523,4,3,4,1,2,136.000,22,0,0,2968051712
1828,12.666984586,10.396188,10.612823,4,3,4,1,2,136.000,22,0,0,2968051712
1829,12.677387496,10.402910,10.310917,4,3,4,1,2,136.000,22,0,0,2968051712
1830,12.688839337,11.451841,10.326597,4,3,4,1,2,136.000,22,0,0,2968055808
1831,12.699651455,10.812118,11.472242,4,3,4,1,2,136.000,22,0,0,2968055808
1832,12.710242249,10.590794,10.800787,4,3,4,1,2,136.000,22,0,0,2968055808
1833,12.721131917,10.889668,10.555043,4,3,4,1,2,136.000,22,0,0,2968055808
1834,12.731849143,10.717226,10.914950,4,3,4,1,2,136.000,22,0,0,2968055808
1835,12.742544029,10.694886,10.761476,4,3,4,1,2,136.000,22,0,0,2968055808
1836,12.752791984,10.247955,10.626494,4,3,4,1,2,136.000,22,0,0,2968055808
1837,12.763704594,10.912610,10.246795,4,3,4,1,2,136.000,22,0,0,2968055808
1838,12.774208944,10.504350,10.915620,4,3,4,1,2,136.000,22,0,0,2968055808
1839,12.784607833,10.398889,10.493881,4,3,4,1,2,136.000,22,0,0,2968055808
1840,12.795392031,10.784198,10.380558,4,3,4,1,2,136.000,22,0,0,2968055808
1841,12.805957243,10.565212,10.784898,4,3,4,1,2,124.000,22,0,0,2968055808
1842,12.816747360,10.790117,10.599373,4,3,4,1,2,124.000,22,0,0,2968059904
1843,12.827327493,10.580133,10.754266,4,3,4,1,2,124.000,22,0,0,2968068096
1844,12.837995257,10.667764,10.579043,4,3,4,1,2,124.000,22,0,0,2968084480
1845,12.849667554,11.672297,10.723676,4,3,4,1,2,124.000,22,0,0,2968092672
1846,12.860653236,10.985682,11.617885,4,3,4,1,2,124.000,22,0,0,2968100864
1847,12.872221710,11.568474,10.982552,4,3,4,1,2,124.000,22,0,0,2968100864
1848,12.883286883,11.065173,11.650746,4,3,4,1,2,124.000,22,0,0,2968100864
1849,12.895395030,12.108147,11.007132,4,3,4,1,2,124.000,22,0,0,2968104960
1850,12.907864684,12.469654,12.062285,4,3,4,1,2,124.000,22,0,0,2968113152
1851,12.920665926,12.801242,12.468884,4,3,4,1,2,124.000,22,0,0,2968113152
1852,12.933426086,12.760160,12.787912,4,2,4,1,1,110.000,22,0,0,2968113152
1853,12.946041773,12.615687,12.762721,4,2,4,1,1,110.000,22,0,0,2968113152
1854,12.958814404,12.772631,12.657288,4,2,4,1,1,110.000,22,0,0,2968117248
1855,12.971604066,12.789662,12.731969,4,2,4,1,1,110.000,22,0,0,2968121344
1856,12.984756255,13.152189,12.788932,4,2,4,1,1,110.000,22,0,0,2968125440
1857,12.997280460,12.524205,13.164389,4,2,4,1,1,110.000,22,0,0,2968125440
1858,13.010538612,13.258152,12.568877,4,2,4,1,1,110.000,22,0,0,2968129536
1859,13.023714762,13.176150,13.242591,4,2,4,1,1,110.000,22,0,0,2968129536
1860,13.036744038,13.029276,13.196470,4,2,4,1,1,110.000,22,0,0,2968129536
1861,13.049877017,13.132979,13.019626,4,2,4,1,1,110.000,22,0,0,2968129536
1862,13.063213420,13.336403,13.174620,4,2,4,1,1,110.000,22,0,0,2968137728
1863,13.075629213,12.415793,13.303283,4,2,4,1,1,110.000,22,0,0,2968137728
1864,13.088442555,12.813342,12.419523,4,2,4,1,1,110.000,22,0,0,2968141824
1865,13.101615095,13.172540,12.847393,4,2,4,1,1,110.000,22,0,0,2968141824
1866,13.114596870,12.981775,13.137028,4,2,4,1,1,110.000,22,0,0,2968145920
1867,13.127684868,13.087998,12.989576,4,2,4,1,1,110.000,22,0,0,2968145920
1868,13.140952000,13.267132,13.105408,4,2,4,1,1,110.000,22,0,0,2968150016
1869,13.153431435,12.479435,13.280672,4,2,4,1,1,110.000,22,0,0,2968150016
1870,13.167399621,13.968186,12.444504,4,2,4,1,1,110.000,22,0,0,2968154112
1871,13.180367306,12.967685,14.053549,4,2,4,1,1,110.000,22,0,0,2968158208
1872,13.192736979,12.369673,12.888794,4,2,4,1,1,110.000,22,0,0,2968162304
1873,13.205973240,13.236261,12.353191,4,2,4,1,1,110.000,22,0,0,2968162304
1874,13.218435284,12.462044,13.272392,4,2,4,1,1,110.000,22,0,0,2968162304
1875,13.231228775,12.793491,12.414483,4,2,4,1,1,110.000,22,0,0,2968162304
1876,13.244182720,12.953945,12.794392,4,2,4,1,1,110.000,22,0,0,2968162304
1877,13.256255185,12.072465,12.964305,4,2,4,1,1,110.000,22,0,0,2968162304
1878,13.268693469,12.438284,12.054105,4,2,4,1,1,110.000,23,0,0,2968166400
1879,13.281001299,12.307830,12.441353,4,2,4,1,1,110.000,23,0,0,2968166400
1880,13.293582607,12.581308,12.341941,4,2,4,1,1,110.000,23,0,0,2968166400
1881,13.305963928,12.381321,12.550047,4,2,4,1,1,110.000,23,0,0,2968166400
1882,13.318174597,12.210669,12.418272,4,2,4,1,1,110.000,23,0,0,2968166400
1883,13.330336874,12.162277,12.175729,4,2,4,1,1,110.000,23,0,0,2968166400
1884,13.342722607,12.385733,12.153727,4,2,4,1,1,110.000,23,0,0,2968166400
1885,13.355027017,12.304410,12.414973,4,2,4,1,1,110.000,23,0,0,2968166400
1886,13.367542603,12.515586,12.317740,4,2,4,1,1,110.000,23,0,0,2968166400
1887,13.379777602,12.234999,12.464315,4,2,4,1,1,110.000,23,0,0,2968170496
1888,13.392129553,12.351951,12.257339,4,2,4,1,1,110.000,23,0,0,2968170496
1889,13.404431633,12.302080,12.359321,4,2,4,1,1,110.000,23,0,0,2968174592
1890,13.416586262,12.154629,12.361313,4,2,4,1,1,110.000,23,0,0,2968182784
1891,13.428730058,12.143796,12.121976,4,2,4,1,1,110.000,23,0,0,2968211456
1892,13.441216953,12.486895,12.128127,4,2,4,1,1,110.000,23,0,0,2968223744
1893,13.454216388,12.999435,12.476895,4,2,4,1,1,110.000,23,0,0,2968223744
1894,13.466596171,12.379783,12.996136,4,2,4,1,1,110.000,23,0,0,2968223744
1895,13.479888983,13.292812,12.333131,4,2,4,1,1,110.000,23,0,0,2968244224
1896,13.492235705,12.346722,13.330362,4,2,4,1,1,110.000,23,0,0,2968256512
1897,13.504961875,12.726170,12.295011,4,2,4,1,1,110.000,23,0,0,2968256512
1898,13.517620133,12.658258,12.896463,4,2,4,1,1,110.000,23,0,0,2968260608
1899,13.530191269,12.571136,12.546087,4,2,4,1,1,110.000,23,0,0,2968260608
1900,13.543321288,13.130019,12.562165,4,2,4,1,1,110.000,23,0,0,2968260608
1901,13.556068228,12.746940,13.133540,4,2,4,1,1,110.000,23,0,0,2968260608
1902,13.568945432,12.877204,12.818351,4,2,4,1,1,110.000,23,0,0,2968260608
1903,13.581813195,12.867763,12.917804,4,2,4,1,1,110.000,23,0,0,2968260608
1904,13.595110367,13.297172,12.862663,4,2,4,1,1,110.000,23,0,0,2968264704
1905,13.608071602,12.961235,13.324473,4,2,4,1,1,110.000,23,0,0,2968264704
1906,13.621066798,12.995196,12.942085,4,2,4,1,1,110.000,23,0,0,2968264704
1907,13.634289838,13.223040,12.992245,4,2,4,1,1,110.000,23,0,0,2968264704
1908,13.647192652,12.902814,13.189001,4,2,4,1,1,110.000,23,0,0,2968264704
1909,13.659504203,12.311551,12.904443,4,2,4,1,1,110.000,23,0,0,2968264704
1910,13.672497958,12.993755,12.295531,4,2,4,1,1,110.000,23,0,0,2968264704
1911,13.685091366,12.593408,13.005176,4,2,4,1,1,110.000,23,0,0,2968264704
1912,13.697258413,12.167047,12.621687,4,2,4,1,1,110.000,23,0,0,2968268800
1913,13.709853951,12.595538,12.136998,4,2,4,1,1,110.000,23,0,0,2968272896
1914,13.724012492,14.158541,12.631557,4,2,4,1,1,110.000,23,0,0,2968272896
1915,13.737449637,13.437145,14.199152,4,2,4,1,1,110.000,23,0,0,2968272896
1916,13.749164445,11.714808,13.305523,4,2,4,1,1,110.000,23,0,0,2968272896
1917,13.761524936,12.360491,11.684237,4,2,4,1,1,110.000,23,0,0,2968272896
1918,13.774886891,13.361955,12.360562,4,2,4,1,1,110.000,23,0,0,2968272896
1919,13.787766594,12.879703,13.690880,4,2,4,1,1,110.000,23,0,0,2968276992
1920,13.801115247,13.348653,12.869574,4,2,4,1,1,110.000,23,0,0,2968276992
1921,13.814124993,13.009746,13.213490,4,2,4,1,1,110.000,23,0,0,2968276992
1922,13.826651229,12.526236,13.074338,4,2,4,1,1,110.000,23,0,0,2968276992
1923,13.838581091,11.929862,12.519365,4,2,4,1,1,96.000,23,0,0,2968281088
1924,13.850791670,12.210579,11.624086,4,2,4,1,1,96.000,23,0,0,2968281088
1925,13.863117641,12.325971,12.174028,4,2,4,1,1,96.000,23,0,0,2968281088
1926,13.876984506,13.866865,12.313780,4,2,4,1,1,96.000,23,0,0,2968281088
1927,13.889783537,12.799031,14.028749,4,2,4,1,1,96.000,23,0,0,2968281088
1928,13.902446835,12.663298,12.769171,4,2,4,1,1,96.000,23,0,0,2968281088
1929,13.915114884,12.668049,12.658528,4,2,4,1,1,96.000,23,0,0,2968281088
1930,13.928036398,12.921514,12.686939,4,2,4,1,1,96.000,23,0,0,2968281088
1931,13.940509792,12.473394,12.917584,4,2,4,1,1,96.000,23,0,0,2968281088
1932,13.953850906,13.341114,12.449734,4,2,4,1,1,96.000,23,0,0,2968281088
1933,13.966707679,12.856773,13.378504,4,2,4,1,1,96.000,23,0,0,2968281088
1934,13.979939980,13.232301,12.813432,4,2,4,1,1,96.000,23,0,0,2968281088
1935,13.993349424,13.409444,13.262031,4,2,4,1,1,96.000,23,0,0,2968281088
1936,14.006671447,13.322023,13.244331,4,2,4,1,1,96.000,23,0,0,2968281088
1937,14.019749886,13.078439,13.313254,4,2,4,1,1,96.000,23,0,0,2968281088
1938,14.033159850,13.409964,13.076457,4,2,4,1,1,96.000,23,0,0,2968281088
1939,14.046664827,13.504977,13.418925,4,2,4,1,1,96.000,23,0,0,2968285184
1940,14.058479407,11.814580,13.503848,4,2,4,1,1,96.000,23,0,0,2968285184
1941,14.070823589,12.344182,11.820569,4,2,4,1,1,96.000,23,0,0,2968289280
1942,14.084506279,13.682690,12.338062,4,2,4,1,1,96.000,23,0,0,2968289280
1943,14.094616921,10.110642,13.676320,4,2,4,1,1,96.000,23,0,0,2968293376
1944,14.105076222,10.459301,10.237186,4,2,4,1,1,96.000,23,0,0,2968293376
1945,14.114705033,9.628811,10.521721,4,2,4,1,1,96.000,23,0,0,2968293376
1946,14.124357705,9.652672,9.568240,4,2,4,1,1,96.000,23,0,0,2968293376
1947,14.133311312,8.953607,9.651802,4,2,4,1,1,96.000,23,0,0,2968293376
1948,14.142348271,9.036959,8.956337,4,2,4,1,1,96.000,23,0,0,2968305664
1949,14.151531033,9.182762,9.065849,4,2,4,1,1,96.000,23,0,0,2968309760
1950,14.162894843,11.363810,9.155702,4,2,4,1,1,96.000,23,0,0,2968322048
1951,14.172656137,9.761294,11.406431,4,2,4,1,1,96.000,23,0,0,2968330240
1952,14.184717252,12.061115,9.766725,4,2,4,1,1,96.000,23,0,0,2968330240
1953,14.196277997,11.560745,12.013444,4,2,4,1,1,96.000,23,0,0,2968330240
1954,14.208597438,12.319441,11.558224,4,2,4,1,1,96.000,23,0,0,2968334336
1955,14.219644571,11.047133,12.343792,4,2,4,1,1,96.000,23,0,0,2968334336
1956,14.230835398,11.190827,11.076883,4,2,4,1,1,96.000,23,0,0,2968334336
1957,14.243863154,13.027756,11.171606,4,2,4,1,1,96.000,23,0,0,2968334336
1958,14.255483649,11.620495,13.077027,4,2,4,1,1,96.000,23,0,0,2968338432
1959,14.267165436,11.681787,11.571734,4,2,4,1,1,96.000,24,0,0,2968338432
1960,14.278997726,11.832290,11.683627,4,2,4,1,1,96.000,24,0,0,2968338432
1961,14.289212611,10.214885,11.855921,4,2,4,1,1,96.000,24,0,0,2968346624
1962,14.299286742,10.074131,10.226995,4,2,4,1,1,96.000,24,0,0,2968354816
1963,14.310028489,10.741747,10.056351,4,2,4,1,1,96.000,24,0,0,2968354816
1964,14.320224683,10.196194,10.749727,4,2,4,1,1,96.000,24,0,0,2968354816
1965,14.330723203,10.498520,10.189514,4,2,4,1,1,96.000,24,0,0,2968363008
1966,14.368383512,37.660309,10.450940,4,2,4,1,1,96.000,24,0,0,2968363008
1967,14.376782436,8.398924,37.593346,4,2,4,1,1,96.000,24,0,0,2968363008
1968,14.386405698,9.623262,8.394585,4,2,4,1,1,96.000,24,0,0,2968367104
1969,14.395448987,9.043289,9.610641,4,2,4,1,1,96.000,24,0,0,2968367104
1970,14.404501056,9.052069,9.035849,4,2,4,1,1,96.000,24,0,0,2968367104
1971,14.414612448,10.111392,9.095580,4,2,4,1,1,96.000,24,0,0,2968367104
1972,14.425010857,10.398409,10.082621,4,2,4,1,1,96.000,24,0,0,2968371200
1973,14.436113241,11.102384,10.439990,4,2,4,1,1,96.000,24,0,0,2968371200
1974,14.446830326,10.717085,11.053133,4,2,4,1,1,96.000,24,0,0,2968371200
1975,14.457085293,10.254967,10.695236,4,2,4,1,1,96.000,24,0,0,2968371200
1976,14.467274617,10.189324,10.273226,4,2,4,1,1,96.000,24,0,0,2968371200
1977,14.477340628,10.066011,10.163813,4,2,4,1,1,96.000,24,0,0,2968371200
1978,14.488284949,10.944321,10.068291,4,2,4,1,1,96.000,24,0,0,2968371200
1979,14.498848150,10.563201,10.955481,4,2,4,1,1,96.000,24,0,0,2968371200
1980,14.509647308,10.799158,10.556183,4,2,4,1,1,96.000,24,0,0,2968371200
1981,14.520456396,10.809088,10.800317,4,2,4,1,1,96.000,24,0,0,2968371200
1982,14.530583349,10.126953,10.803167,4,2,4,1,1,96.000,24,0,0,2968371200
1983,14.540701431,10.118082,10.128643,4,2,4,1,1,96.000,24,0,0,2968371200
1984,14.551204642,10.503211,10.116922,4,2,4,1,1,96.000,24,0,0,2968371200
1985,14.561182092,9.977450,10.520402,4,2,4,1,1,96.000,24,0,0,2968371200
1986,14.570751272,9.569180,9.958139,4,2,4,1,1,96.000,24,0,0,2968371200
1987,14.580497316,9.746044,9.566180,4,2,4,1,1,96.000,24,0,0,2968371200
1988,14.591548689,11.051373,9.751725,4,2,4,1,1,96.000,24,0,0,2968371200
1989,14.601778384,10.229695,11.060043,4,2,4,1,1,96.000,24,0,0,2968375296
1990,14.612162233,10.383849,10.221305,4,2,4,1,1,96.000,24,0,0,2968403968
1991,14.621461607,9.299374,10.371138,4,2,4,1,1,96.000,24,0,0,2968403968
1992,14.630596278,9.134671,9.312745,4,2,4,1,1,96.000,24,0,0,2968403968
1993,14.639694888,9.098610,9.112780,4,2,4,1,1,96.000,24,0,0,2968403968
1994,14.649033444,9.338556,9.094960,4,2,4,1,1,96.000,24,0,0,2968403968
1995,14.658326308,9.292864,9.352726,4,2,4,1,1,96.000,24,0,0,2968403968
1996,14.667575801,9.249493,9.282764,4,2,4,1,1,96.000,24,0,0,2968403968
1997,14.676787284,9.211483,9.281744,4,2,4,1,1,96.000,24,0,0,2968412160
1998,14.685644688,8.857404,9.170501,4,2,4,1,1,96.000,24,0,0,2968416256
1999,14.694839620,9.194932,8.852365,4,2,4,1,1,96.000,24,0,0,2968416256
2000,14.703507751,8.668131,9.206653,4,2,4,1,1,96.000,24,0,0,2968416256
2001,14.712931698,9.423947,8.655330,4,2,4,1,1,96.000,24,0,0,2968420352
2002,14.722132591,9.200893,9.428778,4,2,4,1,1,96.000,24,0,0,2968424448
2003,14.731153510,9.020919,9.216972,4,2,4,1,1,96.000,24,0,0,2968432640
2004,14.741094988,9.941478,9.014559,4,2,4,1,1,82.000,24,0,0,2968432640
2005,14.750308911,9.213923,9.969459,4,2,4,1,1,82.000,24,0,0,2968432640
2006,14.759204927,8.896016,9.499478,4,2,4,1,1,82.000,24,0,0,2968436736
2007,14.768806087,9.601160,8.846635,4,2,4,1,1,82.000,24,0,0,2968436736
2008,14.778912429,10.106342,9.498419,4,2,4,1,1,82.000,24,0,0,2968444928
2009,14.788113962,9.201533,10.128713,4,2,4,1,1,82.000,24,0,0,2968449024
2010,14.797415727,9.301765,9.186552,4,2,4,1,1,82.000,24,0,0,2968453120
2011,14.806677860,9.262133,9.276044,4,2,4,1,1,82.000,24,0,0,2968453120
2012,14.816271181,9.593321,9.269183,4,2,4,1,1,82.000,24,0,0,2968481792
2013,14.825846781,9.575600,9.605702,4,2,4,1,1,82.000,24,0,0,2968485888
2014,14.835800590,9.953809,9.622892,4,2,4,1,1,82.000,24,0,0,2968489984
2015,14.846009185,10.208595,9.904308,4,2,4,1,1,82.000,24,0,0,2968489984
2016,14.855725659,9.716474,10.251265,4,2,4,1,1,70.000,24,0,0,2968498176
2017,14.865944753,10.219094,9.681453,4,2,4,1,1,70.000,24,0,0,2968498176
2018,14.877755693,11.810940,10.328267,4,2,4,1,1,70.000,24,0,0,2968498176
2019,14.890754159,12.998466,11.748899,4,2,4,1,1,70.000,24,0,0,2968506368
2020,14.902934927,12.180768,12.964905,4,2,4,1,1,70.000,24,0,0,2968506368
2021,14.916226450,13.291523,12.275069,4,2,4,1,1,70.000,24,0,0,2968506368
2022,14.928222293,11.995843,13.206111,4,2,4,1,1,70.000,24,0,0,2968506368
2023,14.940040702,11.818409,11.993253,4,2,4,1,1,70.000,24,0,0,2968506368
2024,14.952187950,12.147248,11.825651,4,2,4,1,1,70.000,24,0,0,2968506368
2025,14.964544192,12.356242,12.116466,4,2,4,1,1,70.000,24,0,0,2968506368
2026,14.977525727,12.981535,12.363621,4,2,4,1,1,70.000,24,0,0,2968506368
2027,14.989862228,12.336501,12.980176,4,2,4,1,1,70.000,24,0,0,2968506368
2028,15.002715211,12.852983,12.369923,4,2,4,1,1,70.000,24,0,0,2968506368
2029,15.015475462,12.760251,12.819691,4,2,4,1,1,70.000,24,0,0,2968506368
2030,15.028444447,12.968985,12.770971,4,2,4,1,1,70.000,24,0,0,2968506368
2031,15.041119456,12.675009,12.972375,4,2,4,1,1,70.000,24,0,0,2968506368
2032,15.053866156,12.746700,12.634878,4,2,4,1,1,70.000,24,0,0,2968506368
2033,15.068075898,14.209742,12.719130,4,2,4,1,1,70.000,24,0,0,2968510464
2034,15.080510602,12.434704,14.233933,4,2,4,1,1,70.000,24,0,0,2968510464
2035,15.092909824,12.399222,12.416253,4,2,4,1,1,70.000,24,0,0,2968514560
2036,15.104961929,12.052105,12.428984,4,2,4,1,1,70.000,24,0,0,2968514560
2037,15.117099466,12.137537,12.044444,4,2,4,1,1,70.000,24,0,0,2968518656
2038,15.129273385,12.173919,12.132287,4,2,4,1,1,70.000,24,0,0,2968522752
2039,15.141115114,11.841729,12.177988,4,2,4,1,1,70.000,24,0,0,2968522752
2040,15.153566989,12.451875,11.830580,4,2,4,1,1,70.000,24,0,0,2968522752
2041,15.166298679,12.731690,12.426573,4,2,4,1,1,70.000,24,0,0,2968522752
2042,15.176443182,10.144503,12.734580,4,2,4,1,1,70.000,24,0,0,2968522752
2043,15.186754898,10.311716,10.151543,4,2,4,1,1,70.000,25,0,0,2968522752
2044,15.197688819,10.933921,10.366088,4,2,4,1,1,70.000,25,0,0,2968530944
2045,15.208303253,10.614434,10.917790,4,2,4,1,1,70.000,25,0,0,2968555520
2046,15.218349523,10.046270,10.487321,4,2,4,1,1,70.000,25,0,0,2968563712
2047,15.231619895,13.270372,10.065251,4,2,4,1,1,70.000,25,0,0,2968567808
2048,15.244160321,12.540426,13.241911,4,2,4,1,1,70.000,25,0,0,2968571904
2049,15.256660396,12.500075,12.564707,4,2,4,1,1,70.000,25,0,0,2968571904
2050,15.269273453,12.613057,12.493704,4,2,4,1,1,70.000,25,0,0,2968576000
2051,15.281671846,12.398393,12.617418,4,2,4,1,1,70.000,25,0,0,2968580096
2052,15.294702412,13.030566,12.398933,4,2,4,1,1,70.000,25,0,0,2968584192
2053,15.304464637,9.762225,13.032096,4,2,4,1,1,70.000,25,0,0,2968584192
2054,15.314189441,9.724804,9.759955,4,2,4,1,1,70.000,25,0,0,2968588288
2055,15.326227666,12.038225,9.733984,4,2,4,1,1,70.000,25,0,0,2968588288
2056,15.337828800,11.601134,12.218199,4,2,4,1,1,70.000,25,0,0,2968588288
2057,15.350539920,12.711120,11.522683,4,2,4,1,1,70.000,25,0,0,2968592384
2058,15.363219599,12.679679,12.696379,4,2,4,1,1,70.000,25,0,0,2968592384
2059,15.376765877,13.546278,12.673879,4,2,4,1,1,70.000,25,0,0,2968592384
2060,15.389488407,12.722530,13.576438,4,2,4,1,1,70.000,25,0,0,2968592384
2061,15.401985671,12.497264,12.720480,4,2,4,1,1,70.000,25,0,0,2968596480
2062,15.414797863,12.812192,12.519626,4,2,4,1,1,70.000,25,0,0,2968596480
2063,15.428439073,13.641210,12.766020,4,2,4,1,1,70.000,25,0,0,2968596480
2064,15.442458232,14.019159,13.651620,4,2,4,1,1,70.000,25,0,0,2968596480
2065,15.455125130,12.666898,14.008579,4,2,4,1,1,70.000,25,0,0,2968604672
2066,15.467518493,12.393363,12.683089,4,2,4,1,1,70.000,25,0,0,2968604672
2067,15.480122689,12.604196,12.372021,4,2,4,1,1,70.000,25,0,0,2968604672
2068,15.492647575,12.524886,12.641149,4,2,4,1,1,70.000,25,0,0,2968604672
2069,15.505840195,13.192620,12.497744,4,2,4,1,1,70.000,25,0,0,2968604672
2070,15.519098246,13.258051,13.183740,4,2,4,1,1,70.000,25,0,0,2968604672
2071,15.532907280,13.809034,13.281763,4,2,4,1,1,70.000,25,0,0,2968604672
2072,15.546793356,13.886076,13.850313,4,2,4,1,1,70.000,25,0,0,2968604672
2073,15.559552517,12.759161,13.836175,4,2,4,1,1,70.000,25,0,0,2968608768
2074,15.572463641,12.911124,12.791081,4,2,4,1,1,70.000,25,0,0,2968612864
2075,15.584103726,11.640085,12.880644,4,2,4,1,1,70.000,25,0,0,2968612864
2076,15.596229773,12.126047,11.689997,4,2,4,1,1,70.000,25,0,0,2968612864
2077,15.608419201,12.189428,12.219849,4,2,4,1,1,70.000,25,0,0,2968612864
2078,15.620509487,12.090286,12.096386,4,2,4,1,1,70.000,25,0,0,2968616960
2079,15.632827728,12.318241,12.050624,4,2,4,1,1,70.000,25,0,0,2968616960
2080,15.645497347,12.669619,12.451784,4,2,4,1,1,56.000,25,0,0,2968616960
2081,15.659590236,14.092889,12.567867,4,2,4,1,1,56.000,25,0,0,2968616960
2082,15.673218986,13.628750,14.056809,4,2,4,1,1,56.000,25,0,0,2968616960
2083,15.686698663,13.479677,13.617360,4,2,4,1,1,56.000,25,0,0,2968621056
2084,15.699615507,12.916844,13.480556,4,2,4,1,1,56.000,25,0,0,2968621056
2085,15.713068182,13.452675,12.910704,4,2,4,1,1,56.000,25,0,0,2968621056
2086,15.726342195,13.274013,13.475366,4,2,4,1,1,56.000,25,0,0,2968621056
2087,15.739605686,13.263491,13.258132,4,2,4,1,1,56.000,25,0,0,2968621056
2088,15.753052341,13.446655,13.258401,4,2,4,1,1,44.000,25,0,0,2968621056
2089,15.766550479,13.498138,13.490227,4,2,4,1,1,44.000,25,0,0,2968621056
2090,15.779557805,13.007326,13.457876,4,2,4,1,1,44.000,25,0,0,2968621056
2091,15.792361907,12.804102,13.005876,4,2,4,1,1,44.000,25,0,0,2968625152
2092,15.805506355,13.144448,12.815622,4,2,4,1,1,44.000,25,0,0,2968625152
2093,15.819020702,13.514347,13.148819,4,2,4,1,1,44.000,25,0,0,2968625152
2094,15.831690271,12.669569,13.535107,4,2,4,1,1,44.000,25,0,0,2968625152
2095,15.844631836,12.941565,12.657668,4,2,4,1,1,44.000,25,0,0,2968629248
2096,15.857554800,12.922964,12.909395,4,2,4,1,1,44.000,25,0,0,2968641536
2097,15.870268289,12.713489,12.935904,4,2,4,1,1,44.000,25,0,0,2968645632
2098,15.882892597,12.624308,12.707530,4,2,4,1,1,44.000,25,0,0,2968649728
2099,15.896208719,13.316122,12.657317,4,2,4,1,1,44.000,25,0,0,2968662016
2100,15.909456901,13.248182,13.318984,4,2,4,1,1,44.000,25,0,0,2968662016
2101,15.921556087,12.099186,13.219920,4,2,4,1,1,44.000,25,0,0,2968666112
2102,15.935604036,14.047949,12.091836,4,2,4,1,1,44.000,25,0,0,2968670208
2103,15.947406855,11.802819,14.086490,4,2,4,1,1,44.000,25,0,0,2968670208
2104,15.960576646,13.169791,11.768089,4,2,4,1,1,44.000,25,0,0,2968674304
2105,15.976457695,15.881049,13.104208,4,2,4,1,1,44.000,25,0,0,2968678400
2106,15.989914670,13.456975,15.899280,4,2,4,1,1,44.000,25,0,0,2968678400
2107,16.002906936,12.992266,13.488536,4,2,4,1,1,44.000,25,0,0,2968678400
2108,16.015821370,12.914434,13.007966,4,2,4,1,1,44.000,25,0,0,2968678400
2109,16.028929898,13.108528,12.890134,4,2,4,1,1,44.000,25,0,0,2968682496
2110,16.041717960,12.788062,13.128368,4,2,4,1,1,44.000,25,0,0,2968694784
2111,16.054310306,12.592346,12.769891,4,2,4,1,1,44.000,25,0,0,2968694784
2112,16.067040656,12.730350,12.603778,4,2,4,1,1,44.000,26,0,0,2968694784
2113,16.080172125,13.131469,12.753469,4,2,4,1,1,44.000,26,0,0,2968694784
2114,16.093599121,13.426996,13.114789,4,2,4,1,1,44.000,26,0,0,2968694784
2115,16.106494524,12.895403,13.401945,4,2,4,1,1,44.000,26,0,0,2968694784
2116,16.119375437,12.880913,12.904164,4,2,4,1,1,44.000,26,0,0,2968694784
2117,16.132209439,12.834002,12.876513,4,2,4,1,1,44.000,26,0,0,2968698880
2118,16.144529281,12.319842,12.833162,4,2,4,1,1,44.000,26,0,0,2968698880
2119,16.157232849,12.703568,12.336162,4,2,4,1,1,44.000,26,0,0,2968698880
2120,16.169180142,11.947293,12.714589,4,2,4,1,1,44.000,26,0,0,2968698880
2121,16.182808902,13.628760,11.921632,4,2,4,1,1,44.000,26,0,0,2968698880
2122,16.195626004,12.817102,13.660430,4,2,4,1,1,44.000,26,0,0,2968698880
2123,16.208484116,12.858112,12.782692,4,2,4,1,1,44.000,26,0,0,2968698880
2124,16.222978886,14.494770,12.854803,4,2,4,1,1,44.000,26,0,0,2968698880
2125,16.235947431,12.968545,14.530309,4,2,4,1,1,44.000,26,0,0,2968702976
2126,16.248887905,12.940474,12.927524,4,2,4,1,1,44.000,26,0,0,2968702976
2127,16.262258909,13.371004,12.934214,4,2,4,1,1,44.000,26,0,0,2968702976
2128,16.275968111,13.709202,13.347414,4,2,4,1,1,44.000,26,0,0,2965016576
2129,16.289440257,13.472146,13.762343,4,2,4,1,1,44.000,26,0,0,2965016576
2130,16.302526704,13.086447,13.420305,4,2,4,1,1,44.000,26,0,0,2965016576
2131,16.315090531,12.563827,13.117619,4,2,4,1,1,44.000,26,0,0,2965016576
2132,16.327070205,11.979674,12.577756,4,2,4,1,1,44.000,26,0,0,2965016576
2133,16.339946138,12.875933,11.982523,4,2,4,1,1,44.000,26,0,0,2965016576
2134,16.352548884,12.602746,12.887814,4,2,4,1,1,44.000,26,0,0,2965016576
2135,16.365209553,12.660669,12.585327,4,2,4,1,1,44.000,26,0,0,2965016576
2136,16.377671588,12.462035,12.643547,4,2,4,1,1,44.000,26,0,0,2965028864
2137,16.390261504,12.589916,12.485435,4,2,4,1,1,44.000,26,0,0,2965057536
2138,16.402313439,12.051935,12.599797,4,2,4,1,1,44.000,26,0,0,2965057536
2139,16.414167810,11.854371,12.017354,4,2,4,1,1,44.000,26,0,0,2965057536
2140,16.426265596,12.097786,11.894112,4,2,4,1,1,44.000,26,0,0,2965057536
2141,16.437810320,11.544724,12.085435,4,2,4,1,1,44.000,26,0,0,2965057536
2142,16.449473076,11.662756,11.522884,4,2,4,1,1,44.000,26,0,0,2965057536
2143,16.461845539,12.372463,11.634977,4,2,4,1,1,44.000,26,0,0,2965069824
2144,16.473491044,11.645505,12.374911,4,2,4,1,1,44.000,26,0,0,2965069824
2145,16.484847044,11.356000,11.646887,4,2,4,1,1,44.000,26,0,0,2965082112
2146,16.498401952,13.554908,11.353119,4,2,4,1,1,44.000,26,0,0,2963169280
2147,16.510180051,11.778099,13.567739,4,2,4,1,1,44.000,26,0,0,2963173376
2148,16.522542363,12.362312,11.804819,4,2,4,1,1,44.000,26,0,0,2963189760
2149,16.534514106,11.971743,12.370412,4,2,4,1,1,44.000,26,0,0,2963189760
2150,16.547404629,12.890523,11.968274,4,2,4,1,1,30.000,26,0,0,2963197952
2151,16.559175909,11.771280,12.900213,4,2,4,1,1,30.000,26,0,0,2963197952
2152,16.571221923,12.046014,11.734958,4,2,4,1,1,30.000,26,0,0,2963210240
2153,16.582812549,11.590626,12.024424,4,2,4,1,1,30.000,26,0,0,2963218432
2154,16.594113817,11.301268,11.596115,4,2,4,1,1,30.000,26,0,0,2963222528
2155,16.605776984,11.663167,11.314689,4,2,4,1,1,30.000,26,0,0,2963226624
2156,16.618228127,12.451143,11.640356,4,2,4,1,1,30.000,26,0,0,2963230720
2157,16.630278752,12.050625,12.462724,4,2,4,1,1,30.000,26,0,0,2963234816
2158,16.642167814,11.889062,12.042585,4,2,4,1,1,30.000,26,0,0,2963234816
2159,16.654229959,12.062145,11.897702,4,2,4,1,1,30.000,26,0,0,2963243008
2160,16.665994058,11.764099,12.075155,4,2,4,1,1,30.000,26,0,0,2963247104
2161,16.677994342,12.000284,11.800420,4,2,4,1,1,30.000,26,0,0,2963251200
2162,16.692156613,14.162271,11.966393,4,2,4,1,1,30.000,26,0,0,2963255296
2163,16.704333541,12.176928,14.141191,4,2,4,1,1,30.000,26,0,0,2963259392
2164,16.716321924,11.988383,12.288440,4,2,4,1,1,30.000,26,0,0,2963263488
2165,16.728054752,11.732828,11.962863,4,2,4,1,1,18.000,26,0,0,2963263488
2166,16.740081547,12.026795,11.761399,4,2,4,1,1,18.000,26,0,0,2963267584
2167,16.752480689,12.399142,12.020664,4,2,4,1,1,18.000,26,0,0,2963267584
2168,16.764607206,12.126517,12.375053,4,2,4,1,1,18.000,26,0,0,2963271680
2169,16.776382125,11.774919,12.118486,4,2,4,1,1,18.000,26,0,0,2963275776
2170,16.788276437,11.894312,11.783008,4,2,4,1,1,18.000,26,0,0,2963275776
2171,16.800135417,11.858980,11.879662,4,2,4,1,1,18.000,26,0,0,2963279872
2172,16.811841435,11.706018,11.902802,4,2,4,1,1,18.000,26,0,0,2963279872
2173,16.823862680,12.021245,11.712727,4,2,4,1,1,18.000,27,0,0,2963279872
2174,16.835697689,11.835009,12.023395,4,2,4,1,1,18.000,27,0,0,2963283968
2175,16.848271096,12.573407,11.828520,4,2,4,1,1,18.000,27,0,0,2963288064
2176,16.860463054,12.191958,12.528965,4,2,4,1,1,18.000,27,0,0,2963288064
2177,16.872623861,12.160807,12.200869,4,2,4,1,1,18.000,27,0,0,2963288064
2178,16.885112136,12.488275,12.149657,4,2,4,1,1,18.000,27,0,0,2963292160
2179,16.900625947,15.513811,12.544736,4,2,4,1,1,18.000,27,0,0,2963292160
2180,16.913082911,12.456964,15.476380,4,2,4,1,1,18.000,27,0,0,2963292160
2181,16.925451503,12.368592,12.569186,4,2,4,1,1,18.000,27,0,0,2963292160
2182,16.937450737,11.999234,12.287031,4,2,4,1,1,18.000,27,0,0,2963292160
2183,16.950166007,12.715270,11.961472,4,2,4,1,1,18.000,27,0,0,2963292160
2184,16.962205672,12.039665,12.697820,4,2,4,1,1,18.000,27,0,0,2963292160
2185,16.974078283,11.872611,12.034354,4,2,4,1,1,18.000,27,0,0,2963292160
2186,16.985943674,11.865391,11.917403,4,2,4,1,1,18.000,27,0,0,2963296256
2187,16.997639460,11.695786,11.852060,4,2,4,1,1,18.000,27,0,0,2963308544
2188,17.009628254,11.988794,11.666957,4,2,4,1,1,18.000,27,0,0,2963312640
2189,17.022738982,13.110728,11.985034,4,2,4,1,1,18.000,27,0,0,2963320832
2190,17.034808619,12.069637,13.111858,4,2,4,1,1,18.000,27,0,0,2963320832
2191,17.046730370,11.921751,12.066955,4,2,4,1,1,18.000,27,0,0,2963320832
2192,17.059075632,12.345262,11.921173,4,2,4,1,1,18.000,27,0,0,2963320832
2193,17.071730530,12.654898,12.377441,4,2,4,1,1,18.000,27,0,0,2963324928
2194,17.084686174,12.955644,12.676549,4,2,4,1,1,18.000,27,0,0,2963329024
2195,17.097602679,12.916505,12.908754,4,2,4,1,1,18.000,27,0,0,2963341312
2196,17.109725705,12.123026,12.917835,4,2,4,1,1,18.000,27,0,0,2963341312
2197,17.121856993,12.131288,12.124506,4,2,4,1,1,18.000,27,0,0,2963341312
2198,17.133832935,11.975942,12.322811,4,2,4,1,1,18.000,27,0,0,2963357696
2199,17.146566265,12.733330,11.936112,4,2,4,1,1,18.000,27,0,0,2963361792
2200,17.159269845,12.703580,12.651219,4,2,4,1,1,18.000,27,0,0,2963365888
2201,17.172046946,12.777101,12.738709,4,2,4,1,1,18.000,27,0,0,2963365888
2202,17.184228184,12.181238,12.713520,4,2,4,1,1,18.000,27,0,0,2963365888
2203,17.196338990,12.110806,12.172908,4,2,4,1,1,18.000,27,0,0,2963365888
2204,17.209454388,13.115398,12.102466,4,2,4,1,1,18.000,27,0,0,2963365888
2205,17.222631268,13.176880,13.082947,4,2,4,1,1,18.000,27,0,0,2963365888
2206,17.233883466,11.252198,13.176601,4,2,4,1,1,18.000,27,0,0,2963365888
2207,17.245541942,11.658476,11.291488,4,2,4,1,1,18.000,27,0,0,2963365888
2208,17.256118775,10.576833,11.608425,4,2,4,1,1,18.000,27,0,0,2963365888
2209,17.268062468,11.943693,10.611023,4,2,4,1,1,18.000,27,0,0,2963365888
2210,17.279201803,11.139335,11.967474,4,2,4,1,1,18.000,27,0,0,2963369984
2211,17.290668084,11.466281,11.088873,4,2,4,1,1,18.000,27,0,0,2963369984
2212,17.301032153,10.364069,11.654987,4,2,4,1,1,18.000,27,0,0,2963369984
2213,17.312598377,11.566224,10.244465,4,2,4,1,1,18.000,27,0,0,2963369984
2214,17.324517489,11.919112,11.529563,4,2,4,1,1,18.000,27,0,0,2963369984
2215,17.335461939,10.944450,11.919872,4,2,4,1,1,18.000,27,0,0,2963369984
2216,17.346118514,10.656575,10.950401,4,2,4,1,1,18.000,27,0,0,2963369984
2217,17.357033724,10.915210,10.666005,4,2,4,1,1,18.000,27,0,0,2963369984
2218,17.367686958,10.653234,10.918330,4,2,4,1,1,18.000,27,0,0,2963369984
2219,17.377774600,10.087642,10.651275,4,2,4,1,1,18.000,27,0,0,2963369984
2220,17.388701180,10.926580,10.060721,4,2,4,1,1,18.000,27,0,0,2963374080
2221,17.398576357,9.875177,10.925070,4,2,4,1,1,18.000,27,0,0,2963378176
2222,17.409207741,10.631384,9.876337,4,2,4,1,1,18.000,27,0,0,2963378176
2223,17.419294023,10.086282,10.628774,4,2,4,1,1,18.000,27,0,0,2963378176
2224,17.429589269,10.295246,10.101362,4,2,4,1,1,18.000,27,0,0,2963378176
2225,17.439662281,10.073012,10.299226,4,2,4,1,1,18.000,27,0,0,2963378176
2226,17.450208383,10.546102,10.136534,4,1,4,1,0,4.000,27,0,0,2963382272
2227,17.460583171,10.374788,10.461739,4,1,4,1,0,4.000,27,0,0,2963382272
2228,17.471315877,10.732706,10.379468,4,1,4,1,0,4.000,27,0,0,2963382272
2229,17.482423601,11.107724,10.732756,4,1,4,1,0,4.000,27,0,0,2963382272
2230,17.492566984,10.143383,11.117345,4,1,4,1,0,4.000,27,0,0,2963382272
2231,17.503025175,10.458191,10.138383,4,1,4,1,0,4.000,27,0,0,2963382272
2232,17.514062227,11.037052,10.497521,4,1,4,1,0,4.000,27,0,0,2963382272
2233,17.525744144,11.681917,11.071643,4,1,4,1,0,4.000,27,0,0,2963382272
2234,17.537045533,11.301389,11.652227,4,1,4,1,0,4.000,27,0,0,2963382272
2235,17.548082105,11.036572,11.325089,4,1,4,1,0,4.000,27,0,0,2963382272
2236,17.560132651,12.050546,11.036962,4,1,4,1,0,4.000,27,0,0,2963382272
2237,17.571935759,11.803108,12.055775,4,1,4,1,0,4.000,27,0,0,2963382272
2238,17.584842273,12.906514,11.809910,4,1,4,1,0,4.000,27,0,0,2963382272
2239,17.597270917,12.428644,13.036597,4,1,4,1,0,4.000,27,0,0,2963386368
2240,17.609165709,11.894792,12.295720,4,1,4,1,0,4.000,27,0,0,2963386368
2241,17.621166323,12.000614,11.802960,4,1,4,1,0,4.000,27,0,0,2963386368
2242,17.633502364,12.336041,11.932312,4,1,4,1,0,4.000,27,0,0,2963394560
2243,17.645533308,12.030944,12.325281,4,1,4,1,0,4.000,27,0,0,2963402752
2244,17.657852879,12.319571,12.041225,4,1,4,1,0,4.000,27,0,0,2963406848
2245,17.670281423,12.428544,12.311001,4,1,4,1,0,4.000,27,0,0,2963415040
2246,17.682055792,11.774369,12.432423,4,1,4,1,0,4.000,27,0,0,2963427328
2247,17.695009776,12.953984,11.787800,4,1,4,1,0,4.000,27,0,0,2963427328
2248,17.707578352,12.568576,12.985565,4,1,4,1,0,4.000,27,0,0,2963431424
2249,17.719954744,12.376392,12.528075,4,1,4,1,0,4.000,27,0,0,2963431424
2250,17.732887099,12.932355,12.414004,4,1,4,1,0,4.000,27,0,0,2963431424
2251,17.745358224,12.471125,12.877793,4,1,4,1,0,4.000,27,0,0,2963431424
2252,17.758083824,12.725600,12.487684,4,1,4,1,0,4.000,27,0,0,2963439616
2253,17.770419245,12.335421,12.838373,4,1,4,1,0,4.000,27,0,0,2963439616
2254,17.782411958,11.992713,12.203578,4,1,4,1,0,4.000,27,0,0,2963443712
2255,17.794354921,11.942963,11.991934,4,1,4,1,0,4.000,27,0,0,2963447808
2256,17.807181383,12.826462,11.940342,4,1,4,1,0,4.000,27,0,0,2963447808
2257,17.818681676,11.500293,13.002306,4,1,4,1,0,4.000,27,0,0,2963447808
2258,17.831630150,12.948474,11.469402,4,1,4,1,0,4.000,27,0,0,2963456000
2259,17.843798418,12.168268,12.963395,4,1,4,1,0,4.000,27,0,0,2963464192
2260,17.856679981,12.881563,12.199749,4,1,4,1,0,4.000,27,0,0,2963468288
2261,17.869487753,12.807772,12.835111,4,1,4,1,0,4.000,27,0,0,2963468288
2262,17.882169362,12.681609,12.810432,4,1,4,1,0,4.000,27,0,0,2963468288
2263,17.894434712,12.265350,12.693310,4,1,4,1,0,4.000,27,0,0,2963468288
2264,17.906598599,12.163887,12.302020,4,1,4,1,0,4.000,27,0,0,2963468288
2265,17.919442042,12.843443,12.118706,4,1,4,1,0,4.000,27,0,0,2963472384
2266,17.932223183,12.781141,12.839553,4,1,4,1,0,4.000,27,0,0,2963472384
2267,17.944439351,12.216168,12.798702,4,1,4,1,0,4.000,27,0,0,2963472384
2268,17.956701201,12.261850,12.198108,4,1,4,1,0,4.000,27,0,0,2963472384
2269,17.968483730,11.782529,12.297780,4,1,4,1,0,4.000,27,0,0,2963472384
2270,17.981236001,12.752271,11.738378,4,1,4,1,0,4.000,27,0,0,2963472384
2271,17.994034081,12.798080,12.768151,4,1,4,1,0,4.000,27,0,0,2963472384
2272,18.007853105,13.819024,12.831422,4,1,4,1,0,4.000,27,0,0,2963472384
2273,18.021506936,13.653831,13.826655,4,1,4,1,0,4.000,27,0,0,2963472384
2274,18.034739287,13.232351,13.638719,4,1,4,1,0,4.000,27,0,0,2963472384
2275,18.047641061,12.901774,13.148379,4,1,4,1,0,4.000,27,0,0,2963476480
2276,18.059964461,12.323400,12.996306,4,1,4,1,0,4.000,27,0,0,2963476480
2277,18.072440646,12.476185,12.340652,4,1,4,1,0,4.000,27,0,0,2963476480
2278,18.085950703,13.510057,12.408332,4,1,4,1,0,4.000,27,0,0,2963480576
2279,18.099490191,13.539488,13.573989,4,1,4,1,0,4.000,27,0,0,2963480576
2280,18.112267212,12.777021,13.496876,4,1,4,1,0,4.000,27,0,0,2963480576
2281,18.125498653,13.231441,12.769312,4,1,4,1,0,4.000,27,0,0,2963480576
2282,18.138616751,13.118098,13.232000,4,1,4,1,0,4.000,27,0,0,2963480576
2283,18.151656148,13.039397,13.117859,4,1,4,1,0,4.000,27,0,0,2963480576
2284,18.166100025,14.443877,13.099808,4,1,4,1,0,4.000,27,0,0,2963484672
2285,18.180126344,14.026319,14.400297,4,1,4,1,0,4.000,27,0,0,2963484672
2286,18.193958388,13.832044,14.029308,4,1,4,1,0,4.000,27,0,0,2963484672
2287,18.207035675,13.077287,13.830605,4,1,4,1,0,4.000,27,0,0,2963484672
2288,18.220777348,13.741673,13.090597,4,1,4,1,0,4.000,27,0,0,2963484672
2289,18.234978480,14.201132,13.873896,4,1,4,1,0,4.000,27,0,0,2963492864
2290,18.249909388,14.930908,14.084609,4,1,4,1,0,4.000,27,0,0,2963492864
2291,18.263424316,13.514928,14.962399,4,1,4,1,0,4.000,27,0,0,2963492864
2292,18.276867821,13.443505,13.451156,4,1,4,1,0,4.000,27,0,0,2963492864
2293,18.289797526,12.929705,13.488617,4,1,4,1,0,4.000,27,0,0,2963492864
2294,18.303104458,13.306932,12.945144,4,1,4,1,0,4.000,27,0,0,2963492864
2295,18.316450872,13.346414,13.276262,4,1,4,1,0,4.000,27,0,0,2963501056
2296,18.330123122,13.672250,13.403525,4,1,4,1,0,4.000,27,0,0,2963517440
2297,18.343660010,13.536888,13.583279,4,1,4,1,0,4.000,27,0,0,2963533824
2298,18.356669126,13.009116,13.543137,4,1,4,1,0,4.000,27,0,0,2963533824
2299,18.370254704,13.585578,13.075327,4,1,4,1,0,4.000,27,0,0,2963537920
2300,18.383741592,13.486888,13.587430,4,1,4,1,0,4.000,27,0,0,2963537920
2301,18.396964932,13.223340,13.569918,4,1,4,1,0,4.000,27,0,0,2963537920
2302,18.410347147,13.382215,13.187880,4,1,4,1,0,4.000,27,0,0,2963537920
2303,18.427361371,17.014224,13.354104,4,1,4,1,0,4.000,27,0,0,2963537920
2304,18.439989248,12.627877,17.175457,4,1,4,1,0,4.000,27,0,0,2963537920
2305,18.452770410,12.781162,12.326501,4,1,4,1,0,4.000,27,0,0,2963550208
2306,18.466495942,13.725532,12.756181,4,1,4,1,0,4.000,27,0,0,2963550208
2307,18.481040901,14.544959,13.741312,4,1,4,1,0,4.000,27,0,0,2963550208
2308,18.495217203,14.176302,14.561961,4,1,4,1,0,4.000,27,0,0,2963550208
2309,18.509027606,13.810403,14.145551,4,1,4,1,0,4.000,27,0,0,2963550208
2310,18.522060093,13.032487,13.855365,4,1,4,1,0,4.000,27,0,0,2963550208
2311,18.535836796,13.776703,13.003645,4,1,4,1,0,4.000,27,0,0,2963550208
2312,18.553076755,17.239959,13.803343,4,1,4,1,0,4.000,27,0,0,2963554304
2313,18.565692673,12.615918,17.210290,4,1,4,1,0,4.000,27,0,0,2963554304
2314,18.578005503,12.312830,12.584756,4,1,4,1,0,4.000,27,0,0,2963554304
2315,18.590903317,12.897814,12.357081,4,1,4,1,0,4.000,27,0,0,2963558400
2316,18.606412689,15.509372,12.991776,4,1,4,1,0,4.000,27,0,0,2963558400
2317,18.619575198,13.162509,15.441750,4,1,4,1,0,4.000,27,0,0,2963558400
2318,18.632393580,12.818382,13.178860,4,1,4,1,0,4.000,27,0,0,2963558400
2319,18.645600090,13.206510,12.766691,4,1,4,1,0,4.000,27,0,0,2963562496
2320,18.657816889,12.216799,13.207200,4,1,4,1,0,4.000,27,0,0,2963562496
2321,18.670367944,12.551055,12.215928,4,1,4,1,0,4.000,27,0,0,2963562496
2322,18.683235877,12.867933,12.555667,4,1,4,1,0,4.000,27,0,0,2963562496
2323,18.696522630,13.286753,12.867733,4,1,4,1,0,4.000,27,0,0,2963562496
2324,18.709352351,12.829721,13.287652,4,1,4,1,0,4.000,27,0,0,2963562496
2325,18.722337487,12.985136,12.826112,4,1,4,1,0,4.000,27,0,0,2963566592
2326,18.735057577,12.720090,13.022686,4,1,4,1,0,4.000,27,0,0,2963570688
2327,18.747795407,12.737830,12.717059,4,1,4,1,0,4.000,27,0,0,2963570688
2328,18.760319362,12.523955,12.729790,4,1,4,1,0,4.000,27,0,0,2963570688
2329,18.773008642,12.689280,12.501096,4,1,4,1,0,4.000,27,0,0,2963570688
2330,18.785471106,12.462464,12.725419,4,1,4,1,0,4.000,27,0,0,2963570688
2331,18.798320188,12.849082,12.429274,4,1,4,1,0,4.000,27,0,0,2963570688
2332,18.810682540,12.362352,12.910174,4,1,4,1,0,4.000,27,0,0,2963570688
2333,18.823815249,13.132709,12.339891,4,1,4,1,0,4.000,27,0,0,2963570688
2334,18.837304345,13.489096,13.158159,4,1,4,1,0,4.000,27,0,0,2963570688
2335,18.850092187,12.787842,13.393395,4,1,4,1,0,4.000,27,0,0,2963570688
2336,18.863337528,13.245341,12.818451,4,1,4,1,0,4.000,27,0,0,2963570688
2337,18.876291163,12.953635,13.400346,4,1,4,1,0,4.000,27,0,0,2963570688
2338,18.889606376,13.315213,12.889243,4,1,4,1,0,4.000,27,0,0,2963570688
2339,18.902913788,13.307412,13.266842,4,1,4,1,0,4.000,27,0,0,2963570688
2340,18.916274952,13.361164,13.306782,4,1,4,1,0,4.000,27,0,0,2963570688
2341,18.929952563,13.677611,13.340624,4,1,4,1,0,4.000,27,0,0,2963570688
2342,18.943790007,13.837444,13.764572,4,1,4,1,0,4.000,27,0,0,2963570688
2343,18.957682863,13.892856,13.883405,4,1,4,1,0,4.000,27,0,0,2963574784
2344,18.971081267,13.398404,13.818314,4,1,4,1,0,4.000,27,0,0,2963574784
2345,18.984473821,13.392554,13.364224,4,1,4,1,0,4.000,27,0,0,2963574784
2346,18.999121644,14.647823,13.376875,4,1,4,1,0,4.000,27,0,0,2963574784
2347,19.012637052,13.515408,14.655381,4,1,4,1,0,4.000,27,0,0,2963574784
2348,19.026015465,13.378413,13.477957,4,1,4,1,0,4.000,27,0,0,2963574784
2349,19.039583064,13.567599,13.413915,4,1,4,1,0,4.000,27,0,0,2963574784
2350,19.052915797,13.332733,13.566579,4,1,4,1,0,4.000,27,0,0,2963574784
2351,19.066553517,13.637720,13.363093,4,1,4,1,0,4.000,27,0,0,2963578880
2352,19.080012733,13.459216,13.562259,4,1,4,1,0,4.000,27,0,0,2963582976
2353,19.093416147,13.403414,13.525167,4,1,4,1,0,4.000,27,0,0,2963587072
2354,19.107227151,13.811004,13.342404,4,1,4,1,0,4.000,27,0,0,2963603456
2355,19.120924693,13.697542,13.814653,4,1,4,1,0,4.000,27,0,0,2963623936
2356,19.133966609,13.041916,13.788153,4,1,4,1,0,4.000,27,0,0,2963636224
2357,19.146717570,12.750961,12.982076,4,1,4,1,0,4.000,27,0,0,2963636224
2358,19.159573392,12.855822,12.711879,4,1,4,1,0,4.000,27,0,0,2963640320
2359,19.172833234,13.259842,12.856463,4,1,4,1,0,4.000,27,0,0,2963640320
2360,19.186905033,14.071799,13.322223,4,1,4,1,0,4.000,27,0,0,2963640320
2361,19.201071785,14.166752,14.058169,4,1,4,1,0,4.000,27,0,0,2963640320
2362,19.215265467,14.193682,14.154761,4,1,4,1,0,4.000,27,0,0,2963656704
2363,19.228460837,13.195370,14.162351,4,1,4,1,0,4.000,27,0,0,2963656704
2364,19.241030504,12.569667,13.179591,4,1,4,1,0,4.000,27,0,0,2963656704
2365,19.255543262,14.512758,12.634147,4,1,4,1,0,4.000,27,0,0,2963664896
2366,19.268473177,12.929915,14.457149,4,1,4,1,0,4.000,27,0,0,2963664896
2367,19.281880412,13.407235,12.937604,4,1,4,1,0,4.000,27,0,0,2963664896
2368,19.297923955,16.043543,13.450126,4,1,4,1,0,4.000,27,0,0,2963664896
2369,19.310500921,12.576966,16.039782,4,1,4,1,0,4.000,27,0,0,2963673088
2370,19.322871334,12.370413,12.586227,4,1,4,1,0,4.000,27,0,0,2963685376
2371,19.335489940,12.618606,12.381022,4,1,4,1,0,4.000,27,0,0,2963685376
2372,19.347796042,12.306102,12.621988,4,1,4,1,0,4.000,27,0,0,2963685376
2373,19.360367338,12.571296,12.266290,4,1,4,1,0,4.000,27,0,0,2963685376
2374,19.372708700,12.341362,12.626348,4,1,4,1,0,4.000,27,0,0,2963685376
2375,19.385082891,12.374191,12.366931,4,1,4,1,0,4.000,27,0,0,2963685376
2376,19.397527035,12.444144,12.359672,4,1,4,1,0,4.000,27,0,0,2963693568
2377,19.409734714,12.207679,12.419223,4,1,4,1,0,4.000,27,0,0,2963697664
2378,19.421745788,12.011074,12.169418,4,1,4,1,0,4.000,27,0,0,2963697664
2379,19.433874304,12.128516,12.031484,4,1,4,1,0,4.000,27,0,0,2963697664
2380,19.446641395,12.767091,12.207849,4,1,4,1,0,4.000,27,0,0,2963697664
2381,19.459680531,13.039136,12.699879,4,1,4,1,0,4.000,27,0,0,2963697664
2382,19.471435370,11.754839,13.097008,4,1,4,1,0,4.000,27,0,0,2963701760
2383,19.484622180,13.186810,11.717848,4,1,4,1,0,4.000,27,0,0,2963701760
2384,19.496711407,12.089227,13.205280,4,1,4,1,0,4.000,27,0,0,2963701760
2385,19.508479495,11.768088,12.078516,4,1,4,1,0,4.000,27,0,0,2963701760
2386,19.520203063,11.723568,11.694557,4,1,4,1,0,4.000,27,0,0,2963701760
2387,19.532932813,12.729750,11.733098,4,1,4,1,0,4.000,27,0,0,2963701760
2388,19.545898118,12.965305,12.741930,4,1,4,1,0,4.000,27,0,0,2963701760
2389,19.558785101,12.886983,13.008856,4,1,4,1,0,4.000,27,0,0,2963701760
2390,19.571744026,12.958925,12.890524,4,1,4,1,0,4.000,27,0,0,2963701760
2391,19.583585896,11.841870,12.902584,4,1,4,1,0,4.000,27,0,0,2963701760
2392,19.595726733,12.140837,11.845540,4,1,4,1,0,4.000,27,0,0,2963701760
2393,19.607955323,12.228590,12.143017,4,1,4,1,0,4.000,27,0,0,2963701760
2394,19.620125410,12.170087,12.254469,4,1,4,1,0,4.000,27,0,0,2963701760
2395,19.632434280,12.308870,12.124887,4,1,4,1,0,4.000,27,0,0,2963701760
2396,19.644629858,12.195578,12.280990,4,1,4,1,0,4.000,27,0,0,2963701760
2397,19.656931390,12.301532,12.194229,4,1,4,1,0,4.000,27,0,0,2963701760
2398,19.668565265,11.633875,12.340321,4,1,4,1,0,4.000,27,0,0,2963701760
2399,19.681719324,13.154059,11.591835,4,1,4,1,0,4.000,27,0,0,2963701760
2400,19.694805263,13.085939,13.156599,4,1,4,1,0,4.000,27,0,0,2963701760
2401,19.709507655,14.702392,13.084778,4,1,4,1,0,4.000,27,0,0,2963701760
2402,19.721019859,11.512204,14.805636,4,1,4,1,0,4.000,27,0,0,2963701760
2403,19.731646992,10.627133,11.447951,4,1,4,1,0,4.000,27,0,0,2963701760
2404,19.742239445,10.592453,10.620164,4,1,4,1,0,4.000,27,0,0,2963701760
2405,19.753266288,11.026843,10.547751,4,1,4,1,0,4.000,27,0,0,2963705856
2406,19.763996914,10.730626,11.066234,4,1,4,1,0,4.000,27,0,0,2963718144
2407,19.775106818,11.109904,10.728936,4,1,4,1,0,4.000,27,0,0,2963734528
2408,19.786109120,11.002302,11.105514,4,1,4,1,0,4.000,27,0,0,2963734528
2409,19.796473868,10.364748,11.019732,4,1,4,1,0,4.000,27,0,0,2963734528
2410,19.807454889,10.981021,10.316047,4,1,4,1,0,4.000,27,0,0,2963742720
2411,19.818436891,10.982002,10.975691,4,1,4,1,0,4.000,27,0,0,2963742720
2412,19.829686038,11.249147,10.978961,4,1,4,1,0,4.000,27,0,0,2963746816
2413,19.840124528,10.438490,11.260879,4,1,4,1,0,4.000,27,0,0,2963746816
2414,19.850654649,10.530121,10.461179,4,1,4,1,0,4.000,27,0,0,2963746816
2415,19.860930046,10.275397,10.527372,4,1,4,1,0,4.000,27,0,0,2963746816
2416,19.872365057,11.435011,10.329547,4,1,4,1,0,4.000,27,0,0,2963750912
2417,19.882216563,9.851506,11.416731,4,1,4,1,0,4.000,27,0,0,2963750912
2418,19.891529658,9.313095,9.816506,4,1,4,1,0,4.000,27,0,0,2963750912
2419,19.901279943,9.750285,9.308494,4,1,4,1,0,4.000,27,0,0,2963763200
2420,19.912008019,10.728076,9.811696,4,1,4,1,0,4.000,27,0,0,2963763200
2421,19.922396797,10.388778,10.700526,4,1,4,1,0,4.000,27,0,0,2963763200
2422,19.932466518,10.069721,10.365157,4,1,4,1,0,4.000,27,0,0,2963763200
2423,19.943111813,10.645295,10.071402,4,1,4,1,0,4.000,27,0,0,2963763200
2424,19.953474770,10.362957,10.675985,4,1,4,1,0,4.000,27,0,0,2963767296
2425,19.964102844,10.628074,10.334047,4,1,4,1,0,4.000,27,0,0,2963767296
2426,19.974525223,10.422379,10.657975,4,1,4,1,0,4.000,27,0,0,2963767296
2427,19.984791609,10.266386,10.390588,4,1,4,1,0,4.000,27,0,0,2963767296
2428,19.994913082,10.121473,10.255196,4,1,4,1,0,4.000,27,0,0,2963767296
2429,20.004966223,10.053141,10.162143,4,1,4,1,0,4.000,27,0,0,2963771392
2430,20.014724007,9.757784,10.081662,4,1,4,1,0,4.000,27,0,0,2963771392
2431,20.024704896,9.980889,9.694773,4,1,4,1,0,4.000,27,0,0,2963775488
2432,20.034834479,10.129583,9.979620,4,1,4,1,0,4.000,27,0,0,2963775488
2433,20.044633865,9.799386,10.159533,4,1,4,1,0,4.000,27,0,0,2963775488
2434,20.054788758,10.154893,9.763845,4,1,4,1,0,4.000,27,0,0,2963775488
2435,20.064755637,9.966879,10.164533,4,1,4,1,0,4.000,27,0,0,2963775488
2436,20.074988543,10.232906,9.967010,4,1,4,1,0,4.000,27,0,0,2963779584
2437,20.084759497,9.770954,10.115392,4,1,4,1,0,4.000,27,0,0,2963779584
2438,20.094353958,9.594461,9.776545,4,1,4,1,0,4.000,27,0,0,2963779584
2439,20.104784287,10.430329,9.572620,4,1,4,1,0,4.000,27,0,0,2963779584
2440,20.114940681,10.156394,10.669725,4,1,4,1,0,4.000,27,0,0,2963779584
2441,20.125350560,10.409879,10.253435,4,1,4,1,0,4.000,27,0,0,2963779584
2442,20.135935662,10.585102,10.227675,4,1,4,1,0,4.000,27,0,0,2963779584
2443,20.146548106,10.612444,10.613634,4,1,4,1,0,4.000,27,0,0,2963779584
2444,20.156294080,9.745974,10.575492,4,1,4,1,0,4.000,27,0,0,2963779584
2445,20.166625637,10.331557,9.735824,4,1,4,1,0,4.000,27,0,0,2963779584
2446,20.176648478,10.022841,10.317977,4,1,4,1,0,4.000,27,0,0,2963779584
2447,20.186970115,10.321637,10.030531,4,1,4,1,0,4.000,27,0,0,2963779584
2448,20.196981205,10.011090,10.356148,4,1,4,1,0,4.000,27,0,0,2963783680
2449,20.206521115,9.539910,10.021460,4,1,4,1,0,4.000,27,0,0,2963783680
2450,20.217262581,10.741466,9.469298,4,1,4,1,0,4.000,27,0,0,2963783680
2451,20.227243151,9.980570,10.748246,4,1,4,1,0,4.000,27,0,0,2963783680
2452,20.237605518,10.362367,9.969730,4,1,4,1,0,4.000,27,0,0,2963783680
2453,20.247658999,10.053481,10.377677,4,1,4,1,0,4.000,27,0,0,2963783680
2454,20.258129880,10.470881,10.078713,4,1,4,1,0,4.000,27,0,0,2963787776
2455,20.268219962,10.090082,10.523481,4,1,4,1,0,4.000,27,0,0,2963820544
2456,20.278830265,10.610303,10.012520,4,1,4,1,0,4.000,27,0,0,2963828736
2457,20.288969977,10.139712,10.609554,4,1,4,1,0,4.000,27,0,0,2963828736
2458,20.297557817,8.587840,10.160633,4,1,4,1,0,4.000,27,0,0,2963828736
2459,20.306235168,8.677351,8.555288,4,1,4,1,0,4.000,27,0,0,2963828736
2460,20.314910558,8.675390,8.693081,4,1,4,1,0,4.000,27,0,0,2963832832
2461,20.323463276,8.552718,8.692822,4,1,4,1,0,4.000,27,0,0,2963832832
2462,20.331841980,8.378704,8.523817,4,1,4,1,0,4.000,27,0,0,2963836928
2463,20.340763387,8.921407,8.421995,4,1,4,1,0,4.000,27,0,0,2963836928
2464,20.348917646,8.154259,8.869835,4,1,4,1,0,4.000,27,0,0,2963841024
2465,20.357722670,8.805024,8.180710,4,1,4,1,0,4.000,27,0,0,2963841024
2466,20.366098494,8.375824,8.787633,4,1,4,1,0,4.000,27,0,0,2963841024
2467,20.374337905,8.239411,8.392495,4,1,4,1,0,4.000,27,0,0,2963841024
2468,20.382532885,8.194980,8.236031,4,1,4,1,0,4.000,27,0,0,2963841024
2469,20.390810387,8.277502,8.177099,4,1,4,1,0,4.000,27,0,0,2963849216
2470,20.399607961,8.797574,8.267783,4,1,4,1,0,4.000,27,0,0,2963853312
2471,20.409133241,9.525280,8.803593,4,1,4,1,0,4.000,27,0,0,2963853312
2472,20.417439423,8.306182,9.549190,4,1,4,1,0,4.000,27,0,0,2963853312
2473,20.425732425,8.293002,8.282802,4,1,4,1,0,4.000,27,0,0,2963857408
2474,20.434017757,8.285332,8.324384,4,1,4,1,0,4.000,27,0,0,2963857408
2475,20.443346553,9.328796,8.280001,4,1,4,1,0,4.000,27,0,0,2963857408
2476,20.451857129,8.510576,9.393597,4,1,4,1,0,4.000,27,0,0,2963857408
2477,20.460984180,9.127051,8.645740,4,1,4,1,0,4.000,27,0,0,2963857408
2478,20.470317176,9.332996,9.033479,4,1,4,1,0,4.000,27,0,0,2963857408
2479,20.479451207,9.134031,9.271873,4,1,4,1,0,4.000,27,0,0,2963857408
2480,20.487894312,8.443105,9.130231,4,1,4,1,0,4.000,27,0,0,2963857408
2481,20.498632718,10.738406,8.422726,4,1,4,1,0,4.000,27,0,0,2963857408
2482,20.507300359,8.667641,10.767746,4,1,4,1,0,4.000,27,0,0,2963857408
2483,20.516583683,9.283324,8.667221,4,1,4,1,0,4.000,27,0,0,2963857408
2484,20.525894718,9.311035,9.256903,4,1,4,1,0,4.000,27,0,0,2963857408
2485,20.535987319,10.092601,9.370887,4,1,4,1,0,4.000,27,0,0,2963857408
2486,20.545659202,9.671883,10.093612,4,1,4,1,0,4.000,27,0,0,2963861504
2487,20.556056411,10.397209,9.625041,4,1,4,1,0,4.000,27,0,0,2963861504
2488,20.565965729,9.909318,10.439790,4,1,4,1,0,4.000,27,0,0,2963861504
2489,20.576225015,10.259286,9.922948,4,1,4,1,0,4.000,27,0,0,2963865600
2490,20.586088941,9.863926,10.211414,4,1,4,1,0,4.000,27,0,0,2963865600
2491,20.598926904,12.837963,9.888478,4,1,4,1,0,4.000,27,0,0,2963865600
2492,20.611132173,12.205269,12.853733,4,1,4,1,0,4.000,27,0,0,2963865600
2493,20.623067354,11.935181,12.195158,4,1,4,1,0,4.000,27,0,0,2963865600
2494,20.634952556,11.885202,11.918682,4,1,4,1,0,4.000,27,0,0,2963865600
2495,20.647025431,12.072875,11.907622,4,1,4,1,0,4.000,27,0,0,2963865600
2496,20.659932385,12.906954,12.077655,4,1,4,1,0,4.000,27,0,0,2963865600
2497,20.672282277,12.349892,12.907684,4,1,4,1,0,4.000,27,0,0,2963865600
2498,20.684800712,12.518435,12.364272,4,1,4,1,0,4.000,27,0,0,2963865600
2499,20.697296327,12.495615,12.512936,4,1,4,1,0,4.000,27,0,0,2963865600
2500,20.709229440,11.933113,12.478083,4,1,4,1,0,4.000,27,0,0,2963865600
2501,20.721782825,12.553385,11.921643,4,1,4,1,0,4.000,27,0,0,2963865600
2502,20.734553886,12.771061,12.583127,4,1,4,1,0,4.000,27,0,0,2963865600
2503,20.747259526,12.705640,12.755620,4,1,4,1,0,4.000,27,0,0,2963865600
2504,20.760511077,13.251551,12.657978,4,1,4,1,0,4.000,27,0,0,2963869696
2505,20.772755176,12.244099,13.444786,4,1,4,1,0,4.000,27,0,0,2963869696
2506,20.785366464,12.611288,12.201849,4,1,4,1,0,4.000,27,0,0,2963869696
2507,20.797405179,12.038715,12.517804,4,1,4,1,0,4.000,27,0,0,2963869696
2508,20.810012505,12.607326,12.040065,4,1,4,1,0,4.000,27,0,0,2963869696
2509,20.822301146,12.288641,12.577887,4,1,4,1,0,4.000,27,0,0,2963869696
2510,20.834302180,12.001034,12.247039,4,1,4,1,0,4.000,27,0,0,2963869696
2511,20.845931895,11.629715,12.001604,4,1,4,1,0,4.000,27,0,0,2963869696
2512,20.858328278,12.396383,11.655347,4,1,4,1,0,4.000,27,0,0,2963869696
2513,20.870317572,11.989294,12.377502,4,1,4,1,0,4.000,27,0,0,2963869696
2514,20.882809266,12.491694,11.973703,4,1,4,1,0,4.000,27,0,0,2963869696
2515,20.894740739,11.931473,12.494544,4,1,4,1,0,4.000,27,0,0,2963869696
2516,20.907035729,12.294990,11.930933,4,1,4,1,0,4.000,27,0,0,2963869696
2517,20.919326240,12.290511,12.335472,4,1,4,1,0,4.000,27,0,0,2963869696
2518,20.931113428,11.787188,12.244499,4,1,4,1,0,4.000,27,0,0,2963869696
2519,20.942827866,11.714438,11.812399,4,1,4,1,0,4.000,27,0,0,2963869696
2520,20.955172017,12.344151,11.747738,4,1,4,1,0,4.000,27,0,0,2963869696
2521,20.967213652,12.041635,12.285971,4,1,4,1,0,4.000,27,0,0,2963869696
2522,20.979620475,12.406823,12.063465,4,1,4,1,0,4.000,27,0,0,2963869696
2523,20.991582379,11.961904,12.475624,4,1,4,1,0,4.000,27,0,0,2963869696
2524,21.003415239,11.832860,11.928982,4,1,4,1,0,4.000,27,0,0,2963869696
2525,21.015684278,12.269039,11.781800,4,1,4,1,0,4.000,27,0,0,2963869696
2526,21.028228354,12.544076,12.324080,4,1,4,1,0,4.000,27,0,0,2963869696
2527,21.040371622,12.143268,12.538077,4,1,4,1,0,4.000,27,0,0,2963869696
2528,21.052697012,12.325390,12.106086,4,1,4,1,0,4.000,27,0,0,2963869696
2529,21.064974902,12.277890,12.315960,4,1,4,1,0,4.000,27,0,0,2963869696
2530,21.077234091,12.259189,12.313542,4,1,4,1,0,4.000,27,0,0,2963873792
2531,21.089893130,12.659039,12.271879,4,1,4,1,0,4.000,27,0,0,2963890176
2532,21.101899644,12.006514,12.637148,4,1,4,1,0,4.000,27,0,0,2963906560
2533,21.114317958,12.418314,11.983663,4,1,4,1,0,4.000,27,0,0,2963906560
2534,21.127855505,13.537547,12.397763,4,1,4,1,0,4.000,27,0,0,2963906560
2535,21.140817240,12.961735,13.596819,4,1,4,1,0,4.000,27,0,0,2963910656
2536,21.153043669,12.226429,12.905854,4,1,4,1,0,4.000,27,0,0,2963910656
2537,21.165642206,12.598537,12.251810,4,1,4,1,0,4.000,27,0,0,2963914752
2538,21.179186673,13.544467,12.687508,4,1,4,1,0,4.000,27,0,0,2963922944
2539,21.192341404,13.154731,13.474457,4,1,4,1,0,4.000,27,0,0,2963922944
2540,21.206468704,14.127300,13.115388,4,1,4,1,0,4.000,27,0,0,2963922944
2541,21.219408109,12.939405,14.125961,4,1,4,1,0,4.000,27,0,0,2963922944
2542,21.231605637,12.197528,12.920304,4,1,4,1,0,4.000,27,0,0,2963931136
2543,21.244266984,12.661347,12.215958,4,1,4,1,0,4.000,27,0,0,2963935232
2544,21.257240710,12.973726,12.637539,4,1,4,1,0,4.000,27,0,0,2963935232
2545,21.270257636,13.016926,12.972585,4,1,4,1,0,4.000,27,0,0,2963935232
2546,21.283181520,12.923884,12.995736,4,1,4,1,0,4.000,27,0,0,2963935232
2547,21.295972142,12.790622,12.995665,4,1,4,1,0,4.000,27,0,0,2963935232
2548,21.308999278,13.027136,12.785221,4,1,4,1,0,4.000,27,0,0,2963935232
2549,21.321569825,12.570547,12.881893,4,1,4,1,0,4.000,27,0,0,2963935232
2550,21.334765265,13.195440,12.550717,4,1,4,1,0,4.000,27,0,0,2963939328
2551,21.347123116,12.357851,13.204100,4,1,4,1,0,4.000,27,0,0,2963939328
2552,21.359922748,12.799632,12.373282,4,1,4,1,0,4.000,27,0,0,2963939328
2553,21.372362781,12.440033,12.789861,4,1,4,1,0,4.000,27,0,0,2963947520
2554,21.385265945,12.903164,12.438964,4,1,4,1,0,4.000,27,0,0,2963947520
2555,21.397659298,12.393353,12.899864,4,1,4,1,0,4.000,27,0,0,2963947520
2556,21.410350817,12.691519,12.386162,4,1,4,1,0,4.000,27,0,0,2963947520
2557,21.422897953,12.547136,12.692099,4,1,4,1,0,4.000,27,0,0,2963947520
2558,21.435484040,12.586087,12.550706,4,1,4,1,0,4.000,27,0,0,2963947520
2559,21.448402603,12.918563,12.584887,4,1,4,1,0,4.000,27,0,0,2963951616
2560,21.461530303,13.127700,12.944655,4,1,4,1,0,4.000,27,0,0,2963951616
2561,21.473709210,12.178907,13.104948,4,1,4,1,0,4.000,27,0,0,2963951616
2562,21.485829377,12.120167,12.182707,4,1,4,1,0,4.000,27,0,0,2963951616
2563,21.497849141,12.019764,12.096836,4,1,4,1,0,4.000,27,0,0,2963951616
2564,21.509899106,12.049965,12.023805,4,1,4,1,0,4.000,27,0,0,2963951616
2565,21.522003572,12.104466,12.108066,4,1,4,1,0,4.000,27,0,0,2963951616
2566,21.533480605,11.477033,12.111326,4,1,4,1,0,4.000,27,0,0,2963951616
2567,21.545233763,11.753158,11.646627,4,1,4,1,0,4.000,27,0,0,2963955712
2568,21.557248657,12.014894,11.702167,4,1,4,1,0,4.000,27,0,0,2963955712
2569,21.568669369,11.420712,12.003654,4,1,4,1,0,4.000,27,0,0,2963955712
2570,21.580358755,11.689386,11.413331,4,1,4,1,0,4.000,27,0,0,2963955712
2571,21.592457981,12.099226,11.685527,4,1,4,1,0,4.000,27,0,0,2963955712
2572,21.603797031,11.339050,12.081906,4,1,4,1,0,4.000,27,0,0,2963955712
2573,21.616375227,12.578196,11.344599,4,1,4,1,0,4.000,27,0,0,2963955712
2574,21.628558406,12.183179,12.564036,4,1,4,1,0,4.000,27,0,0,2963955712
2575,21.641275575,12.717169,12.184838,4,1,4,1,0,4.000,27,0,0,2963955712
2576,21.653816221,12.540646,12.706850,4,1,4,1,0,4.000,27,0,0,2963955712
2577,21.665585560,11.769339,12.542765,4,1,4,1,0,4.000,27,0,0,2963955712
2578,21.677893360,12.307800,11.765219,4,1,4,1,0,4.000,27,0,0,2963955712
2579,21.690173220,12.279860,12.355081,4,1,4,1,0,4.000,27,0,0,2963963904
2580,21.703114715,12.941495,12.238559,4,1,4,1,0,4.000,27,0,0,2963988480
2581,21.715423395,12.308680,12.999526,4,1,4,1,0,4.000,27,0,0,2963988480
2582,21.728164706,12.741311,12.266721,4,1,4,1,0,4.000,27,0,0,2963988480
2583,21.740747643,12.582937,12.835852,4,1,4,1,0,4.000,27,0,0,2963988480
2584,21.753134425,12.386782,12.481644,4,1,4,1,0,4.000,27,0,0,2963992576
2585,21.765892675,12.758250,12.389002,4,1,4,1,0,4.000,27,0,0,2963992576
2586,21.778745188,12.852513,12.834563,4,1,4,1,0,4.000,27,0,0,2964000768
2587,21.792123642,13.378454,12.771381,4,1,4,1,0,4.000,27,0,0,2964000768
2588,21.805450245,13.326603,13.429215,4,1,4,1,0,4.000,27,0,0,2964000768
2589,21.819446433,13.996188,13.259502,4,1,4,1,0,4.000,27,0,0,2964000768
2590,21.832320026,12.873593,13.994798,4,1,4,1,0,4.000,27,0,0,2964000768
2591,21.846308603,13.988577,12.868463,4,1,4,1,0,4.000,27,0,0,2964008960
2592,21.859396141,13.087538,13.990307,4,1,4,1,0,4.000,27,0,0,2964013056
2593,21.872131561,12.735420,13.089738,4,1,4,1,0,4.000,27,0,0,2964013056
2594,21.885032625,12.901064,12.781200,4,1,4,1,0,4.000,27,0,0,2964013056
2595,21.898651875,13.619250,12.900804,4,1,4,1,0,4.000,27,0,0,2964021248
2596,21.912957839,14.305964,13.570859,4,1,4,1,0,4.000,27,0,0,2964021248
2597,21.926445386,13.487547,14.355425,4,1,4,1,0,4.000,27,0,0,2964037632
2598,21.939729168,13.283782,13.436176,4,1,4,1,0,4.000,27,0,0,2964049920
2599,21.952876857,13.147689,13.310523,4,1,4,1,0,4.000,27,0,0,2964066304
2600,21.965869093,12.992236,13.162859,4,1,4,1,0,4.000,27,0,0,2964078592
2601,21.978573652,12.704559,12.981716,4,1,4,1,0,4.000,27,0,0,2964090880
2602,21.991381794,12.808142,12.675329,4,1,4,1,0,4.000,27,0,0,2964103168
2603,22.005786151,14.404357,12.803971,4,1,4,1,0,4.000,27,0,0,2964115456
2604,22.019680947,13.894796,14.409957,4,1,4,1,0,4.000,27,0,0,2964123648
2605,22.032576609,12.895662,13.791723,4,1,4,1,0,4.000,27,0,0,2964135936
2606,22.044508332,11.931723,12.862173,4,1,4,1,0,4.000,27,0,0,2964148224
2607,22.056919605,12.411273,11.958423,4,1,4,1,0,4.000,27,0,0,2964160512
2608,22.068900429,11.980824,12.379542,4,1,4,1,0,4.000,27,0,0,2964172800
2609,22.081938565,13.038136,11.982164,4,1,4,1,0,4.000,27,0,0,2964185088
2610,22.094416189,12.477624,13.040787,4,1,4,1,0,4.000,27,0,0,2964197376
2611,22.106241300,11.825111,12.621647,4,1,4,1,0,4.000,27,0,0,2964205568
2612,22.118197673,11.956373,11.841470,4,1,4,1,0,4.000,27,0,0,2964213760
2613,22.129382668,11.184995,11.940153,4,1,4,1,0,4.000,27,0,0,2964226048
2614,22.141024705,11.642037,11.182316,4,1,4,1,0,4.000,27,0,0,2964230144
2615,22.152737332,11.712627,11.666366,4,1,4,1,0,4.000,27,0,0,2964230144
2616,22.164198804,11.461472,11.682167,4,1,4,1,0,4.000,27,0,0,2964230144
2617,22.175982993,11.784189,11.455492,4,1,4,1,0,4.000,27,0,0,2964230144
2618,22.188376116,12.393123,11.841320,4,1,4,1,0,4.000,27,0,0,2964230144
2619,22.200342599,11.966483,12.357632,4,1,4,1,0,4.000,27,0,0,2964230144
2620,22.212432264,12.089665,11.987093,4,1,4,1,0,4.000,27,0,0,2964230144
2621,22.224809497,12.377233,12.069917,4,1,4,1,0,4.000,27,0,0,2964238336
2622,22.237116578,12.307081,12.364931,4,1,4,1,0,4.000,27,0,0,2964246528
2623,22.249542040,12.425462,12.325981,4,1,4,1,0,4.000,27,0,0,2964254720
2624,22.261802071,12.260031,12.401403,4,1,4,1,0,4.000,27,0,0,2964271104
2625,22.274418638,12.616567,12.258390,4,1,4,1,0,4.000,27,0,0,2964275200
2626,22.287025755,12.607117,12.625537,4,1,4,1,0,4.000,27,0,0,2964287488
2627,22.299706353,12.680598,12.638228,4,1,4,1,0,4.000,27,0,0,2964287488
2628,22.312051896,12.345543,12.700410,4,1,4,1,0,4.000,27,0,0,2964287488
2629,22.324554140,12.502244,12.309990,4,1,4,1,0,4.000,27,0,0,2964287488
2630,22.337027095,12.472955,12.474205,4,1,4,1,0,4.000,27,0,0,2964287488
2631,22.349752485,12.725390,12.500474,4,1,4,1,0,4.000,27,0,0,2964287488
2632,22.361957413,12.204928,12.705060,4,1,4,1,0,4.000,27,0,0,2964291584
2633,22.373771833,11.814420,12.257169,4,1,4,1,0,4.000,27,0,0,2964299776
2634,22.386292638,12.520805,11.769509,4,1,4,1,0,4.000,27,0,0,2964303872
2635,22.398707190,12.414552,12.511665,4,1,4,1,0,4.000,27,0,0,2964303872
2636,22.411401120,12.693930,12.414673,4,1,4,1,0,4.000,27,0,0,2964303872
2637,22.423449955,12.048835,12.694499,4,1,4,1,0,4.000,27,0,0,2964307968
2638,22.436541333,13.091378,12.057855,4,1,4,1,0,4.000,27,0,0,2964307968
2639,22.450068361,13.527028,13.185151,4,1,4,1,0,4.000,27,0,0,2964307968
2640,22.462816821,12.748460,13.516256,4,1,4,1,0,4.000,27,0,0,2964307968
2641,22.475408867,12.592046,12.732801,4,1,4,1,0,4.000,27,0,0,2964307968
2642,22.488453114,13.044247,12.551175,4,1,4,1,0,4.000,27,0,0,2964307968
2643,22.501900570,13.447456,13.102669,4,1,4,1,0,4.000,27,0,0,2964312064
2644,22.513903974,12.003404,13.733861,4,1,4,1,0,4.000,27,0,0,2964312064
2645,22.526563592,12.659618,11.971644,4,1,4,1,0,4.000,27,0,0,2964312064
2646,22.539055867,12.492275,12.372532,4,1,4,1,0,4.000,27,0,0,2964312064
2647,22.550112070,11.056203,12.494955,4,1,4,1,0,4.000,27,0,0,2964312064
2648,22.560188042,10.075972,11.076943,4,1,4,1,0,4.000,27,0,0,2964312064
2649,22.570192882,10.004840,10.018420,4,1,4,1,0,4.000,27,0,0,2964312064
2650,22.583558546,13.365664,10.001770,4,1,4,1,0,4.000,27,0,0,2964316160
2651,22.595935158,12.376612,13.384445,4,1,4,1,0,4.000,27,0,0,2964316160
2652,22.609295122,13.359964,12.404703,4,1,4,1,0,4.000,27,0,0,2964316160
2653,22.621499180,12.204058,13.328202,4,1,4,1,0,4.000,27,0,0,2964316160
2654,22.634057536,12.558356,12.210859,4,1,4,1,0,4.000,27,0,0,2964316160
2655,22.645981289,11.923753,12.783861,4,1,4,1,0,4.000,27,0,0,2964320256
2656,22.657928642,11.947353,11.795900,4,1,4,1,0,4.000,27,0,0,2964320256
2657,22.670308533,12.379891,11.912202,4,1,4,1,0,4.000,27,0,0,2964320256
2658,22.682309867,12.001334,12.350551,4,1,4,1,0,4.000,27,0,0,2964320256
2659,22.695484997,13.175130,11.952383,4,1,4,1,0,4.000,27,0,0,2964320256
2660,22.707626934,12.141937,13.218650,4,1,4,1,0,4.000,27,0,0,2964324352
2661,22.722071922,14.444988,12.088177,4,1,4,1,0,4.000,27,0,0,2964328448
2662,22.735942967,13.871045,14.449467,4,1,4,1,0,4.000,27,0,0,2964328448
2663,22.749274450,13.331483,13.890086,4,1,4,1,0,4.000,27,0,0,2964328448
2664,22.762215535,12.941085,13.312212,4,1,4,1,0,4.000,27,0,0,2964328448
2665,22.775210970,12.995435,12.949215,4,1,4,1,0,4.000,27,0,0,2964328448
2666,22.788406440,13.195470,12.930005,4,1,4,1,0,4.000,27,0,0,2964328448
2667,22.801124880,12.718440,13.211650,4,1,4,1,0,4.000,27,0,0,2964332544
2668,22.814238469,13.113589,12.732820,4,1,4,1,0,4.000,27,0,0,2964332544
2669,22.825915046,11.676577,13.108288,4,1,4,1,0,4.000,27,0,0,2964332544
2670,22.838668405,12.753359,11.700018,4,1,4,1,0,4.000,27,0,0,2964332544
2671,22.852342966,13.674561,12.783711,4,1,4,1,0,4.000,27,0,0,2964332544
2672,22.863968762,11.625796,13.627439,4,1,4,1,0,4.000,27,0,0,2964332544
2673,22.876268833,12.300071,11.596136,4,1,4,1,0,4.000,27,0,0,2964336640
2674,22.888866069,12.597236,12.350711,4,1,4,1,0,4.000,27,0,0,2964336640
2675,22.901482267,12.616198,12.619008,4,1,4,1,0,4.000,27,0,0,2964336640
2676,22.913897299,12.415032,12.581416,4,1,4,1,0,4.000,27,0,0,2964336640
2677,22.926597749,12.700450,12.463364,4,1,4,1,0,4.000,27,0,0,2964336640
2678,22.939705457,13.107708,12.702729,4,1,4,1,0,4.000,27,0,0,2964336640
2679,22.953389948,13.684491,13.087879,4,1,4,1,0,4.000,27,0,0,2964340736
2680,22.967965408,14.575460,13.666430,4,1,4,1,0,4.000,27,0,0,2964340736
2681,22.982651812,14.686404,14.606621,4,1,4,1,0,4.000,27,0,0,2964340736
2682,22.997264913,14.613101,14.658022,4,1,4,1,0,4.000,27,0,0,2964340736
2683,23.011602218,14.337305,14.624202,4,1,4,1,0,4.000,27,0,0,2964340736
2684,23.025787240,14.185022,14.310034,4,1,4,1,0,4.000,27,0,0,2964344832
2685,23.040420432,14.633192,14.196083,4,1,4,1,0,4.000,27,0,0,2964377600
2686,23.054522612,14.102180,14.632471,4,1,4,1,0,4.000,27,0,0,2964377600
2687,23.067586009,13.063397,14.192662,4,1,4,1,0,4.000,27,0,0,2964377600
2688,23.081060326,13.474317,13.065588,4,1,4,1,0,4.000,27,0,0,2964381696
2689,23.095750579,14.690253,14.217963,4,1,4,1,0,4.000,27,0,0,2964381696
2690,23.109171794,13.421215,14.141131,4,1,4,1,0,4.000,27,0,0,2964381696
2691,23.122178240,13.006446,13.192380,4,1,4,1,0,4.000,27,0,0,2964393984
2692,23.135006781,12.828541,13.013266,4,1,4,1,0,4.000,27,0,0,2964393984
2693,23.149565672,14.558891,12.814732,4,1,4,1,0,4.000,27,0,0,2964393984
2694,23.162350993,12.785321,14.518269,4,1,4,1,0,4.000,27,0,0,2964393984
2695,23.174469770,12.118777,12.769651,4,1,4,1,0,4.000,27,0,0,2964393984
2696,23.187879604,13.409834,12.119596,4,1,4,1,0,4.000,27,0,0,2964398080
2697,23.200941572,13.061968,13.529068,4,1,4,1,0,4.000,27,0,0,2964398080
2698,23.213603720,12.662148,12.996166,4,1,4,1,0,4.000,27,0,0,2964398080
2699,23.227830063,14.226343,12.625987,4,1,4,1,0,4.000,27,0,0,2964398080
2700,23.240425110,12.595047,14.280595,4,1,4,1,0,4.000,27,0,0,2964398080
2701,23.252307372,11.882262,12.529055,4,1,4,1,0,4.000,27,0,0,2964398080
2702,23.264802956,12.495584,11.878681,4,1,4,1,0,4.000,27,0,0,2964398080
2703,23.277656449,12.853493,12.508705,4,1,4,1,0,4.000,27,0,0,2964398080
2704,23.290639054,12.982605,12.846042,4,1,4,1,0,4.000,27,0,0,2964402176
2705,23.303210461,12.571407,13.009966,4,1,4,1,0,4.000,27,0,0,2964402176
2706,23.314999590,11.789129,12.561147,4,1,4,1,0,4.000,27,0,0,2964406272
2707,23.327420363,12.420773,11.849031,4,1,4,1,0,4.000,27,0,0,2964414464
2708,23.340481530,13.061167,12.336560,4,1,4,1,0,4.000,27,0,0,2964418560
2709,23.354219393,13.737863,13.107689,4,1,4,1,0,4.000,27,0,0,2964418560
2710,23.366883841,12.664448,13.701831,4,1,4,1,0,4.000,27,0,0,2964418560
2711,23.379418207,12.534366,12.686279,4,1,4,1,0,4.000,27,0,0,2964418560
2712,23.393261421,13.843214,12.517045,4,1,4,1,0,4.000,27,0,0,2964418560
2713,23.405614653,12.353232,13.836925,4,1,4,1,0,4.000,27,0,0,2964422656
2714,23.418365123,12.750470,12.352031,4,1,4,1,0,4.000,27,0,0,2964422656
2715,23.431327368,12.962245,12.743680,4,1,4,1,0,4.000,27,0,0,2964422656
2716,23.444198371,12.871003,12.973166,4,1,4,1,0,4.000,27,0,0,2964422656
2717,23.457065523,12.867152,12.863913,4,1,4,1,0,4.000,27,0,0,2964426752
2718,23.470462959,13.397436,12.887233,4,1,4,1,0,4.000,27,0,0,2964426752
2719,23.483733440,13.270481,13.400615,4,1,4,1,0,4.000,27,0,0,2964426752
2720,23.496250576,12.517136,13.288911,4,1,4,1,0,4.000,27,0,0,2964426752
2721,23.508984075,12.733499,12.494276,4,1,4,1,0,4.000,27,0,0,2964426752
2722,23.522104934,13.120859,12.778231,4,1,4,1,0,4.000,27,0,0,2964426752
2723,23.534931386,12.826452,13.076437,4,1,4,1,0,4.000,27,0,0,2964426752
2724,23.548399793,13.468407,12.844993,4,1,4,1,0,4.000,27,0,0,2964426752
2725,23.562325679,13.925886,13.462416,4,1,4,1,0,4.000,27,0,0,2964426752
2726,23.575214903,12.889224,13.919276,4,1,4,1,0,4.000,27,0,0,2964426752
2727,23.587610695,12.395792,12.924374,4,1,4,1,0,4.000,27,0,0,2964426752
2728,23.600514619,12.903924,12.359811,4,1,4,1,0,4.000,27,0,0,2964430848
2729,23.613860272,13.345653,12.884814,4,1,4,1,0,4.000,27,0,0,2964434944
2730,23.627683066,13.822794,13.397865,4,1,4,1,0,4.000,27,0,0,2964434944
2731,23.640511498,12.828432,13.802913,4,1,4,1,0,4.000,27,0,0,2964443136
2732,23.654122367,13.610869,12.801792,4,1,4,1,0,4.000,27,0,0,2964443136
2733,23.666908808,12.786441,13.705441,4,1,4,1,0,4.000,27,0,0,2964443136
2734,23.679406603,12.497795,12.713880,4,1,4,1,0,4.000,27,0,0,2964443136
2735,23.692312547,12.905944,12.462814,4,1,4,1,0,4.000,27,0,0,2964443136
2736,23.704372593,12.060046,12.905444,4,1,4,1,0,4.000,27,0,0,2964443136
2737,23.717242726,12.870133,12.156117,4,1,4,1,0,4.000,27,0,0,2964475904
2738,23.730223500,12.980774,12.815702,4,1,4,1,0,4.000,27,0,0,2964488192
2739,23.742570182,12.346682,12.952785,4,1,4,1,0,4.000,27,0,0,2964488192
2740,23.755533237,12.963055,12.345621,4,1,4,1,0,4.000,27,0,0,2964496384
2741,23.768593735,13.060498,12.967805,4,1,4,1,0,4.000,27,0,0,2964500480
2742,23.782106321,13.512586,13.062277,4,1,4,1,0,4.000,27,0,0,2964500480
2743,23.796600820,14.494499,13.544178,4,1,4,1,0,4.000,27,0,0,2964500480
2744,23.809583316,12.982496,14.472598,4,1,4,1,0,4.000,27,0,0,2964500480
2745,23.822947659,13.364343,12.988146,4,1,4,1,0,4.000,27,0,0,2964500480
2746,23.835199178,12.251519,13.541578,4,1,4,1,0,4.000,27,0,0,2964500480
2747,23.847804156,12.604978,12.044775,4,1,4,1,0,4.000,27,0,0,2964500480
2748,23.861346364,13.542208,12.571276,4,1,4,1,0,4.000,27,0,0,2964508672
2749,23.874021502,12.675138,13.516517,4,1,4,1,0,4.000,27,0,0,2964508672
2750,23.887998440,13.976938,12.699449,4,1,4,1,0,4.000,27,0,0,2964508672
2751,23.900232508,12.234068,13.999018,4,1,4,1,0,4.000,27,0,0,2964508672
2752,23.913589823,13.357315,12.209589,4,1,4,1,0,4.000,27,0,0,2964512768
2753,23.926343624,12.753801,13.337103,4,1,4,1,0,4.000,27,0,0,2964516864
2754,23.938583203,12.239579,12.754571,4,1,4,1,0,4.000,27,0,0,2964516864
2755,23.950998645,12.415442,12.245219,4,1,4,1,0,4.000,27,0,0,2964520960
2756,23.963454740,12.456095,12.445453,4,1,4,1,0,4.000,27,0,0,2964520960
2757,23.976083867,12.629127,12.426114,4,1,4,1,0,4.000,27,0,0,2964520960
2758,23.989329308,13.245441,12.645968,4,1,4,1,0,4.000,27,0,0,2964520960
2759,24.002240702,12.911394,13.235761,4,1,4,1,0,4.000,27,0,0,2964520960
2760,24.014976912,12.736210,12.909974,4,1,4,1,0,4.000,27,0,0,2964520960
2761,24.026938795,11.961883,12.747590,4,1,4,1,0,4.000,27,0,0,2964520960
2762,24.039748937,12.810142,12.001073,4,1,4,1,0,4.000,27,0,0,2964525056
2763,24.052228581,12.479644,12.782512,4,1,4,1,0,4.000,27,0,0,2964525056
2764,24.063805896,11.577315,12.458674,4,1,4,1,0,4.000,27,0,0,2964525056
2765,24.075134345,11.328449,11.590565,4,1,4,1,0,4.000,27,0,0,2964525056
2766,24.086683459,11.549114,11.335929,4,1,4,1,0,4.000,27,0,0,2964525056
2767,24.097561248,10.877789,11.573434,4,1,4,1,0,4.000,27,0,0,2964525056
2768,24.109272555,11.711307,10.837519,4,1,4,1,0,4.000,27,0,0,2964525056
2769,24.119084621,9.812066,11.702117,4,1,4,1,0,4.000,27,0,0,2964525056
2770,24.128510319,9.425698,9.849136,4,1,4,1,0,4.000,27,0,0,2964529152
2771,24.137531097,9.020778,9.391007,4,1,4,1,0,4.000,27,0,0,2964557824
2772,24.147258420,9.727323,9.075760,4,1,4,1,0,4.000,27,0,0,2964566016
2773,24.156638797,9.380377,9.718324,4,1,4,1,0,4.000,27,0,0,2964566016
2774,24.165975762,9.336965,9.380886,4,1,4,1,0,4.000,27,0,0,2964566016
2775,24.176676118,10.700356,9.235913,4,1,4,1,0,4.000,27,0,0,2964566016
2776,24.185303227,8.627109,10.674165,4,1,4,1,0,4.000,27,0,0,2964570112
2777,24.194485400,9.182173,8.725022,4,1,4,1,0,4.000,27,0,0,2964570112
2778,24.204512670,10.027270,9.145251,4,1,4,1,0,4.000,27,0,0,2964570112
2779,24.213505288,8.992618,10.029160,4,1,4,1,0,4.000,27,0,0,2964570112
2780,24.223265682,9.760394,9.178322,4,1,4,1,0,4.000,27,0,0,2964578304
2781,24.233914706,10.649024,9.700733,4,1,4,1,0,4.000,27,0,0,2964578304
2782,24.244669663,10.754957,10.691895,4,1,4,1,0,4.000,27,0,0,2964578304
2783,24.254865527,10.195864,10.682405,4,1,4,1,0,4.000,27,0,0,2964578304
2784,24.264462819,9.597292,10.213425,4,1,4,1,0,4.000,27,0,0,2964578304
2785,24.280783537,16.320718,9.611601,4,1,4,1,0,4.000,27,0,0,2964578304
2786,24.292887133,12.103596,16.288008,4,1,4,1,0,4.000,27,0,0,2964578304
2787,24.303755482,10.868349,12.091126,4,1,4,1,0,4.000,27,0,0,2964578304
2788,24.313806353,10.050871,10.977241,4,1,4,1,0,4.000,27,0,0,2964598784
2789,24.324184851,10.378498,10.034371,4,1,4,1,0,4.000,27,0,0,2964615168
2790,24.334706583,10.521732,10.329138,4,1,4,1,0,4.000,27,0,0,2964615168
2791,24.344985109,10.278526,10.480550,4,1,4,1,0,4.000,27,0,0,2964619264
2792,24.355070991,10.085882,10.385848,4,1,4,1,0,4.000,27,0,0,2964639744
2793,24.367046224,11.975233,10.101653,4,1,4,1,0,4.000,27,0,0,2964639744
2794,24.379505188,12.458964,11.972993,4,1,4,1,0,4.000,27,0,0,2964639744
2795,24.393682580,14.177392,12.355672,4,1,4,1,0,4.000,27,0,0,2964643840
2796,24.406863980,13.181400,14.192112,4,1,4,1,0,4.000,27,0,0,2964643840
2797,24.420864698,14.000718,13.226270,4,1,4,1,0,4.000,27,0,0,2964643840
2798,24.435769336,14.904638,13.975228,4,1,4,1,0,4.000,27,0,0,2964643840
2799,24.448315371,12.546035,14.984219,5,1,4,1,0,4.000,27,0,0,2964643840
2800,24.637824559,189.509188,12.433074,5,1,4,1,0,4.000,27,0,0,2973126656
2801,24.640882576,3.058017,189.376724,5,1,4,1,0,4.000,27,0,0,2973130752
2802,24.649468784,8.586208,3.022406,5,1,4,1,0,4.000,27,0,0,2973143040
2803,24.662462520,12.993736,8.603230,5,1,4,1,0,4.000,27,0,0,2973167616
2804,24.676264404,13.801884,13.001086,5,0,4,0,0,4.000,27,0,0,2973171712
2805,24.692628914,16.364510,13.802273,5,0,4,0,0,4.000,27,0,0,2973990912
2806,24.707570282,14.941368,16.365270,5,0,4,0,0,4.000,27,0,0,2973995008
2807,24.720913506,13.343224,14.945549,5,0,4,0,0,4.000,27,0,0,2973995008
2808,24.733894251,12.980745,13.345293,5,0,4,0,0,4.000,27,0,0,2973995008
2809,24.746961639,13.067388,12.971825,5,0,4,0,0,4.000,27,0,0,2973995008
2810,24.759980715,13.019076,13.092328,5,0,4,0,0,4.000,27,0,0,2973995008
2811,24.772214724,12.234009,13.019476,5,0,4,0,0,4.000,27,0,0,2973995008
2812,24.784451762,12.237038,12.197068,5,0,4,0,0,4.000,27,0,0,2974015488
2813,24.796570619,12.118857,12.444395,5,0,4,0,0,4.000,27,0,0,2974015488
2814,24.809259308,12.688689,12.053275,5,0,4,0,0,4.000,27,0,0,2974015488
2815,24.820913995,11.654687,12.712168,5,0,4,0,0,4.000,27,0,0,2974015488
2816,24.833239326,12.325331,11.687388,5,0,4,0,0,4.000,27,0,0,2974015488
2817,24.845265640,12.026314,12.254769,5,0,4,0,0,4.000,27,0,0,2974015488
2818,24.858774117,13.508477,12.059545,5,0,4,0,0,4.000,27,0,0,2974015488
2819,24.872467868,13.693751,13.467637,5,0,4,0,0,4.000,27,0,0,2974015488
2820,24.885703090,13.235222,13.773473,5,0,4,0,0,4.000,27,0,0,2974023680
2821,24.901344823,15.641733,13.273272,5,0,4,0,0,4.000,27,0,0,2974023680
2822,24.916343053,14.998230,15.642764,5,0,4,0,0,4.000,27,0,0,2974044160
2823,24.930340541,13.997488,15.515411,5,0,4,0,0,4.000,27,0,0,2974044160
2824,24.943402218,13.061677,13.994827,5,0,4,0,0,4.000,27,0,0,2974044160
2825,24.955767480,12.365262,13.022907,5,0,4,0,0,4.000,27,0,0,2974044160
2826,24.967737764,11.970284,12.575487,5,0,4,0,0,4.000,27,0,0,2974044160
2827,24.979974783,12.237019,11.667156,5,0,4,0,0,4.000,27,0,0,2974044160
2828,24.992738423,12.763640,11.836030,5,0,4,0,0,4.000,27,0,0,2974044160
2829,25.005731329,12.992906,12.682219,5,0,4,0,0,4.000,27,0,0,2974044160
2830,25.018609622,12.878293,13.063347,5,0,4,0,0,4.000,27,0,0,2974044160
2831,25.031415993,12.806371,13.194630,5,0,4,0,0,4.000,27,0,0,2974044160
2832,25.043879598,12.463605,12.433944,5,0,4,0,0,4.000,27,0,0,2974044160
2833,25.056529935,12.650337,12.508325,5,0,4,0,0,4.000,27,0,0,2974048256
2834,25.068777346,12.247411,12.599147,5,0,4,0,0,4.000,27,0,0,2974048256
2835,25.080942453,12.165107,12.240789,5,0,4,0,0,4.000,27,0,0,2974048256
2836,25.093996310,13.053857,12.143087,5,0,4,0,0,4.000,27,0,0,2974048256
2837,25.108020088,14.023778,13.063107,5,0,4,0,0,4.000,27,0,0,2974048256
2838,25.120047083,12.026995,14.129161,5,0,4,0,0,4.000,27,0,0,2974048256
2839,25.132215330,12.168247,11.963743,5,0,4,0,0,4.000,27,0,0,2974048256
2840,25.144722695,12.507365,12.169928,5,0,4,0,0,4.000,27,0,0,2974048256
2841,25.157187759,12.465064,12.495775,5,0,4,0,0,4.000,27,0,0,2974052352
2842,25.170097613,12.909854,12.498614,5,0,4,0,0,4.000,27,0,0,2974052352
2843,25.181450543,11.352930,12.925985,5,0,4,0,0,4.000,27,0,0,2974052352
2844,25.194360997,12.910454,11.253227,5,0,4,0,0,4.000,27,0,0,2974052352
2845,25.207586077,13.225080,12.959045,5,0,4,0,0,4.000,27,0,0,2974056448
2846,25.221629146,14.043069,13.181050,5,0,4,0,0,4.000,27,0,0,2974056448
2847,25.235392509,13.763363,14.055359,5,0,4,0,0,4.000,27,0,0,2974056448
2848,25.247712999,12.320490,13.748642,5,0,4,0,0,4.000,27,0,0,2974056448
2849,25.261654636,13.941637,12.349212,5,0,4,0,0,4.000,27,0,0,2974056448
2850,25.274586140,12.931504,13.938227,5,0,4,0,0,4.000,27,0,0,2974060544
2851,25.287936435,13.350295,12.907884,5,0,4,0,0,4.000,27,0,0,2974072832
2852,25.299550219,11.613784,13.431315,5,0,4,0,0,4.000,27,0,0,2974072832
2853,25.311192446,11.642227,11.516153,5,0,4,0,0,4.000,27,0,0,2974072832
2854,25.323039306,11.846860,11.682657,5,0,4,0,0,4.000,27,0,0,2974076928
2855,25.335072511,12.033205,11.888791,5,0,4,0,0,4.000,27,0,0,2974076928
2856,25.348923976,13.851465,12.013234,5,0,4,0,0,4.000,27,0,0,2974081024
2857,25.364668151,15.744175,13.845395,5,0,4,0,0,4.000,27,0,0,2974081024
2858,25.377115085,12.446934,15.712146,5,0,4,0,0,4.000,27,0,0,2974081024
2859,25.390421738,13.306653,12.462123,5,0,4,0,0,4.000,27,0,0,2974081024
2860,25.403238210,12.816472,13.283622,5,0,4,0,0,4.000,27,0,0,2974081024
2861,25.415999311,12.761101,12.812352,5,0,4,0,0,4.000,27,0,0,2974081024
2862,25.428572956,12.573645,12.847322,5,0,4,0,0,4.000,27,0,0,2974081024
2863,25.442766298,14.193342,12.475404,5,0,4,0,0,4.000,27,0,0,2974081024
2864,25.455486178,12.719880,14.224984,5,0,4,0,0,4.000,27,0,0,2974081024
2865,25.467768238,12.282060,12.808822,5,0,4,0,0,4.000,27,0,0,2974081024
2866,25.480010918,12.242680,12.210748,5,0,4,0,0,4.000,27,0,0,2974085120
2867,25.493901274,13.890356,12.234549,5,0,4,0,0,4.000,27,0,0,2974085120
2868,25.506126292,12.225018,13.881845,5,0,4,0,0,4.000,27,0,0,2974085120
2869,25.518529075,12.402783,12.243649,5,0,4,0,0,4.000,27,0,0,2974085120
2870,25.530777234,12.248159,12.356892,5,0,4,0,0,4.000,27,0,0,2974085120
2871,25.542834859,12.057625,12.251240,5,0,4,0,0,4.000,27,0,0,2974089216
2872,25.555713172,12.878313,12.050555,5,0,4,0,0,4.000,27,0,0,2974089216
2873,25.567824688,12.111516,12.904054,5,0,4,0,0,4.000,27,0,0,2974089216
2874,25.580436246,12.611558,12.112536,5,0,4,0,0,4.000,27,0,0,2974089216
2875,25.592983922,12.547676,12.610006,5,0,4,0,0,4.000,27,0,0,2974089216
2876,25.605849044,12.865122,12.551407,5,0,4,0,0,4.000,27,0,0,2974089216
2877,25.619125387,13.276343,12.835772,5,0,4,0,0,4.000,27,0,0,2974089216
2878,25.630968068,11.842681,13.351804,5,0,4,0,0,4.000,27,0,0,2974093312
2879,25.643178446,12.210378,11.872581,5,0,4,0,0,4.000,27,0,0,2974093312
2880,25.655722931,12.544485,12.134477,5,0,4,0,0,4.000,27,0,0,2974093312
2881,25.667591472,11.868541,12.615837,5,0,4,0,0,4.000,27,0,0,2974097408
2882,25.681011508,13.420036,11.860381,5,0,4,0,0,4.000,27,0,0,2974101504
2883,25.694329791,13.318283,13.369084,5,0,4,0,0,4.000,27,0,0,2974101504
2884,25.704750159,10.420368,13.291542,5,0,4,0,0,4.000,27,0,0,2974101504
2885,25.715360123,10.609964,10.415119,5,0,4,0,0,4.000,27,0,0,2974101504
2886,25.725824363,10.464240,10.600613,5,0,4,0,0,4.000,27,0,0,2974101504
2887,25.736110650,10.286287,10.483831,5,0,4,0,0,4.000,27,0,0,2974101504
2888,25.746172361,10.061711,10.284626,5,0,4,0,0,4.000,27,0,0,2974105600
2889,25.756424206,10.251845,10.036351,5,0,4,0,0,4.000,27,0,0,2974105600
2890,25.766513918,10.089712,10.257085,5,0,4,0,0,4.000,27,0,0,2974105600
2891,25.776349964,9.836046,10.088912,5,0,4,0,0,4.000,27,0,0,2974105600
2892,25.786270273,9.920309,9.854747,5,0,4,0,0,4.000,27,0,0,2974105600
2893,25.796723182,10.452909,9.904987,5,0,4,0,0,4.000,27,0,0,2974105600
2894,25.806576499,9.853317,10.457711,5,0,4,0,0,4.000,27,0,0,2974105600
2895,25.817356266,10.779767,9.856006,5,0,4,0,0,4.000,27,0,0,2974105600
2896,25.827336085,9.979819,10.779117,5,0,4,0,0,4.000,27,0,0,2974105600
2897,25.837624871,10.288786,9.967549,5,0,4,0,0,4.000,27,0,0,2974105600
2898,25.847656022,10.031151,10.288636,5,0,4,0,0,4.000,27,0,0,2974105600
2899,25.858225055,10.569033,10.052111,5,0,4,0,0,4.000,27,0,0,2974105600
2900,25.868436559,10.211504,10.590454,5,0,4,0,0,4.000,27,0,0,2974105600
2901,25.878982851,10.546292,10.172303,5,0,4,0,0,4.000,27,0,0,2974105600
2902,25.889863060,10.880209,10.570503,5,0,4,0,0,4.000,27,0,0,2974105600
2903,25.899441621,9.578561,10.887039,5,0,4,0,0,4.000,27,0,0,2974105600
2904,25.909197836,9.756215,9.552300,5,0,4,0,0,4.000,27,0,0,2974109696
2905,25.919035871,9.838035,9.743425,5,0,4,0,0,4.000,27,0,0,2974109696
2906,25.930050344,11.014473,9.915748,5,0,4,0,0,4.000,27,0,0,2974109696
2907,25.939791278,9.740934,11.051593,5,0,4,0,0,4.000,27,0,0,2974109696
2908,25.949527492,9.736214,9.738284,5,0,4,0,0,4.000,27,0,0,2974109696
2909,25.959266887,9.739395,9.641261,5,0,4,0,0,4.000,27,0,0,2974109696
2910,25.969919930,10.653043,9.738275,5,0,4,0,0,4.000,27,0,0,2974109696
2911,25.979957801,10.037871,10.716076,5,0,4,0,0,4.000,27,0,0,2974109696
2912,25.989219505,9.261704,10.031180,5,0,4,0,0,4.000,27,0,0,2974109696
2913,25.998807076,9.587571,9.227023,5,0,4,0,0,4.000,27,0,0,2974109696
2914,26.009453300,10.646224,9.598471,5,0,4,0,0,4.000,27,0,0,2974109696
2915,26.019101143,9.647843,10.621913,5,0,4,0,0,4.000,27,0,0,2974109696
2916,26.028911038,9.809895,9.731295,5,0,4,0,0,4.000,27,0,0,2974113792
2917,26.038817715,9.906677,9.706743,5,0,4,0,0,4.000,27,0,0,2974117888
2918,26.048075869,9.258154,9.875847,5,0,4,0,0,4.000,27,0,0,2974117888
2919,26.060249317,12.173448,9.255554,5,0,4,0,0,4.000,27,0,0,2974117888
2920,26.065439221,5.189904,12.252379,5,0,4,0,0,4.000,27,0,0,2974117888
2921,26.074162233,8.723012,5.144753,5,0,4,0,0,4.000,27,0,0,2974117888
2922,26.082754982,8.592749,8.715572,5,0,4,0,0,4.000,27,0,0,2974117888
2923,26.094929229,12.174247,8.598688,5,0,4,0,0,4.000,27,0,0,2974117888
2924,26.103688902,8.759673,12.212620,5,0,4,0,0,4.000,27,0,0,2974117888
2925,26.112581238,8.892336,8.757592,5,0,4,0,0,4.000,27,0,0,2974117888
2926,26.121174037,8.592799,9.019198,5,0,4,0,0,4.000,27,0,0,2974121984
2927,26.129169693,7.995656,8.437206,5,0,4,0,0,4.000,27,0,0,2974121984
2928,26.137639149,8.469456,7.980286,5,0,4,0,0,4.000,27,0,0,2974121984
2929,26.146770049,9.130900,8.517016,5,0,4,0,0,4.000,27,0,0,2974121984
2930,26.156287289,9.517240,9.146001,5,0,4,0,0,4.000,27,0,0,2974121984
2931,26.164887428,8.600139,9.513560,5,0,4,0,0,4.000,27,0,0,2974121984
2932,26.173039897,8.152469,8.580809,5,0,4,0,0,4.000,27,0,0,2974121984
2933,26.181335600,8.295703,8.159289,5,0,4,0,0,4.000,27,0,0,2974121984
2934,26.189657113,8.321513,8.280562,5,0,4,0,0,4.000,27,0,0,2974121984
2935,26.197812112,8.154999,8.283892,5,0,4,0,0,4.000,27,0,0,2974121984
2936,26.206768089,8.955977,8.150229,5,0,4,0,0,4.000,27,0,0,2974121984
2937,26.215133672,8.365583,8.970947,5,0,4,0,0,4.000,27,0,0,2974121984
2938,26.223296863,8.163191,8.489188,5,0,4,0,0,4.000,27,0,0,2974121984
2939,26.231524803,8.227940,8.100888,5,0,4,0,0,4.000,27,0,0,2974126080
2940,26.239660452,8.135649,8.233750,5,0,4,0,0,4.000,27,0,0,2974126080
2941,26.247765190,8.104738,8.165700,5,0,4,0,0,4.000,27,0,0,2974130176
2942,26.256514953,8.749763,8.155070,5,0,4,0,0,4.000,27,0,0,2974130176
2943,26.264673552,8.158599,8.681910,5,0,4,0,0,4.000,27,0,0,2974130176
2944,26.273318503,8.644951,8.165530,5,0,4,0,0,4.000,27,0,0,2974130176
2945,26.281485432,8.166929,8.686171,5,0,4,0,0,4.000,27,0,0,2974134272
2946,26.290274246,8.788814,8.083468,5,0,4,0,0,4.000,27,0,0,2974138368
2947,26.299221482,8.947236,8.783923,5,0,4,0,0,4.000,27,0,0,2974142464
2948,26.307873952,8.652470,8.976807,5,0,4,0,0,4.000,27,0,0,2974142464
2949,26.316802178,8.928226,8.699632,5,0,4,0,0,4.000,27,0,0,2974142464
2950,26.325402718,8.600540,8.850654,5,0,4,0,0,4.000,27,0,0,2974142464
2951,26.333734031,8.331313,8.624300,5,0,4,0,0,4.000,27,0,0,2974142464
2952,26.342678497,8.944466,8.306022,5,0,4,0,0,4.000,27,0,0,2974142464
2953,26.351422360,8.743863,9.007508,5,0,4,0,0,4.000,27,0,0,2974142464
2954,26.359728492,8.306132,8.749543,5,0,4,0,0,4.000,27,0,0,2974142464
2955,26.368947125,9.218633,8.298362,5,0,4,0,0,4.000,27,0,0,2974142464
2956,26.377704168,8.757043,9.252034,5,0,4,0,0,4.000,27,0,0,2974142464
2957,26.387104774,9.400606,8.749632,5,0,4,0,0,4.000,27,0,0,2974142464
2958,26.395979089,8.874315,9.411127,5,0,4,0,0,4.000,27,0,0,2974142464
2959,26.404690061,8.710972,8.873636,5,0,4,0,0,4.000,27,0,0,2974142464
2960,26.413202898,8.512837,8.674390,5,0,4,0,0,4.000,27,0,0,2974142464
2961,26.421708895,8.505997,8.520368,5,0,4,0,0,4.000,27,0,0,2974142464
2962,26.430681663,8.972768,8.506576,5,0,4,0,0,4.000,27,0,0,2974142464
2963,26.439131878,8.450215,8.992418,5,0,4,0,0,4.000,27,0,0,2974142464
2964,26.449674640,10.542762,8.459716,6,0,4,0,0,4.000,27,0,0,2974142464
2965,26.460585140,10.910500,10.543142,6,0,4,0,0,4.000,27,0,0,2974146560
2966,26.475476948,14.891808,10.884719,6,0,4,0,0,4.000,27,0,0,2974416896
2967,26.485972548,10.495600,14.919608,6,0,4,0,0,4.000,27,0,0,2974429184
2968,26.501974990,16.002442,10.521922,7,0,4,0,0,4.000,27,0,0,2974466048
2969,26.511449989,9.474999,16.019122,7,1,4,1,0,4.000,27,0,0,2974470144
2970,26.527359159,15.909170,9.412407,7,1,4,1,0,4.000,27,0,0,2974625792
2971,26.539078856,11.719697,15.926560,7,1,4,1,0,4.000,27,0,0,2975023104
2972,26.549487525,10.408669,11.661947,7,1,4,1,0,4.000,27,0,0,2975031296
2973,26.559724930,10.237405,10.389718,7,1,4,1,0,4.000,27,0,0,2975031296
2974,26.569202488,9.477558,10.236945,7,1,4,1,0,4.000,27,0,0,2975031296
2975,26.579193828,9.991340,9.462939,7,1,4,1,0,4.000,27,0,0,2975031296
2976,26.588997144,9.803316,9.975189,7,1,4,1,0,4.000,27,0,0,2975031296
2977,26.598843260,9.846116,9.838397,7,1,4,1,0,4.000,27,0,0,2975031296
2978,26.608518283,9.675023,9.843055,7,1,4,1,0,4.000,27,0,0,2975031296
2979,26.618602145,10.083862,9.648653,7,1,4,1,0,4.000,27,0,0,2975031296
2980,26.627862128,9.259983,10.084231,7,1,4,1,0,4.000,27,0,0,2975031296
2981,26.637389758,9.527630,9.309225,7,1,4,1,0,4.000,27,0,0,2975039488
2982,26.647101051,9.711293,9.480699,7,1,4,1,0,4.000,27,0,0,2975043584
2983,26.656974488,9.873437,9.747374,7,1,4,1,0,4.000,27,0,0,2975043584
2984,26.666782934,9.808446,9.877688,7,1,4,1,0,4.000,27,0,0,2975043584
2985,26.676492028,9.709094,9.770284,7,1,4,1,0,4.000,27,0,0,2975043584
2986,26.686321294,9.829266,9.702193,7,1,4,1,0,4.000,27,0,0,2975047680
2987,26.696300253,9.978959,9.857937,7,1,4,1,0,4.000,27,0,0,2975055872
2988,26.705398094,9.097841,9.955269,7,1,4,1,0,4.000,27,0,0,2975055872
2989,26.715083606,9.685512,9.095200,7,1,4,1,0,4.000,27,0,0,2975059968
2990,26.724378641,9.295035,9.713744,7,1,4,1,0,4.000,27,0,0,2975064064
2991,26.733930201,9.551560,9.267984,7,1,4,1,0,4.000,27,0,0,2975064064
2992,26.743650835,9.720634,9.535039,7,1,4,1,0,4.000,27,0,0,2975068160
2993,26.753369549,9.718714,9.730954,7,1,4,1,0,4.000,27,0,0,2975076352
2994,26.763219684,9.850135,9.700954,7,1,4,1,0,4.000,27,0,0,2975080448
2995,26.772909688,9.690004,9.850816,7,1,4,1,0,4.000,27,0,0,2975080448
2996,26.782424148,9.514460,9.723694,7,1,4,1,0,4.000,27,0,0,2975080448
2997,26.791917106,9.492958,9.475868,7,1,4,1,0,4.000,27,0,0,2975080448
2998,26.801915076,9.997970,9.514519,7,1,4,1,0,4.000,27,0,0,2975080448
2999,26.811768753,9.853677,10.008150,7,1,4,1,0,4.000,27,0,0,2975084544
3000,26.821441156,9.672403,9.844457,7,1,4,1,0,4.000,27,0,0,2975084544
3001,26.831221620,9.780464,9.657873,7,1,4,1,0,4.000,27,0,0,2975088640
3002,26.841513967,10.292347,9.794855,7,1,4,1,0,4.000,27,0,0,2975088640
3003,26.853232124,11.718157,10.292876,7,1,4,1,0,4.000,27,0,0,2975088640
3004,26.862645701,9.413577,11.830310,7,1,4,1,0,4.000,27,0,0,2975088640
3005,26.875467374,12.821673,9.235873,7,1,4,1,0,4.000,27,0,0,2975092736
3006,26.887398266,11.930892,12.840733,7,1,4,1,0,4.000,27,0,0,2975096832
3007,26.899470601,12.072335,11.943203,7,1,4,1,0,4.000,27,0,0,2975096832
3008,26.911595598,12.124997,12.079705,7,1,4,1,0,4.000,27,0,0,2975096832
3009,26.922724973,11.129375,12.194708,7,1,4,1,0,4.000,27,0,0,2975096832
3010,26.933899338,11.174365,11.032983,7,1,4,1,0,4.000,27,0,0,2975096832
3011,26.945961593,12.062255,11.203316,7,1,4,1,0,4.000,27,0,0,2975096832
3012,26.957747083,11.785490,12.093536,7,1,4,1,0,4.000,27,0,0,2975096832
3013,26.968957529,11.210446,11.737418,7,1,4,1,0,4.000,27,0,0,2975096832
3014,26.980566615,11.609086,11.277118,7,1,4,1,0,4.000,27,0,0,2975096832
3015,26.992450156,11.883541,11.619756,7,1,4,1,0,4.000,27,0,0,2975096832
3016,27.004494161,12.044005,11.882851,7,1,4,1,0,4.000,27,0,0,2975096832
3017,27.016302500,11.808339,12.044145,7,1,4,1,0,4.000,27,0,0,2975096832
3018,27.027789913,11.487413,11.827860,7,1,4,1,0,4.000,27,0,0,2975096832
3019,27.039845468,12.055555,11.512833,7,1,4,1,0,4.000,27,0,0,2975096832
3020,27.051751330,11.905862,12.047815,7,1,4,1,0,4.000,27,0,0,2975096832
3021,27.064215563,12.464233,11.881261,7,1,4,1,0,4.000,27,0,0,2975096832
3022,27.076392541,12.176978,12.437594,7,1,4,1,0,4.000,27,0,0,2975096832
3023,27.088858516,12.465975,12.184888,7,1,4,1,0,4.000,27,0,0,2975096832
3024,27.101197127,12.338611,12.496884,7,1,4,1,0,4.000,27,0,0,2975096832
3025,27.113741753,12.544626,12.308372,7,1,4,1,0,4.000,27,0,0,2975096832
3026,27.125950261,12.208508,12.561385,7,1,4,1,0,4.000,27,0,0,2975096832
3027,27.138700532,12.750271,12.221379,7,1,4,1,0,4.000,27,0,0,2975096832
3028,27.150623474,11.922942,12.718620,7,1,4,1,0,4.000,27,0,0,2975096832
3029,27.162238569,11.615095,11.927782,7,1,4,1,0,4.000,27,0,0,2975096832
3030,27.173970627,11.732058,11.611756,7,1,4,1,0,4.000,27,0,0,2975096832
3031,27.185353577,11.382950,11.764338,7,1,4,1,0,4.000,27,0,0,2975096832
3032,27.196784819,11.431242,11.346200,7,1,4,1,0,4.000,27,0,0,2975096832
3033,27.208365643,11.580824,11.493562,7,1,4,1,0,4.000,27,0,0,2975096832
3034,27.219481777,11.116134,11.546654,7,1,4,1,0,4.000,27,0,0,2975096832
3035,27.231004001,11.522224,11.100934,7,1,4,1,0,4.000,27,0,0,2975096832
3036,27.242895803,11.891802,11.546704,7,1,4,1,0,4.000,27,0,0,2975096832
3037,27.254284403,11.388600,11.889001,7,1,4,1,0,4.000,27,0,0,2975096832
3038,27.265577622,11.293219,11.350761,7,1,4,1,0,4.000,27,0,0,2975096832
3039,27.276859820,11.282198,11.293848,7,1,4,1,0,4.000,27,0,0,2975096832
3040,27.288604458,11.744638,11.321638,7,1,4,1,0,4.000,27,0,0,2975096832
3041,27.300847617,12.243159,11.710838,7,1,4,1,0,4.000,27,0,0,2975096832
3042,27.313280640,12.433023,12.277130,7,1,4,1,0,4.000,27,0,0,2975096832
3043,27.324912766,11.632126,12.412353,7,1,4,1,0,4.000,27,0,0,2975096832
3044,27.337118654,12.205888,11.668726,7,1,4,1,0,4.000,27,0,0,2975096832
3045,27.348823202,11.704548,12.178908,7,1,4,1,0,4.000,27,0,0,2975096832
3046,27.360465888,11.642686,11.704178,7,1,4,1,0,4.000,27,0,0,2975096832
3047,27.372672837,12.206949,11.598705,7,1,4,1,0,4.000,27,0,0,2975096832
3048,27.384486066,11.813229,12.206838,7,1,4,1,0,4.000,27,0,0,2975096832
3049,27.396960511,12.474445,11.812630,7,1,4,1,0,4.000,27,0,0,2975096832
3050,27.408983845,12.023334,12.541825,7,1,4,1,0,4.000,27,0,0,2975096832
3051,27.421874619,12.890774,12.019835,7,1,4,1,0,4.000,27,0,0,2975096832
3052,27.434064276,12.189657,12.884083,7,1,4,1,0,4.000,27,0,0,2975096832
3053,27.446280075,12.215799,12.180438,7,1,4,1,0,4.000,27,0,0,2975096832
3054,27.459225709,12.945634,12.191109,7,1,4,1,0,4.000,27,0,0,2975096832
3055,27.471629843,12.404134,12.988304,7,1,4,1,0,4.000,27,0,0,2975096832
3056,27.484030715,12.400872,12.383523,7,1,4,1,0,4.000,27,0,0,2975096832
3057,27.496219233,12.188518,12.408233,7,1,4,1,0,4.000,27,0,0,2975096832
3058,27.508243027,12.023794,12.159687,7,1,4,1,0,4.000,27,0,0,2975096832
3059,27.520248831,12.005804,12.024674,7,1,4,1,0,4.000,27,0,0,2975096832
3060,27.532181354,11.932523,12.008904,7,1,4,1,0,4.000,27,0,0,2975096832
3061,27.544417753,12.236399,11.928103,7,1,4,1,0,4.000,27,0,0,2975100928
3062,27.556660773,12.243020,12.237500,7,1,4,1,0,4.000,27,0,0,2975100928
3063,27.569235399,12.574626,12.464423,7,1,4,1,0,4.000,27,0,0,2975100928
3064,27.581032318,11.796919,12.396592,7,1,4,1,0,4.000,27,0,0,2975100928
3065,27.592899649,11.867331,11.821521,7,1,4,1,0,4.000,27,0,0,2975100928
3066,27.604878963,11.979314,11.871011,7,1,4,1,0,4.000,27,0,0,2975100928
3067,27.617323646,12.444683,11.952093,7,1,4,1,0,4.000,27,0,0,2975100928
3068,27.630256640,12.932994,12.432504,7,1,4,1,0,4.000,27,0,0,2975100928
3069,27.642925099,12.668459,12.928673,7,1,4,1,0,4.000,27,0,0,2975100928
3070,27.655243120,12.318021,12.705450,7,1,4,1,0,4.000,27,0,0,2975100928
3071,27.667655712,12.412592,12.286779,7,1,4,1,0,4.000,27,0,0,2975105024
3072,27.680545676,12.889964,12.374343,7,1,4,1,0,4.000,27,0,0,2975105024
3073,27.692916169,12.370493,12.919254,7,1,4,1,0,4.000,27,0,0,2975105024
3074,27.705331221,12.415052,12.422583,7,1,4,1,0,4.000,27,0,0,2975105024
3075,27.717757535,12.426314,12.359872,7,1,4,1,0,4.000,27,0,0,2975105024
3076,27.730134997,12.377462,12.493605,7,1,4,1,0,4.000,27,0,0,2975105024
3077,27.743059741,12.924744,12.456833,7,1,4,1,0,4.000,27,0,0,2975105024
3078,27.755128486,12.068745,12.952945,7,1,4,1,0,4.000,27,0,0,2975105024
3079,27.767395206,12.266720,11.928073,7,1,4,1,0,4.000,27,0,0,2975105024
3080,27.779573233,12.178027,12.216939,7,1,4,1,0,4.000,27,0,0,2975105024
3081,27.791349393,11.776160,12.193428,7,1,4,1,0,4.000,27,0,0,2975105024
3082,27.803367557,12.018164,11.767208,7,1,4,1,0,4.000,27,0,0,2975105024
3083,27.815607566,12.240009,12.103387,7,1,4,1,0,4.000,27,0,0,2975105024
3084,27.827378065,11.770499,12.178997,7,1,4,1,0,4.000,27,0,0,2975105024
3085,27.839095653,11.717588,11.721358,7,1,4,1,0,4.000,27,0,0,2975105024
3086,27.850926963,11.831310,11.736308,7,1,4,1,0,4.000,27,0,0,2975105024
3087,27.863236034,12.309071,11.848631,7,1,4,1,0,4.000,27,0,0,2975109120
3088,27.874995792,11.759758,12.337251,7,1,4,1,0,4.000,27,0,0,2975109120
3089,27.887167480,12.171688,11.749138,7,1,4,1,0,4.000,27,0,0,2975109120
3090,27.899397659,12.230179,12.136057,7,1,4,1,0,4.000,27,0,0,2975109120
3091,27.911740590,12.342931,12.224028,7,1,4,1,0,4.000,27,0,0,2975109120
3092,27.925334359,13.593769,12.552927,7,1,4,1,0,4.000,27,0,0,2975113216
3093,27.936771130,11.436771,13.450805,7,1,4,1,0,4.000,27,0,0,2975113216
3094,27.948751063,11.979933,11.336440,7,1,4,1,0,4.000,27,0,0,2975117312
3095,27.960641615,11.890552,11.969364,7,1,4,1,0,4.000,27,0,0,2975117312
3096,27.972293662,11.652047,11.898791,7,1,4,1,0,4.000,27,0,0,2975117312
3097,27.984944390,12.650728,11.680076,7,1,4,1,0,4.000,27,0,0,2975117312
3098,27.997455005,12.510615,12.639999,7,1,4,1,0,4.000,27,0,0,2975117312
3099,28.009371497,11.916492,12.485184,7,1,4,1,0,4.000,27,0,0,2975117312
3100,28.021645716,12.274219,11.931902,7,1,4,1,0,4.000,27,0,0,2975117312
3101,28.033639780,11.994064,12.383183,7,1,4,1,0,4.000,27,0,0,2975117312
3102,28.046508383,12.868603,11.895412,7,1,4,1,0,4.000,27,0,0,2975117312
3103,28.059799265,13.290882,12.922864,7,1,4,1,0,4.000,27,0,0,2975117312
3104,28.071284278,11.485013,13.369114,7,1,4,1,0,4.000,27,0,0,2975117312
3105,28.083666820,12.382542,11.647766,7,1,4,1,0,4.000,27,0,0,2975117312
3106,28.096001892,12.335072,12.345991,7,1,4,1,0,4.000,27,0,0,2975117312
3107,28.107968935,11.967043,12.099686,7,1,4,1,0,4.000,27,0,0,2975117312
3108,28.122099916,14.130981,12.192528,7,1,4,1,0,4.000,27,0,0,2975121408
3109,28.133669830,11.569914,14.033369,7,1,4,1,0,4.000,27,0,0,2975121408
3110,28.146567854,12.898024,11.660676,7,1,4,1,0,4.000,27,0,0,2975121408
3111,28.158926606,12.358752,12.841163,7,1,4,1,0,4.000,27,0,0,2975121408
3112,28.171004821,12.078215,12.337871,7,1,4,1,0,4.000,27,0,0,2975121408
3113,28.184211832,13.207011,11.933772,7,1,4,1,0,4.000,27,0,0,2975121408
3114,28.196867110,12.655278,13.197480,7,1,4,1,0,4.000,27,0,0,2975121408
3115,28.209718132,12.851022,12.875944,7,1,4,1,0,4.000,27,0,0,2975121408
3116,28.222719488,13.001356,12.612967,7,1,4,1,0,4.000,27,0,0,2975121408
3117,28.236068802,13.349314,13.294433,7,1,4,1,0,4.000,27,0,0,2975129600
3118,28.248876553,12.807751,13.099937,7,1,4,1,0,4.000,27,0,0,2975129600
3119,28.260760764,11.884211,13.082358,7,1,4,1,0,4.000,27,0,0,2975129600
3120,28.273470244,12.709480,12.031125,7,1,4,1,0,4.000,27,0,0,2975129600
3121,28.284440045,10.969801,12.246379,7,1,4,1,0,4.000,27,0,0,2975129600
3122,28.297357480,12.917435,11.046153,7,1,4,1,0,4.000,27,0,0,2975133696
3123,28.310533909,13.176429,12.997745,7,1,4,1,0,4.000,27,0,0,2975133696
3124,28.321869408,11.335499,13.050887,7,1,4,1,0,4.000,27,0,0,2975133696
3125,28.333774450,11.905042,11.345450,7,1,4,1,0,4.000,27,0,0,2975133696
3126,28.344626379,10.851929,11.870611,7,1,4,1,0,4.000,27,0,0,2975133696
3127,28.356731025,12.104646,10.962212,7,1,4,1,0,4.000,27,0,0,2975133696
3128,28.365718972,8.987947,11.979803,7,1,4,1,0,4.000,27,0,0,2975133696
3129,28.375916527,10.197555,9.182562,7,1,4,1,0,4.000,27,0,0,2975133696
3130,28.386291605,10.375078,10.058811,7,1,4,1,0,4.000,27,0,0,2975133696
3131,28.396352116,10.060511,10.330627,7,1,4,1,0,4.000,27,0,0,2975133696
3132,28.407204205,10.852089,10.056211,7,1,4,1,0,4.000,27,0,0,2975133696
3133,28.417288367,10.084162,10.850509,7,1,4,1,0,4.000,27,0,0,2975133696
3134,28.427302677,10.014310,10.092201,7,1,4,1,0,4.000,27,0,0,2975133696
3135,28.437367278,10.064601,9.993320,7,1,4,1,0,4.000,27,0,0,2975133696
3136,28.447055422,9.688144,10.077652,7,1,4,1,0,4.000,27,0,0,2975133696
3137,28.456636972,9.581550,9.691083,7,1,4,1,0,4.000,27,0,0,2975133696
3138,28.466329905,9.692933,9.566710,7,1,4,1,0,4.000,27,0,0,2975133696
3139,28.476131361,9.801456,9.842427,7,1,4,1,0,4.000,27,0,0,2975133696
3140,28.486031409,9.900048,9.801815,7,1,4,1,0,4.000,27,0,0,2975133696
3141,28.495879334,9.847925,9.868407,7,1,4,1,0,4.000,27,0,0,2975133696
3142,28.506278124,10.398790,9.800566,7,1,4,1,0,4.000,27,0,0,2975133696
3143,28.517434459,11.156335,10.394368,7,1,4,1,0,4.000,27,0,0,2975133696
3144,28.527698254,10.263795,11.126505,7,1,4,1,0,4.000,27,0,0,2975133696
3145,28.539055915,11.357661,10.454850,7,1,4,1,0,4.000,27,0,0,2975133696
3146,28.548496612,9.440697,11.206586,7,1,4,1,0,4.000,27,0,0,2975133696
3147,28.557996210,9.499598,9.423217,7,1,4,1,0,4.000,27,0,0,2975133696
3148,28.567584771,9.588561,9.484889,7,1,4,1,0,4.000,27,0,0,2975133696
3149,28.576875126,9.290355,9.553610,7,1,4,1,0,4.000,27,0,0,2975133696
3150,28.586129100,9.253974,9.318545,7,1,4,1,0,4.000,27,0,0,2975137792
3151,28.596370455,10.241355,9.298005,7,1,4,1,0,4.000,27,0,0,2975137792
3152,28.606294573,9.924118,10.161023,7,1,4,1,0,4.000,27,0,0,2975137792
3153,28.616625040,10.330467,9.920738,7,1,4,1,0,4.000,27,0,0,2975137792
3154,28.626345514,9.720474,10.329037,7,1,4,1,0,4.000,27,0,0,2975141888
3155,28.636208711,9.863197,9.718414,7,1,4,1,0,4.000,27,0,0,2975141888
3156,28.645646458,9.437747,9.880987,7,1,4,1,0,4.000,27,0,0,2975141888
3157,28.655933184,10.286726,9.432667,7,1,4,1,0,4.000,27,0,0,2975141888
3158,28.665855302,9.922118,10.332668,7,1,4,1,0,4.000,27,0,0,2975141888
3159,28.675296880,9.441578,9.904168,7,1,4,1,0,4.000,27,0,0,2975141888
3160,28.684983103,9.686223,9.409237,7,1,4,1,0,4.000,27,0,0,2975141888
3161,28.694660376,9.677273,9.712643,7,1,4,1,0,4.000,27,0,0,2975145984
3162,28.704597534,9.937158,9.639792,7,1,4,1,0,4.000,27,0,0,2975145984
3163,28.714874670,10.277136,9.793595,7,1,4,1,0,4.000,27,0,0,2975145984
3164,28.725334981,10.460311,10.275546,7,1,4,1,0,4.000,27,0,0,2975145984
3165,28.734846659,9.511678,10.759057,7,1,4,1,0,4.000,27,0,0,2975145984
3166,28.746926715,12.080056,9.555010,7,1,4,1,0,4.000,27,0,0,2975145984
3167,28.758750145,11.823430,12.033515,7,1,4,1,0,4.000,27,0,0,2975145984
3168,28.770465993,11.715848,11.764209,7,1,4,1,0,4.000,27,0,0,2975145984
3169,28.782266613,11.800620,11.669826,7,1,4,1,0,4.000,27,0,0,2975145984
3170,28.793533050,11.266437,11.855821,7,1,4,1,0,4.000,27,0,0,2975145984
3171,28.804565903,11.032853,11.190526,7,1,4,1,0,4.000,27,0,0,2975145984
3172,28.815799669,11.233766,11.093183,7,1,4,1,0,4.000,27,0,0,2975145984
3173,28.827262802,11.463133,11.311130,7,1,4,1,0,4.000,27,0,0,2975145984
3174,28.838038388,10.775586,11.324749,7,1,4,1,0,4.000,27,0,0,2975145984
3175,28.849666004,11.627616,10.804427,7,1,4,1,0,4.000,27,0,0,2975145984
3176,28.906884092,57.218088,11.605045,7,1,4,1,0,4.000,27,0,0,2975145984
3177,28.914810647,7.926555,57.114556,7,1,4,1,0,4.000,27,0,0,2975145984
3178,28.922504936,7.694289,7.892903,7,1,4,1,0,4.000,27,0,0,2975145984
3179,28.929773176,7.268240,7.689180,7,1,4,1,0,4.000,27,0,0,2975145984
3180,28.938367615,8.594439,7.261079,7,1,4,1,0,4.000,27,0,0,2975145984
3181,28.946228428,7.860813,8.595380,7,1,4,1,0,4.000,27,0,0,2975145984
3182,28.954578231,8.349803,7.858573,7,1,4,1,0,4.000,27,0,0,2975145984
3183,28.961975704,7.397473,8.369403,7,1,4,1,0,4.000,27,0,0,2975145984
3184,28.969363037,7.387333,7.423494,7,1,4,1,0,4.000,27,0,0,2975145984
3185,28.976982984,7.619947,7.357301,7,1,4,1,0,4.000,27,0,0,2975145984
3186,28.984183853,7.200869,7.637719,7,1,4,1,0,4.000,27,0,0,2975145984
3187,28.992068295,7.884442,7.177187,7,1,4,1,0,4.000,27,0,0,2975145984
3188,28.999761335,7.693040,7.934525,7,1,4,1,0,4.000,27,0,0,2975145984
3189,29.007651308,7.889973,7.654178,7,1,4,1,0,4.000,27,0,0,2975145984
3190,29.015239326,7.588018,7.881513,7,1,4,1,0,4.000,27,0,0,2975145984
3191,29.022767911,7.528585,7.650939,7,1,4,1,0,4.000,27,0,0,2975145984
3192,29.030509431,7.741520,7.486904,7,1,4,1,0,4.000,27,0,0,2975145984
3193,29.038473356,7.963925,7.726750,7,1,4,1,0,4.000,27,0,0,2975145984
3194,29.045962160,7.488804,7.952005,7,1,4,1,0,4.000,27,0,0,2975145984
3195,29.053541378,7.579218,7.467824,7,1,4,1,0,4.000,27,0,0,2975145984
3196,29.061289448,7.748070,7.603087,7,1,4,1,0,4.000,27,0,0,2975145984
3197,29.071690156,10.400708,7.749791,7,1,4,1,0,4.000,27,0,0,2975145984
3198,29.080961850,9.271694,10.386358,7,1,4,1,0,4.000,27,0,0,2975145984
3199,29.090474060,9.512210,9.320024,7,1,4,1,0,4.000,27,0,0,2975145984
3200,29.099541579,9.067519,9.488610,7,1,4,1,0,4.000,27,0,0,2975145984
3201,29.108458485,8.916906,9.073819,7,1,4,1,0,4.000,27,0,0,2975145984
3202,29.117227278,8.768793,8.906276,7,1,4,1,0,4.000,27,0,0,2975145984
3203,29.126152104,8.924826,8.779663,7,1,4,1,0,4.000,27,0,0,2975145984
3204,29.135781186,9.629082,8.920496,7,1,4,1,0,4.000,27,0,0,2975145984
3205,29.144653981,8.872795,9.659792,7,1,4,1,0,4.000,27,0,0,2975145984
3206,29.153765941,9.111960,8.849275,7,1,4,1,0,4.000,27,0,0,2975145984
3207,29.164193960,10.428019,9.106050,7,1,4,1,0,4.000,27,0,0,2975145984
3208,29.173623798,9.429838,10.428720,7,1,4,1,0,4.000,27,0,0,2975145984
3209,29.182866951,9.243153,9.412057,7,1,4,1,0,4.000,27,0,0,2975145984
3210,29.192604885,9.737934,9.312104,7,1,4,1,0,4.000,27,0,0,2975145984
3211,29.201896929,9.292044,9.659773,7,1,4,1,0,4.000,27,0,0,2975145984
3212,29.211163123,9.266194,9.286834,7,1,4,1,0,4.000,27,0,0,2975145984
3213,29.220493809,9.330686,9.272544,7,1,4,1,0,4.000,27,0,0,2975145984
3214,29.228466024,7.972215,9.351676,7,1,4,1,0,4.000,27,0,0,2975145984
3215,29.236638424,8.172400,7.944714,7,1,4,1,0,4.000,27,0,0,2975145984
3216,29.245314565,8.676141,8.188320,7,1,4,1,0,4.000,27,0,0,2975145984
3217,29.253656578,8.342013,8.681572,7,1,4,1,0,4.000,27,0,0,2975145984
3218,29.261596543,7.939965,8.315652,7,1,4,1,0,4.000,27,0,0,2975145984
3219,29.269187699,7.591156,7.951615,7,1,4,1,0,4.000,27,0,0,2975145984
3220,29.277074062,7.886363,7.584117,7,1,4,1,0,4.000,27,0,0,2975145984
3221,29.284882214,7.808152,7.905913,7,1,4,1,0,4.000,27,0,0,2975145984
3222,29.292855700,7.973486,7.790062,7,1,4,1,0,4.000,27,0,0,2975145984
3223,29.301529471,8.673771,7.972745,7,1,4,1,0,4.000,27,0,0,2975145984
3224,29.309448515,7.919044,8.708022,7,1,4,1,0,4.000,27,0,0,2975145984
3225,29.317484432,8.035917,7.892423,7,1,4,1,0,4.000,27,0,0,2975145984
3226,29.325542389,8.057957,8.045447,7,1,4,1,0,4.000,27,0,0,2975145984
3227,29.333567095,8.024706,8.037377,7,1,4,1,0,4.000,27,0,0,2975150080
3228,29.341851757,8.284662,8.043777,7,1,4,1,0,4.000,27,0,0,2975150080
3229,29.349865183,8.013426,8.271421,7,1,4,1,0,4.000,27,0,0,2975150080
3230,29.357765607,7.900424,8.009846,7,1,4,1,0,4.000,27,0,0,2975150080
3231,29.365612210,7.846603,7.916185,7,1,4,1,0,4.000,27,0,0,2975150080
3232,29.374214938,8.602728,7.830872,7,1,4,1,0,4.000,27,0,0,2975150080
3233,29.382127692,7.912754,8.606890,7,1,4,1,0,4.000,27,0,0,2975150080
3234,29.390994778,8.867086,7.914153,7,1,4,1,0,4.000,27,0,0,2975150080
3235,29.399424013,8.429235,8.892396,7,1,4,1,0,4.000,27,0,0,2975150080
3236,29.407536952,8.112939,8.418515,7,1,4,1,0,4.000,27,0,0,2975150080
3237,29.415847464,8.310512,8.085648,7,1,4,1,0,4.000,27,0,0,2975150080
3238,29.424049124,8.201660,8.337633,7,1,4,1,0,4.000,27,0,0,2975150080
3239,29.432415819,8.366695,8.231821,7,1,4,1,0,4.000,27,0,0,2975150080
3240,29.440988127,8.572308,8.315193,7,1,4,1,0,4.000,27,0,0,2975150080
3241,29.450350383,9.362256,8.586088,7,1,4,1,0,4.000,27,0,0,2975150080
3242,29.459702009,9.351626,9.352517,7,1,4,1,0,4.000,27,0,0,2975150080
3243,29.468252596,8.550587,9.357535,7,1,4,1,0,4.000,27,0,0,2975150080
3244,29.476662322,8.409726,8.536108,7,1,4,1,0,4.000,27,0,0,2975150080
3245,29.485256100,8.593778,8.407685,7,1,4,1,0,4.000,27,0,0,2975150080
3246,29.493513022,8.256922,8.597379,7,1,4,1,0,4.000,27,0,0,2975150080
3247,29.502458969,8.945947,8.256171,7,1,4,1,0,4.000,27,0,0,2975150080
3248,29.511166620,8.707651,8.964798,7,1,4,1,0,4.000,27,0,0,2975166464
3249,29.520290940,9.124320,8.826184,7,1,4,1,0,4.000,27,0,0,2975182848
3250,29.528689596,8.398656,9.119930,7,1,4,1,0,4.000,27,0,0,2975195136
3251,29.537267374,8.577778,8.400265,7,1,4,1,0,4.000,27,0,0,2975207424
3252,29.545820462,8.553088,8.772923,7,1,4,1,0,4.000,27,0,0,2975219712
3253,29.554789689,8.969227,8.371393,7,1,4,1,0,4.000,27,0,0,2975219712
3254,29.563672495,8.882806,8.951527,7,1,4,1,0,4.000,27,0,0,2975219712
3255,29.573448590,9.776095,8.914527,7,1,4,1,0,4.000,27,0,0,2975219712
3256,29.583726626,10.278036,9.665172,7,1,4,1,0,4.000,27,0,0,2975219712
3257,29.593730966,10.004340,10.304047,7,1,4,1,0,4.000,27,0,0,2975219712
3258,29.603467360,9.736394,9.977949,7,1,4,1,0,4.000,27,0,0,2975219712
3259,29.613185843,9.718483,9.728164,7,1,4,1,0,4.000,27,0,0,2975219712
3260,29.622707783,9.521940,9.724694,7,1,4,1,0,4.000,27,0,0,2975219712
3261,29.631966246,9.258463,9.525169,7,1,4,1,0,4.000,27,0,0,2975219712
3262,29.641988347,10.022101,9.334405,7,1,4,1,0,4.000,27,0,0,2975219712
3263,29.650976354,8.988007,9.948299,7,1,4,1,0,4.000,27,0,0,2975219712
3264,29.660331940,9.355586,8.983448,7,1,4,1,0,4.000,27,0,0,2975219712
3265,29.668818347,8.486407,9.415517,7,1,4,1,0,4.000,27,0,0,2975219712
3266,29.677544049,8.725702,8.415695,7,1,4,1,0,4.000,27,0,0,2975219712
3267,29.686657739,9.113690,8.722412,7,1,4,1,0,4.000,27,0,0,2975219712
3268,29.695558935,8.901196,9.071849,7,1,4,1,0,4.000,27,0,0,2975219712
3269,29.705176146,9.617211,8.988168,7,1,4,1,0,4.000,27,0,0,2975219712
3270,29.714069412,8.893266,9.772305,7,1,4,1,0,4.000,27,0,0,2975219712
3271,29.723290114,9.220702,8.861715,7,1,4,1,0,4.000,27,0,0,2975219712
3272,29.732513818,9.223704,9.057299,7,1,4,1,0,4.000,27,0,0,2975219712
3273,29.741522796,9.008978,9.221693,7,1,4,1,0,4.000,27,0,0,2975219712
3274,29.750439562,8.916766,9.057879,7,1,4,1,0,4.000,27,0,0,2975219712
3275,29.758880837,8.441275,8.879385,7,1,4,1,0,4.000,27,0,0,2975219712
3276,29.767636820,8.755983,8.712151,7,1,4,1,0,4.000,27,0,0,2975219712
3277,29.775650016,8.013196,8.586619,7,1,4,1,0,4.000,27,0,0,2975219712
3278,29.784079141,8.429125,7.993676,7,1,4,1,0,4.000,27,0,0,2975219712
3279,29.792534058,8.454917,8.563429,7,1,4,1,0,4.000,27,0,0,2975219712
3280,29.801545716,9.011658,8.434695,7,1,4,1,0,4.000,27,0,0,2975219712
3281,29.809410818,7.865102,8.816084,7,1,4,1,0,4.000,27,0,0,2975219712
3282,29.818363265,8.952447,7.848403,7,1,4,1,0,4.000,27,0,0,2975219712
3283,29.827084427,8.721162,9.307024,7,1,4,1,0,4.000,27,0,0,2975219712
3284,29.835426860,8.342433,8.472136,7,1,4,1,0,4.000,27,0,0,2975219712
3285,29.843848406,8.421546,8.330974,7,1,4,1,0,4.000,27,0,0,2975219712
3286,29.852296331,8.447925,8.409814,7,1,4,1,0,4.000,27,0,0,2975219712
3287,29.864127221,11.830890,8.543719,7,1,4,1,0,4.000,27,0,0,2975219712
3288,29.875447630,11.320409,11.694956,7,1,4,1,0,4.000,27,0,0,2975219712
3289,29.886538735,11.091105,11.664207,7,1,4,1,0,4.000,27,0,0,2975219712
3290,29.898011327,11.472592,10.767937,7,1,4,1,0,4.000,27,0,0,2975219712
3291,29.909435057,11.423730,11.939243,7,1,4,1,0,4.000,27,0,0,2975219712
3292,29.921495313,12.060256,10.985441,7,1,4,1,0,4.000,27,0,0,2975219712
3293,29.932998116,11.502803,12.413503,7,1,4,1,0,4.000,27,0,0,2975219712
3294,29.944985450,11.987334,11.336199,7,1,4,1,0,4.000,27,0,0,2975219712
3295,29.956696977,11.711527,12.042915,7,1,4,1,0,4.000,27,0,0,2975219712
3296,29.968445875,11.748898,11.679177,7,1,4,1,0,4.000,27,0,0,2975219712
3297,29.980199744,11.753869,11.539484,7,1,4,1,0,4.000,27,0,0,2975219712
3298,29.991564984,11.365240,12.155707,7,1,4,1,0,4.000,27,0,0,2975219712
3299,30.002605667,11.040683,11.092524,7,1,4,1,0,4.000,27,0,0,2975219712
3300,30.013857954,11.252287,11.265977,7,1,4,1,0,4.000,27,0,0,2975219712
3301,30.025422278,11.564324,11.193516,7,1,4,1,0,4.000,27,0,0,2975219712
3302,30.036456340,11.034062,11.635646,7,1,4,1,0,4.000,27,0,0,2975219712
3303,30.046966212,10.509872,10.906190,7,1,4,1,0,4.000,27,0,0,2975219712
3304,30.057837561,10.871349,10.536531,7,1,4,1,0,4.000,27,0,0,2975219712
3305,30.068517095,10.679534,10.939651,7,1,4,1,0,4.000,27,0,0,2975219712
3306,30.079129849,10.612754,10.582173,7,1,4,1,0,4.000,27,0,0,2975219712
3307,30.089624110,10.494261,10.690126,7,1,4,1,0,4.000,27,0,0,2975219712
3308,30.100053829,10.429719,10.488950,7,1,4,1,0,4.000,27,0,0,2975219712
3309,30.109899126,9.845297,10.421239,7,1,4,1,0,4.000,27,0,0,2975219712
3310,30.120400946,10.501820,9.813425,7,1,4,1,0,4.000,27,0,0,2975219712
3311,30.132403180,12.002234,10.189165,7,1,4,1,0,4.000,27,0,0,2975219712
3312,30.143543395,11.140215,12.241989,7,1,4,1,0,4.000,27,0,0,2975219712
3313,30.155158831,11.615436,10.966781,7,1,4,1,0,4.000,27,0,0,2975219712
3314,30.167396190,12.237359,11.549454,7,1,4,1,0,4.000,27,0,0,2975219712
3315,30.179947326,12.551136,12.225669,7,1,4,1,0,4.000,27,0,0,2975219712
3316,30.192642486,12.695160,12.576066,7,1,4,1,0,4.000,27,0,0,2975219712
3317,30.204394923,11.752437,12.660469,7,1,4,1,0,4.000,27,0,0,2975219712
3318,30.216098941,11.704018,11.760389,7,1,4,1,0,4.000,27,0,0,2975219712
3319,30.227461170,11.362229,11.708657,7,1,4,1,0,4.000,27,0,0,2975219712
3320,30.239788292,12.327122,11.343030,7,1,4,1,0,4.000,27,0,0,2975219712
3321,30.251036879,11.248587,12.343461,7,1,4,1,0,4.000,27,0,0,2975219712
3322,30.262778538,11.741659,11.252367,7,1,4,1,0,4.000,27,0,0,2975219712
3323,30.275019927,12.241389,11.726628,7,1,4,1,0,4.000,27,0,0,2975219712
3324,30.287075202,12.055275,12.289360,7,1,4,1,0,4.000,27,0,0,2975219712
3325,30.299129307,12.054105,12.026955,7,1,4,1,0,4.000,27,0,0,2975223808
3326,30.311415117,12.285810,12.049665,7,1,4,1,0,4.000,27,0,0,2975223808
3327,30.322926410,11.511293,12.277139,7,1,4,1,0,4.000,27,0,0,2975223808
3328,30.334690919,11.764509,11.502814,7,1,4,1,0,4.000,27,0,0,2975223808
3329,30.345994067,11.303148,11.891941,7,1,4,1,0,4.000,27,0,0,2975223808
3330,30.357968271,11.974204,11.336319,7,1,4,1,0,4.000,27,0,0,2975223808
3331,30.369664458,11.696187,11.942503,7,1,4,1,0,4.000,27,0,0,2975223808
3332,30.381779185,12.114727,11.743038,7,1,4,1,0,4.000,27,0,0,2975223808
3333,30.393390019,11.610834,12.041095,7,1,4,1,0,4.000,27,0,0,2975223808
3334,30.405994377,12.604358,11.637886,7,1,4,1,0,4.000,27,0,0,2975223808
3335,30.417858218,11.863841,12.692289,7,1,4,1,0,4.000,27,0,0,2975223808
3336,30.429986634,12.128416,11.852271,7,1,4,1,0,4.000,27,0,0,2975223808
3337,30.441580389,11.593755,12.106436,7,1,4,1,0,4.000,27,0,0,2975223808
3338,30.453669664,12.089275,11.539034,7,1,4,1,0,4.000,27,0,0,2975223808
3339,30.465384252,11.714588,12.064495,7,1,4,1,0,4.000,27,0,0,2975223808
3340,30.477835827,12.451575,11.718738,7,1,4,1,0,4.000,27,0,0,2975223808
3341,30.489788340,11.952513,12.476744,7,1,4,1,0,4.000,27,0,0,2975223808
3342,30.501486356,11.698016,11.932242,7,1,4,1,0,4.000,27,0,0,2975223808
3343,30.513761327,12.274971,11.735109,7,1,4,1,0,4.000,27,0,0,2975223808
3344,30.525921174,12.159847,12.258599,7,1,4,1,0,4.000,27,0,0,2975223808
3345,30.538382518,12.461344,12.236409,7,1,4,1,0,4.000,27,0,0,2975223808
3346,30.550555935,12.173417,12.337921,7,1,4,1,0,4.000,27,0,0,2975223808
3347,30.563163163,12.607228,12.226489,7,1,4,1,0,4.000,27,0,0,2975223808
3348,30.574952732,11.789569,12.552376,7,1,4,1,0,4.000,27,0,0,2975223808
3349,30.587363845,12.411113,11.822490,7,1,4,1,0,4.000,27,0,0,2975223808
3350,30.599095073,11.731228,12.369162,7,1,4,1,0,4.000,27,0,0,2975223808
3351,30.611500905,12.405832,11.761068,7,1,4,1,0,4.000,27,0,0,2975223808
3352,30.623686433,12.185528,12.379283,7,1,4,1,0,4.000,27,0,0,2975223808
3353,30.635642646,11.956213,12.199058,7,1,4,1,0,4.000,27,0,0,2975223808
3354,30.648201103,12.558457,11.955253,7,1,4,1,0,4.000,27,0,0,2975223808
3355,30.660462842,12.261739,12.554056,7,1,4,1,0,4.000,27,0,0,2975223808
3356,30.672265902,11.803060,12.251109,7,1,4,1,0,4.000,27,0,0,2975223808
3357,30.684983572,12.717670,11.804890,7,1,4,1,0,4.000,27,0,0,2975223808
3358,30.696224589,11.241017,12.753540,7,1,4,1,0,4.000,27,0,0,2975223808
3359,30.708712253,12.487664,11.198426,7,1,4,1,0,4.000,27,0,0,2975223808
3360,30.721293780,12.581527,12.532056,7,1,4,1,0,4.000,27,0,0,2975223808
3361,30.733201822,11.908042,12.495185,7,1,4,1,0,4.000,27,0,0,2975223808
3362,30.745118534,11.916712,12.030044,7,1,4,1,0,4.000,27,0,0,2975223808
3363,30.756822611,11.704077,11.897302,7,1,4,1,0,4.000,27,0,0,2975223808
3364,30.768723072,11.900461,11.649666,7,1,4,1,0,4.000,27,0,0,2975223808
3365,30.781398201,12.675129,11.966484,7,1,4,1,0,4.000,27,0,0,2975223808
3366,30.793194051,11.795850,12.648247,7,1,4,1,0,4.000,27,0,0,2975223808
3367,30.806093115,12.899064,11.793220,7,1,4,1,0,4.000,27,0,0,2975223808
3368,30.822990806,16.897691,12.936434,7,1,4,1,0,4.000,27,0,0,2975223808
3369,30.834970120,11.979314,16.911672,7,1,4,1,0,4.000,27,0,0,2975223808
3370,30.847944315,12.974195,11.955313,7,1,4,1,0,4.000,27,0,0,2975223808
3371,30.860964501,13.020186,12.988356,7,1,4,1,0,4.000,27,0,0,2975223808
3372,30.874411837,13.447336,12.974245,7,1,4,1,0,4.000,27,0,0,2975223808
3373,30.887734089,13.322252,13.424415,7,1,4,1,0,4.000,27,0,0,2975223808
3374,30.900167843,12.433754,13.351764,7,1,4,1,0,4.000,27,0,0,2975227904
3375,30.913776132,13.608289,12.412223,7,1,4,1,0,4.000,27,0,0,2975227904
3376,30.926874241,13.098109,13.614759,7,1,4,1,0,4.000,27,0,0,2975227904
3377,30.939418876,12.544635,13.140429,7,1,4,1,0,4.000,27,0,0,2975227904
3378,30.952279099,12.860223,12.588766,7,1,4,1,0,4.000,27,0,0,2975227904
3379,30.966347048,14.067949,12.782162,7,1,4,1,0,4.000,27,0,0,2975227904
3380,30.978895745,12.548697,14.069949,7,1,4,1,0,4.000,27,0,0,2975227904
3381,30.991445630,12.549885,12.583577,7,1,4,1,0,4.000,27,0,0,2975227904
3382,31.003523696,12.078066,12.502055,7,1,4,1,0,4.000,27,0,0,2975227904
3383,31.016475730,12.952034,12.086065,7,1,4,1,0,4.000,27,0,0,2975227904
3384,31.030265684,13.789954,12.949195,7,1,4,1,0,4.000,27,0,0,2975227904
3385,31.044066708,13.801024,13.781573,7,1,4,1,0,4.000,27,0,0,2975227904
3386,31.057405441,13.338733,13.868075,7,1,4,1,0,4.000,27,0,0,2975227904
3387,31.070707553,13.302112,13.264072,7,1,4,1,0,4.000,27,0,0,2975227904
3388,31.083938044,13.230491,13.300413,7,1,4,1,0,4.000,27,0,0,2975227904
3389,31.096603622,12.665578,13.339413,7,1,4,1,0,4.000,27,0,0,2975227904
3390,31.109851353,13.247731,12.625968,7,1,4,1,0,4.000,27,0,0,2975227904
3391,31.122738987,12.887634,13.255241,7,1,4,1,0,4.000,27,0,0,2975227904
3392,31.135803254,13.064267,12.825832,7,1,4,1,0,4.000,27,0,0,2975227904
3393,31.149062146,13.258892,13.154499,7,1,4,1,0,4.000,27,0,0,2975227904
3394,31.162495871,13.433725,13.233231,7,1,4,1,0,4.000,27,0,0,2975227904
3395,31.175636560,13.140689,13.392944,7,1,4,1,0,4.000,27,0,0,2975227904
3396,31.189247760,13.611200,13.168101,7,1,4,1,0,4.000,27,0,0,2975227904
3397,31.202254136,13.006376,13.584518,7,1,4,1,0,4.000,27,0,0,2975227904
3398,31.216247363,13.993227,13.009136,7,1,4,1,0,4.000,27,0,0,2975227904
3399,31.229694079,13.446716,13.983927,7,1,4,1,0,4.000,27,0,0,2975227904
3400,31.244054755,14.360676,13.454207,7,1,4,1,0,4.000,27,0,0,2975227904
3401,31.257496640,13.441885,14.382826,7,1,4,1,0,4.000,27,0,0,2975227904
3402,31.271525269,14.028629,13.424844,7,1,4,1,0,4.000,27,0,0,2975227904
3403,31.285750551,14.225282,14.084290,7,1,4,1,0,4.000,27,0,0,2975227904
3404,31.299930463,14.179912,14.178923,7,1,4,1,0,4.000,27,0,0,2975227904
3405,31.313829599,13.899136,14.279133,7,1,4,1,0,4.000,27,0,0,2975236096
3406,31.327021100,13.191501,13.812824,7,1,4,1,0,4.000,27,0,0,2975236096
3407,31.341378025,14.356925,13.192730,7,1,4,1,0,4.000,27,0,0,2975236096
3408,31.354806810,13.428785,14.409447,7,1,4,1,0,4.000,27,0,0,2975236096
3409,31.367989239,13.182429,13.513887,7,1,4,1,0,4.000,27,0,0,2975244288
3410,31.383240026,15.250787,13.099058,7,1,4,1,0,4.000,27,0,0,2975244288
3411,31.396571168,13.331142,15.168304,7,1,4,1,0,4.000,27,0,0,2975244288
3412,31.409321519,12.750351,13.322552,7,1,4,1,0,4.000,27,0,0,2975244288
3413,31.422257584,12.936065,12.752831,7,1,4,1,0,4.000,27,0,0,2975244288
3414,31.434737927,12.480343,12.909404,7,1,4,1,0,4.000,27,0,0,2975244288
3415,31.447726613,12.988686,12.484175,7,1,4,1,0,4.000,27,0,0,2975244288
3416,31.460057185,12.330572,13.089688,7,1,4,1,0,4.000,27,0,0,2975244288
3417,31.472549339,12.492154,12.279269,7,1,4,1,0,4.000,27,0,0,2975244288
3418,31.484754747,12.205408,12.441174,7,1,4,1,0,4.000,27,0,0,2975244288
3419,31.497503398,12.748651,12.216929,7,1,4,1,0,4.000,27,0,0,2975244288
3420,31.509745157,12.241759,12.741489,7,1,4,1,0,4.000,27,0,0,2975244288
3421,31.521715310,11.970153,12.241069,7,1,4,1,0,4.000,27,0,0,2975244288
3422,31.533281745,11.566435,11.959753,7,1,4,1,0,4.000,27,0,0,2975244288
3423,31.545542144,12.260399,11.766289,7,1,4,1,0,4.000,27,0,0,2975244288
3424,31.557840834,12.298690,12.167268,7,1,4,1,0,4.000,27,0,0,2975244288
3425,31.570716458,12.875624,12.264760,7,1,4,1,0,4.000,27,0,0,2975244288
3426,31.584129833,13.413375,12.810001,7,1,4,1,0,4.000,27,0,0,2975244288
3427,31.596359282,12.229449,13.426166,7,1,4,1,0,4.000,27,0,0,2975244288
3428,31.608791925,12.432643,12.246049,7,1,4,1,0,4.000,27,0,0,2975244288
3429,31.621323981,12.532056,12.394542,7,1,4,1,0,4.000,27,0,0,2975244288
3430,31.633471848,12.147867,12.520786,7,1,4,1,0,4.000,27,0,0,2975244288
3431,31.645675276,12.203428,12.147637,7,1,4,1,0,4.000,27,0,0,2975264768
3432,31.658025507,12.350231,12.199438,7,1,4,1,0,4.000,27,0,0,2975264768
3433,31.670454321,12.428814,12.388783,7,1,4,1,0,4.000,27,0,0,2975264768
3434,31.682465015,12.010694,12.395442,7,1,4,1,0,4.000,27,0,0,2975264768
3435,31.694893628,12.428613,12.010094,7,1,4,1,0,4.000,27,0,0,2975264768
3436,31.707200469,12.306841,12.460405,7,1,4,1,0,4.000,27,0,0,2975264768
3437,31.720212875,13.012406,12.269939,7,1,4,1,0,4.000,27,0,0,2975268864
3438,31.731567375,11.354500,13.013966,7,1,4,1,0,4.000,27,0,0,2975268864
3439,31.744198843,12.631468,11.350450,7,1,4,1,0,4.000,27,0,0,2975268864
3440,31.756220967,12.022124,12.636778,7,1,4,1,0,4.000,27,0,0,2975268864
3441,31.768651400,12.430433,12.023864,7,1,4,1,0,4.000,27,0,0,2975272960
3442,31.780465350,11.813950,12.461164,7,1,4,1,0,4.000,27,0,0,2975272960
3443,31.793026966,12.561616,11.786419,7,1,4,1,0,4.000,27,0,0,2975272960
3444,31.805413829,12.386863,12.612258,7,1,4,1,0,4.000,27,0,0,2975272960
3445,31.818422995,13.009166,12.327021,7,1,4,1,0,4.000,27,0,0,2975272960
3446,31.831416030,12.993035,13.044636,7,1,4,1,0,4.000,27,0,0,2975277056
3447,31.843794372,12.378342,12.970086,7,1,4,1,0,4.000,27,0,0,2975277056
3448,31.856260907,12.466535,12.467173,7,1,4,1,0,4.000,27,0,0,2975297536
3449,31.867995724,11.734817,12.389383,7,1,4,1,0,4.000,27,0,0,2975297536
3450,31.879361985,11.366261,11.784280,7,1,4,1,0,4.000,27,0,0,2975297536
3451,31.890231164,10.869179,11.319028,7,1,4,1,0,4.000,27,0,0,2975297536
3452,31.901883190,11.652026,10.862359,7,1,4,1,0,4.000,27,0,0,2975297536
3453,31.913742200,11.859010,11.715598,7,1,4,1,0,4.000,27,0,0,2975297536
3454,31.924791593,11.049393,11.793829,7,1,4,1,0,4.000,27,0,0,2975297536
3455,31.935048029,10.256436,11.048853,7,1,4,1,0,4.000,27,0,0,2975297536
3456,31.945091839,10.043810,10.272536,7,1,4,1,0,4.000,27,0,0,2975297536
3457,31.956446110,11.354271,10.036951,7,1,4,1,0,4.000,27,0,0,2975297536
3458,31.966671004,10.224894,11.323589,7,1,4,1,0,4.000,27,0,0,2975297536
3459,31.977748158,11.077154,10.222404,7,1,4,1,0,4.000,27,0,0,2975297536
3460,31.988891403,11.143245,11.076654,7,1,4,1,0,4.000,27,0,0,2975297536
3461,32.000600020,11.708617,11.304149,7,1,4,1,0,4.000,27,0,0,2975297536
3462,32.012189825,11.589805,11.534063,7,1,4,1,0,4.000,27,0,0,2975297536
3463,32.021972710,9.782885,11.583225,7,1,4,1,0,4.000,27,0,0,2975297536
3464,32.031820647,9.847937,9.669842,7,1,4,1,0,4.000,27,0,0,2975297536
3465,32.041125781,9.305134,9.859637,7,1,4,1,0,4.000,27,0,0,2975297536
3466,32.050704802,9.579021,9.377577,7,1,4,1,0,4.000,27,0,0,2975297536
3467,32.059892544,9.187742,9.517929,7,1,4,1,0,4.000,27,0,0,2975297536
3468,32.068940203,9.047659,9.205372,7,1,4,1,0,4.000,27,0,0,2975297536
3469,32.078840191,9.899988,9.036138,7,1,4,1,0,4.000,27,0,0,2975305728
3470,32.089914404,11.074213,9.863938,7,1,4,1,0,4.000,27,0,0,2975305728
3471,32.101418028,11.503624,11.230626,7,1,4,1,0,4.000,27,0,0,2975305728
3472,32.112767117,11.349089,11.434172,7,1,4,1,0,4.000,27,0,0,2975305728
3473,32.122842458,10.075341,11.343549,7,1,4,1,0,4.000,27,0,0,2975305728
3474,32.133785199,10.942741,10.065582,7,1,4,1,0,4.000,27,0,0,2975305728
3475,32.144633098,10.847899,10.950430,7,1,4,1,0,4.000,27,0,0,2975305728
3476,32.156101309,11.468211,10.850279,7,1,4,1,0,4.000,27,0,0,2975305728
3477,32.166998689,10.897380,11.582165,7,1,4,1,0,4.000,27,0,0,2975309824
3478,32.177455570,10.456881,10.914620,7,1,4,1,0,4.000,27,0,0,2975309824
3479,32.188695956,11.240386,10.422009,7,1,4,1,0,4.000,27,0,0,2975309824
3480,32.199870892,11.174936,11.270878,7,1,4,1,0,4.000,27,0,0,2975309824
3481,32.211009767,11.138875,11.220116,7,1,4,1,0,4.000,27,0,0,2975309824
3482,32.222214083,11.204316,11.069854,7,1,4,1,0,4.000,27,0,0,2975313920
3483,32.233350419,11.136336,11.182716,7,1,4,1,0,4.000,27,0,0,2975313920
3484,32.244863321,11.512902,11.126815,7,1,4,1,0,4.000,27,0,0,2975313920
3485,32.254472133,9.608812,11.548543,7,1,4,1,0,4.000,27,0,0,2975330304
3486,32.264785669,10.313536,9.605872,7,1,4,1,0,4.000,27,0,0,2975330304
3487,32.276277052,11.491383,10.285956,7,1,4,1,0,4.000,27,0,0,2975334400
3488,32.286454676,10.177624,11.516153,7,1,4,1,0,4.000,27,0,0,2975346688
3489,32.296547908,10.093232,10.162164,7,1,4,1,0,4.000,27,0,0,2975350784
3490,32.306988057,10.440149,10.081331,7,1,4,1,0,4.000,27,0,0,2975350784
3491,32.317441758,10.453701,10.535032,7,1,4,1,0,4.000,27,0,0,2975350784
3492,32.328874509,11.432751,10.440309,7,1,4,1,0,4.000,27,0,0,2975354880
3493,32.340935694,12.061185,11.473242,7,1,4,1,0,4.000,27,0,0,2975354880
3494,32.352616931,11.681237,12.022285,7,1,4,1,0,4.000,27,0,0,2975354880
3495,32.362357705,9.740774,11.759959,7,1,4,1,0,4.000,27,0,0,2975371264
3496,32.373104131,10.746426,9.631972,7,1,4,1,0,4.000,27,0,0,2975391744
3497,32.384072632,10.968501,10.747296,7,1,4,1,0,4.000,27,0,0,2975391744
3498,32.396892704,12.820072,10.947271,7,1,4,1,0,4.000,27,0,0,2975391744
3499,32.409067192,12.174488,12.831801,7,1,4,1,0,4.000,27,0,0,2975391744
3500,32.421159598,12.092406,12.192229,7,1,4,1,0,4.000,27,0,0,2975391744
3501,32.433912698,12.753100,12.061675,7,1,4,1,0,4.000,27,0,0,2975391744
3502,32.445695588,11.782890,12.781911,7,1,4,1,0,4.000,27,0,0,2975391744
3503,32.457744123,12.048535,11.740718,7,1,4,1,0,4.000,27,0,0,2975391744
3504,32.469341117,11.596994,12.039825,7,1,4,1,0,4.000,27,0,0,2975391744
3505,32.480956373,11.615256,11.599755,7,1,4,1,0,4.000,27,0,0,2975391744
3506,32.492979577,12.023204,11.642416,7,1,4,1,0,4.000,27,0,0,2975391744
3507,32.505306788,12.327211,11.922072,7,1,4,1,0,4.000,27,0,0,2975391744
3508,32.516308880,11.002092,12.285761,7,1,4,1,0,4.000,27,0,0,2975391744
3509,32.527535057,11.226177,11.004812,7,1,4,1,0,4.000,27,0,0,2975391744
3510,32.539282225,11.747168,11.395000,7,1,4,1,0,4.000,27,0,0,2975391744
3511,32.548721743,9.439518,11.712788,7,1,4,1,0,4.000,27,0,0,2975391744
3512,32.558374135,9.652392,9.419846,7,1,4,1,0,4.000,27,0,0,2975391744
3513,32.567868184,9.494049,9.645823,7,1,4,1,0,4.000,27,0,0,2975391744
3514,32.577262750,9.394566,9.530309,7,1,4,1,0,4.000,27,0,0,2975391744
3515,32.586976804,9.714054,9.343806,7,1,4,1,0,4.000,27,0,0,2975395840
3516,32.599641083,12.664279,9.772514,7,1,4,1,0,4.000,27,0,0,2975395840
3517,32.612098756,12.457673,12.633758,7,1,4,1,0,4.000,27,0,0,2975408128
3518,32.623860405,11.761649,12.474164,7,1,4,1,0,4.000,27,0,0,2975412224
3519,32.638453736,14.593331,11.767929,7,1,4,1,0,4.000,27,0,0,2975416320
3520,32.651356979,12.903243,14.541740,7,1,4,1,0,4.000,27,0,0,2975416320
3521,32.664517060,13.160081,12.906914,7,1,4,1,0,4.000,27,0,0,2975416320
3522,32.676680067,12.163007,13.171590,7,1,4,1,0,4.000,27,0,0,2975444992
3523,32.688977267,12.297200,12.146937,7,1,4,1,0,4.000,27,0,0,2975444992
3524,32.701065513,12.088246,12.337061,7,1,4,1,0,4.000,27,0,0,2975461376
3525,32.713207549,12.142036,12.112976,7,1,4,1,0,4.000,27,0,0,2975473664
3526,32.724818755,11.611206,12.095186,7,1,4,1,0,4.000,27,0,0,2975473664
3527,32.736767418,11.948663,11.604275,7,1,4,1,0,4.000,27,0,0,2975481856
3528,32.748950076,12.182658,11.947103,7,1,4,1,0,4.000,27,0,0,2975490048
3529,32.761575354,12.625278,12.225349,7,1,4,1,0,4.000,27,0,0,2975490048
3530,32.773049656,11.474302,12.585517,7,1,4,1,0,4.000,27,0,0,2975494144
3531,32.785213993,12.164337,11.514553,7,1,4,1,0,4.000,27,0,0,2975498240
3532,32.797085594,11.871601,12.118306,7,1,4,1,0,4.000,27,0,0,2975506432
3533,32.808822022,11.736428,11.899712,7,1,4,1,0,4.000,27,0,0,2975510528
3534,32.820639002,11.816980,11.704937,7,1,4,1,0,4.000,27,0,0,2975510528
3535,32.832525463,11.886461,11.858321,7,1,4,1,0,4.000,27,0,0,2975510528
3536,32.845159831,12.634368,11.848621,7,1,4,1,0,4.000,27,0,0,2975510528
3537,32.858064675,12.904844,12.655868,7,1,4,1,0,4.000,27,0,0,2975510528
3538,32.870780015,12.715340,12.917774,7,1,4,1,0,4.000,27,0,0,2975514624
3539,32.883129156,12.349141,12.692049,7,1,4,1,0,4.000,27,0,0,2975514624
3540,32.896504440,13.375284,12.365692,7,1,4,1,0,4.000,27,0,0,2975514624
3541,32.909048806,12.544366,13.353204,7,1,4,1,0,4.000,27,0,0,2975514624
3542,32.920128490,11.079684,12.567566,7,1,4,1,0,4.000,27,0,0,2975518720
3543,32.932727837,12.599347,11.104624,7,1,4,1,0,4.000,27,0,0,2975518720
3544,32.945205011,12.477174,12.535616,7,1,4,1,0,4.000,27,0,0,2975522816
3545,32.957978102,12.773091,12.486104,8,1,4,1,0,4.000,27,0,0,2975522816
3546,33.138541952,180.563850,12.792681,8,1,4,1,0,4.000,27,0,0,2978533376
3547,33.145375342,6.833390,180.493140,8,1,4,1,0,4.000,27,0,0,2978533376
3548,33.149588315,4.212973,6.723977,8,1,4,1,0,4.000,27,0,0,2978533376
3549,33.160082646,10.494331,4.217313,8,1,4,1,0,4.000,27,0,0,2978533376
3550,33.173695496,13.612850,10.510001,8,1,4,1,0,4.000,27,0,0,2978541568
3551,33.185377022,11.681526,13.598600,8,1,4,1,0,4.000,27,0,0,2978541568
3552,33.197936339,12.559317,11.696786,8,1,4,1,0,4.000,27,0,0,2978541568
3553,33.209636175,11.699836,12.560647,8,1,4,1,0,4.000,27,0,0,2978541568
3554,33.221670790,12.034615,11.687007,8,1,4,1,0,4.000,27,0,0,2978541568
3555,33.232558189,10.887399,12.040535,8,1,4,1,0,4.000,27,0,0,2978541568
3556,33.244068473,11.510284,10.877458,8,1,4,1,0,4.000,27,0,0,2978541568
3557,33.255232908,11.164435,11.525634,8,1,4,1,0,4.000,27,0,0,2978541568
3558,33.266454995,11.222087,11.152015,8,1,4,1,0,4.000,27,0,0,2978541568
3559,33.277317944,10.862949,11.221927,8,1,4,1,0,4.000,27,0,0,2978541568
3560,33.288854808,11.536864,11.012502,8,1,4,1,0,4.000,27,0,0,2978541568
3561,33.299741287,10.886479,11.534624,8,1,4,1,0,4.000,27,0,0,2978545664
3562,33.311453414,11.712127,11.033182,8,1,4,1,0,4.000,27,0,0,2978545664
3563,33.323390747,11.937333,11.651477,8,1,4,1,0,4.000,27,0,0,2978545664
3564,33.335646536,12.255789,11.939772,8,1,4,1,0,4.000,27,0,0,2978545664
3565,33.347761213,12.114677,12.279680,8,1,4,1,0,4.000,27,0,0,2978545664
3566,33.359768587,12.007374,12.161448,8,1,4,1,0,4.000,27,0,0,2978545664
3567,33.371748380,11.979793,12.009734,8,1,4,1,0,4.000,27,0,0,2978545664
3568,33.383560120,11.811740,11.971223,8,1,4,1,0,4.000,27,0,0,2978545664
3569,33.395771479,12.211359,11.776699,8,1,4,1,0,4.000,27,0,0,2978570240
3570,33.407843254,12.071775,12.278000,8,1,4,1,0,4.000,27,0,0,2978570240
3571,33.420191345,12.348091,12.033694,8,1,4,1,0,4.000,27,0,0,2978570240
3572,33.433372775,13.181430,12.292870,8,1,4,1,0,4.000,27,0,0,2978570240
3573,33.446272059,12.899284,13.186110,8,1,4,1,0,4.000,27,0,0,2978570240
3574,33.457525546,11.253487,12.904034,8,1,4,1,0,4.000,27,0,0,2978570240
3575,33.468679041,11.153495,11.245398,8,1,4,1,0,4.000,27,0,0,2978570240
3576,33.479314295,10.635254,11.153075,8,1,4,1,0,4.000,27,0,0,2978570240
3577,33.490395859,11.081564,10.628503,8,1,4,1,0,4.000,27,0,0,2978578432
3578,33.501415301,11.019442,10.973781,8,1,4,1,0,4.000,27,0,0,2978578432
3579,33.512250950,10.835649,11.040483,8,1,4,1,0,4.000,27,0,0,2978578432
3580,33.522566146,10.315196,10.849939,8,1,4,1,0,4.000,27,0,0,2978586624
3581,33.533015227,10.449081,10.286357,8,1,4,1,0,4.000,27,0,0,2978590720
3582,33.543711861,10.696634,10.480450,8,1,4,1,0,4.000,27,0,0,2978590720
3583,33.557854803,14.142942,10.684815,8,1,4,1,0,4.000,27,0,0,2978590720
3584,33.570032921,12.178118,14.176072,8,1,4,1,0,4.000,27,0,0,2978594816
3585,33.582261999,12.229078,12.183667,8,1,4,1,0,4.000,27,0,0,2978594816
3586,33.594818455,12.556456,12.170268,8,1,4,1,0,4.000,27,0,0,2978598912
3587,33.607480394,12.661939,12.560806,8,1,4,1,0,4.000,27,0,0,2978598912
3588,33.620056921,12.576527,12.677479,8,1,4,1,0,4.000,27,0,0,2978598912
3589,33.632672817,12.615896,12.590097,8,1,4,1,0,4.000,27,0,0,2978598912
3590,33.644642460,11.969643,12.550826,8,1,4,1,0,4.000,27,0,0,2978598912
3591,33.656598963,11.956503,11.973913,8,1,4,1,0,4.000,27,0,0,2978598912
3592,33.668983896,12.384933,11.990684,8,1,4,1,0,4.000,27,0,0,2978598912
3593,33.681274806,12.290910,12.369132,8,1,4,1,0,4.000,27,0,0,2978603008
3594,33.694121679,12.846873,12.307620,8,1,4,1,0,4.000,27,0,0,2978607104
3595,33.706623733,12.502054,12.873153,8,1,4,1,0,4.000,27,0,0,2978607104
3596,33.718802471,12.178738,12.511676,8,1,4,1,0,4.000,27,0,0,2978607104
3597,33.731550232,12.747761,12.192538,8,1,4,1,0,4.000,27,0,0,2978607104
3598,33.744767982,13.217750,12.712979,8,1,4,1,0,4.000,27,0,0,2978607104
3599,33.756852998,12.085016,13.210471,8,1,4,1,0,4.000,27,0,0,2978607104
3600,33.769776572,12.923574,12.084136,8,1,4,1,0,4.000,27,0,0,2978611200
3601,33.783012784,13.236212,12.934084,8,1,4,1,0,4.000,27,0,0,2978611200
3602,33.795229332,12.216548,13.273272,8,1,4,1,0,4.000,27,0,0,2978611200
3603,33.807166745,11.937413,12.178757,8,1,4,1,0,4.000,27,0,0,2978615296
3604,33.819478965,12.312220,11.934163,8,1,4,1,0,4.000,27,0,0,2978615296
3605,33.831505320,12.026355,12.314550,8,1,4,1,0,4.000,27,0,0,2978615296
3606,33.843939074,12.433754,12.024255,8,1,4,1,0,4.000,27,0,0,2978615296
3607,33.855980858,12.041784,12.467904,8,1,4,1,0,4.000,27,0,0,2978615296
3608,33.868423722,12.442864,12.066196,8,1,4,1,0,4.000,27,0,0,2978615296
3609,33.903460982,35.037260,12.398402,8,1,4,1,0,4.000,27,0,0,2978615296
3610,33.915013256,11.552274,35.065621,8,1,4,1,0,4.000,27,0,0,2978615296
3611,33.926523309,11.510053,11.561754,8,1,4,1,0,4.000,27,0,0,2978615296
3612,33.937634763,11.111454,11.450702,8,1,4,1,0,4.000,27,0,0,2978615296
3613,33.949277690,11.642927,11.123814,8,1,4,1,0,4.000,27,0,0,2978615296
3614,33.960542887,11.265197,11.640747,8,1,4,1,0,4.000,27,0,0,2978615296
3615,33.972067401,11.524514,11.269347,8,1,4,1,0,4.000,27,0,0,2978615296
3616,33.983136404,11.069003,11.543004,8,1,4,1,0,4.000,27,0,0,2978643968
3617,33.995173359,12.036955,11.374270,8,1,4,1,0,4.000,27,0,0,2978643968
3618,34.006578069,11.404710,11.703198,8,1,4,1,0,4.000,27,0,0,2978643968
3619,34.017770285,11.192216,11.408510,8,1,4,1,0,4.000,27,0,0,2978643968
3620,34.029424892,11.654607,11.195177,8,1,4,1,0,4.000,27,0,0,2978643968
3621,34.040823552,11.398660,11.663666,8,1,4,1,0,4.000,27,0,0,2978652160
3622,34.053190365,12.366813,11.322590,8,1,4,1,0,4.000,27,0,0,2978652160
3623,34.066889065,13.698700,12.300550,8,1,4,1,0,4.000,27,0,0,2978664448
3624,34.079896031,13.006966,13.691801,8,1,4,1,0,4.000,27,0,0,2978676736
3625,34.092519229,12.623198,13.005126,8,1,4,1,0,4.000,27,0,0,2978689024
3626,34.104366540,11.847311,12.610987,8,1,4,1,0,4.000,27,0,0,2978701312
3627,34.116010395,11.643855,12.005884,8,1,4,1,0,4.000,27,0,0,2978713600
3628,34.127387996,11.377601,11.662407,8,1,4,1,0,4.000,27,0,0,2978725888
3629,34.138661943,11.273947,11.342719,8,1,4,1,0,4.000,27,0,0,2978729984
3630,34.150321120,11.659177,11.268607,8,1,4,1,0,4.000,27,0,0,2978742272
3631,34.162606870,12.285750,11.683737,8,1,4,1,0,4.000,27,0,0,2978746368
3632,34.174268627,11.661757,12.267850,8,1,4,1,0,4.000,27,0,0,2978750464
3633,34.185859181,11.590554,11.697487,8,1,4,1,0,4.000,27,0,0,2978750464
3634,34.197725942,11.866761,11.585386,8,1,4,1,0,4.000,27,0,0,2978754560
3635,34.209454260,11.728318,11.838049,8,1,4,1,0,4.000,27,0,0,2978754560
3636,34.221466314,12.012054,11.725718,8,1,4,1,0,4.000,27,0,0,2978754560
3637,34.232851014,11.384700,12.009544,8,1,4,1,0,4.000,27,0,0,2978754560
3638,34.244531442,11.680428,11.383691,8,1,4,1,0,4.000,27,0,0,2978754560
3639,34.256179708,11.648266,11.678356,8,1,4,1,0,4.000,27,0,0,2978754560
3640,34.268061069,11.881361,11.647557,8,1,4,1,0,4.000,27,0,0,2978758656
3641,34.279203804,11.142735,11.913172,8,1,4,1,0,4.000,27,0,0,2978762752
3642,34.291393702,12.189898,11.144185,8,1,4,1,0,4.000,27,0,0,2978762752
3643,34.302777252,11.383550,12.167347,8,1,4,1,0,4.000,27,0,0,2978762752
3644,34.314115122,11.337870,11.378870,8,1,4,1,0,4.000,27,0,0,2978762752
3645,34.326332981,12.217859,11.360050,8,1,4,1,0,4.000,27,0,0,2978762752
3646,34.337788762,11.455781,12.200558,8,1,4,1,0,4.000,27,0,0,2978762752
3647,34.350130354,12.341592,11.458272,8,1,4,1,0,4.000,27,0,0,2978762752
3648,34.361266829,11.136475,12.375963,8,1,4,1,0,4.000,27,0,0,2978762752
3649,34.373053347,11.786518,11.105864,8,1,4,1,0,4.000,27,0,0,2978762752
3650,34.384666103,11.612756,11.811870,8,1,4,1,0,4.000,27,0,0,2978762752
3651,34.396303019,11.636916,11.569484,8,1,4,1,0,4.000,27,0,0,2978762752
3652,34.408310073,12.007054,11.640686,8,1,4,1,0,4.000,27,0,0,2978762752
3653,34.419231503,10.921430,12.170007,8,1,4,1,0,4.000,27,0,0,2978762752
3654,34.429754534,10.523031,10.872660,8,1,4,1,0,4.000,27,0,0,2978762752
3655,34.439682113,9.927579,10.565102,8,1,4,1,0,4.000,27,0,0,2978762752
3656,34.449484098,9.801985,9.878217,8,1,4,1,0,4.000,27,0,0,2978762752
3657,34.459857056,10.372958,9.779835,8,1,4,1,0,4.000,27,0,0,2978762752
3658,34.470014259,10.157203,10.431300,8,1,4,1,0,4.000,27,0,0,2978762752
3659,34.480767786,10.753527,10.128332,8,1,4,1,0,4.000,27,0,0,2978762752
3660,34.490775016,10.007230,10.709395,8,1,4,1,0,4.000,27,0,0,2978762752
3661,34.500722735,9.947719,10.067643,8,1,4,1,0,4.000,27,0,0,2978770944
3662,34.510214714,9.491979,9.883666,8,1,4,1,0,4.000,27,0,0,2978783232
3663,34.519667031,9.452317,9.503389,8,1,4,1,0,4.000,27,0,0,2978811904
3664,34.529435246,9.768215,9.468788,8,1,4,1,0,4.000,27,0,0,2978816000
3665,34.538506086,9.070840,9.737825,8,1,4,1,0,4.000,27,0,0,2978816000
3666,34.547766159,9.260073,9.073839,8,1,4,1,0,4.000,27,0,0,2978816000
3667,34.557480023,9.713864,9.333586,8,1,4,1,0,4.000,27,0,0,2978816000
3668,34.567295489,9.815466,9.631021,8,1,4,1,0,4.000,27,0,0,2978828288
3669,34.577124774,9.829285,9.827946,8,1,4,1,0,4.000,27,0,0,2978832384
3670,34.585887107,8.762333,9.860497,8,1,4,1,0,4.000,27,0,0,2978832384
3671,34.596036920,10.149813,8.754633,8,1,4,1,0,4.000,27,0,0,2978832384
3672,34.604820074,8.783154,10.173914,8,1,4,1,0,4.000,27,0,0,2978832384
3673,34.613424583,8.604509,8.772793,8,1,4,1,0,4.000,27,0,0,2978836480
3674,34.622032752,8.608169,8.549147,8,1,4,1,0,4.000,27,0,0,2978836480
3675,34.630446038,8.413286,8.656241,8,1,4,1,0,4.000,27,0,0,2978840576
3676,34.639016185,8.570147,8.418085,8,1,4,1,0,4.000,27,0,0,2978844672
3677,34.648917253,9.901068,8.559058,8,1,4,1,0,4.000,27,0,0,2978844672
3678,34.656974850,8.057597,9.924988,8,1,4,1,0,4.000,27,0,0,2978848768
3679,34.665364445,8.389595,8.038607,8,1,4,1,0,4.000,27,0,0,2978848768
3680,34.673724799,8.360354,8.327403,8,1,4,1,0,4.000,27,0,0,2978852864
3681,34.683220157,9.495358,8.329033,8,1,4,1,0,4.000,27,0,0,2978852864
3682,34.691935739,8.715582,9.532970,8,1,4,1,0,4.000,27,0,0,2978852864
3683,34.700798324,8.862585,8.811664,8,1,4,1,0,4.000,27,0,0,2978856960
3684,34.709937835,9.139511,8.841623,8,1,4,1,0,4.000,27,0,0,2978861056
3685,34.719032835,9.095000,9.149232,8,1,4,1,0,4.000,27,0,0,2978861056
3686,34.728336470,9.303635,9.075990,8,1,4,1,0,4.000,27,0,0,2978861056
3687,34.737476241,9.139771,9.280114,8,1,4,1,0,4.000,27,0,0,2978861056
3688,34.747242145,9.765904,9.126480,8,1,4,1,0,4.000,27,0,0,2978865152
3689,34.756917938,9.675793,9.705824,8,1,4,1,0,4.000,27,0,0,2978869248
3690,34.766786535,9.868597,9.780035,8,1,4,1,0,4.000,27,0,0,2978869248
3691,34.776794465,10.007930,9.824276,8,1,4,1,0,4.000,27,0,0,2978869248
3692,34.786557630,9.763165,10.055661,8,1,4,1,0,4.000,27,0,0,2978869248
3693,34.797360158,10.802528,9.649662,8,1,4,1,0,4.000,27,0,0,2978869248
3694,34.807296186,9.936028,10.815158,8,1,4,1,0,4.000,27,0,0,2978869248
3695,34.818000071,10.703885,9.915768,8,1,4,1,0,4.000,27,0,0,2978869248
3696,34.829297190,11.297119,10.670294,8,1,4,1,0,4.000,27,0,0,2978869248
3697,34.840414635,11.117445,11.237298,8,1,4,1,0,4.000,27,0,0,2978873344
3698,34.851962938,11.548303,11.099084,8,1,4,1,0,4.000,27,0,0,2978873344
3699,34.862976520,11.013582,11.555204,8,1,4,1,0,4.000,27,0,0,2978873344
3700,34.874816091,11.839571,11.049222,8,1,4,1,0,4.000,27,0,0,2978873344
3701,34.886059658,11.243567,11.814070,8,1,4,1,0,4.000,27,0,0,2978873344
3702,34.897765885,11.706227,11.243697,8,1,4,1,0,4.000,27,0,0,2978873344
3703,34.908536022,10.770137,11.694618,8,1,4,1,0,4.000,27,0,0,2978873344
3704,34.919507574,10.971552,10.752457,8,1,4,1,0,4.000,27,0,0,2978873344
3705,34.929745239,10.237665,10.960341,8,1,4,1,0,4.000,27,0,0,2978873344
3706,34.940578407,10.833168,10.244725,8,1,4,1,0,4.000,27,0,0,2978873344
3707,34.951015466,10.437059,10.855668,8,1,4,1,0,4.000,27,0,0,2978873344
