frame,wall_ms,sim_ms,gpu_ms,phase,shot_requested,x,y,z,yaw,ready,aa,screen_percentage,motion_blur_quality,dynamic_res,vsync,frame_cap
880,22.240674,202.038326,3.805000,1,0,0.0000,0.0000,88.0000,0.0000,0,4.0,67.00,0.0,0.0,0.0,0.0
881,17.847267,22.422998,6.994000,1,0,0.0000,0.0000,90.0000,0.0000,0,4.0,67.00,0.0,0.0,0.0,0.0
882,12.252006,17.794076,6.994000,1,0,0.0000,0.0000,90.0000,0.0000,0,4.0,67.00,0.0,0.0,0.0,0.0
883,14.911484,12.241356,3.853000,1,0,0.0000,0.0000,90.0000,0.0000,0,4.0,67.00,0.0,0.0,0.0,0.0
884,13.289969,14.829922,3.556000,1,0,6000.0000,-1000.0000,90.0000,0.0000,0,4.0,67.00,0.0,0.0,0.0,0.0
885,14.363341,13.270638,3.315000,1,0,6000.0000,-1000.0000,90.0000,0.0000,1,4.0,67.00,0.0,0.0,0.0,0.0
886,18.873660,14.432563,3.286000,1,0,6000.0000,-1000.0000,90.0000,0.0000,1,4.0,67.00,0.0,0.0,0.0,0.0
887,18.539363,18.836569,3.909000,1,0,6000.0000,-1000.0000,90.0000,0.0000,1,4.0,67.00,0.0,0.0,0.0,0.0
888,12.297417,18.599864,3.474000,1,0,6000.0000,-1000.0000,90.0000,0.0000,1,4.0,67.00,0.0,0.0,0.0,0.0
889,10.252892,12.275547,3.299000,1,0,6000.0000,-1000.0000,90.0000,0.0000,1,4.0,67.00,0.0,0.0,0.0,0.0
890,9.283971,10.230102,3.214000,1,0,6000.0000,-1000.0000,90.0000,0.0000,1,4.0,67.00,0.0,0.0,0.0,0.0
891,8.236450,9.286122,3.214000,1,0,6000.0000,-1000.0000,90.0000,0.0000,1,4.0,67.00,0.0,0.0,0.0,0.0
892,12.364938,8.237529,3.261000,1,0,6000.0000,-1000.0000,90.0000,0.0000,1,4.0,67.00,0.0,0.0,0.0,0.0
893,11.357746,12.388268,3.121000,1,0,6000.0000,-1000.0000,90.0000,0.0000,1,4.0,67.00,0.0,0.0,0.0,0.0
894,11.471750,11.351537,3.104000,1,0,6000.0000,-1000.0000,90.0000,0.0000,1,4.0,67.00,0.0,0.0,0.0,0.0
895,11.006749,11.462989,3.258000,1,0,6000.0000,-1000.0000,90.0000,0.0000,1,4.0,67.00,0.0,0.0,0.0,0.0
896,11.373237,11.039209,3.154000,1,0,6000.0000,-1000.0000,90.0000,0.0000,1,4.0,67.00,0.0,0.0,0.0,0.0
897,11.386897,11.367307,3.082000,1,0,6000.0000,-1000.0000,90.0000,0.0000,1,4.0,67.00,0.0,0.0,0.0,0.0
898,10.845455,11.404498,3.034000,1,0,6000.0000,-1000.0000,90.0000,0.0000,1,4.0,67.00,0.0,0.0,0.0,0.0
899,12.277107,10.867546,3.136000,1,0,6000.0000,-1000.0000,90.0000,0.0000,1,4.0,67.00,0.0,0.0,0.0,0.0
900,11.211394,12.261316,3.072000,1,0,6000.0000,-1000.0000,90.0000,0.0000,1,4.0,67.00,0.0,0.0,0.0,0.0
901,11.353556,11.162512,3.103000,1,0,6000.0000,-1000.0000,90.0000,0.0000,1,4.0,67.00,0.0,0.0,0.0,0.0
902,12.784708,11.416769,3.114000,1,0,6000.0000,-1000.0000,90.0000,0.0000,1,4.0,67.00,0.0,0.0,0.0,0.0
903,11.748275,12.788957,3.144000,1,0,6000.0000,-1000.0000,90.0000,0.0000,1,4.0,67.00,0.0,0.0,0.0,0.0
904,12.231375,11.753145,3.106000,1,0,6000.0000,-1000.0000,90.0000,0.0000,1,4.0,67.00,0.0,0.0,0.0,0.0
905,13.317789,12.231245,3.175000,1,0,6000.0000,-1000.0000,90.0000,0.0000,1,4.0,67.00,0.0,0.0,0.0,0.0
906,12.206615,13.258219,3.074000,1,0,6000.0000,-1000.0000,90.0000,0.0000,1,4.0,67.00,0.0,0.0,0.0,0.0
907,12.165675,12.213195,3.161000,1,0,6000.0000,-1000.0000,90.0000,0.0000,1,4.0,67.00,0.0,0.0,0.0,0.0
908,11.836236,12.152174,3.202000,1,0,6000.0000,-1000.0000,90.0000,0.0000,1,4.0,67.00,0.0,0.0,0.0,0.0
909,11.691594,11.853407,3.081000,1,0,6000.0000,-1000.0000,90.0000,0.0000,1,4.0,67.00,0.0,0.0,0.0,0.0
910,13.082744,11.747845,3.068000,1,0,6000.0000,-1000.0000,90.0000,0.0000,1,4.0,67.00,0.0,0.0,0.0,0.0
911,11.816847,12.997832,3.172000,1,0,6000.0000,-1000.0000,90.0000,0.0000,1,4.0,67.00,0.0,0.0,0.0,0.0
912,12.264136,11.851537,3.083000,1,0,6000.0000,-1000.0000,90.0000,0.0000,1,4.0,67.00,0.0,0.0,0.0,0.0
913,12.173844,12.234587,3.150000,1,0,6000.0000,-1000.0000,90.0000,0.0000,1,4.0,67.00,0.0,0.0,0.0,0.0
914,12.026092,12.210765,3.188000,1,0,6000.0000,-1000.0000,90.0000,0.0000,1,4.0,67.00,0.0,0.0,0.0,0.0
915,11.749875,12.013251,3.071000,1,0,6000.0000,-1000.0000,90.0000,0.0000,1,4.0,67.00,0.0,0.0,0.0,0.0
916,12.526092,11.727023,3.131000,1,0,6000.0000,-1000.0000,90.0000,0.0000,1,4.0,67.00,0.0,0.0,0.0,0.0
917,12.322307,12.525383,3.035000,1,0,6000.0000,-1000.0000,90.0000,0.0000,1,4.0,67.00,0.0,0.0,0.0,0.0
918,12.465952,12.303417,3.159000,1,0,6000.0000,-1000.0000,90.0000,0.0000,1,4.0,67.00,0.0,0.0,0.0,0.0
919,12.717215,12.506262,3.098000,1,0,6000.0000,-1000.0000,90.0000,0.0000,1,4.0,67.00,0.0,0.0,0.0,0.0
920,12.594444,12.708116,3.057000,1,0,6000.0000,-1000.0000,90.0000,0.0000,1,4.0,67.00,0.0,0.0,0.0,0.0
921,12.416139,12.574593,3.076000,1,0,6000.0000,-1000.0000,90.0000,0.0000,1,4.0,67.00,0.0,0.0,0.0,0.0
922,12.363219,12.420610,3.042000,1,0,6000.0000,-1000.0000,90.0000,0.0000,1,4.0,67.00,0.0,0.0,0.0,0.0
923,13.052454,12.361908,3.160000,1,0,6000.0000,-1000.0000,90.0000,0.0000,1,4.0,67.00,0.0,0.0,0.0,0.0
924,11.962339,13.060093,3.169000,1,0,6000.0000,-1000.0000,90.0000,0.0000,1,4.0,67.00,0.0,0.0,0.0,0.0
925,11.595701,11.954200,3.072000,1,0,6000.0000,-1000.0000,90.0000,0.0000,1,4.0,67.00,0.0,0.0,0.0,0.0
926,12.397350,11.624142,3.020000,1,0,6000.0000,-1000.0000,90.0000,0.0000,1,4.0,67.00,0.0,0.0,0.0,0.0
927,10.332504,12.371589,3.144000,1,0,6000.0000,-1000.0000,90.0000,0.0000,1,4.0,67.00,0.0,0.0,0.0,0.0
928,9.944586,10.347584,3.073000,1,0,6000.0000,-1000.0000,90.0000,0.0000,1,4.0,67.00,0.0,0.0,0.0,0.0
929,9.699471,9.926636,3.167000,1,0,6000.0000,-1000.0000,90.0000,0.0000,1,4.0,67.00,0.0,0.0,0.0,0.0
930,10.338384,9.708961,3.156000,1,0,6000.0000,-1000.0000,90.0000,0.0000,1,4.0,67.00,0.0,0.0,0.0,0.0
931,9.138179,10.359555,3.044000,1,0,6000.0000,-1000.0000,90.0000,0.0000,1,4.0,67.00,0.0,0.0,0.0,0.0
932,9.645149,9.146068,3.060000,1,0,6000.0000,-1000.0000,90.0000,0.0000,1,4.0,67.00,0.0,0.0,0.0,0.0
933,9.750501,9.623009,3.102000,1,0,6000.0000,-1000.0000,90.0000,0.0000,1,4.0,67.00,0.0,0.0,0.0,0.0
934,10.922848,9.783763,3.078000,1,0,6000.0000,-1000.0000,90.0000,0.0000,1,4.0,67.00,0.0,0.0,0.0,0.0
935,10.531729,10.923597,3.142000,1,0,6000.0000,-1000.0000,90.0000,0.0000,1,4.0,67.00,0.0,0.0,0.0,0.0
936,10.295383,10.485878,3.135000,1,0,6000.0000,-1000.0000,90.0000,0.0000,1,4.0,67.00,0.0,0.0,0.0,0.0
937,10.084599,10.303663,3.034000,1,0,6000.0000,-1000.0000,90.0000,0.0000,1,4.0,67.00,0.0,0.0,0.0,0.0
938,9.965926,10.086680,3.087000,1,0,6000.0000,-1000.0000,90.0000,0.0000,1,4.0,67.00,0.0,0.0,0.0,0.0
939,10.188111,9.962445,3.183000,1,0,6000.0000,-1000.0000,90.0000,0.0000,1,4.0,67.00,0.0,0.0,0.0,0.0
940,9.459876,10.220993,3.046000,1,0,6000.0000,-1000.0000,90.0000,0.0000,1,4.0,67.00,0.0,0.0,0.0,0.0
941,9.423005,9.427974,3.187000,1,0,6000.0000,-1000.0000,90.0000,0.0000,1,4.0,67.00,0.0,0.0,0.0,0.0
942,9.630869,9.456126,3.171000,1,0,6000.0000,-1000.0000,90.0000,0.0000,1,4.0,67.00,0.0,0.0,0.0,0.0
943,8.778591,9.609708,3.038000,1,0,6000.0000,-1000.0000,90.0000,0.0000,1,4.0,67.00,0.0,0.0,0.0,0.0
944,9.263611,8.795631,3.055000,1,0,6000.0000,-1000.0000,90.0000,0.0000,1,4.0,67.00,0.0,0.0,0.0,0.0
945,8.220488,9.232471,3.027000,1,0,6000.0000,-1000.0000,90.0000,0.0000,1,4.0,67.00,0.0,0.0,0.0,0.0
946,8.660648,8.210208,3.209000,1,0,6000.0000,-1000.0000,90.0000,0.0000,1,4.0,67.00,0.0,0.0,0.0,0.0
947,7.942043,8.666648,3.008000,1,0,6000.0000,-1000.0000,90.0000,0.0000,1,4.0,67.00,0.0,0.0,0.0,0.0
948,7.964783,7.940003,3.008000,1,0,6000.0000,-1000.0000,90.0000,0.0000,1,4.0,67.00,0.0,0.0,0.0,0.0
949,8.585156,7.966533,2.947000,1,0,6000.0000,-1000.0000,90.0000,0.0000,1,4.0,67.00,0.0,0.0,0.0,0.0
950,9.665290,8.610037,2.876000,1,0,6000.0000,-1000.0000,90.0000,0.0000,1,4.0,67.00,0.0,0.0,0.0,0.0
951,8.343531,9.641929,3.174000,1,0,6000.0000,-1000.0000,90.0000,0.0000,1,4.0,67.00,0.0,0.0,0.0,0.0
952,8.240659,8.369162,2.996000,1,0,6000.0000,-1000.0000,90.0000,0.0000,1,4.0,67.00,0.0,0.0,0.0,0.0
953,8.614267,8.205848,3.091000,1,0,6000.0000,-1000.0000,90.0000,0.0000,1,4.0,67.00,0.0,0.0,0.0,0.0
954,8.682689,8.617347,3.087000,1,0,6000.0000,-1000.0000,90.0000,0.0000,1,4.0,67.00,0.0,0.0,0.0,0.0
955,8.314400,8.682878,3.055000,1,0,6000.0000,-1000.0000,90.0000,0.0000,1,4.0,67.00,0.0,0.0,0.0,0.0
956,8.468254,8.309871,3.074000,1,0,6000.0000,-1000.0000,90.0000,0.0000,1,4.0,67.00,0.0,0.0,0.0,0.0
957,10.521948,8.468354,3.102000,1,0,6000.0000,-1000.0000,90.0000,0.0000,1,4.0,67.00,0.0,0.0,0.0,0.0
958,9.237441,10.508568,3.098000,1,0,6000.0000,-1000.0000,90.0000,0.0000,1,4.0,67.00,0.0,0.0,0.0,0.0
959,8.602227,9.333213,3.074000,1,0,6000.0000,-1000.0000,90.0000,0.0000,1,4.0,67.00,0.0,0.0,0.0,0.0
960,17.905389,8.732399,3.154000,1,0,6000.0000,-1000.0000,90.0000,0.0000,1,4.0,67.00,0.0,0.0,0.0,0.0
961,9.134798,17.711295,3.137000,1,0,6000.0000,-1000.0000,90.0000,0.0000,1,4.0,67.00,0.0,0.0,0.0,0.0
962,12.716536,9.139908,3.188000,1,0,6000.0000,-1000.0000,90.0000,0.0000,1,4.0,67.00,0.0,0.0,0.0,0.0
963,9.042827,12.722487,3.215000,1,0,6000.0000,-1000.0000,90.0000,0.0000,1,4.0,67.00,0.0,0.0,0.0,0.0
964,9.100387,9.008535,3.105000,1,0,6000.0000,-1000.0000,90.0000,0.0000,1,4.0,67.00,0.0,0.0,0.0,0.0
965,9.095668,9.095048,3.037000,1,0,6000.0000,-1000.0000,90.0000,0.0000,1,4.0,67.00,0.0,0.0,0.0,0.0
966,8.724449,9.103007,3.131000,1,0,6000.0000,-1000.0000,90.0000,0.0000,1,4.0,67.00,0.0,0.0,0.0,0.0
967,8.720099,8.721860,3.074000,1,0,6000.0000,-1000.0000,90.0000,0.0000,1,4.0,67.00,0.0,0.0,0.0,0.0
968,8.911574,8.747030,3.097000,1,0,6000.0000,-1000.0000,90.0000,0.0000,1,4.0,67.00,0.0,0.0,0.0,0.0
969,9.014195,8.910184,3.110000,1,0,6000.0000,-1000.0000,90.0000,0.0000,1,4.0,67.00,0.0,0.0,0.0,0.0
970,9.722102,9.013135,3.057000,1,0,6000.0000,-1000.0000,90.0000,0.0000,1,4.0,67.00,0.0,0.0,0.0,0.0
971,10.172470,9.723861,3.093000,1,0,6000.0000,-1000.0000,90.0000,0.0000,1,4.0,67.00,0.0,0.0,0.0,0.0
972,10.376746,10.147260,3.158000,1,0,6000.0000,-1000.0000,90.0000,0.0000,1,4.0,67.00,0.0,0.0,0.0,0.0
973,9.122138,10.382436,3.075000,1,0,6000.0000,-1000.0000,90.0000,0.0000,1,4.0,67.00,0.0,0.0,0.0,0.0
974,9.184879,9.110118,3.197000,1,0,6000.0000,-1000.0000,90.0000,0.0000,1,4.0,67.00,0.0,0.0,0.0,0.0
975,9.831444,9.200289,3.197000,1,0,6000.0000,-1000.0000,90.0000,0.0000,1,4.0,67.00,0.0,0.0,0.0,0.0
976,9.295602,9.846964,3.071000,1,0,6000.0000,-1000.0000,90.0000,0.0000,1,4.0,67.00,0.0,0.0,0.0,0.0
977,8.852832,9.287551,3.063000,1,0,6000.0000,-1000.0000,90.0000,0.0000,1,4.0,67.00,0.0,0.0,0.0,0.0
978,8.832772,8.849063,2.933000,1,0,6000.0000,-1000.0000,90.0000,0.0000,1,4.0,67.00,0.0,0.0,0.0,0.0
979,9.520386,8.872643,3.055000,1,0,6000.0000,-1000.0000,90.0000,0.0000,1,4.0,67.00,0.0,0.0,0.0,0.0
980,9.125558,9.524476,2.869000,1,0,6000.0000,-1000.0000,90.0000,0.0000,1,4.0,67.00,0.0,0.0,0.0,0.0
981,9.122448,9.113879,3.011000,1,0,6000.0000,-1000.0000,90.0000,0.0000,1,4.0,67.00,0.0,0.0,0.0,0.0
982,9.325113,9.097717,2.856000,1,0,6000.0000,-1000.0000,90.0000,0.0000,1,4.0,67.00,0.0,0.0,0.0,0.0
983,10.564909,9.329172,2.788000,1,0,6000.0000,-1000.0000,90.0000,0.0000,1,4.0,67.00,0.0,0.0,0.0,0.0
984,11.549951,10.581881,3.111000,1,0,6000.0000,-1000.0000,90.0000,0.0000,1,4.0,67.00,0.0,0.0,0.0,0.0
985,8.698130,11.530889,3.009000,1,0,6000.0000,-1000.0000,90.0000,0.0000,1,4.0,67.00,0.0,0.0,0.0,0.0
986,9.183299,8.708770,2.818000,1,0,6000.0000,-1000.0000,90.0000,0.0000,1,4.0,67.00,0.0,0.0,0.0,0.0
987,9.887114,9.182979,3.088000,1,0,6000.0000,-1000.0000,90.0000,0.0000,1,4.0,67.00,0.0,0.0,0.0,0.0
988,8.606787,9.877314,2.879000,1,0,6000.0000,-1000.0000,90.0000,0.0000,1,4.0,67.00,0.0,0.0,0.0,0.0
989,8.939504,8.632417,2.907000,1,0,6000.0000,-1000.0000,90.0000,0.0000,1,4.0,67.00,0.0,0.0,0.0,0.0
990,8.960085,8.958475,2.864000,1,0,6000.0000,-1000.0000,90.0000,0.0000,1,4.0,67.00,0.0,0.0,0.0,0.0
991,8.970124,8.915644,2.921000,1,0,6000.0000,-1000.0000,90.0000,0.0000,1,4.0,67.00,0.0,0.0,0.0,0.0
992,8.387862,8.965394,2.889000,1,0,6000.0000,-1000.0000,90.0000,0.0000,1,4.0,67.00,0.0,0.0,0.0,0.0
993,8.089197,8.381883,2.797000,1,0,6000.0000,-1000.0000,90.0000,0.0000,1,4.0,67.00,0.0,0.0,0.0,0.0
994,9.957215,8.093836,2.851000,1,0,6000.0000,-1000.0000,90.0000,0.0000,1,4.0,67.00,0.0,0.0,0.0,0.0
995,8.960094,9.944046,2.830000,1,0,6000.0000,-1000.0000,90.0000,0.0000,1,4.0,67.00,0.0,0.0,0.0,0.0
996,8.717420,8.962904,2.946000,1,0,6000.0000,-1000.0000,90.0000,0.0000,1,4.0,67.00,0.0,0.0,0.0,0.0
997,9.085727,8.733929,2.797000,1,0,6000.0000,-1000.0000,90.0000,0.0000,1,4.0,67.00,0.0,0.0,0.0,0.0
998,8.674819,9.106109,2.872000,1,0,6000.0000,-1000.0000,90.0000,0.0000,1,4.0,67.00,0.0,0.0,0.0,0.0
999,8.799201,8.610386,2.893000,1,0,6000.0000,-1000.0000,90.0000,0.0000,1,4.0,67.00,0.0,0.0,0.0,0.0
1000,9.080397,8.797191,2.837000,1,0,6000.0000,-1000.0000,90.0000,0.0000,1,4.0,67.00,0.0,0.0,0.0,0.0
1001,9.198420,9.084387,2.790000,1,0,6000.0000,-1000.0000,90.0000,0.0000,1,4.0,67.00,0.0,0.0,0.0,0.0
1002,9.015916,9.203980,2.822000,1,0,6000.0000,-1000.0000,90.0000,0.0000,1,4.0,67.00,0.0,0.0,0.0,0.0
1003,9.233590,9.008846,2.824000,1,0,6000.0000,-1000.0000,90.0000,0.0000,1,4.0,67.00,0.0,0.0,0.0,0.0
1004,10.792524,9.268381,2.845000,1,0,6000.0000,-1000.0000,90.0000,0.0000,1,4.0,67.00,0.0,0.0,0.0,0.0
1005,8.074706,10.794824,2.845000,1,0,6000.0000,-1000.0000,90.0000,0.0000,1,4.0,67.00,0.0,0.0,0.0,0.0
1006,9.004535,8.120177,2.821000,1,0,6000.0000,-1000.0000,90.0000,0.0000,1,4.0,67.00,0.0,0.0,0.0,0.0
1007,9.566238,8.915243,2.947000,1,0,6000.0000,-1000.0000,90.0000,0.0000,1,4.0,67.00,0.0,0.0,0.0,0.0
1008,9.065607,9.633550,2.913000,1,0,6000.0000,-1000.0000,90.0000,0.0000,1,4.0,67.00,0.0,0.0,0.0,0.0
1009,9.282411,9.082007,2.842000,1,0,6000.0000,-1000.0000,90.0000,0.0000,1,4.0,67.00,0.0,0.0,0.0,0.0
1010,8.868463,9.270541,2.886000,1,0,6000.0000,-1000.0000,90.0000,0.0000,1,4.0,67.00,0.0,0.0,0.0,0.0
1011,9.579138,8.865563,2.808000,1,0,6000.0000,-1000.0000,90.0000,0.0000,1,4.0,67.00,0.0,0.0,0.0,0.0
1012,9.198450,9.572238,2.824000,1,0,6000.0000,-1000.0000,90.0000,0.0000,1,4.0,67.00,0.0,0.0,0.0,0.0
1013,9.201810,9.203739,2.856000,1,0,6000.0000,-1000.0000,90.0000,0.0000,1,4.0,67.00,0.0,0.0,0.0,0.0
1014,9.520336,9.197330,2.839000,1,0,6000.0000,-1000.0000,90.0000,0.0000,1,4.0,67.00,0.0,0.0,0.0,0.0
1015,10.209862,9.508917,2.855000,1,0,6000.0000,-1000.0000,90.0000,0.0000,1,4.0,67.00,0.0,0.0,0.0,0.0
1016,8.745740,10.190671,2.824000,1,0,6000.0000,-1000.0000,90.0000,0.0000,1,4.0,67.00,0.0,0.0,0.0,0.0
1017,12.050281,8.717529,2.866000,1,0,6000.0000,-1000.0000,90.0000,0.0000,1,4.0,67.00,0.0,0.0,0.0,0.0
1018,10.863366,12.065993,2.822000,1,0,6000.0000,-1000.0000,90.0000,0.0000,1,4.0,67.00,0.0,0.0,0.0,0.0
1019,11.024560,10.916296,2.845000,1,0,6000.0000,-1000.0000,90.0000,0.0000,1,4.0,67.00,0.0,0.0,0.0,0.0
1020,11.069600,11.015479,2.829000,1,0,6000.0000,-1000.0000,90.0000,0.0000,1,4.0,67.00,0.0,0.0,0.0,0.0
1021,10.652232,11.070821,2.811000,1,0,6000.0000,-1000.0000,90.0000,0.0000,1,4.0,67.00,0.0,0.0,0.0,0.0
1022,10.978008,10.642981,2.838000,1,0,6000.0000,-1000.0000,90.0000,0.0000,1,4.0,67.00,0.0,0.0,0.0,0.0
1023,11.449578,10.968988,2.910000,1,0,6000.0000,-1000.0000,90.0000,0.0000,1,4.0,67.00,0.0,0.0,0.0,0.0
1024,10.986869,11.492480,2.815000,1,0,6000.0000,-1000.0000,90.0000,0.0000,1,4.0,67.00,0.0,0.0,0.0,0.0
1025,11.191254,10.951058,2.877000,1,0,6000.0000,-1000.0000,90.0000,0.0000,1,4.0,67.00,0.0,0.0,0.0,0.0
1026,11.617881,11.194523,2.874000,1,0,6000.0000,-1000.0000,90.0000,0.0000,1,4.0,67.00,0.0,0.0,0.0,0.0
1027,11.810697,11.597351,2.902000,1,0,6000.0000,-1000.0000,90.0000,0.0000,1,4.0,67.00,0.0,0.0,0.0,0.0
1028,11.411507,11.778576,2.950000,1,0,6000.0000,-1000.0000,90.0000,0.0000,1,4.0,67.00,0.0,0.0,0.0,0.0
1029,11.428979,11.410908,2.970000,1,0,6000.0000,-1000.0000,90.0000,0.0000,1,4.0,67.00,0.0,0.0,0.0,0.0
1030,11.232514,11.432288,2.879000,1,0,6000.0000,-1000.0000,90.0000,0.0000,1,4.0,67.00,0.0,0.0,0.0,0.0
1031,11.144361,11.227414,2.835000,1,0,6000.0000,-1000.0000,90.0000,0.0000,1,4.0,67.00,0.0,0.0,0.0,0.0
1032,11.128242,11.161932,2.865000,1,0,6000.0000,-1000.0000,90.0000,0.0000,1,4.0,67.00,0.0,0.0,0.0,0.0
1033,10.864716,11.109651,2.798000,1,0,6000.0000,-1000.0000,90.0000,0.0000,1,4.0,67.00,0.0,0.0,0.0,0.0
1034,10.896777,10.910357,2.852000,1,0,6000.0000,-1000.0000,90.0000,0.0000,1,4.0,67.00,0.0,0.0,0.0,0.0
1035,10.689612,10.891717,2.881000,1,0,6000.0000,-1000.0000,90.0000,0.0000,1,4.0,67.00,0.0,0.0,0.0,0.0
1036,11.713174,10.650391,2.875000,1,0,6000.0000,-1000.0000,90.0000,0.0000,1,4.0,67.00,0.0,0.0,0.0,0.0
1037,11.427889,11.709555,2.884000,1,0,6000.0000,-1000.0000,90.0000,0.0000,1,4.0,67.00,0.0,0.0,0.0,0.0
1038,11.156232,11.441648,2.930000,1,0,6000.0000,-1000.0000,90.0000,0.0000,1,4.0,67.00,0.0,0.0,0.0,0.0
1039,11.324415,11.201123,2.900000,1,0,6000.0000,-1000.0000,90.0000,0.0000,1,4.0,67.00,0.0,0.0,0.0,0.0
1040,11.018659,11.287586,2.854000,1,0,6000.0000,-1000.0000,90.0000,0.0000,1,4.0,67.00,0.0,0.0,0.0,0.0
1041,11.748556,11.008669,2.950000,1,0,6000.0000,-1000.0000,90.0000,0.0000,1,4.0,67.00,0.0,0.0,0.0,0.0
1042,11.738925,11.760294,2.871000,1,0,6000.0000,-1000.0000,90.0000,0.0000,1,4.0,67.00,0.0,0.0,0.0,0.0
1043,11.918019,11.713845,2.851000,1,0,6000.0000,-1000.0000,90.0000,0.0000,1,4.0,67.00,0.0,0.0,0.0,0.0
1044,12.461340,11.908349,2.857000,1,0,6000.0000,-1000.0000,90.0000,0.0000,1,4.0,67.00,0.0,0.0,0.0,0.0
1045,14.450814,12.464950,2.914000,1,0,6000.0000,-1000.0000,90.0000,0.0000,1,4.0,67.00,0.0,0.0,0.0,0.0
1046,13.306949,14.477055,2.875000,1,0,6000.0000,-1000.0000,90.0000,0.0000,1,4.0,67.00,0.0,0.0,0.0,0.0
1047,12.999552,13.296688,2.913000,1,0,6000.0000,-1000.0000,90.0000,0.0000,1,4.0,67.00,0.0,0.0,0.0,0.0
1048,12.399229,12.976732,2.919000,1,0,6000.0000,-1000.0000,90.0000,0.0000,1,4.0,67.00,0.0,0.0,0.0,0.0
1049,13.347001,12.480171,2.789000,1,0,6000.0000,-1000.0000,90.0000,0.0000,1,4.0,67.00,0.0,0.0,0.0,0.0
1050,12.690534,13.331610,2.847000,1,0,6000.0000,-1000.0000,90.0000,0.0000,1,4.0,67.00,0.0,0.0,0.0,0.0
1051,12.532913,12.687915,3.128000,1,0,6000.0000,-1000.0000,90.0000,0.0000,1,4.0,67.00,0.0,0.0,0.0,0.0
1052,13.921002,12.531902,3.011000,1,0,6000.0000,-1000.0000,90.0000,0.0000,1,4.0,67.00,0.0,0.0,0.0,0.0
1053,12.563773,14.005994,2.833000,1,0,6000.0000,-1000.0000,90.0000,0.0000,1,4.0,67.00,0.0,0.0,0.0,0.0
1054,11.737805,12.480952,3.065000,1,0,6000.0000,-1000.0000,90.0000,0.0000,1,4.0,67.00,0.0,0.0,0.0,0.0
1055,12.231465,11.762804,2.833000,1,0,6000.0000,-1000.0000,90.0000,0.0000,1,4.0,67.00,0.0,0.0,0.0,0.0
1056,11.868328,12.189306,2.848000,1,0,6000.0000,-1000.0000,90.0000,0.0000,1,4.0,67.00,0.0,0.0,0.0,0.0
1057,11.979840,11.881607,2.874000,1,0,6000.0000,-1000.0000,90.0000,0.0000,1,4.0,67.00,0.0,0.0,0.0,0.0
1058,11.752506,11.963950,2.804000,1,0,6000.0000,-1000.0000,90.0000,0.0000,1,4.0,67.00,0.0,0.0,0.0,0.0
1059,13.030822,11.788626,2.805000,1,0,6000.0000,-1000.0000,90.0000,0.0000,1,4.0,67.00,0.0,0.0,0.0,0.0
1060,12.712557,13.025763,2.925000,1,0,6000.0000,-1000.0000,90.0000,0.0000,1,4.0,67.00,0.0,0.0,0.0,0.0
1061,12.077682,12.673865,2.855000,1,0,6000.0000,-1000.0000,90.0000,0.0000,1,4.0,67.00,0.0,0.0,0.0,0.0
1062,11.660623,12.077592,2.814000,1,0,6000.0000,-1000.0000,90.0000,0.0000,1,4.0,67.00,0.0,0.0,0.0,0.0
1063,11.815936,11.653114,2.800000,1,0,6000.0000,-1000.0000,90.0000,0.0000,1,4.0,67.00,0.0,0.0,0.0,0.0
1064,12.550653,11.837446,2.788000,1,0,6000.0000,-1000.0000,90.0000,0.0000,1,4.0,67.00,0.0,0.0,0.0,0.0
1065,12.966952,12.572153,2.794000,1,0,6000.0000,-1000.0000,90.0000,0.0000,1,4.0,67.00,0.0,0.0,0.0,0.0
1066,13.280558,13.069884,2.930000,1,0,6000.0000,-1000.0000,90.0000,0.0000,1,4.0,67.00,0.0,0.0,0.0,0.0
1067,11.984610,13.257088,2.878000,1,0,6000.0000,-1000.0000,90.0000,0.0000,1,4.0,67.00,0.0,0.0,0.0,0.0
1068,12.478161,11.982280,2.854000,1,0,6000.0000,-1000.0000,90.0000,0.0000,1,4.0,67.00,0.0,0.0,0.0,0.0
1069,12.165555,12.438701,2.861000,1,0,6000.0000,-1000.0000,90.0000,0.0000,1,4.0,67.00,0.0,0.0,0.0,0.0
1070,12.215265,12.163644,2.806000,1,0,6000.0000,-1000.0000,90.0000,0.0000,1,4.0,67.00,0.0,0.0,0.0,0.0
1071,11.605981,12.254645,2.776000,1,0,6000.0000,-1000.0000,90.0000,0.0000,1,4.0,67.00,0.0,0.0,0.0,0.0
1072,12.364389,11.586222,2.821000,1,0,6000.0000,-1000.0000,90.0000,0.0000,1,4.0,67.00,0.0,0.0,0.0,0.0
1073,11.771756,12.386189,2.910000,1,0,6000.0000,-1000.0000,90.0000,0.0000,1,4.0,67.00,0.0,0.0,0.0,0.0
1074,11.399677,11.932029,2.790000,1,0,6000.0000,-1000.0000,90.0000,0.0000,1,4.0,67.00,0.0,0.0,0.0,0.0
1075,12.081873,11.239514,2.740000,1,0,6000.0000,-1000.0000,90.0000,0.0000,1,4.0,67.00,0.0,0.0,0.0,0.0
1076,11.726954,12.068562,2.842000,1,0,6000.0000,-1000.0000,90.0000,0.0000,1,4.0,67.00,0.0,0.0,0.0,0.0
1077,11.466459,11.651863,2.844000,1,0,6000.0000,-1000.0000,90.0000,0.0000,1,4.0,67.00,0.0,0.0,0.0,0.0
1078,12.342829,11.481449,2.790000,1,0,6000.0000,-1000.0000,90.0000,0.0000,1,4.0,67.00,0.0,0.0,0.0,0.0
1079,11.727004,12.316318,2.801000,1,0,6000.0000,-1000.0000,90.0000,0.0000,1,4.0,67.00,0.0,0.0,0.0,0.0
1080,11.808786,11.751265,2.825000,1,0,6000.0000,-1000.0000,90.0000,0.0000,1,4.0,67.00,0.0,0.0,0.0,0.0
1081,12.456390,11.800166,2.830000,1,0,6000.0000,-1000.0000,90.0000,0.0000,1,4.0,67.00,0.0,0.0,0.0,0.0
1082,11.214345,12.441331,2.857000,1,0,6000.0000,-1000.0000,90.0000,0.0000,1,4.0,67.00,0.0,0.0,0.0,0.0
1083,11.274894,11.240394,2.822000,1,0,6000.0000,-1000.0000,90.0000,0.0000,1,4.0,67.00,0.0,0.0,0.0,0.0
1084,11.613713,11.297085,2.854000,1,0,6000.0000,-1000.0000,90.0000,0.0000,1,4.0,67.00,0.0,0.0,0.0,0.0
1085,11.293525,11.581342,2.802000,1,0,6000.0000,-1000.0000,90.0000,0.0000,1,4.0,67.00,0.0,0.0,0.0,0.0
1086,11.436677,11.332305,2.800000,1,0,6000.0000,-1000.0000,90.0000,0.0000,1,4.0,67.00,0.0,0.0,0.0,0.0
1087,11.401289,11.403459,2.828000,1,0,6000.0000,-1000.0000,90.0000,0.0000,1,4.0,67.00,0.0,0.0,0.0,0.0
1088,11.166832,11.473078,2.846000,1,0,6000.0000,-1000.0000,90.0000,0.0000,1,4.0,67.00,0.0,0.0,0.0,0.0
1089,11.405087,11.135202,2.819000,1,0,6000.0000,-1000.0000,90.0000,0.0000,1,4.0,67.00,0.0,0.0,0.0,0.0
1090,11.406759,11.387118,2.860000,1,0,6000.0000,-1000.0000,90.0000,0.0000,1,4.0,67.00,0.0,0.0,0.0,0.0
1091,11.642642,11.395197,2.801000,1,0,6000.0000,-1000.0000,90.0000,0.0000,1,4.0,67.00,0.0,0.0,0.0,0.0
1092,11.960329,11.631053,2.818000,1,0,6000.0000,-1000.0000,90.0000,0.0000,1,4.0,67.00,0.0,0.0,0.0,0.0
1093,11.074331,11.961220,2.853000,1,0,6000.0000,-1000.0000,90.0000,0.0000,1,4.0,67.00,0.0,0.0,0.0,0.0
1094,10.769254,11.073700,2.852000,1,0,6000.0000,-1000.0000,90.0000,0.0000,1,4.0,67.00,0.0,0.0,0.0,0.0
1095,11.410438,10.778043,2.859000,1,0,6000.0000,-1000.0000,90.0000,0.0000,1,4.0,67.00,0.0,0.0,0.0,0.0
1096,11.429168,11.401638,2.842000,1,0,6000.0000,-1000.0000,90.0000,0.0000,1,4.0,67.00,0.0,0.0,0.0,0.0
1097,11.835867,11.462059,2.775000,1,0,6000.0000,-1000.0000,90.0000,0.0000,1,4.0,67.00,0.0,0.0,0.0,0.0
1098,11.948360,11.855327,2.797000,1,0,6000.0000,-1000.0000,90.0000,0.0000,1,4.0,67.00,0.0,0.0,0.0,0.0
1099,12.314627,11.917309,2.799000,1,0,6000.0000,-1000.0000,90.0000,0.0000,1,4.0,67.00,0.0,0.0,0.0,0.0
1100,12.198015,12.309037,2.793000,1,0,6000.0000,-1000.0000,90.0000,0.0000,1,4.0,67.00,0.0,0.0,0.0,0.0
1101,12.340468,12.187605,2.822000,1,0,6000.0000,-1000.0000,90.0000,0.0000,1,4.0,67.00,0.0,0.0,0.0,0.0
1102,11.215553,12.320778,2.830000,1,0,6000.0000,-1000.0000,90.0000,0.0000,1,4.0,67.00,0.0,0.0,0.0,0.0
1103,12.967092,11.240414,2.793000,1,0,6000.0000,-1000.0000,90.0000,0.0000,1,4.0,67.00,0.0,0.0,0.0,0.0
1104,13.760138,12.971661,2.850000,1,0,6000.0000,-1000.0000,90.0000,0.0000,1,4.0,67.00,0.0,0.0,0.0,0.0
1105,13.926393,13.728089,2.891000,1,0,6000.0000,-1000.0000,90.0000,0.0000,1,4.0,67.00,0.0,0.0,0.0,0.0
1106,12.135714,13.929932,2.952000,1,0,6000.0000,-1000.0000,90.0000,0.0000,1,4.0,67.00,0.0,0.0,0.0,0.0
1107,11.560241,12.123494,2.820000,1,0,6000.0000,-1000.0000,90.0000,0.0000,1,4.0,67.00,0.0,0.0,0.0,0.0
1108,12.137753,11.547660,2.781000,1,0,6000.0000,-1000.0000,90.0000,0.0000,1,4.0,67.00,0.0,0.0,0.0,0.0
1109,12.304988,12.199585,2.799000,1,0,6000.0000,-1000.0000,90.0000,0.0000,1,4.0,67.00,0.0,0.0,0.0,0.0
1110,11.930118,12.250306,2.804000,1,0,6000.0000,-1000.0000,90.0000,0.0000,1,4.0,67.00,0.0,0.0,0.0,0.0
1111,11.876538,11.930439,3.000000,1,0,6000.0000,-1000.0000,90.0000,0.0000,1,4.0,67.00,0.0,0.0,0.0,0.0
1112,12.229576,11.884469,2.791000,1,0,6000.0000,-1000.0000,90.0000,0.0000,1,4.0,67.00,0.0,0.0,0.0,0.0
1113,10.996949,12.220175,2.800000,1,0,6000.0000,-1000.0000,90.0000,0.0000,1,4.0,67.00,0.0,0.0,0.0,0.0
1114,11.987650,11.002149,2.824000,1,0,6000.0000,-1000.0000,90.0000,0.0000,1,4.0,67.00,0.0,0.0,0.0,0.0
1115,12.224256,11.993050,2.803000,1,0,6000.0000,-1000.0000,90.0000,0.0000,1,4.0,67.00,0.0,0.0,0.0,0.0
1116,12.448840,12.254296,2.697000,1,0,6000.0000,-1000.0000,90.0000,0.0000,1,4.0,67.00,0.0,0.0,0.0,0.0
1117,13.004582,12.444950,2.850000,1,0,6000.0000,-1000.0000,90.0000,0.0000,1,4.0,67.00,0.0,0.0,0.0,0.0
1118,11.477250,12.991602,2.735000,1,0,6000.0000,-1000.0000,90.0000,0.0000,1,4.0,67.00,0.0,0.0,0.0,0.0
1119,11.719973,11.510650,2.805000,1,0,6000.0000,-1000.0000,90.0000,0.0000,1,4.0,67.00,0.0,0.0,0.0,0.0
1120,11.999001,11.674844,2.868000,1,0,6000.0000,-1000.0000,90.0000,0.0000,1,4.0,67.00,0.0,0.0,0.0,0.0
1121,12.355839,12.015211,2.873000,1,0,6000.0000,-1000.0000,90.0000,0.0000,1,4.0,67.00,0.0,0.0,0.0,0.0
1122,12.757296,12.399539,2.903000,1,0,6000.0000,-1000.0000,90.0000,0.0000,1,4.0,67.00,0.0,0.0,0.0,0.0
1123,13.703118,12.705556,2.828000,1,0,6000.0000,-1000.0000,90.0000,0.0000,1,4.0,67.00,0.0,0.0,0.0,0.0
1124,11.994401,13.712537,2.768000,1,0,6000.0000,-1000.0000,90.0000,0.0000,1,4.0,67.00,0.0,0.0,0.0,0.0
1125,12.507082,12.021721,2.786000,1,0,6000.0000,-1000.0000,90.0000,0.0000,1,4.0,67.00,0.0,0.0,0.0,0.0
1126,12.296696,12.570754,2.728000,1,0,6000.0000,-1000.0000,90.0000,0.0000,1,4.0,67.00,0.0,0.0,0.0,0.0
1127,12.308217,12.217925,2.825000,1,0,6000.0000,-1000.0000,90.0000,0.0000,1,4.0,67.00,0.0,0.0,0.0,0.0
1128,12.304618,12.303968,2.806000,1,0,6000.0000,-1000.0000,90.0000,0.0000,1,4.0,67.00,0.0,0.0,0.0,0.0
1129,12.689515,12.278796,2.744000,1,0,6000.0000,-1000.0000,90.0000,0.0000,1,4.0,67.00,0.0,0.0,0.0,0.0
1130,13.288249,12.715025,2.777000,1,0,6000.0000,-1000.0000,90.0000,0.0000,1,4.0,67.00,0.0,0.0,0.0,0.0
1131,12.362308,13.261029,2.841000,2,0,6000.0000,-1000.0000,90.0000,0.0000,1,4.0,67.00,0.0,0.0,0.0,0.0
1132,11.862168,12.359008,2.813000,2,0,6000.0000,-1000.0000,90.0000,0.0000,1,4.0,67.00,0.0,0.0,0.0,0.0
1133,12.440860,11.898188,2.802000,2,0,6000.0000,-1000.0000,90.0000,0.0000,1,4.0,67.00,0.0,0.0,0.0,0.0
1134,12.052262,12.408740,2.782000,2,0,6000.0000,-1000.0000,90.0000,0.0000,1,4.0,67.00,0.0,0.0,0.0,0.0
1135,13.118254,12.039351,2.699000,2,0,6000.0000,-1000.0000,90.0000,0.0000,1,4.0,67.00,0.0,0.0,0.0,0.0
1136,12.242017,13.131696,2.818000,2,0,6000.0000,-1000.0000,90.0000,0.0000,1,4.0,67.00,0.0,0.0,0.0,0.0
1137,12.089742,12.265956,2.780000,2,0,6000.0000,-1000.0000,90.0000,0.0000,1,4.0,67.00,0.0,0.0,0.0,0.0
1138,11.790906,12.086082,2.802000,2,0,6000.0000,-1000.0000,90.0000,0.0000,1,4.0,67.00,0.0,0.0,0.0,0.0
1139,12.006990,11.764386,2.853000,2,0,6000.0000,-1000.0000,90.0000,0.0000,1,4.0,67.00,0.0,0.0,0.0,0.0
1140,11.795457,12.008431,2.812000,2,0,6000.0000,-1000.0000,90.0000,0.0000,1,4.0,67.00,0.0,0.0,0.0,0.0
1141,12.020291,11.806265,2.819000,2,0,6000.0000,-1000.0000,90.0000,0.0000,1,4.0,67.00,0.0,0.0,0.0,0.0
1142,11.184782,12.006411,2.891000,2,0,6000.0000,-1000.0000,90.0000,0.0000,1,4.0,67.00,0.0,0.0,0.0,0.0
1143,11.663624,11.180974,2.787000,2,0,6000.0000,-1000.0000,90.0000,0.0000,1,4.0,67.00,0.0,0.0,0.0,0.0
1144,11.823947,11.670283,2.855000,2,0,6000.0000,-1000.0000,90.0000,0.0000,1,4.0,67.00,0.0,0.0,0.0,0.0
1145,14.157457,11.833647,2.738000,2,0,6000.0000,-1000.0000,90.0000,0.0000,1,4.0,67.00,0.0,0.0,0.0,0.0
1146,12.339188,14.156987,2.824000,2,0,6000.0000,-1000.0000,90.0000,0.0000,1,4.0,67.00,0.0,0.0,0.0,0.0
1147,11.909058,12.342539,2.774000,2,0,6000.0000,-1000.0000,90.0000,0.0000,1,4.0,67.00,0.0,0.0,0.0,0.0
1148,11.903269,11.904598,2.784000,2,0,6000.0000,-1000.0000,90.0000,0.0000,1,4.0,67.00,0.0,0.0,0.0,0.0
1149,12.342539,11.899878,2.756000,2,0,6000.0000,-1000.0000,90.0000,0.0000,1,4.0,67.00,0.0,0.0,0.0,0.0
1150,11.850776,12.372569,2.910000,2,0,6000.0000,-1000.0000,90.0000,0.0000,1,4.0,67.00,0.0,0.0,0.0,0.0
1151,12.459891,11.857668,2.794000,2,0,6000.0000,-1000.0000,90.0000,0.0000,1,4.0,67.00,0.0,0.0,0.0,0.0
1152,12.320397,12.424709,2.835000,2,0,6000.0000,-1000.0000,90.0000,0.0000,1,4.0,67.00,0.0,0.0,0.0,0.0
1153,12.901311,12.332297,2.765000,2,0,6000.0000,-1000.0000,90.0000,0.0000,1,4.0,67.00,0.0,0.0,0.0,0.0
1154,12.307467,12.906421,2.721000,2,0,6000.0000,-1000.0000,90.0000,0.0000,1,4.0,67.00,0.0,0.0,0.0,0.0
1155,11.414748,12.303008,2.818000,2,0,6000.0000,-1000.0000,90.0000,0.0000,1,4.0,67.00,0.0,0.0,0.0,0.0
1156,12.313787,11.450288,2.842000,2,0,6000.0000,-1000.0000,90.0000,0.0000,1,4.0,67.00,0.0,0.0,0.0,0.0
1157,12.688386,12.291666,2.766000,2,0,6000.0000,-1000.0000,90.0000,0.0000,1,4.0,67.00,0.0,0.0,0.0,0.0
1158,12.446100,12.671606,2.757000,2,0,6000.0000,-1000.0000,90.0000,0.0000,1,4.0,67.00,0.0,0.0,0.0,0.0
1159,12.261866,12.438920,2.773000,2,0,6000.0000,-1000.0000,90.0000,0.0000,1,4.0,67.00,0.0,0.0,0.0,0.0
1160,12.333168,12.301328,2.857000,2,0,6000.0000,-1000.0000,90.0000,0.0000,1,4.0,67.00,0.0,0.0,0.0,0.0
1161,11.890759,12.285766,2.924000,2,0,6000.0000,-1000.0000,90.0000,0.0000,1,4.0,67.00,0.0,0.0,0.0,0.0
1162,12.488910,11.898358,2.853000,2,0,6000.0000,-1000.0000,90.0000,0.0000,1,4.0,67.00,0.0,0.0,0.0,0.0
1163,12.219616,12.486931,2.713000,2,0,6000.0000,-1000.0000,90.0000,0.0000,1,4.0,67.00,0.0,0.0,0.0,0.0
1164,12.728976,12.211146,2.830000,2,0,6000.0000,-1000.0000,90.0000,0.0000,1,4.0,67.00,0.0,0.0,0.0,0.0
1165,13.065594,12.726016,2.735000,2,0,6000.0000,-1000.0000,90.0000,0.0000,1,4.0,67.00,0.0,0.0,0.0,0.0
1166,12.927871,13.076904,2.893000,2,0,6000.0000,-1000.0000,90.0000,0.0000,1,4.0,67.00,0.0,0.0,0.0,0.0
1167,13.718918,12.933201,2.876000,2,0,6000.0000,-1000.0000,90.0000,0.0000,1,4.0,67.00,0.0,0.0,0.0,0.0
1168,12.635204,13.716358,2.863000,2,0,6000.0000,-1000.0000,90.0000,0.0000,1,4.0,67.00,0.0,0.0,0.0,0.0
1169,13.406471,12.659975,2.757000,2,0,6000.0000,-1000.0000,90.0000,0.0000,1,4.0,67.00,0.0,0.0,0.0,0.0
1170,11.090321,13.369730,2.872000,2,0,6000.0000,-1000.0000,90.0000,0.0000,1,4.0,67.00,0.0,0.0,0.0,0.0
1171,11.418298,11.085541,2.849000,2,0,6000.0000,-1000.0000,90.0000,0.0000,1,4.0,67.00,0.0,0.0,0.0,0.0
1172,11.099231,11.453289,2.836000,2,0,6000.0000,-1000.0000,90.0000,0.0000,1,4.0,67.00,0.0,0.0,0.0,0.0
1173,11.415928,11.121551,2.750000,2,0,6000.0000,-1000.0000,90.0000,0.0000,1,4.0,67.00,0.0,0.0,0.0,0.0
1174,11.158712,11.394297,2.764000,2,0,6000.0000,-1000.0000,90.0000,0.0000,1,4.0,67.00,0.0,0.0,0.0,0.0
1175,11.027750,11.184753,2.796000,2,0,6000.0000,-1000.0000,90.0000,0.0000,1,4.0,67.00,0.0,0.0,0.0,0.0
1176,10.860876,10.979688,2.827000,2,0,6000.0000,-1000.0000,90.0000,0.0000,1,4.0,67.00,0.0,0.0,0.0,0.0
1177,14.049415,10.866076,2.779000,2,0,6000.0000,-1000.0000,90.0000,0.0000,1,4.0,67.00,0.0,0.0,0.0,0.0
1178,12.004410,14.068656,2.837000,2,0,6000.0000,-1000.0000,90.0000,0.0000,1,4.0,67.00,0.0,0.0,0.0,0.0
1179,12.334678,11.998860,2.797000,2,0,6000.0000,-1000.0000,90.0000,0.0000,1,4.0,67.00,0.0,0.0,0.0,0.0
1180,11.868818,12.311807,2.788000,2,0,6000.0000,-1000.0000,90.0000,0.0000,1,4.0,67.00,0.0,0.0,0.0,0.0
1181,12.967651,11.879459,2.734000,2,0,6000.0000,-1000.0000,90.0000,0.0000,1,4.0,67.00,0.0,0.0,0.0,0.0
1182,12.824789,12.957361,2.800000,2,0,6000.0000,-1000.0000,90.0000,0.0000,1,4.0,67.00,0.0,0.0,0.0,0.0
1183,12.913411,12.934331,2.831000,2,0,6000.0000,-1000.0000,90.0000,0.0000,1,4.0,67.00,0.0,0.0,0.0,0.0
1184,11.839077,12.802698,2.754000,2,0,6000.0000,-1000.0000,90.0000,0.0000,1,4.0,67.00,0.0,0.0,0.0,0.0
1185,13.100794,11.836717,2.787000,2,0,6000.0000,-1000.0000,90.0000,0.0000,1,4.0,67.00,0.0,0.0,0.0,0.0
1186,12.548402,13.098875,2.830000,2,0,6000.0000,-1000.0000,90.0000,0.0000,1,4.0,67.00,0.0,0.0,0.0,0.0
1187,12.643775,12.558403,2.733000,2,0,6000.0000,-1000.0000,90.0000,0.0000,1,4.0,67.00,0.0,0.0,0.0,0.0
1188,12.528762,12.639204,2.818000,2,0,6000.0000,-1000.0000,90.0000,0.0000,1,4.0,67.00,0.0,0.0,0.0,0.0
1189,12.179985,12.556793,2.735000,2,0,6000.0000,-1000.0000,90.0000,0.0000,1,4.0,67.00,0.0,0.0,0.0,0.0
1190,13.892762,12.144943,2.776000,2,0,6000.0000,-1000.0000,90.0000,0.0000,1,4.0,67.00,0.0,0.0,0.0,0.0
1191,13.128935,13.941493,2.802000,2,0,6000.0000,-1000.0000,90.0000,0.0000,1,4.0,67.00,0.0,0.0,0.0,0.0
1192,13.228657,13.090084,2.804000,2,0,6000.0000,-1000.0000,90.0000,0.0000,1,4.0,67.00,0.0,0.0,0.0,0.0
1193,12.226055,13.268868,2.735000,2,0,6000.0000,-1000.0000,90.0000,0.0000,1,4.0,67.00,0.0,0.0,0.0,0.0
1194,9.880385,12.189335,2.772000,2,0,6000.0000,-1000.0000,90.0000,0.0000,1,4.0,67.00,0.0,0.0,0.0,0.0
1195,10.585570,9.886205,2.845000,2,0,6000.0000,-1000.0000,90.0000,0.0000,1,4.0,67.00,0.0,0.0,0.0,0.0
1196,12.251886,10.571930,2.822000,2,0,6000.0000,-1000.0000,90.0000,0.0000,1,4.0,67.00,0.0,0.0,0.0,0.0
1197,11.777346,12.256776,2.856000,2,0,6000.0000,-1000.0000,90.0000,0.0000,1,4.0,67.00,0.0,0.0,0.0,0.0
1198,11.292675,11.767065,2.851000,2,0,6000.0000,-1000.0000,90.0000,0.0000,1,4.0,67.00,0.0,0.0,0.0,0.0
1199,11.666184,11.292105,2.786000,2,0,6000.0000,-1000.0000,90.0000,0.0000,1,4.0,67.00,0.0,0.0,0.0,0.0
1200,11.636972,11.679604,2.764000,2,0,6000.0000,-1000.0000,90.0000,0.0000,1,4.0,67.00,0.0,0.0,0.0,0.0
1201,12.605974,11.648563,2.785000,2,0,6000.0000,-1000.0000,90.0000,0.0000,1,4.0,67.00,0.0,0.0,0.0,0.0
1202,12.055991,12.630664,2.836000,2,0,6000.0000,-1000.0000,90.0000,0.0000,1,4.0,67.00,0.0,0.0,0.0,0.0
1203,12.325268,12.058702,2.807000,2,0,6000.0000,-1000.0000,90.0000,0.0000,1,4.0,67.00,0.0,0.0,0.0,0.0
1204,12.430280,12.291357,2.875000,2,0,6000.0000,-1000.0000,90.0000,0.0000,1,4.0,67.00,0.0,0.0,0.0,0.0
1205,12.609983,12.431360,2.723000,2,0,6000.0000,-1000.0000,90.0000,0.0000,1,4.0,67.00,0.0,0.0,0.0,0.0
1206,12.708337,12.602613,2.739000,2,0,6000.0000,-1000.0000,90.0000,0.0000,1,4.0,67.00,0.0,0.0,0.0,0.0
1207,12.518131,12.733027,2.870000,2,0,6000.0000,-1000.0000,90.0000,0.0000,1,4.0,67.00,0.0,0.0,0.0,0.0
1208,12.239507,12.525402,2.800000,2,0,6000.0000,-1000.0000,90.0000,0.0000,1,4.0,67.00,0.0,0.0,0.0,0.0
1209,12.815457,12.205775,2.825000,2,0,6000.0000,-1000.0000,90.0000,0.0000,1,4.0,67.00,0.0,0.0,0.0,0.0
1210,12.107774,12.846119,2.799000,2,0,6000.0000,-1000.0000,90.0000,0.0000,1,4.0,67.00,0.0,0.0,0.0,0.0
1211,11.981059,12.070352,2.747000,2,0,6000.0000,-1000.0000,90.0000,0.0000,1,4.0,67.00,0.0,0.0,0.0,0.0
1212,12.047023,11.999141,2.784000,2,0,6000.0000,-1000.0000,90.0000,0.0000,1,4.0,67.00,0.0,0.0,0.0,0.0
1213,12.486570,12.026881,2.815000,2,0,6000.0000,-1000.0000,90.0000,0.0000,1,4.0,67.00,0.0,0.0,0.0,0.0
1214,11.804197,12.519452,2.803000,2,0,6000.0000,-1000.0000,90.0000,0.0000,1,4.0,67.00,0.0,0.0,0.0,0.0
1215,12.229905,11.768055,2.793000,2,0,6000.0000,-1000.0000,90.0000,0.0000,1,4.0,67.00,0.0,0.0,0.0,0.0
1216,10.978559,12.301197,2.813000,2,0,6000.0000,-1000.0000,90.0000,0.0000,1,4.0,67.00,0.0,0.0,0.0,0.0
1217,11.069640,10.962608,2.795000,2,0,6000.0000,-1000.0000,90.0000,0.0000,1,4.0,67.00,0.0,0.0,0.0,0.0
1218,11.042190,11.026610,2.855000,2,0,6000.0000,-1000.0000,90.0000,0.0000,1,4.0,67.00,0.0,0.0,0.0,0.0
1219,10.986418,11.043919,2.718000,2,0,6000.0000,-1000.0000,90.0000,0.0000,1,4.0,67.00,0.0,0.0,0.0,0.0
1220,11.150312,10.996779,2.808000,2,0,6000.0000,-1000.0000,90.0000,0.0000,1,4.0,67.00,0.0,0.0,0.0,0.0
1221,11.393378,11.174974,2.750000,2,0,6000.0000,-1000.0000,90.0000,0.0000,1,4.0,67.00,0.0,0.0,0.0,0.0
1222,11.373047,11.359246,2.817000,2,0,6000.0000,-1000.0000,90.0000,0.0000,1,4.0,67.00,0.0,0.0,0.0,0.0
1223,11.402817,11.425118,2.774000,2,0,6000.0000,-1000.0000,90.0000,0.0000,1,4.0,67.00,0.0,0.0,0.0,0.0
1224,11.295266,11.346307,2.770000,2,0,6000.0000,-1000.0000,90.0000,0.0000,1,4.0,67.00,0.0,0.0,0.0,0.0
1225,12.172324,11.301975,2.733000,2,0,6000.0000,-1000.0000,90.0000,0.0000,1,4.0,67.00,0.0,0.0,0.0,0.0
1226,12.023941,12.164714,2.837000,2,0,6000.0000,-1000.0000,90.0000,0.0000,1,4.0,67.00,0.0,0.0,0.0,0.0
1227,11.916369,12.016681,2.868000,2,0,6000.0000,-1000.0000,90.0000,0.0000,1,4.0,67.00,0.0,0.0,0.0,0.0
1228,11.630432,11.911539,2.862000,2,0,6000.0000,-1000.0000,90.0000,0.0000,1,4.0,67.00,0.0,0.0,0.0,0.0
1229,10.927438,11.617352,2.737000,2,0,6000.0000,-1000.0000,90.0000,0.0000,1,4.0,67.00,0.0,0.0,0.0,0.0
1230,13.357950,10.970529,2.699000,2,0,6000.0000,-1000.0000,90.0000,0.0000,1,4.0,67.00,0.0,0.0,0.0,0.0
1231,12.014191,13.326269,2.792000,2,0,6000.0000,-1000.0000,90.0000,0.0000,1,4.0,67.00,0.0,0.0,0.0,0.0
1232,11.922619,12.014111,2.763000,2,0,6000.0000,-1000.0000,90.0000,0.0000,1,4.0,67.00,0.0,0.0,0.0,0.0
1233,11.856517,11.939019,2.909000,2,0,6000.0000,-1000.0000,90.0000,0.0000,1,4.0,67.00,0.0,0.0,0.0,0.0
1234,12.737207,11.838247,2.830000,2,0,6000.0000,-1000.0000,90.0000,0.0000,1,4.0,67.00,0.0,0.0,0.0,0.0
1235,11.609672,12.768867,2.767000,2,0,6000.0000,-1000.0000,90.0000,0.0000,1,4.0,67.00,0.0,0.0,0.0,0.0
1236,11.545640,11.596152,2.800000,2,0,6000.0000,-1000.0000,90.0000,0.0000,1,4.0,67.00,0.0,0.0,0.0,0.0
1237,11.485210,11.531531,2.866000,2,0,6000.0000,-1000.0000,90.0000,0.0000,1,4.0,67.00,0.0,0.0,0.0,0.0
1238,11.442838,11.479488,2.801000,2,0,6000.0000,-1000.0000,90.0000,0.0000,1,4.0,67.00,0.0,0.0,0.0,0.0
1239,11.488520,11.492241,2.881000,2,0,6000.0000,-1000.0000,90.0000,0.0000,1,4.0,67.00,0.0,0.0,0.0,0.0
1240,10.879007,11.466108,2.768000,2,0,6000.0000,-1000.0000,90.0000,0.0000,1,4.0,67.00,0.0,0.0,0.0,0.0
1241,11.033899,10.904037,2.736000,2,0,6000.0000,-1000.0000,90.0000,0.0000,1,4.0,67.00,0.0,0.0,0.0,0.0
1242,12.255696,11.051350,2.841000,2,0,6000.0000,-1000.0000,90.0000,0.0000,1,4.0,67.00,0.0,0.0,0.0,0.0
1243,11.415088,12.243136,2.851000,2,0,6000.0000,-1000.0000,90.0000,0.0000,1,4.0,67.00,0.0,0.0,0.0,0.0
1244,11.470919,11.456099,2.767000,2,0,6000.0000,-1000.0000,90.0000,0.0000,1,4.0,67.00,0.0,0.0,0.0,0.0
1245,11.364927,11.514079,2.806000,2,0,6000.0000,-1000.0000,90.0000,0.0000,1,4.0,67.00,0.0,0.0,0.0,0.0
1246,11.945149,11.275755,2.766000,2,0,6000.0000,-1000.0000,90.0000,0.0000,1,4.0,67.00,0.0,0.0,0.0,0.0
1247,12.984262,12.090742,2.769000,2,0,6000.0000,-1000.0000,90.0000,0.0000,1,4.0,67.00,0.0,0.0,0.0,0.0
1248,11.273255,12.845650,2.813000,2,0,6000.0000,-1000.0000,90.0000,0.0000,1,4.0,67.00,0.0,0.0,0.0,0.0
1249,10.566690,11.305856,2.783000,2,0,6000.0000,-1000.0000,90.0000,0.0000,1,4.0,67.00,0.0,0.0,0.0,0.0
1250,10.874716,10.491747,2.799000,2,0,6000.0000,-1000.0000,90.0000,0.0000,1,4.0,67.00,0.0,0.0,0.0,0.0
1251,10.801805,10.860126,2.765000,2,0,6000.0000,-1000.0000,90.0000,0.0000,1,4.0,67.00,0.0,0.0,0.0,0.0
1252,11.382766,10.805075,2.847000,2,0,6000.0000,-1000.0000,90.0000,0.0000,1,4.0,67.00,0.0,0.0,0.0,0.0
1253,10.799705,11.391627,2.780000,2,0,6000.0000,-1000.0000,90.0000,0.0000,1,4.0,67.00,0.0,0.0,0.0,0.0
1254,10.747243,10.784974,2.715000,2,0,6000.0000,-1000.0000,90.0000,0.0000,1,4.0,67.00,0.0,0.0,0.0,0.0
1255,10.720863,10.750124,2.814000,2,0,6000.0000,-1000.0000,90.0000,0.0000,1,4.0,67.00,0.0,0.0,0.0,0.0
1256,10.423377,10.759223,2.789000,2,0,6000.0000,-1000.0000,90.0000,0.0000,1,4.0,67.00,0.0,0.0,0.0,0.0
1257,11.184492,10.401076,2.786000,2,0,6000.0000,-1000.0000,90.0000,0.0000,1,4.0,67.00,0.0,0.0,0.0,0.0
1258,10.514808,11.169063,2.793000,2,0,6000.0000,-1000.0000,90.0000,0.0000,1,4.0,67.00,0.0,0.0,0.0,0.0
1259,10.610911,10.547949,2.804000,2,0,6000.0000,-1000.0000,90.0000,0.0000,1,4.0,67.00,0.0,0.0,0.0,0.0
1260,10.342124,10.579080,2.743000,2,0,6000.0000,-1000.0000,90.0000,0.0000,1,4.0,67.00,0.0,0.0,0.0,0.0
1261,10.839286,10.347494,2.721000,2,0,6000.0000,-1000.0000,90.0000,0.0000,1,4.0,67.00,0.0,0.0,0.0,0.0
1262,11.036890,10.861476,2.858000,2,0,6000.0000,-1000.0000,90.0000,0.0000,1,4.0,67.00,0.0,0.0,0.0,0.0
1263,10.676362,11.045670,2.762000,2,0,6000.0000,-1000.0000,90.0000,0.0000,1,4.0,67.00,0.0,0.0,0.0,0.0
1264,11.079280,10.640031,2.715000,2,0,6000.0000,-1000.0000,90.0000,0.0000,1,4.0,67.00,0.0,0.0,0.0,0.0
1265,11.074851,11.083611,2.807000,2,0,6000.0000,-1000.0000,90.0000,0.0000,1,4.0,67.00,0.0,0.0,0.0,0.0
1266,10.886486,11.068690,2.767000,2,0,6000.0000,-1000.0000,90.0000,0.0000,1,4.0,67.00,0.0,0.0,0.0,0.0
1267,11.163893,10.886607,2.707000,2,0,6000.0000,-1000.0000,90.0000,0.0000,1,4.0,67.00,0.0,0.0,0.0,0.0
1268,10.926177,11.200563,2.786000,2,0,6000.0000,-1000.0000,90.0000,0.0000,1,4.0,67.00,0.0,0.0,0.0,0.0
1269,11.002159,10.889156,2.785000,2,0,6000.0000,-1000.0000,90.0000,0.0000,1,4.0,67.00,0.0,0.0,0.0,0.0
1270,11.084950,11.002909,2.833000,2,0,6000.0000,-1000.0000,90.0000,0.0000,1,4.0,67.00,0.0,0.0,0.0,0.0
1271,11.319736,11.117771,2.863000,2,0,6000.0000,-1000.0000,90.0000,0.0000,1,4.0,67.00,0.0,0.0,0.0,0.0
1272,10.924497,11.288646,2.783000,2,0,6000.0000,-1000.0000,90.0000,0.0000,1,4.0,67.00,0.0,0.0,0.0,0.0
1273,11.731865,10.929457,2.735000,2,0,6000.0000,-1000.0000,90.0000,0.0000,1,4.0,67.00,0.0,0.0,0.0,0.0
1274,11.178213,11.759075,2.844000,2,0,6000.0000,-1000.0000,90.0000,0.0000,1,4.0,67.00,0.0,0.0,0.0,0.0
1275,10.989289,11.177153,2.809000,2,0,6000.0000,-1000.0000,90.0000,0.0000,1,4.0,67.00,0.0,0.0,0.0,0.0
1276,11.632843,10.994069,2.819000,2,0,6000.0000,-1000.0000,90.0000,0.0000,1,4.0,67.00,0.0,0.0,0.0,0.0
1277,11.223373,11.601172,2.824000,2,0,6000.0000,-1000.0000,90.0000,0.0000,1,4.0,67.00,0.0,0.0,0.0,0.0
1278,11.266024,11.253514,2.811000,2,0,6000.0000,-1000.0000,90.0000,0.0000,1,4.0,67.00,0.0,0.0,0.0,0.0
1279,11.465390,11.231564,2.765000,2,0,6000.0000,-1000.0000,90.0000,0.0000,1,4.0,67.00,0.0,0.0,0.0,0.0
1280,10.875766,11.462759,2.740000,2,0,6000.0000,-1000.0000,90.0000,0.0000,1,4.0,67.00,0.0,0.0,0.0,0.0
1281,10.865655,10.879017,2.805000,2,0,6000.0000,-1000.0000,90.0000,0.0000,1,4.0,67.00,0.0,0.0,0.0,0.0
1282,11.886769,10.919567,2.849000,2,0,6000.0000,-1000.0000,90.0000,0.0000,1,4.0,67.00,0.0,0.0,0.0,0.0
1283,10.605450,11.834667,2.827000,2,0,6000.0000,-1000.0000,90.0000,0.0000,1,4.0,67.00,0.0,0.0,0.0,0.0
1284,11.091561,10.674351,2.828000,2,0,6000.0000,-1000.0000,90.0000,0.0000,1,4.0,67.00,0.0,0.0,0.0,0.0
1285,10.986169,11.060430,2.748000,2,0,6000.0000,-1000.0000,90.0000,0.0000,1,4.0,67.00,0.0,0.0,0.0,0.0
1286,10.881406,10.977129,2.737000,2,0,6000.0000,-1000.0000,90.0000,0.0000,1,4.0,67.00,0.0,0.0,0.0,0.0
1287,10.743874,10.842805,2.782000,2,0,6000.0000,-1000.0000,90.0000,0.0000,1,4.0,67.00,0.0,0.0,0.0,0.0
1288,11.373666,10.755384,2.745000,2,0,6000.0000,-1000.0000,90.0000,0.0000,1,4.0,67.00,0.0,0.0,0.0,0.0
1289,10.820496,11.404117,2.787000,2,0,6000.0000,-1000.0000,90.0000,0.0000,1,4.0,67.00,0.0,0.0,0.0,0.0
1290,11.103310,10.781045,2.759000,2,0,6000.0000,-1000.0000,90.0000,0.0000,1,4.0,67.00,0.0,0.0,0.0,0.0
1291,11.168713,11.110851,2.788000,2,0,6000.0000,-1000.0000,90.0000,0.0000,1,4.0,67.00,0.0,0.0,0.0,0.0
1292,11.292205,11.188623,2.839000,2,0,6000.0000,-1000.0000,90.0000,0.0000,1,4.0,67.00,0.0,0.0,0.0,0.0
1293,11.602092,11.291936,2.890000,2,0,6000.0000,-1000.0000,90.0000,0.0000,1,4.0,67.00,0.0,0.0,0.0,0.0
1294,11.320526,11.623081,2.827000,2,0,6000.0000,-1000.0000,90.0000,0.0000,1,4.0,67.00,0.0,0.0,0.0,0.0
1295,11.084250,11.274415,2.736000,2,0,6000.0000,-1000.0000,90.0000,0.0000,1,4.0,67.00,0.0,0.0,0.0,0.0
1296,10.646252,11.106392,2.790000,2,0,6000.0000,-1000.0000,90.0000,0.0000,1,4.0,67.00,0.0,0.0,0.0,0.0
1297,11.344926,10.657701,2.787000,2,0,6000.0000,-1000.0000,90.0000,0.0000,1,4.0,67.00,0.0,0.0,0.0,0.0
1298,12.150194,11.287755,2.848000,2,0,6000.0000,-1000.0000,90.0000,0.0000,1,4.0,67.00,0.0,0.0,0.0,0.0
1299,12.375239,12.074913,2.835000,2,0,6000.0000,-1000.0000,90.0000,0.0000,1,4.0,67.00,0.0,0.0,0.0,0.0
1300,11.514480,12.373518,2.773000,2,0,6000.0000,-1000.0000,90.0000,0.0000,1,4.0,67.00,0.0,0.0,0.0,0.0
1301,12.187705,11.511400,2.764000,2,0,6000.0000,-1000.0000,90.0000,0.0000,1,4.0,67.00,0.0,0.0,0.0,0.0
1302,11.621182,12.193415,2.871000,2,0,6000.0000,-1000.0000,90.0000,0.0000,1,4.0,67.00,0.0,0.0,0.0,0.0
1303,12.074952,11.801276,2.891000,2,0,6000.0000,-1000.0000,90.0000,0.0000,1,4.0,67.00,0.0,0.0,0.0,0.0
1304,11.315036,12.111774,2.879000,2,0,6000.0000,-1000.0000,90.0000,0.0000,1,4.0,67.00,0.0,0.0,0.0,0.0
1305,12.263976,11.261794,2.798000,2,0,6000.0000,-1000.0000,90.0000,0.0000,1,4.0,67.00,0.0,0.0,0.0,0.0
1306,11.691024,12.284816,2.797000,2,0,6000.0000,-1000.0000,90.0000,0.0000,1,4.0,67.00,0.0,0.0,0.0,0.0
1307,11.985340,11.634394,2.758000,2,0,6000.0000,-1000.0000,90.0000,0.0000,1,4.0,67.00,0.0,0.0,0.0,0.0
1308,11.470760,11.988280,2.872000,2,0,6000.0000,-1000.0000,90.0000,0.0000,1,4.0,67.00,0.0,0.0,0.0,0.0
1309,11.054690,11.494969,2.783000,2,0,6000.0000,-1000.0000,90.0000,0.0000,1,4.0,67.00,0.0,0.0,0.0,0.0
1310,11.588202,11.052140,2.822000,2,0,6000.0000,-1000.0000,90.0000,0.0000,1,4.0,67.00,0.0,0.0,0.0,0.0
1311,11.705223,11.559451,2.771000,2,0,6000.0000,-1000.0000,90.0000,0.0000,1,4.0,67.00,0.0,0.0,0.0,0.0
1312,11.633453,11.703064,2.816000,2,0,6000.0000,-1000.0000,90.0000,0.0000,1,4.0,67.00,0.0,0.0,0.0,0.0
1313,11.226324,11.670194,2.771000,2,0,6000.0000,-1000.0000,90.0000,0.0000,1,4.0,67.00,0.0,0.0,0.0,0.0
1314,11.172652,11.187242,2.827000,2,0,6000.0000,-1000.0000,90.0000,0.0000,1,4.0,67.00,0.0,0.0,0.0,0.0
1315,11.242475,11.238405,2.844000,2,0,6000.0000,-1000.0000,90.0000,0.0000,1,4.0,67.00,0.0,0.0,0.0,0.0
1316,11.946569,11.222734,2.734000,2,0,6000.0000,-1000.0000,90.0000,0.0000,1,4.0,67.00,0.0,0.0,0.0,0.0
1317,12.349628,11.947389,2.770000,2,0,6000.0000,-1000.0000,90.0000,0.0000,1,4.0,67.00,0.0,0.0,0.0,0.0
1318,12.008751,12.346348,2.766000,2,0,6000.0000,-1000.0000,90.0000,0.0000,1,4.0,67.00,0.0,0.0,0.0,0.0
1319,12.230696,12.005671,2.826000,2,0,6000.0000,-1000.0000,90.0000,0.0000,1,4.0,67.00,0.0,0.0,0.0,0.0
1320,11.854897,12.200185,2.800000,2,0,6000.0000,-1000.0000,90.0000,0.0000,1,4.0,67.00,0.0,0.0,0.0,0.0
1321,12.571153,11.876758,2.754000,2,0,6000.0000,-1000.0000,90.0000,0.0000,1,4.0,67.00,0.0,0.0,0.0,0.0
1322,13.242358,12.547732,2.865000,2,0,6000.0000,-1000.0000,90.0000,0.0000,1,4.0,67.00,0.0,0.0,0.0,0.0
1323,11.899448,13.249938,2.823000,2,0,6000.0000,-1000.0000,90.0000,0.0000,1,4.0,67.00,0.0,0.0,0.0,0.0
1324,11.613362,11.914729,2.813000,2,0,6000.0000,-1000.0000,90.0000,0.0000,1,4.0,67.00,0.0,0.0,0.0,0.0
1325,11.914069,11.564170,2.725000,2,0,6000.0000,-1000.0000,90.0000,0.0000,1,4.0,67.00,0.0,0.0,0.0,0.0
1326,11.984270,11.912469,2.785000,2,0,6000.0000,-1000.0000,90.0000,0.0000,1,4.0,67.00,0.0,0.0,0.0,0.0
1327,11.334166,12.022171,2.799000,2,0,6000.0000,-1000.0000,90.0000,0.0000,1,4.0,67.00,0.0,0.0,0.0,0.0
1328,11.430189,11.299176,2.723000,2,0,6000.0000,-1000.0000,90.0000,0.0000,1,4.0,67.00,0.0,0.0,0.0,0.0
1329,12.644754,11.453629,2.710000,2,0,6000.0000,-1000.0000,90.0000,0.0000,1,4.0,67.00,0.0,0.0,0.0,0.0
1330,11.633153,12.615424,2.816000,2,0,6000.0000,-1000.0000,90.0000,0.0000,1,4.0,67.00,0.0,0.0,0.0,0.0
1331,11.284634,11.637772,2.791000,2,0,6000.0000,-1000.0000,90.0000,0.0000,1,4.0,67.00,0.0,0.0,0.0,0.0
1332,11.166414,11.305876,2.802000,2,0,6000.0000,-1000.0000,90.0000,0.0000,1,4.0,67.00,0.0,0.0,0.0,0.0
1333,11.693103,11.147212,2.810000,2,0,6000.0000,-1000.0000,90.0000,0.0000,1,4.0,67.00,0.0,0.0,0.0,0.0
1334,11.362207,11.695193,2.735000,2,0,6000.0000,-1000.0000,90.0000,0.0000,1,4.0,67.00,0.0,0.0,0.0,0.0
1335,11.832807,11.351038,2.825000,2,0,6000.0000,-1000.0000,90.0000,0.0000,1,4.0,67.00,0.0,0.0,0.0,0.0
1336,11.783616,11.840417,2.775000,2,0,6000.0000,-1000.0000,90.0000,0.0000,1,4.0,67.00,0.0,0.0,0.0,0.0
1337,12.167704,11.795405,2.817000,2,0,6000.0000,-1000.0000,90.0000,0.0000,1,4.0,67.00,0.0,0.0,0.0,0.0
1338,11.919019,12.170935,2.805000,2,0,6000.0000,-1000.0000,90.0000,0.0000,1,4.0,67.00,0.0,0.0,0.0,0.0
1339,12.090892,11.909418,2.830000,2,0,6000.0000,-1000.0000,90.0000,0.0000,1,4.0,67.00,0.0,0.0,0.0,0.0
1340,11.782076,12.094654,2.795000,2,0,6000.0000,-1000.0000,90.0000,0.0000,1,4.0,67.00,0.0,0.0,0.0,0.0
1341,11.929859,11.784725,2.846000,2,0,6000.0000,-1000.0000,90.0000,0.0000,1,4.0,67.00,0.0,0.0,0.0,0.0
1342,11.447880,11.914609,2.794000,2,0,6000.0000,-1000.0000,90.0000,0.0000,1,4.0,67.00,0.0,0.0,0.0,0.0
1343,11.332315,11.450569,2.730000,2,0,6000.0000,-1000.0000,90.0000,0.0000,1,4.0,67.00,0.0,0.0,0.0,0.0
1344,11.824457,11.412707,2.753000,2,0,6000.0000,-1000.0000,90.0000,0.0000,1,4.0,67.00,0.0,0.0,0.0,0.0
1345,11.790205,11.777186,2.796000,2,0,6000.0000,-1000.0000,90.0000,0.0000,1,4.0,67.00,0.0,0.0,0.0,0.0
1346,11.748756,11.783226,2.778000,2,0,6000.0000,-1000.0000,90.0000,0.0000,1,4.0,67.00,0.0,0.0,0.0,0.0
1347,11.173782,11.744845,2.793000,2,0,6000.0000,-1000.0000,90.0000,0.0000,1,4.0,67.00,0.0,0.0,0.0,0.0
1348,11.065641,11.165543,2.798000,2,0,6000.0000,-1000.0000,90.0000,0.0000,1,4.0,67.00,0.0,0.0,0.0,0.0
1349,11.653903,11.091431,2.752000,2,0,6000.0000,-1000.0000,90.0000,0.0000,1,4.0,67.00,0.0,0.0,0.0,0.0
1350,11.540291,11.621782,2.814000,2,0,6000.0000,-1000.0000,90.0000,0.0000,1,4.0,67.00,0.0,0.0,0.0,0.0
1351,11.582741,11.537321,2.776000,2,0,6000.0000,-1000.0000,90.0000,0.0000,1,4.0,67.00,0.0,0.0,0.0,0.0
1352,11.460250,11.579591,2.760000,2,0,6000.0000,-1000.0000,90.0000,0.0000,1,4.0,67.00,0.0,0.0,0.0,0.0
1353,11.586041,11.498420,2.740000,2,0,6000.0000,-1000.0000,90.0000,0.0000,1,4.0,67.00,0.0,0.0,0.0,0.0
1354,12.605004,11.569870,2.810000,2,0,6000.0000,-1000.0000,90.0000,0.0000,1,4.0,67.00,0.0,0.0,0.0,0.0
1355,11.869518,12.624125,2.824000,2,0,6000.0000,-1000.0000,90.0000,0.0000,1,4.0,67.00,0.0,0.0,0.0,0.0
1356,11.747224,11.868518,2.770000,2,0,6000.0000,-1000.0000,90.0000,0.0000,1,4.0,67.00,0.0,0.0,0.0,0.0
1357,12.086873,11.708854,2.832000,2,0,6000.0000,-1000.0000,90.0000,0.0000,1,4.0,67.00,0.0,0.0,0.0,0.0
1358,11.855827,12.086633,2.895000,2,0,6000.0000,-1000.0000,90.0000,0.0000,1,4.0,67.00,0.0,0.0,0.0,0.0
1359,11.910249,11.852127,2.863000,2,0,6000.0000,-1000.0000,90.0000,0.0000,1,4.0,67.00,0.0,0.0,0.0,0.0
1360,11.789716,11.930919,2.817000,2,0,6000.0000,-1000.0000,90.0000,0.0000,1,4.0,67.00,0.0,0.0,0.0,0.0
1361,11.710065,11.771335,2.746000,2,0,6000.0000,-1000.0000,90.0000,0.0000,1,4.0,67.00,0.0,0.0,0.0,0.0
1362,11.932689,11.735706,2.767000,2,0,6000.0000,-1000.0000,90.0000,0.0000,1,4.0,67.00,0.0,0.0,0.0,0.0
1363,12.536892,11.942529,2.728000,2,0,6000.0000,-1000.0000,90.0000,0.0000,1,4.0,67.00,0.0,0.0,0.0,0.0
1364,11.710654,12.573293,2.855000,2,0,6000.0000,-1000.0000,90.0000,0.0000,1,4.0,67.00,0.0,0.0,0.0,0.0
1365,11.965160,11.640283,2.907000,2,0,6000.0000,-1000.0000,90.0000,0.0000,1,4.0,67.00,0.0,0.0,0.0,0.0
1366,11.397087,11.974700,2.833000,2,0,6000.0000,-1000.0000,90.0000,0.0000,1,4.0,67.00,0.0,0.0,0.0,0.0
1367,11.872398,11.414318,2.871000,2,0,6000.0000,-1000.0000,90.0000,0.0000,1,4.0,67.00,0.0,0.0,0.0,0.0
1368,11.731075,11.849347,2.832000,2,0,6000.0000,-1000.0000,90.0000,0.0000,1,4.0,67.00,0.0,0.0,0.0,0.0
1369,11.546420,11.729245,2.809000,2,0,6000.0000,-1000.0000,90.0000,0.0000,1,4.0,67.00,0.0,0.0,0.0,0.0
1370,11.589713,11.559001,2.842000,2,0,6000.0000,-1000.0000,90.0000,0.0000,1,4.0,67.00,0.0,0.0,0.0,0.0
1371,12.561613,11.660633,2.773000,2,0,6000.0000,-1000.0000,90.0000,0.0000,1,4.0,67.00,0.0,0.0,0.0,0.0
1372,13.225457,12.517622,2.815000,2,0,6000.0000,-1000.0000,90.0000,0.0000,1,4.0,67.00,0.0,0.0,0.0,0.0
1373,12.498541,13.211677,2.856000,2,0,6000.0000,-1000.0000,90.0000,0.0000,1,4.0,67.00,0.0,0.0,0.0,0.0
1374,12.208945,12.527662,2.834000,2,0,6000.0000,-1000.0000,90.0000,0.0000,1,4.0,67.00,0.0,0.0,0.0,0.0
1375,13.236078,12.247886,2.913000,2,0,6000.0000,-1000.0000,90.0000,0.0000,1,4.0,67.00,0.0,0.0,0.0,0.0
1376,11.442498,13.218947,2.822000,2,0,6000.0000,-1000.0000,90.0000,0.0000,1,4.0,67.00,0.0,0.0,0.0,0.0
1377,11.549971,11.393227,2.821000,2,0,6000.0000,-1000.0000,90.0000,0.0000,1,4.0,67.00,0.0,0.0,0.0,0.0
1378,11.704454,11.548901,2.861000,2,0,6000.0000,-1000.0000,90.0000,0.0000,1,4.0,67.00,0.0,0.0,0.0,0.0
1379,11.988940,11.678814,2.731000,2,0,6000.0000,-1000.0000,90.0000,0.0000,1,4.0,67.00,0.0,0.0,0.0,0.0
1380,12.236777,11.983380,2.813000,2,0,6000.0000,-1000.0000,90.0000,0.0000,1,4.0,67.00,0.0,0.0,0.0,0.0
1381,11.792395,12.267597,2.799000,2,0,6000.0000,-1000.0000,90.0000,0.0000,1,4.0,67.00,0.0,0.0,0.0,0.0
1382,11.283626,11.750035,2.726000,2,0,6000.0000,-1000.0000,90.0000,0.0000,1,4.0,67.00,0.0,0.0,0.0,0.0
1383,11.660352,11.316315,2.835000,2,0,6000.0000,-1000.0000,90.0000,0.0000,1,4.0,67.00,0.0,0.0,0.0,0.0
1384,12.279898,11.715535,2.857000,2,0,6000.0000,-1000.0000,90.0000,0.0000,1,4.0,67.00,0.0,0.0,0.0,0.0
1385,11.474598,12.258706,2.809000,2,0,6000.0000,-1000.0000,90.0000,0.0000,1,4.0,67.00,0.0,0.0,0.0,0.0
1386,11.824377,11.411238,2.756000,2,0,6000.0000,-1000.0000,90.0000,0.0000,1,4.0,67.00,0.0,0.0,0.0,0.0
1387,12.205435,11.823877,2.809000,2,0,6000.0000,-1000.0000,90.0000,0.0000,1,4.0,67.00,0.0,0.0,0.0,0.0
1388,11.897869,12.208344,2.734000,2,0,6000.0000,-1000.0000,90.0000,0.0000,1,4.0,67.00,0.0,0.0,0.0,0.0
1389,11.813166,11.900729,2.750000,2,0,6000.0000,-1000.0000,90.0000,0.0000,1,4.0,67.00,0.0,0.0,0.0,0.0
1390,11.732316,11.807197,2.863000,2,0,6000.0000,-1000.0000,90.0000,0.0000,1,4.0,67.00,0.0,0.0,0.0,0.0
1391,11.856526,11.777436,2.722000,2,0,6000.0000,-1000.0000,90.0000,0.0000,1,4.0,67.00,0.0,0.0,0.0,0.0
1392,11.399808,11.838517,2.770000,2,0,6000.0000,-1000.0000,90.0000,0.0000,1,4.0,67.00,0.0,0.0,0.0,0.0
1393,12.514282,11.369966,2.862000,2,0,6000.0000,-1000.0000,90.0000,0.0000,1,4.0,67.00,0.0,0.0,0.0,0.0
1394,11.670523,12.518632,2.796000,2,0,6000.0000,-1000.0000,90.0000,0.0000,1,4.0,67.00,0.0,0.0,0.0,0.0
1395,13.195767,11.674114,2.835000,2,0,6000.0000,-1000.0000,90.0000,0.0000,1,4.0,67.00,0.0,0.0,0.0,0.0
1396,12.299477,13.193776,2.768000,2,0,6000.0000,-1000.0000,90.0000,0.0000,1,4.0,67.00,0.0,0.0,0.0,0.0
1397,11.886208,12.334579,2.711000,2,0,6000.0000,-1000.0000,90.0000,0.0000,1,4.0,67.00,0.0,0.0,0.0,0.0
1398,11.833207,11.847707,2.767000,2,0,6000.0000,-1000.0000,90.0000,0.0000,1,4.0,67.00,0.0,0.0,0.0,0.0
1399,12.145964,11.830876,2.819000,2,0,6000.0000,-1000.0000,90.0000,0.0000,1,4.0,67.00,0.0,0.0,0.0,0.0
1400,12.220906,12.153165,2.853000,2,0,6000.0000,-1000.0000,90.0000,0.0000,1,4.0,67.00,0.0,0.0,0.0,0.0
1401,11.689713,12.234915,2.801000,2,0,6000.0000,-1000.0000,90.0000,0.0000,1,4.0,67.00,0.0,0.0,0.0,0.0
1402,11.309536,11.635042,2.844000,2,0,6000.0000,-1000.0000,90.0000,0.0000,1,4.0,67.00,0.0,0.0,0.0,0.0
1403,11.084791,11.348497,2.787000,2,0,6000.0000,-1000.0000,90.0000,0.0000,1,4.0,67.00,0.0,0.0,0.0,0.0
1404,11.963490,11.198194,2.828000,2,0,6000.0000,-1000.0000,90.0000,0.0000,1,4.0,67.00,0.0,0.0,0.0,0.0
1405,11.639762,11.904448,2.817000,2,0,6000.0000,-1000.0000,90.0000,0.0000,1,4.0,67.00,0.0,0.0,0.0,0.0
1406,11.250644,11.603072,2.753000,2,0,6000.0000,-1000.0000,90.0000,0.0000,1,4.0,67.00,0.0,0.0,0.0,0.0
1407,14.267321,11.284575,2.779000,2,0,6000.0000,-1000.0000,90.0000,0.0000,1,4.0,67.00,0.0,0.0,0.0,0.0
1408,12.189274,14.241929,2.784000,2,0,6000.0000,-1000.0000,90.0000,0.0000,1,4.0,67.00,0.0,0.0,0.0,0.0
1409,12.826699,12.193815,2.750000,2,0,6000.0000,-1000.0000,90.0000,0.0000,1,4.0,67.00,0.0,0.0,0.0,0.0
1410,11.223313,12.827029,2.751000,2,0,6000.0000,-1000.0000,90.0000,0.0000,1,4.0,67.00,0.0,0.0,0.0,0.0
1411,10.821486,11.223263,2.733000,2,0,6000.0000,-1000.0000,90.0000,0.0000,1,4.0,67.00,0.0,0.0,0.0,0.0
1412,10.395655,10.823815,2.827000,2,0,6000.0000,-1000.0000,90.0000,0.0000,1,4.0,67.00,0.0,0.0,0.0,0.0
1413,10.893077,10.385486,2.747000,2,0,6000.0000,-1000.0000,90.0000,0.0000,1,4.0,67.00,0.0,0.0,0.0,0.0
1414,12.106782,10.974598,2.814000,2,0,6000.0000,-1000.0000,90.0000,0.0000,1,4.0,67.00,0.0,0.0,0.0,0.0
1415,12.044692,12.065812,2.835000,2,0,6000.0000,-1000.0000,90.0000,0.0000,1,4.0,67.00,0.0,0.0,0.0,0.0
1416,11.625793,12.046282,2.802000,2,0,6000.0000,-1000.0000,90.0000,0.0000,1,4.0,67.00,0.0,0.0,0.0,0.0
1417,11.396037,11.775715,2.818000,2,0,6000.0000,-1000.0000,90.0000,0.0000,1,4.0,67.00,0.0,0.0,0.0,0.0
1418,11.131641,11.165703,2.831000,2,0,6000.0000,-1000.0000,90.0000,0.0000,1,4.0,67.00,0.0,0.0,0.0,0.0
1419,11.422759,11.547111,2.745000,2,0,6000.0000,-1000.0000,90.0000,0.0000,1,4.0,67.00,0.0,0.0,0.0,0.0
1420,10.932208,11.058520,2.775000,2,0,6000.0000,-1000.0000,90.0000,0.0000,1,4.0,67.00,0.0,0.0,0.0,0.0
1421,11.825326,11.327636,2.893000,2,0,6000.0000,-1000.0000,90.0000,0.0000,1,4.0,67.00,0.0,0.0,0.0,0.0
1422,10.589700,11.450149,2.893000,2,0,6000.0000,-1000.0000,90.0000,0.0000,1,4.0,67.00,0.0,0.0,0.0,0.0
1423,11.733265,10.661361,2.868000,2,0,6000.0000,-1000.0000,90.0000,0.0000,1,4.0,67.00,0.0,0.0,0.0,0.0
1424,11.584531,11.781556,2.817000,2,0,6000.0000,-1000.0000,90.0000,0.0000,1,4.0,67.00,0.0,0.0,0.0,0.0
1425,11.375518,11.568212,2.785000,2,0,6000.0000,-1000.0000,90.0000,0.0000,1,4.0,67.00,0.0,0.0,0.0,0.0
1426,11.376417,11.280124,2.828000,2,0,6000.0000,-1000.0000,90.0000,0.0000,1,4.0,67.00,0.0,0.0,0.0,0.0
1427,11.201823,11.338176,2.813000,2,0,6000.0000,-1000.0000,90.0000,0.0000,1,4.0,67.00,0.0,0.0,0.0,0.0
1428,11.506570,11.223735,2.792000,2,0,6000.0000,-1000.0000,90.0000,0.0000,1,4.0,67.00,0.0,0.0,0.0,0.0
1429,11.820697,11.471618,2.826000,2,0,6000.0000,-1000.0000,90.0000,0.0000,1,4.0,67.00,0.0,0.0,0.0,0.0
1430,10.683751,11.768106,2.809000,2,0,6000.0000,-1000.0000,90.0000,0.0000,1,4.0,67.00,0.0,0.0,0.0,0.0
1431,11.835937,10.806825,2.792000,2,0,6000.0000,-1000.0000,90.0000,0.0000,1,4.0,67.00,0.0,0.0,0.0,0.0
1432,11.789497,11.770735,2.914000,2,0,6000.0000,-1000.0000,90.0000,0.0000,1,4.0,67.00,0.0,0.0,0.0,0.0
1433,11.978410,11.788546,2.828000,2,0,6000.0000,-1000.0000,90.0000,0.0000,1,4.0,67.00,0.0,0.0,0.0,0.0
1434,12.052472,12.082263,2.866000,2,0,6000.0000,-1000.0000,90.0000,0.0000,1,4.0,67.00,0.0,0.0,0.0,0.0
1435,11.906168,12.041901,2.843000,2,0,6000.0000,-1000.0000,90.0000,0.0000,1,4.0,67.00,0.0,0.0,0.0,0.0
1436,11.543750,11.991951,2.782000,2,0,6000.0000,-1000.0000,90.0000,0.0000,1,4.0,67.00,0.0,0.0,0.0,0.0
1437,11.742976,11.718594,2.795000,2,0,6000.0000,-1000.0000,90.0000,0.0000,1,4.0,67.00,0.0,0.0,0.0,0.0
1438,11.672354,11.628083,2.852000,2,0,6000.0000,-1000.0000,90.0000,0.0000,1,4.0,67.00,0.0,0.0,0.0,0.0
1439,11.637112,11.436478,2.798000,2,0,6000.0000,-1000.0000,90.0000,0.0000,1,4.0,67.00,0.0,0.0,0.0,0.0
1440,11.790446,11.696994,2.831000,2,0,6000.0000,-1000.0000,90.0000,0.0000,1,4.0,67.00,0.0,0.0,0.0,0.0
1441,11.999950,11.718184,2.802000,2,0,6000.0000,-1000.0000,90.0000,0.0000,1,4.0,67.00,0.0,0.0,0.0,0.0
1442,12.307318,11.938770,2.787000,2,0,6000.0000,-1000.0000,90.0000,0.0000,1,4.0,67.00,0.0,0.0,0.0,0.0
1443,12.216826,12.473991,2.765000,2,0,6000.0000,-1000.0000,90.0000,0.0000,1,4.0,67.00,0.0,0.0,0.0,0.0
1444,11.599121,12.251976,2.799000,2,0,6000.0000,-1000.0000,90.0000,0.0000,1,4.0,67.00,0.0,0.0,0.0,0.0
1445,11.515110,11.572082,2.846000,2,0,6000.0000,-1000.0000,90.0000,0.0000,1,4.0,67.00,0.0,0.0,0.0,0.0
1446,11.997701,11.498519,2.766000,2,0,6000.0000,-1000.0000,90.0000,0.0000,1,4.0,67.00,0.0,0.0,0.0,0.0
1447,11.807587,11.887728,2.773000,2,0,6000.0000,-1000.0000,90.0000,0.0000,1,4.0,67.00,0.0,0.0,0.0,0.0
1448,12.033781,11.971890,2.725000,2,0,6000.0000,-1000.0000,90.0000,0.0000,1,4.0,67.00,0.0,0.0,0.0,0.0
1449,11.981940,12.116723,2.846000,2,0,6000.0000,-1000.0000,90.0000,0.0000,1,4.0,67.00,0.0,0.0,0.0,0.0
1450,12.204275,11.940820,2.767000,2,0,6000.0000,-1000.0000,90.0000,0.0000,1,4.0,67.00,0.0,0.0,0.0,0.0
1451,12.183684,12.180304,2.810000,2,0,6000.0000,-1000.0000,90.0000,0.0000,1,4.0,67.00,0.0,0.0,0.0,0.0
1452,12.116394,12.096763,2.798000,2,0,6000.0000,-1000.0000,90.0000,0.0000,1,4.0,67.00,0.0,0.0,0.0,0.0
1453,12.206324,12.100702,2.762000,2,0,6000.0000,-1000.0000,90.0000,0.0000,1,4.0,67.00,0.0,0.0,0.0,0.0
1454,12.165344,12.232827,2.857000,2,0,6000.0000,-1000.0000,90.0000,0.0000,1,4.0,67.00,0.0,0.0,0.0,0.0
1455,11.961280,12.195244,2.777000,2,0,6000.0000,-1000.0000,90.0000,0.0000,1,4.0,67.00,0.0,0.0,0.0,0.0
1456,12.610965,11.912019,2.822000,2,0,6000.0000,-1000.0000,90.0000,0.0000,1,4.0,67.00,0.0,0.0,0.0,0.0
1457,11.790306,12.746406,2.791000,2,0,6000.0000,-1000.0000,90.0000,0.0000,1,4.0,67.00,0.0,0.0,0.0,0.0
1458,11.808877,11.672954,2.729000,2,0,6000.0000,-1000.0000,90.0000,0.0000,1,4.0,67.00,0.0,0.0,0.0,0.0
1459,12.766806,11.875568,2.838000,2,0,6000.0000,-1000.0000,90.0000,0.0000,1,4.0,67.00,0.0,0.0,0.0,0.0
1460,12.535833,12.729067,2.769000,2,0,6000.0000,-1000.0000,90.0000,0.0000,1,4.0,67.00,0.0,0.0,0.0,0.0
1461,11.994540,12.535712,2.802000,2,0,6000.0000,-1000.0000,90.0000,0.0000,1,4.0,67.00,0.0,0.0,0.0,0.0
1462,17.001559,11.815716,2.750000,2,0,6000.0000,-1000.0000,90.0000,0.0000,1,4.0,67.00,0.0,0.0,0.0,0.0
1463,11.722895,17.263505,2.864000,2,0,6000.0000,-1000.0000,90.0000,0.0000,1,4.0,67.00,0.0,0.0,0.0,0.0
1464,12.209325,11.993270,2.819000,2,0,6000.0000,-1000.0000,90.0000,0.0000,1,4.0,67.00,0.0,0.0,0.0,0.0
1465,12.620164,11.716555,2.822000,2,0,6000.0000,-1000.0000,90.0000,0.0000,1,4.0,67.00,0.0,0.0,0.0,0.0
1466,12.953461,12.609004,2.744000,2,0,6000.0000,-1000.0000,90.0000,0.0000,1,4.0,67.00,0.0,0.0,0.0,0.0
1467,11.547891,13.400991,2.759000,2,0,6000.0000,-1000.0000,90.0000,0.0000,1,4.0,67.00,0.0,0.0,0.0,0.0
1468,12.122083,11.290555,2.816000,2,0,6000.0000,-1000.0000,90.0000,0.0000,1,4.0,67.00,0.0,0.0,0.0,0.0
1469,12.160024,12.495602,2.845000,2,0,6000.0000,-1000.0000,90.0000,0.0000,1,4.0,67.00,0.0,0.0,0.0,0.0
1470,11.271515,11.775166,2.756000,3,0,6000.0000,-1000.0000,90.0000,0.0000,1,4.0,67.00,0.0,0.0,0.0,0.0
1471,10.945358,11.135612,2.756000,3,1,6000.0000,-1000.0000,90.0000,0.0000,1,4.0,67.00,0.0,0.0,0.0,0.0
1472,731.533898,11.112471,2.746000,3,0,6000.0000,-1000.0000,90.0000,0.0000,1,4.0,67.00,0.0,0.0,0.0,0.0
1473,4.706121,731.302582,2.746000,3,1,6000.0000,-1000.0000,90.0000,0.0000,1,4.0,67.00,0.0,0.0,0.0,0.0
1474,147.435183,4.672852,2.939000,3,0,6000.0000,-1000.0000,90.0000,0.0000,1,4.0,67.00,0.0,0.0,0.0,0.0
1475,5.192983,147.458712,2.939000,3,1,6000.0000,-1000.0000,90.0000,0.0000,1,4.0,67.00,0.0,0.0,0.0,0.0
1476,147.128175,5.177752,2.931000,3,0,6000.0000,-1000.0000,90.0000,0.0000,1,4.0,67.00,0.0,0.0,0.0,0.0
1477,5.543821,147.161056,2.931000,3,1,6000.0000,-1000.0000,90.0000,0.0000,1,4.0,67.00,0.0,0.0,0.0,0.0
1478,147.151506,5.496500,2.915000,3,0,6000.0000,-1000.0000,90.0000,0.0000,1,4.0,67.00,0.0,0.0,0.0,0.0
1479,5.069220,147.176257,2.915000,3,1,6000.0000,-1000.0000,90.0000,0.0000,1,4.0,67.00,0.0,0.0,0.0,0.0
1480,147.266568,5.040369,3.021000,3,0,6000.0000,-1000.0000,90.0000,0.0000,1,4.0,67.00,0.0,0.0,0.0,0.0
1481,5.188982,147.334100,3.021000,3,1,6000.0000,-1000.0000,90.0000,0.0000,1,4.0,67.00,0.0,0.0,0.0,0.0
1482,148.025245,5.125821,2.920000,3,0,6000.0000,-1000.0000,90.0000,0.0000,1,4.0,67.00,0.0,0.0,0.0,0.0
1483,5.162492,148.066096,2.920000,3,1,6000.0000,-1000.0000,90.0000,0.0000,1,4.0,67.00,0.0,0.0,0.0,0.0
1484,172.711532,5.128261,3.014000,3,0,6000.0000,-1000.0000,90.0000,0.0000,1,4.0,67.00,0.0,0.0,0.0,0.0
1485,4.713132,172.761583,3.014000,3,1,6000.0000,-1000.0000,90.0000,0.0000,1,4.0,67.00,0.0,0.0,0.0,0.0
1486,148.189559,4.642631,2.974000,3,0,6000.0000,-1000.0000,90.0000,0.0000,1,4.0,67.00,0.0,0.0,0.0,0.0
1487,6.942171,148.237019,2.974000,3,1,6000.0000,-1000.0000,90.0000,0.0000,1,4.0,67.00,0.0,0.0,0.0,0.0
1488,173.293233,6.907190,2.955000,3,0,6000.0000,-1000.0000,90.0000,0.0000,1,4.0,67.00,0.0,0.0,0.0,0.0
1489,2.241299,173.359585,2.955000,3,1,6000.0000,-1000.0000,90.0000,0.0000,1,4.0,67.00,0.0,0.0,0.0,0.0
1490,146.575004,2.142097,2.825000,4,0,6000.0000,-1000.0000,90.0000,-25.0000,1,4.0,67.00,0.0,0.0,0.0,0.0
1491,7.388030,146.651665,2.825000,4,0,6000.0000,-1000.0000,90.0000,-23.1669,1,4.0,67.00,0.0,0.0,0.0,0.0
1492,8.370111,7.319249,3.033000,4,0,6000.0000,-1000.0000,90.0000,-23.0754,1,4.0,67.00,0.0,0.0,0.0,0.0
1493,12.814109,8.384063,3.033000,4,0,6000.0000,-1000.0000,90.0000,-22.9706,1,4.0,67.00,0.0,0.0,0.0,0.0
1494,12.149833,12.817647,3.355000,4,0,6000.0000,-1000.0000,90.0000,-22.8103,1,4.0,67.00,0.0,0.0,0.0,0.0
1495,12.621375,12.153125,3.361000,4,0,6000.0000,-1000.0000,90.0000,-22.6584,1,4.0,67.00,0.0,0.0,0.0,0.0
1496,12.329627,12.605813,3.182000,4,0,6000.0000,-1000.0000,90.0000,-22.5009,1,4.0,67.00,0.0,0.0,0.0,0.0
1497,12.018341,12.346418,3.230000,4,0,6000.0000,-1000.0000,90.0000,-22.3465,1,4.0,67.00,0.0,0.0,0.0,0.0
1498,13.115595,12.002901,3.257000,4,0,6000.0000,-1000.0000,90.0000,-22.1965,1,4.0,67.00,0.0,0.0,0.0,0.0
1499,11.772226,13.141246,3.139000,4,0,6000.0000,-1000.0000,90.0000,-22.0322,1,4.0,67.00,0.0,0.0,0.0,0.0
1500,13.713648,11.772135,3.139000,4,0,6000.0000,-1000.0000,90.0000,-21.8851,1,4.0,67.00,0.0,0.0,0.0,0.0
1501,12.812599,13.760889,3.131000,4,0,6000.0000,-1000.0000,90.0000,-21.7131,1,4.0,67.00,0.0,0.0,0.0,0.0
1502,13.069454,12.796848,3.174000,4,0,6000.0000,-1000.0000,90.0000,-21.5531,1,4.0,67.00,0.0,0.0,0.0,0.0
1503,13.355719,13.063634,3.077000,4,0,6000.0000,-1000.0000,90.0000,-21.3898,1,4.0,67.00,0.0,0.0,0.0,0.0
1504,13.092334,13.361049,3.096000,4,0,6000.0000,-1000.0000,90.0000,-21.2228,1,4.0,67.00,0.0,0.0,0.0,0.0
1505,12.486222,13.084575,3.209000,4,0,6000.0000,-1000.0000,90.0000,-21.0592,1,4.0,67.00,0.0,0.0,0.0,0.0
1506,13.575554,12.483291,3.183000,4,0,6000.0000,-1000.0000,90.0000,-20.9032,1,4.0,67.00,0.0,0.0,0.0,0.0
1507,13.126766,13.739069,3.157000,4,0,6000.0000,-1000.0000,90.0000,-20.7315,1,4.0,67.00,0.0,0.0,0.0,0.0
1508,12.848419,13.085254,3.146000,4,0,6000.0000,-1000.0000,90.0000,-20.5679,1,4.0,67.00,0.0,0.0,0.0,0.0
1509,12.986232,12.859390,3.157000,4,0,6000.0000,-1000.0000,90.0000,-20.4071,1,4.0,67.00,0.0,0.0,0.0,0.0
1510,13.686777,12.951881,3.067000,4,0,6000.0000,-1000.0000,90.0000,-20.2452,1,4.0,67.00,0.0,0.0,0.0,0.0
1511,13.096615,13.656246,3.117000,4,0,6000.0000,-1000.0000,90.0000,-20.0745,1,4.0,67.00,0.0,0.0,0.0,0.0
1512,12.757977,13.094174,3.188000,4,0,6000.0000,-1000.0000,90.0000,-19.9109,1,4.0,67.00,0.0,0.0,0.0,0.0
1513,12.268966,12.758087,3.131000,4,0,6000.0000,-1000.0000,90.0000,-19.7514,1,4.0,67.00,0.0,0.0,0.0,0.0
1514,12.944591,12.278237,3.091000,4,0,6000.0000,-1000.0000,90.0000,-19.5979,1,4.0,67.00,0.0,0.0,0.0,0.0
1515,12.364079,12.934641,3.176000,4,0,6000.0000,-1000.0000,90.0000,-19.4362,1,4.0,67.00,0.0,0.0,0.0,0.0
1516,16.398876,12.406530,3.112000,4,0,6000.0000,-1000.0000,90.0000,-19.2811,1,4.0,67.00,0.0,0.0,0.0,0.0
1517,13.585215,16.373955,3.148000,4,0,6000.0000,-1000.0000,90.0000,-19.0765,1,4.0,67.00,0.0,0.0,0.0,0.0
1518,13.043093,13.617796,3.156000,4,0,6000.0000,-1000.0000,90.0000,-18.9063,1,4.0,67.00,0.0,0.0,0.0,0.0
1519,13.465403,13.079404,3.124000,4,0,6000.0000,-1000.0000,90.0000,-18.7428,1,4.0,67.00,0.0,0.0,0.0,0.0
1520,13.361690,13.427922,3.143000,4,0,6000.0000,-1000.0000,90.0000,-18.5749,1,4.0,67.00,0.0,0.0,0.0,0.0
1521,12.851939,13.393470,3.157000,4,0,6000.0000,-1000.0000,90.0000,-18.4075,1,4.0,67.00,0.0,0.0,0.0,0.0
1522,12.884450,12.770378,3.113000,4,0,6000.0000,-1000.0000,90.0000,-18.2479,1,4.0,67.00,0.0,0.0,0.0,0.0
1523,11.178433,12.880090,3.151000,4,0,6000.0000,-1000.0000,90.0000,-18.0869,1,4.0,67.00,0.0,0.0,0.0,0.0
1524,10.910377,11.334986,3.114000,4,0,6000.0000,-1000.0000,90.0000,-17.9452,1,4.0,67.00,0.0,0.0,0.0,0.0
1525,11.619653,10.787424,3.166000,4,0,6000.0000,-1000.0000,90.0000,-17.8103,1,4.0,67.00,0.0,0.0,0.0,0.0
1526,10.573349,11.595912,3.233000,4,0,6000.0000,-1000.0000,90.0000,-17.6654,1,4.0,67.00,0.0,0.0,0.0,0.0
1527,11.331737,10.600080,3.200000,4,0,6000.0000,-1000.0000,90.0000,-17.5329,1,4.0,67.00,0.0,0.0,0.0,0.0
1528,11.031789,11.324357,3.121000,4,0,6000.0000,-1000.0000,90.0000,-17.3913,1,4.0,67.00,0.0,0.0,0.0,0.0
1529,10.963488,11.008299,3.187000,4,0,6000.0000,-1000.0000,90.0000,-17.2537,1,4.0,67.00,0.0,0.0,0.0,0.0
1530,11.999220,10.966448,3.137000,4,0,6000.0000,-1000.0000,90.0000,-17.1166,1,4.0,67.00,0.0,0.0,0.0,0.0
1531,11.185344,11.986510,3.096000,4,0,6000.0000,-1000.0000,90.0000,-16.9668,1,4.0,67.00,0.0,0.0,0.0,0.0
1532,11.325135,11.195503,3.146000,4,0,6000.0000,-1000.0000,90.0000,-16.8269,1,4.0,67.00,0.0,0.0,0.0,0.0
1533,10.944088,11.314806,3.175000,4,0,6000.0000,-1000.0000,90.0000,-16.6854,1,4.0,67.00,0.0,0.0,0.0,0.0
1534,10.483017,10.949498,3.144000,4,0,6000.0000,-1000.0000,90.0000,-16.5486,1,4.0,67.00,0.0,0.0,0.0,0.0
1535,10.497959,10.481408,3.124000,4,0,6000.0000,-1000.0000,90.0000,-16.4175,1,4.0,67.00,0.0,0.0,0.0,0.0
1536,10.244312,10.497857,3.090000,4,0,6000.0000,-1000.0000,90.0000,-16.2863,1,4.0,67.00,0.0,0.0,0.0,0.0
1537,10.964038,10.270693,3.156000,4,0,6000.0000,-1000.0000,90.0000,-16.1579,1,4.0,67.00,0.0,0.0,0.0,0.0
1538,11.264885,10.941568,3.135000,4,0,6000.0000,-1000.0000,90.0000,-16.0212,1,4.0,67.00,0.0,0.0,0.0,0.0
1539,10.811385,11.252295,3.149000,4,0,6000.0000,-1000.0000,90.0000,-15.8805,1,4.0,67.00,0.0,0.0,0.0,0.0
1540,11.272834,10.851295,3.174000,4,0,6000.0000,-1000.0000,90.0000,-15.7449,1,4.0,67.00,0.0,0.0,0.0,0.0
1541,10.256484,11.261185,3.159000,4,0,6000.0000,-1000.0000,90.0000,-15.6041,1,4.0,67.00,0.0,0.0,0.0,0.0
1542,10.120000,10.233002,3.122000,4,0,6000.0000,-1000.0000,90.0000,-15.4762,1,4.0,67.00,0.0,0.0,0.0,0.0
1543,10.633650,10.129030,3.162000,4,0,6000.0000,-1000.0000,90.0000,-15.3496,1,4.0,67.00,0.0,0.0,0.0,0.0
1544,10.331065,10.625111,3.158000,4,0,6000.0000,-1000.0000,90.0000,-15.2168,1,4.0,67.00,0.0,0.0,0.0,0.0
1545,10.224812,10.327654,3.149000,4,0,6000.0000,-1000.0000,90.0000,-15.0877,1,4.0,67.00,0.0,0.0,0.0,0.0
1546,10.338534,10.234702,3.147000,4,0,6000.0000,-1000.0000,90.0000,-14.9597,1,4.0,67.00,0.0,0.0,0.0,0.0
1547,10.718573,10.329865,3.207000,4,0,6000.0000,-1000.0000,90.0000,-14.8306,1,4.0,67.00,0.0,0.0,0.0,0.0
1548,11.541861,10.721162,3.274000,4,0,6000.0000,-1000.0000,90.0000,-14.6966,1,4.0,67.00,0.0,0.0,0.0,0.0
1549,10.466167,11.539042,3.274000,4,0,6000.0000,-1000.0000,90.0000,-14.5524,1,4.0,67.00,0.0,0.0,0.0,0.0
1550,10.461168,10.464726,3.204000,4,0,6000.0000,-1000.0000,90.0000,-14.4216,1,4.0,67.00,0.0,0.0,0.0,0.0
1551,11.064860,10.469068,3.152000,4,0,6000.0000,-1000.0000,90.0000,-14.2907,1,4.0,67.00,0.0,0.0,0.0,0.0
1552,11.024540,11.061280,3.126000,4,0,6000.0000,-1000.0000,90.0000,-14.1524,1,4.0,67.00,0.0,0.0,0.0,0.0
1553,10.211841,11.063501,3.262000,4,0,6000.0000,-1000.0000,90.0000,-14.0141,1,4.0,67.00,0.0,0.0,0.0,0.0
1554,10.954858,10.173441,3.202000,4,0,6000.0000,-1000.0000,90.0000,-13.8870,1,4.0,67.00,0.0,0.0,0.0,0.0
1555,10.290433,10.959238,3.214000,4,0,6000.0000,-1000.0000,90.0000,-13.7500,1,4.0,67.00,0.0,0.0,0.0,0.0
1556,11.099661,10.291873,3.168000,4,0,6000.0000,-1000.0000,90.0000,-13.6213,1,4.0,67.00,0.0,0.0,0.0,0.0
1557,11.121092,11.125851,3.257000,4,0,6000.0000,-1000.0000,90.0000,-13.4823,1,4.0,67.00,0.0,0.0,0.0,0.0
1558,10.468608,11.112272,3.205000,4,0,6000.0000,-1000.0000,90.0000,-13.3433,1,4.0,67.00,0.0,0.0,0.0,0.0
1559,10.979378,10.498598,3.265000,4,0,6000.0000,-1000.0000,90.0000,-13.2121,1,4.0,67.00,0.0,0.0,0.0,0.0
1560,10.124370,10.942138,3.208000,4,0,6000.0000,-1000.0000,90.0000,-13.0753,1,4.0,67.00,0.0,0.0,0.0,0.0
1561,10.624990,10.124000,3.138000,4,0,6000.0000,-1000.0000,90.0000,-12.9488,1,4.0,67.00,0.0,0.0,0.0,0.0
1562,9.912846,10.606380,3.165000,4,0,6000.0000,-1000.0000,90.0000,-12.8162,1,4.0,67.00,0.0,0.0,0.0,0.0
1563,10.601940,9.914296,3.093000,4,0,6000.0000,-1000.0000,90.0000,-12.6923,1,4.0,67.00,0.0,0.0,0.0,0.0
1564,11.059650,10.606760,3.166000,4,0,6000.0000,-1000.0000,90.0000,-12.5597,1,4.0,67.00,0.0,0.0,0.0,0.0
1565,10.554140,11.137691,3.181000,4,0,6000.0000,-1000.0000,90.0000,-12.4205,1,4.0,67.00,0.0,0.0,0.0,0.0
1566,10.395686,10.464868,3.186000,4,0,6000.0000,-1000.0000,90.0000,-12.2897,1,4.0,67.00,0.0,0.0,0.0,0.0
1567,9.820193,10.410546,3.180000,4,0,6000.0000,-1000.0000,90.0000,-12.1595,1,4.0,67.00,0.0,0.0,0.0,0.0
1568,10.059408,9.813263,3.084000,4,0,6000.0000,-1000.0000,90.0000,-12.0369,1,4.0,67.00,0.0,0.0,0.0,0.0
1569,9.859415,10.083049,3.215000,4,0,6000.0000,-1000.0000,90.0000,-11.9108,1,4.0,67.00,0.0,0.0,0.0,0.0
1570,10.376425,9.835444,3.161000,4,0,6000.0000,-1000.0000,90.0000,-11.7879,1,4.0,67.00,0.0,0.0,0.0,0.0
1571,10.295473,10.408966,3.093000,4,0,6000.0000,-1000.0000,90.0000,-11.6578,1,4.0,67.00,0.0,0.0,0.0,0.0
1572,10.360236,10.263893,3.197000,4,0,6000.0000,-1000.0000,90.0000,-11.5295,1,4.0,67.00,0.0,0.0,0.0,0.0
1573,12.290466,10.379765,3.153000,4,0,6000.0000,-1000.0000,90.0000,-11.3997,1,4.0,67.00,0.0,0.0,0.0,0.0
1574,12.175975,12.320548,3.165000,4,0,6000.0000,-1000.0000,90.0000,-11.2457,1,4.0,67.00,0.0,0.0,0.0,0.0
1575,11.869618,12.164784,3.218000,4,0,6000.0000,-1000.0000,90.0000,-11.0937,1,4.0,67.00,0.0,0.0,0.0,0.0
1576,12.142623,11.887408,3.171000,4,0,6000.0000,-1000.0000,90.0000,-10.9451,1,4.0,67.00,0.0,0.0,0.0,0.0
1577,12.227936,12.131253,3.120000,4,0,6000.0000,-1000.0000,90.0000,-10.7934,1,4.0,67.00,0.0,0.0,0.0,0.0
1578,11.980460,12.186466,3.098000,4,0,6000.0000,-1000.0000,90.0000,-10.6411,1,4.0,67.00,0.0,0.0,0.0,0.0
1579,12.236526,11.984880,3.192000,4,0,6000.0000,-1000.0000,90.0000,-10.4913,1,4.0,67.00,0.0,0.0,0.0,0.0
1580,12.401739,12.233016,3.163000,4,0,6000.0000,-1000.0000,90.0000,-10.3384,1,4.0,67.00,0.0,0.0,0.0,0.0
1581,12.422560,12.434999,3.158000,4,0,6000.0000,-1000.0000,90.0000,-10.1829,1,4.0,67.00,0.0,0.0,0.0,0.0
1582,12.349499,12.390080,3.166000,4,0,6000.0000,-1000.0000,90.0000,-10.0281,1,4.0,67.00,0.0,0.0,0.0,0.0
1583,11.947609,12.347608,3.097000,4,0,6000.0000,-1000.0000,90.0000,-9.8737,1,4.0,67.00,0.0,0.0,0.0,0.0
1584,12.104743,11.949040,3.108000,4,0,6000.0000,-1000.0000,90.0000,-9.7244,1,4.0,67.00,0.0,0.0,0.0,0.0
1585,12.341058,12.104282,3.182000,4,0,6000.0000,-1000.0000,90.0000,-9.5730,1,4.0,67.00,0.0,0.0,0.0,0.0
1586,12.194944,12.369969,3.176000,4,0,6000.0000,-1000.0000,90.0000,-9.4184,1,4.0,67.00,0.0,0.0,0.0,0.0
1587,13.039644,12.197365,3.248000,4,0,6000.0000,-1000.0000,90.0000,-9.2660,1,4.0,67.00,0.0,0.0,0.0,0.0
1588,12.537072,13.030193,3.164000,4,0,6000.0000,-1000.0000,90.0000,-9.1031,1,4.0,67.00,0.0,0.0,0.0,0.0
1589,11.935830,12.771787,3.086000,4,0,6000.0000,-1000.0000,90.0000,-8.9434,1,4.0,67.00,0.0,0.0,0.0,0.0
1590,12.983802,12.434001,3.186000,4,0,6000.0000,-1000.0000,90.0000,-8.7880,1,4.0,67.00,0.0,0.0,0.0,0.0
1591,12.438689,12.442560,3.186000,4,0,6000.0000,-1000.0000,90.0000,-8.6325,1,4.0,67.00,0.0,0.0,0.0,0.0
1592,12.562404,12.271096,3.230000,4,0,6000.0000,-1000.0000,90.0000,-8.4791,1,4.0,67.00,0.0,0.0,0.0,0.0
1593,12.320557,12.525742,3.130000,4,0,6000.0000,-1000.0000,90.0000,-8.3225,1,4.0,67.00,0.0,0.0,0.0,0.0
1594,12.458561,12.333778,3.119000,4,0,6000.0000,-1000.0000,90.0000,-8.1683,1,4.0,67.00,0.0,0.0,0.0,0.0
1595,12.884479,12.460551,3.099000,4,0,6000.0000,-1000.0000,90.0000,-8.0126,1,4.0,67.00,0.0,0.0,0.0,0.0
1596,13.118006,12.859609,3.134000,4,0,6000.0000,-1000.0000,90.0000,-7.8518,1,4.0,67.00,0.0,0.0,0.0,0.0
1597,12.412859,13.123445,3.094000,4,0,6000.0000,-1000.0000,90.0000,-7.6878,1,4.0,67.00,0.0,0.0,0.0,0.0
1598,12.741447,12.435660,3.227000,4,0,6000.0000,-1000.0000,90.0000,-7.5324,1,4.0,67.00,0.0,0.0,0.0,0.0
1599,12.857720,12.756417,3.116000,4,0,6000.0000,-1000.0000,90.0000,-7.3729,1,4.0,67.00,0.0,0.0,0.0,0.0
1600,12.869648,12.859860,3.131000,4,0,6000.0000,-1000.0000,90.0000,-7.2121,1,4.0,67.00,0.0,0.0,0.0,0.0
1601,12.758338,12.850289,3.095000,4,0,6000.0000,-1000.0000,90.0000,-7.0515,1,4.0,67.00,0.0,0.0,0.0,0.0
1602,12.960791,12.766127,3.080000,4,0,6000.0000,-1000.0000,90.0000,-6.8919,1,4.0,67.00,0.0,0.0,0.0,0.0
1603,12.806049,12.981032,3.184000,4,0,6000.0000,-1000.0000,90.0000,-6.7297,1,4.0,67.00,0.0,0.0,0.0,0.0
1604,12.767997,12.843919,3.203000,4,0,6000.0000,-1000.0000,90.0000,-6.5691,1,4.0,67.00,0.0,0.0,0.0,0.0
1605,12.406709,12.741907,3.184000,4,0,6000.0000,-1000.0000,90.0000,-6.4099,1,4.0,67.00,0.0,0.0,0.0,0.0
1606,13.584096,12.374188,3.127000,4,0,6000.0000,-1000.0000,90.0000,-6.2552,1,4.0,67.00,0.0,0.0,0.0,0.0
1607,12.461310,13.614486,3.216000,4,0,6000.0000,-1000.0000,90.0000,-6.0850,1,4.0,67.00,0.0,0.0,0.0,0.0
1608,13.810440,12.429820,3.150000,4,0,6000.0000,-1000.0000,90.0000,-5.9296,1,4.0,67.00,0.0,0.0,0.0,0.0
1609,13.477342,13.827970,3.189000,4,0,6000.0000,-1000.0000,90.0000,-5.7568,1,4.0,67.00,0.0,0.0,0.0,0.0
1610,13.341381,13.441733,3.306000,4,0,6000.0000,-1000.0000,90.0000,-5.5888,1,4.0,67.00,0.0,0.0,0.0,0.0
1611,13.286148,13.339009,3.214000,4,0,6000.0000,-1000.0000,90.0000,-5.4220,1,4.0,67.00,0.0,0.0,0.0,0.0
1612,12.995342,13.314309,3.262000,4,0,6000.0000,-1000.0000,90.0000,-5.2556,1,4.0,67.00,0.0,0.0,0.0,0.0
1613,13.457392,12.993382,3.195000,4,0,6000.0000,-1000.0000,90.0000,-5.0932,1,4.0,67.00,0.0,0.0,0.0,0.0
1614,12.021531,13.438793,3.280000,4,0,6000.0000,-1000.0000,90.0000,-4.9252,1,4.0,67.00,0.0,0.0,0.0,0.0
1615,11.865848,12.013011,3.210000,4,0,6000.0000,-1000.0000,90.0000,-4.7750,1,4.0,67.00,0.0,0.0,0.0,0.0
1616,12.339519,11.876788,3.170000,4,0,6000.0000,-1000.0000,90.0000,-4.6266,1,4.0,67.00,0.0,0.0,0.0,0.0
1617,12.587953,12.343098,3.202000,4,0,6000.0000,-1000.0000,90.0000,-4.4723,1,4.0,67.00,0.0,0.0,0.0,0.0
1618,12.058001,12.594033,3.154000,4,0,6000.0000,-1000.0000,90.0000,-4.3149,1,4.0,67.00,0.0,0.0,0.0,0.0
1619,14.014875,12.052642,3.174000,4,0,6000.0000,-1000.0000,90.0000,-4.1642,1,4.0,67.00,0.0,0.0,0.0,0.0
1620,15.224851,13.997164,3.110000,4,0,6000.0000,-1000.0000,90.0000,-3.9892,1,4.0,67.00,0.0,0.0,0.0,0.0
1621,13.750808,15.217491,3.175000,4,0,6000.0000,-1000.0000,90.0000,-3.7990,1,4.0,67.00,0.0,0.0,0.0,0.0
1622,11.739626,13.757438,3.131000,4,0,6000.0000,-1000.0000,90.0000,-3.6270,1,4.0,67.00,0.0,0.0,0.0,0.0
1623,12.373768,11.740835,3.183000,4,0,6000.0000,-1000.0000,90.0000,-3.4803,1,4.0,67.00,0.0,0.0,0.0,0.0
1624,12.416730,12.362989,3.109000,4,0,6000.0000,-1000.0000,90.0000,-3.3257,1,4.0,67.00,0.0,0.0,0.0,0.0
1625,13.209917,12.455300,3.118000,4,0,6000.0000,-1000.0000,90.0000,-3.1701,1,4.0,67.00,0.0,0.0,0.0,0.0
1626,13.140205,13.179836,3.166000,4,0,6000.0000,-1000.0000,90.0000,-3.0053,1,4.0,67.00,0.0,0.0,0.0,0.0
1627,12.093363,13.177577,3.105000,4,0,6000.0000,-1000.0000,90.0000,-2.8406,1,4.0,67.00,0.0,0.0,0.0,0.0
1628,13.312440,12.050241,3.081000,4,0,6000.0000,-1000.0000,90.0000,-2.6900,1,4.0,67.00,0.0,0.0,0.0,0.0
1629,12.388458,13.317540,3.162000,4,0,6000.0000,-1000.0000,90.0000,-2.5235,1,4.0,67.00,0.0,0.0,0.0,0.0
1630,12.457511,12.414699,3.116000,4,0,6000.0000,-1000.0000,90.0000,-2.3683,1,4.0,67.00,0.0,0.0,0.0,0.0
1631,13.074814,12.456412,3.163000,4,0,6000.0000,-1000.0000,90.0000,-2.2126,1,4.0,67.00,0.0,0.0,0.0,0.0
1632,13.910002,13.059773,3.117000,4,0,6000.0000,-1000.0000,90.0000,-2.0494,1,4.0,67.00,0.0,0.0,0.0,0.0
1633,15.322663,13.933583,3.163000,4,0,6000.0000,-1000.0000,90.0000,-1.8752,1,4.0,67.00,0.0,0.0,0.0,0.0
1634,12.520792,15.318102,3.136000,4,0,6000.0000,-1000.0000,90.0000,-1.6837,1,4.0,67.00,0.0,0.0,0.0,0.0
1635,12.217695,12.531102,3.150000,4,0,6000.0000,-1000.0000,90.0000,-1.5271,1,4.0,67.00,0.0,0.0,0.0,0.0
1636,12.511582,12.197766,3.158000,4,0,6000.0000,-1000.0000,90.0000,-1.3746,1,4.0,67.00,0.0,0.0,0.0,0.0
1637,13.450162,12.520541,3.145000,4,0,6000.0000,-1000.0000,90.0000,-1.2181,1,4.0,67.00,0.0,0.0,0.0,0.0
1638,12.875580,13.430632,3.145000,4,0,6000.0000,-1000.0000,90.0000,-1.0502,1,4.0,67.00,0.0,0.0,0.0,0.0
1639,13.233237,12.892510,3.240000,4,0,6000.0000,-1000.0000,90.0000,-0.8890,1,4.0,67.00,0.0,0.0,0.0,0.0
1640,12.769207,13.217857,3.105000,4,0,6000.0000,-1000.0000,90.0000,-0.7238,1,4.0,67.00,0.0,0.0,0.0,0.0
1641,14.286400,12.787197,3.166000,4,0,6000.0000,-1000.0000,90.0000,-0.5640,1,4.0,67.00,0.0,0.0,0.0,0.0
1642,12.888450,14.264131,3.190000,4,0,6000.0000,-1000.0000,90.0000,-0.3857,1,4.0,67.00,0.0,0.0,0.0,0.0
1643,12.931151,12.876200,3.110000,4,0,6000.0000,-1000.0000,90.0000,-0.2247,1,4.0,67.00,0.0,0.0,0.0,0.0
1644,12.702897,12.951361,3.214000,4,0,6000.0000,-1000.0000,90.0000,-0.0628,1,4.0,67.00,0.0,0.0,0.0,0.0
1645,12.292896,12.692605,3.139000,4,0,6000.0000,-1000.0000,90.0000,0.0958,1,4.0,67.00,0.0,0.0,0.0,0.0
1646,14.370703,12.310998,3.124000,4,0,6000.0000,-1000.0000,90.0000,0.2497,1,4.0,67.00,0.0,0.0,0.0,0.0
1647,13.878852,14.441454,3.152000,4,0,6000.0000,-1000.0000,90.0000,0.4302,1,4.0,67.00,0.0,0.0,0.0,0.0
1648,12.688445,13.928052,3.132000,4,0,6000.0000,-1000.0000,90.0000,0.6043,1,4.0,67.00,0.0,0.0,0.0,0.0
1649,12.369379,12.588553,3.183000,4,0,6000.0000,-1000.0000,90.0000,0.7617,1,4.0,67.00,0.0,0.0,0.0,0.0
1650,12.009471,12.425380,3.118000,4,0,6000.0000,-1000.0000,90.0000,0.9170,1,4.0,67.00,0.0,0.0,0.0,0.0
1651,12.304217,11.984501,3.222000,4,0,6000.0000,-1000.0000,90.0000,1.0668,1,4.0,67.00,0.0,0.0,0.0,0.0
1652,12.633695,12.259776,3.096000,4,0,6000.0000,-1000.0000,90.0000,1.2201,1,4.0,67.00,0.0,0.0,0.0,0.0
1653,12.176024,12.636015,3.145000,4,0,6000.0000,-1000.0000,90.0000,1.3780,1,4.0,67.00,0.0,0.0,0.0,0.0
1654,12.223995,12.231105,3.179000,4,0,6000.0000,-1000.0000,90.0000,1.5309,1,4.0,67.00,0.0,0.0,0.0,0.0
1655,12.127033,12.147274,3.143000,4,0,6000.0000,-1000.0000,90.0000,1.6827,1,4.0,67.00,0.0,0.0,0.0,0.0
1656,11.519901,12.136653,3.116000,4,0,6000.0000,-1000.0000,90.0000,1.8344,1,4.0,67.00,0.0,0.0,0.0,0.0
1657,12.449220,11.515401,3.219000,4,0,6000.0000,-1000.0000,90.0000,1.9784,1,4.0,67.00,0.0,0.0,0.0,0.0
1658,11.583382,12.447890,3.198000,4,0,6000.0000,-1000.0000,90.0000,2.1340,1,4.0,67.00,0.0,0.0,0.0,0.0
1659,11.769595,11.586542,3.104000,4,0,6000.0000,-1000.0000,90.0000,2.2788,1,4.0,67.00,0.0,0.0,0.0,0.0
1660,11.897569,11.789636,3.122000,4,0,6000.0000,-1000.0000,90.0000,2.4262,1,4.0,67.00,0.0,0.0,0.0,0.0
1661,12.078352,11.886728,3.137000,4,0,6000.0000,-1000.0000,90.0000,2.5748,1,4.0,67.00,0.0,0.0,0.0,0.0
1662,12.215266,12.070093,3.105000,4,0,6000.0000,-1000.0000,90.0000,2.7256,1,4.0,67.00,0.0,0.0,0.0,0.0
1663,11.582301,12.219975,3.154000,4,0,6000.0000,-1000.0000,90.0000,2.8784,1,4.0,67.00,0.0,0.0,0.0,0.0
1664,11.601202,11.574481,3.129000,4,0,6000.0000,-1000.0000,90.0000,3.0231,1,4.0,67.00,0.0,0.0,0.0,0.0
1665,11.720294,11.645413,3.218000,4,0,6000.0000,-1000.0000,90.0000,3.1686,1,4.0,67.00,0.0,0.0,0.0,0.0
1666,11.353427,11.678974,3.169000,4,0,6000.0000,-1000.0000,90.0000,3.3146,1,4.0,67.00,0.0,0.0,0.0,0.0
1667,11.546171,11.375257,3.176000,4,0,6000.0000,-1000.0000,90.0000,3.4568,1,4.0,67.00,0.0,0.0,0.0,0.0
1668,11.877848,11.549691,3.135000,4,0,6000.0000,-1000.0000,90.0000,3.6012,1,4.0,67.00,0.0,0.0,0.0,0.0
1669,13.147575,11.842446,3.085000,4,0,6000.0000,-1000.0000,90.0000,3.7492,1,4.0,67.00,0.0,0.0,0.0,0.0
1670,12.013111,13.216518,3.132000,4,0,6000.0000,-1000.0000,90.0000,3.9144,1,4.0,67.00,0.0,0.0,0.0,0.0
1671,11.921589,11.986651,3.247000,4,0,6000.0000,-1000.0000,90.0000,4.0643,1,4.0,67.00,0.0,0.0,0.0,0.0
1672,12.020951,11.897017,3.163000,4,0,6000.0000,-1000.0000,90.0000,4.2130,1,4.0,67.00,0.0,0.0,0.0,0.0
1673,10.823716,12.063033,3.112000,4,0,6000.0000,-1000.0000,90.0000,4.3638,1,4.0,67.00,0.0,0.0,0.0,0.0
1674,11.589582,10.828604,3.169000,4,0,6000.0000,-1000.0000,90.0000,4.4991,1,4.0,67.00,0.0,0.0,0.0,0.0
1675,11.202493,11.592983,3.189000,4,0,6000.0000,-1000.0000,90.0000,4.6440,1,4.0,67.00,0.0,0.0,0.0,0.0
1676,15.540377,11.150702,3.102000,4,0,6000.0000,-1000.0000,90.0000,4.7834,1,4.0,67.00,0.0,0.0,0.0,0.0
1677,12.107343,15.683401,3.156000,4,0,6000.0000,-1000.0000,90.0000,4.9795,1,4.0,67.00,0.0,0.0,0.0,0.0
1678,11.343917,12.005981,3.183000,4,0,6000.0000,-1000.0000,90.0000,5.1295,1,4.0,67.00,0.0,0.0,0.0,0.0
1679,12.225275,11.343096,3.212000,4,0,6000.0000,-1000.0000,90.0000,5.2713,1,4.0,67.00,0.0,0.0,0.0,0.0
1680,11.221494,12.192614,3.226000,4,0,6000.0000,-1000.0000,90.0000,5.4237,1,4.0,67.00,0.0,0.0,0.0,0.0
1681,11.970850,11.240005,3.201000,4,0,6000.0000,-1000.0000,90.0000,5.5642,1,4.0,67.00,0.0,0.0,0.0,0.0
1682,11.822217,11.952139,3.278000,4,0,6000.0000,-1000.0000,90.0000,5.7136,1,4.0,67.00,0.0,0.0,0.0,0.0
1683,11.978420,11.821267,3.303000,4,0,6000.0000,-1000.0000,90.0000,5.8614,1,4.0,67.00,0.0,0.0,0.0,0.0
1684,13.302919,11.982670,3.237000,4,0,6000.0000,-1000.0000,90.0000,6.0112,1,4.0,67.00,0.0,0.0,0.0,0.0
1685,11.922229,13.295100,3.179000,4,0,6000.0000,-1000.0000,90.0000,6.1774,1,4.0,67.00,0.0,0.0,0.0,0.0
1686,12.276017,11.922988,3.244000,4,0,6000.0000,-1000.0000,90.0000,6.3264,1,4.0,67.00,0.0,0.0,0.0,0.0
1687,12.079762,12.333618,3.161000,4,0,6000.0000,-1000.0000,90.0000,6.4806,1,4.0,67.00,0.0,0.0,0.0,0.0
1688,10.792924,12.055632,3.127000,4,0,6000.0000,-1000.0000,90.0000,6.6313,1,4.0,67.00,0.0,0.0,0.0,0.0
1689,11.424199,10.848166,3.137000,4,0,6000.0000,-1000.0000,90.0000,6.7669,1,4.0,67.00,0.0,0.0,0.0,0.0
1690,12.697725,11.324715,3.133000,4,0,6000.0000,-1000.0000,90.0000,6.9084,1,4.0,67.00,0.0,0.0,0.0,0.0
1691,12.009111,12.752528,3.193000,4,0,6000.0000,-1000.0000,90.0000,7.0678,1,4.0,67.00,0.0,0.0,0.0,0.0
1692,11.756105,12.002240,3.166000,4,0,6000.0000,-1000.0000,90.0000,7.2179,1,4.0,67.00,0.0,0.0,0.0,0.0
1693,11.709455,11.710544,3.097000,4,0,6000.0000,-1000.0000,90.0000,7.3642,1,4.0,67.00,0.0,0.0,0.0,0.0
1694,12.115383,11.712225,3.123000,4,0,6000.0000,-1000.0000,90.0000,7.5107,1,4.0,67.00,0.0,0.0,0.0,0.0
1695,11.179553,12.109283,3.183000,4,0,6000.0000,-1000.0000,90.0000,7.6620,1,4.0,67.00,0.0,0.0,0.0,0.0
1696,12.255286,11.236805,3.178000,4,0,6000.0000,-1000.0000,90.0000,7.8025,1,4.0,67.00,0.0,0.0,0.0,0.0
1697,12.496991,12.280066,3.103000,4,0,6000.0000,-1000.0000,90.0000,7.9560,1,4.0,67.00,0.0,0.0,0.0,0.0
1698,12.070143,12.490551,3.244000,4,0,6000.0000,-1000.0000,90.0000,8.1121,1,4.0,67.00,0.0,0.0,0.0,0.0
1699,11.344856,12.056812,3.119000,4,0,6000.0000,-1000.0000,90.0000,8.2628,1,4.0,67.00,0.0,0.0,0.0,0.0
1700,11.776486,11.373377,3.146000,4,0,6000.0000,-1000.0000,90.0000,8.4050,1,4.0,67.00,0.0,0.0,0.0,0.0
1701,12.061922,11.745385,3.146000,4,0,6000.0000,-1000.0000,90.0000,8.5518,1,4.0,67.00,0.0,0.0,0.0,0.0
1702,11.010449,12.071053,3.170000,4,0,6000.0000,-1000.0000,90.0000,8.7027,1,4.0,67.00,0.0,0.0,0.0,0.0
1703,11.898498,10.986048,3.116000,4,0,6000.0000,-1000.0000,90.0000,8.8400,1,4.0,67.00,0.0,0.0,0.0,0.0
1704,12.213075,11.844157,3.130000,4,0,6000.0000,-1000.0000,90.0000,8.9881,1,4.0,67.00,0.0,0.0,0.0,0.0
1705,11.891669,12.333049,3.172000,4,0,6000.0000,-1000.0000,90.0000,9.1422,1,4.0,67.00,0.0,0.0,0.0,0.0
1706,12.174624,11.883498,3.155000,4,0,6000.0000,-1000.0000,90.0000,9.2908,1,4.0,67.00,0.0,0.0,0.0,0.0
1707,12.437361,12.183094,3.105000,4,0,6000.0000,-1000.0000,90.0000,9.4431,1,4.0,67.00,0.0,0.0,0.0,0.0
1708,11.966300,12.387539,3.167000,4,0,6000.0000,-1000.0000,90.0000,9.5979,1,4.0,67.00,0.0,0.0,0.0,0.0
1709,12.227145,11.961410,3.189000,4,0,6000.0000,-1000.0000,90.0000,9.7474,1,4.0,67.00,0.0,0.0,0.0,0.0
1710,12.082083,12.246536,3.165000,4,0,6000.0000,-1000.0000,90.0000,9.9005,1,4.0,67.00,0.0,0.0,0.0,0.0
1711,12.055901,12.027321,3.138000,4,0,6000.0000,-1000.0000,90.0000,10.0509,1,4.0,67.00,0.0,0.0,0.0,0.0
1712,11.410899,12.057162,3.118000,4,0,6000.0000,-1000.0000,90.0000,10.2016,1,4.0,67.00,0.0,0.0,0.0,0.0
1713,12.136303,11.428578,3.141000,4,0,6000.0000,-1000.0000,90.0000,10.3444,1,4.0,67.00,0.0,0.0,0.0,0.0
1714,12.402389,12.173005,3.140000,4,0,6000.0000,-1000.0000,90.0000,10.4966,1,4.0,67.00,0.0,0.0,0.0,0.0
1715,12.488292,12.397049,3.174000,4,0,6000.0000,-1000.0000,90.0000,10.6515,1,4.0,67.00,0.0,0.0,0.0,0.0
1716,12.261296,12.503672,3.235000,4,0,6000.0000,-1000.0000,90.0000,10.8078,1,4.0,67.00,0.0,0.0,0.0,0.0
1717,12.543592,12.239855,3.041000,4,0,6000.0000,-1000.0000,90.0000,10.9608,1,4.0,67.00,0.0,0.0,0.0,0.0
1718,11.852498,12.537783,3.151000,4,0,6000.0000,-1000.0000,90.0000,11.1176,1,4.0,67.00,0.0,0.0,0.0,0.0
1719,11.597232,11.815776,3.168000,4,0,6000.0000,-1000.0000,90.0000,11.2653,1,4.0,67.00,0.0,0.0,0.0,0.0
1720,11.804407,11.594682,3.166000,4,0,6000.0000,-1000.0000,90.0000,11.4102,1,4.0,67.00,0.0,0.0,0.0,0.0
1721,11.691493,11.808317,3.143000,4,0,6000.0000,-1000.0000,90.0000,11.5578,1,4.0,67.00,0.0,0.0,0.0,0.0
1722,12.632515,11.719205,3.190000,4,0,6000.0000,-1000.0000,90.0000,11.7043,1,4.0,67.00,0.0,0.0,0.0,0.0
1723,12.598303,12.607783,3.140000,4,0,6000.0000,-1000.0000,90.0000,11.8619,1,4.0,67.00,0.0,0.0,0.0,0.0
1724,14.014475,12.613004,3.112000,4,0,6000.0000,-1000.0000,90.0000,12.0196,1,4.0,67.00,0.0,0.0,0.0,0.0
1725,11.430548,14.007965,3.185000,4,0,6000.0000,-1000.0000,90.0000,12.1947,1,4.0,67.00,0.0,0.0,0.0,0.0
1726,11.015439,11.427917,3.126000,4,0,6000.0000,-1000.0000,90.0000,12.3375,1,4.0,67.00,0.0,0.0,0.0,0.0
1727,12.422250,11.007440,3.151000,4,0,6000.0000,-1000.0000,90.0000,12.4751,1,4.0,67.00,0.0,0.0,0.0,0.0
1728,11.684454,12.439170,3.137000,4,0,6000.0000,-1000.0000,90.0000,12.6306,1,4.0,67.00,0.0,0.0,0.0,0.0
1729,8.926724,11.643983,3.137000,4,0,6000.0000,-1000.0000,90.0000,12.7761,1,4.0,67.00,0.0,0.0,0.0,0.0
1730,10.937197,8.947774,3.168000,4,0,6000.0000,-1000.0000,90.0000,12.8880,1,4.0,67.00,0.0,0.0,0.0,0.0
1731,13.874732,10.919257,3.121000,4,0,6000.0000,-1000.0000,90.0000,13.0245,1,4.0,67.00,0.0,0.0,0.0,0.0
1732,11.939089,13.922883,3.133000,4,0,6000.0000,-1000.0000,90.0000,13.1985,1,4.0,67.00,0.0,0.0,0.0,0.0
1733,11.424288,11.891568,3.133000,4,0,6000.0000,-1000.0000,90.0000,13.3472,1,4.0,67.00,0.0,0.0,0.0,0.0
1734,13.614396,11.414578,3.153000,4,0,6000.0000,-1000.0000,90.0000,13.4898,1,4.0,67.00,0.0,0.0,0.0,0.0
1735,12.415379,13.713948,3.220000,4,0,6000.0000,-1000.0000,90.0000,13.6613,1,4.0,67.00,0.0,0.0,0.0,0.0
1736,12.418231,12.305867,3.138000,4,0,6000.0000,-1000.0000,90.0000,13.8151,1,4.0,67.00,0.0,0.0,0.0,0.0
1737,12.304987,12.421040,3.179000,4,0,6000.0000,-1000.0000,90.0000,13.9703,1,4.0,67.00,0.0,0.0,0.0,0.0
1738,11.917179,12.309587,3.125000,4,0,6000.0000,-1000.0000,90.0000,14.1242,1,4.0,67.00,0.0,0.0,0.0,0.0
1739,13.036053,11.903439,3.169000,4,0,6000.0000,-1000.0000,90.0000,14.2730,1,4.0,67.00,0.0,0.0,0.0,0.0
1740,12.403849,13.071114,3.155000,4,0,6000.0000,-1000.0000,90.0000,14.4364,1,4.0,67.00,0.0,0.0,0.0,0.0
1741,12.421350,12.370038,3.161000,4,0,6000.0000,-1000.0000,90.0000,14.5910,1,4.0,67.00,0.0,0.0,0.0,0.0
1742,12.209655,12.423831,3.128000,4,0,6000.0000,-1000.0000,90.0000,14.7463,1,4.0,67.00,0.0,0.0,0.0,0.0
1743,12.634524,12.199305,3.164000,4,0,6000.0000,-1000.0000,90.0000,14.8988,1,4.0,67.00,0.0,0.0,0.0,0.0
1744,12.575114,12.645815,3.195000,4,0,6000.0000,-1000.0000,90.0000,15.0569,1,4.0,67.00,0.0,0.0,0.0,0.0
1745,12.119823,12.570252,3.136000,4,0,6000.0000,-1000.0000,90.0000,15.2140,1,4.0,67.00,0.0,0.0,0.0,0.0
1746,12.989692,12.124893,3.168000,4,0,6000.0000,-1000.0000,90.0000,15.3656,1,4.0,67.00,0.0,0.0,0.0,0.0
1747,12.865860,12.984662,3.248000,4,0,6000.0000,-1000.0000,90.0000,15.5279,1,4.0,67.00,0.0,0.0,0.0,0.0
1748,12.008060,12.871720,3.208000,4,0,6000.0000,-1000.0000,90.0000,15.6888,1,4.0,67.00,0.0,0.0,0.0,0.0
1749,12.400939,12.006541,3.259000,4,0,6000.0000,-1000.0000,90.0000,15.8389,1,4.0,67.00,0.0,0.0,0.0,0.0
1750,12.476012,12.428510,3.282000,4,0,6000.0000,-1000.0000,90.0000,15.9942,1,4.0,67.00,0.0,0.0,0.0,0.0
1751,11.409547,12.445030,3.304000,4,0,6000.0000,-1000.0000,90.0000,16.1498,1,4.0,67.00,0.0,0.0,0.0,0.0
1752,12.121074,11.435718,3.338000,4,0,6000.0000,-1000.0000,90.0000,16.2927,1,4.0,67.00,0.0,0.0,0.0,0.0
1753,12.390979,12.165105,3.196000,4,0,6000.0000,-1000.0000,90.0000,16.4448,1,4.0,67.00,0.0,0.0,0.0,0.0
1754,12.850980,12.321158,3.193000,4,0,6000.0000,-1000.0000,90.0000,16.5988,1,4.0,67.00,0.0,0.0,0.0,0.0
1755,13.123665,12.852189,3.192000,4,0,6000.0000,-1000.0000,90.0000,16.7595,1,4.0,67.00,0.0,0.0,0.0,0.0
1756,12.633753,13.125685,3.143000,4,0,6000.0000,-1000.0000,90.0000,16.9235,1,4.0,67.00,0.0,0.0,0.0,0.0
1757,13.858921,12.646735,3.139000,4,0,6000.0000,-1000.0000,90.0000,17.0816,1,4.0,67.00,0.0,0.0,0.0,0.0
1758,12.418361,13.867650,3.210000,4,0,6000.0000,-1000.0000,90.0000,17.2550,1,4.0,67.00,0.0,0.0,0.0,0.0
1759,11.770375,12.393600,3.160000,4,0,6000.0000,-1000.0000,90.0000,17.4099,1,4.0,67.00,0.0,0.0,0.0,0.0
1760,12.405270,11.759556,3.155000,4,0,6000.0000,-1000.0000,90.0000,17.5569,1,4.0,67.00,0.0,0.0,0.0,0.0
1761,11.806086,12.416399,3.193000,4,0,6000.0000,-1000.0000,90.0000,17.7121,1,4.0,67.00,0.0,0.0,0.0,0.0
1762,12.928151,11.802017,3.160000,4,0,6000.0000,-1000.0000,90.0000,17.8596,1,4.0,67.00,0.0,0.0,0.0,0.0
1763,12.528502,12.990052,3.186000,4,0,6000.0000,-1000.0000,90.0000,18.0220,1,4.0,67.00,0.0,0.0,0.0,0.0
1764,12.836439,12.509821,3.176000,4,0,6000.0000,-1000.0000,90.0000,18.1783,1,4.0,67.00,0.0,0.0,0.0,0.0
1765,12.181934,12.848819,3.139000,4,0,6000.0000,-1000.0000,90.0000,18.3390,1,4.0,67.00,0.0,0.0,0.0,0.0
1766,11.593613,12.171715,3.152000,4,0,6000.0000,-1000.0000,90.0000,18.4911,1,4.0,67.00,0.0,0.0,0.0,0.0
1767,12.131253,11.627393,3.146000,4,0,6000.0000,-1000.0000,90.0000,18.6364,1,4.0,67.00,0.0,0.0,0.0,0.0
1768,12.511701,12.115693,3.146000,4,0,6000.0000,-1000.0000,90.0000,18.7879,1,4.0,67.00,0.0,0.0,0.0,0.0
1769,13.009723,12.499852,3.143000,4,0,6000.0000,-1000.0000,90.0000,18.9441,1,4.0,67.00,0.0,0.0,0.0,0.0
1770,12.583224,13.025443,3.170000,4,0,6000.0000,-1000.0000,90.0000,19.1070,1,4.0,67.00,0.0,0.0,0.0,0.0
1771,12.089572,12.556092,3.190000,4,0,6000.0000,-1000.0000,90.0000,19.2639,1,4.0,67.00,0.0,0.0,0.0,0.0
1772,12.982872,12.094732,3.132000,4,0,6000.0000,-1000.0000,90.0000,19.4151,1,4.0,67.00,0.0,0.0,0.0,0.0
1773,13.104555,13.020953,3.126000,4,0,6000.0000,-1000.0000,90.0000,19.5779,1,4.0,67.00,0.0,0.0,0.0,0.0
1774,12.060892,13.049584,3.189000,4,0,6000.0000,-1000.0000,90.0000,19.7410,1,4.0,67.00,0.0,0.0,0.0,0.0
1775,10.856886,12.167344,3.154000,4,0,6000.0000,-1000.0000,90.0000,19.8931,1,4.0,67.00,0.0,0.0,0.0,0.0
1776,10.072578,10.802185,3.133000,4,0,6000.0000,-1000.0000,90.0000,20.0281,1,4.0,67.00,0.0,0.0,0.0,0.0
1777,11.179363,10.014647,3.117000,4,0,6000.0000,-1000.0000,90.0000,20.1533,1,4.0,67.00,0.0,0.0,0.0,0.0
1778,10.859916,11.166803,3.139000,4,0,6000.0000,-1000.0000,90.0000,20.2929,1,4.0,67.00,0.0,0.0,0.0,0.0
1779,11.353346,11.032149,3.182000,4,0,6000.0000,-1000.0000,90.0000,20.4308,1,4.0,67.00,0.0,0.0,0.0,0.0
1780,11.034680,11.249445,3.150000,4,0,6000.0000,-1000.0000,90.0000,20.5714,1,4.0,67.00,0.0,0.0,0.0,0.0
1781,11.143393,11.016700,3.215000,4,0,6000.0000,-1000.0000,90.0000,20.7091,1,4.0,67.00,0.0,0.0,0.0,0.0
1782,10.882506,11.050980,3.104000,4,0,6000.0000,-1000.0000,90.0000,20.8472,1,4.0,67.00,0.0,0.0,0.0,0.0
1783,11.911158,10.987118,3.147000,4,0,6000.0000,-1000.0000,90.0000,20.9846,1,4.0,67.00,0.0,0.0,0.0,0.0
1784,11.753496,11.816907,3.101000,4,0,6000.0000,-1000.0000,90.0000,21.1323,1,4.0,67.00,0.0,0.0,0.0,0.0
1785,10.438917,11.752205,3.175000,4,0,6000.0000,-1000.0000,90.0000,21.2792,1,4.0,67.00,0.0,0.0,0.0,0.0
1786,10.173081,10.378626,3.222000,4,0,6000.0000,-1000.0000,90.0000,21.4089,1,4.0,67.00,0.0,0.0,0.0,0.0
1787,11.293185,10.181021,3.192000,4,0,6000.0000,-1000.0000,90.0000,21.5362,1,4.0,67.00,0.0,0.0,0.0,0.0
1788,10.878486,11.297115,3.083000,4,0,6000.0000,-1000.0000,90.0000,21.6774,1,4.0,67.00,0.0,0.0,0.0,0.0
1789,11.261135,11.002899,3.173000,4,0,6000.0000,-1000.0000,90.0000,21.8149,1,4.0,67.00,0.0,0.0,0.0,0.0
1790,10.541839,11.267624,3.218000,4,0,6000.0000,-1000.0000,90.0000,21.9558,1,4.0,67.00,0.0,0.0,0.0,0.0
1791,10.754033,10.552080,3.158000,4,0,6000.0000,-1000.0000,90.0000,22.0877,1,4.0,67.00,0.0,0.0,0.0,0.0
1792,11.027120,10.699263,3.148000,4,0,6000.0000,-1000.0000,90.0000,22.2214,1,4.0,67.00,0.0,0.0,0.0,0.0
1793,10.789444,11.029179,3.173000,4,0,6000.0000,-1000.0000,90.0000,22.3593,1,4.0,67.00,0.0,0.0,0.0,0.0
1794,10.355326,10.807124,3.148000,4,0,6000.0000,-1000.0000,90.0000,22.4944,1,4.0,67.00,0.0,0.0,0.0,0.0
1795,11.041130,10.356626,3.133000,4,0,6000.0000,-1000.0000,90.0000,22.6238,1,4.0,67.00,0.0,0.0,0.0,0.0
1796,10.765193,11.032780,3.170000,4,0,6000.0000,-1000.0000,90.0000,22.7617,1,4.0,67.00,0.0,0.0,0.0,0.0
1797,11.014039,10.725173,3.187000,4,0,6000.0000,-1000.0000,90.0000,22.8958,1,4.0,67.00,0.0,0.0,0.0,0.0
1798,11.341367,11.090111,3.171000,4,0,6000.0000,-1000.0000,90.0000,23.0344,1,4.0,67.00,0.0,0.0,0.0,0.0
1799,11.107201,11.337346,3.117000,4,0,6000.0000,-1000.0000,90.0000,23.1761,1,4.0,67.00,0.0,0.0,0.0,0.0
1800,10.466307,11.101511,3.181000,4,0,6000.0000,-1000.0000,90.0000,23.3149,1,4.0,67.00,0.0,0.0,0.0,0.0
1801,11.314336,10.511158,3.137000,4,0,6000.0000,-1000.0000,90.0000,23.4463,1,4.0,67.00,0.0,0.0,0.0,0.0
1802,11.059481,11.300886,3.134000,4,0,6000.0000,-1000.0000,90.0000,23.5876,1,4.0,67.00,0.0,0.0,0.0,0.0
1803,11.083940,11.068270,3.187000,4,0,6000.0000,-1000.0000,90.0000,23.7259,1,4.0,67.00,0.0,0.0,0.0,0.0
1804,10.449917,11.070770,3.123000,4,0,6000.0000,-1000.0000,90.0000,23.8643,1,4.0,67.00,0.0,0.0,0.0,0.0
1805,11.079901,10.521649,3.191000,4,0,6000.0000,-1000.0000,90.0000,23.9958,1,4.0,67.00,0.0,0.0,0.0,0.0
1806,10.772024,10.985309,3.132000,4,0,6000.0000,-1000.0000,90.0000,24.1331,1,4.0,67.00,0.0,0.0,0.0,0.0
1807,11.039150,10.792374,3.218000,4,0,6000.0000,-1000.0000,90.0000,24.2680,1,4.0,67.00,0.0,0.0,0.0,0.0
1808,11.246604,11.071080,3.158000,4,0,6000.0000,-1000.0000,90.0000,24.4064,1,4.0,67.00,0.0,0.0,0.0,0.0
1809,10.997368,11.190554,3.303000,4,0,6000.0000,-1000.0000,90.0000,24.5463,1,4.0,67.00,0.0,0.0,0.0,0.0
1810,11.033800,11.068740,3.119000,4,0,6000.0000,-1000.0000,90.0000,24.6847,1,4.0,67.00,0.0,0.0,0.0,0.0
1811,15.052077,10.966799,3.149000,4,0,6000.0000,-1000.0000,90.0000,24.8218,1,4.0,67.00,0.0,0.0,0.0,0.0
1812,13.485473,15.024866,3.173000,5,0,6000.0000,-1000.0000,90.0000,-25.0000,1,4.0,67.00,0.0,0.0,0.0,0.0
1813,12.439530,13.480262,3.178000,5,0,6000.0000,-1000.0000,90.0000,-25.0000,1,4.0,67.00,0.0,0.0,0.0,0.0
1814,12.811899,12.423560,3.104000,5,0,6000.0000,-1000.0000,90.0000,-25.0000,1,4.0,67.00,0.0,0.0,0.0,0.0
1815,13.257407,12.847539,3.244000,5,0,6000.0000,-1000.0000,90.0000,-25.0000,1,4.0,67.00,0.0,0.0,0.0,0.0
1816,13.784090,13.250899,3.319000,5,0,6000.0000,-1000.0000,90.0000,-25.0000,1,4.0,67.00,0.0,0.0,0.0,0.0
1817,13.569695,13.796689,3.144000,5,0,6000.0000,-1000.0000,90.0000,-25.0000,1,4.0,67.00,0.0,0.0,0.0,0.0
1818,14.126627,13.563335,3.055000,5,0,6000.0000,-1000.0000,90.0000,-25.0000,1,4.0,67.00,0.0,0.0,0.0,0.0
1819,14.647738,14.102576,2.894000,5,0,6000.0000,-1000.0000,90.0000,-25.0000,1,4.0,67.00,0.0,0.0,0.0,0.0
1820,13.621776,14.643608,2.857000,5,0,6000.0000,-1000.0000,90.0000,-25.0000,1,4.0,67.00,0.0,0.0,0.0,0.0
1821,13.569585,13.654206,2.869000,5,0,6000.0000,-1000.0000,90.0000,-25.0000,1,4.0,67.00,0.0,0.0,0.0,0.0
1822,13.718857,13.541125,2.974000,5,0,6000.0000,-1000.0000,90.0000,-25.0000,1,4.0,67.00,0.0,0.0,0.0,0.0
1823,12.733147,13.780109,2.934000,5,0,6000.0000,-1000.0000,90.0000,-25.0000,1,4.0,67.00,0.0,0.0,0.0,0.0
1824,12.894050,12.693645,2.875000,5,0,6000.0000,-1000.0000,90.0000,-25.0000,1,4.0,67.00,0.0,0.0,0.0,0.0
1825,13.267308,12.904551,2.822000,5,0,6000.0000,-1000.0000,90.0000,-25.0000,1,4.0,67.00,0.0,0.0,0.0,0.0
1826,13.017883,13.229547,2.850000,5,0,6000.0000,-1000.0000,90.0000,-25.0000,1,4.0,67.00,0.0,0.0,0.0,0.0
1827,12.636085,13.049743,2.802000,5,0,6000.0000,-1000.0000,90.0000,-25.0000,1,4.0,67.00,0.0,0.0,0.0,0.0
1828,12.227435,12.667936,2.826000,5,0,6000.0000,-1000.0000,90.0000,-25.0000,1,4.0,67.00,0.0,0.0,0.0,0.0
1829,13.469694,12.163434,2.889000,5,0,6000.0000,-1000.0000,90.0000,-25.0000,1,4.0,67.00,0.0,0.0,0.0,0.0
1830,13.719657,13.477353,2.800000,5,0,6000.0000,-1000.0000,90.0000,-25.0000,1,4.0,67.00,0.0,0.0,0.0,0.0
1831,12.465221,13.742739,2.822000,5,0,6000.0000,-1000.0000,90.0000,-25.0000,1,4.0,67.00,0.0,0.0,0.0,0.0
1832,12.059082,12.439150,2.817000,5,0,6000.0000,-1000.0000,90.0000,-25.0000,1,4.0,67.00,0.0,0.0,0.0,0.0
1833,11.804067,12.055042,2.646000,5,0,6000.0000,-1000.0000,90.0000,-25.0000,1,4.0,67.00,0.0,0.0,0.0,0.0
1834,11.790495,11.805176,2.811000,5,0,6000.0000,-1000.0000,90.0000,-25.0000,1,4.0,67.00,0.0,0.0,0.0,0.0
1835,12.161725,11.786747,2.743000,5,0,6000.0000,-1000.0000,90.0000,-25.0000,1,4.0,67.00,0.0,0.0,0.0,0.0
1836,11.548190,12.157984,2.742000,5,0,6000.0000,-1000.0000,90.0000,-25.0000,1,4.0,67.00,0.0,0.0,0.0,0.0
1837,11.907319,11.560690,2.790000,5,0,6000.0000,-1000.0000,90.0000,-25.0000,1,4.0,67.00,0.0,0.0,0.0,0.0
1838,12.280317,11.946360,2.777000,5,0,6000.0000,-1000.0000,90.0000,-25.0000,1,4.0,67.00,0.0,0.0,0.0,0.0
1839,12.061071,12.390729,2.809000,5,0,6000.0000,-1000.0000,90.0000,-25.0000,1,4.0,67.00,0.0,0.0,0.0,0.0
1840,11.879979,11.953290,2.821000,5,0,6000.0000,-1000.0000,90.0000,-25.0000,1,4.0,67.00,0.0,0.0,0.0,0.0
1841,11.663353,11.856337,2.845000,5,0,6000.0000,-1000.0000,90.0000,-25.0000,1,4.0,67.00,0.0,0.0,0.0,0.0
1842,12.282007,11.666794,2.764000,5,0,6000.0000,-1000.0000,90.0000,-25.0000,1,4.0,67.00,0.0,0.0,0.0,0.0
1843,11.845477,12.248865,2.849000,5,0,6000.0000,-1000.0000,90.0000,-25.0000,1,4.0,67.00,0.0,0.0,0.0,0.0
1844,12.642025,11.876158,2.740000,5,0,6000.0000,-1000.0000,90.0000,-25.0000,1,4.0,67.00,0.0,0.0,0.0,0.0
1845,12.083293,12.605075,2.736000,5,0,6000.0000,-1000.0000,90.0000,-25.0000,1,4.0,67.00,0.0,0.0,0.0,0.0
1846,13.106034,12.086072,2.772000,5,0,6000.0000,-1000.0000,90.0000,-25.0000,1,4.0,67.00,0.0,0.0,0.0,0.0
1847,12.247516,13.163326,2.839000,5,0,6000.0000,-1000.0000,90.0000,-25.0000,1,4.0,67.00,0.0,0.0,0.0,0.0
1848,12.505862,12.199385,2.870000,5,0,6000.0000,-1000.0000,90.0000,-25.0000,1,4.0,67.00,0.0,0.0,0.0,0.0
1849,12.049952,12.498642,2.836000,5,0,6000.0000,-1000.0000,90.0000,-25.0000,1,4.0,67.00,0.0,0.0,0.0,0.0
1850,12.134303,12.082792,2.812000,5,0,6000.0000,-1000.0000,90.0000,-25.0000,1,4.0,67.00,0.0,0.0,0.0,0.0
1851,13.148946,12.103273,2.727000,5,0,6000.0000,-1000.0000,90.0000,-25.0000,1,4.0,67.00,0.0,0.0,0.0,0.0
1852,12.371318,13.175926,2.849000,5,0,6000.0000,-1000.0000,90.0000,-25.0000,1,4.0,67.00,0.0,0.0,0.0,0.0
1853,12.491602,12.346858,2.829000,5,0,6000.0000,-1000.0000,90.0000,-25.0000,1,4.0,67.00,0.0,0.0,0.0,0.0
1854,13.238017,12.489482,2.810000,5,0,6000.0000,-1000.0000,90.0000,-25.0000,1,4.0,67.00,0.0,0.0,0.0,0.0
1855,11.959480,13.294938,2.832000,5,0,6000.0000,-1000.0000,90.0000,-25.0000,1,4.0,67.00,0.0,0.0,0.0,0.0
1856,12.608364,11.961050,2.739000,5,0,6000.0000,-1000.0000,90.0000,-25.0000,1,4.0,67.00,0.0,0.0,0.0,0.0
1857,13.524524,12.556853,2.806000,5,0,6000.0000,-1000.0000,90.0000,-25.0000,1,4.0,67.00,0.0,0.0,0.0,0.0
1858,12.399449,13.547434,2.860000,5,0,6000.0000,-1000.0000,90.0000,-25.0000,1,4.0,67.00,0.0,0.0,0.0,0.0
1859,12.443611,12.411550,2.752000,5,0,6000.0000,-1000.0000,90.0000,-25.0000,1,4.0,67.00,0.0,0.0,0.0,0.0
1860,13.235367,12.434920,2.748000,5,0,6000.0000,-1000.0000,90.0000,-25.0000,1,4.0,67.00,0.0,0.0,0.0,0.0
1861,12.934301,13.241167,2.833000,5,0,6000.0000,-1000.0000,90.0000,-25.0000,1,4.0,67.00,0.0,0.0,0.0,0.0
1862,13.089844,12.935901,2.738000,5,0,6000.0000,-1000.0000,90.0000,-25.0000,1,4.0,67.00,0.0,0.0,0.0,0.0
1863,13.154056,13.066184,2.807000,5,0,6000.0000,-1000.0000,90.0000,-25.0000,1,4.0,67.00,0.0,0.0,0.0,0.0
1864,13.028143,13.180616,2.791000,5,0,6000.0000,-1000.0000,90.0000,-25.0000,1,4.0,67.00,0.0,0.0,0.0,0.0
1865,12.918721,13.000453,2.715000,5,0,6000.0000,-1000.0000,90.0000,-25.0000,1,4.0,67.00,0.0,0.0,0.0,0.0
1866,14.352472,12.919821,2.835000,5,0,6000.0000,-1000.0000,90.0000,-25.0000,1,4.0,67.00,0.0,0.0,0.0,0.0
1867,13.058344,14.298301,2.838000,5,0,6000.0000,-1000.0000,90.0000,-25.0000,1,4.0,67.00,0.0,0.0,0.0,0.0
1868,12.447160,13.057673,2.808000,5,0,6000.0000,-1000.0000,90.0000,-25.0000,1,4.0,67.00,0.0,0.0,0.0,0.0
1869,13.016852,12.449740,2.762000,5,0,6000.0000,-1000.0000,90.0000,-25.0000,1,4.0,67.00,0.0,0.0,0.0,0.0
1870,12.707607,13.023533,2.877000,5,0,6000.0000,-1000.0000,90.0000,-25.0000,1,4.0,67.00,0.0,0.0,0.0,0.0
1871,11.861328,12.718237,2.791000,5,0,6000.0000,-1000.0000,90.0000,-25.0000,1,4.0,67.00,0.0,0.0,0.0,0.0
1872,12.784716,11.842527,2.824000,5,0,6000.0000,-1000.0000,90.0000,-25.0000,1,4.0,67.00,0.0,0.0,0.0,0.0
1873,12.169956,12.785448,2.843000,5,0,6000.0000,-1000.0000,90.0000,-25.0000,1,4.0,67.00,0.0,0.0,0.0,0.0
1874,11.414537,12.179645,2.794000,5,0,6000.0000,-1000.0000,90.0000,-25.0000,1,4.0,67.00,0.0,0.0,0.0,0.0
1875,11.427518,11.400787,2.728000,5,0,6000.0000,-1000.0000,90.0000,-25.0000,1,4.0,67.00,0.0,0.0,0.0,0.0
1876,11.734305,11.430499,2.689000,5,0,6000.0000,-1000.0000,90.0000,-25.0000,1,4.0,67.00,0.0,0.0,0.0,0.0
1877,12.052502,11.738374,2.771000,5,0,6000.0000,-1000.0000,90.0000,-25.0000,1,4.0,67.00,0.0,0.0,0.0,0.0
1878,11.868458,12.040382,2.778000,5,0,6000.0000,-1000.0000,90.0000,-25.0000,1,4.0,67.00,0.0,0.0,0.0,0.0
1879,12.459420,12.907930,2.968000,5,0,6000.0000,-1000.0000,90.0000,-25.0000,1,4.0,67.00,0.0,0.0,0.0,0.0
1880,12.050543,11.730905,2.853000,5,0,6000.0000,-1000.0000,90.0000,-25.0000,1,4.0,67.00,0.0,0.0,0.0,0.0
1881,11.899788,11.878538,2.860000,5,0,6000.0000,-1000.0000,90.0000,-25.0000,1,4.0,67.00,0.0,0.0,0.0,0.0
1882,12.871159,11.908939,2.824000,5,0,6000.0000,-1000.0000,90.0000,-25.0000,1,4.0,67.00,0.0,0.0,0.0,0.0
1883,13.455273,12.829389,2.904000,5,0,6000.0000,-1000.0000,90.0000,-25.0000,1,4.0,67.00,0.0,0.0,0.0,0.0
1884,12.782927,13.470712,2.862000,5,0,6000.0000,-1000.0000,90.0000,-25.0000,1,4.0,67.00,0.0,0.0,0.0,0.0
1885,12.388350,12.738837,2.876000,5,0,6000.0000,-1000.0000,90.0000,-25.0000,1,4.0,67.00,0.0,0.0,0.0,0.0
1886,12.073322,12.404249,2.875000,5,0,6000.0000,-1000.0000,90.0000,-25.0000,1,4.0,67.00,0.0,0.0,0.0,0.0
1887,12.654085,11.960350,2.812000,5,0,6000.0000,-1000.0000,90.0000,-25.0000,1,4.0,67.00,0.0,0.0,0.0,0.0
1888,15.090258,12.643425,2.717000,5,0,6000.0000,-1000.0000,90.0000,-25.0000,1,4.0,67.00,0.0,0.0,0.0,0.0
1889,19.610705,15.100858,2.826000,5,0,6000.0000,-1000.0000,90.0000,-25.0000,1,4.0,67.00,0.0,0.0,0.0,0.0
1890,13.201597,19.600755,2.764000,5,0,6000.0000,-1000.0000,90.0000,-25.0000,1,4.0,67.00,0.0,0.0,0.0,0.0
1891,13.303820,13.188688,2.855000,5,0,6000.0000,-1000.0000,90.0000,-25.0000,1,4.0,67.00,0.0,0.0,0.0,0.0
1892,12.964781,13.301538,2.789000,5,0,6000.0000,-1000.0000,90.0000,-25.0000,1,4.0,67.00,0.0,0.0,0.0,0.0
1893,12.213335,12.971022,2.756000,5,0,6000.0000,-1000.0000,90.0000,-25.0000,1,4.0,67.00,0.0,0.0,0.0,0.0
1894,13.245908,12.205955,2.760000,5,0,6000.0000,-1000.0000,90.0000,-25.0000,1,4.0,67.00,0.0,0.0,0.0,0.0
1895,12.933751,13.237657,2.845000,5,0,6000.0000,-1000.0000,90.0000,-25.0000,1,4.0,67.00,0.0,0.0,0.0,0.0
1896,12.131383,12.976402,2.729000,5,0,6000.0000,-1000.0000,90.0000,-25.0000,1,4.0,67.00,0.0,0.0,0.0,0.0
1897,12.073252,12.111763,2.821000,5,0,6000.0000,-1000.0000,90.0000,-25.0000,1,4.0,67.00,0.0,0.0,0.0,0.0
1898,11.558252,12.076552,2.822000,5,0,6000.0000,-1000.0000,90.0000,-25.0000,1,4.0,67.00,0.0,0.0,0.0,0.0
1899,11.730265,11.579492,2.766000,5,0,6000.0000,-1000.0000,90.0000,-25.0000,1,4.0,67.00,0.0,0.0,0.0,0.0
1900,13.031173,11.831058,2.786000,5,0,6000.0000,-1000.0000,90.0000,-25.0000,1,4.0,67.00,0.0,0.0,0.0,0.0
1901,10.840135,13.027903,2.786000,5,0,6000.0000,-1000.0000,90.0000,-25.0000,1,4.0,67.00,0.0,0.0,0.0,0.0
1902,11.200094,10.813285,2.791000,5,0,6000.0000,-1000.0000,90.0000,-25.0000,1,4.0,67.00,0.0,0.0,0.0,0.0
1903,12.353168,11.221353,2.803000,5,0,6000.0000,-1000.0000,90.0000,-25.0000,1,4.0,67.00,0.0,0.0,0.0,0.0
1904,11.433328,12.333788,2.787000,5,0,6000.0000,-1000.0000,90.0000,-25.0000,1,4.0,67.00,0.0,0.0,0.0,0.0
1905,12.020221,11.434879,2.775000,5,0,6000.0000,-1000.0000,90.0000,-25.0000,1,4.0,67.00,0.0,0.0,0.0,0.0
1906,11.735415,12.029451,2.776000,5,0,6000.0000,-1000.0000,90.0000,-25.0000,1,4.0,67.00,0.0,0.0,0.0,0.0
1907,11.787136,11.727584,2.808000,5,0,6000.0000,-1000.0000,90.0000,-25.0000,1,4.0,67.00,0.0,0.0,0.0,0.0
1908,11.607163,11.793547,2.932000,5,0,6000.0000,-1000.0000,90.0000,-25.0000,1,4.0,67.00,0.0,0.0,0.0,0.0
1909,12.120013,11.638653,2.751000,5,0,6000.0000,-1000.0000,90.0000,-25.0000,1,4.0,67.00,0.0,0.0,0.0,0.0
1910,11.467639,12.109013,2.797000,5,0,6000.0000,-1000.0000,90.0000,-25.0000,1,4.0,67.00,0.0,0.0,0.0,0.0
1911,11.348676,11.428547,2.794000,5,0,6000.0000,-1000.0000,90.0000,-25.0000,1,4.0,67.00,0.0,0.0,0.0,0.0
1912,11.159553,11.392169,2.786000,5,0,6000.0000,-1000.0000,90.0000,-25.0000,1,4.0,67.00,0.0,0.0,0.0,0.0
1913,10.948808,11.148782,2.789000,5,0,6000.0000,-1000.0000,90.0000,-25.0000,1,4.0,67.00,0.0,0.0,0.0,0.0
1914,11.564091,10.957058,2.717000,5,0,6000.0000,-1000.0000,90.0000,-25.0000,1,4.0,67.00,0.0,0.0,0.0,0.0
1915,10.934577,11.559770,2.788000,5,0,6000.0000,-1000.0000,90.0000,-25.0000,1,4.0,67.00,0.0,0.0,0.0,0.0
1916,11.094831,10.932728,2.789000,5,0,6000.0000,-1000.0000,90.0000,-25.0000,1,4.0,67.00,0.0,0.0,0.0,0.0
1917,11.371978,11.095901,2.824000,5,0,6000.0000,-1000.0000,90.0000,-25.0000,1,4.0,67.00,0.0,0.0,0.0,0.0
1918,11.051310,11.401988,2.752000,5,0,6000.0000,-1000.0000,90.0000,-25.0000,1,4.0,67.00,0.0,0.0,0.0,0.0
1919,11.715574,11.065600,2.765000,5,0,6000.0000,-1000.0000,90.0000,-25.0000,1,4.0,67.00,0.0,0.0,0.0,0.0
1920,12.712836,11.662134,2.806000,5,0,6000.0000,-1000.0000,90.0000,-25.0000,1,4.0,67.00,0.0,0.0,0.0,0.0
1921,12.503602,12.758856,2.779000,5,0,6000.0000,-1000.0000,90.0000,-25.0000,1,4.0,67.00,0.0,0.0,0.0,0.0
1922,12.056432,12.487792,2.803000,5,0,6000.0000,-1000.0000,90.0000,-25.0000,1,4.0,67.00,0.0,0.0,0.0,0.0
1923,11.669033,12.122413,2.757000,5,0,6000.0000,-1000.0000,90.0000,-25.0000,1,4.0,67.00,0.0,0.0,0.0,0.0
1924,11.377288,11.541701,2.751000,5,0,6000.0000,-1000.0000,90.0000,-25.0000,1,4.0,67.00,0.0,0.0,0.0,0.0
1925,11.625502,11.394908,2.737000,5,0,6000.0000,-1000.0000,90.0000,-25.0000,1,4.0,67.00,0.0,0.0,0.0,0.0
1926,12.102712,11.617881,2.814000,5,0,6000.0000,-1000.0000,90.0000,-25.0000,1,4.0,67.00,0.0,0.0,0.0,0.0
1927,11.903379,12.081654,2.832000,5,0,6000.0000,-1000.0000,90.0000,-25.0000,1,4.0,67.00,0.0,0.0,0.0,0.0
1928,11.598172,11.910798,2.830000,5,0,6000.0000,-1000.0000,90.0000,-25.0000,1,4.0,67.00,0.0,0.0,0.0,0.0
1929,11.315536,11.591042,2.786000,5,0,6000.0000,-1000.0000,90.0000,-25.0000,1,4.0,67.00,0.0,0.0,0.0,0.0
1930,12.288307,11.354836,2.758000,5,0,6000.0000,-1000.0000,90.0000,-25.0000,1,4.0,67.00,0.0,0.0,0.0,0.0
1931,12.796828,12.275878,2.779000,5,0,6000.0000,-1000.0000,90.0000,-25.0000,1,4.0,67.00,0.0,0.0,0.0,0.0
1932,12.862389,12.771496,2.723000,5,0,6000.0000,-1000.0000,90.0000,-25.0000,1,4.0,67.00,0.0,0.0,0.0,0.0
1933,13.270138,12.989013,2.824000,5,0,6000.0000,-1000.0000,90.0000,-25.0000,1,4.0,67.00,0.0,0.0,0.0,0.0
1934,11.389578,13.152426,2.824000,5,0,6000.0000,-1000.0000,90.0000,-25.0000,1,4.0,67.00,0.0,0.0,0.0,0.0
1935,12.721186,11.498139,2.825000,5,0,6000.0000,-1000.0000,90.0000,-25.0000,1,4.0,67.00,0.0,0.0,0.0,0.0
1936,10.992149,12.650916,2.824000,5,0,6000.0000,-1000.0000,90.0000,-25.0000,1,4.0,67.00,0.0,0.0,0.0,0.0
1937,12.547263,10.981378,2.730000,5,0,6000.0000,-1000.0000,90.0000,-25.0000,1,4.0,67.00,0.0,0.0,0.0,0.0
1938,12.268626,12.536632,2.848000,5,0,6000.0000,-1000.0000,90.0000,-25.0000,1,4.0,67.00,0.0,0.0,0.0,0.0
1939,12.581994,12.255596,2.887000,5,0,6000.0000,-1000.0000,90.0000,-25.0000,1,4.0,67.00,0.0,0.0,0.0,0.0
1940,12.991372,12.584584,2.885000,5,0,6000.0000,-1000.0000,90.0000,-25.0000,1,4.0,67.00,0.0,0.0,0.0,0.0
1941,13.033233,13.175816,2.960000,5,0,6000.0000,-1000.0000,90.0000,-25.0000,1,4.0,67.00,0.0,0.0,0.0,0.0
1942,15.270642,12.969762,2.879000,5,0,6000.0000,-1000.0000,90.0000,-25.0000,1,4.0,67.00,0.0,0.0,0.0,0.0
1943,13.125175,15.164269,2.894000,5,0,6000.0000,-1000.0000,90.0000,-25.0000,1,4.0,67.00,0.0,0.0,0.0,0.0
1944,12.950551,13.153195,2.851000,5,0,6000.0000,-1000.0000,90.0000,-25.0000,1,4.0,67.00,0.0,0.0,0.0,0.0
1945,12.014281,12.950832,2.846000,5,0,6000.0000,-1000.0000,90.0000,-25.0000,1,4.0,67.00,0.0,0.0,0.0,0.0
1946,11.473670,12.014681,2.875000,5,0,6000.0000,-1000.0000,90.0000,-25.0000,1,4.0,67.00,0.0,0.0,0.0,0.0
1947,12.178384,11.449259,2.710000,5,0,6000.0000,-1000.0000,90.0000,-25.0000,1,4.0,67.00,0.0,0.0,0.0,0.0
1948,11.501070,12.321597,2.816000,5,0,6000.0000,-1000.0000,90.0000,-25.0000,1,4.0,67.00,0.0,0.0,0.0,0.0
1949,11.860217,11.457150,2.778000,5,0,6000.0000,-1000.0000,90.0000,-25.0000,1,4.0,67.00,0.0,0.0,0.0,0.0
1950,12.423031,11.817926,2.777000,5,0,6000.0000,-1000.0000,90.0000,-25.0000,1,4.0,67.00,0.0,0.0,0.0,0.0
1951,11.403207,12.414940,2.819000,5,0,6000.0000,-1000.0000,90.0000,-25.0000,1,4.0,67.00,0.0,0.0,0.0,0.0
1952,12.093133,11.391357,2.727000,5,0,6000.0000,-1000.0000,90.0000,-25.0000,1,4.0,67.00,0.0,0.0,0.0,0.0
1953,11.795246,12.038182,2.787000,5,0,6000.0000,-1000.0000,90.0000,-25.0000,1,4.0,67.00,0.0,0.0,0.0,0.0
1954,12.026092,11.795176,2.830000,5,0,6000.0000,-1000.0000,90.0000,-25.0000,1,4.0,67.00,0.0,0.0,0.0,0.0
1955,12.482010,12.017411,2.837000,5,0,6000.0000,-1000.0000,90.0000,-25.0000,1,4.0,67.00,0.0,0.0,0.0,0.0
1956,12.310538,12.512733,2.712000,5,0,6000.0000,-1000.0000,90.0000,-25.0000,1,4.0,67.00,0.0,0.0,0.0,0.0
1957,12.752357,12.272966,2.829000,5,0,6000.0000,-1000.0000,90.0000,-25.0000,1,4.0,67.00,0.0,0.0,0.0,0.0
1958,12.383509,12.794138,2.810000,5,0,6000.0000,-1000.0000,90.0000,-25.0000,1,4.0,67.00,0.0,0.0,0.0,0.0
1959,13.302489,12.352678,2.839000,5,0,6000.0000,-1000.0000,90.0000,-25.0000,1,4.0,67.00,0.0,0.0,0.0,0.0
1960,12.623764,13.320819,2.794000,5,0,6000.0000,-1000.0000,90.0000,-25.0000,1,4.0,67.00,0.0,0.0,0.0,0.0
1961,12.444300,12.616084,2.748000,5,0,6000.0000,-1000.0000,90.0000,-25.0000,1,4.0,67.00,0.0,0.0,0.0,0.0
1962,12.115314,12.434800,2.795000,5,0,6000.0000,-1000.0000,90.0000,-25.0000,1,4.0,67.00,0.0,0.0,0.0,0.0
1963,11.845387,12.148845,2.799000,5,0,6000.0000,-1000.0000,90.0000,-25.0000,1,4.0,67.00,0.0,0.0,0.0,0.0
1964,12.168324,11.757995,2.745000,5,0,6000.0000,-1000.0000,90.0000,-25.0000,1,4.0,67.00,0.0,0.0,0.0,0.0
1965,12.754737,12.218495,2.769000,5,0,6000.0000,-1000.0000,90.0000,-25.0000,1,4.0,67.00,0.0,0.0,0.0,0.0
1966,11.735596,12.837389,2.764000,5,0,6000.0000,-1000.0000,90.0000,-25.0000,1,4.0,67.00,0.0,0.0,0.0,0.0
1967,13.046133,11.702614,2.747000,5,0,6000.0000,-1000.0000,90.0000,-25.0000,1,4.0,67.00,0.0,0.0,0.0,0.0
1968,11.652993,13.032183,2.882000,5,0,6000.0000,-1000.0000,90.0000,-25.0000,1,4.0,67.00,0.0,0.0,0.0,0.0
1969,11.709124,11.671054,2.851000,5,0,6000.0000,-1000.0000,90.0000,-25.0000,1,4.0,67.00,0.0,0.0,0.0,0.0
1970,11.731905,11.699794,2.804000,5,0,6000.0000,-1000.0000,90.0000,-25.0000,1,4.0,67.00,0.0,0.0,0.0,0.0
1971,11.614232,11.742255,2.800000,5,0,6000.0000,-1000.0000,90.0000,-25.0000,1,4.0,67.00,0.0,0.0,0.0,0.0
1972,11.596392,11.593202,2.798000,5,0,6000.0000,-1000.0000,90.0000,-25.0000,1,4.0,67.00,0.0,0.0,0.0,0.0
1973,11.118182,11.599222,2.723000,6,0,6000.0000,-1000.0000,90.0000,-25.0000,1,4.0,67.00,0.0,0.0,0.0,0.0
1974,11.398498,11.147622,2.743000,6,1,6000.0000,-1000.0000,90.0000,-24.8607,1,4.0,67.00,0.0,0.0,0.0,0.0
1975,183.835523,11.368237,2.961000,6,0,6000.0000,-1000.0000,90.0000,-24.7186,1,4.0,67.00,0.0,0.0,0.0,0.0
1976,7.178607,183.776573,2.961000,6,1,6000.0000,-1000.0000,90.0000,-22.4213,1,4.0,67.00,0.0,0.0,0.0,0.0
1977,146.812618,7.110304,3.209000,6,0,6000.0000,-1000.0000,90.0000,-22.3325,1,4.0,67.00,0.0,0.0,0.0,0.0
1978,6.969402,146.850890,3.209000,6,1,6000.0000,-1000.0000,90.0000,-20.4968,1,4.0,67.00,0.0,0.0,0.0,0.0
1979,146.454902,6.984382,3.237000,6,0,6000.0000,-1000.0000,90.0000,-20.4095,1,4.0,67.00,0.0,0.0,0.0,0.0
1980,7.206406,146.452822,3.237000,6,1,6000.0000,-1000.0000,90.0000,-18.5789,1,4.0,67.00,0.0,0.0,0.0,0.0
1981,146.916142,7.152865,3.238000,6,0,6000.0000,-1000.0000,90.0000,-18.4895,1,4.0,67.00,0.0,0.0,0.0,0.0
1982,7.097454,146.940922,3.238000,6,1,6000.0000,-1000.0000,90.0000,-16.6527,1,4.0,67.00,0.0,0.0,0.0,0.0
1983,147.415142,7.087024,3.291000,6,0,6000.0000,-1000.0000,90.0000,-16.5641,1,4.0,67.00,0.0,0.0,0.0,0.0
1984,7.172626,147.450543,3.291000,6,1,6000.0000,-1000.0000,90.0000,-14.7210,1,4.0,67.00,0.0,0.0,0.0,0.0
1985,146.463272,7.138145,3.269000,6,0,6000.0000,-1000.0000,90.0000,-14.6317,1,4.0,67.00,0.0,0.0,0.0,0.0
1986,7.120275,146.474303,3.269000,6,1,6000.0000,-1000.0000,90.0000,-12.8008,1,4.0,67.00,0.0,0.0,0.0,0.0
1987,146.863241,7.098864,3.305000,6,0,6000.0000,-1000.0000,90.0000,-12.7121,1,4.0,67.00,0.0,0.0,0.0,0.0
1988,6.889179,146.910971,3.305000,6,1,6000.0000,-1000.0000,90.0000,-10.8757,1,4.0,67.00,0.0,0.0,0.0,0.0
1989,180.529962,6.809168,3.253000,6,0,6000.0000,-1000.0000,90.0000,-10.7906,1,4.0,67.00,0.0,0.0,0.0,0.0
1990,7.034203,180.657705,3.253000,6,1,6000.0000,-1000.0000,90.0000,-8.5324,1,4.0,67.00,0.0,0.0,0.0,0.0
1991,150.944159,6.913680,3.264000,6,0,6000.0000,-1000.0000,90.0000,-8.4459,1,4.0,67.00,0.0,0.0,0.0,0.0
1992,9.824934,151.116653,3.332000,6,1,6000.0000,-1000.0000,90.0000,-6.5570,1,4.0,67.00,0.0,0.0,0.0,0.0
1993,151.979411,9.681221,3.325000,6,0,6000.0000,-1000.0000,90.0000,-6.4360,1,4.0,67.00,0.0,0.0,0.0,0.0
1994,19.122286,152.081493,3.325000,6,1,6000.0000,-1000.0000,90.0000,-4.5349,1,4.0,67.00,0.0,0.0,0.0,0.0
1995,154.103318,19.125476,3.376000,6,0,6000.0000,-1000.0000,90.0000,-4.2959,1,4.0,67.00,0.0,0.0,0.0,0.0
1996,7.299848,154.177279,3.376000,6,1,6000.0000,-1000.0000,90.0000,-2.3687,1,4.0,67.00,0.0,0.0,0.0,0.0
1997,152.883102,7.080664,3.340000,6,0,6000.0000,-1000.0000,90.0000,-2.2802,1,4.0,67.00,0.0,0.0,0.0,0.0
1998,7.263637,153.017954,3.340000,6,1,6000.0000,-1000.0000,90.0000,-0.3674,1,4.0,67.00,0.0,0.0,0.0,0.0
1999,150.045580,7.140795,3.369000,6,0,6000.0000,-1000.0000,90.0000,-0.2782,1,4.0,67.00,0.0,0.0,0.0,0.0
2000,7.283168,150.204103,3.523000,6,1,6000.0000,-1000.0000,90.0000,1.5994,1,4.0,67.00,0.0,0.0,0.0,0.0
2001,150.925069,7.125556,3.366000,6,0,6000.0000,-1000.0000,90.0000,1.6885,1,4.0,67.00,0.0,0.0,0.0,0.0
2002,6.937711,151.064332,3.366000,6,1,6000.0000,-1000.0000,90.0000,3.5768,1,4.0,67.00,0.0,0.0,0.0,0.0
2003,156.436509,6.799307,3.203000,6,0,6000.0000,-1000.0000,90.0000,3.6617,1,4.0,67.00,0.0,0.0,0.0,0.0
2004,6.667334,156.504521,3.203000,6,1,6000.0000,-1000.0000,90.0000,5.6181,1,4.0,67.00,0.0,0.0,0.0,0.0
2005,176.926504,6.581302,3.255000,6,0,6000.0000,-1000.0000,90.0000,5.7003,1,4.0,67.00,0.0,0.0,0.0,0.0
2006,6.774987,176.986675,3.255000,6,1,6000.0000,-1000.0000,90.0000,7.9127,1,4.0,67.00,0.0,0.0,0.0,0.0
2007,143.516948,6.756797,3.239000,6,0,6000.0000,-1000.0000,90.0000,7.9971,1,4.0,67.00,0.0,0.0,0.0,0.0
2008,6.481751,143.557770,3.239000,6,1,6000.0000,-1000.0000,90.0000,9.7916,1,4.0,67.00,0.0,0.0,0.0,0.0
2009,144.548600,6.427439,3.220000,6,0,6000.0000,-1000.0000,90.0000,9.8719,1,4.0,67.00,0.0,0.0,0.0,0.0
2010,6.660615,144.586272,3.220000,6,1,6000.0000,-1000.0000,90.0000,11.6793,1,4.0,67.00,0.0,0.0,0.0,0.0
2011,143.651542,6.620223,3.341000,6,0,6000.0000,-1000.0000,90.0000,11.7620,1,4.0,67.00,0.0,0.0,0.0,0.0
2012,6.631373,143.718963,3.341000,6,1,6000.0000,-1000.0000,90.0000,13.5585,1,4.0,67.00,0.0,0.0,0.0,0.0
2013,144.832067,6.565122,3.212000,6,0,6000.0000,-1000.0000,90.0000,13.6406,1,4.0,67.00,0.0,0.0,0.0,0.0
2014,7.099784,144.886318,3.212000,6,1,6000.0000,-1000.0000,90.0000,15.4516,1,4.0,67.00,0.0,0.0,0.0,0.0
2015,147.586697,7.045853,3.253000,6,0,6000.0000,-1000.0000,90.0000,15.5397,1,4.0,67.00,0.0,0.0,0.0,0.0
2016,6.980442,147.640558,3.253000,6,1,6000.0000,-1000.0000,90.0000,17.3852,1,4.0,67.00,0.0,0.0,0.0,0.0
2017,146.253327,6.930980,3.331000,6,0,6000.0000,-1000.0000,90.0000,17.4719,1,4.0,67.00,0.0,0.0,0.0,0.0
2018,6.749797,146.281478,3.331000,6,1,6000.0000,-1000.0000,90.0000,19.3004,1,4.0,67.00,0.0,0.0,0.0,0.0
2019,144.237064,6.717017,3.305000,6,0,6000.0000,-1000.0000,90.0000,19.3843,1,4.0,67.00,0.0,0.0,0.0,0.0
2020,7.082763,144.307575,3.305000,6,1,6000.0000,-1000.0000,90.0000,21.1882,1,4.0,67.00,0.0,0.0,0.0,0.0
2021,150.700675,7.002762,3.351000,6,0,6000.0000,-1000.0000,90.0000,21.2757,1,4.0,67.00,0.0,0.0,0.0,0.0
2022,6.701325,150.735705,3.351000,6,1,6000.0000,-1000.0000,90.0000,23.1599,1,4.0,67.00,0.0,0.0,0.0,0.0
2023,148.528268,6.684395,3.272000,6,0,6000.0000,-1000.0000,90.0000,23.2435,1,4.0,67.00,0.0,0.0,0.0,0.0
2024,6.618093,148.569468,3.272000,6,1,6000.0000,-1000.0000,90.0000,25.0000,1,4.0,67.00,0.0,0.0,0.0,0.0
2025,148.345763,6.567032,3.292000,6,0,6000.0000,-1000.0000,90.0000,25.0000,1,4.0,67.00,0.0,0.0,0.0,0.0
2026,6.367548,148.370324,3.292000,6,1,6000.0000,-1000.0000,90.0000,25.0000,1,4.0,67.00,0.0,0.0,0.0,0.0
2027,149.529579,6.337078,3.220000,6,0,6000.0000,-1000.0000,90.0000,25.0000,1,4.0,67.00,0.0,0.0,0.0,0.0
2028,7.325030,149.673052,3.220000,6,1,6000.0000,-1000.0000,90.0000,25.0000,1,4.0,67.00,0.0,0.0,0.0,0.0
2029,145.679784,7.199466,3.168000,6,0,6000.0000,-1000.0000,90.0000,25.0000,1,4.0,67.00,0.0,0.0,0.0,0.0
2030,7.198527,145.766808,3.168000,6,1,6000.0000,-1000.0000,90.0000,25.0000,1,4.0,67.00,0.0,0.0,0.0,0.0
2031,151.198715,7.079903,2.940000,6,0,6000.0000,-1000.0000,90.0000,25.0000,1,4.0,67.00,0.0,0.0,0.0,0.0
2032,7.247248,151.338878,2.940000,6,1,6000.0000,-1000.0000,90.0000,25.0000,1,4.0,67.00,0.0,0.0,0.0,0.0
2033,149.499817,7.119315,2.917000,6,0,6000.0000,-1000.0000,90.0000,25.0000,1,4.0,67.00,0.0,0.0,0.0,0.0
2034,7.281419,149.615691,2.917000,6,1,6000.0000,-1000.0000,90.0000,25.0000,1,4.0,67.00,0.0,0.0,0.0,0.0
2035,146.540934,7.163676,2.929000,6,0,6000.0000,-1000.0000,90.0000,25.0000,1,4.0,67.00,0.0,0.0,0.0,0.0
2036,6.826828,146.707858,2.929000,6,1,6000.0000,-1000.0000,90.0000,25.0000,1,4.0,67.00,0.0,0.0,0.0,0.0
2037,175.969604,6.653153,3.002000,7,0,6000.0000,-1000.0000,90.0000,0.0000,1,4.0,67.00,0.0,0.0,0.0,0.0
2038,6.356598,176.029185,3.002000,7,0,6074.3671,-1000.0000,90.0000,0.0000,1,4.0,67.00,0.0,0.0,0.0,0.0
2039,4.572699,6.291497,2.940000,7,0,6077.1200,-1000.0000,90.0000,0.0000,1,4.0,67.00,0.0,0.0,0.0,0.0
2040,10.500058,4.569569,2.940000,7,0,6079.1696,-1000.0000,90.0000,0.0000,1,4.0,67.00,0.0,0.0,0.0,0.0
2041,12.195976,10.509668,3.240000,7,0,6084.1487,-1000.0000,90.0000,0.0000,1,4.0,67.00,0.0,0.0,0.0,0.0
2042,11.501489,12.247227,3.310000,7,0,6090.3109,-1000.0000,90.0000,0.0000,1,4.0,67.00,0.0,0.0,0.0,0.0
2043,12.294627,11.504389,3.073000,7,0,6096.2932,-1000.0000,90.0000,0.0000,1,4.0,67.00,0.0,0.0,0.0,0.0
2044,12.471201,12.300589,3.145000,7,0,6102.6895,-1000.0000,90.0000,0.0000,1,4.0,67.00,0.0,0.0,0.0,0.0
2045,11.924050,12.515521,3.211000,7,0,6109.1976,-1000.0000,90.0000,0.0000,1,4.0,67.00,0.0,0.0,0.0,0.0
2046,13.271078,11.881528,3.091000,7,0,6115.3760,-1000.0000,90.0000,0.0000,1,4.0,67.00,0.0,0.0,0.0,0.0
2047,12.388919,13.272048,3.305000,7,0,6122.2775,-1000.0000,90.0000,0.0000,1,4.0,67.00,0.0,0.0,0.0,0.0
2048,12.533422,12.509963,3.158000,7,0,6128.7826,-1000.0000,90.0000,0.0000,1,4.0,67.00,0.0,0.0,0.0,0.0
2049,12.724547,12.426949,3.187000,7,0,6135.2447,-1000.0000,90.0000,0.0000,1,4.0,67.00,0.0,0.0,0.0,0.0
2050,11.792995,12.694826,3.166000,7,0,6141.8460,-1000.0000,90.0000,0.0000,1,4.0,67.00,0.0,0.0,0.0,0.0
2051,12.470782,11.792907,3.127000,7,0,6147.9783,-1000.0000,90.0000,0.0000,1,4.0,67.00,0.0,0.0,0.0,0.0
2052,12.766118,12.485861,3.143000,7,0,6154.4709,-1000.0000,90.0000,0.0000,1,4.0,67.00,0.0,0.0,0.0,0.0
2053,11.093851,12.889060,3.119000,7,0,6161.1732,-1000.0000,90.0000,0.0000,1,4.0,67.00,0.0,0.0,0.0,0.0
2054,11.675793,11.055110,3.171000,7,0,6166.9219,-1000.0000,90.0000,0.0000,1,4.0,67.00,0.0,0.0,0.0,0.0
2055,11.952859,11.667414,3.180000,7,0,6172.9889,-1000.0000,90.0000,0.0000,1,4.0,67.00,0.0,0.0,0.0,0.0
2056,11.495261,11.950889,3.143000,7,0,6179.2034,-1000.0000,90.0000,0.0000,1,4.0,67.00,0.0,0.0,0.0,0.0
2057,12.517471,11.449689,3.132000,7,0,6185.1572,-1000.0000,90.0000,0.0000,1,4.0,67.00,0.0,0.0,0.0,0.0
2058,11.428649,12.554293,3.232000,7,0,6191.6855,-1000.0000,90.0000,0.0000,1,4.0,67.00,0.0,0.0,0.0,0.0
2059,12.386699,11.586461,3.210000,7,0,6197.7104,-1000.0000,90.0000,0.0000,1,4.0,67.00,0.0,0.0,0.0,0.0
2060,12.080922,12.219005,3.250000,7,0,6204.0643,-1000.0000,90.0000,0.0000,1,4.0,67.00,0.0,0.0,0.0,0.0
2061,12.302098,12.102944,3.296000,7,0,6210.3579,-1000.0000,90.0000,0.0000,1,4.0,67.00,0.0,0.0,0.0,0.0
2062,11.620242,12.260996,3.238000,7,0,6216.7336,-1000.0000,90.0000,0.0000,1,4.0,67.00,0.0,0.0,0.0,0.0
2063,12.824419,11.624772,3.253000,7,0,6222.7785,-1000.0000,90.0000,0.0000,1,4.0,67.00,0.0,0.0,0.0,0.0
2064,11.289395,12.854090,3.136000,7,0,6229.4626,-1000.0000,90.0000,0.0000,1,4.0,67.00,0.0,0.0,0.0,0.0
2065,12.266737,11.282366,3.251000,7,0,6235.3294,-1000.0000,90.0000,0.0000,1,4.0,67.00,0.0,0.0,0.0,0.0
2066,11.730934,12.283276,3.120000,7,0,6241.7167,-1000.0000,90.0000,0.0000,1,4.0,67.00,0.0,0.0,0.0,0.0
2067,14.764511,11.723935,3.109000,7,0,6247.8132,-1000.0000,90.0000,0.0000,1,4.0,67.00,0.0,0.0,0.0,0.0
2068,12.164364,14.740330,3.172000,7,0,6255.4781,-1000.0000,90.0000,0.0000,1,4.0,67.00,0.0,0.0,0.0,0.0
2069,11.525191,12.174934,3.207000,7,0,6261.8091,-1000.0000,90.0000,0.0000,1,4.0,67.00,0.0,0.0,0.0,0.0
2070,12.509672,11.526491,3.077000,7,0,6267.8029,-1000.0000,90.0000,0.0000,1,4.0,67.00,0.0,0.0,0.0,0.0
2071,11.771426,12.544622,3.163000,7,0,6274.3261,-1000.0000,90.0000,0.0000,1,4.0,67.00,0.0,0.0,0.0,0.0
2072,11.640553,11.724265,3.126000,7,0,6280.4227,-1000.0000,90.0000,0.0000,1,4.0,67.00,0.0,0.0,0.0,0.0
2073,11.633882,11.648224,3.162000,7,0,6286.4798,-1000.0000,90.0000,0.0000,1,4.0,67.00,0.0,0.0,0.0,0.0
2074,11.788626,11.655492,3.133000,7,0,6292.5406,-1000.0000,90.0000,0.0000,1,4.0,67.00,0.0,0.0,0.0,0.0
2075,13.439242,11.763866,3.203000,7,0,6298.6578,-1000.0000,90.0000,0.0000,1,4.0,67.00,0.0,0.0,0.0,0.0
2076,13.272869,13.439883,3.189000,7,0,6305.6466,-1000.0000,90.0000,0.0000,1,4.0,67.00,0.0,0.0,0.0,0.0
2077,13.300789,13.286588,3.173000,7,0,6312.5556,-1000.0000,90.0000,0.0000,1,4.0,67.00,0.0,0.0,0.0,0.0
2078,13.090584,13.294629,3.154000,7,0,6319.4688,-1000.0000,90.0000,0.0000,1,4.0,67.00,0.0,0.0,0.0,0.0
2079,13.507334,13.075804,3.168000,7,0,6326.2682,-1000.0000,90.0000,0.0000,1,4.0,67.00,0.0,0.0,0.0,0.0
2080,14.180198,13.513744,3.235000,7,0,6333.2954,-1000.0000,90.0000,0.0000,1,4.0,67.00,0.0,0.0,0.0,0.0
2081,14.461964,14.187688,3.118000,7,0,6340.6730,-1000.0000,90.0000,0.0000,1,4.0,67.00,0.0,0.0,0.0,0.0
2082,13.333160,14.509046,3.234000,7,0,6348.2177,-1000.0000,90.0000,0.0000,1,4.0,67.00,0.0,0.0,0.0,0.0
2083,13.703627,13.276358,3.070000,7,0,6355.1214,-1000.0000,90.0000,0.0000,1,4.0,67.00,0.0,0.0,0.0,0.0
2084,13.709748,13.739709,3.054000,7,0,6362.2660,-1000.0000,90.0000,0.0000,1,4.0,67.00,0.0,0.0,0.0,0.0
2085,12.360039,13.695397,3.136000,7,0,6369.3876,-1000.0000,90.0000,0.0000,1,4.0,67.00,0.0,0.0,0.0,0.0
2086,14.589747,12.410160,3.175000,7,0,6375.8409,-1000.0000,90.0000,0.0000,1,4.0,67.00,0.0,0.0,0.0,0.0
2087,13.870892,14.527345,3.190000,7,0,6383.3951,-1000.0000,90.0000,0.0000,1,4.0,67.00,0.0,0.0,0.0,0.0
2088,13.841631,14.038655,3.196000,7,0,6390.6952,-1000.0000,90.0000,0.0000,1,4.0,67.00,0.0,0.0,0.0,0.0
2089,12.803357,13.744309,3.163000,7,0,6397.8423,-1000.0000,90.0000,0.0000,1,4.0,67.00,0.0,0.0,0.0,0.0
2090,11.651423,12.747147,3.304000,7,0,6404.4708,-1000.0000,90.0000,0.0000,1,4.0,67.00,0.0,0.0,0.0,0.0
2091,11.554372,11.634322,3.113000,7,0,6410.5206,-1000.0000,90.0000,0.0000,1,4.0,67.00,0.0,0.0,0.0,0.0
2092,11.271155,11.642264,3.156000,7,0,6416.5746,-1000.0000,90.0000,0.0000,1,4.0,67.00,0.0,0.0,0.0,0.0
2093,9.817453,11.203603,3.113000,7,0,6422.4005,-1000.0000,90.0000,0.0000,1,4.0,67.00,0.0,0.0,0.0,0.0
2094,9.410594,9.806423,3.106000,7,0,6427.4998,-1000.0000,90.0000,0.0000,1,4.0,67.00,0.0,0.0,0.0,0.0
2095,9.522028,9.436625,3.156000,7,0,6432.4069,-1000.0000,90.0000,0.0000,1,4.0,67.00,0.0,0.0,0.0,0.0
2096,9.097157,9.498496,3.119000,7,0,6437.3461,-1000.0000,90.0000,0.0000,1,4.0,67.00,0.0,0.0,0.0,0.0
2097,9.389424,9.086728,3.159000,7,0,6442.0712,-1000.0000,90.0000,0.0000,1,4.0,67.00,0.0,0.0,0.0,0.0
2098,9.837904,9.419324,3.191000,7,0,6446.9692,-1000.0000,90.0000,0.0000,1,4.0,67.00,0.0,0.0,0.0,0.0
2099,9.191999,9.782053,3.062000,7,0,6452.0559,-1000.0000,90.0000,0.0000,1,4.0,67.00,0.0,0.0,0.0,0.0
2100,9.350573,9.239130,3.107000,7,0,6456.8603,-1000.0000,90.0000,0.0000,1,4.0,67.00,0.0,0.0,0.0,0.0
2101,10.777204,9.331504,3.163000,7,0,6461.7126,-1000.0000,90.0000,0.0000,1,4.0,67.00,0.0,0.0,0.0,0.0
2102,9.931926,10.835335,3.163000,7,0,6467.3470,-1000.0000,90.0000,0.0000,1,4.0,67.00,0.0,0.0,0.0,0.0
2103,10.084059,9.908195,3.334000,7,0,6472.4993,-1000.0000,90.0000,0.0000,1,4.0,67.00,0.0,0.0,0.0,0.0
2104,9.926236,10.056398,3.116000,7,0,6477.7286,-1000.0000,90.0000,0.0000,1,4.0,67.00,0.0,0.0,0.0,0.0
2105,9.373174,9.937626,3.112000,7,0,6482.8962,-1000.0000,90.0000,0.0000,1,4.0,67.00,0.0,0.0,0.0,0.0
2106,10.992099,9.357164,3.113000,7,0,6487.7619,-1000.0000,90.0000,0.0000,1,4.0,67.00,0.0,0.0,0.0,0.0
2107,9.700750,11.109031,3.196000,7,0,6493.5386,-1000.0000,90.0000,0.0000,1,4.0,67.00,0.0,0.0,0.0,0.0
2108,9.323024,9.618589,3.160000,7,0,6498.5403,-1000.0000,90.0000,0.0000,1,4.0,67.00,0.0,0.0,0.0,0.0
2109,10.023087,9.337363,3.062000,7,0,6503.3957,-1000.0000,90.0000,0.0000,1,4.0,67.00,0.0,0.0,0.0,0.0
2110,9.904685,10.009608,3.180000,7,0,6508.6007,-1000.0000,90.0000,0.0000,1,4.0,67.00,0.0,0.0,0.0,0.0
2111,10.039199,9.853934,3.233000,7,0,6513.7247,-1000.0000,90.0000,0.0000,1,4.0,67.00,0.0,0.0,0.0,0.0
2112,9.857733,10.048599,3.093000,7,0,6518.9500,-1000.0000,90.0000,0.0000,1,4.0,67.00,0.0,0.0,0.0,0.0
2113,9.687691,9.846464,3.223000,7,0,6524.0702,-1000.0000,90.0000,0.0000,1,4.0,67.00,0.0,0.0,0.0,0.0
2114,10.210862,9.728190,3.154000,7,0,6529.1288,-1000.0000,90.0000,0.0000,1,4.0,67.00,0.0,0.0,0.0,0.0
2115,10.515389,10.170951,3.201000,7,0,6534.4177,-1000.0000,90.0000,0.0000,1,4.0,67.00,0.0,0.0,0.0,0.0
2116,9.811433,10.507199,3.234000,7,0,6539.8815,-1000.0000,90.0000,0.0000,1,4.0,67.00,0.0,0.0,0.0,0.0
2117,10.450837,9.808363,3.096000,7,0,6544.9818,-1000.0000,90.0000,0.0000,1,4.0,67.00,0.0,0.0,0.0,0.0
2118,9.295441,10.484788,3.105000,7,0,6550.4339,-1000.0000,90.0000,0.0000,1,4.0,67.00,0.0,0.0,0.0,0.0
2119,10.108340,9.276402,3.181000,7,0,6555.2576,-1000.0000,90.0000,0.0000,1,4.0,67.00,0.0,0.0,0.0,0.0
2120,10.705113,10.097059,3.117000,7,0,6560.5081,-1000.0000,90.0000,0.0000,1,4.0,67.00,0.0,0.0,0.0,0.0
2121,10.172870,10.822824,3.119000,7,0,6566.1360,-1000.0000,90.0000,0.0000,1,4.0,67.00,0.0,0.0,0.0,0.0
2122,9.992488,10.081640,3.212000,7,0,6571.3784,-1000.0000,90.0000,0.0000,1,4.0,67.00,0.0,0.0,0.0,0.0
2123,9.443235,9.990727,3.114000,7,0,6576.5736,-1000.0000,90.0000,0.0000,1,4.0,67.00,0.0,0.0,0.0,0.0
2124,10.852266,9.432615,3.128000,7,0,6581.4786,-1000.0000,90.0000,0.0000,1,4.0,67.00,0.0,0.0,0.0,0.0
2125,10.814585,10.875226,3.237000,7,0,6587.1337,-1000.0000,90.0000,0.0000,1,4.0,67.00,0.0,0.0,0.0,0.0
2126,11.592952,10.790465,3.227000,7,0,6592.7447,-1000.0000,90.0000,0.0000,1,4.0,67.00,0.0,0.0,0.0,0.0
2127,10.675602,11.586021,3.234000,7,0,6598.7694,-1000.0000,90.0000,0.0000,1,4.0,67.00,0.0,0.0,0.0,0.0
2128,10.502948,10.673223,3.147000,7,0,6604.3195,-1000.0000,90.0000,0.0000,1,4.0,67.00,0.0,0.0,0.0,0.0
2129,9.782183,10.529818,3.163000,7,0,6609.7950,-1000.0000,90.0000,0.0000,1,4.0,67.00,0.0,0.0,0.0,0.0
2130,9.919175,9.756912,3.210000,7,0,6614.8686,-1000.0000,90.0000,0.0000,1,4.0,67.00,0.0,0.0,0.0,0.0
2131,10.558539,9.926506,3.200000,7,0,6620.0304,-1000.0000,90.0000,0.0000,1,4.0,67.00,0.0,0.0,0.0,0.0
2132,9.960397,10.559480,3.202000,7,0,6625.5213,-1000.0000,90.0000,0.0000,1,4.0,67.00,0.0,0.0,0.0,0.0
2133,10.134490,9.960926,3.220000,7,0,6630.7010,-1000.0000,90.0000,0.0000,1,4.0,67.00,0.0,0.0,0.0,0.0
2134,10.232803,10.129560,3.243000,7,0,6635.9684,-1000.0000,90.0000,0.0000,1,4.0,67.00,0.0,0.0,0.0,0.0
2135,9.766461,10.264183,3.295000,7,0,6641.3058,-1000.0000,90.0000,0.0000,1,4.0,67.00,0.0,0.0,0.0,0.0
2136,10.838716,9.720741,3.143000,7,0,6646.3605,-1000.0000,90.0000,0.0000,1,4.0,67.00,0.0,0.0,0.0,0.0
2137,9.623829,10.846706,3.165000,7,0,6652.0008,-1000.0000,90.0000,0.0000,1,4.0,67.00,0.0,0.0,0.0,0.0
2138,9.974277,9.625199,3.176000,7,0,6657.0059,-1000.0000,90.0000,0.0000,1,4.0,67.00,0.0,0.0,0.0,0.0
2139,9.816934,9.960946,3.103000,7,0,6662.1856,-1000.0000,90.0000,0.0000,1,4.0,67.00,0.0,0.0,0.0,0.0
2140,9.527846,9.825084,3.080000,7,0,6667.2947,-1000.0000,90.0000,0.0000,1,4.0,67.00,0.0,0.0,0.0,0.0
2141,10.652112,9.506516,3.110000,7,0,6672.2381,-1000.0000,90.0000,0.0000,1,4.0,67.00,0.0,0.0,0.0,0.0
2142,10.045268,10.679832,3.263000,7,0,6677.7916,-1000.0000,90.0000,0.0000,1,4.0,67.00,0.0,0.0,0.0,0.0
2143,10.805345,9.941976,3.166000,7,0,6682.9614,-1000.0000,90.0000,0.0000,1,4.0,67.00,0.0,0.0,0.0,0.0
2144,10.913757,10.990409,3.197000,7,0,6688.6764,-1000.0000,90.0000,0.0000,1,4.0,67.00,0.0,0.0,0.0,0.0
2145,9.997418,10.886037,3.188000,7,0,6694.3371,-1000.0000,90.0000,0.0000,1,4.0,67.00,0.0,0.0,0.0,0.0
2146,10.391125,10.002447,3.176000,7,0,6699.5384,-1000.0000,90.0000,0.0000,1,4.0,67.00,0.0,0.0,0.0,0.0
2147,9.800563,10.365745,3.122000,7,0,6704.9286,-1000.0000,90.0000,0.0000,1,4.0,67.00,0.0,0.0,0.0,0.0
2148,10.639941,9.794133,3.081000,7,0,6710.0216,-1000.0000,90.0000,0.0000,1,4.0,67.00,0.0,0.0,0.0,0.0
2149,10.162101,10.636142,3.197000,7,0,6715.5524,-1000.0000,90.0000,0.0000,1,4.0,67.00,0.0,0.0,0.0,0.0
2150,11.181413,10.174660,3.148000,7,0,6720.8432,-1000.0000,90.0000,0.0000,1,4.0,67.00,0.0,0.0,0.0,0.0
2151,11.266175,11.186373,3.224000,7,0,6726.6601,-1000.0000,90.0000,0.0000,1,4.0,67.00,0.0,0.0,0.0,0.0
2152,14.234719,11.299536,3.133000,7,0,6732.5358,-1000.0000,90.0000,0.0000,1,4.0,67.00,0.0,0.0,0.0,0.0
2153,13.524384,14.237860,3.104000,7,0,6739.9395,-1000.0000,90.0000,0.0000,1,4.0,67.00,0.0,0.0,0.0,0.0
2154,13.684677,13.504593,3.044000,7,0,6746.9619,-1000.0000,90.0000,0.0000,1,4.0,67.00,0.0,0.0,0.0,0.0
2155,13.225818,13.677207,3.277000,7,0,6754.0741,-1000.0000,90.0000,0.0000,1,4.0,67.00,0.0,0.0,0.0,0.0
2156,13.559574,13.230077,3.201000,7,0,6760.9537,-1000.0000,90.0000,0.0000,1,4.0,67.00,0.0,0.0,0.0,0.0
2157,13.979654,13.566126,3.204000,7,0,6768.0081,-1000.0000,90.0000,0.0000,1,4.0,67.00,0.0,0.0,0.0,0.0
2158,13.621516,14.005794,3.210000,7,0,6775.2911,-1000.0000,90.0000,0.0000,1,4.0,67.00,0.0,0.0,0.0,0.0
2159,13.063334,13.626895,3.087000,7,0,6782.3771,-1000.0000,90.0000,0.0000,1,4.0,67.00,0.0,0.0,0.0,0.0
2160,12.515251,13.064184,3.214000,7,0,6789.1705,-1000.0000,90.0000,0.0000,1,4.0,67.00,0.0,0.0,0.0,0.0
2161,13.277140,12.485192,3.247000,7,0,6795.6628,-1000.0000,90.0000,0.0000,1,4.0,67.00,0.0,0.0,0.0,0.0
2162,12.926560,13.278188,3.221000,7,0,6802.5674,-1000.0000,90.0000,0.0000,1,4.0,67.00,0.0,0.0,0.0,0.0
2163,13.869911,12.922921,3.122000,7,0,6809.2873,-1000.0000,90.0000,0.0000,1,4.0,67.00,0.0,0.0,0.0,0.0
2164,14.143518,13.857351,3.152000,7,0,6816.4932,-1000.0000,90.0000,0.0000,1,4.0,67.00,0.0,0.0,0.0,0.0
2165,14.256290,14.132447,3.276000,7,0,6823.8420,-1000.0000,90.0000,0.0000,1,4.0,67.00,0.0,0.0,0.0,0.0
2166,13.649196,14.284450,3.163000,7,0,6831.2700,-1000.0000,90.0000,0.0000,1,4.0,67.00,0.0,0.0,0.0,0.0
2167,13.429662,13.626487,3.193000,7,0,6838.3557,-1000.0000,90.0000,0.0000,1,4.0,67.00,0.0,0.0,0.0,0.0
2168,15.694041,13.452242,3.221000,7,0,6845.3509,-1000.0000,90.0000,0.0000,1,4.0,67.00,0.0,0.0,0.0,0.0
2169,13.465352,15.657180,3.131000,7,0,6853.4926,-1000.0000,90.0000,0.0000,1,4.0,67.00,0.0,0.0,0.0,0.0
2170,13.060054,13.467463,3.130000,7,0,6860.4957,-1000.0000,90.0000,0.0000,1,4.0,67.00,0.0,0.0,0.0,0.0
2171,13.789570,13.054203,3.070000,7,0,6867.2839,-1000.0000,90.0000,0.0000,1,4.0,67.00,0.0,0.0,0.0,0.0
2172,13.266708,13.824841,3.183000,7,0,6874.4728,-1000.0000,90.0000,0.0000,1,4.0,67.00,0.0,0.0,0.0,0.0
2173,12.748917,13.239007,3.211000,7,0,6881.3571,-1000.0000,90.0000,0.0000,1,4.0,67.00,0.0,0.0,0.0,0.0
2174,13.217707,12.780008,3.229000,7,0,6888.0027,-1000.0000,90.0000,0.0000,1,4.0,67.00,0.0,0.0,0.0,0.0
2175,13.421702,13.188796,3.137000,7,0,6894.8609,-1000.0000,90.0000,0.0000,1,4.0,67.00,0.0,0.0,0.0,0.0
2176,13.501723,13.414973,3.171000,7,0,6901.8367,-1000.0000,90.0000,0.0000,1,4.0,67.00,0.0,0.0,0.0,0.0
2177,12.698897,13.535453,3.209000,7,0,6908.8751,-1000.0000,90.0000,0.0000,1,4.0,67.00,0.0,0.0,0.0,0.0
2178,12.711145,12.702096,3.171000,7,0,6915.4802,-1000.0000,90.0000,0.0000,1,4.0,67.00,0.0,0.0,0.0,0.0
2179,12.903971,12.674506,3.185000,7,0,6922.0709,-1000.0000,90.0000,0.0000,1,4.0,67.00,0.0,0.0,0.0,0.0
2180,12.977222,12.915161,3.189000,7,0,6928.7868,-1000.0000,90.0000,0.0000,1,4.0,67.00,0.0,0.0,0.0,0.0
2181,12.400330,12.977742,3.082000,7,0,6935.5352,-1000.0000,90.0000,0.0000,1,4.0,67.00,0.0,0.0,0.0,0.0
2182,13.032873,12.461920,3.116000,7,0,6942.0154,-1000.0000,90.0000,0.0000,1,4.0,67.00,0.0,0.0,0.0,0.0
2183,12.925901,12.986222,3.137000,7,0,6948.7683,-1000.0000,90.0000,0.0000,1,4.0,67.00,0.0,0.0,0.0,0.0
2184,13.338429,12.892961,3.167000,7,0,6955.4726,-1000.0000,90.0000,0.0000,1,4.0,67.00,0.0,0.0,0.0,0.0
2185,13.070494,13.349659,3.256000,7,0,6962.4144,-1000.0000,90.0000,0.0000,1,4.0,67.00,0.0,0.0,0.0,0.0
2186,12.189025,13.116525,3.187000,7,0,6969.2350,-1000.0000,90.0000,0.0000,1,4.0,67.00,0.0,0.0,0.0,0.0
2187,12.300038,12.131944,3.145000,7,0,6975.5436,-1000.0000,90.0000,0.0000,1,4.0,67.00,0.0,0.0,0.0,0.0
2188,12.414059,12.311628,3.165000,7,0,6981.9457,-1000.0000,90.0000,0.0000,1,4.0,67.00,0.0,0.0,0.0,0.0
2189,11.799777,12.409309,3.189000,7,0,6988.3985,-1000.0000,90.0000,0.0000,1,4.0,67.00,0.0,0.0,0.0,0.0
2190,15.782173,11.855868,3.214000,7,0,6994.5636,-1000.0000,90.0000,0.0000,1,4.0,67.00,0.0,0.0,0.0,0.0
2191,13.055594,15.753273,3.154000,7,0,7002.7553,-1000.0000,90.0000,0.0000,1,4.0,67.00,0.0,0.0,0.0,0.0
2192,13.718197,13.029173,3.167000,7,0,7009.5304,-1000.0000,90.0000,0.0000,1,4.0,67.00,0.0,0.0,0.0,0.0
2193,12.482402,13.719968,3.169000,7,0,7016.6648,-1000.0000,90.0000,0.0000,1,4.0,67.00,0.0,0.0,0.0,0.0
2194,13.184806,12.506901,3.235000,8,1,7023.1684,-1000.0000,90.0000,0.0000,1,4.0,67.00,0.0,0.0,0.0,0.0
2195,186.479352,13.158956,3.363000,8,0,7029.5609,-1000.0000,90.0000,0.0000,1,4.0,67.00,0.0,0.0,0.0,0.0
2196,7.077063,186.427142,3.363000,8,0,7029.7615,-1000.0000,90.0000,0.0000,1,4.0,67.00,0.0,0.0,0.0,0.0
2197,3.952986,7.006242,3.420000,8,0,7029.7615,-1000.0000,90.0000,0.0000,1,4.0,67.00,0.0,0.0,0.0,0.0
2198,11.943510,3.929704,3.420000,8,0,7029.7615,-1000.0000,90.0000,0.0000,1,4.0,67.00,0.0,0.0,0.0,0.0
2199,13.381511,11.956900,3.237000,8,0,7029.7615,-1000.0000,90.0000,0.0000,1,4.0,67.00,0.0,0.0,0.0,0.0
2200,12.646164,13.607856,2.985000,8,0,7029.7615,-1000.0000,90.0000,0.0000,1,4.0,67.00,0.0,0.0,0.0,0.0
2201,12.332989,12.614325,2.843000,8,0,7029.7615,-1000.0000,90.0000,0.0000,1,4.0,67.00,0.0,0.0,0.0,0.0
2202,11.771925,12.333197,2.779000,8,0,7029.7615,-1000.0000,90.0000,0.0000,1,4.0,67.00,0.0,0.0,0.0,0.0
2203,12.640645,11.727725,2.811000,8,0,7029.7615,-1000.0000,90.0000,0.0000,1,4.0,67.00,0.0,0.0,0.0,0.0
2204,12.091723,12.673415,2.828000,8,0,7029.7615,-1000.0000,90.0000,0.0000,1,4.0,67.00,0.0,0.0,0.0,0.0
2205,12.346908,12.074183,2.786000,8,0,7029.7615,-1000.0000,90.0000,0.0000,1,4.0,67.00,0.0,0.0,0.0,0.0
2206,11.828037,12.327098,2.834000,8,0,7029.7615,-1000.0000,90.0000,0.0000,1,4.0,67.00,0.0,0.0,0.0,0.0
2207,11.557171,11.829507,2.766000,8,0,7029.7615,-1000.0000,90.0000,0.0000,1,4.0,67.00,0.0,0.0,0.0,0.0
2208,12.250906,11.543661,2.758000,8,0,7029.7615,-1000.0000,90.0000,0.0000,1,4.0,67.00,0.0,0.0,0.0,0.0
2209,11.624393,12.281136,2.898000,8,0,7029.7615,-1000.0000,90.0000,0.0000,1,4.0,67.00,0.0,0.0,0.0,0.0
2210,12.205965,11.622803,2.888000,8,0,7029.7615,-1000.0000,90.0000,0.0000,1,4.0,67.00,0.0,0.0,0.0,0.0
2211,12.848900,12.187365,2.824000,8,0,7029.7615,-1000.0000,90.0000,0.0000,1,4.0,67.00,0.0,0.0,0.0,0.0
2212,12.538602,12.945681,2.766000,8,0,7029.7615,-1000.0000,90.0000,0.0000,1,4.0,67.00,0.0,0.0,0.0,0.0
2213,12.811118,12.412900,2.835000,8,0,7029.7615,-1000.0000,90.0000,0.0000,1,4.0,67.00,0.0,0.0,0.0,0.0
2214,12.852610,12.835288,2.772000,8,0,7029.7615,-1000.0000,90.0000,0.0000,1,4.0,67.00,0.0,0.0,0.0,0.0
2215,12.372258,12.826509,2.858000,8,0,7029.7615,-1000.0000,90.0000,0.0000,1,4.0,67.00,0.0,0.0,0.0,0.0
2216,12.650445,12.425741,2.824000,8,0,7029.7615,-1000.0000,90.0000,0.0000,1,4.0,67.00,0.0,0.0,0.0,0.0
2217,12.892331,12.620793,2.745000,8,0,7029.7615,-1000.0000,90.0000,0.0000,1,4.0,67.00,0.0,0.0,0.0,0.0
2218,11.693004,12.895691,2.747000,8,0,7029.7615,-1000.0000,90.0000,0.0000,1,4.0,67.00,0.0,0.0,0.0,0.0
2219,12.016851,11.698444,2.811000,8,0,7029.7615,-1000.0000,90.0000,0.0000,1,4.0,67.00,0.0,0.0,0.0,0.0
2220,11.980270,12.016841,2.810000,8,0,7029.7615,-1000.0000,90.0000,0.0000,1,4.0,67.00,0.0,0.0,0.0,0.0
2221,12.196905,11.989031,2.788000,8,0,7029.7615,-1000.0000,90.0000,0.0000,1,4.0,67.00,0.0,0.0,0.0,0.0
2222,11.288685,12.151614,2.824000,8,0,7029.7615,-1000.0000,90.0000,0.0000,1,4.0,67.00,0.0,0.0,0.0,0.0
2223,11.580822,11.315805,2.796000,8,0,7029.7615,-1000.0000,90.0000,0.0000,1,4.0,67.00,0.0,0.0,0.0,0.0
2224,11.687014,11.588943,2.793000,8,0,7029.7615,-1000.0000,90.0000,0.0000,1,4.0,67.00,0.0,0.0,0.0,0.0
2225,11.427478,11.672264,2.772000,8,0,7029.7615,-1000.0000,90.0000,0.0000,1,4.0,67.00,0.0,0.0,0.0,0.0
2226,12.073823,11.411347,2.850000,8,0,7029.7615,-1000.0000,90.0000,0.0000,1,4.0,67.00,0.0,0.0,0.0,0.0
2227,12.493811,12.082783,2.875000,8,0,7029.7615,-1000.0000,90.0000,0.0000,1,4.0,67.00,0.0,0.0,0.0,0.0
2228,12.164724,12.492422,2.846000,8,0,7029.7615,-1000.0000,90.0000,0.0000,1,4.0,67.00,0.0,0.0,0.0,0.0
2229,11.950530,12.152753,2.802000,8,0,7029.7615,-1000.0000,90.0000,0.0000,1,4.0,67.00,0.0,0.0,0.0,0.0
2230,14.214499,11.970271,2.763000,8,0,7029.7615,-1000.0000,90.0000,0.0000,1,4.0,67.00,0.0,0.0,0.0,0.0
2231,12.971422,14.498284,2.754000,8,0,7029.7615,-1000.0000,90.0000,0.0000,1,4.0,67.00,0.0,0.0,0.0,0.0
2232,12.533432,12.732297,2.797000,8,0,7029.7615,-1000.0000,90.0000,0.0000,1,4.0,67.00,0.0,0.0,0.0,0.0
2233,15.188920,12.533502,2.753000,8,0,7029.7615,-1000.0000,90.0000,0.0000,1,4.0,67.00,0.0,0.0,0.0,0.0
2234,12.756537,15.135949,2.864000,8,0,7029.7615,-1000.0000,90.0000,0.0000,1,4.0,67.00,0.0,0.0,0.0,0.0
2235,12.515933,12.811308,2.847000,8,0,7029.7615,-1000.0000,90.0000,0.0000,1,4.0,67.00,0.0,0.0,0.0,0.0
2236,12.870069,12.498702,2.770000,8,0,7029.7615,-1000.0000,90.0000,0.0000,1,4.0,67.00,0.0,0.0,0.0,0.0
2237,12.277377,12.812839,2.786000,8,0,7029.7615,-1000.0000,90.0000,0.0000,1,4.0,67.00,0.0,0.0,0.0,0.0
2238,12.041262,12.277517,2.808000,8,0,7029.7615,-1000.0000,90.0000,0.0000,1,4.0,67.00,0.0,0.0,0.0,0.0
2239,12.780097,12.072102,2.790000,8,0,7029.7615,-1000.0000,90.0000,0.0000,1,4.0,67.00,0.0,0.0,0.0,0.0
2240,11.931769,12.775388,2.811000,8,0,7029.7615,-1000.0000,90.0000,0.0000,1,4.0,67.00,0.0,0.0,0.0,0.0
2241,12.121784,11.934119,2.874000,8,0,7029.7615,-1000.0000,90.0000,0.0000,1,4.0,67.00,0.0,0.0,0.0,0.0
2242,12.116543,12.125243,2.794000,8,0,7029.7615,-1000.0000,90.0000,0.0000,1,4.0,67.00,0.0,0.0,0.0,0.0
2243,12.068633,12.096443,2.842000,8,0,7029.7615,-1000.0000,90.0000,0.0000,1,4.0,67.00,0.0,0.0,0.0,0.0
2244,12.320427,12.090083,2.810000,8,0,7029.7615,-1000.0000,90.0000,0.0000,1,4.0,67.00,0.0,0.0,0.0,0.0
2245,13.463702,12.304497,2.769000,8,0,7029.7615,-1000.0000,90.0000,0.0000,1,4.0,67.00,0.0,0.0,0.0,0.0
2246,13.065075,13.501214,2.757000,8,0,7029.7615,-1000.0000,90.0000,0.0000,1,4.0,67.00,0.0,0.0,0.0,0.0
2247,12.708425,13.055163,2.870000,8,0,7029.7615,-1000.0000,90.0000,0.0000,1,4.0,67.00,0.0,0.0,0.0,0.0
2248,13.459304,12.667525,2.841000,8,0,7029.7615,-1000.0000,90.0000,0.0000,1,4.0,67.00,0.0,0.0,0.0,0.0
2249,12.831478,13.454093,2.735000,8,0,7029.7615,-1000.0000,90.0000,0.0000,1,4.0,67.00,0.0,0.0,0.0,0.0
2250,12.487991,12.851339,2.786000,8,0,7029.7615,-1000.0000,90.0000,0.0000,1,4.0,67.00,0.0,0.0,0.0,0.0
2251,12.320458,12.481741,2.769000,8,0,7029.7615,-1000.0000,90.0000,0.0000,1,4.0,67.00,0.0,0.0,0.0,0.0
2252,12.577274,12.316698,2.877000,8,0,7029.7615,-1000.0000,90.0000,0.0000,1,4.0,67.00,0.0,0.0,0.0,0.0
2253,12.709846,12.571763,2.880000,8,0,7029.7615,-1000.0000,90.0000,0.0000,1,4.0,67.00,0.0,0.0,0.0,0.0
2254,12.750566,12.711206,2.795000,8,0,7029.7615,-1000.0000,90.0000,0.0000,1,4.0,67.00,0.0,0.0,0.0,0.0
2255,12.570864,12.786509,2.839000,8,0,7029.7615,-1000.0000,90.0000,0.0000,1,4.0,67.00,0.0,0.0,0.0,0.0
2256,12.575553,12.536661,2.797000,8,0,7029.7615,-1000.0000,90.0000,0.0000,1,4.0,67.00,0.0,0.0,0.0,0.0
2257,15.435586,12.590194,2.787000,8,0,7029.7615,-1000.0000,90.0000,0.0000,1,4.0,67.00,0.0,0.0,0.0,0.0
2258,12.999442,15.421425,2.798000,8,0,7029.7615,-1000.0000,90.0000,0.0000,1,4.0,67.00,0.0,0.0,0.0,0.0
2259,12.113813,13.147046,2.832000,8,0,7029.7615,-1000.0000,90.0000,0.0000,1,4.0,67.00,0.0,0.0,0.0,0.0
2260,12.965362,12.016961,2.794000,8,0,7029.7615,-1000.0000,90.0000,0.0000,1,4.0,67.00,0.0,0.0,0.0,0.0
2261,11.945190,12.957601,2.844000,8,0,7029.7615,-1000.0000,90.0000,0.0000,1,4.0,67.00,0.0,0.0,0.0,0.0
