frame,wall_seconds,wall_ms,sim_ms,phase,x,y,z,yaw,roll,pitch,speed,velocity,contacts,travel,spin,throttle,steering,brake,held,dormant,health,impacts,driver,player_health,ammo,audio,resident_bytes
589,0.264185586,12.744189,234.581921,1,2800.0000,-450.0000,108.1046,0.0000,0.0000,0.0000,0.0000,48.7149,0,60.0000,0.0000,0.000,0.000,1,0,0,100.0000,0,0,73.000,60,0,3126632448
590,0.281082013,16.896427,16.670562,1,2800.0000,-450.0000,107.0229,0.0000,0.0000,0.0000,0.0000,64.8894,0,60.0000,0.0000,0.000,0.000,1,0,0,100.0000,0,0,73.000,60,0,3127078912
591,0.313211493,32.129480,16.668202,1,2800.0000,-450.0000,105.6724,0.0000,0.0000,0.0000,0.0000,81.0212,0,60.0000,0.0000,0.000,0.000,1,0,0,100.0000,0,0,73.000,60,0,3129081856
592,0.330409497,17.198004,28.610286,1,2800.0000,-450.0000,102.5656,0.0000,0.0000,0.0000,0.0000,108.5912,0,60.0000,0.0000,0.000,0.000,1,0,0,100.0000,0,0,73.000,60,0,3129384960
593,0.348412118,18.002621,17.292245,1,2800.0000,-450.0000,100.4004,0.0000,0.0000,0.0000,0.0000,125.2120,0,60.0000,0.0000,0.000,0.000,1,0,0,100.0000,0,0,73.000,60,0,3130208256
594,0.364017657,15.605539,17.990320,1,2800.0000,-450.0000,97.8375,0.0000,0.0000,0.0000,0.0000,142.4570,0,60.0000,0.0000,0.000,0.000,1,0,0,100.0000,0,0,73.000,60,0,3130413056
595,0.378579796,14.562139,16.667123,1,2800.0000,-450.0000,95.5959,0.0000,0.0000,0.0000,0.0000,134.4936,4,59.8375,0.0000,0.000,0.000,1,0,0,100.0000,0,0,73.000,60,0,3130531840
596,0.391878856,13.299060,16.668122,1,2800.0000,-450.0000,93.5142,0.0000,0.0000,0.0000,0.0000,124.8920,4,57.5959,0.0000,0.000,0.000,1,0,0,100.0000,0,0,73.000,60,0,3130617856
597,0.403889720,12.010864,16.667533,1,2800.0000,-450.0000,91.6117,0.0000,0.0000,0.0000,0.0000,114.1423,4,55.5142,0.0000,0.000,0.000,1,0,0,100.0000,0,0,73.000,60,0,3130728448
598,0.421188256,17.298536,16.667042,1,2800.0000,-450.0000,89.9004,0.0000,0.0000,0.0000,0.0000,102.6766,4,53.6117,0.0000,0.000,0.000,1,0,0,100.0000,0,0,73.000,60,0,3130822656
599,0.436190163,15.001907,16.667162,1,2800.0000,-450.0000,88.3859,0.0000,0.0000,0.0000,0.0000,90.8696,4,51.9004,0.0000,0.000,0.000,1,0,0,100.0000,0,0,73.000,60,0,3130986496
600,0.453012859,16.822696,16.667783,1,2800.0000,-450.0000,87.0684,0.0000,0.0000,0.0000,0.0000,79.0403,4,50.3859,0.0000,0.000,0.000,1,0,0,100.0000,0,0,73.000,60,0,3131068416
601,0.469970888,16.958029,16.668543,1,2800.0000,-450.0000,85.9441,0.0000,0.0000,0.0000,0.0000,67.4544,4,49.0684,0.0000,0.000,0.000,1,0,0,100.0000,0,0,73.000,60,0,3131088896
602,0.488891728,18.920840,16.668722,1,2800.0000,-450.0000,85.0051,0.0000,0.0000,0.0000,0.0000,56.3282,4,47.9441,0.0000,0.000,0.000,1,0,0,100.0000,0,0,73.000,60,0,3131174912
603,0.506874108,17.982380,16.668432,1,2800.0000,-450.0000,84.2412,0.0000,0.0000,0.0000,0.0000,45.8311,4,47.0051,0.0000,0.000,0.000,1,0,0,100.0000,0,0,73.000,60,0,3131232256
604,0.522975678,16.101570,16.667703,1,2800.0000,-450.0000,83.6397,0.0000,0.0000,0.0000,0.0000,36.0898,4,46.2412,0.0000,0.000,0.000,1,0,0,100.0000,0,0,73.000,60,0,3131305984
605,0.539641751,16.666073,16.668962,1,2800.0000,-450.0000,83.1864,0.0000,0.0000,0.0000,0.0000,27.1917,4,45.6397,0.0000,0.000,0.000,1,0,0,100.0000,0,0,73.000,60,0,3131404288
606,0.556748673,17.106922,16.667143,1,2800.0000,-450.0000,82.8665,0.0000,0.0000,0.0000,0.0000,19.1933,4,45.1864,0.0000,0.000,0.000,1,0,0,100.0000,0,0,73.000,60,0,3131584512
607,0.573840554,17.091881,16.668153,1,2800.0000,-450.0000,82.6645,0.0000,0.0000,0.0000,0.0000,12.1188,4,44.8665,0.0000,0.000,0.000,1,0,0,100.0000,0,0,73.000,60,0,3131621376
608,0.589798972,15.958418,16.667271,1,2800.0000,-450.0000,82.5650,0.0000,0.0000,0.0000,0.0000,5.9698,4,44.6645,0.0000,0.000,0.000,1,0,0,100.0000,0,0,73.000,60,0,3131654144
609,0.606360461,16.561489,16.689374,1,2800.0000,-450.0000,82.5530,0.0000,0.0000,0.0000,0.0000,0.7193,4,44.5650,0.0000,0.000,0.000,1,0,0,100.0000,0,0,73.000,60,0,3131682816
610,0.622211686,15.851225,16.667692,1,2800.0000,-450.0000,82.6139,0.0000,0.0000,0.0000,0.0000,3.6543,4,44.5530,0.0000,0.000,0.000,1,0,0,100.0000,0,0,73.000,60,0,3131719680
611,0.640244118,18.032432,16.668942,1,2800.0000,-450.0000,82.7341,0.0000,0.0000,0.0000,0.0000,7.2091,4,44.6139,0.0000,0.000,0.000,1,0,0,100.0000,0,0,73.000,60,0,3131752448
612,0.657034603,16.790485,16.668073,1,2800.0000,-450.0000,82.9008,0.0000,0.0000,0.0000,0.0000,10.0040,4,44.7341,0.0000,0.000,0.000,1,0,0,100.0000,0,0,73.000,60,0,3131781120
613,0.672498881,15.464278,16.667803,1,2800.0000,-450.0000,83.1026,0.0000,0.0000,0.0000,0.0000,12.1053,4,44.9008,0.0000,0.000,0.000,1,0,0,100.0000,0,0,73.000,60,0,3131817984
614,0.689344466,16.845585,16.667941,1,2800.0000,-450.0000,83.3290,0.0000,0.0000,0.0000,0.0000,13.5837,4,45.1026,0.0000,0.000,0.000,1,0,0,100.0000,0,0,73.000,60,0,3131850752
615,0.710969053,21.624587,16.668123,1,2800.0000,-450.0000,83.5709,0.0000,0.0000,0.0000,0.0000,14.5114,4,45.3290,0.0000,0.000,0.000,1,0,0,100.0000,0,0,73.000,60,0,3131887616
616,0.719477823,8.508770,16.668763,1,2800.0000,-450.0000,83.8203,0.0000,0.0000,0.0000,0.0000,14.9609,4,45.5709,0.0000,0.000,0.000,1,0,0,100.0000,0,0,73.000,60,0,3131916288
617,0.738068176,18.590353,16.668622,1,2800.0000,-450.0000,84.0704,0.0000,0.0000,0.0000,0.0000,15.0027,4,45.8203,0.0000,0.000,0.000,1,0,0,100.0000,0,0,73.000,60,0,3131953152
618,0.755457914,17.389738,16.667953,1,2800.0000,-450.0000,84.3155,0.0000,0.0000,0.0000,0.0000,14.7049,4,46.0704,0.0000,0.000,0.000,1,0,0,100.0000,0,0,73.000,60,0,3132002304
619,0.772850072,17.392158,16.668582,1,2800.0000,-450.0000,84.5510,0.0000,0.0000,0.0000,0.0000,14.1313,4,46.3155,0.0000,0.000,0.000,1,0,0,100.0000,0,0,73.000,60,0,3132043264
620,0.788333609,15.483537,16.668672,1,2800.0000,-450.0000,84.7734,0.0000,0.0000,0.0000,0.0000,13.3412,4,46.5510,0.0000,0.000,0.000,1,0,0,100.0000,0,0,73.000,60,0,3132096512
621,0.805966452,17.632843,16.668613,1,2800.0000,-450.0000,84.9799,0.0000,0.0000,0.0000,0.0000,12.3887,4,46.7734,0.0000,0.000,0.000,1,0,0,100.0000,0,0,73.000,60,0,3132145664
622,0.822035322,16.068870,16.667693,1,2800.0000,-450.0000,85.1686,0.0000,0.0000,0.0000,0.0000,11.3223,4,46.9799,0.0000,0.000,0.000,1,0,0,100.0000,0,0,73.000,60,0,3132194816
623,0.839027001,16.991679,16.668351,1,2800.0000,-450.0000,85.3384,0.0000,0.0000,0.0000,0.0000,10.1848,4,47.1686,0.0000,0.000,0.000,1,0,0,100.0000,0,0,73.000,60,0,3132239872
624,0.855540330,16.513329,16.668073,1,2800.0000,-450.0000,85.4886,0.0000,0.0000,0.0000,0.0000,9.0135,4,47.3384,0.0000,0.000,0.000,1,0,0,100.0000,0,0,73.000,60,0,3132284928
625,0.871740753,16.200423,16.668663,1,2800.0000,-450.0000,85.6193,0.0000,0.0000,0.0000,0.0000,7.8399,4,47.4886,0.0000,0.000,0.000,1,0,0,100.0000,0,0,73.000,60,0,3132338176
626,0.888707002,16.966249,16.668162,1,2800.0000,-450.0000,85.7308,0.0000,0.0000,0.0000,-0.0000,6.6907,4,47.6193,0.0000,0.000,0.000,1,0,0,100.0000,0,0,73.000,60,0,3132342272
627,0.905949606,17.242604,16.667853,1,2800.0000,-450.0000,85.8239,0.0000,0.0000,0.0000,-0.0000,5.5871,4,47.7308,0.0000,0.000,0.000,1,0,0,100.0000,0,0,73.000,60,0,3132375040
628,0.922082957,16.133351,16.668122,1,2800.0000,-450.0000,85.8997,0.0000,0.0000,0.0000,-0.0000,4.5458,4,47.8239,0.0000,0.000,0.000,1,0,0,100.0000,0,0,73.000,60,0,3132420096
629,0.938955154,16.872197,16.668152,1,2800.0000,-450.0000,85.9594,0.0000,0.0000,0.0000,-0.0000,3.5795,4,47.8997,0.0000,0.000,0.000,1,0,0,100.0000,0,0,73.000,60,0,3132452864
630,0.955196057,16.240903,16.668253,1,2800.0000,-450.0000,86.0043,0.0000,0.0000,0.0000,-0.0000,2.6969,4,47.9594,0.0000,0.000,0.000,1,0,0,100.0000,0,0,73.000,60,0,3132481536
631,0.972174576,16.978519,16.667883,1,2800.0000,-450.0000,86.0361,0.0000,0.0000,0.0000,-0.0000,1.9035,4,48.0043,0.0000,0.000,0.000,1,0,0,100.0000,0,0,73.000,60,0,3132510208
632,0.988696896,16.522320,16.668481,1,2800.0000,-450.0000,86.0561,0.0000,0.0000,0.0000,-0.0000,1.2018,4,48.0360,0.0000,0.000,0.000,1,0,0,100.0000,0,0,73.000,60,0,3132547072
633,1.005596403,16.899507,16.668463,1,2800.0000,-450.0000,86.0659,0.0000,0.0000,0.0000,-0.0000,0.5918,4,48.0561,0.0000,0.000,0.000,1,0,0,100.0000,0,0,73.000,60,0,3132579840
634,1.022452989,16.856586,16.668203,1,2800.0000,-450.0000,86.0671,0.0000,0.0000,0.0000,-0.0000,0.0717,4,48.0659,0.0000,0.000,0.000,1,0,0,100.0000,0,0,73.000,60,0,3132616704
635,1.038962759,16.509770,16.667212,1,2800.0000,-450.0000,86.0611,0.0000,0.0000,0.0000,-0.0000,0.3622,4,48.0671,0.0000,0.000,0.000,1,0,0,100.0000,0,0,73.000,60,0,3132645376
636,1.052520955,13.558196,16.667583,1,2800.0000,-450.0000,86.0492,0.0000,0.0000,0.0000,0.0000,0.0000,4,48.0611,0.0000,0.000,0.000,1,0,0,100.0000,0,0,73.000,60,0,3132674048
637,1.072014208,19.493253,16.667331,1,2800.0000,-450.0000,86.0426,0.0000,0.0000,0.0000,0.0000,0.3979,4,48.0492,0.0000,0.000,0.000,1,0,0,100.0000,0,0,73.000,60,0,3132723200
638,1.088887425,16.873217,16.667263,1,2800.0000,-450.0000,86.0306,0.0000,0.0000,0.0000,0.0000,0.7199,4,48.0426,0.0000,0.000,0.000,1,0,0,100.0000,0,0,73.000,60,0,3132764160
639,1.105987876,17.100451,16.668013,1,2800.0000,-450.0000,86.0144,0.0000,0.0000,0.0000,0.0000,0.9716,4,48.0306,0.0000,0.000,0.000,1,0,0,100.0000,0,0,73.000,60,0,3132809216
640,1.122424923,16.437047,16.668152,1,2800.0000,-450.0000,85.9950,0.0000,0.0000,0.0000,-0.0000,1.1593,4,48.0144,0.0000,0.000,0.000,1,0,0,100.0000,0,0,73.000,60,0,3132846080
641,1.139782631,17.357708,16.667023,1,2800.0000,-450.0000,85.9735,0.0000,0.0000,0.0000,-0.0000,1.2895,4,47.9950,0.0000,0.000,0.000,1,0,0,100.0000,0,0,73.000,60,0,3132882944
642,1.156314140,16.531509,16.667372,1,2800.0000,-450.0000,85.9507,0.0000,0.0000,0.0000,-0.0000,1.3693,4,47.9735,0.0000,0.000,0.000,1,0,0,100.0000,0,0,73.000,60,0,3132915712
643,1.172078034,15.763894,16.668322,1,2800.0000,-450.0000,85.9273,0.0000,0.0000,0.0000,-0.0000,1.4052,4,47.9507,0.0000,0.000,0.000,1,0,0,100.0000,0,0,73.000,60,0,3132948480
644,1.188632513,16.554479,16.667103,1,2800.0000,-450.0000,85.9039,0.0000,0.0000,0.0000,-0.0000,1.4039,4,47.9273,0.0000,0.000,0.000,1,0,0,100.0000,0,0,73.000,60,0,3132981248
645,1.205140763,16.508250,16.667353,1,2800.0000,-450.0000,85.8810,0.0000,0.0000,0.0000,-0.0000,1.3717,4,47.9039,0.0000,0.000,0.000,1,0,0,100.0000,0,0,73.000,60,0,3133014016
646,1.221819176,16.678413,16.667751,1,2800.0000,-450.0000,85.8591,0.0000,0.0000,0.0000,-0.0000,1.3145,4,47.8810,0.0000,0.000,0.000,1,0,0,100.0000,0,0,73.000,60,0,3133050880
647,1.239734635,17.915459,16.667413,1,2800.0000,-450.0000,85.8385,0.0000,0.0000,0.0000,-0.0000,1.2378,4,47.8591,0.0000,0.000,0.000,1,0,0,100.0000,0,0,73.000,60,0,3133083648
648,1.255463926,15.729291,16.668063,1,2800.0000,-450.0000,85.8194,0.0000,0.0000,0.0000,0.0000,1.1466,4,47.8385,0.0000,0.000,0.000,1,0,0,100.0000,0,0,73.000,60,0,3133120512
649,1.272833624,17.369698,16.667512,1,2800.0000,-450.0000,85.8020,0.0000,0.0000,0.0000,0.0000,1.0454,4,47.8194,0.0000,0.000,0.000,1,0,0,100.0000,0,0,73.000,60,0,3133153280
650,1.290280103,17.446479,16.668123,1,2800.0000,-450.0000,85.7863,0.0000,0.0000,0.0000,0.0000,0.9381,4,47.8020,0.0000,0.000,0.000,1,0,0,100.0000,0,0,73.000,60,0,3133177856
651,1.307139860,16.859757,16.668402,1,2800.0000,-450.0000,85.7725,0.0000,0.0000,0.0000,0.0000,0.0000,4,47.7863,0.0000,0.000,0.000,1,0,0,100.0000,0,0,73.000,60,0,3133214720
652,1.322556275,15.416415,16.668122,1,2800.0000,-450.0000,85.7720,0.0000,0.0000,0.0000,0.0000,0.0300,4,47.7725,0.0000,0.000,0.000,1,0,0,100.0000,0,0,73.000,60,0,3133214720
653,1.338863001,16.306726,16.667303,1,2800.0000,-450.0000,85.7711,0.0000,0.0000,0.0000,0.0000,0.0542,4,47.7720,0.0000,0.000,0.000,1,0,0,100.0000,0,0,73.000,60,0,3133304832
654,1.355028682,16.165681,16.668113,1,2800.0000,-450.0000,85.7699,0.0000,0.0000,0.0000,0.0000,0.0732,4,47.7711,0.0000,0.000,0.000,1,0,0,100.0000,0,0,73.000,60,0,3133333504
655,1.372701825,17.673143,16.668001,1,2800.0000,-450.0000,85.7685,0.0000,0.0000,0.0000,0.0000,0.0873,4,47.7699,0.0000,0.000,0.000,1,0,0,100.0000,0,0,73.000,60,0,3133390848
656,1.390356779,17.654954,16.667393,1,2800.0000,-450.0000,85.7668,0.0000,0.0000,0.0000,0.0000,0.0000,4,47.7684,0.0000,0.000,0.000,1,0,0,100.0000,0,0,73.000,60,0,3133423616
657,1.402167499,11.810720,16.667903,1,2800.0000,-450.0000,85.7665,0.0000,0.0000,0.0000,0.0000,0.0224,4,47.7668,0.0000,0.000,0.000,1,0,0,100.0000,0,0,73.000,60,0,3133456384
658,1.419658398,17.490899,16.668222,1,2800.0000,-450.0000,85.7658,0.0000,0.0000,0.0000,0.0000,0.0405,4,47.7665,0.0000,0.000,0.000,1,0,0,100.0000,0,0,73.000,60,0,3133485056
659,1.440414997,20.756599,16.668533,1,2800.0000,-450.0000,85.7649,0.0000,0.0000,0.0000,0.0000,0.0547,4,47.7658,0.0000,0.000,0.000,1,0,0,100.0000,0,0,73.000,60,0,3133526016
660,1.452306339,11.891342,16.667442,1,2800.0000,-450.0000,85.7638,0.0000,0.0000,0.0000,0.0000,0.0652,4,47.7649,0.0000,0.000,0.000,1,0,0,100.0000,0,0,73.000,60,0,3133546496
661,1.470941653,18.635314,16.667652,1,2800.0000,-450.0000,85.7626,0.0000,0.0000,0.0000,0.0000,0.0000,4,47.7638,0.0000,0.000,0.000,1,0,0,100.0000,0,0,73.000,60,0,3133583360
662,1.489104257,18.162604,16.667393,1,2800.0000,-450.0000,85.7623,0.0000,0.0000,0.0000,0.0000,0.0167,4,47.7626,0.0000,0.000,0.000,1,0,0,100.0000,0,0,73.000,60,0,3133612032
663,1.505669287,16.565030,16.667543,1,2800.0000,-450.0000,85.7618,0.0000,0.0000,0.0000,0.0000,0.0303,4,47.7623,0.0000,0.000,0.000,1,0,0,100.0000,0,0,73.000,60,0,3133644800
664,1.517892206,12.222919,16.667611,1,2800.0000,-450.0000,85.7611,0.0000,0.0000,0.0000,-0.0000,0.0408,4,47.7618,0.0000,0.000,0.000,1,0,0,100.0000,0,0,73.000,60,0,3133669376
665,1.535092980,17.200774,16.667103,1,2800.0000,-450.0000,85.7603,0.0000,0.0000,0.0000,-0.0000,0.0487,4,47.7611,0.0000,0.000,0.000,1,0,0,100.0000,0,0,73.000,60,0,3133698048
666,1.555275546,20.182566,16.666993,1,2800.0000,-450.0000,85.7594,0.0000,0.0000,0.0000,0.0000,0.0000,4,47.7603,0.0000,0.000,0.000,1,0,0,100.0000,0,0,73.000,60,0,3133726720
667,1.567621427,12.345881,16.667042,1,2800.0000,-450.0000,85.7592,0.0000,0.0000,0.0000,0.0000,0.0125,4,47.7594,0.0000,0.000,0.000,1,0,0,100.0000,0,0,73.000,60,0,3133755392
668,1.585215300,17.593873,16.667073,1,2800.0000,-450.0000,85.7588,0.0000,0.0000,0.0000,-0.0000,0.0226,4,47.7592,0.0000,0.000,0.000,1,0,0,100.0000,0,0,73.000,60,0,3133784064
669,1.605072649,19.857349,16.667362,1,2800.0000,-450.0000,85.7583,0.0000,0.0000,0.0000,-0.0000,0.0305,4,47.7588,0.0000,0.000,0.000,1,0,0,100.0000,0,0,73.000,60,0,3133812736
670,1.622846996,17.774347,16.667652,1,2800.0000,-450.0000,85.7577,0.0000,0.0000,0.0000,-0.0000,0.0364,4,47.7583,0.0000,0.000,0.000,1,0,0,100.0000,0,0,73.000,60,0,3133841408
671,1.638700430,15.853434,16.667233,1,2800.0000,-450.0000,85.7570,0.0000,0.0000,0.0000,0.0000,0.0000,4,47.7577,0.0000,0.000,0.000,1,0,0,100.0000,0,0,73.000,60,0,3133878272
672,1.654834151,16.133721,16.667033,1,2800.0000,-450.0000,85.7569,0.0000,0.0000,0.0000,0.0000,0.0093,4,47.7570,0.0000,0.000,0.000,1,0,0,100.0000,0,0,73.000,60,0,3133911040
673,1.669550122,14.715971,16.667861,1,2800.0000,-450.0000,85.7566,0.0000,0.0000,0.0000,-0.0000,0.0169,4,47.7569,0.0000,0.000,0.000,1,0,0,100.0000,0,0,73.000,60,0,3133935616
674,1.686745546,17.195424,16.667523,1,2800.0000,-450.0000,85.7562,0.0000,0.0000,0.0000,-0.0000,0.0228,4,47.7566,0.0000,0.000,0.000,1,0,0,100.0000,0,0,73.000,60,0,3133964288
675,1.704606884,17.861338,16.667793,1,2800.0000,-450.0000,85.7558,0.0000,0.0000,0.0000,-0.0000,0.0272,4,47.7562,0.0000,0.000,0.000,1,0,0,100.0000,0,0,73.000,60,0,3134017536
676,1.722583414,17.976530,16.667542,1,2800.0000,-450.0000,85.7552,0.0000,0.0000,0.0000,0.0000,0.0000,4,47.7558,0.0000,0.000,0.000,1,0,0,100.0000,0,0,73.000,60,0,3134042112
677,1.738439369,15.855955,16.667532,1,2800.0000,-450.0000,85.7551,0.0000,0.0000,0.0000,0.0000,0.0070,4,47.7552,0.0000,0.000,0.000,1,0,0,100.0000,0,0,73.000,60,0,3134062592
678,1.755141753,16.702384,16.668953,1,2800.0000,-450.0000,85.7549,0.0000,0.0000,0.0000,0.0000,0.0126,4,47.7551,0.0000,0.000,0.000,1,0,0,100.0000,0,0,73.000,60,0,3134095360
679,1.772383277,17.241524,16.668492,1,2800.0000,-450.0000,85.7546,0.0000,0.0000,0.0000,0.0000,0.0170,4,47.7549,0.0000,0.000,0.000,1,0,0,100.0000,0,0,73.000,60,0,3134124032
680,1.788397476,16.014199,16.667513,1,2800.0000,-450.0000,85.7543,0.0000,0.0000,0.0000,0.0000,0.0203,4,47.7546,0.0000,0.000,0.000,1,0,0,100.0000,0,0,73.000,60,0,3134152704
681,1.806027519,17.630043,16.667623,1,2800.0000,-450.0000,85.7539,0.0000,0.0000,0.0000,0.0000,0.0000,4,47.7543,0.0000,0.000,0.000,1,0,0,100.0000,0,0,73.000,60,0,3134181376
682,1.821506386,15.478867,16.668881,1,2800.0000,-450.0000,85.7539,0.0000,0.0000,0.0000,0.0000,0.0052,4,47.7539,0.0000,0.000,0.000,1,0,0,100.0000,0,0,73.000,60,0,3134210048
683,1.839855153,18.348767,16.667993,1,2800.0000,-450.0000,85.7537,0.0000,0.0000,0.0000,0.0000,0.0096,4,47.7539,0.0000,0.000,0.000,1,0,0,100.0000,0,0,73.000,60,0,3134238720
684,1.856798452,16.943299,16.668543,1,2800.0000,-450.0000,85.7535,0.0000,0.0000,0.0000,0.0000,0.0128,4,47.7537,0.0000,0.000,0.000,1,0,0,100.0000,0,0,73.000,60,0,3134267392
685,1.872791230,15.992778,16.668852,1,2800.0000,-450.0000,85.7532,0.0000,0.0000,0.0000,0.0000,0.0153,4,47.7535,0.0000,0.000,0.000,1,0,0,100.0000,0,0,73.000,60,0,3134296064
686,1.889347770,16.556540,16.668153,1,2800.0000,-450.0000,85.7529,0.0000,0.0000,0.0000,0.0000,0.0000,4,47.7532,0.0000,0.000,0.000,1,0,0,100.0000,0,0,73.000,60,0,3134328832
687,1.905815428,16.467658,16.668012,1,2800.0000,-450.0000,85.7529,0.0000,0.0000,0.0000,0.0000,0.0039,4,47.7529,0.0000,0.000,0.000,1,0,0,100.0000,0,0,73.000,60,0,3134373888
688,1.919189912,13.374484,16.668672,1,2800.0000,-450.0000,85.7527,0.0000,0.0000,0.0000,0.0000,0.0071,4,47.7529,0.0000,0.000,0.000,1,0,0,100.0000,0,0,73.000,60,0,3134398464
689,1.937703453,18.513541,16.667123,1,2800.0000,-450.0000,85.7526,0.0000,0.0000,0.0000,0.0000,0.0096,4,47.7527,0.0000,0.000,0.000,1,0,0,100.0000,0,0,73.000,60,0,3134435328
690,1.952341763,14.638310,16.668943,1,2800.0000,-450.0000,85.7524,0.0000,0.0000,0.0000,0.0000,0.0114,4,47.7526,0.0000,0.000,0.000,1,0,0,100.0000,0,0,73.000,60,0,3134480384
691,1.971098739,18.756976,16.667992,1,2800.0000,-450.0000,85.7522,0.0000,0.0000,0.0000,0.0000,0.0000,4,47.7524,0.0000,0.000,0.000,1,0,0,100.0000,0,0,73.000,60,0,3133460480
692,1.985778269,14.679530,16.667042,1,2800.0000,-450.0000,85.7522,0.0000,0.0000,0.0000,0.0000,0.0029,4,47.7522,0.0000,0.000,0.000,1,0,0,100.0000,0,0,73.000,60,0,3133501440
693,2.003875022,18.096753,16.668263,1,2800.0000,-450.0000,85.7520,0.0000,0.0000,0.0000,0.0000,0.0053,4,47.7522,0.0000,0.000,0.000,1,0,0,100.0000,0,0,73.000,60,0,3130384384
694,2.023888855,20.013833,16.670222,1,2800.0000,-450.0000,85.7519,0.0000,0.0000,0.0000,0.0000,0.0071,4,47.7520,0.0000,0.000,0.000,1,0,0,100.0000,0,0,73.000,60,0,3130417152
695,2.040606569,16.717714,16.667713,1,2800.0000,-450.0000,85.7518,0.0000,0.0000,0.0000,0.0000,0.0085,4,47.7519,0.0000,0.000,0.000,1,0,0,100.0000,0,0,73.000,60,0,3129425920
696,2.056605737,15.999168,16.667093,1,2800.0000,-450.0000,85.7516,0.0000,0.0000,0.0000,0.0000,0.0000,4,47.7518,0.0000,0.000,0.000,1,0,0,100.0000,0,0,73.000,60,0,3127390208
697,2.073236119,16.630382,16.667681,1,2800.0000,-450.0000,85.7516,0.0000,0.0000,0.0000,0.0000,0.0022,4,47.7516,0.0000,0.000,0.000,1,0,0,100.0000,0,0,73.000,60,0,3127447552
698,2.089559444,16.323325,16.668543,1,2800.0000,-450.0000,85.7515,0.0000,0.0000,0.0000,-0.0000,0.0040,4,47.7516,0.0000,0.000,0.000,1,0,0,100.0000,0,0,73.000,60,0,3127476224
699,2.107368671,17.809227,16.667813,1,2800.0000,-450.0000,85.7515,0.0000,0.0000,0.0000,-0.0000,0.0053,4,47.7515,0.0000,0.000,0.000,1,0,0,100.0000,0,0,73.000,60,0,3127508992
700,2.122975780,15.607109,16.667542,1,2800.0000,-450.0000,85.7513,0.0000,0.0000,0.0000,-0.0000,0.0065,4,47.7515,0.0000,0.000,0.000,1,0,0,100.0000,0,0,73.000,60,0,3127549952
701,2.139384478,16.408698,16.667493,1,2800.0000,-450.0000,85.7512,0.0000,0.0000,0.0000,0.0000,0.0000,4,47.7513,0.0000,0.000,0.000,1,0,0,100.0000,0,0,73.000,60,0,3127578624
702,2.160334581,20.950103,16.667832,1,2800.0000,-450.0000,85.7512,0.0000,0.0000,0.0000,0.0000,0.0016,4,47.7512,0.0000,0.000,0.000,1,0,0,100.0000,0,0,73.000,60,0,3127607296
703,2.169629877,9.295296,16.667512,1,2800.0000,-450.0000,85.7512,0.0000,0.0000,0.0000,0.0000,0.0029,4,47.7512,0.0000,0.000,0.000,1,0,0,100.0000,0,0,73.000,60,0,3127607296
704,2.188217690,18.587813,16.667453,1,2800.0000,-450.0000,85.7511,0.0000,0.0000,0.0000,-0.0000,0.0040,4,47.7512,0.0000,0.000,0.000,1,0,0,100.0000,0,0,73.000,60,0,3127635968
705,2.207369865,19.152175,16.668252,1,2800.0000,-450.0000,85.7511,0.0000,0.0000,0.0000,-0.0000,0.0048,4,47.7511,0.0000,0.000,0.000,1,0,0,100.0000,0,0,73.000,60,0,3127681024
706,2.222894303,15.524438,16.668363,1,2800.0000,-450.0000,85.7509,0.0000,0.0000,0.0000,0.0000,0.0000,4,47.7511,0.0000,0.000,0.000,1,0,0,100.0000,0,0,73.000,60,0,3127726080
707,2.239568006,16.673703,16.668022,1,2800.0000,-450.0000,85.7509,0.0000,0.0000,0.0000,0.0000,0.0012,4,47.7509,0.0000,0.000,0.000,1,0,0,100.0000,0,0,73.000,60,0,3127767040
708,2.255729728,16.161722,16.668072,1,2800.0000,-450.0000,85.7509,0.0000,0.0000,0.0000,0.0000,0.0022,4,47.7509,0.0000,0.000,0.000,1,0,0,100.0000,0,0,73.000,60,0,3127795712
709,2.273203498,17.473770,16.667123,1,2800.0000,-450.0000,85.7508,0.0000,0.0000,0.0000,0.0000,0.0030,4,47.7509,0.0000,0.000,0.000,1,0,0,100.0000,0,0,73.000,60,0,3127828480
710,2.289891400,16.687902,16.668333,1,2800.0000,-450.0000,85.7508,0.0000,0.0000,0.0000,0.0000,0.0035,4,47.7508,0.0000,0.000,0.000,1,0,0,100.0000,0,0,73.000,60,0,3127865344
711,2.306705016,16.813616,16.668622,1,2800.0000,-450.0000,85.7507,0.0000,0.0000,0.0000,0.0000,0.0000,4,47.7508,0.0000,0.000,0.000,1,0,0,100.0000,0,0,73.000,60,0,3127894016
712,2.319407974,12.702958,16.668342,1,2800.0000,-450.0000,85.7507,0.0000,0.0000,0.0000,0.0000,0.0009,4,47.7507,0.0000,0.000,0.000,1,0,0,100.0000,0,0,73.000,60,0,3127922688
713,2.336846313,17.438339,16.667973,1,2800.0000,-450.0000,85.7507,0.0000,0.0000,0.0000,0.0000,0.0016,4,47.7507,0.0000,0.000,0.000,1,0,0,100.0000,0,0,73.000,60,0,3127959552
714,2.357642773,20.796460,16.667172,1,2800.0000,-450.0000,85.7507,0.0000,0.0000,0.0000,-0.0000,0.0022,4,47.7507,0.0000,0.000,0.000,1,0,0,100.0000,0,0,73.000,60,0,3127992320
715,2.374265365,16.622592,16.668683,1,2800.0000,-450.0000,85.7505,0.0000,0.0000,0.0000,-0.0000,0.0027,4,47.7507,0.0000,0.000,0.000,1,0,0,100.0000,0,0,73.000,60,0,3128025088
716,2.390964877,16.699512,16.668243,1,2800.0000,-450.0000,85.7505,0.0000,0.0000,0.0000,0.0000,0.0000,4,47.7505,0.0000,0.000,0.000,1,0,0,100.0000,0,0,73.000,60,0,3128053760
717,2.407439656,16.474779,16.667231,1,2800.0000,-450.0000,85.7505,0.0000,0.0000,0.0000,0.0000,0.0007,4,47.7505,0.0000,0.000,0.000,1,0,0,100.0000,0,0,73.000,60,0,3128082432
718,2.426346986,18.907330,16.668173,1,2800.0000,-450.0000,85.7505,0.0000,0.0000,0.0000,-0.0000,0.0013,4,47.7505,0.0000,0.000,0.000,1,0,0,100.0000,0,0,73.000,60,0,3128119296
719,2.441042736,14.695750,16.668403,1,2800.0000,-450.0000,85.7504,0.0000,0.0000,0.0000,-0.0000,0.0018,4,47.7505,0.0000,0.000,0.000,1,0,0,100.0000,0,0,73.000,60,0,3128147968
720,2.452703543,11.660807,16.667952,1,2800.0000,-450.0000,85.7504,0.0000,0.0000,0.0000,-0.0000,0.0021,4,47.7504,0.0000,0.000,0.000,1,0,0,100.0000,0,0,73.000,60,0,3128180736
721,2.472332338,19.628795,16.667433,1,2800.0000,-450.0000,85.7504,0.0000,0.0000,0.0000,0.0000,0.0000,4,47.7504,0.0000,0.000,0.000,1,0,0,100.0000,0,0,73.000,60,0,3128209408
722,2.489523462,17.191124,16.667862,1,2800.0000,-450.0000,85.7504,0.0000,0.0000,0.0000,0.0000,0.0006,4,47.7504,0.0000,0.000,0.000,1,0,0,100.0000,0,0,73.000,60,0,3128238080
723,2.505874607,16.351145,16.667362,1,2800.0000,-450.0000,85.7504,0.0000,0.0000,0.0000,-0.0000,0.0010,4,47.7504,0.0000,0.000,0.000,1,0,0,100.0000,0,0,73.000,60,0,3128287232
724,2.522308685,16.434078,16.668293,1,2800.0000,-450.0000,85.7503,0.0000,0.0000,0.0000,-0.0000,0.0014,4,47.7504,0.0000,0.000,0.000,1,0,0,100.0000,0,0,73.000,60,0,3127275520
725,2.539200752,16.892067,16.668023,1,2800.0000,-450.0000,85.7503,0.0000,0.0000,0.0000,-0.0000,0.0016,4,47.7503,0.0000,0.000,0.000,1,0,0,100.0000,0,0,73.000,60,0,3127304192
726,2.556968177,17.767425,16.668232,1,2800.0000,-450.0000,85.7503,0.0000,0.0000,0.0000,0.0000,0.0000,4,47.7503,0.0000,0.000,0.000,1,0,0,100.0000,0,0,73.000,60,0,3127361536
727,2.573605160,16.636983,16.667152,1,2800.0000,-450.0000,85.7503,0.0000,0.0000,0.0000,0.0000,0.0004,4,47.7503,0.0000,0.000,0.000,1,0,0,100.0000,0,0,73.000,60,0,3127373824
728,2.590565438,16.960278,16.668613,1,2800.0000,-450.0000,85.7503,0.0000,0.0000,0.0000,-0.0000,0.0007,4,47.7503,0.0000,0.000,0.000,1,0,0,100.0000,0,0,73.000,60,0,3127435264
729,2.606316762,15.751324,16.667032,1,2800.0000,-450.0000,85.7503,0.0000,0.0000,0.0000,-0.0000,0.0010,4,47.7503,0.0000,0.000,0.000,1,0,0,100.0000,0,0,73.000,60,0,3127472128
730,2.623780970,17.464208,16.668453,1,2800.0000,-450.0000,85.7502,0.0000,0.0000,0.0000,-0.0000,0.0013,4,47.7503,0.0000,0.000,0.000,1,0,0,100.0000,0,0,73.000,60,0,3127517184
731,2.639417851,15.636881,16.668372,1,2800.0000,-450.0000,85.7502,0.0000,0.0000,0.0000,0.0000,0.0000,4,47.7502,0.0000,0.000,0.000,1,0,0,100.0000,0,0,73.000,60,0,3127549952
732,2.658184358,18.766507,16.668552,1,2800.0000,-450.0000,85.7502,0.0000,0.0000,0.0000,0.0000,0.0003,4,47.7502,0.0000,0.000,0.000,1,0,0,100.0000,0,0,73.000,60,0,3127582720
733,2.675892902,17.708544,16.668223,1,2800.0000,-450.0000,85.7502,0.0000,0.0000,0.0000,-0.0000,0.0005,4,47.7502,0.0000,0.000,0.000,1,0,0,100.0000,0,0,73.000,60,0,3127607296
734,2.685666569,9.773667,16.668483,1,2800.0000,-450.0000,85.7502,0.0000,0.0000,0.0000,-0.0000,0.0006,4,47.7502,0.0000,0.000,0.000,1,0,0,100.0000,0,0,73.000,60,0,3127635968
735,2.702403343,16.736774,16.667692,1,2800.0000,-450.0000,85.7502,0.0000,0.0000,0.0000,-0.0000,0.0008,4,47.7502,0.0000,0.000,0.000,1,0,0,100.0000,0,0,73.000,60,0,3127681024
736,2.719128366,16.725023,16.668122,1,2800.0000,-450.0000,85.7502,0.0000,0.0000,0.0000,0.0000,0.0000,4,47.7502,0.0000,0.000,0.000,1,0,0,100.0000,0,0,73.000,60,0,3127721984
737,2.738494696,19.366330,16.668863,1,2800.0000,-450.0000,85.7502,0.0000,0.0000,0.0000,0.0000,0.0003,4,47.7502,0.0000,0.000,0.000,1,0,0,100.0000,0,0,73.000,60,0,3127750656
738,2.757581860,19.087164,16.668332,1,2800.0000,-450.0000,85.7502,0.0000,0.0000,0.0000,-0.0000,0.0005,4,47.7502,0.0000,0.000,0.000,1,0,0,100.0000,0,0,73.000,60,0,3127775232
739,2.770442352,12.860492,16.667833,1,2800.0000,-450.0000,85.7502,0.0000,0.0000,0.0000,-0.0000,0.0006,4,47.7502,0.0000,0.000,0.000,1,0,0,100.0000,0,0,73.000,60,0,3127803904
740,2.788318390,17.876038,16.668663,1,2800.0000,-450.0000,85.7501,0.0000,0.0000,0.0000,-0.0000,0.0008,4,47.7502,0.0000,0.000,0.000,1,0,0,100.0000,0,0,73.000,60,0,3127844864
741,2.806887132,18.568742,16.668581,1,2800.0000,-450.0000,85.7501,0.0000,0.0000,0.0000,0.0000,0.0000,4,47.7501,0.0000,0.000,0.000,1,0,0,100.0000,0,0,73.000,60,0,3127885824
742,2.824252999,17.365867,16.668933,1,2800.0000,-450.0000,85.7501,0.0000,0.0000,0.0000,0.0000,0.0001,4,47.7501,0.0000,0.000,0.000,1,0,0,100.0000,0,0,73.000,60,0,3127918592
743,2.835823564,11.570565,16.668253,1,2800.0000,-450.0000,85.7501,0.0000,0.0000,0.0000,0.0000,0.0002,4,47.7501,0.0000,0.000,0.000,1,0,0,100.0000,0,0,73.000,60,0,3127959552
744,2.855408079,19.584515,16.668332,1,2800.0000,-450.0000,85.7501,0.0000,0.0000,0.0000,0.0000,0.0003,4,47.7501,0.0000,0.000,0.000,1,0,0,100.0000,0,0,73.000,60,0,3127992320
745,2.874218626,18.810547,16.667703,1,2800.0000,-450.0000,85.7501,0.0000,0.0000,0.0000,0.0000,0.0003,4,47.7501,0.0000,0.000,0.000,1,0,0,100.0000,0,0,73.000,60,0,3128029184
746,2.886035936,11.817310,16.668672,1,2800.0000,-450.0000,85.7501,0.0000,0.0000,0.0000,0.0000,0.0000,4,47.7501,0.0000,0.000,0.000,1,0,0,100.0000,0,0,73.000,60,0,3128033280
747,2.906549880,20.513944,16.667232,1,2800.0000,-450.0000,85.7501,0.0000,0.0000,0.0000,0.0000,0.0001,4,47.7501,0.0000,0.000,0.000,1,0,0,100.0000,0,0,73.000,60,0,3128094720
748,2.924419448,17.869568,16.668273,1,2800.0000,-450.0000,85.7501,0.0000,0.0000,0.0000,0.0000,0.0002,4,47.7501,0.0000,0.000,0.000,1,0,0,100.0000,0,0,73.000,60,0,3128123392
749,2.939165039,14.745591,16.669163,1,2800.0000,-450.0000,85.7501,0.0000,0.0000,0.0000,0.0000,0.0003,4,47.7501,0.0000,0.000,0.000,1,0,0,100.0000,0,0,73.000,60,0,3128123392
750,2.954736859,15.571820,16.668222,1,2800.0000,-450.0000,85.7501,0.0000,0.0000,0.0000,0.0000,0.0003,4,47.7501,0.0000,0.000,0.000,1,0,0,100.0000,0,0,73.000,60,0,3128160256
751,2.973030935,18.294076,16.676013,1,2800.0000,-450.0000,85.7501,0.0000,0.0000,0.0000,0.0000,0.0000,4,47.7501,0.0000,0.000,0.000,1,0,0,100.0000,0,0,73.000,60,0,3128188928
752,2.989510784,16.479849,16.685223,1,2800.0000,-450.0000,85.7501,0.0000,0.0000,0.0000,0.0000,0.0001,4,47.7501,0.0000,0.000,0.000,1,0,0,100.0000,0,0,73.000,60,0,3128217600
753,3.006413182,16.902398,16.668182,1,2800.0000,-450.0000,85.7501,0.0000,0.0000,0.0000,0.0000,0.0002,4,47.7501,0.0000,0.000,0.000,1,0,0,100.0000,0,0,73.000,60,0,3128262656
754,3.022600244,16.187062,16.667692,1,2800.0000,-450.0000,85.7501,0.0000,0.0000,0.0000,0.0000,0.0003,4,47.7501,0.0000,0.000,0.000,1,0,0,100.0000,0,0,73.000,60,0,3128332288
755,3.039949631,17.349387,16.668263,22,2800.0000,-450.0000,85.7501,0.0000,0.0000,0.0000,0.0000,0.0003,4,47.7501,0.0000,0.000,0.000,1,0,0,100.0000,0,0,73.000,60,0,3128385536
756,3.768532847,728.583216,16.668562,22,2800.0000,-450.0000,85.7501,0.0000,0.0000,0.0000,0.0000,0.0000,4,47.7501,0.0000,0.000,0.000,1,0,0,100.0000,0,0,73.000,60,0,3164254208
757,3.775793941,7.261094,719.774701,2,2800.0000,-450.0000,85.7501,0.0000,0.0000,0.0000,0.0000,0.0002,4,47.7501,0.0000,0.000,0.000,1,0,0,100.0000,0,0,73.000,60,0,3164262400
758,3.792041355,16.247414,16.667012,2,2800.0000,-450.0000,85.7501,0.0000,0.0000,0.0000,0.0000,0.0003,4,47.7501,0.0000,0.000,0.000,0,0,0,100.0000,0,1,73.000,60,1,3164340224
759,3.804460367,12.419012,16.667523,2,2800.0000,-450.0000,85.7501,0.0000,0.0000,0.0000,0.0000,0.0004,4,47.7501,0.0000,0.000,0.000,0,0,0,100.0000,0,1,73.000,60,1,3164401664
760,3.821750853,17.290486,16.669532,2,2800.0000,-450.0000,85.7500,0.0000,0.0000,0.0000,0.0000,0.0004,4,47.7501,0.0000,0.000,0.000,0,0,0,100.0000,0,1,73.000,60,1,3164528640
761,3.841959890,20.209037,16.667552,2,2800.0000,-450.0000,85.7500,0.0000,0.0000,0.0000,0.0000,0.0000,4,47.7500,0.0000,0.000,0.000,0,0,0,100.0000,0,1,73.000,60,1,3164585984
762,3.854884474,12.924584,16.667073,2,2800.0000,-450.0000,85.7500,0.0000,0.0000,0.0000,0.0000,0.0000,4,47.7500,0.0000,0.000,0.000,0,0,0,100.0000,0,1,73.000,60,1,3164631040
763,3.872626178,17.741704,16.671773,2,2800.0000,-450.0000,85.7500,0.0000,0.0000,0.0000,0.0000,0.0001,4,47.7500,0.0000,0.000,0.000,0,0,0,100.0000,0,1,73.000,60,1,3164684288
764,3.893234094,20.607916,16.667252,2,2800.0000,-450.0000,85.7500,0.0000,0.0000,0.0000,0.0000,0.0001,4,47.7500,0.0000,0.000,0.000,0,0,0,100.0000,0,1,73.000,60,1,3164721152
765,3.905757800,12.523706,16.668263,2,2800.0000,-450.0000,85.7500,0.0000,0.0000,0.0000,0.0000,0.0001,4,47.7500,0.0000,0.000,0.000,0,0,0,100.0000,0,1,73.000,60,1,3164782592
766,3.923896033,18.138233,16.667522,2,2800.0000,-450.0000,85.7500,0.0000,0.0000,0.0000,0.0000,0.0000,4,47.7500,0.0000,0.000,0.000,0,0,0,100.0000,0,1,73.000,60,1,3164831744
767,3.941901294,18.005261,16.667822,2,2800.0000,-450.0000,85.7500,0.0000,0.0000,0.0000,0.0000,0.0000,4,47.7500,0.0000,0.000,0.000,0,0,0,100.0000,0,1,73.000,60,1,3164868608
768,3.960096689,18.195395,16.667773,2,2800.0000,-450.0000,85.7500,0.0000,0.0000,0.0000,0.0000,0.0001,4,47.7500,0.0000,0.000,0.000,0,0,0,100.0000,0,1,73.000,60,1,3164901376
769,3.972473570,12.376881,16.685203,2,2800.0000,-450.0000,85.7500,0.0000,0.0000,0.0000,0.0000,0.0001,4,47.7500,0.0000,0.000,0.000,0,0,0,100.0000,0,1,73.000,60,1,3164925952
770,3.989258395,16.784825,16.668862,2,2800.0000,-450.0000,85.7500,0.0000,0.0000,0.0000,0.0000,0.0001,4,47.7500,0.0000,0.000,0.000,0,0,0,100.0000,0,1,73.000,60,1,3164999680
771,4.007403519,18.145124,16.668043,2,2800.0000,-450.0000,85.7500,0.0000,0.0000,0.0000,0.0000,0.0000,4,47.7500,0.0000,0.000,0.000,0,0,0,100.0000,0,1,73.000,60,1,3165036544
772,4.025452160,18.048641,16.668563,2,2800.0000,-450.0000,85.7500,0.0000,0.0000,0.0000,0.0000,0.0000,4,47.7500,0.0000,0.000,0.000,0,0,0,100.0000,0,1,73.000,60,1,3165077504
773,4.044215207,18.763047,16.667151,2,2800.0000,-450.0000,85.7500,0.0000,0.0000,0.0000,0.0000,0.0001,4,47.7500,0.0000,0.000,0.000,0,0,0,100.0000,0,1,73.000,60,1,3165138944
774,4.055755872,11.540665,16.669063,2,2800.0000,-450.0000,85.7500,0.0000,0.0000,0.0000,0.0000,0.0001,4,47.7500,0.0000,0.000,0.000,0,0,0,100.0000,0,1,73.000,60,1,3165138944
775,4.074450046,18.694174,16.668973,2,2800.0000,-450.0000,85.7500,0.0000,0.0000,0.0000,0.0000,0.0001,4,47.7500,0.0000,0.000,0.000,0,0,0,100.0000,0,1,73.000,60,1,3165179904
776,4.093202323,18.752277,16.668252,2,2800.0000,-450.0000,85.7500,0.0000,0.0000,0.0000,0.0000,0.0000,4,47.7500,0.0000,0.000,0.000,0,0,0,100.0000,0,1,73.000,60,1,3165233152
777,4.111983041,18.780718,16.667943,2,2800.0000,-450.0000,85.7500,0.0000,0.0000,0.0000,0.0000,0.0000,4,47.7500,0.0000,0.000,0.000,0,0,0,100.0000,0,1,73.000,60,1,3165274112
778,4.125865674,13.882633,16.667192,3,2800.0000,-450.0000,85.7500,0.0000,0.0000,0.0000,0.0000,0.0001,4,47.7500,0.0000,0.000,0.000,0,0,0,100.0000,0,1,73.000,60,1,3165315072
779,4.143451036,17.585362,16.668002,3,2800.1386,-450.0000,85.7500,0.0000,0.0000,0.0000,8.3132,8.3132,4,47.7500,0.0000,1.000,0.000,0,0,0,100.0000,0,1,73.000,60,1,3165351936
780,4.156153785,12.702749,16.667393,3,2800.4151,-450.0000,85.7500,0.0000,0.0000,0.0000,16.5887,16.5887,4,47.7500,0.2089,1.000,0.000,0,0,0,100.0000,0,1,73.000,60,1,3165380608
781,4.172526410,16.372625,16.667413,3,2800.8289,-450.0000,85.7500,0.0000,0.0000,0.0000,24.8270,24.8270,4,47.7500,0.6258,1.000,0.000,0,0,0,100.0000,0,1,73.000,60,1,3165450240
782,4.190620593,18.094183,16.668852,3,2801.3794,-450.0000,85.7500,0.0000,0.0000,0.0000,33.0289,33.0289,4,47.7500,1.2498,1.000,0.000,0,0,0,100.0000,0,1,73.000,60,1,3165519872
783,4.208882090,18.261497,16.668083,3,2802.0660,-450.0000,85.7500,0.0000,0.0000,0.0000,41.1937,41.1937,4,47.7500,2.0799,1.000,0.000,0,0,0,100.0000,0,1,73.000,60,1,3165597696
784,4.228334361,19.452271,16.668042,3,2802.8881,-450.0000,85.7500,0.0000,0.0000,0.0000,49.3217,49.3217,4,47.7500,3.1151,1.000,0.000,0,0,0,100.0000,0,1,73.000,60,1,3165650944
785,4.242662213,14.327852,16.667802,3,2803.8451,-450.0000,85.7500,0.0000,0.0000,0.0000,57.4130,57.4130,4,47.7500,4.3547,1.000,0.000,0,0,0,100.0000,0,1,73.000,60,1,3165708288
786,4.260720125,18.057912,16.667243,3,2804.9362,-450.0000,85.7500,0.0000,0.0000,0.0000,65.4677,65.4677,4,47.7500,5.7975,1.000,0.000,0,0,0,100.0000,0,1,73.000,60,1,3165757440
787,4.276631612,15.911487,16.667653,3,2806.1611,-450.0000,85.7500,0.0000,0.0000,0.0000,73.4864,73.4864,4,47.7500,7.4428,1.000,0.000,0,0,0,100.0000,0,1,73.000,60,1,3165786112
788,4.293374756,16.743144,16.667852,3,2807.5190,-450.0000,85.7500,0.0000,0.0000,0.0000,81.4692,81.4692,4,47.7500,9.2896,1.000,0.000,0,0,0,100.0000,0,1,73.000,60,1,3165839360
789,4.310844506,17.469750,16.668102,3,2809.0094,-450.0000,85.7500,0.0000,0.0000,0.0000,89.4161,89.4161,4,47.7500,11.3371,1.000,0.000,0,0,0,100.0000,0,1,73.000,60,1,3165892608
790,4.327261563,16.417057,16.667643,3,2810.6316,-450.0000,85.7500,0.0000,0.0000,0.0000,97.3272,97.3272,4,47.7500,13.5842,1.000,0.000,0,0,0,100.0000,0,1,73.000,60,1,3165945856
791,4.343973517,16.711954,16.668292,3,2812.3852,-450.0000,85.7500,0.0000,0.0000,0.0000,105.2029,105.2029,4,47.7500,16.0302,1.000,0.000,0,0,0,100.0000,0,1,73.000,60,1,3166011392
792,4.360045566,16.072049,16.669033,3,2814.2695,-450.0000,85.7500,0.0000,0.0000,0.0000,113.0437,113.0437,4,47.7500,18.6743,1.000,0.000,0,0,0,100.0000,0,1,73.000,60,1,3166040064
793,4.377214679,17.169113,16.668983,3,2816.2839,-450.0000,85.7500,0.0000,0.0000,0.0000,120.8491,120.8491,4,47.7500,21.5155,1.000,0.000,0,0,0,100.0000,0,1,73.000,60,1,3166093312
794,4.394020075,16.805396,16.668822,3,2818.4279,-450.0000,85.7500,0.0000,0.0000,0.0000,128.6194,128.6194,4,47.7500,24.5528,1.000,0.000,0,0,0,100.0000,0,1,73.000,60,1,3166146560
795,4.410396071,16.375996,16.667402,3,2820.7005,-450.0000,85.7500,0.0000,0.0000,0.0000,136.3541,136.3541,4,47.7500,27.7851,1.000,0.000,0,0,0,100.0000,0,1,73.000,60,1,3166203904
796,4.427230307,16.834236,16.668633,3,2823.1017,-450.0000,85.7500,0.0000,0.0000,0.0000,144.0546,144.0546,4,47.7500,31.2120,1.000,0.000,0,0,0,100.0000,0,1,73.000,60,1,3166228480
797,4.442710474,15.480167,16.668422,3,2825.6307,-450.0000,85.7500,0.0000,0.0000,0.0000,151.7204,151.7204,4,47.7500,34.8325,1.000,0.000,0,0,0,100.0000,0,1,73.000,60,1,3166261248
798,4.460570092,17.859618,16.667723,3,2828.2867,-450.0000,85.7500,0.0000,0.0000,0.0000,159.3514,159.3514,4,47.7500,38.6454,1.000,0.000,0,0,0,100.0000,0,1,73.000,60,1,3166314496
799,4.476547100,15.977008,16.668613,3,2831.0695,-450.0000,85.7500,0.0000,0.0000,0.0000,166.9485,166.9485,4,47.7500,42.6503,1.000,0.000,0,0,0,100.0000,0,1,73.000,60,1,3166367744
800,4.492902036,16.354936,16.668671,3,2833.9784,-450.0000,85.7500,0.0000,0.0000,0.0000,174.5115,174.5115,4,47.7500,46.8462,1.000,0.000,0,0,0,100.0000,0,1,73.000,60,1,3166425088
801,4.509956237,17.054201,16.667393,3,2837.0125,-450.0000,85.7500,0.0000,0.0000,0.0000,182.0399,182.0399,4,47.7500,51.2318,1.000,0.000,0,0,0,100.0000,0,1,73.000,60,1,3166453760
802,4.525997676,16.041439,16.668923,3,2840.1718,-450.0000,85.7500,0.0000,0.0000,0.0000,189.5351,189.5351,4,47.7500,55.8071,1.000,0.000,0,0,0,100.0000,0,1,73.000,60,1,3166511104
803,4.544531187,18.533511,16.668042,3,2843.4554,-450.0000,85.7500,0.0000,0.0000,0.0000,196.9962,196.9962,4,47.7500,60.5704,1.000,0.000,0,0,0,100.0000,0,1,73.000,60,1,3166564352
804,4.561459855,16.928668,16.668813,3,2846.8629,-450.0000,85.7500,0.0000,0.0000,0.0000,204.4242,204.4242,4,47.7500,65.5215,1.000,0.000,0,0,0,100.0000,0,1,73.000,60,1,3166617600
805,4.577167898,15.708043,16.667972,3,2850.3935,-450.0000,85.7500,0.0000,0.0000,0.0000,211.8184,211.8184,4,47.7500,70.6590,1.000,0.000,0,0,0,100.0000,0,1,73.000,60,1,3166674944
806,4.594550475,17.382577,16.667752,3,2854.0467,-450.0000,85.7500,0.0000,0.0000,0.0000,219.1793,219.1793,4,47.7500,75.9823,1.000,0.000,0,0,0,100.0000,0,1,73.000,60,1,3166732288
807,4.610383990,15.833515,16.668653,3,2857.8223,-450.0000,85.7500,0.0000,0.0000,0.0000,226.5074,226.5074,4,47.7500,81.4909,1.000,0.000,0,0,0,100.0000,0,1,73.000,60,1,3166777344
808,4.627018522,16.634532,16.667833,3,2861.7192,-450.0000,85.7500,0.0000,0.0000,0.0000,233.8023,233.8023,4,47.7500,87.1834,1.000,0.000,0,0,0,100.0000,0,1,73.000,60,1,3166842880
809,4.643554991,16.536469,16.668642,3,2865.7375,-450.0000,85.7500,0.0000,0.0000,0.0000,241.0647,241.0647,4,47.7500,93.0594,1.000,0.000,0,0,0,100.0000,0,1,73.000,60,1,3166900224
810,4.656319191,12.764200,16.668303,3,2869.8761,-450.0000,85.7500,0.0000,0.0000,0.0000,248.2943,248.2943,4,47.7500,99.1179,1.000,0.000,0,0,0,100.0000,0,1,73.000,60,1,3166928896
811,4.675341734,19.022543,16.667832,3,2874.1346,-450.0000,85.7500,0.0000,0.0000,0.0000,255.4912,255.4912,4,47.7500,105.3579,1.000,0.000,0,0,0,100.0000,0,1,73.000,60,1,3166982144
812,4.694169452,18.827718,16.668332,3,2878.5126,-450.0000,85.7500,0.0000,0.0000,0.0000,262.6560,262.6560,4,47.7500,111.7790,1.000,0.000,0,0,0,100.0000,0,1,73.000,60,1,3167039488
813,4.712627512,18.458060,16.669193,3,2883.0098,-450.0000,85.7500,0.0000,0.0000,0.0000,269.7890,269.7890,4,47.7500,118.3805,1.000,0.000,0,0,0,100.0000,0,1,73.000,60,1,3167092736
814,4.727658410,15.030898,16.667163,3,2887.6248,-450.0000,85.7500,0.0000,0.0000,0.0000,276.8890,276.8890,4,47.7500,125.1604,1.000,0.000,0,0,0,100.0000,0,1,73.000,60,1,3167145984
815,4.744879094,17.220684,16.668962,3,2892.3580,-450.0000,85.7500,0.0000,0.0000,0.0000,283.9578,283.9578,4,47.7500,132.1195,1.000,0.000,0,0,0,100.0000,0,1,73.000,60,1,3167199232
816,4.760182838,15.303744,16.667312,3,2897.2081,-450.0000,85.7500,0.0000,0.0000,0.0000,290.9942,290.9942,4,47.7500,139.2556,1.000,0.000,0,0,0,100.0000,0,1,73.000,60,1,3167244288
817,4.773357497,13.174659,16.667263,3,2902.1750,-450.0000,85.7500,0.0000,0.0000,0.0000,297.9989,297.9989,4,47.7500,146.5684,1.000,0.000,0,0,0,100.0000,0,1,73.000,60,1,3167268864
818,4.789985348,16.627851,16.667472,3,2907.2581,-450.0000,85.7500,0.0000,0.0000,0.0000,304.9723,304.9723,4,47.7500,154.0574,1.000,0.000,0,0,0,100.0000,0,1,73.000,60,1,3167334400
819,4.810813648,20.828300,17.073701,3,2912.5865,-450.0000,85.7500,0.0000,0.0000,0.0000,312.0829,312.0829,4,47.7500,161.9085,1.000,0.000,0,0,0,100.0000,0,1,73.000,60,1,3167395840
820,4.824029878,13.216230,16.667373,3,2917.9033,-450.0000,85.7500,0.0000,0.0000,0.0000,318.9929,318.9929,4,47.7500,169.7514,1.000,0.000,0,0,0,100.0000,0,1,73.000,60,1,3167424512
821,4.841779993,17.750115,16.950148,3,2923.4288,-450.0000,85.7500,0.0000,0.0000,0.0000,325.9882,325.9882,4,47.7500,177.9039,1.000,0.000,0,0,0,100.0000,0,1,73.000,60,1,3167473664
822,4.857649649,15.869656,16.668263,3,2928.9766,-450.0000,85.7500,0.0000,0.0000,0.0000,332.8361,332.8361,4,47.7500,186.0967,1.000,0.000,0,0,0,100.0000,0,1,73.000,60,1,3167531008
823,4.874881593,17.231944,16.668312,3,2934.6380,-450.0000,85.7500,0.0000,0.0000,0.0000,339.6531,339.6531,4,47.7500,194.4616,1.000,0.000,0,0,0,100.0000,0,1,73.000,60,1,3167584256
824,4.891967854,17.086261,16.874947,3,2940.4856,-450.0000,85.7500,0.0000,0.0000,0.0000,346.5235,346.5235,4,47.7500,203.1037,1.000,0.000,0,0,0,100.0000,0,1,73.000,60,1,3167662080
825,4.907895701,15.927847,16.669053,3,2946.3744,-450.0000,85.7500,0.0000,0.0000,0.0000,353.2793,353.2793,4,47.7500,211.8130,1.000,0.000,0,0,0,100.0000,0,1,73.000,60,1,3167690752
826,4.924482892,16.587191,16.678502,3,2952.3788,-450.0000,85.7500,0.0000,0.0000,0.0000,360.0086,360.0086,4,47.7500,220.6971,1.000,0.000,0,0,0,100.0000,0,1,73.000,60,1,3167760384
827,4.945125219,20.642327,16.668363,3,2958.4912,-450.0000,85.7500,0.0000,0.0000,0.0000,366.7035,366.7035,4,47.7500,229.7449,1.000,0.000,0,0,0,100.0000,0,1,73.000,60,1,3167821824
828,4.960452523,15.327304,16.671513,3,2964.7158,-450.0000,85.7500,0.0000,0.0000,0.0000,373.3696,373.3696,4,47.7500,238.9627,1.000,0.000,0,0,0,100.0000,0,1,73.000,60,1,3167883264
829,4.977074055,16.621532,16.668341,3,2971.0499,-450.0000,85.7500,0.0000,0.0000,0.0000,380.0045,380.0045,4,47.7500,248.3464,1.000,0.000,0,0,0,100.0000,0,1,73.000,60,1,3167916032
830,4.994857790,17.783735,16.667463,3,2977.4937,-450.0000,85.7500,0.0000,0.0000,0.0000,386.6092,386.6092,4,47.7500,257.8962,1.000,0.000,0,0,0,100.0000,0,1,73.000,60,1,3168006144
831,5.012033063,17.175273,16.669403,3,2984.0478,-450.0000,85.7500,0.0000,0.0000,0.0000,393.1850,393.1850,4,47.7500,267.6132,1.000,0.000,0,0,0,100.0000,0,1,73.000,60,1,3168063488
832,5.028272877,16.239814,16.668252,3,2990.7106,-450.0000,85.7500,0.0000,0.0000,0.0000,399.7307,399.7307,4,47.7500,277.4948,1.000,0.000,0,0,0,100.0000,0,1,73.000,60,1,3168129024
833,5.043493879,15.221002,16.669323,3,2997.4825,-450.0000,85.7500,0.0000,0.0000,0.0000,406.2475,406.2475,4,47.7500,287.5415,1.000,0.000,0,0,0,100.0000,0,1,73.000,60,1,3168182272
834,5.061389428,17.895549,16.668433,3,3004.3622,-450.0000,85.7500,0.0000,0.0000,0.0000,412.7346,412.7346,4,47.7500,297.7514,1.000,0.000,0,0,0,100.0000,0,1,73.000,60,1,3168210944
835,5.077301254,15.911826,16.669152,3,3011.3497,-450.0000,85.7500,0.0000,0.0000,0.0000,419.1928,419.1928,4,47.7500,308.1249,1.000,0.000,0,0,0,100.0000,0,1,73.000,60,1,3168268288
836,5.093786502,16.485248,16.669022,3,3018.4444,-450.0000,85.7500,0.0000,0.0000,0.0000,425.6219,425.6219,4,47.7500,318.6606,1.000,0.000,0,0,0,100.0000,0,1,73.000,60,1,3168321536
837,5.109672928,15.886426,16.668903,3,3025.6458,-450.0000,85.7500,0.0000,0.0000,0.0000,432.0221,432.0221,4,47.7500,329.3578,1.000,0.000,0,0,0,100.0000,0,1,73.000,60,1,3168362496
838,5.128791863,19.118935,16.667532,3,3032.9527,-450.0000,85.7500,0.0000,0.0000,0.0000,438.3930,438.3930,4,47.7500,340.2149,1.000,0.000,0,0,0,100.0000,0,1,73.000,60,1,3168428032
839,5.140984000,12.192137,16.667573,3,3040.3654,-450.0000,85.7500,0.0000,0.0000,0.0000,444.7352,444.7352,4,47.7500,351.2322,1.000,0.000,0,0,0,100.0000,0,1,73.000,60,1,3168428032
840,5.160084804,19.100804,16.667553,3,3047.8832,-450.0000,85.7500,0.0000,0.0000,0.0000,451.0490,451.0490,4,47.7500,2.4089,1.000,0.000,0,0,0,100.0000,0,1,73.000,60,1,3168497664
841,5.177894871,17.810067,16.668571,3,3055.5064,-450.0000,85.7500,0.0000,0.0000,0.0000,457.3347,457.3347,4,47.7500,13.7449,1.000,0.000,0,0,0,100.0000,0,1,73.000,60,1,3168579584
842,5.193490301,15.595430,16.668213,3,3063.2336,-450.0000,85.7500,0.0000,0.0000,0.0000,463.5921,463.5921,4,47.7500,25.2387,1.000,0.000,0,0,0,100.0000,0,1,73.000,60,1,3168632832
843,5.209230044,15.739743,16.667423,3,3071.0643,-450.0000,85.7500,0.0000,0.0000,0.0000,469.8210,469.8210,4,47.7500,36.8891,1.000,0.000,0,0,0,100.0000,0,1,73.000,60,1,3168665600
844,5.227016910,17.786866,16.668512,3,3078.9989,-450.0000,85.7500,0.0000,0.0000,0.0000,476.0223,476.0223,4,47.7500,48.6969,1.000,0.000,0,0,0,100.0000,0,1,73.000,60,1,3168718848
845,5.244658523,17.641613,16.667403,3,3087.0358,-450.0000,85.7500,0.0000,0.0000,0.0000,482.1954,482.1954,4,47.7500,60.6598,1.000,0.000,0,0,0,100.0000,0,1,73.000,60,1,3168776192
846,5.259447706,14.789183,16.667903,3,3095.1755,-450.0000,85.7500,0.0000,0.0000,0.0000,488.3409,488.3409,4,47.7500,72.7781,1.000,0.000,0,0,0,100.0000,0,1,73.000,60,1,3168841728
847,5.276416865,16.969159,16.667201,3,3103.4167,-450.0000,85.7500,0.0000,0.0000,0.0000,494.4585,494.4585,4,47.7500,85.0504,1.000,0.000,0,0,0,100.0000,0,1,73.000,60,1,3168923648
848,5.294676191,18.259326,16.668163,3,3111.7599,-450.0000,85.7500,0.0000,0.0000,0.0000,500.5490,500.5490,4,47.7500,97.4771,1.000,0.000,0,0,0,100.0000,0,1,73.000,60,1,3168952320
849,5.307788628,13.112437,17.155633,3,3120.4542,-450.0000,85.7500,0.0000,0.0000,0.0000,506.7888,506.7888,4,47.7500,110.4248,1.000,0.000,0,0,0,100.0000,0,1,73.000,60,1,3169017856
850,5.324720156,16.931528,16.667963,3,3129.0019,-450.0000,85.7500,0.0000,0.0000,0.0000,512.8237,512.8237,4,47.7500,123.1612,1.000,0.000,0,0,0,100.0000,0,1,73.000,60,1,3169083392
851,5.344310491,19.590335,16.667481,3,3137.6496,-450.0000,85.7500,0.0000,0.0000,0.0000,518.8314,518.8314,4,47.7500,136.0490,1.000,0.000,0,0,0,100.0000,0,1,73.000,60,1,3169140736
852,5.361236409,16.925918,16.668093,3,3146.3972,-450.0000,85.7500,0.0000,0.0000,0.0000,524.8122,524.8122,4,47.7500,149.0882,1.000,0.000,0,0,0,100.0000,0,1,73.000,60,1,3169210368
853,5.377645995,16.409586,16.668593,3,3155.2443,-450.0000,85.7500,0.0000,0.0000,0.0000,530.7664,530.7664,4,47.7500,162.2781,1.000,0.000,0,0,0,100.0000,0,1,73.000,60,1,3169239040
854,5.394472172,16.826177,16.668962,3,3164.1904,-450.0000,85.7500,0.0000,0.0000,0.0000,536.6938,536.6938,4,47.7500,175.6179,1.000,0.000,0,0,0,100.0000,0,1,73.000,60,1,3169292288
855,5.412017162,17.544990,16.668363,3,3173.2346,-450.0000,85.7500,0.0000,0.0000,0.0000,542.5945,542.5945,4,47.7500,189.1063,1.000,0.000,0,0,0,100.0000,0,1,73.000,60,1,3169345536
856,5.428418419,16.401257,16.668143,3,3182.3765,-450.0000,85.7500,0.0000,0.0000,0.0000,548.4686,548.4686,4,47.7500,202.7427,1.000,0.000,0,0,0,100.0000,0,1,73.000,60,1,3169394688
857,5.446013671,17.595252,16.667681,3,3191.6157,-450.0000,85.7500,0.0000,0.0000,0.0000,554.3160,554.3160,4,47.7500,216.5264,1.000,0.000,0,0,0,100.0000,0,1,73.000,60,1,3169447936
858,5.461090000,15.076329,16.668983,3,3200.9526,-450.0000,85.7500,0.0000,0.0000,0.0000,560.1377,560.1377,4,47.7500,230.4582,1.000,0.000,0,0,0,100.0000,0,1,73.000,60,1,3169480704
859,5.476321423,15.231423,16.666963,3,3210.3850,-450.0000,85.7500,0.0000,0.0000,0.0000,565.9325,565.9325,4,47.7500,244.5345,1.000,0.000,0,0,0,100.0000,0,1,73.000,60,1,3169533952
860,5.494260882,17.939459,16.667582,3,3219.9139,-450.0000,85.7500,0.0000,0.0000,0.0000,571.7014,571.7014,4,47.7500,258.7570,1.000,0.000,0,0,0,100.0000,0,1,73.000,60,1,3169595392
861,5.507030641,12.769759,16.667063,3,3229.5382,-450.0000,85.7500,0.0000,0.0000,0.0000,577.4443,577.4443,4,47.7500,273.1241,1.000,0.000,0,0,0,100.0000,0,1,73.000,60,1,3169640448
862,5.523788816,16.758175,16.667203,3,3239.2579,-450.0000,85.7500,0.0000,0.0000,0.0000,583.1613,583.1613,4,47.7500,287.6356,1.000,0.000,0,0,0,100.0000,0,1,73.000,60,1,3169677312
863,5.543356060,19.567244,16.668191,3,3249.0730,-450.0000,85.7500,0.0000,0.0000,0.0000,588.8530,588.8530,4,47.7500,302.2916,1.000,0.000,0,0,0,100.0000,0,1,73.000,60,1,3169759232
864,5.561718668,18.362608,16.667873,3,3258.9823,-450.0000,85.7500,0.0000,0.0000,0.0000,594.5190,594.5190,4,47.7500,317.0904,1.000,0.000,0,0,0,100.0000,0,1,73.000,60,1,3170144256
865,5.582311854,20.593186,17.112252,3,3269.2550,-450.0000,85.7500,0.0000,0.0000,0.0000,600.3095,600.3095,4,47.7500,332.4299,1.000,0.000,0,0,0,100.0000,0,1,73.000,60,1,3171876864
866,5.594877029,12.565175,16.667293,3,3279.3541,-450.0000,85.7500,0.0000,0.0000,0.0000,605.9238,605.9238,4,47.7500,347.5161,1.000,0.000,0,0,0,100.0000,0,1,73.000,60,1,3171917824
867,5.608009907,13.132878,16.667052,3,3289.5462,-450.0000,85.7500,0.0000,0.0000,0.0000,611.5128,611.5128,4,47.7500,2.7432,1.000,0.000,0,0,0,100.0000,0,1,73.000,60,1,3171983360
868,5.624630169,16.620262,16.667332,4,3299.8312,-450.0000,85.7500,0.0000,0.0000,0.0000,617.0768,617.0768,4,47.7500,18.1109,1.000,0.000,0,0,0,100.0000,0,1,73.000,60,1,3172745216
869,5.641628698,16.998529,16.667123,4,3310.1008,-449.8445,85.7500,0.0856,-0.0000,-0.0000,616.1682,616.2256,4,47.7500,33.6183,1.000,1.000,0,0,0,100.0000,0,1,73.000,60,1,3173027840
870,5.659594698,17.966000,16.667432,4,3320.3568,-449.5297,85.7500,0.2527,-0.0000,-0.0000,615.4083,615.6207,4,47.7500,49.1032,1.000,1.000,0,0,0,100.0000,0,1,73.000,60,1,3173146624
871,5.678368915,18.774217,16.667373,4,3330.6005,-449.0518,85.7500,0.4974,-0.0000,-0.0000,614.8234,615.2663,4,47.7500,64.5689,1.000,1.000,0,0,0,100.0000,0,1,73.000,60,1,3173203968
872,5.689568982,11.200067,16.667073,4,3340.8332,-448.4066,85.7500,0.8158,-0.0000,-0.0000,614.4368,615.1669,4,47.7500,80.0196,1.000,1.000,0,0,0,100.0000,0,1,73.000,60,1,3173224448
873,5.710529905,20.960923,16.667211,4,3351.0564,-447.5902,85.7500,1.2038,-0.0000,-0.0000,614.2684,615.3274,4,47.7500,95.4607,1.000,1.000,0,0,0,100.0000,0,1,73.000,60,1,3173318656
874,5.727484064,16.954159,16.667693,4,3361.2716,-446.5985,85.7500,1.6576,-0.0000,-0.0000,614.3358,615.7525,4,47.7500,110.8981,1.000,1.000,0,0,0,100.0000,0,1,73.000,60,1,3173371904
875,5.739677772,12.193708,16.667513,4,3371.4793,-445.4275,85.7500,2.1736,-0.0000,-0.0000,614.6544,616.4469,4,47.7500,126.3369,1.000,1.000,0,0,0,100.0000,0,1,73.000,60,1,3173421056
876,5.759731226,20.053454,16.668222,4,3381.6810,-444.0733,85.7500,2.7481,-0.0000,-0.0000,615.2375,617.4151,4,47.7500,141.7845,1.000,1.000,0,0,0,100.0000,0,1,73.000,60,1,3173478400
877,5.776638953,16.907727,16.667413,4,3391.8766,-442.5321,85.7500,3.3773,-0.0000,-0.0000,616.0962,618.6606,4,47.7500,157.2459,1.000,1.000,0,0,0,100.0000,0,1,73.000,60,1,3173535744
878,5.794365909,17.726956,16.667233,4,3402.0673,-440.8001,85.7500,4.0578,-0.0000,0.0000,617.2396,620.1864,4,47.7500,172.7288,1.000,1.000,0,0,0,100.0000,0,1,73.000,60,1,3173646336
879,5.808158879,13.792970,16.668031,4,3412.2550,-438.8791,85.7500,4.7831,-0.0000,0.0000,618.6942,621.9837,4,47.7500,188.2411,1.000,1.000,0,0,0,100.0000,0,1,73.000,60,1,3173699584
880,5.827424508,19.265629,16.667843,4,3422.4400,-436.7708,85.7500,5.5472,-0.0000,0.0000,620.4202,624.0091,4,47.7500,203.7898,1.000,1.000,0,0,0,100.0000,0,1,73.000,60,1,3173801984
881,5.844692883,17.268375,16.667683,4,3432.6224,-434.4764,85.7500,6.3451,-0.0000,0.0000,622.3774,626.2236,4,47.7500,219.3818,1.000,1.000,0,0,0,100.0000,0,1,73.000,60,1,3173875712
882,5.861397936,16.705053,16.667502,4,3442.8018,-431.9966,85.7500,7.1722,-0.0000,0.0000,624.5294,628.5933,4,47.7500,235.0227,1.000,1.000,0,0,0,100.0000,0,1,73.000,60,1,3173933056
883,5.881402529,20.004593,16.669033,4,3452.9783,-429.3317,85.7500,8.0250,-0.0000,0.0000,626.8443,631.0896,4,47.7500,250.7192,1.000,1.000,0,0,0,100.0000,0,1,73.000,60,1,3174023168
884,5.898151753,16.749224,16.667452,4,3463.1486,-426.4823,85.7500,8.9001,-0.0000,0.0000,629.2931,633.6868,4,47.7500,266.4724,1.000,1.000,0,0,0,100.0000,0,1,73.000,60,1,3174088704
885,5.908212345,10.060592,16.669182,4,3473.3130,-423.4479,85.7500,9.7947,-0.0000,0.0000,631.8511,636.3638,4,47.7500,282.2887,1.000,1.000,0,0,0,100.0000,0,1,73.000,60,1,3174096896
886,5.926010472,17.798127,16.668673,5,3483.4679,-420.2286,85.7500,10.7065,-0.0000,0.0000,634.4960,639.1019,4,47.7500,298.1689,1.000,1.000,0,0,0,100.0000,0,1,73.000,60,1,3174170624
887,5.943298087,17.287615,16.669253,5,3493.6158,-417.1148,85.7500,11.4818,-0.0000,0.0000,633.7800,636.7937,4,47.7500,314.1161,1.000,-1.000,0,0,0,100.0000,0,1,73.000,60,1,3174240256
888,5.958048229,14.750142,16.667822,5,3503.7588,-414.1107,85.7500,12.1262,-0.0000,0.0000,632.8200,634.6667,4,47.7500,330.0439,1.000,-1.000,0,0,0,100.0000,0,1,73.000,60,1,3174301696
889,5.976148572,18.100343,16.668023,5,3513.9013,-411.2203,85.7500,12.6456,-0.0000,0.0000,631.7007,632.7252,4,47.7500,345.9478,1.000,-1.000,0,0,0,100.0000,0,1,73.000,60,1,3174367232
890,5.993394697,17.246125,16.667922,5,3524.0464,-408.4484,85.7500,13.0457,-0.0000,0.0000,630.4954,630.9758,4,47.7500,1.8235,1.000,-1.000,0,0,0,100.0000,0,1,73.000,60,1,3174424576
891,6.009138510,15.743813,16.668692,5,3534.1983,-405.7997,85.7500,13.3325,-0.0000,0.0000,629.2662,629.4258,4,47.7500,17.6696,1.000,-1.000,0,0,0,100.0000,0,1,73.000,60,1,3174465536
892,6.025861934,16.723424,16.668883,5,3544.3599,-403.2793,85.7500,13.5115,-0.0000,0.0000,628.0664,628.0831,4,47.7500,33.4849,1.000,-1.000,0,0,0,100.0000,0,1,73.000,60,1,3174518784
893,6.041779480,15.917546,16.667793,5,3554.5337,-400.8928,85.7500,13.5886,-0.0000,0.0000,626.9415,626.9557,4,47.7500,49.2691,1.000,-1.000,0,0,0,100.0000,0,1,73.000,60,1,3174576128
894,6.060910015,19.130535,16.667292,5,3564.7233,-398.6451,85.7500,13.5691,-0.0000,0.0000,625.9297,626.0514,4,47.7500,65.0246,1.000,-1.000,0,0,0,100.0000,0,1,73.000,60,1,3174629376
895,6.079822385,18.912370,16.668183,5,3574.9327,-396.5412,85.7500,13.4586,-0.0000,0.0000,625.0638,625.3775,4,47.7500,80.7555,1.000,-1.000,0,0,0,100.0000,0,1,73.000,60,1,3174703104
896,6.095592219,15.769834,16.667522,5,3585.1639,-394.5867,85.7500,13.2621,-0.0000,0.0000,624.3715,624.9412,4,47.7500,96.4640,1.000,-1.000,0,0,0,100.0000,0,1,73.000,60,1,3174735872
897,6.111803191,16.210972,16.668832,5,3595.4209,-392.7862,85.7500,12.9848,-0.0000,0.0000,623.8765,624.7492,4,47.7500,112.1563,1.000,-1.000,0,0,0,100.0000,0,1,73.000,60,1,3174813696
898,6.128834811,17.031620,16.668293,5,3605.7052,-391.1450,85.7500,12.6314,-0.0000,0.0000,623.5989,624.8078,4,47.7500,127.8357,1.000,-1.000,0,0,0,100.0000,0,1,73.000,60,1,3174866944
899,6.145072955,16.238144,16.667553,5,3616.0193,-389.6680,85.7500,12.2068,-0.0000,0.0000,623.5561,625.1228,4,47.7500,143.5074,1.000,-1.000,0,0,0,100.0000,0,1,73.000,60,1,3174924288
900,6.162290309,17.217354,16.667642,5,3626.3658,-388.3598,85.7500,11.7153,-0.0000,0.0000,623.7625,625.6992,4,47.7500,159.1781,1.000,-1.000,0,0,0,100.0000,0,1,73.000,60,1,3174952960
901,6.178326628,16.036319,16.667293,5,3636.7468,-387.2251,85.7500,11.1614,-0.0000,0.0000,624.2305,626.5418,4,47.7500,174.8537,1.000,-1.000,0,0,0,100.0000,0,1,73.000,60,1,3175006208
902,6.195115483,16.788855,16.667142,5,3647.1641,-386.2681,85.7500,10.5491,-0.0000,0.0000,624.9703,627.6542,4,47.7500,190.5408,1.000,-1.000,0,0,0,100.0000,0,1,73.000,60,1,3175059456
903,6.213119564,18.004081,16.668172,5,3657.6203,-385.4931,85.7500,9.8826,-0.0000,0.0000,625.9900,629.0389,4,47.7500,206.2476,1.000,-1.000,0,0,0,100.0000,0,1,73.000,60,1,3175116800
904,6.228547050,15.427486,16.667863,6,3668.1160,-384.9013,85.7500,9.1672,-0.0000,0.0000,627.3077,630.6941,4,47.7500,221.9797,1.000,-1.000,0,0,0,100.0000,0,1,73.000,60,1,3175170048
905,6.245533870,16.986820,16.668623,6,3678.6749,-384.1757,85.7500,8.5753,-0.0000,0.0000,632.8688,634.9536,4,47.7500,237.7456,1.000,0.000,0,0,0,100.0000,0,1,73.000,60,1,3175206912
906,6.261840174,16.306304,16.668412,6,3689.3065,-383.3217,85.7500,8.0971,-0.0000,0.0000,638.6858,639.8825,4,47.7500,253.6511,1.000,0.000,0,0,0,100.0000,0,1,73.000,60,1,3175292928
907,6.279045858,17.205684,16.668383,6,3700.0154,-382.3675,85.7500,7.7108,-0.0000,0.0000,644.3413,645.0150,4,47.7500,269.7028,1.000,0.000,0,0,0,100.0000,0,1,73.000,60,1,3175366656
908,6.296005267,16.959409,16.667372,6,3710.8042,-381.3352,85.7500,7.3987,-0.0000,0.0000,649.8868,650.2570,4,47.7500,285.8956,1.000,0.000,0,0,0,100.0000,0,1,73.000,60,1,3175419904
909,6.310573385,14.568118,16.667182,6,3721.6756,-380.2423,85.7500,7.1467,-0.0000,0.0000,655.3554,655.5527,4,47.7500,302.2275,1.000,0.000,0,0,0,100.0000,0,1,73.000,60,1,3175493632
910,6.325454589,14.881204,16.668863,6,3732.6324,-379.1021,85.7500,6.9430,-0.0000,0.0000,660.7680,660.8690,4,47.7500,318.6986,1.000,0.000,0,0,0,100.0000,0,1,73.000,60,1,3175518208
911,6.343183084,17.728495,16.668573,6,3743.6742,-377.9252,85.7500,6.7785,-0.0000,0.0000,666.1369,666.1858,4,47.7500,335.3054,1.000,0.000,0,0,0,100.0000,0,1,73.000,60,1,3175612416
912,6.362167596,18.984512,16.668732,6,3754.8020,-376.7197,85.7500,6.6456,-0.0000,0.0000,671.4702,671.4921,4,47.7500,352.0473,1.000,0.000,0,0,0,100.0000,0,1,73.000,60,1,3175682048
913,6.378098723,15.931127,16.667073,6,3766.0150,-375.4920,85.7500,6.5382,-0.0000,0.0000,676.7722,676.7808,4,47.7500,8.9216,1.000,0.000,0,0,0,100.0000,0,1,73.000,60,1,3175747584
914,6.395348277,17.249554,16.667323,6,3777.3145,-374.2465,85.7500,6.4515,-0.0000,0.0000,682.0464,682.0492,4,47.7500,25.9294,1.000,0.000,0,0,0,100.0000,0,1,73.000,60,1,3175780352
915,6.411870327,16.522050,16.667391,6,3788.7004,-372.9869,85.7500,6.3814,-0.0000,0.0000,687.2949,687.2954,4,47.7500,43.0698,1.000,0.000,0,0,0,100.0000,0,1,73.000,60,1,3175845888
916,6.428401396,16.531069,16.668933,6,3800.1738,-371.7157,85.7500,6.3248,-0.0000,0.0000,692.5190,692.5191,4,47.7500,60.3436,1.000,0.000,0,0,0,100.0000,0,1,73.000,60,1,3175878656
917,6.444958167,16.556771,16.668343,6,3811.7329,-370.4349,85.7500,6.2791,-0.0000,0.0000,697.7190,697.7192,4,47.7500,77.7482,1.000,0.000,0,0,0,100.0000,0,1,73.000,60,1,3175940096
918,6.461738862,16.780695,16.667692,6,3823.3774,-369.1459,85.7500,6.2422,-0.0000,0.0000,702.8951,702.8957,4,47.7500,95.2828,1.000,0.000,0,0,0,100.0000,0,1,73.000,60,1,3176013824
919,6.478130268,16.391406,16.667673,6,3835.1075,-367.8497,85.7500,6.2123,-0.0000,0.0000,708.0479,708.0489,4,47.7500,112.9474,1.000,0.000,0,0,0,100.0000,0,1,73.000,60,1,3176091648
920,6.495008285,16.878017,16.667233,6,3846.9226,-366.5468,85.7500,6.1882,-0.0000,0.0000,713.1775,713.1787,4,47.7500,130.7411,1.000,0.000,0,0,0,100.0000,0,1,73.000,60,1,3176148992
921,6.511683548,16.675263,16.668451,6,3858.8235,-365.2375,85.7500,6.1688,-0.0000,0.0000,718.2844,718.2857,4,47.7500,148.6649,1.000,0.000,0,0,0,100.0000,0,1,73.000,60,1,3176222720
922,6.528574325,16.890777,16.667353,6,3870.8082,-363.9223,85.7500,6.1530,-0.0000,0.0000,723.3680,723.3694,4,47.7500,166.7160,1.000,0.000,0,0,0,100.0000,0,1,73.000,60,1,3176280064
923,6.545515533,16.941208,16.668603,6,3882.8780,-362.6011,85.7500,6.1403,-0.0000,0.0000,728.4293,728.4306,4,47.7500,184.8961,1.000,0.000,0,0,0,100.0000,0,1,73.000,60,1,3176333312
924,6.563178967,17.663434,16.668492,6,3895.0316,-361.2740,85.7500,6.1301,-0.0000,0.0000,733.4679,733.4690,4,47.7500,203.2034,1.000,0.000,0,0,0,100.0000,0,1,73.000,60,1,3176374272
925,6.579968622,16.789655,16.667333,6,3907.2678,-359.9409,85.7500,6.1218,-0.0000,0.0000,738.4835,738.4845,4,47.7500,221.6359,1.000,0.000,0,0,0,100.0000,0,1,73.000,60,1,3176427520
926,6.596814139,16.845517,16.668493,6,3919.5879,-358.6016,85.7500,6.1151,-0.0000,0.0000,743.4769,743.4778,4,47.7500,240.1959,1.000,0.000,0,0,0,100.0000,0,1,73.000,60,1,3176484864
927,6.615302509,18.488370,16.668061,6,3931.9903,-357.2562,85.7500,6.1096,-0.0000,0.0000,748.4478,748.4486,4,47.7500,258.8808,1.000,0.000,0,0,0,100.0000,0,1,73.000,60,1,3176558592
928,6.629260794,13.958285,16.667913,6,3944.4749,-355.9044,85.7500,6.1053,-0.0000,0.0000,753.3964,753.3970,4,47.7500,277.6905,1.000,0.000,0,0,0,100.0000,0,1,73.000,60,1,3176677376
929,6.643283831,14.023037,16.668743,6,3957.0419,-354.5459,85.7500,6.1017,-0.0000,0.0000,758.3229,758.3234,4,47.7500,296.6255,1.000,0.000,0,0,0,100.0000,0,1,73.000,60,1,3176718336
930,6.659704369,16.420538,16.668052,6,3969.6900,-353.1809,85.7500,6.0989,-0.0000,0.0000,763.2271,763.2275,4,47.7500,315.6835,1.000,0.000,0,0,0,100.0000,0,1,73.000,60,1,3176796160
931,6.676565234,16.860865,16.667143,6,3982.4185,-351.8091,85.7500,6.0966,-0.0000,0.0000,768.1089,768.1093,4,47.7500,334.8638,1.000,0.000,0,0,0,100.0000,0,1,73.000,60,1,3176849408
932,6.691366758,14.801524,16.667323,6,3995.2278,-350.4303,85.7500,6.0947,-0.0000,0.0000,772.9689,772.9692,4,47.7500,354.1669,1.000,0.000,0,0,0,100.0000,0,1,73.000,60,1,3176878080
933,6.709116643,17.749885,16.667641,6,4008.1178,-349.0445,85.7500,6.0932,-0.0000,0.0000,777.8073,777.8075,4,47.7500,13.5925,1.000,0.000,0,0,0,100.0000,0,1,73.000,60,1,3176992768
934,6.724807325,15.690682,16.668023,6,4021.0880,-347.6513,85.7500,6.0920,-0.0000,0.0000,782.6239,782.6241,4,47.7500,33.1402,1.000,0.000,0,0,0,100.0000,0,1,73.000,60,1,3177066496
935,6.742425457,17.618132,16.668502,6,4034.1381,-346.2509,85.7500,6.0910,-0.0000,0.0000,787.4190,787.4192,4,47.7500,52.8095,1.000,0.000,0,0,0,100.0000,0,1,73.000,60,1,3177127936
936,6.762417440,19.991983,16.667243,6,4047.2665,-344.8432,85.7500,6.0902,-0.0000,0.0000,792.1922,792.1923,4,47.7500,72.5978,1.000,0.000,0,0,0,100.0000,0,1,73.000,60,1,3177193472
937,6.778569241,16.151801,16.667223,6,4060.4738,-343.4280,85.7500,6.0896,-0.0000,0.0000,796.9440,796.9440,4,47.7500,92.5060,1.000,0.000,0,0,0,100.0000,0,1,73.000,60,1,3177250816
938,6.796571642,18.002401,16.667401,6,4073.7596,-342.0052,85.7500,6.0891,-0.0000,0.0000,801.6744,801.6745,4,47.7500,112.5339,1.000,0.000,0,0,0,100.0000,0,1,73.000,60,1,3177283584
939,6.811983639,15.411997,16.668173,6,4087.1243,-340.5748,85.7500,6.0887,-0.0000,0.0000,806.3838,806.3838,4,47.7500,132.6816,1.000,0.000,0,0,0,100.0000,0,1,73.000,60,1,3177340928
940,6.829303465,17.319826,16.668463,6,4100.5669,-339.1367,85.7500,6.0883,-0.0000,0.0000,811.0721,811.0721,4,47.7500,152.9480,1.000,0.000,0,0,0,100.0000,0,1,73.000,60,1,3177394176
941,6.845647020,16.343555,16.668352,6,4114.0868,-337.6910,85.7500,6.0880,-0.0000,0.0000,815.7393,815.7394,4,47.7500,173.3320,1.000,0.000,0,0,0,100.0000,0,1,73.000,60,1,3177451520
942,6.859095825,13.448805,16.667903,6,4127.6835,-336.2376,85.7500,6.0878,-0.0000,0.0000,820.3854,820.3855,4,47.7500,193.8329,1.000,0.000,0,0,0,100.0000,0,1,73.000,60,1,3177451520
943,6.879115528,20.019703,16.667423,6,4141.3564,-334.7765,85.7500,6.0876,-0.0000,0.0000,825.0105,825.0105,4,47.7500,214.4499,1.000,0.000,0,0,0,100.0000,0,1,73.000,60,1,3177512960
944,6.892995972,13.880444,16.668441,6,4155.1066,-333.3075,85.7500,6.0875,-0.0000,0.0000,829.6151,829.6151,4,47.7500,235.1844,1.000,0.000,0,0,0,100.0000,0,1,73.000,60,1,3177570304
945,6.912845922,19.849950,16.667293,6,4168.9318,-331.8309,85.7500,6.0874,-0.0000,0.0000,834.1986,834.1986,4,47.7500,256.0331,1.000,0.000,0,0,0,100.0000,0,1,73.000,60,1,3177619456
946,6.928488132,15.642210,16.668493,6,4182.8336,-330.3464,85.7500,6.0874,-0.0000,0.0000,838.7619,838.7619,4,47.7500,276.9986,1.000,0.000,0,0,0,100.0000,0,1,73.000,60,1,3177680896
947,6.945494792,17.006660,16.669102,6,4196.8113,-328.8541,85.7500,6.0872,-0.0000,0.0000,843.3047,843.3048,4,47.7500,298.0796,1.000,0.000,0,0,0,100.0000,0,1,73.000,60,1,3177713664
948,6.961892269,16.397477,16.668223,6,4210.8633,-327.3540,85.7500,6.0872,-0.0000,0.0000,847.8270,847.8270,4,47.7500,319.2736,1.000,0.000,0,0,0,100.0000,0,1,73.000,60,1,3177775104
949,6.978112172,16.219903,16.668683,6,4224.9902,-325.8462,85.7500,6.0871,-0.0000,0.0000,852.3291,852.3291,4,47.7500,340.5818,1.000,0.000,0,0,0,100.0000,0,1,73.000,60,1,3177832448
950,6.995182033,17.069861,16.667411,6,4239.1904,-324.3308,85.7500,6.0871,-0.0000,0.0000,856.8105,856.8106,4,47.7500,2.0015,1.000,0.000,0,0,0,100.0000,0,1,73.000,60,1,3177885696
951,7.011161541,15.979508,16.668133,6,4253.4652,-322.8075,85.7500,6.0871,-0.0000,0.0000,861.2721,861.2721,4,47.7500,23.5348,1.000,0.000,0,0,0,100.0000,0,1,73.000,60,1,3177938944
952,7.028302103,17.140562,16.668793,6,4267.8141,-321.2765,85.7500,6.0871,-0.0000,0.0000,865.7137,865.7137,4,47.7500,45.1811,1.000,0.000,0,0,0,100.0000,0,1,73.000,60,1,3177971712
953,7.045292603,16.990500,16.668142,6,4282.2358,-319.7378,85.7500,6.0870,-0.0000,0.0000,870.1352,870.1352,4,47.7500,66.9382,1.000,0.000,0,0,0,100.0000,0,1,73.000,60,1,3178024960
954,7.063133450,17.840847,16.667743,6,4296.7301,-318.1915,85.7500,6.0870,-0.0000,0.0000,874.5367,874.5368,4,47.7500,88.8059,1.000,0.000,0,0,0,100.0000,0,1,73.000,60,1,3178086400
955,7.078666338,15.532888,16.668103,6,4311.2974,-316.6375,85.7500,6.0870,-0.0000,0.0000,878.9186,878.9186,4,47.7500,110.7846,1.000,0.000,0,0,0,100.0000,0,1,73.000,60,1,3178172416
956,7.096686149,18.019811,16.667332,6,4325.9362,-315.0759,85.7500,6.0870,-0.0000,0.0000,883.2805,883.2805,4,47.7500,132.8725,1.000,0.000,0,0,0,100.0000,0,1,73.000,60,1,3178225664
957,7.112652357,15.966208,16.668222,6,4340.6479,-313.5067,85.7500,6.0870,-0.0000,0.0000,887.6230,887.6231,4,47.7500,155.0712,1.000,0.000,0,0,0,100.0000,0,1,73.000,60,1,3178254336
958,7.127555922,14.903565,16.667963,6,4355.4309,-311.9299,85.7500,6.0870,-0.0000,0.0000,891.9460,891.9460,4,47.7500,177.3786,1.000,0.000,0,0,0,100.0000,0,1,73.000,60,1,3178307584
959,7.146060164,18.504242,16.668152,6,4370.2855,-310.3455,85.7500,6.0870,-0.0000,0.0000,896.2496,896.2496,4,47.7500,199.7950,1.000,0.000,0,0,0,100.0000,0,1,73.000,60,1,3178389504
960,7.158684620,12.624456,16.667033,6,4385.2101,-308.7536,85.7500,6.0870,-0.0000,0.0000,900.5336,900.5336,4,47.7500,222.3180,1.000,0.000,0,0,0,100.0000,0,1,73.000,60,1,3178446848
961,7.175045427,16.360807,16.667003,6,4400.2053,-307.1543,85.7500,6.0870,-0.0000,0.0000,904.7983,904.7983,4,47.7500,244.9486,1.000,0.000,0,0,0,100.0000,0,1,73.000,60,1,3178479616
962,7.192244551,17.199124,16.667902,6,4415.2717,-305.5474,85.7500,6.0870,-0.0000,0.0000,909.0440,909.0440,4,47.7500,267.6876,1.000,0.000,0,0,0,100.0000,0,1,73.000,60,1,3178541056
963,7.208379872,16.135321,16.667092,6,4430.4074,-303.9332,85.7500,6.0870,-0.0000,0.0000,913.2705,913.2705,4,47.7500,290.5322,1.000,0.000,0,0,0,100.0000,0,1,73.000,60,1,3178598400
964,7.225050115,16.670243,16.667223,6,4445.6130,-302.3115,85.7500,6.0870,-0.0000,0.0000,917.4780,917.4780,4,47.7500,313.4832,1.000,0.000,0,0,0,100.0000,0,1,73.000,60,1,3178651648
965,7.241878420,16.828305,16.667152,6,4460.8880,-300.6825,85.7500,6.0870,-0.0000,0.0000,921.6666,921.6666,4,47.7500,336.5399,1.000,0.000,0,0,0,100.0000,0,1,73.000,60,1,3178688512
966,7.260331270,18.452850,16.667483,6,4476.2323,-299.0461,85.7500,6.0870,-0.0000,0.0000,925.8364,925.8364,4,47.7500,359.7022,1.000,0.000,0,0,0,100.0000,0,1,73.000,60,1,3178745856
967,7.275578603,15.247333,16.667543,6,4491.6455,-297.4023,85.7500,6.0870,-0.0000,0.0000,929.9874,929.9874,4,47.7500,22.9695,1.000,0.000,0,0,0,100.0000,0,1,73.000,60,1,3178807296
968,7.293009422,17.430819,16.667352,6,4507.1270,-295.7513,85.7500,6.0870,-0.0000,0.0000,934.1198,934.1198,4,47.7500,46.3407,1.000,0.000,0,0,0,100.0000,0,1,73.000,60,1,3178868736
969,7.310045712,17.036290,16.667012,6,4522.6764,-294.0930,85.7500,6.0870,-0.0000,0.0000,938.2335,938.2335,4,47.7500,69.8154,1.000,0.000,0,0,0,100.0000,0,1,73.000,60,1,3145375744
970,7.325514049,15.468337,16.667143,6,4538.2938,-292.4276,85.7500,6.0870,-0.0000,0.0000,942.3287,942.3288,4,47.7500,93.3936,1.000,0.000,0,0,0,100.0000,0,1,73.000,60,1,3145408512
971,7.341020347,15.506298,16.667172,6,4553.9787,-290.7549,85.7500,6.0870,-0.0000,0.0000,946.4056,946.4056,4,47.7500,117.0748,1.000,0.000,0,0,0,100.0000,0,1,73.000,60,1,3145486336
972,7.360266344,19.245997,16.667023,6,4569.7308,-289.0750,85.7500,6.0870,-0.0000,0.0000,950.4641,950.4641,4,47.7500,140.8582,1.000,0.000,0,0,0,100.0000,0,1,73.000,60,1,3145539584
973,7.375095448,14.829104,16.667063,6,4585.5499,-287.3880,85.7500,6.0870,-0.0000,0.0000,954.5044,954.5044,4,47.7500,164.7437,1.000,0.000,0,0,0,100.0000,0,1,73.000,60,1,3145625600
974,7.393333483,18.238035,16.680882,6,4601.4489,-285.6926,85.7500,6.0870,-0.0000,0.0000,958.5298,958.5298,4,47.7500,188.7506,1.000,0.000,0,0,0,100.0000,0,1,73.000,60,1,3145695232
975,7.408242329,14.908846,16.667573,6,4617.4015,-283.9913,85.7500,6.0870,-0.0000,0.0000,962.5339,962.5339,4,47.7500,212.8395,1.000,0.000,0,0,0,100.0000,0,1,73.000,60,1,3145732096
976,7.426625267,18.382938,16.667402,6,4633.4201,-282.2831,85.7500,6.0870,-0.0000,0.0000,966.5200,966.5200,4,47.7500,237.0288,1.000,0.000,0,0,0,100.0000,0,1,73.000,60,1,3145793536
977,7.443966655,17.341388,16.667422,6,4649.5044,-280.5679,85.7500,6.0870,-0.0000,0.0000,970.4881,970.4881,4,47.7500,261.3183,1.000,0.000,0,0,0,100.0000,0,1,73.000,60,1,3149766656
978,7.460931322,16.964667,16.667123,6,4665.6539,-278.8457,85.7500,6.0870,-0.0000,0.0000,974.4384,974.4384,4,47.7500,285.7070,1.000,0.000,0,0,0,100.0000,0,1,73.000,60,1,3149795328
979,7.476839409,15.908087,16.667023,6,4681.8685,-277.1165,85.7500,6.0870,-0.0000,0.0000,978.3709,978.3709,4,47.7500,310.1949,1.000,0.000,0,0,0,100.0000,0,1,73.000,60,1,3149840384
980,7.491002749,14.163340,16.667182,6,4698.1482,-275.3805,85.7500,6.0870,-0.0000,0.0000,982.2857,982.2857,4,47.7500,334.7819,1.000,0.000,0,0,0,100.0000,0,1,73.000,60,1,3149873152
981,7.510621044,19.618295,16.666993,6,4714.4922,-273.6375,85.7500,6.0870,-0.0000,0.0000,986.1829,986.1829,4,47.7500,359.4669,1.000,0.000,0,0,0,100.0000,0,1,73.000,60,1,3149901824
982,7.526833986,16.212942,17.549610,6,4731.7730,-271.7947,85.7500,6.0870,-0.0000,0.0000,990.2672,990.2672,4,47.7500,25.5623,1.000,0.000,0,0,0,100.0000,0,1,73.000,60,1,3149942784
983,7.543007699,16.173713,16.667133,6,4748.2489,-270.0377,85.7500,6.0870,-0.0000,0.0000,994.1285,994.1285,4,47.7500,50.4482,1.000,0.000,0,0,0,100.0000,0,1,73.000,60,1,3149971456
984,7.561126472,18.118773,16.667563,6,4764.7889,-268.2739,85.7500,6.0870,-0.0000,0.0000,997.9727,997.9726,4,47.7500,75.4317,1.000,0.000,0,0,0,100.0000,0,1,73.000,60,1,3150008320
985,7.577130011,16.003539,16.667902,6,4781.3926,-266.5033,85.7500,6.0870,-0.0000,0.0000,1001.7995,1001.7995,4,47.7500,100.5123,1.000,0.000,0,0,0,100.0000,0,1,73.000,60,1,3150012416
986,7.594745163,17.615152,16.667013,6,4798.0586,-264.7260,85.7500,6.0870,-0.0000,0.0000,1005.6090,1005.6090,4,47.7500,125.6878,1.000,0.000,0,0,0,100.0000,0,1,73.000,60,1,3150036992
987,7.611885535,17.140372,16.667772,6,4814.7882,-262.9420,85.7500,6.0870,-0.0000,0.0000,1009.4016,1009.4016,4,47.7500,150.9601,1.000,0.000,0,0,0,100.0000,0,1,73.000,60,1,3150061568
988,7.627853133,15.967598,16.667222,6,4831.5799,-261.1513,85.7500,6.0870,-0.0000,0.0000,1013.1769,1013.1769,4,47.7500,176.3270,1.000,0.000,0,0,0,100.0000,0,1,73.000,60,1,3150094336
989,7.642638706,14.785573,16.667793,6,4848.4344,-259.3540,85.7500,6.0870,-0.0000,0.0000,1016.9355,1016.9355,4,47.7500,201.7896,1.000,0.000,0,0,0,100.0000,0,1,73.000,60,1,3150094336
990,7.660713768,18.075062,16.667953,6,4865.3511,-257.5500,85.7500,6.0870,-0.0000,0.0000,1020.6771,1020.6771,4,47.7500,227.3468,1.000,0.000,0,0,0,100.0000,0,1,73.000,60,1,3150123008
991,7.678219589,17.505821,16.667162,6,4882.3287,-255.7395,85.7500,6.0870,-0.0000,0.0000,1024.4019,1024.4018,4,47.7500,252.9969,1.000,0.000,0,0,0,100.0000,0,1,73.000,60,1,3150168064
992,7.694611615,16.392026,16.667413,6,4899.3680,-253.9224,85.7500,6.0870,-0.0000,0.0000,1028.1097,1028.1098,4,47.7500,278.7410,1.000,0.000,0,0,0,100.0000,0,1,73.000,60,1,3150213120
993,7.707839294,13.227679,16.667682,6,4916.4688,-252.0988,85.7500,6.0870,-0.0000,0.0000,1031.8011,1031.8011,4,47.7500,304.5787,1.000,0.000,0,0,0,100.0000,0,1,73.000,60,1,3150245888
994,7.728315418,20.476124,16.667792,6,4933.6306,-250.2687,85.7500,6.0870,-0.0000,0.0000,1035.4760,1035.4759,4,47.7500,330.5094,1.000,0.000,0,0,0,100.0000,0,1,73.000,60,1,3150270464
995,7.741299812,12.984394,16.667453,6,4950.8526,-248.4321,85.7500,6.0870,-0.0000,0.0000,1039.1342,1039.1341,4,47.7500,356.5318,1.000,0.000,0,0,0,100.0000,0,1,73.000,60,1,3150270464
996,7.763086484,21.786672,16.667273,6,4968.1349,-246.5892,85.7500,6.0870,-0.0000,0.0000,1042.7759,1042.7758,4,47.7500,22.6459,1.000,0.000,0,0,0,100.0000,0,1,73.000,60,1,3150311424
997,7.782688367,19.601883,16.668202,6,4985.4782,-244.7397,85.7500,6.0870,-0.0000,0.0000,1046.4014,1046.4014,4,47.7500,48.8530,1.000,0.000,0,0,0,100.0000,0,1,73.000,60,1,3150340096
998,7.791686008,8.997641,16.667123,6,5002.8802,-242.8839,85.7500,6.0870,-0.0000,0.0000,1050.0104,1050.0104,4,47.7500,75.1495,1.000,0.000,0,0,0,100.0000,0,1,73.000,60,1,3150389248
999,7.811017736,19.331728,16.667332,6,5020.3419,-241.0218,85.7500,6.0870,-0.0000,0.0000,1053.6033,1053.6032,4,47.7500,101.5370,1.000,0.000,0,0,0,100.0000,0,1,73.000,60,1,3150389248
1000,7.829895406,18.877670,16.667502,6,5037.8631,-239.1534,85.7500,6.0870,-0.0000,0.0000,1057.1799,1057.1799,4,47.7500,128.0151,1.000,0.000,0,0,0,100.0000,0,1,73.000,60,1,3150413824
1001,7.841458501,11.563095,16.667233,6,5055.4430,-237.2787,85.7500,6.0870,-0.0000,0.0000,1060.7405,1060.7405,4,47.7500,154.5827,1.000,0.000,0,0,0,100.0000,0,1,73.000,60,1,3150438400
1002,7.858390259,16.931758,16.667273,6,5073.0818,-235.3977,85.7500,6.0870,-0.0000,0.0000,1064.2852,1064.2852,4,47.7500,181.2398,1.000,0.000,0,0,0,100.0000,0,1,73.000,60,1,3150475264
1003,7.877813879,19.423620,16.668282,6,5090.7800,-233.5103,85.7500,6.0870,-0.0000,0.0000,1067.8141,1067.8141,4,47.7500,207.9876,1.000,0.000,0,0,0,100.0000,0,1,73.000,60,1,3150499840
1004,7.896074475,18.260596,16.668263,6,5108.5365,-231.6168,85.7500,6.0870,-0.0000,0.0000,1071.3270,1071.3271,4,47.7500,234.8240,1.000,0.000,0,0,0,100.0000,0,1,73.000,60,1,3150499840
1005,7.913250469,17.175994,16.669183,6,5126.3520,-229.7170,85.7500,6.0870,-0.0000,0.0000,1074.8245,1074.8245,4,47.7500,261.7502,1.000,0.000,0,0,0,100.0000,0,1,73.000,60,1,3150528512
1006,7.924085877,10.835408,16.667081,6,5144.2228,-227.8112,85.7500,6.0870,-0.0000,0.0000,1078.3058,1078.3057,4,47.7500,288.7609,1.000,0.000,0,0,0,100.0000,0,1,73.000,60,1,3150553088
1007,7.942641850,18.555973,16.667143,6,5162.1512,-225.8994,85.7500,6.0870,-0.0000,0.0000,1081.7714,1081.7713,4,47.7500,315.8592,1.000,0.000,0,0,0,100.0000,0,1,73.000,60,1,3150577664
1008,7.962526591,19.884741,16.668213,6,5180.1380,-223.9813,85.7500,6.0870,-0.0000,0.0000,1085.2216,1085.2216,4,47.7500,343.0464,1.000,0.000,0,0,0,100.0000,0,1,73.000,60,1,3150602240
1009,7.979516580,16.989989,16.667792,6,5198.1811,-222.0571,85.7500,6.0870,-0.0000,0.0000,1088.6562,1088.6562,4,47.7500,10.3195,1.000,0.000,0,0,0,100.0000,0,1,73.000,60,1,3150606336
1010,7.996688823,17.172243,16.667673,6,5216.2809,-220.1270,85.7500,6.0870,-0.0000,0.0000,1092.0754,1092.0754,4,47.7500,37.6788,1.000,0.000,0,0,0,100.0000,0,1,73.000,60,1,3150630912
1011,8.008759589,12.070766,16.667873,6,5234.4372,-218.1908,85.7500,6.0870,-0.0000,0.0000,1095.4792,1095.4792,4,47.7500,65.1244,1.000,0.000,0,0,0,100.0000,0,1,73.000,60,1,3150680064
1012,8.026645857,17.886268,16.668371,6,5252.6503,-216.2486,85.7500,6.0870,-0.0000,0.0000,1098.8678,1098.8678,4,47.7500,92.6563,1.000,0.000,0,0,0,100.0000,0,1,73.000,60,1,3150704640
1013,8.045598498,18.952641,16.668193,6,5270.9191,-214.3004,85.7500,6.0870,-0.0000,0.0000,1102.2412,1102.2412,4,47.7500,120.2730,1.000,0.000,0,0,0,100.0000,0,1,73.000,60,1,3150729216
1014,8.063599599,18.001101,16.667343,6,5289.2426,-212.3464,85.7500,6.0870,-0.0000,0.0000,1105.5992,1105.5993,4,47.7500,147.9732,1.000,0.000,0,0,0,100.0000,0,1,73.000,60,1,3150729216
1015,8.075527431,11.927832,16.669102,6,5307.6235,-210.3863,85.7500,6.0870,-0.0000,0.0000,1108.9426,1108.9426,4,47.7500,175.7607,1.000,0.000,0,0,0,100.0000,0,1,73.000,60,1,3150753792
1016,8.092317476,16.790045,16.668053,6,5326.0583,-208.4204,85.7500,6.0870,-0.0000,0.0000,1112.2706,1112.2707,4,47.7500,203.6304,1.000,0.000,0,0,0,100.0000,0,1,73.000,60,1,3150778368
1017,8.114886263,22.568787,16.667533,6,5344.5475,-206.4487,85.7500,6.0870,-0.0000,0.0000,1115.5836,1115.5837,4,47.7500,231.5829,1.000,0.000,0,0,0,100.0000,0,1,73.000,60,1,3150823424
1018,8.125974237,11.087974,16.667371,6,5363.0912,-204.4712,85.7500,6.0870,-0.0000,0.0000,1118.8818,1118.8818,4,47.7500,259.6184,1.000,0.000,0,0,0,100.0000,0,1,73.000,60,1,3150831616
1019,8.142801294,16.827057,16.668163,6,5381.6902,-202.4878,85.7500,6.0870,-0.0000,0.0000,1122.1652,1122.1652,4,47.7500,287.7381,1.000,0.000,0,0,0,100.0000,0,1,73.000,60,1,3150860288
1020,8.160954257,18.152963,16.667583,6,5400.3427,-200.4988,85.7500,6.0870,-0.0000,0.0000,1125.4337,1125.4338,4,47.7500,315.9394,1.000,0.000,0,0,0,100.0000,0,1,73.000,60,1,3150884864
1021,8.181558463,20.604206,16.668502,6,5400.3427,-200.4988,85.7500,6.0870,-0.0000,0.0000,0.0000,0.0000,0,47.7500,315.9394,1.000,0.000,0,1,0,100.0000,0,1,73.000,60,1,3150942208
1022,8.198052612,16.494149,16.667823,6,5400.3427,-200.4988,85.7500,6.0870,-0.0000,0.0000,0.0000,0.0000,0,47.7500,315.9394,1.000,0.000,0,1,0,100.0000,0,1,73.000,60,1,3150974976
1023,8.212261723,14.209111,16.668803,6,5400.3427,-200.4988,85.7500,6.0870,-0.0000,0.0000,0.0000,0.0000,0,47.7500,315.9394,1.000,0.000,0,1,0,100.0000,0,1,73.000,60,1,3150974976
1024,8.230018798,17.757075,16.668222,6,5400.3427,-200.4988,85.7500,6.0870,-0.0000,0.0000,0.0000,0.0000,0,47.7500,315.9394,1.000,0.000,0,1,0,100.0000,0,1,73.000,60,1,3151007744
1025,8.241962101,11.943303,16.667313,6,5400.3427,-200.4988,85.7500,6.0870,-0.0000,0.0000,0.0000,0.0000,0,47.7500,315.9394,1.000,0.000,0,1,0,100.0000,0,1,73.000,60,1,3151044608
1026,8.261242258,19.280157,16.697943,6,5400.3427,-200.4988,85.7500,6.0870,-0.0000,0.0000,0.0000,0.0000,0,47.7500,315.9394,1.000,0.000,0,1,0,100.0000,0,1,73.000,60,1,3151077376
1027,8.279172757,17.930499,16.667022,6,5400.3427,-200.4988,85.7500,6.0870,-0.0000,0.0000,0.0000,0.0000,0,47.7500,315.9394,1.000,0.000,0,1,0,100.0000,0,1,73.000,60,1,3151101952
1028,8.295448992,16.276235,16.668253,6,5400.3427,-200.4988,85.7500,6.0870,-0.0000,0.0000,0.0000,0.0000,0,47.7500,315.9394,1.000,0.000,0,1,0,100.0000,0,1,73.000,60,1,3151106048
1029,8.311621124,16.172132,16.667973,6,5400.3427,-200.4988,85.7500,6.0870,-0.0000,0.0000,0.0000,0.0000,0,47.7500,315.9394,1.000,0.000,0,1,0,100.0000,0,1,73.000,60,1,3151130624
1030,8.328902349,17.281225,16.668641,6,5400.3427,-200.4988,85.7500,6.0870,-0.0000,0.0000,0.0000,0.0000,0,47.7500,315.9394,1.000,0.000,0,1,0,100.0000,0,1,73.000,60,1,3151192064
1031,8.346764257,17.861908,16.667853,6,5400.3427,-200.4988,85.7500,6.0870,-0.0000,0.0000,0.0000,0.0000,0,47.7500,315.9394,1.000,0.000,0,1,0,100.0000,0,1,73.000,60,1,3151224832
1032,8.359328443,12.564186,16.667263,6,5400.3427,-200.4988,85.7500,6.0870,-0.0000,0.0000,0.0000,0.0000,0,47.7500,315.9394,1.000,0.000,0,1,0,100.0000,0,1,73.000,60,1,3151241216
1033,8.376656550,17.328107,16.668952,6,5400.3427,-200.4988,85.7500,6.0870,-0.0000,0.0000,0.0000,0.0000,0,47.7500,315.9394,1.000,0.000,0,1,0,100.0000,0,1,73.000,60,1,3151302656
1034,8.396094260,19.437710,16.668163,6,5400.3427,-200.4988,85.7500,6.0870,-0.0000,0.0000,0.0000,0.0000,0,47.7500,315.9394,1.000,0.000,0,1,0,100.0000,0,1,73.000,60,1,3151331328
1035,8.412902976,16.808716,16.668243,6,5400.3427,-200.4988,85.7500,6.0870,-0.0000,0.0000,0.0000,0.0000,0,47.7500,315.9394,1.000,0.000,0,1,0,100.0000,0,1,73.000,60,1,3151388672
1036,8.429502287,16.599311,16.667201,6,5400.3427,-200.4988,85.7500,6.0870,-0.0000,0.0000,0.0000,0.0000,0,47.7500,315.9394,1.000,0.000,0,1,0,100.0000,0,1,73.000,60,1,3151450112
1037,8.446688751,17.186464,16.668793,6,5400.3427,-200.4988,85.7500,6.0870,-0.0000,0.0000,0.0000,0.0000,0,47.7500,315.9394,1.000,0.000,0,1,0,100.0000,0,1,73.000,60,1,3151491072
1038,8.463186029,16.497278,16.668433,6,5400.3427,-200.4988,85.7500,6.0870,-0.0000,0.0000,0.0000,0.0000,0,47.7500,315.9394,1.000,0.000,0,1,0,100.0000,0,1,73.000,60,1,3151495168
1039,8.480531527,17.345498,16.668442,6,5400.3427,-200.4988,85.7500,6.0870,-0.0000,0.0000,0.0000,0.0000,0,47.7500,315.9394,1.000,0.000,0,1,0,100.0000,0,1,73.000,60,1,3151519744
1040,8.496273479,15.741952,16.668943,6,5400.3427,-200.4988,85.7500,6.0870,-0.0000,0.0000,0.0000,0.0000,0,47.7500,315.9394,1.000,0.000,0,1,0,100.0000,0,1,73.000,60,1,3151548416
1041,8.512050943,15.777464,16.668753,6,5400.3427,-200.4988,85.7500,6.0870,-0.0000,0.0000,0.0000,0.0000,0,47.7500,315.9394,1.000,0.000,0,1,0,100.0000,0,1,73.000,60,1,3151581184
1042,8.529136374,17.085431,16.668162,6,5400.3427,-200.4988,85.7500,6.0870,-0.0000,0.0000,0.0000,0.0000,0,47.7500,315.9394,1.000,0.000,0,1,0,100.0000,0,1,73.000,60,1,3151585280
1043,8.544740634,15.604260,16.668533,6,5400.3427,-200.4988,85.7500,6.0870,-0.0000,0.0000,0.0000,0.0000,0,47.7500,315.9394,1.000,0.000,0,1,0,100.0000,0,1,73.000,60,1,3151626240
1044,8.563602934,18.862300,16.668162,6,5400.3427,-200.4988,85.7500,6.0870,-0.0000,0.0000,0.0000,0.0000,0,47.7500,315.9394,1.000,0.000,0,1,0,100.0000,0,1,73.000,60,1,3151663104
1045,8.575879713,12.276779,16.667262,6,5400.3427,-200.4988,85.7500,6.0870,-0.0000,0.0000,0.0000,0.0000,0,47.7500,315.9394,1.000,0.000,0,1,0,100.0000,0,1,73.000,60,1,3151687680
1046,8.592869802,16.990089,16.668353,6,5400.3427,-200.4988,85.7500,6.0870,-0.0000,0.0000,0.0000,0.0000,0,47.7500,315.9394,1.000,0.000,0,1,0,100.0000,0,1,73.000,60,1,3151691776
1047,8.609237508,16.367706,16.667243,6,5400.3427,-200.4988,85.7500,6.0870,-0.0000,0.0000,0.0000,0.0000,0,47.7500,315.9394,1.000,0.000,0,1,0,100.0000,0,1,73.000,60,1,3151720448
1048,8.627759510,18.522002,16.667712,6,5400.3427,-200.4988,85.7500,6.0870,-0.0000,0.0000,0.0000,0.0000,0,47.7500,315.9394,1.000,0.000,0,1,0,100.0000,0,1,73.000,60,1,3151745024
1049,8.647833195,20.073685,16.667043,6,5400.3427,-200.4988,85.7500,6.0870,-0.0000,0.0000,0.0000,0.0000,0,47.7500,315.9394,1.000,0.000,0,1,0,100.0000,0,1,73.000,60,1,3151798272
1050,8.659407200,11.574005,16.668902,6,5400.3427,-200.4988,85.7500,6.0870,-0.0000,0.0000,0.0000,0.0000,0,47.7500,315.9394,1.000,0.000,0,1,0,100.0000,0,1,73.000,60,1,3151802368
1051,8.686566244,27.159044,16.667492,6,5400.4805,-200.4841,85.7500,6.0870,-0.0000,0.0000,8.3129,8.3129,4,47.7500,315.9394,1.000,0.000,0,0,0,100.0000,0,1,73.000,60,1,3155722240
1052,8.693443240,6.876996,16.667613,6,5400.7554,-200.4547,85.7500,6.0870,-0.0000,0.0000,16.5885,16.5885,4,47.7500,316.1483,1.000,0.000,0,0,0,100.0000,0,1,73.000,60,1,3152183296
1053,8.708682912,15.239672,16.667263,6,5401.1669,-200.4109,85.7500,6.0870,-0.0000,0.0000,24.8267,24.8267,4,47.7500,316.5652,1.000,0.000,0,0,0,100.0000,0,1,73.000,60,1,3152191488
1054,8.726459538,17.776626,16.667552,6,5401.7142,-200.3525,85.7500,6.0870,-0.0000,0.0000,33.0281,33.0281,4,47.7500,317.1891,1.000,0.000,0,0,0,100.0000,0,1,73.000,60,1,3152191488
1055,8.742652370,16.192832,16.667153,6,5402.3969,-200.2797,85.7500,6.0870,-0.0000,0.0000,41.1924,41.1924,4,47.7500,318.0191,1.000,0.000,0,0,0,100.0000,0,1,73.000,60,1,3152195584
1056,8.758663149,16.010779,16.667191,6,5403.2143,-200.1925,85.7500,6.0870,-0.0000,0.0000,49.3200,49.3200,4,47.7500,319.0543,1.000,0.000,0,0,0,100.0000,0,1,73.000,60,1,3152195584
1057,8.775543666,16.880517,16.672533,6,5404.1662,-200.0910,85.7500,6.0870,-0.0000,0.0000,57.4136,57.4136,4,47.7500,320.2942,1.000,0.000,0,0,0,100.0000,0,1,73.000,60,1,3152195584
1058,8.792058665,16.514999,16.668273,6,5405.2513,-199.9753,85.7500,6.0870,-0.0000,0.0000,65.4688,65.4688,4,47.7500,321.7371,1.000,0.000,0,0,0,100.0000,0,1,73.000,60,1,3152199680
1059,8.812000727,19.942062,16.667072,6,5406.4692,-199.8454,85.7500,6.0870,-0.0000,0.0000,73.4872,73.4872,4,47.7500,323.3824,1.000,0.000,0,0,0,100.0000,0,1,73.000,60,1,3152224256
1060,8.828500436,16.499709,16.668083,6,5407.8195,-199.7014,85.7500,6.0870,-0.0000,0.0000,81.4701,81.4701,4,47.7500,325.2292,1.000,0.000,0,0,0,100.0000,0,1,73.000,60,1,3152224256
1061,8.843476003,14.975567,16.669813,6,5409.3016,-199.5434,85.7500,6.0870,-0.0000,0.0000,89.4179,89.4179,4,47.7500,327.2769,1.000,0.000,0,0,0,100.0000,0,1,73.000,60,1,3152236544
1062,8.861517674,18.041671,16.667982,6,5410.9148,-199.3714,85.7500,6.0870,-0.0000,0.0000,97.3290,97.3290,4,47.7500,329.5241,1.000,0.000,0,0,0,100.0000,0,1,73.000,60,1,3152236544
1063,8.879106906,17.589232,16.668373,6,5412.6585,-199.1854,85.7500,6.0870,-0.0000,0.0000,105.2048,105.2048,4,47.7500,331.9702,1.000,0.000,0,0,0,100.0000,0,1,73.000,60,1,3152261120
1064,8.895540154,16.433248,16.667463,6,5414.5320,-198.9856,85.7500,6.0870,-0.0000,0.0000,113.0448,113.0448,4,47.7500,334.6141,1.000,0.000,0,0,0,100.0000,0,1,73.000,60,1,3152293888
1065,8.912230356,16.690202,16.668201,6,5416.5350,-198.7720,85.7500,6.0870,-0.0000,0.0000,120.8499,120.8499,4,47.7500,337.4552,1.000,0.000,0,0,0,100.0000,0,1,73.000,60,1,3152293888
1066,8.931524495,19.294139,16.667723,6,5418.6667,-198.5447,85.7500,6.0870,-0.0000,0.0000,128.6197,128.6197,4,47.7500,340.4923,1.000,0.000,0,0,0,100.0000,0,1,73.000,60,1,3152322560
1067,8.942647290,11.122795,16.667243,6,5420.9266,-198.3037,85.7500,6.0870,-0.0000,0.0000,136.3543,136.3543,4,47.7500,343.7246,1.000,0.000,0,0,0,100.0000,0,1,73.000,60,1,3152347136
1068,8.960843165,18.195875,16.667392,6,5423.3140,-198.0491,85.7500,6.0870,-0.0000,0.0000,144.0542,144.0542,4,47.7500,347.1513,1.000,0.000,0,0,0,100.0000,0,1,73.000,60,1,3152379904
1069,8.981199085,20.355920,16.668403,6,5425.8287,-197.7809,85.7500,6.0870,-0.0000,0.0000,151.7200,151.7200,4,47.7500,350.7717,1.000,0.000,0,0,0,100.0000,0,1,73.000,60,1,3152404480
1070,8.992179387,10.980302,16.669113,6,5428.4700,-197.4993,85.7500,6.0870,-0.0000,0.0000,159.3516,159.3516,4,47.7500,354.5849,1.000,0.000,0,0,0,100.0000,0,1,73.000,60,1,3152404480
1071,9.013857176,21.677789,16.668802,6,5431.2371,-197.2042,85.7500,6.0870,-0.0000,0.0000,166.9488,166.9488,4,47.7500,358.5899,1.000,0.000,0,0,0,100.0000,0,1,73.000,60,1,3152429056
1072,9.029579559,15.722383,16.668582,6,5434.1296,-196.8957,85.7500,6.0870,-0.0000,0.0000,174.5117,174.5117,4,47.7500,2.7858,1.000,0.000,0,0,0,100.0000,0,1,73.000,60,1,3152453632
1073,9.042571474,12.991915,16.668723,6,5437.1469,-196.5740,85.7500,6.0870,-0.0000,0.0000,182.0407,182.0407,4,47.7500,7.1717,1.000,0.000,0,0,0,100.0000,0,1,73.000,60,1,3152482304
1074,9.063603858,21.032384,16.668672,6,5440.2884,-196.2390,85.7500,6.0870,-0.0000,0.0000,189.5359,189.5359,4,47.7500,11.7469,1.000,0.000,0,0,0,100.0000,0,1,73.000,60,1,3152515072
1075,9.075684184,12.080326,16.667353,6,5443.5533,-195.8908,85.7500,6.0870,-0.0000,0.0000,196.9967,196.9967,4,47.7500,16.5101,1.000,0.000,0,0,0,100.0000,0,1,73.000,60,1,3152515072
1076,9.096636817,20.952633,16.667303,6,5446.9413,-195.5295,85.7500,6.0870,-0.0000,0.0000,204.4240,204.4240,4,47.7500,21.4608,1.000,0.000,0,0,0,100.0000,0,1,73.000,60,1,3152543744
1077,9.115436724,18.799907,16.668682,6,5450.4521,-195.1551,85.7500,6.0870,-0.0000,0.0000,211.8185,211.8185,4,47.7500,26.5985,1.000,0.000,0,0,0,100.0000,0,1,73.000,60,1,3152568320
1078,9.126504588,11.067864,16.668853,6,5454.0850,-194.7677,85.7500,6.0870,-0.0000,0.0000,219.1798,219.1798,4,47.7500,31.9221,1.000,0.000,0,0,0,100.0000,0,1,73.000,60,1,3152596992
1079,9.143430636,16.926048,16.667522,6,5457.8390,-194.3674,85.7500,6.0870,-0.0000,0.0000,226.5075,226.5075,4,47.7500,37.4304,1.000,0.000,0,0,0,100.0000,0,1,73.000,60,1,3152601088
1080,9.161245613,17.814977,16.667922,6,5461.7140,-193.9541,85.7500,6.0870,-0.0000,0.0000,233.8024,233.8024,4,47.7500,43.1229,1.000,0.000,0,0,0,100.0000,0,1,73.000,60,1,3152625664
1081,9.181519071,20.273458,16.667933,6,5465.7094,-193.5281,85.7500,6.0870,-0.0000,0.0000,241.0645,241.0645,4,47.7500,48.9987,1.000,0.000,0,0,0,100.0000,0,1,73.000,60,1,3152650240
1082,9.192692609,11.173538,16.667543,6,5469.8245,-193.0892,85.7500,6.0870,-0.0000,0.0000,248.2938,248.2938,4,47.7500,55.0569,1.000,0.000,0,0,0,100.0000,0,1,73.000,60,1,3152674816
1083,9.212122529,19.429920,16.667512,6,5474.0589,-192.6377,85.7500,6.0870,-0.0000,0.0000,255.4906,255.4906,4,47.7500,61.2968,1.000,0.000,0,0,0,100.0000,0,1,73.000,60,1,3152699392
1084,9.230884176,18.761647,16.669123,6,5478.4125,-192.1734,85.7500,6.0870,-0.0000,0.0000,262.6557,262.6557,4,47.7500,67.7181,1.000,0.000,0,0,0,100.0000,0,1,73.000,60,1,3152703488
1085,9.243712178,12.828002,16.668073,6,5482.8840,-191.6966,85.7500,6.0870,-0.0000,0.0000,269.7882,269.7882,4,47.7500,74.3191,1.000,0.000,0,0,0,100.0000,0,1,73.000,60,1,3152740352
1086,9.260994573,17.282395,16.667561,6,5487.4730,-191.2072,85.7500,6.0870,-0.0000,0.0000,276.8883,276.8884,4,47.7500,81.0992,1.000,0.000,0,0,0,100.0000,0,1,73.000,60,1,3152764928
1087,9.280043606,19.049033,16.668433,6,5492.1794,-190.7053,85.7500,6.0870,-0.0000,0.0000,283.9570,283.9570,4,47.7500,88.0581,1.000,0.000,0,0,0,100.0000,0,1,73.000,60,1,3152797696
1088,9.292022809,11.979203,16.667613,6,5497.0023,-190.1910,85.7500,6.0870,-0.0000,0.0000,290.9935,290.9935,4,47.7500,95.1942,1.000,0.000,0,0,0,100.0000,0,1,73.000,60,1,3152797696
1089,9.311348697,19.325888,16.668062,6,5501.9413,-189.6643,85.7500,6.0870,-0.0000,0.0000,297.9985,297.9985,4,47.7500,102.5074,1.000,0.000,0,0,0,100.0000,0,1,73.000,60,1,3152830464
1090,9.329180535,17.831838,16.668343,6,5506.9960,-189.1253,85.7500,6.0870,-0.0000,0.0000,304.9723,304.9723,4,47.7500,109.9968,1.000,0.000,0,0,0,100.0000,0,1,73.000,60,1,3152855040
1091,9.345079811,15.899276,16.667703,6,5512.1656,-188.5740,85.7500,6.0870,-0.0000,0.0000,311.9143,311.9143,4,47.7500,117.6612,1.000,0.000,0,0,0,100.0000,0,1,73.000,60,1,3152879616
1092,9.362995610,17.915799,16.667812,6,5517.4498,-188.0105,85.7500,6.0870,-0.0000,0.0000,318.8253,318.8253,4,47.7500,125.5000,1.000,0.000,0,0,0,100.0000,0,1,73.000,60,1,3152904192
1093,9.379614971,16.619361,16.667053,6,5522.8477,-187.4349,85.7500,6.0870,-0.0000,0.0000,325.7048,325.7048,4,47.7500,133.5122,1.000,0.000,0,0,0,100.0000,0,1,73.000,60,1,3152932864
1094,9.391904282,12.289311,16.667862,6,5528.3594,-186.8471,85.7500,6.0870,-0.0000,0.0000,332.5537,332.5538,4,47.7500,141.6977,1.000,0.000,0,0,0,100.0000,0,1,73.000,60,1,3152932864
1095,9.411237890,19.333608,16.667982,6,5533.9842,-186.2473,85.7500,6.0870,-0.0000,0.0000,339.3719,339.3719,4,47.7500,150.0553,1.000,0.000,0,0,0,100.0000,0,1,73.000,60,1,3152957440
1096,9.429060878,17.822988,16.666993,6,5539.7211,-185.6355,85.7500,6.0870,-0.0000,0.0000,346.1591,346.1591,4,47.7500,158.5838,1.000,0.000,0,0,0,100.0000,0,1,73.000,60,1,3152986112
1097,9.446540607,17.479729,16.667023,6,5545.5700,-185.0118,85.7500,6.0870,-0.0000,0.0000,352.9158,352.9158,4,47.7500,167.2829,1.000,0.000,0,0,0,100.0000,0,1,73.000,60,1,3153010688
1098,9.458304296,11.763689,16.667812,6,5551.5306,-184.3762,85.7500,6.0870,-0.0000,0.0000,359.6424,359.6424,4,47.7500,176.1522,1.000,0.000,0,0,0,100.0000,0,1,73.000,60,1,3153039360
1099,9.477260577,18.956281,16.667713,6,5557.6022,-183.7287,85.7500,6.0870,-0.0000,0.0000,366.3387,366.3387,4,47.7500,185.1904,1.000,0.000,0,0,0,100.0000,0,1,73.000,60,1,3153072128
1100,9.494872060,17.611483,16.667333,6,5563.7842,-183.0694,85.7500,6.0870,-0.0000,0.0000,373.0048,373.0048,4,47.7500,194.3968,1.000,0.000,0,0,0,100.0000,0,1,73.000,60,1,3153096704
1101,9.512628954,17.756894,16.667861,6,5570.0763,-182.3985,85.7500,6.0870,-0.0000,0.0000,379.6411,379.6411,4,47.7500,203.7710,1.000,0.000,0,0,0,100.0000,0,1,73.000,60,1,3153121280
1102,9.531080235,18.451281,16.667143,6,5576.4777,-181.7158,85.7500,6.0870,-0.0000,0.0000,386.2473,386.2473,4,47.7500,213.3115,1.000,0.000,0,0,0,100.0000,0,1,73.000,60,1,3153149952
1103,9.542625489,11.545254,16.667303,6,5582.9881,-181.0216,85.7500,6.0870,-0.0000,0.0000,392.8239,392.8239,4,47.7500,223.0182,1.000,0.000,0,0,0,100.0000,0,1,73.000,60,1,3153149952
1104,9.560789004,18.163515,16.667532,6,5589.6071,-180.3157,85.7500,6.0870,-0.0000,0.0000,399.3710,399.3710,4,47.7500,232.8903,1.000,0.000,0,0,0,100.0000,0,1,73.000,60,1,3153207296
1105,9.579958419,19.169415,16.667943,6,5596.3342,-179.5983,85.7500,6.0870,-0.0000,0.0000,405.8888,405.8888,4,47.7500,242.9271,1.000,0.000,0,0,0,100.0000,0,1,73.000,60,1,3153231872
1106,9.596092460,16.134041,16.668663,6,5603.1693,-178.8694,85.7500,6.0870,-0.0000,0.0000,412.3776,412.3776,4,47.7500,253.1282,1.000,0.000,0,0,0,100.0000,0,1,73.000,60,1,3153276928
1107,9.612037837,15.945377,16.667282,6,5610.1108,-178.1292,85.7500,6.0870,-0.0000,0.0000,418.8367,418.8367,4,47.7500,263.4915,1.000,0.000,0,0,0,100.0000,0,1,73.000,60,1,3153301504
1108,9.629793663,17.755826,16.668552,6,5617.1594,-177.3775,85.7500,6.0870,-0.0000,0.0000,425.2673,425.2673,4,47.7500,274.0179,1.000,0.000,0,0,0,100.0000,0,1,73.000,60,1,3153301504
1109,9.646313492,16.519829,16.667323,6,5624.3136,-176.6146,85.7500,6.0870,-0.0000,0.0000,431.6684,431.6684,4,47.7500,284.7052,1.000,0.000,0,0,0,100.0000,0,1,73.000,60,1,3153354752
1110,9.661573015,15.259523,16.668532,6,5631.5739,-175.8404,85.7500,6.0870,-0.0000,0.0000,438.0413,438.0413,4,47.7500,295.5541,1.000,0.000,0,0,0,100.0000,0,1,73.000,60,1,3153379328
1111,9.678506853,16.933838,16.667503,6,5638.9390,-175.0550,85.7500,6.0870,-0.0000,0.0000,444.3851,444.3851,4,47.7500,306.5626,1.000,0.000,0,0,0,100.0000,0,1,73.000,60,1,3153403904
1112,9.692380576,13.873723,16.667703,6,5646.4088,-174.2584,85.7500,6.0870,-0.0000,0.0000,450.7005,450.7005,4,47.7500,317.7305,1.000,0.000,0,0,0,100.0000,0,1,73.000,60,1,3153403904
1113,9.711455120,19.074544,16.667092,6,5653.9825,-173.4508,85.7500,6.0870,-0.0000,0.0000,456.9873,456.9873,4,47.7500,329.0568,1.000,0.000,0,0,0,100.0000,0,1,73.000,60,1,3153428480
1114,9.725968167,14.513047,16.667913,6,5661.6603,-172.6320,85.7500,6.0870,-0.0000,0.0000,463.2461,463.2461,4,47.7500,340.5416,1.000,0.000,0,0,0,100.0000,0,1,73.000,60,1,3153453056
1115,9.746407319,20.439152,16.667152,6,5669.4410,-171.8023,85.7500,6.0870,-0.0000,0.0000,469.4764,469.4764,4,47.7500,352.1832,1.000,0.000,0,0,0,100.0000,0,1,73.000,60,1,3153477632
1116,9.762774215,16.366896,16.668602,6,5677.3252,-170.9615,85.7500,6.0870,-0.0000,0.0000,475.6794,475.6794,4,47.7500,3.9824,1.000,0.000,0,0,0,100.0000,0,1,73.000,60,1,3153502208
1117,9.781003161,18.228946,16.668953,6,5685.3119,-170.1098,85.7500,6.0870,-0.0000,0.0000,481.8545,481.8545,4,47.7500,15.9378,1.000,0.000,0,0,0,100.0000,0,1,73.000,60,1,3153514496
1118,9.797009330,16.006169,16.667243,6,5693.3997,-169.2473,85.7500,6.0870,-0.0000,0.0000,488.0013,488.0013,4,47.7500,28.0470,1.000,0.000,0,0,0,100.0000,0,1,73.000,60,1,3153555456
1119,9.813700532,16.691202,16.668252,6,5701.5894,-168.3740,85.7500,6.0870,-0.0000,0.0000,494.1208,494.1208,4,47.7500,40.3116,1.000,0.000,0,0,0,100.0000,0,1,73.000,60,1,3153580032
1120,9.829628649,15.928117,16.667183,6,5709.8795,-167.4899,85.7500,6.0870,-0.0000,0.0000,500.2124,500.2124,4,47.7500,52.7291,1.000,0.000,0,0,0,100.0000,0,1,73.000,60,1,3153604608
1121,9.846415834,16.787185,16.668413,6,5718.2708,-166.5951,85.7500,6.0870,-0.0000,0.0000,506.2771,506.2771,4,47.7500,65.3006,1.000,0.000,0,0,0,100.0000,0,1,73.000,60,1,3153629184
1122,9.864155910,17.740076,16.668361,6,5726.7621,-165.6896,85.7500,6.0870,-0.0000,0.0000,512.3145,512.3145,4,47.7500,78.0245,1.000,0.000,0,0,0,100.0000,0,1,73.000,60,1,3153657856
1123,9.880824562,16.668652,16.667173,6,5735.3524,-164.7735,85.7500,6.0870,-0.0000,0.0000,518.3243,518.3243,4,47.7500,90.8992,1.000,0.000,0,0,0,100.0000,0,1,73.000,60,1,3153690624
1124,9.896858762,16.034200,16.668703,6,5744.0426,-163.8468,85.7500,6.0870,-0.0000,0.0000,524.3077,524.3077,4,47.7500,103.9261,1.000,0.000,0,0,0,100.0000,0,1,73.000,60,1,3153739776
1125,9.913159406,16.300644,16.667152,6,5752.8308,-162.9096,85.7500,6.0870,-0.0000,0.0000,530.2636,530.2636,4,47.7500,117.1022,1.000,0.000,0,0,0,100.0000,0,1,73.000,60,1,3153768448
1126,9.925641210,12.481804,16.667673,6,5761.7175,-161.9620,85.7500,6.0870,-0.0000,0.0000,536.1929,536.1929,4,47.7500,130.4284,1.000,0.000,0,0,0,100.0000,0,1,73.000,60,1,3153776640
1127,9.945593862,19.952652,16.667472,6,5770.7019,-161.0039,85.7500,6.0870,-0.0000,0.0000,542.0955,542.0955,4,47.7500,143.9034,1.000,0.000,0,0,0,100.0000,0,1,73.000,60,1,3153805312
1128,9.964151175,18.557313,16.668033,6,5779.7840,-160.0353,85.7500,6.0870,-0.0000,0.0000,547.9717,547.9718,4,47.7500,157.5273,1.000,0.000,0,0,0,100.0000,0,1,73.000,60,1,3153829888
1129,9.975540065,11.388890,16.667742,6,5788.9630,-159.0565,85.7500,6.0870,-0.0000,0.0000,553.8215,553.8215,4,47.7500,171.2985,1.000,0.000,0,0,0,100.0000,0,1,73.000,60,1,3153854464
1130,9.993840762,18.300697,16.667712,6,5798.2384,-158.0674,85.7500,6.0870,-0.0000,0.0000,559.6450,559.6449,4,47.7500,185.2168,1.000,0.000,0,0,0,100.0000,0,1,73.000,60,1,3153887232
1131,10.012299423,18.458661,16.667603,6,5807.6098,-157.0680,85.7500,6.0870,-0.0000,0.0000,565.4421,565.4421,4,47.7500,199.2813,1.000,0.000,0,0,0,100.0000,0,1,73.000,60,1,3153911808
1132,10.029335693,17.036270,16.667983,6,5817.0771,-156.0584,85.7500,6.0870,-0.0000,0.0000,571.2134,571.2134,4,47.7500,213.4918,1.000,0.000,0,0,0,100.0000,0,1,73.000,60,1,3153936384
1133,10.046776512,17.440819,16.667572,6,5826.6394,-155.0387,85.7500,6.0870,-0.0000,0.0000,576.9587,576.9587,4,47.7500,227.8471,1.000,0.000,0,0,0,100.0000,0,1,73.000,60,1,3153960960
1134,10.059081633,12.305121,16.667943,6,5836.2967,-154.0089,85.7500,6.0870,-0.0000,0.0000,582.6782,582.6782,4,47.7500,242.3470,1.000,0.000,0,0,0,100.0000,0,1,73.000,60,1,3153985536
1135,10.076105253,17.023620,16.667103,6,5846.0478,-152.9690,85.7500,6.0870,-0.0000,0.0000,588.3717,588.3717,4,47.7500,256.9899,1.000,0.000,0,0,0,100.0000,0,1,73.000,60,1,3154001920
1136,10.095289708,19.184455,16.668472,6,5855.8937,-151.9191,85.7500,6.0870,-0.0000,0.0000,594.0401,594.0401,4,47.7500,271.7771,1.000,0.000,0,0,0,100.0000,0,1,73.000,60,1,3154026496
1137,10.109166102,13.876394,16.667822,6,5865.8328,-150.8592,85.7500,6.0870,-0.0000,0.0000,599.6827,599.6827,4,47.7500,286.7062,1.000,0.000,0,0,0,100.0000,0,1,73.000,60,1,3154051072
1138,10.130283658,21.117556,16.667903,6,5875.8650,-149.7893,85.7500,6.0870,-0.0000,0.0000,605.3001,605.3001,4,47.7500,301.7772,1.000,0.000,0,0,0,100.0000,0,1,73.000,60,1,3154083840
1139,10.147313969,17.030311,16.667562,6,5885.9897,-148.7096,85.7500,6.0870,-0.0000,0.0000,610.8920,610.8921,4,47.7500,316.9891,1.000,0.000,0,0,0,100.0000,0,1,73.000,60,1,3154108416
1140,10.164247277,16.933308,16.668403,6,5896.2071,-147.6201,85.7500,6.0870,-0.0000,0.0000,616.4592,616.4591,4,47.7500,332.3422,1.000,0.000,0,0,0,100.0000,0,1,73.000,60,1,3154132992
1141,10.180124003,15.876726,16.667173,6,5906.5157,-146.5208,85.7500,6.0870,-0.0000,0.0000,622.0008,622.0008,4,47.7500,347.8341,1.000,0.000,0,0,0,100.0000,0,1,73.000,60,1,3154132992
1142,10.196838695,16.714692,16.667402,6,5916.9158,-145.4117,85.7500,6.0870,-0.0000,0.0000,627.5176,627.5176,4,47.7500,3.4655,1.000,0.000,0,0,0,100.0000,0,1,73.000,60,1,3154157568
1143,10.213391146,16.552451,16.667163,6,5927.4068,-144.2929,85.7500,6.0870,-0.0000,0.0000,633.0096,633.0096,4,47.7500,19.2354,1.000,0.000,0,0,0,100.0000,0,1,73.000,60,1,3154186240
1144,10.229130939,15.739793,16.667702,6,5937.9887,-143.1645,85.7500,6.0870,-0.0000,0.0000,638.4771,638.4771,4,47.7500,35.1437,1.000,0.000,0,0,0,100.0000,0,1,73.000,60,1,3154210816
1145,10.247123180,17.992241,16.668022,6,5948.6611,-142.0264,85.7500,6.0870,-0.0000,0.0000,643.9200,643.9201,4,47.7500,51.1898,1.000,0.000,0,0,0,100.0000,0,1,73.000,60,1,3154214912
1146,10.264586219,17.463039,16.668103,6,5959.4233,-140.8787,85.7500,6.0870,-0.0000,0.0000,649.3386,649.3386,4,47.7500,67.3727,1.000,0.000,0,0,0,100.0000,0,1,73.000,60,1,3154247680
1147,10.275700854,11.114635,16.667203,6,5970.2744,-139.7216,85.7500,6.0870,-0.0000,0.0000,654.7325,654.7325,4,47.7500,83.6909,1.000,0.000,0,0,0,100.0000,0,1,73.000,60,1,3154272256
1148,10.296999265,21.298411,16.667562,6,5981.2146,-138.5549,85.7500,6.0870,-0.0000,0.0000,660.1022,660.1022,4,47.7500,100.1451,1.000,0.000,0,0,0,100.0000,0,1,73.000,60,1,3154296832
1149,10.309052200,12.052935,16.667283,6,5992.2433,-137.3788,85.7500,6.0870,-0.0000,0.0000,665.4478,665.4478,4,47.7500,116.7338,1.000,0.000,0,0,0,100.0000,0,1,73.000,60,1,3154305024
1150,10.330891401,21.839201,16.667743,6,6003.3605,-136.1933,85.7500,6.0870,-0.0000,0.0000,670.7694,670.7694,4,47.7500,133.4574,1.000,0.000,0,0,0,100.0000,0,1,73.000,60,1,3154329600
1151,10.346558902,15.667501,16.667322,6,6014.5652,-134.9984,85.7500,6.0870,-0.0000,0.0000,676.0671,676.0671,4,47.7500,150.3144,1.000,0.000,0,0,0,100.0000,0,1,73.000,60,1,3154354176
1152,10.364535293,17.976391,16.667712,6,6025.8575,-133.7942,85.7500,6.0870,-0.0000,0.0000,681.3410,681.3410,4,47.7500,167.3048,1.000,0.000,0,0,0,100.0000,0,1,73.000,60,1,3154378752
1153,10.380360728,15.825435,16.667103,6,6037.2365,-132.5808,85.7500,6.0870,-0.0000,0.0000,686.5910,686.5910,4,47.7500,184.4272,1.000,0.000,0,0,0,100.0000,0,1,73.000,60,1,3154403328
1154,10.392498834,12.138106,16.667872,6,6048.7026,-131.3580,85.7500,6.0870,-0.0000,0.0000,691.8177,691.8177,4,47.7500,201.6823,1.000,0.000,0,0,0,100.0000,0,1,73.000,60,1,3154403328
1155,10.413225483,20.726649,16.667313,6,6060.2546,-130.1261,85.7500,6.0870,-0.0000,0.0000,697.0206,697.0206,4,47.7500,219.0681,1.000,0.000,0,0,0,100.0000,0,1,73.000,60,1,3154427904
1156,10.425710386,12.484903,16.667673,6,6071.8926,-128.8851,85.7500,6.0870,-0.0000,0.0000,702.2004,702.2004,4,47.7500,236.5851,1.000,0.000,0,0,0,100.0000,0,1,73.000,60,1,3160481792
1157,10.442713936,17.003550,16.667322,6,6083.6159,-127.6349,85.7500,6.0870,-0.0000,0.0000,707.3567,707.3567,4,47.7500,254.2319,1.000,0.000,0,0,0,100.0000,0,1,73.000,60,1,3154493440
1158,10.459402239,16.688303,16.667603,6,6095.4245,-126.3756,85.7500,6.0870,-0.0000,0.0000,712.4899,712.4899,4,47.7500,272.0086,1.000,0.000,0,0,0,100.0000,0,1,73.000,60,1,3154522112
1159,10.475839497,16.437258,16.668132,6,6107.3181,-125.1073,85.7500,6.0870,-0.0000,0.0000,717.6002,717.6002,4,47.7500,289.9149,1.000,0.000,0,0,0,100.0000,0,1,73.000,60,1,3154522112
1160,10.492573791,16.734294,16.668172,6,6119.2960,-123.8300,85.7500,6.0870,-0.0000,0.0000,722.6875,722.6875,4,47.7500,307.9496,1.000,0.000,0,0,0,100.0000,0,1,73.000,60,1,3154546688
1161,10.510322286,17.748495,16.668253,6,6131.3580,-122.5437,85.7500,6.0870,-0.0000,0.0000,727.7520,727.7520,4,47.7500,326.1122,1.000,0.000,0,0,0,100.0000,0,1,73.000,60,1,3154575360
1162,10.531433813,21.111527,16.668813,6,6143.5039,-121.2485,85.7500,6.0870,-0.0000,0.0000,732.7939,732.7939,4,47.7500,344.4028,1.000,0.000,0,0,0,100.0000,0,1,73.000,60,1,3154608128
1163,10.547144795,15.710982,16.667992,6,6155.7325,-119.9444,85.7500,6.0870,-0.0000,0.0000,737.8129,737.8129,4,47.7500,2.8192,1.000,0.000,0,0,0,100.0000,0,1,73.000,60,1,3154632704
1164,10.559348423,12.203628,16.668123,6,6168.0439,-118.6315,85.7500,6.0870,-0.0000,0.0000,742.8094,742.8094,4,47.7500,21.3618,1.000,0.000,0,0,0,100.0000,0,1,73.000,60,1,3154632704
1165,10.578836295,19.487872,16.667533,6,6180.4373,-117.3099,85.7500,6.0870,-0.0000,0.0000,747.7833,747.7833,4,47.7500,40.0294,1.000,0.000,0,0,0,100.0000,0,1,73.000,60,1,3154657280
1166,10.597779376,18.943081,16.667722,6,6192.9130,-115.9795,85.7500,6.0870,-0.0000,0.0000,752.7348,752.7348,4,47.7500,58.8222,1.000,0.000,0,0,0,100.0000,0,1,73.000,60,1,3154681856
1167,10.614261695,16.482319,16.668042,6,6205.4706,-114.6404,85.7500,6.0870,-0.0000,0.0000,757.6641,757.6641,4,47.7500,77.7398,1.000,0.000,0,0,0,100.0000,0,1,73.000,60,1,3154706432
1168,10.630277644,16.015949,16.668683,6,6218.1100,-113.2925,85.7500,6.0870,-0.0000,0.0000,762.5715,762.5715,4,47.7500,96.7820,1.000,0.000,0,0,0,100.0000,0,1,73.000,60,1,3154731008
1169,10.647625710,17.348066,16.667942,6,6230.8298,-111.9361,85.7500,6.0870,-0.0000,0.0000,767.4566,767.4566,4,47.7500,115.9466,1.000,0.000,0,0,0,100.0000,0,1,73.000,60,1,3154731008
1170,10.664453366,16.827656,16.667183,6,6243.6296,-110.5711,85.7500,6.0870,-0.0000,0.0000,772.3195,772.3195,4,47.7500,135.2332,1.000,0.000,0,0,0,100.0000,0,1,73.000,60,1,3154755584
1171,10.675853337,11.399971,16.667743,6,6256.5101,-109.1976,85.7500,6.0870,-0.0000,0.0000,777.1608,777.1608,4,47.7500,154.6426,1.000,0.000,0,0,0,100.0000,0,1,73.000,60,1,3154796544
1172,10.692553651,16.700314,16.668452,6,6269.4710,-107.8154,85.7500,6.0870,-0.0000,0.0000,781.9804,781.9804,4,47.7500,174.1746,1.000,0.000,0,0,0,100.0000,0,1,73.000,60,1,3154837504
1173,10.711749646,19.195995,16.667463,6,6282.5106,-106.4249,85.7500,6.0870,-0.0000,0.0000,786.7781,786.7782,4,47.7500,193.8265,1.000,0.000,0,0,0,100.0000,0,1,73.000,60,1,3154837504
1174,10.730304479,18.554833,16.668352,6,6295.6302,-105.0258,85.7500,6.0870,-0.0000,0.0000,791.5546,791.5546,4,47.7500,213.6000,1.000,0.000,0,0,0,100.0000,0,1,73.000,60,1,3154866176
1175,10.742633340,12.328861,16.667182,6,6308.8276,-103.6185,85.7500,6.0870,-0.0000,0.0000,796.3092,796.3092,4,47.7500,233.4922,1.000,0.000,0,0,0,100.0000,0,1,73.000,60,1,3154890752
1176,10.762248245,19.614905,16.668753,6,6322.1047,-102.2026,85.7500,6.0870,-0.0000,0.0000,801.0428,801.0428,4,47.7500,253.5057,1.000,0.000,0,0,0,100.0000,0,1,73.000,60,1,3154919424
1177,10.779140641,16.892396,16.668803,6,6335.4599,-100.7784,85.7500,6.0870,-0.0000,0.0000,805.7552,805.7553,4,47.7500,273.6382,1.000,0.000,0,0,0,100.0000,0,1,73.000,60,1,3154944000
1178,10.796129331,16.988690,16.667982,6,6348.8923,-99.3460,85.7500,6.0870,-0.0000,0.0000,810.4463,810.4463,4,47.7500,293.8882,1.000,0.000,0,0,0,100.0000,0,1,73.000,60,1,3154968576
1179,10.811976576,15.847245,16.667093,6,6362.4013,-97.9054,85.7500,6.0870,-0.0000,0.0000,815.1159,815.1159,4,47.7500,314.2551,1.000,0.000,0,0,0,100.0000,0,1,73.000,60,1,3154993152
1180,10.829003276,17.026700,16.667323,6,6375.9875,-96.4566,85.7500,6.0870,-0.0000,0.0000,819.7646,819.7646,4,47.7500,334.7395,1.000,0.000,0,0,0,100.0000,0,1,73.000,60,1,3155017728
1181,10.845981845,16.978569,16.668872,6,6389.6518,-94.9994,85.7500,6.0870,-0.0000,0.0000,824.3929,824.3929,4,47.7500,355.3427,1.000,0.000,0,0,0,100.0000,0,1,73.000,60,1,3155042304
1182,10.862599237,16.617392,16.667463,6,6403.3912,-93.5342,85.7500,6.0870,-0.0000,0.0000,828.9999,829.0000,4,47.7500,16.0604,1.000,0.000,0,0,0,100.0000,0,1,73.000,60,1,3155079168
1183,10.879398793,16.799556,16.668332,6,6417.2073,-92.0609,85.7500,6.0870,-0.0000,0.0000,833.5865,833.5866,4,47.7500,36.8951,1.000,0.000,0,0,0,100.0000,0,1,73.000,60,1,3155079168
1184,10.896502204,17.103411,16.695383,6,6431.1218,-90.5771,85.7500,6.0870,-0.0000,0.0000,838.1600,838.1599,4,47.7500,57.8789,1.000,0.000,0,0,0,100.0000,0,1,73.000,60,1,3155103744
1185,10.913527864,17.025660,16.667253,6,6445.0882,-89.0877,85.7500,6.0870,-0.0000,0.0000,842.7051,842.7051,4,47.7500,78.9424,1.000,0.000,0,0,0,100.0000,0,1,73.000,60,1,3155128320
1186,10.930176676,16.648812,16.667703,6,6459.1300,-87.5903,85.7500,6.0870,-0.0000,0.0000,847.2299,847.2299,4,47.7500,100.1207,1.000,0.000,0,0,0,100.0000,0,1,73.000,60,1,3155156992
1187,10.946443631,16.266955,16.674772,6,6473.2524,-86.0843,85.7500,6.0870,-0.0000,0.0000,851.7363,851.7363,4,47.7500,121.4217,1.000,0.000,0,0,0,100.0000,0,1,73.000,60,1,3155181568
1188,10.959377934,12.934303,16.668972,6,6487.4443,-84.5709,85.7500,6.0870,-0.0000,0.0000,856.2209,856.2209,4,47.7500,142.8286,1.000,0.000,0,0,0,100.0000,0,1,73.000,60,1,3155206144
1189,10.975965855,16.587921,16.668053,6,6501.7094,-83.0496,85.7500,6.0870,-0.0000,0.0000,860.6850,860.6850,4,47.7500,164.3469,1.000,0.000,0,0,0,100.0000,0,1,73.000,60,1,3155230720
1190,10.993065936,17.100081,16.668812,6,6516.0487,-81.5205,85.7500,6.0870,-0.0000,0.0000,865.1293,865.1293,4,47.7500,185.9785,1.000,0.000,0,0,0,100.0000,0,1,73.000,60,1,3155255296
1191,11.013408397,20.342461,16.668913,6,6530.4615,-79.9835,85.7500,6.0870,-0.0000,0.0000,869.5536,869.5537,4,47.7500,207.7219,1.000,0.000,0,0,0,100.0000,0,1,73.000,60,1,3155279872
1192,11.029473327,16.064930,16.667433,6,6544.9460,-78.4389,85.7500,6.0870,-0.0000,0.0000,873.9577,873.9577,4,47.7500,229.5745,1.000,0.000,0,0,0,100.0000,0,1,73.000,60,1,3155279872
1193,11.047114159,17.640832,16.668022,6,6559.5037,-76.8865,85.7500,6.0870,-0.0000,0.0000,878.3421,878.3421,4,47.7500,251.5386,1.000,0.000,0,0,0,100.0000,0,1,73.000,60,1,3155304448
1194,11.063332993,16.218834,16.668353,6,6574.1340,-75.3263,85.7500,6.0870,-0.0000,0.0000,882.7069,882.7069,4,47.7500,273.6134,1.000,0.000,0,0,0,100.0000,0,1,73.000,60,1,3155329024
1195,11.080466075,17.133082,16.712124,6,6588.8752,-73.7543,85.7500,6.0870,-0.0000,0.0000,887.0635,887.0635,4,47.7500,295.8560,1.000,0.000,0,0,0,100.0000,0,1,73.000,60,1,3155353600
1196,11.092765175,12.299100,16.668981,6,6603.6499,-72.1788,85.7500,6.0870,-0.0000,0.0000,891.3892,891.3892,4,47.7500,318.1508,1.000,0.000,0,0,0,100.0000,0,1,73.000,60,1,3155353600
1197,11.109650362,16.885187,16.667353,6,6618.4946,-70.5957,85.7500,6.0870,-0.0000,0.0000,895.6951,895.6951,4,47.7500,340.5521,1.000,0.000,0,0,0,100.0000,0,1,73.000,60,1,3155406848
1198,11.128047171,18.396809,16.667373,6,6633.4104,-69.0051,85.7500,6.0870,-0.0000,0.0000,899.9816,899.9816,4,47.7500,3.0616,1.000,0.000,0,0,0,100.0000,0,1,73.000,60,1,3155435520
1199,11.143019878,14.972707,16.668772,6,6648.3981,-67.4068,85.7500,6.0870,-0.0000,0.0000,904.2492,904.2492,4,47.7500,25.6808,1.000,0.000,0,0,0,100.0000,0,1,73.000,60,1,3155480576
1200,11.160100829,17.080951,16.667443,6,6663.4551,-65.8012,85.7500,6.0870,-0.0000,0.0000,908.4973,908.4973,4,47.7500,48.4054,1.000,0.000,0,0,0,100.0000,0,1,73.000,60,1,3155509248
1201,11.176200830,16.100001,16.668913,6,6678.5835,-64.1879,85.7500,6.0870,-0.0000,0.0000,912.7266,912.7267,4,47.7500,71.2387,1.000,0.000,0,0,0,100.0000,0,1,73.000,60,1,3155509248
1202,11.198489222,22.288392,16.668002,6,6693.7808,-62.5673,85.7500,6.0870,-0.0000,0.0000,916.9368,916.9368,4,47.7500,94.1771,1.000,0.000,0,0,0,100.0000,0,1,73.000,60,1,3155533824
1203,11.214637913,16.148691,16.667153,6,6709.0468,-60.9393,85.7500,6.0870,-0.0000,0.0000,921.1277,921.1278,4,47.7500,117.2202,1.000,0.000,0,0,0,100.0000,0,1,73.000,60,1,3155562496
1204,11.231232463,16.594550,16.668483,6,6724.3832,-59.3038,85.7500,6.0870,-0.0000,0.0000,925.3003,925.3003,4,47.7500,140.3704,1.000,0.000,0,0,0,100.0000,0,1,73.000,60,1,3155587072
1205,11.249668784,18.436321,16.668961,6,6739.7889,-57.6610,85.7500,6.0870,-0.0000,0.0000,929.4542,929.4541,4,47.7500,163.6261,1.000,0.000,0,0,0,100.0000,0,1,73.000,60,1,3155615744
1206,11.259360129,9.691345,16.667503,6,6755.2618,-56.0110,85.7500,6.0870,-0.0000,0.0000,933.5890,933.5890,4,47.7500,186.9842,1.000,0.000,0,0,0,100.0000,0,1,73.000,60,1,3155615744
1207,11.279828332,20.468203,16.668383,6,6770.8037,-54.3536,85.7500,6.0870,-0.0000,0.0000,937.7054,937.7054,4,47.7500,210.4475,1.000,0.000,0,0,0,100.0000,0,1,73.000,60,1,3155668992
1208,11.297441995,17.613663,16.668692,6,6786.4138,-52.6889,85.7500,6.0870,-0.0000,0.0000,941.8033,941.8034,4,47.7500,234.0146,1.000,0.000,0,0,0,100.0000,0,1,73.000,60,1,3155693568
1209,11.313535265,16.093270,16.668483,6,6802.0914,-51.0171,85.7500,6.0870,-0.0000,0.0000,945.8829,945.8829,4,47.7500,257.6845,1.000,0.000,0,0,0,100.0000,0,1,73.000,60,1,3155734528
1210,11.329752558,16.217293,16.667322,6,6817.8351,-49.3382,85.7500,6.0870,-0.0000,0.0000,949.9438,949.9438,4,47.7500,281.4552,1.000,0.000,0,0,0,100.0000,0,1,73.000,60,1,3155759104
1211,11.346330388,16.577830,16.667733,6,6833.6463,-47.6521,85.7500,6.0870,-0.0000,0.0000,953.9866,953.9866,4,47.7500,305.3286,1.000,0.000,0,0,0,100.0000,0,1,73.000,60,1,3155759104
1212,11.363103553,16.773165,16.668633,6,6849.5250,-45.9588,85.7500,6.0870,-0.0000,0.0000,958.0114,958.0114,4,47.7500,329.3048,1.000,0.000,0,0,0,100.0000,0,1,73.000,60,1,3155787776
1213,11.379865728,16.762175,16.668502,6,6865.4700,-44.2584,85.7500,6.0870,-0.0000,0.0000,962.0181,962.0180,4,47.7500,353.3820,1.000,0.000,0,0,0,100.0000,0,1,73.000,60,1,3155812352
1214,11.396138952,16.273224,16.667792,6,6881.4804,-42.5511,85.7500,6.0870,-0.0000,0.0000,966.0065,966.0065,4,47.7500,17.5589,1.000,0.000,0,0,0,100.0000,0,1,73.000,60,1,3155836928
1215,11.412548509,16.409557,16.667093,6,6897.5559,-40.8368,85.7500,6.0870,-0.0000,0.0000,969.9769,969.9769,4,47.7500,41.8350,1.000,0.000,0,0,0,100.0000,0,1,73.000,60,1,3155861504
1216,11.425763139,13.214630,16.667472,6,6913.6974,-39.1155,85.7500,6.0870,-0.0000,0.0000,973.9296,973.9296,4,47.7500,66.2114,1.000,0.000,0,0,0,100.0000,0,1,73.000,60,1,3155861504
1217,11.445392443,19.629304,16.668123,6,6929.9046,-37.3872,85.7500,6.0870,-0.0000,0.0000,977.8646,977.8646,4,47.7500,90.6882,1.000,0.000,0,0,0,100.0000,0,1,73.000,60,1,3155886080
1218,11.464800604,19.408161,16.668263,6,6946.1770,-35.6519,85.7500,6.0870,-0.0000,0.0000,981.7819,981.7819,4,47.7500,115.2640,1.000,0.000,0,0,0,100.0000,0,1,73.000,60,1,3155910656
1219,11.475955150,11.154546,16.668452,6,6962.5141,-33.9097,85.7500,6.0870,-0.0000,0.0000,985.6817,985.6817,4,47.7500,139.9385,1.000,0.000,0,0,0,100.0000,0,1,73.000,60,1,3155927040
1220,11.497429045,21.473895,16.667543,6,6978.9147,-32.1607,85.7500,6.0870,-0.0000,0.0000,989.5638,989.5638,4,47.7500,164.7097,1.000,0.000,0,0,0,100.0000,0,1,73.000,60,1,3155959808
1221,11.509097691,11.668646,16.667483,6,6995.3793,-30.4050,85.7500,6.0870,-0.0000,0.0000,993.4284,993.4284,4,47.7500,189.5784,1.000,0.000,0,0,0,100.0000,0,1,73.000,60,1,3155959808
1222,11.528641505,19.543814,16.669722,6,7011.9099,-28.6422,85.7500,6.0870,-0.0000,0.0000,997.2761,997.2761,4,47.7500,214.5476,1.000,0.000,0,0,0,100.0000,0,1,73.000,60,1,3155984384
1223,11.547877301,19.235796,16.667742,6,7028.5020,-26.8728,85.7500,6.0870,-0.0000,0.0000,1001.1061,1001.1062,4,47.7500,239.6105,1.000,0.000,0,0,0,100.0000,0,1,73.000,60,1,3156008960
1224,11.564223987,16.346686,16.667993,6,7045.1576,-25.0966,85.7500,6.0870,-0.0000,0.0000,1004.9189,1004.9190,4,47.7500,264.7700,1.000,0.000,0,0,0,100.0000,0,1,73.000,60,1,3156033536
1225,11.580083752,15.859765,16.668692,6,7061.8767,-23.3137,85.7500,6.0870,-0.0000,0.0000,1008.7148,1008.7148,4,47.7500,290.0264,1.000,0.000,0,0,0,100.0000,0,1,73.000,60,1,3156033536
1226,11.596369647,16.285895,16.669143,6,7078.6590,-21.5241,85.7500,6.0870,-0.0000,0.0000,1012.4937,1012.4937,4,47.7500,315.3789,1.000,0.000,0,0,0,100.0000,0,1,73.000,60,1,3156058112
1227,11.609241269,12.871622,16.668003,6,7095.5024,-19.7279,85.7500,6.0870,-0.0000,0.0000,1016.2554,1016.2553,4,47.7500,340.8247,1.000,0.000,0,0,0,100.0000,0,1,73.000,60,1,3156103168
1228,11.625767209,16.525940,16.667842,6,7112.4078,-17.9251,85.7500,6.0870,-0.0000,0.0000,1020.0000,1020.0000,4,47.7500,6.3647,1.000,0.000,0,0,0,100.0000,0,1,73.000,60,1,3156127744
1229,11.645868544,20.101335,16.668873,6,7129.3760,-16.1156,85.7500,6.0870,-0.0000,0.0000,1023.7281,1023.7281,4,47.7500,32.0004,1.000,0.000,0,0,0,100.0000,0,1,73.000,60,1,3156156416
1230,11.665864907,19.996363,16.667833,6,7146.4046,-14.2997,85.7500,6.0870,-0.0000,0.0000,1027.4392,1027.4392,4,47.7500,57.7282,1.000,0.000,0,0,0,100.0000,0,1,73.000,60,1,3156156416
1231,11.680270231,14.405324,16.668251,6,7163.4949,-12.4772,85.7500,6.0870,-0.0000,0.0000,1031.1338,1031.1338,4,47.7500,83.5499,1.000,0.000,0,0,0,100.0000,0,1,73.000,60,1,3156180992
1232,11.692740345,12.470114,16.667223,6,7180.6451,-10.6483,85.7500,6.0870,-0.0000,0.0000,1034.8115,1034.8115,4,47.7500,109.4629,1.000,0.000,0,0,0,100.0000,0,1,73.000,60,1,3156205568
1233,11.713194038,20.453693,16.667153,6,7197.8559,-8.8130,85.7500,6.0870,-0.0000,0.0000,1038.4727,1038.4726,4,47.7500,135.4682,1.000,0.000,0,0,0,100.0000,0,1,73.000,60,1,3156234240
1234,11.729094014,15.899976,16.667162,6,7215.1271,-6.9712,85.7500,6.0870,-0.0000,0.0000,1042.1173,1042.1173,4,47.7500,161.5655,1.000,0.000,0,0,0,100.0000,0,1,73.000,60,1,3156238336
1235,11.747097715,18.003701,16.667513,6,7232.4588,-5.1229,85.7500,6.0870,-0.0000,0.0000,1045.7457,1045.7457,4,47.7500,187.7549,1.000,0.000,0,0,0,100.0000,0,1,73.000,60,1,3156262912
1236,11.759748773,12.651058,16.667253,6,7249.8501,-3.2684,85.7500,6.0870,-0.0000,0.0000,1049.3578,1049.3577,4,47.7500,214.0352,1.000,0.000,0,0,0,100.0000,0,1,73.000,60,1,3156324352
1237,11.780546643,20.797870,16.668442,6,7267.3023,-1.4073,85.7500,6.0870,-0.0000,0.0000,1052.9537,1052.9537,4,47.7500,240.4081,1.000,0.000,0,0,0,100.0000,0,1,73.000,60,1,3156381696
1238,11.797222595,16.675952,16.667913,6,7284.8132,0.4601,85.7500,6.0870,-0.0000,0.0000,1056.5334,1056.5335,4,47.7500,266.8705,1.000,0.000,0,0,0,100.0000,0,1,73.000,60,1,3156410368
1239,11.814134123,16.911528,16.667642,6,7302.3829,2.3337,85.7500,6.0870,-0.0000,0.0000,1060.0970,1060.0970,4,47.7500,293.4224,1.000,0.000,0,0,0,100.0000,0,1,73.000,60,1,3156410368
1240,11.829472917,15.338794,16.667482,6,7320.0112,4.2136,85.7500,6.0870,-0.0000,0.0000,1063.6447,1063.6446,4,47.7500,320.0637,1.000,0.000,0,0,0,100.0000,0,1,73.000,60,1,3156434944
1241,11.842730888,13.257971,16.667843,6,7337.6984,6.0997,85.7500,6.0870,-0.0000,0.0000,1067.1763,1067.1762,4,47.7500,346.7947,1.000,0.000,0,0,0,100.0000,0,1,73.000,60,1,3156459520
1242,11.862283591,19.552703,16.667523,6,7355.4436,7.9921,85.7500,6.0870,-0.0000,0.0000,1070.6919,1070.6919,4,47.7500,13.6139,1.000,0.000,0,0,0,100.0000,0,1,73.000,60,1,3156484096
1243,11.875861749,13.578158,16.667562,6,7373.2468,9.8906,85.7500,6.0870,-0.0000,0.0000,1074.1919,1074.1919,4,47.7500,40.5215,1.000,0.000,0,0,0,100.0000,0,1,73.000,60,1,3156484096
1244,11.896317431,20.455682,16.668863,6,7391.1092,11.7954,85.7500,6.0870,-0.0000,0.0000,1077.6764,1077.6763,4,47.7500,67.5192,1.000,0.000,0,0,0,100.0000,0,1,73.000,60,1,3156508672
1245,11.914888984,18.571553,16.667453,6,7409.0275,13.7062,85.7500,6.0870,-0.0000,0.0000,1081.1449,1081.1449,4,47.7500,94.6022,1.000,0.000,0,0,0,100.0000,0,1,73.000,60,1,3156533248
1246,11.926207973,11.318989,16.667382,6,7427.0030,15.6231,85.7500,6.0870,-0.0000,0.0000,1084.5978,1084.5978,4,47.7500,121.7723,1.000,0.000,0,0,0,100.0000,0,1,73.000,60,1,3156557824
1247,11.943103401,16.895428,16.668293,6,7445.0365,17.5462,85.7500,6.0870,-0.0000,0.0000,1088.0354,1088.0354,4,47.7500,149.0306,1.000,0.000,0,0,0,100.0000,0,1,73.000,60,1,3156582400
1248,11.962995732,19.892331,16.668432,6,7463.1268,19.4753,85.7500,6.0870,-0.0000,0.0000,1091.4575,1091.4575,4,47.7500,176.3755,1.000,0.000,0,0,0,100.0000,0,1,73.000,60,1,3156606976
1249,11.980174745,17.179013,16.667812,6,7481.2729,21.4104,85.7500,6.0870,-0.0000,0.0000,1094.8641,1094.8642,4,47.7500,203.8054,1.000,0.000,0,0,0,100.0000,0,1,73.000,60,1,3156606976
1250,11.996074531,15.899786,16.667513,6,7499.4749,23.3515,85.7500,6.0870,-0.0000,0.0000,1098.2555,1098.2555,4,47.7500,231.3204,1.000,0.000,0,0,0,100.0000,0,1,73.000,60,1,3156647936
1251,12.012218252,16.143721,16.667273,6,7517.7325,25.2985,85.7500,6.0870,-0.0000,0.0000,1101.6315,1101.6315,4,47.7500,258.9203,1.000,0.000,0,0,0,100.0000,0,1,73.000,60,1,3156697088
1252,12.030995310,18.777058,16.668982,6,7536.0478,27.2516,85.7500,6.0870,-0.0000,0.0000,1104.9926,1104.9926,4,47.7500,286.6078,1.000,0.000,0,0,0,100.0000,0,1,73.000,60,1,3156721664
1253,12.045295572,14.300262,16.667253,6,7554.4166,29.2104,85.7500,6.0870,-0.0000,0.0000,1108.3383,1108.3382,4,47.7500,314.3770,1.000,0.000,0,0,0,100.0000,0,1,73.000,60,1,3156725760
1254,12.062708631,17.413059,16.668023,6,7572.8415,31.1753,85.7500,6.0870,-0.0000,0.0000,1111.6691,1111.6690,4,47.7500,342.2315,1.000,0.000,0,0,0,100.0000,0,1,73.000,60,1,3156750336
1255,12.082701934,19.993303,16.667912,6,7591.3211,33.1459,85.7500,6.0870,-0.0000,0.0000,1114.9849,1114.9848,4,47.7500,10.1695,1.000,0.000,0,0,0,100.0000,0,1,73.000,60,1,3156774912
1256,12.098162420,15.460486,16.668753,6,7609.8565,35.1225,85.7500,6.0870,-0.0000,0.0000,1118.2859,1118.2859,4,47.7500,38.1923,1.000,0.000,0,0,0,100.0000,0,1,73.000,60,1,3156811776
1257,12.114274131,16.111711,16.668952,6,7628.4465,37.1049,85.7500,6.0870,-0.0000,0.0000,1121.5721,1121.5721,4,47.7500,66.2983,1.000,0.000,0,0,0,100.0000,0,1,73.000,60,1,3156873216
1258,12.129236478,14.962347,16.668072,6,7647.0898,39.0931,85.7500,6.0870,-0.0000,0.0000,1124.8434,1124.8434,4,47.7500,94.4855,1.000,0.000,0,0,0,100.0000,0,1,73.000,60,1,3156889600
1259,12.145985862,16.749384,16.667803,6,7665.7867,41.0869,85.7500,6.0870,-0.0000,0.0000,1128.0999,1128.0999,4,47.7500,122.7545,1.000,0.000,0,0,0,100.0000,0,1,73.000,60,1,3156914176
1260,12.162478951,16.493089,16.667593,6,7684.5371,43.0864,85.7500,6.0870,-0.0000,0.0000,1131.3418,1131.3418,4,47.7500,151.1049,1.000,0.000,0,0,0,100.0000,0,1,73.000,60,1,3156955136
1261,12.179209905,16.730954,16.668722,6,7703.3423,45.0918,85.7500,6.0870,-0.0000,0.0000,1134.5693,1134.5694,4,47.7500,179.5387,1.000,0.000,0,0,0,100.0000,0,1,73.000,60,1,3156979712
1262,12.196213214,17.003309,16.667093,6,7722.1989,47.1027,85.7500,6.0870,-0.0000,0.0000,1137.7821,1137.7821,4,47.7500,208.0508,1.000,0.000,0,0,0,100.0000,0,1,73.000,60,1,3157004288
1263,12.215167775,18.954561,16.667223,6,7741.1087,49.1192,85.7500,6.0870,-0.0000,0.0000,1140.9803,1140.9804,4,47.7500,236.6440,1.000,0.000,0,0,0,100.0000,0,1,73.000,60,1,3157004288
1264,12.226246860,11.079085,16.668492,6,7760.0727,51.1415,85.7500,6.0870,-0.0000,0.0000,1144.1644,1144.1645,4,47.7500,265.3196,1.000,0.000,0,0,0,100.0000,0,1,73.000,60,1,3157028864
1265,12.243228849,16.981989,16.667483,6,7779.0880,53.1693,85.7500,6.0870,-0.0000,0.0000,1147.3341,1147.3341,4,47.7500,294.0735,1.000,0.000,0,0,0,100.0000,0,1,73.000,60,1,3157053440
1266,12.260261809,17.032960,16.668722,6,7798.1571,55.2028,85.7500,6.0870,-0.0000,0.0000,1150.4897,1150.4897,4,47.7500,322.9093,1.000,0.000,0,0,0,100.0000,0,1,73.000,60,1,3157078016
1267,12.281164161,20.902352,16.668012,6,7817.2774,57.2418,85.7500,6.0870,-0.0000,0.0000,1153.6310,1153.6309,4,47.7500,351.8231,1.000,0.000,0,0,0,100.0000,0,1,73.000,60,1,3157106688
1268,12.292828148,11.663987,16.668903,6,7836.4506,59.2864,85.7500,6.0870,-0.0000,0.0000,1156.7583,1156.7583,4,47.7500,20.8174,1.000,0.000,0,0,0,100.0000,0,1,73.000,60,1,3157106688
1269,12.312950784,20.122636,16.667853,6,7855.6742,61.3364,85.7500,6.0870,-0.0000,0.0000,1159.8715,1159.8714,4,47.7500,49.8885,1.000,0.000,0,0,0,100.0000,0,1,73.000,60,1,3157131264
1270,12.329027544,16.076760,16.668452,6,7874.9498,63.3919,85.7500,6.0870,-0.0000,0.0000,1162.9707,1162.9707,4,47.7500,79.0389,1.000,0.000,0,0,0,100.0000,0,1,73.000,60,1,3157159936
1271,12.345820679,16.793135,16.667343,6,7894.2753,65.4528,85.7500,6.0870,-0.0000,0.0000,1166.0557,1166.0557,4,47.7500,108.2652,1.000,0.000,0,0,0,100.0000,0,1,73.000,60,1,3157184512
1272,12.384938167,39.117488,41.633280,6,7933.1273,69.5959,85.7500,6.0870,-0.0000,0.0000,1172.1678,1172.1678,4,47.7500,181.4632,1.000,0.000,0,0,0,100.0000,0,1,73.000,60,1,3157209088
1273,12.400535916,15.597749,16.667393,6,7952.6045,71.6730,85.7500,6.0870,-0.0000,0.0000,1175.2115,1175.2116,4,47.7500,210.9207,1.000,0.000,0,0,0,100.0000,0,1,73.000,60,1,3157209088
1274,12.419780034,19.244118,16.668533,6,7972.1334,73.7555,85.7500,6.0870,-0.0000,0.0000,1178.2418,1178.2419,4,47.7500,240.4568,1.000,0.000,0,0,0,100.0000,0,1,73.000,60,1,3157245952
1275,12.439185344,19.405310,16.667702,6,7991.7112,75.8433,85.7500,6.0870,-0.0000,0.0000,1181.2584,1181.2584,4,47.7500,270.0675,1.000,0.000,0,0,0,100.0000,0,1,73.000,60,1,3157274624
1276,12.451370711,12.185367,16.668192,6,8011.3394,77.9364,85.7500,6.0870,-0.0000,0.0000,1184.2614,1184.2614,4,47.7500,299.7549,1.000,0.000,0,0,0,100.0000,0,1,73.000,60,1,3157299200
1277,12.469022805,17.652094,16.668993,6,8031.0181,80.0350,85.7500,6.0870,-0.0000,0.0000,1187.2510,1187.2510,4,47.7500,329.5192,1.000,0.000,0,0,0,100.0000,0,1,73.000,60,1,3157323776
1278,12.488892395,19.869590,16.667622,6,8050.7446,82.1386,85.7500,6.0870,-0.0000,0.0000,1190.2271,1190.2270,4,47.7500,359.3562,1.000,0.000,0,0,0,100.0000,0,1,73.000,60,1,3157348352
1279,12.501098313,12.205918,16.667313,6,8070.5197,84.2474,85.7500,6.0870,-0.0000,0.0000,1193.1896,1193.1895,4,47.7500,29.2675,1.000,0.000,0,0,0,100.0000,0,1,73.000,60,1,3157348352
1280,12.518390959,17.292646,16.668113,6,8090.3447,86.3615,85.7500,6.0870,-0.0000,0.0000,1196.1389,1196.1389,4,47.7500,59.2546,1.000,0.000,0,0,0,100.0000,0,1,73.000,60,1,3157377024
1281,12.538178168,19.787209,16.667212,6,8110.2172,88.4807,85.7500,6.0870,-0.0000,0.0000,1199.0748,1199.0749,4,47.7500,89.3142,1.000,0.000,0,0,0,100.0000,0,1,73.000,60,1,3157409792
1282,12.554365690,16.187522,16.668853,6,8130.1402,90.6053,85.7500,6.0870,-0.0000,0.0000,1201.9979,1201.9980,4,47.7500,119.4506,1.000,0.000,0,0,0,100.0000,0,1,73.000,60,1,3157446656
1283,12.570809517,16.443827,16.667343,6,8150.1096,92.7348,85.7500,6.0870,-0.0000,0.0000,1204.9076,1204.9076,4,47.7500,149.6577,1.000,0.000,0,0,0,100.0000,0,1,73.000,60,1,3157479424
1284,12.587905520,17.096003,16.667772,6,8170.1275,94.8695,85.7500,6.0870,-0.0000,0.0000,1207.8042,1207.8042,4,47.7500,179.9387,1.000,0.000,0,0,0,100.0000,0,1,73.000,60,1,3157504000
1285,12.605397399,17.491879,16.667142,6,8190.1924,97.0092,85.7500,6.0870,-0.0000,0.0000,1210.6876,1210.6876,4,47.7500,210.2914,1.000,0.000,0,0,0,100.0000,0,1,73.000,60,1,3157528576
1286,12.620742073,15.344674,16.668693,6,8210.3068,99.1542,85.7500,6.0870,-0.0000,0.0000,1213.5583,1213.5584,4,47.7500,240.7193,1.000,0.000,0,0,0,100.0000,0,1,73.000,60,1,3157553152
1287,12.638194363,17.452290,16.667882,6,8230.4676,101.3041,85.7500,6.0870,-0.0000,0.0000,1216.4161,1216.4162,4,47.7500,271.2179,1.000,0.000,0,0,0,100.0000,0,1,73.000,60,1,3157577728
1288,12.654350065,16.155702,16.667093,6,8250.6745,103.4590,85.7500,6.0870,-0.0000,0.0000,1219.2610,1219.2610,4,47.7500,301.7869,1.000,0.000,0,0,0,100.0000,0,1,73.000,60,1,3157594112
1289,12.671231632,16.881567,16.668443,6,8270.9301,105.6190,85.7500,6.0870,-0.0000,0.0000,1222.0933,1222.0932,4,47.7500,332.4299,1.000,0.000,0,0,0,100.0000,0,1,73.000,60,1,3157618688
1290,12.687950116,16.718484,16.667742,6,8291.2315,107.7840,85.7500,6.0870,-0.0000,0.0000,1224.9126,1224.9126,4,47.7500,3.1427,1.000,0.000,0,0,0,100.0000,0,1,73.000,60,1,3157647360
1291,12.703965645,16.015529,16.667583,6,8311.5792,109.9538,85.7500,6.0870,-0.0000,0.0000,1227.7192,1227.7193,4,47.7500,33.9261,1.000,0.000,0,0,0,100.0000,0,1,73.000,60,1,3157671936
1292,12.720691468,16.725823,16.668373,6,8331.9743,112.1287,85.7500,6.0870,-0.0000,0.0000,1230.5135,1230.5135,4,47.7500,64.7815,1.000,0.000,0,0,0,100.0000,0,1,73.000,60,1,3157696512
1293,12.737186877,16.495409,16.667602,6,8352.4144,114.3085,85.7500,6.0870,-0.0000,0.0000,1233.2950,1233.2950,4,47.7500,95.7057,1.000,0.000,0,0,0,100.0000,0,1,73.000,60,1,3157696512
1294,12.754201007,17.014130,16.668993,6,8372.9022,116.4933,85.7500,6.0870,-0.0000,0.0000,1236.0643,1236.0643,4,47.7500,126.7024,1.000,0.000,0,0,0,100.0000,0,1,73.000,60,1,3157721088
1295,12.771577354,17.376347,16.668022,6,8393.4345,118.6828,85.7500,6.0870,-0.0000,0.0000,1238.8209,1238.8209,4,47.7500,157.7669,1.000,0.000,0,0,0,100.0000,0,1,73.000,60,1,3157745664
1296,12.788611624,17.034270,16.668362,6,8414.0127,120.8773,85.7500,6.0870,-0.0000,0.0000,1241.5652,1241.5652,4,47.7500,188.9013,1.000,0.000,0,0,0,100.0000,0,1,73.000,60,1,3157770240
1297,12.804728815,16.117191,16.667433,6,8434.6350,123.0764,85.7500,6.0870,-0.0000,0.0000,1244.2970,1244.2970,4,47.7500,220.1030,1.000,0.000,0,0,0,100.0000,0,1,73.000,60,1,3157884928
1298,12.820888417,16.159602,16.668573,6,8455.3038,125.2805,85.7500,6.0870,-0.0000,0.0000,1247.0167,1247.0167,4,47.7500,251.3754,1.000,0.000,0,0,0,100.0000,0,1,73.000,60,1,3158208512
1299,12.838375767,17.487350,16.667022,6,8476.0155,127.4892,85.7500,6.0870,-0.0000,0.0000,1249.7239,1249.7238,4,47.7500,282.7132,1.000,0.000,0,0,0,100.0000,0,1,73.000,60,1,3158208512
1300,12.854451277,16.075510,16.668793,6,8496.7741,129.7029,85.7500,6.0870,-0.0000,0.0000,1252.4192,1252.4192,4,47.7500,314.1224,1.000,0.000,0,0,0,100.0000,0,1,73.000,60,1,3158208512
1301,12.870592658,16.141381,16.667533,6,8517.5757,131.9212,85.7500,6.0870,-0.0000,0.0000,1255.1022,1255.1022,4,47.7500,345.5970,1.000,0.000,0,0,0,100.0000,0,1,73.000,60,1,3158208512
1302,12.888895995,18.303337,16.667322,6,8538.4212,134.1441,85.7500,6.0870,-0.0000,0.0000,1257.7732,1257.7731,4,47.7500,17.1386,1.000,0.000,0,0,0,100.0000,0,1,73.000,60,1,3158220800
1303,12.906033429,17.137434,16.667143,6,8559.3105,136.3717,85.7500,6.0870,-0.0000,0.0000,1260.4320,1260.4320,4,47.7500,48.7470,1.000,0.000,0,0,0,100.0000,0,1,73.000,60,1,3158220800
1304,12.923644090,17.610661,16.667102,6,8580.2437,138.6040,85.7500,6.0870,-0.0000,0.0000,1263.0790,1263.0789,4,47.7500,80.4221,1.000,0.000,0,0,0,100.0000,0,1,73.000,60,1,3158245376
1305,12.939617848,15.973758,16.667802,6,8601.2214,140.8411,85.7500,6.0870,-0.0000,0.0000,1265.7140,1265.7140,4,47.7500,112.1651,1.000,0.000,0,0,0,100.0000,0,1,73.000,60,1,3158245376
1306,12.954582875,14.965027,16.667743,6,8622.2426,143.0828,85.7500,6.0870,-0.0000,0.0000,1268.3373,1268.3373,4,47.7500,143.9742,1.000,0.000,0,0,0,100.0000,0,1,73.000,60,1,3158257664
1307,12.972829781,18.246906,16.668503,6,8643.3080,145.3292,85.7500,6.0870,-0.0000,0.0000,1270.9490,1270.9490,4,47.7500,175.8507,1.000,0.000,0,0,0,100.0000,0,1,73.000,60,1,3158257664
1308,12.989022864,16.193083,16.667712,6,8664.4154,147.5801,85.7500,6.0870,-0.0000,0.0000,1273.5487,1273.5487,4,47.7500,207.7913,1.000,0.000,0,0,0,100.0000,0,1,73.000,60,1,3158265856
1309,13.004045082,15.022218,16.667103,6,8685.5650,149.8354,85.7500,6.0870,-0.0000,0.0000,1276.1367,1276.1367,4,47.7500,239.7961,1.000,0.000,0,0,0,100.0000,0,1,73.000,60,1,3158265856
1310,13.020447258,16.402176,16.667873,6,8706.7583,152.0955,85.7500,6.0870,-0.0000,0.0000,1278.7131,1278.7131,4,47.7500,271.8674,1.000,0.000,0,0,0,100.0000,0,1,73.000,60,1,3158274048
1311,13.037668402,17.221144,16.667522,6,8727.9936,154.3600,85.7500,6.0870,-0.0000,0.0000,1281.2780,1281.2780,4,47.7500,304.0027,1.000,0.000,0,0,0,100.0000,0,1,73.000,60,1,3158274048
1312,13.054878456,17.210054,16.667383,6,8749.2711,156.6290,85.7500,6.0870,-0.0000,0.0000,1283.8312,1283.8312,4,47.7500,336.2023,1.000,0.000,0,0,0,100.0000,0,1,73.000,60,1,3158274048
1313,13.070787213,15.908757,16.668463,6,8770.5920,158.9027,85.7500,6.0870,-0.0000,0.0000,1286.3730,1286.3731,4,47.7500,8.4681,1.000,0.000,0,0,0,100.0000,0,1,73.000,60,1,3158274048
1314,13.089257054,18.469841,16.667581,6,8791.9538,161.1807,85.7500,6.0870,-0.0000,0.0000,1288.9034,1288.9035,4,47.7500,40.7961,1.000,0.000,0,0,0,100.0000,0,1,73.000,60,1,3158282240
1315,13.104333003,15.075949,16.667553,6,8813.3573,163.4631,85.7500,6.0870,-0.0000,0.0000,1291.4225,1291.4224,4,47.7500,73.1876,1.000,0.000,0,0,0,100.0000,0,1,73.000,60,1,3158282240
1316,13.121175629,16.842626,16.667843,6,8834.8027,165.7501,85.7500,6.0870,-0.0000,0.0000,1293.9302,1293.9302,4,47.7500,105.6430,1.000,0.000,0,0,0,100.0000,0,1,73.000,60,1,3158282240
1317,13.139293972,18.118343,16.668402,6,8856.2903,168.0415,85.7500,6.0870,-0.0000,0.0000,1296.4268,1296.4267,4,47.7500,138.1625,1.000,0.000,0,0,0,100.0000,0,1,73.000,60,1,3158302720
1318,13.155949054,16.655082,16.667843,6,8877.8183,170.3372,85.7500,6.0870,-0.0000,0.0000,1298.9120,1298.9119,4,47.7500,170.7436,1.000,0.000,0,0,0,100.0000,0,1,73.000,60,1,3158302720
1319,13.172003494,16.054440,16.667803,6,8899.3872,172.6373,85.7500,6.0870,-0.0000,0.0000,1301.3860,1301.3860,4,47.7500,203.3871,1.000,0.000,0,0,0,100.0000,0,1,73.000,60,1,3158315008
1320,13.187339339,15.335845,16.668012,6,8920.9973,174.9418,85.7500,6.0870,-0.0000,0.0000,1303.8490,1303.8490,4,47.7500,236.0933,1.000,0.000,0,0,0,100.0000,0,1,73.000,60,1,3158339584
1321,13.204607264,17.267925,16.668433,6,8942.6485,177.2507,85.7500,6.0870,-0.0000,0.0000,1306.3009,1306.3009,4,47.7500,268.8621,1.000,0.000,0,0,0,100.0000,0,1,73.000,60,1,3158339584
1322,13.222603344,17.996080,16.668283,6,8964.3400,179.5639,85.7500,6.0870,-0.0000,0.0000,1308.7418,1308.7418,4,47.7500,301.6923,1.000,0.000,0,0,0,100.0000,0,1,73.000,60,1,3158364160
1323,13.234772702,12.169358,16.668392,6,8986.0719,181.8813,85.7500,6.0870,-0.0000,0.0000,1311.1718,1311.1717,4,47.7500,334.5840,1.000,0.000,0,0,0,100.0000,0,1,73.000,60,1,3158388736
1324,13.255277076,20.504374,16.668062,6,9007.8435,184.2030,85.7500,6.0870,-0.0000,0.0000,1313.5908,1313.5908,4,47.7500,7.5362,1.000,0.000,0,0,0,100.0000,0,1,73.000,60,1,3158413312
1325,13.271265024,15.987948,16.667813,6,9029.6546,186.5290,85.7500,6.0870,-0.0000,0.0000,1315.9989,1315.9989,4,47.7500,40.5486,1.000,0.000,0,0,0,100.0000,0,1,73.000,60,1,3158437888
1326,13.287656400,16.391376,16.667792,6,9051.5055,188.8591,85.7500,6.0870,-0.0000,0.0000,1318.3961,1318.3962,4,47.7500,73.6215,1.000,0.000,0,0,0,100.0000,0,1,73.000,60,1,3158437888
1327,13.304434485,16.778085,16.668993,6,9073.3975,191.1937,85.7500,6.0870,-0.0000,0.0000,1320.7828,1320.7828,4,47.7500,106.7571,1.000,0.000,0,0,0,100.0000,0,1,73.000,60,1,3158482944
1328,13.320902533,16.468048,16.667113,6,9095.3264,193.5322,85.7500,6.0870,-0.0000,0.0000,1323.1584,1323.1585,4,47.7500,139.9489,1.000,0.000,0,0,0,100.0000,0,1,73.000,60,1,3158507520
1329,13.338118558,17.216025,16.983129,6,9117.7117,195.9193,85.7500,6.0870,-0.0000,0.0000,1325.5681,1325.5681,4,47.7500,173.8309,1.000,0.000,0,0,0,100.0000,0,1,73.000,60,1,3158532096
1330,13.358596731,20.478173,16.667722,6,9139.7204,198.2663,85.7500,6.0870,-0.0000,0.0000,1327.9222,1327.9223,4,47.7500,207.1441,1.000,0.000,0,0,0,100.0000,0,1,73.000,60,1,3158556672
1331,13.368102511,9.505780,16.669013,6,9161.7696,200.6176,85.7500,6.0870,-0.0000,0.0000,1330.2661,1330.2661,4,47.7500,240.5192,1.000,0.000,0,0,0,100.0000,0,1,73.000,60,1,3158556672
1332,13.384749924,16.647413,16.667713,6,9183.8558,202.9729,85.7500,6.0870,-0.0000,0.0000,1332.5991,1332.5992,4,47.7500,273.9505,1.000,0.000,0,0,0,100.0000,0,1,73.000,60,1,3158585344
1333,13.402310906,17.560982,16.668382,6,9205.9813,205.3323,85.7500,6.0870,-0.0000,0.0000,1334.9219,1334.9218,4,47.7500,307.4418,1.000,0.000,0,0,0,100.0000,0,1,73.000,60,1,3158609920
1334,13.418275044,15.964138,16.667983,6,9228.1446,207.6958,85.7500,6.0870,-0.0000,0.0000,1337.2341,1337.2341,4,47.7500,340.9907,1.000,0.000,0,0,0,100.0000,0,1,73.000,60,1,3158609920
1335,13.437987840,19.712796,16.668713,6,9250.3471,210.0635,85.7500,6.0870,-0.0000,0.0000,1339.5360,1339.5360,4,47.7500,14.5991,1.000,0.000,0,0,0,100.0000,0,1,73.000,60,1,3158659072
1336,13.451796962,13.809122,16.668442,6,9272.5872,212.4351,85.7500,6.0870,-0.0000,0.0000,1341.8275,1341.8275,4,47.7500,48.2649,1.000,0.000,0,0,0,100.0000,0,1,73.000,60,1,3158708224
1337,13.471695733,19.898771,16.668113,6,9294.8646,214.8108,85.7500,6.0870,-0.0000,0.0000,1344.1086,1344.1086,4,47.7500,81.9876,1.000,0.000,0,0,0,100.0000,0,1,73.000,60,1,3158732800
1338,13.490164524,18.468791,16.668851,7,9317.1807,217.1906,85.7500,6.0870,-0.0000,0.0000,1346.3796,1346.3796,4,47.7500,115.7691,1.000,0.000,0,0,0,100.0000,0,1,73.000,60,1,3158757376
1339,13.668607838,178.443314,16.667543,7,9339.1152,219.5297,85.7500,6.0870,-0.0000,0.0000,1323.4614,1323.4615,4,47.7500,149.6050,0.000,0.000,1,0,0,100.0000,0,1,73.000,60,1,3163332608
1340,13.676139777,7.531939,171.172241,7,9381.4697,224.0463,85.7500,6.0870,-0.0000,0.0000,1277.8401,1277.8401,4,47.7500,131.1781,0.000,0.000,1,0,0,100.0000,0,1,73.000,60,1,3163357184
1341,13.692886902,16.747125,16.667123,7,9402.2705,226.2645,85.7500,6.0870,-0.0000,0.0000,1255.0940,1255.0940,4,47.7500,163.2907,0.000,0.000,1,0,0,100.0000,0,1,73.000,60,1,3163357184
1342,13.709332980,16.446078,16.667593,7,9422.6959,228.4427,85.7500,6.0870,-0.0000,0.0000,1232.4041,1232.4040,4,47.7500,194.8326,0.000,0.000,1,0,0,100.0000,0,1,73.000,60,1,3163394048
1343,13.725785198,16.452218,16.667562,7,9442.7462,230.5808,85.7500,6.0870,-0.0000,0.0000,1209.7708,1209.7708,4,47.7500,225.8043,0.000,0.000,1,0,0,100.0000,0,1,73.000,60,1,3163418624
1344,13.744103045,18.317847,16.668532,7,9462.4234,232.6792,85.7500,6.0870,-0.0000,0.0000,1187.1929,1187.1928,4,47.7500,256.2089,0.000,0.000,1,0,0,100.0000,0,1,73.000,60,1,3163455488
1345,13.755871454,11.768409,16.667073,7,9481.7256,234.7376,85.7500,6.0870,-0.0000,0.0000,1164.6733,1164.6733,4,47.7500,286.0435,0.000,0.000,1,0,0,100.0000,0,1,73.000,60,1,3163455488
1346,13.774748603,18.877149,16.667932,7,9500.6566,236.7563,85.7500,6.0870,-0.0000,0.0000,1142.2089,1142.2089,4,47.7500,315.3136,0.000,0.000,1,0,0,100.0000,0,1,73.000,60,1,3163484160
1347,13.793613303,18.864700,16.667613,7,9519.2157,238.7355,85.7500,6.0870,-0.0000,0.0000,1119.8010,1119.8010,4,47.7500,344.0186,0.000,0.000,1,0,0,100.0000,0,1,73.000,60,1,3163533312
1348,13.810275805,16.662502,16.667613,7,9537.4045,240.6751,85.7500,6.0870,-0.0000,0.0000,1097.4493,1097.4493,4,47.7500,12.1605,0.000,0.000,1,0,0,100.0000,0,1,73.000,60,1,3163566080
1349,13.822282769,12.006964,16.667942,7,9555.2240,242.5754,85.7500,6.0870,-0.0000,0.0000,1075.1530,1075.1530,4,47.7500,39.7412,0.000,0.000,1,0,0,100.0000,0,1,73.000,60,1,3163570176
1350,13.840843021,18.560252,16.667423,7,9572.6744,244.4363,85.7500,6.0870,-0.0000,0.0000,1052.9131,1052.9131,4,47.7500,66.7608,0.000,0.000,1,0,0,100.0000,0,1,73.000,60,1,3163615232
1351,13.861407007,20.563986,16.668703,7,9589.7585,246.2581,85.7500,6.0870,-0.0000,0.0000,1030.7271,1030.7271,4,47.7500,93.2234,0.000,0.000,1,0,0,100.0000,0,1,73.000,60,1,3163639808
1352,13.872377849,10.970842,16.668702,7,9606.4757,248.0408,85.7500,6.0870,-0.0000,0.0000,1008.5966,1008.5966,4,47.7500,119.1285,0.000,0.000,1,0,0,100.0000,0,1,73.000,60,1,3163668480
1353,13.889707165,17.329316,16.667783,7,9622.8261,249.7844,85.7500,6.0870,-0.0000,0.0000,986.5226,986.5226,4,47.7500,144.4759,0.000,0.000,1,0,0,100.0000,0,1,73.000,60,1,3163701248
1354,13.908058163,18.350998,16.667822,7,9638.8116,251.4891,85.7500,6.0870,-0.0000,0.0000,964.5037,964.5037,4,47.7500,169.2687,0.000,0.000,1,0,0,100.0000,0,1,73.000,60,1,3163738112
1355,13.923125922,15.067759,16.668722,7,9654.4340,253.1551,85.7500,6.0870,-0.0000,0.0000,942.5388,942.5388,4,47.7500,193.5094,0.000,0.000,1,0,0,100.0000,0,1,73.000,60,1,3163758592
1356,13.940620012,17.494090,16.667763,7,9669.6923,254.7822,85.7500,6.0870,-0.0000,0.0000,920.6299,920.6300,4,47.7500,217.1967,0.000,0.000,1,0,0,100.0000,0,1,73.000,60,1,3163791360
1357,13.958730665,18.110653,16.668853,7,9684.5894,256.3708,85.7500,6.0870,-0.0000,0.0000,898.7745,898.7745,4,47.7500,240.3349,0.000,0.000,1,0,0,100.0000,0,1,73.000,60,1,3163815936
1358,13.977434801,18.704136,16.668332,7,9699.1247,257.9209,85.7500,6.0870,-0.0000,0.0000,876.9744,876.9744,4,47.7500,262.9231,0.000,0.000,1,0,0,100.0000,0,1,73.000,60,1,3163848704
1359,13.989114067,11.679266,16.667123,7,9713.2985,259.4324,85.7500,6.0870,-0.0000,0.0000,855.2303,855.2304,4,47.7500,284.9618,0.000,0.000,1,0,0,100.0000,0,1,73.000,60,1,3163848704
1360,14.006742331,17.628264,16.668723,7,9727.1142,260.9057,85.7500,6.0870,-0.0000,0.0000,833.5386,833.5386,4,47.7500,306.4562,0.000,0.000,1,0,0,100.0000,0,1,73.000,60,1,3163881472
1361,14.026528599,19.786268,16.668302,7,9740.5710,262.3407,85.7500,6.0870,-0.0000,0.0000,811.9017,811.9017,4,47.7500,327.4048,0.000,0.000,1,0,0,100.0000,0,1,73.000,60,1,3163906048
1362,14.043869286,17.340687,16.668083,7,9753.6698,263.7375,85.7500,6.0870,-0.0000,0.0000,790.3191,790.3191,4,47.7500,347.8094,0.000,0.000,1,0,0,100.0000,0,1,73.000,60,1,3163930624
1363,14.055804048,11.934762,16.668362,7,9766.4120,265.0963,85.7500,6.0870,-0.0000,0.0000,768.7902,768.7901,4,47.7500,7.6719,0.000,0.000,1,0,0,100.0000,0,1,73.000,60,1,3163930624
1364,14.072699366,16.895318,16.667943,7,9778.7980,266.4172,85.7500,6.0870,-0.0000,0.0000,747.3156,747.3156,4,47.7500,26.9929,0.000,0.000,1,0,0,100.0000,0,1,73.000,60,1,3163955200
1365,14.091908322,19.208956,16.668443,7,9790.8293,267.7002,85.7500,6.0870,-0.0000,0.0000,725.8940,725.8940,4,47.7500,45.7747,0.000,0.000,1,0,0,100.0000,0,1,73.000,60,1,3163979776
1366,14.106036841,14.128519,16.668771,7,9802.5067,268.9455,85.7500,6.0870,-0.0000,0.0000,704.5256,704.5256,4,47.7500,64.0186,0.000,0.000,1,0,0,100.0000,0,1,73.000,60,1,3164004352
1367,14.123947930,17.911089,16.668193,7,9813.8304,270.1530,85.7500,6.0870,-0.0000,0.0000,683.2114,683.2113,4,47.7500,81.7247,0.000,0.000,1,0,0,100.0000,0,1,73.000,60,1,3164028928
1368,14.144208478,20.260548,16.667643,7,9824.8013,271.3229,85.7500,6.0870,-0.0000,0.0000,661.9511,661.9511,4,47.7500,98.8946,0.000,0.000,1,0,0,100.0000,0,1,73.000,60,1,3164053504
1369,14.159530163,15.321685,16.667132,7,9835.4205,272.4554,85.7500,6.0870,-0.0000,0.0000,640.7446,640.7446,4,47.7500,115.5298,0.000,0.000,1,0,0,100.0000,0,1,73.000,60,1,3164053504
1370,14.177028172,17.498009,16.667553,7,9845.6893,273.5504,85.7500,6.0870,-0.0000,0.0000,619.5906,619.5906,4,47.7500,131.6324,0.000,0.000,1,0,0,100.0000,0,1,73.000,60,1,3164078080
1371,14.191787495,14.759323,16.668873,7,9855.6092,274.6083,85.7500,6.0870,-0.0000,0.0000,598.4879,598.4879,4,47.7500,147.2046,0.000,0.000,1,0,0,100.0000,0,1,73.000,60,1,3164102656
1372,14.209629542,17.842047,16.668632,7,9865.1800,275.6289,85.7500,6.0870,-0.0000,0.0000,577.4382,577.4382,4,47.7500,162.2462,0.000,0.000,1,0,0,100.0000,0,1,73.000,60,1,3164127232
1373,14.225235002,15.605460,16.667193,7,9874.4021,276.6123,85.7500,6.0870,-0.0000,0.0000,556.4429,556.4429,4,47.7500,176.7575,0.000,0.000,1,0,0,100.0000,0,1,73.000,60,1,3164127232
1374,14.242037818,16.802816,16.667023,7,9883.2770,277.5588,85.7500,6.0870,-0.0000,0.0000,535.5004,535.5004,4,47.7500,190.7411,0.000,0.000,1,0,0,100.0000,0,1,73.000,60,1,3164151808
1375,14.260646812,18.608994,16.668742,7,9891.8065,278.4683,85.7500,6.0870,-0.0000,0.0000,514.6080,514.6080,4,47.7500,204.1997,0.000,0.000,1,0,0,100.0000,0,1,73.000,60,1,3164176384
1376,14.272684176,12.037364,16.667593,7,9899.9900,279.3410,85.7500,6.0870,-0.0000,0.0000,493.7693,493.7693,4,47.7500,217.1324,0.000,0.000,1,0,0,100.0000,0,1,73.000,60,1,3164200960
1377,14.290446162,17.761986,16.668353,7,9907.8294,280.1770,85.7500,6.0870,-0.0000,0.0000,472.9818,472.9818,4,47.7500,229.5419,0.000,0.000,1,0,0,100.0000,0,1,73.000,60,1,3164229632
1378,14.311085228,20.639066,16.667251,7,9915.3246,280.9763,85.7500,6.0870,-0.0000,0.0000,452.2477,452.2477,4,47.7500,241.4283,0.000,0.000,1,0,0,100.0000,0,1,73.000,60,1,3164254208
1379,14.322144012,11.058784,16.668763,7,9922.4777,281.7391,85.7500,6.0870,-0.0000,0.0000,431.5634,431.5634,4,47.7500,252.7945,0.000,0.000,1,0,0,100.0000,0,1,73.000,60,1,3164262400
1380,14.340376327,18.232315,16.668233,7,9929.2886,282.4654,85.7500,6.0870,-0.0000,0.0000,410.9316,410.9316,4,47.7500,263.6406,0.000,0.000,1,0,0,100.0000,0,1,73.000,60,1,3164299264
1381,14.359169135,18.792808,16.667832,7,9935.7582,283.1553,85.7500,6.0870,-0.0000,0.0000,390.3518,390.3518,4,47.7500,273.9680,0.000,0.000,1,0,0,100.0000,0,1,73.000,60,1,3164323840
1382,14.377553595,18.384460,16.668813,7,9941.8880,283.8090,85.7500,6.0870,-0.0000,0.0000,369.8223,369.8223,4,47.7500,283.7787,0.000,0.000,1,0,0,100.0000,0,1,73.000,60,1,3164348416
1383,14.389016227,11.462632,16.668613,7,9947.6782,284.4265,85.7500,6.0870,-0.0000,0.0000,349.3444,349.3444,4,47.7500,293.0733,0.000,0.000,1,0,0,100.0000,0,1,73.000,60,1,3164356608
1384,14.408997429,19.981202,16.668922,7,9953.1300,285.0078,85.7500,6.0870,-0.0000,0.0000,328.9172,328.9173,4,47.7500,301.8534,0.000,0.000,1,0,0,100.0000,0,1,73.000,60,1,3164385280
1385,14.422629298,13.631869,16.668563,7,9958.2440,285.5532,85.7500,6.0870,-0.0000,0.0000,308.5416,308.5416,4,47.7500,310.1199,0.000,0.000,1,0,0,100.0000,0,1,73.000,60,1,3164413952
1386,14.441007486,18.378188,16.668763,7,9963.0211,286.0626,85.7500,6.0870,-0.0000,0.0000,288.2167,288.2167,4,47.7500,317.8745,0.000,0.000,1,0,0,100.0000,0,1,73.000,60,1,3164442624
1387,14.460290154,19.282668,16.667202,7,9967.4618,286.5362,85.7500,6.0870,-0.0000,0.0000,267.9445,267.9445,4,47.7500,325.1175,0.000,0.000,1,0,0,100.0000,0,1,73.000,60,1,3164487680
1388,14.476557639,16.267485,16.668173,7,9971.5676,286.9740,85.7500,6.0870,-0.0000,0.0000,247.7218,247.7218,4,47.7500,331.8515,0.000,0.000,1,0,0,100.0000,0,1,73.000,60,1,3164487680
1389,14.494566670,18.009031,16.668883,7,9975.3392,287.3762,85.7500,6.0870,-0.0000,0.0000,227.5489,227.5489,4,47.7500,338.0775,0.000,0.000,1,0,0,100.0000,0,1,73.000,60,1,3164524544
1390,14.505597283,11.030613,16.667521,7,9978.7770,287.7428,85.7500,6.0870,-0.0000,0.0000,207.4279,207.4280,4,47.7500,343.7961,0.000,0.000,1,0,0,100.0000,0,1,73.000,60,1,3164549120
1391,14.523597674,18.000391,16.668983,7,9981.8824,288.0740,85.7500,6.0870,-0.0000,0.0000,187.3556,187.3556,4,47.7500,349.0094,0.000,0.000,1,0,0,100.0000,0,1,73.000,60,1,3164573696
1392,14.543825792,20.228118,16.667743,7,9984.6558,288.3697,85.7500,6.0870,-0.0000,0.0000,167.3349,167.3349,4,47.7500,353.7179,0.000,0.000,1,0,0,100.0000,0,1,73.000,60,1,3164573696
1393,14.561032745,17.206953,16.668492,7,9987.0983,288.6302,85.7500,6.0870,-0.0000,0.0000,147.3634,147.3634,4,47.7500,357.9234,0.000,0.000,1,0,0,100.0000,0,1,73.000,60,1,3164602368
1394,14.577387551,16.354806,16.668673,7,9989.2106,288.8555,85.7500,6.0870,-0.0000,0.0000,127.4416,127.4416,4,47.7500,1.6270,0.000,0.000,1,0,0,100.0000,0,1,73.000,60,1,3164626944
1395,14.594244558,16.857007,16.668873,7,9990.9935,289.0456,85.7500,6.0870,-0.0000,0.0000,107.5694,107.5694,4,47.7500,4.8300,0.000,0.000,1,0,0,100.0000,0,1,73.000,60,1,3164651520
1396,14.606193741,11.949183,16.667222,7,9992.4755,289.2036,85.7500,6.0870,-0.0000,0.0000,89.4164,89.4164,4,47.7500,7.5333,0.000,0.000,1,0,0,100.0000,0,1,73.000,60,1,3164651520
1397,14.626599013,20.405272,16.667913,7,9993.7073,289.3350,85.7500,6.0870,-0.0000,0.0000,74.3263,74.3263,4,47.7500,9.7805,0.000,0.000,1,0,0,100.0000,0,1,73.000,60,1,3164676096
1398,14.643107831,16.508818,16.667203,7,9994.7313,289.4442,85.7500,6.0870,-0.0000,0.0000,61.7833,61.7833,4,47.7500,11.6484,0.000,0.000,1,0,0,100.0000,0,1,73.000,60,1,3164700672
1399,14.660080910,16.973079,16.667622,7,9995.5825,289.5349,85.7500,6.0870,-0.0000,0.0000,51.3568,51.3568,4,47.7500,13.2010,0.000,0.000,1,0,0,100.0000,0,1,73.000,60,1,3164725248
1400,14.677396316,17.315406,16.668803,7,9996.2900,289.6104,85.7500,6.0870,-0.0000,0.0000,42.6892,42.6892,4,47.7500,14.4918,0.000,0.000,1,0,0,100.0000,0,1,73.000,60,1,3164749824
1401,14.694525619,17.129303,16.667612,7,9996.8781,289.6731,85.7500,6.0870,-0.0000,0.0000,35.4850,35.4850,4,47.7500,15.5646,0.000,0.000,1,0,0,100.0000,0,1,73.000,60,1,3164778496
1402,14.711382345,16.856726,16.667562,7,9997.3670,289.7252,85.7500,6.0870,-0.0000,0.0000,29.4966,29.4966,4,47.7500,16.4564,0.000,0.000,1,0,0,100.0000,0,1,73.000,60,1,3164786688
1403,14.727184380,15.802035,16.667723,7,9997.7734,289.7686,85.7500,6.0870,-0.0000,0.0000,24.5187,24.5187,4,47.7500,17.1977,0.000,0.000,1,0,0,100.0000,0,1,73.000,60,1,3164815360
1404,14.744265291,17.080911,16.667243,7,9998.1111,289.8046,85.7500,6.0870,-0.0000,0.0000,20.3811,20.3811,4,47.7500,17.8139,0.000,0.000,1,0,0,100.0000,0,1,73.000,60,1,3164844032
1405,14.759652467,15.387176,16.668202,7,9998.3919,289.8345,85.7500,6.0870,-0.0000,0.0000,16.9414,16.9414,4,47.7500,18.3261,0.000,0.000,1,0,0,100.0000,0,1,73.000,60,1,3164876800
1406,14.776379210,16.726743,16.667683,7,9998.6253,289.8594,85.7500,6.0870,-0.0000,0.0000,14.0824,14.0824,4,47.7500,18.7518,0.000,0.000,1,0,0,100.0000,0,1,73.000,60,1,3164876800
1407,14.793339719,16.960509,16.667283,7,9998.8193,289.8801,85.7500,6.0870,-0.0000,0.0000,11.7059,11.7059,4,47.7500,19.1057,0.000,0.000,1,0,0,100.0000,0,1,73.000,60,1,3164913664
1408,14.810062493,16.722774,16.668012,7,9998.9806,289.8973,85.7500,6.0870,-0.0000,0.0000,9.7304,9.7304,4,47.7500,19.3999,0.000,0.000,1,0,0,100.0000,0,1,73.000,60,1,3164946432
1409,14.826892639,16.830146,16.668533,7,9999.1147,289.9116,85.7500,6.0870,-0.0000,0.0000,8.0882,8.0882,4,47.7500,19.6445,0.000,0.000,1,0,0,100.0000,0,1,73.000,60,1,3164971008
1410,14.842978989,16.086350,16.667483,7,9999.2261,289.9235,85.7500,6.0870,-0.0000,0.0000,6.7232,6.7232,4,47.7500,19.8477,0.000,0.000,1,0,0,100.0000,0,1,73.000,60,1,3164995584
1411,14.859190372,16.211383,16.668072,7,9999.3187,289.9334,85.7500,6.0870,-0.0000,0.0000,5.5886,5.5886,4,47.7500,20.0167,0.000,0.000,1,0,0,100.0000,0,1,73.000,60,1,3164999680
1412,14.876037169,16.846797,16.669073,7,9999.3957,289.9416,85.7500,6.0870,-0.0000,0.0000,4.6454,4.6454,4,47.7500,20.1572,0.000,0.000,1,0,0,100.0000,0,1,73.000,60,1,3165032448
1413,14.892664561,16.627392,16.667072,7,9999.4597,289.9484,85.7500,6.0870,-0.0000,0.0000,3.8615,3.8615,4,47.7500,20.2739,0.000,0.000,1,0,0,100.0000,0,1,73.000,60,1,3165061120
1414,14.909603338,16.938777,16.668072,7,9999.5129,289.9541,85.7500,6.0870,-0.0000,0.0000,3.2098,3.2098,4,47.7500,20.3710,0.000,0.000,1,0,0,100.0000,0,1,73.000,60,1,3165089792
1415,14.925498674,15.895336,16.668333,7,9999.5571,289.9588,85.7500,6.0870,-0.0000,0.0000,2.6681,2.6681,4,47.7500,20.4516,0.000,0.000,1,0,0,100.0000,0,1,73.000,60,1,3165122560
1416,14.942021864,16.523190,16.667863,7,9999.5939,289.9627,85.7500,6.0870,-0.0000,0.0000,2.2178,2.2178,4,47.7500,20.5187,0.000,0.000,1,0,0,100.0000,0,1,73.000,60,1,3165122560
1417,14.959075615,17.053751,16.668442,7,9999.6245,289.9660,85.7500,6.0870,-0.0000,0.0000,1.8435,1.8435,4,47.7500,20.5744,0.000,0.000,1,0,0,100.0000,0,1,73.000,60,1,3165151232
1418,14.975778959,16.703344,16.667113,7,9999.6499,289.9687,85.7500,6.0870,-0.0000,0.0000,1.5324,1.5324,4,47.7500,20.6207,0.000,0.000,1,0,0,100.0000,0,1,73.000,60,1,3165175808
1419,14.993127056,17.348097,16.668363,8,9999.6710,289.9709,85.7500,6.0870,-0.0000,0.0000,1.2738,1.2738,4,47.7500,20.6593,0.000,0.000,1,0,0,100.0000,0,1,73.000,60,1,3165200384
1420,15.009306828,16.179772,16.667102,8,9999.5542,289.9585,85.7500,6.0870,-0.0000,0.0000,-7.0447,7.0447,4,47.7500,20.6913,-1.000,0.000,0,0,0,100.0000,0,1,73.000,60,1,3165204480
1421,15.023069049,13.762221,16.668523,8,9999.3002,289.9314,85.7500,6.0870,-0.0000,0.0000,-15.3264,15.3264,4,47.7500,20.5142,-1.000,0.000,0,0,0,100.0000,0,1,73.000,60,1,3165233152
1422,15.042713625,19.644576,16.668093,8,9998.9095,289.8897,85.7500,6.0870,-0.0000,0.0000,-23.5707,23.5707,4,47.7500,20.1290,-1.000,0.000,0,0,0,100.0000,0,1,73.000,60,1,3165265920
1423,15.061196605,18.482980,16.668442,8,9998.3828,289.8336,85.7500,6.0870,-0.0000,0.0000,-31.7781,31.7781,4,47.7500,19.5366,-1.000,0.000,0,0,0,100.0000,0,1,73.000,60,1,3165294592
1424,15.076752435,15.555830,16.668692,8,9997.7207,289.7630,85.7500,6.0870,-0.0000,0.0000,-39.9488,39.9488,4,47.7500,18.7380,-1.000,0.000,0,0,0,100.0000,0,1,73.000,60,1,3165319168
1425,15.095397019,18.644584,16.668323,8,9996.9237,289.6780,85.7500,6.0870,-0.0000,0.0000,-48.0825,48.0825,4,47.7500,17.7340,-1.000,0.000,0,0,0,100.0000,0,1,73.000,60,1,3165343744
1426,15.110726873,15.329854,16.667092,8,9995.9927,289.5787,85.7500,6.0870,-0.0000,0.0000,-56.1791,56.1791,4,47.7500,16.5256,-1.000,0.000,0,0,0,100.0000,0,1,73.000,60,1,3165343744
1427,15.126771083,16.044210,16.667183,8,9994.9280,289.4652,85.7500,6.0870,-0.0000,0.0000,-64.2393,64.2393,4,47.7500,15.1138,-1.000,0.000,0,0,0,100.0000,0,1,73.000,60,1,3165368320
1428,15.144240302,17.469219,16.668333,8,9993.7303,289.3374,85.7500,6.0870,-0.0000,0.0000,-72.2639,72.2639,4,47.7500,13.4993,-1.000,0.000,0,0,0,100.0000,0,1,73.000,60,1,3165392896
1429,15.160395244,16.154942,16.667142,8,9992.4003,289.1956,85.7500,6.0870,-0.0000,0.0000,-80.2518,80.2518,4,47.7500,11.6833,-1.000,0.000,0,0,0,100.0000,0,1,73.000,60,1,3165421568
1430,15.176440263,16.045019,16.667443,8,9990.9384,289.0397,85.7500,6.0870,-0.0000,0.0000,-88.2039,88.2039,4,47.7500,9.6665,-1.000,0.000,0,0,0,100.0000,0,1,73.000,60,1,3165425664
1431,15.193724488,17.284225,16.667283,8,9989.3454,288.8698,85.7500,6.0870,-0.0000,0.0000,-96.1202,96.1202,4,47.7500,7.4499,-1.000,0.000,0,0,0,100.0000,0,1,73.000,60,1,3165450240
1432,15.210237348,16.512860,16.667172,8,9987.6218,288.6860,85.7500,6.0870,-0.0000,0.0000,-104.0009,104.0009,4,47.7500,5.0344,-1.000,0.000,0,0,0,100.0000,0,1,73.000,60,1,3165483008
1433,15.227174386,16.937038,16.668243,8,9985.7680,288.4883,85.7500,6.0870,-0.0000,0.0000,-111.8467,111.8467,4,47.7500,2.4206,-1.000,0.000,0,0,0,100.0000,0,1,73.000,60,1,3165507584
1434,15.239408155,12.233769,16.668942,8,9983.7847,288.2768,85.7500,6.0870,-0.0000,0.0000,-119.6575,119.6575,4,47.7500,-0.3905,-1.000,0.000,0,0,0,100.0000,0,1,73.000,60,1,3165536256
1435,15.256654300,17.246145,16.669003,8,9981.6725,288.0516,85.7500,6.0870,-0.0000,0.0000,-127.4332,127.4332,4,47.7500,-3.3978,-1.000,0.000,0,0,0,100.0000,0,1,73.000,60,1,3165597696
1436,15.278097924,21.443624,16.668682,8,9979.4320,287.8127,85.7500,6.0870,-0.0000,0.0000,-135.1738,135.1738,4,47.7500,-6.6006,-1.000,0.000,0,0,0,100.0000,0,1,73.000,60,1,3165622272
1437,15.289299640,11.201716,17.116222,8,9976.9967,287.5530,85.7500,6.0870,-0.0000,0.0000,-143.0860,143.0860,4,47.7500,-10.0891,-1.000,0.000,0,0,0,100.0000,0,1,73.000,60,1,3165884416
1438,15.305153916,15.854276,16.667413,8,9974.4982,287.2865,85.7500,6.0870,-0.0000,0.0000,-150.7556,150.7557,4,47.7500,-13.6850,-1.000,0.000,0,0,0,100.0000,0,1,73.000,60,1,3165888512
1439,15.325253141,20.099225,16.667492,8,9971.8731,287.0066,85.7500,6.0870,-0.0000,0.0000,-158.3909,158.3909,4,47.7500,-17.4736,-1.000,0.000,0,0,0,100.0000,0,1,73.000,60,1,3165925376
1440,15.338084633,12.831492,16.667063,8,9969.1221,286.7132,85.7500,6.0870,-0.0000,0.0000,-165.9916,165.9916,4,47.7500,-21.4540,-1.000,0.000,0,0,0,100.0000,0,1,73.000,60,1,3165962240
1441,15.354881488,16.796855,16.666863,8,9966.2457,286.4065,85.7500,6.0870,-0.0000,0.0000,-173.5581,173.5581,4,47.7500,-25.6254,-1.000,0.000,0,0,0,100.0000,0,1,73.000,60,1,3165986816
1442,15.375762139,20.880651,16.667232,8,9963.2445,286.0864,85.7500,6.0870,-0.0000,0.0000,-181.0907,181.0907,4,47.7500,-29.9870,-1.000,0.000,0,0,0,100.0000,0,1,73.000,60,1,3166011392
1443,15.388027399,12.265260,16.667153,8,9960.1189,285.7531,85.7500,6.0870,-0.0000,0.0000,-188.5894,188.5894,4,47.7500,-34.5379,-1.000,0.000,0,0,0,100.0000,0,1,73.000,60,1,3166019584
1444,15.408355909,20.328510,16.666973,8,9956.8697,285.4066,85.7500,6.0870,-0.0000,0.0000,-196.0543,196.0543,4,47.7500,-39.2772,-1.000,0.000,0,0,0,100.0000,0,1,73.000,60,1,3166052352
1445,15.427265969,18.910060,16.666832,8,9953.4974,285.0470,85.7500,6.0870,-0.0000,0.0000,-203.4856,203.4856,4,47.7500,-44.2040,-1.000,0.000,0,0,0,100.0000,0,1,73.000,60,1,3166076928
1446,15.442329898,15.063929,16.666823,8,9950.0024,284.6743,85.7500,6.0870,-0.0000,0.0000,-210.8835,210.8835,4,47.7500,-49.3176,-1.000,0.000,0,0,0,100.0000,0,1,73.000,60,1,3166101504
1447,15.459174994,16.845096,16.667402,8,9946.3853,284.2886,85.7500,6.0870,-0.0000,0.0000,-218.2484,218.2484,4,47.7500,-54.6173,-1.000,0.000,0,0,0,100.0000,0,1,73.000,60,1,3166126080
1448,15.476133383,16.958389,16.667552,8,9942.6466,283.8899,85.7500,6.0870,-0.0000,0.0000,-225.5803,225.5803,4,47.7500,-60.1021,-1.000,0.000,0,0,0,100.0000,0,1,73.000,60,1,3166150656
1449,15.488161987,12.028604,16.667143,8,9938.7871,283.4783,85.7500,6.0870,-0.0000,0.0000,-232.8790,232.8790,4,47.7500,-65.7710,-1.000,0.000,0,0,0,100.0000,0,1,73.000,60,1,3166150656
1450,15.508794313,20.632326,16.667153,8,9934.8071,283.0539,85.7500,6.0870,-0.0000,0.0000,-240.1449,240.1449,4,47.7500,-71.6234,-1.000,0.000,0,0,0,100.0000,0,1,73.000,60,1,3166179328
1451,15.525616639,16.822326,16.666892,8,9930.7074,282.6167,85.7500,6.0870,-0.0000,0.0000,-247.3781,247.3781,4,47.7500,-77.6583,-1.000,0.000,0,0,0,100.0000,0,1,73.000,60,1,3166756864
1452,15.544010739,18.394100,16.667683,8,9926.4880,282.1668,85.7500,6.0870,-0.0000,0.0000,-254.5790,254.5790,4,47.7500,-83.8752,-1.000,0.000,0,0,0,100.0000,0,1,73.000,60,1,3166797824
1453,15.557757339,13.746600,16.668053,8,9922.1498,281.7041,85.7500,6.0870,-0.0000,0.0000,-261.7478,261.7478,4,47.7500,-90.2732,-1.000,0.000,0,0,0,100.0000,0,1,73.000,60,1,3166797824
1454,15.577567738,19.810399,16.667582,8,9917.6934,281.2289,85.7500,6.0870,-0.0000,0.0000,-268.8841,268.8841,4,47.7500,-96.8512,-1.000,0.000,0,0,0,100.0000,0,1,73.000,60,1,3166826496
1455,15.594545157,16.977419,16.668103,8,9913.1192,280.7411,85.7500,6.0870,-0.0000,0.0000,-275.9886,275.9886,4,47.7500,-103.6088,-1.000,0.000,0,0,0,100.0000,0,1,73.000,60,1,3166851072
1456,15.610738730,16.193573,16.668892,8,9908.4274,280.2408,85.7500,6.0870,-0.0000,0.0000,-283.0615,283.0615,4,47.7500,-110.5452,-1.000,0.000,0,0,0,100.0000,0,1,73.000,60,1,3166896128
1457,15.627480104,16.741374,16.668043,8,9903.6193,279.7280,85.7500,6.0870,-0.0000,0.0000,-290.1022,290.1022,4,47.7500,-117.6591,-1.000,0.000,0,0,0,100.0000,0,1,73.000,60,1,3167309824
1458,15.644726499,17.246395,16.668693,8,9898.6947,279.2029,85.7500,6.0870,-0.0000,0.0000,-297.1115,297.1115,4,47.7500,-124.9501,-1.000,0.000,0,0,0,100.0000,0,1,73.000,60,1,3167318016
1459,15.660817789,16.091290,16.697783,8,9893.6455,278.6644,85.7500,6.0870,-0.0000,0.0000,-304.1015,304.1015,4,47.7500,-132.4304,-1.000,0.000,0,0,0,100.0000,0,1,73.000,60,1,3167346688
1460,15.677829729,17.011940,16.669002,8,9888.4899,278.1147,85.7500,6.0870,-0.0000,0.0000,-311.0480,311.0480,4,47.7500,-140.0735,-1.000,0.000,0,0,0,100.0000,0,1,73.000,60,1,3167371264
1461,15.694382859,16.553130,16.667463,8,9883.2202,277.5527,85.7500,6.0870,-0.0000,0.0000,-317.9627,317.9627,4,47.7500,-147.8904,-1.000,0.000,0,0,0,100.0000,0,1,73.000,60,1,3167395840
1462,15.712241947,17.859088,16.667722,8,9877.8362,276.9786,85.7500,6.0870,-0.0000,0.0000,-324.8464,324.8464,4,47.7500,-155.8812,-1.000,0.000,0,0,0,100.0000,0,1,73.000,60,1,3167420416
1463,15.730212847,17.970900,16.668043,8,9872.3386,276.3923,85.7500,6.0870,-0.0000,0.0000,-331.6992,331.6993,4,47.7500,-164.0452,-1.000,0.000,0,0,0,100.0000,0,1,73.000,60,1,3167449088
1464,15.740507985,10.295138,16.668543,8,9866.7278,275.7940,85.7500,6.0870,-0.0000,0.0000,-338.5215,338.5215,4,47.7500,-172.3816,-1.000,0.000,0,0,0,100.0000,0,1,73.000,60,1,3167449088
1465,15.762693134,22.185149,16.667812,8,9861.0046,275.1836,85.7500,6.0870,-0.0000,0.0000,-345.3129,345.3129,4,47.7500,-180.8892,-1.000,0.000,0,0,0,100.0000,0,1,73.000,60,1,3167473664
1466,15.779851507,17.158373,16.667503,8,9855.1695,274.5614,85.7500,6.0870,-0.0000,0.0000,-352.0735,352.0735,4,47.7500,-189.5672,-1.000,0.000,0,0,0,100.0000,0,1,73.000,60,1,3167367168
1467,15.796850036,16.998529,16.668573,8,9849.2225,273.9272,85.7500,6.0870,-0.0000,0.0000,-358.8042,358.8042,4,47.7500,-198.4158,-1.000,0.000,0,0,0,100.0000,0,1,73.000,60,1,3167391744
1468,15.812257063,15.407027,16.668251,8,9843.1645,273.2812,85.7500,6.0870,-0.0000,0.0000,-365.5045,365.5045,4,47.7500,-207.4333,-1.000,0.000,0,0,0,100.0000,0,1,73.000,60,1,3167395840
1469,15.829460227,17.203164,16.668293,8,9836.9960,272.6234,85.7500,6.0870,-0.0000,0.0000,-372.1747,372.1747,4,47.7500,-216.6192,-1.000,0.000,0,0,0,100.0000,0,1,73.000,60,1,3167449088
1470,15.839985949,10.525722,16.667163,8,9830.7178,271.9539,85.7500,6.0870,-0.0000,0.0000,-378.8145,378.8145,4,47.7500,-225.9721,-1.000,0.000,0,0,0,100.0000,0,1,73.000,60,1,3167477760
1471,15.859692646,19.706697,16.667932,8,9824.3298,271.2727,85.7500,6.0870,-0.0000,0.0000,-385.4247,385.4247,4,47.7500,-235.4923,-1.000,0.000,0,0,0,100.0000,0,1,73.000,60,1,3167502336
1472,15.873087130,13.394484,16.667193,8,9817.8330,270.5798,85.7500,6.0870,-0.0000,0.0000,-392.0049,392.0049,4,47.7500,-245.1783,-1.000,0.000,0,0,0,100.0000,0,1,73.000,60,1,3167510528
1473,15.892619283,19.532153,16.667753,8,9811.2274,269.8754,85.7500,6.0870,-0.0000,0.0000,-398.5558,398.5558,4,47.7500,-255.0299,-1.000,0.000,0,0,0,100.0000,0,1,73.000,60,1,3167535104
1474,15.907048158,14.428875,16.667502,8,9804.5139,269.1595,85.7500,6.0870,-0.0000,0.0000,-405.0771,405.0771,4,47.7500,-265.0460,-1.000,0.000,0,0,0,100.0000,0,1,73.000,60,1,3167580160
1475,15.925743173,18.695015,16.667753,8,9797.6926,268.4321,85.7500,6.0870,-0.0000,0.0000,-411.5692,411.5692,4,47.7500,-275.2261,-1.000,0.000,0,0,0,100.0000,0,1,73.000,60,1,3167621120
1476,15.943646612,17.903439,16.668283,8,9790.7640,267.6932,85.7500,6.0870,-0.0000,0.0000,-418.0323,418.0323,4,47.7500,-285.5698,-1.000,0.000,0,0,0,100.0000,0,1,73.000,60,1,3167645696
1477,15.961752895,18.106283,16.667442,8,9783.7291,266.9430,85.7500,6.0870,-0.0000,0.0000,-424.4661,424.4661,4,47.7500,-296.0753,-1.000,0.000,0,0,0,100.0000,0,1,73.000,60,1,3167653888
1478,15.978036939,16.284044,16.667343,8,9776.5881,266.1815,85.7500,6.0870,-0.0000,0.0000,-430.8709,430.8709,4,47.7500,-306.7424,-1.000,0.000,0,0,0,100.0000,0,1,73.000,60,1,3167682560
1479,15.995335576,17.298637,16.667423,8,9769.3415,265.4087,85.7500,6.0870,-0.0000,0.0000,-437.2469,437.2469,4,47.7500,-317.5706,-1.000,0.000,0,0,0,100.0000,0,1,73.000,60,1,3167707136
1480,16.011135250,15.799674,16.668081,8,9761.9893,264.6247,85.7500,6.0870,-0.0000,0.0000,-443.5945,443.5945,4,47.7500,-328.5594,-1.000,0.000,0,0,0,100.0000,0,1,73.000,60,1,3167735808
1481,16.027803252,16.668002,16.668173,8,9754.5323,263.8295,85.7500,6.0870,-0.0000,0.0000,-449.9136,449.9136,4,47.7500,-339.7078,-1.000,0.000,0,0,0,100.0000,0,1,73.000,60,1,3167760384
1482,16.044875213,17.071961,16.667403,8,9746.9714,263.0232,85.7500,6.0870,-0.0000,0.0000,-456.2040,456.2040,4,47.7500,-351.0145,-1.000,0.000,0,0,0,100.0000,0,1,73.000,60,1,3167760384
1483,16.061138128,16.262915,16.667602,8,9739.3067,262.2058,85.7500,6.0870,-0.0000,0.0000,-462.4662,462.4662,4,47.7500,-2.4795,-1.000,0.000,0,0,0,100.0000,0,1,73.000,60,1,3167789056
1484,16.077962003,16.823875,16.667513,8,9731.5387,261.3775,85.7500,6.0870,-0.0000,0.0000,-468.7003,468.7003,4,47.7500,-14.1017,-1.000,0.000,0,0,0,100.0000,0,1,73.000,60,1,3175096320
1485,16.095298780,17.336777,16.668643,8,9723.6673,260.5381,85.7500,6.0870,-0.0000,0.0000,-474.9067,474.9067,4,47.7500,-25.8814,-1.000,0.000,0,0,0,100.0000,0,1,73.000,60,1,3168632832
1486,16.111461722,16.162942,16.668522,8,9715.6935,259.6877,85.7500,6.0870,-0.0000,0.0000,-481.0852,481.0852,4,47.7500,-37.8170,-1.000,0.000,0,0,0,100.0000,0,1,73.000,60,1,3168636928
1487,16.128893630,17.431908,16.668873,8,9707.6176,258.8265,85.7500,6.0870,-0.0000,0.0000,-487.2360,487.2360,4,47.7500,-49.9082,-1.000,0.000,0,0,0,100.0000,0,1,73.000,60,1,3168645120
1488,16.146514624,17.620994,16.668563,8,9699.4404,257.9545,85.7500,6.0870,-0.0000,0.0000,-493.3591,493.3591,4,47.7500,-62.1537,-1.000,0.000,0,0,0,100.0000,0,1,73.000,60,1,3168669696
1489,16.162248047,15.733423,16.668492,8,9691.1622,257.0717,85.7500,6.0870,-0.0000,0.0000,-499.4546,499.4546,4,47.7500,-74.5530,-1.000,0.000,0,0,0,100.0000,0,1,73.000,60,1,3168677888
1490,16.179195435,16.947388,16.667433,8,9682.7839,256.1783,85.7500,6.0870,-0.0000,0.0000,-505.5223,505.5223,4,47.7500,-87.1047,-1.000,0.000,0,0,0,100.0000,0,1,73.000,60,1,3168681984
1491,16.194689743,15.494308,16.668023,8,9674.3052,255.2741,85.7500,6.0870,-0.0000,0.0000,-511.5630,511.5630,4,47.7500,-99.8094,-1.000,0.000,0,0,0,100.0000,0,1,73.000,60,1,3168710656
1492,16.210722502,16.032759,16.667102,8,9665.7274,254.3594,85.7500,6.0870,-0.0000,0.0000,-517.5762,517.5762,4,47.7500,-112.6652,-1.000,0.000,0,0,0,100.0000,0,1,73.000,60,1,3168710656
1493,16.227522527,16.800025,16.668613,8,9657.0495,253.4340,85.7500,6.0870,-0.0000,0.0000,-523.5629,523.5629,4,47.7500,-125.6732,-1.000,0.000,0,0,0,100.0000,0,1,73.000,60,1,3168710656
1494,16.244150749,16.628222,16.668513,8,9648.2729,252.4981,85.7500,6.0870,-0.0000,0.0000,-529.5226,529.5226,4,47.7500,-138.8317,-1.000,0.000,0,0,0,100.0000,0,1,73.000,60,1,3168714752
1495,16.260507895,16.357146,16.668442,8,9639.3980,251.5516,85.7500,6.0870,-0.0000,0.0000,-535.4556,535.4556,4,47.7500,-152.1399,-1.000,0.000,0,0,0,100.0000,0,1,73.000,60,1,3168739328
1496,16.277151956,16.644061,16.668752,8,9630.4251,250.5948,85.7500,6.0870,-0.0000,0.0000,-541.3619,541.3619,4,47.7500,-165.5974,-1.000,0.000,0,0,0,100.0000,0,1,73.000,60,1,3168739328
1497,16.295085786,17.933830,16.668063,8,9621.3550,249.6275,85.7500,6.0870,-0.0000,0.0000,-547.2415,547.2415,4,47.7500,-179.2028,-1.000,0.000,0,0,0,100.0000,0,1,73.000,60,1,3168743424
1498,16.311847211,16.761425,16.667582,8,9612.1883,248.6500,85.7500,6.0870,-0.0000,0.0000,-553.0944,553.0945,4,47.7500,-192.9556,-1.000,0.000,0,0,0,100.0000,0,1,73.000,60,1,3168743424
1499,16.323225092,11.377881,16.667473,8,9602.9250,247.6622,85.7500,6.0870,-0.0000,0.0000,-558.9211,558.9211,4,47.7500,-206.8554,-1.000,0.000,0,0,0,100.0000,0,1,73.000,60,1,3168743424
1500,16.344862629,21.637537,16.667653,8,9593.5655,246.6641,85.7500,6.0870,-0.0000,0.0000,-564.7215,564.7215,4,47.7500,-220.9018,-1.000,0.000,0,0,0,100.0000,0,1,73.000,60,1,3168743424
1501,16.361102222,16.239593,16.667752,8,9584.1102,245.6558,85.7500,6.0870,-0.0000,0.0000,-570.4960,570.4960,4,47.7500,-235.0940,-1.000,0.000,0,0,0,100.0000,0,1,73.000,60,1,3168743424
1502,16.377450489,16.348267,16.667863,8,9574.5596,244.6373,85.7500,6.0870,-0.0000,0.0000,-576.2445,576.2445,4,47.7500,-249.4314,-1.000,0.000,0,0,0,100.0000,0,1,73.000,60,1,3168743424
1503,16.393752144,16.301655,16.668693,8,9564.9136,243.6087,85.7500,6.0870,-0.0000,0.0000,-581.9675,581.9675,4,47.7500,-263.9141,-1.000,0.000,0,0,0,100.0000,0,1,73.000,60,1,3168743424
1504,16.410503158,16.751014,16.668192,8,9555.1736,242.5700,85.7500,6.0870,-0.0000,0.0000,-587.6646,587.6646,4,47.7500,-278.5401,-1.000,0.000,0,0,0,100.0000,0,1,73.000,60,1,3168743424
1505,16.428211182,17.708024,16.667713,8,9545.3398,241.5213,85.7500,6.0870,-0.0000,0.0000,-593.3359,593.3359,4,47.7500,-293.3089,-1.000,0.000,0,0,0,100.0000,0,1,73.000,60,1,3168763904
1506,16.445021038,16.809856,16.668713,8,9535.4118,240.4626,85.7500,6.0870,-0.0000,0.0000,-598.9821,598.9821,4,47.7500,-308.2211,-1.000,0.000,0,0,0,100.0000,0,1,73.000,60,1,3168784384
1507,16.461377514,16.356476,16.668132,8,9525.3910,239.3940,85.7500,6.0870,-0.0000,0.0000,-604.6026,604.6026,4,47.7500,-323.2747,-1.000,0.000,0,0,0,100.0000,0,1,73.000,60,1,3168792576
1508,16.477889123,16.511609,16.667443,8,9515.2779,238.3155,85.7500,6.0870,-0.0000,0.0000,-610.1977,610.1977,4,47.7500,-338.4689,-1.000,0.000,0,0,0,100.0000,0,1,73.000,60,1,3168792576
1509,16.494886553,16.997430,16.667703,9,9505.0724,237.2272,85.7500,6.0870,-0.0000,0.0000,-615.7677,615.7677,4,47.7500,-353.8039,-1.000,0.000,0,0,0,100.0000,0,1,73.000,60,1,3168792576
1510,16.511098546,16.211993,16.668051,9,9495.2162,236.1762,85.7500,6.0870,-0.0000,0.0000,-594.6755,594.6755,4,47.7500,-9.2793,0.000,0.000,1,0,0,100.0000,0,1,73.000,60,1,3168792576
1511,16.523692062,12.593516,16.667503,9,9485.7090,235.1623,85.7500,6.0870,-0.0000,0.0000,-573.6368,573.6368,4,47.7500,-24.2241,0.000,0.000,1,0,0,100.0000,0,1,73.000,60,1,3168792576
1512,16.544020492,20.328430,16.667273,9,9476.5497,234.1856,85.7500,6.0870,-0.0000,0.0000,-552.6509,552.6509,4,47.7500,-38.6399,0.000,0.000,1,0,0,100.0000,0,1,73.000,60,1,3168792576
1513,16.558013488,13.992996,16.668422,9,9467.7368,233.2458,85.7500,6.0870,-0.0000,0.0000,-531.7161,531.7161,4,47.7500,-52.5294,0.000,0.000,1,0,0,100.0000,0,1,73.000,60,1,3168792576
1514,16.575112170,17.098682,16.668233,9,9459.2701,232.3429,85.7500,6.0870,-0.0000,0.0000,-510.8339,510.8338,4,47.7500,-65.8925,0.000,0.000,1,0,0,100.0000,0,1,73.000,60,1,3168796672
1515,16.592892536,17.780366,16.667343,9,9451.1491,231.4769,85.7500,6.0870,-0.0000,0.0000,-490.0049,490.0049,4,47.7500,-78.7301,0.000,0.000,1,0,0,100.0000,0,1,73.000,60,1,3168800768
1516,16.608756362,15.863826,16.667632,9,9443.3723,230.6476,85.7500,6.0870,-0.0000,0.0000,-469.2277,469.2277,4,47.7500,-91.0445,0.000,0.000,1,0,0,100.0000,0,1,73.000,60,1,3168813056
1517,16.625345673,16.589311,16.667733,9,9435.9389,229.8549,85.7500,6.0870,-0.0000,0.0000,-448.5023,448.5023,4,47.7500,-102.8369,0.000,0.000,1,0,0,100.0000,0,1,73.000,60,1,3168813056
1518,16.641194758,15.849085,16.667533,9,9428.8482,229.0987,85.7500,6.0870,-0.0000,0.0000,-427.8290,427.8290,4,47.7500,-114.1082,0.000,0.000,1,0,0,100.0000,0,1,73.000,60,1,3168817152
1519,16.658641737,17.446979,16.667492,9,9422.0994,228.3790,85.7500,6.0870,-0.0000,0.0000,-407.2074,407.2074,4,47.7500,-124.8599,0.000,0.000,1,0,0,100.0000,0,1,73.000,60,1,3168817152
1520,16.674339250,15.697513,16.667283,9,9415.6915,227.6957,85.7500,6.0870,-0.0000,0.0000,-386.6376,386.6376,4,47.7500,-135.0933,0.000,0.000,1,0,0,100.0000,0,1,73.000,60,1,3168821248
1521,16.691751057,17.411807,16.667223,9,9409.6237,227.0486,85.7500,6.0870,-0.0000,0.0000,-366.1194,366.1194,4,47.7500,-144.8097,0.000,0.000,1,0,0,100.0000,0,1,73.000,60,1,3168821248
1522,16.708019901,16.268844,16.667372,9,9403.8951,226.4377,85.7500,6.0870,-0.0000,0.0000,-345.6522,345.6522,4,47.7500,-154.0106,0.000,0.000,1,0,0,100.0000,0,1,73.000,60,1,3168821248
1523,16.724410749,16.390848,16.667042,9,9398.5049,225.8629,85.7500,6.0870,-0.0000,0.0000,-325.2366,325.2366,4,47.7500,-162.6969,0.000,0.000,1,0,0,100.0000,0,1,73.000,60,1,3168821248
1524,16.741892208,17.481459,16.667493,9,9393.4521,225.3241,85.7500,6.0870,-0.0000,0.0000,-304.8715,304.8715,4,47.7500,-170.8705,0.000,0.000,1,0,0,100.0000,0,1,73.000,60,1,3168821248
1525,16.759090222,17.198014,16.666982,9,9388.7362,224.8212,85.7500,6.0870,-0.0000,0.0000,-284.5580,284.5580,4,47.7500,-178.5319,0.000,0.000,1,0,0,100.0000,0,1,73.000,60,1,3168825344
1526,16.773786603,14.696381,16.667313,9,9384.3559,224.3541,85.7500,6.0870,-0.0000,0.0000,-264.2948,264.2948,4,47.7500,-185.6831,0.000,0.000,1,0,0,100.0000,0,1,73.000,60,1,3168829440
1527,16.790176119,16.389516,16.667583,9,9380.3106,223.9227,85.7500,6.0870,-0.0000,0.0000,-244.0819,244.0819,4,47.7500,-192.3251,0.000,0.000,1,0,0,100.0000,0,1,73.000,60,1,3168845824
1528,16.806129207,15.953088,16.667142,9,9376.5995,223.5270,85.7500,6.0870,-0.0000,0.0000,-223.9202,223.9202,4,47.7500,-198.4590,0.000,0.000,1,0,0,100.0000,0,1,73.000,60,1,3168845824
1529,16.822604916,16.475709,16.667053,9,9373.2218,223.1668,85.7500,6.0870,-0.0000,0.0000,-203.8089,203.8089,4,47.7500,-204.0862,0.000,0.000,1,0,0,100.0000,0,1,73.000,60,1,3168870400
1530,16.839153725,16.548809,16.667262,9,9370.1765,222.8420,85.7500,6.0870,-0.0000,0.0000,-183.7477,183.7477,4,47.7500,-209.2080,0.000,0.000,1,0,0,100.0000,0,1,73.000,60,1,3168894976
1531,16.858052715,18.898990,16.667513,9,9367.4628,222.5526,85.7500,6.0870,-0.0000,0.0000,-163.7363,163.7363,4,47.7500,-213.8258,0.000,0.000,1,0,0,100.0000,0,1,73.000,60,1,3168919552
1532,16.875384362,17.331647,16.667673,9,9365.0799,222.2985,85.7500,6.0870,-0.0000,0.0000,-143.7747,143.7747,4,47.7500,-217.9407,0.000,0.000,1,0,0,100.0000,0,1,73.000,60,1,3168944128
1533,16.892753139,17.368777,16.667592,9,9363.0270,222.0796,85.7500,6.0870,-0.0000,0.0000,-123.8632,123.8632,4,47.7500,-221.5539,0.000,0.000,1,0,0,100.0000,0,1,73.000,60,1,3168944128
1534,16.907937000,15.183861,16.667673,9,9361.3033,221.8958,85.7500,6.0870,-0.0000,0.0000,-104.0013,104.0013,4,47.7500,-224.6667,0.000,0.000,1,0,0,100.0000,0,1,73.000,60,1,3168968704
1535,16.925114864,17.177864,16.667152,9,9359.8706,221.7430,85.7500,6.0870,-0.0000,0.0000,-86.4506,86.4506,4,47.7500,-227.2803,0.000,0.000,1,0,0,100.0000,0,1,73.000,60,1,3168993280
1536,16.942809698,17.694834,16.667272,9,9358.6796,221.6160,85.7500,6.0870,-0.0000,0.0000,-71.8615,71.8615,4,47.7500,-229.4529,0.000,0.000,1,0,0,100.0000,0,1,73.000,60,1,3169017856
1537,16.958504641,15.694943,16.667203,9,9357.6896,221.5104,85.7500,6.0870,-0.0000,0.0000,-59.7345,59.7345,4,47.7500,-231.2588,0.000,0.000,1,0,0,100.0000,0,1,73.000,60,1,3169042432
1538,16.973689212,15.184571,16.667703,9,9356.8667,221.4227,85.7500,6.0870,-0.0000,0.0000,-49.6537,49.6537,4,47.7500,-232.7600,0.000,0.000,1,0,0,100.0000,0,1,73.000,60,1,3169042432
1539,16.990304793,16.615581,16.667072,9,9356.1826,221.3497,85.7500,6.0870,-0.0000,0.0000,-41.2744,41.2744,4,47.7500,-234.0078,0.000,0.000,1,0,0,100.0000,0,1,73.000,60,1,3169067008
1540,17.007606529,17.301736,16.667523,9,9355.6140,221.2891,85.7500,6.0870,-0.0000,0.0000,-34.3090,34.3090,4,47.7500,-235.0451,0.000,0.000,1,0,0,100.0000,0,1,73.000,60,1,3169099776
1541,17.025760683,18.154154,16.667273,9,9355.1413,221.2387,85.7500,6.0870,-0.0000,0.0000,-28.5192,28.5192,4,47.7500,-235.9073,0.000,0.000,1,0,0,100.0000,0,1,73.000,60,1,3169140736
1542,17.042316493,16.555810,16.667572,9,9354.7484,221.1968,85.7500,6.0870,-0.0000,0.0000,-23.7063,23.7063,4,47.7500,-236.6240,0.000,0.000,1,0,0,100.0000,0,1,73.000,60,1,3169153024
1543,17.057867222,15.550729,16.667223,9,9354.4219,221.1619,85.7500,6.0870,-0.0000,0.0000,-19.7057,19.7057,4,47.7500,-237.2198,0.000,0.000,1,0,0,100.0000,0,1,73.000,60,1,3169177600
1544,17.073526724,15.659502,16.667083,9,9354.1504,221.1330,85.7500,6.0870,-0.0000,0.0000,-16.3803,16.3803,4,47.7500,-237.7150,0.000,0.000,1,0,0,100.0000,0,1,73.000,60,1,3169202176
1545,17.089308077,15.781353,16.667632,9,9353.9247,221.1089,85.7500,6.0870,-0.0000,0.0000,-13.6160,13.6160,4,47.7500,-238.1266,0.000,0.000,1,0,0,100.0000,0,1,73.000,60,1,3169230848
1546,17.105708555,16.400478,16.667003,9,9353.7371,221.0889,85.7500,6.0870,-0.0000,0.0000,-11.3182,11.3182,4,47.7500,-238.4688,0.000,0.000,1,0,0,100.0000,0,1,73.000,60,1,3169234944
1547,17.122385727,16.677172,16.667003,9,9353.5812,221.0723,85.7500,6.0870,-0.0000,0.0000,-9.4082,9.4082,4,47.7500,-238.7532,0.000,0.000,1,0,0,100.0000,0,1,73.000,60,1,3169267712
1548,17.139030689,16.644962,16.667341,9,9353.4516,221.0585,85.7500,6.0870,-0.0000,0.0000,-7.8205,7.8205,4,47.7500,-238.9897,0.000,0.000,1,0,0,100.0000,0,1,73.000,60,1,3169296384
1549,17.155760643,16.729954,16.667373,9,9353.3439,221.0470,85.7500,6.0870,-0.0000,0.0000,-6.5008,6.5008,4,47.7500,-239.1862,0.000,0.000,1,0,0,100.0000,0,1,73.000,60,1,3169320960
1550,17.172537408,16.776765,16.667413,9,9353.2543,221.0374,85.7500,6.0870,-0.0000,0.0000,-5.4037,5.4037,4,47.7500,-239.3496,0.000,0.000,1,0,0,100.0000,0,1,73.000,60,1,3169345536
1551,17.189126999,16.589591,16.667332,9,9353.1799,221.0295,85.7500,6.0870,-0.0000,0.0000,-4.4918,4.4918,4,47.7500,-239.4854,0.000,0.000,1,0,0,100.0000,0,1,73.000,60,1,3169345536
1552,17.205801772,16.674773,16.667523,9,9353.1180,221.0229,85.7500,6.0870,-0.0000,0.0000,-3.7338,3.7338,4,47.7500,-239.5983,0.000,0.000,1,0,0,100.0000,0,1,73.000,60,1,3169370112
1553,17.222247809,16.446037,16.667613,9,9353.0665,221.0174,85.7500,6.0870,-0.0000,0.0000,-3.1037,3.1037,4,47.7500,-239.6921,0.000,0.000,1,0,0,100.0000,0,1,73.000,60,1,3169406976
1554,17.239310170,17.062361,16.667502,9,9353.0238,221.0129,85.7500,6.0870,-0.0000,0.0000,-2.5799,2.5799,4,47.7500,-239.7701,0.000,0.000,1,0,0,100.0000,0,1,73.000,60,1,3169435648
1555,17.255799300,16.489130,16.667013,9,9352.9882,221.0091,85.7500,6.0870,-0.0000,0.0000,-2.1445,2.1445,4,47.7500,-239.8349,0.000,0.000,1,0,0,100.0000,0,1,73.000,60,1,3169460224
1556,17.272067793,16.268493,16.667573,9,9352.9587,221.0059,85.7500,6.0870,-0.0000,0.0000,-1.7826,1.7826,4,47.7500,-239.8888,0.000,0.000,1,0,0,100.0000,0,1,73.000,60,1,3169460224
1557,17.288649455,16.581662,16.667042,9,9352.9341,221.0033,85.7500,6.0870,-0.0000,0.0000,-1.4818,1.4818,4,47.7500,-239.9336,0.000,0.000,1,0,0,100.0000,0,1,73.000,60,1,3169484800
1558,17.307314969,18.665514,16.669073,9,9352.9137,221.0011,85.7500,6.0870,-0.0000,0.0000,-1.2317,1.2317,4,47.7500,-239.9709,0.000,0.000,1,0,0,100.0000,0,1,73.000,60,1,3169509376
1559,17.327399914,20.084945,16.667623,9,9352.8968,220.9993,85.7500,6.0870,-0.0000,0.0000,-1.0238,1.0238,4,47.7500,-240.0018,0.000,0.000,1,0,0,100.0000,0,1,73.000,60,1,3169533952
1560,17.344171329,16.771415,16.667532,9,9352.8826,220.9978,85.7500,6.0870,-0.0000,0.0000,-0.8511,0.8511,4,47.7500,-240.0276,0.000,0.000,1,0,0,100.0000,0,1,73.000,60,1,3169558528
1561,17.358693056,14.521727,16.667233,9,9352.8709,220.9966,85.7500,6.0870,-0.0000,0.0000,-0.7074,0.7074,4,47.7500,-240.0490,0.000,0.000,1,0,0,100.0000,0,1,73.000,60,1,3169607680
1562,17.372570070,13.877014,16.667033,9,9352.8612,220.9955,85.7500,6.0870,-0.0000,0.0000,-0.5881,0.5881,4,47.7500,-240.0667,0.000,0.000,1,0,0,100.0000,0,1,73.000,60,1,3169660928
1563,17.389822475,17.252405,16.667231,9,9352.8531,220.9947,85.7500,6.0870,-0.0000,0.0000,-0.4888,0.4888,4,47.7500,-240.0815,0.000,0.000,1,0,0,100.0000,0,1,73.000,60,1,3169685504
1564,17.406471496,16.649021,16.667243,9,9352.8463,220.9939,85.7500,6.0870,-0.0000,0.0000,0.0000,0.0000,4,47.7500,-240.0938,0.000,0.000,1,0,0,100.0000,0,1,73.000,60,1,3169890304
1565,17.422997367,16.525871,16.667493,9,9352.8463,220.9939,85.7500,6.0870,-0.0000,0.0000,-0.0000,0.0000,4,47.7500,-240.0938,0.000,0.000,1,0,0,100.0000,0,1,73.000,60,1,3169898496
1566,17.438870832,15.873465,16.667892,9,9352.8463,220.9939,85.7500,6.0870,-0.0000,0.0000,-0.0000,0.0000,4,47.7500,-240.0938,0.000,0.000,1,0,0,100.0000,0,1,73.000,60,1,3169923072
1567,17.455469583,16.598751,16.667203,9,9352.8463,220.9939,85.7500,6.0870,-0.0000,0.0000,-0.0000,0.0000,4,47.7500,-240.0938,0.000,0.000,1,0,0,100.0000,0,1,73.000,60,1,3169955840
1568,17.472565154,17.095571,16.667043,9,9352.8463,220.9939,85.7500,6.0870,-0.0000,0.0000,-0.0000,0.0000,4,47.7500,-240.0938,0.000,0.000,1,0,0,100.0000,0,1,73.000,60,1,3169988608
1569,17.489785370,17.220216,16.697093,9,9352.8463,220.9939,85.7500,6.0870,-0.0000,0.0000,0.0000,0.0000,4,47.7500,-240.0938,0.000,0.000,1,0,0,100.0000,0,1,73.000,60,1,3170033664
1570,17.507474393,17.689023,16.667623,9,9352.8463,220.9939,85.7500,6.0870,-0.0000,0.0000,-0.0000,0.0000,4,47.7500,-240.0938,0.000,0.000,1,0,0,100.0000,0,1,73.000,60,1,3170033664
1571,17.524035744,16.561351,16.667183,9,9352.8463,220.9939,85.7500,6.0870,-0.0000,0.0000,-0.0000,0.0000,4,47.7500,-240.0938,0.000,0.000,1,0,0,100.0000,0,1,73.000,60,1,3170058240
1572,17.541501783,17.466039,16.667251,9,9352.8463,220.9939,85.7500,6.0870,-0.0000,0.0000,-0.0000,0.0000,4,47.7500,-240.0938,0.000,0.000,1,0,0,100.0000,0,1,73.000,60,1,3170082816
1573,17.558483822,16.982039,16.667243,9,9352.8463,220.9939,85.7500,6.0870,-0.0000,0.0000,-0.0000,0.0000,4,47.7500,-240.0938,0.000,0.000,1,0,0,100.0000,0,1,73.000,60,1,3170111488
1574,17.575365099,16.881277,16.667013,9,9352.8463,220.9939,85.7500,6.0870,-0.0000,0.0000,0.0000,0.0000,4,47.7500,-240.0938,0.000,0.000,1,0,0,100.0000,0,1,73.000,60,1,3170136064
1575,17.589709434,14.344335,16.667622,9,9352.8463,220.9939,85.7500,6.0870,-0.0000,0.0000,-0.0000,0.0000,4,47.7500,-240.0938,0.000,0.000,1,0,0,100.0000,0,1,73.000,60,1,3170136064
1576,17.607761655,18.052221,16.667563,9,9352.8463,220.9939,85.7500,6.0870,-0.0000,0.0000,-0.0000,0.0000,4,47.7500,-240.0938,0.000,0.000,1,0,0,100.0000,0,1,73.000,60,1,3170160640
1577,17.625945960,18.184305,16.667203,9,9352.8463,220.9939,85.7500,6.0870,-0.0000,0.0000,-0.0000,0.0000,4,47.7500,-240.0938,0.000,0.000,1,0,0,100.0000,0,1,73.000,60,1,3170189312
1578,17.644539363,18.593403,16.667522,9,9352.8463,220.9939,85.7500,6.0870,-0.0000,0.0000,-0.0000,0.0000,4,47.7500,-240.0938,0.000,0.000,1,0,0,100.0000,0,1,73.000,60,1,3170222080
1579,17.659382027,14.842664,16.668783,9,9352.8463,220.9939,85.7500,6.0870,-0.0000,0.0000,0.0000,0.0000,4,47.7500,-240.0938,0.000,0.000,1,0,0,100.0000,0,1,73.000,60,1,3170250752
1580,17.678159024,18.776997,16.668663,9,9352.8463,220.9939,85.7500,6.0870,-0.0000,0.0000,-0.0000,0.0000,4,47.7500,-240.0938,0.000,0.000,1,0,0,100.0000,0,1,73.000,60,1,3170250752
1581,17.691627869,13.468845,16.668582,9,9352.8463,220.9939,85.7500,6.0870,-0.0000,0.0000,-0.0000,0.0000,4,47.7500,-240.0938,0.000,0.000,1,0,0,100.0000,0,1,73.000,60,1,3170275328
1582,17.711060220,19.432351,16.668283,9,9352.8463,220.9939,85.7500,6.0870,-0.0000,0.0000,-0.0000,0.0000,4,47.7500,-240.0938,0.000,0.000,1,0,0,100.0000,0,1,73.000,60,1,3170299904
1583,17.722567613,11.507393,16.668663,9,9352.8463,220.9939,85.7500,6.0870,-0.0000,0.0000,-0.0000,0.0000,4,47.7500,-240.0938,0.000,0.000,1,0,0,100.0000,0,1,73.000,60,1,3170336768
1584,17.741491144,18.923531,16.667352,9,9352.8463,220.9939,85.7500,6.0870,-0.0000,0.0000,0.0000,0.0000,4,47.7500,-240.0938,0.000,0.000,1,0,0,100.0000,0,1,73.000,60,1,3170353152
1585,17.761041018,19.549874,16.668313,9,9352.8463,220.9939,85.7500,6.0870,-0.0000,0.0000,-0.0000,0.0000,4,47.7500,-240.0938,0.000,0.000,1,0,0,100.0000,0,1,73.000,60,1,3170398208
1586,17.777580937,16.539919,16.668833,9,9352.8463,220.9939,85.7500,6.0870,-0.0000,0.0000,-0.0000,0.0000,4,47.7500,-240.0938,0.000,0.000,1,0,0,100.0000,0,1,73.000,60,1,3170422784
1587,17.794041696,16.460759,16.668532,9,9352.8463,220.9939,85.7500,6.0870,-0.0000,0.0000,-0.0000,0.0000,4,47.7500,-240.0938,0.000,0.000,1,0,0,100.0000,0,1,73.000,60,1,3170447360
1588,17.810897223,16.855527,16.668953,9,9352.8463,220.9939,85.7500,6.0870,-0.0000,0.0000,-0.0000,0.0000,4,47.7500,-240.0938,0.000,0.000,1,0,0,100.0000,0,1,73.000,60,1,3170496512
1589,17.825155424,14.258201,16.668342,9,9352.8463,220.9939,85.7500,6.0870,-0.0000,0.0000,0.0000,0.0000,4,47.7500,-240.0938,0.000,0.000,1,0,0,100.0000,0,1,73.000,60,1,3170496512
1590,17.840172642,15.017218,16.669212,9,9352.8463,220.9939,85.7500,6.0870,-0.0000,0.0000,-0.0000,0.0000,4,47.7500,-240.0938,0.000,0.000,1,0,0,100.0000,0,1,73.000,60,1,3170529280
1591,17.857475297,17.302655,16.668583,9,9352.8463,220.9939,85.7500,6.0870,-0.0000,0.0000,-0.0000,0.0000,4,47.7500,-240.0938,0.000,0.000,1,0,0,100.0000,0,1,73.000,60,1,3170557952
1592,17.874020988,16.545691,16.668783,9,9352.8463,220.9939,85.7500,6.0870,-0.0000,0.0000,-0.0000,0.0000,4,47.7500,-240.0938,0.000,0.000,1,0,0,100.0000,0,1,73.000,60,1,3170611200
1593,17.890644669,16.623681,16.667662,9,9352.8463,220.9939,85.7500,6.0870,-0.0000,0.0000,-0.0000,0.0000,4,47.7500,-240.0938,0.000,0.000,1,0,0,100.0000,0,1,73.000,60,1,3170639872
1594,17.907626668,16.981999,16.666843,9,9352.8463,220.9939,85.7500,6.0870,-0.0000,0.0000,0.0000,0.0000,4,47.7500,-240.0938,0.000,0.000,1,0,0,100.0000,0,1,73.000,60,1,3170639872
1595,17.921807619,14.180951,16.667253,9,9352.8463,220.9939,85.7500,6.0870,-0.0000,0.0000,-0.0000,0.0000,4,47.7500,-240.0938,0.000,0.000,1,0,0,100.0000,0,1,73.000,60,1,3170664448
1596,17.941089587,19.281968,16.667392,9,9352.8463,220.9939,85.7500,6.0870,-0.0000,0.0000,-0.0000,0.0000,4,47.7500,-240.0938,0.000,0.000,1,0,0,100.0000,0,1,73.000,60,1,3170701312
1597,17.959433864,18.344277,16.667103,9,9352.8463,220.9939,85.7500,6.0870,-0.0000,0.0000,-0.0000,0.0000,4,47.7500,-240.0938,0.000,0.000,1,0,0,100.0000,0,1,73.000,60,1,3170746368
1598,17.976525986,17.092122,16.667063,9,9352.8463,220.9939,85.7500,6.0870,-0.0000,0.0000,-0.0000,0.0000,4,47.7500,-240.0938,0.000,0.000,1,0,0,100.0000,0,1,73.000,60,1,3170775040
1599,17.989311116,12.785130,16.667392,10,9352.8463,220.9939,85.7500,6.0870,-0.0000,0.0000,0.0000,0.0000,4,47.7500,-240.0938,0.000,0.000,1,0,0,100.0000,0,1,73.000,60,1,3170775040
1600,18.006744145,17.433029,16.667093,10,9352.9841,221.0086,85.7500,6.0870,-0.0000,0.0000,8.3127,8.3127,4,47.7500,-240.0938,1.000,0.000,0,0,0,100.0000,0,1,73.000,60,1,3170803712
1601,18.025150175,18.406030,16.667872,10,9353.2590,221.0379,85.7500,6.0870,-0.0000,0.0000,16.5884,16.5884,4,47.7500,-239.8849,1.000,0.000,0,0,0,100.0000,0,1,73.000,60,1,3170832384
1602,18.043213727,18.063552,16.667953,10,9353.6705,221.0818,85.7500,6.0870,-0.0000,0.0000,24.8270,24.8270,4,47.7500,-239.4680,1.000,0.000,0,0,0,100.0000,0,1,73.000,60,1,3170861056
1603,18.059871620,16.657893,16.667783,10,9354.2179,221.1402,85.7500,6.0870,-0.0000,0.0000,33.0285,33.0285,4,47.7500,-238.8441,1.000,0.000,0,0,0,100.0000,0,1,73.000,60,1,3170889728
1604,18.076455660,16.584040,16.668762,10,9354.9007,221.2130,85.7500,6.0870,-0.0000,0.0000,41.1935,41.1935,4,47.7500,-238.0140,1.000,0.000,0,0,0,100.0000,0,1,73.000,60,1,3170889728
1605,18.092978910,16.523250,16.667073,10,9355.7181,221.3002,85.7500,6.0870,-0.0000,0.0000,49.3211,49.3211,4,47.7500,-236.9788,1.000,0.000,0,0,0,100.0000,0,1,73.000,60,1,3170914304
1606,18.109953339,16.974429,16.668672,10,9356.6697,221.4017,85.7500,6.0870,-0.0000,0.0000,57.4128,57.4128,4,47.7500,-235.7392,1.000,0.000,0,0,0,100.0000,0,1,73.000,60,1,3170942976
1607,18.127910289,17.956950,16.667362,10,9357.7547,221.5174,85.7500,6.0870,-0.0000,0.0000,65.4676,65.4676,4,47.7500,-234.2964,1.000,0.000,0,0,0,100.0000,0,1,73.000,60,1,3170979840
1608,18.144360427,16.450138,16.667733,10,9358.9727,221.6472,85.7500,6.0870,-0.0000,0.0000,73.4863,73.4863,4,47.7500,-232.6511,1.000,0.000,0,0,0,100.0000,0,1,73.000,60,1,3171008512
1609,18.161175993,16.815566,16.668263,10,9360.3230,221.7912,85.7500,6.0870,-0.0000,0.0000,81.4693,81.4693,4,47.7500,-230.8042,1.000,0.000,0,0,0,100.0000,0,1,73.000,60,1,3171037184
1610,18.178316315,17.140322,16.667442,10,9361.8049,221.9493,85.7500,6.0870,-0.0000,0.0000,89.4159,89.4159,4,47.7500,-228.7568,1.000,0.000,0,0,0,100.0000,0,1,73.000,60,1,3171061760
1611,18.194761622,16.445307,16.667333,10,9363.4179,222.1213,85.7500,6.0870,-0.0000,0.0000,97.3268,97.3268,4,47.7500,-226.5097,1.000,0.000,0,0,0,100.0000,0,1,73.000,60,1,3171086336
1612,18.211640790,16.879168,16.667213,10,9365.1615,222.3072,85.7500,6.0870,-0.0000,0.0000,105.2021,105.2021,4,47.7500,-224.0638,1.000,0.000,0,0,0,100.0000,0,1,73.000,60,1,3171119104
1613,18.228553227,16.912437,16.668722,10,9367.0351,222.5070,85.7500,6.0870,-0.0000,0.0000,113.0427,113.0427,4,47.7500,-221.4198,1.000,0.000,0,0,0,100.0000,0,1,73.000,60,1,3171131392
1614,18.241030992,12.477765,16.669033,10,9369.0382,222.7206,85.7500,6.0870,-0.0000,0.0000,120.8482,120.8482,4,47.7500,-218.5787,1.000,0.000,0,0,0,100.0000,0,1,73.000,60,1,3171155968
1615,18.260161797,19.130805,16.667303,10,9371.1698,222.9479,85.7500,6.0870,-0.0000,0.0000,128.6177,128.6177,4,47.7500,-215.5417,1.000,0.000,0,0,0,100.0000,0,1,73.000,60,1,3171184640
1616,18.279378413,19.216616,16.667602,10,9373.4297,223.1889,85.7500,6.0870,-0.0000,0.0000,136.3525,136.3525,4,47.7500,-212.3094,1.000,0.000,0,0,0,100.0000,0,1,73.000,60,1,3171209216
1617,18.296415683,17.037270,16.667873,10,9375.8172,223.4435,85.7500,6.0870,-0.0000,0.0000,144.0527,144.0527,4,47.7500,-208.8826,1.000,0.000,0,0,0,100.0000,0,1,73.000,60,1,3171233792
1618,18.311469322,15.053639,16.667713,10,9378.3317,223.7117,85.7500,6.0870,-0.0000,0.0000,151.7182,151.7182,4,47.7500,-205.2624,1.000,0.000,0,0,0,100.0000,0,1,73.000,60,1,3171233792
1619,18.329185087,17.715765,16.669292,10,9380.9730,223.9933,85.7500,6.0870,-0.0000,0.0000,159.3499,159.3499,4,47.7500,-201.4492,1.000,0.000,0,0,0,100.0000,0,1,73.000,60,1,3171258368
1620,18.344040281,14.855194,16.667113,10,9383.7398,224.2884,85.7500,6.0870,-0.0000,0.0000,166.9463,166.9463,4,47.7500,-197.4446,1.000,0.000,0,0,0,100.0000,0,1,73.000,60,1,3171282944
1621,18.361830137,17.789856,16.668233,10,9386.6322,224.5968,85.7500,6.0870,-0.0000,0.0000,174.5091,174.5091,4,47.7500,-193.2489,1.000,0.000,0,0,0,100.0000,0,1,73.000,60,1,3171307520
1622,18.379214975,17.384838,16.668212,10,9389.6493,224.9186,85.7500,6.0870,-0.0000,0.0000,182.0379,182.0379,4,47.7500,-188.8631,1.000,0.000,0,0,0,100.0000,0,1,73.000,60,1,3171332096
1623,18.396175674,16.960699,16.668723,10,9392.7908,225.2536,85.7500,6.0870,-0.0000,0.0000,189.5330,189.5330,4,47.7500,-184.2880,1.000,0.000,0,0,0,100.0000,0,1,73.000,60,1,3171340288
1624,18.410490907,14.315233,16.667903,10,9396.0558,225.6018,85.7500,6.0870,-0.0000,0.0000,196.9941,196.9941,4,47.7500,-179.5248,1.000,0.000,0,0,0,100.0000,0,1,73.000,60,1,3171368960
1625,18.428343404,17.852497,16.668291,10,9399.4439,225.9631,85.7500,6.0870,-0.0000,0.0000,204.4219,204.4219,4,47.7500,-174.5739,1.000,0.000,0,0,0,100.0000,0,1,73.000,60,1,3171405824
1626,18.447253415,18.910011,16.667003,10,9402.9543,226.3374,85.7500,6.0870,-0.0000,0.0000,211.8156,211.8156,4,47.7500,-169.4367,1.000,0.000,0,0,0,100.0000,0,1,73.000,60,1,3171450880
1627,18.461994157,14.740742,16.668043,10,9406.5870,226.7248,85.7500,6.0870,-0.0000,0.0000,219.1766,219.1766,4,47.7500,-164.1134,1.000,0.000,0,0,0,100.0000,0,1,73.000,60,1,3171479552
1628,18.480397756,18.403599,16.669512,10,9410.3414,227.1252,85.7500,6.0870,-0.0000,0.0000,226.5052,226.5052,4,47.7500,-158.6046,1.000,0.000,0,0,0,100.0000,0,1,73.000,60,1,3171483648
1629,18.495557746,15.159990,16.667413,10,9414.2163,227.5384,85.7500,6.0870,-0.0000,0.0000,233.7999,233.7999,4,47.7500,-152.9123,1.000,0.000,0,0,0,100.0000,0,1,73.000,60,1,3171508224
1630,18.511497863,15.940117,16.667123,10,9418.2114,227.9644,85.7500,6.0870,-0.0000,0.0000,241.0616,241.0616,4,47.7500,-147.0368,1.000,0.000,0,0,0,100.0000,0,1,73.000,60,1,3171540992
1631,18.527668225,16.170362,16.667772,10,9422.3266,228.4033,85.7500,6.0870,-0.0000,0.0000,248.2910,248.2910,4,47.7500,-140.9786,1.000,0.000,0,0,0,100.0000,0,1,73.000,60,1,3171565568
1632,18.544282897,16.614672,16.667063,10,9426.5608,228.8548,85.7500,6.0870,-0.0000,0.0000,255.4876,255.4876,4,47.7500,-134.7390,1.000,0.000,0,0,0,100.0000,0,1,73.000,60,1,3171569664
1633,18.560183494,15.900597,16.668133,10,9430.9140,229.3190,85.7500,6.0870,-0.0000,0.0000,262.6523,262.6523,4,47.7500,-128.3181,1.000,0.000,0,0,0,100.0000,0,1,73.000,60,1,3171594240
1634,18.574257131,14.073637,16.667942,10,9435.3854,229.7959,85.7500,6.0870,-0.0000,0.0000,269.7848,269.7848,4,47.7500,-121.7172,1.000,0.000,0,0,0,100.0000,0,1,73.000,60,1,3171618816
1635,18.592504717,18.247586,16.669053,10,9439.9748,230.2853,85.7500,6.0870,-0.0000,0.0000,276.8856,276.8856,4,47.7500,-114.9366,1.000,0.000,0,0,0,100.0000,0,1,73.000,60,1,3171643392
1636,18.610024498,17.519781,16.668323,10,9444.6812,230.7872,85.7500,6.0870,-0.0000,0.0000,283.9542,283.9542,4,47.7500,-107.9779,1.000,0.000,0,0,0,100.0000,0,1,73.000,60,1,3171643392
1637,18.627235642,17.211144,16.667962,10,9449.5041,231.3015,85.7500,6.0870,-0.0000,0.0000,290.9909,290.9909,4,47.7500,-100.8416,1.000,0.000,0,0,0,100.0000,0,1,73.000,60,1,3171667968
1638,18.644355854,17.120212,16.667833,10,9454.4430,231.8281,85.7500,6.0870,-0.0000,0.0000,297.9958,297.9958,4,47.7500,-93.5286,1.000,0.000,0,0,0,100.0000,0,1,73.000,60,1,3171704832
1639,18.659764750,15.408896,16.668643,10,9459.4978,232.3672,85.7500,6.0870,-0.0000,0.0000,304.9697,304.9697,4,47.7500,-86.0392,1.000,0.000,0,0,0,100.0000,0,1,73.000,60,1,3171749888
1640,18.676850741,17.085991,16.667842,10,9464.6674,232.9185,85.7500,6.0870,-0.0000,0.0000,311.9118,311.9118,4,47.7500,-78.3748,1.000,0.000,0,0,0,100.0000,0,1,73.000,60,1,3171782656
1641,18.693209198,16.358457,16.667543,10,9469.9514,233.4820,85.7500,6.0870,-0.0000,0.0000,318.8227,318.8227,4,47.7500,-70.5361,1.000,0.000,0,0,0,100.0000,0,1,73.000,60,1,3171827712
1642,18.709593404,16.384206,16.668933,10,9475.3499,234.0576,85.7500,6.0870,-0.0000,0.0000,325.7030,325.7030,4,47.7500,-62.5231,1.000,0.000,0,0,0,100.0000,0,1,73.000,60,1,3171860480
1643,18.728215248,18.621844,16.668852,10,9480.8619,234.6454,85.7500,6.0870,-0.0000,0.0000,332.5523,332.5523,4,47.7500,-54.3372,1.000,0.000,0,0,0,100.0000,0,1,73.000,60,1,3171885056
1644,18.741048659,12.833411,16.668943,10,9486.4870,235.2453,85.7500,6.0870,-0.0000,0.0000,339.3709,339.3709,4,47.7500,-45.9791,1.000,0.000,0,0,0,100.0000,0,1,73.000,60,1,3171913728
1645,18.759468239,18.419580,16.667803,10,9492.2242,235.8571,85.7500,6.0870,-0.0000,0.0000,346.1584,346.1584,4,47.7500,-37.4503,1.000,0.000,0,0,0,100.0000,0,1,73.000,60,1,3171946496
1646,18.778084104,18.615865,16.668452,10,9498.0736,236.4809,85.7500,6.0870,-0.0000,0.0000,352.9156,352.9157,4,47.7500,-28.7505,1.000,0.000,0,0,0,100.0000,0,1,73.000,60,1,3171962880
1647,18.793199503,15.115399,16.669122,10,9504.0347,237.1166,85.7500,6.0870,-0.0000,0.0000,359.6428,359.6428,4,47.7500,-19.8805,1.000,0.000,0,0,0,100.0000,0,1,73.000,60,1,3171991552
1648,18.812259286,19.059783,16.667573,10,9510.1062,237.7640,85.7500,6.0870,-0.0000,0.0000,366.3391,366.3391,4,47.7500,-10.8423,1.000,0.000,0,0,0,100.0000,0,1,73.000,60,1,3172016128
1649,18.824557936,12.298650,16.668902,10,9516.2888,238.4233,85.7500,6.0870,-0.0000,0.0000,373.0058,373.0058,4,47.7500,-1.6350,1.000,0.000,0,0,0,100.0000,0,1,73.000,60,1,3172044800
1650,18.841482704,16.924768,16.667493,10,9522.5808,239.0943,85.7500,6.0870,-0.0000,0.0000,379.6419,379.6419,4,47.7500,7.7390,1.000,0.000,0,0,0,100.0000,0,1,73.000,60,1,3172044800
1651,18.860332323,18.849619,16.667883,10,9528.9824,239.7770,85.7500,6.0870,-0.0000,0.0000,386.2484,386.2484,4,47.7500,17.2800,1.000,0.000,0,0,0,100.0000,0,1,73.000,60,1,3172069376
1652,18.876217509,15.885186,16.668372,10,9535.4933,240.4713,85.7500,6.0870,-0.0000,0.0000,392.8254,392.8254,4,47.7500,26.9873,1.000,0.000,0,0,0,100.0000,0,1,73.000,60,1,3172093952
1653,18.893583966,17.366457,16.668793,10,9542.1128,241.1772,85.7500,6.0870,-0.0000,0.0000,399.3730,399.3730,4,47.7500,36.8601,1.000,0.000,0,0,0,100.0000,0,1,73.000,60,1,3172118528
1654,18.910147547,16.563581,16.667513,10,9548.8399,241.8946,85.7500,6.0870,-0.0000,0.0000,405.8907,405.8907,4,47.7500,46.8968,1.000,0.000,0,0,0,100.0000,0,1,73.000,60,1,3172147200
1655,18.927032384,16.884837,16.668012,10,9555.6746,242.6234,85.7500,6.0870,-0.0000,0.0000,412.3792,412.3792,4,47.7500,57.0975,1.000,0.000,0,0,0,100.0000,0,1,73.000,60,1,3172167680
1656,18.943781298,16.748914,16.667223,10,9562.6162,243.3637,85.7500,6.0870,-0.0000,0.0000,418.8383,418.8383,4,47.7500,67.4608,1.000,0.000,0,0,0,100.0000,0,1,73.000,60,1,3172204544
1657,18.960351949,16.570651,16.667213,10,9569.6642,244.1153,85.7500,6.0870,-0.0000,0.0000,425.2683,425.2683,4,47.7500,77.9865,1.000,0.000,0,0,0,100.0000,0,1,73.000,60,1,3172229120
1658,18.977054982,16.703033,16.667942,10,9576.8187,244.8782,85.7500,6.0870,-0.0000,0.0000,431.6697,431.6697,4,47.7500,88.6742,1.000,0.000,0,0,0,100.0000,0,1,73.000,60,1,3172253696
1659,18.992549310,15.494328,16.667973,10,9584.0788,245.6524,85.7500,6.0870,-0.0000,0.0000,438.0424,438.0424,4,47.7500,99.5228,1.000,0.000,0,0,0,100.0000,0,1,73.000,60,1,3172282368
1660,19.010990330,18.441020,16.667803,10,9591.4440,246.4379,85.7500,6.0870,-0.0000,0.0000,444.3863,444.3863,4,47.7500,110.5314,1.000,0.000,0,0,0,100.0000,0,1,73.000,60,1,3172282368
1661,19.027972209,16.981879,16.667402,10,9598.9137,247.2344,85.7500,6.0870,-0.0000,0.0000,450.7015,450.7016,4,47.7500,121.6992,1.000,0.000,0,0,0,100.0000,0,1,73.000,60,1,3172331520
1662,19.044105690,16.133481,16.668693,10,9606.4881,248.0422,85.7500,6.0870,-0.0000,0.0000,456.9889,456.9889,4,47.7500,133.0266,1.000,0.000,0,0,0,100.0000,0,1,73.000,60,1,3172368384
1663,19.060796514,16.690824,16.667743,10,9614.1659,248.8609,85.7500,6.0870,-0.0000,0.0000,463.2477,463.2477,4,47.7500,144.5113,1.000,0.000,0,0,0,100.0000,0,1,73.000,60,1,3172392960
1664,19.078207563,17.411049,16.668682,10,9621.9474,249.6907,85.7500,6.0870,-0.0000,0.0000,469.4786,469.4786,4,47.7500,156.1540,1.000,0.000,0,0,0,100.0000,0,1,73.000,60,1,3172425728
1665,19.094097258,15.889695,16.668173,10,9629.8314,250.5315,85.7500,6.0870,-0.0000,0.0000,475.6814,475.6814,4,47.7500,167.9529,1.000,0.000,0,0,0,100.0000,0,1,73.000,60,1,3172429824
1666,19.113521570,19.424312,16.668483,10,9637.8179,251.3831,85.7500,6.0870,-0.0000,0.0000,481.8564,481.8564,4,47.7500,179.9080,1.000,0.000,0,0,0,100.0000,0,1,73.000,60,1,3172458496
1667,19.124764867,11.243297,16.668772,10,9645.9065,252.2457,85.7500,6.0870,-0.0000,0.0000,488.0037,488.0037,4,47.7500,192.0184,1.000,0.000,0,0,0,100.0000,0,1,73.000,60,1,3172487168
1668,19.142832669,18.067802,16.667983,10,9654.0961,253.1190,85.7500,6.0870,-0.0000,0.0000,494.1231,494.1231,4,47.7500,204.2828,1.000,0.000,0,0,0,100.0000,0,1,73.000,60,1,3172528128
1669,19.160510984,17.678315,16.668533,10,9662.3870,254.0032,85.7500,6.0870,-0.0000,0.0000,500.2152,500.2152,4,47.7500,216.7014,1.000,0.000,0,0,0,100.0000,0,1,73.000,60,1,3172528128
1670,19.178267020,17.756036,16.667552,10,9670.7778,254.8980,85.7500,6.0870,-0.0000,0.0000,506.2795,506.2795,4,47.7500,229.2723,1.000,0.000,0,0,0,100.0000,0,1,73.000,60,1,3172552704
1671,19.193679365,15.412345,16.668453,10,9679.2692,255.8035,85.7500,6.0870,-0.0000,0.0000,512.3170,512.3169,4,47.7500,241.9963,1.000,0.000,0,0,0,100.0000,0,1,73.000,60,1,3172585472
1672,19.210238196,16.558831,16.667461,10,9687.8597,256.7196,85.7500,6.0870,-0.0000,0.0000,518.3268,518.3268,4,47.7500,254.8713,1.000,0.000,0,0,0,100.0000,0,1,73.000,60,1,3172610048
1673,19.226004059,15.765863,16.668903,10,9696.5501,257.6463,85.7500,6.0870,-0.0000,0.0000,524.3103,524.3103,4,47.7500,267.8985,1.000,0.000,0,0,0,100.0000,0,1,73.000,60,1,3172651008
1674,19.240272941,14.268882,16.668473,10,9705.3390,258.5835,85.7500,6.0870,-0.0000,0.0000,530.2667,530.2667,4,47.7500,281.0757,1.000,0.000,0,0,0,100.0000,0,1,73.000,60,1,3172667392
1675,19.259281143,19.008202,16.669182,10,9714.2266,259.5313,85.7500,6.0870,-0.0000,0.0000,536.1965,536.1965,4,47.7500,294.4032,1.000,0.000,0,0,0,100.0000,0,1,73.000,60,1,3172691968
1676,19.278367727,19.086584,16.667343,10,9723.2110,260.4894,85.7500,6.0870,-0.0000,0.0000,542.0991,542.0990,4,47.7500,307.8782,1.000,0.000,0,0,0,100.0000,0,1,73.000,60,1,3172716544
1677,19.290147146,11.779419,16.667613,10,9732.2929,261.4579,85.7500,6.0870,-0.0000,0.0000,547.9752,547.9751,4,47.7500,321.5017,1.000,0.000,0,0,0,100.0000,0,1,73.000,60,1,3172741120
1678,19.309538666,19.391520,16.667812,10,9741.4719,262.4367,85.7500,6.0870,-0.0000,0.0000,553.8249,553.8249,4,47.7500,335.2732,1.000,0.000,0,0,0,100.0000,0,1,73.000,60,1,3172741120
1679,19.326417134,16.878468,16.667353,10,9750.7472,263.4259,85.7500,6.0870,-0.0000,0.0000,559.6482,559.6482,4,47.7500,349.1912,1.000,0.000,0,0,0,100.0000,0,1,73.000,60,1,3172765696
1680,19.343901293,17.484159,16.667293,10,9760.1185,264.4252,85.7500,6.0870,-0.0000,0.0000,565.4453,565.4453,4,47.7500,3.2555,1.000,0.000,0,0,0,100.0000,0,1,73.000,60,1,3172794368
1681,19.360458214,16.556921,16.667052,10,9769.5853,265.4347,85.7500,6.0870,-0.0000,0.0000,571.2162,571.2162,4,47.7500,17.4653,1.000,0.000,0,0,0,100.0000,0,1,73.000,60,1,3172818944
1682,19.376987463,16.529249,16.668513,10,9779.1482,266.4545,85.7500,6.0870,-0.0000,0.0000,576.9617,576.9617,4,47.7500,31.8214,1.000,0.000,0,0,0,100.0000,0,1,73.000,60,1,3172843520
1683,19.390104920,13.117457,16.667353,10,9788.8052,267.4843,85.7500,6.0870,-0.0000,0.0000,582.6810,582.6811,4,47.7500,46.3209,1.000,0.000,0,0,0,100.0000,0,1,73.000,60,1,3172843520
1684,19.410028392,19.923472,16.668942,10,9798.5575,268.5243,85.7500,6.0870,-0.0000,0.0000,588.3752,588.3752,4,47.7500,60.9655,1.000,0.000,0,0,0,100.0000,0,1,73.000,60,1,3172868096
1685,19.427512042,17.483650,16.667293,10,9808.4027,269.5742,85.7500,6.0870,-0.0000,0.0000,594.0432,594.0432,4,47.7500,75.7518,1.000,0.000,0,0,0,100.0000,0,1,73.000,60,1,3172892672
1686,19.443832997,16.320955,16.667643,10,9818.3417,270.6341,85.7500,6.0870,-0.0000,0.0000,599.6857,599.6857,4,47.7500,90.6808,1.000,0.000,0,0,0,100.0000,0,1,73.000,60,1,3172917248
1687,19.460329777,16.496780,16.667382,10,9828.3737,271.7039,85.7500,6.0870,-0.0000,0.0000,605.3029,605.3029,4,47.7500,105.7514,1.000,0.000,0,0,0,100.0000,0,1,73.000,60,1,3172941824
1688,19.477306145,16.976368,16.667153,10,9838.4981,272.7836,85.7500,6.0870,-0.0000,0.0000,610.8948,610.8948,4,47.7500,120.9629,1.000,0.000,0,0,0,100.0000,0,1,73.000,60,1,3172941824
1689,19.496465691,19.159546,16.667543,10,9848.7151,273.8731,85.7500,6.0870,-0.0000,0.0000,616.4616,616.4616,4,47.7500,136.3154,1.000,0.000,0,0,0,100.0000,0,1,73.000,60,1,3172986880
1690,19.510398286,13.932595,16.668412,10,9859.0245,274.9725,85.7500,6.0870,-0.0000,0.0000,622.0037,622.0037,4,47.7500,151.8085,1.000,0.000,0,0,0,100.0000,0,1,73.000,60,1,3173011456
1691,19.527731752,17.333466,16.667333,10,9869.4246,276.0815,85.7500,6.0870,-0.0000,0.0000,627.5205,627.5205,4,47.7500,167.4399,1.000,0.000,0,0,0,100.0000,0,1,73.000,60,1,3173040128
1692,19.543891604,16.159852,16.668183,10,9879.9163,277.2004,85.7500,6.0870,-0.0000,0.0000,633.0128,633.0128,4,47.7500,183.2108,1.000,0.000,0,0,0,100.0000,0,1,73.000,60,1,3173040128
1693,19.560863963,16.972359,16.667841,10,9890.4984,278.3288,85.7500,6.0870,-0.0000,0.0000,638.4803,638.4803,4,47.7500,199.1193,1.000,0.000,0,0,0,100.0000,0,1,73.000,60,1,3173081088
1694,19.579636011,18.772048,16.668144,10,9901.1709,279.4669,85.7500,6.0870,-0.0000,0.0000,643.9233,643.9233,4,47.7500,215.1656,1.000,0.000,0,0,0,100.0000,0,1,73.000,60,1,3173109760
1695,19.594128487,14.492476,16.668652,10,9911.9335,280.6147,85.7500,6.0870,-0.0000,0.0000,649.3420,649.3420,4,47.7500,231.3491,1.000,0.000,0,0,0,100.0000,0,1,73.000,60,1,3173134336
1696,19.610344789,16.216302,16.667602,10,9922.7849,281.7718,85.7500,6.0870,-0.0000,0.0000,654.7360,654.7360,4,47.7500,247.6678,1.000,0.000,0,0,0,100.0000,0,1,73.000,60,1,3173158912
1697,19.623432747,13.087958,16.684644,10,9933.7365,282.9397,85.7500,6.0870,-0.0000,0.0000,660.1113,660.1113,4,47.7500,264.1389,1.000,0.000,0,0,0,100.0000,0,1,73.000,60,1,3173158912
1698,19.643148534,19.715787,16.674163,10,9944.7699,284.1163,85.7500,6.0870,-0.0000,0.0000,665.4590,665.4590,4,47.7500,280.7348,1.000,0.000,0,0,0,100.0000,0,1,73.000,60,1,3173183488
1699,19.661147834,17.999300,16.672572,10,9955.8905,285.3022,85.7500,6.0870,-0.0000,0.0000,670.7822,670.7821,4,47.7500,297.4635,1.000,0.000,0,0,0,100.0000,0,1,73.000,60,1,3173208064
1700,19.673415735,12.267901,16.667343,10,9967.0954,286.4971,85.7500,6.0870,-0.0000,0.0000,676.0797,676.0797,4,47.7500,314.3208,1.000,0.000,0,0,0,100.0000,0,1,73.000,60,1,3173232640
1701,19.692317504,18.901769,16.668263,10,9978.3884,287.7014,85.7500,6.0870,-0.0000,0.0000,681.3537,681.3537,4,47.7500,331.3121,1.000,0.000,0,0,0,100.0000,0,1,73.000,60,1,3173236736
1702,19.711122552,18.805048,16.668142,10,9989.7683,288.9149,85.7500,6.0870,-0.0000,0.0000,686.6040,686.6040,4,47.7500,348.4359,1.000,0.000,0,0,0,100.0000,0,1,73.000,60,1,3173261312
1703,19.727019108,15.896556,16.668473,10,10001.2350,290.1377,85.7500,6.0870,-0.0000,0.0000,691.8308,691.8308,4,47.7500,5.6919,1.000,0.000,0,0,0,100.0000,0,1,73.000,60,1,3173285888
1704,19.740367170,13.348062,16.667513,10,10012.7873,291.3697,85.7500,6.0870,-0.0000,0.0000,697.0338,697.0338,4,47.7500,23.0783,1.000,0.000,0,0,0,100.0000,0,1,73.000,60,1,3173310464
1705,19.760906745,20.539575,16.667492,10,10024.4255,292.6107,85.7500,6.0870,-0.0000,0.0000,702.2134,702.2134,4,47.7500,40.5955,1.000,0.000,0,0,0,100.0000,0,1,73.000,60,1,3173335040
1706,19.778341354,17.434609,16.667903,10,10036.1494,293.8610,85.7500,6.0870,-0.0000,0.0000,707.3698,707.3698,4,47.7500,58.2432,1.000,0.000,0,0,0,100.0000,0,1,73.000,60,1,3173359616
1707,19.794246380,15.905026,16.667913,10,10047.9584,295.1203,85.7500,6.0870,-0.0000,0.0000,712.5031,712.5031,4,47.7500,76.0205,1.000,0.000,0,0,0,100.0000,0,1,73.000,60,1,3173359616
1708,19.810641598,16.395218,16.667381,10,10059.8517,296.3886,85.7500,6.0870,-0.0000,0.0000,717.6130,717.6131,4,47.7500,93.9263,1.000,0.000,0,0,0,100.0000,0,1,73.000,60,1,3173384192
1709,19.827514605,16.873007,16.668683,10,10071.8302,297.6660,85.7500,6.0870,-0.0000,0.0000,722.7005,722.7005,4,47.7500,111.9619,1.000,0.000,0,0,0,100.0000,0,1,73.000,60,1,3173408768
1710,19.843643036,16.128431,16.668593,10,10083.8926,298.9523,85.7500,6.0870,-0.0000,0.0000,727.7651,727.7651,4,47.7500,130.1253,1.000,0.000,0,0,0,100.0000,0,1,73.000,60,1,3173433344
1711,19.860459702,16.816666,16.668542,10,10096.0386,300.2475,85.7500,6.0870,-0.0000,0.0000,732.8068,732.8068,4,47.7500,148.4159,1.000,0.000,0,0,0,100.0000,0,1,73.000,60,1,3173433344
1712,19.878067514,17.607812,16.667833,10,10108.2672,301.5516,85.7500,6.0870,-0.0000,0.0000,737.8257,737.8257,4,47.7500,166.8324,1.000,0.000,0,0,0,100.0000,0,1,73.000,60,1,3173457920
1713,19.894332618,16.265104,16.667633,10,10120.5785,302.8644,85.7500,6.0870,-0.0000,0.0000,742.8220,742.8220,4,47.7500,185.3748,1.000,0.000,0,0,0,100.0000,0,1,73.000,60,1,3173482496
1714,19.910832967,16.500349,16.668612,10,10132.9729,304.1862,85.7500,6.0870,-0.0000,0.0000,747.7960,747.7960,4,47.7500,204.0439,1.000,0.000,0,0,0,100.0000,0,1,73.000,60,1,3173507072
1715,19.927474669,16.641702,16.668633,10,10145.4495,305.5167,85.7500,6.0870,-0.0000,0.0000,752.7478,752.7478,4,47.7500,222.8380,1.000,0.000,0,0,0,100.0000,0,1,73.000,60,1,3173531648
1716,19.945085632,17.610963,16.668663,10,10158.0077,306.8559,85.7500,6.0870,-0.0000,0.0000,757.6772,757.6773,4,47.7500,241.7567,1.000,0.000,0,0,0,100.0000,0,1,73.000,60,1,3173548032
1717,19.957551716,12.466084,16.667362,10,10170.6463,308.2037,85.7500,6.0870,-0.0000,0.0000,762.5842,762.5842,4,47.7500,260.7977,1.000,0.000,0,0,0,100.0000,0,1,73.000,60,1,3173580800
1718,19.974215708,16.663992,16.667603,10,10183.3661,309.5601,85.7500,6.0870,-0.0000,0.0000,767.4692,767.4692,4,47.7500,279.9623,1.000,0.000,0,0,0,100.0000,0,1,73.000,60,1,3173613568
1719,19.996109571,21.893863,16.668503,10,10196.1671,310.9252,85.7500,6.0870,-0.0000,0.0000,772.3324,772.3324,4,47.7500,299.2507,1.000,0.000,0,0,0,100.0000,0,1,73.000,60,1,3173642240
1720,20.007532643,11.423072,16.667162,10,10209.0474,312.2987,85.7500,6.0870,-0.0000,0.0000,777.1734,777.1734,4,47.7500,318.6598,1.000,0.000,0,0,0,100.0000,0,1,73.000,60,1,3173642240
1721,20.026903133,19.370490,16.668723,10,10222.0087,313.6809,85.7500,6.0870,-0.0000,0.0000,781.9931,781.9931,4,47.7500,338.1924,1.000,0.000,0,0,0,100.0000,0,1,73.000,60,1,3173666816
1722,20.044363542,17.460409,16.668553,10,10235.0495,315.0716,85.7500,6.0870,-0.0000,0.0000,786.7911,786.7911,4,47.7500,357.8459,1.000,0.000,0,0,0,100.0000,0,1,73.000,60,1,3173691392
1723,20.062823813,18.460271,16.667402,10,10248.1684,316.4706,85.7500,6.0870,-0.0000,0.0000,791.5672,791.5672,4,47.7500,17.6186,1.000,0.000,0,0,0,100.0000,0,1,73.000,60,1,3173720064
1724,20.073858416,11.034603,16.668643,10,10261.3672,317.8781,85.7500,6.0870,-0.0000,0.0000,796.3221,796.3221,4,47.7500,37.5128,1.000,0.000,0,0,0,100.0000,0,1,73.000,60,1,3173720064
1725,20.091195283,17.336867,16.668153,10,10274.6441,319.2939,85.7500,6.0870,-0.0000,0.0000,801.0556,801.0556,4,47.7500,57.5259,1.000,0.000,0,0,0,100.0000,0,1,73.000,60,1,3173744640
1726,20.110544782,19.349499,16.667842,10,10287.9987,320.7180,85.7500,6.0870,-0.0000,0.0000,805.7677,805.7677,4,47.7500,77.6577,1.000,0.000,0,0,0,100.0000,0,1,73.000,60,1,3173781504
1727,20.127006220,16.461438,16.667253,10,10301.4307,322.1504,85.7500,6.0870,-0.0000,0.0000,810.4585,810.4585,4,47.7500,97.9071,1.000,0.000,0,0,0,100.0000,0,1,73.000,60,1,3173806080
1728,20.146261888,19.255668,16.667733,10,10314.9404,323.5911,85.7500,6.0870,-0.0000,0.0000,815.1282,815.1282,4,47.7500,118.2750,1.000,0.000,0,0,0,100.0000,0,1,73.000,60,1,3173851136
1729,20.157613938,11.352050,16.669152,10,10328.5284,325.0401,85.7500,6.0870,-0.0000,0.0000,819.7775,819.7774,4,47.7500,138.7620,1.000,0.000,0,0,0,100.0000,0,1,73.000,60,1,3173851136
1730,20.178859418,21.245480,16.667773,10,10342.1919,326.4972,85.7500,6.0870,-0.0000,0.0000,824.4053,824.4053,4,47.7500,159.3641,1.000,0.000,0,0,0,100.0000,0,1,73.000,60,1,3173879808
1731,20.196701135,17.841717,16.668393,10,10355.9323,327.9624,85.7500,6.0870,-0.0000,0.0000,829.0126,829.0126,4,47.7500,180.0834,1.000,0.000,0,0,0,100.0000,0,1,73.000,60,1,3173904384
1732,20.210051687,13.350552,16.760634,10,10369.8256,329.4440,85.7500,6.0870,-0.0000,0.0000,833.6245,833.6245,4,47.7500,201.0337,1.000,0.000,0,0,0,100.0000,0,1,73.000,60,1,3173933056
1733,20.228225702,18.174015,16.668143,10,10383.7179,330.9255,85.7500,6.0870,-0.0000,0.0000,838.1902,838.1903,4,47.7500,221.9843,1.000,0.000,0,0,0,100.0000,0,1,73.000,60,1,3173957632
1734,20.244150959,15.925257,16.668963,10,10397.6863,332.4151,85.7500,6.0870,-0.0000,0.0000,842.7357,842.7357,4,47.7500,243.0507,1.000,0.000,0,0,0,100.0000,0,1,73.000,60,1,3173961728
1735,20.261846173,17.695214,16.668852,10,10411.7295,333.9126,85.7500,6.0870,-0.0000,0.0000,847.2607,847.2608,4,47.7500,264.2312,1.000,0.000,0,0,0,100.0000,0,1,73.000,60,1,3173986304
1736,20.273717635,11.871462,16.668973,10,10425.8475,335.4182,85.7500,6.0870,-0.0000,0.0000,851.7654,851.7655,4,47.7500,285.5255,1.000,0.000,0,0,0,100.0000,0,1,73.000,60,1,3174010880
1737,20.293597664,19.880029,16.668863,10,10440.0398,336.9316,85.7500,6.0870,-0.0000,0.0000,856.2499,856.2499,4,47.7500,306.9330,1.000,0.000,0,0,0,100.0000,0,1,73.000,60,1,3174039552
1738,20.310349089,16.751425,16.667482,10,10454.3048,338.4528,85.7500,6.0870,-0.0000,0.0000,860.7137,860.7137,4,47.7500,328.4514,1.000,0.000,0,0,0,100.0000,0,1,73.000,60,1,3174064128
1739,20.326906170,16.557081,16.668232,10,10468.6441,339.9820,85.7500,6.0870,-0.0000,0.0000,865.1577,865.1577,4,47.7500,350.0829,1.000,0.000,0,0,0,100.0000,0,1,73.000,60,1,3174064128
1740,20.343143153,16.236983,16.668173,10,10483.0568,341.5189,85.7500,6.0870,-0.0000,0.0000,869.5817,869.5817,4,47.7500,11.8260,1.000,0.000,0,0,0,100.0000,0,1,73.000,60,1,3174088704
1741,20.361085933,17.942780,16.668892,10,10497.5430,343.0637,85.7500,6.0870,-0.0000,0.0000,873.9860,873.9860,4,47.7500,33.6813,1.000,0.000,0,0,0,100.0000,0,1,73.000,60,1,3174113280
1742,20.378800468,17.714535,16.667813,10,10512.1010,344.6162,85.7500,6.0870,-0.0000,0.0000,878.3702,878.3702,4,47.7500,55.6458,1.000,0.000,0,0,0,100.0000,0,1,73.000,60,1,3174178816
1743,20.393888447,15.087979,16.668293,10,10526.7317,346.1764,85.7500,6.0870,-0.0000,0.0000,882.7349,882.7349,4,47.7500,77.7212,1.000,0.000,0,0,0,100.0000,0,1,73.000,60,1,3174203392
1744,20.410502338,16.613891,16.668012,10,10541.4342,347.7443,85.7500,6.0870,-0.0000,0.0000,887.0798,887.0798,4,47.7500,99.9059,1.000,0.000,0,0,0,100.0000,0,1,73.000,60,1,3174203392
1745,20.427752423,17.250085,16.668893,10,10556.2092,349.3199,85.7500,6.0870,-0.0000,0.0000,891.4055,891.4055,4,47.7500,122.2009,1.000,0.000,0,0,0,100.0000,0,1,73.000,60,1,3174227968
1746,20.444008447,16.256024,16.668103,10,10571.0548,350.9030,85.7500,6.0870,-0.0000,0.0000,895.7115,895.7115,4,47.7500,144.6036,1.000,0.000,0,0,0,100.0000,0,1,73.000,60,1,3174252544
1747,20.461175480,17.167033,16.668822,10,10585.9721,352.4938,85.7500,6.0870,-0.0000,0.0000,899.9983,899.9983,4,47.7500,167.1155,1.000,0.000,0,0,0,100.0000,0,1,73.000,60,1,3174289408
1748,20.478587108,17.411628,16.668583,10,10600.9600,354.0921,85.7500,6.0870,-0.0000,0.0000,904.2657,904.2657,4,47.7500,189.7348,1.000,0.000,0,0,0,100.0000,0,1,73.000,60,1,3174313984
1749,20.495880145,17.293037,16.667493,10,10616.0173,355.6978,85.7500,6.0870,-0.0000,0.0000,908.5137,908.5138,4,47.7500,212.4599,1.000,0.000,0,0,0,100.0000,0,1,73.000,60,1,3174313984
1750,20.507603432,11.723287,16.668872,10,10631.1459,357.3111,85.7500,6.0870,-0.0000,0.0000,912.7430,912.7430,4,47.7500,235.2936,1.000,0.000,0,0,0,100.0000,0,1,73.000,60,1,3174350848
1751,20.528132567,20.529135,16.668853,10,10646.3443,358.9318,85.7500,6.0870,-0.0000,0.0000,916.9533,916.9533,4,47.7500,258.2336,1.000,0.000,0,0,0,100.0000,0,1,73.000,60,1,3174375424
1752,20.541021050,12.888483,16.667823,10,10661.6112,360.5599,85.7500,6.0870,-0.0000,0.0000,921.1444,921.1444,4,47.7500,281.2780,1.000,0.000,0,0,0,100.0000,0,1,73.000,60,1,3174375424
1753,20.557289353,16.268303,16.667072,10,10676.9465,362.1952,85.7500,6.0870,-0.0000,0.0000,925.3165,925.3165,4,47.7500,304.4267,1.000,0.000,0,0,0,100.0000,0,1,73.000,60,1,3174400000
1754,20.576971070,19.681717,16.668663,10,10692.3522,363.8381,85.7500,6.0870,-0.0000,0.0000,929.4702,929.4702,4,47.7500,327.6824,1.000,0.000,0,0,0,100.0000,0,1,73.000,60,1,3184287744
1755,20.594616333,17.645263,16.667153,10,10707.8250,365.4881,85.7500,6.0870,-0.0000,0.0000,933.6048,933.6048,4,47.7500,351.0404,1.000,0.000,0,0,0,100.0000,0,1,73.000,60,1,3175276544
1756,20.610558770,15.942437,16.667092,10,10723.3660,367.1454,85.7500,6.0870,-0.0000,0.0000,937.7208,937.7208,4,47.7500,14.5023,1.000,0.000,0,0,0,100.0000,0,1,73.000,60,1,3175276544
1757,20.627577890,17.019120,16.667633,10,10738.9754,368.8099,85.7500,6.0870,-0.0000,0.0000,941.8185,941.8185,4,47.7500,38.0683,1.000,0.000,0,0,0,100.0000,0,1,73.000,60,1,3175276544
1758,20.643157010,15.579120,16.668353,11,10744.9026,369.4488,85.3844,6.0851,0.0121,0.1178,-271.6302,280.4205,4,47.7500,61.7383,1.000,0.000,0,0,0,60.0000,1,1,73.000,60,1,3175288832
1759,20.824389064,181.232054,16.669042,11,10740.8891,369.3270,84.4732,6.1503,-0.1561,0.2384,-237.8695,244.8421,4,47.6697,54.9114,0.000,0.000,1,0,0,60.0000,1,1,73.000,60,1,3180371968
1760,20.832067737,7.678673,171.379726,11,10735.0673,369.3297,83.3674,6.3226,-0.0870,0.3202,-172.9158,176.8702,4,46.7835,-6.5550,0.000,0.000,1,0,0,60.0000,1,1,73.000,60,1,3181436928
1761,20.844063131,11.995394,16.666872,11,10732.6384,369.3375,82.9579,6.3883,-0.0650,0.3393,-144.5182,147.3461,4,45.9663,-10.9003,0.000,0.000,1,0,0,60.0000,1,1,73.000,60,1,3181436928
1762,20.864733087,20.669956,16.667493,11,10730.6221,369.3505,82.6771,6.4357,-0.0504,0.3418,-120.1734,122.0610,4,45.6327,-14.5322,0.000,0.000,1,0,0,60.0000,1,1,73.000,60,1,3182485504
1763,20.877734993,13.001906,16.667813,11,10728.9471,369.3677,82.5098,6.4698,-0.0400,0.3322,-99.9893,101.1659,4,45.3793,-17.5524,0.000,0.000,1,0,0,60.0000,1,1,73.000,60,1,3183534080
1764,20.898073583,20.338590,16.667432,11,10727.5551,369.3877,82.4410,6.4944,-0.0324,0.3142,-83.2473,83.9850,4,45.2056,-20.0652,0.000,0.000,1,0,0,60.0000,1,1,73.000,60,1,3184586752
1765,20.915679485,17.605902,16.667443,11,10726.3974,369.4094,82.4559,6.5121,-0.0267,0.2907,-69.3522,69.9513,4,45.1070,-22.1573,0.000,0.000,1,0,0,60.0000,1,1,73.000,60,1,3184586752
1766,20.928622499,12.943014,16.668713,11,10725.4339,369.4318,82.5404,6.5248,-0.0221,0.2639,-57.8122,58.5805,4,45.0769,-23.9003,0.000,0.000,1,0,0,60.0000,1,1,73.000,60,1,3184590848
1767,20.947357116,18.734617,16.667962,11,10724.6316,369.4542,82.6810,6.5340,-0.0185,0.2357,-48.2231,49.4510,4,45.1072,-25.3532,0.000,0.000,1,0,0,60.0000,1,1,73.000,60,1,3184590848
1768,20.965068481,17.711365,16.668643,11,10723.9630,369.4762,82.8653,6.5406,-0.0156,0.2074,-40.2488,42.1818,4,45.1890,-26.5652,0.000,0.000,1,0,0,60.0000,1,1,73.000,60,1,3184590848
1769,20.981111420,16.042939,16.667682,11,10723.4056,369.4973,83.0821,6.5454,-0.0131,0.1800,-33.6131,36.4262,4,45.3134,-27.5767,0.000,0.000,1,0,0,60.0000,1,1,73.000,60,1,3184590848
1770,20.998011038,16.899618,16.668093,11,10722.9406,369.5172,83.3211,6.5488,-0.0111,0.1541,-28.0866,31.8652,4,45.4714,-28.4214,0.000,0.000,1,0,0,60.0000,1,1,73.000,60,1,3184590848
1771,21.014423615,16.412577,16.667573,11,10722.5523,369.5358,83.5735,6.5513,-0.0094,0.1302,-23.4804,28.2141,4,45.6546,-29.1273,0.000,0.000,1,0,0,60.0000,1,1,73.000,60,1,3184590848
1772,21.031616968,17.193353,16.668722,11,10722.2279,369.5531,83.8313,6.5531,-0.0080,0.1085,-19.6379,25.2281,4,45.8552,-29.7174,0.000,0.000,1,0,0,60.0000,1,1,73.000,60,1,3184590848
1773,21.048564397,16.947429,16.668483,11,10721.9568,369.5690,84.0881,6.5543,-0.0068,0.0892,-16.4303,22.7100,4,46.0659,-30.2110,0.000,0.000,1,0,0,60.0000,1,1,73.000,60,1,3184590848
1774,21.062250997,13.686600,16.668873,11,10721.7301,369.5835,84.3383,6.5553,-0.0058,0.0722,-13.7504,20.5098,4,46.2805,-30.6239,0.000,0.000,1,0,0,60.0000,1,1,73.000,60,1,3184590848
1775,21.078545411,16.294414,16.667402,11,10721.5404,369.5967,84.5775,6.5559,-0.0049,0.0575,-11.5101,18.5221,4,46.4937,-30.9695,0.000,0.000,1,0,0,60.0000,1,1,73.000,60,1,3184590848
1776,21.095292496,16.747085,16.668143,11,10721.3816,369.6087,84.8023,6.5564,-0.0042,0.0449,-9.6358,16.6777,4,46.7007,-31.2587,0.000,0.000,1,0,0,60.0000,1,1,73.000,60,1,3184594944
1777,21.113282837,17.990341,16.667963,11,10721.2487,369.6194,85.0102,6.5568,-0.0036,0.0343,-8.0668,14.9357,4,46.8980,-31.5009,0.000,0.000,1,0,0,60.0000,1,1,73.000,60,1,3184594944
1778,21.131858199,18.575362,16.668452,11,10721.1373,369.6291,85.1994,6.5570,-0.0030,0.0254,-6.7527,13.2752,4,47.0827,-31.7036,0.000,0.000,1,0,0,60.0000,1,1,73.000,60,1,3184594944
1779,21.145377986,13.519787,16.667783,11,10721.0440,369.6378,85.3688,6.5572,-0.0026,0.0182,-5.6516,11.6889,4,47.2526,-31.8733,0.000,0.000,1,0,0,60.0000,1,1,73.000,60,1,3184594944
1780,21.165361988,19.984002,16.667403,11,10720.9658,369.6455,85.5181,6.5573,-0.0022,0.0123,-4.7287,10.1774,4,47.4062,-32.0154,0.000,0.000,1,0,0,60.0000,1,1,73.000,60,1,3184594944
1781,21.178368073,13.006085,16.667212,11,10720.9002,369.6524,85.6473,6.5574,-0.0019,0.0076,-3.9549,8.7461,4,47.5427,-32.1342,0.000,0.000,1,0,0,60.0000,1,1,73.000,60,1,3184594944
1782,21.198524250,20.156177,16.668653,11,10720.8453,369.6585,85.7570,6.5575,-0.0016,0.0040,-3.3061,7.4021,4,47.6618,-32.2336,0.000,0.000,1,0,0,60.0000,1,1,73.000,60,1,3184594944
1783,21.211839491,13.315241,16.667773,11,10720.7993,369.6640,85.8481,6.5575,-0.0014,0.0012,-2.7622,6.1531,4,47.7637,-32.3167,0.000,0.000,1,0,0,60.0000,1,1,73.000,60,1,3184594944
1784,21.230336483,18.496992,16.668072,11,10720.7608,369.6688,85.9216,6.5575,-0.0012,-0.0008,-2.3061,5.0060,4,47.8488,-32.3861,0.000,0.000,1,0,0,60.0000,1,1,73.000,60,1,3184594944
1785,21.248018457,17.681974,16.668313,11,10720.7286,369.6731,85.9788,6.5576,-0.0010,-0.0023,-1.9239,3.9670,4,47.9179,-32.4441,0.000,0.000,1,0,0,60.0000,1,1,73.000,60,1,3184594944
1786,21.266398096,18.379639,16.667953,11,10720.7016,369.6769,86.0214,6.5576,-0.0008,-0.0033,-1.6037,3.0419,4,47.9722,-32.4924,0.000,0.000,1,0,0,60.0000,1,1,73.000,60,1,3184594944
1787,21.278366489,11.968393,16.668202,11,10720.6790,369.6802,86.0507,6.5576,-0.0007,-0.0039,-1.3356,2.2378,4,48.0127,-32.5327,0.000,0.000,1,0,0,60.0000,1,1,73.000,60,1,3184594944
1788,21.297357711,18.991222,16.667373,11,10720.6601,369.6832,86.0685,6.5576,-0.0006,-0.0042,-1.1112,1.5679,4,48.0409,-32.5663,0.000,0.000,1,0,0,60.0000,1,1,73.000,60,1,3184594944
1789,21.316856193,19.498482,16.667453,11,10720.6443,369.6858,86.0761,6.5576,-0.0006,-0.0042,-0.9236,1.0648,4,48.0581,-32.5942,0.000,0.000,1,0,0,60.0000,1,1,73.000,60,1,3184603136
1790,21.328345777,11.489584,16.668372,11,10720.6312,369.6881,86.0753,6.5576,-0.0004,-0.0042,-0.7668,0.8011,4,48.0657,-32.6174,0.000,0.000,1,0,0,60.0000,1,1,73.000,60,1,3184627712
1791,21.346294416,17.948639,16.668723,11,10720.6202,369.6902,86.0674,6.5576,-0.0004,-0.0040,-0.6359,0.8175,4,48.0651,-32.6367,0.000,0.000,1,0,0,60.0000,1,1,73.000,60,1,3184652288
1792,21.367157458,20.863042,16.667803,11,10720.6111,369.6920,86.0538,6.5576,-0.0003,-0.0037,-0.5268,0.9866,4,48.0578,-32.6527,0.000,0.000,1,0,0,60.0000,1,1,73.000,60,1,3184680960
1793,21.378252313,11.094855,16.667852,11,10720.6035,369.6936,86.0357,6.5576,-0.0003,-0.0034,-0.4359,1.1766,4,48.0449,-32.6659,0.000,0.000,1,0,0,60.0000,1,1,73.000,60,1,3184685056
1794,21.396345855,18.093542,16.667483,11,10720.5971,369.6949,86.0144,6.5576,-0.0002,-0.0030,-0.3602,1.3360,4,48.0276,-32.6769,0.000,0.000,1,0,0,60.0000,1,1,73.000,60,1,3184709632
1795,21.415372188,19.026333,16.667423,11,10720.5919,369.6962,85.9908,6.5576,-0.0002,-0.0027,-0.2973,1.4509,4,48.0071,-32.6859,0.000,0.000,1,0,0,60.0000,1,1,73.000,60,1,3184734208
1796,21.433458670,18.086482,16.667972,11,10720.5875,369.6972,85.9658,6.5576,-0.0002,-0.0023,-0.2452,1.5200,4,47.9844,-32.6934,0.000,0.000,1,0,0,60.0000,1,1,73.000,60,1,3184758784
1797,21.445407853,11.949183,16.690343,11,10720.5839,369.6982,85.9402,6.5576,-0.0001,-0.0020,-0.2019,1.5470,4,47.9602,-32.6996,0.000,0.000,1,0,0,60.0000,1,1,73.000,60,1,3184758784
1798,21.463332502,17.924649,16.668313,11,10720.5809,369.6990,85.9148,6.5576,-0.0001,-0.0017,-0.1661,1.5368,4,47.9355,-32.7047,0.000,0.000,1,0,0,60.0000,1,1,73.000,60,1,3184799744
1799,21.478596995,15.264493,16.691042,11,10720.5784,369.6998,85.8900,6.5576,-0.0001,-0.0014,-0.1364,1.4952,4,47.9108,-32.7088,0.000,0.000,1,0,0,60.0000,1,1,73.000,60,1,3184824320
1800,21.495289279,16.692284,16.667343,11,10720.5764,369.7004,85.8663,6.5576,-0.0001,-0.0012,-0.1120,1.4282,4,47.8866,-32.7123,0.000,0.000,1,0,0,60.0000,1,1,73.000,60,1,3184848896
1801,21.516577939,21.288660,16.668823,11,10720.5747,369.7010,85.8440,6.5576,-0.0001,-0.0010,-0.0919,1.3413,4,47.8634,-32.7151,0.000,0.000,1,0,0,60.0000,1,1,73.000,60,1,3184873472
1802,21.533476576,16.898637,16.668902,11,10720.5733,369.7015,85.8234,6.5576,-0.0001,-0.0008,-0.0754,1.2396,4,47.8417,-32.7174,0.000,0.000,1,0,0,60.0000,1,1,73.000,60,1,3184873472
1803,21.549828422,16.351846,16.667473,11,10720.5722,369.7019,85.8046,6.5576,-0.0001,-0.0006,-0.0618,1.1277,4,47.8215,-32.7193,0.000,0.000,1,0,0,60.0000,1,1,73.000,60,1,3184898048
1804,21.566147058,16.318636,16.667983,11,10720.5712,369.7023,85.7878,6.5576,-0.0000,-0.0005,-0.0506,1.0099,4,47.8031,-32.7208,0.000,0.000,1,0,0,60.0000,1,1,73.000,60,1,3184922624
1805,21.583418733,17.271675,16.667492,11,10720.5705,369.7026,85.7730,6.5576,-0.0000,-0.0003,-0.0414,0.8896,4,47.7867,-32.7221,0.000,0.000,1,0,0,60.0000,1,1,73.000,60,1,3184959488
1806,21.599694507,16.275774,16.668173,11,10720.5698,369.7029,85.7602,6.5576,-0.0000,-0.0003,0.0000,0.0000,4,47.7721,-32.7231,0.000,0.000,1,0,0,60.0000,1,1,73.000,60,1,3184984064
1807,21.616411881,16.717374,16.668933,11,10720.5698,369.7029,85.7599,6.5576,-0.0000,-0.0002,0.0001,0.0135,4,47.7593,-32.7231,0.000,0.000,1,0,0,60.0000,1,1,73.000,60,1,3184988160
1808,21.633857380,17.445499,16.667922,11,10720.5698,369.7029,85.7595,6.5576,-0.0000,-0.0002,0.0002,0.0245,4,47.7594,-32.7231,0.000,0.000,1,0,0,60.0000,1,1,73.000,60,1,3185012736
1809,21.645210091,11.352711,16.668233,11,10720.5698,369.7029,85.7590,6.5576,-0.0000,-0.0002,0.0003,0.0330,4,47.7589,-32.7231,0.000,0.000,1,0,0,60.0000,1,1,73.000,60,1,3185037312
1810,21.661846292,16.636201,16.668733,11,10720.5698,369.7029,85.7583,6.5576,-0.0000,-0.0002,0.0004,0.0394,4,47.7584,-32.7231,0.000,0.000,1,0,0,60.0000,1,1,73.000,60,1,3185061888
1811,21.684117243,22.270951,16.668272,11,10720.5698,369.7029,85.7576,6.5576,-0.0000,-0.0002,0.0000,0.0000,4,47.7577,-32.7231,0.000,0.000,1,0,0,60.0000,1,1,73.000,60,1,3185086464
1812,21.699455118,15.337875,16.668213,11,10720.5698,369.7029,85.7574,6.5576,-0.0000,-0.0002,0.0001,0.0101,4,47.7570,-32.7231,0.000,0.000,1,0,0,60.0000,1,1,73.000,60,1,3185086464
1813,21.715641750,16.186632,16.668123,11,10720.5698,369.7029,85.7571,6.5576,-0.0000,-0.0001,0.0002,0.0183,4,47.7568,-32.7231,0.000,0.000,1,0,0,60.0000,1,1,73.000,60,1,3185111040
1814,21.734073620,18.431870,16.667582,11,10720.5698,369.7029,85.7567,6.5576,-0.0000,-0.0001,0.0002,0.0247,4,47.7568,-32.7231,0.000,0.000,1,0,0,60.0000,1,1,73.000,60,1,3185135616
1815,21.746119425,12.045805,16.667243,11,10720.5698,369.7029,85.7562,6.5576,-0.0000,-0.0001,0.0003,0.0294,4,47.7564,-32.7231,0.000,0.000,1,0,0,60.0000,1,1,73.000,60,1,3185135616
1816,21.762650035,16.530610,16.668483,11,10720.5698,369.7029,85.7557,6.5576,-0.0000,-0.0001,0.0000,0.0000,4,47.7559,-32.7231,0.000,0.000,1,0,0,60.0000,1,1,73.000,60,1,3185180672
1817,21.782317231,19.667196,16.668492,11,10720.5698,369.7029,85.7555,6.5576,-0.0000,-0.0001,0.0000,0.0076,4,47.7554,-32.7231,0.000,0.000,1,0,0,60.0000,1,1,73.000,60,1,3185205248
1818,21.798442022,16.124791,16.667273,11,10720.5698,369.7029,85.7553,6.5576,-0.0000,-0.0001,0.0001,0.0137,4,47.7552,-32.7231,0.000,0.000,1,0,0,60.0000,1,1,73.000,60,1,3185229824
1819,21.816662418,18.220396,16.668143,11,10720.5698,369.7029,85.7550,6.5576,-0.0000,-0.0001,0.0001,0.0184,4,47.7550,-32.7231,0.000,0.000,1,0,0,60.0000,1,1,73.000,60,1,3185254400
1820,21.834774441,18.112023,16.668162,11,10720.5698,369.7029,85.7546,6.5576,-0.0000,-0.0001,0.0002,0.0220,4,47.7547,-32.7231,0.000,0.000,1,0,0,60.0000,1,1,73.000,60,1,3185278976
1821,21.846483209,11.708768,16.668253,11,10720.5698,369.7029,85.7542,6.5576,-0.0000,-0.0001,0.0000,0.0000,4,47.7543,-32.7231,0.000,0.000,1,0,0,60.0000,1,1,73.000,60,1,3185283072
1822,21.864898198,18.414989,16.667333,11,10720.5698,369.7029,85.7542,6.5576,-0.0000,-0.0001,0.0000,0.0056,4,47.7539,-32.7231,0.000,0.000,1,0,0,60.0000,1,1,73.000,60,1,3185324032
1823,21.882515451,17.617253,16.668462,11,10720.5698,369.7029,85.7540,6.5576,0.0000,-0.0000,0.0001,0.0103,4,47.7539,-32.7231,0.000,0.000,1,0,0,60.0000,1,1,73.000,60,1,3185364992
1824,21.899737845,17.222394,16.667323,11,10720.5698,369.7029,85.7537,6.5576,0.0000,-0.0000,0.0001,0.0139,4,47.7539,-32.7231,0.000,0.000,1,0,0,60.0000,1,1,73.000,60,1,3185389568
1825,21.914951907,15.214062,16.668963,11,10720.5698,369.7029,85.7535,6.5576,0.0000,-0.0000,0.0001,0.0165,4,47.7537,-32.7231,0.000,0.000,1,0,0,60.0000,1,1,73.000,60,1,3185393664
1826,21.934318047,19.366140,16.667542,11,10720.5698,369.7029,85.7532,6.5576,0.0000,-0.0000,0.0000,0.0000,4,47.7534,-32.7231,0.000,0.000,1,0,0,60.0000,1,1,73.000,60,1,3185422336
1827,21.945774229,11.456182,16.668173,11,10720.5698,369.7029,85.7532,6.5576,0.0000,-0.0000,0.0000,0.0042,4,47.7531,-32.7231,0.000,0.000,1,0,0,60.0000,1,1,73.000,60,1,3185451008
1828,21.964363603,18.589374,16.667973,11,10720.5698,369.7029,85.7530,6.5576,0.0000,-0.0000,0.0000,0.0077,4,47.7531,-32.7231,0.000,0.000,1,0,0,60.0000,1,1,73.000,60,1,3185487872
1829,21.982366734,18.003131,16.667922,11,10720.5698,369.7029,85.7528,6.5576,0.0000,-0.0000,0.0000,0.0103,4,47.7529,-32.7231,0.000,0.000,1,0,0,60.0000,1,1,73.000,60,1,3185487872
1830,21.999383504,17.016770,16.667713,11,10720.5698,369.7029,85.7526,6.5576,0.0000,-0.0000,0.0000,0.0123,4,47.7527,-32.7231,0.000,0.000,1,0,0,60.0000,1,1,73.000,60,1,3185512448
1831,22.015545086,16.161582,16.668833,11,10720.5698,369.7029,85.7524,6.5576,0.0000,-0.0000,0.0000,0.0000,4,47.7525,-32.7231,0.000,0.000,1,0,0,60.0000,1,1,73.000,60,1,3185537024
1832,22.031776889,16.231803,16.668312,11,10720.5698,369.7029,85.7524,6.5576,0.0000,-0.0000,0.0000,0.0031,4,47.7523,-32.7231,0.000,0.000,1,0,0,60.0000,1,1,73.000,60,1,3185561600
1833,22.050288931,18.512042,16.668243,11,10720.5698,369.7029,85.7522,6.5576,0.0000,-0.0000,0.0000,0.0057,4,47.7523,-32.7231,0.000,0.000,1,0,0,60.0000,1,1,73.000,60,1,3185590272
1834,22.066358011,16.069080,16.668273,11,10720.5698,369.7029,85.7521,6.5576,0.0000,-0.0000,0.0000,0.0077,4,47.7521,-32.7231,0.000,0.000,1,0,0,60.0000,1,1,73.000,60,1,3185594368
1835,22.083566625,17.208614,16.668292,11,10720.5698,369.7029,85.7519,6.5576,0.0000,-0.0000,0.0000,0.0092,4,47.7520,-32.7231,0.000,0.000,1,0,0,60.0000,1,1,73.000,60,1,3185618944
1836,22.098656584,15.089959,16.668573,11,10720.5698,369.7029,85.7518,6.5576,0.0000,-0.0000,0.0000,0.0000,4,47.7519,-32.7231,0.000,0.000,1,0,0,60.0000,1,1,73.000,60,1,3185643520
1837,22.116042011,17.385427,16.669223,11,10720.5698,369.7029,85.7518,6.5576,0.0000,-0.0000,0.0000,0.0023,4,47.7517,-32.7231,0.000,0.000,1,0,0,60.0000,1,1,73.000,60,1,3185668096
1838,22.132103191,16.061180,16.668332,11,10720.5698,369.7029,85.7516,6.5576,0.0000,-0.0000,0.0000,0.0043,4,47.7517,-32.7231,0.000,0.000,1,0,0,60.0000,1,1,73.000,60,1,3185668096
1839,22.152848810,20.745619,16.667683,12,10720.5698,369.7029,85.7516,6.5576,0.0000,-0.0000,0.0000,0.0058,4,47.7516,-32.7231,0.000,0.000,1,0,0,60.0000,1,1,73.000,60,1,3185692672
1840,22.164660970,11.812160,16.667943,12,10720.5698,369.7029,85.7514,6.5576,0.0000,-0.0000,0.0000,0.0070,4,47.7516,-32.7231,0.000,0.000,1,0,0,60.0000,1,0,73.000,60,0,3185717248
1841,22.180188168,15.527198,16.667782,12,10720.5698,369.7029,85.7513,6.5576,0.0000,-0.0000,0.0000,0.0000,4,47.7514,-32.7231,0.000,0.000,1,0,0,60.0000,1,0,73.000,60,0,3185745920
1842,22.199492498,19.304330,16.667493,12,10720.5698,369.7029,85.7513,6.5576,0.0000,-0.0000,0.0000,0.0017,4,47.7512,-32.7231,0.000,0.000,1,0,0,60.0000,1,0,73.000,60,0,3185770496
1843,22.218248674,18.756176,16.668663,12,10720.5698,369.7029,85.7513,6.5576,0.0000,-0.0000,0.0000,0.0032,4,47.7512,-32.7231,0.000,0.000,1,0,0,60.0000,1,0,73.000,60,0,3185795072
1844,22.232812542,14.563868,16.667252,12,10720.5698,369.7029,85.7512,6.5576,0.0000,-0.0000,0.0000,0.0044,4,47.7512,-32.7231,0.000,0.000,1,0,0,60.0000,1,0,73.000,60,0,3185795072
1845,22.249347653,16.535111,16.668663,12,10720.5698,369.7029,85.7512,6.5576,0.0000,-0.0000,0.0000,0.0052,4,47.7511,-32.7231,0.000,0.000,1,0,0,60.0000,1,0,73.000,60,0,3185819648
1846,22.269406797,20.059144,16.668443,12,10720.5698,369.7029,85.7510,6.5576,0.0000,-0.0000,0.0000,0.0000,4,47.7511,-32.7231,0.000,0.000,1,0,0,60.0000,1,0,73.000,60,0,3185848320
1847,22.279470900,10.064103,16.667772,12,10720.5698,369.7029,85.7510,6.5576,0.0000,-0.0000,0.0000,0.0013,4,47.7509,-32.7231,0.000,0.000,1,0,0,60.0000,1,0,73.000,60,0,3185848320
1848,22.296125741,16.654841,16.667453,12,10720.5698,369.7029,85.7510,6.5576,0.0000,-0.0000,0.0000,0.0024,4,47.7509,-32.7231,0.000,0.000,1,0,0,60.0000,1,0,73.000,60,0,3185872896
1849,22.316186796,20.061055,16.667502,12,10720.5698,369.7029,85.7509,6.5576,0.0000,-0.0000,0.0000,0.0033,4,47.7509,-32.7231,0.000,0.000,1,0,0,60.0000,1,0,73.000,60,0,3185909760
1850,22.334987214,18.800418,16.667773,12,10720.5698,369.7029,85.7509,6.5576,0.0000,-0.0000,0.0000,0.0038,4,47.7508,-32.7231,0.000,0.000,1,0,0,60.0000,1,0,73.000,60,0,3185938432
1851,22.350732687,15.745473,16.667043,12,10720.5698,369.7029,85.7507,6.5576,0.0000,-0.0000,0.0000,0.0000,4,47.7508,-32.7231,0.000,0.000,1,0,0,60.0000,1,0,73.000,60,0,3185963008
1852,22.366674475,15.941788,16.668032,12,10720.5698,369.7029,85.7507,6.5576,0.0000,-0.0000,0.0000,0.0010,4,47.7506,-32.7231,0.000,0.000,1,0,0,60.0000,1,0,73.000,60,0,3185987584
1853,22.381550629,14.876154,16.668483,12,10720.5698,369.7029,85.7507,6.5576,0.0000,-0.0000,0.0000,0.0017,4,47.7506,-32.7231,0.000,0.000,1,0,0,60.0000,1,0,73.000,60,0,3186081792
1854,22.398993628,17.442999,16.667853,12,10720.5698,369.7029,85.7507,6.5576,0.0000,-0.0000,0.0000,0.0024,4,47.7506,-32.7231,0.000,0.000,1,0,0,60.0000,1,0,73.000,60,0,3186106368
1855,22.414822583,15.828955,16.668422,12,10720.5698,369.7029,85.7506,6.5576,0.0000,-0.0000,0.0000,0.0030,4,47.7506,-32.7231,0.000,0.000,1,0,0,60.0000,1,0,73.000,60,0,3186130944
1856,22.431790362,16.967779,16.668743,12,10720.5698,369.7029,85.7506,6.5576,0.0000,-0.0000,0.0000,0.0000,4,47.7505,-32.7231,0.000,0.000,1,0,0,60.0000,1,0,73.000,60,0,3186155520
1857,22.449798833,18.008471,16.668373,12,10720.5698,369.7029,85.7506,6.5576,0.0000,-0.0000,0.0000,0.0008,4,47.7505,-32.7231,0.000,0.000,1,0,0,60.0000,1,0,73.000,60,0,3186155520
1858,22.466682831,16.883998,16.668572,12,10720.5698,369.7029,85.7506,6.5576,0.0000,-0.0000,0.0000,0.0014,4,47.7505,-32.7231,0.000,0.000,1,0,0,60.0000,1,0,73.000,60,0,3186184192
1859,22.478421199,11.738368,16.667413,12,10720.5698,369.7029,85.7505,6.5576,0.0000,-0.0000,0.0000,0.0020,4,47.7505,-32.7231,0.000,0.000,1,0,0,60.0000,1,0,73.000,60,0,3186212864
1860,22.495033590,16.612391,16.667143,12,10720.5698,369.7029,85.7505,6.5576,0.0000,-0.0000,0.0000,0.0022,4,47.7504,-32.7231,0.000,0.000,1,0,0,60.0000,1,0,73.000,60,0,3186237440
1861,22.516086435,21.052845,16.667962,12,10720.5698,369.7029,85.7505,6.5576,0.0000,-0.0000,0.0000,0.0000,4,47.7504,-32.7231,0.000,0.000,1,0,0,60.0000,1,0,73.000,60,0,3186262016
1862,22.532454002,16.367567,16.668343,12,10720.5698,369.7029,85.7505,6.5576,0.0000,-0.0000,0.0000,0.0006,4,47.7504,-32.7231,0.000,0.000,1,0,0,60.0000,1,0,73.000,60,0,3186262016
1863,22.551970965,19.516963,16.668633,13,10720.5698,369.7029,85.7504,6.5576,0.0000,-0.0000,0.0000,0.0011,4,47.7504,-32.7231,0.000,0.000,1,0,0,60.0000,1,0,73.000,60,0,3186290688
1864,22.726691102,174.720137,16.668032,13,10720.5698,369.7029,85.7504,6.5576,0.0000,-0.0000,0.0000,0.0014,4,47.7503,-32.7231,0.000,0.000,1,0,0,60.0000,1,0,73.000,60,0,3186745344
1865,22.734375834,7.684732,168.770561,13,10720.5698,369.7029,85.7504,6.5576,0.0000,-0.0000,0.0001,0.0019,4,47.7503,-32.7231,0.000,0.000,1,0,0,60.0000,1,0,73.000,60,0,3186745344
1866,22.746149563,11.773729,16.667002,13,10720.5698,369.7029,85.7502,6.5576,-0.0000,0.0001,0.0000,0.0000,4,47.7503,-32.7231,0.000,0.000,1,0,0,60.0000,1,0,73.000,60,0,3186802688
1867,22.767435713,21.286150,16.667222,13,10720.5698,369.7029,85.7502,6.5576,-0.0000,0.0001,-0.0000,0.0003,4,47.7504,-32.7231,0.000,0.000,1,0,0,60.0000,1,0,73.000,60,0,3186802688
1868,22.780012980,12.577267,16.667654,13,10720.5698,369.7029,85.7502,6.5576,-0.0000,0.0001,-0.0000,0.0006,4,47.7504,-32.7231,0.000,0.000,1,0,0,60.0000,1,0,73.000,60,0,3186806784
1869,22.796663102,16.650122,16.667272,13,10720.5698,369.7029,85.7502,6.5576,-0.0000,0.0001,-0.0001,0.0008,4,47.7504,-32.7231,0.000,0.000,1,0,0,60.0000,1,0,73.000,60,0,3186810880
1870,22.816302697,19.639595,16.667732,13,10720.5698,369.7029,85.7502,6.5576,-0.0000,0.0001,-0.0001,0.0010,4,47.7504,-32.7231,0.000,0.000,1,0,0,60.0000,1,0,73.000,60,0,3186810880
1871,22.835850321,19.547624,16.668113,13,10720.5698,369.7029,85.7502,6.5576,-0.0000,0.0001,0.0000,0.0000,4,47.7504,-32.7231,0.000,0.000,1,0,0,60.0000,1,0,73.000,60,0,3186810880
1872,22.847300023,11.449702,16.668003,13,10720.5698,369.7029,85.7502,6.5576,-0.0000,0.0001,-0.0000,0.0003,4,47.7504,-32.7231,0.000,0.000,1,0,0,60.0000,1,0,73.000,60,0,3186810880
1873,22.864041787,16.741764,16.667662,13,10720.5698,369.7029,85.7502,6.5576,-0.0000,0.0001,-0.0000,0.0006,4,47.7504,-32.7231,0.000,0.000,1,0,0,60.0000,1,0,73.000,60,0,3186810880
1874,22.882989408,18.947621,16.668543,13,10720.5698,369.7029,85.7502,6.5576,-0.0000,0.0001,-0.0001,0.0008,4,47.7504,-32.7231,0.000,0.000,1,0,0,60.0000,1,0,73.000,60,0,3186810880
1875,22.902172764,19.183356,16.668443,13,10720.5698,369.7029,85.7501,6.5576,-0.0000,0.0001,-0.0001,0.0010,4,47.7504,-32.7231,0.000,0.000,1,0,0,60.0000,1,0,73.000,60,0,3186814976
1876,22.914337671,12.164907,16.668342,13,10720.5698,369.7029,85.7501,6.5576,-0.0000,0.0001,0.0000,0.0000,4,47.7503,-32.7231,0.000,0.000,1,0,0,60.0000,1,0,73.000,60,0,3186819072
1877,22.930993644,16.655973,16.669023,13,10720.5698,369.7029,85.7501,6.5576,-0.0000,0.0001,-0.0000,0.0002,4,47.7503,-32.7231,0.000,0.000,1,0,0,60.0000,1,0,73.000,60,0,3185770496
1878,22.952729474,21.735830,16.667143,13,10720.5698,369.7029,85.7501,6.5576,-0.0000,0.0001,-0.0000,0.0003,4,47.7503,-32.7231,0.000,0.000,1,0,0,60.0000,1,0,73.000,60,0,3183685632
1879,22.969106610,16.377136,16.739404,13,10720.5698,369.7029,85.7501,6.5576,-0.0000,0.0001,-0.0001,0.0004,4,47.7503,-32.7231,0.000,0.000,1,0,0,60.0000,1,0,73.000,60,0,3183685632
1880,22.985964217,16.857607,16.785865,13,10720.5698,369.7029,85.7501,6.5576,-0.0000,0.0001,-0.0001,0.0005,4,47.7503,-32.7231,0.000,0.000,1,0,0,60.0000,1,0,73.000,60,0,3182637056
1881,22.998621755,12.657538,16.669003,13,10720.5698,369.7029,85.7501,6.5576,-0.0000,0.0001,0.0000,0.0000,4,47.7503,-32.7231,0.000,0.000,1,0,0,60.0000,1,0,73.000,60,0,3181613056
1882,23.015119754,16.497999,16.667693,13,10720.5698,369.7029,85.7501,6.5576,-0.0000,0.0001,-0.0000,0.0002,4,47.7503,-32.7231,0.000,0.000,1,0,0,60.0000,1,0,73.000,60,0,3181617152
1883,23.031115692,15.995938,16.668062,13,10720.5698,369.7029,85.7501,6.5576,-0.0000,0.0001,-0.0000,0.0003,4,47.7503,-32.7231,0.000,0.000,1,0,0,60.0000,1,0,73.000,60,0,3181645824
1884,23.048093461,16.977769,16.667063,13,10720.5698,369.7029,85.7501,6.5576,-0.0000,0.0001,-0.0001,0.0004,4,47.7503,-32.7231,0.000,0.000,1,0,0,60.0000,1,0,73.000,60,0,3181645824
1885,23.064723914,16.630453,16.668003,13,10720.5698,369.7029,85.7501,6.5576,-0.0000,0.0001,-0.0001,0.0005,4,47.7503,-32.7231,0.000,0.000,1,0,0,60.0000,1,0,73.000,60,0,3181649920
1886,23.085206447,20.482533,16.667162,13,10720.5698,369.7029,85.7501,6.5576,-0.0000,0.0001,0.0000,0.0000,4,47.7503,-32.7231,0.000,0.000,1,0,0,60.0000,1,0,73.000,60,0,3181649920
1887,23.098269313,13.062866,16.667963,13,10720.5698,369.7029,85.7501,6.5576,-0.0000,0.0001,-0.0000,0.0002,4,47.7503,-32.7231,0.000,0.000,1,0,0,60.0000,1,0,73.000,60,0,3181649920
1888,23.119755198,21.485885,16.667523,13,10720.5698,369.7029,85.7501,6.5576,-0.0000,0.0001,-0.0000,0.0003,4,47.7503,-32.7231,0.000,0.000,1,0,0,60.0000,1,0,73.000,60,0,3181662208
1889,23.136207696,16.452498,16.668702,13,10720.5698,369.7029,85.7501,6.5576,-0.0000,0.0001,-0.0001,0.0004,4,47.7503,-32.7231,0.000,0.000,1,0,0,60.0000,1,0,73.000,60,0,3181662208
1890,23.153003801,16.796105,16.668033,13,10720.5698,369.7029,85.7500,6.5576,0.0000,-0.0000,-0.0001,0.0005,4,47.7503,-32.7231,0.000,0.000,1,0,0,60.0000,1,0,73.000,60,0,3181662208
1891,23.164615166,11.611365,16.667983,13,10720.5698,369.7029,85.7500,6.5576,0.0000,-0.0000,0.0000,0.0000,4,47.7499,-32.7231,0.000,0.000,1,0,0,60.0000,1,0,73.000,60,0,3181666304
1892,23.184714313,20.099147,16.667892,13,10720.5698,369.7029,85.7500,6.5576,0.0000,-0.0000,0.0000,0.0000,4,47.7499,-32.7231,0.000,0.000,1,0,0,60.0000,1,0,73.000,60,0,3181674496
1893,23.202869427,18.155114,16.667263,13,10720.5698,369.7029,85.7500,6.5576,0.0000,-0.0000,0.0000,0.0001,4,47.7499,-32.7231,0.000,0.000,1,0,0,60.0000,1,0,73.000,60,0,3181678592
1894,23.214623335,11.753908,16.667653,13,10720.5698,369.7029,85.7500,6.5576,0.0000,-0.0000,0.0000,0.0001,4,47.7499,-32.7231,0.000,0.000,1,0,0,60.0000,1,0,73.000,60,0,3181682688
1895,23.231316068,16.692733,16.667162,13,10720.5698,369.7029,85.7500,6.5576,0.0000,-0.0000,0.0001,0.0001,4,47.7499,-32.7231,0.000,0.000,1,0,0,60.0000,1,0,73.000,60,0,3181682688
1896,23.302938624,71.622556,16.667983,14,10720.5698,369.7029,85.7500,6.5576,0.0000,-0.0000,0.0000,0.0000,4,47.7499,-32.7231,0.000,0.000,1,0,0,60.0000,1,0,73.000,60,0,3203194880
1897,23.307001010,4.062386,59.295024,14,10720.5698,369.7029,85.7500,6.5576,0.0000,-0.0000,0.0000,0.0001,4,47.7499,-32.7231,0.000,0.000,1,0,0,60.0000,1,0,73.000,60,0,3203194880
1898,23.329659588,22.658578,16.667523,14,10720.5698,369.7029,85.7500,6.5576,0.0000,-0.0000,0.0000,0.0001,4,47.7499,-32.7231,0.000,0.000,1,0,0,60.0000,1,0,73.000,60,0,3213955072
1899,23.342265716,12.606128,16.667572,14,10720.5698,369.7029,85.7500,6.5576,0.0000,-0.0000,0.0001,0.0001,4,47.7499,-32.7231,0.000,0.000,1,0,0,60.0000,1,0,73.000,60,0,3213963264
1900,23.361481212,19.215496,16.668163,14,10720.5698,369.7029,85.7500,6.5576,0.0000,-0.0000,0.0001,0.0001,4,47.7499,-32.7231,0.000,0.000,1,0,0,60.0000,1,0,73.000,60,0,3181711360
1901,23.380799151,19.317939,16.667423,14,10720.5698,369.7029,85.7500,6.5576,0.0000,-0.0000,0.0000,0.0000,4,47.7499,-32.7231,0.000,0.000,1,0,0,60.0000,1,0,73.000,60,0,3181719552
1902,23.395836269,15.037118,16.914138,14,10720.5698,369.7029,85.7500,6.5576,0.0000,-0.0000,0.0000,0.0000,0,47.7499,-32.7231,0.000,0.000,1,1,1,60.0000,1,0,73.000,60,0,3181719552
1903,23.411139333,15.303064,17.061321,14,10720.5698,369.7029,85.7500,6.5576,0.0000,-0.0000,0.0000,0.0000,0,47.7499,-32.7231,0.000,0.000,1,1,1,60.0000,1,0,73.000,60,0,3181719552
1904,23.425121279,13.981946,16.667872,14,10720.5698,369.7029,85.7500,6.5576,0.0000,-0.0000,0.0000,0.0000,0,47.7499,-32.7231,0.000,0.000,1,1,1,60.0000,1,0,73.000,60,0,3181719552
1905,23.443841795,18.720516,16.667953,14,10720.5698,369.7029,85.7500,6.5576,0.0000,-0.0000,0.0000,0.0000,0,47.7499,-32.7231,0.000,0.000,1,1,1,60.0000,1,0,73.000,60,0,3181719552
1906,23.462395407,18.553612,16.667263,14,10720.5698,369.7029,85.7500,6.5576,0.0000,-0.0000,0.0000,0.0000,0,47.7499,-32.7231,0.000,0.000,1,1,1,60.0000,1,0,73.000,60,0,3181719552
1907,23.479615941,17.220534,16.667162,14,10720.5698,369.7029,85.7500,6.5576,0.0000,-0.0000,0.0000,0.0000,0,47.7499,-32.7231,0.000,0.000,1,1,1,60.0000,1,0,73.000,60,0,3181719552
1908,23.495738102,16.122161,16.668073,14,10720.5698,369.7029,85.7500,6.5576,0.0000,-0.0000,0.0000,0.0000,0,47.7499,-32.7231,0.000,0.000,1,1,1,60.0000,1,0,73.000,60,0,3181719552
1909,23.507867640,12.129538,16.669133,14,10720.5698,369.7029,85.7500,6.5576,0.0000,-0.0000,0.0000,0.0000,0,47.7499,-32.7231,0.000,0.000,1,1,1,60.0000,1,0,73.000,60,0,3181731840
1910,23.528806153,20.938513,16.668262,14,10720.5698,369.7029,85.7500,6.5576,0.0000,-0.0000,0.0000,0.0000,0,47.7499,-32.7231,0.000,0.000,1,1,1,60.0000,1,0,73.000,60,0,3181731840
1911,23.540824547,12.018394,16.668623,14,10720.5698,369.7029,85.7500,6.5576,0.0000,-0.0000,0.0000,0.0000,0,47.7499,-32.7231,0.000,0.000,1,1,1,60.0000,1,0,73.000,60,0,3181735936
1912,23.560347730,19.523183,16.667443,14,10720.5698,369.7029,85.7500,6.5576,0.0000,-0.0000,0.0000,0.0000,0,47.7499,-32.7231,0.000,0.000,1,1,1,60.0000,1,0,73.000,60,0,3180687360
1913,23.576453170,16.105440,16.667572,14,10720.5698,369.7029,85.7500,6.5576,0.0000,-0.0000,0.0000,0.0000,0,47.7499,-32.7231,0.000,0.000,1,1,1,60.0000,1,0,73.000,60,0,3180687360
1914,23.593611883,17.158713,16.667323,14,10720.5698,369.7029,85.7500,6.5576,0.0000,-0.0000,0.0000,0.0000,0,47.7499,-32.7231,0.000,0.000,1,1,1,60.0000,1,0,73.000,60,0,3180687360
1915,23.610590622,16.978739,16.668773,14,10720.5698,369.7029,85.7500,6.5576,0.0000,-0.0000,0.0000,0.0000,0,47.7499,-32.7231,0.000,0.000,1,1,1,60.0000,1,0,73.000,60,0,3180687360
1916,23.627468740,16.878118,16.668382,14,10720.5698,369.7029,85.7500,6.5576,0.0000,-0.0000,0.0000,0.0000,0,47.7499,-32.7231,0.000,0.000,1,1,1,60.0000,1,0,73.000,60,0,3180691456
1917,23.643451118,15.982378,16.668723,14,10720.5698,369.7029,85.7500,6.5576,0.0000,-0.0000,0.0000,0.0000,0,47.7499,-32.7231,0.000,0.000,1,1,1,60.0000,1,0,73.000,60,0,3180691456
1918,23.660499589,17.048471,16.668653,14,10720.5698,369.7029,85.7500,6.5576,0.0000,-0.0000,0.0000,0.0000,0,47.7499,-32.7231,0.000,0.000,1,1,1,60.0000,1,0,73.000,60,0,3180691456
1919,23.677629221,17.129632,16.669022,14,10720.5698,369.7029,85.7500,6.5576,0.0000,-0.0000,0.0000,0.0000,0,47.7499,-32.7231,0.000,0.000,1,1,1,60.0000,1,0,73.000,60,0,3180691456
1920,23.690849791,13.220570,16.667923,14,10720.5698,369.7029,85.7500,6.5576,0.0000,-0.0000,0.0000,0.0000,0,47.7499,-32.7231,0.000,0.000,1,1,1,60.0000,1,0,73.000,60,0,3180691456
1921,23.710222371,19.372580,16.669213,14,10720.5698,369.7029,85.7500,6.5576,0.0000,-0.0000,0.0000,0.0000,0,47.7499,-32.7231,0.000,0.000,1,1,1,60.0000,1,0,73.000,60,0,3180691456
1922,23.727255951,17.033580,16.668072,14,10720.5698,369.7029,85.7500,6.5576,0.0000,-0.0000,0.0000,0.0000,0,47.7499,-32.7231,0.000,0.000,1,1,1,60.0000,1,0,73.000,60,0,3180691456
1923,23.746205502,18.949551,16.668893,14,10720.5698,369.7029,85.7500,6.5576,0.0000,-0.0000,0.0000,0.0000,0,47.7499,-32.7231,0.000,0.000,1,1,1,60.0000,1,0,73.000,60,0,3180691456
1924,23.757976832,11.771330,16.668123,14,10720.5698,369.7029,85.7500,6.5576,0.0000,-0.0000,0.0000,0.0000,0,47.7499,-32.7231,0.000,0.000,1,1,1,60.0000,1,0,73.000,60,0,3180691456
1925,23.777755259,19.778427,16.668542,14,10720.5698,369.7029,85.7500,6.5576,0.0000,-0.0000,0.0000,0.0000,0,47.7499,-32.7231,0.000,0.000,1,1,1,60.0000,1,0,73.000,60,0,3180691456
1926,23.796179320,18.424061,16.668133,14,10720.5698,369.7029,85.7500,6.5576,0.0000,-0.0000,0.0000,0.0000,0,47.7499,-32.7231,0.000,0.000,1,1,1,60.0000,1,0,73.000,60,0,3180691456
1927,23.808097452,11.918132,16.668523,14,10720.5698,369.7029,85.7500,6.5576,0.0000,-0.0000,0.0000,0.0000,0,47.7499,-32.7231,0.000,0.000,1,1,1,60.0000,1,0,73.000,60,0,3180691456
1928,23.827022472,18.925020,16.669002,14,10720.5698,369.7029,85.7500,6.5576,0.0000,-0.0000,0.0000,0.0000,0,47.7499,-32.7231,0.000,0.000,1,1,1,60.0000,1,0,73.000,60,0,3180691456
1929,23.845037884,18.015412,16.668003,14,10720.5698,369.7029,85.7500,6.5576,0.0000,-0.0000,0.0000,0.0000,0,47.7499,-32.7231,0.000,0.000,1,1,1,60.0000,1,0,73.000,60,0,3180691456
1930,23.861444920,16.407036,16.667933,14,10720.5698,369.7029,85.7500,6.5576,0.0000,-0.0000,0.0000,0.0000,0,47.7499,-32.7231,0.000,0.000,1,1,1,60.0000,1,0,73.000,60,0,3180691456
1931,23.877497320,16.052400,16.668722,14,10720.5698,369.7029,85.7500,6.5576,0.0000,-0.0000,0.0000,0.0000,0,47.7499,-32.7231,0.000,0.000,1,1,1,60.0000,1,0,73.000,60,0,3180691456
1932,23.891507606,14.010286,16.667253,14,10720.5698,369.7029,85.7500,6.5576,0.0000,-0.0000,0.0000,0.0000,0,47.7499,-32.7231,0.000,0.000,1,1,1,60.0000,1,0,73.000,60,0,3180691456
1933,23.911522200,20.014594,16.668763,14,10720.5698,369.7029,85.7500,6.5576,0.0000,-0.0000,0.0000,0.0000,0,47.7499,-32.7231,0.000,0.000,1,1,1,60.0000,1,0,73.000,60,0,3180691456
1934,23.929657423,18.135223,16.667712,14,10720.5698,369.7029,85.7500,6.5576,0.0000,-0.0000,0.0000,0.0000,0,47.7499,-32.7231,0.000,0.000,1,1,1,60.0000,1,0,73.000,60,0,3180691456
1935,23.944676091,15.018668,16.667243,14,10720.5698,369.7029,85.7500,6.5576,0.0000,-0.0000,0.0000,0.0000,0,47.7499,-32.7231,0.000,0.000,1,1,1,60.0000,1,0,73.000,60,0,3180691456
1936,23.961450066,16.773975,16.668593,14,10720.5698,369.7029,85.7500,6.5576,0.0000,-0.0000,0.0000,0.0000,0,47.7499,-32.7231,0.000,0.000,1,1,1,60.0000,1,0,73.000,60,0,3180691456
1937,23.978897495,17.447429,16.668142,14,10720.5698,369.7029,85.7500,6.5576,0.0000,-0.0000,0.0000,0.0000,0,47.7499,-32.7231,0.000,0.000,1,1,1,60.0000,1,0,73.000,60,0,3180691456
1938,23.994969366,16.071871,16.667733,14,10720.5698,369.7029,85.7500,6.5576,0.0000,-0.0000,0.0000,0.0000,0,47.7499,-32.7231,0.000,0.000,1,1,1,60.0000,1,0,73.000,60,0,3180691456
1939,24.011056616,16.087250,16.668343,14,10720.5698,369.7029,85.7500,6.5576,0.0000,-0.0000,0.0000,0.0000,0,47.7499,-32.7231,0.000,0.000,1,1,1,60.0000,1,0,73.000,60,0,3180691456
1940,24.027521704,16.465088,16.668822,14,10720.5698,369.7029,85.7500,6.5576,0.0000,-0.0000,0.0000,0.0000,0,47.7499,-32.7231,0.000,0.000,1,1,1,60.0000,1,0,73.000,60,0,3180691456
1941,24.044880551,17.358847,16.669043,14,10720.5698,369.7029,85.7500,6.5576,0.0000,-0.0000,0.0000,0.0000,0,47.7499,-32.7231,0.000,0.000,1,1,1,60.0000,1,0,73.000,60,0,3180691456
1942,24.061247318,16.366767,16.667603,14,10720.5698,369.7029,85.7500,6.5576,0.0000,-0.0000,0.0000,0.0000,0,47.7499,-32.7231,0.000,0.000,1,1,1,60.0000,1,0,73.000,60,0,3180691456
1943,24.077899780,16.652462,16.668503,14,10720.5698,369.7029,85.7500,6.5576,0.0000,-0.0000,0.0000,0.0000,0,47.7499,-32.7231,0.000,0.000,1,1,1,60.0000,1,0,73.000,60,0,3180691456
1944,24.094518322,16.618542,16.668293,14,10720.5698,369.7029,85.7500,6.5576,0.0000,-0.0000,0.0000,0.0000,0,47.7499,-32.7231,0.000,0.000,1,1,1,60.0000,1,0,73.000,60,0,3180691456
1945,24.112403860,17.885538,16.668913,14,10720.5698,369.7029,85.7500,6.5576,0.0000,-0.0000,0.0000,0.0000,0,47.7499,-32.7231,0.000,0.000,1,1,1,60.0000,1,0,73.000,60,0,3180691456
1946,24.127831466,15.427606,16.667252,14,10720.5698,369.7029,85.7500,6.5576,0.0000,-0.0000,0.0000,0.0000,0,47.7499,-32.7231,0.000,0.000,1,1,1,60.0000,1,0,73.000,60,0,3180691456
1947,24.144883417,17.051951,16.668943,14,10720.5698,369.7029,85.7500,6.5576,0.0000,-0.0000,0.0000,0.0000,0,47.7499,-32.7231,0.000,0.000,1,1,1,60.0000,1,0,73.000,60,0,3180691456
1948,24.162820187,17.936770,16.667603,14,10720.5698,369.7029,85.7500,6.5576,0.0000,-0.0000,0.0000,0.0000,0,47.7499,-32.7231,0.000,0.000,1,1,1,60.0000,1,0,73.000,60,0,3180691456
1949,24.179132893,16.312706,16.668152,14,10720.5698,369.7029,85.7500,6.5576,0.0000,-0.0000,0.0000,0.0000,0,47.7499,-32.7231,0.000,0.000,1,1,1,60.0000,1,0,73.000,60,0,3181318144
1950,24.191242809,12.109916,16.668263,14,10720.5698,369.7029,85.7500,6.5576,0.0000,-0.0000,0.0000,0.0000,0,47.7499,-32.7231,0.000,0.000,1,1,1,60.0000,1,0,73.000,60,0,3181318144
1951,24.210610498,19.367689,16.668703,14,10720.5698,369.7029,85.7500,6.5576,0.0000,-0.0000,0.0000,0.0000,0,47.7499,-32.7231,0.000,0.000,1,1,1,60.0000,1,0,73.000,60,0,3181318144
1952,24.228323273,17.712775,16.668372,14,10720.5698,369.7029,85.7500,6.5576,0.0000,-0.0000,0.0000,0.0000,0,47.7499,-32.7231,0.000,0.000,1,1,1,60.0000,1,0,73.000,60,0,3181322240
1953,24.244849332,16.526059,16.668443,14,10720.5698,369.7029,85.7500,6.5576,0.0000,-0.0000,0.0000,0.0000,0,47.7499,-32.7231,0.000,0.000,1,1,1,60.0000,1,0,73.000,60,0,3181322240
1954,24.263095359,18.246027,16.667482,14,10720.5698,369.7029,85.7500,6.5576,0.0000,-0.0000,0.0000,0.0000,0,47.7499,-32.7231,0.000,0.000,1,1,1,60.0000,1,0,73.000,60,0,3181322240
1955,24.274476330,11.380971,16.667813,14,10720.5698,369.7029,85.7500,6.5576,0.0000,-0.0000,0.0000,0.0000,0,47.7499,-32.7231,0.000,0.000,1,1,1,60.0000,1,0,73.000,60,0,3181322240
1956,24.290987118,16.510788,16.667333,14,10720.5698,369.7029,85.7500,6.5576,0.0000,-0.0000,0.0000,0.0000,0,47.7499,-32.7231,0.000,0.000,1,1,1,60.0000,1,0,73.000,60,0,3181326336
1957,24.312008793,21.021675,16.667842,14,10720.5698,369.7029,85.7500,6.5576,0.0000,-0.0000,0.0000,0.0000,0,47.7499,-32.7231,0.000,0.000,1,1,1,60.0000,1,0,73.000,60,0,3181326336
1958,24.324090100,12.081307,16.668663,14,10720.5698,369.7029,85.7500,6.5576,0.0000,-0.0000,0.0000,0.0000,0,47.7499,-32.7231,0.000,0.000,1,1,1,60.0000,1,0,73.000,60,0,3181363200
1959,24.343711934,19.621834,16.667903,14,10720.5698,369.7029,85.7500,6.5576,0.0000,-0.0000,0.0000,0.0000,0,47.7499,-32.7231,0.000,0.000,1,1,1,60.0000,1,0,73.000,60,0,3181363200
1960,24.360965939,17.254005,16.668592,14,10720.5698,369.7029,85.7500,6.5576,0.0000,-0.0000,0.0000,0.0000,0,47.7499,-32.7231,0.000,0.000,1,1,1,60.0000,1,0,73.000,60,0,3181363200
1961,24.379249097,18.283158,16.667663,14,10720.5698,369.7029,85.7500,6.5576,0.0000,-0.0000,0.0000,0.0000,0,47.7499,-32.7231,0.000,0.000,1,1,1,60.0000,1,0,73.000,60,0,3181363200
1962,24.390600426,11.351329,16.668723,14,10720.5698,369.7029,85.7500,6.5576,0.0000,-0.0000,0.0000,0.0000,0,47.7499,-32.7231,0.000,0.000,1,1,1,60.0000,1,0,73.000,60,0,3181363200
1963,24.407808830,17.208404,16.667652,14,10720.5698,369.7029,85.7500,6.5576,0.0000,-0.0000,0.0000,0.0000,0,47.7499,-32.7231,0.000,0.000,1,1,1,60.0000,1,0,73.000,60,0,3181363200
1964,24.427053967,19.245137,16.668033,14,10720.5698,369.7029,85.7500,6.5576,0.0000,-0.0000,0.0000,0.0000,0,47.7499,-32.7231,0.000,0.000,1,1,1,60.0000,1,0,73.000,60,0,3181363200
1965,24.444342434,17.288467,16.668303,14,10720.5698,369.7029,85.7500,6.5576,0.0000,-0.0000,0.0000,0.0000,0,47.7499,-32.7231,0.000,0.000,1,1,1,60.0000,1,0,73.000,60,0,3181363200
1966,24.460705710,16.363276,16.667412,14,10720.5698,369.7029,85.7500,6.5576,0.0000,-0.0000,0.0000,0.0000,0,47.7499,-32.7231,0.000,0.000,1,1,1,60.0000,1,0,73.000,60,0,3181363200
1967,24.474574013,13.868303,16.668833,14,10720.5698,369.7029,85.7500,6.5576,0.0000,-0.0000,0.0000,0.0000,0,47.7499,-32.7231,0.000,0.000,1,1,1,60.0000,1,0,73.000,60,0,3181363200
1968,24.491381749,16.807736,16.668223,14,10720.5698,369.7029,85.7500,6.5576,0.0000,-0.0000,0.0000,0.0000,0,47.7499,-32.7231,0.000,0.000,1,1,1,60.0000,1,0,73.000,60,0,3181363200
1969,24.511336551,19.954802,16.667962,14,10720.5698,369.7029,85.7500,6.5576,0.0000,-0.0000,0.0000,0.0000,0,47.7499,-32.7231,0.000,0.000,1,1,1,60.0000,1,0,73.000,60,0,3181363200
1970,24.527374731,16.038180,16.667213,14,10720.5698,369.7029,85.7500,6.5576,0.0000,-0.0000,0.0000,0.0000,0,47.7499,-32.7231,0.000,0.000,1,1,1,60.0000,1,0,73.000,60,0,3181363200
1971,24.544480992,17.106261,16.667533,14,10720.5698,369.7029,85.7500,6.5576,0.0000,-0.0000,0.0000,0.0000,0,47.7499,-32.7231,0.000,0.000,1,1,1,60.0000,1,0,73.000,60,0,3181363200
1972,24.561183006,16.702014,16.669072,14,10720.5698,369.7029,85.7500,6.5576,0.0000,-0.0000,0.0000,0.0000,0,47.7499,-32.7231,0.000,0.000,1,1,1,60.0000,1,0,73.000,60,0,3181363200
1973,24.577621584,16.438578,16.667563,14,10720.5698,369.7029,85.7500,6.5576,0.0000,-0.0000,0.0000,0.0000,0,47.7499,-32.7231,0.000,0.000,1,1,1,60.0000,1,0,73.000,60,0,3181363200
1974,24.595091883,17.470299,16.668483,14,10720.5698,369.7029,85.7500,6.5576,0.0000,-0.0000,0.0000,0.0000,0,47.7499,-32.7231,0.000,0.000,1,1,1,60.0000,1,0,73.000,60,0,3181363200
1975,24.611057621,15.965738,16.669072,14,10720.5698,369.7029,85.7500,6.5576,0.0000,-0.0000,0.0000,0.0000,0,47.7499,-32.7231,0.000,0.000,1,1,1,60.0000,1,0,73.000,60,0,3181363200
1976,24.628347127,17.289506,16.668633,14,10720.5698,369.7029,85.7500,6.5576,0.0000,-0.0000,0.0000,0.0000,0,47.7499,-32.7231,0.000,0.000,1,1,1,60.0000,1,0,73.000,60,0,3181363200
1977,24.646002010,17.654883,16.668483,14,10720.5698,369.7029,85.7500,6.5576,0.0000,-0.0000,0.0000,0.0000,0,47.7499,-32.7231,0.000,0.000,1,1,1,60.0000,1,0,73.000,60,0,3181363200
1978,24.663217215,17.215205,16.667252,14,10720.5698,369.7029,85.7500,6.5576,0.0000,-0.0000,0.0000,0.0000,0,47.7499,-32.7231,0.000,0.000,1,1,1,60.0000,1,0,73.000,60,0,3181363200
1979,24.678384496,15.167281,16.667833,14,10720.5698,369.7029,85.7500,6.5576,0.0000,-0.0000,0.0000,0.0000,0,47.7499,-32.7231,0.000,0.000,1,1,1,60.0000,1,0,73.000,60,0,3181363200
1980,24.695579699,17.195203,16.667753,14,10720.5698,369.7029,85.7500,6.5576,0.0000,-0.0000,0.0000,0.0000,0,47.7499,-32.7231,0.000,0.000,1,1,1,60.0000,1,0,73.000,60,0,3181363200
1981,24.711639269,16.059570,16.669172,14,10720.5698,369.7029,85.7500,6.5576,0.0000,-0.0000,0.0000,0.0000,0,47.7499,-32.7231,0.000,0.000,1,1,1,60.0000,1,0,73.000,60,0,3181363200
1982,24.729640890,18.001621,16.667933,14,10720.5698,369.7029,85.7500,6.5576,0.0000,-0.0000,0.0000,0.0000,0,47.7499,-32.7231,0.000,0.000,1,1,1,60.0000,1,0,73.000,60,0,3181363200
1983,24.740866337,11.225447,16.668123,14,10720.5698,369.7029,85.7500,6.5576,0.0000,-0.0000,0.0000,0.0000,0,47.7499,-32.7231,0.000,0.000,1,1,1,60.0000,1,0,73.000,60,0,3181363200
1984,24.761504074,20.637737,16.667452,14,10720.5698,369.7029,85.7500,6.5576,0.0000,-0.0000,0.0000,0.0000,0,47.7499,-32.7231,0.000,0.000,1,1,1,60.0000,1,0,73.000,60,0,3181363200
1985,24.778983314,17.479240,16.667333,14,10720.5698,369.7029,85.7500,6.5576,0.0000,-0.0000,0.0000,0.0000,0,47.7499,-32.7231,0.000,0.000,1,1,1,60.0000,1,0,73.000,60,0,3181363200
1986,24.791626172,12.642858,16.668623,14,10720.5698,369.7029,85.7500,6.5576,0.0000,-0.0000,0.0000,0.0000,0,47.7499,-32.7231,0.000,0.000,1,1,1,60.0000,1,0,73.000,60,0,3181363200
1987,24.810283037,18.656865,16.667322,14,10720.5698,369.7029,85.7500,6.5576,0.0000,-0.0000,0.0000,0.0000,0,47.7499,-32.7231,0.000,0.000,1,1,1,60.0000,1,0,73.000,60,0,3181363200
1988,24.828328949,18.045912,16.668083,14,10720.5698,369.7029,85.7500,6.5576,0.0000,-0.0000,0.0000,0.0000,0,47.7499,-32.7231,0.000,0.000,1,1,1,60.0000,1,0,73.000,60,0,3181363200
1989,24.847386442,19.057493,16.738514,14,10720.5698,369.7029,85.7500,6.5576,0.0000,-0.0000,0.0000,0.0000,0,47.7499,-32.7231,0.000,0.000,1,1,1,60.0000,1,0,73.000,60,0,3181363200
1990,24.862705705,15.319263,16.668782,14,10720.5698,369.7029,85.7500,6.5576,0.0000,-0.0000,0.0000,0.0000,0,47.7499,-32.7231,0.000,0.000,1,1,1,60.0000,1,0,73.000,60,0,3181363200
1991,24.875142118,12.436413,16.669183,14,10720.5698,369.7029,85.7500,6.5576,0.0000,-0.0000,0.0000,0.0000,0,47.7499,-32.7231,0.000,0.000,1,1,1,60.0000,1,0,73.000,60,0,3181363200
1992,24.894537029,19.394911,16.668413,14,10720.5698,369.7029,85.7500,6.5576,0.0000,-0.0000,0.0000,0.0000,0,47.7499,-32.7231,0.000,0.000,1,1,1,60.0000,1,0,73.000,60,0,3181363200
1993,24.914394480,19.857451,16.669152,14,10720.5698,369.7029,85.7500,6.5576,0.0000,-0.0000,0.0000,0.0000,0,47.7499,-32.7231,0.000,0.000,1,1,1,60.0000,1,0,73.000,60,0,3181363200
1994,24.927961786,13.567306,16.668634,14,10720.5698,369.7029,85.7500,6.5576,0.0000,-0.0000,0.0000,0.0000,0,47.7499,-32.7231,0.000,0.000,1,1,1,60.0000,1,0,73.000,60,0,3181363200
1995,24.945720242,17.758456,16.667983,14,10720.5698,369.7029,85.7500,6.5576,0.0000,-0.0000,0.0000,0.0000,0,47.7499,-32.7231,0.000,0.000,1,1,1,60.0000,1,0,73.000,60,0,3181363200
1996,24.957900140,12.179898,16.668132,14,10720.5698,369.7029,85.7500,6.5576,0.0000,-0.0000,0.0000,0.0000,0,47.7499,-32.7231,0.000,0.000,1,1,1,60.0000,1,0,73.000,60,0,3181363200
1997,24.978353683,20.453543,16.667443,14,10720.5698,369.7029,85.7500,6.5576,0.0000,-0.0000,0.0000,0.0000,0,47.7499,-32.7231,0.000,0.000,1,1,1,60.0000,1,0,73.000,60,0,3181367296
1998,24.990734285,12.380602,16.667352,14,10720.5698,369.7029,85.7500,6.5576,0.0000,-0.0000,0.0000,0.0000,0,47.7499,-32.7231,0.000,0.000,1,1,1,60.0000,1,0,73.000,60,0,3181367296
1999,25.010453732,19.719447,16.667473,14,10720.5698,369.7029,85.7500,6.5576,0.0000,-0.0000,0.0000,0.0000,0,47.7499,-32.7231,0.000,0.000,1,1,1,60.0000,1,0,73.000,60,0,3181375488
2000,25.029486565,19.032833,16.669033,14,10720.5698,369.7029,85.7500,6.5576,0.0000,-0.0000,0.0000,0.0000,0,47.7499,-32.7231,0.000,0.000,1,1,1,60.0000,1,0,73.000,60,0,3181379584
2001,25.045532674,16.046109,16.667873,14,10720.5698,369.7029,85.7500,6.5576,0.0000,-0.0000,0.0000,0.0000,0,47.7499,-32.7231,0.000,0.000,1,1,1,60.0000,1,0,73.000,60,0,3181379584
2002,25.057352354,11.819680,16.668672,14,10720.5698,369.7029,85.7500,6.5576,0.0000,-0.0000,0.0000,0.0000,0,47.7499,-32.7231,0.000,0.000,1,1,1,60.0000,1,0,73.000,60,0,3181379584
2003,25.076492769,19.140415,16.669053,14,10720.5698,369.7029,85.7500,6.5576,0.0000,-0.0000,0.0000,0.0000,0,47.7499,-32.7231,0.000,0.000,1,1,1,60.0000,1,0,73.000,60,0,3181379584
2004,25.096227916,19.735147,16.668143,14,10720.5698,369.7029,85.7500,6.5576,0.0000,-0.0000,0.0000,0.0000,0,47.7499,-32.7231,0.000,0.000,1,1,1,60.0000,1,0,73.000,60,0,3181379584
2005,25.107582177,11.354261,16.668432,14,10720.5698,369.7029,85.7500,6.5576,0.0000,-0.0000,0.0000,0.0000,0,47.7499,-32.7231,0.000,0.000,1,1,1,60.0000,1,0,73.000,60,0,3181379584
2006,25.128288484,20.706307,16.667363,14,10720.5698,369.7029,85.7500,6.5576,0.0000,-0.0000,0.0000,0.0000,0,47.7499,-32.7231,0.000,0.000,1,1,1,60.0000,1,0,73.000,60,0,3181379584
2007,25.146076811,17.788327,16.667573,14,10720.5698,369.7029,85.7500,6.5576,0.0000,-0.0000,0.0000,0.0000,0,47.7499,-32.7231,0.000,0.000,1,1,1,60.0000,1,0,73.000,60,0,3181379584
2008,25.161961427,15.884616,16.667552,14,10720.5698,369.7029,85.7500,6.5576,0.0000,-0.0000,0.0000,0.0000,0,47.7499,-32.7231,0.000,0.000,1,1,1,60.0000,1,0,73.000,60,0,3181379584
2009,25.177777692,15.816265,16.667563,14,10720.5698,369.7029,85.7500,6.5576,0.0000,-0.0000,0.0000,0.0000,0,47.7499,-32.7231,0.000,0.000,1,1,1,60.0000,1,0,73.000,60,0,3181379584
2010,25.196061559,18.283867,16.667993,14,10720.5698,369.7029,85.7500,6.5576,0.0000,-0.0000,0.0000,0.0000,0,47.7499,-32.7231,0.000,0.000,1,1,1,60.0000,1,0,73.000,60,0,3181379584
2011,25.207587973,11.526414,16.668242,14,10720.5698,369.7029,85.7500,6.5576,0.0000,-0.0000,0.0000,0.0000,0,47.7499,-32.7231,0.000,0.000,1,1,1,60.0000,1,0,73.000,60,0,3181379584
2012,25.226365510,18.777537,16.668803,14,10720.5698,369.7029,85.7500,6.5576,0.0000,-0.0000,0.0000,0.0000,0,47.7499,-32.7231,0.000,0.000,1,1,1,60.0000,1,0,73.000,60,0,3181379584
2013,25.246343752,19.978242,16.667333,14,10720.5698,369.7029,85.7500,6.5576,0.0000,-0.0000,0.0000,0.0000,0,47.7499,-32.7231,0.000,0.000,1,1,1,60.0000,1,0,73.000,60,0,3181379584
2014,25.257463989,11.120237,16.668462,14,10720.5698,369.7029,85.7500,6.5576,0.0000,-0.0000,0.0000,0.0000,0,47.7499,-32.7231,0.000,0.000,1,1,1,60.0000,1,0,73.000,60,0,3181379584
2015,25.278419691,20.955702,16.667643,14,10720.5698,369.7029,85.7500,6.5576,0.0000,-0.0000,0.0000,0.0000,0,47.7499,-32.7231,0.000,0.000,1,1,1,60.0000,1,0,73.000,60,0,3181379584
2016,25.293777547,15.357856,16.667033,14,10720.5698,369.7029,85.7500,6.5576,0.0000,-0.0000,0.0000,0.0000,0,47.7499,-32.7231,0.000,0.000,1,1,1,60.0000,1,0,73.000,60,0,3181379584
2017,25.310418018,16.640471,16.668872,14,10720.5698,369.7029,85.7500,6.5576,0.0000,-0.0000,0.0000,0.0000,0,47.7499,-32.7231,0.000,0.000,1,1,1,60.0000,1,0,73.000,60,0,3181379584
2018,25.329243187,18.825169,16.668343,14,10720.5698,369.7029,85.7500,6.5576,0.0000,-0.0000,0.0000,0.0000,0,47.7499,-32.7231,0.000,0.000,1,1,1,60.0000,1,0,73.000,60,0,3181379584
2019,25.341036806,11.793619,16.667063,14,10720.5698,369.7029,85.7500,6.5576,0.0000,-0.0000,0.0000,0.0000,0,47.7499,-32.7231,0.000,0.000,1,1,1,60.0000,1,0,73.000,60,0,3181379584
2020,25.361866137,20.829331,16.668092,14,10720.5698,369.7029,85.7500,6.5576,0.0000,-0.0000,0.0000,0.0000,0,47.7499,-32.7231,0.000,0.000,1,1,1,60.0000,1,0,73.000,60,0,3181379584
2021,25.379133232,17.267095,16.667393,14,10720.5698,369.7029,85.7500,6.5576,0.0000,-0.0000,0.0000,0.0000,0,47.7499,-32.7231,0.000,0.000,1,1,1,60.0000,1,0,73.000,60,0,3181379584
2022,25.391113186,11.979954,16.667923,14,10720.5698,369.7029,85.7500,6.5576,0.0000,-0.0000,0.0000,0.0000,0,47.7499,-32.7231,0.000,0.000,1,1,1,60.0000,1,0,73.000,60,0,3181379584
2023,25.407833340,16.720154,16.668052,14,10720.5698,369.7029,85.7500,6.5576,0.0000,-0.0000,0.0000,0.0000,0,47.7499,-32.7231,0.000,0.000,1,1,1,60.0000,1,0,73.000,60,0,3181379584
2024,25.426992645,19.159305,16.668193,14,10720.5698,369.7029,85.7500,6.5576,0.0000,-0.0000,0.0000,0.0000,0,47.7499,-32.7231,0.000,0.000,1,1,1,60.0000,1,0,73.000,60,0,3181379584
2025,25.444446964,17.454319,16.668173,14,10720.5698,369.7029,85.7500,6.5576,0.0000,-0.0000,0.0000,0.0000,0,47.7499,-32.7231,0.000,0.000,1,1,1,60.0000,1,0,73.000,60,0,3181379584
2026,25.461453734,17.006770,16.668312,14,10720.5698,369.7029,85.7500,6.5576,0.0000,-0.0000,0.0000,0.0000,0,47.7499,-32.7231,0.000,0.000,1,1,1,60.0000,1,0,73.000,60,0,3181379584
2027,25.477338860,15.885126,16.667373,14,10720.5698,369.7029,85.7500,6.5576,0.0000,-0.0000,0.0000,0.0000,0,47.7499,-32.7231,0.000,0.000,1,1,1,60.0000,1,0,73.000,60,0,3181379584
2028,25.493606875,16.268015,16.668603,14,10720.5698,369.7029,85.7500,6.5576,0.0000,-0.0000,0.0000,0.0000,0,47.7499,-32.7231,0.000,0.000,1,1,1,60.0000,1,0,73.000,60,0,3181379584
2029,25.512784361,19.177486,16.667732,14,10720.5698,369.7029,85.7500,6.5576,0.0000,-0.0000,0.0000,0.0000,0,47.7499,-32.7231,0.000,0.000,1,1,1,60.0000,1,0,73.000,60,0,3181379584
2030,25.524406676,11.622315,16.669033,14,10720.5698,369.7029,85.7500,6.5576,0.0000,-0.0000,0.0000,0.0000,0,47.7499,-32.7231,0.000,0.000,1,1,1,60.0000,1,0,73.000,60,0,3181379584
2031,25.542094631,17.687955,16.668253,14,10720.5698,369.7029,85.7500,6.5576,0.0000,-0.0000,0.0000,0.0000,0,47.7499,-32.7231,0.000,0.000,1,1,1,60.0000,1,0,73.000,60,0,3181379584
2032,25.560066811,17.972180,16.667232,14,10720.5698,369.7029,85.7500,6.5576,0.0000,-0.0000,0.0000,0.0000,0,47.7499,-32.7231,0.000,0.000,1,1,1,60.0000,1,0,73.000,60,0,3181379584
2033,25.578688175,18.621364,16.667143,14,10720.5698,369.7029,85.7500,6.5576,0.0000,-0.0000,0.0000,0.0000,0,47.7499,-32.7231,0.000,0.000,1,1,1,60.0000,1,0,73.000,60,0,3181383680
2034,25.590390082,11.701907,16.667513,14,10720.5698,369.7029,85.7500,6.5576,0.0000,-0.0000,0.0000,0.0000,0,47.7499,-32.7231,0.000,0.000,1,1,1,60.0000,1,0,73.000,60,0,3181383680
2035,25.608058186,17.668104,16.668632,14,10720.5698,369.7029,85.7500,6.5576,0.0000,-0.0000,0.0000,0.0000,0,47.7499,-32.7231,0.000,0.000,1,1,1,60.0000,1,0,73.000,60,0,3181400064
2036,25.627729683,19.671497,16.668983,14,10720.5698,369.7029,85.7500,6.5576,0.0000,-0.0000,0.0000,0.0000,0,47.7499,-32.7231,0.000,0.000,1,1,1,60.0000,1,0,73.000,60,0,3181400064
2037,25.646588472,18.858789,16.668923,14,10720.5698,369.7029,85.7500,6.5576,0.0000,-0.0000,0.0000,0.0000,0,47.7499,-32.7231,0.000,0.000,1,1,1,60.0000,1,0,73.000,60,0,3181400064
2038,25.660782082,14.193610,16.667712,14,10720.5698,369.7029,85.7500,6.5576,0.0000,-0.0000,0.0000,0.0000,0,47.7499,-32.7231,0.000,0.000,1,1,1,60.0000,1,0,73.000,60,0,3181400064
2039,25.679643751,18.861669,16.667293,14,10720.5698,369.7029,85.7500,6.5576,0.0000,-0.0000,0.0000,0.0000,0,47.7499,-32.7231,0.000,0.000,1,1,1,60.0000,1,0,73.000,60,0,3181400064
2040,25.696880586,17.236835,16.668022,14,10720.5698,369.7029,85.7500,6.5576,0.0000,-0.0000,0.0000,0.0000,0,47.7499,-32.7231,0.000,0.000,1,1,1,60.0000,1,0,73.000,60,0,3181408256
2041,25.707611663,10.731077,16.668493,14,10720.5698,369.7029,85.7500,6.5576,0.0000,-0.0000,0.0000,0.0000,0,47.7499,-32.7231,0.000,0.000,1,1,1,60.0000,1,0,73.000,60,0,3181408256
2042,25.727477203,19.865540,16.667233,14,10720.5698,369.7029,85.7500,6.5576,0.0000,-0.0000,0.0000,0.0000,0,47.7499,-32.7231,0.000,0.000,1,1,1,60.0000,1,0,73.000,60,0,3181408256
2043,25.743973012,16.495809,16.667152,14,10720.5698,369.7029,85.7500,6.5576,0.0000,-0.0000,0.0000,0.0000,0,47.7499,-32.7231,0.000,0.000,1,1,1,60.0000,1,0,73.000,60,0,3181408256
2044,25.762140077,18.167065,16.668783,14,10720.5698,369.7029,85.7500,6.5576,0.0000,-0.0000,0.0000,0.0000,0,47.7499,-32.7231,0.000,0.000,1,1,1,60.0000,1,0,73.000,60,0,3181408256
2045,25.778711608,16.571531,16.668593,14,10720.5698,369.7029,85.7500,6.5576,0.0000,-0.0000,0.0000,0.0000,0,47.7499,-32.7231,0.000,0.000,1,1,1,60.0000,1,0,73.000,60,0,3181408256
2046,25.791147140,12.435532,16.667112,14,10720.5698,369.7029,85.7500,6.5576,0.0000,-0.0000,0.0000,0.0000,0,47.7499,-32.7231,0.000,0.000,1,1,1,60.0000,1,0,73.000,60,0,3181408256
2047,25.809466658,18.319518,16.667513,14,10720.5698,369.7029,85.7500,6.5576,0.0000,-0.0000,0.0000,0.0000,0,47.7499,-32.7231,0.000,0.000,1,1,1,60.0000,1,0,73.000,60,0,3181408256
2048,25.829027212,19.560554,16.691994,14,10720.5698,369.7029,85.7500,6.5576,0.0000,-0.0000,0.0000,0.0000,0,47.7499,-32.7231,0.000,0.000,1,1,1,60.0000,1,0,73.000,60,0,3181408256
2049,25.841095307,12.068095,16.668662,14,10720.5698,369.7029,85.7500,6.5576,0.0000,-0.0000,0.0000,0.0000,0,47.7499,-32.7231,0.000,0.000,1,1,1,60.0000,1,0,73.000,60,0,3181408256
2050,25.863998542,22.903235,16.667783,14,10720.5698,369.7029,85.7500,6.5576,0.0000,-0.0000,0.0000,0.0000,0,47.7499,-32.7231,0.000,0.000,1,1,1,60.0000,1,0,73.000,60,0,3181408256
2051,25.879144642,15.146100,16.668543,14,10720.5698,369.7029,85.7500,6.5576,0.0000,-0.0000,0.0000,0.0000,0,47.7499,-32.7231,0.000,0.000,1,1,1,60.0000,1,0,73.000,60,0,3181408256
2052,25.895554179,16.409537,16.668332,14,10720.5698,369.7029,85.7500,6.5576,0.0000,-0.0000,0.0000,0.0000,0,47.7499,-32.7231,0.000,0.000,1,1,1,60.0000,1,0,73.000,60,0,3181408256
2053,25.911314243,15.760064,16.668183,14,10720.5698,369.7029,85.7500,6.5576,0.0000,-0.0000,0.0000,0.0000,0,47.7499,-32.7231,0.000,0.000,1,1,1,60.0000,1,0,73.000,60,0,3181408256
2054,25.927905984,16.591741,16.668833,14,10720.5698,369.7029,85.7500,6.5576,0.0000,-0.0000,0.0000,0.0000,0,47.7499,-32.7231,0.000,0.000,1,1,1,60.0000,1,0,73.000,60,0,3181408256
2055,25.943642817,15.736833,16.667632,14,10720.5698,369.7029,85.7500,6.5576,0.0000,-0.0000,0.0000,0.0000,0,47.7499,-32.7231,0.000,0.000,1,1,1,60.0000,1,0,73.000,60,0,3181408256
2056,25.961838802,18.195985,16.668633,14,10720.5698,369.7029,85.7500,6.5576,0.0000,-0.0000,0.0000,0.0000,0,47.7499,-32.7231,0.000,0.000,1,1,1,60.0000,1,0,73.000,60,0,3181408256
2057,25.974554891,12.716089,16.668433,14,10720.5698,369.7029,85.7500,6.5576,0.0000,-0.0000,0.0000,0.0000,0,47.7499,-32.7231,0.000,0.000,1,1,1,60.0000,1,0,73.000,60,0,3181416448
2058,25.992009281,17.454390,16.667622,14,10720.5698,369.7029,85.7500,6.5576,0.0000,-0.0000,0.0000,0.0000,0,47.7499,-32.7231,0.000,0.000,1,1,1,60.0000,1,0,73.000,60,0,3181416448
2059,26.010613504,18.604223,16.668743,14,10720.5698,369.7029,85.7500,6.5576,0.0000,-0.0000,0.0000,0.0000,0,47.7499,-32.7231,0.000,0.000,1,1,1,60.0000,1,0,73.000,60,0,3181416448
2060,26.027273307,16.659803,16.668523,14,10720.5698,369.7029,85.7500,6.5576,0.0000,-0.0000,0.0000,0.0000,0,47.7499,-32.7231,0.000,0.000,1,1,1,60.0000,1,0,73.000,60,0,3181416448
2061,26.043519650,16.246343,16.668292,14,10720.5698,369.7029,85.7500,6.5576,0.0000,-0.0000,0.0000,0.0000,0,47.7499,-32.7231,0.000,0.000,1,1,1,60.0000,1,0,73.000,60,0,3181416448
2062,26.061425259,17.905609,16.667843,14,10720.5698,369.7029,85.7500,6.5576,0.0000,-0.0000,0.0000,0.0000,0,47.7499,-32.7231,0.000,0.000,1,1,1,60.0000,1,0,73.000,60,0,3181416448
2063,26.077617931,16.192672,16.667263,14,10720.5698,369.7029,85.7500,6.5576,0.0000,-0.0000,0.0000,0.0000,0,47.7499,-32.7231,0.000,0.000,1,1,1,60.0000,1,0,73.000,60,0,3181416448
2064,26.094951139,17.333208,16.667772,14,10720.5698,369.7029,85.7500,6.5576,0.0000,-0.0000,0.0000,0.0000,0,47.7499,-32.7231,0.000,0.000,1,1,1,60.0000,1,0,73.000,60,0,3181416448
2065,26.111023089,16.071950,16.667993,14,10720.5698,369.7029,85.7500,6.5576,0.0000,-0.0000,0.0000,0.0000,0,47.7499,-32.7231,0.000,0.000,1,1,1,60.0000,1,0,73.000,60,0,3181416448
2066,26.128367116,17.344027,16.667833,14,10720.5698,369.7029,85.7500,6.5576,0.0000,-0.0000,0.0000,0.0000,0,47.7499,-32.7231,0.000,0.000,1,1,1,60.0000,1,0,73.000,60,0,3181416448
2067,26.144585779,16.218663,16.668522,14,10720.5698,369.7029,85.7500,6.5576,0.0000,-0.0000,0.0000,0.0000,0,47.7499,-32.7231,0.000,0.000,1,1,1,60.0000,1,0,73.000,60,0,3181416448
2068,26.161683760,17.097981,16.667783,14,10720.5698,369.7029,85.7500,6.5576,0.0000,-0.0000,0.0000,0.0000,0,47.7499,-32.7231,0.000,0.000,1,1,1,60.0000,1,0,73.000,60,0,3181416448
2069,26.178475556,16.791796,16.668543,14,10720.5698,369.7029,85.7500,6.5576,0.0000,-0.0000,0.0000,0.0000,0,47.7499,-32.7231,0.000,0.000,1,1,1,60.0000,1,0,73.000,60,0,3181416448
2070,26.191450300,12.974744,16.667972,14,10720.5698,369.7029,85.7500,6.5576,0.0000,-0.0000,0.0000,0.0000,0,47.7499,-32.7231,0.000,0.000,1,1,1,60.0000,1,0,73.000,60,0,3181416448
2071,26.209784139,18.333839,16.668863,14,10720.5698,369.7029,85.7500,6.5576,0.0000,-0.0000,0.0000,0.0000,0,47.7499,-32.7231,0.000,0.000,1,1,1,60.0000,1,0,73.000,60,0,3181416448
2072,26.228332071,18.547932,16.667153,14,10720.5698,369.7029,85.7500,6.5576,0.0000,-0.0000,0.0000,0.0000,0,47.7499,-32.7231,0.000,0.000,1,1,1,60.0000,1,0,73.000,60,0,3181416448
2073,26.244875091,16.543020,16.667583,14,10720.5698,369.7029,85.7500,6.5576,0.0000,-0.0000,0.0000,0.0000,0,47.7499,-32.7231,0.000,0.000,1,1,1,60.0000,1,0,73.000,60,0,3181416448
2074,26.257959948,13.084857,16.668383,15,10720.5698,369.7029,85.7500,6.5576,0.0000,-0.0000,0.0000,0.0000,0,47.7499,-32.7231,0.000,0.000,1,1,1,60.0000,1,0,73.000,60,0,3181416448
2075,26.276675024,18.715076,16.667263,15,10720.5698,369.7029,85.7500,6.5576,0.0000,-0.0000,0.0000,0.0000,0,47.7499,-32.7231,0.000,0.000,1,1,1,60.0000,1,0,73.000,60,0,3181416448
2076,26.294257086,17.582062,16.667392,15,10720.5698,369.7029,85.7500,6.5576,0.0000,-0.0000,0.0000,0.0000,0,47.7499,-32.7231,0.000,0.000,1,1,1,60.0000,1,0,73.000,60,0,3181416448
2077,26.311335747,17.078661,16.668983,15,10720.5698,369.7029,85.7500,6.5576,0.0000,-0.0000,0.0000,0.0000,0,47.7499,-32.7231,0.000,0.000,1,1,1,60.0000,1,0,73.000,60,0,3181416448
2078,26.324230640,12.894893,16.707693,15,10720.5698,369.7029,85.7500,6.5576,0.0000,-0.0000,0.0000,0.0000,0,47.7499,-32.7231,0.000,0.000,1,1,1,60.0000,1,0,73.000,60,0,3181416448
2079,26.342822894,18.592254,16.668823,15,10720.5698,369.7029,85.7500,6.5576,0.0000,-0.0000,0.0000,0.0000,0,47.7499,-32.7231,0.000,0.000,1,1,1,60.0000,1,0,73.000,60,0,3181420544
2080,26.361370516,18.547622,16.668653,15,10720.5698,369.7029,85.7500,6.5576,0.0000,-0.0000,0.0000,0.0000,0,47.7499,-32.7231,0.000,0.000,1,1,1,60.0000,1,0,73.000,60,0,3181420544
2081,26.378684912,17.314396,16.668353,15,10720.5698,369.7029,85.7500,6.5576,0.0000,-0.0000,0.0000,0.0000,0,47.7499,-32.7231,0.000,0.000,1,1,1,60.0000,1,0,73.000,60,0,3181420544
2082,26.391231768,12.546856,16.668522,15,10720.5698,369.7029,85.7500,6.5576,0.0000,-0.0000,0.0000,0.0000,0,47.7499,-32.7231,0.000,0.000,1,1,1,60.0000,1,0,73.000,60,0,3181420544
2083,26.408830460,17.598692,16.668123,15,10720.5698,369.7029,85.7500,6.5576,0.0000,-0.0000,0.0000,0.0000,0,47.7499,-32.7231,0.000,0.000,1,1,1,60.0000,1,0,73.000,60,0,3181420544
2084,26.427193479,18.363019,16.668683,15,10720.5698,369.7029,85.7500,6.5576,0.0000,-0.0000,0.0000,0.0000,0,47.7499,-32.7231,0.000,0.000,1,1,1,60.0000,1,0,73.000,60,0,3181420544
2085,26.445042157,17.848678,16.690082,15,10720.5698,369.7029,85.7500,6.5576,0.0000,-0.0000,0.0000,0.0000,0,47.7499,-32.7231,0.000,0.000,1,1,1,60.0000,1,0,73.000,60,0,3181420544
2086,26.457643913,12.601756,16.667323,15,10720.5698,369.7029,85.7500,6.5576,0.0000,-0.0000,0.0000,0.0000,0,47.7499,-32.7231,0.000,0.000,1,1,1,60.0000,1,0,73.000,60,0,3181420544
2087,26.475525331,17.881418,16.668553,15,10720.5698,369.7029,85.7500,6.5576,0.0000,-0.0000,0.0000,0.0000,0,47.7499,-32.7231,0.000,0.000,1,1,1,60.0000,1,0,73.000,60,0,3181420544
2088,26.493896801,18.371470,16.667812,15,10720.5698,369.7029,85.7500,6.5576,0.0000,-0.0000,0.0000,0.0000,0,47.7499,-32.7231,0.000,0.000,1,1,1,60.0000,1,0,73.000,60,0,3181420544
2089,26.510568083,16.671282,16.668783,15,10720.5698,369.7029,85.7500,6.5576,0.0000,-0.0000,0.0000,0.0000,0,47.7499,-32.7231,0.000,0.000,1,1,1,60.0000,1,0,73.000,60,0,3181420544
2090,26.529210078,18.641995,16.668673,15,10720.5698,369.7029,85.7500,6.5576,0.0000,-0.0000,0.0000,0.0000,0,47.7499,-32.7231,0.000,0.000,1,1,1,60.0000,1,0,73.000,60,0,3181420544
2091,26.541356004,12.145926,16.668422,15,10720.5698,369.7029,85.7500,6.5576,0.0000,-0.0000,0.0000,0.0000,0,47.7499,-32.7231,0.000,0.000,1,1,1,60.0000,1,0,73.000,60,0,3181424640
2092,26.559199752,17.843748,16.668303,15,10720.5698,369.7029,85.7500,6.5576,0.0000,-0.0000,0.0000,0.0000,0,47.7499,-32.7231,0.000,0.000,1,1,1,60.0000,1,0,73.000,60,0,3181424640
2093,26.578102352,18.902600,16.668063,15,10720.5698,369.7029,85.7500,6.5576,0.0000,-0.0000,0.0000,0.0000,0,47.7499,-32.7231,0.000,0.000,1,1,1,60.0000,1,0,73.000,60,0,3181424640
2094,26.594215993,16.113641,16.668552,15,10720.5698,369.7029,85.7500,6.5576,0.0000,-0.0000,0.0000,0.0000,0,47.7499,-32.7231,0.000,0.000,1,1,1,60.0000,1,0,73.000,60,0,3181424640
2095,26.611020929,16.804936,16.667973,15,10720.5698,369.7029,85.7500,6.5576,0.0000,-0.0000,0.0000,0.0000,0,47.7499,-32.7231,0.000,0.000,1,1,1,60.0000,1,0,73.000,60,0,3181424640
2096,26.627409765,16.388836,16.667643,15,10720.5698,369.7029,85.7500,6.5576,0.0000,-0.0000,0.0000,0.0000,0,47.7499,-32.7231,0.000,0.000,1,1,1,60.0000,1,0,73.000,60,0,3181424640
2097,26.646040290,18.630525,16.667673,15,10720.5698,369.7029,85.7500,6.5576,0.0000,-0.0000,0.0000,0.0000,0,47.7499,-32.7231,0.000,0.000,1,1,1,60.0000,1,0,73.000,60,0,3181424640
2098,26.657836889,11.796599,16.667403,15,10720.5698,369.7029,85.7500,6.5576,0.0000,-0.0000,0.0000,0.0000,0,47.7499,-32.7231,0.000,0.000,1,1,1,60.0000,1,0,73.000,60,0,3181424640
2099,26.676038255,18.201366,16.667503,15,10720.5698,369.7029,85.7500,6.5576,0.0000,-0.0000,0.0000,0.0000,0,47.7499,-32.7231,0.000,0.000,1,1,1,60.0000,1,0,73.000,60,0,3181424640
2100,26.695862783,19.824528,16.668702,15,10720.5698,369.7029,85.7500,6.5576,0.0000,-0.0000,0.0000,0.0000,0,47.7499,-32.7231,0.000,0.000,1,1,1,60.0000,1,0,73.000,60,0,3181424640
2101,26.707736755,11.873972,16.668083,15,10720.5698,369.7029,85.7500,6.5576,0.0000,-0.0000,0.0000,0.0000,0,47.7499,-32.7231,0.000,0.000,1,1,1,60.0000,1,0,73.000,60,0,3181424640
2102,26.725813677,18.076922,16.668723,15,10720.5698,369.7029,85.7500,6.5576,0.0000,-0.0000,0.0000,0.0000,0,47.7499,-32.7231,0.000,0.000,1,1,1,60.0000,1,0,73.000,60,0,3181424640
2103,26.746162258,20.348581,16.668572,15,10720.5698,369.7029,85.7500,6.5576,0.0000,-0.0000,0.0000,0.0000,0,47.7499,-32.7231,0.000,0.000,1,1,1,60.0000,1,0,73.000,60,0,3181424640
2104,26.758075350,11.913092,16.668213,15,10720.5698,369.7029,85.7500,6.5576,0.0000,-0.0000,0.0000,0.0000,0,47.7499,-32.7231,0.000,0.000,1,1,1,60.0000,1,0,73.000,60,0,3181424640
2105,26.777632924,19.557574,16.683683,15,10720.5698,369.7029,85.7500,6.5576,0.0000,-0.0000,0.0000,0.0000,0,47.7499,-32.7231,0.000,0.000,1,1,1,60.0000,1,0,73.000,60,0,3181424640
2106,26.797687808,20.054884,16.667512,15,10720.5698,369.7029,85.7500,6.5576,0.0000,-0.0000,0.0000,0.0000,0,47.7499,-32.7231,0.000,0.000,1,1,1,60.0000,1,0,73.000,60,0,3181424640
2107,26.807742521,10.054713,16.667853,15,10720.5698,369.7029,85.7500,6.5576,0.0000,-0.0000,0.0000,0.0000,0,47.7499,-32.7231,0.000,0.000,1,1,1,60.0000,1,0,73.000,60,0,3181424640
2108,26.827391727,19.649206,16.667253,15,10720.5698,369.7029,85.7500,6.5576,0.0000,-0.0000,0.0000,0.0000,0,47.7499,-32.7231,0.000,0.000,1,1,1,60.0000,1,0,73.000,60,0,3181424640
2109,26.844276254,16.884527,16.667552,15,10720.5698,369.7029,85.7500,6.5576,0.0000,-0.0000,0.0000,0.0000,0,47.7499,-32.7231,0.000,0.000,1,1,1,60.0000,1,0,73.000,60,0,3181424640
2110,26.861166482,16.890228,16.840457,15,10720.5698,369.7029,85.7500,6.5576,0.0000,-0.0000,0.0000,0.0000,0,47.7499,-32.7231,0.000,0.000,1,1,1,60.0000,1,0,73.000,60,0,3181424640
2111,26.879178353,18.011871,16.668123,15,10720.5698,369.7029,85.7500,6.5576,0.0000,-0.0000,0.0000,0.0000,0,47.7499,-32.7231,0.000,0.000,1,1,1,60.0000,1,0,73.000,60,0,3181424640
2112,26.894870454,15.692101,16.667282,15,10720.5698,369.7029,85.7500,6.5576,0.0000,-0.0000,0.0000,0.0000,0,47.7499,-32.7231,0.000,0.000,1,1,1,60.0000,1,0,73.000,60,0,3181424640
2113,26.912866155,17.995701,16.668163,15,10720.5698,369.7029,85.7500,6.5576,0.0000,-0.0000,0.0000,0.0000,0,47.7499,-32.7231,0.000,0.000,1,1,1,60.0000,1,0,73.000,60,0,3181424640
2114,26.925713787,12.847632,16.839876,15,10720.5698,369.7029,85.7500,6.5576,0.0000,-0.0000,0.0000,0.0000,0,47.7499,-32.7231,0.000,0.000,1,1,1,60.0000,1,0,73.000,60,0,3181424640
2115,26.943836541,18.122754,16.668903,15,10720.5698,369.7029,85.7500,6.5576,0.0000,-0.0000,0.0000,0.0000,0,47.7499,-32.7231,0.000,0.000,1,1,1,60.0000,1,0,73.000,60,0,3181424640
2116,26.962587548,18.751007,16.669012,15,10720.5698,369.7029,85.7500,6.5576,0.0000,-0.0000,0.0000,0.0000,0,47.7499,-32.7231,0.000,0.000,1,1,1,60.0000,1,0,73.000,60,0,3181424640
2117,26.981777923,19.190375,18.038012,15,10720.5698,369.7029,85.7500,6.5576,0.0000,-0.0000,0.0000,0.0000,0,47.7499,-32.7231,0.000,0.000,1,1,1,60.0000,1,0,73.000,60,0,3181424640
2118,26.992899799,11.121876,16.667063,15,10720.5698,369.7029,85.7500,6.5576,0.0000,-0.0000,0.0000,0.0000,0,47.7499,-32.7231,0.000,0.000,1,1,1,60.0000,1,0,73.000,60,0,3181424640
2119,27.012075975,19.176176,16.668783,15,10720.5698,369.7029,85.7500,6.5576,0.0000,-0.0000,0.0000,0.0000,0,47.7499,-32.7231,0.000,0.000,1,1,1,60.0000,1,0,73.000,60,0,3181424640
2120,27.029508014,17.432039,16.668962,15,10720.5698,369.7029,85.7500,6.5576,0.0000,-0.0000,0.0000,0.0000,0,47.7499,-32.7231,0.000,0.000,1,1,1,60.0000,1,0,73.000,60,0,3181424640
2121,27.047468004,17.959990,16.667353,15,10720.5698,369.7029,85.7500,6.5576,0.0000,-0.0000,0.0000,0.0000,0,47.7499,-32.7231,0.000,0.000,1,1,1,60.0000,1,0,73.000,60,0,3181424640
2122,27.063362520,15.894516,16.668523,15,10720.5698,369.7029,85.7500,6.5576,0.0000,-0.0000,0.0000,0.0000,0,47.7499,-32.7231,0.000,0.000,1,1,1,60.0000,1,0,73.000,60,0,3181424640
2123,27.080896691,17.534171,16.668562,15,10720.5698,369.7029,85.7500,6.5576,0.0000,-0.0000,0.0000,0.0000,0,47.7499,-32.7231,0.000,0.000,1,1,1,60.0000,1,0,73.000,60,0,3181424640
2124,27.097828349,16.931658,16.667893,15,10720.5698,369.7029,85.7500,6.5576,0.0000,-0.0000,0.0000,0.0000,0,47.7499,-32.7231,0.000,0.000,1,1,1,60.0000,1,0,73.000,60,0,3181424640
2125,27.109568658,11.740309,16.668943,15,10720.5698,369.7029,85.7500,6.5576,0.0000,-0.0000,0.0000,0.0000,0,47.7499,-32.7231,0.000,0.000,1,1,1,60.0000,1,0,73.000,60,0,3181424640
2126,27.127574839,18.006181,16.667692,15,10720.5698,369.7029,85.7500,6.5576,0.0000,-0.0000,0.0000,0.0000,0,47.7499,-32.7231,0.000,0.000,1,1,1,60.0000,1,0,73.000,60,0,3181424640
2127,27.147144793,19.569954,16.667333,15,10720.5698,369.7029,85.7500,6.5576,0.0000,-0.0000,0.0000,0.0000,0,47.7499,-32.7231,0.000,0.000,1,1,1,60.0000,1,0,73.000,60,0,3181424640
2128,27.159725099,12.580306,16.667053,15,10720.5698,369.7029,85.7500,6.5576,0.0000,-0.0000,0.0000,0.0000,0,47.7499,-32.7231,0.000,0.000,1,1,1,60.0000,1,0,73.000,60,0,3181428736
2129,27.178634219,18.909120,16.667092,15,10720.5698,369.7029,85.7500,6.5576,0.0000,-0.0000,0.0000,0.0000,0,47.7499,-32.7231,0.000,0.000,1,1,1,60.0000,1,0,73.000,60,0,3181428736
2130,27.196812864,18.178645,16.668374,15,10720.5698,369.7029,85.7500,6.5576,0.0000,-0.0000,0.0000,0.0000,0,47.7499,-32.7231,0.000,0.000,1,1,1,60.0000,1,0,73.000,60,0,3181428736
2131,27.212063126,15.250262,16.668503,15,10720.5698,369.7029,85.7500,6.5576,0.0000,-0.0000,0.0000,0.0000,0,47.7499,-32.7231,0.000,0.000,1,1,1,60.0000,1,0,73.000,60,0,3181428736
2132,27.230585379,18.522253,16.667072,15,10720.5698,369.7029,85.7500,6.5576,0.0000,-0.0000,0.0000,0.0000,0,47.7499,-32.7231,0.000,0.000,1,1,1,60.0000,1,0,73.000,60,0,3181428736
2133,27.243193296,12.607917,16.667773,15,10720.5698,369.7029,85.7500,6.5576,0.0000,-0.0000,0.0000,0.0000,0,47.7499,-32.7231,0.000,0.000,1,1,1,60.0000,1,0,73.000,60,0,3181428736
2134,27.260345488,17.152192,16.667173,15,10720.5698,369.7029,85.7500,6.5576,0.0000,-0.0000,0.0000,0.0000,0,47.7499,-32.7231,0.000,0.000,1,1,1,60.0000,1,0,73.000,60,0,3181428736
2135,27.281029896,20.684408,16.668032,15,10720.5698,369.7029,85.7500,6.5576,0.0000,-0.0000,0.0000,0.0000,0,47.7499,-32.7231,0.000,0.000,1,1,1,60.0000,1,0,73.000,60,0,3181428736
2136,27.294549482,13.519586,16.669033,15,10720.5698,369.7029,85.7500,6.5576,0.0000,-0.0000,0.0000,0.0000,0,47.7499,-32.7231,0.000,0.000,1,1,1,60.0000,1,0,73.000,60,0,3181428736
2137,27.314068975,19.519493,16.667833,15,10720.5698,369.7029,85.7500,6.5576,0.0000,-0.0000,0.0000,0.0000,0,47.7499,-32.7231,0.000,0.000,1,1,1,60.0000,1,0,73.000,60,0,3181428736
2138,27.329831978,15.763003,16.668522,15,10720.5698,369.7029,85.7500,6.5576,0.0000,-0.0000,0.0000,0.0000,0,47.7499,-32.7231,0.000,0.000,1,1,1,60.0000,1,0,73.000,60,0,3181428736
2139,27.348356281,18.524303,16.668703,15,10720.5698,369.7029,85.7500,6.5576,0.0000,-0.0000,0.0000,0.0000,0,47.7499,-32.7231,0.000,0.000,1,1,1,60.0000,1,0,73.000,60,0,3181428736
2140,27.360616490,12.260209,16.667153,15,10720.5698,369.7029,85.7500,6.5576,0.0000,-0.0000,0.0000,0.0000,0,47.7499,-32.7231,0.000,0.000,1,1,1,60.0000,1,0,73.000,60,0,3181428736
2141,27.376655169,16.038679,16.669622,15,10720.5698,369.7029,85.7500,6.5576,0.0000,-0.0000,0.0000,0.0000,0,47.7499,-32.7231,0.000,0.000,1,1,1,60.0000,1,0,73.000,60,0,3181428736
2142,27.394812893,18.157724,16.668653,15,10720.5698,369.7029,85.7500,6.5576,0.0000,-0.0000,0.0000,0.0000,0,47.7499,-32.7231,0.000,0.000,1,1,1,60.0000,1,0,73.000,60,0,3181428736
2143,27.413052339,18.239446,16.668833,15,10720.5698,369.7029,85.7500,6.5576,0.0000,-0.0000,0.0000,0.0000,0,47.7499,-32.7231,0.000,0.000,1,1,1,60.0000,1,0,73.000,60,0,3181432832
2144,27.431438229,18.385890,16.667082,15,10720.5698,369.7029,85.7500,6.5576,0.0000,-0.0000,0.0000,0.0000,0,47.7499,-32.7231,0.000,0.000,1,1,1,60.0000,1,0,73.000,60,0,3181436928
2145,27.443637597,12.199368,16.667663,15,10720.5698,369.7029,85.7500,6.5576,0.0000,-0.0000,0.0000,0.0000,0,47.7499,-32.7231,0.000,0.000,1,1,1,60.0000,1,0,73.000,60,0,3181436928
2146,27.460266749,16.629152,16.668472,15,10720.5698,369.7029,85.7500,6.5576,0.0000,-0.0000,0.0000,0.0000,0,47.7499,-32.7231,0.000,0.000,1,1,1,60.0000,1,0,73.000,60,0,3181436928
2147,27.478817461,18.550712,16.667613,15,10720.5698,369.7029,85.7500,6.5576,0.0000,-0.0000,0.0000,0.0000,0,47.7499,-32.7231,0.000,0.000,1,1,1,60.0000,1,0,73.000,60,0,3181436928
2148,27.495876752,17.059291,16.668473,15,10720.5698,369.7029,85.7500,6.5576,0.0000,-0.0000,0.0000,0.0000,0,47.7499,-32.7231,0.000,0.000,1,1,1,60.0000,1,0,73.000,60,0,3181436928
2149,27.513481015,17.604263,16.795556,15,10720.5698,369.7029,85.7500,6.5576,0.0000,-0.0000,0.0000,0.0000,0,47.7499,-32.7231,0.000,0.000,1,1,1,60.0000,1,0,73.000,60,0,3181436928
2150,27.531502956,18.021941,16.740093,15,10720.5698,369.7029,85.7500,6.5576,0.0000,-0.0000,0.0000,0.0000,0,47.7499,-32.7231,0.000,0.000,1,1,1,60.0000,1,0,73.000,60,0,3181436928
2151,27.548403554,16.900598,16.668823,15,10720.5698,369.7029,85.7500,6.5576,0.0000,-0.0000,0.0000,0.0000,0,47.7499,-32.7231,0.000,0.000,1,1,1,60.0000,1,0,73.000,60,0,3181436928
2152,27.565218259,16.814705,16.667223,15,10720.5698,369.7029,85.7500,6.5576,0.0000,-0.0000,0.0000,0.0000,0,47.7499,-32.7231,0.000,0.000,1,1,1,60.0000,1,0,73.000,60,0,3181436928
2153,27.576657042,11.438783,16.667122,15,10720.5698,369.7029,85.7500,6.5576,0.0000,-0.0000,0.0000,0.0000,0,47.7499,-32.7231,0.000,0.000,1,1,1,60.0000,1,0,73.000,60,0,3181436928
2154,27.594472799,17.815757,16.668813,15,10720.5698,369.7029,85.7500,6.5576,0.0000,-0.0000,0.0000,0.0000,0,47.7499,-32.7231,0.000,0.000,1,1,1,60.0000,1,0,73.000,60,0,3181436928
2155,27.614801989,20.329190,16.668003,15,10720.5698,369.7029,85.7500,6.5576,0.0000,-0.0000,0.0000,0.0000,0,47.7499,-32.7231,0.000,0.000,1,1,1,60.0000,1,0,73.000,60,0,3181436928
2156,27.630782007,15.980018,16.668553,15,10720.5698,369.7029,85.7500,6.5576,0.0000,-0.0000,0.0000,0.0000,0,47.7499,-32.7231,0.000,0.000,1,1,1,60.0000,1,0,73.000,60,0,3181436928
2157,27.647439050,16.657043,16.669133,15,10720.5698,369.7029,85.7500,6.5576,0.0000,-0.0000,0.0000,0.0000,0,47.7499,-32.7231,0.000,0.000,1,1,1,60.0000,1,0,73.000,60,0,3181436928
2158,27.663955749,16.516699,16.667283,15,10720.5698,369.7029,85.7500,6.5576,0.0000,-0.0000,0.0000,0.0000,0,47.7499,-32.7231,0.000,0.000,1,1,1,60.0000,1,0,73.000,60,0,3181436928
2159,27.679424766,15.469017,16.668712,15,10720.5698,369.7029,85.7500,6.5576,0.0000,-0.0000,0.0000,0.0000,0,47.7499,-32.7231,0.000,0.000,1,1,1,60.0000,1,0,73.000,60,0,3181436928
2160,27.696682861,17.258095,16.667623,15,10720.5698,369.7029,85.7500,6.5576,0.0000,-0.0000,0.0000,0.0000,0,47.7499,-32.7231,0.000,0.000,1,1,1,60.0000,1,0,73.000,60,0,3181436928
2161,27.713078178,16.395317,16.667443,15,10720.5698,369.7029,85.7500,6.5576,0.0000,-0.0000,0.0000,0.0000,0,47.7499,-32.7231,0.000,0.000,1,1,1,60.0000,1,0,73.000,60,0,3181436928
2162,27.729435115,16.356937,16.668792,15,10720.5698,369.7029,85.7500,6.5576,0.0000,-0.0000,0.0000,0.0000,0,47.7499,-32.7231,0.000,0.000,1,1,1,60.0000,1,0,73.000,60,0,3181436928
2163,27.746881663,17.446548,16.669193,15,10720.5698,369.7029,85.7500,6.5576,0.0000,-0.0000,0.0000,0.0000,0,47.7499,-32.7231,0.000,0.000,1,1,1,60.0000,1,0,73.000,60,0,3181436928
2164,27.762844111,15.962448,16.667463,15,10720.5698,369.7029,85.7500,6.5576,0.0000,-0.0000,0.0000,0.0000,0,47.7499,-32.7231,0.000,0.000,1,1,1,60.0000,1,0,73.000,60,0,3181436928
2165,27.779956463,17.112352,16.667482,15,10720.5698,369.7029,85.7500,6.5576,0.0000,-0.0000,0.0000,0.0000,0,47.7499,-32.7231,0.000,0.000,1,1,1,60.0000,1,0,73.000,60,0,3181436928
2166,27.796357951,16.401488,16.667583,15,10720.5698,369.7029,85.7500,6.5576,0.0000,-0.0000,0.0000,0.0000,0,47.7499,-32.7231,0.000,0.000,1,1,1,60.0000,1,0,73.000,60,0,3181436928
2167,27.812877050,16.519099,16.667713,15,10720.5698,369.7029,85.7500,6.5576,0.0000,-0.0000,0.0000,0.0000,0,47.7499,-32.7231,0.000,0.000,1,1,1,60.0000,1,0,73.000,60,0,3181436928
2168,27.830440322,17.563272,16.668572,15,10720.5698,369.7029,85.7500,6.5576,0.0000,-0.0000,0.0000,0.0000,0,47.7499,-32.7231,0.000,0.000,1,1,1,60.0000,1,0,73.000,60,0,3181436928
2169,27.846110413,15.670091,16.668673,15,10720.5698,369.7029,85.7500,6.5576,0.0000,-0.0000,0.0000,0.0000,0,47.7499,-32.7231,0.000,0.000,1,1,1,60.0000,1,0,73.000,60,0,3181445120
2170,27.863318097,17.207684,16.668343,15,10720.5698,369.7029,85.7500,6.5576,0.0000,-0.0000,0.0000,0.0000,0,47.7499,-32.7231,0.000,0.000,1,1,1,60.0000,1,0,73.000,60,0,3181445120
2171,27.879030140,15.712043,16.668992,15,10720.5698,369.7029,85.7500,6.5576,0.0000,-0.0000,0.0000,0.0000,0,47.7499,-32.7231,0.000,0.000,1,1,1,60.0000,1,0,73.000,60,0,3181445120
2172,27.897740426,18.710286,16.668393,15,10720.5698,369.7029,85.7500,6.5576,0.0000,-0.0000,0.0000,0.0000,0,47.7499,-32.7231,0.000,0.000,1,1,1,60.0000,1,0,73.000,60,0,3181445120
2173,27.909767570,12.027144,16.667433,15,10720.5698,369.7029,85.7500,6.5576,0.0000,-0.0000,0.0000,0.0000,0,47.7499,-32.7231,0.000,0.000,1,1,1,60.0000,1,0,73.000,60,0,3181445120
2174,27.929339594,19.572024,16.667572,15,10720.5698,369.7029,85.7500,6.5576,0.0000,-0.0000,0.0000,0.0000,0,47.7499,-32.7231,0.000,0.000,1,1,1,60.0000,1,0,73.000,60,0,3181453312
2175,27.947040019,17.700425,16.667913,15,10720.5698,369.7029,85.7500,6.5576,0.0000,-0.0000,0.0000,0.0000,0,47.7499,-32.7231,0.000,0.000,1,1,1,60.0000,1,0,73.000,60,0,3181453312
2176,27.963779693,16.739674,16.668783,15,10720.5698,369.7029,85.7500,6.5576,0.0000,-0.0000,0.0000,0.0000,0,47.7499,-32.7231,0.000,0.000,1,1,1,60.0000,1,0,73.000,60,0,3181453312
2177,27.979072267,15.292574,16.668652,15,10720.5698,369.7029,85.7500,6.5576,0.0000,-0.0000,0.0000,0.0000,0,47.7499,-32.7231,0.000,0.000,1,1,1,60.0000,1,0,73.000,60,0,3181453312
2178,27.998061428,18.989161,16.667853,15,10720.5698,369.7029,85.7500,6.5576,0.0000,-0.0000,0.0000,0.0000,0,47.7499,-32.7231,0.000,0.000,1,1,1,60.0000,1,0,73.000,60,0,3181453312
2179,28.009835468,11.774040,16.669003,15,10720.5698,369.7029,85.7500,6.5576,0.0000,-0.0000,0.0000,0.0000,0,47.7499,-32.7231,0.000,0.000,1,1,1,60.0000,1,0,73.000,60,0,3181453312
2180,28.030299690,20.464222,16.667072,15,10720.5698,369.7029,85.7500,6.5576,0.0000,-0.0000,0.0000,0.0000,0,47.7499,-32.7231,0.000,0.000,1,1,1,60.0000,1,0,73.000,60,0,3181453312
2181,28.047450624,17.150934,16.667884,15,10720.5698,369.7029,85.7500,6.5576,0.0000,-0.0000,0.0000,0.0000,0,47.7499,-32.7231,0.000,0.000,1,1,1,60.0000,1,0,73.000,60,0,3181453312
2182,28.063451283,16.000659,16.667313,15,10720.5698,369.7029,85.7500,6.5576,0.0000,-0.0000,0.0000,0.0000,0,47.7499,-32.7231,0.000,0.000,1,1,1,60.0000,1,0,73.000,60,0,3181453312
2183,28.079855739,16.404456,16.668052,15,10720.5698,369.7029,85.7500,6.5576,0.0000,-0.0000,0.0000,0.0000,0,47.7499,-32.7231,0.000,0.000,1,1,1,60.0000,1,0,73.000,60,0,3181453312
2184,28.096439970,16.584231,16.668433,15,10720.5698,369.7029,85.7500,6.5576,0.0000,-0.0000,0.0000,0.0000,0,47.7499,-32.7231,0.000,0.000,1,1,1,60.0000,1,0,73.000,60,0,3181453312
2185,28.114472532,18.032562,16.667183,15,10720.5698,369.7029,85.7500,6.5576,0.0000,-0.0000,0.0000,0.0000,0,47.7499,-32.7231,0.000,0.000,1,1,1,60.0000,1,0,73.000,60,0,3181453312
2186,28.126730402,12.257870,16.667892,15,10720.5698,369.7029,85.7500,6.5576,0.0000,-0.0000,0.0000,0.0000,0,47.7499,-32.7231,0.000,0.000,1,1,1,60.0000,1,0,73.000,60,0,3181453312
2187,28.147397208,20.666806,16.668723,15,10720.5698,369.7029,85.7500,6.5576,0.0000,-0.0000,0.0000,0.0000,0,47.7499,-32.7231,0.000,0.000,1,1,1,60.0000,1,0,73.000,60,0,3181453312
2188,28.163316785,15.919577,16.668102,15,10720.5698,369.7029,85.7500,6.5576,0.0000,-0.0000,0.0000,0.0000,0,47.7499,-32.7231,0.000,0.000,1,1,1,60.0000,1,0,73.000,60,0,3181453312
2189,28.181414198,18.097413,16.668723,15,10720.5698,369.7029,85.7500,6.5576,0.0000,-0.0000,0.0000,0.0000,0,47.7499,-32.7231,0.000,0.000,1,1,1,60.0000,1,0,73.000,60,0,3181453312
2190,28.193276629,11.862431,16.667063,15,10720.5698,369.7029,85.7500,6.5576,0.0000,-0.0000,0.0000,0.0000,0,47.7499,-32.7231,0.000,0.000,1,1,1,60.0000,1,0,73.000,60,0,3181453312
2191,28.212178239,18.901610,16.668382,15,10720.5698,369.7029,85.7500,6.5576,0.0000,-0.0000,0.0000,0.0000,0,47.7499,-32.7231,0.000,0.000,1,1,1,60.0000,1,0,73.000,60,0,3181453312
2192,28.231346165,19.167926,16.667623,15,10720.5698,369.7029,85.7500,6.5576,0.0000,-0.0000,0.0000,0.0000,0,47.7499,-32.7231,0.000,0.000,1,1,1,60.0000,1,0,73.000,60,0,3181453312
2193,28.243520353,12.174188,16.667513,15,10720.5698,369.7029,85.7500,6.5576,0.0000,-0.0000,0.0000,0.0000,0,47.7499,-32.7231,0.000,0.000,1,1,1,60.0000,1,0,73.000,60,0,3181457408
2194,28.260300737,16.780384,16.668832,16,10720.5698,369.7029,85.7500,6.5576,0.0000,-0.0000,0.0000,0.0000,0,47.7499,-32.7231,0.000,0.000,1,1,1,60.0000,1,0,73.000,60,0,3181457408
2195,28.281960056,21.659319,16.668343,16,10720.5698,369.7029,85.7500,6.5576,0.0000,-0.0000,0.0000,0.0000,0,47.7499,-32.7231,0.000,0.000,1,1,1,60.0000,1,0,73.000,60,0,3181457408
2196,28.300002208,18.042152,16.667303,16,10720.5698,369.7029,85.7500,6.5576,0.0000,-0.0000,0.0000,0.0000,0,47.7499,-32.7231,0.000,0.000,1,1,1,60.0000,1,0,73.000,60,0,3181563904
2197,28.312043833,12.041625,16.668102,16,10720.5698,369.7029,85.7500,6.5576,0.0000,-0.0000,0.0000,0.0000,0,47.7499,-32.7231,0.000,0.000,1,1,1,60.0000,1,0,73.000,60,0,3181576192
2198,28.328199164,16.155331,16.667523,16,10720.5698,369.7029,85.7500,6.5576,0.0000,-0.0000,0.0000,0.0000,4,47.7499,-32.7231,0.000,0.000,1,0,0,60.0000,1,0,73.000,60,0,3181604864
2199,28.344616252,16.417088,16.668383,16,10720.5698,369.7029,85.7500,6.5576,0.0000,-0.0000,0.0000,0.0001,4,47.7499,-32.7231,0.000,0.000,1,0,0,60.0000,1,0,73.000,60,0,3181621248
2200,28.360562970,15.946718,16.667862,16,10720.5698,369.7029,85.7500,6.5576,0.0000,-0.0000,0.0000,0.0001,4,47.7499,-32.7231,0.000,0.000,1,0,0,60.0000,1,0,73.000,60,0,3181621248
2201,28.380854279,20.291309,16.668313,16,10720.5698,369.7029,85.7500,6.5576,0.0000,-0.0000,0.0001,0.0001,4,47.7499,-32.7231,0.000,0.000,1,0,0,60.0000,1,0,73.000,60,0,3181637632
2202,28.393729851,12.875572,16.666944,16,10720.5698,369.7029,85.7500,6.5576,0.0000,-0.0000,0.0000,0.0000,4,47.7499,-32.7231,0.000,0.000,1,0,0,60.0000,1,0,73.000,60,0,3181641728
2203,28.411621070,17.891219,16.667342,16,10720.5698,369.7029,85.7500,6.5576,0.0000,-0.0000,0.0000,0.0000,4,47.7499,-32.7231,0.000,0.000,1,0,0,60.0000,1,0,73.000,60,0,3181641728
2204,28.429704783,18.083713,16.668173,16,10720.5698,369.7029,85.7500,6.5576,0.0000,-0.0000,0.0000,0.0001,4,47.7499,-32.7231,0.000,0.000,1,0,0,60.0000,1,0,73.000,60,0,3181641728
2205,28.446336074,16.631291,16.667843,16,10720.5698,369.7029,85.7500,6.5576,0.0000,-0.0000,0.0000,0.0001,4,47.7499,-32.7231,0.000,0.000,1,0,0,60.0000,1,0,73.000,60,0,3181641728
2206,28.463759313,17.423239,16.667982,16,10720.5698,369.7029,85.7500,6.5576,0.0000,-0.0000,0.0001,0.0001,4,47.7499,-32.7231,0.000,0.000,1,0,0,60.0000,1,0,73.000,60,0,3181641728
2207,28.479453925,15.694612,16.667673,16,10720.5698,369.7029,85.7500,6.5576,0.0000,-0.0000,0.0000,0.0000,4,47.7499,-32.7231,0.000,0.000,1,0,0,60.0000,1,0,73.000,60,0,3181645824
2208,28.497320443,17.866518,16.667503,16,10720.5698,369.7029,85.7500,6.5576,0.0000,-0.0000,0.0000,0.0000,4,47.7499,-32.7231,0.000,0.000,1,0,0,60.0000,1,0,73.000,60,0,3181645824
2209,28.513596447,16.276004,16.668982,16,10720.5698,369.7029,85.7500,6.5576,0.0000,-0.0000,0.0000,0.0001,4,47.7499,-32.7231,0.000,0.000,1,0,0,60.0000,1,0,73.000,60,0,3181645824
2210,28.532405855,18.809408,16.668263,16,10720.5698,369.7029,85.7500,6.5576,0.0000,-0.0000,0.0000,0.0001,4,47.7499,-32.7231,0.000,0.000,1,0,0,60.0000,1,0,73.000,60,0,3181645824
2211,28.543119842,10.713987,16.668643,16,10720.5698,369.7029,85.7500,6.5576,0.0000,-0.0000,0.0001,0.0001,4,47.7499,-32.7231,0.000,0.000,1,0,0,60.0000,1,0,73.000,60,0,3181645824
2212,28.562043783,18.923941,16.667682,16,10720.5698,369.7029,85.7500,6.5576,0.0000,-0.0000,0.0000,0.0000,4,47.7499,-32.7231,0.000,0.000,1,0,0,60.0000,1,0,73.000,60,0,3181645824
2213,28.581592816,19.549033,16.668413,16,10720.5698,369.7029,85.7500,6.5576,0.0000,-0.0000,0.0000,0.0000,4,47.7499,-32.7231,0.000,0.000,1,0,0,60.0000,1,0,73.000,60,0,3181645824
2214,28.597297789,15.704973,16.668293,16,10720.5698,369.7029,85.7500,6.5576,0.0000,-0.0000,0.0000,0.0001,4,47.7499,-32.7231,0.000,0.000,1,0,0,60.0000,1,0,73.000,60,0,3181645824
2215,28.614000452,16.702663,16.668532,16,10720.5698,369.7029,85.7500,6.5576,0.0000,-0.0000,0.0000,0.0001,4,47.7499,-32.7231,0.000,0.000,1,0,0,60.0000,1,0,73.000,60,0,3181649920
2216,28.626840064,12.839612,16.667353,16,10720.5698,369.7029,85.7500,6.5576,0.0000,-0.0000,0.0001,0.0001,4,47.7499,-32.7231,0.000,0.000,1,0,0,60.0000,1,0,73.000,60,0,3181649920
2217,28.645963709,19.123645,16.668183,16,10720.5698,369.7029,85.7500,6.5576,0.0000,-0.0000,0.0000,0.0000,4,47.7499,-32.7231,0.000,0.000,1,0,0,60.0000,1,0,73.000,60,0,3181654016
2218,28.664243655,18.279946,16.667202,16,10720.5698,369.7029,85.7500,6.5576,0.0000,-0.0000,0.0000,0.0000,4,47.7499,-32.7231,0.000,0.000,1,0,0,60.0000,1,0,73.000,60,0,3181654016
2219,28.680300805,16.057150,16.667473,16,10720.5698,369.7029,85.7500,6.5576,0.0000,-0.0000,0.0000,0.0001,4,47.7499,-32.7231,0.000,0.000,1,0,0,60.0000,1,0,73.000,60,0,3181654016
2220,28.696309174,16.008369,16.667173,16,10720.5698,369.7029,85.7500,6.5576,0.0000,-0.0000,0.0000,0.0001,4,47.7499,-32.7231,0.000,0.000,1,0,0,60.0000,1,0,73.000,60,0,3181654016
2221,28.713873006,17.563832,16.667912,16,10720.5698,369.7029,85.7500,6.5576,0.0000,-0.0000,0.0001,0.0001,4,47.7499,-32.7231,0.000,0.000,1,0,0,60.0000,1,0,73.000,60,0,3181654016
2222,28.729756242,15.883236,16.668323,16,10720.5698,369.7029,85.7500,6.5576,0.0000,-0.0000,0.0000,0.0000,4,47.7499,-32.7231,0.000,0.000,1,0,0,60.0000,1,0,73.000,60,0,3181654016
2223,28.746599198,16.842956,16.668823,16,10720.5698,369.7029,85.7500,6.5576,0.0000,-0.0000,0.0000,0.0000,4,47.7499,-32.7231,0.000,0.000,1,0,0,60.0000,1,0,73.000,60,0,3181654016
2224,28.763780582,17.181384,16.668183,16,10720.5698,369.7029,85.7500,6.5576,0.0000,-0.0000,0.0000,0.0001,4,47.7499,-32.7231,0.000,0.000,1,0,0,60.0000,1,0,73.000,60,0,3181654016
2225,28.781119519,17.338937,16.668283,16,10720.5698,369.7029,85.7500,6.5576,0.0000,-0.0000,0.0000,0.0001,4,47.7499,-32.7231,0.000,0.000,1,0,0,60.0000,1,0,73.000,60,0,3181654016
2226,28.797024265,15.904746,16.668493,16,10720.5698,369.7029,85.7500,6.5576,0.0000,-0.0000,0.0001,0.0001,4,47.7499,-32.7231,0.000,0.000,1,0,0,60.0000,1,0,73.000,60,0,3181654016
2227,28.814041805,17.017540,16.667062,16,10720.5698,369.7029,85.7500,6.5576,0.0000,-0.0000,0.0000,0.0000,4,47.7499,-32.7231,0.000,0.000,1,0,0,60.0000,1,0,73.000,60,0,3181654016
2228,28.830979134,16.937329,16.667203,16,10720.5698,369.7029,85.7500,6.5576,0.0000,-0.0000,0.0000,0.0000,4,47.7499,-32.7231,0.000,0.000,1,0,0,60.0000,1,0,73.000,60,0,3181654016
2229,28.847850951,16.871817,16.667763,16,10720.5698,369.7029,85.7500,6.5576,0.0000,-0.0000,0.0000,0.0001,4,47.7499,-32.7231,0.000,0.000,1,0,0,60.0000,1,0,73.000,60,0,3181654016
2230,28.863855500,16.004549,16.667842,16,10720.5698,369.7029,85.7500,6.5576,0.0000,-0.0000,0.0000,0.0001,4,47.7499,-32.7231,0.000,0.000,1,0,0,60.0000,1,0,73.000,60,0,3181654016
2231,28.879685924,15.830424,16.668003,16,10720.5698,369.7029,85.7500,6.5576,0.0000,-0.0000,0.0001,0.0001,4,47.7499,-32.7231,0.000,0.000,1,0,0,60.0000,1,0,73.000,60,0,3181654016
2232,28.896741056,17.055132,16.667853,16,10720.5698,369.7029,85.7500,6.5576,0.0000,-0.0000,0.0000,0.0000,4,47.7499,-32.7231,0.000,0.000,1,0,0,60.0000,1,0,73.000,60,0,3181654016
2233,28.913149083,16.408027,16.667412,16,10720.5698,369.7029,85.7500,6.5576,0.0000,-0.0000,0.0000,0.0000,4,47.7499,-32.7231,0.000,0.000,1,0,0,60.0000,1,0,73.000,60,0,3181654016
2234,28.931140893,17.991810,16.667883,16,10720.5698,369.7029,85.7500,6.5576,0.0000,-0.0000,0.0000,0.0001,4,47.7499,-32.7231,0.000,0.000,1,0,0,60.0000,1,0,73.000,60,0,3181654016
2235,28.943417303,12.276410,16.668283,16,10720.5698,369.7029,85.7500,6.5576,0.0000,-0.0000,0.0000,0.0001,4,47.7499,-32.7231,0.000,0.000,1,0,0,60.0000,1,0,73.000,60,0,3181654016
2236,28.964660142,21.242839,16.668132,16,10720.5698,369.7029,85.7500,6.5576,0.0000,-0.0000,0.0001,0.0001,4,47.7499,-32.7231,0.000,0.000,1,0,0,60.0000,1,0,73.000,60,0,3181654016
2237,28.982599442,17.939300,16.667753,16,10720.5698,369.7029,85.7500,6.5576,0.0000,-0.0000,0.0000,0.0000,4,47.7499,-32.7231,0.000,0.000,1,0,0,60.0000,1,0,73.000,60,0,3181654016
2238,28.994132416,11.532974,16.668813,16,10720.5698,369.7029,85.7500,6.5576,0.0000,-0.0000,0.0000,0.0000,4,47.7499,-32.7231,0.000,0.000,1,0,0,60.0000,1,0,73.000,60,0,3181654016
2239,29.014166110,20.033694,16.667362,16,10720.5698,369.7029,85.7500,6.5576,0.0000,-0.0000,0.0000,0.0001,4,47.7499,-32.7231,0.000,0.000,1,0,0,60.0000,1,0,73.000,60,0,3181654016
2240,29.030514736,16.348626,16.668633,16,10720.5698,369.7029,85.7500,6.5576,0.0000,-0.0000,0.0000,0.0001,4,47.7499,-32.7231,0.000,0.000,1,0,0,60.0000,1,0,73.000,60,0,3181654016
2241,29.047257030,16.742294,16.667733,16,10720.5698,369.7029,85.7500,6.5576,0.0000,-0.0000,0.0001,0.0001,4,47.7499,-32.7231,0.000,0.000,1,0,0,60.0000,1,0,73.000,60,0,3181654016
2242,29.064588077,17.331047,16.667722,16,10720.5698,369.7029,85.7500,6.5576,0.0000,-0.0000,0.0000,0.0000,4,47.7499,-32.7231,0.000,0.000,1,0,0,60.0000,1,0,73.000,60,0,3181654016
2243,29.081296561,16.708484,16.667413,16,10720.5698,369.7029,85.7500,6.5576,0.0000,-0.0000,0.0000,0.0000,4,47.7499,-32.7231,0.000,0.000,1,0,0,60.0000,1,0,73.000,60,0,3181654016
2244,29.097157747,15.861186,16.668724,16,10720.5698,369.7029,85.7500,6.5576,0.0000,-0.0000,0.0000,0.0001,4,47.7499,-32.7231,0.000,0.000,1,0,0,60.0000,1,0,73.000,60,0,3181654016
2245,29.114227278,17.069531,16.668292,16,10720.5698,369.7029,85.7500,6.5576,0.0000,-0.0000,0.0000,0.0001,4,47.7499,-32.7231,0.000,0.000,1,0,0,60.0000,1,0,73.000,60,0,3181654016
2246,29.130488541,16.261263,16.668863,16,10720.5698,369.7029,85.7500,6.5576,0.0000,-0.0000,0.0001,0.0001,4,47.7499,-32.7231,0.000,0.000,1,0,0,60.0000,1,0,73.000,60,0,3181654016
2247,29.147248946,16.760405,16.668773,16,10720.5698,369.7029,85.7500,6.5576,0.0000,-0.0000,0.0000,0.0000,4,47.7499,-32.7231,0.000,0.000,1,0,0,60.0000,1,0,73.000,60,0,3181654016
2248,29.164045612,16.796666,16.667402,16,10720.5698,369.7029,85.7500,6.5576,0.0000,-0.0000,0.0000,0.0000,4,47.7499,-32.7231,0.000,0.000,1,0,0,60.0000,1,0,73.000,60,0,3181654016
2249,29.180713974,16.668362,16.668513,16,10720.5698,369.7029,85.7500,6.5576,0.0000,-0.0000,0.0000,0.0001,4,47.7499,-32.7231,0.000,0.000,1,0,0,60.0000,1,0,73.000,60,0,3181654016
2250,29.198038841,17.324867,16.667643,16,10720.5698,369.7029,85.7500,6.5576,0.0000,-0.0000,0.0000,0.0001,4,47.7499,-32.7231,0.000,0.000,1,0,0,60.0000,1,0,73.000,60,0,3181654016
2251,29.215449729,17.410888,16.668202,16,10720.5698,369.7029,85.7500,6.5576,0.0000,-0.0000,0.0001,0.0001,4,47.7499,-32.7231,0.000,0.000,1,0,0,60.0000,1,0,73.000,60,0,3181654016
2252,29.226758768,11.309039,16.668453,16,10720.5698,369.7029,85.7500,6.5576,0.0000,-0.0000,0.0000,0.0000,4,47.7499,-32.7231,0.000,0.000,1,0,0,60.0000,1,0,73.000,60,0,3181654016
2253,29.243651946,16.893178,16.667943,16,10720.5698,369.7029,85.7500,6.5576,0.0000,-0.0000,0.0000,0.0000,4,47.7499,-32.7231,0.000,0.000,1,0,0,60.0000,1,0,73.000,60,0,3181654016
2254,29.263320973,19.669027,16.668272,16,10720.5698,369.7029,85.7500,6.5576,0.0000,-0.0000,0.0000,0.0001,4,47.7499,-32.7231,0.000,0.000,1,0,0,60.0000,1,0,73.000,60,0,3181654016
2255,29.281790783,18.469810,16.667803,16,10720.5698,369.7029,85.7500,6.5576,0.0000,-0.0000,0.0000,0.0001,4,47.7499,-32.7231,0.000,0.000,1,0,0,60.0000,1,0,73.000,60,0,3181654016
2256,29.298605699,16.814916,16.667223,16,10720.5698,369.7029,85.7500,6.5576,0.0000,-0.0000,0.0001,0.0001,4,47.7499,-32.7231,0.000,0.000,1,0,0,60.0000,1,0,73.000,60,0,3181654016
2257,29.314272701,15.667002,16.668702,16,10720.5698,369.7029,85.7500,6.5576,0.0000,-0.0000,0.0000,0.0000,4,47.7499,-32.7231,0.000,0.000,1,0,0,60.0000,1,0,73.000,60,0,3181654016
2258,29.332096348,17.823647,16.667633,16,10720.5698,369.7029,85.7500,6.5576,0.0000,-0.0000,0.0000,0.0000,4,47.7499,-32.7231,0.000,0.000,1,0,0,60.0000,1,0,73.000,60,0,3181654016
2259,29.347580105,15.483757,16.668602,16,10720.5698,369.7029,85.7500,6.5576,0.0000,-0.0000,0.0000,0.0001,4,47.7499,-32.7231,0.000,0.000,1,0,0,60.0000,1,0,73.000,60,0,3181654016
2260,29.363828609,16.248504,16.668593,16,10720.5698,369.7029,85.7500,6.5576,0.0000,-0.0000,0.0000,0.0001,4,47.7499,-32.7231,0.000,0.000,1,0,0,60.0000,1,0,73.000,60,0,3181654016
2261,29.376964728,13.136119,16.668063,16,10720.5698,369.7029,85.7500,6.5576,0.0000,-0.0000,0.0001,0.0001,4,47.7499,-32.7231,0.000,0.000,1,0,0,60.0000,1,0,73.000,60,0,3181654016
2262,29.393743592,16.778864,16.668412,16,10720.5698,369.7029,85.7500,6.5576,0.0000,-0.0000,0.0000,0.0000,4,47.7499,-32.7231,0.000,0.000,1,0,0,60.0000,1,0,73.000,60,0,3181654016
2263,29.410548728,16.805136,16.667574,16,10720.5698,369.7029,85.7500,6.5576,0.0000,-0.0000,0.0000,0.0000,4,47.7499,-32.7231,0.000,0.000,1,0,0,60.0000,1,0,73.000,60,0,3181772800
2264,29.430955070,20.406342,16.667743,16,10720.5698,369.7029,85.7500,6.5576,0.0000,-0.0000,0.0000,0.0001,4,47.7499,-32.7231,0.000,0.000,1,0,0,60.0000,1,0,73.000,60,0,3181772800
2265,29.447618022,16.662952,16.667462,16,10720.5698,369.7029,85.7500,6.5576,0.0000,-0.0000,0.0000,0.0001,4,47.7499,-32.7231,0.000,0.000,1,0,0,60.0000,1,0,73.000,60,0,3181772800
2266,29.466074734,18.456712,16.668903,16,10720.5698,369.7029,85.7500,6.5576,0.0000,-0.0000,0.0001,0.0001,4,47.7499,-32.7231,0.000,0.000,1,0,0,60.0000,1,0,73.000,60,0,3181772800
2267,29.476896162,10.821428,16.667603,16,10720.5698,369.7029,85.7500,6.5576,0.0000,-0.0000,0.0000,0.0000,4,47.7499,-32.7231,0.000,0.000,1,0,0,60.0000,1,0,73.000,60,0,3181772800
2268,29.493654067,16.757905,16.668902,16,10720.5698,369.7029,85.7500,6.5576,0.0000,-0.0000,0.0000,0.0000,4,47.7499,-32.7231,0.000,0.000,1,0,0,60.0000,1,0,73.000,60,0,3181772800
2269,29.513868054,20.213987,16.667333,16,10720.5698,369.7029,85.7500,6.5576,0.0000,-0.0000,0.0000,0.0001,4,47.7499,-32.7231,0.000,0.000,1,0,0,60.0000,1,0,73.000,60,0,3181772800
2270,29.531477597,17.609543,16.668843,16,10720.5698,369.7029,85.7500,6.5576,0.0000,-0.0000,0.0000,0.0001,4,47.7499,-32.7231,0.000,0.000,1,0,0,60.0000,1,0,73.000,60,0,3181772800
2271,29.547230751,15.753154,16.667752,16,10720.5698,369.7029,85.7500,6.5576,0.0000,-0.0000,0.0001,0.0001,4,47.7499,-32.7231,0.000,0.000,1,0,0,60.0000,1,0,73.000,60,0,3181772800
2272,29.563983965,16.753214,16.667413,16,10720.5698,369.7029,85.7500,6.5576,0.0000,-0.0000,0.0000,0.0000,4,47.7499,-32.7231,0.000,0.000,1,0,0,60.0000,1,0,73.000,60,0,3181772800
2273,29.579739298,15.755333,16.667253,16,10720.5698,369.7029,85.7500,6.5576,0.0000,-0.0000,0.0000,0.0000,4,47.7499,-32.7231,0.000,0.000,1,0,0,60.0000,1,0,73.000,60,0,3181772800
2274,29.596400811,16.661513,16.668592,16,10720.5698,369.7029,85.7500,6.5576,0.0000,-0.0000,0.0000,0.0001,4,47.7499,-32.7231,0.000,0.000,1,0,0,60.0000,1,0,73.000,60,0,3181772800
2275,29.614446933,18.046122,16.667083,16,10720.5698,369.7029,85.7500,6.5576,0.0000,-0.0000,0.0000,0.0001,4,47.7499,-32.7231,0.000,0.000,1,0,0,60.0000,1,0,73.000,60,0,3181772800
2276,29.629732896,15.285963,16.668173,16,10720.5698,369.7029,85.7499,6.5576,-0.0001,0.0002,0.0001,0.0001,4,47.7499,-32.7231,0.000,0.000,1,0,0,60.0000,1,0,73.000,60,0,3181772800
2277,29.647720927,17.988031,16.682603,16,10720.5698,369.7029,85.7499,6.5576,-0.0001,0.0002,0.0000,0.0000,4,47.7504,-32.7231,0.000,0.000,1,0,0,60.0000,1,0,73.000,60,0,3181772800
2278,29.663430379,15.709452,16.668483,16,10720.5698,369.7029,85.7499,6.5576,-0.0001,0.0002,-0.0001,0.0001,4,47.7504,-32.7231,0.000,0.000,1,0,0,60.0000,1,0,73.000,60,0,3181772800
2279,29.681126704,17.696325,16.670513,16,10720.5698,369.7029,85.7499,6.5576,-0.0001,0.0002,-0.0002,0.0003,4,47.7504,-32.7231,0.000,0.000,1,0,0,60.0000,1,0,73.000,60,0,3181780992
2280,29.696167383,15.040679,16.668342,16,10720.5698,369.7029,85.7499,6.5576,-0.0001,0.0002,-0.0002,0.0004,4,47.7504,-32.7231,0.000,0.000,1,0,0,60.0000,1,0,73.000,60,0,3181780992
2281,29.713754714,17.587331,16.667933,16,10720.5698,369.7029,85.7499,6.5576,-0.0001,0.0002,-0.0003,0.0005,4,47.7504,-32.7231,0.000,0.000,1,0,0,60.0000,1,0,73.000,60,0,3181780992
2282,29.730064570,16.309856,16.668183,16,10720.5698,369.7029,85.7499,6.5576,-0.0001,0.0002,0.0000,0.0000,4,47.7504,-32.7231,0.000,0.000,1,0,0,60.0000,1,0,73.000,60,0,3181780992
2283,29.746704461,16.639891,16.668612,16,10720.5698,369.7029,85.7499,6.5576,-0.0001,0.0002,-0.0001,0.0001,4,47.7504,-32.7231,0.000,0.000,1,0,0,60.0000,1,0,73.000,60,0,3181780992
2284,29.764640361,17.935900,16.667313,16,10720.5698,369.7029,85.7499,6.5576,-0.0001,0.0002,-0.0002,0.0003,4,47.7504,-32.7231,0.000,0.000,1,0,0,60.0000,1,0,73.000,60,0,3181780992
2285,29.781114600,16.474239,16.668533,16,10720.5698,369.7029,85.7499,6.5576,-0.0001,0.0002,-0.0002,0.0004,4,47.7504,-32.7231,0.000,0.000,1,0,0,60.0000,1,0,73.000,60,0,3181780992
2286,29.797988446,16.873846,16.667742,16,10720.5698,369.7029,85.7499,6.5576,-0.0001,0.0002,-0.0003,0.0005,4,47.7504,-32.7231,0.000,0.000,1,0,0,60.0000,1,0,73.000,60,0,3181780992
2287,29.814376634,16.388188,16.667513,16,10720.5698,369.7029,85.7499,6.5576,-0.0001,0.0002,0.0000,0.0000,4,47.7504,-32.7231,0.000,0.000,1,0,0,60.0000,1,0,73.000,60,0,3181785088
2288,29.830249650,15.873016,16.668313,16,10720.5698,369.7029,85.7499,6.5576,-0.0001,0.0002,-0.0001,0.0001,4,47.7504,-32.7231,0.000,0.000,1,0,0,60.0000,1,0,73.000,60,0,3181785088
2289,29.846802070,16.552420,16.668022,16,10720.5698,369.7029,85.7499,6.5576,-0.0001,0.0002,-0.0002,0.0003,4,47.7504,-32.7231,0.000,0.000,1,0,0,60.0000,1,0,73.000,60,0,3181785088
2290,29.864535795,17.733725,16.668533,16,10720.5698,369.7029,85.7499,6.5576,-0.0001,0.0002,-0.0002,0.0004,4,47.7504,-32.7232,0.000,0.000,1,0,0,60.0000,1,0,73.000,60,0,3181785088
2291,29.880618615,16.082820,16.668023,16,10720.5698,369.7029,85.7499,6.5576,-0.0001,0.0002,-0.0003,0.0005,4,47.7504,-32.7232,0.000,0.000,1,0,0,60.0000,1,0,73.000,60,0,3181785088
2292,29.897731207,17.112592,16.668363,16,10720.5698,369.7029,85.7499,6.5576,-0.0001,0.0002,0.0000,0.0000,4,47.7504,-32.7232,0.000,0.000,1,0,0,60.0000,1,0,73.000,60,0,3181785088
2293,29.913556603,15.825396,16.668753,16,10720.5698,369.7029,85.7499,6.5576,-0.0001,0.0002,-0.0001,0.0001,4,47.7504,-32.7232,0.000,0.000,1,0,0,60.0000,1,0,73.000,60,0,3181785088
2294,29.930129814,16.573211,16.667173,16,10720.5698,369.7029,85.7499,6.5576,-0.0001,0.0002,-0.0002,0.0003,4,47.7504,-32.7232,0.000,0.000,1,0,0,60.0000,1,0,73.000,60,0,3181785088
2295,29.947286467,17.156653,16.667752,16,10720.5698,369.7029,85.7499,6.5576,-0.0001,0.0002,-0.0002,0.0004,4,47.7504,-32.7232,0.000,0.000,1,0,0,60.0000,1,0,73.000,60,0,3181785088
2296,29.964148304,16.861837,16.667263,16,10720.5698,369.7029,85.7499,6.5576,-0.0001,0.0002,-0.0003,0.0005,4,47.7504,-32.7232,0.000,0.000,1,0,0,60.0000,1,0,73.000,60,0,3181785088
2297,29.981499770,17.351466,16.668483,16,10720.5698,369.7029,85.7499,6.5576,-0.0001,0.0002,0.0000,0.0000,4,47.7504,-32.7232,0.000,0.000,1,0,0,60.0000,1,0,73.000,60,0,3181785088
2298,29.997215203,15.715433,16.668282,16,10720.5698,369.7029,85.7499,6.5576,-0.0001,0.0002,-0.0001,0.0001,4,47.7504,-32.7232,0.000,0.000,1,0,0,60.0000,1,0,73.000,60,0,3181785088
2299,30.013879725,16.664522,16.668243,16,10720.5698,369.7029,85.7499,6.5576,-0.0001,0.0002,-0.0002,0.0003,4,47.7504,-32.7232,0.000,0.000,1,0,0,60.0000,1,0,73.000,60,0,3181785088
2300,30.030973397,17.093672,16.667373,16,10720.5698,369.7029,85.7499,6.5576,-0.0001,0.0002,-0.0002,0.0004,4,47.7504,-32.7232,0.000,0.000,1,0,0,60.0000,1,0,73.000,60,0,3181785088
2301,30.047467696,16.494299,16.668362,16,10720.5698,369.7029,85.7500,6.5576,0.0001,-0.0002,-0.0003,0.0005,4,47.7504,-32.7232,0.000,0.000,1,0,0,60.0000,1,0,73.000,60,0,3181785088
2302,30.064385424,16.917728,16.667563,16,10720.5698,369.7029,85.7500,6.5576,0.0001,-0.0002,0.0000,0.0000,4,47.7498,-32.7232,0.000,0.000,1,0,0,60.0000,1,0,73.000,60,0,3181785088
2303,30.082019107,17.633683,16.667343,16,10720.5698,369.7029,85.7500,6.5576,0.0001,-0.0002,0.0000,0.0001,4,47.7498,-32.7232,0.000,0.000,1,0,0,60.0000,1,0,73.000,60,0,3181785088
2304,30.097816582,15.797475,16.668532,16,10720.5698,369.7029,85.7500,6.5576,0.0001,-0.0002,0.0001,0.0001,4,47.7498,-32.7232,0.000,0.000,1,0,0,60.0000,1,0,73.000,60,0,3181785088
2305,30.114479785,16.663203,16.667103,16,10720.5698,369.7029,85.7500,6.5576,0.0001,-0.0002,0.0002,0.0002,4,47.7498,-32.7232,0.000,0.000,1,0,0,60.0000,1,0,73.000,60,0,3181785088
2306,30.130862351,16.382566,16.667273,16,10720.5698,369.7029,85.7500,6.5576,0.0001,-0.0002,0.0002,0.0003,4,47.7498,-32.7232,0.000,0.000,1,0,0,60.0000,1,0,73.000,60,0,3181785088
2307,30.147903621,17.041270,16.668463,16,10720.5698,369.7029,85.7500,6.5576,0.0001,-0.0002,0.0000,0.0000,4,47.7498,-32.7232,0.000,0.000,1,0,0,60.0000,1,0,73.000,60,0,3181789184
2308,30.164389901,16.486280,16.668063,16,10720.5698,369.7029,85.7500,6.5576,0.0001,-0.0002,0.0000,0.0001,4,47.7498,-32.7232,0.000,0.000,1,0,0,60.0000,1,0,73.000,60,0,3181789184
2309,30.180465741,16.075840,16.667803,16,10720.5698,369.7029,85.7500,6.5576,0.0001,-0.0002,0.0001,0.0001,4,47.7498,-32.7232,0.000,0.000,1,0,0,60.0000,1,0,73.000,60,0,3181789184
2310,30.197035471,16.569730,16.667412,16,10720.5698,369.7029,85.7500,6.5576,0.0001,-0.0002,0.0002,0.0002,4,47.7498,-32.7232,0.000,0.000,1,0,0,60.0000,1,0,73.000,60,0,3181789184
2311,30.213531941,16.496470,16.668133,16,10720.5698,369.7029,85.7500,6.5576,0.0001,-0.0002,0.0002,0.0003,4,47.7498,-32.7232,0.000,0.000,1,0,0,60.0000,1,0,73.000,60,0,3181789184
2312,30.230397588,16.865647,16.667363,16,10720.5698,369.7029,85.7500,6.5576,0.0001,-0.0002,0.0000,0.0000,4,47.7498,-32.7232,0.000,0.000,1,0,0,60.0000,1,0,73.000,60,0,3181789184
2313,30.247904638,17.507050,16.667672,16,10720.5698,369.7029,85.7500,6.5576,0.0001,-0.0002,0.0000,0.0001,4,47.7498,-32.7232,0.000,0.000,1,0,0,60.0000,1,0,73.000,60,0,3181789184
2314,30.264185362,16.280724,16.667113,16,10720.5698,369.7029,85.7500,6.5576,0.0001,-0.0002,0.0001,0.0001,4,47.7498,-32.7232,0.000,0.000,1,0,0,60.0000,1,0,73.000,60,0,3181789184
2315,30.276965983,12.780621,16.667853,16,10720.5698,369.7029,85.7500,6.5576,0.0001,-0.0002,0.0002,0.0002,4,47.7498,-32.7232,0.000,0.000,1,0,0,60.0000,1,0,73.000,60,0,3181789184
2316,30.297607930,20.641947,16.668112,16,10720.5698,369.7029,85.7500,6.5576,0.0001,-0.0002,0.0002,0.0003,4,47.7498,-32.7232,0.000,0.000,1,0,0,60.0000,1,0,73.000,60,0,3181789184
2317,30.315238762,17.630832,16.667213,16,10720.5698,369.7029,85.7500,6.5576,0.0001,-0.0002,0.0000,0.0000,4,47.7498,-32.7232,0.000,0.000,1,0,0,60.0000,1,0,73.000,60,0,3181789184
2318,30.331854744,16.615982,16.668903,16,10720.5698,369.7029,85.7500,6.5576,0.0001,-0.0002,0.0000,0.0001,4,47.7498,-32.7232,0.000,0.000,1,0,0,60.0000,1,0,73.000,60,0,3181789184
2319,30.348088468,16.233724,16.667632,16,10720.5698,369.7029,85.7500,6.5576,0.0001,-0.0002,0.0001,0.0001,4,47.7498,-32.7232,0.000,0.000,1,0,0,60.0000,1,0,73.000,60,0,3181789184
2320,30.364477345,16.388877,16.668433,16,10720.5698,369.7029,85.7500,6.5576,0.0001,-0.0002,0.0002,0.0002,4,47.7498,-32.7232,0.000,0.000,1,0,0,60.0000,1,0,73.000,60,0,3181789184
2321,30.376953279,12.475934,16.668913,16,10720.5698,369.7029,85.7500,6.5576,0.0001,-0.0002,0.0002,0.0003,4,47.7498,-32.7232,0.000,0.000,1,0,0,60.0000,1,0,73.000,60,0,3181793280
2322,30.396622785,19.669506,16.668892,16,10720.5698,369.7029,85.7500,6.5576,0.0001,-0.0002,0.0000,0.0000,4,47.7498,-32.7232,0.000,0.000,1,0,0,60.0000,1,0,73.000,60,0,3181793280
2323,30.415191598,18.568813,16.667073,16,10720.5698,369.7029,85.7500,6.5576,0.0001,-0.0002,0.0000,0.0001,4,47.7498,-32.7232,0.000,0.000,1,0,0,60.0000,1,0,73.000,60,0,3181793280
2324,30.431111165,15.919567,16.668324,16,10720.5698,369.7029,85.7500,6.5576,0.0001,-0.0002,0.0001,0.0001,4,47.7498,-32.7232,0.000,0.000,1,0,0,60.0000,1,0,73.000,60,0,3181793280
2325,30.448090184,16.979019,16.667092,16,10720.5698,369.7029,85.7500,6.5576,0.0001,-0.0002,0.0002,0.0002,4,47.7498,-32.7232,0.000,0.000,1,0,0,60.0000,1,0,73.000,60,0,3181793280
2326,30.464189424,16.099240,16.667373,16,10720.5698,369.7029,85.7500,6.5576,0.0001,-0.0002,0.0002,0.0003,4,47.7498,-32.7232,0.000,0.000,1,0,0,60.0000,1,0,73.000,60,0,3181793280
2327,30.481121013,16.931589,16.667413,16,10720.5698,369.7029,85.7500,6.5576,0.0001,-0.0002,0.0000,0.0000,4,47.7498,-32.7231,0.000,0.000,1,0,0,60.0000,1,0,73.000,60,0,3181793280
2328,30.497425649,16.304636,16.667482,16,10720.5698,369.7029,85.7500,6.5576,0.0001,-0.0002,0.0000,0.0001,4,47.7498,-32.7231,0.000,0.000,1,0,0,60.0000,1,0,73.000,60,0,3181793280
2329,30.513290024,15.864375,16.667363,16,10720.5698,369.7029,85.7500,6.5576,0.0001,-0.0002,0.0001,0.0001,4,47.7498,-32.7231,0.000,0.000,1,0,0,60.0000,1,0,73.000,60,0,3181793280
2330,30.531356757,18.066733,16.667953,16,10720.5698,369.7029,85.7500,6.5576,0.0001,-0.0002,0.0002,0.0002,4,47.7498,-32.7231,0.000,0.000,1,0,0,60.0000,1,0,73.000,60,0,3181793280
2331,30.548640372,17.283615,16.667052,16,10720.5698,369.7029,85.7500,6.5576,0.0001,-0.0002,0.0002,0.0003,4,47.7498,-32.7231,0.000,0.000,1,0,0,60.0000,1,0,73.000,60,0,3181793280
2332,30.564865815,16.225443,16.667973,16,10720.5698,369.7029,85.7500,6.5576,0.0001,-0.0002,0.0000,0.0000,4,47.7498,-32.7231,0.000,0.000,1,0,0,60.0000,1,0,73.000,60,0,3181793280
2333,30.582371376,17.505561,16.668102,16,10720.5698,369.7029,85.7500,6.5576,0.0001,-0.0002,0.0000,0.0001,4,47.7498,-32.7231,0.000,0.000,1,0,0,60.0000,1,0,73.000,60,0,3181793280
2334,30.593863569,11.492193,16.668303,16,10720.5698,369.7029,85.7500,6.5576,0.0001,-0.0002,0.0001,0.0001,4,47.7498,-32.7231,0.000,0.000,1,0,0,60.0000,1,0,73.000,60,0,3181793280
2335,30.613872442,20.008873,16.668943,16,10720.5698,369.7029,85.7500,6.5576,0.0001,-0.0002,0.0002,0.0002,4,47.7498,-32.7231,0.000,0.000,1,0,0,60.0000,1,0,73.000,60,0,3181793280
2336,30.631515146,17.642704,16.667752,16,10720.5698,369.7029,85.7500,6.5576,0.0001,-0.0002,0.0002,0.0003,4,47.7498,-32.7231,0.000,0.000,1,0,0,60.0000,1,0,73.000,60,0,3181793280
2337,30.644230184,12.715038,16.668603,16,10720.5698,369.7029,85.7500,6.5576,0.0001,-0.0002,0.0000,0.0000,4,47.7498,-32.7231,0.000,0.000,1,0,0,60.0000,1,0,73.000,60,0,3179601920
2338,30.660445738,16.215554,16.668493,16,10720.5698,369.7029,85.7500,6.5576,0.0001,-0.0002,0.0000,0.0001,4,47.7498,-32.7231,0.000,0.000,1,0,0,60.0000,1,0,73.000,60,0,3179601920
2339,30.677178122,16.732384,16.668583,16,10720.5698,369.7029,85.7500,6.5576,0.0001,-0.0002,0.0001,0.0001,4,47.7498,-32.7231,0.000,0.000,1,0,0,60.0000,1,0,73.000,60,0,3179601920
2340,30.694015178,16.837056,16.668273,16,10720.5698,369.7029,85.7500,6.5576,0.0001,-0.0002,0.0002,0.0002,4,47.7498,-32.7231,0.000,0.000,1,0,0,60.0000,1,0,73.000,60,0,3179601920
2341,30.710539338,16.524160,16.667293,16,10720.5698,369.7029,85.7500,6.5576,0.0001,-0.0002,0.0002,0.0003,4,47.7498,-32.7231,0.000,0.000,1,0,0,60.0000,1,0,73.000,60,0,3179614208
2342,30.727356664,16.817326,16.668732,16,10720.5698,369.7029,85.7500,6.5576,0.0001,-0.0002,0.0000,0.0000,4,47.7498,-32.7231,0.000,0.000,1,0,0,60.0000,1,0,73.000,60,0,3179614208
2343,30.743869963,16.513299,16.668333,16,10720.5698,369.7029,85.7500,6.5576,0.0001,-0.0002,0.0000,0.0001,4,47.7498,-32.7231,0.000,0.000,1,0,0,60.0000,1,0,73.000,60,0,3179614208
2344,30.763276764,19.406801,16.667303,16,10720.5698,369.7029,85.7500,6.5576,0.0001,-0.0002,0.0001,0.0001,4,47.7498,-32.7231,0.000,0.000,1,0,0,60.0000,1,0,73.000,60,0,3179626496
2345,30.780669142,17.392378,16.667832,16,10720.5698,369.7029,85.7500,6.5576,0.0001,-0.0002,0.0002,0.0002,4,47.7498,-32.7231,0.000,0.000,1,0,0,60.0000,1,0,73.000,60,0,3179626496
2346,30.797020528,16.351386,16.667643,16,10720.5698,369.7029,85.7500,6.5576,0.0001,-0.0002,0.0002,0.0003,4,47.7498,-32.7231,0.000,0.000,1,0,0,60.0000,1,0,73.000,60,0,3179626496
2347,30.813559199,16.538671,16.668503,16,10720.5698,369.7029,85.7500,6.5576,0.0001,-0.0002,0.0000,0.0000,4,47.7498,-32.7231,0.000,0.000,1,0,0,60.0000,1,0,73.000,60,0,3179626496
2348,30.830581199,17.022000,16.667782,16,10720.5698,369.7029,85.7500,6.5576,0.0001,-0.0002,0.0000,0.0001,4,47.7498,-32.7231,0.000,0.000,1,0,0,60.0000,1,0,73.000,60,0,3179634688
2349,30.847400544,16.819345,16.668093,16,10720.5698,369.7029,85.7500,6.5576,0.0001,-0.0002,0.0001,0.0001,4,47.7498,-32.7231,0.000,0.000,1,0,0,60.0000,1,0,73.000,60,0,3179634688
2350,30.864822893,17.422349,16.668423,16,10720.5698,369.7029,85.7500,6.5576,0.0001,-0.0002,0.0002,0.0002,4,47.7498,-32.7231,0.000,0.000,1,0,0,60.0000,1,0,73.000,60,0,3179634688
2351,30.881419524,16.596631,16.779396,16,10720.5698,369.7029,85.7500,6.5576,0.0001,-0.0002,0.0002,0.0003,4,47.7498,-32.7231,0.000,0.000,1,0,0,60.0000,1,0,73.000,60,0,3179634688
2352,30.898147558,16.728034,16.667962,16,10720.5698,369.7029,85.7500,6.5576,0.0001,-0.0002,0.0000,0.0000,4,47.7498,-32.7231,0.000,0.000,1,0,0,60.0000,1,0,73.000,60,0,3179646976
2353,30.914720119,16.572561,16.667753,16,10720.5698,369.7029,85.7500,6.5576,0.0001,-0.0002,0.0000,0.0001,4,47.7498,-32.7231,0.000,0.000,1,0,0,60.0000,1,0,73.000,60,0,3179646976
2354,30.931130296,16.410177,16.668533,16,10720.5698,369.7029,85.7500,6.5576,0.0001,-0.0002,0.0001,0.0001,4,47.7498,-32.7231,0.000,0.000,1,0,0,60.0000,1,0,73.000,60,0,3179646976
2355,30.947452451,16.322155,16.668062,16,10720.5698,369.7029,85.7500,6.5576,0.0001,-0.0002,0.0002,0.0002,4,47.7498,-32.7231,0.000,0.000,1,0,0,60.0000,1,0,73.000,60,0,3179646976
2356,30.963785658,16.333207,16.668743,16,10720.5698,369.7029,85.7500,6.5576,0.0001,-0.0002,0.0002,0.0003,4,47.7498,-32.7231,0.000,0.000,1,0,0,60.0000,1,0,73.000,60,0,3179646976
2357,30.980388038,16.602380,16.667252,16,10720.5698,369.7029,85.7500,6.5576,0.0001,-0.0002,0.0000,0.0000,4,47.7498,-32.7231,0.000,0.000,1,0,0,60.0000,1,0,73.000,60,0,3179655168
2358,30.996495149,16.107111,16.668393,16,10720.5698,369.7029,85.7500,6.5576,0.0001,-0.0002,0.0000,0.0001,4,47.7498,-32.7231,0.000,0.000,1,0,0,60.0000,1,0,73.000,60,0,3179659264
2359,31.013817866,17.322717,16.668943,16,10720.5698,369.7028,85.7500,6.5576,-0.0005,0.0004,0.0001,0.0001,4,47.7498,-32.7231,0.000,0.000,1,0,0,60.0000,1,0,73.000,60,0,3179659264
2360,31.031093682,17.275816,16.668672,16,10720.5698,369.7028,85.7500,6.5576,-0.0005,0.0004,-0.0000,0.0001,4,47.7503,-32.7231,0.000,0.000,1,0,0,60.0000,1,0,73.000,60,0,3179659264
2361,31.047759235,16.665553,16.668573,16,10720.5698,369.7028,85.7500,6.5576,-0.0005,0.0004,-0.0002,0.0003,4,47.7503,-32.7231,0.000,0.000,1,0,0,60.0000,1,0,73.000,60,0,3179659264
2362,31.063315613,15.556378,16.667743,16,10720.5698,369.7028,85.7500,6.5576,-0.0005,0.0004,0.0000,0.0000,4,47.7503,-32.7231,0.000,0.000,1,0,0,60.0000,1,0,73.000,60,0,3179659264
2363,31.080513227,17.197614,16.667852,16,10720.5698,369.7028,85.7500,6.5576,-0.0005,0.0004,-0.0001,0.0002,4,47.7503,-32.7231,0.000,0.000,1,0,0,60.0000,1,0,73.000,60,0,3179659264
2364,31.097833474,17.320247,16.668494,16,10720.5698,369.7028,85.7500,6.5576,-0.0005,0.0004,-0.0003,0.0005,4,47.7503,-32.7231,0.000,0.000,1,0,0,60.0000,1,0,73.000,60,0,3179659264
2365,31.114157999,16.324525,16.668183,16,10720.5698,369.7028,85.7500,6.5576,-0.0005,0.0004,-0.0005,0.0007,4,47.7503,-32.7231,0.000,0.000,1,0,0,60.0000,1,0,73.000,60,0,3179659264
2366,31.130564057,16.406058,16.667122,16,10720.5698,369.7028,85.7500,6.5576,-0.0005,0.0004,-0.0006,0.0010,4,47.7503,-32.7231,0.000,0.000,1,0,0,60.0000,1,0,73.000,60,0,3179659264
2367,31.148264551,17.700494,16.667423,16,10720.5698,369.7028,85.7500,6.5576,-0.0005,0.0004,0.0000,0.0000,4,47.7503,-32.7231,0.000,0.000,1,0,0,60.0000,1,0,73.000,60,0,3179659264
2368,31.165450765,17.186214,16.667833,16,10720.5698,369.7028,85.7500,6.5576,-0.0005,0.0004,-0.0001,0.0002,4,47.7503,-32.7231,0.000,0.000,1,0,0,60.0000,1,0,73.000,60,0,3179659264
2369,31.177159193,11.708428,16.667792,16,10720.5698,369.7028,85.7500,6.5576,-0.0005,0.0004,-0.0003,0.0005,4,47.7503,-32.7231,0.000,0.000,1,0,0,60.0000,1,0,73.000,60,0,3179659264
2370,31.200009846,22.850653,16.667243,16,10720.5698,369.7029,85.7500,6.5576,0.0000,0.0002,-0.0005,0.0007,4,47.7503,-32.7231,0.000,0.000,1,0,0,60.0000,1,0,73.000,60,0,3179659264
2371,31.214521963,14.512117,16.667603,16,10720.5698,369.7029,85.7500,6.5576,0.0000,0.0002,-0.0005,0.0008,4,47.7504,-32.7231,0.000,0.000,1,0,0,60.0000,1,0,73.000,60,0,3179659264
2372,31.230869150,16.347187,16.667512,16,10720.5698,369.7029,85.7500,6.5576,0.0000,0.0002,0.0000,0.0000,4,47.7504,-32.7232,0.000,0.000,1,0,0,60.0000,1,0,73.000,60,0,3179659264
2373,31.248194926,17.325776,16.668953,16,10720.5698,369.7029,85.7500,6.5576,0.0000,0.0002,-0.0000,0.0001,4,47.7504,-32.7232,0.000,0.000,1,0,0,60.0000,1,0,73.000,60,0,3179667456
2374,31.265894911,17.699985,16.667733,17,10720.5698,369.7029,85.7500,6.5576,0.0000,0.0002,-0.0001,0.0001,4,47.7504,-32.7232,0.000,0.000,1,0,0,60.0000,1,0,73.000,60,0,3179671552
2375,31.278354454,12.459543,16.667462,17,10720.5698,369.7029,85.7500,6.5576,0.0000,0.0002,-0.0001,0.0002,4,47.7504,-32.7232,0.000,0.000,0,0,0,60.0000,1,1,73.000,60,1,3179675648
2376,31.294099448,15.744994,16.667133,17,10720.5698,369.7029,85.7500,6.5576,0.0000,0.0002,-0.0002,0.0002,4,47.7504,-32.7232,0.000,0.000,0,0,0,60.0000,1,1,73.000,60,1,3179732992
2377,31.312325073,18.225625,16.668103,17,10720.5698,369.7029,85.7500,6.5576,0.0000,0.0002,0.0000,0.0000,4,47.7504,-32.7232,0.000,0.000,0,0,0,60.0000,1,1,73.000,60,1,3179737088
2378,31.332901169,20.576096,16.668022,17,10720.5698,369.7029,85.7500,6.5576,0.0000,0.0002,-0.0000,0.0001,4,47.7504,-32.7232,0.000,0.000,0,0,0,60.0000,1,1,73.000,60,1,3179737088
2379,31.349584611,16.683442,16.668494,17,10720.5698,369.7029,85.7500,6.5576,0.0000,0.0002,-0.0001,0.0001,4,47.7504,-32.7232,0.000,0.000,0,0,0,60.0000,1,1,73.000,60,1,3179737088
2380,31.366139112,16.554501,16.733564,17,10720.5698,369.7029,85.7500,6.5576,0.0000,0.0002,-0.0001,0.0002,4,47.7504,-32.7232,0.000,0.000,0,0,0,60.0000,1,1,73.000,60,1,3179737088
2381,31.382815075,16.675963,16.668072,17,10720.5698,369.7029,85.7500,6.5576,0.0000,0.0002,-0.0002,0.0002,4,47.7504,-32.7232,0.000,0.000,0,0,0,60.0000,1,1,73.000,60,1,3179741184
2382,31.397632028,14.816953,16.668633,17,10720.5698,369.7029,85.7500,6.5576,0.0000,0.0002,0.0000,0.0000,4,47.7504,-32.7232,0.000,0.000,0,0,0,60.0000,1,1,73.000,60,1,3179749376
2383,31.414713600,17.081572,16.782455,17,10720.5698,369.7029,85.7500,6.5576,0.0000,0.0002,-0.0000,0.0001,4,47.7504,-32.7232,0.000,0.000,0,0,0,60.0000,1,1,73.000,60,1,3179753472
2384,31.431870473,17.156873,16.667864,17,10720.5698,369.7029,85.7500,6.5576,0.0000,0.0002,-0.0001,0.0001,4,47.7504,-32.7232,0.000,0.000,0,0,0,60.0000,1,1,73.000,60,1,3179753472
2385,31.449450225,17.579752,16.667742,17,10720.5698,369.7029,85.7500,6.5576,0.0000,0.0002,-0.0001,0.0002,4,47.7504,-32.7232,0.000,0.000,0,0,0,60.0000,1,1,73.000,60,1,3179757568
2386,31.465434973,15.984748,16.668663,17,10720.5698,369.7029,85.7500,6.5576,0.0000,0.0002,-0.0002,0.0002,4,47.7504,-32.7232,0.000,0.000,0,0,0,60.0000,1,1,73.000,60,1,3179757568
2387,31.481708378,16.273405,16.668613,17,10720.5698,369.7029,85.7500,6.5576,0.0000,0.0002,0.0000,0.0000,4,47.7504,-32.7232,0.000,0.000,0,0,0,60.0000,1,1,73.000,60,1,3179757568
2388,31.498688608,16.980230,16.667872,17,10720.5698,369.7029,85.7500,6.5576,0.0000,0.0002,-0.0000,0.0001,4,47.7504,-32.7232,0.000,0.000,0,0,0,60.0000,1,1,73.000,60,1,3179757568
2389,31.514171145,15.482537,16.668563,17,10720.5698,369.7029,85.7500,6.5576,0.0000,0.0002,-0.0001,0.0001,4,47.7504,-32.7232,0.000,0.000,0,0,0,60.0000,1,1,73.000,60,1,3179769856
2390,31.533436032,19.264887,16.668773,17,10720.5698,369.7029,85.7500,6.5576,0.0000,0.0002,-0.0001,0.0002,4,47.7504,-32.7232,0.000,0.000,0,0,0,60.0000,1,1,73.000,60,1,3179769856
2391,31.544990147,11.554115,16.724743,17,10720.5698,369.7029,85.7500,6.5576,0.0000,0.0002,-0.0002,0.0002,4,47.7504,-32.7232,0.000,0.000,0,0,0,60.0000,1,1,73.000,60,1,3179769856
2392,31.562859085,17.868938,16.669083,17,10720.5698,369.7029,85.7500,6.5576,0.0000,0.0002,0.0000,0.0000,4,47.7504,-32.7232,0.000,0.000,0,0,0,60.0000,1,1,73.000,60,1,3179769856
2393,31.581711425,18.852340,16.667463,17,10720.5698,369.7029,85.7500,6.5576,0.0000,0.0002,-0.0000,0.0001,4,47.7504,-32.7232,0.000,0.000,0,0,0,60.0000,1,1,73.000,60,1,3179769856
2394,31.600213216,18.501791,16.667553,17,10720.5698,369.7029,85.7500,6.5576,0.0000,0.0002,-0.0001,0.0001,4,47.7504,-32.7232,0.000,0.000,0,0,0,60.0000,1,1,73.000,60,1,3179769856
2395,31.611178848,10.965632,16.668793,17,10720.5698,369.7029,85.7500,6.5576,0.0000,0.0002,-0.0001,0.0002,4,47.7504,-32.7232,0.000,0.000,0,0,0,60.0000,1,1,73.000,60,1,3179769856
2396,31.632186172,21.007324,16.719634,17,10720.5698,369.7029,85.7500,6.5576,0.0000,0.0002,-0.0002,0.0002,4,47.7504,-32.7232,0.000,0.000,0,0,0,60.0000,1,1,73.000,60,1,3179769856
2397,31.648401365,16.215193,16.667762,17,10720.5698,369.7029,85.7500,6.5576,0.0000,0.0002,0.0000,0.0000,4,47.7504,-32.7232,0.000,0.000,0,0,0,60.0000,1,1,73.000,60,1,3179769856
2398,31.673485076,25.083711,16.668953,21,10720.5698,369.7029,85.7500,6.5576,0.0000,0.0002,-0.0000,0.0001,4,47.7504,-32.7232,0.000,0.000,0,0,0,60.0000,1,1,73.000,60,1,3179540480
2399,31.684463418,10.978342,17.188333,21,10720.7162,369.7197,85.7500,6.5576,-0.0001,-0.0002,8.5719,8.5719,4,47.7504,-32.7232,1.000,0.000,0,0,0,60.0000,1,1,73.000,60,1,3179540480
2400,31.695979353,11.515935,16.668333,21,10720.9952,369.7518,85.7500,6.5576,-0.0001,-0.0002,16.8468,16.8468,4,47.7495,-32.5078,1.000,0.000,0,0,0,60.0000,1,1,73.000,60,1,3179556864
2401,31.712868520,16.889167,16.668813,21,10721.4106,369.7995,85.7500,6.5576,-0.0001,-0.0002,25.0847,25.0846,4,47.7495,-32.0844,1.000,0.000,0,0,0,60.0000,1,1,73.000,60,1,3179556864
2402,31.730090524,17.222004,16.669263,21,10721.9618,369.8629,85.7500,6.5576,-0.0001,-0.0002,33.2857,33.2857,4,47.7495,-31.4539,1.000,0.000,0,0,0,60.0000,1,1,73.000,60,1,3179577344
2403,31.746358178,16.267654,16.668853,21,10722.6482,369.9418,85.7500,6.5576,-0.0001,-0.0002,41.4497,41.4497,4,47.7495,-30.6173,1.000,0.000,0,0,0,60.0000,1,1,73.000,60,1,3179581440
2404,31.765886862,19.528684,16.667272,21,10723.4691,370.0362,85.7500,6.5576,-0.0001,-0.0002,49.5763,49.5763,4,47.7495,-29.5757,1.000,0.000,0,0,0,60.0000,1,1,73.000,60,1,3179581440
2405,31.784453064,18.566202,16.668773,21,10724.4240,370.1459,85.7500,6.5576,-0.0001,-0.0002,57.6670,57.6670,4,47.7495,-28.3297,1.000,0.000,0,0,0,60.0000,1,1,73.000,60,1,3179597824
2406,31.801510325,17.057261,16.667773,21,10725.5123,370.2710,85.7500,6.5576,-0.0001,-0.0002,65.7209,65.7209,4,47.7495,-26.8804,1.000,0.000,0,0,0,60.0000,1,1,73.000,60,1,3179597824
2407,31.818666628,17.156303,16.668882,21,10726.7334,370.4114,85.7500,6.5576,-0.0000,-0.0001,73.7391,73.7391,4,47.7495,-25.2287,1.000,0.000,0,0,0,60.0000,1,1,73.000,60,1,3179597824
2408,31.833777618,15.110990,16.720144,21,10728.0912,370.5675,85.7500,6.5576,-0.0000,-0.0001,81.7457,81.7457,4,47.7498,-23.3697,1.000,0.000,0,0,0,60.0000,1,1,73.000,60,1,3179597824
2409,31.850248157,16.470539,16.668773,21,10729.5765,370.7382,85.7500,6.5576,-0.0000,-0.0001,89.6917,89.6917,4,47.7498,-21.3152,1.000,0.000,0,0,0,60.0000,1,1,73.000,60,1,3179597824
2410,31.867684136,17.435979,16.667282,21,10731.1926,370.9240,85.7500,6.5576,-0.0000,-0.0001,97.6014,97.6014,4,47.7498,-19.0612,1.000,0.000,0,0,0,60.0000,1,1,73.000,60,1,3179597824
2411,31.884253997,16.569861,16.667453,21,10732.9391,371.1248,85.7500,6.5576,-0.0000,-0.0001,105.4756,105.4756,4,47.7498,-16.6083,1.000,0.000,0,0,0,60.0000,1,1,73.000,60,1,3179597824
2412,31.895183108,10.929111,16.667674,21,10734.8154,371.3405,85.7500,6.5576,-0.0000,-0.0001,113.3145,113.3145,4,47.7498,-13.9576,1.000,0.000,0,0,0,60.0000,1,1,73.000,60,1,3179597824
2413,31.911208177,16.025069,16.667922,21,10736.8210,371.5710,85.7500,6.5576,-0.0000,-0.0001,121.1182,121.1182,4,47.7498,-11.1098,1.000,0.000,0,0,0,60.0000,1,1,73.000,60,1,3179597824
2414,31.932121650,20.913473,16.668083,21,10738.9552,371.8164,85.7500,6.5576,-0.0000,-0.0001,128.8870,128.8870,4,47.7498,-8.0659,1.000,0.000,0,0,0,60.0000,1,1,73.000,60,1,3179601920
2415,31.950822765,18.701115,16.668563,21,10741.2176,372.0764,85.7500,6.5576,0.0000,0.0000,136.6210,136.6210,4,47.7498,-4.8266,1.000,0.000,0,0,0,60.0000,1,1,73.000,60,1,3179601920
2416,31.966580509,15.757744,16.667082,21,10743.6072,372.3511,85.7500,6.5576,0.0000,0.0000,144.3196,144.3196,4,47.7500,-1.3933,1.000,0.000,0,0,0,60.0000,1,1,73.000,60,1,3179601920
2417,31.982856854,16.276345,16.667763,21,10746.1239,372.6404,85.7500,6.5576,0.0000,0.0000,151.9839,151.9839,4,47.7500,2.2336,1.000,0.000,0,0,0,60.0000,1,1,73.000,60,1,3179601920
2418,31.999894275,17.037421,16.667263,21,10748.7668,372.9443,85.7500,6.5576,0.0000,0.0000,159.6135,159.6135,4,47.7500,6.0531,1.000,0.000,0,0,0,60.0000,1,1,73.000,60,1,3179601920
2419,32.016028006,16.133731,16.667482,21,10751.5355,373.2625,85.7500,6.5576,0.0000,0.0000,167.2089,167.2089,4,47.7500,10.0643,1.000,0.000,0,0,0,60.0000,1,1,73.000,60,1,3179610112
2420,32.033118797,17.090791,16.668423,21,10754.4296,373.5952,85.7500,6.5576,0.0000,0.0000,174.7706,174.7706,4,47.7500,14.2667,1.000,0.000,0,0,0,60.0000,1,1,73.000,60,1,3179630592
2421,32.049679837,16.561040,16.667673,21,10757.4482,373.9422,85.7500,6.5576,0.0000,0.0000,182.2979,182.2979,4,47.7500,18.6589,1.000,0.000,0,0,0,60.0000,1,1,73.000,60,1,3179630592
2422,32.066255819,16.575982,16.668612,21,10760.5911,374.3035,85.7500,6.5576,0.0000,0.0000,189.7918,189.7918,4,47.7500,23.2405,1.000,0.000,0,0,0,60.0000,1,1,73.000,60,1,3179630592
2423,32.083663107,17.407288,16.667933,21,10763.8574,374.6790,85.7500,6.5576,0.0000,0.0000,197.2518,197.2518,4,47.7500,28.0103,1.000,0.000,0,0,0,60.0000,1,1,73.000,60,1,3179630592
2424,32.099836359,16.173252,16.668554,21,10767.2467,375.0686,85.7500,6.5576,0.0000,0.0000,204.6785,204.6785,4,47.7500,32.9677,1.000,0.000,0,0,0,60.0000,1,1,73.000,60,1,3179630592
2425,32.115611163,15.774804,16.667112,21,10770.7582,375.4723,85.7500,6.5576,0.0000,0.0000,212.0711,212.0711,4,47.7500,38.1114,1.000,0.000,0,0,0,60.0000,1,1,73.000,60,1,3179630592
2426,32.133042002,17.430839,16.667493,21,10774.3917,375.8900,85.7500,6.5576,0.0000,0.0000,219.4307,219.4307,4,47.7501,43.4409,1.000,0.000,0,0,0,60.0000,1,1,73.000,60,1,3179630592
2427,32.145137628,12.095626,16.667913,21,10778.1465,376.3216,85.7500,6.5576,0.0000,0.0000,226.7574,226.7574,4,47.7501,48.9556,1.000,0.000,0,0,0,60.0000,1,1,73.000,60,1,3179909120
2428,32.163606538,18.468910,16.667732,21,10782.0221,376.7671,85.7500,6.5576,0.0000,0.0000,234.0511,234.0511,4,47.7501,54.6543,1.000,0.000,0,0,0,60.0000,1,1,73.000,60,1,3179909120
2429,32.182639241,19.032703,16.667283,21,10786.0178,377.2264,85.7500,6.5576,0.0000,0.0000,241.3118,241.3118,4,47.7501,60.5362,1.000,0.000,0,0,0,60.0000,1,1,73.000,60,1,3179909120
2430,32.199804334,17.165093,16.668403,21,10790.1334,377.6995,85.7500,6.5576,0.0000,0.0000,248.5404,248.5404,4,47.7501,66.6009,1.000,0.000,0,0,0,60.0000,1,1,73.000,60,1,3179909120
2431,32.219185745,19.381411,16.668702,21,10794.3684,378.1864,85.7500,6.5576,0.0000,0.0000,255.7365,255.7365,4,47.7501,72.8474,1.000,0.000,0,0,0,60.0000,1,1,73.000,60,1,3179909120
2432,32.229000983,9.815238,16.668893,21,10798.7219,378.6868,85.7500,6.5576,0.0000,0.0000,262.9005,262.9005,4,47.7501,79.2748,1.000,0.000,0,0,0,60.0000,1,1,73.000,60,1,3179909120
2433,32.250977338,21.976355,16.667623,21,10803.1933,379.2008,85.7500,6.5576,0.0000,0.0000,270.0316,270.0316,4,47.7501,85.8818,1.000,0.000,0,0,0,60.0000,1,1,73.000,60,1,3179909120
2434,32.266849833,15.872495,16.668372,21,10807.7824,379.7284,85.7500,6.5576,0.0000,0.0000,277.1310,277.1310,4,47.7501,92.6684,1.000,0.000,0,0,0,60.0000,1,1,73.000,60,1,3179913216
2435,32.282341782,15.491949,16.667963,21,10812.4884,380.2694,85.7500,6.5576,0.0000,0.0000,284.1984,284.1984,4,47.7501,99.6331,1.000,0.000,0,0,0,60.0000,1,1,73.000,60,1,3179913216
2436,32.300699520,18.357738,16.667153,21,10817.3107,380.8237,85.7500,6.5576,0.0000,0.0000,291.2336,291.2336,4,47.7501,106.7752,1.000,0.000,0,0,0,60.0000,1,1,73.000,60,1,3179913216
2437,32.315868791,15.169271,16.668823,21,10822.2494,381.3914,85.7500,6.5576,0.0000,0.0000,298.2379,298.2379,4,47.7501,114.0947,1.000,0.000,0,0,0,60.0000,1,1,73.000,60,1,3179913216
2438,32.332143786,16.274995,16.667933,21,10827.3034,381.9724,85.7500,6.5576,0.0000,0.0000,305.2103,305.2103,4,47.7501,121.5899,1.000,0.000,0,0,0,60.0000,1,1,73.000,60,1,3179917312
2439,32.349725497,17.581711,16.668033,21,10832.4723,382.5666,85.7500,6.5576,0.0000,0.0000,312.1515,312.1515,4,47.7501,129.2604,1.000,0.000,0,0,0,60.0000,1,1,73.000,60,1,3179917312
2440,32.366196156,16.470659,16.668282,21,10837.7557,383.1739,85.7500,6.5576,0.0000,0.0000,319.0615,319.0615,4,47.7501,137.1055,1.000,0.000,0,0,0,60.0000,1,1,73.000,60,1,3179917312
2441,32.383233367,17.037211,16.668913,21,10843.1532,383.7944,85.7500,6.5576,0.0000,0.0000,325.9407,325.9407,4,47.7501,145.1245,1.000,0.000,0,0,0,60.0000,1,1,73.000,60,1,3179921408
2442,32.398967259,15.733892,16.667653,21,10848.6637,384.4279,85.7500,6.5576,0.0000,0.0000,332.7885,332.7885,4,47.7501,153.3158,1.000,0.000,0,0,0,60.0000,1,1,73.000,60,1,3179921408
2443,32.416020741,17.053482,16.668912,21,10854.2876,385.0744,85.7500,6.5576,0.0000,0.0000,339.6060,339.6060,4,47.7501,161.6798,1.000,0.000,0,0,0,60.0000,1,1,73.000,60,1,3179921408
2444,32.432313806,16.293065,16.667213,21,10860.0232,385.7337,85.7500,6.5576,0.0000,0.0000,346.3922,346.3922,4,47.7501,170.2143,1.000,0.000,0,0,0,60.0000,1,1,73.000,60,1,3179921408
2445,32.449589521,17.275715,16.667333,21,10865.8707,386.4059,85.7500,6.5576,0.0000,0.0000,353.1479,353.1479,4,47.7501,178.9194,1.000,0.000,0,0,0,60.0000,1,1,73.000,60,1,3179921408
2446,32.461736378,12.146857,16.668822,21,10871.8301,387.0910,85.7500,6.5576,0.0000,0.0000,359.8739,359.8739,4,47.7501,187.7950,1.000,0.000,0,0,0,60.0000,1,1,73.000,60,1,3179921408
2447,32.481653419,19.917041,16.668693,21,10877.9004,387.7888,85.7500,6.5576,0.0000,0.0000,366.5695,366.5696,4,47.7501,196.8396,1.000,0.000,0,0,0,60.0000,1,1,73.000,60,1,3179921408
2448,32.499680481,18.027062,16.668034,21,10884.0808,388.4992,85.7500,6.5576,0.0000,0.0000,373.2349,373.2349,4,47.7501,206.0522,1.000,0.000,0,0,0,60.0000,1,1,73.000,60,1,3179921408
2449,32.511677815,11.997334,16.668642,21,10890.3713,389.2224,85.7500,6.5576,0.0000,0.0000,379.8705,379.8704,4,47.7501,215.4326,1.000,0.000,0,0,0,60.0000,1,1,73.000,60,1,3180154880
2450,32.528474540,16.796725,16.667353,21,10896.7707,389.9580,85.7500,6.5576,0.0000,0.0000,386.4757,386.4757,4,47.7501,224.9790,1.000,0.000,0,0,0,60.0000,1,1,73.000,60,1,3180175360
2451,32.548835691,20.361151,16.668753,21,10903.2795,390.7062,85.7500,6.5576,0.0000,0.0000,393.0518,393.0518,4,47.7501,234.6923,1.000,0.000,0,0,0,60.0000,1,1,73.000,60,1,3180175360
2452,32.566087717,17.252026,16.667342,21,10909.8962,391.4668,85.7500,6.5576,0.0000,0.0000,399.5978,399.5978,4,47.7501,244.5700,1.000,0.000,0,0,0,60.0000,1,1,73.000,60,1,3180175360
2453,32.584251481,18.163764,16.668723,21,10916.6213,392.2399,85.7500,6.5576,0.0000,0.0000,406.1149,406.1149,4,47.7501,254.6130,1.000,0.000,0,0,0,60.0000,1,1,73.000,60,1,3180175360
2454,32.599910062,15.658581,16.668853,21,10923.4539,393.0254,85.7500,6.5576,0.0000,0.0000,412.6028,412.6028,4,47.7501,264.8199,1.000,0.000,0,0,0,60.0000,1,1,73.000,60,1,3180175360
2455,32.615887480,15.977418,16.668272,21,10930.3932,393.8231,85.7500,6.5576,0.0000,0.0000,419.0612,419.0612,4,47.7501,275.1895,1.000,0.000,0,0,0,60.0000,1,1,73.000,60,1,3180175360
2456,32.633211107,17.323627,16.668583,21,10937.4392,394.6330,85.7500,6.5576,0.0000,0.0000,425.4908,425.4908,4,47.7501,285.7216,1.000,0.000,0,0,0,60.0000,1,1,73.000,60,1,3180175360
2457,32.649771057,16.559950,16.668113,21,10944.5909,395.4552,85.7500,6.5576,0.0000,0.0000,431.8912,431.8912,4,47.7501,296.4150,1.000,0.000,0,0,0,60.0000,1,1,73.000,60,1,3180175360
2458,32.666168565,16.397508,16.667472,21,10951.8478,396.2894,85.7500,6.5576,0.0000,0.0000,438.2627,438.2627,4,47.7501,307.2688,1.000,0.000,0,0,0,60.0000,1,1,73.000,60,1,3180195840
2459,32.683435490,17.266925,16.668674,21,10959.2103,397.1357,85.7500,6.5576,0.0000,0.0000,444.6059,444.6059,4,47.7501,318.2835,1.000,0.000,0,0,0,60.0000,1,1,73.000,60,1,3180195840
2460,32.700210895,16.775405,16.668223,21,10966.6772,397.9941,85.7500,6.5576,0.0000,0.0000,450.9205,450.9205,4,47.7501,329.4574,1.000,0.000,0,0,0,60.0000,1,1,73.000,60,1,3180195840
2461,32.716597282,16.386387,16.667462,21,10974.2478,398.8644,85.7500,6.5576,0.0000,0.0000,457.2064,457.2064,4,47.7501,340.7895,1.000,0.000,0,0,0,60.0000,1,1,73.000,60,1,3180216320
2462,32.734000150,17.402868,16.668963,21,10981.9227,399.7466,85.7500,6.5576,0.0000,0.0000,463.4646,463.4646,4,47.7501,352.2805,1.000,0.000,0,0,0,60.0000,1,1,73.000,60,1,3180216320
2463,32.749662751,15.662601,16.668993,21,10989.7009,400.6408,85.7500,6.5576,0.0000,0.0000,469.6947,469.6947,4,47.7501,3.9289,1.000,0.000,0,0,0,60.0000,1,1,73.000,60,1,3180216320
2464,32.766243373,16.580622,16.667612,21,10997.5810,401.5466,85.7500,6.5576,0.0000,0.0000,475.8962,475.8963,4,47.7501,15.7329,1.000,0.000,0,0,0,60.0000,1,1,73.000,60,1,3180216320
2465,32.778416970,12.173597,16.669023,21,11005.5641,402.4643,85.7500,6.5576,0.0000,0.0000,482.0705,482.0705,4,47.7501,27.6937,1.000,0.000,0,0,0,60.0000,1,1,73.000,60,1,3180224512
2466,32.799014885,20.597915,16.668673,21,11013.6488,403.3937,85.7500,6.5576,0.0000,0.0000,488.2168,488.2168,4,47.7501,39.8095,1.000,0.000,0,0,0,60.0000,1,1,73.000,60,1,3180224512
2467,32.816185130,17.170245,16.667352,21,11021.8341,404.3346,85.7500,6.5576,0.0000,0.0000,494.3350,494.3350,4,47.7501,52.0787,1.000,0.000,0,0,0,60.0000,1,1,73.000,60,1,3180228608
2468,32.833028015,16.842885,16.667553,21,11030.1204,405.2872,85.7500,6.5576,-0.0000,-0.0001,500.4258,500.4258,4,47.7501,64.5019,1.000,0.000,0,0,0,60.0000,1,1,73.000,60,1,3180228608
2469,32.849613907,16.585892,16.667933,21,11038.5073,406.2513,85.7500,6.5576,-0.0000,-0.0001,506.4893,506.4894,4,47.7498,77.0784,1.000,0.000,0,0,0,60.0000,1,1,73.000,60,1,3180228608
2470,32.865157365,15.543458,16.668773,21,11046.9946,407.2270,85.7500,6.5576,-0.0000,-0.0001,512.5260,512.5260,4,47.7498,89.8079,1.000,0.000,0,0,0,60.0000,1,1,73.000,60,1,3180236800
2471,32.883147556,17.990191,16.667933,21,11055.5810,408.2140,85.7500,6.5576,-0.0000,-0.0001,518.5352,518.5352,4,47.7498,102.6886,1.000,0.000,0,0,0,60.0000,1,1,73.000,60,1,3180236800
2472,32.899209257,16.061701,16.668362,21,11064.2666,409.2125,85.7500,6.5576,-0.0000,-0.0001,524.5175,524.5175,4,47.7498,115.7205,1.000,0.000,0,0,0,60.0000,1,1,73.000,60,1,3180240896
2473,32.916331709,17.122452,16.667243,21,11073.0503,410.2222,85.7500,6.5576,-0.0000,-0.0001,530.4725,530.4725,4,47.7498,128.9020,1.000,0.000,0,0,0,60.0000,1,1,73.000,60,1,3180249088
2474,32.932992441,16.660732,16.667333,21,11081.9321,411.2432,85.7500,6.5576,-0.0000,-0.0001,536.4008,536.4008,4,47.7498,142.2331,1.000,0.000,0,0,0,60.0000,1,1,73.000,60,1,3180249088
2475,32.955214552,22.222111,16.667122,21,11090.9116,412.2754,85.7500,6.5576,-0.0000,-0.0001,542.3024,542.3024,4,47.7498,155.7131,1.000,0.000,0,0,0,60.0000,1,1,73.000,60,1,3180249088
2476,32.962238341,7.023789,16.667573,21,11099.9886,413.3189,85.7500,6.5576,-0.0000,-0.0001,548.1776,548.1776,4,47.7498,169.3418,1.000,0.000,0,0,0,60.0000,1,1,73.000,60,1,3180249088
2477,32.978661638,16.423297,16.668153,21,11109.1628,414.3735,85.7500,6.5576,-0.0000,-0.0001,554.0266,554.0266,4,47.7498,183.1185,1.000,0.000,0,0,0,60.0000,1,1,73.000,60,1,3180249088
2478,32.999005558,20.343920,16.667982,21,11118.4333,415.4392,85.7500,6.5576,-0.0000,-0.0001,559.8492,559.8492,4,47.7497,197.0422,1.000,0.000,0,0,0,60.0000,1,1,73.000,60,1,3180265472
2479,33.017116321,18.110763,16.668923,21,11127.8003,416.5160,85.7499,6.5576,-0.0000,-0.0001,565.6460,565.6460,4,47.7497,211.1129,1.000,0.000,0,0,0,60.0000,1,1,73.000,60,1,3180265472
2480,33.033019428,15.903107,16.668513,21,11137.2627,417.6037,85.7499,6.5576,-0.0000,-0.0001,571.4166,571.4166,4,47.7497,225.3290,1.000,0.000,0,0,0,60.0000,1,1,73.000,60,1,3180265472
2481,33.049041497,16.022069,16.668932,21,11146.8204,418.7024,85.7499,6.5576,-0.0000,-0.0001,577.1614,577.1614,4,47.7497,239.6905,1.000,0.000,0,0,0,60.0000,1,1,73.000,60,1,3180265472
2482,33.066060817,17.019320,16.667274,21,11156.4719,419.8119,85.7499,6.5576,0.0000,0.0000,582.8798,582.8798,4,47.7497,254.1950,1.000,0.000,0,0,0,60.0000,1,1,73.000,60,1,3180265472
2483,33.083665780,17.604963,16.668313,21,11166.2182,420.9323,85.7499,6.5576,0.0000,0.0000,588.5728,588.5728,4,47.7500,268.8440,1.000,0.000,0,0,0,60.0000,1,1,73.000,60,1,3180265472
2484,33.099041415,15.375635,16.668022,21,11176.0582,422.0634,85.7499,6.5576,0.0000,0.0000,594.2401,594.2401,4,47.7500,283.6359,1.000,0.000,0,0,0,60.0000,1,1,73.000,60,1,3180265472
2485,33.116208698,17.167283,16.668133,21,11185.9917,423.2053,85.7499,6.5576,0.0000,0.0000,599.8820,599.8820,4,47.7500,298.5703,1.000,0.000,0,0,0,60.0000,1,1,73.000,60,1,3180265472
2486,33.131859840,15.651142,16.668073,21,11196.0181,424.3579,85.7499,6.5576,0.0000,0.0000,605.4985,605.4985,4,47.7500,313.6465,1.000,0.000,0,0,0,60.0000,1,1,73.000,60,1,3180265472
2487,33.149653897,17.794057,16.668092,21,11206.1372,425.5212,85.7499,6.5576,0.0000,0.0000,611.0898,611.0898,4,47.7500,328.8638,1.000,0.000,0,0,0,60.0000,1,1,73.000,60,1,3180265472
2488,33.166996123,17.342226,16.667553,21,11216.3481,426.6949,85.7499,6.5576,0.0000,0.0000,616.6558,616.6558,4,47.7500,344.2211,1.000,0.000,0,0,0,60.0000,1,1,73.000,60,1,3180265472
2489,33.183231567,16.235444,16.667333,21,11226.6506,427.8793,85.7499,6.5576,0.0000,0.0000,622.1966,622.1966,4,47.7500,359.7181,1.000,0.000,0,0,0,60.0000,1,1,73.000,60,1,3180265472
2490,33.199444501,16.212934,16.669302,21,11237.0457,429.0742,85.7500,6.5576,0.0000,0.0000,627.7131,627.7132,4,47.7500,15.3562,1.000,0.000,0,0,0,60.0000,1,1,73.000,60,1,3180265472
2491,33.216729716,17.285215,16.668964,21,11247.5315,430.2796,85.7500,6.5576,0.0000,0.0000,633.2048,633.2048,4,47.7500,31.1326,1.000,0.000,0,0,0,60.0000,1,1,73.000,60,1,3180265472
2492,33.232902198,16.172482,16.668783,21,11258.1077,431.4954,85.7500,6.5576,0.0000,0.0000,638.6718,638.6718,4,47.7500,47.0469,1.000,0.000,0,0,0,60.0000,1,1,73.000,60,1,3180265472
2493,33.249377838,16.475640,16.668962,21,11268.7742,432.7216,85.7500,6.5576,0.0000,0.0000,644.1141,644.1142,4,47.7500,63.0988,1.000,0.000,0,0,0,60.0000,1,1,73.000,60,1,3180265472
2494,33.266859307,17.481469,16.668993,21,11279.5304,433.9581,85.7500,6.5576,0.0000,0.0000,649.5321,649.5321,4,47.7501,79.2874,1.000,0.000,0,0,0,60.0000,1,1,73.000,60,1,3180265472
2495,33.283379987,16.520680,16.668813,21,11290.3758,435.2048,85.7500,6.5576,0.0000,0.0000,654.9257,654.9257,4,47.7501,95.6121,1.000,0.000,0,0,0,60.0000,1,1,73.000,60,1,3180265472
2496,33.301735365,18.355378,16.668982,21,11294.7847,435.7116,85.7848,6.5576,-0.0000,-0.0105,-199.6524,199.8231,4,47.7501,112.0725,1.000,0.000,0,0,0,29.9019,2,1,73.000,60,1,3180265472
2497,33.312548194,10.812829,16.668523,21,11291.7914,435.3675,85.8991,6.5576,-0.0000,-0.0361,-181.3034,181.4287,4,47.7609,107.0547,1.000,0.000,0,0,0,29.9019,2,1,73.000,60,1,3181314048
2498,33.329791659,17.243465,16.668523,21,11289.1004,435.0582,85.9911,6.5576,-0.0000,-0.0535,-162.8712,162.9596,4,47.8171,102.4981,1.000,0.000,0,0,0,29.9019,2,1,73.000,60,1,3182362624
2499,33.346845920,17.054261,16.668352,21,11286.7139,434.7838,86.0626,6.5576,-0.0000,-0.0643,-144.3522,144.4112,4,47.8698,98.4048,1.000,0.000,0,0,0,29.9019,2,1,73.000,60,1,3183411200
2500,33.362871979,16.026059,16.669043,21,11284.6336,434.5447,86.1156,6.5576,-0.0000,-0.0699,-125.7426,125.7790,4,47.9168,94.7768,1.000,0.000,0,0,0,29.9019,2,1,73.000,60,1,3184459776
2501,33.378905808,16.033829,16.668124,21,11282.8617,434.3410,86.1519,6.5576,-0.0000,-0.0717,-107.0429,107.0625,4,47.9569,91.6166,1.000,0.000,0,0,0,29.9019,2,1,73.000,60,1,3185508352
2502,33.396318286,17.412478,16.668092,21,11281.3882,434.1716,86.1736,6.5576,-0.0000,-0.0706,-88.9641,88.9721,4,47.9893,88.9264,1.000,0.000,0,0,0,29.9019,2,1,73.000,60,1,3186556928
2503,33.416613547,20.295261,16.669183,21,11280.1629,434.0308,86.1826,6.5576,-0.0000,-0.0675,-73.9255,73.9268,4,48.0134,86.6904,1.000,0.000,0,0,0,29.9019,2,1,73.000,60,1,3186556928
2504,33.434096066,17.482519,16.668083,21,11279.1443,433.9137,86.1806,6.5576,-0.0000,-0.0629,-61.4194,61.4197,4,48.0295,84.8326,1.000,0.000,0,0,0,29.9019,2,1,73.000,60,1,3186556928
2505,33.448832938,14.736872,16.667892,21,11278.2976,433.8163,86.1697,6.5576,-0.0000,-0.0576,-51.0205,51.0254,4,48.0379,83.2890,1.000,0.000,0,0,0,29.9019,2,1,73.000,60,1,3186556928
2506,33.466460692,17.627754,16.667893,21,11277.5939,433.7354,86.1514,6.5576,-0.0000,-0.0517,-42.3751,42.3903,4,48.0391,82.0068,1.000,0.000,0,0,0,29.9019,2,1,73.000,60,1,3186556928
2507,33.484212387,17.751695,16.668053,21,11277.0312,433.6707,86.1274,6.5576,-0.0000,-0.0458,-33.8566,33.8883,4,48.0340,80.9418,1.000,0.000,0,0,0,29.9019,2,1,73.000,60,1,3186556928
2508,33.501410751,17.198364,16.667762,21,11276.6089,433.6222,86.0992,6.5576,-0.0000,-0.0400,-25.3782,25.4359,4,48.0235,80.0909,1.000,0.000,0,0,0,29.9019,2,1,73.000,60,1,3186556928
2509,33.517871439,16.460688,16.668433,21,11276.3264,433.5897,86.0680,6.5576,-0.0000,-0.0344,-16.9393,17.0433,4,48.0085,79.4531,1.000,0.000,0,0,0,29.9019,2,1,73.000,60,1,3186561024
2510,33.533400378,15.528939,16.668013,21,11276.1832,433.5733,86.0351,6.5576,-0.0000,-0.0292,-8.5402,8.7666,4,47.9900,79.0274,1.000,0.000,0,0,0,29.9019,2,1,73.000,60,1,3186561024
2511,33.549814035,16.413657,16.669093,21,11276.1786,433.5727,86.0014,6.5576,-0.0000,-0.0245,-0.1797,2.0285,4,47.9688,78.8128,1.000,0.000,0,0,0,29.9019,2,1,73.000,60,1,3186561024
2512,33.568288116,18.474081,16.667333,21,11276.3119,433.5881,85.9679,6.5576,-0.0000,-0.0202,8.1409,8.3856,4,47.9459,78.8082,1.000,0.000,0,0,0,29.9019,2,1,73.000,60,1,3186565120
2513,33.584547631,16.259515,16.669203,21,11276.5826,433.6192,85.9351,6.5576,-0.0000,-0.0165,16.4239,16.5404,4,47.9219,79.0129,1.000,0.000,0,0,0,29.9019,2,1,73.000,60,1,3186577408
2514,33.600369865,15.822234,16.668642,21,11276.9899,433.6660,85.9038,6.5576,-0.0000,-0.0132,24.6683,24.7394,4,47.8977,79.4256,1.000,0.000,0,0,0,29.9019,2,1,73.000,60,1,3186581504
2515,33.617862186,17.492321,16.667173,21,11277.5333,433.7285,85.8743,6.5576,-0.0000,-0.0104,32.8739,32.9211,4,47.8738,80.0456,1.000,0.000,0,0,0,29.9019,2,1,73.000,60,1,3186581504
2516,33.634039468,16.177282,16.667113,21,11278.2120,433.8065,85.8470,6.5576,-0.0000,-0.0080,41.0419,41.0743,4,47.8507,80.8717,1.000,0.000,0,0,0,29.9019,2,1,73.000,60,1,3186581504
2517,33.651994668,17.955200,16.667892,21,11279.0256,433.9000,85.8222,6.5576,-0.0000,-0.0060,49.1728,49.1953,4,47.8289,81.9031,1.000,0.000,0,0,0,29.9019,2,1,73.000,60,1,3186581504
2518,33.667734071,15.739403,16.692034,21,11279.9748,434.0091,85.7999,6.5576,-0.0000,-0.0044,57.2784,57.2938,4,47.8086,83.1407,1.000,0.000,0,0,0,29.9019,2,1,73.000,60,1,3186581504
2519,33.684574168,16.840097,16.667283,21,11281.0562,434.1334,85.7803,6.5576,-0.0000,-0.0030,65.3350,65.3455,4,47.7900,84.5802,1.000,0.000,0,0,0,29.9019,2,1,73.000,60,1,3186581504
2520,33.700562806,15.988638,16.668142,21,11282.2705,434.2730,85.7633,6.5576,-0.0000,-0.0020,73.3554,73.3624,4,47.7734,86.2222,1.000,0.000,0,0,0,29.9019,2,1,73.000,60,1,3186581504
2521,33.716871781,16.308975,16.672973,21,11283.6176,434.4279,85.7489,6.5576,-0.0000,-0.0011,81.3418,81.3464,4,47.7589,88.0663,1.000,0.000,0,0,0,29.9019,2,1,73.000,60,1,3186581504
2522,33.734188107,17.316326,16.668723,21,11285.0959,434.5978,85.7369,6.5576,-0.0000,-0.0005,89.2900,89.2928,4,47.7464,90.1106,1.000,0.000,0,0,0,29.9019,2,1,73.000,60,1,3186581504
2523,33.750349799,16.161692,16.668692,21,11286.7054,434.7828,85.7273,6.5576,-0.0000,0.0000,97.2022,97.2039,4,47.7359,92.3547,1.000,0.000,0,0,0,29.9019,2,1,73.000,60,1,3186581504
2524,33.766866069,16.516270,16.668243,21,11288.4453,434.9828,85.7197,6.5576,-0.0000,0.0004,105.0785,105.0795,4,47.7273,94.7976,1.000,0.000,0,0,0,29.9019,2,1,73.000,60,1,3186581504
2525,33.783427799,16.561730,16.668963,21,11290.3152,435.1978,85.7142,6.5576,-0.0000,0.0006,112.9197,112.9202,4,47.7206,97.4386,1.000,0.000,0,0,0,29.9019,2,1,73.000,60,1,3186581504
2526,33.801209576,17.781777,16.810215,21,11292.3323,435.4297,85.7103,6.5576,-0.0000,0.0008,120.7915,120.7917,4,47.7156,100.3007,1.000,0.000,0,0,0,29.9019,2,1,73.000,60,1,3186581504
2527,33.818195915,16.986339,16.667203,21,11294.4611,435.6744,85.7080,6.5576,-0.0000,0.0008,128.5611,128.5612,4,47.7120,103.3362,1.000,0.000,0,0,0,29.9019,2,1,73.000,60,1,3186581504
2528,33.833475298,15.279383,16.667284,21,11296.7179,435.9338,85.7070,6.5576,-0.0000,0.0009,136.2958,136.2958,4,47.7097,106.5670,1.000,0.000,0,0,0,29.9019,2,1,73.000,60,1,3186581504
2529,33.849963188,16.487890,16.667892,21,11299.1023,436.2079,85.7072,6.5576,-0.0000,0.0009,143.9959,143.9959,4,47.7091,109.9924,1.000,0.000,0,0,0,29.9019,2,1,73.000,60,1,3186581504
2530,33.867364116,17.400928,16.667833,21,11301.6136,436.4966,85.7083,6.5576,-0.0000,0.0009,151.6615,151.6615,4,47.7092,113.6112,1.000,0.000,0,0,0,29.9019,2,1,73.000,60,1,3186585600
2531,33.884257513,16.893397,16.668963,21,11304.2515,436.7998,85.7101,6.5576,-0.0000,0.0009,159.2930,159.2931,4,47.7103,117.4229,1.000,0.000,0,0,0,29.9019,2,1,73.000,60,1,3186585600
2532,33.900104759,15.847246,16.667192,21,11307.0149,437.1175,85.7125,6.5576,-0.0000,0.0007,166.8895,166.8896,4,47.7121,121.4260,1.000,0.000,0,0,0,29.9019,2,1,73.000,60,1,3186585600
2533,33.918362765,18.258006,16.667673,21,11309.9036,437.4496,85.7153,6.5576,-0.0000,0.0007,174.4521,174.4521,4,47.7142,125.6202,1.000,0.000,0,0,0,29.9019,2,1,73.000,60,1,3186585600
2534,33.934207970,15.845205,16.668523,21,11312.9172,437.7960,85.7185,6.5576,-0.0000,0.0006,181.9810,181.9811,4,47.7170,130.0046,1.000,0.000,0,0,0,29.9019,2,1,73.000,60,1,3186585600
2535,33.950628449,16.420479,16.667882,21,11316.0547,438.1567,85.7218,6.5576,-0.0000,0.0006,189.4759,189.4760,4,47.7198,134.5781,1.000,0.000,0,0,0,29.9019,2,1,73.000,60,1,3186585600
2536,33.968084408,17.455959,16.668943,21,11319.3160,438.5316,85.7252,6.5576,-0.0000,0.0004,196.9375,196.9376,4,47.7231,139.3402,1.000,0.000,0,0,0,29.9019,2,1,73.000,60,1,3186585600
2537,33.984545905,16.461497,16.667453,21,11322.7000,438.9206,85.7285,6.5576,-0.0000,0.0004,204.3650,204.3651,4,47.7262,144.2894,1.000,0.000,0,0,0,29.9019,2,1,73.000,60,1,3186585600
2538,34.001582386,17.036481,16.668973,21,11326.2067,439.3237,85.7318,6.5576,-0.0000,0.0003,211.7598,211.7599,4,47.7295,149.4258,1.000,0.000,0,0,0,29.9019,2,1,73.000,60,1,3186585600
2539,34.017974633,16.392247,16.667343,21,11329.8350,439.7408,85.7350,6.5576,-0.0000,0.0003,219.1206,219.1207,4,47.7325,154.7475,1.000,0.000,0,0,0,29.9019,2,1,73.000,60,1,3186589696
2540,34.029791834,11.817201,16.668553,21,11333.5849,440.1719,85.7379,6.5576,-0.0000,0.0002,226.4489,226.4490,4,47.7356,160.2545,1.000,0.000,0,0,0,29.9019,2,1,73.000,60,1,3186593792
2541,34.052135376,22.343542,16.668012,21,11337.4555,440.6168,85.7406,6.5576,-0.0000,0.0002,233.7441,233.7441,4,47.7383,165.9456,1.000,0.000,0,0,0,29.9019,2,1,73.000,60,1,3186593792
2542,34.067457040,15.321664,16.667213,21,11341.4461,441.0755,85.7431,6.5576,-0.0000,0.0002,241.0061,241.0061,4,47.7411,171.8197,1.000,0.000,0,0,0,29.9019,2,1,73.000,60,1,3186593792
2543,34.082951329,15.494289,16.667623,21,11345.5565,441.5481,85.7453,6.5576,-0.0000,0.0001,248.2356,248.2356,4,47.7435,177.8764,1.000,0.000,0,0,0,29.9019,2,1,73.000,60,1,3186593792
2544,34.099687543,16.736214,16.667322,21,11349.7861,442.0343,85.7472,6.5576,-0.0000,0.0001,255.4325,255.4326,4,47.7455,184.1148,1.000,0.000,0,0,0,29.9019,2,1,73.000,60,1,3186593792
2545,34.117042620,17.355077,16.667493,21,11354.1343,442.5341,85.7489,6.5576,-0.0000,0.0001,262.5972,262.5972,4,47.7474,190.5341,1.000,0.000,0,0,0,29.9019,2,1,73.000,60,1,3186593792
2546,34.134894168,17.851548,16.667883,21,11358.6007,443.0475,85.7503,6.5576,-0.0000,0.0001,269.7298,269.7298,4,47.7491,197.1335,1.000,0.000,0,0,0,29.9019,2,1,73.000,60,1,3186597888
2547,34.151525829,16.631661,16.667232,21,11363.1845,443.5745,85.7515,6.5576,-0.0000,0.0001,276.8301,276.8301,4,47.7505,203.9120,1.000,0.000,0,0,0,29.9019,2,1,73.000,60,1,3186597888
2548,34.168104671,16.578842,16.668343,21,11367.8857,444.1149,85.7524,6.5576,-0.0000,0.0001,283.8990,283.8990,4,47.7517,210.8694,1.000,0.000,0,0,0,29.9019,2,1,73.000,60,1,3186597888
2549,34.184259083,16.154412,16.668914,21,11372.7035,444.6687,85.7532,6.5576,-0.0000,-0.0000,290.9362,290.9362,4,47.7526,218.0046,1.000,0.000,0,0,0,29.9019,2,1,73.000,60,1,3186597888
2550,34.200046467,15.787384,16.667772,21,11377.6371,445.2359,85.7537,6.5576,-0.0000,-0.0000,297.9414,297.9415,4,47.7531,225.3163,1.000,0.000,0,0,0,29.9019,2,1,73.000,60,1,3186597888
2551,34.217080737,17.034270,16.668623,21,11382.6863,445.8163,85.7541,6.5576,-0.0000,-0.0000,304.9155,304.9155,4,47.7536,232.8043,1.000,0.000,0,0,0,29.9019,2,1,73.000,60,1,3186597888
2552,34.234411644,17.330907,16.668773,21,11387.8506,446.4100,85.7543,6.5576,-0.0000,-0.0000,311.8583,311.8583,4,47.7540,240.4677,1.000,0.000,0,0,0,29.9019,2,1,73.000,60,1,3186606080
2553,34.250680499,16.268855,16.667352,21,11393.1289,447.0167,85.7544,6.5576,-0.0000,-0.0000,318.7693,318.7693,4,47.7542,248.3050,1.000,0.000,0,0,0,29.9019,2,1,73.000,60,1,3186606080
2554,34.267023894,16.343395,16.668813,21,11398.5216,447.6366,85.7543,6.5576,-0.0000,-0.0000,325.6498,325.6498,4,47.7543,256.3166,1.000,0.000,0,0,0,29.9019,2,1,73.000,60,1,3186606080
2555,34.284265999,17.242105,16.667293,21,11404.0272,448.2695,85.7542,6.5576,-0.0000,-0.0000,332.4988,332.4988,4,47.7542,264.5004,1.000,0.000,0,0,0,29.9019,2,1,73.000,60,1,3186606080
2556,34.302002605,17.736606,16.668922,21,11409.6462,448.9155,85.7540,6.5576,-0.0000,-0.0000,339.3177,339.3177,4,47.7541,272.8571,1.000,0.000,0,0,0,29.9019,2,1,73.000,60,1,3186606080
2557,34.317225597,15.222992,16.667493,21,11415.3772,449.5743,85.7538,6.5576,-0.0000,-0.0000,346.1053,346.1053,4,47.7539,281.3845,1.000,0.000,0,0,0,29.9019,2,1,73.000,60,1,3186606080
2558,34.333903310,16.677713,16.667684,21,11421.2201,450.2460,85.7535,6.5576,-0.0000,-0.0000,352.8625,352.8624,4,47.7537,290.0826,1.000,0.000,0,0,0,29.9019,2,1,73.000,60,1,3186606080
2559,34.350031851,16.128541,16.667712,21,11427.1744,450.9304,85.7531,6.5576,-0.0000,-0.0000,359.5893,359.5893,4,47.7534,298.9504,1.000,0.000,0,0,0,29.9019,2,1,73.000,60,1,3186606080
2560,34.366684373,16.652522,16.668753,21,11433.2400,451.6277,85.7528,6.5576,-0.0000,-0.0000,366.2863,366.2862,4,47.7531,307.9879,1.000,0.000,0,0,0,29.9019,2,1,73.000,60,1,3186606080
2561,34.383617811,16.933438,16.667263,21,11439.4154,452.3376,85.7525,6.5576,-0.0000,-0.0000,372.9525,372.9525,4,47.7527,317.1930,1.000,0.000,0,0,0,29.9019,2,1,73.000,60,1,3186606080
2562,34.398744193,15.126382,16.667832,21,11445.7010,453.0601,85.7521,6.5576,-0.0000,-0.0000,379.5891,379.5891,4,47.7524,326.5658,1.000,0.000,0,0,0,29.9019,2,1,73.000,60,1,3186606080
2563,34.419000081,20.255888,16.668063,21,11452.0960,453.7953,85.7518,6.5576,-0.0000,-0.0000,386.1959,386.1959,4,47.7520,336.1056,1.000,0.000,0,0,0,29.9019,2,1,73.000,60,1,3186606080
2564,34.434985399,15.985318,16.667113,21,11458.5996,454.5429,85.7515,6.5576,-0.0000,-0.0000,392.7726,392.7726,4,47.7517,345.8109,1.000,0.000,0,0,0,29.9019,2,1,73.000,60,1,3186606080
2565,34.450391985,15.406586,16.668162,21,11465.2119,455.3030,85.7512,6.5576,-0.0000,-0.0000,399.3202,399.3202,4,47.7514,355.6820,1.000,0.000,0,0,0,29.9019,2,1,73.000,60,1,3186606080
2566,34.466607508,16.215523,16.668153,21,11471.9323,456.0756,85.7509,6.5576,-0.0000,-0.0000,405.8383,405.8383,4,47.7511,5.7177,1.000,0.000,0,0,0,29.9019,2,1,73.000,60,1,3186606080
2567,34.485109520,18.502012,16.668403,21,11478.7601,456.8605,85.7507,6.5576,-0.0000,-0.0000,412.3272,412.3272,4,47.7508,15.9174,1.000,0.000,0,0,0,29.9019,2,1,73.000,60,1,3186606080
2568,34.501098568,15.989048,16.667043,21,11485.6944,457.6576,85.7504,6.5576,-0.0000,-0.0000,418.7865,418.7865,4,47.7506,26.2793,1.000,0.000,0,0,0,29.9019,2,1,73.000,60,1,3186606080
2569,34.517428774,16.330206,16.668933,21,11492.7359,458.4670,85.7502,6.5576,-0.0000,-0.0000,425.2174,425.2174,4,47.7504,36.8047,1.000,0.000,0,0,0,29.9019,2,1,73.000,60,1,3186606080
2570,34.534676619,17.247845,16.668273,21,11499.8832,459.2887,85.7501,6.5576,-0.0000,-0.0000,431.6192,431.6192,4,47.7502,47.4913,1.000,0.000,0,0,0,29.9019,2,1,73.000,60,1,3186606080
2571,34.546313585,11.636966,16.668912,21,11507.1363,460.1224,85.7499,6.5576,-0.0000,-0.0000,437.9924,437.9924,4,47.7500,58.3393,1.000,0.000,0,0,0,29.9019,2,1,73.000,60,1,3186606080
2572,34.564109432,17.795847,16.667823,21,11514.4940,460.9682,85.7498,6.5576,-0.0000,-0.0000,444.3366,444.3366,4,47.7499,69.3467,1.000,0.000,0,0,0,29.9019,2,1,73.000,60,1,3186606080
2573,34.582983132,18.873700,16.668063,21,11521.9563,461.8261,85.7497,6.5576,-0.0000,-0.0000,450.6524,450.6524,4,47.7497,80.5137,1.000,0.000,0,0,0,29.9019,2,1,73.000,60,1,3186606080
2574,34.601305039,18.321907,16.668562,21,11529.5230,462.6959,85.7497,6.5576,-0.0000,-0.0000,456.9399,456.9399,4,47.7496,91.8397,1.000,0.000,0,0,0,29.9019,2,1,73.000,60,1,3186606080
2575,34.617413850,16.108811,16.667553,21,11537.1929,463.5776,85.7496,6.5576,-0.0000,-0.0000,463.1988,463.1988,4,47.7496,103.3231,1.000,0.000,0,0,0,29.9019,2,1,73.000,60,1,3186606080
2576,34.633590642,16.176792,16.668843,21,11544.9666,464.4712,85.7496,6.5576,-0.0000,-0.0000,469.4300,469.4300,4,47.7495,114.9647,1.000,0.000,0,0,0,29.9019,2,1,73.000,60,1,3186610176
2577,34.649417117,15.826475,16.668772,21,11552.8429,465.3766,85.7495,6.5576,-0.0000,-0.0000,475.6332,475.6332,4,47.7495,126.7628,1.000,0.000,0,0,0,29.9019,2,1,73.000,60,1,3186610176
2578,34.666153552,16.736435,16.667114,21,11560.8207,466.2937,85.7495,6.5576,-0.0000,-0.0000,481.8080,481.8079,4,47.7495,138.7157,1.000,0.000,0,0,0,29.9019,2,1,73.000,60,1,3186610176
2579,34.683993929,17.840377,16.667352,21,11568.9004,467.2225,85.7495,6.5576,-0.0000,-0.0000,487.9550,487.9550,4,47.7495,150.8239,1.000,0.000,0,0,0,29.9019,2,1,73.000,60,1,3186610176
2580,34.700036409,16.042480,16.667983,21,11577.0818,468.1630,85.7495,6.5576,-0.0000,-0.0000,494.0746,494.0746,4,47.7495,163.0870,1.000,0.000,0,0,0,29.9019,2,1,73.000,60,1,3186610176
2581,34.715894945,15.858536,16.667403,21,11585.3637,469.1151,85.7496,6.5576,-0.0000,-0.0000,500.1665,500.1665,4,47.7495,175.5035,1.000,0.000,0,0,0,29.9019,2,1,73.000,60,1,3186610176
2582,34.733863255,17.968310,16.667802,21,11593.7463,470.0787,85.7496,6.5576,-0.0000,-0.0000,506.2312,506.2312,4,47.7495,188.0734,1.000,0.000,0,0,0,29.9019,2,1,73.000,60,1,3186614272
2583,34.750785792,16.922537,16.668253,21,11602.2290,471.0538,85.7496,6.5576,-0.0000,-0.0000,512.2688,512.2688,4,47.7495,200.7961,1.000,0.000,0,0,0,29.9019,2,1,73.000,60,1,3186614272
2584,34.767614319,16.828527,16.669023,21,11610.8117,472.0404,85.7497,6.5576,-0.0000,-0.0000,518.2795,518.2795,4,47.7495,213.6711,1.000,0.000,0,0,0,29.9019,2,1,73.000,60,1,3186618368
2585,34.784018246,16.403927,16.669022,21,11619.4935,473.0384,85.7497,6.5576,-0.0000,0.0001,524.2631,524.2631,4,47.7496,226.6971,1.000,0.000,0,0,0,29.9019,2,1,73.000,60,1,3186622464
2586,34.799227548,15.209302,16.668803,21,11628.2738,474.0478,85.7497,6.5576,-0.0000,0.0001,530.2198,530.2198,4,47.7498,239.8734,1.000,0.000,0,0,0,29.9019,2,1,73.000,60,1,3186626560
2587,34.816465763,17.238215,16.668094,21,11637.1519,475.0684,85.7498,6.5576,-0.0000,0.0001,536.1495,536.1495,4,47.7499,253.1988,1.000,0.000,0,0,0,29.9019,2,1,73.000,60,1,3186630656
2588,34.834763090,18.297327,16.667832,21,11646.1276,476.1002,85.7498,6.5576,-0.0000,0.0001,542.0524,542.0524,4,47.7499,266.6731,1.000,0.000,0,0,0,29.9019,2,1,73.000,60,1,3186630656
2589,34.849680395,14.917305,16.668933,21,11655.2013,477.1432,85.7498,6.5576,-0.0000,0.0001,547.9291,547.9291,4,47.7499,280.2965,1.000,0.000,0,0,0,29.9019,2,1,73.000,60,1,3186630656
2590,34.866427960,16.747565,16.667323,21,11664.3709,478.1973,85.7499,6.5576,-0.0000,0.0001,553.7789,553.7789,4,47.7500,294.0664,1.000,0.000,0,0,0,29.9019,2,1,73.000,60,1,3186630656
2591,34.884156636,17.728676,16.667142,21,11673.6369,479.2625,85.7499,6.5576,-0.0000,0.0001,559.6024,559.6024,4,47.7500,307.9831,1.000,0.000,0,0,0,29.9019,2,1,73.000,60,1,3186630656
2592,34.897112260,12.955624,16.667773,21,11682.9992,480.3387,85.7499,6.5576,-0.0000,0.0001,565.3998,565.3998,4,47.7501,322.0467,1.000,0.000,0,0,0,29.9019,2,1,73.000,60,1,3186647040
2593,34.917671924,20.559664,16.667393,21,11692.4568,481.4259,85.7500,6.5576,-0.0000,0.0001,571.1711,571.1711,4,47.7501,336.2557,1.000,0.000,0,0,0,29.9019,2,1,73.000,60,1,3186647040
2594,34.933724324,16.052400,16.668022,21,11702.0100,482.5241,85.7500,6.5576,-0.0000,0.0001,576.9166,576.9166,4,47.7501,350.6102,1.000,0.000,0,0,0,29.9019,2,1,73.000,60,1,3186647040
2595,34.946719149,12.994825,16.668283,21,11711.6580,483.6332,85.7500,6.5576,-0.0000,0.0001,582.6365,582.6364,4,47.7502,5.1094,1.000,0.000,0,0,0,29.9019,2,1,73.000,60,1,3186647040
2596,34.965768832,19.049683,16.668134,21,11721.4002,484.7531,85.7500,6.5576,-0.0000,0.0001,588.3305,588.3305,4,47.7502,19.7522,1.000,0.000,0,0,0,29.9019,2,1,73.000,60,1,3186647040
2597,34.984162142,18.393310,16.668612,21,11731.2366,485.8839,85.7501,6.5576,-0.0000,0.0001,593.9991,593.9991,4,47.7502,34.5385,1.000,0.000,0,0,0,29.9019,2,1,73.000,60,1,3186647040
2598,35.000252843,16.090701,16.667703,21,11741.1658,487.0253,85.7501,6.5576,-0.0000,0.0001,599.6419,599.6419,4,47.7502,49.4665,1.000,0.000,0,0,0,29.9019,2,1,73.000,60,1,3186647040
2599,35.016617029,16.364186,16.669133,21,11751.1890,488.1775,85.7501,6.5576,-0.0000,0.0001,605.2599,605.2599,4,47.7502,64.5375,1.000,0.000,0,0,0,29.9019,2,1,73.000,60,1,3186655232
2600,35.034090929,17.473900,16.668702,21,11761.3045,489.3403,85.7501,6.5576,-0.0000,0.0001,610.8524,610.8524,4,47.7503,79.7494,1.000,0.000,0,0,0,29.9019,2,1,73.000,60,1,3186688000
2601,35.053589801,19.498872,16.667903,21,11771.5117,490.5137,85.7501,6.5576,-0.0000,0.0001,616.4195,616.4195,4,47.7503,95.1011,1.000,0.000,0,0,0,29.9019,2,1,73.000,60,1,3186688000
2602,35.067873963,14.284162,16.667263,21,11781.8103,491.6975,85.7501,6.5576,0.0000,-0.0000,621.9614,621.9614,4,47.7503,110.5921,1.000,0.000,0,0,0,29.9019,2,1,73.000,60,1,3186688000
2603,35.084313642,16.439679,16.668882,21,11792.2012,492.8920,85.7501,6.5576,0.0000,-0.0000,627.4789,627.4789,4,47.7500,126.2239,1.000,0.000,0,0,0,29.9019,2,1,73.000,60,1,3186688000
2604,35.099980333,15.666691,16.667983,21,11802.6825,494.0969,85.7501,6.5576,0.0000,-0.0000,632.9713,632.9713,4,47.7500,141.9935,1.000,0.000,0,0,0,29.9019,2,1,73.000,60,1,3186704384
2605,35.117298670,17.318337,16.668294,21,11813.2546,495.3122,85.7501,6.5576,0.0000,-0.0000,638.4391,638.4392,4,47.7500,157.9015,1.000,0.000,0,0,0,29.9019,2,1,73.000,60,1,3186704384
2606,35.133425771,16.127101,16.668392,21,11823.9169,496.5379,85.7501,6.5576,0.0000,-0.0000,643.8824,643.8824,4,47.7500,173.9469,1.000,0.000,0,0,0,29.9019,2,1,73.000,60,1,3186716672
2607,35.151535844,18.110073,16.668123,21,11834.6687,497.7739,85.7501,6.5576,0.0000,-0.0000,649.3012,649.3012,4,47.7500,190.1289,1.000,0.000,0,0,0,29.9019,2,1,73.000,60,1,3186716672
2608,35.167459391,15.923547,16.669313,21,11845.5106,499.0202,85.7501,6.5576,0.0000,-0.0000,654.6959,654.6959,4,47.7500,206.4483,1.000,0.000,0,0,0,29.9019,2,1,73.000,60,1,3186716672
2609,35.184104744,16.645353,16.668052,21,11856.4406,500.2767,85.7501,6.5576,0.0000,-0.0000,660.0660,660.0660,4,47.7500,222.9020,1.000,0.000,0,0,0,29.9019,2,1,73.000,60,1,3186716672
2610,35.199731674,15.626930,16.667953,21,11867.4591,501.5433,85.7501,6.5576,0.0000,-0.0000,665.4119,665.4120,4,47.7500,239.4905,1.000,0.000,0,0,0,29.9019,2,1,73.000,60,1,3186716672
2611,35.217514391,17.782717,16.667453,21,11878.5654,502.8200,85.7500,6.5576,0.0000,-0.0000,670.7337,670.7337,4,47.7500,256.2130,1.000,0.000,0,0,0,29.9019,2,1,73.000,60,1,3186716672
2612,35.233760744,16.246353,16.667552,21,11889.7595,504.1068,85.7500,6.5576,0.0000,-0.0000,676.0316,676.0315,4,47.7500,273.0692,1.000,0.000,0,0,0,29.9019,2,1,73.000,60,1,3186716672
2613,35.250782885,17.022141,16.668103,21,11901.0413,505.4037,85.7500,6.5576,0.0000,-0.0000,681.3057,681.3057,4,47.7499,290.0592,1.000,0.000,0,0,0,29.9019,2,1,73.000,60,1,3186720768
2614,35.266186801,15.403916,16.667264,21,11912.4094,506.7106,85.7500,6.5576,0.0000,-0.0000,686.5560,686.5560,4,47.7499,307.1808,1.000,0.000,0,0,0,29.9019,2,1,73.000,60,1,3186724864
2615,35.284320535,18.133734,16.668072,21,11923.8646,508.0274,85.7500,6.5576,0.0000,-0.0000,691.7828,691.7829,4,47.7499,324.4352,1.000,0.000,0,0,0,29.9019,2,1,73.000,60,1,3186724864
2616,35.302031029,17.710494,16.668863,21,11935.4066,509.3542,85.7500,6.5576,0.0000,-0.0000,696.9865,696.9865,4,47.7499,341.8218,1.000,0.000,0,0,0,29.9019,2,1,73.000,60,1,3186724864
2617,35.318152161,16.121132,16.668863,21,11947.0343,510.6909,85.7500,6.5576,0.0000,-0.0000,702.1667,702.1667,4,47.7499,359.3392,1.000,0.000,0,0,0,29.9019,2,1,73.000,60,1,3186728960
2618,35.333354613,15.202452,16.668302,21,11958.7471,512.0373,85.7500,6.5576,0.0000,-0.0000,707.3235,707.3235,4,47.7499,16.9862,1.000,0.000,0,0,0,29.9019,2,1,73.000,60,1,3186728960
2619,35.350504876,17.150263,16.667643,21,11970.5444,513.3935,85.7500,6.5576,0.0000,-0.0000,712.4568,712.4569,4,47.7499,34.7621,1.000,0.000,0,0,0,29.9019,2,1,73.000,60,1,3186728960
2620,35.367578817,17.073941,16.667503,21,11982.4262,514.7593,85.7499,6.5576,0.0000,-0.0000,717.5671,717.5671,4,47.7499,52.6668,1.000,0.000,0,0,0,29.9019,2,1,73.000,60,1,3186728960
2621,35.384478015,16.899198,16.667882,21,11994.3925,516.1349,85.7499,6.5576,0.0000,-0.0000,722.6545,722.6546,4,47.7499,70.7004,1.000,0.000,0,0,0,29.9019,2,1,73.000,60,1,3185352704
2622,35.401951184,17.473169,16.667403,21,12006.4423,517.5201,85.7499,6.5576,0.0000,-0.0000,727.7189,727.7190,4,47.7499,88.8613,1.000,0.000,0,0,0,29.9019,2,1,73.000,60,1,3183583232
2623,35.413968338,12.017154,16.668174,21,12018.5762,518.9149,85.7499,6.5576,0.0000,-0.0000,732.7609,732.7609,4,47.7498,107.1504,1.000,0.000,0,0,0,29.9019,2,1,73.000,60,1,3183595520
2624,35.431347947,17.379609,16.668412,21,12030.7934,520.3194,85.7499,6.5576,0.0000,-0.0000,737.7802,737.7801,4,47.7498,125.5664,1.000,0.000,0,0,0,29.9019,2,1,73.000,60,1,3182546944
2625,35.447210373,15.862426,16.667973,21,12043.0929,521.7333,85.7499,6.5576,0.0000,-0.0000,742.7767,742.7767,4,47.7498,144.1080,1.000,0.000,0,0,0,29.9019,2,1,73.000,60,1,3177926656
2626,35.464514779,17.304406,16.668333,21,12055.4752,523.1567,85.7499,6.5576,0.0000,-0.0000,747.7510,747.7510,4,47.7498,162.7757,1.000,0.000,0,0,0,29.9019,2,1,73.000,60,1,3177938944
2627,35.481797494,17.282715,16.667342,21,12067.9386,524.5894,85.7499,6.5576,0.0000,-0.0000,752.7025,752.7025,4,47.7498,181.5672,1.000,0.000,0,0,0,29.9019,2,1,73.000,60,1,3177943040
2628,35.497469986,15.672492,16.667403,21,12080.4838,526.0315,85.7499,6.5576,0.0000,-0.0000,757.6319,757.6319,4,47.7498,200.4833,1.000,0.000,0,0,0,29.9019,2,1,73.000,60,1,3177943040
2629,35.515900776,18.430790,16.667413,21,12093.1102,527.4830,85.7499,6.5576,0.0000,-0.0000,762.5391,762.5391,4,47.7498,219.5232,1.000,0.000,0,0,0,29.9019,2,1,73.000,60,1,3177943040
2630,35.531826443,15.925667,16.667152,21,12105.8172,528.9437,85.7499,6.5576,0.0000,-0.0000,767.4241,767.4241,4,47.7498,238.6862,1.000,0.000,0,0,0,29.9019,2,1,73.000,60,1,3177943040
2631,35.547791081,15.964638,16.667443,21,12118.6051,530.4137,85.7499,6.5576,0.0000,-0.0000,772.2873,772.2873,4,47.7498,257.9722,1.000,0.000,0,0,0,29.9019,2,1,73.000,60,1,3177943040
2632,35.565173789,17.382708,16.668344,21,12131.4738,531.8931,85.7499,6.5576,0.0000,0.0001,777.1288,777.1288,4,47.7498,277.3815,1.000,0.000,0,0,0,29.9019,2,1,73.000,60,1,3177943040
2633,35.581693559,16.519770,16.667802,21,12144.4219,533.3815,85.7499,6.5576,0.0000,0.0001,781.9484,781.9484,4,47.7501,296.9119,1.000,0.000,0,0,0,29.9019,2,1,73.000,60,1,3177943040
2634,35.600417455,18.723896,16.668783,21,12157.4502,534.8792,85.7499,6.5576,0.0000,0.0001,786.7467,786.7467,4,47.7501,316.5645,1.000,0.000,0,0,0,29.9019,2,1,73.000,60,1,3177943040
2635,35.616641738,16.224283,16.667443,21,12170.5565,536.3858,85.7499,6.5576,0.0000,0.0001,791.5230,791.5230,4,47.7501,336.3362,1.000,0.000,0,0,0,29.9019,2,1,73.000,60,1,3177943040
2636,35.632553795,15.912057,16.704573,21,12183.7712,537.9049,85.7500,6.5576,0.0000,0.0001,796.2883,796.2884,4,47.7501,356.2722,1.000,0.000,0,0,0,29.9019,2,1,73.000,60,1,3177943040
2637,35.652734682,20.180887,16.667513,18,12188.8956,538.4940,85.7934,6.5576,0.0000,-0.0131,-242.1844,242.3863,4,47.7501,16.2837,0.000,0.000,1,0,0,0.0000,3,1,73.000,60,1,3177947136
2638,35.665444861,12.710179,16.669503,18,12185.1957,538.0687,85.9305,6.5576,0.0000,-0.0438,-224.0684,224.2129,4,47.7637,10.1967,0.000,0.000,1,0,0,0.0000,3,1,73.000,60,0,3177947136
2639,35.681824378,16.379517,16.669322,18,12181.7943,537.6777,86.0408,6.5576,0.0000,-0.0646,-205.8380,205.9372,4,47.8311,4.5650,0.000,0.000,1,0,0,0.0000,3,1,73.000,60,0,3178995712
2640,35.698278766,16.454388,16.669233,18,12178.6940,537.3213,86.1268,6.5576,0.0000,-0.0775,-187.4913,187.5554,4,47.8943,-0.6085,0.000,0.000,1,0,0,0.0000,3,1,73.000,60,0,3180044288
2641,35.717058523,18.779757,16.667813,18,12175.8975,536.9998,86.1905,6.5576,0.0000,-0.0843,-169.0281,169.0659,4,47.9510,-5.3204,0.000,0.000,1,0,0,0.0000,3,1,73.000,60,0,3182141440
2642,35.733962761,16.904238,16.668442,18,12173.4070,536.7135,86.2345,6.5576,0.0000,-0.0864,-150.4457,150.4650,4,47.9994,-9.5685,0.000,0.000,1,0,0,0.0000,3,1,73.000,60,0,3183190016
2643,35.751237467,17.274706,16.668034,18,12171.2250,536.4627,86.2609,6.5576,0.0000,-0.0850,-131.7465,131.7538,4,48.0386,-13.3494,0.000,0.000,1,0,0,0.0000,3,1,73.000,60,0,3183190016
2644,35.767423050,16.185583,16.668003,18,12169.3536,536.2476,86.2720,6.5576,0.0000,-0.0812,-112.9330,112.9341,4,48.0681,-16.6605,0.000,0.000,1,0,0,0.0000,3,1,73.000,60,0,3183190016
2645,35.783313276,15.890226,16.667812,18,12167.7949,536.0684,86.2702,6.5576,0.0000,-0.0757,-94.0192,94.0195,4,48.0880,-19.4986,0.000,0.000,1,0,0,0.0000,3,1,73.000,60,0,3183190016
2646,35.798489197,15.175921,16.668363,18,12166.4991,535.9194,86.2575,6.5576,0.0000,-0.0692,-78.1113,78.1160,4,48.0985,-21.8615,0.000,0.000,1,0,0,0.0000,3,1,73.000,60,0,3183214592
2647,35.816209751,17.720554,16.668743,18,12165.4222,535.7956,86.2359,6.5576,0.0000,-0.0622,-64.8861,64.9005,4,48.1005,-23.8247,0.000,0.000,1,0,0,0.0000,3,1,73.000,60,0,3183218688
2648,35.832441676,16.231925,16.667332,18,12164.5273,535.6928,86.2074,6.5576,0.0000,-0.0550,-53.8940,53.9228,4,48.0949,-25.4553,0.000,0.000,1,0,0,0.0000,3,1,73.000,60,0,3183222784
2649,35.850661971,18.220295,16.667403,18,12163.7837,535.6073,86.1737,6.5576,0.0000,-0.0480,-44.7584,44.8057,4,48.0826,-26.8097,0.000,0.000,1,0,0,0.0000,3,1,73.000,60,0,3183243264
2650,35.868715193,18.053222,16.667123,18,12163.1659,535.5363,86.1364,6.5576,0.0000,-0.0413,-37.1671,37.2360,4,48.0648,-27.9345,0.000,0.000,1,0,0,0.0000,3,1,73.000,60,0,3183251456
2651,35.883982616,15.267423,16.667982,18,12162.6527,535.4773,86.0969,6.5576,0.0000,-0.0351,-30.8596,30.9519,4,48.0427,-28.8686,0.000,0.000,1,0,0,0.0000,3,1,73.000,60,0,3183251456
2652,35.901100648,17.118032,16.668243,18,12162.2265,535.4283,86.0564,6.5576,0.0000,-0.0294,-25.6199,25.7359,4,48.0173,-29.6442,0.000,0.000,1,0,0,0.0000,3,1,73.000,60,0,3183255552
2653,35.918039537,16.938889,16.668084,18,12161.8725,535.3876,86.0160,6.5576,0.0000,-0.0243,-21.2680,21.4067,4,47.9898,-30.2881,0.000,0.000,1,0,0,0.0000,3,1,73.000,60,0,3183255552
2654,35.935735022,17.695485,16.667082,18,12161.5786,535.3538,85.9766,6.5576,0.0000,-0.0198,-17.6543,17.8131,4,47.9609,-30.8225,0.000,0.000,1,0,0,0.0000,3,1,73.000,60,0,3183255552
2655,35.951728060,15.993038,16.668933,18,12161.3346,535.3257,85.9388,6.5576,0.0000,-0.0158,-14.6534,14.8285,4,47.9317,-31.2662,0.000,0.000,1,0,0,0.0000,3,1,73.000,60,0,3183255552
2656,35.964824277,13.096217,16.668803,18,12161.1320,535.3025,85.9032,6.5576,0.0000,-0.0125,-12.1622,12.3487,4,47.9028,-31.6345,0.000,0.000,1,0,0,0.0000,3,1,73.000,60,0,3183255552
2657,35.980985139,16.160862,16.777844,18,12160.9630,535.2830,85.8700,6.5576,0.0000,-0.0096,-10.0808,10.2732,4,47.8749,-31.9422,0.000,0.000,1,0,0,0.0000,3,1,73.000,60,0,3183255552
2658,36.000644586,19.659447,16.668874,18,12160.8236,535.2670,85.8399,6.5576,0.0000,-0.0072,-8.3668,8.5591,4,47.8482,-32.1956,0.000,0.000,1,0,0,0.0000,3,1,73.000,60,0,3183284224
2659,36.018742219,18.097633,16.668003,18,12160.7079,535.2537,85.8130,6.5576,0.0000,-0.0052,-6.9444,7.1306,4,47.8236,-32.4058,0.000,0.000,1,0,0,0.0000,3,1,73.000,60,0,3183288320
2660,36.034554144,15.811925,16.667202,18,12160.6119,535.2427,85.7892,6.5576,0.0000,-0.0036,-5.7641,5.9387,4,47.8011,-32.5803,0.000,0.000,1,0,0,0.0000,3,1,73.000,60,0,3183304704
2661,36.050609633,16.055489,16.667653,18,12160.5322,535.2335,85.7685,6.5576,0.0000,-0.0023,-4.7848,4.9428,4,47.7810,-32.7252,0.000,0.000,1,0,0,0.0000,3,1,73.000,60,0,3183304704
2662,36.066956849,16.347216,16.667843,18,12160.4661,535.2259,85.7509,6.5576,0.0000,-0.0013,-3.9722,4.1099,4,47.7632,-32.8454,0.000,0.000,1,0,0,0.0000,3,1,73.000,60,0,3183304704
2663,36.083960029,17.003180,16.667532,18,12160.4112,535.2196,85.7363,6.5576,0.0000,-0.0005,-3.2979,3.4129,4,47.7479,-32.9453,0.000,0.000,1,0,0,0.0000,3,1,73.000,60,0,3183304704
2664,36.099630581,15.670552,16.668173,18,12160.3657,535.2144,85.7244,6.5576,0.0000,0.0000,-2.7385,2.8295,4,47.7350,-33.0282,0.000,0.000,1,0,0,0.0000,3,1,73.000,60,0,3183304704
2665,36.116903766,17.273185,16.668273,18,12160.3279,535.2100,85.7151,6.5576,-0.0000,0.0005,-2.2743,2.3417,4,47.7245,-33.0970,0.000,0.000,1,0,0,0.0000,3,1,73.000,60,0,3183321088
2666,36.133041708,16.137942,16.667112,18,12160.2965,535.2064,85.7082,6.5576,0.0000,0.0007,-1.8892,1.9347,4,47.7162,-33.1541,0.000,0.000,1,0,0,0.0000,3,1,73.000,60,0,3183321088
2667,36.150313073,17.271365,16.669054,18,12160.2704,535.2034,85.7033,6.5576,0.0000,0.0009,-1.5696,1.5963,4,47.7099,-33.2016,0.000,0.000,1,0,0,0.0000,3,1,73.000,60,0,3183321088
2668,36.167542348,17.229275,16.667993,18,12160.2488,535.2009,85.7003,6.5576,0.0000,0.0010,-1.3043,1.3166,4,47.7054,-33.2411,0.000,0.000,1,0,0,0.0000,3,1,73.000,60,0,3183321088
2669,36.183952025,16.409677,16.668852,18,12160.2308,535.1989,85.6989,6.5576,0.0000,0.0010,-1.0841,1.0873,4,47.7027,-33.2738,0.000,0.000,1,0,0,0.0000,3,1,73.000,60,0,3183321088
2670,36.200195509,16.243484,16.668603,18,12160.2159,535.1972,85.6989,6.5576,0.0000,0.0010,-0.9013,0.9013,4,47.7013,-33.3011,0.000,0.000,1,0,0,0.0000,3,1,73.000,60,0,3183321088
2671,36.215179726,14.984217,16.668143,18,12160.2035,535.1957,85.7000,6.5576,0.0000,0.0010,-0.7495,0.7525,4,47.7012,-33.3237,0.000,0.000,1,0,0,0.0000,3,1,73.000,60,0,3183325184
2672,36.234713580,19.533854,16.668092,18,12160.1932,535.1945,85.7020,6.5576,0.0000,0.0010,-0.6234,0.6353,4,47.7024,-33.3426,0.000,0.000,1,0,0,0.0000,3,1,73.000,60,0,3183329280
2673,36.251491565,16.777985,16.668683,18,12160.1847,535.1936,85.7048,6.5576,-0.0000,0.0009,-0.5187,0.5444,4,47.7044,-33.3582,0.000,0.000,1,0,0,0.0000,3,1,73.000,60,0,3183353856
2674,36.268386652,16.895087,16.668813,18,12160.1775,535.1927,85.7081,6.5576,-0.0000,0.0009,0.0000,0.0000,4,47.7068,-33.3713,0.000,0.000,1,0,0,0.0000,3,1,73.000,60,0,3183353856
2675,36.284669017,16.282365,16.667263,18,12160.1776,535.1927,85.7090,6.5576,-0.0000,0.0008,-0.0003,0.0557,4,47.7101,-33.3713,0.000,0.000,1,0,0,0.0000,3,1,73.000,60,0,3183378432
2676,36.300779438,16.110421,16.667133,18,12160.1776,535.1927,85.7107,6.5576,-0.0000,0.0008,-0.0005,0.1008,4,47.7108,-33.3713,0.000,0.000,1,0,0,0.0000,3,1,73.000,60,0,3183390720
2677,36.317552333,16.772895,16.668163,18,12160.1776,535.1927,85.7130,6.5576,-0.0000,0.0007,-0.0008,0.1361,4,47.7125,-33.3713,0.000,0.000,1,0,0,0.0000,3,1,73.000,60,0,3183394816
2678,36.333752336,16.200003,16.668772,18,12160.1776,535.1927,85.7157,6.5576,-0.0000,0.0007,-0.0011,0.1624,4,47.7145,-33.3713,0.000,0.000,1,0,0,0.0000,3,1,73.000,60,0,3183411200
2679,36.347032107,13.279771,16.668953,18,12160.1776,535.1927,85.7187,6.5576,-0.0000,0.0005,0.0000,0.0000,4,47.7172,-33.3713,0.000,0.000,1,0,0,0.0000,3,1,73.000,60,0,3183415296
2680,36.363388483,16.356376,16.668593,18,12160.1776,535.1927,85.7194,6.5576,-0.0000,0.0005,-0.0002,0.0416,4,47.7199,-33.3713,0.000,0.000,1,0,0,0.0000,3,1,73.000,60,0,3183423488
2681,36.381225350,17.836867,16.668012,18,12160.1776,535.1927,85.7206,6.5576,-0.0000,0.0005,-0.0003,0.0753,4,47.7206,-33.3713,0.000,0.000,1,0,0,0.0000,3,1,73.000,60,0,3183460352
2682,36.401869998,20.644648,16.667893,18,12160.1776,535.1927,85.7223,6.5576,-0.0000,0.0005,-0.0005,0.1017,4,47.7218,-33.3714,0.000,0.000,1,0,0,0.0000,3,1,73.000,60,0,3183497216
2683,36.413700018,11.830020,16.668573,18,12160.1776,535.1927,85.7244,6.5576,0.0000,0.0004,-0.0007,0.1213,4,47.7235,-33.3714,0.000,0.000,1,0,0,0.0000,3,1,73.000,60,0,3183497216
2684,36.429826869,16.126851,16.668613,18,12160.1776,535.1927,85.7266,6.5576,0.0000,0.0004,0.0000,0.0000,4,47.7253,-33.3714,0.000,0.000,1,0,0,0.0000,3,1,73.000,60,0,3183505408
2685,36.446737847,16.910978,16.667383,18,12160.1776,535.1927,85.7271,6.5576,0.0000,0.0004,-0.0001,0.0311,4,47.7275,-33.3714,0.000,0.000,1,0,0,0.0000,3,1,73.000,60,0,3183525888
2686,36.467185890,20.448043,16.667282,18,12160.1776,535.1927,85.7281,6.5576,0.0000,0.0004,-0.0003,0.0563,4,47.7280,-33.3714,0.000,0.000,1,0,0,0.0000,3,1,73.000,60,0,3183525888
2687,36.483284320,16.098430,16.667783,18,12160.1776,535.1927,85.7293,6.5576,0.0000,0.0003,-0.0004,0.0760,4,47.7290,-33.3714,0.000,0.000,1,0,0,0.0000,3,1,73.000,60,0,3183525888
2688,36.498718958,15.434638,16.668283,18,12160.1776,535.1927,85.7308,6.5576,0.0000,0.0003,-0.0005,0.0906,4,47.7300,-33.3714,0.000,0.000,1,0,0,0.0000,3,1,73.000,60,0,3183546368
2689,36.515282338,16.563380,16.669072,18,12160.1776,535.1927,85.7325,6.5576,0.0000,0.0003,0.0000,0.0000,4,47.7315,-33.3714,0.000,0.000,1,0,0,0.0000,3,1,73.000,60,0,3183546368
2690,36.534036655,18.754317,16.746545,18,12160.1776,535.1927,85.7329,6.5576,0.0000,0.0003,-0.0001,0.0234,4,47.7332,-33.3714,0.000,0.000,1,0,0,0.0000,3,1,73.000,60,0,3183546368
2691,36.551060255,17.023600,16.667563,18,12160.1776,535.1927,85.7336,6.5576,0.0000,0.0003,-0.0002,0.0421,4,47.7336,-33.3714,0.000,0.000,1,0,0,0.0000,3,1,73.000,60,0,3183546368
2692,36.568016554,16.956299,16.668123,18,12160.1776,535.1928,85.7346,6.5576,0.0000,0.0002,-0.0003,0.0568,4,47.7343,-33.3714,0.000,0.000,1,0,0,0.0000,3,1,73.000,60,0,3183546368
2693,36.584501223,16.484669,16.667692,18,12160.1776,535.1928,85.7357,6.5576,0.0000,0.0002,-0.0004,0.0678,4,47.7350,-33.3714,0.000,0.000,1,0,0,0.0000,3,1,73.000,60,0,3183546368
2694,36.600742297,16.241074,16.668804,18,12160.1776,535.1928,85.7369,6.5576,0.0000,0.0002,0.0000,0.0000,4,47.7361,-33.3714,0.000,0.000,1,0,0,0.0000,3,1,73.000,60,0,3183546368
2695,36.612961725,12.219428,16.667173,18,12160.1776,535.1928,85.7372,6.5576,0.0000,0.0002,-0.0000,0.0174,4,47.7373,-33.3714,0.000,0.000,1,0,0,0.0000,3,1,73.000,60,0,3183554560
2696,36.629558167,16.596442,16.668892,18,12160.1776,535.1928,85.7378,6.5576,0.0000,0.0002,-0.0001,0.0314,4,47.7376,-33.3714,0.000,0.000,1,0,0,0.0000,3,1,73.000,60,0,3183554560
2697,36.649692683,20.134516,16.668903,18,12160.1776,535.1928,85.7385,6.5576,0.0000,0.0002,-0.0002,0.0424,4,47.7382,-33.3715,0.000,0.000,1,0,0,0.0000,3,1,73.000,60,0,3183554560
2698,36.666419116,16.726433,16.667273,18,12160.1776,535.1928,85.7393,6.5576,0.0000,0.0002,-0.0002,0.0506,4,47.7389,-33.3715,0.000,0.000,1,0,0,0.0000,3,1,73.000,60,0,3183554560
2699,36.683462547,17.043431,16.667652,18,12160.1776,535.1928,85.7402,6.5576,-0.0000,0.0001,0.0000,0.0000,4,47.7397,-33.3715,0.000,0.000,1,0,0,0.0000,3,1,73.000,60,0,3183554560
2700,36.700984009,17.521462,16.667713,18,12160.1776,535.1928,85.7405,6.5576,-0.0000,0.0001,-0.0000,0.0130,4,47.7404,-33.3715,0.000,0.000,1,0,0,0.0000,3,1,73.000,60,0,3183558656
2701,36.717644841,16.660832,16.667212,18,12160.1776,535.1928,85.7409,6.5576,-0.0000,0.0001,-0.0000,0.0235,4,47.7406,-33.3715,0.000,0.000,1,0,0,0.0000,3,1,73.000,60,0,3183558656
2702,36.734715533,17.070692,16.668123,18,12160.1776,535.1928,85.7414,6.5576,-0.0000,0.0001,-0.0001,0.0317,4,47.7410,-33.3715,0.000,0.000,1,0,0,0.0000,3,1,73.000,60,0,3183558656
2703,36.751150770,16.435237,16.667994,18,12160.1776,535.1928,85.7420,6.5576,-0.0000,0.0001,-0.0001,0.0378,4,47.7415,-33.3715,0.000,0.000,1,0,0,0.0000,3,1,73.000,60,0,3183558656
2704,36.767694641,16.543871,16.668492,18,12160.1776,535.1928,85.7427,6.5576,-0.0000,0.0001,0.0000,0.0000,4,47.7422,-33.3715,0.000,0.000,1,0,0,0.0000,3,1,73.000,60,0,3183558656
2705,36.784634769,16.940128,16.667333,18,12160.1776,535.1928,85.7429,6.5576,-0.0000,0.0001,-0.0000,0.0097,4,47.7429,-33.3715,0.000,0.000,1,0,0,0.0000,3,1,73.000,60,0,3183575040
2706,36.800435063,15.800294,16.668133,18,12160.1776,535.1928,85.7432,6.5576,-0.0000,0.0001,-0.0000,0.0175,4,47.7430,-33.3715,0.000,0.000,1,0,0,0.0000,3,1,73.000,60,0,3183579136
2707,36.816704848,16.269785,16.668032,18,12160.1776,535.1928,85.7436,6.5576,-0.0000,0.0001,-0.0001,0.0237,4,47.7433,-33.3715,0.000,0.000,1,0,0,0.0000,3,1,73.000,60,0,3183583232
2708,36.834292980,17.588132,16.667223,18,12160.1776,535.1928,85.7440,6.5576,-0.0000,0.0001,-0.0001,0.0282,4,47.7437,-33.3715,0.000,0.000,1,0,0,0.0000,3,1,73.000,60,0,3183587328
2709,36.846108620,11.815640,16.668843,18,12160.1776,535.1928,85.7446,6.5576,-0.0000,0.0001,0.0000,0.0000,4,47.7442,-33.3715,0.000,0.000,1,0,0,0.0000,3,1,73.000,60,0,3183599616
2710,36.865019450,18.910830,16.667332,18,12160.1776,535.1928,85.7447,6.5576,-0.0000,0.0001,-0.0000,0.0072,4,47.7447,-33.3715,0.000,0.000,1,0,0,0.0000,3,1,73.000,60,0,3183599616
2711,36.883044112,18.024662,16.667103,18,12160.1776,535.1928,85.7449,6.5576,-0.0000,0.0001,-0.0000,0.0131,4,47.7448,-33.3715,0.000,0.000,1,0,0,0.0000,3,1,73.000,60,0,3183599616
2712,36.899997541,16.953429,16.668364,18,12160.1776,535.1928,85.7452,6.5576,-0.0000,0.0001,-0.0001,0.0177,4,47.7451,-33.3715,0.000,0.000,1,0,0,0.0000,3,1,73.000,60,0,3183599616
2713,36.916753066,16.755525,16.668552,18,12160.1776,535.1928,85.7455,6.5576,-0.0000,0.0001,-0.0001,0.0211,4,47.7454,-33.3715,0.000,0.000,1,0,0,0.0000,3,1,73.000,60,0,3183616000
2714,36.933196053,16.442987,16.667523,18,12160.1776,535.1928,85.7459,6.5576,-0.0000,0.0001,0.0000,0.0000,4,47.7457,-33.3715,0.000,0.000,1,0,0,0.0000,3,1,73.000,60,0,3183616000
2715,36.949473777,16.277724,16.684003,18,12160.1776,535.1928,85.7459,6.5576,-0.0000,0.0001,-0.0000,0.0054,4,47.7461,-33.3715,0.000,0.000,1,0,0,0.0000,3,1,73.000,60,0,3183616000
2716,36.962959573,13.485796,16.667733,18,12160.1776,535.1928,85.7462,6.5576,-0.0000,0.0001,-0.0000,0.0099,4,47.7461,-33.3715,0.000,0.000,1,0,0,0.0000,3,1,73.000,60,0,3183616000
2717,36.979868721,16.909148,16.668643,18,12160.1776,535.1928,85.7464,6.5576,-0.0000,0.0001,-0.0001,0.0133,4,47.7463,-33.3715,0.000,0.000,1,0,0,0.0000,3,1,73.000,60,0,3183620096
2718,36.998055946,18.187225,16.673563,18,12160.1776,535.1928,85.7467,6.5576,-0.0000,0.0001,-0.0001,0.0158,4,47.7466,-33.3715,0.000,0.000,1,0,0,0.0000,3,1,73.000,60,0,3183620096
2719,37.017749233,19.693287,16.668752,18,12160.1776,535.1928,85.7470,6.5576,-0.0000,0.0001,0.0000,0.0000,4,47.7468,-33.3715,0.000,0.000,1,0,0,0.0000,3,1,73.000,60,0,3183624192
2720,37.034740643,16.991410,16.668583,18,12160.1776,535.1928,85.7470,6.5576,-0.0000,0.0001,-0.0000,0.0040,4,47.7471,-33.3715,0.000,0.000,1,0,0,0.0000,3,1,73.000,60,0,3183624192
2721,37.051465596,16.724953,16.668243,18,12160.1776,535.1928,85.7472,6.5576,0.0000,-0.0000,-0.0000,0.0074,4,47.7471,-33.3715,0.000,0.000,1,0,0,0.0000,3,1,73.000,60,0,3183636480
2722,37.069175501,17.709905,16.668782,18,12160.1776,535.1928,85.7473,6.5576,0.0000,-0.0000,-0.0000,0.0099,4,47.7471,-33.3715,0.000,0.000,1,0,0,0.0000,3,1,73.000,60,0,3183636480
2723,37.080342308,11.166807,16.668654,18,12160.1776,535.1928,85.7475,6.5576,0.0000,-0.0000,-0.0000,0.0118,4,47.7472,-33.3715,0.000,0.000,1,0,0,0.0000,3,1,73.000,60,0,3183636480
2724,37.097446089,17.103781,16.667533,18,12160.1776,535.1928,85.7477,6.5576,0.0000,-0.0000,0.0000,0.0000,4,47.7474,-33.3715,0.000,0.000,1,0,0,0.0000,3,1,73.000,60,0,3183636480
2725,37.116330689,18.884600,16.667422,18,12160.1776,535.1928,85.7477,6.5576,0.0000,-0.0000,0.0000,0.0030,4,47.7477,-33.3715,0.000,0.000,1,0,0,0.0000,3,1,73.000,60,0,3183636480
2726,37.136230941,19.900252,16.667233,18,12160.1776,535.1928,85.7479,6.5576,0.0000,-0.0000,0.0000,0.0055,4,47.7477,-33.3715,0.000,0.000,1,0,0,0.0000,3,1,73.000,60,0,3183661056
2727,37.151583225,15.352284,16.668463,19,12160.1776,535.1928,85.7480,6.5576,0.0000,-0.0000,0.0000,0.0074,4,47.7478,-33.3715,0.000,0.000,1,0,0,0.0000,3,1,0.000,60,0,3183689728
2728,37.172180092,20.596867,16.668912,19,12160.1776,535.1928,85.7482,6.5576,0.0000,-0.0000,0.0000,0.0088,4,47.7479,-33.3715,0.000,0.000,1,0,0,0.0000,3,1,0.000,60,0,3183710208
2729,37.184399290,12.219198,16.669113,19,12160.1776,535.1928,85.7483,6.5576,0.0000,-0.0000,0.0000,0.0000,4,47.7481,-33.3715,0.000,0.000,1,0,0,0.0000,3,1,0.000,60,0,3183804416
2730,37.201178515,16.779225,16.668113,19,12160.1776,535.1928,85.7483,6.5576,0.0000,-0.0000,0.0000,0.0022,4,47.7482,-33.3715,0.000,0.000,1,0,0,0.0000,3,1,0.000,60,0,3183812608
2731,37.217714145,16.535630,16.669463,19,12160.1776,535.1928,85.7484,6.5576,0.0000,-0.0000,0.0000,0.0041,4,47.7482,-33.3715,0.000,0.000,1,0,0,0.0000,3,1,0.000,60,0,3183816704
2732,37.233414927,15.700782,16.666893,19,12160.1776,535.1928,85.7484,6.5576,0.0000,-0.0000,0.0000,0.0055,4,47.7483,-33.3715,0.000,0.000,1,0,0,0.0000,3,1,0.000,60,0,3183816704
2733,37.249623240,16.208313,16.668723,19,12160.1776,535.1928,85.7486,6.5576,0.0000,-0.0000,0.0000,0.0067,4,47.7483,-33.3715,0.000,0.000,1,0,0,0.0000,3,1,0.000,60,0,3183816704
2734,37.266295064,16.671824,16.668752,19,12160.1776,535.1928,85.7487,6.5576,0.0000,-0.0000,0.0000,0.0000,4,47.7485,-33.3715,0.000,0.000,1,0,0,0.0000,3,1,0.000,60,0,3183833088
2735,37.283146880,16.851816,16.668693,19,12160.1776,535.1928,85.7487,6.5576,0.0000,-0.0000,0.0000,0.0017,4,47.7487,-33.3715,0.000,0.000,1,0,0,0.0000,3,1,0.000,60,0,3183833088
2736,37.299467525,16.320645,16.667763,19,12160.1776,535.1928,85.7487,6.5576,0.0000,-0.0000,0.0000,0.0030,4,47.7487,-33.3715,0.000,0.000,1,0,0,0.0000,3,1,0.000,60,0,3183841280
2737,37.317596449,18.128924,16.667992,19,12160.1776,535.1928,85.7489,6.5576,0.0000,-0.0000,0.0000,0.0042,4,47.7487,-33.3715,0.000,0.000,1,0,0,0.0000,3,1,0.000,60,0,3183857664
2738,37.333659709,16.063260,16.667674,19,12160.1776,535.1928,85.7489,6.5576,0.0000,-0.0000,0.0000,0.0050,4,47.7488,-33.3715,0.000,0.000,1,0,0,0.0000,3,1,0.000,60,0,3183857664
2739,37.349800851,16.141142,16.668753,19,12160.1776,535.1928,85.7491,6.5576,0.0000,-0.0000,0.0000,0.0000,4,47.7488,-33.3715,0.000,0.000,1,0,0,0.0000,3,1,0.000,60,0,3183857664
2740,37.367215640,17.414789,16.668492,19,12160.1776,535.1928,85.7491,6.5576,0.0000,-0.0000,0.0000,0.0012,4,47.7490,-33.3715,0.000,0.000,1,0,0,0.0000,3,1,0.000,60,0,3183857664
2741,37.384002185,16.786545,16.668563,19,12160.1776,535.1928,85.7491,6.5576,0.0000,-0.0000,0.0000,0.0023,4,47.7490,-33.3715,0.000,0.000,1,0,0,0.0000,3,1,0.000,60,0,3183857664
2742,37.399835741,15.833556,16.667703,19,12160.1776,535.1928,85.7492,6.5576,0.0000,-0.0000,0.0000,0.0031,4,47.7490,-33.3715,0.000,0.000,1,0,0,0.0000,3,1,0.000,60,0,3183857664
2743,37.415347418,15.511677,16.667732,19,12160.1776,535.1928,85.7492,6.5576,0.0000,-0.0000,0.0000,0.0037,4,47.7491,-33.3715,0.000,0.000,1,0,0,0.0000,3,1,0.000,60,0,3183857664
2744,37.431711644,16.364226,16.668573,19,12160.1776,535.1928,85.7493,6.5576,0.0000,-0.0000,0.0000,0.0000,4,47.7491,-33.3715,0.000,0.000,1,0,0,0.0000,3,1,0.000,60,0,3183857664
2745,37.449489361,17.777717,16.668304,19,12160.1776,535.1928,85.7493,6.5576,0.0000,-0.0000,0.0000,0.0009,4,47.7492,-33.3715,0.000,0.000,1,0,0,0.0000,3,1,0.000,60,0,3183857664
2746,37.466464800,16.975439,16.668932,19,12160.1776,535.1928,85.7493,6.5576,0.0000,-0.0000,0.0000,0.0017,4,47.7492,-33.3715,0.000,0.000,1,0,0,0.0000,3,1,0.000,60,0,3184553984
2747,37.479534587,13.069787,16.667183,19,12160.1776,535.1928,85.7493,6.5576,0.0000,-0.0000,0.0000,0.0023,4,47.7492,-33.3715,0.000,0.000,1,0,0,0.0000,3,1,0.000,60,0,3184562176
2748,37.498816355,19.281768,16.668253,19,12160.1776,535.1928,85.7494,6.5576,0.0000,-0.0000,0.0000,0.0028,4,47.7492,-33.3715,0.000,0.000,1,0,0,0.0000,3,1,0.000,60,0,3184562176
2749,37.516153682,17.337327,16.667162,19,12160.1776,535.1928,85.7494,6.5576,0.0000,-0.0000,0.0000,0.0000,4,47.7494,-33.3715,0.000,0.000,1,0,0,0.0000,3,1,0.000,60,0,3184562176
2750,37.531776522,15.622840,16.667593,19,12160.1776,535.1928,85.7494,6.5576,0.0000,-0.0000,0.0000,0.0007,4,47.7494,-33.3715,0.000,0.000,1,0,0,0.0000,3,1,0.000,60,0,3184570368
2751,37.548348323,16.571801,16.667043,19,12160.1776,535.1928,85.7494,6.5576,0.0000,-0.0000,0.0000,0.0014,4,47.7494,-33.3715,0.000,0.000,1,0,0,0.0000,3,1,0.000,60,0,3184570368
2752,37.568237525,19.889202,16.667722,19,12160.1776,535.1928,85.7496,6.5576,0.0000,-0.0000,0.0000,0.0019,4,47.7494,-33.3715,0.000,0.000,1,0,0,0.0000,3,1,0.000,60,0,3184582656
2753,37.580084045,11.846520,16.668934,19,12160.1776,535.1928,85.7496,6.5576,0.0000,-0.0000,0.0000,0.0021,4,47.7495,-33.3715,0.000,0.000,1,0,0,0.0000,3,1,0.000,60,0,3184582656
2754,37.599541407,19.457362,16.668273,19,12160.1776,535.1928,85.7496,6.5576,0.0000,-0.0000,0.0000,0.0000,4,47.7495,-33.3715,0.000,0.000,1,0,0,0.0000,3,1,0.000,60,0,3184590848
2755,37.616183929,16.642522,16.667362,19,12160.1776,535.1928,85.7496,6.5576,0.0000,-0.0000,0.0000,0.0006,4,47.7495,-33.3715,0.000,0.000,1,0,0,0.0000,3,1,0.000,60,0,3184603136
2756,37.632211379,16.027450,16.668643,19,12160.1776,535.1928,85.7497,6.5576,0.0000,-0.0000,0.0000,0.0011,4,47.7495,-33.3715,0.000,0.000,1,0,0,0.0000,3,1,0.000,60,0,3184607232
2757,37.651403785,19.192406,16.667913,19,12160.1776,535.1928,85.7497,6.5576,0.0000,-0.0000,0.0000,0.0013,4,47.7496,-33.3715,0.000,0.000,1,0,0,0.0000,3,1,0.000,60,0,3184607232
2758,37.664074403,12.670618,16.668722,19,12160.1776,535.1928,85.7497,6.5576,0.0000,-0.0000,0.0000,0.0016,4,47.7496,-33.3715,0.000,0.000,1,0,0,0.0000,3,1,0.000,60,0,3184623616
2759,37.683077275,19.002872,16.667413,19,12160.1776,535.1928,85.7497,6.5576,0.0000,-0.0000,0.0000,0.0000,4,47.7496,-33.3715,0.000,0.000,1,0,0,0.0000,3,1,0.000,60,0,3184640000
2760,37.700438293,17.361018,16.669363,19,12160.1776,535.1928,85.7497,6.5576,0.0000,-0.0000,0.0000,0.0005,4,47.7496,-33.3715,0.000,0.000,1,0,0,0.0000,3,1,0.000,60,0,3184640000
2761,37.716896010,16.457717,16.667533,19,12160.1776,535.1928,85.7497,6.5576,0.0000,-0.0000,0.0000,0.0008,4,47.7496,-33.3715,0.000,0.000,1,0,0,0.0000,3,1,0.000,60,0,3184680960
2762,37.733121305,16.225295,16.667183,19,12160.1776,535.1928,85.7498,6.5576,0.0000,-0.0000,0.0000,0.0011,4,47.7496,-33.3715,0.000,0.000,1,0,0,0.0000,3,1,0.000,60,0,3183644672
2763,37.751618976,18.497671,16.667753,19,12160.1776,535.1928,85.7498,6.5576,0.0000,-0.0000,0.0000,0.0012,4,47.7497,-33.3715,0.000,0.000,1,0,0,0.0000,3,1,0.000,60,0,3182596096
2764,37.768205967,16.586991,16.668352,19,12160.1776,535.1928,85.7498,6.5576,0.0000,-0.0000,0.0000,0.0000,4,47.7497,-33.3715,0.000,0.000,1,0,0,0.0000,3,1,0.000,60,0,3180498944
2765,37.783360448,15.154481,16.668963,19,12160.1776,535.1928,85.7498,6.5576,0.0000,-0.0000,0.0000,0.0003,4,47.7497,-33.3715,0.000,0.000,1,0,0,0.0000,3,1,0.000,60,0,3179458560
2766,37.799605801,16.245353,16.667953,19,12160.1776,535.1928,85.7498,6.5576,0.0000,-0.0000,0.0000,0.0005,4,47.7497,-33.3715,0.000,0.000,1,0,0,0.0000,3,1,0.000,60,0,3179462656
2767,37.815738073,16.132272,16.667322,19,12160.1776,535.1928,85.7498,6.5576,0.0000,-0.0000,0.0000,0.0007,4,47.7497,-33.3715,0.000,0.000,1,0,0,0.0000,3,1,0.000,60,0,3179462656
2768,37.832460457,16.722384,16.668964,19,12160.1776,535.1928,85.7498,6.5576,0.0000,-0.0000,0.0000,0.0009,4,47.7497,-33.3715,0.000,0.000,1,0,0,0.0000,3,1,0.000,60,0,3179462656
2769,37.849111310,16.650853,16.667513,19,12160.1776,535.1928,85.7499,6.5576,-0.0000,0.0001,0.0000,0.0000,4,47.7497,-33.3715,0.000,0.000,1,0,0,0.0000,3,1,0.000,60,0,3179462656
2770,37.866395215,17.283905,16.669042,19,12160.1776,535.1928,85.7499,6.5576,-0.0000,0.0001,-0.0000,0.0002,4,47.7500,-33.3715,0.000,0.000,1,0,0,0.0000,3,1,0.000,60,0,3179466752
2771,37.882546397,16.151182,16.668713,19,12160.1776,535.1928,85.7499,6.5576,-0.0000,0.0001,-0.0000,0.0003,4,47.7500,-33.3715,0.000,0.000,1,0,0,0.0000,3,1,0.000,60,0,3179466752
2772,37.899173749,16.627352,16.667673,19,12160.1776,535.1928,85.7499,6.5576,-0.0000,0.0001,-0.0001,0.0004,4,47.7500,-33.3715,0.000,0.000,1,0,0,0.0000,3,1,0.000,60,0,3179466752
2773,37.915800421,16.626672,16.667662,19,12160.1776,535.1928,85.7499,6.5576,-0.0000,0.0001,-0.0001,0.0005,4,47.7500,-33.3715,0.000,0.000,1,0,0,0.0000,3,1,0.000,60,0,3179479040
2774,37.932811141,17.010720,16.668653,19,12160.1776,535.1928,85.7499,6.5576,-0.0000,0.0001,0.0000,0.0000,4,47.7500,-33.3715,0.000,0.000,1,0,0,0.0000,3,1,0.000,60,0,3179479040
2775,37.949604166,16.793025,16.668544,19,12160.1776,535.1928,85.7499,6.5576,-0.0000,0.0001,-0.0000,0.0002,4,47.7500,-33.3715,0.000,0.000,1,0,0,0.0000,3,1,0.000,60,0,3179479040
2776,37.966430513,16.826347,16.667282,19,12160.1776,535.1928,85.7499,6.5576,-0.0000,0.0001,-0.0000,0.0003,4,47.7500,-33.3715,0.000,0.000,1,0,0,0.0000,3,1,0.000,60,0,3179487232
2777,37.984022554,17.592041,16.667293,19,12160.1776,535.1928,85.7499,6.5576,-0.0000,0.0001,-0.0001,0.0004,4,47.7500,-33.3715,0.000,0.000,1,0,0,0.0000,3,1,0.000,60,0,3179487232
2778,38.000635896,16.613342,16.667592,19,12160.1776,535.1928,85.7499,6.5576,-0.0000,0.0001,-0.0001,0.0005,4,47.7500,-33.3715,0.000,0.000,1,0,0,0.0000,3,1,0.000,60,0,3179487232
2779,38.017171637,16.535741,16.668063,19,12160.1776,535.1928,85.7499,6.5576,-0.0000,0.0001,0.0000,0.0000,4,47.7500,-33.3715,0.000,0.000,1,0,0,0.0000,3,1,0.000,60,0,3179487232
2780,38.033161555,15.989918,16.668153,19,12160.1776,535.1928,85.7499,6.5576,-0.0000,0.0001,-0.0000,0.0002,4,47.7500,-33.3715,0.000,0.000,1,0,0,0.0000,3,1,0.000,60,0,3179491328
2781,38.050065433,16.903878,16.668362,19,12160.1776,535.1928,85.7499,6.5576,-0.0000,0.0001,-0.0000,0.0003,4,47.7500,-33.3715,0.000,0.000,1,0,0,0.0000,3,1,0.000,60,0,3179491328
2782,38.067241377,17.175944,16.667313,19,12160.1776,535.1928,85.7499,6.5576,-0.0000,0.0001,-0.0001,0.0004,4,47.7500,-33.3715,0.000,0.000,1,0,0,0.0000,3,1,0.000,60,0,3179503616
2783,38.083039620,15.798243,16.668124,19,12160.1776,535.1928,85.7499,6.5576,-0.0000,0.0001,-0.0001,0.0005,4,47.7500,-33.3715,0.000,0.000,1,0,0,0.0000,3,1,0.000,60,0,3179528192
2784,38.100988340,17.948720,16.667722,19,12160.1776,535.1928,85.7499,6.5576,-0.0000,0.0001,0.0000,0.0000,4,47.7500,-33.3715,0.000,0.000,1,0,0,0.0000,3,1,0.000,60,0,3179540480
2785,38.115686552,14.698212,16.667753,19,12160.1776,535.1928,85.7499,6.5576,-0.0000,0.0001,-0.0000,0.0002,4,47.7500,-33.3715,0.000,0.000,1,0,0,0.0000,3,1,0.000,60,0,3179565056
2786,38.133119471,17.432919,16.668193,19,12160.1776,535.1928,85.7500,6.5576,-0.0000,0.0001,-0.0000,0.0003,4,47.7500,-33.3715,0.000,0.000,1,0,0,0.0000,3,1,0.000,60,0,3179565056
2787,38.149840294,16.720823,16.667792,20,12160.1776,535.1928,85.7500,6.5576,-0.0000,0.0001,-0.0001,0.0003,4,47.7501,-33.3715,0.000,0.000,1,0,0,0.0000,3,1,0.000,60,0,3179565056
2788,38.252132130,102.291836,16.667503,20,12160.1776,535.1928,85.7500,6.5576,-0.0000,0.0001,-0.0001,0.0003,4,47.7501,-33.3715,0.000,0.000,1,0,0,0.0000,3,1,0.000,60,0,3180634112
2789,38.257104885,4.972755,93.749825,20,12160.1776,535.1928,85.7500,6.5576,-0.0000,0.0001,0.0000,0.0000,4,47.7501,-33.3715,0.000,0.000,1,0,0,0.0000,3,1,0.000,60,0,3180634112
2790,38.274318690,17.213805,16.667572,20,12160.1776,535.1928,85.7500,6.5576,-0.0000,0.0001,-0.0000,0.0000,4,47.7501,-33.3715,0.000,0.000,1,0,0,0.0000,3,1,0.000,60,0,3180642304
2791,38.289822367,15.503677,16.667573,20,12160.1776,535.1928,85.7500,6.5576,-0.0000,0.0001,-0.0000,0.0001,4,47.7501,-33.3715,0.000,0.000,1,0,0,0.0000,3,1,0.000,60,0,3180642304
2792,38.308500573,18.678206,16.667463,20,12160.1776,535.1928,85.7500,6.5576,-0.0000,0.0001,-0.0001,0.0001,4,47.7501,-33.3715,0.000,0.000,1,0,0,0.0000,3,1,0.000,60,0,3180642304
2793,38.325299919,16.799346,16.667182,20,12160.1776,535.1928,85.7500,6.5576,-0.0000,0.0001,-0.0001,0.0001,4,47.7501,-33.3715,0.000,0.000,1,0,0,0.0000,3,1,0.000,60,0,3180642304
2794,38.342994593,17.694674,16.667634,20,12160.1776,535.1928,85.7500,6.5576,-0.0000,0.0001,0.0000,0.0000,4,47.7501,-33.3715,0.000,0.000,1,0,0,0.0000,3,1,0.000,60,0,3180646400
2795,38.359221117,16.226524,16.668313,20,12160.1776,535.1928,85.7500,6.5576,-0.0000,0.0001,-0.0000,0.0000,4,47.7501,-33.3715,0.000,0.000,1,0,0,0.0000,3,1,0.000,60,0,3180646400
2796,38.376470262,17.249145,16.667442,20,12160.1776,535.1928,85.7500,6.5576,-0.0000,0.0001,-0.0000,0.0001,4,47.7501,-33.3715,0.000,0.000,1,0,0,0.0000,3,1,0.000,60,0,3180646400
2797,38.394276899,17.806637,16.667683,20,12160.1776,535.1928,85.7500,6.5576,-0.0000,0.0001,-0.0001,0.0001,4,47.7501,-33.3715,0.000,0.000,1,0,0,0.0000,3,1,0.000,60,0,3179606016
2798,38.411978733,17.701834,16.668093,20,12160.1776,535.1928,85.7500,6.5576,-0.0000,0.0001,-0.0001,0.0001,4,47.7501,-33.3715,0.000,0.000,1,0,0,0.0000,3,1,0.000,60,0,3179618304
2799,38.427334879,15.356146,16.667892,20,12160.1776,535.1928,85.7500,6.5576,-0.0000,0.0001,0.0000,0.0000,4,47.7501,-33.3715,0.000,0.000,1,0,0,0.0000,3,1,0.000,60,0,3179618304
2800,38.444569583,17.234704,16.668033,20,12160.1776,535.1928,85.7500,6.5576,-0.0000,0.0001,-0.0000,0.0000,4,47.7501,-33.3715,0.000,0.000,1,0,0,0.0000,3,1,0.000,60,0,3179626496
2801,38.460771956,16.202373,16.667383,20,12160.1776,535.1928,85.7500,6.5576,-0.0000,0.0001,-0.0000,0.0001,4,47.7501,-33.3715,0.000,0.000,1,0,0,0.0000,3,1,0.000,60,0,3179626496
2802,38.478529212,17.757256,16.668393,20,12160.1776,535.1928,85.7500,6.5576,-0.0000,0.0001,-0.0001,0.0001,4,47.7501,-33.3715,0.000,0.000,1,0,0,0.0000,3,1,0.000,60,0,3179626496
2803,38.494401558,15.872346,16.667263,20,12160.1776,535.1928,85.7500,6.5576,-0.0000,0.0001,-0.0001,0.0001,4,47.7501,-33.3715,0.000,0.000,1,0,0,0.0000,3,1,0.000,60,0,3179626496
2804,38.510704763,16.303205,16.667283,20,12160.1776,535.1928,85.7500,6.5576,-0.0000,0.0001,0.0000,0.0000,4,47.7501,-33.3715,0.000,0.000,1,0,0,0.0000,3,1,0.000,60,0,3179626496
2805,38.527956568,17.251805,16.667842,20,12160.1776,535.1928,85.7500,6.5576,-0.0000,0.0001,-0.0000,0.0000,4,47.7501,-33.3715,0.000,0.000,1,0,0,0.0000,3,1,0.000,60,0,3179626496
2806,38.545419728,17.463160,16.668893,20,12160.1776,535.1928,85.7500,6.5576,-0.0000,0.0001,-0.0000,0.0001,4,47.7501,-33.3715,0.000,0.000,1,0,0,0.0000,3,1,0.000,60,0,3179634688
2807,38.560528538,15.108810,16.667363,20,12160.1776,535.1928,85.7500,6.5576,-0.0000,0.0001,-0.0001,0.0001,4,47.7501,-33.3715,0.000,0.000,1,0,0,0.0000,3,1,0.000,60,0,3179642880
2808,38.576975885,16.447347,16.667732,20,12160.1776,535.1928,85.7500,6.5576,-0.0000,0.0001,-0.0001,0.0001,4,47.7501,-33.3715,0.000,0.000,1,0,0,0.0000,3,1,0.000,60,0,3179663360
2809,38.593687059,16.711174,16.667284,20,12160.1776,535.1928,85.7500,6.5576,-0.0000,0.0001,0.0000,0.0000,4,47.7501,-33.3715,0.000,0.000,1,0,0,0.0000,3,1,0.000,60,0,3179663360
2810,38.611457066,17.770007,16.668613,20,12160.1776,535.1928,85.7500,6.5576,-0.0000,0.0001,-0.0000,0.0000,4,47.7501,-33.3715,0.000,0.000,1,0,0,0.0000,3,1,0.000,60,0,3179675648
2811,38.626572016,15.114950,16.668532,20,12160.1776,535.1928,85.7500,6.5576,-0.0000,0.0001,-0.0000,0.0001,4,47.7501,-33.3715,0.000,0.000,1,0,0,0.0000,3,1,0.000,60,0,3179675648
2812,38.644143677,17.571661,16.667793,20,12160.1776,535.1928,85.7500,6.5576,-0.0000,0.0001,-0.0001,0.0001,4,47.7501,-33.3715,0.000,0.000,1,0,0,0.0000,3,1,0.000,60,0,3179679744
2813,38.660564245,16.420568,16.668073,20,12160.1776,535.1928,85.7500,6.5576,-0.0000,0.0001,-0.0001,0.0001,4,47.7501,-33.3715,0.000,0.000,1,0,0,0.0000,3,1,0.000,60,0,3179679744
2814,38.679375493,18.811248,16.668502,20,12160.1776,535.1928,85.7500,6.5576,-0.0000,0.0001,0.0000,0.0000,4,47.7501,-33.3715,0.000,0.000,1,0,0,0.0000,3,1,0.000,60,0,3179679744
2815,38.695192307,15.816814,16.668233,20,12160.1776,535.1928,85.7500,6.5576,-0.0000,0.0001,-0.0000,0.0000,4,47.7501,-33.3715,0.000,0.000,1,0,0,0.0000,3,1,0.000,60,0,3179683840
2816,38.707310205,12.117898,16.669324,20,12160.1776,535.1928,85.7500,6.5576,-0.0000,0.0001,-0.0000,0.0001,4,47.7501,-33.3715,0.000,0.000,1,0,0,0.0000,3,1,0.000,60,0,3179687936
2817,38.723753192,16.442987,16.667942,20,12160.1776,535.1928,85.7500,6.5576,-0.0000,0.0001,-0.0001,0.0001,4,47.7501,-33.3715,0.000,0.000,1,0,0,0.0000,3,1,0.000,60,0,3179696128
2818,38.741448457,17.695265,16.668503,20,12160.1776,535.1928,85.7500,6.5576,-0.0000,0.0001,-0.0001,0.0001,4,47.7501,-33.3715,0.000,0.000,1,0,0,0.0000,3,1,0.000,60,0,3179696128
2819,38.761275296,19.826839,16.668723,20,12160.1776,535.1928,85.7500,6.5576,-0.0000,0.0001,0.0000,0.0000,4,47.7501,-33.3715,0.000,0.000,1,0,0,0.0000,3,1,0.000,60,0,3179696128
2820,38.778133253,16.857957,16.668592,20,12160.1776,535.1928,85.7500,6.5576,-0.0000,0.0001,-0.0000,0.0000,4,47.7501,-33.3715,0.000,0.000,1,0,0,0.0000,3,1,0.000,60,0,3179700224
2821,38.793881807,15.748554,16.667653,20,12160.1776,535.1928,85.7500,6.5576,-0.0000,0.0001,-0.0000,0.0001,4,47.7501,-33.3715,0.000,0.000,1,0,0,0.0000,3,1,0.000,60,0,3179700224
2822,38.810256593,16.374786,16.667663,20,12160.1776,535.1928,85.7500,6.5576,-0.0000,0.0001,-0.0001,0.0001,4,47.7501,-33.3715,0.000,0.000,1,0,0,0.0000,3,1,0.000,60,0,3179700224
2823,38.822583424,12.326831,16.667523,20,12160.1776,535.1928,85.7500,6.5576,-0.0000,0.0001,-0.0001,0.0001,4,47.7501,-33.3715,0.000,0.000,1,0,0,0.0000,3,1,0.000,60,0,3179700224
2824,38.839264357,16.680933,16.667503,20,12160.1776,535.1928,85.7500,6.5576,-0.0000,0.0001,0.0000,0.0000,4,47.7501,-33.3715,0.000,0.000,1,0,0,0.0000,3,1,0.000,60,0,3179700224
2825,38.858532115,19.267758,16.667333,20,12160.1776,535.1928,85.7500,6.5576,-0.0000,0.0001,-0.0000,0.0000,4,47.7501,-33.3715,0.000,0.000,1,0,0,0.0000,3,1,0.000,60,0,3179700224
2826,38.876401894,17.869779,16.668752,20,12160.1776,535.1928,85.7500,6.5576,-0.0000,0.0001,-0.0000,0.0001,4,47.7501,-33.3715,0.000,0.000,1,0,0,0.0000,3,1,0.000,60,0,3179700224
2827,38.893489185,17.087291,16.667073,20,12160.1776,535.1928,85.7500,6.5576,-0.0000,0.0001,-0.0001,0.0001,4,47.7501,-33.3715,0.000,0.000,1,0,0,0.0000,3,1,0.000,60,0,3179700224
2828,38.905799096,12.309911,16.667343,20,12160.1776,535.1928,85.7500,6.5576,-0.0000,0.0001,-0.0001,0.0001,4,47.7501,-33.3715,0.000,0.000,1,0,0,0.0000,3,1,0.000,60,0,3179700224
2829,38.923771326,17.972230,16.668532,20,12160.1776,535.1928,85.7500,6.5576,-0.0000,0.0001,0.0000,0.0000,4,47.7501,-33.3715,0.000,0.000,1,0,0,0.0000,3,1,0.000,60,0,3179704320
2830,38.943997794,20.226468,16.668244,20,12160.1776,535.1928,85.7500,6.5576,-0.0000,0.0001,-0.0000,0.0000,4,47.7501,-33.3715,0.000,0.000,1,0,0,0.0000,3,1,0.000,60,0,3179704320
2831,38.954449016,10.451222,16.667013,20,12160.1776,535.1928,85.7500,6.5576,-0.0000,0.0001,-0.0000,0.0001,4,47.7501,-33.3715,0.000,0.000,1,0,0,0.0000,3,1,0.000,60,0,3179704320
2832,38.973035229,18.586213,16.668652,20,12160.1776,535.1928,85.7500,6.5576,-0.0000,0.0001,-0.0001,0.0001,4,47.7501,-33.3715,0.000,0.000,1,0,0,0.0000,3,1,0.000,60,0,3179724800
2833,38.991169432,18.134203,16.667063,20,12160.1776,535.1928,85.7500,6.5576,-0.0000,0.0001,-0.0001,0.0001,4,47.7501,-33.3715,0.000,0.000,1,0,0,0.0000,3,1,0.000,60,0,3179724800
2834,39.005518577,14.349145,16.668123,20,12160.1776,535.1928,85.7500,6.5576,-0.0000,0.0001,0.0000,0.0000,4,47.7501,-33.3715,0.000,0.000,1,0,0,0.0000,3,1,0.000,60,0,3179724800
2835,39.024564430,19.045853,16.668822,20,12160.1776,535.1928,85.7500,6.5576,-0.0000,0.0001,-0.0000,0.0000,4,47.7501,-33.3715,0.000,0.000,1,0,0,0.0000,3,1,0.000,60,0,3179741184
2836,39.041502008,16.937578,16.668143,20,12160.1776,535.1928,85.7500,6.5576,-0.0000,0.0001,-0.0000,0.0001,4,47.7501,-33.3715,0.000,0.000,1,0,0,0.0000,3,1,0.000,60,0,3179749376
2837,39.058219222,16.717214,16.668304,20,12160.1776,535.1928,85.7500,6.5576,-0.0000,0.0001,-0.0001,0.0001,4,47.7501,-33.3715,0.000,0.000,1,0,0,0.0000,3,1,0.000,60,0,3179753472
2838,39.072366101,14.146879,16.668452,20,12160.1776,535.1928,85.7500,6.5576,-0.0000,0.0001,-0.0001,0.0001,4,47.7501,-33.3715,0.000,0.000,1,0,0,0.0000,3,1,0.000,60,0,3179753472
2839,39.091954496,19.588395,16.667793,20,12160.1776,535.1928,85.7500,6.5576,-0.0000,0.0001,0.0000,0.0000,4,47.7501,-33.3715,0.000,0.000,1,0,0,0.0000,3,1,0.000,60,0,3179753472
2840,39.108137698,16.183202,16.668873,20,12160.1776,535.1928,85.7500,6.5576,-0.0000,0.0001,-0.0000,0.0000,4,47.7501,-33.3715,0.000,0.000,1,0,0,0.0000,3,1,0.000,60,0,3179757568
2841,39.124639878,16.502180,16.667872,20,12160.1776,535.1928,85.7500,6.5576,-0.0000,0.0001,-0.0000,0.0001,4,47.7501,-33.3715,0.000,0.000,1,0,0,0.0000,3,1,0.000,60,0,3179757568
2842,39.138989921,14.350043,16.668623,20,12160.1776,535.1928,85.7500,6.5576,-0.0000,0.0001,-0.0001,0.0001,4,47.7501,-33.3715,0.000,0.000,1,0,0,0.0000,3,1,0.000,60,0,3179757568
