frame,wall_ms,sim_ms,phase,power,dormant,revision,panel_health,physics,debris_x,debris_y,debris_z,player_x,player_y,player_z,health,ammo,rival_health,infected_health
232,17.588499,280.285823,1,0,1,0,68.000,0,6500.000,700.000,110.000,0.000,0.000,90.000,100.000,60,-1.000,-1.000
233,52.169310,17.608319,1,0,1,0,68.000,0,6500.000,700.000,110.000,0.000,0.000,90.000,100.000,60,-1.000,-1.000
234,18.685962,52.098139,1,0,1,0,68.000,0,6500.000,700.000,110.000,0.000,0.000,90.000,100.000,60,-1.000,-1.000
235,23.243923,18.667032,1,0,1,0,68.000,0,6500.000,700.000,110.000,0.000,0.000,90.000,100.000,60,-1.000,-1.000
236,18.499758,23.238733,1,0,1,0,68.000,0,6500.000,700.000,110.000,6140.000,390.000,90.000,100.000,60,-1.000,-1.000
237,20.067933,18.493827,1,0,0,0,68.000,0,6500.000,700.000,110.000,6140.000,390.000,90.000,100.000,60,-1.000,-1.000
238,16.190807,20.583875,1,0,0,0,68.000,0,6500.000,700.000,110.000,6140.000,390.000,90.000,100.000,60,-1.000,-1.000
239,77.228424,16.666928,1,0,0,0,68.000,0,6500.000,700.000,110.000,6140.000,390.000,90.000,100.000,60,-1.000,-1.000
240,16.672917,76.591479,1,0,0,0,68.000,0,6500.000,700.000,110.000,6140.000,390.000,90.000,100.000,60,-1.000,-1.000
241,10.437611,16.727739,1,0,0,0,68.000,0,6500.000,700.000,110.000,6140.000,390.000,90.000,100.000,60,-1.000,-1.000
242,11.864552,16.667157,1,0,0,0,68.000,0,6500.000,700.000,110.000,6140.000,390.000,90.000,100.000,60,-1.000,-1.000
243,18.667691,16.667728,1,0,0,0,68.000,0,6500.000,700.000,110.000,6140.000,390.000,90.000,100.000,60,-1.000,-1.000
244,15.544834,16.667318,1,0,0,0,68.000,0,6500.000,700.000,110.000,6140.000,390.000,90.000,100.000,60,-1.000,-1.000
245,13.650300,16.667657,1,0,0,0,68.000,0,6500.000,700.000,110.000,6140.000,390.000,90.000,100.000,60,-1.000,-1.000
246,17.977647,16.796621,1,0,0,0,68.000,0,6500.000,700.000,110.000,6140.000,390.000,90.000,100.000,60,-1.000,-1.000
247,15.340259,16.667278,1,0,0,0,68.000,0,6500.000,700.000,110.000,6140.000,390.000,90.000,100.000,60,-1.000,-1.000
248,16.908393,16.667708,1,0,0,0,68.000,0,6500.000,700.000,110.000,6140.000,390.000,90.000,100.000,60,-1.000,-1.000
249,16.456772,16.667697,1,0,0,0,68.000,0,6500.000,700.000,110.000,6140.000,390.000,90.000,100.000,60,-1.000,-1.000
250,17.032276,17.369204,1,0,0,0,68.000,0,6500.000,700.000,110.000,6140.000,390.000,90.000,100.000,60,-1.000,-1.000
251,17.106367,16.667637,1,0,0,0,68.000,0,6500.000,700.000,110.000,6140.000,390.000,90.000,100.000,60,-1.000,-1.000
252,17.202710,16.667748,1,0,0,0,68.000,0,6500.000,700.000,110.000,6140.000,390.000,90.000,100.000,60,-1.000,-1.000
253,16.633247,16.667788,1,0,0,0,68.000,0,6500.000,700.000,110.000,6140.000,390.000,90.000,100.000,60,-1.000,-1.000
254,18.917047,16.667787,1,0,0,0,68.000,0,6500.000,700.000,110.000,6140.000,390.000,90.000,100.000,60,-1.000,-1.000
255,14.898379,16.667508,1,0,0,0,68.000,0,6500.000,700.000,110.000,6140.000,390.000,90.000,100.000,60,-1.000,-1.000
256,19.011040,17.734182,1,0,0,0,68.000,0,6500.000,700.000,110.000,6140.000,390.000,90.000,100.000,60,-1.000,-1.000
257,16.533304,16.667117,1,0,0,0,68.000,0,6500.000,700.000,110.000,6140.000,390.000,90.000,100.000,60,-1.000,-1.000
258,16.045584,16.667638,1,0,0,0,68.000,0,6500.000,700.000,110.000,6140.000,390.000,90.000,100.000,60,-1.000,-1.000
259,15.331699,16.667858,1,0,0,0,68.000,0,6500.000,700.000,110.000,6140.000,390.000,90.000,100.000,60,-1.000,-1.000
260,17.848724,16.667857,1,0,0,0,68.000,0,6500.000,700.000,110.000,6140.000,390.000,90.000,100.000,60,-1.000,-1.000
261,18.446986,16.667558,1,0,0,0,68.000,0,6500.000,700.000,110.000,6140.000,390.000,90.000,100.000,60,-1.000,-1.000
262,14.084581,16.667528,1,0,0,0,68.000,0,6500.000,700.000,110.000,6140.000,390.000,90.000,100.000,60,-1.000,-1.000
263,16.070064,16.667067,1,0,0,0,68.000,0,6500.000,700.000,110.000,6140.000,390.000,90.000,100.000,60,-1.000,-1.000
264,19.515701,19.177273,1,0,0,0,68.000,0,6500.000,700.000,110.000,6140.000,390.000,90.000,100.000,60,-1.000,-1.000
265,18.034158,17.002815,1,0,0,0,68.000,0,6500.000,700.000,110.000,6140.000,390.000,90.000,100.000,60,-1.000,-1.000
266,16.250658,16.994425,1,0,0,0,68.000,0,6500.000,700.000,110.000,6140.000,390.000,90.000,100.000,60,-1.000,-1.000
267,18.063349,19.000329,1,0,0,0,68.000,0,6500.000,700.000,110.000,6140.000,390.000,90.000,100.000,60,-1.000,-1.000
268,21.950614,16.997335,1,0,0,0,68.000,0,6500.000,700.000,110.000,6140.000,390.000,90.000,100.000,60,-1.000,-1.000
269,12.955946,16.915783,1,0,0,0,68.000,0,6500.000,700.000,110.000,6140.000,390.000,90.000,100.000,60,-1.000,-1.000
270,16.365990,16.667198,1,0,0,0,68.000,0,6500.000,700.000,110.000,6140.000,390.000,90.000,100.000,60,-1.000,-1.000
271,19.769627,16.667648,1,0,0,0,68.000,0,6500.000,700.000,110.000,6140.000,390.000,90.000,100.000,60,-1.000,-1.000
272,17.138338,16.667527,1,0,0,0,68.000,0,6500.000,700.000,110.000,6140.000,390.000,90.000,100.000,60,-1.000,-1.000
273,20.652016,16.667188,1,0,0,0,68.000,0,6500.000,700.000,110.000,6140.000,390.000,90.000,100.000,60,-1.000,-1.000
274,8.353574,16.698639,1,0,0,0,68.000,0,6500.000,700.000,110.000,6140.000,390.000,90.000,100.000,60,-1.000,-1.000
275,20.841540,16.667097,1,0,0,0,68.000,0,6500.000,700.000,110.000,6140.000,390.000,90.000,100.000,60,-1.000,-1.000
276,13.191690,16.667618,1,0,0,0,68.000,0,6500.000,700.000,110.000,6140.000,390.000,90.000,100.000,60,-1.000,-1.000
277,21.273419,16.960724,1,0,0,0,68.000,0,6500.000,700.000,110.000,6140.000,390.000,90.000,100.000,60,-1.000,-1.000
278,11.518315,16.667238,1,0,0,0,68.000,0,6500.000,700.000,110.000,6140.000,390.000,90.000,100.000,60,-1.000,-1.000
279,21.955014,18.750283,1,0,0,0,68.000,0,6500.000,700.000,110.000,6140.000,390.000,90.000,100.000,60,-1.000,-1.000
280,17.180789,16.667408,1,0,0,0,68.000,0,6500.000,700.000,110.000,6140.000,390.000,90.000,100.000,60,-1.000,-1.000
281,14.787967,16.667768,1,0,0,0,68.000,0,6500.000,700.000,110.000,6140.000,390.000,90.000,100.000,60,-1.000,-1.000
282,15.760788,16.668647,1,0,0,0,68.000,0,6500.000,700.000,110.000,6140.000,390.000,90.000,100.000,60,-1.000,-1.000
283,17.165058,16.667228,1,0,0,0,68.000,0,6500.000,700.000,110.000,6140.000,390.000,90.000,100.000,60,-1.000,-1.000
284,17.773751,16.667528,1,0,0,0,68.000,0,6500.000,700.000,110.000,6140.000,390.000,90.000,100.000,60,-1.000,-1.000
285,14.737856,16.667337,1,0,0,0,68.000,0,6500.000,700.000,110.000,6140.000,390.000,90.000,100.000,60,-1.000,-1.000
286,17.844744,17.156819,1,0,0,0,68.000,0,6500.000,700.000,110.000,6140.000,390.000,90.000,100.000,60,-1.000,-1.000
287,17.850354,17.004885,1,0,0,0,68.000,0,6500.000,700.000,110.000,6140.000,390.000,90.000,100.000,60,-1.000,-1.000
288,16.148496,16.929163,1,0,0,0,68.000,0,6500.000,700.000,110.000,6140.000,390.000,90.000,100.000,60,-1.000,-1.000
289,18.525769,16.667568,1,0,0,0,68.000,0,6500.000,700.000,110.000,6140.000,390.000,90.000,100.000,60,-1.000,-1.000
290,16.599855,16.668038,1,0,0,0,68.000,0,6500.000,700.000,110.000,6140.000,390.000,90.000,100.000,60,-1.000,-1.000
291,13.673772,16.667577,1,0,0,0,68.000,0,6500.000,700.000,110.000,6140.000,390.000,90.000,100.000,60,-1.000,-1.000
292,17.003066,16.693439,1,0,0,0,68.000,0,6500.000,700.000,110.000,6140.000,390.000,90.000,100.000,60,-1.000,-1.000
293,21.907673,16.667648,1,0,0,0,68.000,0,6500.000,700.000,110.000,6140.000,390.000,90.000,100.000,60,-1.000,-1.000
294,11.131465,16.667357,1,0,0,0,68.000,0,6500.000,700.000,110.000,6140.000,390.000,90.000,100.000,60,-1.000,-1.000
295,19.602212,16.667188,1,0,0,0,68.000,0,6500.000,700.000,110.000,6140.000,390.000,90.000,100.000,60,-1.000,-1.000
296,14.228155,16.667068,1,0,0,0,68.000,0,6500.000,700.000,110.000,6140.000,390.000,90.000,100.000,60,-1.000,-1.000
297,26.432772,18.745643,1,0,0,0,68.000,0,6500.000,700.000,110.000,6140.000,390.000,90.000,100.000,60,-1.000,-1.000
298,9.757226,16.667008,1,0,0,0,68.000,0,6500.000,700.000,110.000,6140.000,390.000,90.000,100.000,60,-1.000,-1.000
299,16.742490,17.101657,1,0,0,0,68.000,0,6500.000,700.000,110.000,6140.000,390.000,90.000,100.000,60,-1.000,-1.000
300,17.333682,17.641460,1,0,0,0,68.000,0,6500.000,700.000,110.000,6140.000,390.000,90.000,100.000,60,-1.000,-1.000
301,20.308647,16.667497,1,0,0,0,68.000,0,6500.000,700.000,110.000,6140.000,390.000,90.000,100.000,60,-1.000,-1.000
302,16.453674,16.667078,1,0,0,0,68.000,0,6500.000,700.000,110.000,6140.000,390.000,90.000,100.000,60,-1.000,-1.000
303,13.145600,16.667248,1,0,0,0,68.000,0,6500.000,700.000,110.000,6140.000,390.000,90.000,100.000,60,-1.000,-1.000
304,17.204739,16.815141,1,0,0,0,68.000,0,6500.000,700.000,110.000,6140.000,390.000,90.000,100.000,60,-1.000,-1.000
305,15.837920,16.681437,1,0,0,0,68.000,0,6500.000,700.000,110.000,6140.000,390.000,90.000,100.000,60,-1.000,-1.000
306,16.904053,16.689269,1,0,0,0,68.000,0,6500.000,700.000,110.000,6140.000,390.000,90.000,100.000,60,-1.000,-1.000
307,23.845206,16.667778,1,0,0,0,68.000,0,6500.000,700.000,110.000,6140.000,390.000,90.000,100.000,60,-1.000,-1.000
308,9.411137,16.667127,1,0,0,0,68.000,0,6500.000,700.000,110.000,6140.000,390.000,90.000,100.000,60,-1.000,-1.000
309,23.645902,19.871908,1,0,0,0,68.000,0,6500.000,700.000,110.000,6140.000,390.000,90.000,100.000,60,-1.000,-1.000
310,13.460367,16.935244,1,0,0,0,68.000,0,6500.000,700.000,110.000,6140.000,390.000,90.000,100.000,60,-1.000,-1.000
311,16.217747,16.702879,1,0,0,0,68.000,0,6500.000,700.000,110.000,6140.000,390.000,90.000,100.000,60,-1.000,-1.000
312,17.176579,16.667657,1,0,0,0,68.000,0,6500.000,700.000,110.000,6140.000,390.000,90.000,100.000,60,-1.000,-1.000
313,16.852052,16.678348,1,0,0,0,68.000,0,6500.000,700.000,110.000,6140.000,390.000,90.000,100.000,60,-1.000,-1.000
314,16.177326,16.667028,1,0,0,0,68.000,0,6500.000,700.000,110.000,6140.000,390.000,90.000,100.000,60,-1.000,-1.000
315,16.495695,16.667467,1,0,0,0,68.000,0,6500.000,700.000,110.000,6140.000,390.000,90.000,100.000,60,-1.000,-1.000
316,19.648734,16.668848,1,0,0,0,68.000,0,6500.000,700.000,110.000,6140.000,390.000,90.000,100.000,60,-1.000,-1.000
317,14.418617,16.667408,1,0,0,0,68.000,0,6500.000,700.000,110.000,6140.000,390.000,90.000,100.000,60,-1.000,-1.000
318,16.590757,16.667337,1,0,0,0,68.000,0,6500.000,700.000,110.000,6140.000,390.000,90.000,100.000,60,-1.000,-1.000
319,17.680259,16.667208,1,0,0,0,68.000,0,6500.000,700.000,110.000,6140.000,390.000,90.000,100.000,60,-1.000,-1.000
320,15.499192,16.667318,1,0,0,0,68.000,0,6500.000,700.000,110.000,6140.000,390.000,90.000,100.000,60,-1.000,-1.000
321,19.753326,19.446959,1,0,0,0,68.000,0,6500.000,700.000,110.000,6140.000,390.000,90.000,100.000,60,-1.000,-1.000
322,19.011100,17.134427,1,0,0,0,68.000,0,6500.000,700.000,110.000,6140.000,390.000,90.000,100.000,60,-1.000,-1.000
323,14.984179,16.860633,1,0,0,0,68.000,0,6500.000,700.000,110.000,6140.000,390.000,90.000,100.000,60,-1.000,-1.000
324,16.150238,16.669018,1,0,0,0,68.000,0,6500.000,700.000,110.000,6140.000,390.000,90.000,100.000,60,-1.000,-1.000
325,20.401299,16.667307,1,0,0,0,68.000,0,6500.000,700.000,110.000,6140.000,390.000,90.000,100.000,60,-1.000,-1.000
326,20.056203,16.667598,1,0,0,0,68.000,0,6500.000,700.000,110.000,6140.000,390.000,90.000,100.000,60,-1.000,-1.000
327,14.977410,17.367323,1,0,0,0,68.000,0,6500.000,700.000,110.000,6140.000,390.000,90.000,100.000,60,-1.000,-1.000
328,15.041072,16.667247,26,0,0,0,68.000,0,6500.000,700.000,110.000,6140.000,390.000,90.000,100.000,60,-1.000,-1.000
329,164.171851,16.667718,26,0,0,0,68.000,0,6500.000,700.000,110.000,6140.000,390.000,90.000,100.000,60,-1.000,-1.000
330,9.654074,153.692710,26,0,0,0,68.000,0,6500.000,700.000,110.000,6140.000,390.000,90.000,100.000,60,-1.000,-1.000
331,9.351446,16.667258,26,0,0,0,68.000,0,6500.000,700.000,110.000,6140.000,390.000,90.000,100.000,60,-1.000,-1.000
332,20.181505,18.025008,26,0,0,0,68.000,0,6500.000,700.000,110.000,6140.000,390.000,90.000,100.000,60,-1.000,-1.000
333,21.875522,19.060840,26,0,0,0,68.000,0,6500.000,700.000,110.000,6140.000,390.000,90.000,100.000,60,-1.000,-1.000
334,13.628101,16.669108,26,0,0,0,68.000,0,6500.000,700.000,110.000,6140.000,390.000,90.000,100.000,60,-1.000,-1.000
335,16.801041,16.667248,26,0,0,0,68.000,0,6500.000,700.000,110.000,6140.000,390.000,90.000,100.000,60,-1.000,-1.000
336,17.149208,16.668867,26,0,0,0,68.000,0,6500.000,700.000,110.000,6140.000,390.000,90.000,100.000,60,-1.000,-1.000
337,17.063757,16.667108,26,0,0,0,68.000,0,6500.000,700.000,110.000,6140.000,390.000,90.000,100.000,60,-1.000,-1.000
338,17.766222,16.667818,26,0,0,0,68.000,0,6500.000,700.000,110.000,6140.000,390.000,90.000,100.000,60,-1.000,-1.000
339,13.701551,16.667437,26,0,0,0,68.000,0,6500.000,700.000,110.000,6140.000,390.000,90.000,100.000,60,-1.000,-1.000
340,17.420895,16.667829,26,0,0,0,68.000,0,6500.000,700.000,110.000,6140.000,390.000,90.000,100.000,60,-1.000,-1.000
341,16.310110,16.668257,26,0,0,0,68.000,0,6500.000,700.000,110.000,6140.000,390.000,90.000,100.000,60,-1.000,-1.000
342,17.521427,16.668008,26,0,0,0,68.000,0,6500.000,700.000,110.000,6140.000,390.000,90.000,100.000,60,-1.000,-1.000
343,18.844325,16.667938,26,0,0,0,68.000,0,6500.000,700.000,110.000,6140.000,390.000,90.000,100.000,60,-1.000,-1.000
344,15.282648,16.667837,26,0,0,0,68.000,0,6500.000,700.000,110.000,6140.000,390.000,90.000,100.000,60,-1.000,-1.000
345,18.320503,18.675382,26,0,0,0,68.000,0,6500.000,700.000,110.000,6140.000,390.000,90.000,100.000,60,-1.000,-1.000
346,16.019624,17.748172,26,0,0,0,68.000,0,6500.000,700.000,110.000,6140.000,390.000,90.000,100.000,60,-1.000,-1.000
347,17.547127,17.382563,26,0,0,0,68.000,0,6500.000,700.000,110.000,6140.000,390.000,90.000,100.000,60,-1.000,-1.000
348,16.607216,17.585798,26,0,0,0,68.000,0,6500.000,700.000,110.000,6140.000,390.000,90.000,100.000,60,-1.000,-1.000
349,17.262851,17.284411,26,0,0,0,68.000,0,6500.000,700.000,110.000,6140.000,390.000,90.000,100.000,60,-1.000,-1.000
350,17.060926,16.779551,2,0,0,0,68.000,0,6500.000,700.000,110.000,6140.000,390.000,90.000,100.000,60,-1.000,-1.000
351,18.251433,17.957116,2,1,0,1,68.000,0,6500.000,700.000,110.000,6140.000,390.000,90.000,100.000,60,-1.000,-1.000
352,19.383598,17.978316,2,1,0,1,68.000,0,6500.000,700.000,110.000,6140.000,390.000,90.000,100.000,60,-1.000,-1.000
353,16.124845,16.999775,2,1,0,1,68.000,0,6500.000,700.000,110.000,6140.000,390.000,90.000,100.000,60,-1.000,-1.000
354,20.600015,16.754600,2,1,0,1,68.000,0,6500.000,700.000,110.000,6140.000,390.000,90.000,100.000,60,-1.000,-1.000
355,17.634148,16.743359,2,1,0,1,68.000,0,6500.000,700.000,110.000,6140.000,390.000,90.000,100.000,60,-1.000,-1.000
356,16.070425,19.500211,2,1,0,1,68.000,0,6500.000,700.000,110.000,6140.000,390.000,90.000,100.000,60,-1.000,-1.000
357,14.809027,17.002455,2,1,0,1,68.000,0,6500.000,700.000,110.000,6140.000,390.000,90.000,100.000,60,-1.000,-1.000
358,19.736585,18.709482,2,1,0,1,68.000,0,6500.000,700.000,110.000,6140.000,390.000,90.000,100.000,60,-1.000,-1.000
359,16.609997,16.783210,2,1,0,1,68.000,0,6500.000,700.000,110.000,6140.000,390.000,90.000,100.000,60,-1.000,-1.000
360,17.048816,17.435605,2,1,0,1,68.000,0,6500.000,700.000,110.000,6140.000,390.000,90.000,100.000,60,-1.000,-1.000
361,19.850337,16.667897,2,1,0,1,68.000,0,6500.000,700.000,110.000,6140.000,390.000,90.000,100.000,60,-1.000,-1.000
362,14.040701,16.667288,2,1,0,1,68.000,0,6500.000,700.000,110.000,6140.000,390.000,90.000,100.000,60,-1.000,-1.000
363,16.785619,16.667048,2,1,0,1,68.000,0,6500.000,700.000,110.000,6140.000,390.000,90.000,100.000,60,-1.000,-1.000
364,17.148039,16.750949,2,1,0,1,68.000,0,6500.000,700.000,110.000,6140.000,390.000,90.000,100.000,60,-1.000,-1.000
365,15.240727,16.667128,2,1,0,1,68.000,0,6500.000,700.000,110.000,6140.000,390.000,90.000,100.000,60,-1.000,-1.000
366,16.438122,16.667328,2,1,0,1,68.000,0,6500.000,700.000,110.000,6140.000,390.000,90.000,100.000,60,-1.000,-1.000
367,19.820947,16.812281,2,1,0,1,68.000,0,6500.000,700.000,110.000,6140.000,390.000,90.000,100.000,60,-1.000,-1.000
368,15.744598,16.667057,2,1,0,1,68.000,0,6500.000,700.000,110.000,6140.000,390.000,90.000,100.000,60,-1.000,-1.000
369,16.867392,16.667378,2,1,0,1,68.000,0,6500.000,700.000,110.000,6140.000,390.000,90.000,100.000,60,-1.000,-1.000
370,15.675065,16.667228,2,1,0,1,68.000,0,6500.000,700.000,110.000,6140.000,390.000,90.000,100.000,60,-1.000,-1.000
371,17.740342,17.473955,2,1,0,1,68.000,0,6500.000,700.000,110.000,6140.000,390.000,90.000,100.000,60,-1.000,-1.000
372,17.182979,17.282231,2,1,0,1,68.000,0,6500.000,700.000,110.000,6140.000,390.000,90.000,100.000,60,-1.000,-1.000
373,20.099763,21.419133,2,1,0,1,68.000,0,6500.000,700.000,110.000,6140.000,390.000,90.000,100.000,60,-1.000,-1.000
374,17.096267,16.667327,3,1,0,1,68.000,0,6500.000,700.000,110.000,6140.000,390.000,90.000,100.000,60,-1.000,-1.000
375,19.251015,16.667618,3,1,0,1,68.000,0,6500.000,700.000,110.000,5900.000,390.000,90.000,100.000,60,-1.000,-1.000
376,15.735617,16.701439,3,1,0,1,68.000,0,6500.000,700.000,110.000,5900.000,390.000,90.000,100.000,60,-1.000,-1.000
377,17.062656,16.683237,3,1,0,1,68.000,0,6500.000,700.000,110.000,5900.000,390.000,90.000,100.000,60,-1.000,-1.000
378,15.317199,16.667109,3,1,0,1,68.000,0,6500.000,700.000,110.000,5900.000,390.000,90.000,100.000,60,-1.000,-1.000
379,16.622346,16.915083,3,1,0,1,68.000,0,6500.000,700.000,110.000,5900.000,390.000,90.000,100.000,60,-1.000,-1.000
380,16.079324,16.667288,3,1,0,1,68.000,0,6500.000,700.000,110.000,5900.000,390.000,90.000,100.000,60,-1.000,-1.000
381,18.959439,16.667037,3,1,0,1,68.000,0,6500.000,700.000,110.000,5900.000,390.000,90.000,100.000,60,-1.000,-1.000
382,16.600986,16.705199,3,1,0,1,68.000,0,6500.000,700.000,110.000,5900.000,390.000,90.000,100.000,60,-1.000,-1.000
383,18.894397,19.746095,3,1,0,1,68.000,0,6500.000,700.000,110.000,5900.000,390.000,90.000,100.000,60,-1.000,-1.000
384,22.764953,18.372895,3,1,0,1,68.000,0,6500.000,700.000,110.000,5900.000,390.000,90.000,100.000,60,-1.000,-1.000
385,10.576382,16.725950,3,1,0,1,68.000,0,6500.000,700.000,110.000,5900.000,390.000,90.000,100.000,60,-1.000,-1.000
386,16.565926,16.770100,3,1,0,1,68.000,0,6500.000,700.000,110.000,5900.000,390.000,90.000,100.000,60,-1.000,-1.000
387,20.872711,17.039476,3,1,0,1,68.000,0,6500.000,700.000,110.000,5900.000,390.000,90.000,100.000,60,-1.000,-1.000
388,14.283525,16.668097,3,1,0,1,68.000,0,6500.000,700.000,110.000,5900.000,390.000,90.000,100.000,60,-1.000,-1.000
389,17.968106,16.897402,3,1,0,1,68.000,0,6500.000,700.000,110.000,5900.000,390.000,90.000,100.000,60,-1.000,-1.000
390,16.899513,16.668069,3,1,0,1,68.000,0,6500.000,700.000,110.000,5900.000,390.000,90.000,100.000,60,-1.000,-1.000
391,14.593321,16.667316,3,1,0,1,68.000,0,6500.000,700.000,110.000,5900.000,390.000,90.000,100.000,60,-1.000,-1.000
392,17.137598,16.667769,3,1,0,1,68.000,0,6500.000,700.000,110.000,5900.000,390.000,90.000,100.000,60,-1.000,-1.000
393,16.728180,16.667408,3,1,0,1,68.000,0,6500.000,700.000,110.000,5900.000,390.000,90.000,100.000,60,-1.000,-1.000
394,16.959924,16.667737,3,1,0,1,68.000,0,6500.000,700.000,110.000,5900.000,390.000,90.000,100.000,60,-1.000,-1.000
395,20.690296,16.669278,3,1,0,1,68.000,0,6500.000,700.000,110.000,5900.000,390.000,90.000,100.000,60,-1.000,-1.000
396,12.008105,16.667478,3,1,0,1,68.000,0,6500.000,700.000,110.000,5900.000,390.000,90.000,100.000,60,-1.000,-1.000
397,17.342403,16.667627,3,1,0,1,68.000,0,6500.000,700.000,110.000,5900.000,390.000,90.000,100.000,60,-1.000,-1.000
398,16.101795,16.667128,3,1,0,1,68.000,0,6500.000,700.000,110.000,5900.000,390.000,90.000,100.000,60,-1.000,-1.000
399,17.584758,16.969994,3,1,0,1,68.000,0,6500.000,700.000,110.000,5900.000,390.000,90.000,100.000,60,-1.000,-1.000
400,15.832389,16.667108,3,1,0,1,68.000,0,6500.000,700.000,110.000,5900.000,390.000,90.000,100.000,60,-1.000,-1.000
401,16.136986,16.667277,3,1,0,1,68.000,0,6500.000,700.000,110.000,5900.000,390.000,90.000,100.000,60,-1.000,-1.000
402,17.449585,16.667098,3,1,0,1,68.000,0,6500.000,700.000,110.000,5900.000,390.000,90.000,100.000,60,-1.000,-1.000
403,16.527005,16.667528,3,1,0,1,68.000,0,6500.000,700.000,110.000,5900.000,390.000,90.000,100.000,60,-1.000,-1.000
404,17.365523,16.756829,3,1,0,1,68.000,0,6500.000,700.000,110.000,5900.000,390.000,90.000,100.000,60,-1.000,-1.000
405,17.589118,16.729399,3,1,0,1,68.000,0,6500.000,700.000,110.000,5900.000,390.000,90.000,100.000,60,-1.000,-1.000
406,15.989473,16.676199,3,1,0,1,68.000,0,6500.000,700.000,110.000,5900.000,390.000,90.000,100.000,60,-1.000,-1.000
407,16.614546,16.668088,3,1,0,1,68.000,0,6500.000,700.000,110.000,5900.000,390.000,90.000,100.000,60,-1.000,-1.000
408,16.243908,17.665509,3,1,0,1,68.000,0,6500.000,700.000,110.000,5900.000,390.000,90.000,100.000,60,-1.000,-1.000
409,22.153569,20.307927,3,1,0,1,68.000,0,6500.000,700.000,110.000,5900.000,390.000,90.000,100.000,60,-1.000,-1.000
410,14.687684,16.667188,3,1,0,1,68.000,0,6500.000,700.000,110.000,5900.000,390.000,90.000,100.000,60,-1.000,-1.000
411,21.653188,16.667358,3,1,0,1,68.000,0,6500.000,700.000,110.000,5900.000,390.000,90.000,100.000,60,-1.000,-1.000
412,16.442832,16.837702,3,1,0,1,68.000,0,6500.000,700.000,110.000,5900.000,390.000,90.000,100.000,60,-1.000,-1.000
413,13.069698,16.667397,3,1,0,1,68.000,0,6500.000,700.000,110.000,5900.000,390.000,90.000,100.000,60,-1.000,-1.000
414,16.086375,16.675758,3,1,0,1,68.000,0,6500.000,700.000,110.000,5900.000,390.000,90.000,100.000,60,-1.000,-1.000
415,16.721469,16.667828,3,1,0,1,68.000,0,6500.000,700.000,110.000,5900.000,390.000,90.000,100.000,60,-1.000,-1.000
416,16.535555,16.667637,3,1,0,1,68.000,0,6500.000,700.000,110.000,5900.000,390.000,90.000,100.000,60,-1.000,-1.000
417,20.805059,16.667838,3,1,0,1,68.000,0,6500.000,700.000,110.000,5900.000,390.000,90.000,100.000,60,-1.000,-1.000
418,18.789224,16.667058,3,1,0,1,68.000,0,6500.000,700.000,110.000,5900.000,390.000,90.000,100.000,60,-1.000,-1.000
419,10.464832,16.667087,3,1,0,1,68.000,0,6500.000,700.000,110.000,5900.000,390.000,90.000,100.000,60,-1.000,-1.000
420,19.568841,16.667298,3,1,0,1,68.000,0,6500.000,700.000,110.000,5900.000,390.000,90.000,100.000,60,-1.000,-1.000
421,15.514122,16.667318,3,1,0,1,68.000,0,6500.000,700.000,110.000,5900.000,390.000,90.000,100.000,60,-1.000,-1.000
422,15.715197,16.667367,3,1,0,1,68.000,0,6500.000,700.000,110.000,5900.000,390.000,90.000,100.000,60,-1.000,-1.000
423,18.193732,16.667548,3,1,0,1,68.000,0,6500.000,700.000,110.000,5900.000,390.000,90.000,100.000,60,-1.000,-1.000
424,16.656766,16.667918,3,1,0,1,68.000,0,6500.000,700.000,110.000,5900.000,390.000,90.000,100.000,60,-1.000,-1.000
425,16.075775,16.667687,3,1,0,1,68.000,0,6500.000,700.000,110.000,5900.000,390.000,90.000,100.000,60,-1.000,-1.000
426,15.615635,16.667748,3,1,0,1,68.000,0,6500.000,700.000,110.000,5900.000,390.000,90.000,100.000,60,-1.000,-1.000
427,16.678348,16.667318,3,1,0,1,68.000,0,6500.000,700.000,110.000,5900.000,390.000,90.000,100.000,60,-1.000,-1.000
428,18.246402,16.667527,3,1,0,1,68.000,0,6500.000,700.000,110.000,5900.000,390.000,90.000,100.000,60,-1.000,-1.000
429,14.942780,16.667568,3,1,0,1,68.000,0,6500.000,700.000,110.000,5900.000,390.000,90.000,100.000,60,-1.000,-1.000
430,16.332390,16.667378,3,1,0,1,68.000,0,6500.000,700.000,110.000,5900.000,390.000,90.000,100.000,60,-1.000,-1.000
431,19.137422,16.667677,3,1,0,1,68.000,0,6500.000,700.000,110.000,5900.000,390.000,90.000,100.000,60,-1.000,-1.000
432,14.117561,16.667728,3,1,0,1,68.000,0,6500.000,700.000,110.000,5900.000,390.000,90.000,100.000,60,-1.000,-1.000
433,18.657392,16.667518,3,1,0,1,68.000,0,6500.000,700.000,110.000,5900.000,390.000,90.000,100.000,60,-1.000,-1.000
434,15.955052,16.712348,4,1,0,1,68.000,0,6500.000,700.000,110.000,5900.000,390.000,90.000,100.000,60,-1.000,-1.000
435,16.143976,16.667548,4,1,0,1,68.000,0,6500.000,700.000,110.000,6200.000,610.000,90.000,100.000,60,-1.000,-1.000
436,15.990943,16.667268,4,1,0,1,68.000,0,6500.000,700.000,110.000,6200.000,610.000,90.000,100.000,60,-1.000,-1.000
437,20.620655,18.036578,4,1,0,1,68.000,0,6500.000,700.000,110.000,6200.000,610.000,90.000,100.000,60,-1.000,-1.000
438,15.773678,18.742083,4,1,0,1,68.000,0,6500.000,700.000,110.000,6200.000,610.000,90.000,100.000,60,-1.000,-1.000
439,23.144511,18.979859,4,1,0,1,68.000,0,6500.000,700.000,110.000,6200.000,610.000,90.000,100.000,60,-1.000,-1.000
440,13.500987,16.667278,4,1,0,1,68.000,0,6500.000,700.000,110.000,6200.000,610.000,90.000,100.000,60,-1.000,-1.000
441,17.916125,16.676778,4,1,0,1,68.000,0,6500.000,700.000,110.000,6200.000,610.000,90.000,100.000,60,-1.000,-1.000
442,16.497475,16.667657,4,1,0,1,68.000,0,6500.000,700.000,110.000,6200.000,610.000,90.000,100.000,60,-1.000,-1.000
443,16.413412,16.667288,4,1,0,1,68.000,0,6500.000,700.000,110.000,6200.000,610.000,90.000,100.000,60,-1.000,-1.000
444,15.266526,16.667418,4,1,0,1,68.000,0,6500.000,700.000,110.000,6200.000,610.000,90.000,100.000,60,-1.000,-1.000
445,17.424635,16.667367,4,1,0,1,68.000,0,6500.000,700.000,110.000,6200.000,610.000,90.000,100.000,60,-1.000,-1.000
446,15.823499,16.694559,4,1,0,1,68.000,0,6500.000,700.000,110.000,6200.000,610.000,90.000,100.000,60,-1.000,-1.000
447,22.422644,16.667598,4,1,0,1,68.000,0,6500.000,700.000,110.000,6200.000,610.000,90.000,100.000,60,-1.000,-1.000
448,11.739410,16.667547,4,1,0,1,68.000,0,6500.000,700.000,110.000,6200.000,610.000,90.000,100.000,60,-1.000,-1.000
449,18.980058,17.246491,4,1,0,1,68.000,0,6500.000,700.000,110.000,6200.000,610.000,90.000,100.000,60,-1.000,-1.000
450,22.477016,16.667477,4,1,0,1,68.000,0,6500.000,700.000,110.000,6200.000,610.000,90.000,100.000,60,-1.000,-1.000
451,11.679868,16.673088,4,1,0,1,68.000,0,6500.000,700.000,110.000,6200.000,610.000,90.000,100.000,60,-1.000,-1.000
452,12.991466,16.667098,4,1,0,1,68.000,0,6500.000,700.000,110.000,6200.000,610.000,90.000,100.000,60,-1.000,-1.000
453,17.375583,16.676297,4,1,0,1,68.000,0,6500.000,700.000,110.000,6200.000,610.000,90.000,100.000,60,-1.000,-1.000
454,17.920866,16.666878,4,1,0,1,68.000,0,6500.000,700.000,110.000,6200.000,610.000,90.000,100.000,60,-1.000,-1.000
455,21.137286,16.667058,4,1,0,1,68.000,0,6500.000,700.000,110.000,6200.000,610.000,90.000,100.000,60,-1.000,-1.000
456,10.834149,16.667557,4,1,0,1,68.000,0,6500.000,700.000,110.000,6200.000,610.000,90.000,100.000,60,-1.000,-1.000
457,16.259878,16.667028,4,1,0,1,68.000,0,6500.000,700.000,110.000,6200.000,610.000,90.000,100.000,60,-1.000,-1.000
458,19.795927,16.678538,4,1,0,1,68.000,0,6500.000,700.000,110.000,6200.000,610.000,90.000,100.000,60,-1.000,-1.000
459,15.273197,16.667297,4,1,0,1,68.000,0,6500.000,700.000,110.000,6200.000,610.000,90.000,100.000,60,-1.000,-1.000
460,17.133468,16.672819,4,1,0,1,68.000,0,6500.000,700.000,110.000,6200.000,610.000,90.000,100.000,60,-1.000,-1.000
461,15.900511,16.667687,4,1,0,1,68.000,0,6500.000,700.000,110.000,6200.000,610.000,90.000,100.000,60,-1.000,-1.000
462,16.821591,16.744699,4,1,0,1,68.000,0,6500.000,700.000,110.000,6200.000,610.000,90.000,100.000,60,-1.000,-1.000
463,17.815693,16.667058,4,1,0,1,68.000,0,6500.000,700.000,110.000,6200.000,610.000,90.000,100.000,60,-1.000,-1.000
464,16.043684,16.824031,4,1,0,1,68.000,0,6500.000,700.000,110.000,6200.000,610.000,90.000,100.000,60,-1.000,-1.000
465,14.761916,16.667687,4,1,0,1,68.000,0,6500.000,700.000,110.000,6200.000,610.000,90.000,100.000,60,-1.000,-1.000
466,19.665053,16.667268,4,1,0,1,68.000,0,6500.000,700.000,110.000,6200.000,610.000,90.000,100.000,60,-1.000,-1.000
467,17.112478,16.667469,4,1,0,1,68.000,0,6500.000,700.000,110.000,6200.000,610.000,90.000,100.000,60,-1.000,-1.000
468,13.684291,16.667366,4,1,0,1,68.000,0,6500.000,700.000,110.000,6200.000,610.000,90.000,100.000,60,-1.000,-1.000
469,18.202902,16.667718,4,1,0,1,68.000,0,6500.000,700.000,110.000,6200.000,610.000,90.000,100.000,60,-1.000,-1.000
470,14.449509,16.667269,4,1,0,1,68.000,0,6500.000,700.000,110.000,6200.000,610.000,90.000,100.000,60,-1.000,-1.000
471,20.243816,16.667646,4,1,0,1,68.000,0,6500.000,700.000,110.000,6200.000,610.000,90.000,100.000,60,-1.000,-1.000
472,14.566622,16.667559,4,1,0,1,68.000,0,6500.000,700.000,110.000,6200.000,610.000,90.000,100.000,60,-1.000,-1.000
473,15.905141,16.667218,4,1,0,1,68.000,0,6500.000,700.000,110.000,6200.000,610.000,90.000,100.000,60,-1.000,-1.000
474,16.459413,16.667097,4,1,0,1,68.000,0,6500.000,700.000,110.000,6200.000,610.000,90.000,100.000,60,-1.000,-1.000
475,19.126812,16.667468,4,1,0,1,68.000,0,6500.000,700.000,110.000,6200.000,610.000,90.000,100.000,60,-1.000,-1.000
476,18.342994,16.728939,4,1,0,1,68.000,0,6500.000,700.000,110.000,6200.000,610.000,90.000,100.000,60,-1.000,-1.000
477,12.574728,16.691587,4,1,0,1,68.000,0,6500.000,700.000,110.000,6200.000,610.000,90.000,100.000,60,-1.000,-1.000
478,16.149226,16.667728,4,1,0,1,68.000,0,6500.000,700.000,110.000,6200.000,610.000,90.000,100.000,60,-1.000,-1.000
479,16.821991,16.667688,4,1,0,1,68.000,0,6500.000,700.000,110.000,6200.000,610.000,90.000,100.000,60,-1.000,-1.000
480,23.471587,16.667787,4,1,0,1,68.000,0,6500.000,700.000,110.000,6200.000,610.000,90.000,100.000,60,-1.000,-1.000
481,15.206877,16.667428,4,1,0,1,68.000,0,6500.000,700.000,110.000,6200.000,610.000,90.000,100.000,60,-1.000,-1.000
482,16.612615,16.667458,4,1,0,1,68.000,0,6500.000,700.000,110.000,6200.000,610.000,90.000,100.000,60,-1.000,-1.000
483,13.875577,16.667187,4,1,0,1,68.000,0,6500.000,700.000,110.000,6200.000,610.000,90.000,100.000,60,-1.000,-1.000
484,19.075720,16.667529,4,1,0,1,68.000,0,6500.000,700.000,110.000,6200.000,610.000,90.000,100.000,60,-1.000,-1.000
485,13.666242,16.667107,4,1,0,1,68.000,0,6500.000,700.000,110.000,6200.000,610.000,90.000,100.000,60,-1.000,-1.000
486,14.773876,16.667287,4,1,0,1,68.000,0,6500.000,700.000,110.000,6200.000,610.000,90.000,100.000,60,-1.000,-1.000
487,16.683918,16.667208,4,1,0,1,68.000,0,6500.000,700.000,110.000,6200.000,610.000,90.000,100.000,60,-1.000,-1.000
488,22.593209,16.667298,4,1,0,1,68.000,0,6500.000,700.000,110.000,6200.000,610.000,90.000,100.000,60,-1.000,-1.000
489,16.369400,16.667018,4,1,0,1,68.000,0,6500.000,700.000,110.000,6200.000,610.000,90.000,100.000,60,-1.000,-1.000
490,11.721459,16.667367,4,1,0,1,68.000,0,6500.000,700.000,110.000,6200.000,610.000,90.000,100.000,60,-1.000,-1.000
491,21.031954,16.667068,4,1,0,1,68.000,0,6500.000,700.000,110.000,6200.000,610.000,90.000,100.000,60,-1.000,-1.000
492,17.034476,16.667358,4,1,0,1,68.000,0,6500.000,700.000,110.000,6200.000,610.000,90.000,100.000,60,-1.000,-1.000
493,12.169768,16.667637,4,1,0,1,68.000,0,6500.000,700.000,110.000,6200.000,610.000,90.000,100.000,60,-1.000,-1.000
494,17.131578,16.667309,5,1,0,1,68.000,0,6500.000,700.000,110.000,6200.000,610.000,90.000,100.000,60,-1.000,-1.000
495,16.277520,16.667347,5,1,0,2,34.000,0,6500.000,700.000,110.000,6200.000,610.000,90.000,100.000,59,-1.000,-1.000
496,17.514085,16.667328,5,1,0,2,34.000,0,6500.000,700.000,110.000,6200.000,610.000,90.000,100.000,59,-1.000,-1.000
497,15.231936,16.818881,5,1,0,2,34.000,0,6500.000,700.000,110.000,6200.000,610.000,90.000,100.000,59,-1.000,-1.000
498,17.160549,16.667807,5,1,0,2,34.000,0,6500.000,700.000,110.000,6200.000,610.000,90.000,100.000,59,-1.000,-1.000
499,16.578856,17.009765,5,1,0,2,34.000,0,6500.000,700.000,110.000,6200.000,610.000,90.000,100.000,59,-1.000,-1.000
500,17.158148,16.811971,6,1,0,2,34.000,0,6500.000,700.000,110.000,6200.000,610.000,90.000,100.000,59,-1.000,-1.000
501,169.170622,16.667548,6,1,0,2,34.000,0,6500.000,700.000,110.000,6200.000,610.000,90.000,100.000,59,-1.000,-1.000
502,5.221566,155.728146,6,1,0,2,34.000,0,6500.000,700.000,110.000,6200.000,610.000,90.000,100.000,59,-1.000,-1.000
503,13.975127,16.667417,6,1,0,2,34.000,0,6500.000,700.000,110.000,6200.000,610.000,90.000,100.000,59,-1.000,-1.000
504,17.041697,17.153388,6,1,0,2,34.000,0,6500.000,700.000,110.000,6200.000,610.000,90.000,100.000,59,-1.000,-1.000
505,17.107067,16.666948,6,1,0,2,34.000,0,6500.000,700.000,110.000,6200.000,610.000,90.000,100.000,59,-1.000,-1.000
506,18.253193,16.667328,6,1,0,2,34.000,0,6500.000,700.000,110.000,6200.000,610.000,90.000,100.000,59,-1.000,-1.000
507,15.990302,16.667557,6,1,0,2,34.000,0,6500.000,700.000,110.000,6200.000,610.000,90.000,100.000,59,-1.000,-1.000
508,17.152339,16.667238,6,1,0,2,34.000,0,6500.000,700.000,110.000,6200.000,610.000,90.000,100.000,59,-1.000,-1.000
509,19.726705,16.742389,6,1,0,2,34.000,0,6500.000,700.000,110.000,6200.000,610.000,90.000,100.000,59,-1.000,-1.000
510,14.138912,16.667097,6,1,0,2,34.000,0,6500.000,700.000,110.000,6200.000,610.000,90.000,100.000,59,-1.000,-1.000
511,17.714441,16.860332,6,1,0,2,34.000,0,6500.000,700.000,110.000,6200.000,610.000,90.000,100.000,59,-1.000,-1.000
512,18.877505,16.667218,6,1,0,2,34.000,0,6500.000,700.000,110.000,6200.000,610.000,90.000,100.000,59,-1.000,-1.000
513,14.563402,16.667169,6,1,0,2,34.000,0,6500.000,700.000,110.000,6200.000,610.000,90.000,100.000,59,-1.000,-1.000
514,14.750576,16.671787,6,1,0,2,34.000,0,6500.000,700.000,110.000,6200.000,610.000,90.000,100.000,59,-1.000,-1.000
515,16.308889,16.891222,6,1,0,2,34.000,0,6500.000,700.000,110.000,6200.000,610.000,90.000,100.000,59,-1.000,-1.000
516,20.407790,18.052328,6,1,0,2,34.000,0,6500.000,700.000,110.000,6200.000,610.000,90.000,100.000,59,-1.000,-1.000
517,23.643782,16.667489,6,1,0,2,34.000,0,6500.000,700.000,110.000,6200.000,610.000,90.000,100.000,59,-1.000,-1.000
518,8.995408,16.986254,6,1,0,2,34.000,0,6500.000,700.000,110.000,6200.000,610.000,90.000,100.000,59,-1.000,-1.000
519,17.644320,16.668038,6,1,0,2,34.000,0,6500.000,700.000,110.000,6200.000,610.000,90.000,100.000,59,-1.000,-1.000
520,15.663095,16.705588,6,1,0,2,34.000,0,6500.000,700.000,110.000,6200.000,610.000,90.000,100.000,59,-1.000,-1.000
521,15.984182,16.666948,6,1,0,2,34.000,0,6500.000,700.000,110.000,6200.000,610.000,90.000,100.000,59,-1.000,-1.000
522,20.911832,16.667158,7,1,0,2,34.000,0,6500.000,700.000,110.000,6200.000,610.000,90.000,100.000,59,-1.000,-1.000
523,16.049734,16.667677,7,1,0,3,0.000,1,6506.569,700.000,111.051,6200.000,610.000,90.000,100.000,58,-1.000,-1.000
524,13.811615,17.035486,7,1,0,3,0.000,1,6513.192,700.000,111.829,6200.000,610.000,90.000,100.000,58,-1.000,-1.000
525,15.705736,16.773270,7,1,0,3,0.000,1,6519.625,700.000,112.313,6200.000,610.000,90.000,100.000,58,-1.000,-1.000
526,17.456155,16.994025,7,1,0,3,0.000,1,6526.054,700.000,112.518,6200.000,610.000,90.000,100.000,58,-1.000,-1.000
527,19.576632,16.667328,7,1,0,3,0.000,1,6532.275,700.000,112.448,6200.000,610.000,90.000,100.000,58,-1.000,-1.000
528,17.019156,16.667267,8,1,0,3,0.000,1,6538.414,700.000,112.109,6200.000,610.000,90.000,100.000,58,-1.000,-1.000
529,15.154054,16.672208,8,1,0,3,0.000,1,6544.472,700.000,111.507,6200.000,610.000,90.000,100.000,58,-1.000,-1.000
530,15.285567,16.668138,8,1,0,3,0.000,1,6550.448,700.000,110.644,6200.000,610.000,90.000,100.000,58,-1.000,-1.000
531,19.186933,18.046688,8,1,0,3,0.000,1,6556.825,700.000,109.409,6200.000,610.000,90.000,100.000,58,-1.000,-1.000
532,18.776884,16.667647,8,1,0,3,0.000,1,6562.636,700.000,108.014,6200.000,610.000,90.000,100.000,58,-1.000,-1.000
533,12.285391,16.706649,8,1,0,3,0.000,1,6568.383,700.000,106.365,6200.000,610.000,90.000,100.000,58,-1.000,-1.000
534,20.977793,19.632083,8,1,0,3,0.000,1,6575.030,700.000,104.087,6200.000,610.000,90.000,100.000,58,-1.000,-1.000
535,18.749514,18.995679,8,1,0,3,0.000,1,6581.150,700.100,101.905,6200.000,610.000,90.000,100.000,58,-1.000,-1.000
536,21.706249,16.918014,8,1,0,3,0.000,1,6586.387,700.440,100.089,6200.000,610.000,90.000,100.000,58,-1.000,-1.000
537,14.763876,16.680747,8,1,0,3,0.000,1,6591.481,700.771,98.054,6200.000,610.000,90.000,100.000,58,-1.000,-1.000
538,13.087148,16.667778,8,1,0,3,0.000,1,6596.475,701.112,95.825,6200.000,610.000,90.000,100.000,58,-1.000,-1.000
539,19.985711,16.666918,8,1,0,3,0.000,1,6601.372,701.463,93.406,6200.000,610.000,90.000,100.000,58,-1.000,-1.000
540,15.307877,16.667817,8,1,0,3,0.000,1,6606.181,701.822,90.787,6200.000,610.000,90.000,100.000,58,-1.000,-1.000
541,15.507063,17.679550,8,1,0,3,0.000,1,6611.184,702.212,87.788,6200.000,610.000,90.000,100.000,58,-1.000,-1.000
542,16.892422,16.675669,8,1,0,3,0.000,1,6615.818,702.585,84.763,6200.000,610.000,90.000,100.000,58,-1.000,-1.000
543,16.736819,16.667526,8,1,0,3,0.000,1,6620.366,702.965,81.547,6200.000,610.000,90.000,100.000,58,-1.000,-1.000
544,23.627872,16.680349,8,1,0,3,0.000,1,6624.835,703.351,78.138,6200.000,610.000,90.000,100.000,58,-1.000,-1.000
545,12.851593,16.819711,8,1,0,3,0.000,1,6629.258,703.745,74.508,6200.000,610.000,90.000,100.000,58,-1.000,-1.000
546,18.383896,16.667337,8,1,0,3,0.000,1,6633.560,704.140,70.724,6200.000,610.000,90.000,100.000,58,-1.000,-1.000
547,13.180160,16.667018,8,1,0,3,0.000,1,6637.783,704.537,66.756,6200.000,610.000,90.000,100.000,58,-1.000,-1.000
548,14.886449,16.667898,8,1,0,3,0.000,1,6641.927,704.936,62.606,6200.000,610.000,90.000,100.000,58,-1.000,-1.000
549,16.617147,16.671427,8,1,0,3,0.000,1,6645.993,705.334,58.276,6200.000,610.000,90.000,100.000,58,-1.000,-1.000
550,17.921045,16.667418,8,1,0,3,0.000,1,6649.833,705.743,53.980,6200.000,610.000,90.000,100.000,58,-1.000,-1.000
551,15.483261,16.670848,8,1,0,3,0.000,1,6653.508,706.151,49.636,6200.000,610.000,90.000,100.000,58,-1.000,-1.000
552,16.608597,16.666927,8,1,0,3,0.000,1,6657.113,706.554,45.112,6200.000,610.000,90.000,100.000,58,-1.000,-1.000
553,19.392637,16.667558,8,1,0,3,0.000,1,6660.647,706.952,40.411,6200.000,610.000,90.000,100.000,58,-1.000,-1.000
554,16.052264,16.667178,8,1,0,3,0.000,1,6664.110,707.343,35.539,6200.000,610.000,90.000,100.000,58,-1.000,-1.000
555,14.805587,16.667907,8,1,0,3,0.000,1,6667.503,707.727,30.498,6200.000,610.000,90.000,100.000,58,-1.000,-1.000
556,16.550505,16.667358,8,1,0,3,0.000,1,6670.824,708.104,25.293,6200.000,610.000,90.000,100.000,58,-1.000,-1.000
557,21.064974,16.667378,8,1,0,3,0.000,1,6674.054,708.471,19.957,6200.000,610.000,90.000,100.000,58,-1.000,-1.000
558,16.898593,16.667347,8,1,0,3,0.000,1,6677.151,708.822,14.551,6200.000,610.000,90.000,100.000,58,-1.000,-1.000
559,15.545643,16.667378,8,1,0,3,0.000,1,6680.154,709.163,9.026,6200.000,610.000,90.000,100.000,58,-1.000,-1.000
560,16.035794,16.667308,8,1,0,3,0.000,1,6681.278,709.292,6.642,6200.000,610.000,90.000,100.000,58,-1.000,-1.000
561,14.349396,16.667237,8,1,0,3,0.000,1,6681.705,709.140,6.005,6200.000,610.000,90.000,100.000,58,-1.000,-1.000
562,15.919112,16.667748,8,1,0,3,0.000,1,6681.938,709.076,6.661,6200.000,610.000,90.000,100.000,58,-1.000,-1.000
563,20.511943,16.667098,8,1,0,3,0.000,1,6682.027,709.143,7.109,6200.000,610.000,90.000,100.000,58,-1.000,-1.000
564,13.060228,16.708878,8,1,0,3,0.000,1,6682.081,709.171,7.351,6200.000,610.000,90.000,100.000,58,-1.000,-1.000
565,16.525554,16.667908,8,1,0,3,0.000,1,6682.097,709.186,7.390,6200.000,610.000,90.000,100.000,58,-1.000,-1.000
566,16.752239,16.667048,8,1,0,3,0.000,1,6682.094,709.183,7.227,6200.000,610.000,90.000,100.000,58,-1.000,-1.000
567,17.099757,16.695758,8,1,0,3,0.000,1,6682.061,709.166,6.866,6200.000,610.000,90.000,100.000,58,-1.000,-1.000
568,16.256529,16.667298,8,1,0,3,0.000,1,6682.019,709.160,6.312,6200.000,610.000,90.000,100.000,58,-1.000,-1.000
569,16.684068,16.694918,8,1,0,3,0.000,1,6682.007,709.155,6.000,6200.000,610.000,90.000,100.000,58,-1.000,-1.000
570,21.524215,16.667967,8,1,0,3,0.000,1,6682.000,709.151,6.000,6200.000,610.000,90.000,100.000,58,-1.000,-1.000
571,14.707864,16.667128,8,1,0,3,0.000,1,6682.008,709.155,6.000,6200.000,610.000,90.000,100.000,58,-1.000,-1.000
572,15.056762,16.667078,8,1,0,3,0.000,1,6682.003,709.152,6.000,6200.000,610.000,90.000,100.000,58,-1.000,-1.000
573,16.450604,16.701468,8,1,0,3,0.000,1,6682.010,709.154,6.000,6200.000,610.000,90.000,100.000,58,-1.000,-1.000
574,16.044584,16.667248,8,1,0,3,0.000,1,6682.005,709.151,6.000,6200.000,610.000,90.000,100.000,58,-1.000,-1.000
575,18.903077,16.667238,8,1,0,3,0.000,1,6682.006,709.156,6.000,6200.000,610.000,90.000,100.000,58,-1.000,-1.000
576,15.635844,16.667587,8,1,0,3,0.000,1,6682.006,709.150,6.000,6200.000,610.000,90.000,100.000,58,-1.000,-1.000
577,15.992883,16.667388,8,1,0,3,0.000,1,6682.007,709.152,6.000,6200.000,610.000,90.000,100.000,58,-1.000,-1.000
578,16.718849,16.667328,8,1,0,3,0.000,1,6682.008,709.155,6.000,6200.000,610.000,90.000,100.000,58,-1.000,-1.000
579,16.922833,16.667987,8,1,0,3,0.000,1,6682.003,709.152,6.000,6200.000,610.000,90.000,100.000,58,-1.000,-1.000
580,18.667052,17.602699,8,1,0,3,0.000,1,6682.010,709.154,6.000,6200.000,610.000,90.000,100.000,58,-1.000,-1.000
581,17.369973,18.557128,8,1,0,3,0.000,1,6682.003,709.153,6.000,6200.000,610.000,90.000,100.000,58,-1.000,-1.000
582,18.514268,16.786331,8,1,0,3,0.000,1,6682.010,709.154,6.000,6200.000,610.000,90.000,100.000,58,-1.000,-1.000
583,15.727727,16.995985,8,1,0,3,0.000,1,6682.007,709.151,6.000,6200.000,610.000,90.000,100.000,58,-1.000,-1.000
584,19.616883,16.825541,8,1,0,3,0.000,1,6682.007,709.151,6.000,6200.000,610.000,90.000,100.000,58,-1.000,-1.000
585,16.525004,16.834422,8,1,0,3,0.000,1,6682.007,709.151,6.000,6200.000,610.000,90.000,100.000,58,-1.000,-1.000
586,16.798021,16.667548,8,1,0,3,0.000,1,6682.007,709.151,6.000,6200.000,610.000,90.000,100.000,58,-1.000,-1.000
587,14.963940,16.784649,8,1,0,3,0.000,1,6682.007,709.151,6.000,6200.000,610.000,90.000,100.000,58,-1.000,-1.000
588,15.268907,16.668068,8,1,0,3,0.000,1,6682.007,709.151,6.000,6200.000,610.000,90.000,100.000,58,-1.000,-1.000
589,18.672902,16.668068,8,1,0,3,0.000,1,6682.007,709.151,6.000,6200.000,610.000,90.000,100.000,58,-1.000,-1.000
590,20.848620,18.206732,8,1,0,3,0.000,1,6682.007,709.151,6.000,6200.000,610.000,90.000,100.000,58,-1.000,-1.000
591,11.902523,16.667148,8,1,0,3,0.000,1,6682.007,709.151,6.000,6200.000,610.000,90.000,100.000,58,-1.000,-1.000
592,17.099157,16.667747,8,1,0,3,0.000,1,6682.007,709.151,6.000,6200.000,610.000,90.000,100.000,58,-1.000,-1.000
593,16.707099,16.729589,8,1,0,3,0.000,1,6682.007,709.151,6.000,6200.000,610.000,90.000,100.000,58,-1.000,-1.000
594,17.699099,16.668328,8,1,0,3,0.000,1,6682.007,709.151,6.000,6200.000,610.000,90.000,100.000,58,-1.000,-1.000
595,16.372442,17.232190,8,1,0,3,0.000,1,6682.007,709.151,6.000,6200.000,610.000,90.000,100.000,58,-1.000,-1.000
596,17.203379,17.040466,8,1,0,3,0.000,1,6682.007,709.151,6.000,6200.000,610.000,90.000,100.000,58,-1.000,-1.000
597,17.649589,16.722209,8,1,0,3,0.000,1,6682.007,709.151,6.000,6200.000,610.000,90.000,100.000,58,-1.000,-1.000
598,14.014289,16.669697,8,1,0,3,0.000,1,6682.007,709.151,6.000,6200.000,610.000,90.000,100.000,58,-1.000,-1.000
599,16.876463,16.667358,8,1,0,3,0.000,1,6682.007,709.151,6.000,6200.000,610.000,90.000,100.000,58,-1.000,-1.000
600,16.383902,16.667508,8,1,0,3,0.000,1,6682.007,709.151,6.000,6200.000,610.000,90.000,100.000,58,-1.000,-1.000
601,16.630476,16.667677,8,1,0,3,0.000,1,6682.007,709.151,6.000,6200.000,610.000,90.000,100.000,58,-1.000,-1.000
602,16.961814,16.667588,8,1,0,3,0.000,1,6682.007,709.151,6.000,6200.000,610.000,90.000,100.000,58,-1.000,-1.000
603,19.676214,16.698209,8,1,0,3,0.000,1,6682.007,709.151,6.000,6200.000,610.000,90.000,100.000,58,-1.000,-1.000
604,15.493202,16.676287,8,1,0,3,0.000,1,6682.007,709.151,6.000,6200.000,610.000,90.000,100.000,58,-1.000,-1.000
605,19.731565,16.667348,8,1,0,3,0.000,1,6682.007,709.151,6.000,6200.000,610.000,90.000,100.000,58,-1.000,-1.000
606,18.108600,16.667818,8,1,0,3,0.000,1,6682.007,709.151,6.000,6200.000,610.000,90.000,100.000,58,-1.000,-1.000
607,14.311766,16.719458,8,1,0,3,0.000,1,6682.007,709.151,6.000,6200.000,610.000,90.000,100.000,58,-1.000,-1.000
608,15.646525,16.667488,8,1,0,3,0.000,1,6682.007,709.151,6.000,6200.000,610.000,90.000,100.000,58,-1.000,-1.000
609,18.514998,17.788692,8,1,0,3,0.000,1,6682.007,709.151,6.000,6200.000,610.000,90.000,100.000,58,-1.000,-1.000
610,15.855220,16.675688,8,1,0,3,0.000,1,6682.007,709.151,6.000,6200.000,610.000,90.000,100.000,58,-1.000,-1.000
611,15.134644,16.715059,8,1,0,3,0.000,1,6682.007,709.151,6.000,6200.000,610.000,90.000,100.000,58,-1.000,-1.000
612,17.387113,16.684268,8,1,0,3,0.000,1,6682.007,709.151,6.000,6200.000,610.000,90.000,100.000,58,-1.000,-1.000
613,17.554888,16.872772,8,1,0,3,0.000,1,6682.007,709.151,6.000,6200.000,610.000,90.000,100.000,58,-1.000,-1.000
614,21.011593,16.667887,8,1,0,3,0.000,1,6682.007,709.151,6.000,6200.000,610.000,90.000,100.000,58,-1.000,-1.000
615,10.713816,16.667128,8,1,0,3,0.000,1,6682.007,709.151,6.000,6200.000,610.000,90.000,100.000,58,-1.000,-1.000
616,16.978074,16.667978,8,1,0,3,0.000,1,6682.007,709.151,6.000,6200.000,610.000,90.000,100.000,58,-1.000,-1.000
617,17.655300,16.778260,8,1,0,3,0.000,1,6682.007,709.151,6.000,6200.000,610.000,90.000,100.000,58,-1.000,-1.000
618,15.362509,16.667968,8,1,0,3,0.000,1,6682.007,709.151,6.000,6200.000,610.000,90.000,100.000,58,-1.000,-1.000
619,17.296512,17.614209,8,1,0,3,0.000,1,6682.007,709.151,6.000,6200.000,610.000,90.000,100.000,58,-1.000,-1.000
620,17.757371,17.870524,8,1,0,3,0.000,1,6682.007,709.151,6.000,6200.000,610.000,90.000,100.000,58,-1.000,-1.000
621,18.181172,16.836340,8,1,0,3,0.000,1,6682.007,709.151,6.000,6200.000,610.000,90.000,100.000,58,-1.000,-1.000
622,18.594279,16.714319,8,1,0,3,0.000,1,6682.007,709.151,6.000,6200.000,610.000,90.000,100.000,58,-1.000,-1.000
623,13.812175,16.667538,8,1,0,3,0.000,1,6682.007,709.151,6.000,6200.000,610.000,90.000,100.000,58,-1.000,-1.000
624,16.236758,16.667227,8,1,0,3,0.000,1,6682.007,709.151,6.000,6200.000,610.000,90.000,100.000,58,-1.000,-1.000
625,16.812931,16.667368,8,1,0,3,0.000,1,6682.007,709.151,6.000,6200.000,610.000,90.000,100.000,58,-1.000,-1.000
626,16.482993,16.667588,8,1,0,3,0.000,1,6682.007,709.151,6.000,6200.000,610.000,90.000,100.000,58,-1.000,-1.000
627,17.425205,16.695138,8,1,0,3,0.000,1,6682.007,709.151,6.000,6200.000,610.000,90.000,100.000,58,-1.000,-1.000
628,18.947018,16.668038,8,1,0,3,0.000,1,6682.007,709.151,6.000,6200.000,610.000,90.000,100.000,58,-1.000,-1.000
629,15.413280,16.667258,8,1,0,3,0.000,1,6682.007,709.151,6.000,6200.000,610.000,90.000,100.000,58,-1.000,-1.000
630,18.759004,16.668077,8,1,0,3,0.000,1,6682.007,709.151,6.000,6200.000,610.000,90.000,100.000,58,-1.000,-1.000
631,137.839721,16.667088,8,1,0,3,0.000,1,6682.007,709.151,6.000,6200.000,610.000,90.000,100.000,58,-1.000,-1.000
632,3.279242,128.071705,8,1,0,3,0.000,1,6682.007,709.151,6.000,6200.000,610.000,90.000,100.000,58,-1.000,-1.000
633,20.640115,16.719949,8,1,0,3,0.000,1,6682.007,709.151,6.000,6200.000,610.000,90.000,100.000,58,-1.000,-1.000
634,19.023120,16.667457,8,1,0,3,0.000,1,6682.007,709.151,6.000,6200.000,610.000,90.000,100.000,58,-1.000,-1.000
635,15.648205,16.667298,8,1,0,3,0.000,1,6682.007,709.151,6.000,6200.000,610.000,90.000,100.000,58,-1.000,-1.000
636,15.390840,16.667388,8,1,0,3,0.000,1,6682.007,709.151,6.000,6200.000,610.000,90.000,100.000,58,-1.000,-1.000
637,14.398907,18.101509,8,1,0,3,0.000,1,6682.007,709.151,6.000,6200.000,610.000,90.000,100.000,58,-1.000,-1.000
638,16.918413,16.667788,8,1,0,3,0.000,1,6682.007,709.151,6.000,6200.000,610.000,90.000,100.000,58,-1.000,-1.000
639,20.129554,16.668087,8,1,0,3,0.000,1,6682.007,709.151,6.000,6200.000,610.000,90.000,100.000,58,-1.000,-1.000
640,17.118398,16.667788,8,1,0,3,0.000,1,6682.007,709.151,6.000,6200.000,610.000,90.000,100.000,58,-1.000,-1.000
641,16.809451,16.667427,27,1,0,3,0.000,1,6682.007,709.151,6.000,6200.000,610.000,90.000,100.000,58,-1.000,-1.000
642,163.635760,16.668088,27,1,0,3,0.000,1,6682.007,709.151,6.000,6200.000,610.000,90.000,100.000,58,-1.000,-1.000
643,7.622587,155.868659,27,1,0,3,0.000,1,6682.007,709.151,6.000,6200.000,610.000,90.000,100.000,58,-1.000,-1.000
644,15.004431,16.872582,27,1,0,3,0.000,1,6682.007,709.151,6.000,6200.000,610.000,90.000,100.000,58,-1.000,-1.000
645,17.273062,16.667777,27,1,0,3,0.000,1,6682.007,709.151,6.000,6200.000,610.000,90.000,100.000,58,-1.000,-1.000
646,18.144800,18.001887,27,1,0,3,0.000,1,6682.007,709.151,6.000,6200.000,610.000,90.000,100.000,58,-1.000,-1.000
647,19.081311,18.285504,27,1,0,3,0.000,1,6682.007,709.151,6.000,6200.000,610.000,90.000,100.000,58,-1.000,-1.000
648,17.549986,17.241940,27,1,0,3,0.000,1,6682.007,709.151,6.000,6200.000,610.000,90.000,100.000,58,-1.000,-1.000
649,16.002903,16.804701,27,1,0,3,0.000,1,6682.007,709.151,6.000,6200.000,610.000,90.000,100.000,58,-1.000,-1.000
650,15.639986,17.132498,27,1,0,3,0.000,1,6682.007,709.151,6.000,6200.000,610.000,90.000,100.000,58,-1.000,-1.000
651,15.863690,16.858262,27,1,0,3,0.000,1,6682.007,709.151,6.000,6200.000,610.000,90.000,100.000,58,-1.000,-1.000
652,18.384645,16.803101,27,1,0,3,0.000,1,6682.007,709.151,6.000,6200.000,610.000,90.000,100.000,58,-1.000,-1.000
653,15.162374,16.667207,27,1,0,3,0.000,1,6682.007,709.151,6.000,6200.000,610.000,90.000,100.000,58,-1.000,-1.000
654,24.141433,18.589510,27,1,0,3,0.000,1,6682.007,709.151,6.000,6200.000,610.000,90.000,100.000,58,-1.000,-1.000
655,11.132316,16.666987,27,1,0,3,0.000,1,6682.007,709.151,6.000,6200.000,610.000,90.000,100.000,58,-1.000,-1.000
656,22.225170,16.667868,27,1,0,3,0.000,1,6682.007,709.151,6.000,6200.000,610.000,90.000,100.000,58,-1.000,-1.000
657,12.280261,16.667328,27,1,0,3,0.000,1,6682.007,709.151,6.000,6200.000,610.000,90.000,100.000,58,-1.000,-1.000
658,16.771840,16.667197,27,1,0,3,0.000,1,6682.007,709.151,6.000,6200.000,610.000,90.000,100.000,58,-1.000,-1.000
659,15.961542,16.876423,27,1,0,3,0.000,1,6682.007,709.151,6.000,6200.000,610.000,90.000,100.000,58,-1.000,-1.000
660,16.438852,16.899873,27,1,0,3,0.000,1,6682.007,709.151,6.000,6200.000,610.000,90.000,100.000,58,-1.000,-1.000
661,16.380452,16.667518,27,1,0,3,0.000,1,6682.007,709.151,6.000,6200.000,610.000,90.000,100.000,58,-1.000,-1.000
662,18.005247,16.667718,27,1,0,3,0.000,1,6682.007,709.151,6.000,6200.000,610.000,90.000,100.000,58,-1.000,-1.000
663,15.549923,16.667766,9,1,0,3,0.000,1,6682.007,709.151,6.000,6200.000,610.000,90.000,100.000,58,-1.000,-1.000
664,19.120141,16.679219,9,1,0,3,0.000,1,6682.007,709.151,6.000,6300.000,700.000,90.000,100.000,58,-1.000,-1.000
665,16.531995,16.667678,9,1,0,3,0.000,1,6682.007,709.151,6.000,6300.000,700.000,90.000,100.000,58,-1.000,-1.000
666,22.457165,18.880605,9,1,0,3,0.000,1,6682.007,709.151,6.000,6300.000,700.000,90.000,100.000,58,-1.000,-1.000
667,18.068539,20.170366,9,1,0,3,0.000,1,6682.007,709.151,6.000,6300.000,700.000,90.000,100.000,58,-1.000,-1.000
668,20.373360,20.541933,9,1,0,3,0.000,1,6682.007,709.151,6.000,6300.000,700.000,90.000,100.000,58,-1.000,-1.000
669,12.795541,16.667338,9,1,0,3,0.000,1,6682.007,709.151,6.000,6300.000,700.000,90.000,100.000,58,-1.000,-1.000
670,25.025012,16.704887,9,1,0,3,0.000,1,6682.007,709.151,6.000,6300.000,700.000,90.000,100.000,58,-1.000,-1.000
671,13.545710,16.667478,9,1,0,3,0.000,1,6682.007,709.151,6.000,6300.000,700.000,90.000,100.000,58,-1.000,-1.000
672,11.688888,16.667288,9,1,0,3,0.000,1,6682.007,709.151,6.000,6300.000,700.000,90.000,100.000,58,-1.000,-1.000
673,20.948162,16.667407,9,1,0,3,0.000,1,6682.007,709.151,6.000,6300.000,700.000,90.000,100.000,58,-1.000,-1.000
674,12.816192,16.667398,9,1,0,3,0.000,1,6682.007,709.151,6.000,6300.000,700.000,90.000,100.000,58,-1.000,-1.000
675,21.199888,16.667438,9,1,0,3,0.000,1,6682.007,709.151,6.000,6300.000,700.000,90.000,100.000,58,-1.000,-1.000
676,11.737248,16.667787,9,1,0,3,0.000,1,6682.007,709.151,6.000,6300.000,700.000,90.000,100.000,58,-1.000,-1.000
677,22.476887,16.668138,9,1,0,3,0.000,1,6682.007,709.151,6.000,6300.000,700.000,90.000,100.000,58,-1.000,-1.000
678,10.924221,16.667168,9,1,0,3,0.000,1,6682.007,709.151,6.000,6300.000,700.000,90.000,100.000,58,-1.000,-1.000
679,17.838373,16.667287,9,1,0,3,0.000,1,6682.007,709.151,6.000,6300.000,700.000,90.000,100.000,58,-1.000,-1.000
680,15.579963,16.667888,9,1,0,3,0.000,1,6682.007,709.151,6.000,6300.000,700.000,90.000,100.000,58,-1.000,-1.000
681,17.148179,16.688929,9,1,0,3,0.000,1,6682.007,709.151,6.000,6300.000,700.000,90.000,100.000,58,-1.000,-1.000
682,15.996153,16.667357,9,1,0,3,0.000,1,6682.007,709.151,6.000,6300.000,700.000,90.000,100.000,58,-1.000,-1.000
683,19.224523,16.667528,9,1,0,3,0.000,1,6682.007,709.151,6.000,6300.000,700.000,90.000,100.000,58,-1.000,-1.000
684,16.250579,16.940924,9,1,0,3,0.000,1,6682.007,709.151,6.000,6300.000,700.000,90.000,100.000,58,-1.000,-1.000
685,15.220846,16.667478,9,1,0,3,0.000,1,6682.007,709.151,6.000,6300.000,700.000,90.000,100.000,58,-1.000,-1.000
686,16.561846,16.667757,9,1,0,3,0.000,1,6682.007,709.151,6.000,6300.000,700.000,90.000,100.000,58,-1.000,-1.000
687,16.987484,16.668158,9,1,0,3,0.000,1,6682.007,709.151,6.000,6300.000,700.000,90.000,100.000,58,-1.000,-1.000
688,16.063245,16.667758,9,1,0,3,0.000,1,6682.007,709.151,6.000,6300.000,700.000,90.000,100.000,58,-1.000,-1.000
689,16.684327,16.667567,9,1,0,3,0.000,1,6682.007,709.151,6.000,6300.000,700.000,90.000,100.000,58,-1.000,-1.000
690,16.747340,16.668068,9,1,0,3,0.000,1,6682.007,709.151,6.000,6300.000,700.000,90.000,100.000,58,-1.000,-1.000
691,16.979534,16.667338,9,1,0,3,0.000,1,6682.007,709.151,6.000,6300.000,700.000,90.000,100.000,58,-1.000,-1.000
692,20.816880,16.667507,9,1,0,3,0.000,1,6682.007,709.151,6.000,6300.000,700.000,90.000,100.000,58,-1.000,-1.000
693,12.253330,16.667157,9,1,0,3,0.000,1,6682.007,709.151,6.000,6300.000,700.000,90.000,100.000,58,-1.000,-1.000
694,16.910853,16.667429,9,1,0,3,0.000,1,6682.007,709.151,6.000,6300.000,700.000,90.000,100.000,58,-1.000,-1.000
695,20.186535,16.736108,9,1,0,3,0.000,1,6682.007,709.151,6.000,6300.000,700.000,90.000,100.000,58,-1.000,-1.000
696,20.936582,17.013195,9,1,0,3,0.000,1,6682.007,709.151,6.000,6300.000,700.000,90.000,100.000,58,-1.000,-1.000
697,17.554388,20.175216,9,1,0,3,0.000,1,6682.007,709.151,6.000,6300.000,700.000,90.000,100.000,58,-1.000,-1.000
698,12.370162,16.768259,9,1,0,3,0.000,1,6682.007,709.151,6.000,6300.000,700.000,90.000,100.000,58,-1.000,-1.000
699,16.446112,16.668048,9,1,0,3,0.000,1,6682.007,709.151,6.000,6300.000,700.000,90.000,100.000,58,-1.000,-1.000
700,16.715789,16.667828,9,1,0,3,0.000,1,6682.007,709.151,6.000,6300.000,700.000,90.000,100.000,58,-1.000,-1.000
701,16.289289,16.667867,9,1,0,3,0.000,1,6682.007,709.151,6.000,6300.000,700.000,90.000,100.000,58,-1.000,-1.000
702,16.727160,16.667398,9,1,0,3,0.000,1,6682.007,709.151,6.000,6300.000,700.000,90.000,100.000,58,-1.000,-1.000
703,16.638487,16.667928,9,1,0,3,0.000,1,6682.007,709.151,6.000,6300.000,700.000,90.000,100.000,58,-1.000,-1.000
704,16.674307,16.667847,9,1,0,3,0.000,1,6682.007,709.151,6.000,6300.000,700.000,90.000,100.000,58,-1.000,-1.000
705,17.179470,16.667568,9,1,0,3,0.000,1,6682.007,709.151,6.000,6300.000,700.000,90.000,100.000,58,-1.000,-1.000
706,18.953988,16.667938,9,1,0,3,0.000,1,6682.007,709.151,6.000,6300.000,700.000,90.000,100.000,58,-1.000,-1.000
707,13.543368,16.667957,9,1,0,3,0.000,1,6682.007,709.151,6.000,6300.000,700.000,90.000,100.000,58,-1.000,-1.000
708,16.776121,16.667848,9,1,0,3,0.000,1,6682.007,709.151,6.000,6300.000,700.000,90.000,100.000,58,-1.000,-1.000
709,16.717059,16.667988,9,1,0,3,0.000,1,6682.007,709.151,6.000,6300.000,700.000,90.000,100.000,58,-1.000,-1.000
710,17.034375,16.667197,9,1,0,3,0.000,1,6682.007,709.151,6.000,6300.000,700.000,90.000,100.000,58,-1.000,-1.000
711,17.150019,16.667518,9,1,0,3,0.000,1,6682.007,709.151,6.000,6300.000,700.000,90.000,100.000,58,-1.000,-1.000
712,16.457462,16.667168,9,1,0,3,0.000,1,6682.007,709.151,6.000,6300.000,700.000,90.000,100.000,58,-1.000,-1.000
713,17.459756,17.080227,9,1,0,3,0.000,1,6682.007,709.151,6.000,6300.000,700.000,90.000,100.000,58,-1.000,-1.000
714,17.082436,17.482045,9,1,0,3,0.000,1,6682.007,709.151,6.000,6300.000,700.000,90.000,100.000,58,-1.000,-1.000
715,16.907394,17.086567,9,1,0,3,0.000,1,6682.007,709.151,6.000,6300.000,700.000,90.000,100.000,58,-1.000,-1.000
716,18.516657,19.238844,9,1,0,3,0.000,1,6682.007,709.151,6.000,6300.000,700.000,90.000,100.000,58,-1.000,-1.000
717,19.912900,17.999657,9,1,0,3,0.000,1,6682.007,709.151,6.000,6300.000,700.000,90.000,100.000,58,-1.000,-1.000
718,16.001783,17.997717,9,1,0,3,0.000,1,6682.007,709.151,6.000,6300.000,700.000,90.000,100.000,58,-1.000,-1.000
719,19.541311,18.000687,9,1,0,3,0.000,1,6682.007,709.151,6.000,6300.000,700.000,90.000,100.000,58,-1.000,-1.000
720,16.570745,18.012857,9,1,0,3,0.000,1,6682.007,709.151,6.000,6300.000,700.000,90.000,100.000,58,-1.000,-1.000
721,19.851458,17.989697,9,1,0,3,0.000,1,6682.007,709.151,6.000,6300.000,700.000,90.000,100.000,58,-1.000,-1.000
722,17.972067,17.996047,10,1,0,3,0.000,1,6682.007,709.151,6.000,6300.000,700.000,90.000,100.000,58,-1.000,-1.000
723,17.461224,17.999197,10,1,0,3,0.000,1,6682.007,709.151,6.000,6300.778,700.000,90.000,100.000,58,-1.000,-1.000
724,22.077907,18.006207,10,1,0,3,0.000,1,6682.007,709.151,6.000,6302.334,700.000,90.000,100.000,58,-1.000,-1.000
725,11.456134,16.667038,10,1,0,3,0.000,1,6682.007,709.151,6.000,6304.440,700.000,90.000,100.000,58,-1.000,-1.000
726,19.646853,16.667198,10,1,0,3,0.000,1,6682.007,709.151,6.000,6307.214,700.000,90.000,100.000,58,-1.000,-1.000
727,21.524755,16.934644,10,1,0,3,0.000,1,6682.007,709.151,6.000,6310.721,700.000,90.000,100.000,58,-1.000,-1.000
728,16.643297,17.104687,10,1,0,3,0.000,1,6682.007,709.151,6.000,6314.964,700.000,90.000,100.000,58,-1.000,-1.000
729,9.457558,16.667367,10,1,0,3,0.000,1,6682.007,709.151,6.000,6319.766,700.000,90.000,100.000,58,-1.000,-1.000
730,19.065631,18.030618,10,1,0,3,0.000,1,6682.007,709.151,6.000,6325.742,700.000,90.000,100.000,58,-1.000,-1.000
731,17.073116,16.705719,10,1,0,3,0.000,1,6682.007,709.151,6.000,6331.947,700.000,90.000,100.000,58,-1.000,-1.000
732,17.117718,16.667658,10,1,0,3,0.000,1,6682.007,709.151,6.000,6338.806,700.000,90.000,100.000,58,-1.000,-1.000
733,15.749867,16.758359,10,1,0,3,0.000,1,6682.007,709.151,6.000,6346.376,700.000,90.000,100.000,58,-1.000,-1.000
734,17.026506,16.906122,10,1,0,3,0.000,1,6682.007,709.151,6.000,6354.698,700.000,90.000,100.000,58,-1.000,-1.000
735,16.700849,16.667668,10,1,0,3,0.000,1,6682.007,709.151,6.000,6363.365,700.000,90.000,100.000,58,-1.000,-1.000
736,16.894392,16.667138,10,1,0,3,0.000,1,6682.007,709.151,6.000,6372.032,700.000,90.000,100.000,58,-1.000,-1.000
737,15.841000,16.667807,10,1,0,3,0.000,1,6682.007,709.151,6.000,6380.699,700.000,90.000,100.000,58,-1.000,-1.000
738,19.494849,16.701309,10,1,0,3,0.000,1,6682.007,709.151,6.000,6389.384,700.000,90.000,100.000,58,-1.000,-1.000
739,14.055250,16.677378,10,1,0,3,0.000,1,6682.007,709.151,6.000,6398.056,700.000,90.000,100.000,58,-1.000,-1.000
740,19.907050,20.517812,10,1,0,3,0.000,1,6682.007,709.151,6.000,6408.726,700.000,90.000,100.000,58,-1.000,-1.000
741,18.085578,17.988947,10,1,0,3,0.000,1,6682.007,709.151,6.000,6418.080,700.000,90.000,100.000,58,-1.000,-1.000
742,18.371085,17.036196,10,1,0,3,0.000,1,6682.007,709.151,6.000,6426.939,700.000,90.000,100.000,58,-1.000,-1.000
743,14.957530,16.667368,10,1,0,3,0.000,1,6682.007,709.151,6.000,6435.606,700.000,90.000,100.000,58,-1.000,-1.000
744,18.685653,16.667408,10,1,0,3,0.000,1,6682.007,709.151,6.000,6444.273,700.000,90.000,100.000,58,-1.000,-1.000
745,16.340650,17.403843,10,1,0,3,0.000,1,6682.007,709.151,6.000,6453.323,700.000,90.000,100.000,58,-1.000,-1.000
746,18.722993,16.998935,10,1,0,3,0.000,1,6682.007,709.151,6.000,6462.162,700.000,90.000,100.000,58,-1.000,-1.000
747,17.956786,19.596293,10,1,0,3,0.000,1,6682.007,709.151,6.000,6472.352,700.000,90.000,100.000,58,-1.000,-1.000
748,16.979035,17.627338,10,1,0,3,0.000,1,6682.007,709.151,6.000,6481.518,700.000,90.000,100.000,58,-1.000,-1.000
749,17.722371,18.001157,10,1,0,3,0.000,1,6682.007,709.151,6.000,6490.879,700.000,90.000,100.000,58,-1.000,-1.000
750,21.831092,16.668088,10,1,0,3,0.000,1,6682.007,709.151,6.000,6499.546,700.000,90.000,100.000,58,-1.000,-1.000
751,12.351072,16.667608,10,1,0,3,0.000,1,6682.007,709.151,6.000,6508.214,700.000,90.000,100.000,58,-1.000,-1.000
752,16.911283,16.667617,10,1,0,3,0.000,1,6682.007,709.151,6.000,6516.881,700.000,90.000,100.000,58,-1.000,-1.000
753,16.409012,16.667878,10,1,0,3,0.000,1,6682.007,709.151,6.000,6525.548,700.000,90.000,100.000,58,-1.000,-1.000
754,19.569682,16.667048,10,1,0,3,0.000,1,6682.007,709.151,6.000,6534.215,700.000,90.000,100.000,58,-1.000,-1.000
755,18.251162,17.100347,10,1,0,3,0.000,1,6682.007,709.151,6.000,6543.107,700.000,90.000,100.000,58,-1.000,-1.000
756,22.696371,16.667257,10,1,0,3,0.000,1,6682.007,709.151,6.000,6551.774,700.000,90.000,100.000,58,-1.000,-1.000
757,6.721467,16.667078,10,1,0,3,0.000,1,6682.007,709.151,6.000,6560.441,700.000,90.000,100.000,58,-1.000,-1.000
758,16.146777,16.667818,10,1,0,3,0.000,1,6682.007,709.151,6.000,6569.108,700.000,90.000,100.000,58,-1.000,-1.000
759,15.893370,16.667347,10,1,0,3,0.000,1,6682.007,709.151,6.000,6577.775,700.000,90.000,100.000,58,-1.000,-1.000
760,18.655872,16.667818,10,1,0,3,0.000,1,6682.007,709.151,6.000,6586.443,700.000,90.000,100.000,58,-1.000,-1.000
761,19.624353,16.667528,10,1,0,3,0.000,1,6682.007,709.151,6.000,6595.110,700.000,90.000,100.000,58,-1.000,-1.000
762,11.998135,16.667637,10,1,0,3,0.000,1,6682.007,709.151,6.000,6603.777,700.000,90.000,100.000,58,-1.000,-1.000
763,20.729386,16.667958,10,1,0,3,0.000,1,6682.007,709.151,6.000,6612.444,700.000,90.000,100.000,58,-1.000,-1.000
764,17.566948,16.674078,10,1,0,3,0.000,1,6682.007,709.151,6.000,6621.115,700.000,90.000,100.000,58,-1.000,-1.000
765,11.553196,16.666937,10,1,0,3,0.000,1,6682.007,709.151,6.000,6629.781,700.000,90.000,100.000,58,-1.000,-1.000
766,21.002503,16.667688,10,1,0,3,0.000,1,6682.007,709.151,6.000,6638.449,700.000,90.000,100.000,58,-1.000,-1.000
767,18.653391,16.667718,10,1,0,3,0.000,1,6682.007,709.151,6.000,6647.116,700.000,90.000,100.000,58,-1.000,-1.000
768,14.416488,16.667447,10,1,0,3,0.000,1,6682.007,709.151,6.000,6655.783,700.000,90.000,100.000,58,-1.000,-1.000
769,12.956656,16.667358,10,1,0,3,0.000,1,6682.007,709.151,6.000,6664.450,700.000,90.000,100.000,58,-1.000,-1.000
770,20.387650,16.667878,10,1,0,3,0.000,1,6682.007,709.151,6.000,6673.117,700.000,90.000,100.000,58,-1.000,-1.000
771,12.653829,16.667757,10,1,0,3,0.000,1,6682.007,709.151,6.000,6681.785,700.000,90.000,97.000,58,-1.000,-1.000
772,16.719128,16.666958,10,1,0,3,0.000,1,6682.007,709.151,6.000,6690.451,700.000,90.000,97.000,58,-1.000,-1.000
773,16.863512,16.667628,10,1,0,3,0.000,1,6682.007,709.151,6.000,6699.118,700.000,90.000,97.000,58,-1.000,-1.000
774,20.143174,16.733809,10,1,0,3,0.000,1,6682.007,709.151,6.000,6707.820,700.000,90.000,97.000,58,-1.000,-1.000
775,22.450936,16.667368,11,1,0,3,0.000,1,6682.007,709.151,6.000,6716.487,700.000,90.000,97.000,58,-1.000,-1.000
776,7.770672,16.888262,11,1,0,3,0.000,1,6682.007,709.151,6.000,6770.000,700.000,90.000,97.000,58,-1.000,-1.000
777,16.473903,16.912553,11,1,0,3,0.000,1,6682.007,709.151,6.000,6770.000,700.000,90.000,97.000,58,-1.000,-1.000
778,17.107737,16.679388,11,1,0,3,0.000,1,6682.007,709.151,6.000,6770.000,700.000,90.000,97.000,58,-1.000,-1.000
779,16.779200,16.667278,11,1,0,3,0.000,1,6682.007,709.151,6.000,6770.000,700.000,90.000,97.000,58,-1.000,-1.000
780,16.389271,16.667458,11,1,0,3,0.000,1,6682.007,709.151,6.000,6770.000,700.000,90.000,97.000,58,-1.000,-1.000
781,17.228400,16.667427,11,1,0,3,0.000,1,6682.007,709.151,6.000,6770.000,700.000,90.000,97.000,58,-1.000,-1.000
782,17.496487,16.667608,11,1,0,3,0.000,1,6682.007,709.151,6.000,6770.000,700.000,90.000,97.000,58,-1.000,-1.000
783,14.756465,16.667068,11,1,0,3,0.000,1,6682.007,709.151,6.000,6770.000,700.000,90.000,97.000,58,-1.000,-1.000
784,16.771329,16.666997,11,1,0,3,0.000,1,6682.007,709.151,6.000,6770.000,700.000,90.000,97.000,58,-1.000,-1.000
785,18.223733,16.816451,11,1,0,3,0.000,1,6682.007,709.151,6.000,6770.000,700.000,90.000,97.000,58,-1.000,-1.000
786,16.143736,16.667628,11,1,0,3,0.000,1,6682.007,709.151,6.000,6770.000,700.000,90.000,93.991,58,-1.000,-1.000
787,15.903441,16.667518,11,1,0,3,0.000,1,6682.007,709.151,6.000,6770.000,700.000,90.000,93.991,58,-1.000,-1.000
788,17.574807,16.667627,11,1,0,3,0.000,1,6682.007,709.151,6.000,6770.000,700.000,90.000,93.991,58,-1.000,-1.000
789,20.616205,18.023867,11,1,0,3,0.000,1,6682.007,709.151,6.000,6770.000,700.000,90.000,93.991,58,-1.000,-1.000
790,18.432226,18.282483,11,1,0,3,0.000,1,6682.007,709.151,6.000,6770.000,700.000,90.000,93.991,58,-1.000,-1.000
791,15.414941,16.667578,11,1,0,3,0.000,1,6682.007,709.151,6.000,6770.000,700.000,90.000,93.991,58,-1.000,-1.000
792,19.420388,18.862696,11,1,0,3,0.000,1,6682.007,709.151,6.000,6770.000,700.000,90.000,93.991,58,-1.000,-1.000
793,18.526889,17.991267,11,1,0,3,0.000,1,6682.007,709.151,6.000,6770.000,700.000,90.000,93.991,58,-1.000,-1.000
794,20.505882,19.001189,11,1,0,3,0.000,1,6682.007,709.151,6.000,6770.000,700.000,90.000,93.991,58,-1.000,-1.000
795,14.950010,17.000255,11,1,0,3,0.000,1,6682.007,709.151,6.000,6770.000,700.000,90.000,93.991,58,-1.000,-1.000
796,17.295131,16.951874,11,1,0,3,0.000,1,6682.007,709.151,6.000,6770.000,700.000,90.000,93.991,58,-1.000,-1.000
797,19.522401,19.693795,11,1,0,3,0.000,1,6682.007,709.151,6.000,6770.000,700.000,90.000,93.991,58,-1.000,-1.000
798,21.607937,16.667057,11,1,0,3,0.000,1,6682.007,709.151,6.000,6770.000,700.000,90.000,93.991,58,-1.000,-1.000
799,9.095451,16.666968,11,1,0,3,0.000,1,6682.007,709.151,6.000,6770.000,700.000,90.000,93.991,58,-1.000,-1.000
800,24.314616,16.678498,11,1,0,3,0.000,1,6682.007,709.151,6.000,6770.000,700.000,90.000,93.991,58,-1.000,-1.000
801,14.648503,16.667437,11,1,0,3,0.000,1,6682.007,709.151,6.000,6770.000,700.000,90.000,90.841,58,-1.000,-1.000
802,11.091945,16.674588,11,1,0,3,0.000,1,6682.007,709.151,6.000,6770.000,700.000,90.000,90.841,58,-1.000,-1.000
803,17.051306,16.667408,11,1,0,3,0.000,1,6682.007,709.151,6.000,6770.000,700.000,90.000,90.841,58,-1.000,-1.000
804,16.365120,16.934793,11,1,0,3,0.000,1,6682.007,709.151,6.000,6770.000,700.000,90.000,90.841,58,-1.000,-1.000
805,17.638010,16.667638,11,1,0,3,0.000,1,6682.007,709.151,6.000,6770.000,700.000,90.000,90.841,58,-1.000,-1.000
806,16.508223,16.667228,11,1,0,3,0.000,1,6682.007,709.151,6.000,6770.000,700.000,90.000,90.841,58,-1.000,-1.000
807,16.095675,16.667387,11,1,0,3,0.000,1,6682.007,709.151,6.000,6770.000,700.000,90.000,90.841,58,-1.000,-1.000
808,16.463774,16.667788,11,1,0,3,0.000,1,6682.007,709.151,6.000,6770.000,700.000,90.000,90.841,58,-1.000,-1.000
809,17.291051,16.667568,11,1,0,3,0.000,1,6682.007,709.151,6.000,6770.000,700.000,90.000,90.841,58,-1.000,-1.000
810,17.758292,16.667247,11,1,0,3,0.000,1,6682.007,709.151,6.000,6770.000,700.000,90.000,90.841,58,-1.000,-1.000
811,16.810541,16.667178,11,1,0,3,0.000,1,6682.007,709.151,6.000,6770.000,700.000,90.000,90.841,58,-1.000,-1.000
812,14.359686,16.667318,11,1,0,3,0.000,1,6682.007,709.151,6.000,6770.000,700.000,90.000,90.841,58,-1.000,-1.000
813,22.754693,16.667087,11,1,0,3,0.000,1,6682.007,709.151,6.000,6770.000,700.000,90.000,90.841,58,-1.000,-1.000
814,10.795727,16.667538,11,1,0,3,0.000,1,6682.007,709.151,6.000,6770.000,700.000,90.000,90.841,58,-1.000,-1.000
815,17.064657,16.667968,11,1,0,3,0.000,1,6682.007,709.151,6.000,6770.000,700.000,90.000,90.841,58,-1.000,-1.000
816,17.640489,16.667877,11,1,0,3,0.000,1,6682.007,709.151,6.000,6770.000,700.000,90.000,87.838,58,-1.000,-1.000
817,24.202603,16.666998,12,1,0,3,0.000,1,6682.007,709.151,6.000,6770.000,700.000,90.000,87.838,58,100.000,70.000
818,12.817693,16.785560,12,1,0,3,0.000,1,6682.007,709.151,6.000,6770.000,700.000,90.000,87.838,58,100.000,70.000
819,13.344614,17.432264,12,1,0,3,0.000,1,6682.007,709.151,6.000,6770.000,700.000,90.000,87.838,58,100.000,70.000
820,16.690649,16.667408,12,1,0,3,0.000,1,6682.007,709.151,6.000,6770.000,700.000,90.000,87.838,58,100.000,70.000
821,19.105321,17.315242,12,1,0,3,0.000,1,6682.007,709.151,6.000,6770.000,700.000,90.000,87.838,58,100.000,70.000
822,16.089745,16.667278,12,1,0,3,0.000,1,6682.007,709.151,6.000,6770.000,700.000,90.000,87.838,58,100.000,70.000
823,14.999191,16.666908,12,1,0,3,0.000,1,6682.007,709.151,6.000,6770.000,700.000,90.000,87.838,58,100.000,70.000
824,16.996265,16.667547,12,1,0,3,0.000,1,6682.007,709.151,6.000,6770.000,700.000,90.000,87.838,58,100.000,70.000
825,18.245623,16.667318,12,1,0,3,0.000,1,6682.007,709.151,6.000,6770.000,700.000,90.000,87.838,58,100.000,70.000
826,21.254029,18.336324,12,1,0,3,0.000,1,6682.007,709.151,6.000,6770.000,700.000,90.000,87.838,58,100.000,70.000
827,12.409923,16.667538,12,1,0,3,0.000,1,6682.007,709.151,6.000,6770.000,700.000,90.000,87.838,58,100.000,70.000
828,16.416183,16.667358,12,1,0,3,0.000,1,6682.007,709.151,6.000,6770.000,700.000,90.000,87.838,58,100.000,70.000
829,16.074444,16.667457,12,1,0,3,0.000,1,6682.007,709.151,6.000,6770.000,700.000,90.000,87.838,58,100.000,70.000
830,20.869801,16.667028,12,1,0,3,0.000,1,6682.007,709.151,6.000,6770.000,700.000,90.000,87.838,58,100.000,70.000
831,13.235601,16.667318,12,1,0,3,0.000,1,6682.007,709.151,6.000,6770.000,700.000,90.000,84.799,58,100.000,70.000
832,20.749238,16.667317,12,1,0,3,0.000,1,6682.007,709.151,6.000,6770.000,700.000,90.000,84.799,58,96.961,66.961
833,11.500723,16.667028,12,1,0,3,0.000,1,6682.007,709.151,6.000,6770.000,700.000,90.000,84.799,58,96.961,66.961
834,16.749280,16.667668,12,1,0,3,0.000,1,6682.007,709.151,6.000,6770.000,700.000,90.000,84.799,58,96.961,66.961
835,34.781567,18.184851,12,1,0,3,0.000,1,6682.007,709.151,6.000,6770.000,700.000,90.000,84.799,58,96.961,66.961
836,9.262094,19.040179,12,1,0,3,0.000,1,6682.007,709.151,6.000,6770.000,700.000,90.000,84.799,58,96.961,66.961
837,16.200198,18.957339,12,1,0,3,0.000,1,6682.007,709.151,6.000,6770.000,700.000,90.000,84.799,58,96.961,66.961
838,17.044996,17.996607,12,1,0,3,0.000,1,6682.007,709.151,6.000,6770.000,700.000,90.000,84.799,58,96.961,66.961
839,17.021475,18.007567,12,1,0,3,0.000,1,6682.007,709.151,6.000,6770.000,700.000,90.000,84.799,58,96.961,66.961
840,15.810289,17.994617,12,1,0,3,0.000,1,6682.007,709.151,6.000,6770.000,700.000,90.000,84.799,58,96.961,66.961
841,17.029246,16.999675,12,1,0,3,0.000,1,6682.007,709.151,6.000,6770.000,700.000,90.000,84.799,58,96.961,66.961
842,17.179898,17.001035,12,1,0,3,0.000,1,6682.007,709.151,6.000,6770.000,700.000,90.000,84.799,58,96.961,66.961
843,16.962964,16.999655,12,1,0,3,0.000,1,6682.007,709.151,6.000,6770.000,700.000,90.000,84.799,58,96.961,66.961
844,19.781047,18.003817,12,1,0,3,0.000,1,6682.007,709.151,6.000,6770.000,700.000,90.000,84.799,58,96.961,66.961
845,15.749058,17.000035,12,1,0,3,0.000,1,6682.007,709.151,6.000,6770.000,700.000,90.000,84.799,58,96.961,66.961
846,18.330064,17.993657,12,1,0,3,0.000,1,6682.007,709.151,6.000,6770.000,700.000,90.000,81.629,58,96.961,66.961
847,15.653825,16.667637,12,1,0,3,0.000,1,6682.007,709.151,6.000,6770.000,700.000,90.000,81.629,58,93.791,63.791
848,16.636477,16.667478,12,1,0,3,0.000,1,6682.007,709.151,6.000,6770.000,700.000,90.000,81.629,58,93.791,63.791
849,16.813891,16.667698,12,1,0,3,0.000,1,6682.007,709.151,6.000,6770.000,700.000,90.000,81.629,58,93.791,63.791
850,16.634957,16.667997,12,1,0,3,0.000,1,6682.007,709.151,6.000,6770.000,700.000,90.000,81.629,58,93.791,63.791
851,21.619306,16.667868,12,1,0,3,0.000,1,6682.007,709.151,6.000,6770.000,700.000,90.000,81.629,58,93.791,63.791
852,14.942310,16.667148,12,1,0,3,0.000,1,6682.007,709.151,6.000,6770.000,700.000,90.000,81.629,58,93.791,63.791
853,13.630471,16.667587,12,1,0,3,0.000,1,6682.007,709.151,6.000,6770.000,700.000,90.000,81.629,58,93.791,63.791
854,19.076111,16.667438,12,1,0,3,0.000,1,6682.007,709.151,6.000,6770.000,700.000,90.000,81.629,58,93.791,63.791
855,13.913877,16.667797,12,1,0,3,0.000,1,6682.007,709.151,6.000,6770.000,700.000,90.000,81.629,58,93.791,63.791
856,16.815161,16.667437,12,1,0,3,0.000,1,6682.007,709.151,6.000,6770.000,700.000,90.000,81.629,58,93.791,63.791
857,19.467969,16.667038,12,1,0,3,0.000,1,6682.007,709.151,6.000,6770.000,700.000,90.000,81.629,58,93.791,63.791
858,16.368550,16.667038,12,1,0,3,0.000,1,6682.007,709.151,6.000,6770.000,700.000,90.000,81.629,58,93.791,63.791
859,15.858700,16.667337,12,1,0,3,0.000,1,6682.007,709.151,6.000,6770.000,700.000,90.000,81.629,58,93.791,63.791
860,15.067263,16.667638,12,1,0,3,0.000,1,6682.007,709.151,6.000,6770.000,700.000,90.000,81.629,58,93.791,63.791
861,20.028211,16.667338,12,1,0,3,0.000,1,6682.007,709.151,6.000,6770.000,700.000,90.000,78.629,58,93.791,63.791
862,13.542049,16.667197,12,1,0,3,0.000,1,6682.007,709.151,6.000,6770.000,700.000,90.000,78.629,58,90.791,60.791
863,18.613830,16.854942,12,1,0,3,0.000,1,6682.007,709.151,6.000,6770.000,700.000,90.000,78.629,58,90.791,60.791
864,15.474532,16.667418,12,1,0,3,0.000,1,6682.007,709.151,6.000,6770.000,700.000,90.000,78.629,58,90.791,60.791
865,16.895693,16.686648,12,1,0,3,0.000,1,6682.007,709.151,6.000,6770.000,700.000,90.000,78.629,58,90.791,60.791
866,16.735639,16.667668,12,1,0,3,0.000,1,6682.007,709.151,6.000,6770.000,700.000,90.000,78.629,58,90.791,60.791
867,16.379541,16.667578,12,1,0,3,0.000,1,6682.007,709.151,6.000,6770.000,700.000,90.000,78.629,58,90.791,60.791
868,17.242040,16.668077,12,1,0,3,0.000,1,6682.007,709.151,6.000,6770.000,700.000,90.000,78.629,58,90.791,60.791
869,16.611637,16.668718,12,1,0,3,0.000,1,6682.007,709.151,6.000,6770.000,700.000,90.000,78.629,58,90.791,60.791
870,21.852792,16.667678,12,1,0,3,0.000,1,6682.007,709.151,6.000,6770.000,700.000,90.000,78.629,58,90.791,60.791
871,10.532082,16.667477,12,1,0,3,0.000,1,6682.007,709.151,6.000,6770.000,700.000,90.000,78.629,58,90.791,60.791
872,17.114618,16.692858,12,1,0,3,0.000,1,6682.007,709.151,6.000,6770.000,700.000,90.000,78.629,58,90.791,60.791
873,16.448043,16.668048,12,1,0,3,0.000,1,6682.007,709.151,6.000,6770.000,700.000,90.000,78.629,58,90.791,60.791
874,20.783588,16.667767,12,1,0,3,0.000,1,6682.007,709.151,6.000,6770.000,700.000,90.000,78.629,58,90.791,60.791
875,12.929805,16.667648,12,1,0,3,0.000,1,6682.007,709.151,6.000,6770.000,700.000,90.000,78.629,58,90.791,60.791
876,17.754472,16.861962,12,1,0,3,0.000,1,6682.007,709.151,6.000,6770.000,700.000,90.000,75.624,58,90.791,60.791
877,15.517773,16.667578,12,1,0,3,0.000,1,6682.007,709.151,6.000,6770.000,700.000,90.000,75.624,58,87.786,57.786
878,18.803513,16.667687,12,1,0,3,0.000,1,6682.007,709.151,6.000,6770.000,700.000,90.000,75.624,58,87.786,57.786
879,18.218773,16.667668,12,1,0,3,0.000,1,6682.007,709.151,6.000,6770.000,700.000,90.000,75.624,58,87.786,57.786
880,16.187537,16.667248,12,1,0,3,0.000,1,6682.007,709.151,6.000,6770.000,700.000,90.000,75.624,58,87.786,57.786
881,13.362544,16.667187,12,1,0,3,0.000,1,6682.007,709.151,6.000,6770.000,700.000,90.000,75.624,58,87.786,57.786
882,19.433950,16.667518,12,1,0,3,0.000,1,6682.007,709.151,6.000,6770.000,700.000,90.000,75.624,58,87.786,57.786
883,14.296385,16.666968,12,1,0,3,0.000,1,6682.007,709.151,6.000,6770.000,700.000,90.000,75.624,58,87.786,57.786
884,16.655947,16.667497,12,1,0,3,0.000,1,6682.007,709.151,6.000,6770.000,700.000,90.000,75.624,58,87.786,57.786
885,17.160639,16.667788,12,1,0,3,0.000,1,6682.007,709.151,6.000,6770.000,700.000,90.000,75.624,58,87.786,57.786
886,15.803298,16.667808,12,1,0,3,0.000,1,6682.007,709.151,6.000,6770.000,700.000,90.000,75.624,58,87.786,57.786
887,16.953373,16.667407,12,1,0,3,0.000,1,6682.007,709.151,6.000,6770.000,700.000,90.000,75.624,58,87.786,57.786
888,16.498935,16.667398,12,1,0,3,0.000,1,6682.007,709.151,6.000,6770.000,700.000,90.000,75.624,58,87.786,57.786
889,21.487363,16.667958,12,1,0,3,0.000,1,6682.007,709.151,6.000,6770.000,700.000,90.000,75.624,58,87.786,57.786
890,16.579497,16.667807,12,1,0,3,0.000,1,6682.007,709.151,6.000,6770.000,700.000,90.000,75.624,58,87.786,57.786
891,12.044545,16.667568,12,1,0,3,0.000,1,6682.007,709.151,6.000,6770.000,700.000,90.000,72.624,58,87.786,57.786
892,17.873905,16.667417,12,1,0,3,0.000,1,6682.007,709.151,6.000,6770.000,700.000,90.000,72.624,58,84.786,54.786
893,17.010825,17.497556,12,1,0,3,0.000,1,6682.007,709.151,6.000,6770.000,700.000,90.000,72.624,58,84.786,54.786
894,15.679516,16.668548,12,1,0,3,0.000,1,6682.007,709.151,6.000,6770.000,700.000,90.000,72.624,58,84.786,54.786
895,16.572235,16.668027,12,1,0,3,0.000,1,6682.007,709.151,6.000,6770.000,700.000,90.000,72.624,58,84.786,54.786
896,16.894163,16.667588,12,1,0,3,0.000,1,6682.007,709.151,6.000,6770.000,700.000,90.000,72.624,58,84.786,54.786
897,19.947320,16.667098,12,1,0,3,0.000,1,6682.007,709.151,6.000,6770.000,700.000,90.000,72.624,58,84.786,54.786
898,14.432718,16.840021,12,1,0,3,0.000,1,6682.007,709.151,6.000,6770.000,700.000,90.000,72.624,58,84.786,54.786
899,16.881192,17.697240,12,1,0,3,0.000,1,6682.007,709.151,6.000,6770.000,700.000,90.000,72.624,58,84.786,54.786
900,16.409163,17.188729,12,1,0,3,0.000,1,6682.007,709.151,6.000,6770.000,700.000,90.000,72.624,58,84.786,54.786
901,18.006837,17.971387,12,1,0,3,0.000,1,6682.007,709.151,6.000,6770.000,700.000,90.000,72.624,58,84.786,54.786
902,16.701327,17.000665,12,1,0,3,0.000,1,6682.007,709.151,6.000,6770.000,700.000,90.000,72.624,58,84.786,54.786
903,17.325893,16.997165,12,1,0,3,0.000,1,6682.007,709.151,6.000,6770.000,700.000,90.000,72.624,58,84.786,54.786
904,17.600018,18.007057,12,1,0,3,0.000,1,6682.007,709.151,6.000,6770.000,700.000,90.000,72.624,58,84.786,54.786
905,17.430455,17.001805,12,1,0,3,0.000,1,6682.007,709.151,6.000,6770.000,700.000,90.000,72.624,58,84.786,54.786
906,18.315824,17.993917,28,1,0,3,0.000,1,6682.007,709.151,6.000,6770.000,700.000,90.000,69.533,58,84.786,54.786
907,165.836548,18.000097,28,1,0,3,0.000,1,6682.007,709.151,6.000,6770.000,700.000,90.000,69.533,58,81.679,51.679
908,8.972328,150.767416,28,1,0,3,0.000,1,6682.007,709.151,6.000,6770.000,700.000,90.000,69.533,58,81.679,51.679
909,11.530973,16.667228,28,1,0,3,0.000,1,6682.007,709.151,6.000,6770.000,700.000,90.000,69.533,58,81.679,51.679
910,22.057147,16.688117,28,1,0,3,0.000,1,6682.007,709.151,6.000,6770.000,700.000,90.000,69.533,58,81.679,51.679
911,18.506919,16.667068,28,1,0,3,0.000,1,6682.007,709.151,6.000,6770.000,700.000,90.000,69.533,58,81.679,51.679
912,14.845577,16.667618,28,1,0,3,0.000,1,6682.007,709.151,6.000,6770.000,700.000,90.000,69.533,58,81.679,51.679
913,17.725911,16.736118,28,1,0,3,0.000,1,6682.007,709.151,6.000,6770.000,700.000,90.000,66.507,58,81.679,51.679
914,16.346261,16.667368,28,1,0,3,0.000,1,6682.007,709.151,6.000,6770.000,700.000,90.000,66.507,58,78.669,48.669
915,14.619492,16.667708,28,1,0,3,0.000,1,6682.007,709.151,6.000,6770.000,700.000,90.000,66.507,58,78.669,48.669
916,16.818431,17.123738,28,1,0,3,0.000,1,6682.007,709.151,6.000,6770.000,700.000,90.000,66.507,58,78.669,48.669
917,15.038031,17.058056,28,1,0,3,0.000,1,6682.007,709.151,6.000,6770.000,700.000,90.000,66.507,58,78.669,48.669
918,17.234000,16.667478,28,1,0,3,0.000,1,6682.007,709.151,6.000,6770.000,700.000,90.000,66.507,58,78.669,48.669
919,16.897893,16.678867,28,1,0,3,0.000,1,6682.007,709.151,6.000,6770.000,700.000,90.000,66.507,58,78.669,48.669
920,15.534763,17.473246,28,1,0,3,0.000,1,6682.007,709.151,6.000,6770.000,700.000,90.000,66.507,58,78.669,48.669
921,15.788329,16.927314,28,1,0,3,0.000,1,6682.007,709.151,6.000,6770.000,700.000,90.000,66.507,58,78.669,48.669
922,17.572927,16.934043,28,1,0,3,0.000,1,6682.007,709.151,6.000,6770.000,700.000,90.000,66.507,58,78.669,48.669
923,15.953972,16.774809,28,1,0,3,0.000,1,6682.007,709.151,6.000,6770.000,700.000,90.000,66.507,58,78.669,48.669
924,17.315341,16.667438,28,1,0,3,0.000,1,6682.007,709.151,6.000,6770.000,700.000,90.000,66.507,58,78.669,48.669
925,15.488392,16.668068,28,1,0,3,0.000,1,6682.007,709.151,6.000,6770.000,700.000,90.000,66.507,58,78.669,48.669
926,17.809433,16.667597,28,1,0,3,0.000,1,6682.007,709.151,6.000,6770.000,700.000,90.000,66.507,58,78.669,48.669
927,16.835502,16.667398,28,1,0,3,0.000,1,6682.007,709.151,6.000,6770.000,700.000,90.000,66.507,58,78.669,48.669
928,16.694317,16.687189,13,1,0,3,0.000,1,6682.007,709.151,6.000,6770.000,700.000,90.000,63.479,58,78.669,48.669
929,16.541646,16.667827,13,1,0,3,0.000,1,6682.007,709.151,6.000,6140.000,390.000,90.000,63.479,58,75.641,45.641
930,17.381663,16.680598,13,1,0,3,0.000,1,6682.007,709.151,6.000,6140.000,390.000,90.000,63.479,58,75.641,45.641
931,14.999811,16.786980,13,1,0,3,0.000,1,6682.007,709.151,6.000,6140.000,390.000,90.000,63.479,58,75.641,45.641
932,18.949158,17.364933,13,1,0,3,0.000,1,6682.007,709.151,6.000,6140.000,390.000,90.000,63.479,58,75.641,45.641
933,15.532593,16.667848,13,1,0,3,0.000,1,6682.007,709.151,6.000,6140.000,390.000,90.000,63.479,58,75.641,45.641
934,16.951104,17.354162,13,1,0,3,0.000,1,6682.007,709.151,6.000,6140.000,390.000,90.000,63.479,58,75.641,45.641
935,20.484111,16.935434,13,1,0,3,0.000,1,6682.007,709.151,6.000,6140.000,390.000,90.000,63.479,58,75.641,45.641
936,15.515673,16.667698,13,1,0,3,0.000,1,6682.007,709.151,6.000,6140.000,390.000,90.000,63.479,58,75.641,45.641
937,19.067130,16.685307,13,1,0,3,0.000,1,6682.007,709.151,6.000,6140.000,390.000,90.000,63.479,58,75.641,45.641
938,15.180285,16.803071,13,1,0,3,0.000,1,6682.007,709.151,6.000,6140.000,390.000,90.000,63.479,58,75.641,45.641
939,14.395677,17.027126,13,1,0,3,0.000,1,6682.007,709.151,6.000,6140.000,390.000,90.000,63.479,58,75.641,45.641
940,16.175087,16.667378,13,1,0,3,0.000,1,6682.007,709.151,6.000,6140.000,390.000,90.000,63.479,58,75.641,45.641
941,17.233631,16.667298,13,1,0,3,0.000,1,6682.007,709.151,6.000,6140.000,390.000,90.000,63.479,58,75.641,45.641
942,17.240270,16.667507,13,1,0,3,0.000,1,6682.007,709.151,6.000,6140.000,390.000,90.000,63.479,58,75.641,45.641
943,16.093084,16.667368,13,1,0,3,0.000,1,6682.007,709.151,6.000,6140.000,390.000,90.000,63.479,58,75.641,45.641
944,16.382961,16.667577,13,1,0,3,0.000,1,6682.007,709.151,6.000,6140.000,390.000,90.000,63.479,58,72.613,42.613
945,24.563933,16.667208,13,1,0,3,0.000,1,6682.007,709.151,6.000,6140.000,390.000,90.000,63.479,58,72.613,42.613
946,9.366266,16.729889,13,1,0,3,0.000,1,6682.007,709.151,6.000,6140.000,390.000,90.000,63.479,58,72.613,42.613
947,16.948184,16.683598,13,1,0,3,0.000,1,6682.007,709.151,6.000,6140.000,390.000,90.000,63.479,58,72.613,42.613
948,17.849154,16.667347,13,1,0,3,0.000,1,6682.007,709.151,6.000,6140.000,390.000,90.000,63.479,58,72.613,42.613
949,16.016553,16.667418,13,1,0,3,0.000,1,6682.007,709.151,6.000,6140.000,390.000,90.000,63.479,58,72.613,42.613
950,18.515029,16.667148,13,1,0,3,0.000,1,6682.007,709.151,6.000,6140.000,390.000,90.000,63.479,58,72.613,42.613
951,16.268058,18.019548,13,1,0,3,0.000,1,6682.007,709.151,6.000,6140.000,390.000,90.000,63.479,58,72.613,42.613
952,16.524354,17.161178,13,1,0,3,0.000,1,6682.007,709.151,6.000,6140.000,390.000,90.000,63.479,58,72.613,42.613
953,18.075539,16.667177,13,1,0,3,0.000,1,6682.007,709.151,6.000,6140.000,390.000,90.000,63.479,58,72.613,42.613
954,15.005801,16.667688,13,1,0,3,0.000,1,6682.007,709.151,6.000,6140.000,390.000,90.000,63.479,58,72.613,42.613
955,15.765658,16.667718,13,1,0,3,0.000,1,6682.007,709.151,6.000,6140.000,390.000,90.000,63.479,58,72.613,42.613
956,17.734361,16.667497,13,1,0,3,0.000,1,6682.007,709.151,6.000,6140.000,390.000,90.000,63.479,58,72.613,42.613
957,19.386828,16.667748,13,1,0,3,0.000,1,6682.007,709.151,6.000,6140.000,390.000,90.000,63.479,58,72.613,42.613
958,16.279588,16.667308,14,1,0,3,0.000,1,6682.007,709.151,6.000,6140.000,390.000,90.000,63.479,58,72.613,42.613
959,13.933698,16.668317,14,0,0,4,0.000,1,6682.007,709.151,6.000,6140.000,390.000,90.000,63.479,58,72.613,42.613
960,17.535207,16.719079,14,0,0,4,0.000,1,6682.007,709.151,6.000,6140.000,390.000,90.000,63.479,58,72.613,42.613
961,17.201159,16.667248,14,0,0,4,0.000,1,6682.007,709.151,6.000,6140.000,390.000,90.000,63.479,58,72.613,42.613
962,16.773700,16.667057,14,0,0,4,0.000,1,6682.007,709.151,6.000,6140.000,390.000,90.000,63.479,58,72.613,42.613
963,16.658448,17.084936,14,0,0,4,0.000,1,6682.007,709.151,6.000,6140.000,390.000,90.000,63.479,58,72.613,42.613
964,17.923065,16.845592,15,0,0,4,0.000,1,6682.007,709.151,6.000,6140.000,390.000,90.000,63.479,58,72.613,42.613
965,15.753517,16.667308,15,0,0,4,0.000,1,6682.007,709.151,6.000,6770.000,700.000,90.000,63.479,58,72.613,42.613
966,16.568986,18.079149,15,0,0,4,0.000,1,6682.007,709.151,6.000,6770.000,700.000,90.000,63.479,58,72.613,42.613
967,20.322158,16.667208,15,0,0,4,0.000,1,6682.007,709.151,6.000,6770.000,700.000,90.000,63.479,58,72.613,42.613
968,13.022607,16.667427,15,0,0,4,0.000,1,6682.007,709.151,6.000,6770.000,700.000,90.000,63.479,58,72.613,42.613
969,20.361949,16.710069,15,0,0,4,0.000,1,6682.007,709.151,6.000,6770.000,700.000,90.000,63.479,58,72.613,42.613
970,16.681478,16.667298,15,0,0,4,0.000,1,6682.007,709.151,6.000,6770.000,700.000,90.000,63.479,58,72.613,42.613
971,12.615319,16.667426,15,0,0,4,0.000,1,6682.007,709.151,6.000,6770.000,700.000,90.000,63.479,58,72.613,42.613
972,17.972796,16.667408,15,0,0,4,0.000,1,6682.007,709.151,6.000,6770.000,700.000,90.000,63.479,58,72.613,42.613
973,16.457843,16.667598,15,0,0,4,0.000,1,6682.007,709.151,6.000,6770.000,700.000,90.000,63.479,58,72.613,42.613
974,18.523969,16.667917,15,0,0,4,0.000,1,6682.007,709.151,6.000,6770.000,700.000,90.000,63.479,58,72.613,42.613
975,15.615004,16.666918,15,0,0,4,0.000,1,6682.007,709.151,6.000,6770.000,700.000,90.000,63.479,58,72.613,42.613
976,15.741677,16.667378,15,0,0,4,0.000,1,6682.007,709.151,6.000,6770.000,700.000,90.000,63.479,58,72.613,42.613
977,17.789363,16.667237,15,0,0,4,0.000,1,6682.007,709.151,6.000,6770.000,700.000,90.000,63.479,58,72.613,42.613
978,15.604953,16.667438,15,0,0,4,0.000,1,6682.007,709.151,6.000,6770.000,700.000,90.000,63.479,58,72.613,42.613
979,15.562244,16.667068,15,0,0,4,0.000,1,6682.007,709.151,6.000,6770.000,700.000,90.000,63.479,58,72.613,42.613
980,18.219702,16.667777,15,0,0,4,0.000,1,6682.007,709.151,6.000,6770.000,700.000,90.000,63.479,58,72.613,42.613
981,16.163816,16.667448,15,0,0,4,0.000,1,6682.007,709.151,6.000,6770.000,700.000,90.000,63.479,58,72.613,42.613
982,16.765390,16.903163,15,0,0,4,0.000,1,6682.007,709.151,6.000,6770.000,700.000,90.000,63.479,58,72.613,42.613
983,17.071957,16.667218,15,0,0,4,0.000,1,6682.007,709.151,6.000,6770.000,700.000,90.000,63.479,58,72.613,42.613
984,20.242746,16.667217,15,0,0,4,0.000,1,6682.007,709.151,6.000,6770.000,700.000,90.000,63.479,58,72.613,42.613
985,14.911569,18.176741,15,0,0,4,0.000,1,6682.007,709.151,6.000,6770.000,700.000,90.000,63.479,58,72.613,42.613
986,18.233183,18.142261,15,0,0,4,0.000,1,6682.007,709.151,6.000,6770.000,700.000,90.000,63.479,58,72.613,42.613
987,17.335042,17.092257,15,0,0,4,0.000,1,6682.007,709.151,6.000,6770.000,700.000,90.000,63.479,58,72.613,42.613
988,14.764726,16.667857,15,0,0,4,0.000,1,6682.007,709.151,6.000,6770.000,700.000,90.000,63.479,58,72.613,42.613
989,18.456936,17.466575,15,0,0,4,0.000,1,6682.007,709.151,6.000,6770.000,700.000,90.000,63.479,58,72.613,42.613
990,16.323580,16.667087,15,0,0,4,0.000,1,6682.007,709.151,6.000,6770.000,700.000,90.000,63.479,58,72.613,42.613
991,16.083875,16.667178,15,0,0,4,0.000,1,6682.007,709.151,6.000,6770.000,700.000,90.000,63.479,58,72.613,42.613
992,18.759034,18.665872,15,0,0,4,0.000,1,6682.007,709.151,6.000,6770.000,700.000,90.000,63.479,58,72.613,42.613
993,21.486954,17.998167,15,0,0,4,0.000,1,6682.007,709.151,6.000,6770.000,700.000,90.000,63.479,58,72.613,42.613
994,18.443507,18.001047,15,0,0,4,0.000,1,6682.007,709.151,6.000,6770.000,700.000,90.000,63.479,58,72.613,42.613
995,12.777992,16.667227,15,0,0,4,0.000,1,6682.007,709.151,6.000,6770.000,700.000,90.000,63.479,58,72.613,42.613
996,16.936953,16.689809,15,0,0,4,0.000,1,6682.007,709.151,6.000,6770.000,700.000,90.000,63.479,58,72.613,42.613
997,18.841076,16.860652,15,0,0,4,0.000,1,6682.007,709.151,6.000,6770.000,700.000,90.000,63.479,58,72.613,42.613
998,14.763905,16.667548,15,0,0,4,0.000,1,6682.007,709.151,6.000,6770.000,700.000,90.000,63.479,58,72.613,42.613
999,24.876879,16.667537,15,0,0,4,0.000,1,6682.007,709.151,6.000,6770.000,700.000,90.000,63.479,58,72.613,42.613
1000,7.682040,16.667578,15,0,0,4,0.000,1,6682.007,709.151,6.000,6770.000,700.000,90.000,63.479,58,72.613,42.613
1001,16.728089,16.667668,15,0,0,4,0.000,1,6682.007,709.151,6.000,6770.000,700.000,90.000,63.479,58,72.613,42.613
1002,16.770209,16.667157,15,0,0,4,0.000,1,6682.007,709.151,6.000,6770.000,700.000,90.000,63.479,58,72.613,42.613
1003,17.560678,16.667568,15,0,0,4,0.000,1,6682.007,709.151,6.000,6770.000,700.000,90.000,63.479,58,72.613,42.613
1004,16.715959,16.667228,15,0,0,4,0.000,1,6682.007,709.151,6.000,6770.000,700.000,90.000,63.479,58,72.613,42.613
1005,16.942904,18.103299,15,0,0,4,0.000,1,6682.007,709.151,6.000,6770.000,700.000,90.000,63.479,58,72.613,42.613
1006,21.368030,18.081399,15,0,0,4,0.000,1,6682.007,709.151,6.000,6770.000,700.000,90.000,63.479,58,72.613,42.613
1007,17.568208,17.915275,15,0,0,4,0.000,1,6682.007,709.151,6.000,6770.000,700.000,90.000,63.479,58,72.613,42.613
1008,16.882522,18.001447,15,0,0,4,0.000,1,6682.007,709.151,6.000,6770.000,700.000,90.000,63.479,58,72.613,42.613
1009,17.474746,19.002129,15,0,0,4,0.000,1,6682.007,709.151,6.000,6770.000,700.000,90.000,63.479,58,72.613,42.613
1010,21.165477,18.999619,15,0,0,4,0.000,1,6682.007,709.151,6.000,6770.000,700.000,90.000,63.479,58,72.613,42.613
1011,17.176388,17.000665,15,0,0,4,0.000,1,6682.007,709.151,6.000,6770.000,700.000,90.000,63.479,58,72.613,42.613
1012,18.411457,16.999145,15,0,0,4,0.000,1,6682.007,709.151,6.000,6770.000,700.000,90.000,63.479,58,72.613,42.613
1013,15.112153,16.668237,15,0,0,4,0.000,1,6682.007,709.151,6.000,6770.000,700.000,90.000,63.479,58,72.613,42.613
1014,18.319554,16.667518,15,0,0,4,0.000,1,6682.007,709.151,6.000,6770.000,700.000,90.000,63.479,58,72.613,42.613
1015,17.389103,16.667658,15,0,0,4,0.000,1,6682.007,709.151,6.000,6770.000,700.000,90.000,63.479,58,72.613,42.613
1016,16.519845,16.667347,15,0,0,4,0.000,1,6682.007,709.151,6.000,6770.000,700.000,90.000,63.479,58,72.613,42.613
1017,12.545667,16.667238,15,0,0,4,0.000,1,6682.007,709.151,6.000,6770.000,700.000,90.000,63.479,58,72.613,42.613
1018,16.392801,16.667538,15,0,0,4,0.000,1,6682.007,709.151,6.000,6770.000,700.000,90.000,63.479,58,72.613,42.613
1019,17.081597,16.667147,15,0,0,4,0.000,1,6682.007,709.151,6.000,6770.000,700.000,90.000,63.479,58,72.613,42.613
1020,21.139656,16.667618,15,0,0,4,0.000,1,6682.007,709.151,6.000,6770.000,700.000,90.000,63.479,58,72.613,42.613
1021,15.014491,16.667798,15,0,0,4,0.000,1,6682.007,709.151,6.000,6770.000,700.000,90.000,63.479,58,72.613,42.613
1022,18.420417,16.667287,15,0,0,4,0.000,1,6682.007,709.151,6.000,6770.000,700.000,90.000,63.479,58,72.613,42.613
1023,12.819102,16.867972,16,0,0,4,0.000,1,6682.007,709.151,6.000,6770.000,700.000,90.000,63.479,58,72.613,42.613
1024,16.615137,17.048916,16,0,0,4,0.000,1,6682.007,709.151,6.000,6770.000,700.000,90.000,63.479,58,72.613,42.613
1025,20.130884,16.667958,16,0,0,4,0.000,1,6682.007,709.151,6.000,6770.000,700.000,90.000,63.479,58,72.613,42.613
1026,13.217071,16.667817,16,0,0,4,0.000,1,6682.007,709.151,6.000,6770.000,700.000,90.000,63.479,58,72.613,42.613
1027,16.551906,16.667548,16,0,0,4,0.000,1,6682.007,709.151,6.000,6770.000,700.000,90.000,63.479,58,72.613,42.613
1028,16.837541,16.667138,16,0,0,4,0.000,1,6682.007,709.151,6.000,6770.000,700.000,90.000,63.479,58,72.613,42.613
1029,18.004457,16.667587,16,0,0,4,0.000,1,6682.007,709.151,6.000,6770.000,700.000,90.000,63.479,58,72.613,42.613
1030,16.244828,16.667348,16,0,0,4,0.000,1,6682.007,709.151,6.000,6770.000,700.000,90.000,63.479,58,72.613,42.613
1031,16.929974,16.667508,16,0,0,4,0.000,1,6682.007,709.151,6.000,6770.000,700.000,90.000,63.479,58,72.613,42.613
1032,16.325900,16.667486,16,0,0,4,0.000,1,6682.007,709.151,6.000,6770.000,700.000,90.000,63.479,58,72.613,42.613
1033,16.853011,16.667558,16,0,0,4,0.000,1,6682.007,709.151,6.000,6770.000,700.000,90.000,63.479,58,72.613,42.613
1034,15.225876,16.775491,16,0,0,4,0.000,1,6682.007,709.151,6.000,6770.000,700.000,90.000,63.479,58,72.613,42.613
1035,17.217810,16.667667,16,0,0,4,0.000,1,6682.007,709.151,6.000,6770.000,700.000,90.000,63.479,58,72.613,42.613
1036,17.416134,16.667898,16,0,0,4,0.000,1,6682.007,709.151,6.000,6770.000,700.000,90.000,63.479,58,72.613,42.613
1037,16.891903,16.667398,16,0,0,4,0.000,1,6682.007,709.151,6.000,6770.000,700.000,90.000,63.479,58,72.613,42.613
1038,17.008365,16.667507,16,0,0,4,0.000,1,6682.007,709.151,6.000,6770.000,700.000,90.000,63.479,58,72.613,42.613
1039,16.417942,16.667268,16,0,0,4,0.000,1,6682.007,709.151,6.000,6770.000,700.000,90.000,63.479,58,72.613,42.613
1040,17.242080,16.667578,16,0,0,4,0.000,1,6682.007,709.151,6.000,6770.000,700.000,90.000,63.479,58,72.613,42.613
1041,16.814251,16.667376,16,0,0,4,0.000,1,6682.007,709.151,6.000,6770.000,700.000,90.000,63.479,58,72.613,42.613
1042,15.850430,16.690599,16,0,0,4,0.000,1,6682.007,709.151,6.000,6770.000,700.000,90.000,63.479,58,72.613,42.613
1043,17.016295,16.667268,16,0,0,4,0.000,1,6682.007,709.151,6.000,6770.000,700.000,90.000,63.479,58,72.613,42.613
1044,17.193009,16.667657,16,0,0,4,0.000,1,6682.007,709.151,6.000,6770.000,700.000,90.000,63.479,58,72.613,42.613
1045,16.250458,16.667848,16,0,0,4,0.000,1,6682.007,709.151,6.000,6770.000,700.000,90.000,63.479,58,72.613,42.613
1046,14.614613,16.667448,16,0,0,4,0.000,1,6682.007,709.151,6.000,6770.000,700.000,90.000,63.479,58,72.613,42.613
1047,21.575876,16.667307,16,0,0,4,0.000,1,6682.007,709.151,6.000,6770.000,700.000,90.000,63.479,58,72.613,42.613
1048,13.771613,16.667098,16,0,0,4,0.000,1,6682.007,709.151,6.000,6770.000,700.000,90.000,63.479,58,72.613,42.613
1049,14.925370,16.667048,16,0,0,4,0.000,1,6682.007,709.151,6.000,6770.000,700.000,90.000,63.479,58,72.613,42.613
1050,20.180375,17.990946,16,0,0,4,0.000,1,6682.007,709.151,6.000,6770.000,700.000,90.000,63.479,58,72.613,42.613
1051,16.261509,17.686720,16,0,0,4,0.000,1,6682.007,709.151,6.000,6770.000,700.000,90.000,63.479,58,72.613,42.613
1052,16.209347,16.667848,16,0,0,4,0.000,1,6682.007,709.151,6.000,6770.000,700.000,90.000,63.479,58,72.613,42.613
1053,17.307262,16.736869,16,0,0,4,0.000,1,6682.007,709.151,6.000,6770.000,700.000,90.000,63.479,58,72.613,42.613
1054,17.138908,16.667667,16,0,0,4,0.000,1,6682.007,709.151,6.000,6770.000,700.000,90.000,63.479,58,72.613,42.613
1055,15.482712,16.668638,16,0,0,4,0.000,1,6682.007,709.151,6.000,6770.000,700.000,90.000,63.479,58,72.613,42.613
1056,19.033929,16.667178,16,0,0,4,0.000,1,6682.007,709.151,6.000,6770.000,700.000,90.000,63.479,58,72.613,42.613
1057,19.017200,16.667257,16,0,0,4,0.000,1,6682.007,709.151,6.000,6770.000,700.000,90.000,63.479,58,72.613,42.613
1058,12.547976,16.667488,16,0,0,4,0.000,1,6682.007,709.151,6.000,6770.000,700.000,90.000,63.479,58,72.613,42.613
1059,16.909363,16.667748,16,0,0,4,0.000,1,6682.007,709.151,6.000,6770.000,700.000,90.000,63.479,58,72.613,42.613
1060,18.728943,16.667147,16,0,0,4,0.000,1,6682.007,709.151,6.000,6770.000,700.000,90.000,63.479,58,72.613,42.613
1061,15.976573,16.667518,16,0,0,4,0.000,1,6682.007,709.151,6.000,6770.000,700.000,90.000,63.479,58,72.613,42.613
1062,15.046082,16.667618,16,0,0,4,0.000,1,6682.007,709.151,6.000,6770.000,700.000,90.000,63.479,58,72.613,42.613
1063,16.089384,16.667277,16,0,0,4,0.000,1,6682.007,709.151,6.000,6770.000,700.000,90.000,63.479,58,72.613,42.613
1064,17.164679,16.667478,16,0,0,4,0.000,1,6682.007,709.151,6.000,6770.000,700.000,90.000,63.479,58,72.613,42.613
1065,16.280320,16.667608,16,0,0,4,0.000,1,6682.007,709.151,6.000,6770.000,700.000,90.000,63.479,58,72.613,42.613
1066,17.086096,16.667767,16,0,0,4,0.000,1,6682.007,709.151,6.000,6770.000,700.000,90.000,63.479,58,72.613,42.613
1067,16.970835,16.667508,16,0,0,4,0.000,1,6682.007,709.151,6.000,6770.000,700.000,90.000,63.479,58,72.613,42.613
1068,17.034715,16.667278,16,0,0,4,0.000,1,6682.007,709.151,6.000,6770.000,700.000,90.000,63.479,58,72.613,42.613
1069,16.542735,16.667237,16,0,0,4,0.000,1,6682.007,709.151,6.000,6770.000,700.000,90.000,63.479,58,72.613,42.613
1070,16.391252,16.667498,16,0,0,4,0.000,1,6682.007,709.151,6.000,6770.000,700.000,90.000,63.479,58,72.613,42.613
1071,17.602978,16.667938,16,0,0,4,0.000,1,6682.007,709.151,6.000,6770.000,700.000,90.000,63.479,58,72.613,42.613
1072,14.324846,16.667447,16,0,0,4,0.000,1,6682.007,709.151,6.000,6770.000,700.000,90.000,63.479,58,72.613,42.613
1073,19.165023,16.667017,16,0,0,4,0.000,1,6682.007,709.151,6.000,6770.000,700.000,90.000,63.479,58,72.613,42.613
1074,15.597593,16.667288,16,0,0,4,0.000,1,6682.007,709.151,6.000,6770.000,700.000,90.000,63.479,58,72.613,42.613
1075,18.872477,16.667347,16,0,0,4,0.000,1,6682.007,709.151,6.000,6770.000,700.000,90.000,63.479,58,72.613,42.613
1076,15.831309,16.667308,16,0,0,4,0.000,1,6682.007,709.151,6.000,6770.000,700.000,90.000,63.479,58,72.613,42.613
1077,15.114353,16.667538,16,0,0,4,0.000,1,6682.007,709.151,6.000,6770.000,700.000,90.000,63.479,58,72.613,42.613
1078,19.121422,16.667027,16,0,0,4,0.000,1,6682.007,709.151,6.000,6770.000,700.000,90.000,63.479,58,72.613,42.613
1079,15.266156,16.667478,16,0,0,4,0.000,1,6682.007,709.151,6.000,6770.000,700.000,90.000,63.479,58,72.613,42.613
1080,16.157548,17.517387,16,0,0,4,0.000,1,6682.007,709.151,6.000,6770.000,700.000,90.000,63.479,58,72.613,42.613
1081,21.217897,19.226994,16,0,0,4,0.000,1,6682.007,709.151,6.000,6770.000,700.000,90.000,63.479,58,72.613,42.613
1082,18.367615,17.779292,16,0,0,4,0.000,1,6682.007,709.151,6.000,6770.000,700.000,90.000,63.479,58,72.613,42.613
1083,16.053664,17.165329,16,0,0,4,0.000,1,6682.007,709.151,6.000,6770.000,700.000,90.000,63.479,58,72.613,42.613
1084,16.042034,16.667537,16,0,0,4,0.000,1,6682.007,709.151,6.000,6770.000,700.000,90.000,63.479,58,72.613,42.613
1085,18.436147,16.667978,16,0,0,4,0.000,1,6682.007,709.151,6.000,6770.000,700.000,90.000,63.479,58,72.613,42.613
1086,13.216461,16.667028,16,0,0,4,0.000,1,6682.007,709.151,6.000,6770.000,700.000,90.000,63.479,58,72.613,42.613
1087,20.079073,16.667357,16,0,0,4,0.000,1,6682.007,709.151,6.000,6770.000,700.000,90.000,63.479,58,72.613,42.613
1088,14.165702,16.667298,16,0,0,4,0.000,1,6682.007,709.151,6.000,6770.000,700.000,90.000,63.479,58,72.613,42.613
1089,15.770719,16.667108,16,0,0,4,0.000,1,6682.007,709.151,6.000,6770.000,700.000,90.000,63.479,58,72.613,42.613
1090,17.649469,16.667296,16,0,0,4,0.000,1,6682.007,709.151,6.000,6770.000,700.000,90.000,63.479,58,72.613,42.613
1091,17.946646,16.702739,16,0,0,4,0.000,1,6682.007,709.151,6.000,6770.000,700.000,90.000,63.479,58,72.613,42.613
1092,13.886555,16.667128,16,0,0,4,0.000,1,6682.007,709.151,6.000,6770.000,700.000,90.000,63.479,58,72.613,42.613
1093,18.878807,16.667697,16,0,0,4,0.000,1,6682.007,709.151,6.000,6770.000,700.000,90.000,63.479,58,72.613,42.613
1094,16.307100,18.353016,16,0,0,4,0.000,1,6682.007,709.151,6.000,6770.000,700.000,90.000,63.479,58,72.613,42.613
1095,19.411548,18.425606,16,0,0,4,0.000,1,6682.007,709.151,6.000,6770.000,700.000,90.000,63.479,58,72.613,42.613
1096,19.689605,17.976676,16,0,0,4,0.000,1,6682.007,709.151,6.000,6770.000,700.000,90.000,63.479,58,72.613,42.613
1097,18.311693,16.995365,16,0,0,4,0.000,1,6682.007,709.151,6.000,6770.000,700.000,90.000,63.479,58,72.613,42.613
1098,13.613611,16.667248,16,0,0,4,0.000,1,6682.007,709.151,6.000,6770.000,700.000,90.000,63.479,58,72.613,42.613
1099,17.119037,17.266850,16,0,0,4,0.000,1,6682.007,709.151,6.000,6770.000,700.000,90.000,63.479,58,72.613,42.613
1100,16.312780,16.667618,16,0,0,4,0.000,1,6682.007,709.151,6.000,6770.000,700.000,90.000,63.479,58,72.613,42.613
1101,20.344078,16.667847,16,0,0,4,0.000,1,6682.007,709.151,6.000,6770.000,700.000,90.000,63.479,58,72.613,42.613
1102,16.575396,16.666988,16,0,0,4,0.000,1,6682.007,709.151,6.000,6770.000,700.000,90.000,63.479,58,72.613,42.613
1103,16.148986,16.667678,16,0,0,4,0.000,1,6682.007,709.151,6.000,6770.000,700.000,90.000,63.479,58,72.613,42.613
1104,16.017554,16.667747,16,0,0,4,0.000,1,6682.007,709.151,6.000,6770.000,700.000,90.000,63.479,58,72.613,42.613
1105,16.887242,16.667408,16,0,0,4,0.000,1,6682.007,709.151,6.000,6770.000,700.000,90.000,63.479,58,72.613,42.613
1106,16.343020,16.667498,16,0,0,4,0.000,1,6682.007,709.151,6.000,6770.000,700.000,90.000,63.479,58,72.613,42.613
1107,14.420159,16.667487,16,0,0,4,0.000,1,6682.007,709.151,6.000,6770.000,700.000,90.000,63.479,58,72.613,42.613
1108,16.985125,16.667278,16,0,0,4,0.000,1,6682.007,709.151,6.000,6770.000,700.000,90.000,63.479,58,72.613,42.613
1109,17.375762,16.667318,16,0,0,4,0.000,1,6682.007,709.151,6.000,6770.000,700.000,90.000,63.479,58,72.613,42.613
1110,17.627260,16.667397,16,0,0,4,0.000,1,6682.007,709.151,6.000,6770.000,700.000,90.000,63.479,58,72.613,42.613
1111,16.222357,16.667888,16,0,0,4,0.000,1,6682.007,709.151,6.000,6770.000,700.000,90.000,63.479,58,72.613,42.613
1112,16.976375,16.667978,16,0,0,4,0.000,1,6682.007,709.151,6.000,6770.000,700.000,90.000,63.479,58,72.613,42.613
1113,15.989112,16.667527,22,0,0,4,0.000,1,6682.007,709.151,6.000,6770.000,700.000,90.000,63.479,58,-1.000,-1.000
1114,16.101455,16.667268,22,0,0,4,0.000,1,6682.007,709.151,6.000,6140.000,390.000,90.000,63.479,58,-1.000,-1.000
1115,16.820932,16.667678,22,0,0,4,0.000,1,6682.007,709.151,6.000,6140.000,390.000,90.000,63.479,58,-1.000,-1.000
1116,17.214479,16.667467,22,0,0,4,0.000,1,6682.007,709.151,6.000,6140.000,390.000,90.000,63.479,58,-1.000,-1.000
1117,16.504264,16.667218,22,0,0,4,0.000,1,6682.007,709.151,6.000,6140.000,390.000,90.000,63.479,58,-1.000,-1.000
1118,16.213958,16.667698,22,0,0,4,0.000,1,6682.007,709.151,6.000,6140.000,390.000,90.000,63.479,58,-1.000,-1.000
1119,18.010587,16.667857,22,0,0,4,0.000,1,6682.007,709.151,6.000,6140.000,390.000,90.000,63.479,58,-1.000,-1.000
1120,17.351853,16.667748,22,0,0,4,0.000,1,6682.007,709.151,6.000,6140.000,390.000,90.000,63.479,58,-1.000,-1.000
1121,15.220825,16.667808,22,0,0,4,0.000,1,6682.007,709.151,6.000,6140.000,390.000,90.000,63.479,58,-1.000,-1.000
1122,17.015435,16.667197,22,0,0,4,0.000,1,6682.007,709.151,6.000,6140.000,390.000,90.000,63.479,58,-1.000,-1.000
1123,15.646006,16.666947,22,0,0,4,0.000,1,6682.007,709.151,6.000,6140.000,390.000,90.000,63.479,58,-1.000,-1.000
1124,16.888472,16.667658,22,0,0,4,0.000,1,6682.007,709.151,6.000,6140.000,390.000,90.000,63.479,58,-1.000,-1.000
1125,16.851362,16.667387,22,0,0,4,0.000,1,6682.007,709.151,6.000,6140.000,390.000,90.000,63.479,58,-1.000,-1.000
1126,16.769559,16.667358,22,0,0,4,0.000,1,6682.007,709.151,6.000,6140.000,390.000,90.000,63.479,58,-1.000,-1.000
1127,17.041746,16.666987,22,0,0,4,0.000,1,6682.007,709.151,6.000,6140.000,390.000,90.000,63.479,58,-1.000,-1.000
1128,15.751248,16.667178,22,0,0,4,0.000,1,6682.007,709.151,6.000,6140.000,390.000,90.000,63.479,58,-1.000,-1.000
1129,16.043944,16.667268,22,0,0,4,0.000,1,6682.007,709.151,6.000,6140.000,390.000,90.000,63.479,58,-1.000,-1.000
1130,17.854494,16.667297,22,0,0,4,0.000,1,6682.007,709.151,6.000,6140.000,390.000,90.000,63.479,58,-1.000,-1.000
1131,16.761150,16.666818,22,0,0,4,0.000,1,6682.007,709.151,6.000,6140.000,390.000,90.000,63.479,58,-1.000,-1.000
1132,16.217457,16.666868,22,0,0,4,0.000,1,6682.007,709.151,6.000,6140.000,390.000,90.000,63.479,58,-1.000,-1.000
1133,15.294557,16.667697,22,0,0,4,0.000,1,6682.007,709.151,6.000,6140.000,390.000,90.000,63.479,58,-1.000,-1.000
1134,16.920223,16.667258,22,0,0,4,0.000,1,6682.007,709.151,6.000,6140.000,390.000,90.000,63.479,58,-1.000,-1.000
1135,16.536265,16.668128,22,0,0,4,0.000,1,6682.007,709.151,6.000,6140.000,390.000,90.000,63.479,58,-1.000,-1.000
1136,17.208480,16.668347,22,0,0,4,0.000,1,6682.007,709.151,6.000,6140.000,390.000,90.000,63.479,58,-1.000,-1.000
1137,16.682528,16.667908,22,0,0,4,0.000,1,6682.007,709.151,6.000,6140.000,390.000,90.000,63.479,58,-1.000,-1.000
1138,18.761153,16.667218,22,0,0,4,0.000,1,6682.007,709.151,6.000,6140.000,390.000,90.000,63.479,58,-1.000,-1.000
1139,16.610297,16.667627,22,0,0,4,0.000,1,6682.007,709.151,6.000,6140.000,390.000,90.000,63.479,58,-1.000,-1.000
1140,14.721445,16.668318,22,0,0,4,0.000,1,6682.007,709.151,6.000,6140.000,390.000,90.000,63.479,58,-1.000,-1.000
1141,18.870136,16.667708,22,0,0,4,0.000,1,6682.007,709.151,6.000,6140.000,390.000,90.000,63.479,58,-1.000,-1.000
1142,14.603632,16.667417,22,0,0,4,0.000,1,6682.007,709.151,6.000,6140.000,390.000,90.000,63.479,58,-1.000,-1.000
1143,16.566366,16.668158,23,0,0,4,0.000,1,6682.007,709.151,6.000,6140.000,390.000,90.000,63.479,58,-1.000,-1.000
1144,19.223493,16.667897,23,1,0,5,0.000,1,6682.007,709.151,6.000,6140.000,390.000,90.000,63.479,58,-1.000,-1.000
1145,14.085591,16.669207,23,1,0,5,0.000,1,6682.007,709.151,6.000,6140.000,390.000,90.000,63.479,58,-1.000,-1.000
1146,18.630821,16.667248,23,1,0,5,0.000,1,6682.007,709.151,6.000,6140.000,390.000,90.000,63.479,58,-1.000,-1.000
1147,14.417078,16.667118,23,1,0,5,0.000,1,6682.007,709.151,6.000,6140.000,390.000,90.000,63.479,58,-1.000,-1.000
1148,16.501014,16.667107,23,1,0,5,0.000,1,6682.007,709.151,6.000,6140.000,390.000,90.000,63.479,58,-1.000,-1.000
1149,17.374313,16.667658,23,1,0,5,0.000,1,6682.007,709.151,6.000,6140.000,390.000,90.000,63.479,58,-1.000,-1.000
1150,16.203247,16.667838,23,1,0,5,0.000,1,6682.007,709.151,6.000,6140.000,390.000,90.000,63.479,58,-1.000,-1.000
1151,16.689389,16.667077,23,1,0,5,0.000,1,6682.007,709.151,6.000,6140.000,390.000,90.000,63.479,58,-1.000,-1.000
1152,16.472813,16.667358,23,1,0,5,0.000,1,6682.007,709.151,6.000,6140.000,390.000,90.000,63.479,58,-1.000,-1.000
1153,17.226339,16.668368,23,1,0,5,0.000,1,6682.007,709.151,6.000,6140.000,390.000,90.000,63.479,58,-1.000,-1.000
1154,18.100220,16.668807,23,1,0,5,0.000,1,6682.007,709.151,6.000,6140.000,390.000,90.000,63.479,58,-1.000,-1.000
1155,16.240108,16.667478,23,1,0,5,0.000,1,6682.007,709.151,6.000,6140.000,390.000,90.000,63.479,58,-1.000,-1.000
1156,17.985917,16.667588,23,1,0,5,0.000,1,6682.007,709.151,6.000,6140.000,390.000,90.000,63.479,58,-1.000,-1.000
1157,16.576275,16.667297,23,1,0,5,0.000,1,6682.007,709.151,6.000,6140.000,390.000,90.000,63.479,58,-1.000,-1.000
1158,17.101387,16.667178,23,1,0,5,0.000,1,6682.007,709.151,6.000,6140.000,390.000,90.000,63.479,58,-1.000,-1.000
1159,16.564776,16.667868,23,1,0,5,0.000,1,6682.007,709.151,6.000,6140.000,390.000,90.000,63.479,58,-1.000,-1.000
1160,17.762962,16.668237,23,1,0,5,0.000,1,6682.007,709.151,6.000,6140.000,390.000,90.000,63.479,58,-1.000,-1.000
1161,16.365511,16.667578,23,1,0,5,0.000,1,6682.007,709.151,6.000,6140.000,390.000,90.000,63.479,58,-1.000,-1.000
1162,15.836269,16.689888,23,1,0,5,0.000,1,6682.007,709.151,6.000,6140.000,390.000,90.000,63.479,58,-1.000,-1.000
1163,16.255088,16.668847,23,1,0,5,0.000,1,6682.007,709.151,6.000,6140.000,390.000,90.000,63.479,58,-1.000,-1.000
1164,17.177989,16.667358,23,1,0,5,0.000,1,6682.007,709.151,6.000,6140.000,390.000,90.000,63.479,58,-1.000,-1.000
1165,15.596624,16.668848,23,1,0,5,0.000,1,6682.007,709.151,6.000,6140.000,390.000,90.000,63.479,58,-1.000,-1.000
1166,17.260911,16.667197,23,1,0,5,0.000,1,6682.007,709.151,6.000,6140.000,390.000,90.000,63.479,58,-1.000,-1.000
1167,14.726425,16.668168,17,1,0,5,0.000,1,6682.007,709.151,6.000,6140.000,390.000,90.000,63.479,58,-1.000,-1.000
1168,17.413124,16.668698,17,1,0,5,0.000,1,6682.007,709.151,6.000,6140.000,390.000,90.000,63.479,58,-1.000,-1.000
1169,19.987570,16.667657,17,1,0,5,0.000,1,6682.007,709.151,6.000,6140.000,390.000,90.000,63.479,58,-1.000,-1.000
1170,12.636080,16.667428,17,1,0,5,0.000,1,6682.007,709.151,6.000,6140.000,390.000,90.000,63.479,58,-1.000,-1.000
1171,19.965810,16.667278,17,1,0,5,0.000,1,6682.007,709.151,6.000,16500.000,700.000,90.000,63.479,58,-1.000,-1.000
1172,14.941590,16.667187,17,1,1,5,0.000,0,6682.007,709.151,6.000,16500.000,700.000,90.000,63.479,58,-1.000,-1.000
1173,18.319353,16.667968,17,1,1,5,0.000,0,6682.007,709.151,6.000,16500.000,700.000,90.000,63.479,58,-1.000,-1.000
1174,13.677872,16.667328,17,1,1,5,0.000,0,6682.007,709.151,6.000,16500.000,700.000,90.000,63.479,58,-1.000,-1.000
1175,16.385211,16.668457,17,1,1,5,0.000,0,6682.007,709.151,6.000,16500.000,700.000,90.000,63.479,58,-1.000,-1.000
1176,17.573878,16.667518,17,1,1,5,0.000,0,6682.007,709.151,6.000,16500.000,700.000,90.000,63.479,58,-1.000,-1.000
1177,15.390549,16.667958,17,1,1,5,0.000,0,6682.007,709.151,6.000,16500.000,700.000,90.000,63.479,58,-1.000,-1.000
1178,18.220322,16.667187,17,1,1,5,0.000,0,6682.007,709.151,6.000,16500.000,700.000,90.000,63.479,58,-1.000,-1.000
1179,16.681648,16.668748,17,1,1,5,0.000,0,6682.007,709.151,6.000,16500.000,700.000,90.000,63.479,58,-1.000,-1.000
1180,15.897071,16.667628,17,1,1,5,0.000,0,6682.007,709.151,6.000,16500.000,700.000,90.000,63.479,58,-1.000,-1.000
1181,17.594278,16.668727,17,1,1,5,0.000,0,6682.007,709.151,6.000,16500.000,700.000,90.000,63.479,58,-1.000,-1.000
1182,16.255649,16.667457,17,1,1,5,0.000,0,6682.007,709.151,6.000,16500.000,700.000,90.000,63.479,58,-1.000,-1.000
1183,16.823181,16.668448,17,1,1,5,0.000,0,6682.007,709.151,6.000,16500.000,700.000,90.000,63.479,58,-1.000,-1.000
1184,18.578039,16.668407,17,1,1,5,0.000,0,6682.007,709.151,6.000,16500.000,700.000,90.000,63.479,58,-1.000,-1.000
1185,15.928602,16.667878,17,1,1,5,0.000,0,6682.007,709.151,6.000,16500.000,700.000,90.000,63.479,58,-1.000,-1.000
1186,16.944993,16.668448,17,1,1,5,0.000,0,6682.007,709.151,6.000,16500.000,700.000,90.000,63.479,58,-1.000,-1.000
1187,17.100507,16.668767,17,1,1,5,0.000,0,6682.007,709.151,6.000,16500.000,700.000,90.000,63.479,58,-1.000,-1.000
1188,13.156010,16.668358,17,1,1,5,0.000,0,6682.007,709.151,6.000,16500.000,700.000,90.000,63.479,58,-1.000,-1.000
1189,20.040262,16.668938,17,1,1,5,0.000,0,6682.007,709.151,6.000,16500.000,700.000,90.000,63.479,58,-1.000,-1.000
1190,13.538949,16.668987,17,1,1,5,0.000,0,6682.007,709.151,6.000,16500.000,700.000,90.000,63.479,58,-1.000,-1.000
1191,16.607976,16.667998,17,1,1,5,0.000,0,6682.007,709.151,6.000,16500.000,700.000,90.000,63.479,58,-1.000,-1.000
1192,19.710335,16.667678,17,1,1,5,0.000,0,6682.007,709.151,6.000,16500.000,700.000,90.000,63.479,58,-1.000,-1.000
1193,16.595057,16.668687,17,1,1,5,0.000,0,6682.007,709.151,6.000,16500.000,700.000,90.000,63.479,58,-1.000,-1.000
1194,16.297189,16.668448,17,1,1,5,0.000,0,6682.007,709.151,6.000,16500.000,700.000,90.000,63.479,58,-1.000,-1.000
1195,16.072634,16.668848,17,1,1,5,0.000,0,6682.007,709.151,6.000,16500.000,700.000,90.000,63.479,58,-1.000,-1.000
1196,16.654378,16.668007,17,1,1,5,0.000,0,6682.007,709.151,6.000,16500.000,700.000,90.000,63.479,58,-1.000,-1.000
1197,16.698537,16.668668,17,1,1,5,0.000,0,6682.007,709.151,6.000,16500.000,700.000,90.000,63.479,58,-1.000,-1.000
1198,14.350338,16.668017,17,1,1,5,0.000,0,6682.007,709.151,6.000,16500.000,700.000,90.000,63.479,58,-1.000,-1.000
1199,21.975914,16.667538,17,1,1,5,0.000,0,6682.007,709.151,6.000,16500.000,700.000,90.000,63.479,58,-1.000,-1.000
1200,11.446542,16.668958,17,1,1,5,0.000,0,6682.007,709.151,6.000,16500.000,700.000,90.000,63.479,58,-1.000,-1.000
1201,16.731550,16.668187,17,1,1,5,0.000,0,6682.007,709.151,6.000,16500.000,700.000,90.000,63.479,58,-1.000,-1.000
1202,19.505239,16.667408,17,1,1,5,0.000,0,6682.007,709.151,6.000,16500.000,700.000,90.000,63.479,58,-1.000,-1.000
1203,13.893387,16.668408,17,1,1,5,0.000,0,6682.007,709.151,6.000,16500.000,700.000,90.000,63.479,58,-1.000,-1.000
1204,16.572816,16.668827,17,1,1,5,0.000,0,6682.007,709.151,6.000,16500.000,700.000,90.000,63.479,58,-1.000,-1.000
1205,19.942530,16.668668,17,1,1,5,0.000,0,6682.007,709.151,6.000,16500.000,700.000,90.000,63.479,58,-1.000,-1.000
1206,13.364064,16.668038,17,1,1,5,0.000,0,6682.007,709.151,6.000,16500.000,700.000,90.000,63.479,58,-1.000,-1.000
1207,16.719509,16.668117,17,1,1,5,0.000,0,6682.007,709.151,6.000,16500.000,700.000,90.000,63.479,58,-1.000,-1.000
1208,16.819271,16.668978,17,1,1,5,0.000,0,6682.007,709.151,6.000,16500.000,700.000,90.000,63.479,58,-1.000,-1.000
1209,16.622096,16.667508,17,1,1,5,0.000,0,6682.007,709.151,6.000,16500.000,700.000,90.000,63.479,58,-1.000,-1.000
1210,16.659168,16.667387,17,1,1,5,0.000,0,6682.007,709.151,6.000,16500.000,700.000,90.000,63.479,58,-1.000,-1.000
1211,16.662338,16.668677,17,1,1,5,0.000,0,6682.007,709.151,6.000,16500.000,700.000,90.000,63.479,58,-1.000,-1.000
1212,16.806440,16.667388,17,1,1,5,0.000,0,6682.007,709.151,6.000,16500.000,700.000,90.000,63.479,58,-1.000,-1.000
1213,16.698338,16.668377,17,1,1,5,0.000,0,6682.007,709.151,6.000,16500.000,700.000,90.000,63.479,58,-1.000,-1.000
1214,16.755000,16.667728,17,1,1,5,0.000,0,6682.007,709.151,6.000,16500.000,700.000,90.000,63.479,58,-1.000,-1.000
1215,16.373171,16.667068,17,1,1,5,0.000,0,6682.007,709.151,6.000,16500.000,700.000,90.000,63.479,58,-1.000,-1.000
1216,16.685328,16.667677,17,1,1,5,0.000,0,6682.007,709.151,6.000,16500.000,700.000,90.000,63.479,58,-1.000,-1.000
1217,16.621116,16.669188,17,1,1,5,0.000,0,6682.007,709.151,6.000,16500.000,700.000,90.000,63.479,58,-1.000,-1.000
1218,16.804471,16.668138,17,1,1,5,0.000,0,6682.007,709.151,6.000,16500.000,700.000,90.000,63.479,58,-1.000,-1.000
1219,16.618637,16.668317,17,1,1,5,0.000,0,6682.007,709.151,6.000,16500.000,700.000,90.000,63.479,58,-1.000,-1.000
1220,16.689498,16.668398,17,1,1,5,0.000,0,6682.007,709.151,6.000,16500.000,700.000,90.000,63.479,58,-1.000,-1.000
1221,16.761539,16.668908,17,1,1,5,0.000,0,6682.007,709.151,6.000,16500.000,700.000,90.000,63.479,58,-1.000,-1.000
1222,16.555936,16.667947,17,1,1,5,0.000,0,6682.007,709.151,6.000,16500.000,700.000,90.000,63.479,58,-1.000,-1.000
1223,16.684038,16.668658,17,1,1,5,0.000,0,6682.007,709.151,6.000,16500.000,700.000,90.000,63.479,58,-1.000,-1.000
1224,16.594736,16.667598,17,1,1,5,0.000,0,6682.007,709.151,6.000,16500.000,700.000,90.000,63.479,58,-1.000,-1.000
1225,16.912633,16.668807,17,1,1,5,0.000,0,6682.007,709.151,6.000,16500.000,700.000,90.000,63.479,58,-1.000,-1.000
1226,16.535075,16.668858,17,1,1,5,0.000,0,6682.007,709.151,6.000,16500.000,700.000,90.000,63.479,58,-1.000,-1.000
1227,16.592605,16.667538,17,1,1,5,0.000,0,6682.007,709.151,6.000,16500.000,700.000,90.000,63.479,58,-1.000,-1.000
1228,16.647458,16.667537,17,1,1,5,0.000,0,6682.007,709.151,6.000,16500.000,700.000,90.000,63.479,58,-1.000,-1.000
1229,21.688019,16.668888,17,1,1,5,0.000,0,6682.007,709.151,6.000,16500.000,700.000,90.000,63.479,58,-1.000,-1.000
1230,11.604005,16.667478,17,1,1,5,0.000,0,6682.007,709.151,6.000,16500.000,700.000,90.000,63.479,58,-1.000,-1.000
1231,20.303497,16.668727,17,1,1,5,0.000,0,6682.007,709.151,6.000,16500.000,700.000,90.000,63.479,58,-1.000,-1.000
1232,13.035418,16.668278,17,1,1,5,0.000,0,6682.007,709.151,6.000,16500.000,700.000,90.000,63.479,58,-1.000,-1.000
1233,19.554212,16.667838,17,1,1,5,0.000,0,6682.007,709.151,6.000,16500.000,700.000,90.000,63.479,58,-1.000,-1.000
1234,18.825805,16.668617,17,1,1,5,0.000,0,6682.007,709.151,6.000,16500.000,700.000,90.000,63.479,58,-1.000,-1.000
1235,16.522964,16.667328,17,1,1,5,0.000,0,6682.007,709.151,6.000,16500.000,700.000,90.000,63.479,58,-1.000,-1.000
1236,16.795000,16.667838,17,1,1,5,0.000,0,6682.007,709.151,6.000,16500.000,700.000,90.000,63.479,58,-1.000,-1.000
1237,15.150134,16.667337,17,1,1,5,0.000,0,6682.007,709.151,6.000,16500.000,700.000,90.000,63.479,58,-1.000,-1.000
1238,16.553726,16.668387,17,1,1,5,0.000,0,6682.007,709.151,6.000,16500.000,700.000,90.000,63.479,58,-1.000,-1.000
1239,16.746690,16.667648,17,1,1,5,0.000,0,6682.007,709.151,6.000,16500.000,700.000,90.000,63.479,58,-1.000,-1.000
1240,17.120427,16.668037,17,1,1,5,0.000,0,6682.007,709.151,6.000,16500.000,700.000,90.000,63.479,58,-1.000,-1.000
1241,15.226186,16.667758,17,1,1,5,0.000,0,6682.007,709.151,6.000,16500.000,700.000,90.000,63.479,58,-1.000,-1.000
1242,18.156800,16.667558,17,1,1,5,0.000,0,6682.007,709.151,6.000,16500.000,700.000,90.000,63.479,58,-1.000,-1.000
1243,12.506856,16.668877,17,1,1,5,0.000,0,6682.007,709.151,6.000,16500.000,700.000,90.000,63.479,58,-1.000,-1.000
1244,16.856671,16.667788,17,1,1,5,0.000,0,6682.007,709.151,6.000,16500.000,700.000,90.000,63.479,58,-1.000,-1.000
1245,16.641598,16.667048,17,1,1,5,0.000,0,6682.007,709.151,6.000,16500.000,700.000,90.000,63.479,58,-1.000,-1.000
1246,16.808071,16.668857,17,1,1,5,0.000,0,6682.007,709.151,6.000,16500.000,700.000,90.000,63.479,58,-1.000,-1.000
1247,16.601075,16.667078,17,1,1,5,0.000,0,6682.007,709.151,6.000,16500.000,700.000,90.000,63.479,58,-1.000,-1.000
1248,16.582196,16.667928,17,1,1,5,0.000,0,6682.007,709.151,6.000,16500.000,700.000,90.000,63.479,58,-1.000,-1.000
1249,16.662828,16.667327,17,1,1,5,0.000,0,6682.007,709.151,6.000,16500.000,700.000,90.000,63.479,58,-1.000,-1.000
1250,16.696068,16.668298,17,1,1,5,0.000,0,6682.007,709.151,6.000,16500.000,700.000,90.000,63.479,58,-1.000,-1.000
1251,17.962046,16.669098,17,1,1,5,0.000,0,6682.007,709.151,6.000,16500.000,700.000,90.000,63.479,58,-1.000,-1.000
1252,16.105015,16.669037,17,1,1,5,0.000,0,6682.007,709.151,6.000,16500.000,700.000,90.000,63.479,58,-1.000,-1.000
1253,16.628147,16.667708,17,1,1,5,0.000,0,6682.007,709.151,6.000,16500.000,700.000,90.000,63.479,58,-1.000,-1.000
1254,21.655448,16.667668,17,1,1,5,0.000,0,6682.007,709.151,6.000,16500.000,700.000,90.000,63.479,58,-1.000,-1.000
1255,15.460631,16.668047,17,1,1,5,0.000,0,6682.007,709.151,6.000,16500.000,700.000,90.000,63.479,58,-1.000,-1.000
1256,12.746941,16.668468,17,1,1,5,0.000,0,6682.007,709.151,6.000,16500.000,700.000,90.000,63.479,58,-1.000,-1.000
1257,16.411772,16.668398,17,1,1,5,0.000,0,6682.007,709.151,6.000,16500.000,700.000,90.000,63.479,58,-1.000,-1.000
1258,16.515804,16.668147,17,1,1,5,0.000,0,6682.007,709.151,6.000,16500.000,700.000,90.000,63.479,58,-1.000,-1.000
1259,16.915153,16.668288,17,1,1,5,0.000,0,6682.007,709.151,6.000,16500.000,700.000,90.000,63.479,58,-1.000,-1.000
1260,16.639377,16.668447,17,1,1,5,0.000,0,6682.007,709.151,6.000,16500.000,700.000,90.000,63.479,58,-1.000,-1.000
1261,16.425553,16.668627,17,1,1,5,0.000,0,6682.007,709.151,6.000,16500.000,700.000,90.000,63.479,58,-1.000,-1.000
1262,20.227586,16.668058,17,1,1,5,0.000,0,6682.007,709.151,6.000,16500.000,700.000,90.000,63.479,58,-1.000,-1.000
1263,12.973936,16.667068,17,1,1,5,0.000,0,6682.007,709.151,6.000,16500.000,700.000,90.000,63.479,58,-1.000,-1.000
1264,16.562295,16.667217,17,1,1,5,0.000,0,6682.007,709.151,6.000,16500.000,700.000,90.000,63.479,58,-1.000,-1.000
1265,19.427249,16.667538,17,1,1,5,0.000,0,6682.007,709.151,6.000,16500.000,700.000,90.000,63.479,58,-1.000,-1.000
1266,16.996674,16.667938,17,1,1,5,0.000,0,6682.007,709.151,6.000,16500.000,700.000,90.000,63.479,58,-1.000,-1.000
1267,12.799913,16.667277,17,1,1,5,0.000,0,6682.007,709.151,6.000,16500.000,700.000,90.000,63.479,58,-1.000,-1.000
1268,19.474349,16.667258,17,1,1,5,0.000,0,6682.007,709.151,6.000,16500.000,700.000,90.000,63.479,58,-1.000,-1.000
1269,16.338490,16.667037,17,1,1,5,0.000,0,6682.007,709.151,6.000,16500.000,700.000,90.000,63.479,58,-1.000,-1.000
1270,14.268705,16.666888,17,1,1,5,0.000,0,6682.007,709.151,6.000,16500.000,700.000,90.000,63.479,58,-1.000,-1.000
1271,16.644857,16.667578,17,1,1,5,0.000,0,6682.007,709.151,6.000,16500.000,700.000,90.000,63.479,58,-1.000,-1.000
1272,16.591626,16.667147,17,1,1,5,0.000,0,6682.007,709.151,6.000,16500.000,700.000,90.000,63.479,58,-1.000,-1.000
1273,16.769740,16.667428,17,1,1,5,0.000,0,6682.007,709.151,6.000,16500.000,700.000,90.000,63.479,58,-1.000,-1.000
1274,16.668537,16.666878,17,1,1,5,0.000,0,6682.007,709.151,6.000,16500.000,700.000,90.000,63.479,58,-1.000,-1.000
1275,16.666208,16.667057,17,1,1,5,0.000,0,6682.007,709.151,6.000,16500.000,700.000,90.000,63.479,58,-1.000,-1.000
1276,16.636787,16.667508,17,1,1,5,0.000,0,6682.007,709.151,6.000,16500.000,700.000,90.000,63.479,58,-1.000,-1.000
1277,16.626227,16.667568,17,1,1,5,0.000,0,6682.007,709.151,6.000,16500.000,700.000,90.000,63.479,58,-1.000,-1.000
1278,16.682948,16.667546,17,1,1,5,0.000,0,6682.007,709.151,6.000,16500.000,700.000,90.000,63.479,58,-1.000,-1.000
1279,16.641557,16.667538,17,1,1,5,0.000,0,6682.007,709.151,6.000,16500.000,700.000,90.000,63.479,58,-1.000,-1.000
1280,20.015902,16.666968,17,1,1,5,0.000,0,6682.007,709.151,6.000,16500.000,700.000,90.000,63.479,58,-1.000,-1.000
1281,13.276562,16.667537,17,1,1,5,0.000,0,6682.007,709.151,6.000,16500.000,700.000,90.000,63.479,58,-1.000,-1.000
1282,17.530776,16.667848,17,1,1,5,0.000,0,6682.007,709.151,6.000,16500.000,700.000,90.000,63.479,58,-1.000,-1.000
1283,20.903882,16.667898,17,1,1,5,0.000,0,6682.007,709.151,6.000,16500.000,700.000,90.000,63.479,58,-1.000,-1.000
1284,16.106205,16.668977,17,1,1,5,0.000,0,6682.007,709.151,6.000,16500.000,700.000,90.000,63.479,58,-1.000,-1.000
1285,16.469303,16.668658,17,1,1,5,0.000,0,6682.007,709.151,6.000,16500.000,700.000,90.000,63.479,58,-1.000,-1.000
1286,13.919887,16.667968,17,1,1,5,0.000,0,6682.007,709.151,6.000,16500.000,700.000,90.000,63.479,58,-1.000,-1.000
1287,18.010638,16.667727,17,1,1,5,0.000,0,6682.007,709.151,6.000,16500.000,700.000,90.000,63.479,58,-1.000,-1.000
1288,17.026525,16.668868,17,1,1,5,0.000,0,6682.007,709.151,6.000,16500.000,700.000,90.000,63.479,58,-1.000,-1.000
1289,17.285011,16.667448,17,1,1,5,0.000,0,6682.007,709.151,6.000,16500.000,700.000,90.000,63.479,58,-1.000,-1.000
1290,16.412183,16.668747,17,1,1,5,0.000,0,6682.007,709.151,6.000,16500.000,700.000,90.000,63.479,58,-1.000,-1.000
1291,13.907956,16.668798,17,1,1,5,0.000,0,6682.007,709.151,6.000,16500.000,700.000,90.000,63.479,58,-1.000,-1.000
1292,18.914977,16.668268,17,1,1,5,0.000,0,6682.007,709.151,6.000,16500.000,700.000,90.000,63.479,58,-1.000,-1.000
1293,17.686290,16.667447,17,1,1,5,0.000,0,6682.007,709.151,6.000,16500.000,700.000,90.000,63.479,58,-1.000,-1.000
1294,13.369785,16.668878,17,1,1,5,0.000,0,6682.007,709.151,6.000,16500.000,700.000,90.000,63.479,58,-1.000,-1.000
1295,19.043890,16.667218,17,1,1,5,0.000,0,6682.007,709.151,6.000,16500.000,700.000,90.000,63.479,58,-1.000,-1.000
1296,17.145269,16.668387,17,1,1,5,0.000,0,6682.007,709.151,6.000,16500.000,700.000,90.000,63.479,58,-1.000,-1.000
1297,17.988376,16.668318,17,1,1,5,0.000,0,6682.007,709.151,6.000,16500.000,700.000,90.000,63.479,58,-1.000,-1.000
1298,12.540047,16.667238,17,1,1,5,0.000,0,6682.007,709.151,6.000,16500.000,700.000,90.000,63.479,58,-1.000,-1.000
1299,17.837773,16.668127,17,1,1,5,0.000,0,6682.007,709.151,6.000,16500.000,700.000,90.000,63.479,58,-1.000,-1.000
1300,17.136448,16.668507,17,1,1,5,0.000,0,6682.007,709.151,6.000,16500.000,700.000,90.000,63.479,58,-1.000,-1.000
1301,17.476385,16.667788,17,1,1,5,0.000,0,6682.007,709.151,6.000,16500.000,700.000,90.000,63.479,58,-1.000,-1.000
1302,18.021048,16.668457,17,1,1,5,0.000,0,6682.007,709.151,6.000,16500.000,700.000,90.000,63.479,58,-1.000,-1.000
1303,15.128874,16.668068,17,1,1,5,0.000,0,6682.007,709.151,6.000,16500.000,700.000,90.000,63.479,58,-1.000,-1.000
1304,15.716806,16.667298,17,1,1,5,0.000,0,6682.007,709.151,6.000,16500.000,700.000,90.000,63.479,58,-1.000,-1.000
1305,17.863764,16.667997,17,1,1,5,0.000,0,6682.007,709.151,6.000,16500.000,700.000,90.000,63.479,58,-1.000,-1.000
1306,15.416321,16.667728,17,1,1,5,0.000,0,6682.007,709.151,6.000,16500.000,700.000,90.000,63.479,58,-1.000,-1.000
1307,15.121143,16.667338,17,1,1,5,0.000,0,6682.007,709.151,6.000,16500.000,700.000,90.000,63.479,58,-1.000,-1.000
1308,17.780091,16.668107,17,1,1,5,0.000,0,6682.007,709.151,6.000,16500.000,700.000,90.000,63.479,58,-1.000,-1.000
1309,15.901221,16.668168,17,1,1,5,0.000,0,6682.007,709.151,6.000,16500.000,700.000,90.000,63.479,58,-1.000,-1.000
1310,18.757514,16.668558,17,1,1,5,0.000,0,6682.007,709.151,6.000,16500.000,700.000,90.000,63.479,58,-1.000,-1.000
1311,16.742320,16.668987,17,1,1,5,0.000,0,6682.007,709.151,6.000,16500.000,700.000,90.000,63.479,58,-1.000,-1.000
1312,16.293059,16.668018,17,1,1,5,0.000,0,6682.007,709.151,6.000,16500.000,700.000,90.000,63.479,58,-1.000,-1.000
1313,17.948886,16.667458,17,1,1,5,0.000,0,6682.007,709.151,6.000,16500.000,700.000,90.000,63.479,58,-1.000,-1.000
1314,13.554379,16.668877,17,1,1,5,0.000,0,6682.007,709.151,6.000,16500.000,700.000,90.000,63.479,58,-1.000,-1.000
1315,18.791954,16.667428,17,1,1,5,0.000,0,6682.007,709.151,6.000,16500.000,700.000,90.000,63.479,58,-1.000,-1.000
1316,17.337023,16.668548,17,1,1,5,0.000,0,6682.007,709.151,6.000,16500.000,700.000,90.000,63.479,58,-1.000,-1.000
1317,17.647868,16.669607,17,1,1,5,0.000,0,6682.007,709.151,6.000,16500.000,700.000,90.000,63.479,58,-1.000,-1.000
1318,15.795669,16.668208,17,1,1,5,0.000,0,6682.007,709.151,6.000,16500.000,700.000,90.000,63.479,58,-1.000,-1.000
1319,17.305042,16.667118,17,1,1,5,0.000,0,6682.007,709.151,6.000,16500.000,700.000,90.000,63.479,58,-1.000,-1.000
1320,16.875051,16.668307,17,1,1,5,0.000,0,6682.007,709.151,6.000,16500.000,700.000,90.000,63.479,58,-1.000,-1.000
1321,13.201282,16.667617,17,1,1,5,0.000,0,6682.007,709.151,6.000,16500.000,700.000,90.000,63.479,58,-1.000,-1.000
1322,19.989681,16.669478,17,1,1,5,0.000,0,6682.007,709.151,6.000,16500.000,700.000,90.000,63.479,58,-1.000,-1.000
1323,15.689566,16.669737,17,1,1,5,0.000,0,6682.007,709.151,6.000,16500.000,700.000,90.000,63.479,58,-1.000,-1.000
1324,14.198813,16.681609,17,1,1,5,0.000,0,6682.007,709.151,6.000,16500.000,700.000,90.000,63.479,58,-1.000,-1.000
1325,19.626693,16.667048,17,1,1,5,0.000,0,6682.007,709.151,6.000,16500.000,700.000,90.000,63.479,58,-1.000,-1.000
1326,17.426234,16.668137,17,1,1,5,0.000,0,6682.007,709.151,6.000,16500.000,700.000,90.000,63.479,58,-1.000,-1.000
1327,16.953064,16.668598,17,1,1,5,0.000,0,6682.007,709.151,6.000,16500.000,700.000,90.000,63.479,58,-1.000,-1.000
1328,16.846061,16.667547,17,1,1,5,0.000,0,6682.007,709.151,6.000,16500.000,700.000,90.000,63.479,58,-1.000,-1.000
1329,12.203249,16.667987,17,1,1,5,0.000,0,6682.007,709.151,6.000,16500.000,700.000,90.000,63.479,58,-1.000,-1.000
1330,16.927354,16.667498,17,1,1,5,0.000,0,6682.007,709.151,6.000,16500.000,700.000,90.000,63.479,58,-1.000,-1.000
1331,16.590206,16.667498,17,1,1,5,0.000,0,6682.007,709.151,6.000,16500.000,700.000,90.000,63.479,58,-1.000,-1.000
1332,16.891253,16.667737,17,1,1,5,0.000,0,6682.007,709.151,6.000,16500.000,700.000,90.000,63.479,58,-1.000,-1.000
1333,16.542824,16.668548,17,1,1,5,0.000,0,6682.007,709.151,6.000,16500.000,700.000,90.000,63.479,58,-1.000,-1.000
1334,16.694949,16.667048,17,1,1,5,0.000,0,6682.007,709.151,6.000,16500.000,700.000,90.000,63.479,58,-1.000,-1.000
1335,16.704538,16.668357,17,1,1,5,0.000,0,6682.007,709.151,6.000,16500.000,700.000,90.000,63.479,58,-1.000,-1.000
1336,16.605026,16.668438,17,1,1,5,0.000,0,6682.007,709.151,6.000,16500.000,700.000,90.000,63.479,58,-1.000,-1.000
1337,16.723609,16.668738,17,1,1,5,0.000,0,6682.007,709.151,6.000,16500.000,700.000,90.000,63.479,58,-1.000,-1.000
1338,16.638397,16.667047,17,1,1,5,0.000,0,6682.007,709.151,6.000,16500.000,700.000,90.000,63.479,58,-1.000,-1.000
1339,21.123656,16.668278,17,1,1,5,0.000,0,6682.007,709.151,6.000,16500.000,700.000,90.000,63.479,58,-1.000,-1.000
1340,16.539994,16.668788,17,1,1,5,0.000,0,6682.007,709.151,6.000,16500.000,700.000,90.000,63.479,58,-1.000,-1.000
1341,12.335883,16.668287,17,1,1,5,0.000,0,6682.007,709.151,6.000,16500.000,700.000,90.000,63.479,58,-1.000,-1.000
1342,16.620986,16.667518,17,1,1,5,0.000,0,6682.007,709.151,6.000,16500.000,700.000,90.000,63.479,58,-1.000,-1.000
1343,16.697779,16.667587,17,1,1,5,0.000,0,6682.007,709.151,6.000,16500.000,700.000,90.000,63.479,58,-1.000,-1.000
1344,16.665208,16.668868,17,1,1,5,0.000,0,6682.007,709.151,6.000,16500.000,700.000,90.000,63.479,58,-1.000,-1.000
1345,16.614945,16.668278,17,1,1,5,0.000,0,6682.007,709.151,6.000,16500.000,700.000,90.000,63.479,58,-1.000,-1.000
1346,16.815721,16.668147,17,1,1,5,0.000,0,6682.007,709.151,6.000,16500.000,700.000,90.000,63.479,58,-1.000,-1.000
1347,16.892693,16.667268,18,1,1,5,0.000,0,6682.007,709.151,6.000,16500.000,700.000,90.000,63.479,58,-1.000,-1.000
1348,16.427522,16.668497,18,1,1,5,0.000,0,6682.007,709.151,6.000,16500.000,700.000,90.000,63.479,58,-1.000,-1.000
1349,16.384232,16.668427,18,1,1,5,0.000,0,6682.007,709.151,6.000,16500.000,700.000,90.000,63.479,58,-1.000,-1.000
1350,17.365913,16.668078,18,1,1,5,0.000,0,6682.007,709.151,6.000,16500.000,700.000,90.000,63.479,58,-1.000,-1.000
1351,20.710277,16.668708,18,1,1,5,0.000,0,6682.007,709.151,6.000,16500.000,700.000,90.000,63.479,58,-1.000,-1.000
1352,16.036173,16.667257,18,1,1,5,0.000,0,6682.007,709.151,6.000,16500.000,700.000,90.000,63.479,58,-1.000,-1.000
1353,15.935202,16.668368,18,1,1,5,0.000,0,6682.007,709.151,6.000,16500.000,700.000,90.000,63.479,58,-1.000,-1.000
1354,13.476647,16.667988,18,1,1,5,0.000,0,6682.007,709.151,6.000,16500.000,700.000,90.000,63.479,58,-1.000,-1.000
1355,21.361661,16.667767,18,1,1,5,0.000,0,6682.007,709.151,6.000,16500.000,700.000,90.000,63.479,58,-1.000,-1.000
1356,12.159948,16.669048,18,1,1,5,0.000,0,6682.007,709.151,6.000,16500.000,700.000,90.000,63.479,58,-1.000,-1.000
1357,16.454283,16.667228,18,1,1,5,0.000,0,6682.007,709.151,6.000,16500.000,700.000,90.000,63.479,58,-1.000,-1.000
1358,16.658358,16.667047,18,1,1,5,0.000,0,6682.007,709.151,6.000,16500.000,700.000,90.000,63.479,58,-1.000,-1.000
1359,18.766124,16.667218,18,1,1,5,0.000,0,6682.007,709.151,6.000,16500.000,700.000,90.000,63.479,58,-1.000,-1.000
1360,16.916603,16.667448,18,1,1,5,0.000,0,6682.007,709.151,6.000,16500.000,700.000,90.000,63.479,58,-1.000,-1.000
1361,14.385407,16.668567,18,1,1,5,0.000,0,6682.007,709.151,6.000,16500.000,700.000,90.000,63.479,58,-1.000,-1.000
1362,18.343494,16.668538,18,1,1,5,0.000,0,6682.007,709.151,6.000,16500.000,700.000,90.000,63.479,58,-1.000,-1.000
1363,14.960340,16.667828,18,1,1,5,0.000,0,6682.007,709.151,6.000,16500.000,700.000,90.000,63.479,58,-1.000,-1.000
1364,18.647012,16.668297,18,1,1,5,0.000,0,6682.007,709.151,6.000,16500.000,700.000,90.000,63.479,58,-1.000,-1.000
1365,16.292649,16.668188,18,1,1,5,0.000,0,6682.007,709.151,6.000,16500.000,700.000,90.000,63.479,58,-1.000,-1.000
1366,16.482304,16.667898,18,1,1,5,0.000,0,6682.007,709.151,6.000,16500.000,700.000,90.000,63.479,58,-1.000,-1.000
1367,16.542874,16.667216,18,1,1,5,0.000,0,6682.007,709.151,6.000,16500.000,700.000,90.000,63.479,58,-1.000,-1.000
1368,15.605865,16.668378,18,1,1,5,0.000,0,6682.007,709.151,6.000,16500.000,700.000,90.000,63.479,58,-1.000,-1.000
1369,18.503687,16.668228,18,1,1,5,0.000,0,6682.007,709.151,6.000,16500.000,700.000,90.000,63.479,58,-1.000,-1.000
1370,16.453624,16.668477,18,1,1,5,0.000,0,6682.007,709.151,6.000,16500.000,700.000,90.000,63.479,58,-1.000,-1.000
1371,16.214367,16.667308,18,1,1,5,0.000,0,6682.007,709.151,6.000,16500.000,700.000,90.000,63.479,58,-1.000,-1.000
1372,15.298187,16.668948,18,1,1,5,0.000,0,6682.007,709.151,6.000,16500.000,700.000,90.000,63.479,58,-1.000,-1.000
1373,18.840126,16.668267,18,1,1,5,0.000,0,6682.007,709.151,6.000,16500.000,700.000,90.000,63.479,58,-1.000,-1.000
1374,14.506840,16.668468,18,1,1,5,0.000,0,6682.007,709.151,6.000,16500.000,700.000,90.000,63.479,58,-1.000,-1.000
1375,16.619016,16.668198,18,1,1,5,0.000,0,6682.007,709.151,6.000,16500.000,700.000,90.000,63.479,58,-1.000,-1.000
1376,16.818901,16.668537,18,1,1,5,0.000,0,6682.007,709.151,6.000,16500.000,700.000,90.000,63.479,58,-1.000,-1.000
1377,16.580756,16.668698,18,1,1,5,0.000,0,6682.007,709.151,6.000,16500.000,700.000,90.000,63.479,58,-1.000,-1.000
1378,16.671997,16.668198,18,1,1,5,0.000,0,6682.007,709.151,6.000,16500.000,700.000,90.000,63.479,58,-1.000,-1.000
1379,16.528485,16.688487,18,1,1,5,0.000,0,6682.007,709.151,6.000,16500.000,700.000,90.000,63.479,58,-1.000,-1.000
1380,18.452127,16.667528,18,1,1,5,0.000,0,6682.007,709.151,6.000,16500.000,700.000,90.000,63.479,58,-1.000,-1.000
1381,14.958700,16.667668,18,1,1,5,0.000,0,6682.007,709.151,6.000,16500.000,700.000,90.000,63.479,58,-1.000,-1.000
1382,16.582156,16.668197,18,1,1,5,0.000,0,6682.007,709.151,6.000,16500.000,700.000,90.000,63.479,58,-1.000,-1.000
1383,19.499090,16.668268,18,1,1,5,0.000,0,6682.007,709.151,6.000,16500.000,700.000,90.000,63.479,58,-1.000,-1.000
1384,14.441509,16.668858,18,1,1,5,0.000,0,6682.007,709.151,6.000,16500.000,700.000,90.000,63.479,58,-1.000,-1.000
1385,16.253228,16.668937,18,1,1,5,0.000,0,6682.007,709.151,6.000,16500.000,700.000,90.000,63.479,58,-1.000,-1.000
1386,16.721259,16.668018,18,1,1,5,0.000,0,6682.007,709.151,6.000,16500.000,700.000,90.000,63.479,58,-1.000,-1.000
1387,16.767719,16.668628,18,1,1,5,0.000,0,6682.007,709.151,6.000,16500.000,700.000,90.000,63.479,58,-1.000,-1.000
1388,16.430713,16.668397,18,1,1,5,0.000,0,6682.007,709.151,6.000,16500.000,700.000,90.000,63.479,58,-1.000,-1.000
1389,16.668007,16.667748,18,1,1,5,0.000,0,6682.007,709.151,6.000,16500.000,700.000,90.000,63.479,58,-1.000,-1.000
1390,16.864612,16.668898,18,1,1,5,0.000,0,6682.007,709.151,6.000,16500.000,700.000,90.000,63.479,58,-1.000,-1.000
1391,16.548445,16.667077,18,1,1,5,0.000,0,6682.007,709.151,6.000,16500.000,700.000,90.000,63.479,58,-1.000,-1.000
1392,16.794151,16.667698,18,1,1,5,0.000,0,6682.007,709.151,6.000,16500.000,700.000,90.000,63.479,58,-1.000,-1.000
1393,16.773239,16.668588,18,1,1,5,0.000,0,6682.007,709.151,6.000,16500.000,700.000,90.000,63.479,58,-1.000,-1.000
1394,19.501831,16.667777,18,1,1,5,0.000,0,6682.007,709.151,6.000,16500.000,700.000,90.000,63.479,58,-1.000,-1.000
1395,13.614559,16.667658,18,1,1,5,0.000,0,6682.007,709.151,6.000,16500.000,700.000,90.000,63.479,58,-1.000,-1.000
1396,16.860782,16.668228,18,1,1,5,0.000,0,6682.007,709.151,6.000,16500.000,700.000,90.000,63.479,58,-1.000,-1.000
1397,16.314681,16.667656,18,1,1,5,0.000,0,6682.007,709.151,6.000,16500.000,700.000,90.000,63.479,58,-1.000,-1.000
1398,16.697748,16.667278,18,1,1,5,0.000,0,6682.007,709.151,6.000,16500.000,700.000,90.000,63.479,58,-1.000,-1.000
1399,16.737409,16.667188,18,1,1,5,0.000,0,6682.007,709.151,6.000,16500.000,700.000,90.000,63.479,58,-1.000,-1.000
1400,16.633667,16.667127,18,1,1,5,0.000,0,6682.007,709.151,6.000,16500.000,700.000,90.000,63.479,58,-1.000,-1.000
1401,16.632956,16.668088,18,1,1,5,0.000,0,6682.007,709.151,6.000,16500.000,700.000,90.000,63.479,58,-1.000,-1.000
1402,16.652778,16.668508,18,1,1,5,0.000,0,6682.007,709.151,6.000,16500.000,700.000,90.000,63.479,58,-1.000,-1.000
1403,16.667618,16.668127,18,1,1,5,0.000,0,6682.007,709.151,6.000,16500.000,700.000,90.000,63.479,58,-1.000,-1.000
1404,18.063198,16.667198,18,1,1,5,0.000,0,6682.007,709.151,6.000,16500.000,700.000,90.000,63.479,58,-1.000,-1.000
1405,15.007711,16.668018,18,1,1,5,0.000,0,6682.007,709.151,6.000,16500.000,700.000,90.000,63.479,58,-1.000,-1.000
1406,16.546225,16.667917,18,1,1,5,0.000,0,6682.007,709.151,6.000,16500.000,700.000,90.000,63.479,58,-1.000,-1.000
1407,16.696238,16.667578,18,1,1,5,0.000,0,6682.007,709.151,6.000,16500.000,700.000,90.000,63.479,58,-1.000,-1.000
1408,16.684108,16.667978,18,1,1,5,0.000,0,6682.007,709.151,6.000,16500.000,700.000,90.000,63.479,58,-1.000,-1.000
1409,16.525634,16.667697,18,1,1,5,0.000,0,6682.007,709.151,6.000,16500.000,700.000,90.000,63.479,58,-1.000,-1.000
1410,16.674469,16.668028,18,1,1,5,0.000,0,6682.007,709.151,6.000,16500.000,700.000,90.000,63.479,58,-1.000,-1.000
1411,18.090488,16.667498,18,1,1,5,0.000,0,6682.007,709.151,6.000,16500.000,700.000,90.000,63.479,58,-1.000,-1.000
1412,15.308968,16.667757,18,1,1,5,0.000,0,6682.007,709.151,6.000,16500.000,700.000,90.000,63.479,58,-1.000,-1.000
1413,16.708339,16.667517,18,1,1,5,0.000,0,6682.007,709.151,6.000,16500.000,700.000,90.000,63.479,58,-1.000,-1.000
1414,16.661617,16.667738,18,1,1,5,0.000,0,6682.007,709.151,6.000,16500.000,700.000,90.000,63.479,58,-1.000,-1.000
1415,16.716358,16.667837,18,1,1,5,0.000,0,6682.007,709.151,6.000,16500.000,700.000,90.000,63.479,58,-1.000,-1.000
1416,17.240400,16.668898,18,1,1,5,0.000,0,6682.007,709.151,6.000,16500.000,700.000,90.000,63.479,58,-1.000,-1.000
1417,16.476774,16.668847,18,1,1,5,0.000,0,6682.007,709.151,6.000,16500.000,700.000,90.000,63.479,58,-1.000,-1.000
1418,16.599187,16.667118,18,1,1,5,0.000,0,6682.007,709.151,6.000,16500.000,700.000,90.000,63.479,58,-1.000,-1.000
1419,16.765569,16.668308,18,1,1,5,0.000,0,6682.007,709.151,6.000,16500.000,700.000,90.000,63.479,58,-1.000,-1.000
1420,17.857394,16.667627,18,1,1,5,0.000,0,6682.007,709.151,6.000,16500.000,700.000,90.000,63.479,58,-1.000,-1.000
1421,16.383002,16.667448,18,1,1,5,0.000,0,6682.007,709.151,6.000,16500.000,700.000,90.000,63.479,58,-1.000,-1.000
1422,18.431756,16.668348,18,1,1,5,0.000,0,6682.007,709.151,6.000,16500.000,700.000,90.000,63.479,58,-1.000,-1.000
1423,14.419567,16.667267,18,1,1,5,0.000,0,6682.007,709.151,6.000,16500.000,700.000,90.000,63.479,58,-1.000,-1.000
1424,17.773273,16.667878,18,1,1,5,0.000,0,6682.007,709.151,6.000,16500.000,700.000,90.000,63.479,58,-1.000,-1.000
1425,15.186054,16.668498,18,1,1,5,0.000,0,6682.007,709.151,6.000,16500.000,700.000,90.000,63.479,58,-1.000,-1.000
1426,16.496685,16.669177,18,1,1,5,0.000,0,6682.007,709.151,6.000,16500.000,700.000,90.000,63.479,58,-1.000,-1.000
1427,16.720849,16.667308,18,1,1,5,0.000,0,6682.007,709.151,6.000,16500.000,700.000,90.000,63.479,58,-1.000,-1.000
1428,16.875761,16.668248,18,1,1,5,0.000,0,6682.007,709.151,6.000,16500.000,700.000,90.000,63.479,58,-1.000,-1.000
1429,19.463580,16.667947,18,1,1,5,0.000,0,6682.007,709.151,6.000,16500.000,700.000,90.000,63.479,58,-1.000,-1.000
1430,14.286695,16.667238,18,1,1,5,0.000,0,6682.007,709.151,6.000,16500.000,700.000,90.000,63.479,58,-1.000,-1.000
1431,16.621066,16.671057,18,1,1,5,0.000,0,6682.007,709.151,6.000,16500.000,700.000,90.000,63.479,58,-1.000,-1.000
1432,16.029424,16.668387,18,1,1,5,0.000,0,6682.007,709.151,6.000,16500.000,700.000,90.000,63.479,58,-1.000,-1.000
1433,16.903833,16.682329,18,1,1,5,0.000,0,6682.007,709.151,6.000,16500.000,700.000,90.000,63.479,58,-1.000,-1.000
1434,16.104525,16.667528,18,1,1,5,0.000,0,6682.007,709.151,6.000,16500.000,700.000,90.000,63.479,58,-1.000,-1.000
1435,16.964734,16.667577,18,1,1,5,0.000,0,6682.007,709.151,6.000,16500.000,700.000,90.000,63.479,58,-1.000,-1.000
1436,16.815571,16.668847,18,1,1,5,0.000,0,6682.007,709.151,6.000,16500.000,700.000,90.000,63.479,58,-1.000,-1.000
1437,16.643667,16.669018,18,1,1,5,0.000,0,6682.007,709.151,6.000,16500.000,700.000,90.000,63.479,58,-1.000,-1.000
1438,16.466383,16.668317,18,1,1,5,0.000,0,6682.007,709.151,6.000,16500.000,700.000,90.000,63.479,58,-1.000,-1.000
1439,16.626256,16.667608,18,1,1,5,0.000,0,6682.007,709.151,6.000,16500.000,700.000,90.000,63.479,58,-1.000,-1.000
1440,17.108118,16.667358,18,1,1,5,0.000,0,6682.007,709.151,6.000,16500.000,700.000,90.000,63.479,58,-1.000,-1.000
1441,16.507694,16.667347,18,1,1,5,0.000,0,6682.007,709.151,6.000,16500.000,700.000,90.000,63.479,58,-1.000,-1.000
1442,16.504364,16.667538,18,1,1,5,0.000,0,6682.007,709.151,6.000,16500.000,700.000,90.000,63.479,58,-1.000,-1.000
1443,16.741419,16.668238,18,1,1,5,0.000,0,6682.007,709.151,6.000,16500.000,700.000,90.000,63.479,58,-1.000,-1.000
1444,16.532515,16.667237,18,1,1,5,0.000,0,6682.007,709.151,6.000,16500.000,700.000,90.000,63.479,58,-1.000,-1.000
1445,16.557035,16.668848,18,1,1,5,0.000,0,6682.007,709.151,6.000,16500.000,700.000,90.000,63.479,58,-1.000,-1.000
1446,16.837381,16.668898,18,1,1,5,0.000,0,6682.007,709.151,6.000,16500.000,700.000,90.000,63.479,58,-1.000,-1.000
1447,16.641628,16.668037,18,1,1,5,0.000,0,6682.007,709.151,6.000,16500.000,700.000,90.000,63.479,58,-1.000,-1.000
1448,16.599385,16.667418,18,1,1,5,0.000,0,6682.007,709.151,6.000,16500.000,700.000,90.000,63.479,58,-1.000,-1.000
1449,16.642568,16.668918,18,1,1,5,0.000,0,6682.007,709.151,6.000,16500.000,700.000,90.000,63.479,58,-1.000,-1.000
1450,17.210719,16.685867,18,1,1,5,0.000,0,6682.007,709.151,6.000,16500.000,700.000,90.000,63.479,58,-1.000,-1.000
1451,16.068284,16.667298,18,1,1,5,0.000,0,6682.007,709.151,6.000,16500.000,700.000,90.000,63.479,58,-1.000,-1.000
1452,16.815771,16.668088,18,1,1,5,0.000,0,6682.007,709.151,6.000,16500.000,700.000,90.000,63.479,58,-1.000,-1.000
1453,16.614947,16.668277,18,1,1,5,0.000,0,6682.007,709.151,6.000,16500.000,700.000,90.000,63.479,58,-1.000,-1.000
1454,16.922953,16.699368,18,1,1,5,0.000,0,6682.007,709.151,6.000,16500.000,700.000,90.000,63.479,58,-1.000,-1.000
1455,16.446023,16.668758,18,1,1,5,0.000,0,6682.007,709.151,6.000,16500.000,700.000,90.000,63.479,58,-1.000,-1.000
1456,16.842851,16.667737,18,1,1,5,0.000,0,6682.007,709.151,6.000,16500.000,700.000,90.000,63.479,58,-1.000,-1.000
1457,16.679458,16.667758,18,1,1,5,0.000,0,6682.007,709.151,6.000,16500.000,700.000,90.000,63.479,58,-1.000,-1.000
1458,16.664227,16.668828,18,1,1,5,0.000,0,6682.007,709.151,6.000,16500.000,700.000,90.000,63.479,58,-1.000,-1.000
1459,16.602607,16.668867,18,1,1,5,0.000,0,6682.007,709.151,6.000,16500.000,700.000,90.000,63.479,58,-1.000,-1.000
1460,16.578115,16.668778,18,1,1,5,0.000,0,6682.007,709.151,6.000,16500.000,700.000,90.000,63.479,58,-1.000,-1.000
1461,16.701429,16.668818,18,1,1,5,0.000,0,6682.007,709.151,6.000,16500.000,700.000,90.000,63.479,58,-1.000,-1.000
1462,16.823971,16.667637,18,1,1,5,0.000,0,6682.007,709.151,6.000,16500.000,700.000,90.000,63.479,58,-1.000,-1.000
1463,16.711718,16.668078,18,1,1,5,0.000,0,6682.007,709.151,6.000,16500.000,700.000,90.000,63.479,58,-1.000,-1.000
1464,16.864632,16.669128,18,1,1,5,0.000,0,6682.007,709.151,6.000,16500.000,700.000,90.000,63.479,58,-1.000,-1.000
1465,20.302658,16.668667,18,1,1,5,0.000,0,6682.007,709.151,6.000,16500.000,700.000,90.000,63.479,58,-1.000,-1.000
1466,14.023240,16.668128,18,1,1,5,0.000,0,6682.007,709.151,6.000,16500.000,700.000,90.000,63.479,58,-1.000,-1.000
1467,15.944291,16.667618,19,1,1,5,0.000,0,6682.007,709.151,6.000,16500.000,700.000,90.000,63.479,58,-1.000,-1.000
1468,19.818917,16.668947,19,1,1,5,0.000,0,6682.007,709.151,6.000,16500.000,700.000,90.000,63.479,58,-1.000,-1.000
1469,34.631424,16.668758,19,1,1,5,0.000,0,6682.007,709.151,6.000,16500.000,700.000,90.000,63.479,58,-1.000,-1.000
1470,7.326661,24.296105,19,1,1,5,0.000,0,6682.007,709.151,6.000,16500.000,700.000,90.000,63.479,58,-1.000,-1.000
1471,16.226229,16.667928,19,1,1,5,0.000,0,6682.007,709.151,6.000,16500.000,700.000,90.000,63.479,58,-1.000,-1.000
1472,17.693359,16.667308,19,1,1,5,0.000,0,6682.007,709.151,6.000,6140.000,390.000,90.000,63.479,58,-1.000,-1.000
1473,17.707041,16.667827,19,1,0,5,0.000,1,6682.007,709.151,6.000,6140.000,390.000,90.000,63.479,58,-1.000,-1.000
1474,17.881344,17.061226,19,1,0,5,0.000,1,6682.007,709.151,6.000,6140.000,390.000,90.000,63.479,58,-1.000,-1.000
1475,13.989189,16.667718,19,1,0,5,0.000,1,6682.007,709.151,6.000,6140.000,390.000,90.000,63.479,58,-1.000,-1.000
1476,13.587099,16.668598,19,1,0,5,0.000,1,6682.007,709.151,6.000,6140.000,390.000,90.000,63.479,58,-1.000,-1.000
1477,15.919421,16.668557,19,1,0,5,0.000,1,6682.007,709.151,6.000,6140.000,390.000,90.000,63.479,58,-1.000,-1.000
1478,16.699579,16.667418,19,1,0,5,0.000,1,6682.007,709.151,6.000,6140.000,390.000,90.000,63.479,58,-1.000,-1.000
1479,16.798761,16.668858,19,1,0,5,0.000,1,6682.007,709.151,6.000,6140.000,390.000,90.000,63.479,58,-1.000,-1.000
1480,16.755909,16.667457,19,1,0,5,0.000,1,6682.007,709.151,6.000,6140.000,390.000,90.000,63.479,58,-1.000,-1.000
1481,16.360191,16.669058,19,1,0,5,0.000,1,6682.007,709.151,6.000,6140.000,390.000,90.000,63.479,58,-1.000,-1.000
1482,19.459859,16.669008,19,1,0,5,0.000,1,6682.007,709.151,6.000,6140.000,390.000,90.000,63.479,58,-1.000,-1.000
1483,14.759045,16.667777,19,1,0,5,0.000,1,6682.007,709.151,6.000,6140.000,390.000,90.000,63.479,58,-1.000,-1.000
1484,15.995893,16.667278,19,1,0,5,0.000,1,6682.007,709.151,6.000,6140.000,390.000,90.000,63.479,58,-1.000,-1.000
1485,17.131738,16.668448,19,1,0,5,0.000,1,6682.007,709.151,6.000,6140.000,390.000,90.000,63.479,58,-1.000,-1.000
1486,15.417530,16.667907,19,1,0,5,0.000,1,6682.007,709.151,6.000,6140.000,390.000,90.000,63.479,58,-1.000,-1.000
1487,17.797542,16.669298,19,1,0,5,0.000,1,6682.007,709.151,6.000,6140.000,390.000,90.000,63.479,58,-1.000,-1.000
1488,16.767160,16.668238,19,1,0,5,0.000,1,6682.007,709.151,6.000,6140.000,390.000,90.000,63.479,58,-1.000,-1.000
1489,15.747008,16.667456,19,1,0,5,0.000,1,6682.007,709.151,6.000,6140.000,390.000,90.000,63.479,58,-1.000,-1.000
1490,16.509913,16.668338,19,1,0,5,0.000,1,6682.007,709.151,6.000,6140.000,390.000,90.000,63.479,58,-1.000,-1.000
1491,16.517635,16.667928,19,1,0,5,0.000,1,6682.007,709.151,6.000,6140.000,390.000,90.000,63.479,58,-1.000,-1.000
1492,20.909131,16.667507,19,1,0,5,0.000,1,6682.007,709.151,6.000,6140.000,390.000,90.000,63.479,58,-1.000,-1.000
1493,14.863148,16.667188,19,1,0,5,0.000,1,6682.007,709.151,6.000,6140.000,390.000,90.000,63.479,58,-1.000,-1.000
1494,17.337092,16.667298,19,1,0,5,0.000,1,6682.007,709.151,6.000,6140.000,390.000,90.000,63.479,58,-1.000,-1.000
1495,17.510627,16.668707,19,1,0,5,0.000,1,6682.007,709.151,6.000,6140.000,390.000,90.000,63.479,58,-1.000,-1.000
1496,15.275937,16.667498,19,1,0,5,0.000,1,6682.007,709.151,6.000,6140.000,390.000,90.000,63.479,58,-1.000,-1.000
1497,17.229029,16.667598,19,1,0,5,0.000,1,6682.007,709.151,6.000,6140.000,390.000,90.000,63.479,58,-1.000,-1.000
1498,14.203883,16.667897,19,1,0,5,0.000,1,6682.007,709.151,6.000,6140.000,390.000,90.000,63.479,58,-1.000,-1.000
1499,16.521065,16.668538,19,1,0,5,0.000,1,6682.007,709.151,6.000,6140.000,390.000,90.000,63.479,58,-1.000,-1.000
1500,16.599496,16.667988,19,1,0,5,0.000,1,6682.007,709.151,6.000,6140.000,390.000,90.000,63.479,58,-1.000,-1.000
1501,19.332487,16.667757,19,1,0,5,0.000,1,6682.007,709.151,6.000,6140.000,390.000,90.000,63.479,58,-1.000,-1.000
1502,14.047839,16.667308,19,1,0,5,0.000,1,6682.007,709.151,6.000,6140.000,390.000,90.000,63.479,58,-1.000,-1.000
1503,19.450299,16.668267,19,1,0,5,0.000,1,6682.007,709.151,6.000,6140.000,390.000,90.000,63.479,58,-1.000,-1.000
1504,16.956324,16.667267,19,1,0,5,0.000,1,6682.007,709.151,6.000,6140.000,390.000,90.000,63.479,58,-1.000,-1.000
1505,15.889371,16.667458,19,1,0,5,0.000,1,6682.007,709.151,6.000,6140.000,390.000,90.000,63.479,58,-1.000,-1.000
1506,17.245940,16.668218,19,1,0,5,0.000,1,6682.007,709.151,6.000,6140.000,390.000,90.000,63.479,58,-1.000,-1.000
1507,17.646419,16.668547,19,1,0,5,0.000,1,6682.007,709.151,6.000,6140.000,390.000,90.000,63.479,58,-1.000,-1.000
1508,15.378439,16.668258,19,1,0,5,0.000,1,6682.007,709.151,6.000,6140.000,390.000,90.000,63.479,58,-1.000,-1.000
1509,14.130441,16.668897,19,1,0,5,0.000,1,6682.007,709.151,6.000,6140.000,390.000,90.000,63.479,58,-1.000,-1.000
1510,19.890019,16.668028,19,1,0,5,0.000,1,6682.007,709.151,6.000,6140.000,390.000,90.000,63.479,58,-1.000,-1.000
1511,15.942082,16.667908,19,1,0,5,0.000,1,6682.007,709.151,6.000,6140.000,390.000,90.000,63.479,58,-1.000,-1.000
1512,17.000755,16.668787,19,1,0,5,0.000,1,6682.007,709.151,6.000,6140.000,390.000,90.000,63.479,58,-1.000,-1.000
1513,13.743543,16.667048,19,1,0,5,0.000,1,6682.007,709.151,6.000,6140.000,390.000,90.000,63.479,58,-1.000,-1.000
1514,16.876133,16.678528,19,1,0,5,0.000,1,6682.007,709.151,6.000,6140.000,390.000,90.000,63.479,58,-1.000,-1.000
1515,16.945663,16.668497,19,1,0,5,0.000,1,6682.007,709.151,6.000,6140.000,390.000,90.000,63.479,58,-1.000,-1.000
1516,16.334670,16.668548,19,1,0,5,0.000,1,6682.007,709.151,6.000,6140.000,390.000,90.000,63.479,58,-1.000,-1.000
1517,17.496537,16.667918,19,1,0,5,0.000,1,6682.007,709.151,6.000,6140.000,390.000,90.000,63.479,58,-1.000,-1.000
1518,15.743716,16.668427,19,1,0,5,0.000,1,6682.007,709.151,6.000,6140.000,390.000,90.000,63.479,58,-1.000,-1.000
1519,16.797031,16.667458,19,1,0,5,0.000,1,6682.007,709.151,6.000,6140.000,390.000,90.000,63.479,58,-1.000,-1.000
1520,16.681748,16.667858,19,1,0,5,0.000,1,6682.007,709.151,6.000,6140.000,390.000,90.000,63.479,58,-1.000,-1.000
1521,16.555835,16.668407,19,1,0,5,0.000,1,6682.007,709.151,6.000,6140.000,390.000,90.000,63.479,58,-1.000,-1.000
1522,17.746951,16.668648,19,1,0,5,0.000,1,6682.007,709.151,6.000,6140.000,390.000,90.000,63.479,58,-1.000,-1.000
1523,15.491292,16.668428,19,1,0,5,0.000,1,6682.007,709.151,6.000,6140.000,390.000,90.000,63.479,58,-1.000,-1.000
1524,16.640257,16.667526,19,1,0,5,0.000,1,6682.007,709.151,6.000,6140.000,390.000,90.000,63.479,58,-1.000,-1.000
1525,16.790940,16.667058,19,1,0,5,0.000,1,6682.007,709.151,6.000,6140.000,390.000,90.000,63.479,58,-1.000,-1.000
1526,16.401832,16.668408,19,1,0,5,0.000,1,6682.007,709.151,6.000,6140.000,390.000,90.000,63.479,58,-1.000,-1.000
1527,16.630877,16.668287,19,1,0,5,0.000,1,6682.007,709.151,6.000,6140.000,390.000,90.000,63.479,58,-1.000,-1.000
1528,16.621587,16.668728,19,1,0,5,0.000,1,6682.007,709.151,6.000,6140.000,390.000,90.000,63.479,58,-1.000,-1.000
1529,16.651556,16.668858,19,1,0,5,0.000,1,6682.007,709.151,6.000,6140.000,390.000,90.000,63.479,58,-1.000,-1.000
1530,16.702319,16.667987,19,1,0,5,0.000,1,6682.007,709.151,6.000,6140.000,390.000,90.000,63.479,58,-1.000,-1.000
1531,16.691258,16.667068,19,1,0,5,0.000,1,6682.007,709.151,6.000,6140.000,390.000,90.000,63.479,58,-1.000,-1.000
1532,22.388004,16.668328,19,1,0,5,0.000,1,6682.007,709.151,6.000,6140.000,390.000,90.000,63.479,58,-1.000,-1.000
1533,11.631747,16.689657,19,1,0,5,0.000,1,6682.007,709.151,6.000,6140.000,390.000,90.000,63.479,58,-1.000,-1.000
1534,16.447742,16.667728,19,1,0,5,0.000,1,6682.007,709.151,6.000,6140.000,390.000,90.000,63.479,58,-1.000,-1.000
1535,16.754000,16.668788,19,1,0,5,0.000,1,6682.007,709.151,6.000,6140.000,390.000,90.000,63.479,58,-1.000,-1.000
1536,16.506633,16.667897,19,1,0,5,0.000,1,6682.007,709.151,6.000,6140.000,390.000,90.000,63.479,58,-1.000,-1.000
1537,16.739150,16.667598,19,1,0,5,0.000,1,6682.007,709.151,6.000,6140.000,390.000,90.000,63.479,58,-1.000,-1.000
1538,16.607316,16.668058,19,1,0,5,0.000,1,6682.007,709.151,6.000,6140.000,390.000,90.000,63.479,58,-1.000,-1.000
1539,16.669647,16.667277,19,1,0,5,0.000,1,6682.007,709.151,6.000,6140.000,390.000,90.000,63.479,58,-1.000,-1.000
1540,16.731359,16.668368,19,1,0,5,0.000,1,6682.007,709.151,6.000,6140.000,390.000,90.000,63.479,58,-1.000,-1.000
1541,19.637074,16.667488,19,1,0,5,0.000,1,6682.007,709.151,6.000,6140.000,390.000,90.000,63.479,58,-1.000,-1.000
1542,15.034382,16.668547,19,1,0,5,0.000,1,6682.007,709.151,6.000,6140.000,390.000,90.000,63.479,58,-1.000,-1.000
1543,17.451964,16.668888,19,1,0,5,0.000,1,6682.007,709.151,6.000,6140.000,390.000,90.000,63.479,58,-1.000,-1.000
1544,15.897371,16.667348,19,1,0,5,0.000,1,6682.007,709.151,6.000,6140.000,390.000,90.000,63.479,58,-1.000,-1.000
1545,17.167108,16.667207,19,1,0,5,0.000,1,6682.007,709.151,6.000,6140.000,390.000,90.000,63.479,58,-1.000,-1.000
1546,15.829779,16.667937,19,1,0,5,0.000,1,6682.007,709.151,6.000,6140.000,390.000,90.000,63.479,58,-1.000,-1.000
1547,17.613549,16.668438,19,1,0,5,0.000,1,6682.007,709.151,6.000,6140.000,390.000,90.000,63.479,58,-1.000,-1.000
1548,14.553351,16.668987,19,1,0,5,0.000,1,6682.007,709.151,6.000,6140.000,390.000,90.000,63.479,58,-1.000,-1.000
1549,19.375668,16.668768,19,1,0,5,0.000,1,6682.007,709.151,6.000,6140.000,390.000,90.000,63.479,58,-1.000,-1.000
1550,16.529814,16.668368,19,1,0,5,0.000,1,6682.007,709.151,6.000,6140.000,390.000,90.000,63.479,58,-1.000,-1.000
1551,16.668918,16.667687,19,1,0,5,0.000,1,6682.007,709.151,6.000,6140.000,390.000,90.000,63.479,58,-1.000,-1.000
1552,16.506013,16.668608,19,1,0,5,0.000,1,6682.007,709.151,6.000,6140.000,390.000,90.000,63.479,58,-1.000,-1.000
1553,17.035136,16.667898,19,1,0,5,0.000,1,6682.007,709.151,6.000,6140.000,390.000,90.000,63.479,58,-1.000,-1.000
1554,16.668828,16.667967,19,1,0,5,0.000,1,6682.007,709.151,6.000,6140.000,390.000,90.000,63.479,58,-1.000,-1.000
1555,16.582925,16.668198,19,1,0,5,0.000,1,6682.007,709.151,6.000,6140.000,390.000,90.000,63.479,58,-1.000,-1.000
1556,17.403904,16.667468,19,1,0,5,0.000,1,6682.007,709.151,6.000,6140.000,390.000,90.000,63.479,58,-1.000,-1.000
1557,16.527774,16.667747,19,1,0,5,0.000,1,6682.007,709.151,6.000,6140.000,390.000,90.000,63.479,58,-1.000,-1.000
1558,17.275432,16.667658,19,1,0,5,0.000,1,6682.007,709.151,6.000,6140.000,390.000,90.000,63.479,58,-1.000,-1.000
1559,16.646066,16.668928,19,1,0,5,0.000,1,6682.007,709.151,6.000,6140.000,390.000,90.000,63.479,58,-1.000,-1.000
1560,16.251270,16.667637,19,1,0,5,0.000,1,6682.007,709.151,6.000,6140.000,390.000,90.000,63.479,58,-1.000,-1.000
1561,13.153980,16.668747,19,1,0,5,0.000,1,6682.007,709.151,6.000,6140.000,390.000,90.000,63.479,58,-1.000,-1.000
1562,16.687557,16.667688,19,1,0,5,0.000,1,6682.007,709.151,6.000,6140.000,390.000,90.000,63.479,58,-1.000,-1.000
1563,16.740009,16.667607,19,1,0,5,0.000,1,6682.007,709.151,6.000,6140.000,390.000,90.000,63.479,58,-1.000,-1.000
1564,16.624137,16.668268,19,1,0,5,0.000,1,6682.007,709.151,6.000,6140.000,390.000,90.000,63.479,58,-1.000,-1.000
1565,16.656507,16.667818,19,1,0,5,0.000,1,6682.007,709.151,6.000,6140.000,390.000,90.000,63.479,58,-1.000,-1.000
1566,16.635587,16.667157,19,1,0,5,0.000,1,6682.007,709.151,6.000,6140.000,390.000,90.000,63.479,58,-1.000,-1.000
1567,16.768170,16.669348,19,1,0,5,0.000,1,6682.007,709.151,6.000,6140.000,390.000,90.000,63.479,58,-1.000,-1.000
1568,16.798251,16.667278,19,1,0,5,0.000,1,6682.007,709.151,6.000,6140.000,390.000,90.000,63.479,58,-1.000,-1.000
1569,17.207229,16.668117,19,1,0,5,0.000,1,6682.007,709.151,6.000,6140.000,390.000,90.000,63.479,58,-1.000,-1.000
1570,16.052434,16.667518,19,1,0,5,0.000,1,6682.007,709.151,6.000,6140.000,390.000,90.000,63.479,58,-1.000,-1.000
1571,16.723449,16.667718,19,1,0,5,0.000,1,6682.007,709.151,6.000,6140.000,390.000,90.000,63.479,58,-1.000,-1.000
1572,16.751749,16.668437,19,1,0,5,0.000,1,6682.007,709.151,6.000,6140.000,390.000,90.000,63.479,58,-1.000,-1.000
1573,16.494784,16.667448,19,1,0,5,0.000,1,6682.007,709.151,6.000,6140.000,390.000,90.000,63.479,58,-1.000,-1.000
1574,16.727238,16.668258,19,1,0,5,0.000,1,6682.007,709.151,6.000,6140.000,390.000,90.000,63.479,58,-1.000,-1.000
1575,16.318971,16.668907,19,1,0,5,0.000,1,6682.007,709.151,6.000,6140.000,390.000,90.000,63.479,58,-1.000,-1.000
1576,16.651797,16.667357,19,1,0,5,0.000,1,6682.007,709.151,6.000,6140.000,390.000,90.000,63.479,58,-1.000,-1.000
1577,16.728129,16.668598,19,1,0,5,0.000,1,6682.007,709.151,6.000,6140.000,390.000,90.000,63.479,58,-1.000,-1.000
1578,16.734019,16.668827,19,1,0,5,0.000,1,6682.007,709.151,6.000,6140.000,390.000,90.000,63.479,58,-1.000,-1.000
1579,16.955504,16.668188,19,1,0,5,0.000,1,6682.007,709.151,6.000,6140.000,390.000,90.000,63.479,58,-1.000,-1.000
1580,16.416292,16.668478,19,1,0,5,0.000,1,6682.007,709.151,6.000,6140.000,390.000,90.000,63.479,58,-1.000,-1.000
1581,18.025187,16.669017,19,1,0,5,0.000,1,6682.007,709.151,6.000,6140.000,390.000,90.000,63.479,58,-1.000,-1.000
1582,17.185209,17.078527,19,1,0,5,0.000,1,6682.007,709.151,6.000,6140.000,390.000,90.000,63.479,58,-1.000,-1.000
1583,16.766460,16.697978,19,1,0,5,0.000,1,6682.007,709.151,6.000,6140.000,390.000,90.000,63.479,58,-1.000,-1.000
1584,15.997553,16.688429,19,1,0,5,0.000,1,6682.007,709.151,6.000,6140.000,390.000,90.000,63.479,58,-1.000,-1.000
1585,16.441583,16.667367,19,1,0,5,0.000,1,6682.007,709.151,6.000,6140.000,390.000,90.000,63.479,58,-1.000,-1.000
1586,16.029724,16.668208,19,1,0,5,0.000,1,6682.007,709.151,6.000,6140.000,390.000,90.000,63.479,58,-1.000,-1.000
1587,16.638606,16.668227,21,1,0,5,0.000,1,6682.007,709.151,6.000,6140.000,390.000,90.000,63.479,58,-1.000,-1.000
1588,196.704588,16.668167,21,1,0,5,0.000,1,6682.007,709.151,6.000,6140.000,390.000,90.000,63.479,58,-1.000,-1.000
1589,4.416727,182.893044,21,1,0,5,0.000,1,6682.007,709.151,6.000,6140.000,390.000,90.000,63.479,58,-1.000,-1.000
1590,14.205334,16.667118,21,1,0,5,0.000,1,6682.007,709.151,6.000,6140.000,390.000,90.000,63.479,58,-1.000,-1.000
1591,16.679028,16.667327,21,1,0,5,0.000,1,6682.007,709.151,6.000,6140.000,390.000,90.000,63.479,58,-1.000,-1.000
1592,17.690760,16.668828,21,1,0,5,0.000,1,6682.007,709.151,6.000,6140.000,390.000,90.000,63.479,58,-1.000,-1.000
1593,17.333652,16.669438,21,1,0,5,0.000,1,6682.007,709.151,6.000,6140.000,390.000,90.000,63.479,58,-1.000,-1.000
1594,16.781640,16.862152,21,1,0,5,0.000,1,6682.007,709.151,6.000,6140.000,390.000,90.000,63.479,58,-1.000,-1.000
1595,15.847180,16.667427,21,1,0,5,0.000,1,6682.007,709.151,6.000,6140.000,390.000,90.000,63.479,58,-1.000,-1.000
1596,16.950404,16.668498,21,1,0,5,0.000,1,6682.007,709.151,6.000,6140.000,390.000,90.000,63.479,58,-1.000,-1.000
1597,16.564035,16.668668,21,1,0,5,0.000,1,6682.007,709.151,6.000,6140.000,390.000,90.000,63.479,58,-1.000,-1.000
1598,16.658287,16.668367,21,1,0,5,0.000,1,6682.007,709.151,6.000,6140.000,390.000,90.000,63.479,58,-1.000,-1.000
1599,19.112102,16.667187,21,1,0,5,0.000,1,6682.007,709.151,6.000,6140.000,390.000,90.000,63.479,58,-1.000,-1.000
1600,14.234613,16.668108,21,1,0,5,0.000,1,6682.007,709.151,6.000,6140.000,390.000,90.000,63.479,58,-1.000,-1.000
1601,16.873593,16.668317,21,1,0,5,0.000,1,6682.007,709.151,6.000,6140.000,390.000,90.000,63.479,58,-1.000,-1.000
1602,16.444173,16.689459,21,1,0,5,0.000,1,6682.007,709.151,6.000,6140.000,390.000,90.000,63.479,58,-1.000,-1.000
1603,16.770059,16.668018,21,1,0,5,0.000,1,6682.007,709.151,6.000,6140.000,390.000,90.000,63.479,58,-1.000,-1.000
1604,20.312789,19.355266,21,1,0,5,0.000,1,6682.007,709.151,6.000,6140.000,390.000,90.000,63.479,58,-1.000,-1.000
1605,15.937441,16.986225,21,1,0,5,0.000,1,6682.007,709.151,6.000,6140.000,390.000,90.000,63.479,58,-1.000,-1.000
1606,19.675983,16.668888,21,1,0,5,0.000,1,6682.007,709.151,6.000,6140.000,390.000,90.000,63.479,58,-1.000,-1.000
1607,14.772136,16.667467,24,1,0,5,0.000,1,6682.007,709.151,6.000,6140.000,390.000,90.000,63.479,58,-1.000,-1.000
1608,16.649998,16.667538,24,1,0,5,0.000,1,6682.007,709.151,6.000,6770.000,700.000,90.000,63.479,58,-1.000,-1.000
1609,18.315774,16.667527,24,1,0,5,0.000,1,6682.007,709.151,6.000,6770.000,700.000,90.000,63.479,58,-1.000,-1.000
1610,14.754495,16.675378,24,1,0,5,0.000,1,6682.007,709.151,6.000,6770.000,700.000,90.000,63.479,58,-1.000,-1.000
1611,16.017073,16.667567,24,1,0,5,0.000,1,6682.007,709.151,6.000,6770.000,700.000,90.000,63.479,58,-1.000,-1.000
1612,16.601546,16.668708,24,1,0,5,0.000,1,6682.007,709.151,6.000,6770.000,700.000,90.000,63.479,58,-1.000,-1.000
1613,16.193158,16.667757,24,1,0,5,0.000,1,6682.007,709.151,6.000,6770.000,700.000,90.000,63.479,58,-1.000,-1.000
1614,17.951106,16.667388,24,1,0,5,0.000,1,6682.007,709.151,6.000,6770.000,700.000,90.000,63.479,58,-1.000,-1.000
1615,15.808348,16.667058,24,1,0,5,0.000,1,6682.007,709.151,6.000,6770.000,700.000,90.000,63.479,58,-1.000,-1.000
1616,16.769750,16.669097,24,1,0,5,0.000,1,6682.007,709.151,6.000,6770.000,700.000,90.000,63.479,58,-1.000,-1.000
1617,18.946148,16.667168,24,1,0,5,0.000,1,6682.007,709.151,6.000,6770.000,700.000,90.000,63.479,58,-1.000,-1.000
1618,14.826537,16.967304,24,1,0,5,0.000,1,6682.007,709.151,6.000,6770.000,700.000,90.000,63.479,58,-1.000,-1.000
1619,15.595663,16.667537,24,1,0,5,0.000,1,6682.007,709.151,6.000,6770.000,700.000,90.000,63.479,58,-1.000,-1.000
1620,16.978315,16.667488,24,1,0,5,0.000,1,6682.007,709.151,6.000,6770.000,700.000,90.000,63.479,58,-1.000,-1.000
1621,18.297474,16.667448,24,1,0,5,0.000,1,6682.007,709.151,6.000,6770.000,700.000,90.000,63.479,58,-1.000,-1.000
1622,15.861160,16.668987,24,1,0,5,0.000,1,6682.007,709.151,6.000,6770.000,700.000,90.000,63.479,58,-1.000,-1.000
1623,16.877991,16.668508,24,1,0,5,0.000,1,6682.007,709.151,6.000,6770.000,700.000,90.000,60.475,58,-1.000,-1.000
1624,16.053914,16.668698,24,1,0,5,0.000,1,6682.007,709.151,6.000,6770.000,700.000,90.000,60.475,58,-1.000,-1.000
1625,16.735769,16.667497,24,1,0,5,0.000,1,6682.007,709.151,6.000,6770.000,700.000,90.000,60.475,58,-1.000,-1.000
1626,16.486935,16.668538,24,1,0,5,0.000,1,6682.007,709.151,6.000,6770.000,700.000,90.000,60.475,58,-1.000,-1.000
1627,16.648866,16.667038,24,1,0,5,0.000,1,6682.007,709.151,6.000,6770.000,700.000,90.000,60.475,58,-1.000,-1.000
1628,16.879532,16.668756,24,1,0,5,0.000,1,6682.007,709.151,6.000,6770.000,700.000,90.000,60.475,58,-1.000,-1.000
1629,16.470244,16.668458,24,1,0,5,0.000,1,6682.007,709.151,6.000,6770.000,700.000,90.000,60.475,58,-1.000,-1.000
1630,16.689848,16.667848,24,1,0,5,0.000,1,6682.007,709.151,6.000,6770.000,700.000,90.000,60.475,58,-1.000,-1.000
1631,16.647807,16.668887,24,1,0,5,0.000,1,6682.007,709.151,6.000,6770.000,700.000,90.000,60.475,58,-1.000,-1.000
1632,16.919973,16.668778,24,1,0,5,0.000,1,6682.007,709.151,6.000,6770.000,700.000,90.000,60.475,58,-1.000,-1.000
1633,16.348421,16.668308,24,1,0,5,0.000,1,6682.007,709.151,6.000,6770.000,700.000,90.000,60.475,58,-1.000,-1.000
1634,16.661717,16.667437,24,1,0,5,0.000,1,6682.007,709.151,6.000,6770.000,700.000,90.000,60.475,58,-1.000,-1.000
1635,16.788301,16.668618,24,1,0,5,0.000,1,6682.007,709.151,6.000,6770.000,700.000,90.000,60.475,58,-1.000,-1.000
1636,16.596835,16.668118,24,1,0,5,0.000,1,6682.007,709.151,6.000,6770.000,700.000,90.000,60.475,58,-1.000,-1.000
1637,16.847702,16.668087,25,1,0,5,0.000,1,6682.007,709.151,6.000,6770.000,700.000,90.000,60.475,58,-1.000,-1.000
1638,20.184005,16.668238,25,1,0,5,0.000,1,6682.007,709.151,6.000,6770.000,700.000,90.000,57.475,58,-1.000,-1.000
1639,13.144240,16.668308,25,1,0,5,0.000,1,6682.007,709.151,6.000,6770.000,700.000,90.000,57.475,58,-1.000,-1.000
1640,21.803161,16.668397,25,1,0,5,0.000,1,6682.007,709.151,6.000,6770.000,700.000,90.000,57.475,58,-1.000,-1.000
1641,12.270620,16.669198,25,1,0,5,0.000,1,6682.007,709.151,6.000,6770.000,700.000,90.000,57.475,58,-1.000,-1.000
1642,15.930371,16.668358,25,1,0,5,0.000,1,6682.007,709.151,6.000,6770.000,700.000,90.000,57.475,58,-1.000,-1.000
1643,16.580257,16.667917,25,1,0,5,0.000,1,6682.007,709.151,6.000,6770.000,700.000,90.000,57.475,58,-1.000,-1.000
1644,19.434368,16.667567,25,1,0,5,0.000,1,6682.007,709.151,6.000,6770.000,700.000,90.000,57.475,58,-1.000,-1.000
1645,13.979068,16.668128,25,1,0,5,0.000,1,6682.007,709.151,6.000,6770.000,700.000,90.000,57.475,58,-1.000,-1.000
1646,17.987567,16.667597,25,1,0,5,0.000,1,6682.007,709.151,6.000,6770.000,700.000,90.000,57.475,58,-1.000,-1.000
1647,16.572596,16.667368,25,1,0,5,0.000,1,6682.007,709.151,6.000,6770.000,700.000,90.000,57.475,58,-1.000,-1.000
1648,16.415911,16.668998,25,1,0,5,0.000,1,6682.007,709.151,6.000,6770.000,700.000,90.000,57.475,58,-1.000,-1.000
1649,16.614637,16.668667,25,1,0,5,0.000,1,6682.007,709.151,6.000,6770.000,700.000,90.000,57.475,58,-1.000,-1.000
1650,18.409456,16.669298,25,1,0,5,0.000,1,6682.007,709.151,6.000,6770.000,700.000,90.000,57.475,58,-1.000,-1.000
1651,13.981088,16.667768,25,1,0,5,0.000,1,6682.007,709.151,6.000,6770.000,700.000,90.000,57.475,58,-1.000,-1.000
1652,16.548685,16.667777,25,1,0,5,0.000,1,6682.007,709.151,6.000,6770.000,700.000,90.000,57.475,58,-1.000,-1.000
1653,17.305122,16.668168,25,1,0,5,0.000,1,6682.007,709.151,6.000,6770.000,700.000,90.000,54.475,58,-1.000,-1.000
1654,16.062074,16.668218,25,1,0,5,0.000,1,6682.007,709.151,6.000,6770.000,700.000,90.000,54.475,58,-1.000,-1.000
1655,16.650027,16.667337,25,1,0,5,0.000,1,6682.007,709.151,6.000,6770.000,700.000,90.000,54.475,58,-1.000,-1.000
1656,16.634618,16.668388,25,1,0,5,0.000,1,6682.007,709.151,6.000,6770.000,700.000,90.000,54.475,58,-1.000,-1.000
1657,16.741848,16.667358,25,1,0,5,0.000,1,6682.007,709.151,6.000,6770.000,700.000,90.000,54.475,58,-1.000,-1.000
1658,17.021205,16.667636,25,1,0,5,0.000,1,6682.007,709.151,6.000,6770.000,700.000,90.000,54.475,58,-1.000,-1.000
1659,18.273554,16.669008,25,1,0,5,0.000,1,6682.007,709.151,6.000,6770.000,700.000,90.000,54.475,58,-1.000,-1.000
1660,14.883598,16.668918,25,1,0,5,0.000,1,6682.007,709.151,6.000,6770.000,700.000,90.000,54.475,58,-1.000,-1.000
1661,17.142999,16.667877,25,1,0,5,0.000,1,6682.007,709.151,6.000,6770.000,700.000,90.000,54.475,58,-1.000,-1.000
1662,16.484683,16.667478,25,1,0,5,0.000,1,6682.007,709.151,6.000,6770.000,700.000,90.000,54.475,58,-1.000,-1.000
1663,16.041643,16.667758,25,1,0,5,0.000,1,6682.007,709.151,6.000,6770.000,700.000,90.000,54.475,58,-1.000,-1.000
1664,16.760560,16.668567,25,1,0,5,0.000,1,6682.007,709.151,6.000,6770.000,700.000,90.000,54.475,58,-1.000,-1.000
1665,16.839422,16.668628,25,1,0,5,0.000,1,6682.007,709.151,6.000,6770.000,700.000,90.000,54.475,58,-1.000,-1.000
1666,16.404191,16.668558,25,1,0,5,0.000,1,6682.007,709.151,6.000,6770.000,700.000,90.000,54.475,58,-1.000,-1.000
1667,16.731249,16.667127,25,1,0,5,0.000,1,6682.007,709.151,6.000,6770.000,700.000,90.000,54.475,58,-1.000,-1.000
1668,17.076637,16.668678,25,1,0,5,0.000,1,6682.007,709.151,6.000,6770.000,700.000,90.000,51.474,58,-1.000,-1.000
1669,16.320919,16.668858,25,1,0,5,0.000,1,6682.007,709.151,6.000,6770.000,700.000,90.000,51.474,58,-1.000,-1.000
1670,16.576416,16.668747,25,1,0,5,0.000,1,6682.007,709.151,6.000,6770.000,700.000,90.000,51.474,58,-1.000,-1.000
1671,16.583986,16.667707,25,1,0,5,0.000,1,6682.007,709.151,6.000,6770.000,700.000,90.000,51.474,58,-1.000,-1.000
1672,17.015545,16.667148,25,1,0,5,0.000,1,6682.007,709.151,6.000,6770.000,700.000,90.000,51.474,58,-1.000,-1.000
1673,16.343481,16.667307,25,1,0,5,0.000,1,6682.007,709.151,6.000,6770.000,700.000,90.000,51.474,58,-1.000,-1.000
1674,16.740788,16.668838,25,1,0,5,0.000,1,6682.007,709.151,6.000,6770.000,700.000,90.000,51.474,58,-1.000,-1.000
1675,16.702369,16.668038,25,1,0,5,0.000,1,6682.007,709.151,6.000,6770.000,700.000,90.000,51.474,58,-1.000,-1.000
1676,16.608107,16.668037,25,1,0,5,0.000,1,6682.007,709.151,6.000,6770.000,700.000,90.000,51.474,58,-1.000,-1.000
1677,16.837871,16.668268,25,1,0,5,0.000,1,6682.007,709.151,6.000,6770.000,700.000,90.000,51.474,58,-1.000,-1.000
1678,16.723368,16.667968,25,1,0,5,0.000,1,6682.007,709.151,6.000,6770.000,700.000,90.000,51.474,58,-1.000,-1.000
1679,16.561896,16.667967,25,1,0,5,0.000,1,6682.007,709.151,6.000,6770.000,700.000,90.000,51.474,58,-1.000,-1.000
1680,16.836891,16.668208,25,1,0,5,0.000,1,6682.007,709.151,6.000,6770.000,700.000,90.000,51.474,58,-1.000,-1.000
1681,16.464313,16.668708,25,1,0,5,0.000,1,6682.007,709.151,6.000,6770.000,700.000,90.000,51.474,58,-1.000,-1.000
