frame,wall_ms,sim_ms,gpu_ms,phase,shot_requested,x,y,z,yaw,ready,aa,screen_percentage,motion_blur_quality,dynamic_res,vsync,frame_cap
241,22.317332,289.646566,7.534000,1,0,0.0000,0.0000,88.0000,0.0000,0,4.0,100.00,0.0,0.0,0.0,0.0
242,56.397436,22.321863,7.534000,1,0,0.0000,0.0000,90.0000,0.0000,0,4.0,100.00,0.0,0.0,0.0,0.0
243,17.462539,56.395235,6.628000,1,0,0.0000,0.0000,90.0000,0.0000,0,4.0,100.00,0.0,0.0,0.0,0.0
244,17.392768,17.471220,6.628000,1,0,0.0000,0.0000,90.0000,0.0000,0,4.0,100.00,0.0,0.0,0.0,0.0
245,19.833981,17.376439,7.149000,1,0,6000.0000,-1000.0000,90.0000,0.0000,0,4.0,100.00,0.0,0.0,0.0,0.0
246,25.378628,19.831829,7.181000,1,0,6000.0000,-1000.0000,90.0000,0.0000,1,4.0,100.00,0.0,0.0,0.0,0.0
247,25.356027,25.369008,6.991000,1,0,6000.0000,-1000.0000,90.0000,0.0000,1,4.0,100.00,0.0,0.0,0.0,0.0
248,18.989312,25.381268,6.991000,1,0,6000.0000,-1000.0000,90.0000,0.0000,1,4.0,100.00,0.0,0.0,0.0,0.0
249,19.729719,19.005072,6.273000,1,0,6000.0000,-1000.0000,90.0000,0.0000,1,4.0,100.00,0.0,0.0,0.0,0.0
250,16.970499,19.716639,6.273000,1,0,6000.0000,-1000.0000,90.0000,0.0000,1,4.0,100.00,0.0,0.0,0.0,0.0
251,14.140140,17.054751,6.739000,1,0,6000.0000,-1000.0000,90.0000,0.0000,1,4.0,100.00,0.0,0.0,0.0,0.0
252,12.754790,14.127649,6.739000,1,0,6000.0000,-1000.0000,90.0000,0.0000,1,4.0,100.00,0.0,0.0,0.0,0.0
253,17.037001,12.766071,6.298000,1,0,6000.0000,-1000.0000,90.0000,0.0000,1,4.0,100.00,0.0,0.0,0.0,0.0
254,17.137963,17.011460,6.428000,1,0,6000.0000,-1000.0000,90.0000,0.0000,1,4.0,100.00,0.0,0.0,0.0,0.0
255,11.882922,17.187114,6.428000,1,0,6000.0000,-1000.0000,90.0000,0.0000,1,4.0,100.00,0.0,0.0,0.0,0.0
256,16.964990,11.803691,6.725000,1,0,6000.0000,-1000.0000,90.0000,0.0000,1,4.0,100.00,0.0,0.0,0.0,0.0
257,19.422361,16.990990,6.725000,1,0,6000.0000,-1000.0000,90.0000,0.0000,1,4.0,100.00,0.0,0.0,0.0,0.0
258,13.995486,19.420401,6.609000,1,0,6000.0000,-1000.0000,90.0000,0.0000,1,4.0,100.00,0.0,0.0,0.0,0.0
259,17.640085,13.990056,6.603000,1,0,6000.0000,-1000.0000,90.0000,0.0000,1,4.0,100.00,0.0,0.0,0.0,0.0
260,13.885863,17.682415,6.602000,1,0,6000.0000,-1000.0000,90.0000,0.0000,1,4.0,100.00,0.0,0.0,0.0,0.0
261,20.438083,13.851684,6.444000,1,0,6000.0000,-1000.0000,90.0000,0.0000,1,4.0,100.00,0.0,0.0,0.0,0.0
262,24.821747,20.374391,6.517000,1,0,6000.0000,-1000.0000,90.0000,0.0000,1,4.0,100.00,0.0,0.0,0.0,0.0
263,11.916832,24.848217,6.219000,1,0,6000.0000,-1000.0000,90.0000,0.0000,1,4.0,100.00,0.0,0.0,0.0,0.0
264,10.891740,11.901332,6.219000,1,0,6000.0000,-1000.0000,90.0000,0.0000,1,4.0,100.00,0.0,0.0,0.0,0.0
265,16.287696,10.899981,6.154000,1,0,6000.0000,-1000.0000,90.0000,0.0000,1,4.0,100.00,0.0,0.0,0.0,0.0
266,12.037645,16.282845,6.244000,1,0,6000.0000,-1000.0000,90.0000,0.0000,1,4.0,100.00,0.0,0.0,0.0,0.0
267,15.261503,12.023584,6.244000,1,0,6000.0000,-1000.0000,90.0000,0.0000,1,4.0,100.00,0.0,0.0,0.0,0.0
268,18.202775,15.298214,6.262000,1,0,6000.0000,-1000.0000,90.0000,0.0000,1,4.0,100.00,0.0,0.0,0.0,0.0
269,97.321783,18.298039,6.269000,1,0,6000.0000,-1000.0000,90.0000,0.0000,1,4.0,100.00,0.0,0.0,0.0,0.0
270,24.157942,97.305581,6.206000,1,0,6000.0000,-1000.0000,90.0000,0.0000,1,4.0,100.00,0.0,0.0,0.0,0.0
271,14.157550,24.154512,6.267000,1,0,6000.0000,-1000.0000,90.0000,0.0000,1,4.0,100.00,0.0,0.0,0.0,0.0
272,12.011234,14.145600,6.267000,1,0,6000.0000,-1000.0000,90.0000,0.0000,1,4.0,100.00,0.0,0.0,0.0,0.0
273,17.371718,11.985024,6.324000,1,0,6000.0000,-1000.0000,90.0000,0.0000,1,4.0,100.00,0.0,0.0,0.0,0.0
274,13.483216,17.417009,6.240000,1,0,6000.0000,-1000.0000,90.0000,0.0000,1,4.0,100.00,0.0,0.0,0.0,0.0
275,14.385265,13.466515,6.166000,1,0,6000.0000,-1000.0000,90.0000,0.0000,1,4.0,100.00,0.0,0.0,0.0,0.0
276,12.003154,14.308463,6.166000,1,0,6000.0000,-1000.0000,90.0000,0.0000,1,4.0,100.00,0.0,0.0,0.0,0.0
277,12.972345,11.979294,6.256000,1,0,6000.0000,-1000.0000,90.0000,0.0000,1,4.0,100.00,0.0,0.0,0.0,0.0
278,14.933257,13.050806,6.318000,1,0,6000.0000,-1000.0000,90.0000,0.0000,1,4.0,100.00,0.0,0.0,0.0,0.0
279,13.834013,14.917186,6.318000,1,0,6000.0000,-1000.0000,90.0000,0.0000,1,4.0,100.00,0.0,0.0,0.0,0.0
280,15.858376,13.790903,6.262000,1,0,6000.0000,-1000.0000,90.0000,0.0000,1,4.0,100.00,0.0,0.0,0.0,0.0
281,15.988999,15.857516,6.192000,1,0,6000.0000,-1000.0000,90.0000,0.0000,1,4.0,100.00,0.0,0.0,0.0,0.0
282,18.136174,15.992079,6.147000,1,0,6000.0000,-1000.0000,90.0000,0.0000,1,4.0,100.00,0.0,0.0,0.0,0.0
283,15.377566,18.128814,6.263000,1,0,6000.0000,-1000.0000,90.0000,0.0000,1,4.0,100.00,0.0,0.0,0.0,0.0
284,14.608899,15.398856,6.297000,1,0,6000.0000,-1000.0000,90.0000,0.0000,1,4.0,100.00,0.0,0.0,0.0,0.0
285,20.371052,14.584089,6.271000,1,0,6000.0000,-1000.0000,90.0000,0.0000,1,4.0,100.00,0.0,0.0,0.0,0.0
286,11.026663,20.414332,6.281000,1,0,6000.0000,-1000.0000,90.0000,0.0000,1,4.0,100.00,0.0,0.0,0.0,0.0
287,14.734693,11.647688,6.281000,1,0,6000.0000,-1000.0000,90.0000,0.0000,1,4.0,100.00,0.0,0.0,0.0,0.0
288,12.902433,14.088408,6.164000,1,0,6000.0000,-1000.0000,90.0000,0.0000,1,4.0,100.00,0.0,0.0,0.0,0.0
289,12.423683,12.908204,6.295000,1,0,6000.0000,-1000.0000,90.0000,0.0000,1,4.0,100.00,0.0,0.0,0.0,0.0
290,16.815717,12.439233,6.213000,1,0,6000.0000,-1000.0000,90.0000,0.0000,1,4.0,100.00,0.0,0.0,0.0,0.0
291,15.522558,16.803666,6.287000,1,0,6000.0000,-1000.0000,90.0000,0.0000,1,4.0,100.00,0.0,0.0,0.0,0.0
292,13.274212,15.519179,6.252000,1,0,6000.0000,-1000.0000,90.0000,0.0000,1,4.0,100.00,0.0,0.0,0.0,0.0
293,13.950246,13.365863,6.236000,1,0,6000.0000,-1000.0000,90.0000,0.0000,1,4.0,100.00,0.0,0.0,0.0,0.0
294,13.237590,13.898505,6.207000,1,0,6000.0000,-1000.0000,90.0000,0.0000,1,4.0,100.00,0.0,0.0,0.0,0.0
295,15.173621,13.179209,6.324000,1,0,6000.0000,-1000.0000,90.0000,0.0000,1,4.0,100.00,0.0,0.0,0.0,0.0
296,19.881152,15.201452,6.328000,1,0,6000.0000,-1000.0000,90.0000,0.0000,1,4.0,100.00,0.0,0.0,0.0,0.0
297,19.411681,19.895892,6.228000,1,0,6000.0000,-1000.0000,90.0000,0.0000,1,4.0,100.00,0.0,0.0,0.0,0.0
298,9.887269,19.371631,6.228000,1,0,6000.0000,-1000.0000,90.0000,0.0000,1,4.0,100.00,0.0,0.0,0.0,0.0
299,14.298564,9.882128,6.213000,1,0,6000.0000,-1000.0000,90.0000,0.0000,1,4.0,100.00,0.0,0.0,0.0,0.0
300,18.984042,14.400536,6.310000,1,0,6000.0000,-1000.0000,90.0000,0.0000,1,4.0,100.00,0.0,0.0,0.0,0.0
301,13.975976,18.945501,6.282000,1,0,6000.0000,-1000.0000,90.0000,0.0000,1,4.0,100.00,0.0,0.0,0.0,0.0
302,13.155309,13.910015,6.218000,1,0,6000.0000,-1000.0000,90.0000,0.0000,1,4.0,100.00,0.0,0.0,0.0,0.0
303,12.236109,13.156109,6.295000,1,0,6000.0000,-1000.0000,90.0000,0.0000,1,4.0,100.00,0.0,0.0,0.0,0.0
304,15.462727,12.231949,6.274000,1,0,6000.0000,-1000.0000,90.0000,0.0000,1,4.0,100.00,0.0,0.0,0.0,0.0
305,13.812573,15.467388,6.113000,1,0,6000.0000,-1000.0000,90.0000,0.0000,1,4.0,100.00,0.0,0.0,0.0,0.0
306,18.101024,13.807412,6.160000,1,0,6000.0000,-1000.0000,90.0000,0.0000,1,4.0,100.00,0.0,0.0,0.0,0.0
307,13.476546,18.127504,6.222000,1,0,6000.0000,-1000.0000,90.0000,0.0000,1,4.0,100.00,0.0,0.0,0.0,0.0
308,14.791953,13.462256,6.222000,1,0,6000.0000,-1000.0000,90.0000,0.0000,1,4.0,100.00,0.0,0.0,0.0,0.0
309,13.707910,14.790083,6.198000,1,0,6000.0000,-1000.0000,90.0000,0.0000,1,4.0,100.00,0.0,0.0,0.0,0.0
310,14.742413,13.728420,6.116000,1,0,6000.0000,-1000.0000,90.0000,0.0000,1,4.0,100.00,0.0,0.0,0.0,0.0
311,14.416085,14.730283,6.116000,1,0,6000.0000,-1000.0000,90.0000,0.0000,1,4.0,100.00,0.0,0.0,0.0,0.0
312,12.336782,14.404476,6.211000,1,0,6000.0000,-1000.0000,90.0000,0.0000,1,4.0,100.00,0.0,0.0,0.0,0.0
313,15.537669,12.377222,6.129000,1,0,6000.0000,-1000.0000,90.0000,0.0000,1,4.0,100.00,0.0,0.0,0.0,0.0
314,12.833012,15.504258,6.160000,1,0,6000.0000,-1000.0000,90.0000,0.0000,1,4.0,100.00,0.0,0.0,0.0,0.0
315,18.487312,12.839592,6.198000,1,0,6000.0000,-1000.0000,90.0000,0.0000,1,4.0,100.00,0.0,0.0,0.0,0.0
316,13.978676,18.474222,6.105000,1,0,6000.0000,-1000.0000,90.0000,0.0000,1,4.0,100.00,0.0,0.0,0.0,0.0
317,14.445286,13.985236,6.251000,1,0,6000.0000,-1000.0000,90.0000,0.0000,1,4.0,100.00,0.0,0.0,0.0,0.0
318,13.737731,14.465366,6.202000,1,0,6000.0000,-1000.0000,90.0000,0.0000,1,4.0,100.00,0.0,0.0,0.0,0.0
319,12.467254,13.688551,6.154000,1,0,6000.0000,-1000.0000,90.0000,0.0000,1,4.0,100.00,0.0,0.0,0.0,0.0
320,16.991010,12.500284,6.214000,1,0,6000.0000,-1000.0000,90.0000,0.0000,1,4.0,100.00,0.0,0.0,0.0,0.0
321,10.060453,16.978480,6.214000,1,0,6000.0000,-1000.0000,90.0000,0.0000,1,4.0,100.00,0.0,0.0,0.0,0.0
322,14.475647,10.060143,6.220000,1,0,6000.0000,-1000.0000,90.0000,0.0000,1,4.0,100.00,0.0,0.0,0.0,0.0
323,11.515294,14.474637,6.463000,1,0,6000.0000,-1000.0000,90.0000,0.0000,1,4.0,100.00,0.0,0.0,0.0,0.0
324,11.862571,11.515314,6.509000,1,0,6000.0000,-1000.0000,90.0000,0.0000,1,4.0,100.00,0.0,0.0,0.0,0.0
325,11.872112,11.873731,6.442000,1,0,6000.0000,-1000.0000,90.0000,0.0000,1,4.0,100.00,0.0,0.0,0.0,0.0
326,15.476708,11.876072,6.521000,1,0,6000.0000,-1000.0000,90.0000,0.0000,1,4.0,100.00,0.0,0.0,0.0,0.0
327,15.871406,15.478839,6.585000,1,0,6000.0000,-1000.0000,90.0000,0.0000,1,4.0,100.00,0.0,0.0,0.0,0.0
328,11.040494,15.862125,6.430000,1,0,6000.0000,-1000.0000,90.0000,0.0000,1,4.0,100.00,0.0,0.0,0.0,0.0
329,15.037478,11.027824,6.430000,1,0,6000.0000,-1000.0000,90.0000,0.0000,1,4.0,100.00,0.0,0.0,0.0,0.0
330,16.323177,15.040348,6.157000,1,0,6000.0000,-1000.0000,90.0000,0.0000,1,4.0,100.00,0.0,0.0,0.0,0.0
331,10.011652,16.350647,6.176000,1,0,6000.0000,-1000.0000,90.0000,0.0000,1,4.0,100.00,0.0,0.0,0.0,0.0
332,12.119727,9.981132,6.176000,1,0,6000.0000,-1000.0000,90.0000,0.0000,1,4.0,100.00,0.0,0.0,0.0,0.0
333,12.252599,12.141967,6.218000,1,0,6000.0000,-1000.0000,90.0000,0.0000,1,4.0,100.00,0.0,0.0,0.0,0.0
334,13.479305,12.258440,6.124000,1,0,6000.0000,-1000.0000,90.0000,0.0000,1,4.0,100.00,0.0,0.0,0.0,0.0
335,12.002275,13.455245,6.148000,1,0,6000.0000,-1000.0000,90.0000,0.0000,1,4.0,100.00,0.0,0.0,0.0,0.0
336,16.585502,12.019665,6.526000,1,0,6000.0000,-1000.0000,90.0000,0.0000,1,4.0,100.00,0.0,0.0,0.0,0.0
337,16.491600,16.563150,6.526000,1,0,6000.0000,-1000.0000,90.0000,0.0000,1,4.0,100.00,0.0,0.0,0.0,0.0
338,17.887378,16.478310,6.193000,1,0,6000.0000,-1000.0000,90.0000,0.0000,1,4.0,100.00,0.0,0.0,0.0,0.0
339,16.143653,17.906180,6.286000,1,0,6000.0000,-1000.0000,90.0000,0.0000,1,4.0,100.00,0.0,0.0,0.0,0.0
340,15.604430,16.159572,6.202000,1,0,6000.0000,-1000.0000,90.0000,0.0000,1,4.0,100.00,0.0,0.0,0.0,0.0
341,12.259059,15.599540,6.202000,1,0,6000.0000,-1000.0000,90.0000,0.0000,1,4.0,100.00,0.0,0.0,0.0,0.0
342,16.321747,12.228080,6.325000,1,0,6000.0000,-1000.0000,90.0000,0.0000,1,4.0,100.00,0.0,0.0,0.0,0.0
343,14.730841,16.336696,6.191000,1,0,6000.0000,-1000.0000,90.0000,0.0000,1,4.0,100.00,0.0,0.0,0.0,0.0
344,12.507896,14.729822,6.239000,1,0,6000.0000,-1000.0000,90.0000,0.0000,1,4.0,100.00,0.0,0.0,0.0,0.0
345,11.439852,12.519535,6.487000,1,0,6000.0000,-1000.0000,90.0000,0.0000,1,4.0,100.00,0.0,0.0,0.0,0.0
346,12.500875,11.415172,6.487000,1,0,6000.0000,-1000.0000,90.0000,0.0000,1,4.0,100.00,0.0,0.0,0.0,0.0
347,12.936094,12.515875,6.196000,1,0,6000.0000,-1000.0000,90.0000,0.0000,1,4.0,100.00,0.0,0.0,0.0,0.0
348,17.026391,12.936784,6.096000,1,0,6000.0000,-1000.0000,90.0000,0.0000,1,4.0,100.00,0.0,0.0,0.0,0.0
349,11.578485,17.063492,6.096000,1,0,6000.0000,-1000.0000,90.0000,0.0000,1,4.0,100.00,0.0,0.0,0.0,0.0
350,16.013909,11.529934,6.579000,1,0,6000.0000,-1000.0000,90.0000,0.0000,1,4.0,100.00,0.0,0.0,0.0,0.0
351,15.564081,16.031740,6.223000,1,0,6000.0000,-1000.0000,90.0000,0.0000,1,4.0,100.00,0.0,0.0,0.0,0.0
352,13.825693,15.527929,6.083000,1,0,6000.0000,-1000.0000,90.0000,0.0000,1,4.0,100.00,0.0,0.0,0.0,0.0
353,13.740141,13.844303,6.235000,1,0,6000.0000,-1000.0000,90.0000,0.0000,1,4.0,100.00,0.0,0.0,0.0,0.0
354,13.885464,13.707821,6.235000,1,0,6000.0000,-1000.0000,90.0000,0.0000,1,4.0,100.00,0.0,0.0,0.0,0.0
355,14.980197,13.893715,6.108000,1,0,6000.0000,-1000.0000,90.0000,0.0000,1,4.0,100.00,0.0,0.0,0.0,0.0
356,16.917709,14.980867,6.038000,1,0,6000.0000,-1000.0000,90.0000,0.0000,1,4.0,100.00,0.0,0.0,0.0,0.0
357,11.783089,17.136743,6.038000,1,0,6000.0000,-1000.0000,90.0000,0.0000,1,4.0,100.00,0.0,0.0,0.0,0.0
358,15.003588,11.565355,6.153000,1,0,6000.0000,-1000.0000,90.0000,0.0000,1,4.0,100.00,0.0,0.0,0.0,0.0
359,16.681134,15.017118,6.082000,1,0,6000.0000,-1000.0000,90.0000,0.0000,1,4.0,100.00,0.0,0.0,0.0,0.0
360,14.769683,16.724194,6.090000,1,0,6000.0000,-1000.0000,90.0000,0.0000,1,4.0,100.00,0.0,0.0,0.0,0.0
361,13.083198,14.749123,6.090000,1,0,6000.0000,-1000.0000,90.0000,0.0000,1,4.0,100.00,0.0,0.0,0.0,0.0
362,15.164141,13.092608,6.133000,1,0,6000.0000,-1000.0000,90.0000,0.0000,1,4.0,100.00,0.0,0.0,0.0,0.0
363,14.773513,15.178061,6.019000,1,0,6000.0000,-1000.0000,90.0000,0.0000,1,4.0,100.00,0.0,0.0,0.0,0.0
364,15.706262,14.744413,6.174000,1,0,6000.0000,-1000.0000,90.0000,0.0000,1,4.0,100.00,0.0,0.0,0.0,0.0
365,15.129821,15.725462,6.052000,1,0,6000.0000,-1000.0000,90.0000,0.0000,1,4.0,100.00,0.0,0.0,0.0,0.0
366,16.279725,15.091570,6.150000,1,0,6000.0000,-1000.0000,90.0000,0.0000,1,4.0,100.00,0.0,0.0,0.0,0.0
367,14.954497,16.324367,6.150000,1,0,6000.0000,-1000.0000,90.0000,0.0000,1,4.0,100.00,0.0,0.0,0.0,0.0
368,16.182873,14.940056,6.197000,1,0,6000.0000,-1000.0000,90.0000,0.0000,1,4.0,100.00,0.0,0.0,0.0,0.0
369,14.590209,16.188363,6.201000,1,0,6000.0000,-1000.0000,90.0000,0.0000,1,4.0,100.00,0.0,0.0,0.0,0.0
370,15.553180,14.553088,6.114000,1,0,6000.0000,-1000.0000,90.0000,0.0000,1,4.0,100.00,0.0,0.0,0.0,0.0
371,16.510559,15.571280,6.184000,1,0,6000.0000,-1000.0000,90.0000,0.0000,1,4.0,100.00,0.0,0.0,0.0,0.0
372,13.309183,16.511191,5.964000,1,0,6000.0000,-1000.0000,90.0000,0.0000,1,4.0,100.00,0.0,0.0,0.0,0.0
373,12.031755,13.294511,5.964000,1,0,6000.0000,-1000.0000,90.0000,0.0000,1,4.0,100.00,0.0,0.0,0.0,0.0
374,14.634859,12.051086,6.150000,1,0,6000.0000,-1000.0000,90.0000,0.0000,1,4.0,100.00,0.0,0.0,0.0,0.0
375,14.715152,14.596158,6.150000,1,0,6000.0000,-1000.0000,90.0000,0.0000,1,4.0,100.00,0.0,0.0,0.0,0.0
376,14.216541,14.744303,6.299000,1,0,6000.0000,-1000.0000,90.0000,0.0000,1,4.0,100.00,0.0,0.0,0.0,0.0
377,14.458717,14.214181,6.238000,1,0,6000.0000,-1000.0000,90.0000,0.0000,1,4.0,100.00,0.0,0.0,0.0,0.0
378,12.739850,14.479857,6.238000,1,0,6000.0000,-1000.0000,90.0000,0.0000,1,4.0,100.00,0.0,0.0,0.0,0.0
379,16.718344,12.700050,6.126000,1,0,6000.0000,-1000.0000,90.0000,0.0000,1,4.0,100.00,0.0,0.0,0.0,0.0
380,15.805655,16.722093,6.218000,1,0,6000.0000,-1000.0000,90.0000,0.0000,1,4.0,100.00,0.0,0.0,0.0,0.0
381,15.033249,15.824256,6.100000,1,0,6000.0000,-1000.0000,90.0000,0.0000,1,4.0,100.00,0.0,0.0,0.0,0.0
382,11.639397,15.040218,6.100000,1,0,6000.0000,-1000.0000,90.0000,0.0000,1,4.0,100.00,0.0,0.0,0.0,0.0
383,14.114379,11.642728,6.195000,1,0,6000.0000,-1000.0000,90.0000,0.0000,1,4.0,100.00,0.0,0.0,0.0,0.0
384,14.805414,14.097518,6.148000,1,0,6000.0000,-1000.0000,90.0000,0.0000,1,4.0,100.00,0.0,0.0,0.0,0.0
385,14.474546,14.822885,6.208000,1,0,6000.0000,-1000.0000,90.0000,0.0000,1,4.0,100.00,0.0,0.0,0.0,0.0
386,14.991438,14.446065,6.112000,1,0,6000.0000,-1000.0000,90.0000,0.0000,1,4.0,100.00,0.0,0.0,0.0,0.0
387,13.092917,14.988688,6.123000,1,0,6000.0000,-1000.0000,90.0000,0.0000,1,4.0,100.00,0.0,0.0,0.0,0.0
388,13.908075,13.107657,6.201000,1,0,6000.0000,-1000.0000,90.0000,0.0000,1,4.0,100.00,0.0,0.0,0.0,0.0
389,14.621910,13.903215,6.487000,1,0,6000.0000,-1000.0000,90.0000,0.0000,1,4.0,100.00,0.0,0.0,0.0,0.0
390,12.221869,14.628561,6.487000,1,0,6000.0000,-1000.0000,90.0000,0.0000,1,4.0,100.00,0.0,0.0,0.0,0.0
391,13.241350,12.192738,6.407000,1,0,6000.0000,-1000.0000,90.0000,0.0000,1,4.0,100.00,0.0,0.0,0.0,0.0
392,15.389026,13.252010,6.534000,1,0,6000.0000,-1000.0000,90.0000,0.0000,1,4.0,100.00,0.0,0.0,0.0,0.0
393,15.351736,15.409607,6.487000,1,0,6000.0000,-1000.0000,90.0000,0.0000,1,4.0,100.00,0.0,0.0,0.0,0.0
394,15.038798,15.358406,6.471000,1,0,6000.0000,-1000.0000,90.0000,0.0000,1,4.0,100.00,0.0,0.0,0.0,0.0
395,15.072890,15.048398,6.623000,1,0,6000.0000,-1000.0000,90.0000,0.0000,1,4.0,100.00,0.0,0.0,0.0,0.0
396,12.607216,15.075110,6.623000,1,0,6000.0000,-1000.0000,90.0000,0.0000,1,4.0,100.00,0.0,0.0,0.0,0.0
397,12.826342,12.622818,6.227000,1,0,6000.0000,-1000.0000,90.0000,0.0000,1,4.0,100.00,0.0,0.0,0.0,0.0
398,13.890025,12.812680,6.130000,1,0,6000.0000,-1000.0000,90.0000,0.0000,1,4.0,100.00,0.0,0.0,0.0,0.0
399,12.501315,13.883485,6.021000,1,0,6000.0000,-1000.0000,90.0000,0.0000,1,4.0,100.00,0.0,0.0,0.0,0.0
400,13.426874,12.509425,6.162000,1,0,6000.0000,-1000.0000,90.0000,0.0000,1,4.0,100.00,0.0,0.0,0.0,0.0
401,14.157420,13.430924,6.096000,1,0,6000.0000,-1000.0000,90.0000,0.0000,1,4.0,100.00,0.0,0.0,0.0,0.0
402,14.005677,14.141590,6.096000,1,0,6000.0000,-1000.0000,90.0000,0.0000,1,4.0,100.00,0.0,0.0,0.0,0.0
403,12.820082,14.034037,6.147000,1,0,6000.0000,-1000.0000,90.0000,0.0000,1,4.0,100.00,0.0,0.0,0.0,0.0
404,13.632649,12.801632,6.242000,1,0,6000.0000,-1000.0000,90.0000,0.0000,1,4.0,100.00,0.0,0.0,0.0,0.0
405,13.912385,13.623449,5.978000,1,0,6000.0000,-1000.0000,90.0000,0.0000,1,4.0,100.00,0.0,0.0,0.0,0.0
406,13.018276,13.917545,5.978000,1,0,6000.0000,-1000.0000,90.0000,0.0000,1,4.0,100.00,0.0,0.0,0.0,0.0
407,17.766876,13.012966,5.747000,1,0,6000.0000,-1000.0000,90.0000,0.0000,1,4.0,100.00,0.0,0.0,0.0,0.0
408,13.880694,17.769706,6.163000,1,0,6000.0000,-1000.0000,90.0000,0.0000,1,4.0,100.00,0.0,0.0,0.0,0.0
409,13.344463,13.870774,6.078000,1,0,6000.0000,-1000.0000,90.0000,0.0000,1,4.0,100.00,0.0,0.0,0.0,0.0
410,14.548728,13.358653,6.134000,1,0,6000.0000,-1000.0000,90.0000,0.0000,1,4.0,100.00,0.0,0.0,0.0,0.0
411,12.970415,14.535478,6.160000,1,0,6000.0000,-1000.0000,90.0000,0.0000,1,4.0,100.00,0.0,0.0,0.0,0.0
412,13.682560,12.976765,6.111000,1,0,6000.0000,-1000.0000,90.0000,0.0000,1,4.0,100.00,0.0,0.0,0.0,0.0
413,15.839796,13.671300,6.209000,1,0,6000.0000,-1000.0000,90.0000,0.0000,1,4.0,100.00,0.0,0.0,0.0,0.0
414,13.274061,15.857066,6.209000,1,0,6000.0000,-1000.0000,90.0000,0.0000,1,4.0,100.00,0.0,0.0,0.0,0.0
415,15.942938,13.272951,6.154000,2,0,6000.0000,-1000.0000,90.0000,0.0000,1,4.0,100.00,0.0,0.0,0.0,0.0
416,11.301489,15.953748,6.154000,2,0,6000.0000,-1000.0000,90.0000,0.0000,1,4.0,100.00,0.0,0.0,0.0,0.0
417,12.980675,11.290389,6.019000,2,0,6000.0000,-1000.0000,90.0000,0.0000,1,4.0,100.00,0.0,0.0,0.0,0.0
418,12.551777,12.976255,6.019000,2,0,6000.0000,-1000.0000,90.0000,0.0000,1,4.0,100.00,0.0,0.0,0.0,0.0
419,13.942365,12.550987,6.111000,2,0,6000.0000,-1000.0000,90.0000,0.0000,1,4.0,100.00,0.0,0.0,0.0,0.0
420,15.017869,13.933505,6.214000,2,0,6000.0000,-1000.0000,90.0000,0.0000,1,4.0,100.00,0.0,0.0,0.0,0.0
421,13.340532,15.049019,6.214000,2,0,6000.0000,-1000.0000,90.0000,0.0000,1,4.0,100.00,0.0,0.0,0.0,0.0
422,15.324905,13.327212,6.055000,2,0,6000.0000,-1000.0000,90.0000,0.0000,1,4.0,100.00,0.0,0.0,0.0,0.0
423,13.106337,15.301014,6.102000,2,0,6000.0000,-1000.0000,90.0000,0.0000,1,4.0,100.00,0.0,0.0,0.0,0.0
424,15.326686,13.119569,6.156000,2,0,6000.0000,-1000.0000,90.0000,0.0000,1,4.0,100.00,0.0,0.0,0.0,0.0
425,14.511237,15.325574,6.179000,2,0,6000.0000,-1000.0000,90.0000,0.0000,1,4.0,100.00,0.0,0.0,0.0,0.0
426,11.203837,14.514827,6.179000,2,0,6000.0000,-1000.0000,90.0000,0.0000,1,4.0,100.00,0.0,0.0,0.0,0.0
427,12.483675,11.208679,6.154000,2,0,6000.0000,-1000.0000,90.0000,0.0000,1,4.0,100.00,0.0,0.0,0.0,0.0
428,12.242599,12.472244,6.081000,2,0,6000.0000,-1000.0000,90.0000,0.0000,1,4.0,100.00,0.0,0.0,0.0,0.0
429,14.595480,12.236969,6.131000,2,0,6000.0000,-1000.0000,90.0000,0.0000,1,4.0,100.00,0.0,0.0,0.0,0.0
430,12.139877,14.602530,6.051000,2,0,6000.0000,-1000.0000,90.0000,0.0000,1,4.0,100.00,0.0,0.0,0.0,0.0
431,16.093041,12.119356,6.114000,2,0,6000.0000,-1000.0000,90.0000,0.0000,1,4.0,100.00,0.0,0.0,0.0,0.0
432,13.159069,16.127592,6.094000,2,0,6000.0000,-1000.0000,90.0000,0.0000,1,4.0,100.00,0.0,0.0,0.0,0.0
433,11.588036,13.134838,6.194000,2,0,6000.0000,-1000.0000,90.0000,0.0000,1,4.0,100.00,0.0,0.0,0.0,0.0
434,11.248098,11.589436,6.046000,2,0,6000.0000,-1000.0000,90.0000,0.0000,1,4.0,100.00,0.0,0.0,0.0,0.0
435,11.821561,11.258198,6.118000,2,0,6000.0000,-1000.0000,90.0000,0.0000,1,4.0,100.00,0.0,0.0,0.0,0.0
436,14.998597,11.802511,6.186000,2,0,6000.0000,-1000.0000,90.0000,0.0000,1,4.0,100.00,0.0,0.0,0.0,0.0
437,10.914622,15.002098,6.186000,2,0,6000.0000,-1000.0000,90.0000,0.0000,1,4.0,100.00,0.0,0.0,0.0,0.0
438,11.659056,10.919881,6.131000,2,0,6000.0000,-1000.0000,90.0000,0.0000,1,4.0,100.00,0.0,0.0,0.0,0.0
439,13.703681,11.658397,6.114000,2,0,6000.0000,-1000.0000,90.0000,0.0000,1,4.0,100.00,0.0,0.0,0.0,0.0
440,11.261838,13.729021,6.170000,2,0,6000.0000,-1000.0000,90.0000,0.0000,1,4.0,100.00,0.0,0.0,0.0,0.0
441,13.194000,11.259768,6.185000,2,0,6000.0000,-1000.0000,90.0000,0.0000,1,4.0,100.00,0.0,0.0,0.0,0.0
442,12.324342,13.171260,6.129000,2,0,6000.0000,-1000.0000,90.0000,0.0000,1,4.0,100.00,0.0,0.0,0.0,0.0
443,9.365918,12.308791,6.129000,2,0,6000.0000,-1000.0000,90.0000,0.0000,1,4.0,100.00,0.0,0.0,0.0,0.0
444,13.230360,9.358028,6.204000,2,0,6000.0000,-1000.0000,90.0000,0.0000,1,4.0,100.00,0.0,0.0,0.0,0.0
445,12.029725,13.266262,6.084000,2,0,6000.0000,-1000.0000,90.0000,0.0000,1,4.0,100.00,0.0,0.0,0.0,0.0
446,11.441303,12.012784,6.084000,2,0,6000.0000,-1000.0000,90.0000,0.0000,1,4.0,100.00,0.0,0.0,0.0,0.0
447,12.241059,11.417842,6.071000,2,0,6000.0000,-1000.0000,90.0000,0.0000,1,4.0,100.00,0.0,0.0,0.0,0.0
448,12.786501,12.281840,6.029000,2,0,6000.0000,-1000.0000,90.0000,0.0000,1,4.0,100.00,0.0,0.0,0.0,0.0
449,11.267259,12.791491,6.029000,2,0,6000.0000,-1000.0000,90.0000,0.0000,1,4.0,100.00,0.0,0.0,0.0,0.0
450,12.231419,11.242918,6.123000,2,0,6000.0000,-1000.0000,90.0000,0.0000,1,4.0,100.00,0.0,0.0,0.0,0.0
451,15.250114,12.240209,6.097000,2,0,6000.0000,-1000.0000,90.0000,0.0000,1,4.0,100.00,0.0,0.0,0.0,0.0
452,12.227338,15.264464,6.164000,2,0,6000.0000,-1000.0000,90.0000,0.0000,1,4.0,100.00,0.0,0.0,0.0,0.0
453,10.830840,12.209919,6.164000,2,0,6000.0000,-1000.0000,90.0000,0.0000,1,4.0,100.00,0.0,0.0,0.0,0.0
454,13.248411,10.820179,6.176000,2,0,6000.0000,-1000.0000,90.0000,0.0000,1,4.0,100.00,0.0,0.0,0.0,0.0
455,10.032622,13.246041,6.436000,2,0,6000.0000,-1000.0000,90.0000,0.0000,1,4.0,100.00,0.0,0.0,0.0,0.0
456,12.116227,10.030812,6.436000,2,0,6000.0000,-1000.0000,90.0000,0.0000,1,4.0,100.00,0.0,0.0,0.0,0.0
457,13.994286,12.105807,6.181000,2,0,6000.0000,-1000.0000,90.0000,0.0000,1,4.0,100.00,0.0,0.0,0.0,0.0
458,11.566476,14.011567,6.181000,2,0,6000.0000,-1000.0000,90.0000,0.0000,1,4.0,100.00,0.0,0.0,0.0,0.0
459,14.414805,11.564435,6.456000,2,0,6000.0000,-1000.0000,90.0000,0.0000,1,4.0,100.00,0.0,0.0,0.0,0.0
460,11.625607,14.434366,6.456000,2,0,6000.0000,-1000.0000,90.0000,0.0000,1,4.0,100.00,0.0,0.0,0.0,0.0
461,12.422913,11.611036,6.479000,2,0,6000.0000,-1000.0000,90.0000,0.0000,1,4.0,100.00,0.0,0.0,0.0,0.0
462,12.473034,12.445073,6.514000,2,0,6000.0000,-1000.0000,90.0000,0.0000,1,4.0,100.00,0.0,0.0,0.0,0.0
463,11.452913,12.440555,6.176000,2,0,6000.0000,-1000.0000,90.0000,0.0000,1,4.0,100.00,0.0,0.0,0.0,0.0
464,12.265529,11.433412,6.155000,2,0,6000.0000,-1000.0000,90.0000,0.0000,1,4.0,100.00,0.0,0.0,0.0,0.0
465,14.007317,12.274019,6.153000,2,0,6000.0000,-1000.0000,90.0000,0.0000,1,4.0,100.00,0.0,0.0,0.0,0.0
466,11.186207,14.048058,6.136000,2,0,6000.0000,-1000.0000,90.0000,0.0000,1,4.0,100.00,0.0,0.0,0.0,0.0
467,11.597216,11.162996,6.164000,2,0,6000.0000,-1000.0000,90.0000,0.0000,1,4.0,100.00,0.0,0.0,0.0,0.0
468,12.166938,11.600047,6.164000,2,0,6000.0000,-1000.0000,90.0000,0.0000,1,4.0,100.00,0.0,0.0,0.0,0.0
469,14.357704,12.287240,6.413000,2,0,6000.0000,-1000.0000,90.0000,0.0000,1,4.0,100.00,0.0,0.0,0.0,0.0
470,13.851634,14.881855,6.413000,2,0,6000.0000,-1000.0000,90.0000,0.0000,1,4.0,100.00,0.0,0.0,0.0,0.0
471,13.450025,13.205830,6.126000,2,0,6000.0000,-1000.0000,90.0000,0.0000,1,4.0,100.00,0.0,0.0,0.0,0.0
472,15.673802,13.440665,6.230000,2,0,6000.0000,-1000.0000,90.0000,0.0000,1,4.0,100.00,0.0,0.0,0.0,0.0
473,15.027178,15.663163,6.145000,2,0,6000.0000,-1000.0000,90.0000,0.0000,1,4.0,100.00,0.0,0.0,0.0,0.0
474,10.087755,15.037328,6.145000,2,0,6000.0000,-1000.0000,90.0000,0.0000,1,4.0,100.00,0.0,0.0,0.0,0.0
475,15.980028,10.224687,6.091000,2,0,6000.0000,-1000.0000,90.0000,0.0000,1,4.0,100.00,0.0,0.0,0.0,0.0
476,14.637810,15.836425,6.117000,2,0,6000.0000,-1000.0000,90.0000,0.0000,1,4.0,100.00,0.0,0.0,0.0,0.0
477,10.007382,14.656610,6.117000,2,0,6000.0000,-1000.0000,90.0000,0.0000,1,4.0,100.00,0.0,0.0,0.0,0.0
478,15.432488,10.004602,6.142000,2,0,6000.0000,-1000.0000,90.0000,0.0000,1,4.0,100.00,0.0,0.0,0.0,0.0
479,10.911590,15.450888,6.142000,2,0,6000.0000,-1000.0000,90.0000,0.0000,1,4.0,100.00,0.0,0.0,0.0,0.0
480,14.062529,10.900982,6.184000,2,0,6000.0000,-1000.0000,90.0000,0.0000,1,4.0,100.00,0.0,0.0,0.0,0.0
481,12.079216,14.075498,6.184000,2,0,6000.0000,-1000.0000,90.0000,0.0000,1,4.0,100.00,0.0,0.0,0.0,0.0
482,13.537936,12.058015,6.206000,2,0,6000.0000,-1000.0000,90.0000,0.0000,1,4.0,100.00,0.0,0.0,0.0,0.0
483,17.128753,13.665819,6.208000,2,0,6000.0000,-1000.0000,90.0000,0.0000,1,4.0,100.00,0.0,0.0,0.0,0.0
484,14.415306,17.108734,6.122000,2,0,6000.0000,-1000.0000,90.0000,0.0000,1,4.0,100.00,0.0,0.0,0.0,0.0
485,12.856563,14.335813,6.122000,2,0,6000.0000,-1000.0000,90.0000,0.0000,1,4.0,100.00,0.0,0.0,0.0,0.0
486,14.963796,12.845953,6.100000,2,0,6000.0000,-1000.0000,90.0000,0.0000,1,4.0,100.00,0.0,0.0,0.0,0.0
487,12.017995,14.973657,6.100000,2,0,6000.0000,-1000.0000,90.0000,0.0000,1,4.0,100.00,0.0,0.0,0.0,0.0
488,11.829361,12.332171,6.111000,2,0,6000.0000,-1000.0000,90.0000,0.0000,1,4.0,100.00,0.0,0.0,0.0,0.0
489,12.741690,11.458722,6.157000,2,0,6000.0000,-1000.0000,90.0000,0.0000,1,4.0,100.00,0.0,0.0,0.0,0.0
490,11.524985,12.746261,6.230000,2,0,6000.0000,-1000.0000,90.0000,0.0000,1,4.0,100.00,0.0,0.0,0.0,0.0
491,13.087697,11.526425,6.040000,2,0,6000.0000,-1000.0000,90.0000,0.0000,1,4.0,100.00,0.0,0.0,0.0,0.0
492,10.425571,13.075377,6.040000,2,0,6000.0000,-1000.0000,90.0000,0.0000,1,4.0,100.00,0.0,0.0,0.0,0.0
493,12.805631,10.451631,6.057000,2,0,6000.0000,-1000.0000,90.0000,0.0000,1,4.0,100.00,0.0,0.0,0.0,0.0
494,13.680630,12.773791,6.117000,2,0,6000.0000,-1000.0000,90.0000,0.0000,1,4.0,100.00,0.0,0.0,0.0,0.0
495,11.571165,13.699320,6.190000,2,0,6000.0000,-1000.0000,90.0000,0.0000,1,4.0,100.00,0.0,0.0,0.0,0.0
496,11.042944,11.579105,6.104000,2,0,6000.0000,-1000.0000,90.0000,0.0000,1,4.0,100.00,0.0,0.0,0.0,0.0
497,13.131748,11.035414,6.104000,2,0,6000.0000,-1000.0000,90.0000,0.0000,1,4.0,100.00,0.0,0.0,0.0,0.0
498,14.667701,13.135058,6.166000,2,0,6000.0000,-1000.0000,90.0000,0.0000,1,4.0,100.00,0.0,0.0,0.0,0.0
499,10.333239,14.680302,6.166000,2,0,6000.0000,-1000.0000,90.0000,0.0000,1,4.0,100.00,0.0,0.0,0.0,0.0
500,12.296911,10.307658,6.172000,2,0,6000.0000,-1000.0000,90.0000,0.0000,1,4.0,100.00,0.0,0.0,0.0,0.0
501,13.736911,12.322962,6.116000,2,0,6000.0000,-1000.0000,90.0000,0.0000,1,4.0,100.00,0.0,0.0,0.0,0.0
502,11.291730,13.999276,6.094000,2,0,6000.0000,-1000.0000,90.0000,0.0000,1,4.0,100.00,0.0,0.0,0.0,0.0
503,13.319052,11.009994,6.094000,2,0,6000.0000,-1000.0000,90.0000,0.0000,1,4.0,100.00,0.0,0.0,0.0,0.0
504,12.535485,13.323532,6.231000,2,0,6000.0000,-1000.0000,90.0000,0.0000,1,4.0,100.00,0.0,0.0,0.0,0.0
505,13.831283,12.547916,6.074000,2,0,6000.0000,-1000.0000,90.0000,0.0000,1,4.0,100.00,0.0,0.0,0.0,0.0
506,11.213518,14.082058,6.074000,2,0,6000.0000,-1000.0000,90.0000,0.0000,1,4.0,100.00,0.0,0.0,0.0,0.0
507,12.975085,11.013634,6.130000,2,0,6000.0000,-1000.0000,90.0000,0.0000,1,4.0,100.00,0.0,0.0,0.0,0.0
508,13.499506,13.001795,6.223000,2,0,6000.0000,-1000.0000,90.0000,0.0000,1,4.0,100.00,0.0,0.0,0.0,0.0
509,13.028476,13.456315,6.223000,2,0,6000.0000,-1000.0000,90.0000,0.0000,1,4.0,100.00,0.0,0.0,0.0,0.0
510,14.544298,12.996646,6.237000,2,0,6000.0000,-1000.0000,90.0000,0.0000,1,4.0,100.00,0.0,0.0,0.0,0.0
511,11.923143,14.618120,6.237000,2,0,6000.0000,-1000.0000,90.0000,0.0000,1,4.0,100.00,0.0,0.0,0.0,0.0
512,13.705131,11.847371,6.089000,2,0,6000.0000,-1000.0000,90.0000,0.0000,1,4.0,100.00,0.0,0.0,0.0,0.0
513,14.513168,13.729260,6.109000,2,0,6000.0000,-1000.0000,90.0000,0.0000,1,4.0,100.00,0.0,0.0,0.0,0.0
514,13.052886,14.672792,6.259000,2,0,6000.0000,-1000.0000,90.0000,0.0000,1,4.0,100.00,0.0,0.0,0.0,0.0
515,14.170630,12.966704,6.255000,2,0,6000.0000,-1000.0000,90.0000,0.0000,1,4.0,100.00,0.0,0.0,0.0,0.0
516,13.441995,14.302223,6.114000,2,0,6000.0000,-1000.0000,90.0000,0.0000,1,4.0,100.00,0.0,0.0,0.0,0.0
517,13.339883,13.301473,6.085000,2,0,6000.0000,-1000.0000,90.0000,0.0000,1,4.0,100.00,0.0,0.0,0.0,0.0
518,10.824979,13.288391,6.085000,2,0,6000.0000,-1000.0000,90.0000,0.0000,1,4.0,100.00,0.0,0.0,0.0,0.0
519,11.357021,10.793729,6.172000,2,0,6000.0000,-1000.0000,90.0000,0.0000,1,4.0,100.00,0.0,0.0,0.0,0.0
520,11.736539,11.345700,6.202000,2,0,6000.0000,-1000.0000,90.0000,0.0000,1,4.0,100.00,0.0,0.0,0.0,0.0
521,12.662588,11.760510,6.452000,2,0,6000.0000,-1000.0000,90.0000,0.0000,1,4.0,100.00,0.0,0.0,0.0,0.0
522,10.603915,12.653137,6.452000,2,0,6000.0000,-1000.0000,90.0000,0.0000,1,4.0,100.00,0.0,0.0,0.0,0.0
523,15.955468,10.566555,6.468000,2,0,6000.0000,-1000.0000,90.0000,0.0000,1,4.0,100.00,0.0,0.0,0.0,0.0
524,14.139420,15.966788,6.492000,2,0,6000.0000,-1000.0000,90.0000,0.0000,1,4.0,100.00,0.0,0.0,0.0,0.0
525,14.062118,14.135409,6.458000,2,0,6000.0000,-1000.0000,90.0000,0.0000,1,4.0,100.00,0.0,0.0,0.0,0.0
526,11.608486,14.073479,6.505000,2,0,6000.0000,-1000.0000,90.0000,0.0000,1,4.0,100.00,0.0,0.0,0.0,0.0
527,16.789495,11.831921,6.467000,2,0,6000.0000,-1000.0000,90.0000,0.0000,1,4.0,100.00,0.0,0.0,0.0,0.0
528,12.874123,16.562930,6.450000,2,0,6000.0000,-1000.0000,90.0000,0.0000,1,4.0,100.00,0.0,0.0,0.0,0.0
529,13.570798,12.866863,6.312000,2,0,6000.0000,-1000.0000,90.0000,0.0000,1,4.0,100.00,0.0,0.0,0.0,0.0
530,14.014657,13.636199,6.184000,2,0,6000.0000,-1000.0000,90.0000,0.0000,1,4.0,100.00,0.0,0.0,0.0,0.0
531,14.239682,14.254522,6.190000,2,0,6000.0000,-1000.0000,90.0000,0.0000,1,4.0,100.00,0.0,0.0,0.0,0.0
532,13.437364,14.025787,6.172000,2,0,6000.0000,-1000.0000,90.0000,0.0000,1,4.0,100.00,0.0,0.0,0.0,0.0
533,12.932514,13.432246,6.155000,2,0,6000.0000,-1000.0000,90.0000,0.0000,1,4.0,100.00,0.0,0.0,0.0,0.0
534,15.332216,12.990845,6.105000,2,0,6000.0000,-1000.0000,90.0000,0.0000,1,4.0,100.00,0.0,0.0,0.0,0.0
535,14.985897,15.207662,6.168000,2,0,6000.0000,-1000.0000,90.0000,0.0000,1,4.0,100.00,0.0,0.0,0.0,0.0
536,16.343216,14.985228,6.507000,2,0,6000.0000,-1000.0000,90.0000,0.0000,1,4.0,100.00,0.0,0.0,0.0,0.0
537,13.942636,16.355526,6.096000,2,0,6000.0000,-1000.0000,90.0000,0.0000,1,4.0,100.00,0.0,0.0,0.0,0.0
538,13.849654,13.972086,6.232000,2,0,6000.0000,-1000.0000,90.0000,0.0000,1,4.0,100.00,0.0,0.0,0.0,0.0
539,15.273643,13.855044,6.105000,2,0,6000.0000,-1000.0000,90.0000,0.0000,1,4.0,100.00,0.0,0.0,0.0,0.0
540,12.869953,15.266473,6.184000,2,0,6000.0000,-1000.0000,90.0000,0.0000,1,4.0,100.00,0.0,0.0,0.0,0.0
541,12.743470,12.891483,6.184000,2,0,6000.0000,-1000.0000,90.0000,0.0000,1,4.0,100.00,0.0,0.0,0.0,0.0
542,15.762964,12.682339,6.228000,2,0,6000.0000,-1000.0000,90.0000,0.0000,1,4.0,100.00,0.0,0.0,0.0,0.0
543,14.530678,15.780525,6.142000,2,0,6000.0000,-1000.0000,90.0000,0.0000,1,4.0,100.00,0.0,0.0,0.0,0.0
544,15.862886,14.768962,6.108000,2,0,6000.0000,-1000.0000,90.0000,0.0000,1,4.0,100.00,0.0,0.0,0.0,0.0
545,14.719452,15.615752,6.108000,2,0,6000.0000,-1000.0000,90.0000,0.0000,1,4.0,100.00,0.0,0.0,0.0,0.0
546,14.794763,14.711252,6.238000,2,0,6000.0000,-1000.0000,90.0000,0.0000,1,4.0,100.00,0.0,0.0,0.0,0.0
547,12.864563,14.839123,6.245000,2,0,6000.0000,-1000.0000,90.0000,0.0000,1,4.0,100.00,0.0,0.0,0.0,0.0
548,14.306103,12.820922,6.117000,2,0,6000.0000,-1000.0000,90.0000,0.0000,1,4.0,100.00,0.0,0.0,0.0,0.0
549,14.573299,14.442947,6.156000,2,0,6000.0000,-1000.0000,90.0000,0.0000,1,4.0,100.00,0.0,0.0,0.0,0.0
550,12.215379,14.638420,6.069000,2,0,6000.0000,-1000.0000,90.0000,0.0000,1,4.0,100.00,0.0,0.0,0.0,0.0
551,13.454586,12.047595,6.069000,2,0,6000.0000,-1000.0000,90.0000,0.0000,1,4.0,100.00,0.0,0.0,0.0,0.0
552,15.161471,13.425065,6.238000,2,0,6000.0000,-1000.0000,90.0000,0.0000,1,4.0,100.00,0.0,0.0,0.0,0.0
553,11.623986,15.182012,6.163000,2,0,6000.0000,-1000.0000,90.0000,0.0000,1,4.0,100.00,0.0,0.0,0.0,0.0
554,10.996863,11.624636,6.056000,2,0,6000.0000,-1000.0000,90.0000,0.0000,1,4.0,100.00,0.0,0.0,0.0,0.0
555,12.829082,11.000493,6.310000,2,0,6000.0000,-1000.0000,90.0000,0.0000,1,4.0,100.00,0.0,0.0,0.0,0.0
556,12.876893,12.803061,6.104000,2,0,6000.0000,-1000.0000,90.0000,0.0000,1,4.0,100.00,0.0,0.0,0.0,0.0
557,14.622720,13.146999,6.109000,2,0,6000.0000,-1000.0000,90.0000,0.0000,1,4.0,100.00,0.0,0.0,0.0,0.0
558,12.832482,14.506207,6.095000,2,0,6000.0000,-1000.0000,90.0000,0.0000,1,4.0,100.00,0.0,0.0,0.0,0.0
559,15.671722,12.749281,6.185000,2,0,6000.0000,-1000.0000,90.0000,0.0000,1,4.0,100.00,0.0,0.0,0.0,0.0
560,13.750761,15.694192,6.100000,2,0,6000.0000,-1000.0000,90.0000,0.0000,1,4.0,100.00,0.0,0.0,0.0,0.0
561,13.292782,13.680710,6.175000,2,0,6000.0000,-1000.0000,90.0000,0.0000,1,4.0,100.00,0.0,0.0,0.0,0.0
562,13.671990,13.269921,6.142000,2,0,6000.0000,-1000.0000,90.0000,0.0000,1,4.0,100.00,0.0,0.0,0.0,0.0
563,14.248912,13.692431,6.128000,2,0,6000.0000,-1000.0000,90.0000,0.0000,1,4.0,100.00,0.0,0.0,0.0,0.0
564,15.042878,14.259642,6.224000,2,0,6000.0000,-1000.0000,90.0000,0.0000,1,4.0,100.00,0.0,0.0,0.0,0.0
565,11.921143,15.055209,6.104000,2,0,6000.0000,-1000.0000,90.0000,0.0000,1,4.0,100.00,0.0,0.0,0.0,0.0
566,12.353882,11.937353,6.148000,2,0,6000.0000,-1000.0000,90.0000,0.0000,1,4.0,100.00,0.0,0.0,0.0,0.0
567,12.997245,12.323122,6.188000,2,0,6000.0000,-1000.0000,90.0000,0.0000,1,4.0,100.00,0.0,0.0,0.0,0.0
568,13.331853,12.983935,6.213000,2,0,6000.0000,-1000.0000,90.0000,0.0000,1,4.0,100.00,0.0,0.0,0.0,0.0
569,15.425447,13.351232,6.146000,2,0,6000.0000,-1000.0000,90.0000,0.0000,1,4.0,100.00,0.0,0.0,0.0,0.0
570,16.830567,15.406656,6.204000,2,0,6000.0000,-1000.0000,90.0000,0.0000,1,4.0,100.00,0.0,0.0,0.0,0.0
571,14.127009,16.993231,6.227000,2,0,6000.0000,-1000.0000,90.0000,0.0000,1,4.0,100.00,0.0,0.0,0.0,0.0
572,14.331053,14.022107,6.227000,2,0,6000.0000,-1000.0000,90.0000,0.0000,1,4.0,100.00,0.0,0.0,0.0,0.0
573,26.663396,14.318964,6.129000,2,0,6000.0000,-1000.0000,90.0000,0.0000,1,4.0,100.00,0.0,0.0,0.0,0.0
574,19.078134,26.689735,6.123000,2,0,6000.0000,-1000.0000,90.0000,0.0000,1,4.0,100.00,0.0,0.0,0.0,0.0
575,18.323039,19.052174,6.123000,2,0,6000.0000,-1000.0000,90.0000,0.0000,1,4.0,100.00,0.0,0.0,0.0,0.0
576,20.679088,18.391710,6.167000,2,0,6000.0000,-1000.0000,90.0000,0.0000,1,4.0,100.00,0.0,0.0,0.0,0.0
577,13.649930,20.812521,6.155000,2,0,6000.0000,-1000.0000,90.0000,0.0000,1,4.0,100.00,0.0,0.0,0.0,0.0
578,13.783232,13.489446,6.133000,2,0,6000.0000,-1000.0000,90.0000,0.0000,1,4.0,100.00,0.0,0.0,0.0,0.0
579,18.635564,13.790492,6.088000,2,0,6000.0000,-1000.0000,90.0000,0.0000,1,4.0,100.00,0.0,0.0,0.0,0.0
580,16.754256,18.644656,6.088000,2,0,6000.0000,-1000.0000,90.0000,0.0000,1,4.0,100.00,0.0,0.0,0.0,0.0
581,15.778594,16.729674,6.209000,2,0,6000.0000,-1000.0000,90.0000,0.0000,1,4.0,100.00,0.0,0.0,0.0,0.0
582,15.361705,15.843376,6.215000,2,0,6000.0000,-1000.0000,90.0000,0.0000,1,4.0,100.00,0.0,0.0,0.0,0.0
583,14.789674,15.309744,6.144000,2,0,6000.0000,-1000.0000,90.0000,0.0000,1,4.0,100.00,0.0,0.0,0.0,0.0
584,15.211902,14.785413,6.144000,2,0,6000.0000,-1000.0000,90.0000,0.0000,1,4.0,100.00,0.0,0.0,0.0,0.0
585,16.535931,15.212883,6.220000,2,0,6000.0000,-1000.0000,90.0000,0.0000,1,4.0,100.00,0.0,0.0,0.0,0.0
586,13.419454,16.536031,6.514000,2,0,6000.0000,-1000.0000,90.0000,0.0000,1,4.0,100.00,0.0,0.0,0.0,0.0
587,16.460570,13.449684,6.532000,2,0,6000.0000,-1000.0000,90.0000,0.0000,1,4.0,100.00,0.0,0.0,0.0,0.0
588,12.762959,16.452689,6.532000,2,0,6000.0000,-1000.0000,90.0000,0.0000,1,4.0,100.00,0.0,0.0,0.0,0.0
589,12.389184,12.739091,6.497000,2,0,6000.0000,-1000.0000,90.0000,0.0000,1,4.0,100.00,0.0,0.0,0.0,0.0
590,14.573438,12.410672,6.505000,2,0,6000.0000,-1000.0000,90.0000,0.0000,1,4.0,100.00,0.0,0.0,0.0,0.0
591,15.415987,14.550539,6.505000,2,0,6000.0000,-1000.0000,90.0000,0.0000,1,4.0,100.00,0.0,0.0,0.0,0.0
592,15.213862,15.419087,6.612000,2,0,6000.0000,-1000.0000,90.0000,0.0000,1,4.0,100.00,0.0,0.0,0.0,0.0
593,15.690343,15.232892,6.416000,2,0,6000.0000,-1000.0000,90.0000,0.0000,1,4.0,100.00,0.0,0.0,0.0,0.0
594,16.503300,15.654602,6.118000,2,0,6000.0000,-1000.0000,90.0000,0.0000,1,4.0,100.00,0.0,0.0,0.0,0.0
595,11.995724,16.518950,6.118000,2,0,6000.0000,-1000.0000,90.0000,0.0000,1,4.0,100.00,0.0,0.0,0.0,0.0
596,16.209283,11.912942,6.119000,2,0,6000.0000,-1000.0000,90.0000,0.0000,1,4.0,100.00,0.0,0.0,0.0,0.0
597,13.113648,16.217594,6.095000,2,0,6000.0000,-1000.0000,90.0000,0.0000,1,4.0,100.00,0.0,0.0,0.0,0.0
598,15.012638,13.215781,6.087000,2,0,6000.0000,-1000.0000,90.0000,0.0000,1,4.0,100.00,0.0,0.0,0.0,0.0
599,14.444807,14.978907,6.087000,2,0,6000.0000,-1000.0000,90.0000,0.0000,1,4.0,100.00,0.0,0.0,0.0,0.0
600,13.271001,14.458966,6.265000,2,0,6000.0000,-1000.0000,90.0000,0.0000,1,4.0,100.00,0.0,0.0,0.0,0.0
601,14.183500,13.262171,6.118000,2,0,6000.0000,-1000.0000,90.0000,0.0000,1,4.0,100.00,0.0,0.0,0.0,0.0
602,15.741354,14.201612,6.118000,2,0,6000.0000,-1000.0000,90.0000,0.0000,1,4.0,100.00,0.0,0.0,0.0,0.0
603,13.338863,15.701502,6.285000,2,0,6000.0000,-1000.0000,90.0000,0.0000,1,4.0,100.00,0.0,0.0,0.0,0.0
604,17.089422,13.334853,6.140000,2,0,6000.0000,-1000.0000,90.0000,0.0000,1,4.0,100.00,0.0,0.0,0.0,0.0
605,13.687710,17.063982,6.183000,2,0,6000.0000,-1000.0000,90.0000,0.0000,1,4.0,100.00,0.0,0.0,0.0,0.0
606,12.557097,13.694310,6.161000,2,0,6000.0000,-1000.0000,90.0000,0.0000,1,4.0,100.00,0.0,0.0,0.0,0.0
607,13.475695,12.821241,6.167000,2,0,6000.0000,-1000.0000,90.0000,0.0000,1,4.0,100.00,0.0,0.0,0.0,0.0
608,16.869687,13.286382,6.159000,2,0,6000.0000,-1000.0000,90.0000,0.0000,1,4.0,100.00,0.0,0.0,0.0,0.0
609,15.011399,16.799026,6.124000,2,0,6000.0000,-1000.0000,90.0000,0.0000,1,4.0,100.00,0.0,0.0,0.0,0.0
610,14.419295,15.021108,6.166000,2,0,6000.0000,-1000.0000,90.0000,0.0000,1,4.0,100.00,0.0,0.0,0.0,0.0
611,14.144731,14.448637,6.158000,2,0,6000.0000,-1000.0000,90.0000,0.0000,1,4.0,100.00,0.0,0.0,0.0,0.0
612,12.551655,14.093199,6.069000,2,0,6000.0000,-1000.0000,90.0000,0.0000,1,4.0,100.00,0.0,0.0,0.0,0.0
613,12.282340,12.554235,6.069000,2,0,6000.0000,-1000.0000,90.0000,0.0000,1,4.0,100.00,0.0,0.0,0.0,0.0
614,12.414924,12.295362,6.236000,2,0,6000.0000,-1000.0000,90.0000,0.0000,1,4.0,100.00,0.0,0.0,0.0,0.0
615,12.639177,12.404102,6.124000,2,0,6000.0000,-1000.0000,90.0000,0.0000,1,4.0,100.00,0.0,0.0,0.0,0.0
616,12.903994,12.657269,6.197000,2,0,6000.0000,-1000.0000,90.0000,0.0000,1,4.0,100.00,0.0,0.0,0.0,0.0
617,10.650626,12.902833,6.197000,2,0,6000.0000,-1000.0000,90.0000,0.0000,1,4.0,100.00,0.0,0.0,0.0,0.0
618,12.174318,10.613685,6.117000,2,0,6000.0000,-1000.0000,90.0000,0.0000,1,4.0,100.00,0.0,0.0,0.0,0.0
619,13.147968,12.194778,6.189000,2,0,6000.0000,-1000.0000,90.0000,0.0000,1,4.0,100.00,0.0,0.0,0.0,0.0
620,13.466106,13.138598,6.137000,2,0,6000.0000,-1000.0000,90.0000,0.0000,1,4.0,100.00,0.0,0.0,0.0,0.0
621,9.694645,13.465906,6.137000,2,0,6000.0000,-1000.0000,90.0000,0.0000,1,4.0,100.00,0.0,0.0,0.0,0.0
622,13.627769,9.749657,6.152000,2,0,6000.0000,-1000.0000,90.0000,0.0000,1,4.0,100.00,0.0,0.0,0.0,0.0
623,12.815052,13.611608,6.155000,2,0,6000.0000,-1000.0000,90.0000,0.0000,1,4.0,100.00,0.0,0.0,0.0,0.0
624,14.767623,12.845352,6.155000,2,0,6000.0000,-1000.0000,90.0000,0.0000,1,4.0,100.00,0.0,0.0,0.0,0.0
625,13.458835,14.683622,6.226000,2,0,6000.0000,-1000.0000,90.0000,0.0000,1,4.0,100.00,0.0,0.0,0.0,0.0
626,12.977355,13.460215,6.182000,2,0,6000.0000,-1000.0000,90.0000,0.0000,1,4.0,100.00,0.0,0.0,0.0,0.0
627,11.718719,12.955534,6.193000,2,0,6000.0000,-1000.0000,90.0000,0.0000,1,4.0,100.00,0.0,0.0,0.0,0.0
628,11.653476,11.740329,6.145000,2,0,6000.0000,-1000.0000,90.0000,0.0000,1,4.0,100.00,0.0,0.0,0.0,0.0
629,13.007286,11.633717,6.090000,2,0,6000.0000,-1000.0000,90.0000,0.0000,1,4.0,100.00,0.0,0.0,0.0,0.0
630,12.735140,13.026376,6.202000,2,0,6000.0000,-1000.0000,90.0000,0.0000,1,4.0,100.00,0.0,0.0,0.0,0.0
631,13.051756,12.784561,6.178000,2,0,6000.0000,-1000.0000,90.0000,0.0000,1,4.0,100.00,0.0,0.0,0.0,0.0
632,14.905046,13.015076,6.203000,2,0,6000.0000,-1000.0000,90.0000,0.0000,1,4.0,100.00,0.0,0.0,0.0,0.0
633,12.228249,14.868055,6.132000,2,0,6000.0000,-1000.0000,90.0000,0.0000,1,4.0,100.00,0.0,0.0,0.0,0.0
634,14.389806,12.308541,6.127000,2,0,6000.0000,-1000.0000,90.0000,0.0000,1,4.0,100.00,0.0,0.0,0.0,0.0
635,11.914443,14.340384,6.108000,2,0,6000.0000,-1000.0000,90.0000,0.0000,1,4.0,100.00,0.0,0.0,0.0,0.0
636,11.771958,11.946813,6.230000,2,0,6000.0000,-1000.0000,90.0000,0.0000,1,4.0,100.00,0.0,0.0,0.0,0.0
637,11.312951,11.787220,6.170000,2,0,6000.0000,-1000.0000,90.0000,0.0000,1,4.0,100.00,0.0,0.0,0.0,0.0
638,14.131779,11.293809,6.105000,2,0,6000.0000,-1000.0000,90.0000,0.0000,1,4.0,100.00,0.0,0.0,0.0,0.0
639,12.531205,14.103689,6.105000,2,0,6000.0000,-1000.0000,90.0000,0.0000,1,4.0,100.00,0.0,0.0,0.0,0.0
640,13.179010,12.557887,6.132000,2,0,6000.0000,-1000.0000,90.0000,0.0000,1,4.0,100.00,0.0,0.0,0.0,0.0
641,13.299732,13.351923,6.165000,2,0,6000.0000,-1000.0000,90.0000,0.0000,1,4.0,100.00,0.0,0.0,0.0,0.0
642,12.147527,13.127258,6.165000,2,0,6000.0000,-1000.0000,90.0000,0.0000,1,4.0,100.00,0.0,0.0,0.0,0.0
643,12.417453,12.093256,6.246000,2,0,6000.0000,-1000.0000,90.0000,0.0000,1,4.0,100.00,0.0,0.0,0.0,0.0
644,13.242242,12.495155,6.123000,2,0,6000.0000,-1000.0000,90.0000,0.0000,1,4.0,100.00,0.0,0.0,0.0,0.0
645,12.955494,13.224470,6.198000,2,0,6000.0000,-1000.0000,90.0000,0.0000,1,4.0,100.00,0.0,0.0,0.0,0.0
646,14.734232,12.908334,6.196000,2,0,6000.0000,-1000.0000,90.0000,0.0000,1,4.0,100.00,0.0,0.0,0.0,0.0
647,13.103067,14.765442,6.196000,2,0,6000.0000,-1000.0000,90.0000,0.0000,1,4.0,100.00,0.0,0.0,0.0,0.0
648,13.272363,13.319463,6.130000,2,0,6000.0000,-1000.0000,90.0000,0.0000,1,4.0,100.00,0.0,0.0,0.0,0.0
649,14.929846,13.023656,6.161000,2,0,6000.0000,-1000.0000,90.0000,0.0000,1,4.0,100.00,0.0,0.0,0.0,0.0
650,16.881587,15.689372,6.096000,2,0,6000.0000,-1000.0000,90.0000,0.0000,1,4.0,100.00,0.0,0.0,0.0,0.0
651,16.148323,16.095252,6.110000,2,0,6000.0000,-1000.0000,90.0000,0.0000,1,4.0,100.00,0.0,0.0,0.0,0.0
652,14.132570,16.134862,6.557000,2,0,6000.0000,-1000.0000,90.0000,0.0000,1,4.0,100.00,0.0,0.0,0.0,0.0
653,15.914927,14.162250,6.438000,2,0,6000.0000,-1000.0000,90.0000,0.0000,1,4.0,100.00,0.0,0.0,0.0,0.0
654,13.759281,15.920168,6.559000,2,0,6000.0000,-1000.0000,90.0000,0.0000,1,4.0,100.00,0.0,0.0,0.0,0.0
655,13.931295,13.851153,6.488000,2,0,6000.0000,-1000.0000,90.0000,0.0000,1,4.0,100.00,0.0,0.0,0.0,0.0
656,13.257812,13.927546,6.452000,2,0,6000.0000,-1000.0000,90.0000,0.0000,1,4.0,100.00,0.0,0.0,0.0,0.0
657,13.888233,13.191549,6.393000,2,0,6000.0000,-1000.0000,90.0000,0.0000,1,4.0,100.00,0.0,0.0,0.0,0.0
658,13.956626,13.901055,6.570000,2,0,6000.0000,-1000.0000,90.0000,0.0000,1,4.0,100.00,0.0,0.0,0.0,0.0
659,12.707070,13.988836,6.233000,2,0,6000.0000,-1000.0000,90.0000,0.0000,1,4.0,100.00,0.0,0.0,0.0,0.0
660,14.539569,12.690948,6.331000,2,0,6000.0000,-1000.0000,90.0000,0.0000,1,4.0,100.00,0.0,0.0,0.0,0.0
661,12.833631,14.543679,6.110000,2,0,6000.0000,-1000.0000,90.0000,0.0000,1,4.0,100.00,0.0,0.0,0.0,0.0
662,13.291232,12.852153,6.043000,2,0,6000.0000,-1000.0000,90.0000,0.0000,1,4.0,100.00,0.0,0.0,0.0,0.0
663,12.923144,13.228510,6.099000,2,0,6000.0000,-1000.0000,90.0000,0.0000,1,4.0,100.00,0.0,0.0,0.0,0.0
664,14.380995,12.948015,6.138000,2,0,6000.0000,-1000.0000,90.0000,0.0000,1,4.0,100.00,0.0,0.0,0.0,0.0
665,14.094578,14.344513,6.138000,2,0,6000.0000,-1000.0000,90.0000,0.0000,1,4.0,100.00,0.0,0.0,0.0,0.0
666,13.343863,14.085379,6.558000,2,0,6000.0000,-1000.0000,90.0000,0.0000,1,4.0,100.00,0.0,0.0,0.0,0.0
667,14.979577,13.433205,6.100000,2,0,6000.0000,-1000.0000,90.0000,0.0000,1,4.0,100.00,0.0,0.0,0.0,0.0
668,12.997416,15.023408,6.165000,2,0,6000.0000,-1000.0000,90.0000,0.0000,1,4.0,100.00,0.0,0.0,0.0,0.0
669,13.732381,12.953645,6.222000,2,0,6000.0000,-1000.0000,90.0000,0.0000,1,4.0,100.00,0.0,0.0,0.0,0.0
670,12.413494,13.732040,6.022000,2,0,6000.0000,-1000.0000,90.0000,0.0000,1,4.0,100.00,0.0,0.0,0.0,0.0
671,14.069538,12.414524,6.213000,2,0,6000.0000,-1000.0000,90.0000,0.0000,1,4.0,100.00,0.0,0.0,0.0,0.0
672,10.785688,14.046708,6.213000,2,0,6000.0000,-1000.0000,90.0000,0.0000,1,4.0,100.00,0.0,0.0,0.0,0.0
673,18.475862,10.794149,6.103000,2,0,6000.0000,-1000.0000,90.0000,0.0000,1,4.0,100.00,0.0,0.0,0.0,0.0
674,14.852745,18.412440,6.200000,2,0,6000.0000,-1000.0000,90.0000,0.0000,1,4.0,100.00,0.0,0.0,0.0,0.0
675,14.229091,14.831634,6.102000,2,0,6000.0000,-1000.0000,90.0000,0.0000,1,4.0,100.00,0.0,0.0,0.0,0.0
676,12.673209,14.237332,6.178000,2,0,6000.0000,-1000.0000,90.0000,0.0000,1,4.0,100.00,0.0,0.0,0.0,0.0
677,12.210269,12.698569,6.218000,2,0,6000.0000,-1000.0000,90.0000,0.0000,1,4.0,100.00,0.0,0.0,0.0,0.0
678,12.959645,12.175188,6.164000,2,0,6000.0000,-1000.0000,90.0000,0.0000,1,4.0,100.00,0.0,0.0,0.0,0.0
679,13.762641,12.968105,6.190000,2,0,6000.0000,-1000.0000,90.0000,0.0000,1,4.0,100.00,0.0,0.0,0.0,0.0
680,12.817801,13.863574,6.190000,2,0,6000.0000,-1000.0000,90.0000,0.0000,1,4.0,100.00,0.0,0.0,0.0,0.0
681,12.858853,12.797621,6.025000,2,0,6000.0000,-1000.0000,90.0000,0.0000,1,4.0,100.00,0.0,0.0,0.0,0.0
682,13.573418,12.811241,6.124000,2,0,6000.0000,-1000.0000,90.0000,0.0000,1,4.0,100.00,0.0,0.0,0.0,0.0
683,12.436333,13.644370,6.083000,2,0,6000.0000,-1000.0000,90.0000,0.0000,1,4.0,100.00,0.0,0.0,0.0,0.0
684,13.985327,12.405152,6.069000,2,0,6000.0000,-1000.0000,90.0000,0.0000,1,4.0,100.00,0.0,0.0,0.0,0.0
685,12.461514,13.960266,6.169000,2,0,6000.0000,-1000.0000,90.0000,0.0000,1,4.0,100.00,0.0,0.0,0.0,0.0
686,15.144601,12.421384,6.005000,2,0,6000.0000,-1000.0000,90.0000,0.0000,1,4.0,100.00,0.0,0.0,0.0,0.0
687,15.528329,15.262213,6.247000,2,0,6000.0000,-1000.0000,90.0000,0.0000,1,4.0,100.00,0.0,0.0,0.0,0.0
688,15.405017,15.404826,6.045000,2,0,6000.0000,-1000.0000,90.0000,0.0000,1,4.0,100.00,0.0,0.0,0.0,0.0
689,14.400495,15.396387,6.068000,2,0,6000.0000,-1000.0000,90.0000,0.0000,1,4.0,100.00,0.0,0.0,0.0,0.0
690,13.702391,14.374275,6.200000,2,0,6000.0000,-1000.0000,90.0000,0.0000,1,4.0,100.00,0.0,0.0,0.0,0.0
691,14.398534,13.700540,6.262000,2,0,6000.0000,-1000.0000,90.0000,0.0000,1,4.0,100.00,0.0,0.0,0.0,0.0
692,13.517557,14.412765,6.078000,2,0,6000.0000,-1000.0000,90.0000,0.0000,1,4.0,100.00,0.0,0.0,0.0,0.0
693,14.668761,13.512757,6.139000,2,0,6000.0000,-1000.0000,90.0000,0.0000,1,4.0,100.00,0.0,0.0,0.0,0.0
694,11.514634,14.836005,6.139000,2,0,6000.0000,-1000.0000,90.0000,0.0000,1,4.0,100.00,0.0,0.0,0.0,0.0
695,14.575659,11.453552,6.156000,2,0,6000.0000,-1000.0000,90.0000,0.0000,1,4.0,100.00,0.0,0.0,0.0,0.0
696,12.367242,14.550089,6.260000,2,0,6000.0000,-1000.0000,90.0000,0.0000,1,4.0,100.00,0.0,0.0,0.0,0.0
697,13.218250,12.357862,6.151000,2,0,6000.0000,-1000.0000,90.0000,0.0000,1,4.0,100.00,0.0,0.0,0.0,0.0
698,14.908346,13.305401,6.113000,2,0,6000.0000,-1000.0000,90.0000,0.0000,1,4.0,100.00,0.0,0.0,0.0,0.0
699,12.766501,14.874156,6.224000,2,0,6000.0000,-1000.0000,90.0000,0.0000,1,4.0,100.00,0.0,0.0,0.0,0.0
700,13.650739,12.734450,6.142000,2,0,6000.0000,-1000.0000,90.0000,0.0000,1,4.0,100.00,0.0,0.0,0.0,0.0
701,13.527257,13.608849,6.113000,2,0,6000.0000,-1000.0000,90.0000,0.0000,1,4.0,100.00,0.0,0.0,0.0,0.0
702,13.954656,13.504706,6.255000,2,0,6000.0000,-1000.0000,90.0000,0.0000,1,4.0,100.00,0.0,0.0,0.0,0.0
703,14.145880,14.030217,6.234000,2,0,6000.0000,-1000.0000,90.0000,0.0000,1,4.0,100.00,0.0,0.0,0.0,0.0
704,13.567007,14.573669,6.107000,2,0,6000.0000,-1000.0000,90.0000,0.0000,1,4.0,100.00,0.0,0.0,0.0,0.0
705,13.730651,13.163149,6.171000,2,0,6000.0000,-1000.0000,90.0000,0.0000,1,4.0,100.00,0.0,0.0,0.0,0.0
706,13.457206,13.704070,6.113000,2,0,6000.0000,-1000.0000,90.0000,0.0000,1,4.0,100.00,0.0,0.0,0.0,0.0
707,13.590997,13.441805,6.190000,2,0,6000.0000,-1000.0000,90.0000,0.0000,1,4.0,100.00,0.0,0.0,0.0,0.0
708,12.953975,13.542967,6.206000,2,0,6000.0000,-1000.0000,90.0000,0.0000,1,4.0,100.00,0.0,0.0,0.0,0.0
709,18.384940,12.942794,6.129000,2,0,6000.0000,-1000.0000,90.0000,0.0000,1,4.0,100.00,0.0,0.0,0.0,0.0
710,13.691100,18.426932,6.131000,3,0,6000.0000,-1000.0000,90.0000,0.0000,1,4.0,100.00,0.0,0.0,0.0,0.0
711,14.285323,13.729561,6.215000,3,1,6000.0000,-1000.0000,90.0000,0.0000,1,4.0,100.00,0.0,0.0,0.0,0.0
712,170.157217,14.273822,6.329000,3,0,6000.0000,-1000.0000,90.0000,0.0000,1,4.0,100.00,0.0,0.0,0.0,0.0
713,14.601299,170.804331,6.357000,3,1,6000.0000,-1000.0000,90.0000,0.0000,1,4.0,100.00,0.0,0.0,0.0,0.0
714,171.209279,13.916214,6.259000,3,0,6000.0000,-1000.0000,90.0000,0.0000,1,4.0,100.00,0.0,0.0,0.0,0.0
715,13.022586,171.231680,6.259000,3,1,6000.0000,-1000.0000,90.0000,0.0000,1,4.0,100.00,0.0,0.0,0.0,0.0
716,168.443091,13.029026,6.598000,3,0,6000.0000,-1000.0000,90.0000,0.0000,1,4.0,100.00,0.0,0.0,0.0,0.0
717,10.515122,168.563483,6.598000,3,1,6000.0000,-1000.0000,90.0000,0.0000,1,4.0,100.00,0.0,0.0,0.0,0.0
718,177.928872,10.409171,6.630000,3,0,6000.0000,-1000.0000,90.0000,0.0000,1,4.0,100.00,0.0,0.0,0.0,0.0
719,10.211506,177.982442,6.630000,3,1,6000.0000,-1000.0000,90.0000,0.0000,1,4.0,100.00,0.0,0.0,0.0,0.0
720,198.173751,10.141876,6.593000,3,0,6000.0000,-1000.0000,90.0000,0.0000,1,4.0,100.00,0.0,0.0,0.0,0.0
721,12.104287,198.220631,6.593000,3,1,6000.0000,-1000.0000,90.0000,0.0000,1,4.0,100.00,0.0,0.0,0.0,0.0
722,187.951544,12.113067,6.397000,3,0,6000.0000,-1000.0000,90.0000,0.0000,1,4.0,100.00,0.0,0.0,0.0,0.0
723,18.164485,187.915754,6.397000,3,1,6000.0000,-1000.0000,90.0000,0.0000,1,4.0,100.00,0.0,0.0,0.0,0.0
724,202.676766,18.168355,6.310000,3,0,6000.0000,-1000.0000,90.0000,0.0000,1,4.0,100.00,0.0,0.0,0.0,0.0
725,3.500185,202.690676,6.310000,3,1,6000.0000,-1000.0000,90.0000,0.0000,1,4.0,100.00,0.0,0.0,0.0,0.0
726,188.958806,3.432173,6.361000,3,0,6000.0000,-1000.0000,90.0000,0.0000,1,4.0,100.00,0.0,0.0,0.0,0.0
727,6.207201,189.047237,6.263000,3,1,6000.0000,-1000.0000,90.0000,0.0000,1,4.0,100.00,0.0,0.0,0.0,0.0
728,178.067505,6.077129,6.223000,3,0,6000.0000,-1000.0000,90.0000,0.0000,1,4.0,100.00,0.0,0.0,0.0,0.0
729,4.222789,178.179737,6.223000,3,1,6000.0000,-1000.0000,90.0000,0.0000,1,4.0,100.00,0.0,0.0,0.0,0.0
730,173.293393,4.060006,6.253000,4,0,6000.0000,-1000.0000,90.0000,-25.0000,1,4.0,100.00,0.0,0.0,0.0,0.0
731,5.350694,173.446277,6.253000,4,0,6000.0000,-1000.0000,90.0000,-22.8319,1,4.0,100.00,0.0,0.0,0.0,0.0
732,13.116438,6.241452,6.247000,4,0,6000.0000,-1000.0000,90.0000,-22.7539,1,4.0,100.00,0.0,0.0,0.0,0.0
733,15.087720,12.141008,6.247000,4,0,6000.0000,-1000.0000,90.0000,-22.6021,1,4.0,100.00,0.0,0.0,0.0,0.0
734,21.111837,15.084229,6.524000,4,0,6000.0000,-1000.0000,90.0000,-22.4136,1,4.0,100.00,0.0,0.0,0.0,0.0
735,15.247703,21.124388,6.402000,4,0,6000.0000,-1000.0000,90.0000,-22.1495,1,4.0,100.00,0.0,0.0,0.0,0.0
736,14.686772,15.254823,6.402000,4,0,6000.0000,-1000.0000,90.0000,-21.9588,1,4.0,100.00,0.0,0.0,0.0,0.0
737,18.509062,14.720023,6.327000,4,0,6000.0000,-1000.0000,90.0000,-21.7748,1,4.0,100.00,0.0,0.0,0.0,0.0
738,14.188322,18.510052,6.147000,4,0,6000.0000,-1000.0000,90.0000,-21.5435,1,4.0,100.00,0.0,0.0,0.0,0.0
739,16.129211,14.187321,6.147000,4,0,6000.0000,-1000.0000,90.0000,-21.3661,1,4.0,100.00,0.0,0.0,0.0,0.0
740,15.434347,16.131062,6.276000,4,0,6000.0000,-1000.0000,90.0000,-21.1645,1,4.0,100.00,0.0,0.0,0.0,0.0
741,15.627322,15.410046,6.089000,4,0,6000.0000,-1000.0000,90.0000,-20.9719,1,4.0,100.00,0.0,0.0,0.0,0.0
742,17.281836,15.667033,6.308000,4,0,6000.0000,-1000.0000,90.0000,-20.7760,1,4.0,100.00,0.0,0.0,0.0,0.0
743,15.270233,17.266945,6.138000,4,0,6000.0000,-1000.0000,90.0000,-20.5602,1,4.0,100.00,0.0,0.0,0.0,0.0
744,15.712464,15.266444,6.271000,4,0,6000.0000,-1000.0000,90.0000,-20.3694,1,4.0,100.00,0.0,0.0,0.0,0.0
745,16.681254,15.686673,6.155000,4,0,6000.0000,-1000.0000,90.0000,-20.1733,1,4.0,100.00,0.0,0.0,0.0,0.0
746,16.438258,16.718484,6.155000,4,0,6000.0000,-1000.0000,90.0000,-19.9643,1,4.0,100.00,0.0,0.0,0.0,0.0
747,14.894996,16.437768,6.176000,4,0,6000.0000,-1000.0000,90.0000,-19.7588,1,4.0,100.00,0.0,0.0,0.0,0.0
748,16.502509,14.889426,6.176000,4,0,6000.0000,-1000.0000,90.0000,-19.5727,1,4.0,100.00,0.0,0.0,0.0,0.0
749,15.705793,16.472160,6.139000,4,0,6000.0000,-1000.0000,90.0000,-19.3668,1,4.0,100.00,0.0,0.0,0.0,0.0
750,16.634553,15.715592,6.140000,4,0,6000.0000,-1000.0000,90.0000,-19.1704,1,4.0,100.00,0.0,0.0,0.0,0.0
751,13.481966,16.754766,6.148000,4,0,6000.0000,-1000.0000,90.0000,-18.9609,1,4.0,100.00,0.0,0.0,0.0,0.0
752,17.264666,15.092570,6.273000,4,0,6000.0000,-1000.0000,90.0000,-18.7723,1,4.0,100.00,0.0,0.0,0.0,0.0
753,14.901535,15.601211,6.273000,4,0,6000.0000,-1000.0000,90.0000,-18.5773,1,4.0,100.00,0.0,0.0,0.0,0.0
754,16.717775,14.900356,6.165000,4,0,6000.0000,-1000.0000,90.0000,-18.3910,1,4.0,100.00,0.0,0.0,0.0,0.0
755,15.252043,16.893618,6.207000,4,0,6000.0000,-1000.0000,90.0000,-18.1798,1,4.0,100.00,0.0,0.0,0.0,0.0
756,15.786385,14.999738,6.202000,4,0,6000.0000,-1000.0000,90.0000,-17.9923,1,4.0,100.00,0.0,0.0,0.0,0.0
757,20.280660,15.790974,6.321000,4,0,6000.0000,-1000.0000,90.0000,-17.7949,1,4.0,100.00,0.0,0.0,0.0,0.0
758,16.982320,20.339062,6.232000,4,0,6000.0000,-1000.0000,90.0000,-17.5407,1,4.0,100.00,0.0,0.0,0.0,0.0
759,15.167162,16.973970,6.255000,4,0,6000.0000,-1000.0000,90.0000,-17.3285,1,4.0,100.00,0.0,0.0,0.0,0.0
760,13.147159,15.190081,6.254000,4,0,6000.0000,-1000.0000,90.0000,-17.1387,1,4.0,100.00,0.0,0.0,0.0,0.0
761,13.158068,13.364243,6.167000,4,0,6000.0000,-1000.0000,90.0000,-16.9716,1,4.0,100.00,0.0,0.0,0.0,0.0
762,15.494868,12.911764,6.268000,4,0,6000.0000,-1000.0000,90.0000,-16.8102,1,4.0,100.00,0.0,0.0,0.0,0.0
763,15.634942,15.468069,6.394000,4,0,6000.0000,-1000.0000,90.0000,-16.6169,1,4.0,100.00,0.0,0.0,0.0,0.0
764,15.936238,15.634310,6.152000,4,0,6000.0000,-1000.0000,90.0000,-16.4214,1,4.0,100.00,0.0,0.0,0.0,0.0
765,12.116837,15.937108,6.152000,4,0,6000.0000,-1000.0000,90.0000,-16.2222,1,4.0,100.00,0.0,0.0,0.0,0.0
766,13.556088,12.099927,6.260000,4,0,6000.0000,-1000.0000,90.0000,-16.0710,1,4.0,100.00,0.0,0.0,0.0,0.0
767,14.247531,13.557838,6.139000,4,0,6000.0000,-1000.0000,90.0000,-15.9015,1,4.0,100.00,0.0,0.0,0.0,0.0
768,12.080446,14.246831,6.221000,4,0,6000.0000,-1000.0000,90.0000,-15.7234,1,4.0,100.00,0.0,0.0,0.0,0.0
769,15.519679,12.080996,6.283000,4,0,6000.0000,-1000.0000,90.0000,-15.5724,1,4.0,100.00,0.0,0.0,0.0,0.0
770,12.966495,15.548811,6.198000,4,0,6000.0000,-1000.0000,90.0000,-15.3780,1,4.0,100.00,0.0,0.0,0.0,0.0
771,12.623448,12.938924,6.264000,4,0,6000.0000,-1000.0000,90.0000,-15.2163,1,4.0,100.00,0.0,0.0,0.0,0.0
772,13.503366,12.619887,6.250000,4,0,6000.0000,-1000.0000,90.0000,-15.0585,1,4.0,100.00,0.0,0.0,0.0,0.0
773,15.313625,13.512787,6.180000,4,0,6000.0000,-1000.0000,90.0000,-14.8896,1,4.0,100.00,0.0,0.0,0.0,0.0
774,14.187510,15.306784,6.174000,4,0,6000.0000,-1000.0000,90.0000,-14.6983,1,4.0,100.00,0.0,0.0,0.0,0.0
775,14.474297,14.187480,6.264000,4,0,6000.0000,-1000.0000,90.0000,-14.5210,1,4.0,100.00,0.0,0.0,0.0,0.0
776,14.511258,14.479408,6.177000,4,0,6000.0000,-1000.0000,90.0000,-14.3400,1,4.0,100.00,0.0,0.0,0.0,0.0
777,16.162492,14.596559,6.176000,4,0,6000.0000,-1000.0000,90.0000,-14.1575,1,4.0,100.00,0.0,0.0,0.0,0.0
778,13.777833,16.084251,6.207000,4,0,6000.0000,-1000.0000,90.0000,-13.9565,1,4.0,100.00,0.0,0.0,0.0,0.0
779,16.858417,13.765332,6.187000,4,0,6000.0000,-1000.0000,90.0000,-13.7844,1,4.0,100.00,0.0,0.0,0.0,0.0
780,13.846674,16.859297,6.187000,4,0,6000.0000,-1000.0000,90.0000,-13.5736,1,4.0,100.00,0.0,0.0,0.0,0.0
781,16.856696,13.846094,6.542000,4,0,6000.0000,-1000.0000,90.0000,-13.4006,1,4.0,100.00,0.0,0.0,0.0,0.0
782,14.779054,16.903638,6.469000,4,0,6000.0000,-1000.0000,90.0000,-13.1893,1,4.0,100.00,0.0,0.0,0.0,0.0
783,14.780504,14.742002,6.758000,4,0,6000.0000,-1000.0000,90.0000,-13.0050,1,4.0,100.00,0.0,0.0,0.0,0.0
784,14.848634,14.786514,6.511000,4,0,6000.0000,-1000.0000,90.0000,-12.8202,1,4.0,100.00,0.0,0.0,0.0,0.0
785,13.566058,14.833785,6.580000,4,0,6000.0000,-1000.0000,90.0000,-12.6347,1,4.0,100.00,0.0,0.0,0.0,0.0
786,14.393035,13.577458,6.571000,4,0,6000.0000,-1000.0000,90.0000,-12.4650,1,4.0,100.00,0.0,0.0,0.0,0.0
787,13.696900,14.378854,6.363000,4,0,6000.0000,-1000.0000,90.0000,-12.2853,1,4.0,100.00,0.0,0.0,0.0,0.0
788,13.795643,13.718731,6.649000,4,0,6000.0000,-1000.0000,90.0000,-12.1138,1,4.0,100.00,0.0,0.0,0.0,0.0
789,15.079979,13.756331,6.339000,4,0,6000.0000,-1000.0000,90.0000,-11.9419,1,4.0,100.00,0.0,0.0,0.0,0.0
790,16.412059,15.113812,6.196000,4,0,6000.0000,-1000.0000,90.0000,-11.7529,1,4.0,100.00,0.0,0.0,0.0,0.0
791,14.244021,16.400647,6.526000,4,0,6000.0000,-1000.0000,90.0000,-11.5479,1,4.0,100.00,0.0,0.0,0.0,0.0
792,13.327613,14.245022,6.240000,4,0,6000.0000,-1000.0000,90.0000,-11.3699,1,4.0,100.00,0.0,0.0,0.0,0.0
793,13.296722,13.307031,6.160000,4,0,6000.0000,-1000.0000,90.0000,-11.2035,1,4.0,100.00,0.0,0.0,0.0,0.0
794,13.572007,13.297943,6.195000,4,0,6000.0000,-1000.0000,90.0000,-11.0373,1,4.0,100.00,0.0,0.0,0.0,0.0
795,12.969795,13.572207,6.295000,4,0,6000.0000,-1000.0000,90.0000,-10.8676,1,4.0,100.00,0.0,0.0,0.0,0.0
796,13.996507,12.977165,6.247000,4,0,6000.0000,-1000.0000,90.0000,-10.7054,1,4.0,100.00,0.0,0.0,0.0,0.0
797,12.113707,13.995267,6.247000,4,0,6000.0000,-1000.0000,90.0000,-10.5305,1,4.0,100.00,0.0,0.0,0.0,0.0
798,13.535917,12.132207,6.241000,4,0,6000.0000,-1000.0000,90.0000,-10.3788,1,4.0,100.00,0.0,0.0,0.0,0.0
799,14.028318,13.524977,6.189000,4,0,6000.0000,-1000.0000,90.0000,-10.2098,1,4.0,100.00,0.0,0.0,0.0,0.0
800,11.078005,14.043998,6.189000,4,0,6000.0000,-1000.0000,90.0000,-10.0342,1,4.0,100.00,0.0,0.0,0.0,0.0
801,15.360375,11.068695,6.421000,4,0,6000.0000,-1000.0000,90.0000,-9.8959,1,4.0,100.00,0.0,0.0,0.0,0.0
802,11.997444,15.369815,6.421000,4,0,6000.0000,-1000.0000,90.0000,-9.7037,1,4.0,100.00,0.0,0.0,0.0,0.0
803,17.813088,11.990884,6.230000,4,0,6000.0000,-1000.0000,90.0000,-9.5539,1,4.0,100.00,0.0,0.0,0.0,0.0
804,11.552845,17.835729,6.230000,4,0,6000.0000,-1000.0000,90.0000,-9.3309,1,4.0,100.00,0.0,0.0,0.0,0.0
805,13.298152,11.526864,6.253000,4,0,6000.0000,-1000.0000,90.0000,-9.1868,1,4.0,100.00,0.0,0.0,0.0,0.0
806,12.799592,13.334133,6.203000,4,0,6000.0000,-1000.0000,90.0000,-9.0202,1,4.0,100.00,0.0,0.0,0.0,0.0
807,13.713960,12.778521,6.204000,4,0,6000.0000,-1000.0000,90.0000,-8.8604,1,4.0,100.00,0.0,0.0,0.0,0.0
808,14.289553,13.697761,6.262000,4,0,6000.0000,-1000.0000,90.0000,-8.6892,1,4.0,100.00,0.0,0.0,0.0,0.0
809,16.232364,14.296072,6.222000,4,0,6000.0000,-1000.0000,90.0000,-8.5105,1,4.0,100.00,0.0,0.0,0.0,0.0
810,14.946657,16.251755,6.336000,4,0,6000.0000,-1000.0000,90.0000,-8.3073,1,4.0,100.00,0.0,0.0,0.0,0.0
811,14.250302,14.915846,6.249000,4,0,6000.0000,-1000.0000,90.0000,-8.1209,1,4.0,100.00,0.0,0.0,0.0,0.0
812,14.509108,14.260922,6.161000,4,0,6000.0000,-1000.0000,90.0000,-7.9426,1,4.0,100.00,0.0,0.0,0.0,0.0
813,14.723561,14.501788,6.282000,4,0,6000.0000,-1000.0000,90.0000,-7.7614,1,4.0,100.00,0.0,0.0,0.0,0.0
814,14.638131,14.714681,6.527000,4,0,6000.0000,-1000.0000,90.0000,-7.5774,1,4.0,100.00,0.0,0.0,0.0,0.0
815,12.507745,14.650971,6.169000,4,0,6000.0000,-1000.0000,90.0000,-7.3943,1,4.0,100.00,0.0,0.0,0.0,0.0
816,15.402597,12.476105,6.284000,4,0,6000.0000,-1000.0000,90.0000,-7.2383,1,4.0,100.00,0.0,0.0,0.0,0.0
817,14.302603,15.457498,6.202000,4,0,6000.0000,-1000.0000,90.0000,-7.0451,1,4.0,100.00,0.0,0.0,0.0,0.0
818,12.679529,14.282932,6.227000,4,0,6000.0000,-1000.0000,90.0000,-6.8666,1,4.0,100.00,0.0,0.0,0.0,0.0
819,13.426984,12.695900,6.183000,4,0,6000.0000,-1000.0000,90.0000,-6.7079,1,4.0,100.00,0.0,0.0,0.0,0.0
820,13.131179,13.411163,6.284000,4,0,6000.0000,-1000.0000,90.0000,-6.5403,1,4.0,100.00,0.0,0.0,0.0,0.0
821,15.134210,13.140120,6.225000,4,0,6000.0000,-1000.0000,90.0000,-6.3760,1,4.0,100.00,0.0,0.0,0.0,0.0
822,14.484438,15.126590,6.225000,4,0,6000.0000,-1000.0000,90.0000,-6.1869,1,4.0,100.00,0.0,0.0,0.0,0.0
823,14.553788,14.504438,6.320000,4,0,6000.0000,-1000.0000,90.0000,-6.0056,1,4.0,100.00,0.0,0.0,0.0,0.0
824,16.250135,14.504757,6.313000,4,0,6000.0000,-1000.0000,90.0000,-5.8243,1,4.0,100.00,0.0,0.0,0.0,0.0
825,13.644169,16.269325,6.167000,4,0,6000.0000,-1000.0000,90.0000,-5.6209,1,4.0,100.00,0.0,0.0,0.0,0.0
826,12.829072,13.602868,6.167000,4,0,6000.0000,-1000.0000,90.0000,-5.4509,1,4.0,100.00,0.0,0.0,0.0,0.0
827,14.209421,12.805032,6.186000,4,0,6000.0000,-1000.0000,90.0000,-5.2908,1,4.0,100.00,0.0,0.0,0.0,0.0
828,13.074867,14.212472,6.205000,4,0,6000.0000,-1000.0000,90.0000,-5.1132,1,4.0,100.00,0.0,0.0,0.0,0.0
829,13.550448,13.068527,6.323000,4,0,6000.0000,-1000.0000,90.0000,-4.9498,1,4.0,100.00,0.0,0.0,0.0,0.0
830,14.552669,13.567827,6.212000,4,0,6000.0000,-1000.0000,90.0000,-4.7802,1,4.0,100.00,0.0,0.0,0.0,0.0
831,14.233781,14.545959,6.309000,4,0,6000.0000,-1000.0000,90.0000,-4.5984,1,4.0,100.00,0.0,0.0,0.0,0.0
832,13.338663,14.263622,6.282000,4,0,6000.0000,-1000.0000,90.0000,-4.4201,1,4.0,100.00,0.0,0.0,0.0,0.0
833,14.183300,13.329612,6.148000,4,0,6000.0000,-1000.0000,90.0000,-4.2535,1,4.0,100.00,0.0,0.0,0.0,0.0
834,14.462597,14.165540,6.253000,4,0,6000.0000,-1000.0000,90.0000,-4.0764,1,4.0,100.00,0.0,0.0,0.0,0.0
835,13.911955,14.462067,6.197000,4,0,6000.0000,-1000.0000,90.0000,-3.8956,1,4.0,100.00,0.0,0.0,0.0,0.0
836,15.899498,13.915195,6.282000,4,0,6000.0000,-1000.0000,90.0000,-3.7217,1,4.0,100.00,0.0,0.0,0.0,0.0
837,13.455604,15.895708,6.306000,4,0,6000.0000,-1000.0000,90.0000,-3.5230,1,4.0,100.00,0.0,0.0,0.0,0.0
838,14.968738,13.458424,6.165000,4,0,6000.0000,-1000.0000,90.0000,-3.3548,1,4.0,100.00,0.0,0.0,0.0,0.0
839,13.259591,14.976498,6.448000,4,0,6000.0000,-1000.0000,90.0000,-3.1676,1,4.0,100.00,0.0,0.0,0.0,0.0
840,14.346994,13.432815,6.311000,4,0,6000.0000,-1000.0000,90.0000,-2.9997,1,4.0,100.00,0.0,0.0,0.0,0.0
841,17.981452,14.193591,6.583000,4,0,6000.0000,-1000.0000,90.0000,-2.8222,1,4.0,100.00,0.0,0.0,0.0,0.0
842,13.727580,17.960811,6.583000,4,0,6000.0000,-1000.0000,90.0000,-2.5977,1,4.0,100.00,0.0,0.0,0.0,0.0
843,18.218796,13.741090,6.515000,4,0,6000.0000,-1000.0000,90.0000,-2.4260,1,4.0,100.00,0.0,0.0,0.0,0.0
844,13.569338,18.187417,6.515000,4,0,6000.0000,-1000.0000,90.0000,-2.1986,1,4.0,100.00,0.0,0.0,0.0,0.0
845,14.195241,13.572227,6.527000,4,0,6000.0000,-1000.0000,90.0000,-2.0290,1,4.0,100.00,0.0,0.0,0.0,0.0
846,13.191119,14.242212,6.573000,4,0,6000.0000,-1000.0000,90.0000,-1.8509,1,4.0,100.00,0.0,0.0,0.0,0.0
847,15.550220,13.158559,6.255000,4,0,6000.0000,-1000.0000,90.0000,-1.6865,1,4.0,100.00,0.0,0.0,0.0,0.0
848,13.635370,15.576240,6.255000,4,0,6000.0000,-1000.0000,90.0000,-1.4918,1,4.0,100.00,0.0,0.0,0.0,0.0
849,18.947402,13.633870,6.275000,4,0,6000.0000,-1000.0000,90.0000,-1.3213,1,4.0,100.00,0.0,0.0,0.0,0.0
850,16.711713,18.962592,6.275000,4,0,6000.0000,-1000.0000,90.0000,-1.0843,1,4.0,100.00,0.0,0.0,0.0,0.0
851,15.370087,16.686293,6.522000,4,0,6000.0000,-1000.0000,90.0000,-0.8757,1,4.0,100.00,0.0,0.0,0.0,0.0
852,14.369214,15.350956,6.316000,4,0,6000.0000,-1000.0000,90.0000,-0.6838,1,4.0,100.00,0.0,0.0,0.0,0.0
853,15.608091,14.367234,6.481000,4,0,6000.0000,-1000.0000,90.0000,-0.5042,1,4.0,100.00,0.0,0.0,0.0,0.0
854,14.282383,15.631582,6.447000,4,0,6000.0000,-1000.0000,90.0000,-0.3089,1,4.0,100.00,0.0,0.0,0.0,0.0
855,17.813668,14.273092,6.191000,4,0,6000.0000,-1000.0000,90.0000,-0.1304,1,4.0,100.00,0.0,0.0,0.0,0.0
856,14.426815,17.862619,6.415000,4,0,6000.0000,-1000.0000,90.0000,0.0928,1,4.0,100.00,0.0,0.0,0.0,0.0
857,15.241383,14.395955,6.457000,4,0,6000.0000,-1000.0000,90.0000,0.2728,1,4.0,100.00,0.0,0.0,0.0,0.0
858,14.153220,15.222792,6.210000,4,0,6000.0000,-1000.0000,90.0000,0.4631,1,4.0,100.00,0.0,0.0,0.0,0.0
859,12.242160,14.159101,6.210000,4,0,6000.0000,-1000.0000,90.0000,0.6401,1,4.0,100.00,0.0,0.0,0.0,0.0
860,16.410938,12.279060,6.223000,4,0,6000.0000,-1000.0000,90.0000,0.7936,1,4.0,100.00,0.0,0.0,0.0,0.0
861,12.605377,16.383887,6.236000,4,0,6000.0000,-1000.0000,90.0000,0.9984,1,4.0,100.00,0.0,0.0,0.0,0.0
862,10.964853,12.620098,6.236000,4,0,6000.0000,-1000.0000,90.0000,1.1561,1,4.0,100.00,0.0,0.0,0.0,0.0
863,14.717481,10.946332,6.327000,4,0,6000.0000,-1000.0000,90.0000,1.2929,1,4.0,100.00,0.0,0.0,0.0,0.0
864,14.841695,14.730983,6.327000,4,0,6000.0000,-1000.0000,90.0000,1.4771,1,4.0,100.00,0.0,0.0,0.0,0.0
865,12.286010,14.818513,6.464000,4,0,6000.0000,-1000.0000,90.0000,1.6623,1,4.0,100.00,0.0,0.0,0.0,0.0
866,11.328131,12.321802,6.290000,4,0,6000.0000,-1000.0000,90.0000,1.8163,1,4.0,100.00,0.0,0.0,0.0,0.0
867,12.519765,11.315780,6.414000,4,0,6000.0000,-1000.0000,90.0000,1.9578,1,4.0,100.00,0.0,0.0,0.0,0.0
868,13.455076,12.528466,6.367000,4,0,6000.0000,-1000.0000,90.0000,2.1144,1,4.0,100.00,0.0,0.0,0.0,0.0
869,11.734068,13.435994,6.367000,4,0,6000.0000,-1000.0000,90.0000,2.2823,1,4.0,100.00,0.0,0.0,0.0,0.0
870,12.411904,11.744150,6.183000,4,0,6000.0000,-1000.0000,90.0000,2.4291,1,4.0,100.00,0.0,0.0,0.0,0.0
871,13.432964,12.401082,6.274000,4,0,6000.0000,-1000.0000,90.0000,2.5841,1,4.0,100.00,0.0,0.0,0.0,0.0
872,13.221041,13.417684,6.281000,4,0,6000.0000,-1000.0000,90.0000,2.7519,1,4.0,100.00,0.0,0.0,0.0,0.0
873,16.113182,13.258032,6.202000,4,0,6000.0000,-1000.0000,90.0000,2.9176,1,4.0,100.00,0.0,0.0,0.0,0.0
874,11.958883,16.103371,6.242000,4,0,6000.0000,-1000.0000,90.0000,3.1189,1,4.0,100.00,0.0,0.0,0.0,0.0
875,13.155299,11.955944,6.281000,4,0,6000.0000,-1000.0000,90.0000,3.2683,1,4.0,100.00,0.0,0.0,0.0,0.0
876,14.080118,13.143668,6.275000,4,0,6000.0000,-1000.0000,90.0000,3.4326,1,4.0,100.00,0.0,0.0,0.0,0.0
877,15.305385,14.064339,6.088000,4,0,6000.0000,-1000.0000,90.0000,3.6084,1,4.0,100.00,0.0,0.0,0.0,0.0
878,14.565339,15.317674,6.154000,4,0,6000.0000,-1000.0000,90.0000,3.7999,1,4.0,100.00,0.0,0.0,0.0,0.0
879,16.333336,14.594750,6.498000,4,0,6000.0000,-1000.0000,90.0000,3.9823,1,4.0,100.00,0.0,0.0,0.0,0.0
880,15.246413,16.320246,6.205000,4,0,6000.0000,-1000.0000,90.0000,4.1863,1,4.0,100.00,0.0,0.0,0.0,0.0
881,17.553422,15.230202,6.166000,4,0,6000.0000,-1000.0000,90.0000,4.3767,1,4.0,100.00,0.0,0.0,0.0,0.0
882,11.347681,17.561063,6.166000,4,0,6000.0000,-1000.0000,90.0000,4.5962,1,4.0,100.00,0.0,0.0,0.0,0.0
883,12.051885,11.322300,6.250000,4,0,6000.0000,-1000.0000,90.0000,4.7378,1,4.0,100.00,0.0,0.0,0.0,0.0
884,13.358654,12.092146,6.295000,4,0,6000.0000,-1000.0000,90.0000,4.8889,1,4.0,100.00,0.0,0.0,0.0,0.0
885,12.364332,13.354774,6.295000,4,0,6000.0000,-1000.0000,90.0000,5.0558,1,4.0,100.00,0.0,0.0,0.0,0.0
886,11.643507,12.357661,6.299000,4,0,6000.0000,-1000.0000,90.0000,5.2103,1,4.0,100.00,0.0,0.0,0.0,0.0
887,12.938073,11.651478,6.344000,4,0,6000.0000,-1000.0000,90.0000,5.3560,1,4.0,100.00,0.0,0.0,0.0,0.0
888,12.808432,12.914334,6.344000,4,0,6000.0000,-1000.0000,90.0000,5.5174,1,4.0,100.00,0.0,0.0,0.0,0.0
889,14.185171,12.827211,6.140000,4,0,6000.0000,-1000.0000,90.0000,5.6777,1,4.0,100.00,0.0,0.0,0.0,0.0
890,14.898776,14.164191,6.284000,4,0,6000.0000,-1000.0000,90.0000,5.8548,1,4.0,100.00,0.0,0.0,0.0,0.0
891,10.907311,14.906026,6.284000,4,0,6000.0000,-1000.0000,90.0000,6.0411,1,4.0,100.00,0.0,0.0,0.0,0.0
892,17.579363,10.884690,6.179000,4,0,6000.0000,-1000.0000,90.0000,6.1772,1,4.0,100.00,0.0,0.0,0.0,0.0
893,15.407786,17.610464,6.161000,4,0,6000.0000,-1000.0000,90.0000,6.3973,1,4.0,100.00,0.0,0.0,0.0,0.0
894,13.906645,15.397246,6.218000,4,0,6000.0000,-1000.0000,90.0000,6.5898,1,4.0,100.00,0.0,0.0,0.0,0.0
895,15.242663,13.922805,6.218000,4,0,6000.0000,-1000.0000,90.0000,6.7638,1,4.0,100.00,0.0,0.0,0.0,0.0
896,16.566282,15.227694,6.238000,4,0,6000.0000,-1000.0000,90.0000,6.9541,1,4.0,100.00,0.0,0.0,0.0,0.0
897,14.087749,16.593051,6.251000,4,0,6000.0000,-1000.0000,90.0000,7.1616,1,4.0,100.00,0.0,0.0,0.0,0.0
898,11.960843,14.054368,6.252000,4,0,6000.0000,-1000.0000,90.0000,7.3372,1,4.0,100.00,0.0,0.0,0.0,0.0
899,13.460545,11.958563,6.233000,4,0,6000.0000,-1000.0000,90.0000,7.4867,1,4.0,100.00,0.0,0.0,0.0,0.0
900,13.018476,13.469877,6.312000,4,0,6000.0000,-1000.0000,90.0000,7.6551,1,4.0,100.00,0.0,0.0,0.0,0.0
901,15.633872,13.021956,6.257000,4,0,6000.0000,-1000.0000,90.0000,7.8179,1,4.0,100.00,0.0,0.0,0.0,0.0
902,12.240409,15.620140,6.257000,4,0,6000.0000,-1000.0000,90.0000,8.0131,1,4.0,100.00,0.0,0.0,0.0,0.0
903,12.799392,12.260670,6.202000,4,0,6000.0000,-1000.0000,90.0000,8.1664,1,4.0,100.00,0.0,0.0,0.0,0.0
904,13.867134,12.776921,6.297000,4,0,6000.0000,-1000.0000,90.0000,8.3261,1,4.0,100.00,0.0,0.0,0.0,0.0
905,11.965454,13.865074,6.239000,4,0,6000.0000,-1000.0000,90.0000,8.4994,1,4.0,100.00,0.0,0.0,0.0,0.0
906,13.808863,12.005765,6.443000,4,0,6000.0000,-1000.0000,90.0000,8.6495,1,4.0,100.00,0.0,0.0,0.0,0.0
907,12.928234,13.801532,6.510000,4,0,6000.0000,-1000.0000,90.0000,8.8220,1,4.0,100.00,0.0,0.0,0.0,0.0
908,13.837482,12.903674,6.510000,4,0,6000.0000,-1000.0000,90.0000,8.9833,1,4.0,100.00,0.0,0.0,0.0,0.0
909,15.829346,13.838354,6.542000,4,0,6000.0000,-1000.0000,90.0000,9.1563,1,4.0,100.00,0.0,0.0,0.0,0.0
910,14.307534,15.838815,6.634000,4,0,6000.0000,-1000.0000,90.0000,9.3543,1,4.0,100.00,0.0,0.0,0.0,0.0
911,18.401360,14.308104,6.574000,4,0,6000.0000,-1000.0000,90.0000,9.5331,1,4.0,100.00,0.0,0.0,0.0,0.0
912,18.290577,18.399969,6.536000,4,0,6000.0000,-1000.0000,90.0000,9.7631,1,4.0,100.00,0.0,0.0,0.0,0.0
913,16.429739,18.292238,6.685000,4,0,6000.0000,-1000.0000,90.0000,9.9918,1,4.0,100.00,0.0,0.0,0.0,0.0
914,18.826040,16.428169,6.645000,4,0,6000.0000,-1000.0000,90.0000,10.1971,1,4.0,100.00,0.0,0.0,0.0,0.0
915,10.965871,18.855490,6.645000,4,0,6000.0000,-1000.0000,90.0000,10.4328,1,4.0,100.00,0.0,0.0,0.0,0.0
916,18.267768,10.918961,6.296000,4,0,6000.0000,-1000.0000,90.0000,10.5693,1,4.0,100.00,0.0,0.0,0.0,0.0
917,13.688500,18.300128,6.493000,4,0,6000.0000,-1000.0000,90.0000,10.7980,1,4.0,100.00,0.0,0.0,0.0,0.0
918,14.988578,13.687441,6.493000,4,0,6000.0000,-1000.0000,90.0000,10.9691,1,4.0,100.00,0.0,0.0,0.0,0.0
919,14.698351,14.989957,6.296000,4,0,6000.0000,-1000.0000,90.0000,11.1565,1,4.0,100.00,0.0,0.0,0.0,0.0
920,16.542392,14.675261,6.391000,4,0,6000.0000,-1000.0000,90.0000,11.3400,1,4.0,100.00,0.0,0.0,0.0,0.0
921,16.569580,16.557691,6.147000,4,0,6000.0000,-1000.0000,90.0000,11.5469,1,4.0,100.00,0.0,0.0,0.0,0.0
922,13.615609,16.569921,6.196000,4,0,6000.0000,-1000.0000,90.0000,11.7540,1,4.0,100.00,0.0,0.0,0.0,0.0
923,15.918908,13.602889,6.204000,4,0,6000.0000,-1000.0000,90.0000,11.9241,1,4.0,100.00,0.0,0.0,0.0,0.0
924,15.258003,15.901887,6.705000,4,0,6000.0000,-1000.0000,90.0000,12.1229,1,4.0,100.00,0.0,0.0,0.0,0.0
925,17.156304,15.276974,6.396000,4,0,6000.0000,-1000.0000,90.0000,12.3138,1,4.0,100.00,0.0,0.0,0.0,0.0
926,13.824413,17.180644,6.257000,4,0,6000.0000,-1000.0000,90.0000,12.5286,1,4.0,100.00,0.0,0.0,0.0,0.0
927,15.121541,13.820043,6.207000,4,0,6000.0000,-1000.0000,90.0000,12.7013,1,4.0,100.00,0.0,0.0,0.0,0.0
928,14.473857,15.136691,6.332000,4,0,6000.0000,-1000.0000,90.0000,12.8905,1,4.0,100.00,0.0,0.0,0.0,0.0
929,13.936485,14.468667,6.255000,4,0,6000.0000,-1000.0000,90.0000,13.0714,1,4.0,100.00,0.0,0.0,0.0,0.0
930,15.046410,13.929786,6.343000,4,0,6000.0000,-1000.0000,90.0000,13.2455,1,4.0,100.00,0.0,0.0,0.0,0.0
931,19.316089,15.016778,6.306000,4,0,6000.0000,-1000.0000,90.0000,13.4332,1,4.0,100.00,0.0,0.0,0.0,0.0
932,14.542838,19.348830,6.300000,4,0,6000.0000,-1000.0000,90.0000,13.6751,1,4.0,100.00,0.0,0.0,0.0,0.0
933,14.036297,14.518308,6.240000,4,0,6000.0000,-1000.0000,90.0000,13.8566,1,4.0,100.00,0.0,0.0,0.0,0.0
934,11.626187,14.026227,6.240000,4,0,6000.0000,-1000.0000,90.0000,14.0319,1,4.0,100.00,0.0,0.0,0.0,0.0
935,14.218151,11.613586,6.254000,4,0,6000.0000,-1000.0000,90.0000,14.1771,1,4.0,100.00,0.0,0.0,0.0,0.0
936,13.632810,14.282573,6.267000,4,0,6000.0000,-1000.0000,90.0000,14.3556,1,4.0,100.00,0.0,0.0,0.0,0.0
937,17.117743,13.582438,6.291000,4,0,6000.0000,-1000.0000,90.0000,14.5254,1,4.0,100.00,0.0,0.0,0.0,0.0
938,14.887465,17.144653,6.199000,4,0,6000.0000,-1000.0000,90.0000,14.7397,1,4.0,100.00,0.0,0.0,0.0,0.0
939,14.693642,14.877636,6.152000,4,0,6000.0000,-1000.0000,90.0000,14.9257,1,4.0,100.00,0.0,0.0,0.0,0.0
940,15.799764,14.676771,6.353000,4,0,6000.0000,-1000.0000,90.0000,15.1091,1,4.0,100.00,0.0,0.0,0.0,0.0
941,18.764418,15.823046,6.315000,4,0,6000.0000,-1000.0000,90.0000,15.3069,1,4.0,100.00,0.0,0.0,0.0,0.0
942,68.781719,18.774597,6.315000,4,0,6000.0000,-1000.0000,90.0000,15.5416,1,4.0,100.00,0.0,0.0,0.0,0.0
943,15.233773,68.802270,6.258000,4,0,6000.0000,-1000.0000,90.0000,16.4016,1,4.0,100.00,0.0,0.0,0.0,0.0
944,15.542510,15.206002,6.421000,4,0,6000.0000,-1000.0000,90.0000,16.5917,1,4.0,100.00,0.0,0.0,0.0,0.0
945,12.259120,15.548880,6.328000,4,0,6000.0000,-1000.0000,90.0000,16.7860,1,4.0,100.00,0.0,0.0,0.0,0.0
946,18.686416,12.267160,6.638000,4,0,6000.0000,-1000.0000,90.0000,16.9394,1,4.0,100.00,0.0,0.0,0.0,0.0
947,14.687711,18.675566,6.278000,4,0,6000.0000,-1000.0000,90.0000,17.1728,1,4.0,100.00,0.0,0.0,0.0,0.0
948,12.604027,14.678731,6.278000,4,0,6000.0000,-1000.0000,90.0000,17.3563,1,4.0,100.00,0.0,0.0,0.0,0.0
949,17.608133,12.581077,6.251000,4,0,6000.0000,-1000.0000,90.0000,17.5136,1,4.0,100.00,0.0,0.0,0.0,0.0
950,15.817776,17.612454,6.251000,4,0,6000.0000,-1000.0000,90.0000,17.7337,1,4.0,100.00,0.0,0.0,0.0,0.0
951,16.550981,15.840505,6.249000,4,0,6000.0000,-1000.0000,90.0000,17.9317,1,4.0,100.00,0.0,0.0,0.0,0.0
952,14.911356,16.541361,6.451000,4,0,6000.0000,-1000.0000,90.0000,18.1385,1,4.0,100.00,0.0,0.0,0.0,0.0
953,21.289941,14.917686,6.451000,4,0,6000.0000,-1000.0000,90.0000,18.3250,1,4.0,100.00,0.0,0.0,0.0,0.0
954,15.040799,21.295601,6.164000,4,0,6000.0000,-1000.0000,90.0000,18.5912,1,4.0,100.00,0.0,0.0,0.0,0.0
955,21.033816,15.090090,6.219000,4,0,6000.0000,-1000.0000,90.0000,18.7798,1,4.0,100.00,0.0,0.0,0.0,0.0
956,17.469850,21.009436,6.275000,4,0,6000.0000,-1000.0000,90.0000,19.0424,1,4.0,100.00,0.0,0.0,0.0,0.0
957,16.540841,17.443050,6.227000,4,0,6000.0000,-1000.0000,90.0000,19.2605,1,4.0,100.00,0.0,0.0,0.0,0.0
958,16.449369,16.555721,6.224000,4,0,6000.0000,-1000.0000,90.0000,19.4674,1,4.0,100.00,0.0,0.0,0.0,0.0
959,16.321436,16.431909,6.224000,4,0,6000.0000,-1000.0000,90.0000,19.6728,1,4.0,100.00,0.0,0.0,0.0,0.0
960,19.755510,16.313115,6.437000,4,0,6000.0000,-1000.0000,90.0000,19.8767,1,4.0,100.00,0.0,0.0,0.0,0.0
961,15.673621,19.780340,6.437000,4,0,6000.0000,-1000.0000,90.0000,20.1240,1,4.0,100.00,0.0,0.0,0.0,0.0
962,15.281164,15.663451,6.357000,4,0,6000.0000,-1000.0000,90.0000,20.3198,1,4.0,100.00,0.0,0.0,0.0,0.0
963,17.200755,15.290345,6.298000,4,0,6000.0000,-1000.0000,90.0000,20.5109,1,4.0,100.00,0.0,0.0,0.0,0.0
964,14.226722,17.192694,6.323000,4,0,6000.0000,-1000.0000,90.0000,20.7258,1,4.0,100.00,0.0,0.0,0.0,0.0
965,19.852831,14.216752,6.281000,4,0,6000.0000,-1000.0000,90.0000,20.9035,1,4.0,100.00,0.0,0.0,0.0,0.0
966,15.829446,19.851551,6.179000,4,0,6000.0000,-1000.0000,90.0000,21.1517,1,4.0,100.00,0.0,0.0,0.0,0.0
967,14.687090,15.827866,6.309000,4,0,6000.0000,-1000.0000,90.0000,21.3495,1,4.0,100.00,0.0,0.0,0.0,0.0
968,16.845668,14.765303,6.254000,4,0,6000.0000,-1000.0000,90.0000,21.5341,1,4.0,100.00,0.0,0.0,0.0,0.0
969,15.066089,16.848886,6.307000,4,0,6000.0000,-1000.0000,90.0000,21.7447,1,4.0,100.00,0.0,0.0,0.0,0.0
970,14.721903,15.057949,6.252000,4,0,6000.0000,-1000.0000,90.0000,21.9329,1,4.0,100.00,0.0,0.0,0.0,0.0
971,20.242489,15.046019,6.627000,4,0,6000.0000,-1000.0000,90.0000,22.1210,1,4.0,100.00,0.0,0.0,0.0,0.0
972,14.481337,19.915673,6.627000,4,0,6000.0000,-1000.0000,90.0000,22.3699,1,4.0,100.00,0.0,0.0,0.0,0.0
973,22.707561,14.364595,6.651000,4,0,6000.0000,-1000.0000,90.0000,22.5495,1,4.0,100.00,0.0,0.0,0.0,0.0
974,16.991350,22.714621,6.719000,4,0,6000.0000,-1000.0000,90.0000,22.8334,1,4.0,100.00,0.0,0.0,0.0,0.0
975,21.413725,16.992080,6.725000,4,0,6000.0000,-1000.0000,90.0000,23.0458,1,4.0,100.00,0.0,0.0,0.0,0.0
976,21.443204,21.909185,6.470000,4,0,6000.0000,-1000.0000,90.0000,23.3197,1,4.0,100.00,0.0,0.0,0.0,0.0
977,18.297908,21.039616,6.298000,4,0,6000.0000,-1000.0000,90.0000,23.5827,1,4.0,100.00,0.0,0.0,0.0,0.0
978,17.171455,18.283908,6.336000,4,0,6000.0000,-1000.0000,90.0000,23.8112,1,4.0,100.00,0.0,0.0,0.0,0.0
979,15.240043,17.132033,6.336000,4,0,6000.0000,-1000.0000,90.0000,24.0254,1,4.0,100.00,0.0,0.0,0.0,0.0
980,16.453338,15.587180,6.587000,4,0,6000.0000,-1000.0000,90.0000,24.2202,1,4.0,100.00,0.0,0.0,0.0,0.0
981,12.052655,16.105542,6.587000,4,0,6000.0000,-1000.0000,90.0000,24.4215,1,4.0,100.00,0.0,0.0,0.0,0.0
982,15.034399,12.184269,6.581000,4,0,6000.0000,-1000.0000,90.0000,24.5738,1,4.0,100.00,0.0,0.0,0.0,0.0
983,17.901440,14.972317,6.294000,4,0,6000.0000,-1000.0000,90.0000,24.7610,1,4.0,100.00,0.0,0.0,0.0,0.0
984,14.002527,17.893589,6.294000,4,0,6000.0000,-1000.0000,90.0000,24.9847,1,4.0,100.00,0.0,0.0,0.0,0.0
985,17.597033,13.981656,6.633000,5,0,6000.0000,-1000.0000,90.0000,-25.0000,1,4.0,100.00,0.0,0.0,0.0,0.0
986,16.674743,17.641165,6.176000,5,0,6000.0000,-1000.0000,90.0000,-25.0000,1,4.0,100.00,0.0,0.0,0.0,0.0
987,17.617064,16.671563,6.251000,5,0,6000.0000,-1000.0000,90.0000,-25.0000,1,4.0,100.00,0.0,0.0,0.0,0.0
988,22.065278,17.587553,6.643000,5,0,6000.0000,-1000.0000,90.0000,-25.0000,1,4.0,100.00,0.0,0.0,0.0,0.0
989,13.132218,22.113659,6.643000,5,0,6000.0000,-1000.0000,90.0000,-25.0000,1,4.0,100.00,0.0,0.0,0.0,0.0
990,16.947340,13.060676,6.837000,5,0,6000.0000,-1000.0000,90.0000,-25.0000,1,4.0,100.00,0.0,0.0,0.0,0.0
991,14.571889,16.973480,6.087000,5,0,6000.0000,-1000.0000,90.0000,-25.0000,1,4.0,100.00,0.0,0.0,0.0,0.0
992,14.416435,14.755214,6.185000,5,0,6000.0000,-1000.0000,90.0000,-25.0000,1,4.0,100.00,0.0,0.0,0.0,0.0
993,17.584454,14.259752,6.174000,5,0,6000.0000,-1000.0000,90.0000,-25.0000,1,4.0,100.00,0.0,0.0,0.0,0.0
994,11.693367,17.521042,6.174000,5,0,6000.0000,-1000.0000,90.0000,-25.0000,1,4.0,100.00,0.0,0.0,0.0,0.0
995,17.516052,11.640847,6.208000,5,0,6000.0000,-1000.0000,90.0000,-25.0000,1,4.0,100.00,0.0,0.0,0.0,0.0
996,17.261976,17.670884,6.100000,5,0,6000.0000,-1000.0000,90.0000,-25.0000,1,4.0,100.00,0.0,0.0,0.0,0.0
997,14.421376,17.216715,6.088000,5,0,6000.0000,-1000.0000,90.0000,-25.0000,1,4.0,100.00,0.0,0.0,0.0,0.0
998,16.260724,14.421136,6.109000,5,0,6000.0000,-1000.0000,90.0000,-25.0000,1,4.0,100.00,0.0,0.0,0.0,0.0
999,14.374605,16.263745,6.179000,5,0,6000.0000,-1000.0000,90.0000,-25.0000,1,4.0,100.00,0.0,0.0,0.0,0.0
1000,16.856727,14.393136,6.170000,5,0,6000.0000,-1000.0000,90.0000,-25.0000,1,4.0,100.00,0.0,0.0,0.0,0.0
1001,15.504940,16.846626,6.170000,5,0,6000.0000,-1000.0000,90.0000,-25.0000,1,4.0,100.00,0.0,0.0,0.0,0.0
1002,18.679655,15.466898,6.073000,5,0,6000.0000,-1000.0000,90.0000,-25.0000,1,4.0,100.00,0.0,0.0,0.0,0.0
1003,18.763158,18.674217,6.113000,5,0,6000.0000,-1000.0000,90.0000,-25.0000,1,4.0,100.00,0.0,0.0,0.0,0.0
1004,18.741168,18.765847,6.115000,5,0,6000.0000,-1000.0000,90.0000,-25.0000,1,4.0,100.00,0.0,0.0,0.0,0.0
1005,14.311213,18.743727,6.115000,5,0,6000.0000,-1000.0000,90.0000,-25.0000,1,4.0,100.00,0.0,0.0,0.0,0.0
1006,17.727636,14.331124,6.117000,5,0,6000.0000,-1000.0000,90.0000,-25.0000,1,4.0,100.00,0.0,0.0,0.0,0.0
1007,15.433697,17.741767,6.117000,5,0,6000.0000,-1000.0000,90.0000,-25.0000,1,4.0,100.00,0.0,0.0,0.0,0.0
1008,13.466456,15.372145,6.060000,5,0,6000.0000,-1000.0000,90.0000,-25.0000,1,4.0,100.00,0.0,0.0,0.0,0.0
1009,13.766311,13.503897,6.048000,5,0,6000.0000,-1000.0000,90.0000,-25.0000,1,4.0,100.00,0.0,0.0,0.0,0.0
1010,17.080113,13.758812,6.100000,5,0,6000.0000,-1000.0000,90.0000,-25.0000,1,4.0,100.00,0.0,0.0,0.0,0.0
1011,15.867446,17.093022,6.100000,5,0,6000.0000,-1000.0000,90.0000,-25.0000,1,4.0,100.00,0.0,0.0,0.0,0.0
1012,15.456658,15.822936,6.128000,5,0,6000.0000,-1000.0000,90.0000,-25.0000,1,4.0,100.00,0.0,0.0,0.0,0.0
1013,17.684325,15.508148,6.054000,5,0,6000.0000,-1000.0000,90.0000,-25.0000,1,4.0,100.00,0.0,0.0,0.0,0.0
1014,18.961432,17.678985,6.054000,5,0,6000.0000,-1000.0000,90.0000,-25.0000,1,4.0,100.00,0.0,0.0,0.0,0.0
1015,16.401288,19.224168,6.135000,5,0,6000.0000,-1000.0000,90.0000,-25.0000,1,4.0,100.00,0.0,0.0,0.0,0.0
1016,15.696843,16.123452,6.172000,5,0,6000.0000,-1000.0000,90.0000,-25.0000,1,4.0,100.00,0.0,0.0,0.0,0.0
1017,17.962121,15.707623,6.042000,5,0,6000.0000,-1000.0000,90.0000,-25.0000,1,4.0,100.00,0.0,0.0,0.0,0.0
1018,18.400300,17.944761,6.138000,5,0,6000.0000,-1000.0000,90.0000,-25.0000,1,4.0,100.00,0.0,0.0,0.0,0.0
1019,12.145237,18.417950,6.045000,5,0,6000.0000,-1000.0000,90.0000,-25.0000,1,4.0,100.00,0.0,0.0,0.0,0.0
1020,15.793895,12.142917,6.076000,5,0,6000.0000,-1000.0000,90.0000,-25.0000,1,4.0,100.00,0.0,0.0,0.0,0.0
1021,12.958475,15.766665,6.119000,5,0,6000.0000,-1000.0000,90.0000,-25.0000,1,4.0,100.00,0.0,0.0,0.0,0.0
1022,13.189310,12.984785,6.126000,5,0,6000.0000,-1000.0000,90.0000,-25.0000,1,4.0,100.00,0.0,0.0,0.0,0.0
1023,18.770838,13.201200,6.184000,5,0,6000.0000,-1000.0000,90.0000,-25.0000,1,4.0,100.00,0.0,0.0,0.0,0.0
1024,18.003962,18.755708,6.120000,5,0,6000.0000,-1000.0000,90.0000,-25.0000,1,4.0,100.00,0.0,0.0,0.0,0.0
1025,19.915052,17.977821,6.039000,5,0,6000.0000,-1000.0000,90.0000,-25.0000,1,4.0,100.00,0.0,0.0,0.0,0.0
1026,19.923382,19.936223,6.039000,5,0,6000.0000,-1000.0000,90.0000,-25.0000,1,4.0,100.00,0.0,0.0,0.0,0.0
1027,17.205495,19.891992,6.141000,5,0,6000.0000,-1000.0000,90.0000,-25.0000,1,4.0,100.00,0.0,0.0,0.0,0.0
1028,15.518969,17.189994,6.141000,5,0,6000.0000,-1000.0000,90.0000,-25.0000,1,4.0,100.00,0.0,0.0,0.0,0.0
1029,15.603701,15.498938,6.093000,5,0,6000.0000,-1000.0000,90.0000,-25.0000,1,4.0,100.00,0.0,0.0,0.0,0.0
1030,17.363418,15.601961,6.053000,5,0,6000.0000,-1000.0000,90.0000,-25.0000,1,4.0,100.00,0.0,0.0,0.0,0.0
1031,20.855162,17.376848,6.536000,5,0,6000.0000,-1000.0000,90.0000,-25.0000,1,4.0,100.00,0.0,0.0,0.0,0.0
1032,20.423293,20.877623,6.524000,5,0,6000.0000,-1000.0000,90.0000,-25.0000,1,4.0,100.00,0.0,0.0,0.0,0.0
1033,20.589137,20.413013,6.448000,5,0,6000.0000,-1000.0000,90.0000,-25.0000,1,4.0,100.00,0.0,0.0,0.0,0.0
1034,17.347227,20.580806,6.570000,5,0,6000.0000,-1000.0000,90.0000,-25.0000,1,4.0,100.00,0.0,0.0,0.0,0.0
1035,17.914170,17.345859,6.570000,5,0,6000.0000,-1000.0000,90.0000,-25.0000,1,4.0,100.00,0.0,0.0,0.0,0.0
1036,18.950952,17.907369,6.122000,5,0,6000.0000,-1000.0000,90.0000,-25.0000,1,4.0,100.00,0.0,0.0,0.0,0.0
1037,14.351115,18.981962,6.122000,5,0,6000.0000,-1000.0000,90.0000,-25.0000,1,4.0,100.00,0.0,0.0,0.0,0.0
1038,17.193124,14.327345,6.496000,5,0,6000.0000,-1000.0000,90.0000,-25.0000,1,4.0,100.00,0.0,0.0,0.0,0.0
1039,17.707175,17.172194,6.389000,5,0,6000.0000,-1000.0000,90.0000,-25.0000,1,4.0,100.00,0.0,0.0,0.0,0.0
1040,19.942433,17.744646,6.411000,5,0,6000.0000,-1000.0000,90.0000,-25.0000,1,4.0,100.00,0.0,0.0,0.0,0.0
1041,13.987637,19.932533,6.444000,5,0,6000.0000,-1000.0000,90.0000,-25.0000,1,4.0,100.00,0.0,0.0,0.0,0.0
1042,18.139195,13.971386,6.070000,5,0,6000.0000,-1000.0000,90.0000,-25.0000,1,4.0,100.00,0.0,0.0,0.0,0.0
1043,14.980278,18.162985,6.148000,5,0,6000.0000,-1000.0000,90.0000,-25.0000,1,4.0,100.00,0.0,0.0,0.0,0.0
1044,13.050966,14.971317,6.148000,5,0,6000.0000,-1000.0000,90.0000,-25.0000,1,4.0,100.00,0.0,0.0,0.0,0.0
1045,16.012150,13.037217,6.097000,5,0,6000.0000,-1000.0000,90.0000,-25.0000,1,4.0,100.00,0.0,0.0,0.0,0.0
1046,13.868913,16.040170,6.077000,5,0,6000.0000,-1000.0000,90.0000,-25.0000,1,4.0,100.00,0.0,0.0,0.0,0.0
1047,13.718341,13.847794,6.160000,5,0,6000.0000,-1000.0000,90.0000,-25.0000,1,4.0,100.00,0.0,0.0,0.0,0.0
1048,16.567662,13.731440,6.167000,5,0,6000.0000,-1000.0000,90.0000,-25.0000,1,4.0,100.00,0.0,0.0,0.0,0.0
1049,14.095489,16.562662,6.110000,5,0,6000.0000,-1000.0000,90.0000,-25.0000,1,4.0,100.00,0.0,0.0,0.0,0.0
1050,16.675403,14.077108,6.070000,5,0,6000.0000,-1000.0000,90.0000,-25.0000,1,4.0,100.00,0.0,0.0,0.0,0.0
1051,16.905858,16.783426,6.105000,5,0,6000.0000,-1000.0000,90.0000,-25.0000,1,4.0,100.00,0.0,0.0,0.0,0.0
1052,18.429822,16.862988,6.219000,5,0,6000.0000,-1000.0000,90.0000,-25.0000,1,4.0,100.00,0.0,0.0,0.0,0.0
1053,19.137386,18.446361,6.140000,5,0,6000.0000,-1000.0000,90.0000,-25.0000,1,4.0,100.00,0.0,0.0,0.0,0.0
1054,13.347412,19.094075,6.140000,5,0,6000.0000,-1000.0000,90.0000,-25.0000,1,4.0,100.00,0.0,0.0,0.0,0.0
1055,18.963792,13.364163,6.086000,5,0,6000.0000,-1000.0000,90.0000,-25.0000,1,4.0,100.00,0.0,0.0,0.0,0.0
1056,16.254665,18.958472,6.086000,5,0,6000.0000,-1000.0000,90.0000,-25.0000,1,4.0,100.00,0.0,0.0,0.0,0.0
1057,16.107822,16.229665,6.077000,5,0,6000.0000,-1000.0000,90.0000,-25.0000,1,4.0,100.00,0.0,0.0,0.0,0.0
1058,13.487636,16.175943,6.057000,5,0,6000.0000,-1000.0000,90.0000,-25.0000,1,4.0,100.00,0.0,0.0,0.0,0.0
1059,18.027652,13.421264,6.134000,5,0,6000.0000,-1000.0000,90.0000,-25.0000,1,4.0,100.00,0.0,0.0,0.0,0.0
1060,12.533816,18.095033,6.134000,5,0,6000.0000,-1000.0000,90.0000,-25.0000,1,4.0,100.00,0.0,0.0,0.0,0.0
1061,15.042709,12.505456,6.157000,5,0,6000.0000,-1000.0000,90.0000,-25.0000,1,4.0,100.00,0.0,0.0,0.0,0.0
1062,15.687672,15.032599,6.157000,5,0,6000.0000,-1000.0000,90.0000,-25.0000,1,4.0,100.00,0.0,0.0,0.0,0.0
1063,14.485268,15.671322,6.094000,5,0,6000.0000,-1000.0000,90.0000,-25.0000,1,4.0,100.00,0.0,0.0,0.0,0.0
1064,15.886317,14.473337,6.080000,5,0,6000.0000,-1000.0000,90.0000,-25.0000,1,4.0,100.00,0.0,0.0,0.0,0.0
1065,18.732646,15.934418,6.067000,5,0,6000.0000,-1000.0000,90.0000,-25.0000,1,4.0,100.00,0.0,0.0,0.0,0.0
1066,12.062606,18.665506,6.067000,5,0,6000.0000,-1000.0000,90.0000,-25.0000,1,4.0,100.00,0.0,0.0,0.0,0.0
1067,13.040058,12.113047,6.053000,5,0,6000.0000,-1000.0000,90.0000,-25.0000,1,4.0,100.00,0.0,0.0,0.0,0.0
1068,13.298521,13.043176,6.171000,5,0,6000.0000,-1000.0000,90.0000,-25.0000,1,4.0,100.00,0.0,0.0,0.0,0.0
1069,16.025540,13.255501,6.151000,5,0,6000.0000,-1000.0000,90.0000,-25.0000,1,4.0,100.00,0.0,0.0,0.0,0.0
1070,13.814223,16.176493,6.112000,5,0,6000.0000,-1000.0000,90.0000,-25.0000,1,4.0,100.00,0.0,0.0,0.0,0.0
1071,16.064621,13.695691,6.140000,5,0,6000.0000,-1000.0000,90.0000,-25.0000,1,4.0,100.00,0.0,0.0,0.0,0.0
1072,17.028161,16.103581,6.148000,5,0,6000.0000,-1000.0000,90.0000,-25.0000,1,4.0,100.00,0.0,0.0,0.0,0.0
1073,14.895226,17.044091,6.189000,5,0,6000.0000,-1000.0000,90.0000,-25.0000,1,4.0,100.00,0.0,0.0,0.0,0.0
1074,12.541855,14.884146,6.103000,5,0,6000.0000,-1000.0000,90.0000,-25.0000,1,4.0,100.00,0.0,0.0,0.0,0.0
1075,14.764974,12.527395,6.095000,5,0,6000.0000,-1000.0000,90.0000,-25.0000,1,4.0,100.00,0.0,0.0,0.0,0.0
1076,15.425136,14.795874,6.243000,5,0,6000.0000,-1000.0000,90.0000,-25.0000,1,4.0,100.00,0.0,0.0,0.0,0.0
1077,11.916203,15.444818,6.243000,5,0,6000.0000,-1000.0000,90.0000,-25.0000,1,4.0,100.00,0.0,0.0,0.0,0.0
1078,14.476658,11.756119,6.170000,5,0,6000.0000,-1000.0000,90.0000,-25.0000,1,4.0,100.00,0.0,0.0,0.0,0.0
1079,13.068047,14.493328,6.064000,5,0,6000.0000,-1000.0000,90.0000,-25.0000,1,4.0,100.00,0.0,0.0,0.0,0.0
1080,17.227805,13.074637,6.214000,5,0,6000.0000,-1000.0000,90.0000,-25.0000,1,4.0,100.00,0.0,0.0,0.0,0.0
1081,11.681668,17.233365,6.214000,5,0,6000.0000,-1000.0000,90.0000,-25.0000,1,4.0,100.00,0.0,0.0,0.0,0.0
1082,14.260642,11.656278,6.011000,5,0,6000.0000,-1000.0000,90.0000,-25.0000,1,4.0,100.00,0.0,0.0,0.0,0.0
1083,16.712525,14.285822,6.050000,5,0,6000.0000,-1000.0000,90.0000,-25.0000,1,4.0,100.00,0.0,0.0,0.0,0.0
1084,15.565609,16.938379,6.076000,5,0,6000.0000,-1000.0000,90.0000,-25.0000,1,4.0,100.00,0.0,0.0,0.0,0.0
1085,14.369265,15.357776,5.837000,5,0,6000.0000,-1000.0000,90.0000,-25.0000,1,4.0,100.00,0.0,0.0,0.0,0.0
1086,14.492687,14.377375,6.151000,5,0,6000.0000,-1000.0000,90.0000,-25.0000,1,4.0,100.00,0.0,0.0,0.0,0.0
1087,14.959157,15.139511,6.000000,5,0,6000.0000,-1000.0000,90.0000,-25.0000,1,4.0,100.00,0.0,0.0,0.0,0.0
1088,14.883766,14.361894,6.095000,5,0,6000.0000,-1000.0000,90.0000,-25.0000,1,4.0,100.00,0.0,0.0,0.0,0.0
1089,15.640672,14.804534,6.408000,5,0,6000.0000,-1000.0000,90.0000,-25.0000,1,4.0,100.00,0.0,0.0,0.0,0.0
1090,13.702430,15.671513,6.373000,5,0,6000.0000,-1000.0000,90.0000,-25.0000,1,4.0,100.00,0.0,0.0,0.0,0.0
1091,15.054559,13.696980,6.373000,5,0,6000.0000,-1000.0000,90.0000,-25.0000,1,4.0,100.00,0.0,0.0,0.0,0.0
1092,16.699975,15.051249,6.421000,5,0,6000.0000,-1000.0000,90.0000,-25.0000,1,4.0,100.00,0.0,0.0,0.0,0.0
1093,13.370903,16.673154,6.421000,5,0,6000.0000,-1000.0000,90.0000,-25.0000,1,4.0,100.00,0.0,0.0,0.0,0.0
1094,15.292515,13.448366,6.142000,5,0,6000.0000,-1000.0000,90.0000,-25.0000,1,4.0,100.00,0.0,0.0,0.0,0.0
1095,14.684831,15.237702,6.142000,5,0,6000.0000,-1000.0000,90.0000,-25.0000,1,4.0,100.00,0.0,0.0,0.0,0.0
1096,15.160031,14.710242,6.454000,5,0,6000.0000,-1000.0000,90.0000,-25.0000,1,4.0,100.00,0.0,0.0,0.0,0.0
1097,15.612731,15.134502,6.405000,5,0,6000.0000,-1000.0000,90.0000,-25.0000,1,4.0,100.00,0.0,0.0,0.0,0.0
1098,13.740652,15.702292,6.384000,5,0,6000.0000,-1000.0000,90.0000,-25.0000,1,4.0,100.00,0.0,0.0,0.0,0.0
1099,14.252112,13.709941,6.391000,5,0,6000.0000,-1000.0000,90.0000,-25.0000,1,4.0,100.00,0.0,0.0,0.0,0.0
1100,14.254442,14.205061,6.133000,5,0,6000.0000,-1000.0000,90.0000,-25.0000,1,4.0,100.00,0.0,0.0,0.0,0.0
1101,14.068388,14.543789,6.111000,5,0,6000.0000,-1000.0000,90.0000,-25.0000,1,4.0,100.00,0.0,0.0,0.0,0.0
1102,17.892320,13.773862,6.124000,5,0,6000.0000,-1000.0000,90.0000,-25.0000,1,4.0,100.00,0.0,0.0,0.0,0.0
1103,12.367893,17.970770,6.124000,5,0,6000.0000,-1000.0000,90.0000,-25.0000,1,4.0,100.00,0.0,0.0,0.0,0.0
1104,12.437633,12.365473,6.082000,5,0,6000.0000,-1000.0000,90.0000,-25.0000,1,4.0,100.00,0.0,0.0,0.0,0.0
1105,13.639960,12.364842,6.120000,5,0,6000.0000,-1000.0000,90.0000,-25.0000,1,4.0,100.00,0.0,0.0,0.0,0.0
1106,14.345383,13.680610,6.094000,5,0,6000.0000,-1000.0000,90.0000,-25.0000,1,4.0,100.00,0.0,0.0,0.0,0.0
1107,16.710035,14.310873,6.077000,5,0,6000.0000,-1000.0000,90.0000,-25.0000,1,4.0,100.00,0.0,0.0,0.0,0.0
1108,15.762604,16.714655,6.099000,5,0,6000.0000,-1000.0000,90.0000,-25.0000,1,4.0,100.00,0.0,0.0,0.0,0.0
1109,14.883295,15.796435,6.139000,5,0,6000.0000,-1000.0000,90.0000,-25.0000,1,4.0,100.00,0.0,0.0,0.0,0.0
1110,14.492438,14.910767,6.100000,5,0,6000.0000,-1000.0000,90.0000,-25.0000,1,4.0,100.00,0.0,0.0,0.0,0.0
1111,11.681827,14.472116,6.100000,5,0,6000.0000,-1000.0000,90.0000,-25.0000,1,4.0,100.00,0.0,0.0,0.0,0.0
1112,14.217192,11.645747,6.085000,6,0,6000.0000,-1000.0000,90.0000,-25.0000,1,4.0,100.00,0.0,0.0,0.0,0.0
1113,14.602139,14.229152,6.135000,6,1,6000.0000,-1000.0000,90.0000,-24.8221,1,4.0,100.00,0.0,0.0,0.0,0.0
1114,165.215604,14.610840,6.187000,6,0,6000.0000,-1000.0000,90.0000,-24.6395,1,4.0,100.00,0.0,0.0,0.0,0.0
1115,10.024802,165.254134,6.187000,6,1,6000.0000,-1000.0000,90.0000,-22.5738,1,4.0,100.00,0.0,0.0,0.0,0.0
1116,168.863802,9.907570,6.553000,6,0,6000.0000,-1000.0000,90.0000,-22.4500,1,4.0,100.00,0.0,0.0,0.0,0.0
1117,12.419674,169.178058,6.553000,6,1,6000.0000,-1000.0000,90.0000,-20.3353,1,4.0,100.00,0.0,0.0,0.0,0.0
1118,166.077151,12.100426,6.362000,6,0,6000.0000,-1000.0000,90.0000,-20.1840,1,4.0,100.00,0.0,0.0,0.0,0.0
1119,3.357731,166.217795,6.362000,6,1,6000.0000,-1000.0000,90.0000,-18.1063,1,4.0,100.00,0.0,0.0,0.0,0.0
1120,192.539464,3.220838,6.298000,6,0,6000.0000,-1000.0000,90.0000,-18.0660,1,4.0,100.00,0.0,0.0,0.0,0.0
1121,9.390658,193.363701,6.298000,6,1,6000.0000,-1000.0000,90.0000,-15.6490,1,4.0,100.00,0.0,0.0,0.0,0.0
1122,184.724538,8.516160,6.320000,6,0,6000.0000,-1000.0000,90.0000,-15.5425,1,4.0,100.00,0.0,0.0,0.0,0.0
1123,11.856651,184.823820,6.320000,6,1,6000.0000,-1000.0000,90.0000,-13.2322,1,4.0,100.00,0.0,0.0,0.0,0.0
1124,168.309470,11.794561,6.293000,6,0,6000.0000,-1000.0000,90.0000,-13.0848,1,4.0,100.00,0.0,0.0,0.0,0.0
1125,10.064423,168.418431,6.293000,6,1,6000.0000,-1000.0000,90.0000,-10.9796,1,4.0,100.00,0.0,0.0,0.0,0.0
1126,182.720295,9.996322,6.279000,6,0,6000.0000,-1000.0000,90.0000,-10.8546,1,4.0,100.00,0.0,0.0,0.0,0.0
1127,8.440949,182.809507,6.279000,6,1,6000.0000,-1000.0000,90.0000,-8.5695,1,4.0,100.00,0.0,0.0,0.0,0.0
1128,170.199719,8.276195,6.383000,6,0,6000.0000,-1000.0000,90.0000,-8.4660,1,4.0,100.00,0.0,0.0,0.0,0.0
1129,9.613705,170.297771,6.383000,6,1,6000.0000,-1000.0000,90.0000,-6.3373,1,4.0,100.00,0.0,0.0,0.0,0.0
1130,172.117130,9.533713,6.389000,6,0,6000.0000,-1000.0000,90.0000,-6.2181,1,4.0,100.00,0.0,0.0,0.0,0.0
1131,11.867732,172.261883,6.389000,6,1,6000.0000,-1000.0000,90.0000,-4.0649,1,4.0,100.00,0.0,0.0,0.0,0.0
1132,159.001791,11.744830,6.389000,6,0,6000.0000,-1000.0000,90.0000,-3.9181,1,4.0,100.00,0.0,0.0,0.0,0.0
1133,7.856177,159.288217,6.389000,6,1,6000.0000,-1000.0000,90.0000,-1.9270,1,4.0,100.00,0.0,0.0,0.0,0.0
1134,162.703200,7.534890,6.630000,6,0,6000.0000,-1000.0000,90.0000,-1.8328,1,4.0,100.00,0.0,0.0,0.0,0.0
1135,7.465308,162.864094,6.630000,6,1,6000.0000,-1000.0000,90.0000,0.2030,1,4.0,100.00,0.0,0.0,0.0,0.0
1136,173.478370,7.327726,6.308000,6,0,6000.0000,-1000.0000,90.0000,0.2946,1,4.0,100.00,0.0,0.0,0.0,0.0
1137,7.726374,173.593411,6.308000,6,1,6000.0000,-1000.0000,90.0000,2.4646,1,4.0,100.00,0.0,0.0,0.0,0.0
1138,203.208410,7.593291,6.556000,6,0,6000.0000,-1000.0000,90.0000,2.5595,1,4.0,100.00,0.0,0.0,0.0,0.0
1139,8.145102,203.362123,6.556000,6,1,6000.0000,-1000.0000,90.0000,5.1015,1,4.0,100.00,0.0,0.0,0.0,0.0
1140,185.498684,8.022460,6.294000,6,0,6000.0000,-1000.0000,90.0000,5.2018,1,4.0,100.00,0.0,0.0,0.0,0.0
1141,2.315810,185.514264,6.294000,6,1,6000.0000,-1000.0000,90.0000,7.5207,1,4.0,100.00,0.0,0.0,0.0,0.0
1142,168.555324,2.258289,6.339000,6,0,6000.0000,-1000.0000,90.0000,7.5489,1,4.0,100.00,0.0,0.0,0.0,0.0
1143,7.673313,168.615175,6.339000,6,1,6000.0000,-1000.0000,90.0000,9.6566,1,4.0,100.00,0.0,0.0,0.0,0.0
1144,166.914531,7.620783,6.321000,6,0,6000.0000,-1000.0000,90.0000,9.7519,1,4.0,100.00,0.0,0.0,0.0,0.0
1145,2.010732,166.945870,6.321000,6,1,6000.0000,-1000.0000,90.0000,11.8387,1,4.0,100.00,0.0,0.0,0.0,0.0
1146,176.898131,1.983572,6.665000,6,0,6000.0000,-1000.0000,90.0000,11.8635,1,4.0,100.00,0.0,0.0,0.0,0.0
1147,7.555231,176.950113,6.665000,6,1,6000.0000,-1000.0000,90.0000,14.0754,1,4.0,100.00,0.0,0.0,0.0,0.0
1148,166.277106,7.497689,6.872000,6,0,6000.0000,-1000.0000,90.0000,14.1691,1,4.0,100.00,0.0,0.0,0.0,0.0
1149,2.078314,166.308387,6.872000,6,1,6000.0000,-1000.0000,90.0000,16.2480,1,4.0,100.00,0.0,0.0,0.0,0.0
1150,174.961751,2.048213,6.631000,6,0,6000.0000,-1000.0000,90.0000,16.2736,1,4.0,100.00,0.0,0.0,0.0,0.0
1151,7.448669,175.017823,6.631000,6,1,6000.0000,-1000.0000,90.0000,18.4613,1,4.0,100.00,0.0,0.0,0.0,0.0
1152,169.543535,7.391137,6.707000,6,0,6000.0000,-1000.0000,90.0000,18.5537,1,4.0,100.00,0.0,0.0,0.0,0.0
1153,7.568611,169.580876,6.707000,6,1,6000.0000,-1000.0000,90.0000,20.6734,1,4.0,100.00,0.0,0.0,0.0,0.0
1154,165.197104,7.528640,6.341000,6,0,6000.0000,-1000.0000,90.0000,20.7675,1,4.0,100.00,0.0,0.0,0.0,0.0
1155,8.170103,165.265255,6.341000,6,1,6000.0000,-1000.0000,90.0000,22.8334,1,4.0,100.00,0.0,0.0,0.0,0.0
1156,164.263424,8.108942,6.357000,6,0,6000.0000,-1000.0000,90.0000,22.9347,1,4.0,100.00,0.0,0.0,0.0,0.0
1157,7.550970,164.312495,6.357000,6,1,6000.0000,-1000.0000,90.0000,24.9886,1,4.0,100.00,0.0,0.0,0.0,0.0
1158,166.700046,7.491719,6.278000,6,0,6000.0000,-1000.0000,90.0000,25.0000,1,4.0,100.00,0.0,0.0,0.0,0.0
1159,7.752904,166.761708,6.278000,6,1,6000.0000,-1000.0000,90.0000,25.0000,1,4.0,100.00,0.0,0.0,0.0,0.0
1160,165.109312,7.701523,6.322000,6,0,6000.0000,-1000.0000,90.0000,25.0000,1,4.0,100.00,0.0,0.0,0.0,0.0
1161,8.174874,165.136502,6.322000,6,1,6000.0000,-1000.0000,90.0000,25.0000,1,4.0,100.00,0.0,0.0,0.0,0.0
1162,167.156495,8.138613,6.181000,6,0,6000.0000,-1000.0000,90.0000,25.0000,1,4.0,100.00,0.0,0.0,0.0,0.0
1163,1.966462,167.208427,6.181000,6,1,6000.0000,-1000.0000,90.0000,25.0000,1,4.0,100.00,0.0,0.0,0.0,0.0
1164,174.096853,1.927721,6.168000,6,0,6000.0000,-1000.0000,90.0000,25.0000,1,4.0,100.00,0.0,0.0,0.0,0.0
1165,1.941581,174.120873,6.168000,6,1,6000.0000,-1000.0000,90.0000,25.0000,1,4.0,100.00,0.0,0.0,0.0,0.0
1166,169.532736,1.906090,6.337000,6,0,6000.0000,-1000.0000,90.0000,25.0000,1,4.0,100.00,0.0,0.0,0.0,0.0
1167,7.945869,169.598108,6.337000,6,1,6000.0000,-1000.0000,90.0000,25.0000,1,4.0,100.00,0.0,0.0,0.0,0.0
1168,166.456050,7.876657,6.236000,6,0,6000.0000,-1000.0000,90.0000,25.0000,1,4.0,100.00,0.0,0.0,0.0,0.0
1169,2.079284,166.500751,6.236000,6,1,6000.0000,-1000.0000,90.0000,25.0000,1,4.0,100.00,0.0,0.0,0.0,0.0
1170,170.840324,2.055994,6.601000,6,0,6000.0000,-1000.0000,90.0000,25.0000,1,4.0,100.00,0.0,0.0,0.0,0.0
1171,1.844880,170.879735,6.601000,6,1,6000.0000,-1000.0000,90.0000,25.0000,1,4.0,100.00,0.0,0.0,0.0,0.0
1172,170.956406,1.788418,6.252000,6,0,6000.0000,-1000.0000,90.0000,25.0000,1,4.0,100.00,0.0,0.0,0.0,0.0
1173,7.432357,171.000837,6.252000,6,1,6000.0000,-1000.0000,90.0000,25.0000,1,4.0,100.00,0.0,0.0,0.0,0.0
1174,195.687822,7.378166,6.283000,6,0,6000.0000,-1000.0000,90.0000,25.0000,1,4.0,100.00,0.0,0.0,0.0,0.0
1175,1.803688,195.756713,6.283000,6,1,6000.0000,-1000.0000,90.0000,25.0000,1,4.0,100.00,0.0,0.0,0.0,0.0
1176,171.910786,1.740837,6.254000,7,0,6000.0000,-1000.0000,90.0000,0.0000,1,4.0,100.00,0.0,0.0,0.0,0.0
1177,1.980362,171.948388,6.254000,7,0,6070.9590,-1000.0000,90.0000,0.0000,1,4.0,100.00,0.0,0.0,0.0,0.0
1178,12.648418,1.932071,6.287000,7,0,6071.7653,-1000.0000,90.0000,0.0000,1,4.0,100.00,0.0,0.0,0.0,0.0
1179,15.228713,12.656557,6.287000,7,0,6077.4315,-1000.0000,90.0000,0.0000,1,4.0,100.00,0.0,0.0,0.0,0.0
1180,16.458510,15.232703,6.830000,7,0,6084.8079,-1000.0000,90.0000,0.0000,1,4.0,100.00,0.0,0.0,0.0,0.0
1181,15.972649,16.476970,6.552000,7,0,6093.3759,-1000.0000,90.0000,0.0000,1,4.0,100.00,0.0,0.0,0.0,0.0
1182,16.003639,15.968879,6.126000,7,0,6101.6797,-1000.0000,90.0000,0.0000,1,4.0,100.00,0.0,0.0,0.0,0.0
1183,17.155344,16.018550,6.222000,7,0,6110.0094,-1000.0000,90.0000,0.0000,1,4.0,100.00,0.0,0.0,0.0,0.0
1184,16.358597,17.149124,6.324000,7,0,6118.9269,-1000.0000,90.0000,0.0000,1,4.0,100.00,0.0,0.0,0.0,0.0
1185,15.731244,16.352266,6.491000,7,0,6127.4301,-1000.0000,90.0000,0.0000,1,4.0,100.00,0.0,0.0,0.0,0.0
1186,15.799835,15.738174,6.804000,7,0,6135.6139,-1000.0000,90.0000,0.0000,1,4.0,100.00,0.0,0.0,0.0,0.0
1187,15.163702,15.786975,6.396000,7,0,6143.8232,-1000.0000,90.0000,0.0000,1,4.0,100.00,0.0,0.0,0.0,0.0
1188,15.403706,15.157252,6.465000,7,0,6151.7049,-1000.0000,90.0000,0.0000,1,4.0,100.00,0.0,0.0,0.0,0.0
1189,14.862675,15.411546,6.333000,7,0,6159.7189,-1000.0000,90.0000,0.0000,1,4.0,100.00,0.0,0.0,0.0,0.0
1190,12.902394,15.149262,6.266000,7,0,6167.5965,-1000.0000,90.0000,0.0000,1,4.0,100.00,0.0,0.0,0.0,0.0
1191,12.647109,12.758710,6.281000,7,0,6174.2311,-1000.0000,90.0000,0.0000,1,4.0,100.00,0.0,0.0,0.0,0.0
1192,12.681088,12.637949,6.401000,7,0,6180.8028,-1000.0000,90.0000,0.0000,1,4.0,100.00,0.0,0.0,0.0,0.0
1193,13.031276,12.690599,6.298000,7,0,6187.4019,-1000.0000,90.0000,0.0000,1,4.0,100.00,0.0,0.0,0.0,0.0
1194,12.773042,12.994436,6.590000,7,0,6194.1590,-1000.0000,90.0000,0.0000,1,4.0,100.00,0.0,0.0,0.0,0.0
1195,13.628219,12.783060,6.370000,7,0,6200.8062,-1000.0000,90.0000,0.0000,1,4.0,100.00,0.0,0.0,0.0,0.0
1196,12.444174,13.627540,6.240000,7,0,6207.8925,-1000.0000,90.0000,0.0000,1,4.0,100.00,0.0,0.0,0.0,0.0
1197,12.917724,12.445603,6.195000,7,0,6214.3643,-1000.0000,90.0000,0.0000,1,4.0,100.00,0.0,0.0,0.0,0.0
1198,14.136609,12.914974,6.349000,7,0,6221.0800,-1000.0000,90.0000,0.0000,1,4.0,100.00,0.0,0.0,0.0,0.0
1199,13.119369,14.145121,6.379000,7,0,6228.4355,-1000.0000,90.0000,0.0000,1,4.0,100.00,0.0,0.0,0.0,0.0
1200,12.484955,13.133839,6.310000,7,0,6235.2651,-1000.0000,90.0000,0.0000,1,4.0,100.00,0.0,0.0,0.0,0.0
1201,12.813792,12.532875,6.578000,7,0,6241.7822,-1000.0000,90.0000,0.0000,1,4.0,100.00,0.0,0.0,0.0,0.0
1202,13.468085,12.657999,6.397000,7,0,6248.3644,-1000.0000,90.0000,0.0000,1,4.0,100.00,0.0,0.0,0.0,0.0
1203,13.200980,13.449345,6.326000,7,0,6255.3580,-1000.0000,90.0000,0.0000,1,4.0,100.00,0.0,0.0,0.0,0.0
1204,13.083518,13.222951,6.453000,7,0,6262.2340,-1000.0000,90.0000,0.0000,1,4.0,100.00,0.0,0.0,0.0,0.0
1205,10.970012,13.079697,6.558000,7,0,6269.0354,-1000.0000,90.0000,0.0000,1,4.0,100.00,0.0,0.0,0.0,0.0
1206,12.284352,11.005194,6.218000,7,0,6274.7581,-1000.0000,90.0000,0.0000,1,4.0,100.00,0.0,0.0,0.0,0.0
1207,14.775302,12.234489,6.249000,7,0,6281.1200,-1000.0000,90.0000,0.0000,1,4.0,100.00,0.0,0.0,0.0,0.0
1208,14.621601,14.781134,6.275000,7,0,6288.8062,-1000.0000,90.0000,0.0000,1,4.0,100.00,0.0,0.0,0.0,0.0
1209,13.926995,14.605729,6.731000,7,0,6296.4012,-1000.0000,90.0000,0.0000,1,4.0,100.00,0.0,0.0,0.0,0.0
1210,14.303983,13.954146,6.778000,7,0,6303.6574,-1000.0000,90.0000,0.0000,1,4.0,100.00,0.0,0.0,0.0,0.0
1211,13.058287,14.289683,6.806000,7,0,6311.0880,-1000.0000,90.0000,0.0000,1,4.0,100.00,0.0,0.0,0.0,0.0
1212,13.026527,13.058597,6.514000,7,0,6317.8785,-1000.0000,90.0000,0.0000,1,4.0,100.00,0.0,0.0,0.0,0.0
1213,12.576517,13.032167,6.671000,7,0,6324.6552,-1000.0000,90.0000,0.0000,1,4.0,100.00,0.0,0.0,0.0,0.0
1214,13.729701,12.580167,6.686000,7,0,6331.1969,-1000.0000,90.0000,0.0000,1,4.0,100.00,0.0,0.0,0.0,0.0
1215,16.630143,13.703831,6.612000,7,0,6338.3229,-1000.0000,90.0000,0.0000,1,4.0,100.00,0.0,0.0,0.0,0.0
1216,14.672721,16.673963,6.675000,7,0,6346.9933,-1000.0000,90.0000,0.0000,1,4.0,100.00,0.0,0.0,0.0,0.0
1217,15.790855,14.687222,6.531000,7,0,6354.6307,-1000.0000,90.0000,0.0000,1,4.0,100.00,0.0,0.0,0.0,0.0
1218,15.259444,15.779095,6.525000,7,0,6362.8358,-1000.0000,90.0000,0.0000,1,4.0,100.00,0.0,0.0,0.0,0.0
1219,15.767175,15.271693,6.461000,7,0,6370.7771,-1000.0000,90.0000,0.0000,1,4.0,100.00,0.0,0.0,0.0,0.0
1220,16.603451,15.782805,6.365000,7,0,6378.9841,-1000.0000,90.0000,0.0000,1,4.0,100.00,0.0,0.0,0.0,0.0
1221,13.232372,16.564942,6.340000,7,0,6387.5979,-1000.0000,90.0000,0.0000,1,4.0,100.00,0.0,0.0,0.0,0.0
1222,14.078258,13.236131,6.378000,7,0,6394.4807,-1000.0000,90.0000,0.0000,1,4.0,100.00,0.0,0.0,0.0,0.0
1223,14.488527,14.085048,6.360000,7,0,6401.8049,-1000.0000,90.0000,0.0000,1,4.0,100.00,0.0,0.0,0.0,0.0
1224,14.376316,14.468437,6.455000,7,0,6409.3285,-1000.0000,90.0000,0.0000,1,4.0,100.00,0.0,0.0,0.0,0.0
1225,13.372843,14.362425,6.493000,7,0,6416.7970,-1000.0000,90.0000,0.0000,1,4.0,100.00,0.0,0.0,0.0,0.0
1226,12.388672,13.394894,6.225000,7,0,6423.7623,-1000.0000,90.0000,0.0000,1,4.0,100.00,0.0,0.0,0.0,0.0
1227,13.225351,12.369512,6.415000,7,0,6430.1945,-1000.0000,90.0000,0.0000,1,4.0,100.00,0.0,0.0,0.0,0.0
1228,12.651268,13.233682,6.180000,7,0,6437.0760,-1000.0000,90.0000,0.0000,1,4.0,100.00,0.0,0.0,0.0,0.0
1229,12.757191,12.641857,6.278000,7,0,6443.6498,-1000.0000,90.0000,0.0000,1,4.0,100.00,0.0,0.0,0.0,0.0
1230,11.973924,12.790862,6.345000,7,0,6450.3010,-1000.0000,90.0000,0.0000,1,4.0,100.00,0.0,0.0,0.0,0.0
1231,13.244791,11.953243,6.314000,7,0,6456.5167,-1000.0000,90.0000,0.0000,1,4.0,100.00,0.0,0.0,0.0,0.0
1232,13.195060,13.243931,6.350000,7,0,6463.4035,-1000.0000,90.0000,0.0000,1,4.0,100.00,0.0,0.0,0.0,0.0
1233,13.299403,13.212010,6.633000,7,0,6470.2738,-1000.0000,90.0000,0.0000,1,4.0,100.00,0.0,0.0,0.0,0.0
1234,12.847541,13.304753,6.300000,7,0,6477.1922,-1000.0000,90.0000,0.0000,1,4.0,100.00,0.0,0.0,0.0,0.0
1235,12.415834,12.862823,6.236000,7,0,6483.8809,-1000.0000,90.0000,0.0000,1,4.0,100.00,0.0,0.0,0.0,0.0
1236,11.788611,12.418903,6.386000,7,0,6490.3387,-1000.0000,90.0000,0.0000,1,4.0,100.00,0.0,0.0,0.0,0.0
1237,12.008544,11.774700,6.241000,7,0,6496.4616,-1000.0000,90.0000,0.0000,1,4.0,100.00,0.0,0.0,0.0,0.0
1238,12.589057,12.002105,6.468000,7,0,6502.7027,-1000.0000,90.0000,0.0000,1,4.0,100.00,0.0,0.0,0.0,0.0
1239,12.887203,12.622367,6.281000,7,0,6509.2663,-1000.0000,90.0000,0.0000,1,4.0,100.00,0.0,0.0,0.0,0.0
1240,11.338731,12.851853,6.680000,7,0,6515.9493,-1000.0000,90.0000,0.0000,1,4.0,100.00,0.0,0.0,0.0,0.0
1241,11.111786,11.345791,6.210000,7,0,6521.8491,-1000.0000,90.0000,0.0000,1,4.0,100.00,0.0,0.0,0.0,0.0
1242,13.266871,11.103935,6.469000,7,0,6527.6231,-1000.0000,90.0000,0.0000,1,4.0,100.00,0.0,0.0,0.0,0.0
1243,10.450842,13.278542,6.469000,7,0,6534.5280,-1000.0000,90.0000,0.0000,1,4.0,100.00,0.0,0.0,0.0,0.0
1244,11.503414,10.427341,6.765000,7,0,6539.9502,-1000.0000,90.0000,0.0000,1,4.0,100.00,0.0,0.0,0.0,0.0
1245,11.693627,11.484534,6.197000,7,0,6545.9222,-1000.0000,90.0000,0.0000,1,4.0,100.00,0.0,0.0,0.0,0.0
1246,12.858113,11.692668,6.381000,7,0,6552.0023,-1000.0000,90.0000,0.0000,1,4.0,100.00,0.0,0.0,0.0,0.0
1247,11.570286,12.846342,6.173000,7,0,6558.6824,-1000.0000,90.0000,0.0000,1,4.0,100.00,0.0,0.0,0.0,0.0
1248,12.355342,11.599696,6.190000,7,0,6564.7143,-1000.0000,90.0000,0.0000,1,4.0,100.00,0.0,0.0,0.0,0.0
1249,12.371303,12.341372,6.341000,7,0,6571.1318,-1000.0000,90.0000,0.0000,1,4.0,100.00,0.0,0.0,0.0,0.0
1250,12.092136,12.369233,6.632000,7,0,6577.5638,-1000.0000,90.0000,0.0000,1,4.0,100.00,0.0,0.0,0.0,0.0
1251,11.092376,12.097176,6.155000,7,0,6583.8543,-1000.0000,90.0000,0.0000,1,4.0,100.00,0.0,0.0,0.0,0.0
1252,11.310839,11.095935,6.183000,7,0,6589.6242,-1000.0000,90.0000,0.0000,1,4.0,100.00,0.0,0.0,0.0,0.0
1253,11.607017,11.284420,6.238000,7,0,6595.4921,-1000.0000,90.0000,0.0000,1,4.0,100.00,0.0,0.0,0.0,0.0
1254,11.638986,11.606086,6.683000,7,0,6601.5273,-1000.0000,90.0000,0.0000,1,4.0,100.00,0.0,0.0,0.0,0.0
1255,12.655539,11.652087,6.272000,7,0,6607.5864,-1000.0000,90.0000,0.0000,1,4.0,100.00,0.0,0.0,0.0,0.0
1256,11.705679,12.666599,6.669000,7,0,6614.1730,-1000.0000,90.0000,0.0000,1,4.0,100.00,0.0,0.0,0.0,0.0
1257,11.282229,11.688188,6.261000,7,0,6620.2509,-1000.0000,90.0000,0.0000,1,4.0,100.00,0.0,0.0,0.0,0.0
1258,11.170267,11.293399,6.277000,7,0,6626.1234,-1000.0000,90.0000,0.0000,1,4.0,100.00,0.0,0.0,0.0,0.0
1259,11.490874,11.162767,6.406000,7,0,6631.9281,-1000.0000,90.0000,0.0000,1,4.0,100.00,0.0,0.0,0.0,0.0
1260,11.953843,11.607806,6.217000,7,0,6637.9641,-1000.0000,90.0000,0.0000,1,4.0,100.00,0.0,0.0,0.0,0.0
1261,12.251560,12.011185,6.498000,7,0,6644.2099,-1000.0000,90.0000,0.0000,1,4.0,100.00,0.0,0.0,0.0,0.0
1262,11.085555,12.218219,6.583000,7,0,6650.5634,-1000.0000,90.0000,0.0000,1,4.0,100.00,0.0,0.0,0.0,0.0
1263,11.743449,11.051065,6.363000,7,0,6656.3100,-1000.0000,90.0000,0.0000,1,4.0,100.00,0.0,0.0,0.0,0.0
1264,10.478392,11.778330,6.708000,7,0,6662.4347,-1000.0000,90.0000,0.0000,1,4.0,100.00,0.0,0.0,0.0,0.0
1265,11.725239,10.476462,6.360000,7,0,6667.8825,-1000.0000,90.0000,0.0000,1,4.0,100.00,0.0,0.0,0.0,0.0
1266,12.957045,11.722258,6.727000,7,0,6673.9780,-1000.0000,90.0000,0.0000,1,4.0,100.00,0.0,0.0,0.0,0.0
1267,11.347541,12.980796,6.479000,7,0,6680.7280,-1000.0000,90.0000,0.0000,1,4.0,100.00,0.0,0.0,0.0,0.0
1268,11.902962,11.323500,6.232000,7,0,6686.6163,-1000.0000,90.0000,0.0000,1,4.0,100.00,0.0,0.0,0.0,0.0
1269,11.020184,11.931063,6.297000,7,0,6692.8204,-1000.0000,90.0000,0.0000,1,4.0,100.00,0.0,0.0,0.0,0.0
1270,11.919223,11.059744,6.177000,7,0,6698.5715,-1000.0000,90.0000,0.0000,1,4.0,100.00,0.0,0.0,0.0,0.0
1271,11.971074,11.886873,6.653000,7,0,6704.7527,-1000.0000,90.0000,0.0000,1,4.0,100.00,0.0,0.0,0.0,0.0
1272,11.616266,11.965014,6.634000,7,0,6710.9745,-1000.0000,90.0000,0.0000,1,4.0,100.00,0.0,0.0,0.0,0.0
1273,11.541665,11.576416,6.418000,7,0,6716.9942,-1000.0000,90.0000,0.0000,1,4.0,100.00,0.0,0.0,0.0,0.0
1274,11.455313,11.529794,6.199000,7,0,6722.9897,-1000.0000,90.0000,0.0000,1,4.0,100.00,0.0,0.0,0.0,0.0
1275,12.423334,11.444333,6.375000,7,0,6728.9407,-1000.0000,90.0000,0.0000,1,4.0,100.00,0.0,0.0,0.0,0.0
1276,12.241759,12.411963,6.374000,7,0,6735.3950,-1000.0000,90.0000,0.0000,1,4.0,100.00,0.0,0.0,0.0,0.0
1277,12.670569,12.263070,6.506000,7,0,6741.7718,-1000.0000,90.0000,0.0000,1,4.0,100.00,0.0,0.0,0.0,0.0
1278,15.578620,12.672499,6.449000,7,0,6748.3615,-1000.0000,90.0000,0.0000,1,4.0,100.00,0.0,0.0,0.0,0.0
1279,14.093789,15.579261,6.237000,7,0,6756.4627,-1000.0000,90.0000,0.0000,1,4.0,100.00,0.0,0.0,0.0,0.0
1280,14.118630,14.089819,6.522000,7,0,6763.7894,-1000.0000,90.0000,0.0000,1,4.0,100.00,0.0,0.0,0.0,0.0
1281,15.138481,14.133289,6.735000,7,0,6771.1387,-1000.0000,90.0000,0.0000,1,4.0,100.00,0.0,0.0,0.0,0.0
1282,14.335834,15.181282,6.735000,7,0,6779.0330,-1000.0000,90.0000,0.0000,1,4.0,100.00,0.0,0.0,0.0,0.0
1283,14.078809,14.299393,6.670000,7,0,6786.4686,-1000.0000,90.0000,0.0000,1,4.0,100.00,0.0,0.0,0.0,0.0
1284,14.824445,14.055118,6.728000,7,0,6793.7773,-1000.0000,90.0000,0.0000,1,4.0,100.00,0.0,0.0,0.0,0.0
1285,14.308603,14.837005,6.563000,7,0,6801.4925,-1000.0000,90.0000,0.0000,1,4.0,100.00,0.0,0.0,0.0,0.0
1286,14.300414,14.301874,6.424000,7,0,6808.9295,-1000.0000,90.0000,0.0000,1,4.0,100.00,0.0,0.0,0.0,0.0
1287,14.396135,14.317294,6.345000,7,0,6816.3745,-1000.0000,90.0000,0.0000,1,4.0,100.00,0.0,0.0,0.0,0.0
1288,12.904194,14.389325,6.436000,7,0,6823.8570,-1000.0000,90.0000,0.0000,1,4.0,100.00,0.0,0.0,0.0,0.0
1289,14.663630,12.882593,6.452000,7,0,6830.5559,-1000.0000,90.0000,0.0000,1,4.0,100.00,0.0,0.0,0.0,0.0
1290,14.391116,14.792074,6.399000,7,0,6838.2478,-1000.0000,90.0000,0.0000,1,4.0,100.00,0.0,0.0,0.0,0.0
1291,12.742951,14.309444,6.379000,7,0,6845.6887,-1000.0000,90.0000,0.0000,1,4.0,100.00,0.0,0.0,0.0,0.0
1292,13.252561,12.802961,6.311000,7,0,6852.3462,-1000.0000,90.0000,0.0000,1,4.0,100.00,0.0,0.0,0.0,0.0
1293,12.169668,13.294652,6.216000,7,0,6859.2595,-1000.0000,90.0000,0.0000,1,4.0,100.00,0.0,0.0,0.0,0.0
1294,12.437963,12.109037,6.193000,7,0,6865.5562,-1000.0000,90.0000,0.0000,1,4.0,100.00,0.0,0.0,0.0,0.0
1295,12.303372,12.411084,6.247000,7,0,6872.0099,-1000.0000,90.0000,0.0000,1,4.0,100.00,0.0,0.0,0.0,0.0
1296,15.367195,12.321621,6.420000,7,0,6878.4172,-1000.0000,90.0000,0.0000,1,4.0,100.00,0.0,0.0,0.0,0.0
1297,12.747401,15.344775,6.338000,7,0,6886.3964,-1000.0000,90.0000,0.0000,1,4.0,100.00,0.0,0.0,0.0,0.0
1298,14.632890,12.723620,6.504000,7,0,6893.0127,-1000.0000,90.0000,0.0000,1,4.0,100.00,0.0,0.0,0.0,0.0
1299,13.118279,14.697052,6.406000,7,0,6900.6552,-1000.0000,90.0000,0.0000,1,4.0,100.00,0.0,0.0,0.0,0.0
1300,14.412215,13.088248,6.494000,7,0,6907.4611,-1000.0000,90.0000,0.0000,1,4.0,100.00,0.0,0.0,0.0,0.0
1301,12.802142,14.428166,6.699000,7,0,6914.9637,-1000.0000,90.0000,0.0000,1,4.0,100.00,0.0,0.0,0.0,0.0
1302,13.251321,12.871793,6.437000,7,0,6921.6571,-1000.0000,90.0000,0.0000,1,4.0,100.00,0.0,0.0,0.0,0.0
1303,11.922083,13.164459,6.281000,7,0,6928.5026,-1000.0000,90.0000,0.0000,1,4.0,100.00,0.0,0.0,0.0,0.0
1304,11.681398,11.886752,6.625000,7,0,6934.6837,-1000.0000,90.0000,0.0000,1,4.0,100.00,0.0,0.0,0.0,0.0
1305,11.357161,11.641508,6.393000,7,0,6940.7373,-1000.0000,90.0000,0.0000,1,4.0,100.00,0.0,0.0,0.0,0.0
1306,10.938422,11.441852,6.217000,7,0,6946.6870,-1000.0000,90.0000,0.0000,1,4.0,100.00,0.0,0.0,0.0,0.0
1307,13.237250,10.839070,6.519000,7,0,6952.3234,-1000.0000,90.0000,0.0000,1,4.0,100.00,0.0,0.0,0.0,0.0
1308,11.883353,13.269021,6.803000,7,0,6959.2232,-1000.0000,90.0000,0.0000,1,4.0,100.00,0.0,0.0,0.0,0.0
1309,13.372733,11.938453,6.198000,7,0,6965.4312,-1000.0000,90.0000,0.0000,1,4.0,100.00,0.0,0.0,0.0,0.0
1310,12.962995,13.423876,6.678000,7,0,6972.4117,-1000.0000,90.0000,0.0000,1,4.0,100.00,0.0,0.0,0.0,0.0
1311,13.012986,12.994275,6.225000,7,0,6979.1687,-1000.0000,90.0000,0.0000,1,4.0,100.00,0.0,0.0,0.0,0.0
1312,12.593288,13.011447,6.482000,7,0,6985.9346,-1000.0000,90.0000,0.0000,1,4.0,100.00,0.0,0.0,0.0,0.0
1313,12.442263,12.518175,6.265000,7,0,6992.4441,-1000.0000,90.0000,0.0000,1,4.0,100.00,0.0,0.0,0.0,0.0
1314,12.717840,12.474095,6.618000,7,0,6998.9306,-1000.0000,90.0000,0.0000,1,4.0,100.00,0.0,0.0,0.0,0.0
1315,12.699280,12.715559,6.566000,7,0,7005.5427,-1000.0000,90.0000,0.0000,1,4.0,100.00,0.0,0.0,0.0,0.0
1316,12.520065,12.693759,6.617000,7,0,7012.1435,-1000.0000,90.0000,0.0000,1,4.0,100.00,0.0,0.0,0.0,0.0
1317,12.281741,12.567527,6.574000,7,0,7018.6786,-1000.0000,90.0000,0.0000,1,4.0,100.00,0.0,0.0,0.0,0.0
1318,12.439194,12.193439,6.200000,8,1,7025.0192,-1000.0000,90.0000,0.0000,1,4.0,100.00,0.0,0.0,0.0,0.0
1319,197.983850,12.477294,6.576000,8,0,7031.1026,-1000.0000,90.0000,0.0000,1,4.0,100.00,0.0,0.0,0.0,0.0
1320,7.593232,197.919279,6.576000,8,0,7031.1026,-1000.0000,90.0000,0.0000,1,4.0,100.00,0.0,0.0,0.0,0.0
1321,6.064008,7.534120,6.874000,8,0,7031.1026,-1000.0000,90.0000,0.0000,1,4.0,100.00,0.0,0.0,0.0,0.0
1322,14.021508,5.996448,6.874000,8,0,7031.1026,-1000.0000,90.0000,0.0000,1,4.0,100.00,0.0,0.0,0.0,0.0
1323,15.024508,14.052658,6.276000,8,0,7031.1026,-1000.0000,90.0000,0.0000,1,4.0,100.00,0.0,0.0,0.0,0.0
1324,16.050071,15.032549,6.252000,8,0,7031.1026,-1000.0000,90.0000,0.0000,1,4.0,100.00,0.0,0.0,0.0,0.0
1325,15.128911,16.063440,6.513000,8,0,7031.1026,-1000.0000,90.0000,0.0000,1,4.0,100.00,0.0,0.0,0.0,0.0
1326,15.806015,15.119471,6.499000,8,0,7031.1026,-1000.0000,90.0000,0.0000,1,4.0,100.00,0.0,0.0,0.0,0.0
1327,15.673202,15.830816,6.238000,8,0,7031.1026,-1000.0000,90.0000,0.0000,1,4.0,100.00,0.0,0.0,0.0,0.0
1328,15.577701,15.691142,6.240000,8,0,7031.1026,-1000.0000,90.0000,0.0000,1,4.0,100.00,0.0,0.0,0.0,0.0
1329,15.837486,15.533470,6.409000,8,0,7031.1026,-1000.0000,90.0000,0.0000,1,4.0,100.00,0.0,0.0,0.0,0.0
1330,14.601339,15.857517,6.425000,8,0,7031.1026,-1000.0000,90.0000,0.0000,1,4.0,100.00,0.0,0.0,0.0,0.0
1331,15.721274,14.610269,6.498000,8,0,7031.1026,-1000.0000,90.0000,0.0000,1,4.0,100.00,0.0,0.0,0.0,0.0
1332,15.145231,15.702793,6.285000,8,0,7031.1026,-1000.0000,90.0000,0.0000,1,4.0,100.00,0.0,0.0,0.0,0.0
1333,14.668642,15.155322,6.426000,8,0,7031.1026,-1000.0000,90.0000,0.0000,1,4.0,100.00,0.0,0.0,0.0,0.0
1334,14.454816,14.701272,6.181000,8,0,7031.1026,-1000.0000,90.0000,0.0000,1,4.0,100.00,0.0,0.0,0.0,0.0
1335,14.840965,14.427556,6.180000,8,0,7031.1026,-1000.0000,90.0000,0.0000,1,4.0,100.00,0.0,0.0,0.0,0.0
1336,14.853165,14.816804,6.272000,8,0,7031.1026,-1000.0000,90.0000,0.0000,1,4.0,100.00,0.0,0.0,0.0,0.0
1337,12.739191,14.879196,6.181000,8,0,7031.1026,-1000.0000,90.0000,0.0000,1,4.0,100.00,0.0,0.0,0.0,0.0
1338,14.220351,12.758311,6.181000,8,0,7031.1026,-1000.0000,90.0000,0.0000,1,4.0,100.00,0.0,0.0,0.0,0.0
1339,15.255213,14.199091,6.435000,8,0,7031.1026,-1000.0000,90.0000,0.0000,1,4.0,100.00,0.0,0.0,0.0,0.0
1340,14.647612,15.247783,6.137000,8,0,7031.1026,-1000.0000,90.0000,0.0000,1,4.0,100.00,0.0,0.0,0.0,0.0
1341,14.941057,14.636051,6.430000,8,0,7031.1026,-1000.0000,90.0000,0.0000,1,4.0,100.00,0.0,0.0,0.0,0.0
1342,14.315403,14.954547,6.243000,8,0,7031.1026,-1000.0000,90.0000,0.0000,1,4.0,100.00,0.0,0.0,0.0,0.0
1343,15.601751,14.301163,6.233000,8,0,7031.1026,-1000.0000,90.0000,0.0000,1,4.0,100.00,0.0,0.0,0.0,0.0
1344,15.218653,15.632723,6.228000,8,0,7031.1026,-1000.0000,90.0000,0.0000,1,4.0,100.00,0.0,0.0,0.0,0.0
1345,15.238183,15.202082,6.427000,8,0,7031.1026,-1000.0000,90.0000,0.0000,1,4.0,100.00,0.0,0.0,0.0,0.0
1346,15.148811,15.236643,6.180000,8,0,7031.1026,-1000.0000,90.0000,0.0000,1,4.0,100.00,0.0,0.0,0.0,0.0
1347,15.676733,15.166121,6.302000,8,0,7031.1026,-1000.0000,90.0000,0.0000,1,4.0,100.00,0.0,0.0,0.0,0.0
1348,14.449896,15.654213,6.440000,8,0,7031.1026,-1000.0000,90.0000,0.0000,1,4.0,100.00,0.0,0.0,0.0,0.0
1349,14.606711,14.447846,6.436000,8,0,7031.1026,-1000.0000,90.0000,0.0000,1,4.0,100.00,0.0,0.0,0.0,0.0
1350,15.399196,14.608450,6.534000,8,0,7031.1026,-1000.0000,90.0000,0.0000,1,4.0,100.00,0.0,0.0,0.0,0.0
1351,14.838765,15.432668,6.502000,8,0,7031.1026,-1000.0000,90.0000,0.0000,1,4.0,100.00,0.0,0.0,0.0,0.0
1352,16.801127,14.843024,6.556000,8,0,7031.1026,-1000.0000,90.0000,0.0000,1,4.0,100.00,0.0,0.0,0.0,0.0
1353,15.593351,16.758286,6.604000,8,0,7031.1026,-1000.0000,90.0000,0.0000,1,4.0,100.00,0.0,0.0,0.0,0.0
1354,14.261002,15.594171,6.594000,8,0,7031.1026,-1000.0000,90.0000,0.0000,1,4.0,100.00,0.0,0.0,0.0,0.0
1355,14.949607,14.312594,6.208000,8,0,7031.1026,-1000.0000,90.0000,0.0000,1,4.0,100.00,0.0,0.0,0.0,0.0
1356,14.965018,14.960377,6.184000,8,0,7031.1026,-1000.0000,90.0000,0.0000,1,4.0,100.00,0.0,0.0,0.0,0.0
1357,16.389517,14.910317,6.175000,8,0,7031.1026,-1000.0000,90.0000,0.0000,1,4.0,100.00,0.0,0.0,0.0,0.0
1358,16.232705,16.383607,6.247000,8,0,7031.1026,-1000.0000,90.0000,0.0000,1,4.0,100.00,0.0,0.0,0.0,0.0
1359,14.495357,16.179763,6.212000,8,0,7031.1026,-1000.0000,90.0000,0.0000,1,4.0,100.00,0.0,0.0,0.0,0.0
1360,13.752783,14.504698,6.144000,8,0,7031.1026,-1000.0000,90.0000,0.0000,1,4.0,100.00,0.0,0.0,0.0,0.0
1361,14.601399,13.754702,6.234000,8,0,7031.1026,-1000.0000,90.0000,0.0000,1,4.0,100.00,0.0,0.0,0.0,0.0
1362,14.333923,14.767403,6.124000,8,0,7031.1026,-1000.0000,90.0000,0.0000,1,4.0,100.00,0.0,0.0,0.0,0.0
1363,13.838264,14.273613,6.286000,8,0,7031.1026,-1000.0000,90.0000,0.0000,1,4.0,100.00,0.0,0.0,0.0,0.0
1364,14.525069,13.832344,6.297000,8,0,7031.1026,-1000.0000,90.0000,0.0000,1,4.0,100.00,0.0,0.0,0.0,0.0
1365,15.020499,14.507387,6.290000,8,0,7031.1026,-1000.0000,90.0000,0.0000,1,4.0,100.00,0.0,0.0,0.0,0.0
1366,14.683860,15.036629,6.201000,8,0,7031.1026,-1000.0000,90.0000,0.0000,1,4.0,100.00,0.0,0.0,0.0,0.0
1367,14.442787,14.675112,6.175000,8,0,7031.1026,-1000.0000,90.0000,0.0000,1,4.0,100.00,0.0,0.0,0.0,0.0
1368,15.033629,14.454026,6.220000,8,0,7031.1026,-1000.0000,90.0000,0.0000,1,4.0,100.00,0.0,0.0,0.0,0.0
1369,14.302583,15.021729,6.172000,8,0,7031.1026,-1000.0000,90.0000,0.0000,1,4.0,100.00,0.0,0.0,0.0,0.0
1370,13.411446,14.298333,6.174000,8,0,7031.1026,-1000.0000,90.0000,0.0000,1,4.0,100.00,0.0,0.0,0.0,0.0
1371,14.995708,13.404425,6.157000,8,0,7031.1026,-1000.0000,90.0000,0.0000,1,4.0,100.00,0.0,0.0,0.0,0.0
1372,13.989667,15.061599,6.212000,8,0,7031.1026,-1000.0000,90.0000,0.0000,1,4.0,100.00,0.0,0.0,0.0,0.0
1373,13.906365,13.944866,6.249000,8,0,7031.1026,-1000.0000,90.0000,0.0000,1,4.0,100.00,0.0,0.0,0.0,0.0
1374,15.782554,13.911585,6.155000,8,0,7031.1026,-1000.0000,90.0000,0.0000,1,4.0,100.00,0.0,0.0,0.0,0.0
